,rpm_value,rpm_blade_1,rpm_blade_2,rpm_blade_3,orientation_heading,orientation_roll,orientation_pitch,temperature_value,magnetometer_mx,magnetometer_my,magnetometer_mz,gyroscope_gx,gyroscope_gy,gyroscope_gz,accelerometer_ax,accelerometer_ay,accelerometer_az,linear_acceleration_lx,linear_acceleration_ly,linear_acceleration_lz,gravity_grx,gravity_gry,gravity_grz,voltage_value,current_value,power_value,servo_value,speed_value,direction_value,pressure_value,humidity_value,altitude_value
2025-03-24 18:42:12.378000+00:00,62.85244171923267,,,,339.375,-0.625,-1.188,23.07,-136.062,-8.875,-14.25,-0.032,0.021,-0.057,-0.14,-0.24,9.24,-0.03,-0.44,-0.56,-0.1,0.2,9.8,1.91625,2.5,10.0,0.0,5.4,8.0,1016.68,66.82,-13.81
2025-03-24 18:42:13.378000+00:00,62.852572380125686,,,,339.375,-0.625,-1.188,23.07,-136.062,-8.875,-14.25,-0.032,0.021,-0.057,-0.14,-0.24,9.24,-0.03,-0.44,-0.56,-0.1,0.2,9.8,1.91625,2.5,10.0,0.0,5.4,8.0,1016.68,66.82,-13.81
2025-03-24 18:42:14.379000+00:00,62.51969831826631,,,,339.375,-0.625,-1.188,23.07,-136.062,-8.875,-14.25,-0.032,0.021,-0.057,-0.14,-0.24,9.24,-0.03,-0.44,-0.56,-0.1,0.2,9.8,1.91625,2.5,10.0,0.0,5.4,8.0,1016.68,66.82,-13.81
2025-03-24 18:42:15.380000+00:00,62.51951983708282,,,,339.375,-0.625,-1.188,23.07,-136.062,-8.875,-14.25,-0.032,0.021,-0.057,-0.14,-0.24,9.24,-0.03,-0.44,-0.56,-0.1,0.2,9.8,1.91625,2.5,10.0,0.0,5.4,8.0,1016.68,66.82,-13.81
2025-03-24 18:42:16.402000+00:00,62.519694295664024,,,,339.375,-0.625,-1.188,23.07,-136.062,-8.875,-14.25,-0.032,0.021,-0.057,-0.14,-0.24,9.24,-0.03,-0.44,-0.56,-0.1,0.2,9.8,1.91625,2.5,10.0,0.0,5.4,8.0,1016.68,66.82,-13.81
2025-03-24 18:42:17.553000+00:00,62.18707760613673,,,,339.375,-0.625,-1.188,23.07,-136.062,-8.875,-14.25,-0.032,0.021,-0.057,-0.14,-0.24,9.24,-0.03,-0.44,-0.56,-0.1,0.2,9.8,1.91625,2.5,10.0,0.0,5.4,8.0,1016.68,66.82,-13.81
2025-03-24 18:42:18.183000+00:00,62.51986592850843,,,,339.375,-0.625,-1.188,23.07,-136.062,-8.875,-14.25,-0.032,0.021,-0.057,-0.14,-0.24,9.24,-0.03,-0.44,-0.56,-0.1,0.2,9.8,1.91625,2.5,10.0,0.0,5.4,8.0,1016.68,66.82,-13.81
2025-03-24 18:42:19.197000+00:00,62.18689134722954,,,,339.375,-0.625,-1.188,23.07,-136.062,-8.875,-14.25,-0.032,0.021,-0.057,-0.14,-0.24,9.24,-0.03,-0.44,-0.56,-0.1,0.2,9.8,1.91625,2.5,10.0,0.0,5.4,8.0,1016.68,66.82,-13.81
2025-03-24 18:42:20.191000+00:00,62.186847796441135,,,,339.375,-0.625,-1.188,23.07,-136.062,-8.875,-14.25,-0.032,0.021,-0.057,-0.14,-0.24,9.24,-0.03,-0.44,-0.56,-0.1,0.2,9.8,1.91625,2.5,10.0,0.0,5.4,8.0,1016.68,66.82,-13.81
2025-03-24 18:42:21.158000+00:00,62.18694649282769,,,,339.375,-0.625,-1.188,23.07,-136.062,-8.875,-14.25,-0.032,0.021,-0.057,-0.14,-0.24,9.24,-0.03,-0.44,-0.56,-0.1,0.2,9.8,1.91625,2.5,10.0,0.0,5.4,8.0,1016.68,66.82,-13.81
2025-03-24 18:42:22.222000+00:00,61.854151342207636,,,,339.375,-0.625,-1.188,23.07,-136.062,-8.875,-14.25,-0.032,0.021,-0.057,-0.14,-0.24,9.24,-0.03,-0.44,-0.56,-0.1,0.2,9.8,1.91625,2.5,10.0,0.0,5.4,8.0,1016.68,66.82,-13.81
2025-03-24 18:42:23.288000+00:00,61.853983902241325,,,,339.375,-0.625,-1.188,23.07,-136.062,-8.875,-14.25,-0.032,0.021,-0.057,-0.14,-0.24,9.24,-0.03,-0.44,-0.56,-0.1,0.2,9.8,1.91625,2.5,10.0,0.0,5.4,8.0,1016.68,66.82,-13.81
2025-03-24 18:42:24.231000+00:00,63.27349171317591,,,,339.375,-0.625,-1.188,23.07,-136.062,-8.875,-14.25,-0.032,0.021,-0.057,-0.14,-0.24,9.24,-0.03,-0.44,-0.56,-0.1,0.2,9.8,1.91625,2.5,10.0,0.0,5.4,8.0,1016.68,66.82,-13.81
2025-03-24 18:42:25.213000+00:00,62.94035751752152,,,,339.375,-0.625,-1.188,23.07,-136.062,-8.875,-14.25,-0.032,0.021,-0.057,-0.14,-0.24,9.24,-0.03,-0.44,-0.56,-0.1,0.2,9.8,1.91625,2.5,10.0,0.0,5.4,8.0,1016.68,66.82,-13.81
2025-03-24 18:42:25.912000+00:00,62.940096641725006,,,,339.375,-0.625,-1.188,23.07,-136.062,-8.875,-14.25,-0.032,0.021,-0.057,-0.14,-0.24,9.24,-0.03,-0.44,-0.56,-0.1,0.2,9.8,1.91625,2.5,10.0,0.0,5.4,8.0,1016.68,66.82,-13.81
2025-03-24 18:42:26.901000+00:00,62.607045595761846,,,,339.375,-0.625,-1.188,23.07,-136.062,-8.875,-14.25,-0.032,0.021,-0.057,-0.14,-0.24,9.24,-0.03,-0.44,-0.56,-0.1,0.2,9.8,1.91625,2.5,10.0,0.0,5.4,8.0,1016.68,66.82,-13.81
2025-03-24 18:42:28.022000+00:00,62.607121274667804,,,,339.375,-0.625,-1.188,23.07,-136.062,-8.875,-14.25,-0.032,0.021,-0.057,-0.14,-0.24,9.24,-0.03,-0.44,-0.56,-0.1,0.2,9.8,1.91625,2.5,10.0,0.0,5.4,8.0,1016.68,66.82,-13.81
2025-03-24 18:42:29.109000+00:00,62.6080642625102,,,,339.375,-0.625,-1.188,23.07,-136.062,-8.875,-14.25,-0.032,0.021,-0.057,-0.14,-0.24,9.24,-0.03,-0.44,-0.56,-0.1,0.2,9.8,1.91625,2.5,10.0,0.0,5.4,8.0,1016.68,66.82,-13.81
2025-03-24 18:42:30.096000+00:00,62.27502069119985,,,,339.375,-0.625,-1.188,23.07,-136.062,-8.875,-14.25,-0.032,0.021,-0.057,-0.14,-0.24,9.24,-0.03,-0.44,-0.56,-0.1,0.2,9.8,1.91625,2.5,10.0,0.0,5.4,8.0,1016.68,66.82,-13.81
2025-03-24 18:42:31.051000+00:00,62.27502211919558,,,,339.375,-0.625,-1.188,23.07,-136.062,-8.875,-14.25,-0.032,0.021,-0.057,-0.14,-0.24,9.24,-0.03,-0.44,-0.56,-0.1,0.2,9.8,1.91625,2.5,10.0,0.0,5.4,8.0,1016.68,66.82,-13.81
2025-03-24 18:42:32.181000+00:00,62.275534203864616,,,,339.375,-0.625,-1.188,23.07,-136.062,-8.875,-14.25,-0.032,0.021,-0.057,-0.14,-0.24,9.24,-0.03,-0.44,-0.56,-0.1,0.2,9.8,1.91625,2.5,10.0,0.0,5.4,8.0,1016.68,66.82,-13.81
2025-03-24 18:42:33.361000+00:00,62.27567130294972,,,,339.375,-0.625,-1.188,23.07,-136.062,-8.875,-14.25,-0.032,0.021,-0.057,-0.14,-0.24,9.24,-0.03,-0.44,-0.56,-0.1,0.2,9.8,1.91625,2.5,10.0,0.0,5.4,8.0,1016.68,66.82,-13.81
2025-03-24 18:42:33.982000+00:00,62.27571485759745,,,,339.375,-0.625,-1.188,23.07,-136.062,-8.875,-14.25,-0.032,0.021,-0.057,-0.14,-0.24,9.24,-0.03,-0.44,-0.56,-0.1,0.2,9.8,1.91625,2.5,10.0,0.0,5.4,8.0,1016.68,66.82,-13.81
2025-03-24 18:42:34.597000+00:00,62.609023522991336,,,,339.375,-0.625,-1.188,23.07,-136.062,-8.875,-14.25,-0.032,0.021,-0.057,-0.14,-0.24,9.24,-0.03,-0.44,-0.56,-0.1,0.2,9.8,1.91625,2.5,10.0,0.0,5.4,8.0,1016.68,66.82,-13.81
2025-03-24 18:42:35.598000+00:00,62.276666606143955,,,,339.375,-0.625,-1.188,23.07,-136.062,-8.875,-14.25,-0.032,0.021,-0.057,-0.14,-0.24,9.24,-0.03,-0.44,-0.56,-0.1,0.2,9.8,1.91625,2.5,10.0,0.0,5.4,8.0,1016.68,66.82,-13.81
2025-03-24 18:42:36.510000+00:00,62.60962262044266,,,,339.375,-0.625,-1.188,23.07,-136.062,-8.875,-14.25,-0.032,0.021,-0.057,-0.14,-0.24,9.24,-0.03,-0.44,-0.56,-0.1,0.2,9.8,1.91625,2.5,10.0,0.0,5.4,8.0,1016.68,66.82,-13.81
2025-03-24 18:42:37.597000+00:00,62.60989495946027,,,,339.375,-0.625,-1.188,23.07,-136.062,-8.875,-14.25,-0.032,0.021,-0.057,-0.14,-0.24,9.24,-0.03,-0.44,-0.56,-0.1,0.2,9.8,1.91625,2.5,10.0,0.0,5.4,8.0,1016.68,66.82,-13.81
2025-03-24 18:42:38.760000+00:00,62.94309784288951,,,,339.375,-0.625,-1.188,23.07,-136.062,-8.875,-14.25,-0.032,0.021,-0.057,-0.14,-0.24,9.24,-0.03,-0.44,-0.56,-0.1,0.2,9.8,1.91625,2.5,10.0,0.0,5.4,8.0,1016.68,66.82,-13.81
2025-03-24 18:42:39.420000+00:00,62.94333346061292,,,,339.375,-0.625,-1.188,23.07,-136.062,-8.875,-14.25,-0.032,0.021,-0.057,-0.14,-0.24,9.24,-0.03,-0.44,-0.56,-0.1,0.2,9.8,1.91625,2.5,10.0,0.0,5.4,8.0,1016.68,66.82,-13.81
2025-03-24 18:42:40.250000+00:00,62.943060297427465,,,,339.375,-0.625,-1.188,23.07,-136.062,-8.875,-14.25,-0.032,0.021,-0.057,-0.14,-0.24,9.24,-0.03,-0.44,-0.56,-0.1,0.2,9.8,1.91625,2.5,10.0,0.0,5.4,8.0,1016.68,66.82,-13.81
2025-03-24 18:42:41.350000+00:00,62.943247371284556,,,,339.375,-0.625,-1.188,23.07,-136.062,-8.875,-14.25,-0.032,0.021,-0.057,-0.14,-0.24,9.24,-0.03,-0.44,-0.56,-0.1,0.2,9.8,1.91625,2.5,10.0,0.0,5.4,8.0,1016.68,66.82,-13.81
2025-03-24 18:42:42.360000+00:00,62.94342450565932,,,,339.375,-0.625,-1.188,23.07,-136.062,-8.875,-14.25,-0.032,0.021,-0.057,-0.14,-0.24,9.24,-0.03,-0.44,-0.56,-0.1,0.2,9.8,1.91625,2.5,10.0,0.0,5.4,8.0,1016.68,66.82,-13.81
2025-03-24 18:42:43.079000+00:00,63.27672758413719,,,,339.375,-0.625,-1.188,23.07,-136.062,-8.875,-14.25,-0.032,0.021,-0.057,-0.14,-0.24,9.24,-0.03,-0.44,-0.56,-0.1,0.2,9.8,1.91625,2.5,10.0,0.0,5.4,8.0,1016.68,66.82,-13.81
2025-03-24 18:42:45.069000+00:00,61.85723944629401,,,,339.375,-0.625,-1.188,23.07,-136.062,-8.875,-14.25,-0.032,0.021,-0.057,-0.14,-0.24,9.24,-0.03,-0.44,-0.56,-0.1,0.2,9.8,1.91625,2.5,10.0,0.0,5.4,8.0,1016.68,66.82,-13.81
2025-03-24 18:42:46.129000+00:00,61.85777358043089,,,,339.375,-0.625,-1.188,23.07,-136.062,-8.875,-14.25,-0.032,0.021,-0.057,-0.14,-0.24,9.24,-0.03,-0.44,-0.56,-0.1,0.2,9.8,1.91625,2.5,10.0,0.0,5.4,8.0,1016.68,66.82,-13.81
2025-03-24 18:42:46.759000+00:00,62.19084754464135,,,,339.375,-0.625,-1.188,23.07,-136.062,-8.875,-14.25,-0.032,0.021,-0.057,-0.14,-0.24,9.24,-0.03,-0.44,-0.56,-0.1,0.2,9.8,1.91625,2.5,10.0,0.0,5.4,8.0,1016.68,66.82,-13.81
2025-03-24 18:42:47.979000+00:00,62.19080042336414,,,,339.375,-0.625,-1.188,23.07,-136.062,-8.875,-14.25,-0.032,0.021,-0.057,-0.14,-0.24,9.24,-0.03,-0.44,-0.56,-0.1,0.2,9.8,1.91625,2.5,10.0,0.0,5.4,8.0,1016.68,66.82,-13.81
2025-03-24 18:42:48.609000+00:00,62.18994906698583,,,,339.375,-0.625,-1.188,23.07,-136.062,-8.875,-14.25,-0.032,0.021,-0.057,-0.14,-0.24,9.24,-0.03,-0.44,-0.56,-0.1,0.2,9.8,1.91625,2.5,10.0,0.0,5.4,8.0,1016.68,66.82,-13.81
2025-03-24 18:42:49.510000+00:00,62.52268854792686,,,,339.375,-0.625,-1.188,23.07,-136.062,-8.875,-14.25,-0.032,0.021,-0.057,-0.14,-0.24,9.24,-0.03,-0.44,-0.56,-0.1,0.2,9.8,1.91625,2.5,10.0,0.0,5.4,8.0,1016.68,66.82,-13.81
2025-03-24 18:42:50.553000+00:00,62.855441740594166,,,,339.375,-0.625,-1.188,23.07,-136.062,-8.875,-14.25,-0.032,0.021,-0.057,-0.14,-0.24,9.24,-0.03,-0.44,-0.56,-0.1,0.2,9.8,1.91625,2.5,10.0,0.0,5.4,8.0,1016.68,66.82,-13.81
2025-03-24 18:42:51.619000+00:00,62.52239146978525,,,,339.375,-0.625,-1.188,23.07,-136.062,-8.875,-14.25,-0.032,0.021,-0.057,-0.14,-0.24,9.24,-0.03,-0.44,-0.56,-0.1,0.2,9.8,1.91625,2.5,10.0,0.0,5.4,8.0,1016.68,66.82,-13.81
2025-03-24 18:42:52.439000+00:00,62.8550243082251,,,,339.375,-0.625,-1.188,23.07,-136.062,-8.875,-14.25,-0.032,0.021,-0.057,-0.14,-0.24,9.24,-0.03,-0.44,-0.56,-0.1,0.2,9.8,1.91625,2.5,10.0,0.0,5.4,8.0,1016.68,66.82,-13.81
2025-03-24 18:42:53.495000+00:00,62.85494077009709,,,,339.375,-0.625,-1.188,23.07,-136.062,-8.875,-14.25,-0.032,0.021,-0.057,-0.14,-0.24,9.24,-0.03,-0.44,-0.56,-0.1,0.2,9.8,1.91625,2.5,10.0,0.0,5.4,8.0,1016.68,66.82,-13.81
2025-03-24 18:42:54.470000+00:00,62.855177026849546,,,,339.375,-0.625,-1.188,23.07,-136.062,-8.875,-14.25,-0.032,0.021,-0.057,-0.14,-0.24,9.24,-0.03,-0.44,-0.56,-0.1,0.2,9.8,1.91625,2.5,10.0,0.0,5.4,8.0,1016.68,66.82,-13.81
2025-03-24 18:42:55.499000+00:00,63.18827868207236,,,,339.375,-0.625,-1.188,23.07,-136.062,-8.875,-14.25,-0.032,0.021,-0.057,-0.14,-0.24,9.24,-0.03,-0.44,-0.56,-0.1,0.2,9.8,1.91625,2.5,10.0,0.0,5.4,8.0,1016.68,66.82,-13.81
2025-03-24 18:42:57.208000+00:00,61.4356080497141,,,,339.375,-0.625,-1.188,23.07,-136.062,-8.875,-14.25,-0.032,0.021,-0.057,-0.14,-0.24,9.24,-0.03,-0.44,-0.56,-0.1,0.2,9.8,1.91625,2.5,10.0,0.0,5.4,8.0,1016.68,66.82,-13.81
2025-03-24 18:42:58.226000+00:00,61.4357922783827,,,,339.375,-0.625,-1.188,23.07,-136.062,-8.875,-14.25,-0.032,0.021,-0.057,-0.14,-0.24,9.24,-0.03,-0.44,-0.56,-0.1,0.2,9.8,1.91625,2.5,10.0,0.0,5.4,8.0,1016.68,66.82,-13.81
2025-03-24 18:42:58.818000+00:00,61.435634490930205,,,,339.375,-0.625,-1.188,23.07,-136.062,-8.875,-14.25,-0.032,0.021,-0.057,-0.14,-0.24,9.24,-0.03,-0.44,-0.56,-0.1,0.2,9.8,1.91625,2.5,10.0,0.0,5.4,8.0,1016.68,66.82,-13.81
2025-03-24 18:42:59.928000+00:00,61.435500969672226,,,,339.375,-0.625,-1.188,23.07,-136.062,-8.875,-14.25,-0.032,0.021,-0.057,-0.14,-0.24,9.24,-0.03,-0.44,-0.56,-0.1,0.2,9.8,1.91625,2.5,10.0,0.0,5.4,8.0,1016.68,66.82,-13.81
2025-03-24 18:43:00.720000+00:00,61.43616280675917,,,,339.375,-0.625,-1.188,23.07,-136.062,-8.875,-14.25,-0.032,0.021,-0.057,-0.14,-0.24,9.24,-0.03,-0.44,-0.56,-0.1,0.2,9.8,1.91625,2.5,10.0,0.0,5.4,8.0,1016.68,66.82,-13.81
2025-03-24 18:43:01.721000+00:00,61.43573228624928,,,,339.375,-0.625,-1.188,23.07,-136.062,-8.875,-14.25,-0.032,0.021,-0.057,-0.14,-0.24,9.24,-0.03,-0.44,-0.56,-0.1,0.2,9.8,1.91625,2.5,10.0,0.0,5.4,8.0,1016.68,66.82,-13.81
2025-03-24 18:43:02.699000+00:00,61.43571818531019,,,,339.375,-0.625,-1.188,23.07,-136.062,-8.875,-14.25,-0.032,0.021,-0.057,-0.14,-0.24,9.24,-0.03,-0.44,-0.56,-0.1,0.2,9.8,1.91625,2.5,10.0,0.0,5.4,8.0,1016.68,66.82,-13.81
2025-03-24 18:43:03.739000+00:00,61.10238512387899,,,,339.375,-0.625,-1.188,23.07,-136.062,-8.875,-14.25,-0.032,0.021,-0.057,-0.14,-0.24,9.24,-0.03,-0.44,-0.56,-0.1,0.2,9.8,1.91625,2.5,10.0,0.0,5.4,8.0,1016.68,66.82,-13.81
2025-03-24 18:43:04.739000+00:00,62.85440202633955,,,,339.375,-0.625,-1.188,23.07,-136.062,-8.875,-14.25,-0.032,0.021,-0.057,-0.14,-0.24,9.24,-0.03,-0.44,-0.56,-0.1,0.2,9.8,1.91625,2.5,10.0,0.0,5.4,8.0,1016.68,66.82,-13.81
2025-03-24 18:43:05.728000+00:00,62.52137514333212,,,,339.375,-0.625,-1.188,23.07,-136.062,-8.875,-14.25,-0.032,0.021,-0.057,-0.14,-0.24,9.24,-0.03,-0.44,-0.56,-0.1,0.2,9.8,1.91625,2.5,10.0,0.0,5.4,8.0,1016.68,66.82,-13.81
2025-03-24 18:43:06.758000+00:00,62.188376862931136,,,,339.375,-0.625,-1.188,23.07,-136.062,-8.875,-14.25,-0.032,0.021,-0.057,-0.14,-0.24,9.24,-0.03,-0.44,-0.56,-0.1,0.2,9.8,1.91625,2.5,10.0,0.0,5.4,8.0,1016.68,66.82,-13.81
2025-03-24 18:43:07.760000+00:00,62.52173798834593,,,,339.375,-0.625,-1.188,23.07,-136.062,-8.875,-14.25,-0.032,0.021,-0.057,-0.14,-0.24,9.24,-0.03,-0.44,-0.56,-0.1,0.2,9.8,1.91625,2.5,10.0,0.0,5.4,8.0,1016.68,66.82,-13.81
2025-03-24 18:43:08.858000+00:00,62.18938189330468,,,,339.375,-0.625,-1.188,23.07,-136.062,-8.875,-14.25,-0.032,0.021,-0.057,-0.14,-0.24,9.24,-0.03,-0.44,-0.56,-0.1,0.2,9.8,1.91625,2.5,10.0,0.0,5.4,8.0,1016.68,66.82,-13.81
2025-03-24 18:43:09.529000+00:00,61.8565610166461,,,,339.375,-0.625,-1.188,23.07,-136.062,-8.875,-14.25,-0.032,0.021,-0.057,-0.14,-0.24,9.24,-0.03,-0.44,-0.56,-0.1,0.2,9.8,1.91625,2.5,10.0,0.0,5.4,8.0,1016.68,66.82,-13.81
2025-03-24 18:43:11.378000+00:00,60.10415339230508,,,,339.375,-0.625,-1.188,23.07,-136.062,-8.875,-14.25,-0.032,0.021,-0.057,-0.14,-0.24,9.24,-0.03,-0.44,-0.56,-0.1,0.2,9.8,1.91625,2.5,10.0,0.0,5.4,8.0,1016.68,66.82,-13.81
2025-03-24 18:42:13.433000+00:00,60.10415339230508,,,,339.375,-0.625,-1.188,23.07,-136.062,-8.875,-14.25,-0.032,0.021,-0.057,-0.14,-0.24,9.24,-0.03,-0.44,-0.56,-0.1,0.2,9.8,1.91625,2.5,10.0,0.0,5.4,8.0,1016.68,66.82,-13.81
2025-03-24 18:42:14.432000+00:00,60.10415339230508,,,,339.375,-0.625,-1.25,23.07,-136.062,-8.875,-14.25,-0.032,0.021,-0.057,-0.14,-0.24,9.24,-0.03,-0.44,-0.56,-0.1,0.2,9.8,1.91625,2.5,10.0,0.0,5.4,8.0,1016.68,66.82,-13.81
2025-03-24 18:42:15.432000+00:00,60.10415339230508,,,,339.562,-0.625,-1.125,23.07,-136.062,-8.875,-14.25,-0.032,0.021,-0.057,-0.14,-0.24,9.24,-0.03,-0.44,-0.56,-0.1,0.2,9.8,1.91625,2.5,10.0,0.0,5.4,8.0,1016.68,66.82,-13.81
2025-03-24 18:42:16.461000+00:00,60.10415339230508,,,,339.5,-0.625,-1.188,23.07,-136.062,-8.875,-14.25,-0.032,0.021,-0.057,-0.14,-0.24,9.24,-0.03,-0.44,-0.56,-0.1,0.2,9.8,1.91625,2.5,10.0,0.0,5.4,8.0,1016.68,66.82,-13.81
2025-03-24 18:42:17.608000+00:00,60.10415339230508,,,,339.312,-0.562,-1.188,23.07,-136.062,-8.875,-14.25,-0.032,0.021,-0.057,-0.14,-0.24,9.24,-0.03,-0.44,-0.56,-0.1,0.2,9.8,1.91625,2.5,10.0,0.0,5.4,8.0,1016.68,66.82,-13.81
2025-03-24 18:42:18.713000+00:00,60.10415339230508,,,,339.375,-0.625,-1.312,23.07,-136.062,-8.875,-14.25,-0.032,0.021,-0.057,-0.14,-0.24,9.24,-0.03,-0.44,-0.56,-0.1,0.2,9.8,1.91625,2.5,10.0,0.0,5.4,8.0,1016.68,66.82,-13.81
2025-03-24 18:42:19.702000+00:00,60.10415339230508,,,,339.312,-0.625,-1.188,23.07,-136.062,-8.875,-14.25,-0.032,0.021,-0.057,-0.14,-0.24,9.24,-0.03,-0.44,-0.56,-0.1,0.2,9.8,1.91625,2.5,10.0,0.0,5.4,8.0,1016.68,66.82,-13.81
2025-03-24 18:42:20.758000+00:00,60.10415339230508,,,,339.312,-0.625,-1.375,23.07,-136.062,-8.875,-14.25,-0.032,0.021,-0.057,-0.14,-0.24,9.24,-0.03,-0.44,-0.56,-0.1,0.2,9.8,1.91625,2.5,10.0,0.0,5.4,8.0,1016.68,66.82,-13.81
2025-03-24 18:42:21.490000+00:00,60.10415339230508,,,,339.312,-0.625,-1.25,23.07,-136.062,-8.875,-14.25,-0.032,0.021,-0.057,-0.14,-0.24,9.24,-0.03,-0.44,-0.56,-0.1,0.2,9.8,1.91625,2.5,10.0,0.0,5.4,8.0,1016.68,66.82,-13.81
2025-03-24 18:42:22.498000+00:00,60.10415339230508,,,,339.312,-0.625,-1.312,23.07,-136.062,-8.875,-14.25,-0.032,0.021,-0.057,-0.14,-0.24,9.24,-0.03,-0.44,-0.56,-0.1,0.2,9.8,1.91625,2.5,10.0,0.0,5.4,8.0,1016.68,66.82,-13.81
2025-03-24 18:42:23.517000+00:00,60.10415339230508,,,,339.312,-0.625,-1.188,23.07,-136.062,-8.875,-14.25,-0.032,0.021,-0.057,-0.14,-0.24,9.24,-0.03,-0.44,-0.56,-0.1,0.2,9.8,1.91625,2.5,10.0,0.0,5.4,8.0,1016.68,66.82,-13.81
2025-03-24 18:42:24.517000+00:00,60.10415339230508,,,,339.312,-0.562,-1.312,23.07,-136.062,-8.875,-14.25,-0.032,0.021,-0.057,-0.14,-0.24,9.24,-0.03,-0.44,-0.56,-0.1,0.2,9.8,1.91625,2.5,10.0,0.0,5.4,8.0,1016.68,66.82,-13.81
2025-03-24 18:42:25.527000+00:00,60.10415339230508,,,,339.25,-0.625,-1.125,23.07,-136.062,-8.875,-14.25,-0.032,0.021,-0.057,-0.14,-0.24,9.24,-0.03,-0.44,-0.56,-0.1,0.2,9.8,1.91625,2.5,10.0,0.0,5.4,8.0,1016.68,66.82,-13.81
2025-03-24 18:42:26.538000+00:00,60.10415339230508,,,,339.25,-0.688,-1.125,23.07,-136.062,-8.875,-14.25,-0.032,0.021,-0.057,-0.14,-0.24,9.24,-0.03,-0.44,-0.56,-0.1,0.2,9.8,1.91625,2.5,10.0,0.0,5.4,8.0,1016.68,66.82,-13.81
2025-03-24 18:42:27.591000+00:00,60.10415339230508,,,,339.125,-0.75,-1.062,23.07,-136.062,-8.875,-14.25,-0.032,0.021,-0.057,-0.14,-0.24,9.24,-0.03,-0.44,-0.56,-0.1,0.2,9.8,1.91625,2.5,10.0,0.0,5.4,8.0,1016.68,66.82,-13.81
2025-03-24 18:42:28.721000+00:00,60.10415339230508,,,,339.188,-0.812,-0.938,23.07,-136.062,-8.875,-14.25,-0.032,0.021,-0.057,-0.14,-0.24,9.24,-0.03,-0.44,-0.56,-0.1,0.2,9.8,1.91625,2.5,10.0,0.0,5.4,8.0,1016.68,66.82,-13.81
2025-03-24 18:42:29.710000+00:00,60.10415339230508,,,,339.125,-0.812,-1.062,23.07,-136.062,-8.875,-14.25,-0.032,0.021,-0.057,-0.14,-0.24,9.24,-0.03,-0.44,-0.56,-0.1,0.2,9.8,1.91625,2.5,10.0,0.0,5.4,8.0,1016.68,66.82,-13.81
2025-03-24 18:42:30.691000+00:00,60.10415339230508,,,,339.062,-0.875,-1.062,23.07,-136.062,-8.875,-14.25,-0.032,0.021,-0.057,-0.14,-0.24,9.24,-0.03,-0.44,-0.56,-0.1,0.2,9.8,1.91625,2.5,10.0,0.0,5.4,8.0,1016.68,66.82,-13.81
2025-03-24 18:42:31.810000+00:00,60.10415339230508,,,,339.125,-1.062,-1.062,23.07,-136.062,-8.875,-14.25,-0.032,0.021,-0.057,-0.14,-0.24,9.24,-0.03,-0.44,-0.56,-0.1,0.2,9.8,1.91625,2.5,10.0,0.0,5.4,8.0,1016.68,66.82,-13.81
2025-03-24 18:42:32.598000+00:00,60.10415339230508,,,,339.062,-1.125,-1.062,23.07,-136.062,-8.875,-14.25,-0.032,0.021,-0.057,-0.14,-0.24,9.24,-0.03,-0.44,-0.56,-0.1,0.2,9.8,1.91625,2.5,10.0,0.0,5.4,8.0,1016.68,66.82,-13.81
2025-03-24 18:42:33.606000+00:00,60.10415339230508,,,,339.125,-0.875,-1.25,23.07,-136.062,-8.875,-14.25,-0.032,0.021,-0.057,-0.14,-0.24,9.24,-0.03,-0.44,-0.56,-0.1,0.2,9.8,1.91625,2.5,10.0,0.0,5.4,8.0,1016.68,66.82,-13.81
2025-03-24 18:42:34.657000+00:00,60.10415339230508,,,,338.938,-0.812,-1.188,23.07,-136.062,-8.875,-14.25,-0.032,0.021,-0.057,-0.14,-0.24,9.24,-0.03,-0.44,-0.56,-0.1,0.2,9.8,1.91625,2.5,10.0,0.0,5.4,8.0,1016.68,66.82,-13.81
2025-03-24 18:42:35.651000+00:00,60.10415339230508,,,,338.938,-0.875,-1.25,23.07,-136.062,-8.875,-14.25,-0.032,0.021,-0.057,-0.14,-0.24,9.24,-0.03,-0.44,-0.56,-0.1,0.2,9.8,1.91625,2.5,10.0,0.0,5.4,8.0,1016.68,66.82,-13.81
2025-03-24 18:42:36.633000+00:00,60.10415339230508,,,,338.875,-0.812,-1.312,23.07,-136.062,-8.875,-14.25,-0.032,0.021,-0.057,-0.14,-0.24,9.24,-0.03,-0.44,-0.56,-0.1,0.2,9.8,1.91625,2.5,10.0,0.0,5.4,8.0,1016.68,66.82,-13.81
2025-03-24 18:42:37.700000+00:00,60.10415339230508,,,,338.75,-0.812,-1.312,23.07,-136.062,-8.875,-14.25,-0.032,0.021,-0.057,-0.14,-0.24,9.24,-0.03,-0.44,-0.56,-0.1,0.2,9.8,1.91625,2.5,10.0,0.0,5.4,8.0,1016.68,66.82,-13.81
2025-03-24 18:42:38.810000+00:00,60.10415339230508,,,,338.812,-0.875,-1.188,23.07,-136.062,-8.875,-14.25,-0.032,0.021,-0.057,-0.14,-0.24,9.24,-0.03,-0.44,-0.56,-0.1,0.2,9.8,1.91625,2.5,10.0,0.0,5.4,8.0,1016.68,66.82,-13.81
2025-03-24 18:42:39.902000+00:00,60.10415339230508,,,,338.75,-0.812,-1.125,23.07,-136.062,-8.875,-14.25,-0.032,0.021,-0.057,-0.14,-0.24,9.24,-0.03,-0.44,-0.56,-0.1,0.2,9.8,1.91625,2.5,10.0,0.0,5.4,8.0,1016.68,66.82,-13.81
2025-03-24 18:42:40.686000+00:00,60.10415339230508,,,,338.688,-0.812,-1.125,23.07,-136.062,-8.875,-14.25,-0.032,0.021,-0.057,-0.14,-0.24,9.24,-0.03,-0.44,-0.56,-0.1,0.2,9.8,1.91625,2.5,10.0,0.0,5.4,8.0,1016.68,66.82,-13.81
2025-03-24 18:42:41.684000+00:00,60.10415339230508,,,,338.812,-0.75,-1.188,23.07,-136.062,-8.875,-14.25,-0.032,0.021,-0.057,-0.14,-0.24,9.24,-0.03,-0.44,-0.56,-0.1,0.2,9.8,1.91625,2.5,10.0,0.0,5.4,8.0,1016.68,66.82,-13.81
2025-03-24 18:42:42.694000+00:00,60.10415339230508,,,,338.75,-0.75,-1.125,23.07,-136.062,-8.875,-14.25,-0.032,0.021,-0.057,-0.14,-0.24,9.24,-0.03,-0.44,-0.56,-0.1,0.2,9.8,1.91625,2.5,10.0,0.0,5.4,8.0,1016.68,66.82,-13.81
2025-03-24 18:42:43.711000+00:00,60.10415339230508,,,,338.625,-0.75,-1.062,23.07,-136.062,-8.875,-14.25,-0.032,0.021,-0.057,-0.14,-0.24,9.24,-0.03,-0.44,-0.56,-0.1,0.2,9.8,1.91625,2.5,10.0,0.0,5.4,8.0,1016.68,66.82,-13.81
2025-03-24 18:42:44.711000+00:00,60.10415339230508,,,,338.562,-0.625,-1.0,23.07,-136.062,-8.875,-14.25,-0.032,0.021,-0.057,-0.14,-0.24,9.24,-0.03,-0.44,-0.56,-0.1,0.2,9.8,1.91625,2.5,10.0,0.0,5.4,8.0,1016.68,66.82,-13.81
2025-03-24 18:42:45.779000+00:00,60.10415339230508,,,,338.75,-0.562,-1.188,23.07,-136.062,-8.875,-14.25,-0.032,0.021,-0.057,-0.14,-0.24,9.24,-0.03,-0.44,-0.56,-0.1,0.2,9.8,1.91625,2.5,10.0,0.0,5.4,8.0,1016.68,66.82,-13.81
2025-03-24 18:42:46.811000+00:00,60.10415339230508,,,,338.562,-0.375,-1.25,23.07,-136.062,-8.875,-14.25,-0.032,0.021,-0.057,-0.14,-0.24,9.24,-0.03,-0.44,-0.56,-0.1,0.2,9.8,1.91625,2.5,10.0,0.0,5.4,8.0,1016.68,66.82,-13.81
2025-03-24 18:42:48.029000+00:00,60.10415339230508,,,,338.562,-0.438,-1.0,23.07,-136.062,-8.875,-14.25,-0.032,0.021,-0.057,-0.14,-0.24,9.24,-0.03,-0.44,-0.56,-0.1,0.2,9.8,1.91625,2.5,10.0,0.0,5.4,8.0,1016.68,66.82,-13.81
2025-03-24 18:42:48.960000+00:00,60.10415339230508,,,,338.562,-0.562,-1.0,23.07,-136.062,-8.875,-14.25,-0.032,0.021,-0.057,-0.14,-0.24,9.24,-0.03,-0.44,-0.56,-0.1,0.2,9.8,1.91625,2.5,10.0,0.0,5.4,8.0,1016.68,66.82,-13.81
2025-03-24 18:42:50.029000+00:00,60.10415339230508,,,,338.562,-0.5,-1.25,23.07,-136.062,-8.875,-14.25,-0.032,0.021,-0.057,-0.14,-0.24,9.24,-0.03,-0.44,-0.56,-0.1,0.2,9.8,1.91625,2.5,10.0,0.0,5.4,8.0,1016.68,66.82,-13.81
2025-03-24 18:42:50.766000+00:00,60.10415339230508,,,,338.5,-0.438,-1.125,23.07,-136.062,-8.875,-14.25,-0.032,0.021,-0.057,-0.14,-0.24,9.24,-0.03,-0.44,-0.56,-0.1,0.2,9.8,1.91625,2.5,10.0,0.0,5.4,8.0,1016.68,66.82,-13.81
2025-03-24 18:42:51.774000+00:00,60.10415339230508,,,,338.5,-0.5,-1.062,23.07,-136.062,-8.875,-14.25,-0.032,0.021,-0.057,-0.14,-0.24,9.24,-0.03,-0.44,-0.56,-0.1,0.2,9.8,1.91625,2.5,10.0,0.0,5.4,8.0,1016.68,66.82,-13.81
2025-03-24 18:42:52.787000+00:00,60.10415339230508,,,,338.562,-0.562,-1.312,23.07,-136.062,-8.875,-14.25,-0.032,0.021,-0.057,-0.14,-0.24,9.24,-0.03,-0.44,-0.56,-0.1,0.2,9.8,1.91625,2.5,10.0,0.0,5.4,8.0,1016.68,66.82,-13.81
2025-03-24 18:42:53.797000+00:00,60.10415339230508,,,,338.438,-0.5,-1.312,23.07,-136.062,-8.875,-14.25,-0.032,0.021,-0.057,-0.14,-0.24,9.24,-0.03,-0.44,-0.56,-0.1,0.2,9.8,1.91625,2.5,10.0,0.0,5.4,8.0,1016.68,66.82,-13.81
2025-03-24 18:42:54.807000+00:00,60.10415339230508,,,,338.375,-0.438,-1.312,23.07,-136.062,-8.875,-14.25,-0.032,0.021,-0.057,-0.14,-0.24,9.24,-0.03,-0.44,-0.56,-0.1,0.2,9.8,1.91625,2.5,10.0,0.0,5.4,8.0,1016.68,66.82,-13.81
2025-03-24 18:42:55.817000+00:00,60.10415339230508,,,,338.312,-0.5,-1.188,23.07,-136.062,-8.875,-14.25,-0.032,0.021,-0.057,-0.14,-0.24,9.24,-0.03,-0.44,-0.56,-0.1,0.2,9.8,1.91625,2.5,10.0,0.0,5.4,8.0,1016.68,66.82,-13.81
2025-03-24 18:42:56.827000+00:00,60.10415339230508,,,,338.312,-0.562,-1.312,23.07,-136.062,-8.875,-14.25,-0.032,0.021,-0.057,-0.14,-0.24,9.24,-0.03,-0.44,-0.56,-0.1,0.2,9.8,1.91625,2.5,10.0,0.0,5.4,8.0,1016.68,66.82,-13.81
2025-03-24 18:42:57.869000+00:00,60.10415339230508,,,,338.312,-0.5,-1.375,23.07,-136.062,-8.875,-14.25,-0.032,0.021,-0.057,-0.14,-0.24,9.24,-0.03,-0.44,-0.56,-0.1,0.2,9.8,1.91625,2.5,10.0,0.0,5.4,8.0,1016.68,66.82,-13.81
2025-03-24 18:42:58.871000+00:00,60.10415339230508,,,,338.188,-0.375,-1.312,23.07,-136.062,-8.875,-14.25,-0.032,0.021,-0.057,-0.14,-0.24,9.24,-0.03,-0.44,-0.56,-0.1,0.2,9.8,1.91625,2.5,10.0,0.0,5.4,8.0,1016.68,66.82,-13.81
2025-03-24 18:42:59.981000+00:00,60.10415339230508,,,,338.125,-0.5,-1.062,23.07,-136.062,-8.875,-14.25,-0.032,0.021,-0.057,-0.14,-0.24,9.24,-0.03,-0.44,-0.56,-0.1,0.2,9.8,1.91625,2.5,10.0,0.0,5.4,8.0,1016.68,66.82,-13.81
2025-03-24 18:43:01.078000+00:00,60.10415339230508,,,,338.125,-0.438,-1.0,23.07,-136.062,-8.875,-14.25,-0.032,0.021,-0.057,-0.14,-0.24,9.24,-0.03,-0.44,-0.56,-0.1,0.2,9.8,1.91625,2.5,10.0,0.0,5.4,8.0,1016.68,66.82,-13.81
2025-03-24 18:43:01.875000+00:00,60.10415339230508,,,,338.188,-0.5,-1.062,23.07,-136.062,-8.875,-14.25,-0.032,0.021,-0.057,-0.14,-0.24,9.24,-0.03,-0.44,-0.56,-0.1,0.2,9.8,1.91625,2.5,10.0,0.0,5.4,8.0,1016.68,66.82,-13.81
2025-03-24 18:43:02.886000+00:00,60.10415339230508,,,,338.125,-0.562,-1.188,23.07,-136.062,-8.875,-14.25,-0.032,0.021,-0.057,-0.14,-0.24,9.24,-0.03,-0.44,-0.56,-0.1,0.2,9.8,1.91625,2.5,10.0,0.0,5.4,8.0,1016.68,66.82,-13.81
2025-03-24 18:43:03.896000+00:00,60.10415339230508,,,,338.312,-0.5,-1.125,23.07,-136.062,-8.875,-14.25,-0.032,0.021,-0.057,-0.14,-0.24,9.24,-0.03,-0.44,-0.56,-0.1,0.2,9.8,1.91625,2.5,10.0,0.0,5.4,8.0,1016.68,66.82,-13.81
2025-03-24 18:43:04.907000+00:00,60.10415339230508,,,,338.125,-0.5,-1.062,23.07,-136.062,-8.875,-14.25,-0.032,0.021,-0.057,-0.14,-0.24,9.24,-0.03,-0.44,-0.56,-0.1,0.2,9.8,1.91625,2.5,10.0,0.0,5.4,8.0,1016.68,66.82,-13.81
2025-03-24 18:43:05.916000+00:00,60.10415339230508,,,,338.125,-0.562,-1.062,23.07,-136.062,-8.875,-14.25,-0.032,0.021,-0.057,-0.14,-0.24,9.24,-0.03,-0.44,-0.56,-0.1,0.2,9.8,1.91625,2.5,10.0,0.0,5.4,8.0,1016.68,66.82,-13.81
2025-03-24 18:43:06.923000+00:00,60.10415339230508,,,,338.125,-0.688,-1.062,23.07,-136.062,-8.875,-14.25,-0.032,0.021,-0.057,-0.14,-0.24,9.24,-0.03,-0.44,-0.56,-0.1,0.2,9.8,1.91625,2.5,10.0,0.0,5.4,8.0,1016.68,66.82,-13.81
2025-03-24 18:43:07.932000+00:00,60.10415339230508,,,,338.062,-0.688,-1.062,23.07,-136.062,-8.875,-14.25,-0.032,0.021,-0.057,-0.14,-0.24,9.24,-0.03,-0.44,-0.56,-0.1,0.2,9.8,1.91625,2.5,10.0,0.0,5.4,8.0,1016.68,66.82,-13.81
2025-03-24 18:43:08.943000+00:00,60.10415339230508,,,,338.25,-0.688,-1.125,23.07,-136.062,-8.875,-14.25,-0.032,0.021,-0.057,-0.14,-0.24,9.24,-0.03,-0.44,-0.56,-0.1,0.2,9.8,1.91625,2.5,10.0,0.0,5.4,8.0,1016.68,66.82,-13.81
2025-03-24 18:43:10.145000+00:00,60.10415339230508,,,,338.25,-0.625,-1.125,23.07,-136.062,-8.875,-14.25,-0.032,0.021,-0.057,-0.14,-0.24,9.24,-0.03,-0.44,-0.56,-0.1,0.2,9.8,1.91625,2.5,10.0,0.0,5.4,8.0,1016.68,66.82,-13.81
2025-03-24 18:43:10.988000+00:00,60.10415339230508,,,,338.125,-0.562,-1.125,23.07,-136.062,-8.875,-14.25,-0.032,0.021,-0.057,-0.14,-0.24,9.24,-0.03,-0.44,-0.56,-0.1,0.2,9.8,1.91625,2.5,10.0,0.0,5.4,8.0,1016.68,66.82,-13.81
2025-03-24 18:43:12.027000+00:00,60.10415339230508,,,,338.062,-0.562,-1.062,23.07,-136.062,-8.875,-14.25,-0.032,0.021,-0.057,-0.14,-0.24,9.24,-0.03,-0.44,-0.56,-0.1,0.2,9.8,1.91625,2.5,10.0,0.0,5.4,8.0,1016.68,66.82,-13.81
2025-03-24 18:42:12.873000+00:00,60.10415339230508,,,,338.062,-0.562,-1.062,23.07,-136.062,-8.875,-14.25,-0.032,0.021,-0.057,-0.14,-0.24,9.24,-0.03,-0.44,-0.56,-0.1,0.2,9.8,1.91625,2.5,10.0,0.0,5.4,8.0,1016.68,66.82,-13.81
2025-03-24 18:42:13.490000+00:00,60.10415339230508,,,,338.062,-0.562,-1.062,23.0,-136.062,-8.875,-14.25,-0.032,0.021,-0.057,-0.14,-0.24,9.24,-0.03,-0.44,-0.56,-0.1,0.2,9.8,1.91625,2.5,10.0,0.0,5.4,8.0,1016.68,66.82,-13.81
2025-03-24 18:42:13.928000+00:00,60.10415339230508,,,,338.062,-0.562,-1.062,23.07,-136.062,-8.875,-14.25,-0.032,0.021,-0.057,-0.14,-0.24,9.24,-0.03,-0.44,-0.56,-0.1,0.2,9.8,1.91625,2.5,10.0,0.0,5.4,8.0,1016.68,66.82,-13.81
2025-03-24 18:42:14.482000+00:00,60.10415339230508,,,,338.062,-0.562,-1.062,23.0,-136.062,-8.875,-14.25,-0.032,0.021,-0.057,-0.14,-0.24,9.24,-0.03,-0.44,-0.56,-0.1,0.2,9.8,1.91625,2.5,10.0,0.0,5.4,8.0,1016.68,66.82,-13.81
2025-03-24 18:42:14.908000+00:00,60.10415339230508,,,,338.062,-0.562,-1.062,23.07,-136.062,-8.875,-14.25,-0.032,0.021,-0.057,-0.14,-0.24,9.24,-0.03,-0.44,-0.56,-0.1,0.2,9.8,1.91625,2.5,10.0,0.0,5.4,8.0,1016.68,66.82,-13.81
2025-03-24 18:42:15.482000+00:00,60.10415339230508,,,,338.062,-0.562,-1.062,23.0,-136.062,-8.875,-14.25,-0.032,0.021,-0.057,-0.14,-0.24,9.24,-0.03,-0.44,-0.56,-0.1,0.2,9.8,1.91625,2.5,10.0,0.0,5.4,8.0,1016.68,66.82,-13.81
2025-03-24 18:42:16.033000+00:00,60.10415339230508,,,,338.062,-0.562,-1.062,23.07,-136.062,-8.875,-14.25,-0.032,0.021,-0.057,-0.14,-0.24,9.24,-0.03,-0.44,-0.56,-0.1,0.2,9.8,1.91625,2.5,10.0,0.0,5.4,8.0,1016.68,66.82,-13.81
2025-03-24 18:42:16.512000+00:00,60.10415339230508,,,,338.062,-0.562,-1.062,23.0,-136.062,-8.875,-14.25,-0.032,0.021,-0.057,-0.14,-0.24,9.24,-0.03,-0.44,-0.56,-0.1,0.2,9.8,1.91625,2.5,10.0,0.0,5.4,8.0,1016.68,66.82,-13.81
2025-03-24 18:42:17.182000+00:00,60.10415339230508,,,,338.062,-0.562,-1.062,23.07,-136.062,-8.875,-14.25,-0.032,0.021,-0.057,-0.14,-0.24,9.24,-0.03,-0.44,-0.56,-0.1,0.2,9.8,1.91625,2.5,10.0,0.0,5.4,8.0,1016.68,66.82,-13.81
2025-03-24 18:42:17.666000+00:00,60.10415339230508,,,,338.062,-0.562,-1.062,23.0,-136.062,-8.875,-14.25,-0.032,0.021,-0.057,-0.14,-0.24,9.24,-0.03,-0.44,-0.56,-0.1,0.2,9.8,1.91625,2.5,10.0,0.0,5.4,8.0,1016.68,66.82,-13.81
2025-03-24 18:42:18.491000+00:00,60.10415339230508,,,,338.062,-0.562,-1.062,23.07,-136.062,-8.875,-14.25,-0.032,0.021,-0.057,-0.14,-0.24,9.24,-0.03,-0.44,-0.56,-0.1,0.2,9.8,1.91625,2.5,10.0,0.0,5.4,8.0,1016.68,66.82,-13.81
2025-03-24 18:42:18.763000+00:00,60.10415339230508,,,,338.062,-0.562,-1.062,23.0,-136.062,-8.875,-14.25,-0.032,0.021,-0.057,-0.14,-0.24,9.24,-0.03,-0.44,-0.56,-0.1,0.2,9.8,1.91625,2.5,10.0,0.0,5.4,8.0,1016.68,66.82,-13.81
2025-03-24 18:42:19.502000+00:00,60.10415339230508,,,,338.062,-0.562,-1.062,23.07,-136.062,-8.875,-14.25,-0.032,0.021,-0.057,-0.14,-0.24,9.24,-0.03,-0.44,-0.56,-0.1,0.2,9.8,1.91625,2.5,10.0,0.0,5.4,8.0,1016.68,66.82,-13.81
2025-03-24 18:42:19.752000+00:00,60.10415339230508,,,,338.062,-0.562,-1.062,23.0,-136.062,-8.875,-14.25,-0.032,0.021,-0.057,-0.14,-0.24,9.24,-0.03,-0.44,-0.56,-0.1,0.2,9.8,1.91625,2.5,10.0,0.0,5.4,8.0,1016.68,66.82,-13.81
2025-03-24 18:42:20.528000+00:00,60.10415339230508,,,,338.062,-0.562,-1.062,23.07,-136.062,-8.875,-14.25,-0.032,0.021,-0.057,-0.14,-0.24,9.24,-0.03,-0.44,-0.56,-0.1,0.2,9.8,1.91625,2.5,10.0,0.0,5.4,8.0,1016.68,66.82,-13.81
2025-03-24 18:42:20.814000+00:00,60.10415339230508,,,,338.062,-0.562,-1.062,23.0,-136.062,-8.875,-14.25,-0.032,0.021,-0.057,-0.14,-0.24,9.24,-0.03,-0.44,-0.56,-0.1,0.2,9.8,1.91625,2.5,10.0,0.0,5.4,8.0,1016.68,66.82,-13.81
2025-03-24 18:42:21.543000+00:00,60.10415339230508,,,,338.062,-0.562,-1.062,23.0,-136.062,-8.875,-14.25,-0.032,0.021,-0.057,-0.14,-0.24,9.24,-0.03,-0.44,-0.56,-0.1,0.2,9.8,1.91625,2.5,10.0,0.0,5.4,8.0,1016.68,66.82,-13.81
2025-03-24 18:42:21.988000+00:00,60.10415339230508,,,,338.062,-0.562,-1.062,23.07,-136.062,-8.875,-14.25,-0.032,0.021,-0.057,-0.14,-0.24,9.24,-0.03,-0.44,-0.56,-0.1,0.2,9.8,1.91625,2.5,10.0,0.0,5.4,8.0,1016.68,66.82,-13.81
2025-03-24 18:42:22.552000+00:00,60.10415339230508,,,,338.062,-0.562,-1.062,23.0,-136.062,-8.875,-14.25,-0.032,0.021,-0.057,-0.14,-0.24,9.24,-0.03,-0.44,-0.56,-0.1,0.2,9.8,1.91625,2.5,10.0,0.0,5.4,8.0,1016.68,66.82,-13.81
2025-03-24 18:42:22.988000+00:00,60.10415339230508,,,,338.062,-0.562,-1.062,23.07,-136.062,-8.875,-14.25,-0.032,0.021,-0.057,-0.14,-0.24,9.24,-0.03,-0.44,-0.56,-0.1,0.2,9.8,1.91625,2.5,10.0,0.0,5.4,8.0,1016.68,66.82,-13.81
2025-03-24 18:42:23.571000+00:00,60.10415339230508,,,,338.062,-0.562,-1.062,23.0,-136.062,-8.875,-14.25,-0.032,0.021,-0.057,-0.14,-0.24,9.24,-0.03,-0.44,-0.56,-0.1,0.2,9.8,1.91625,2.5,10.0,0.0,5.4,8.0,1016.68,66.82,-13.81
2025-03-24 18:42:24.002000+00:00,60.10415339230508,,,,338.062,-0.562,-1.062,23.07,-136.062,-8.875,-14.25,-0.032,0.021,-0.057,-0.14,-0.24,9.24,-0.03,-0.44,-0.56,-0.1,0.2,9.8,1.91625,2.5,10.0,0.0,5.4,8.0,1016.68,66.82,-13.81
2025-03-24 18:42:24.565000+00:00,60.10415339230508,,,,338.062,-0.562,-1.062,23.0,-136.062,-8.875,-14.25,-0.032,0.021,-0.057,-0.14,-0.24,9.24,-0.03,-0.44,-0.56,-0.1,0.2,9.8,1.91625,2.5,10.0,0.0,5.4,8.0,1016.68,66.82,-13.81
2025-03-24 18:42:24.994000+00:00,60.10415339230508,,,,338.062,-0.562,-1.062,23.07,-136.062,-8.875,-14.25,-0.032,0.021,-0.057,-0.14,-0.24,9.24,-0.03,-0.44,-0.56,-0.1,0.2,9.8,1.91625,2.5,10.0,0.0,5.4,8.0,1016.68,66.82,-13.81
2025-03-24 18:42:25.581000+00:00,60.10415339230508,,,,338.062,-0.562,-1.062,23.0,-136.062,-8.875,-14.25,-0.032,0.021,-0.057,-0.14,-0.24,9.24,-0.03,-0.44,-0.56,-0.1,0.2,9.8,1.91625,2.5,10.0,0.0,5.4,8.0,1016.68,66.82,-13.81
2025-03-24 18:42:26.062000+00:00,60.10415339230508,,,,338.062,-0.562,-1.062,23.07,-136.062,-8.875,-14.25,-0.032,0.021,-0.057,-0.14,-0.24,9.24,-0.03,-0.44,-0.56,-0.1,0.2,9.8,1.91625,2.5,10.0,0.0,5.4,8.0,1016.68,66.82,-13.81
2025-03-24 18:42:26.591000+00:00,60.10415339230508,,,,338.062,-0.562,-1.062,23.0,-136.062,-8.875,-14.25,-0.032,0.021,-0.057,-0.14,-0.24,9.24,-0.03,-0.44,-0.56,-0.1,0.2,9.8,1.91625,2.5,10.0,0.0,5.4,8.0,1016.68,66.82,-13.81
2025-03-24 18:42:27.207000+00:00,60.10415339230508,,,,338.062,-0.562,-1.062,23.07,-136.062,-8.875,-14.25,-0.032,0.021,-0.057,-0.14,-0.24,9.24,-0.03,-0.44,-0.56,-0.1,0.2,9.8,1.91625,2.5,10.0,0.0,5.4,8.0,1016.68,66.82,-13.81
2025-03-24 18:42:27.652000+00:00,60.10415339230508,,,,338.062,-0.562,-1.062,23.0,-136.062,-8.875,-14.25,-0.032,0.021,-0.057,-0.14,-0.24,9.24,-0.03,-0.44,-0.56,-0.1,0.2,9.8,1.91625,2.5,10.0,0.0,5.4,8.0,1016.68,66.82,-13.81
2025-03-24 18:42:28.517000+00:00,60.10415339230508,,,,338.062,-0.562,-1.062,23.07,-136.062,-8.875,-14.25,-0.032,0.021,-0.057,-0.14,-0.24,9.24,-0.03,-0.44,-0.56,-0.1,0.2,9.8,1.91625,2.5,10.0,0.0,5.4,8.0,1016.68,66.82,-13.81
2025-03-24 18:42:28.781000+00:00,60.10415339230508,,,,338.062,-0.562,-1.062,23.0,-136.062,-8.875,-14.25,-0.032,0.021,-0.057,-0.14,-0.24,9.24,-0.03,-0.44,-0.56,-0.1,0.2,9.8,1.91625,2.5,10.0,0.0,5.4,8.0,1016.68,66.82,-13.81
2025-03-24 18:42:29.501000+00:00,60.10415339230508,,,,338.062,-0.562,-1.062,23.07,-136.062,-8.875,-14.25,-0.032,0.021,-0.057,-0.14,-0.24,9.24,-0.03,-0.44,-0.56,-0.1,0.2,9.8,1.91625,2.5,10.0,0.0,5.4,8.0,1016.68,66.82,-13.81
2025-03-24 18:42:29.768000+00:00,60.10415339230508,,,,338.062,-0.562,-1.062,23.0,-136.062,-8.875,-14.25,-0.032,0.021,-0.057,-0.14,-0.24,9.24,-0.03,-0.44,-0.56,-0.1,0.2,9.8,1.91625,2.5,10.0,0.0,5.4,8.0,1016.68,66.82,-13.81
2025-03-24 18:42:30.481000+00:00,60.10415339230508,,,,338.062,-0.562,-1.062,23.07,-136.062,-8.875,-14.25,-0.032,0.021,-0.057,-0.14,-0.24,9.24,-0.03,-0.44,-0.56,-0.1,0.2,9.8,1.91625,2.5,10.0,0.0,5.4,8.0,1016.68,66.82,-13.81
2025-03-24 18:42:30.748000+00:00,60.10415339230508,,,,338.062,-0.562,-1.062,23.0,-136.062,-8.875,-14.25,-0.032,0.021,-0.057,-0.14,-0.24,9.24,-0.03,-0.44,-0.56,-0.1,0.2,9.8,1.91625,2.5,10.0,0.0,5.4,8.0,1016.68,66.82,-13.81
2025-03-24 18:42:31.587000+00:00,60.10415339230508,,,,338.062,-0.562,-1.062,23.07,-136.062,-8.875,-14.25,-0.032,0.021,-0.057,-0.14,-0.24,9.24,-0.03,-0.44,-0.56,-0.1,0.2,9.8,1.91625,2.5,10.0,0.0,5.4,8.0,1016.68,66.82,-13.81
2025-03-24 18:42:31.862000+00:00,60.10415339230508,,,,338.062,-0.562,-1.062,23.0,-136.062,-8.875,-14.25,-0.032,0.021,-0.057,-0.14,-0.24,9.24,-0.03,-0.44,-0.56,-0.1,0.2,9.8,1.91625,2.5,10.0,0.0,5.4,8.0,1016.68,66.82,-13.81
2025-03-24 18:42:32.653000+00:00,60.10415339230508,,,,338.062,-0.562,-1.062,23.0,-136.062,-8.875,-14.25,-0.032,0.021,-0.057,-0.14,-0.24,9.24,-0.03,-0.44,-0.56,-0.1,0.2,9.8,1.91625,2.5,10.0,0.0,5.4,8.0,1016.68,66.82,-13.81
2025-03-24 18:42:33.097000+00:00,60.10415339230508,,,,338.062,-0.562,-1.062,23.07,-136.062,-8.875,-14.25,-0.032,0.021,-0.057,-0.14,-0.24,9.24,-0.03,-0.44,-0.56,-0.1,0.2,9.8,1.91625,2.5,10.0,0.0,5.4,8.0,1016.68,66.82,-13.81
2025-03-24 18:42:33.657000+00:00,60.10415339230508,,,,338.062,-0.562,-1.062,23.0,-136.062,-8.875,-14.25,-0.032,0.021,-0.057,-0.14,-0.24,9.24,-0.03,-0.44,-0.56,-0.1,0.2,9.8,1.91625,2.5,10.0,0.0,5.4,8.0,1016.68,66.82,-13.81
2025-03-24 18:42:34.157000+00:00,60.10415339230508,,,,338.062,-0.562,-1.062,23.07,-136.062,-8.875,-14.25,-0.032,0.021,-0.057,-0.14,-0.24,9.24,-0.03,-0.44,-0.56,-0.1,0.2,9.8,1.91625,2.5,10.0,0.0,5.4,8.0,1016.68,66.82,-13.81
2025-03-24 18:42:34.710000+00:00,60.10415339230508,,,,338.062,-0.562,-1.062,23.0,-136.062,-8.875,-14.25,-0.032,0.021,-0.057,-0.14,-0.24,9.24,-0.03,-0.44,-0.56,-0.1,0.2,9.8,1.91625,2.5,10.0,0.0,5.4,8.0,1016.68,66.82,-13.81
2025-03-24 18:42:35.120000+00:00,60.10415339230508,,,,338.062,-0.562,-1.062,23.07,-136.062,-8.875,-14.25,-0.032,0.021,-0.057,-0.14,-0.24,9.24,-0.03,-0.44,-0.56,-0.1,0.2,9.8,1.91625,2.5,10.0,0.0,5.4,8.0,1016.68,66.82,-13.81
2025-03-24 18:42:35.700000+00:00,60.10415339230508,,,,338.062,-0.562,-1.062,23.0,-136.062,-8.875,-14.25,-0.032,0.021,-0.057,-0.14,-0.24,9.24,-0.03,-0.44,-0.56,-0.1,0.2,9.8,1.91625,2.5,10.0,0.0,5.4,8.0,1016.68,66.82,-13.81
2025-03-24 18:42:36.137000+00:00,60.10415339230508,,,,338.062,-0.562,-1.062,23.07,-136.062,-8.875,-14.25,-0.032,0.021,-0.057,-0.14,-0.24,9.24,-0.03,-0.44,-0.56,-0.1,0.2,9.8,1.91625,2.5,10.0,0.0,5.4,8.0,1016.68,66.82,-13.81
2025-03-24 18:42:36.680000+00:00,60.10415339230508,,,,338.062,-0.562,-1.062,23.0,-136.062,-8.875,-14.25,-0.032,0.021,-0.057,-0.14,-0.24,9.24,-0.03,-0.44,-0.56,-0.1,0.2,9.8,1.91625,2.5,10.0,0.0,5.4,8.0,1016.68,66.82,-13.81
2025-03-24 18:42:37.201000+00:00,60.10415339230508,,,,338.062,-0.562,-1.062,23.07,-136.062,-8.875,-14.25,-0.032,0.021,-0.057,-0.14,-0.24,9.24,-0.03,-0.44,-0.56,-0.1,0.2,9.8,1.91625,2.5,10.0,0.0,5.4,8.0,1016.68,66.82,-13.81
2025-03-24 18:42:37.751000+00:00,60.10415339230508,,,,338.062,-0.562,-1.062,23.0,-136.062,-8.875,-14.25,-0.032,0.021,-0.057,-0.14,-0.24,9.24,-0.03,-0.44,-0.56,-0.1,0.2,9.8,1.91625,2.5,10.0,0.0,5.4,8.0,1016.68,66.82,-13.81
2025-03-24 18:42:38.361000+00:00,60.10415339230508,,,,338.062,-0.562,-1.062,23.07,-136.062,-8.875,-14.25,-0.032,0.021,-0.057,-0.14,-0.24,9.24,-0.03,-0.44,-0.56,-0.1,0.2,9.8,1.91625,2.5,10.0,0.0,5.4,8.0,1016.68,66.82,-13.81
2025-03-24 18:42:38.861000+00:00,60.10415339230508,,,,338.062,-0.562,-1.062,23.0,-136.062,-8.875,-14.25,-0.032,0.021,-0.057,-0.14,-0.24,9.24,-0.03,-0.44,-0.56,-0.1,0.2,9.8,1.91625,2.5,10.0,0.0,5.4,8.0,1016.68,66.82,-13.81
2025-03-24 18:42:39.701000+00:00,60.10415339230508,,,,338.062,-0.562,-1.062,23.07,-136.062,-8.875,-14.25,-0.032,0.021,-0.057,-0.14,-0.24,9.24,-0.03,-0.44,-0.56,-0.1,0.2,9.8,1.91625,2.5,10.0,0.0,5.4,8.0,1016.68,66.82,-13.81
2025-03-24 18:42:39.950000+00:00,60.10415339230508,,,,338.062,-0.562,-1.062,23.0,-136.062,-8.875,-14.25,-0.032,0.021,-0.057,-0.14,-0.24,9.24,-0.03,-0.44,-0.56,-0.1,0.2,9.8,1.91625,2.5,10.0,0.0,5.4,8.0,1016.68,66.82,-13.81
2025-03-24 18:42:40.748000+00:00,60.10415339230508,,,,338.062,-0.562,-1.062,23.0,-136.062,-8.875,-14.25,-0.032,0.021,-0.057,-0.14,-0.24,9.24,-0.03,-0.44,-0.56,-0.1,0.2,9.8,1.91625,2.5,10.0,0.0,5.4,8.0,1016.68,66.82,-13.81
2025-03-24 18:42:41.150000+00:00,60.10415339230508,,,,338.062,-0.562,-1.062,23.07,-136.062,-8.875,-14.25,-0.032,0.021,-0.057,-0.14,-0.24,9.24,-0.03,-0.44,-0.56,-0.1,0.2,9.8,1.91625,2.5,10.0,0.0,5.4,8.0,1016.68,66.82,-13.81
2025-03-24 18:42:41.738000+00:00,60.10415339230508,,,,338.062,-0.562,-1.062,23.0,-136.062,-8.875,-14.25,-0.032,0.021,-0.057,-0.14,-0.24,9.24,-0.03,-0.44,-0.56,-0.1,0.2,9.8,1.91625,2.5,10.0,0.0,5.4,8.0,1016.68,66.82,-13.81
2025-03-24 18:42:42.159000+00:00,60.10415339230508,,,,338.062,-0.562,-1.062,23.07,-136.062,-8.875,-14.25,-0.032,0.021,-0.057,-0.14,-0.24,9.24,-0.03,-0.44,-0.56,-0.1,0.2,9.8,1.91625,2.5,10.0,0.0,5.4,8.0,1016.68,66.82,-13.81
2025-03-24 18:42:42.746000+00:00,60.10415339230508,,,,338.062,-0.562,-1.062,23.0,-136.062,-8.875,-14.25,-0.032,0.021,-0.057,-0.14,-0.24,9.24,-0.03,-0.44,-0.56,-0.1,0.2,9.8,1.91625,2.5,10.0,0.0,5.4,8.0,1016.68,66.82,-13.81
2025-03-24 18:42:43.240000+00:00,60.10415339230508,,,,338.062,-0.562,-1.062,23.07,-136.062,-8.875,-14.25,-0.032,0.021,-0.057,-0.14,-0.24,9.24,-0.03,-0.44,-0.56,-0.1,0.2,9.8,1.91625,2.5,10.0,0.0,5.4,8.0,1016.68,66.82,-13.81
2025-03-24 18:42:43.759000+00:00,60.10415339230508,,,,338.062,-0.562,-1.062,23.0,-136.062,-8.875,-14.25,-0.032,0.021,-0.057,-0.14,-0.24,9.24,-0.03,-0.44,-0.56,-0.1,0.2,9.8,1.91625,2.5,10.0,0.0,5.4,8.0,1016.68,66.82,-13.81
2025-03-24 18:42:44.270000+00:00,60.10415339230508,,,,338.062,-0.562,-1.062,23.07,-136.062,-8.875,-14.25,-0.032,0.021,-0.057,-0.14,-0.24,9.24,-0.03,-0.44,-0.56,-0.1,0.2,9.8,1.91625,2.5,10.0,0.0,5.4,8.0,1016.68,66.82,-13.81
2025-03-24 18:42:44.760000+00:00,60.10415339230508,,,,338.062,-0.562,-1.062,23.0,-136.062,-8.875,-14.25,-0.032,0.021,-0.057,-0.14,-0.24,9.24,-0.03,-0.44,-0.56,-0.1,0.2,9.8,1.91625,2.5,10.0,0.0,5.4,8.0,1016.68,66.82,-13.81
2025-03-24 18:42:45.560000+00:00,60.10415339230508,,,,338.062,-0.562,-1.062,23.07,-136.062,-8.875,-14.25,-0.032,0.021,-0.057,-0.14,-0.24,9.24,-0.03,-0.44,-0.56,-0.1,0.2,9.8,1.91625,2.5,10.0,0.0,5.4,8.0,1016.68,66.82,-13.81
2025-03-24 18:42:45.829000+00:00,60.10415339230508,,,,338.062,-0.562,-1.062,23.0,-136.062,-8.875,-14.25,-0.032,0.021,-0.057,-0.14,-0.24,9.24,-0.03,-0.44,-0.56,-0.1,0.2,9.8,1.91625,2.5,10.0,0.0,5.4,8.0,1016.68,66.82,-13.81
2025-03-24 18:42:46.560000+00:00,60.10415339230508,,,,338.062,-0.562,-1.062,23.07,-136.062,-8.875,-14.25,-0.032,0.021,-0.057,-0.14,-0.24,9.24,-0.03,-0.44,-0.56,-0.1,0.2,9.8,1.91625,2.5,10.0,0.0,5.4,8.0,1016.68,66.82,-13.81
2025-03-24 18:42:46.860000+00:00,60.10415339230508,,,,338.062,-0.562,-1.062,23.0,-136.062,-8.875,-14.25,-0.032,0.021,-0.057,-0.14,-0.24,9.24,-0.03,-0.44,-0.56,-0.1,0.2,9.8,1.91625,2.5,10.0,0.0,5.4,8.0,1016.68,66.82,-13.81
2025-03-24 18:42:47.730000+00:00,60.10415339230508,,,,338.062,-0.562,-1.062,23.07,-136.062,-8.875,-14.25,-0.032,0.021,-0.057,-0.14,-0.24,9.24,-0.03,-0.44,-0.56,-0.1,0.2,9.8,1.91625,2.5,10.0,0.0,5.4,8.0,1016.68,66.82,-13.81
2025-03-24 18:42:48.086000+00:00,60.10415339230508,,,,338.062,-0.562,-1.062,23.0,-136.062,-8.875,-14.25,-0.032,0.021,-0.057,-0.14,-0.24,9.24,-0.03,-0.44,-0.56,-0.1,0.2,9.8,1.91625,2.5,10.0,0.0,5.4,8.0,1016.68,66.82,-13.81
2025-03-24 18:42:48.759000+00:00,60.10415339230508,,,,338.062,-0.562,-1.062,23.07,-136.062,-8.875,-14.25,-0.032,0.021,-0.057,-0.14,-0.24,9.24,-0.03,-0.44,-0.56,-0.1,0.2,9.8,1.91625,2.5,10.0,0.0,5.4,8.0,1016.68,66.82,-13.81
2025-03-24 18:42:49.010000+00:00,60.10415339230508,,,,338.062,-0.562,-1.062,23.0,-136.062,-8.875,-14.25,-0.032,0.021,-0.057,-0.14,-0.24,9.24,-0.03,-0.44,-0.56,-0.1,0.2,9.8,1.91625,2.5,10.0,0.0,5.4,8.0,1016.68,66.82,-13.81
2025-03-24 18:42:49.809000+00:00,60.10415339230508,,,,338.062,-0.562,-1.062,23.07,-136.062,-8.875,-14.25,-0.032,0.021,-0.057,-0.14,-0.24,9.24,-0.03,-0.44,-0.56,-0.1,0.2,9.8,1.91625,2.5,10.0,0.0,5.4,8.0,1016.68,66.82,-13.81
2025-03-24 18:42:50.079000+00:00,60.10415339230508,,,,338.062,-0.562,-1.062,23.0,-136.062,-8.875,-14.25,-0.032,0.021,-0.057,-0.14,-0.24,9.24,-0.03,-0.44,-0.56,-0.1,0.2,9.8,1.91625,2.5,10.0,0.0,5.4,8.0,1016.68,66.82,-13.81
2025-03-24 18:42:50.824000+00:00,60.10415339230508,,,,338.062,-0.562,-1.062,23.0,-136.062,-8.875,-14.25,-0.032,0.021,-0.057,-0.14,-0.24,9.24,-0.03,-0.44,-0.56,-0.1,0.2,9.8,1.91625,2.5,10.0,0.0,5.4,8.0,1016.68,66.82,-13.81
2025-03-24 18:42:51.258000+00:00,60.10415339230508,,,,338.062,-0.562,-1.062,23.07,-136.062,-8.875,-14.25,-0.032,0.021,-0.057,-0.14,-0.24,9.24,-0.03,-0.44,-0.56,-0.1,0.2,9.8,1.91625,2.5,10.0,0.0,5.4,8.0,1016.68,66.82,-13.81
2025-03-24 18:42:51.821000+00:00,60.10415339230508,,,,338.062,-0.562,-1.062,23.0,-136.062,-8.875,-14.25,-0.032,0.021,-0.057,-0.14,-0.24,9.24,-0.03,-0.44,-0.56,-0.1,0.2,9.8,1.91625,2.5,10.0,0.0,5.4,8.0,1016.68,66.82,-13.81
2025-03-24 18:42:52.229000+00:00,60.10415339230508,,,,338.062,-0.562,-1.062,23.07,-136.062,-8.875,-14.25,-0.032,0.021,-0.057,-0.14,-0.24,9.24,-0.03,-0.44,-0.56,-0.1,0.2,9.8,1.91625,2.5,10.0,0.0,5.4,8.0,1016.68,66.82,-13.81
2025-03-24 18:42:52.839000+00:00,60.10415339230508,,,,338.062,-0.562,-1.062,23.0,-136.062,-8.875,-14.25,-0.032,0.021,-0.057,-0.14,-0.24,9.24,-0.03,-0.44,-0.56,-0.1,0.2,9.8,1.91625,2.5,10.0,0.0,5.4,8.0,1016.68,66.82,-13.81
2025-03-24 18:42:53.265000+00:00,60.10415339230508,,,,338.062,-0.562,-1.062,23.07,-136.062,-8.875,-14.25,-0.032,0.021,-0.057,-0.14,-0.24,9.24,-0.03,-0.44,-0.56,-0.1,0.2,9.8,1.91625,2.5,10.0,0.0,5.4,8.0,1016.68,66.82,-13.81
2025-03-24 18:42:53.851000+00:00,60.10415339230508,,,,338.062,-0.562,-1.062,23.0,-136.062,-8.875,-14.25,-0.032,0.021,-0.057,-0.14,-0.24,9.24,-0.03,-0.44,-0.56,-0.1,0.2,9.8,1.91625,2.5,10.0,0.0,5.4,8.0,1016.68,66.82,-13.81
2025-03-24 18:42:54.255000+00:00,60.10415339230508,,,,338.062,-0.562,-1.062,23.07,-136.062,-8.875,-14.25,-0.032,0.021,-0.057,-0.14,-0.24,9.24,-0.03,-0.44,-0.56,-0.1,0.2,9.8,1.91625,2.5,10.0,0.0,5.4,8.0,1016.68,66.82,-13.81
2025-03-24 18:42:54.861000+00:00,60.10415339230508,,,,338.062,-0.562,-1.062,23.0,-136.062,-8.875,-14.25,-0.032,0.021,-0.057,-0.14,-0.24,9.24,-0.03,-0.44,-0.56,-0.1,0.2,9.8,1.91625,2.5,10.0,0.0,5.4,8.0,1016.68,66.82,-13.81
2025-03-24 18:42:55.295000+00:00,60.10415339230508,,,,338.062,-0.562,-1.062,23.07,-136.062,-8.875,-14.25,-0.032,0.021,-0.057,-0.14,-0.24,9.24,-0.03,-0.44,-0.56,-0.1,0.2,9.8,1.91625,2.5,10.0,0.0,5.4,8.0,1016.68,66.82,-13.81
2025-03-24 18:42:55.869000+00:00,60.10415339230508,,,,338.062,-0.562,-1.062,23.0,-136.062,-8.875,-14.25,-0.032,0.021,-0.057,-0.14,-0.24,9.24,-0.03,-0.44,-0.56,-0.1,0.2,9.8,1.91625,2.5,10.0,0.0,5.4,8.0,1016.68,66.82,-13.81
2025-03-24 18:42:56.289000+00:00,60.10415339230508,,,,338.062,-0.562,-1.062,23.07,-136.062,-8.875,-14.25,-0.032,0.021,-0.057,-0.14,-0.24,9.24,-0.03,-0.44,-0.56,-0.1,0.2,9.8,1.91625,2.5,10.0,0.0,5.4,8.0,1016.68,66.82,-13.81
2025-03-24 18:42:56.882000+00:00,60.10415339230508,,,,338.062,-0.562,-1.062,23.0,-136.062,-8.875,-14.25,-0.032,0.021,-0.057,-0.14,-0.24,9.24,-0.03,-0.44,-0.56,-0.1,0.2,9.8,1.91625,2.5,10.0,0.0,5.4,8.0,1016.68,66.82,-13.81
2025-03-24 18:42:57.418000+00:00,60.10415339230508,,,,338.062,-0.562,-1.062,23.07,-136.062,-8.875,-14.25,-0.032,0.021,-0.057,-0.14,-0.24,9.24,-0.03,-0.44,-0.56,-0.1,0.2,9.8,1.91625,2.5,10.0,0.0,5.4,8.0,1016.68,66.82,-13.81
2025-03-24 18:42:57.919000+00:00,60.10415339230508,,,,338.062,-0.562,-1.062,23.0,-136.062,-8.875,-14.25,-0.032,0.021,-0.057,-0.14,-0.24,9.24,-0.03,-0.44,-0.56,-0.1,0.2,9.8,1.91625,2.5,10.0,0.0,5.4,8.0,1016.68,66.82,-13.81
2025-03-24 18:42:58.588000+00:00,60.10415339230508,,,,338.062,-0.562,-1.062,23.07,-136.062,-8.875,-14.25,-0.032,0.021,-0.057,-0.14,-0.24,9.24,-0.03,-0.44,-0.56,-0.1,0.2,9.8,1.91625,2.5,10.0,0.0,5.4,8.0,1016.68,66.82,-13.81
2025-03-24 18:42:58.919000+00:00,60.10415339230508,,,,338.062,-0.562,-1.062,23.0,-136.062,-8.875,-14.25,-0.032,0.021,-0.057,-0.14,-0.24,9.24,-0.03,-0.44,-0.56,-0.1,0.2,9.8,1.91625,2.5,10.0,0.0,5.4,8.0,1016.68,66.82,-13.81
2025-03-24 18:42:59.719000+00:00,60.10415339230508,,,,338.062,-0.562,-1.062,23.07,-136.062,-8.875,-14.25,-0.032,0.021,-0.057,-0.14,-0.24,9.24,-0.03,-0.44,-0.56,-0.1,0.2,9.8,1.91625,2.5,10.0,0.0,5.4,8.0,1016.68,66.82,-13.81
2025-03-24 18:43:00.029000+00:00,60.10415339230508,,,,338.062,-0.562,-1.062,23.0,-136.062,-8.875,-14.25,-0.032,0.021,-0.057,-0.14,-0.24,9.24,-0.03,-0.44,-0.56,-0.1,0.2,9.8,1.91625,2.5,10.0,0.0,5.4,8.0,1016.68,66.82,-13.81
2025-03-24 18:43:00.875000+00:00,60.10415339230508,,,,338.062,-0.562,-1.062,23.07,-136.062,-8.875,-14.25,-0.032,0.021,-0.057,-0.14,-0.24,9.24,-0.03,-0.44,-0.56,-0.1,0.2,9.8,1.91625,2.5,10.0,0.0,5.4,8.0,1016.68,66.82,-13.81
2025-03-24 18:43:01.138000+00:00,60.10415339230508,,,,338.062,-0.562,-1.062,23.0,-136.062,-8.875,-14.25,-0.032,0.021,-0.057,-0.14,-0.24,9.24,-0.03,-0.44,-0.56,-0.1,0.2,9.8,1.91625,2.5,10.0,0.0,5.4,8.0,1016.68,66.82,-13.81
2025-03-24 18:43:01.931000+00:00,60.10415339230508,,,,338.062,-0.562,-1.062,23.0,-136.062,-8.875,-14.25,-0.032,0.021,-0.057,-0.14,-0.24,9.24,-0.03,-0.44,-0.56,-0.1,0.2,9.8,1.91625,2.5,10.0,0.0,5.4,8.0,1016.68,66.82,-13.81
2025-03-24 18:43:02.338000+00:00,60.10415339230508,,,,338.062,-0.562,-1.062,23.07,-136.062,-8.875,-14.25,-0.032,0.021,-0.057,-0.14,-0.24,9.24,-0.03,-0.44,-0.56,-0.1,0.2,9.8,1.91625,2.5,10.0,0.0,5.4,8.0,1016.68,66.82,-13.81
2025-03-24 18:43:02.938000+00:00,60.10415339230508,,,,338.062,-0.562,-1.062,23.0,-136.062,-8.875,-14.25,-0.032,0.021,-0.057,-0.14,-0.24,9.24,-0.03,-0.44,-0.56,-0.1,0.2,9.8,1.91625,2.5,10.0,0.0,5.4,8.0,1016.68,66.82,-13.81
2025-03-24 18:43:03.368000+00:00,60.10415339230508,,,,338.062,-0.562,-1.062,23.07,-136.062,-8.875,-14.25,-0.032,0.021,-0.057,-0.14,-0.24,9.24,-0.03,-0.44,-0.56,-0.1,0.2,9.8,1.91625,2.5,10.0,0.0,5.4,8.0,1016.68,66.82,-13.81
2025-03-24 18:43:03.948000+00:00,60.10415339230508,,,,338.062,-0.562,-1.062,23.0,-136.062,-8.875,-14.25,-0.032,0.021,-0.057,-0.14,-0.24,9.24,-0.03,-0.44,-0.56,-0.1,0.2,9.8,1.91625,2.5,10.0,0.0,5.4,8.0,1016.68,66.82,-13.81
2025-03-24 18:43:04.378000+00:00,60.10415339230508,,,,338.062,-0.562,-1.062,23.07,-136.062,-8.875,-14.25,-0.032,0.021,-0.057,-0.14,-0.24,9.24,-0.03,-0.44,-0.56,-0.1,0.2,9.8,1.91625,2.5,10.0,0.0,5.4,8.0,1016.68,66.82,-13.81
2025-03-24 18:43:04.965000+00:00,60.10415339230508,,,,338.062,-0.562,-1.062,23.0,-136.062,-8.875,-14.25,-0.032,0.021,-0.057,-0.14,-0.24,9.24,-0.03,-0.44,-0.56,-0.1,0.2,9.8,1.91625,2.5,10.0,0.0,5.4,8.0,1016.68,66.82,-13.81
2025-03-24 18:43:05.368000+00:00,60.10415339230508,,,,338.062,-0.562,-1.062,23.07,-136.062,-8.875,-14.25,-0.032,0.021,-0.057,-0.14,-0.24,9.24,-0.03,-0.44,-0.56,-0.1,0.2,9.8,1.91625,2.5,10.0,0.0,5.4,8.0,1016.68,66.82,-13.81
2025-03-24 18:43:05.968000+00:00,60.10415339230508,,,,338.062,-0.562,-1.062,23.0,-136.062,-8.875,-14.25,-0.032,0.021,-0.057,-0.14,-0.24,9.24,-0.03,-0.44,-0.56,-0.1,0.2,9.8,1.91625,2.5,10.0,0.0,5.4,8.0,1016.68,66.82,-13.81
2025-03-24 18:43:06.388000+00:00,60.10415339230508,,,,338.062,-0.562,-1.062,23.07,-136.062,-8.875,-14.25,-0.032,0.021,-0.057,-0.14,-0.24,9.24,-0.03,-0.44,-0.56,-0.1,0.2,9.8,1.91625,2.5,10.0,0.0,5.4,8.0,1016.68,66.82,-13.81
2025-03-24 18:43:06.969000+00:00,60.10415339230508,,,,338.062,-0.562,-1.062,23.0,-136.062,-8.875,-14.25,-0.032,0.021,-0.057,-0.14,-0.24,9.24,-0.03,-0.44,-0.56,-0.1,0.2,9.8,1.91625,2.5,10.0,0.0,5.4,8.0,1016.68,66.82,-13.81
2025-03-24 18:43:07.375000+00:00,60.10415339230508,,,,338.062,-0.562,-1.062,23.07,-136.062,-8.875,-14.25,-0.032,0.021,-0.057,-0.14,-0.24,9.24,-0.03,-0.44,-0.56,-0.1,0.2,9.8,1.91625,2.5,10.0,0.0,5.4,8.0,1016.68,66.82,-13.81
2025-03-24 18:43:07.979000+00:00,60.10415339230508,,,,338.062,-0.562,-1.062,23.0,-136.062,-8.875,-14.25,-0.032,0.021,-0.057,-0.14,-0.24,9.24,-0.03,-0.44,-0.56,-0.1,0.2,9.8,1.91625,2.5,10.0,0.0,5.4,8.0,1016.68,66.82,-13.81
2025-03-24 18:43:08.627000+00:00,60.10415339230508,,,,338.062,-0.562,-1.062,23.07,-136.062,-8.875,-14.25,-0.032,0.021,-0.057,-0.14,-0.24,9.24,-0.03,-0.44,-0.56,-0.1,0.2,9.8,1.91625,2.5,10.0,0.0,5.4,8.0,1016.68,66.82,-13.81
2025-03-24 18:43:08.997000+00:00,60.10415339230508,,,,338.062,-0.562,-1.062,23.0,-136.062,-8.875,-14.25,-0.032,0.021,-0.057,-0.14,-0.24,9.24,-0.03,-0.44,-0.56,-0.1,0.2,9.8,1.91625,2.5,10.0,0.0,5.4,8.0,1016.68,66.82,-13.81
2025-03-24 18:43:09.928000+00:00,60.10415339230508,,,,338.062,-0.562,-1.062,23.06,-136.062,-8.875,-14.25,-0.032,0.021,-0.057,-0.14,-0.24,9.24,-0.03,-0.44,-0.56,-0.1,0.2,9.8,1.91625,2.5,10.0,0.0,5.4,8.0,1016.68,66.82,-13.81
2025-03-24 18:43:10.198000+00:00,60.10415339230508,,,,338.062,-0.562,-1.062,23.0,-136.062,-8.875,-14.25,-0.032,0.021,-0.057,-0.14,-0.24,9.24,-0.03,-0.44,-0.56,-0.1,0.2,9.8,1.91625,2.5,10.0,0.0,5.4,8.0,1016.68,66.82,-13.81
2025-03-24 18:43:10.778000+00:00,60.10415339230508,,,,338.062,-0.562,-1.062,23.06,-136.062,-8.875,-14.25,-0.032,0.021,-0.057,-0.14,-0.24,9.24,-0.03,-0.44,-0.56,-0.1,0.2,9.8,1.91625,2.5,10.0,0.0,5.4,8.0,1016.68,66.82,-13.81
2025-03-24 18:43:11.038000+00:00,60.10415339230508,,,,338.062,-0.562,-1.062,23.0,-136.062,-8.875,-14.25,-0.032,0.021,-0.057,-0.14,-0.24,9.24,-0.03,-0.44,-0.56,-0.1,0.2,9.8,1.91625,2.5,10.0,0.0,5.4,8.0,1016.68,66.82,-13.81
2025-03-24 18:43:11.818000+00:00,60.10415339230508,,,,338.062,-0.562,-1.062,23.06,-136.062,-8.875,-14.25,-0.032,0.021,-0.057,-0.14,-0.24,9.24,-0.03,-0.44,-0.56,-0.1,0.2,9.8,1.91625,2.5,10.0,0.0,5.4,8.0,1016.68,66.82,-13.81
2025-03-24 18:43:12.078000+00:00,60.10415339230508,,,,338.062,-0.562,-1.062,23.0,-136.062,-8.875,-14.25,-0.032,0.021,-0.057,-0.14,-0.24,9.24,-0.03,-0.44,-0.56,-0.1,0.2,9.8,1.91625,2.5,10.0,0.0,5.4,8.0,1016.68,66.82,-13.81
2025-03-24 18:42:13.549000+00:00,60.10415339230508,,,,338.062,-0.562,-1.062,23.0,-136.062,-8.875,-14.25,-0.032,0.021,-0.057,-0.14,-0.24,9.24,-0.03,-0.44,-0.56,-0.1,0.2,9.8,1.91625,2.5,10.0,0.0,5.4,8.0,1016.68,66.82,-13.81
2025-03-24 18:42:14.533000+00:00,60.10415339230508,,,,338.062,-0.562,-1.062,23.0,-134.25,-5.75,-14.5,-0.032,0.021,-0.057,-0.14,-0.24,9.24,-0.03,-0.44,-0.56,-0.1,0.2,9.8,1.91625,2.5,10.0,0.0,5.4,8.0,1016.68,66.82,-13.81
2025-03-24 18:42:15.533000+00:00,60.10415339230508,,,,338.062,-0.562,-1.062,23.0,-131.562,-4.0,-15.188,-0.032,0.021,-0.057,-0.14,-0.24,9.24,-0.03,-0.44,-0.56,-0.1,0.2,9.8,1.91625,2.5,10.0,0.0,5.4,8.0,1016.68,66.82,-13.81
2025-03-24 18:42:16.564000+00:00,60.10415339230508,,,,338.062,-0.562,-1.062,23.0,-127.688,-2.375,-22.188,-0.032,0.021,-0.057,-0.14,-0.24,9.24,-0.03,-0.44,-0.56,-0.1,0.2,9.8,1.91625,2.5,10.0,0.0,5.4,8.0,1016.68,66.82,-13.81
2025-03-24 18:42:17.713000+00:00,60.10415339230508,,,,338.062,-0.562,-1.062,23.0,-118.688,-4.375,-32.688,-0.032,0.021,-0.057,-0.14,-0.24,9.24,-0.03,-0.44,-0.56,-0.1,0.2,9.8,1.91625,2.5,10.0,0.0,5.4,8.0,1016.68,66.82,-13.81
2025-03-24 18:42:18.811000+00:00,60.10415339230508,,,,338.062,-0.562,-1.062,23.0,-95.0,-11.562,-46.188,-0.032,0.021,-0.057,-0.14,-0.24,9.24,-0.03,-0.44,-0.56,-0.1,0.2,9.8,1.91625,2.5,10.0,0.0,5.4,8.0,1016.68,66.82,-13.81
2025-03-24 18:42:19.802000+00:00,60.10415339230508,,,,338.062,-0.562,-1.062,23.0,-91.75,-12.5,-46.688,-0.032,0.021,-0.057,-0.14,-0.24,9.24,-0.03,-0.44,-0.56,-0.1,0.2,9.8,1.91625,2.5,10.0,0.0,5.4,8.0,1016.68,66.82,-13.81
2025-03-24 18:42:20.866000+00:00,60.10415339230508,,,,338.062,-0.562,-1.062,23.0,-85.0,-14.375,-47.875,-0.032,0.021,-0.057,-0.14,-0.24,9.24,-0.03,-0.44,-0.56,-0.1,0.2,9.8,1.91625,2.5,10.0,0.0,5.4,8.0,1016.68,66.82,-13.81
2025-03-24 18:42:21.591000+00:00,60.10415339230508,,,,338.062,-0.562,-1.062,23.0,-81.562,-15.0,-48.25,-0.032,0.021,-0.057,-0.14,-0.24,9.24,-0.03,-0.44,-0.56,-0.1,0.2,9.8,1.91625,2.5,10.0,0.0,5.4,8.0,1016.68,66.82,-13.81
2025-03-24 18:42:22.602000+00:00,60.10415339230508,,,,338.062,-0.562,-1.062,23.0,-79.5,-17.5,-49.188,-0.032,0.021,-0.057,-0.14,-0.24,9.24,-0.03,-0.44,-0.56,-0.1,0.2,9.8,1.91625,2.5,10.0,0.0,5.4,8.0,1016.68,66.82,-13.81
2025-03-24 18:42:23.621000+00:00,60.10415339230508,,,,338.062,-0.562,-1.062,23.0,-73.688,-17.75,-53.375,-0.032,0.021,-0.057,-0.14,-0.24,9.24,-0.03,-0.44,-0.56,-0.1,0.2,9.8,1.91625,2.5,10.0,0.0,5.4,8.0,1016.68,66.82,-13.81
2025-03-24 18:42:24.621000+00:00,60.10415339230508,,,,338.062,-0.562,-1.062,23.0,-71.562,-17.5,-54.562,-0.032,0.021,-0.057,-0.14,-0.24,9.24,-0.03,-0.44,-0.56,-0.1,0.2,9.8,1.91625,2.5,10.0,0.0,5.4,8.0,1016.68,66.82,-13.81
2025-03-24 18:42:25.641000+00:00,60.10415339230508,,,,338.062,-0.562,-1.062,23.0,-70.562,-15.688,-56.875,-0.032,0.021,-0.057,-0.14,-0.24,9.24,-0.03,-0.44,-0.56,-0.1,0.2,9.8,1.91625,2.5,10.0,0.0,5.4,8.0,1016.68,66.82,-13.81
2025-03-24 18:42:26.642000+00:00,60.10415339230508,,,,338.062,-0.562,-1.062,23.0,-70.875,-13.375,-60.0,-0.032,0.021,-0.057,-0.14,-0.24,9.24,-0.03,-0.44,-0.56,-0.1,0.2,9.8,1.91625,2.5,10.0,0.0,5.4,8.0,1016.68,66.82,-13.81
2025-03-24 18:42:27.701000+00:00,60.10415339230508,,,,338.062,-0.562,-1.062,23.0,-72.0,-13.5,-58.375,-0.032,0.021,-0.057,-0.14,-0.24,9.24,-0.03,-0.44,-0.56,-0.1,0.2,9.8,1.91625,2.5,10.0,0.0,5.4,8.0,1016.68,66.82,-13.81
2025-03-24 18:42:28.831000+00:00,60.10415339230508,,,,338.062,-0.562,-1.062,23.0,-80.062,-8.562,-58.75,-0.032,0.021,-0.057,-0.14,-0.24,9.24,-0.03,-0.44,-0.56,-0.1,0.2,9.8,1.91625,2.5,10.0,0.0,5.4,8.0,1016.68,66.82,-13.81
2025-03-24 18:42:29.821000+00:00,60.10415339230508,,,,338.062,-0.562,-1.062,23.0,-87.375,-7.875,-58.562,-0.032,0.021,-0.057,-0.14,-0.24,9.24,-0.03,-0.44,-0.56,-0.1,0.2,9.8,1.91625,2.5,10.0,0.0,5.4,8.0,1016.68,66.82,-13.81
2025-03-24 18:42:30.800000+00:00,60.10415339230508,,,,338.062,-0.562,-1.062,23.0,-90.062,-6.5,-58.0,-0.032,0.021,-0.057,-0.14,-0.24,9.24,-0.03,-0.44,-0.56,-0.1,0.2,9.8,1.91625,2.5,10.0,0.0,5.4,8.0,1016.68,66.82,-13.81
2025-03-24 18:42:31.922000+00:00,60.10415339230508,,,,338.062,-0.562,-1.062,23.0,-96.5,-7.5,-55.688,-0.032,0.021,-0.057,-0.14,-0.24,9.24,-0.03,-0.44,-0.56,-0.1,0.2,9.8,1.91625,2.5,10.0,0.0,5.4,8.0,1016.68,66.82,-13.81
2025-03-24 18:42:32.703000+00:00,60.10415339230508,,,,338.062,-0.562,-1.062,23.0,-97.062,-2.688,-20.75,-0.032,0.021,-0.057,-0.14,-0.24,9.24,-0.03,-0.44,-0.56,-0.1,0.2,9.8,1.91625,2.5,10.0,0.0,5.4,8.0,1016.68,66.82,-13.81
2025-03-24 18:42:33.707000+00:00,60.10415339230508,,,,338.062,-0.562,-1.062,23.0,-118.062,-7.5,-5.562,-0.032,0.021,-0.057,-0.14,-0.24,9.24,-0.03,-0.44,-0.56,-0.1,0.2,9.8,1.91625,2.5,10.0,0.0,5.4,8.0,1016.68,66.82,-13.81
2025-03-24 18:42:34.761000+00:00,60.10415339230508,,,,338.062,-0.562,-1.062,23.0,-124.188,-5.75,1.25,-0.032,0.021,-0.057,-0.14,-0.24,9.24,-0.03,-0.44,-0.56,-0.1,0.2,9.8,1.91625,2.5,10.0,0.0,5.4,8.0,1016.68,66.82,-13.81
2025-03-24 18:42:35.750000+00:00,60.10415339230508,,,,338.062,-0.562,-1.062,23.0,-124.875,-0.062,7.562,-0.032,0.021,-0.057,-0.14,-0.24,9.24,-0.03,-0.44,-0.56,-0.1,0.2,9.8,1.91625,2.5,10.0,0.0,5.4,8.0,1016.68,66.82,-13.81
2025-03-24 18:42:36.731000+00:00,60.10415339230508,,,,338.062,-0.562,-1.062,23.0,-116.25,3.25,-3.188,-0.032,0.021,-0.057,-0.14,-0.24,9.24,-0.03,-0.44,-0.56,-0.1,0.2,9.8,1.91625,2.5,10.0,0.0,5.4,8.0,1016.68,66.82,-13.81
2025-03-24 18:42:37.800000+00:00,60.10415339230508,,,,338.062,-0.562,-1.062,23.0,-95.25,-3.0,-19.25,-0.032,0.021,-0.057,-0.14,-0.24,9.24,-0.03,-0.44,-0.56,-0.1,0.2,9.8,1.91625,2.5,10.0,0.0,5.4,8.0,1016.68,66.82,-13.81
2025-03-24 18:42:38.911000+00:00,60.10415339230508,,,,338.062,-0.562,-1.062,23.0,-77.75,-8.5,-25.25,-0.032,0.021,-0.057,-0.14,-0.24,9.24,-0.03,-0.44,-0.56,-0.1,0.2,9.8,1.91625,2.5,10.0,0.0,5.4,8.0,1016.68,66.82,-13.81
2025-03-24 18:42:40.001000+00:00,60.10415339230508,,,,338.062,-0.562,-1.062,23.0,-68.188,-12.25,-25.688,-0.032,0.021,-0.057,-0.14,-0.24,9.24,-0.03,-0.44,-0.56,-0.1,0.2,9.8,1.91625,2.5,10.0,0.0,5.4,8.0,1016.68,66.82,-13.81
2025-03-24 18:42:40.801000+00:00,60.10415339230508,,,,338.062,-0.562,-1.062,23.0,-66.375,-13.5,-28.25,-0.032,0.021,-0.057,-0.14,-0.24,9.24,-0.03,-0.44,-0.56,-0.1,0.2,9.8,1.91625,2.5,10.0,0.0,5.4,8.0,1016.68,66.82,-13.81
2025-03-24 18:42:41.790000+00:00,60.10415339230508,,,,338.062,-0.562,-1.062,23.0,-62.062,-13.188,-29.25,-0.032,0.021,-0.057,-0.14,-0.24,9.24,-0.03,-0.44,-0.56,-0.1,0.2,9.8,1.91625,2.5,10.0,0.0,5.4,8.0,1016.68,66.82,-13.81
2025-03-24 18:42:42.810000+00:00,60.10415339230508,,,,338.062,-0.562,-1.062,23.0,-59.688,-10.0,-34.188,-0.032,0.021,-0.057,-0.14,-0.24,9.24,-0.03,-0.44,-0.56,-0.1,0.2,9.8,1.91625,2.5,10.0,0.0,5.4,8.0,1016.68,66.82,-13.81
2025-03-24 18:42:43.811000+00:00,60.10415339230508,,,,338.062,-0.562,-1.062,23.0,-62.688,-6.25,-35.062,-0.032,0.021,-0.057,-0.14,-0.24,9.24,-0.03,-0.44,-0.56,-0.1,0.2,9.8,1.91625,2.5,10.0,0.0,5.4,8.0,1016.68,66.82,-13.81
2025-03-24 18:42:44.810000+00:00,60.10415339230508,,,,338.062,-0.562,-1.062,23.0,-84.062,0.062,-31.562,-0.032,0.021,-0.057,-0.14,-0.24,9.24,-0.03,-0.44,-0.56,-0.1,0.2,9.8,1.91625,2.5,10.0,0.0,5.4,8.0,1016.68,66.82,-13.81
2025-03-24 18:42:45.879000+00:00,60.10415339230508,,,,338.062,-0.562,-1.062,23.0,-107.188,-5.5,-19.375,-0.032,0.021,-0.057,-0.14,-0.24,9.24,-0.03,-0.44,-0.56,-0.1,0.2,9.8,1.91625,2.5,10.0,0.0,5.4,8.0,1016.68,66.82,-13.81
2025-03-24 18:42:46.909000+00:00,60.10415339230508,,,,338.062,-0.562,-1.062,23.0,-123.375,-5.875,-3.688,-0.032,0.021,-0.057,-0.14,-0.24,9.24,-0.03,-0.44,-0.56,-0.1,0.2,9.8,1.91625,2.5,10.0,0.0,5.4,8.0,1016.68,66.82,-13.81
2025-03-24 18:42:48.140000+00:00,60.10415339230508,,,,338.062,-0.562,-1.062,23.0,-125.5,-2.5,4.25,-0.032,0.021,-0.057,-0.14,-0.24,9.24,-0.03,-0.44,-0.56,-0.1,0.2,9.8,1.91625,2.5,10.0,0.0,5.4,8.0,1016.68,66.82,-13.81
2025-03-24 18:42:49.065000+00:00,60.10415339230508,,,,338.062,-0.562,-1.062,23.0,-116.0,2.188,-5.875,-0.032,0.021,-0.057,-0.14,-0.24,9.24,-0.03,-0.44,-0.56,-0.1,0.2,9.8,1.91625,2.5,10.0,0.0,5.4,8.0,1016.68,66.82,-13.81
2025-03-24 18:42:50.129000+00:00,60.10415339230508,,,,338.062,-0.562,-1.062,23.0,-97.062,-2.562,-23.062,-0.032,0.021,-0.057,-0.14,-0.24,9.24,-0.03,-0.44,-0.56,-0.1,0.2,9.8,1.91625,2.5,10.0,0.0,5.4,8.0,1016.68,66.82,-13.81
2025-03-24 18:42:50.869000+00:00,60.10415339230508,,,,338.062,-0.562,-1.062,23.0,-75.25,-10.375,-29.25,-0.032,0.021,-0.057,-0.14,-0.24,9.24,-0.03,-0.44,-0.56,-0.1,0.2,9.8,1.91625,2.5,10.0,0.0,5.4,8.0,1016.68,66.82,-13.81
2025-03-24 18:42:51.869000+00:00,60.10415339230508,,,,338.062,-0.562,-1.062,23.0,-70.375,-11.25,-29.0,-0.032,0.021,-0.057,-0.14,-0.24,9.24,-0.03,-0.44,-0.56,-0.1,0.2,9.8,1.91625,2.5,10.0,0.0,5.4,8.0,1016.68,66.82,-13.81
2025-03-24 18:42:52.888000+00:00,60.10415339230508,,,,338.062,-0.562,-1.062,23.0,-68.5,-13.25,-30.0,-0.032,0.021,-0.057,-0.14,-0.24,9.24,-0.03,-0.44,-0.56,-0.1,0.2,9.8,1.91625,2.5,10.0,0.0,5.4,8.0,1016.68,66.82,-13.81
2025-03-24 18:42:53.900000+00:00,60.10415339230508,,,,338.062,-0.562,-1.062,23.0,-64.562,-13.562,-33.25,-0.032,0.021,-0.057,-0.14,-0.24,9.24,-0.03,-0.44,-0.56,-0.1,0.2,9.8,1.91625,2.5,10.0,0.0,5.4,8.0,1016.68,66.82,-13.81
2025-03-24 18:42:54.909000+00:00,60.10415339230508,,,,338.062,-0.562,-1.062,23.0,-60.0,-11.562,-36.25,-0.032,0.021,-0.057,-0.14,-0.24,9.24,-0.03,-0.44,-0.56,-0.1,0.2,9.8,1.91625,2.5,10.0,0.0,5.4,8.0,1016.68,66.82,-13.81
2025-03-24 18:42:55.919000+00:00,60.10415339230508,,,,338.062,-0.562,-1.062,23.0,-68.688,-4.25,-41.062,-0.032,0.021,-0.057,-0.14,-0.24,9.24,-0.03,-0.44,-0.56,-0.1,0.2,9.8,1.91625,2.5,10.0,0.0,5.4,8.0,1016.68,66.82,-13.81
2025-03-24 18:42:56.935000+00:00,60.10415339230508,,,,338.062,-0.562,-1.062,23.0,-88.062,-2.562,-34.562,-0.032,0.021,-0.057,-0.14,-0.24,9.24,-0.03,-0.44,-0.56,-0.1,0.2,9.8,1.91625,2.5,10.0,0.0,5.4,8.0,1016.68,66.82,-13.81
2025-03-24 18:42:57.969000+00:00,60.10415339230508,,,,338.062,-0.562,-1.062,23.0,-108.875,-5.562,-25.375,-0.032,0.021,-0.057,-0.14,-0.24,9.24,-0.03,-0.44,-0.56,-0.1,0.2,9.8,1.91625,2.5,10.0,0.0,5.4,8.0,1016.68,66.82,-13.81
2025-03-24 18:42:58.968000+00:00,60.10415339230508,,,,338.062,-0.562,-1.062,23.0,-123.562,-9.562,-12.5,-0.032,0.021,-0.057,-0.14,-0.24,9.24,-0.03,-0.44,-0.56,-0.1,0.2,9.8,1.91625,2.5,10.0,0.0,5.4,8.0,1016.68,66.82,-13.81
2025-03-24 18:43:00.079000+00:00,60.10415339230508,,,,338.062,-0.562,-1.062,23.0,-128.375,-5.375,-2.688,-0.032,0.021,-0.057,-0.14,-0.24,9.24,-0.03,-0.44,-0.56,-0.1,0.2,9.8,1.91625,2.5,10.0,0.0,5.4,8.0,1016.68,66.82,-13.81
2025-03-24 18:43:01.189000+00:00,60.10415339230508,,,,338.062,-0.562,-1.062,23.0,-118.25,0.062,-9.062,-0.032,0.021,-0.057,-0.14,-0.24,9.24,-0.03,-0.44,-0.56,-0.1,0.2,9.8,1.91625,2.5,10.0,0.0,5.4,8.0,1016.68,66.82,-13.81
2025-03-24 18:43:01.988000+00:00,60.10415339230508,,,,338.062,-0.562,-1.062,23.0,-106.562,-3.5,-21.0,-0.032,0.021,-0.057,-0.14,-0.24,9.24,-0.03,-0.44,-0.56,-0.1,0.2,9.8,1.91625,2.5,10.0,0.0,5.4,8.0,1016.68,66.82,-13.81
2025-03-24 18:43:02.990000+00:00,60.10415339230508,,,,338.062,-0.562,-1.062,23.0,-93.0,-8.5,-30.25,-0.032,0.021,-0.057,-0.14,-0.24,9.24,-0.03,-0.44,-0.56,-0.1,0.2,9.8,1.91625,2.5,10.0,0.0,5.4,8.0,1016.68,66.82,-13.81
2025-03-24 18:43:04.009000+00:00,60.10415339230508,,,,338.062,-0.562,-1.062,23.0,-81.062,-12.062,-34.375,-0.032,0.021,-0.057,-0.14,-0.24,9.24,-0.03,-0.44,-0.56,-0.1,0.2,9.8,1.91625,2.5,10.0,0.0,5.4,8.0,1016.68,66.82,-13.81
2025-03-24 18:43:05.020000+00:00,60.10415339230508,,,,338.062,-0.562,-1.062,23.0,-77.562,-15.562,-35.75,-0.032,0.021,-0.057,-0.14,-0.24,9.24,-0.03,-0.44,-0.56,-0.1,0.2,9.8,1.91625,2.5,10.0,0.0,5.4,8.0,1016.68,66.82,-13.81
2025-03-24 18:43:06.018000+00:00,60.10415339230508,,,,338.062,-0.562,-1.062,23.0,-74.688,-15.25,-33.688,-0.032,0.021,-0.057,-0.14,-0.24,9.24,-0.03,-0.44,-0.56,-0.1,0.2,9.8,1.91625,2.5,10.0,0.0,5.4,8.0,1016.68,66.82,-13.81
2025-03-24 18:43:07.018000+00:00,60.10415339230508,,,,338.062,-0.562,-1.062,23.0,-69.75,-17.5,-36.0,-0.032,0.021,-0.057,-0.14,-0.24,9.24,-0.03,-0.44,-0.56,-0.1,0.2,9.8,1.91625,2.5,10.0,0.0,5.4,8.0,1016.68,66.82,-13.81
2025-03-24 18:43:08.028000+00:00,60.10415339230508,,,,338.062,-0.562,-1.062,23.0,-69.375,-18.688,-37.375,-0.032,0.021,-0.057,-0.14,-0.24,9.24,-0.03,-0.44,-0.56,-0.1,0.2,9.8,1.91625,2.5,10.0,0.0,5.4,8.0,1016.68,66.82,-13.81
2025-03-24 18:43:09.048000+00:00,60.10415339230508,,,,338.062,-0.562,-1.062,23.0,-68.0,-17.25,-39.062,-0.032,0.021,-0.057,-0.14,-0.24,9.24,-0.03,-0.44,-0.56,-0.1,0.2,9.8,1.91625,2.5,10.0,0.0,5.4,8.0,1016.68,66.82,-13.81
2025-03-24 18:43:10.258000+00:00,60.10415339230508,,,,338.062,-0.562,-1.062,23.0,-65.375,-18.0,-41.688,-0.032,0.021,-0.057,-0.14,-0.24,9.24,-0.03,-0.44,-0.56,-0.1,0.2,9.8,1.91625,2.5,10.0,0.0,5.4,8.0,1016.68,66.82,-13.81
2025-03-24 18:43:11.098000+00:00,60.10415339230508,,,,338.062,-0.562,-1.062,23.0,-63.062,-16.062,-44.562,-0.032,0.021,-0.057,-0.14,-0.24,9.24,-0.03,-0.44,-0.56,-0.1,0.2,9.8,1.91625,2.5,10.0,0.0,5.4,8.0,1016.68,66.82,-13.81
2025-03-24 18:43:12.128000+00:00,60.10415339230508,,,,338.062,-0.562,-1.062,23.0,-66.0,-11.5,-47.188,-0.032,0.021,-0.057,-0.14,-0.24,9.24,-0.03,-0.44,-0.56,-0.1,0.2,9.8,1.91625,2.5,10.0,0.0,5.4,8.0,1016.68,66.82,-13.81
2025-03-24 18:42:13.610000+00:00,60.10415339230508,,,,338.062,-0.562,-1.062,23.0,-66.0,-11.5,-47.188,-0.032,0.021,-0.057,-0.14,-0.24,9.24,-0.03,-0.44,-0.56,-0.1,0.2,9.8,1.91625,2.5,10.0,0.0,5.4,8.0,1016.68,66.82,-13.81
2025-03-24 18:42:14.583000+00:00,60.10415339230508,,,,338.062,-0.562,-1.062,23.0,-66.0,-11.5,-47.188,-0.009,-0.017,-0.031,-0.14,-0.24,9.24,-0.03,-0.44,-0.56,-0.1,0.2,9.8,1.91625,2.5,10.0,0.0,5.4,8.0,1016.68,66.82,-13.81
2025-03-24 18:42:15.589000+00:00,60.10415339230508,,,,338.062,-0.562,-1.062,23.0,-66.0,-11.5,-47.188,0.024,0.0,0.051,-0.14,-0.24,9.24,-0.03,-0.44,-0.56,-0.1,0.2,9.8,1.91625,2.5,10.0,0.0,5.4,8.0,1016.68,66.82,-13.81
2025-03-24 18:42:16.613000+00:00,60.10415339230508,,,,338.062,-0.562,-1.062,23.0,-66.0,-11.5,-47.188,0.033,0.013,-0.001,-0.14,-0.24,9.24,-0.03,-0.44,-0.56,-0.1,0.2,9.8,1.91625,2.5,10.0,0.0,5.4,8.0,1016.68,66.82,-13.81
2025-03-24 18:42:17.762000+00:00,60.10415339230508,,,,338.062,-0.562,-1.062,23.0,-66.0,-11.5,-47.188,0.027,-0.01,0.002,-0.14,-0.24,9.24,-0.03,-0.44,-0.56,-0.1,0.2,9.8,1.91625,2.5,10.0,0.0,5.4,8.0,1016.68,66.82,-13.81
2025-03-24 18:42:18.864000+00:00,60.10415339230508,,,,338.062,-0.562,-1.062,23.0,-66.0,-11.5,-47.188,0.0,-0.02,0.023,-0.14,-0.24,9.24,-0.03,-0.44,-0.56,-0.1,0.2,9.8,1.91625,2.5,10.0,0.0,5.4,8.0,1016.68,66.82,-13.81
2025-03-24 18:42:19.852000+00:00,60.10415339230508,,,,338.062,-0.562,-1.062,23.0,-66.0,-11.5,-47.188,-0.019,-0.018,0.048,-0.14,-0.24,9.24,-0.03,-0.44,-0.56,-0.1,0.2,9.8,1.91625,2.5,10.0,0.0,5.4,8.0,1016.68,66.82,-13.81
2025-03-24 18:42:20.919000+00:00,60.10415339230508,,,,338.062,-0.562,-1.062,23.0,-66.0,-11.5,-47.188,-0.013,-0.018,-0.007,-0.14,-0.24,9.24,-0.03,-0.44,-0.56,-0.1,0.2,9.8,1.91625,2.5,10.0,0.0,5.4,8.0,1016.68,66.82,-13.81
2025-03-24 18:42:21.643000+00:00,60.10415339230508,,,,338.062,-0.562,-1.062,23.0,-66.0,-11.5,-47.188,0.012,-0.012,0.043,-0.14,-0.24,9.24,-0.03,-0.44,-0.56,-0.1,0.2,9.8,1.91625,2.5,10.0,0.0,5.4,8.0,1016.68,66.82,-13.81
2025-03-24 18:42:22.662000+00:00,60.10415339230508,,,,338.062,-0.562,-1.062,23.0,-66.0,-11.5,-47.188,-0.004,-0.004,-0.006,-0.14,-0.24,9.24,-0.03,-0.44,-0.56,-0.1,0.2,9.8,1.91625,2.5,10.0,0.0,5.4,8.0,1016.68,66.82,-13.81
2025-03-24 18:42:23.678000+00:00,60.10415339230508,,,,338.062,-0.562,-1.062,23.0,-66.0,-11.5,-47.188,0.01,0.003,-0.004,-0.14,-0.24,9.24,-0.03,-0.44,-0.56,-0.1,0.2,9.8,1.91625,2.5,10.0,0.0,5.4,8.0,1016.68,66.82,-13.81
2025-03-24 18:42:24.672000+00:00,60.10415339230508,,,,338.062,-0.562,-1.062,23.0,-66.0,-11.5,-47.188,0.028,-0.017,0.018,-0.14,-0.24,9.24,-0.03,-0.44,-0.56,-0.1,0.2,9.8,1.91625,2.5,10.0,0.0,5.4,8.0,1016.68,66.82,-13.81
2025-03-24 18:42:25.698000+00:00,60.10415339230508,,,,338.062,-0.562,-1.062,23.0,-66.0,-11.5,-47.188,0.003,-0.006,0.031,-0.14,-0.24,9.24,-0.03,-0.44,-0.56,-0.1,0.2,9.8,1.91625,2.5,10.0,0.0,5.4,8.0,1016.68,66.82,-13.81
2025-03-24 18:42:26.696000+00:00,60.10415339230508,,,,338.062,-0.562,-1.062,23.0,-66.0,-11.5,-47.188,-0.019,0.0,0.017,-0.14,-0.24,9.24,-0.03,-0.44,-0.56,-0.1,0.2,9.8,1.91625,2.5,10.0,0.0,5.4,8.0,1016.68,66.82,-13.81
2025-03-24 18:42:27.762000+00:00,60.10415339230508,,,,338.062,-0.562,-1.062,23.0,-66.0,-11.5,-47.188,-0.018,-0.012,0.02,-0.14,-0.24,9.24,-0.03,-0.44,-0.56,-0.1,0.2,9.8,1.91625,2.5,10.0,0.0,5.4,8.0,1016.68,66.82,-13.81
2025-03-24 18:42:28.888000+00:00,60.10415339230508,,,,338.062,-0.562,-1.062,23.0,-66.0,-11.5,-47.188,-0.006,0.003,-0.013,-0.14,-0.24,9.24,-0.03,-0.44,-0.56,-0.1,0.2,9.8,1.91625,2.5,10.0,0.0,5.4,8.0,1016.68,66.82,-13.81
2025-03-24 18:42:29.878000+00:00,60.10415339230508,,,,338.062,-0.562,-1.062,23.0,-66.0,-11.5,-47.188,0.018,-0.004,-0.009,-0.14,-0.24,9.24,-0.03,-0.44,-0.56,-0.1,0.2,9.8,1.91625,2.5,10.0,0.0,5.4,8.0,1016.68,66.82,-13.81
2025-03-24 18:42:30.851000+00:00,60.10415339230508,,,,338.062,-0.562,-1.062,23.0,-66.0,-11.5,-47.188,0.022,0.034,0.007,-0.14,-0.24,9.24,-0.03,-0.44,-0.56,-0.1,0.2,9.8,1.91625,2.5,10.0,0.0,5.4,8.0,1016.68,66.82,-13.81
2025-03-24 18:42:31.972000+00:00,60.10415339230508,,,,338.062,-0.562,-1.062,23.0,-66.0,-11.5,-47.188,0.033,-0.009,-0.009,-0.14,-0.24,9.24,-0.03,-0.44,-0.56,-0.1,0.2,9.8,1.91625,2.5,10.0,0.0,5.4,8.0,1016.68,66.82,-13.81
2025-03-24 18:42:32.762000+00:00,60.10415339230508,,,,338.062,-0.562,-1.062,23.0,-66.0,-11.5,-47.188,0.021,-0.01,0.013,-0.14,-0.24,9.24,-0.03,-0.44,-0.56,-0.1,0.2,9.8,1.91625,2.5,10.0,0.0,5.4,8.0,1016.68,66.82,-13.81
2025-03-24 18:42:33.761000+00:00,60.10415339230508,,,,338.062,-0.562,-1.062,23.0,-66.0,-11.5,-47.188,-0.023,0.031,0.018,-0.14,-0.24,9.24,-0.03,-0.44,-0.56,-0.1,0.2,9.8,1.91625,2.5,10.0,0.0,5.4,8.0,1016.68,66.82,-13.81
2025-03-24 18:42:34.811000+00:00,60.10415339230508,,,,338.062,-0.562,-1.062,23.0,-66.0,-11.5,-47.188,-0.019,0.012,-0.039,-0.14,-0.24,9.24,-0.03,-0.44,-0.56,-0.1,0.2,9.8,1.91625,2.5,10.0,0.0,5.4,8.0,1016.68,66.82,-13.81
2025-03-24 18:42:35.808000+00:00,60.10415339230508,,,,338.062,-0.562,-1.062,23.0,-66.0,-11.5,-47.188,-0.016,0.026,-0.077,-0.14,-0.24,9.24,-0.03,-0.44,-0.56,-0.1,0.2,9.8,1.91625,2.5,10.0,0.0,5.4,8.0,1016.68,66.82,-13.81
2025-03-24 18:42:36.788000+00:00,60.10415339230508,,,,338.062,-0.562,-1.062,23.0,-66.0,-11.5,-47.188,0.031,0.014,-0.01,-0.14,-0.24,9.24,-0.03,-0.44,-0.56,-0.1,0.2,9.8,1.91625,2.5,10.0,0.0,5.4,8.0,1016.68,66.82,-13.81
2025-03-24 18:42:37.851000+00:00,60.10415339230508,,,,338.062,-0.562,-1.062,23.0,-66.0,-11.5,-47.188,-0.018,-0.012,-0.048,-0.14,-0.24,9.24,-0.03,-0.44,-0.56,-0.1,0.2,9.8,1.91625,2.5,10.0,0.0,5.4,8.0,1016.68,66.82,-13.81
2025-03-24 18:42:38.961000+00:00,60.10415339230508,,,,338.062,-0.562,-1.062,23.0,-66.0,-11.5,-47.188,-0.012,-0.011,0.003,-0.14,-0.24,9.24,-0.03,-0.44,-0.56,-0.1,0.2,9.8,1.91625,2.5,10.0,0.0,5.4,8.0,1016.68,66.82,-13.81
2025-03-24 18:42:40.051000+00:00,60.10415339230508,,,,338.062,-0.562,-1.062,23.0,-66.0,-11.5,-47.188,-0.001,0.003,0.007,-0.14,-0.24,9.24,-0.03,-0.44,-0.56,-0.1,0.2,9.8,1.91625,2.5,10.0,0.0,5.4,8.0,1016.68,66.82,-13.81
2025-03-24 18:42:40.850000+00:00,60.10415339230508,,,,338.062,-0.562,-1.062,23.0,-66.0,-11.5,-47.188,0.023,0.014,0.019,-0.14,-0.24,9.24,-0.03,-0.44,-0.56,-0.1,0.2,9.8,1.91625,2.5,10.0,0.0,5.4,8.0,1016.68,66.82,-13.81
2025-03-24 18:42:41.847000+00:00,60.10415339230508,,,,338.062,-0.562,-1.062,23.0,-66.0,-11.5,-47.188,0.032,-0.024,-0.017,-0.14,-0.24,9.24,-0.03,-0.44,-0.56,-0.1,0.2,9.8,1.91625,2.5,10.0,0.0,5.4,8.0,1016.68,66.82,-13.81
2025-03-24 18:42:42.861000+00:00,60.10415339230508,,,,338.062,-0.562,-1.062,23.0,-66.0,-11.5,-47.188,-0.019,0.011,0.008,-0.14,-0.24,9.24,-0.03,-0.44,-0.56,-0.1,0.2,9.8,1.91625,2.5,10.0,0.0,5.4,8.0,1016.68,66.82,-13.81
2025-03-24 18:42:43.861000+00:00,60.10415339230508,,,,338.062,-0.562,-1.062,23.0,-66.0,-11.5,-47.188,-0.004,-0.021,0.064,-0.14,-0.24,9.24,-0.03,-0.44,-0.56,-0.1,0.2,9.8,1.91625,2.5,10.0,0.0,5.4,8.0,1016.68,66.82,-13.81
2025-03-24 18:42:44.866000+00:00,60.10415339230508,,,,338.062,-0.562,-1.062,23.0,-66.0,-11.5,-47.188,0.022,-0.008,-0.028,-0.14,-0.24,9.24,-0.03,-0.44,-0.56,-0.1,0.2,9.8,1.91625,2.5,10.0,0.0,5.4,8.0,1016.68,66.82,-13.81
2025-03-24 18:42:45.930000+00:00,60.10415339230508,,,,338.062,-0.562,-1.062,23.0,-66.0,-11.5,-47.188,0.007,-0.003,0.019,-0.14,-0.24,9.24,-0.03,-0.44,-0.56,-0.1,0.2,9.8,1.91625,2.5,10.0,0.0,5.4,8.0,1016.68,66.82,-13.81
2025-03-24 18:42:46.960000+00:00,60.10415339230508,,,,338.062,-0.562,-1.062,23.0,-66.0,-11.5,-47.188,-0.024,0.001,0.007,-0.14,-0.24,9.24,-0.03,-0.44,-0.56,-0.1,0.2,9.8,1.91625,2.5,10.0,0.0,5.4,8.0,1016.68,66.82,-13.81
2025-03-24 18:42:48.189000+00:00,60.10415339230508,,,,338.062,-0.562,-1.062,23.0,-66.0,-11.5,-47.188,-0.023,0.036,-0.071,-0.14,-0.24,9.24,-0.03,-0.44,-0.56,-0.1,0.2,9.8,1.91625,2.5,10.0,0.0,5.4,8.0,1016.68,66.82,-13.81
2025-03-24 18:42:49.110000+00:00,60.10415339230508,,,,338.062,-0.562,-1.062,23.0,-66.0,-11.5,-47.188,0.041,0.018,-0.016,-0.14,-0.24,9.24,-0.03,-0.44,-0.56,-0.1,0.2,9.8,1.91625,2.5,10.0,0.0,5.4,8.0,1016.68,66.82,-13.81
2025-03-24 18:42:50.179000+00:00,60.10415339230508,,,,338.062,-0.562,-1.062,23.0,-66.0,-11.5,-47.188,0.013,0.012,0.028,-0.14,-0.24,9.24,-0.03,-0.44,-0.56,-0.1,0.2,9.8,1.91625,2.5,10.0,0.0,5.4,8.0,1016.68,66.82,-13.81
2025-03-24 18:42:50.926000+00:00,60.10415339230508,,,,338.062,-0.562,-1.062,23.0,-66.0,-11.5,-47.188,-0.019,0.002,0.094,-0.14,-0.24,9.24,-0.03,-0.44,-0.56,-0.1,0.2,9.8,1.91625,2.5,10.0,0.0,5.4,8.0,1016.68,66.82,-13.81
2025-03-24 18:42:51.919000+00:00,60.10415339230508,,,,338.062,-0.562,-1.062,23.0,-66.0,-11.5,-47.188,-0.013,0.008,0.021,-0.14,-0.24,9.24,-0.03,-0.44,-0.56,-0.1,0.2,9.8,1.91625,2.5,10.0,0.0,5.4,8.0,1016.68,66.82,-13.81
2025-03-24 18:42:52.939000+00:00,60.10415339230508,,,,338.062,-0.562,-1.062,23.0,-66.0,-11.5,-47.188,0.018,0.013,-0.063,-0.14,-0.24,9.24,-0.03,-0.44,-0.56,-0.1,0.2,9.8,1.91625,2.5,10.0,0.0,5.4,8.0,1016.68,66.82,-13.81
2025-03-24 18:42:53.953000+00:00,60.10415339230508,,,,338.062,-0.562,-1.062,23.0,-66.0,-11.5,-47.188,0.026,0.002,0.009,-0.14,-0.24,9.24,-0.03,-0.44,-0.56,-0.1,0.2,9.8,1.91625,2.5,10.0,0.0,5.4,8.0,1016.68,66.82,-13.81
2025-03-24 18:42:54.962000+00:00,60.10415339230508,,,,338.062,-0.562,-1.062,23.0,-66.0,-11.5,-47.188,-0.001,0.003,0.039,-0.14,-0.24,9.24,-0.03,-0.44,-0.56,-0.1,0.2,9.8,1.91625,2.5,10.0,0.0,5.4,8.0,1016.68,66.82,-13.81
2025-03-24 18:42:55.969000+00:00,60.10415339230508,,,,338.062,-0.562,-1.062,23.0,-66.0,-11.5,-47.188,-0.022,-0.007,-0.006,-0.14,-0.24,9.24,-0.03,-0.44,-0.56,-0.1,0.2,9.8,1.91625,2.5,10.0,0.0,5.4,8.0,1016.68,66.82,-13.81
2025-03-24 18:42:56.996000+00:00,60.10415339230508,,,,338.062,-0.562,-1.062,23.0,-66.0,-11.5,-47.188,0.004,0.011,-0.062,-0.14,-0.24,9.24,-0.03,-0.44,-0.56,-0.1,0.2,9.8,1.91625,2.5,10.0,0.0,5.4,8.0,1016.68,66.82,-13.81
2025-03-24 18:42:58.019000+00:00,60.10415339230508,,,,338.062,-0.562,-1.062,23.0,-66.0,-11.5,-47.188,-0.032,0.01,0.044,-0.14,-0.24,9.24,-0.03,-0.44,-0.56,-0.1,0.2,9.8,1.91625,2.5,10.0,0.0,5.4,8.0,1016.68,66.82,-13.81
2025-03-24 18:42:59.019000+00:00,60.10415339230508,,,,338.062,-0.562,-1.062,23.0,-66.0,-11.5,-47.188,-0.014,0.016,-0.016,-0.14,-0.24,9.24,-0.03,-0.44,-0.56,-0.1,0.2,9.8,1.91625,2.5,10.0,0.0,5.4,8.0,1016.68,66.82,-13.81
2025-03-24 18:43:00.129000+00:00,60.10415339230508,,,,338.062,-0.562,-1.062,23.0,-66.0,-11.5,-47.188,-0.006,-0.036,0.011,-0.14,-0.24,9.24,-0.03,-0.44,-0.56,-0.1,0.2,9.8,1.91625,2.5,10.0,0.0,5.4,8.0,1016.68,66.82,-13.81
2025-03-24 18:43:01.239000+00:00,60.10415339230508,,,,338.062,-0.562,-1.062,23.0,-66.0,-11.5,-47.188,0.021,-0.028,-0.008,-0.14,-0.24,9.24,-0.03,-0.44,-0.56,-0.1,0.2,9.8,1.91625,2.5,10.0,0.0,5.4,8.0,1016.68,66.82,-13.81
2025-03-24 18:43:02.039000+00:00,60.10415339230508,,,,338.062,-0.562,-1.062,23.0,-66.0,-11.5,-47.188,0.019,0.012,-0.031,-0.14,-0.24,9.24,-0.03,-0.44,-0.56,-0.1,0.2,9.8,1.91625,2.5,10.0,0.0,5.4,8.0,1016.68,66.82,-13.81
2025-03-24 18:43:03.039000+00:00,60.10415339230508,,,,338.062,-0.562,-1.062,23.0,-66.0,-11.5,-47.188,0.002,-0.012,-0.059,-0.14,-0.24,9.24,-0.03,-0.44,-0.56,-0.1,0.2,9.8,1.91625,2.5,10.0,0.0,5.4,8.0,1016.68,66.82,-13.81
2025-03-24 18:43:04.069000+00:00,60.10415339230508,,,,338.062,-0.562,-1.062,23.0,-66.0,-11.5,-47.188,-0.023,0.02,-0.017,-0.14,-0.24,9.24,-0.03,-0.44,-0.56,-0.1,0.2,9.8,1.91625,2.5,10.0,0.0,5.4,8.0,1016.68,66.82,-13.81
2025-03-24 18:43:05.068000+00:00,60.10415339230508,,,,338.062,-0.562,-1.062,23.0,-66.0,-11.5,-47.188,-0.024,0.004,-0.032,-0.14,-0.24,9.24,-0.03,-0.44,-0.56,-0.1,0.2,9.8,1.91625,2.5,10.0,0.0,5.4,8.0,1016.68,66.82,-13.81
2025-03-24 18:43:06.069000+00:00,60.10415339230508,,,,338.062,-0.562,-1.062,23.0,-66.0,-11.5,-47.188,-0.003,-0.003,0.0,-0.14,-0.24,9.24,-0.03,-0.44,-0.56,-0.1,0.2,9.8,1.91625,2.5,10.0,0.0,5.4,8.0,1016.68,66.82,-13.81
2025-03-24 18:43:07.068000+00:00,60.10415339230508,,,,338.062,-0.562,-1.062,23.0,-66.0,-11.5,-47.188,0.023,-0.009,0.043,-0.14,-0.24,9.24,-0.03,-0.44,-0.56,-0.1,0.2,9.8,1.91625,2.5,10.0,0.0,5.4,8.0,1016.68,66.82,-13.81
2025-03-24 18:43:08.079000+00:00,60.10415339230508,,,,338.062,-0.562,-1.062,23.0,-66.0,-11.5,-47.188,0.017,0.013,-0.02,-0.14,-0.24,9.24,-0.03,-0.44,-0.56,-0.1,0.2,9.8,1.91625,2.5,10.0,0.0,5.4,8.0,1016.68,66.82,-13.81
2025-03-24 18:43:09.105000+00:00,60.10415339230508,,,,338.062,-0.562,-1.062,23.0,-66.0,-11.5,-47.188,0.032,-0.003,0.014,-0.14,-0.24,9.24,-0.03,-0.44,-0.56,-0.1,0.2,9.8,1.91625,2.5,10.0,0.0,5.4,8.0,1016.68,66.82,-13.81
2025-03-24 18:43:10.318000+00:00,60.10415339230508,,,,338.062,-0.562,-1.062,23.0,-66.0,-11.5,-47.188,0.009,-0.006,-0.017,-0.14,-0.24,9.24,-0.03,-0.44,-0.56,-0.1,0.2,9.8,1.91625,2.5,10.0,0.0,5.4,8.0,1016.68,66.82,-13.81
2025-03-24 18:43:11.158000+00:00,60.10415339230508,,,,338.062,-0.562,-1.062,23.0,-66.0,-11.5,-47.188,-0.014,-0.004,-0.017,-0.14,-0.24,9.24,-0.03,-0.44,-0.56,-0.1,0.2,9.8,1.91625,2.5,10.0,0.0,5.4,8.0,1016.68,66.82,-13.81
2025-03-24 18:43:12.178000+00:00,60.10415339230508,,,,338.062,-0.562,-1.062,23.0,-66.0,-11.5,-47.188,-0.013,0.022,-0.052,-0.14,-0.24,9.24,-0.03,-0.44,-0.56,-0.1,0.2,9.8,1.91625,2.5,10.0,0.0,5.4,8.0,1016.68,66.82,-13.81
2025-03-24 18:42:13.665000+00:00,60.10415339230508,,,,338.062,-0.562,-1.062,23.0,-66.0,-11.5,-47.188,-0.013,0.022,-0.052,-0.14,-0.24,9.24,-0.03,-0.44,-0.56,-0.1,0.2,9.8,1.91625,2.5,10.0,0.0,5.4,8.0,1016.68,66.82,-13.81
2025-03-24 18:42:14.640000+00:00,60.10415339230508,,,,338.062,-0.562,-1.062,23.0,-66.0,-11.5,-47.188,-0.013,0.022,-0.052,-0.01,-0.07,9.34,-0.03,-0.44,-0.56,-0.1,0.2,9.8,1.91625,2.5,10.0,0.0,5.4,8.0,1016.68,66.82,-13.81
2025-03-24 18:42:15.643000+00:00,60.10415339230508,,,,338.062,-0.562,-1.062,23.0,-66.0,-11.5,-47.188,-0.013,0.022,-0.052,0.05,-0.21,9.54,-0.03,-0.44,-0.56,-0.1,0.2,9.8,1.91625,2.5,10.0,0.0,5.4,8.0,1016.68,66.82,-13.81
2025-03-24 18:42:16.664000+00:00,60.10415339230508,,,,338.062,-0.562,-1.062,23.0,-66.0,-11.5,-47.188,-0.013,0.022,-0.052,0.03,0.03,9.62,-0.03,-0.44,-0.56,-0.1,0.2,9.8,1.91625,2.5,10.0,0.0,5.4,8.0,1016.68,66.82,-13.81
2025-03-24 18:42:17.816000+00:00,60.10415339230508,,,,338.062,-0.562,-1.062,23.0,-66.0,-11.5,-47.188,-0.013,0.022,-0.052,-0.24,0.4,9.37,-0.03,-0.44,-0.56,-0.1,0.2,9.8,1.91625,2.5,10.0,0.0,5.4,8.0,1016.68,66.82,-13.81
2025-03-24 18:42:18.919000+00:00,60.10415339230508,,,,338.062,-0.562,-1.062,23.0,-66.0,-11.5,-47.188,-0.013,0.022,-0.052,-0.31,0.49,9.38,-0.03,-0.44,-0.56,-0.1,0.2,9.8,1.91625,2.5,10.0,0.0,5.4,8.0,1016.68,66.82,-13.81
2025-03-24 18:42:19.919000+00:00,60.10415339230508,,,,338.062,-0.562,-1.062,23.0,-66.0,-11.5,-47.188,-0.013,0.022,-0.052,-0.51,0.52,9.32,-0.03,-0.44,-0.56,-0.1,0.2,9.8,1.91625,2.5,10.0,0.0,5.4,8.0,1016.68,66.82,-13.81
2025-03-24 18:42:20.979000+00:00,60.10415339230508,,,,338.062,-0.562,-1.062,23.0,-66.0,-11.5,-47.188,-0.013,0.022,-0.052,-0.2,0.03,9.35,-0.03,-0.44,-0.56,-0.1,0.2,9.8,1.91625,2.5,10.0,0.0,5.4,8.0,1016.68,66.82,-13.81
2025-03-24 18:42:21.692000+00:00,60.10415339230508,,,,338.062,-0.562,-1.062,23.0,-66.0,-11.5,-47.188,-0.013,0.022,-0.052,0.26,0.49,9.48,-0.03,-0.44,-0.56,-0.1,0.2,9.8,1.91625,2.5,10.0,0.0,5.4,8.0,1016.68,66.82,-13.81
2025-03-24 18:42:22.713000+00:00,60.10415339230508,,,,338.062,-0.562,-1.062,23.0,-66.0,-11.5,-47.188,-0.013,0.022,-0.052,-0.49,0.46,9.53,-0.03,-0.44,-0.56,-0.1,0.2,9.8,1.91625,2.5,10.0,0.0,5.4,8.0,1016.68,66.82,-13.81
2025-03-24 18:42:23.731000+00:00,60.10415339230508,,,,338.062,-0.562,-1.062,23.0,-66.0,-11.5,-47.188,-0.013,0.022,-0.052,-0.1,0.0,9.62,-0.03,-0.44,-0.56,-0.1,0.2,9.8,1.91625,2.5,10.0,0.0,5.4,8.0,1016.68,66.82,-13.81
2025-03-24 18:42:24.723000+00:00,60.10415339230508,,,,338.062,-0.562,-1.062,23.0,-66.0,-11.5,-47.188,-0.013,0.022,-0.052,-0.36,0.39,9.36,-0.03,-0.44,-0.56,-0.1,0.2,9.8,1.91625,2.5,10.0,0.0,5.4,8.0,1016.68,66.82,-13.81
2025-03-24 18:42:25.758000+00:00,60.10415339230508,,,,338.062,-0.562,-1.062,23.0,-66.0,-11.5,-47.188,-0.013,0.022,-0.052,0.08,0.38,9.34,-0.03,-0.44,-0.56,-0.1,0.2,9.8,1.91625,2.5,10.0,0.0,5.4,8.0,1016.68,66.82,-13.81
2025-03-24 18:42:26.742000+00:00,60.10415339230508,,,,338.062,-0.562,-1.062,23.0,-66.0,-11.5,-47.188,-0.013,0.022,-0.052,-0.24,0.22,9.4,-0.03,-0.44,-0.56,-0.1,0.2,9.8,1.91625,2.5,10.0,0.0,5.4,8.0,1016.68,66.82,-13.81
2025-03-24 18:42:27.818000+00:00,60.10415339230508,,,,338.062,-0.562,-1.062,23.0,-66.0,-11.5,-47.188,-0.013,0.022,-0.052,-0.46,0.67,9.37,-0.03,-0.44,-0.56,-0.1,0.2,9.8,1.91625,2.5,10.0,0.0,5.4,8.0,1016.68,66.82,-13.81
2025-03-24 18:42:28.942000+00:00,60.10415339230508,,,,338.062,-0.562,-1.062,23.0,-66.0,-11.5,-47.188,-0.013,0.022,-0.052,-0.23,-0.06,9.51,-0.03,-0.44,-0.56,-0.1,0.2,9.8,1.91625,2.5,10.0,0.0,5.4,8.0,1016.68,66.82,-13.81
2025-03-24 18:42:29.933000+00:00,60.10415339230508,,,,338.062,-0.562,-1.062,23.0,-66.0,-11.5,-47.188,-0.013,0.022,-0.052,-0.01,0.2,9.4,-0.03,-0.44,-0.56,-0.1,0.2,9.8,1.91625,2.5,10.0,0.0,5.4,8.0,1016.68,66.82,-13.81
2025-03-24 18:42:30.907000+00:00,60.10415339230508,,,,338.062,-0.562,-1.062,23.0,-66.0,-11.5,-47.188,-0.013,0.022,-0.052,-0.66,0.14,9.33,-0.03,-0.44,-0.56,-0.1,0.2,9.8,1.91625,2.5,10.0,0.0,5.4,8.0,1016.68,66.82,-13.81
2025-03-24 18:42:32.021000+00:00,60.10415339230508,,,,338.062,-0.562,-1.062,23.0,-66.0,-11.5,-47.188,-0.013,0.022,-0.052,-0.54,0.35,9.36,-0.03,-0.44,-0.56,-0.1,0.2,9.8,1.91625,2.5,10.0,0.0,5.4,8.0,1016.68,66.82,-13.81
2025-03-24 18:42:32.820000+00:00,60.10415339230508,,,,338.062,-0.562,-1.062,23.0,-66.0,-11.5,-47.188,-0.013,0.022,-0.052,-0.29,0.52,9.35,-0.03,-0.44,-0.56,-0.1,0.2,9.8,1.91625,2.5,10.0,0.0,5.4,8.0,1016.68,66.82,-13.81
2025-03-24 18:42:33.811000+00:00,60.10415339230508,,,,338.062,-0.562,-1.062,23.0,-66.0,-11.5,-47.188,-0.013,0.022,-0.052,-0.55,0.46,9.4,-0.03,-0.44,-0.56,-0.1,0.2,9.8,1.91625,2.5,10.0,0.0,5.4,8.0,1016.68,66.82,-13.81
2025-03-24 18:42:34.860000+00:00,60.10415339230508,,,,338.062,-0.562,-1.062,23.0,-66.0,-11.5,-47.188,-0.013,0.022,-0.052,-0.03,0.11,9.49,-0.03,-0.44,-0.56,-0.1,0.2,9.8,1.91625,2.5,10.0,0.0,5.4,8.0,1016.68,66.82,-13.81
2025-03-24 18:42:35.867000+00:00,60.10415339230508,,,,338.062,-0.562,-1.062,23.0,-66.0,-11.5,-47.188,-0.013,0.022,-0.052,-0.52,-0.51,9.38,-0.03,-0.44,-0.56,-0.1,0.2,9.8,1.91625,2.5,10.0,0.0,5.4,8.0,1016.68,66.82,-13.81
2025-03-24 18:42:36.841000+00:00,60.10415339230508,,,,338.062,-0.562,-1.062,23.0,-66.0,-11.5,-47.188,-0.013,0.022,-0.052,-0.17,0.19,9.5,-0.03,-0.44,-0.56,-0.1,0.2,9.8,1.91625,2.5,10.0,0.0,5.4,8.0,1016.68,66.82,-13.81
2025-03-24 18:42:37.904000+00:00,60.10415339230508,,,,338.062,-0.562,-1.062,23.0,-66.0,-11.5,-47.188,-0.013,0.022,-0.052,-0.27,0.58,9.5,-0.03,-0.44,-0.56,-0.1,0.2,9.8,1.91625,2.5,10.0,0.0,5.4,8.0,1016.68,66.82,-13.81
2025-03-24 18:42:39.011000+00:00,60.10415339230508,,,,338.062,-0.562,-1.062,23.0,-66.0,-11.5,-47.188,-0.013,0.022,-0.052,0.06,0.23,9.38,-0.03,-0.44,-0.56,-0.1,0.2,9.8,1.91625,2.5,10.0,0.0,5.4,8.0,1016.68,66.82,-13.81
2025-03-24 18:42:40.102000+00:00,60.10415339230508,,,,338.062,-0.562,-1.062,23.0,-66.0,-11.5,-47.188,-0.013,0.022,-0.052,-0.04,0.4,9.54,-0.03,-0.44,-0.56,-0.1,0.2,9.8,1.91625,2.5,10.0,0.0,5.4,8.0,1016.68,66.82,-13.81
2025-03-24 18:42:40.902000+00:00,60.10415339230508,,,,338.062,-0.562,-1.062,23.0,-66.0,-11.5,-47.188,-0.013,0.022,-0.052,-0.38,0.1,9.63,-0.03,-0.44,-0.56,-0.1,0.2,9.8,1.91625,2.5,10.0,0.0,5.4,8.0,1016.68,66.82,-13.81
2025-03-24 18:42:41.900000+00:00,60.10415339230508,,,,338.062,-0.562,-1.062,23.0,-66.0,-11.5,-47.188,-0.013,0.022,-0.052,0.1,0.65,9.36,-0.03,-0.44,-0.56,-0.1,0.2,9.8,1.91625,2.5,10.0,0.0,5.4,8.0,1016.68,66.82,-13.81
2025-03-24 18:42:42.910000+00:00,60.10415339230508,,,,338.062,-0.562,-1.062,23.0,-66.0,-11.5,-47.188,-0.013,0.022,-0.052,-0.62,0.23,9.52,-0.03,-0.44,-0.56,-0.1,0.2,9.8,1.91625,2.5,10.0,0.0,5.4,8.0,1016.68,66.82,-13.81
2025-03-24 18:42:43.917000+00:00,60.10415339230508,,,,338.062,-0.562,-1.062,23.0,-66.0,-11.5,-47.188,-0.013,0.022,-0.052,-0.02,0.65,9.79,-0.03,-0.44,-0.56,-0.1,0.2,9.8,1.91625,2.5,10.0,0.0,5.4,8.0,1016.68,66.82,-13.81
2025-03-24 18:42:44.921000+00:00,60.10415339230508,,,,338.062,-0.562,-1.062,23.0,-66.0,-11.5,-47.188,-0.013,0.022,-0.052,0.25,-0.04,9.53,-0.03,-0.44,-0.56,-0.1,0.2,9.8,1.91625,2.5,10.0,0.0,5.4,8.0,1016.68,66.82,-13.81
2025-03-24 18:42:45.980000+00:00,60.10415339230508,,,,338.062,-0.562,-1.062,23.0,-66.0,-11.5,-47.188,-0.013,0.022,-0.052,-0.11,0.53,9.38,-0.03,-0.44,-0.56,-0.1,0.2,9.8,1.91625,2.5,10.0,0.0,5.4,8.0,1016.68,66.82,-13.81
2025-03-24 18:42:47.010000+00:00,60.10415339230508,,,,338.062,-0.562,-1.062,23.0,-66.0,-11.5,-47.188,-0.013,0.022,-0.052,0.25,0.21,9.47,-0.03,-0.44,-0.56,-0.1,0.2,9.8,1.91625,2.5,10.0,0.0,5.4,8.0,1016.68,66.82,-13.81
2025-03-24 18:42:48.242000+00:00,60.10415339230508,,,,338.062,-0.562,-1.062,23.0,-66.0,-11.5,-47.188,-0.013,0.022,-0.052,-0.24,-0.55,9.56,-0.03,-0.44,-0.56,-0.1,0.2,9.8,1.91625,2.5,10.0,0.0,5.4,8.0,1016.68,66.82,-13.81
2025-03-24 18:42:49.160000+00:00,60.10415339230508,,,,338.062,-0.562,-1.062,23.0,-66.0,-11.5,-47.188,-0.013,0.022,-0.052,-0.35,0.01,9.62,-0.03,-0.44,-0.56,-0.1,0.2,9.8,1.91625,2.5,10.0,0.0,5.4,8.0,1016.68,66.82,-13.81
2025-03-24 18:42:50.229000+00:00,60.10415339230508,,,,338.062,-0.562,-1.062,23.0,-66.0,-11.5,-47.188,-0.013,0.022,-0.052,-0.59,0.75,9.32,-0.03,-0.44,-0.56,-0.1,0.2,9.8,1.91625,2.5,10.0,0.0,5.4,8.0,1016.68,66.82,-13.81
2025-03-24 18:42:50.989000+00:00,60.10415339230508,,,,338.062,-0.562,-1.062,23.0,-66.0,-11.5,-47.188,-0.013,0.022,-0.052,-0.5,0.39,9.53,-0.03,-0.44,-0.56,-0.1,0.2,9.8,1.91625,2.5,10.0,0.0,5.4,8.0,1016.68,66.82,-13.81
2025-03-24 18:42:51.969000+00:00,60.10415339230508,,,,338.062,-0.562,-1.062,23.0,-66.0,-11.5,-47.188,-0.013,0.022,-0.052,-0.55,-0.02,9.26,-0.03,-0.44,-0.56,-0.1,0.2,9.8,1.91625,2.5,10.0,0.0,5.4,8.0,1016.68,66.82,-13.81
2025-03-24 18:42:52.989000+00:00,60.10415339230508,,,,338.062,-0.562,-1.062,23.0,-66.0,-11.5,-47.188,-0.013,0.022,-0.052,-0.17,0.31,9.17,-0.03,-0.44,-0.56,-0.1,0.2,9.8,1.91625,2.5,10.0,0.0,5.4,8.0,1016.68,66.82,-13.81
2025-03-24 18:42:53.999000+00:00,60.10415339230508,,,,338.062,-0.562,-1.062,23.0,-66.0,-11.5,-47.188,-0.013,0.022,-0.052,-0.33,0.31,9.23,-0.03,-0.44,-0.56,-0.1,0.2,9.8,1.91625,2.5,10.0,0.0,5.4,8.0,1016.68,66.82,-13.81
2025-03-24 18:42:55.016000+00:00,60.10415339230508,,,,338.062,-0.562,-1.062,23.0,-66.0,-11.5,-47.188,-0.013,0.022,-0.052,0.43,0.47,9.69,-0.03,-0.44,-0.56,-0.1,0.2,9.8,1.91625,2.5,10.0,0.0,5.4,8.0,1016.68,66.82,-13.81
2025-03-24 18:42:56.019000+00:00,60.10415339230508,,,,338.062,-0.562,-1.062,23.0,-66.0,-11.5,-47.188,-0.013,0.022,-0.052,0.57,-0.03,9.28,-0.03,-0.44,-0.56,-0.1,0.2,9.8,1.91625,2.5,10.0,0.0,5.4,8.0,1016.68,66.82,-13.81
2025-03-24 18:42:57.049000+00:00,60.10415339230508,,,,338.062,-0.562,-1.062,23.0,-66.0,-11.5,-47.188,-0.013,0.022,-0.052,-0.19,0.35,9.42,-0.03,-0.44,-0.56,-0.1,0.2,9.8,1.91625,2.5,10.0,0.0,5.4,8.0,1016.68,66.82,-13.81
2025-03-24 18:42:58.069000+00:00,60.10415339230508,,,,338.062,-0.562,-1.062,23.0,-66.0,-11.5,-47.188,-0.013,0.022,-0.052,-0.92,0.52,9.43,-0.03,-0.44,-0.56,-0.1,0.2,9.8,1.91625,2.5,10.0,0.0,5.4,8.0,1016.68,66.82,-13.81
2025-03-24 18:42:59.069000+00:00,60.10415339230508,,,,338.062,-0.562,-1.062,23.0,-66.0,-11.5,-47.188,-0.013,0.022,-0.052,0.0,0.12,9.45,-0.03,-0.44,-0.56,-0.1,0.2,9.8,1.91625,2.5,10.0,0.0,5.4,8.0,1016.68,66.82,-13.81
2025-03-24 18:43:00.178000+00:00,60.10415339230508,,,,338.062,-0.562,-1.062,23.0,-66.0,-11.5,-47.188,-0.013,0.022,-0.052,0.0,0.29,9.39,-0.03,-0.44,-0.56,-0.1,0.2,9.8,1.91625,2.5,10.0,0.0,5.4,8.0,1016.68,66.82,-13.81
2025-03-24 18:43:01.289000+00:00,60.10415339230508,,,,338.062,-0.562,-1.062,23.0,-66.0,-11.5,-47.188,-0.013,0.022,-0.052,0.67,-0.05,9.45,-0.03,-0.44,-0.56,-0.1,0.2,9.8,1.91625,2.5,10.0,0.0,5.4,8.0,1016.68,66.82,-13.81
2025-03-24 18:43:02.088000+00:00,60.10415339230508,,,,338.062,-0.562,-1.062,23.0,-66.0,-11.5,-47.188,-0.013,0.022,-0.052,-0.35,0.02,9.5,-0.03,-0.44,-0.56,-0.1,0.2,9.8,1.91625,2.5,10.0,0.0,5.4,8.0,1016.68,66.82,-13.81
2025-03-24 18:43:03.089000+00:00,60.10415339230508,,,,338.062,-0.562,-1.062,23.0,-66.0,-11.5,-47.188,-0.013,0.022,-0.052,-0.04,0.15,9.37,-0.03,-0.44,-0.56,-0.1,0.2,9.8,1.91625,2.5,10.0,0.0,5.4,8.0,1016.68,66.82,-13.81
2025-03-24 18:43:04.119000+00:00,60.10415339230508,,,,338.062,-0.562,-1.062,23.0,-66.0,-11.5,-47.188,-0.013,0.022,-0.052,-0.41,0.0,9.37,-0.03,-0.44,-0.56,-0.1,0.2,9.8,1.91625,2.5,10.0,0.0,5.4,8.0,1016.68,66.82,-13.81
2025-03-24 18:43:05.119000+00:00,60.10415339230508,,,,338.062,-0.562,-1.062,23.0,-66.0,-11.5,-47.188,-0.013,0.022,-0.052,-0.45,-0.13,9.45,-0.03,-0.44,-0.56,-0.1,0.2,9.8,1.91625,2.5,10.0,0.0,5.4,8.0,1016.68,66.82,-13.81
2025-03-24 18:43:06.124000+00:00,60.10415339230508,,,,338.062,-0.562,-1.062,23.0,-66.0,-11.5,-47.188,-0.013,0.022,-0.052,-0.2,0.33,9.47,-0.03,-0.44,-0.56,-0.1,0.2,9.8,1.91625,2.5,10.0,0.0,5.4,8.0,1016.68,66.82,-13.81
2025-03-24 18:43:07.118000+00:00,60.10415339230508,,,,338.062,-0.562,-1.062,23.0,-66.0,-11.5,-47.188,-0.013,0.022,-0.052,-0.39,-0.05,9.33,-0.03,-0.44,-0.56,-0.1,0.2,9.8,1.91625,2.5,10.0,0.0,5.4,8.0,1016.68,66.82,-13.81
2025-03-24 18:43:08.128000+00:00,60.10415339230508,,,,338.062,-0.562,-1.062,23.0,-66.0,-11.5,-47.188,-0.013,0.022,-0.052,0.04,0.35,9.42,-0.03,-0.44,-0.56,-0.1,0.2,9.8,1.91625,2.5,10.0,0.0,5.4,8.0,1016.68,66.82,-13.81
2025-03-24 18:43:09.158000+00:00,60.10415339230508,,,,338.062,-0.562,-1.062,23.0,-66.0,-11.5,-47.188,-0.013,0.022,-0.052,-0.84,0.14,9.25,-0.03,-0.44,-0.56,-0.1,0.2,9.8,1.91625,2.5,10.0,0.0,5.4,8.0,1016.68,66.82,-13.81
2025-03-24 18:43:10.368000+00:00,60.10415339230508,,,,338.062,-0.562,-1.062,23.0,-66.0,-11.5,-47.188,-0.013,0.022,-0.052,-0.47,0.11,9.43,-0.03,-0.44,-0.56,-0.1,0.2,9.8,1.91625,2.5,10.0,0.0,5.4,8.0,1016.68,66.82,-13.81
2025-03-24 18:43:11.208000+00:00,60.10415339230508,,,,338.062,-0.562,-1.062,23.0,-66.0,-11.5,-47.188,-0.013,0.022,-0.052,-0.32,0.23,9.39,-0.03,-0.44,-0.56,-0.1,0.2,9.8,1.91625,2.5,10.0,0.0,5.4,8.0,1016.68,66.82,-13.81
2025-03-24 18:43:12.228000+00:00,60.10415339230508,,,,338.062,-0.562,-1.062,23.0,-66.0,-11.5,-47.188,-0.013,0.022,-0.052,0.32,-0.01,9.47,-0.03,-0.44,-0.56,-0.1,0.2,9.8,1.91625,2.5,10.0,0.0,5.4,8.0,1016.68,66.82,-13.81
2025-03-24 18:42:13.713000+00:00,60.10415339230508,,,,338.062,-0.562,-1.062,23.0,-66.0,-11.5,-47.188,-0.013,0.022,-0.052,0.32,-0.01,9.47,-0.03,-0.44,-0.56,-0.1,0.2,9.8,1.91625,2.5,10.0,0.0,5.4,8.0,1016.68,66.82,-13.81
2025-03-24 18:42:14.693000+00:00,60.10415339230508,,,,338.062,-0.562,-1.062,23.0,-66.0,-11.5,-47.188,-0.013,0.022,-0.052,0.32,-0.01,9.47,0.09,-0.29,-0.45,-0.1,0.2,9.8,1.91625,2.5,10.0,0.0,5.4,8.0,1016.68,66.82,-13.81
2025-03-24 18:42:15.693000+00:00,60.10415339230508,,,,338.062,-0.562,-1.062,23.0,-66.0,-11.5,-47.188,-0.013,0.022,-0.052,0.32,-0.01,9.47,0.16,-0.41,-0.26,-0.1,0.2,9.8,1.91625,2.5,10.0,0.0,5.4,8.0,1016.68,66.82,-13.81
2025-03-24 18:42:16.712000+00:00,60.10415339230508,,,,338.062,-0.562,-1.062,23.0,-66.0,-11.5,-47.188,-0.013,0.022,-0.052,0.32,-0.01,9.47,0.14,-0.17,-0.17,-0.1,0.2,9.8,1.91625,2.5,10.0,0.0,5.4,8.0,1016.68,66.82,-13.81
2025-03-24 18:42:17.869000+00:00,60.10415339230508,,,,338.062,-0.562,-1.062,23.0,-66.0,-11.5,-47.188,-0.013,0.022,-0.052,0.32,-0.01,9.47,-0.13,0.19,-0.42,-0.1,0.2,9.8,1.91625,2.5,10.0,0.0,5.4,8.0,1016.68,66.82,-13.81
2025-03-24 18:42:18.979000+00:00,60.10415339230508,,,,338.062,-0.562,-1.062,23.0,-66.0,-11.5,-47.188,-0.013,0.022,-0.052,0.32,-0.01,9.47,-0.2,0.26,-0.42,-0.1,0.2,9.8,1.91625,2.5,10.0,0.0,5.4,8.0,1016.68,66.82,-13.81
2025-03-24 18:42:19.974000+00:00,60.10415339230508,,,,338.062,-0.562,-1.062,23.0,-66.0,-11.5,-47.188,-0.013,0.022,-0.052,0.32,-0.01,9.47,-0.38,0.31,-0.48,-0.1,0.2,9.8,1.91625,2.5,10.0,0.0,5.4,8.0,1016.68,66.82,-13.81
2025-03-24 18:42:21.039000+00:00,60.10415339230508,,,,338.062,-0.562,-1.062,23.0,-66.0,-11.5,-47.188,-0.013,0.022,-0.052,0.32,-0.01,9.47,-0.09,-0.21,-0.44,-0.1,0.2,9.8,1.91625,2.5,10.0,0.0,5.4,8.0,1016.68,66.82,-13.81
2025-03-24 18:42:21.749000+00:00,60.10415339230508,,,,338.062,-0.562,-1.062,23.0,-66.0,-11.5,-47.188,-0.013,0.022,-0.052,0.32,-0.01,9.47,0.37,0.27,-0.31,-0.1,0.2,9.8,1.91625,2.5,10.0,0.0,5.4,8.0,1016.68,66.82,-13.81
2025-03-24 18:42:22.772000+00:00,60.10415339230508,,,,338.062,-0.562,-1.062,23.0,-66.0,-11.5,-47.188,-0.013,0.022,-0.052,0.32,-0.01,9.47,-0.39,-0.31,-0.22,-0.1,0.2,9.8,1.91625,2.5,10.0,0.0,5.4,8.0,1016.68,66.82,-13.81
2025-03-24 18:42:23.782000+00:00,60.10415339230508,,,,338.062,-0.562,-1.062,23.0,-66.0,-11.5,-47.188,-0.013,0.022,-0.052,0.32,-0.01,9.47,0.01,0.0,-0.56,-0.1,0.2,9.8,1.91625,2.5,10.0,0.0,5.4,8.0,1016.68,66.82,-13.81
2025-03-24 18:42:24.779000+00:00,60.10415339230508,,,,338.062,-0.562,-1.062,23.0,-66.0,-11.5,-47.188,-0.013,0.022,-0.052,0.32,-0.01,9.47,0.14,0.19,-0.46,-0.1,0.2,9.8,1.91625,2.5,10.0,0.0,5.4,8.0,1016.68,66.82,-13.81
2025-03-24 18:42:25.816000+00:00,60.10415339230508,,,,338.062,-0.562,-1.062,23.0,-66.0,-11.5,-47.188,-0.013,0.022,-0.052,0.32,-0.01,9.47,-0.16,0.31,-0.36,-0.1,0.2,9.8,1.91625,2.5,10.0,0.0,5.4,8.0,1016.68,66.82,-13.81
2025-03-24 18:42:26.791000+00:00,60.10415339230508,,,,338.062,-0.562,-1.062,23.0,-66.0,-11.5,-47.188,-0.013,0.022,-0.052,0.32,-0.01,9.47,-0.12,0.03,-0.39,-0.1,0.2,9.8,1.91625,2.5,10.0,0.0,5.4,8.0,1016.68,66.82,-13.81
2025-03-24 18:42:27.876000+00:00,60.10415339230508,,,,338.062,-0.562,-1.062,23.0,-66.0,-11.5,-47.188,-0.013,0.022,-0.052,0.32,-0.01,9.47,-0.34,0.49,-0.43,-0.1,0.2,9.8,1.91625,2.5,10.0,0.0,5.4,8.0,1016.68,66.82,-13.81
2025-03-24 18:42:28.991000+00:00,60.10415339230508,,,,338.062,-0.562,-1.062,23.0,-66.0,-11.5,-47.188,-0.013,0.022,-0.052,0.32,-0.01,9.47,-0.1,-0.22,-0.28,-0.1,0.2,9.8,1.91625,2.5,10.0,0.0,5.4,8.0,1016.68,66.82,-13.81
2025-03-24 18:42:29.987000+00:00,60.10415339230508,,,,338.062,-0.562,-1.062,23.0,-66.0,-11.5,-47.188,-0.013,0.022,-0.052,0.32,-0.01,9.47,0.12,0.02,-0.39,-0.1,0.2,9.8,1.91625,2.5,10.0,0.0,5.4,8.0,1016.68,66.82,-13.81
2025-03-24 18:42:30.956000+00:00,60.10415339230508,,,,338.062,-0.562,-1.062,23.0,-66.0,-11.5,-47.188,-0.013,0.022,-0.052,0.32,-0.01,9.47,-0.5,-0.04,-0.47,-0.1,0.2,9.8,1.91625,2.5,10.0,0.0,5.4,8.0,1016.68,66.82,-13.81
2025-03-24 18:42:32.078000+00:00,60.10415339230508,,,,338.062,-0.562,-1.062,23.0,-66.0,-11.5,-47.188,-0.013,0.022,-0.052,0.32,-0.01,9.47,-0.47,0.23,-0.36,-0.1,0.2,9.8,1.91625,2.5,10.0,0.0,5.4,8.0,1016.68,66.82,-13.81
2025-03-24 18:42:32.881000+00:00,60.10415339230508,,,,338.062,-0.562,-1.062,23.0,-66.0,-11.5,-47.188,-0.013,0.022,-0.052,0.32,-0.01,9.47,-0.09,0.33,-0.44,-0.1,0.2,9.8,1.91625,2.5,10.0,0.0,5.4,8.0,1016.68,66.82,-13.81
2025-03-24 18:42:33.868000+00:00,60.10415339230508,,,,338.062,-0.562,-1.062,23.0,-66.0,-11.5,-47.188,-0.013,0.022,-0.052,0.32,-0.01,9.47,-0.39,0.24,-0.39,-0.1,0.2,9.8,1.91625,2.5,10.0,0.0,5.4,8.0,1016.68,66.82,-13.81
2025-03-24 18:42:34.917000+00:00,60.10415339230508,,,,338.062,-0.562,-1.062,23.0,-66.0,-11.5,-47.188,-0.013,0.022,-0.052,0.32,-0.01,9.47,0.11,-0.08,-0.31,-0.1,0.2,9.8,1.91625,2.5,10.0,0.0,5.4,8.0,1016.68,66.82,-13.81
2025-03-24 18:42:35.920000+00:00,60.10415339230508,,,,338.062,-0.562,-1.062,23.0,-66.0,-11.5,-47.188,-0.013,0.022,-0.052,0.32,-0.01,9.47,-0.36,-0.73,-0.42,-0.1,0.2,9.8,1.91625,2.5,10.0,0.0,5.4,8.0,1016.68,66.82,-13.81
2025-03-24 18:42:36.891000+00:00,60.10415339230508,,,,338.062,-0.562,-1.062,23.0,-66.0,-11.5,-47.188,-0.013,0.022,-0.052,0.32,-0.01,9.47,-0.02,-0.03,-0.29,-0.1,0.2,9.8,1.91625,2.5,10.0,0.0,5.4,8.0,1016.68,66.82,-13.81
2025-03-24 18:42:37.950000+00:00,60.10415339230508,,,,338.062,-0.562,-1.062,23.0,-66.0,-11.5,-47.188,-0.013,0.022,-0.052,0.32,-0.01,9.47,-0.12,0.35,-0.29,-0.1,0.2,9.8,1.91625,2.5,10.0,0.0,5.4,8.0,1016.68,66.82,-13.81
2025-03-24 18:42:39.061000+00:00,60.10415339230508,,,,338.062,-0.562,-1.062,23.0,-66.0,-11.5,-47.188,-0.013,0.022,-0.052,0.32,-0.01,9.47,0.22,0.03,-0.42,-0.1,0.2,9.8,1.91625,2.5,10.0,0.0,5.4,8.0,1016.68,66.82,-13.81
2025-03-24 18:42:40.151000+00:00,60.10415339230508,,,,338.062,-0.562,-1.062,23.0,-66.0,-11.5,-47.188,-0.013,0.022,-0.052,0.32,-0.01,9.47,0.09,0.2,-0.25,-0.1,0.2,9.8,1.91625,2.5,10.0,0.0,5.4,8.0,1016.68,66.82,-13.81
2025-03-24 18:42:40.951000+00:00,60.10415339230508,,,,338.062,-0.562,-1.062,23.0,-66.0,-11.5,-47.188,-0.013,0.022,-0.052,0.32,-0.01,9.47,-0.23,-0.09,-0.16,-0.1,0.2,9.8,1.91625,2.5,10.0,0.0,5.4,8.0,1016.68,66.82,-13.81
2025-03-24 18:42:41.950000+00:00,60.10415339230508,,,,338.062,-0.562,-1.062,23.0,-66.0,-11.5,-47.188,-0.013,0.022,-0.052,0.32,-0.01,9.47,0.23,0.44,-0.43,-0.1,0.2,9.8,1.91625,2.5,10.0,0.0,5.4,8.0,1016.68,66.82,-13.81
2025-03-24 18:42:42.970000+00:00,60.10415339230508,,,,338.062,-0.562,-1.062,23.0,-66.0,-11.5,-47.188,-0.013,0.022,-0.052,0.32,-0.01,9.47,-0.48,0.04,-0.27,-0.1,0.2,9.8,1.91625,2.5,10.0,0.0,5.4,8.0,1016.68,66.82,-13.81
2025-03-24 18:42:43.973000+00:00,60.10415339230508,,,,338.062,-0.562,-1.062,23.0,-66.0,-11.5,-47.188,-0.013,0.022,-0.052,0.32,-0.01,9.47,0.1,0.46,-0.01,-0.1,0.2,9.8,1.91625,2.5,10.0,0.0,5.4,8.0,1016.68,66.82,-13.81
2025-03-24 18:42:44.971000+00:00,60.10415339230508,,,,338.062,-0.562,-1.062,23.0,-66.0,-11.5,-47.188,-0.013,0.022,-0.052,0.32,-0.01,9.47,0.36,-0.22,-0.26,-0.1,0.2,9.8,1.91625,2.5,10.0,0.0,5.4,8.0,1016.68,66.82,-13.81
2025-03-24 18:42:46.030000+00:00,60.10415339230508,,,,338.062,-0.562,-1.062,23.0,-66.0,-11.5,-47.188,-0.013,0.022,-0.052,0.32,-0.01,9.47,0.0,0.32,-0.41,-0.1,0.2,9.8,1.91625,2.5,10.0,0.0,5.4,8.0,1016.68,66.82,-13.81
2025-03-24 18:42:47.060000+00:00,60.10415339230508,,,,338.062,-0.562,-1.062,23.0,-66.0,-11.5,-47.188,-0.013,0.022,-0.052,0.32,-0.01,9.47,0.33,0.0,-0.32,-0.1,0.2,9.8,1.91625,2.5,10.0,0.0,5.4,8.0,1016.68,66.82,-13.81
2025-03-24 18:42:48.289000+00:00,60.10415339230508,,,,338.062,-0.562,-1.062,23.0,-66.0,-11.5,-47.188,-0.013,0.022,-0.052,0.32,-0.01,9.47,-0.16,-0.72,-0.24,-0.1,0.2,9.8,1.91625,2.5,10.0,0.0,5.4,8.0,1016.68,66.82,-13.81
2025-03-24 18:42:49.210000+00:00,60.10415339230508,,,,338.062,-0.562,-1.062,23.0,-66.0,-11.5,-47.188,-0.013,0.022,-0.052,0.32,-0.01,9.47,-0.25,-0.16,-0.17,-0.1,0.2,9.8,1.91625,2.5,10.0,0.0,5.4,8.0,1016.68,66.82,-13.81
2025-03-24 18:42:50.290000+00:00,60.10415339230508,,,,338.062,-0.562,-1.062,23.0,-66.0,-11.5,-47.188,-0.013,0.022,-0.052,0.32,-0.01,9.47,-0.5,0.53,-0.47,-0.1,0.2,9.8,1.91625,2.5,10.0,0.0,5.4,8.0,1016.68,66.82,-13.81
2025-03-24 18:42:51.047000+00:00,60.10415339230508,,,,338.062,-0.562,-1.062,23.0,-66.0,-11.5,-47.188,-0.013,0.022,-0.052,0.32,-0.01,9.47,0.08,-0.2,-0.45,-0.1,0.2,9.8,1.91625,2.5,10.0,0.0,5.4,8.0,1016.68,66.82,-13.81
2025-03-24 18:42:52.019000+00:00,60.10415339230508,,,,338.062,-0.562,-1.062,23.0,-66.0,-11.5,-47.188,-0.013,0.022,-0.052,0.32,-0.01,9.47,-0.34,-0.12,-0.57,-0.1,0.2,9.8,1.91625,2.5,10.0,0.0,5.4,8.0,1016.68,66.82,-13.81
2025-03-24 18:42:53.039000+00:00,60.10415339230508,,,,338.062,-0.562,-1.062,23.0,-66.0,-11.5,-47.188,-0.013,0.022,-0.052,0.32,-0.01,9.47,-0.08,0.07,-0.62,-0.1,0.2,9.8,1.91625,2.5,10.0,0.0,5.4,8.0,1016.68,66.82,-13.81
2025-03-24 18:42:54.048000+00:00,60.10415339230508,,,,338.062,-0.562,-1.062,23.0,-66.0,-11.5,-47.188,-0.013,0.022,-0.052,0.32,-0.01,9.47,-0.23,0.08,-0.57,-0.1,0.2,9.8,1.91625,2.5,10.0,0.0,5.4,8.0,1016.68,66.82,-13.81
2025-03-24 18:42:55.069000+00:00,60.10415339230508,,,,338.062,-0.562,-1.062,23.0,-66.0,-11.5,-47.188,-0.013,0.022,-0.052,0.32,-0.01,9.47,-0.09,0.0,-0.54,-0.1,0.2,9.8,1.91625,2.5,10.0,0.0,5.4,8.0,1016.68,66.82,-13.81
2025-03-24 18:42:56.076000+00:00,60.10415339230508,,,,338.062,-0.562,-1.062,23.0,-66.0,-11.5,-47.188,-0.013,0.022,-0.052,0.32,-0.01,9.47,0.34,-0.5,-0.4,-0.1,0.2,9.8,1.91625,2.5,10.0,0.0,5.4,8.0,1016.68,66.82,-13.81
2025-03-24 18:42:57.099000+00:00,60.10415339230508,,,,338.062,-0.562,-1.062,23.0,-66.0,-11.5,-47.188,-0.013,0.022,-0.052,0.32,-0.01,9.47,-0.47,0.07,-0.41,-0.1,0.2,9.8,1.91625,2.5,10.0,0.0,5.4,8.0,1016.68,66.82,-13.81
2025-03-24 18:42:58.118000+00:00,60.10415339230508,,,,338.062,-0.562,-1.062,23.0,-66.0,-11.5,-47.188,-0.013,0.022,-0.052,0.32,-0.01,9.47,-0.43,-0.03,-0.4,-0.1,0.2,9.8,1.91625,2.5,10.0,0.0,5.4,8.0,1016.68,66.82,-13.81
2025-03-24 18:42:59.118000+00:00,60.10415339230508,,,,338.062,-0.562,-1.062,23.0,-66.0,-11.5,-47.188,-0.013,0.022,-0.052,0.32,-0.01,9.47,-0.08,-0.24,-0.49,-0.1,0.2,9.8,1.91625,2.5,10.0,0.0,5.4,8.0,1016.68,66.82,-13.81
2025-03-24 18:43:00.238000+00:00,60.10415339230508,,,,338.062,-0.562,-1.062,23.0,-66.0,-11.5,-47.188,-0.013,0.022,-0.052,0.32,-0.01,9.47,0.09,0.1,-0.4,-0.1,0.2,9.8,1.91625,2.5,10.0,0.0,5.4,8.0,1016.68,66.82,-13.81
2025-03-24 18:43:01.340000+00:00,60.10415339230508,,,,338.062,-0.562,-1.062,23.0,-66.0,-11.5,-47.188,-0.013,0.022,-0.052,0.32,-0.01,9.47,0.75,-0.23,-0.35,-0.1,0.2,9.8,1.91625,2.5,10.0,0.0,5.4,8.0,1016.68,66.82,-13.81
2025-03-24 18:43:02.138000+00:00,60.10415339230508,,,,338.062,-0.562,-1.062,23.0,-66.0,-11.5,-47.188,-0.013,0.022,-0.052,0.32,-0.01,9.47,-0.26,-0.17,-0.3,-0.1,0.2,9.8,1.91625,2.5,10.0,0.0,5.4,8.0,1016.68,66.82,-13.81
2025-03-24 18:43:03.139000+00:00,60.10415339230508,,,,338.062,-0.562,-1.062,23.0,-66.0,-11.5,-47.188,-0.013,0.022,-0.052,0.32,-0.01,9.47,0.05,-0.05,-0.42,-0.1,0.2,9.8,1.91625,2.5,10.0,0.0,5.4,8.0,1016.68,66.82,-13.81
2025-03-24 18:43:04.169000+00:00,60.10415339230508,,,,338.062,-0.562,-1.062,23.0,-66.0,-11.5,-47.188,-0.013,0.022,-0.052,0.32,-0.01,9.47,-0.32,-0.2,-0.42,-0.1,0.2,9.8,1.91625,2.5,10.0,0.0,5.4,8.0,1016.68,66.82,-13.81
2025-03-24 18:43:05.169000+00:00,60.10415339230508,,,,338.062,-0.562,-1.062,23.0,-66.0,-11.5,-47.188,-0.013,0.022,-0.052,0.32,-0.01,9.47,-0.36,-0.32,-0.34,-0.1,0.2,9.8,1.91625,2.5,10.0,0.0,5.4,8.0,1016.68,66.82,-13.81
2025-03-24 18:43:06.168000+00:00,60.10415339230508,,,,338.062,-0.562,-1.062,23.0,-66.0,-11.5,-47.188,-0.013,0.022,-0.052,0.32,-0.01,9.47,-0.32,-0.48,-0.35,-0.1,0.2,9.8,1.91625,2.5,10.0,0.0,5.4,8.0,1016.68,66.82,-13.81
2025-03-24 18:43:07.168000+00:00,60.10415339230508,,,,338.062,-0.562,-1.062,23.0,-66.0,-11.5,-47.188,-0.013,0.022,-0.052,0.32,-0.01,9.47,-0.27,-0.24,-0.47,-0.1,0.2,9.8,1.91625,2.5,10.0,0.0,5.4,8.0,1016.68,66.82,-13.81
2025-03-24 18:43:08.185000+00:00,60.10415339230508,,,,338.062,-0.562,-1.062,23.0,-66.0,-11.5,-47.188,-0.013,0.022,-0.052,0.32,-0.01,9.47,0.16,0.16,-0.37,-0.1,0.2,9.8,1.91625,2.5,10.0,0.0,5.4,8.0,1016.68,66.82,-13.81
2025-03-24 18:43:09.209000+00:00,60.10415339230508,,,,338.062,-0.562,-1.062,23.0,-66.0,-11.5,-47.188,-0.013,0.022,-0.052,0.32,-0.01,9.47,-0.71,-0.05,-0.55,-0.1,0.2,9.8,1.91625,2.5,10.0,0.0,5.4,8.0,1016.68,66.82,-13.81
2025-03-24 18:43:10.428000+00:00,60.10415339230508,,,,338.062,-0.562,-1.062,23.0,-66.0,-11.5,-47.188,-0.013,0.022,-0.052,0.32,-0.01,9.47,-0.36,-0.08,-0.37,-0.1,0.2,9.8,1.91625,2.5,10.0,0.0,5.4,8.0,1016.68,66.82,-13.81
2025-03-24 18:43:11.260000+00:00,60.10415339230508,,,,338.062,-0.562,-1.062,23.0,-66.0,-11.5,-47.188,-0.013,0.022,-0.052,0.32,-0.01,9.47,-0.21,0.03,-0.4,-0.1,0.2,9.8,1.91625,2.5,10.0,0.0,5.4,8.0,1016.68,66.82,-13.81
2025-03-24 18:43:12.285000+00:00,60.10415339230508,,,,338.062,-0.562,-1.062,23.0,-66.0,-11.5,-47.188,-0.013,0.022,-0.052,0.32,-0.01,9.47,0.42,-0.2,-0.33,-0.1,0.2,9.8,1.91625,2.5,10.0,0.0,5.4,8.0,1016.68,66.82,-13.81
2025-03-24 18:42:13.762000+00:00,60.10415339230508,,,,338.062,-0.562,-1.062,23.0,-66.0,-11.5,-47.188,-0.013,0.022,-0.052,0.32,-0.01,9.47,0.42,-0.2,-0.33,-0.1,0.2,9.8,1.91625,2.5,10.0,0.0,5.4,8.0,1016.68,66.82,-13.81
2025-03-24 18:42:14.750000+00:00,60.10415339230508,,,,338.062,-0.562,-1.062,23.0,-66.0,-11.5,-47.188,-0.013,0.022,-0.052,0.32,-0.01,9.47,0.42,-0.2,-0.33,-0.11,0.21,9.8,1.91625,2.5,10.0,0.0,5.4,8.0,1016.68,66.82,-13.81
2025-03-24 18:42:15.742000+00:00,60.10415339230508,,,,338.062,-0.562,-1.062,23.0,-66.0,-11.5,-47.188,-0.013,0.022,-0.052,0.32,-0.01,9.47,0.42,-0.2,-0.33,-0.11,0.19,9.8,1.91625,2.5,10.0,0.0,5.4,8.0,1016.68,66.82,-13.81
2025-03-24 18:42:16.763000+00:00,60.10415339230508,,,,338.062,-0.562,-1.062,23.0,-66.0,-11.5,-47.188,-0.013,0.022,-0.052,0.32,-0.01,9.47,0.42,-0.2,-0.33,-0.1,0.21,9.8,1.91625,2.5,10.0,0.0,5.4,8.0,1016.68,66.82,-13.81
2025-03-24 18:42:17.929000+00:00,60.10415339230508,,,,338.062,-0.562,-1.062,23.0,-66.0,-11.5,-47.188,-0.013,0.022,-0.052,0.32,-0.01,9.47,0.42,-0.2,-0.33,-0.1,0.21,9.8,1.91625,2.5,10.0,0.0,5.4,8.0,1016.68,66.82,-13.81
2025-03-24 18:42:19.037000+00:00,60.10415339230508,,,,338.062,-0.562,-1.062,23.0,-66.0,-11.5,-47.188,-0.013,0.022,-0.052,0.32,-0.01,9.47,0.42,-0.2,-0.33,-0.1,0.22,9.8,1.91625,2.5,10.0,0.0,5.4,8.0,1016.68,66.82,-13.81
2025-03-24 18:42:20.022000+00:00,60.10415339230508,,,,338.062,-0.562,-1.062,23.0,-66.0,-11.5,-47.188,-0.013,0.022,-0.052,0.32,-0.01,9.47,0.42,-0.2,-0.33,-0.12,0.2,9.8,1.91625,2.5,10.0,0.0,5.4,8.0,1016.68,66.82,-13.81
2025-03-24 18:42:21.098000+00:00,60.10415339230508,,,,338.062,-0.562,-1.062,23.0,-66.0,-11.5,-47.188,-0.013,0.022,-0.052,0.32,-0.01,9.47,0.42,-0.2,-0.33,-0.11,0.24,9.8,1.91625,2.5,10.0,0.0,5.4,8.0,1016.68,66.82,-13.81
2025-03-24 18:42:21.808000+00:00,60.10415339230508,,,,338.062,-0.562,-1.062,23.0,-66.0,-11.5,-47.188,-0.013,0.022,-0.052,0.32,-0.01,9.47,0.42,-0.2,-0.33,-0.1,0.22,9.8,1.91625,2.5,10.0,0.0,5.4,8.0,1016.68,66.82,-13.81
2025-03-24 18:42:22.822000+00:00,60.10415339230508,,,,338.062,-0.562,-1.062,23.0,-66.0,-11.5,-47.188,-0.013,0.022,-0.052,0.32,-0.01,9.47,0.42,-0.2,-0.33,-0.11,0.22,9.8,1.91625,2.5,10.0,0.0,5.4,8.0,1016.68,66.82,-13.81
2025-03-24 18:42:23.832000+00:00,60.10415339230508,,,,338.062,-0.562,-1.062,23.0,-66.0,-11.5,-47.188,-0.013,0.022,-0.052,0.32,-0.01,9.47,0.42,-0.2,-0.33,-0.1,0.21,9.8,1.91625,2.5,10.0,0.0,5.4,8.0,1016.68,66.82,-13.81
2025-03-24 18:42:24.837000+00:00,60.10415339230508,,,,338.062,-0.562,-1.062,23.0,-66.0,-11.5,-47.188,-0.013,0.022,-0.052,0.32,-0.01,9.47,0.42,-0.2,-0.33,-0.1,0.23,9.8,1.91625,2.5,10.0,0.0,5.4,8.0,1016.68,66.82,-13.81
2025-03-24 18:42:25.862000+00:00,60.10415339230508,,,,338.062,-0.562,-1.062,23.0,-66.0,-11.5,-47.188,-0.013,0.022,-0.052,0.32,-0.01,9.47,0.42,-0.2,-0.33,-0.11,0.2,9.8,1.91625,2.5,10.0,0.0,5.4,8.0,1016.68,66.82,-13.81
2025-03-24 18:42:26.842000+00:00,60.10415339230508,,,,338.062,-0.562,-1.062,23.0,-66.0,-11.5,-47.188,-0.013,0.022,-0.052,0.32,-0.01,9.47,0.42,-0.2,-0.33,-0.11,0.19,9.8,1.91625,2.5,10.0,0.0,5.4,8.0,1016.68,66.82,-13.81
2025-03-24 18:42:27.921000+00:00,60.10415339230508,,,,338.062,-0.562,-1.062,23.0,-66.0,-11.5,-47.188,-0.013,0.022,-0.052,0.32,-0.01,9.47,0.42,-0.2,-0.33,-0.12,0.18,9.8,1.91625,2.5,10.0,0.0,5.4,8.0,1016.68,66.82,-13.81
2025-03-24 18:42:29.048000+00:00,60.10415339230508,,,,338.062,-0.562,-1.062,23.0,-66.0,-11.5,-47.188,-0.013,0.022,-0.052,0.32,-0.01,9.47,0.42,-0.2,-0.33,-0.13,0.16,9.8,1.91625,2.5,10.0,0.0,5.4,8.0,1016.68,66.82,-13.81
2025-03-24 18:42:30.043000+00:00,60.10415339230508,,,,338.062,-0.562,-1.062,23.0,-66.0,-11.5,-47.188,-0.013,0.022,-0.052,0.32,-0.01,9.47,0.42,-0.2,-0.33,-0.13,0.18,9.8,1.91625,2.5,10.0,0.0,5.4,8.0,1016.68,66.82,-13.81
2025-03-24 18:42:31.002000+00:00,60.10415339230508,,,,338.062,-0.562,-1.062,23.0,-66.0,-11.5,-47.188,-0.013,0.022,-0.052,0.32,-0.01,9.47,0.42,-0.2,-0.33,-0.15,0.19,9.8,1.91625,2.5,10.0,0.0,5.4,8.0,1016.68,66.82,-13.81
2025-03-24 18:42:32.136000+00:00,60.10415339230508,,,,338.062,-0.562,-1.062,23.0,-66.0,-11.5,-47.188,-0.013,0.022,-0.052,0.32,-0.01,9.47,0.42,-0.2,-0.33,-0.19,0.18,9.8,1.91625,2.5,10.0,0.0,5.4,8.0,1016.68,66.82,-13.81
2025-03-24 18:42:32.931000+00:00,60.10415339230508,,,,338.062,-0.562,-1.062,23.0,-66.0,-11.5,-47.188,-0.013,0.022,-0.052,0.32,-0.01,9.47,0.42,-0.2,-0.33,-0.19,0.18,9.8,1.91625,2.5,10.0,0.0,5.4,8.0,1016.68,66.82,-13.81
2025-03-24 18:42:33.928000+00:00,60.10415339230508,,,,338.062,-0.562,-1.062,23.0,-66.0,-11.5,-47.188,-0.013,0.022,-0.052,0.32,-0.01,9.47,0.42,-0.2,-0.33,-0.16,0.22,9.8,1.91625,2.5,10.0,0.0,5.4,8.0,1016.68,66.82,-13.81
2025-03-24 18:42:34.972000+00:00,60.10415339230508,,,,338.062,-0.562,-1.062,23.0,-66.0,-11.5,-47.188,-0.013,0.022,-0.052,0.32,-0.01,9.47,0.42,-0.2,-0.33,-0.14,0.2,9.8,1.91625,2.5,10.0,0.0,5.4,8.0,1016.68,66.82,-13.81
2025-03-24 18:42:35.971000+00:00,60.10415339230508,,,,338.062,-0.562,-1.062,23.0,-66.0,-11.5,-47.188,-0.013,0.022,-0.052,0.32,-0.01,9.47,0.42,-0.2,-0.33,-0.15,0.21,9.8,1.91625,2.5,10.0,0.0,5.4,8.0,1016.68,66.82,-13.81
2025-03-24 18:42:36.939000+00:00,60.10415339230508,,,,338.062,-0.562,-1.062,23.0,-66.0,-11.5,-47.188,-0.013,0.022,-0.052,0.32,-0.01,9.47,0.42,-0.2,-0.33,-0.14,0.22,9.8,1.91625,2.5,10.0,0.0,5.4,8.0,1016.68,66.82,-13.81
2025-03-24 18:42:38.007000+00:00,60.10415339230508,,,,338.062,-0.562,-1.062,23.0,-66.0,-11.5,-47.188,-0.013,0.022,-0.052,0.32,-0.01,9.47,0.42,-0.2,-0.33,-0.14,0.23,9.8,1.91625,2.5,10.0,0.0,5.4,8.0,1016.68,66.82,-13.81
2025-03-24 18:42:39.111000+00:00,60.10415339230508,,,,338.062,-0.562,-1.062,23.0,-66.0,-11.5,-47.188,-0.013,0.022,-0.052,0.32,-0.01,9.47,0.42,-0.2,-0.33,-0.15,0.2,9.8,1.91625,2.5,10.0,0.0,5.4,8.0,1016.68,66.82,-13.81
2025-03-24 18:42:40.205000+00:00,60.10415339230508,,,,338.062,-0.562,-1.062,23.0,-66.0,-11.5,-47.188,-0.013,0.022,-0.052,0.32,-0.01,9.47,0.42,-0.2,-0.33,-0.14,0.2,9.8,1.91625,2.5,10.0,0.0,5.4,8.0,1016.68,66.82,-13.81
2025-03-24 18:42:41.001000+00:00,60.10415339230508,,,,338.062,-0.562,-1.062,23.0,-66.0,-11.5,-47.188,-0.013,0.022,-0.052,0.32,-0.01,9.47,0.42,-0.2,-0.33,-0.14,0.2,9.8,1.91625,2.5,10.0,0.0,5.4,8.0,1016.68,66.82,-13.81
2025-03-24 18:42:42+00:00,60.10415339230508,,,,338.062,-0.562,-1.062,23.0,-66.0,-11.5,-47.188,-0.013,0.022,-0.052,0.32,-0.01,9.47,0.42,-0.2,-0.33,-0.13,0.2,9.8,1.91625,2.5,10.0,0.0,5.4,8.0,1016.68,66.82,-13.81
2025-03-24 18:42:43.020000+00:00,60.10415339230508,,,,338.062,-0.562,-1.062,23.0,-66.0,-11.5,-47.188,-0.013,0.022,-0.052,0.32,-0.01,9.47,0.42,-0.2,-0.33,-0.13,0.19,9.8,1.91625,2.5,10.0,0.0,5.4,8.0,1016.68,66.82,-13.81
2025-03-24 18:42:44.020000+00:00,60.10415339230508,,,,338.062,-0.562,-1.062,23.0,-66.0,-11.5,-47.188,-0.013,0.022,-0.052,0.32,-0.01,9.47,0.42,-0.2,-0.33,-0.13,0.18,9.8,1.91625,2.5,10.0,0.0,5.4,8.0,1016.68,66.82,-13.81
2025-03-24 18:42:45.020000+00:00,60.10415339230508,,,,338.062,-0.562,-1.062,23.0,-66.0,-11.5,-47.188,-0.013,0.022,-0.052,0.32,-0.01,9.47,0.42,-0.2,-0.33,-0.11,0.17,9.8,1.91625,2.5,10.0,0.0,5.4,8.0,1016.68,66.82,-13.81
2025-03-24 18:42:46.079000+00:00,60.10415339230508,,,,338.062,-0.562,-1.062,23.0,-66.0,-11.5,-47.188,-0.013,0.022,-0.052,0.32,-0.01,9.47,0.42,-0.2,-0.33,-0.1,0.2,9.8,1.91625,2.5,10.0,0.0,5.4,8.0,1016.68,66.82,-13.81
2025-03-24 18:42:47.111000+00:00,60.10415339230508,,,,338.062,-0.562,-1.062,23.0,-66.0,-11.5,-47.188,-0.013,0.022,-0.052,0.32,-0.01,9.47,0.42,-0.2,-0.33,-0.07,0.21,9.8,1.91625,2.5,10.0,0.0,5.4,8.0,1016.68,66.82,-13.81
2025-03-24 18:42:48.343000+00:00,60.10415339230508,,,,338.062,-0.562,-1.062,23.0,-66.0,-11.5,-47.188,-0.013,0.022,-0.052,0.32,-0.01,9.47,0.42,-0.2,-0.33,-0.08,0.17,9.8,1.91625,2.5,10.0,0.0,5.4,8.0,1016.68,66.82,-13.81
2025-03-24 18:42:49.259000+00:00,60.10415339230508,,,,338.062,-0.562,-1.062,23.0,-66.0,-11.5,-47.188,-0.013,0.022,-0.052,0.32,-0.01,9.47,0.42,-0.2,-0.33,-0.1,0.17,9.8,1.91625,2.5,10.0,0.0,5.4,8.0,1016.68,66.82,-13.81
2025-03-24 18:42:50.339000+00:00,60.10415339230508,,,,338.062,-0.562,-1.062,23.0,-66.0,-11.5,-47.188,-0.013,0.022,-0.052,0.32,-0.01,9.47,0.42,-0.2,-0.33,-0.09,0.22,9.8,1.91625,2.5,10.0,0.0,5.4,8.0,1016.68,66.82,-13.81
2025-03-24 18:42:51.100000+00:00,60.10415339230508,,,,338.062,-0.562,-1.062,23.0,-66.0,-11.5,-47.188,-0.013,0.022,-0.052,0.32,-0.01,9.47,0.42,-0.2,-0.33,-0.07,0.19,9.8,1.91625,2.5,10.0,0.0,5.4,8.0,1016.68,66.82,-13.81
2025-03-24 18:42:52.069000+00:00,60.10415339230508,,,,338.062,-0.562,-1.062,23.0,-66.0,-11.5,-47.188,-0.013,0.022,-0.052,0.32,-0.01,9.47,0.42,-0.2,-0.33,-0.09,0.18,9.8,1.91625,2.5,10.0,0.0,5.4,8.0,1016.68,66.82,-13.81
2025-03-24 18:42:53.090000+00:00,60.10415339230508,,,,338.062,-0.562,-1.062,23.0,-66.0,-11.5,-47.188,-0.013,0.022,-0.052,0.32,-0.01,9.47,0.42,-0.2,-0.33,-0.09,0.23,9.8,1.91625,2.5,10.0,0.0,5.4,8.0,1016.68,66.82,-13.81
2025-03-24 18:42:54.099000+00:00,60.10415339230508,,,,338.062,-0.562,-1.062,23.0,-66.0,-11.5,-47.188,-0.013,0.022,-0.052,0.32,-0.01,9.47,0.42,-0.2,-0.33,-0.09,0.23,9.8,1.91625,2.5,10.0,0.0,5.4,8.0,1016.68,66.82,-13.81
2025-03-24 18:42:55.129000+00:00,60.10415339230508,,,,338.062,-0.562,-1.062,23.0,-66.0,-11.5,-47.188,-0.013,0.022,-0.052,0.32,-0.01,9.47,0.42,-0.2,-0.33,-0.08,0.22,9.8,1.91625,2.5,10.0,0.0,5.4,8.0,1016.68,66.82,-13.81
2025-03-24 18:42:56.130000+00:00,60.10415339230508,,,,338.062,-0.562,-1.062,23.0,-66.0,-11.5,-47.188,-0.013,0.022,-0.052,0.32,-0.01,9.47,0.42,-0.2,-0.33,-0.08,0.2,9.8,1.91625,2.5,10.0,0.0,5.4,8.0,1016.68,66.82,-13.81
2025-03-24 18:42:57.149000+00:00,60.10415339230508,,,,338.062,-0.562,-1.062,23.0,-66.0,-11.5,-47.188,-0.013,0.022,-0.052,0.32,-0.01,9.47,0.42,-0.2,-0.33,-0.1,0.23,9.8,1.91625,2.5,10.0,0.0,5.4,8.0,1016.68,66.82,-13.81
2025-03-24 18:42:58.169000+00:00,60.10415339230508,,,,338.062,-0.562,-1.062,23.0,-66.0,-11.5,-47.188,-0.013,0.022,-0.052,0.32,-0.01,9.47,0.42,-0.2,-0.33,-0.08,0.23,9.8,1.91625,2.5,10.0,0.0,5.4,8.0,1016.68,66.82,-13.81
2025-03-24 18:42:59.169000+00:00,60.10415339230508,,,,338.062,-0.562,-1.062,23.0,-66.0,-11.5,-47.188,-0.013,0.022,-0.052,0.32,-0.01,9.47,0.42,-0.2,-0.33,-0.07,0.22,9.8,1.91625,2.5,10.0,0.0,5.4,8.0,1016.68,66.82,-13.81
2025-03-24 18:43:00.288000+00:00,60.10415339230508,,,,338.062,-0.562,-1.062,23.0,-66.0,-11.5,-47.188,-0.013,0.022,-0.052,0.32,-0.01,9.47,0.42,-0.2,-0.33,-0.08,0.19,9.8,1.91625,2.5,10.0,0.0,5.4,8.0,1016.68,66.82,-13.81
2025-03-24 18:43:01.390000+00:00,60.10415339230508,,,,338.062,-0.562,-1.062,23.0,-66.0,-11.5,-47.188,-0.013,0.022,-0.052,0.32,-0.01,9.47,0.42,-0.2,-0.33,-0.08,0.17,9.8,1.91625,2.5,10.0,0.0,5.4,8.0,1016.68,66.82,-13.81
2025-03-24 18:43:02.189000+00:00,60.10415339230508,,,,338.062,-0.562,-1.062,23.0,-66.0,-11.5,-47.188,-0.013,0.022,-0.052,0.32,-0.01,9.47,0.42,-0.2,-0.33,-0.09,0.19,9.8,1.91625,2.5,10.0,0.0,5.4,8.0,1016.68,66.82,-13.81
2025-03-24 18:43:03.195000+00:00,60.10415339230508,,,,338.062,-0.562,-1.062,23.0,-66.0,-11.5,-47.188,-0.013,0.022,-0.052,0.32,-0.01,9.47,0.42,-0.2,-0.33,-0.1,0.21,9.8,1.91625,2.5,10.0,0.0,5.4,8.0,1016.68,66.82,-13.81
2025-03-24 18:43:04.229000+00:00,60.10415339230508,,,,338.062,-0.562,-1.062,23.0,-66.0,-11.5,-47.188,-0.013,0.022,-0.052,0.32,-0.01,9.47,0.42,-0.2,-0.33,-0.09,0.2,9.8,1.91625,2.5,10.0,0.0,5.4,8.0,1016.68,66.82,-13.81
2025-03-24 18:43:05.219000+00:00,60.10415339230508,,,,338.062,-0.562,-1.062,23.0,-66.0,-11.5,-47.188,-0.013,0.022,-0.052,0.32,-0.01,9.47,0.42,-0.2,-0.33,-0.08,0.18,9.8,1.91625,2.5,10.0,0.0,5.4,8.0,1016.68,66.82,-13.81
2025-03-24 18:43:06.219000+00:00,60.10415339230508,,,,338.062,-0.562,-1.062,23.0,-66.0,-11.5,-47.188,-0.013,0.022,-0.052,0.32,-0.01,9.47,0.42,-0.2,-0.33,-0.1,0.18,9.8,1.91625,2.5,10.0,0.0,5.4,8.0,1016.68,66.82,-13.81
2025-03-24 18:43:07.220000+00:00,60.10415339230508,,,,338.062,-0.562,-1.062,23.0,-66.0,-11.5,-47.188,-0.013,0.022,-0.052,0.32,-0.01,9.47,0.42,-0.2,-0.33,-0.11,0.18,9.8,1.91625,2.5,10.0,0.0,5.4,8.0,1016.68,66.82,-13.81
2025-03-24 18:43:08.239000+00:00,60.10415339230508,,,,338.062,-0.562,-1.062,23.0,-66.0,-11.5,-47.188,-0.013,0.022,-0.052,0.32,-0.01,9.47,0.42,-0.2,-0.33,-0.12,0.18,9.8,1.91625,2.5,10.0,0.0,5.4,8.0,1016.68,66.82,-13.81
2025-03-24 18:43:09.265000+00:00,60.10415339230508,,,,338.062,-0.562,-1.062,23.0,-66.0,-11.5,-47.188,-0.013,0.022,-0.052,0.32,-0.01,9.47,0.42,-0.2,-0.33,-0.12,0.19,9.8,1.91625,2.5,10.0,0.0,5.4,8.0,1016.68,66.82,-13.81
2025-03-24 18:43:10.479000+00:00,60.10415339230508,,,,338.062,-0.562,-1.062,23.0,-66.0,-11.5,-47.188,-0.013,0.022,-0.052,0.32,-0.01,9.47,0.42,-0.2,-0.33,-0.11,0.19,9.8,1.91625,2.5,10.0,0.0,5.4,8.0,1016.68,66.82,-13.81
2025-03-24 18:43:11.318000+00:00,60.10415339230508,,,,338.062,-0.562,-1.062,23.0,-66.0,-11.5,-47.188,-0.013,0.022,-0.052,0.32,-0.01,9.47,0.42,-0.2,-0.33,-0.1,0.2,9.8,1.91625,2.5,10.0,0.0,5.4,8.0,1016.68,66.82,-13.81
2025-03-24 18:43:12.348000+00:00,60.10415339230508,,,,338.062,-0.562,-1.062,23.0,-66.0,-11.5,-47.188,-0.013,0.022,-0.052,0.32,-0.01,9.47,0.42,-0.2,-0.33,-0.09,0.18,9.8,1.91625,2.5,10.0,0.0,5.4,8.0,1016.68,66.82,-13.81
2025-03-24 18:42:14.223000+00:00,60.10415339230508,,,,338.062,-0.562,-1.062,23.0,-66.0,-11.5,-47.188,-0.013,0.022,-0.052,0.32,-0.01,9.47,0.42,-0.2,-0.33,-0.09,0.18,9.8,1.91625,2.5,10.0,0.0,5.4,8.0,1016.68,66.82,-13.81
2025-03-24 18:42:15.233000+00:00,60.10415339230508,,,,338.062,-0.562,-1.062,23.0,-66.0,-11.5,-47.188,-0.013,0.022,-0.052,0.32,-0.01,9.47,0.42,-0.2,-0.33,-0.09,0.18,9.8,1.8,2.5,10.0,0.0,5.4,8.0,1016.68,66.82,-13.81
2025-03-24 18:42:16.302000+00:00,60.10415339230508,,,,338.062,-0.562,-1.062,23.0,-66.0,-11.5,-47.188,-0.013,0.022,-0.052,0.32,-0.01,9.47,0.42,-0.2,-0.33,-0.09,0.18,9.8,1.93375,2.5,10.0,0.0,5.4,8.0,1016.68,66.82,-13.81
2025-03-24 18:42:17.448000+00:00,60.10415339230508,,,,338.062,-0.562,-1.062,23.0,-66.0,-11.5,-47.188,-0.013,0.022,-0.052,0.32,-0.01,9.47,0.42,-0.2,-0.33,-0.09,0.18,9.8,1.84375,2.5,10.0,0.0,5.4,8.0,1016.68,66.82,-13.81
2025-03-24 18:42:18.282000+00:00,60.10415339230508,,,,338.062,-0.562,-1.062,23.0,-66.0,-11.5,-47.188,-0.013,0.022,-0.052,0.32,-0.01,9.47,0.42,-0.2,-0.33,-0.09,0.18,9.8,1.83625,2.5,10.0,0.0,5.4,8.0,1016.68,66.82,-13.81
2025-03-24 18:42:19.301000+00:00,60.10415339230508,,,,338.062,-0.562,-1.062,23.0,-66.0,-11.5,-47.188,-0.013,0.022,-0.052,0.32,-0.01,9.47,0.42,-0.2,-0.33,-0.09,0.18,9.8,1.8162500000000001,2.5,10.0,0.0,5.4,8.0,1016.68,66.82,-13.81
2025-03-24 18:42:20.302000+00:00,60.10415339230508,,,,338.062,-0.562,-1.062,23.0,-66.0,-11.5,-47.188,-0.013,0.022,-0.052,0.32,-0.01,9.47,0.42,-0.2,-0.33,-0.09,0.18,9.8,1.885,2.5,10.0,0.0,5.4,8.0,1016.68,66.82,-13.81
2025-03-24 18:42:21.262000+00:00,60.10415339230508,,,,338.062,-0.562,-1.062,23.0,-66.0,-11.5,-47.188,-0.013,0.022,-0.052,0.32,-0.01,9.47,0.42,-0.2,-0.33,-0.09,0.18,9.8,1.94,2.5,10.0,0.0,5.4,8.0,1016.68,66.82,-13.81
2025-03-24 18:42:22.332000+00:00,60.10415339230508,,,,338.062,-0.562,-1.062,23.0,-66.0,-11.5,-47.188,-0.013,0.022,-0.052,0.32,-0.01,9.47,0.42,-0.2,-0.33,-0.09,0.18,9.8,1.9025,2.5,10.0,0.0,5.4,8.0,1016.68,66.82,-13.81
2025-03-24 18:42:23.402000+00:00,60.10415339230508,,,,338.062,-0.562,-1.062,23.0,-66.0,-11.5,-47.188,-0.013,0.022,-0.052,0.32,-0.01,9.47,0.42,-0.2,-0.33,-0.09,0.18,9.8,1.95625,2.5,10.0,0.0,5.4,8.0,1016.68,66.82,-13.81
2025-03-24 18:42:24.338000+00:00,60.10415339230508,,,,338.062,-0.562,-1.062,23.0,-66.0,-11.5,-47.188,-0.013,0.022,-0.052,0.32,-0.01,9.47,0.42,-0.2,-0.33,-0.09,0.18,9.8,1.965,2.5,10.0,0.0,5.4,8.0,1016.68,66.82,-13.81
2025-03-24 18:42:25.318000+00:00,60.10415339230508,,,,338.062,-0.562,-1.062,23.0,-66.0,-11.5,-47.188,-0.013,0.022,-0.052,0.32,-0.01,9.47,0.42,-0.2,-0.33,-0.09,0.18,9.8,1.8475000000000001,2.5,10.0,0.0,5.4,8.0,1016.68,66.82,-13.81
2025-03-24 18:42:26.321000+00:00,60.10415339230508,,,,338.062,-0.562,-1.062,23.0,-66.0,-11.5,-47.188,-0.013,0.022,-0.052,0.32,-0.01,9.47,0.42,-0.2,-0.33,-0.09,0.18,9.8,1.955,2.5,10.0,0.0,5.4,8.0,1016.68,66.82,-13.81
2025-03-24 18:42:27.477000+00:00,60.10415339230508,,,,338.062,-0.562,-1.062,23.0,-66.0,-11.5,-47.188,-0.013,0.022,-0.052,0.32,-0.01,9.47,0.42,-0.2,-0.33,-0.09,0.18,9.8,1.87125,2.5,10.0,0.0,5.4,8.0,1016.68,66.82,-13.81
2025-03-24 18:42:28.280000+00:00,60.10415339230508,,,,338.062,-0.562,-1.062,23.0,-66.0,-11.5,-47.188,-0.013,0.022,-0.052,0.32,-0.01,9.47,0.42,-0.2,-0.33,-0.09,0.18,9.8,1.89625,2.5,10.0,0.0,5.4,8.0,1016.68,66.82,-13.81
2025-03-24 18:42:29.281000+00:00,60.10415339230508,,,,338.062,-0.562,-1.062,23.0,-66.0,-11.5,-47.188,-0.013,0.022,-0.052,0.32,-0.01,9.47,0.42,-0.2,-0.33,-0.09,0.18,9.8,1.83125,2.5,10.0,0.0,5.4,8.0,1016.68,66.82,-13.81
2025-03-24 18:42:30.281000+00:00,60.10415339230508,,,,338.062,-0.562,-1.062,23.0,-66.0,-11.5,-47.188,-0.013,0.022,-0.052,0.32,-0.01,9.47,0.42,-0.2,-0.33,-0.09,0.18,9.8,1.90625,2.5,10.0,0.0,5.4,8.0,1016.68,66.82,-13.81
2025-03-24 18:42:31.293000+00:00,60.10415339230508,,,,338.062,-0.562,-1.062,23.0,-66.0,-11.5,-47.188,-0.013,0.022,-0.052,0.32,-0.01,9.47,0.42,-0.2,-0.33,-0.09,0.18,9.8,1.8900000000000001,2.5,10.0,0.0,5.4,8.0,1016.68,66.82,-13.81
2025-03-24 18:42:32.306000+00:00,60.10415339230508,,,,338.062,-0.562,-1.062,23.0,-66.0,-11.5,-47.188,-0.013,0.022,-0.052,0.32,-0.01,9.47,0.42,-0.2,-0.33,-0.09,0.18,9.8,1.91875,2.5,10.0,0.0,5.4,8.0,1016.68,66.82,-13.81
2025-03-24 18:42:33.478000+00:00,60.10415339230508,,,,338.062,-0.562,-1.062,23.0,-66.0,-11.5,-47.188,-0.013,0.022,-0.052,0.32,-0.01,9.47,0.42,-0.2,-0.33,-0.09,0.18,9.8,1.8425,2.5,10.0,0.0,5.4,8.0,1016.68,66.82,-13.81
2025-03-24 18:42:34.425000+00:00,60.10415339230508,,,,338.062,-0.562,-1.062,23.0,-66.0,-11.5,-47.188,-0.013,0.022,-0.052,0.32,-0.01,9.47,0.42,-0.2,-0.33,-0.09,0.18,9.8,1.8587500000000001,2.5,10.0,0.0,5.4,8.0,1016.68,66.82,-13.81
2025-03-24 18:42:35.381000+00:00,60.10415339230508,,,,338.062,-0.562,-1.062,23.0,-66.0,-11.5,-47.188,-0.013,0.022,-0.052,0.32,-0.01,9.47,0.42,-0.2,-0.33,-0.09,0.18,9.8,1.895,2.5,10.0,0.0,5.4,8.0,1016.68,66.82,-13.81
2025-03-24 18:42:36.401000+00:00,60.10415339230508,,,,338.062,-0.562,-1.062,23.0,-66.0,-11.5,-47.188,-0.013,0.022,-0.052,0.32,-0.01,9.47,0.42,-0.2,-0.33,-0.09,0.18,9.8,1.88875,2.5,10.0,0.0,5.4,8.0,1016.68,66.82,-13.81
2025-03-24 18:42:37.476000+00:00,60.10415339230508,,,,338.062,-0.562,-1.062,23.0,-66.0,-11.5,-47.188,-0.013,0.022,-0.052,0.32,-0.01,9.47,0.42,-0.2,-0.33,-0.09,0.18,9.8,1.9675,2.5,10.0,0.0,5.4,8.0,1016.68,66.82,-13.81
2025-03-24 18:42:38.647000+00:00,60.10415339230508,,,,338.062,-0.562,-1.062,23.0,-66.0,-11.5,-47.188,-0.013,0.022,-0.052,0.32,-0.01,9.47,0.42,-0.2,-0.33,-0.09,0.18,9.8,1.9325,2.5,10.0,0.0,5.4,8.0,1016.68,66.82,-13.81
2025-03-24 18:42:39.320000+00:00,60.10415339230508,,,,338.062,-0.562,-1.062,23.0,-66.0,-11.5,-47.188,-0.013,0.022,-0.052,0.32,-0.01,9.47,0.42,-0.2,-0.33,-0.09,0.18,9.8,1.975,2.5,10.0,0.0,5.4,8.0,1016.68,66.82,-13.81
2025-03-24 18:42:40.351000+00:00,60.10415339230508,,,,338.062,-0.562,-1.062,23.0,-66.0,-11.5,-47.188,-0.013,0.022,-0.052,0.32,-0.01,9.47,0.42,-0.2,-0.33,-0.09,0.18,9.8,1.9000000000000001,2.5,10.0,0.0,5.4,8.0,1016.68,66.82,-13.81
2025-03-24 18:42:41.456000+00:00,60.10415339230508,,,,338.062,-0.562,-1.062,23.0,-66.0,-11.5,-47.188,-0.013,0.022,-0.052,0.32,-0.01,9.47,0.42,-0.2,-0.33,-0.09,0.18,9.8,1.9475,2.5,10.0,0.0,5.4,8.0,1016.68,66.82,-13.81
2025-03-24 18:42:42.459000+00:00,60.10415339230508,,,,338.062,-0.562,-1.062,23.0,-66.0,-11.5,-47.188,-0.013,0.022,-0.052,0.32,-0.01,9.47,0.42,-0.2,-0.33,-0.09,0.18,9.8,1.9975,2.5,10.0,0.0,5.4,8.0,1016.68,66.82,-13.81
2025-03-24 18:42:43.506000+00:00,60.10415339230508,,,,338.062,-0.562,-1.062,23.0,-66.0,-11.5,-47.188,-0.013,0.022,-0.052,0.32,-0.01,9.47,0.42,-0.2,-0.33,-0.09,0.18,9.8,1.96,2.5,10.0,0.0,5.4,8.0,1016.68,66.82,-13.81
2025-03-24 18:42:44.549000+00:00,60.10415339230508,,,,338.062,-0.562,-1.062,23.0,-66.0,-11.5,-47.188,-0.013,0.022,-0.052,0.32,-0.01,9.47,0.42,-0.2,-0.33,-0.09,0.18,9.8,2.025,2.5,10.0,0.0,5.4,8.0,1016.68,66.82,-13.81
2025-03-24 18:42:45.344000+00:00,60.10415339230508,,,,338.062,-0.562,-1.062,23.0,-66.0,-11.5,-47.188,-0.013,0.022,-0.052,0.32,-0.01,9.47,0.42,-0.2,-0.33,-0.09,0.18,9.8,1.945,2.5,10.0,0.0,5.4,8.0,1016.68,66.82,-13.81
2025-03-24 18:42:46.350000+00:00,60.10415339230508,,,,338.062,-0.562,-1.062,23.0,-66.0,-11.5,-47.188,-0.013,0.022,-0.052,0.32,-0.01,9.47,0.42,-0.2,-0.33,-0.09,0.18,9.8,1.9737500000000001,2.5,10.0,0.0,5.4,8.0,1016.68,66.82,-13.81
2025-03-24 18:42:47.350000+00:00,60.10415339230508,,,,338.062,-0.562,-1.062,23.0,-66.0,-11.5,-47.188,-0.013,0.022,-0.052,0.32,-0.01,9.47,0.42,-0.2,-0.33,-0.09,0.18,9.8,1.95375,2.5,10.0,0.0,5.4,8.0,1016.68,66.82,-13.81
2025-03-24 18:42:48.439000+00:00,60.10415339230508,,,,338.062,-0.562,-1.062,23.0,-66.0,-11.5,-47.188,-0.013,0.022,-0.052,0.32,-0.01,9.47,0.42,-0.2,-0.33,-0.09,0.18,9.8,1.9737500000000001,2.5,10.0,0.0,5.4,8.0,1016.68,66.82,-13.81
2025-03-24 18:42:49.359000+00:00,60.10415339230508,,,,338.062,-0.562,-1.062,23.0,-66.0,-11.5,-47.188,-0.013,0.022,-0.052,0.32,-0.01,9.47,0.42,-0.2,-0.33,-0.09,0.18,9.8,1.94375,2.5,10.0,0.0,5.4,8.0,1016.68,66.82,-13.81
2025-03-24 18:42:50.438000+00:00,60.10415339230508,,,,338.062,-0.562,-1.062,23.0,-66.0,-11.5,-47.188,-0.013,0.022,-0.052,0.32,-0.01,9.47,0.42,-0.2,-0.33,-0.09,0.18,9.8,1.945,2.5,10.0,0.0,5.4,8.0,1016.68,66.82,-13.81
2025-03-24 18:42:51.519000+00:00,60.10415339230508,,,,338.062,-0.562,-1.062,23.0,-66.0,-11.5,-47.188,-0.013,0.022,-0.052,0.32,-0.01,9.47,0.42,-0.2,-0.33,-0.09,0.18,9.8,1.84,2.5,10.0,0.0,5.4,8.0,1016.68,66.82,-13.81
2025-03-24 18:42:52.539000+00:00,60.10415339230508,,,,338.062,-0.562,-1.062,23.0,-66.0,-11.5,-47.188,-0.013,0.022,-0.052,0.32,-0.01,9.47,0.42,-0.2,-0.33,-0.09,0.18,9.8,1.94875,2.5,10.0,0.0,5.4,8.0,1016.68,66.82,-13.81
2025-03-24 18:42:53.615000+00:00,60.10415339230508,,,,338.062,-0.562,-1.062,23.0,-66.0,-11.5,-47.188,-0.013,0.022,-0.052,0.32,-0.01,9.47,0.42,-0.2,-0.33,-0.09,0.18,9.8,1.99875,2.5,10.0,0.0,5.4,8.0,1016.68,66.82,-13.81
2025-03-24 18:42:54.595000+00:00,60.10415339230508,,,,338.062,-0.562,-1.062,23.0,-66.0,-11.5,-47.188,-0.013,0.022,-0.052,0.32,-0.01,9.47,0.42,-0.2,-0.33,-0.09,0.18,9.8,1.96125,2.5,10.0,0.0,5.4,8.0,1016.68,66.82,-13.81
2025-03-24 18:42:55.608000+00:00,60.10415339230508,,,,338.062,-0.562,-1.062,23.0,-66.0,-11.5,-47.188,-0.013,0.022,-0.052,0.32,-0.01,9.47,0.42,-0.2,-0.33,-0.09,0.18,9.8,1.9175,2.5,10.0,0.0,5.4,8.0,1016.68,66.82,-13.81
2025-03-24 18:42:56.565000+00:00,60.10415339230508,,,,338.062,-0.562,-1.062,23.0,-66.0,-11.5,-47.188,-0.013,0.022,-0.052,0.32,-0.01,9.47,0.42,-0.2,-0.33,-0.09,0.18,9.8,1.9837500000000001,2.5,10.0,0.0,5.4,8.0,1016.68,66.82,-13.81
2025-03-24 18:42:57.699000+00:00,60.10415339230508,,,,338.062,-0.562,-1.062,23.0,-66.0,-11.5,-47.188,-0.013,0.022,-0.052,0.32,-0.01,9.47,0.42,-0.2,-0.33,-0.09,0.18,9.8,1.98625,2.5,10.0,0.0,5.4,8.0,1016.68,66.82,-13.81
2025-03-24 18:42:58.388000+00:00,60.10415339230508,,,,338.062,-0.562,-1.062,23.0,-66.0,-11.5,-47.188,-0.013,0.022,-0.052,0.32,-0.01,9.47,0.42,-0.2,-0.33,-0.09,0.18,9.8,1.97625,2.5,10.0,0.0,5.4,8.0,1016.68,66.82,-13.81
2025-03-24 18:42:59.395000+00:00,60.10415339230508,,,,338.062,-0.562,-1.062,23.0,-66.0,-11.5,-47.188,-0.013,0.022,-0.052,0.32,-0.01,9.47,0.42,-0.2,-0.33,-0.09,0.18,9.8,1.9737500000000001,2.5,10.0,0.0,5.4,8.0,1016.68,66.82,-13.81
2025-03-24 18:43:00.404000+00:00,60.10415339230508,,,,338.062,-0.562,-1.062,23.0,-66.0,-11.5,-47.188,-0.013,0.022,-0.052,0.32,-0.01,9.47,0.42,-0.2,-0.33,-0.09,0.18,9.8,1.94375,2.5,10.0,0.0,5.4,8.0,1016.68,66.82,-13.81
2025-03-24 18:43:01.488000+00:00,60.10415339230508,,,,338.062,-0.562,-1.062,23.0,-66.0,-11.5,-47.188,-0.013,0.022,-0.052,0.32,-0.01,9.47,0.42,-0.2,-0.33,-0.09,0.18,9.8,1.9175,2.5,10.0,0.0,5.4,8.0,1016.68,66.82,-13.81
2025-03-24 18:43:02.594000+00:00,60.10415339230508,,,,338.062,-0.562,-1.062,23.0,-66.0,-11.5,-47.188,-0.013,0.022,-0.052,0.32,-0.01,9.47,0.42,-0.2,-0.33,-0.09,0.18,9.8,1.8900000000000001,2.5,10.0,0.0,5.4,8.0,1016.68,66.82,-13.81
2025-03-24 18:43:03.638000+00:00,60.10415339230508,,,,338.062,-0.562,-1.062,23.0,-66.0,-11.5,-47.188,-0.013,0.022,-0.052,0.32,-0.01,9.47,0.42,-0.2,-0.33,-0.09,0.18,9.8,1.84125,2.5,10.0,0.0,5.4,8.0,1016.68,66.82,-13.81
2025-03-24 18:43:04.628000+00:00,60.10415339230508,,,,338.062,-0.562,-1.062,23.0,-66.0,-11.5,-47.188,-0.013,0.022,-0.052,0.32,-0.01,9.47,0.42,-0.2,-0.33,-0.09,0.18,9.8,1.8925,2.5,10.0,0.0,5.4,8.0,1016.68,66.82,-13.81
2025-03-24 18:43:05.632000+00:00,60.10415339230508,,,,338.062,-0.562,-1.062,23.0,-66.0,-11.5,-47.188,-0.013,0.022,-0.052,0.32,-0.01,9.47,0.42,-0.2,-0.33,-0.09,0.18,9.8,1.93875,2.5,10.0,0.0,5.4,8.0,1016.68,66.82,-13.81
2025-03-24 18:43:06.645000+00:00,60.10415339230508,,,,338.062,-0.562,-1.062,23.0,-66.0,-11.5,-47.188,-0.013,0.022,-0.052,0.32,-0.01,9.47,0.42,-0.2,-0.33,-0.09,0.18,9.8,1.89875,2.5,10.0,0.0,5.4,8.0,1016.68,66.82,-13.81
2025-03-24 18:43:07.658000+00:00,60.10415339230508,,,,338.062,-0.562,-1.062,23.0,-66.0,-11.5,-47.188,-0.013,0.022,-0.052,0.32,-0.01,9.47,0.42,-0.2,-0.33,-0.09,0.18,9.8,1.8587500000000001,2.5,10.0,0.0,5.4,8.0,1016.68,66.82,-13.81
2025-03-24 18:43:08.428000+00:00,60.10415339230508,,,,338.062,-0.562,-1.062,23.0,-66.0,-11.5,-47.188,-0.013,0.022,-0.052,0.32,-0.01,9.47,0.42,-0.2,-0.33,-0.09,0.18,9.8,1.88625,2.5,10.0,0.0,5.4,8.0,1016.68,66.82,-13.81
2025-03-24 18:43:09.431000+00:00,60.10415339230508,,,,338.062,-0.562,-1.062,23.0,-66.0,-11.5,-47.188,-0.013,0.022,-0.052,0.32,-0.01,9.47,0.42,-0.2,-0.33,-0.09,0.18,9.8,1.89125,2.5,10.0,0.0,5.4,8.0,1016.68,66.82,-13.81
2025-03-24 18:43:10.578000+00:00,60.10415339230508,,,,338.062,-0.562,-1.062,23.0,-66.0,-11.5,-47.188,-0.013,0.022,-0.052,0.32,-0.01,9.47,0.42,-0.2,-0.33,-0.09,0.18,9.8,1.92625,2.5,10.0,0.0,5.4,8.0,1016.68,66.82,-13.81
2025-03-24 18:43:11.498000+00:00,60.10415339230508,,,,338.062,-0.562,-1.062,23.0,-66.0,-11.5,-47.188,-0.013,0.022,-0.052,0.32,-0.01,9.47,0.42,-0.2,-0.33,-0.09,0.18,9.8,1.94875,2.5,10.0,0.0,5.4,8.0,1016.68,66.82,-13.81
2025-03-24 18:43:12.508000+00:00,60.10415339230508,,,,338.062,-0.562,-1.062,23.0,-66.0,-11.5,-47.188,-0.013,0.022,-0.052,0.32,-0.01,9.47,0.42,-0.2,-0.33,-0.09,0.18,9.8,2.0175,2.5,10.0,0.0,5.4,8.0,1016.68,66.82,-13.81
2025-03-24 18:42:14.175000+00:00,60.10415339230508,,,,338.062,-0.562,-1.062,23.0,-66.0,-11.5,-47.188,-0.013,0.022,-0.052,0.32,-0.01,9.47,0.42,-0.2,-0.33,-0.09,0.18,9.8,2.0175,2.5,10.0,0.0,5.4,8.0,1016.68,66.82,-13.81
2025-03-24 18:42:15.179000+00:00,60.10415339230508,,,,338.062,-0.562,-1.062,23.0,-66.0,-11.5,-47.188,-0.013,0.022,-0.052,0.32,-0.01,9.47,0.42,-0.2,-0.33,-0.09,0.18,9.8,2.0175,2.5,10.0,0.0,5.4,8.0,1016.68,66.82,-13.81
2025-03-24 18:42:16.253000+00:00,60.10415339230508,,,,338.062,-0.562,-1.062,23.0,-66.0,-11.5,-47.188,-0.013,0.022,-0.052,0.32,-0.01,9.47,0.42,-0.2,-0.33,-0.09,0.18,9.8,2.0175,1.25,10.0,0.0,5.4,8.0,1016.68,66.82,-13.81
2025-03-24 18:42:17.388000+00:00,60.10415339230508,,,,338.062,-0.562,-1.062,23.0,-66.0,-11.5,-47.188,-0.013,0.022,-0.052,0.32,-0.01,9.47,0.42,-0.2,-0.33,-0.09,0.18,9.8,2.0175,5.0,10.0,0.0,5.4,8.0,1016.68,66.82,-13.81
2025-03-24 18:42:18.233000+00:00,60.10415339230508,,,,338.062,-0.562,-1.062,23.0,-66.0,-11.5,-47.188,-0.013,0.022,-0.052,0.32,-0.01,9.47,0.42,-0.2,-0.33,-0.09,0.18,9.8,2.0175,2.5,10.0,0.0,5.4,8.0,1016.68,66.82,-13.81
2025-03-24 18:42:19.258000+00:00,60.10415339230508,,,,338.062,-0.562,-1.062,23.0,-66.0,-11.5,-47.188,-0.013,0.022,-0.052,0.32,-0.01,9.47,0.42,-0.2,-0.33,-0.09,0.18,9.8,2.0175,2.5,10.0,0.0,5.4,8.0,1016.68,66.82,-13.81
2025-03-24 18:42:20.252000+00:00,60.10415339230508,,,,338.062,-0.562,-1.062,23.0,-66.0,-11.5,-47.188,-0.013,0.022,-0.052,0.32,-0.01,9.47,0.42,-0.2,-0.33,-0.09,0.18,9.8,2.0175,5.0,10.0,0.0,5.4,8.0,1016.68,66.82,-13.81
2025-03-24 18:42:21.202000+00:00,60.10415339230508,,,,338.062,-0.562,-1.062,23.0,-66.0,-11.5,-47.188,-0.013,0.022,-0.052,0.32,-0.01,9.47,0.42,-0.2,-0.33,-0.09,0.18,9.8,2.0175,5.0,10.0,0.0,5.4,8.0,1016.68,66.82,-13.81
2025-03-24 18:42:22.282000+00:00,60.10415339230508,,,,338.062,-0.562,-1.062,23.0,-66.0,-11.5,-47.188,-0.013,0.022,-0.052,0.32,-0.01,9.47,0.42,-0.2,-0.33,-0.09,0.18,9.8,2.0175,3.75,10.0,0.0,5.4,8.0,1016.68,66.82,-13.81
2025-03-24 18:42:23.348000+00:00,60.10415339230508,,,,338.062,-0.562,-1.062,23.0,-66.0,-11.5,-47.188,-0.013,0.022,-0.052,0.32,-0.01,9.47,0.42,-0.2,-0.33,-0.09,0.18,9.8,2.0175,2.5,10.0,0.0,5.4,8.0,1016.68,66.82,-13.81
2025-03-24 18:42:24.282000+00:00,60.10415339230508,,,,338.062,-0.562,-1.062,23.0,-66.0,-11.5,-47.188,-0.013,0.022,-0.052,0.32,-0.01,9.47,0.42,-0.2,-0.33,-0.09,0.18,9.8,2.0175,2.5,10.0,0.0,5.4,8.0,1016.68,66.82,-13.81
2025-03-24 18:42:25.261000+00:00,60.10415339230508,,,,338.062,-0.562,-1.062,23.0,-66.0,-11.5,-47.188,-0.013,0.022,-0.052,0.32,-0.01,9.47,0.42,-0.2,-0.33,-0.09,0.18,9.8,2.0175,3.75,10.0,0.0,5.4,8.0,1016.68,66.82,-13.81
2025-03-24 18:42:26.271000+00:00,60.10415339230508,,,,338.062,-0.562,-1.062,23.0,-66.0,-11.5,-47.188,-0.013,0.022,-0.052,0.32,-0.01,9.47,0.42,-0.2,-0.33,-0.09,0.18,9.8,2.0175,5.0,10.0,0.0,5.4,8.0,1016.68,66.82,-13.81
2025-03-24 18:42:27.421000+00:00,60.10415339230508,,,,338.062,-0.562,-1.062,23.0,-66.0,-11.5,-47.188,-0.013,0.022,-0.052,0.32,-0.01,9.47,0.42,-0.2,-0.33,-0.09,0.18,9.8,2.0175,2.5,10.0,0.0,5.4,8.0,1016.68,66.82,-13.81
2025-03-24 18:42:28.230000+00:00,60.10415339230508,,,,338.062,-0.562,-1.062,23.0,-66.0,-11.5,-47.188,-0.013,0.022,-0.052,0.32,-0.01,9.47,0.42,-0.2,-0.33,-0.09,0.18,9.8,2.0175,3.75,10.0,0.0,5.4,8.0,1016.68,66.82,-13.81
2025-03-24 18:42:29.232000+00:00,60.10415339230508,,,,338.062,-0.562,-1.062,23.0,-66.0,-11.5,-47.188,-0.013,0.022,-0.052,0.32,-0.01,9.47,0.42,-0.2,-0.33,-0.09,0.18,9.8,2.0175,1.25,10.0,0.0,5.4,8.0,1016.68,66.82,-13.81
2025-03-24 18:42:30.236000+00:00,60.10415339230508,,,,338.062,-0.562,-1.062,23.0,-66.0,-11.5,-47.188,-0.013,0.022,-0.052,0.32,-0.01,9.47,0.42,-0.2,-0.33,-0.09,0.18,9.8,2.0175,1.25,10.0,0.0,5.4,8.0,1016.68,66.82,-13.81
2025-03-24 18:42:31.240000+00:00,60.10415339230508,,,,338.062,-0.562,-1.062,23.0,-66.0,-11.5,-47.188,-0.013,0.022,-0.052,0.32,-0.01,9.47,0.42,-0.2,-0.33,-0.09,0.18,9.8,2.0175,1.25,10.0,0.0,5.4,8.0,1016.68,66.82,-13.81
2025-03-24 18:42:32.243000+00:00,60.10415339230508,,,,338.062,-0.562,-1.062,23.0,-66.0,-11.5,-47.188,-0.013,0.022,-0.052,0.32,-0.01,9.47,0.42,-0.2,-0.33,-0.09,0.18,9.8,2.0175,1.25,10.0,0.0,5.4,8.0,1016.68,66.82,-13.81
2025-03-24 18:42:33.417000+00:00,60.10415339230508,,,,338.062,-0.562,-1.062,23.0,-66.0,-11.5,-47.188,-0.013,0.022,-0.052,0.32,-0.01,9.47,0.42,-0.2,-0.33,-0.09,0.18,9.8,2.0175,1.25,10.0,0.0,5.4,8.0,1016.68,66.82,-13.81
2025-03-24 18:42:34.367000+00:00,60.10415339230508,,,,338.062,-0.562,-1.062,23.0,-66.0,-11.5,-47.188,-0.013,0.022,-0.052,0.32,-0.01,9.47,0.42,-0.2,-0.33,-0.09,0.18,9.8,2.0175,2.5,10.0,0.0,5.4,8.0,1016.68,66.82,-13.81
2025-03-24 18:42:35.330000+00:00,60.10415339230508,,,,338.062,-0.562,-1.062,23.0,-66.0,-11.5,-47.188,-0.013,0.022,-0.052,0.32,-0.01,9.47,0.42,-0.2,-0.33,-0.09,0.18,9.8,2.0175,2.5,10.0,0.0,5.4,8.0,1016.68,66.82,-13.81
2025-03-24 18:42:36.351000+00:00,60.10415339230508,,,,338.062,-0.562,-1.062,23.0,-66.0,-11.5,-47.188,-0.013,0.022,-0.052,0.32,-0.01,9.47,0.42,-0.2,-0.33,-0.09,0.18,9.8,2.0175,5.0,10.0,0.0,5.4,8.0,1016.68,66.82,-13.81
2025-03-24 18:42:37.420000+00:00,60.10415339230508,,,,338.062,-0.562,-1.062,23.0,-66.0,-11.5,-47.188,-0.013,0.022,-0.052,0.32,-0.01,9.47,0.42,-0.2,-0.33,-0.09,0.18,9.8,2.0175,3.75,10.0,0.0,5.4,8.0,1016.68,66.82,-13.81
2025-03-24 18:42:38.586000+00:00,60.10415339230508,,,,338.062,-0.562,-1.062,23.0,-66.0,-11.5,-47.188,-0.013,0.022,-0.052,0.32,-0.01,9.47,0.42,-0.2,-0.33,-0.09,0.18,9.8,2.0175,5.0,10.0,0.0,5.4,8.0,1016.68,66.82,-13.81
2025-03-24 18:42:39.271000+00:00,60.10415339230508,,,,338.062,-0.562,-1.062,23.0,-66.0,-11.5,-47.188,-0.013,0.022,-0.052,0.32,-0.01,9.47,0.42,-0.2,-0.33,-0.09,0.18,9.8,2.0175,3.75,10.0,0.0,5.4,8.0,1016.68,66.82,-13.81
2025-03-24 18:42:40.302000+00:00,60.10415339230508,,,,338.062,-0.562,-1.062,23.0,-66.0,-11.5,-47.188,-0.013,0.022,-0.052,0.32,-0.01,9.47,0.42,-0.2,-0.33,-0.09,0.18,9.8,2.0175,1.25,10.0,0.0,5.4,8.0,1016.68,66.82,-13.81
2025-03-24 18:42:41.400000+00:00,60.10415339230508,,,,338.062,-0.562,-1.062,23.0,-66.0,-11.5,-47.188,-0.013,0.022,-0.052,0.32,-0.01,9.47,0.42,-0.2,-0.33,-0.09,0.18,9.8,2.0175,3.75,10.0,0.0,5.4,8.0,1016.68,66.82,-13.81
2025-03-24 18:42:42.410000+00:00,60.10415339230508,,,,338.062,-0.562,-1.062,23.0,-66.0,-11.5,-47.188,-0.013,0.022,-0.052,0.32,-0.01,9.47,0.42,-0.2,-0.33,-0.09,0.18,9.8,2.0175,3.75,10.0,0.0,5.4,8.0,1016.68,66.82,-13.81
2025-03-24 18:42:43.450000+00:00,60.10415339230508,,,,338.062,-0.562,-1.062,23.0,-66.0,-11.5,-47.188,-0.013,0.022,-0.052,0.32,-0.01,9.47,0.42,-0.2,-0.33,-0.09,0.18,9.8,2.0175,2.5,10.0,0.0,5.4,8.0,1016.68,66.82,-13.81
2025-03-24 18:42:44.496000+00:00,60.10415339230508,,,,338.062,-0.562,-1.062,23.0,-66.0,-11.5,-47.188,-0.013,0.022,-0.052,0.32,-0.01,9.47,0.42,-0.2,-0.33,-0.09,0.18,9.8,2.0175,3.75,10.0,0.0,5.4,8.0,1016.68,66.82,-13.81
2025-03-24 18:42:45.294000+00:00,60.10415339230508,,,,338.062,-0.562,-1.062,23.0,-66.0,-11.5,-47.188,-0.013,0.022,-0.052,0.32,-0.01,9.47,0.42,-0.2,-0.33,-0.09,0.18,9.8,2.0175,6.25,10.0,0.0,5.4,8.0,1016.68,66.82,-13.81
2025-03-24 18:42:46.297000+00:00,60.10415339230508,,,,338.062,-0.562,-1.062,23.0,-66.0,-11.5,-47.188,-0.013,0.022,-0.052,0.32,-0.01,9.47,0.42,-0.2,-0.33,-0.09,0.18,9.8,2.0175,3.75,10.0,0.0,5.4,8.0,1016.68,66.82,-13.81
2025-03-24 18:42:47.301000+00:00,60.10415339230508,,,,338.062,-0.562,-1.062,23.0,-66.0,-11.5,-47.188,-0.013,0.022,-0.052,0.32,-0.01,9.47,0.42,-0.2,-0.33,-0.09,0.18,9.8,2.0175,2.5,10.0,0.0,5.4,8.0,1016.68,66.82,-13.81
2025-03-24 18:42:48.389000+00:00,60.10415339230508,,,,338.062,-0.562,-1.062,23.0,-66.0,-11.5,-47.188,-0.013,0.022,-0.052,0.32,-0.01,9.47,0.42,-0.2,-0.33,-0.09,0.18,9.8,2.0175,1.25,10.0,0.0,5.4,8.0,1016.68,66.82,-13.81
2025-03-24 18:42:49.310000+00:00,60.10415339230508,,,,338.062,-0.562,-1.062,23.0,-66.0,-11.5,-47.188,-0.013,0.022,-0.052,0.32,-0.01,9.47,0.42,-0.2,-0.33,-0.09,0.18,9.8,2.0175,3.75,10.0,0.0,5.4,8.0,1016.68,66.82,-13.81
2025-03-24 18:42:50.389000+00:00,60.10415339230508,,,,338.062,-0.562,-1.062,23.0,-66.0,-11.5,-47.188,-0.013,0.022,-0.052,0.32,-0.01,9.47,0.42,-0.2,-0.33,-0.09,0.18,9.8,2.0175,3.75,10.0,0.0,5.4,8.0,1016.68,66.82,-13.81
2025-03-24 18:42:51.469000+00:00,60.10415339230508,,,,338.062,-0.562,-1.062,23.0,-66.0,-11.5,-47.188,-0.013,0.022,-0.052,0.32,-0.01,9.47,0.42,-0.2,-0.33,-0.09,0.18,9.8,2.0175,5.0,10.0,0.0,5.4,8.0,1016.68,66.82,-13.81
2025-03-24 18:42:52.489000+00:00,60.10415339230508,,,,338.062,-0.562,-1.062,23.0,-66.0,-11.5,-47.188,-0.013,0.022,-0.052,0.32,-0.01,9.47,0.42,-0.2,-0.33,-0.09,0.18,9.8,2.0175,5.0,10.0,0.0,5.4,8.0,1016.68,66.82,-13.81
2025-03-24 18:42:53.555000+00:00,60.10415339230508,,,,338.062,-0.562,-1.062,23.0,-66.0,-11.5,-47.188,-0.013,0.022,-0.052,0.32,-0.01,9.47,0.42,-0.2,-0.33,-0.09,0.18,9.8,2.0175,2.5,10.0,0.0,5.4,8.0,1016.68,66.82,-13.81
2025-03-24 18:42:54.525000+00:00,60.10415339230508,,,,338.062,-0.562,-1.062,23.0,-66.0,-11.5,-47.188,-0.013,0.022,-0.052,0.32,-0.01,9.47,0.42,-0.2,-0.33,-0.09,0.18,9.8,2.0175,3.75,10.0,0.0,5.4,8.0,1016.68,66.82,-13.81
2025-03-24 18:42:55.558000+00:00,60.10415339230508,,,,338.062,-0.562,-1.062,23.0,-66.0,-11.5,-47.188,-0.013,0.022,-0.052,0.32,-0.01,9.47,0.42,-0.2,-0.33,-0.09,0.18,9.8,2.0175,5.0,10.0,0.0,5.4,8.0,1016.68,66.82,-13.81
2025-03-24 18:42:56.505000+00:00,60.10415339230508,,,,338.062,-0.562,-1.062,23.0,-66.0,-11.5,-47.188,-0.013,0.022,-0.052,0.32,-0.01,9.47,0.42,-0.2,-0.33,-0.09,0.18,9.8,2.0175,2.5,10.0,0.0,5.4,8.0,1016.68,66.82,-13.81
2025-03-24 18:42:57.648000+00:00,60.10415339230508,,,,338.062,-0.562,-1.062,23.0,-66.0,-11.5,-47.188,-0.013,0.022,-0.052,0.32,-0.01,9.47,0.42,-0.2,-0.33,-0.09,0.18,9.8,2.0175,2.5,10.0,0.0,5.4,8.0,1016.68,66.82,-13.81
2025-03-24 18:42:58.341000+00:00,60.10415339230508,,,,338.062,-0.562,-1.062,23.0,-66.0,-11.5,-47.188,-0.013,0.022,-0.052,0.32,-0.01,9.47,0.42,-0.2,-0.33,-0.09,0.18,9.8,2.0175,2.5,10.0,0.0,5.4,8.0,1016.68,66.82,-13.81
2025-03-24 18:42:59.345000+00:00,60.10415339230508,,,,338.062,-0.562,-1.062,23.0,-66.0,-11.5,-47.188,-0.013,0.022,-0.052,0.32,-0.01,9.47,0.42,-0.2,-0.33,-0.09,0.18,9.8,2.0175,3.75,10.0,0.0,5.4,8.0,1016.68,66.82,-13.81
2025-03-24 18:43:00.350000+00:00,60.10415339230508,,,,338.062,-0.562,-1.062,23.0,-66.0,-11.5,-47.188,-0.013,0.022,-0.052,0.32,-0.01,9.47,0.42,-0.2,-0.33,-0.09,0.18,9.8,2.0175,3.75,10.0,0.0,5.4,8.0,1016.68,66.82,-13.81
2025-03-24 18:43:01.439000+00:00,60.10415339230508,,,,338.062,-0.562,-1.062,23.0,-66.0,-11.5,-47.188,-0.013,0.022,-0.052,0.32,-0.01,9.47,0.42,-0.2,-0.33,-0.09,0.18,9.8,2.0175,2.5,10.0,0.0,5.4,8.0,1016.68,66.82,-13.81
2025-03-24 18:43:02.545000+00:00,60.10415339230508,,,,338.062,-0.562,-1.062,23.0,-66.0,-11.5,-47.188,-0.013,0.022,-0.052,0.32,-0.01,9.47,0.42,-0.2,-0.33,-0.09,0.18,9.8,2.0175,1.25,10.0,0.0,5.4,8.0,1016.68,66.82,-13.81
2025-03-24 18:43:03.588000+00:00,60.10415339230508,,,,338.062,-0.562,-1.062,23.0,-66.0,-11.5,-47.188,-0.013,0.022,-0.052,0.32,-0.01,9.47,0.42,-0.2,-0.33,-0.09,0.18,9.8,2.0175,3.75,10.0,0.0,5.4,8.0,1016.68,66.82,-13.81
2025-03-24 18:43:04.578000+00:00,60.10415339230508,,,,338.062,-0.562,-1.062,23.0,-66.0,-11.5,-47.188,-0.013,0.022,-0.052,0.32,-0.01,9.47,0.42,-0.2,-0.33,-0.09,0.18,9.8,2.0175,2.5,10.0,0.0,5.4,8.0,1016.68,66.82,-13.81
2025-03-24 18:43:05.578000+00:00,60.10415339230508,,,,338.062,-0.562,-1.062,23.0,-66.0,-11.5,-47.188,-0.013,0.022,-0.052,0.32,-0.01,9.47,0.42,-0.2,-0.33,-0.09,0.18,9.8,2.0175,0.0,10.0,0.0,5.4,8.0,1016.68,66.82,-13.81
2025-03-24 18:43:06.588000+00:00,60.10415339230508,,,,338.062,-0.562,-1.062,23.0,-66.0,-11.5,-47.188,-0.013,0.022,-0.052,0.32,-0.01,9.47,0.42,-0.2,-0.33,-0.09,0.18,9.8,2.0175,2.5,10.0,0.0,5.4,8.0,1016.68,66.82,-13.81
2025-03-24 18:43:07.598000+00:00,60.10415339230508,,,,338.062,-0.562,-1.062,23.0,-66.0,-11.5,-47.188,-0.013,0.022,-0.052,0.32,-0.01,9.47,0.42,-0.2,-0.33,-0.09,0.18,9.8,2.0175,2.5,10.0,0.0,5.4,8.0,1016.68,66.82,-13.81
2025-03-24 18:43:08.379000+00:00,60.10415339230508,,,,338.062,-0.562,-1.062,23.0,-66.0,-11.5,-47.188,-0.013,0.022,-0.052,0.32,-0.01,9.47,0.42,-0.2,-0.33,-0.09,0.18,9.8,2.0175,2.5,10.0,0.0,5.4,8.0,1016.68,66.82,-13.81
2025-03-24 18:43:09.383000+00:00,60.10415339230508,,,,338.062,-0.562,-1.062,23.0,-66.0,-11.5,-47.188,-0.013,0.022,-0.052,0.32,-0.01,9.47,0.42,-0.2,-0.33,-0.09,0.18,9.8,2.0175,2.5,10.0,0.0,5.4,8.0,1016.68,66.82,-13.81
2025-03-24 18:43:10.530000+00:00,60.10415339230508,,,,338.062,-0.562,-1.062,23.0,-66.0,-11.5,-47.188,-0.013,0.022,-0.052,0.32,-0.01,9.47,0.42,-0.2,-0.33,-0.09,0.18,9.8,2.0175,2.5,10.0,0.0,5.4,8.0,1016.68,66.82,-13.81
2025-03-24 18:43:11.437000+00:00,60.10415339230508,,,,338.062,-0.562,-1.062,23.0,-66.0,-11.5,-47.188,-0.013,0.022,-0.052,0.32,-0.01,9.47,0.42,-0.2,-0.33,-0.09,0.18,9.8,2.0175,1.25,10.0,0.0,5.4,8.0,1016.68,66.82,-13.81
2025-03-24 18:43:12.458000+00:00,60.10415339230508,,,,338.062,-0.562,-1.062,23.0,-66.0,-11.5,-47.188,-0.013,0.022,-0.052,0.32,-0.01,9.47,0.42,-0.2,-0.33,-0.09,0.18,9.8,2.0175,2.5,10.0,0.0,5.4,8.0,1016.68,66.82,-13.81
2025-03-24 18:42:14.279000+00:00,60.10415339230508,,,,338.062,-0.562,-1.062,23.0,-66.0,-11.5,-47.188,-0.013,0.022,-0.052,0.32,-0.01,9.47,0.42,-0.2,-0.33,-0.09,0.18,9.8,2.0175,2.5,10.0,0.0,5.4,8.0,1016.68,66.82,-13.81
2025-03-24 18:42:15.289000+00:00,60.10415339230508,,,,338.062,-0.562,-1.062,23.0,-66.0,-11.5,-47.188,-0.013,0.022,-0.052,0.32,-0.01,9.47,0.42,-0.2,-0.33,-0.09,0.18,9.8,2.0175,2.5,0.0,0.0,5.4,8.0,1016.68,66.82,-13.81
2025-03-24 18:42:16.354000+00:00,60.10415339230508,,,,338.062,-0.562,-1.062,23.0,-66.0,-11.5,-47.188,-0.013,0.022,-0.052,0.32,-0.01,9.47,0.42,-0.2,-0.33,-0.09,0.18,9.8,2.0175,2.5,0.0,0.0,5.4,8.0,1016.68,66.82,-13.81
2025-03-24 18:42:17.502000+00:00,60.10415339230508,,,,338.062,-0.562,-1.062,23.0,-66.0,-11.5,-47.188,-0.013,0.022,-0.052,0.32,-0.01,9.47,0.42,-0.2,-0.33,-0.09,0.18,9.8,2.0175,2.5,0.0,0.0,5.4,8.0,1016.68,66.82,-13.81
2025-03-24 18:42:18.332000+00:00,60.10415339230508,,,,338.062,-0.562,-1.062,23.0,-66.0,-11.5,-47.188,-0.013,0.022,-0.052,0.32,-0.01,9.47,0.42,-0.2,-0.33,-0.09,0.18,9.8,2.0175,2.5,10.0,0.0,5.4,8.0,1016.68,66.82,-13.81
2025-03-24 18:42:19.353000+00:00,60.10415339230508,,,,338.062,-0.562,-1.062,23.0,-66.0,-11.5,-47.188,-0.013,0.022,-0.052,0.32,-0.01,9.47,0.42,-0.2,-0.33,-0.09,0.18,9.8,2.0175,2.5,0.0,0.0,5.4,8.0,1016.68,66.82,-13.81
2025-03-24 18:42:20.358000+00:00,60.10415339230508,,,,338.062,-0.562,-1.062,23.0,-66.0,-11.5,-47.188,-0.013,0.022,-0.052,0.32,-0.01,9.47,0.42,-0.2,-0.33,-0.09,0.18,9.8,2.0175,2.5,10.0,0.0,5.4,8.0,1016.68,66.82,-13.81
2025-03-24 18:42:21.312000+00:00,60.10415339230508,,,,338.062,-0.562,-1.062,23.0,-66.0,-11.5,-47.188,-0.013,0.022,-0.052,0.32,-0.01,9.47,0.42,-0.2,-0.33,-0.09,0.18,9.8,2.0175,2.5,10.0,0.0,5.4,8.0,1016.68,66.82,-13.81
2025-03-24 18:42:22.388000+00:00,60.10415339230508,,,,338.062,-0.562,-1.062,23.0,-66.0,-11.5,-47.188,-0.013,0.022,-0.052,0.32,-0.01,9.47,0.42,-0.2,-0.33,-0.09,0.18,9.8,2.0175,2.5,10.0,0.0,5.4,8.0,1016.68,66.82,-13.81
2025-03-24 18:42:23.458000+00:00,60.10415339230508,,,,338.062,-0.562,-1.062,23.0,-66.0,-11.5,-47.188,-0.013,0.022,-0.052,0.32,-0.01,9.47,0.42,-0.2,-0.33,-0.09,0.18,9.8,2.0175,2.5,0.0,0.0,5.4,8.0,1016.68,66.82,-13.81
2025-03-24 18:42:24.398000+00:00,60.10415339230508,,,,338.062,-0.562,-1.062,23.0,-66.0,-11.5,-47.188,-0.013,0.022,-0.052,0.32,-0.01,9.47,0.42,-0.2,-0.33,-0.09,0.18,9.8,2.0175,2.5,0.0,0.0,5.4,8.0,1016.68,66.82,-13.81
2025-03-24 18:42:25.372000+00:00,60.10415339230508,,,,338.062,-0.562,-1.062,23.0,-66.0,-11.5,-47.188,-0.013,0.022,-0.052,0.32,-0.01,9.47,0.42,-0.2,-0.33,-0.09,0.18,9.8,2.0175,2.5,10.0,0.0,5.4,8.0,1016.68,66.82,-13.81
2025-03-24 18:42:26.377000+00:00,60.10415339230508,,,,338.062,-0.562,-1.062,23.0,-66.0,-11.5,-47.188,-0.013,0.022,-0.052,0.32,-0.01,9.47,0.42,-0.2,-0.33,-0.09,0.18,9.8,2.0175,2.5,10.0,0.0,5.4,8.0,1016.68,66.82,-13.81
2025-03-24 18:42:27.537000+00:00,60.10415339230508,,,,338.062,-0.562,-1.062,23.0,-66.0,-11.5,-47.188,-0.013,0.022,-0.052,0.32,-0.01,9.47,0.42,-0.2,-0.33,-0.09,0.18,9.8,2.0175,2.5,0.0,0.0,5.4,8.0,1016.68,66.82,-13.81
2025-03-24 18:42:28.337000+00:00,60.10415339230508,,,,338.062,-0.562,-1.062,23.0,-66.0,-11.5,-47.188,-0.013,0.022,-0.052,0.32,-0.01,9.47,0.42,-0.2,-0.33,-0.09,0.18,9.8,2.0175,2.5,10.0,0.0,5.4,8.0,1016.68,66.82,-13.81
2025-03-24 18:42:29.333000+00:00,60.10415339230508,,,,338.062,-0.562,-1.062,23.0,-66.0,-11.5,-47.188,-0.013,0.022,-0.052,0.32,-0.01,9.47,0.42,-0.2,-0.33,-0.09,0.18,9.8,2.0175,2.5,0.0,0.0,5.4,8.0,1016.68,66.82,-13.81
2025-03-24 18:42:30.332000+00:00,60.10415339230508,,,,338.062,-0.562,-1.062,23.0,-66.0,-11.5,-47.188,-0.013,0.022,-0.052,0.32,-0.01,9.47,0.42,-0.2,-0.33,-0.09,0.18,9.8,2.0175,2.5,0.0,0.0,5.4,8.0,1016.68,66.82,-13.81
2025-03-24 18:42:31.342000+00:00,60.10415339230508,,,,338.062,-0.562,-1.062,23.0,-66.0,-11.5,-47.188,-0.013,0.022,-0.052,0.32,-0.01,9.47,0.42,-0.2,-0.33,-0.09,0.18,9.8,2.0175,2.5,10.0,0.0,5.4,8.0,1016.68,66.82,-13.81
2025-03-24 18:42:32.367000+00:00,60.10415339230508,,,,338.062,-0.562,-1.062,23.0,-66.0,-11.5,-47.188,-0.013,0.022,-0.052,0.32,-0.01,9.47,0.42,-0.2,-0.33,-0.09,0.18,9.8,2.0175,2.5,0.0,0.0,5.4,8.0,1016.68,66.82,-13.81
2025-03-24 18:42:33.537000+00:00,60.10415339230508,,,,338.062,-0.562,-1.062,23.0,-66.0,-11.5,-47.188,-0.013,0.022,-0.052,0.32,-0.01,9.47,0.42,-0.2,-0.33,-0.09,0.18,9.8,2.0175,2.5,0.0,0.0,5.4,8.0,1016.68,66.82,-13.81
2025-03-24 18:42:34.470000+00:00,60.10415339230508,,,,338.062,-0.562,-1.062,23.0,-66.0,-11.5,-47.188,-0.013,0.022,-0.052,0.32,-0.01,9.47,0.42,-0.2,-0.33,-0.09,0.18,9.8,2.0175,2.5,0.0,0.0,5.4,8.0,1016.68,66.82,-13.81
2025-03-24 18:42:35.437000+00:00,60.10415339230508,,,,338.062,-0.562,-1.062,23.0,-66.0,-11.5,-47.188,-0.013,0.022,-0.052,0.32,-0.01,9.47,0.42,-0.2,-0.33,-0.09,0.18,9.8,2.0175,2.5,0.0,0.0,5.4,8.0,1016.68,66.82,-13.81
2025-03-24 18:42:36.451000+00:00,60.10415339230508,,,,338.062,-0.562,-1.062,23.0,-66.0,-11.5,-47.188,-0.013,0.022,-0.052,0.32,-0.01,9.47,0.42,-0.2,-0.33,-0.09,0.18,9.8,2.0175,2.5,10.0,0.0,5.4,8.0,1016.68,66.82,-13.81
2025-03-24 18:42:37.537000+00:00,60.10415339230508,,,,338.062,-0.562,-1.062,23.0,-66.0,-11.5,-47.188,-0.013,0.022,-0.052,0.32,-0.01,9.47,0.42,-0.2,-0.33,-0.09,0.18,9.8,2.0175,2.5,10.0,0.0,5.4,8.0,1016.68,66.82,-13.81
2025-03-24 18:42:38.706000+00:00,60.10415339230508,,,,338.062,-0.562,-1.062,23.0,-66.0,-11.5,-47.188,-0.013,0.022,-0.052,0.32,-0.01,9.47,0.42,-0.2,-0.33,-0.09,0.18,9.8,2.0175,2.5,10.0,0.0,5.4,8.0,1016.68,66.82,-13.81
2025-03-24 18:42:39.370000+00:00,60.10415339230508,,,,338.062,-0.562,-1.062,23.0,-66.0,-11.5,-47.188,-0.013,0.022,-0.052,0.32,-0.01,9.47,0.42,-0.2,-0.33,-0.09,0.18,9.8,2.0175,2.5,0.0,0.0,5.4,8.0,1016.68,66.82,-13.81
2025-03-24 18:42:40.401000+00:00,60.10415339230508,,,,338.062,-0.562,-1.062,23.0,-66.0,-11.5,-47.188,-0.013,0.022,-0.052,0.32,-0.01,9.47,0.42,-0.2,-0.33,-0.09,0.18,9.8,2.0175,2.5,0.0,0.0,5.4,8.0,1016.68,66.82,-13.81
2025-03-24 18:42:41.510000+00:00,60.10415339230508,,,,338.062,-0.562,-1.062,23.0,-66.0,-11.5,-47.188,-0.013,0.022,-0.052,0.32,-0.01,9.47,0.42,-0.2,-0.33,-0.09,0.18,9.8,2.0175,2.5,0.0,0.0,5.4,8.0,1016.68,66.82,-13.81
2025-03-24 18:42:42.510000+00:00,60.10415339230508,,,,338.062,-0.562,-1.062,23.0,-66.0,-11.5,-47.188,-0.013,0.022,-0.052,0.32,-0.01,9.47,0.42,-0.2,-0.33,-0.09,0.18,9.8,2.0175,2.5,10.0,0.0,5.4,8.0,1016.68,66.82,-13.81
2025-03-24 18:42:43.566000+00:00,60.10415339230508,,,,338.062,-0.562,-1.062,23.0,-66.0,-11.5,-47.188,-0.013,0.022,-0.052,0.32,-0.01,9.47,0.42,-0.2,-0.33,-0.09,0.18,9.8,2.0175,2.5,0.0,0.0,5.4,8.0,1016.68,66.82,-13.81
2025-03-24 18:42:44.600000+00:00,60.10415339230508,,,,338.062,-0.562,-1.062,23.0,-66.0,-11.5,-47.188,-0.013,0.022,-0.052,0.32,-0.01,9.47,0.42,-0.2,-0.33,-0.09,0.18,9.8,2.0175,2.5,10.0,0.0,5.4,8.0,1016.68,66.82,-13.81
2025-03-24 18:42:45.396000+00:00,60.10415339230508,,,,338.062,-0.562,-1.062,23.0,-66.0,-11.5,-47.188,-0.013,0.022,-0.052,0.32,-0.01,9.47,0.42,-0.2,-0.33,-0.09,0.18,9.8,2.0175,2.5,10.0,0.0,5.4,8.0,1016.68,66.82,-13.81
2025-03-24 18:42:46.401000+00:00,60.10415339230508,,,,338.062,-0.562,-1.062,23.0,-66.0,-11.5,-47.188,-0.013,0.022,-0.052,0.32,-0.01,9.47,0.42,-0.2,-0.33,-0.09,0.18,9.8,2.0175,2.5,10.0,0.0,5.4,8.0,1016.68,66.82,-13.81
2025-03-24 18:42:47.400000+00:00,60.10415339230508,,,,338.062,-0.562,-1.062,23.0,-66.0,-11.5,-47.188,-0.013,0.022,-0.052,0.32,-0.01,9.47,0.42,-0.2,-0.33,-0.09,0.18,9.8,2.0175,2.5,0.0,0.0,5.4,8.0,1016.68,66.82,-13.81
2025-03-24 18:42:48.494000+00:00,60.10415339230508,,,,338.062,-0.562,-1.062,23.0,-66.0,-11.5,-47.188,-0.013,0.022,-0.052,0.32,-0.01,9.47,0.42,-0.2,-0.33,-0.09,0.18,9.8,2.0175,2.5,0.0,0.0,5.4,8.0,1016.68,66.82,-13.81
2025-03-24 18:42:49.419000+00:00,60.10415339230508,,,,338.062,-0.562,-1.062,23.0,-66.0,-11.5,-47.188,-0.013,0.022,-0.052,0.32,-0.01,9.47,0.42,-0.2,-0.33,-0.09,0.18,9.8,2.0175,2.5,0.0,0.0,5.4,8.0,1016.68,66.82,-13.81
2025-03-24 18:42:50.489000+00:00,60.10415339230508,,,,338.062,-0.562,-1.062,23.0,-66.0,-11.5,-47.188,-0.013,0.022,-0.052,0.32,-0.01,9.47,0.42,-0.2,-0.33,-0.09,0.18,9.8,2.0175,2.5,0.0,0.0,5.4,8.0,1016.68,66.82,-13.81
2025-03-24 18:42:51.569000+00:00,60.10415339230508,,,,338.062,-0.562,-1.062,23.0,-66.0,-11.5,-47.188,-0.013,0.022,-0.052,0.32,-0.01,9.47,0.42,-0.2,-0.33,-0.09,0.18,9.8,2.0175,2.5,10.0,0.0,5.4,8.0,1016.68,66.82,-13.81
2025-03-24 18:42:52.589000+00:00,60.10415339230508,,,,338.062,-0.562,-1.062,23.0,-66.0,-11.5,-47.188,-0.013,0.022,-0.052,0.32,-0.01,9.47,0.42,-0.2,-0.33,-0.09,0.18,9.8,2.0175,2.5,0.0,0.0,5.4,8.0,1016.68,66.82,-13.81
2025-03-24 18:42:53.675000+00:00,60.10415339230508,,,,338.062,-0.562,-1.062,23.0,-66.0,-11.5,-47.188,-0.013,0.022,-0.052,0.32,-0.01,9.47,0.42,-0.2,-0.33,-0.09,0.18,9.8,2.0175,2.5,0.0,0.0,5.4,8.0,1016.68,66.82,-13.81
2025-03-24 18:42:54.655000+00:00,60.10415339230508,,,,338.062,-0.562,-1.062,23.0,-66.0,-11.5,-47.188,-0.013,0.022,-0.052,0.32,-0.01,9.47,0.42,-0.2,-0.33,-0.09,0.18,9.8,2.0175,2.5,10.0,0.0,5.4,8.0,1016.68,66.82,-13.81
2025-03-24 18:42:55.659000+00:00,60.10415339230508,,,,338.062,-0.562,-1.062,23.0,-66.0,-11.5,-47.188,-0.013,0.022,-0.052,0.32,-0.01,9.47,0.42,-0.2,-0.33,-0.09,0.18,9.8,2.0175,2.5,10.0,0.0,5.4,8.0,1016.68,66.82,-13.81
2025-03-24 18:42:56.626000+00:00,60.10415339230508,,,,338.062,-0.562,-1.062,23.0,-66.0,-11.5,-47.188,-0.013,0.022,-0.052,0.32,-0.01,9.47,0.42,-0.2,-0.33,-0.09,0.18,9.8,2.0175,2.5,0.0,0.0,5.4,8.0,1016.68,66.82,-13.81
2025-03-24 18:42:57.765000+00:00,60.10415339230508,,,,338.062,-0.562,-1.062,23.0,-66.0,-11.5,-47.188,-0.013,0.022,-0.052,0.32,-0.01,9.47,0.42,-0.2,-0.33,-0.09,0.18,9.8,2.0175,2.5,0.0,0.0,5.4,8.0,1016.68,66.82,-13.81
2025-03-24 18:42:58.438000+00:00,60.10415339230508,,,,338.062,-0.562,-1.062,23.0,-66.0,-11.5,-47.188,-0.013,0.022,-0.052,0.32,-0.01,9.47,0.42,-0.2,-0.33,-0.09,0.18,9.8,2.0175,2.5,0.0,0.0,5.4,8.0,1016.68,66.82,-13.81
2025-03-24 18:42:59.448000+00:00,60.10415339230508,,,,338.062,-0.562,-1.062,23.0,-66.0,-11.5,-47.188,-0.013,0.022,-0.052,0.32,-0.01,9.47,0.42,-0.2,-0.33,-0.09,0.18,9.8,2.0175,2.5,0.0,0.0,5.4,8.0,1016.68,66.82,-13.81
2025-03-24 18:43:00.449000+00:00,60.10415339230508,,,,338.062,-0.562,-1.062,23.0,-66.0,-11.5,-47.188,-0.013,0.022,-0.052,0.32,-0.01,9.47,0.42,-0.2,-0.33,-0.09,0.18,9.8,2.0175,2.5,0.0,0.0,5.4,8.0,1016.68,66.82,-13.81
2025-03-24 18:43:01.538000+00:00,60.10415339230508,,,,338.062,-0.562,-1.062,23.0,-66.0,-11.5,-47.188,-0.013,0.022,-0.052,0.32,-0.01,9.47,0.42,-0.2,-0.33,-0.09,0.18,9.8,2.0175,2.5,0.0,0.0,5.4,8.0,1016.68,66.82,-13.81
2025-03-24 18:43:02.648000+00:00,60.10415339230508,,,,338.062,-0.562,-1.062,23.0,-66.0,-11.5,-47.188,-0.013,0.022,-0.052,0.32,-0.01,9.47,0.42,-0.2,-0.33,-0.09,0.18,9.8,2.0175,2.5,0.0,0.0,5.4,8.0,1016.68,66.82,-13.81
2025-03-24 18:43:03.688000+00:00,60.10415339230508,,,,338.062,-0.562,-1.062,23.0,-66.0,-11.5,-47.188,-0.013,0.022,-0.052,0.32,-0.01,9.47,0.42,-0.2,-0.33,-0.09,0.18,9.8,2.0175,2.5,10.0,0.0,5.4,8.0,1016.68,66.82,-13.81
2025-03-24 18:43:04.678000+00:00,60.10415339230508,,,,338.062,-0.562,-1.062,23.0,-66.0,-11.5,-47.188,-0.013,0.022,-0.052,0.32,-0.01,9.47,0.42,-0.2,-0.33,-0.09,0.18,9.8,2.0175,2.5,10.0,0.0,5.4,8.0,1016.68,66.82,-13.81
2025-03-24 18:43:05.679000+00:00,60.10415339230508,,,,338.062,-0.562,-1.062,23.0,-66.0,-11.5,-47.188,-0.013,0.022,-0.052,0.32,-0.01,9.47,0.42,-0.2,-0.33,-0.09,0.18,9.8,2.0175,2.5,0.0,0.0,5.4,8.0,1016.68,66.82,-13.81
2025-03-24 18:43:06.706000+00:00,60.10415339230508,,,,338.062,-0.562,-1.062,23.0,-66.0,-11.5,-47.188,-0.013,0.022,-0.052,0.32,-0.01,9.47,0.42,-0.2,-0.33,-0.09,0.18,9.8,2.0175,2.5,0.0,0.0,5.4,8.0,1016.68,66.82,-13.81
2025-03-24 18:43:07.710000+00:00,60.10415339230508,,,,338.062,-0.562,-1.062,23.0,-66.0,-11.5,-47.188,-0.013,0.022,-0.052,0.32,-0.01,9.47,0.42,-0.2,-0.33,-0.09,0.18,9.8,2.0175,2.5,0.0,0.0,5.4,8.0,1016.68,66.82,-13.81
2025-03-24 18:43:08.478000+00:00,60.10415339230508,,,,338.062,-0.562,-1.062,23.0,-66.0,-11.5,-47.188,-0.013,0.022,-0.052,0.32,-0.01,9.47,0.42,-0.2,-0.33,-0.09,0.18,9.8,2.0175,2.5,0.0,0.0,5.4,8.0,1016.68,66.82,-13.81
2025-03-24 18:43:09.479000+00:00,60.10415339230508,,,,338.062,-0.562,-1.062,23.0,-66.0,-11.5,-47.188,-0.013,0.022,-0.052,0.32,-0.01,9.47,0.42,-0.2,-0.33,-0.09,0.18,9.8,2.0175,2.5,0.0,0.0,5.4,8.0,1016.68,66.82,-13.81
2025-03-24 18:43:10.630000+00:00,60.10415339230508,,,,338.062,-0.562,-1.062,23.0,-66.0,-11.5,-47.188,-0.013,0.022,-0.052,0.32,-0.01,9.47,0.42,-0.2,-0.33,-0.09,0.18,9.8,2.0175,2.5,0.0,0.0,5.4,8.0,1016.68,66.82,-13.81
2025-03-24 18:43:11.548000+00:00,60.10415339230508,,,,338.062,-0.562,-1.062,23.0,-66.0,-11.5,-47.188,-0.013,0.022,-0.052,0.32,-0.01,9.47,0.42,-0.2,-0.33,-0.09,0.18,9.8,2.0175,2.5,0.0,0.0,5.4,8.0,1016.68,66.82,-13.81
2025-03-24 18:43:12.564000+00:00,60.10415339230508,,,,338.062,-0.562,-1.062,23.0,-66.0,-11.5,-47.188,-0.013,0.022,-0.052,0.32,-0.01,9.47,0.42,-0.2,-0.33,-0.09,0.18,9.8,2.0175,2.5,0.0,0.0,5.4,8.0,1016.68,66.82,-13.81
2025-03-24 18:42:17.985000+00:00,60.10415339230508,,,,338.062,-0.562,-1.062,23.0,-66.0,-11.5,-47.188,-0.013,0.022,-0.052,0.32,-0.01,9.47,0.42,-0.2,-0.33,-0.09,0.18,9.8,2.0175,2.5,0.0,0.0,5.4,8.0,1016.68,66.82,-13.81
2025-03-24 18:42:23.236000+00:00,60.10415339230508,,,,338.062,-0.562,-1.062,23.0,-66.0,-11.5,-47.188,-0.013,0.022,-0.052,0.32,-0.01,9.47,0.42,-0.2,-0.33,-0.09,0.18,9.8,2.0175,2.5,0.0,0.0,5.4,8.0,1016.68,66.82,-13.81
2025-03-24 18:42:27.971000+00:00,60.10415339230508,,,,338.062,-0.562,-1.062,23.0,-66.0,-11.5,-47.188,-0.013,0.022,-0.052,0.32,-0.01,9.47,0.42,-0.2,-0.33,-0.09,0.18,9.8,2.0175,2.5,0.0,0.0,5.4,8.0,1016.68,66.82,-13.81
2025-03-24 18:42:33.313000+00:00,60.10415339230508,,,,338.062,-0.562,-1.062,23.0,-66.0,-11.5,-47.188,-0.013,0.022,-0.052,0.32,-0.01,9.47,0.42,-0.2,-0.33,-0.09,0.18,9.8,2.0175,2.5,0.0,0.0,5.4,8.0,1016.68,66.82,-13.81
2025-03-24 18:42:37.650000+00:00,60.10415339230508,,,,338.062,-0.562,-1.062,23.0,-66.0,-11.5,-47.188,-0.013,0.022,-0.052,0.32,-0.01,9.47,0.42,-0.2,-0.33,-0.09,0.18,9.8,2.0175,2.5,0.0,0.0,5.4,8.0,1016.68,66.82,-13.81
2025-03-24 18:42:42.635000+00:00,60.10415339230508,,,,338.062,-0.562,-1.062,23.0,-66.0,-11.5,-47.188,-0.013,0.022,-0.052,0.32,-0.01,9.47,0.42,-0.2,-0.33,-0.09,0.18,9.8,2.0175,2.5,0.0,0.0,5.4,8.0,1016.68,66.82,-13.81
2025-03-24 18:42:47.929000+00:00,60.10415339230508,,,,338.062,-0.562,-1.062,23.0,-66.0,-11.5,-47.188,-0.013,0.022,-0.052,0.32,-0.01,9.47,0.42,-0.2,-0.33,-0.09,0.18,9.8,2.0175,2.5,0.0,0.0,5.4,8.0,1016.68,66.82,-13.81
2025-03-24 18:42:52.639000+00:00,60.10415339230508,,,,338.062,-0.562,-1.062,23.0,-66.0,-11.5,-47.188,-0.013,0.022,-0.052,0.32,-0.01,9.47,0.42,-0.2,-0.33,-0.09,0.18,9.8,2.0175,2.5,0.0,0.0,5.4,8.0,1016.68,66.82,-13.81
2025-03-24 18:42:57.818000+00:00,60.10415339230508,,,,338.062,-0.562,-1.062,23.0,-66.0,-11.5,-47.188,-0.013,0.022,-0.052,0.32,-0.01,9.47,0.42,-0.2,-0.33,-0.09,0.18,9.8,2.0175,2.5,0.0,0.0,5.4,8.0,1016.68,66.82,-13.81
2025-03-24 18:43:02.749000+00:00,60.10415339230508,,,,338.062,-0.562,-1.062,23.0,-66.0,-11.5,-47.188,-0.013,0.022,-0.052,0.32,-0.01,9.47,0.42,-0.2,-0.33,-0.09,0.18,9.8,2.0175,2.5,0.0,0.0,5.4,8.0,1016.68,66.82,-13.81
2025-03-24 18:43:07.808000+00:00,60.10415339230508,,,,338.062,-0.562,-1.062,23.0,-66.0,-11.5,-47.188,-0.013,0.022,-0.052,0.32,-0.01,9.47,0.42,-0.2,-0.33,-0.09,0.18,9.8,2.0175,2.5,0.0,0.0,5.4,8.0,1016.68,66.82,-13.81
2025-03-24 18:43:12.637000+00:00,60.10415339230508,,,,338.062,-0.562,-1.062,23.0,-66.0,-11.5,-47.188,-0.013,0.022,-0.052,0.32,-0.01,9.47,0.42,-0.2,-0.33,-0.09,0.18,9.8,2.0175,2.5,0.0,0.0,5.4,8.0,1016.68,66.82,-13.81
2025-03-24 18:42:13.824000+00:00,60.10415339230508,,,,338.062,-0.562,-1.062,23.0,-66.0,-11.5,-47.188,-0.013,0.022,-0.052,0.32,-0.01,9.47,0.42,-0.2,-0.33,-0.09,0.18,9.8,2.0175,2.5,0.0,0.0,5.4,8.0,1016.68,66.82,-13.81
2025-03-24 18:42:14.803000+00:00,60.10415339230508,,,,338.062,-0.562,-1.062,23.0,-66.0,-11.5,-47.188,-0.013,0.022,-0.052,0.32,-0.01,9.47,0.42,-0.2,-0.33,-0.09,0.18,9.8,2.0175,2.5,0.0,0.0,5.4,8.0,1016.68,66.82,-13.81
2025-03-24 18:42:15.927000+00:00,60.10415339230508,,,,338.062,-0.562,-1.062,23.0,-66.0,-11.5,-47.188,-0.013,0.022,-0.052,0.32,-0.01,9.47,0.42,-0.2,-0.33,-0.09,0.18,9.8,2.0175,2.5,0.0,0.0,5.5,8.0,1016.68,66.82,-13.81
2025-03-24 18:42:17.075000+00:00,60.10415339230508,,,,338.062,-0.562,-1.062,23.0,-66.0,-11.5,-47.188,-0.013,0.022,-0.052,0.32,-0.01,9.47,0.42,-0.2,-0.33,-0.09,0.18,9.8,2.0175,2.5,0.0,0.0,5.5,8.0,1016.68,66.82,-13.81
2025-03-24 18:42:18.395000+00:00,60.10415339230508,,,,338.062,-0.562,-1.062,23.0,-66.0,-11.5,-47.188,-0.013,0.022,-0.052,0.32,-0.01,9.47,0.42,-0.2,-0.33,-0.09,0.18,9.8,2.0175,2.5,0.0,0.0,5.5,8.0,1016.68,66.82,-13.81
2025-03-24 18:42:19.403000+00:00,60.10415339230508,,,,338.062,-0.562,-1.062,23.0,-66.0,-11.5,-47.188,-0.013,0.022,-0.052,0.32,-0.01,9.47,0.42,-0.2,-0.33,-0.09,0.18,9.8,2.0175,2.5,0.0,0.0,5.5,8.0,1016.68,66.82,-13.81
2025-03-24 18:42:20.417000+00:00,60.10415339230508,,,,338.062,-0.562,-1.062,23.0,-66.0,-11.5,-47.188,-0.013,0.022,-0.052,0.32,-0.01,9.47,0.42,-0.2,-0.33,-0.09,0.18,9.8,2.0175,2.5,0.0,0.0,5.5,8.0,1016.68,66.82,-13.81
2025-03-24 18:42:21.870000+00:00,60.10415339230508,,,,338.062,-0.562,-1.062,23.0,-66.0,-11.5,-47.188,-0.013,0.022,-0.052,0.32,-0.01,9.47,0.42,-0.2,-0.33,-0.09,0.18,9.8,2.0175,2.5,0.0,0.0,5.6,8.0,1016.68,66.82,-13.81
2025-03-24 18:42:22.874000+00:00,60.10415339230508,,,,338.062,-0.562,-1.062,23.0,-66.0,-11.5,-47.188,-0.013,0.022,-0.052,0.32,-0.01,9.47,0.42,-0.2,-0.33,-0.09,0.18,9.8,2.0175,2.5,0.0,0.0,5.6,8.0,1016.68,66.82,-13.81
2025-03-24 18:42:23.890000+00:00,60.10415339230508,,,,338.062,-0.562,-1.062,23.0,-66.0,-11.5,-47.188,-0.013,0.022,-0.052,0.32,-0.01,9.47,0.42,-0.2,-0.33,-0.09,0.18,9.8,2.0175,2.5,0.0,0.0,5.6,8.0,1016.68,66.82,-13.81
2025-03-24 18:42:24.882000+00:00,60.10415339230508,,,,338.062,-0.562,-1.062,23.0,-66.0,-11.5,-47.188,-0.013,0.022,-0.052,0.32,-0.01,9.47,0.42,-0.2,-0.33,-0.09,0.18,9.8,2.0175,2.5,0.0,0.0,5.5,8.0,1016.68,66.82,-13.81
2025-03-24 18:42:25.966000+00:00,60.10415339230508,,,,338.062,-0.562,-1.062,23.0,-66.0,-11.5,-47.188,-0.013,0.022,-0.052,0.32,-0.01,9.47,0.42,-0.2,-0.33,-0.09,0.18,9.8,2.0175,2.5,0.0,0.0,5.5,8.0,1016.68,66.82,-13.81
2025-03-24 18:42:27.097000+00:00,60.10415339230508,,,,338.062,-0.562,-1.062,23.0,-66.0,-11.5,-47.188,-0.013,0.022,-0.052,0.32,-0.01,9.47,0.42,-0.2,-0.33,-0.09,0.18,9.8,2.0175,2.5,0.0,0.0,5.6,8.0,1016.68,66.82,-13.81
2025-03-24 18:42:28.398000+00:00,60.10415339230508,,,,338.062,-0.562,-1.062,23.0,-66.0,-11.5,-47.188,-0.013,0.022,-0.052,0.32,-0.01,9.47,0.42,-0.2,-0.33,-0.09,0.18,9.8,2.0175,2.5,0.0,0.0,5.6,8.0,1016.68,66.82,-13.81
2025-03-24 18:42:29.387000+00:00,60.10415339230508,,,,338.062,-0.562,-1.062,23.0,-66.0,-11.5,-47.188,-0.013,0.022,-0.052,0.32,-0.01,9.47,0.42,-0.2,-0.33,-0.09,0.18,9.8,2.0175,2.5,0.0,0.0,5.6,8.0,1016.68,66.82,-13.81
2025-03-24 18:42:30.380000+00:00,60.10415339230508,,,,338.062,-0.562,-1.062,23.0,-66.0,-11.5,-47.188,-0.013,0.022,-0.052,0.32,-0.01,9.47,0.42,-0.2,-0.33,-0.09,0.18,9.8,2.0175,2.5,0.0,0.0,5.5,8.0,1016.68,66.82,-13.81
2025-03-24 18:42:31.475000+00:00,60.10415339230508,,,,338.062,-0.562,-1.062,23.0,-66.0,-11.5,-47.188,-0.013,0.022,-0.052,0.32,-0.01,9.47,0.42,-0.2,-0.33,-0.09,0.18,9.8,2.0175,2.5,0.0,0.0,5.5,8.0,1016.68,66.82,-13.81
2025-03-24 18:42:32.982000+00:00,60.10415339230508,,,,338.062,-0.562,-1.062,23.0,-66.0,-11.5,-47.188,-0.013,0.022,-0.052,0.32,-0.01,9.47,0.42,-0.2,-0.33,-0.09,0.18,9.8,2.0175,2.5,0.0,0.0,5.5,8.0,1016.68,66.82,-13.81
2025-03-24 18:42:34.037000+00:00,60.10415339230508,,,,338.062,-0.562,-1.062,23.0,-66.0,-11.5,-47.188,-0.013,0.022,-0.052,0.32,-0.01,9.47,0.42,-0.2,-0.33,-0.09,0.18,9.8,2.0175,2.5,0.0,0.0,5.6,8.0,1016.68,66.82,-13.81
2025-03-24 18:42:35.022000+00:00,60.10415339230508,,,,338.062,-0.562,-1.062,23.0,-66.0,-11.5,-47.188,-0.013,0.022,-0.052,0.32,-0.01,9.47,0.42,-0.2,-0.33,-0.09,0.18,9.8,2.0175,2.5,0.0,0.0,5.6,8.0,1016.68,66.82,-13.81
2025-03-24 18:42:36.020000+00:00,60.10415339230508,,,,338.062,-0.562,-1.062,23.0,-66.0,-11.5,-47.188,-0.013,0.022,-0.052,0.32,-0.01,9.47,0.42,-0.2,-0.33,-0.09,0.18,9.8,2.0175,2.5,0.0,0.0,5.6,8.0,1016.68,66.82,-13.81
2025-03-24 18:42:37.102000+00:00,60.10415339230508,,,,338.062,-0.562,-1.062,23.0,-66.0,-11.5,-47.188,-0.013,0.022,-0.052,0.32,-0.01,9.47,0.42,-0.2,-0.33,-0.09,0.18,9.8,2.0175,2.5,0.0,0.0,5.6,8.0,1016.68,66.82,-13.81
2025-03-24 18:42:38.247000+00:00,60.10415339230508,,,,338.062,-0.562,-1.062,23.0,-66.0,-11.5,-47.188,-0.013,0.022,-0.052,0.32,-0.01,9.47,0.42,-0.2,-0.33,-0.09,0.18,9.8,2.0175,2.5,0.0,0.0,5.6,8.0,1016.68,66.82,-13.81
2025-03-24 18:42:39.600000+00:00,60.10415339230508,,,,338.062,-0.562,-1.062,23.0,-66.0,-11.5,-47.188,-0.013,0.022,-0.052,0.32,-0.01,9.47,0.42,-0.2,-0.33,-0.09,0.18,9.8,2.0175,2.5,0.0,0.0,5.6,8.0,1016.68,66.82,-13.81
2025-03-24 18:42:41.051000+00:00,60.10415339230508,,,,338.062,-0.562,-1.062,23.0,-66.0,-11.5,-47.188,-0.013,0.022,-0.052,0.32,-0.01,9.47,0.42,-0.2,-0.33,-0.09,0.18,9.8,2.0175,2.5,0.0,0.0,5.6,8.0,1016.68,66.82,-13.81
2025-03-24 18:42:42.060000+00:00,60.10415339230508,,,,338.062,-0.562,-1.062,23.0,-66.0,-11.5,-47.188,-0.013,0.022,-0.052,0.32,-0.01,9.47,0.42,-0.2,-0.33,-0.09,0.18,9.8,2.0175,2.5,0.0,0.0,5.5,8.0,1016.68,66.82,-13.81
2025-03-24 18:42:43.136000+00:00,60.10415339230508,,,,338.062,-0.562,-1.062,23.0,-66.0,-11.5,-47.188,-0.013,0.022,-0.052,0.32,-0.01,9.47,0.42,-0.2,-0.33,-0.09,0.18,9.8,2.0175,2.5,0.0,0.0,5.5,8.0,1016.68,66.82,-13.81
2025-03-24 18:42:44.172000+00:00,60.10415339230508,,,,338.062,-0.562,-1.062,23.0,-66.0,-11.5,-47.188,-0.013,0.022,-0.052,0.32,-0.01,9.47,0.42,-0.2,-0.33,-0.09,0.18,9.8,2.0175,2.5,0.0,0.0,5.5,8.0,1016.68,66.82,-13.81
2025-03-24 18:42:45.445000+00:00,60.10415339230508,,,,338.062,-0.562,-1.062,23.0,-66.0,-11.5,-47.188,-0.013,0.022,-0.052,0.32,-0.01,9.47,0.42,-0.2,-0.33,-0.09,0.18,9.8,2.0175,2.5,0.0,0.0,5.5,8.0,1016.68,66.82,-13.81
2025-03-24 18:42:46.460000+00:00,60.10415339230508,,,,338.062,-0.562,-1.062,23.0,-66.0,-11.5,-47.188,-0.013,0.022,-0.052,0.32,-0.01,9.47,0.42,-0.2,-0.33,-0.09,0.18,9.8,2.0175,2.5,0.0,0.0,5.5,8.0,1016.68,66.82,-13.81
2025-03-24 18:42:47.605000+00:00,60.10415339230508,,,,338.062,-0.562,-1.062,23.0,-66.0,-11.5,-47.188,-0.013,0.022,-0.052,0.32,-0.01,9.47,0.42,-0.2,-0.33,-0.09,0.18,9.8,2.0175,2.5,0.0,0.0,5.5,8.0,1016.68,66.82,-13.81
2025-03-24 18:42:48.663000+00:00,60.10415339230508,,,,338.062,-0.562,-1.062,23.0,-66.0,-11.5,-47.188,-0.013,0.022,-0.052,0.32,-0.01,9.47,0.42,-0.2,-0.33,-0.09,0.18,9.8,2.0175,2.5,0.0,0.0,5.5,8.0,1016.68,66.82,-13.81
2025-03-24 18:42:49.698000+00:00,60.10415339230508,,,,338.062,-0.562,-1.062,23.0,-66.0,-11.5,-47.188,-0.013,0.022,-0.052,0.32,-0.01,9.47,0.42,-0.2,-0.33,-0.09,0.18,9.8,2.0175,2.5,0.0,0.0,5.5,8.0,1016.68,66.82,-13.81
2025-03-24 18:42:51.149000+00:00,60.10415339230508,,,,338.062,-0.562,-1.062,23.0,-66.0,-11.5,-47.188,-0.013,0.022,-0.052,0.32,-0.01,9.47,0.42,-0.2,-0.33,-0.09,0.18,9.8,2.0175,2.5,0.0,0.0,5.5,8.0,1016.68,66.82,-13.81
2025-03-24 18:42:52.119000+00:00,60.10415339230508,,,,338.062,-0.562,-1.062,23.0,-66.0,-11.5,-47.188,-0.013,0.022,-0.052,0.32,-0.01,9.47,0.42,-0.2,-0.33,-0.09,0.18,9.8,2.0175,2.5,0.0,0.0,5.4,8.0,1016.68,66.82,-13.81
2025-03-24 18:42:53.147000+00:00,60.10415339230508,,,,338.062,-0.562,-1.062,23.0,-66.0,-11.5,-47.188,-0.013,0.022,-0.052,0.32,-0.01,9.47,0.42,-0.2,-0.33,-0.09,0.18,9.8,2.0175,2.5,0.0,0.0,5.4,8.0,1016.68,66.82,-13.81
2025-03-24 18:42:54.151000+00:00,60.10415339230508,,,,338.062,-0.562,-1.062,23.0,-66.0,-11.5,-47.188,-0.013,0.022,-0.052,0.32,-0.01,9.47,0.42,-0.2,-0.33,-0.09,0.18,9.8,2.0175,2.5,0.0,0.0,5.4,8.0,1016.68,66.82,-13.81
2025-03-24 18:42:55.180000+00:00,60.10415339230508,,,,338.062,-0.562,-1.062,23.0,-66.0,-11.5,-47.188,-0.013,0.022,-0.052,0.32,-0.01,9.47,0.42,-0.2,-0.33,-0.09,0.18,9.8,2.0175,2.5,0.0,0.0,5.4,8.0,1016.68,66.82,-13.81
2025-03-24 18:42:56.189000+00:00,60.10415339230508,,,,338.062,-0.562,-1.062,23.0,-66.0,-11.5,-47.188,-0.013,0.022,-0.052,0.32,-0.01,9.47,0.42,-0.2,-0.33,-0.09,0.18,9.8,2.0175,2.5,0.0,0.0,5.4,8.0,1016.68,66.82,-13.81
2025-03-24 18:42:57.317000+00:00,60.10415339230508,,,,338.062,-0.562,-1.062,23.0,-66.0,-11.5,-47.188,-0.013,0.022,-0.052,0.32,-0.01,9.47,0.42,-0.2,-0.33,-0.09,0.18,9.8,2.0175,2.5,0.0,0.0,5.5,8.0,1016.68,66.82,-13.81
2025-03-24 18:42:58.488000+00:00,60.10415339230508,,,,338.062,-0.562,-1.062,23.0,-66.0,-11.5,-47.188,-0.013,0.022,-0.052,0.32,-0.01,9.47,0.42,-0.2,-0.33,-0.09,0.18,9.8,2.0175,2.5,0.0,0.0,5.5,8.0,1016.68,66.82,-13.81
2025-03-24 18:42:59.616000+00:00,60.10415339230508,,,,338.062,-0.562,-1.062,23.0,-66.0,-11.5,-47.188,-0.013,0.022,-0.052,0.32,-0.01,9.47,0.42,-0.2,-0.33,-0.09,0.18,9.8,2.0175,2.5,0.0,0.0,5.5,8.0,1016.68,66.82,-13.81
2025-03-24 18:43:00.774000+00:00,60.10415339230508,,,,338.062,-0.562,-1.062,23.0,-66.0,-11.5,-47.188,-0.013,0.022,-0.052,0.32,-0.01,9.47,0.42,-0.2,-0.33,-0.09,0.18,9.8,2.0175,2.5,0.0,0.0,5.4,8.0,1016.68,66.82,-13.81
2025-03-24 18:43:02.239000+00:00,60.10415339230508,,,,338.062,-0.562,-1.062,23.0,-66.0,-11.5,-47.188,-0.013,0.022,-0.052,0.32,-0.01,9.47,0.42,-0.2,-0.33,-0.09,0.18,9.8,2.0175,2.5,0.0,0.0,5.4,8.0,1016.68,66.82,-13.81
2025-03-24 18:43:03.257000+00:00,60.10415339230508,,,,338.062,-0.562,-1.062,23.0,-66.0,-11.5,-47.188,-0.013,0.022,-0.052,0.32,-0.01,9.47,0.42,-0.2,-0.33,-0.09,0.18,9.8,2.0175,2.5,0.0,0.0,5.5,8.0,1016.68,66.82,-13.81
2025-03-24 18:43:04.279000+00:00,60.10415339230508,,,,338.062,-0.562,-1.062,23.0,-66.0,-11.5,-47.188,-0.013,0.022,-0.052,0.32,-0.01,9.47,0.42,-0.2,-0.33,-0.09,0.18,9.8,2.0175,2.5,0.0,0.0,5.5,8.0,1016.68,66.82,-13.81
2025-03-24 18:43:05.269000+00:00,60.10415339230508,,,,338.062,-0.562,-1.062,23.0,-66.0,-11.5,-47.188,-0.013,0.022,-0.052,0.32,-0.01,9.47,0.42,-0.2,-0.33,-0.09,0.18,9.8,2.0175,2.5,0.0,0.0,5.5,8.0,1016.68,66.82,-13.81
2025-03-24 18:43:06.279000+00:00,60.10415339230508,,,,338.062,-0.562,-1.062,23.0,-66.0,-11.5,-47.188,-0.013,0.022,-0.052,0.32,-0.01,9.47,0.42,-0.2,-0.33,-0.09,0.18,9.8,2.0175,2.5,0.0,0.0,5.6,8.0,1016.68,66.82,-13.81
2025-03-24 18:43:07.269000+00:00,60.10415339230508,,,,338.062,-0.562,-1.062,23.0,-66.0,-11.5,-47.188,-0.013,0.022,-0.052,0.32,-0.01,9.47,0.42,-0.2,-0.33,-0.09,0.18,9.8,2.0175,2.5,0.0,0.0,5.6,8.0,1016.68,66.82,-13.81
2025-03-24 18:43:08.528000+00:00,60.10415339230508,,,,338.062,-0.562,-1.062,23.0,-66.0,-11.5,-47.188,-0.013,0.022,-0.052,0.32,-0.01,9.47,0.42,-0.2,-0.33,-0.09,0.18,9.8,2.0175,2.5,0.0,0.0,5.6,8.0,1016.68,66.82,-13.81
2025-03-24 18:43:09.833000+00:00,60.10415339230508,,,,338.062,-0.562,-1.062,23.0,-66.0,-11.5,-47.188,-0.013,0.022,-0.052,0.32,-0.01,9.47,0.42,-0.2,-0.33,-0.09,0.18,9.8,2.0175,2.5,0.0,0.0,5.6,8.0,1016.68,66.82,-13.81
2025-03-24 18:43:10.682000+00:00,60.10415339230508,,,,338.062,-0.562,-1.062,23.0,-66.0,-11.5,-47.188,-0.013,0.022,-0.052,0.32,-0.01,9.47,0.42,-0.2,-0.33,-0.09,0.18,9.8,2.0175,2.5,0.0,0.0,5.6,8.0,1016.68,66.82,-13.81
2025-03-24 18:43:11.721000+00:00,60.10415339230508,,,,338.062,-0.562,-1.062,23.0,-66.0,-11.5,-47.188,-0.013,0.022,-0.052,0.32,-0.01,9.47,0.42,-0.2,-0.33,-0.09,0.18,9.8,2.0175,2.5,0.0,0.0,5.6,8.0,1016.68,66.82,-13.81
2025-03-24 18:43:12.865000+00:00,60.10415339230508,,,,338.062,-0.562,-1.062,23.0,-66.0,-11.5,-47.188,-0.013,0.022,-0.052,0.32,-0.01,9.47,0.42,-0.2,-0.33,-0.09,0.18,9.8,2.0175,2.5,0.0,0.0,5.6,8.0,1016.68,66.82,-13.81
2025-03-24 18:42:13.874000+00:00,60.10415339230508,,,,338.062,-0.562,-1.062,23.0,-66.0,-11.5,-47.188,-0.013,0.022,-0.052,0.32,-0.01,9.47,0.42,-0.2,-0.33,-0.09,0.18,9.8,2.0175,2.5,0.0,0.0,5.6,8.0,1016.68,66.82,-13.81
2025-03-24 18:42:14.852000+00:00,60.10415339230508,,,,338.062,-0.562,-1.062,23.0,-66.0,-11.5,-47.188,-0.013,0.022,-0.052,0.32,-0.01,9.47,0.42,-0.2,-0.33,-0.09,0.18,9.8,2.0175,2.5,0.0,0.0,5.6,8.0,1016.68,66.82,-13.81
2025-03-24 18:42:15.979000+00:00,60.10415339230508,,,,338.062,-0.562,-1.062,23.0,-66.0,-11.5,-47.188,-0.013,0.022,-0.052,0.32,-0.01,9.47,0.42,-0.2,-0.33,-0.09,0.18,9.8,2.0175,2.5,0.0,0.0,5.6,8.0,1016.68,66.82,-13.81
2025-03-24 18:42:17.136000+00:00,60.10415339230508,,,,338.062,-0.562,-1.062,23.0,-66.0,-11.5,-47.188,-0.013,0.022,-0.052,0.32,-0.01,9.47,0.42,-0.2,-0.33,-0.09,0.18,9.8,2.0175,2.5,0.0,0.0,5.6,8.0,1016.68,66.82,-13.81
2025-03-24 18:42:18.446000+00:00,60.10415339230508,,,,338.062,-0.562,-1.062,23.0,-66.0,-11.5,-47.188,-0.013,0.022,-0.052,0.32,-0.01,9.47,0.42,-0.2,-0.33,-0.09,0.18,9.8,2.0175,2.5,0.0,0.0,5.6,8.0,1016.68,66.82,-13.81
2025-03-24 18:42:19.452000+00:00,60.10415339230508,,,,338.062,-0.562,-1.062,23.0,-66.0,-11.5,-47.188,-0.013,0.022,-0.052,0.32,-0.01,9.47,0.42,-0.2,-0.33,-0.09,0.18,9.8,2.0175,2.5,0.0,0.0,5.6,8.0,1016.68,66.82,-13.81
2025-03-24 18:42:20.471000+00:00,60.10415339230508,,,,338.062,-0.562,-1.062,23.0,-66.0,-11.5,-47.188,-0.013,0.022,-0.052,0.32,-0.01,9.47,0.42,-0.2,-0.33,-0.09,0.18,9.8,2.0175,2.5,0.0,0.0,5.6,8.0,1016.68,66.82,-13.81
2025-03-24 18:42:21.928000+00:00,60.10415339230508,,,,338.062,-0.562,-1.062,23.0,-66.0,-11.5,-47.188,-0.013,0.022,-0.052,0.32,-0.01,9.47,0.42,-0.2,-0.33,-0.09,0.18,9.8,2.0175,2.5,0.0,0.0,5.6,8.0,1016.68,66.82,-13.81
2025-03-24 18:42:22.928000+00:00,60.10415339230508,,,,338.062,-0.562,-1.062,23.0,-66.0,-11.5,-47.188,-0.013,0.022,-0.052,0.32,-0.01,9.47,0.42,-0.2,-0.33,-0.09,0.18,9.8,2.0175,2.5,0.0,0.0,5.6,8.0,1016.68,66.82,-13.81
2025-03-24 18:42:23.948000+00:00,60.10415339230508,,,,338.062,-0.562,-1.062,23.0,-66.0,-11.5,-47.188,-0.013,0.022,-0.052,0.32,-0.01,9.47,0.42,-0.2,-0.33,-0.09,0.18,9.8,2.0175,2.5,0.0,0.0,5.6,8.0,1016.68,66.82,-13.81
2025-03-24 18:42:24.938000+00:00,60.10415339230508,,,,338.062,-0.562,-1.062,23.0,-66.0,-11.5,-47.188,-0.013,0.022,-0.052,0.32,-0.01,9.47,0.42,-0.2,-0.33,-0.09,0.18,9.8,2.0175,2.5,0.0,0.0,5.6,8.0,1016.68,66.82,-13.81
2025-03-24 18:42:26.010000+00:00,60.10415339230508,,,,338.062,-0.562,-1.062,23.0,-66.0,-11.5,-47.188,-0.013,0.022,-0.052,0.32,-0.01,9.47,0.42,-0.2,-0.33,-0.09,0.18,9.8,2.0175,2.5,0.0,0.0,5.6,8.0,1016.68,66.82,-13.81
2025-03-24 18:42:27.154000+00:00,60.10415339230508,,,,338.062,-0.562,-1.062,23.0,-66.0,-11.5,-47.188,-0.013,0.022,-0.052,0.32,-0.01,9.47,0.42,-0.2,-0.33,-0.09,0.18,9.8,2.0175,2.5,0.0,0.0,5.6,8.0,1016.68,66.82,-13.81
2025-03-24 18:42:28.457000+00:00,60.10415339230508,,,,338.062,-0.562,-1.062,23.0,-66.0,-11.5,-47.188,-0.013,0.022,-0.052,0.32,-0.01,9.47,0.42,-0.2,-0.33,-0.09,0.18,9.8,2.0175,2.5,0.0,0.0,5.6,8.0,1016.68,66.82,-13.81
2025-03-24 18:42:29.447000+00:00,60.10415339230508,,,,338.062,-0.562,-1.062,23.0,-66.0,-11.5,-47.188,-0.013,0.022,-0.052,0.32,-0.01,9.47,0.42,-0.2,-0.33,-0.09,0.18,9.8,2.0175,2.5,0.0,0.0,5.6,8.0,1016.68,66.82,-13.81
2025-03-24 18:42:30.431000+00:00,60.10415339230508,,,,338.062,-0.562,-1.062,23.0,-66.0,-11.5,-47.188,-0.013,0.022,-0.052,0.32,-0.01,9.47,0.42,-0.2,-0.33,-0.09,0.18,9.8,2.0175,2.5,0.0,0.0,5.6,8.0,1016.68,66.82,-13.81
2025-03-24 18:42:31.535000+00:00,60.10415339230508,,,,338.062,-0.562,-1.062,23.0,-66.0,-11.5,-47.188,-0.013,0.022,-0.052,0.32,-0.01,9.47,0.42,-0.2,-0.33,-0.09,0.18,9.8,2.0175,2.5,0.0,0.0,5.6,8.0,1016.68,66.82,-13.81
2025-03-24 18:42:33.037000+00:00,60.10415339230508,,,,338.062,-0.562,-1.062,23.0,-66.0,-11.5,-47.188,-0.013,0.022,-0.052,0.32,-0.01,9.47,0.42,-0.2,-0.33,-0.09,0.18,9.8,2.0175,2.5,0.0,0.0,5.6,8.0,1016.68,66.82,-13.81
2025-03-24 18:42:34.097000+00:00,60.10415339230508,,,,338.062,-0.562,-1.062,23.0,-66.0,-11.5,-47.188,-0.013,0.022,-0.052,0.32,-0.01,9.47,0.42,-0.2,-0.33,-0.09,0.18,9.8,2.0175,2.5,0.0,0.0,5.6,8.0,1016.68,66.82,-13.81
2025-03-24 18:42:35.071000+00:00,60.10415339230508,,,,338.062,-0.562,-1.062,23.0,-66.0,-11.5,-47.188,-0.013,0.022,-0.052,0.32,-0.01,9.47,0.42,-0.2,-0.33,-0.09,0.18,9.8,2.0175,2.5,0.0,0.0,5.6,8.0,1016.68,66.82,-13.81
2025-03-24 18:42:36.076000+00:00,60.10415339230508,,,,338.062,-0.562,-1.062,23.0,-66.0,-11.5,-47.188,-0.013,0.022,-0.052,0.32,-0.01,9.47,0.42,-0.2,-0.33,-0.09,0.18,9.8,2.0175,2.5,0.0,0.0,5.6,8.0,1016.68,66.82,-13.81
2025-03-24 18:42:37.152000+00:00,60.10415339230508,,,,338.062,-0.562,-1.062,23.0,-66.0,-11.5,-47.188,-0.013,0.022,-0.052,0.32,-0.01,9.47,0.42,-0.2,-0.33,-0.09,0.18,9.8,2.0175,2.5,0.0,0.0,5.6,8.0,1016.68,66.82,-13.81
2025-03-24 18:42:38.310000+00:00,60.10415339230508,,,,338.062,-0.562,-1.062,23.0,-66.0,-11.5,-47.188,-0.013,0.022,-0.052,0.32,-0.01,9.47,0.42,-0.2,-0.33,-0.09,0.18,9.8,2.0175,2.5,0.0,0.0,5.6,8.0,1016.68,66.82,-13.81
2025-03-24 18:42:39.651000+00:00,60.10415339230508,,,,338.062,-0.562,-1.062,23.0,-66.0,-11.5,-47.188,-0.013,0.022,-0.052,0.32,-0.01,9.47,0.42,-0.2,-0.33,-0.09,0.18,9.8,2.0175,2.5,0.0,0.0,5.6,8.0,1016.68,66.82,-13.81
2025-03-24 18:42:41.100000+00:00,60.10415339230508,,,,338.062,-0.562,-1.062,23.0,-66.0,-11.5,-47.188,-0.013,0.022,-0.052,0.32,-0.01,9.47,0.42,-0.2,-0.33,-0.09,0.18,9.8,2.0175,2.5,0.0,0.0,5.6,8.0,1016.68,66.82,-13.81
2025-03-24 18:42:42.109000+00:00,60.10415339230508,,,,338.062,-0.562,-1.062,23.0,-66.0,-11.5,-47.188,-0.013,0.022,-0.052,0.32,-0.01,9.47,0.42,-0.2,-0.33,-0.09,0.18,9.8,2.0175,2.5,0.0,0.0,5.6,8.0,1016.68,66.82,-13.81
2025-03-24 18:42:43.189000+00:00,60.10415339230508,,,,338.062,-0.562,-1.062,23.0,-66.0,-11.5,-47.188,-0.013,0.022,-0.052,0.32,-0.01,9.47,0.42,-0.2,-0.33,-0.09,0.18,9.8,2.0175,2.5,0.0,0.0,5.6,8.0,1016.68,66.82,-13.81
2025-03-24 18:42:44.221000+00:00,60.10415339230508,,,,338.062,-0.562,-1.062,23.0,-66.0,-11.5,-47.188,-0.013,0.022,-0.052,0.32,-0.01,9.47,0.42,-0.2,-0.33,-0.09,0.18,9.8,2.0175,2.5,0.0,0.0,5.6,8.0,1016.68,66.82,-13.81
2025-03-24 18:42:45.506000+00:00,60.10415339230508,,,,338.062,-0.562,-1.062,23.0,-66.0,-11.5,-47.188,-0.013,0.022,-0.052,0.32,-0.01,9.47,0.42,-0.2,-0.33,-0.09,0.18,9.8,2.0175,2.5,0.0,0.0,5.6,8.0,1016.68,66.82,-13.81
2025-03-24 18:42:46.510000+00:00,60.10415339230508,,,,338.062,-0.562,-1.062,23.0,-66.0,-11.5,-47.188,-0.013,0.022,-0.052,0.32,-0.01,9.47,0.42,-0.2,-0.33,-0.09,0.18,9.8,2.0175,2.5,0.0,0.0,5.6,8.0,1016.68,66.82,-13.81
2025-03-24 18:42:47.667000+00:00,60.10415339230508,,,,338.062,-0.562,-1.062,23.0,-66.0,-11.5,-47.188,-0.013,0.022,-0.052,0.32,-0.01,9.47,0.42,-0.2,-0.33,-0.09,0.18,9.8,2.0175,2.5,0.0,0.0,5.6,8.0,1016.68,66.82,-13.81
2025-03-24 18:42:48.709000+00:00,60.10415339230508,,,,338.062,-0.562,-1.062,23.0,-66.0,-11.5,-47.188,-0.013,0.022,-0.052,0.32,-0.01,9.47,0.42,-0.2,-0.33,-0.09,0.18,9.8,2.0175,2.5,0.0,0.0,5.6,8.0,1016.68,66.82,-13.81
2025-03-24 18:42:49.748000+00:00,60.10415339230508,,,,338.062,-0.562,-1.062,23.0,-66.0,-11.5,-47.188,-0.013,0.022,-0.052,0.32,-0.01,9.47,0.42,-0.2,-0.33,-0.09,0.18,9.8,2.0175,2.5,0.0,0.0,5.6,8.0,1016.68,66.82,-13.81
2025-03-24 18:42:51.206000+00:00,60.10415339230508,,,,338.062,-0.562,-1.062,23.0,-66.0,-11.5,-47.188,-0.013,0.022,-0.052,0.32,-0.01,9.47,0.42,-0.2,-0.33,-0.09,0.18,9.8,2.0175,2.5,0.0,0.0,5.6,8.0,1016.68,66.82,-13.81
2025-03-24 18:42:52.175000+00:00,60.10415339230508,,,,338.062,-0.562,-1.062,23.0,-66.0,-11.5,-47.188,-0.013,0.022,-0.052,0.32,-0.01,9.47,0.42,-0.2,-0.33,-0.09,0.18,9.8,2.0175,2.5,0.0,0.0,5.6,8.0,1016.68,66.82,-13.81
2025-03-24 18:42:53.205000+00:00,60.10415339230508,,,,338.062,-0.562,-1.062,23.0,-66.0,-11.5,-47.188,-0.013,0.022,-0.052,0.32,-0.01,9.47,0.42,-0.2,-0.33,-0.09,0.18,9.8,2.0175,2.5,0.0,0.0,5.6,8.0,1016.68,66.82,-13.81
2025-03-24 18:42:54.200000+00:00,60.10415339230508,,,,338.062,-0.562,-1.062,23.0,-66.0,-11.5,-47.188,-0.013,0.022,-0.052,0.32,-0.01,9.47,0.42,-0.2,-0.33,-0.09,0.18,9.8,2.0175,2.5,0.0,0.0,5.6,8.0,1016.68,66.82,-13.81
2025-03-24 18:42:55.235000+00:00,60.10415339230508,,,,338.062,-0.562,-1.062,23.0,-66.0,-11.5,-47.188,-0.013,0.022,-0.052,0.32,-0.01,9.47,0.42,-0.2,-0.33,-0.09,0.18,9.8,2.0175,2.5,0.0,0.0,5.6,8.0,1016.68,66.82,-13.81
2025-03-24 18:42:56.238000+00:00,60.10415339230508,,,,338.062,-0.562,-1.062,23.0,-66.0,-11.5,-47.188,-0.013,0.022,-0.052,0.32,-0.01,9.47,0.42,-0.2,-0.33,-0.09,0.18,9.8,2.0175,2.5,0.0,0.0,5.6,8.0,1016.68,66.82,-13.81
2025-03-24 18:42:57.370000+00:00,60.10415339230508,,,,338.062,-0.562,-1.062,23.0,-66.0,-11.5,-47.188,-0.013,0.022,-0.052,0.32,-0.01,9.47,0.42,-0.2,-0.33,-0.09,0.18,9.8,2.0175,2.5,0.0,0.0,5.6,8.0,1016.68,66.82,-13.81
2025-03-24 18:42:58.538000+00:00,60.10415339230508,,,,338.062,-0.562,-1.062,23.0,-66.0,-11.5,-47.188,-0.013,0.022,-0.052,0.32,-0.01,9.47,0.42,-0.2,-0.33,-0.09,0.18,9.8,2.0175,2.5,0.0,0.0,5.6,8.0,1016.68,66.82,-13.81
2025-03-24 18:42:59.668000+00:00,60.10415339230508,,,,338.062,-0.562,-1.062,23.0,-66.0,-11.5,-47.188,-0.013,0.022,-0.052,0.32,-0.01,9.47,0.42,-0.2,-0.33,-0.09,0.18,9.8,2.0175,2.5,0.0,0.0,5.6,8.0,1016.68,66.82,-13.81
2025-03-24 18:43:00.819000+00:00,60.10415339230508,,,,338.062,-0.562,-1.062,23.0,-66.0,-11.5,-47.188,-0.013,0.022,-0.052,0.32,-0.01,9.47,0.42,-0.2,-0.33,-0.09,0.18,9.8,2.0175,2.5,0.0,0.0,5.6,8.0,1016.68,66.82,-13.81
2025-03-24 18:43:02.288000+00:00,60.10415339230508,,,,338.062,-0.562,-1.062,23.0,-66.0,-11.5,-47.188,-0.013,0.022,-0.052,0.32,-0.01,9.47,0.42,-0.2,-0.33,-0.09,0.18,9.8,2.0175,2.5,0.0,0.0,5.6,8.0,1016.68,66.82,-13.81
2025-03-24 18:43:03.315000+00:00,60.10415339230508,,,,338.062,-0.562,-1.062,23.0,-66.0,-11.5,-47.188,-0.013,0.022,-0.052,0.32,-0.01,9.47,0.42,-0.2,-0.33,-0.09,0.18,9.8,2.0175,2.5,0.0,0.0,5.6,8.0,1016.68,66.82,-13.81
2025-03-24 18:43:04.328000+00:00,60.10415339230508,,,,338.062,-0.562,-1.062,23.0,-66.0,-11.5,-47.188,-0.013,0.022,-0.052,0.32,-0.01,9.47,0.42,-0.2,-0.33,-0.09,0.18,9.8,2.0175,2.5,0.0,0.0,5.6,8.0,1016.68,66.82,-13.81
2025-03-24 18:43:05.319000+00:00,60.10415339230508,,,,338.062,-0.562,-1.062,23.0,-66.0,-11.5,-47.188,-0.013,0.022,-0.052,0.32,-0.01,9.47,0.42,-0.2,-0.33,-0.09,0.18,9.8,2.0175,2.5,0.0,0.0,5.6,8.0,1016.68,66.82,-13.81
2025-03-24 18:43:06.335000+00:00,60.10415339230508,,,,338.062,-0.562,-1.062,23.0,-66.0,-11.5,-47.188,-0.013,0.022,-0.052,0.32,-0.01,9.47,0.42,-0.2,-0.33,-0.09,0.18,9.8,2.0175,2.5,0.0,0.0,5.6,8.0,1016.68,66.82,-13.81
2025-03-24 18:43:07.318000+00:00,60.10415339230508,,,,338.062,-0.562,-1.062,23.0,-66.0,-11.5,-47.188,-0.013,0.022,-0.052,0.32,-0.01,9.47,0.42,-0.2,-0.33,-0.09,0.18,9.8,2.0175,2.5,0.0,0.0,5.6,8.0,1016.68,66.82,-13.81
2025-03-24 18:43:08.583000+00:00,60.10415339230508,,,,338.062,-0.562,-1.062,23.0,-66.0,-11.5,-47.188,-0.013,0.022,-0.052,0.32,-0.01,9.47,0.42,-0.2,-0.33,-0.09,0.18,9.8,2.0175,2.5,0.0,0.0,5.6,8.0,1016.68,66.82,-13.81
2025-03-24 18:43:09.882000+00:00,60.10415339230508,,,,338.062,-0.562,-1.062,23.0,-66.0,-11.5,-47.188,-0.013,0.022,-0.052,0.32,-0.01,9.47,0.42,-0.2,-0.33,-0.09,0.18,9.8,2.0175,2.5,0.0,0.0,5.6,8.0,1016.68,66.82,-13.81
2025-03-24 18:43:10.729000+00:00,60.10415339230508,,,,338.062,-0.562,-1.062,23.0,-66.0,-11.5,-47.188,-0.013,0.022,-0.052,0.32,-0.01,9.47,0.42,-0.2,-0.33,-0.09,0.18,9.8,2.0175,2.5,0.0,0.0,5.6,8.0,1016.68,66.82,-13.81
2025-03-24 18:43:11.768000+00:00,60.10415339230508,,,,338.062,-0.562,-1.062,23.0,-66.0,-11.5,-47.188,-0.013,0.022,-0.052,0.32,-0.01,9.47,0.42,-0.2,-0.33,-0.09,0.18,9.8,2.0175,2.5,0.0,0.0,5.6,8.0,1016.68,66.82,-13.81
2025-03-24 18:43:12.920000+00:00,60.10415339230508,,,,338.062,-0.562,-1.062,23.0,-66.0,-11.5,-47.188,-0.013,0.022,-0.052,0.32,-0.01,9.47,0.42,-0.2,-0.33,-0.09,0.18,9.8,2.0175,2.5,0.0,0.0,5.6,8.0,1016.68,66.82,-13.81
2025-03-24 18:42:14.049000+00:00,60.10415339230508,,,,338.062,-0.562,-1.062,23.0,-66.0,-11.5,-47.188,-0.013,0.022,-0.052,0.32,-0.01,9.47,0.42,-0.2,-0.33,-0.09,0.18,9.8,2.0175,2.5,0.0,0.0,5.6,8.0,1016.68,66.82,-13.81
2025-03-24 18:42:15.019000+00:00,60.10415339230508,,,,338.062,-0.562,-1.062,23.0,-66.0,-11.5,-47.188,-0.013,0.022,-0.052,0.32,-0.01,9.47,0.42,-0.2,-0.33,-0.09,0.18,9.8,2.0175,2.5,0.0,0.0,5.6,8.0,1016.68,66.82,-13.81
2025-03-24 18:42:16.142000+00:00,60.10415339230508,,,,338.062,-0.562,-1.062,23.0,-66.0,-11.5,-47.188,-0.013,0.022,-0.052,0.32,-0.01,9.47,0.42,-0.2,-0.33,-0.09,0.18,9.8,2.0175,2.5,0.0,0.0,5.6,8.0,1016.68,66.82,-13.81
2025-03-24 18:42:17.287000+00:00,60.10415339230508,,,,338.062,-0.562,-1.062,23.0,-66.0,-11.5,-47.188,-0.013,0.022,-0.052,0.32,-0.01,9.47,0.42,-0.2,-0.33,-0.09,0.18,9.8,2.0175,2.5,0.0,0.0,5.6,8.0,1016.68,66.82,-13.81
2025-03-24 18:42:18.603000+00:00,60.10415339230508,,,,338.062,-0.562,-1.062,23.0,-66.0,-11.5,-47.188,-0.013,0.022,-0.052,0.32,-0.01,9.47,0.42,-0.2,-0.33,-0.09,0.18,9.8,2.0175,2.5,0.0,0.0,5.6,8.0,1016.68,66.82,-13.81
2025-03-24 18:42:19.603000+00:00,60.10415339230508,,,,338.062,-0.562,-1.062,23.0,-66.0,-11.5,-47.188,-0.013,0.022,-0.052,0.32,-0.01,9.47,0.42,-0.2,-0.33,-0.09,0.18,9.8,2.0175,2.5,0.0,0.0,5.6,8.0,1016.68,66.82,-13.81
2025-03-24 18:42:20.648000+00:00,60.10415339230508,,,,338.062,-0.562,-1.062,23.0,-66.0,-11.5,-47.188,-0.013,0.022,-0.052,0.32,-0.01,9.47,0.42,-0.2,-0.33,-0.09,0.18,9.8,2.0175,2.5,0.0,0.0,5.6,8.0,1016.68,66.82,-13.81
2025-03-24 18:42:22.101000+00:00,60.10415339230508,,,,338.062,-0.562,-1.062,23.0,-66.0,-11.5,-47.188,-0.013,0.022,-0.052,0.32,-0.01,9.47,0.42,-0.2,-0.33,-0.09,0.18,9.8,2.0175,2.5,0.0,0.0,5.6,8.0,1016.68,66.82,-13.81
2025-03-24 18:42:23.108000+00:00,60.10415339230508,,,,338.062,-0.562,-1.062,23.0,-66.0,-11.5,-47.188,-0.013,0.022,-0.052,0.32,-0.01,9.47,0.42,-0.2,-0.33,-0.09,0.18,9.8,2.0175,2.5,0.0,0.0,5.6,8.0,1016.68,66.82,-13.81
2025-03-24 18:42:24.118000+00:00,60.10415339230508,,,,338.062,-0.562,-1.062,23.0,-66.0,-11.5,-47.188,-0.013,0.022,-0.052,0.32,-0.01,9.47,0.42,-0.2,-0.33,-0.09,0.18,9.8,2.0175,2.5,0.0,0.0,5.6,8.0,1016.68,66.82,-13.81
2025-03-24 18:42:25.108000+00:00,60.10415339230508,,,,338.062,-0.562,-1.062,23.0,-66.0,-11.5,-47.188,-0.013,0.022,-0.052,0.32,-0.01,9.47,0.42,-0.2,-0.33,-0.09,0.18,9.8,2.0175,2.5,0.0,0.0,5.6,8.0,1016.68,66.82,-13.81
2025-03-24 18:42:26.171000+00:00,60.10415339230508,,,,338.062,-0.562,-1.062,23.0,-66.0,-11.5,-47.188,-0.013,0.022,-0.052,0.32,-0.01,9.47,0.42,-0.2,-0.33,-0.09,0.18,9.8,2.0175,2.5,0.0,0.0,5.6,8.0,1016.68,66.82,-13.81
2025-03-24 18:42:27.312000+00:00,60.10415339230508,,,,338.062,-0.562,-1.062,23.0,-66.0,-11.5,-47.188,-0.013,0.022,-0.052,0.32,-0.01,9.47,0.42,-0.2,-0.33,-0.09,0.18,9.8,2.0175,2.5,0.0,0.0,5.6,8.0,1016.68,66.82,-13.81
2025-03-24 18:42:28.620000+00:00,60.10415339230508,,,,338.062,-0.562,-1.062,23.0,-66.0,-11.5,-47.188,-0.013,0.022,-0.052,0.32,-0.01,9.47,0.42,-0.2,-0.33,-0.09,0.18,9.8,2.0175,2.5,0.0,0.0,5.6,8.0,1016.68,66.82,-13.81
2025-03-24 18:42:29.611000+00:00,60.10415339230508,,,,338.062,-0.562,-1.062,23.0,-66.0,-11.5,-47.188,-0.013,0.022,-0.052,0.32,-0.01,9.47,0.42,-0.2,-0.33,-0.09,0.18,9.8,2.0175,2.5,0.0,0.0,5.6,8.0,1016.68,66.82,-13.81
2025-03-24 18:42:30.585000+00:00,60.10415339230508,,,,338.062,-0.562,-1.062,23.0,-66.0,-11.5,-47.188,-0.013,0.022,-0.052,0.32,-0.01,9.47,0.42,-0.2,-0.33,-0.09,0.18,9.8,2.0175,2.5,0.0,0.0,5.6,8.0,1016.68,66.82,-13.81
2025-03-24 18:42:31.698000+00:00,60.10415339230508,,,,338.062,-0.562,-1.062,23.0,-66.0,-11.5,-47.188,-0.013,0.022,-0.052,0.32,-0.01,9.47,0.42,-0.2,-0.33,-0.09,0.18,9.8,2.0175,2.5,0.0,0.0,5.6,8.0,1016.68,66.82,-13.81
2025-03-24 18:42:33.201000+00:00,60.10415339230508,,,,338.062,-0.562,-1.062,23.0,-66.0,-11.5,-47.188,-0.013,0.022,-0.052,0.32,-0.01,9.47,0.42,-0.2,-0.33,-0.09,0.18,9.8,2.0175,2.5,0.0,0.0,5.6,8.0,1016.68,66.82,-13.81
2025-03-24 18:42:34.262000+00:00,60.10415339230508,,,,338.062,-0.562,-1.062,23.0,-66.0,-11.5,-47.188,-0.013,0.022,-0.052,0.32,-0.01,9.47,0.42,-0.2,-0.33,-0.09,0.18,9.8,2.0175,2.5,0.0,0.0,5.6,8.0,1016.68,66.82,-13.81
2025-03-24 18:42:35.227000+00:00,60.10415339230508,,,,338.062,-0.562,-1.062,23.0,-66.0,-11.5,-47.188,-0.013,0.022,-0.052,0.32,-0.01,9.47,0.42,-0.2,-0.33,-0.09,0.18,9.8,2.0175,2.5,0.0,0.0,5.6,8.0,1016.68,66.82,-13.81
2025-03-24 18:42:36.241000+00:00,60.10415339230508,,,,338.062,-0.562,-1.062,23.0,-66.0,-11.5,-47.188,-0.013,0.022,-0.052,0.32,-0.01,9.47,0.42,-0.2,-0.33,-0.09,0.18,9.8,2.0175,2.5,0.0,0.0,5.6,8.0,1016.68,66.82,-13.81
2025-03-24 18:42:37.316000+00:00,60.10415339230508,,,,338.062,-0.562,-1.062,23.0,-66.0,-11.5,-47.188,-0.013,0.022,-0.052,0.32,-0.01,9.47,0.42,-0.2,-0.33,-0.09,0.18,9.8,2.0175,2.5,0.0,0.0,5.6,8.0,1016.68,66.82,-13.81
2025-03-24 18:42:38.472000+00:00,60.10415339230508,,,,338.062,-0.562,-1.062,23.0,-66.0,-11.5,-47.188,-0.013,0.022,-0.052,0.32,-0.01,9.47,0.42,-0.2,-0.33,-0.09,0.18,9.8,2.0175,2.5,0.0,0.0,5.6,8.0,1016.68,66.82,-13.81
2025-03-24 18:42:39.801000+00:00,60.10415339230508,,,,338.062,-0.562,-1.062,23.0,-66.0,-11.5,-47.188,-0.013,0.022,-0.052,0.32,-0.01,9.47,0.42,-0.2,-0.33,-0.09,0.18,9.8,2.0175,2.5,0.0,0.0,5.6,8.0,1016.71,66.82,-13.81
2025-03-24 18:42:41.251000+00:00,60.10415339230508,,,,338.062,-0.562,-1.062,23.0,-66.0,-11.5,-47.188,-0.013,0.022,-0.052,0.32,-0.01,9.47,0.42,-0.2,-0.33,-0.09,0.18,9.8,2.0175,2.5,0.0,0.0,5.6,8.0,1016.71,66.82,-13.81
2025-03-24 18:42:42.261000+00:00,60.10415339230508,,,,338.062,-0.562,-1.062,23.0,-66.0,-11.5,-47.188,-0.013,0.022,-0.052,0.32,-0.01,9.47,0.42,-0.2,-0.33,-0.09,0.18,9.8,2.0175,2.5,0.0,0.0,5.6,8.0,1016.71,66.82,-13.81
2025-03-24 18:42:43.349000+00:00,60.10415339230508,,,,338.062,-0.562,-1.062,23.0,-66.0,-11.5,-47.188,-0.013,0.022,-0.052,0.32,-0.01,9.47,0.42,-0.2,-0.33,-0.09,0.18,9.8,2.0175,2.5,0.0,0.0,5.6,8.0,1016.71,66.82,-13.81
2025-03-24 18:42:44.376000+00:00,60.10415339230508,,,,338.062,-0.562,-1.062,23.0,-66.0,-11.5,-47.188,-0.013,0.022,-0.052,0.32,-0.01,9.47,0.42,-0.2,-0.33,-0.09,0.18,9.8,2.0175,2.5,0.0,0.0,5.6,8.0,1016.71,66.82,-13.81
2025-03-24 18:42:45.666000+00:00,60.10415339230508,,,,338.062,-0.562,-1.062,23.0,-66.0,-11.5,-47.188,-0.013,0.022,-0.052,0.32,-0.01,9.47,0.42,-0.2,-0.33,-0.09,0.18,9.8,2.0175,2.5,0.0,0.0,5.6,8.0,1016.71,66.82,-13.81
2025-03-24 18:42:46.659000+00:00,60.10415339230508,,,,338.062,-0.562,-1.062,23.0,-66.0,-11.5,-47.188,-0.013,0.022,-0.052,0.32,-0.01,9.47,0.42,-0.2,-0.33,-0.09,0.18,9.8,2.0175,2.5,0.0,0.0,5.6,8.0,1016.71,66.82,-13.81
2025-03-24 18:42:47.829000+00:00,60.10415339230508,,,,338.062,-0.562,-1.062,23.0,-66.0,-11.5,-47.188,-0.013,0.022,-0.052,0.32,-0.01,9.47,0.42,-0.2,-0.33,-0.09,0.18,9.8,2.0175,2.5,0.0,0.0,5.6,8.0,1016.71,66.82,-13.81
2025-03-24 18:42:48.864000+00:00,60.10415339230508,,,,338.062,-0.562,-1.062,23.0,-66.0,-11.5,-47.188,-0.013,0.022,-0.052,0.32,-0.01,9.47,0.42,-0.2,-0.33,-0.09,0.18,9.8,2.0175,2.5,0.0,0.0,5.6,8.0,1016.71,66.82,-13.81
2025-03-24 18:42:49.926000+00:00,60.10415339230508,,,,338.062,-0.562,-1.062,23.0,-66.0,-11.5,-47.188,-0.013,0.022,-0.052,0.32,-0.01,9.47,0.42,-0.2,-0.33,-0.09,0.18,9.8,2.0175,2.5,0.0,0.0,5.6,8.0,1016.71,66.82,-13.81
2025-03-24 18:42:51.369000+00:00,60.10415339230508,,,,338.062,-0.562,-1.062,23.0,-66.0,-11.5,-47.188,-0.013,0.022,-0.052,0.32,-0.01,9.47,0.42,-0.2,-0.33,-0.09,0.18,9.8,2.0175,2.5,0.0,0.0,5.6,8.0,1016.71,66.82,-13.81
2025-03-24 18:42:52.339000+00:00,60.10415339230508,,,,338.062,-0.562,-1.062,23.0,-66.0,-11.5,-47.188,-0.013,0.022,-0.052,0.32,-0.01,9.47,0.42,-0.2,-0.33,-0.09,0.18,9.8,2.0175,2.5,0.0,0.0,5.6,8.0,1016.71,66.82,-13.81
2025-03-24 18:42:53.379000+00:00,60.10415339230508,,,,338.062,-0.562,-1.062,23.0,-66.0,-11.5,-47.188,-0.013,0.022,-0.052,0.32,-0.01,9.47,0.42,-0.2,-0.33,-0.09,0.18,9.8,2.0175,2.5,0.0,0.0,5.6,8.0,1016.71,66.82,-13.81
2025-03-24 18:42:54.368000+00:00,60.10415339230508,,,,338.062,-0.562,-1.062,23.0,-66.0,-11.5,-47.188,-0.013,0.022,-0.052,0.32,-0.01,9.47,0.42,-0.2,-0.33,-0.09,0.18,9.8,2.0175,2.5,0.0,0.0,5.6,8.0,1016.71,66.82,-13.81
2025-03-24 18:42:55.399000+00:00,60.10415339230508,,,,338.062,-0.562,-1.062,23.0,-66.0,-11.5,-47.188,-0.013,0.022,-0.052,0.32,-0.01,9.47,0.42,-0.2,-0.33,-0.09,0.18,9.8,2.0175,2.5,0.0,0.0,5.6,8.0,1016.71,66.82,-13.81
2025-03-24 18:42:56.398000+00:00,60.10415339230508,,,,338.062,-0.562,-1.062,23.0,-66.0,-11.5,-47.188,-0.013,0.022,-0.052,0.32,-0.01,9.47,0.42,-0.2,-0.33,-0.09,0.18,9.8,2.0175,2.5,0.0,0.0,5.6,8.0,1016.71,66.82,-13.81
2025-03-24 18:42:57.540000+00:00,60.10415339230508,,,,338.062,-0.562,-1.062,23.0,-66.0,-11.5,-47.188,-0.013,0.022,-0.052,0.32,-0.01,9.47,0.42,-0.2,-0.33,-0.09,0.18,9.8,2.0175,2.5,0.0,0.0,5.6,8.0,1016.71,66.82,-13.81
2025-03-24 18:42:58.689000+00:00,60.10415339230508,,,,338.062,-0.562,-1.062,23.0,-66.0,-11.5,-47.188,-0.013,0.022,-0.052,0.32,-0.01,9.47,0.42,-0.2,-0.33,-0.09,0.18,9.8,2.0175,2.5,0.0,0.0,5.6,8.0,1016.71,66.82,-13.81
2025-03-24 18:42:59.824000+00:00,60.10415339230508,,,,338.062,-0.562,-1.062,23.0,-66.0,-11.5,-47.188,-0.013,0.022,-0.052,0.32,-0.01,9.47,0.42,-0.2,-0.33,-0.09,0.18,9.8,2.0175,2.5,0.0,0.0,5.6,8.0,1016.71,66.82,-13.81
2025-03-24 18:43:00.980000+00:00,60.10415339230508,,,,338.062,-0.562,-1.062,23.0,-66.0,-11.5,-47.188,-0.013,0.022,-0.052,0.32,-0.01,9.47,0.42,-0.2,-0.33,-0.09,0.18,9.8,2.0175,2.5,0.0,0.0,5.6,8.0,1016.71,66.82,-13.81
2025-03-24 18:43:02.439000+00:00,60.10415339230508,,,,338.062,-0.562,-1.062,23.0,-66.0,-11.5,-47.188,-0.013,0.022,-0.052,0.32,-0.01,9.47,0.42,-0.2,-0.33,-0.09,0.18,9.8,2.0175,2.5,0.0,0.0,5.6,8.0,1016.71,66.82,-13.81
2025-03-24 18:43:03.478000+00:00,60.10415339230508,,,,338.062,-0.562,-1.062,23.0,-66.0,-11.5,-47.188,-0.013,0.022,-0.052,0.32,-0.01,9.47,0.42,-0.2,-0.33,-0.09,0.18,9.8,2.0175,2.5,0.0,0.0,5.6,8.0,1016.71,66.82,-13.81
2025-03-24 18:43:04.478000+00:00,60.10415339230508,,,,338.062,-0.562,-1.062,23.0,-66.0,-11.5,-47.188,-0.013,0.022,-0.052,0.32,-0.01,9.47,0.42,-0.2,-0.33,-0.09,0.18,9.8,2.0175,2.5,0.0,0.0,5.6,8.0,1016.71,66.82,-13.81
2025-03-24 18:43:05.469000+00:00,60.10415339230508,,,,338.062,-0.562,-1.062,23.0,-66.0,-11.5,-47.188,-0.013,0.022,-0.052,0.32,-0.01,9.47,0.42,-0.2,-0.33,-0.09,0.18,9.8,2.0175,2.5,0.0,0.0,5.6,8.0,1016.71,66.82,-13.81
2025-03-24 18:43:06.488000+00:00,60.10415339230508,,,,338.062,-0.562,-1.062,23.0,-66.0,-11.5,-47.188,-0.013,0.022,-0.052,0.32,-0.01,9.47,0.42,-0.2,-0.33,-0.09,0.18,9.8,2.0175,2.5,0.0,0.0,5.6,8.0,1016.71,66.82,-13.81
2025-03-24 18:43:07.496000+00:00,60.10415339230508,,,,338.062,-0.562,-1.062,23.0,-66.0,-11.5,-47.188,-0.013,0.022,-0.052,0.32,-0.01,9.47,0.42,-0.2,-0.33,-0.09,0.18,9.8,2.0175,2.5,0.0,0.0,5.6,8.0,1016.71,66.82,-13.81
2025-03-24 18:43:08.754000+00:00,60.10415339230508,,,,338.062,-0.562,-1.062,23.0,-66.0,-11.5,-47.188,-0.013,0.022,-0.052,0.32,-0.01,9.47,0.42,-0.2,-0.33,-0.09,0.18,9.8,2.0175,2.5,0.0,0.0,5.6,8.0,1016.71,66.82,-13.81
2025-03-24 18:43:10.038000+00:00,60.10415339230508,,,,338.062,-0.562,-1.062,23.0,-66.0,-11.5,-47.188,-0.013,0.022,-0.052,0.32,-0.01,9.47,0.42,-0.2,-0.33,-0.09,0.18,9.8,2.0175,2.5,0.0,0.0,5.6,8.0,1016.71,66.82,-13.81
2025-03-24 18:43:10.878000+00:00,60.10415339230508,,,,338.062,-0.562,-1.062,23.0,-66.0,-11.5,-47.188,-0.013,0.022,-0.052,0.32,-0.01,9.47,0.42,-0.2,-0.33,-0.09,0.18,9.8,2.0175,2.5,0.0,0.0,5.6,8.0,1016.71,66.82,-13.81
2025-03-24 18:43:11.919000+00:00,60.10415339230508,,,,338.062,-0.562,-1.062,23.0,-66.0,-11.5,-47.188,-0.013,0.022,-0.052,0.32,-0.01,9.47,0.42,-0.2,-0.33,-0.09,0.18,9.8,2.0175,2.5,0.0,0.0,5.6,8.0,1016.71,66.82,-13.81
2025-03-24 18:43:13.078000+00:00,60.10415339230508,,,,338.062,-0.562,-1.062,23.0,-66.0,-11.5,-47.188,-0.013,0.022,-0.052,0.32,-0.01,9.47,0.42,-0.2,-0.33,-0.09,0.18,9.8,2.0175,2.5,0.0,0.0,5.6,8.0,1016.71,66.82,-13.81
2025-03-24 18:42:13.989000+00:00,60.10415339230508,,,,338.062,-0.562,-1.062,23.0,-66.0,-11.5,-47.188,-0.013,0.022,-0.052,0.32,-0.01,9.47,0.42,-0.2,-0.33,-0.09,0.18,9.8,2.0175,2.5,0.0,0.0,5.6,8.0,1016.71,66.82,-13.81
2025-03-24 18:42:14.963000+00:00,60.10415339230508,,,,338.062,-0.562,-1.062,23.0,-66.0,-11.5,-47.188,-0.013,0.022,-0.052,0.32,-0.01,9.47,0.42,-0.2,-0.33,-0.09,0.18,9.8,2.0175,2.5,0.0,0.0,5.6,8.0,1016.71,66.82,-13.81
2025-03-24 18:42:16.089000+00:00,60.10415339230508,,,,338.062,-0.562,-1.062,23.0,-66.0,-11.5,-47.188,-0.013,0.022,-0.052,0.32,-0.01,9.47,0.42,-0.2,-0.33,-0.09,0.18,9.8,2.0175,2.5,0.0,0.0,5.6,8.0,1016.71,66.82,-13.81
2025-03-24 18:42:17.232000+00:00,60.10415339230508,,,,338.062,-0.562,-1.062,23.0,-66.0,-11.5,-47.188,-0.013,0.022,-0.052,0.32,-0.01,9.47,0.42,-0.2,-0.33,-0.09,0.18,9.8,2.0175,2.5,0.0,0.0,5.6,8.0,1016.71,66.82,-13.81
2025-03-24 18:42:18.552000+00:00,60.10415339230508,,,,338.062,-0.562,-1.062,23.0,-66.0,-11.5,-47.188,-0.013,0.022,-0.052,0.32,-0.01,9.47,0.42,-0.2,-0.33,-0.09,0.18,9.8,2.0175,2.5,0.0,0.0,5.6,8.0,1016.71,66.82,-13.81
2025-03-24 18:42:19.552000+00:00,60.10415339230508,,,,338.062,-0.562,-1.062,23.0,-66.0,-11.5,-47.188,-0.013,0.022,-0.052,0.32,-0.01,9.47,0.42,-0.2,-0.33,-0.09,0.18,9.8,2.0175,2.5,0.0,0.0,5.6,8.0,1016.71,66.82,-13.81
2025-03-24 18:42:20.588000+00:00,60.10415339230508,,,,338.062,-0.562,-1.062,23.0,-66.0,-11.5,-47.188,-0.013,0.022,-0.052,0.32,-0.01,9.47,0.42,-0.2,-0.33,-0.09,0.18,9.8,2.0175,2.5,0.0,0.0,5.6,8.0,1016.71,66.82,-13.81
2025-03-24 18:42:22.048000+00:00,60.10415339230508,,,,338.062,-0.562,-1.062,23.0,-66.0,-11.5,-47.188,-0.013,0.022,-0.052,0.32,-0.01,9.47,0.42,-0.2,-0.33,-0.09,0.18,9.8,2.0175,2.5,0.0,0.0,5.6,8.0,1016.71,66.82,-13.81
2025-03-24 18:42:23.048000+00:00,60.10415339230508,,,,338.062,-0.562,-1.062,23.0,-66.0,-11.5,-47.188,-0.013,0.022,-0.052,0.32,-0.01,9.47,0.42,-0.2,-0.33,-0.09,0.18,9.8,2.0175,2.5,0.0,0.0,5.6,8.0,1016.71,66.82,-13.81
2025-03-24 18:42:24.058000+00:00,60.10415339230508,,,,338.062,-0.562,-1.062,23.0,-66.0,-11.5,-47.188,-0.013,0.022,-0.052,0.32,-0.01,9.47,0.42,-0.2,-0.33,-0.09,0.18,9.8,2.0175,2.5,0.0,0.0,5.6,8.0,1016.71,66.82,-13.81
2025-03-24 18:42:25.052000+00:00,60.10415339230508,,,,338.062,-0.562,-1.062,23.0,-66.0,-11.5,-47.188,-0.013,0.022,-0.052,0.32,-0.01,9.47,0.42,-0.2,-0.33,-0.09,0.18,9.8,2.0175,2.5,0.0,0.0,5.6,8.0,1016.71,66.82,-13.81
2025-03-24 18:42:26.118000+00:00,60.10415339230508,,,,338.062,-0.562,-1.062,23.0,-66.0,-11.5,-47.188,-0.013,0.022,-0.052,0.32,-0.01,9.47,0.42,-0.2,-0.33,-0.09,0.18,9.8,2.0175,2.5,0.0,0.0,5.6,8.0,1016.71,66.82,-13.81
2025-03-24 18:42:27.261000+00:00,60.10415339230508,,,,338.062,-0.562,-1.062,23.0,-66.0,-11.5,-47.188,-0.013,0.022,-0.052,0.32,-0.01,9.47,0.42,-0.2,-0.33,-0.09,0.18,9.8,2.0175,2.5,0.0,0.0,5.6,8.0,1016.71,66.82,-13.81
2025-03-24 18:42:28.574000+00:00,60.10415339230508,,,,338.062,-0.562,-1.062,23.0,-66.0,-11.5,-47.188,-0.013,0.022,-0.052,0.32,-0.01,9.47,0.42,-0.2,-0.33,-0.09,0.18,9.8,2.0175,2.5,0.0,0.0,5.6,8.0,1016.71,66.82,-13.81
2025-03-24 18:42:29.557000+00:00,60.10415339230508,,,,338.062,-0.562,-1.062,23.0,-66.0,-11.5,-47.188,-0.013,0.022,-0.052,0.32,-0.01,9.47,0.42,-0.2,-0.33,-0.09,0.18,9.8,2.0175,2.5,0.0,0.0,5.6,8.0,1016.71,66.82,-13.81
2025-03-24 18:42:30.532000+00:00,60.10415339230508,,,,338.062,-0.562,-1.062,23.0,-66.0,-11.5,-47.188,-0.013,0.022,-0.052,0.32,-0.01,9.47,0.42,-0.2,-0.33,-0.09,0.18,9.8,2.0175,2.5,0.0,0.0,5.6,8.0,1016.71,66.82,-13.81
2025-03-24 18:42:31.640000+00:00,60.10415339230508,,,,338.062,-0.562,-1.062,23.0,-66.0,-11.5,-47.188,-0.013,0.022,-0.052,0.32,-0.01,9.47,0.42,-0.2,-0.33,-0.09,0.18,9.8,2.0175,2.5,0.0,0.0,5.6,8.0,1016.71,66.82,-13.81
2025-03-24 18:42:33.151000+00:00,60.10415339230508,,,,338.062,-0.562,-1.062,23.0,-66.0,-11.5,-47.188,-0.013,0.022,-0.052,0.32,-0.01,9.47,0.42,-0.2,-0.33,-0.09,0.18,9.8,2.0175,2.5,0.0,0.0,5.6,8.0,1016.71,66.82,-13.81
2025-03-24 18:42:34.211000+00:00,60.10415339230508,,,,338.062,-0.562,-1.062,23.0,-66.0,-11.5,-47.188,-0.013,0.022,-0.052,0.32,-0.01,9.47,0.42,-0.2,-0.33,-0.09,0.18,9.8,2.0175,2.5,0.0,0.0,5.6,8.0,1016.71,66.82,-13.81
2025-03-24 18:42:35.172000+00:00,60.10415339230508,,,,338.062,-0.562,-1.062,23.0,-66.0,-11.5,-47.188,-0.013,0.022,-0.052,0.32,-0.01,9.47,0.42,-0.2,-0.33,-0.09,0.18,9.8,2.0175,2.5,0.0,0.0,5.6,8.0,1016.71,66.82,-13.81
2025-03-24 18:42:36.191000+00:00,60.10415339230508,,,,338.062,-0.562,-1.062,23.0,-66.0,-11.5,-47.188,-0.013,0.022,-0.052,0.32,-0.01,9.47,0.42,-0.2,-0.33,-0.09,0.18,9.8,2.0175,2.5,0.0,0.0,5.6,8.0,1016.71,66.82,-13.81
2025-03-24 18:42:37.257000+00:00,60.10415339230508,,,,338.062,-0.562,-1.062,23.0,-66.0,-11.5,-47.188,-0.013,0.022,-0.052,0.32,-0.01,9.47,0.42,-0.2,-0.33,-0.09,0.18,9.8,2.0175,2.5,0.0,0.0,5.6,8.0,1016.71,66.82,-13.81
2025-03-24 18:42:38.416000+00:00,60.10415339230508,,,,338.062,-0.562,-1.062,23.0,-66.0,-11.5,-47.188,-0.013,0.022,-0.052,0.32,-0.01,9.47,0.42,-0.2,-0.33,-0.09,0.18,9.8,2.0175,2.5,0.0,0.0,5.6,8.0,1016.71,66.82,-13.81
2025-03-24 18:42:39.751000+00:00,60.10415339230508,,,,338.062,-0.562,-1.062,23.0,-66.0,-11.5,-47.188,-0.013,0.022,-0.052,0.32,-0.01,9.47,0.42,-0.2,-0.33,-0.09,0.18,9.8,2.0175,2.5,0.0,0.0,5.6,8.0,1016.71,66.82,-13.81
2025-03-24 18:42:41.200000+00:00,60.10415339230508,,,,338.062,-0.562,-1.062,23.0,-66.0,-11.5,-47.188,-0.013,0.022,-0.052,0.32,-0.01,9.47,0.42,-0.2,-0.33,-0.09,0.18,9.8,2.0175,2.5,0.0,0.0,5.6,8.0,1016.71,66.82,-13.81
2025-03-24 18:42:42.211000+00:00,60.10415339230508,,,,338.062,-0.562,-1.062,23.0,-66.0,-11.5,-47.188,-0.013,0.022,-0.052,0.32,-0.01,9.47,0.42,-0.2,-0.33,-0.09,0.18,9.8,2.0175,2.5,0.0,0.0,5.6,8.0,1016.71,66.82,-13.81
2025-03-24 18:42:43.295000+00:00,60.10415339230508,,,,338.062,-0.562,-1.062,23.0,-66.0,-11.5,-47.188,-0.013,0.022,-0.052,0.32,-0.01,9.47,0.42,-0.2,-0.33,-0.09,0.18,9.8,2.0175,2.5,0.0,0.0,5.6,8.0,1016.71,66.82,-13.81
2025-03-24 18:42:44.320000+00:00,60.10415339230508,,,,338.062,-0.562,-1.062,23.0,-66.0,-11.5,-47.188,-0.013,0.022,-0.052,0.32,-0.01,9.47,0.42,-0.2,-0.33,-0.09,0.18,9.8,2.0175,2.5,0.0,0.0,5.6,8.0,1016.71,66.82,-13.81
2025-03-24 18:42:45.610000+00:00,60.10415339230508,,,,338.062,-0.562,-1.062,23.0,-66.0,-11.5,-47.188,-0.013,0.022,-0.052,0.32,-0.01,9.47,0.42,-0.2,-0.33,-0.09,0.18,9.8,2.0175,2.5,0.0,0.0,5.6,8.0,1016.71,66.82,-13.81
2025-03-24 18:42:46.610000+00:00,60.10415339230508,,,,338.062,-0.562,-1.062,23.0,-66.0,-11.5,-47.188,-0.013,0.022,-0.052,0.32,-0.01,9.47,0.42,-0.2,-0.33,-0.09,0.18,9.8,2.0175,2.5,0.0,0.0,5.6,8.0,1016.71,66.82,-13.81
2025-03-24 18:42:47.780000+00:00,60.10415339230508,,,,338.062,-0.562,-1.062,23.0,-66.0,-11.5,-47.188,-0.013,0.022,-0.052,0.32,-0.01,9.47,0.42,-0.2,-0.33,-0.09,0.18,9.8,2.0175,2.5,0.0,0.0,5.6,8.0,1016.71,66.82,-13.81
2025-03-24 18:42:48.808000+00:00,60.10415339230508,,,,338.062,-0.562,-1.062,23.0,-66.0,-11.5,-47.188,-0.013,0.022,-0.052,0.32,-0.01,9.47,0.42,-0.2,-0.33,-0.09,0.18,9.8,2.0175,2.5,0.0,0.0,5.6,8.0,1016.71,66.82,-13.81
2025-03-24 18:42:49.860000+00:00,60.10415339230508,,,,338.062,-0.562,-1.062,23.0,-66.0,-11.5,-47.188,-0.013,0.022,-0.052,0.32,-0.01,9.47,0.42,-0.2,-0.33,-0.09,0.18,9.8,2.0175,2.5,0.0,0.0,5.6,8.0,1016.71,66.82,-13.81
2025-03-24 18:42:51.319000+00:00,60.10415339230508,,,,338.062,-0.562,-1.062,23.0,-66.0,-11.5,-47.188,-0.013,0.022,-0.052,0.32,-0.01,9.47,0.42,-0.2,-0.33,-0.09,0.18,9.8,2.0175,2.5,0.0,0.0,5.6,8.0,1016.71,66.82,-13.81
2025-03-24 18:42:52.289000+00:00,60.10415339230508,,,,338.062,-0.562,-1.062,23.0,-66.0,-11.5,-47.188,-0.013,0.022,-0.052,0.32,-0.01,9.47,0.42,-0.2,-0.33,-0.09,0.18,9.8,2.0175,2.5,0.0,0.0,5.6,8.0,1016.71,66.82,-13.81
2025-03-24 18:42:53.329000+00:00,60.10415339230508,,,,338.062,-0.562,-1.062,23.0,-66.0,-11.5,-47.188,-0.013,0.022,-0.052,0.32,-0.01,9.47,0.42,-0.2,-0.33,-0.09,0.18,9.8,2.0175,2.5,0.0,0.0,5.6,8.0,1016.71,66.82,-13.81
2025-03-24 18:42:54.315000+00:00,60.10415339230508,,,,338.062,-0.562,-1.062,23.0,-66.0,-11.5,-47.188,-0.013,0.022,-0.052,0.32,-0.01,9.47,0.42,-0.2,-0.33,-0.09,0.18,9.8,2.0175,2.5,0.0,0.0,5.6,8.0,1016.71,66.82,-13.81
2025-03-24 18:42:55.351000+00:00,60.10415339230508,,,,338.062,-0.562,-1.062,23.0,-66.0,-11.5,-47.188,-0.013,0.022,-0.052,0.32,-0.01,9.47,0.42,-0.2,-0.33,-0.09,0.18,9.8,2.0175,2.5,0.0,0.0,5.6,8.0,1016.71,66.82,-13.81
2025-03-24 18:42:56.342000+00:00,60.10415339230508,,,,338.062,-0.562,-1.062,23.0,-66.0,-11.5,-47.188,-0.013,0.022,-0.052,0.32,-0.01,9.47,0.42,-0.2,-0.33,-0.09,0.18,9.8,2.0175,2.5,0.0,0.0,5.6,8.0,1016.71,66.82,-13.81
2025-03-24 18:42:57.485000+00:00,60.10415339230508,,,,338.062,-0.562,-1.062,23.0,-66.0,-11.5,-47.188,-0.013,0.022,-0.052,0.32,-0.01,9.47,0.42,-0.2,-0.33,-0.09,0.18,9.8,2.0175,2.5,0.0,0.0,5.6,8.0,1016.71,66.82,-13.81
2025-03-24 18:42:58.638000+00:00,60.10415339230508,,,,338.062,-0.562,-1.062,23.0,-66.0,-11.5,-47.188,-0.013,0.022,-0.052,0.32,-0.01,9.47,0.42,-0.2,-0.33,-0.09,0.18,9.8,2.0175,2.5,0.0,0.0,5.6,8.0,1016.71,66.82,-13.81
2025-03-24 18:42:59.771000+00:00,60.10415339230508,,,,338.062,-0.562,-1.062,23.0,-66.0,-11.5,-47.188,-0.013,0.022,-0.052,0.32,-0.01,9.47,0.42,-0.2,-0.33,-0.09,0.18,9.8,2.0175,2.5,0.0,0.0,5.6,8.0,1016.71,66.82,-13.81
2025-03-24 18:43:00.929000+00:00,60.10415339230508,,,,338.062,-0.562,-1.062,23.0,-66.0,-11.5,-47.188,-0.013,0.022,-0.052,0.32,-0.01,9.47,0.42,-0.2,-0.33,-0.09,0.18,9.8,2.0175,2.5,0.0,0.0,5.6,8.0,1016.71,66.82,-13.81
2025-03-24 18:43:02.388000+00:00,60.10415339230508,,,,338.062,-0.562,-1.062,23.0,-66.0,-11.5,-47.188,-0.013,0.022,-0.052,0.32,-0.01,9.47,0.42,-0.2,-0.33,-0.09,0.18,9.8,2.0175,2.5,0.0,0.0,5.6,8.0,1016.71,66.82,-13.81
2025-03-24 18:43:03.418000+00:00,60.10415339230508,,,,338.062,-0.562,-1.062,23.0,-66.0,-11.5,-47.188,-0.013,0.022,-0.052,0.32,-0.01,9.47,0.42,-0.2,-0.33,-0.09,0.18,9.8,2.0175,2.5,0.0,0.0,5.6,8.0,1016.71,66.82,-13.81
2025-03-24 18:43:04.428000+00:00,60.10415339230508,,,,338.062,-0.562,-1.062,23.0,-66.0,-11.5,-47.188,-0.013,0.022,-0.052,0.32,-0.01,9.47,0.42,-0.2,-0.33,-0.09,0.18,9.8,2.0175,2.5,0.0,0.0,5.6,8.0,1016.71,66.82,-13.81
2025-03-24 18:43:05.419000+00:00,60.10415339230508,,,,338.062,-0.562,-1.062,23.0,-66.0,-11.5,-47.188,-0.013,0.022,-0.052,0.32,-0.01,9.47,0.42,-0.2,-0.33,-0.09,0.18,9.8,2.0175,2.5,0.0,0.0,5.6,8.0,1016.71,66.82,-13.81
2025-03-24 18:43:06.438000+00:00,60.10415339230508,,,,338.062,-0.562,-1.062,23.0,-66.0,-11.5,-47.188,-0.013,0.022,-0.052,0.32,-0.01,9.47,0.42,-0.2,-0.33,-0.09,0.18,9.8,2.0175,2.5,0.0,0.0,5.6,8.0,1016.71,66.82,-13.81
2025-03-24 18:43:07.435000+00:00,60.10415339230508,,,,338.062,-0.562,-1.062,23.0,-66.0,-11.5,-47.188,-0.013,0.022,-0.052,0.32,-0.01,9.47,0.42,-0.2,-0.33,-0.09,0.18,9.8,2.0175,2.5,0.0,0.0,5.6,8.0,1016.71,66.82,-13.81
2025-03-24 18:43:08.689000+00:00,60.10415339230508,,,,338.062,-0.562,-1.062,23.0,-66.0,-11.5,-47.188,-0.013,0.022,-0.052,0.32,-0.01,9.47,0.42,-0.2,-0.33,-0.09,0.18,9.8,2.0175,2.5,0.0,0.0,5.6,8.0,1016.71,66.82,-13.81
2025-03-24 18:43:09.978000+00:00,60.10415339230508,,,,338.062,-0.562,-1.062,23.0,-66.0,-11.5,-47.188,-0.013,0.022,-0.052,0.32,-0.01,9.47,0.42,-0.2,-0.33,-0.09,0.18,9.8,2.0175,2.5,0.0,0.0,5.6,8.0,1016.71,66.83,-13.81
2025-03-24 18:43:10.828000+00:00,60.10415339230508,,,,338.062,-0.562,-1.062,23.0,-66.0,-11.5,-47.188,-0.013,0.022,-0.052,0.32,-0.01,9.47,0.42,-0.2,-0.33,-0.09,0.18,9.8,2.0175,2.5,0.0,0.0,5.6,8.0,1016.71,66.83,-13.81
2025-03-24 18:43:11.868000+00:00,60.10415339230508,,,,338.062,-0.562,-1.062,23.0,-66.0,-11.5,-47.188,-0.013,0.022,-0.052,0.32,-0.01,9.47,0.42,-0.2,-0.33,-0.09,0.18,9.8,2.0175,2.5,0.0,0.0,5.6,8.0,1016.71,66.83,-13.81
2025-03-24 18:43:13.028000+00:00,60.10415339230508,,,,338.062,-0.562,-1.062,23.0,-66.0,-11.5,-47.188,-0.013,0.022,-0.052,0.32,-0.01,9.47,0.42,-0.2,-0.33,-0.09,0.18,9.8,2.0175,2.5,0.0,0.0,5.6,8.0,1016.71,66.83,-13.81
2025-03-24 18:42:14.109000+00:00,60.10415339230508,,,,338.062,-0.562,-1.062,23.0,-66.0,-11.5,-47.188,-0.013,0.022,-0.052,0.32,-0.01,9.47,0.42,-0.2,-0.33,-0.09,0.18,9.8,2.0175,2.5,0.0,0.0,5.6,8.0,1016.71,66.83,-13.81
2025-03-24 18:42:15.079000+00:00,60.10415339230508,,,,338.062,-0.562,-1.062,23.0,-66.0,-11.5,-47.188,-0.013,0.022,-0.052,0.32,-0.01,9.47,0.42,-0.2,-0.33,-0.09,0.18,9.8,2.0175,2.5,0.0,0.0,5.6,8.0,1016.71,66.83,-13.81
2025-03-24 18:42:16.202000+00:00,60.10415339230508,,,,338.062,-0.562,-1.062,23.0,-66.0,-11.5,-47.188,-0.013,0.022,-0.052,0.32,-0.01,9.47,0.42,-0.2,-0.33,-0.09,0.18,9.8,2.0175,2.5,0.0,0.0,5.6,8.0,1016.71,66.83,-13.81
2025-03-24 18:42:17.332000+00:00,60.10415339230508,,,,338.062,-0.562,-1.062,23.0,-66.0,-11.5,-47.188,-0.013,0.022,-0.052,0.32,-0.01,9.47,0.42,-0.2,-0.33,-0.09,0.18,9.8,2.0175,2.5,0.0,0.0,5.6,8.0,1016.71,66.83,-13.81
2025-03-24 18:42:18.658000+00:00,60.10415339230508,,,,338.062,-0.562,-1.062,23.0,-66.0,-11.5,-47.188,-0.013,0.022,-0.052,0.32,-0.01,9.47,0.42,-0.2,-0.33,-0.09,0.18,9.8,2.0175,2.5,0.0,0.0,5.6,8.0,1016.71,66.83,-13.81
2025-03-24 18:42:19.653000+00:00,60.10415339230508,,,,338.062,-0.562,-1.062,23.0,-66.0,-11.5,-47.188,-0.013,0.022,-0.052,0.32,-0.01,9.47,0.42,-0.2,-0.33,-0.09,0.18,9.8,2.0175,2.5,0.0,0.0,5.6,8.0,1016.71,66.83,-13.81
2025-03-24 18:42:20.705000+00:00,60.10415339230508,,,,338.062,-0.562,-1.062,23.0,-66.0,-11.5,-47.188,-0.013,0.022,-0.052,0.32,-0.01,9.47,0.42,-0.2,-0.33,-0.09,0.18,9.8,2.0175,2.5,0.0,0.0,5.6,8.0,1016.71,66.83,-13.81
2025-03-24 18:42:22.162000+00:00,60.10415339230508,,,,338.062,-0.562,-1.062,23.0,-66.0,-11.5,-47.188,-0.013,0.022,-0.052,0.32,-0.01,9.47,0.42,-0.2,-0.33,-0.09,0.18,9.8,2.0175,2.5,0.0,0.0,5.6,8.0,1016.71,66.83,-13.81
2025-03-24 18:42:23.168000+00:00,60.10415339230508,,,,338.062,-0.562,-1.062,23.0,-66.0,-11.5,-47.188,-0.013,0.022,-0.052,0.32,-0.01,9.47,0.42,-0.2,-0.33,-0.09,0.18,9.8,2.0175,2.5,0.0,0.0,5.6,8.0,1016.71,66.83,-13.81
2025-03-24 18:42:24.178000+00:00,60.10415339230508,,,,338.062,-0.562,-1.062,23.0,-66.0,-11.5,-47.188,-0.013,0.022,-0.052,0.32,-0.01,9.47,0.42,-0.2,-0.33,-0.09,0.18,9.8,2.0175,2.5,0.0,0.0,5.6,8.0,1016.71,66.83,-13.81
2025-03-24 18:42:25.167000+00:00,60.10415339230508,,,,338.062,-0.562,-1.062,23.0,-66.0,-11.5,-47.188,-0.013,0.022,-0.052,0.32,-0.01,9.47,0.42,-0.2,-0.33,-0.09,0.18,9.8,2.0175,2.5,0.0,0.0,5.6,8.0,1016.71,66.83,-13.81
2025-03-24 18:42:26.227000+00:00,60.10415339230508,,,,338.062,-0.562,-1.062,23.0,-66.0,-11.5,-47.188,-0.013,0.022,-0.052,0.32,-0.01,9.47,0.42,-0.2,-0.33,-0.09,0.18,9.8,2.0175,2.5,0.0,0.0,5.6,8.0,1016.71,66.83,-13.81
2025-03-24 18:42:27.370000+00:00,60.10415339230508,,,,338.062,-0.562,-1.062,23.0,-66.0,-11.5,-47.188,-0.013,0.022,-0.052,0.32,-0.01,9.47,0.42,-0.2,-0.33,-0.09,0.18,9.8,2.0175,2.5,0.0,0.0,5.6,8.0,1016.71,66.83,-13.81
2025-03-24 18:42:28.672000+00:00,60.10415339230508,,,,338.062,-0.562,-1.062,23.0,-66.0,-11.5,-47.188,-0.013,0.022,-0.052,0.32,-0.01,9.47,0.42,-0.2,-0.33,-0.09,0.18,9.8,2.0175,2.5,0.0,0.0,5.6,8.0,1016.71,66.83,-13.81
2025-03-24 18:42:29.661000+00:00,60.10415339230508,,,,338.062,-0.562,-1.062,23.0,-66.0,-11.5,-47.188,-0.013,0.022,-0.052,0.32,-0.01,9.47,0.42,-0.2,-0.33,-0.09,0.18,9.8,2.0175,2.5,0.0,0.0,5.6,8.0,1016.71,66.83,-13.81
2025-03-24 18:42:30.641000+00:00,60.10415339230508,,,,338.062,-0.562,-1.062,23.0,-66.0,-11.5,-47.188,-0.013,0.022,-0.052,0.32,-0.01,9.47,0.42,-0.2,-0.33,-0.09,0.18,9.8,2.0175,2.5,0.0,0.0,5.6,8.0,1016.71,66.83,-13.81
2025-03-24 18:42:31.757000+00:00,60.10415339230508,,,,338.062,-0.562,-1.062,23.0,-66.0,-11.5,-47.188,-0.013,0.022,-0.052,0.32,-0.01,9.47,0.42,-0.2,-0.33,-0.09,0.18,9.8,2.0175,2.5,0.0,0.0,5.6,8.0,1016.71,66.83,-13.81
2025-03-24 18:42:33.255000+00:00,60.10415339230508,,,,338.062,-0.562,-1.062,23.0,-66.0,-11.5,-47.188,-0.013,0.022,-0.052,0.32,-0.01,9.47,0.42,-0.2,-0.33,-0.09,0.18,9.8,2.0175,2.5,0.0,0.0,5.6,8.0,1016.71,66.83,-13.81
2025-03-24 18:42:34.311000+00:00,60.10415339230508,,,,338.062,-0.562,-1.062,23.0,-66.0,-11.5,-47.188,-0.013,0.022,-0.052,0.32,-0.01,9.47,0.42,-0.2,-0.33,-0.09,0.18,9.8,2.0175,2.5,0.0,0.0,5.6,8.0,1016.71,66.83,-13.81
2025-03-24 18:42:35.281000+00:00,60.10415339230508,,,,338.062,-0.562,-1.062,23.0,-66.0,-11.5,-47.188,-0.013,0.022,-0.052,0.32,-0.01,9.47,0.42,-0.2,-0.33,-0.09,0.18,9.8,2.0175,2.5,0.0,0.0,5.6,8.0,1016.71,66.83,-13.81
2025-03-24 18:42:36.296000+00:00,60.10415339230508,,,,338.062,-0.562,-1.062,23.0,-66.0,-11.5,-47.188,-0.013,0.022,-0.052,0.32,-0.01,9.47,0.42,-0.2,-0.33,-0.09,0.18,9.8,2.0175,2.5,0.0,0.0,5.6,8.0,1016.71,66.83,-13.81
2025-03-24 18:42:37.370000+00:00,60.10415339230508,,,,338.062,-0.562,-1.062,23.0,-66.0,-11.5,-47.188,-0.013,0.022,-0.052,0.32,-0.01,9.47,0.42,-0.2,-0.33,-0.09,0.18,9.8,2.0175,2.5,0.0,0.0,5.6,8.0,1016.71,66.83,-13.81
2025-03-24 18:42:38.523000+00:00,60.10415339230508,,,,338.062,-0.562,-1.062,23.0,-66.0,-11.5,-47.188,-0.013,0.022,-0.052,0.32,-0.01,9.47,0.42,-0.2,-0.33,-0.09,0.18,9.8,2.0175,2.5,0.0,0.0,5.6,8.0,1016.71,66.83,-13.81
2025-03-24 18:42:39.851000+00:00,60.10415339230508,,,,338.062,-0.562,-1.062,23.0,-66.0,-11.5,-47.188,-0.013,0.022,-0.052,0.32,-0.01,9.47,0.42,-0.2,-0.33,-0.09,0.18,9.8,2.0175,2.5,0.0,0.0,5.6,8.0,1016.71,66.83,-14.33
2025-03-24 18:42:41.300000+00:00,60.10415339230508,,,,338.062,-0.562,-1.062,23.0,-66.0,-11.5,-47.188,-0.013,0.022,-0.052,0.32,-0.01,9.47,0.42,-0.2,-0.33,-0.09,0.18,9.8,2.0175,2.5,0.0,0.0,5.6,8.0,1016.71,66.83,-14.33
2025-03-24 18:42:42.310000+00:00,60.10415339230508,,,,338.062,-0.562,-1.062,23.0,-66.0,-11.5,-47.188,-0.013,0.022,-0.052,0.32,-0.01,9.47,0.42,-0.2,-0.33,-0.09,0.18,9.8,2.0175,2.5,0.0,0.0,5.6,8.0,1016.71,66.83,-14.33
2025-03-24 18:42:43.400000+00:00,60.10415339230508,,,,338.062,-0.562,-1.062,23.0,-66.0,-11.5,-47.188,-0.013,0.022,-0.052,0.32,-0.01,9.47,0.42,-0.2,-0.33,-0.09,0.18,9.8,2.0175,2.5,0.0,0.0,5.6,8.0,1016.71,66.83,-14.33
2025-03-24 18:42:44.437000+00:00,60.10415339230508,,,,338.062,-0.562,-1.062,23.0,-66.0,-11.5,-47.188,-0.013,0.022,-0.052,0.32,-0.01,9.47,0.42,-0.2,-0.33,-0.09,0.18,9.8,2.0175,2.5,0.0,0.0,5.6,8.0,1016.71,66.83,-14.33
2025-03-24 18:42:45.726000+00:00,60.10415339230508,,,,338.062,-0.562,-1.062,23.0,-66.0,-11.5,-47.188,-0.013,0.022,-0.052,0.32,-0.01,9.47,0.42,-0.2,-0.33,-0.09,0.18,9.8,2.0175,2.5,0.0,0.0,5.6,8.0,1016.71,66.83,-14.33
2025-03-24 18:42:46.710000+00:00,60.10415339230508,,,,338.062,-0.562,-1.062,23.0,-66.0,-11.5,-47.188,-0.013,0.022,-0.052,0.32,-0.01,9.47,0.42,-0.2,-0.33,-0.09,0.18,9.8,2.0175,2.5,0.0,0.0,5.6,8.0,1016.71,66.83,-14.33
2025-03-24 18:42:47.879000+00:00,60.10415339230508,,,,338.062,-0.562,-1.062,23.0,-66.0,-11.5,-47.188,-0.013,0.022,-0.052,0.32,-0.01,9.47,0.42,-0.2,-0.33,-0.09,0.18,9.8,2.0175,2.5,0.0,0.0,5.6,8.0,1016.71,66.83,-14.33
2025-03-24 18:42:48.910000+00:00,60.10415339230508,,,,338.062,-0.562,-1.062,23.0,-66.0,-11.5,-47.188,-0.013,0.022,-0.052,0.32,-0.01,9.47,0.42,-0.2,-0.33,-0.09,0.18,9.8,2.0175,2.5,0.0,0.0,5.6,8.0,1016.71,66.83,-14.33
2025-03-24 18:42:49.979000+00:00,60.10415339230508,,,,338.062,-0.562,-1.062,23.0,-66.0,-11.5,-47.188,-0.013,0.022,-0.052,0.32,-0.01,9.47,0.42,-0.2,-0.33,-0.09,0.18,9.8,2.0175,2.5,0.0,0.0,5.6,8.0,1016.71,66.83,-14.33
2025-03-24 18:42:51.419000+00:00,60.10415339230508,,,,338.062,-0.562,-1.062,23.0,-66.0,-11.5,-47.188,-0.013,0.022,-0.052,0.32,-0.01,9.47,0.42,-0.2,-0.33,-0.09,0.18,9.8,2.0175,2.5,0.0,0.0,5.6,8.0,1016.71,66.83,-14.33
2025-03-24 18:42:52.389000+00:00,60.10415339230508,,,,338.062,-0.562,-1.062,23.0,-66.0,-11.5,-47.188,-0.013,0.022,-0.052,0.32,-0.01,9.47,0.42,-0.2,-0.33,-0.09,0.18,9.8,2.0175,2.5,0.0,0.0,5.6,8.0,1016.71,66.83,-14.33
2025-03-24 18:42:53.435000+00:00,60.10415339230508,,,,338.062,-0.562,-1.062,23.0,-66.0,-11.5,-47.188,-0.013,0.022,-0.052,0.32,-0.01,9.47,0.42,-0.2,-0.33,-0.09,0.18,9.8,2.0175,2.5,0.0,0.0,5.6,8.0,1016.71,66.83,-14.33
2025-03-24 18:42:54.419000+00:00,60.10415339230508,,,,338.062,-0.562,-1.062,23.0,-66.0,-11.5,-47.188,-0.013,0.022,-0.052,0.32,-0.01,9.47,0.42,-0.2,-0.33,-0.09,0.18,9.8,2.0175,2.5,0.0,0.0,5.6,8.0,1016.71,66.83,-14.33
2025-03-24 18:42:55.450000+00:00,60.10415339230508,,,,338.062,-0.562,-1.062,23.0,-66.0,-11.5,-47.188,-0.013,0.022,-0.052,0.32,-0.01,9.47,0.42,-0.2,-0.33,-0.09,0.18,9.8,2.0175,2.5,0.0,0.0,5.6,8.0,1016.71,66.83,-14.33
2025-03-24 18:42:56.450000+00:00,60.10415339230508,,,,338.062,-0.562,-1.062,23.0,-66.0,-11.5,-47.188,-0.013,0.022,-0.052,0.32,-0.01,9.47,0.42,-0.2,-0.33,-0.09,0.18,9.8,2.0175,2.5,0.0,0.0,5.6,8.0,1016.71,66.83,-14.33
2025-03-24 18:42:57.588000+00:00,60.10415339230508,,,,338.062,-0.562,-1.062,23.0,-66.0,-11.5,-47.188,-0.013,0.022,-0.052,0.32,-0.01,9.47,0.42,-0.2,-0.33,-0.09,0.18,9.8,2.0175,2.5,0.0,0.0,5.6,8.0,1016.71,66.83,-14.33
2025-03-24 18:42:58.741000+00:00,60.10415339230508,,,,338.062,-0.562,-1.062,23.0,-66.0,-11.5,-47.188,-0.013,0.022,-0.052,0.32,-0.01,9.47,0.42,-0.2,-0.33,-0.09,0.18,9.8,2.0175,2.5,0.0,0.0,5.6,8.0,1016.71,66.83,-14.33
2025-03-24 18:42:59.868000+00:00,60.10415339230508,,,,338.062,-0.562,-1.062,23.0,-66.0,-11.5,-47.188,-0.013,0.022,-0.052,0.32,-0.01,9.47,0.42,-0.2,-0.33,-0.09,0.18,9.8,2.0175,2.5,0.0,0.0,5.6,8.0,1016.71,66.83,-14.33
2025-03-24 18:43:01.028000+00:00,60.10415339230508,,,,338.062,-0.562,-1.062,23.0,-66.0,-11.5,-47.188,-0.013,0.022,-0.052,0.32,-0.01,9.47,0.42,-0.2,-0.33,-0.09,0.18,9.8,2.0175,2.5,0.0,0.0,5.6,8.0,1016.71,66.83,-14.33
2025-03-24 18:43:02.489000+00:00,60.10415339230508,,,,338.062,-0.562,-1.062,23.0,-66.0,-11.5,-47.188,-0.013,0.022,-0.052,0.32,-0.01,9.47,0.42,-0.2,-0.33,-0.09,0.18,9.8,2.0175,2.5,0.0,0.0,5.6,8.0,1016.71,66.83,-14.33
2025-03-24 18:43:03.538000+00:00,60.10415339230508,,,,338.062,-0.562,-1.062,23.0,-66.0,-11.5,-47.188,-0.013,0.022,-0.052,0.32,-0.01,9.47,0.42,-0.2,-0.33,-0.09,0.18,9.8,2.0175,2.5,0.0,0.0,5.6,8.0,1016.71,66.83,-14.33
2025-03-24 18:43:04.528000+00:00,60.10415339230508,,,,338.062,-0.562,-1.062,23.0,-66.0,-11.5,-47.188,-0.013,0.022,-0.052,0.32,-0.01,9.47,0.42,-0.2,-0.33,-0.09,0.18,9.8,2.0175,2.5,0.0,0.0,5.6,8.0,1016.71,66.83,-14.33
2025-03-24 18:43:05.524000+00:00,60.10415339230508,,,,338.062,-0.562,-1.062,23.0,-66.0,-11.5,-47.188,-0.013,0.022,-0.052,0.32,-0.01,9.47,0.42,-0.2,-0.33,-0.09,0.18,9.8,2.0175,2.5,0.0,0.0,5.6,8.0,1016.71,66.83,-14.33
2025-03-24 18:43:06.538000+00:00,60.10415339230508,,,,338.062,-0.562,-1.062,23.0,-66.0,-11.5,-47.188,-0.013,0.022,-0.052,0.32,-0.01,9.47,0.42,-0.2,-0.33,-0.09,0.18,9.8,2.0175,2.5,0.0,0.0,5.6,8.0,1016.71,66.83,-14.33
2025-03-24 18:43:07.552000+00:00,60.10415339230508,,,,338.062,-0.562,-1.062,23.0,-66.0,-11.5,-47.188,-0.013,0.022,-0.052,0.32,-0.01,9.47,0.42,-0.2,-0.33,-0.09,0.18,9.8,2.0175,2.5,0.0,0.0,5.6,8.0,1016.71,66.83,-14.33
2025-03-24 18:43:08.809000+00:00,60.10415339230508,,,,338.062,-0.562,-1.062,23.0,-66.0,-11.5,-47.188,-0.013,0.022,-0.052,0.32,-0.01,9.47,0.42,-0.2,-0.33,-0.09,0.18,9.8,2.0175,2.5,0.0,0.0,5.6,8.0,1016.71,66.83,-14.33
2025-03-24 18:43:10.088000+00:00,60.10415339230508,,,,338.062,-0.562,-1.062,23.0,-66.0,-11.5,-47.188,-0.013,0.022,-0.052,0.32,-0.01,9.47,0.42,-0.2,-0.33,-0.09,0.18,9.8,2.0175,2.5,0.0,0.0,5.6,8.0,1016.71,66.83,-13.96
2025-03-24 18:43:10.930000+00:00,60.10415339230508,,,,338.062,-0.562,-1.062,23.0,-66.0,-11.5,-47.188,-0.013,0.022,-0.052,0.32,-0.01,9.47,0.42,-0.2,-0.33,-0.09,0.18,9.8,2.0175,2.5,0.0,0.0,5.6,8.0,1016.71,66.83,-13.96
2025-03-24 18:43:11.968000+00:00,60.10415339230508,,,,338.062,-0.562,-1.062,23.0,-66.0,-11.5,-47.188,-0.013,0.022,-0.052,0.32,-0.01,9.47,0.42,-0.2,-0.33,-0.09,0.18,9.8,2.0175,2.5,0.0,0.0,5.6,8.0,1016.71,66.83,-13.96
2025-03-24 18:43:13.134000+00:00,60.10415339230508,,,,338.062,-0.562,-1.062,23.0,-66.0,-11.5,-47.188,-0.013,0.022,-0.052,0.32,-0.01,9.47,0.42,-0.2,-0.33,-0.09,0.18,9.8,2.0175,2.5,0.0,0.0,5.6,8.0,1016.71,66.83,-13.96
