,rpm_value,rpm_blade_1,rpm_blade_2,rpm_blade_3,orientation_heading,orientation_roll,orientation_pitch,temperature_value,magnetometer_mx,magnetometer_my,magnetometer_mz,gyroscope_gx,gyroscope_gy,gyroscope_gz,accelerometer_ax,accelerometer_ay,accelerometer_az,linear_acceleration_lx,linear_acceleration_ly,linear_acceleration_lz,gravity_grx,gravity_gry,gravity_grz,voltage_value,current_value,power_value,servo_value,speed_value,direction_value,pressure_value,humidity_value,altitude_value
2025-03-24 18:40:09.881000+00:00,61.58704501726297,,,,342.438,0.125,-1.125,23.03,-63.062,-11.562,-47.75,-0.006,-0.039,-0.018,-0.06,-0.1,9.17,-0.09,-0.3,-0.63,0.02,0.2,9.8,2.14875,5.0,10.0,0.0,0.0,6.0,1016.88,67.13,-15.59
2025-03-24 18:40:10.951000+00:00,63.6684768175106,,,,342.438,0.125,-1.125,23.03,-63.062,-11.562,-47.75,-0.006,-0.039,-0.018,-0.06,-0.1,9.17,-0.09,-0.3,-0.63,0.02,0.2,9.8,2.14875,5.0,10.0,0.0,0.0,6.0,1016.88,67.13,-15.59
2025-03-24 18:40:12.094000+00:00,62.10166153625147,,,,342.438,0.125,-1.125,23.03,-63.062,-11.562,-47.75,-0.006,-0.039,-0.018,-0.06,-0.1,9.17,-0.09,-0.3,-0.63,0.02,0.2,9.8,2.14875,5.0,10.0,0.0,0.0,6.0,1016.88,67.13,-15.59
2025-03-24 18:40:13.164000+00:00,62.10177753089498,,,,342.438,0.125,-1.125,23.03,-63.062,-11.562,-47.75,-0.006,-0.039,-0.018,-0.06,-0.1,9.17,-0.09,-0.3,-0.63,0.02,0.2,9.8,2.14875,5.0,10.0,0.0,0.0,6.0,1016.88,67.13,-15.59
2025-03-24 18:40:14.156000+00:00,62.1014743509151,,,,342.438,0.125,-1.125,23.03,-63.062,-11.562,-47.75,-0.006,-0.039,-0.018,-0.06,-0.1,9.17,-0.09,-0.3,-0.63,0.02,0.2,9.8,2.14875,5.0,10.0,0.0,0.0,6.0,1016.88,67.13,-15.59
2025-03-24 18:40:15.643000+00:00,60.11798706859774,,,,342.438,0.125,-1.125,23.03,-63.062,-11.562,-47.75,-0.006,-0.039,-0.018,-0.06,-0.1,9.17,-0.09,-0.3,-0.63,0.02,0.2,9.8,2.14875,5.0,10.0,0.0,0.0,6.0,1016.88,67.13,-15.59
2025-03-24 18:40:16.273000+00:00,60.5337231329424,,,,342.438,0.125,-1.125,23.03,-63.062,-11.562,-47.75,-0.006,-0.039,-0.018,-0.06,-0.1,9.17,-0.09,-0.3,-0.63,0.02,0.2,9.8,2.14875,5.0,10.0,0.0,0.0,6.0,1016.88,67.13,-15.59
2025-03-24 18:40:17.219000+00:00,60.117115975697175,,,,342.438,0.125,-1.125,23.03,-63.062,-11.562,-47.75,-0.006,-0.039,-0.018,-0.06,-0.1,9.17,-0.09,-0.3,-0.63,0.02,0.2,9.8,2.14875,5.0,10.0,0.0,0.0,6.0,1016.88,67.13,-15.59
2025-03-24 18:40:18.324000+00:00,59.701115173934966,,,,342.438,0.125,-1.125,23.03,-63.062,-11.562,-47.75,-0.006,-0.039,-0.018,-0.06,-0.1,9.17,-0.09,-0.3,-0.63,0.02,0.2,9.8,2.14875,5.0,10.0,0.0,0.0,6.0,1016.88,67.13,-15.59
2025-03-24 18:40:18.892000+00:00,60.11767500366609,,,,342.438,0.125,-1.125,23.03,-63.062,-11.562,-47.75,-0.006,-0.039,-0.018,-0.06,-0.1,9.17,-0.09,-0.3,-0.63,0.02,0.2,9.8,2.14875,5.0,10.0,0.0,0.0,6.0,1016.88,67.13,-15.59
2025-03-24 18:40:20.013000+00:00,59.701725240666896,,,,342.438,0.125,-1.125,23.03,-63.062,-11.562,-47.75,-0.006,-0.039,-0.018,-0.06,-0.1,9.17,-0.09,-0.3,-0.63,0.02,0.2,9.8,2.14875,5.0,10.0,0.0,0.0,6.0,1016.88,67.13,-15.59
2025-03-24 18:40:21.003000+00:00,60.11775084947891,,,,342.438,0.125,-1.125,23.03,-63.062,-11.562,-47.75,-0.006,-0.039,-0.018,-0.06,-0.1,9.17,-0.09,-0.3,-0.63,0.02,0.2,9.8,2.14875,5.0,10.0,0.0,0.0,6.0,1016.88,67.13,-15.59
2025-03-24 18:40:22.043000+00:00,61.68497492520563,,,,342.438,0.125,-1.125,23.03,-63.062,-11.562,-47.75,-0.006,-0.039,-0.018,-0.06,-0.1,9.17,-0.09,-0.3,-0.63,0.02,0.2,9.8,2.14875,5.0,10.0,0.0,0.0,6.0,1016.88,67.13,-15.59
2025-03-24 18:40:22.279000+00:00,63.66809836093038,,,,342.438,0.125,-1.125,23.03,-63.062,-11.562,-47.75,-0.006,-0.039,-0.018,-0.06,-0.1,9.17,-0.09,-0.3,-0.63,0.02,0.2,9.8,2.14875,5.0,10.0,0.0,0.0,6.0,1016.88,67.13,-15.59
2025-03-24 18:40:23.259000+00:00,65.23494017998846,,,,342.438,0.125,-1.125,23.03,-63.062,-11.562,-47.75,-0.006,-0.039,-0.018,-0.06,-0.1,9.17,-0.09,-0.3,-0.63,0.02,0.2,9.8,2.14875,5.0,10.0,0.0,0.0,6.0,1016.88,67.13,-15.59
2025-03-24 18:40:24.229000+00:00,65.23467133660617,,,,342.438,0.125,-1.125,23.03,-63.062,-11.562,-47.75,-0.006,-0.039,-0.018,-0.06,-0.1,9.17,-0.09,-0.3,-0.63,0.02,0.2,9.8,2.14875,5.0,10.0,0.0,0.0,6.0,1016.88,67.13,-15.59
2025-03-24 18:40:25.210000+00:00,65.23430112229154,,,,342.438,0.125,-1.125,23.03,-63.062,-11.562,-47.75,-0.006,-0.039,-0.018,-0.06,-0.1,9.17,-0.09,-0.3,-0.63,0.02,0.2,9.8,2.14875,5.0,10.0,0.0,0.0,6.0,1016.88,67.13,-15.59
2025-03-24 18:40:25.773000+00:00,67.21744757403667,,,,342.438,0.125,-1.125,23.03,-63.062,-11.562,-47.75,-0.006,-0.039,-0.018,-0.06,-0.1,9.17,-0.09,-0.3,-0.63,0.02,0.2,9.8,2.14875,5.0,10.0,0.0,0.0,6.0,1016.88,67.13,-15.59
2025-03-24 18:40:27.383000+00:00,65.65029587467826,,,,342.438,0.125,-1.125,23.03,-63.062,-11.562,-47.75,-0.006,-0.039,-0.018,-0.06,-0.1,9.17,-0.09,-0.3,-0.63,0.02,0.2,9.8,2.14875,5.0,10.0,0.0,0.0,6.0,1016.88,67.13,-15.59
2025-03-24 18:40:28.339000+00:00,65.23374330756987,,,,342.438,0.125,-1.125,23.03,-63.062,-11.562,-47.75,-0.006,-0.039,-0.018,-0.06,-0.1,9.17,-0.09,-0.3,-0.63,0.02,0.2,9.8,2.14875,5.0,10.0,0.0,0.0,6.0,1016.88,67.13,-15.59
2025-03-24 18:40:29.300000+00:00,65.65017329102888,,,,342.438,0.125,-1.125,23.03,-63.062,-11.562,-47.75,-0.006,-0.039,-0.018,-0.06,-0.1,9.17,-0.09,-0.3,-0.63,0.02,0.2,9.8,2.14875,5.0,10.0,0.0,0.0,6.0,1016.88,67.13,-15.59
2025-03-24 18:40:29.986000+00:00,65.23397472907679,,,,342.438,0.125,-1.125,23.03,-63.062,-11.562,-47.75,-0.006,-0.039,-0.018,-0.06,-0.1,9.17,-0.09,-0.3,-0.63,0.02,0.2,9.8,2.14875,5.0,10.0,0.0,0.0,6.0,1016.88,67.13,-15.59
2025-03-24 18:40:30.963000+00:00,66.80112758971367,,,,342.438,0.125,-1.125,23.03,-63.062,-11.562,-47.75,-0.006,-0.039,-0.018,-0.06,-0.1,9.17,-0.09,-0.3,-0.63,0.02,0.2,9.8,2.14875,5.0,10.0,0.0,0.0,6.0,1016.88,67.13,-15.59
2025-03-24 18:40:31.853000+00:00,66.8014722700259,,,,342.438,0.125,-1.125,23.03,-63.062,-11.562,-47.75,-0.006,-0.039,-0.018,-0.06,-0.1,9.17,-0.09,-0.3,-0.63,0.02,0.2,9.8,2.14875,5.0,10.0,0.0,0.0,6.0,1016.88,67.13,-15.59
2025-03-24 18:40:32.996000+00:00,66.80154541595662,,,,342.438,0.125,-1.125,23.03,-63.062,-11.562,-47.75,-0.006,-0.039,-0.018,-0.06,-0.1,9.17,-0.09,-0.3,-0.63,0.02,0.2,9.8,2.14875,5.0,10.0,0.0,0.0,6.0,1016.88,67.13,-15.59
2025-03-24 18:40:33.884000+00:00,68.36863532136881,,,,342.438,0.125,-1.125,23.03,-63.062,-11.562,-47.75,-0.006,-0.039,-0.018,-0.06,-0.1,9.17,-0.09,-0.3,-0.63,0.02,0.2,9.8,2.14875,5.0,10.0,0.0,0.0,6.0,1016.88,67.13,-15.59
2025-03-24 18:40:34.373000+00:00,68.36903020430978,,,,342.438,0.125,-1.125,23.03,-63.062,-11.562,-47.75,-0.006,-0.039,-0.018,-0.06,-0.1,9.17,-0.09,-0.3,-0.63,0.02,0.2,9.8,2.14875,5.0,10.0,0.0,0.0,6.0,1016.88,67.13,-15.59
2025-03-24 18:40:35.349000+00:00,68.36948594860745,,,,342.438,0.125,-1.125,23.03,-63.062,-11.562,-47.75,-0.006,-0.039,-0.018,-0.06,-0.1,9.17,-0.09,-0.3,-0.63,0.02,0.2,9.8,2.14875,5.0,10.0,0.0,0.0,6.0,1016.88,67.13,-15.59
2025-03-24 18:40:36.344000+00:00,68.78533725861621,,,,342.438,0.125,-1.125,23.03,-63.062,-11.562,-47.75,-0.006,-0.039,-0.018,-0.06,-0.1,9.17,-0.09,-0.3,-0.63,0.02,0.2,9.8,2.14875,5.0,10.0,0.0,0.0,6.0,1016.88,67.13,-15.59
2025-03-24 18:40:37.020000+00:00,68.3689598780844,,,,342.438,0.125,-1.125,23.03,-63.062,-11.562,-47.75,-0.006,-0.039,-0.018,-0.06,-0.1,9.17,-0.09,-0.3,-0.63,0.02,0.2,9.8,2.14875,5.0,10.0,0.0,0.0,6.0,1016.88,67.13,-15.59
2025-03-24 18:40:37.909000+00:00,68.78552318791186,,,,342.438,0.125,-1.125,23.03,-63.062,-11.562,-47.75,-0.006,-0.039,-0.018,-0.06,-0.1,9.17,-0.09,-0.3,-0.63,0.02,0.2,9.8,2.14875,5.0,10.0,0.0,0.0,6.0,1016.88,67.13,-15.59
2025-03-24 18:40:38.891000+00:00,68.3696394952253,,,,342.438,0.125,-1.125,23.03,-63.062,-11.562,-47.75,-0.006,-0.039,-0.018,-0.06,-0.1,9.17,-0.09,-0.3,-0.63,0.02,0.2,9.8,2.14875,5.0,10.0,0.0,0.0,6.0,1016.88,67.13,-15.59
2025-03-24 18:40:39.394000+00:00,68.78579412864181,,,,342.438,0.125,-1.125,23.03,-63.062,-11.562,-47.75,-0.006,-0.039,-0.018,-0.06,-0.1,9.17,-0.09,-0.3,-0.63,0.02,0.2,9.8,2.14875,5.0,10.0,0.0,0.0,6.0,1016.88,67.13,-15.59
2025-03-24 18:40:40.349000+00:00,68.36985109878518,,,,342.438,0.125,-1.125,23.03,-63.062,-11.562,-47.75,-0.006,-0.039,-0.018,-0.06,-0.1,9.17,-0.09,-0.3,-0.63,0.02,0.2,9.8,2.14875,5.0,10.0,0.0,0.0,6.0,1016.88,67.13,-15.59
2025-03-24 18:40:41.372000+00:00,68.78589427632856,,,,342.438,0.125,-1.125,23.03,-63.062,-11.562,-47.75,-0.006,-0.039,-0.018,-0.06,-0.1,9.17,-0.09,-0.3,-0.63,0.02,0.2,9.8,2.14875,5.0,10.0,0.0,0.0,6.0,1016.88,67.13,-15.59
2025-03-24 18:40:42.378000+00:00,68.78574481163511,,,,342.438,0.125,-1.125,23.03,-63.062,-11.562,-47.75,-0.006,-0.039,-0.018,-0.06,-0.1,9.17,-0.09,-0.3,-0.63,0.02,0.2,9.8,2.14875,5.0,10.0,0.0,0.0,6.0,1016.88,67.13,-15.59
2025-03-24 18:40:42.982000+00:00,68.78559146124385,,,,342.438,0.125,-1.125,23.03,-63.062,-11.562,-47.75,-0.006,-0.039,-0.018,-0.06,-0.1,9.17,-0.09,-0.3,-0.63,0.02,0.2,9.8,2.14875,5.0,10.0,0.0,0.0,6.0,1016.88,67.13,-15.59
2025-03-24 18:40:43.932000+00:00,68.78543419070674,,,,342.438,0.125,-1.125,23.03,-63.062,-11.562,-47.75,-0.006,-0.039,-0.018,-0.06,-0.1,9.17,-0.09,-0.3,-0.63,0.02,0.2,9.8,2.14875,5.0,10.0,0.0,0.0,6.0,1016.88,67.13,-15.59
2025-03-24 18:40:45.562000+00:00,68.78553648226782,,,,342.438,0.125,-1.125,23.03,-63.062,-11.562,-47.75,-0.006,-0.039,-0.018,-0.06,-0.1,9.17,-0.09,-0.3,-0.63,0.02,0.2,9.8,2.14875,5.0,10.0,0.0,0.0,6.0,1016.88,67.13,-15.59
2025-03-24 18:40:46.200000+00:00,68.78578327417394,,,,342.438,0.125,-1.125,23.03,-63.062,-11.562,-47.75,-0.006,-0.039,-0.018,-0.06,-0.1,9.17,-0.09,-0.3,-0.63,0.02,0.2,9.8,2.14875,5.0,10.0,0.0,0.0,6.0,1016.88,67.13,-15.59
2025-03-24 18:40:48.291000+00:00,66.80237406095536,,,,342.438,0.125,-1.125,23.03,-63.062,-11.562,-47.75,-0.006,-0.039,-0.018,-0.06,-0.1,9.17,-0.09,-0.3,-0.63,0.02,0.2,9.8,2.14875,5.0,10.0,0.0,0.0,6.0,1016.88,67.13,-15.59
2025-03-24 18:40:49.258000+00:00,67.21837962965822,,,,342.438,0.125,-1.125,23.03,-63.062,-11.562,-47.75,-0.006,-0.039,-0.018,-0.06,-0.1,9.17,-0.09,-0.3,-0.63,0.02,0.2,9.8,2.14875,5.0,10.0,0.0,0.0,6.0,1016.88,67.13,-15.59
2025-03-24 18:40:49.603000+00:00,67.21829500803423,,,,342.438,0.125,-1.125,23.03,-63.062,-11.562,-47.75,-0.006,-0.039,-0.018,-0.06,-0.1,9.17,-0.09,-0.3,-0.63,0.02,0.2,9.8,2.14875,5.0,10.0,0.0,0.0,6.0,1016.88,67.13,-15.59
2025-03-24 18:40:50.501000+00:00,67.21813994981918,,,,342.438,0.125,-1.125,23.03,-63.062,-11.562,-47.75,-0.006,-0.039,-0.018,-0.06,-0.1,9.17,-0.09,-0.3,-0.63,0.02,0.2,9.8,2.14875,5.0,10.0,0.0,0.0,6.0,1016.88,67.13,-15.59
2025-03-24 18:40:51.527000+00:00,67.21839201944896,,,,342.438,0.125,-1.125,23.03,-63.062,-11.562,-47.75,-0.006,-0.039,-0.018,-0.06,-0.1,9.17,-0.09,-0.3,-0.63,0.02,0.2,9.8,2.14875,5.0,10.0,0.0,0.0,6.0,1016.88,67.13,-15.59
2025-03-24 18:40:52.451000+00:00,67.63461648373926,,,,342.438,0.125,-1.125,23.03,-63.062,-11.562,-47.75,-0.006,-0.039,-0.018,-0.06,-0.1,9.17,-0.09,-0.3,-0.63,0.02,0.2,9.8,2.14875,5.0,10.0,0.0,0.0,6.0,1016.88,67.13,-15.59
2025-03-24 18:40:53.200000+00:00,67.2183039461118,,,,342.438,0.125,-1.125,23.03,-63.062,-11.562,-47.75,-0.006,-0.039,-0.018,-0.06,-0.1,9.17,-0.09,-0.3,-0.63,0.02,0.2,9.8,2.14875,5.0,10.0,0.0,0.0,6.0,1016.88,67.13,-15.59
2025-03-24 18:40:54.018000+00:00,67.63393327871401,,,,342.438,0.125,-1.125,23.03,-63.062,-11.562,-47.75,-0.006,-0.039,-0.018,-0.06,-0.1,9.17,-0.09,-0.3,-0.63,0.02,0.2,9.8,2.14875,5.0,10.0,0.0,0.0,6.0,1016.88,67.13,-15.59
2025-03-24 18:40:55.749000+00:00,65.65055734577047,,,,342.438,0.125,-1.125,23.03,-63.062,-11.562,-47.75,-0.006,-0.039,-0.018,-0.06,-0.1,9.17,-0.09,-0.3,-0.63,0.02,0.2,9.8,2.14875,5.0,10.0,0.0,0.0,6.0,1016.88,67.13,-15.59
2025-03-24 18:40:56.410000+00:00,65.65029205184383,,,,342.438,0.125,-1.125,23.03,-63.062,-11.562,-47.75,-0.006,-0.039,-0.018,-0.06,-0.1,9.17,-0.09,-0.3,-0.63,0.02,0.2,9.8,2.14875,5.0,10.0,0.0,0.0,6.0,1016.88,67.13,-15.59
2025-03-24 18:40:58.550000+00:00,63.66665801561136,,,,342.438,0.125,-1.125,23.03,-63.062,-11.562,-47.75,-0.006,-0.039,-0.018,-0.06,-0.1,9.17,-0.09,-0.3,-0.63,0.02,0.2,9.8,2.14875,5.0,10.0,0.0,0.0,6.0,1016.88,67.13,-15.59
2025-03-24 18:41:00.089000+00:00,62.09946686941371,,,,342.438,0.125,-1.125,23.03,-63.062,-11.562,-47.75,-0.006,-0.039,-0.018,-0.06,-0.1,9.17,-0.09,-0.3,-0.63,0.02,0.2,9.8,2.14875,5.0,10.0,0.0,0.0,6.0,1016.88,67.13,-15.59
2025-03-24 18:41:00.639000+00:00,62.09919021030063,,,,342.438,0.125,-1.125,23.03,-63.062,-11.562,-47.75,-0.006,-0.039,-0.018,-0.06,-0.1,9.17,-0.09,-0.3,-0.63,0.02,0.2,9.8,2.14875,5.0,10.0,0.0,0.0,6.0,1016.88,67.13,-15.59
2025-03-24 18:41:01.566000+00:00,62.09890285225892,,,,342.438,0.125,-1.125,23.03,-63.062,-11.562,-47.75,-0.006,-0.039,-0.018,-0.06,-0.1,9.17,-0.09,-0.3,-0.63,0.02,0.2,9.8,2.14875,5.0,10.0,0.0,0.0,6.0,1016.88,67.13,-15.59
2025-03-24 18:41:02.614000+00:00,61.68313026247904,,,,342.438,0.125,-1.125,23.03,-63.062,-11.562,-47.75,-0.006,-0.039,-0.018,-0.06,-0.1,9.17,-0.09,-0.3,-0.63,0.02,0.2,9.8,2.14875,5.0,10.0,0.0,0.0,6.0,1016.88,67.13,-15.59
2025-03-24 18:41:03.260000+00:00,61.6835931955966,,,,342.438,0.125,-1.125,23.03,-63.062,-11.562,-47.75,-0.006,-0.039,-0.018,-0.06,-0.1,9.17,-0.09,-0.3,-0.63,0.02,0.2,9.8,2.14875,5.0,10.0,0.0,0.0,6.0,1016.88,67.13,-15.59
2025-03-24 18:41:04.290000+00:00,61.683966901735936,,,,342.438,0.125,-1.125,23.03,-63.062,-11.562,-47.75,-0.006,-0.039,-0.018,-0.06,-0.1,9.17,-0.09,-0.3,-0.63,0.02,0.2,9.8,2.14875,5.0,10.0,0.0,0.0,6.0,1016.88,67.13,-15.59
2025-03-24 18:41:05.339000+00:00,61.26805326056948,,,,342.438,0.125,-1.125,23.03,-63.062,-11.562,-47.75,-0.006,-0.039,-0.018,-0.06,-0.1,9.17,-0.09,-0.3,-0.63,0.02,0.2,9.8,2.14875,5.0,10.0,0.0,0.0,6.0,1016.88,67.13,-15.59
2025-03-24 18:41:06.509000+00:00,62.835081513834304,,,,342.438,0.125,-1.125,23.03,-63.062,-11.562,-47.75,-0.006,-0.039,-0.018,-0.06,-0.1,9.17,-0.09,-0.3,-0.63,0.02,0.2,9.8,2.14875,5.0,10.0,0.0,0.0,6.0,1016.88,67.13,-15.59
2025-03-24 18:41:07.430000+00:00,62.835107957993806,,,,342.438,0.125,-1.125,23.03,-63.062,-11.562,-47.75,-0.006,-0.039,-0.018,-0.06,-0.1,9.17,-0.09,-0.3,-0.63,0.02,0.2,9.8,2.14875,5.0,10.0,0.0,0.0,6.0,1016.88,67.13,-15.59
2025-03-24 18:41:07.629000+00:00,64.81873025800785,,,,342.438,0.125,-1.125,23.03,-63.062,-11.562,-47.75,-0.006,-0.039,-0.018,-0.06,-0.1,9.17,-0.09,-0.3,-0.63,0.02,0.2,9.8,2.14875,5.0,10.0,0.0,0.0,6.0,1016.88,67.13,-15.59
2025-03-24 18:40:09.500000+00:00,64.81873025800785,,,,342.438,0.125,-1.125,23.03,-63.062,-11.562,-47.75,-0.006,-0.039,-0.018,-0.06,-0.1,9.17,-0.09,-0.3,-0.63,0.02,0.2,9.8,2.14875,5.0,10.0,0.0,0.0,6.0,1016.88,67.13,-15.59
2025-03-24 18:40:10.247000+00:00,64.81873025800785,,,,342.5,0.062,-1.188,23.03,-63.062,-11.562,-47.75,-0.006,-0.039,-0.018,-0.06,-0.1,9.17,-0.09,-0.3,-0.63,0.02,0.2,9.8,2.14875,5.0,10.0,0.0,0.0,6.0,1016.88,67.13,-15.59
2025-03-24 18:40:11.258000+00:00,64.81873025800785,,,,342.375,0.125,-1.125,23.03,-63.062,-11.562,-47.75,-0.006,-0.039,-0.018,-0.06,-0.1,9.17,-0.09,-0.3,-0.63,0.02,0.2,9.8,2.14875,5.0,10.0,0.0,0.0,6.0,1016.88,67.13,-15.59
2025-03-24 18:40:12.266000+00:00,64.81873025800785,,,,342.438,0.0,-1.188,23.03,-63.062,-11.562,-47.75,-0.006,-0.039,-0.018,-0.06,-0.1,9.17,-0.09,-0.3,-0.63,0.02,0.2,9.8,2.14875,5.0,10.0,0.0,0.0,6.0,1016.88,67.13,-15.59
2025-03-24 18:40:13.276000+00:00,64.81873025800785,,,,342.375,0.0,-1.125,23.03,-63.062,-11.562,-47.75,-0.006,-0.039,-0.018,-0.06,-0.1,9.17,-0.09,-0.3,-0.63,0.02,0.2,9.8,2.14875,5.0,10.0,0.0,0.0,6.0,1016.88,67.13,-15.59
2025-03-24 18:40:14.285000+00:00,64.81873025800785,,,,342.5,0.0,-1.25,23.03,-63.062,-11.562,-47.75,-0.006,-0.039,-0.018,-0.06,-0.1,9.17,-0.09,-0.3,-0.63,0.02,0.2,9.8,2.14875,5.0,10.0,0.0,0.0,6.0,1016.88,67.13,-15.59
2025-03-24 18:40:15.293000+00:00,64.81873025800785,,,,342.375,0.125,-1.188,23.03,-63.062,-11.562,-47.75,-0.006,-0.039,-0.018,-0.06,-0.1,9.17,-0.09,-0.3,-0.63,0.02,0.2,9.8,2.14875,5.0,10.0,0.0,0.0,6.0,1016.88,67.13,-15.59
2025-03-24 18:40:16.323000+00:00,64.81873025800785,,,,342.188,0.062,-1.312,23.03,-63.062,-11.562,-47.75,-0.006,-0.039,-0.018,-0.06,-0.1,9.17,-0.09,-0.3,-0.63,0.02,0.2,9.8,2.14875,5.0,10.0,0.0,0.0,6.0,1016.88,67.13,-15.59
2025-03-24 18:40:17.312000+00:00,64.81873025800785,,,,342.312,0.062,-1.25,23.03,-63.062,-11.562,-47.75,-0.006,-0.039,-0.018,-0.06,-0.1,9.17,-0.09,-0.3,-0.63,0.02,0.2,9.8,2.14875,5.0,10.0,0.0,0.0,6.0,1016.88,67.13,-15.59
2025-03-24 18:40:18.373000+00:00,64.81873025800785,,,,342.25,0.062,-1.125,23.03,-63.062,-11.562,-47.75,-0.006,-0.039,-0.018,-0.06,-0.1,9.17,-0.09,-0.3,-0.63,0.02,0.2,9.8,2.14875,5.0,10.0,0.0,0.0,6.0,1016.88,67.13,-15.59
2025-03-24 18:40:19.484000+00:00,64.81873025800785,,,,342.375,0.062,-1.0,23.03,-63.062,-11.562,-47.75,-0.006,-0.039,-0.018,-0.06,-0.1,9.17,-0.09,-0.3,-0.63,0.02,0.2,9.8,2.14875,5.0,10.0,0.0,0.0,6.0,1016.88,67.13,-15.59
2025-03-24 18:40:20.629000+00:00,64.81873025800785,,,,342.312,0.0,-0.875,23.03,-63.062,-11.562,-47.75,-0.006,-0.039,-0.018,-0.06,-0.1,9.17,-0.09,-0.3,-0.63,0.02,0.2,9.8,2.14875,5.0,10.0,0.0,0.0,6.0,1016.88,67.13,-15.59
2025-03-24 18:40:21.348000+00:00,64.81873025800785,,,,342.312,0.0,-1.0,23.03,-63.062,-11.562,-47.75,-0.006,-0.039,-0.018,-0.06,-0.1,9.17,-0.09,-0.3,-0.63,0.02,0.2,9.8,2.14875,5.0,10.0,0.0,0.0,6.0,1016.88,67.13,-15.59
2025-03-24 18:40:22.356000+00:00,64.81873025800785,,,,342.125,0.0,-0.938,23.03,-63.062,-11.562,-47.75,-0.006,-0.039,-0.018,-0.06,-0.1,9.17,-0.09,-0.3,-0.63,0.02,0.2,9.8,2.14875,5.0,10.0,0.0,0.0,6.0,1016.88,67.13,-15.59
2025-03-24 18:40:23.368000+00:00,64.81873025800785,,,,342.125,0.125,-0.938,23.03,-63.062,-11.562,-47.75,-0.006,-0.039,-0.018,-0.06,-0.1,9.17,-0.09,-0.3,-0.63,0.02,0.2,9.8,2.14875,5.0,10.0,0.0,0.0,6.0,1016.88,67.13,-15.59
2025-03-24 18:40:24.378000+00:00,64.81873025800785,,,,342.188,0.0,-0.875,23.03,-63.062,-11.562,-47.75,-0.006,-0.039,-0.018,-0.06,-0.1,9.17,-0.09,-0.3,-0.63,0.02,0.2,9.8,2.14875,5.0,10.0,0.0,0.0,6.0,1016.88,67.13,-15.59
2025-03-24 18:40:25.389000+00:00,64.81873025800785,,,,342.188,0.0,-0.875,23.03,-63.062,-11.562,-47.75,-0.006,-0.039,-0.018,-0.06,-0.1,9.17,-0.09,-0.3,-0.63,0.02,0.2,9.8,2.14875,5.0,10.0,0.0,0.0,6.0,1016.88,67.13,-15.59
2025-03-24 18:40:26.399000+00:00,64.81873025800785,,,,342.188,0.062,-0.812,23.03,-63.062,-11.562,-47.75,-0.006,-0.039,-0.018,-0.06,-0.1,9.17,-0.09,-0.3,-0.63,0.02,0.2,9.8,2.14875,5.0,10.0,0.0,0.0,6.0,1016.88,67.13,-15.59
2025-03-24 18:40:27.437000+00:00,64.81873025800785,,,,342.062,0.0,-0.875,23.03,-63.062,-11.562,-47.75,-0.006,-0.039,-0.018,-0.06,-0.1,9.17,-0.09,-0.3,-0.63,0.02,0.2,9.8,2.14875,5.0,10.0,0.0,0.0,6.0,1016.88,67.13,-15.59
2025-03-24 18:40:28.418000+00:00,64.81873025800785,,,,342.125,0.0,-0.875,23.03,-63.062,-11.562,-47.75,-0.006,-0.039,-0.018,-0.06,-0.1,9.17,-0.09,-0.3,-0.63,0.02,0.2,9.8,2.14875,5.0,10.0,0.0,0.0,6.0,1016.88,67.13,-15.59
2025-03-24 18:40:29.429000+00:00,64.81873025800785,,,,342.0,0.0,-0.938,23.03,-63.062,-11.562,-47.75,-0.006,-0.039,-0.018,-0.06,-0.1,9.17,-0.09,-0.3,-0.63,0.02,0.2,9.8,2.14875,5.0,10.0,0.0,0.0,6.0,1016.88,67.13,-15.59
2025-03-24 18:40:30.439000+00:00,64.81873025800785,,,,342.125,-0.062,-1.0,23.03,-63.062,-11.562,-47.75,-0.006,-0.039,-0.018,-0.06,-0.1,9.17,-0.09,-0.3,-0.63,0.02,0.2,9.8,2.14875,5.0,10.0,0.0,0.0,6.0,1016.88,67.13,-15.59
2025-03-24 18:40:31.507000+00:00,64.81873025800785,,,,342.0,0.0,-1.062,23.03,-63.062,-11.562,-47.75,-0.006,-0.039,-0.018,-0.06,-0.1,9.17,-0.09,-0.3,-0.63,0.02,0.2,9.8,2.14875,5.0,10.0,0.0,0.0,6.0,1016.88,67.13,-15.59
2025-03-24 18:40:32.643000+00:00,64.81873025800785,,,,341.938,0.0,-1.125,23.03,-63.062,-11.562,-47.75,-0.006,-0.039,-0.018,-0.06,-0.1,9.17,-0.09,-0.3,-0.63,0.02,0.2,9.8,2.14875,5.0,10.0,0.0,0.0,6.0,1016.88,67.13,-15.59
2025-03-24 18:40:33.461000+00:00,64.81873025800785,,,,341.688,-0.125,-1.062,23.03,-63.062,-11.562,-47.75,-0.006,-0.039,-0.018,-0.06,-0.1,9.17,-0.09,-0.3,-0.63,0.02,0.2,9.8,2.14875,5.0,10.0,0.0,0.0,6.0,1016.88,67.13,-15.59
2025-03-24 18:40:34.472000+00:00,64.81873025800785,,,,341.75,-0.125,-1.062,23.03,-63.062,-11.562,-47.75,-0.006,-0.039,-0.018,-0.06,-0.1,9.17,-0.09,-0.3,-0.63,0.02,0.2,9.8,2.14875,5.0,10.0,0.0,0.0,6.0,1016.88,67.13,-15.59
2025-03-24 18:40:35.483000+00:00,64.81873025800785,,,,341.75,-0.188,-1.062,23.03,-63.062,-11.562,-47.75,-0.006,-0.039,-0.018,-0.06,-0.1,9.17,-0.09,-0.3,-0.63,0.02,0.2,9.8,2.14875,5.0,10.0,0.0,0.0,6.0,1016.88,67.13,-15.59
2025-03-24 18:40:36.494000+00:00,64.81873025800785,,,,341.812,-0.062,-1.062,23.03,-63.062,-11.562,-47.75,-0.006,-0.039,-0.018,-0.06,-0.1,9.17,-0.09,-0.3,-0.63,0.02,0.2,9.8,2.14875,5.0,10.0,0.0,0.0,6.0,1016.88,67.13,-15.59
2025-03-24 18:40:37.503000+00:00,64.81873025800785,,,,341.75,-0.062,-0.938,23.03,-63.062,-11.562,-47.75,-0.006,-0.039,-0.018,-0.06,-0.1,9.17,-0.09,-0.3,-0.63,0.02,0.2,9.8,2.14875,5.0,10.0,0.0,0.0,6.0,1016.88,67.13,-15.59
2025-03-24 18:40:38.513000+00:00,64.81873025800785,,,,341.688,0.0,-1.062,23.03,-63.062,-11.562,-47.75,-0.006,-0.039,-0.018,-0.06,-0.1,9.17,-0.09,-0.3,-0.63,0.02,0.2,9.8,2.14875,5.0,10.0,0.0,0.0,6.0,1016.88,67.13,-15.59
2025-03-24 18:40:39.521000+00:00,64.81873025800785,,,,341.688,-0.125,-1.062,23.03,-63.062,-11.562,-47.75,-0.006,-0.039,-0.018,-0.06,-0.1,9.17,-0.09,-0.3,-0.63,0.02,0.2,9.8,2.14875,5.0,10.0,0.0,0.0,6.0,1016.88,67.13,-15.59
2025-03-24 18:40:40.531000+00:00,64.81873025800785,,,,341.5,-0.125,-1.188,23.03,-63.062,-11.562,-47.75,-0.006,-0.039,-0.018,-0.06,-0.1,9.17,-0.09,-0.3,-0.63,0.02,0.2,9.8,2.14875,5.0,10.0,0.0,0.0,6.0,1016.88,67.13,-15.59
2025-03-24 18:40:41.542000+00:00,64.81873025800785,,,,341.562,-0.062,-1.188,23.03,-63.062,-11.562,-47.75,-0.006,-0.039,-0.018,-0.06,-0.1,9.17,-0.09,-0.3,-0.63,0.02,0.2,9.8,2.14875,5.0,10.0,0.0,0.0,6.0,1016.88,67.13,-15.59
2025-03-24 18:40:42.550000+00:00,64.81873025800785,,,,341.562,-0.062,-1.125,23.03,-63.062,-11.562,-47.75,-0.006,-0.039,-0.018,-0.06,-0.1,9.17,-0.09,-0.3,-0.63,0.02,0.2,9.8,2.14875,5.0,10.0,0.0,0.0,6.0,1016.88,67.13,-15.59
2025-03-24 18:40:43.557000+00:00,64.81873025800785,,,,341.5,0.0,-1.25,23.03,-63.062,-11.562,-47.75,-0.006,-0.039,-0.018,-0.06,-0.1,9.17,-0.09,-0.3,-0.63,0.02,0.2,9.8,2.14875,5.0,10.0,0.0,0.0,6.0,1016.88,67.13,-15.59
2025-03-24 18:40:44.566000+00:00,64.81873025800785,,,,341.5,-0.062,-1.125,23.03,-63.062,-11.562,-47.75,-0.006,-0.039,-0.018,-0.06,-0.1,9.17,-0.09,-0.3,-0.63,0.02,0.2,9.8,2.14875,5.0,10.0,0.0,0.0,6.0,1016.88,67.13,-15.59
2025-03-24 18:40:45.617000+00:00,64.81873025800785,,,,341.438,-0.125,-1.188,23.03,-63.062,-11.562,-47.75,-0.006,-0.039,-0.018,-0.06,-0.1,9.17,-0.09,-0.3,-0.63,0.02,0.2,9.8,2.14875,5.0,10.0,0.0,0.0,6.0,1016.88,67.13,-15.59
2025-03-24 18:40:46.592000+00:00,64.81873025800785,,,,341.5,-0.062,-1.125,23.03,-63.062,-11.562,-47.75,-0.006,-0.039,-0.018,-0.06,-0.1,9.17,-0.09,-0.3,-0.63,0.02,0.2,9.8,2.14875,5.0,10.0,0.0,0.0,6.0,1016.88,67.13,-15.59
2025-03-24 18:40:47.731000+00:00,64.81873025800785,,,,341.312,0.0,-1.062,23.03,-63.062,-11.562,-47.75,-0.006,-0.039,-0.018,-0.06,-0.1,9.17,-0.09,-0.3,-0.63,0.02,0.2,9.8,2.14875,5.0,10.0,0.0,0.0,6.0,1016.88,67.13,-15.59
2025-03-24 18:40:48.891000+00:00,64.81873025800785,,,,341.438,0.0,-1.062,23.03,-63.062,-11.562,-47.75,-0.006,-0.039,-0.018,-0.06,-0.1,9.17,-0.09,-0.3,-0.63,0.02,0.2,9.8,2.14875,5.0,10.0,0.0,0.0,6.0,1016.88,67.13,-15.59
2025-03-24 18:40:49.652000+00:00,64.81873025800785,,,,341.438,-0.062,-1.062,23.03,-63.062,-11.562,-47.75,-0.006,-0.039,-0.018,-0.06,-0.1,9.17,-0.09,-0.3,-0.63,0.02,0.2,9.8,2.14875,5.0,10.0,0.0,0.0,6.0,1016.88,67.13,-15.59
2025-03-24 18:40:50.624000+00:00,64.81873025800785,,,,341.25,0.125,-1.125,23.03,-63.062,-11.562,-47.75,-0.006,-0.039,-0.018,-0.06,-0.1,9.17,-0.09,-0.3,-0.63,0.02,0.2,9.8,2.14875,5.0,10.0,0.0,0.0,6.0,1016.88,67.13,-15.59
2025-03-24 18:40:51.634000+00:00,64.81873025800785,,,,341.375,0.0,-1.062,23.03,-63.062,-11.562,-47.75,-0.006,-0.039,-0.018,-0.06,-0.1,9.17,-0.09,-0.3,-0.63,0.02,0.2,9.8,2.14875,5.0,10.0,0.0,0.0,6.0,1016.88,67.13,-15.59
2025-03-24 18:40:52.680000+00:00,64.81873025800785,,,,341.312,0.0,-1.062,23.03,-63.062,-11.562,-47.75,-0.006,-0.039,-0.018,-0.06,-0.1,9.17,-0.09,-0.3,-0.63,0.02,0.2,9.8,2.14875,5.0,10.0,0.0,0.0,6.0,1016.88,67.13,-15.59
2025-03-24 18:40:53.654000+00:00,64.81873025800785,,,,341.438,0.0,-1.125,23.03,-63.062,-11.562,-47.75,-0.006,-0.039,-0.018,-0.06,-0.1,9.17,-0.09,-0.3,-0.63,0.02,0.2,9.8,2.14875,5.0,10.0,0.0,0.0,6.0,1016.88,67.13,-15.59
2025-03-24 18:40:54.661000+00:00,64.81873025800785,,,,341.25,0.062,-1.125,23.03,-63.062,-11.562,-47.75,-0.006,-0.039,-0.018,-0.06,-0.1,9.17,-0.09,-0.3,-0.63,0.02,0.2,9.8,2.14875,5.0,10.0,0.0,0.0,6.0,1016.88,67.13,-15.59
2025-03-24 18:40:55.800000+00:00,64.81873025800785,,,,341.375,0.0,-1.125,23.03,-63.062,-11.562,-47.75,-0.006,-0.039,-0.018,-0.06,-0.1,9.17,-0.09,-0.3,-0.63,0.02,0.2,9.8,2.14875,5.0,10.0,0.0,0.0,6.0,1016.88,67.13,-15.59
2025-03-24 18:40:56.909000+00:00,64.81873025800785,,,,341.25,0.0,-1.25,23.03,-63.062,-11.562,-47.75,-0.006,-0.039,-0.018,-0.06,-0.1,9.17,-0.09,-0.3,-0.63,0.02,0.2,9.8,2.14875,5.0,10.0,0.0,0.0,6.0,1016.88,67.13,-15.59
2025-03-24 18:40:57.984000+00:00,64.81873025800785,,,,341.375,0.062,-1.062,23.03,-63.062,-11.562,-47.75,-0.006,-0.039,-0.018,-0.06,-0.1,9.17,-0.09,-0.3,-0.63,0.02,0.2,9.8,2.14875,5.0,10.0,0.0,0.0,6.0,1016.88,67.13,-15.59
2025-03-24 18:40:58.701000+00:00,64.81873025800785,,,,341.25,0.0,-1.125,23.03,-63.062,-11.562,-47.75,-0.006,-0.039,-0.018,-0.06,-0.1,9.17,-0.09,-0.3,-0.63,0.02,0.2,9.8,2.14875,5.0,10.0,0.0,0.0,6.0,1016.88,67.13,-15.59
2025-03-24 18:40:59.709000+00:00,64.81873025800785,,,,341.25,0.188,-1.25,23.03,-63.062,-11.562,-47.75,-0.006,-0.039,-0.018,-0.06,-0.1,9.17,-0.09,-0.3,-0.63,0.02,0.2,9.8,2.14875,5.0,10.0,0.0,0.0,6.0,1016.88,67.13,-15.59
2025-03-24 18:41:00.716000+00:00,64.81873025800785,,,,341.25,0.062,-1.062,23.03,-63.062,-11.562,-47.75,-0.006,-0.039,-0.018,-0.06,-0.1,9.17,-0.09,-0.3,-0.63,0.02,0.2,9.8,2.14875,5.0,10.0,0.0,0.0,6.0,1016.88,67.13,-15.59
2025-03-24 18:41:01.724000+00:00,64.81873025800785,,,,341.25,0.25,-1.125,23.03,-63.062,-11.562,-47.75,-0.006,-0.039,-0.018,-0.06,-0.1,9.17,-0.09,-0.3,-0.63,0.02,0.2,9.8,2.14875,5.0,10.0,0.0,0.0,6.0,1016.88,67.13,-15.59
2025-03-24 18:41:02.734000+00:00,64.81873025800785,,,,341.25,0.25,-1.0,23.03,-63.062,-11.562,-47.75,-0.006,-0.039,-0.018,-0.06,-0.1,9.17,-0.09,-0.3,-0.63,0.02,0.2,9.8,2.14875,5.0,10.0,0.0,0.0,6.0,1016.88,67.13,-15.59
2025-03-24 18:41:03.745000+00:00,64.81873025800785,,,,341.188,0.125,-1.0,23.03,-63.062,-11.562,-47.75,-0.006,-0.039,-0.018,-0.06,-0.1,9.17,-0.09,-0.3,-0.63,0.02,0.2,9.8,2.14875,5.0,10.0,0.0,0.0,6.0,1016.88,67.13,-15.59
2025-03-24 18:41:04.829000+00:00,64.81873025800785,,,,341.188,-0.062,-0.875,23.03,-63.062,-11.562,-47.75,-0.006,-0.039,-0.018,-0.06,-0.1,9.17,-0.09,-0.3,-0.63,0.02,0.2,9.8,2.14875,5.0,10.0,0.0,0.0,6.0,1016.88,67.13,-15.59
2025-03-24 18:41:05.989000+00:00,64.81873025800785,,,,341.25,-0.062,-1.0,23.03,-63.062,-11.562,-47.75,-0.006,-0.039,-0.018,-0.06,-0.1,9.17,-0.09,-0.3,-0.63,0.02,0.2,9.8,2.14875,5.0,10.0,0.0,0.0,6.0,1016.88,67.13,-15.59
2025-03-24 18:41:06.771000+00:00,64.81873025800785,,,,341.0,-0.062,-0.938,23.03,-63.062,-11.562,-47.75,-0.006,-0.039,-0.018,-0.06,-0.1,9.17,-0.09,-0.3,-0.63,0.02,0.2,9.8,2.14875,5.0,10.0,0.0,0.0,6.0,1016.88,67.13,-15.59
2025-03-24 18:41:07.780000+00:00,64.81873025800785,,,,341.0,0.0,-0.938,23.03,-63.062,-11.562,-47.75,-0.006,-0.039,-0.018,-0.06,-0.1,9.17,-0.09,-0.3,-0.63,0.02,0.2,9.8,2.14875,5.0,10.0,0.0,0.0,6.0,1016.88,67.13,-15.59
2025-03-24 18:41:08.791000+00:00,64.81873025800785,,,,341.062,-0.062,-0.875,23.03,-63.062,-11.562,-47.75,-0.006,-0.039,-0.018,-0.06,-0.1,9.17,-0.09,-0.3,-0.63,0.02,0.2,9.8,2.14875,5.0,10.0,0.0,0.0,6.0,1016.88,67.13,-15.59
2025-03-24 18:40:09.274000+00:00,64.81873025800785,,,,341.062,-0.062,-0.875,23.03,-63.062,-11.562,-47.75,-0.006,-0.039,-0.018,-0.06,-0.1,9.17,-0.09,-0.3,-0.63,0.02,0.2,9.8,2.14875,5.0,10.0,0.0,0.0,6.0,1016.88,67.13,-15.59
2025-03-24 18:40:09.556000+00:00,64.81873025800785,,,,341.062,-0.062,-0.875,23.0,-63.062,-11.562,-47.75,-0.006,-0.039,-0.018,-0.06,-0.1,9.17,-0.09,-0.3,-0.63,0.02,0.2,9.8,2.14875,5.0,10.0,0.0,0.0,6.0,1016.88,67.13,-15.59
2025-03-24 18:40:10.298000+00:00,64.81873025800785,,,,341.062,-0.062,-0.875,23.0,-63.062,-11.562,-47.75,-0.006,-0.039,-0.018,-0.06,-0.1,9.17,-0.09,-0.3,-0.63,0.02,0.2,9.8,2.14875,5.0,10.0,0.0,0.0,6.0,1016.88,67.13,-15.59
2025-03-24 18:40:10.724000+00:00,64.81873025800785,,,,341.062,-0.062,-0.875,23.02,-63.062,-11.562,-47.75,-0.006,-0.039,-0.018,-0.06,-0.1,9.17,-0.09,-0.3,-0.63,0.02,0.2,9.8,2.14875,5.0,10.0,0.0,0.0,6.0,1016.88,67.13,-15.59
2025-03-24 18:40:11.310000+00:00,64.81873025800785,,,,341.062,-0.062,-0.875,23.0,-63.062,-11.562,-47.75,-0.006,-0.039,-0.018,-0.06,-0.1,9.17,-0.09,-0.3,-0.63,0.02,0.2,9.8,2.14875,5.0,10.0,0.0,0.0,6.0,1016.88,67.13,-15.59
2025-03-24 18:40:11.730000+00:00,64.81873025800785,,,,341.062,-0.062,-0.875,23.02,-63.062,-11.562,-47.75,-0.006,-0.039,-0.018,-0.06,-0.1,9.17,-0.09,-0.3,-0.63,0.02,0.2,9.8,2.14875,5.0,10.0,0.0,0.0,6.0,1016.88,67.13,-15.59
2025-03-24 18:40:12.318000+00:00,64.81873025800785,,,,341.062,-0.062,-0.875,23.0,-63.062,-11.562,-47.75,-0.006,-0.039,-0.018,-0.06,-0.1,9.17,-0.09,-0.3,-0.63,0.02,0.2,9.8,2.14875,5.0,10.0,0.0,0.0,6.0,1016.88,67.13,-15.59
2025-03-24 18:40:12.744000+00:00,64.81873025800785,,,,341.062,-0.062,-0.875,23.02,-63.062,-11.562,-47.75,-0.006,-0.039,-0.018,-0.06,-0.1,9.17,-0.09,-0.3,-0.63,0.02,0.2,9.8,2.14875,5.0,10.0,0.0,0.0,6.0,1016.88,67.13,-15.59
2025-03-24 18:40:13.324000+00:00,64.81873025800785,,,,341.062,-0.062,-0.875,23.0,-63.062,-11.562,-47.75,-0.006,-0.039,-0.018,-0.06,-0.1,9.17,-0.09,-0.3,-0.63,0.02,0.2,9.8,2.14875,5.0,10.0,0.0,0.0,6.0,1016.88,67.13,-15.59
2025-03-24 18:40:13.750000+00:00,64.81873025800785,,,,341.062,-0.062,-0.875,23.02,-63.062,-11.562,-47.75,-0.006,-0.039,-0.018,-0.06,-0.1,9.17,-0.09,-0.3,-0.63,0.02,0.2,9.8,2.14875,5.0,10.0,0.0,0.0,6.0,1016.88,67.13,-15.59
2025-03-24 18:40:14.338000+00:00,64.81873025800785,,,,341.062,-0.062,-0.875,23.0,-63.062,-11.562,-47.75,-0.006,-0.039,-0.018,-0.06,-0.1,9.17,-0.09,-0.3,-0.63,0.02,0.2,9.8,2.14875,5.0,10.0,0.0,0.0,6.0,1016.88,67.13,-15.59
2025-03-24 18:40:14.966000+00:00,64.81873025800785,,,,341.062,-0.062,-0.875,23.02,-63.062,-11.562,-47.75,-0.006,-0.039,-0.018,-0.06,-0.1,9.17,-0.09,-0.3,-0.63,0.02,0.2,9.8,2.14875,5.0,10.0,0.0,0.0,6.0,1016.88,67.13,-15.59
2025-03-24 18:40:15.344000+00:00,64.81873025800785,,,,341.062,-0.062,-0.875,23.0,-63.062,-11.562,-47.75,-0.006,-0.039,-0.018,-0.06,-0.1,9.17,-0.09,-0.3,-0.63,0.02,0.2,9.8,2.14875,5.0,10.0,0.0,0.0,6.0,1016.88,67.13,-15.59
2025-03-24 18:40:16.035000+00:00,64.81873025800785,,,,341.062,-0.062,-0.875,23.02,-63.062,-11.562,-47.75,-0.006,-0.039,-0.018,-0.06,-0.1,9.17,-0.09,-0.3,-0.63,0.02,0.2,9.8,2.14875,5.0,10.0,0.0,0.0,6.0,1016.88,67.13,-15.59
2025-03-24 18:40:16.374000+00:00,64.81873025800785,,,,341.062,-0.062,-0.875,23.0,-63.062,-11.562,-47.75,-0.006,-0.039,-0.018,-0.06,-0.1,9.17,-0.09,-0.3,-0.63,0.02,0.2,9.8,2.14875,5.0,10.0,0.0,0.0,6.0,1016.88,67.13,-15.59
2025-03-24 18:40:16.984000+00:00,64.81873025800785,,,,341.062,-0.062,-0.875,23.02,-63.062,-11.562,-47.75,-0.006,-0.039,-0.018,-0.06,-0.1,9.17,-0.09,-0.3,-0.63,0.02,0.2,9.8,2.14875,5.0,10.0,0.0,0.0,6.0,1016.88,67.13,-15.59
2025-03-24 18:40:17.370000+00:00,64.81873025800785,,,,341.062,-0.062,-0.875,23.0,-63.062,-11.562,-47.75,-0.006,-0.039,-0.018,-0.06,-0.1,9.17,-0.09,-0.3,-0.63,0.02,0.2,9.8,2.14875,5.0,10.0,0.0,0.0,6.0,1016.88,67.13,-15.59
2025-03-24 18:40:18.123000+00:00,64.81873025800785,,,,341.062,-0.062,-0.875,23.02,-63.062,-11.562,-47.75,-0.006,-0.039,-0.018,-0.06,-0.1,9.17,-0.09,-0.3,-0.63,0.02,0.2,9.8,2.14875,5.0,10.0,0.0,0.0,6.0,1016.88,67.13,-15.59
2025-03-24 18:40:18.424000+00:00,64.81873025800785,,,,341.062,-0.062,-0.875,23.0,-63.062,-11.562,-47.75,-0.006,-0.039,-0.018,-0.06,-0.1,9.17,-0.09,-0.3,-0.63,0.02,0.2,9.8,2.14875,5.0,10.0,0.0,0.0,6.0,1016.88,67.13,-15.59
2025-03-24 18:40:19.270000+00:00,64.81873025800785,,,,341.062,-0.062,-0.875,23.02,-63.062,-11.562,-47.75,-0.006,-0.039,-0.018,-0.06,-0.1,9.17,-0.09,-0.3,-0.63,0.02,0.2,9.8,2.14875,5.0,10.0,0.0,0.0,6.0,1016.88,67.13,-15.59
2025-03-24 18:40:19.535000+00:00,64.81873025800785,,,,341.062,-0.062,-0.875,23.0,-63.062,-11.562,-47.75,-0.006,-0.039,-0.018,-0.06,-0.1,9.17,-0.09,-0.3,-0.63,0.02,0.2,9.8,2.14875,5.0,10.0,0.0,0.0,6.0,1016.88,67.13,-15.59
2025-03-24 18:40:20.413000+00:00,64.81873025800785,,,,341.062,-0.062,-0.875,23.02,-63.062,-11.562,-47.75,-0.006,-0.039,-0.018,-0.06,-0.1,9.17,-0.09,-0.3,-0.63,0.02,0.2,9.8,2.14875,5.0,10.0,0.0,0.0,6.0,1016.88,67.13,-15.59
2025-03-24 18:40:20.685000+00:00,64.81873025800785,,,,341.062,-0.062,-0.875,23.0,-63.062,-11.562,-47.75,-0.006,-0.039,-0.018,-0.06,-0.1,9.17,-0.09,-0.3,-0.63,0.02,0.2,9.8,2.14875,5.0,10.0,0.0,0.0,6.0,1016.88,67.13,-15.59
2025-03-24 18:40:21.410000+00:00,64.81873025800785,,,,341.062,-0.062,-0.875,23.0,-63.062,-11.562,-47.75,-0.006,-0.039,-0.018,-0.06,-0.1,9.17,-0.09,-0.3,-0.63,0.02,0.2,9.8,2.14875,5.0,10.0,0.0,0.0,6.0,1016.88,67.13,-15.59
2025-03-24 18:40:21.834000+00:00,64.81873025800785,,,,341.062,-0.062,-0.875,23.02,-63.062,-11.562,-47.75,-0.006,-0.039,-0.018,-0.06,-0.1,9.17,-0.09,-0.3,-0.63,0.02,0.2,9.8,2.14875,5.0,10.0,0.0,0.0,6.0,1016.88,67.13,-15.59
2025-03-24 18:40:22.409000+00:00,64.81873025800785,,,,341.062,-0.062,-0.875,23.0,-63.062,-11.562,-47.75,-0.006,-0.039,-0.018,-0.06,-0.1,9.17,-0.09,-0.3,-0.63,0.02,0.2,9.8,2.14875,5.0,10.0,0.0,0.0,6.0,1016.88,67.13,-15.59
2025-03-24 18:40:22.839000+00:00,64.81873025800785,,,,341.062,-0.062,-0.875,23.02,-63.062,-11.562,-47.75,-0.006,-0.039,-0.018,-0.06,-0.1,9.17,-0.09,-0.3,-0.63,0.02,0.2,9.8,2.14875,5.0,10.0,0.0,0.0,6.0,1016.88,67.13,-15.59
2025-03-24 18:40:23.415000+00:00,64.81873025800785,,,,341.062,-0.062,-0.875,23.0,-63.062,-11.562,-47.75,-0.006,-0.039,-0.018,-0.06,-0.1,9.17,-0.09,-0.3,-0.63,0.02,0.2,9.8,2.14875,5.0,10.0,0.0,0.0,6.0,1016.88,67.13,-15.59
2025-03-24 18:40:23.839000+00:00,64.81873025800785,,,,341.062,-0.062,-0.875,23.02,-63.062,-11.562,-47.75,-0.006,-0.039,-0.018,-0.06,-0.1,9.17,-0.09,-0.3,-0.63,0.02,0.2,9.8,2.14875,5.0,10.0,0.0,0.0,6.0,1016.88,67.13,-15.59
2025-03-24 18:40:24.440000+00:00,64.81873025800785,,,,341.062,-0.062,-0.875,23.0,-63.062,-11.562,-47.75,-0.006,-0.039,-0.018,-0.06,-0.1,9.17,-0.09,-0.3,-0.63,0.02,0.2,9.8,2.14875,5.0,10.0,0.0,0.0,6.0,1016.88,67.13,-15.59
2025-03-24 18:40:24.854000+00:00,64.81873025800785,,,,341.062,-0.062,-0.875,23.02,-63.062,-11.562,-47.75,-0.006,-0.039,-0.018,-0.06,-0.1,9.17,-0.09,-0.3,-0.63,0.02,0.2,9.8,2.14875,5.0,10.0,0.0,0.0,6.0,1016.88,67.13,-15.59
2025-03-24 18:40:25.447000+00:00,64.81873025800785,,,,341.062,-0.062,-0.875,23.0,-63.062,-11.562,-47.75,-0.006,-0.039,-0.018,-0.06,-0.1,9.17,-0.09,-0.3,-0.63,0.02,0.2,9.8,2.14875,5.0,10.0,0.0,0.0,6.0,1016.88,67.13,-15.59
2025-03-24 18:40:26.089000+00:00,64.81873025800785,,,,341.062,-0.062,-0.875,23.02,-63.062,-11.562,-47.75,-0.006,-0.039,-0.018,-0.06,-0.1,9.17,-0.09,-0.3,-0.63,0.02,0.2,9.8,2.14875,5.0,10.0,0.0,0.0,6.0,1016.88,67.13,-15.59
2025-03-24 18:40:26.453000+00:00,64.81873025800785,,,,341.062,-0.062,-0.875,23.0,-63.062,-11.562,-47.75,-0.006,-0.039,-0.018,-0.06,-0.1,9.17,-0.09,-0.3,-0.63,0.02,0.2,9.8,2.14875,5.0,10.0,0.0,0.0,6.0,1016.88,67.13,-15.59
2025-03-24 18:40:27.033000+00:00,64.81873025800785,,,,341.062,-0.062,-0.875,23.02,-63.062,-11.562,-47.75,-0.006,-0.039,-0.018,-0.06,-0.1,9.17,-0.09,-0.3,-0.63,0.02,0.2,9.8,2.14875,5.0,10.0,0.0,0.0,6.0,1016.88,67.13,-15.59
2025-03-24 18:40:27.490000+00:00,64.81873025800785,,,,341.062,-0.062,-0.875,23.0,-63.062,-11.562,-47.75,-0.006,-0.039,-0.018,-0.06,-0.1,9.17,-0.09,-0.3,-0.63,0.02,0.2,9.8,2.14875,5.0,10.0,0.0,0.0,6.0,1016.88,67.13,-15.59
2025-03-24 18:40:28.123000+00:00,64.81873025800785,,,,341.062,-0.062,-0.875,23.02,-63.062,-11.562,-47.75,-0.006,-0.039,-0.018,-0.06,-0.1,9.17,-0.09,-0.3,-0.63,0.02,0.2,9.8,2.14875,5.0,10.0,0.0,0.0,6.0,1016.88,67.13,-15.59
2025-03-24 18:40:28.472000+00:00,64.81873025800785,,,,341.062,-0.062,-0.875,23.0,-63.062,-11.562,-47.75,-0.006,-0.039,-0.018,-0.06,-0.1,9.17,-0.09,-0.3,-0.63,0.02,0.2,9.8,2.14875,5.0,10.0,0.0,0.0,6.0,1016.88,67.13,-15.59
2025-03-24 18:40:29.089000+00:00,64.81873025800785,,,,341.062,-0.062,-0.875,23.02,-63.062,-11.562,-47.75,-0.006,-0.039,-0.018,-0.06,-0.1,9.17,-0.09,-0.3,-0.63,0.02,0.2,9.8,2.14875,5.0,10.0,0.0,0.0,6.0,1016.88,67.13,-15.59
2025-03-24 18:40:29.482000+00:00,64.81873025800785,,,,341.062,-0.062,-0.875,23.0,-63.062,-11.562,-47.75,-0.006,-0.039,-0.018,-0.06,-0.1,9.17,-0.09,-0.3,-0.63,0.02,0.2,9.8,2.14875,5.0,10.0,0.0,0.0,6.0,1016.88,67.13,-15.59
2025-03-24 18:40:30.132000+00:00,64.81873025800785,,,,341.062,-0.062,-0.875,23.02,-63.062,-11.562,-47.75,-0.006,-0.039,-0.018,-0.06,-0.1,9.17,-0.09,-0.3,-0.63,0.02,0.2,9.8,2.14875,5.0,10.0,0.0,0.0,6.0,1016.88,67.13,-15.59
2025-03-24 18:40:30.492000+00:00,64.81873025800785,,,,341.062,-0.062,-0.875,23.0,-63.062,-11.562,-47.75,-0.006,-0.039,-0.018,-0.06,-0.1,9.17,-0.09,-0.3,-0.63,0.02,0.2,9.8,2.14875,5.0,10.0,0.0,0.0,6.0,1016.88,67.13,-15.59
2025-03-24 18:40:31.282000+00:00,64.81873025800785,,,,341.062,-0.062,-0.875,23.02,-63.062,-11.562,-47.75,-0.006,-0.039,-0.018,-0.06,-0.1,9.17,-0.09,-0.3,-0.63,0.02,0.2,9.8,2.14875,5.0,10.0,0.0,0.0,6.0,1016.88,67.13,-15.59
2025-03-24 18:40:31.554000+00:00,64.81873025800785,,,,341.062,-0.062,-0.875,23.0,-63.062,-11.562,-47.75,-0.006,-0.039,-0.018,-0.06,-0.1,9.17,-0.09,-0.3,-0.63,0.02,0.2,9.8,2.14875,5.0,10.0,0.0,0.0,6.0,1016.88,67.13,-15.59
2025-03-24 18:40:32.429000+00:00,64.81873025800785,,,,341.062,-0.062,-0.875,23.02,-63.062,-11.562,-47.75,-0.006,-0.039,-0.018,-0.06,-0.1,9.17,-0.09,-0.3,-0.63,0.02,0.2,9.8,2.14875,5.0,10.0,0.0,0.0,6.0,1016.88,67.13,-15.59
2025-03-24 18:40:32.694000+00:00,64.81873025800785,,,,341.062,-0.062,-0.875,23.0,-63.062,-11.562,-47.75,-0.006,-0.039,-0.018,-0.06,-0.1,9.17,-0.09,-0.3,-0.63,0.02,0.2,9.8,2.14875,5.0,10.0,0.0,0.0,6.0,1016.88,67.13,-15.59
2025-03-24 18:40:33.516000+00:00,64.81873025800785,,,,341.062,-0.062,-0.875,23.0,-63.062,-11.562,-47.75,-0.006,-0.039,-0.018,-0.06,-0.1,9.17,-0.09,-0.3,-0.63,0.02,0.2,9.8,2.14875,5.0,10.0,0.0,0.0,6.0,1016.88,67.13,-15.59
2025-03-24 18:40:33.663000+00:00,64.81873025800785,,,,341.062,-0.062,-0.875,23.02,-63.062,-11.562,-47.75,-0.006,-0.039,-0.018,-0.06,-0.1,9.17,-0.09,-0.3,-0.63,0.02,0.2,9.8,2.14875,5.0,10.0,0.0,0.0,6.0,1016.88,67.13,-15.59
2025-03-24 18:40:34.530000+00:00,64.81873025800785,,,,341.062,-0.062,-0.875,23.0,-63.062,-11.562,-47.75,-0.006,-0.039,-0.018,-0.06,-0.1,9.17,-0.09,-0.3,-0.63,0.02,0.2,9.8,2.14875,5.0,10.0,0.0,0.0,6.0,1016.88,67.13,-15.59
2025-03-24 18:40:34.957000+00:00,64.81873025800785,,,,341.062,-0.062,-0.875,23.02,-63.062,-11.562,-47.75,-0.006,-0.039,-0.018,-0.06,-0.1,9.17,-0.09,-0.3,-0.63,0.02,0.2,9.8,2.14875,5.0,10.0,0.0,0.0,6.0,1016.88,67.13,-15.59
2025-03-24 18:40:35.537000+00:00,64.81873025800785,,,,341.062,-0.062,-0.875,23.0,-63.062,-11.562,-47.75,-0.006,-0.039,-0.018,-0.06,-0.1,9.17,-0.09,-0.3,-0.63,0.02,0.2,9.8,2.14875,5.0,10.0,0.0,0.0,6.0,1016.88,67.13,-15.59
2025-03-24 18:40:36.129000+00:00,64.81873025800785,,,,341.062,-0.062,-0.875,23.02,-63.062,-11.562,-47.75,-0.006,-0.039,-0.018,-0.06,-0.1,9.17,-0.09,-0.3,-0.63,0.02,0.2,9.8,2.14875,5.0,10.0,0.0,0.0,6.0,1016.88,67.13,-15.59
2025-03-24 18:40:36.546000+00:00,64.81873025800785,,,,341.062,-0.062,-0.875,23.0,-63.062,-11.562,-47.75,-0.006,-0.039,-0.018,-0.06,-0.1,9.17,-0.09,-0.3,-0.63,0.02,0.2,9.8,2.14875,5.0,10.0,0.0,0.0,6.0,1016.88,67.13,-15.59
2025-03-24 18:40:37.197000+00:00,64.81873025800785,,,,341.062,-0.062,-0.875,23.02,-63.062,-11.562,-47.75,-0.006,-0.039,-0.018,-0.06,-0.1,9.17,-0.09,-0.3,-0.63,0.02,0.2,9.8,2.14875,5.0,10.0,0.0,0.0,6.0,1016.88,67.13,-15.59
2025-03-24 18:40:37.555000+00:00,64.81873025800785,,,,341.062,-0.062,-0.875,23.0,-63.062,-11.562,-47.75,-0.006,-0.039,-0.018,-0.06,-0.1,9.17,-0.09,-0.3,-0.63,0.02,0.2,9.8,2.14875,5.0,10.0,0.0,0.0,6.0,1016.88,67.13,-15.59
2025-03-24 18:40:38.239000+00:00,64.81873025800785,,,,341.062,-0.062,-0.875,23.02,-63.062,-11.562,-47.75,-0.006,-0.039,-0.018,-0.06,-0.1,9.17,-0.09,-0.3,-0.63,0.02,0.2,9.8,2.14875,5.0,10.0,0.0,0.0,6.0,1016.88,67.13,-15.59
2025-03-24 18:40:38.569000+00:00,64.81873025800785,,,,341.062,-0.062,-0.875,23.0,-63.062,-11.562,-47.75,-0.006,-0.039,-0.018,-0.06,-0.1,9.17,-0.09,-0.3,-0.63,0.02,0.2,9.8,2.14875,5.0,10.0,0.0,0.0,6.0,1016.88,67.13,-15.59
2025-03-24 18:40:39.574000+00:00,64.81873025800785,,,,341.062,-0.062,-0.875,23.0,-63.062,-11.562,-47.75,-0.006,-0.039,-0.018,-0.06,-0.1,9.17,-0.09,-0.3,-0.63,0.02,0.2,9.8,2.14875,5.0,10.0,0.0,0.0,6.0,1016.88,67.13,-15.59
2025-03-24 18:40:39.978000+00:00,64.81873025800785,,,,341.062,-0.062,-0.875,23.02,-63.062,-11.562,-47.75,-0.006,-0.039,-0.018,-0.06,-0.1,9.17,-0.09,-0.3,-0.63,0.02,0.2,9.8,2.14875,5.0,10.0,0.0,0.0,6.0,1016.88,67.13,-15.59
2025-03-24 18:40:40.582000+00:00,64.81873025800785,,,,341.062,-0.062,-0.875,23.0,-63.062,-11.562,-47.75,-0.006,-0.039,-0.018,-0.06,-0.1,9.17,-0.09,-0.3,-0.63,0.02,0.2,9.8,2.14875,5.0,10.0,0.0,0.0,6.0,1016.88,67.13,-15.59
2025-03-24 18:40:41.018000+00:00,64.81873025800785,,,,341.062,-0.062,-0.875,22.97,-63.062,-11.562,-47.75,-0.006,-0.039,-0.018,-0.06,-0.1,9.17,-0.09,-0.3,-0.63,0.02,0.2,9.8,2.14875,5.0,10.0,0.0,0.0,6.0,1016.88,67.13,-15.59
2025-03-24 18:40:41.593000+00:00,64.81873025800785,,,,341.062,-0.062,-0.875,23.0,-63.062,-11.562,-47.75,-0.006,-0.039,-0.018,-0.06,-0.1,9.17,-0.09,-0.3,-0.63,0.02,0.2,9.8,2.14875,5.0,10.0,0.0,0.0,6.0,1016.88,67.13,-15.59
2025-03-24 18:40:42.012000+00:00,64.81873025800785,,,,341.062,-0.062,-0.875,22.97,-63.062,-11.562,-47.75,-0.006,-0.039,-0.018,-0.06,-0.1,9.17,-0.09,-0.3,-0.63,0.02,0.2,9.8,2.14875,5.0,10.0,0.0,0.0,6.0,1016.88,67.13,-15.59
2025-03-24 18:40:42.603000+00:00,64.81873025800785,,,,341.062,-0.062,-0.875,23.0,-63.062,-11.562,-47.75,-0.006,-0.039,-0.018,-0.06,-0.1,9.17,-0.09,-0.3,-0.63,0.02,0.2,9.8,2.14875,5.0,10.0,0.0,0.0,6.0,1016.88,67.13,-15.59
2025-03-24 18:40:43.312000+00:00,64.81873025800785,,,,341.062,-0.062,-0.875,22.97,-63.062,-11.562,-47.75,-0.006,-0.039,-0.018,-0.06,-0.1,9.17,-0.09,-0.3,-0.63,0.02,0.2,9.8,2.14875,5.0,10.0,0.0,0.0,6.0,1016.88,67.13,-15.59
2025-03-24 18:40:43.613000+00:00,64.81873025800785,,,,341.062,-0.062,-0.875,23.0,-63.062,-11.562,-47.75,-0.006,-0.039,-0.018,-0.06,-0.1,9.17,-0.09,-0.3,-0.63,0.02,0.2,9.8,2.14875,5.0,10.0,0.0,0.0,6.0,1016.88,67.13,-15.59
2025-03-24 18:40:44.268000+00:00,64.81873025800785,,,,341.062,-0.062,-0.875,22.97,-63.062,-11.562,-47.75,-0.006,-0.039,-0.018,-0.06,-0.1,9.17,-0.09,-0.3,-0.63,0.02,0.2,9.8,2.14875,5.0,10.0,0.0,0.0,6.0,1016.88,67.13,-15.59
2025-03-24 18:40:44.617000+00:00,64.81873025800785,,,,341.062,-0.062,-0.875,23.0,-63.062,-11.562,-47.75,-0.006,-0.039,-0.018,-0.06,-0.1,9.17,-0.09,-0.3,-0.63,0.02,0.2,9.8,2.14875,5.0,10.0,0.0,0.0,6.0,1016.88,67.13,-15.59
2025-03-24 18:40:45.341000+00:00,64.81873025800785,,,,341.062,-0.062,-0.875,22.97,-63.062,-11.562,-47.75,-0.006,-0.039,-0.018,-0.06,-0.1,9.17,-0.09,-0.3,-0.63,0.02,0.2,9.8,2.14875,5.0,10.0,0.0,0.0,6.0,1016.88,67.13,-15.59
2025-03-24 18:40:45.671000+00:00,64.81873025800785,,,,341.062,-0.062,-0.875,23.0,-63.062,-11.562,-47.75,-0.006,-0.039,-0.018,-0.06,-0.1,9.17,-0.09,-0.3,-0.63,0.02,0.2,9.8,2.14875,5.0,10.0,0.0,0.0,6.0,1016.88,67.13,-15.59
2025-03-24 18:40:46.381000+00:00,64.81873025800785,,,,341.062,-0.062,-0.875,22.97,-63.062,-11.562,-47.75,-0.006,-0.039,-0.018,-0.06,-0.1,9.17,-0.09,-0.3,-0.63,0.02,0.2,9.8,2.14875,5.0,10.0,0.0,0.0,6.0,1016.88,67.13,-15.59
2025-03-24 18:40:46.642000+00:00,64.81873025800785,,,,341.062,-0.062,-0.875,23.0,-63.062,-11.562,-47.75,-0.006,-0.039,-0.018,-0.06,-0.1,9.17,-0.09,-0.3,-0.63,0.02,0.2,9.8,2.14875,5.0,10.0,0.0,0.0,6.0,1016.88,67.13,-15.59
2025-03-24 18:40:47.531000+00:00,64.81873025800785,,,,341.062,-0.062,-0.875,22.97,-63.062,-11.562,-47.75,-0.006,-0.039,-0.018,-0.06,-0.1,9.17,-0.09,-0.3,-0.63,0.02,0.2,9.8,2.14875,5.0,10.0,0.0,0.0,6.0,1016.88,67.13,-15.59
2025-03-24 18:40:47.781000+00:00,64.81873025800785,,,,341.062,-0.062,-0.875,23.0,-63.062,-11.562,-47.75,-0.006,-0.039,-0.018,-0.06,-0.1,9.17,-0.09,-0.3,-0.63,0.02,0.2,9.8,2.14875,5.0,10.0,0.0,0.0,6.0,1016.88,67.13,-15.59
2025-03-24 18:40:48.681000+00:00,64.81873025800785,,,,341.062,-0.062,-0.875,22.97,-63.062,-11.562,-47.75,-0.006,-0.039,-0.018,-0.06,-0.1,9.17,-0.09,-0.3,-0.63,0.02,0.2,9.8,2.14875,5.0,10.0,0.0,0.0,6.0,1016.88,67.13,-15.59
2025-03-24 18:40:48.941000+00:00,64.81873025800785,,,,341.062,-0.062,-0.875,23.0,-63.062,-11.562,-47.75,-0.006,-0.039,-0.018,-0.06,-0.1,9.17,-0.09,-0.3,-0.63,0.02,0.2,9.8,2.14875,5.0,10.0,0.0,0.0,6.0,1016.88,67.13,-15.59
2025-03-24 18:40:49.701000+00:00,64.81873025800785,,,,341.062,-0.062,-0.875,23.0,-63.062,-11.562,-47.75,-0.006,-0.039,-0.018,-0.06,-0.1,9.17,-0.09,-0.3,-0.63,0.02,0.2,9.8,2.14875,5.0,10.0,0.0,0.0,6.0,1016.88,67.13,-15.59
2025-03-24 18:40:50.130000+00:00,64.81873025800785,,,,341.062,-0.062,-0.875,22.97,-63.062,-11.562,-47.75,-0.006,-0.039,-0.018,-0.06,-0.1,9.17,-0.09,-0.3,-0.63,0.02,0.2,9.8,2.14875,5.0,10.0,0.0,0.0,6.0,1016.88,67.13,-15.59
2025-03-24 18:40:50.676000+00:00,64.81873025800785,,,,341.062,-0.062,-0.875,23.0,-63.062,-11.562,-47.75,-0.006,-0.039,-0.018,-0.06,-0.1,9.17,-0.09,-0.3,-0.63,0.02,0.2,9.8,2.14875,5.0,10.0,0.0,0.0,6.0,1016.88,67.13,-15.59
2025-03-24 18:40:51.314000+00:00,64.81873025800785,,,,341.062,-0.062,-0.875,22.97,-63.062,-11.562,-47.75,-0.006,-0.039,-0.018,-0.06,-0.1,9.17,-0.09,-0.3,-0.63,0.02,0.2,9.8,2.14875,5.0,10.0,0.0,0.0,6.0,1016.88,67.13,-15.59
2025-03-24 18:40:51.685000+00:00,64.81873025800785,,,,341.062,-0.062,-0.875,23.0,-63.062,-11.562,-47.75,-0.006,-0.039,-0.018,-0.06,-0.1,9.17,-0.09,-0.3,-0.63,0.02,0.2,9.8,2.14875,5.0,10.0,0.0,0.0,6.0,1016.88,67.13,-15.59
2025-03-24 18:40:52.236000+00:00,64.81873025800785,,,,341.062,-0.062,-0.875,22.97,-63.062,-11.562,-47.75,-0.006,-0.039,-0.018,-0.06,-0.1,9.17,-0.09,-0.3,-0.63,0.02,0.2,9.8,2.14875,5.0,10.0,0.0,0.0,6.0,1016.88,67.13,-15.59
2025-03-24 18:40:52.740000+00:00,64.81873025800785,,,,341.062,-0.062,-0.875,23.0,-63.062,-11.562,-47.75,-0.006,-0.039,-0.018,-0.06,-0.1,9.17,-0.09,-0.3,-0.63,0.02,0.2,9.8,2.14875,5.0,10.0,0.0,0.0,6.0,1016.88,67.13,-15.59
2025-03-24 18:40:53.366000+00:00,64.81873025800785,,,,341.062,-0.062,-0.875,22.97,-63.062,-11.562,-47.75,-0.006,-0.039,-0.018,-0.06,-0.1,9.17,-0.09,-0.3,-0.63,0.02,0.2,9.8,2.14875,5.0,10.0,0.0,0.0,6.0,1016.88,67.13,-15.59
2025-03-24 18:40:53.704000+00:00,64.81873025800785,,,,341.062,-0.062,-0.875,23.0,-63.062,-11.562,-47.75,-0.006,-0.039,-0.018,-0.06,-0.1,9.17,-0.09,-0.3,-0.63,0.02,0.2,9.8,2.14875,5.0,10.0,0.0,0.0,6.0,1016.88,67.13,-15.59
2025-03-24 18:40:54.410000+00:00,64.81873025800785,,,,341.062,-0.062,-0.875,22.97,-63.062,-11.562,-47.75,-0.006,-0.039,-0.018,-0.06,-0.1,9.17,-0.09,-0.3,-0.63,0.02,0.2,9.8,2.14875,5.0,10.0,0.0,0.0,6.0,1016.88,67.13,-15.59
2025-03-24 18:40:54.716000+00:00,64.81873025800785,,,,341.062,-0.062,-0.875,23.0,-63.062,-11.562,-47.75,-0.006,-0.039,-0.018,-0.06,-0.1,9.17,-0.09,-0.3,-0.63,0.02,0.2,9.8,2.14875,5.0,10.0,0.0,0.0,6.0,1016.88,67.13,-15.59
2025-03-24 18:40:55.555000+00:00,64.81873025800785,,,,341.062,-0.062,-0.875,22.97,-63.062,-11.562,-47.75,-0.006,-0.039,-0.018,-0.06,-0.1,9.17,-0.09,-0.3,-0.63,0.02,0.2,9.8,2.14875,5.0,10.0,0.0,0.0,6.0,1016.88,67.13,-15.59
2025-03-24 18:40:55.849000+00:00,64.81873025800785,,,,341.062,-0.062,-0.875,23.0,-63.062,-11.562,-47.75,-0.006,-0.039,-0.018,-0.06,-0.1,9.17,-0.09,-0.3,-0.63,0.02,0.2,9.8,2.14875,5.0,10.0,0.0,0.0,6.0,1016.88,67.13,-15.59
2025-03-24 18:40:56.699000+00:00,64.81873025800785,,,,341.062,-0.062,-0.875,22.97,-63.062,-11.562,-47.75,-0.006,-0.039,-0.018,-0.06,-0.1,9.17,-0.09,-0.3,-0.63,0.02,0.2,9.8,2.14875,5.0,10.0,0.0,0.0,6.0,1016.88,67.13,-15.59
2025-03-24 18:40:56.967000+00:00,64.81873025800785,,,,341.062,-0.062,-0.875,23.0,-63.062,-11.562,-47.75,-0.006,-0.039,-0.018,-0.06,-0.1,9.17,-0.09,-0.3,-0.63,0.02,0.2,9.8,2.14875,5.0,10.0,0.0,0.0,6.0,1016.88,67.13,-15.59
2025-03-24 18:40:57.780000+00:00,64.81873025800785,,,,341.062,-0.062,-0.875,22.97,-63.062,-11.562,-47.75,-0.006,-0.039,-0.018,-0.06,-0.1,9.17,-0.09,-0.3,-0.63,0.02,0.2,9.8,2.14875,5.0,10.0,0.0,0.0,6.0,1016.88,67.13,-15.59
2025-03-24 18:40:58.031000+00:00,64.81873025800785,,,,341.062,-0.062,-0.875,23.0,-63.062,-11.562,-47.75,-0.006,-0.039,-0.018,-0.06,-0.1,9.17,-0.09,-0.3,-0.63,0.02,0.2,9.8,2.14875,5.0,10.0,0.0,0.0,6.0,1016.88,67.13,-15.59
2025-03-24 18:40:58.756000+00:00,64.81873025800785,,,,341.062,-0.062,-0.875,23.0,-63.062,-11.562,-47.75,-0.006,-0.039,-0.018,-0.06,-0.1,9.17,-0.09,-0.3,-0.63,0.02,0.2,9.8,2.14875,5.0,10.0,0.0,0.0,6.0,1016.88,67.13,-15.59
2025-03-24 18:40:59.200000+00:00,64.81873025800785,,,,341.062,-0.062,-0.875,22.97,-63.062,-11.562,-47.75,-0.006,-0.039,-0.018,-0.06,-0.1,9.17,-0.09,-0.3,-0.63,0.02,0.2,9.8,2.14875,5.0,10.0,0.0,0.0,6.0,1016.88,67.13,-15.59
2025-03-24 18:40:59.764000+00:00,64.81873025800785,,,,341.062,-0.062,-0.875,23.0,-63.062,-11.562,-47.75,-0.006,-0.039,-0.018,-0.06,-0.1,9.17,-0.09,-0.3,-0.63,0.02,0.2,9.8,2.14875,5.0,10.0,0.0,0.0,6.0,1016.88,67.13,-15.59
2025-03-24 18:41:00.407000+00:00,64.81873025800785,,,,341.062,-0.062,-0.875,22.97,-63.062,-11.562,-47.75,-0.006,-0.039,-0.018,-0.06,-0.1,9.17,-0.09,-0.3,-0.63,0.02,0.2,9.8,2.14875,5.0,10.0,0.0,0.0,6.0,1016.88,67.13,-15.59
2025-03-24 18:41:00.773000+00:00,64.81873025800785,,,,341.062,-0.062,-0.875,23.0,-63.062,-11.562,-47.75,-0.006,-0.039,-0.018,-0.06,-0.1,9.17,-0.09,-0.3,-0.63,0.02,0.2,9.8,2.14875,5.0,10.0,0.0,0.0,6.0,1016.88,67.13,-15.59
2025-03-24 18:41:01.364000+00:00,64.81873025800785,,,,341.062,-0.062,-0.875,22.97,-63.062,-11.562,-47.75,-0.006,-0.039,-0.018,-0.06,-0.1,9.17,-0.09,-0.3,-0.63,0.02,0.2,9.8,2.14875,5.0,10.0,0.0,0.0,6.0,1016.88,67.13,-15.59
2025-03-24 18:41:01.776000+00:00,64.81873025800785,,,,341.062,-0.062,-0.875,23.0,-63.062,-11.562,-47.75,-0.006,-0.039,-0.018,-0.06,-0.1,9.17,-0.09,-0.3,-0.63,0.02,0.2,9.8,2.14875,5.0,10.0,0.0,0.0,6.0,1016.88,67.13,-15.59
2025-03-24 18:41:02.385000+00:00,64.81873025800785,,,,341.062,-0.062,-0.875,22.97,-63.062,-11.562,-47.75,-0.006,-0.039,-0.018,-0.06,-0.1,9.17,-0.09,-0.3,-0.63,0.02,0.2,9.8,2.14875,5.0,10.0,0.0,0.0,6.0,1016.88,67.13,-15.59
2025-03-24 18:41:02.788000+00:00,64.81873025800785,,,,341.062,-0.062,-0.875,23.0,-63.062,-11.562,-47.75,-0.006,-0.039,-0.018,-0.06,-0.1,9.17,-0.09,-0.3,-0.63,0.02,0.2,9.8,2.14875,5.0,10.0,0.0,0.0,6.0,1016.88,67.13,-15.59
2025-03-24 18:41:03.470000+00:00,64.81873025800785,,,,341.062,-0.062,-0.875,22.97,-63.062,-11.562,-47.75,-0.006,-0.039,-0.018,-0.06,-0.1,9.17,-0.09,-0.3,-0.63,0.02,0.2,9.8,2.14875,5.0,10.0,0.0,0.0,6.0,1016.88,67.13,-15.59
2025-03-24 18:41:03.806000+00:00,64.81873025800785,,,,341.062,-0.062,-0.875,23.0,-63.062,-11.562,-47.75,-0.006,-0.039,-0.018,-0.06,-0.1,9.17,-0.09,-0.3,-0.63,0.02,0.2,9.8,2.14875,5.0,10.0,0.0,0.0,6.0,1016.88,67.13,-15.59
2025-03-24 18:41:04.621000+00:00,64.81873025800785,,,,341.062,-0.062,-0.875,22.97,-63.062,-11.562,-47.75,-0.006,-0.039,-0.018,-0.06,-0.1,9.17,-0.09,-0.3,-0.63,0.02,0.2,9.8,2.14875,5.0,10.0,0.0,0.0,6.0,1016.88,67.13,-15.59
2025-03-24 18:41:04.883000+00:00,64.81873025800785,,,,341.062,-0.062,-0.875,23.0,-63.062,-11.562,-47.75,-0.006,-0.039,-0.018,-0.06,-0.1,9.17,-0.09,-0.3,-0.63,0.02,0.2,9.8,2.14875,5.0,10.0,0.0,0.0,6.0,1016.88,67.13,-15.59
2025-03-24 18:41:05.766000+00:00,64.81873025800785,,,,341.062,-0.062,-0.875,22.97,-63.062,-11.562,-47.75,-0.006,-0.039,-0.018,-0.06,-0.1,9.17,-0.09,-0.3,-0.63,0.02,0.2,9.8,2.14875,5.0,10.0,0.0,0.0,6.0,1016.88,67.13,-15.59
2025-03-24 18:41:06.039000+00:00,64.81873025800785,,,,341.062,-0.062,-0.875,23.0,-63.062,-11.562,-47.75,-0.006,-0.039,-0.018,-0.06,-0.1,9.17,-0.09,-0.3,-0.63,0.02,0.2,9.8,2.14875,5.0,10.0,0.0,0.0,6.0,1016.88,67.13,-15.59
2025-03-24 18:41:06.821000+00:00,64.81873025800785,,,,341.062,-0.062,-0.875,23.0,-63.062,-11.562,-47.75,-0.006,-0.039,-0.018,-0.06,-0.1,9.17,-0.09,-0.3,-0.63,0.02,0.2,9.8,2.14875,5.0,10.0,0.0,0.0,6.0,1016.88,67.13,-15.59
2025-03-24 18:41:07.230000+00:00,64.81873025800785,,,,341.062,-0.062,-0.875,22.97,-63.062,-11.562,-47.75,-0.006,-0.039,-0.018,-0.06,-0.1,9.17,-0.09,-0.3,-0.63,0.02,0.2,9.8,2.14875,5.0,10.0,0.0,0.0,6.0,1016.88,67.13,-15.59
2025-03-24 18:41:07.830000+00:00,64.81873025800785,,,,341.062,-0.062,-0.875,23.0,-63.062,-11.562,-47.75,-0.006,-0.039,-0.018,-0.06,-0.1,9.17,-0.09,-0.3,-0.63,0.02,0.2,9.8,2.14875,5.0,10.0,0.0,0.0,6.0,1016.88,67.13,-15.59
2025-03-24 18:41:08.289000+00:00,64.81873025800785,,,,341.062,-0.062,-0.875,22.97,-63.062,-11.562,-47.75,-0.006,-0.039,-0.018,-0.06,-0.1,9.17,-0.09,-0.3,-0.63,0.02,0.2,9.8,2.14875,5.0,10.0,0.0,0.0,6.0,1016.88,67.13,-15.59
2025-03-24 18:41:08.841000+00:00,64.81873025800785,,,,341.062,-0.062,-0.875,23.0,-63.062,-11.562,-47.75,-0.006,-0.039,-0.018,-0.06,-0.1,9.17,-0.09,-0.3,-0.63,0.02,0.2,9.8,2.14875,5.0,10.0,0.0,0.0,6.0,1016.88,67.13,-15.59
2025-03-24 18:40:09.604000+00:00,64.81873025800785,,,,341.062,-0.062,-0.875,23.0,-63.062,-11.562,-47.75,-0.006,-0.039,-0.018,-0.06,-0.1,9.17,-0.09,-0.3,-0.63,0.02,0.2,9.8,2.14875,5.0,10.0,0.0,0.0,6.0,1016.88,67.13,-15.59
2025-03-24 18:40:10.354000+00:00,64.81873025800785,,,,341.062,-0.062,-0.875,23.0,-92.375,-5.75,-44.0,-0.006,-0.039,-0.018,-0.06,-0.1,9.17,-0.09,-0.3,-0.63,0.02,0.2,9.8,2.14875,5.0,10.0,0.0,0.0,6.0,1016.88,67.13,-15.59
2025-03-24 18:40:11.354000+00:00,64.81873025800785,,,,341.062,-0.062,-0.875,23.0,-129.188,-6.188,-10.875,-0.006,-0.039,-0.018,-0.06,-0.1,9.17,-0.09,-0.3,-0.63,0.02,0.2,9.8,2.14875,5.0,10.0,0.0,0.0,6.0,1016.88,67.13,-15.59
2025-03-24 18:40:12.370000+00:00,64.81873025800785,,,,341.062,-0.062,-0.875,23.0,-97.5,-6.188,-38.188,-0.006,-0.039,-0.018,-0.06,-0.1,9.17,-0.09,-0.3,-0.63,0.02,0.2,9.8,2.14875,5.0,10.0,0.0,0.0,6.0,1016.88,67.13,-15.59
2025-03-24 18:40:13.374000+00:00,64.81873025800785,,,,341.062,-0.062,-0.875,23.0,-75.062,-14.75,-41.875,-0.006,-0.039,-0.018,-0.06,-0.1,9.17,-0.09,-0.3,-0.63,0.02,0.2,9.8,2.14875,5.0,10.0,0.0,0.0,6.0,1016.88,67.13,-15.59
2025-03-24 18:40:14.390000+00:00,64.81873025800785,,,,341.062,-0.062,-0.875,23.0,-64.688,-15.25,-47.188,-0.006,-0.039,-0.018,-0.06,-0.1,9.17,-0.09,-0.3,-0.63,0.02,0.2,9.8,2.14875,5.0,10.0,0.0,0.0,6.0,1016.88,67.13,-15.59
2025-03-24 18:40:15.393000+00:00,64.81873025800785,,,,341.062,-0.062,-0.875,23.0,-83.0,-5.0,-49.875,-0.006,-0.039,-0.018,-0.06,-0.1,9.17,-0.09,-0.3,-0.63,0.02,0.2,9.8,2.14875,5.0,10.0,0.0,0.0,6.0,1016.88,67.13,-15.59
2025-03-24 18:40:16.430000+00:00,64.81873025800785,,,,341.062,-0.062,-0.875,23.0,-127.875,-9.0,-20.375,-0.006,-0.039,-0.018,-0.06,-0.1,9.17,-0.09,-0.3,-0.63,0.02,0.2,9.8,2.14875,5.0,10.0,0.0,0.0,6.0,1016.88,67.13,-15.59
2025-03-24 18:40:17.423000+00:00,64.81873025800785,,,,341.062,-0.062,-0.875,23.0,-115.75,-0.75,-27.25,-0.006,-0.039,-0.018,-0.06,-0.1,9.17,-0.09,-0.3,-0.63,0.02,0.2,9.8,2.14875,5.0,10.0,0.0,0.0,6.0,1016.88,67.13,-15.59
2025-03-24 18:40:18.479000+00:00,64.81873025800785,,,,341.062,-0.062,-0.875,23.0,-83.25,-11.875,-44.688,-0.006,-0.039,-0.018,-0.06,-0.1,9.17,-0.09,-0.3,-0.63,0.02,0.2,9.8,2.14875,5.0,10.0,0.0,0.0,6.0,1016.88,67.13,-15.59
2025-03-24 18:40:19.589000+00:00,64.81873025800785,,,,341.062,-0.062,-0.875,23.0,-71.5,-17.062,-45.562,-0.006,-0.039,-0.018,-0.06,-0.1,9.17,-0.09,-0.3,-0.63,0.02,0.2,9.8,2.14875,5.0,10.0,0.0,0.0,6.0,1016.88,67.13,-15.59
2025-03-24 18:40:20.734000+00:00,64.81873025800785,,,,341.062,-0.062,-0.875,23.0,-64.5,-14.0,-53.5,-0.006,-0.039,-0.018,-0.06,-0.1,9.17,-0.09,-0.3,-0.63,0.02,0.2,9.8,2.14875,5.0,10.0,0.0,0.0,6.0,1016.88,67.13,-15.59
2025-03-24 18:40:21.464000+00:00,64.81873025800785,,,,341.062,-0.062,-0.875,23.0,-102.062,-7.5,-44.562,-0.006,-0.039,-0.018,-0.06,-0.1,9.17,-0.09,-0.3,-0.63,0.02,0.2,9.8,2.14875,5.0,10.0,0.0,0.0,6.0,1016.88,67.13,-15.59
2025-03-24 18:40:22.459000+00:00,64.81873025800785,,,,341.062,-0.062,-0.875,23.0,-131.375,-8.062,-14.562,-0.006,-0.039,-0.018,-0.06,-0.1,9.17,-0.09,-0.3,-0.63,0.02,0.2,9.8,2.14875,5.0,10.0,0.0,0.0,6.0,1016.88,67.13,-15.59
2025-03-24 18:40:23.464000+00:00,64.81873025800785,,,,341.062,-0.062,-0.875,23.0,-98.062,-8.188,-42.0,-0.006,-0.039,-0.018,-0.06,-0.1,9.17,-0.09,-0.3,-0.63,0.02,0.2,9.8,2.14875,5.0,10.0,0.0,0.0,6.0,1016.88,67.13,-15.59
2025-03-24 18:40:24.496000+00:00,64.81873025800785,,,,341.062,-0.062,-0.875,23.0,-73.5,-16.375,-45.688,-0.006,-0.039,-0.018,-0.06,-0.1,9.17,-0.09,-0.3,-0.63,0.02,0.2,9.8,2.14875,5.0,10.0,0.0,0.0,6.0,1016.88,67.13,-15.59
2025-03-24 18:40:25.499000+00:00,64.81873025800785,,,,341.062,-0.062,-0.875,23.0,-64.062,-15.75,-55.062,-0.006,-0.039,-0.018,-0.06,-0.1,9.17,-0.09,-0.3,-0.63,0.02,0.2,9.8,2.14875,5.0,10.0,0.0,0.0,6.0,1016.88,67.13,-15.59
2025-03-24 18:40:26.503000+00:00,64.81873025800785,,,,341.062,-0.062,-0.875,23.0,-93.688,-7.062,-50.375,-0.006,-0.039,-0.018,-0.06,-0.1,9.17,-0.09,-0.3,-0.63,0.02,0.2,9.8,2.14875,5.0,10.0,0.0,0.0,6.0,1016.88,67.13,-15.59
2025-03-24 18:40:27.544000+00:00,64.81873025800785,,,,341.062,-0.062,-0.875,23.0,-131.25,-9.562,-18.562,-0.006,-0.039,-0.018,-0.06,-0.1,9.17,-0.09,-0.3,-0.63,0.02,0.2,9.8,2.14875,5.0,10.0,0.0,0.0,6.0,1016.88,67.13,-15.59
2025-03-24 18:40:28.523000+00:00,64.81873025800785,,,,341.062,-0.062,-0.875,23.0,-112.375,-5.0,-36.375,-0.006,-0.039,-0.018,-0.06,-0.1,9.17,-0.09,-0.3,-0.63,0.02,0.2,9.8,2.14875,5.0,10.0,0.0,0.0,6.0,1016.88,67.13,-15.59
2025-03-24 18:40:29.538000+00:00,64.81873025800785,,,,341.062,-0.062,-0.875,23.0,-81.375,-15.562,-50.375,-0.006,-0.039,-0.018,-0.06,-0.1,9.17,-0.09,-0.3,-0.63,0.02,0.2,9.8,2.14875,5.0,10.0,0.0,0.0,6.0,1016.88,67.13,-15.59
2025-03-24 18:40:30.549000+00:00,64.81873025800785,,,,341.062,-0.062,-0.875,23.0,-72.062,-19.875,-52.5,-0.006,-0.039,-0.018,-0.06,-0.1,9.17,-0.09,-0.3,-0.63,0.02,0.2,9.8,2.14875,5.0,10.0,0.0,0.0,6.0,1016.88,67.13,-15.59
2025-03-24 18:40:31.603000+00:00,64.81873025800785,,,,341.062,-0.062,-0.875,23.0,-72.375,-0.25,-27.562,-0.006,-0.039,-0.018,-0.06,-0.1,9.17,-0.09,-0.3,-0.63,0.02,0.2,9.8,2.14875,5.0,10.0,0.0,0.0,6.0,1016.88,67.13,-15.59
2025-03-24 18:40:32.743000+00:00,64.81873025800785,,,,341.062,-0.062,-0.875,23.0,-90.562,0.062,-24.75,-0.006,-0.039,-0.018,-0.06,-0.1,9.17,-0.09,-0.3,-0.63,0.02,0.2,9.8,2.14875,5.0,10.0,0.0,0.0,6.0,1016.88,67.13,-15.59
2025-03-24 18:40:33.934000+00:00,64.81873025800785,,,,341.062,-0.062,-0.875,23.0,-127.25,-3.375,4.25,-0.006,-0.039,-0.018,-0.06,-0.1,9.17,-0.09,-0.3,-0.63,0.02,0.2,9.8,2.14875,5.0,10.0,0.0,0.0,6.0,1016.88,67.13,-15.59
2025-03-24 18:40:34.583000+00:00,64.81873025800785,,,,341.062,-0.062,-0.875,23.0,-106.75,2.875,-12.375,-0.006,-0.039,-0.018,-0.06,-0.1,9.17,-0.09,-0.3,-0.63,0.02,0.2,9.8,2.14875,5.0,10.0,0.0,0.0,6.0,1016.88,67.13,-15.59
2025-03-24 18:40:35.590000+00:00,64.81873025800785,,,,341.062,-0.062,-0.875,23.0,-76.5,-7.25,-24.562,-0.006,-0.039,-0.018,-0.06,-0.1,9.17,-0.09,-0.3,-0.63,0.02,0.2,9.8,2.14875,5.0,10.0,0.0,0.0,6.0,1016.88,67.13,-15.59
2025-03-24 18:40:36.599000+00:00,64.81873025800785,,,,341.062,-0.062,-0.875,23.0,-66.375,-9.875,-28.688,-0.006,-0.039,-0.018,-0.06,-0.1,9.17,-0.09,-0.3,-0.63,0.02,0.2,9.8,2.14875,5.0,10.0,0.0,0.0,6.0,1016.88,67.13,-15.59
2025-03-24 18:40:37.607000+00:00,64.81873025800785,,,,341.062,-0.062,-0.875,23.0,-73.5,-1.188,-33.875,-0.006,-0.039,-0.018,-0.06,-0.1,9.17,-0.09,-0.3,-0.63,0.02,0.2,9.8,2.14875,5.0,10.0,0.0,0.0,6.0,1016.88,67.13,-15.59
2025-03-24 18:40:38.622000+00:00,64.81873025800785,,,,341.062,-0.062,-0.875,23.0,-113.188,-2.25,-15.875,-0.006,-0.039,-0.018,-0.06,-0.1,9.17,-0.09,-0.3,-0.63,0.02,0.2,9.8,2.14875,5.0,10.0,0.0,0.0,6.0,1016.88,67.13,-15.59
2025-03-24 18:40:39.623000+00:00,64.81873025800785,,,,341.062,-0.062,-0.875,23.0,-125.188,3.188,2.062,-0.006,-0.039,-0.018,-0.06,-0.1,9.17,-0.09,-0.3,-0.63,0.02,0.2,9.8,2.14875,5.0,10.0,0.0,0.0,6.0,1016.88,67.13,-15.59
2025-03-24 18:40:40.638000+00:00,64.81873025800785,,,,341.062,-0.062,-0.875,23.0,-85.688,-5.875,-25.375,-0.006,-0.039,-0.018,-0.06,-0.1,9.17,-0.09,-0.3,-0.63,0.02,0.2,9.8,2.14875,5.0,10.0,0.0,0.0,6.0,1016.88,67.13,-15.59
2025-03-24 18:40:41.642000+00:00,64.81873025800785,,,,341.062,-0.062,-0.875,23.0,-67.375,-11.5,-29.562,-0.006,-0.039,-0.018,-0.06,-0.1,9.17,-0.09,-0.3,-0.63,0.02,0.2,9.8,2.14875,5.0,10.0,0.0,0.0,6.0,1016.88,67.13,-15.59
2025-03-24 18:40:42.661000+00:00,64.81873025800785,,,,341.062,-0.062,-0.875,23.0,-67.0,-4.062,-35.688,-0.006,-0.039,-0.018,-0.06,-0.1,9.17,-0.09,-0.3,-0.63,0.02,0.2,9.8,2.14875,5.0,10.0,0.0,0.0,6.0,1016.88,67.13,-15.59
2025-03-24 18:40:43.662000+00:00,64.81873025800785,,,,341.062,-0.062,-0.875,23.0,-121.25,-5.75,-12.0,-0.006,-0.039,-0.018,-0.06,-0.1,9.17,-0.09,-0.3,-0.63,0.02,0.2,9.8,2.14875,5.0,10.0,0.0,0.0,6.0,1016.88,67.13,-15.59
2025-03-24 18:40:44.678000+00:00,64.81873025800785,,,,341.062,-0.062,-0.875,23.0,-123.375,0.188,-5.562,-0.006,-0.039,-0.018,-0.06,-0.1,9.17,-0.09,-0.3,-0.63,0.02,0.2,9.8,2.14875,5.0,10.0,0.0,0.0,6.0,1016.88,67.13,-15.59
2025-03-24 18:40:45.722000+00:00,64.81873025800785,,,,341.062,-0.062,-0.875,23.0,-91.188,-7.375,-28.0,-0.006,-0.039,-0.018,-0.06,-0.1,9.17,-0.09,-0.3,-0.63,0.02,0.2,9.8,2.14875,5.0,10.0,0.0,0.0,6.0,1016.88,67.13,-15.59
2025-03-24 18:40:46.692000+00:00,64.81873025800785,,,,341.062,-0.062,-0.875,23.0,-73.375,-13.562,-30.75,-0.006,-0.039,-0.018,-0.06,-0.1,9.17,-0.09,-0.3,-0.63,0.02,0.2,9.8,2.14875,5.0,10.0,0.0,0.0,6.0,1016.88,67.13,-15.59
2025-03-24 18:40:47.831000+00:00,64.81873025800785,,,,341.062,-0.062,-0.875,23.0,-63.875,-12.562,-37.5,-0.006,-0.039,-0.018,-0.06,-0.1,9.17,-0.09,-0.3,-0.63,0.02,0.2,9.8,2.14875,5.0,10.0,0.0,0.0,6.0,1016.88,67.13,-15.59
2025-03-24 18:40:48.991000+00:00,64.81873025800785,,,,341.062,-0.062,-0.875,23.0,-95.062,-3.875,-32.25,-0.006,-0.039,-0.018,-0.06,-0.1,9.17,-0.09,-0.3,-0.63,0.02,0.2,9.8,2.14875,5.0,10.0,0.0,0.0,6.0,1016.88,67.13,-15.59
2025-03-24 18:40:49.750000+00:00,64.81873025800785,,,,341.062,-0.062,-0.875,23.0,-131.25,-5.5,0.5,-0.006,-0.039,-0.018,-0.06,-0.1,9.17,-0.09,-0.3,-0.63,0.02,0.2,9.8,2.14875,5.0,10.0,0.0,0.0,6.0,1016.88,67.13,-15.59
2025-03-24 18:40:50.736000+00:00,64.81873025800785,,,,341.062,-0.062,-0.875,23.0,-101.688,-2.0,-25.062,-0.006,-0.039,-0.018,-0.06,-0.1,9.17,-0.09,-0.3,-0.63,0.02,0.2,9.8,2.14875,5.0,10.0,0.0,0.0,6.0,1016.88,67.13,-15.59
2025-03-24 18:40:51.730000+00:00,64.81873025800785,,,,341.062,-0.062,-0.875,23.0,-74.062,-12.375,-32.562,-0.006,-0.039,-0.018,-0.06,-0.1,9.17,-0.09,-0.3,-0.63,0.02,0.2,9.8,2.14875,5.0,10.0,0.0,0.0,6.0,1016.88,67.13,-15.59
2025-03-24 18:40:52.790000+00:00,64.81873025800785,,,,341.062,-0.062,-0.875,23.0,-65.562,-13.5,-39.562,-0.006,-0.039,-0.018,-0.06,-0.1,9.17,-0.09,-0.3,-0.63,0.02,0.2,9.8,2.14875,5.0,10.0,0.0,0.0,6.0,1016.88,67.13,-15.59
2025-03-24 18:40:53.750000+00:00,64.81873025800785,,,,341.062,-0.062,-0.875,23.0,-76.688,-4.75,-43.875,-0.006,-0.039,-0.018,-0.06,-0.1,9.17,-0.09,-0.3,-0.63,0.02,0.2,9.8,2.14875,5.0,10.0,0.0,0.0,6.0,1016.88,67.13,-15.59
2025-03-24 18:40:54.771000+00:00,64.81873025800785,,,,341.062,-0.062,-0.875,23.0,-129.062,-9.688,-9.562,-0.006,-0.039,-0.018,-0.06,-0.1,9.17,-0.09,-0.3,-0.63,0.02,0.2,9.8,2.14875,5.0,10.0,0.0,0.0,6.0,1016.88,67.13,-15.59
2025-03-24 18:40:55.900000+00:00,64.81873025800785,,,,341.062,-0.062,-0.875,23.0,-114.875,-0.562,-17.875,-0.006,-0.039,-0.018,-0.06,-0.1,9.17,-0.09,-0.3,-0.63,0.02,0.2,9.8,2.14875,5.0,10.0,0.0,0.0,6.0,1016.88,67.13,-15.59
2025-03-24 18:40:57.026000+00:00,64.81873025800785,,,,341.062,-0.062,-0.875,23.0,-83.25,-11.75,-36.0,-0.006,-0.039,-0.018,-0.06,-0.1,9.17,-0.09,-0.3,-0.63,0.02,0.2,9.8,2.14875,5.0,10.0,0.0,0.0,6.0,1016.88,67.13,-15.59
2025-03-24 18:40:58.086000+00:00,64.81873025800785,,,,341.062,-0.062,-0.875,23.0,-71.188,-17.0,-39.5,-0.006,-0.039,-0.018,-0.06,-0.1,9.17,-0.09,-0.3,-0.63,0.02,0.2,9.8,2.14875,5.0,10.0,0.0,0.0,6.0,1016.88,67.13,-15.59
2025-03-24 18:40:58.819000+00:00,64.81873025800785,,,,341.062,-0.062,-0.875,23.0,-65.375,-12.0,-46.562,-0.006,-0.039,-0.018,-0.06,-0.1,9.17,-0.09,-0.3,-0.63,0.02,0.2,9.8,2.14875,5.0,10.0,0.0,0.0,6.0,1016.88,67.13,-15.59
2025-03-24 18:40:59.816000+00:00,64.81873025800785,,,,341.062,-0.062,-0.875,23.0,-95.5,-5.5,-41.875,-0.006,-0.039,-0.018,-0.06,-0.1,9.17,-0.09,-0.3,-0.63,0.02,0.2,9.8,2.14875,5.0,10.0,0.0,0.0,6.0,1016.88,67.13,-15.59
2025-03-24 18:41:00.826000+00:00,64.81873025800785,,,,341.062,-0.062,-0.875,23.0,-130.0,-3.0,-10.0,-0.006,-0.039,-0.018,-0.06,-0.1,9.17,-0.09,-0.3,-0.63,0.02,0.2,9.8,2.14875,5.0,10.0,0.0,0.0,6.0,1016.88,67.13,-15.59
2025-03-24 18:41:01.836000+00:00,64.81873025800785,,,,341.062,-0.062,-0.875,23.0,-99.0,-5.188,-36.188,-0.006,-0.039,-0.018,-0.06,-0.1,9.17,-0.09,-0.3,-0.63,0.02,0.2,9.8,2.14875,5.0,10.0,0.0,0.0,6.0,1016.88,67.13,-15.59
2025-03-24 18:41:02.846000+00:00,64.81873025800785,,,,341.062,-0.062,-0.875,23.0,-74.688,-13.688,-41.062,-0.006,-0.039,-0.018,-0.06,-0.1,9.17,-0.09,-0.3,-0.63,0.02,0.2,9.8,2.14875,5.0,10.0,0.0,0.0,6.0,1016.88,67.13,-15.59
2025-03-24 18:41:03.863000+00:00,64.81873025800785,,,,341.062,-0.062,-0.875,23.0,-66.688,-14.75,-46.5,-0.006,-0.039,-0.018,-0.06,-0.1,9.17,-0.09,-0.3,-0.63,0.02,0.2,9.8,2.14875,5.0,10.0,0.0,0.0,6.0,1016.88,67.13,-15.59
2025-03-24 18:41:04.929000+00:00,64.81873025800785,,,,341.062,-0.062,-0.875,23.0,-66.062,-10.375,-50.062,-0.006,-0.039,-0.018,-0.06,-0.1,9.17,-0.09,-0.3,-0.63,0.02,0.2,9.8,2.14875,5.0,10.0,0.0,0.0,6.0,1016.88,67.13,-15.59
2025-03-24 18:41:06.090000+00:00,64.81873025800785,,,,341.062,-0.062,-0.875,23.0,-79.188,-4.75,-49.375,-0.006,-0.039,-0.018,-0.06,-0.1,9.17,-0.09,-0.3,-0.63,0.02,0.2,9.8,2.14875,5.0,10.0,0.0,0.0,6.0,1016.88,67.13,-15.59
2025-03-24 18:41:06.872000+00:00,64.81873025800785,,,,341.062,-0.062,-0.875,23.0,-127.875,-9.688,-20.25,-0.006,-0.039,-0.018,-0.06,-0.1,9.17,-0.09,-0.3,-0.63,0.02,0.2,9.8,2.14875,5.0,10.0,0.0,0.0,6.0,1016.88,67.13,-15.59
2025-03-24 18:41:07.889000+00:00,64.81873025800785,,,,341.062,-0.062,-0.875,23.0,-111.188,-2.375,-32.25,-0.006,-0.039,-0.018,-0.06,-0.1,9.17,-0.09,-0.3,-0.63,0.02,0.2,9.8,2.14875,5.0,10.0,0.0,0.0,6.0,1016.88,67.13,-15.59
2025-03-24 18:41:08.890000+00:00,64.81873025800785,,,,341.062,-0.062,-0.875,23.0,-79.062,-15.188,-43.0,-0.006,-0.039,-0.018,-0.06,-0.1,9.17,-0.09,-0.3,-0.63,0.02,0.2,9.8,2.14875,5.0,10.0,0.0,0.0,6.0,1016.88,67.13,-15.59
2025-03-24 18:40:09.656000+00:00,64.81873025800785,,,,341.062,-0.062,-0.875,23.0,-79.062,-15.188,-43.0,-0.006,-0.039,-0.018,-0.06,-0.1,9.17,-0.09,-0.3,-0.63,0.02,0.2,9.8,2.14875,5.0,10.0,0.0,0.0,6.0,1016.88,67.13,-15.59
2025-03-24 18:40:10.403000+00:00,64.81873025800785,,,,341.062,-0.062,-0.875,23.0,-79.062,-15.188,-43.0,0.027,-0.032,0.022,-0.06,-0.1,9.17,-0.09,-0.3,-0.63,0.02,0.2,9.8,2.14875,5.0,10.0,0.0,0.0,6.0,1016.88,67.13,-15.59
2025-03-24 18:40:11.404000+00:00,64.81873025800785,,,,341.062,-0.062,-0.875,23.0,-79.062,-15.188,-43.0,-0.034,0.016,-0.014,-0.06,-0.1,9.17,-0.09,-0.3,-0.63,0.02,0.2,9.8,2.14875,5.0,10.0,0.0,0.0,6.0,1016.88,67.13,-15.59
2025-03-24 18:40:12.430000+00:00,64.81873025800785,,,,341.062,-0.062,-0.875,23.0,-79.062,-15.188,-43.0,-0.01,-0.002,0.0,-0.06,-0.1,9.17,-0.09,-0.3,-0.63,0.02,0.2,9.8,2.14875,5.0,10.0,0.0,0.0,6.0,1016.88,67.13,-15.59
2025-03-24 18:40:13.430000+00:00,64.81873025800785,,,,341.062,-0.062,-0.875,23.0,-79.062,-15.188,-43.0,0.0,-0.013,-0.007,-0.06,-0.1,9.17,-0.09,-0.3,-0.63,0.02,0.2,9.8,2.14875,5.0,10.0,0.0,0.0,6.0,1016.88,67.13,-15.59
2025-03-24 18:40:14.450000+00:00,64.81873025800785,,,,341.062,-0.062,-0.875,23.0,-79.062,-15.188,-43.0,0.008,0.014,-0.061,-0.06,-0.1,9.17,-0.09,-0.3,-0.63,0.02,0.2,9.8,2.14875,5.0,10.0,0.0,0.0,6.0,1016.88,67.13,-15.59
2025-03-24 18:40:15.444000+00:00,64.81873025800785,,,,341.062,-0.062,-0.875,23.0,-79.062,-15.188,-43.0,-0.007,-0.029,0.013,-0.06,-0.1,9.17,-0.09,-0.3,-0.63,0.02,0.2,9.8,2.14875,5.0,10.0,0.0,0.0,6.0,1016.88,67.13,-15.59
2025-03-24 18:40:16.490000+00:00,64.81873025800785,,,,341.062,-0.062,-0.875,23.0,-79.062,-15.188,-43.0,-0.007,-0.036,-0.001,-0.06,-0.1,9.17,-0.09,-0.3,-0.63,0.02,0.2,9.8,2.14875,5.0,10.0,0.0,0.0,6.0,1016.88,67.13,-15.59
2025-03-24 18:40:17.480000+00:00,64.81873025800785,,,,341.062,-0.062,-0.875,23.0,-79.062,-15.188,-43.0,0.012,-0.017,0.007,-0.06,-0.1,9.17,-0.09,-0.3,-0.63,0.02,0.2,9.8,2.14875,5.0,10.0,0.0,0.0,6.0,1016.88,67.13,-15.59
2025-03-24 18:40:18.524000+00:00,64.81873025800785,,,,341.062,-0.062,-0.875,23.0,-79.062,-15.188,-43.0,-0.019,-0.033,-0.016,-0.06,-0.1,9.17,-0.09,-0.3,-0.63,0.02,0.2,9.8,2.14875,5.0,10.0,0.0,0.0,6.0,1016.88,67.13,-15.59
2025-03-24 18:40:19.649000+00:00,64.81873025800785,,,,341.062,-0.062,-0.875,23.0,-79.062,-15.188,-43.0,0.036,-0.003,-0.006,-0.06,-0.1,9.17,-0.09,-0.3,-0.63,0.02,0.2,9.8,2.14875,5.0,10.0,0.0,0.0,6.0,1016.88,67.13,-15.59
2025-03-24 18:40:20.790000+00:00,64.81873025800785,,,,341.062,-0.062,-0.875,23.0,-79.062,-15.188,-43.0,0.0,0.012,-0.004,-0.06,-0.1,9.17,-0.09,-0.3,-0.63,0.02,0.2,9.8,2.14875,5.0,10.0,0.0,0.0,6.0,1016.88,67.13,-15.59
2025-03-24 18:40:21.512000+00:00,64.81873025800785,,,,341.062,-0.062,-0.875,23.0,-79.062,-15.188,-43.0,0.029,0.001,0.032,-0.06,-0.1,9.17,-0.09,-0.3,-0.63,0.02,0.2,9.8,2.14875,5.0,10.0,0.0,0.0,6.0,1016.88,67.13,-15.59
2025-03-24 18:40:22.520000+00:00,64.81873025800785,,,,341.062,-0.062,-0.875,23.0,-79.062,-15.188,-43.0,0.028,0.017,0.078,-0.06,-0.1,9.17,-0.09,-0.3,-0.63,0.02,0.2,9.8,2.14875,5.0,10.0,0.0,0.0,6.0,1016.88,67.13,-15.59
2025-03-24 18:40:23.514000+00:00,64.81873025800785,,,,341.062,-0.062,-0.875,23.0,-79.062,-15.188,-43.0,-0.019,0.024,-0.011,-0.06,-0.1,9.17,-0.09,-0.3,-0.63,0.02,0.2,9.8,2.14875,5.0,10.0,0.0,0.0,6.0,1016.88,67.13,-15.59
2025-03-24 18:40:24.549000+00:00,64.81873025800785,,,,341.062,-0.062,-0.875,23.0,-79.062,-15.188,-43.0,0.008,-0.042,0.02,-0.06,-0.1,9.17,-0.09,-0.3,-0.63,0.02,0.2,9.8,2.14875,5.0,10.0,0.0,0.0,6.0,1016.88,67.13,-15.59
2025-03-24 18:40:25.560000+00:00,64.81873025800785,,,,341.062,-0.062,-0.875,23.0,-79.062,-15.188,-43.0,0.001,0.028,0.028,-0.06,-0.1,9.17,-0.09,-0.3,-0.63,0.02,0.2,9.8,2.14875,5.0,10.0,0.0,0.0,6.0,1016.88,67.13,-15.59
2025-03-24 18:40:26.568000+00:00,64.81873025800785,,,,341.062,-0.062,-0.875,23.0,-79.062,-15.188,-43.0,-0.001,0.028,-0.02,-0.06,-0.1,9.17,-0.09,-0.3,-0.63,0.02,0.2,9.8,2.14875,5.0,10.0,0.0,0.0,6.0,1016.88,67.13,-15.59
2025-03-24 18:40:27.600000+00:00,64.81873025800785,,,,341.062,-0.062,-0.875,23.0,-79.062,-15.188,-43.0,-0.009,0.023,-0.073,-0.06,-0.1,9.17,-0.09,-0.3,-0.63,0.02,0.2,9.8,2.14875,5.0,10.0,0.0,0.0,6.0,1016.88,67.13,-15.59
2025-03-24 18:40:28.572000+00:00,64.81873025800785,,,,341.062,-0.062,-0.875,23.0,-79.062,-15.188,-43.0,0.006,0.014,-0.063,-0.06,-0.1,9.17,-0.09,-0.3,-0.63,0.02,0.2,9.8,2.14875,5.0,10.0,0.0,0.0,6.0,1016.88,67.13,-15.59
2025-03-24 18:40:29.600000+00:00,64.81873025800785,,,,341.062,-0.062,-0.875,23.0,-79.062,-15.188,-43.0,-0.01,-0.008,-0.001,-0.06,-0.1,9.17,-0.09,-0.3,-0.63,0.02,0.2,9.8,2.14875,5.0,10.0,0.0,0.0,6.0,1016.88,67.13,-15.59
2025-03-24 18:40:30.609000+00:00,64.81873025800785,,,,341.062,-0.062,-0.875,23.0,-79.062,-15.188,-43.0,0.047,0.049,-0.05,-0.06,-0.1,9.17,-0.09,-0.3,-0.63,0.02,0.2,9.8,2.14875,5.0,10.0,0.0,0.0,6.0,1016.88,67.13,-15.59
2025-03-24 18:40:31.654000+00:00,64.81873025800785,,,,341.062,-0.062,-0.875,23.0,-79.062,-15.188,-43.0,0.0,0.026,0.004,-0.06,-0.1,9.17,-0.09,-0.3,-0.63,0.02,0.2,9.8,2.14875,5.0,10.0,0.0,0.0,6.0,1016.88,67.13,-15.59
2025-03-24 18:40:32.795000+00:00,64.81873025800785,,,,341.062,-0.062,-0.875,23.0,-79.062,-15.188,-43.0,0.053,-0.003,0.091,-0.06,-0.1,9.17,-0.09,-0.3,-0.63,0.02,0.2,9.8,2.14875,5.0,10.0,0.0,0.0,6.0,1016.88,67.13,-15.59
2025-03-24 18:40:33.984000+00:00,64.81873025800785,,,,341.062,-0.062,-0.875,23.0,-79.062,-15.188,-43.0,-0.011,-0.021,0.019,-0.06,-0.1,9.17,-0.09,-0.3,-0.63,0.02,0.2,9.8,2.14875,5.0,10.0,0.0,0.0,6.0,1016.88,67.13,-15.59
2025-03-24 18:40:34.649000+00:00,64.81873025800785,,,,341.062,-0.062,-0.875,23.0,-79.062,-15.188,-43.0,0.013,0.006,-0.006,-0.06,-0.1,9.17,-0.09,-0.3,-0.63,0.02,0.2,9.8,2.14875,5.0,10.0,0.0,0.0,6.0,1016.88,67.13,-15.59
2025-03-24 18:40:35.645000+00:00,64.81873025800785,,,,341.062,-0.062,-0.875,23.0,-79.062,-15.188,-43.0,0.016,0.023,-0.021,-0.06,-0.1,9.17,-0.09,-0.3,-0.63,0.02,0.2,9.8,2.14875,5.0,10.0,0.0,0.0,6.0,1016.88,67.13,-15.59
2025-03-24 18:40:36.657000+00:00,64.81873025800785,,,,341.062,-0.062,-0.875,23.0,-79.062,-15.188,-43.0,0.006,-0.017,-0.02,-0.06,-0.1,9.17,-0.09,-0.3,-0.63,0.02,0.2,9.8,2.14875,5.0,10.0,0.0,0.0,6.0,1016.88,67.13,-15.59
2025-03-24 18:40:37.652000+00:00,64.81873025800785,,,,341.062,-0.062,-0.875,23.0,-79.062,-15.188,-43.0,0.001,-0.04,-0.072,-0.06,-0.1,9.17,-0.09,-0.3,-0.63,0.02,0.2,9.8,2.14875,5.0,10.0,0.0,0.0,6.0,1016.88,67.13,-15.59
2025-03-24 18:40:38.679000+00:00,64.81873025800785,,,,341.062,-0.062,-0.875,23.0,-79.062,-15.188,-43.0,-0.006,0.033,0.031,-0.06,-0.1,9.17,-0.09,-0.3,-0.63,0.02,0.2,9.8,2.14875,5.0,10.0,0.0,0.0,6.0,1016.88,67.13,-15.59
2025-03-24 18:40:39.672000+00:00,64.81873025800785,,,,341.062,-0.062,-0.875,23.0,-79.062,-15.188,-43.0,0.022,-0.029,0.076,-0.06,-0.1,9.17,-0.09,-0.3,-0.63,0.02,0.2,9.8,2.14875,5.0,10.0,0.0,0.0,6.0,1016.88,67.13,-15.59
2025-03-24 18:40:40.692000+00:00,64.81873025800785,,,,341.062,-0.062,-0.875,23.0,-79.062,-15.188,-43.0,-0.013,0.016,-0.042,-0.06,-0.1,9.17,-0.09,-0.3,-0.63,0.02,0.2,9.8,2.14875,5.0,10.0,0.0,0.0,6.0,1016.88,67.13,-15.59
2025-03-24 18:40:41.692000+00:00,64.81873025800785,,,,341.062,-0.062,-0.875,23.0,-79.062,-15.188,-43.0,0.014,-0.03,-0.034,-0.06,-0.1,9.17,-0.09,-0.3,-0.63,0.02,0.2,9.8,2.14875,5.0,10.0,0.0,0.0,6.0,1016.88,67.13,-15.59
2025-03-24 18:40:42.712000+00:00,64.81873025800785,,,,341.062,-0.062,-0.875,23.0,-79.062,-15.188,-43.0,-0.008,-0.001,-0.047,-0.06,-0.1,9.17,-0.09,-0.3,-0.63,0.02,0.2,9.8,2.14875,5.0,10.0,0.0,0.0,6.0,1016.88,67.13,-15.59
2025-03-24 18:40:43.713000+00:00,64.81873025800785,,,,341.062,-0.062,-0.875,23.0,-79.062,-15.188,-43.0,-0.002,0.017,0.071,-0.06,-0.1,9.17,-0.09,-0.3,-0.63,0.02,0.2,9.8,2.14875,5.0,10.0,0.0,0.0,6.0,1016.88,67.13,-15.59
2025-03-24 18:40:44.734000+00:00,64.81873025800785,,,,341.062,-0.062,-0.875,23.0,-79.062,-15.188,-43.0,0.013,-0.034,-0.037,-0.06,-0.1,9.17,-0.09,-0.3,-0.63,0.02,0.2,9.8,2.14875,5.0,10.0,0.0,0.0,6.0,1016.88,67.13,-15.59
2025-03-24 18:40:45.772000+00:00,64.81873025800785,,,,341.062,-0.062,-0.875,23.0,-79.062,-15.188,-43.0,-0.013,0.026,0.07,-0.06,-0.1,9.17,-0.09,-0.3,-0.63,0.02,0.2,9.8,2.14875,5.0,10.0,0.0,0.0,6.0,1016.88,67.13,-15.59
2025-03-24 18:40:46.742000+00:00,64.81873025800785,,,,341.062,-0.062,-0.875,23.0,-79.062,-15.188,-43.0,0.016,0.023,-0.034,-0.06,-0.1,9.17,-0.09,-0.3,-0.63,0.02,0.2,9.8,2.14875,5.0,10.0,0.0,0.0,6.0,1016.88,67.13,-15.59
2025-03-24 18:40:47.888000+00:00,64.81873025800785,,,,341.062,-0.062,-0.875,23.0,-79.062,-15.188,-43.0,-0.002,-0.014,0.042,-0.06,-0.1,9.17,-0.09,-0.3,-0.63,0.02,0.2,9.8,2.14875,5.0,10.0,0.0,0.0,6.0,1016.88,67.13,-15.59
2025-03-24 18:40:49.041000+00:00,64.81873025800785,,,,341.062,-0.062,-0.875,23.0,-79.062,-15.188,-43.0,0.007,-0.02,0.026,-0.06,-0.1,9.17,-0.09,-0.3,-0.63,0.02,0.2,9.8,2.14875,5.0,10.0,0.0,0.0,6.0,1016.88,67.13,-15.59
2025-03-24 18:40:49.800000+00:00,64.81873025800785,,,,341.062,-0.062,-0.875,23.0,-79.062,-15.188,-43.0,0.006,0.04,-0.023,-0.06,-0.1,9.17,-0.09,-0.3,-0.63,0.02,0.2,9.8,2.14875,5.0,10.0,0.0,0.0,6.0,1016.88,67.13,-15.59
2025-03-24 18:40:50.797000+00:00,64.81873025800785,,,,341.062,-0.062,-0.875,23.0,-79.062,-15.188,-43.0,0.02,0.04,-0.039,-0.06,-0.1,9.17,-0.09,-0.3,-0.63,0.02,0.2,9.8,2.14875,5.0,10.0,0.0,0.0,6.0,1016.88,67.13,-15.59
2025-03-24 18:40:51.781000+00:00,64.81873025800785,,,,341.062,-0.062,-0.875,23.0,-79.062,-15.188,-43.0,0.004,0.019,-0.052,-0.06,-0.1,9.17,-0.09,-0.3,-0.63,0.02,0.2,9.8,2.14875,5.0,10.0,0.0,0.0,6.0,1016.88,67.13,-15.59
2025-03-24 18:40:52.843000+00:00,64.81873025800785,,,,341.062,-0.062,-0.875,23.0,-79.062,-15.188,-43.0,-0.002,-0.004,0.061,-0.06,-0.1,9.17,-0.09,-0.3,-0.63,0.02,0.2,9.8,2.14875,5.0,10.0,0.0,0.0,6.0,1016.88,67.13,-15.59
2025-03-24 18:40:53.807000+00:00,64.81873025800785,,,,341.062,-0.062,-0.875,23.0,-79.062,-15.188,-43.0,0.022,-0.008,0.05,-0.06,-0.1,9.17,-0.09,-0.3,-0.63,0.02,0.2,9.8,2.14875,5.0,10.0,0.0,0.0,6.0,1016.88,67.13,-15.59
2025-03-24 18:40:54.827000+00:00,64.81873025800785,,,,341.062,-0.062,-0.875,23.0,-79.062,-15.188,-43.0,-0.003,0.034,0.011,-0.06,-0.1,9.17,-0.09,-0.3,-0.63,0.02,0.2,9.8,2.14875,5.0,10.0,0.0,0.0,6.0,1016.88,67.13,-15.59
2025-03-24 18:40:55.950000+00:00,64.81873025800785,,,,341.062,-0.062,-0.875,23.0,-79.062,-15.188,-43.0,0.041,0.012,0.104,-0.06,-0.1,9.17,-0.09,-0.3,-0.63,0.02,0.2,9.8,2.14875,5.0,10.0,0.0,0.0,6.0,1016.88,67.13,-15.59
2025-03-24 18:40:57.087000+00:00,64.81873025800785,,,,341.062,-0.062,-0.875,23.0,-79.062,-15.188,-43.0,0.0,-0.023,0.01,-0.06,-0.1,9.17,-0.09,-0.3,-0.63,0.02,0.2,9.8,2.14875,5.0,10.0,0.0,0.0,6.0,1016.88,67.13,-15.59
2025-03-24 18:40:58.156000+00:00,64.81873025800785,,,,341.062,-0.062,-0.875,23.0,-79.062,-15.188,-43.0,0.038,-0.05,0.039,-0.06,-0.1,9.17,-0.09,-0.3,-0.63,0.02,0.2,9.8,2.14875,5.0,10.0,0.0,0.0,6.0,1016.88,67.13,-15.59
2025-03-24 18:40:58.870000+00:00,64.81873025800785,,,,341.062,-0.062,-0.875,23.0,-79.062,-15.188,-43.0,-0.008,0.001,0.036,-0.06,-0.1,9.17,-0.09,-0.3,-0.63,0.02,0.2,9.8,2.14875,5.0,10.0,0.0,0.0,6.0,1016.88,67.13,-15.59
2025-03-24 18:40:59.870000+00:00,64.81873025800785,,,,341.062,-0.062,-0.875,23.0,-79.062,-15.188,-43.0,-0.02,0.011,-0.009,-0.06,-0.1,9.17,-0.09,-0.3,-0.63,0.02,0.2,9.8,2.14875,5.0,10.0,0.0,0.0,6.0,1016.88,67.13,-15.59
2025-03-24 18:41:00.879000+00:00,64.81873025800785,,,,341.062,-0.062,-0.875,23.0,-79.062,-15.188,-43.0,0.008,0.036,-0.008,-0.06,-0.1,9.17,-0.09,-0.3,-0.63,0.02,0.2,9.8,2.14875,5.0,10.0,0.0,0.0,6.0,1016.88,67.13,-15.59
2025-03-24 18:41:01.900000+00:00,64.81873025800785,,,,341.062,-0.062,-0.875,23.0,-79.062,-15.188,-43.0,0.018,-0.032,-0.016,-0.06,-0.1,9.17,-0.09,-0.3,-0.63,0.02,0.2,9.8,2.14875,5.0,10.0,0.0,0.0,6.0,1016.88,67.13,-15.59
2025-03-24 18:41:02.906000+00:00,64.81873025800785,,,,341.062,-0.062,-0.875,23.0,-79.062,-15.188,-43.0,-0.002,-0.011,-0.048,-0.06,-0.1,9.17,-0.09,-0.3,-0.63,0.02,0.2,9.8,2.14875,5.0,10.0,0.0,0.0,6.0,1016.88,67.13,-15.59
2025-03-24 18:41:03.920000+00:00,64.81873025800785,,,,341.062,-0.062,-0.875,23.0,-79.062,-15.188,-43.0,0.003,0.042,0.011,-0.06,-0.1,9.17,-0.09,-0.3,-0.63,0.02,0.2,9.8,2.14875,5.0,10.0,0.0,0.0,6.0,1016.88,67.13,-15.59
2025-03-24 18:41:04.979000+00:00,64.81873025800785,,,,341.062,-0.062,-0.875,23.0,-79.062,-15.188,-43.0,-0.004,-0.047,-0.012,-0.06,-0.1,9.17,-0.09,-0.3,-0.63,0.02,0.2,9.8,2.14875,5.0,10.0,0.0,0.0,6.0,1016.88,67.13,-15.59
2025-03-24 18:41:06.140000+00:00,64.81873025800785,,,,341.062,-0.062,-0.875,23.0,-79.062,-15.188,-43.0,0.028,0.001,-0.002,-0.06,-0.1,9.17,-0.09,-0.3,-0.63,0.02,0.2,9.8,2.14875,5.0,10.0,0.0,0.0,6.0,1016.88,67.13,-15.59
2025-03-24 18:41:06.921000+00:00,64.81873025800785,,,,341.062,-0.062,-0.875,23.0,-79.062,-15.188,-43.0,-0.022,-0.007,-0.04,-0.06,-0.1,9.17,-0.09,-0.3,-0.63,0.02,0.2,9.8,2.14875,5.0,10.0,0.0,0.0,6.0,1016.88,67.13,-15.59
2025-03-24 18:41:07.939000+00:00,64.81873025800785,,,,341.062,-0.062,-0.875,23.0,-79.062,-15.188,-43.0,0.002,-0.034,0.046,-0.06,-0.1,9.17,-0.09,-0.3,-0.63,0.02,0.2,9.8,2.14875,5.0,10.0,0.0,0.0,6.0,1016.88,67.13,-15.59
2025-03-24 18:41:08.946000+00:00,64.81873025800785,,,,341.062,-0.062,-0.875,23.0,-79.062,-15.188,-43.0,-0.006,0.01,0.033,-0.06,-0.1,9.17,-0.09,-0.3,-0.63,0.02,0.2,9.8,2.14875,5.0,10.0,0.0,0.0,6.0,1016.88,67.13,-15.59
2025-03-24 18:40:09.714000+00:00,64.81873025800785,,,,341.062,-0.062,-0.875,23.0,-79.062,-15.188,-43.0,-0.006,0.01,0.033,-0.06,-0.1,9.17,-0.09,-0.3,-0.63,0.02,0.2,9.8,2.14875,5.0,10.0,0.0,0.0,6.0,1016.88,67.13,-15.59
2025-03-24 18:40:10.455000+00:00,64.81873025800785,,,,341.062,-0.062,-0.875,23.0,-79.062,-15.188,-43.0,-0.006,0.01,0.033,-0.66,0.85,9.74,-0.09,-0.3,-0.63,0.02,0.2,9.8,2.14875,5.0,10.0,0.0,0.0,6.0,1016.88,67.13,-15.59
2025-03-24 18:40:11.455000+00:00,64.81873025800785,,,,341.062,-0.062,-0.875,23.0,-79.062,-15.188,-43.0,-0.006,0.01,0.033,-0.05,0.24,9.5,-0.09,-0.3,-0.63,0.02,0.2,9.8,2.14875,5.0,10.0,0.0,0.0,6.0,1016.88,67.13,-15.59
2025-03-24 18:40:12.491000+00:00,64.81873025800785,,,,341.062,-0.062,-0.875,23.0,-79.062,-15.188,-43.0,-0.006,0.01,0.033,-0.68,0.69,9.5,-0.09,-0.3,-0.63,0.02,0.2,9.8,2.14875,5.0,10.0,0.0,0.0,6.0,1016.88,67.13,-15.59
2025-03-24 18:40:13.487000+00:00,64.81873025800785,,,,341.062,-0.062,-0.875,23.0,-79.062,-15.188,-43.0,-0.006,0.01,0.033,0.03,0.57,9.46,-0.09,-0.3,-0.63,0.02,0.2,9.8,2.14875,5.0,10.0,0.0,0.0,6.0,1016.88,67.13,-15.59
2025-03-24 18:40:14.508000+00:00,64.81873025800785,,,,341.062,-0.062,-0.875,23.0,-79.062,-15.188,-43.0,-0.006,0.01,0.033,0.15,0.17,9.55,-0.09,-0.3,-0.63,0.02,0.2,9.8,2.14875,5.0,10.0,0.0,0.0,6.0,1016.88,67.13,-15.59
2025-03-24 18:40:15.496000+00:00,64.81873025800785,,,,341.062,-0.062,-0.875,23.0,-79.062,-15.188,-43.0,-0.006,0.01,0.033,0.39,-0.2,9.5,-0.09,-0.3,-0.63,0.02,0.2,9.8,2.14875,5.0,10.0,0.0,0.0,6.0,1016.88,67.13,-15.59
2025-03-24 18:40:16.550000+00:00,64.81873025800785,,,,341.062,-0.062,-0.875,23.0,-79.062,-15.188,-43.0,-0.006,0.01,0.033,0.04,-0.03,9.16,-0.09,-0.3,-0.63,0.02,0.2,9.8,2.14875,5.0,10.0,0.0,0.0,6.0,1016.88,67.13,-15.59
2025-03-24 18:40:17.534000+00:00,64.81873025800785,,,,341.062,-0.062,-0.875,23.0,-79.062,-15.188,-43.0,-0.006,0.01,0.033,0.1,0.0,9.38,-0.09,-0.3,-0.63,0.02,0.2,9.8,2.14875,5.0,10.0,0.0,0.0,6.0,1016.88,67.13,-15.59
2025-03-24 18:40:18.580000+00:00,64.81873025800785,,,,341.062,-0.062,-0.875,23.0,-79.062,-15.188,-43.0,-0.006,0.01,0.033,0.14,-0.07,9.31,-0.09,-0.3,-0.63,0.02,0.2,9.8,2.14875,5.0,10.0,0.0,0.0,6.0,1016.88,67.13,-15.59
2025-03-24 18:40:19.706000+00:00,64.81873025800785,,,,341.062,-0.062,-0.875,23.0,-79.062,-15.188,-43.0,-0.006,0.01,0.033,-0.32,-0.17,9.65,-0.09,-0.3,-0.63,0.02,0.2,9.8,2.14875,5.0,10.0,0.0,0.0,6.0,1016.88,67.13,-15.59
2025-03-24 18:40:20.843000+00:00,64.81873025800785,,,,341.062,-0.062,-0.875,23.0,-79.062,-15.188,-43.0,-0.006,0.01,0.033,-0.55,-0.19,9.41,-0.09,-0.3,-0.63,0.02,0.2,9.8,2.14875,5.0,10.0,0.0,0.0,6.0,1016.88,67.13,-15.59
2025-03-24 18:40:21.570000+00:00,64.81873025800785,,,,341.062,-0.062,-0.875,23.0,-79.062,-15.188,-43.0,-0.006,0.01,0.033,0.37,0.45,9.07,-0.09,-0.3,-0.63,0.02,0.2,9.8,2.14875,5.0,10.0,0.0,0.0,6.0,1016.88,67.13,-15.59
2025-03-24 18:40:22.580000+00:00,64.81873025800785,,,,341.062,-0.062,-0.875,23.0,-79.062,-15.188,-43.0,-0.006,0.01,0.033,-0.21,0.62,9.5,-0.09,-0.3,-0.63,0.02,0.2,9.8,2.14875,5.0,10.0,0.0,0.0,6.0,1016.88,67.13,-15.59
2025-03-24 18:40:23.562000+00:00,64.81873025800785,,,,341.062,-0.062,-0.875,23.0,-79.062,-15.188,-43.0,-0.006,0.01,0.033,0.35,0.23,9.12,-0.09,-0.3,-0.63,0.02,0.2,9.8,2.14875,5.0,10.0,0.0,0.0,6.0,1016.88,67.13,-15.59
2025-03-24 18:40:24.603000+00:00,64.81873025800785,,,,341.062,-0.062,-0.875,23.0,-79.062,-15.188,-43.0,-0.006,0.01,0.033,0.18,0.15,9.27,-0.09,-0.3,-0.63,0.02,0.2,9.8,2.14875,5.0,10.0,0.0,0.0,6.0,1016.88,67.13,-15.59
2025-03-24 18:40:25.620000+00:00,64.81873025800785,,,,341.062,-0.062,-0.875,23.0,-79.062,-15.188,-43.0,-0.006,0.01,0.033,-0.04,0.29,9.66,-0.09,-0.3,-0.63,0.02,0.2,9.8,2.14875,5.0,10.0,0.0,0.0,6.0,1016.88,67.13,-15.59
2025-03-24 18:40:26.612000+00:00,64.81873025800785,,,,341.062,-0.062,-0.875,23.0,-79.062,-15.188,-43.0,-0.006,0.01,0.033,0.11,0.18,9.24,-0.09,-0.3,-0.63,0.02,0.2,9.8,2.14875,5.0,10.0,0.0,0.0,6.0,1016.88,67.13,-15.59
2025-03-24 18:40:27.654000+00:00,64.81873025800785,,,,341.062,-0.062,-0.875,23.0,-79.062,-15.188,-43.0,-0.006,0.01,0.033,-0.87,0.5,9.5,-0.09,-0.3,-0.63,0.02,0.2,9.8,2.14875,5.0,10.0,0.0,0.0,6.0,1016.88,67.13,-15.59
2025-03-24 18:40:28.623000+00:00,64.81873025800785,,,,341.062,-0.062,-0.875,23.0,-79.062,-15.188,-43.0,-0.006,0.01,0.033,-0.17,1.18,8.98,-0.09,-0.3,-0.63,0.02,0.2,9.8,2.14875,5.0,10.0,0.0,0.0,6.0,1016.88,67.13,-15.59
2025-03-24 18:40:29.654000+00:00,64.81873025800785,,,,341.062,-0.062,-0.875,23.0,-79.062,-15.188,-43.0,-0.006,0.01,0.033,-0.23,0.48,9.56,-0.09,-0.3,-0.63,0.02,0.2,9.8,2.14875,5.0,10.0,0.0,0.0,6.0,1016.88,67.13,-15.59
2025-03-24 18:40:30.663000+00:00,64.81873025800785,,,,341.062,-0.062,-0.875,23.0,-79.062,-15.188,-43.0,-0.006,0.01,0.033,-0.41,0.37,9.45,-0.09,-0.3,-0.63,0.02,0.2,9.8,2.14875,5.0,10.0,0.0,0.0,6.0,1016.88,67.13,-15.59
2025-03-24 18:40:31.702000+00:00,64.81873025800785,,,,341.062,-0.062,-0.875,23.0,-79.062,-15.188,-43.0,-0.006,0.01,0.033,-0.42,0.47,9.21,-0.09,-0.3,-0.63,0.02,0.2,9.8,2.14875,5.0,10.0,0.0,0.0,6.0,1016.88,67.13,-15.59
2025-03-24 18:40:32.845000+00:00,64.81873025800785,,,,341.062,-0.062,-0.875,23.0,-79.062,-15.188,-43.0,-0.006,0.01,0.033,-0.78,0.89,9.4,-0.09,-0.3,-0.63,0.02,0.2,9.8,2.14875,5.0,10.0,0.0,0.0,6.0,1016.88,67.13,-15.59
2025-03-24 18:40:34.040000+00:00,64.81873025800785,,,,341.062,-0.062,-0.875,23.0,-79.062,-15.188,-43.0,-0.006,0.01,0.033,0.11,0.39,9.65,-0.09,-0.3,-0.63,0.02,0.2,9.8,2.14875,5.0,10.0,0.0,0.0,6.0,1016.88,67.13,-15.59
2025-03-24 18:40:34.693000+00:00,64.81873025800785,,,,341.062,-0.062,-0.875,23.0,-79.062,-15.188,-43.0,-0.006,0.01,0.033,0.29,-0.18,9.61,-0.09,-0.3,-0.63,0.02,0.2,9.8,2.14875,5.0,10.0,0.0,0.0,6.0,1016.88,67.13,-15.59
2025-03-24 18:40:35.694000+00:00,64.81873025800785,,,,341.062,-0.062,-0.875,23.0,-79.062,-15.188,-43.0,-0.006,0.01,0.033,-0.81,0.37,9.59,-0.09,-0.3,-0.63,0.02,0.2,9.8,2.14875,5.0,10.0,0.0,0.0,6.0,1016.88,67.13,-15.59
2025-03-24 18:40:36.706000+00:00,64.81873025800785,,,,341.062,-0.062,-0.875,23.0,-79.062,-15.188,-43.0,-0.006,0.01,0.033,0.11,-0.19,9.79,-0.09,-0.3,-0.63,0.02,0.2,9.8,2.14875,5.0,10.0,0.0,0.0,6.0,1016.88,67.13,-15.59
2025-03-24 18:40:37.702000+00:00,64.81873025800785,,,,341.062,-0.062,-0.875,23.0,-79.062,-15.188,-43.0,-0.006,0.01,0.033,0.39,-0.32,9.57,-0.09,-0.3,-0.63,0.02,0.2,9.8,2.14875,5.0,10.0,0.0,0.0,6.0,1016.88,67.13,-15.59
2025-03-24 18:40:38.736000+00:00,64.81873025800785,,,,341.062,-0.062,-0.875,23.0,-79.062,-15.188,-43.0,-0.006,0.01,0.033,-1.18,0.72,9.43,-0.09,-0.3,-0.63,0.02,0.2,9.8,2.14875,5.0,10.0,0.0,0.0,6.0,1016.88,67.13,-15.59
2025-03-24 18:40:39.723000+00:00,64.81873025800785,,,,341.062,-0.062,-0.875,23.0,-79.062,-15.188,-43.0,-0.006,0.01,0.033,-0.27,0.46,9.79,-0.09,-0.3,-0.63,0.02,0.2,9.8,2.14875,5.0,10.0,0.0,0.0,6.0,1016.88,67.13,-15.59
2025-03-24 18:40:40.742000+00:00,64.81873025800785,,,,341.062,-0.062,-0.875,23.0,-79.062,-15.188,-43.0,-0.006,0.01,0.033,-0.11,-0.05,9.29,-0.09,-0.3,-0.63,0.02,0.2,9.8,2.14875,5.0,10.0,0.0,0.0,6.0,1016.88,67.13,-15.59
2025-03-24 18:40:41.743000+00:00,64.81873025800785,,,,341.062,-0.062,-0.875,23.0,-79.062,-15.188,-43.0,-0.006,0.01,0.033,0.21,0.22,9.3,-0.09,-0.3,-0.63,0.02,0.2,9.8,2.14875,5.0,10.0,0.0,0.0,6.0,1016.88,67.13,-15.59
2025-03-24 18:40:42.762000+00:00,64.81873025800785,,,,341.062,-0.062,-0.875,23.0,-79.062,-15.188,-43.0,-0.006,0.01,0.033,-0.44,-0.37,9.53,-0.09,-0.3,-0.63,0.02,0.2,9.8,2.14875,5.0,10.0,0.0,0.0,6.0,1016.88,67.13,-15.59
2025-03-24 18:40:43.769000+00:00,64.81873025800785,,,,341.062,-0.062,-0.875,23.0,-79.062,-15.188,-43.0,-0.006,0.01,0.033,0.21,0.4,9.61,-0.09,-0.3,-0.63,0.02,0.2,9.8,2.14875,5.0,10.0,0.0,0.0,6.0,1016.88,67.13,-15.59
2025-03-24 18:40:44.784000+00:00,64.81873025800785,,,,341.062,-0.062,-0.875,23.0,-79.062,-15.188,-43.0,-0.006,0.01,0.033,-0.05,-0.29,9.66,-0.09,-0.3,-0.63,0.02,0.2,9.8,2.14875,5.0,10.0,0.0,0.0,6.0,1016.88,67.13,-15.59
2025-03-24 18:40:45.821000+00:00,64.81873025800785,,,,341.062,-0.062,-0.875,23.0,-79.062,-15.188,-43.0,-0.006,0.01,0.033,-0.27,0.95,9.06,-0.09,-0.3,-0.63,0.02,0.2,9.8,2.14875,5.0,10.0,0.0,0.0,6.0,1016.88,67.13,-15.59
2025-03-24 18:40:46.792000+00:00,64.81873025800785,,,,341.062,-0.062,-0.875,23.0,-79.062,-15.188,-43.0,-0.006,0.01,0.033,-0.25,0.27,9.26,-0.09,-0.3,-0.63,0.02,0.2,9.8,2.14875,5.0,10.0,0.0,0.0,6.0,1016.88,67.13,-15.59
2025-03-24 18:40:47.941000+00:00,64.81873025800785,,,,341.062,-0.062,-0.875,23.0,-79.062,-15.188,-43.0,-0.006,0.01,0.033,0.27,0.13,9.49,-0.09,-0.3,-0.63,0.02,0.2,9.8,2.14875,5.0,10.0,0.0,0.0,6.0,1016.88,67.13,-15.59
2025-03-24 18:40:49.091000+00:00,64.81873025800785,,,,341.062,-0.062,-0.875,23.0,-79.062,-15.188,-43.0,-0.006,0.01,0.033,-0.07,-0.53,9.38,-0.09,-0.3,-0.63,0.02,0.2,9.8,2.14875,5.0,10.0,0.0,0.0,6.0,1016.88,67.13,-15.59
2025-03-24 18:40:49.860000+00:00,64.81873025800785,,,,341.062,-0.062,-0.875,23.0,-79.062,-15.188,-43.0,-0.006,0.01,0.033,-0.86,0.45,9.54,-0.09,-0.3,-0.63,0.02,0.2,9.8,2.14875,5.0,10.0,0.0,0.0,6.0,1016.88,67.13,-15.59
2025-03-24 18:40:50.857000+00:00,64.81873025800785,,,,341.062,-0.062,-0.875,23.0,-79.062,-15.188,-43.0,-0.006,0.01,0.033,0.37,0.18,9.42,-0.09,-0.3,-0.63,0.02,0.2,9.8,2.14875,5.0,10.0,0.0,0.0,6.0,1016.88,67.13,-15.59
2025-03-24 18:40:51.832000+00:00,64.81873025800785,,,,341.062,-0.062,-0.875,23.0,-79.062,-15.188,-43.0,-0.006,0.01,0.033,-0.19,-0.21,9.5,-0.09,-0.3,-0.63,0.02,0.2,9.8,2.14875,5.0,10.0,0.0,0.0,6.0,1016.88,67.13,-15.59
2025-03-24 18:40:52.890000+00:00,64.81873025800785,,,,341.062,-0.062,-0.875,23.0,-79.062,-15.188,-43.0,-0.006,0.01,0.033,0.05,0.52,9.26,-0.09,-0.3,-0.63,0.02,0.2,9.8,2.14875,5.0,10.0,0.0,0.0,6.0,1016.88,67.13,-15.59
2025-03-24 18:40:53.860000+00:00,64.81873025800785,,,,341.062,-0.062,-0.875,23.0,-79.062,-15.188,-43.0,-0.006,0.01,0.033,0.08,0.22,9.42,-0.09,-0.3,-0.63,0.02,0.2,9.8,2.14875,5.0,10.0,0.0,0.0,6.0,1016.88,67.13,-15.59
2025-03-24 18:40:54.880000+00:00,64.81873025800785,,,,341.062,-0.062,-0.875,23.0,-79.062,-15.188,-43.0,-0.006,0.01,0.033,0.5,0.24,9.36,-0.09,-0.3,-0.63,0.02,0.2,9.8,2.14875,5.0,10.0,0.0,0.0,6.0,1016.88,67.13,-15.59
2025-03-24 18:40:56.006000+00:00,64.81873025800785,,,,341.062,-0.062,-0.875,23.0,-79.062,-15.188,-43.0,-0.006,0.01,0.033,-0.24,0.7,9.6,-0.09,-0.3,-0.63,0.02,0.2,9.8,2.14875,5.0,10.0,0.0,0.0,6.0,1016.88,67.13,-15.59
2025-03-24 18:40:57.150000+00:00,64.81873025800785,,,,341.062,-0.062,-0.875,23.0,-79.062,-15.188,-43.0,-0.006,0.01,0.033,-0.59,0.5,9.23,-0.09,-0.3,-0.63,0.02,0.2,9.8,2.14875,5.0,10.0,0.0,0.0,6.0,1016.88,67.13,-15.59
2025-03-24 18:40:58.216000+00:00,64.81873025800785,,,,341.062,-0.062,-0.875,23.0,-79.062,-15.188,-43.0,-0.006,0.01,0.033,0.06,-0.03,9.27,-0.09,-0.3,-0.63,0.02,0.2,9.8,2.14875,5.0,10.0,0.0,0.0,6.0,1016.88,67.13,-15.59
2025-03-24 18:40:58.929000+00:00,64.81873025800785,,,,341.062,-0.062,-0.875,23.0,-79.062,-15.188,-43.0,-0.006,0.01,0.033,-0.75,0.4,9.17,-0.09,-0.3,-0.63,0.02,0.2,9.8,2.14875,5.0,10.0,0.0,0.0,6.0,1016.88,67.13,-15.59
2025-03-24 18:40:59.920000+00:00,64.81873025800785,,,,341.062,-0.062,-0.875,23.0,-79.062,-15.188,-43.0,-0.006,0.01,0.033,0.0,0.43,9.3,-0.09,-0.3,-0.63,0.02,0.2,9.8,2.14875,5.0,10.0,0.0,0.0,6.0,1016.88,67.13,-15.59
2025-03-24 18:41:00.930000+00:00,64.81873025800785,,,,341.062,-0.062,-0.875,23.0,-79.062,-15.188,-43.0,-0.006,0.01,0.033,-0.86,0.33,9.12,-0.09,-0.3,-0.63,0.02,0.2,9.8,2.14875,5.0,10.0,0.0,0.0,6.0,1016.88,67.13,-15.59
2025-03-24 18:41:01.960000+00:00,64.81873025800785,,,,341.062,-0.062,-0.875,23.0,-79.062,-15.188,-43.0,-0.006,0.01,0.033,-0.23,1.06,9.4,-0.09,-0.3,-0.63,0.02,0.2,9.8,2.14875,5.0,10.0,0.0,0.0,6.0,1016.88,67.13,-15.59
2025-03-24 18:41:02.959000+00:00,64.81873025800785,,,,341.062,-0.062,-0.875,23.0,-79.062,-15.188,-43.0,-0.006,0.01,0.033,-0.02,0.11,9.14,-0.09,-0.3,-0.63,0.02,0.2,9.8,2.14875,5.0,10.0,0.0,0.0,6.0,1016.88,67.13,-15.59
2025-03-24 18:41:03.969000+00:00,64.81873025800785,,,,341.062,-0.062,-0.875,23.0,-79.062,-15.188,-43.0,-0.006,0.01,0.033,-0.22,0.34,9.25,-0.09,-0.3,-0.63,0.02,0.2,9.8,2.14875,5.0,10.0,0.0,0.0,6.0,1016.88,67.13,-15.59
2025-03-24 18:41:05.040000+00:00,64.81873025800785,,,,341.062,-0.062,-0.875,23.0,-79.062,-15.188,-43.0,-0.006,0.01,0.033,-0.41,0.27,9.13,-0.09,-0.3,-0.63,0.02,0.2,9.8,2.14875,5.0,10.0,0.0,0.0,6.0,1016.88,67.13,-15.59
2025-03-24 18:41:06.189000+00:00,64.81873025800785,,,,341.062,-0.062,-0.875,23.0,-79.062,-15.188,-43.0,-0.006,0.01,0.033,-0.09,0.8,9.39,-0.09,-0.3,-0.63,0.02,0.2,9.8,2.14875,5.0,10.0,0.0,0.0,6.0,1016.88,67.13,-15.59
2025-03-24 18:41:06.969000+00:00,64.81873025800785,,,,341.062,-0.062,-0.875,23.0,-79.062,-15.188,-43.0,-0.006,0.01,0.033,-0.17,0.2,9.38,-0.09,-0.3,-0.63,0.02,0.2,9.8,2.14875,5.0,10.0,0.0,0.0,6.0,1016.88,67.13,-15.59
2025-03-24 18:41:07.990000+00:00,64.81873025800785,,,,341.062,-0.062,-0.875,23.0,-79.062,-15.188,-43.0,-0.006,0.01,0.033,0.67,0.18,9.61,-0.09,-0.3,-0.63,0.02,0.2,9.8,2.14875,5.0,10.0,0.0,0.0,6.0,1016.88,67.13,-15.59
2025-03-24 18:41:09+00:00,64.81873025800785,,,,341.062,-0.062,-0.875,23.0,-79.062,-15.188,-43.0,-0.006,0.01,0.033,-0.56,0.06,9.16,-0.09,-0.3,-0.63,0.02,0.2,9.8,2.14875,5.0,10.0,0.0,0.0,6.0,1016.88,67.13,-15.59
2025-03-24 18:40:09.764000+00:00,64.81873025800785,,,,341.062,-0.062,-0.875,23.0,-79.062,-15.188,-43.0,-0.006,0.01,0.033,-0.56,0.06,9.16,-0.09,-0.3,-0.63,0.02,0.2,9.8,2.14875,5.0,10.0,0.0,0.0,6.0,1016.88,67.13,-15.59
2025-03-24 18:40:10.509000+00:00,64.81873025800785,,,,341.062,-0.062,-0.875,23.0,-79.062,-15.188,-43.0,-0.006,0.01,0.033,-0.56,0.06,9.16,-0.68,0.64,-0.06,0.02,0.2,9.8,2.14875,5.0,10.0,0.0,0.0,6.0,1016.88,67.13,-15.59
2025-03-24 18:40:11.505000+00:00,64.81873025800785,,,,341.062,-0.062,-0.875,23.0,-79.062,-15.188,-43.0,-0.006,0.01,0.033,-0.56,0.06,9.16,-0.07,0.05,-0.29,0.02,0.2,9.8,2.14875,5.0,10.0,0.0,0.0,6.0,1016.88,67.13,-15.59
2025-03-24 18:40:12.544000+00:00,64.81873025800785,,,,341.062,-0.062,-0.875,23.0,-79.062,-15.188,-43.0,-0.006,0.01,0.033,-0.56,0.06,9.16,-0.69,0.48,-0.29,0.02,0.2,9.8,2.14875,5.0,10.0,0.0,0.0,6.0,1016.88,67.13,-15.59
2025-03-24 18:40:13.537000+00:00,64.81873025800785,,,,341.062,-0.062,-0.875,23.0,-79.062,-15.188,-43.0,-0.006,0.01,0.033,-0.56,0.06,9.16,0.02,0.38,-0.34,0.02,0.2,9.8,2.14875,5.0,10.0,0.0,0.0,6.0,1016.88,67.13,-15.59
2025-03-24 18:40:14.558000+00:00,64.81873025800785,,,,341.062,-0.062,-0.875,23.0,-79.062,-15.188,-43.0,-0.006,0.01,0.033,-0.56,0.06,9.16,0.14,-0.04,-0.24,0.02,0.2,9.8,2.14875,5.0,10.0,0.0,0.0,6.0,1016.88,67.13,-15.59
2025-03-24 18:40:15.544000+00:00,64.81873025800785,,,,341.062,-0.062,-0.875,23.0,-79.062,-15.188,-43.0,-0.006,0.01,0.033,-0.56,0.06,9.16,0.37,-0.41,-0.3,0.02,0.2,9.8,2.14875,5.0,10.0,0.0,0.0,6.0,1016.88,67.13,-15.59
2025-03-24 18:40:16.610000+00:00,64.81873025800785,,,,341.062,-0.062,-0.875,23.0,-79.062,-15.188,-43.0,-0.006,0.01,0.033,-0.56,0.06,9.16,0.02,-0.26,-0.63,0.02,0.2,9.8,2.14875,5.0,10.0,0.0,0.0,6.0,1016.88,67.13,-15.59
2025-03-24 18:40:17.594000+00:00,64.81873025800785,,,,341.062,-0.062,-0.875,23.0,-79.062,-15.188,-43.0,-0.006,0.01,0.033,-0.56,0.06,9.16,0.07,-0.21,-0.42,0.02,0.2,9.8,2.14875,5.0,10.0,0.0,0.0,6.0,1016.88,67.13,-15.59
2025-03-24 18:40:18.640000+00:00,64.81873025800785,,,,341.062,-0.062,-0.875,23.0,-79.062,-15.188,-43.0,-0.006,0.01,0.033,-0.56,0.06,9.16,0.12,-0.26,-0.49,0.02,0.2,9.8,2.14875,5.0,10.0,0.0,0.0,6.0,1016.88,67.13,-15.59
2025-03-24 18:40:19.754000+00:00,64.81873025800785,,,,341.062,-0.062,-0.875,23.0,-79.062,-15.188,-43.0,-0.006,0.01,0.033,-0.56,0.06,9.16,-0.33,-0.35,-0.14,0.02,0.2,9.8,2.14875,5.0,10.0,0.0,0.0,6.0,1016.88,67.13,-15.59
2025-03-24 18:40:20.895000+00:00,64.81873025800785,,,,341.062,-0.062,-0.875,23.0,-79.062,-15.188,-43.0,-0.006,0.01,0.033,-0.56,0.06,9.16,-0.54,-0.34,-0.38,0.02,0.2,9.8,2.14875,5.0,10.0,0.0,0.0,6.0,1016.88,67.13,-15.59
2025-03-24 18:40:21.630000+00:00,64.81873025800785,,,,341.062,-0.062,-0.875,23.0,-79.062,-15.188,-43.0,-0.006,0.01,0.033,-0.56,0.06,9.16,0.36,0.27,-0.73,0.02,0.2,9.8,2.14875,5.0,10.0,0.0,0.0,6.0,1016.88,67.13,-15.59
2025-03-24 18:40:22.632000+00:00,64.81873025800785,,,,341.062,-0.062,-0.875,23.0,-79.062,-15.188,-43.0,-0.006,0.01,0.033,-0.56,0.06,9.16,0.13,0.4,-0.32,0.02,0.2,9.8,2.14875,5.0,10.0,0.0,0.0,6.0,1016.88,67.13,-15.59
2025-03-24 18:40:23.620000+00:00,64.81873025800785,,,,341.062,-0.062,-0.875,23.0,-79.062,-15.188,-43.0,-0.006,0.01,0.033,-0.56,0.06,9.16,-0.72,0.5,-0.45,0.02,0.2,9.8,2.14875,5.0,10.0,0.0,0.0,6.0,1016.88,67.13,-15.59
2025-03-24 18:40:24.653000+00:00,64.81873025800785,,,,341.062,-0.062,-0.875,23.0,-79.062,-15.188,-43.0,-0.006,0.01,0.033,-0.56,0.06,9.16,0.02,-0.29,-0.28,0.02,0.2,9.8,2.14875,5.0,10.0,0.0,0.0,6.0,1016.88,67.13,-15.59
2025-03-24 18:40:25.674000+00:00,64.81873025800785,,,,341.062,-0.062,-0.875,23.0,-79.062,-15.188,-43.0,-0.006,0.01,0.033,-0.56,0.06,9.16,-1.2,-0.26,-0.08,0.02,0.2,9.8,2.14875,5.0,10.0,0.0,0.0,6.0,1016.88,67.13,-15.59
2025-03-24 18:40:26.669000+00:00,64.81873025800785,,,,341.062,-0.062,-0.875,23.0,-79.062,-15.188,-43.0,-0.006,0.01,0.033,-0.56,0.06,9.16,0.09,0.03,-0.55,0.02,0.2,9.8,2.14875,5.0,10.0,0.0,0.0,6.0,1016.88,67.13,-15.59
2025-03-24 18:40:27.703000+00:00,64.81873025800785,,,,341.062,-0.062,-0.875,23.0,-79.062,-15.188,-43.0,-0.006,0.01,0.033,-0.56,0.06,9.16,-0.87,0.35,-0.29,0.02,0.2,9.8,2.14875,5.0,10.0,0.0,0.0,6.0,1016.88,67.13,-15.59
2025-03-24 18:40:28.673000+00:00,64.81873025800785,,,,341.062,-0.062,-0.875,23.0,-79.062,-15.188,-43.0,-0.006,0.01,0.033,-0.56,0.06,9.16,-0.16,1.02,-0.81,0.02,0.2,9.8,2.14875,5.0,10.0,0.0,0.0,6.0,1016.88,67.13,-15.59
2025-03-24 18:40:29.704000+00:00,64.81873025800785,,,,341.062,-0.062,-0.875,23.0,-79.062,-15.188,-43.0,-0.006,0.01,0.033,-0.56,0.06,9.16,-0.23,0.31,-0.24,0.02,0.2,9.8,2.14875,5.0,10.0,0.0,0.0,6.0,1016.88,67.13,-15.59
2025-03-24 18:40:30.714000+00:00,64.81873025800785,,,,341.062,-0.062,-0.875,23.0,-79.062,-15.188,-43.0,-0.006,0.01,0.033,-0.56,0.06,9.16,-0.4,0.19,-0.35,0.02,0.2,9.8,2.14875,5.0,10.0,0.0,0.0,6.0,1016.88,67.13,-15.59
2025-03-24 18:40:31.754000+00:00,64.81873025800785,,,,341.062,-0.062,-0.875,23.0,-79.062,-15.188,-43.0,-0.006,0.01,0.033,-0.56,0.06,9.16,-0.41,0.28,-0.59,0.02,0.2,9.8,2.14875,5.0,10.0,0.0,0.0,6.0,1016.88,67.13,-15.59
2025-03-24 18:40:32.894000+00:00,64.81873025800785,,,,341.062,-0.062,-0.875,23.0,-79.062,-15.188,-43.0,-0.006,0.01,0.033,-0.56,0.06,9.16,-1.08,0.96,-0.34,0.02,0.2,9.8,2.14875,5.0,10.0,0.0,0.0,6.0,1016.88,67.13,-15.59
2025-03-24 18:40:34.100000+00:00,64.81873025800785,,,,341.062,-0.062,-0.875,23.0,-79.062,-15.188,-43.0,-0.006,0.01,0.033,-0.56,0.06,9.16,-0.8,0.07,-0.59,0.02,0.2,9.8,2.14875,5.0,10.0,0.0,0.0,6.0,1016.88,67.13,-15.59
2025-03-24 18:40:34.744000+00:00,64.81873025800785,,,,341.062,-0.062,-0.875,23.0,-79.062,-15.188,-43.0,-0.006,0.01,0.033,-0.56,0.06,9.16,0.32,-0.36,-0.18,0.02,0.2,9.8,2.14875,5.0,10.0,0.0,0.0,6.0,1016.88,67.13,-15.59
2025-03-24 18:40:35.744000+00:00,64.81873025800785,,,,341.062,-0.062,-0.875,23.0,-79.062,-15.188,-43.0,-0.006,0.01,0.033,-0.56,0.06,9.16,-0.77,0.18,-0.2,0.02,0.2,9.8,2.14875,5.0,10.0,0.0,0.0,6.0,1016.88,67.13,-15.59
2025-03-24 18:40:36.759000+00:00,64.81873025800785,,,,341.062,-0.062,-0.875,23.0,-79.062,-15.188,-43.0,-0.006,0.01,0.033,-0.56,0.06,9.16,0.13,-0.37,-0.01,0.02,0.2,9.8,2.14875,5.0,10.0,0.0,0.0,6.0,1016.88,67.13,-15.59
2025-03-24 18:40:37.754000+00:00,64.81873025800785,,,,341.062,-0.062,-0.875,23.0,-79.062,-15.188,-43.0,-0.006,0.01,0.033,-0.56,0.06,9.16,0.41,-0.49,-0.23,0.02,0.2,9.8,2.14875,5.0,10.0,0.0,0.0,6.0,1016.88,67.13,-15.59
2025-03-24 18:40:38.782000+00:00,64.81873025800785,,,,341.062,-0.062,-0.875,23.0,-79.062,-15.188,-43.0,-0.006,0.01,0.033,-0.56,0.06,9.16,-1.17,0.53,-0.36,0.02,0.2,9.8,2.14875,5.0,10.0,0.0,0.0,6.0,1016.88,67.13,-15.59
2025-03-24 18:40:39.772000+00:00,64.81873025800785,,,,341.062,-0.062,-0.875,23.0,-79.062,-15.188,-43.0,-0.006,0.01,0.033,-0.56,0.06,9.16,-0.25,0.28,-0.01,0.02,0.2,9.8,2.14875,5.0,10.0,0.0,0.0,6.0,1016.88,67.13,-15.59
2025-03-24 18:40:40.799000+00:00,64.81873025800785,,,,341.062,-0.062,-0.875,23.0,-79.062,-15.188,-43.0,-0.006,0.01,0.033,-0.56,0.06,9.16,-0.09,-0.26,-0.51,0.02,0.2,9.8,2.14875,5.0,10.0,0.0,0.0,6.0,1016.88,67.13,-15.59
2025-03-24 18:40:41.798000+00:00,64.81873025800785,,,,341.062,-0.062,-0.875,23.0,-79.062,-15.188,-43.0,-0.006,0.01,0.033,-0.56,0.06,9.16,0.23,0.01,-0.49,0.02,0.2,9.8,2.14875,5.0,10.0,0.0,0.0,6.0,1016.88,67.13,-15.59
2025-03-24 18:40:42.821000+00:00,64.81873025800785,,,,341.062,-0.062,-0.875,23.0,-79.062,-15.188,-43.0,-0.006,0.01,0.033,-0.56,0.06,9.16,-0.42,-0.57,-0.27,0.02,0.2,9.8,2.14875,5.0,10.0,0.0,0.0,6.0,1016.88,67.13,-15.59
2025-03-24 18:40:43.829000+00:00,64.81873025800785,,,,341.062,-0.062,-0.875,23.0,-79.062,-15.188,-43.0,-0.006,0.01,0.033,-0.56,0.06,9.16,0.21,0.19,-0.18,0.02,0.2,9.8,2.14875,5.0,10.0,0.0,0.0,6.0,1016.88,67.13,-15.59
2025-03-24 18:40:44.831000+00:00,64.81873025800785,,,,341.062,-0.062,-0.875,23.0,-79.062,-15.188,-43.0,-0.006,0.01,0.033,-0.56,0.06,9.16,-0.04,-0.48,-0.13,0.02,0.2,9.8,2.14875,5.0,10.0,0.0,0.0,6.0,1016.88,67.13,-15.59
2025-03-24 18:40:45.873000+00:00,64.81873025800785,,,,341.062,-0.062,-0.875,23.0,-79.062,-15.188,-43.0,-0.006,0.01,0.033,-0.56,0.06,9.16,-0.24,0.74,-0.73,0.02,0.2,9.8,2.14875,5.0,10.0,0.0,0.0,6.0,1016.88,67.13,-15.59
2025-03-24 18:40:46.841000+00:00,64.81873025800785,,,,341.062,-0.062,-0.875,23.0,-79.062,-15.188,-43.0,-0.006,0.01,0.033,-0.56,0.06,9.16,-0.24,0.07,-0.53,0.02,0.2,9.8,2.14875,5.0,10.0,0.0,0.0,6.0,1016.88,67.13,-15.59
2025-03-24 18:40:47.991000+00:00,64.81873025800785,,,,341.062,-0.062,-0.875,23.0,-79.062,-15.188,-43.0,-0.006,0.01,0.033,-0.56,0.06,9.16,0.27,-0.04,-0.31,0.02,0.2,9.8,2.14875,5.0,10.0,0.0,0.0,6.0,1016.88,67.13,-15.59
2025-03-24 18:40:49.141000+00:00,64.81873025800785,,,,341.062,-0.062,-0.875,23.0,-79.062,-15.188,-43.0,-0.006,0.01,0.033,-0.56,0.06,9.16,-0.06,-0.72,-0.41,0.02,0.2,9.8,2.14875,5.0,10.0,0.0,0.0,6.0,1016.88,67.13,-15.59
2025-03-24 18:40:49.910000+00:00,64.81873025800785,,,,341.062,-0.062,-0.875,23.0,-79.062,-15.188,-43.0,-0.006,0.01,0.033,-0.56,0.06,9.16,-0.84,0.26,-0.25,0.02,0.2,9.8,2.14875,5.0,10.0,0.0,0.0,6.0,1016.88,67.13,-15.59
2025-03-24 18:40:50.910000+00:00,64.81873025800785,,,,341.062,-0.062,-0.875,23.0,-79.062,-15.188,-43.0,-0.006,0.01,0.033,-0.56,0.06,9.16,0.35,-0.01,-0.37,0.02,0.2,9.8,2.14875,5.0,10.0,0.0,0.0,6.0,1016.88,67.13,-15.59
2025-03-24 18:40:51.880000+00:00,64.81873025800785,,,,341.062,-0.062,-0.875,23.0,-79.062,-15.188,-43.0,-0.006,0.01,0.033,-0.56,0.06,9.16,-0.19,-0.4,-0.29,0.02,0.2,9.8,2.14875,5.0,10.0,0.0,0.0,6.0,1016.88,67.13,-15.59
2025-03-24 18:40:52.940000+00:00,64.81873025800785,,,,341.062,-0.062,-0.875,23.0,-79.062,-15.188,-43.0,-0.006,0.01,0.033,-0.56,0.06,9.16,0.04,0.33,-0.53,0.02,0.2,9.8,2.14875,5.0,10.0,0.0,0.0,6.0,1016.88,67.13,-15.59
2025-03-24 18:40:53.914000+00:00,64.81873025800785,,,,341.062,-0.062,-0.875,23.0,-79.062,-15.188,-43.0,-0.006,0.01,0.033,-0.56,0.06,9.16,0.08,0.02,-0.37,0.02,0.2,9.8,2.14875,5.0,10.0,0.0,0.0,6.0,1016.88,67.13,-15.59
2025-03-24 18:40:54.940000+00:00,64.81873025800785,,,,341.062,-0.062,-0.875,23.0,-79.062,-15.188,-43.0,-0.006,0.01,0.033,-0.56,0.06,9.16,0.49,0.05,-0.44,0.02,0.2,9.8,2.14875,5.0,10.0,0.0,0.0,6.0,1016.88,67.13,-15.59
2025-03-24 18:40:56.060000+00:00,64.81873025800785,,,,341.062,-0.062,-0.875,23.0,-79.062,-15.188,-43.0,-0.006,0.01,0.033,-0.56,0.06,9.16,-0.25,0.5,-0.19,0.02,0.2,9.8,2.14875,5.0,10.0,0.0,0.0,6.0,1016.88,67.13,-15.59
2025-03-24 18:40:57.200000+00:00,64.81873025800785,,,,341.062,-0.062,-0.875,23.0,-79.062,-15.188,-43.0,-0.006,0.01,0.033,-0.56,0.06,9.16,-0.6,0.28,-0.57,0.02,0.2,9.8,2.14875,5.0,10.0,0.0,0.0,6.0,1016.88,67.13,-15.59
2025-03-24 18:40:58.277000+00:00,64.81873025800785,,,,341.062,-0.062,-0.875,23.0,-79.062,-15.188,-43.0,-0.006,0.01,0.033,-0.56,0.06,9.16,0.04,-0.23,-0.52,0.02,0.2,9.8,2.14875,5.0,10.0,0.0,0.0,6.0,1016.88,67.13,-15.59
2025-03-24 18:40:58.980000+00:00,64.81873025800785,,,,341.062,-0.062,-0.875,23.0,-79.062,-15.188,-43.0,-0.006,0.01,0.033,-0.56,0.06,9.16,-0.75,0.2,-0.62,0.02,0.2,9.8,2.14875,5.0,10.0,0.0,0.0,6.0,1016.88,67.13,-15.59
2025-03-24 18:40:59.976000+00:00,64.81873025800785,,,,341.062,-0.062,-0.875,23.0,-79.062,-15.188,-43.0,-0.006,0.01,0.033,-0.56,0.06,9.16,0.07,0.37,-0.11,0.02,0.2,9.8,2.14875,5.0,10.0,0.0,0.0,6.0,1016.88,67.13,-15.59
2025-03-24 18:41:00.980000+00:00,64.81873025800785,,,,341.062,-0.062,-0.875,23.0,-79.062,-15.188,-43.0,-0.006,0.01,0.033,-0.56,0.06,9.16,-0.87,0.15,-0.68,0.02,0.2,9.8,2.14875,5.0,10.0,0.0,0.0,6.0,1016.88,67.13,-15.59
2025-03-24 18:41:02.017000+00:00,64.81873025800785,,,,341.062,-0.062,-0.875,23.0,-79.062,-15.188,-43.0,-0.006,0.01,0.033,-0.56,0.06,9.16,-0.28,0.87,-0.39,0.02,0.2,9.8,2.14875,5.0,10.0,0.0,0.0,6.0,1016.88,67.13,-15.59
2025-03-24 18:41:03.010000+00:00,64.81873025800785,,,,341.062,-0.062,-0.875,23.0,-79.062,-15.188,-43.0,-0.006,0.01,0.033,-0.56,0.06,9.16,-0.07,-0.06,-0.65,0.02,0.2,9.8,2.14875,5.0,10.0,0.0,0.0,6.0,1016.88,67.13,-15.59
2025-03-24 18:41:04.021000+00:00,64.81873025800785,,,,341.062,-0.062,-0.875,23.0,-79.062,-15.188,-43.0,-0.006,0.01,0.033,-0.56,0.06,9.16,-0.24,0.17,-0.54,0.02,0.2,9.8,2.14875,5.0,10.0,0.0,0.0,6.0,1016.88,67.13,-15.59
2025-03-24 18:41:05.091000+00:00,64.81873025800785,,,,341.062,-0.062,-0.875,23.0,-79.062,-15.188,-43.0,-0.006,0.01,0.033,-0.56,0.06,9.16,-0.39,0.12,-0.66,0.02,0.2,9.8,2.14875,5.0,10.0,0.0,0.0,6.0,1016.88,67.13,-15.59
2025-03-24 18:41:06.240000+00:00,64.81873025800785,,,,341.062,-0.062,-0.875,23.0,-79.062,-15.188,-43.0,-0.006,0.01,0.033,-0.56,0.06,9.16,-0.07,0.62,-0.41,0.02,0.2,9.8,2.14875,5.0,10.0,0.0,0.0,6.0,1016.88,67.13,-15.59
2025-03-24 18:41:07.030000+00:00,64.81873025800785,,,,341.062,-0.062,-0.875,23.0,-79.062,-15.188,-43.0,-0.006,0.01,0.033,-0.56,0.06,9.16,-0.16,0.03,-0.41,0.02,0.2,9.8,2.14875,5.0,10.0,0.0,0.0,6.0,1016.88,67.13,-15.59
2025-03-24 18:41:08.049000+00:00,64.81873025800785,,,,341.062,-0.062,-0.875,23.0,-79.062,-15.188,-43.0,-0.006,0.01,0.033,-0.56,0.06,9.16,0.66,0.02,-0.19,0.02,0.2,9.8,2.14875,5.0,10.0,0.0,0.0,6.0,1016.88,67.13,-15.59
2025-03-24 18:41:09.051000+00:00,64.81873025800785,,,,341.062,-0.062,-0.875,23.0,-79.062,-15.188,-43.0,-0.006,0.01,0.033,-0.56,0.06,9.16,-0.56,-0.09,-0.64,0.02,0.2,9.8,2.14875,5.0,10.0,0.0,0.0,6.0,1016.88,67.13,-15.59
2025-03-24 18:40:09.821000+00:00,64.81873025800785,,,,341.062,-0.062,-0.875,23.0,-79.062,-15.188,-43.0,-0.006,0.01,0.033,-0.56,0.06,9.16,-0.56,-0.09,-0.64,0.02,0.2,9.8,2.14875,5.0,10.0,0.0,0.0,6.0,1016.88,67.13,-15.59
2025-03-24 18:40:10.561000+00:00,64.81873025800785,,,,341.062,-0.062,-0.875,23.0,-79.062,-15.188,-43.0,-0.006,0.01,0.033,-0.56,0.06,9.16,-0.56,-0.09,-0.64,0.02,0.2,9.8,2.14875,5.0,10.0,0.0,0.0,6.0,1016.88,67.13,-15.59
2025-03-24 18:40:11.561000+00:00,64.81873025800785,,,,341.062,-0.062,-0.875,23.0,-79.062,-15.188,-43.0,-0.006,0.01,0.033,-0.56,0.06,9.16,-0.56,-0.09,-0.64,0.01,0.19,9.8,2.14875,5.0,10.0,0.0,0.0,6.0,1016.88,67.13,-15.59
2025-03-24 18:40:12.594000+00:00,64.81873025800785,,,,341.062,-0.062,-0.875,23.0,-79.062,-15.188,-43.0,-0.006,0.01,0.033,-0.56,0.06,9.16,-0.56,-0.09,-0.64,0.0,0.2,9.8,2.14875,5.0,10.0,0.0,0.0,6.0,1016.88,67.13,-15.59
2025-03-24 18:40:13.584000+00:00,64.81873025800785,,,,341.062,-0.062,-0.875,23.0,-79.062,-15.188,-43.0,-0.006,0.01,0.033,-0.56,0.06,9.16,-0.56,-0.09,-0.64,0.0,0.19,9.8,2.14875,5.0,10.0,0.0,0.0,6.0,1016.88,67.13,-15.59
2025-03-24 18:40:14.608000+00:00,64.81873025800785,,,,341.062,-0.062,-0.875,23.0,-79.062,-15.188,-43.0,-0.006,0.01,0.033,-0.56,0.06,9.16,-0.56,-0.09,-0.64,0.0,0.22,9.8,2.14875,5.0,10.0,0.0,0.0,6.0,1016.88,67.13,-15.59
2025-03-24 18:40:15.593000+00:00,64.81873025800785,,,,341.062,-0.062,-0.875,23.0,-79.062,-15.188,-43.0,-0.006,0.01,0.033,-0.56,0.06,9.16,-0.56,-0.09,-0.64,0.02,0.21,9.8,2.14875,5.0,10.0,0.0,0.0,6.0,1016.88,67.13,-15.59
2025-03-24 18:40:16.665000+00:00,64.81873025800785,,,,341.062,-0.062,-0.875,23.0,-79.062,-15.188,-43.0,-0.006,0.01,0.033,-0.56,0.06,9.16,-0.56,-0.09,-0.64,0.02,0.22,9.8,2.14875,5.0,10.0,0.0,0.0,6.0,1016.88,67.13,-15.59
2025-03-24 18:40:17.643000+00:00,64.81873025800785,,,,341.062,-0.062,-0.875,23.0,-79.062,-15.188,-43.0,-0.006,0.01,0.033,-0.56,0.06,9.16,-0.56,-0.09,-0.64,0.02,0.21,9.8,2.14875,5.0,10.0,0.0,0.0,6.0,1016.88,67.13,-15.59
2025-03-24 18:40:18.695000+00:00,64.81873025800785,,,,341.062,-0.062,-0.875,23.0,-79.062,-15.188,-43.0,-0.006,0.01,0.033,-0.56,0.06,9.16,-0.56,-0.09,-0.64,0.01,0.19,9.8,2.14875,5.0,10.0,0.0,0.0,6.0,1016.88,67.13,-15.59
2025-03-24 18:40:19.803000+00:00,64.81873025800785,,,,341.062,-0.062,-0.875,23.0,-79.062,-15.188,-43.0,-0.006,0.01,0.033,-0.56,0.06,9.16,-0.56,-0.09,-0.64,0.01,0.18,9.8,2.14875,5.0,10.0,0.0,0.0,6.0,1016.88,67.13,-15.59
2025-03-24 18:40:20.950000+00:00,64.81873025800785,,,,341.062,-0.062,-0.875,23.0,-79.062,-15.188,-43.0,-0.006,0.01,0.033,-0.56,0.06,9.16,-0.56,-0.09,-0.64,0.0,0.15,9.8,2.14875,5.0,10.0,0.0,0.0,6.0,1016.88,67.13,-15.59
2025-03-24 18:40:21.687000+00:00,64.81873025800785,,,,341.062,-0.062,-0.875,23.0,-79.062,-15.188,-43.0,-0.006,0.01,0.033,-0.56,0.06,9.16,-0.56,-0.09,-0.64,0.01,0.18,9.8,2.14875,5.0,10.0,0.0,0.0,6.0,1016.88,67.13,-15.59
2025-03-24 18:40:22.683000+00:00,64.81873025800785,,,,341.062,-0.062,-0.875,23.0,-79.062,-15.188,-43.0,-0.006,0.01,0.033,-0.56,0.06,9.16,-0.56,-0.09,-0.64,0.0,0.17,9.8,2.14875,5.0,10.0,0.0,0.0,6.0,1016.88,67.13,-15.59
2025-03-24 18:40:23.673000+00:00,64.81873025800785,,,,341.062,-0.062,-0.875,23.0,-79.062,-15.188,-43.0,-0.006,0.01,0.033,-0.56,0.06,9.16,-0.56,-0.09,-0.64,0.02,0.16,9.8,2.14875,5.0,10.0,0.0,0.0,6.0,1016.88,67.13,-15.59
2025-03-24 18:40:24.703000+00:00,64.81873025800785,,,,341.062,-0.062,-0.875,23.0,-79.062,-15.188,-43.0,-0.006,0.01,0.033,-0.56,0.06,9.16,-0.56,-0.09,-0.64,0.01,0.15,9.8,2.14875,5.0,10.0,0.0,0.0,6.0,1016.88,67.13,-15.59
2025-03-24 18:40:25.723000+00:00,64.81873025800785,,,,341.062,-0.062,-0.875,23.0,-79.062,-15.188,-43.0,-0.006,0.01,0.033,-0.56,0.06,9.16,-0.56,-0.09,-0.64,0.0,0.15,9.8,2.14875,5.0,10.0,0.0,0.0,6.0,1016.88,67.13,-15.59
2025-03-24 18:40:26.723000+00:00,64.81873025800785,,,,341.062,-0.062,-0.875,23.0,-79.062,-15.188,-43.0,-0.006,0.01,0.033,-0.56,0.06,9.16,-0.56,-0.09,-0.64,0.01,0.14,9.8,2.14875,5.0,10.0,0.0,0.0,6.0,1016.88,67.13,-15.59
2025-03-24 18:40:27.760000+00:00,64.81873025800785,,,,341.062,-0.062,-0.875,23.0,-79.062,-15.188,-43.0,-0.006,0.01,0.033,-0.56,0.06,9.16,-0.56,-0.09,-0.64,0.0,0.15,9.8,2.14875,5.0,10.0,0.0,0.0,6.0,1016.88,67.13,-15.59
2025-03-24 18:40:28.729000+00:00,64.81873025800785,,,,341.062,-0.062,-0.875,23.0,-79.062,-15.188,-43.0,-0.006,0.01,0.033,-0.56,0.06,9.16,-0.56,-0.09,-0.64,-0.01,0.15,9.8,2.14875,5.0,10.0,0.0,0.0,6.0,1016.88,67.13,-15.59
2025-03-24 18:40:29.758000+00:00,64.81873025800785,,,,341.062,-0.062,-0.875,23.0,-79.062,-15.188,-43.0,-0.006,0.01,0.033,-0.56,0.06,9.16,-0.56,-0.09,-0.64,0.0,0.16,9.8,2.14875,5.0,10.0,0.0,0.0,6.0,1016.88,67.13,-15.59
2025-03-24 18:40:30.765000+00:00,64.81873025800785,,,,341.062,-0.062,-0.875,23.0,-79.062,-15.188,-43.0,-0.006,0.01,0.033,-0.56,0.06,9.16,-0.56,-0.09,-0.64,-0.01,0.18,9.8,2.14875,5.0,10.0,0.0,0.0,6.0,1016.88,67.13,-15.59
2025-03-24 18:40:31.803000+00:00,64.81873025800785,,,,341.062,-0.062,-0.875,23.0,-79.062,-15.188,-43.0,-0.006,0.01,0.033,-0.56,0.06,9.16,-0.56,-0.09,-0.64,0.0,0.19,9.8,2.14875,5.0,10.0,0.0,0.0,6.0,1016.88,67.13,-15.59
2025-03-24 18:40:32.944000+00:00,64.81873025800785,,,,341.062,-0.062,-0.875,23.0,-79.062,-15.188,-43.0,-0.006,0.01,0.033,-0.56,0.06,9.16,-0.56,-0.09,-0.64,0.0,0.19,9.8,2.14875,5.0,10.0,0.0,0.0,6.0,1016.88,67.13,-15.59
2025-03-24 18:40:34.154000+00:00,64.81873025800785,,,,341.062,-0.062,-0.875,23.0,-79.062,-15.188,-43.0,-0.006,0.01,0.033,-0.56,0.06,9.16,-0.56,-0.09,-0.64,-0.03,0.18,9.8,2.14875,5.0,10.0,0.0,0.0,6.0,1016.88,67.13,-15.59
2025-03-24 18:40:34.792000+00:00,64.81873025800785,,,,341.062,-0.062,-0.875,23.0,-79.062,-15.188,-43.0,-0.006,0.01,0.033,-0.56,0.06,9.16,-0.56,-0.09,-0.64,-0.02,0.18,9.8,2.14875,5.0,10.0,0.0,0.0,6.0,1016.88,67.13,-15.59
2025-03-24 18:40:35.793000+00:00,64.81873025800785,,,,341.062,-0.062,-0.875,23.0,-79.062,-15.188,-43.0,-0.006,0.01,0.033,-0.56,0.06,9.16,-0.56,-0.09,-0.64,-0.03,0.18,9.8,2.14875,5.0,10.0,0.0,0.0,6.0,1016.88,67.13,-15.59
2025-03-24 18:40:36.813000+00:00,64.81873025800785,,,,341.062,-0.062,-0.875,23.0,-79.062,-15.188,-43.0,-0.006,0.01,0.033,-0.56,0.06,9.16,-0.56,-0.09,-0.64,-0.01,0.18,9.8,2.14875,5.0,10.0,0.0,0.0,6.0,1016.88,67.13,-15.59
2025-03-24 18:40:37.803000+00:00,64.81873025800785,,,,341.062,-0.062,-0.875,23.0,-79.062,-15.188,-43.0,-0.006,0.01,0.033,-0.56,0.06,9.16,-0.56,-0.09,-0.64,-0.02,0.16,9.8,2.14875,5.0,10.0,0.0,0.0,6.0,1016.88,67.13,-15.59
2025-03-24 18:40:38.833000+00:00,64.81873025800785,,,,341.062,-0.062,-0.875,23.0,-79.062,-15.188,-43.0,-0.006,0.01,0.033,-0.56,0.06,9.16,-0.56,-0.09,-0.64,0.0,0.18,9.8,2.14875,5.0,10.0,0.0,0.0,6.0,1016.88,67.13,-15.59
2025-03-24 18:40:39.822000+00:00,64.81873025800785,,,,341.062,-0.062,-0.875,23.0,-79.062,-15.188,-43.0,-0.006,0.01,0.033,-0.56,0.06,9.16,-0.56,-0.09,-0.64,-0.02,0.18,9.8,2.14875,5.0,10.0,0.0,0.0,6.0,1016.88,67.13,-15.59
2025-03-24 18:40:40.852000+00:00,64.81873025800785,,,,341.062,-0.062,-0.875,23.0,-79.062,-15.188,-43.0,-0.006,0.01,0.033,-0.56,0.06,9.16,-0.56,-0.09,-0.64,-0.02,0.2,9.8,2.14875,5.0,10.0,0.0,0.0,6.0,1016.88,67.13,-15.59
2025-03-24 18:40:41.859000+00:00,64.81873025800785,,,,341.062,-0.062,-0.875,23.0,-79.062,-15.188,-43.0,-0.006,0.01,0.033,-0.56,0.06,9.16,-0.56,-0.09,-0.64,-0.01,0.2,9.8,2.14875,5.0,10.0,0.0,0.0,6.0,1016.88,67.13,-15.59
2025-03-24 18:40:42.871000+00:00,64.81873025800785,,,,341.062,-0.062,-0.875,23.0,-79.062,-15.188,-43.0,-0.006,0.01,0.033,-0.56,0.06,9.16,-0.56,-0.09,-0.64,-0.02,0.2,9.8,2.14875,5.0,10.0,0.0,0.0,6.0,1016.88,67.13,-15.59
2025-03-24 18:40:43.881000+00:00,64.81873025800785,,,,341.062,-0.062,-0.875,23.0,-79.062,-15.188,-43.0,-0.006,0.01,0.033,-0.56,0.06,9.16,-0.56,-0.09,-0.64,0.0,0.21,9.8,2.14875,5.0,10.0,0.0,0.0,6.0,1016.88,67.13,-15.59
2025-03-24 18:40:44.881000+00:00,64.81873025800785,,,,341.062,-0.062,-0.875,23.0,-79.062,-15.188,-43.0,-0.006,0.01,0.033,-0.56,0.06,9.16,-0.56,-0.09,-0.64,-0.01,0.19,9.8,2.14875,5.0,10.0,0.0,0.0,6.0,1016.88,67.13,-15.59
2025-03-24 18:40:45.922000+00:00,64.81873025800785,,,,341.062,-0.062,-0.875,23.0,-79.062,-15.188,-43.0,-0.006,0.01,0.033,-0.56,0.06,9.16,-0.56,-0.09,-0.64,-0.02,0.2,9.8,2.14875,5.0,10.0,0.0,0.0,6.0,1016.88,67.13,-15.59
2025-03-24 18:40:46.901000+00:00,64.81873025800785,,,,341.062,-0.062,-0.875,23.0,-79.062,-15.188,-43.0,-0.006,0.01,0.033,-0.56,0.06,9.16,-0.56,-0.09,-0.64,-0.02,0.19,9.8,2.14875,5.0,10.0,0.0,0.0,6.0,1016.88,67.13,-15.59
2025-03-24 18:40:48.041000+00:00,64.81873025800785,,,,341.062,-0.062,-0.875,23.0,-79.062,-15.188,-43.0,-0.006,0.01,0.033,-0.56,0.06,9.16,-0.56,-0.09,-0.64,0.0,0.18,9.8,2.14875,5.0,10.0,0.0,0.0,6.0,1016.88,67.13,-15.59
2025-03-24 18:40:49.198000+00:00,64.81873025800785,,,,341.062,-0.062,-0.875,23.0,-79.062,-15.188,-43.0,-0.006,0.01,0.033,-0.56,0.06,9.16,-0.56,-0.09,-0.64,0.0,0.18,9.8,2.14875,5.0,10.0,0.0,0.0,6.0,1016.88,67.13,-15.59
2025-03-24 18:40:49.967000+00:00,64.81873025800785,,,,341.062,-0.062,-0.875,23.0,-79.062,-15.188,-43.0,-0.006,0.01,0.033,-0.56,0.06,9.16,-0.56,-0.09,-0.64,-0.02,0.18,9.8,2.14875,5.0,10.0,0.0,0.0,6.0,1016.88,67.13,-15.59
2025-03-24 18:40:50.967000+00:00,64.81873025800785,,,,341.062,-0.062,-0.875,23.0,-79.062,-15.188,-43.0,-0.006,0.01,0.033,-0.56,0.06,9.16,-0.56,-0.09,-0.64,0.02,0.2,9.8,2.14875,5.0,10.0,0.0,0.0,6.0,1016.88,67.13,-15.59
2025-03-24 18:40:51.930000+00:00,64.81873025800785,,,,341.062,-0.062,-0.875,23.0,-79.062,-15.188,-43.0,-0.006,0.01,0.033,-0.56,0.06,9.16,-0.56,-0.09,-0.64,0.0,0.18,9.8,2.14875,5.0,10.0,0.0,0.0,6.0,1016.88,67.13,-15.59
2025-03-24 18:40:52.997000+00:00,64.81873025800785,,,,341.062,-0.062,-0.875,23.0,-79.062,-15.188,-43.0,-0.006,0.01,0.033,-0.56,0.06,9.16,-0.56,-0.09,-0.64,0.0,0.18,9.8,2.14875,5.0,10.0,0.0,0.0,6.0,1016.88,67.13,-15.59
2025-03-24 18:40:53.961000+00:00,64.81873025800785,,,,341.062,-0.062,-0.875,23.0,-79.062,-15.188,-43.0,-0.006,0.01,0.033,-0.56,0.06,9.16,-0.56,-0.09,-0.64,0.0,0.2,9.8,2.14875,5.0,10.0,0.0,0.0,6.0,1016.88,67.13,-15.59
2025-03-24 18:40:54.991000+00:00,64.81873025800785,,,,341.062,-0.062,-0.875,23.0,-79.062,-15.188,-43.0,-0.006,0.01,0.033,-0.56,0.06,9.16,-0.56,-0.09,-0.64,0.01,0.19,9.8,2.14875,5.0,10.0,0.0,0.0,6.0,1016.88,67.13,-15.59
2025-03-24 18:40:56.116000+00:00,64.81873025800785,,,,341.062,-0.062,-0.875,23.0,-79.062,-15.188,-43.0,-0.006,0.01,0.033,-0.56,0.06,9.16,-0.56,-0.09,-0.64,0.0,0.19,9.8,2.14875,5.0,10.0,0.0,0.0,6.0,1016.88,67.13,-15.59
2025-03-24 18:40:57.251000+00:00,64.81873025800785,,,,341.062,-0.062,-0.875,23.0,-79.062,-15.188,-43.0,-0.006,0.01,0.033,-0.56,0.06,9.16,-0.56,-0.09,-0.64,0.0,0.21,9.8,2.14875,5.0,10.0,0.0,0.0,6.0,1016.88,67.13,-15.59
2025-03-24 18:40:58.337000+00:00,64.81873025800785,,,,341.062,-0.062,-0.875,23.0,-79.062,-15.188,-43.0,-0.006,0.01,0.033,-0.56,0.06,9.16,-0.56,-0.09,-0.64,0.01,0.19,9.8,2.14875,5.0,10.0,0.0,0.0,6.0,1016.88,67.13,-15.59
2025-03-24 18:40:59.031000+00:00,64.81873025800785,,,,341.062,-0.062,-0.875,23.0,-79.062,-15.188,-43.0,-0.006,0.01,0.033,-0.56,0.06,9.16,-0.56,-0.09,-0.64,0.0,0.19,9.8,2.14875,5.0,10.0,0.0,0.0,6.0,1016.88,67.13,-15.59
2025-03-24 18:41:00.037000+00:00,64.81873025800785,,,,341.062,-0.062,-0.875,23.0,-79.062,-15.188,-43.0,-0.006,0.01,0.033,-0.56,0.06,9.16,-0.56,-0.09,-0.64,0.03,0.21,9.8,2.14875,5.0,10.0,0.0,0.0,6.0,1016.88,67.13,-15.59
2025-03-24 18:41:01.032000+00:00,64.81873025800785,,,,341.062,-0.062,-0.875,23.0,-79.062,-15.188,-43.0,-0.006,0.01,0.033,-0.56,0.06,9.16,-0.56,-0.09,-0.64,0.01,0.18,9.8,2.14875,5.0,10.0,0.0,0.0,6.0,1016.88,67.13,-15.59
2025-03-24 18:41:02.077000+00:00,64.81873025800785,,,,341.062,-0.062,-0.875,23.0,-79.062,-15.188,-43.0,-0.006,0.01,0.033,-0.56,0.06,9.16,-0.56,-0.09,-0.64,0.04,0.19,9.8,2.14875,5.0,10.0,0.0,0.0,6.0,1016.88,67.13,-15.59
2025-03-24 18:41:03.062000+00:00,64.81873025800785,,,,341.062,-0.062,-0.875,23.0,-79.062,-15.188,-43.0,-0.006,0.01,0.033,-0.56,0.06,9.16,-0.56,-0.09,-0.64,0.04,0.18,9.8,2.14875,5.0,10.0,0.0,0.0,6.0,1016.88,67.13,-15.59
2025-03-24 18:41:04.076000+00:00,64.81873025800785,,,,341.062,-0.062,-0.875,23.0,-79.062,-15.188,-43.0,-0.006,0.01,0.033,-0.56,0.06,9.16,-0.56,-0.09,-0.64,0.02,0.17,9.8,2.14875,5.0,10.0,0.0,0.0,6.0,1016.88,67.13,-15.59
2025-03-24 18:41:05.144000+00:00,64.81873025800785,,,,341.062,-0.062,-0.875,23.0,-79.062,-15.188,-43.0,-0.006,0.01,0.033,-0.56,0.06,9.16,-0.56,-0.09,-0.64,-0.01,0.15,9.8,2.14875,5.0,10.0,0.0,0.0,6.0,1016.88,67.13,-15.59
2025-03-24 18:41:06.297000+00:00,64.81873025800785,,,,341.062,-0.062,-0.875,23.0,-79.062,-15.188,-43.0,-0.006,0.01,0.033,-0.56,0.06,9.16,-0.56,-0.09,-0.64,-0.01,0.18,9.8,2.14875,5.0,10.0,0.0,0.0,6.0,1016.88,67.13,-15.59
2025-03-24 18:41:07.080000+00:00,64.81873025800785,,,,341.062,-0.062,-0.875,23.0,-79.062,-15.188,-43.0,-0.006,0.01,0.033,-0.56,0.06,9.16,-0.56,-0.09,-0.64,-0.01,0.16,9.8,2.14875,5.0,10.0,0.0,0.0,6.0,1016.88,67.13,-15.59
2025-03-24 18:41:08.109000+00:00,64.81873025800785,,,,341.062,-0.062,-0.875,23.0,-79.062,-15.188,-43.0,-0.006,0.01,0.033,-0.56,0.06,9.16,-0.56,-0.09,-0.64,0.0,0.16,9.8,2.14875,5.0,10.0,0.0,0.0,6.0,1016.88,67.13,-15.59
2025-03-24 18:41:09.099000+00:00,64.81873025800785,,,,341.062,-0.062,-0.875,23.0,-79.062,-15.188,-43.0,-0.006,0.01,0.033,-0.56,0.06,9.16,-0.56,-0.09,-0.64,0.0,0.15,9.8,2.14875,5.0,10.0,0.0,0.0,6.0,1016.88,67.13,-15.59
2025-03-24 18:40:09.985000+00:00,64.81873025800785,,,,341.062,-0.062,-0.875,23.0,-79.062,-15.188,-43.0,-0.006,0.01,0.033,-0.56,0.06,9.16,-0.56,-0.09,-0.64,0.0,0.15,9.8,2.14875,5.0,10.0,0.0,0.0,6.0,1016.88,67.13,-15.59
2025-03-24 18:40:11.055000+00:00,64.81873025800785,,,,341.062,-0.062,-0.875,23.0,-79.062,-15.188,-43.0,-0.006,0.01,0.033,-0.56,0.06,9.16,-0.56,-0.09,-0.64,0.0,0.15,9.8,2.1575,5.0,10.0,0.0,0.0,6.0,1016.88,67.13,-15.59
2025-03-24 18:40:11.990000+00:00,64.81873025800785,,,,341.062,-0.062,-0.875,23.0,-79.062,-15.188,-43.0,-0.006,0.01,0.033,-0.56,0.06,9.16,-0.56,-0.09,-0.64,0.0,0.15,9.8,2.12625,5.0,10.0,0.0,0.0,6.0,1016.88,67.13,-15.59
2025-03-24 18:40:13.050000+00:00,64.81873025800785,,,,341.062,-0.062,-0.875,23.0,-79.062,-15.188,-43.0,-0.006,0.01,0.033,-0.56,0.06,9.16,-0.56,-0.09,-0.64,0.0,0.15,9.8,1.97,5.0,10.0,0.0,0.0,6.0,1016.88,67.13,-15.59
2025-03-24 18:40:14.040000+00:00,64.81873025800785,,,,341.062,-0.062,-0.875,23.0,-79.062,-15.188,-43.0,-0.006,0.01,0.033,-0.56,0.06,9.16,-0.56,-0.09,-0.64,0.0,0.15,9.8,2.005,5.0,10.0,0.0,0.0,6.0,1016.88,67.13,-15.59
2025-03-24 18:40:14.763000+00:00,64.81873025800785,,,,341.062,-0.062,-0.875,23.0,-79.062,-15.188,-43.0,-0.006,0.01,0.033,-0.56,0.06,9.16,-0.56,-0.09,-0.64,0.0,0.15,9.8,2.19625,5.0,10.0,0.0,0.0,6.0,1016.88,67.13,-15.59
2025-03-24 18:40:15.764000+00:00,64.81873025800785,,,,341.062,-0.062,-0.875,23.0,-79.062,-15.188,-43.0,-0.006,0.01,0.033,-0.56,0.06,9.16,-0.56,-0.09,-0.64,0.0,0.15,9.8,2.13125,5.0,10.0,0.0,0.0,6.0,1016.88,67.13,-15.59
2025-03-24 18:40:16.773000+00:00,64.81873025800785,,,,341.062,-0.062,-0.875,23.0,-79.062,-15.188,-43.0,-0.006,0.01,0.033,-0.56,0.06,9.16,-0.56,-0.09,-0.64,0.0,0.15,9.8,2.045,5.0,10.0,0.0,0.0,6.0,1016.88,67.13,-15.59
2025-03-24 18:40:17.793000+00:00,64.81873025800785,,,,341.062,-0.062,-0.875,23.0,-79.062,-15.188,-43.0,-0.006,0.01,0.033,-0.56,0.06,9.16,-0.56,-0.09,-0.64,0.0,0.15,9.8,1.94625,5.0,10.0,0.0,0.0,6.0,1016.88,67.13,-15.59
2025-03-24 18:40:18.793000+00:00,64.81873025800785,,,,341.062,-0.062,-0.875,23.0,-79.062,-15.188,-43.0,-0.006,0.01,0.033,-0.56,0.06,9.16,-0.56,-0.09,-0.64,0.0,0.15,9.8,2.09875,5.0,10.0,0.0,0.0,6.0,1016.88,67.13,-15.59
2025-03-24 18:40:19.909000+00:00,64.81873025800785,,,,341.062,-0.062,-0.875,23.0,-79.062,-15.188,-43.0,-0.006,0.01,0.033,-0.56,0.06,9.16,-0.56,-0.09,-0.64,0.0,0.15,9.8,2.1125,5.0,10.0,0.0,0.0,6.0,1016.88,67.13,-15.59
2025-03-24 18:40:21.119000+00:00,64.81873025800785,,,,341.062,-0.062,-0.875,23.0,-79.062,-15.188,-43.0,-0.006,0.01,0.033,-0.56,0.06,9.16,-0.56,-0.09,-0.64,0.0,0.15,9.8,2.12875,5.0,10.0,0.0,0.0,6.0,1016.88,67.13,-15.59
2025-03-24 18:40:22.152000+00:00,64.81873025800785,,,,341.062,-0.062,-0.875,23.0,-79.062,-15.188,-43.0,-0.006,0.01,0.033,-0.56,0.06,9.16,-0.56,-0.09,-0.64,0.0,0.15,9.8,2.03875,5.0,10.0,0.0,0.0,6.0,1016.88,67.13,-15.59
2025-03-24 18:40:23.149000+00:00,64.81873025800785,,,,341.062,-0.062,-0.875,23.0,-79.062,-15.188,-43.0,-0.006,0.01,0.033,-0.56,0.06,9.16,-0.56,-0.09,-0.64,0.0,0.15,9.8,2.0175,5.0,10.0,0.0,0.0,6.0,1016.88,67.13,-15.59
2025-03-24 18:40:24.114000+00:00,64.81873025800785,,,,341.062,-0.062,-0.875,23.0,-79.062,-15.188,-43.0,-0.006,0.01,0.033,-0.56,0.06,9.16,-0.56,-0.09,-0.64,0.0,0.15,9.8,2.05625,5.0,10.0,0.0,0.0,6.0,1016.88,67.13,-15.59
2025-03-24 18:40:25.104000+00:00,64.81873025800785,,,,341.062,-0.062,-0.875,23.0,-79.062,-15.188,-43.0,-0.006,0.01,0.033,-0.56,0.06,9.16,-0.56,-0.09,-0.64,0.0,0.15,9.8,2.07875,5.0,10.0,0.0,0.0,6.0,1016.88,67.13,-15.59
2025-03-24 18:40:25.872000+00:00,64.81873025800785,,,,341.062,-0.062,-0.875,23.0,-79.062,-15.188,-43.0,-0.006,0.01,0.033,-0.56,0.06,9.16,-0.56,-0.09,-0.64,0.0,0.15,9.8,2.1025,5.0,10.0,0.0,0.0,6.0,1016.88,67.13,-15.59
2025-03-24 18:40:26.822000+00:00,64.81873025800785,,,,341.062,-0.062,-0.875,23.0,-79.062,-15.188,-43.0,-0.006,0.01,0.033,-0.56,0.06,9.16,-0.56,-0.09,-0.64,0.0,0.15,9.8,2.1675,5.0,10.0,0.0,0.0,6.0,1016.88,67.13,-15.59
2025-03-24 18:40:27.913000+00:00,64.81873025800785,,,,341.062,-0.062,-0.875,23.0,-79.062,-15.188,-43.0,-0.006,0.01,0.033,-0.56,0.06,9.16,-0.56,-0.09,-0.64,0.0,0.15,9.8,2.0025,5.0,10.0,0.0,0.0,6.0,1016.88,67.13,-15.59
2025-03-24 18:40:28.843000+00:00,64.81873025800785,,,,341.062,-0.062,-0.875,23.0,-79.062,-15.188,-43.0,-0.006,0.01,0.033,-0.56,0.06,9.16,-0.56,-0.09,-0.64,0.0,0.15,9.8,2.1237500000000002,5.0,10.0,0.0,0.0,6.0,1016.88,67.13,-15.59
2025-03-24 18:40:29.853000+00:00,64.81873025800785,,,,341.062,-0.062,-0.875,23.0,-79.062,-15.188,-43.0,-0.006,0.01,0.033,-0.56,0.06,9.16,-0.56,-0.09,-0.64,0.0,0.15,9.8,1.98,5.0,10.0,0.0,0.0,6.0,1016.88,67.13,-15.59
2025-03-24 18:40:30.863000+00:00,64.81873025800785,,,,341.062,-0.062,-0.875,23.0,-79.062,-15.188,-43.0,-0.006,0.01,0.033,-0.56,0.06,9.16,-0.56,-0.09,-0.64,0.0,0.15,9.8,2.04,5.0,10.0,0.0,0.0,6.0,1016.88,67.13,-15.59
2025-03-24 18:40:31.963000+00:00,64.81873025800785,,,,341.062,-0.062,-0.875,23.0,-79.062,-15.188,-43.0,-0.006,0.01,0.033,-0.56,0.06,9.16,-0.56,-0.09,-0.64,0.0,0.15,9.8,2.05375,5.0,10.0,0.0,0.0,6.0,1016.88,67.13,-15.59
2025-03-24 18:40:33.142000+00:00,64.81873025800785,,,,341.062,-0.062,-0.875,23.0,-79.062,-15.188,-43.0,-0.006,0.01,0.033,-0.56,0.06,9.16,-0.56,-0.09,-0.64,0.0,0.15,9.8,2.15875,5.0,10.0,0.0,0.0,6.0,1016.88,67.13,-15.59
2025-03-24 18:40:34.260000+00:00,64.81873025800785,,,,341.062,-0.062,-0.875,23.0,-79.062,-15.188,-43.0,-0.006,0.01,0.033,-0.56,0.06,9.16,-0.56,-0.09,-0.64,0.0,0.15,9.8,2.15125,5.0,10.0,0.0,0.0,6.0,1016.88,67.13,-15.59
2025-03-24 18:40:35.223000+00:00,64.81873025800785,,,,341.062,-0.062,-0.875,23.0,-79.062,-15.188,-43.0,-0.006,0.01,0.033,-0.56,0.06,9.16,-0.56,-0.09,-0.64,0.0,0.15,9.8,2.07375,5.0,10.0,0.0,0.0,6.0,1016.88,67.13,-15.59
2025-03-24 18:40:35.959000+00:00,64.81873025800785,,,,341.062,-0.062,-0.875,23.0,-79.062,-15.188,-43.0,-0.006,0.01,0.033,-0.56,0.06,9.16,-0.56,-0.09,-0.64,0.0,0.15,9.8,2.035,5.0,10.0,0.0,0.0,6.0,1016.88,67.13,-15.59
2025-03-24 18:40:36.914000+00:00,64.81873025800785,,,,341.062,-0.062,-0.875,23.0,-79.062,-15.188,-43.0,-0.006,0.01,0.033,-0.56,0.06,9.16,-0.56,-0.09,-0.64,0.0,0.15,9.8,2.035,5.0,10.0,0.0,0.0,6.0,1016.88,67.13,-15.59
2025-03-24 18:40:38.019000+00:00,64.81873025800785,,,,341.062,-0.062,-0.875,23.0,-79.062,-15.188,-43.0,-0.006,0.01,0.033,-0.56,0.06,9.16,-0.56,-0.09,-0.64,0.0,0.15,9.8,2.1437500000000003,5.0,10.0,0.0,0.0,6.0,1016.88,67.13,-15.59
2025-03-24 18:40:39.008000+00:00,64.81873025800785,,,,341.062,-0.062,-0.875,23.0,-79.062,-15.188,-43.0,-0.006,0.01,0.033,-0.56,0.06,9.16,-0.56,-0.09,-0.64,0.0,0.15,9.8,2.0025,5.0,10.0,0.0,0.0,6.0,1016.88,67.13,-15.59
2025-03-24 18:40:40.243000+00:00,64.81873025800785,,,,341.062,-0.062,-0.875,23.0,-79.062,-15.188,-43.0,-0.006,0.01,0.033,-0.56,0.06,9.16,-0.56,-0.09,-0.64,0.0,0.15,9.8,2.13375,5.0,10.0,0.0,0.0,6.0,1016.88,67.13,-15.59
2025-03-24 18:40:41.273000+00:00,64.81873025800785,,,,341.062,-0.062,-0.875,23.0,-79.062,-15.188,-43.0,-0.006,0.01,0.033,-0.56,0.06,9.16,-0.56,-0.09,-0.64,0.0,0.15,9.8,2.165,5.0,10.0,0.0,0.0,6.0,1016.88,67.13,-15.59
2025-03-24 18:40:42.272000+00:00,64.81873025800785,,,,341.062,-0.062,-0.875,23.0,-79.062,-15.188,-43.0,-0.006,0.01,0.033,-0.56,0.06,9.16,-0.56,-0.09,-0.64,0.0,0.15,9.8,2.0625,5.0,10.0,0.0,0.0,6.0,1016.88,67.13,-15.59
2025-03-24 18:40:43.088000+00:00,64.81873025800785,,,,341.062,-0.062,-0.875,23.0,-79.062,-15.188,-43.0,-0.006,0.01,0.033,-0.56,0.06,9.16,-0.56,-0.09,-0.64,0.0,0.15,9.8,2.13875,5.0,10.0,0.0,0.0,6.0,1016.88,67.13,-15.59
2025-03-24 18:40:44.038000+00:00,64.81873025800785,,,,341.062,-0.062,-0.875,23.0,-79.062,-15.188,-43.0,-0.006,0.01,0.033,-0.56,0.06,9.16,-0.56,-0.09,-0.64,0.0,0.15,9.8,2.02875,5.0,10.0,0.0,0.0,6.0,1016.88,67.13,-15.59
2025-03-24 18:40:44.986000+00:00,64.81873025800785,,,,341.062,-0.062,-0.875,23.0,-79.062,-15.188,-43.0,-0.006,0.01,0.033,-0.56,0.06,9.16,-0.56,-0.09,-0.64,0.0,0.15,9.8,2.07375,5.0,10.0,0.0,0.0,6.0,1016.88,67.13,-15.59
2025-03-24 18:40:46.021000+00:00,64.81873025800785,,,,341.062,-0.062,-0.875,23.0,-79.062,-15.188,-43.0,-0.006,0.01,0.033,-0.56,0.06,9.16,-0.56,-0.09,-0.64,0.0,0.15,9.8,2.05125,5.0,10.0,0.0,0.0,6.0,1016.88,67.13,-15.59
2025-03-24 18:40:47.011000+00:00,64.81873025800785,,,,341.062,-0.062,-0.875,23.0,-79.062,-15.188,-43.0,-0.006,0.01,0.033,-0.56,0.06,9.16,-0.56,-0.09,-0.64,0.0,0.15,9.8,2.02,5.0,10.0,0.0,0.0,6.0,1016.88,67.13,-15.59
2025-03-24 18:40:48.191000+00:00,64.81873025800785,,,,341.062,-0.062,-0.875,23.0,-79.062,-15.188,-43.0,-0.006,0.01,0.033,-0.56,0.06,9.16,-0.56,-0.09,-0.64,0.0,0.15,9.8,2.1862500000000002,5.0,10.0,0.0,0.0,6.0,1016.88,67.13,-15.59
2025-03-24 18:40:49.364000+00:00,64.81873025800785,,,,341.062,-0.062,-0.875,23.0,-79.062,-15.188,-43.0,-0.006,0.01,0.033,-0.56,0.06,9.16,-0.56,-0.09,-0.64,0.0,0.15,9.8,2.165,5.0,10.0,0.0,0.0,6.0,1016.88,67.13,-15.59
2025-03-24 18:40:50.401000+00:00,64.81873025800785,,,,341.062,-0.062,-0.875,23.0,-79.062,-15.188,-43.0,-0.006,0.01,0.033,-0.56,0.06,9.16,-0.56,-0.09,-0.64,0.0,0.15,9.8,2.10625,5.0,10.0,0.0,0.0,6.0,1016.88,67.13,-15.59
2025-03-24 18:40:51.081000+00:00,64.81873025800785,,,,341.062,-0.062,-0.875,23.0,-79.062,-15.188,-43.0,-0.006,0.01,0.033,-0.56,0.06,9.16,-0.56,-0.09,-0.64,0.0,0.15,9.8,2.03625,5.0,10.0,0.0,0.0,6.0,1016.88,67.13,-15.59
2025-03-24 18:40:52.030000+00:00,64.81873025800785,,,,341.062,-0.062,-0.875,23.0,-79.062,-15.188,-43.0,-0.006,0.01,0.033,-0.56,0.06,9.16,-0.56,-0.09,-0.64,0.0,0.15,9.8,2.04,5.0,10.0,0.0,0.0,6.0,1016.88,67.13,-15.59
2025-03-24 18:40:53.106000+00:00,64.81873025800785,,,,341.062,-0.062,-0.875,23.0,-79.062,-15.188,-43.0,-0.006,0.01,0.033,-0.56,0.06,9.16,-0.56,-0.09,-0.64,0.0,0.15,9.8,2.08125,5.0,10.0,0.0,0.0,6.0,1016.88,67.13,-15.59
2025-03-24 18:40:54.130000+00:00,64.81873025800785,,,,341.062,-0.062,-0.875,23.0,-79.062,-15.188,-43.0,-0.006,0.01,0.033,-0.56,0.06,9.16,-0.56,-0.09,-0.64,0.0,0.15,9.8,2.1275,5.0,10.0,0.0,0.0,6.0,1016.88,67.13,-15.59
2025-03-24 18:40:55.096000+00:00,64.81873025800785,,,,341.062,-0.062,-0.875,23.0,-79.062,-15.188,-43.0,-0.006,0.01,0.033,-0.56,0.06,9.16,-0.56,-0.09,-0.64,0.0,0.15,9.8,2.0625,5.0,10.0,0.0,0.0,6.0,1016.88,67.13,-15.59
2025-03-24 18:40:56.220000+00:00,64.81873025800785,,,,341.062,-0.062,-0.875,23.0,-79.062,-15.188,-43.0,-0.006,0.01,0.033,-0.56,0.06,9.16,-0.56,-0.09,-0.64,0.0,0.15,9.8,2.07,5.0,10.0,0.0,0.0,6.0,1016.88,67.13,-15.59
2025-03-24 18:40:57.350000+00:00,64.81873025800785,,,,341.062,-0.062,-0.875,23.0,-79.062,-15.188,-43.0,-0.006,0.01,0.033,-0.56,0.06,9.16,-0.56,-0.09,-0.64,0.0,0.15,9.8,1.98125,5.0,10.0,0.0,0.0,6.0,1016.88,67.13,-15.59
2025-03-24 18:40:58.446000+00:00,64.81873025800785,,,,341.062,-0.062,-0.875,23.0,-79.062,-15.188,-43.0,-0.006,0.01,0.033,-0.56,0.06,9.16,-0.56,-0.09,-0.64,0.0,0.15,9.8,2.14,5.0,10.0,0.0,0.0,6.0,1016.88,67.13,-15.59
2025-03-24 18:40:59.456000+00:00,64.81873025800785,,,,341.062,-0.062,-0.875,23.0,-79.062,-15.188,-43.0,-0.006,0.01,0.033,-0.56,0.06,9.16,-0.56,-0.09,-0.64,0.0,0.15,9.8,2.14,5.0,10.0,0.0,0.0,6.0,1016.88,67.13,-15.59
2025-03-24 18:41:00.189000+00:00,64.81873025800785,,,,341.062,-0.062,-0.875,23.0,-79.062,-15.188,-43.0,-0.006,0.01,0.033,-0.56,0.06,9.16,-0.56,-0.09,-0.64,0.0,0.15,9.8,2.06,5.0,10.0,0.0,0.0,6.0,1016.88,67.13,-15.59
2025-03-24 18:41:01.151000+00:00,64.81873025800785,,,,341.062,-0.062,-0.875,23.0,-79.062,-15.188,-43.0,-0.006,0.01,0.033,-0.56,0.06,9.16,-0.56,-0.09,-0.64,0.0,0.15,9.8,2.12125,5.0,10.0,0.0,0.0,6.0,1016.88,67.13,-15.59
2025-03-24 18:41:02.178000+00:00,64.81873025800785,,,,341.062,-0.062,-0.875,23.0,-79.062,-15.188,-43.0,-0.006,0.01,0.033,-0.56,0.06,9.16,-0.56,-0.09,-0.64,0.0,0.15,9.8,2.15,5.0,10.0,0.0,0.0,6.0,1016.88,67.13,-15.59
2025-03-24 18:41:03.164000+00:00,64.81873025800785,,,,341.062,-0.062,-0.875,23.0,-79.062,-15.188,-43.0,-0.006,0.01,0.033,-0.56,0.06,9.16,-0.56,-0.09,-0.64,0.0,0.15,9.8,2.14625,5.0,10.0,0.0,0.0,6.0,1016.88,67.13,-15.59
2025-03-24 18:41:04.186000+00:00,64.81873025800785,,,,341.062,-0.062,-0.875,23.0,-79.062,-15.188,-43.0,-0.006,0.01,0.033,-0.56,0.06,9.16,-0.56,-0.09,-0.64,0.0,0.15,9.8,2.07875,5.0,10.0,0.0,0.0,6.0,1016.88,67.13,-15.59
2025-03-24 18:41:05.241000+00:00,64.81873025800785,,,,341.062,-0.062,-0.875,23.0,-79.062,-15.188,-43.0,-0.006,0.01,0.033,-0.56,0.06,9.16,-0.56,-0.09,-0.64,0.0,0.15,9.8,2.0475,5.0,10.0,0.0,0.0,6.0,1016.88,67.13,-15.59
2025-03-24 18:41:06.400000+00:00,64.81873025800785,,,,341.062,-0.062,-0.875,23.0,-79.062,-15.188,-43.0,-0.006,0.01,0.033,-0.56,0.06,9.16,-0.56,-0.09,-0.64,0.0,0.15,9.8,2.0,5.0,10.0,0.0,0.0,6.0,1016.88,67.13,-15.59
2025-03-24 18:41:07.530000+00:00,64.81873025800785,,,,341.062,-0.062,-0.875,23.0,-79.062,-15.188,-43.0,-0.006,0.01,0.033,-0.56,0.06,9.16,-0.56,-0.09,-0.64,0.0,0.15,9.8,2.0625,5.0,10.0,0.0,0.0,6.0,1016.88,67.13,-15.59
2025-03-24 18:41:08.560000+00:00,64.81873025800785,,,,341.062,-0.062,-0.875,23.0,-79.062,-15.188,-43.0,-0.006,0.01,0.033,-0.56,0.06,9.16,-0.56,-0.09,-0.64,0.0,0.15,9.8,2.0612500000000002,5.0,10.0,0.0,0.0,6.0,1016.88,67.13,-15.59
2025-03-24 18:41:09.210000+00:00,64.81873025800785,,,,341.062,-0.062,-0.875,23.0,-79.062,-15.188,-43.0,-0.006,0.01,0.033,-0.56,0.06,9.16,-0.56,-0.09,-0.64,0.0,0.15,9.8,2.0825,5.0,10.0,0.0,0.0,6.0,1016.88,67.13,-15.59
2025-03-24 18:40:11.004000+00:00,64.81873025800785,,,,341.062,-0.062,-0.875,23.0,-79.062,-15.188,-43.0,-0.006,0.01,0.033,-0.56,0.06,9.16,-0.56,-0.09,-0.64,0.0,0.15,9.8,2.0825,5.0,10.0,0.0,0.0,6.0,1016.88,67.13,-15.59
2025-03-24 18:40:11.936000+00:00,64.81873025800785,,,,341.062,-0.062,-0.875,23.0,-79.062,-15.188,-43.0,-0.006,0.01,0.033,-0.56,0.06,9.16,-0.56,-0.09,-0.64,0.0,0.15,9.8,2.0825,6.25,10.0,0.0,0.0,6.0,1016.88,67.13,-15.59
2025-03-24 18:40:12.995000+00:00,64.81873025800785,,,,341.062,-0.062,-0.875,23.0,-79.062,-15.188,-43.0,-0.006,0.01,0.033,-0.56,0.06,9.16,-0.56,-0.09,-0.64,0.0,0.15,9.8,2.0825,10.0,10.0,0.0,0.0,6.0,1016.88,67.13,-15.59
2025-03-24 18:40:13.980000+00:00,64.81873025800785,,,,341.062,-0.062,-0.875,23.0,-79.062,-15.188,-43.0,-0.006,0.01,0.033,-0.56,0.06,9.16,-0.56,-0.09,-0.64,0.0,0.15,9.8,2.0825,7.5,10.0,0.0,0.0,6.0,1016.88,67.13,-15.59
2025-03-24 18:40:14.713000+00:00,64.81873025800785,,,,341.062,-0.062,-0.875,23.0,-79.062,-15.188,-43.0,-0.006,0.01,0.033,-0.56,0.06,9.16,-0.56,-0.09,-0.64,0.0,0.15,9.8,2.0825,7.5,10.0,0.0,0.0,6.0,1016.88,67.13,-15.59
2025-03-24 18:40:15.718000+00:00,64.81873025800785,,,,341.062,-0.062,-0.875,23.0,-79.062,-15.188,-43.0,-0.006,0.01,0.033,-0.56,0.06,9.16,-0.56,-0.09,-0.64,0.0,0.15,9.8,2.0825,7.5,10.0,0.0,0.0,6.0,1016.88,67.13,-15.59
2025-03-24 18:40:16.721000+00:00,64.81873025800785,,,,341.062,-0.062,-0.875,23.0,-79.062,-15.188,-43.0,-0.006,0.01,0.033,-0.56,0.06,9.16,-0.56,-0.09,-0.64,0.0,0.15,9.8,2.0825,7.5,10.0,0.0,0.0,6.0,1016.88,67.13,-15.59
2025-03-24 18:40:17.743000+00:00,64.81873025800785,,,,341.062,-0.062,-0.875,23.0,-79.062,-15.188,-43.0,-0.006,0.01,0.033,-0.56,0.06,9.16,-0.56,-0.09,-0.64,0.0,0.15,9.8,2.0825,5.0,10.0,0.0,0.0,6.0,1016.88,67.13,-15.59
2025-03-24 18:40:18.746000+00:00,64.81873025800785,,,,341.062,-0.062,-0.875,23.0,-79.062,-15.188,-43.0,-0.006,0.01,0.033,-0.56,0.06,9.16,-0.56,-0.09,-0.64,0.0,0.15,9.8,2.0825,5.0,10.0,0.0,0.0,6.0,1016.88,67.13,-15.59
2025-03-24 18:40:19.854000+00:00,64.81873025800785,,,,341.062,-0.062,-0.875,23.0,-79.062,-15.188,-43.0,-0.006,0.01,0.033,-0.56,0.06,9.16,-0.56,-0.09,-0.64,0.0,0.15,9.8,2.0825,5.0,10.0,0.0,0.0,6.0,1016.88,67.13,-15.59
2025-03-24 18:40:21.059000+00:00,64.81873025800785,,,,341.062,-0.062,-0.875,23.0,-79.062,-15.188,-43.0,-0.006,0.01,0.033,-0.56,0.06,9.16,-0.56,-0.09,-0.64,0.0,0.15,9.8,2.0825,6.25,10.0,0.0,0.0,6.0,1016.88,67.13,-15.59
2025-03-24 18:40:22.094000+00:00,64.81873025800785,,,,341.062,-0.062,-0.875,23.0,-79.062,-15.188,-43.0,-0.006,0.01,0.033,-0.56,0.06,9.16,-0.56,-0.09,-0.64,0.0,0.15,9.8,2.0825,7.5,10.0,0.0,0.0,6.0,1016.88,67.13,-15.59
2025-03-24 18:40:23.095000+00:00,64.81873025800785,,,,341.062,-0.062,-0.875,23.0,-79.062,-15.188,-43.0,-0.006,0.01,0.033,-0.56,0.06,9.16,-0.56,-0.09,-0.64,0.0,0.15,9.8,2.0825,8.75,10.0,0.0,0.0,6.0,1016.88,67.13,-15.59
2025-03-24 18:40:24.064000+00:00,64.81873025800785,,,,341.062,-0.062,-0.875,23.0,-79.062,-15.188,-43.0,-0.006,0.01,0.033,-0.56,0.06,9.16,-0.56,-0.09,-0.64,0.0,0.15,9.8,2.0825,6.25,10.0,0.0,0.0,6.0,1016.88,67.13,-15.59
2025-03-24 18:40:25.058000+00:00,64.81873025800785,,,,341.062,-0.062,-0.875,23.0,-79.062,-15.188,-43.0,-0.006,0.01,0.033,-0.56,0.06,9.16,-0.56,-0.09,-0.64,0.0,0.15,9.8,2.0825,5.0,10.0,0.0,0.0,6.0,1016.88,67.13,-15.59
2025-03-24 18:40:25.822000+00:00,64.81873025800785,,,,341.062,-0.062,-0.875,23.0,-79.062,-15.188,-43.0,-0.006,0.01,0.033,-0.56,0.06,9.16,-0.56,-0.09,-0.64,0.0,0.15,9.8,2.0825,6.25,10.0,0.0,0.0,6.0,1016.88,67.13,-15.59
2025-03-24 18:40:26.773000+00:00,64.81873025800785,,,,341.062,-0.062,-0.875,23.0,-79.062,-15.188,-43.0,-0.006,0.01,0.033,-0.56,0.06,9.16,-0.56,-0.09,-0.64,0.0,0.15,9.8,2.0825,5.0,10.0,0.0,0.0,6.0,1016.88,67.13,-15.59
2025-03-24 18:40:27.863000+00:00,64.81873025800785,,,,341.062,-0.062,-0.875,23.0,-79.062,-15.188,-43.0,-0.006,0.01,0.033,-0.56,0.06,9.16,-0.56,-0.09,-0.64,0.0,0.15,9.8,2.0825,6.25,10.0,0.0,0.0,6.0,1016.88,67.13,-15.59
2025-03-24 18:40:28.791000+00:00,64.81873025800785,,,,341.062,-0.062,-0.875,23.0,-79.062,-15.188,-43.0,-0.006,0.01,0.033,-0.56,0.06,9.16,-0.56,-0.09,-0.64,0.0,0.15,9.8,2.0825,6.25,10.0,0.0,0.0,6.0,1016.88,67.13,-15.59
2025-03-24 18:40:29.803000+00:00,64.81873025800785,,,,341.062,-0.062,-0.875,23.0,-79.062,-15.188,-43.0,-0.006,0.01,0.033,-0.56,0.06,9.16,-0.56,-0.09,-0.64,0.0,0.15,9.8,2.0825,7.5,10.0,0.0,0.0,6.0,1016.88,67.13,-15.59
2025-03-24 18:40:30.813000+00:00,64.81873025800785,,,,341.062,-0.062,-0.875,23.0,-79.062,-15.188,-43.0,-0.006,0.01,0.033,-0.56,0.06,9.16,-0.56,-0.09,-0.64,0.0,0.15,9.8,2.0825,8.75,10.0,0.0,0.0,6.0,1016.88,67.13,-15.59
2025-03-24 18:40:31.910000+00:00,64.81873025800785,,,,341.062,-0.062,-0.875,23.0,-79.062,-15.188,-43.0,-0.006,0.01,0.033,-0.56,0.06,9.16,-0.56,-0.09,-0.64,0.0,0.15,9.8,2.0825,7.5,10.0,0.0,0.0,6.0,1016.88,67.13,-15.59
2025-03-24 18:40:33.094000+00:00,64.81873025800785,,,,341.062,-0.062,-0.875,23.0,-79.062,-15.188,-43.0,-0.006,0.01,0.033,-0.56,0.06,9.16,-0.56,-0.09,-0.64,0.0,0.15,9.8,2.0825,6.25,10.0,0.0,0.0,6.0,1016.88,67.13,-15.59
2025-03-24 18:40:34.204000+00:00,64.81873025800785,,,,341.062,-0.062,-0.875,23.0,-79.062,-15.188,-43.0,-0.006,0.01,0.033,-0.56,0.06,9.16,-0.56,-0.09,-0.64,0.0,0.15,9.8,2.0825,6.25,10.0,0.0,0.0,6.0,1016.88,67.13,-15.59
2025-03-24 18:40:35.166000+00:00,64.81873025800785,,,,341.062,-0.062,-0.875,23.0,-79.062,-15.188,-43.0,-0.006,0.01,0.033,-0.56,0.06,9.16,-0.56,-0.09,-0.64,0.0,0.15,9.8,2.0825,6.25,10.0,0.0,0.0,6.0,1016.88,67.13,-15.59
2025-03-24 18:40:35.903000+00:00,64.81873025800785,,,,341.062,-0.062,-0.875,23.0,-79.062,-15.188,-43.0,-0.006,0.01,0.033,-0.56,0.06,9.16,-0.56,-0.09,-0.64,0.0,0.15,9.8,2.0825,6.25,10.0,0.0,0.0,6.0,1016.88,67.13,-15.59
2025-03-24 18:40:36.863000+00:00,64.81873025800785,,,,341.062,-0.062,-0.875,23.0,-79.062,-15.188,-43.0,-0.006,0.01,0.033,-0.56,0.06,9.16,-0.56,-0.09,-0.64,0.0,0.15,9.8,2.0825,6.25,10.0,0.0,0.0,6.0,1016.88,67.13,-15.59
2025-03-24 18:40:37.964000+00:00,64.81873025800785,,,,341.062,-0.062,-0.875,23.0,-79.062,-15.188,-43.0,-0.006,0.01,0.033,-0.56,0.06,9.16,-0.56,-0.09,-0.64,0.0,0.15,9.8,2.0825,8.75,10.0,0.0,0.0,6.0,1016.88,67.13,-15.59
2025-03-24 18:40:38.949000+00:00,64.81873025800785,,,,341.062,-0.062,-0.875,23.0,-79.062,-15.188,-43.0,-0.006,0.01,0.033,-0.56,0.06,9.16,-0.56,-0.09,-0.64,0.0,0.15,9.8,2.0825,10.0,10.0,0.0,0.0,6.0,1016.88,67.13,-15.59
2025-03-24 18:40:40.191000+00:00,64.81873025800785,,,,341.062,-0.062,-0.875,23.0,-79.062,-15.188,-43.0,-0.006,0.01,0.033,-0.56,0.06,9.16,-0.56,-0.09,-0.64,0.0,0.15,9.8,2.0825,7.5,10.0,0.0,0.0,6.0,1016.88,67.13,-15.59
2025-03-24 18:40:41.222000+00:00,64.81873025800785,,,,341.062,-0.062,-0.875,23.0,-79.062,-15.188,-43.0,-0.006,0.01,0.033,-0.56,0.06,9.16,-0.56,-0.09,-0.64,0.0,0.15,9.8,2.0825,6.25,10.0,0.0,0.0,6.0,1016.88,67.13,-15.59
2025-03-24 18:40:42.222000+00:00,64.81873025800785,,,,341.062,-0.062,-0.875,23.0,-79.062,-15.188,-43.0,-0.006,0.01,0.033,-0.56,0.06,9.16,-0.56,-0.09,-0.64,0.0,0.15,9.8,2.0825,10.0,10.0,0.0,0.0,6.0,1016.88,67.13,-15.59
2025-03-24 18:40:43.031000+00:00,64.81873025800785,,,,341.062,-0.062,-0.875,23.0,-79.062,-15.188,-43.0,-0.006,0.01,0.033,-0.56,0.06,9.16,-0.56,-0.09,-0.64,0.0,0.15,9.8,2.0825,6.25,10.0,0.0,0.0,6.0,1016.88,67.13,-15.59
2025-03-24 18:40:43.987000+00:00,64.81873025800785,,,,341.062,-0.062,-0.875,23.0,-79.062,-15.188,-43.0,-0.006,0.01,0.033,-0.56,0.06,9.16,-0.56,-0.09,-0.64,0.0,0.15,9.8,2.0825,10.0,10.0,0.0,0.0,6.0,1016.88,67.13,-15.59
2025-03-24 18:40:44.932000+00:00,64.81873025800785,,,,341.062,-0.062,-0.875,23.0,-79.062,-15.188,-43.0,-0.006,0.01,0.033,-0.56,0.06,9.16,-0.56,-0.09,-0.64,0.0,0.15,9.8,2.0825,5.0,10.0,0.0,0.0,6.0,1016.88,67.13,-15.59
2025-03-24 18:40:45.972000+00:00,64.81873025800785,,,,341.062,-0.062,-0.875,23.0,-79.062,-15.188,-43.0,-0.006,0.01,0.033,-0.56,0.06,9.16,-0.56,-0.09,-0.64,0.0,0.15,9.8,2.0825,5.0,10.0,0.0,0.0,6.0,1016.88,67.13,-15.59
2025-03-24 18:40:46.961000+00:00,64.81873025800785,,,,341.062,-0.062,-0.875,23.0,-79.062,-15.188,-43.0,-0.006,0.01,0.033,-0.56,0.06,9.16,-0.56,-0.09,-0.64,0.0,0.15,9.8,2.0825,6.25,10.0,0.0,0.0,6.0,1016.88,67.13,-15.59
2025-03-24 18:40:48.141000+00:00,64.81873025800785,,,,341.062,-0.062,-0.875,23.0,-79.062,-15.188,-43.0,-0.006,0.01,0.033,-0.56,0.06,9.16,-0.56,-0.09,-0.64,0.0,0.15,9.8,2.0825,7.5,10.0,0.0,0.0,6.0,1016.88,67.13,-15.59
2025-03-24 18:40:49.312000+00:00,64.81873025800785,,,,341.062,-0.062,-0.875,23.0,-79.062,-15.188,-43.0,-0.006,0.01,0.033,-0.56,0.06,9.16,-0.56,-0.09,-0.64,0.0,0.15,9.8,2.0825,6.25,10.0,0.0,0.0,6.0,1016.88,67.13,-15.59
2025-03-24 18:40:50.353000+00:00,64.81873025800785,,,,341.062,-0.062,-0.875,23.0,-79.062,-15.188,-43.0,-0.006,0.01,0.033,-0.56,0.06,9.16,-0.56,-0.09,-0.64,0.0,0.15,9.8,2.0825,6.25,10.0,0.0,0.0,6.0,1016.88,67.13,-15.59
2025-03-24 18:40:51.028000+00:00,64.81873025800785,,,,341.062,-0.062,-0.875,23.0,-79.062,-15.188,-43.0,-0.006,0.01,0.033,-0.56,0.06,9.16,-0.56,-0.09,-0.64,0.0,0.15,9.8,2.0825,10.0,10.0,0.0,0.0,6.0,1016.88,67.13,-15.59
2025-03-24 18:40:51.980000+00:00,64.81873025800785,,,,341.062,-0.062,-0.875,23.0,-79.062,-15.188,-43.0,-0.006,0.01,0.033,-0.56,0.06,9.16,-0.56,-0.09,-0.64,0.0,0.15,9.8,2.0825,7.5,10.0,0.0,0.0,6.0,1016.88,67.13,-15.59
2025-03-24 18:40:53.050000+00:00,64.81873025800785,,,,341.062,-0.062,-0.875,23.0,-79.062,-15.188,-43.0,-0.006,0.01,0.033,-0.56,0.06,9.16,-0.56,-0.09,-0.64,0.0,0.15,9.8,2.0825,7.5,10.0,0.0,0.0,6.0,1016.88,67.13,-15.59
2025-03-24 18:40:54.076000+00:00,64.81873025800785,,,,341.062,-0.062,-0.875,23.0,-79.062,-15.188,-43.0,-0.006,0.01,0.033,-0.56,0.06,9.16,-0.56,-0.09,-0.64,0.0,0.15,9.8,2.0825,6.25,10.0,0.0,0.0,6.0,1016.88,67.13,-15.59
2025-03-24 18:40:55.041000+00:00,64.81873025800785,,,,341.062,-0.062,-0.875,23.0,-79.062,-15.188,-43.0,-0.006,0.01,0.033,-0.56,0.06,9.16,-0.56,-0.09,-0.64,0.0,0.15,9.8,2.0825,8.75,10.0,0.0,0.0,6.0,1016.88,67.13,-15.59
2025-03-24 18:40:56.171000+00:00,64.81873025800785,,,,341.062,-0.062,-0.875,23.0,-79.062,-15.188,-43.0,-0.006,0.01,0.033,-0.56,0.06,9.16,-0.56,-0.09,-0.64,0.0,0.15,9.8,2.0825,11.25,10.0,0.0,0.0,6.0,1016.88,67.13,-15.59
2025-03-24 18:40:57.300000+00:00,64.81873025800785,,,,341.062,-0.062,-0.875,23.0,-79.062,-15.188,-43.0,-0.006,0.01,0.033,-0.56,0.06,9.16,-0.56,-0.09,-0.64,0.0,0.15,9.8,2.0825,8.75,10.0,0.0,0.0,6.0,1016.88,67.13,-15.59
2025-03-24 18:40:58.390000+00:00,64.81873025800785,,,,341.062,-0.062,-0.875,23.0,-79.062,-15.188,-43.0,-0.006,0.01,0.033,-0.56,0.06,9.16,-0.56,-0.09,-0.64,0.0,0.15,9.8,2.0825,3.75,10.0,0.0,0.0,6.0,1016.88,67.13,-15.59
2025-03-24 18:40:59.399000+00:00,64.81873025800785,,,,341.062,-0.062,-0.875,23.0,-79.062,-15.188,-43.0,-0.006,0.01,0.033,-0.56,0.06,9.16,-0.56,-0.09,-0.64,0.0,0.15,9.8,2.0825,7.5,10.0,0.0,0.0,6.0,1016.88,67.13,-15.59
2025-03-24 18:41:00.139000+00:00,64.81873025800785,,,,341.062,-0.062,-0.875,23.0,-79.062,-15.188,-43.0,-0.006,0.01,0.033,-0.56,0.06,9.16,-0.56,-0.09,-0.64,0.0,0.15,9.8,2.0825,7.5,10.0,0.0,0.0,6.0,1016.88,67.13,-15.59
2025-03-24 18:41:01.090000+00:00,64.81873025800785,,,,341.062,-0.062,-0.875,23.0,-79.062,-15.188,-43.0,-0.006,0.01,0.033,-0.56,0.06,9.16,-0.56,-0.09,-0.64,0.0,0.15,9.8,2.0825,6.25,10.0,0.0,0.0,6.0,1016.88,67.13,-15.59
2025-03-24 18:41:02.129000+00:00,64.81873025800785,,,,341.062,-0.062,-0.875,23.0,-79.062,-15.188,-43.0,-0.006,0.01,0.033,-0.56,0.06,9.16,-0.56,-0.09,-0.64,0.0,0.15,9.8,2.0825,7.5,10.0,0.0,0.0,6.0,1016.88,67.13,-15.59
2025-03-24 18:41:03.111000+00:00,64.81873025800785,,,,341.062,-0.062,-0.875,23.0,-79.062,-15.188,-43.0,-0.006,0.01,0.033,-0.56,0.06,9.16,-0.56,-0.09,-0.64,0.0,0.15,9.8,2.0825,6.25,10.0,0.0,0.0,6.0,1016.88,67.13,-15.59
2025-03-24 18:41:04.129000+00:00,64.81873025800785,,,,341.062,-0.062,-0.875,23.0,-79.062,-15.188,-43.0,-0.006,0.01,0.033,-0.56,0.06,9.16,-0.56,-0.09,-0.64,0.0,0.15,9.8,2.0825,5.0,10.0,0.0,0.0,6.0,1016.88,67.13,-15.59
2025-03-24 18:41:05.191000+00:00,64.81873025800785,,,,341.062,-0.062,-0.875,23.0,-79.062,-15.188,-43.0,-0.006,0.01,0.033,-0.56,0.06,9.16,-0.56,-0.09,-0.64,0.0,0.15,9.8,2.0825,5.0,10.0,0.0,0.0,6.0,1016.88,67.13,-15.59
2025-03-24 18:41:06.352000+00:00,64.81873025800785,,,,341.062,-0.062,-0.875,23.0,-79.062,-15.188,-43.0,-0.006,0.01,0.033,-0.56,0.06,9.16,-0.56,-0.09,-0.64,0.0,0.15,9.8,2.0825,6.25,10.0,0.0,0.0,6.0,1016.88,67.13,-15.59
2025-03-24 18:41:07.480000+00:00,64.81873025800785,,,,341.062,-0.062,-0.875,23.0,-79.062,-15.188,-43.0,-0.006,0.01,0.033,-0.56,0.06,9.16,-0.56,-0.09,-0.64,0.0,0.15,9.8,2.0825,7.5,10.0,0.0,0.0,6.0,1016.88,67.13,-15.59
2025-03-24 18:41:08.510000+00:00,64.81873025800785,,,,341.062,-0.062,-0.875,23.0,-79.062,-15.188,-43.0,-0.006,0.01,0.033,-0.56,0.06,9.16,-0.56,-0.09,-0.64,0.0,0.15,9.8,2.0825,5.0,10.0,0.0,0.0,6.0,1016.88,67.13,-15.59
2025-03-24 18:41:09.157000+00:00,64.81873025800785,,,,341.062,-0.062,-0.875,23.0,-79.062,-15.188,-43.0,-0.006,0.01,0.033,-0.56,0.06,9.16,-0.56,-0.09,-0.64,0.0,0.15,9.8,2.0825,7.5,10.0,0.0,0.0,6.0,1016.88,67.13,-15.59
2025-03-24 18:40:11.103000+00:00,64.81873025800785,,,,341.062,-0.062,-0.875,23.0,-79.062,-15.188,-43.0,-0.006,0.01,0.033,-0.56,0.06,9.16,-0.56,-0.09,-0.64,0.0,0.15,9.8,2.0825,7.5,10.0,0.0,0.0,6.0,1016.88,67.13,-15.59
2025-03-24 18:40:12.048000+00:00,64.81873025800785,,,,341.062,-0.062,-0.875,23.0,-79.062,-15.188,-43.0,-0.006,0.01,0.033,-0.56,0.06,9.16,-0.56,-0.09,-0.64,0.0,0.15,9.8,2.0825,7.5,10.0,0.0,0.0,6.0,1016.88,67.13,-15.59
2025-03-24 18:40:13.110000+00:00,64.81873025800785,,,,341.062,-0.062,-0.875,23.0,-79.062,-15.188,-43.0,-0.006,0.01,0.033,-0.56,0.06,9.16,-0.56,-0.09,-0.64,0.0,0.15,9.8,2.0825,7.5,10.0,0.0,0.0,6.0,1016.88,67.13,-15.59
2025-03-24 18:40:14.100000+00:00,64.81873025800785,,,,341.062,-0.062,-0.875,23.0,-79.062,-15.188,-43.0,-0.006,0.01,0.033,-0.56,0.06,9.16,-0.56,-0.09,-0.64,0.0,0.15,9.8,2.0825,7.5,10.0,0.0,0.0,6.0,1016.88,67.13,-15.59
2025-03-24 18:40:14.813000+00:00,64.81873025800785,,,,341.062,-0.062,-0.875,23.0,-79.062,-15.188,-43.0,-0.006,0.01,0.033,-0.56,0.06,9.16,-0.56,-0.09,-0.64,0.0,0.15,9.8,2.0825,7.5,10.0,0.0,0.0,6.0,1016.88,67.13,-15.59
2025-03-24 18:40:15.819000+00:00,64.81873025800785,,,,341.062,-0.062,-0.875,23.0,-79.062,-15.188,-43.0,-0.006,0.01,0.033,-0.56,0.06,9.16,-0.56,-0.09,-0.64,0.0,0.15,9.8,2.0825,7.5,10.0,0.0,0.0,6.0,1016.88,67.13,-15.59
2025-03-24 18:40:16.823000+00:00,64.81873025800785,,,,341.062,-0.062,-0.875,23.0,-79.062,-15.188,-43.0,-0.006,0.01,0.033,-0.56,0.06,9.16,-0.56,-0.09,-0.64,0.0,0.15,9.8,2.0825,7.5,10.0,0.0,0.0,6.0,1016.88,67.13,-15.59
2025-03-24 18:40:17.843000+00:00,64.81873025800785,,,,341.062,-0.062,-0.875,23.0,-79.062,-15.188,-43.0,-0.006,0.01,0.033,-0.56,0.06,9.16,-0.56,-0.09,-0.64,0.0,0.15,9.8,2.0825,7.5,10.0,0.0,0.0,6.0,1016.88,67.13,-15.59
2025-03-24 18:40:18.843000+00:00,64.81873025800785,,,,341.062,-0.062,-0.875,23.0,-79.062,-15.188,-43.0,-0.006,0.01,0.033,-0.56,0.06,9.16,-0.56,-0.09,-0.64,0.0,0.15,9.8,2.0825,7.5,10.0,0.0,0.0,6.0,1016.88,67.13,-15.59
2025-03-24 18:40:19.963000+00:00,64.81873025800785,,,,341.062,-0.062,-0.875,23.0,-79.062,-15.188,-43.0,-0.006,0.01,0.033,-0.56,0.06,9.16,-0.56,-0.09,-0.64,0.0,0.15,9.8,2.0825,7.5,10.0,0.0,0.0,6.0,1016.88,67.13,-15.59
2025-03-24 18:40:21.174000+00:00,64.81873025800785,,,,341.062,-0.062,-0.875,23.0,-79.062,-15.188,-43.0,-0.006,0.01,0.033,-0.56,0.06,9.16,-0.56,-0.09,-0.64,0.0,0.15,9.8,2.0825,7.5,10.0,0.0,0.0,6.0,1016.88,67.13,-15.59
2025-03-24 18:40:22.204000+00:00,64.81873025800785,,,,341.062,-0.062,-0.875,23.0,-79.062,-15.188,-43.0,-0.006,0.01,0.033,-0.56,0.06,9.16,-0.56,-0.09,-0.64,0.0,0.15,9.8,2.0825,7.5,10.0,0.0,0.0,6.0,1016.88,67.13,-15.59
2025-03-24 18:40:23.203000+00:00,64.81873025800785,,,,341.062,-0.062,-0.875,23.0,-79.062,-15.188,-43.0,-0.006,0.01,0.033,-0.56,0.06,9.16,-0.56,-0.09,-0.64,0.0,0.15,9.8,2.0825,7.5,10.0,0.0,0.0,6.0,1016.88,67.13,-15.59
2025-03-24 18:40:24.169000+00:00,64.81873025800785,,,,341.062,-0.062,-0.875,23.0,-79.062,-15.188,-43.0,-0.006,0.01,0.033,-0.56,0.06,9.16,-0.56,-0.09,-0.64,0.0,0.15,9.8,2.0825,7.5,10.0,0.0,0.0,6.0,1016.88,67.13,-15.59
2025-03-24 18:40:25.153000+00:00,64.81873025800785,,,,341.062,-0.062,-0.875,23.0,-79.062,-15.188,-43.0,-0.006,0.01,0.033,-0.56,0.06,9.16,-0.56,-0.09,-0.64,0.0,0.15,9.8,2.0825,7.5,10.0,0.0,0.0,6.0,1016.88,67.13,-15.59
2025-03-24 18:40:25.929000+00:00,64.81873025800785,,,,341.062,-0.062,-0.875,23.0,-79.062,-15.188,-43.0,-0.006,0.01,0.033,-0.56,0.06,9.16,-0.56,-0.09,-0.64,0.0,0.15,9.8,2.0825,7.5,10.0,0.0,0.0,6.0,1016.88,67.13,-15.59
2025-03-24 18:40:26.872000+00:00,64.81873025800785,,,,341.062,-0.062,-0.875,23.0,-79.062,-15.188,-43.0,-0.006,0.01,0.033,-0.56,0.06,9.16,-0.56,-0.09,-0.64,0.0,0.15,9.8,2.0825,7.5,10.0,0.0,0.0,6.0,1016.88,67.13,-15.59
2025-03-24 18:40:27.962000+00:00,64.81873025800785,,,,341.062,-0.062,-0.875,23.0,-79.062,-15.188,-43.0,-0.006,0.01,0.033,-0.56,0.06,9.16,-0.56,-0.09,-0.64,0.0,0.15,9.8,2.0825,7.5,10.0,0.0,0.0,6.0,1016.88,67.13,-15.59
2025-03-24 18:40:28.898000+00:00,64.81873025800785,,,,341.062,-0.062,-0.875,23.0,-79.062,-15.188,-43.0,-0.006,0.01,0.033,-0.56,0.06,9.16,-0.56,-0.09,-0.64,0.0,0.15,9.8,2.0825,7.5,10.0,0.0,0.0,6.0,1016.88,67.13,-15.59
2025-03-24 18:40:29.903000+00:00,64.81873025800785,,,,341.062,-0.062,-0.875,23.0,-79.062,-15.188,-43.0,-0.006,0.01,0.033,-0.56,0.06,9.16,-0.56,-0.09,-0.64,0.0,0.15,9.8,2.0825,7.5,10.0,0.0,0.0,6.0,1016.88,67.13,-15.59
2025-03-24 18:40:30.913000+00:00,64.81873025800785,,,,341.062,-0.062,-0.875,23.0,-79.062,-15.188,-43.0,-0.006,0.01,0.033,-0.56,0.06,9.16,-0.56,-0.09,-0.64,0.0,0.15,9.8,2.0825,7.5,10.0,0.0,0.0,6.0,1016.88,67.13,-15.59
2025-03-24 18:40:32.014000+00:00,64.81873025800785,,,,341.062,-0.062,-0.875,23.0,-79.062,-15.188,-43.0,-0.006,0.01,0.033,-0.56,0.06,9.16,-0.56,-0.09,-0.64,0.0,0.15,9.8,2.0825,7.5,0.0,0.0,0.0,6.0,1016.88,67.13,-15.59
2025-03-24 18:40:33.200000+00:00,64.81873025800785,,,,341.062,-0.062,-0.875,23.0,-79.062,-15.188,-43.0,-0.006,0.01,0.033,-0.56,0.06,9.16,-0.56,-0.09,-0.64,0.0,0.15,9.8,2.0825,7.5,10.0,0.0,0.0,6.0,1016.88,67.13,-15.59
2025-03-24 18:40:34.323000+00:00,64.81873025800785,,,,341.062,-0.062,-0.875,23.0,-79.062,-15.188,-43.0,-0.006,0.01,0.033,-0.56,0.06,9.16,-0.56,-0.09,-0.64,0.0,0.15,9.8,2.0825,7.5,10.0,0.0,0.0,6.0,1016.88,67.13,-15.59
2025-03-24 18:40:35.290000+00:00,64.81873025800785,,,,341.062,-0.062,-0.875,23.0,-79.062,-15.188,-43.0,-0.006,0.01,0.033,-0.56,0.06,9.16,-0.56,-0.09,-0.64,0.0,0.15,9.8,2.0825,7.5,10.0,0.0,0.0,6.0,1016.88,67.13,-15.59
2025-03-24 18:40:36.012000+00:00,64.81873025800785,,,,341.062,-0.062,-0.875,23.0,-79.062,-15.188,-43.0,-0.006,0.01,0.033,-0.56,0.06,9.16,-0.56,-0.09,-0.64,0.0,0.15,9.8,2.0825,7.5,10.0,0.0,0.0,6.0,1016.88,67.13,-15.59
2025-03-24 18:40:36.963000+00:00,64.81873025800785,,,,341.062,-0.062,-0.875,23.0,-79.062,-15.188,-43.0,-0.006,0.01,0.033,-0.56,0.06,9.16,-0.56,-0.09,-0.64,0.0,0.15,9.8,2.0825,7.5,10.0,0.0,0.0,6.0,1016.88,67.13,-15.59
2025-03-24 18:40:38.074000+00:00,64.81873025800785,,,,341.062,-0.062,-0.875,23.0,-79.062,-15.188,-43.0,-0.006,0.01,0.033,-0.56,0.06,9.16,-0.56,-0.09,-0.64,0.0,0.15,9.8,2.0825,7.5,10.0,0.0,0.0,6.0,1016.88,67.13,-15.59
2025-03-24 18:40:39.054000+00:00,64.81873025800785,,,,341.062,-0.062,-0.875,23.0,-79.062,-15.188,-43.0,-0.006,0.01,0.033,-0.56,0.06,9.16,-0.56,-0.09,-0.64,0.0,0.15,9.8,2.0825,7.5,30.0,0.0,0.0,6.0,1016.88,67.13,-15.59
2025-03-24 18:40:40.293000+00:00,64.81873025800785,,,,341.062,-0.062,-0.875,23.0,-79.062,-15.188,-43.0,-0.006,0.01,0.033,-0.56,0.06,9.16,-0.56,-0.09,-0.64,0.0,0.15,9.8,2.0825,7.5,10.0,0.0,0.0,6.0,1016.88,67.13,-15.59
2025-03-24 18:40:41.322000+00:00,64.81873025800785,,,,341.062,-0.062,-0.875,23.0,-79.062,-15.188,-43.0,-0.006,0.01,0.033,-0.56,0.06,9.16,-0.56,-0.09,-0.64,0.0,0.15,9.8,2.0825,7.5,10.0,0.0,0.0,6.0,1016.88,67.13,-15.59
2025-03-24 18:40:42.322000+00:00,64.81873025800785,,,,341.062,-0.062,-0.875,23.0,-79.062,-15.188,-43.0,-0.006,0.01,0.033,-0.56,0.06,9.16,-0.56,-0.09,-0.64,0.0,0.15,9.8,2.0825,7.5,30.0,0.0,0.0,6.0,1016.88,67.13,-15.59
2025-03-24 18:40:43.147000+00:00,64.81873025800785,,,,341.062,-0.062,-0.875,23.0,-79.062,-15.188,-43.0,-0.006,0.01,0.033,-0.56,0.06,9.16,-0.56,-0.09,-0.64,0.0,0.15,9.8,2.0825,7.5,10.0,0.0,0.0,6.0,1016.88,67.13,-15.59
2025-03-24 18:40:44.091000+00:00,64.81873025800785,,,,341.062,-0.062,-0.875,23.0,-79.062,-15.188,-43.0,-0.006,0.01,0.033,-0.56,0.06,9.16,-0.56,-0.09,-0.64,0.0,0.15,9.8,2.0825,7.5,30.0,0.0,0.0,6.0,1016.88,67.13,-15.59
2025-03-24 18:40:45.032000+00:00,64.81873025800785,,,,341.062,-0.062,-0.875,23.0,-79.062,-15.188,-43.0,-0.006,0.01,0.033,-0.56,0.06,9.16,-0.56,-0.09,-0.64,0.0,0.15,9.8,2.0825,7.5,10.0,0.0,0.0,6.0,1016.88,67.13,-15.59
2025-03-24 18:40:46.077000+00:00,64.81873025800785,,,,341.062,-0.062,-0.875,23.0,-79.062,-15.188,-43.0,-0.006,0.01,0.033,-0.56,0.06,9.16,-0.56,-0.09,-0.64,0.0,0.15,9.8,2.0825,7.5,10.0,0.0,0.0,6.0,1016.88,67.13,-15.59
2025-03-24 18:40:47.061000+00:00,64.81873025800785,,,,341.062,-0.062,-0.875,23.0,-79.062,-15.188,-43.0,-0.006,0.01,0.033,-0.56,0.06,9.16,-0.56,-0.09,-0.64,0.0,0.15,9.8,2.0825,7.5,30.0,0.0,0.0,6.0,1016.88,67.13,-15.59
2025-03-24 18:40:48.241000+00:00,64.81873025800785,,,,341.062,-0.062,-0.875,23.0,-79.062,-15.188,-43.0,-0.006,0.01,0.033,-0.56,0.06,9.16,-0.56,-0.09,-0.64,0.0,0.15,9.8,2.0825,7.5,10.0,0.0,0.0,6.0,1016.88,67.13,-15.59
2025-03-24 18:40:49.415000+00:00,64.81873025800785,,,,341.062,-0.062,-0.875,23.0,-79.062,-15.188,-43.0,-0.006,0.01,0.033,-0.56,0.06,9.16,-0.56,-0.09,-0.64,0.0,0.15,9.8,2.0825,7.5,10.0,0.0,0.0,6.0,1016.88,67.13,-15.59
2025-03-24 18:40:50.451000+00:00,64.81873025800785,,,,341.062,-0.062,-0.875,23.0,-79.062,-15.188,-43.0,-0.006,0.01,0.033,-0.56,0.06,9.16,-0.56,-0.09,-0.64,0.0,0.15,9.8,2.0825,7.5,10.0,0.0,0.0,6.0,1016.88,67.13,-15.59
2025-03-24 18:40:51.130000+00:00,64.81873025800785,,,,341.062,-0.062,-0.875,23.0,-79.062,-15.188,-43.0,-0.006,0.01,0.033,-0.56,0.06,9.16,-0.56,-0.09,-0.64,0.0,0.15,9.8,2.0825,7.5,30.0,0.0,0.0,6.0,1016.88,67.13,-15.59
2025-03-24 18:40:52.079000+00:00,64.81873025800785,,,,341.062,-0.062,-0.875,23.0,-79.062,-15.188,-43.0,-0.006,0.01,0.033,-0.56,0.06,9.16,-0.56,-0.09,-0.64,0.0,0.15,9.8,2.0825,7.5,10.0,0.0,0.0,6.0,1016.88,67.13,-15.59
2025-03-24 18:40:53.150000+00:00,64.81873025800785,,,,341.062,-0.062,-0.875,23.0,-79.062,-15.188,-43.0,-0.006,0.01,0.033,-0.56,0.06,9.16,-0.56,-0.09,-0.64,0.0,0.15,9.8,2.0825,7.5,10.0,0.0,0.0,6.0,1016.88,67.13,-15.59
2025-03-24 18:40:54.186000+00:00,64.81873025800785,,,,341.062,-0.062,-0.875,23.0,-79.062,-15.188,-43.0,-0.006,0.01,0.033,-0.56,0.06,9.16,-0.56,-0.09,-0.64,0.0,0.15,9.8,2.0825,7.5,10.0,0.0,0.0,6.0,1016.88,67.13,-15.59
2025-03-24 18:40:55.150000+00:00,64.81873025800785,,,,341.062,-0.062,-0.875,23.0,-79.062,-15.188,-43.0,-0.006,0.01,0.033,-0.56,0.06,9.16,-0.56,-0.09,-0.64,0.0,0.15,9.8,2.0825,7.5,10.0,0.0,0.0,6.0,1016.88,67.13,-15.59
2025-03-24 18:40:56.270000+00:00,64.81873025800785,,,,341.062,-0.062,-0.875,23.0,-79.062,-15.188,-43.0,-0.006,0.01,0.033,-0.56,0.06,9.16,-0.56,-0.09,-0.64,0.0,0.15,9.8,2.0825,7.5,10.0,0.0,0.0,6.0,1016.88,67.13,-15.59
2025-03-24 18:40:57.400000+00:00,64.81873025800785,,,,341.062,-0.062,-0.875,23.0,-79.062,-15.188,-43.0,-0.006,0.01,0.033,-0.56,0.06,9.16,-0.56,-0.09,-0.64,0.0,0.15,9.8,2.0825,7.5,10.0,0.0,0.0,6.0,1016.88,67.13,-15.59
2025-03-24 18:40:58.503000+00:00,64.81873025800785,,,,341.062,-0.062,-0.875,23.0,-79.062,-15.188,-43.0,-0.006,0.01,0.033,-0.56,0.06,9.16,-0.56,-0.09,-0.64,0.0,0.15,9.8,2.0825,7.5,10.0,0.0,0.0,6.0,1016.88,67.13,-15.59
2025-03-24 18:40:59.516000+00:00,64.81873025800785,,,,341.062,-0.062,-0.875,23.0,-79.062,-15.188,-43.0,-0.006,0.01,0.033,-0.56,0.06,9.16,-0.56,-0.09,-0.64,0.0,0.15,9.8,2.0825,7.5,10.0,0.0,0.0,6.0,1016.88,67.13,-15.59
2025-03-24 18:41:00.239000+00:00,64.81873025800785,,,,341.062,-0.062,-0.875,23.0,-79.062,-15.188,-43.0,-0.006,0.01,0.033,-0.56,0.06,9.16,-0.56,-0.09,-0.64,0.0,0.15,9.8,2.0825,7.5,30.0,0.0,0.0,6.0,1016.88,67.13,-15.59
2025-03-24 18:41:01.200000+00:00,64.81873025800785,,,,341.062,-0.062,-0.875,23.0,-79.062,-15.188,-43.0,-0.006,0.01,0.033,-0.56,0.06,9.16,-0.56,-0.09,-0.64,0.0,0.15,9.8,2.0825,7.5,10.0,0.0,0.0,6.0,1016.88,67.13,-15.59
2025-03-24 18:41:02.232000+00:00,64.81873025800785,,,,341.062,-0.062,-0.875,23.0,-79.062,-15.188,-43.0,-0.006,0.01,0.033,-0.56,0.06,9.16,-0.56,-0.09,-0.64,0.0,0.15,9.8,2.0825,7.5,10.0,0.0,0.0,6.0,1016.88,67.13,-15.59
2025-03-24 18:41:03.211000+00:00,64.81873025800785,,,,341.062,-0.062,-0.875,23.0,-79.062,-15.188,-43.0,-0.006,0.01,0.033,-0.56,0.06,9.16,-0.56,-0.09,-0.64,0.0,0.15,9.8,2.0825,7.5,10.0,0.0,0.0,6.0,1016.88,67.13,-15.59
2025-03-24 18:41:04.242000+00:00,64.81873025800785,,,,341.062,-0.062,-0.875,23.0,-79.062,-15.188,-43.0,-0.006,0.01,0.033,-0.56,0.06,9.16,-0.56,-0.09,-0.64,0.0,0.15,9.8,2.0825,7.5,10.0,0.0,0.0,6.0,1016.88,67.13,-15.59
2025-03-24 18:41:05.290000+00:00,64.81873025800785,,,,341.062,-0.062,-0.875,23.0,-79.062,-15.188,-43.0,-0.006,0.01,0.033,-0.56,0.06,9.16,-0.56,-0.09,-0.64,0.0,0.15,9.8,2.0825,7.5,10.0,0.0,0.0,6.0,1016.88,67.13,-15.59
2025-03-24 18:41:06.456000+00:00,64.81873025800785,,,,341.062,-0.062,-0.875,23.0,-79.062,-15.188,-43.0,-0.006,0.01,0.033,-0.56,0.06,9.16,-0.56,-0.09,-0.64,0.0,0.15,9.8,2.0825,7.5,10.0,0.0,0.0,6.0,1016.88,67.13,-15.59
2025-03-24 18:41:07.580000+00:00,64.81873025800785,,,,341.062,-0.062,-0.875,23.0,-79.062,-15.188,-43.0,-0.006,0.01,0.033,-0.56,0.06,9.16,-0.56,-0.09,-0.64,0.0,0.15,9.8,2.0825,7.5,10.0,0.0,0.0,6.0,1016.88,67.13,-15.59
2025-03-24 18:41:08.610000+00:00,64.81873025800785,,,,341.062,-0.062,-0.875,23.0,-79.062,-15.188,-43.0,-0.006,0.01,0.033,-0.56,0.06,9.16,-0.56,-0.09,-0.64,0.0,0.15,9.8,2.0825,7.5,10.0,0.0,0.0,6.0,1016.88,67.13,-15.59
2025-03-24 18:41:09.265000+00:00,64.81873025800785,,,,341.062,-0.062,-0.875,23.0,-79.062,-15.188,-43.0,-0.006,0.01,0.033,-0.56,0.06,9.16,-0.56,-0.09,-0.64,0.0,0.15,9.8,2.0825,7.5,10.0,0.0,0.0,6.0,1016.88,67.13,-15.59
2025-03-24 18:40:12.944000+00:00,64.81873025800785,,,,341.062,-0.062,-0.875,23.0,-79.062,-15.188,-43.0,-0.006,0.01,0.033,-0.56,0.06,9.16,-0.56,-0.09,-0.64,0.0,0.15,9.8,2.0825,7.5,10.0,0.0,0.0,6.0,1016.88,67.13,-15.59
2025-03-24 18:40:17.694000+00:00,64.81873025800785,,,,341.062,-0.062,-0.875,23.0,-79.062,-15.188,-43.0,-0.006,0.01,0.033,-0.56,0.06,9.16,-0.56,-0.09,-0.64,0.0,0.15,9.8,2.0825,7.5,10.0,0.0,0.0,6.0,1016.88,67.13,-15.59
2025-03-24 18:40:23.043000+00:00,64.81873025800785,,,,341.062,-0.062,-0.875,23.0,-79.062,-15.188,-43.0,-0.006,0.01,0.033,-0.56,0.06,9.16,-0.56,-0.09,-0.64,0.0,0.15,9.8,2.0825,7.5,10.0,0.0,0.0,6.0,1016.88,67.13,-15.59
2025-03-24 18:40:27.812000+00:00,64.81873025800785,,,,341.062,-0.062,-0.875,23.0,-79.062,-15.188,-43.0,-0.006,0.01,0.033,-0.56,0.06,9.16,-0.56,-0.09,-0.64,0.0,0.15,9.8,2.0825,7.5,10.0,0.0,0.0,6.0,1016.88,67.13,-15.59
2025-03-24 18:40:33.043000+00:00,64.81873025800785,,,,341.062,-0.062,-0.875,23.0,-79.062,-15.188,-43.0,-0.006,0.01,0.033,-0.56,0.06,9.16,-0.56,-0.09,-0.64,0.0,0.15,9.8,2.0825,7.5,10.0,0.0,0.0,6.0,1016.88,67.13,-15.59
2025-03-24 18:40:37.856000+00:00,64.81873025800785,,,,341.062,-0.062,-0.875,23.0,-79.062,-15.188,-43.0,-0.006,0.01,0.033,-0.56,0.06,9.16,-0.56,-0.09,-0.64,0.0,0.15,9.8,2.0825,7.5,10.0,0.0,0.0,6.0,1016.88,67.13,-15.59
2025-03-24 18:40:42.929000+00:00,64.81873025800785,,,,341.062,-0.062,-0.875,23.0,-79.062,-15.188,-43.0,-0.006,0.01,0.033,-0.56,0.06,9.16,-0.56,-0.09,-0.64,0.0,0.15,9.8,2.0825,7.5,10.0,0.0,0.0,6.0,1016.88,67.13,-15.59
2025-03-24 18:40:48.091000+00:00,64.81873025800785,,,,341.062,-0.062,-0.875,23.0,-79.062,-15.188,-43.0,-0.006,0.01,0.033,-0.56,0.06,9.16,-0.56,-0.09,-0.64,0.0,0.15,9.8,2.0825,7.5,10.0,0.0,0.0,6.0,1016.88,67.13,-15.59
2025-03-24 18:40:52.630000+00:00,64.81873025800785,,,,341.062,-0.062,-0.875,23.0,-79.062,-15.188,-43.0,-0.006,0.01,0.033,-0.56,0.06,9.16,-0.56,-0.09,-0.64,0.0,0.15,9.8,2.0825,7.5,10.0,0.0,0.0,6.0,1016.88,67.13,-15.59
2025-03-24 18:40:57.631000+00:00,64.81873025800785,,,,341.062,-0.062,-0.875,23.0,-79.062,-15.188,-43.0,-0.006,0.01,0.033,-0.56,0.06,9.16,-0.56,-0.09,-0.64,0.0,0.15,9.8,2.0825,7.5,10.0,0.0,0.0,6.0,1016.88,67.13,-15.59
2025-03-24 18:41:02.660000+00:00,64.81873025800785,,,,341.062,-0.062,-0.875,23.0,-79.062,-15.188,-43.0,-0.006,0.01,0.033,-0.56,0.06,9.16,-0.56,-0.09,-0.64,0.0,0.15,9.8,2.0825,7.5,10.0,0.0,0.0,6.0,1016.88,67.13,-15.59
2025-03-24 18:41:07.679000+00:00,64.81873025800785,,,,341.062,-0.062,-0.875,23.0,-79.062,-15.188,-43.0,-0.006,0.01,0.033,-0.56,0.06,9.16,-0.56,-0.09,-0.64,0.0,0.15,9.8,2.0825,7.5,10.0,0.0,0.0,6.0,1016.88,67.13,-15.59
2025-03-24 18:40:10.624000+00:00,64.81873025800785,,,,341.062,-0.062,-0.875,23.0,-79.062,-15.188,-43.0,-0.006,0.01,0.033,-0.56,0.06,9.16,-0.56,-0.09,-0.64,0.0,0.15,9.8,2.0825,7.5,10.0,0.0,0.0,6.0,1016.88,67.13,-15.59
2025-03-24 18:40:11.621000+00:00,64.81873025800785,,,,341.062,-0.062,-0.875,23.0,-79.062,-15.188,-43.0,-0.006,0.01,0.033,-0.56,0.06,9.16,-0.56,-0.09,-0.64,0.0,0.15,9.8,2.0825,7.5,10.0,0.0,0.0,6.0,1016.88,67.13,-15.59
2025-03-24 18:40:12.644000+00:00,64.81873025800785,,,,341.062,-0.062,-0.875,23.0,-79.062,-15.188,-43.0,-0.006,0.01,0.033,-0.56,0.06,9.16,-0.56,-0.09,-0.64,0.0,0.15,9.8,2.0825,7.5,10.0,0.0,0.0,6.0,1016.88,67.13,-15.59
2025-03-24 18:40:13.646000+00:00,64.81873025800785,,,,341.062,-0.062,-0.875,23.0,-79.062,-15.188,-43.0,-0.006,0.01,0.033,-0.56,0.06,9.16,-0.56,-0.09,-0.64,0.0,0.15,9.8,2.0825,7.5,10.0,0.0,0.0,6.0,1016.88,67.13,-15.59
2025-03-24 18:40:14.868000+00:00,64.81873025800785,,,,341.062,-0.062,-0.875,23.0,-79.062,-15.188,-43.0,-0.006,0.01,0.033,-0.56,0.06,9.16,-0.56,-0.09,-0.64,0.0,0.15,9.8,2.0825,7.5,10.0,0.0,0.0,6.0,1016.88,67.13,-15.59
2025-03-24 18:40:15.934000+00:00,64.81873025800785,,,,341.062,-0.062,-0.875,23.0,-79.062,-15.188,-43.0,-0.006,0.01,0.033,-0.56,0.06,9.16,-0.56,-0.09,-0.64,0.0,0.15,9.8,2.0825,7.5,10.0,0.0,0.0,6.0,1016.88,67.13,-15.59
2025-03-24 18:40:16.877000+00:00,64.81873025800785,,,,341.062,-0.062,-0.875,23.0,-79.062,-15.188,-43.0,-0.006,0.01,0.033,-0.56,0.06,9.16,-0.56,-0.09,-0.64,0.0,0.15,9.8,2.0825,7.5,10.0,0.0,0.0,6.0,1016.88,67.13,-15.59
2025-03-24 18:40:18.022000+00:00,64.81873025800785,,,,341.062,-0.062,-0.875,23.0,-79.062,-15.188,-43.0,-0.006,0.01,0.033,-0.56,0.06,9.16,-0.56,-0.09,-0.64,0.0,0.15,9.8,2.0825,7.5,10.0,0.0,0.0,6.0,1016.88,67.13,-15.59
2025-03-24 18:40:19.167000+00:00,64.81873025800785,,,,341.062,-0.062,-0.875,23.0,-79.062,-15.188,-43.0,-0.006,0.01,0.033,-0.56,0.06,9.16,-0.56,-0.09,-0.64,0.0,0.15,9.8,2.0825,7.5,10.0,0.0,0.0,6.0,1016.88,67.13,-15.59
2025-03-24 18:40:20.312000+00:00,64.81873025800785,,,,341.062,-0.062,-0.875,23.0,-79.062,-15.188,-43.0,-0.006,0.01,0.033,-0.56,0.06,9.16,-0.56,-0.09,-0.64,0.0,0.15,9.8,2.0825,7.5,10.0,0.0,0.0,6.0,1016.88,67.13,-15.59
2025-03-24 18:40:21.734000+00:00,64.81873025800785,,,,341.062,-0.062,-0.875,23.0,-79.062,-15.188,-43.0,-0.006,0.01,0.033,-0.56,0.06,9.16,-0.56,-0.09,-0.64,0.0,0.15,9.8,2.0825,7.5,10.0,0.0,0.0,6.0,1016.88,67.13,-15.59
2025-03-24 18:40:22.734000+00:00,64.81873025800785,,,,341.062,-0.062,-0.875,23.0,-79.062,-15.188,-43.0,-0.006,0.01,0.033,-0.56,0.06,9.16,-0.56,-0.09,-0.64,0.0,0.15,9.8,2.0825,7.5,10.0,0.0,0.0,6.0,1016.88,67.13,-15.59
2025-03-24 18:40:23.723000+00:00,64.81873025800785,,,,341.062,-0.062,-0.875,23.0,-79.062,-15.188,-43.0,-0.006,0.01,0.033,-0.56,0.06,9.16,-0.56,-0.09,-0.64,0.0,0.15,9.8,2.0825,7.5,10.0,0.0,0.0,6.0,1016.88,67.13,-15.59
2025-03-24 18:40:24.756000+00:00,64.81873025800785,,,,341.062,-0.062,-0.875,23.0,-79.062,-15.188,-43.0,-0.006,0.01,0.033,-0.56,0.06,9.16,-0.56,-0.09,-0.64,0.0,0.15,9.8,2.0825,7.5,10.0,0.0,0.0,6.0,1016.88,67.13,-15.59
2025-03-24 18:40:25.982000+00:00,64.81873025800785,,,,341.062,-0.062,-0.875,23.0,-79.062,-15.188,-43.0,-0.006,0.01,0.033,-0.56,0.06,9.16,-0.56,-0.09,-0.64,0.0,0.15,9.8,2.0825,7.5,10.0,0.0,0.0,6.0,1016.88,67.13,-15.59
2025-03-24 18:40:26.923000+00:00,64.81873025800785,,,,341.062,-0.062,-0.875,23.0,-79.062,-15.188,-43.0,-0.006,0.01,0.033,-0.56,0.06,9.16,-0.56,-0.09,-0.64,0.0,0.15,9.8,2.0825,7.5,10.0,0.0,0.0,6.0,1016.88,67.13,-15.59
2025-03-24 18:40:28.012000+00:00,64.81873025800785,,,,341.062,-0.062,-0.875,23.0,-79.062,-15.188,-43.0,-0.006,0.01,0.033,-0.56,0.06,9.16,-0.56,-0.09,-0.64,0.0,0.15,9.8,2.0825,7.5,10.0,0.0,0.0,6.0,1016.88,67.13,-15.59
2025-03-24 18:40:28.982000+00:00,64.81873025800785,,,,341.062,-0.062,-0.875,23.0,-79.062,-15.188,-43.0,-0.006,0.01,0.033,-0.56,0.06,9.16,-0.56,-0.09,-0.64,0.0,0.15,9.8,2.0825,7.5,10.0,0.0,0.0,6.0,1016.88,67.13,-15.59
2025-03-24 18:40:30.034000+00:00,64.81873025800785,,,,341.062,-0.062,-0.875,23.0,-79.062,-15.188,-43.0,-0.006,0.01,0.033,-0.56,0.06,9.16,-0.56,-0.09,-0.64,0.0,0.15,9.8,2.0825,7.5,10.0,0.0,0.0,6.0,1016.88,67.13,-15.59
2025-03-24 18:40:31.176000+00:00,64.81873025800785,,,,341.062,-0.062,-0.875,23.0,-79.062,-15.188,-43.0,-0.006,0.01,0.033,-0.56,0.06,9.16,-0.56,-0.09,-0.64,0.0,0.15,9.8,2.0825,7.5,10.0,0.0,0.0,6.0,1016.88,67.13,-15.59
2025-03-24 18:40:32.320000+00:00,64.81873025800785,,,,341.062,-0.062,-0.875,23.0,-79.062,-15.188,-43.0,-0.006,0.01,0.033,-0.56,0.06,9.16,-0.56,-0.09,-0.64,0.0,0.15,9.8,2.0825,7.5,10.0,0.0,0.0,6.0,1016.88,67.13,-15.59
2025-03-24 18:40:33.565000+00:00,64.81873025800785,,,,341.062,-0.062,-0.875,23.0,-79.062,-15.188,-43.0,-0.006,0.01,0.033,-0.56,0.06,9.16,-0.56,-0.09,-0.64,0.0,0.15,9.8,2.0825,7.5,10.0,0.0,0.0,6.0,1016.88,67.13,-15.59
2025-03-24 18:40:34.851000+00:00,64.81873025800785,,,,341.062,-0.062,-0.875,23.0,-79.062,-15.188,-43.0,-0.006,0.01,0.033,-0.56,0.06,9.16,-0.56,-0.09,-0.64,0.0,0.15,9.8,2.0825,7.5,10.0,0.0,0.0,6.0,1016.88,67.13,-15.59
2025-03-24 18:40:35.854000+00:00,64.81873025800785,,,,341.062,-0.062,-0.875,23.0,-79.062,-15.188,-43.0,-0.006,0.01,0.033,-0.56,0.06,9.16,-0.56,-0.09,-0.64,0.0,0.15,9.8,2.0825,7.5,10.0,0.0,0.0,6.0,1016.88,67.13,-15.59
2025-03-24 18:40:37.079000+00:00,64.81873025800785,,,,341.062,-0.062,-0.875,23.0,-79.062,-15.188,-43.0,-0.006,0.01,0.033,-0.56,0.06,9.16,-0.56,-0.09,-0.64,0.0,0.15,9.8,2.0825,7.5,10.0,0.0,0.0,6.0,1016.88,67.13,-15.59
2025-03-24 18:40:38.122000+00:00,64.81873025800785,,,,341.062,-0.062,-0.875,23.0,-79.062,-15.188,-43.0,-0.006,0.01,0.033,-0.56,0.06,9.16,-0.56,-0.09,-0.64,0.0,0.15,9.8,2.0825,7.5,10.0,0.0,0.0,6.0,1016.88,67.13,-15.59
2025-03-24 18:40:39.872000+00:00,64.81873025800785,,,,341.062,-0.062,-0.875,23.0,-79.062,-15.188,-43.0,-0.006,0.01,0.033,-0.56,0.06,9.16,-0.56,-0.09,-0.64,0.0,0.15,9.8,2.0825,7.5,10.0,0.0,0.0,6.0,1016.88,67.13,-15.59
2025-03-24 18:40:40.909000+00:00,64.81873025800785,,,,341.062,-0.062,-0.875,23.0,-79.062,-15.188,-43.0,-0.006,0.01,0.033,-0.56,0.06,9.16,-0.56,-0.09,-0.64,0.0,0.15,9.8,2.0825,7.5,10.0,0.0,0.0,6.0,1016.88,67.13,-15.59
2025-03-24 18:40:41.913000+00:00,64.81873025800785,,,,341.062,-0.062,-0.875,23.0,-79.062,-15.188,-43.0,-0.006,0.01,0.033,-0.56,0.06,9.16,-0.56,-0.09,-0.64,0.0,0.15,9.8,2.0825,7.5,10.0,0.0,0.0,6.0,1016.88,67.13,-15.59
2025-03-24 18:40:43.205000+00:00,64.81873025800785,,,,341.062,-0.062,-0.875,23.0,-79.062,-15.188,-43.0,-0.006,0.01,0.033,-0.56,0.06,9.16,-0.56,-0.09,-0.64,0.0,0.15,9.8,2.0825,7.5,10.0,0.0,0.0,6.0,1016.88,67.13,-15.59
2025-03-24 18:40:44.151000+00:00,64.81873025800785,,,,341.062,-0.062,-0.875,23.0,-79.062,-15.188,-43.0,-0.006,0.01,0.033,-0.56,0.06,9.16,-0.56,-0.09,-0.64,0.0,0.15,9.8,2.0825,7.5,10.0,0.0,0.0,6.0,1016.88,67.13,-15.59
2025-03-24 18:40:45.230000+00:00,64.81873025800785,,,,341.062,-0.062,-0.875,23.0,-79.062,-15.188,-43.0,-0.006,0.01,0.033,-0.56,0.06,9.16,-0.56,-0.09,-0.64,0.0,0.15,9.8,2.0825,7.5,10.0,0.0,0.0,6.0,1016.88,67.13,-15.59
2025-03-24 18:40:46.285000+00:00,64.81873025800785,,,,341.062,-0.062,-0.875,23.0,-79.062,-15.188,-43.0,-0.006,0.01,0.033,-0.56,0.06,9.16,-0.56,-0.09,-0.64,0.0,0.15,9.8,2.0825,7.5,10.0,0.0,0.0,6.0,1016.88,67.13,-15.59
2025-03-24 18:40:47.429000+00:00,64.81873025800785,,,,341.062,-0.062,-0.875,23.0,-79.062,-15.188,-43.0,-0.006,0.01,0.033,-0.56,0.06,9.16,-0.56,-0.09,-0.64,0.0,0.15,9.8,2.0825,7.5,10.0,0.0,0.0,6.0,1016.88,67.13,-15.59
2025-03-24 18:40:48.574000+00:00,64.81873025800785,,,,341.062,-0.062,-0.875,23.0,-79.062,-15.188,-43.0,-0.006,0.01,0.033,-0.56,0.06,9.16,-0.56,-0.09,-0.64,0.0,0.15,9.8,2.0825,7.5,10.0,0.0,0.0,6.0,1016.88,67.13,-15.59
2025-03-24 18:40:50.028000+00:00,64.81873025800785,,,,341.062,-0.062,-0.875,23.0,-79.062,-15.188,-43.0,-0.006,0.01,0.033,-0.56,0.06,9.16,-0.56,-0.09,-0.64,0.0,0.15,9.8,2.0825,7.5,10.0,0.0,0.0,6.0,1016.88,67.13,-15.59
2025-03-24 18:40:51.196000+00:00,64.81873025800785,,,,341.062,-0.062,-0.875,23.0,-79.062,-15.188,-43.0,-0.006,0.01,0.033,-0.56,0.06,9.16,-0.56,-0.09,-0.64,0.0,0.15,9.8,2.0825,7.5,10.0,0.0,0.0,6.0,1016.88,67.13,-15.59
2025-03-24 18:40:52.130000+00:00,64.81873025800785,,,,341.062,-0.062,-0.875,23.0,-79.062,-15.188,-43.0,-0.006,0.01,0.033,-0.56,0.06,9.16,-0.56,-0.09,-0.64,0.0,0.15,9.8,2.0825,7.5,10.0,0.0,0.0,6.0,1016.88,67.13,-15.59
2025-03-24 18:40:53.250000+00:00,64.81873025800785,,,,341.062,-0.062,-0.875,23.0,-79.062,-15.188,-43.0,-0.006,0.01,0.033,-0.56,0.06,9.16,-0.56,-0.09,-0.64,0.0,0.15,9.8,2.0825,7.5,10.0,0.0,0.0,6.0,1016.88,67.13,-15.59
2025-03-24 18:40:54.304000+00:00,64.81873025800785,,,,341.062,-0.062,-0.875,23.0,-79.062,-15.188,-43.0,-0.006,0.01,0.033,-0.56,0.06,9.16,-0.56,-0.09,-0.64,0.0,0.15,9.8,2.0825,7.5,10.0,0.0,0.0,6.0,1016.88,67.13,-15.59
2025-03-24 18:40:55.448000+00:00,64.81873025800785,,,,341.062,-0.062,-0.875,23.0,-79.062,-15.188,-43.0,-0.006,0.01,0.033,-0.56,0.06,9.16,-0.56,-0.09,-0.64,0.0,0.15,9.8,2.0825,7.5,10.0,0.0,0.0,6.0,1016.88,67.13,-15.59
2025-03-24 18:40:56.596000+00:00,64.81873025800785,,,,341.062,-0.062,-0.875,23.0,-79.062,-15.188,-43.0,-0.006,0.01,0.033,-0.56,0.06,9.16,-0.56,-0.09,-0.64,0.0,0.15,9.8,2.0825,7.5,10.0,0.0,0.0,6.0,1016.88,67.13,-15.59
2025-03-24 18:40:57.682000+00:00,64.81873025800785,,,,341.062,-0.062,-0.875,23.0,-79.062,-15.188,-43.0,-0.006,0.01,0.033,-0.56,0.06,9.16,-0.56,-0.09,-0.64,0.0,0.15,9.8,2.0825,7.5,10.0,0.0,0.0,6.0,1016.88,67.13,-15.59
2025-03-24 18:40:59.093000+00:00,64.81873025800785,,,,341.062,-0.062,-0.875,23.0,-79.062,-15.188,-43.0,-0.006,0.01,0.033,-0.56,0.06,9.16,-0.56,-0.09,-0.64,0.0,0.15,9.8,2.0825,7.5,10.0,0.0,0.0,6.0,1016.88,67.13,-15.59
2025-03-24 18:41:00.290000+00:00,64.81873025800785,,,,341.062,-0.062,-0.875,23.0,-79.062,-15.188,-43.0,-0.006,0.01,0.033,-0.56,0.06,9.16,-0.56,-0.09,-0.64,0.0,0.15,9.8,2.0825,7.5,10.0,0.0,0.0,6.0,1016.88,67.13,-15.59
2025-03-24 18:41:01.252000+00:00,64.81873025800785,,,,341.062,-0.062,-0.875,23.0,-79.062,-15.188,-43.0,-0.006,0.01,0.033,-0.56,0.06,9.16,-0.56,-0.09,-0.64,0.0,0.15,9.8,2.0825,7.5,10.0,0.0,0.0,6.0,1016.88,67.13,-15.59
2025-03-24 18:41:02.278000+00:00,64.81873025800785,,,,341.062,-0.062,-0.875,23.0,-79.062,-15.188,-43.0,-0.006,0.01,0.033,-0.56,0.06,9.16,-0.56,-0.09,-0.64,0.0,0.15,9.8,2.0825,7.5,10.0,0.0,0.0,6.0,1016.88,67.13,-15.59
2025-03-24 18:41:03.370000+00:00,64.81873025800785,,,,341.062,-0.062,-0.875,23.0,-79.062,-15.188,-43.0,-0.006,0.01,0.033,-0.56,0.06,9.16,-0.56,-0.09,-0.64,0.0,0.15,9.8,2.0825,7.5,10.0,0.0,0.0,6.0,1016.88,67.13,-15.59
2025-03-24 18:41:04.515000+00:00,64.81873025800785,,,,341.062,-0.062,-0.875,23.0,-79.062,-15.188,-43.0,-0.006,0.01,0.033,-0.56,0.06,9.16,-0.56,-0.09,-0.64,0.0,0.15,9.8,2.0825,7.5,10.0,0.0,0.0,6.0,1016.88,67.13,-15.59
2025-03-24 18:41:05.659000+00:00,64.81873025800785,,,,341.062,-0.062,-0.875,23.0,-79.062,-15.188,-43.0,-0.006,0.01,0.033,-0.56,0.06,9.16,-0.56,-0.09,-0.64,0.0,0.15,9.8,2.0825,7.5,10.0,0.0,0.0,6.0,1016.88,67.13,-15.59
2025-03-24 18:41:07.130000+00:00,64.81873025800785,,,,341.062,-0.062,-0.875,23.0,-79.062,-15.188,-43.0,-0.006,0.01,0.033,-0.56,0.06,9.16,-0.56,-0.09,-0.64,0.0,0.15,9.8,2.0825,7.5,10.0,0.0,0.0,6.0,1016.88,67.13,-15.59
2025-03-24 18:41:08.169000+00:00,64.81873025800785,,,,341.062,-0.062,-0.875,23.0,-79.062,-15.188,-43.0,-0.006,0.01,0.033,-0.56,0.06,9.16,-0.56,-0.09,-0.64,0.0,0.15,9.8,2.0825,7.5,10.0,0.0,0.0,6.0,1016.88,67.13,-15.59
2025-03-24 18:41:09.400000+00:00,64.81873025800785,,,,341.062,-0.062,-0.875,23.0,-79.062,-15.188,-43.0,-0.006,0.01,0.033,-0.56,0.06,9.16,-0.56,-0.09,-0.64,0.0,0.15,9.8,2.0825,7.5,10.0,0.0,0.0,6.0,1016.88,67.13,-15.59
2025-03-24 18:40:10.674000+00:00,64.81873025800785,,,,341.062,-0.062,-0.875,23.0,-79.062,-15.188,-43.0,-0.006,0.01,0.033,-0.56,0.06,9.16,-0.56,-0.09,-0.64,0.0,0.15,9.8,2.0825,7.5,10.0,0.0,0.0,6.0,1016.88,67.13,-15.59
2025-03-24 18:40:11.674000+00:00,64.81873025800785,,,,341.062,-0.062,-0.875,23.0,-79.062,-15.188,-43.0,-0.006,0.01,0.033,-0.56,0.06,9.16,-0.56,-0.09,-0.64,0.0,0.15,9.8,2.0825,7.5,10.0,0.0,0.0,6.0,1016.88,67.13,-15.59
2025-03-24 18:40:12.694000+00:00,64.81873025800785,,,,341.062,-0.062,-0.875,23.0,-79.062,-15.188,-43.0,-0.006,0.01,0.033,-0.56,0.06,9.16,-0.56,-0.09,-0.64,0.0,0.15,9.8,2.0825,7.5,10.0,0.0,0.0,6.0,1016.88,67.13,-15.59
2025-03-24 18:40:13.696000+00:00,64.81873025800785,,,,341.062,-0.062,-0.875,23.0,-79.062,-15.188,-43.0,-0.006,0.01,0.033,-0.56,0.06,9.16,-0.56,-0.09,-0.64,0.0,0.15,9.8,2.0825,7.5,10.0,0.0,0.0,6.0,1016.88,67.13,-15.59
2025-03-24 18:40:14.914000+00:00,64.81873025800785,,,,341.062,-0.062,-0.875,23.0,-79.062,-15.188,-43.0,-0.006,0.01,0.033,-0.56,0.06,9.16,-0.56,-0.09,-0.64,0.0,0.15,9.8,2.0825,7.5,10.0,0.0,0.0,6.0,1016.88,67.13,-15.59
2025-03-24 18:40:15.989000+00:00,64.81873025800785,,,,341.062,-0.062,-0.875,23.0,-79.062,-15.188,-43.0,-0.006,0.01,0.033,-0.56,0.06,9.16,-0.56,-0.09,-0.64,0.0,0.15,9.8,2.0825,7.5,10.0,0.0,0.0,6.0,1016.88,67.13,-15.59
2025-03-24 18:40:16.926000+00:00,64.81873025800785,,,,341.062,-0.062,-0.875,23.0,-79.062,-15.188,-43.0,-0.006,0.01,0.033,-0.56,0.06,9.16,-0.56,-0.09,-0.64,0.0,0.15,9.8,2.0825,7.5,10.0,0.0,0.0,6.0,1016.88,67.13,-15.59
2025-03-24 18:40:18.074000+00:00,64.81873025800785,,,,341.062,-0.062,-0.875,23.0,-79.062,-15.188,-43.0,-0.006,0.01,0.033,-0.56,0.06,9.16,-0.56,-0.09,-0.64,0.0,0.15,9.8,2.0825,7.5,10.0,0.0,0.0,6.0,1016.88,67.13,-15.59
2025-03-24 18:40:19.217000+00:00,64.81873025800785,,,,341.062,-0.062,-0.875,23.0,-79.062,-15.188,-43.0,-0.006,0.01,0.033,-0.56,0.06,9.16,-0.56,-0.09,-0.64,0.0,0.15,9.8,2.0825,7.5,10.0,0.0,0.0,6.0,1016.88,67.13,-15.59
2025-03-24 18:40:20.363000+00:00,64.81873025800785,,,,341.062,-0.062,-0.875,23.0,-79.062,-15.188,-43.0,-0.006,0.01,0.033,-0.56,0.06,9.16,-0.56,-0.09,-0.64,0.0,0.15,9.8,2.0825,7.5,10.0,0.0,0.0,6.0,1016.88,67.13,-15.59
2025-03-24 18:40:21.783000+00:00,64.81873025800785,,,,341.062,-0.062,-0.875,23.0,-79.062,-15.188,-43.0,-0.006,0.01,0.033,-0.56,0.06,9.16,-0.56,-0.09,-0.64,0.0,0.15,9.8,2.0825,7.5,10.0,0.0,0.0,6.0,1016.88,67.13,-15.59
2025-03-24 18:40:22.783000+00:00,64.81873025800785,,,,341.062,-0.062,-0.875,23.0,-79.062,-15.188,-43.0,-0.006,0.01,0.033,-0.56,0.06,9.16,-0.56,-0.09,-0.64,0.0,0.15,9.8,2.0825,7.5,10.0,0.0,0.0,6.0,1016.88,67.13,-15.59
2025-03-24 18:40:23.779000+00:00,64.81873025800785,,,,341.062,-0.062,-0.875,23.0,-79.062,-15.188,-43.0,-0.006,0.01,0.033,-0.56,0.06,9.16,-0.56,-0.09,-0.64,0.0,0.15,9.8,2.0825,7.5,10.0,0.0,0.0,6.0,1016.88,67.13,-15.59
2025-03-24 18:40:24.803000+00:00,64.81873025800785,,,,341.062,-0.062,-0.875,23.0,-79.062,-15.188,-43.0,-0.006,0.01,0.033,-0.56,0.06,9.16,-0.56,-0.09,-0.64,0.0,0.15,9.8,2.0825,7.5,10.0,0.0,0.0,6.0,1016.88,67.13,-15.59
2025-03-24 18:40:26.033000+00:00,64.81873025800785,,,,341.062,-0.062,-0.875,23.0,-79.062,-15.188,-43.0,-0.006,0.01,0.033,-0.56,0.06,9.16,-0.56,-0.09,-0.64,0.0,0.15,9.8,2.0825,7.5,10.0,0.0,0.0,6.0,1016.88,67.13,-15.59
2025-03-24 18:40:26.982000+00:00,64.81873025800785,,,,341.062,-0.062,-0.875,23.0,-79.062,-15.188,-43.0,-0.006,0.01,0.033,-0.56,0.06,9.16,-0.56,-0.09,-0.64,0.0,0.15,9.8,2.0825,7.5,10.0,0.0,0.0,6.0,1016.88,67.13,-15.59
2025-03-24 18:40:28.069000+00:00,64.81873025800785,,,,341.062,-0.062,-0.875,23.0,-79.062,-15.188,-43.0,-0.006,0.01,0.033,-0.56,0.06,9.16,-0.56,-0.09,-0.64,0.0,0.15,9.8,2.0825,7.5,10.0,0.0,0.0,6.0,1016.88,67.13,-15.59
2025-03-24 18:40:29.035000+00:00,64.81873025800785,,,,341.062,-0.062,-0.875,23.0,-79.062,-15.188,-43.0,-0.006,0.01,0.033,-0.56,0.06,9.16,-0.56,-0.09,-0.64,0.0,0.15,9.8,2.0825,7.5,10.0,0.0,0.0,6.0,1016.88,67.13,-15.59
2025-03-24 18:40:30.082000+00:00,64.81873025800785,,,,341.062,-0.062,-0.875,23.0,-79.062,-15.188,-43.0,-0.006,0.01,0.033,-0.56,0.06,9.16,-0.56,-0.09,-0.64,0.0,0.15,9.8,2.0825,7.5,10.0,0.0,0.0,6.0,1016.88,67.13,-15.59
2025-03-24 18:40:31.230000+00:00,64.81873025800785,,,,341.062,-0.062,-0.875,23.0,-79.062,-15.188,-43.0,-0.006,0.01,0.033,-0.56,0.06,9.16,-0.56,-0.09,-0.64,0.0,0.15,9.8,2.0825,7.5,10.0,0.0,0.0,6.0,1016.88,67.13,-15.59
2025-03-24 18:40:32.372000+00:00,64.81873025800785,,,,341.062,-0.062,-0.875,23.0,-79.062,-15.188,-43.0,-0.006,0.01,0.033,-0.56,0.06,9.16,-0.56,-0.09,-0.64,0.0,0.15,9.8,2.0825,7.5,10.0,0.0,0.0,6.0,1016.88,67.13,-15.59
2025-03-24 18:40:33.618000+00:00,64.81873025800785,,,,341.062,-0.062,-0.875,23.0,-79.062,-15.188,-43.0,-0.006,0.01,0.033,-0.56,0.06,9.16,-0.56,-0.09,-0.64,0.0,0.15,9.8,2.0825,7.5,10.0,0.0,0.0,6.0,1016.88,67.13,-15.59
2025-03-24 18:40:34.908000+00:00,64.81873025800785,,,,341.062,-0.062,-0.875,23.0,-79.062,-15.188,-43.0,-0.006,0.01,0.033,-0.56,0.06,9.16,-0.56,-0.09,-0.64,0.0,0.15,9.8,2.0825,7.5,10.0,0.0,0.0,6.0,1016.88,67.13,-15.59
2025-03-24 18:40:36.069000+00:00,64.81873025800785,,,,341.062,-0.062,-0.875,23.0,-79.062,-15.188,-43.0,-0.006,0.01,0.033,-0.56,0.06,9.16,-0.56,-0.09,-0.64,0.0,0.15,9.8,2.0825,7.5,10.0,0.0,0.0,6.0,1016.88,67.13,-15.59
2025-03-24 18:40:37.139000+00:00,64.81873025800785,,,,341.062,-0.062,-0.875,23.0,-79.062,-15.188,-43.0,-0.006,0.01,0.033,-0.56,0.06,9.16,-0.56,-0.09,-0.64,0.0,0.15,9.8,2.0825,7.5,10.0,0.0,0.0,6.0,1016.88,67.13,-15.59
2025-03-24 18:40:38.179000+00:00,64.81873025800785,,,,341.062,-0.062,-0.875,23.0,-79.062,-15.188,-43.0,-0.006,0.01,0.033,-0.56,0.06,9.16,-0.56,-0.09,-0.64,0.0,0.15,9.8,2.0825,7.5,10.0,0.0,0.0,6.0,1016.88,67.13,-15.59
2025-03-24 18:40:39.922000+00:00,64.81873025800785,,,,341.062,-0.062,-0.875,23.0,-79.062,-15.188,-43.0,-0.006,0.01,0.033,-0.56,0.06,9.16,-0.56,-0.09,-0.64,0.0,0.15,9.8,2.0825,7.5,10.0,0.0,0.0,6.0,1016.88,67.13,-15.59
2025-03-24 18:40:40.963000+00:00,64.81873025800785,,,,341.062,-0.062,-0.875,23.0,-79.062,-15.188,-43.0,-0.006,0.01,0.033,-0.56,0.06,9.16,-0.56,-0.09,-0.64,0.0,0.15,9.8,2.0825,7.5,10.0,0.0,0.0,6.0,1016.88,67.13,-15.59
2025-03-24 18:40:41.962000+00:00,64.81873025800785,,,,341.062,-0.062,-0.875,23.0,-79.062,-15.188,-43.0,-0.006,0.01,0.033,-0.56,0.06,9.16,-0.56,-0.09,-0.64,0.0,0.15,9.8,2.0825,7.5,10.0,0.0,0.0,6.0,1016.88,67.13,-15.59
2025-03-24 18:40:43.252000+00:00,64.81873025800785,,,,341.062,-0.062,-0.875,23.0,-79.062,-15.188,-43.0,-0.006,0.01,0.033,-0.56,0.06,9.16,-0.56,-0.09,-0.64,0.0,0.15,9.8,2.0825,7.5,10.0,0.0,0.0,6.0,1016.88,67.13,-15.59
2025-03-24 18:40:44.208000+00:00,64.81873025800785,,,,341.062,-0.062,-0.875,23.0,-79.062,-15.188,-43.0,-0.006,0.01,0.033,-0.56,0.06,9.16,-0.56,-0.09,-0.64,0.0,0.15,9.8,2.0825,7.5,10.0,0.0,0.0,6.0,1016.88,67.13,-15.59
2025-03-24 18:40:45.283000+00:00,64.81873025800785,,,,341.062,-0.062,-0.875,23.0,-79.062,-15.188,-43.0,-0.006,0.01,0.033,-0.56,0.06,9.16,-0.56,-0.09,-0.64,0.0,0.15,9.8,2.0825,7.5,10.0,0.0,0.0,6.0,1016.88,67.13,-15.59
2025-03-24 18:40:46.332000+00:00,64.81873025800785,,,,341.062,-0.062,-0.875,23.0,-79.062,-15.188,-43.0,-0.006,0.01,0.033,-0.56,0.06,9.16,-0.56,-0.09,-0.64,0.0,0.15,9.8,2.0825,7.5,10.0,0.0,0.0,6.0,1016.88,67.13,-15.59
2025-03-24 18:40:47.483000+00:00,64.81873025800785,,,,341.062,-0.062,-0.875,23.0,-79.062,-15.188,-43.0,-0.006,0.01,0.033,-0.56,0.06,9.16,-0.56,-0.09,-0.64,0.0,0.15,9.8,2.0825,7.5,10.0,0.0,0.0,6.0,1016.88,67.13,-15.59
2025-03-24 18:40:48.629000+00:00,64.81873025800785,,,,341.062,-0.062,-0.875,23.0,-79.062,-15.188,-43.0,-0.006,0.01,0.033,-0.56,0.06,9.16,-0.56,-0.09,-0.64,0.0,0.15,9.8,2.0825,7.5,10.0,0.0,0.0,6.0,1016.88,67.13,-15.59
2025-03-24 18:40:50.080000+00:00,64.81873025800785,,,,341.062,-0.062,-0.875,23.0,-79.062,-15.188,-43.0,-0.006,0.01,0.033,-0.56,0.06,9.16,-0.56,-0.09,-0.64,0.0,0.15,9.8,2.0825,7.5,10.0,0.0,0.0,6.0,1016.88,67.13,-15.59
2025-03-24 18:40:51.257000+00:00,64.81873025800785,,,,341.062,-0.062,-0.875,23.0,-79.062,-15.188,-43.0,-0.006,0.01,0.033,-0.56,0.06,9.16,-0.56,-0.09,-0.64,0.0,0.15,9.8,2.0825,7.5,10.0,0.0,0.0,6.0,1016.88,67.13,-15.59
2025-03-24 18:40:52.180000+00:00,64.81873025800785,,,,341.062,-0.062,-0.875,23.0,-79.062,-15.188,-43.0,-0.006,0.01,0.033,-0.56,0.06,9.16,-0.56,-0.09,-0.64,0.0,0.15,9.8,2.0825,7.5,10.0,0.0,0.0,6.0,1016.88,67.13,-15.59
2025-03-24 18:40:53.306000+00:00,64.81873025800785,,,,341.062,-0.062,-0.875,23.0,-79.062,-15.188,-43.0,-0.006,0.01,0.033,-0.56,0.06,9.16,-0.56,-0.09,-0.64,0.0,0.15,9.8,2.0825,7.5,10.0,0.0,0.0,6.0,1016.88,67.13,-15.59
2025-03-24 18:40:54.357000+00:00,64.81873025800785,,,,341.062,-0.062,-0.875,23.0,-79.062,-15.188,-43.0,-0.006,0.01,0.033,-0.56,0.06,9.16,-0.56,-0.09,-0.64,0.0,0.15,9.8,2.0825,7.5,10.0,0.0,0.0,6.0,1016.88,67.13,-15.59
2025-03-24 18:40:55.504000+00:00,64.81873025800785,,,,341.062,-0.062,-0.875,23.0,-79.062,-15.188,-43.0,-0.006,0.01,0.033,-0.56,0.06,9.16,-0.56,-0.09,-0.64,0.0,0.15,9.8,2.0825,7.5,10.0,0.0,0.0,6.0,1016.88,67.13,-15.59
2025-03-24 18:40:56.655000+00:00,64.81873025800785,,,,341.062,-0.062,-0.875,23.0,-79.062,-15.188,-43.0,-0.006,0.01,0.033,-0.56,0.06,9.16,-0.56,-0.09,-0.64,0.0,0.15,9.8,2.0825,7.5,10.0,0.0,0.0,6.0,1016.88,67.13,-15.59
2025-03-24 18:40:57.731000+00:00,64.81873025800785,,,,341.062,-0.062,-0.875,23.0,-79.062,-15.188,-43.0,-0.006,0.01,0.033,-0.56,0.06,9.16,-0.56,-0.09,-0.64,0.0,0.15,9.8,2.0825,7.5,10.0,0.0,0.0,6.0,1016.88,67.13,-15.59
2025-03-24 18:40:59.145000+00:00,64.81873025800785,,,,341.062,-0.062,-0.875,23.0,-79.062,-15.188,-43.0,-0.006,0.01,0.033,-0.56,0.06,9.16,-0.56,-0.09,-0.64,0.0,0.15,9.8,2.0825,7.5,10.0,0.0,0.0,6.0,1016.88,67.13,-15.59
2025-03-24 18:41:00.346000+00:00,64.81873025800785,,,,341.062,-0.062,-0.875,23.0,-79.062,-15.188,-43.0,-0.006,0.01,0.033,-0.56,0.06,9.16,-0.56,-0.09,-0.64,0.0,0.15,9.8,2.0825,7.5,10.0,0.0,0.0,6.0,1016.88,67.13,-15.59
2025-03-24 18:41:01.305000+00:00,64.81873025800785,,,,341.062,-0.062,-0.875,23.0,-79.062,-15.188,-43.0,-0.006,0.01,0.033,-0.56,0.06,9.16,-0.56,-0.09,-0.64,0.0,0.15,9.8,2.0825,7.5,10.0,0.0,0.0,6.0,1016.88,67.13,-15.59
2025-03-24 18:41:02.330000+00:00,64.81873025800785,,,,341.062,-0.062,-0.875,23.0,-79.062,-15.188,-43.0,-0.006,0.01,0.033,-0.56,0.06,9.16,-0.56,-0.09,-0.64,0.0,0.15,9.8,2.0825,7.5,10.0,0.0,0.0,6.0,1016.88,67.13,-15.59
2025-03-24 18:41:03.424000+00:00,64.81873025800785,,,,341.062,-0.062,-0.875,23.0,-79.062,-15.188,-43.0,-0.006,0.01,0.033,-0.56,0.06,9.16,-0.56,-0.09,-0.64,0.0,0.15,9.8,2.0825,7.5,10.0,0.0,0.0,6.0,1016.88,67.13,-15.59
2025-03-24 18:41:04.571000+00:00,64.81873025800785,,,,341.062,-0.062,-0.875,23.0,-79.062,-15.188,-43.0,-0.006,0.01,0.033,-0.56,0.06,9.16,-0.56,-0.09,-0.64,0.0,0.15,9.8,2.0825,7.5,10.0,0.0,0.0,6.0,1016.88,67.13,-15.59
2025-03-24 18:41:05.715000+00:00,64.81873025800785,,,,341.062,-0.062,-0.875,23.0,-79.062,-15.188,-43.0,-0.006,0.01,0.033,-0.56,0.06,9.16,-0.56,-0.09,-0.64,0.0,0.15,9.8,2.0825,7.5,10.0,0.0,0.0,6.0,1016.88,67.13,-15.59
2025-03-24 18:41:07.179000+00:00,64.81873025800785,,,,341.062,-0.062,-0.875,23.0,-79.062,-15.188,-43.0,-0.006,0.01,0.033,-0.56,0.06,9.16,-0.56,-0.09,-0.64,0.0,0.15,9.8,2.0825,7.5,10.0,0.0,0.0,6.0,1016.88,67.13,-15.59
2025-03-24 18:41:08.230000+00:00,64.81873025800785,,,,341.062,-0.062,-0.875,23.0,-79.062,-15.188,-43.0,-0.006,0.01,0.033,-0.56,0.06,9.16,-0.56,-0.09,-0.64,0.0,0.15,9.8,2.0825,7.5,10.0,0.0,0.0,6.0,1016.88,67.13,-15.59
2025-03-24 18:41:09.453000+00:00,64.81873025800785,,,,341.062,-0.062,-0.875,23.0,-79.062,-15.188,-43.0,-0.006,0.01,0.033,-0.56,0.06,9.16,-0.56,-0.09,-0.64,0.0,0.15,9.8,2.0825,7.5,10.0,0.0,0.0,6.0,1016.88,67.13,-15.59
2025-03-24 18:40:10.830000+00:00,64.81873025800785,,,,341.062,-0.062,-0.875,23.0,-79.062,-15.188,-43.0,-0.006,0.01,0.033,-0.56,0.06,9.16,-0.56,-0.09,-0.64,0.0,0.15,9.8,2.0825,7.5,10.0,0.0,0.0,6.0,1016.88,67.13,-15.59
2025-03-24 18:40:11.834000+00:00,64.81873025800785,,,,341.062,-0.062,-0.875,23.0,-79.062,-15.188,-43.0,-0.006,0.01,0.033,-0.56,0.06,9.16,-0.56,-0.09,-0.64,0.0,0.15,9.8,2.0825,7.5,10.0,0.0,0.0,6.0,1016.88,67.13,-15.59
2025-03-24 18:40:12.845000+00:00,64.81873025800785,,,,341.062,-0.062,-0.875,23.0,-79.062,-15.188,-43.0,-0.006,0.01,0.033,-0.56,0.06,9.16,-0.56,-0.09,-0.64,0.0,0.15,9.8,2.0825,7.5,10.0,0.0,0.0,6.0,1016.88,67.13,-15.59
2025-03-24 18:40:13.854000+00:00,64.81873025800785,,,,341.062,-0.062,-0.875,23.0,-79.062,-15.188,-43.0,-0.006,0.01,0.033,-0.56,0.06,9.16,-0.56,-0.09,-0.64,0.0,0.15,9.8,2.0825,7.5,10.0,0.0,0.0,6.0,1016.88,67.13,-15.59
2025-03-24 18:40:15.080000+00:00,64.81873025800785,,,,341.062,-0.062,-0.875,23.0,-79.062,-15.188,-43.0,-0.006,0.01,0.033,-0.56,0.06,9.16,-0.56,-0.09,-0.64,0.0,0.15,9.8,2.0825,7.5,10.0,0.0,0.0,6.0,1016.88,67.13,-15.59
2025-03-24 18:40:16.134000+00:00,64.81873025800785,,,,341.062,-0.062,-0.875,23.0,-79.062,-15.188,-43.0,-0.006,0.01,0.033,-0.56,0.06,9.16,-0.56,-0.09,-0.64,0.0,0.15,9.8,2.0825,7.5,10.0,0.0,0.0,6.0,1016.88,67.13,-15.59
2025-03-24 18:40:17.100000+00:00,64.81873025800785,,,,341.062,-0.062,-0.875,23.0,-79.062,-15.188,-43.0,-0.006,0.01,0.033,-0.56,0.06,9.16,-0.56,-0.09,-0.64,0.0,0.15,9.8,2.0825,7.5,10.0,0.0,0.0,6.0,1016.88,67.13,-15.59
2025-03-24 18:40:18.225000+00:00,64.81873025800785,,,,341.062,-0.062,-0.875,23.0,-79.062,-15.188,-43.0,-0.006,0.01,0.033,-0.56,0.06,9.16,-0.56,-0.09,-0.64,0.0,0.15,9.8,2.0825,7.5,10.0,0.0,0.0,6.0,1016.88,67.13,-15.59
2025-03-24 18:40:19.379000+00:00,64.81873025800785,,,,341.062,-0.062,-0.875,23.0,-79.062,-15.188,-43.0,-0.006,0.01,0.033,-0.56,0.06,9.16,-0.56,-0.09,-0.64,0.0,0.15,9.8,2.0825,7.5,10.0,0.0,0.0,6.0,1016.88,67.13,-15.59
2025-03-24 18:40:20.513000+00:00,64.81873025800785,,,,341.062,-0.062,-0.875,23.0,-79.062,-15.188,-43.0,-0.006,0.01,0.033,-0.56,0.06,9.16,-0.56,-0.09,-0.64,0.0,0.15,9.8,2.0825,7.5,10.0,0.0,0.0,6.0,1016.88,67.13,-15.59
2025-03-24 18:40:21.944000+00:00,64.81873025800785,,,,341.062,-0.062,-0.875,23.0,-79.062,-15.188,-43.0,-0.006,0.01,0.033,-0.56,0.06,9.16,-0.56,-0.09,-0.64,0.0,0.15,9.8,2.0825,7.5,10.0,0.0,0.0,6.0,1016.88,67.13,-15.59
2025-03-24 18:40:22.943000+00:00,64.81873025800785,,,,341.062,-0.062,-0.875,23.0,-79.062,-15.188,-43.0,-0.006,0.01,0.033,-0.56,0.06,9.16,-0.56,-0.09,-0.64,0.0,0.15,9.8,2.0825,7.5,10.0,0.0,0.0,6.0,1016.88,67.13,-15.59
2025-03-24 18:40:23.959000+00:00,64.81873025800785,,,,341.062,-0.062,-0.875,23.0,-79.062,-15.188,-43.0,-0.006,0.01,0.033,-0.56,0.06,9.16,-0.56,-0.09,-0.64,0.0,0.15,9.8,2.0825,7.5,10.0,0.0,0.0,6.0,1016.88,67.13,-15.59
2025-03-24 18:40:24.953000+00:00,64.81873025800785,,,,341.062,-0.062,-0.875,23.0,-79.062,-15.188,-43.0,-0.006,0.01,0.033,-0.56,0.06,9.16,-0.56,-0.09,-0.64,0.0,0.15,9.8,2.0825,7.5,10.0,0.0,0.0,6.0,1016.88,67.13,-15.59
2025-03-24 18:40:26.193000+00:00,64.81873025800785,,,,341.062,-0.062,-0.875,23.0,-79.062,-15.188,-43.0,-0.006,0.01,0.033,-0.56,0.06,9.16,-0.56,-0.09,-0.64,0.0,0.15,9.8,2.0825,7.5,10.0,0.0,0.0,6.0,1016.88,67.13,-15.59
2025-03-24 18:40:27.132000+00:00,64.81873025800785,,,,341.062,-0.062,-0.875,23.0,-79.062,-15.188,-43.0,-0.006,0.01,0.033,-0.56,0.06,9.16,-0.56,-0.09,-0.64,0.0,0.15,9.8,2.0825,7.5,10.0,0.0,0.0,6.0,1016.88,67.13,-15.59
2025-03-24 18:40:28.224000+00:00,64.81873025800785,,,,341.062,-0.062,-0.875,23.0,-79.062,-15.188,-43.0,-0.006,0.01,0.033,-0.56,0.06,9.16,-0.56,-0.09,-0.64,0.0,0.15,9.8,2.0825,7.5,10.0,0.0,0.0,6.0,1016.88,67.13,-15.59
2025-03-24 18:40:29.193000+00:00,64.81873025800785,,,,341.062,-0.062,-0.875,23.0,-79.062,-15.188,-43.0,-0.006,0.01,0.033,-0.56,0.06,9.16,-0.56,-0.09,-0.64,0.0,0.15,9.8,2.0825,7.5,10.0,0.0,0.0,6.0,1016.88,67.13,-15.59
2025-03-24 18:40:30.239000+00:00,64.81873025800785,,,,341.062,-0.062,-0.875,23.0,-79.062,-15.188,-43.0,-0.006,0.01,0.033,-0.56,0.06,9.16,-0.56,-0.09,-0.64,0.0,0.15,9.8,2.0825,7.5,10.0,0.0,0.0,6.0,1016.88,67.13,-15.59
2025-03-24 18:40:31.399000+00:00,64.81873025800785,,,,341.062,-0.062,-0.875,23.0,-79.062,-15.188,-43.0,-0.006,0.01,0.033,-0.56,0.06,9.16,-0.56,-0.09,-0.64,0.0,0.15,9.8,2.0825,7.5,10.0,0.0,0.0,6.0,1016.88,67.13,-15.59
2025-03-24 18:40:32.533000+00:00,64.81873025800785,,,,341.062,-0.062,-0.875,23.0,-79.062,-15.188,-43.0,-0.006,0.01,0.033,-0.56,0.06,9.16,-0.56,-0.09,-0.64,0.0,0.15,9.8,2.0825,7.5,10.0,0.0,0.0,6.0,1016.88,67.13,-15.59
2025-03-24 18:40:33.779000+00:00,64.81873025800785,,,,341.062,-0.062,-0.875,23.0,-79.062,-15.188,-43.0,-0.006,0.01,0.033,-0.56,0.06,9.16,-0.56,-0.09,-0.64,0.0,0.15,9.8,2.0825,7.5,10.0,0.0,0.0,6.0,1016.88,67.13,-15.59
2025-03-24 18:40:35.055000+00:00,64.81873025800785,,,,341.062,-0.062,-0.875,23.0,-79.062,-15.188,-43.0,-0.006,0.01,0.033,-0.56,0.06,9.16,-0.56,-0.09,-0.64,0.0,0.15,9.8,2.0825,7.5,10.0,0.0,0.0,6.0,1016.88,67.13,-15.59
2025-03-24 18:40:36.242000+00:00,64.81873025800785,,,,341.062,-0.062,-0.875,23.0,-79.062,-15.188,-43.0,-0.006,0.01,0.033,-0.56,0.06,9.16,-0.56,-0.09,-0.64,0.0,0.15,9.8,2.0825,7.5,10.0,0.0,0.0,6.0,1016.88,67.13,-15.59
2025-03-24 18:40:37.293000+00:00,64.81873025800785,,,,341.062,-0.062,-0.875,23.0,-79.062,-15.188,-43.0,-0.006,0.01,0.033,-0.56,0.06,9.16,-0.56,-0.09,-0.64,0.0,0.15,9.8,2.0825,7.5,10.0,0.0,0.0,6.0,1016.88,67.13,-15.59
2025-03-24 18:40:38.359000+00:00,64.81873025800785,,,,341.062,-0.062,-0.875,23.0,-79.062,-15.188,-43.0,-0.006,0.01,0.033,-0.56,0.06,9.16,-0.56,-0.09,-0.64,0.0,0.15,9.8,2.0825,7.5,10.0,0.0,0.0,6.0,1016.88,67.13,-15.59
2025-03-24 18:40:40.082000+00:00,64.81873025800785,,,,341.062,-0.062,-0.875,23.0,-79.062,-15.188,-43.0,-0.006,0.01,0.033,-0.56,0.06,9.16,-0.56,-0.09,-0.64,0.0,0.15,9.8,2.0825,7.5,10.0,0.0,0.0,6.0,1016.88,67.13,-15.59
2025-03-24 18:40:41.122000+00:00,64.81873025800785,,,,341.062,-0.062,-0.875,23.0,-79.062,-15.188,-43.0,-0.006,0.01,0.033,-0.56,0.06,9.16,-0.56,-0.09,-0.64,0.0,0.15,9.8,2.0825,7.5,10.0,0.0,0.0,6.0,1016.88,67.13,-15.59
2025-03-24 18:40:42.121000+00:00,64.81873025800785,,,,341.062,-0.062,-0.875,23.0,-79.062,-15.188,-43.0,-0.006,0.01,0.033,-0.56,0.06,9.16,-0.56,-0.09,-0.64,0.0,0.15,9.8,2.0825,7.5,10.0,0.0,0.0,6.0,1016.88,67.13,-15.59
2025-03-24 18:40:43.424000+00:00,64.81873025800785,,,,341.062,-0.062,-0.875,23.0,-79.062,-15.188,-43.0,-0.006,0.01,0.033,-0.56,0.06,9.16,-0.56,-0.09,-0.64,0.0,0.15,9.8,2.0825,7.5,10.0,0.0,0.0,6.0,1016.88,67.13,-15.59
2025-03-24 18:40:44.384000+00:00,64.81873025800785,,,,341.062,-0.062,-0.875,23.0,-79.062,-15.188,-43.0,-0.006,0.01,0.033,-0.56,0.06,9.16,-0.56,-0.09,-0.64,0.0,0.15,9.8,2.0825,7.5,10.0,0.0,0.0,6.0,1016.88,67.13,-15.59
2025-03-24 18:40:45.464000+00:00,64.81873025800785,,,,341.062,-0.062,-0.875,23.0,-79.062,-15.188,-43.0,-0.006,0.01,0.033,-0.56,0.06,9.16,-0.56,-0.09,-0.64,0.0,0.15,9.8,2.0825,7.5,10.0,0.0,0.0,6.0,1016.88,67.13,-15.59
2025-03-24 18:40:46.491000+00:00,64.81873025800785,,,,341.062,-0.062,-0.875,23.0,-79.062,-15.188,-43.0,-0.006,0.01,0.033,-0.56,0.06,9.16,-0.56,-0.09,-0.64,0.0,0.15,9.8,2.0825,7.5,10.0,0.0,0.0,6.0,1016.88,67.13,-15.59
2025-03-24 18:40:47.631000+00:00,64.81873025800785,,,,341.062,-0.062,-0.875,23.0,-79.062,-15.188,-43.0,-0.006,0.01,0.033,-0.56,0.06,9.16,-0.56,-0.09,-0.64,0.0,0.15,9.8,2.0825,7.5,10.0,0.0,0.0,6.0,1016.88,67.13,-15.59
2025-03-24 18:40:48.781000+00:00,64.81873025800785,,,,341.062,-0.062,-0.875,23.0,-79.062,-15.188,-43.0,-0.006,0.01,0.033,-0.56,0.06,9.16,-0.56,-0.09,-0.64,0.0,0.15,9.8,2.0825,7.5,10.0,0.0,0.0,6.0,1016.88,67.13,-15.59
2025-03-24 18:40:50.236000+00:00,64.81873025800785,,,,341.062,-0.062,-0.875,23.0,-79.062,-15.188,-43.0,-0.006,0.01,0.033,-0.56,0.06,9.16,-0.56,-0.09,-0.64,0.0,0.15,9.8,2.0825,7.5,10.0,0.0,0.0,6.0,1016.88,67.13,-15.59
2025-03-24 18:40:51.410000+00:00,64.81873025800785,,,,341.062,-0.062,-0.875,23.0,-79.062,-15.188,-43.0,-0.006,0.01,0.033,-0.56,0.06,9.16,-0.56,-0.09,-0.64,0.0,0.15,9.8,2.0825,7.5,10.0,0.0,0.0,6.0,1016.88,67.13,-15.59
2025-03-24 18:40:52.340000+00:00,64.81873025800785,,,,341.062,-0.062,-0.875,23.0,-79.062,-15.188,-43.0,-0.006,0.01,0.033,-0.56,0.06,9.16,-0.56,-0.09,-0.64,0.0,0.15,9.8,2.0825,7.5,10.0,0.0,0.0,6.0,1016.88,67.13,-15.59
2025-03-24 18:40:53.486000+00:00,64.81873025800785,,,,341.062,-0.062,-0.875,23.0,-79.062,-15.188,-43.0,-0.006,0.01,0.033,-0.56,0.06,9.16,-0.56,-0.09,-0.64,0.0,0.15,9.8,2.0825,7.5,10.0,0.0,0.0,6.0,1016.88,67.13,-15.59
2025-03-24 18:40:54.527000+00:00,64.81873025800785,,,,341.062,-0.062,-0.875,23.0,-79.062,-15.188,-43.0,-0.006,0.01,0.033,-0.56,0.06,9.16,-0.56,-0.09,-0.64,0.0,0.15,9.8,2.0825,7.5,10.0,0.0,0.0,6.0,1016.88,67.13,-15.59
2025-03-24 18:40:55.650000+00:00,64.81873025800785,,,,341.062,-0.062,-0.875,23.0,-79.062,-15.188,-43.0,-0.006,0.01,0.033,-0.56,0.06,9.16,-0.56,-0.09,-0.64,0.0,0.15,9.8,2.0825,7.5,10.0,0.0,0.0,6.0,1016.88,67.13,-15.59
2025-03-24 18:40:56.800000+00:00,64.81873025800785,,,,341.062,-0.062,-0.875,23.0,-79.062,-15.188,-43.0,-0.006,0.01,0.033,-0.56,0.06,9.16,-0.56,-0.09,-0.64,0.0,0.15,9.8,2.0825,7.5,10.0,0.0,0.0,6.0,1016.88,67.13,-15.59
2025-03-24 18:40:57.879000+00:00,64.81873025800785,,,,341.062,-0.062,-0.875,23.0,-79.062,-15.188,-43.0,-0.006,0.01,0.033,-0.56,0.06,9.16,-0.56,-0.09,-0.64,0.0,0.15,9.8,2.0825,7.5,10.0,0.0,0.0,6.0,1016.88,67.13,-15.59
2025-03-24 18:40:59.300000+00:00,64.81873025800785,,,,341.062,-0.062,-0.875,23.0,-79.062,-15.188,-43.0,-0.006,0.01,0.033,-0.56,0.06,9.16,-0.56,-0.09,-0.64,0.0,0.15,9.8,2.0825,7.5,10.0,0.0,0.0,6.0,1016.88,67.13,-15.59
2025-03-24 18:41:00.526000+00:00,64.81873025800785,,,,341.062,-0.062,-0.875,23.0,-79.062,-15.188,-43.0,-0.006,0.01,0.033,-0.56,0.06,9.16,-0.56,-0.09,-0.64,0.0,0.15,9.8,2.0825,7.5,10.0,0.0,0.0,6.0,1016.88,67.13,-15.59
2025-03-24 18:41:01.464000+00:00,64.81873025800785,,,,341.062,-0.062,-0.875,23.0,-79.062,-15.188,-43.0,-0.006,0.01,0.033,-0.56,0.06,9.16,-0.56,-0.09,-0.64,0.0,0.15,9.8,2.0825,7.5,10.0,0.0,0.0,6.0,1016.88,67.13,-15.59
2025-03-24 18:41:02.496000+00:00,64.81873025800785,,,,341.062,-0.062,-0.875,23.0,-79.062,-15.188,-43.0,-0.006,0.01,0.033,-0.56,0.06,9.16,-0.56,-0.09,-0.64,0.0,0.15,9.8,2.0825,7.5,10.0,0.0,0.0,6.0,1016.88,67.13,-15.59
2025-03-24 18:41:03.586000+00:00,64.81873025800785,,,,341.062,-0.062,-0.875,23.0,-79.062,-15.188,-43.0,-0.006,0.01,0.033,-0.56,0.06,9.16,-0.56,-0.09,-0.64,0.0,0.15,9.8,2.0825,7.5,10.0,0.0,0.0,6.0,1016.88,67.13,-15.59
2025-03-24 18:41:04.721000+00:00,64.81873025800785,,,,341.062,-0.062,-0.875,23.0,-79.062,-15.188,-43.0,-0.006,0.01,0.033,-0.56,0.06,9.16,-0.56,-0.09,-0.64,0.0,0.15,9.8,2.0825,7.5,10.0,0.0,0.0,6.0,1016.88,67.13,-15.59
2025-03-24 18:41:05.881000+00:00,64.81873025800785,,,,341.062,-0.062,-0.875,23.0,-79.062,-15.188,-43.0,-0.006,0.01,0.033,-0.56,0.06,9.16,-0.56,-0.09,-0.64,0.0,0.15,9.8,2.0825,7.5,10.0,0.0,0.0,6.0,1016.88,67.13,-15.59
2025-03-24 18:41:07.329000+00:00,64.81873025800785,,,,341.062,-0.062,-0.875,23.0,-79.062,-15.188,-43.0,-0.006,0.01,0.033,-0.56,0.06,9.16,-0.56,-0.09,-0.64,0.0,0.15,9.8,2.0825,7.5,10.0,0.0,0.0,6.0,1016.88,67.13,-15.59
2025-03-24 18:41:08.400000+00:00,64.81873025800785,,,,341.062,-0.062,-0.875,23.0,-79.062,-15.188,-43.0,-0.006,0.01,0.033,-0.56,0.06,9.16,-0.56,-0.09,-0.64,0.0,0.15,9.8,2.0825,7.5,10.0,0.0,0.0,6.0,1016.88,67.13,-15.59
2025-03-24 18:41:09.609000+00:00,64.81873025800785,,,,341.062,-0.062,-0.875,23.0,-79.062,-15.188,-43.0,-0.006,0.01,0.033,-0.56,0.06,9.16,-0.56,-0.09,-0.64,0.0,0.15,9.8,2.0825,7.5,10.0,0.0,0.0,6.0,1016.88,67.13,-15.59
2025-03-24 18:40:10.774000+00:00,64.81873025800785,,,,341.062,-0.062,-0.875,23.0,-79.062,-15.188,-43.0,-0.006,0.01,0.033,-0.56,0.06,9.16,-0.56,-0.09,-0.64,0.0,0.15,9.8,2.0825,7.5,10.0,0.0,0.0,6.0,1016.88,67.13,-15.59
2025-03-24 18:40:11.786000+00:00,64.81873025800785,,,,341.062,-0.062,-0.875,23.0,-79.062,-15.188,-43.0,-0.006,0.01,0.033,-0.56,0.06,9.16,-0.56,-0.09,-0.64,0.0,0.15,9.8,2.0825,7.5,10.0,0.0,0.0,6.0,1016.88,67.13,-15.59
2025-03-24 18:40:12.794000+00:00,64.81873025800785,,,,341.062,-0.062,-0.875,23.0,-79.062,-15.188,-43.0,-0.006,0.01,0.033,-0.56,0.06,9.16,-0.56,-0.09,-0.64,0.0,0.15,9.8,2.0825,7.5,10.0,0.0,0.0,6.0,1016.88,67.13,-15.59
2025-03-24 18:40:13.803000+00:00,64.81873025800785,,,,341.062,-0.062,-0.875,23.0,-79.062,-15.188,-43.0,-0.006,0.01,0.033,-0.56,0.06,9.16,-0.56,-0.09,-0.64,0.0,0.15,9.8,2.0825,7.5,10.0,0.0,0.0,6.0,1016.88,67.13,-15.59
2025-03-24 18:40:15.020000+00:00,64.81873025800785,,,,341.062,-0.062,-0.875,23.0,-79.062,-15.188,-43.0,-0.006,0.01,0.033,-0.56,0.06,9.16,-0.56,-0.09,-0.64,0.0,0.15,9.8,2.0825,7.5,10.0,0.0,0.0,6.0,1016.88,67.13,-15.59
2025-03-24 18:40:16.083000+00:00,64.81873025800785,,,,341.062,-0.062,-0.875,23.0,-79.062,-15.188,-43.0,-0.006,0.01,0.033,-0.56,0.06,9.16,-0.56,-0.09,-0.64,0.0,0.15,9.8,2.0825,7.5,10.0,0.0,0.0,6.0,1016.88,67.13,-15.59
2025-03-24 18:40:17.040000+00:00,64.81873025800785,,,,341.062,-0.062,-0.875,23.0,-79.062,-15.188,-43.0,-0.006,0.01,0.033,-0.56,0.06,9.16,-0.56,-0.09,-0.64,0.0,0.15,9.8,2.0825,7.5,10.0,0.0,0.0,6.0,1016.88,67.13,-15.59
2025-03-24 18:40:18.174000+00:00,64.81873025800785,,,,341.062,-0.062,-0.875,23.0,-79.062,-15.188,-43.0,-0.006,0.01,0.033,-0.56,0.06,9.16,-0.56,-0.09,-0.64,0.0,0.15,9.8,2.0825,7.5,10.0,0.0,0.0,6.0,1016.88,67.13,-15.59
2025-03-24 18:40:19.326000+00:00,64.81873025800785,,,,341.062,-0.062,-0.875,23.0,-79.062,-15.188,-43.0,-0.006,0.01,0.033,-0.56,0.06,9.16,-0.56,-0.09,-0.64,0.0,0.15,9.8,2.0825,7.5,10.0,0.0,0.0,6.0,1016.88,67.13,-15.59
2025-03-24 18:40:20.464000+00:00,64.81873025800785,,,,341.062,-0.062,-0.875,23.0,-79.062,-15.188,-43.0,-0.006,0.01,0.033,-0.56,0.06,9.16,-0.56,-0.09,-0.64,0.0,0.15,9.8,2.0825,7.5,10.0,0.0,0.0,6.0,1016.88,67.13,-15.59
2025-03-24 18:40:21.893000+00:00,64.81873025800785,,,,341.062,-0.062,-0.875,23.0,-79.062,-15.188,-43.0,-0.006,0.01,0.033,-0.56,0.06,9.16,-0.56,-0.09,-0.64,0.0,0.15,9.8,2.0825,7.5,10.0,0.0,0.0,6.0,1016.88,67.13,-15.59
2025-03-24 18:40:22.892000+00:00,64.81873025800785,,,,341.062,-0.062,-0.875,23.0,-79.062,-15.188,-43.0,-0.006,0.01,0.033,-0.56,0.06,9.16,-0.56,-0.09,-0.64,0.0,0.15,9.8,2.0825,7.5,10.0,0.0,0.0,6.0,1016.88,67.13,-15.59
2025-03-24 18:40:23.899000+00:00,64.81873025800785,,,,341.062,-0.062,-0.875,23.0,-79.062,-15.188,-43.0,-0.006,0.01,0.033,-0.56,0.06,9.16,-0.56,-0.09,-0.64,0.0,0.15,9.8,2.0825,7.5,10.0,0.0,0.0,6.0,1016.88,67.13,-15.59
2025-03-24 18:40:24.903000+00:00,64.81873025800785,,,,341.062,-0.062,-0.875,23.0,-79.062,-15.188,-43.0,-0.006,0.01,0.033,-0.56,0.06,9.16,-0.56,-0.09,-0.64,0.0,0.15,9.8,2.0825,7.5,10.0,0.0,0.0,6.0,1016.88,67.13,-15.59
2025-03-24 18:40:26.146000+00:00,64.81873025800785,,,,341.062,-0.062,-0.875,23.0,-79.062,-15.188,-43.0,-0.006,0.01,0.033,-0.56,0.06,9.16,-0.56,-0.09,-0.64,0.0,0.15,9.8,2.0825,7.5,10.0,0.0,0.0,6.0,1016.88,67.13,-15.59
2025-03-24 18:40:27.083000+00:00,64.81873025800785,,,,341.062,-0.062,-0.875,23.0,-79.062,-15.188,-43.0,-0.006,0.01,0.033,-0.56,0.06,9.16,-0.56,-0.09,-0.64,0.0,0.15,9.8,2.0825,7.5,10.0,0.0,0.0,6.0,1016.88,67.13,-15.59
2025-03-24 18:40:28.173000+00:00,64.81873025800785,,,,341.062,-0.062,-0.875,23.0,-79.062,-15.188,-43.0,-0.006,0.01,0.033,-0.56,0.06,9.16,-0.56,-0.09,-0.64,0.0,0.15,9.8,2.0825,7.5,10.0,0.0,0.0,6.0,1016.88,67.13,-15.59
2025-03-24 18:40:29.142000+00:00,64.81873025800785,,,,341.062,-0.062,-0.875,23.0,-79.062,-15.188,-43.0,-0.006,0.01,0.033,-0.56,0.06,9.16,-0.56,-0.09,-0.64,0.0,0.15,9.8,2.0825,7.5,10.0,0.0,0.0,6.0,1016.88,67.13,-15.59
2025-03-24 18:40:30.182000+00:00,64.81873025800785,,,,341.062,-0.062,-0.875,23.0,-79.062,-15.188,-43.0,-0.006,0.01,0.033,-0.56,0.06,9.16,-0.56,-0.09,-0.64,0.0,0.15,9.8,2.0825,7.5,10.0,0.0,0.0,6.0,1016.88,67.13,-15.59
2025-03-24 18:40:31.339000+00:00,64.81873025800785,,,,341.062,-0.062,-0.875,23.0,-79.062,-15.188,-43.0,-0.006,0.01,0.033,-0.56,0.06,9.16,-0.56,-0.09,-0.64,0.0,0.15,9.8,2.0825,7.5,10.0,0.0,0.0,6.0,1016.88,67.13,-15.59
2025-03-24 18:40:32.484000+00:00,64.81873025800785,,,,341.062,-0.062,-0.875,23.0,-79.062,-15.188,-43.0,-0.006,0.01,0.033,-0.56,0.06,9.16,-0.56,-0.09,-0.64,0.0,0.15,9.8,2.0825,7.5,10.0,0.0,0.0,6.0,1016.88,67.13,-15.59
2025-03-24 18:40:33.719000+00:00,64.81873025800785,,,,341.062,-0.062,-0.875,23.0,-79.062,-15.188,-43.0,-0.006,0.01,0.033,-0.56,0.06,9.16,-0.56,-0.09,-0.64,0.0,0.15,9.8,2.0825,7.5,10.0,0.0,0.0,6.0,1016.88,67.13,-15.59
2025-03-24 18:40:35.007000+00:00,64.81873025800785,,,,341.062,-0.062,-0.875,23.0,-79.062,-15.188,-43.0,-0.006,0.01,0.033,-0.56,0.06,9.16,-0.56,-0.09,-0.64,0.0,0.15,9.8,2.0825,7.5,10.0,0.0,0.0,6.0,1016.88,67.13,-15.59
2025-03-24 18:40:36.190000+00:00,64.81873025800785,,,,341.062,-0.062,-0.875,23.0,-79.062,-15.188,-43.0,-0.006,0.01,0.033,-0.56,0.06,9.16,-0.56,-0.09,-0.64,0.0,0.15,9.8,2.0825,7.5,10.0,0.0,0.0,6.0,1016.88,67.13,-15.59
2025-03-24 18:40:37.245000+00:00,64.81873025800785,,,,341.062,-0.062,-0.875,23.0,-79.062,-15.188,-43.0,-0.006,0.01,0.033,-0.56,0.06,9.16,-0.56,-0.09,-0.64,0.0,0.15,9.8,2.0825,7.5,10.0,0.0,0.0,6.0,1016.88,67.13,-15.59
2025-03-24 18:40:38.292000+00:00,64.81873025800785,,,,341.062,-0.062,-0.875,23.0,-79.062,-15.188,-43.0,-0.006,0.01,0.033,-0.56,0.06,9.16,-0.56,-0.09,-0.64,0.0,0.15,9.8,2.0825,7.5,10.0,0.0,0.0,6.0,1016.88,67.13,-15.59
2025-03-24 18:40:40.032000+00:00,64.81873025800785,,,,341.062,-0.062,-0.875,23.0,-79.062,-15.188,-43.0,-0.006,0.01,0.033,-0.56,0.06,9.16,-0.56,-0.09,-0.64,0.0,0.15,9.8,2.0825,7.5,10.0,0.0,0.0,6.0,1016.88,67.13,-15.59
2025-03-24 18:40:41.072000+00:00,64.81873025800785,,,,341.062,-0.062,-0.875,23.0,-79.062,-15.188,-43.0,-0.006,0.01,0.033,-0.56,0.06,9.16,-0.56,-0.09,-0.64,0.0,0.15,9.8,2.0825,7.5,10.0,0.0,0.0,6.0,1016.88,67.11,-15.59
2025-03-24 18:40:42.068000+00:00,64.81873025800785,,,,341.062,-0.062,-0.875,23.0,-79.062,-15.188,-43.0,-0.006,0.01,0.033,-0.56,0.06,9.16,-0.56,-0.09,-0.64,0.0,0.15,9.8,2.0825,7.5,10.0,0.0,0.0,6.0,1016.88,67.11,-15.59
2025-03-24 18:40:43.368000+00:00,64.81873025800785,,,,341.062,-0.062,-0.875,23.0,-79.062,-15.188,-43.0,-0.006,0.01,0.033,-0.56,0.06,9.16,-0.56,-0.09,-0.64,0.0,0.15,9.8,2.0825,7.5,10.0,0.0,0.0,6.0,1016.88,67.11,-15.59
2025-03-24 18:40:44.328000+00:00,64.81873025800785,,,,341.062,-0.062,-0.875,23.0,-79.062,-15.188,-43.0,-0.006,0.01,0.033,-0.56,0.06,9.16,-0.56,-0.09,-0.64,0.0,0.15,9.8,2.0825,7.5,10.0,0.0,0.0,6.0,1016.88,67.11,-15.59
2025-03-24 18:40:45.407000+00:00,64.81873025800785,,,,341.062,-0.062,-0.875,23.0,-79.062,-15.188,-43.0,-0.006,0.01,0.033,-0.56,0.06,9.16,-0.56,-0.09,-0.64,0.0,0.15,9.8,2.0825,7.5,10.0,0.0,0.0,6.0,1016.88,67.11,-15.59
2025-03-24 18:40:46.431000+00:00,64.81873025800785,,,,341.062,-0.062,-0.875,23.0,-79.062,-15.188,-43.0,-0.006,0.01,0.033,-0.56,0.06,9.16,-0.56,-0.09,-0.64,0.0,0.15,9.8,2.0825,7.5,10.0,0.0,0.0,6.0,1016.88,67.11,-15.59
2025-03-24 18:40:47.581000+00:00,64.81873025800785,,,,341.062,-0.062,-0.875,23.0,-79.062,-15.188,-43.0,-0.006,0.01,0.033,-0.56,0.06,9.16,-0.56,-0.09,-0.64,0.0,0.15,9.8,2.0825,7.5,10.0,0.0,0.0,6.0,1016.88,67.11,-15.59
2025-03-24 18:40:48.730000+00:00,64.81873025800785,,,,341.062,-0.062,-0.875,23.0,-79.062,-15.188,-43.0,-0.006,0.01,0.033,-0.56,0.06,9.16,-0.56,-0.09,-0.64,0.0,0.15,9.8,2.0825,7.5,10.0,0.0,0.0,6.0,1016.88,67.11,-15.59
2025-03-24 18:40:50.180000+00:00,64.81873025800785,,,,341.062,-0.062,-0.875,23.0,-79.062,-15.188,-43.0,-0.006,0.01,0.033,-0.56,0.06,9.16,-0.56,-0.09,-0.64,0.0,0.15,9.8,2.0825,7.5,10.0,0.0,0.0,6.0,1016.88,67.11,-15.59
2025-03-24 18:40:51.360000+00:00,64.81873025800785,,,,341.062,-0.062,-0.875,23.0,-79.062,-15.188,-43.0,-0.006,0.01,0.033,-0.56,0.06,9.16,-0.56,-0.09,-0.64,0.0,0.15,9.8,2.0825,7.5,10.0,0.0,0.0,6.0,1016.88,67.11,-15.59
2025-03-24 18:40:52.295000+00:00,64.81873025800785,,,,341.062,-0.062,-0.875,23.0,-79.062,-15.188,-43.0,-0.006,0.01,0.033,-0.56,0.06,9.16,-0.56,-0.09,-0.64,0.0,0.15,9.8,2.0825,7.5,10.0,0.0,0.0,6.0,1016.88,67.11,-15.59
2025-03-24 18:40:53.426000+00:00,64.81873025800785,,,,341.062,-0.062,-0.875,23.0,-79.062,-15.188,-43.0,-0.006,0.01,0.033,-0.56,0.06,9.16,-0.56,-0.09,-0.64,0.0,0.15,9.8,2.0825,7.5,10.0,0.0,0.0,6.0,1016.88,67.11,-15.59
2025-03-24 18:40:54.466000+00:00,64.81873025800785,,,,341.062,-0.062,-0.875,23.0,-79.062,-15.188,-43.0,-0.006,0.01,0.033,-0.56,0.06,9.16,-0.56,-0.09,-0.64,0.0,0.15,9.8,2.0825,7.5,10.0,0.0,0.0,6.0,1016.88,67.11,-15.59
2025-03-24 18:40:55.604000+00:00,64.81873025800785,,,,341.062,-0.062,-0.875,23.0,-79.062,-15.188,-43.0,-0.006,0.01,0.033,-0.56,0.06,9.16,-0.56,-0.09,-0.64,0.0,0.15,9.8,2.0825,7.5,10.0,0.0,0.0,6.0,1016.88,67.11,-15.59
2025-03-24 18:40:56.750000+00:00,64.81873025800785,,,,341.062,-0.062,-0.875,23.0,-79.062,-15.188,-43.0,-0.006,0.01,0.033,-0.56,0.06,9.16,-0.56,-0.09,-0.64,0.0,0.15,9.8,2.0825,7.5,10.0,0.0,0.0,6.0,1016.88,67.11,-15.59
2025-03-24 18:40:57.830000+00:00,64.81873025800785,,,,341.062,-0.062,-0.875,23.0,-79.062,-15.188,-43.0,-0.006,0.01,0.033,-0.56,0.06,9.16,-0.56,-0.09,-0.64,0.0,0.15,9.8,2.0825,7.5,10.0,0.0,0.0,6.0,1016.88,67.11,-15.59
2025-03-24 18:40:59.250000+00:00,64.81873025800785,,,,341.062,-0.062,-0.875,23.0,-79.062,-15.188,-43.0,-0.006,0.01,0.033,-0.56,0.06,9.16,-0.56,-0.09,-0.64,0.0,0.15,9.8,2.0825,7.5,10.0,0.0,0.0,6.0,1016.88,67.11,-15.59
2025-03-24 18:41:00.466000+00:00,64.81873025800785,,,,341.062,-0.062,-0.875,23.0,-79.062,-15.188,-43.0,-0.006,0.01,0.033,-0.56,0.06,9.16,-0.56,-0.09,-0.64,0.0,0.15,9.8,2.0825,7.5,10.0,0.0,0.0,6.0,1016.88,67.11,-15.59
2025-03-24 18:41:01.413000+00:00,64.81873025800785,,,,341.062,-0.062,-0.875,23.0,-79.062,-15.188,-43.0,-0.006,0.01,0.033,-0.56,0.06,9.16,-0.56,-0.09,-0.64,0.0,0.15,9.8,2.0825,7.5,10.0,0.0,0.0,6.0,1016.88,67.11,-15.59
2025-03-24 18:41:02.439000+00:00,64.81873025800785,,,,341.062,-0.062,-0.875,23.0,-79.062,-15.188,-43.0,-0.006,0.01,0.033,-0.56,0.06,9.16,-0.56,-0.09,-0.64,0.0,0.15,9.8,2.0825,7.5,10.0,0.0,0.0,6.0,1016.88,67.11,-15.59
2025-03-24 18:41:03.526000+00:00,64.81873025800785,,,,341.062,-0.062,-0.875,23.0,-79.062,-15.188,-43.0,-0.006,0.01,0.033,-0.56,0.06,9.16,-0.56,-0.09,-0.64,0.0,0.15,9.8,2.0825,7.5,10.0,0.0,0.0,6.0,1016.88,67.11,-15.59
2025-03-24 18:41:04.671000+00:00,64.81873025800785,,,,341.062,-0.062,-0.875,23.0,-79.062,-15.188,-43.0,-0.006,0.01,0.033,-0.56,0.06,9.16,-0.56,-0.09,-0.64,0.0,0.15,9.8,2.0825,7.5,10.0,0.0,0.0,6.0,1016.88,67.11,-15.59
2025-03-24 18:41:05.826000+00:00,64.81873025800785,,,,341.062,-0.062,-0.875,23.0,-79.062,-15.188,-43.0,-0.006,0.01,0.033,-0.56,0.06,9.16,-0.56,-0.09,-0.64,0.0,0.15,9.8,2.0825,7.5,10.0,0.0,0.0,6.0,1016.88,67.11,-15.59
2025-03-24 18:41:07.279000+00:00,64.81873025800785,,,,341.062,-0.062,-0.875,23.0,-79.062,-15.188,-43.0,-0.006,0.01,0.033,-0.56,0.06,9.16,-0.56,-0.09,-0.64,0.0,0.15,9.8,2.0825,7.5,10.0,0.0,0.0,6.0,1016.88,67.11,-15.59
2025-03-24 18:41:08.339000+00:00,64.81873025800785,,,,341.062,-0.062,-0.875,23.0,-79.062,-15.188,-43.0,-0.006,0.01,0.033,-0.56,0.06,9.16,-0.56,-0.09,-0.64,0.0,0.15,9.8,2.0825,7.5,10.0,0.0,0.0,6.0,1016.88,67.11,-15.59
2025-03-24 18:41:09.560000+00:00,64.81873025800785,,,,341.062,-0.062,-0.875,23.0,-79.062,-15.188,-43.0,-0.006,0.01,0.033,-0.56,0.06,9.16,-0.56,-0.09,-0.64,0.0,0.15,9.8,2.0825,7.5,10.0,0.0,0.0,6.0,1016.88,67.11,-15.59
2025-03-24 18:40:10.890000+00:00,64.81873025800785,,,,341.062,-0.062,-0.875,23.0,-79.062,-15.188,-43.0,-0.006,0.01,0.033,-0.56,0.06,9.16,-0.56,-0.09,-0.64,0.0,0.15,9.8,2.0825,7.5,10.0,0.0,0.0,6.0,1016.88,67.11,-15.59
2025-03-24 18:40:11.883000+00:00,64.81873025800785,,,,341.062,-0.062,-0.875,23.0,-79.062,-15.188,-43.0,-0.006,0.01,0.033,-0.56,0.06,9.16,-0.56,-0.09,-0.64,0.0,0.15,9.8,2.0825,7.5,10.0,0.0,0.0,6.0,1016.88,67.11,-15.59
2025-03-24 18:40:12.893000+00:00,64.81873025800785,,,,341.062,-0.062,-0.875,23.0,-79.062,-15.188,-43.0,-0.006,0.01,0.033,-0.56,0.06,9.16,-0.56,-0.09,-0.64,0.0,0.15,9.8,2.0825,7.5,10.0,0.0,0.0,6.0,1016.88,67.11,-15.59
2025-03-24 18:40:13.915000+00:00,64.81873025800785,,,,341.062,-0.062,-0.875,23.0,-79.062,-15.188,-43.0,-0.006,0.01,0.033,-0.56,0.06,9.16,-0.56,-0.09,-0.64,0.0,0.15,9.8,2.0825,7.5,10.0,0.0,0.0,6.0,1016.88,67.11,-15.59
2025-03-24 18:40:15.140000+00:00,64.81873025800785,,,,341.062,-0.062,-0.875,23.0,-79.062,-15.188,-43.0,-0.006,0.01,0.033,-0.56,0.06,9.16,-0.56,-0.09,-0.64,0.0,0.15,9.8,2.0825,7.5,10.0,0.0,0.0,6.0,1016.88,67.11,-15.59
2025-03-24 18:40:16.185000+00:00,64.81873025800785,,,,341.062,-0.062,-0.875,23.0,-79.062,-15.188,-43.0,-0.006,0.01,0.033,-0.56,0.06,9.16,-0.56,-0.09,-0.64,0.0,0.15,9.8,2.0825,7.5,10.0,0.0,0.0,6.0,1016.88,67.11,-15.59
2025-03-24 18:40:17.165000+00:00,64.81873025800785,,,,341.062,-0.062,-0.875,23.0,-79.062,-15.188,-43.0,-0.006,0.01,0.033,-0.56,0.06,9.16,-0.56,-0.09,-0.64,0.0,0.15,9.8,2.0825,7.5,10.0,0.0,0.0,6.0,1016.88,67.11,-15.59
2025-03-24 18:40:18.274000+00:00,64.81873025800785,,,,341.062,-0.062,-0.875,23.0,-79.062,-15.188,-43.0,-0.006,0.01,0.033,-0.56,0.06,9.16,-0.56,-0.09,-0.64,0.0,0.15,9.8,2.0825,7.5,10.0,0.0,0.0,6.0,1016.88,67.11,-15.59
2025-03-24 18:40:19.433000+00:00,64.81873025800785,,,,341.062,-0.062,-0.875,23.0,-79.062,-15.188,-43.0,-0.006,0.01,0.033,-0.56,0.06,9.16,-0.56,-0.09,-0.64,0.0,0.15,9.8,2.0825,7.5,10.0,0.0,0.0,6.0,1016.88,67.11,-15.59
2025-03-24 18:40:20.569000+00:00,64.81873025800785,,,,341.062,-0.062,-0.875,23.0,-79.062,-15.188,-43.0,-0.006,0.01,0.033,-0.56,0.06,9.16,-0.56,-0.09,-0.64,0.0,0.15,9.8,2.0825,7.5,10.0,0.0,0.0,6.0,1016.88,67.11,-15.59
2025-03-24 18:40:21.993000+00:00,64.81873025800785,,,,341.062,-0.062,-0.875,23.0,-79.062,-15.188,-43.0,-0.006,0.01,0.033,-0.56,0.06,9.16,-0.56,-0.09,-0.64,0.0,0.15,9.8,2.0825,7.5,10.0,0.0,0.0,6.0,1016.88,67.11,-15.59
2025-03-24 18:40:22.993000+00:00,64.81873025800785,,,,341.062,-0.062,-0.875,23.0,-79.062,-15.188,-43.0,-0.006,0.01,0.033,-0.56,0.06,9.16,-0.56,-0.09,-0.64,0.0,0.15,9.8,2.0825,7.5,10.0,0.0,0.0,6.0,1016.88,67.11,-15.59
2025-03-24 18:40:24.013000+00:00,64.81873025800785,,,,341.062,-0.062,-0.875,23.0,-79.062,-15.188,-43.0,-0.006,0.01,0.033,-0.56,0.06,9.16,-0.56,-0.09,-0.64,0.0,0.15,9.8,2.0825,7.5,10.0,0.0,0.0,6.0,1016.88,67.11,-15.59
2025-03-24 18:40:25.004000+00:00,64.81873025800785,,,,341.062,-0.062,-0.875,23.0,-79.062,-15.188,-43.0,-0.006,0.01,0.033,-0.56,0.06,9.16,-0.56,-0.09,-0.64,0.0,0.15,9.8,2.0825,7.5,10.0,0.0,0.0,6.0,1016.88,67.11,-15.59
2025-03-24 18:40:26.246000+00:00,64.81873025800785,,,,341.062,-0.062,-0.875,23.0,-79.062,-15.188,-43.0,-0.006,0.01,0.033,-0.56,0.06,9.16,-0.56,-0.09,-0.64,0.0,0.15,9.8,2.0825,7.5,10.0,0.0,0.0,6.0,1016.88,67.11,-15.59
2025-03-24 18:40:27.183000+00:00,64.81873025800785,,,,341.062,-0.062,-0.875,23.0,-79.062,-15.188,-43.0,-0.006,0.01,0.033,-0.56,0.06,9.16,-0.56,-0.09,-0.64,0.0,0.15,9.8,2.0825,7.5,10.0,0.0,0.0,6.0,1016.88,67.11,-15.59
2025-03-24 18:40:28.279000+00:00,64.81873025800785,,,,341.062,-0.062,-0.875,23.0,-79.062,-15.188,-43.0,-0.006,0.01,0.033,-0.56,0.06,9.16,-0.56,-0.09,-0.64,0.0,0.15,9.8,2.0825,7.5,10.0,0.0,0.0,6.0,1016.88,67.11,-15.59
2025-03-24 18:40:29.243000+00:00,64.81873025800785,,,,341.062,-0.062,-0.875,23.0,-79.062,-15.188,-43.0,-0.006,0.01,0.033,-0.56,0.06,9.16,-0.56,-0.09,-0.64,0.0,0.15,9.8,2.0825,7.5,10.0,0.0,0.0,6.0,1016.88,67.11,-15.59
2025-03-24 18:40:30.299000+00:00,64.81873025800785,,,,341.062,-0.062,-0.875,23.0,-79.062,-15.188,-43.0,-0.006,0.01,0.033,-0.56,0.06,9.16,-0.56,-0.09,-0.64,0.0,0.15,9.8,2.0825,7.5,10.0,0.0,0.0,6.0,1016.88,67.11,-15.59
2025-03-24 18:40:31.458000+00:00,64.81873025800785,,,,341.062,-0.062,-0.875,23.0,-79.062,-15.188,-43.0,-0.006,0.01,0.033,-0.56,0.06,9.16,-0.56,-0.09,-0.64,0.0,0.15,9.8,2.0825,7.5,10.0,0.0,0.0,6.0,1016.88,67.11,-15.59
2025-03-24 18:40:32.584000+00:00,64.81873025800785,,,,341.062,-0.062,-0.875,23.0,-79.062,-15.188,-43.0,-0.006,0.01,0.033,-0.56,0.06,9.16,-0.56,-0.09,-0.64,0.0,0.15,9.8,2.0825,7.5,10.0,0.0,0.0,6.0,1016.88,67.11,-15.59
2025-03-24 18:40:33.833000+00:00,64.81873025800785,,,,341.062,-0.062,-0.875,23.0,-79.062,-15.188,-43.0,-0.006,0.01,0.033,-0.56,0.06,9.16,-0.56,-0.09,-0.64,0.0,0.15,9.8,2.0825,7.5,10.0,0.0,0.0,6.0,1016.88,67.11,-15.59
2025-03-24 18:40:35.110000+00:00,64.81873025800785,,,,341.062,-0.062,-0.875,23.0,-79.062,-15.188,-43.0,-0.006,0.01,0.033,-0.56,0.06,9.16,-0.56,-0.09,-0.64,0.0,0.15,9.8,2.0825,7.5,10.0,0.0,0.0,6.0,1016.88,67.11,-15.59
2025-03-24 18:40:36.294000+00:00,64.81873025800785,,,,341.062,-0.062,-0.875,23.0,-79.062,-15.188,-43.0,-0.006,0.01,0.033,-0.56,0.06,9.16,-0.56,-0.09,-0.64,0.0,0.15,9.8,2.0825,7.5,10.0,0.0,0.0,6.0,1016.88,67.11,-15.59
2025-03-24 18:40:37.343000+00:00,64.81873025800785,,,,341.062,-0.062,-0.875,23.0,-79.062,-15.188,-43.0,-0.006,0.01,0.033,-0.56,0.06,9.16,-0.56,-0.09,-0.64,0.0,0.15,9.8,2.0825,7.5,10.0,0.0,0.0,6.0,1016.88,67.11,-15.59
2025-03-24 18:40:38.419000+00:00,64.81873025800785,,,,341.062,-0.062,-0.875,23.0,-79.062,-15.188,-43.0,-0.006,0.01,0.033,-0.56,0.06,9.16,-0.56,-0.09,-0.64,0.0,0.15,9.8,2.0825,7.5,10.0,0.0,0.0,6.0,1016.88,67.11,-15.59
2025-03-24 18:40:40.132000+00:00,64.81873025800785,,,,341.062,-0.062,-0.875,23.0,-79.062,-15.188,-43.0,-0.006,0.01,0.033,-0.56,0.06,9.16,-0.56,-0.09,-0.64,0.0,0.15,9.8,2.0825,7.5,10.0,0.0,0.0,6.0,1016.88,67.11,-15.67
2025-03-24 18:40:41.171000+00:00,64.81873025800785,,,,341.062,-0.062,-0.875,23.0,-79.062,-15.188,-43.0,-0.006,0.01,0.033,-0.56,0.06,9.16,-0.56,-0.09,-0.64,0.0,0.15,9.8,2.0825,7.5,10.0,0.0,0.0,6.0,1016.88,67.11,-15.67
2025-03-24 18:40:42.171000+00:00,64.81873025800785,,,,341.062,-0.062,-0.875,23.0,-79.062,-15.188,-43.0,-0.006,0.01,0.033,-0.56,0.06,9.16,-0.56,-0.09,-0.64,0.0,0.15,9.8,2.0825,7.5,10.0,0.0,0.0,6.0,1016.88,67.11,-15.67
2025-03-24 18:40:43.482000+00:00,64.81873025800785,,,,341.062,-0.062,-0.875,23.0,-79.062,-15.188,-43.0,-0.006,0.01,0.033,-0.56,0.06,9.16,-0.56,-0.09,-0.64,0.0,0.15,9.8,2.0825,7.5,10.0,0.0,0.0,6.0,1016.88,67.11,-15.67
2025-03-24 18:40:44.438000+00:00,64.81873025800785,,,,341.062,-0.062,-0.875,23.0,-79.062,-15.188,-43.0,-0.006,0.01,0.033,-0.56,0.06,9.16,-0.56,-0.09,-0.64,0.0,0.15,9.8,2.0825,7.5,10.0,0.0,0.0,6.0,1016.88,67.11,-15.67
2025-03-24 18:40:45.511000+00:00,64.81873025800785,,,,341.062,-0.062,-0.875,23.0,-79.062,-15.188,-43.0,-0.006,0.01,0.033,-0.56,0.06,9.16,-0.56,-0.09,-0.64,0.0,0.15,9.8,2.0825,7.5,10.0,0.0,0.0,6.0,1016.88,67.11,-15.67
2025-03-24 18:40:46.540000+00:00,64.81873025800785,,,,341.062,-0.062,-0.875,23.0,-79.062,-15.188,-43.0,-0.006,0.01,0.033,-0.56,0.06,9.16,-0.56,-0.09,-0.64,0.0,0.15,9.8,2.0825,7.5,10.0,0.0,0.0,6.0,1016.88,67.11,-15.67
2025-03-24 18:40:47.681000+00:00,64.81873025800785,,,,341.062,-0.062,-0.875,23.0,-79.062,-15.188,-43.0,-0.006,0.01,0.033,-0.56,0.06,9.16,-0.56,-0.09,-0.64,0.0,0.15,9.8,2.0825,7.5,10.0,0.0,0.0,6.0,1016.88,67.11,-15.67
2025-03-24 18:40:48.837000+00:00,64.81873025800785,,,,341.062,-0.062,-0.875,23.0,-79.062,-15.188,-43.0,-0.006,0.01,0.033,-0.56,0.06,9.16,-0.56,-0.09,-0.64,0.0,0.15,9.8,2.0825,7.5,10.0,0.0,0.0,6.0,1016.88,67.11,-15.67
2025-03-24 18:40:50.297000+00:00,64.81873025800785,,,,341.062,-0.062,-0.875,23.0,-79.062,-15.188,-43.0,-0.006,0.01,0.033,-0.56,0.06,9.16,-0.56,-0.09,-0.64,0.0,0.15,9.8,2.0825,7.5,10.0,0.0,0.0,6.0,1016.88,67.11,-15.67
2025-03-24 18:40:51.466000+00:00,64.81873025800785,,,,341.062,-0.062,-0.875,23.0,-79.062,-15.188,-43.0,-0.006,0.01,0.033,-0.56,0.06,9.16,-0.56,-0.09,-0.64,0.0,0.15,9.8,2.0825,7.5,10.0,0.0,0.0,6.0,1016.88,67.11,-15.67
2025-03-24 18:40:52.396000+00:00,64.81873025800785,,,,341.062,-0.062,-0.875,23.0,-79.062,-15.188,-43.0,-0.006,0.01,0.033,-0.56,0.06,9.16,-0.56,-0.09,-0.64,0.0,0.15,9.8,2.0825,7.5,10.0,0.0,0.0,6.0,1016.88,67.11,-15.67
2025-03-24 18:40:53.546000+00:00,64.81873025800785,,,,341.062,-0.062,-0.875,23.0,-79.062,-15.188,-43.0,-0.006,0.01,0.033,-0.56,0.06,9.16,-0.56,-0.09,-0.64,0.0,0.15,9.8,2.0825,7.5,10.0,0.0,0.0,6.0,1016.88,67.11,-15.67
2025-03-24 18:40:54.586000+00:00,64.81873025800785,,,,341.062,-0.062,-0.875,23.0,-79.062,-15.188,-43.0,-0.006,0.01,0.033,-0.56,0.06,9.16,-0.56,-0.09,-0.64,0.0,0.15,9.8,2.0825,7.5,10.0,0.0,0.0,6.0,1016.88,67.11,-15.67
2025-03-24 18:40:55.700000+00:00,64.81873025800785,,,,341.062,-0.062,-0.875,23.0,-79.062,-15.188,-43.0,-0.006,0.01,0.033,-0.56,0.06,9.16,-0.56,-0.09,-0.64,0.0,0.15,9.8,2.0825,7.5,10.0,0.0,0.0,6.0,1016.88,67.11,-15.67
2025-03-24 18:40:56.856000+00:00,64.81873025800785,,,,341.062,-0.062,-0.875,23.0,-79.062,-15.188,-43.0,-0.006,0.01,0.033,-0.56,0.06,9.16,-0.56,-0.09,-0.64,0.0,0.15,9.8,2.0825,7.5,10.0,0.0,0.0,6.0,1016.88,67.11,-15.67
2025-03-24 18:40:57.934000+00:00,64.81873025800785,,,,341.062,-0.062,-0.875,23.0,-79.062,-15.188,-43.0,-0.006,0.01,0.033,-0.56,0.06,9.16,-0.56,-0.09,-0.64,0.0,0.15,9.8,2.0825,7.5,10.0,0.0,0.0,6.0,1016.88,67.11,-15.67
2025-03-24 18:40:59.350000+00:00,64.81873025800785,,,,341.062,-0.062,-0.875,23.0,-79.062,-15.188,-43.0,-0.006,0.01,0.033,-0.56,0.06,9.16,-0.56,-0.09,-0.64,0.0,0.15,9.8,2.0825,7.5,10.0,0.0,0.0,6.0,1016.88,67.11,-15.67
2025-03-24 18:41:00.586000+00:00,64.81873025800785,,,,341.062,-0.062,-0.875,23.0,-79.062,-15.188,-43.0,-0.006,0.01,0.033,-0.56,0.06,9.16,-0.56,-0.09,-0.64,0.0,0.15,9.8,2.0825,7.5,10.0,0.0,0.0,6.0,1016.88,67.11,-15.67
2025-03-24 18:41:01.514000+00:00,64.81873025800785,,,,341.062,-0.062,-0.875,23.0,-79.062,-15.188,-43.0,-0.006,0.01,0.033,-0.56,0.06,9.16,-0.56,-0.09,-0.64,0.0,0.15,9.8,2.0825,7.5,10.0,0.0,0.0,6.0,1016.88,67.11,-15.67
2025-03-24 18:41:02.556000+00:00,64.81873025800785,,,,341.062,-0.062,-0.875,23.0,-79.062,-15.188,-43.0,-0.006,0.01,0.033,-0.56,0.06,9.16,-0.56,-0.09,-0.64,0.0,0.15,9.8,2.0825,7.5,10.0,0.0,0.0,6.0,1016.88,67.11,-15.67
2025-03-24 18:41:03.640000+00:00,64.81873025800785,,,,341.062,-0.062,-0.875,23.0,-79.062,-15.188,-43.0,-0.006,0.01,0.033,-0.56,0.06,9.16,-0.56,-0.09,-0.64,0.0,0.15,9.8,2.0825,7.5,10.0,0.0,0.0,6.0,1016.88,67.11,-15.67
2025-03-24 18:41:04.769000+00:00,64.81873025800785,,,,341.062,-0.062,-0.875,23.0,-79.062,-15.188,-43.0,-0.006,0.01,0.033,-0.56,0.06,9.16,-0.56,-0.09,-0.64,0.0,0.15,9.8,2.0825,7.5,10.0,0.0,0.0,6.0,1016.88,67.11,-15.67
2025-03-24 18:41:05.940000+00:00,64.81873025800785,,,,341.062,-0.062,-0.875,23.0,-79.062,-15.188,-43.0,-0.006,0.01,0.033,-0.56,0.06,9.16,-0.56,-0.09,-0.64,0.0,0.15,9.8,2.0825,7.5,10.0,0.0,0.0,6.0,1016.88,67.11,-15.67
2025-03-24 18:41:07.380000+00:00,64.81873025800785,,,,341.062,-0.062,-0.875,23.0,-79.062,-15.188,-43.0,-0.006,0.01,0.033,-0.56,0.06,9.16,-0.56,-0.09,-0.64,0.0,0.15,9.8,2.0825,7.5,10.0,0.0,0.0,6.0,1016.88,67.11,-15.67
2025-03-24 18:41:08.460000+00:00,64.81873025800785,,,,341.062,-0.062,-0.875,23.0,-79.062,-15.188,-43.0,-0.006,0.01,0.033,-0.56,0.06,9.16,-0.56,-0.09,-0.64,0.0,0.15,9.8,2.0825,7.5,10.0,0.0,0.0,6.0,1016.88,67.11,-15.67
2025-03-24 18:41:09.660000+00:00,64.81873025800785,,,,341.062,-0.062,-0.875,23.0,-79.062,-15.188,-43.0,-0.006,0.01,0.033,-0.56,0.06,9.16,-0.56,-0.09,-0.64,0.0,0.15,9.8,2.0825,7.5,10.0,0.0,0.0,6.0,1016.88,67.11,-15.67
