,rpm_value,rpm_blade_1,rpm_blade_2,rpm_blade_3,orientation_heading,orientation_roll,orientation_pitch,temperature_value,magnetometer_mx,magnetometer_my,magnetometer_mz,gyroscope_gx,gyroscope_gy,gyroscope_gz,accelerometer_ax,accelerometer_ay,accelerometer_az,linear_acceleration_lx,linear_acceleration_ly,linear_acceleration_lz,gravity_grx,gravity_gry,gravity_grz,voltage_value,current_value,power_value,servo_value,speed_value,direction_value,pressure_value,humidity_value,altitude_value
2025-03-24 18:43:31.002000+00:00,55.59382629257442,,,,337.812,-0.562,-1.125,23.0,-109.5,1.75,-37.875,0.023,-0.013,-0.002,-0.53,0.25,9.36,-0.41,0.06,-0.44,-0.11,0.18,9.8,1.82625,0.0,0.0,0.0,5.0,8.0,1016.71,66.83,-13.96
2025-03-24 18:43:32.048000+00:00,56.741045588419375,,,,337.812,-0.562,-1.125,23.0,-109.5,1.75,-37.875,0.023,-0.013,-0.002,-0.53,0.25,9.36,-0.41,0.06,-0.44,-0.11,0.18,9.8,1.82625,0.0,0.0,0.0,5.0,8.0,1016.71,66.83,-13.96
2025-03-24 18:43:33.148000+00:00,56.1357040008816,,,,337.812,-0.562,-1.125,23.0,-109.5,1.75,-37.875,0.023,-0.013,-0.002,-0.53,0.25,9.36,-0.41,0.06,-0.44,-0.11,0.18,9.8,1.82625,0.0,0.0,0.0,5.0,8.0,1016.71,66.83,-13.96
2025-03-24 18:43:34.165000+00:00,56.135865361554224,,,,337.812,-0.562,-1.125,23.0,-109.5,1.75,-37.875,0.023,-0.013,-0.002,-0.53,0.25,9.36,-0.41,0.06,-0.44,-0.11,0.18,9.8,1.82625,0.0,0.0,0.0,5.0,8.0,1016.71,66.83,-13.96
2025-03-24 18:43:35.593000+00:00,55.53068739506007,,,,337.812,-0.562,-1.125,23.0,-109.5,1.75,-37.875,0.023,-0.013,-0.002,-0.53,0.25,9.36,-0.41,0.06,-0.44,-0.11,0.18,9.8,1.82625,0.0,0.0,0.0,5.0,8.0,1016.71,66.83,-13.96
2025-03-24 18:43:36.556000+00:00,55.2585496634468,,,,337.812,-0.562,-1.125,23.0,-109.5,1.75,-37.875,0.023,-0.013,-0.002,-0.53,0.25,9.36,-0.41,0.06,-0.44,-0.11,0.18,9.8,1.82625,0.0,0.0,0.0,5.0,8.0,1016.71,66.83,-13.96
2025-03-24 18:43:37.725000+00:00,56.17908339872531,,,,337.812,-0.562,-1.125,23.0,-109.5,1.75,-37.875,0.023,-0.013,-0.002,-0.53,0.25,9.36,-0.41,0.06,-0.44,-0.11,0.18,9.8,1.82625,0.0,0.0,0.0,5.0,8.0,1016.71,66.83,-13.96
2025-03-24 18:43:38.751000+00:00,55.90682868637157,,,,337.812,-0.562,-1.125,23.0,-109.5,1.75,-37.875,0.023,-0.013,-0.002,-0.53,0.25,9.36,-0.41,0.06,-0.44,-0.11,0.18,9.8,1.82625,0.0,0.0,0.0,5.0,8.0,1016.71,66.83,-13.96
2025-03-24 18:43:38.805000+00:00,55.634514001426055,,,,337.812,-0.562,-1.125,23.0,-109.5,1.75,-37.875,0.023,-0.013,-0.002,-0.53,0.25,9.36,-0.41,0.06,-0.44,-0.11,0.18,9.8,1.82625,0.0,0.0,0.0,5.0,8.0,1016.71,66.83,-13.96
2025-03-24 18:43:40.067000+00:00,55.634662099167244,,,,337.812,-0.562,-1.125,23.0,-109.5,1.75,-37.875,0.023,-0.013,-0.002,-0.53,0.25,9.36,-0.41,0.06,-0.44,-0.11,0.18,9.8,1.82625,0.0,0.0,0.0,5.0,8.0,1016.71,66.83,-13.96
2025-03-24 18:43:41.081000+00:00,55.634575942146185,,,,337.812,-0.562,-1.125,23.0,-109.5,1.75,-37.875,0.023,-0.013,-0.002,-0.53,0.25,9.36,-0.41,0.06,-0.44,-0.11,0.18,9.8,1.82625,0.0,0.0,0.0,5.0,8.0,1016.71,66.83,-13.96
2025-03-24 18:43:42.074000+00:00,55.63434580554993,,,,337.812,-0.562,-1.125,23.0,-109.5,1.75,-37.875,0.023,-0.013,-0.002,-0.53,0.25,9.36,-0.41,0.06,-0.44,-0.11,0.18,9.8,1.82625,0.0,0.0,0.0,5.0,8.0,1016.71,66.83,-13.96
2025-03-24 18:43:43.157000+00:00,55.634013006174676,,,,337.812,-0.562,-1.125,23.0,-109.5,1.75,-37.875,0.023,-0.013,-0.002,-0.53,0.25,9.36,-0.41,0.06,-0.44,-0.11,0.18,9.8,1.82625,0.0,0.0,0.0,5.0,8.0,1016.71,66.83,-13.96
2025-03-24 18:43:44.259000+00:00,55.633579914250184,,,,337.812,-0.562,-1.125,23.0,-109.5,1.75,-37.875,0.023,-0.013,-0.002,-0.53,0.25,9.36,-0.41,0.06,-0.44,-0.11,0.18,9.8,1.82625,0.0,0.0,0.0,5.0,8.0,1016.71,66.83,-13.96
2025-03-24 18:43:45.655000+00:00,55.633267177926015,,,,337.812,-0.562,-1.125,23.0,-109.5,1.75,-37.875,0.023,-0.013,-0.002,-0.53,0.25,9.36,-0.41,0.06,-0.44,-0.11,0.18,9.8,1.82625,0.0,0.0,0.0,5.0,8.0,1016.71,66.83,-13.96
2025-03-24 18:43:46.665000+00:00,55.63315446089881,,,,337.812,-0.562,-1.125,23.0,-109.5,1.75,-37.875,0.023,-0.013,-0.002,-0.53,0.25,9.36,-0.41,0.06,-0.44,-0.11,0.18,9.8,1.82625,0.0,0.0,0.0,5.0,8.0,1016.71,66.83,-13.96
2025-03-24 18:43:47.840000+00:00,55.36070369273091,,,,337.812,-0.562,-1.125,23.0,-109.5,1.75,-37.875,0.023,-0.013,-0.002,-0.53,0.25,9.36,-0.41,0.06,-0.44,-0.11,0.18,9.8,1.82625,0.0,0.0,0.0,5.0,8.0,1016.71,66.83,-13.96
2025-03-24 18:43:48.958000+00:00,55.088093610267606,,,,337.812,-0.562,-1.125,23.0,-109.5,1.75,-37.875,0.023,-0.013,-0.002,-0.53,0.25,9.36,-0.41,0.06,-0.44,-0.11,0.18,9.8,1.82625,0.0,0.0,0.0,5.0,8.0,1016.71,66.83,-13.96
2025-03-24 18:43:50.024000+00:00,54.815465480256435,,,,337.812,-0.562,-1.125,23.0,-109.5,1.75,-37.875,0.023,-0.013,-0.002,-0.53,0.25,9.36,-0.41,0.06,-0.44,-0.11,0.18,9.8,1.82625,0.0,0.0,0.0,5.0,8.0,1016.71,66.83,-13.96
2025-03-24 18:43:50.915000+00:00,54.81550914850527,,,,337.812,-0.562,-1.125,23.0,-109.5,1.75,-37.875,0.023,-0.013,-0.002,-0.53,0.25,9.36,-0.41,0.06,-0.44,-0.11,0.18,9.8,1.82625,0.0,0.0,0.0,5.0,8.0,1016.71,66.83,-13.96
2025-03-24 18:43:52.004000+00:00,54.54305937986807,,,,337.812,-0.562,-1.125,23.0,-109.5,1.75,-37.875,0.023,-0.013,-0.002,-0.53,0.25,9.36,-0.41,0.06,-0.44,-0.11,0.18,9.8,1.82625,0.0,0.0,0.0,5.0,8.0,1016.71,66.83,-13.96
2025-03-24 18:43:52.065000+00:00,54.54310186800437,,,,337.812,-0.562,-1.125,23.0,-109.5,1.75,-37.875,0.023,-0.013,-0.002,-0.53,0.25,9.36,-0.41,0.06,-0.44,-0.11,0.18,9.8,1.82625,0.0,0.0,0.0,5.0,8.0,1016.71,66.83,-13.96
2025-03-24 18:43:53.164000+00:00,54.81541793668534,,,,337.812,-0.562,-1.125,23.0,-109.5,1.75,-37.875,0.023,-0.013,-0.002,-0.53,0.25,9.36,-0.41,0.06,-0.44,-0.11,0.18,9.8,1.82625,0.0,0.0,0.0,5.0,8.0,1016.71,66.83,-13.96
2025-03-24 18:43:54.177000+00:00,54.54287024093226,,,,337.812,-0.562,-1.125,23.0,-109.5,1.75,-37.875,0.023,-0.013,-0.002,-0.53,0.25,9.36,-0.41,0.06,-0.44,-0.11,0.18,9.8,1.82625,0.0,0.0,0.0,5.0,8.0,1016.71,66.83,-13.96
2025-03-24 18:43:55.268000+00:00,54.542736285483294,,,,337.812,-0.562,-1.125,23.0,-109.5,1.75,-37.875,0.023,-0.013,-0.002,-0.53,0.25,9.36,-0.41,0.06,-0.44,-0.11,0.18,9.8,1.82625,0.0,0.0,0.0,5.0,8.0,1016.71,66.83,-13.96
2025-03-24 18:43:56.269000+00:00,54.81520741716853,,,,337.812,-0.562,-1.125,23.0,-109.5,1.75,-37.875,0.023,-0.013,-0.002,-0.53,0.25,9.36,-0.41,0.06,-0.44,-0.11,0.18,9.8,1.82625,0.0,0.0,0.0,5.0,8.0,1016.71,66.83,-13.96
2025-03-24 18:43:57.370000+00:00,55.041858470099534,,,,337.812,-0.562,-1.125,23.0,-109.5,1.75,-37.875,0.023,-0.013,-0.002,-0.53,0.25,9.36,-0.41,0.06,-0.44,-0.11,0.18,9.8,1.82625,0.0,0.0,0.0,5.0,8.0,1016.71,66.83,-13.96
2025-03-24 18:43:58.774000+00:00,55.041613586619505,,,,337.812,-0.562,-1.125,23.0,-109.5,1.75,-37.875,0.023,-0.013,-0.002,-0.53,0.25,9.36,-0.41,0.06,-0.44,-0.11,0.18,9.8,1.82625,0.0,0.0,0.0,5.0,8.0,1016.71,66.83,-13.96
2025-03-24 18:43:59.933000+00:00,55.04146724131992,,,,337.812,-0.562,-1.125,23.0,-109.5,1.75,-37.875,0.023,-0.013,-0.002,-0.53,0.25,9.36,-0.41,0.06,-0.44,-0.11,0.18,9.8,1.82625,0.0,0.0,0.0,5.0,8.0,1016.71,66.83,-13.96
2025-03-24 18:44:00.794000+00:00,55.31395395120595,,,,337.812,-0.562,-1.125,23.0,-109.5,1.75,-37.875,0.023,-0.013,-0.002,-0.53,0.25,9.36,-0.41,0.06,-0.44,-0.11,0.18,9.8,1.82625,0.0,0.0,0.0,5.0,8.0,1016.71,66.83,-13.96
2025-03-24 18:44:01.811000+00:00,55.58635553621407,,,,337.812,-0.562,-1.125,23.0,-109.5,1.75,-37.875,0.023,-0.013,-0.002,-0.53,0.25,9.36,-0.41,0.06,-0.44,-0.11,0.18,9.8,1.82625,0.0,0.0,0.0,5.0,8.0,1016.71,66.83,-13.96
2025-03-24 18:44:03.033000+00:00,55.58647532041192,,,,337.812,-0.562,-1.125,23.0,-109.5,1.75,-37.875,0.023,-0.013,-0.002,-0.53,0.25,9.36,-0.41,0.06,-0.44,-0.11,0.18,9.8,1.82625,0.0,0.0,0.0,5.0,8.0,1016.71,66.83,-13.96
2025-03-24 18:44:04.089000+00:00,55.58659037483143,,,,337.812,-0.562,-1.125,23.0,-109.5,1.75,-37.875,0.023,-0.013,-0.002,-0.53,0.25,9.36,-0.41,0.06,-0.44,-0.11,0.18,9.8,1.82625,0.0,0.0,0.0,5.0,8.0,1016.71,66.83,-13.96
2025-03-24 18:44:05.244000+00:00,55.85931489643154,,,,337.812,-0.562,-1.125,23.0,-109.5,1.75,-37.875,0.023,-0.013,-0.002,-0.53,0.25,9.36,-0.41,0.06,-0.44,-0.11,0.18,9.8,1.82625,0.0,0.0,0.0,5.0,8.0,1016.71,66.83,-13.96
2025-03-24 18:44:06.282000+00:00,56.13197425743583,,,,337.812,-0.562,-1.125,23.0,-109.5,1.75,-37.875,0.023,-0.013,-0.002,-0.53,0.25,9.36,-0.41,0.06,-0.44,-0.11,0.18,9.8,1.82625,0.0,0.0,0.0,5.0,8.0,1016.71,66.83,-13.96
2025-03-24 18:44:07.344000+00:00,56.13161787332713,,,,337.812,-0.562,-1.125,23.0,-109.5,1.75,-37.875,0.023,-0.013,-0.002,-0.53,0.25,9.36,-0.41,0.06,-0.44,-0.11,0.18,9.8,1.82625,0.0,0.0,0.0,5.0,8.0,1016.71,66.83,-13.96
2025-03-24 18:44:08.418000+00:00,56.404047222018356,,,,337.812,-0.562,-1.125,23.0,-109.5,1.75,-37.875,0.023,-0.013,-0.002,-0.53,0.25,9.36,-0.41,0.06,-0.44,-0.11,0.18,9.8,1.82625,0.0,0.0,0.0,5.0,8.0,1016.71,66.83,-13.96
2025-03-24 18:44:09.043000+00:00,56.40394161280975,,,,337.812,-0.562,-1.125,23.0,-109.5,1.75,-37.875,0.023,-0.013,-0.002,-0.53,0.25,9.36,-0.41,0.06,-0.44,-0.11,0.18,9.8,1.82625,0.0,0.0,0.0,5.0,8.0,1016.71,66.83,-13.96
2025-03-24 18:44:10.141000+00:00,56.67640194624842,,,,337.812,-0.562,-1.125,23.0,-109.5,1.75,-37.875,0.023,-0.013,-0.002,-0.53,0.25,9.36,-0.41,0.06,-0.44,-0.11,0.18,9.8,1.82625,0.0,0.0,0.0,5.0,8.0,1016.71,66.83,-13.96
2025-03-24 18:44:11.276000+00:00,56.948437732652664,,,,337.812,-0.562,-1.125,23.0,-109.5,1.75,-37.875,0.023,-0.013,-0.002,-0.53,0.25,9.36,-0.41,0.06,-0.44,-0.11,0.18,9.8,1.82625,0.0,0.0,0.0,5.0,8.0,1016.71,66.83,-13.96
2025-03-24 18:44:12.429000+00:00,56.948281949296856,,,,337.812,-0.562,-1.125,23.0,-109.5,1.75,-37.875,0.023,-0.013,-0.002,-0.53,0.25,9.36,-0.41,0.06,-0.44,-0.11,0.18,9.8,1.82625,0.0,0.0,0.0,5.0,8.0,1016.71,66.83,-13.96
2025-03-24 18:44:13.472000+00:00,57.2205403713383,,,,337.812,-0.562,-1.125,23.0,-109.5,1.75,-37.875,0.023,-0.013,-0.002,-0.53,0.25,9.36,-0.41,0.06,-0.44,-0.11,0.18,9.8,1.82625,0.0,0.0,0.0,5.0,8.0,1016.71,66.83,-13.96
2025-03-24 18:44:14.458000+00:00,57.22051109821392,,,,337.812,-0.562,-1.125,23.0,-109.5,1.75,-37.875,0.023,-0.013,-0.002,-0.53,0.25,9.36,-0.41,0.06,-0.44,-0.11,0.18,9.8,1.82625,0.0,0.0,0.0,5.0,8.0,1016.71,66.83,-13.96
2025-03-24 18:44:15.422000+00:00,57.49296882967915,,,,337.812,-0.562,-1.125,23.0,-109.5,1.75,-37.875,0.023,-0.013,-0.002,-0.53,0.25,9.36,-0.41,0.06,-0.44,-0.11,0.18,9.8,1.82625,0.0,0.0,0.0,5.0,8.0,1016.71,66.83,-13.96
2025-03-24 18:44:16.472000+00:00,57.492771166179786,,,,337.812,-0.562,-1.125,23.0,-109.5,1.75,-37.875,0.023,-0.013,-0.002,-0.53,0.25,9.36,-0.41,0.06,-0.44,-0.11,0.18,9.8,1.82625,0.0,0.0,0.0,5.0,8.0,1016.71,66.83,-13.96
2025-03-24 18:44:17.188000+00:00,57.492561979306664,,,,337.812,-0.562,-1.125,23.0,-109.5,1.75,-37.875,0.023,-0.013,-0.002,-0.53,0.25,9.36,-0.41,0.06,-0.44,-0.11,0.18,9.8,1.82625,0.0,0.0,0.0,5.0,8.0,1016.71,66.83,-13.96
2025-03-24 18:44:18.207000+00:00,57.76500670505376,,,,337.812,-0.562,-1.125,23.0,-109.5,1.75,-37.875,0.023,-0.013,-0.002,-0.53,0.25,9.36,-0.41,0.06,-0.44,-0.11,0.18,9.8,1.82625,0.0,0.0,0.0,5.0,8.0,1016.71,66.83,-13.96
2025-03-24 18:44:19.302000+00:00,58.03722217765759,,,,337.812,-0.562,-1.125,23.0,-109.5,1.75,-37.875,0.023,-0.013,-0.002,-0.53,0.25,9.36,-0.41,0.06,-0.44,-0.11,0.18,9.8,1.82625,0.0,0.0,0.0,5.0,8.0,1016.71,66.83,-13.96
2025-03-24 18:44:20.372000+00:00,58.03724283027543,,,,337.812,-0.562,-1.125,23.0,-109.5,1.75,-37.875,0.023,-0.013,-0.002,-0.53,0.25,9.36,-0.41,0.06,-0.44,-0.11,0.18,9.8,1.82625,0.0,0.0,0.0,5.0,8.0,1016.71,66.83,-13.96
2025-03-24 18:44:21.480000+00:00,57.76478503377888,,,,337.812,-0.562,-1.125,23.0,-109.5,1.75,-37.875,0.023,-0.013,-0.002,-0.53,0.25,9.36,-0.41,0.06,-0.44,-0.11,0.18,9.8,1.82625,0.0,0.0,0.0,5.0,8.0,1016.71,66.83,-13.96
2025-03-24 18:44:22.497000+00:00,57.76472648891072,,,,337.812,-0.562,-1.125,23.0,-109.5,1.75,-37.875,0.023,-0.013,-0.002,-0.53,0.25,9.36,-0.41,0.06,-0.44,-0.11,0.18,9.8,1.82625,0.0,0.0,0.0,5.0,8.0,1016.71,66.83,-13.96
2025-03-24 18:44:23.525000+00:00,58.03668948132912,,,,337.812,-0.562,-1.125,23.0,-109.5,1.75,-37.875,0.023,-0.013,-0.002,-0.53,0.25,9.36,-0.41,0.06,-0.44,-0.11,0.18,9.8,1.82625,0.0,0.0,0.0,5.0,8.0,1016.71,66.83,-13.96
2025-03-24 18:44:24.504000+00:00,58.03677386074584,,,,337.812,-0.562,-1.125,23.0,-109.5,1.75,-37.875,0.023,-0.013,-0.002,-0.53,0.25,9.36,-0.41,0.06,-0.44,-0.11,0.18,9.8,1.82625,0.0,0.0,0.0,5.0,8.0,1016.71,66.83,-13.96
2025-03-24 18:44:25.531000+00:00,58.03674101864353,,,,337.812,-0.562,-1.125,23.0,-109.5,1.75,-37.875,0.023,-0.013,-0.002,-0.53,0.25,9.36,-0.41,0.06,-0.44,-0.11,0.18,9.8,1.82625,0.0,0.0,0.0,5.0,8.0,1016.71,66.83,-13.96
2025-03-24 18:44:26.597000+00:00,57.76416072004277,,,,337.812,-0.562,-1.125,23.0,-109.5,1.75,-37.875,0.023,-0.013,-0.002,-0.53,0.25,9.36,-0.41,0.06,-0.44,-0.11,0.18,9.8,1.82625,0.0,0.0,0.0,5.0,8.0,1016.71,66.83,-13.96
2025-03-24 18:44:27.630000+00:00,58.036923696233046,,,,337.812,-0.562,-1.125,23.0,-109.5,1.75,-37.875,0.023,-0.013,-0.002,-0.53,0.25,9.36,-0.41,0.06,-0.44,-0.11,0.18,9.8,1.82625,0.0,0.0,0.0,5.0,8.0,1016.71,66.83,-13.96
2025-03-24 18:44:28.910000+00:00,57.764139161203424,,,,337.812,-0.562,-1.125,23.0,-109.5,1.75,-37.875,0.023,-0.013,-0.002,-0.53,0.25,9.36,-0.41,0.06,-0.44,-0.11,0.18,9.8,1.82625,0.0,0.0,0.0,5.0,8.0,1016.71,66.83,-13.96
2025-03-24 18:44:29.871000+00:00,58.03678059999843,,,,337.812,-0.562,-1.125,23.0,-109.5,1.75,-37.875,0.023,-0.013,-0.002,-0.53,0.25,9.36,-0.41,0.06,-0.44,-0.11,0.18,9.8,1.82625,0.0,0.0,0.0,5.0,8.0,1016.71,66.83,-13.96
2025-03-24 18:43:31.146000+00:00,58.03678059999843,,,,337.812,-0.562,-1.125,23.0,-109.5,1.75,-37.875,0.023,-0.013,-0.002,-0.53,0.25,9.36,-0.41,0.06,-0.44,-0.11,0.18,9.8,1.82625,0.0,0.0,0.0,5.0,8.0,1016.71,66.83,-13.96
2025-03-24 18:43:32.156000+00:00,58.03678059999843,,,,337.812,-0.625,-1.062,23.0,-109.5,1.75,-37.875,0.023,-0.013,-0.002,-0.53,0.25,9.36,-0.41,0.06,-0.44,-0.11,0.18,9.8,1.82625,0.0,0.0,0.0,5.0,8.0,1016.71,66.83,-13.96
2025-03-24 18:43:33.202000+00:00,58.03678059999843,,,,337.625,-0.688,-1.0,23.0,-109.5,1.75,-37.875,0.023,-0.013,-0.002,-0.53,0.25,9.36,-0.41,0.06,-0.44,-0.11,0.18,9.8,1.82625,0.0,0.0,0.0,5.0,8.0,1016.71,66.83,-13.96
2025-03-24 18:43:34.215000+00:00,58.03678059999843,,,,337.562,-0.562,-1.062,23.0,-109.5,1.75,-37.875,0.023,-0.013,-0.002,-0.53,0.25,9.36,-0.41,0.06,-0.44,-0.11,0.18,9.8,1.82625,0.0,0.0,0.0,5.0,8.0,1016.71,66.83,-13.96
2025-03-24 18:43:35.185000+00:00,58.03678059999843,,,,337.688,-0.562,-1.25,23.0,-109.5,1.75,-37.875,0.023,-0.013,-0.002,-0.53,0.25,9.36,-0.41,0.06,-0.44,-0.11,0.18,9.8,1.82625,0.0,0.0,0.0,5.0,8.0,1016.71,66.83,-13.96
2025-03-24 18:43:36.192000+00:00,58.03678059999843,,,,337.562,-0.562,-1.188,23.0,-109.5,1.75,-37.875,0.023,-0.013,-0.002,-0.53,0.25,9.36,-0.41,0.06,-0.44,-0.11,0.18,9.8,1.82625,0.0,0.0,0.0,5.0,8.0,1016.71,66.83,-13.96
2025-03-24 18:43:37.203000+00:00,58.03678059999843,,,,337.438,-0.625,-1.188,23.0,-109.5,1.75,-37.875,0.023,-0.013,-0.002,-0.53,0.25,9.36,-0.41,0.06,-0.44,-0.11,0.18,9.8,1.82625,0.0,0.0,0.0,5.0,8.0,1016.71,66.83,-13.96
2025-03-24 18:43:38.213000+00:00,58.03678059999843,,,,337.438,-0.625,-1.25,23.0,-109.5,1.75,-37.875,0.023,-0.013,-0.002,-0.53,0.25,9.36,-0.41,0.06,-0.44,-0.11,0.18,9.8,1.82625,0.0,0.0,0.0,5.0,8.0,1016.71,66.83,-13.96
2025-03-24 18:43:39.225000+00:00,58.03678059999843,,,,337.312,-0.625,-1.125,23.0,-109.5,1.75,-37.875,0.023,-0.013,-0.002,-0.53,0.25,9.36,-0.41,0.06,-0.44,-0.11,0.18,9.8,1.82625,0.0,0.0,0.0,5.0,8.0,1016.71,66.83,-13.96
2025-03-24 18:43:40.233000+00:00,58.03678059999843,,,,337.375,-0.688,-1.062,23.0,-109.5,1.75,-37.875,0.023,-0.013,-0.002,-0.53,0.25,9.36,-0.41,0.06,-0.44,-0.11,0.18,9.8,1.82625,0.0,0.0,0.0,5.0,8.0,1016.71,66.83,-13.96
2025-03-24 18:43:41.242000+00:00,58.03678059999843,,,,337.375,-0.625,-1.25,23.0,-109.5,1.75,-37.875,0.023,-0.013,-0.002,-0.53,0.25,9.36,-0.41,0.06,-0.44,-0.11,0.18,9.8,1.82625,0.0,0.0,0.0,5.0,8.0,1016.71,66.83,-13.96
2025-03-24 18:43:42.253000+00:00,58.03678059999843,,,,337.438,-0.562,-1.188,23.0,-109.5,1.75,-37.875,0.023,-0.013,-0.002,-0.53,0.25,9.36,-0.41,0.06,-0.44,-0.11,0.18,9.8,1.82625,0.0,0.0,0.0,5.0,8.0,1016.71,66.83,-13.96
2025-03-24 18:43:43.263000+00:00,58.03678059999843,,,,337.312,-0.625,-1.062,23.0,-109.5,1.75,-37.875,0.023,-0.013,-0.002,-0.53,0.25,9.36,-0.41,0.06,-0.44,-0.11,0.18,9.8,1.82625,0.0,0.0,0.0,5.0,8.0,1016.71,66.83,-13.96
2025-03-24 18:43:44.309000+00:00,58.03678059999843,,,,337.25,-0.625,-0.938,23.0,-109.5,1.75,-37.875,0.023,-0.013,-0.002,-0.53,0.25,9.36,-0.41,0.06,-0.44,-0.11,0.18,9.8,1.82625,0.0,0.0,0.0,5.0,8.0,1016.71,66.83,-13.96
2025-03-24 18:43:45.284000+00:00,58.03678059999843,,,,337.312,-0.625,-1.25,23.0,-109.5,1.75,-37.875,0.023,-0.013,-0.002,-0.53,0.25,9.36,-0.41,0.06,-0.44,-0.11,0.18,9.8,1.82625,0.0,0.0,0.0,5.0,8.0,1016.71,66.83,-13.96
2025-03-24 18:43:46.294000+00:00,58.03678059999843,,,,337.375,-0.562,-1.188,23.0,-109.5,1.75,-37.875,0.023,-0.013,-0.002,-0.53,0.25,9.36,-0.41,0.06,-0.44,-0.11,0.18,9.8,1.82625,0.0,0.0,0.0,5.0,8.0,1016.71,66.83,-13.96
2025-03-24 18:43:47.304000+00:00,58.03678059999843,,,,337.312,-0.562,-1.188,23.0,-109.5,1.75,-37.875,0.023,-0.013,-0.002,-0.53,0.25,9.36,-0.41,0.06,-0.44,-0.11,0.18,9.8,1.82625,0.0,0.0,0.0,5.0,8.0,1016.71,66.83,-13.96
2025-03-24 18:43:48.430000+00:00,58.03678059999843,,,,337.188,-0.625,-1.188,23.0,-109.5,1.75,-37.875,0.023,-0.013,-0.002,-0.53,0.25,9.36,-0.41,0.06,-0.44,-0.11,0.18,9.8,1.82625,0.0,0.0,0.0,5.0,8.0,1016.71,66.83,-13.96
2025-03-24 18:43:49.484000+00:00,58.03678059999843,,,,337.312,-0.688,-1.125,23.0,-109.5,1.75,-37.875,0.023,-0.013,-0.002,-0.53,0.25,9.36,-0.41,0.06,-0.44,-0.11,0.18,9.8,1.82625,0.0,0.0,0.0,5.0,8.0,1016.71,66.83,-13.96
2025-03-24 18:43:50.393000+00:00,58.03678059999843,,,,337.188,-0.75,-1.0,23.0,-109.5,1.75,-37.875,0.023,-0.013,-0.002,-0.53,0.25,9.36,-0.41,0.06,-0.44,-0.11,0.18,9.8,1.82625,0.0,0.0,0.0,5.0,8.0,1016.71,66.83,-13.96
2025-03-24 18:43:51.465000+00:00,58.03678059999843,,,,337.062,-0.812,-1.062,23.0,-109.5,1.75,-37.875,0.023,-0.013,-0.002,-0.53,0.25,9.36,-0.41,0.06,-0.44,-0.11,0.18,9.8,1.82625,0.0,0.0,0.0,5.0,8.0,1016.71,66.83,-13.96
2025-03-24 18:43:52.606000+00:00,58.03678059999843,,,,337.125,-0.75,-1.312,23.0,-109.5,1.75,-37.875,0.023,-0.013,-0.002,-0.53,0.25,9.36,-0.41,0.06,-0.44,-0.11,0.18,9.8,1.82625,0.0,0.0,0.0,5.0,8.0,1016.71,66.83,-13.96
2025-03-24 18:43:53.654000+00:00,58.03678059999843,,,,337.125,-0.75,-1.375,23.0,-109.5,1.75,-37.875,0.023,-0.013,-0.002,-0.53,0.25,9.36,-0.41,0.06,-0.44,-0.11,0.18,9.8,1.82625,0.0,0.0,0.0,5.0,8.0,1016.71,66.83,-13.96
2025-03-24 18:43:54.375000+00:00,58.03678059999843,,,,337.062,-0.75,-1.312,23.0,-109.5,1.75,-37.875,0.023,-0.013,-0.002,-0.53,0.25,9.36,-0.41,0.06,-0.44,-0.11,0.18,9.8,1.82625,0.0,0.0,0.0,5.0,8.0,1016.71,66.83,-13.96
2025-03-24 18:43:55.385000+00:00,58.03678059999843,,,,337.0,-0.688,-1.312,23.0,-109.5,1.75,-37.875,0.023,-0.013,-0.002,-0.53,0.25,9.36,-0.41,0.06,-0.44,-0.11,0.18,9.8,1.82625,0.0,0.0,0.0,5.0,8.0,1016.71,66.83,-13.96
2025-03-24 18:43:56.393000+00:00,58.03678059999843,,,,337.0,-0.562,-1.188,23.0,-109.5,1.75,-37.875,0.023,-0.013,-0.002,-0.53,0.25,9.36,-0.41,0.06,-0.44,-0.11,0.18,9.8,1.82625,0.0,0.0,0.0,5.0,8.0,1016.71,66.83,-13.96
2025-03-24 18:43:57.423000+00:00,58.03678059999843,,,,336.938,-0.5,-1.188,23.0,-109.5,1.75,-37.875,0.023,-0.013,-0.002,-0.53,0.25,9.36,-0.41,0.06,-0.44,-0.11,0.18,9.8,1.82625,0.0,0.0,0.0,5.0,8.0,1016.71,66.83,-13.96
2025-03-24 18:43:58.416000+00:00,58.03678059999843,,,,337.0,-0.625,-1.188,23.0,-109.5,1.75,-37.875,0.023,-0.013,-0.002,-0.53,0.25,9.36,-0.41,0.06,-0.44,-0.11,0.18,9.8,1.82625,0.0,0.0,0.0,5.0,8.0,1016.71,66.83,-13.96
2025-03-24 18:43:59.426000+00:00,58.03678059999843,,,,336.938,-0.625,-1.188,23.0,-109.5,1.75,-37.875,0.023,-0.013,-0.002,-0.53,0.25,9.36,-0.41,0.06,-0.44,-0.11,0.18,9.8,1.82625,0.0,0.0,0.0,5.0,8.0,1016.71,66.83,-13.96
2025-03-24 18:44:00.436000+00:00,58.03678059999843,,,,336.938,-0.688,-1.188,23.0,-109.5,1.75,-37.875,0.023,-0.013,-0.002,-0.53,0.25,9.36,-0.41,0.06,-0.44,-0.11,0.18,9.8,1.82625,0.0,0.0,0.0,5.0,8.0,1016.71,66.83,-13.96
2025-03-24 18:44:01.446000+00:00,58.03678059999843,,,,336.875,-0.625,-1.062,23.0,-109.5,1.75,-37.875,0.023,-0.013,-0.002,-0.53,0.25,9.36,-0.41,0.06,-0.44,-0.11,0.18,9.8,1.82625,0.0,0.0,0.0,5.0,8.0,1016.71,66.83,-13.96
2025-03-24 18:44:02.453000+00:00,58.03678059999843,,,,336.812,-0.375,-1.188,23.0,-109.5,1.75,-37.875,0.023,-0.013,-0.002,-0.53,0.25,9.36,-0.41,0.06,-0.44,-0.11,0.18,9.8,1.82625,0.0,0.0,0.0,5.0,8.0,1016.71,66.83,-13.96
2025-03-24 18:44:03.574000+00:00,58.03678059999843,,,,336.75,-0.625,-1.125,23.0,-109.5,1.75,-37.875,0.023,-0.013,-0.002,-0.53,0.25,9.36,-0.41,0.06,-0.44,-0.11,0.18,9.8,1.82625,0.0,0.0,0.0,5.0,8.0,1016.71,66.83,-13.96
2025-03-24 18:44:04.714000+00:00,58.03678059999843,,,,336.688,-0.625,-1.125,23.0,-109.5,1.75,-37.875,0.023,-0.013,-0.002,-0.53,0.25,9.36,-0.41,0.06,-0.44,-0.11,0.18,9.8,1.82625,0.0,0.0,0.0,5.0,8.0,1016.71,66.83,-13.96
2025-03-24 18:44:05.481000+00:00,58.03678059999843,,,,336.75,-0.562,-1.125,23.0,-109.5,1.75,-37.875,0.023,-0.013,-0.002,-0.53,0.25,9.36,-0.41,0.06,-0.44,-0.11,0.18,9.8,1.82625,0.0,0.0,0.0,5.0,8.0,1016.71,66.83,-13.96
2025-03-24 18:44:06.492000+00:00,58.03678059999843,,,,336.625,-0.562,-1.188,23.0,-109.5,1.75,-37.875,0.023,-0.013,-0.002,-0.53,0.25,9.36,-0.41,0.06,-0.44,-0.11,0.18,9.8,1.82625,0.0,0.0,0.0,5.0,8.0,1016.71,66.83,-13.96
2025-03-24 18:44:07.501000+00:00,58.03678059999843,,,,336.625,-0.688,-1.188,23.0,-109.5,1.75,-37.875,0.023,-0.013,-0.002,-0.53,0.25,9.36,-0.41,0.06,-0.44,-0.11,0.18,9.8,1.82625,0.0,0.0,0.0,5.0,8.0,1016.71,66.83,-13.96
2025-03-24 18:44:08.509000+00:00,58.03678059999843,,,,336.625,-0.625,-1.188,23.0,-109.5,1.75,-37.875,0.023,-0.013,-0.002,-0.53,0.25,9.36,-0.41,0.06,-0.44,-0.11,0.18,9.8,1.82625,0.0,0.0,0.0,5.0,8.0,1016.71,66.83,-13.96
2025-03-24 18:44:09.602000+00:00,58.03678059999843,,,,336.625,-0.688,-1.125,23.0,-109.5,1.75,-37.875,0.023,-0.013,-0.002,-0.53,0.25,9.36,-0.41,0.06,-0.44,-0.11,0.18,9.8,1.82625,0.0,0.0,0.0,5.0,8.0,1016.71,66.83,-13.96
2025-03-24 18:44:10.744000+00:00,58.03678059999843,,,,336.562,-0.625,-1.125,23.0,-109.5,1.75,-37.875,0.023,-0.013,-0.002,-0.53,0.25,9.36,-0.41,0.06,-0.44,-0.11,0.18,9.8,1.82625,0.0,0.0,0.0,5.0,8.0,1016.71,66.83,-13.96
2025-03-24 18:44:11.540000+00:00,58.03678059999843,,,,336.5,-0.5,-1.062,23.0,-109.5,1.75,-37.875,0.023,-0.013,-0.002,-0.53,0.25,9.36,-0.41,0.06,-0.44,-0.11,0.18,9.8,1.82625,0.0,0.0,0.0,5.0,8.0,1016.71,66.83,-13.96
2025-03-24 18:44:12.548000+00:00,58.03678059999843,,,,336.562,-0.438,-1.062,23.0,-109.5,1.75,-37.875,0.023,-0.013,-0.002,-0.53,0.25,9.36,-0.41,0.06,-0.44,-0.11,0.18,9.8,1.82625,0.0,0.0,0.0,5.0,8.0,1016.71,66.83,-13.96
2025-03-24 18:44:13.558000+00:00,58.03678059999843,,,,336.5,-0.438,-1.062,23.0,-109.5,1.75,-37.875,0.023,-0.013,-0.002,-0.53,0.25,9.36,-0.41,0.06,-0.44,-0.11,0.18,9.8,1.82625,0.0,0.0,0.0,5.0,8.0,1016.71,66.83,-13.96
2025-03-24 18:44:14.564000+00:00,58.03678059999843,,,,336.438,-0.625,-1.062,23.0,-109.5,1.75,-37.875,0.023,-0.013,-0.002,-0.53,0.25,9.36,-0.41,0.06,-0.44,-0.11,0.18,9.8,1.82625,0.0,0.0,0.0,5.0,8.0,1016.71,66.83,-13.96
2025-03-24 18:44:15.573000+00:00,58.03678059999843,,,,336.375,-0.562,-1.125,23.0,-109.5,1.75,-37.875,0.023,-0.013,-0.002,-0.53,0.25,9.36,-0.41,0.06,-0.44,-0.11,0.18,9.8,1.82625,0.0,0.0,0.0,5.0,8.0,1016.71,66.83,-13.96
2025-03-24 18:44:16.583000+00:00,58.03678059999843,,,,336.375,-0.562,-1.062,23.0,-109.5,1.75,-37.875,0.023,-0.013,-0.002,-0.53,0.25,9.36,-0.41,0.06,-0.44,-0.11,0.18,9.8,1.82625,0.0,0.0,0.0,5.0,8.0,1016.71,66.83,-13.96
2025-03-24 18:44:17.621000+00:00,58.03678059999843,,,,336.375,-0.625,-1.0,23.0,-109.5,1.75,-37.875,0.023,-0.013,-0.002,-0.53,0.25,9.36,-0.41,0.06,-0.44,-0.11,0.18,9.8,1.82625,0.0,0.0,0.0,5.0,8.0,1016.71,66.83,-13.96
2025-03-24 18:44:18.753000+00:00,58.03678059999843,,,,336.312,-0.812,-1.062,23.0,-109.5,1.75,-37.875,0.023,-0.013,-0.002,-0.53,0.25,9.36,-0.41,0.06,-0.44,-0.11,0.18,9.8,1.82625,0.0,0.0,0.0,5.0,8.0,1016.71,66.83,-13.96
2025-03-24 18:44:19.818000+00:00,58.03678059999843,,,,336.25,-0.812,-1.25,23.0,-109.5,1.75,-37.875,0.023,-0.013,-0.002,-0.53,0.25,9.36,-0.41,0.06,-0.44,-0.11,0.18,9.8,1.82625,0.0,0.0,0.0,5.0,8.0,1016.71,66.83,-13.96
2025-03-24 18:44:20.629000+00:00,58.03678059999843,,,,336.188,-0.812,-1.312,23.0,-109.5,1.75,-37.875,0.023,-0.013,-0.002,-0.53,0.25,9.36,-0.41,0.06,-0.44,-0.11,0.18,9.8,1.82625,0.0,0.0,0.0,5.0,8.0,1016.71,66.83,-13.96
2025-03-24 18:44:21.634000+00:00,58.03678059999843,,,,336.188,-0.812,-1.312,23.0,-109.5,1.75,-37.875,0.023,-0.013,-0.002,-0.53,0.25,9.36,-0.41,0.06,-0.44,-0.11,0.18,9.8,1.82625,0.0,0.0,0.0,5.0,8.0,1016.71,66.83,-13.96
2025-03-24 18:44:22.691000+00:00,58.03678059999843,,,,336.25,-0.75,-1.312,23.0,-109.5,1.75,-37.875,0.023,-0.013,-0.002,-0.53,0.25,9.36,-0.41,0.06,-0.44,-0.11,0.18,9.8,1.82625,0.0,0.0,0.0,5.0,8.0,1016.71,66.83,-13.96
2025-03-24 18:44:23.652000+00:00,58.03678059999843,,,,336.125,-0.75,-1.312,23.0,-109.5,1.75,-37.875,0.023,-0.013,-0.002,-0.53,0.25,9.36,-0.41,0.06,-0.44,-0.11,0.18,9.8,1.82625,0.0,0.0,0.0,5.0,8.0,1016.71,66.83,-13.96
2025-03-24 18:44:24.662000+00:00,58.03678059999843,,,,336.062,-0.688,-1.25,23.0,-109.5,1.75,-37.875,0.023,-0.013,-0.002,-0.53,0.25,9.36,-0.41,0.06,-0.44,-0.11,0.18,9.8,1.82625,0.0,0.0,0.0,5.0,8.0,1016.71,66.83,-13.96
2025-03-24 18:44:25.674000+00:00,58.03678059999843,,,,336.0,-0.688,-1.25,23.0,-109.5,1.75,-37.875,0.023,-0.013,-0.002,-0.53,0.25,9.36,-0.41,0.06,-0.44,-0.11,0.18,9.8,1.82625,0.0,0.0,0.0,5.0,8.0,1016.71,66.83,-13.96
2025-03-24 18:44:26.841000+00:00,58.03678059999843,,,,336.062,-0.688,-1.25,23.0,-109.5,1.75,-37.875,0.023,-0.013,-0.002,-0.53,0.25,9.36,-0.41,0.06,-0.44,-0.11,0.18,9.8,1.82625,0.0,0.0,0.0,5.0,8.0,1016.71,66.83,-13.96
2025-03-24 18:44:27.890000+00:00,58.03678059999843,,,,336.0,-0.625,-1.25,23.0,-109.5,1.75,-37.875,0.023,-0.013,-0.002,-0.53,0.25,9.36,-0.41,0.06,-0.44,-0.11,0.18,9.8,1.82625,0.0,0.0,0.0,5.0,8.0,1016.71,66.83,-13.96
2025-03-24 18:44:28.961000+00:00,58.03678059999843,,,,336.0,-0.562,-1.125,23.0,-109.5,1.75,-37.875,0.023,-0.013,-0.002,-0.53,0.25,9.36,-0.41,0.06,-0.44,-0.11,0.18,9.8,1.82625,0.0,0.0,0.0,5.0,8.0,1016.71,66.83,-13.96
2025-03-24 18:44:29.920000+00:00,58.03678059999843,,,,335.938,-0.688,-1.25,23.0,-109.5,1.75,-37.875,0.023,-0.013,-0.002,-0.53,0.25,9.36,-0.41,0.06,-0.44,-0.11,0.18,9.8,1.82625,0.0,0.0,0.0,5.0,8.0,1016.71,66.83,-13.96
2025-03-24 18:43:31.195000+00:00,58.03678059999843,,,,335.938,-0.688,-1.25,23.0,-109.5,1.75,-37.875,0.023,-0.013,-0.002,-0.53,0.25,9.36,-0.41,0.06,-0.44,-0.11,0.18,9.8,1.82625,0.0,0.0,0.0,5.0,8.0,1016.71,66.83,-13.96
2025-03-24 18:43:31.606000+00:00,58.03678059999843,,,,335.938,-0.688,-1.25,23.06,-109.5,1.75,-37.875,0.023,-0.013,-0.002,-0.53,0.25,9.36,-0.41,0.06,-0.44,-0.11,0.18,9.8,1.82625,0.0,0.0,0.0,5.0,8.0,1016.71,66.83,-13.96
2025-03-24 18:43:32.211000+00:00,58.03678059999843,,,,335.938,-0.688,-1.25,23.0,-109.5,1.75,-37.875,0.023,-0.013,-0.002,-0.53,0.25,9.36,-0.41,0.06,-0.44,-0.11,0.18,9.8,1.82625,0.0,0.0,0.0,5.0,8.0,1016.71,66.83,-13.96
2025-03-24 18:43:32.657000+00:00,58.03678059999843,,,,335.938,-0.688,-1.25,23.06,-109.5,1.75,-37.875,0.023,-0.013,-0.002,-0.53,0.25,9.36,-0.41,0.06,-0.44,-0.11,0.18,9.8,1.82625,0.0,0.0,0.0,5.0,8.0,1016.71,66.83,-13.96
2025-03-24 18:43:33.255000+00:00,58.03678059999843,,,,335.938,-0.688,-1.25,23.0,-109.5,1.75,-37.875,0.023,-0.013,-0.002,-0.53,0.25,9.36,-0.41,0.06,-0.44,-0.11,0.18,9.8,1.82625,0.0,0.0,0.0,5.0,8.0,1016.71,66.83,-13.96
2025-03-24 18:43:33.680000+00:00,58.03678059999843,,,,335.938,-0.688,-1.25,23.06,-109.5,1.75,-37.875,0.023,-0.013,-0.002,-0.53,0.25,9.36,-0.41,0.06,-0.44,-0.11,0.18,9.8,1.82625,0.0,0.0,0.0,5.0,8.0,1016.71,66.83,-13.96
2025-03-24 18:43:34.269000+00:00,58.03678059999843,,,,335.938,-0.688,-1.25,23.0,-109.5,1.75,-37.875,0.023,-0.013,-0.002,-0.53,0.25,9.36,-0.41,0.06,-0.44,-0.11,0.18,9.8,1.82625,0.0,0.0,0.0,5.0,8.0,1016.71,66.83,-13.96
2025-03-24 18:43:34.681000+00:00,58.03678059999843,,,,335.938,-0.688,-1.25,23.06,-109.5,1.75,-37.875,0.023,-0.013,-0.002,-0.53,0.25,9.36,-0.41,0.06,-0.44,-0.11,0.18,9.8,1.82625,0.0,0.0,0.0,5.0,8.0,1016.71,66.83,-13.96
2025-03-24 18:43:35.235000+00:00,58.03678059999843,,,,335.938,-0.688,-1.25,23.0,-109.5,1.75,-37.875,0.023,-0.013,-0.002,-0.53,0.25,9.36,-0.41,0.06,-0.44,-0.11,0.18,9.8,1.82625,0.0,0.0,0.0,5.0,8.0,1016.71,66.83,-13.96
2025-03-24 18:43:35.952000+00:00,58.03678059999843,,,,335.938,-0.688,-1.25,23.06,-109.5,1.75,-37.875,0.023,-0.013,-0.002,-0.53,0.25,9.36,-0.41,0.06,-0.44,-0.11,0.18,9.8,1.82625,0.0,0.0,0.0,5.0,8.0,1016.71,66.83,-13.96
2025-03-24 18:43:36.252000+00:00,58.03678059999843,,,,335.938,-0.688,-1.25,23.0,-109.5,1.75,-37.875,0.023,-0.013,-0.002,-0.53,0.25,9.36,-0.41,0.06,-0.44,-0.11,0.18,9.8,1.82625,0.0,0.0,0.0,5.0,8.0,1016.71,66.83,-13.96
2025-03-24 18:43:36.872000+00:00,58.03678059999843,,,,335.938,-0.688,-1.25,23.06,-109.5,1.75,-37.875,0.023,-0.013,-0.002,-0.53,0.25,9.36,-0.41,0.06,-0.44,-0.11,0.18,9.8,1.82625,0.0,0.0,0.0,5.0,8.0,1016.71,66.83,-13.96
2025-03-24 18:43:37.256000+00:00,58.03678059999843,,,,335.938,-0.688,-1.25,23.0,-109.5,1.75,-37.875,0.023,-0.013,-0.002,-0.53,0.25,9.36,-0.41,0.06,-0.44,-0.11,0.18,9.8,1.82625,0.0,0.0,0.0,5.0,8.0,1016.71,66.83,-13.96
2025-03-24 18:43:37.946000+00:00,58.03678059999843,,,,335.938,-0.688,-1.25,23.06,-109.5,1.75,-37.875,0.023,-0.013,-0.002,-0.53,0.25,9.36,-0.41,0.06,-0.44,-0.11,0.18,9.8,1.82625,0.0,0.0,0.0,5.0,8.0,1016.71,66.83,-13.96
2025-03-24 18:43:38.266000+00:00,58.03678059999843,,,,335.938,-0.688,-1.25,23.0,-109.5,1.75,-37.875,0.023,-0.013,-0.002,-0.53,0.25,9.36,-0.41,0.06,-0.44,-0.11,0.18,9.8,1.82625,0.0,0.0,0.0,5.0,8.0,1016.71,66.83,-13.96
2025-03-24 18:43:39.279000+00:00,58.03678059999843,,,,335.938,-0.688,-1.25,23.0,-109.5,1.75,-37.875,0.023,-0.013,-0.002,-0.53,0.25,9.36,-0.41,0.06,-0.44,-0.11,0.18,9.8,1.82625,0.0,0.0,0.0,5.0,8.0,1016.71,66.83,-13.96
2025-03-24 18:43:39.698000+00:00,58.03678059999843,,,,335.938,-0.688,-1.25,23.06,-109.5,1.75,-37.875,0.023,-0.013,-0.002,-0.53,0.25,9.36,-0.41,0.06,-0.44,-0.11,0.18,9.8,1.82625,0.0,0.0,0.0,5.0,8.0,1016.71,66.83,-13.96
2025-03-24 18:43:40.285000+00:00,58.03678059999843,,,,335.938,-0.688,-1.25,23.0,-109.5,1.75,-37.875,0.023,-0.013,-0.002,-0.53,0.25,9.36,-0.41,0.06,-0.44,-0.11,0.18,9.8,1.82625,0.0,0.0,0.0,5.0,8.0,1016.71,66.83,-13.96
2025-03-24 18:43:40.691000+00:00,58.03678059999843,,,,335.938,-0.688,-1.25,23.06,-109.5,1.75,-37.875,0.023,-0.013,-0.002,-0.53,0.25,9.36,-0.41,0.06,-0.44,-0.11,0.18,9.8,1.82625,0.0,0.0,0.0,5.0,8.0,1016.71,66.83,-13.96
2025-03-24 18:43:41.296000+00:00,58.03678059999843,,,,335.938,-0.688,-1.25,23.0,-109.5,1.75,-37.875,0.023,-0.013,-0.002,-0.53,0.25,9.36,-0.41,0.06,-0.44,-0.11,0.18,9.8,1.82625,0.0,0.0,0.0,5.0,8.0,1016.71,66.83,-13.96
2025-03-24 18:43:41.856000+00:00,58.03678059999843,,,,335.938,-0.688,-1.25,23.06,-109.5,1.75,-37.875,0.023,-0.013,-0.002,-0.53,0.25,9.36,-0.41,0.06,-0.44,-0.11,0.18,9.8,1.82625,0.0,0.0,0.0,5.0,8.0,1016.71,66.83,-13.96
2025-03-24 18:43:42.309000+00:00,58.03678059999843,,,,335.938,-0.688,-1.25,23.0,-109.5,1.75,-37.875,0.023,-0.013,-0.002,-0.53,0.25,9.36,-0.41,0.06,-0.44,-0.11,0.18,9.8,1.82625,0.0,0.0,0.0,5.0,8.0,1016.71,66.83,-13.96
2025-03-24 18:43:42.945000+00:00,58.03678059999843,,,,335.938,-0.688,-1.25,23.06,-109.5,1.75,-37.875,0.023,-0.013,-0.002,-0.53,0.25,9.36,-0.41,0.06,-0.44,-0.11,0.18,9.8,1.82625,0.0,0.0,0.0,5.0,8.0,1016.71,66.83,-13.96
2025-03-24 18:43:43.315000+00:00,58.03678059999843,,,,335.938,-0.688,-1.25,23.0,-109.5,1.75,-37.875,0.023,-0.013,-0.002,-0.53,0.25,9.36,-0.41,0.06,-0.44,-0.11,0.18,9.8,1.82625,0.0,0.0,0.0,5.0,8.0,1016.71,66.83,-13.96
2025-03-24 18:43:43.901000+00:00,58.03678059999843,,,,335.938,-0.688,-1.25,23.06,-109.5,1.75,-37.875,0.023,-0.013,-0.002,-0.53,0.25,9.36,-0.41,0.06,-0.44,-0.11,0.18,9.8,1.82625,0.0,0.0,0.0,5.0,8.0,1016.71,66.83,-13.96
2025-03-24 18:43:44.362000+00:00,58.03678059999843,,,,335.938,-0.688,-1.25,23.0,-109.5,1.75,-37.875,0.023,-0.013,-0.002,-0.53,0.25,9.36,-0.41,0.06,-0.44,-0.11,0.18,9.8,1.82625,0.0,0.0,0.0,5.0,8.0,1016.71,66.83,-13.96
2025-03-24 18:43:44.950000+00:00,58.03678059999843,,,,335.938,-0.688,-1.25,23.06,-109.5,1.75,-37.875,0.023,-0.013,-0.002,-0.53,0.25,9.36,-0.41,0.06,-0.44,-0.11,0.18,9.8,1.82625,0.0,0.0,0.0,5.0,8.0,1016.71,66.83,-13.96
2025-03-24 18:43:45.335000+00:00,58.03678059999843,,,,335.938,-0.688,-1.25,23.0,-109.5,1.75,-37.875,0.023,-0.013,-0.002,-0.53,0.25,9.36,-0.41,0.06,-0.44,-0.11,0.18,9.8,1.82625,0.0,0.0,0.0,5.0,8.0,1016.71,66.83,-13.96
2025-03-24 18:43:45.984000+00:00,58.03678059999843,,,,335.938,-0.688,-1.25,23.06,-109.5,1.75,-37.875,0.023,-0.013,-0.002,-0.53,0.25,9.36,-0.41,0.06,-0.44,-0.11,0.18,9.8,1.82625,0.0,0.0,0.0,5.0,8.0,1016.71,66.83,-13.96
2025-03-24 18:43:46.345000+00:00,58.03678059999843,,,,335.938,-0.688,-1.25,23.0,-109.5,1.75,-37.875,0.023,-0.013,-0.002,-0.53,0.25,9.36,-0.41,0.06,-0.44,-0.11,0.18,9.8,1.82625,0.0,0.0,0.0,5.0,8.0,1016.71,66.83,-13.96
2025-03-24 18:43:47.065000+00:00,58.03678059999843,,,,335.938,-0.688,-1.25,23.06,-109.5,1.75,-37.875,0.023,-0.013,-0.002,-0.53,0.25,9.36,-0.41,0.06,-0.44,-0.11,0.18,9.8,1.82625,0.0,0.0,0.0,5.0,8.0,1016.71,66.83,-13.96
2025-03-24 18:43:47.361000+00:00,58.03678059999843,,,,335.938,-0.688,-1.25,23.0,-109.5,1.75,-37.875,0.023,-0.013,-0.002,-0.53,0.25,9.36,-0.41,0.06,-0.44,-0.11,0.18,9.8,1.82625,0.0,0.0,0.0,5.0,8.0,1016.71,66.83,-13.96
2025-03-24 18:43:48.213000+00:00,58.03678059999843,,,,335.938,-0.688,-1.25,23.06,-109.5,1.75,-37.875,0.023,-0.013,-0.002,-0.53,0.25,9.36,-0.41,0.06,-0.44,-0.11,0.18,9.8,1.82625,0.0,0.0,0.0,5.0,8.0,1016.71,66.83,-13.96
2025-03-24 18:43:48.491000+00:00,58.03678059999843,,,,335.938,-0.688,-1.25,23.0,-109.5,1.75,-37.875,0.023,-0.013,-0.002,-0.53,0.25,9.36,-0.41,0.06,-0.44,-0.11,0.18,9.8,1.82625,0.0,0.0,0.0,5.0,8.0,1016.71,66.83,-13.96
2025-03-24 18:43:49.267000+00:00,58.03678059999843,,,,335.938,-0.688,-1.25,23.06,-109.5,1.75,-37.875,0.023,-0.013,-0.002,-0.53,0.25,9.36,-0.41,0.06,-0.44,-0.11,0.18,9.8,1.82625,0.0,0.0,0.0,5.0,8.0,1016.71,66.83,-13.96
2025-03-24 18:43:49.536000+00:00,58.03678059999843,,,,335.938,-0.688,-1.25,23.0,-109.5,1.75,-37.875,0.023,-0.013,-0.002,-0.53,0.25,9.36,-0.41,0.06,-0.44,-0.11,0.18,9.8,1.82625,0.0,0.0,0.0,5.0,8.0,1016.71,66.83,-13.96
2025-03-24 18:43:50.174000+00:00,58.03678059999843,,,,335.938,-0.688,-1.25,23.06,-109.5,1.75,-37.875,0.023,-0.013,-0.002,-0.53,0.25,9.36,-0.41,0.06,-0.44,-0.11,0.18,9.8,1.82625,0.0,0.0,0.0,5.0,8.0,1016.71,66.83,-13.96
2025-03-24 18:43:50.451000+00:00,58.03678059999843,,,,335.938,-0.688,-1.25,23.0,-109.5,1.75,-37.875,0.023,-0.013,-0.002,-0.53,0.25,9.36,-0.41,0.06,-0.44,-0.11,0.18,9.8,1.82625,0.0,0.0,0.0,5.0,8.0,1016.71,66.83,-13.96
2025-03-24 18:43:51.248000+00:00,58.03678059999843,,,,335.938,-0.688,-1.25,23.06,-109.5,1.75,-37.875,0.023,-0.013,-0.002,-0.53,0.25,9.36,-0.41,0.06,-0.44,-0.11,0.18,9.8,1.82625,0.0,0.0,0.0,5.0,8.0,1016.71,66.83,-13.96
2025-03-24 18:43:51.521000+00:00,58.03678059999843,,,,335.938,-0.688,-1.25,23.0,-109.5,1.75,-37.875,0.023,-0.013,-0.002,-0.53,0.25,9.36,-0.41,0.06,-0.44,-0.11,0.18,9.8,1.82625,0.0,0.0,0.0,5.0,8.0,1016.71,66.83,-13.96
2025-03-24 18:43:52.395000+00:00,58.03678059999843,,,,335.938,-0.688,-1.25,23.06,-109.5,1.75,-37.875,0.023,-0.013,-0.002,-0.53,0.25,9.36,-0.41,0.06,-0.44,-0.11,0.18,9.8,1.82625,0.0,0.0,0.0,5.0,8.0,1016.71,66.83,-13.96
2025-03-24 18:43:52.655000+00:00,58.03678059999843,,,,335.938,-0.688,-1.25,23.0,-109.5,1.75,-37.875,0.023,-0.013,-0.002,-0.53,0.25,9.36,-0.41,0.06,-0.44,-0.11,0.18,9.8,1.82625,0.0,0.0,0.0,5.0,8.0,1016.71,66.83,-13.96
2025-03-24 18:43:53.433000+00:00,58.03678059999843,,,,335.938,-0.688,-1.25,23.06,-109.5,1.75,-37.875,0.023,-0.013,-0.002,-0.53,0.25,9.36,-0.41,0.06,-0.44,-0.11,0.18,9.8,1.82625,0.0,0.0,0.0,5.0,8.0,1016.71,66.83,-13.96
2025-03-24 18:43:53.705000+00:00,58.03678059999843,,,,335.938,-0.688,-1.25,23.0,-109.5,1.75,-37.875,0.023,-0.013,-0.002,-0.53,0.25,9.36,-0.41,0.06,-0.44,-0.11,0.18,9.8,1.82625,0.0,0.0,0.0,5.0,8.0,1016.71,66.83,-13.96
2025-03-24 18:43:54.424000+00:00,58.03678059999843,,,,335.938,-0.688,-1.25,23.0,-109.5,1.75,-37.875,0.023,-0.013,-0.002,-0.53,0.25,9.36,-0.41,0.06,-0.44,-0.11,0.18,9.8,1.82625,0.0,0.0,0.0,5.0,8.0,1016.71,66.83,-13.96
2025-03-24 18:43:54.840000+00:00,58.03678059999843,,,,335.938,-0.688,-1.25,23.06,-109.5,1.75,-37.875,0.023,-0.013,-0.002,-0.53,0.25,9.36,-0.41,0.06,-0.44,-0.11,0.18,9.8,1.82625,0.0,0.0,0.0,5.0,8.0,1016.71,66.83,-13.96
2025-03-24 18:43:55.435000+00:00,58.03678059999843,,,,335.938,-0.688,-1.25,23.0,-109.5,1.75,-37.875,0.023,-0.013,-0.002,-0.53,0.25,9.36,-0.41,0.06,-0.44,-0.11,0.18,9.8,1.82625,0.0,0.0,0.0,5.0,8.0,1016.71,66.83,-13.96
2025-03-24 18:43:55.833000+00:00,58.03678059999843,,,,335.938,-0.688,-1.25,23.06,-109.5,1.75,-37.875,0.023,-0.013,-0.002,-0.53,0.25,9.36,-0.41,0.06,-0.44,-0.11,0.18,9.8,1.82625,0.0,0.0,0.0,5.0,8.0,1016.71,66.83,-13.96
2025-03-24 18:43:56.449000+00:00,58.03678059999843,,,,335.938,-0.688,-1.25,23.0,-109.5,1.75,-37.875,0.023,-0.013,-0.002,-0.53,0.25,9.36,-0.41,0.06,-0.44,-0.11,0.18,9.8,1.82625,0.0,0.0,0.0,5.0,8.0,1016.71,66.83,-13.96
2025-03-24 18:43:57.029000+00:00,58.03678059999843,,,,335.938,-0.688,-1.25,23.06,-109.5,1.75,-37.875,0.023,-0.013,-0.002,-0.53,0.25,9.36,-0.41,0.06,-0.44,-0.11,0.18,9.8,1.82625,0.0,0.0,0.0,5.0,8.0,1016.71,66.83,-13.96
2025-03-24 18:43:57.474000+00:00,58.03678059999843,,,,335.938,-0.688,-1.25,23.0,-109.5,1.75,-37.875,0.023,-0.013,-0.002,-0.53,0.25,9.36,-0.41,0.06,-0.44,-0.11,0.18,9.8,1.82625,0.0,0.0,0.0,5.0,8.0,1016.71,66.83,-13.96
2025-03-24 18:43:58.124000+00:00,58.03678059999843,,,,335.938,-0.688,-1.25,23.06,-109.5,1.75,-37.875,0.023,-0.013,-0.002,-0.53,0.25,9.36,-0.41,0.06,-0.44,-0.11,0.18,9.8,1.82625,0.0,0.0,0.0,5.0,8.0,1016.71,66.83,-13.96
2025-03-24 18:43:58.468000+00:00,58.03678059999843,,,,335.938,-0.688,-1.25,23.0,-109.5,1.75,-37.875,0.023,-0.013,-0.002,-0.53,0.25,9.36,-0.41,0.06,-0.44,-0.11,0.18,9.8,1.82625,0.0,0.0,0.0,5.0,8.0,1016.71,66.83,-13.96
2025-03-24 18:43:59.104000+00:00,58.03678059999843,,,,335.938,-0.688,-1.25,23.06,-109.5,1.75,-37.875,0.023,-0.013,-0.002,-0.53,0.25,9.36,-0.41,0.06,-0.44,-0.11,0.18,9.8,1.82625,0.0,0.0,0.0,5.0,8.0,1016.71,66.83,-13.96
2025-03-24 18:43:59.477000+00:00,58.03678059999843,,,,335.938,-0.688,-1.25,23.0,-109.5,1.75,-37.875,0.023,-0.013,-0.002,-0.53,0.25,9.36,-0.41,0.06,-0.44,-0.11,0.18,9.8,1.82625,0.0,0.0,0.0,5.0,8.0,1016.71,66.83,-13.96
2025-03-24 18:44:00.083000+00:00,58.03678059999843,,,,335.938,-0.688,-1.25,23.06,-109.5,1.75,-37.875,0.023,-0.013,-0.002,-0.53,0.25,9.36,-0.41,0.06,-0.44,-0.11,0.18,9.8,1.82625,0.0,0.0,0.0,5.0,8.0,1016.71,66.83,-13.96
2025-03-24 18:44:00.491000+00:00,58.03678059999843,,,,335.938,-0.688,-1.25,23.0,-109.5,1.75,-37.875,0.023,-0.013,-0.002,-0.53,0.25,9.36,-0.41,0.06,-0.44,-0.11,0.18,9.8,1.82625,0.0,0.0,0.0,5.0,8.0,1016.71,66.83,-13.96
2025-03-24 18:44:01.109000+00:00,58.03678059999843,,,,335.938,-0.688,-1.25,23.06,-109.5,1.75,-37.875,0.023,-0.013,-0.002,-0.53,0.25,9.36,-0.41,0.06,-0.44,-0.11,0.18,9.8,1.82625,0.0,0.0,0.0,5.0,8.0,1016.71,66.83,-13.96
2025-03-24 18:44:01.496000+00:00,58.03678059999843,,,,335.938,-0.688,-1.25,23.0,-109.5,1.75,-37.875,0.023,-0.013,-0.002,-0.53,0.25,9.36,-0.41,0.06,-0.44,-0.11,0.18,9.8,1.82625,0.0,0.0,0.0,5.0,8.0,1016.71,66.83,-13.96
2025-03-24 18:44:02.213000+00:00,58.03678059999843,,,,335.938,-0.688,-1.25,23.06,-109.5,1.75,-37.875,0.023,-0.013,-0.002,-0.53,0.25,9.36,-0.41,0.06,-0.44,-0.11,0.18,9.8,1.82625,0.0,0.0,0.0,5.0,8.0,1016.71,66.83,-13.96
2025-03-24 18:44:02.503000+00:00,58.03678059999843,,,,335.938,-0.688,-1.25,23.0,-109.5,1.75,-37.875,0.023,-0.013,-0.002,-0.53,0.25,9.36,-0.41,0.06,-0.44,-0.11,0.18,9.8,1.82625,0.0,0.0,0.0,5.0,8.0,1016.71,66.83,-13.96
2025-03-24 18:44:03.364000+00:00,58.03678059999843,,,,335.938,-0.688,-1.25,23.06,-109.5,1.75,-37.875,0.023,-0.013,-0.002,-0.53,0.25,9.36,-0.41,0.06,-0.44,-0.11,0.18,9.8,1.82625,0.0,0.0,0.0,5.0,8.0,1016.71,66.83,-13.96
2025-03-24 18:44:03.623000+00:00,58.03678059999843,,,,335.938,-0.688,-1.25,23.0,-109.5,1.75,-37.875,0.023,-0.013,-0.002,-0.53,0.25,9.36,-0.41,0.06,-0.44,-0.11,0.18,9.8,1.82625,0.0,0.0,0.0,5.0,8.0,1016.71,66.83,-13.96
2025-03-24 18:44:04.513000+00:00,58.03678059999843,,,,335.938,-0.688,-1.25,23.06,-109.5,1.75,-37.875,0.023,-0.013,-0.002,-0.53,0.25,9.36,-0.41,0.06,-0.44,-0.11,0.18,9.8,1.82625,0.0,0.0,0.0,5.0,8.0,1016.71,66.83,-13.96
2025-03-24 18:44:04.770000+00:00,58.03678059999843,,,,335.938,-0.688,-1.25,23.0,-109.5,1.75,-37.875,0.023,-0.013,-0.002,-0.53,0.25,9.36,-0.41,0.06,-0.44,-0.11,0.18,9.8,1.82625,0.0,0.0,0.0,5.0,8.0,1016.71,66.83,-13.96
2025-03-24 18:44:05.536000+00:00,58.03678059999843,,,,335.938,-0.688,-1.25,23.0,-109.5,1.75,-37.875,0.023,-0.013,-0.002,-0.53,0.25,9.36,-0.41,0.06,-0.44,-0.11,0.18,9.8,1.82625,0.0,0.0,0.0,5.0,8.0,1016.71,66.83,-13.96
2025-03-24 18:44:05.933000+00:00,58.03678059999843,,,,335.938,-0.688,-1.25,23.06,-109.5,1.75,-37.875,0.023,-0.013,-0.002,-0.53,0.25,9.36,-0.41,0.06,-0.44,-0.11,0.18,9.8,1.82625,0.0,0.0,0.0,5.0,8.0,1016.71,66.83,-13.96
2025-03-24 18:44:06.547000+00:00,58.03678059999843,,,,335.938,-0.688,-1.25,23.0,-109.5,1.75,-37.875,0.023,-0.013,-0.002,-0.53,0.25,9.36,-0.41,0.06,-0.44,-0.11,0.18,9.8,1.82625,0.0,0.0,0.0,5.0,8.0,1016.71,66.83,-13.96
2025-03-24 18:44:07.142000+00:00,58.03678059999843,,,,335.938,-0.688,-1.25,23.06,-109.5,1.75,-37.875,0.023,-0.013,-0.002,-0.53,0.25,9.36,-0.41,0.06,-0.44,-0.11,0.18,9.8,1.82625,0.0,0.0,0.0,5.0,8.0,1016.71,66.83,-13.96
2025-03-24 18:44:07.553000+00:00,58.03678059999843,,,,335.938,-0.688,-1.25,23.0,-109.5,1.75,-37.875,0.023,-0.013,-0.002,-0.53,0.25,9.36,-0.41,0.06,-0.44,-0.11,0.18,9.8,1.82625,0.0,0.0,0.0,5.0,8.0,1016.71,66.83,-13.96
2025-03-24 18:44:08.187000+00:00,58.03678059999843,,,,335.938,-0.688,-1.25,23.06,-109.5,1.75,-37.875,0.023,-0.013,-0.002,-0.53,0.25,9.36,-0.41,0.06,-0.44,-0.11,0.18,9.8,1.82625,0.0,0.0,0.0,5.0,8.0,1016.71,66.83,-13.96
2025-03-24 18:44:08.569000+00:00,58.03678059999843,,,,335.938,-0.688,-1.25,23.0,-109.5,1.75,-37.875,0.023,-0.013,-0.002,-0.53,0.25,9.36,-0.41,0.06,-0.44,-0.11,0.18,9.8,1.82625,0.0,0.0,0.0,5.0,8.0,1016.71,66.83,-13.96
2025-03-24 18:44:09.393000+00:00,58.03678059999843,,,,335.938,-0.688,-1.25,23.06,-109.5,1.75,-37.875,0.023,-0.013,-0.002,-0.53,0.25,9.36,-0.41,0.06,-0.44,-0.11,0.18,9.8,1.82625,0.0,0.0,0.0,5.0,8.0,1016.71,66.83,-13.96
2025-03-24 18:44:09.652000+00:00,58.03678059999843,,,,335.938,-0.688,-1.25,23.0,-109.5,1.75,-37.875,0.023,-0.013,-0.002,-0.53,0.25,9.36,-0.41,0.06,-0.44,-0.11,0.18,9.8,1.82625,0.0,0.0,0.0,5.0,8.0,1016.71,66.83,-13.96
2025-03-24 18:44:10.544000+00:00,58.03678059999843,,,,335.938,-0.688,-1.25,23.0,-109.5,1.75,-37.875,0.023,-0.013,-0.002,-0.53,0.25,9.36,-0.41,0.06,-0.44,-0.11,0.18,9.8,1.82625,0.0,0.0,0.0,5.0,8.0,1016.71,66.83,-13.96
2025-03-24 18:44:10.799000+00:00,58.03678059999843,,,,335.938,-0.688,-1.25,23.0,-109.5,1.75,-37.875,0.023,-0.013,-0.002,-0.53,0.25,9.36,-0.41,0.06,-0.44,-0.11,0.18,9.8,1.82625,0.0,0.0,0.0,5.0,8.0,1016.71,66.83,-13.96
2025-03-24 18:44:11.602000+00:00,58.03678059999843,,,,335.938,-0.688,-1.25,23.0,-109.5,1.75,-37.875,0.023,-0.013,-0.002,-0.53,0.25,9.36,-0.41,0.06,-0.44,-0.11,0.18,9.8,1.82625,0.0,0.0,0.0,5.0,8.0,1016.71,66.83,-13.96
2025-03-24 18:44:12.059000+00:00,58.03678059999843,,,,335.938,-0.688,-1.25,23.0,-109.5,1.75,-37.875,0.023,-0.013,-0.002,-0.53,0.25,9.36,-0.41,0.06,-0.44,-0.11,0.18,9.8,1.82625,0.0,0.0,0.0,5.0,8.0,1016.71,66.83,-13.96
2025-03-24 18:44:12.613000+00:00,58.03678059999843,,,,335.938,-0.688,-1.25,23.0,-109.5,1.75,-37.875,0.023,-0.013,-0.002,-0.53,0.25,9.36,-0.41,0.06,-0.44,-0.11,0.18,9.8,1.82625,0.0,0.0,0.0,5.0,8.0,1016.71,66.83,-13.96
2025-03-24 18:44:13.261000+00:00,58.03678059999843,,,,335.938,-0.688,-1.25,23.0,-109.5,1.75,-37.875,0.023,-0.013,-0.002,-0.53,0.25,9.36,-0.41,0.06,-0.44,-0.11,0.18,9.8,1.82625,0.0,0.0,0.0,5.0,8.0,1016.71,66.83,-13.96
2025-03-24 18:44:13.619000+00:00,58.03678059999843,,,,335.938,-0.688,-1.25,23.0,-109.5,1.75,-37.875,0.023,-0.013,-0.002,-0.53,0.25,9.36,-0.41,0.06,-0.44,-0.11,0.18,9.8,1.82625,0.0,0.0,0.0,5.0,8.0,1016.71,66.83,-13.96
2025-03-24 18:44:14.232000+00:00,58.03678059999843,,,,335.938,-0.688,-1.25,23.0,-109.5,1.75,-37.875,0.023,-0.013,-0.002,-0.53,0.25,9.36,-0.41,0.06,-0.44,-0.11,0.18,9.8,1.82625,0.0,0.0,0.0,5.0,8.0,1016.71,66.83,-13.96
2025-03-24 18:44:14.612000+00:00,58.03678059999843,,,,335.938,-0.688,-1.25,23.0,-109.5,1.75,-37.875,0.023,-0.013,-0.002,-0.53,0.25,9.36,-0.41,0.06,-0.44,-0.11,0.18,9.8,1.82625,0.0,0.0,0.0,5.0,8.0,1016.71,66.83,-13.96
2025-03-24 18:44:15.213000+00:00,58.03678059999843,,,,335.938,-0.688,-1.25,23.0,-109.5,1.75,-37.875,0.023,-0.013,-0.002,-0.53,0.25,9.36,-0.41,0.06,-0.44,-0.11,0.18,9.8,1.82625,0.0,0.0,0.0,5.0,8.0,1016.71,66.83,-13.96
2025-03-24 18:44:15.623000+00:00,58.03678059999843,,,,335.938,-0.688,-1.25,23.0,-109.5,1.75,-37.875,0.023,-0.013,-0.002,-0.53,0.25,9.36,-0.41,0.06,-0.44,-0.11,0.18,9.8,1.82625,0.0,0.0,0.0,5.0,8.0,1016.71,66.83,-13.96
2025-03-24 18:44:16.262000+00:00,58.03678059999843,,,,335.938,-0.688,-1.25,23.0,-109.5,1.75,-37.875,0.023,-0.013,-0.002,-0.53,0.25,9.36,-0.41,0.06,-0.44,-0.11,0.18,9.8,1.82625,0.0,0.0,0.0,5.0,8.0,1016.71,66.83,-13.96
2025-03-24 18:44:16.637000+00:00,58.03678059999843,,,,335.938,-0.688,-1.25,23.0,-109.5,1.75,-37.875,0.023,-0.013,-0.002,-0.53,0.25,9.36,-0.41,0.06,-0.44,-0.11,0.18,9.8,1.82625,0.0,0.0,0.0,5.0,8.0,1016.71,66.83,-13.96
2025-03-24 18:44:17.412000+00:00,58.03678059999843,,,,335.938,-0.688,-1.25,23.0,-109.5,1.75,-37.875,0.023,-0.013,-0.002,-0.53,0.25,9.36,-0.41,0.06,-0.44,-0.11,0.18,9.8,1.82625,0.0,0.0,0.0,5.0,8.0,1016.71,66.83,-13.96
2025-03-24 18:44:17.671000+00:00,58.03678059999843,,,,335.938,-0.688,-1.25,23.0,-109.5,1.75,-37.875,0.023,-0.013,-0.002,-0.53,0.25,9.36,-0.41,0.06,-0.44,-0.11,0.18,9.8,1.82625,0.0,0.0,0.0,5.0,8.0,1016.71,66.83,-13.96
2025-03-24 18:44:18.552000+00:00,58.03678059999843,,,,335.938,-0.688,-1.25,23.0,-109.5,1.75,-37.875,0.023,-0.013,-0.002,-0.53,0.25,9.36,-0.41,0.06,-0.44,-0.11,0.18,9.8,1.82625,0.0,0.0,0.0,5.0,8.0,1016.71,66.83,-13.96
2025-03-24 18:44:18.808000+00:00,58.03678059999843,,,,335.938,-0.688,-1.25,23.0,-109.5,1.75,-37.875,0.023,-0.013,-0.002,-0.53,0.25,9.36,-0.41,0.06,-0.44,-0.11,0.18,9.8,1.82625,0.0,0.0,0.0,5.0,8.0,1016.71,66.83,-13.96
2025-03-24 18:44:19.598000+00:00,58.03678059999843,,,,335.938,-0.688,-1.25,23.0,-109.5,1.75,-37.875,0.023,-0.013,-0.002,-0.53,0.25,9.36,-0.41,0.06,-0.44,-0.11,0.18,9.8,1.82625,0.0,0.0,0.0,5.0,8.0,1016.71,66.83,-13.96
2025-03-24 18:44:19.878000+00:00,58.03678059999843,,,,335.938,-0.688,-1.25,23.0,-109.5,1.75,-37.875,0.023,-0.013,-0.002,-0.53,0.25,9.36,-0.41,0.06,-0.44,-0.11,0.18,9.8,1.82625,0.0,0.0,0.0,5.0,8.0,1016.71,66.83,-13.96
2025-03-24 18:44:20.686000+00:00,58.03678059999843,,,,335.938,-0.688,-1.25,23.0,-109.5,1.75,-37.875,0.023,-0.013,-0.002,-0.53,0.25,9.36,-0.41,0.06,-0.44,-0.11,0.18,9.8,1.82625,0.0,0.0,0.0,5.0,8.0,1016.71,66.83,-13.96
2025-03-24 18:44:21.115000+00:00,58.03678059999843,,,,335.938,-0.688,-1.25,23.0,-109.5,1.75,-37.875,0.023,-0.013,-0.002,-0.53,0.25,9.36,-0.41,0.06,-0.44,-0.11,0.18,9.8,1.82625,0.0,0.0,0.0,5.0,8.0,1016.71,66.83,-13.96
2025-03-24 18:44:21.681000+00:00,58.03678059999843,,,,335.938,-0.688,-1.25,23.0,-109.5,1.75,-37.875,0.023,-0.013,-0.002,-0.53,0.25,9.36,-0.41,0.06,-0.44,-0.11,0.18,9.8,1.82625,0.0,0.0,0.0,5.0,8.0,1016.71,66.83,-13.96
2025-03-24 18:44:22.282000+00:00,58.03678059999843,,,,335.938,-0.688,-1.25,23.0,-109.5,1.75,-37.875,0.023,-0.013,-0.002,-0.53,0.25,9.36,-0.41,0.06,-0.44,-0.11,0.18,9.8,1.82625,0.0,0.0,0.0,5.0,8.0,1016.71,66.83,-13.96
2025-03-24 18:44:22.748000+00:00,58.03678059999843,,,,335.938,-0.688,-1.25,23.0,-109.5,1.75,-37.875,0.023,-0.013,-0.002,-0.53,0.25,9.36,-0.41,0.06,-0.44,-0.11,0.18,9.8,1.82625,0.0,0.0,0.0,5.0,8.0,1016.71,66.83,-13.96
2025-03-24 18:44:23.321000+00:00,58.03678059999843,,,,335.938,-0.688,-1.25,23.0,-109.5,1.75,-37.875,0.023,-0.013,-0.002,-0.53,0.25,9.36,-0.41,0.06,-0.44,-0.11,0.18,9.8,1.82625,0.0,0.0,0.0,5.0,8.0,1016.71,66.83,-13.96
2025-03-24 18:44:23.702000+00:00,58.03678059999843,,,,335.938,-0.688,-1.25,23.0,-109.5,1.75,-37.875,0.023,-0.013,-0.002,-0.53,0.25,9.36,-0.41,0.06,-0.44,-0.11,0.18,9.8,1.82625,0.0,0.0,0.0,5.0,8.0,1016.71,66.83,-13.96
2025-03-24 18:44:24.268000+00:00,58.03678059999843,,,,335.938,-0.688,-1.25,23.0,-109.5,1.75,-37.875,0.023,-0.013,-0.002,-0.53,0.25,9.36,-0.41,0.06,-0.44,-0.11,0.18,9.8,1.82625,0.0,0.0,0.0,5.0,8.0,1016.71,66.83,-13.96
2025-03-24 18:44:24.712000+00:00,58.03678059999843,,,,335.938,-0.688,-1.25,23.0,-109.5,1.75,-37.875,0.023,-0.013,-0.002,-0.53,0.25,9.36,-0.41,0.06,-0.44,-0.11,0.18,9.8,1.82625,0.0,0.0,0.0,5.0,8.0,1016.71,66.83,-13.96
2025-03-24 18:44:25.307000+00:00,58.03678059999843,,,,335.938,-0.688,-1.25,23.0,-109.5,1.75,-37.875,0.023,-0.013,-0.002,-0.53,0.25,9.36,-0.41,0.06,-0.44,-0.11,0.18,9.8,1.82625,0.0,0.0,0.0,5.0,8.0,1016.71,66.83,-13.96
2025-03-24 18:44:25.721000+00:00,58.03678059999843,,,,335.938,-0.688,-1.25,23.0,-109.5,1.75,-37.875,0.023,-0.013,-0.002,-0.53,0.25,9.36,-0.41,0.06,-0.44,-0.11,0.18,9.8,1.82625,0.0,0.0,0.0,5.0,8.0,1016.71,66.83,-13.96
2025-03-24 18:44:26.361000+00:00,58.03678059999843,,,,335.938,-0.688,-1.25,23.0,-109.5,1.75,-37.875,0.023,-0.013,-0.002,-0.53,0.25,9.36,-0.41,0.06,-0.44,-0.11,0.18,9.8,1.82625,0.0,0.0,0.0,5.0,8.0,1016.71,66.83,-13.96
2025-03-24 18:44:26.891000+00:00,58.03678059999843,,,,335.938,-0.688,-1.25,23.0,-109.5,1.75,-37.875,0.023,-0.013,-0.002,-0.53,0.25,9.36,-0.41,0.06,-0.44,-0.11,0.18,9.8,1.82625,0.0,0.0,0.0,5.0,8.0,1016.71,66.83,-13.96
2025-03-24 18:44:27.410000+00:00,58.03678059999843,,,,335.938,-0.688,-1.25,23.0,-109.5,1.75,-37.875,0.023,-0.013,-0.002,-0.53,0.25,9.36,-0.41,0.06,-0.44,-0.11,0.18,9.8,1.82625,0.0,0.0,0.0,5.0,8.0,1016.71,66.83,-13.96
2025-03-24 18:44:27.941000+00:00,58.03678059999843,,,,335.938,-0.688,-1.25,23.0,-109.5,1.75,-37.875,0.023,-0.013,-0.002,-0.53,0.25,9.36,-0.41,0.06,-0.44,-0.11,0.18,9.8,1.82625,0.0,0.0,0.0,5.0,8.0,1016.71,66.83,-13.96
2025-03-24 18:44:28.550000+00:00,58.03678059999843,,,,335.938,-0.688,-1.25,23.0,-109.5,1.75,-37.875,0.023,-0.013,-0.002,-0.53,0.25,9.36,-0.41,0.06,-0.44,-0.11,0.18,9.8,1.82625,0.0,0.0,0.0,5.0,8.0,1016.71,66.83,-13.96
2025-03-24 18:44:29.011000+00:00,58.03678059999843,,,,335.938,-0.688,-1.25,23.0,-109.5,1.75,-37.875,0.023,-0.013,-0.002,-0.53,0.25,9.36,-0.41,0.06,-0.44,-0.11,0.18,9.8,1.82625,0.0,0.0,0.0,5.0,8.0,1016.71,66.83,-13.96
2025-03-24 18:44:29.600000+00:00,58.03678059999843,,,,335.938,-0.688,-1.25,23.0,-109.5,1.75,-37.875,0.023,-0.013,-0.002,-0.53,0.25,9.36,-0.41,0.06,-0.44,-0.11,0.18,9.8,1.82625,0.0,0.0,0.0,5.0,8.0,1016.71,66.83,-13.96
2025-03-24 18:44:29.970000+00:00,58.03678059999843,,,,335.938,-0.688,-1.25,23.0,-109.5,1.75,-37.875,0.023,-0.013,-0.002,-0.53,0.25,9.36,-0.41,0.06,-0.44,-0.11,0.18,9.8,1.82625,0.0,0.0,0.0,5.0,8.0,1016.71,66.83,-13.96
2025-03-24 18:44:30.740000+00:00,58.03678059999843,,,,335.938,-0.688,-1.25,23.0,-109.5,1.75,-37.875,0.023,-0.013,-0.002,-0.53,0.25,9.36,-0.41,0.06,-0.44,-0.11,0.18,9.8,1.82625,0.0,0.0,0.0,5.0,8.0,1016.71,66.83,-13.96
2025-03-24 18:43:31.245000+00:00,58.03678059999843,,,,335.938,-0.688,-1.25,23.0,-109.5,1.75,-37.875,0.023,-0.013,-0.002,-0.53,0.25,9.36,-0.41,0.06,-0.44,-0.11,0.18,9.8,1.82625,0.0,0.0,0.0,5.0,8.0,1016.71,66.83,-13.96
2025-03-24 18:43:32.265000+00:00,58.03678059999843,,,,335.938,-0.688,-1.25,23.0,-123.688,3.0,-22.688,0.023,-0.013,-0.002,-0.53,0.25,9.36,-0.41,0.06,-0.44,-0.11,0.18,9.8,1.82625,0.0,0.0,0.0,5.0,8.0,1016.71,66.83,-13.96
2025-03-24 18:43:33.306000+00:00,58.03678059999843,,,,335.938,-0.688,-1.25,23.0,-127.0,-0.688,9.25,0.023,-0.013,-0.002,-0.53,0.25,9.36,-0.41,0.06,-0.44,-0.11,0.18,9.8,1.82625,0.0,0.0,0.0,5.0,8.0,1016.71,66.83,-13.96
2025-03-24 18:43:34.316000+00:00,58.03678059999843,,,,335.938,-0.688,-1.25,23.0,-119.75,-4.562,-3.375,0.023,-0.013,-0.002,-0.53,0.25,9.36,-0.41,0.06,-0.44,-0.11,0.18,9.8,1.82625,0.0,0.0,0.0,5.0,8.0,1016.71,66.83,-13.96
2025-03-24 18:43:35.291000+00:00,58.03678059999843,,,,335.938,-0.688,-1.25,23.0,-114.25,-4.375,-10.5,0.023,-0.013,-0.002,-0.53,0.25,9.36,-0.41,0.06,-0.44,-0.11,0.18,9.8,1.82625,0.0,0.0,0.0,5.0,8.0,1016.71,66.83,-13.96
2025-03-24 18:43:36.306000+00:00,58.03678059999843,,,,335.938,-0.688,-1.25,23.0,-90.0,0.375,-24.062,0.023,-0.013,-0.002,-0.53,0.25,9.36,-0.41,0.06,-0.44,-0.11,0.18,9.8,1.82625,0.0,0.0,0.0,5.0,8.0,1016.71,66.83,-13.96
2025-03-24 18:43:37.311000+00:00,58.03678059999843,,,,335.938,-0.688,-1.25,23.0,-65.75,-2.062,-30.25,0.023,-0.013,-0.002,-0.53,0.25,9.36,-0.41,0.06,-0.44,-0.11,0.18,9.8,1.82625,0.0,0.0,0.0,5.0,8.0,1016.71,66.83,-13.96
2025-03-24 18:43:38.322000+00:00,58.03678059999843,,,,335.938,-0.688,-1.25,23.0,-61.5,-8.75,-28.875,0.023,-0.013,-0.002,-0.53,0.25,9.36,-0.41,0.06,-0.44,-0.11,0.18,9.8,1.82625,0.0,0.0,0.0,5.0,8.0,1016.71,66.83,-13.96
2025-03-24 18:43:39.332000+00:00,58.03678059999843,,,,335.938,-0.688,-1.25,23.0,-69.688,-10.875,-23.25,0.023,-0.013,-0.002,-0.53,0.25,9.36,-0.41,0.06,-0.44,-0.11,0.18,9.8,1.82625,0.0,0.0,0.0,5.0,8.0,1016.71,66.83,-13.96
2025-03-24 18:43:40.334000+00:00,58.03678059999843,,,,335.938,-0.688,-1.25,23.0,-76.75,-7.0,-22.25,0.023,-0.013,-0.002,-0.53,0.25,9.36,-0.41,0.06,-0.44,-0.11,0.18,9.8,1.82625,0.0,0.0,0.0,5.0,8.0,1016.71,66.83,-13.96
2025-03-24 18:43:41.345000+00:00,58.03678059999843,,,,335.938,-0.688,-1.25,23.0,-88.25,-4.375,-19.688,0.023,-0.013,-0.002,-0.53,0.25,9.36,-0.41,0.06,-0.44,-0.11,0.18,9.8,1.82625,0.0,0.0,0.0,5.0,8.0,1016.71,66.83,-13.96
2025-03-24 18:43:42.361000+00:00,58.03678059999843,,,,335.938,-0.688,-1.25,23.0,-107.375,2.375,-8.188,0.023,-0.013,-0.002,-0.53,0.25,9.36,-0.41,0.06,-0.44,-0.11,0.18,9.8,1.82625,0.0,0.0,0.0,5.0,8.0,1016.71,66.83,-13.96
2025-03-24 18:43:43.365000+00:00,58.03678059999843,,,,335.938,-0.688,-1.25,23.0,-122.0,2.562,5.75,0.023,-0.013,-0.002,-0.53,0.25,9.36,-0.41,0.06,-0.44,-0.11,0.18,9.8,1.82625,0.0,0.0,0.0,5.0,8.0,1016.71,66.83,-13.96
2025-03-24 18:43:44.420000+00:00,58.03678059999843,,,,335.938,-0.688,-1.25,23.0,-126.375,-3.875,4.188,0.023,-0.013,-0.002,-0.53,0.25,9.36,-0.41,0.06,-0.44,-0.11,0.18,9.8,1.82625,0.0,0.0,0.0,5.0,8.0,1016.71,66.83,-13.96
2025-03-24 18:43:45.385000+00:00,58.03678059999843,,,,335.938,-0.688,-1.25,23.0,-115.688,-6.0,-9.875,0.023,-0.013,-0.002,-0.53,0.25,9.36,-0.41,0.06,-0.44,-0.11,0.18,9.8,1.82625,0.0,0.0,0.0,5.0,8.0,1016.71,66.83,-13.96
2025-03-24 18:43:46.395000+00:00,58.03678059999843,,,,335.938,-0.688,-1.25,23.0,-100.75,-3.375,-22.188,0.023,-0.013,-0.002,-0.53,0.25,9.36,-0.41,0.06,-0.44,-0.11,0.18,9.8,1.82625,0.0,0.0,0.0,5.0,8.0,1016.71,66.83,-13.96
2025-03-24 18:43:47.414000+00:00,58.03678059999843,,,,335.938,-0.688,-1.25,23.0,-72.75,-1.062,-30.5,0.023,-0.013,-0.002,-0.53,0.25,9.36,-0.41,0.06,-0.44,-0.11,0.18,9.8,1.82625,0.0,0.0,0.0,5.0,8.0,1016.71,66.83,-13.96
2025-03-24 18:43:48.546000+00:00,58.03678059999843,,,,335.938,-0.688,-1.25,23.0,-62.562,-7.688,-31.062,0.023,-0.013,-0.002,-0.53,0.25,9.36,-0.41,0.06,-0.44,-0.11,0.18,9.8,1.82625,0.0,0.0,0.0,5.0,8.0,1016.71,66.83,-13.96
2025-03-24 18:43:49.584000+00:00,58.03678059999843,,,,335.938,-0.688,-1.25,23.0,-61.688,-10.0,-29.062,0.023,-0.013,-0.002,-0.53,0.25,9.36,-0.41,0.06,-0.44,-0.11,0.18,9.8,1.82625,0.0,0.0,0.0,5.0,8.0,1016.71,66.83,-13.96
2025-03-24 18:43:50.510000+00:00,58.03678059999843,,,,335.938,-0.688,-1.25,23.0,-68.0,-11.875,-25.75,0.023,-0.013,-0.002,-0.53,0.25,9.36,-0.41,0.06,-0.44,-0.11,0.18,9.8,1.82625,0.0,0.0,0.0,5.0,8.0,1016.71,66.83,-13.96
2025-03-24 18:43:51.590000+00:00,58.03678059999843,,,,335.938,-0.688,-1.25,23.0,-71.5,-11.5,-25.062,0.023,-0.013,-0.002,-0.53,0.25,9.36,-0.41,0.06,-0.44,-0.11,0.18,9.8,1.82625,0.0,0.0,0.0,5.0,8.0,1016.71,66.83,-13.96
2025-03-24 18:43:52.704000+00:00,58.03678059999843,,,,335.938,-0.688,-1.25,23.0,-80.0,-8.875,-24.875,0.023,-0.013,-0.002,-0.53,0.25,9.36,-0.41,0.06,-0.44,-0.11,0.18,9.8,1.82625,0.0,0.0,0.0,5.0,8.0,1016.71,66.83,-13.96
2025-03-24 18:43:53.753000+00:00,58.03678059999843,,,,335.938,-0.688,-1.25,23.0,-94.188,-5.75,-23.0,0.023,-0.013,-0.002,-0.53,0.25,9.36,-0.41,0.06,-0.44,-0.11,0.18,9.8,1.82625,0.0,0.0,0.0,5.0,8.0,1016.71,66.83,-13.96
2025-03-24 18:43:54.473000+00:00,58.03678059999843,,,,335.938,-0.688,-1.25,23.0,-106.5,-0.188,-14.75,0.023,-0.013,-0.002,-0.53,0.25,9.36,-0.41,0.06,-0.44,-0.11,0.18,9.8,1.82625,0.0,0.0,0.0,5.0,8.0,1016.71,66.83,-13.96
2025-03-24 18:43:55.484000+00:00,58.03678059999843,,,,335.938,-0.688,-1.25,23.0,-120.5,1.062,-2.0,0.023,-0.013,-0.002,-0.53,0.25,9.36,-0.41,0.06,-0.44,-0.11,0.18,9.8,1.82625,0.0,0.0,0.0,5.0,8.0,1016.71,66.83,-13.96
2025-03-24 18:43:56.494000+00:00,58.03678059999843,,,,335.938,-0.688,-1.25,23.0,-130.188,-5.0,6.875,0.023,-0.013,-0.002,-0.53,0.25,9.36,-0.41,0.06,-0.44,-0.11,0.18,9.8,1.82625,0.0,0.0,0.0,5.0,8.0,1016.71,66.83,-13.96
2025-03-24 18:43:57.524000+00:00,58.03678059999843,,,,335.938,-0.688,-1.25,23.0,-127.688,-7.875,1.188,0.023,-0.013,-0.002,-0.53,0.25,9.36,-0.41,0.06,-0.44,-0.11,0.18,9.8,1.82625,0.0,0.0,0.0,5.0,8.0,1016.71,66.83,-13.96
2025-03-24 18:43:58.513000+00:00,58.03678059999843,,,,335.938,-0.688,-1.25,23.0,-118.375,-9.0,-13.188,0.023,-0.013,-0.002,-0.53,0.25,9.36,-0.41,0.06,-0.44,-0.11,0.18,9.8,1.82625,0.0,0.0,0.0,5.0,8.0,1016.71,66.83,-13.96
2025-03-24 18:43:59.524000+00:00,58.03678059999843,,,,335.938,-0.688,-1.25,23.0,-102.375,-5.688,-24.562,0.023,-0.013,-0.002,-0.53,0.25,9.36,-0.41,0.06,-0.44,-0.11,0.18,9.8,1.82625,0.0,0.0,0.0,5.0,8.0,1016.71,66.83,-13.96
2025-03-24 18:44:00.543000+00:00,58.03678059999843,,,,335.938,-0.688,-1.25,23.0,-88.562,-5.0,-30.5,0.023,-0.013,-0.002,-0.53,0.25,9.36,-0.41,0.06,-0.44,-0.11,0.18,9.8,1.82625,0.0,0.0,0.0,5.0,8.0,1016.71,66.83,-13.96
2025-03-24 18:44:01.543000+00:00,58.03678059999843,,,,335.938,-0.688,-1.25,23.0,-82.688,-4.875,-33.0,0.023,-0.013,-0.002,-0.53,0.25,9.36,-0.41,0.06,-0.44,-0.11,0.18,9.8,1.82625,0.0,0.0,0.0,5.0,8.0,1016.71,66.83,-13.96
2025-03-24 18:44:02.553000+00:00,58.03678059999843,,,,335.938,-0.688,-1.25,23.0,-84.0,-3.875,-32.875,0.023,-0.013,-0.002,-0.53,0.25,9.36,-0.41,0.06,-0.44,-0.11,0.18,9.8,1.82625,0.0,0.0,0.0,5.0,8.0,1016.71,66.83,-13.96
2025-03-24 18:44:03.679000+00:00,58.03678059999843,,,,335.938,-0.688,-1.25,23.0,-74.875,-5.25,-35.688,0.023,-0.013,-0.002,-0.53,0.25,9.36,-0.41,0.06,-0.44,-0.11,0.18,9.8,1.82625,0.0,0.0,0.0,5.0,8.0,1016.71,66.83,-13.96
2025-03-24 18:44:04.823000+00:00,58.03678059999843,,,,335.938,-0.688,-1.25,23.0,-66.25,-7.188,-35.688,0.023,-0.013,-0.002,-0.53,0.25,9.36,-0.41,0.06,-0.44,-0.11,0.18,9.8,1.82625,0.0,0.0,0.0,5.0,8.0,1016.71,66.83,-13.96
2025-03-24 18:44:05.584000+00:00,58.03678059999843,,,,335.938,-0.688,-1.25,23.0,-64.562,-9.188,-36.688,0.023,-0.013,-0.002,-0.53,0.25,9.36,-0.41,0.06,-0.44,-0.11,0.18,9.8,1.82625,0.0,0.0,0.0,5.0,8.0,1016.71,66.83,-13.96
2025-03-24 18:44:06.599000+00:00,58.03678059999843,,,,335.938,-0.688,-1.25,23.0,-64.75,-10.25,-36.562,0.023,-0.013,-0.002,-0.53,0.25,9.36,-0.41,0.06,-0.44,-0.11,0.18,9.8,1.82625,0.0,0.0,0.0,5.0,8.0,1016.71,66.83,-13.96
2025-03-24 18:44:07.603000+00:00,58.03678059999843,,,,335.938,-0.688,-1.25,23.0,-63.875,-8.875,-37.375,0.023,-0.013,-0.002,-0.53,0.25,9.36,-0.41,0.06,-0.44,-0.11,0.18,9.8,1.82625,0.0,0.0,0.0,5.0,8.0,1016.71,66.83,-13.96
2025-03-24 18:44:08.622000+00:00,58.03678059999843,,,,335.938,-0.688,-1.25,23.0,-63.375,-9.875,-36.188,0.023,-0.013,-0.002,-0.53,0.25,9.36,-0.41,0.06,-0.44,-0.11,0.18,9.8,1.82625,0.0,0.0,0.0,5.0,8.0,1016.71,66.83,-13.96
2025-03-24 18:44:09.709000+00:00,58.03678059999843,,,,335.938,-0.688,-1.25,23.0,-63.875,-11.25,-33.875,0.023,-0.013,-0.002,-0.53,0.25,9.36,-0.41,0.06,-0.44,-0.11,0.18,9.8,1.82625,0.0,0.0,0.0,5.0,8.0,1016.71,66.83,-13.96
2025-03-24 18:44:10.858000+00:00,58.03678059999843,,,,335.938,-0.688,-1.25,23.0,-68.375,-13.25,-33.375,0.023,-0.013,-0.002,-0.53,0.25,9.36,-0.41,0.06,-0.44,-0.11,0.18,9.8,1.82625,0.0,0.0,0.0,5.0,8.0,1016.71,66.83,-13.96
2025-03-24 18:44:11.662000+00:00,58.03678059999843,,,,335.938,-0.688,-1.25,23.0,-69.188,-12.188,-32.062,0.023,-0.013,-0.002,-0.53,0.25,9.36,-0.41,0.06,-0.44,-0.11,0.18,9.8,1.82625,0.0,0.0,0.0,5.0,8.0,1016.71,66.83,-13.96
2025-03-24 18:44:12.662000+00:00,58.03678059999843,,,,335.938,-0.688,-1.25,23.0,-72.375,-11.562,-32.688,0.023,-0.013,-0.002,-0.53,0.25,9.36,-0.41,0.06,-0.44,-0.11,0.18,9.8,1.82625,0.0,0.0,0.0,5.0,8.0,1016.71,66.83,-13.96
2025-03-24 18:44:13.672000+00:00,58.03678059999843,,,,335.938,-0.688,-1.25,23.0,-71.75,-13.0,-34.75,0.023,-0.013,-0.002,-0.53,0.25,9.36,-0.41,0.06,-0.44,-0.11,0.18,9.8,1.82625,0.0,0.0,0.0,5.0,8.0,1016.71,66.83,-13.96
2025-03-24 18:44:14.667000+00:00,58.03678059999843,,,,335.938,-0.688,-1.25,23.0,-73.688,-14.25,-33.75,0.023,-0.013,-0.002,-0.53,0.25,9.36,-0.41,0.06,-0.44,-0.11,0.18,9.8,1.82625,0.0,0.0,0.0,5.0,8.0,1016.71,66.83,-13.96
2025-03-24 18:44:15.672000+00:00,58.03678059999843,,,,335.938,-0.688,-1.25,23.0,-75.0,-13.5,-34.062,0.023,-0.013,-0.002,-0.53,0.25,9.36,-0.41,0.06,-0.44,-0.11,0.18,9.8,1.82625,0.0,0.0,0.0,5.0,8.0,1016.71,66.83,-13.96
2025-03-24 18:44:16.682000+00:00,58.03678059999843,,,,335.938,-0.688,-1.25,23.0,-75.25,-12.5,-33.75,0.023,-0.013,-0.002,-0.53,0.25,9.36,-0.41,0.06,-0.44,-0.11,0.18,9.8,1.82625,0.0,0.0,0.0,5.0,8.0,1016.71,66.83,-13.96
2025-03-24 18:44:17.722000+00:00,58.03678059999843,,,,335.938,-0.688,-1.25,23.0,-76.25,-12.25,-33.562,0.023,-0.013,-0.002,-0.53,0.25,9.36,-0.41,0.06,-0.44,-0.11,0.18,9.8,1.82625,0.0,0.0,0.0,5.0,8.0,1016.71,66.83,-13.96
2025-03-24 18:44:18.861000+00:00,58.03678059999843,,,,335.938,-0.688,-1.25,23.0,-75.375,-13.562,-34.5,0.023,-0.013,-0.002,-0.53,0.25,9.36,-0.41,0.06,-0.44,-0.11,0.18,9.8,1.82625,0.0,0.0,0.0,5.0,8.0,1016.71,66.83,-13.96
2025-03-24 18:44:19.937000+00:00,58.03678059999843,,,,335.938,-0.688,-1.25,23.0,-79.688,-14.0,-34.25,0.023,-0.013,-0.002,-0.53,0.25,9.36,-0.41,0.06,-0.44,-0.11,0.18,9.8,1.82625,0.0,0.0,0.0,5.0,8.0,1016.71,66.83,-13.96
2025-03-24 18:44:20.732000+00:00,58.03678059999843,,,,335.938,-0.688,-1.25,23.0,-86.875,-11.562,-33.688,0.023,-0.013,-0.002,-0.53,0.25,9.36,-0.41,0.06,-0.44,-0.11,0.18,9.8,1.82625,0.0,0.0,0.0,5.0,8.0,1016.71,66.83,-13.96
2025-03-24 18:44:21.731000+00:00,58.03678059999843,,,,335.938,-0.688,-1.25,23.0,-92.75,-8.375,-34.562,0.023,-0.013,-0.002,-0.53,0.25,9.36,-0.41,0.06,-0.44,-0.11,0.18,9.8,1.82625,0.0,0.0,0.0,5.0,8.0,1016.71,66.83,-13.96
2025-03-24 18:44:22.802000+00:00,58.03678059999843,,,,335.938,-0.688,-1.25,23.0,-101.0,-4.188,-31.0,0.023,-0.013,-0.002,-0.53,0.25,9.36,-0.41,0.06,-0.44,-0.11,0.18,9.8,1.82625,0.0,0.0,0.0,5.0,8.0,1016.71,66.83,-13.96
2025-03-24 18:44:23.752000+00:00,58.03678059999843,,,,335.938,-0.688,-1.25,23.0,-112.562,-0.875,-25.5,0.023,-0.013,-0.002,-0.53,0.25,9.36,-0.41,0.06,-0.44,-0.11,0.18,9.8,1.82625,0.0,0.0,0.0,5.0,8.0,1016.71,66.83,-13.96
2025-03-24 18:44:24.767000+00:00,58.03678059999843,,,,335.938,-0.688,-1.25,23.0,-112.5,-0.75,-25.75,0.023,-0.013,-0.002,-0.53,0.25,9.36,-0.41,0.06,-0.44,-0.11,0.18,9.8,1.82625,0.0,0.0,0.0,5.0,8.0,1016.71,66.83,-13.96
2025-03-24 18:44:25.771000+00:00,58.03678059999843,,,,335.938,-0.688,-1.25,23.0,-120.375,1.25,-21.5,0.023,-0.013,-0.002,-0.53,0.25,9.36,-0.41,0.06,-0.44,-0.11,0.18,9.8,1.82625,0.0,0.0,0.0,5.0,8.0,1016.71,66.83,-13.96
2025-03-24 18:44:26.941000+00:00,58.03678059999843,,,,335.938,-0.688,-1.25,23.0,-128.375,1.25,-13.062,0.023,-0.013,-0.002,-0.53,0.25,9.36,-0.41,0.06,-0.44,-0.11,0.18,9.8,1.82625,0.0,0.0,0.0,5.0,8.0,1016.71,66.83,-13.96
2025-03-24 18:44:27.996000+00:00,58.03678059999843,,,,335.938,-0.688,-1.25,23.0,-135.5,-1.75,-6.688,0.023,-0.013,-0.002,-0.53,0.25,9.36,-0.41,0.06,-0.44,-0.11,0.18,9.8,1.82625,0.0,0.0,0.0,5.0,8.0,1016.71,66.83,-13.96
2025-03-24 18:44:29.061000+00:00,58.03678059999843,,,,335.938,-0.688,-1.25,23.0,-134.0,-0.062,-7.0,0.023,-0.013,-0.002,-0.53,0.25,9.36,-0.41,0.06,-0.44,-0.11,0.18,9.8,1.82625,0.0,0.0,0.0,5.0,8.0,1016.71,66.83,-13.96
2025-03-24 18:44:30.020000+00:00,58.03678059999843,,,,335.938,-0.688,-1.25,23.0,-135.5,-5.25,-11.062,0.023,-0.013,-0.002,-0.53,0.25,9.36,-0.41,0.06,-0.44,-0.11,0.18,9.8,1.82625,0.0,0.0,0.0,5.0,8.0,1016.71,66.83,-13.96
2025-03-24 18:43:31.295000+00:00,58.03678059999843,,,,335.938,-0.688,-1.25,23.0,-135.5,-5.25,-11.062,0.023,-0.013,-0.002,-0.53,0.25,9.36,-0.41,0.06,-0.44,-0.11,0.18,9.8,1.82625,0.0,0.0,0.0,5.0,8.0,1016.71,66.83,-13.96
2025-03-24 18:43:32.326000+00:00,58.03678059999843,,,,335.938,-0.688,-1.25,23.0,-135.5,-5.25,-11.062,0.021,0.014,-0.002,-0.53,0.25,9.36,-0.41,0.06,-0.44,-0.11,0.18,9.8,1.82625,0.0,0.0,0.0,5.0,8.0,1016.71,66.83,-13.96
2025-03-24 18:43:33.355000+00:00,58.03678059999843,,,,335.938,-0.688,-1.25,23.0,-135.5,-5.25,-11.062,-0.004,0.001,0.024,-0.53,0.25,9.36,-0.41,0.06,-0.44,-0.11,0.18,9.8,1.82625,0.0,0.0,0.0,5.0,8.0,1016.71,66.83,-13.96
2025-03-24 18:43:34.366000+00:00,58.03678059999843,,,,335.938,-0.688,-1.25,23.0,-135.5,-5.25,-11.062,-0.026,0.016,-0.013,-0.53,0.25,9.36,-0.41,0.06,-0.44,-0.11,0.18,9.8,1.82625,0.0,0.0,0.0,5.0,8.0,1016.71,66.83,-13.96
2025-03-24 18:43:35.362000+00:00,58.03678059999843,,,,335.938,-0.688,-1.25,23.0,-135.5,-5.25,-11.062,-0.013,-0.01,0.028,-0.53,0.25,9.36,-0.41,0.06,-0.44,-0.11,0.18,9.8,1.82625,0.0,0.0,0.0,5.0,8.0,1016.71,66.83,-13.96
2025-03-24 18:43:36.357000+00:00,58.03678059999843,,,,335.938,-0.688,-1.25,23.0,-135.5,-5.25,-11.062,0.006,0.003,-0.034,-0.53,0.25,9.36,-0.41,0.06,-0.44,-0.11,0.18,9.8,1.82625,0.0,0.0,0.0,5.0,8.0,1016.71,66.83,-13.96
2025-03-24 18:43:37.364000+00:00,58.03678059999843,,,,335.938,-0.688,-1.25,23.0,-135.5,-5.25,-11.062,0.0,0.012,0.0,-0.53,0.25,9.36,-0.41,0.06,-0.44,-0.11,0.18,9.8,1.82625,0.0,0.0,0.0,5.0,8.0,1016.71,66.83,-13.96
2025-03-24 18:43:38.379000+00:00,58.03678059999843,,,,335.938,-0.688,-1.25,23.0,-135.5,-5.25,-11.062,-0.007,0.007,-0.013,-0.53,0.25,9.36,-0.41,0.06,-0.44,-0.11,0.18,9.8,1.82625,0.0,0.0,0.0,5.0,8.0,1016.71,66.83,-13.96
2025-03-24 18:43:39.392000+00:00,58.03678059999843,,,,335.938,-0.688,-1.25,23.0,-135.5,-5.25,-11.062,0.003,-0.001,-0.013,-0.53,0.25,9.36,-0.41,0.06,-0.44,-0.11,0.18,9.8,1.82625,0.0,0.0,0.0,5.0,8.0,1016.71,66.83,-13.96
2025-03-24 18:43:40.385000+00:00,58.03678059999843,,,,335.938,-0.688,-1.25,23.0,-135.5,-5.25,-11.062,-0.006,0.008,-0.006,-0.53,0.25,9.36,-0.41,0.06,-0.44,-0.11,0.18,9.8,1.82625,0.0,0.0,0.0,5.0,8.0,1016.71,66.83,-13.96
2025-03-24 18:43:41.402000+00:00,58.03678059999843,,,,335.938,-0.688,-1.25,23.0,-135.5,-5.25,-11.062,-0.006,0.012,-0.001,-0.53,0.25,9.36,-0.41,0.06,-0.44,-0.11,0.18,9.8,1.82625,0.0,0.0,0.0,5.0,8.0,1016.71,66.83,-13.96
2025-03-24 18:43:42.422000+00:00,58.03678059999843,,,,335.938,-0.688,-1.25,23.0,-135.5,-5.25,-11.062,0.009,0.009,-0.016,-0.53,0.25,9.36,-0.41,0.06,-0.44,-0.11,0.18,9.8,1.82625,0.0,0.0,0.0,5.0,8.0,1016.71,66.83,-13.96
2025-03-24 18:43:43.421000+00:00,58.03678059999843,,,,335.938,-0.688,-1.25,23.0,-135.5,-5.25,-11.062,0.01,-0.011,0.003,-0.53,0.25,9.36,-0.41,0.06,-0.44,-0.11,0.18,9.8,1.82625,0.0,0.0,0.0,5.0,8.0,1016.71,66.83,-13.96
2025-03-24 18:43:44.479000+00:00,58.03678059999843,,,,335.938,-0.688,-1.25,23.0,-135.5,-5.25,-11.062,-0.028,-0.001,0.009,-0.53,0.25,9.36,-0.41,0.06,-0.44,-0.11,0.18,9.8,1.82625,0.0,0.0,0.0,5.0,8.0,1016.71,66.83,-13.96
2025-03-24 18:43:45.435000+00:00,58.03678059999843,,,,335.938,-0.688,-1.25,23.0,-135.5,-5.25,-11.062,-0.011,0.004,0.001,-0.53,0.25,9.36,-0.41,0.06,-0.44,-0.11,0.18,9.8,1.82625,0.0,0.0,0.0,5.0,8.0,1016.71,66.83,-13.96
2025-03-24 18:43:46.445000+00:00,58.03678059999843,,,,335.938,-0.688,-1.25,23.0,-135.5,-5.25,-11.062,-0.012,-0.004,-0.011,-0.53,0.25,9.36,-0.41,0.06,-0.44,-0.11,0.18,9.8,1.82625,0.0,0.0,0.0,5.0,8.0,1016.71,66.83,-13.96
2025-03-24 18:43:47.466000+00:00,58.03678059999843,,,,335.938,-0.688,-1.25,23.0,-135.5,-5.25,-11.062,0.011,0.003,-0.036,-0.53,0.25,9.36,-0.41,0.06,-0.44,-0.11,0.18,9.8,1.82625,0.0,0.0,0.0,5.0,8.0,1016.71,66.83,-13.96
2025-03-24 18:43:48.594000+00:00,58.03678059999843,,,,335.938,-0.688,-1.25,23.0,-135.5,-5.25,-11.062,-0.022,-0.01,0.032,-0.53,0.25,9.36,-0.41,0.06,-0.44,-0.11,0.18,9.8,1.82625,0.0,0.0,0.0,5.0,8.0,1016.71,66.83,-13.96
2025-03-24 18:43:49.640000+00:00,58.03678059999843,,,,335.938,-0.688,-1.25,23.0,-135.5,-5.25,-11.062,0.004,0.008,0.013,-0.53,0.25,9.36,-0.41,0.06,-0.44,-0.11,0.18,9.8,1.82625,0.0,0.0,0.0,5.0,8.0,1016.71,66.83,-13.96
2025-03-24 18:43:50.564000+00:00,58.03678059999843,,,,335.938,-0.688,-1.25,23.0,-135.5,-5.25,-11.062,0.023,-0.002,-0.036,-0.53,0.25,9.36,-0.41,0.06,-0.44,-0.11,0.18,9.8,1.82625,0.0,0.0,0.0,5.0,8.0,1016.71,66.83,-13.96
2025-03-24 18:43:51.644000+00:00,58.03678059999843,,,,335.938,-0.688,-1.25,23.0,-135.5,-5.25,-11.062,-0.022,0.009,-0.014,-0.53,0.25,9.36,-0.41,0.06,-0.44,-0.11,0.18,9.8,1.82625,0.0,0.0,0.0,5.0,8.0,1016.71,66.83,-13.96
2025-03-24 18:43:52.754000+00:00,58.03678059999843,,,,335.938,-0.688,-1.25,23.0,-135.5,-5.25,-11.062,-0.024,-0.01,0.011,-0.53,0.25,9.36,-0.41,0.06,-0.44,-0.11,0.18,9.8,1.82625,0.0,0.0,0.0,5.0,8.0,1016.71,66.83,-13.96
2025-03-24 18:43:53.804000+00:00,58.03678059999843,,,,335.938,-0.688,-1.25,23.0,-135.5,-5.25,-11.062,0.008,0.003,0.013,-0.53,0.25,9.36,-0.41,0.06,-0.44,-0.11,0.18,9.8,1.82625,0.0,0.0,0.0,5.0,8.0,1016.71,66.83,-13.96
2025-03-24 18:43:54.524000+00:00,58.03678059999843,,,,335.938,-0.688,-1.25,23.0,-135.5,-5.25,-11.062,0.013,-0.027,-0.061,-0.53,0.25,9.36,-0.41,0.06,-0.44,-0.11,0.18,9.8,1.82625,0.0,0.0,0.0,5.0,8.0,1016.71,66.83,-13.96
2025-03-24 18:43:55.538000+00:00,58.03678059999843,,,,335.938,-0.688,-1.25,23.0,-135.5,-5.25,-11.062,0.006,-0.033,-0.009,-0.53,0.25,9.36,-0.41,0.06,-0.44,-0.11,0.18,9.8,1.82625,0.0,0.0,0.0,5.0,8.0,1016.71,66.83,-13.96
2025-03-24 18:43:56.545000+00:00,58.03678059999843,,,,335.938,-0.688,-1.25,23.0,-135.5,-5.25,-11.062,0.007,-0.008,0.006,-0.53,0.25,9.36,-0.41,0.06,-0.44,-0.11,0.18,9.8,1.82625,0.0,0.0,0.0,5.0,8.0,1016.71,66.83,-13.96
2025-03-24 18:43:57.575000+00:00,58.03678059999843,,,,335.938,-0.688,-1.25,23.0,-135.5,-5.25,-11.062,-0.019,0.0,-0.016,-0.53,0.25,9.36,-0.41,0.06,-0.44,-0.11,0.18,9.8,1.82625,0.0,0.0,0.0,5.0,8.0,1016.71,66.83,-13.96
2025-03-24 18:43:58.571000+00:00,58.03678059999843,,,,335.938,-0.688,-1.25,23.0,-135.5,-5.25,-11.062,-0.03,0.017,0.006,-0.53,0.25,9.36,-0.41,0.06,-0.44,-0.11,0.18,9.8,1.82625,0.0,0.0,0.0,5.0,8.0,1016.71,66.83,-13.96
2025-03-24 18:43:59.574000+00:00,58.03678059999843,,,,335.938,-0.688,-1.25,23.0,-135.5,-5.25,-11.062,0.014,-0.021,-0.008,-0.53,0.25,9.36,-0.41,0.06,-0.44,-0.11,0.18,9.8,1.82625,0.0,0.0,0.0,5.0,8.0,1016.71,66.83,-13.96
2025-03-24 18:44:00.592000+00:00,58.03678059999843,,,,335.938,-0.688,-1.25,23.0,-135.5,-5.25,-11.062,0.023,-0.023,-0.017,-0.53,0.25,9.36,-0.41,0.06,-0.44,-0.11,0.18,9.8,1.82625,0.0,0.0,0.0,5.0,8.0,1016.71,66.83,-13.96
2025-03-24 18:44:01.592000+00:00,58.03678059999843,,,,335.938,-0.688,-1.25,23.0,-135.5,-5.25,-11.062,0.024,0.016,-0.026,-0.53,0.25,9.36,-0.41,0.06,-0.44,-0.11,0.18,9.8,1.82625,0.0,0.0,0.0,5.0,8.0,1016.71,66.83,-13.96
2025-03-24 18:44:02.603000+00:00,58.03678059999843,,,,335.938,-0.688,-1.25,23.0,-135.5,-5.25,-11.062,0.007,-0.029,-0.008,-0.53,0.25,9.36,-0.41,0.06,-0.44,-0.11,0.18,9.8,1.82625,0.0,0.0,0.0,5.0,8.0,1016.71,66.83,-13.96
2025-03-24 18:44:03.723000+00:00,58.03678059999843,,,,335.938,-0.688,-1.25,23.0,-135.5,-5.25,-11.062,0.008,-0.012,-0.056,-0.53,0.25,9.36,-0.41,0.06,-0.44,-0.11,0.18,9.8,1.82625,0.0,0.0,0.0,5.0,8.0,1016.71,66.83,-13.96
2025-03-24 18:44:04.880000+00:00,58.03678059999843,,,,335.938,-0.688,-1.25,23.0,-135.5,-5.25,-11.062,-0.017,0.008,0.032,-0.53,0.25,9.36,-0.41,0.06,-0.44,-0.11,0.18,9.8,1.82625,0.0,0.0,0.0,5.0,8.0,1016.71,66.83,-13.96
2025-03-24 18:44:05.634000+00:00,58.03678059999843,,,,335.938,-0.688,-1.25,23.0,-135.5,-5.25,-11.062,-0.03,0.031,-0.081,-0.53,0.25,9.36,-0.41,0.06,-0.44,-0.11,0.18,9.8,1.82625,0.0,0.0,0.0,5.0,8.0,1016.71,66.83,-13.96
2025-03-24 18:44:06.655000+00:00,58.03678059999843,,,,335.938,-0.688,-1.25,23.0,-135.5,-5.25,-11.062,-0.011,-0.007,0.054,-0.53,0.25,9.36,-0.41,0.06,-0.44,-0.11,0.18,9.8,1.82625,0.0,0.0,0.0,5.0,8.0,1016.71,66.83,-13.96
2025-03-24 18:44:07.653000+00:00,58.03678059999843,,,,335.938,-0.688,-1.25,23.0,-135.5,-5.25,-11.062,-0.024,0.001,0.057,-0.53,0.25,9.36,-0.41,0.06,-0.44,-0.11,0.18,9.8,1.82625,0.0,0.0,0.0,5.0,8.0,1016.71,66.83,-13.96
2025-03-24 18:44:08.673000+00:00,58.03678059999843,,,,335.938,-0.688,-1.25,23.0,-135.5,-5.25,-11.062,0.004,0.009,0.04,-0.53,0.25,9.36,-0.41,0.06,-0.44,-0.11,0.18,9.8,1.82625,0.0,0.0,0.0,5.0,8.0,1016.71,66.83,-13.96
2025-03-24 18:44:09.770000+00:00,58.03678059999843,,,,335.938,-0.688,-1.25,23.0,-135.5,-5.25,-11.062,0.014,-0.016,-0.01,-0.53,0.25,9.36,-0.41,0.06,-0.44,-0.11,0.18,9.8,1.82625,0.0,0.0,0.0,5.0,8.0,1016.71,66.83,-13.96
2025-03-24 18:44:10.914000+00:00,58.03678059999843,,,,335.938,-0.688,-1.25,23.0,-135.5,-5.25,-11.062,0.013,0.011,-0.038,-0.53,0.25,9.36,-0.41,0.06,-0.44,-0.11,0.18,9.8,1.82625,0.0,0.0,0.0,5.0,8.0,1016.71,66.83,-13.96
2025-03-24 18:44:11.712000+00:00,58.03678059999843,,,,335.938,-0.688,-1.25,23.0,-135.5,-5.25,-11.062,0.02,-0.03,-0.043,-0.53,0.25,9.36,-0.41,0.06,-0.44,-0.11,0.18,9.8,1.82625,0.0,0.0,0.0,5.0,8.0,1016.71,66.83,-13.96
2025-03-24 18:44:12.712000+00:00,58.03678059999843,,,,335.938,-0.688,-1.25,23.0,-135.5,-5.25,-11.062,0.024,-0.008,-0.009,-0.53,0.25,9.36,-0.41,0.06,-0.44,-0.11,0.18,9.8,1.82625,0.0,0.0,0.0,5.0,8.0,1016.71,66.83,-13.96
2025-03-24 18:44:13.728000+00:00,58.03678059999843,,,,335.938,-0.688,-1.25,23.0,-135.5,-5.25,-11.062,0.001,0.008,-0.034,-0.53,0.25,9.36,-0.41,0.06,-0.44,-0.11,0.18,9.8,1.82625,0.0,0.0,0.0,5.0,8.0,1016.71,66.83,-13.96
2025-03-24 18:44:14.712000+00:00,58.03678059999843,,,,335.938,-0.688,-1.25,23.0,-135.5,-5.25,-11.062,0.0,-0.034,0.03,-0.53,0.25,9.36,-0.41,0.06,-0.44,-0.11,0.18,9.8,1.82625,0.0,0.0,0.0,5.0,8.0,1016.71,66.83,-13.96
2025-03-24 18:44:15.729000+00:00,58.03678059999843,,,,335.938,-0.688,-1.25,23.0,-135.5,-5.25,-11.062,-0.001,0.003,-0.042,-0.53,0.25,9.36,-0.41,0.06,-0.44,-0.11,0.18,9.8,1.82625,0.0,0.0,0.0,5.0,8.0,1016.71,66.83,-13.96
2025-03-24 18:44:16.736000+00:00,58.03678059999843,,,,335.938,-0.688,-1.25,23.0,-135.5,-5.25,-11.062,0.017,0.022,-0.007,-0.53,0.25,9.36,-0.41,0.06,-0.44,-0.11,0.18,9.8,1.82625,0.0,0.0,0.0,5.0,8.0,1016.71,66.83,-13.96
2025-03-24 18:44:17.773000+00:00,58.03678059999843,,,,335.938,-0.688,-1.25,23.0,-135.5,-5.25,-11.062,0.018,0.027,-0.054,-0.53,0.25,9.36,-0.41,0.06,-0.44,-0.11,0.18,9.8,1.82625,0.0,0.0,0.0,5.0,8.0,1016.71,66.83,-13.96
2025-03-24 18:44:18.919000+00:00,58.03678059999843,,,,335.938,-0.688,-1.25,23.0,-135.5,-5.25,-11.062,0.001,0.02,-0.02,-0.53,0.25,9.36,-0.41,0.06,-0.44,-0.11,0.18,9.8,1.82625,0.0,0.0,0.0,5.0,8.0,1016.71,66.83,-13.96
2025-03-24 18:44:19.998000+00:00,58.03678059999843,,,,335.938,-0.688,-1.25,23.0,-135.5,-5.25,-11.062,0.0,0.02,-0.02,-0.53,0.25,9.36,-0.41,0.06,-0.44,-0.11,0.18,9.8,1.82625,0.0,0.0,0.0,5.0,8.0,1016.71,66.83,-13.96
2025-03-24 18:44:20.788000+00:00,58.03678059999843,,,,335.938,-0.688,-1.25,23.0,-135.5,-5.25,-11.062,-0.023,0.009,0.042,-0.53,0.25,9.36,-0.41,0.06,-0.44,-0.11,0.18,9.8,1.82625,0.0,0.0,0.0,5.0,8.0,1016.71,66.83,-13.96
2025-03-24 18:44:21.788000+00:00,58.03678059999843,,,,335.938,-0.688,-1.25,23.0,-135.5,-5.25,-11.062,-0.018,0.012,0.033,-0.53,0.25,9.36,-0.41,0.06,-0.44,-0.11,0.18,9.8,1.82625,0.0,0.0,0.0,5.0,8.0,1016.71,66.83,-13.96
2025-03-24 18:44:22.851000+00:00,58.03678059999843,,,,335.938,-0.688,-1.25,23.0,-135.5,-5.25,-11.062,0.0,-0.004,0.02,-0.53,0.25,9.36,-0.41,0.06,-0.44,-0.11,0.18,9.8,1.82625,0.0,0.0,0.0,5.0,8.0,1016.71,66.83,-13.96
2025-03-24 18:44:23.802000+00:00,58.03678059999843,,,,335.938,-0.688,-1.25,23.0,-135.5,-5.25,-11.062,0.007,0.014,-0.006,-0.53,0.25,9.36,-0.41,0.06,-0.44,-0.11,0.18,9.8,1.82625,0.0,0.0,0.0,5.0,8.0,1016.71,66.83,-13.96
2025-03-24 18:44:24.821000+00:00,58.03678059999843,,,,335.938,-0.688,-1.25,23.0,-135.5,-5.25,-11.062,0.027,-0.004,0.026,-0.53,0.25,9.36,-0.41,0.06,-0.44,-0.11,0.18,9.8,1.82625,0.0,0.0,0.0,5.0,8.0,1016.71,66.83,-13.96
2025-03-24 18:44:25.821000+00:00,58.03678059999843,,,,335.938,-0.688,-1.25,23.0,-135.5,-5.25,-11.062,0.028,-0.017,-0.014,-0.53,0.25,9.36,-0.41,0.06,-0.44,-0.11,0.18,9.8,1.82625,0.0,0.0,0.0,5.0,8.0,1016.71,66.83,-13.96
2025-03-24 18:44:26.998000+00:00,58.03678059999843,,,,335.938,-0.688,-1.25,23.0,-135.5,-5.25,-11.062,0.019,0.0,-0.028,-0.53,0.25,9.36,-0.41,0.06,-0.44,-0.11,0.18,9.8,1.82625,0.0,0.0,0.0,5.0,8.0,1016.71,66.83,-13.96
2025-03-24 18:44:28.053000+00:00,58.03678059999843,,,,335.938,-0.688,-1.25,23.0,-135.5,-5.25,-11.062,0.016,0.021,-0.014,-0.53,0.25,9.36,-0.41,0.06,-0.44,-0.11,0.18,9.8,1.82625,0.0,0.0,0.0,5.0,8.0,1016.71,66.83,-13.96
2025-03-24 18:44:29.111000+00:00,58.03678059999843,,,,335.938,-0.688,-1.25,23.0,-135.5,-5.25,-11.062,0.01,0.011,-0.017,-0.53,0.25,9.36,-0.41,0.06,-0.44,-0.11,0.18,9.8,1.82625,0.0,0.0,0.0,5.0,8.0,1016.71,66.83,-13.96
2025-03-24 18:44:30.070000+00:00,58.03678059999843,,,,335.938,-0.688,-1.25,23.0,-135.5,-5.25,-11.062,-0.027,0.004,-0.001,-0.53,0.25,9.36,-0.41,0.06,-0.44,-0.11,0.18,9.8,1.82625,0.0,0.0,0.0,5.0,8.0,1016.71,66.83,-13.96
2025-03-24 18:44:31.250000+00:00,58.03678059999843,,,,335.938,-0.688,-1.25,23.0,-135.5,-5.25,-11.062,-0.027,0.004,0.033,-0.53,0.25,9.36,-0.41,0.06,-0.44,-0.11,0.18,9.8,1.82625,0.0,0.0,0.0,5.0,8.0,1016.71,66.83,-13.96
2025-03-24 18:43:32.383000+00:00,58.03678059999843,,,,335.938,-0.688,-1.25,23.0,-135.5,-5.25,-11.062,-0.027,0.004,0.033,-0.53,0.25,9.36,-0.41,0.06,-0.44,-0.11,0.18,9.8,1.82625,0.0,0.0,0.0,5.0,8.0,1016.71,66.83,-13.96
2025-03-24 18:43:33.406000+00:00,58.03678059999843,,,,335.938,-0.688,-1.25,23.0,-135.5,-5.25,-11.062,-0.027,0.004,0.033,-0.43,0.04,9.47,-0.41,0.06,-0.44,-0.11,0.18,9.8,1.82625,0.0,0.0,0.0,5.0,8.0,1016.71,66.83,-13.96
2025-03-24 18:43:34.415000+00:00,58.03678059999843,,,,335.938,-0.688,-1.25,23.0,-135.5,-5.25,-11.062,-0.027,0.004,0.033,-0.17,0.09,9.29,-0.41,0.06,-0.44,-0.11,0.18,9.8,1.82625,0.0,0.0,0.0,5.0,8.0,1016.71,66.83,-13.96
2025-03-24 18:43:35.421000+00:00,58.03678059999843,,,,335.938,-0.688,-1.25,23.0,-135.5,-5.25,-11.062,-0.027,0.004,0.033,0.23,0.66,9.45,-0.41,0.06,-0.44,-0.11,0.18,9.8,1.82625,0.0,0.0,0.0,5.0,8.0,1016.71,66.83,-13.96
2025-03-24 18:43:36.406000+00:00,58.03678059999843,,,,335.938,-0.688,-1.25,23.0,-135.5,-5.25,-11.062,-0.027,0.004,0.033,-0.11,-0.15,9.35,-0.41,0.06,-0.44,-0.11,0.18,9.8,1.82625,0.0,0.0,0.0,5.0,8.0,1016.71,66.83,-13.96
2025-03-24 18:43:37.416000+00:00,58.03678059999843,,,,335.938,-0.688,-1.25,23.0,-135.5,-5.25,-11.062,-0.027,0.004,0.033,-0.37,-0.09,9.44,-0.41,0.06,-0.44,-0.11,0.18,9.8,1.82625,0.0,0.0,0.0,5.0,8.0,1016.71,66.83,-13.96
2025-03-24 18:43:38.432000+00:00,58.03678059999843,,,,335.938,-0.688,-1.25,23.0,-135.5,-5.25,-11.062,-0.027,0.004,0.033,-0.08,0.37,9.44,-0.41,0.06,-0.44,-0.11,0.18,9.8,1.82625,0.0,0.0,0.0,5.0,8.0,1016.71,66.83,-13.96
2025-03-24 18:43:39.445000+00:00,58.03678059999843,,,,335.938,-0.688,-1.25,23.0,-135.5,-5.25,-11.062,-0.027,0.004,0.033,-0.03,0.3,9.47,-0.41,0.06,-0.44,-0.11,0.18,9.8,1.82625,0.0,0.0,0.0,5.0,8.0,1016.71,66.83,-13.96
2025-03-24 18:43:40.434000+00:00,58.03678059999843,,,,335.938,-0.688,-1.25,23.0,-135.5,-5.25,-11.062,-0.027,0.004,0.033,-0.27,-0.06,9.37,-0.41,0.06,-0.44,-0.11,0.18,9.8,1.82625,0.0,0.0,0.0,5.0,8.0,1016.71,66.83,-13.96
2025-03-24 18:43:41.458000+00:00,58.03678059999843,,,,335.938,-0.688,-1.25,23.0,-135.5,-5.25,-11.062,-0.027,0.004,0.033,-0.2,0.54,9.46,-0.41,0.06,-0.44,-0.11,0.18,9.8,1.82625,0.0,0.0,0.0,5.0,8.0,1016.71,66.83,-13.96
2025-03-24 18:43:42.482000+00:00,58.03678059999843,,,,335.938,-0.688,-1.25,23.0,-135.5,-5.25,-11.062,-0.027,0.004,0.033,0.29,0.19,9.43,-0.41,0.06,-0.44,-0.11,0.18,9.8,1.82625,0.0,0.0,0.0,5.0,8.0,1016.71,66.83,-13.96
2025-03-24 18:43:43.475000+00:00,58.03678059999843,,,,335.938,-0.688,-1.25,23.0,-135.5,-5.25,-11.062,-0.027,0.004,0.033,-0.16,0.43,9.46,-0.41,0.06,-0.44,-0.11,0.18,9.8,1.82625,0.0,0.0,0.0,5.0,8.0,1016.71,66.83,-13.96
2025-03-24 18:43:44.524000+00:00,58.03678059999843,,,,335.938,-0.688,-1.25,23.0,-135.5,-5.25,-11.062,-0.027,0.004,0.033,-0.01,-0.07,9.42,-0.41,0.06,-0.44,-0.11,0.18,9.8,1.82625,0.0,0.0,0.0,5.0,8.0,1016.71,66.83,-13.96
2025-03-24 18:43:45.485000+00:00,58.03678059999843,,,,335.938,-0.688,-1.25,23.0,-135.5,-5.25,-11.062,-0.027,0.004,0.033,0.16,0.64,9.34,-0.41,0.06,-0.44,-0.11,0.18,9.8,1.82625,0.0,0.0,0.0,5.0,8.0,1016.71,66.83,-13.96
2025-03-24 18:43:46.505000+00:00,58.03678059999843,,,,335.938,-0.688,-1.25,23.0,-135.5,-5.25,-11.062,-0.027,0.004,0.033,-0.17,0.41,9.45,-0.41,0.06,-0.44,-0.11,0.18,9.8,1.82625,0.0,0.0,0.0,5.0,8.0,1016.71,66.83,-13.96
2025-03-24 18:43:47.521000+00:00,58.03678059999843,,,,335.938,-0.688,-1.25,23.0,-135.5,-5.25,-11.062,-0.027,0.004,0.033,0.07,-0.03,9.41,-0.41,0.06,-0.44,-0.11,0.18,9.8,1.82625,0.0,0.0,0.0,5.0,8.0,1016.71,66.83,-13.96
2025-03-24 18:43:48.651000+00:00,58.03678059999843,,,,335.938,-0.688,-1.25,23.0,-135.5,-5.25,-11.062,-0.027,0.004,0.033,-0.66,0.36,9.46,-0.41,0.06,-0.44,-0.11,0.18,9.8,1.82625,0.0,0.0,0.0,5.0,8.0,1016.71,66.83,-13.96
2025-03-24 18:43:49.694000+00:00,58.03678059999843,,,,335.938,-0.688,-1.25,23.0,-135.5,-5.25,-11.062,-0.027,0.004,0.033,-0.14,0.67,9.52,-0.41,0.06,-0.44,-0.11,0.18,9.8,1.82625,0.0,0.0,0.0,5.0,8.0,1016.71,66.83,-13.96
2025-03-24 18:43:50.614000+00:00,58.03678059999843,,,,335.938,-0.688,-1.25,23.0,-135.5,-5.25,-11.062,-0.027,0.004,0.033,-0.53,0.1,9.49,-0.41,0.06,-0.44,-0.11,0.18,9.8,1.82625,0.0,0.0,0.0,5.0,8.0,1016.71,66.83,-13.96
2025-03-24 18:43:51.700000+00:00,58.03678059999843,,,,335.938,-0.688,-1.25,23.0,-135.5,-5.25,-11.062,-0.027,0.004,0.033,0.25,0.0,9.7,-0.41,0.06,-0.44,-0.11,0.18,9.8,1.82625,0.0,0.0,0.0,5.0,8.0,1016.71,66.83,-13.96
2025-03-24 18:43:52.812000+00:00,58.03678059999843,,,,335.938,-0.688,-1.25,23.0,-135.5,-5.25,-11.062,-0.027,0.004,0.033,-0.27,0.33,9.41,-0.41,0.06,-0.44,-0.11,0.18,9.8,1.82625,0.0,0.0,0.0,5.0,8.0,1016.71,66.83,-13.96
2025-03-24 18:43:53.854000+00:00,58.03678059999843,,,,335.938,-0.688,-1.25,23.0,-135.5,-5.25,-11.062,-0.027,0.004,0.033,-0.5,0.84,9.38,-0.41,0.06,-0.44,-0.11,0.18,9.8,1.82625,0.0,0.0,0.0,5.0,8.0,1016.71,66.83,-13.96
2025-03-24 18:43:54.574000+00:00,58.03678059999843,,,,335.938,-0.688,-1.25,23.0,-135.5,-5.25,-11.062,-0.027,0.004,0.033,-0.47,0.38,9.5,-0.41,0.06,-0.44,-0.11,0.18,9.8,1.82625,0.0,0.0,0.0,5.0,8.0,1016.71,66.83,-13.96
2025-03-24 18:43:55.583000+00:00,58.03678059999843,,,,335.938,-0.688,-1.25,23.0,-135.5,-5.25,-11.062,-0.027,0.004,0.033,-0.34,-0.11,9.59,-0.41,0.06,-0.44,-0.11,0.18,9.8,1.82625,0.0,0.0,0.0,5.0,8.0,1016.71,66.83,-13.96
2025-03-24 18:43:56.593000+00:00,58.03678059999843,,,,335.938,-0.688,-1.25,23.0,-135.5,-5.25,-11.062,-0.027,0.004,0.033,-0.17,-0.08,9.42,-0.41,0.06,-0.44,-0.11,0.18,9.8,1.82625,0.0,0.0,0.0,5.0,8.0,1016.71,66.83,-13.96
2025-03-24 18:43:57.633000+00:00,58.03678059999843,,,,335.938,-0.688,-1.25,23.0,-135.5,-5.25,-11.062,-0.027,0.004,0.033,-0.42,0.16,9.51,-0.41,0.06,-0.44,-0.11,0.18,9.8,1.82625,0.0,0.0,0.0,5.0,8.0,1016.71,66.83,-13.96
2025-03-24 18:43:58.623000+00:00,58.03678059999843,,,,335.938,-0.688,-1.25,23.0,-135.5,-5.25,-11.062,-0.027,0.004,0.033,0.14,0.2,9.39,-0.41,0.06,-0.44,-0.11,0.18,9.8,1.82625,0.0,0.0,0.0,5.0,8.0,1016.71,66.83,-13.96
2025-03-24 18:43:59.623000+00:00,58.03678059999843,,,,335.938,-0.688,-1.25,23.0,-135.5,-5.25,-11.062,-0.027,0.004,0.033,-0.52,0.64,9.35,-0.41,0.06,-0.44,-0.11,0.18,9.8,1.82625,0.0,0.0,0.0,5.0,8.0,1016.71,66.83,-13.96
2025-03-24 18:44:00.643000+00:00,58.03678059999843,,,,335.938,-0.688,-1.25,23.0,-135.5,-5.25,-11.062,-0.027,0.004,0.033,-0.13,0.22,9.5,-0.41,0.06,-0.44,-0.11,0.18,9.8,1.82625,0.0,0.0,0.0,5.0,8.0,1016.71,66.83,-13.96
2025-03-24 18:44:01.643000+00:00,58.03678059999843,,,,335.938,-0.688,-1.25,23.0,-135.5,-5.25,-11.062,-0.027,0.004,0.033,-0.35,0.13,9.5,-0.41,0.06,-0.44,-0.11,0.18,9.8,1.82625,0.0,0.0,0.0,5.0,8.0,1016.71,66.83,-13.96
2025-03-24 18:44:02.653000+00:00,58.03678059999843,,,,335.938,-0.688,-1.25,23.0,-135.5,-5.25,-11.062,-0.027,0.004,0.033,-0.48,0.76,9.45,-0.41,0.06,-0.44,-0.11,0.18,9.8,1.82625,0.0,0.0,0.0,5.0,8.0,1016.71,66.83,-13.96
2025-03-24 18:44:03.773000+00:00,58.03678059999843,,,,335.938,-0.688,-1.25,23.0,-135.5,-5.25,-11.062,-0.027,0.004,0.033,-0.59,0.07,9.52,-0.41,0.06,-0.44,-0.11,0.18,9.8,1.82625,0.0,0.0,0.0,5.0,8.0,1016.71,66.83,-13.96
2025-03-24 18:44:04.933000+00:00,58.03678059999843,,,,335.938,-0.688,-1.25,23.0,-135.5,-5.25,-11.062,-0.027,0.004,0.033,-0.62,0.11,9.39,-0.41,0.06,-0.44,-0.11,0.18,9.8,1.82625,0.0,0.0,0.0,5.0,8.0,1016.71,66.83,-13.96
2025-03-24 18:44:05.683000+00:00,58.03678059999843,,,,335.938,-0.688,-1.25,23.0,-135.5,-5.25,-11.062,-0.027,0.004,0.033,-0.46,-0.06,9.44,-0.41,0.06,-0.44,-0.11,0.18,9.8,1.82625,0.0,0.0,0.0,5.0,8.0,1016.71,66.83,-13.96
2025-03-24 18:44:06.710000+00:00,58.03678059999843,,,,335.938,-0.688,-1.25,23.0,-135.5,-5.25,-11.062,-0.027,0.004,0.033,-0.4,0.49,9.52,-0.41,0.06,-0.44,-0.11,0.18,9.8,1.82625,0.0,0.0,0.0,5.0,8.0,1016.71,66.83,-13.96
2025-03-24 18:44:07.703000+00:00,58.03678059999843,,,,335.938,-0.688,-1.25,23.0,-135.5,-5.25,-11.062,-0.027,0.004,0.033,0.45,0.46,9.45,-0.41,0.06,-0.44,-0.11,0.18,9.8,1.82625,0.0,0.0,0.0,5.0,8.0,1016.71,66.83,-13.96
2025-03-24 18:44:08.729000+00:00,58.03678059999843,,,,335.938,-0.688,-1.25,23.0,-135.5,-5.25,-11.062,-0.027,0.004,0.033,0.22,0.42,9.5,-0.41,0.06,-0.44,-0.11,0.18,9.8,1.82625,0.0,0.0,0.0,5.0,8.0,1016.71,66.83,-13.96
2025-03-24 18:44:09.822000+00:00,58.03678059999843,,,,335.938,-0.688,-1.25,23.0,-135.5,-5.25,-11.062,-0.027,0.004,0.033,-0.12,0.5,9.39,-0.41,0.06,-0.44,-0.11,0.18,9.8,1.82625,0.0,0.0,0.0,5.0,8.0,1016.71,66.83,-13.96
2025-03-24 18:44:10.964000+00:00,58.03678059999843,,,,335.938,-0.688,-1.25,23.0,-135.5,-5.25,-11.062,-0.027,0.004,0.033,0.14,0.28,9.23,-0.41,0.06,-0.44,-0.11,0.18,9.8,1.82625,0.0,0.0,0.0,5.0,8.0,1016.71,66.83,-13.96
2025-03-24 18:44:11.769000+00:00,58.03678059999843,,,,335.938,-0.688,-1.25,23.0,-135.5,-5.25,-11.062,-0.027,0.004,0.033,0.2,0.09,9.41,-0.41,0.06,-0.44,-0.11,0.18,9.8,1.82625,0.0,0.0,0.0,5.0,8.0,1016.71,66.83,-13.96
2025-03-24 18:44:12.762000+00:00,58.03678059999843,,,,335.938,-0.688,-1.25,23.0,-135.5,-5.25,-11.062,-0.027,0.004,0.033,-0.28,0.0,9.4,-0.41,0.06,-0.44,-0.11,0.18,9.8,1.82625,0.0,0.0,0.0,5.0,8.0,1016.71,66.83,-13.96
2025-03-24 18:44:13.789000+00:00,58.03678059999843,,,,335.938,-0.688,-1.25,23.0,-135.5,-5.25,-11.062,-0.027,0.004,0.033,0.0,0.02,9.32,-0.41,0.06,-0.44,-0.11,0.18,9.8,1.82625,0.0,0.0,0.0,5.0,8.0,1016.71,66.83,-13.96
2025-03-24 18:44:14.769000+00:00,58.03678059999843,,,,335.938,-0.688,-1.25,23.0,-135.5,-5.25,-11.062,-0.027,0.004,0.033,-0.25,0.02,9.27,-0.41,0.06,-0.44,-0.11,0.18,9.8,1.82625,0.0,0.0,0.0,5.0,8.0,1016.71,66.83,-13.96
2025-03-24 18:44:15.782000+00:00,58.03678059999843,,,,335.938,-0.688,-1.25,23.0,-135.5,-5.25,-11.062,-0.027,0.004,0.033,-0.07,0.07,9.29,-0.41,0.06,-0.44,-0.11,0.18,9.8,1.82625,0.0,0.0,0.0,5.0,8.0,1016.71,66.83,-13.96
2025-03-24 18:44:16.783000+00:00,58.03678059999843,,,,335.938,-0.688,-1.25,23.0,-135.5,-5.25,-11.062,-0.027,0.004,0.033,-0.45,0.18,9.48,-0.41,0.06,-0.44,-0.11,0.18,9.8,1.82625,0.0,0.0,0.0,5.0,8.0,1016.71,66.83,-13.96
2025-03-24 18:44:17.828000+00:00,58.03678059999843,,,,335.938,-0.688,-1.25,23.0,-135.5,-5.25,-11.062,-0.027,0.004,0.033,-0.61,-0.24,9.38,-0.41,0.06,-0.44,-0.11,0.18,9.8,1.82625,0.0,0.0,0.0,5.0,8.0,1016.71,66.83,-13.96
2025-03-24 18:44:18.978000+00:00,58.03678059999843,,,,335.938,-0.688,-1.25,23.0,-135.5,-5.25,-11.062,-0.027,0.004,0.033,-0.12,-0.35,9.61,-0.41,0.06,-0.44,-0.11,0.18,9.8,1.82625,0.0,0.0,0.0,5.0,8.0,1016.71,66.83,-13.96
2025-03-24 18:44:20.058000+00:00,58.03678059999843,,,,335.938,-0.688,-1.25,23.0,-135.5,-5.25,-11.062,-0.027,0.004,0.033,0.21,-0.29,9.42,-0.41,0.06,-0.44,-0.11,0.18,9.8,1.82625,0.0,0.0,0.0,5.0,8.0,1016.71,66.83,-13.96
2025-03-24 18:44:20.845000+00:00,58.03678059999843,,,,335.938,-0.688,-1.25,23.0,-135.5,-5.25,-11.062,-0.027,0.004,0.033,-0.39,0.47,9.3,-0.41,0.06,-0.44,-0.11,0.18,9.8,1.82625,0.0,0.0,0.0,5.0,8.0,1016.71,66.83,-13.96
2025-03-24 18:44:21.848000+00:00,58.03678059999843,,,,335.938,-0.688,-1.25,23.0,-135.5,-5.25,-11.062,-0.027,0.004,0.033,-0.37,0.37,9.49,-0.41,0.06,-0.44,-0.11,0.18,9.8,1.82625,0.0,0.0,0.0,5.0,8.0,1016.71,66.83,-13.96
2025-03-24 18:44:22.901000+00:00,58.03678059999843,,,,335.938,-0.688,-1.25,23.0,-135.5,-5.25,-11.062,-0.027,0.004,0.033,0.15,0.39,9.43,-0.41,0.06,-0.44,-0.11,0.18,9.8,1.82625,0.0,0.0,0.0,5.0,8.0,1016.71,66.83,-13.96
2025-03-24 18:44:23.851000+00:00,58.03678059999843,,,,335.938,-0.688,-1.25,23.0,-135.5,-5.25,-11.062,-0.027,0.004,0.033,0.17,0.5,9.29,-0.41,0.06,-0.44,-0.11,0.18,9.8,1.82625,0.0,0.0,0.0,5.0,8.0,1016.71,66.83,-13.96
2025-03-24 18:44:24.878000+00:00,58.03678059999843,,,,335.938,-0.688,-1.25,23.0,-135.5,-5.25,-11.062,-0.027,0.004,0.033,0.11,0.42,9.4,-0.41,0.06,-0.44,-0.11,0.18,9.8,1.82625,0.0,0.0,0.0,5.0,8.0,1016.71,66.83,-13.96
2025-03-24 18:44:25.871000+00:00,58.03678059999843,,,,335.938,-0.688,-1.25,23.0,-135.5,-5.25,-11.062,-0.027,0.004,0.033,-0.34,0.43,9.27,-0.41,0.06,-0.44,-0.11,0.18,9.8,1.82625,0.0,0.0,0.0,5.0,8.0,1016.71,66.83,-13.96
2025-03-24 18:44:27.057000+00:00,58.03678059999843,,,,335.938,-0.688,-1.25,23.0,-135.5,-5.25,-11.062,-0.027,0.004,0.033,-0.36,0.11,9.37,-0.41,0.06,-0.44,-0.11,0.18,9.8,1.82625,0.0,0.0,0.0,5.0,8.0,1016.71,66.83,-13.96
2025-03-24 18:44:28.107000+00:00,58.03678059999843,,,,335.938,-0.688,-1.25,23.0,-135.5,-5.25,-11.062,-0.027,0.004,0.033,-0.39,0.0,9.36,-0.41,0.06,-0.44,-0.11,0.18,9.8,1.82625,0.0,0.0,0.0,5.0,8.0,1016.71,66.83,-13.96
2025-03-24 18:44:29.161000+00:00,58.03678059999843,,,,335.938,-0.688,-1.25,23.0,-135.5,-5.25,-11.062,-0.027,0.004,0.033,-0.5,0.07,9.2,-0.41,0.06,-0.44,-0.11,0.18,9.8,1.82625,0.0,0.0,0.0,5.0,8.0,1016.71,66.83,-13.96
2025-03-24 18:44:30.120000+00:00,58.03678059999843,,,,335.938,-0.688,-1.25,23.0,-135.5,-5.25,-11.062,-0.027,0.004,0.033,-0.17,0.0,9.5,-0.41,0.06,-0.44,-0.11,0.18,9.8,1.82625,0.0,0.0,0.0,5.0,8.0,1016.71,66.83,-13.96
2025-03-24 18:44:31.307000+00:00,58.03678059999843,,,,335.938,-0.688,-1.25,23.0,-135.5,-5.25,-11.062,-0.027,0.004,0.033,-0.14,0.39,9.55,-0.41,0.06,-0.44,-0.11,0.18,9.8,1.82625,0.0,0.0,0.0,5.0,8.0,1016.71,66.83,-13.96
2025-03-24 18:43:32.435000+00:00,58.03678059999843,,,,335.938,-0.688,-1.25,23.0,-135.5,-5.25,-11.062,-0.027,0.004,0.033,-0.14,0.39,9.55,-0.41,0.06,-0.44,-0.11,0.18,9.8,1.82625,0.0,0.0,0.0,5.0,8.0,1016.71,66.83,-13.96
2025-03-24 18:43:33.463000+00:00,58.03678059999843,,,,335.938,-0.688,-1.25,23.0,-135.5,-5.25,-11.062,-0.027,0.004,0.033,-0.14,0.39,9.55,-0.31,-0.12,-0.32,-0.11,0.18,9.8,1.82625,0.0,0.0,0.0,5.0,8.0,1016.71,66.83,-13.96
2025-03-24 18:43:34.473000+00:00,58.03678059999843,,,,335.938,-0.688,-1.25,23.0,-135.5,-5.25,-11.062,-0.027,0.004,0.033,-0.14,0.39,9.55,-0.07,-0.09,-0.5,-0.11,0.18,9.8,1.82625,0.0,0.0,0.0,5.0,8.0,1016.71,66.83,-13.96
2025-03-24 18:43:35.477000+00:00,58.03678059999843,,,,335.938,-0.688,-1.25,23.0,-135.5,-5.25,-11.062,-0.027,0.004,0.033,-0.14,0.39,9.55,0.33,0.44,-0.35,-0.11,0.18,9.8,1.82625,0.0,0.0,0.0,5.0,8.0,1016.71,66.83,-13.96
2025-03-24 18:43:36.455000+00:00,58.03678059999843,,,,335.938,-0.688,-1.25,23.0,-135.5,-5.25,-11.062,-0.027,0.004,0.033,-0.14,0.39,9.55,0.0,-0.36,-0.44,-0.11,0.18,9.8,1.82625,0.0,0.0,0.0,5.0,8.0,1016.71,66.83,-13.96
2025-03-24 18:43:37.466000+00:00,58.03678059999843,,,,335.938,-0.688,-1.25,23.0,-135.5,-5.25,-11.062,-0.027,0.004,0.033,-0.14,0.39,9.55,-0.26,-0.29,-0.36,-0.11,0.18,9.8,1.82625,0.0,0.0,0.0,5.0,8.0,1016.71,66.83,-13.96
2025-03-24 18:43:38.486000+00:00,58.03678059999843,,,,335.938,-0.688,-1.25,23.0,-135.5,-5.25,-11.062,-0.027,0.004,0.033,-0.14,0.39,9.55,0.02,0.15,-0.35,-0.11,0.18,9.8,1.82625,0.0,0.0,0.0,5.0,8.0,1016.71,66.83,-13.96
2025-03-24 18:43:39.496000+00:00,58.03678059999843,,,,335.938,-0.688,-1.25,23.0,-135.5,-5.25,-11.062,-0.027,0.004,0.033,-0.14,0.39,9.55,0.07,0.09,-0.32,-0.11,0.18,9.8,1.82625,0.0,0.0,0.0,5.0,8.0,1016.71,66.83,-13.96
2025-03-24 18:43:40.485000+00:00,58.03678059999843,,,,335.938,-0.688,-1.25,23.0,-135.5,-5.25,-11.062,-0.027,0.004,0.033,-0.14,0.39,9.55,-0.12,0.01,-0.33,-0.11,0.18,9.8,1.82625,0.0,0.0,0.0,5.0,8.0,1016.71,66.83,-13.96
2025-03-24 18:43:41.505000+00:00,58.03678059999843,,,,335.938,-0.688,-1.25,23.0,-135.5,-5.25,-11.062,-0.027,0.004,0.033,-0.14,0.39,9.55,-0.09,0.35,-0.38,-0.11,0.18,9.8,1.82625,0.0,0.0,0.0,5.0,8.0,1016.71,66.83,-13.96
2025-03-24 18:43:42.535000+00:00,58.03678059999843,,,,335.938,-0.688,-1.25,23.0,-135.5,-5.25,-11.062,-0.027,0.004,0.033,-0.14,0.39,9.55,0.39,-0.01,-0.36,-0.11,0.18,9.8,1.82625,0.0,0.0,0.0,5.0,8.0,1016.71,66.83,-13.96
2025-03-24 18:43:43.534000+00:00,58.03678059999843,,,,335.938,-0.688,-1.25,23.0,-135.5,-5.25,-11.062,-0.027,0.004,0.033,-0.14,0.39,9.55,-0.05,0.24,-0.33,-0.11,0.18,9.8,1.82625,0.0,0.0,0.0,5.0,8.0,1016.71,66.83,-13.96
2025-03-24 18:43:44.585000+00:00,58.03678059999843,,,,335.938,-0.688,-1.25,23.0,-135.5,-5.25,-11.062,-0.027,0.004,0.033,-0.14,0.39,9.55,0.33,-0.06,-0.31,-0.11,0.18,9.8,1.82625,0.0,0.0,0.0,5.0,8.0,1016.71,66.83,-13.96
2025-03-24 18:43:45.545000+00:00,58.03678059999843,,,,335.938,-0.688,-1.25,23.0,-135.5,-5.25,-11.062,-0.027,0.004,0.033,-0.14,0.39,9.55,0.27,0.42,-0.46,-0.11,0.18,9.8,1.82625,0.0,0.0,0.0,5.0,8.0,1016.71,66.83,-13.96
2025-03-24 18:43:46.554000+00:00,58.03678059999843,,,,335.938,-0.688,-1.25,23.0,-135.5,-5.25,-11.062,-0.027,0.004,0.033,-0.14,0.39,9.55,-0.07,0.2,-0.35,-0.11,0.18,9.8,1.82625,0.0,0.0,0.0,5.0,8.0,1016.71,66.83,-13.96
2025-03-24 18:43:47.574000+00:00,58.03678059999843,,,,335.938,-0.688,-1.25,23.0,-135.5,-5.25,-11.062,-0.027,0.004,0.033,-0.14,0.39,9.55,0.17,-0.24,-0.38,-0.11,0.18,9.8,1.82625,0.0,0.0,0.0,5.0,8.0,1016.71,66.83,-13.96
2025-03-24 18:43:48.704000+00:00,58.03678059999843,,,,335.938,-0.688,-1.25,23.0,-135.5,-5.25,-11.062,-0.027,0.004,0.033,-0.14,0.39,9.55,-0.55,0.15,-0.34,-0.11,0.18,9.8,1.82625,0.0,0.0,0.0,5.0,8.0,1016.71,66.83,-13.96
2025-03-24 18:43:49.746000+00:00,58.03678059999843,,,,335.938,-0.688,-1.25,23.0,-135.5,-5.25,-11.062,-0.027,0.004,0.033,-0.14,0.39,9.55,-0.02,0.46,-0.27,-0.11,0.18,9.8,1.82625,0.0,0.0,0.0,5.0,8.0,1016.71,66.83,-13.96
2025-03-24 18:43:50.665000+00:00,58.03678059999843,,,,335.938,-0.688,-1.25,23.0,-135.5,-5.25,-11.062,-0.027,0.004,0.033,-0.14,0.39,9.55,-0.4,-0.07,-0.31,-0.11,0.18,9.8,1.82625,0.0,0.0,0.0,5.0,8.0,1016.71,66.83,-13.96
2025-03-24 18:43:51.754000+00:00,58.03678059999843,,,,335.938,-0.688,-1.25,23.0,-135.5,-5.25,-11.062,-0.027,0.004,0.033,-0.14,0.39,9.55,0.4,-0.19,-0.09,-0.11,0.18,9.8,1.82625,0.0,0.0,0.0,5.0,8.0,1016.71,66.83,-13.96
2025-03-24 18:43:52.864000+00:00,58.03678059999843,,,,335.938,-0.688,-1.25,23.0,-135.5,-5.25,-11.062,-0.027,0.004,0.033,-0.14,0.39,9.55,-0.13,0.1,-0.38,-0.11,0.18,9.8,1.82625,0.0,0.0,0.0,5.0,8.0,1016.71,66.83,-13.96
2025-03-24 18:43:53.905000+00:00,58.03678059999843,,,,335.938,-0.688,-1.25,23.0,-135.5,-5.25,-11.062,-0.027,0.004,0.033,-0.14,0.39,9.55,-0.37,0.6,-0.42,-0.11,0.18,9.8,1.82625,0.0,0.0,0.0,5.0,8.0,1016.71,66.83,-13.96
2025-03-24 18:43:54.630000+00:00,58.03678059999843,,,,335.938,-0.688,-1.25,23.0,-135.5,-5.25,-11.062,-0.027,0.004,0.033,-0.14,0.39,9.55,-0.35,0.14,-0.29,-0.11,0.18,9.8,1.82625,0.0,0.0,0.0,5.0,8.0,1016.71,66.83,-13.96
2025-03-24 18:43:55.633000+00:00,58.03678059999843,,,,335.938,-0.688,-1.25,23.0,-135.5,-5.25,-11.062,-0.027,0.004,0.033,-0.14,0.39,9.55,-0.22,-0.34,-0.21,-0.11,0.18,9.8,1.82625,0.0,0.0,0.0,5.0,8.0,1016.71,66.83,-13.96
2025-03-24 18:43:56.644000+00:00,58.03678059999843,,,,335.938,-0.688,-1.25,23.0,-135.5,-5.25,-11.062,-0.027,0.004,0.033,-0.14,0.39,9.55,-0.06,-0.29,-0.38,-0.11,0.18,9.8,1.82625,0.0,0.0,0.0,5.0,8.0,1016.71,66.83,-13.96
2025-03-24 18:43:57.683000+00:00,58.03678059999843,,,,335.938,-0.688,-1.25,23.0,-135.5,-5.25,-11.062,-0.027,0.004,0.033,-0.14,0.39,9.55,-0.32,-0.04,-0.28,-0.11,0.18,9.8,1.82625,0.0,0.0,0.0,5.0,8.0,1016.71,66.83,-13.96
2025-03-24 18:43:58.674000+00:00,58.03678059999843,,,,335.938,-0.688,-1.25,23.0,-135.5,-5.25,-11.062,-0.027,0.004,0.033,-0.14,0.39,9.55,0.25,0.0,-0.41,-0.11,0.18,9.8,1.82625,0.0,0.0,0.0,5.0,8.0,1016.71,66.83,-13.96
2025-03-24 18:43:59.673000+00:00,58.03678059999843,,,,335.938,-0.688,-1.25,23.0,-135.5,-5.25,-11.062,-0.027,0.004,0.033,-0.14,0.39,9.55,-0.41,0.42,-0.45,-0.11,0.18,9.8,1.82625,0.0,0.0,0.0,5.0,8.0,1016.71,66.83,-13.96
2025-03-24 18:44:00.693000+00:00,58.03678059999843,,,,335.938,-0.688,-1.25,23.0,-135.5,-5.25,-11.062,-0.027,0.004,0.033,-0.14,0.39,9.55,-0.01,0.0,-0.29,-0.11,0.18,9.8,1.82625,0.0,0.0,0.0,5.0,8.0,1016.71,66.83,-13.96
2025-03-24 18:44:01.701000+00:00,58.03678059999843,,,,335.938,-0.688,-1.25,23.0,-135.5,-5.25,-11.062,-0.027,0.004,0.033,-0.14,0.39,9.55,-0.24,-0.04,-0.29,-0.11,0.18,9.8,1.82625,0.0,0.0,0.0,5.0,8.0,1016.71,66.83,-13.96
2025-03-24 18:44:02.702000+00:00,58.03678059999843,,,,335.938,-0.688,-1.25,23.0,-135.5,-5.25,-11.062,-0.027,0.004,0.033,-0.14,0.39,9.55,-0.41,0.55,-0.34,-0.11,0.18,9.8,1.82625,0.0,0.0,0.0,5.0,8.0,1016.71,66.83,-13.96
2025-03-24 18:44:03.822000+00:00,58.03678059999843,,,,335.938,-0.688,-1.25,23.0,-135.5,-5.25,-11.062,-0.027,0.004,0.033,-0.14,0.39,9.55,-0.48,-0.11,-0.27,-0.11,0.18,9.8,1.82625,0.0,0.0,0.0,5.0,8.0,1016.71,66.83,-13.96
2025-03-24 18:44:04.990000+00:00,58.03678059999843,,,,335.938,-0.688,-1.25,23.0,-135.5,-5.25,-11.062,-0.027,0.004,0.033,-0.14,0.39,9.55,-0.51,-0.08,-0.4,-0.11,0.18,9.8,1.82625,0.0,0.0,0.0,5.0,8.0,1016.71,66.83,-13.96
2025-03-24 18:44:05.733000+00:00,58.03678059999843,,,,335.938,-0.688,-1.25,23.0,-135.5,-5.25,-11.062,-0.027,0.004,0.033,-0.14,0.39,9.55,-0.36,-0.27,-0.35,-0.11,0.18,9.8,1.82625,0.0,0.0,0.0,5.0,8.0,1016.71,66.83,-13.96
2025-03-24 18:44:06.762000+00:00,58.03678059999843,,,,335.938,-0.688,-1.25,23.0,-135.5,-5.25,-11.062,-0.027,0.004,0.033,-0.14,0.39,9.55,-0.3,0.28,-0.27,-0.11,0.18,9.8,1.82625,0.0,0.0,0.0,5.0,8.0,1016.71,66.83,-13.96
2025-03-24 18:44:07.756000+00:00,58.03678059999843,,,,335.938,-0.688,-1.25,23.0,-135.5,-5.25,-11.062,-0.027,0.004,0.033,-0.14,0.39,9.55,0.57,0.26,-0.34,-0.11,0.18,9.8,1.82625,0.0,0.0,0.0,5.0,8.0,1016.71,66.83,-13.96
2025-03-24 18:44:08.783000+00:00,58.03678059999843,,,,335.938,-0.688,-1.25,23.0,-135.5,-5.25,-11.062,-0.027,0.004,0.033,-0.14,0.39,9.55,0.34,0.21,-0.29,-0.11,0.18,9.8,1.82625,0.0,0.0,0.0,5.0,8.0,1016.71,66.83,-13.96
2025-03-24 18:44:09.872000+00:00,58.03678059999843,,,,335.938,-0.688,-1.25,23.0,-135.5,-5.25,-11.062,-0.027,0.004,0.033,-0.14,0.39,9.55,0.0,0.31,-0.4,-0.11,0.18,9.8,1.82625,0.0,0.0,0.0,5.0,8.0,1016.71,66.83,-13.96
2025-03-24 18:44:11.012000+00:00,58.03678059999843,,,,335.938,-0.688,-1.25,23.0,-135.5,-5.25,-11.062,-0.027,0.004,0.033,-0.14,0.39,9.55,0.25,0.08,-0.56,-0.11,0.18,9.8,1.82625,0.0,0.0,0.0,5.0,8.0,1016.71,66.83,-13.96
2025-03-24 18:44:11.829000+00:00,58.03678059999843,,,,335.938,-0.688,-1.25,23.0,-135.5,-5.25,-11.062,-0.027,0.004,0.033,-0.14,0.39,9.55,0.28,-0.09,-0.39,-0.11,0.18,9.8,1.82625,0.0,0.0,0.0,5.0,8.0,1016.71,66.83,-13.96
2025-03-24 18:44:12.816000+00:00,58.03678059999843,,,,335.938,-0.688,-1.25,23.0,-135.5,-5.25,-11.062,-0.027,0.004,0.033,-0.14,0.39,9.55,-0.5,0.02,-0.45,-0.11,0.18,9.8,1.82625,0.0,0.0,0.0,5.0,8.0,1016.71,66.83,-13.96
2025-03-24 18:44:13.841000+00:00,58.03678059999843,,,,335.938,-0.688,-1.25,23.0,-135.5,-5.25,-11.062,-0.027,0.004,0.033,-0.14,0.39,9.55,0.07,-0.15,-0.48,-0.11,0.18,9.8,1.82625,0.0,0.0,0.0,5.0,8.0,1016.71,66.83,-13.96
2025-03-24 18:44:14.822000+00:00,58.03678059999843,,,,335.938,-0.688,-1.25,23.0,-135.5,-5.25,-11.062,-0.027,0.004,0.033,-0.14,0.39,9.55,-0.15,-0.16,-0.52,-0.11,0.18,9.8,1.82625,0.0,0.0,0.0,5.0,8.0,1016.71,66.83,-13.96
2025-03-24 18:44:15.838000+00:00,58.03678059999843,,,,335.938,-0.688,-1.25,23.0,-135.5,-5.25,-11.062,-0.027,0.004,0.033,-0.14,0.39,9.55,0.02,-0.12,-0.5,-0.11,0.18,9.8,1.82625,0.0,0.0,0.0,5.0,8.0,1016.71,66.83,-13.96
2025-03-24 18:44:16.831000+00:00,58.03678059999843,,,,335.938,-0.688,-1.25,23.0,-135.5,-5.25,-11.062,-0.027,0.004,0.033,-0.14,0.39,9.55,-0.35,0.0,-0.32,-0.11,0.18,9.8,1.82625,0.0,0.0,0.0,5.0,8.0,1016.71,66.83,-13.96
2025-03-24 18:44:17.882000+00:00,58.03678059999843,,,,335.938,-0.688,-1.25,23.0,-135.5,-5.25,-11.062,-0.027,0.004,0.033,-0.14,0.39,9.55,-0.49,-0.42,-0.41,-0.11,0.18,9.8,1.82625,0.0,0.0,0.0,5.0,8.0,1016.71,66.83,-13.96
2025-03-24 18:44:19.038000+00:00,58.03678059999843,,,,335.938,-0.688,-1.25,23.0,-135.5,-5.25,-11.062,-0.027,0.004,0.033,-0.14,0.39,9.55,0.02,-0.54,-0.18,-0.11,0.18,9.8,1.82625,0.0,0.0,0.0,5.0,8.0,1016.71,66.83,-13.96
2025-03-24 18:44:20.118000+00:00,58.03678059999843,,,,335.938,-0.688,-1.25,23.0,-135.5,-5.25,-11.062,-0.027,0.004,0.033,-0.14,0.39,9.55,0.36,-0.5,-0.37,-0.11,0.18,9.8,1.82625,0.0,0.0,0.0,5.0,8.0,1016.71,66.83,-13.96
2025-03-24 18:44:20.892000+00:00,58.03678059999843,,,,335.938,-0.688,-1.25,23.0,-135.5,-5.25,-11.062,-0.027,0.004,0.033,-0.14,0.39,9.55,-0.25,0.24,-0.49,-0.11,0.18,9.8,1.82625,0.0,0.0,0.0,5.0,8.0,1016.71,66.83,-13.96
2025-03-24 18:44:21.908000+00:00,58.03678059999843,,,,335.938,-0.688,-1.25,23.0,-135.5,-5.25,-11.062,-0.027,0.004,0.033,-0.14,0.39,9.55,-0.22,0.14,-0.3,-0.11,0.18,9.8,1.82625,0.0,0.0,0.0,5.0,8.0,1016.71,66.83,-13.96
2025-03-24 18:44:22.951000+00:00,58.03678059999843,,,,335.938,-0.688,-1.25,23.0,-135.5,-5.25,-11.062,-0.027,0.004,0.033,-0.14,0.39,9.55,0.29,0.16,-0.36,-0.11,0.18,9.8,1.82625,0.0,0.0,0.0,5.0,8.0,1016.71,66.83,-13.96
2025-03-24 18:44:23.901000+00:00,58.03678059999843,,,,335.938,-0.688,-1.25,23.0,-135.5,-5.25,-11.062,-0.027,0.004,0.033,-0.14,0.39,9.55,0.29,0.27,-0.5,-0.11,0.18,9.8,1.82625,0.0,0.0,0.0,5.0,8.0,1016.71,66.83,-13.96
2025-03-24 18:44:24.933000+00:00,58.03678059999843,,,,335.938,-0.688,-1.25,23.0,-135.5,-5.25,-11.062,-0.027,0.004,0.033,-0.14,0.39,9.55,0.23,0.2,-0.39,-0.11,0.18,9.8,1.82625,0.0,0.0,0.0,5.0,8.0,1016.71,66.83,-13.96
2025-03-24 18:44:25.921000+00:00,58.03678059999843,,,,335.938,-0.688,-1.25,23.0,-135.5,-5.25,-11.062,-0.027,0.004,0.033,-0.14,0.39,9.55,-0.22,0.21,-0.53,-0.11,0.18,9.8,1.82625,0.0,0.0,0.0,5.0,8.0,1016.71,66.83,-13.96
2025-03-24 18:44:27.110000+00:00,58.03678059999843,,,,335.938,-0.688,-1.25,23.0,-135.5,-5.25,-11.062,-0.027,0.004,0.033,-0.14,0.39,9.55,-0.24,-0.09,-0.42,-0.11,0.18,9.8,1.82625,0.0,0.0,0.0,5.0,8.0,1016.71,66.83,-13.96
2025-03-24 18:44:28.171000+00:00,58.03678059999843,,,,335.938,-0.688,-1.25,23.0,-135.5,-5.25,-11.062,-0.027,0.004,0.033,-0.14,0.39,9.55,-0.27,-0.22,-0.43,-0.11,0.18,9.8,1.82625,0.0,0.0,0.0,5.0,8.0,1016.71,66.83,-13.96
2025-03-24 18:44:29.211000+00:00,58.03678059999843,,,,335.938,-0.688,-1.25,23.0,-135.5,-5.25,-11.062,-0.027,0.004,0.033,-0.14,0.39,9.55,-0.4,-0.12,-0.59,-0.11,0.18,9.8,1.82625,0.0,0.0,0.0,5.0,8.0,1016.71,66.83,-13.96
2025-03-24 18:44:30.170000+00:00,58.03678059999843,,,,335.938,-0.688,-1.25,23.0,-135.5,-5.25,-11.062,-0.027,0.004,0.033,-0.14,0.39,9.55,-0.04,-0.22,-0.29,-0.11,0.18,9.8,1.82625,0.0,0.0,0.0,5.0,8.0,1016.71,66.83,-13.96
2025-03-24 18:44:31.360000+00:00,58.03678059999843,,,,335.938,-0.688,-1.25,23.0,-135.5,-5.25,-11.062,-0.027,0.004,0.033,-0.14,0.39,9.55,-0.04,0.14,-0.25,-0.11,0.18,9.8,1.82625,0.0,0.0,0.0,5.0,8.0,1016.71,66.83,-13.96
2025-03-24 18:43:32.490000+00:00,58.03678059999843,,,,335.938,-0.688,-1.25,23.0,-135.5,-5.25,-11.062,-0.027,0.004,0.033,-0.14,0.39,9.55,-0.04,0.14,-0.25,-0.11,0.18,9.8,1.82625,0.0,0.0,0.0,5.0,8.0,1016.71,66.83,-13.96
2025-03-24 18:43:33.516000+00:00,58.03678059999843,,,,335.938,-0.688,-1.25,23.0,-135.5,-5.25,-11.062,-0.027,0.004,0.033,-0.14,0.39,9.55,-0.04,0.14,-0.25,-0.11,0.17,9.8,1.82625,0.0,0.0,0.0,5.0,8.0,1016.71,66.83,-13.96
2025-03-24 18:43:34.526000+00:00,58.03678059999843,,,,335.938,-0.688,-1.25,23.0,-135.5,-5.25,-11.062,-0.027,0.004,0.033,-0.14,0.39,9.55,-0.04,0.14,-0.25,-0.1,0.18,9.8,1.82625,0.0,0.0,0.0,5.0,8.0,1016.71,66.83,-13.96
2025-03-24 18:43:35.535000+00:00,58.03678059999843,,,,335.938,-0.688,-1.25,23.0,-135.5,-5.25,-11.062,-0.027,0.004,0.033,-0.14,0.39,9.55,-0.04,0.14,-0.25,-0.1,0.21,9.8,1.82625,0.0,0.0,0.0,5.0,8.0,1016.71,66.83,-13.96
2025-03-24 18:43:36.505000+00:00,58.03678059999843,,,,335.938,-0.688,-1.25,23.0,-135.5,-5.25,-11.062,-0.027,0.004,0.033,-0.14,0.39,9.55,-0.04,0.14,-0.25,-0.1,0.2,9.8,1.82625,0.0,0.0,0.0,5.0,8.0,1016.71,66.83,-13.96
2025-03-24 18:43:37.515000+00:00,58.03678059999843,,,,335.938,-0.688,-1.25,23.0,-135.5,-5.25,-11.062,-0.027,0.004,0.033,-0.14,0.39,9.55,-0.04,0.14,-0.25,-0.11,0.2,9.8,1.82625,0.0,0.0,0.0,5.0,8.0,1016.71,66.83,-13.96
2025-03-24 18:43:38.535000+00:00,58.03678059999843,,,,335.938,-0.688,-1.25,23.0,-135.5,-5.25,-11.062,-0.027,0.004,0.033,-0.14,0.39,9.55,-0.04,0.14,-0.25,-0.11,0.22,9.8,1.82625,0.0,0.0,0.0,5.0,8.0,1016.71,66.83,-13.96
2025-03-24 18:43:39.545000+00:00,58.03678059999843,,,,335.938,-0.688,-1.25,23.0,-135.5,-5.25,-11.062,-0.027,0.004,0.033,-0.14,0.39,9.55,-0.04,0.14,-0.25,-0.11,0.2,9.8,1.82625,0.0,0.0,0.0,5.0,8.0,1016.71,66.83,-13.96
2025-03-24 18:43:40.535000+00:00,58.03678059999843,,,,335.938,-0.688,-1.25,23.0,-135.5,-5.25,-11.062,-0.027,0.004,0.033,-0.14,0.39,9.55,-0.04,0.14,-0.25,-0.11,0.18,9.8,1.82625,0.0,0.0,0.0,5.0,8.0,1016.71,66.83,-13.96
2025-03-24 18:43:41.555000+00:00,58.03678059999843,,,,335.938,-0.688,-1.25,23.0,-135.5,-5.25,-11.062,-0.027,0.004,0.033,-0.14,0.39,9.55,-0.04,0.14,-0.25,-0.1,0.21,9.8,1.82625,0.0,0.0,0.0,5.0,8.0,1016.71,66.83,-13.96
2025-03-24 18:43:42.585000+00:00,58.03678059999843,,,,335.938,-0.688,-1.25,23.0,-135.5,-5.25,-11.062,-0.027,0.004,0.033,-0.14,0.39,9.55,-0.04,0.14,-0.25,-0.1,0.2,9.8,1.82625,0.0,0.0,0.0,5.0,8.0,1016.71,66.83,-13.96
2025-03-24 18:43:43.585000+00:00,58.03678059999843,,,,335.938,-0.688,-1.25,23.0,-135.5,-5.25,-11.062,-0.027,0.004,0.033,-0.14,0.39,9.55,-0.04,0.14,-0.25,-0.11,0.18,9.8,1.82625,0.0,0.0,0.0,5.0,8.0,1016.71,66.83,-13.96
2025-03-24 18:43:44.634000+00:00,58.03678059999843,,,,335.938,-0.688,-1.25,23.0,-135.5,-5.25,-11.062,-0.027,0.004,0.033,-0.14,0.39,9.55,-0.04,0.14,-0.25,-0.11,0.16,9.8,1.82625,0.0,0.0,0.0,5.0,8.0,1016.71,66.83,-13.96
2025-03-24 18:43:45.605000+00:00,58.03678059999843,,,,335.938,-0.688,-1.25,23.0,-135.5,-5.25,-11.062,-0.027,0.004,0.033,-0.14,0.39,9.55,-0.04,0.14,-0.25,-0.11,0.21,9.8,1.82625,0.0,0.0,0.0,5.0,8.0,1016.71,66.83,-13.96
2025-03-24 18:43:46.615000+00:00,58.03678059999843,,,,335.938,-0.688,-1.25,23.0,-135.5,-5.25,-11.062,-0.027,0.004,0.033,-0.14,0.39,9.55,-0.04,0.14,-0.25,-0.1,0.2,9.8,1.82625,0.0,0.0,0.0,5.0,8.0,1016.71,66.83,-13.96
2025-03-24 18:43:47.624000+00:00,58.03678059999843,,,,335.938,-0.688,-1.25,23.0,-135.5,-5.25,-11.062,-0.027,0.004,0.033,-0.14,0.39,9.55,-0.04,0.14,-0.25,-0.1,0.21,9.8,1.82625,0.0,0.0,0.0,5.0,8.0,1016.71,66.83,-13.96
2025-03-24 18:43:48.754000+00:00,58.03678059999843,,,,335.938,-0.688,-1.25,23.0,-135.5,-5.25,-11.062,-0.027,0.004,0.033,-0.14,0.39,9.55,-0.04,0.14,-0.25,-0.1,0.2,9.8,1.82625,0.0,0.0,0.0,5.0,8.0,1016.71,66.83,-13.96
2025-03-24 18:43:49.794000+00:00,58.03678059999843,,,,335.938,-0.688,-1.25,23.0,-135.5,-5.25,-11.062,-0.027,0.004,0.033,-0.14,0.39,9.55,-0.04,0.14,-0.25,-0.12,0.2,9.8,1.82625,0.0,0.0,0.0,5.0,8.0,1016.71,66.83,-13.96
2025-03-24 18:43:50.715000+00:00,58.03678059999843,,,,335.938,-0.688,-1.25,23.0,-135.5,-5.25,-11.062,-0.027,0.004,0.033,-0.14,0.39,9.55,-0.04,0.14,-0.25,-0.12,0.17,9.8,1.82625,0.0,0.0,0.0,5.0,8.0,1016.71,66.83,-13.96
2025-03-24 18:43:51.804000+00:00,58.03678059999843,,,,335.938,-0.688,-1.25,23.0,-135.5,-5.25,-11.062,-0.027,0.004,0.033,-0.14,0.39,9.55,-0.04,0.14,-0.25,-0.14,0.18,9.8,1.82625,0.0,0.0,0.0,5.0,8.0,1016.71,66.83,-13.96
2025-03-24 18:43:52.914000+00:00,58.03678059999843,,,,335.938,-0.688,-1.25,23.0,-135.5,-5.25,-11.062,-0.027,0.004,0.033,-0.14,0.39,9.55,-0.04,0.14,-0.25,-0.13,0.23,9.8,1.82625,0.0,0.0,0.0,5.0,8.0,1016.71,66.83,-13.96
2025-03-24 18:43:53.954000+00:00,58.03678059999843,,,,335.938,-0.688,-1.25,23.0,-135.5,-5.25,-11.062,-0.027,0.004,0.033,-0.14,0.39,9.55,-0.04,0.14,-0.25,-0.12,0.24,9.8,1.82625,0.0,0.0,0.0,5.0,8.0,1016.71,66.83,-13.96
2025-03-24 18:43:54.686000+00:00,58.03678059999843,,,,335.938,-0.688,-1.25,23.0,-135.5,-5.25,-11.062,-0.027,0.004,0.033,-0.14,0.39,9.55,-0.04,0.14,-0.25,-0.12,0.23,9.8,1.82625,0.0,0.0,0.0,5.0,8.0,1016.71,66.83,-13.96
2025-03-24 18:43:55.684000+00:00,58.03678059999843,,,,335.938,-0.688,-1.25,23.0,-135.5,-5.25,-11.062,-0.027,0.004,0.033,-0.14,0.39,9.55,-0.04,0.14,-0.25,-0.12,0.22,9.8,1.82625,0.0,0.0,0.0,5.0,8.0,1016.71,66.83,-13.96
2025-03-24 18:43:56.695000+00:00,58.03678059999843,,,,335.938,-0.688,-1.25,23.0,-135.5,-5.25,-11.062,-0.027,0.004,0.033,-0.14,0.39,9.55,-0.04,0.14,-0.25,-0.1,0.21,9.8,1.82625,0.0,0.0,0.0,5.0,8.0,1016.71,66.83,-13.96
2025-03-24 18:43:57.743000+00:00,58.03678059999843,,,,335.938,-0.688,-1.25,23.0,-135.5,-5.25,-11.062,-0.027,0.004,0.033,-0.14,0.39,9.55,-0.04,0.14,-0.25,-0.09,0.2,9.8,1.82625,0.0,0.0,0.0,5.0,8.0,1016.71,66.83,-13.96
2025-03-24 18:43:58.724000+00:00,58.03678059999843,,,,335.938,-0.688,-1.25,23.0,-135.5,-5.25,-11.062,-0.027,0.004,0.033,-0.14,0.39,9.55,-0.04,0.14,-0.25,-0.11,0.21,9.8,1.82625,0.0,0.0,0.0,5.0,8.0,1016.71,66.83,-13.96
2025-03-24 18:43:59.723000+00:00,58.03678059999843,,,,335.938,-0.688,-1.25,23.0,-135.5,-5.25,-11.062,-0.027,0.004,0.033,-0.14,0.39,9.55,-0.04,0.14,-0.25,-0.1,0.21,9.8,1.82625,0.0,0.0,0.0,5.0,8.0,1016.71,66.83,-13.96
2025-03-24 18:44:00.743000+00:00,58.03678059999843,,,,335.938,-0.688,-1.25,23.0,-135.5,-5.25,-11.062,-0.027,0.004,0.033,-0.14,0.39,9.55,-0.04,0.14,-0.25,-0.11,0.21,9.8,1.82625,0.0,0.0,0.0,5.0,8.0,1016.71,66.83,-13.96
2025-03-24 18:44:01.757000+00:00,58.03678059999843,,,,335.938,-0.688,-1.25,23.0,-135.5,-5.25,-11.062,-0.027,0.004,0.033,-0.14,0.39,9.55,-0.04,0.14,-0.25,-0.11,0.18,9.8,1.82625,0.0,0.0,0.0,5.0,8.0,1016.71,66.83,-13.96
2025-03-24 18:44:02.753000+00:00,58.03678059999843,,,,335.938,-0.688,-1.25,23.0,-135.5,-5.25,-11.062,-0.027,0.004,0.033,-0.14,0.39,9.55,-0.04,0.14,-0.25,-0.07,0.21,9.8,1.82625,0.0,0.0,0.0,5.0,8.0,1016.71,66.83,-13.96
2025-03-24 18:44:03.873000+00:00,58.03678059999843,,,,335.938,-0.688,-1.25,23.0,-135.5,-5.25,-11.062,-0.027,0.004,0.033,-0.14,0.39,9.55,-0.04,0.14,-0.25,-0.11,0.19,9.8,1.82625,0.0,0.0,0.0,5.0,8.0,1016.71,66.83,-13.96
2025-03-24 18:44:05.043000+00:00,58.03678059999843,,,,335.938,-0.688,-1.25,23.0,-135.5,-5.25,-11.062,-0.027,0.004,0.033,-0.14,0.39,9.55,-0.04,0.14,-0.25,-0.1,0.19,9.8,1.82625,0.0,0.0,0.0,5.0,8.0,1016.71,66.83,-13.96
2025-03-24 18:44:05.782000+00:00,58.03678059999843,,,,335.938,-0.688,-1.25,23.0,-135.5,-5.25,-11.062,-0.027,0.004,0.033,-0.14,0.39,9.55,-0.04,0.14,-0.25,-0.1,0.2,9.8,1.82625,0.0,0.0,0.0,5.0,8.0,1016.71,66.83,-13.96
2025-03-24 18:44:06.813000+00:00,58.03678059999843,,,,335.938,-0.688,-1.25,23.0,-135.5,-5.25,-11.062,-0.027,0.004,0.033,-0.14,0.39,9.55,-0.04,0.14,-0.25,-0.09,0.2,9.8,1.82625,0.0,0.0,0.0,5.0,8.0,1016.71,66.83,-13.96
2025-03-24 18:44:07.803000+00:00,58.03678059999843,,,,335.938,-0.688,-1.25,23.0,-135.5,-5.25,-11.062,-0.027,0.004,0.033,-0.14,0.39,9.55,-0.04,0.14,-0.25,-0.11,0.2,9.8,1.82625,0.0,0.0,0.0,5.0,8.0,1016.71,66.83,-13.96
2025-03-24 18:44:08.832000+00:00,58.03678059999843,,,,335.938,-0.688,-1.25,23.0,-135.5,-5.25,-11.062,-0.027,0.004,0.033,-0.14,0.39,9.55,-0.04,0.14,-0.25,-0.11,0.2,9.8,1.82625,0.0,0.0,0.0,5.0,8.0,1016.71,66.83,-13.96
2025-03-24 18:44:09.929000+00:00,58.03678059999843,,,,335.938,-0.688,-1.25,23.0,-135.5,-5.25,-11.062,-0.027,0.004,0.033,-0.14,0.39,9.55,-0.04,0.14,-0.25,-0.12,0.19,9.8,1.82625,0.0,0.0,0.0,5.0,8.0,1016.71,66.83,-13.96
2025-03-24 18:44:11.063000+00:00,58.03678059999843,,,,335.938,-0.688,-1.25,23.0,-135.5,-5.25,-11.062,-0.027,0.004,0.033,-0.14,0.39,9.55,-0.04,0.14,-0.25,-0.1,0.19,9.8,1.82625,0.0,0.0,0.0,5.0,8.0,1016.71,66.83,-13.96
2025-03-24 18:44:11.884000+00:00,58.03678059999843,,,,335.938,-0.688,-1.25,23.0,-135.5,-5.25,-11.062,-0.027,0.004,0.033,-0.14,0.39,9.55,-0.04,0.14,-0.25,-0.08,0.18,9.8,1.82625,0.0,0.0,0.0,5.0,8.0,1016.71,66.83,-13.96
2025-03-24 18:44:12.862000+00:00,58.03678059999843,,,,335.938,-0.688,-1.25,23.0,-135.5,-5.25,-11.062,-0.027,0.004,0.033,-0.14,0.39,9.55,-0.04,0.14,-0.25,-0.08,0.18,9.8,1.82625,0.0,0.0,0.0,5.0,8.0,1016.71,66.83,-13.96
2025-03-24 18:44:13.902000+00:00,58.03678059999843,,,,335.938,-0.688,-1.25,23.0,-135.5,-5.25,-11.062,-0.027,0.004,0.033,-0.14,0.39,9.55,-0.04,0.14,-0.25,-0.07,0.18,9.8,1.82625,0.0,0.0,0.0,5.0,8.0,1016.71,66.83,-13.96
2025-03-24 18:44:14.879000+00:00,58.03678059999843,,,,335.938,-0.688,-1.25,23.0,-135.5,-5.25,-11.062,-0.027,0.004,0.033,-0.14,0.39,9.55,-0.04,0.14,-0.25,-0.1,0.18,9.8,1.82625,0.0,0.0,0.0,5.0,8.0,1016.71,66.83,-13.96
2025-03-24 18:44:15.897000+00:00,58.03678059999843,,,,335.938,-0.688,-1.25,23.0,-135.5,-5.25,-11.062,-0.027,0.004,0.033,-0.14,0.39,9.55,-0.04,0.14,-0.25,-0.1,0.19,9.8,1.82625,0.0,0.0,0.0,5.0,8.0,1016.71,66.83,-13.96
2025-03-24 18:44:16.882000+00:00,58.03678059999843,,,,335.938,-0.688,-1.25,23.0,-135.5,-5.25,-11.062,-0.027,0.004,0.033,-0.14,0.39,9.55,-0.04,0.14,-0.25,-0.1,0.18,9.8,1.82625,0.0,0.0,0.0,5.0,8.0,1016.71,66.83,-13.96
2025-03-24 18:44:17.938000+00:00,58.03678059999843,,,,335.938,-0.688,-1.25,23.0,-135.5,-5.25,-11.062,-0.027,0.004,0.033,-0.14,0.39,9.55,-0.04,0.14,-0.25,-0.11,0.17,9.8,1.82625,0.0,0.0,0.0,5.0,8.0,1016.71,66.83,-13.96
2025-03-24 18:44:19.097000+00:00,58.03678059999843,,,,335.938,-0.688,-1.25,23.0,-135.5,-5.25,-11.062,-0.027,0.004,0.033,-0.14,0.39,9.55,-0.04,0.14,-0.25,-0.15,0.18,9.8,1.82625,0.0,0.0,0.0,5.0,8.0,1016.71,66.83,-13.96
2025-03-24 18:44:20.171000+00:00,58.03678059999843,,,,335.938,-0.688,-1.25,23.0,-135.5,-5.25,-11.062,-0.027,0.004,0.033,-0.14,0.39,9.55,-0.04,0.14,-0.25,-0.15,0.21,9.8,1.82625,0.0,0.0,0.0,5.0,8.0,1016.71,66.83,-13.96
2025-03-24 18:44:20.948000+00:00,58.03678059999843,,,,335.938,-0.688,-1.25,23.0,-135.5,-5.25,-11.062,-0.027,0.004,0.033,-0.14,0.39,9.55,-0.04,0.14,-0.25,-0.13,0.22,9.8,1.82625,0.0,0.0,0.0,5.0,8.0,1016.71,66.83,-13.96
2025-03-24 18:44:21.968000+00:00,58.03678059999843,,,,335.938,-0.688,-1.25,23.0,-135.5,-5.25,-11.062,-0.027,0.004,0.033,-0.14,0.39,9.55,-0.04,0.14,-0.25,-0.14,0.23,9.8,1.82625,0.0,0.0,0.0,5.0,8.0,1016.71,66.83,-13.96
2025-03-24 18:44:23.007000+00:00,58.03678059999843,,,,335.938,-0.688,-1.25,23.0,-135.5,-5.25,-11.062,-0.027,0.004,0.033,-0.14,0.39,9.55,-0.04,0.14,-0.25,-0.13,0.22,9.8,1.82625,0.0,0.0,0.0,5.0,8.0,1016.71,66.83,-13.96
2025-03-24 18:44:23.952000+00:00,58.03678059999843,,,,335.938,-0.688,-1.25,23.0,-135.5,-5.25,-11.062,-0.027,0.004,0.033,-0.14,0.39,9.55,-0.04,0.14,-0.25,-0.12,0.22,9.8,1.82625,0.0,0.0,0.0,5.0,8.0,1016.71,66.83,-13.96
2025-03-24 18:44:24.988000+00:00,58.03678059999843,,,,335.938,-0.688,-1.25,23.0,-135.5,-5.25,-11.062,-0.027,0.004,0.033,-0.14,0.39,9.55,-0.04,0.14,-0.25,-0.12,0.21,9.8,1.82625,0.0,0.0,0.0,5.0,8.0,1016.71,66.83,-13.96
2025-03-24 18:44:26.125000+00:00,58.03678059999843,,,,335.938,-0.688,-1.25,23.0,-135.5,-5.25,-11.062,-0.027,0.004,0.033,-0.14,0.39,9.55,-0.04,0.14,-0.25,-0.12,0.21,9.8,1.82625,0.0,0.0,0.0,5.0,8.0,1016.71,66.83,-13.96
2025-03-24 18:44:27.161000+00:00,58.03678059999843,,,,335.938,-0.688,-1.25,23.0,-135.5,-5.25,-11.062,-0.027,0.004,0.033,-0.14,0.39,9.55,-0.04,0.14,-0.25,-0.12,0.21,9.8,1.82625,0.0,0.0,0.0,5.0,8.0,1016.71,66.83,-13.96
2025-03-24 18:44:28.221000+00:00,58.03678059999843,,,,335.938,-0.688,-1.25,23.0,-135.5,-5.25,-11.062,-0.027,0.004,0.033,-0.14,0.39,9.55,-0.04,0.14,-0.25,-0.11,0.22,9.8,1.82625,0.0,0.0,0.0,5.0,8.0,1016.71,66.83,-13.96
2025-03-24 18:44:29.260000+00:00,58.03678059999843,,,,335.938,-0.688,-1.25,23.0,-135.5,-5.25,-11.062,-0.027,0.004,0.033,-0.14,0.39,9.55,-0.04,0.14,-0.25,-0.1,0.19,9.8,1.82625,0.0,0.0,0.0,5.0,8.0,1016.71,66.83,-13.96
2025-03-24 18:44:30.220000+00:00,58.03678059999843,,,,335.938,-0.688,-1.25,23.0,-135.5,-5.25,-11.062,-0.027,0.004,0.033,-0.14,0.39,9.55,-0.04,0.14,-0.25,-0.12,0.21,9.8,1.82625,0.0,0.0,0.0,5.0,8.0,1016.71,66.83,-13.96
2025-03-24 18:44:31.411000+00:00,58.03678059999843,,,,335.938,-0.688,-1.25,23.0,-135.5,-5.25,-11.062,-0.027,0.004,0.033,-0.14,0.39,9.55,-0.04,0.14,-0.25,-0.1,0.24,9.8,1.82625,0.0,0.0,0.0,5.0,8.0,1016.71,66.83,-13.96
2025-03-24 18:43:31.882000+00:00,58.03678059999843,,,,335.938,-0.688,-1.25,23.0,-135.5,-5.25,-11.062,-0.027,0.004,0.033,-0.14,0.39,9.55,-0.04,0.14,-0.25,-0.1,0.24,9.8,1.82625,0.0,0.0,0.0,5.0,8.0,1016.71,66.83,-13.96
2025-03-24 18:43:32.936000+00:00,58.03678059999843,,,,335.938,-0.688,-1.25,23.0,-135.5,-5.25,-11.062,-0.027,0.004,0.033,-0.14,0.39,9.55,-0.04,0.14,-0.25,-0.1,0.24,9.8,1.7875,0.0,0.0,0.0,5.0,8.0,1016.71,66.83,-13.96
2025-03-24 18:43:33.946000+00:00,58.03678059999843,,,,335.938,-0.688,-1.25,23.0,-135.5,-5.25,-11.062,-0.027,0.004,0.033,-0.14,0.39,9.55,-0.04,0.14,-0.25,-0.1,0.24,9.8,1.74,0.0,0.0,0.0,5.0,8.0,1016.71,66.83,-13.96
2025-03-24 18:43:34.975000+00:00,58.03678059999843,,,,335.938,-0.688,-1.25,23.0,-135.5,-5.25,-11.062,-0.027,0.004,0.033,-0.14,0.39,9.55,-0.04,0.14,-0.25,-0.1,0.24,9.8,1.76,0.0,0.0,0.0,5.0,8.0,1016.71,66.83,-13.96
2025-03-24 18:43:35.711000+00:00,58.03678059999843,,,,335.938,-0.688,-1.25,23.0,-135.5,-5.25,-11.062,-0.027,0.004,0.033,-0.14,0.39,9.55,-0.04,0.14,-0.25,-0.1,0.24,9.8,1.82375,0.0,0.0,0.0,5.0,8.0,1016.71,66.83,-13.96
2025-03-24 18:43:36.656000+00:00,58.03678059999843,,,,335.938,-0.688,-1.25,23.0,-135.5,-5.25,-11.062,-0.027,0.004,0.033,-0.14,0.39,9.55,-0.04,0.14,-0.25,-0.1,0.24,9.8,1.77,0.0,0.0,0.0,5.0,8.0,1016.71,66.83,-13.96
2025-03-24 18:43:37.625000+00:00,58.03678059999843,,,,335.938,-0.688,-1.25,23.0,-135.5,-5.25,-11.062,-0.027,0.004,0.033,-0.14,0.39,9.55,-0.04,0.14,-0.25,-0.1,0.24,9.8,1.7550000000000001,0.0,0.0,0.0,5.0,8.0,1016.71,66.83,-13.96
2025-03-24 18:43:38.636000+00:00,58.03678059999843,,,,335.938,-0.688,-1.25,23.0,-135.5,-5.25,-11.062,-0.027,0.004,0.033,-0.14,0.39,9.55,-0.04,0.14,-0.25,-0.1,0.24,9.8,1.715,0.0,0.0,0.0,5.0,8.0,1016.71,66.83,-13.96
2025-03-24 18:43:39.955000+00:00,58.03678059999843,,,,335.938,-0.688,-1.25,23.0,-135.5,-5.25,-11.062,-0.027,0.004,0.033,-0.14,0.39,9.55,-0.04,0.14,-0.25,-0.1,0.24,9.8,1.675,0.0,0.0,0.0,5.0,8.0,1016.71,66.83,-13.96
2025-03-24 18:43:40.965000+00:00,58.03678059999843,,,,335.938,-0.688,-1.25,23.0,-135.5,-5.25,-11.062,-0.027,0.004,0.033,-0.14,0.39,9.55,-0.04,0.14,-0.25,-0.1,0.24,9.8,1.7825,0.0,0.0,0.0,5.0,8.0,1016.71,66.83,-13.96
2025-03-24 18:43:41.654000+00:00,58.03678059999843,,,,335.938,-0.688,-1.25,23.0,-135.5,-5.25,-11.062,-0.027,0.004,0.033,-0.14,0.39,9.55,-0.04,0.14,-0.25,-0.1,0.24,9.8,1.75625,0.0,0.0,0.0,5.0,8.0,1016.71,66.83,-13.96
2025-03-24 18:43:42.694000+00:00,58.03678059999843,,,,335.938,-0.688,-1.25,23.0,-135.5,-5.25,-11.062,-0.027,0.004,0.033,-0.14,0.39,9.55,-0.04,0.14,-0.25,-0.1,0.24,9.8,1.8425,0.0,0.0,0.0,5.0,8.0,1016.71,66.83,-13.96
2025-03-24 18:43:43.691000+00:00,58.03678059999843,,,,335.938,-0.688,-1.25,23.0,-135.5,-5.25,-11.062,-0.027,0.004,0.033,-0.14,0.39,9.55,-0.04,0.14,-0.25,-0.1,0.24,9.8,1.84625,0.0,0.0,0.0,5.0,8.0,1016.71,66.83,-13.96
2025-03-24 18:43:44.733000+00:00,58.03678059999843,,,,335.938,-0.688,-1.25,23.0,-135.5,-5.25,-11.062,-0.027,0.004,0.033,-0.14,0.39,9.55,-0.04,0.14,-0.25,-0.1,0.24,9.8,1.83875,0.0,0.0,0.0,5.0,8.0,1016.71,66.83,-13.96
2025-03-24 18:43:45.770000+00:00,58.03678059999843,,,,335.938,-0.688,-1.25,23.0,-135.5,-5.25,-11.062,-0.027,0.004,0.033,-0.14,0.39,9.55,-0.04,0.14,-0.25,-0.1,0.24,9.8,1.77375,0.0,0.0,0.0,5.0,8.0,1016.71,66.83,-13.96
2025-03-24 18:43:46.765000+00:00,58.03678059999843,,,,335.938,-0.688,-1.25,23.0,-135.5,-5.25,-11.062,-0.027,0.004,0.033,-0.14,0.39,9.55,-0.04,0.14,-0.25,-0.1,0.24,9.8,1.63125,0.0,0.0,0.0,5.0,8.0,1016.71,66.83,-13.96
2025-03-24 18:43:47.725000+00:00,58.03678059999843,,,,335.938,-0.688,-1.25,23.0,-135.5,-5.25,-11.062,-0.027,0.004,0.033,-0.14,0.39,9.55,-0.04,0.14,-0.25,-0.1,0.24,9.8,1.72125,0.0,0.0,0.0,5.0,8.0,1016.71,66.83,-13.96
2025-03-24 18:43:48.854000+00:00,58.03678059999843,,,,335.938,-0.688,-1.25,23.0,-135.5,-5.25,-11.062,-0.027,0.004,0.033,-0.14,0.39,9.55,-0.04,0.14,-0.25,-0.1,0.24,9.8,1.70375,0.0,0.0,0.0,5.0,8.0,1016.71,66.83,-13.96
2025-03-24 18:43:49.910000+00:00,58.03678059999843,,,,335.938,-0.688,-1.25,23.0,-135.5,-5.25,-11.062,-0.027,0.004,0.033,-0.14,0.39,9.55,-0.04,0.14,-0.25,-0.1,0.24,9.8,1.68625,0.0,0.0,0.0,5.0,8.0,1016.71,66.83,-13.96
2025-03-24 18:43:50.814000+00:00,58.03678059999843,,,,335.938,-0.688,-1.25,23.0,-135.5,-5.25,-11.062,-0.027,0.004,0.033,-0.14,0.39,9.55,-0.04,0.14,-0.25,-0.1,0.24,9.8,1.69875,0.0,0.0,0.0,5.0,8.0,1016.71,66.83,-13.96
2025-03-24 18:43:51.904000+00:00,58.03678059999843,,,,335.938,-0.688,-1.25,23.0,-135.5,-5.25,-11.062,-0.027,0.004,0.033,-0.14,0.39,9.55,-0.04,0.14,-0.25,-0.1,0.24,9.8,1.7,0.0,0.0,0.0,5.0,8.0,1016.71,66.83,-13.96
2025-03-24 18:43:53.014000+00:00,58.03678059999843,,,,335.938,-0.688,-1.25,23.0,-135.5,-5.25,-11.062,-0.027,0.004,0.033,-0.14,0.39,9.55,-0.04,0.14,-0.25,-0.1,0.24,9.8,1.725,0.0,0.0,0.0,5.0,8.0,1016.71,66.83,-13.96
2025-03-24 18:43:54.060000+00:00,58.03678059999843,,,,335.938,-0.688,-1.25,23.0,-135.5,-5.25,-11.062,-0.027,0.004,0.033,-0.14,0.39,9.55,-0.04,0.14,-0.25,-0.1,0.24,9.8,1.7225000000000001,0.0,0.0,0.0,5.0,8.0,1016.71,66.83,-13.96
2025-03-24 18:43:55.135000+00:00,58.03678059999843,,,,335.938,-0.688,-1.25,23.0,-135.5,-5.25,-11.062,-0.027,0.004,0.033,-0.14,0.39,9.55,-0.04,0.14,-0.25,-0.1,0.24,9.8,1.7962500000000001,0.0,0.0,0.0,5.0,8.0,1016.71,66.83,-13.96
2025-03-24 18:43:56.110000+00:00,58.03678059999843,,,,335.938,-0.688,-1.25,23.0,-135.5,-5.25,-11.062,-0.027,0.004,0.033,-0.14,0.39,9.55,-0.04,0.14,-0.25,-0.1,0.24,9.8,1.7025000000000001,0.0,0.0,0.0,5.0,8.0,1016.71,66.83,-13.96
2025-03-24 18:43:56.808000+00:00,58.03678059999843,,,,335.938,-0.688,-1.25,23.0,-135.5,-5.25,-11.062,-0.027,0.004,0.033,-0.14,0.39,9.55,-0.04,0.14,-0.25,-0.1,0.24,9.8,1.77125,0.0,0.0,0.0,5.0,8.0,1016.71,66.83,-13.96
2025-03-24 18:43:57.842000+00:00,58.03678059999843,,,,335.938,-0.688,-1.25,23.0,-135.5,-5.25,-11.062,-0.027,0.004,0.033,-0.14,0.39,9.55,-0.04,0.14,-0.25,-0.1,0.24,9.8,1.74,0.0,0.0,0.0,5.0,8.0,1016.71,66.83,-13.96
2025-03-24 18:43:58.873000+00:00,58.03678059999843,,,,335.938,-0.688,-1.25,23.0,-135.5,-5.25,-11.062,-0.027,0.004,0.033,-0.14,0.39,9.55,-0.04,0.14,-0.25,-0.1,0.24,9.8,1.7425,0.0,0.0,0.0,5.0,8.0,1016.71,66.83,-13.96
2025-03-24 18:43:59.823000+00:00,58.03678059999843,,,,335.938,-0.688,-1.25,23.0,-135.5,-5.25,-11.062,-0.027,0.004,0.033,-0.14,0.39,9.55,-0.04,0.14,-0.25,-0.1,0.24,9.8,1.8425,0.0,0.0,0.0,5.0,8.0,1016.71,66.83,-13.96
2025-03-24 18:44:00.898000+00:00,58.03678059999843,,,,335.938,-0.688,-1.25,23.0,-135.5,-5.25,-11.062,-0.027,0.004,0.033,-0.14,0.39,9.55,-0.04,0.14,-0.25,-0.1,0.24,9.8,1.835,0.0,0.0,0.0,5.0,8.0,1016.71,66.83,-13.96
2025-03-24 18:44:01.914000+00:00,58.03678059999843,,,,335.938,-0.688,-1.25,23.0,-135.5,-5.25,-11.062,-0.027,0.004,0.033,-0.14,0.39,9.55,-0.04,0.14,-0.25,-0.1,0.24,9.8,1.835,0.0,0.0,0.0,5.0,8.0,1016.71,66.83,-13.96
2025-03-24 18:44:02.862000+00:00,58.03678059999843,,,,335.938,-0.688,-1.25,23.0,-135.5,-5.25,-11.062,-0.027,0.004,0.033,-0.14,0.39,9.55,-0.04,0.14,-0.25,-0.1,0.24,9.8,1.7775,0.0,0.0,0.0,5.0,8.0,1016.71,66.83,-13.96
2025-03-24 18:44:03.982000+00:00,58.03678059999843,,,,335.938,-0.688,-1.25,23.0,-135.5,-5.25,-11.062,-0.027,0.004,0.033,-0.14,0.39,9.55,-0.04,0.14,-0.25,-0.1,0.24,9.8,1.7425,0.0,0.0,0.0,5.0,8.0,1016.71,66.83,-13.96
2025-03-24 18:44:05.143000+00:00,58.03678059999843,,,,335.938,-0.688,-1.25,23.0,-135.5,-5.25,-11.062,-0.027,0.004,0.033,-0.14,0.39,9.55,-0.04,0.14,-0.25,-0.1,0.24,9.8,1.79,0.0,0.0,0.0,5.0,8.0,1016.71,66.83,-13.96
2025-03-24 18:44:06.184000+00:00,58.03678059999843,,,,335.938,-0.688,-1.25,23.0,-135.5,-5.25,-11.062,-0.027,0.004,0.033,-0.14,0.39,9.55,-0.04,0.14,-0.25,-0.1,0.24,9.8,1.90125,0.0,0.0,0.0,5.0,8.0,1016.71,66.83,-13.96
2025-03-24 18:44:06.932000+00:00,58.03678059999843,,,,335.938,-0.688,-1.25,23.0,-135.5,-5.25,-11.062,-0.027,0.004,0.033,-0.14,0.39,9.55,-0.04,0.14,-0.25,-0.1,0.24,9.8,1.75125,0.0,0.0,0.0,5.0,8.0,1016.71,66.83,-13.96
2025-03-24 18:44:07.922000+00:00,58.03678059999843,,,,335.938,-0.688,-1.25,23.0,-135.5,-5.25,-11.062,-0.027,0.004,0.033,-0.14,0.39,9.55,-0.04,0.14,-0.25,-0.1,0.24,9.8,1.8325,0.0,0.0,0.0,5.0,8.0,1016.71,66.83,-13.96
2025-03-24 18:44:08.933000+00:00,58.03678059999843,,,,335.938,-0.688,-1.25,23.0,-135.5,-5.25,-11.062,-0.027,0.004,0.033,-0.14,0.39,9.55,-0.04,0.14,-0.25,-0.1,0.24,9.8,1.815,0.0,0.0,0.0,5.0,8.0,1016.71,66.83,-13.96
2025-03-24 18:44:10.042000+00:00,58.03678059999843,,,,335.938,-0.688,-1.25,23.0,-135.5,-5.25,-11.062,-0.027,0.004,0.033,-0.14,0.39,9.55,-0.04,0.14,-0.25,-0.1,0.24,9.8,1.75875,0.0,0.0,0.0,5.0,8.0,1016.71,66.83,-13.96
2025-03-24 18:44:11.169000+00:00,58.03678059999843,,,,335.938,-0.688,-1.25,23.0,-135.5,-5.25,-11.062,-0.027,0.004,0.033,-0.14,0.39,9.55,-0.04,0.14,-0.25,-0.1,0.24,9.8,1.74,0.0,0.0,0.0,5.0,8.0,1016.71,66.83,-13.96
2025-03-24 18:44:12.312000+00:00,58.03678059999843,,,,335.938,-0.688,-1.25,23.0,-135.5,-5.25,-11.062,-0.027,0.004,0.033,-0.14,0.39,9.55,-0.04,0.14,-0.25,-0.1,0.24,9.8,1.85,0.0,0.0,0.0,5.0,8.0,1016.71,66.83,-13.96
2025-03-24 18:44:12.978000+00:00,58.03678059999843,,,,335.938,-0.688,-1.25,23.0,-135.5,-5.25,-11.062,-0.027,0.004,0.033,-0.14,0.39,9.55,-0.04,0.14,-0.25,-0.1,0.24,9.8,1.87125,0.0,0.0,0.0,5.0,8.0,1016.71,66.83,-13.96
2025-03-24 18:44:14.013000+00:00,58.03678059999843,,,,335.938,-0.688,-1.25,23.0,-135.5,-5.25,-11.062,-0.027,0.004,0.033,-0.14,0.39,9.55,-0.04,0.14,-0.25,-0.1,0.24,9.8,1.8925,0.0,0.0,0.0,5.0,8.0,1016.71,66.83,-13.96
2025-03-24 18:44:14.982000+00:00,58.03678059999843,,,,335.938,-0.688,-1.25,23.0,-135.5,-5.25,-11.062,-0.027,0.004,0.033,-0.14,0.39,9.55,-0.04,0.14,-0.25,-0.1,0.24,9.8,1.89625,0.0,0.0,0.0,5.0,8.0,1016.71,66.83,-13.96
2025-03-24 18:44:16.012000+00:00,58.03678059999843,,,,335.938,-0.688,-1.25,23.0,-135.5,-5.25,-11.062,-0.027,0.004,0.033,-0.14,0.39,9.55,-0.04,0.14,-0.25,-0.1,0.24,9.8,1.83625,0.0,0.0,0.0,5.0,8.0,1016.71,66.83,-13.96
2025-03-24 18:44:16.998000+00:00,58.03678059999843,,,,335.938,-0.688,-1.25,23.0,-135.5,-5.25,-11.062,-0.027,0.004,0.033,-0.14,0.39,9.55,-0.04,0.14,-0.25,-0.1,0.24,9.8,1.8925,0.0,0.0,0.0,5.0,8.0,1016.71,66.83,-13.96
2025-03-24 18:44:18.041000+00:00,58.03678059999843,,,,335.938,-0.688,-1.25,23.0,-135.5,-5.25,-11.062,-0.027,0.004,0.033,-0.14,0.39,9.55,-0.04,0.14,-0.25,-0.1,0.24,9.8,1.85,0.0,0.0,0.0,5.0,8.0,1016.71,66.83,-13.96
2025-03-24 18:44:19.200000+00:00,58.03678059999843,,,,335.938,-0.688,-1.25,23.0,-135.5,-5.25,-11.062,-0.027,0.004,0.033,-0.14,0.39,9.55,-0.04,0.14,-0.25,-0.1,0.24,9.8,1.875,0.0,0.0,0.0,5.0,8.0,1016.71,66.83,-13.96
2025-03-24 18:44:20.271000+00:00,58.03678059999843,,,,335.938,-0.688,-1.25,23.0,-135.5,-5.25,-11.062,-0.027,0.004,0.033,-0.14,0.39,9.55,-0.04,0.14,-0.25,-0.1,0.24,9.8,1.8725,0.0,0.0,0.0,5.0,8.0,1016.71,66.83,-13.96
2025-03-24 18:44:21.371000+00:00,58.03678059999843,,,,335.938,-0.688,-1.25,23.0,-135.5,-5.25,-11.062,-0.027,0.004,0.033,-0.14,0.39,9.55,-0.04,0.14,-0.25,-0.1,0.24,9.8,1.85375,0.0,0.0,0.0,5.0,8.0,1016.71,66.83,-13.96
2025-03-24 18:44:22.077000+00:00,58.03678059999843,,,,335.938,-0.688,-1.25,23.0,-135.5,-5.25,-11.062,-0.027,0.004,0.033,-0.14,0.39,9.55,-0.04,0.14,-0.25,-0.1,0.24,9.8,1.8375000000000001,0.0,0.0,0.0,5.0,8.0,1016.71,66.83,-13.96
2025-03-24 18:44:23.121000+00:00,58.03678059999843,,,,335.938,-0.688,-1.25,23.0,-135.5,-5.25,-11.062,-0.027,0.004,0.033,-0.14,0.39,9.55,-0.04,0.14,-0.25,-0.1,0.24,9.8,1.845,0.0,0.0,0.0,5.0,8.0,1016.71,66.83,-13.96
2025-03-24 18:44:24.051000+00:00,58.03678059999843,,,,335.938,-0.688,-1.25,23.0,-135.5,-5.25,-11.062,-0.027,0.004,0.033,-0.14,0.39,9.55,-0.04,0.14,-0.25,-0.1,0.24,9.8,1.76875,0.0,0.0,0.0,5.0,8.0,1016.71,66.83,-13.96
2025-03-24 18:44:25.090000+00:00,58.03678059999843,,,,335.938,-0.688,-1.25,23.0,-135.5,-5.25,-11.062,-0.027,0.004,0.033,-0.14,0.39,9.55,-0.04,0.14,-0.25,-0.1,0.24,9.8,1.7925,0.0,0.0,0.0,5.0,8.0,1016.71,66.83,-13.96
2025-03-24 18:44:26.022000+00:00,58.03678059999843,,,,335.938,-0.688,-1.25,23.0,-135.5,-5.25,-11.062,-0.027,0.004,0.033,-0.14,0.39,9.55,-0.04,0.14,-0.25,-0.1,0.24,9.8,1.8175000000000001,0.0,0.0,0.0,5.0,8.0,1016.71,66.83,-13.96
2025-03-24 18:44:26.741000+00:00,58.03678059999843,,,,335.938,-0.688,-1.25,23.0,-135.5,-5.25,-11.062,-0.027,0.004,0.033,-0.14,0.39,9.55,-0.04,0.14,-0.25,-0.1,0.24,9.8,1.88375,0.0,0.0,0.0,5.0,8.0,1016.71,66.83,-13.96
2025-03-24 18:44:27.791000+00:00,58.03678059999843,,,,335.938,-0.688,-1.25,23.0,-135.5,-5.25,-11.062,-0.027,0.004,0.033,-0.14,0.39,9.55,-0.04,0.14,-0.25,-0.1,0.24,9.8,1.90375,0.0,0.0,0.0,5.0,8.0,1016.71,66.83,-13.96
2025-03-24 18:44:28.810000+00:00,58.03678059999843,,,,335.938,-0.688,-1.25,23.0,-135.5,-5.25,-11.062,-0.027,0.004,0.033,-0.14,0.39,9.55,-0.04,0.14,-0.25,-0.1,0.24,9.8,1.78875,0.0,0.0,0.0,5.0,8.0,1016.71,66.83,-13.96
2025-03-24 18:44:30.271000+00:00,58.03678059999843,,,,335.938,-0.688,-1.25,23.0,-135.5,-5.25,-11.062,-0.027,0.004,0.033,-0.14,0.39,9.55,-0.04,0.14,-0.25,-0.1,0.24,9.8,1.7975,0.0,0.0,0.0,5.0,8.0,1016.71,66.83,-13.96
2025-03-24 18:44:30.990000+00:00,58.03678059999843,,,,335.938,-0.688,-1.25,23.0,-135.5,-5.25,-11.062,-0.027,0.004,0.033,-0.14,0.39,9.55,-0.04,0.14,-0.25,-0.1,0.24,9.8,1.80875,0.0,0.0,0.0,5.0,8.0,1016.71,66.83,-13.96
2025-03-24 18:44:31.754000+00:00,58.03678059999843,,,,335.938,-0.688,-1.25,23.0,-135.5,-5.25,-11.062,-0.027,0.004,0.033,-0.14,0.39,9.55,-0.04,0.14,-0.25,-0.1,0.24,9.8,1.7275,0.0,0.0,0.0,5.0,8.0,1016.71,66.83,-13.96
2025-03-24 18:43:32.875000+00:00,58.03678059999843,,,,335.938,-0.688,-1.25,23.0,-135.5,-5.25,-11.062,-0.027,0.004,0.033,-0.14,0.39,9.55,-0.04,0.14,-0.25,-0.1,0.24,9.8,1.7275,0.0,0.0,0.0,5.0,8.0,1016.71,66.83,-13.96
2025-03-24 18:43:33.895000+00:00,58.03678059999843,,,,335.938,-0.688,-1.25,23.0,-135.5,-5.25,-11.062,-0.027,0.004,0.033,-0.14,0.39,9.55,-0.04,0.14,-0.25,-0.1,0.24,9.8,1.7275,0.0,0.0,0.0,5.0,8.0,1016.71,66.83,-13.96
2025-03-24 18:43:34.922000+00:00,58.03678059999843,,,,335.938,-0.688,-1.25,23.0,-135.5,-5.25,-11.062,-0.027,0.004,0.033,-0.14,0.39,9.55,-0.04,0.14,-0.25,-0.1,0.24,9.8,1.7275,1.25,0.0,0.0,5.0,8.0,1016.71,66.83,-13.96
2025-03-24 18:43:35.652000+00:00,58.03678059999843,,,,335.938,-0.688,-1.25,23.0,-135.5,-5.25,-11.062,-0.027,0.004,0.033,-0.14,0.39,9.55,-0.04,0.14,-0.25,-0.1,0.24,9.8,1.7275,-1.25,0.0,0.0,5.0,8.0,1016.71,66.83,-13.96
2025-03-24 18:43:36.612000+00:00,58.03678059999843,,,,335.938,-0.688,-1.25,23.0,-135.5,-5.25,-11.062,-0.027,0.004,0.033,-0.14,0.39,9.55,-0.04,0.14,-0.25,-0.1,0.24,9.8,1.7275,1.25,0.0,0.0,5.0,8.0,1016.71,66.83,-13.96
2025-03-24 18:43:37.576000+00:00,58.03678059999843,,,,335.938,-0.688,-1.25,23.0,-135.5,-5.25,-11.062,-0.027,0.004,0.033,-0.14,0.39,9.55,-0.04,0.14,-0.25,-0.1,0.24,9.8,1.7275,0.0,0.0,0.0,5.0,8.0,1016.71,66.83,-13.96
2025-03-24 18:43:38.585000+00:00,58.03678059999843,,,,335.938,-0.688,-1.25,23.0,-135.5,-5.25,-11.062,-0.027,0.004,0.033,-0.14,0.39,9.55,-0.04,0.14,-0.25,-0.1,0.24,9.8,1.7275,0.0,0.0,0.0,5.0,8.0,1016.71,66.83,-13.96
2025-03-24 18:43:39.905000+00:00,58.03678059999843,,,,335.938,-0.688,-1.25,23.0,-135.5,-5.25,-11.062,-0.027,0.004,0.033,-0.14,0.39,9.55,-0.04,0.14,-0.25,-0.1,0.24,9.8,1.7275,0.0,0.0,0.0,5.0,8.0,1016.71,66.83,-13.96
2025-03-24 18:43:40.914000+00:00,58.03678059999843,,,,335.938,-0.688,-1.25,23.0,-135.5,-5.25,-11.062,-0.027,0.004,0.033,-0.14,0.39,9.55,-0.04,0.14,-0.25,-0.1,0.24,9.8,1.7275,-1.25,0.0,0.0,5.0,8.0,1016.71,66.83,-13.96
2025-03-24 18:43:41.605000+00:00,58.03678059999843,,,,335.938,-0.688,-1.25,23.0,-135.5,-5.25,-11.062,-0.027,0.004,0.033,-0.14,0.39,9.55,-0.04,0.14,-0.25,-0.1,0.24,9.8,1.7275,-2.5,0.0,0.0,5.0,8.0,1016.71,66.83,-13.96
2025-03-24 18:43:42.642000+00:00,58.03678059999843,,,,335.938,-0.688,-1.25,23.0,-135.5,-5.25,-11.062,-0.027,0.004,0.033,-0.14,0.39,9.55,-0.04,0.14,-0.25,-0.1,0.24,9.8,1.7275,0.0,0.0,0.0,5.0,8.0,1016.71,66.83,-13.96
2025-03-24 18:43:43.638000+00:00,58.03678059999843,,,,335.938,-0.688,-1.25,23.0,-135.5,-5.25,-11.062,-0.027,0.004,0.033,-0.14,0.39,9.55,-0.04,0.14,-0.25,-0.1,0.24,9.8,1.7275,-1.25,0.0,0.0,5.0,8.0,1016.71,66.83,-13.96
2025-03-24 18:43:44.684000+00:00,58.03678059999843,,,,335.938,-0.688,-1.25,23.0,-135.5,-5.25,-11.062,-0.027,0.004,0.033,-0.14,0.39,9.55,-0.04,0.14,-0.25,-0.1,0.24,9.8,1.7275,-1.25,0.0,0.0,5.0,8.0,1016.71,66.83,-13.96
2025-03-24 18:43:45.711000+00:00,58.03678059999843,,,,335.938,-0.688,-1.25,23.0,-135.5,-5.25,-11.062,-0.027,0.004,0.033,-0.14,0.39,9.55,-0.04,0.14,-0.25,-0.1,0.24,9.8,1.7275,1.25,0.0,0.0,5.0,8.0,1016.71,66.83,-13.96
2025-03-24 18:43:46.715000+00:00,58.03678059999843,,,,335.938,-0.688,-1.25,23.0,-135.5,-5.25,-11.062,-0.027,0.004,0.033,-0.14,0.39,9.55,-0.04,0.14,-0.25,-0.1,0.24,9.8,1.7275,0.0,0.0,0.0,5.0,8.0,1016.71,66.83,-13.96
2025-03-24 18:43:47.675000+00:00,58.03678059999843,,,,335.938,-0.688,-1.25,23.0,-135.5,-5.25,-11.062,-0.027,0.004,0.033,-0.14,0.39,9.55,-0.04,0.14,-0.25,-0.1,0.24,9.8,1.7275,1.25,0.0,0.0,5.0,8.0,1016.71,66.83,-13.96
2025-03-24 18:43:48.806000+00:00,58.03678059999843,,,,335.938,-0.688,-1.25,23.0,-135.5,-5.25,-11.062,-0.027,0.004,0.033,-0.14,0.39,9.55,-0.04,0.14,-0.25,-0.1,0.24,9.8,1.7275,-2.5,0.0,0.0,5.0,8.0,1016.71,66.83,-13.96
2025-03-24 18:43:49.852000+00:00,58.03678059999843,,,,335.938,-0.688,-1.25,23.0,-135.5,-5.25,-11.062,-0.027,0.004,0.033,-0.14,0.39,9.55,-0.04,0.14,-0.25,-0.1,0.24,9.8,1.7275,0.0,0.0,0.0,5.0,8.0,1016.71,66.83,-13.96
2025-03-24 18:43:50.765000+00:00,58.03678059999843,,,,335.938,-0.688,-1.25,23.0,-135.5,-5.25,-11.062,-0.027,0.004,0.033,-0.14,0.39,9.55,-0.04,0.14,-0.25,-0.1,0.24,9.8,1.7275,1.25,0.0,0.0,5.0,8.0,1016.71,66.83,-13.96
2025-03-24 18:43:51.857000+00:00,58.03678059999843,,,,335.938,-0.688,-1.25,23.0,-135.5,-5.25,-11.062,-0.027,0.004,0.033,-0.14,0.39,9.55,-0.04,0.14,-0.25,-0.1,0.24,9.8,1.7275,-1.25,0.0,0.0,5.0,8.0,1016.71,66.83,-13.96
2025-03-24 18:43:52.964000+00:00,58.03678059999843,,,,335.938,-0.688,-1.25,23.0,-135.5,-5.25,-11.062,-0.027,0.004,0.033,-0.14,0.39,9.55,-0.04,0.14,-0.25,-0.1,0.24,9.8,1.7275,1.25,0.0,0.0,5.0,8.0,1016.71,66.83,-13.96
2025-03-24 18:43:54.006000+00:00,58.03678059999843,,,,335.938,-0.688,-1.25,23.0,-135.5,-5.25,-11.062,-0.027,0.004,0.033,-0.14,0.39,9.55,-0.04,0.14,-0.25,-0.1,0.24,9.8,1.7275,1.25,0.0,0.0,5.0,8.0,1016.71,66.83,-13.96
2025-03-24 18:43:55.080000+00:00,58.03678059999843,,,,335.938,-0.688,-1.25,23.0,-135.5,-5.25,-11.062,-0.027,0.004,0.033,-0.14,0.39,9.55,-0.04,0.14,-0.25,-0.1,0.24,9.8,1.7275,1.25,0.0,0.0,5.0,8.0,1016.71,66.83,-13.96
2025-03-24 18:43:56.049000+00:00,58.03678059999843,,,,335.938,-0.688,-1.25,23.0,-135.5,-5.25,-11.062,-0.027,0.004,0.033,-0.14,0.39,9.55,-0.04,0.14,-0.25,-0.1,0.24,9.8,1.7275,0.0,0.0,0.0,5.0,8.0,1016.71,66.83,-13.96
2025-03-24 18:43:56.751000+00:00,58.03678059999843,,,,335.938,-0.688,-1.25,23.0,-135.5,-5.25,-11.062,-0.027,0.004,0.033,-0.14,0.39,9.55,-0.04,0.14,-0.25,-0.1,0.24,9.8,1.7275,0.0,0.0,0.0,5.0,8.0,1016.71,66.83,-13.96
2025-03-24 18:43:57.793000+00:00,58.03678059999843,,,,335.938,-0.688,-1.25,23.0,-135.5,-5.25,-11.062,-0.027,0.004,0.033,-0.14,0.39,9.55,-0.04,0.14,-0.25,-0.1,0.24,9.8,1.7275,1.25,0.0,0.0,5.0,8.0,1016.71,66.83,-13.96
2025-03-24 18:43:58.823000+00:00,58.03678059999843,,,,335.938,-0.688,-1.25,23.0,-135.5,-5.25,-11.062,-0.027,0.004,0.033,-0.14,0.39,9.55,-0.04,0.14,-0.25,-0.1,0.24,9.8,1.7275,0.0,0.0,0.0,5.0,8.0,1016.71,66.83,-13.96
2025-03-24 18:43:59.773000+00:00,58.03678059999843,,,,335.938,-0.688,-1.25,23.0,-135.5,-5.25,-11.062,-0.027,0.004,0.033,-0.14,0.39,9.55,-0.04,0.14,-0.25,-0.1,0.24,9.8,1.7275,2.5,0.0,0.0,5.0,8.0,1016.71,66.83,-13.96
2025-03-24 18:44:00.843000+00:00,58.03678059999843,,,,335.938,-0.688,-1.25,23.0,-135.5,-5.25,-11.062,-0.027,0.004,0.033,-0.14,0.39,9.55,-0.04,0.14,-0.25,-0.1,0.24,9.8,1.7275,-1.25,0.0,0.0,5.0,8.0,1016.71,66.83,-13.96
2025-03-24 18:44:01.864000+00:00,58.03678059999843,,,,335.938,-0.688,-1.25,23.0,-135.5,-5.25,-11.062,-0.027,0.004,0.033,-0.14,0.39,9.55,-0.04,0.14,-0.25,-0.1,0.24,9.8,1.7275,1.25,0.0,0.0,5.0,8.0,1016.71,66.83,-13.96
2025-03-24 18:44:02.803000+00:00,58.03678059999843,,,,335.938,-0.688,-1.25,23.0,-135.5,-5.25,-11.062,-0.027,0.004,0.033,-0.14,0.39,9.55,-0.04,0.14,-0.25,-0.1,0.24,9.8,1.7275,2.5,0.0,0.0,5.0,8.0,1016.71,66.83,-13.96
2025-03-24 18:44:03.931000+00:00,58.03678059999843,,,,335.938,-0.688,-1.25,23.0,-135.5,-5.25,-11.062,-0.027,0.004,0.033,-0.14,0.39,9.55,-0.04,0.14,-0.25,-0.1,0.24,9.8,1.7275,1.25,0.0,0.0,5.0,8.0,1016.71,66.83,-13.96
2025-03-24 18:44:05.094000+00:00,58.03678059999843,,,,335.938,-0.688,-1.25,23.0,-135.5,-5.25,-11.062,-0.027,0.004,0.033,-0.14,0.39,9.55,-0.04,0.14,-0.25,-0.1,0.24,9.8,1.7275,1.25,0.0,0.0,5.0,8.0,1016.71,66.83,-13.96
2025-03-24 18:44:06.132000+00:00,58.03678059999843,,,,335.938,-0.688,-1.25,23.0,-135.5,-5.25,-11.062,-0.027,0.004,0.033,-0.14,0.39,9.55,-0.04,0.14,-0.25,-0.1,0.24,9.8,1.7275,2.5,0.0,0.0,5.0,8.0,1016.71,66.83,-13.96
2025-03-24 18:44:06.880000+00:00,58.03678059999843,,,,335.938,-0.688,-1.25,23.0,-135.5,-5.25,-11.062,-0.027,0.004,0.033,-0.14,0.39,9.55,-0.04,0.14,-0.25,-0.1,0.24,9.8,1.7275,0.0,0.0,0.0,5.0,8.0,1016.71,66.83,-13.96
2025-03-24 18:44:07.862000+00:00,58.03678059999843,,,,335.938,-0.688,-1.25,23.0,-135.5,-5.25,-11.062,-0.027,0.004,0.033,-0.14,0.39,9.55,-0.04,0.14,-0.25,-0.1,0.24,9.8,1.7275,1.25,0.0,0.0,5.0,8.0,1016.71,66.83,-13.96
2025-03-24 18:44:08.883000+00:00,58.03678059999843,,,,335.938,-0.688,-1.25,23.0,-135.5,-5.25,-11.062,-0.027,0.004,0.033,-0.14,0.39,9.55,-0.04,0.14,-0.25,-0.1,0.24,9.8,1.7275,-1.25,0.0,0.0,5.0,8.0,1016.71,66.83,-13.96
2025-03-24 18:44:09.989000+00:00,58.03678059999843,,,,335.938,-0.688,-1.25,23.0,-135.5,-5.25,-11.062,-0.027,0.004,0.033,-0.14,0.39,9.55,-0.04,0.14,-0.25,-0.1,0.24,9.8,1.7275,0.0,0.0,0.0,5.0,8.0,1016.71,66.83,-13.96
2025-03-24 18:44:11.112000+00:00,58.03678059999843,,,,335.938,-0.688,-1.25,23.0,-135.5,-5.25,-11.062,-0.027,0.004,0.033,-0.14,0.39,9.55,-0.04,0.14,-0.25,-0.1,0.24,9.8,1.7275,3.75,0.0,0.0,5.0,8.0,1016.71,66.83,-13.96
2025-03-24 18:44:12.262000+00:00,58.03678059999843,,,,335.938,-0.688,-1.25,23.0,-135.5,-5.25,-11.062,-0.027,0.004,0.033,-0.14,0.39,9.55,-0.04,0.14,-0.25,-0.1,0.24,9.8,1.7275,1.25,0.0,0.0,5.0,8.0,1016.71,66.83,-13.96
2025-03-24 18:44:12.922000+00:00,58.03678059999843,,,,335.938,-0.688,-1.25,23.0,-135.5,-5.25,-11.062,-0.027,0.004,0.033,-0.14,0.39,9.55,-0.04,0.14,-0.25,-0.1,0.24,9.8,1.7275,0.0,0.0,0.0,5.0,8.0,1016.71,66.83,-13.96
2025-03-24 18:44:13.962000+00:00,58.03678059999843,,,,335.938,-0.688,-1.25,23.0,-135.5,-5.25,-11.062,-0.027,0.004,0.033,-0.14,0.39,9.55,-0.04,0.14,-0.25,-0.1,0.24,9.8,1.7275,1.25,0.0,0.0,5.0,8.0,1016.71,66.83,-13.96
2025-03-24 18:44:14.932000+00:00,58.03678059999843,,,,335.938,-0.688,-1.25,23.0,-135.5,-5.25,-11.062,-0.027,0.004,0.033,-0.14,0.39,9.55,-0.04,0.14,-0.25,-0.1,0.24,9.8,1.7275,0.0,0.0,0.0,5.0,8.0,1016.71,66.83,-13.96
2025-03-24 18:44:15.960000+00:00,58.03678059999843,,,,335.938,-0.688,-1.25,23.0,-135.5,-5.25,-11.062,-0.027,0.004,0.033,-0.14,0.39,9.55,-0.04,0.14,-0.25,-0.1,0.24,9.8,1.7275,1.25,0.0,0.0,5.0,8.0,1016.71,66.83,-13.96
2025-03-24 18:44:16.939000+00:00,58.03678059999843,,,,335.938,-0.688,-1.25,23.0,-135.5,-5.25,-11.062,-0.027,0.004,0.033,-0.14,0.39,9.55,-0.04,0.14,-0.25,-0.1,0.24,9.8,1.7275,0.0,0.0,0.0,5.0,8.0,1016.71,66.83,-13.96
2025-03-24 18:44:17.993000+00:00,58.03678059999843,,,,335.938,-0.688,-1.25,23.0,-135.5,-5.25,-11.062,-0.027,0.004,0.033,-0.14,0.39,9.55,-0.04,0.14,-0.25,-0.1,0.24,9.8,1.7275,0.0,0.0,0.0,5.0,8.0,1016.71,66.83,-13.96
2025-03-24 18:44:19.147000+00:00,58.03678059999843,,,,335.938,-0.688,-1.25,23.0,-135.5,-5.25,-11.062,-0.027,0.004,0.033,-0.14,0.39,9.55,-0.04,0.14,-0.25,-0.1,0.24,9.8,1.7275,0.0,0.0,0.0,5.0,8.0,1016.71,66.83,-13.96
2025-03-24 18:44:20.221000+00:00,58.03678059999843,,,,335.938,-0.688,-1.25,23.0,-135.5,-5.25,-11.062,-0.027,0.004,0.033,-0.14,0.39,9.55,-0.04,0.14,-0.25,-0.1,0.24,9.8,1.7275,1.25,0.0,0.0,5.0,8.0,1016.71,66.83,-13.96
2025-03-24 18:44:21.311000+00:00,58.03678059999843,,,,335.938,-0.688,-1.25,23.0,-135.5,-5.25,-11.062,-0.027,0.004,0.033,-0.14,0.39,9.55,-0.04,0.14,-0.25,-0.1,0.24,9.8,1.7275,0.0,0.0,0.0,5.0,8.0,1016.71,66.83,-13.96
2025-03-24 18:44:22.022000+00:00,58.03678059999843,,,,335.938,-0.688,-1.25,23.0,-135.5,-5.25,-11.062,-0.027,0.004,0.033,-0.14,0.39,9.55,-0.04,0.14,-0.25,-0.1,0.24,9.8,1.7275,-1.25,0.0,0.0,5.0,8.0,1016.71,66.83,-13.96
2025-03-24 18:44:23.069000+00:00,58.03678059999843,,,,335.938,-0.688,-1.25,23.0,-135.5,-5.25,-11.062,-0.027,0.004,0.033,-0.14,0.39,9.55,-0.04,0.14,-0.25,-0.1,0.24,9.8,1.7275,0.0,0.0,0.0,5.0,8.0,1016.71,66.83,-13.96
2025-03-24 18:44:24.001000+00:00,58.03678059999843,,,,335.938,-0.688,-1.25,23.0,-135.5,-5.25,-11.062,-0.027,0.004,0.033,-0.14,0.39,9.55,-0.04,0.14,-0.25,-0.1,0.24,9.8,1.7275,2.5,0.0,0.0,5.0,8.0,1016.71,66.83,-13.96
2025-03-24 18:44:25.044000+00:00,58.03678059999843,,,,335.938,-0.688,-1.25,23.0,-135.5,-5.25,-11.062,-0.027,0.004,0.033,-0.14,0.39,9.55,-0.04,0.14,-0.25,-0.1,0.24,9.8,1.7275,2.5,0.0,0.0,5.0,8.0,1016.71,66.83,-13.96
2025-03-24 18:44:25.971000+00:00,58.03678059999843,,,,335.938,-0.688,-1.25,23.0,-135.5,-5.25,-11.062,-0.027,0.004,0.033,-0.14,0.39,9.55,-0.04,0.14,-0.25,-0.1,0.24,9.8,1.7275,0.0,0.0,0.0,5.0,8.0,1016.71,66.83,-13.96
2025-03-24 18:44:26.686000+00:00,58.03678059999843,,,,335.938,-0.688,-1.25,23.0,-135.5,-5.25,-11.062,-0.027,0.004,0.033,-0.14,0.39,9.55,-0.04,0.14,-0.25,-0.1,0.24,9.8,1.7275,1.25,0.0,0.0,5.0,8.0,1016.71,66.83,-13.96
2025-03-24 18:44:27.731000+00:00,58.03678059999843,,,,335.938,-0.688,-1.25,23.0,-135.5,-5.25,-11.062,-0.027,0.004,0.033,-0.14,0.39,9.55,-0.04,0.14,-0.25,-0.1,0.24,9.8,1.7275,0.0,0.0,0.0,5.0,8.0,1016.71,66.83,-13.96
2025-03-24 18:44:28.760000+00:00,58.03678059999843,,,,335.938,-0.688,-1.25,23.0,-135.5,-5.25,-11.062,-0.027,0.004,0.033,-0.14,0.39,9.55,-0.04,0.14,-0.25,-0.1,0.24,9.8,1.7275,1.25,0.0,0.0,5.0,8.0,1016.71,66.83,-13.96
2025-03-24 18:44:29.820000+00:00,58.03678059999843,,,,335.938,-0.688,-1.25,23.0,-135.5,-5.25,-11.062,-0.027,0.004,0.033,-0.14,0.39,9.55,-0.04,0.14,-0.25,-0.1,0.24,9.8,1.7275,1.25,0.0,0.0,5.0,8.0,1016.71,66.83,-13.96
2025-03-24 18:44:30.940000+00:00,58.03678059999843,,,,335.938,-0.688,-1.25,23.0,-135.5,-5.25,-11.062,-0.027,0.004,0.033,-0.14,0.39,9.55,-0.04,0.14,-0.25,-0.1,0.24,9.8,1.7275,0.0,0.0,0.0,5.0,8.0,1016.71,66.83,-13.96
2025-03-24 18:44:31.704000+00:00,58.03678059999843,,,,335.938,-0.688,-1.25,23.0,-135.5,-5.25,-11.062,-0.027,0.004,0.033,-0.14,0.39,9.55,-0.04,0.14,-0.25,-0.1,0.24,9.8,1.7275,0.0,0.0,0.0,5.0,8.0,1016.71,66.83,-13.96
2025-03-24 18:43:31.942000+00:00,58.03678059999843,,,,335.938,-0.688,-1.25,23.0,-135.5,-5.25,-11.062,-0.027,0.004,0.033,-0.14,0.39,9.55,-0.04,0.14,-0.25,-0.1,0.24,9.8,1.7275,0.0,0.0,0.0,5.0,8.0,1016.71,66.83,-13.96
2025-03-24 18:43:32.992000+00:00,58.03678059999843,,,,335.938,-0.688,-1.25,23.0,-135.5,-5.25,-11.062,-0.027,0.004,0.033,-0.14,0.39,9.55,-0.04,0.14,-0.25,-0.1,0.24,9.8,1.7275,0.0,0.0,0.0,5.0,8.0,1016.71,66.83,-13.96
2025-03-24 18:43:33.997000+00:00,58.03678059999843,,,,335.938,-0.688,-1.25,23.0,-135.5,-5.25,-11.062,-0.027,0.004,0.033,-0.14,0.39,9.55,-0.04,0.14,-0.25,-0.1,0.24,9.8,1.7275,0.0,0.0,0.0,5.0,8.0,1016.71,66.83,-13.96
2025-03-24 18:43:35.027000+00:00,58.03678059999843,,,,335.938,-0.688,-1.25,23.0,-135.5,-5.25,-11.062,-0.027,0.004,0.033,-0.14,0.39,9.55,-0.04,0.14,-0.25,-0.1,0.24,9.8,1.7275,0.0,0.0,0.0,5.0,8.0,1016.71,66.83,-13.96
2025-03-24 18:43:35.771000+00:00,58.03678059999843,,,,335.938,-0.688,-1.25,23.0,-135.5,-5.25,-11.062,-0.027,0.004,0.033,-0.14,0.39,9.55,-0.04,0.14,-0.25,-0.1,0.24,9.8,1.7275,0.0,0.0,0.0,5.0,8.0,1016.71,66.83,-13.96
2025-03-24 18:43:36.715000+00:00,58.03678059999843,,,,335.938,-0.688,-1.25,23.0,-135.5,-5.25,-11.062,-0.027,0.004,0.033,-0.14,0.39,9.55,-0.04,0.14,-0.25,-0.1,0.24,9.8,1.7275,0.0,0.0,0.0,5.0,8.0,1016.71,66.83,-13.96
2025-03-24 18:43:37.675000+00:00,58.03678059999843,,,,335.938,-0.688,-1.25,23.0,-135.5,-5.25,-11.062,-0.027,0.004,0.033,-0.14,0.39,9.55,-0.04,0.14,-0.25,-0.1,0.24,9.8,1.7275,0.0,0.0,0.0,5.0,8.0,1016.71,66.83,-13.96
2025-03-24 18:43:38.696000+00:00,58.03678059999843,,,,335.938,-0.688,-1.25,23.0,-135.5,-5.25,-11.062,-0.027,0.004,0.033,-0.14,0.39,9.55,-0.04,0.14,-0.25,-0.1,0.24,9.8,1.7275,0.0,0.0,0.0,5.0,8.0,1016.71,66.83,-13.96
2025-03-24 18:43:40.011000+00:00,58.03678059999843,,,,335.938,-0.688,-1.25,23.0,-135.5,-5.25,-11.062,-0.027,0.004,0.033,-0.14,0.39,9.55,-0.04,0.14,-0.25,-0.1,0.24,9.8,1.7275,0.0,0.0,0.0,5.0,8.0,1016.71,66.83,-13.96
2025-03-24 18:43:41.021000+00:00,58.03678059999843,,,,335.938,-0.688,-1.25,23.0,-135.5,-5.25,-11.062,-0.027,0.004,0.033,-0.14,0.39,9.55,-0.04,0.14,-0.25,-0.1,0.24,9.8,1.7275,0.0,0.0,0.0,5.0,8.0,1016.71,66.83,-13.96
2025-03-24 18:43:41.706000+00:00,58.03678059999843,,,,335.938,-0.688,-1.25,23.0,-135.5,-5.25,-11.062,-0.027,0.004,0.033,-0.14,0.39,9.55,-0.04,0.14,-0.25,-0.1,0.24,9.8,1.7275,0.0,0.0,0.0,5.0,8.0,1016.71,66.83,-13.96
2025-03-24 18:43:42.746000+00:00,58.03678059999843,,,,335.938,-0.688,-1.25,23.0,-135.5,-5.25,-11.062,-0.027,0.004,0.033,-0.14,0.39,9.55,-0.04,0.14,-0.25,-0.1,0.24,9.8,1.7275,0.0,0.0,0.0,5.0,8.0,1016.71,66.83,-13.96
2025-03-24 18:43:43.744000+00:00,58.03678059999843,,,,335.938,-0.688,-1.25,23.0,-135.5,-5.25,-11.062,-0.027,0.004,0.033,-0.14,0.39,9.55,-0.04,0.14,-0.25,-0.1,0.24,9.8,1.7275,0.0,0.0,0.0,5.0,8.0,1016.71,66.83,-13.96
2025-03-24 18:43:44.785000+00:00,58.03678059999843,,,,335.938,-0.688,-1.25,23.0,-135.5,-5.25,-11.062,-0.027,0.004,0.033,-0.14,0.39,9.55,-0.04,0.14,-0.25,-0.1,0.24,9.8,1.7275,0.0,0.0,0.0,5.0,8.0,1016.71,66.83,-13.96
2025-03-24 18:43:45.828000+00:00,58.03678059999843,,,,335.938,-0.688,-1.25,23.0,-135.5,-5.25,-11.062,-0.027,0.004,0.033,-0.14,0.39,9.55,-0.04,0.14,-0.25,-0.1,0.24,9.8,1.7275,0.0,0.0,0.0,5.0,8.0,1016.71,66.83,-13.96
2025-03-24 18:43:46.821000+00:00,58.03678059999843,,,,335.938,-0.688,-1.25,23.0,-135.5,-5.25,-11.062,-0.027,0.004,0.033,-0.14,0.39,9.55,-0.04,0.14,-0.25,-0.1,0.24,9.8,1.7275,0.0,0.0,0.0,5.0,8.0,1016.71,66.83,-13.96
2025-03-24 18:43:47.776000+00:00,58.03678059999843,,,,335.938,-0.688,-1.25,23.0,-135.5,-5.25,-11.062,-0.027,0.004,0.033,-0.14,0.39,9.55,-0.04,0.14,-0.25,-0.1,0.24,9.8,1.7275,0.0,0.0,0.0,5.0,8.0,1016.71,66.83,-13.96
2025-03-24 18:43:48.908000+00:00,58.03678059999843,,,,335.938,-0.688,-1.25,23.0,-135.5,-5.25,-11.062,-0.027,0.004,0.033,-0.14,0.39,9.55,-0.04,0.14,-0.25,-0.1,0.24,9.8,1.7275,0.0,0.0,0.0,5.0,8.0,1016.71,66.83,-13.96
2025-03-24 18:43:49.971000+00:00,58.03678059999843,,,,335.938,-0.688,-1.25,23.0,-135.5,-5.25,-11.062,-0.027,0.004,0.033,-0.14,0.39,9.55,-0.04,0.14,-0.25,-0.1,0.24,9.8,1.7275,0.0,10.0,0.0,5.0,8.0,1016.71,66.83,-13.96
2025-03-24 18:43:50.864000+00:00,58.03678059999843,,,,335.938,-0.688,-1.25,23.0,-135.5,-5.25,-11.062,-0.027,0.004,0.033,-0.14,0.39,9.55,-0.04,0.14,-0.25,-0.1,0.24,9.8,1.7275,0.0,0.0,0.0,5.0,8.0,1016.71,66.83,-13.96
2025-03-24 18:43:51.954000+00:00,58.03678059999843,,,,335.938,-0.688,-1.25,23.0,-135.5,-5.25,-11.062,-0.027,0.004,0.033,-0.14,0.39,9.55,-0.04,0.14,-0.25,-0.1,0.24,9.8,1.7275,0.0,0.0,0.0,5.0,8.0,1016.71,66.83,-13.96
2025-03-24 18:43:53.065000+00:00,58.03678059999843,,,,335.938,-0.688,-1.25,23.0,-135.5,-5.25,-11.062,-0.027,0.004,0.033,-0.14,0.39,9.55,-0.04,0.14,-0.25,-0.1,0.24,9.8,1.7275,0.0,0.0,0.0,5.0,8.0,1016.71,66.83,-13.96
2025-03-24 18:43:54.120000+00:00,58.03678059999843,,,,335.938,-0.688,-1.25,23.0,-135.5,-5.25,-11.062,-0.027,0.004,0.033,-0.14,0.39,9.55,-0.04,0.14,-0.25,-0.1,0.24,9.8,1.7275,0.0,0.0,0.0,5.0,8.0,1016.71,66.83,-13.96
2025-03-24 18:43:55.184000+00:00,58.03678059999843,,,,335.938,-0.688,-1.25,23.0,-135.5,-5.25,-11.062,-0.027,0.004,0.033,-0.14,0.39,9.55,-0.04,0.14,-0.25,-0.1,0.24,9.8,1.7275,0.0,0.0,0.0,5.0,8.0,1016.71,66.83,-13.96
2025-03-24 18:43:56.166000+00:00,58.03678059999843,,,,335.938,-0.688,-1.25,23.0,-135.5,-5.25,-11.062,-0.027,0.004,0.033,-0.14,0.39,9.55,-0.04,0.14,-0.25,-0.1,0.24,9.8,1.7275,0.0,0.0,0.0,5.0,8.0,1016.71,66.83,-13.96
2025-03-24 18:43:56.853000+00:00,58.03678059999843,,,,335.938,-0.688,-1.25,23.0,-135.5,-5.25,-11.062,-0.027,0.004,0.033,-0.14,0.39,9.55,-0.04,0.14,-0.25,-0.1,0.24,9.8,1.7275,0.0,0.0,0.0,5.0,8.0,1016.71,66.83,-13.96
2025-03-24 18:43:57.900000+00:00,58.03678059999843,,,,335.938,-0.688,-1.25,23.0,-135.5,-5.25,-11.062,-0.027,0.004,0.033,-0.14,0.39,9.55,-0.04,0.14,-0.25,-0.1,0.24,9.8,1.7275,0.0,0.0,0.0,5.0,8.0,1016.71,66.83,-13.96
2025-03-24 18:43:58.929000+00:00,58.03678059999843,,,,335.938,-0.688,-1.25,23.0,-135.5,-5.25,-11.062,-0.027,0.004,0.033,-0.14,0.39,9.55,-0.04,0.14,-0.25,-0.1,0.24,9.8,1.7275,0.0,0.0,0.0,5.0,8.0,1016.71,66.83,-13.96
2025-03-24 18:43:59.873000+00:00,58.03678059999843,,,,335.938,-0.688,-1.25,23.0,-135.5,-5.25,-11.062,-0.027,0.004,0.033,-0.14,0.39,9.55,-0.04,0.14,-0.25,-0.1,0.24,9.8,1.7275,0.0,0.0,0.0,5.0,8.0,1016.71,66.83,-13.96
2025-03-24 18:44:00.954000+00:00,58.03678059999843,,,,335.938,-0.688,-1.25,23.0,-135.5,-5.25,-11.062,-0.027,0.004,0.033,-0.14,0.39,9.55,-0.04,0.14,-0.25,-0.1,0.24,9.8,1.7275,0.0,0.0,0.0,5.0,8.0,1016.71,66.83,-13.96
2025-03-24 18:44:01.963000+00:00,58.03678059999843,,,,335.938,-0.688,-1.25,23.0,-135.5,-5.25,-11.062,-0.027,0.004,0.033,-0.14,0.39,9.55,-0.04,0.14,-0.25,-0.1,0.24,9.8,1.7275,0.0,0.0,0.0,5.0,8.0,1016.71,66.83,-13.96
2025-03-24 18:44:02.923000+00:00,58.03678059999843,,,,335.938,-0.688,-1.25,23.0,-135.5,-5.25,-11.062,-0.027,0.004,0.033,-0.14,0.39,9.55,-0.04,0.14,-0.25,-0.1,0.24,9.8,1.7275,0.0,0.0,0.0,5.0,8.0,1016.71,66.83,-13.96
2025-03-24 18:44:04.034000+00:00,58.03678059999843,,,,335.938,-0.688,-1.25,23.0,-135.5,-5.25,-11.062,-0.027,0.004,0.033,-0.14,0.39,9.55,-0.04,0.14,-0.25,-0.1,0.24,9.8,1.7275,0.0,0.0,0.0,5.0,8.0,1016.71,66.83,-13.96
2025-03-24 18:44:05.193000+00:00,58.03678059999843,,,,335.938,-0.688,-1.25,23.0,-135.5,-5.25,-11.062,-0.027,0.004,0.033,-0.14,0.39,9.55,-0.04,0.14,-0.25,-0.1,0.24,9.8,1.7275,0.0,0.0,0.0,5.0,8.0,1016.71,66.83,-13.96
2025-03-24 18:44:06.232000+00:00,58.03678059999843,,,,335.938,-0.688,-1.25,23.0,-135.5,-5.25,-11.062,-0.027,0.004,0.033,-0.14,0.39,9.55,-0.04,0.14,-0.25,-0.1,0.24,9.8,1.7275,0.0,0.0,0.0,5.0,8.0,1016.71,66.83,-13.96
2025-03-24 18:44:06.983000+00:00,58.03678059999843,,,,335.938,-0.688,-1.25,23.0,-135.5,-5.25,-11.062,-0.027,0.004,0.033,-0.14,0.39,9.55,-0.04,0.14,-0.25,-0.1,0.24,9.8,1.7275,0.0,0.0,0.0,5.0,8.0,1016.71,66.83,-13.96
2025-03-24 18:44:07.973000+00:00,58.03678059999843,,,,335.938,-0.688,-1.25,23.0,-135.5,-5.25,-11.062,-0.027,0.004,0.033,-0.14,0.39,9.55,-0.04,0.14,-0.25,-0.1,0.24,9.8,1.7275,0.0,0.0,0.0,5.0,8.0,1016.71,66.83,-13.96
2025-03-24 18:44:08.992000+00:00,58.03678059999843,,,,335.938,-0.688,-1.25,23.0,-135.5,-5.25,-11.062,-0.027,0.004,0.033,-0.14,0.39,9.55,-0.04,0.14,-0.25,-0.1,0.24,9.8,1.7275,0.0,0.0,0.0,5.0,8.0,1016.71,66.83,-13.96
2025-03-24 18:44:10.093000+00:00,58.03678059999843,,,,335.938,-0.688,-1.25,23.0,-135.5,-5.25,-11.062,-0.027,0.004,0.033,-0.14,0.39,9.55,-0.04,0.14,-0.25,-0.1,0.24,9.8,1.7275,0.0,0.0,0.0,5.0,8.0,1016.71,66.83,-13.96
2025-03-24 18:44:11.223000+00:00,58.03678059999843,,,,335.938,-0.688,-1.25,23.0,-135.5,-5.25,-11.062,-0.027,0.004,0.033,-0.14,0.39,9.55,-0.04,0.14,-0.25,-0.1,0.24,9.8,1.7275,0.0,10.0,0.0,5.0,8.0,1016.71,66.83,-13.96
2025-03-24 18:44:12.372000+00:00,58.03678059999843,,,,335.938,-0.688,-1.25,23.0,-135.5,-5.25,-11.062,-0.027,0.004,0.033,-0.14,0.39,9.55,-0.04,0.14,-0.25,-0.1,0.24,9.8,1.7275,0.0,0.0,0.0,5.0,8.0,1016.71,66.83,-13.96
2025-03-24 18:44:13.038000+00:00,58.03678059999843,,,,335.938,-0.688,-1.25,23.0,-135.5,-5.25,-11.062,-0.027,0.004,0.033,-0.14,0.39,9.55,-0.04,0.14,-0.25,-0.1,0.24,9.8,1.7275,0.0,0.0,0.0,5.0,8.0,1016.71,66.83,-13.96
2025-03-24 18:44:14.068000+00:00,58.03678059999843,,,,335.938,-0.688,-1.25,23.0,-135.5,-5.25,-11.062,-0.027,0.004,0.033,-0.14,0.39,9.55,-0.04,0.14,-0.25,-0.1,0.24,9.8,1.7275,0.0,0.0,0.0,5.0,8.0,1016.71,66.83,-13.96
2025-03-24 18:44:15.042000+00:00,58.03678059999843,,,,335.938,-0.688,-1.25,23.0,-135.5,-5.25,-11.062,-0.027,0.004,0.033,-0.14,0.39,9.55,-0.04,0.14,-0.25,-0.1,0.24,9.8,1.7275,0.0,0.0,0.0,5.0,8.0,1016.71,66.83,-13.96
2025-03-24 18:44:16.068000+00:00,58.03678059999843,,,,335.938,-0.688,-1.25,23.0,-135.5,-5.25,-11.062,-0.027,0.004,0.033,-0.14,0.39,9.55,-0.04,0.14,-0.25,-0.1,0.24,9.8,1.7275,0.0,0.0,0.0,5.0,8.0,1016.71,66.83,-13.96
2025-03-24 18:44:17.054000+00:00,58.03678059999843,,,,335.938,-0.688,-1.25,23.0,-135.5,-5.25,-11.062,-0.027,0.004,0.033,-0.14,0.39,9.55,-0.04,0.14,-0.25,-0.1,0.24,9.8,1.7275,0.0,0.0,0.0,5.0,8.0,1016.71,66.83,-13.96
2025-03-24 18:44:18.098000+00:00,58.03678059999843,,,,335.938,-0.688,-1.25,23.0,-135.5,-5.25,-11.062,-0.027,0.004,0.033,-0.14,0.39,9.55,-0.04,0.14,-0.25,-0.1,0.24,9.8,1.7275,0.0,0.0,0.0,5.0,8.0,1016.71,66.83,-13.96
2025-03-24 18:44:19.252000+00:00,58.03678059999843,,,,335.938,-0.688,-1.25,23.0,-135.5,-5.25,-11.062,-0.027,0.004,0.033,-0.14,0.39,9.55,-0.04,0.14,-0.25,-0.1,0.24,9.8,1.7275,0.0,0.0,0.0,5.0,8.0,1016.71,66.83,-13.96
2025-03-24 18:44:20.320000+00:00,58.03678059999843,,,,335.938,-0.688,-1.25,23.0,-135.5,-5.25,-11.062,-0.027,0.004,0.033,-0.14,0.39,9.55,-0.04,0.14,-0.25,-0.1,0.24,9.8,1.7275,0.0,0.0,0.0,5.0,8.0,1016.71,66.83,-13.96
2025-03-24 18:44:21.423000+00:00,58.03678059999843,,,,335.938,-0.688,-1.25,23.0,-135.5,-5.25,-11.062,-0.027,0.004,0.033,-0.14,0.39,9.55,-0.04,0.14,-0.25,-0.1,0.24,9.8,1.7275,0.0,0.0,0.0,5.0,8.0,1016.71,66.83,-13.96
2025-03-24 18:44:22.131000+00:00,58.03678059999843,,,,335.938,-0.688,-1.25,23.0,-135.5,-5.25,-11.062,-0.027,0.004,0.033,-0.14,0.39,9.55,-0.04,0.14,-0.25,-0.1,0.24,9.8,1.7275,0.0,0.0,0.0,5.0,8.0,1016.71,66.83,-13.96
2025-03-24 18:44:23.171000+00:00,58.03678059999843,,,,335.938,-0.688,-1.25,23.0,-135.5,-5.25,-11.062,-0.027,0.004,0.033,-0.14,0.39,9.55,-0.04,0.14,-0.25,-0.1,0.24,9.8,1.7275,0.0,0.0,0.0,5.0,8.0,1016.71,66.83,-13.96
2025-03-24 18:44:24.102000+00:00,58.03678059999843,,,,335.938,-0.688,-1.25,23.0,-135.5,-5.25,-11.062,-0.027,0.004,0.033,-0.14,0.39,9.55,-0.04,0.14,-0.25,-0.1,0.24,9.8,1.7275,0.0,0.0,0.0,5.0,8.0,1016.71,66.83,-13.96
2025-03-24 18:44:25.141000+00:00,58.03678059999843,,,,335.938,-0.688,-1.25,23.0,-135.5,-5.25,-11.062,-0.027,0.004,0.033,-0.14,0.39,9.55,-0.04,0.14,-0.25,-0.1,0.24,9.8,1.7275,0.0,0.0,0.0,5.0,8.0,1016.71,66.83,-13.96
2025-03-24 18:44:26.076000+00:00,58.03678059999843,,,,335.938,-0.688,-1.25,23.0,-135.5,-5.25,-11.062,-0.027,0.004,0.033,-0.14,0.39,9.55,-0.04,0.14,-0.25,-0.1,0.24,9.8,1.7275,0.0,0.0,0.0,5.0,8.0,1016.71,66.83,-13.96
2025-03-24 18:44:26.791000+00:00,58.03678059999843,,,,335.938,-0.688,-1.25,23.0,-135.5,-5.25,-11.062,-0.027,0.004,0.033,-0.14,0.39,9.55,-0.04,0.14,-0.25,-0.1,0.24,9.8,1.7275,0.0,0.0,0.0,5.0,8.0,1016.71,66.83,-13.96
2025-03-24 18:44:27.840000+00:00,58.03678059999843,,,,335.938,-0.688,-1.25,23.0,-135.5,-5.25,-11.062,-0.027,0.004,0.033,-0.14,0.39,9.55,-0.04,0.14,-0.25,-0.1,0.24,9.8,1.7275,0.0,0.0,0.0,5.0,8.0,1016.71,66.83,-13.96
2025-03-24 18:44:28.860000+00:00,58.03678059999843,,,,335.938,-0.688,-1.25,23.0,-135.5,-5.25,-11.062,-0.027,0.004,0.033,-0.14,0.39,9.55,-0.04,0.14,-0.25,-0.1,0.24,9.8,1.7275,0.0,0.0,0.0,5.0,8.0,1016.71,66.83,-13.96
2025-03-24 18:44:30.331000+00:00,58.03678059999843,,,,335.938,-0.688,-1.25,23.0,-135.5,-5.25,-11.062,-0.027,0.004,0.033,-0.14,0.39,9.55,-0.04,0.14,-0.25,-0.1,0.24,9.8,1.7275,0.0,0.0,0.0,5.0,8.0,1016.71,66.83,-13.96
2025-03-24 18:44:31.040000+00:00,58.03678059999843,,,,335.938,-0.688,-1.25,23.0,-135.5,-5.25,-11.062,-0.027,0.004,0.033,-0.14,0.39,9.55,-0.04,0.14,-0.25,-0.1,0.24,9.8,1.7275,0.0,0.0,0.0,5.0,8.0,1016.71,66.83,-13.96
2025-03-24 18:44:31.802000+00:00,58.03678059999843,,,,335.938,-0.688,-1.25,23.0,-135.5,-5.25,-11.062,-0.027,0.004,0.033,-0.14,0.39,9.55,-0.04,0.14,-0.25,-0.1,0.24,9.8,1.7275,0.0,0.0,0.0,5.0,8.0,1016.71,66.83,-13.96
2025-03-24 18:43:33.050000+00:00,58.03678059999843,,,,335.938,-0.688,-1.25,23.0,-135.5,-5.25,-11.062,-0.027,0.004,0.033,-0.14,0.39,9.55,-0.04,0.14,-0.25,-0.1,0.24,9.8,1.7275,0.0,0.0,0.0,5.0,8.0,1016.71,66.83,-13.96
2025-03-24 18:43:37.781000+00:00,58.03678059999843,,,,335.938,-0.688,-1.25,23.0,-135.5,-5.25,-11.062,-0.027,0.004,0.033,-0.14,0.39,9.55,-0.04,0.14,-0.25,-0.1,0.24,9.8,1.7275,0.0,0.0,0.0,5.0,8.0,1016.71,66.83,-13.96
2025-03-24 18:43:42.795000+00:00,58.03678059999843,,,,335.938,-0.688,-1.25,23.0,-135.5,-5.25,-11.062,-0.027,0.004,0.033,-0.14,0.39,9.55,-0.04,0.14,-0.25,-0.1,0.24,9.8,1.7275,0.0,0.0,0.0,5.0,8.0,1016.71,66.83,-13.96
2025-03-24 18:43:47.898000+00:00,58.03678059999843,,,,335.938,-0.688,-1.25,23.0,-135.5,-5.25,-11.062,-0.027,0.004,0.033,-0.14,0.39,9.55,-0.04,0.14,-0.25,-0.1,0.24,9.8,1.7275,0.0,0.0,0.0,5.0,8.0,1016.71,66.83,-13.96
2025-03-24 18:43:53.113000+00:00,58.03678059999843,,,,335.938,-0.688,-1.25,23.0,-135.5,-5.25,-11.062,-0.027,0.004,0.033,-0.14,0.39,9.55,-0.04,0.14,-0.25,-0.1,0.24,9.8,1.7275,0.0,0.0,0.0,5.0,8.0,1016.71,66.83,-13.96
2025-03-24 18:43:57.960000+00:00,58.03678059999843,,,,335.938,-0.688,-1.25,23.0,-135.5,-5.25,-11.062,-0.027,0.004,0.033,-0.14,0.39,9.55,-0.04,0.14,-0.25,-0.1,0.24,9.8,1.7275,0.0,0.0,0.0,5.0,8.0,1016.71,66.83,-13.96
2025-03-24 18:44:02.985000+00:00,58.03678059999843,,,,335.938,-0.688,-1.25,23.0,-135.5,-5.25,-11.062,-0.027,0.004,0.033,-0.14,0.39,9.55,-0.04,0.14,-0.25,-0.1,0.24,9.8,1.7275,0.0,0.0,0.0,5.0,8.0,1016.71,66.83,-13.96
2025-03-24 18:44:08.028000+00:00,58.03678059999843,,,,335.938,-0.688,-1.25,23.0,-135.5,-5.25,-11.062,-0.027,0.004,0.033,-0.14,0.39,9.55,-0.04,0.14,-0.25,-0.1,0.24,9.8,1.7275,0.0,0.0,0.0,5.0,8.0,1016.71,66.83,-13.96
2025-03-24 18:44:13.096000+00:00,58.03678059999843,,,,335.938,-0.688,-1.25,23.0,-135.5,-5.25,-11.062,-0.027,0.004,0.033,-0.14,0.39,9.55,-0.04,0.14,-0.25,-0.1,0.24,9.8,1.7275,0.0,0.0,0.0,5.0,8.0,1016.71,66.83,-13.96
2025-03-24 18:44:18.151000+00:00,58.03678059999843,,,,335.938,-0.688,-1.25,23.0,-135.5,-5.25,-11.062,-0.027,0.004,0.033,-0.14,0.39,9.55,-0.04,0.14,-0.25,-0.1,0.24,9.8,1.7275,0.0,0.0,0.0,5.0,8.0,1016.71,66.83,-13.96
2025-03-24 18:44:22.641000+00:00,58.03678059999843,,,,335.938,-0.688,-1.25,23.0,-135.5,-5.25,-11.062,-0.027,0.004,0.033,-0.14,0.39,9.55,-0.04,0.14,-0.25,-0.1,0.24,9.8,1.7275,0.0,0.0,0.0,5.0,8.0,1016.71,66.83,-13.96
2025-03-24 18:44:27.681000+00:00,58.03678059999843,,,,335.938,-0.688,-1.25,23.0,-135.5,-5.25,-11.062,-0.027,0.004,0.033,-0.14,0.39,9.55,-0.04,0.14,-0.25,-0.1,0.24,9.8,1.7275,0.0,0.0,0.0,5.0,8.0,1016.71,66.83,-13.96
2025-03-24 18:43:32.543000+00:00,58.03678059999843,,,,335.938,-0.688,-1.25,23.0,-135.5,-5.25,-11.062,-0.027,0.004,0.033,-0.14,0.39,9.55,-0.04,0.14,-0.25,-0.1,0.24,9.8,1.7275,0.0,0.0,0.0,5.0,8.0,1016.71,66.83,-13.96
2025-03-24 18:43:33.566000+00:00,58.03678059999843,,,,335.938,-0.688,-1.25,23.0,-135.5,-5.25,-11.062,-0.027,0.004,0.033,-0.14,0.39,9.55,-0.04,0.14,-0.25,-0.1,0.24,9.8,1.7275,0.0,0.0,0.0,5.0,8.0,1016.71,66.83,-13.96
2025-03-24 18:43:34.576000+00:00,58.03678059999843,,,,335.938,-0.688,-1.25,23.0,-135.5,-5.25,-11.062,-0.027,0.004,0.033,-0.14,0.39,9.55,-0.04,0.14,-0.25,-0.1,0.24,9.8,1.7275,0.0,0.0,0.0,5.0,8.0,1016.71,66.83,-13.96
2025-03-24 18:43:35.832000+00:00,58.03678059999843,,,,335.938,-0.688,-1.25,23.0,-135.5,-5.25,-11.062,-0.027,0.004,0.033,-0.14,0.39,9.55,-0.04,0.14,-0.25,-0.1,0.24,9.8,1.7275,0.0,0.0,0.0,5.0,8.0,1016.71,66.83,-13.96
2025-03-24 18:43:36.770000+00:00,58.03678059999843,,,,335.938,-0.688,-1.25,23.0,-135.5,-5.25,-11.062,-0.027,0.004,0.033,-0.14,0.39,9.55,-0.04,0.14,-0.25,-0.1,0.24,9.8,1.7275,0.0,0.0,0.0,5.1,8.0,1016.71,66.83,-13.96
2025-03-24 18:43:37.835000+00:00,58.03678059999843,,,,335.938,-0.688,-1.25,23.0,-135.5,-5.25,-11.062,-0.027,0.004,0.033,-0.14,0.39,9.55,-0.04,0.14,-0.25,-0.1,0.24,9.8,1.7275,0.0,0.0,0.0,5.1,8.0,1016.71,66.83,-13.96
2025-03-24 18:43:39.596000+00:00,58.03678059999843,,,,335.938,-0.688,-1.25,23.0,-135.5,-5.25,-11.062,-0.027,0.004,0.033,-0.14,0.39,9.55,-0.04,0.14,-0.25,-0.1,0.24,9.8,1.7275,0.0,0.0,0.0,5.0,8.0,1016.71,66.83,-13.96
2025-03-24 18:43:40.585000+00:00,58.03678059999843,,,,335.938,-0.688,-1.25,23.0,-135.5,-5.25,-11.062,-0.027,0.004,0.033,-0.14,0.39,9.55,-0.04,0.14,-0.25,-0.1,0.24,9.8,1.7275,0.0,0.0,0.0,5.0,8.0,1016.71,66.83,-13.96
2025-03-24 18:43:41.759000+00:00,58.03678059999843,,,,335.938,-0.688,-1.25,23.0,-135.5,-5.25,-11.062,-0.027,0.004,0.033,-0.14,0.39,9.55,-0.04,0.14,-0.25,-0.1,0.24,9.8,1.7275,0.0,0.0,0.0,5.0,8.0,1016.71,66.83,-13.96
2025-03-24 18:43:42.844000+00:00,58.03678059999843,,,,335.938,-0.688,-1.25,23.0,-135.5,-5.25,-11.062,-0.027,0.004,0.033,-0.14,0.39,9.55,-0.04,0.14,-0.25,-0.1,0.24,9.8,1.7275,0.0,0.0,0.0,4.8,8.0,1016.71,66.83,-13.96
2025-03-24 18:43:43.794000+00:00,58.03678059999843,,,,335.938,-0.688,-1.25,23.0,-135.5,-5.25,-11.062,-0.027,0.004,0.033,-0.14,0.39,9.55,-0.04,0.14,-0.25,-0.1,0.24,9.8,1.7275,0.0,0.0,0.0,4.8,8.0,1016.71,66.83,-13.96
2025-03-24 18:43:44.846000+00:00,58.03678059999843,,,,335.938,-0.688,-1.25,23.0,-135.5,-5.25,-11.062,-0.027,0.004,0.033,-0.14,0.39,9.55,-0.04,0.14,-0.25,-0.1,0.24,9.8,1.7275,0.0,0.0,0.0,4.8,8.0,1016.71,66.83,-13.96
2025-03-24 18:43:45.873000+00:00,58.03678059999843,,,,335.938,-0.688,-1.25,23.0,-135.5,-5.25,-11.062,-0.027,0.004,0.033,-0.14,0.39,9.55,-0.04,0.14,-0.25,-0.1,0.24,9.8,1.7275,0.0,0.0,0.0,4.9,8.0,1016.71,66.83,-13.96
2025-03-24 18:43:46.965000+00:00,58.03678059999843,,,,335.938,-0.688,-1.25,23.0,-135.5,-5.25,-11.062,-0.027,0.004,0.033,-0.14,0.39,9.55,-0.04,0.14,-0.25,-0.1,0.24,9.8,1.7275,0.0,0.0,0.0,4.9,8.0,1016.71,66.83,-13.96
2025-03-24 18:43:48.109000+00:00,58.03678059999843,,,,335.938,-0.688,-1.25,23.0,-135.5,-5.25,-11.062,-0.027,0.004,0.033,-0.14,0.39,9.55,-0.04,0.14,-0.25,-0.1,0.24,9.8,1.7275,0.0,0.0,0.0,5.0,8.0,1016.71,66.83,-13.96
2025-03-24 18:43:49.161000+00:00,58.03678059999843,,,,335.938,-0.688,-1.25,23.0,-135.5,-5.25,-11.062,-0.027,0.004,0.033,-0.14,0.39,9.55,-0.04,0.14,-0.25,-0.1,0.24,9.8,1.7275,0.0,0.0,0.0,5.0,8.0,1016.71,66.83,-13.96
2025-03-24 18:43:50.074000+00:00,58.03678059999843,,,,335.938,-0.688,-1.25,23.0,-135.5,-5.25,-11.062,-0.027,0.004,0.033,-0.14,0.39,9.55,-0.04,0.14,-0.25,-0.1,0.24,9.8,1.7275,0.0,0.0,0.0,5.0,8.0,1016.71,66.83,-13.96
2025-03-24 18:43:51.149000+00:00,58.03678059999843,,,,335.938,-0.688,-1.25,23.0,-135.5,-5.25,-11.062,-0.027,0.004,0.033,-0.14,0.39,9.55,-0.04,0.14,-0.25,-0.1,0.24,9.8,1.7275,0.0,0.0,0.0,4.9,8.0,1016.71,66.83,-13.96
2025-03-24 18:43:52.294000+00:00,58.03678059999843,,,,335.938,-0.688,-1.25,23.0,-135.5,-5.25,-11.062,-0.027,0.004,0.033,-0.14,0.39,9.55,-0.04,0.14,-0.25,-0.1,0.24,9.8,1.7275,0.0,0.0,0.0,4.9,8.0,1016.71,66.83,-13.96
2025-03-24 18:43:53.337000+00:00,58.03678059999843,,,,335.938,-0.688,-1.25,23.0,-135.5,-5.25,-11.062,-0.027,0.004,0.033,-0.14,0.39,9.55,-0.04,0.14,-0.25,-0.1,0.24,9.8,1.7275,0.0,0.0,0.0,4.9,8.0,1016.71,66.83,-13.96
2025-03-24 18:43:54.736000+00:00,58.03678059999843,,,,335.938,-0.688,-1.25,23.0,-135.5,-5.25,-11.062,-0.027,0.004,0.033,-0.14,0.39,9.55,-0.04,0.14,-0.25,-0.1,0.24,9.8,1.7275,0.0,0.0,0.0,4.8,8.0,1016.71,66.83,-13.96
2025-03-24 18:43:55.734000+00:00,58.03678059999843,,,,335.938,-0.688,-1.25,23.0,-135.5,-5.25,-11.062,-0.027,0.004,0.033,-0.14,0.39,9.55,-0.04,0.14,-0.25,-0.1,0.24,9.8,1.7275,0.0,0.0,0.0,4.8,8.0,1016.71,66.83,-13.96
2025-03-24 18:43:56.909000+00:00,58.03678059999843,,,,335.938,-0.688,-1.25,23.0,-135.5,-5.25,-11.062,-0.027,0.004,0.033,-0.14,0.39,9.55,-0.04,0.14,-0.25,-0.1,0.24,9.8,1.7275,0.0,0.0,0.0,4.8,8.0,1016.71,66.83,-13.96
2025-03-24 18:43:58.020000+00:00,58.03678059999843,,,,335.938,-0.688,-1.25,23.0,-135.5,-5.25,-11.062,-0.027,0.004,0.033,-0.14,0.39,9.55,-0.04,0.14,-0.25,-0.1,0.24,9.8,1.7275,0.0,0.0,0.0,5.0,8.0,1016.71,66.83,-13.96
2025-03-24 18:43:58.989000+00:00,58.03678059999843,,,,335.938,-0.688,-1.25,23.0,-135.5,-5.25,-11.062,-0.027,0.004,0.033,-0.14,0.39,9.55,-0.04,0.14,-0.25,-0.1,0.24,9.8,1.7275,0.0,0.0,0.0,5.0,8.0,1016.71,66.83,-13.96
2025-03-24 18:43:59.983000+00:00,58.03678059999843,,,,335.938,-0.688,-1.25,23.0,-135.5,-5.25,-11.062,-0.027,0.004,0.033,-0.14,0.39,9.55,-0.04,0.14,-0.25,-0.1,0.24,9.8,1.7275,0.0,0.0,0.0,5.0,8.0,1016.71,66.83,-13.96
2025-03-24 18:44:01.003000+00:00,58.03678059999843,,,,335.938,-0.688,-1.25,23.0,-135.5,-5.25,-11.062,-0.027,0.004,0.033,-0.14,0.39,9.55,-0.04,0.14,-0.25,-0.1,0.24,9.8,1.7275,0.0,0.0,0.0,5.0,8.0,1016.71,66.83,-13.96
2025-03-24 18:44:02.112000+00:00,58.03678059999843,,,,335.938,-0.688,-1.25,23.0,-135.5,-5.25,-11.062,-0.027,0.004,0.033,-0.14,0.39,9.55,-0.04,0.14,-0.25,-0.1,0.24,9.8,1.7275,0.0,0.0,0.0,5.0,8.0,1016.71,66.83,-13.96
2025-03-24 18:44:03.257000+00:00,58.03678059999843,,,,335.938,-0.688,-1.25,23.0,-135.5,-5.25,-11.062,-0.027,0.004,0.033,-0.14,0.39,9.55,-0.04,0.14,-0.25,-0.1,0.24,9.8,1.7275,0.0,0.0,0.0,5.0,8.0,1016.71,66.83,-13.96
2025-03-24 18:44:04.408000+00:00,58.03678059999843,,,,335.938,-0.688,-1.25,23.0,-135.5,-5.25,-11.062,-0.027,0.004,0.033,-0.14,0.39,9.55,-0.04,0.14,-0.25,-0.1,0.24,9.8,1.7275,0.0,0.0,0.0,5.0,8.0,1016.71,66.83,-13.96
2025-03-24 18:44:05.833000+00:00,58.03678059999843,,,,335.938,-0.688,-1.25,23.0,-135.5,-5.25,-11.062,-0.027,0.004,0.033,-0.14,0.39,9.55,-0.04,0.14,-0.25,-0.1,0.24,9.8,1.7275,0.0,0.0,0.0,5.0,8.0,1016.71,66.83,-13.96
2025-03-24 18:44:07.039000+00:00,58.03678059999843,,,,335.938,-0.688,-1.25,23.0,-135.5,-5.25,-11.062,-0.027,0.004,0.033,-0.14,0.39,9.55,-0.04,0.14,-0.25,-0.1,0.24,9.8,1.7275,0.0,0.0,0.0,5.0,8.0,1016.71,66.83,-13.96
2025-03-24 18:44:08.082000+00:00,58.03678059999843,,,,335.938,-0.688,-1.25,23.0,-135.5,-5.25,-11.062,-0.027,0.004,0.033,-0.14,0.39,9.55,-0.04,0.14,-0.25,-0.1,0.24,9.8,1.7275,0.0,0.0,0.0,5.0,8.0,1016.71,66.83,-13.96
2025-03-24 18:44:09.290000+00:00,58.03678059999843,,,,335.938,-0.688,-1.25,23.0,-135.5,-5.25,-11.062,-0.027,0.004,0.033,-0.14,0.39,9.55,-0.04,0.14,-0.25,-0.1,0.24,9.8,1.7275,0.0,0.0,0.0,5.0,8.0,1016.71,66.83,-13.96
2025-03-24 18:44:10.435000+00:00,58.03678059999843,,,,335.938,-0.688,-1.25,23.0,-135.5,-5.25,-11.062,-0.027,0.004,0.033,-0.14,0.39,9.55,-0.04,0.14,-0.25,-0.1,0.24,9.8,1.7275,0.0,0.0,0.0,5.0,8.0,1016.71,66.83,-13.96
2025-03-24 18:44:11.940000+00:00,58.03678059999843,,,,335.938,-0.688,-1.25,23.0,-135.5,-5.25,-11.062,-0.027,0.004,0.033,-0.14,0.39,9.55,-0.04,0.14,-0.25,-0.1,0.24,9.8,1.7275,0.0,0.0,0.0,5.0,8.0,1016.71,66.83,-13.96
2025-03-24 18:44:13.148000+00:00,58.03678059999843,,,,335.938,-0.688,-1.25,23.0,-135.5,-5.25,-11.062,-0.027,0.004,0.033,-0.14,0.39,9.55,-0.04,0.14,-0.25,-0.1,0.24,9.8,1.7275,0.0,0.0,0.0,5.0,8.0,1016.71,66.83,-13.96
2025-03-24 18:44:14.132000+00:00,58.03678059999843,,,,335.938,-0.688,-1.25,23.0,-135.5,-5.25,-11.062,-0.027,0.004,0.033,-0.14,0.39,9.55,-0.04,0.14,-0.25,-0.1,0.24,9.8,1.7275,0.0,0.0,0.0,5.0,8.0,1016.71,66.83,-13.96
2025-03-24 18:44:15.101000+00:00,58.03678059999843,,,,335.938,-0.688,-1.25,23.0,-135.5,-5.25,-11.062,-0.027,0.004,0.033,-0.14,0.39,9.55,-0.04,0.14,-0.25,-0.1,0.24,9.8,1.7275,0.0,0.0,0.0,5.0,8.0,1016.71,66.83,-13.96
2025-03-24 18:44:16.163000+00:00,58.03678059999843,,,,335.938,-0.688,-1.25,23.0,-135.5,-5.25,-11.062,-0.027,0.004,0.033,-0.14,0.39,9.55,-0.04,0.14,-0.25,-0.1,0.24,9.8,1.7275,0.0,0.0,0.0,5.0,8.0,1016.71,66.83,-13.96
2025-03-24 18:44:17.308000+00:00,58.03678059999843,,,,335.938,-0.688,-1.25,23.0,-135.5,-5.25,-11.062,-0.027,0.004,0.033,-0.14,0.39,9.55,-0.04,0.14,-0.25,-0.1,0.24,9.8,1.7275,0.0,0.0,0.0,5.0,8.0,1016.71,66.83,-13.96
2025-03-24 18:44:18.453000+00:00,58.03678059999843,,,,335.938,-0.688,-1.25,23.0,-135.5,-5.25,-11.062,-0.027,0.004,0.033,-0.14,0.39,9.55,-0.04,0.14,-0.25,-0.1,0.24,9.8,1.7275,0.0,0.0,0.0,5.0,8.0,1016.71,66.83,-13.96
2025-03-24 18:44:19.496000+00:00,58.03678059999843,,,,335.938,-0.688,-1.25,23.0,-135.5,-5.25,-11.062,-0.027,0.004,0.033,-0.14,0.39,9.55,-0.04,0.14,-0.25,-0.1,0.24,9.8,1.7275,0.0,0.0,0.0,5.0,8.0,1016.71,66.83,-13.96
2025-03-24 18:44:21.003000+00:00,58.03678059999843,,,,335.938,-0.688,-1.25,23.0,-135.5,-5.25,-11.062,-0.027,0.004,0.033,-0.14,0.39,9.55,-0.04,0.14,-0.25,-0.1,0.24,9.8,1.7275,0.0,0.0,0.0,5.0,8.0,1016.71,66.83,-13.96
2025-03-24 18:44:22.182000+00:00,58.03678059999843,,,,335.938,-0.688,-1.25,23.0,-135.5,-5.25,-11.062,-0.027,0.004,0.033,-0.14,0.39,9.55,-0.04,0.14,-0.25,-0.1,0.24,9.8,1.7275,0.0,0.0,0.0,5.0,8.0,1016.71,66.83,-13.96
2025-03-24 18:44:23.221000+00:00,58.03678059999843,,,,335.938,-0.688,-1.25,23.0,-135.5,-5.25,-11.062,-0.027,0.004,0.033,-0.14,0.39,9.55,-0.04,0.14,-0.25,-0.1,0.24,9.8,1.7275,0.0,0.0,0.0,5.0,8.0,1016.71,66.83,-13.96
2025-03-24 18:44:24.151000+00:00,58.03678059999843,,,,335.938,-0.688,-1.25,23.0,-135.5,-5.25,-11.062,-0.027,0.004,0.033,-0.14,0.39,9.55,-0.04,0.14,-0.25,-0.1,0.24,9.8,1.7275,0.0,0.0,0.0,5.0,8.0,1016.71,66.83,-13.96
2025-03-24 18:44:25.190000+00:00,58.03678059999843,,,,335.938,-0.688,-1.25,23.0,-135.5,-5.25,-11.062,-0.027,0.004,0.033,-0.14,0.39,9.55,-0.04,0.14,-0.25,-0.1,0.24,9.8,1.7275,0.0,0.0,0.0,5.0,8.0,1016.71,66.83,-13.96
2025-03-24 18:44:26.264000+00:00,58.03678059999843,,,,335.938,-0.688,-1.25,23.0,-135.5,-5.25,-11.062,-0.027,0.004,0.033,-0.14,0.39,9.55,-0.04,0.14,-0.25,-0.1,0.24,9.8,1.7275,0.0,0.0,0.0,5.0,8.0,1016.71,66.83,-13.96
2025-03-24 18:44:27.309000+00:00,58.03678059999843,,,,335.938,-0.688,-1.25,23.0,-135.5,-5.25,-11.062,-0.027,0.004,0.033,-0.14,0.39,9.55,-0.04,0.14,-0.25,-0.1,0.24,9.8,1.7275,0.0,0.0,0.0,5.1,8.0,1016.71,66.83,-13.96
2025-03-24 18:44:28.456000+00:00,58.03678059999843,,,,335.938,-0.688,-1.25,23.0,-135.5,-5.25,-11.062,-0.027,0.004,0.033,-0.14,0.39,9.55,-0.04,0.14,-0.25,-0.1,0.24,9.8,1.7275,0.0,0.0,0.0,5.1,8.0,1016.71,66.83,-13.96
2025-03-24 18:44:29.500000+00:00,58.03678059999843,,,,335.938,-0.688,-1.25,23.0,-135.5,-5.25,-11.062,-0.027,0.004,0.033,-0.14,0.39,9.55,-0.04,0.14,-0.25,-0.1,0.24,9.8,1.7275,0.0,0.0,0.0,5.1,8.0,1016.71,66.83,-13.96
2025-03-24 18:44:30.642000+00:00,58.03678059999843,,,,335.938,-0.688,-1.25,23.0,-135.5,-5.25,-11.062,-0.027,0.004,0.033,-0.14,0.39,9.55,-0.04,0.14,-0.25,-0.1,0.24,9.8,1.7275,0.0,0.0,0.0,5.0,8.0,1016.71,66.83,-13.96
2025-03-24 18:43:32.602000+00:00,58.03678059999843,,,,335.938,-0.688,-1.25,23.0,-135.5,-5.25,-11.062,-0.027,0.004,0.033,-0.14,0.39,9.55,-0.04,0.14,-0.25,-0.1,0.24,9.8,1.7275,0.0,0.0,0.0,5.0,8.0,1016.71,66.83,-13.96
2025-03-24 18:43:33.622000+00:00,58.03678059999843,,,,335.938,-0.688,-1.25,23.0,-135.5,-5.25,-11.062,-0.027,0.004,0.033,-0.14,0.39,9.55,-0.04,0.14,-0.25,-0.1,0.24,9.8,1.7275,0.0,0.0,0.0,5.0,8.0,1016.71,66.83,-13.96
2025-03-24 18:43:34.625000+00:00,58.03678059999843,,,,335.938,-0.688,-1.25,23.0,-135.5,-5.25,-11.062,-0.027,0.004,0.033,-0.14,0.39,9.55,-0.04,0.14,-0.25,-0.1,0.24,9.8,1.7275,0.0,0.0,0.0,5.0,8.0,1016.71,66.83,-13.96
2025-03-24 18:43:35.892000+00:00,58.03678059999843,,,,335.938,-0.688,-1.25,23.0,-135.5,-5.25,-11.062,-0.027,0.004,0.033,-0.14,0.39,9.55,-0.04,0.14,-0.25,-0.1,0.24,9.8,1.7275,0.0,0.0,0.0,5.0,8.0,1016.71,66.83,-13.96
2025-03-24 18:43:36.815000+00:00,58.03678059999843,,,,335.938,-0.688,-1.25,23.0,-135.5,-5.25,-11.062,-0.027,0.004,0.033,-0.14,0.39,9.55,-0.04,0.14,-0.25,-0.1,0.24,9.8,1.7275,0.0,0.0,0.0,5.0,8.0,1016.71,66.83,-13.96
2025-03-24 18:43:37.894000+00:00,58.03678059999843,,,,335.938,-0.688,-1.25,23.0,-135.5,-5.25,-11.062,-0.027,0.004,0.033,-0.14,0.39,9.55,-0.04,0.14,-0.25,-0.1,0.24,9.8,1.7275,0.0,0.0,0.0,5.0,8.0,1016.71,66.83,-13.96
2025-03-24 18:43:39.649000+00:00,58.03678059999843,,,,335.938,-0.688,-1.25,23.0,-135.5,-5.25,-11.062,-0.027,0.004,0.033,-0.14,0.39,9.55,-0.04,0.14,-0.25,-0.1,0.24,9.8,1.7275,0.0,0.0,0.0,5.0,8.0,1016.71,66.83,-13.96
2025-03-24 18:43:40.635000+00:00,58.03678059999843,,,,335.938,-0.688,-1.25,23.0,-135.5,-5.25,-11.062,-0.027,0.004,0.033,-0.14,0.39,9.55,-0.04,0.14,-0.25,-0.1,0.24,9.8,1.7275,0.0,0.0,0.0,5.0,8.0,1016.71,66.83,-13.96
2025-03-24 18:43:41.806000+00:00,58.03678059999843,,,,335.938,-0.688,-1.25,23.0,-135.5,-5.25,-11.062,-0.027,0.004,0.033,-0.14,0.39,9.55,-0.04,0.14,-0.25,-0.1,0.24,9.8,1.7275,0.0,0.0,0.0,5.0,8.0,1016.71,66.83,-13.96
2025-03-24 18:43:42.895000+00:00,58.03678059999843,,,,335.938,-0.688,-1.25,23.0,-135.5,-5.25,-11.062,-0.027,0.004,0.033,-0.14,0.39,9.55,-0.04,0.14,-0.25,-0.1,0.24,9.8,1.7275,0.0,0.0,0.0,5.0,8.0,1016.71,66.83,-13.96
2025-03-24 18:43:43.845000+00:00,58.03678059999843,,,,335.938,-0.688,-1.25,23.0,-135.5,-5.25,-11.062,-0.027,0.004,0.033,-0.14,0.39,9.55,-0.04,0.14,-0.25,-0.1,0.24,9.8,1.7275,0.0,0.0,0.0,5.0,8.0,1016.71,66.83,-13.96
2025-03-24 18:43:44.895000+00:00,58.03678059999843,,,,335.938,-0.688,-1.25,23.0,-135.5,-5.25,-11.062,-0.027,0.004,0.033,-0.14,0.39,9.55,-0.04,0.14,-0.25,-0.1,0.24,9.8,1.7275,0.0,0.0,0.0,5.0,8.0,1016.71,66.83,-13.96
2025-03-24 18:43:45.932000+00:00,58.03678059999843,,,,335.938,-0.688,-1.25,23.0,-135.5,-5.25,-11.062,-0.027,0.004,0.033,-0.14,0.39,9.55,-0.04,0.14,-0.25,-0.1,0.24,9.8,1.7275,0.0,0.0,0.0,5.0,8.0,1016.71,66.83,-13.96
2025-03-24 18:43:47.015000+00:00,58.03678059999843,,,,335.938,-0.688,-1.25,23.0,-135.5,-5.25,-11.062,-0.027,0.004,0.033,-0.14,0.39,9.55,-0.04,0.14,-0.25,-0.1,0.24,9.8,1.7275,0.0,0.0,0.0,5.0,8.0,1016.71,66.83,-13.96
2025-03-24 18:43:48.159000+00:00,58.03678059999843,,,,335.938,-0.688,-1.25,23.0,-135.5,-5.25,-11.062,-0.027,0.004,0.033,-0.14,0.39,9.55,-0.04,0.14,-0.25,-0.1,0.24,9.8,1.7275,0.0,0.0,0.0,5.0,8.0,1016.71,66.83,-13.96
2025-03-24 18:43:49.218000+00:00,58.03678059999843,,,,335.938,-0.688,-1.25,23.0,-135.5,-5.25,-11.062,-0.027,0.004,0.033,-0.14,0.39,9.55,-0.04,0.14,-0.25,-0.1,0.24,9.8,1.7275,0.0,0.0,0.0,5.0,8.0,1016.71,66.83,-13.96
2025-03-24 18:43:50.124000+00:00,58.03678059999843,,,,335.938,-0.688,-1.25,23.0,-135.5,-5.25,-11.062,-0.027,0.004,0.033,-0.14,0.39,9.55,-0.04,0.14,-0.25,-0.1,0.24,9.8,1.7275,0.0,0.0,0.0,5.0,8.0,1016.71,66.83,-13.96
2025-03-24 18:43:51.199000+00:00,58.03678059999843,,,,335.938,-0.688,-1.25,23.0,-135.5,-5.25,-11.062,-0.027,0.004,0.033,-0.14,0.39,9.55,-0.04,0.14,-0.25,-0.1,0.24,9.8,1.7275,0.0,0.0,0.0,5.0,8.0,1016.71,66.83,-13.96
2025-03-24 18:43:52.348000+00:00,58.03678059999843,,,,335.938,-0.688,-1.25,23.0,-135.5,-5.25,-11.062,-0.027,0.004,0.033,-0.14,0.39,9.55,-0.04,0.14,-0.25,-0.1,0.24,9.8,1.7275,0.0,0.0,0.0,5.0,8.0,1016.71,66.83,-13.96
2025-03-24 18:43:53.388000+00:00,58.03678059999843,,,,335.938,-0.688,-1.25,23.0,-135.5,-5.25,-11.062,-0.027,0.004,0.033,-0.14,0.39,9.55,-0.04,0.14,-0.25,-0.1,0.24,9.8,1.7275,0.0,0.0,0.0,5.0,8.0,1016.71,66.83,-13.96
2025-03-24 18:43:54.783000+00:00,58.03678059999843,,,,335.938,-0.688,-1.25,23.0,-135.5,-5.25,-11.062,-0.027,0.004,0.033,-0.14,0.39,9.55,-0.04,0.14,-0.25,-0.1,0.24,9.8,1.7275,0.0,0.0,0.0,5.0,8.0,1016.71,66.83,-13.96
2025-03-24 18:43:55.784000+00:00,58.03678059999843,,,,335.938,-0.688,-1.25,23.0,-135.5,-5.25,-11.062,-0.027,0.004,0.033,-0.14,0.39,9.55,-0.04,0.14,-0.25,-0.1,0.24,9.8,1.7275,0.0,0.0,0.0,5.0,8.0,1016.71,66.83,-13.96
2025-03-24 18:43:56.970000+00:00,58.03678059999843,,,,335.938,-0.688,-1.25,23.0,-135.5,-5.25,-11.062,-0.027,0.004,0.033,-0.14,0.39,9.55,-0.04,0.14,-0.25,-0.1,0.24,9.8,1.7275,0.0,0.0,0.0,5.0,8.0,1016.71,66.83,-13.96
2025-03-24 18:43:58.073000+00:00,58.03678059999843,,,,335.938,-0.688,-1.25,23.0,-135.5,-5.25,-11.062,-0.027,0.004,0.033,-0.14,0.39,9.55,-0.04,0.14,-0.25,-0.1,0.24,9.8,1.7275,0.0,0.0,0.0,5.0,8.0,1016.71,66.83,-13.96
2025-03-24 18:43:59.049000+00:00,58.03678059999843,,,,335.938,-0.688,-1.25,23.0,-135.5,-5.25,-11.062,-0.027,0.004,0.033,-0.14,0.39,9.55,-0.04,0.14,-0.25,-0.1,0.24,9.8,1.7275,0.0,0.0,0.0,5.0,8.0,1016.71,66.83,-13.96
2025-03-24 18:44:00.033000+00:00,58.03678059999843,,,,335.938,-0.688,-1.25,23.0,-135.5,-5.25,-11.062,-0.027,0.004,0.033,-0.14,0.39,9.55,-0.04,0.14,-0.25,-0.1,0.24,9.8,1.7275,0.0,0.0,0.0,5.0,8.0,1016.71,66.83,-13.96
2025-03-24 18:44:01.053000+00:00,58.03678059999843,,,,335.938,-0.688,-1.25,23.0,-135.5,-5.25,-11.062,-0.027,0.004,0.033,-0.14,0.39,9.55,-0.04,0.14,-0.25,-0.1,0.24,9.8,1.7275,0.0,0.0,0.0,5.0,8.0,1016.71,66.83,-13.96
2025-03-24 18:44:02.168000+00:00,58.03678059999843,,,,335.938,-0.688,-1.25,23.0,-135.5,-5.25,-11.062,-0.027,0.004,0.033,-0.14,0.39,9.55,-0.04,0.14,-0.25,-0.1,0.24,9.8,1.7275,0.0,0.0,0.0,5.0,8.0,1016.71,66.83,-13.96
2025-03-24 18:44:03.311000+00:00,58.03678059999843,,,,335.938,-0.688,-1.25,23.0,-135.5,-5.25,-11.062,-0.027,0.004,0.033,-0.14,0.39,9.55,-0.04,0.14,-0.25,-0.1,0.24,9.8,1.7275,0.0,0.0,0.0,5.0,8.0,1016.71,66.83,-13.96
2025-03-24 18:44:04.466000+00:00,58.03678059999843,,,,335.938,-0.688,-1.25,23.0,-135.5,-5.25,-11.062,-0.027,0.004,0.033,-0.14,0.39,9.55,-0.04,0.14,-0.25,-0.1,0.24,9.8,1.7275,0.0,0.0,0.0,5.0,8.0,1016.71,66.83,-13.96
2025-03-24 18:44:05.883000+00:00,58.03678059999843,,,,335.938,-0.688,-1.25,23.0,-135.5,-5.25,-11.062,-0.027,0.004,0.033,-0.14,0.39,9.55,-0.04,0.14,-0.25,-0.1,0.24,9.8,1.7275,0.0,0.0,0.0,5.0,8.0,1016.71,66.83,-13.96
2025-03-24 18:44:07.093000+00:00,58.03678059999843,,,,335.938,-0.688,-1.25,23.0,-135.5,-5.25,-11.062,-0.027,0.004,0.033,-0.14,0.39,9.55,-0.04,0.14,-0.25,-0.1,0.24,9.8,1.7275,0.0,0.0,0.0,5.0,8.0,1016.71,66.83,-13.96
2025-03-24 18:44:08.137000+00:00,58.03678059999843,,,,335.938,-0.688,-1.25,23.0,-135.5,-5.25,-11.062,-0.027,0.004,0.033,-0.14,0.39,9.55,-0.04,0.14,-0.25,-0.1,0.24,9.8,1.7275,0.0,0.0,0.0,5.0,8.0,1016.71,66.83,-13.96
2025-03-24 18:44:09.346000+00:00,58.03678059999843,,,,335.938,-0.688,-1.25,23.0,-135.5,-5.25,-11.062,-0.027,0.004,0.033,-0.14,0.39,9.55,-0.04,0.14,-0.25,-0.1,0.24,9.8,1.7275,0.0,0.0,0.0,5.0,8.0,1016.71,66.83,-13.96
2025-03-24 18:44:10.488000+00:00,58.03678059999843,,,,335.938,-0.688,-1.25,23.0,-135.5,-5.25,-11.062,-0.027,0.004,0.033,-0.14,0.39,9.55,-0.04,0.14,-0.25,-0.1,0.24,9.8,1.7275,0.0,0.0,0.0,5.0,8.0,1016.71,66.83,-13.96
2025-03-24 18:44:11.998000+00:00,58.03678059999843,,,,335.938,-0.688,-1.25,23.0,-135.5,-5.25,-11.062,-0.027,0.004,0.033,-0.14,0.39,9.55,-0.04,0.14,-0.25,-0.1,0.24,9.8,1.7275,0.0,0.0,0.0,5.0,8.0,1016.71,66.83,-13.96
2025-03-24 18:44:13.208000+00:00,58.03678059999843,,,,335.938,-0.688,-1.25,23.0,-135.5,-5.25,-11.062,-0.027,0.004,0.033,-0.14,0.39,9.55,-0.04,0.14,-0.25,-0.1,0.24,9.8,1.7275,0.0,0.0,0.0,5.0,8.0,1016.71,66.83,-13.96
2025-03-24 18:44:14.186000+00:00,58.03678059999843,,,,335.938,-0.688,-1.25,23.0,-135.5,-5.25,-11.062,-0.027,0.004,0.033,-0.14,0.39,9.55,-0.04,0.14,-0.25,-0.1,0.24,9.8,1.7275,0.0,0.0,0.0,5.0,8.0,1016.71,66.83,-13.96
2025-03-24 18:44:15.158000+00:00,58.03678059999843,,,,335.938,-0.688,-1.25,23.0,-135.5,-5.25,-11.062,-0.027,0.004,0.033,-0.14,0.39,9.55,-0.04,0.14,-0.25,-0.1,0.24,9.8,1.7275,0.0,0.0,0.0,5.0,8.0,1016.71,66.83,-13.96
2025-03-24 18:44:16.217000+00:00,58.03678059999843,,,,335.938,-0.688,-1.25,23.0,-135.5,-5.25,-11.062,-0.027,0.004,0.033,-0.14,0.39,9.55,-0.04,0.14,-0.25,-0.1,0.24,9.8,1.7275,0.0,0.0,0.0,5.0,8.0,1016.71,66.83,-13.96
2025-03-24 18:44:17.361000+00:00,58.03678059999843,,,,335.938,-0.688,-1.25,23.0,-135.5,-5.25,-11.062,-0.027,0.004,0.033,-0.14,0.39,9.55,-0.04,0.14,-0.25,-0.1,0.24,9.8,1.7275,0.0,0.0,0.0,5.0,8.0,1016.71,66.83,-13.96
2025-03-24 18:44:18.503000+00:00,58.03678059999843,,,,335.938,-0.688,-1.25,23.0,-135.5,-5.25,-11.062,-0.027,0.004,0.033,-0.14,0.39,9.55,-0.04,0.14,-0.25,-0.1,0.24,9.8,1.7275,0.0,0.0,0.0,5.0,8.0,1016.71,66.83,-13.96
2025-03-24 18:44:19.547000+00:00,58.03678059999843,,,,335.938,-0.688,-1.25,23.0,-135.5,-5.25,-11.062,-0.027,0.004,0.033,-0.14,0.39,9.55,-0.04,0.14,-0.25,-0.1,0.24,9.8,1.7275,0.0,0.0,0.0,5.0,8.0,1016.71,66.83,-13.96
2025-03-24 18:44:21.057000+00:00,58.03678059999843,,,,335.938,-0.688,-1.25,23.0,-135.5,-5.25,-11.062,-0.027,0.004,0.033,-0.14,0.39,9.55,-0.04,0.14,-0.25,-0.1,0.24,9.8,1.7275,0.0,0.0,0.0,5.0,8.0,1016.71,66.83,-13.96
2025-03-24 18:44:22.231000+00:00,58.03678059999843,,,,335.938,-0.688,-1.25,23.0,-135.5,-5.25,-11.062,-0.027,0.004,0.033,-0.14,0.39,9.55,-0.04,0.14,-0.25,-0.1,0.24,9.8,1.7275,0.0,0.0,0.0,5.0,8.0,1016.71,66.83,-13.96
2025-03-24 18:44:23.272000+00:00,58.03678059999843,,,,335.938,-0.688,-1.25,23.0,-135.5,-5.25,-11.062,-0.027,0.004,0.033,-0.14,0.39,9.55,-0.04,0.14,-0.25,-0.1,0.24,9.8,1.7275,0.0,0.0,0.0,5.0,8.0,1016.71,66.83,-13.96
2025-03-24 18:44:24.207000+00:00,58.03678059999843,,,,335.938,-0.688,-1.25,23.0,-135.5,-5.25,-11.062,-0.027,0.004,0.033,-0.14,0.39,9.55,-0.04,0.14,-0.25,-0.1,0.24,9.8,1.7275,0.0,0.0,0.0,5.0,8.0,1016.71,66.83,-13.96
2025-03-24 18:44:25.247000+00:00,58.03678059999843,,,,335.938,-0.688,-1.25,23.0,-135.5,-5.25,-11.062,-0.027,0.004,0.033,-0.14,0.39,9.55,-0.04,0.14,-0.25,-0.1,0.24,9.8,1.7275,0.0,0.0,0.0,5.0,8.0,1016.71,66.83,-13.96
2025-03-24 18:44:26.310000+00:00,58.03678059999843,,,,335.938,-0.688,-1.25,23.0,-135.5,-5.25,-11.062,-0.027,0.004,0.033,-0.14,0.39,9.55,-0.04,0.14,-0.25,-0.1,0.24,9.8,1.7275,0.0,0.0,0.0,5.0,8.0,1016.71,66.83,-13.96
2025-03-24 18:44:27.361000+00:00,58.03678059999843,,,,335.938,-0.688,-1.25,23.0,-135.5,-5.25,-11.062,-0.027,0.004,0.033,-0.14,0.39,9.55,-0.04,0.14,-0.25,-0.1,0.24,9.8,1.7275,0.0,0.0,0.0,5.0,8.0,1016.71,66.83,-13.96
2025-03-24 18:44:28.506000+00:00,58.03678059999843,,,,335.938,-0.688,-1.25,23.0,-135.5,-5.25,-11.062,-0.027,0.004,0.033,-0.14,0.39,9.55,-0.04,0.14,-0.25,-0.1,0.24,9.8,1.7275,0.0,0.0,0.0,5.0,8.0,1016.71,66.83,-13.96
2025-03-24 18:44:29.550000+00:00,58.03678059999843,,,,335.938,-0.688,-1.25,23.0,-135.5,-5.25,-11.062,-0.027,0.004,0.033,-0.14,0.39,9.55,-0.04,0.14,-0.25,-0.1,0.24,9.8,1.7275,0.0,0.0,0.0,5.0,8.0,1016.71,66.83,-13.96
2025-03-24 18:44:30.692000+00:00,58.03678059999843,,,,335.938,-0.688,-1.25,23.0,-135.5,-5.25,-11.062,-0.027,0.004,0.033,-0.14,0.39,9.55,-0.04,0.14,-0.25,-0.1,0.24,9.8,1.7275,0.0,0.0,0.0,5.0,8.0,1016.71,66.83,-13.96
2025-03-24 18:43:32.756000+00:00,58.03678059999843,,,,335.938,-0.688,-1.25,23.0,-135.5,-5.25,-11.062,-0.027,0.004,0.033,-0.14,0.39,9.55,-0.04,0.14,-0.25,-0.1,0.24,9.8,1.7275,0.0,0.0,0.0,5.0,8.0,1016.71,66.83,-13.96
2025-03-24 18:43:33.792000+00:00,58.03678059999843,,,,335.938,-0.688,-1.25,23.0,-135.5,-5.25,-11.062,-0.027,0.004,0.033,-0.14,0.39,9.55,-0.04,0.14,-0.25,-0.1,0.24,9.8,1.7275,0.0,0.0,0.0,5.0,8.0,1016.71,66.83,-13.96
2025-03-24 18:43:34.801000+00:00,58.03678059999843,,,,335.938,-0.688,-1.25,23.0,-135.5,-5.25,-11.062,-0.027,0.004,0.033,-0.14,0.39,9.55,-0.04,0.14,-0.25,-0.1,0.24,9.8,1.7275,0.0,0.0,0.0,5.0,8.0,1016.71,66.83,-13.96
2025-03-24 18:43:36.072000+00:00,58.03678059999843,,,,335.938,-0.688,-1.25,23.0,-135.5,-5.25,-11.062,-0.027,0.004,0.033,-0.14,0.39,9.55,-0.04,0.14,-0.25,-0.1,0.24,9.8,1.7275,0.0,0.0,0.0,5.0,8.0,1016.71,66.83,-13.96
2025-03-24 18:43:36.979000+00:00,58.03678059999843,,,,335.938,-0.688,-1.25,23.0,-135.5,-5.25,-11.062,-0.027,0.004,0.033,-0.14,0.39,9.55,-0.04,0.14,-0.25,-0.1,0.24,9.8,1.7275,0.0,0.0,0.0,5.0,8.0,1016.71,66.83,-13.96
2025-03-24 18:43:38.051000+00:00,58.03678059999843,,,,335.938,-0.688,-1.25,23.0,-135.5,-5.25,-11.062,-0.027,0.004,0.033,-0.14,0.39,9.55,-0.04,0.14,-0.25,-0.1,0.24,9.8,1.7275,0.0,0.0,0.0,5.0,8.0,1016.71,66.83,-13.96
2025-03-24 18:43:39.795000+00:00,58.03678059999843,,,,335.938,-0.688,-1.25,23.0,-135.5,-5.25,-11.062,-0.027,0.004,0.033,-0.14,0.39,9.55,-0.04,0.14,-0.25,-0.1,0.24,9.8,1.7275,0.0,0.0,0.0,5.0,8.0,1016.71,66.83,-13.96
2025-03-24 18:43:40.811000+00:00,58.03678059999843,,,,335.938,-0.688,-1.25,23.0,-135.5,-5.25,-11.062,-0.027,0.004,0.033,-0.14,0.39,9.55,-0.04,0.14,-0.25,-0.1,0.24,9.8,1.7275,0.0,0.0,0.0,5.0,8.0,1016.73,66.83,-13.96
2025-03-24 18:43:41.971000+00:00,58.03678059999843,,,,335.938,-0.688,-1.25,23.0,-135.5,-5.25,-11.062,-0.027,0.004,0.033,-0.14,0.39,9.55,-0.04,0.14,-0.25,-0.1,0.24,9.8,1.7275,0.0,0.0,0.0,5.0,8.0,1016.73,66.83,-13.96
2025-03-24 18:43:43.056000+00:00,58.03678059999843,,,,335.938,-0.688,-1.25,23.0,-135.5,-5.25,-11.062,-0.027,0.004,0.033,-0.14,0.39,9.55,-0.04,0.14,-0.25,-0.1,0.24,9.8,1.7275,0.0,0.0,0.0,5.0,8.0,1016.73,66.83,-13.96
2025-03-24 18:43:44.021000+00:00,58.03678059999843,,,,335.938,-0.688,-1.25,23.0,-135.5,-5.25,-11.062,-0.027,0.004,0.033,-0.14,0.39,9.55,-0.04,0.14,-0.25,-0.1,0.24,9.8,1.7275,0.0,0.0,0.0,5.0,8.0,1016.73,66.83,-13.96
2025-03-24 18:43:45.070000+00:00,58.03678059999843,,,,335.938,-0.688,-1.25,23.0,-135.5,-5.25,-11.062,-0.027,0.004,0.033,-0.14,0.39,9.55,-0.04,0.14,-0.25,-0.1,0.24,9.8,1.7275,0.0,0.0,0.0,5.0,8.0,1016.73,66.83,-13.96
2025-03-24 18:43:46.094000+00:00,58.03678059999843,,,,335.938,-0.688,-1.25,23.0,-135.5,-5.25,-11.062,-0.027,0.004,0.033,-0.14,0.39,9.55,-0.04,0.14,-0.25,-0.1,0.24,9.8,1.7275,0.0,0.0,0.0,5.0,8.0,1016.73,66.83,-13.96
2025-03-24 18:43:47.165000+00:00,58.03678059999843,,,,335.938,-0.688,-1.25,23.0,-135.5,-5.25,-11.062,-0.027,0.004,0.033,-0.14,0.39,9.55,-0.04,0.14,-0.25,-0.1,0.24,9.8,1.7275,0.0,0.0,0.0,5.0,8.0,1016.73,66.83,-13.96
2025-03-24 18:43:48.328000+00:00,58.03678059999843,,,,335.938,-0.688,-1.25,23.0,-135.5,-5.25,-11.062,-0.027,0.004,0.033,-0.14,0.39,9.55,-0.04,0.14,-0.25,-0.1,0.24,9.8,1.7275,0.0,0.0,0.0,5.0,8.0,1016.73,66.83,-13.96
2025-03-24 18:43:49.374000+00:00,58.03678059999843,,,,335.938,-0.688,-1.25,23.0,-135.5,-5.25,-11.062,-0.027,0.004,0.033,-0.14,0.39,9.55,-0.04,0.14,-0.25,-0.1,0.24,9.8,1.7275,0.0,0.0,0.0,5.0,8.0,1016.73,66.83,-13.96
2025-03-24 18:43:50.274000+00:00,58.03678059999843,,,,335.938,-0.688,-1.25,23.0,-135.5,-5.25,-11.062,-0.027,0.004,0.033,-0.14,0.39,9.55,-0.04,0.14,-0.25,-0.1,0.24,9.8,1.7275,0.0,0.0,0.0,5.0,8.0,1016.73,66.83,-13.96
2025-03-24 18:43:51.354000+00:00,58.03678059999843,,,,335.938,-0.688,-1.25,23.0,-135.5,-5.25,-11.062,-0.027,0.004,0.033,-0.14,0.39,9.55,-0.04,0.14,-0.25,-0.1,0.24,9.8,1.7275,0.0,0.0,0.0,5.0,8.0,1016.73,66.83,-13.96
2025-03-24 18:43:52.494000+00:00,58.03678059999843,,,,335.938,-0.688,-1.25,23.0,-135.5,-5.25,-11.062,-0.027,0.004,0.033,-0.14,0.39,9.55,-0.04,0.14,-0.25,-0.1,0.24,9.8,1.7275,0.0,0.0,0.0,5.0,8.0,1016.73,66.83,-13.96
2025-03-24 18:43:53.550000+00:00,58.03678059999843,,,,335.938,-0.688,-1.25,23.0,-135.5,-5.25,-11.062,-0.027,0.004,0.033,-0.14,0.39,9.55,-0.04,0.14,-0.25,-0.1,0.24,9.8,1.7275,0.0,0.0,0.0,5.0,8.0,1016.73,66.83,-13.96
2025-03-24 18:43:54.960000+00:00,58.03678059999843,,,,335.938,-0.688,-1.25,23.0,-135.5,-5.25,-11.062,-0.027,0.004,0.033,-0.14,0.39,9.55,-0.04,0.14,-0.25,-0.1,0.24,9.8,1.7275,0.0,0.0,0.0,5.0,8.0,1016.73,66.83,-13.96
2025-03-24 18:43:55.933000+00:00,58.03678059999843,,,,335.938,-0.688,-1.25,23.0,-135.5,-5.25,-11.062,-0.027,0.004,0.033,-0.14,0.39,9.55,-0.04,0.14,-0.25,-0.1,0.24,9.8,1.7275,0.0,0.0,0.0,5.0,8.0,1016.73,66.83,-13.96
2025-03-24 18:43:57.144000+00:00,58.03678059999843,,,,335.938,-0.688,-1.25,23.0,-135.5,-5.25,-11.062,-0.027,0.004,0.033,-0.14,0.39,9.55,-0.04,0.14,-0.25,-0.1,0.24,9.8,1.7275,0.0,0.0,0.0,5.0,8.0,1016.73,66.83,-13.96
2025-03-24 18:43:58.224000+00:00,58.03678059999843,,,,335.938,-0.688,-1.25,23.0,-135.5,-5.25,-11.062,-0.027,0.004,0.033,-0.14,0.39,9.55,-0.04,0.14,-0.25,-0.1,0.24,9.8,1.7275,0.0,0.0,0.0,5.0,8.0,1016.73,66.83,-13.96
2025-03-24 18:43:59.203000+00:00,58.03678059999843,,,,335.938,-0.688,-1.25,23.0,-135.5,-5.25,-11.062,-0.027,0.004,0.033,-0.14,0.39,9.55,-0.04,0.14,-0.25,-0.1,0.24,9.8,1.7275,0.0,0.0,0.0,5.0,8.0,1016.73,66.83,-13.96
2025-03-24 18:44:00.183000+00:00,58.03678059999843,,,,335.938,-0.688,-1.25,23.0,-135.5,-5.25,-11.062,-0.027,0.004,0.033,-0.14,0.39,9.55,-0.04,0.14,-0.25,-0.1,0.24,9.8,1.7275,0.0,0.0,0.0,5.0,8.0,1016.73,66.83,-13.96
2025-03-24 18:44:01.213000+00:00,58.03678059999843,,,,335.938,-0.688,-1.25,23.0,-135.5,-5.25,-11.062,-0.027,0.004,0.033,-0.14,0.39,9.55,-0.04,0.14,-0.25,-0.1,0.24,9.8,1.7275,0.0,0.0,0.0,5.0,8.0,1016.73,66.83,-13.96
2025-03-24 18:44:02.313000+00:00,58.03678059999843,,,,335.938,-0.688,-1.25,23.0,-135.5,-5.25,-11.062,-0.027,0.004,0.033,-0.14,0.39,9.55,-0.04,0.14,-0.25,-0.1,0.24,9.8,1.7275,0.0,0.0,0.0,5.0,8.0,1016.73,66.83,-13.96
2025-03-24 18:44:03.463000+00:00,58.03678059999843,,,,335.938,-0.688,-1.25,23.0,-135.5,-5.25,-11.062,-0.027,0.004,0.033,-0.14,0.39,9.55,-0.04,0.14,-0.25,-0.1,0.24,9.8,1.7275,0.0,0.0,0.0,5.0,8.0,1016.73,66.83,-13.96
2025-03-24 18:44:04.613000+00:00,58.03678059999843,,,,335.938,-0.688,-1.25,23.0,-135.5,-5.25,-11.062,-0.027,0.004,0.033,-0.14,0.39,9.55,-0.04,0.14,-0.25,-0.1,0.24,9.8,1.7275,0.0,0.0,0.0,5.0,8.0,1016.73,66.83,-13.96
2025-03-24 18:44:06.032000+00:00,58.03678059999843,,,,335.938,-0.688,-1.25,23.0,-135.5,-5.25,-11.062,-0.027,0.004,0.033,-0.14,0.39,9.55,-0.04,0.14,-0.25,-0.1,0.24,9.8,1.7275,0.0,0.0,0.0,5.0,8.0,1016.73,66.83,-13.96
2025-03-24 18:44:07.244000+00:00,58.03678059999843,,,,335.938,-0.688,-1.25,23.0,-135.5,-5.25,-11.062,-0.027,0.004,0.033,-0.14,0.39,9.55,-0.04,0.14,-0.25,-0.1,0.24,9.8,1.7275,0.0,0.0,0.0,5.0,8.0,1016.73,66.83,-13.96
2025-03-24 18:44:08.298000+00:00,58.03678059999843,,,,335.938,-0.688,-1.25,23.0,-135.5,-5.25,-11.062,-0.027,0.004,0.033,-0.14,0.39,9.55,-0.04,0.14,-0.25,-0.1,0.24,9.8,1.7275,0.0,0.0,0.0,5.0,8.0,1016.73,66.83,-13.96
2025-03-24 18:44:09.499000+00:00,58.03678059999843,,,,335.938,-0.688,-1.25,23.0,-135.5,-5.25,-11.062,-0.027,0.004,0.033,-0.14,0.39,9.55,-0.04,0.14,-0.25,-0.1,0.24,9.8,1.7275,0.0,0.0,0.0,5.0,8.0,1016.73,66.83,-13.96
2025-03-24 18:44:10.642000+00:00,58.03678059999843,,,,335.938,-0.688,-1.25,23.0,-135.5,-5.25,-11.062,-0.027,0.004,0.033,-0.14,0.39,9.55,-0.04,0.14,-0.25,-0.1,0.24,9.8,1.7275,0.0,0.0,0.0,5.0,8.0,1016.66,66.83,-13.96
2025-03-24 18:44:12.162000+00:00,58.03678059999843,,,,335.938,-0.688,-1.25,23.0,-135.5,-5.25,-11.062,-0.027,0.004,0.033,-0.14,0.39,9.55,-0.04,0.14,-0.25,-0.1,0.24,9.8,1.7275,0.0,0.0,0.0,5.0,8.0,1016.66,66.83,-13.96
2025-03-24 18:44:13.362000+00:00,58.03678059999843,,,,335.938,-0.688,-1.25,23.0,-135.5,-5.25,-11.062,-0.027,0.004,0.033,-0.14,0.39,9.55,-0.04,0.14,-0.25,-0.1,0.24,9.8,1.7275,0.0,0.0,0.0,5.0,8.0,1016.66,66.83,-13.96
2025-03-24 18:44:14.343000+00:00,58.03678059999843,,,,335.938,-0.688,-1.25,23.0,-135.5,-5.25,-11.062,-0.027,0.004,0.033,-0.14,0.39,9.55,-0.04,0.14,-0.25,-0.1,0.24,9.8,1.7275,0.0,0.0,0.0,5.0,8.0,1016.66,66.83,-13.96
2025-03-24 18:44:15.321000+00:00,58.03678059999843,,,,335.938,-0.688,-1.25,23.0,-135.5,-5.25,-11.062,-0.027,0.004,0.033,-0.14,0.39,9.55,-0.04,0.14,-0.25,-0.1,0.24,9.8,1.7275,0.0,0.0,0.0,5.0,8.0,1016.66,66.83,-13.96
2025-03-24 18:44:16.372000+00:00,58.03678059999843,,,,335.938,-0.688,-1.25,23.0,-135.5,-5.25,-11.062,-0.027,0.004,0.033,-0.14,0.39,9.55,-0.04,0.14,-0.25,-0.1,0.24,9.8,1.7275,0.0,0.0,0.0,5.0,8.0,1016.66,66.83,-13.96
2025-03-24 18:44:17.513000+00:00,58.03678059999843,,,,335.938,-0.688,-1.25,23.0,-135.5,-5.25,-11.062,-0.027,0.004,0.033,-0.14,0.39,9.55,-0.04,0.14,-0.25,-0.1,0.24,9.8,1.7275,0.0,0.0,0.0,5.0,8.0,1016.66,66.83,-13.96
2025-03-24 18:44:18.651000+00:00,58.03678059999843,,,,335.938,-0.688,-1.25,23.0,-135.5,-5.25,-11.062,-0.027,0.004,0.033,-0.14,0.39,9.55,-0.04,0.14,-0.25,-0.1,0.24,9.8,1.7275,0.0,0.0,0.0,5.0,8.0,1016.66,66.83,-13.96
2025-03-24 18:44:19.706000+00:00,58.03678059999843,,,,335.938,-0.688,-1.25,23.0,-135.5,-5.25,-11.062,-0.027,0.004,0.033,-0.14,0.39,9.55,-0.04,0.14,-0.25,-0.1,0.24,9.8,1.7275,0.0,0.0,0.0,5.0,8.0,1016.66,66.83,-13.96
2025-03-24 18:44:21.215000+00:00,58.03678059999843,,,,335.938,-0.688,-1.25,23.0,-135.5,-5.25,-11.062,-0.027,0.004,0.033,-0.14,0.39,9.55,-0.04,0.14,-0.25,-0.1,0.24,9.8,1.7275,0.0,0.0,0.0,5.0,8.0,1016.66,66.83,-13.96
2025-03-24 18:44:22.387000+00:00,58.03678059999843,,,,335.938,-0.688,-1.25,23.0,-135.5,-5.25,-11.062,-0.027,0.004,0.033,-0.14,0.39,9.55,-0.04,0.14,-0.25,-0.1,0.24,9.8,1.7275,0.0,0.0,0.0,5.0,8.0,1016.66,66.83,-13.96
2025-03-24 18:44:23.421000+00:00,58.03678059999843,,,,335.938,-0.688,-1.25,23.0,-135.5,-5.25,-11.062,-0.027,0.004,0.033,-0.14,0.39,9.55,-0.04,0.14,-0.25,-0.1,0.24,9.8,1.7275,0.0,0.0,0.0,5.0,8.0,1016.66,66.83,-13.96
2025-03-24 18:44:24.383000+00:00,58.03678059999843,,,,335.938,-0.688,-1.25,23.0,-135.5,-5.25,-11.062,-0.027,0.004,0.033,-0.14,0.39,9.55,-0.04,0.14,-0.25,-0.1,0.24,9.8,1.7275,0.0,0.0,0.0,5.0,8.0,1016.66,66.83,-13.96
2025-03-24 18:44:25.417000+00:00,58.03678059999843,,,,335.938,-0.688,-1.25,23.0,-135.5,-5.25,-11.062,-0.027,0.004,0.033,-0.14,0.39,9.55,-0.04,0.14,-0.25,-0.1,0.24,9.8,1.7275,0.0,0.0,0.0,5.0,8.0,1016.66,66.83,-13.96
2025-03-24 18:44:26.461000+00:00,58.03678059999843,,,,335.938,-0.688,-1.25,23.0,-135.5,-5.25,-11.062,-0.027,0.004,0.033,-0.14,0.39,9.55,-0.04,0.14,-0.25,-0.1,0.24,9.8,1.7275,0.0,0.0,0.0,5.0,8.0,1016.66,66.83,-13.96
2025-03-24 18:44:27.527000+00:00,58.03678059999843,,,,335.938,-0.688,-1.25,23.0,-135.5,-5.25,-11.062,-0.027,0.004,0.033,-0.14,0.39,9.55,-0.04,0.14,-0.25,-0.1,0.24,9.8,1.7275,0.0,0.0,0.0,5.0,8.0,1016.66,66.83,-13.96
2025-03-24 18:44:28.661000+00:00,58.03678059999843,,,,335.938,-0.688,-1.25,23.0,-135.5,-5.25,-11.062,-0.027,0.004,0.033,-0.14,0.39,9.55,-0.04,0.14,-0.25,-0.1,0.24,9.8,1.7275,0.0,0.0,0.0,5.0,8.0,1016.66,66.83,-13.96
2025-03-24 18:44:29.710000+00:00,58.03678059999843,,,,335.938,-0.688,-1.25,23.0,-135.5,-5.25,-11.062,-0.027,0.004,0.033,-0.14,0.39,9.55,-0.04,0.14,-0.25,-0.1,0.24,9.8,1.7275,0.0,0.0,0.0,5.0,8.0,1016.66,66.83,-13.96
2025-03-24 18:44:30.839000+00:00,58.03678059999843,,,,335.938,-0.688,-1.25,23.0,-135.5,-5.25,-11.062,-0.027,0.004,0.033,-0.14,0.39,9.55,-0.04,0.14,-0.25,-0.1,0.24,9.8,1.7275,0.0,0.0,0.0,5.0,8.0,1016.66,66.83,-13.96
2025-03-24 18:43:32.706000+00:00,58.03678059999843,,,,335.938,-0.688,-1.25,23.0,-135.5,-5.25,-11.062,-0.027,0.004,0.033,-0.14,0.39,9.55,-0.04,0.14,-0.25,-0.1,0.24,9.8,1.7275,0.0,0.0,0.0,5.0,8.0,1016.66,66.83,-13.96
2025-03-24 18:43:33.732000+00:00,58.03678059999843,,,,335.938,-0.688,-1.25,23.0,-135.5,-5.25,-11.062,-0.027,0.004,0.033,-0.14,0.39,9.55,-0.04,0.14,-0.25,-0.1,0.24,9.8,1.7275,0.0,0.0,0.0,5.0,8.0,1016.66,66.83,-13.96
2025-03-24 18:43:34.742000+00:00,58.03678059999843,,,,335.938,-0.688,-1.25,23.0,-135.5,-5.25,-11.062,-0.027,0.004,0.033,-0.14,0.39,9.55,-0.04,0.14,-0.25,-0.1,0.24,9.8,1.7275,0.0,0.0,0.0,5.0,8.0,1016.66,66.83,-13.96
2025-03-24 18:43:36.011000+00:00,58.03678059999843,,,,335.938,-0.688,-1.25,23.0,-135.5,-5.25,-11.062,-0.027,0.004,0.033,-0.14,0.39,9.55,-0.04,0.14,-0.25,-0.1,0.24,9.8,1.7275,0.0,0.0,0.0,5.0,8.0,1016.66,66.83,-13.96
2025-03-24 18:43:36.929000+00:00,58.03678059999843,,,,335.938,-0.688,-1.25,23.0,-135.5,-5.25,-11.062,-0.027,0.004,0.033,-0.14,0.39,9.55,-0.04,0.14,-0.25,-0.1,0.24,9.8,1.7275,0.0,0.0,0.0,5.0,8.0,1016.66,66.83,-13.96
2025-03-24 18:43:37.996000+00:00,58.03678059999843,,,,335.938,-0.688,-1.25,23.0,-135.5,-5.25,-11.062,-0.027,0.004,0.033,-0.14,0.39,9.55,-0.04,0.14,-0.25,-0.1,0.24,9.8,1.7275,0.0,0.0,0.0,5.0,8.0,1016.66,66.83,-13.96
2025-03-24 18:43:39.746000+00:00,58.03678059999843,,,,335.938,-0.688,-1.25,23.0,-135.5,-5.25,-11.062,-0.027,0.004,0.033,-0.14,0.39,9.55,-0.04,0.14,-0.25,-0.1,0.24,9.8,1.7275,0.0,0.0,0.0,5.0,8.0,1016.66,66.83,-13.96
2025-03-24 18:43:40.751000+00:00,58.03678059999843,,,,335.938,-0.688,-1.25,23.0,-135.5,-5.25,-11.062,-0.027,0.004,0.033,-0.14,0.39,9.55,-0.04,0.14,-0.25,-0.1,0.24,9.8,1.7275,0.0,0.0,0.0,5.0,8.0,1016.66,66.93,-13.96
2025-03-24 18:43:41.912000+00:00,58.03678059999843,,,,335.938,-0.688,-1.25,23.0,-135.5,-5.25,-11.062,-0.027,0.004,0.033,-0.14,0.39,9.55,-0.04,0.14,-0.25,-0.1,0.24,9.8,1.7275,0.0,0.0,0.0,5.0,8.0,1016.66,66.93,-13.96
2025-03-24 18:43:43.001000+00:00,58.03678059999843,,,,335.938,-0.688,-1.25,23.0,-135.5,-5.25,-11.062,-0.027,0.004,0.033,-0.14,0.39,9.55,-0.04,0.14,-0.25,-0.1,0.24,9.8,1.7275,0.0,0.0,0.0,5.0,8.0,1016.66,66.93,-13.96
2025-03-24 18:43:43.961000+00:00,58.03678059999843,,,,335.938,-0.688,-1.25,23.0,-135.5,-5.25,-11.062,-0.027,0.004,0.033,-0.14,0.39,9.55,-0.04,0.14,-0.25,-0.1,0.24,9.8,1.7275,0.0,0.0,0.0,5.0,8.0,1016.66,66.93,-13.96
2025-03-24 18:43:45.011000+00:00,58.03678059999843,,,,335.938,-0.688,-1.25,23.0,-135.5,-5.25,-11.062,-0.027,0.004,0.033,-0.14,0.39,9.55,-0.04,0.14,-0.25,-0.1,0.24,9.8,1.7275,0.0,0.0,0.0,5.0,8.0,1016.66,66.93,-13.96
2025-03-24 18:43:46.041000+00:00,58.03678059999843,,,,335.938,-0.688,-1.25,23.0,-135.5,-5.25,-11.062,-0.027,0.004,0.033,-0.14,0.39,9.55,-0.04,0.14,-0.25,-0.1,0.24,9.8,1.7275,0.0,0.0,0.0,5.0,8.0,1016.66,66.93,-13.96
2025-03-24 18:43:47.114000+00:00,58.03678059999843,,,,335.938,-0.688,-1.25,23.0,-135.5,-5.25,-11.062,-0.027,0.004,0.033,-0.14,0.39,9.55,-0.04,0.14,-0.25,-0.1,0.24,9.8,1.7275,0.0,0.0,0.0,5.0,8.0,1016.66,66.93,-13.96
2025-03-24 18:43:48.270000+00:00,58.03678059999843,,,,335.938,-0.688,-1.25,23.0,-135.5,-5.25,-11.062,-0.027,0.004,0.033,-0.14,0.39,9.55,-0.04,0.14,-0.25,-0.1,0.24,9.8,1.7275,0.0,0.0,0.0,5.0,8.0,1016.66,66.93,-13.96
2025-03-24 18:43:49.320000+00:00,58.03678059999843,,,,335.938,-0.688,-1.25,23.0,-135.5,-5.25,-11.062,-0.027,0.004,0.033,-0.14,0.39,9.55,-0.04,0.14,-0.25,-0.1,0.24,9.8,1.7275,0.0,0.0,0.0,5.0,8.0,1016.66,66.93,-13.96
2025-03-24 18:43:50.224000+00:00,58.03678059999843,,,,335.938,-0.688,-1.25,23.0,-135.5,-5.25,-11.062,-0.027,0.004,0.033,-0.14,0.39,9.55,-0.04,0.14,-0.25,-0.1,0.24,9.8,1.7275,0.0,0.0,0.0,5.0,8.0,1016.66,66.93,-13.96
2025-03-24 18:43:51.294000+00:00,58.03678059999843,,,,335.938,-0.688,-1.25,23.0,-135.5,-5.25,-11.062,-0.027,0.004,0.033,-0.14,0.39,9.55,-0.04,0.14,-0.25,-0.1,0.24,9.8,1.7275,0.0,0.0,0.0,5.0,8.0,1016.66,66.93,-13.96
2025-03-24 18:43:52.448000+00:00,58.03678059999843,,,,335.938,-0.688,-1.25,23.0,-135.5,-5.25,-11.062,-0.027,0.004,0.033,-0.14,0.39,9.55,-0.04,0.14,-0.25,-0.1,0.24,9.8,1.7275,0.0,0.0,0.0,5.0,8.0,1016.66,66.93,-13.96
2025-03-24 18:43:53.490000+00:00,58.03678059999843,,,,335.938,-0.688,-1.25,23.0,-135.5,-5.25,-11.062,-0.027,0.004,0.033,-0.14,0.39,9.55,-0.04,0.14,-0.25,-0.1,0.24,9.8,1.7275,0.0,0.0,0.0,5.0,8.0,1016.66,66.93,-13.96
2025-03-24 18:43:54.900000+00:00,58.03678059999843,,,,335.938,-0.688,-1.25,23.0,-135.5,-5.25,-11.062,-0.027,0.004,0.033,-0.14,0.39,9.55,-0.04,0.14,-0.25,-0.1,0.24,9.8,1.7275,0.0,0.0,0.0,5.0,8.0,1016.66,66.93,-13.96
2025-03-24 18:43:55.884000+00:00,58.03678059999843,,,,335.938,-0.688,-1.25,23.0,-135.5,-5.25,-11.062,-0.027,0.004,0.033,-0.14,0.39,9.55,-0.04,0.14,-0.25,-0.1,0.24,9.8,1.7275,0.0,0.0,0.0,5.0,8.0,1016.66,66.93,-13.96
2025-03-24 18:43:57.090000+00:00,58.03678059999843,,,,335.938,-0.688,-1.25,23.0,-135.5,-5.25,-11.062,-0.027,0.004,0.033,-0.14,0.39,9.55,-0.04,0.14,-0.25,-0.1,0.24,9.8,1.7275,0.0,0.0,0.0,5.0,8.0,1016.66,66.93,-13.96
2025-03-24 18:43:58.174000+00:00,58.03678059999843,,,,335.938,-0.688,-1.25,23.0,-135.5,-5.25,-11.062,-0.027,0.004,0.033,-0.14,0.39,9.55,-0.04,0.14,-0.25,-0.1,0.24,9.8,1.7275,0.0,0.0,0.0,5.0,8.0,1016.66,66.93,-13.96
2025-03-24 18:43:59.153000+00:00,58.03678059999843,,,,335.938,-0.688,-1.25,23.0,-135.5,-5.25,-11.062,-0.027,0.004,0.033,-0.14,0.39,9.55,-0.04,0.14,-0.25,-0.1,0.24,9.8,1.7275,0.0,0.0,0.0,5.0,8.0,1016.66,66.93,-13.96
2025-03-24 18:44:00.133000+00:00,58.03678059999843,,,,335.938,-0.688,-1.25,23.0,-135.5,-5.25,-11.062,-0.027,0.004,0.033,-0.14,0.39,9.55,-0.04,0.14,-0.25,-0.1,0.24,9.8,1.7275,0.0,0.0,0.0,5.0,8.0,1016.66,66.93,-13.96
2025-03-24 18:44:01.163000+00:00,58.03678059999843,,,,335.938,-0.688,-1.25,23.0,-135.5,-5.25,-11.062,-0.027,0.004,0.033,-0.14,0.39,9.55,-0.04,0.14,-0.25,-0.1,0.24,9.8,1.7275,0.0,0.0,0.0,5.0,8.0,1016.66,66.93,-13.96
2025-03-24 18:44:02.263000+00:00,58.03678059999843,,,,335.938,-0.688,-1.25,23.0,-135.5,-5.25,-11.062,-0.027,0.004,0.033,-0.14,0.39,9.55,-0.04,0.14,-0.25,-0.1,0.24,9.8,1.7275,0.0,0.0,0.0,5.0,8.0,1016.66,66.93,-13.96
2025-03-24 18:44:03.414000+00:00,58.03678059999843,,,,335.938,-0.688,-1.25,23.0,-135.5,-5.25,-11.062,-0.027,0.004,0.033,-0.14,0.39,9.55,-0.04,0.14,-0.25,-0.1,0.24,9.8,1.7275,0.0,0.0,0.0,5.0,8.0,1016.66,66.93,-13.96
2025-03-24 18:44:04.563000+00:00,58.03678059999843,,,,335.938,-0.688,-1.25,23.0,-135.5,-5.25,-11.062,-0.027,0.004,0.033,-0.14,0.39,9.55,-0.04,0.14,-0.25,-0.1,0.24,9.8,1.7275,0.0,0.0,0.0,5.0,8.0,1016.66,66.93,-13.96
2025-03-24 18:44:05.982000+00:00,58.03678059999843,,,,335.938,-0.688,-1.25,23.0,-135.5,-5.25,-11.062,-0.027,0.004,0.033,-0.14,0.39,9.55,-0.04,0.14,-0.25,-0.1,0.24,9.8,1.7275,0.0,0.0,0.0,5.0,8.0,1016.66,66.93,-13.96
2025-03-24 18:44:07.193000+00:00,58.03678059999843,,,,335.938,-0.688,-1.25,23.0,-135.5,-5.25,-11.062,-0.027,0.004,0.033,-0.14,0.39,9.55,-0.04,0.14,-0.25,-0.1,0.24,9.8,1.7275,0.0,0.0,0.0,5.0,8.0,1016.66,66.93,-13.96
2025-03-24 18:44:08.238000+00:00,58.03678059999843,,,,335.938,-0.688,-1.25,23.0,-135.5,-5.25,-11.062,-0.027,0.004,0.033,-0.14,0.39,9.55,-0.04,0.14,-0.25,-0.1,0.24,9.8,1.7275,0.0,0.0,0.0,5.0,8.0,1016.66,66.93,-13.96
2025-03-24 18:44:09.445000+00:00,58.03678059999843,,,,335.938,-0.688,-1.25,23.0,-135.5,-5.25,-11.062,-0.027,0.004,0.033,-0.14,0.39,9.55,-0.04,0.14,-0.25,-0.1,0.24,9.8,1.7275,0.0,0.0,0.0,5.0,8.0,1016.66,66.93,-13.96
2025-03-24 18:44:10.596000+00:00,58.03678059999843,,,,335.938,-0.688,-1.25,23.0,-135.5,-5.25,-11.062,-0.027,0.004,0.033,-0.14,0.39,9.55,-0.04,0.14,-0.25,-0.1,0.24,9.8,1.7275,0.0,0.0,0.0,5.0,8.0,1016.66,67.06,-13.96
2025-03-24 18:44:12.112000+00:00,58.03678059999843,,,,335.938,-0.688,-1.25,23.0,-135.5,-5.25,-11.062,-0.027,0.004,0.033,-0.14,0.39,9.55,-0.04,0.14,-0.25,-0.1,0.24,9.8,1.7275,0.0,0.0,0.0,5.0,8.0,1016.66,67.06,-13.96
2025-03-24 18:44:13.312000+00:00,58.03678059999843,,,,335.938,-0.688,-1.25,23.0,-135.5,-5.25,-11.062,-0.027,0.004,0.033,-0.14,0.39,9.55,-0.04,0.14,-0.25,-0.1,0.24,9.8,1.7275,0.0,0.0,0.0,5.0,8.0,1016.66,67.06,-13.96
2025-03-24 18:44:14.292000+00:00,58.03678059999843,,,,335.938,-0.688,-1.25,23.0,-135.5,-5.25,-11.062,-0.027,0.004,0.033,-0.14,0.39,9.55,-0.04,0.14,-0.25,-0.1,0.24,9.8,1.7275,0.0,0.0,0.0,5.0,8.0,1016.66,67.06,-13.96
2025-03-24 18:44:15.266000+00:00,58.03678059999843,,,,335.938,-0.688,-1.25,23.0,-135.5,-5.25,-11.062,-0.027,0.004,0.033,-0.14,0.39,9.55,-0.04,0.14,-0.25,-0.1,0.24,9.8,1.7275,0.0,0.0,0.0,5.0,8.0,1016.66,67.06,-13.96
2025-03-24 18:44:16.318000+00:00,58.03678059999843,,,,335.938,-0.688,-1.25,23.0,-135.5,-5.25,-11.062,-0.027,0.004,0.033,-0.14,0.39,9.55,-0.04,0.14,-0.25,-0.1,0.24,9.8,1.7275,0.0,0.0,0.0,5.0,8.0,1016.66,67.06,-13.96
2025-03-24 18:44:17.464000+00:00,58.03678059999843,,,,335.938,-0.688,-1.25,23.0,-135.5,-5.25,-11.062,-0.027,0.004,0.033,-0.14,0.39,9.55,-0.04,0.14,-0.25,-0.1,0.24,9.8,1.7275,0.0,0.0,0.0,5.0,8.0,1016.66,67.06,-13.96
2025-03-24 18:44:18.602000+00:00,58.03678059999843,,,,335.938,-0.688,-1.25,23.0,-135.5,-5.25,-11.062,-0.027,0.004,0.033,-0.14,0.39,9.55,-0.04,0.14,-0.25,-0.1,0.24,9.8,1.7275,0.0,0.0,0.0,5.0,8.0,1016.66,67.06,-13.96
2025-03-24 18:44:19.651000+00:00,58.03678059999843,,,,335.938,-0.688,-1.25,23.0,-135.5,-5.25,-11.062,-0.027,0.004,0.033,-0.14,0.39,9.55,-0.04,0.14,-0.25,-0.1,0.24,9.8,1.7275,0.0,0.0,0.0,5.0,8.0,1016.66,67.06,-13.96
2025-03-24 18:44:21.166000+00:00,58.03678059999843,,,,335.938,-0.688,-1.25,23.0,-135.5,-5.25,-11.062,-0.027,0.004,0.033,-0.14,0.39,9.55,-0.04,0.14,-0.25,-0.1,0.24,9.8,1.7275,0.0,0.0,0.0,5.0,8.0,1016.66,67.06,-13.96
2025-03-24 18:44:22.330000+00:00,58.03678059999843,,,,335.938,-0.688,-1.25,23.0,-135.5,-5.25,-11.062,-0.027,0.004,0.033,-0.14,0.39,9.55,-0.04,0.14,-0.25,-0.1,0.24,9.8,1.7275,0.0,0.0,0.0,5.0,8.0,1016.66,67.06,-13.96
2025-03-24 18:44:23.371000+00:00,58.03678059999843,,,,335.938,-0.688,-1.25,23.0,-135.5,-5.25,-11.062,-0.027,0.004,0.033,-0.14,0.39,9.55,-0.04,0.14,-0.25,-0.1,0.24,9.8,1.7275,0.0,0.0,0.0,5.0,8.0,1016.66,67.06,-13.96
2025-03-24 18:44:24.327000+00:00,58.03678059999843,,,,335.938,-0.688,-1.25,23.0,-135.5,-5.25,-11.062,-0.027,0.004,0.033,-0.14,0.39,9.55,-0.04,0.14,-0.25,-0.1,0.24,9.8,1.7275,0.0,0.0,0.0,5.0,8.0,1016.66,67.06,-13.96
2025-03-24 18:44:25.363000+00:00,58.03678059999843,,,,335.938,-0.688,-1.25,23.0,-135.5,-5.25,-11.062,-0.027,0.004,0.033,-0.14,0.39,9.55,-0.04,0.14,-0.25,-0.1,0.24,9.8,1.7275,0.0,0.0,0.0,5.0,8.0,1016.66,67.06,-13.96
2025-03-24 18:44:26.410000+00:00,58.03678059999843,,,,335.938,-0.688,-1.25,23.0,-135.5,-5.25,-11.062,-0.027,0.004,0.033,-0.14,0.39,9.55,-0.04,0.14,-0.25,-0.1,0.24,9.8,1.7275,0.0,0.0,0.0,5.0,8.0,1016.66,67.06,-13.96
2025-03-24 18:44:27.470000+00:00,58.03678059999843,,,,335.938,-0.688,-1.25,23.0,-135.5,-5.25,-11.062,-0.027,0.004,0.033,-0.14,0.39,9.55,-0.04,0.14,-0.25,-0.1,0.24,9.8,1.7275,0.0,0.0,0.0,5.0,8.0,1016.66,67.06,-13.96
2025-03-24 18:44:28.606000+00:00,58.03678059999843,,,,335.938,-0.688,-1.25,23.0,-135.5,-5.25,-11.062,-0.027,0.004,0.033,-0.14,0.39,9.55,-0.04,0.14,-0.25,-0.1,0.24,9.8,1.7275,0.0,0.0,0.0,5.0,8.0,1016.66,67.06,-13.96
2025-03-24 18:44:29.657000+00:00,58.03678059999843,,,,335.938,-0.688,-1.25,23.0,-135.5,-5.25,-11.062,-0.027,0.004,0.033,-0.14,0.39,9.55,-0.04,0.14,-0.25,-0.1,0.24,9.8,1.7275,0.0,0.0,0.0,5.0,8.0,1016.66,67.06,-13.96
2025-03-24 18:44:30.790000+00:00,58.03678059999843,,,,335.938,-0.688,-1.25,23.0,-135.5,-5.25,-11.062,-0.027,0.004,0.033,-0.14,0.39,9.55,-0.04,0.14,-0.25,-0.1,0.24,9.8,1.7275,0.0,0.0,0.0,5.0,8.0,1016.66,67.06,-13.96
2025-03-24 18:43:32.811000+00:00,58.03678059999843,,,,335.938,-0.688,-1.25,23.0,-135.5,-5.25,-11.062,-0.027,0.004,0.033,-0.14,0.39,9.55,-0.04,0.14,-0.25,-0.1,0.24,9.8,1.7275,0.0,0.0,0.0,5.0,8.0,1016.66,67.06,-13.96
2025-03-24 18:43:33.846000+00:00,58.03678059999843,,,,335.938,-0.688,-1.25,23.0,-135.5,-5.25,-11.062,-0.027,0.004,0.033,-0.14,0.39,9.55,-0.04,0.14,-0.25,-0.1,0.24,9.8,1.7275,0.0,0.0,0.0,5.0,8.0,1016.66,67.06,-13.96
2025-03-24 18:43:34.862000+00:00,58.03678059999843,,,,335.938,-0.688,-1.25,23.0,-135.5,-5.25,-11.062,-0.027,0.004,0.033,-0.14,0.39,9.55,-0.04,0.14,-0.25,-0.1,0.24,9.8,1.7275,0.0,0.0,0.0,5.0,8.0,1016.66,67.06,-13.96
2025-03-24 18:43:36.132000+00:00,58.03678059999843,,,,335.938,-0.688,-1.25,23.0,-135.5,-5.25,-11.062,-0.027,0.004,0.033,-0.14,0.39,9.55,-0.04,0.14,-0.25,-0.1,0.24,9.8,1.7275,0.0,0.0,0.0,5.0,8.0,1016.66,67.06,-13.96
2025-03-24 18:43:37.031000+00:00,58.03678059999843,,,,335.938,-0.688,-1.25,23.0,-135.5,-5.25,-11.062,-0.027,0.004,0.033,-0.14,0.39,9.55,-0.04,0.14,-0.25,-0.1,0.24,9.8,1.7275,0.0,0.0,0.0,5.0,8.0,1016.66,67.06,-13.96
2025-03-24 18:43:38.110000+00:00,58.03678059999843,,,,335.938,-0.688,-1.25,23.0,-135.5,-5.25,-11.062,-0.027,0.004,0.033,-0.14,0.39,9.55,-0.04,0.14,-0.25,-0.1,0.24,9.8,1.7275,0.0,0.0,0.0,5.0,8.0,1016.66,67.06,-13.96
2025-03-24 18:43:39.851000+00:00,58.03678059999843,,,,335.938,-0.688,-1.25,23.0,-135.5,-5.25,-11.062,-0.027,0.004,0.033,-0.14,0.39,9.55,-0.04,0.14,-0.25,-0.1,0.24,9.8,1.7275,0.0,0.0,0.0,5.0,8.0,1016.66,67.06,-13.96
2025-03-24 18:43:40.866000+00:00,58.03678059999843,,,,335.938,-0.688,-1.25,23.0,-135.5,-5.25,-11.062,-0.027,0.004,0.033,-0.14,0.39,9.55,-0.04,0.14,-0.25,-0.1,0.24,9.8,1.7275,0.0,0.0,0.0,5.0,8.0,1016.66,67.06,-14.48
2025-03-24 18:43:42.029000+00:00,58.03678059999843,,,,335.938,-0.688,-1.25,23.0,-135.5,-5.25,-11.062,-0.027,0.004,0.033,-0.14,0.39,9.55,-0.04,0.14,-0.25,-0.1,0.24,9.8,1.7275,0.0,0.0,0.0,5.0,8.0,1016.66,67.06,-14.48
2025-03-24 18:43:43.105000+00:00,58.03678059999843,,,,335.938,-0.688,-1.25,23.0,-135.5,-5.25,-11.062,-0.027,0.004,0.033,-0.14,0.39,9.55,-0.04,0.14,-0.25,-0.1,0.24,9.8,1.7275,0.0,0.0,0.0,5.0,8.0,1016.66,67.06,-14.48
2025-03-24 18:43:44.081000+00:00,58.03678059999843,,,,335.938,-0.688,-1.25,23.0,-135.5,-5.25,-11.062,-0.027,0.004,0.033,-0.14,0.39,9.55,-0.04,0.14,-0.25,-0.1,0.24,9.8,1.7275,0.0,0.0,0.0,5.0,8.0,1016.66,67.06,-14.48
2025-03-24 18:43:45.124000+00:00,58.03678059999843,,,,335.938,-0.688,-1.25,23.0,-135.5,-5.25,-11.062,-0.027,0.004,0.033,-0.14,0.39,9.55,-0.04,0.14,-0.25,-0.1,0.24,9.8,1.7275,0.0,0.0,0.0,5.0,8.0,1016.66,67.06,-14.48
2025-03-24 18:43:46.155000+00:00,58.03678059999843,,,,335.938,-0.688,-1.25,23.0,-135.5,-5.25,-11.062,-0.027,0.004,0.033,-0.14,0.39,9.55,-0.04,0.14,-0.25,-0.1,0.24,9.8,1.7275,0.0,0.0,0.0,5.0,8.0,1016.66,67.06,-14.48
2025-03-24 18:43:47.214000+00:00,58.03678059999843,,,,335.938,-0.688,-1.25,23.0,-135.5,-5.25,-11.062,-0.027,0.004,0.033,-0.14,0.39,9.55,-0.04,0.14,-0.25,-0.1,0.24,9.8,1.7275,0.0,0.0,0.0,5.0,8.0,1016.66,67.06,-14.48
2025-03-24 18:43:48.378000+00:00,58.03678059999843,,,,335.938,-0.688,-1.25,23.0,-135.5,-5.25,-11.062,-0.027,0.004,0.033,-0.14,0.39,9.55,-0.04,0.14,-0.25,-0.1,0.24,9.8,1.7275,0.0,0.0,0.0,5.0,8.0,1016.66,67.06,-14.48
2025-03-24 18:43:49.434000+00:00,58.03678059999843,,,,335.938,-0.688,-1.25,23.0,-135.5,-5.25,-11.062,-0.027,0.004,0.033,-0.14,0.39,9.55,-0.04,0.14,-0.25,-0.1,0.24,9.8,1.7275,0.0,0.0,0.0,5.0,8.0,1016.66,67.06,-14.48
2025-03-24 18:43:50.334000+00:00,58.03678059999843,,,,335.938,-0.688,-1.25,23.0,-135.5,-5.25,-11.062,-0.027,0.004,0.033,-0.14,0.39,9.55,-0.04,0.14,-0.25,-0.1,0.24,9.8,1.7275,0.0,0.0,0.0,5.0,8.0,1016.66,67.06,-14.48
2025-03-24 18:43:51.413000+00:00,58.03678059999843,,,,335.938,-0.688,-1.25,23.0,-135.5,-5.25,-11.062,-0.027,0.004,0.033,-0.14,0.39,9.55,-0.04,0.14,-0.25,-0.1,0.24,9.8,1.7275,0.0,0.0,0.0,5.0,8.0,1016.66,67.06,-14.48
2025-03-24 18:43:52.550000+00:00,58.03678059999843,,,,335.938,-0.688,-1.25,23.0,-135.5,-5.25,-11.062,-0.027,0.004,0.033,-0.14,0.39,9.55,-0.04,0.14,-0.25,-0.1,0.24,9.8,1.7275,0.0,0.0,0.0,5.0,8.0,1016.66,67.06,-14.48
2025-03-24 18:43:53.609000+00:00,58.03678059999843,,,,335.938,-0.688,-1.25,23.0,-135.5,-5.25,-11.062,-0.027,0.004,0.033,-0.14,0.39,9.55,-0.04,0.14,-0.25,-0.1,0.24,9.8,1.7275,0.0,0.0,0.0,5.0,8.0,1016.66,67.06,-14.48
2025-03-24 18:43:55.020000+00:00,58.03678059999843,,,,335.938,-0.688,-1.25,23.0,-135.5,-5.25,-11.062,-0.027,0.004,0.033,-0.14,0.39,9.55,-0.04,0.14,-0.25,-0.1,0.24,9.8,1.7275,0.0,0.0,0.0,5.0,8.0,1016.66,67.06,-14.48
2025-03-24 18:43:55.990000+00:00,58.03678059999843,,,,335.938,-0.688,-1.25,23.0,-135.5,-5.25,-11.062,-0.027,0.004,0.033,-0.14,0.39,9.55,-0.04,0.14,-0.25,-0.1,0.24,9.8,1.7275,0.0,0.0,0.0,5.0,8.0,1016.66,67.06,-14.48
2025-03-24 18:43:57.200000+00:00,58.03678059999843,,,,335.938,-0.688,-1.25,23.0,-135.5,-5.25,-11.062,-0.027,0.004,0.033,-0.14,0.39,9.55,-0.04,0.14,-0.25,-0.1,0.24,9.8,1.7275,0.0,0.0,0.0,5.0,8.0,1016.66,67.06,-14.48
2025-03-24 18:43:58.279000+00:00,58.03678059999843,,,,335.938,-0.688,-1.25,23.0,-135.5,-5.25,-11.062,-0.027,0.004,0.033,-0.14,0.39,9.55,-0.04,0.14,-0.25,-0.1,0.24,9.8,1.7275,0.0,0.0,0.0,5.0,8.0,1016.66,67.06,-14.48
2025-03-24 18:43:59.253000+00:00,58.03678059999843,,,,335.938,-0.688,-1.25,23.0,-135.5,-5.25,-11.062,-0.027,0.004,0.033,-0.14,0.39,9.55,-0.04,0.14,-0.25,-0.1,0.24,9.8,1.7275,0.0,0.0,0.0,5.0,8.0,1016.66,67.06,-14.48
2025-03-24 18:44:00.235000+00:00,58.03678059999843,,,,335.938,-0.688,-1.25,23.0,-135.5,-5.25,-11.062,-0.027,0.004,0.033,-0.14,0.39,9.55,-0.04,0.14,-0.25,-0.1,0.24,9.8,1.7275,0.0,0.0,0.0,5.0,8.0,1016.66,67.06,-14.48
2025-03-24 18:44:01.266000+00:00,58.03678059999843,,,,335.938,-0.688,-1.25,23.0,-135.5,-5.25,-11.062,-0.027,0.004,0.033,-0.14,0.39,9.55,-0.04,0.14,-0.25,-0.1,0.24,9.8,1.7275,0.0,0.0,0.0,5.0,8.0,1016.66,67.06,-14.48
2025-03-24 18:44:02.363000+00:00,58.03678059999843,,,,335.938,-0.688,-1.25,23.0,-135.5,-5.25,-11.062,-0.027,0.004,0.033,-0.14,0.39,9.55,-0.04,0.14,-0.25,-0.1,0.24,9.8,1.7275,0.0,0.0,0.0,5.0,8.0,1016.66,67.06,-14.48
2025-03-24 18:44:03.519000+00:00,58.03678059999843,,,,335.938,-0.688,-1.25,23.0,-135.5,-5.25,-11.062,-0.027,0.004,0.033,-0.14,0.39,9.55,-0.04,0.14,-0.25,-0.1,0.24,9.8,1.7275,0.0,0.0,0.0,5.0,8.0,1016.66,67.06,-14.48
2025-03-24 18:44:04.667000+00:00,58.03678059999843,,,,335.938,-0.688,-1.25,23.0,-135.5,-5.25,-11.062,-0.027,0.004,0.033,-0.14,0.39,9.55,-0.04,0.14,-0.25,-0.1,0.24,9.8,1.7275,0.0,0.0,0.0,5.0,8.0,1016.66,67.06,-14.48
2025-03-24 18:44:06.083000+00:00,58.03678059999843,,,,335.938,-0.688,-1.25,23.0,-135.5,-5.25,-11.062,-0.027,0.004,0.033,-0.14,0.39,9.55,-0.04,0.14,-0.25,-0.1,0.24,9.8,1.7275,0.0,0.0,0.0,5.0,8.0,1016.66,67.06,-14.48
2025-03-24 18:44:07.294000+00:00,58.03678059999843,,,,335.938,-0.688,-1.25,23.0,-135.5,-5.25,-11.062,-0.027,0.004,0.033,-0.14,0.39,9.55,-0.04,0.14,-0.25,-0.1,0.24,9.8,1.7275,0.0,0.0,0.0,5.0,8.0,1016.66,67.06,-14.48
2025-03-24 18:44:08.359000+00:00,58.03678059999843,,,,335.938,-0.688,-1.25,23.0,-135.5,-5.25,-11.062,-0.027,0.004,0.033,-0.14,0.39,9.55,-0.04,0.14,-0.25,-0.1,0.24,9.8,1.7275,0.0,0.0,0.0,5.0,8.0,1016.66,67.06,-14.48
2025-03-24 18:44:09.552000+00:00,58.03678059999843,,,,335.938,-0.688,-1.25,23.0,-135.5,-5.25,-11.062,-0.027,0.004,0.033,-0.14,0.39,9.55,-0.04,0.14,-0.25,-0.1,0.24,9.8,1.7275,0.0,0.0,0.0,5.0,8.0,1016.66,67.06,-14.48
2025-03-24 18:44:10.692000+00:00,58.03678059999843,,,,335.938,-0.688,-1.25,23.0,-135.5,-5.25,-11.062,-0.027,0.004,0.033,-0.14,0.39,9.55,-0.04,0.14,-0.25,-0.1,0.24,9.8,1.7275,0.0,0.0,0.0,5.0,8.0,1016.66,67.06,-13.91
2025-03-24 18:44:12.211000+00:00,58.03678059999843,,,,335.938,-0.688,-1.25,23.0,-135.5,-5.25,-11.062,-0.027,0.004,0.033,-0.14,0.39,9.55,-0.04,0.14,-0.25,-0.1,0.24,9.8,1.7275,0.0,0.0,0.0,5.0,8.0,1016.66,67.06,-13.91
2025-03-24 18:44:13.412000+00:00,58.03678059999843,,,,335.938,-0.688,-1.25,23.0,-135.5,-5.25,-11.062,-0.027,0.004,0.033,-0.14,0.39,9.55,-0.04,0.14,-0.25,-0.1,0.24,9.8,1.7275,0.0,0.0,0.0,5.0,8.0,1016.66,67.06,-13.91
2025-03-24 18:44:14.398000+00:00,58.03678059999843,,,,335.938,-0.688,-1.25,23.0,-135.5,-5.25,-11.062,-0.027,0.004,0.033,-0.14,0.39,9.55,-0.04,0.14,-0.25,-0.1,0.24,9.8,1.7275,0.0,0.0,0.0,5.0,8.0,1016.66,67.06,-13.91
2025-03-24 18:44:15.372000+00:00,58.03678059999843,,,,335.938,-0.688,-1.25,23.0,-135.5,-5.25,-11.062,-0.027,0.004,0.033,-0.14,0.39,9.55,-0.04,0.14,-0.25,-0.1,0.24,9.8,1.7275,0.0,0.0,0.0,5.0,8.0,1016.66,67.06,-13.91
2025-03-24 18:44:16.423000+00:00,58.03678059999843,,,,335.938,-0.688,-1.25,23.0,-135.5,-5.25,-11.062,-0.027,0.004,0.033,-0.14,0.39,9.55,-0.04,0.14,-0.25,-0.1,0.24,9.8,1.7275,0.0,0.0,0.0,5.0,8.0,1016.66,67.06,-13.91
2025-03-24 18:44:17.568000+00:00,58.03678059999843,,,,335.938,-0.688,-1.25,23.0,-135.5,-5.25,-11.062,-0.027,0.004,0.033,-0.14,0.39,9.55,-0.04,0.14,-0.25,-0.1,0.24,9.8,1.7275,0.0,0.0,0.0,5.0,8.0,1016.66,67.06,-13.91
2025-03-24 18:44:18.701000+00:00,58.03678059999843,,,,335.938,-0.688,-1.25,23.0,-135.5,-5.25,-11.062,-0.027,0.004,0.033,-0.14,0.39,9.55,-0.04,0.14,-0.25,-0.1,0.24,9.8,1.7275,0.0,0.0,0.0,5.0,8.0,1016.66,67.06,-13.91
2025-03-24 18:44:19.757000+00:00,58.03678059999843,,,,335.938,-0.688,-1.25,23.0,-135.5,-5.25,-11.062,-0.027,0.004,0.033,-0.14,0.39,9.55,-0.04,0.14,-0.25,-0.1,0.24,9.8,1.7275,0.0,0.0,0.0,5.0,8.0,1016.66,67.06,-13.91
2025-03-24 18:44:21.261000+00:00,58.03678059999843,,,,335.938,-0.688,-1.25,23.0,-135.5,-5.25,-11.062,-0.027,0.004,0.033,-0.14,0.39,9.55,-0.04,0.14,-0.25,-0.1,0.24,9.8,1.7275,0.0,0.0,0.0,5.0,8.0,1016.66,67.06,-13.91
2025-03-24 18:44:22.441000+00:00,58.03678059999843,,,,335.938,-0.688,-1.25,23.0,-135.5,-5.25,-11.062,-0.027,0.004,0.033,-0.14,0.39,9.55,-0.04,0.14,-0.25,-0.1,0.24,9.8,1.7275,0.0,0.0,0.0,5.0,8.0,1016.66,67.06,-13.91
2025-03-24 18:44:23.472000+00:00,58.03678059999843,,,,335.938,-0.688,-1.25,23.0,-135.5,-5.25,-11.062,-0.027,0.004,0.033,-0.14,0.39,9.55,-0.04,0.14,-0.25,-0.1,0.24,9.8,1.7275,0.0,0.0,0.0,5.0,8.0,1016.66,67.06,-13.91
2025-03-24 18:44:24.447000+00:00,58.03678059999843,,,,335.938,-0.688,-1.25,23.0,-135.5,-5.25,-11.062,-0.027,0.004,0.033,-0.14,0.39,9.55,-0.04,0.14,-0.25,-0.1,0.24,9.8,1.7275,0.0,0.0,0.0,5.0,8.0,1016.66,67.06,-13.91
2025-03-24 18:44:25.477000+00:00,58.03678059999843,,,,335.938,-0.688,-1.25,23.0,-135.5,-5.25,-11.062,-0.027,0.004,0.033,-0.14,0.39,9.55,-0.04,0.14,-0.25,-0.1,0.24,9.8,1.7275,0.0,0.0,0.0,5.0,8.0,1016.66,67.06,-13.91
2025-03-24 18:44:26.511000+00:00,58.03678059999843,,,,335.938,-0.688,-1.25,23.0,-135.5,-5.25,-11.062,-0.027,0.004,0.033,-0.14,0.39,9.55,-0.04,0.14,-0.25,-0.1,0.24,9.8,1.7275,0.0,0.0,0.0,5.0,8.0,1016.66,67.06,-13.91
2025-03-24 18:44:27.582000+00:00,58.03678059999843,,,,335.938,-0.688,-1.25,23.0,-135.5,-5.25,-11.062,-0.027,0.004,0.033,-0.14,0.39,9.55,-0.04,0.14,-0.25,-0.1,0.24,9.8,1.7275,0.0,0.0,0.0,5.0,8.0,1016.66,67.06,-13.91
2025-03-24 18:44:28.710000+00:00,58.03678059999843,,,,335.938,-0.688,-1.25,23.0,-135.5,-5.25,-11.062,-0.027,0.004,0.033,-0.14,0.39,9.55,-0.04,0.14,-0.25,-0.1,0.24,9.8,1.7275,0.0,0.0,0.0,5.0,8.0,1016.66,67.06,-13.91
2025-03-24 18:44:29.770000+00:00,58.03678059999843,,,,335.938,-0.688,-1.25,23.0,-135.5,-5.25,-11.062,-0.027,0.004,0.033,-0.14,0.39,9.55,-0.04,0.14,-0.25,-0.1,0.24,9.8,1.7275,0.0,0.0,0.0,5.0,8.0,1016.66,67.06,-13.91
2025-03-24 18:44:30.890000+00:00,58.03678059999843,,,,335.938,-0.688,-1.25,23.0,-135.5,-5.25,-11.062,-0.027,0.004,0.033,-0.14,0.39,9.55,-0.04,0.14,-0.25,-0.1,0.24,9.8,1.7275,0.0,0.0,0.0,5.0,8.0,1016.66,67.06,-13.91
