,rpm_value,rpm_blade_1,rpm_blade_2,rpm_blade_3,orientation_heading,orientation_roll,orientation_pitch,temperature_value,magnetometer_mx,magnetometer_my,magnetometer_mz,gyroscope_gx,gyroscope_gy,gyroscope_gz,accelerometer_ax,accelerometer_ay,accelerometer_az,linear_acceleration_lx,linear_acceleration_ly,linear_acceleration_lz,gravity_grx,gravity_gry,gravity_grz,voltage_value,current_value,power_value,servo_value,speed_value,direction_value,pressure_value,humidity_value,altitude_value
2025-03-24 18:37:06.147000+00:00,56.790020357587466,,,,346.5,-0.938,-1.312,23.0,-62.375,0.5,-33.5,0.002,-0.006,-0.012,-1.01,0.59,9.34,-0.84,0.36,-0.45,-0.17,0.23,9.8,1.82625,0.0,0.0,0.0,0.0,6.0,1016.87,67.61,-15.52
2025-03-24 18:37:06.829000+00:00,56.94771744128674,,,,346.5,-0.938,-1.312,23.0,-62.375,0.5,-33.5,0.002,-0.006,-0.012,-1.01,0.59,9.34,-0.84,0.36,-0.45,-0.17,0.23,9.8,1.82625,0.0,0.0,0.0,0.0,6.0,1016.87,67.61,-15.52
2025-03-24 18:37:07.910000+00:00,56.94739052108836,,,,346.5,-0.938,-1.312,23.0,-62.375,0.5,-33.5,0.002,-0.006,-0.012,-1.01,0.59,9.34,-0.84,0.36,-0.45,-0.17,0.23,9.8,1.82625,0.0,0.0,0.0,0.0,6.0,1016.87,67.61,-15.52
2025-03-24 18:37:08.910000+00:00,57.22008750434876,,,,346.5,-0.938,-1.312,23.0,-62.375,0.5,-33.5,0.002,-0.006,-0.012,-1.01,0.59,9.34,-0.84,0.36,-0.45,-0.17,0.23,9.8,1.82625,0.0,0.0,0.0,0.0,6.0,1016.87,67.61,-15.52
2025-03-24 18:37:10.167000+00:00,57.49272278578129,,,,346.5,-0.938,-1.312,23.0,-62.375,0.5,-33.5,0.002,-0.006,-0.012,-1.01,0.59,9.34,-0.84,0.36,-0.45,-0.17,0.23,9.8,1.82625,0.0,0.0,0.0,0.0,6.0,1016.87,67.61,-15.52
2025-03-24 18:37:11.347000+00:00,57.49266613436854,,,,346.5,-0.938,-1.312,23.0,-62.375,0.5,-33.5,0.002,-0.006,-0.012,-1.01,0.59,9.34,-0.84,0.36,-0.45,-0.17,0.23,9.8,1.82625,0.0,0.0,0.0,0.0,6.0,1016.87,67.61,-15.52
2025-03-24 18:37:12.213000+00:00,57.492799645957916,,,,346.5,-0.938,-1.312,23.0,-62.375,0.5,-33.5,0.002,-0.006,-0.012,-1.01,0.59,9.34,-0.84,0.36,-0.45,-0.17,0.23,9.8,1.82625,0.0,0.0,0.0,0.0,6.0,1016.87,67.61,-15.52
2025-03-24 18:37:13.271000+00:00,57.76560885330791,,,,346.5,-0.938,-1.312,23.0,-62.375,0.5,-33.5,0.002,-0.006,-0.012,-1.01,0.59,9.34,-0.84,0.36,-0.45,-0.17,0.23,9.8,1.82625,0.0,0.0,0.0,0.0,6.0,1016.87,67.61,-15.52
2025-03-24 18:37:14.015000+00:00,58.038388892968634,,,,346.5,-0.938,-1.312,23.0,-62.375,0.5,-33.5,0.002,-0.006,-0.012,-1.01,0.59,9.34,-0.84,0.36,-0.45,-0.17,0.23,9.8,1.82625,0.0,0.0,0.0,0.0,6.0,1016.87,67.61,-15.52
2025-03-24 18:37:15.187000+00:00,57.76618192243175,,,,346.5,-0.938,-1.312,23.0,-62.375,0.5,-33.5,0.002,-0.006,-0.012,-1.01,0.59,9.34,-0.84,0.36,-0.45,-0.17,0.23,9.8,1.82625,0.0,0.0,0.0,0.0,6.0,1016.87,67.61,-15.52
2025-03-24 18:37:16.187000+00:00,58.0385245400897,,,,346.5,-0.938,-1.312,23.0,-62.375,0.5,-33.5,0.002,-0.006,-0.012,-1.01,0.59,9.34,-0.84,0.36,-0.45,-0.17,0.23,9.8,1.82625,0.0,0.0,0.0,0.0,6.0,1016.87,67.61,-15.52
2025-03-24 18:37:17.189000+00:00,58.038599511454684,,,,346.5,-0.938,-1.312,23.0,-62.375,0.5,-33.5,0.002,-0.006,-0.012,-1.01,0.59,9.34,-0.84,0.36,-0.45,-0.17,0.23,9.8,1.82625,0.0,0.0,0.0,0.0,6.0,1016.87,67.61,-15.52
2025-03-24 18:37:18.219000+00:00,58.03845375351098,,,,346.5,-0.938,-1.312,23.0,-62.375,0.5,-33.5,0.002,-0.006,-0.012,-1.01,0.59,9.34,-0.84,0.36,-0.45,-0.17,0.23,9.8,1.82625,0.0,0.0,0.0,0.0,6.0,1016.87,67.61,-15.52
2025-03-24 18:37:19.286000+00:00,58.038563000726924,,,,346.5,-0.938,-1.312,23.0,-62.375,0.5,-33.5,0.002,-0.006,-0.012,-1.01,0.59,9.34,-0.84,0.36,-0.45,-0.17,0.23,9.8,1.82625,0.0,0.0,0.0,0.0,6.0,1016.87,67.61,-15.52
2025-03-24 18:37:20.447000+00:00,58.03876364363756,,,,346.5,-0.938,-1.312,23.0,-62.375,0.5,-33.5,0.002,-0.006,-0.012,-1.01,0.59,9.34,-0.84,0.36,-0.45,-0.17,0.23,9.8,1.82625,0.0,0.0,0.0,0.0,6.0,1016.87,67.61,-15.52
2025-03-24 18:37:21.463000+00:00,58.0388079002631,,,,346.5,-0.938,-1.312,23.0,-62.375,0.5,-33.5,0.002,-0.006,-0.012,-1.01,0.59,9.34,-0.84,0.36,-0.45,-0.17,0.23,9.8,1.82625,0.0,0.0,0.0,0.0,6.0,1016.87,67.61,-15.52
2025-03-24 18:37:22.508000+00:00,58.31130419373638,,,,346.5,-0.938,-1.312,23.0,-62.375,0.5,-33.5,0.002,-0.006,-0.012,-1.01,0.59,9.34,-0.84,0.36,-0.45,-0.17,0.23,9.8,1.82625,0.0,0.0,0.0,0.0,6.0,1016.87,67.61,-15.52
2025-03-24 18:37:23.482000+00:00,58.038918314904755,,,,346.5,-0.938,-1.312,23.0,-62.375,0.5,-33.5,0.002,-0.006,-0.012,-1.01,0.59,9.34,-0.84,0.36,-0.45,-0.17,0.23,9.8,1.82625,0.0,0.0,0.0,0.0,6.0,1016.87,67.61,-15.52
2025-03-24 18:37:24.552000+00:00,58.038624175952144,,,,346.5,-0.938,-1.312,23.0,-62.375,0.5,-33.5,0.002,-0.006,-0.012,-1.01,0.59,9.34,-0.84,0.36,-0.45,-0.17,0.23,9.8,1.82625,0.0,0.0,0.0,0.0,6.0,1016.87,67.61,-15.52
2025-03-24 18:37:25.545000+00:00,58.03857991928826,,,,346.5,-0.938,-1.312,23.0,-62.375,0.5,-33.5,0.002,-0.006,-0.012,-1.01,0.59,9.34,-0.84,0.36,-0.45,-0.17,0.23,9.8,1.82625,0.0,0.0,0.0,0.0,6.0,1016.87,67.61,-15.52
2025-03-24 18:37:26.602000+00:00,58.03914817495587,,,,346.5,-0.938,-1.312,23.0,-62.375,0.5,-33.5,0.002,-0.006,-0.012,-1.01,0.59,9.34,-0.84,0.36,-0.45,-0.17,0.23,9.8,1.82625,0.0,0.0,0.0,0.0,6.0,1016.87,67.61,-15.52
2025-03-24 18:37:27.755000+00:00,58.03937521881279,,,,346.5,-0.938,-1.312,23.0,-62.375,0.5,-33.5,0.002,-0.006,-0.012,-1.01,0.59,9.34,-0.84,0.36,-0.45,-0.17,0.23,9.8,1.82625,0.0,0.0,0.0,0.0,6.0,1016.87,67.61,-15.52
2025-03-24 18:37:28.528000+00:00,58.31194260110059,,,,346.5,-0.938,-1.312,23.0,-62.375,0.5,-33.5,0.002,-0.006,-0.012,-1.01,0.59,9.34,-0.84,0.36,-0.45,-0.17,0.23,9.8,1.82625,0.0,0.0,0.0,0.0,6.0,1016.87,67.61,-15.52
2025-03-24 18:37:29.628000+00:00,58.03943615472449,,,,346.5,-0.938,-1.312,23.0,-62.375,0.5,-33.5,0.002,-0.006,-0.012,-1.01,0.59,9.34,-0.84,0.36,-0.45,-0.17,0.23,9.8,1.82625,0.0,0.0,0.0,0.0,6.0,1016.87,67.61,-15.52
2025-03-24 18:37:30.631000+00:00,58.03933976627587,,,,346.5,-0.938,-1.312,23.0,-62.375,0.5,-33.5,0.002,-0.006,-0.012,-1.01,0.59,9.34,-0.84,0.36,-0.45,-0.17,0.23,9.8,1.82625,0.0,0.0,0.0,0.0,6.0,1016.87,67.61,-15.52
2025-03-24 18:37:31.630000+00:00,58.31180553931379,,,,346.5,-0.938,-1.312,23.0,-62.375,0.5,-33.5,0.002,-0.006,-0.012,-1.01,0.59,9.34,-0.84,0.36,-0.45,-0.17,0.23,9.8,1.82625,0.0,0.0,0.0,0.0,6.0,1016.87,67.61,-15.52
2025-03-24 18:37:32.743000+00:00,58.03923906459418,,,,346.5,-0.938,-1.312,23.0,-62.375,0.5,-33.5,0.002,-0.006,-0.012,-1.01,0.59,9.34,-0.84,0.36,-0.45,-0.17,0.23,9.8,1.82625,0.0,0.0,0.0,0.0,6.0,1016.87,67.61,-15.52
2025-03-24 18:37:34.106000+00:00,57.76645463805117,,,,346.5,-0.938,-1.312,23.0,-62.375,0.5,-33.5,0.002,-0.006,-0.012,-1.01,0.59,9.34,-0.84,0.36,-0.45,-0.17,0.23,9.8,1.82625,0.0,0.0,0.0,0.0,6.0,1016.87,67.61,-15.52
2025-03-24 18:37:35.135000+00:00,57.76654675073094,,,,346.5,-0.938,-1.312,23.0,-62.375,0.5,-33.5,0.002,-0.006,-0.012,-1.01,0.59,9.34,-0.84,0.36,-0.45,-0.17,0.23,9.8,1.82625,0.0,0.0,0.0,0.0,6.0,1016.87,67.61,-15.52
2025-03-24 18:37:36.135000+00:00,57.766581567858125,,,,346.5,-0.938,-1.312,23.0,-62.375,0.5,-33.5,0.002,-0.006,-0.012,-1.01,0.59,9.34,-0.84,0.36,-0.45,-0.17,0.23,9.8,1.82625,0.0,0.0,0.0,0.0,6.0,1016.87,67.61,-15.52
2025-03-24 18:37:37.166000+00:00,57.76673579213125,,,,346.5,-0.938,-1.312,23.0,-62.375,0.5,-33.5,0.002,-0.006,-0.012,-1.01,0.59,9.34,-0.84,0.36,-0.45,-0.17,0.23,9.8,1.82625,0.0,0.0,0.0,0.0,6.0,1016.87,67.61,-15.52
2025-03-24 18:37:38.166000+00:00,57.49422857028933,,,,346.5,-0.938,-1.312,23.0,-62.375,0.5,-33.5,0.002,-0.006,-0.012,-1.01,0.59,9.34,-0.84,0.36,-0.45,-0.17,0.23,9.8,1.82625,0.0,0.0,0.0,0.0,6.0,1016.87,67.61,-15.52
2025-03-24 18:37:39.498000+00:00,57.766636506437365,,,,346.5,-0.938,-1.312,23.0,-62.375,0.5,-33.5,0.002,-0.006,-0.012,-1.01,0.59,9.34,-0.84,0.36,-0.45,-0.17,0.23,9.8,1.82625,0.0,0.0,0.0,0.0,6.0,1016.87,67.61,-15.52
2025-03-24 18:37:40.340000+00:00,57.494090300754316,,,,346.5,-0.938,-1.312,23.0,-62.375,0.5,-33.5,0.002,-0.006,-0.012,-1.01,0.59,9.34,-0.84,0.36,-0.45,-0.17,0.23,9.8,1.82625,0.0,0.0,0.0,0.0,6.0,1016.87,67.61,-15.52
2025-03-24 18:37:41.348000+00:00,57.493917503475096,,,,346.5,-0.938,-1.312,23.0,-62.375,0.5,-33.5,0.002,-0.006,-0.012,-1.01,0.59,9.34,-0.84,0.36,-0.45,-0.17,0.23,9.8,1.82625,0.0,0.0,0.0,0.0,6.0,1016.87,67.61,-15.52
2025-03-24 18:37:42.354000+00:00,57.76608420886809,,,,346.5,-0.938,-1.312,23.0,-62.375,0.5,-33.5,0.002,-0.006,-0.012,-1.01,0.59,9.34,-0.84,0.36,-0.45,-0.17,0.23,9.8,1.82625,0.0,0.0,0.0,0.0,6.0,1016.87,67.61,-15.52
2025-03-24 18:37:43.365000+00:00,57.49376549975731,,,,346.5,-0.938,-1.312,23.0,-62.375,0.5,-33.5,0.002,-0.006,-0.012,-1.01,0.59,9.34,-0.84,0.36,-0.45,-0.17,0.23,9.8,1.82625,0.0,0.0,0.0,0.0,6.0,1016.87,67.61,-15.52
2025-03-24 18:37:44.676000+00:00,57.49394898997175,,,,346.5,-0.938,-1.312,23.0,-62.375,0.5,-33.5,0.002,-0.006,-0.012,-1.01,0.59,9.34,-0.84,0.36,-0.45,-0.17,0.23,9.8,1.82625,0.0,0.0,0.0,0.0,6.0,1016.87,67.61,-15.52
2025-03-24 18:37:45.740000+00:00,57.221895425973514,,,,346.5,-0.938,-1.312,23.0,-62.375,0.5,-33.5,0.002,-0.006,-0.012,-1.01,0.59,9.34,-0.84,0.36,-0.45,-0.17,0.23,9.8,1.82625,0.0,0.0,0.0,0.0,6.0,1016.87,67.61,-15.52
2025-03-24 18:37:46.710000+00:00,57.494357222965185,,,,346.5,-0.938,-1.312,23.0,-62.375,0.5,-33.5,0.002,-0.006,-0.012,-1.01,0.59,9.34,-0.84,0.36,-0.45,-0.17,0.23,9.8,1.82625,0.0,0.0,0.0,0.0,6.0,1016.87,67.61,-15.52
2025-03-24 18:37:47.544000+00:00,57.22192966070543,,,,346.5,-0.938,-1.312,23.0,-62.375,0.5,-33.5,0.002,-0.006,-0.012,-1.01,0.59,9.34,-0.84,0.36,-0.45,-0.17,0.23,9.8,1.82625,0.0,0.0,0.0,0.0,6.0,1016.87,67.61,-15.52
2025-03-24 18:37:48.905000+00:00,56.94965877679944,,,,346.5,-0.938,-1.312,23.0,-62.375,0.5,-33.5,0.002,-0.006,-0.012,-1.01,0.59,9.34,-0.84,0.36,-0.45,-0.17,0.23,9.8,1.82625,0.0,0.0,0.0,0.0,6.0,1016.87,67.61,-15.52
2025-03-24 18:37:49.646000+00:00,56.949790156474606,,,,346.5,-0.938,-1.312,23.0,-62.375,0.5,-33.5,0.002,-0.006,-0.012,-1.01,0.59,9.34,-0.84,0.36,-0.45,-0.17,0.23,9.8,1.82625,0.0,0.0,0.0,0.0,6.0,1016.87,67.61,-15.52
2025-03-24 18:37:50.750000+00:00,56.949942369170444,,,,346.5,-0.938,-1.312,23.0,-62.375,0.5,-33.5,0.002,-0.006,-0.012,-1.01,0.59,9.34,-0.84,0.36,-0.45,-0.17,0.23,9.8,1.82625,0.0,0.0,0.0,0.0,6.0,1016.87,67.61,-15.52
2025-03-24 18:37:51.748000+00:00,56.95028154118201,,,,346.5,-0.938,-1.312,23.0,-62.375,0.5,-33.5,0.002,-0.006,-0.012,-1.01,0.59,9.34,-0.84,0.36,-0.45,-0.17,0.23,9.8,1.82625,0.0,0.0,0.0,0.0,6.0,1016.87,67.61,-15.52
2025-03-24 18:37:52.874000+00:00,56.677762069500396,,,,346.5,-0.938,-1.312,23.0,-62.375,0.5,-33.5,0.002,-0.006,-0.012,-1.01,0.59,9.34,-0.84,0.36,-0.45,-0.17,0.23,9.8,1.82625,0.0,0.0,0.0,0.0,6.0,1016.87,67.61,-15.52
2025-03-24 18:37:53.849000+00:00,56.950484917835034,,,,346.5,-0.938,-1.312,23.0,-62.375,0.5,-33.5,0.002,-0.006,-0.012,-1.01,0.59,9.34,-0.84,0.36,-0.45,-0.17,0.23,9.8,1.82625,0.0,0.0,0.0,0.0,6.0,1016.87,67.61,-15.52
2025-03-24 18:37:54.850000+00:00,57.22312010961764,,,,346.5,-0.938,-1.312,23.0,-62.375,0.5,-33.5,0.002,-0.006,-0.012,-1.01,0.59,9.34,-0.84,0.36,-0.45,-0.17,0.23,9.8,1.82625,0.0,0.0,0.0,0.0,6.0,1016.87,67.61,-15.52
2025-03-24 18:37:55.952000+00:00,56.95036241882359,,,,346.5,-0.938,-1.312,23.0,-62.375,0.5,-33.5,0.002,-0.006,-0.012,-1.01,0.59,9.34,-0.84,0.36,-0.45,-0.17,0.23,9.8,1.82625,0.0,0.0,0.0,0.0,6.0,1016.87,67.61,-15.52
2025-03-24 18:37:56.954000+00:00,57.2228308699833,,,,346.5,-0.938,-1.312,23.0,-62.375,0.5,-33.5,0.002,-0.006,-0.012,-1.01,0.59,9.34,-0.84,0.36,-0.45,-0.17,0.23,9.8,1.82625,0.0,0.0,0.0,0.0,6.0,1016.87,67.61,-15.52
2025-03-24 18:37:58.353000+00:00,56.9502868198093,,,,346.5,-0.938,-1.312,23.0,-62.375,0.5,-33.5,0.002,-0.006,-0.012,-1.01,0.59,9.34,-0.84,0.36,-0.45,-0.17,0.23,9.8,1.82625,0.0,0.0,0.0,0.0,6.0,1016.87,67.61,-15.52
2025-03-24 18:37:59.364000+00:00,57.222631251456924,,,,346.5,-0.938,-1.312,23.0,-62.375,0.5,-33.5,0.002,-0.006,-0.012,-1.01,0.59,9.34,-0.84,0.36,-0.45,-0.17,0.23,9.8,1.82625,0.0,0.0,0.0,0.0,6.0,1016.87,67.61,-15.52
2025-03-24 18:38:00.384000+00:00,57.22246205230257,,,,346.5,-0.938,-1.312,23.0,-62.375,0.5,-33.5,0.002,-0.006,-0.012,-1.01,0.59,9.34,-0.84,0.36,-0.45,-0.17,0.23,9.8,1.82625,0.0,0.0,0.0,0.0,6.0,1016.87,67.61,-15.52
2025-03-24 18:38:01.373000+00:00,57.495096804055585,,,,346.5,-0.938,-1.312,23.0,-62.375,0.5,-33.5,0.002,-0.006,-0.012,-1.01,0.59,9.34,-0.84,0.36,-0.45,-0.17,0.23,9.8,1.82625,0.0,0.0,0.0,0.0,6.0,1016.87,67.61,-15.52
2025-03-24 18:38:02.403000+00:00,57.22268446400956,,,,346.5,-0.938,-1.312,23.0,-62.375,0.5,-33.5,0.002,-0.006,-0.012,-1.01,0.59,9.34,-0.84,0.36,-0.45,-0.17,0.23,9.8,1.82625,0.0,0.0,0.0,0.0,6.0,1016.87,67.61,-15.52
2025-03-24 18:38:03.393000+00:00,57.2229243414633,,,,346.5,-0.938,-1.312,23.0,-62.375,0.5,-33.5,0.002,-0.006,-0.012,-1.01,0.59,9.34,-0.84,0.36,-0.45,-0.17,0.23,9.8,1.82625,0.0,0.0,0.0,0.0,6.0,1016.87,67.61,-15.52
2025-03-24 18:38:04.493000+00:00,57.49551505220501,,,,346.5,-0.938,-1.312,23.0,-62.375,0.5,-33.5,0.002,-0.006,-0.012,-1.01,0.59,9.34,-0.84,0.36,-0.45,-0.17,0.23,9.8,1.82625,0.0,0.0,0.0,0.0,6.0,1016.87,67.61,-15.52
2025-03-24 18:37:06.483000+00:00,57.49551505220501,,,,346.5,-0.938,-1.312,23.0,-62.375,0.5,-33.5,0.002,-0.006,-0.012,-1.01,0.59,9.34,-0.84,0.36,-0.45,-0.17,0.23,9.8,1.82625,0.0,0.0,0.0,0.0,6.0,1016.87,67.61,-15.52
2025-03-24 18:37:07.493000+00:00,57.49551505220501,,,,346.5,-0.938,-1.312,23.0,-62.375,0.5,-33.5,0.002,-0.006,-0.012,-1.01,0.59,9.34,-0.84,0.36,-0.45,-0.17,0.23,9.8,1.82625,0.0,0.0,0.0,0.0,6.0,1016.87,67.61,-15.52
2025-03-24 18:37:08.504000+00:00,57.49551505220501,,,,346.5,-0.875,-1.312,23.0,-62.375,0.5,-33.5,0.002,-0.006,-0.012,-1.01,0.59,9.34,-0.84,0.36,-0.45,-0.17,0.23,9.8,1.82625,0.0,0.0,0.0,0.0,6.0,1016.87,67.61,-15.52
2025-03-24 18:37:09.513000+00:00,57.49551505220501,,,,346.5,-0.875,-1.438,23.0,-62.375,0.5,-33.5,0.002,-0.006,-0.012,-1.01,0.59,9.34,-0.84,0.36,-0.45,-0.17,0.23,9.8,1.82625,0.0,0.0,0.0,0.0,6.0,1016.87,67.61,-15.52
2025-03-24 18:37:10.521000+00:00,57.49551505220501,,,,346.438,-0.812,-1.375,23.0,-62.375,0.5,-33.5,0.002,-0.006,-0.012,-1.01,0.59,9.34,-0.84,0.36,-0.45,-0.17,0.23,9.8,1.82625,0.0,0.0,0.0,0.0,6.0,1016.87,67.61,-15.52
2025-03-24 18:37:11.532000+00:00,57.49551505220501,,,,346.438,-0.75,-1.312,23.0,-62.375,0.5,-33.5,0.002,-0.006,-0.012,-1.01,0.59,9.34,-0.84,0.36,-0.45,-0.17,0.23,9.8,1.82625,0.0,0.0,0.0,0.0,6.0,1016.87,67.61,-15.52
2025-03-24 18:37:12.543000+00:00,57.49551505220501,,,,346.375,-0.875,-1.375,23.0,-62.375,0.5,-33.5,0.002,-0.006,-0.012,-1.01,0.59,9.34,-0.84,0.36,-0.45,-0.17,0.23,9.8,1.82625,0.0,0.0,0.0,0.0,6.0,1016.87,67.61,-15.52
2025-03-24 18:37:13.554000+00:00,57.49551505220501,,,,346.312,-0.812,-1.312,23.0,-62.375,0.5,-33.5,0.002,-0.006,-0.012,-1.01,0.59,9.34,-0.84,0.36,-0.45,-0.17,0.23,9.8,1.82625,0.0,0.0,0.0,0.0,6.0,1016.87,67.61,-15.52
2025-03-24 18:37:14.567000+00:00,57.49551505220501,,,,346.312,-0.938,-1.25,23.0,-62.375,0.5,-33.5,0.002,-0.006,-0.012,-1.01,0.59,9.34,-0.84,0.36,-0.45,-0.17,0.23,9.8,1.82625,0.0,0.0,0.0,0.0,6.0,1016.87,67.61,-15.52
2025-03-24 18:37:15.571000+00:00,57.49551505220501,,,,346.312,-0.875,-1.25,23.0,-62.375,0.5,-33.5,0.002,-0.006,-0.012,-1.01,0.59,9.34,-0.84,0.36,-0.45,-0.17,0.23,9.8,1.82625,0.0,0.0,0.0,0.0,6.0,1016.87,67.61,-15.52
2025-03-24 18:37:16.580000+00:00,57.49551505220501,,,,346.25,-0.812,-1.188,23.0,-62.375,0.5,-33.5,0.002,-0.006,-0.012,-1.01,0.59,9.34,-0.84,0.36,-0.45,-0.17,0.23,9.8,1.82625,0.0,0.0,0.0,0.0,6.0,1016.87,67.61,-15.52
2025-03-24 18:37:17.591000+00:00,57.49551505220501,,,,346.188,-0.812,-1.188,23.0,-62.375,0.5,-33.5,0.002,-0.006,-0.012,-1.01,0.59,9.34,-0.84,0.36,-0.45,-0.17,0.23,9.8,1.82625,0.0,0.0,0.0,0.0,6.0,1016.87,67.61,-15.52
2025-03-24 18:37:18.749000+00:00,57.49551505220501,,,,346.188,-0.875,-1.125,23.0,-62.375,0.5,-33.5,0.002,-0.006,-0.012,-1.01,0.59,9.34,-0.84,0.36,-0.45,-0.17,0.23,9.8,1.82625,0.0,0.0,0.0,0.0,6.0,1016.87,67.61,-15.52
2025-03-24 18:37:19.905000+00:00,57.49551505220501,,,,346.062,-0.812,-1.188,23.0,-62.375,0.5,-33.5,0.002,-0.006,-0.012,-1.01,0.59,9.34,-0.84,0.36,-0.45,-0.17,0.23,9.8,1.82625,0.0,0.0,0.0,0.0,6.0,1016.87,67.61,-15.52
2025-03-24 18:37:20.620000+00:00,57.49551505220501,,,,346.062,-0.75,-1.125,23.0,-62.375,0.5,-33.5,0.002,-0.006,-0.012,-1.01,0.59,9.34,-0.84,0.36,-0.45,-0.17,0.23,9.8,1.82625,0.0,0.0,0.0,0.0,6.0,1016.87,67.61,-15.52
2025-03-24 18:37:21.631000+00:00,57.49551505220501,,,,346.125,-0.812,-1.25,23.0,-62.375,0.5,-33.5,0.002,-0.006,-0.012,-1.01,0.59,9.34,-0.84,0.36,-0.45,-0.17,0.23,9.8,1.82625,0.0,0.0,0.0,0.0,6.0,1016.87,67.61,-15.52
2025-03-24 18:37:22.676000+00:00,57.49551505220501,,,,346.062,-0.875,-1.25,23.0,-62.375,0.5,-33.5,0.002,-0.006,-0.012,-1.01,0.59,9.34,-0.84,0.36,-0.45,-0.17,0.23,9.8,1.82625,0.0,0.0,0.0,0.0,6.0,1016.87,67.61,-15.52
2025-03-24 18:37:23.652000+00:00,57.49551505220501,,,,346.062,-0.688,-1.375,23.0,-62.375,0.5,-33.5,0.002,-0.006,-0.012,-1.01,0.59,9.34,-0.84,0.36,-0.45,-0.17,0.23,9.8,1.82625,0.0,0.0,0.0,0.0,6.0,1016.87,67.61,-15.52
2025-03-24 18:37:24.663000+00:00,57.49551505220501,,,,346.125,-0.625,-1.438,23.0,-62.375,0.5,-33.5,0.002,-0.006,-0.012,-1.01,0.59,9.34,-0.84,0.36,-0.45,-0.17,0.23,9.8,1.82625,0.0,0.0,0.0,0.0,6.0,1016.87,67.61,-15.52
2025-03-24 18:37:25.673000+00:00,57.49551505220501,,,,346.062,-0.688,-1.312,23.0,-62.375,0.5,-33.5,0.002,-0.006,-0.012,-1.01,0.59,9.34,-0.84,0.36,-0.45,-0.17,0.23,9.8,1.82625,0.0,0.0,0.0,0.0,6.0,1016.87,67.61,-15.52
2025-03-24 18:37:26.683000+00:00,57.49551505220501,,,,346.0,-0.625,-1.188,23.0,-62.375,0.5,-33.5,0.002,-0.006,-0.012,-1.01,0.59,9.34,-0.84,0.36,-0.45,-0.17,0.23,9.8,1.82625,0.0,0.0,0.0,0.0,6.0,1016.87,67.61,-15.52
2025-03-24 18:37:27.866000+00:00,57.49551505220501,,,,346.062,-0.75,-1.25,23.0,-62.375,0.5,-33.5,0.002,-0.006,-0.012,-1.01,0.59,9.34,-0.84,0.36,-0.45,-0.17,0.23,9.8,1.82625,0.0,0.0,0.0,0.0,6.0,1016.87,67.61,-15.52
2025-03-24 18:37:28.901000+00:00,57.49551505220501,,,,345.938,-0.812,-1.25,23.0,-62.375,0.5,-33.5,0.002,-0.006,-0.012,-1.01,0.59,9.34,-0.84,0.36,-0.45,-0.17,0.23,9.8,1.82625,0.0,0.0,0.0,0.0,6.0,1016.87,67.61,-15.52
2025-03-24 18:37:30.025000+00:00,57.49551505220501,,,,345.938,-0.75,-1.25,23.0,-62.375,0.5,-33.5,0.002,-0.006,-0.012,-1.01,0.59,9.34,-0.84,0.36,-0.45,-0.17,0.23,9.8,1.82625,0.0,0.0,0.0,0.0,6.0,1016.87,67.61,-15.52
2025-03-24 18:37:30.724000+00:00,57.49551505220501,,,,346.0,-0.75,-1.25,23.0,-62.375,0.5,-33.5,0.002,-0.006,-0.012,-1.01,0.59,9.34,-0.84,0.36,-0.45,-0.17,0.23,9.8,1.82625,0.0,0.0,0.0,0.0,6.0,1016.87,67.61,-15.52
2025-03-24 18:37:31.732000+00:00,57.49551505220501,,,,345.812,-0.688,-1.25,23.0,-62.375,0.5,-33.5,0.002,-0.006,-0.012,-1.01,0.59,9.34,-0.84,0.36,-0.45,-0.17,0.23,9.8,1.82625,0.0,0.0,0.0,0.0,6.0,1016.87,67.61,-15.52
2025-03-24 18:37:32.795000+00:00,57.49551505220501,,,,345.688,-0.625,-1.25,23.0,-62.375,0.5,-33.5,0.002,-0.006,-0.012,-1.01,0.59,9.34,-0.84,0.36,-0.45,-0.17,0.23,9.8,1.82625,0.0,0.0,0.0,0.0,6.0,1016.87,67.61,-15.52
2025-03-24 18:37:33.753000+00:00,57.49551505220501,,,,345.75,-0.625,-1.25,23.0,-62.375,0.5,-33.5,0.002,-0.006,-0.012,-1.01,0.59,9.34,-0.84,0.36,-0.45,-0.17,0.23,9.8,1.82625,0.0,0.0,0.0,0.0,6.0,1016.87,67.61,-15.52
2025-03-24 18:37:34.764000+00:00,57.49551505220501,,,,345.812,-0.625,-1.25,23.0,-62.375,0.5,-33.5,0.002,-0.006,-0.012,-1.01,0.59,9.34,-0.84,0.36,-0.45,-0.17,0.23,9.8,1.82625,0.0,0.0,0.0,0.0,6.0,1016.87,67.61,-15.52
2025-03-24 18:37:35.772000+00:00,57.49551505220501,,,,345.75,-0.625,-1.25,23.0,-62.375,0.5,-33.5,0.002,-0.006,-0.012,-1.01,0.59,9.34,-0.84,0.36,-0.45,-0.17,0.23,9.8,1.82625,0.0,0.0,0.0,0.0,6.0,1016.87,67.61,-15.52
2025-03-24 18:37:36.781000+00:00,57.49551505220501,,,,345.812,-0.688,-1.25,23.0,-62.375,0.5,-33.5,0.002,-0.006,-0.012,-1.01,0.59,9.34,-0.84,0.36,-0.45,-0.17,0.23,9.8,1.82625,0.0,0.0,0.0,0.0,6.0,1016.87,67.61,-15.52
2025-03-24 18:37:37.815000+00:00,57.49551505220501,,,,345.75,-0.688,-1.25,23.0,-62.375,0.5,-33.5,0.002,-0.006,-0.012,-1.01,0.59,9.34,-0.84,0.36,-0.45,-0.17,0.23,9.8,1.82625,0.0,0.0,0.0,0.0,6.0,1016.87,67.61,-15.52
2025-03-24 18:37:38.799000+00:00,57.49551505220501,,,,345.75,-0.75,-1.375,23.0,-62.375,0.5,-33.5,0.002,-0.006,-0.012,-1.01,0.59,9.34,-0.84,0.36,-0.45,-0.17,0.23,9.8,1.82625,0.0,0.0,0.0,0.0,6.0,1016.87,67.61,-15.52
2025-03-24 18:37:39.810000+00:00,57.49551505220501,,,,345.625,-0.688,-1.375,23.0,-62.375,0.5,-33.5,0.002,-0.006,-0.012,-1.01,0.59,9.34,-0.84,0.36,-0.45,-0.17,0.23,9.8,1.82625,0.0,0.0,0.0,0.0,6.0,1016.87,67.61,-15.52
2025-03-24 18:37:40.821000+00:00,57.49551505220501,,,,345.625,-0.75,-1.312,23.0,-62.375,0.5,-33.5,0.002,-0.006,-0.012,-1.01,0.59,9.34,-0.84,0.36,-0.45,-0.17,0.23,9.8,1.82625,0.0,0.0,0.0,0.0,6.0,1016.87,67.61,-15.52
2025-03-24 18:37:41.837000+00:00,57.49551505220501,,,,345.5,-0.875,-1.375,23.0,-62.375,0.5,-33.5,0.002,-0.006,-0.012,-1.01,0.59,9.34,-0.84,0.36,-0.45,-0.17,0.23,9.8,1.82625,0.0,0.0,0.0,0.0,6.0,1016.87,67.61,-15.52
2025-03-24 18:37:42.837000+00:00,57.49551505220501,,,,345.5,-0.938,-1.375,23.0,-62.375,0.5,-33.5,0.002,-0.006,-0.012,-1.01,0.59,9.34,-0.84,0.36,-0.45,-0.17,0.23,9.8,1.82625,0.0,0.0,0.0,0.0,6.0,1016.87,67.61,-15.52
2025-03-24 18:37:43.844000+00:00,57.49551505220501,,,,345.5,-1.0,-1.188,23.0,-62.375,0.5,-33.5,0.002,-0.006,-0.012,-1.01,0.59,9.34,-0.84,0.36,-0.45,-0.17,0.23,9.8,1.82625,0.0,0.0,0.0,0.0,6.0,1016.87,67.61,-15.52
2025-03-24 18:37:44.855000+00:00,57.49551505220501,,,,345.5,-0.938,-1.312,23.0,-62.375,0.5,-33.5,0.002,-0.006,-0.012,-1.01,0.59,9.34,-0.84,0.36,-0.45,-0.17,0.23,9.8,1.82625,0.0,0.0,0.0,0.0,6.0,1016.87,67.61,-15.52
2025-03-24 18:37:45.866000+00:00,57.49551505220501,,,,345.438,-1.0,-1.312,23.0,-62.375,0.5,-33.5,0.002,-0.006,-0.012,-1.01,0.59,9.34,-0.84,0.36,-0.45,-0.17,0.23,9.8,1.82625,0.0,0.0,0.0,0.0,6.0,1016.87,67.61,-15.52
2025-03-24 18:37:46.876000+00:00,57.49551505220501,,,,345.438,-0.938,-1.312,23.0,-62.375,0.5,-33.5,0.002,-0.006,-0.012,-1.01,0.59,9.34,-0.84,0.36,-0.45,-0.17,0.23,9.8,1.82625,0.0,0.0,0.0,0.0,6.0,1016.87,67.61,-15.52
2025-03-24 18:37:47.964000+00:00,57.49551505220501,,,,345.375,-0.938,-1.25,23.0,-62.375,0.5,-33.5,0.002,-0.006,-0.012,-1.01,0.59,9.34,-0.84,0.36,-0.45,-0.17,0.23,9.8,1.82625,0.0,0.0,0.0,0.0,6.0,1016.87,67.61,-15.52
2025-03-24 18:37:48.961000+00:00,57.49551505220501,,,,345.375,-0.875,-1.375,23.0,-62.375,0.5,-33.5,0.002,-0.006,-0.012,-1.01,0.59,9.34,-0.84,0.36,-0.45,-0.17,0.23,9.8,1.82625,0.0,0.0,0.0,0.0,6.0,1016.87,67.61,-15.52
2025-03-24 18:37:50.064000+00:00,57.49551505220501,,,,345.438,-0.938,-1.438,23.0,-62.375,0.5,-33.5,0.002,-0.006,-0.012,-1.01,0.59,9.34,-0.84,0.36,-0.45,-0.17,0.23,9.8,1.82625,0.0,0.0,0.0,0.0,6.0,1016.87,67.61,-15.52
2025-03-24 18:37:51.140000+00:00,57.49551505220501,,,,345.438,-0.75,-1.312,23.0,-62.375,0.5,-33.5,0.002,-0.006,-0.012,-1.01,0.59,9.34,-0.84,0.36,-0.45,-0.17,0.23,9.8,1.82625,0.0,0.0,0.0,0.0,6.0,1016.87,67.61,-15.52
2025-03-24 18:37:51.927000+00:00,57.49551505220501,,,,345.312,-0.75,-1.25,23.0,-62.375,0.5,-33.5,0.002,-0.006,-0.012,-1.01,0.59,9.34,-0.84,0.36,-0.45,-0.17,0.23,9.8,1.82625,0.0,0.0,0.0,0.0,6.0,1016.87,67.61,-15.52
2025-03-24 18:37:52.937000+00:00,57.49551505220501,,,,345.25,-0.688,-1.312,23.0,-62.375,0.5,-33.5,0.002,-0.006,-0.012,-1.01,0.59,9.34,-0.84,0.36,-0.45,-0.17,0.23,9.8,1.82625,0.0,0.0,0.0,0.0,6.0,1016.87,67.61,-15.52
2025-03-24 18:37:53.944000+00:00,57.49551505220501,,,,345.188,-0.625,-1.25,23.0,-62.375,0.5,-33.5,0.002,-0.006,-0.012,-1.01,0.59,9.34,-0.84,0.36,-0.45,-0.17,0.23,9.8,1.82625,0.0,0.0,0.0,0.0,6.0,1016.87,67.61,-15.52
2025-03-24 18:37:54.953000+00:00,57.49551505220501,,,,345.188,-0.75,-1.188,23.0,-62.375,0.5,-33.5,0.002,-0.006,-0.012,-1.01,0.59,9.34,-0.84,0.36,-0.45,-0.17,0.23,9.8,1.82625,0.0,0.0,0.0,0.0,6.0,1016.87,67.61,-15.52
2025-03-24 18:37:56.010000+00:00,57.49551505220501,,,,345.188,-0.75,-1.125,23.0,-62.375,0.5,-33.5,0.002,-0.006,-0.012,-1.01,0.59,9.34,-0.84,0.36,-0.45,-0.17,0.23,9.8,1.82625,0.0,0.0,0.0,0.0,6.0,1016.87,67.61,-15.52
2025-03-24 18:37:57.009000+00:00,57.49551505220501,,,,345.125,-0.562,-1.188,23.0,-62.375,0.5,-33.5,0.002,-0.006,-0.012,-1.01,0.59,9.34,-0.84,0.36,-0.45,-0.17,0.23,9.8,1.82625,0.0,0.0,0.0,0.0,6.0,1016.87,67.61,-15.52
2025-03-24 18:37:57.984000+00:00,57.49551505220501,,,,345.125,-0.625,-1.312,23.0,-62.375,0.5,-33.5,0.002,-0.006,-0.012,-1.01,0.59,9.34,-0.84,0.36,-0.45,-0.17,0.23,9.8,1.82625,0.0,0.0,0.0,0.0,6.0,1016.87,67.61,-15.52
2025-03-24 18:37:58.992000+00:00,57.49551505220501,,,,345.125,-0.5,-1.312,23.0,-62.375,0.5,-33.5,0.002,-0.006,-0.012,-1.01,0.59,9.34,-0.84,0.36,-0.45,-0.17,0.23,9.8,1.82625,0.0,0.0,0.0,0.0,6.0,1016.87,67.61,-15.52
2025-03-24 18:38:00.001000+00:00,57.49551505220501,,,,345.062,-0.5,-1.375,23.0,-62.375,0.5,-33.5,0.002,-0.006,-0.012,-1.01,0.59,9.34,-0.84,0.36,-0.45,-0.17,0.23,9.8,1.82625,0.0,0.0,0.0,0.0,6.0,1016.87,67.61,-15.52
2025-03-24 18:38:01.012000+00:00,57.49551505220501,,,,345.062,-0.5,-1.438,23.0,-62.375,0.5,-33.5,0.002,-0.006,-0.012,-1.01,0.59,9.34,-0.84,0.36,-0.45,-0.17,0.23,9.8,1.82625,0.0,0.0,0.0,0.0,6.0,1016.87,67.61,-15.52
2025-03-24 18:38:02.022000+00:00,57.49551505220501,,,,345.188,-0.5,-1.375,23.0,-62.375,0.5,-33.5,0.002,-0.006,-0.012,-1.01,0.59,9.34,-0.84,0.36,-0.45,-0.17,0.23,9.8,1.82625,0.0,0.0,0.0,0.0,6.0,1016.87,67.61,-15.52
2025-03-24 18:38:03.033000+00:00,57.49551505220501,,,,345.188,-0.438,-1.312,23.0,-62.375,0.5,-33.5,0.002,-0.006,-0.012,-1.01,0.59,9.34,-0.84,0.36,-0.45,-0.17,0.23,9.8,1.82625,0.0,0.0,0.0,0.0,6.0,1016.87,67.61,-15.52
2025-03-24 18:38:04.133000+00:00,57.49551505220501,,,,345.125,-0.438,-1.312,23.0,-62.375,0.5,-33.5,0.002,-0.006,-0.012,-1.01,0.59,9.34,-0.84,0.36,-0.45,-0.17,0.23,9.8,1.82625,0.0,0.0,0.0,0.0,6.0,1016.87,67.61,-15.52
2025-03-24 18:38:05.293000+00:00,57.49551505220501,,,,345.125,-0.312,-1.25,23.0,-62.375,0.5,-33.5,0.002,-0.006,-0.012,-1.01,0.59,9.34,-0.84,0.36,-0.45,-0.17,0.23,9.8,1.82625,0.0,0.0,0.0,0.0,6.0,1016.87,67.61,-15.52
2025-03-24 18:37:06.532000+00:00,57.49551505220501,,,,345.125,-0.312,-1.25,23.0,-62.375,0.5,-33.5,0.002,-0.006,-0.012,-1.01,0.59,9.34,-0.84,0.36,-0.45,-0.17,0.23,9.8,1.82625,0.0,0.0,0.0,0.0,6.0,1016.87,67.61,-15.52
2025-03-24 18:37:06.983000+00:00,57.49551505220501,,,,345.125,-0.312,-1.25,22.89,-62.375,0.5,-33.5,0.002,-0.006,-0.012,-1.01,0.59,9.34,-0.84,0.36,-0.45,-0.17,0.23,9.8,1.82625,0.0,0.0,0.0,0.0,6.0,1016.87,67.61,-15.52
2025-03-24 18:37:07.537000+00:00,57.49551505220501,,,,345.125,-0.312,-1.25,23.0,-62.375,0.5,-33.5,0.002,-0.006,-0.012,-1.01,0.59,9.34,-0.84,0.36,-0.45,-0.17,0.23,9.8,1.82625,0.0,0.0,0.0,0.0,6.0,1016.87,67.61,-15.52
2025-03-24 18:37:08.058000+00:00,57.49551505220501,,,,345.125,-0.312,-1.25,22.89,-62.375,0.5,-33.5,0.002,-0.006,-0.012,-1.01,0.59,9.34,-0.84,0.36,-0.45,-0.17,0.23,9.8,1.82625,0.0,0.0,0.0,0.0,6.0,1016.87,67.61,-15.52
2025-03-24 18:37:08.557000+00:00,57.49551505220501,,,,345.125,-0.312,-1.25,23.0,-62.375,0.5,-33.5,0.002,-0.006,-0.012,-1.01,0.59,9.34,-0.84,0.36,-0.45,-0.17,0.23,9.8,1.82625,0.0,0.0,0.0,0.0,6.0,1016.87,67.61,-15.52
2025-03-24 18:37:09.557000+00:00,57.49551505220501,,,,345.125,-0.312,-1.25,23.0,-62.375,0.5,-33.5,0.002,-0.006,-0.012,-1.01,0.59,9.34,-0.84,0.36,-0.45,-0.17,0.23,9.8,1.82625,0.0,0.0,0.0,0.0,6.0,1016.87,67.61,-15.52
2025-03-24 18:37:09.966000+00:00,57.49551505220501,,,,345.125,-0.312,-1.25,22.89,-62.375,0.5,-33.5,0.002,-0.006,-0.012,-1.01,0.59,9.34,-0.84,0.36,-0.45,-0.17,0.23,9.8,1.82625,0.0,0.0,0.0,0.0,6.0,1016.87,67.61,-15.52
2025-03-24 18:37:10.574000+00:00,57.49551505220501,,,,345.125,-0.312,-1.25,23.0,-62.375,0.5,-33.5,0.002,-0.006,-0.012,-1.01,0.59,9.34,-0.84,0.36,-0.45,-0.17,0.23,9.8,1.82625,0.0,0.0,0.0,0.0,6.0,1016.87,67.61,-15.52
2025-03-24 18:37:10.997000+00:00,57.49551505220501,,,,345.125,-0.312,-1.25,22.96,-62.375,0.5,-33.5,0.002,-0.006,-0.012,-1.01,0.59,9.34,-0.84,0.36,-0.45,-0.17,0.23,9.8,1.82625,0.0,0.0,0.0,0.0,6.0,1016.87,67.61,-15.52
2025-03-24 18:37:11.587000+00:00,57.49551505220501,,,,345.125,-0.312,-1.25,23.0,-62.375,0.5,-33.5,0.002,-0.006,-0.012,-1.01,0.59,9.34,-0.84,0.36,-0.45,-0.17,0.23,9.8,1.82625,0.0,0.0,0.0,0.0,6.0,1016.87,67.61,-15.52
2025-03-24 18:37:11.999000+00:00,57.49551505220501,,,,345.125,-0.312,-1.25,22.96,-62.375,0.5,-33.5,0.002,-0.006,-0.012,-1.01,0.59,9.34,-0.84,0.36,-0.45,-0.17,0.23,9.8,1.82625,0.0,0.0,0.0,0.0,6.0,1016.87,67.61,-15.52
2025-03-24 18:37:12.589000+00:00,57.49551505220501,,,,345.125,-0.312,-1.25,23.0,-62.375,0.5,-33.5,0.002,-0.006,-0.012,-1.01,0.59,9.34,-0.84,0.36,-0.45,-0.17,0.23,9.8,1.82625,0.0,0.0,0.0,0.0,6.0,1016.87,67.61,-15.52
2025-03-24 18:37:13.057000+00:00,57.49551505220501,,,,345.125,-0.312,-1.25,22.96,-62.375,0.5,-33.5,0.002,-0.006,-0.012,-1.01,0.59,9.34,-0.84,0.36,-0.45,-0.17,0.23,9.8,1.82625,0.0,0.0,0.0,0.0,6.0,1016.87,67.61,-15.52
2025-03-24 18:37:13.606000+00:00,57.49551505220501,,,,345.125,-0.312,-1.25,23.0,-62.375,0.5,-33.5,0.002,-0.006,-0.012,-1.01,0.59,9.34,-0.84,0.36,-0.45,-0.17,0.23,9.8,1.82625,0.0,0.0,0.0,0.0,6.0,1016.87,67.61,-15.52
2025-03-24 18:37:14.342000+00:00,57.49551505220501,,,,345.125,-0.312,-1.25,22.96,-62.375,0.5,-33.5,0.002,-0.006,-0.012,-1.01,0.59,9.34,-0.84,0.36,-0.45,-0.17,0.23,9.8,1.82625,0.0,0.0,0.0,0.0,6.0,1016.87,67.61,-15.52
2025-03-24 18:37:14.616000+00:00,57.49551505220501,,,,345.125,-0.312,-1.25,23.0,-62.375,0.5,-33.5,0.002,-0.006,-0.012,-1.01,0.59,9.34,-0.84,0.36,-0.45,-0.17,0.23,9.8,1.82625,0.0,0.0,0.0,0.0,6.0,1016.87,67.61,-15.52
2025-03-24 18:37:15.341000+00:00,57.49551505220501,,,,345.125,-0.312,-1.25,22.96,-62.375,0.5,-33.5,0.002,-0.006,-0.012,-1.01,0.59,9.34,-0.84,0.36,-0.45,-0.17,0.23,9.8,1.82625,0.0,0.0,0.0,0.0,6.0,1016.87,67.61,-15.52
2025-03-24 18:37:15.621000+00:00,57.49551505220501,,,,345.125,-0.312,-1.25,23.0,-62.375,0.5,-33.5,0.002,-0.006,-0.012,-1.01,0.59,9.34,-0.84,0.36,-0.45,-0.17,0.23,9.8,1.82625,0.0,0.0,0.0,0.0,6.0,1016.87,67.61,-15.52
2025-03-24 18:37:16.358000+00:00,57.49551505220501,,,,345.125,-0.312,-1.25,22.96,-62.375,0.5,-33.5,0.002,-0.006,-0.012,-1.01,0.59,9.34,-0.84,0.36,-0.45,-0.17,0.23,9.8,1.82625,0.0,0.0,0.0,0.0,6.0,1016.87,67.61,-15.52
2025-03-24 18:37:16.633000+00:00,57.49551505220501,,,,345.125,-0.312,-1.25,23.0,-62.375,0.5,-33.5,0.002,-0.006,-0.012,-1.01,0.59,9.34,-0.84,0.36,-0.45,-0.17,0.23,9.8,1.82625,0.0,0.0,0.0,0.0,6.0,1016.87,67.61,-15.52
2025-03-24 18:37:17.386000+00:00,57.49551505220501,,,,345.125,-0.312,-1.25,22.96,-62.375,0.5,-33.5,0.002,-0.006,-0.012,-1.01,0.59,9.34,-0.84,0.36,-0.45,-0.17,0.23,9.8,1.82625,0.0,0.0,0.0,0.0,6.0,1016.87,67.61,-15.52
2025-03-24 18:37:17.639000+00:00,57.49551505220501,,,,345.125,-0.312,-1.25,23.0,-62.375,0.5,-33.5,0.002,-0.006,-0.012,-1.01,0.59,9.34,-0.84,0.36,-0.45,-0.17,0.23,9.8,1.82625,0.0,0.0,0.0,0.0,6.0,1016.87,67.61,-15.52
2025-03-24 18:37:18.535000+00:00,57.49551505220501,,,,345.125,-0.312,-1.25,22.96,-62.375,0.5,-33.5,0.002,-0.006,-0.012,-1.01,0.59,9.34,-0.84,0.36,-0.45,-0.17,0.23,9.8,1.82625,0.0,0.0,0.0,0.0,6.0,1016.87,67.61,-15.52
2025-03-24 18:37:18.803000+00:00,57.49551505220501,,,,345.125,-0.312,-1.25,23.0,-62.375,0.5,-33.5,0.002,-0.006,-0.012,-1.01,0.59,9.34,-0.84,0.36,-0.45,-0.17,0.23,9.8,1.82625,0.0,0.0,0.0,0.0,6.0,1016.87,67.61,-15.52
2025-03-24 18:37:19.696000+00:00,57.49551505220501,,,,345.125,-0.312,-1.25,22.96,-62.375,0.5,-33.5,0.002,-0.006,-0.012,-1.01,0.59,9.34,-0.84,0.36,-0.45,-0.17,0.23,9.8,1.82625,0.0,0.0,0.0,0.0,6.0,1016.87,67.61,-15.52
2025-03-24 18:37:19.965000+00:00,57.49551505220501,,,,345.125,-0.312,-1.25,23.0,-62.375,0.5,-33.5,0.002,-0.006,-0.012,-1.01,0.59,9.34,-0.84,0.36,-0.45,-0.17,0.23,9.8,1.82625,0.0,0.0,0.0,0.0,6.0,1016.87,67.61,-15.52
2025-03-24 18:37:20.669000+00:00,57.49551505220501,,,,345.125,-0.312,-1.25,23.0,-62.375,0.5,-33.5,0.002,-0.006,-0.012,-1.01,0.59,9.34,-0.84,0.36,-0.45,-0.17,0.23,9.8,1.82625,0.0,0.0,0.0,0.0,6.0,1016.87,67.61,-15.52
2025-03-24 18:37:21.095000+00:00,57.49551505220501,,,,345.125,-0.312,-1.25,22.96,-62.375,0.5,-33.5,0.002,-0.006,-0.012,-1.01,0.59,9.34,-0.84,0.36,-0.45,-0.17,0.23,9.8,1.82625,0.0,0.0,0.0,0.0,6.0,1016.87,67.61,-15.52
2025-03-24 18:37:21.692000+00:00,57.49551505220501,,,,345.125,-0.312,-1.25,23.0,-62.375,0.5,-33.5,0.002,-0.006,-0.012,-1.01,0.59,9.34,-0.84,0.36,-0.45,-0.17,0.23,9.8,1.82625,0.0,0.0,0.0,0.0,6.0,1016.87,67.61,-15.52
2025-03-24 18:37:22.096000+00:00,57.49551505220501,,,,345.125,-0.312,-1.25,22.96,-62.375,0.5,-33.5,0.002,-0.006,-0.012,-1.01,0.59,9.34,-0.84,0.36,-0.45,-0.17,0.23,9.8,1.82625,0.0,0.0,0.0,0.0,6.0,1016.87,67.61,-15.52
2025-03-24 18:37:22.726000+00:00,57.49551505220501,,,,345.125,-0.312,-1.25,23.0,-62.375,0.5,-33.5,0.002,-0.006,-0.012,-1.01,0.59,9.34,-0.84,0.36,-0.45,-0.17,0.23,9.8,1.82625,0.0,0.0,0.0,0.0,6.0,1016.87,67.61,-15.52
2025-03-24 18:37:23.126000+00:00,57.49551505220501,,,,345.125,-0.312,-1.25,22.96,-62.375,0.5,-33.5,0.002,-0.006,-0.012,-1.01,0.59,9.34,-0.84,0.36,-0.45,-0.17,0.23,9.8,1.82625,0.0,0.0,0.0,0.0,6.0,1016.87,67.61,-15.52
2025-03-24 18:37:23.701000+00:00,57.49551505220501,,,,345.125,-0.312,-1.25,23.0,-62.375,0.5,-33.5,0.002,-0.006,-0.012,-1.01,0.59,9.34,-0.84,0.36,-0.45,-0.17,0.23,9.8,1.82625,0.0,0.0,0.0,0.0,6.0,1016.87,67.61,-15.52
2025-03-24 18:37:24.338000+00:00,57.49551505220501,,,,345.125,-0.312,-1.25,22.96,-62.375,0.5,-33.5,0.002,-0.006,-0.012,-1.01,0.59,9.34,-0.84,0.36,-0.45,-0.17,0.23,9.8,1.82625,0.0,0.0,0.0,0.0,6.0,1016.87,67.61,-15.52
2025-03-24 18:37:24.725000+00:00,57.49551505220501,,,,345.125,-0.312,-1.25,23.0,-62.375,0.5,-33.5,0.002,-0.006,-0.012,-1.01,0.59,9.34,-0.84,0.36,-0.45,-0.17,0.23,9.8,1.82625,0.0,0.0,0.0,0.0,6.0,1016.87,67.61,-15.52
2025-03-24 18:37:25.316000+00:00,57.49551505220501,,,,345.125,-0.312,-1.25,22.96,-62.375,0.5,-33.5,0.002,-0.006,-0.012,-1.01,0.59,9.34,-0.84,0.36,-0.45,-0.17,0.23,9.8,1.82625,0.0,0.0,0.0,0.0,6.0,1016.87,67.61,-15.52
2025-03-24 18:37:25.725000+00:00,57.49551505220501,,,,345.125,-0.312,-1.25,23.0,-62.375,0.5,-33.5,0.002,-0.006,-0.012,-1.01,0.59,9.34,-0.84,0.36,-0.45,-0.17,0.23,9.8,1.82625,0.0,0.0,0.0,0.0,6.0,1016.87,67.61,-15.52
2025-03-24 18:37:26.372000+00:00,57.49551505220501,,,,345.125,-0.312,-1.25,22.96,-62.375,0.5,-33.5,0.002,-0.006,-0.012,-1.01,0.59,9.34,-0.84,0.36,-0.45,-0.17,0.23,9.8,1.82625,0.0,0.0,0.0,0.0,6.0,1016.87,67.61,-15.52
2025-03-24 18:37:26.741000+00:00,57.49551505220501,,,,345.125,-0.312,-1.25,23.0,-62.375,0.5,-33.5,0.002,-0.006,-0.012,-1.01,0.59,9.34,-0.84,0.36,-0.45,-0.17,0.23,9.8,1.82625,0.0,0.0,0.0,0.0,6.0,1016.87,67.61,-15.52
2025-03-24 18:37:27.541000+00:00,57.49551505220501,,,,345.125,-0.312,-1.25,22.96,-62.375,0.5,-33.5,0.002,-0.006,-0.012,-1.01,0.59,9.34,-0.84,0.36,-0.45,-0.17,0.23,9.8,1.82625,0.0,0.0,0.0,0.0,6.0,1016.87,67.61,-15.52
2025-03-24 18:37:27.916000+00:00,57.49551505220501,,,,345.125,-0.312,-1.25,23.0,-62.375,0.5,-33.5,0.002,-0.006,-0.012,-1.01,0.59,9.34,-0.84,0.36,-0.45,-0.17,0.23,9.8,1.82625,0.0,0.0,0.0,0.0,6.0,1016.87,67.61,-15.52
2025-03-24 18:37:28.692000+00:00,57.49551505220501,,,,345.125,-0.312,-1.25,22.96,-62.375,0.5,-33.5,0.002,-0.006,-0.012,-1.01,0.59,9.34,-0.84,0.36,-0.45,-0.17,0.23,9.8,1.82625,0.0,0.0,0.0,0.0,6.0,1016.87,67.61,-15.52
2025-03-24 18:37:28.962000+00:00,57.49551505220501,,,,345.125,-0.312,-1.25,23.0,-62.375,0.5,-33.5,0.002,-0.006,-0.012,-1.01,0.59,9.34,-0.84,0.36,-0.45,-0.17,0.23,9.8,1.82625,0.0,0.0,0.0,0.0,6.0,1016.87,67.61,-15.52
2025-03-24 18:37:29.816000+00:00,57.49551505220501,,,,345.125,-0.312,-1.25,22.96,-62.375,0.5,-33.5,0.002,-0.006,-0.012,-1.01,0.59,9.34,-0.84,0.36,-0.45,-0.17,0.23,9.8,1.82625,0.0,0.0,0.0,0.0,6.0,1016.87,67.61,-15.52
2025-03-24 18:37:30.076000+00:00,57.49551505220501,,,,345.125,-0.312,-1.25,23.0,-62.375,0.5,-33.5,0.002,-0.006,-0.012,-1.01,0.59,9.34,-0.84,0.36,-0.45,-0.17,0.23,9.8,1.82625,0.0,0.0,0.0,0.0,6.0,1016.87,67.61,-15.52
2025-03-24 18:37:30.777000+00:00,57.49551505220501,,,,345.125,-0.312,-1.25,23.0,-62.375,0.5,-33.5,0.002,-0.006,-0.012,-1.01,0.59,9.34,-0.84,0.36,-0.45,-0.17,0.23,9.8,1.82625,0.0,0.0,0.0,0.0,6.0,1016.87,67.61,-15.52
2025-03-24 18:37:31.186000+00:00,57.49551505220501,,,,345.125,-0.312,-1.25,22.96,-62.375,0.5,-33.5,0.002,-0.006,-0.012,-1.01,0.59,9.34,-0.84,0.36,-0.45,-0.17,0.23,9.8,1.82625,0.0,0.0,0.0,0.0,6.0,1016.87,67.61,-15.52
2025-03-24 18:37:31.789000+00:00,57.49551505220501,,,,345.125,-0.312,-1.25,23.0,-62.375,0.5,-33.5,0.002,-0.006,-0.012,-1.01,0.59,9.34,-0.84,0.36,-0.45,-0.17,0.23,9.8,1.82625,0.0,0.0,0.0,0.0,6.0,1016.87,67.61,-15.52
2025-03-24 18:37:32.215000+00:00,57.49551505220501,,,,345.125,-0.312,-1.25,22.96,-62.375,0.5,-33.5,0.002,-0.006,-0.012,-1.01,0.59,9.34,-0.84,0.36,-0.45,-0.17,0.23,9.8,1.82625,0.0,0.0,0.0,0.0,6.0,1016.87,67.61,-15.52
2025-03-24 18:37:32.846000+00:00,57.49551505220501,,,,345.125,-0.312,-1.25,23.0,-62.375,0.5,-33.5,0.002,-0.006,-0.012,-1.01,0.59,9.34,-0.84,0.36,-0.45,-0.17,0.23,9.8,1.82625,0.0,0.0,0.0,0.0,6.0,1016.87,67.61,-15.52
2025-03-24 18:37:33.446000+00:00,57.49551505220501,,,,345.125,-0.312,-1.25,22.96,-62.375,0.5,-33.5,0.002,-0.006,-0.012,-1.01,0.59,9.34,-0.84,0.36,-0.45,-0.17,0.23,9.8,1.82625,0.0,0.0,0.0,0.0,6.0,1016.87,67.61,-15.52
2025-03-24 18:37:33.805000+00:00,57.49551505220501,,,,345.125,-0.312,-1.25,23.0,-62.375,0.5,-33.5,0.002,-0.006,-0.012,-1.01,0.59,9.34,-0.84,0.36,-0.45,-0.17,0.23,9.8,1.82625,0.0,0.0,0.0,0.0,6.0,1016.87,67.61,-15.52
2025-03-24 18:37:34.416000+00:00,57.49551505220501,,,,345.125,-0.312,-1.25,22.96,-62.375,0.5,-33.5,0.002,-0.006,-0.012,-1.01,0.59,9.34,-0.84,0.36,-0.45,-0.17,0.23,9.8,1.82625,0.0,0.0,0.0,0.0,6.0,1016.87,67.61,-15.52
2025-03-24 18:37:34.822000+00:00,57.49551505220501,,,,345.125,-0.312,-1.25,23.0,-62.375,0.5,-33.5,0.002,-0.006,-0.012,-1.01,0.59,9.34,-0.84,0.36,-0.45,-0.17,0.23,9.8,1.82625,0.0,0.0,0.0,0.0,6.0,1016.87,67.61,-15.52
2025-03-24 18:37:35.487000+00:00,57.49551505220501,,,,345.125,-0.312,-1.25,22.96,-62.375,0.5,-33.5,0.002,-0.006,-0.012,-1.01,0.59,9.34,-0.84,0.36,-0.45,-0.17,0.23,9.8,1.82625,0.0,0.0,0.0,0.0,6.0,1016.87,67.61,-15.52
2025-03-24 18:37:35.825000+00:00,57.49551505220501,,,,345.125,-0.312,-1.25,23.0,-62.375,0.5,-33.5,0.002,-0.006,-0.012,-1.01,0.59,9.34,-0.84,0.36,-0.45,-0.17,0.23,9.8,1.82625,0.0,0.0,0.0,0.0,6.0,1016.87,67.61,-15.52
2025-03-24 18:37:36.505000+00:00,57.49551505220501,,,,345.125,-0.312,-1.25,22.96,-62.375,0.5,-33.5,0.002,-0.006,-0.012,-1.01,0.59,9.34,-0.84,0.36,-0.45,-0.17,0.23,9.8,1.82625,0.0,0.0,0.0,0.0,6.0,1016.87,67.61,-15.52
2025-03-24 18:37:36.835000+00:00,57.49551505220501,,,,345.125,-0.312,-1.25,23.0,-62.375,0.5,-33.5,0.002,-0.006,-0.012,-1.01,0.59,9.34,-0.84,0.36,-0.45,-0.17,0.23,9.8,1.82625,0.0,0.0,0.0,0.0,6.0,1016.87,67.61,-15.52
2025-03-24 18:37:37.556000+00:00,57.49551505220501,,,,345.125,-0.312,-1.25,22.96,-62.375,0.5,-33.5,0.002,-0.006,-0.012,-1.01,0.59,9.34,-0.84,0.36,-0.45,-0.17,0.23,9.8,1.82625,0.0,0.0,0.0,0.0,6.0,1016.87,67.61,-15.52
2025-03-24 18:37:37.865000+00:00,57.49551505220501,,,,345.125,-0.312,-1.25,23.0,-62.375,0.5,-33.5,0.002,-0.006,-0.012,-1.01,0.59,9.34,-0.84,0.36,-0.45,-0.17,0.23,9.8,1.82625,0.0,0.0,0.0,0.0,6.0,1016.87,67.61,-15.52
2025-03-24 18:37:38.855000+00:00,57.49551505220501,,,,345.125,-0.312,-1.25,23.0,-62.375,0.5,-33.5,0.002,-0.006,-0.012,-1.01,0.59,9.34,-0.84,0.36,-0.45,-0.17,0.23,9.8,1.82625,0.0,0.0,0.0,0.0,6.0,1016.87,67.61,-15.52
2025-03-24 18:37:39.291000+00:00,57.49551505220501,,,,345.125,-0.312,-1.25,22.96,-62.375,0.5,-33.5,0.002,-0.006,-0.012,-1.01,0.59,9.34,-0.84,0.36,-0.45,-0.17,0.23,9.8,1.82625,0.0,0.0,0.0,0.0,6.0,1016.87,67.61,-15.52
2025-03-24 18:37:39.868000+00:00,57.49551505220501,,,,345.125,-0.312,-1.25,23.0,-62.375,0.5,-33.5,0.002,-0.006,-0.012,-1.01,0.59,9.34,-0.84,0.36,-0.45,-0.17,0.23,9.8,1.82625,0.0,0.0,0.0,0.0,6.0,1016.87,67.61,-15.52
2025-03-24 18:37:40.491000+00:00,57.49551505220501,,,,345.125,-0.312,-1.25,22.97,-62.375,0.5,-33.5,0.002,-0.006,-0.012,-1.01,0.59,9.34,-0.84,0.36,-0.45,-0.17,0.23,9.8,1.82625,0.0,0.0,0.0,0.0,6.0,1016.87,67.61,-15.52
2025-03-24 18:37:40.882000+00:00,57.49551505220501,,,,345.125,-0.312,-1.25,23.0,-62.375,0.5,-33.5,0.002,-0.006,-0.012,-1.01,0.59,9.34,-0.84,0.36,-0.45,-0.17,0.23,9.8,1.82625,0.0,0.0,0.0,0.0,6.0,1016.87,67.61,-15.52
2025-03-24 18:37:41.521000+00:00,57.49551505220501,,,,345.125,-0.312,-1.25,22.97,-62.375,0.5,-33.5,0.002,-0.006,-0.012,-1.01,0.59,9.34,-0.84,0.36,-0.45,-0.17,0.23,9.8,1.82625,0.0,0.0,0.0,0.0,6.0,1016.87,67.61,-15.52
2025-03-24 18:37:41.886000+00:00,57.49551505220501,,,,345.125,-0.312,-1.25,23.0,-62.375,0.5,-33.5,0.002,-0.006,-0.012,-1.01,0.59,9.34,-0.84,0.36,-0.45,-0.17,0.23,9.8,1.82625,0.0,0.0,0.0,0.0,6.0,1016.87,67.61,-15.52
2025-03-24 18:37:42.505000+00:00,57.49551505220501,,,,345.125,-0.312,-1.25,22.97,-62.375,0.5,-33.5,0.002,-0.006,-0.012,-1.01,0.59,9.34,-0.84,0.36,-0.45,-0.17,0.23,9.8,1.82625,0.0,0.0,0.0,0.0,6.0,1016.87,67.61,-15.52
2025-03-24 18:37:42.884000+00:00,57.49551505220501,,,,345.125,-0.312,-1.25,23.0,-62.375,0.5,-33.5,0.002,-0.006,-0.012,-1.01,0.59,9.34,-0.84,0.36,-0.45,-0.17,0.23,9.8,1.82625,0.0,0.0,0.0,0.0,6.0,1016.87,67.61,-15.52
2025-03-24 18:37:43.531000+00:00,57.49551505220501,,,,345.125,-0.312,-1.25,22.97,-62.375,0.5,-33.5,0.002,-0.006,-0.012,-1.01,0.59,9.34,-0.84,0.36,-0.45,-0.17,0.23,9.8,1.82625,0.0,0.0,0.0,0.0,6.0,1016.87,67.61,-15.52
2025-03-24 18:37:43.895000+00:00,57.49551505220501,,,,345.125,-0.312,-1.25,23.0,-62.375,0.5,-33.5,0.002,-0.006,-0.012,-1.01,0.59,9.34,-0.84,0.36,-0.45,-0.17,0.23,9.8,1.82625,0.0,0.0,0.0,0.0,6.0,1016.87,67.61,-15.52
2025-03-24 18:37:44.464000+00:00,57.49551505220501,,,,345.125,-0.312,-1.25,22.97,-62.375,0.5,-33.5,0.002,-0.006,-0.012,-1.01,0.59,9.34,-0.84,0.36,-0.45,-0.17,0.23,9.8,1.82625,0.0,0.0,0.0,0.0,6.0,1016.87,67.61,-15.52
2025-03-24 18:37:44.904000+00:00,57.49551505220501,,,,345.125,-0.312,-1.25,23.0,-62.375,0.5,-33.5,0.002,-0.006,-0.012,-1.01,0.59,9.34,-0.84,0.36,-0.45,-0.17,0.23,9.8,1.82625,0.0,0.0,0.0,0.0,6.0,1016.87,67.61,-15.52
2025-03-24 18:37:45.494000+00:00,57.49551505220501,,,,345.125,-0.312,-1.25,22.97,-62.375,0.5,-33.5,0.002,-0.006,-0.012,-1.01,0.59,9.34,-0.84,0.36,-0.45,-0.17,0.23,9.8,1.82625,0.0,0.0,0.0,0.0,6.0,1016.87,67.61,-15.52
2025-03-24 18:37:45.917000+00:00,57.49551505220501,,,,345.125,-0.312,-1.25,23.0,-62.375,0.5,-33.5,0.002,-0.006,-0.012,-1.01,0.59,9.34,-0.84,0.36,-0.45,-0.17,0.23,9.8,1.82625,0.0,0.0,0.0,0.0,6.0,1016.87,67.61,-15.52
2025-03-24 18:37:46.504000+00:00,57.49551505220501,,,,345.125,-0.312,-1.25,22.97,-62.375,0.5,-33.5,0.002,-0.006,-0.012,-1.01,0.59,9.34,-0.84,0.36,-0.45,-0.17,0.23,9.8,1.82625,0.0,0.0,0.0,0.0,6.0,1016.87,67.61,-15.52
2025-03-24 18:37:46.924000+00:00,57.49551505220501,,,,345.125,-0.312,-1.25,23.0,-62.375,0.5,-33.5,0.002,-0.006,-0.012,-1.01,0.59,9.34,-0.84,0.36,-0.45,-0.17,0.23,9.8,1.82625,0.0,0.0,0.0,0.0,6.0,1016.87,67.61,-15.52
2025-03-24 18:37:47.708000+00:00,57.49551505220501,,,,345.125,-0.312,-1.25,22.97,-62.375,0.5,-33.5,0.002,-0.006,-0.012,-1.01,0.59,9.34,-0.84,0.36,-0.45,-0.17,0.23,9.8,1.82625,0.0,0.0,0.0,0.0,6.0,1016.87,67.61,-15.52
2025-03-24 18:37:48.016000+00:00,57.49551505220501,,,,345.125,-0.312,-1.25,23.0,-62.375,0.5,-33.5,0.002,-0.006,-0.012,-1.01,0.59,9.34,-0.84,0.36,-0.45,-0.17,0.23,9.8,1.82625,0.0,0.0,0.0,0.0,6.0,1016.87,67.61,-15.52
2025-03-24 18:37:48.695000+00:00,57.49551505220501,,,,345.125,-0.312,-1.25,22.97,-62.375,0.5,-33.5,0.002,-0.006,-0.012,-1.01,0.59,9.34,-0.84,0.36,-0.45,-0.17,0.23,9.8,1.82625,0.0,0.0,0.0,0.0,6.0,1016.87,67.61,-15.52
2025-03-24 18:37:49.014000+00:00,57.49551505220501,,,,345.125,-0.312,-1.25,23.0,-62.375,0.5,-33.5,0.002,-0.006,-0.012,-1.01,0.59,9.34,-0.84,0.36,-0.45,-0.17,0.23,9.8,1.82625,0.0,0.0,0.0,0.0,6.0,1016.87,67.61,-15.52
2025-03-24 18:37:49.844000+00:00,57.49551505220501,,,,345.125,-0.312,-1.25,22.97,-62.375,0.5,-33.5,0.002,-0.006,-0.012,-1.01,0.59,9.34,-0.84,0.36,-0.45,-0.17,0.23,9.8,1.82625,0.0,0.0,0.0,0.0,6.0,1016.87,67.61,-15.52
2025-03-24 18:37:50.121000+00:00,57.49551505220501,,,,345.125,-0.312,-1.25,23.0,-62.375,0.5,-33.5,0.002,-0.006,-0.012,-1.01,0.59,9.34,-0.84,0.36,-0.45,-0.17,0.23,9.8,1.82625,0.0,0.0,0.0,0.0,6.0,1016.87,67.61,-15.52
2025-03-24 18:37:50.930000+00:00,57.49551505220501,,,,345.125,-0.312,-1.25,22.97,-62.375,0.5,-33.5,0.002,-0.006,-0.012,-1.01,0.59,9.34,-0.84,0.36,-0.45,-0.17,0.23,9.8,1.82625,0.0,0.0,0.0,0.0,6.0,1016.87,67.61,-15.52
2025-03-24 18:37:51.199000+00:00,57.49551505220501,,,,345.125,-0.312,-1.25,23.0,-62.375,0.5,-33.5,0.002,-0.006,-0.012,-1.01,0.59,9.34,-0.84,0.36,-0.45,-0.17,0.23,9.8,1.82625,0.0,0.0,0.0,0.0,6.0,1016.87,67.61,-15.52
2025-03-24 18:37:51.979000+00:00,57.49551505220501,,,,345.125,-0.312,-1.25,23.0,-62.375,0.5,-33.5,0.002,-0.006,-0.012,-1.01,0.59,9.34,-0.84,0.36,-0.45,-0.17,0.23,9.8,1.82625,0.0,0.0,0.0,0.0,6.0,1016.87,67.61,-15.52
2025-03-24 18:37:52.440000+00:00,57.49551505220501,,,,345.125,-0.312,-1.25,22.97,-62.375,0.5,-33.5,0.002,-0.006,-0.012,-1.01,0.59,9.34,-0.84,0.36,-0.45,-0.17,0.23,9.8,1.82625,0.0,0.0,0.0,0.0,6.0,1016.87,67.61,-15.52
2025-03-24 18:37:52.991000+00:00,57.49551505220501,,,,345.125,-0.312,-1.25,23.0,-62.375,0.5,-33.5,0.002,-0.006,-0.012,-1.01,0.59,9.34,-0.84,0.36,-0.45,-0.17,0.23,9.8,1.82625,0.0,0.0,0.0,0.0,6.0,1016.87,67.61,-15.52
2025-03-24 18:37:53.424000+00:00,57.49551505220501,,,,345.125,-0.312,-1.25,22.97,-62.375,0.5,-33.5,0.002,-0.006,-0.012,-1.01,0.59,9.34,-0.84,0.36,-0.45,-0.17,0.23,9.8,1.82625,0.0,0.0,0.0,0.0,6.0,1016.87,67.61,-15.52
2025-03-24 18:37:53.998000+00:00,57.49551505220501,,,,345.125,-0.312,-1.25,23.0,-62.375,0.5,-33.5,0.002,-0.006,-0.012,-1.01,0.59,9.34,-0.84,0.36,-0.45,-0.17,0.23,9.8,1.82625,0.0,0.0,0.0,0.0,6.0,1016.87,67.61,-15.52
2025-03-24 18:37:54.413000+00:00,57.49551505220501,,,,345.125,-0.312,-1.25,22.97,-62.375,0.5,-33.5,0.002,-0.006,-0.012,-1.01,0.59,9.34,-0.84,0.36,-0.45,-0.17,0.23,9.8,1.82625,0.0,0.0,0.0,0.0,6.0,1016.87,67.61,-15.52
2025-03-24 18:37:55.005000+00:00,57.49551505220501,,,,345.125,-0.312,-1.25,23.0,-62.375,0.5,-33.5,0.002,-0.006,-0.012,-1.01,0.59,9.34,-0.84,0.36,-0.45,-0.17,0.23,9.8,1.82625,0.0,0.0,0.0,0.0,6.0,1016.87,67.61,-15.52
2025-03-24 18:37:55.423000+00:00,57.49551505220501,,,,345.125,-0.312,-1.25,22.97,-62.375,0.5,-33.5,0.002,-0.006,-0.012,-1.01,0.59,9.34,-0.84,0.36,-0.45,-0.17,0.23,9.8,1.82625,0.0,0.0,0.0,0.0,6.0,1016.87,67.61,-15.52
2025-03-24 18:37:56.064000+00:00,57.49551505220501,,,,345.125,-0.312,-1.25,23.0,-62.375,0.5,-33.5,0.002,-0.006,-0.012,-1.01,0.59,9.34,-0.84,0.36,-0.45,-0.17,0.23,9.8,1.82625,0.0,0.0,0.0,0.0,6.0,1016.87,67.61,-15.52
2025-03-24 18:37:56.639000+00:00,57.49551505220501,,,,345.125,-0.312,-1.25,22.97,-62.375,0.5,-33.5,0.002,-0.006,-0.012,-1.01,0.59,9.34,-0.84,0.36,-0.45,-0.17,0.23,9.8,1.82625,0.0,0.0,0.0,0.0,6.0,1016.87,67.61,-15.52
2025-03-24 18:37:57.064000+00:00,57.49551505220501,,,,345.125,-0.312,-1.25,23.0,-62.375,0.5,-33.5,0.002,-0.006,-0.012,-1.01,0.59,9.34,-0.84,0.36,-0.45,-0.17,0.23,9.8,1.82625,0.0,0.0,0.0,0.0,6.0,1016.87,67.61,-15.52
2025-03-24 18:37:57.644000+00:00,57.49551505220501,,,,345.125,-0.312,-1.25,22.97,-62.375,0.5,-33.5,0.002,-0.006,-0.012,-1.01,0.59,9.34,-0.84,0.36,-0.45,-0.17,0.23,9.8,1.82625,0.0,0.0,0.0,0.0,6.0,1016.87,67.61,-15.52
2025-03-24 18:37:58.036000+00:00,57.49551505220501,,,,345.125,-0.312,-1.25,23.0,-62.375,0.5,-33.5,0.002,-0.006,-0.012,-1.01,0.59,9.34,-0.84,0.36,-0.45,-0.17,0.23,9.8,1.82625,0.0,0.0,0.0,0.0,6.0,1016.87,67.61,-15.52
2025-03-24 18:37:58.673000+00:00,57.49551505220501,,,,345.125,-0.312,-1.25,22.97,-62.375,0.5,-33.5,0.002,-0.006,-0.012,-1.01,0.59,9.34,-0.84,0.36,-0.45,-0.17,0.23,9.8,1.82625,0.0,0.0,0.0,0.0,6.0,1016.87,67.61,-15.52
2025-03-24 18:37:59.045000+00:00,57.49551505220501,,,,345.125,-0.312,-1.25,23.0,-62.375,0.5,-33.5,0.002,-0.006,-0.012,-1.01,0.59,9.34,-0.84,0.36,-0.45,-0.17,0.23,9.8,1.82625,0.0,0.0,0.0,0.0,6.0,1016.87,67.61,-15.52
2025-03-24 18:37:59.674000+00:00,57.49551505220501,,,,345.125,-0.312,-1.25,22.97,-62.375,0.5,-33.5,0.002,-0.006,-0.012,-1.01,0.59,9.34,-0.84,0.36,-0.45,-0.17,0.23,9.8,1.82625,0.0,0.0,0.0,0.0,6.0,1016.87,67.61,-15.52
2025-03-24 18:38:00.052000+00:00,57.49551505220501,,,,345.125,-0.312,-1.25,23.0,-62.375,0.5,-33.5,0.002,-0.006,-0.012,-1.01,0.59,9.34,-0.84,0.36,-0.45,-0.17,0.23,9.8,1.82625,0.0,0.0,0.0,0.0,6.0,1016.87,67.61,-15.52
2025-03-24 18:38:00.713000+00:00,57.49551505220501,,,,345.125,-0.312,-1.25,22.97,-62.375,0.5,-33.5,0.002,-0.006,-0.012,-1.01,0.59,9.34,-0.84,0.36,-0.45,-0.17,0.23,9.8,1.82625,0.0,0.0,0.0,0.0,6.0,1016.87,67.61,-15.52
2025-03-24 18:38:01.073000+00:00,57.49551505220501,,,,345.125,-0.312,-1.25,23.0,-62.375,0.5,-33.5,0.002,-0.006,-0.012,-1.01,0.59,9.34,-0.84,0.36,-0.45,-0.17,0.23,9.8,1.82625,0.0,0.0,0.0,0.0,6.0,1016.87,67.61,-15.52
2025-03-24 18:38:01.674000+00:00,57.49551505220501,,,,345.125,-0.312,-1.25,22.97,-62.375,0.5,-33.5,0.002,-0.006,-0.012,-1.01,0.59,9.34,-0.84,0.36,-0.45,-0.17,0.23,9.8,1.82625,0.0,0.0,0.0,0.0,6.0,1016.87,67.61,-15.52
2025-03-24 18:38:02.081000+00:00,57.49551505220501,,,,345.125,-0.312,-1.25,23.0,-62.375,0.5,-33.5,0.002,-0.006,-0.012,-1.01,0.59,9.34,-0.84,0.36,-0.45,-0.17,0.23,9.8,1.82625,0.0,0.0,0.0,0.0,6.0,1016.87,67.61,-15.52
2025-03-24 18:38:02.793000+00:00,57.49551505220501,,,,345.125,-0.312,-1.25,22.97,-62.375,0.5,-33.5,0.002,-0.006,-0.012,-1.01,0.59,9.34,-0.84,0.36,-0.45,-0.17,0.23,9.8,1.82625,0.0,0.0,0.0,0.0,6.0,1016.87,67.61,-15.52
2025-03-24 18:38:03.090000+00:00,57.49551505220501,,,,345.125,-0.312,-1.25,23.0,-62.375,0.5,-33.5,0.002,-0.006,-0.012,-1.01,0.59,9.34,-0.84,0.36,-0.45,-0.17,0.23,9.8,1.82625,0.0,0.0,0.0,0.0,6.0,1016.87,67.61,-15.52
2025-03-24 18:38:03.933000+00:00,57.49551505220501,,,,345.125,-0.312,-1.25,22.97,-62.375,0.5,-33.5,0.002,-0.006,-0.012,-1.01,0.59,9.34,-0.84,0.36,-0.45,-0.17,0.23,9.8,1.82625,0.0,0.0,0.0,0.0,6.0,1016.87,67.61,-15.52
2025-03-24 18:38:04.184000+00:00,57.49551505220501,,,,345.125,-0.312,-1.25,23.0,-62.375,0.5,-33.5,0.002,-0.006,-0.012,-1.01,0.59,9.34,-0.84,0.36,-0.45,-0.17,0.23,9.8,1.82625,0.0,0.0,0.0,0.0,6.0,1016.87,67.61,-15.52
2025-03-24 18:38:05.082000+00:00,57.49551505220501,,,,345.125,-0.312,-1.25,22.97,-62.375,0.5,-33.5,0.002,-0.006,-0.012,-1.01,0.59,9.34,-0.84,0.36,-0.45,-0.17,0.23,9.8,1.82625,0.0,0.0,0.0,0.0,6.0,1016.87,67.61,-15.52
2025-03-24 18:38:05.343000+00:00,57.49551505220501,,,,345.125,-0.312,-1.25,23.0,-62.375,0.5,-33.5,0.002,-0.006,-0.012,-1.01,0.59,9.34,-0.84,0.36,-0.45,-0.17,0.23,9.8,1.82625,0.0,0.0,0.0,0.0,6.0,1016.87,67.61,-15.52
2025-03-24 18:37:06.577000+00:00,57.49551505220501,,,,345.125,-0.312,-1.25,23.0,-62.375,0.5,-33.5,0.002,-0.006,-0.012,-1.01,0.59,9.34,-0.84,0.36,-0.45,-0.17,0.23,9.8,1.82625,0.0,0.0,0.0,0.0,6.0,1016.87,67.61,-15.52
2025-03-24 18:37:07.587000+00:00,57.49551505220501,,,,345.125,-0.312,-1.25,23.0,-62.188,-0.75,-34.562,0.002,-0.006,-0.012,-1.01,0.59,9.34,-0.84,0.36,-0.45,-0.17,0.23,9.8,1.82625,0.0,0.0,0.0,0.0,6.0,1016.87,67.61,-15.52
2025-03-24 18:37:08.618000+00:00,57.49551505220501,,,,345.125,-0.312,-1.25,23.0,-61.5,-1.75,-33.5,0.002,-0.006,-0.012,-1.01,0.59,9.34,-0.84,0.36,-0.45,-0.17,0.23,9.8,1.82625,0.0,0.0,0.0,0.0,6.0,1016.87,67.61,-15.52
2025-03-24 18:37:09.606000+00:00,57.49551505220501,,,,345.125,-0.312,-1.25,23.0,-62.688,-1.875,-34.5,0.002,-0.006,-0.012,-1.01,0.59,9.34,-0.84,0.36,-0.45,-0.17,0.23,9.8,1.82625,0.0,0.0,0.0,0.0,6.0,1016.87,67.61,-15.52
2025-03-24 18:37:10.627000+00:00,57.49551505220501,,,,345.125,-0.312,-1.25,23.0,-64.5,-3.688,-33.188,0.002,-0.006,-0.012,-1.01,0.59,9.34,-0.84,0.36,-0.45,-0.17,0.23,9.8,1.82625,0.0,0.0,0.0,0.0,6.0,1016.87,67.61,-15.52
2025-03-24 18:37:11.637000+00:00,57.49551505220501,,,,345.125,-0.312,-1.25,23.0,-65.75,-4.5,-31.5,0.002,-0.006,-0.012,-1.01,0.59,9.34,-0.84,0.36,-0.45,-0.17,0.23,9.8,1.82625,0.0,0.0,0.0,0.0,6.0,1016.87,67.61,-15.52
2025-03-24 18:37:12.637000+00:00,57.49551505220501,,,,345.125,-0.312,-1.25,23.0,-68.562,-4.562,-30.25,0.002,-0.006,-0.012,-1.01,0.59,9.34,-0.84,0.36,-0.45,-0.17,0.23,9.8,1.82625,0.0,0.0,0.0,0.0,6.0,1016.87,67.61,-15.52
2025-03-24 18:37:13.663000+00:00,57.49551505220501,,,,345.125,-0.312,-1.25,23.0,-68.562,-4.562,-28.875,0.002,-0.006,-0.012,-1.01,0.59,9.34,-0.84,0.36,-0.45,-0.17,0.23,9.8,1.82625,0.0,0.0,0.0,0.0,6.0,1016.87,67.61,-15.52
2025-03-24 18:37:14.673000+00:00,57.49551505220501,,,,345.125,-0.312,-1.25,23.0,-68.688,-5.25,-29.25,0.002,-0.006,-0.012,-1.01,0.59,9.34,-0.84,0.36,-0.45,-0.17,0.23,9.8,1.82625,0.0,0.0,0.0,0.0,6.0,1016.87,67.61,-15.52
2025-03-24 18:37:15.672000+00:00,57.49551505220501,,,,345.125,-0.312,-1.25,23.0,-68.188,-4.375,-29.875,0.002,-0.006,-0.012,-1.01,0.59,9.34,-0.84,0.36,-0.45,-0.17,0.23,9.8,1.82625,0.0,0.0,0.0,0.0,6.0,1016.87,67.61,-15.52
2025-03-24 18:37:16.688000+00:00,57.49551505220501,,,,345.125,-0.312,-1.25,23.0,-69.375,-5.562,-29.875,0.002,-0.006,-0.012,-1.01,0.59,9.34,-0.84,0.36,-0.45,-0.17,0.23,9.8,1.82625,0.0,0.0,0.0,0.0,6.0,1016.87,67.61,-15.52
2025-03-24 18:37:17.687000+00:00,57.49551505220501,,,,345.125,-0.312,-1.25,23.0,-72.5,-5.062,-30.375,0.002,-0.006,-0.012,-1.01,0.59,9.34,-0.84,0.36,-0.45,-0.17,0.23,9.8,1.82625,0.0,0.0,0.0,0.0,6.0,1016.87,67.61,-15.52
2025-03-24 18:37:18.863000+00:00,57.49551505220501,,,,345.125,-0.312,-1.25,23.0,-73.188,-3.062,-28.375,0.002,-0.006,-0.012,-1.01,0.59,9.34,-0.84,0.36,-0.45,-0.17,0.23,9.8,1.82625,0.0,0.0,0.0,0.0,6.0,1016.87,67.61,-15.52
2025-03-24 18:37:20.025000+00:00,57.49551505220501,,,,345.125,-0.312,-1.25,23.0,-76.688,-3.375,-29.375,0.002,-0.006,-0.012,-1.01,0.59,9.34,-0.84,0.36,-0.45,-0.17,0.23,9.8,1.82625,0.0,0.0,0.0,0.0,6.0,1016.87,67.61,-15.52
2025-03-24 18:37:20.716000+00:00,57.49551505220501,,,,345.125,-0.312,-1.25,23.0,-75.688,-3.75,-30.0,0.002,-0.006,-0.012,-1.01,0.59,9.34,-0.84,0.36,-0.45,-0.17,0.23,9.8,1.82625,0.0,0.0,0.0,0.0,6.0,1016.87,67.61,-15.52
2025-03-24 18:37:21.749000+00:00,57.49551505220501,,,,345.125,-0.312,-1.25,23.0,-78.562,-3.0,-29.688,0.002,-0.006,-0.012,-1.01,0.59,9.34,-0.84,0.36,-0.45,-0.17,0.23,9.8,1.82625,0.0,0.0,0.0,0.0,6.0,1016.87,67.61,-15.52
2025-03-24 18:37:22.777000+00:00,57.49551505220501,,,,345.125,-0.312,-1.25,23.0,-85.375,-0.688,-30.062,0.002,-0.006,-0.012,-1.01,0.59,9.34,-0.84,0.36,-0.45,-0.17,0.23,9.8,1.82625,0.0,0.0,0.0,0.0,6.0,1016.87,67.61,-15.52
2025-03-24 18:37:23.752000+00:00,57.49551505220501,,,,345.125,-0.312,-1.25,23.0,-91.688,3.875,-28.562,0.002,-0.006,-0.012,-1.01,0.59,9.34,-0.84,0.36,-0.45,-0.17,0.23,9.8,1.82625,0.0,0.0,0.0,0.0,6.0,1016.87,67.61,-15.52
2025-03-24 18:37:24.775000+00:00,57.49551505220501,,,,345.125,-0.312,-1.25,23.0,-102.75,7.688,-21.75,0.002,-0.006,-0.012,-1.01,0.59,9.34,-0.84,0.36,-0.45,-0.17,0.23,9.8,1.82625,0.0,0.0,0.0,0.0,6.0,1016.87,67.61,-15.52
2025-03-24 18:37:25.776000+00:00,57.49551505220501,,,,345.125,-0.312,-1.25,23.0,-108.188,10.188,-18.75,0.002,-0.006,-0.012,-1.01,0.59,9.34,-0.84,0.36,-0.45,-0.17,0.23,9.8,1.82625,0.0,0.0,0.0,0.0,6.0,1016.87,67.61,-15.52
2025-03-24 18:37:26.786000+00:00,57.49551505220501,,,,345.125,-0.312,-1.25,23.0,-117.875,11.188,-11.562,0.002,-0.006,-0.012,-1.01,0.59,9.34,-0.84,0.36,-0.45,-0.17,0.23,9.8,1.82625,0.0,0.0,0.0,0.0,6.0,1016.87,67.61,-15.52
2025-03-24 18:37:27.966000+00:00,57.49551505220501,,,,345.125,-0.312,-1.25,23.0,-120.0,10.375,-9.875,0.002,-0.006,-0.012,-1.01,0.59,9.34,-0.84,0.36,-0.45,-0.17,0.23,9.8,1.82625,0.0,0.0,0.0,0.0,6.0,1016.87,67.61,-15.52
2025-03-24 18:37:29.022000+00:00,57.49551505220501,,,,345.125,-0.312,-1.25,23.0,-123.25,9.875,-7.5,0.002,-0.006,-0.012,-1.01,0.59,9.34,-0.84,0.36,-0.45,-0.17,0.23,9.8,1.82625,0.0,0.0,0.0,0.0,6.0,1016.87,67.61,-15.52
2025-03-24 18:37:30.126000+00:00,57.49551505220501,,,,345.125,-0.312,-1.25,23.0,-123.562,10.688,-4.75,0.002,-0.006,-0.012,-1.01,0.59,9.34,-0.84,0.36,-0.45,-0.17,0.23,9.8,1.82625,0.0,0.0,0.0,0.0,6.0,1016.87,67.61,-15.52
2025-03-24 18:37:30.825000+00:00,57.49551505220501,,,,345.125,-0.312,-1.25,23.0,-114.0,3.062,0.25,0.002,-0.006,-0.012,-1.01,0.59,9.34,-0.84,0.36,-0.45,-0.17,0.23,9.8,1.82625,0.0,0.0,0.0,0.0,6.0,1016.87,67.61,-15.52
2025-03-24 18:37:31.836000+00:00,57.49551505220501,,,,345.125,-0.312,-1.25,23.0,-122.0,0.375,6.5,0.002,-0.006,-0.012,-1.01,0.59,9.34,-0.84,0.36,-0.45,-0.17,0.23,9.8,1.82625,0.0,0.0,0.0,0.0,6.0,1016.87,67.61,-15.52
2025-03-24 18:37:32.904000+00:00,57.49551505220501,,,,345.125,-0.312,-1.25,23.0,-123.5,-4.562,4.062,0.002,-0.006,-0.012,-1.01,0.59,9.34,-0.84,0.36,-0.45,-0.17,0.23,9.8,1.82625,0.0,0.0,0.0,0.0,6.0,1016.87,67.61,-15.52
2025-03-24 18:37:33.856000+00:00,57.49551505220501,,,,345.125,-0.312,-1.25,23.0,-115.25,-5.25,-9.875,0.002,-0.006,-0.012,-1.01,0.59,9.34,-0.84,0.36,-0.45,-0.17,0.23,9.8,1.82625,0.0,0.0,0.0,0.0,6.0,1016.87,67.61,-15.52
2025-03-24 18:37:34.875000+00:00,57.49551505220501,,,,345.125,-0.312,-1.25,23.0,-103.75,-3.25,-20.062,0.002,-0.006,-0.012,-1.01,0.59,9.34,-0.84,0.36,-0.45,-0.17,0.23,9.8,1.82625,0.0,0.0,0.0,0.0,6.0,1016.87,67.61,-15.52
2025-03-24 18:37:35.875000+00:00,57.49551505220501,,,,345.125,-0.312,-1.25,23.0,-93.0,-2.5,-27.5,0.002,-0.006,-0.012,-1.01,0.59,9.34,-0.84,0.36,-0.45,-0.17,0.23,9.8,1.82625,0.0,0.0,0.0,0.0,6.0,1016.87,67.61,-15.52
2025-03-24 18:37:36.891000+00:00,57.49551505220501,,,,345.125,-0.312,-1.25,23.0,-96.0,-0.375,-24.688,0.002,-0.006,-0.012,-1.01,0.59,9.34,-0.84,0.36,-0.45,-0.17,0.23,9.8,1.82625,0.0,0.0,0.0,0.0,6.0,1016.87,67.61,-15.52
2025-03-24 18:37:37.920000+00:00,57.49551505220501,,,,345.125,-0.312,-1.25,23.0,-80.875,-0.75,-30.75,0.002,-0.006,-0.012,-1.01,0.59,9.34,-0.84,0.36,-0.45,-0.17,0.23,9.8,1.82625,0.0,0.0,0.0,0.0,6.0,1016.87,67.61,-15.52
2025-03-24 18:37:38.911000+00:00,57.49551505220501,,,,345.125,-0.312,-1.25,23.0,-68.75,-3.688,-33.25,0.002,-0.006,-0.012,-1.01,0.59,9.34,-0.84,0.36,-0.45,-0.17,0.23,9.8,1.82625,0.0,0.0,0.0,0.0,6.0,1016.87,67.61,-15.52
2025-03-24 18:37:39.914000+00:00,57.49551505220501,,,,345.125,-0.312,-1.25,23.0,-63.188,-5.062,-35.75,0.002,-0.006,-0.012,-1.01,0.59,9.34,-0.84,0.36,-0.45,-0.17,0.23,9.8,1.82625,0.0,0.0,0.0,0.0,6.0,1016.87,67.61,-15.52
2025-03-24 18:37:40.936000+00:00,57.49551505220501,,,,345.125,-0.312,-1.25,23.0,-60.062,-6.25,-34.0,0.002,-0.006,-0.012,-1.01,0.59,9.34,-0.84,0.36,-0.45,-0.17,0.23,9.8,1.82625,0.0,0.0,0.0,0.0,6.0,1016.87,67.61,-15.52
2025-03-24 18:37:41.941000+00:00,57.49551505220501,,,,345.125,-0.312,-1.25,23.0,-59.562,-9.25,-33.188,0.002,-0.006,-0.012,-1.01,0.59,9.34,-0.84,0.36,-0.45,-0.17,0.23,9.8,1.82625,0.0,0.0,0.0,0.0,6.0,1016.87,67.61,-15.52
2025-03-24 18:37:42.935000+00:00,57.49551505220501,,,,345.125,-0.312,-1.25,23.0,-59.062,-9.188,-33.188,0.002,-0.006,-0.012,-1.01,0.59,9.34,-0.84,0.36,-0.45,-0.17,0.23,9.8,1.82625,0.0,0.0,0.0,0.0,6.0,1016.87,67.61,-15.52
2025-03-24 18:37:43.948000+00:00,57.49551505220501,,,,345.125,-0.312,-1.25,23.0,-59.75,-12.875,-33.188,0.002,-0.006,-0.012,-1.01,0.59,9.34,-0.84,0.36,-0.45,-0.17,0.23,9.8,1.82625,0.0,0.0,0.0,0.0,6.0,1016.87,67.61,-15.52
2025-03-24 18:37:44.961000+00:00,57.49551505220501,,,,345.125,-0.312,-1.25,23.0,-63.875,-14.375,-29.688,0.002,-0.006,-0.012,-1.01,0.59,9.34,-0.84,0.36,-0.45,-0.17,0.23,9.8,1.82625,0.0,0.0,0.0,0.0,6.0,1016.87,67.61,-15.52
2025-03-24 18:37:45.964000+00:00,57.49551505220501,,,,345.125,-0.312,-1.25,23.0,-67.75,-13.188,-27.875,0.002,-0.006,-0.012,-1.01,0.59,9.34,-0.84,0.36,-0.45,-0.17,0.23,9.8,1.82625,0.0,0.0,0.0,0.0,6.0,1016.87,67.61,-15.52
2025-03-24 18:37:46.975000+00:00,57.49551505220501,,,,345.125,-0.312,-1.25,23.0,-71.75,-13.562,-28.0,0.002,-0.006,-0.012,-1.01,0.59,9.34,-0.84,0.36,-0.45,-0.17,0.23,9.8,1.82625,0.0,0.0,0.0,0.0,6.0,1016.87,67.61,-15.52
2025-03-24 18:37:48.070000+00:00,57.49551505220501,,,,345.125,-0.312,-1.25,23.0,-72.875,-12.062,-27.375,0.002,-0.006,-0.012,-1.01,0.59,9.34,-0.84,0.36,-0.45,-0.17,0.23,9.8,1.82625,0.0,0.0,0.0,0.0,6.0,1016.87,67.61,-15.52
2025-03-24 18:37:49.070000+00:00,57.49551505220501,,,,345.125,-0.312,-1.25,23.0,-84.562,-8.375,-27.062,0.002,-0.006,-0.012,-1.01,0.59,9.34,-0.84,0.36,-0.45,-0.17,0.23,9.8,1.82625,0.0,0.0,0.0,0.0,6.0,1016.87,67.61,-15.52
2025-03-24 18:37:50.174000+00:00,57.49551505220501,,,,345.125,-0.312,-1.25,23.0,-97.062,-4.25,-20.562,0.002,-0.006,-0.012,-1.01,0.59,9.34,-0.84,0.36,-0.45,-0.17,0.23,9.8,1.82625,0.0,0.0,0.0,0.0,6.0,1016.87,67.61,-15.52
2025-03-24 18:37:51.244000+00:00,57.49551505220501,,,,345.125,-0.312,-1.25,23.0,-111.188,-1.062,-11.875,0.002,-0.006,-0.012,-1.01,0.59,9.34,-0.84,0.36,-0.45,-0.17,0.23,9.8,1.82625,0.0,0.0,0.0,0.0,6.0,1016.87,67.61,-15.52
2025-03-24 18:37:52.030000+00:00,57.49551505220501,,,,345.125,-0.312,-1.25,23.0,-118.375,-0.688,-4.688,0.002,-0.006,-0.012,-1.01,0.59,9.34,-0.84,0.36,-0.45,-0.17,0.23,9.8,1.82625,0.0,0.0,0.0,0.0,6.0,1016.87,67.61,-15.52
2025-03-24 18:37:53.050000+00:00,57.49551505220501,,,,345.125,-0.312,-1.25,23.0,-112.5,0.062,-11.0,0.002,-0.006,-0.012,-1.01,0.59,9.34,-0.84,0.36,-0.45,-0.17,0.23,9.8,1.82625,0.0,0.0,0.0,0.0,6.0,1016.87,67.61,-15.52
2025-03-24 18:37:54.044000+00:00,57.49551505220501,,,,345.125,-0.312,-1.25,23.0,-117.0,0.5,-5.062,0.002,-0.006,-0.012,-1.01,0.59,9.34,-0.84,0.36,-0.45,-0.17,0.23,9.8,1.82625,0.0,0.0,0.0,0.0,6.0,1016.87,67.61,-15.52
2025-03-24 18:37:55.055000+00:00,57.49551505220501,,,,345.125,-0.312,-1.25,23.0,-125.0,-3.562,2.0,0.002,-0.006,-0.012,-1.01,0.59,9.34,-0.84,0.36,-0.45,-0.17,0.23,9.8,1.82625,0.0,0.0,0.0,0.0,6.0,1016.87,67.61,-15.52
2025-03-24 18:37:56.121000+00:00,57.49551505220501,,,,345.125,-0.312,-1.25,23.0,-126.688,-6.75,1.062,0.002,-0.006,-0.012,-1.01,0.59,9.34,-0.84,0.36,-0.45,-0.17,0.23,9.8,1.82625,0.0,0.0,0.0,0.0,6.0,1016.87,67.61,-15.52
2025-03-24 18:37:57.113000+00:00,57.49551505220501,,,,345.125,-0.312,-1.25,23.0,-124.25,-10.0,-3.688,0.002,-0.006,-0.012,-1.01,0.59,9.34,-0.84,0.36,-0.45,-0.17,0.23,9.8,1.82625,0.0,0.0,0.0,0.0,6.0,1016.87,67.61,-15.52
2025-03-24 18:37:58.093000+00:00,57.49551505220501,,,,345.125,-0.312,-1.25,23.0,-118.062,-11.375,-12.5,0.002,-0.006,-0.012,-1.01,0.59,9.34,-0.84,0.36,-0.45,-0.17,0.23,9.8,1.82625,0.0,0.0,0.0,0.0,6.0,1016.87,67.61,-15.52
2025-03-24 18:37:59.103000+00:00,57.49551505220501,,,,345.125,-0.312,-1.25,23.0,-121.562,-10.688,-8.0,0.002,-0.006,-0.012,-1.01,0.59,9.34,-0.84,0.36,-0.45,-0.17,0.23,9.8,1.82625,0.0,0.0,0.0,0.0,6.0,1016.87,67.61,-15.52
2025-03-24 18:38:00.113000+00:00,57.49551505220501,,,,345.125,-0.312,-1.25,23.0,-117.188,-10.75,-14.25,0.002,-0.006,-0.012,-1.01,0.59,9.34,-0.84,0.36,-0.45,-0.17,0.23,9.8,1.82625,0.0,0.0,0.0,0.0,6.0,1016.87,67.61,-15.52
2025-03-24 18:38:01.123000+00:00,57.49551505220501,,,,345.125,-0.312,-1.25,23.0,-111.062,-9.688,-20.562,0.002,-0.006,-0.012,-1.01,0.59,9.34,-0.84,0.36,-0.45,-0.17,0.23,9.8,1.82625,0.0,0.0,0.0,0.0,6.0,1016.87,67.61,-15.52
2025-03-24 18:38:02.143000+00:00,57.49551505220501,,,,345.125,-0.312,-1.25,23.0,-101.688,-10.0,-27.188,0.002,-0.006,-0.012,-1.01,0.59,9.34,-0.84,0.36,-0.45,-0.17,0.23,9.8,1.82625,0.0,0.0,0.0,0.0,6.0,1016.87,67.61,-15.52
2025-03-24 18:38:03.143000+00:00,57.49551505220501,,,,345.125,-0.312,-1.25,23.0,-95.375,-7.875,-31.75,0.002,-0.006,-0.012,-1.01,0.59,9.34,-0.84,0.36,-0.45,-0.17,0.23,9.8,1.82625,0.0,0.0,0.0,0.0,6.0,1016.87,67.61,-15.52
2025-03-24 18:38:04.243000+00:00,57.49551505220501,,,,345.125,-0.312,-1.25,23.0,-101.062,-8.5,-27.375,0.002,-0.006,-0.012,-1.01,0.59,9.34,-0.84,0.36,-0.45,-0.17,0.23,9.8,1.82625,0.0,0.0,0.0,0.0,6.0,1016.87,67.61,-15.52
2025-03-24 18:38:05.403000+00:00,57.49551505220501,,,,345.125,-0.312,-1.25,23.0,-90.188,-8.562,-32.562,0.002,-0.006,-0.012,-1.01,0.59,9.34,-0.84,0.36,-0.45,-0.17,0.23,9.8,1.82625,0.0,0.0,0.0,0.0,6.0,1016.87,67.61,-15.52
2025-03-24 18:37:06.631000+00:00,57.49551505220501,,,,345.125,-0.312,-1.25,23.0,-90.188,-8.562,-32.562,0.002,-0.006,-0.012,-1.01,0.59,9.34,-0.84,0.36,-0.45,-0.17,0.23,9.8,1.82625,0.0,0.0,0.0,0.0,6.0,1016.87,67.61,-15.52
2025-03-24 18:37:07.637000+00:00,57.49551505220501,,,,345.125,-0.312,-1.25,23.0,-90.188,-8.562,-32.562,0.003,-0.012,0.014,-1.01,0.59,9.34,-0.84,0.36,-0.45,-0.17,0.23,9.8,1.82625,0.0,0.0,0.0,0.0,6.0,1016.87,67.61,-15.52
2025-03-24 18:37:08.667000+00:00,57.49551505220501,,,,345.125,-0.312,-1.25,23.0,-90.188,-8.562,-32.562,-0.009,0.011,-0.029,-1.01,0.59,9.34,-0.84,0.36,-0.45,-0.17,0.23,9.8,1.82625,0.0,0.0,0.0,0.0,6.0,1016.87,67.61,-15.52
2025-03-24 18:37:09.657000+00:00,57.49551505220501,,,,345.125,-0.312,-1.25,23.0,-90.188,-8.562,-32.562,-0.007,-0.027,-0.024,-1.01,0.59,9.34,-0.84,0.36,-0.45,-0.17,0.23,9.8,1.82625,0.0,0.0,0.0,0.0,6.0,1016.87,67.61,-15.52
2025-03-24 18:37:10.678000+00:00,57.49551505220501,,,,345.125,-0.312,-1.25,23.0,-90.188,-8.562,-32.562,0.001,0.014,0.012,-1.01,0.59,9.34,-0.84,0.36,-0.45,-0.17,0.23,9.8,1.82625,0.0,0.0,0.0,0.0,6.0,1016.87,67.61,-15.52
2025-03-24 18:37:11.693000+00:00,57.49551505220501,,,,345.125,-0.312,-1.25,23.0,-90.188,-8.562,-32.562,-0.003,0.03,-0.012,-1.01,0.59,9.34,-0.84,0.36,-0.45,-0.17,0.23,9.8,1.82625,0.0,0.0,0.0,0.0,6.0,1016.87,67.61,-15.52
2025-03-24 18:37:12.694000+00:00,57.49551505220501,,,,345.125,-0.312,-1.25,23.0,-90.188,-8.562,-32.562,0.003,0.028,-0.016,-1.01,0.59,9.34,-0.84,0.36,-0.45,-0.17,0.23,9.8,1.82625,0.0,0.0,0.0,0.0,6.0,1016.87,67.61,-15.52
2025-03-24 18:37:13.724000+00:00,57.49551505220501,,,,345.125,-0.312,-1.25,23.0,-90.188,-8.562,-32.562,0.011,0.018,-0.081,-1.01,0.59,9.34,-0.84,0.36,-0.45,-0.17,0.23,9.8,1.82625,0.0,0.0,0.0,0.0,6.0,1016.87,67.61,-15.52
2025-03-24 18:37:14.734000+00:00,57.49551505220501,,,,345.125,-0.312,-1.25,23.0,-90.188,-8.562,-32.562,0.021,0.0,-0.012,-1.01,0.59,9.34,-0.84,0.36,-0.45,-0.17,0.23,9.8,1.82625,0.0,0.0,0.0,0.0,6.0,1016.87,67.61,-15.52
2025-03-24 18:37:15.727000+00:00,57.49551505220501,,,,345.125,-0.312,-1.25,23.0,-90.188,-8.562,-32.562,0.017,0.006,-0.032,-1.01,0.59,9.34,-0.84,0.36,-0.45,-0.17,0.23,9.8,1.82625,0.0,0.0,0.0,0.0,6.0,1016.87,67.61,-15.52
2025-03-24 18:37:16.738000+00:00,57.49551505220501,,,,345.125,-0.312,-1.25,23.0,-90.188,-8.562,-32.562,0.004,0.026,-0.033,-1.01,0.59,9.34,-0.84,0.36,-0.45,-0.17,0.23,9.8,1.82625,0.0,0.0,0.0,0.0,6.0,1016.87,67.61,-15.52
2025-03-24 18:37:17.744000+00:00,57.49551505220501,,,,345.125,-0.312,-1.25,23.0,-90.188,-8.562,-32.562,0.004,-0.003,-0.002,-1.01,0.59,9.34,-0.84,0.36,-0.45,-0.17,0.23,9.8,1.82625,0.0,0.0,0.0,0.0,6.0,1016.87,67.61,-15.52
2025-03-24 18:37:18.924000+00:00,57.49551505220501,,,,345.125,-0.312,-1.25,23.0,-90.188,-8.562,-32.562,-0.01,-0.01,-0.037,-1.01,0.59,9.34,-0.84,0.36,-0.45,-0.17,0.23,9.8,1.82625,0.0,0.0,0.0,0.0,6.0,1016.87,67.61,-15.52
2025-03-24 18:37:20.077000+00:00,57.49551505220501,,,,345.125,-0.312,-1.25,23.0,-90.188,-8.562,-32.562,-0.008,-0.006,0.052,-1.01,0.59,9.34,-0.84,0.36,-0.45,-0.17,0.23,9.8,1.82625,0.0,0.0,0.0,0.0,6.0,1016.87,67.61,-15.52
2025-03-24 18:37:20.766000+00:00,57.49551505220501,,,,345.125,-0.312,-1.25,23.0,-90.188,-8.562,-32.562,0.0,0.01,-0.016,-1.01,0.59,9.34,-0.84,0.36,-0.45,-0.17,0.23,9.8,1.82625,0.0,0.0,0.0,0.0,6.0,1016.87,67.61,-15.52
2025-03-24 18:37:21.799000+00:00,57.49551505220501,,,,345.125,-0.312,-1.25,23.0,-90.188,-8.562,-32.562,-0.013,0.011,-0.016,-1.01,0.59,9.34,-0.84,0.36,-0.45,-0.17,0.23,9.8,1.82625,0.0,0.0,0.0,0.0,6.0,1016.87,67.61,-15.52
2025-03-24 18:37:22.826000+00:00,57.49551505220501,,,,345.125,-0.312,-1.25,23.0,-90.188,-8.562,-32.562,-0.009,0.03,0.017,-1.01,0.59,9.34,-0.84,0.36,-0.45,-0.17,0.23,9.8,1.82625,0.0,0.0,0.0,0.0,6.0,1016.87,67.61,-15.52
2025-03-24 18:37:23.806000+00:00,57.49551505220501,,,,345.125,-0.312,-1.25,23.0,-90.188,-8.562,-32.562,-0.013,0.004,0.006,-1.01,0.59,9.34,-0.84,0.36,-0.45,-0.17,0.23,9.8,1.82625,0.0,0.0,0.0,0.0,6.0,1016.87,67.61,-15.52
2025-03-24 18:37:24.838000+00:00,57.49551505220501,,,,345.125,-0.312,-1.25,23.0,-90.188,-8.562,-32.562,0.008,0.003,-0.019,-1.01,0.59,9.34,-0.84,0.36,-0.45,-0.17,0.23,9.8,1.82625,0.0,0.0,0.0,0.0,6.0,1016.87,67.61,-15.52
2025-03-24 18:37:25.833000+00:00,57.49551505220501,,,,345.125,-0.312,-1.25,23.0,-90.188,-8.562,-32.562,0.009,0.01,-0.007,-1.01,0.59,9.34,-0.84,0.36,-0.45,-0.17,0.23,9.8,1.82625,0.0,0.0,0.0,0.0,6.0,1016.87,67.61,-15.52
2025-03-24 18:37:26.836000+00:00,57.49551505220501,,,,345.125,-0.312,-1.25,23.0,-90.188,-8.562,-32.562,0.014,0.026,-0.046,-1.01,0.59,9.34,-0.84,0.36,-0.45,-0.17,0.23,9.8,1.82625,0.0,0.0,0.0,0.0,6.0,1016.87,67.61,-15.52
2025-03-24 18:37:28.016000+00:00,57.49551505220501,,,,345.125,-0.312,-1.25,23.0,-90.188,-8.562,-32.562,0.023,-0.024,-0.017,-1.01,0.59,9.34,-0.84,0.36,-0.45,-0.17,0.23,9.8,1.82625,0.0,0.0,0.0,0.0,6.0,1016.87,67.61,-15.52
2025-03-24 18:37:29.076000+00:00,57.49551505220501,,,,345.125,-0.312,-1.25,23.0,-90.188,-8.562,-32.562,0.013,-0.043,-0.009,-1.01,0.59,9.34,-0.84,0.36,-0.45,-0.17,0.23,9.8,1.82625,0.0,0.0,0.0,0.0,6.0,1016.87,67.61,-15.52
2025-03-24 18:37:30.176000+00:00,57.49551505220501,,,,345.125,-0.312,-1.25,23.0,-90.188,-8.562,-32.562,0.021,-0.006,0.027,-1.01,0.59,9.34,-0.84,0.36,-0.45,-0.17,0.23,9.8,1.82625,0.0,0.0,0.0,0.0,6.0,1016.87,67.61,-15.52
2025-03-24 18:37:30.876000+00:00,57.49551505220501,,,,345.125,-0.312,-1.25,23.0,-90.188,-8.562,-32.562,0.026,0.0,0.044,-1.01,0.59,9.34,-0.84,0.36,-0.45,-0.17,0.23,9.8,1.82625,0.0,0.0,0.0,0.0,6.0,1016.87,67.61,-15.52
2025-03-24 18:37:31.895000+00:00,57.49551505220501,,,,345.125,-0.312,-1.25,23.0,-90.188,-8.562,-32.562,0.003,-0.021,0.05,-1.01,0.59,9.34,-0.84,0.36,-0.45,-0.17,0.23,9.8,1.82625,0.0,0.0,0.0,0.0,6.0,1016.87,67.61,-15.52
2025-03-24 18:37:32.957000+00:00,57.49551505220501,,,,345.125,-0.312,-1.25,23.0,-90.188,-8.562,-32.562,-0.03,-0.023,-0.063,-1.01,0.59,9.34,-0.84,0.36,-0.45,-0.17,0.23,9.8,1.82625,0.0,0.0,0.0,0.0,6.0,1016.87,67.61,-15.52
2025-03-24 18:37:33.906000+00:00,57.49551505220501,,,,345.125,-0.312,-1.25,23.0,-90.188,-8.562,-32.562,-0.032,-0.042,0.022,-1.01,0.59,9.34,-0.84,0.36,-0.45,-0.17,0.23,9.8,1.82625,0.0,0.0,0.0,0.0,6.0,1016.87,67.61,-15.52
2025-03-24 18:37:34.926000+00:00,57.49551505220501,,,,345.125,-0.312,-1.25,23.0,-90.188,-8.562,-32.562,-0.001,0.003,0.066,-1.01,0.59,9.34,-0.84,0.36,-0.45,-0.17,0.23,9.8,1.82625,0.0,0.0,0.0,0.0,6.0,1016.87,67.61,-15.52
2025-03-24 18:37:35.927000+00:00,57.49551505220501,,,,345.125,-0.312,-1.25,23.0,-90.188,-8.562,-32.562,-0.006,-0.007,0.012,-1.01,0.59,9.34,-0.84,0.36,-0.45,-0.17,0.23,9.8,1.82625,0.0,0.0,0.0,0.0,6.0,1016.87,67.61,-15.52
2025-03-24 18:37:36.949000+00:00,57.49551505220501,,,,345.125,-0.312,-1.25,23.0,-90.188,-8.562,-32.562,0.012,0.01,0.054,-1.01,0.59,9.34,-0.84,0.36,-0.45,-0.17,0.23,9.8,1.82625,0.0,0.0,0.0,0.0,6.0,1016.87,67.61,-15.52
2025-03-24 18:37:37.965000+00:00,57.49551505220501,,,,345.125,-0.312,-1.25,23.0,-90.188,-8.562,-32.562,-0.008,-0.02,0.031,-1.01,0.59,9.34,-0.84,0.36,-0.45,-0.17,0.23,9.8,1.82625,0.0,0.0,0.0,0.0,6.0,1016.87,67.61,-15.52
2025-03-24 18:37:38.972000+00:00,57.49551505220501,,,,345.125,-0.312,-1.25,23.0,-90.188,-8.562,-32.562,0.002,0.04,-0.047,-1.01,0.59,9.34,-0.84,0.36,-0.45,-0.17,0.23,9.8,1.82625,0.0,0.0,0.0,0.0,6.0,1016.87,67.61,-15.52
2025-03-24 18:37:39.964000+00:00,57.49551505220501,,,,345.125,-0.312,-1.25,23.0,-90.188,-8.562,-32.562,-0.001,0.002,-0.028,-1.01,0.59,9.34,-0.84,0.36,-0.45,-0.17,0.23,9.8,1.82625,0.0,0.0,0.0,0.0,6.0,1016.87,67.61,-15.52
2025-03-24 18:37:40.988000+00:00,57.49551505220501,,,,345.125,-0.312,-1.25,23.0,-90.188,-8.562,-32.562,-0.008,-0.012,-0.041,-1.01,0.59,9.34,-0.84,0.36,-0.45,-0.17,0.23,9.8,1.82625,0.0,0.0,0.0,0.0,6.0,1016.87,67.61,-15.52
2025-03-24 18:37:41.999000+00:00,57.49551505220501,,,,345.125,-0.312,-1.25,23.0,-90.188,-8.562,-32.562,0.009,0.002,-0.006,-1.01,0.59,9.34,-0.84,0.36,-0.45,-0.17,0.23,9.8,1.82625,0.0,0.0,0.0,0.0,6.0,1016.87,67.61,-15.52
2025-03-24 18:37:42.992000+00:00,57.49551505220501,,,,345.125,-0.312,-1.25,23.0,-90.188,-8.562,-32.562,-0.006,-0.006,0.032,-1.01,0.59,9.34,-0.84,0.36,-0.45,-0.17,0.23,9.8,1.82625,0.0,0.0,0.0,0.0,6.0,1016.87,67.61,-15.52
2025-03-24 18:37:43.994000+00:00,57.49551505220501,,,,345.125,-0.312,-1.25,23.0,-90.188,-8.562,-32.562,0.014,0.007,-0.017,-1.01,0.59,9.34,-0.84,0.36,-0.45,-0.17,0.23,9.8,1.82625,0.0,0.0,0.0,0.0,6.0,1016.87,67.61,-15.52
2025-03-24 18:37:45.019000+00:00,57.49551505220501,,,,345.125,-0.312,-1.25,23.0,-90.188,-8.562,-32.562,0.004,-0.011,0.018,-1.01,0.59,9.34,-0.84,0.36,-0.45,-0.17,0.23,9.8,1.82625,0.0,0.0,0.0,0.0,6.0,1016.87,67.61,-15.52
2025-03-24 18:37:46.021000+00:00,57.49551505220501,,,,345.125,-0.312,-1.25,23.0,-90.188,-8.562,-32.562,0.013,-0.009,0.01,-1.01,0.59,9.34,-0.84,0.36,-0.45,-0.17,0.23,9.8,1.82625,0.0,0.0,0.0,0.0,6.0,1016.87,67.61,-15.52
2025-03-24 18:37:47.032000+00:00,57.49551505220501,,,,345.125,-0.312,-1.25,23.0,-90.188,-8.562,-32.562,0.008,-0.002,0.016,-1.01,0.59,9.34,-0.84,0.36,-0.45,-0.17,0.23,9.8,1.82625,0.0,0.0,0.0,0.0,6.0,1016.87,67.61,-15.52
2025-03-24 18:37:48.124000+00:00,57.49551505220501,,,,345.125,-0.312,-1.25,23.0,-90.188,-8.562,-32.562,-0.004,0.01,0.013,-1.01,0.59,9.34,-0.84,0.36,-0.45,-0.17,0.23,9.8,1.82625,0.0,0.0,0.0,0.0,6.0,1016.87,67.61,-15.52
2025-03-24 18:37:49.131000+00:00,57.49551505220501,,,,345.125,-0.312,-1.25,23.0,-90.188,-8.562,-32.562,-0.01,0.001,0.029,-1.01,0.59,9.34,-0.84,0.36,-0.45,-0.17,0.23,9.8,1.82625,0.0,0.0,0.0,0.0,6.0,1016.87,67.61,-15.52
2025-03-24 18:37:50.233000+00:00,57.49551505220501,,,,345.125,-0.312,-1.25,23.0,-90.188,-8.562,-32.562,0.004,-0.032,-0.014,-1.01,0.59,9.34,-0.84,0.36,-0.45,-0.17,0.23,9.8,1.82625,0.0,0.0,0.0,0.0,6.0,1016.87,67.61,-15.52
2025-03-24 18:37:51.294000+00:00,57.49551505220501,,,,345.125,-0.312,-1.25,23.0,-90.188,-8.562,-32.562,-0.011,-0.037,-0.014,-1.01,0.59,9.34,-0.84,0.36,-0.45,-0.17,0.23,9.8,1.82625,0.0,0.0,0.0,0.0,6.0,1016.87,67.61,-15.52
2025-03-24 18:37:52.091000+00:00,57.49551505220501,,,,345.125,-0.312,-1.25,23.0,-90.188,-8.562,-32.562,0.009,0.019,0.013,-1.01,0.59,9.34,-0.84,0.36,-0.45,-0.17,0.23,9.8,1.82625,0.0,0.0,0.0,0.0,6.0,1016.87,67.61,-15.52
2025-03-24 18:37:53.111000+00:00,57.49551505220501,,,,345.125,-0.312,-1.25,23.0,-90.188,-8.562,-32.562,0.004,-0.031,0.01,-1.01,0.59,9.34,-0.84,0.36,-0.45,-0.17,0.23,9.8,1.82625,0.0,0.0,0.0,0.0,6.0,1016.87,67.61,-15.52
2025-03-24 18:37:54.101000+00:00,57.49551505220501,,,,345.125,-0.312,-1.25,23.0,-90.188,-8.562,-32.562,0.018,0.036,-0.053,-1.01,0.59,9.34,-0.84,0.36,-0.45,-0.17,0.23,9.8,1.82625,0.0,0.0,0.0,0.0,6.0,1016.87,67.61,-15.52
2025-03-24 18:37:55.111000+00:00,57.49551505220501,,,,345.125,-0.312,-1.25,23.0,-90.188,-8.562,-32.562,0.009,-0.007,0.048,-1.01,0.59,9.34,-0.84,0.36,-0.45,-0.17,0.23,9.8,1.82625,0.0,0.0,0.0,0.0,6.0,1016.87,67.61,-15.52
2025-03-24 18:37:56.181000+00:00,57.49551505220501,,,,345.125,-0.312,-1.25,23.0,-90.188,-8.562,-32.562,-0.001,-0.013,0.041,-1.01,0.59,9.34,-0.84,0.36,-0.45,-0.17,0.23,9.8,1.82625,0.0,0.0,0.0,0.0,6.0,1016.87,67.61,-15.52
2025-03-24 18:37:57.164000+00:00,57.49551505220501,,,,345.125,-0.312,-1.25,23.0,-90.188,-8.562,-32.562,-0.02,-0.031,0.026,-1.01,0.59,9.34,-0.84,0.36,-0.45,-0.17,0.23,9.8,1.82625,0.0,0.0,0.0,0.0,6.0,1016.87,67.61,-15.52
2025-03-24 18:37:58.144000+00:00,57.49551505220501,,,,345.125,-0.312,-1.25,23.0,-90.188,-8.562,-32.562,-0.021,-0.011,0.022,-1.01,0.59,9.34,-0.84,0.36,-0.45,-0.17,0.23,9.8,1.82625,0.0,0.0,0.0,0.0,6.0,1016.87,67.61,-15.52
2025-03-24 18:37:59.153000+00:00,57.49551505220501,,,,345.125,-0.312,-1.25,23.0,-90.188,-8.562,-32.562,-0.019,-0.022,0.003,-1.01,0.59,9.34,-0.84,0.36,-0.45,-0.17,0.23,9.8,1.82625,0.0,0.0,0.0,0.0,6.0,1016.87,67.61,-15.52
2025-03-24 18:38:00.170000+00:00,57.49551505220501,,,,345.125,-0.312,-1.25,23.0,-90.188,-8.562,-32.562,-0.02,-0.009,0.01,-1.01,0.59,9.34,-0.84,0.36,-0.45,-0.17,0.23,9.8,1.82625,0.0,0.0,0.0,0.0,6.0,1016.87,67.61,-15.52
2025-03-24 18:38:01.173000+00:00,57.49551505220501,,,,345.125,-0.312,-1.25,23.0,-90.188,-8.562,-32.562,-0.002,-0.018,0.068,-1.01,0.59,9.34,-0.84,0.36,-0.45,-0.17,0.23,9.8,1.82625,0.0,0.0,0.0,0.0,6.0,1016.87,67.61,-15.52
2025-03-24 18:38:02.193000+00:00,57.49551505220501,,,,345.125,-0.312,-1.25,23.0,-90.188,-8.562,-32.562,-0.009,0.004,-0.029,-1.01,0.59,9.34,-0.84,0.36,-0.45,-0.17,0.23,9.8,1.82625,0.0,0.0,0.0,0.0,6.0,1016.87,67.61,-15.52
2025-03-24 18:38:03.193000+00:00,57.49551505220501,,,,345.125,-0.312,-1.25,23.0,-90.188,-8.562,-32.562,-0.001,0.022,-0.011,-1.01,0.59,9.34,-0.84,0.36,-0.45,-0.17,0.23,9.8,1.82625,0.0,0.0,0.0,0.0,6.0,1016.87,67.61,-15.52
2025-03-24 18:38:04.293000+00:00,57.49551505220501,,,,345.125,-0.312,-1.25,23.0,-90.188,-8.562,-32.562,0.018,-0.009,0.026,-1.01,0.59,9.34,-0.84,0.36,-0.45,-0.17,0.23,9.8,1.82625,0.0,0.0,0.0,0.0,6.0,1016.87,67.61,-15.52
2025-03-24 18:38:05.463000+00:00,57.49551505220501,,,,345.125,-0.312,-1.25,23.0,-90.188,-8.562,-32.562,0.011,0.013,-0.001,-1.01,0.59,9.34,-0.84,0.36,-0.45,-0.17,0.23,9.8,1.82625,0.0,0.0,0.0,0.0,6.0,1016.87,67.61,-15.52
2025-03-24 18:37:06.678000+00:00,57.49551505220501,,,,345.125,-0.312,-1.25,23.0,-90.188,-8.562,-32.562,0.011,0.013,-0.001,-1.01,0.59,9.34,-0.84,0.36,-0.45,-0.17,0.23,9.8,1.82625,0.0,0.0,0.0,0.0,6.0,1016.87,67.61,-15.52
2025-03-24 18:37:07.687000+00:00,57.49551505220501,,,,345.125,-0.312,-1.25,23.0,-90.188,-8.562,-32.562,0.011,0.013,-0.001,0.33,0.21,9.39,-0.84,0.36,-0.45,-0.17,0.23,9.8,1.82625,0.0,0.0,0.0,0.0,6.0,1016.87,67.61,-15.52
2025-03-24 18:37:08.717000+00:00,57.49551505220501,,,,345.125,-0.312,-1.25,23.0,-90.188,-8.562,-32.562,0.011,0.013,-0.001,-0.14,0.17,9.45,-0.84,0.36,-0.45,-0.17,0.23,9.8,1.82625,0.0,0.0,0.0,0.0,6.0,1016.87,67.61,-15.52
2025-03-24 18:37:09.707000+00:00,57.49551505220501,,,,345.125,-0.312,-1.25,23.0,-90.188,-8.562,-32.562,0.011,0.013,-0.001,0.29,0.0,9.4,-0.84,0.36,-0.45,-0.17,0.23,9.8,1.82625,0.0,0.0,0.0,0.0,6.0,1016.87,67.61,-15.52
2025-03-24 18:37:10.730000+00:00,57.49551505220501,,,,345.125,-0.312,-1.25,23.0,-90.188,-8.562,-32.562,0.011,0.013,-0.001,-0.12,0.38,9.47,-0.84,0.36,-0.45,-0.17,0.23,9.8,1.82625,0.0,0.0,0.0,0.0,6.0,1016.87,67.61,-15.52
2025-03-24 18:37:11.747000+00:00,57.49551505220501,,,,345.125,-0.312,-1.25,23.0,-90.188,-8.562,-32.562,0.011,0.013,-0.001,0.07,0.46,9.42,-0.84,0.36,-0.45,-0.17,0.23,9.8,1.82625,0.0,0.0,0.0,0.0,6.0,1016.87,67.61,-15.52
2025-03-24 18:37:12.747000+00:00,57.49551505220501,,,,345.125,-0.312,-1.25,23.0,-90.188,-8.562,-32.562,0.011,0.013,-0.001,0.24,0.08,9.21,-0.84,0.36,-0.45,-0.17,0.23,9.8,1.82625,0.0,0.0,0.0,0.0,6.0,1016.87,67.61,-15.52
2025-03-24 18:37:13.777000+00:00,57.49551505220501,,,,345.125,-0.312,-1.25,23.0,-90.188,-8.562,-32.562,0.011,0.013,-0.001,-0.43,0.5,9.35,-0.84,0.36,-0.45,-0.17,0.23,9.8,1.82625,0.0,0.0,0.0,0.0,6.0,1016.87,67.61,-15.52
2025-03-24 18:37:14.787000+00:00,57.49551505220501,,,,345.125,-0.312,-1.25,23.0,-90.188,-8.562,-32.562,0.011,0.013,-0.001,-0.62,0.05,9.52,-0.84,0.36,-0.45,-0.17,0.23,9.8,1.82625,0.0,0.0,0.0,0.0,6.0,1016.87,67.61,-15.52
2025-03-24 18:37:15.778000+00:00,57.49551505220501,,,,345.125,-0.312,-1.25,23.0,-90.188,-8.562,-32.562,0.011,0.013,-0.001,-0.45,0.47,9.35,-0.84,0.36,-0.45,-0.17,0.23,9.8,1.82625,0.0,0.0,0.0,0.0,6.0,1016.87,67.61,-15.52
2025-03-24 18:37:16.786000+00:00,57.49551505220501,,,,345.125,-0.312,-1.25,23.0,-90.188,-8.562,-32.562,0.011,0.013,-0.001,-0.02,0.32,9.5,-0.84,0.36,-0.45,-0.17,0.23,9.8,1.82625,0.0,0.0,0.0,0.0,6.0,1016.87,67.61,-15.52
2025-03-24 18:37:17.803000+00:00,57.49551505220501,,,,345.125,-0.312,-1.25,23.0,-90.188,-8.562,-32.562,0.011,0.013,-0.001,-0.13,0.15,9.4,-0.84,0.36,-0.45,-0.17,0.23,9.8,1.82625,0.0,0.0,0.0,0.0,6.0,1016.87,67.61,-15.52
2025-03-24 18:37:18.983000+00:00,57.49551505220501,,,,345.125,-0.312,-1.25,23.0,-90.188,-8.562,-32.562,0.011,0.013,-0.001,-0.57,-0.09,9.52,-0.84,0.36,-0.45,-0.17,0.23,9.8,1.82625,0.0,0.0,0.0,0.0,6.0,1016.87,67.61,-15.52
2025-03-24 18:37:20.133000+00:00,57.49551505220501,,,,345.125,-0.312,-1.25,23.0,-90.188,-8.562,-32.562,0.011,0.013,-0.001,-0.09,0.45,9.59,-0.84,0.36,-0.45,-0.17,0.23,9.8,1.82625,0.0,0.0,0.0,0.0,6.0,1016.87,67.61,-15.52
2025-03-24 18:37:20.826000+00:00,57.49551505220501,,,,345.125,-0.312,-1.25,23.0,-90.188,-8.562,-32.562,0.011,0.013,-0.001,-0.17,-0.1,9.44,-0.84,0.36,-0.45,-0.17,0.23,9.8,1.82625,0.0,0.0,0.0,0.0,6.0,1016.87,67.61,-15.52
2025-03-24 18:37:21.846000+00:00,57.49551505220501,,,,345.125,-0.312,-1.25,23.0,-90.188,-8.562,-32.562,0.011,0.013,-0.001,-0.33,0.23,9.42,-0.84,0.36,-0.45,-0.17,0.23,9.8,1.82625,0.0,0.0,0.0,0.0,6.0,1016.87,67.61,-15.52
2025-03-24 18:37:22.876000+00:00,57.49551505220501,,,,345.125,-0.312,-1.25,23.0,-90.188,-8.562,-32.562,0.011,0.013,-0.001,-0.82,0.73,9.42,-0.84,0.36,-0.45,-0.17,0.23,9.8,1.82625,0.0,0.0,0.0,0.0,6.0,1016.87,67.61,-15.52
2025-03-24 18:37:23.856000+00:00,57.49551505220501,,,,345.125,-0.312,-1.25,23.0,-90.188,-8.562,-32.562,0.011,0.013,-0.001,0.11,-0.17,9.44,-0.84,0.36,-0.45,-0.17,0.23,9.8,1.82625,0.0,0.0,0.0,0.0,6.0,1016.87,67.61,-15.52
2025-03-24 18:37:24.886000+00:00,57.49551505220501,,,,345.125,-0.312,-1.25,23.0,-90.188,-8.562,-32.562,0.011,0.013,-0.001,0.51,0.0,9.44,-0.84,0.36,-0.45,-0.17,0.23,9.8,1.82625,0.0,0.0,0.0,0.0,6.0,1016.87,67.61,-15.52
2025-03-24 18:37:25.887000+00:00,57.49551505220501,,,,345.125,-0.312,-1.25,23.0,-90.188,-8.562,-32.562,0.011,0.013,-0.001,-0.45,-0.11,9.58,-0.84,0.36,-0.45,-0.17,0.23,9.8,1.82625,0.0,0.0,0.0,0.0,6.0,1016.87,67.61,-15.52
2025-03-24 18:37:26.886000+00:00,57.49551505220501,,,,345.125,-0.312,-1.25,23.0,-90.188,-8.562,-32.562,0.011,0.013,-0.001,-0.53,0.34,9.43,-0.84,0.36,-0.45,-0.17,0.23,9.8,1.82625,0.0,0.0,0.0,0.0,6.0,1016.87,67.61,-15.52
2025-03-24 18:37:28.067000+00:00,57.49551505220501,,,,345.125,-0.312,-1.25,23.0,-90.188,-8.562,-32.562,0.011,0.013,-0.001,-0.28,0.12,9.39,-0.84,0.36,-0.45,-0.17,0.23,9.8,1.82625,0.0,0.0,0.0,0.0,6.0,1016.87,67.61,-15.52
2025-03-24 18:37:29.125000+00:00,57.49551505220501,,,,345.125,-0.312,-1.25,23.0,-90.188,-8.562,-32.562,0.011,0.013,-0.001,-0.07,0.4,9.38,-0.84,0.36,-0.45,-0.17,0.23,9.8,1.82625,0.0,0.0,0.0,0.0,6.0,1016.87,67.61,-15.52
2025-03-24 18:37:30.226000+00:00,57.49551505220501,,,,345.125,-0.312,-1.25,23.0,-90.188,-8.562,-32.562,0.011,0.013,-0.001,0.27,0.21,9.29,-0.84,0.36,-0.45,-0.17,0.23,9.8,1.82625,0.0,0.0,0.0,0.0,6.0,1016.87,67.61,-15.52
2025-03-24 18:37:30.927000+00:00,57.49551505220501,,,,345.125,-0.312,-1.25,23.0,-90.188,-8.562,-32.562,0.011,0.013,-0.001,-0.33,0.23,9.46,-0.84,0.36,-0.45,-0.17,0.23,9.8,1.82625,0.0,0.0,0.0,0.0,6.0,1016.87,67.61,-15.52
2025-03-24 18:37:31.956000+00:00,57.49551505220501,,,,345.125,-0.312,-1.25,23.0,-90.188,-8.562,-32.562,0.011,0.013,-0.001,0.13,0.6,9.47,-0.84,0.36,-0.45,-0.17,0.23,9.8,1.82625,0.0,0.0,0.0,0.0,6.0,1016.87,67.61,-15.52
2025-03-24 18:37:33.006000+00:00,57.49551505220501,,,,345.125,-0.312,-1.25,23.0,-90.188,-8.562,-32.562,0.011,0.013,-0.001,0.13,-0.16,9.32,-0.84,0.36,-0.45,-0.17,0.23,9.8,1.82625,0.0,0.0,0.0,0.0,6.0,1016.87,67.61,-15.52
2025-03-24 18:37:33.956000+00:00,57.49551505220501,,,,345.125,-0.312,-1.25,23.0,-90.188,-8.562,-32.562,0.011,0.013,-0.001,0.91,0.45,9.51,-0.84,0.36,-0.45,-0.17,0.23,9.8,1.82625,0.0,0.0,0.0,0.0,6.0,1016.87,67.61,-15.52
2025-03-24 18:37:34.975000+00:00,57.49551505220501,,,,345.125,-0.312,-1.25,23.0,-90.188,-8.562,-32.562,0.011,0.013,-0.001,0.31,0.99,9.42,-0.84,0.36,-0.45,-0.17,0.23,9.8,1.82625,0.0,0.0,0.0,0.0,6.0,1016.87,67.61,-15.52
2025-03-24 18:37:35.976000+00:00,57.49551505220501,,,,345.125,-0.312,-1.25,23.0,-90.188,-8.562,-32.562,0.011,0.013,-0.001,0.26,0.28,9.35,-0.84,0.36,-0.45,-0.17,0.23,9.8,1.82625,0.0,0.0,0.0,0.0,6.0,1016.87,67.61,-15.52
2025-03-24 18:37:37.005000+00:00,57.49551505220501,,,,345.125,-0.312,-1.25,23.0,-90.188,-8.562,-32.562,0.011,0.013,-0.001,-0.51,0.33,9.49,-0.84,0.36,-0.45,-0.17,0.23,9.8,1.82625,0.0,0.0,0.0,0.0,6.0,1016.87,67.61,-15.52
2025-03-24 18:37:38.015000+00:00,57.49551505220501,,,,345.125,-0.312,-1.25,23.0,-90.188,-8.562,-32.562,0.011,0.013,-0.001,0.01,0.12,9.5,-0.84,0.36,-0.45,-0.17,0.23,9.8,1.82625,0.0,0.0,0.0,0.0,6.0,1016.87,67.61,-15.52
2025-03-24 18:37:39.024000+00:00,57.49551505220501,,,,345.125,-0.312,-1.25,23.0,-90.188,-8.562,-32.562,0.011,0.013,-0.001,0.05,-0.27,9.43,-0.84,0.36,-0.45,-0.17,0.23,9.8,1.82625,0.0,0.0,0.0,0.0,6.0,1016.87,67.61,-15.52
2025-03-24 18:37:40.015000+00:00,57.49551505220501,,,,345.125,-0.312,-1.25,23.0,-90.188,-8.562,-32.562,0.011,0.013,-0.001,-0.76,-0.01,9.22,-0.84,0.36,-0.45,-0.17,0.23,9.8,1.82625,0.0,0.0,0.0,0.0,6.0,1016.87,67.61,-15.52
2025-03-24 18:37:41.035000+00:00,57.49551505220501,,,,345.125,-0.312,-1.25,23.0,-90.188,-8.562,-32.562,0.011,0.013,-0.001,-0.04,0.37,9.55,-0.84,0.36,-0.45,-0.17,0.23,9.8,1.82625,0.0,0.0,0.0,0.0,6.0,1016.87,67.61,-15.52
2025-03-24 18:37:42.052000+00:00,57.49551505220501,,,,345.125,-0.312,-1.25,23.0,-90.188,-8.562,-32.562,0.011,0.013,-0.001,-0.6,0.2,9.25,-0.84,0.36,-0.45,-0.17,0.23,9.8,1.82625,0.0,0.0,0.0,0.0,6.0,1016.87,67.61,-15.52
2025-03-24 18:37:43.052000+00:00,57.49551505220501,,,,345.125,-0.312,-1.25,23.0,-90.188,-8.562,-32.562,0.011,0.013,-0.001,-0.74,0.35,9.36,-0.84,0.36,-0.45,-0.17,0.23,9.8,1.82625,0.0,0.0,0.0,0.0,6.0,1016.87,67.61,-15.52
2025-03-24 18:37:44.050000+00:00,57.49551505220501,,,,345.125,-0.312,-1.25,23.0,-90.188,-8.562,-32.562,0.011,0.013,-0.001,-0.38,0.54,9.54,-0.84,0.36,-0.45,-0.17,0.23,9.8,1.82625,0.0,0.0,0.0,0.0,6.0,1016.87,67.61,-15.52
2025-03-24 18:37:45.069000+00:00,57.49551505220501,,,,345.125,-0.312,-1.25,23.0,-90.188,-8.562,-32.562,0.011,0.013,-0.001,-0.01,0.25,9.4,-0.84,0.36,-0.45,-0.17,0.23,9.8,1.82625,0.0,0.0,0.0,0.0,6.0,1016.87,67.61,-15.52
2025-03-24 18:37:46.081000+00:00,57.49551505220501,,,,345.125,-0.312,-1.25,23.0,-90.188,-8.562,-32.562,0.011,0.013,-0.001,0.1,0.19,9.57,-0.84,0.36,-0.45,-0.17,0.23,9.8,1.82625,0.0,0.0,0.0,0.0,6.0,1016.87,67.61,-15.52
2025-03-24 18:37:47.089000+00:00,57.49551505220501,,,,345.125,-0.312,-1.25,23.0,-90.188,-8.562,-32.562,0.011,0.013,-0.001,0.19,0.22,9.39,-0.84,0.36,-0.45,-0.17,0.23,9.8,1.82625,0.0,0.0,0.0,0.0,6.0,1016.87,67.61,-15.52
2025-03-24 18:37:48.185000+00:00,57.49551505220501,,,,345.125,-0.312,-1.25,23.0,-90.188,-8.562,-32.562,0.011,0.013,-0.001,0.34,0.17,9.52,-0.84,0.36,-0.45,-0.17,0.23,9.8,1.82625,0.0,0.0,0.0,0.0,6.0,1016.87,67.61,-15.52
2025-03-24 18:37:49.184000+00:00,57.49551505220501,,,,345.125,-0.312,-1.25,23.0,-90.188,-8.562,-32.562,0.011,0.013,-0.001,-0.22,0.01,9.49,-0.84,0.36,-0.45,-0.17,0.23,9.8,1.82625,0.0,0.0,0.0,0.0,6.0,1016.87,67.61,-15.52
2025-03-24 18:37:50.285000+00:00,57.49551505220501,,,,345.125,-0.312,-1.25,23.0,-90.188,-8.562,-32.562,0.011,0.013,-0.001,-0.6,0.66,9.34,-0.84,0.36,-0.45,-0.17,0.23,9.8,1.82625,0.0,0.0,0.0,0.0,6.0,1016.87,67.61,-15.52
2025-03-24 18:37:51.349000+00:00,57.49551505220501,,,,345.125,-0.312,-1.25,23.0,-90.188,-8.562,-32.562,0.011,0.013,-0.001,-0.09,0.52,9.31,-0.84,0.36,-0.45,-0.17,0.23,9.8,1.82625,0.0,0.0,0.0,0.0,6.0,1016.87,67.61,-15.52
2025-03-24 18:37:52.161000+00:00,57.49551505220501,,,,345.125,-0.312,-1.25,23.0,-90.188,-8.562,-32.562,0.011,0.013,-0.001,-0.01,0.49,9.45,-0.84,0.36,-0.45,-0.17,0.23,9.8,1.82625,0.0,0.0,0.0,0.0,6.0,1016.87,67.61,-15.52
2025-03-24 18:37:53.164000+00:00,57.49551505220501,,,,345.125,-0.312,-1.25,23.0,-90.188,-8.562,-32.562,0.011,0.013,-0.001,-0.4,0.25,9.52,-0.84,0.36,-0.45,-0.17,0.23,9.8,1.82625,0.0,0.0,0.0,0.0,6.0,1016.87,67.61,-15.52
2025-03-24 18:37:54.160000+00:00,57.49551505220501,,,,345.125,-0.312,-1.25,23.0,-90.188,-8.562,-32.562,0.011,0.013,-0.001,-0.28,-0.08,9.45,-0.84,0.36,-0.45,-0.17,0.23,9.8,1.82625,0.0,0.0,0.0,0.0,6.0,1016.87,67.61,-15.52
2025-03-24 18:37:55.171000+00:00,57.49551505220501,,,,345.125,-0.312,-1.25,23.0,-90.188,-8.562,-32.562,0.011,0.013,-0.001,0.05,0.41,9.42,-0.84,0.36,-0.45,-0.17,0.23,9.8,1.82625,0.0,0.0,0.0,0.0,6.0,1016.87,67.61,-15.52
2025-03-24 18:37:56.233000+00:00,57.49551505220501,,,,345.125,-0.312,-1.25,23.0,-90.188,-8.562,-32.562,0.011,0.013,-0.001,-0.59,0.27,9.48,-0.84,0.36,-0.45,-0.17,0.23,9.8,1.82625,0.0,0.0,0.0,0.0,6.0,1016.87,67.61,-15.52
2025-03-24 18:37:57.214000+00:00,57.49551505220501,,,,345.125,-0.312,-1.25,23.0,-90.188,-8.562,-32.562,0.011,0.013,-0.001,-0.46,0.19,9.42,-0.84,0.36,-0.45,-0.17,0.23,9.8,1.82625,0.0,0.0,0.0,0.0,6.0,1016.87,67.61,-15.52
2025-03-24 18:37:58.200000+00:00,57.49551505220501,,,,345.125,-0.312,-1.25,23.0,-90.188,-8.562,-32.562,0.011,0.013,-0.001,0.19,0.14,9.47,-0.84,0.36,-0.45,-0.17,0.23,9.8,1.82625,0.0,0.0,0.0,0.0,6.0,1016.87,67.61,-15.52
2025-03-24 18:37:59.213000+00:00,57.49551505220501,,,,345.125,-0.312,-1.25,23.0,-90.188,-8.562,-32.562,0.011,0.013,-0.001,-0.05,0.51,9.43,-0.84,0.36,-0.45,-0.17,0.23,9.8,1.82625,0.0,0.0,0.0,0.0,6.0,1016.87,67.61,-15.52
2025-03-24 18:38:00.223000+00:00,57.49551505220501,,,,345.125,-0.312,-1.25,23.0,-90.188,-8.562,-32.562,0.011,0.013,-0.001,0.39,-0.06,9.26,-0.84,0.36,-0.45,-0.17,0.23,9.8,1.82625,0.0,0.0,0.0,0.0,6.0,1016.87,67.61,-15.52
2025-03-24 18:38:01.223000+00:00,57.49551505220501,,,,345.125,-0.312,-1.25,23.0,-90.188,-8.562,-32.562,0.011,0.013,-0.001,-0.05,0.69,9.35,-0.84,0.36,-0.45,-0.17,0.23,9.8,1.82625,0.0,0.0,0.0,0.0,6.0,1016.87,67.61,-15.52
2025-03-24 18:38:02.243000+00:00,57.49551505220501,,,,345.125,-0.312,-1.25,23.0,-90.188,-8.562,-32.562,0.011,0.013,-0.001,-0.15,-0.42,9.59,-0.84,0.36,-0.45,-0.17,0.23,9.8,1.82625,0.0,0.0,0.0,0.0,6.0,1016.87,67.61,-15.52
2025-03-24 18:38:03.248000+00:00,57.49551505220501,,,,345.125,-0.312,-1.25,23.0,-90.188,-8.562,-32.562,0.011,0.013,-0.001,-0.39,0.16,9.45,-0.84,0.36,-0.45,-0.17,0.23,9.8,1.82625,0.0,0.0,0.0,0.0,6.0,1016.87,67.61,-15.52
2025-03-24 18:38:04.343000+00:00,57.49551505220501,,,,345.125,-0.312,-1.25,23.0,-90.188,-8.562,-32.562,0.011,0.013,-0.001,-0.15,0.28,9.42,-0.84,0.36,-0.45,-0.17,0.23,9.8,1.82625,0.0,0.0,0.0,0.0,6.0,1016.87,67.61,-15.52
2025-03-24 18:38:05.512000+00:00,57.49551505220501,,,,345.125,-0.312,-1.25,23.0,-90.188,-8.562,-32.562,0.011,0.013,-0.001,-0.18,0.31,9.41,-0.84,0.36,-0.45,-0.17,0.23,9.8,1.82625,0.0,0.0,0.0,0.0,6.0,1016.87,67.61,-15.52
2025-03-24 18:37:06.728000+00:00,57.49551505220501,,,,345.125,-0.312,-1.25,23.0,-90.188,-8.562,-32.562,0.011,0.013,-0.001,-0.18,0.31,9.41,-0.84,0.36,-0.45,-0.17,0.23,9.8,1.82625,0.0,0.0,0.0,0.0,6.0,1016.87,67.61,-15.52
2025-03-24 18:37:07.738000+00:00,57.49551505220501,,,,345.125,-0.312,-1.25,23.0,-90.188,-8.562,-32.562,0.011,0.013,-0.001,-0.18,0.31,9.41,0.21,0.01,-0.44,-0.17,0.23,9.8,1.82625,0.0,0.0,0.0,0.0,6.0,1016.87,67.61,-15.52
2025-03-24 18:37:08.768000+00:00,57.49551505220501,,,,345.125,-0.312,-1.25,23.0,-90.188,-8.562,-32.562,0.011,0.013,-0.001,-0.18,0.31,9.41,0.0,-0.05,-0.35,-0.17,0.23,9.8,1.82625,0.0,0.0,0.0,0.0,6.0,1016.87,67.61,-15.52
2025-03-24 18:37:09.757000+00:00,57.49551505220501,,,,345.125,-0.312,-1.25,23.0,-90.188,-8.562,-32.562,0.011,0.013,-0.001,-0.18,0.31,9.41,0.44,-0.23,-0.39,-0.17,0.23,9.8,1.82625,0.0,0.0,0.0,0.0,6.0,1016.87,67.61,-15.52
2025-03-24 18:37:10.786000+00:00,57.49551505220501,,,,345.125,-0.312,-1.25,23.0,-90.188,-8.562,-32.562,0.011,0.013,-0.001,-0.18,0.31,9.41,0.01,0.14,-0.33,-0.17,0.23,9.8,1.82625,0.0,0.0,0.0,0.0,6.0,1016.87,67.61,-15.52
2025-03-24 18:37:11.797000+00:00,57.49551505220501,,,,345.125,-0.312,-1.25,23.0,-90.188,-8.562,-32.562,0.011,0.013,-0.001,-0.18,0.31,9.41,0.21,0.23,-0.37,-0.17,0.23,9.8,1.82625,0.0,0.0,0.0,0.0,6.0,1016.87,67.61,-15.52
2025-03-24 18:37:12.797000+00:00,57.49551505220501,,,,345.125,-0.312,-1.25,23.0,-90.188,-8.562,-32.562,0.011,0.013,-0.001,-0.18,0.31,9.41,0.4,-0.15,-0.58,-0.17,0.23,9.8,1.82625,0.0,0.0,0.0,0.0,6.0,1016.87,67.61,-15.52
2025-03-24 18:37:13.834000+00:00,57.49551505220501,,,,345.125,-0.312,-1.25,23.0,-90.188,-8.562,-32.562,0.011,0.013,-0.001,-0.18,0.31,9.41,-0.29,0.27,-0.44,-0.17,0.23,9.8,1.82625,0.0,0.0,0.0,0.0,6.0,1016.87,67.61,-15.52
2025-03-24 18:37:14.843000+00:00,57.49551505220501,,,,345.125,-0.312,-1.25,23.0,-90.188,-8.562,-32.562,0.011,0.013,-0.001,-0.18,0.31,9.41,-0.46,-0.16,-0.27,-0.17,0.23,9.8,1.82625,0.0,0.0,0.0,0.0,6.0,1016.87,67.61,-15.52
2025-03-24 18:37:15.829000+00:00,57.49551505220501,,,,345.125,-0.312,-1.25,23.0,-90.188,-8.562,-32.562,0.011,0.013,-0.001,-0.18,0.31,9.41,-0.3,0.26,-0.44,-0.17,0.23,9.8,1.82625,0.0,0.0,0.0,0.0,6.0,1016.87,67.61,-15.52
2025-03-24 18:37:16.837000+00:00,57.49551505220501,,,,345.125,-0.312,-1.25,23.0,-90.188,-8.562,-32.562,0.011,0.013,-0.001,-0.18,0.31,9.41,0.12,0.11,-0.29,-0.17,0.23,9.8,1.82625,0.0,0.0,0.0,0.0,6.0,1016.87,67.61,-15.52
2025-03-24 18:37:17.857000+00:00,57.49551505220501,,,,345.125,-0.312,-1.25,23.0,-90.188,-8.562,-32.562,0.011,0.013,-0.001,-0.18,0.31,9.41,0.01,-0.05,-0.39,-0.17,0.23,9.8,1.82625,0.0,0.0,0.0,0.0,6.0,1016.87,67.61,-15.52
2025-03-24 18:37:19.036000+00:00,57.49551505220501,,,,345.125,-0.312,-1.25,23.0,-90.188,-8.562,-32.562,0.011,0.013,-0.001,-0.18,0.31,9.41,-0.15,-0.16,-0.2,-0.17,0.23,9.8,1.82625,0.0,0.0,0.0,0.0,6.0,1016.87,67.61,-15.52
2025-03-24 18:37:20.193000+00:00,57.49551505220501,,,,345.125,-0.312,-1.25,23.0,-90.188,-8.562,-32.562,0.011,0.013,-0.001,-0.18,0.31,9.41,0.04,0.24,-0.2,-0.17,0.23,9.8,1.82625,0.0,0.0,0.0,0.0,6.0,1016.87,67.61,-15.52
2025-03-24 18:37:20.876000+00:00,57.49551505220501,,,,345.125,-0.312,-1.25,23.0,-90.188,-8.562,-32.562,0.011,0.013,-0.001,-0.18,0.31,9.41,-0.04,-0.3,-0.35,-0.17,0.23,9.8,1.82625,0.0,0.0,0.0,0.0,6.0,1016.87,67.61,-15.52
2025-03-24 18:37:21.896000+00:00,57.49551505220501,,,,345.125,-0.312,-1.25,23.0,-90.188,-8.562,-32.562,0.011,0.013,-0.001,-0.18,0.31,9.41,-0.19,0.01,-0.37,-0.17,0.23,9.8,1.82625,0.0,0.0,0.0,0.0,6.0,1016.87,67.61,-15.52
2025-03-24 18:37:22.929000+00:00,57.49551505220501,,,,345.125,-0.312,-1.25,23.0,-90.188,-8.562,-32.562,0.011,0.013,-0.001,-0.18,0.31,9.41,-0.67,0.51,-0.37,-0.17,0.23,9.8,1.82625,0.0,0.0,0.0,0.0,6.0,1016.87,67.61,-15.52
2025-03-24 18:37:23.906000+00:00,57.49551505220501,,,,345.125,-0.312,-1.25,23.0,-90.188,-8.562,-32.562,0.011,0.013,-0.001,-0.18,0.31,9.41,0.87,-0.45,-0.41,-0.17,0.23,9.8,1.82625,0.0,0.0,0.0,0.0,6.0,1016.87,67.61,-15.52
2025-03-24 18:37:24.935000+00:00,57.49551505220501,,,,345.125,-0.312,-1.25,23.0,-90.188,-8.562,-32.562,0.011,0.013,-0.001,-0.18,0.31,9.41,0.62,-0.25,-0.35,-0.17,0.23,9.8,1.82625,0.0,0.0,0.0,0.0,6.0,1016.87,67.61,-15.52
2025-03-24 18:37:25.943000+00:00,57.49551505220501,,,,345.125,-0.312,-1.25,23.0,-90.188,-8.562,-32.562,0.011,0.013,-0.001,-0.18,0.31,9.41,-0.33,-0.34,-0.21,-0.17,0.23,9.8,1.82625,0.0,0.0,0.0,0.0,6.0,1016.87,67.61,-15.52
2025-03-24 18:37:26.937000+00:00,57.49551505220501,,,,345.125,-0.312,-1.25,23.0,-90.188,-8.562,-32.562,0.011,0.013,-0.001,-0.18,0.31,9.41,-0.42,0.14,-0.36,-0.17,0.23,9.8,1.82625,0.0,0.0,0.0,0.0,6.0,1016.87,67.61,-15.52
2025-03-24 18:37:28.115000+00:00,57.49551505220501,,,,345.125,-0.312,-1.25,23.0,-90.188,-8.562,-32.562,0.011,0.013,-0.001,-0.18,0.31,9.41,-0.15,-0.09,-0.4,-0.17,0.23,9.8,1.82625,0.0,0.0,0.0,0.0,6.0,1016.87,67.61,-15.52
2025-03-24 18:37:29.176000+00:00,57.49551505220501,,,,345.125,-0.312,-1.25,23.0,-90.188,-8.562,-32.562,0.011,0.013,-0.001,-0.18,0.31,9.41,0.06,0.18,-0.42,-0.17,0.23,9.8,1.82625,0.0,0.0,0.0,0.0,6.0,1016.87,67.61,-15.52
2025-03-24 18:37:30.276000+00:00,57.49551505220501,,,,345.125,-0.312,-1.25,23.0,-90.188,-8.562,-32.562,0.011,0.013,-0.001,-0.18,0.31,9.41,0.4,0.0,-0.5,-0.17,0.23,9.8,1.82625,0.0,0.0,0.0,0.0,6.0,1016.87,67.61,-15.52
2025-03-24 18:37:30.975000+00:00,57.49551505220501,,,,345.125,-0.312,-1.25,23.0,-90.188,-8.562,-32.562,0.011,0.013,-0.001,-0.18,0.31,9.41,-0.2,0.01,-0.33,-0.17,0.23,9.8,1.82625,0.0,0.0,0.0,0.0,6.0,1016.87,67.61,-15.52
2025-03-24 18:37:32.006000+00:00,57.49551505220501,,,,345.125,-0.312,-1.25,23.0,-90.188,-8.562,-32.562,0.011,0.013,-0.001,-0.18,0.31,9.41,0.25,0.39,-0.32,-0.17,0.23,9.8,1.82625,0.0,0.0,0.0,0.0,6.0,1016.87,67.61,-15.52
2025-03-24 18:37:33.056000+00:00,57.49551505220501,,,,345.125,-0.312,-1.25,23.0,-90.188,-8.562,-32.562,0.011,0.013,-0.001,-0.18,0.31,9.41,0.25,-0.38,-0.48,-0.17,0.23,9.8,1.82625,0.0,0.0,0.0,0.0,6.0,1016.87,67.61,-15.52
2025-03-24 18:37:34.005000+00:00,57.49551505220501,,,,345.125,-0.312,-1.25,23.0,-90.188,-8.562,-32.562,0.011,0.013,-0.001,-0.18,0.31,9.41,1.01,0.23,-0.28,-0.17,0.23,9.8,1.82625,0.0,0.0,0.0,0.0,6.0,1016.87,67.61,-15.52
2025-03-24 18:37:35.026000+00:00,57.49551505220501,,,,345.125,-0.312,-1.25,23.0,-90.188,-8.562,-32.562,0.011,0.013,-0.001,-0.18,0.31,9.41,0.41,0.76,-0.37,-0.17,0.23,9.8,1.82625,0.0,0.0,0.0,0.0,6.0,1016.87,67.61,-15.52
2025-03-24 18:37:36.025000+00:00,57.49551505220501,,,,345.125,-0.312,-1.25,23.0,-90.188,-8.562,-32.562,0.011,0.013,-0.001,-0.18,0.31,9.41,0.28,0.2,-0.15,-0.17,0.23,9.8,1.82625,0.0,0.0,0.0,0.0,6.0,1016.87,67.61,-15.52
2025-03-24 18:37:37.054000+00:00,57.49551505220501,,,,345.125,-0.312,-1.25,23.0,-90.188,-8.562,-32.562,0.011,0.013,-0.001,-0.18,0.31,9.41,-0.38,0.11,-0.3,-0.17,0.23,9.8,1.82625,0.0,0.0,0.0,0.0,6.0,1016.87,67.61,-15.52
2025-03-24 18:37:38.070000+00:00,57.49551505220501,,,,345.125,-0.312,-1.25,23.0,-90.188,-8.562,-32.562,0.011,0.013,-0.001,-0.18,0.31,9.41,0.14,-0.09,-0.29,-0.17,0.23,9.8,1.82625,0.0,0.0,0.0,0.0,6.0,1016.87,67.61,-15.52
2025-03-24 18:37:39.075000+00:00,57.49551505220501,,,,345.125,-0.312,-1.25,23.0,-90.188,-8.562,-32.562,0.011,0.013,-0.001,-0.18,0.31,9.41,0.18,-0.5,-0.36,-0.17,0.23,9.8,1.82625,0.0,0.0,0.0,0.0,6.0,1016.87,67.61,-15.52
2025-03-24 18:37:40.065000+00:00,57.49551505220501,,,,345.125,-0.312,-1.25,23.0,-90.188,-8.562,-32.562,0.011,0.013,-0.001,-0.18,0.31,9.41,-0.64,-0.25,-0.57,-0.17,0.23,9.8,1.82625,0.0,0.0,0.0,0.0,6.0,1016.87,67.61,-15.52
2025-03-24 18:37:41.085000+00:00,57.49551505220501,,,,345.125,-0.312,-1.25,23.0,-90.188,-8.562,-32.562,0.011,0.013,-0.001,-0.18,0.31,9.41,0.08,0.14,-0.24,-0.17,0.23,9.8,1.82625,0.0,0.0,0.0,0.0,6.0,1016.87,67.61,-15.52
2025-03-24 18:37:42.105000+00:00,57.49551505220501,,,,345.125,-0.312,-1.25,23.0,-90.188,-8.562,-32.562,0.011,0.013,-0.001,-0.18,0.31,9.41,-0.44,-0.03,-0.55,-0.17,0.23,9.8,1.82625,0.0,0.0,0.0,0.0,6.0,1016.87,67.61,-15.52
2025-03-24 18:37:43.104000+00:00,57.49551505220501,,,,345.125,-0.312,-1.25,23.0,-90.188,-8.562,-32.562,0.011,0.013,-0.001,-0.18,0.31,9.41,-0.12,0.3,-0.44,-0.17,0.23,9.8,1.82625,0.0,0.0,0.0,0.0,6.0,1016.87,67.61,-15.52
2025-03-24 18:37:44.102000+00:00,57.49551505220501,,,,345.125,-0.312,-1.25,23.0,-90.188,-8.562,-32.562,0.011,0.013,-0.001,-0.18,0.31,9.41,-0.09,0.31,-0.56,-0.17,0.23,9.8,1.82625,0.0,0.0,0.0,0.0,6.0,1016.87,67.61,-15.52
2025-03-24 18:37:45.117000+00:00,57.49551505220501,,,,345.125,-0.312,-1.25,23.0,-90.188,-8.562,-32.562,0.011,0.013,-0.001,-0.18,0.31,9.41,-0.37,0.02,-0.36,-0.17,0.23,9.8,1.82625,0.0,0.0,0.0,0.0,6.0,1016.87,67.61,-15.52
2025-03-24 18:37:46.138000+00:00,57.49551505220501,,,,345.125,-0.312,-1.25,23.0,-90.188,-8.562,-32.562,0.011,0.013,-0.001,-0.18,0.31,9.41,-0.12,-0.09,-0.26,-0.17,0.23,9.8,1.82625,0.0,0.0,0.0,0.0,6.0,1016.87,67.61,-15.52
2025-03-24 18:37:47.134000+00:00,57.49551505220501,,,,345.125,-0.312,-1.25,23.0,-90.188,-8.562,-32.562,0.011,0.013,-0.001,-0.18,0.31,9.41,0.35,0.0,-0.41,-0.17,0.23,9.8,1.82625,0.0,0.0,0.0,0.0,6.0,1016.87,67.61,-15.52
2025-03-24 18:37:48.234000+00:00,57.49551505220501,,,,345.125,-0.312,-1.25,23.0,-90.188,-8.562,-32.562,0.011,0.013,-0.001,-0.18,0.31,9.41,0.51,-0.04,-0.27,-0.17,0.23,9.8,1.82625,0.0,0.0,0.0,0.0,6.0,1016.87,67.61,-15.52
2025-03-24 18:37:49.235000+00:00,57.49551505220501,,,,345.125,-0.312,-1.25,23.0,-90.188,-8.562,-32.562,0.011,0.013,-0.001,-0.18,0.31,9.41,-0.06,-0.21,-0.31,-0.17,0.23,9.8,1.82625,0.0,0.0,0.0,0.0,6.0,1016.87,67.61,-15.52
2025-03-24 18:37:50.341000+00:00,57.49551505220501,,,,345.125,-0.312,-1.25,23.0,-90.188,-8.562,-32.562,0.011,0.013,-0.001,-0.18,0.31,9.41,-0.44,0.4,-0.45,-0.17,0.23,9.8,1.82625,0.0,0.0,0.0,0.0,6.0,1016.87,67.61,-15.52
2025-03-24 18:37:51.394000+00:00,57.49551505220501,,,,345.125,-0.312,-1.25,23.0,-90.188,-8.562,-32.562,0.011,0.013,-0.001,-0.18,0.31,9.41,0.04,0.29,-0.48,-0.17,0.23,9.8,1.82625,0.0,0.0,0.0,0.0,6.0,1016.87,67.61,-15.52
2025-03-24 18:37:52.214000+00:00,57.49551505220501,,,,345.125,-0.312,-1.25,23.0,-90.188,-8.562,-32.562,0.011,0.013,-0.001,-0.18,0.31,9.41,0.1,0.28,-0.35,-0.17,0.23,9.8,1.82625,0.0,0.0,0.0,0.0,6.0,1016.87,67.61,-15.52
2025-03-24 18:37:53.214000+00:00,57.49551505220501,,,,345.125,-0.312,-1.25,23.0,-90.188,-8.562,-32.562,0.011,0.013,-0.001,-0.18,0.31,9.41,-0.28,0.02,-0.27,-0.17,0.23,9.8,1.82625,0.0,0.0,0.0,0.0,6.0,1016.87,67.61,-15.52
2025-03-24 18:37:54.214000+00:00,57.49551505220501,,,,345.125,-0.312,-1.25,23.0,-90.188,-8.562,-32.562,0.011,0.013,-0.001,-0.18,0.31,9.41,-0.16,-0.3,-0.34,-0.17,0.23,9.8,1.82625,0.0,0.0,0.0,0.0,6.0,1016.87,67.61,-15.52
2025-03-24 18:37:55.224000+00:00,57.49551505220501,,,,345.125,-0.312,-1.25,23.0,-90.188,-8.562,-32.562,0.011,0.013,-0.001,-0.18,0.31,9.41,0.19,0.2,-0.37,-0.17,0.23,9.8,1.82625,0.0,0.0,0.0,0.0,6.0,1016.87,67.61,-15.52
2025-03-24 18:37:56.284000+00:00,57.49551505220501,,,,345.125,-0.312,-1.25,23.0,-90.188,-8.562,-32.562,0.011,0.013,-0.001,-0.18,0.31,9.41,-0.46,0.07,-0.32,-0.17,0.23,9.8,1.82625,0.0,0.0,0.0,0.0,6.0,1016.87,67.61,-15.52
2025-03-24 18:37:57.280000+00:00,57.49551505220501,,,,345.125,-0.312,-1.25,23.0,-90.188,-8.562,-32.562,0.011,0.013,-0.001,-0.18,0.31,9.41,-0.36,-0.01,-0.38,-0.17,0.23,9.8,1.82625,0.0,0.0,0.0,0.0,6.0,1016.87,67.61,-15.52
2025-03-24 18:37:58.253000+00:00,57.49551505220501,,,,345.125,-0.312,-1.25,23.0,-90.188,-8.562,-32.562,0.011,0.013,-0.001,-0.18,0.31,9.41,0.0,0.33,-0.42,-0.17,0.23,9.8,1.82625,0.0,0.0,0.0,0.0,6.0,1016.87,67.61,-15.52
2025-03-24 18:37:59.264000+00:00,57.49551505220501,,,,345.125,-0.312,-1.25,23.0,-90.188,-8.562,-32.562,0.011,0.013,-0.001,-0.18,0.31,9.41,0.03,0.27,-0.37,-0.17,0.23,9.8,1.82625,0.0,0.0,0.0,0.0,6.0,1016.87,67.61,-15.52
2025-03-24 18:38:00.280000+00:00,57.49551505220501,,,,345.125,-0.312,-1.25,23.0,-90.188,-8.562,-32.562,0.011,0.013,-0.001,-0.18,0.31,9.41,0.48,-0.3,-0.53,-0.17,0.23,9.8,1.82625,0.0,0.0,0.0,0.0,6.0,1016.87,67.61,-15.52
2025-03-24 18:38:01.273000+00:00,57.49551505220501,,,,345.125,-0.312,-1.25,23.0,-90.188,-8.562,-32.562,0.011,0.013,-0.001,-0.18,0.31,9.41,0.03,0.44,-0.45,-0.17,0.23,9.8,1.82625,0.0,0.0,0.0,0.0,6.0,1016.87,67.61,-15.52
2025-03-24 18:38:02.293000+00:00,57.49551505220501,,,,345.125,-0.312,-1.25,23.0,-90.188,-8.562,-32.562,0.011,0.013,-0.001,-0.18,0.31,9.41,-0.06,-0.66,-0.21,-0.17,0.23,9.8,1.82625,0.0,0.0,0.0,0.0,6.0,1016.87,67.61,-15.52
2025-03-24 18:38:03.294000+00:00,57.49551505220501,,,,345.125,-0.312,-1.25,23.0,-90.188,-8.562,-32.562,0.011,0.013,-0.001,-0.18,0.31,9.41,-0.31,-0.06,-0.34,-0.17,0.23,9.8,1.82625,0.0,0.0,0.0,0.0,6.0,1016.87,67.61,-15.52
2025-03-24 18:38:04.393000+00:00,57.49551505220501,,,,345.125,-0.312,-1.25,23.0,-90.188,-8.562,-32.562,0.011,0.013,-0.001,-0.18,0.31,9.41,-0.07,0.05,-0.37,-0.17,0.23,9.8,1.82625,0.0,0.0,0.0,0.0,6.0,1016.87,67.61,-15.52
2025-03-24 18:38:05.563000+00:00,57.49551505220501,,,,345.125,-0.312,-1.25,23.0,-90.188,-8.562,-32.562,0.011,0.013,-0.001,-0.18,0.31,9.41,-0.12,0.08,-0.38,-0.17,0.23,9.8,1.82625,0.0,0.0,0.0,0.0,6.0,1016.87,67.61,-15.52
2025-03-24 18:37:06.778000+00:00,57.49551505220501,,,,345.125,-0.312,-1.25,23.0,-90.188,-8.562,-32.562,0.011,0.013,-0.001,-0.18,0.31,9.41,-0.12,0.08,-0.38,-0.17,0.23,9.8,1.82625,0.0,0.0,0.0,0.0,6.0,1016.87,67.61,-15.52
2025-03-24 18:37:07.787000+00:00,57.49551505220501,,,,345.125,-0.312,-1.25,23.0,-90.188,-8.562,-32.562,0.011,0.013,-0.001,-0.18,0.31,9.41,-0.12,0.08,-0.38,-0.16,0.22,9.8,1.82625,0.0,0.0,0.0,0.0,6.0,1016.87,67.61,-15.52
2025-03-24 18:37:08.818000+00:00,57.49551505220501,,,,345.125,-0.312,-1.25,23.0,-90.188,-8.562,-32.562,0.011,0.013,-0.001,-0.18,0.31,9.41,-0.12,0.08,-0.38,-0.15,0.23,9.8,1.82625,0.0,0.0,0.0,0.0,6.0,1016.87,67.61,-15.52
2025-03-24 18:37:09.808000+00:00,57.49551505220501,,,,345.125,-0.312,-1.25,23.0,-90.188,-8.562,-32.562,0.011,0.013,-0.001,-0.18,0.31,9.41,-0.12,0.08,-0.38,-0.15,0.24,9.8,1.82625,0.0,0.0,0.0,0.0,6.0,1016.87,67.61,-15.52
2025-03-24 18:37:10.848000+00:00,57.49551505220501,,,,345.125,-0.312,-1.25,23.0,-90.188,-8.562,-32.562,0.011,0.013,-0.001,-0.18,0.31,9.41,-0.12,0.08,-0.38,-0.14,0.24,9.8,1.82625,0.0,0.0,0.0,0.0,6.0,1016.87,67.61,-15.52
2025-03-24 18:37:11.848000+00:00,57.49551505220501,,,,345.125,-0.312,-1.25,23.0,-90.188,-8.562,-32.562,0.011,0.013,-0.001,-0.18,0.31,9.41,-0.12,0.08,-0.38,-0.13,0.22,9.8,1.82625,0.0,0.0,0.0,0.0,6.0,1016.87,67.61,-15.52
2025-03-24 18:37:12.847000+00:00,57.49551505220501,,,,345.125,-0.312,-1.25,23.0,-90.188,-8.562,-32.562,0.011,0.013,-0.001,-0.18,0.31,9.41,-0.12,0.08,-0.38,-0.15,0.23,9.8,1.82625,0.0,0.0,0.0,0.0,6.0,1016.87,67.61,-15.52
2025-03-24 18:37:13.888000+00:00,57.49551505220501,,,,345.125,-0.312,-1.25,23.0,-90.188,-8.562,-32.562,0.011,0.013,-0.001,-0.18,0.31,9.41,-0.12,0.08,-0.38,-0.14,0.23,9.8,1.82625,0.0,0.0,0.0,0.0,6.0,1016.87,67.61,-15.52
2025-03-24 18:37:14.897000+00:00,57.49551505220501,,,,345.125,-0.312,-1.25,23.0,-90.188,-8.562,-32.562,0.011,0.013,-0.001,-0.18,0.31,9.41,-0.12,0.08,-0.38,-0.16,0.22,9.8,1.82625,0.0,0.0,0.0,0.0,6.0,1016.87,67.61,-15.52
2025-03-24 18:37:15.876000+00:00,57.49551505220501,,,,345.125,-0.312,-1.25,23.0,-90.188,-8.562,-32.562,0.011,0.013,-0.001,-0.18,0.31,9.41,-0.12,0.08,-0.38,-0.15,0.21,9.8,1.82625,0.0,0.0,0.0,0.0,6.0,1016.87,67.61,-15.52
2025-03-24 18:37:16.894000+00:00,57.49551505220501,,,,345.125,-0.312,-1.25,23.0,-90.188,-8.562,-32.562,0.011,0.013,-0.001,-0.18,0.31,9.41,-0.12,0.08,-0.38,-0.15,0.2,9.8,1.82625,0.0,0.0,0.0,0.0,6.0,1016.87,67.61,-15.52
2025-03-24 18:37:17.907000+00:00,57.49551505220501,,,,345.125,-0.312,-1.25,23.0,-90.188,-8.562,-32.562,0.011,0.013,-0.001,-0.18,0.31,9.41,-0.12,0.08,-0.38,-0.14,0.2,9.8,1.82625,0.0,0.0,0.0,0.0,6.0,1016.87,67.61,-15.52
2025-03-24 18:37:19.086000+00:00,57.49551505220501,,,,345.125,-0.312,-1.25,23.0,-90.188,-8.562,-32.562,0.011,0.013,-0.001,-0.18,0.31,9.41,-0.12,0.08,-0.38,-0.15,0.2,9.8,1.82625,0.0,0.0,0.0,0.0,6.0,1016.87,67.61,-15.52
2025-03-24 18:37:20.246000+00:00,57.49551505220501,,,,345.125,-0.312,-1.25,23.0,-90.188,-8.562,-32.562,0.011,0.013,-0.001,-0.18,0.31,9.41,-0.12,0.08,-0.38,-0.13,0.2,9.8,1.82625,0.0,0.0,0.0,0.0,6.0,1016.87,67.61,-15.52
2025-03-24 18:37:20.933000+00:00,57.49551505220501,,,,345.125,-0.312,-1.25,23.0,-90.188,-8.562,-32.562,0.011,0.013,-0.001,-0.18,0.31,9.41,-0.12,0.08,-0.38,-0.13,0.19,9.8,1.82625,0.0,0.0,0.0,0.0,6.0,1016.87,67.61,-15.52
2025-03-24 18:37:21.945000+00:00,57.49551505220501,,,,345.125,-0.312,-1.25,23.0,-90.188,-8.562,-32.562,0.011,0.013,-0.001,-0.18,0.31,9.41,-0.12,0.08,-0.38,-0.14,0.22,9.8,1.82625,0.0,0.0,0.0,0.0,6.0,1016.87,67.61,-15.52
2025-03-24 18:37:22.977000+00:00,57.49551505220501,,,,345.125,-0.312,-1.25,23.0,-90.188,-8.562,-32.562,0.011,0.013,-0.001,-0.18,0.31,9.41,-0.12,0.08,-0.38,-0.15,0.22,9.8,1.82625,0.0,0.0,0.0,0.0,6.0,1016.87,67.61,-15.52
2025-03-24 18:37:23.963000+00:00,57.49551505220501,,,,345.125,-0.312,-1.25,23.0,-90.188,-8.562,-32.562,0.011,0.013,-0.001,-0.18,0.31,9.41,-0.12,0.08,-0.38,-0.12,0.23,9.8,1.82625,0.0,0.0,0.0,0.0,6.0,1016.87,67.61,-15.52
2025-03-24 18:37:24.987000+00:00,57.49551505220501,,,,345.125,-0.312,-1.25,23.0,-90.188,-8.562,-32.562,0.011,0.013,-0.001,-0.18,0.31,9.41,-0.12,0.08,-0.38,-0.11,0.25,9.8,1.82625,0.0,0.0,0.0,0.0,6.0,1016.87,67.61,-15.52
2025-03-24 18:37:26+00:00,57.49551505220501,,,,345.125,-0.312,-1.25,23.0,-90.188,-8.562,-32.562,0.011,0.013,-0.001,-0.18,0.31,9.41,-0.12,0.08,-0.38,-0.12,0.23,9.8,1.82625,0.0,0.0,0.0,0.0,6.0,1016.87,67.61,-15.52
2025-03-24 18:37:26.990000+00:00,57.49551505220501,,,,345.125,-0.312,-1.25,23.0,-90.188,-8.562,-32.562,0.011,0.013,-0.001,-0.18,0.31,9.41,-0.12,0.08,-0.38,-0.11,0.2,9.8,1.82625,0.0,0.0,0.0,0.0,6.0,1016.87,67.61,-15.52
2025-03-24 18:37:28.166000+00:00,57.49551505220501,,,,345.125,-0.312,-1.25,23.0,-90.188,-8.562,-32.562,0.011,0.013,-0.001,-0.18,0.31,9.41,-0.12,0.08,-0.38,-0.12,0.22,9.8,1.82625,0.0,0.0,0.0,0.0,6.0,1016.87,67.61,-15.52
2025-03-24 18:37:29.226000+00:00,57.49551505220501,,,,345.125,-0.312,-1.25,23.0,-90.188,-8.562,-32.562,0.011,0.013,-0.001,-0.18,0.31,9.41,-0.12,0.08,-0.38,-0.13,0.22,9.8,1.82625,0.0,0.0,0.0,0.0,6.0,1016.87,67.61,-15.52
2025-03-24 18:37:30.326000+00:00,57.49551505220501,,,,345.125,-0.312,-1.25,23.0,-90.188,-8.562,-32.562,0.011,0.013,-0.001,-0.18,0.31,9.41,-0.12,0.08,-0.38,-0.12,0.21,9.8,1.82625,0.0,0.0,0.0,0.0,6.0,1016.87,67.61,-15.52
2025-03-24 18:37:31.026000+00:00,57.49551505220501,,,,345.125,-0.312,-1.25,23.0,-90.188,-8.562,-32.562,0.011,0.013,-0.001,-0.18,0.31,9.41,-0.12,0.08,-0.38,-0.13,0.22,9.8,1.82625,0.0,0.0,0.0,0.0,6.0,1016.87,67.61,-15.52
2025-03-24 18:37:32.056000+00:00,57.49551505220501,,,,345.125,-0.312,-1.25,23.0,-90.188,-8.562,-32.562,0.011,0.013,-0.001,-0.18,0.31,9.41,-0.12,0.08,-0.38,-0.12,0.21,9.8,1.82625,0.0,0.0,0.0,0.0,6.0,1016.87,67.61,-15.52
2025-03-24 18:37:33.105000+00:00,57.49551505220501,,,,345.125,-0.312,-1.25,23.0,-90.188,-8.562,-32.562,0.011,0.013,-0.001,-0.18,0.31,9.41,-0.12,0.08,-0.38,-0.11,0.21,9.8,1.82625,0.0,0.0,0.0,0.0,6.0,1016.87,67.61,-15.52
2025-03-24 18:37:34.056000+00:00,57.49551505220501,,,,345.125,-0.312,-1.25,23.0,-90.188,-8.562,-32.562,0.011,0.013,-0.001,-0.18,0.31,9.41,-0.12,0.08,-0.38,-0.1,0.21,9.8,1.82625,0.0,0.0,0.0,0.0,6.0,1016.87,67.61,-15.52
2025-03-24 18:37:35.082000+00:00,57.49551505220501,,,,345.125,-0.312,-1.25,23.0,-90.188,-8.562,-32.562,0.011,0.013,-0.001,-0.18,0.31,9.41,-0.12,0.08,-0.38,-0.1,0.22,9.8,1.82625,0.0,0.0,0.0,0.0,6.0,1016.87,67.61,-15.52
2025-03-24 18:37:36.082000+00:00,57.49551505220501,,,,345.125,-0.312,-1.25,23.0,-90.188,-8.562,-32.562,0.011,0.013,-0.001,-0.18,0.31,9.41,-0.12,0.08,-0.38,-0.1,0.22,9.8,1.82625,0.0,0.0,0.0,0.0,6.0,1016.87,67.61,-15.52
2025-03-24 18:37:37.115000+00:00,57.49551505220501,,,,345.125,-0.312,-1.25,23.0,-90.188,-8.562,-32.562,0.011,0.013,-0.001,-0.18,0.31,9.41,-0.12,0.08,-0.38,-0.12,0.21,9.8,1.82625,0.0,0.0,0.0,0.0,6.0,1016.87,67.61,-15.52
2025-03-24 18:37:38.115000+00:00,57.49551505220501,,,,345.125,-0.312,-1.25,23.0,-90.188,-8.562,-32.562,0.011,0.013,-0.001,-0.18,0.31,9.41,-0.12,0.08,-0.38,-0.12,0.21,9.8,1.82625,0.0,0.0,0.0,0.0,6.0,1016.87,67.61,-15.52
2025-03-24 18:37:39.125000+00:00,57.49551505220501,,,,345.125,-0.312,-1.25,23.0,-90.188,-8.562,-32.562,0.011,0.013,-0.001,-0.18,0.31,9.41,-0.12,0.08,-0.38,-0.13,0.23,9.8,1.82625,0.0,0.0,0.0,0.0,6.0,1016.87,67.61,-15.52
2025-03-24 18:37:40.116000+00:00,57.49551505220501,,,,345.125,-0.312,-1.25,23.0,-90.188,-8.562,-32.562,0.011,0.013,-0.001,-0.18,0.31,9.41,-0.12,0.08,-0.38,-0.12,0.23,9.8,1.82625,0.0,0.0,0.0,0.0,6.0,1016.87,67.61,-15.52
2025-03-24 18:37:41.136000+00:00,57.49551505220501,,,,345.125,-0.312,-1.25,23.0,-90.188,-8.562,-32.562,0.011,0.013,-0.001,-0.18,0.31,9.41,-0.12,0.08,-0.38,-0.13,0.22,9.8,1.82625,0.0,0.0,0.0,0.0,6.0,1016.87,67.61,-15.52
2025-03-24 18:37:42.154000+00:00,57.49551505220501,,,,345.125,-0.312,-1.25,23.0,-90.188,-8.562,-32.562,0.011,0.013,-0.001,-0.18,0.31,9.41,-0.12,0.08,-0.38,-0.16,0.23,9.8,1.82625,0.0,0.0,0.0,0.0,6.0,1016.87,67.61,-15.52
2025-03-24 18:37:43.165000+00:00,57.49551505220501,,,,345.125,-0.312,-1.25,23.0,-90.188,-8.562,-32.562,0.011,0.013,-0.001,-0.18,0.31,9.41,-0.12,0.08,-0.38,-0.16,0.24,9.8,1.82625,0.0,0.0,0.0,0.0,6.0,1016.87,67.61,-15.52
2025-03-24 18:37:44.154000+00:00,57.49551505220501,,,,345.125,-0.312,-1.25,23.0,-90.188,-8.562,-32.562,0.011,0.013,-0.001,-0.18,0.31,9.41,-0.12,0.08,-0.38,-0.17,0.21,9.8,1.82625,0.0,0.0,0.0,0.0,6.0,1016.87,67.61,-15.52
2025-03-24 18:37:45.164000+00:00,57.49551505220501,,,,345.125,-0.312,-1.25,23.0,-90.188,-8.562,-32.562,0.011,0.013,-0.001,-0.18,0.31,9.41,-0.12,0.08,-0.38,-0.16,0.22,9.8,1.82625,0.0,0.0,0.0,0.0,6.0,1016.87,67.61,-15.52
2025-03-24 18:37:46.184000+00:00,57.49551505220501,,,,345.125,-0.312,-1.25,23.0,-90.188,-8.562,-32.562,0.011,0.013,-0.001,-0.18,0.31,9.41,-0.12,0.08,-0.38,-0.17,0.23,9.8,1.82625,0.0,0.0,0.0,0.0,6.0,1016.87,67.61,-15.52
2025-03-24 18:37:47.183000+00:00,57.49551505220501,,,,345.125,-0.312,-1.25,23.0,-90.188,-8.562,-32.562,0.011,0.013,-0.001,-0.18,0.31,9.41,-0.12,0.08,-0.38,-0.16,0.22,9.8,1.82625,0.0,0.0,0.0,0.0,6.0,1016.87,67.61,-15.52
2025-03-24 18:37:48.289000+00:00,57.49551505220501,,,,345.125,-0.312,-1.25,23.0,-90.188,-8.562,-32.562,0.011,0.013,-0.001,-0.18,0.31,9.41,-0.12,0.08,-0.38,-0.16,0.22,9.8,1.82625,0.0,0.0,0.0,0.0,6.0,1016.87,67.61,-15.52
2025-03-24 18:37:49.284000+00:00,57.49551505220501,,,,345.125,-0.312,-1.25,23.0,-90.188,-8.562,-32.562,0.011,0.013,-0.001,-0.18,0.31,9.41,-0.12,0.08,-0.38,-0.15,0.23,9.8,1.82625,0.0,0.0,0.0,0.0,6.0,1016.87,67.61,-15.52
2025-03-24 18:37:50.397000+00:00,57.49551505220501,,,,345.125,-0.312,-1.25,23.0,-90.188,-8.562,-32.562,0.011,0.013,-0.001,-0.18,0.31,9.41,-0.12,0.08,-0.38,-0.15,0.25,9.8,1.82625,0.0,0.0,0.0,0.0,6.0,1016.87,67.61,-15.52
2025-03-24 18:37:51.448000+00:00,57.49551505220501,,,,345.125,-0.312,-1.25,23.0,-90.188,-8.562,-32.562,0.011,0.013,-0.001,-0.18,0.31,9.41,-0.12,0.08,-0.38,-0.12,0.23,9.8,1.82625,0.0,0.0,0.0,0.0,6.0,1016.87,67.61,-15.52
2025-03-24 18:37:52.271000+00:00,57.49551505220501,,,,345.125,-0.312,-1.25,23.0,-90.188,-8.562,-32.562,0.011,0.013,-0.001,-0.18,0.31,9.41,-0.12,0.08,-0.38,-0.12,0.21,9.8,1.82625,0.0,0.0,0.0,0.0,6.0,1016.87,67.61,-15.52
2025-03-24 18:37:53.268000+00:00,57.49551505220501,,,,345.125,-0.312,-1.25,23.0,-90.188,-8.562,-32.562,0.011,0.013,-0.001,-0.18,0.31,9.41,-0.12,0.08,-0.38,-0.12,0.22,9.8,1.82625,0.0,0.0,0.0,0.0,6.0,1016.87,67.61,-15.52
2025-03-24 18:37:54.264000+00:00,57.49551505220501,,,,345.125,-0.312,-1.25,23.0,-90.188,-8.562,-32.562,0.011,0.013,-0.001,-0.18,0.31,9.41,-0.12,0.08,-0.38,-0.11,0.22,9.8,1.82625,0.0,0.0,0.0,0.0,6.0,1016.87,67.61,-15.52
2025-03-24 18:37:55.274000+00:00,57.49551505220501,,,,345.125,-0.312,-1.25,23.0,-90.188,-8.562,-32.562,0.011,0.013,-0.001,-0.18,0.31,9.41,-0.12,0.08,-0.38,-0.13,0.2,9.8,1.82625,0.0,0.0,0.0,0.0,6.0,1016.87,67.61,-15.52
2025-03-24 18:37:56.334000+00:00,57.49551505220501,,,,345.125,-0.312,-1.25,23.0,-90.188,-8.562,-32.562,0.011,0.013,-0.001,-0.18,0.31,9.41,-0.12,0.08,-0.38,-0.12,0.2,9.8,1.82625,0.0,0.0,0.0,0.0,6.0,1016.87,67.61,-15.52
2025-03-24 18:37:57.340000+00:00,57.49551505220501,,,,345.125,-0.312,-1.25,23.0,-90.188,-8.562,-32.562,0.011,0.013,-0.001,-0.18,0.31,9.41,-0.12,0.08,-0.38,-0.1,0.2,9.8,1.82625,0.0,0.0,0.0,0.0,6.0,1016.87,67.61,-15.52
2025-03-24 18:37:58.304000+00:00,57.49551505220501,,,,345.125,-0.312,-1.25,23.0,-90.188,-8.562,-32.562,0.011,0.013,-0.001,-0.18,0.31,9.41,-0.12,0.08,-0.38,-0.1,0.22,9.8,1.82625,0.0,0.0,0.0,0.0,6.0,1016.87,67.61,-15.52
2025-03-24 18:37:59.314000+00:00,57.49551505220501,,,,345.125,-0.312,-1.25,23.0,-90.188,-8.562,-32.562,0.011,0.013,-0.001,-0.18,0.31,9.41,-0.12,0.08,-0.38,-0.09,0.23,9.8,1.82625,0.0,0.0,0.0,0.0,6.0,1016.87,67.61,-15.52
2025-03-24 18:38:00.335000+00:00,57.49551505220501,,,,345.125,-0.312,-1.25,23.0,-90.188,-8.562,-32.562,0.011,0.013,-0.001,-0.18,0.31,9.41,-0.12,0.08,-0.38,-0.08,0.24,9.8,1.82625,0.0,0.0,0.0,0.0,6.0,1016.87,67.61,-15.52
2025-03-24 18:38:01.323000+00:00,57.49551505220501,,,,345.125,-0.312,-1.25,23.0,-90.188,-8.562,-32.562,0.011,0.013,-0.001,-0.18,0.31,9.41,-0.12,0.08,-0.38,-0.08,0.25,9.8,1.82625,0.0,0.0,0.0,0.0,6.0,1016.87,67.61,-15.52
2025-03-24 18:38:02.354000+00:00,57.49551505220501,,,,345.125,-0.312,-1.25,23.0,-90.188,-8.562,-32.562,0.011,0.013,-0.001,-0.18,0.31,9.41,-0.12,0.08,-0.38,-0.09,0.24,9.8,1.82625,0.0,0.0,0.0,0.0,6.0,1016.87,67.61,-15.52
2025-03-24 18:38:03.343000+00:00,57.49551505220501,,,,345.125,-0.312,-1.25,23.0,-90.188,-8.562,-32.562,0.011,0.013,-0.001,-0.18,0.31,9.41,-0.12,0.08,-0.38,-0.08,0.23,9.8,1.82625,0.0,0.0,0.0,0.0,6.0,1016.87,67.61,-15.52
2025-03-24 18:38:04.443000+00:00,57.49551505220501,,,,345.125,-0.312,-1.25,23.0,-90.188,-8.562,-32.562,0.011,0.013,-0.001,-0.18,0.31,9.41,-0.12,0.08,-0.38,-0.08,0.23,9.8,1.82625,0.0,0.0,0.0,0.0,6.0,1016.87,67.61,-15.52
2025-03-24 18:38:05.612000+00:00,57.49551505220501,,,,345.125,-0.312,-1.25,23.0,-90.188,-8.562,-32.562,0.011,0.013,-0.001,-0.18,0.31,9.41,-0.12,0.08,-0.38,-0.06,0.22,9.8,1.82625,0.0,0.0,0.0,0.0,6.0,1016.87,67.61,-15.52
2025-03-24 18:38:06.643000+00:00,57.49551505220501,,,,345.125,-0.312,-1.25,23.0,-90.188,-8.562,-32.562,0.011,0.013,-0.001,-0.18,0.31,9.41,-0.12,0.08,-0.38,-0.06,0.19,9.8,1.82625,0.0,0.0,0.0,0.0,6.0,1016.87,67.61,-15.52
2025-03-24 18:37:07.256000+00:00,57.49551505220501,,,,345.125,-0.312,-1.25,23.0,-90.188,-8.562,-32.562,0.011,0.013,-0.001,-0.18,0.31,9.41,-0.12,0.08,-0.38,-0.06,0.19,9.8,1.82625,0.0,0.0,0.0,0.0,6.0,1016.87,67.61,-15.52
2025-03-24 18:37:08.307000+00:00,57.49551505220501,,,,345.125,-0.312,-1.25,23.0,-90.188,-8.562,-32.562,0.011,0.013,-0.001,-0.18,0.31,9.41,-0.12,0.08,-0.38,-0.06,0.19,9.8,1.8575,0.0,0.0,0.0,0.0,6.0,1016.87,67.61,-15.52
2025-03-24 18:37:09.058000+00:00,57.49551505220501,,,,345.125,-0.312,-1.25,23.0,-90.188,-8.562,-32.562,0.011,0.013,-0.001,-0.18,0.31,9.41,-0.12,0.08,-0.38,-0.06,0.19,9.8,1.7775,0.0,0.0,0.0,0.0,6.0,1016.87,67.61,-15.52
2025-03-24 18:37:10.277000+00:00,57.49551505220501,,,,345.125,-0.312,-1.25,23.0,-90.188,-8.562,-32.562,0.011,0.013,-0.001,-0.18,0.31,9.41,-0.12,0.08,-0.38,-0.06,0.19,9.8,1.8475000000000001,0.0,0.0,0.0,0.0,6.0,1016.87,67.61,-15.52
2025-03-24 18:37:11.248000+00:00,57.49551505220501,,,,345.125,-0.312,-1.25,23.0,-90.188,-8.562,-32.562,0.011,0.013,-0.001,-0.18,0.31,9.41,-0.12,0.08,-0.38,-0.06,0.19,9.8,1.87125,0.0,0.0,0.0,0.0,6.0,1016.87,67.61,-15.52
2025-03-24 18:37:12.318000+00:00,57.49551505220501,,,,345.125,-0.312,-1.25,23.0,-90.188,-8.562,-32.562,0.011,0.013,-0.001,-0.18,0.31,9.41,-0.12,0.08,-0.38,-0.06,0.19,9.8,1.85,0.0,0.0,0.0,0.0,6.0,1016.87,67.61,-15.52
2025-03-24 18:37:13.373000+00:00,57.49551505220501,,,,345.125,-0.312,-1.25,23.0,-90.188,-8.562,-32.562,0.011,0.013,-0.001,-0.18,0.31,9.41,-0.12,0.08,-0.38,-0.06,0.19,9.8,1.875,0.0,0.0,0.0,0.0,6.0,1016.87,67.61,-15.52
2025-03-24 18:37:14.117000+00:00,57.49551505220501,,,,345.125,-0.312,-1.25,23.0,-90.188,-8.562,-32.562,0.011,0.013,-0.001,-0.18,0.31,9.41,-0.12,0.08,-0.38,-0.06,0.19,9.8,1.81375,0.0,0.0,0.0,0.0,6.0,1016.87,67.61,-15.52
2025-03-24 18:37:15.077000+00:00,57.49551505220501,,,,345.125,-0.312,-1.25,23.0,-90.188,-8.562,-32.562,0.011,0.013,-0.001,-0.18,0.31,9.41,-0.12,0.08,-0.38,-0.06,0.19,9.8,1.75625,0.0,0.0,0.0,0.0,6.0,1016.87,67.61,-15.52
2025-03-24 18:37:16.081000+00:00,57.49551505220501,,,,345.125,-0.312,-1.25,23.0,-90.188,-8.562,-32.562,0.011,0.013,-0.001,-0.18,0.31,9.41,-0.12,0.08,-0.38,-0.06,0.19,9.8,1.85625,0.0,0.0,0.0,0.0,6.0,1016.87,67.61,-15.52
2025-03-24 18:37:17.090000+00:00,57.49551505220501,,,,345.125,-0.312,-1.25,23.0,-90.188,-8.562,-32.562,0.011,0.013,-0.001,-0.18,0.31,9.41,-0.12,0.08,-0.38,-0.06,0.19,9.8,1.825,0.0,0.0,0.0,0.0,6.0,1016.87,67.61,-15.52
2025-03-24 18:37:18.093000+00:00,57.49551505220501,,,,345.125,-0.312,-1.25,23.0,-90.188,-8.562,-32.562,0.011,0.013,-0.001,-0.18,0.31,9.41,-0.12,0.08,-0.38,-0.06,0.19,9.8,1.735,0.0,0.0,0.0,0.0,6.0,1016.87,67.61,-15.52
2025-03-24 18:37:19.187000+00:00,57.49551505220501,,,,345.125,-0.312,-1.25,23.0,-90.188,-8.562,-32.562,0.011,0.013,-0.001,-0.18,0.31,9.41,-0.12,0.08,-0.38,-0.06,0.19,9.8,1.73125,0.0,0.0,0.0,0.0,6.0,1016.87,67.61,-15.52
2025-03-24 18:37:20.346000+00:00,57.49551505220501,,,,345.125,-0.312,-1.25,23.0,-90.188,-8.562,-32.562,0.011,0.013,-0.001,-0.18,0.31,9.41,-0.12,0.08,-0.38,-0.06,0.19,9.8,1.81875,0.0,0.0,0.0,0.0,6.0,1016.87,67.61,-15.52
2025-03-24 18:37:21.345000+00:00,57.49551505220501,,,,345.125,-0.312,-1.25,23.0,-90.188,-8.562,-32.562,0.011,0.013,-0.001,-0.18,0.31,9.41,-0.12,0.08,-0.38,-0.06,0.19,9.8,1.82375,0.0,0.0,0.0,0.0,6.0,1016.87,67.61,-15.52
2025-03-24 18:37:22.392000+00:00,57.49551505220501,,,,345.125,-0.312,-1.25,23.0,-90.188,-8.562,-32.562,0.011,0.013,-0.001,-0.18,0.31,9.41,-0.12,0.08,-0.38,-0.06,0.19,9.8,1.8062500000000001,0.0,0.0,0.0,0.0,6.0,1016.87,67.61,-15.52
2025-03-24 18:37:23.377000+00:00,57.49551505220501,,,,345.125,-0.312,-1.25,23.0,-90.188,-8.562,-32.562,0.011,0.013,-0.001,-0.18,0.31,9.41,-0.12,0.08,-0.38,-0.06,0.19,9.8,1.83,0.0,0.0,0.0,0.0,6.0,1016.87,67.61,-15.52
2025-03-24 18:37:24.105000+00:00,57.49551505220501,,,,345.125,-0.312,-1.25,23.0,-90.188,-8.562,-32.562,0.011,0.013,-0.001,-0.18,0.31,9.41,-0.12,0.08,-0.38,-0.06,0.19,9.8,1.8175000000000001,0.0,0.0,0.0,0.0,6.0,1016.87,67.61,-15.52
2025-03-24 18:37:25.121000+00:00,57.49551505220501,,,,345.125,-0.312,-1.25,23.0,-90.188,-8.562,-32.562,0.011,0.013,-0.001,-0.18,0.31,9.41,-0.12,0.08,-0.38,-0.06,0.19,9.8,1.73,0.0,0.0,0.0,0.0,6.0,1016.87,67.61,-15.52
2025-03-24 18:37:26.116000+00:00,57.49551505220501,,,,345.125,-0.312,-1.25,23.0,-90.188,-8.562,-32.562,0.011,0.013,-0.001,-0.18,0.31,9.41,-0.12,0.08,-0.38,-0.06,0.19,9.8,1.7650000000000001,0.0,0.0,0.0,0.0,6.0,1016.87,67.61,-15.52
2025-03-24 18:37:27.126000+00:00,57.49551505220501,,,,345.125,-0.312,-1.25,23.0,-90.188,-8.562,-32.562,0.011,0.013,-0.001,-0.18,0.31,9.41,-0.12,0.08,-0.38,-0.06,0.19,9.8,1.80375,0.0,0.0,0.0,0.0,6.0,1016.87,67.61,-15.52
2025-03-24 18:37:28.265000+00:00,57.49551505220501,,,,345.125,-0.312,-1.25,23.0,-90.188,-8.562,-32.562,0.011,0.013,-0.001,-0.18,0.31,9.41,-0.12,0.08,-0.38,-0.06,0.19,9.8,1.87625,0.0,0.0,0.0,0.0,6.0,1016.87,67.61,-15.52
2025-03-24 18:37:29.326000+00:00,57.49551505220501,,,,345.125,-0.312,-1.25,23.0,-90.188,-8.562,-32.562,0.011,0.013,-0.001,-0.18,0.31,9.41,-0.12,0.08,-0.38,-0.06,0.19,9.8,1.87125,0.0,0.0,0.0,0.0,6.0,1016.87,67.61,-15.52
2025-03-24 18:37:30.442000+00:00,57.49551505220501,,,,345.125,-0.312,-1.25,23.0,-90.188,-8.562,-32.562,0.011,0.013,-0.001,-0.18,0.31,9.41,-0.12,0.08,-0.38,-0.06,0.19,9.8,1.815,0.0,0.0,0.0,0.0,6.0,1016.87,67.61,-15.52
2025-03-24 18:37:31.435000+00:00,57.49551505220501,,,,345.125,-0.312,-1.25,23.0,-90.188,-8.562,-32.562,0.011,0.013,-0.001,-0.18,0.31,9.41,-0.12,0.08,-0.38,-0.06,0.19,9.8,1.7875,0.0,0.0,0.0,0.0,6.0,1016.87,67.61,-15.52
2025-03-24 18:37:32.485000+00:00,57.49551505220501,,,,345.125,-0.312,-1.25,23.0,-90.188,-8.562,-32.562,0.011,0.013,-0.001,-0.18,0.31,9.41,-0.12,0.08,-0.38,-0.06,0.19,9.8,1.8575,0.0,0.0,0.0,0.0,6.0,1016.87,67.61,-15.52
2025-03-24 18:37:33.291000+00:00,57.49551505220501,,,,345.125,-0.312,-1.25,23.0,-90.188,-8.562,-32.562,0.011,0.013,-0.001,-0.18,0.31,9.41,-0.12,0.08,-0.38,-0.06,0.19,9.8,1.82125,0.0,0.0,0.0,0.0,6.0,1016.87,67.61,-15.52
2025-03-24 18:37:34.207000+00:00,57.49551505220501,,,,345.125,-0.312,-1.25,23.0,-90.188,-8.562,-32.562,0.011,0.013,-0.001,-0.18,0.31,9.41,-0.12,0.08,-0.38,-0.06,0.19,9.8,1.79125,0.0,0.0,0.0,0.0,6.0,1016.87,67.61,-15.52
2025-03-24 18:37:35.252000+00:00,57.49551505220501,,,,345.125,-0.312,-1.25,23.0,-90.188,-8.562,-32.562,0.011,0.013,-0.001,-0.18,0.31,9.41,-0.12,0.08,-0.38,-0.06,0.19,9.8,1.75,0.0,0.0,0.0,0.0,6.0,1016.87,67.61,-15.52
2025-03-24 18:37:36.252000+00:00,57.49551505220501,,,,345.125,-0.312,-1.25,23.0,-90.188,-8.562,-32.562,0.011,0.013,-0.001,-0.18,0.31,9.41,-0.12,0.08,-0.38,-0.06,0.19,9.8,1.795,0.0,0.0,0.0,0.0,6.0,1016.87,67.61,-15.52
2025-03-24 18:37:37.266000+00:00,57.49551505220501,,,,345.125,-0.312,-1.25,23.0,-90.188,-8.562,-32.562,0.011,0.013,-0.001,-0.18,0.31,9.41,-0.12,0.08,-0.38,-0.06,0.19,9.8,1.72875,0.0,0.0,0.0,0.0,6.0,1016.87,67.61,-15.52
2025-03-24 18:37:38.271000+00:00,57.49551505220501,,,,345.125,-0.312,-1.25,23.0,-90.188,-8.562,-32.562,0.011,0.013,-0.001,-0.18,0.31,9.41,-0.12,0.08,-0.38,-0.06,0.19,9.8,1.875,0.0,0.0,0.0,0.0,6.0,1016.87,67.61,-15.52
2025-03-24 18:37:39.599000+00:00,57.49551505220501,,,,345.125,-0.312,-1.25,23.0,-90.188,-8.562,-32.562,0.011,0.013,-0.001,-0.18,0.31,9.41,-0.12,0.08,-0.38,-0.06,0.19,9.8,1.86125,0.0,0.0,0.0,0.0,6.0,1016.87,67.61,-15.52
2025-03-24 18:37:40.215000+00:00,57.49551505220501,,,,345.125,-0.312,-1.25,23.0,-90.188,-8.562,-32.562,0.011,0.013,-0.001,-0.18,0.31,9.41,-0.12,0.08,-0.38,-0.06,0.19,9.8,1.75625,0.0,0.0,0.0,0.0,6.0,1016.87,67.61,-15.52
2025-03-24 18:37:41.234000+00:00,57.49551505220501,,,,345.125,-0.312,-1.25,23.0,-90.188,-8.562,-32.562,0.011,0.013,-0.001,-0.18,0.31,9.41,-0.12,0.08,-0.38,-0.06,0.19,9.8,1.75875,0.0,0.0,0.0,0.0,6.0,1016.87,67.61,-15.52
2025-03-24 18:37:42.256000+00:00,57.49551505220501,,,,345.125,-0.312,-1.25,23.0,-90.188,-8.562,-32.562,0.011,0.013,-0.001,-0.18,0.31,9.41,-0.12,0.08,-0.38,-0.06,0.19,9.8,1.76125,0.0,0.0,0.0,0.0,6.0,1016.87,67.61,-15.52
2025-03-24 18:37:43.264000+00:00,57.49551505220501,,,,345.125,-0.312,-1.25,23.0,-90.188,-8.562,-32.562,0.011,0.013,-0.001,-0.18,0.31,9.41,-0.12,0.08,-0.38,-0.06,0.19,9.8,1.75625,0.0,0.0,0.0,0.0,6.0,1016.87,67.61,-15.52
2025-03-24 18:37:44.254000+00:00,57.49551505220501,,,,345.125,-0.312,-1.25,23.0,-90.188,-8.562,-32.562,0.011,0.013,-0.001,-0.18,0.31,9.41,-0.12,0.08,-0.38,-0.06,0.19,9.8,1.77875,0.0,0.0,0.0,0.0,6.0,1016.87,67.61,-15.52
2025-03-24 18:37:45.270000+00:00,57.49551505220501,,,,345.125,-0.312,-1.25,23.0,-90.188,-8.562,-32.562,0.011,0.013,-0.001,-0.18,0.31,9.41,-0.12,0.08,-0.38,-0.06,0.19,9.8,1.7675,0.0,0.0,0.0,0.0,6.0,1016.87,67.61,-15.52
2025-03-24 18:37:46.284000+00:00,57.49551505220501,,,,345.125,-0.312,-1.25,23.0,-90.188,-8.562,-32.562,0.011,0.013,-0.001,-0.18,0.31,9.41,-0.12,0.08,-0.38,-0.06,0.19,9.8,1.81875,0.0,0.0,0.0,0.0,6.0,1016.87,67.61,-15.52
2025-03-24 18:37:47.291000+00:00,57.49551505220501,,,,345.125,-0.312,-1.25,23.0,-90.188,-8.562,-32.562,0.011,0.013,-0.001,-0.18,0.31,9.41,-0.12,0.08,-0.38,-0.06,0.19,9.8,1.7237500000000001,0.0,0.0,0.0,0.0,6.0,1016.87,67.61,-15.52
2025-03-24 18:37:48.395000+00:00,57.49551505220501,,,,345.125,-0.312,-1.25,23.0,-90.188,-8.562,-32.562,0.011,0.013,-0.001,-0.18,0.31,9.41,-0.12,0.08,-0.38,-0.06,0.19,9.8,1.7425,0.0,0.0,0.0,0.0,6.0,1016.87,67.61,-15.52
2025-03-24 18:37:49.390000+00:00,57.49551505220501,,,,345.125,-0.312,-1.25,23.0,-90.188,-8.562,-32.562,0.011,0.013,-0.001,-0.18,0.31,9.41,-0.12,0.08,-0.38,-0.06,0.19,9.8,1.8425,0.0,0.0,0.0,0.0,6.0,1016.87,67.61,-15.52
2025-03-24 18:37:50.504000+00:00,57.49551505220501,,,,345.125,-0.312,-1.25,23.0,-90.188,-8.562,-32.562,0.011,0.013,-0.001,-0.18,0.31,9.41,-0.12,0.08,-0.38,-0.06,0.19,9.8,1.7275,0.0,0.0,0.0,0.0,6.0,1016.87,67.61,-15.52
2025-03-24 18:37:51.557000+00:00,57.49551505220501,,,,345.125,-0.312,-1.25,23.0,-90.188,-8.562,-32.562,0.011,0.013,-0.001,-0.18,0.31,9.41,-0.12,0.08,-0.38,-0.06,0.19,9.8,1.8162500000000001,0.0,0.0,0.0,0.0,6.0,1016.87,67.61,-15.52
2025-03-24 18:37:52.700000+00:00,57.49551505220501,,,,345.125,-0.312,-1.25,23.0,-90.188,-8.562,-32.562,0.011,0.013,-0.001,-0.18,0.31,9.41,-0.12,0.08,-0.38,-0.06,0.19,9.8,1.73875,0.0,0.0,0.0,0.0,6.0,1016.87,67.61,-15.52
2025-03-24 18:37:53.698000+00:00,57.49551505220501,,,,345.125,-0.312,-1.25,23.0,-90.188,-8.562,-32.562,0.011,0.013,-0.001,-0.18,0.31,9.41,-0.12,0.08,-0.38,-0.06,0.19,9.8,1.8275000000000001,0.0,0.0,0.0,0.0,6.0,1016.87,67.61,-15.52
2025-03-24 18:37:54.690000+00:00,57.49551505220501,,,,345.125,-0.312,-1.25,23.0,-90.188,-8.562,-32.562,0.011,0.013,-0.001,-0.18,0.31,9.41,-0.12,0.08,-0.38,-0.06,0.19,9.8,1.74875,0.0,0.0,0.0,0.0,6.0,1016.87,67.61,-15.52
2025-03-24 18:37:55.674000+00:00,57.49551505220501,,,,345.125,-0.312,-1.25,23.0,-90.188,-8.562,-32.562,0.011,0.013,-0.001,-0.18,0.31,9.41,-0.12,0.08,-0.38,-0.06,0.19,9.8,1.75625,0.0,0.0,0.0,0.0,6.0,1016.87,67.61,-15.52
2025-03-24 18:37:56.437000+00:00,57.49551505220501,,,,345.125,-0.312,-1.25,23.0,-90.188,-8.562,-32.562,0.011,0.013,-0.001,-0.18,0.31,9.41,-0.12,0.08,-0.38,-0.06,0.19,9.8,1.82875,0.0,0.0,0.0,0.0,6.0,1016.87,67.61,-15.52
2025-03-24 18:37:57.444000+00:00,57.49551505220501,,,,345.125,-0.312,-1.25,23.0,-90.188,-8.562,-32.562,0.011,0.013,-0.001,-0.18,0.31,9.41,-0.12,0.08,-0.38,-0.06,0.19,9.8,1.7725,0.0,0.0,0.0,0.0,6.0,1016.87,67.61,-15.52
2025-03-24 18:37:58.464000+00:00,57.49551505220501,,,,345.125,-0.312,-1.25,23.0,-90.188,-8.562,-32.562,0.011,0.013,-0.001,-0.18,0.31,9.41,-0.12,0.08,-0.38,-0.06,0.19,9.8,1.77625,0.0,0.0,0.0,0.0,6.0,1016.87,67.61,-15.52
2025-03-24 18:37:59.464000+00:00,57.49551505220501,,,,345.125,-0.312,-1.25,23.0,-90.188,-8.562,-32.562,0.011,0.013,-0.001,-0.18,0.31,9.41,-0.12,0.08,-0.38,-0.06,0.19,9.8,1.7875,0.0,0.0,0.0,0.0,6.0,1016.87,67.61,-15.52
2025-03-24 18:38:00.493000+00:00,57.49551505220501,,,,345.125,-0.312,-1.25,23.0,-90.188,-8.562,-32.562,0.011,0.013,-0.001,-0.18,0.31,9.41,-0.12,0.08,-0.38,-0.06,0.19,9.8,1.86125,0.0,0.0,0.0,0.0,6.0,1016.87,67.61,-15.52
2025-03-24 18:38:01.473000+00:00,57.49551505220501,,,,345.125,-0.312,-1.25,23.0,-90.188,-8.562,-32.562,0.011,0.013,-0.001,-0.18,0.31,9.41,-0.12,0.08,-0.38,-0.06,0.19,9.8,1.8587500000000001,0.0,0.0,0.0,0.0,6.0,1016.87,67.61,-15.52
2025-03-24 18:38:02.504000+00:00,57.49551505220501,,,,345.125,-0.312,-1.25,23.0,-90.188,-8.562,-32.562,0.011,0.013,-0.001,-0.18,0.31,9.41,-0.12,0.08,-0.38,-0.06,0.19,9.8,1.78875,0.0,0.0,0.0,0.0,6.0,1016.87,67.61,-15.52
2025-03-24 18:38:03.494000+00:00,57.49551505220501,,,,345.125,-0.312,-1.25,23.0,-90.188,-8.562,-32.562,0.011,0.013,-0.001,-0.18,0.31,9.41,-0.12,0.08,-0.38,-0.06,0.19,9.8,1.71625,0.0,0.0,0.0,0.0,6.0,1016.87,67.61,-15.52
2025-03-24 18:38:04.594000+00:00,57.49551505220501,,,,345.125,-0.312,-1.25,23.0,-90.188,-8.562,-32.562,0.011,0.013,-0.001,-0.18,0.31,9.41,-0.12,0.08,-0.38,-0.06,0.19,9.8,1.82,0.0,0.0,0.0,0.0,6.0,1016.87,67.61,-15.52
2025-03-24 18:38:05.712000+00:00,57.49551505220501,,,,345.125,-0.312,-1.25,23.0,-90.188,-8.562,-32.562,0.011,0.013,-0.001,-0.18,0.31,9.41,-0.12,0.08,-0.38,-0.06,0.19,9.8,1.8225,0.0,0.0,0.0,0.0,6.0,1016.87,67.61,-15.52
2025-03-24 18:38:06.742000+00:00,57.49551505220501,,,,345.125,-0.312,-1.25,23.0,-90.188,-8.562,-32.562,0.011,0.013,-0.001,-0.18,0.31,9.41,-0.12,0.08,-0.38,-0.06,0.19,9.8,1.895,0.0,0.0,0.0,0.0,6.0,1016.87,67.61,-15.52
2025-03-24 18:37:07.203000+00:00,57.49551505220501,,,,345.125,-0.312,-1.25,23.0,-90.188,-8.562,-32.562,0.011,0.013,-0.001,-0.18,0.31,9.41,-0.12,0.08,-0.38,-0.06,0.19,9.8,1.895,0.0,0.0,0.0,0.0,6.0,1016.87,67.61,-15.52
2025-03-24 18:37:08.257000+00:00,57.49551505220501,,,,345.125,-0.312,-1.25,23.0,-90.188,-8.562,-32.562,0.011,0.013,-0.001,-0.18,0.31,9.41,-0.12,0.08,-0.38,-0.06,0.19,9.8,1.895,1.25,0.0,0.0,0.0,6.0,1016.87,67.61,-15.52
2025-03-24 18:37:09.002000+00:00,57.49551505220501,,,,345.125,-0.312,-1.25,23.0,-90.188,-8.562,-32.562,0.011,0.013,-0.001,-0.18,0.31,9.41,-0.12,0.08,-0.38,-0.06,0.19,9.8,1.895,0.0,0.0,0.0,0.0,6.0,1016.87,67.61,-15.52
2025-03-24 18:37:10.227000+00:00,57.49551505220501,,,,345.125,-0.312,-1.25,23.0,-90.188,-8.562,-32.562,0.011,0.013,-0.001,-0.18,0.31,9.41,-0.12,0.08,-0.38,-0.06,0.19,9.8,1.895,1.25,0.0,0.0,0.0,6.0,1016.87,67.61,-15.52
2025-03-24 18:37:11.197000+00:00,57.49551505220501,,,,345.125,-0.312,-1.25,23.0,-90.188,-8.562,-32.562,0.011,0.013,-0.001,-0.18,0.31,9.41,-0.12,0.08,-0.38,-0.06,0.19,9.8,1.895,0.0,0.0,0.0,0.0,6.0,1016.87,67.61,-15.52
2025-03-24 18:37:12.270000+00:00,57.49551505220501,,,,345.125,-0.312,-1.25,23.0,-90.188,-8.562,-32.562,0.011,0.013,-0.001,-0.18,0.31,9.41,-0.12,0.08,-0.38,-0.06,0.19,9.8,1.895,2.5,0.0,0.0,0.0,6.0,1016.87,67.61,-15.52
2025-03-24 18:37:13.316000+00:00,57.49551505220501,,,,345.125,-0.312,-1.25,23.0,-90.188,-8.562,-32.562,0.011,0.013,-0.001,-0.18,0.31,9.41,-0.12,0.08,-0.38,-0.06,0.19,9.8,1.895,1.25,0.0,0.0,0.0,6.0,1016.87,67.61,-15.52
2025-03-24 18:37:14.070000+00:00,57.49551505220501,,,,345.125,-0.312,-1.25,23.0,-90.188,-8.562,-32.562,0.011,0.013,-0.001,-0.18,0.31,9.41,-0.12,0.08,-0.38,-0.06,0.19,9.8,1.895,-1.25,0.0,0.0,0.0,6.0,1016.87,67.61,-15.52
2025-03-24 18:37:15.025000+00:00,57.49551505220501,,,,345.125,-0.312,-1.25,23.0,-90.188,-8.562,-32.562,0.011,0.013,-0.001,-0.18,0.31,9.41,-0.12,0.08,-0.38,-0.06,0.19,9.8,1.895,1.25,0.0,0.0,0.0,6.0,1016.87,67.61,-15.52
2025-03-24 18:37:16.029000+00:00,57.49551505220501,,,,345.125,-0.312,-1.25,23.0,-90.188,-8.562,-32.562,0.011,0.013,-0.001,-0.18,0.31,9.41,-0.12,0.08,-0.38,-0.06,0.19,9.8,1.895,2.5,0.0,0.0,0.0,6.0,1016.87,67.61,-15.52
2025-03-24 18:37:17.032000+00:00,57.49551505220501,,,,345.125,-0.312,-1.25,23.0,-90.188,-8.562,-32.562,0.011,0.013,-0.001,-0.18,0.31,9.41,-0.12,0.08,-0.38,-0.06,0.19,9.8,1.895,-1.25,0.0,0.0,0.0,6.0,1016.87,67.61,-15.52
2025-03-24 18:37:18.036000+00:00,57.49551505220501,,,,345.125,-0.312,-1.25,23.0,-90.188,-8.562,-32.562,0.011,0.013,-0.001,-0.18,0.31,9.41,-0.12,0.08,-0.38,-0.06,0.19,9.8,1.895,1.25,0.0,0.0,0.0,6.0,1016.87,67.61,-15.52
2025-03-24 18:37:19.137000+00:00,57.49551505220501,,,,345.125,-0.312,-1.25,23.0,-90.188,-8.562,-32.562,0.011,0.013,-0.001,-0.18,0.31,9.41,-0.12,0.08,-0.38,-0.06,0.19,9.8,1.895,2.5,0.0,0.0,0.0,6.0,1016.87,67.61,-15.52
2025-03-24 18:37:20.296000+00:00,57.49551505220501,,,,345.125,-0.312,-1.25,23.0,-90.188,-8.562,-32.562,0.011,0.013,-0.001,-0.18,0.31,9.41,-0.12,0.08,-0.38,-0.06,0.19,9.8,1.895,0.0,0.0,0.0,0.0,6.0,1016.87,67.61,-15.52
2025-03-24 18:37:21.299000+00:00,57.49551505220501,,,,345.125,-0.312,-1.25,23.0,-90.188,-8.562,-32.562,0.011,0.013,-0.001,-0.18,0.31,9.41,-0.12,0.08,-0.38,-0.06,0.19,9.8,1.895,1.25,0.0,0.0,0.0,6.0,1016.87,67.61,-15.52
2025-03-24 18:37:22.332000+00:00,57.49551505220501,,,,345.125,-0.312,-1.25,23.0,-90.188,-8.562,-32.562,0.011,0.013,-0.001,-0.18,0.31,9.41,-0.12,0.08,-0.38,-0.06,0.19,9.8,1.895,-1.25,0.0,0.0,0.0,6.0,1016.87,67.61,-15.52
2025-03-24 18:37:23.326000+00:00,57.49551505220501,,,,345.125,-0.312,-1.25,23.0,-90.188,-8.562,-32.562,0.011,0.013,-0.001,-0.18,0.31,9.41,-0.12,0.08,-0.38,-0.06,0.19,9.8,1.895,0.0,0.0,0.0,0.0,6.0,1016.87,67.61,-15.52
2025-03-24 18:37:24.060000+00:00,57.49551505220501,,,,345.125,-0.312,-1.25,23.0,-90.188,-8.562,-32.562,0.011,0.013,-0.001,-0.18,0.31,9.41,-0.12,0.08,-0.38,-0.06,0.19,9.8,1.895,-1.25,0.0,0.0,0.0,6.0,1016.87,67.61,-15.52
2025-03-24 18:37:25.063000+00:00,57.49551505220501,,,,345.125,-0.312,-1.25,23.0,-90.188,-8.562,-32.562,0.011,0.013,-0.001,-0.18,0.31,9.41,-0.12,0.08,-0.38,-0.06,0.19,9.8,1.895,1.25,0.0,0.0,0.0,6.0,1016.87,67.61,-15.52
2025-03-24 18:37:26.067000+00:00,57.49551505220501,,,,345.125,-0.312,-1.25,23.0,-90.188,-8.562,-32.562,0.011,0.013,-0.001,-0.18,0.31,9.41,-0.12,0.08,-0.38,-0.06,0.19,9.8,1.895,0.0,0.0,0.0,0.0,6.0,1016.87,67.61,-15.52
2025-03-24 18:37:27.071000+00:00,57.49551505220501,,,,345.125,-0.312,-1.25,23.0,-90.188,-8.562,-32.562,0.011,0.013,-0.001,-0.18,0.31,9.41,-0.12,0.08,-0.38,-0.06,0.19,9.8,1.895,1.25,0.0,0.0,0.0,6.0,1016.87,67.61,-15.52
2025-03-24 18:37:28.217000+00:00,57.49551505220501,,,,345.125,-0.312,-1.25,23.0,-90.188,-8.562,-32.562,0.011,0.013,-0.001,-0.18,0.31,9.41,-0.12,0.08,-0.38,-0.06,0.19,9.8,1.895,0.0,0.0,0.0,0.0,6.0,1016.87,67.61,-15.52
2025-03-24 18:37:29.276000+00:00,57.49551505220501,,,,345.125,-0.312,-1.25,23.0,-90.188,-8.562,-32.562,0.011,0.013,-0.001,-0.18,0.31,9.41,-0.12,0.08,-0.38,-0.06,0.19,9.8,1.895,1.25,0.0,0.0,0.0,6.0,1016.87,67.61,-15.52
2025-03-24 18:37:30.382000+00:00,57.49551505220501,,,,345.125,-0.312,-1.25,23.0,-90.188,-8.562,-32.562,0.011,0.013,-0.001,-0.18,0.31,9.41,-0.12,0.08,-0.38,-0.06,0.19,9.8,1.895,1.25,0.0,0.0,0.0,6.0,1016.87,67.61,-15.52
2025-03-24 18:37:31.385000+00:00,57.49551505220501,,,,345.125,-0.312,-1.25,23.0,-90.188,-8.562,-32.562,0.011,0.013,-0.001,-0.18,0.31,9.41,-0.12,0.08,-0.38,-0.06,0.19,9.8,1.895,1.25,0.0,0.0,0.0,6.0,1016.87,67.61,-15.52
2025-03-24 18:37:32.436000+00:00,57.49551505220501,,,,345.125,-0.312,-1.25,23.0,-90.188,-8.562,-32.562,0.011,0.013,-0.001,-0.18,0.31,9.41,-0.12,0.08,-0.38,-0.06,0.19,9.8,1.895,0.0,0.0,0.0,0.0,6.0,1016.87,67.61,-15.52
2025-03-24 18:37:33.231000+00:00,57.49551505220501,,,,345.125,-0.312,-1.25,23.0,-90.188,-8.562,-32.562,0.011,0.013,-0.001,-0.18,0.31,9.41,-0.12,0.08,-0.38,-0.06,0.19,9.8,1.895,1.25,0.0,0.0,0.0,6.0,1016.87,67.61,-15.52
2025-03-24 18:37:34.155000+00:00,57.49551505220501,,,,345.125,-0.312,-1.25,23.0,-90.188,-8.562,-32.562,0.011,0.013,-0.001,-0.18,0.31,9.41,-0.12,0.08,-0.38,-0.06,0.19,9.8,1.895,-2.5,0.0,0.0,0.0,6.0,1016.87,67.61,-15.52
2025-03-24 18:37:35.192000+00:00,57.49551505220501,,,,345.125,-0.312,-1.25,23.0,-90.188,-8.562,-32.562,0.011,0.013,-0.001,-0.18,0.31,9.41,-0.12,0.08,-0.38,-0.06,0.19,9.8,1.895,1.25,0.0,0.0,0.0,6.0,1016.87,67.61,-15.52
2025-03-24 18:37:36.191000+00:00,57.49551505220501,,,,345.125,-0.312,-1.25,23.0,-90.188,-8.562,-32.562,0.011,0.013,-0.001,-0.18,0.31,9.41,-0.12,0.08,-0.38,-0.06,0.19,9.8,1.895,3.75,0.0,0.0,0.0,6.0,1016.87,67.61,-15.52
2025-03-24 18:37:37.215000+00:00,57.49551505220501,,,,345.125,-0.312,-1.25,23.0,-90.188,-8.562,-32.562,0.011,0.013,-0.001,-0.18,0.31,9.41,-0.12,0.08,-0.38,-0.06,0.19,9.8,1.895,1.25,0.0,0.0,0.0,6.0,1016.87,67.61,-15.52
2025-03-24 18:37:38.215000+00:00,57.49551505220501,,,,345.125,-0.312,-1.25,23.0,-90.188,-8.562,-32.562,0.011,0.013,-0.001,-0.18,0.31,9.41,-0.12,0.08,-0.38,-0.06,0.19,9.8,1.895,0.0,0.0,0.0,0.0,6.0,1016.87,67.61,-15.52
2025-03-24 18:37:39.545000+00:00,57.49551505220501,,,,345.125,-0.312,-1.25,23.0,-90.188,-8.562,-32.562,0.011,0.013,-0.001,-0.18,0.31,9.41,-0.12,0.08,-0.38,-0.06,0.19,9.8,1.895,0.0,0.0,0.0,0.0,6.0,1016.87,67.61,-15.52
2025-03-24 18:37:40.165000+00:00,57.49551505220501,,,,345.125,-0.312,-1.25,23.0,-90.188,-8.562,-32.562,0.011,0.013,-0.001,-0.18,0.31,9.41,-0.12,0.08,-0.38,-0.06,0.19,9.8,1.895,1.25,0.0,0.0,0.0,6.0,1016.87,67.61,-15.52
2025-03-24 18:37:41.185000+00:00,57.49551505220501,,,,345.125,-0.312,-1.25,23.0,-90.188,-8.562,-32.562,0.011,0.013,-0.001,-0.18,0.31,9.41,-0.12,0.08,-0.38,-0.06,0.19,9.8,1.895,1.25,0.0,0.0,0.0,6.0,1016.87,67.61,-15.52
2025-03-24 18:37:42.205000+00:00,57.49551505220501,,,,345.125,-0.312,-1.25,23.0,-90.188,-8.562,-32.562,0.011,0.013,-0.001,-0.18,0.31,9.41,-0.12,0.08,-0.38,-0.06,0.19,9.8,1.895,0.0,0.0,0.0,0.0,6.0,1016.87,67.61,-15.52
2025-03-24 18:37:43.215000+00:00,57.49551505220501,,,,345.125,-0.312,-1.25,23.0,-90.188,-8.562,-32.562,0.011,0.013,-0.001,-0.18,0.31,9.41,-0.12,0.08,-0.38,-0.06,0.19,9.8,1.895,-1.25,0.0,0.0,0.0,6.0,1016.87,67.61,-15.52
2025-03-24 18:37:44.205000+00:00,57.49551505220501,,,,345.125,-0.312,-1.25,23.0,-90.188,-8.562,-32.562,0.011,0.013,-0.001,-0.18,0.31,9.41,-0.12,0.08,-0.38,-0.06,0.19,9.8,1.895,-1.25,0.0,0.0,0.0,6.0,1016.87,67.61,-15.52
2025-03-24 18:37:45.215000+00:00,57.49551505220501,,,,345.125,-0.312,-1.25,23.0,-90.188,-8.562,-32.562,0.011,0.013,-0.001,-0.18,0.31,9.41,-0.12,0.08,-0.38,-0.06,0.19,9.8,1.895,0.0,0.0,0.0,0.0,6.0,1016.87,67.61,-15.52
2025-03-24 18:37:46.235000+00:00,57.49551505220501,,,,345.125,-0.312,-1.25,23.0,-90.188,-8.562,-32.562,0.011,0.013,-0.001,-0.18,0.31,9.41,-0.12,0.08,-0.38,-0.06,0.19,9.8,1.895,0.0,0.0,0.0,0.0,6.0,1016.87,67.61,-15.52
2025-03-24 18:37:47.235000+00:00,57.49551505220501,,,,345.125,-0.312,-1.25,23.0,-90.188,-8.562,-32.562,0.011,0.013,-0.001,-0.18,0.31,9.41,-0.12,0.08,-0.38,-0.06,0.19,9.8,1.895,1.25,0.0,0.0,0.0,6.0,1016.87,67.61,-15.52
2025-03-24 18:37:48.348000+00:00,57.49551505220501,,,,345.125,-0.312,-1.25,23.0,-90.188,-8.562,-32.562,0.011,0.013,-0.001,-0.18,0.31,9.41,-0.12,0.08,-0.38,-0.06,0.19,9.8,1.895,-1.25,0.0,0.0,0.0,6.0,1016.87,67.61,-15.52
2025-03-24 18:37:49.335000+00:00,57.49551505220501,,,,345.125,-0.312,-1.25,23.0,-90.188,-8.562,-32.562,0.011,0.013,-0.001,-0.18,0.31,9.41,-0.12,0.08,-0.38,-0.06,0.19,9.8,1.895,0.0,0.0,0.0,0.0,6.0,1016.87,67.61,-15.52
2025-03-24 18:37:50.457000+00:00,57.49551505220501,,,,345.125,-0.312,-1.25,23.0,-90.188,-8.562,-32.562,0.011,0.013,-0.001,-0.18,0.31,9.41,-0.12,0.08,-0.38,-0.06,0.19,9.8,1.895,1.25,0.0,0.0,0.0,6.0,1016.87,67.61,-15.52
2025-03-24 18:37:51.501000+00:00,57.49551505220501,,,,345.125,-0.312,-1.25,23.0,-90.188,-8.562,-32.562,0.011,0.013,-0.001,-0.18,0.31,9.41,-0.12,0.08,-0.38,-0.06,0.19,9.8,1.895,2.5,0.0,0.0,0.0,6.0,1016.87,67.61,-15.52
2025-03-24 18:37:52.644000+00:00,57.49551505220501,,,,345.125,-0.312,-1.25,23.0,-90.188,-8.562,-32.562,0.011,0.013,-0.001,-0.18,0.31,9.41,-0.12,0.08,-0.38,-0.06,0.19,9.8,1.895,1.25,0.0,0.0,0.0,6.0,1016.87,67.61,-15.52
2025-03-24 18:37:53.648000+00:00,57.49551505220501,,,,345.125,-0.312,-1.25,23.0,-90.188,-8.562,-32.562,0.011,0.013,-0.001,-0.18,0.31,9.41,-0.12,0.08,-0.38,-0.06,0.19,9.8,1.895,1.25,0.0,0.0,0.0,6.0,1016.87,67.61,-15.52
2025-03-24 18:37:54.630000+00:00,57.49551505220501,,,,345.125,-0.312,-1.25,23.0,-90.188,-8.562,-32.562,0.011,0.013,-0.001,-0.18,0.31,9.41,-0.12,0.08,-0.38,-0.06,0.19,9.8,1.895,1.25,0.0,0.0,0.0,6.0,1016.87,67.61,-15.52
2025-03-24 18:37:55.629000+00:00,57.49551505220501,,,,345.125,-0.312,-1.25,23.0,-90.188,-8.562,-32.562,0.011,0.013,-0.001,-0.18,0.31,9.41,-0.12,0.08,-0.38,-0.06,0.19,9.8,1.895,0.0,0.0,0.0,0.0,6.0,1016.87,67.61,-15.52
2025-03-24 18:37:56.383000+00:00,57.49551505220501,,,,345.125,-0.312,-1.25,23.0,-90.188,-8.562,-32.562,0.011,0.013,-0.001,-0.18,0.31,9.41,-0.12,0.08,-0.38,-0.06,0.19,9.8,1.895,-1.25,0.0,0.0,0.0,6.0,1016.87,67.61,-15.52
2025-03-24 18:37:57.394000+00:00,57.49551505220501,,,,345.125,-0.312,-1.25,23.0,-90.188,-8.562,-32.562,0.011,0.013,-0.001,-0.18,0.31,9.41,-0.12,0.08,-0.38,-0.06,0.19,9.8,1.895,1.25,0.0,0.0,0.0,6.0,1016.87,67.61,-15.52
2025-03-24 18:37:58.414000+00:00,57.49551505220501,,,,345.125,-0.312,-1.25,23.0,-90.188,-8.562,-32.562,0.011,0.013,-0.001,-0.18,0.31,9.41,-0.12,0.08,-0.38,-0.06,0.19,9.8,1.895,0.0,0.0,0.0,0.0,6.0,1016.87,67.61,-15.52
2025-03-24 18:37:59.413000+00:00,57.49551505220501,,,,345.125,-0.312,-1.25,23.0,-90.188,-8.562,-32.562,0.011,0.013,-0.001,-0.18,0.31,9.41,-0.12,0.08,-0.38,-0.06,0.19,9.8,1.895,0.0,0.0,0.0,0.0,6.0,1016.87,67.61,-15.52
2025-03-24 18:38:00.443000+00:00,57.49551505220501,,,,345.125,-0.312,-1.25,23.0,-90.188,-8.562,-32.562,0.011,0.013,-0.001,-0.18,0.31,9.41,-0.12,0.08,-0.38,-0.06,0.19,9.8,1.895,0.0,0.0,0.0,0.0,6.0,1016.87,67.61,-15.52
2025-03-24 18:38:01.423000+00:00,57.49551505220501,,,,345.125,-0.312,-1.25,23.0,-90.188,-8.562,-32.562,0.011,0.013,-0.001,-0.18,0.31,9.41,-0.12,0.08,-0.38,-0.06,0.19,9.8,1.895,0.0,0.0,0.0,0.0,6.0,1016.87,67.61,-15.52
2025-03-24 18:38:02.454000+00:00,57.49551505220501,,,,345.125,-0.312,-1.25,23.0,-90.188,-8.562,-32.562,0.011,0.013,-0.001,-0.18,0.31,9.41,-0.12,0.08,-0.38,-0.06,0.19,9.8,1.895,2.5,0.0,0.0,0.0,6.0,1016.87,67.61,-15.52
2025-03-24 18:38:03.447000+00:00,57.49551505220501,,,,345.125,-0.312,-1.25,23.0,-90.188,-8.562,-32.562,0.011,0.013,-0.001,-0.18,0.31,9.41,-0.12,0.08,-0.38,-0.06,0.19,9.8,1.895,0.0,0.0,0.0,0.0,6.0,1016.87,67.61,-15.52
2025-03-24 18:38:04.543000+00:00,57.49551505220501,,,,345.125,-0.312,-1.25,23.0,-90.188,-8.562,-32.562,0.011,0.013,-0.001,-0.18,0.31,9.41,-0.12,0.08,-0.38,-0.06,0.19,9.8,1.895,-1.25,0.0,0.0,0.0,6.0,1016.87,67.61,-15.52
2025-03-24 18:38:05.663000+00:00,57.49551505220501,,,,345.125,-0.312,-1.25,23.0,-90.188,-8.562,-32.562,0.011,0.013,-0.001,-0.18,0.31,9.41,-0.12,0.08,-0.38,-0.06,0.19,9.8,1.895,1.25,0.0,0.0,0.0,6.0,1016.87,67.61,-15.52
2025-03-24 18:38:06.693000+00:00,57.49551505220501,,,,345.125,-0.312,-1.25,23.0,-90.188,-8.562,-32.562,0.011,0.013,-0.001,-0.18,0.31,9.41,-0.12,0.08,-0.38,-0.06,0.19,9.8,1.895,-1.25,0.0,0.0,0.0,6.0,1016.87,67.61,-15.52
2025-03-24 18:37:07.307000+00:00,57.49551505220501,,,,345.125,-0.312,-1.25,23.0,-90.188,-8.562,-32.562,0.011,0.013,-0.001,-0.18,0.31,9.41,-0.12,0.08,-0.38,-0.06,0.19,9.8,1.895,-1.25,0.0,0.0,0.0,6.0,1016.87,67.61,-15.52
2025-03-24 18:37:08.358000+00:00,57.49551505220501,,,,345.125,-0.312,-1.25,23.0,-90.188,-8.562,-32.562,0.011,0.013,-0.001,-0.18,0.31,9.41,-0.12,0.08,-0.38,-0.06,0.19,9.8,1.895,-1.25,0.0,0.0,0.0,6.0,1016.87,67.61,-15.52
2025-03-24 18:37:09.107000+00:00,57.49551505220501,,,,345.125,-0.312,-1.25,23.0,-90.188,-8.562,-32.562,0.011,0.013,-0.001,-0.18,0.31,9.41,-0.12,0.08,-0.38,-0.06,0.19,9.8,1.895,-1.25,0.0,0.0,0.0,6.0,1016.87,67.61,-15.52
2025-03-24 18:37:10.336000+00:00,57.49551505220501,,,,345.125,-0.312,-1.25,23.0,-90.188,-8.562,-32.562,0.011,0.013,-0.001,-0.18,0.31,9.41,-0.12,0.08,-0.38,-0.06,0.19,9.8,1.895,-1.25,0.0,0.0,0.0,6.0,1016.87,67.61,-15.52
2025-03-24 18:37:11.297000+00:00,57.49551505220501,,,,345.125,-0.312,-1.25,23.0,-90.188,-8.562,-32.562,0.011,0.013,-0.001,-0.18,0.31,9.41,-0.12,0.08,-0.38,-0.06,0.19,9.8,1.895,-1.25,0.0,0.0,0.0,6.0,1016.87,67.61,-15.52
2025-03-24 18:37:12.368000+00:00,57.49551505220501,,,,345.125,-0.312,-1.25,23.0,-90.188,-8.562,-32.562,0.011,0.013,-0.001,-0.18,0.31,9.41,-0.12,0.08,-0.38,-0.06,0.19,9.8,1.895,-1.25,0.0,0.0,0.0,6.0,1016.87,67.61,-15.52
2025-03-24 18:37:13.436000+00:00,57.49551505220501,,,,345.125,-0.312,-1.25,23.0,-90.188,-8.562,-32.562,0.011,0.013,-0.001,-0.18,0.31,9.41,-0.12,0.08,-0.38,-0.06,0.19,9.8,1.895,-1.25,0.0,0.0,0.0,6.0,1016.87,67.61,-15.52
2025-03-24 18:37:14.167000+00:00,57.49551505220501,,,,345.125,-0.312,-1.25,23.0,-90.188,-8.562,-32.562,0.011,0.013,-0.001,-0.18,0.31,9.41,-0.12,0.08,-0.38,-0.06,0.19,9.8,1.895,-1.25,0.0,0.0,0.0,6.0,1016.87,67.61,-15.52
2025-03-24 18:37:15.136000+00:00,57.49551505220501,,,,345.125,-0.312,-1.25,23.0,-90.188,-8.562,-32.562,0.011,0.013,-0.001,-0.18,0.31,9.41,-0.12,0.08,-0.38,-0.06,0.19,9.8,1.895,-1.25,0.0,0.0,0.0,6.0,1016.87,67.61,-15.52
2025-03-24 18:37:16.136000+00:00,57.49551505220501,,,,345.125,-0.312,-1.25,23.0,-90.188,-8.562,-32.562,0.011,0.013,-0.001,-0.18,0.31,9.41,-0.12,0.08,-0.38,-0.06,0.19,9.8,1.895,-1.25,0.0,0.0,0.0,6.0,1016.87,67.61,-15.52
2025-03-24 18:37:17.136000+00:00,57.49551505220501,,,,345.125,-0.312,-1.25,23.0,-90.188,-8.562,-32.562,0.011,0.013,-0.001,-0.18,0.31,9.41,-0.12,0.08,-0.38,-0.06,0.19,9.8,1.895,-1.25,0.0,0.0,0.0,6.0,1016.87,67.61,-15.52
2025-03-24 18:37:18.146000+00:00,57.49551505220501,,,,345.125,-0.312,-1.25,23.0,-90.188,-8.562,-32.562,0.011,0.013,-0.001,-0.18,0.31,9.41,-0.12,0.08,-0.38,-0.06,0.19,9.8,1.895,-1.25,0.0,0.0,0.0,6.0,1016.87,67.61,-15.52
2025-03-24 18:37:19.235000+00:00,57.49551505220501,,,,345.125,-0.312,-1.25,23.0,-90.188,-8.562,-32.562,0.011,0.013,-0.001,-0.18,0.31,9.41,-0.12,0.08,-0.38,-0.06,0.19,9.8,1.895,-1.25,0.0,0.0,0.0,6.0,1016.87,67.61,-15.52
2025-03-24 18:37:20.397000+00:00,57.49551505220501,,,,345.125,-0.312,-1.25,23.0,-90.188,-8.562,-32.562,0.011,0.013,-0.001,-0.18,0.31,9.41,-0.12,0.08,-0.38,-0.06,0.19,9.8,1.895,-1.25,0.0,0.0,0.0,6.0,1016.87,67.61,-15.52
2025-03-24 18:37:21.402000+00:00,57.49551505220501,,,,345.125,-0.312,-1.25,23.0,-90.188,-8.562,-32.562,0.011,0.013,-0.001,-0.18,0.31,9.41,-0.12,0.08,-0.38,-0.06,0.19,9.8,1.895,-1.25,0.0,0.0,0.0,6.0,1016.87,67.61,-15.52
2025-03-24 18:37:22.452000+00:00,57.49551505220501,,,,345.125,-0.312,-1.25,23.0,-90.188,-8.562,-32.562,0.011,0.013,-0.001,-0.18,0.31,9.41,-0.12,0.08,-0.38,-0.06,0.19,9.8,1.895,-1.25,0.0,0.0,0.0,6.0,1016.87,67.61,-15.52
2025-03-24 18:37:23.426000+00:00,57.49551505220501,,,,345.125,-0.312,-1.25,23.0,-90.188,-8.562,-32.562,0.011,0.013,-0.001,-0.18,0.31,9.41,-0.12,0.08,-0.38,-0.06,0.19,9.8,1.895,-1.25,0.0,0.0,0.0,6.0,1016.87,67.61,-15.52
2025-03-24 18:37:24.162000+00:00,57.49551505220501,,,,345.125,-0.312,-1.25,23.0,-90.188,-8.562,-32.562,0.011,0.013,-0.001,-0.18,0.31,9.41,-0.12,0.08,-0.38,-0.06,0.19,9.8,1.895,-1.25,0.0,0.0,0.0,6.0,1016.87,67.61,-15.52
2025-03-24 18:37:25.169000+00:00,57.49551505220501,,,,345.125,-0.312,-1.25,23.0,-90.188,-8.562,-32.562,0.011,0.013,-0.001,-0.18,0.31,9.41,-0.12,0.08,-0.38,-0.06,0.19,9.8,1.895,-1.25,0.0,0.0,0.0,6.0,1016.87,67.61,-15.52
2025-03-24 18:37:26.170000+00:00,57.49551505220501,,,,345.125,-0.312,-1.25,23.0,-90.188,-8.562,-32.562,0.011,0.013,-0.001,-0.18,0.31,9.41,-0.12,0.08,-0.38,-0.06,0.19,9.8,1.895,-1.25,0.0,0.0,0.0,6.0,1016.87,67.61,-15.52
2025-03-24 18:37:27.176000+00:00,57.49551505220501,,,,345.125,-0.312,-1.25,23.0,-90.188,-8.562,-32.562,0.011,0.013,-0.001,-0.18,0.31,9.41,-0.12,0.08,-0.38,-0.06,0.19,9.8,1.895,-1.25,0.0,0.0,0.0,6.0,1016.87,67.61,-15.52
2025-03-24 18:37:28.315000+00:00,57.49551505220501,,,,345.125,-0.312,-1.25,23.0,-90.188,-8.562,-32.562,0.011,0.013,-0.001,-0.18,0.31,9.41,-0.12,0.08,-0.38,-0.06,0.19,9.8,1.895,-1.25,0.0,0.0,0.0,6.0,1016.87,67.61,-15.52
2025-03-24 18:37:29.375000+00:00,57.49551505220501,,,,345.125,-0.312,-1.25,23.0,-90.188,-8.562,-32.562,0.011,0.013,-0.001,-0.18,0.31,9.41,-0.12,0.08,-0.38,-0.06,0.19,9.8,1.895,-1.25,0.0,0.0,0.0,6.0,1016.87,67.61,-15.52
2025-03-24 18:37:30.495000+00:00,57.49551505220501,,,,345.125,-0.312,-1.25,23.0,-90.188,-8.562,-32.562,0.011,0.013,-0.001,-0.18,0.31,9.41,-0.12,0.08,-0.38,-0.06,0.19,9.8,1.895,-1.25,0.0,0.0,0.0,6.0,1016.87,67.61,-15.52
2025-03-24 18:37:31.486000+00:00,57.49551505220501,,,,345.125,-0.312,-1.25,23.0,-90.188,-8.562,-32.562,0.011,0.013,-0.001,-0.18,0.31,9.41,-0.12,0.08,-0.38,-0.06,0.19,9.8,1.895,-1.25,0.0,0.0,0.0,6.0,1016.87,67.61,-15.52
2025-03-24 18:37:32.535000+00:00,57.49551505220501,,,,345.125,-0.312,-1.25,23.0,-90.188,-8.562,-32.562,0.011,0.013,-0.001,-0.18,0.31,9.41,-0.12,0.08,-0.38,-0.06,0.19,9.8,1.895,-1.25,0.0,0.0,0.0,6.0,1016.87,67.61,-15.52
2025-03-24 18:37:33.346000+00:00,57.49551505220501,,,,345.125,-0.312,-1.25,23.0,-90.188,-8.562,-32.562,0.011,0.013,-0.001,-0.18,0.31,9.41,-0.12,0.08,-0.38,-0.06,0.19,9.8,1.895,-1.25,0.0,0.0,0.0,6.0,1016.87,67.61,-15.52
2025-03-24 18:37:34.254000+00:00,57.49551505220501,,,,345.125,-0.312,-1.25,23.0,-90.188,-8.562,-32.562,0.011,0.013,-0.001,-0.18,0.31,9.41,-0.12,0.08,-0.38,-0.06,0.19,9.8,1.895,-1.25,0.0,0.0,0.0,6.0,1016.87,67.61,-15.52
2025-03-24 18:37:35.308000+00:00,57.49551505220501,,,,345.125,-0.312,-1.25,23.0,-90.188,-8.562,-32.562,0.011,0.013,-0.001,-0.18,0.31,9.41,-0.12,0.08,-0.38,-0.06,0.19,9.8,1.895,-1.25,0.0,0.0,0.0,6.0,1016.87,67.61,-15.52
2025-03-24 18:37:36.311000+00:00,57.49551505220501,,,,345.125,-0.312,-1.25,23.0,-90.188,-8.562,-32.562,0.011,0.013,-0.001,-0.18,0.31,9.41,-0.12,0.08,-0.38,-0.06,0.19,9.8,1.895,-1.25,0.0,0.0,0.0,6.0,1016.87,67.61,-15.52
2025-03-24 18:37:37.325000+00:00,57.49551505220501,,,,345.125,-0.312,-1.25,23.0,-90.188,-8.562,-32.562,0.011,0.013,-0.001,-0.18,0.31,9.41,-0.12,0.08,-0.38,-0.06,0.19,9.8,1.895,-1.25,0.0,0.0,0.0,6.0,1016.87,67.61,-15.52
2025-03-24 18:37:38.331000+00:00,57.49551505220501,,,,345.125,-0.312,-1.25,23.0,-90.188,-8.562,-32.562,0.011,0.013,-0.001,-0.18,0.31,9.41,-0.12,0.08,-0.38,-0.06,0.19,9.8,1.895,-1.25,0.0,0.0,0.0,6.0,1016.87,67.61,-15.52
2025-03-24 18:37:39.651000+00:00,57.49551505220501,,,,345.125,-0.312,-1.25,23.0,-90.188,-8.562,-32.562,0.011,0.013,-0.001,-0.18,0.31,9.41,-0.12,0.08,-0.38,-0.06,0.19,9.8,1.895,-1.25,10.0,0.0,0.0,6.0,1016.87,67.61,-15.52
2025-03-24 18:37:40.282000+00:00,57.49551505220501,,,,345.125,-0.312,-1.25,23.0,-90.188,-8.562,-32.562,0.011,0.013,-0.001,-0.18,0.31,9.41,-0.12,0.08,-0.38,-0.06,0.19,9.8,1.895,-1.25,0.0,0.0,0.0,6.0,1016.87,67.61,-15.52
2025-03-24 18:37:41.292000+00:00,57.49551505220501,,,,345.125,-0.312,-1.25,23.0,-90.188,-8.562,-32.562,0.011,0.013,-0.001,-0.18,0.31,9.41,-0.12,0.08,-0.38,-0.06,0.19,9.8,1.895,-1.25,0.0,0.0,0.0,6.0,1016.87,67.61,-15.52
2025-03-24 18:37:42.309000+00:00,57.49551505220501,,,,345.125,-0.312,-1.25,23.0,-90.188,-8.562,-32.562,0.011,0.013,-0.001,-0.18,0.31,9.41,-0.12,0.08,-0.38,-0.06,0.19,9.8,1.895,-1.25,0.0,0.0,0.0,6.0,1016.87,67.61,-15.52
2025-03-24 18:37:43.320000+00:00,57.49551505220501,,,,345.125,-0.312,-1.25,23.0,-90.188,-8.562,-32.562,0.011,0.013,-0.001,-0.18,0.31,9.41,-0.12,0.08,-0.38,-0.06,0.19,9.8,1.895,-1.25,0.0,0.0,0.0,6.0,1016.87,67.61,-15.52
2025-03-24 18:37:44.311000+00:00,57.49551505220501,,,,345.125,-0.312,-1.25,23.0,-90.188,-8.562,-32.562,0.011,0.013,-0.001,-0.18,0.31,9.41,-0.12,0.08,-0.38,-0.06,0.19,9.8,1.895,-1.25,0.0,0.0,0.0,6.0,1016.87,67.61,-15.52
2025-03-24 18:37:45.324000+00:00,57.49551505220501,,,,345.125,-0.312,-1.25,23.0,-90.188,-8.562,-32.562,0.011,0.013,-0.001,-0.18,0.31,9.41,-0.12,0.08,-0.38,-0.06,0.19,9.8,1.895,-1.25,0.0,0.0,0.0,6.0,1016.87,67.61,-15.52
2025-03-24 18:37:46.335000+00:00,57.49551505220501,,,,345.125,-0.312,-1.25,23.0,-90.188,-8.562,-32.562,0.011,0.013,-0.001,-0.18,0.31,9.41,-0.12,0.08,-0.38,-0.06,0.19,9.8,1.895,-1.25,0.0,0.0,0.0,6.0,1016.87,67.61,-15.52
2025-03-24 18:37:47.344000+00:00,57.49551505220501,,,,345.125,-0.312,-1.25,23.0,-90.188,-8.562,-32.562,0.011,0.013,-0.001,-0.18,0.31,9.41,-0.12,0.08,-0.38,-0.06,0.19,9.8,1.895,-1.25,0.0,0.0,0.0,6.0,1016.87,67.61,-15.52
2025-03-24 18:37:48.451000+00:00,57.49551505220501,,,,345.125,-0.312,-1.25,23.0,-90.188,-8.562,-32.562,0.011,0.013,-0.001,-0.18,0.31,9.41,-0.12,0.08,-0.38,-0.06,0.19,9.8,1.895,-1.25,0.0,0.0,0.0,6.0,1016.87,67.61,-15.52
2025-03-24 18:37:49.445000+00:00,57.49551505220501,,,,345.125,-0.312,-1.25,23.0,-90.188,-8.562,-32.562,0.011,0.013,-0.001,-0.18,0.31,9.41,-0.12,0.08,-0.38,-0.06,0.19,9.8,1.895,-1.25,0.0,0.0,0.0,6.0,1016.87,67.61,-15.52
2025-03-24 18:37:50.560000+00:00,57.49551505220501,,,,345.125,-0.312,-1.25,23.0,-90.188,-8.562,-32.562,0.011,0.013,-0.001,-0.18,0.31,9.41,-0.12,0.08,-0.38,-0.06,0.19,9.8,1.895,-1.25,0.0,0.0,0.0,6.0,1016.87,67.61,-15.52
2025-03-24 18:37:51.610000+00:00,57.49551505220501,,,,345.125,-0.312,-1.25,23.0,-90.188,-8.562,-32.562,0.011,0.013,-0.001,-0.18,0.31,9.41,-0.12,0.08,-0.38,-0.06,0.19,9.8,1.895,-1.25,0.0,0.0,0.0,6.0,1016.87,67.61,-15.52
2025-03-24 18:37:52.760000+00:00,57.49551505220501,,,,345.125,-0.312,-1.25,23.0,-90.188,-8.562,-32.562,0.011,0.013,-0.001,-0.18,0.31,9.41,-0.12,0.08,-0.38,-0.06,0.19,9.8,1.895,-1.25,0.0,0.0,0.0,6.0,1016.87,67.61,-15.52
2025-03-24 18:37:53.749000+00:00,57.49551505220501,,,,345.125,-0.312,-1.25,23.0,-90.188,-8.562,-32.562,0.011,0.013,-0.001,-0.18,0.31,9.41,-0.12,0.08,-0.38,-0.06,0.19,9.8,1.895,-1.25,0.0,0.0,0.0,6.0,1016.87,67.61,-15.52
2025-03-24 18:37:54.750000+00:00,57.49551505220501,,,,345.125,-0.312,-1.25,23.0,-90.188,-8.562,-32.562,0.011,0.013,-0.001,-0.18,0.31,9.41,-0.12,0.08,-0.38,-0.06,0.19,9.8,1.895,-1.25,0.0,0.0,0.0,6.0,1016.87,67.61,-15.52
2025-03-24 18:37:55.730000+00:00,57.49551505220501,,,,345.125,-0.312,-1.25,23.0,-90.188,-8.562,-32.562,0.011,0.013,-0.001,-0.18,0.31,9.41,-0.12,0.08,-0.38,-0.06,0.19,9.8,1.895,-1.25,0.0,0.0,0.0,6.0,1016.87,67.61,-15.52
2025-03-24 18:37:56.484000+00:00,57.49551505220501,,,,345.125,-0.312,-1.25,23.0,-90.188,-8.562,-32.562,0.011,0.013,-0.001,-0.18,0.31,9.41,-0.12,0.08,-0.38,-0.06,0.19,9.8,1.895,-1.25,0.0,0.0,0.0,6.0,1016.87,67.61,-15.52
2025-03-24 18:37:57.494000+00:00,57.49551505220501,,,,345.125,-0.312,-1.25,23.0,-90.188,-8.562,-32.562,0.011,0.013,-0.001,-0.18,0.31,9.41,-0.12,0.08,-0.38,-0.06,0.19,9.8,1.895,-1.25,0.0,0.0,0.0,6.0,1016.87,67.61,-15.52
2025-03-24 18:37:58.513000+00:00,57.49551505220501,,,,345.125,-0.312,-1.25,23.0,-90.188,-8.562,-32.562,0.011,0.013,-0.001,-0.18,0.31,9.41,-0.12,0.08,-0.38,-0.06,0.19,9.8,1.895,-1.25,0.0,0.0,0.0,6.0,1016.87,67.61,-15.52
2025-03-24 18:37:59.522000+00:00,57.49551505220501,,,,345.125,-0.312,-1.25,23.0,-90.188,-8.562,-32.562,0.011,0.013,-0.001,-0.18,0.31,9.41,-0.12,0.08,-0.38,-0.06,0.19,9.8,1.895,-1.25,0.0,0.0,0.0,6.0,1016.87,67.61,-15.52
2025-03-24 18:38:00.553000+00:00,57.49551505220501,,,,345.125,-0.312,-1.25,23.0,-90.188,-8.562,-32.562,0.011,0.013,-0.001,-0.18,0.31,9.41,-0.12,0.08,-0.38,-0.06,0.19,9.8,1.895,-1.25,0.0,0.0,0.0,6.0,1016.87,67.61,-15.52
2025-03-24 18:38:01.523000+00:00,57.49551505220501,,,,345.125,-0.312,-1.25,23.0,-90.188,-8.562,-32.562,0.011,0.013,-0.001,-0.18,0.31,9.41,-0.12,0.08,-0.38,-0.06,0.19,9.8,1.895,-1.25,0.0,0.0,0.0,6.0,1016.87,67.61,-15.52
2025-03-24 18:38:02.562000+00:00,57.49551505220501,,,,345.125,-0.312,-1.25,23.0,-90.188,-8.562,-32.562,0.011,0.013,-0.001,-0.18,0.31,9.41,-0.12,0.08,-0.38,-0.06,0.19,9.8,1.895,-1.25,0.0,0.0,0.0,6.0,1016.87,67.61,-15.52
2025-03-24 18:38:03.550000+00:00,57.49551505220501,,,,345.125,-0.312,-1.25,23.0,-90.188,-8.562,-32.562,0.011,0.013,-0.001,-0.18,0.31,9.41,-0.12,0.08,-0.38,-0.06,0.19,9.8,1.895,-1.25,0.0,0.0,0.0,6.0,1016.87,67.61,-15.52
2025-03-24 18:38:04.643000+00:00,57.49551505220501,,,,345.125,-0.312,-1.25,23.0,-90.188,-8.562,-32.562,0.011,0.013,-0.001,-0.18,0.31,9.41,-0.12,0.08,-0.38,-0.06,0.19,9.8,1.895,-1.25,0.0,0.0,0.0,6.0,1016.87,67.61,-15.52
2025-03-24 18:38:05.763000+00:00,57.49551505220501,,,,345.125,-0.312,-1.25,23.0,-90.188,-8.562,-32.562,0.011,0.013,-0.001,-0.18,0.31,9.41,-0.12,0.08,-0.38,-0.06,0.19,9.8,1.895,-1.25,0.0,0.0,0.0,6.0,1016.87,67.61,-15.52
2025-03-24 18:38:06.803000+00:00,57.49551505220501,,,,345.125,-0.312,-1.25,23.0,-90.188,-8.562,-32.562,0.011,0.013,-0.001,-0.18,0.31,9.41,-0.12,0.08,-0.38,-0.06,0.19,9.8,1.895,-1.25,0.0,0.0,0.0,6.0,1016.87,67.61,-15.52
2025-03-24 18:37:07.838000+00:00,57.49551505220501,,,,345.125,-0.312,-1.25,23.0,-90.188,-8.562,-32.562,0.011,0.013,-0.001,-0.18,0.31,9.41,-0.12,0.08,-0.38,-0.06,0.19,9.8,1.895,-1.25,0.0,0.0,0.0,6.0,1016.87,67.61,-15.52
2025-03-24 18:37:12.897000+00:00,57.49551505220501,,,,345.125,-0.312,-1.25,23.0,-90.188,-8.562,-32.562,0.011,0.013,-0.001,-0.18,0.31,9.41,-0.12,0.08,-0.38,-0.06,0.19,9.8,1.895,-1.25,0.0,0.0,0.0,6.0,1016.87,67.61,-15.52
2025-03-24 18:37:17.965000+00:00,57.49551505220501,,,,345.125,-0.312,-1.25,23.0,-90.188,-8.562,-32.562,0.011,0.013,-0.001,-0.18,0.31,9.41,-0.12,0.08,-0.38,-0.06,0.19,9.8,1.895,-1.25,0.0,0.0,0.0,6.0,1016.87,67.61,-15.52
2025-03-24 18:37:22.619000+00:00,57.49551505220501,,,,345.125,-0.312,-1.25,23.0,-90.188,-8.562,-32.562,0.011,0.013,-0.001,-0.18,0.31,9.41,-0.12,0.08,-0.38,-0.06,0.19,9.8,1.895,-1.25,0.0,0.0,0.0,6.0,1016.87,67.61,-15.52
2025-03-24 18:37:27.806000+00:00,57.49551505220501,,,,345.125,-0.312,-1.25,23.0,-90.188,-8.562,-32.562,0.011,0.013,-0.001,-0.18,0.31,9.41,-0.12,0.08,-0.38,-0.06,0.19,9.8,1.895,-1.25,0.0,0.0,0.0,6.0,1016.87,67.61,-15.52
2025-03-24 18:37:32.620000+00:00,57.49551505220501,,,,345.125,-0.312,-1.25,23.0,-90.188,-8.562,-32.562,0.011,0.013,-0.001,-0.18,0.31,9.41,-0.12,0.08,-0.38,-0.06,0.19,9.8,1.895,-1.25,0.0,0.0,0.0,6.0,1016.87,67.61,-15.52
2025-03-24 18:37:37.765000+00:00,57.49551505220501,,,,345.125,-0.312,-1.25,23.0,-90.188,-8.562,-32.562,0.011,0.013,-0.001,-0.18,0.31,9.41,-0.12,0.08,-0.38,-0.06,0.19,9.8,1.895,-1.25,0.0,0.0,0.0,6.0,1016.87,67.61,-15.52
2025-03-24 18:37:42.711000+00:00,57.49551505220501,,,,345.125,-0.312,-1.25,23.0,-90.188,-8.562,-32.562,0.011,0.013,-0.001,-0.18,0.31,9.41,-0.12,0.08,-0.38,-0.06,0.19,9.8,1.895,-1.25,0.0,0.0,0.0,6.0,1016.87,67.61,-15.52
2025-03-24 18:37:47.914000+00:00,57.49551505220501,,,,345.125,-0.312,-1.25,23.0,-90.188,-8.562,-32.562,0.011,0.013,-0.001,-0.18,0.31,9.41,-0.12,0.08,-0.38,-0.06,0.19,9.8,1.895,-1.25,0.0,0.0,0.0,6.0,1016.87,67.61,-15.52
2025-03-24 18:37:52.816000+00:00,57.49551505220501,,,,345.125,-0.312,-1.25,23.0,-90.188,-8.562,-32.562,0.011,0.013,-0.001,-0.18,0.31,9.41,-0.12,0.08,-0.38,-0.06,0.19,9.8,1.895,-1.25,0.0,0.0,0.0,6.0,1016.87,67.61,-15.52
2025-03-24 18:37:57.848000+00:00,57.49551505220501,,,,345.125,-0.312,-1.25,23.0,-90.188,-8.562,-32.562,0.011,0.013,-0.001,-0.18,0.31,9.41,-0.12,0.08,-0.38,-0.06,0.19,9.8,1.895,-1.25,0.0,0.0,0.0,6.0,1016.87,67.61,-15.52
2025-03-24 18:38:02.623000+00:00,57.49551505220501,,,,345.125,-0.312,-1.25,23.0,-90.188,-8.562,-32.562,0.011,0.013,-0.001,-0.18,0.31,9.41,-0.12,0.08,-0.38,-0.06,0.19,9.8,1.895,-1.25,0.0,0.0,0.0,6.0,1016.87,67.61,-15.52
2025-03-24 18:37:07.957000+00:00,57.49551505220501,,,,345.125,-0.312,-1.25,23.0,-90.188,-8.562,-32.562,0.011,0.013,-0.001,-0.18,0.31,9.41,-0.12,0.08,-0.38,-0.06,0.19,9.8,1.895,-1.25,0.0,0.0,0.0,6.0,1016.87,67.61,-15.52
2025-03-24 18:37:09.857000+00:00,57.49551505220501,,,,345.125,-0.312,-1.25,23.0,-90.188,-8.562,-32.562,0.011,0.013,-0.001,-0.18,0.31,9.41,-0.12,0.08,-0.38,-0.06,0.19,9.8,1.895,-1.25,0.0,0.0,0.0,6.0,1016.87,67.61,-15.52
2025-03-24 18:37:10.897000+00:00,57.49551505220501,,,,345.125,-0.312,-1.25,23.0,-90.188,-8.562,-32.562,0.011,0.013,-0.001,-0.18,0.31,9.41,-0.12,0.08,-0.38,-0.06,0.19,9.8,1.895,-1.25,0.0,0.0,0.0,6.0,1016.87,67.61,-15.52
2025-03-24 18:37:11.902000+00:00,57.49551505220501,,,,345.125,-0.312,-1.25,23.0,-90.188,-8.562,-32.562,0.011,0.013,-0.001,-0.18,0.31,9.41,-0.12,0.08,-0.38,-0.06,0.19,9.8,1.895,-1.25,0.0,0.0,0.0,6.0,1016.87,67.61,-15.52
2025-03-24 18:37:12.957000+00:00,57.49551505220501,,,,345.125,-0.312,-1.25,23.0,-90.188,-8.562,-32.562,0.011,0.013,-0.001,-0.18,0.31,9.41,-0.12,0.08,-0.38,-0.06,0.19,9.8,1.895,-1.25,0.0,0.0,0.0,6.0,1016.87,67.61,-15.52
2025-03-24 18:37:14.223000+00:00,57.49551505220501,,,,345.125,-0.312,-1.25,23.0,-90.188,-8.562,-32.562,0.011,0.013,-0.001,-0.18,0.31,9.41,-0.12,0.08,-0.38,-0.06,0.19,9.8,1.895,-1.25,0.0,0.0,0.0,6.0,1016.87,67.61,-15.52
2025-03-24 18:37:15.237000+00:00,57.49551505220501,,,,345.125,-0.312,-1.25,23.0,-90.188,-8.562,-32.562,0.011,0.013,-0.001,-0.18,0.31,9.41,-0.12,0.08,-0.38,-0.06,0.19,9.8,1.895,-1.25,0.0,0.0,0.0,6.0,1016.87,67.61,-15.52
2025-03-24 18:37:16.250000+00:00,57.49551505220501,,,,345.125,-0.312,-1.25,23.0,-90.188,-8.562,-32.562,0.011,0.013,-0.001,-0.18,0.31,9.41,-0.12,0.08,-0.38,-0.06,0.19,9.8,1.895,-1.25,0.0,0.0,0.0,6.0,1016.87,67.61,-15.52
2025-03-24 18:37:17.287000+00:00,57.49551505220501,,,,345.125,-0.312,-1.25,23.0,-90.188,-8.562,-32.562,0.011,0.013,-0.001,-0.18,0.31,9.41,-0.12,0.08,-0.38,-0.06,0.19,9.8,1.895,-1.25,0.0,0.0,0.0,6.0,1016.87,67.61,-15.52
2025-03-24 18:37:18.435000+00:00,57.49551505220501,,,,345.125,-0.312,-1.25,23.0,-90.188,-8.562,-32.562,0.011,0.013,-0.001,-0.18,0.31,9.41,-0.12,0.08,-0.38,-0.06,0.19,9.8,1.895,-1.25,0.0,0.0,0.0,6.0,1016.87,67.61,-15.52
2025-03-24 18:37:19.579000+00:00,57.49551505220501,,,,345.125,-0.312,-1.25,23.0,-90.188,-8.562,-32.562,0.011,0.013,-0.001,-0.18,0.31,9.41,-0.12,0.08,-0.38,-0.06,0.19,9.8,1.895,-1.25,0.0,0.0,0.0,6.0,1016.87,67.61,-15.52
2025-03-24 18:37:20.996000+00:00,57.49551505220501,,,,345.125,-0.312,-1.25,23.0,-90.188,-8.562,-32.562,0.011,0.013,-0.001,-0.18,0.31,9.41,-0.12,0.08,-0.38,-0.06,0.19,9.8,1.895,-1.25,0.0,0.0,0.0,6.0,1016.87,67.61,-15.52
2025-03-24 18:37:21.996000+00:00,57.49551505220501,,,,345.125,-0.312,-1.25,23.0,-90.188,-8.562,-32.562,0.011,0.013,-0.001,-0.18,0.31,9.41,-0.12,0.08,-0.38,-0.06,0.19,9.8,1.895,-1.25,0.0,0.0,0.0,6.0,1016.87,67.61,-15.52
2025-03-24 18:37:23.026000+00:00,57.49551505220501,,,,345.125,-0.312,-1.25,23.0,-90.188,-8.562,-32.562,0.011,0.013,-0.001,-0.18,0.31,9.41,-0.12,0.08,-0.38,-0.06,0.19,9.8,1.895,-1.25,0.0,0.0,0.0,6.0,1016.87,67.61,-15.52
2025-03-24 18:37:24.222000+00:00,57.49551505220501,,,,345.125,-0.312,-1.25,23.0,-90.188,-8.562,-32.562,0.011,0.013,-0.001,-0.18,0.31,9.41,-0.12,0.08,-0.38,-0.06,0.19,9.8,1.895,-1.25,0.0,0.0,0.0,6.0,1016.87,67.61,-15.52
2025-03-24 18:37:25.216000+00:00,57.49551505220501,,,,345.125,-0.312,-1.25,23.0,-90.188,-8.562,-32.562,0.011,0.013,-0.001,-0.18,0.31,9.41,-0.12,0.08,-0.38,-0.06,0.19,9.8,1.895,-1.25,0.0,0.0,0.0,6.0,1016.87,67.61,-15.52
2025-03-24 18:37:26.269000+00:00,57.49551505220501,,,,345.125,-0.312,-1.25,23.0,-90.188,-8.562,-32.562,0.011,0.013,-0.001,-0.18,0.31,9.41,-0.12,0.08,-0.38,-0.06,0.19,9.8,1.895,-1.25,0.0,0.0,0.0,6.0,1016.87,67.61,-15.52
2025-03-24 18:37:27.423000+00:00,57.49551505220501,,,,345.125,-0.312,-1.25,23.0,-90.188,-8.562,-32.562,0.011,0.013,-0.001,-0.18,0.31,9.41,-0.12,0.08,-0.38,-0.06,0.19,9.8,1.895,-1.25,0.0,0.0,0.0,6.0,1016.87,67.61,-15.52
2025-03-24 18:37:28.582000+00:00,57.49551505220501,,,,345.125,-0.312,-1.25,23.0,-90.188,-8.562,-32.562,0.011,0.013,-0.001,-0.18,0.31,9.41,-0.12,0.08,-0.38,-0.06,0.19,9.8,1.895,-1.25,0.0,0.0,0.0,6.0,1016.87,67.61,-15.52
2025-03-24 18:37:29.713000+00:00,57.49551505220501,,,,345.125,-0.312,-1.25,23.0,-90.188,-8.562,-32.562,0.011,0.013,-0.001,-0.18,0.31,9.41,-0.12,0.08,-0.38,-0.06,0.19,9.8,1.895,-1.25,0.0,0.0,0.0,6.0,1016.87,67.61,-15.52
2025-03-24 18:37:31.076000+00:00,57.49551505220501,,,,345.125,-0.312,-1.25,23.0,-90.188,-8.562,-32.562,0.011,0.013,-0.001,-0.18,0.31,9.41,-0.12,0.08,-0.38,-0.06,0.19,9.8,1.895,-1.25,0.0,0.0,0.0,6.0,1016.87,67.61,-15.52
2025-03-24 18:37:32.106000+00:00,57.49551505220501,,,,345.125,-0.312,-1.25,23.0,-90.188,-8.562,-32.562,0.011,0.013,-0.001,-0.18,0.31,9.41,-0.12,0.08,-0.38,-0.06,0.19,9.8,1.895,-1.25,0.0,0.0,0.0,6.0,1016.87,67.61,-15.52
2025-03-24 18:37:33.173000+00:00,57.49551505220501,,,,345.125,-0.312,-1.25,23.0,-90.188,-8.562,-32.562,0.011,0.013,-0.001,-0.18,0.31,9.41,-0.12,0.08,-0.38,-0.06,0.19,9.8,1.895,-1.25,0.0,0.0,0.0,6.0,1016.87,67.61,-15.52
2025-03-24 18:37:34.305000+00:00,57.49551505220501,,,,345.125,-0.312,-1.25,23.0,-90.188,-8.562,-32.562,0.011,0.013,-0.001,-0.18,0.31,9.41,-0.12,0.08,-0.38,-0.06,0.19,9.8,1.895,-1.25,0.0,0.0,0.0,6.0,1016.87,67.61,-15.52
2025-03-24 18:37:35.372000+00:00,57.49551505220501,,,,345.125,-0.312,-1.25,23.0,-90.188,-8.562,-32.562,0.011,0.013,-0.001,-0.18,0.31,9.41,-0.12,0.08,-0.38,-0.06,0.19,9.8,1.895,-1.25,0.0,0.0,0.0,6.0,1016.87,67.61,-15.52
2025-03-24 18:37:36.404000+00:00,57.49551505220501,,,,345.125,-0.312,-1.25,23.0,-90.188,-8.562,-32.562,0.011,0.013,-0.001,-0.18,0.31,9.41,-0.12,0.08,-0.38,-0.06,0.19,9.8,1.895,-1.25,0.0,0.0,0.0,6.0,1016.87,67.61,-15.52
2025-03-24 18:37:37.451000+00:00,57.49551505220501,,,,345.125,-0.312,-1.25,23.0,-90.188,-8.562,-32.562,0.011,0.013,-0.001,-0.18,0.31,9.41,-0.12,0.08,-0.38,-0.06,0.19,9.8,1.895,-1.25,0.0,0.0,0.0,6.0,1016.87,67.61,-15.52
2025-03-24 18:37:39.175000+00:00,57.49551505220501,,,,345.125,-0.312,-1.25,23.0,-90.188,-8.562,-32.562,0.011,0.013,-0.001,-0.18,0.31,9.41,-0.12,0.08,-0.38,-0.06,0.19,9.8,1.895,-1.25,0.0,0.0,0.0,6.0,1016.87,67.61,-15.52
2025-03-24 18:37:40.386000+00:00,57.49551505220501,,,,345.125,-0.312,-1.25,23.0,-90.188,-8.562,-32.562,0.011,0.013,-0.001,-0.18,0.31,9.41,-0.12,0.08,-0.38,-0.06,0.19,9.8,1.895,-1.25,0.0,0.0,0.0,6.0,1016.87,67.61,-15.52
2025-03-24 18:37:41.401000+00:00,57.49551505220501,,,,345.125,-0.312,-1.25,23.0,-90.188,-8.562,-32.562,0.011,0.013,-0.001,-0.18,0.31,9.41,-0.12,0.08,-0.38,-0.06,0.19,9.8,1.895,-1.25,0.0,0.0,0.0,6.0,1016.87,67.61,-15.52
2025-03-24 18:37:42.404000+00:00,57.49551505220501,,,,345.125,-0.312,-1.25,23.0,-90.188,-8.562,-32.562,0.011,0.013,-0.001,-0.18,0.31,9.41,-0.12,0.08,-0.38,-0.06,0.19,9.8,1.895,-1.25,0.0,0.0,0.0,6.0,1016.87,67.61,-15.52
2025-03-24 18:37:43.414000+00:00,57.49551505220501,,,,345.125,-0.312,-1.25,23.0,-90.188,-8.562,-32.562,0.011,0.013,-0.001,-0.18,0.31,9.41,-0.12,0.08,-0.38,-0.06,0.19,9.8,1.895,-1.25,0.0,0.0,0.0,6.0,1016.87,67.61,-15.52
2025-03-24 18:37:44.364000+00:00,57.49551505220501,,,,345.125,-0.312,-1.25,23.0,-90.188,-8.562,-32.562,0.011,0.013,-0.001,-0.18,0.31,9.41,-0.12,0.08,-0.38,-0.06,0.19,9.8,1.895,-1.25,0.0,0.0,0.0,6.0,1016.87,67.61,-15.52
2025-03-24 18:37:45.381000+00:00,57.49551505220501,,,,345.125,-0.312,-1.25,23.0,-90.188,-8.562,-32.562,0.011,0.013,-0.001,-0.18,0.31,9.41,-0.12,0.08,-0.38,-0.06,0.19,9.8,1.895,-1.25,0.0,0.0,0.0,6.0,1016.87,67.61,-15.52
2025-03-24 18:37:46.408000+00:00,57.49551505220501,,,,345.125,-0.312,-1.25,23.0,-90.188,-8.562,-32.562,0.011,0.013,-0.001,-0.18,0.31,9.41,-0.12,0.08,-0.38,-0.06,0.19,9.8,1.895,-1.25,0.0,0.0,0.0,6.0,1016.87,67.61,-15.52
2025-03-24 18:37:47.594000+00:00,57.49551505220501,,,,345.125,-0.312,-1.25,23.0,-90.188,-8.562,-32.562,0.011,0.013,-0.001,-0.18,0.31,9.41,-0.12,0.08,-0.38,-0.06,0.19,9.8,1.895,-1.25,0.0,0.0,0.0,6.0,1016.87,67.61,-15.52
2025-03-24 18:37:48.597000+00:00,57.49551505220501,,,,345.125,-0.312,-1.25,23.0,-90.188,-8.562,-32.562,0.011,0.013,-0.001,-0.18,0.31,9.41,-0.12,0.08,-0.38,-0.06,0.19,9.8,1.895,-1.25,0.0,0.0,0.0,6.0,1016.87,67.61,-15.52
2025-03-24 18:37:49.742000+00:00,57.49551505220501,,,,345.125,-0.312,-1.25,23.0,-90.188,-8.562,-32.562,0.011,0.013,-0.001,-0.18,0.31,9.41,-0.12,0.08,-0.38,-0.06,0.19,9.8,1.895,-1.25,0.0,0.0,0.0,6.0,1016.87,67.61,-15.52
2025-03-24 18:37:50.814000+00:00,57.49551505220501,,,,345.125,-0.312,-1.25,23.0,-90.188,-8.562,-32.562,0.011,0.013,-0.001,-0.18,0.31,9.41,-0.12,0.08,-0.38,-0.06,0.19,9.8,1.895,-1.25,0.0,0.0,0.0,6.0,1016.87,67.61,-15.52
2025-03-24 18:37:52.324000+00:00,57.49551505220501,,,,345.125,-0.312,-1.25,23.0,-90.188,-8.562,-32.562,0.011,0.013,-0.001,-0.18,0.31,9.41,-0.12,0.08,-0.38,-0.06,0.19,9.8,1.895,-1.25,0.0,0.0,0.0,6.0,1016.87,67.61,-15.52
2025-03-24 18:37:53.322000+00:00,57.49551505220501,,,,345.125,-0.312,-1.25,23.0,-90.188,-8.562,-32.562,0.011,0.013,-0.001,-0.18,0.31,9.41,-0.12,0.08,-0.38,-0.06,0.19,9.8,1.895,-1.25,0.0,0.0,0.0,6.0,1016.87,67.61,-15.52
2025-03-24 18:37:54.315000+00:00,57.49551505220501,,,,345.125,-0.312,-1.25,23.0,-90.188,-8.562,-32.562,0.011,0.013,-0.001,-0.18,0.31,9.41,-0.12,0.08,-0.38,-0.06,0.19,9.8,1.895,-1.25,0.0,0.0,0.0,6.0,1016.87,67.61,-15.52
2025-03-24 18:37:55.324000+00:00,57.49551505220501,,,,345.125,-0.312,-1.25,23.0,-90.188,-8.562,-32.562,0.011,0.013,-0.001,-0.18,0.31,9.41,-0.12,0.08,-0.38,-0.06,0.19,9.8,1.895,-1.25,0.0,0.0,0.0,6.0,1016.87,67.61,-15.52
2025-03-24 18:37:56.534000+00:00,57.49551505220501,,,,345.125,-0.312,-1.25,23.0,-90.188,-8.562,-32.562,0.011,0.013,-0.001,-0.18,0.31,9.41,-0.12,0.08,-0.38,-0.06,0.19,9.8,1.895,-1.25,0.0,0.0,0.0,6.0,1016.87,67.61,-15.52
2025-03-24 18:37:57.544000+00:00,57.49551505220501,,,,345.125,-0.312,-1.25,23.0,-90.188,-8.562,-32.562,0.011,0.013,-0.001,-0.18,0.31,9.41,-0.12,0.08,-0.38,-0.06,0.19,9.8,1.895,-1.25,0.0,0.0,0.0,6.0,1016.87,67.61,-15.52
2025-03-24 18:37:58.570000+00:00,57.49551505220501,,,,345.125,-0.312,-1.25,23.0,-90.188,-8.562,-32.562,0.011,0.013,-0.001,-0.18,0.31,9.41,-0.12,0.08,-0.38,-0.06,0.19,9.8,1.895,-1.25,0.0,0.0,0.0,6.0,1016.87,67.61,-15.52
2025-03-24 18:37:59.574000+00:00,57.49551505220501,,,,345.125,-0.312,-1.25,23.0,-90.188,-8.562,-32.562,0.011,0.013,-0.001,-0.18,0.31,9.41,-0.12,0.08,-0.38,-0.06,0.19,9.8,1.895,-1.25,0.0,0.0,0.0,6.0,1016.87,67.61,-15.52
2025-03-24 18:38:00.603000+00:00,57.49551505220501,,,,345.125,-0.312,-1.25,23.0,-90.188,-8.562,-32.562,0.011,0.013,-0.001,-0.18,0.31,9.41,-0.12,0.08,-0.38,-0.06,0.19,9.8,1.895,-1.25,0.0,0.0,0.0,6.0,1016.87,67.61,-15.52
2025-03-24 18:38:01.572000+00:00,57.49551505220501,,,,345.125,-0.312,-1.25,23.0,-90.188,-8.562,-32.562,0.011,0.013,-0.001,-0.18,0.31,9.41,-0.12,0.08,-0.38,-0.06,0.19,9.8,1.895,-1.25,0.0,0.0,0.0,6.0,1016.87,67.61,-15.52
2025-03-24 18:38:02.688000+00:00,57.49551505220501,,,,345.125,-0.312,-1.25,23.0,-90.188,-8.562,-32.562,0.011,0.013,-0.001,-0.18,0.31,9.41,-0.12,0.08,-0.38,-0.06,0.19,9.8,1.895,-1.25,0.0,0.0,0.0,6.0,1016.87,67.61,-15.52
2025-03-24 18:38:03.835000+00:00,57.49551505220501,,,,345.125,-0.312,-1.25,23.0,-90.188,-8.562,-32.562,0.011,0.013,-0.001,-0.18,0.31,9.41,-0.12,0.08,-0.38,-0.06,0.19,9.8,1.895,-1.25,0.0,0.0,0.0,6.0,1016.87,67.61,-15.52
2025-03-24 18:38:04.986000+00:00,57.49551505220501,,,,345.125,-0.312,-1.25,23.0,-90.188,-8.562,-32.562,0.011,0.013,-0.001,-0.18,0.31,9.41,-0.12,0.08,-0.38,-0.06,0.19,9.8,1.895,-1.25,0.0,0.0,0.0,6.0,1016.87,67.61,-15.52
2025-03-24 18:38:06.029000+00:00,57.49551505220501,,,,345.125,-0.312,-1.25,23.0,-90.188,-8.562,-32.562,0.011,0.013,-0.001,-0.18,0.31,9.41,-0.12,0.08,-0.38,-0.06,0.19,9.8,1.895,-1.25,0.0,0.0,0.0,6.0,1016.87,67.61,-15.52
2025-03-24 18:37:08.007000+00:00,57.49551505220501,,,,345.125,-0.312,-1.25,23.0,-90.188,-8.562,-32.562,0.011,0.013,-0.001,-0.18,0.31,9.41,-0.12,0.08,-0.38,-0.06,0.19,9.8,1.895,-1.25,0.0,0.0,0.0,6.0,1016.87,67.61,-15.52
2025-03-24 18:37:09.907000+00:00,57.49551505220501,,,,345.125,-0.312,-1.25,23.0,-90.188,-8.562,-32.562,0.011,0.013,-0.001,-0.18,0.31,9.41,-0.12,0.08,-0.38,-0.06,0.19,9.8,1.895,-1.25,0.0,0.0,0.0,6.0,1016.87,67.61,-15.52
2025-03-24 18:37:10.946000+00:00,57.49551505220501,,,,345.125,-0.312,-1.25,23.0,-90.188,-8.562,-32.562,0.011,0.013,-0.001,-0.18,0.31,9.41,-0.12,0.08,-0.38,-0.06,0.19,9.8,1.895,-1.25,0.0,0.0,0.0,6.0,1016.87,67.61,-15.52
2025-03-24 18:37:11.946000+00:00,57.49551505220501,,,,345.125,-0.312,-1.25,23.0,-90.188,-8.562,-32.562,0.011,0.013,-0.001,-0.18,0.31,9.41,-0.12,0.08,-0.38,-0.06,0.19,9.8,1.895,-1.25,0.0,0.0,0.0,6.0,1016.87,67.61,-15.52
2025-03-24 18:37:13.007000+00:00,57.49551505220501,,,,345.125,-0.312,-1.25,23.0,-90.188,-8.562,-32.562,0.011,0.013,-0.001,-0.18,0.31,9.41,-0.12,0.08,-0.38,-0.06,0.19,9.8,1.895,-1.25,0.0,0.0,0.0,6.0,1016.87,67.61,-15.52
2025-03-24 18:37:14.283000+00:00,57.49551505220501,,,,345.125,-0.312,-1.25,23.0,-90.188,-8.562,-32.562,0.011,0.013,-0.001,-0.18,0.31,9.41,-0.12,0.08,-0.38,-0.06,0.19,9.8,1.895,-1.25,0.0,0.0,0.0,6.0,1016.87,67.61,-15.52
2025-03-24 18:37:15.287000+00:00,57.49551505220501,,,,345.125,-0.312,-1.25,23.0,-90.188,-8.562,-32.562,0.011,0.013,-0.001,-0.18,0.31,9.41,-0.12,0.08,-0.38,-0.06,0.19,9.8,1.895,-1.25,0.0,0.0,0.0,6.0,1016.87,67.61,-15.52
2025-03-24 18:37:16.306000+00:00,57.49551505220501,,,,345.125,-0.312,-1.25,23.0,-90.188,-8.562,-32.562,0.011,0.013,-0.001,-0.18,0.31,9.41,-0.12,0.08,-0.38,-0.06,0.19,9.8,1.895,-1.25,0.0,0.0,0.0,6.0,1016.87,67.61,-15.52
2025-03-24 18:37:17.340000+00:00,57.49551505220501,,,,345.125,-0.312,-1.25,23.0,-90.188,-8.562,-32.562,0.011,0.013,-0.001,-0.18,0.31,9.41,-0.12,0.08,-0.38,-0.06,0.19,9.8,1.895,-1.25,0.0,0.0,0.0,6.0,1016.87,67.61,-15.52
2025-03-24 18:37:18.487000+00:00,57.49551505220501,,,,345.125,-0.312,-1.25,23.0,-90.188,-8.562,-32.562,0.011,0.013,-0.001,-0.18,0.31,9.41,-0.12,0.08,-0.38,-0.06,0.19,9.8,1.895,-1.25,0.0,0.0,0.0,6.0,1016.87,67.61,-15.52
2025-03-24 18:37:19.643000+00:00,57.49551505220501,,,,345.125,-0.312,-1.25,23.0,-90.188,-8.562,-32.562,0.011,0.013,-0.001,-0.18,0.31,9.41,-0.12,0.08,-0.38,-0.06,0.19,9.8,1.895,-1.25,0.0,0.0,0.0,6.0,1016.87,67.61,-15.52
2025-03-24 18:37:21.046000+00:00,57.49551505220501,,,,345.125,-0.312,-1.25,23.0,-90.188,-8.562,-32.562,0.011,0.013,-0.001,-0.18,0.31,9.41,-0.12,0.08,-0.38,-0.06,0.19,9.8,1.895,-1.25,0.0,0.0,0.0,6.0,1016.87,67.61,-15.52
2025-03-24 18:37:22.046000+00:00,57.49551505220501,,,,345.125,-0.312,-1.25,23.0,-90.188,-8.562,-32.562,0.011,0.013,-0.001,-0.18,0.31,9.41,-0.12,0.08,-0.38,-0.06,0.19,9.8,1.895,-1.25,0.0,0.0,0.0,6.0,1016.87,67.61,-15.52
2025-03-24 18:37:23.076000+00:00,57.49551505220501,,,,345.125,-0.312,-1.25,23.0,-90.188,-8.562,-32.562,0.011,0.013,-0.001,-0.18,0.31,9.41,-0.12,0.08,-0.38,-0.06,0.19,9.8,1.895,-1.25,0.0,0.0,0.0,6.0,1016.87,67.61,-15.52
2025-03-24 18:37:24.282000+00:00,57.49551505220501,,,,345.125,-0.312,-1.25,23.0,-90.188,-8.562,-32.562,0.011,0.013,-0.001,-0.18,0.31,9.41,-0.12,0.08,-0.38,-0.06,0.19,9.8,1.895,-1.25,0.0,0.0,0.0,6.0,1016.87,67.61,-15.52
2025-03-24 18:37:25.267000+00:00,57.49551505220501,,,,345.125,-0.312,-1.25,23.0,-90.188,-8.562,-32.562,0.011,0.013,-0.001,-0.18,0.31,9.41,-0.12,0.08,-0.38,-0.06,0.19,9.8,1.895,-1.25,0.0,0.0,0.0,6.0,1016.87,67.61,-15.52
2025-03-24 18:37:26.321000+00:00,57.49551505220501,,,,345.125,-0.312,-1.25,23.0,-90.188,-8.562,-32.562,0.011,0.013,-0.001,-0.18,0.31,9.41,-0.12,0.08,-0.38,-0.06,0.19,9.8,1.895,-1.25,0.0,0.0,0.0,6.0,1016.87,67.61,-15.52
2025-03-24 18:37:27.482000+00:00,57.49551505220501,,,,345.125,-0.312,-1.25,23.0,-90.188,-8.562,-32.562,0.011,0.013,-0.001,-0.18,0.31,9.41,-0.12,0.08,-0.38,-0.06,0.19,9.8,1.895,-1.25,0.0,0.0,0.0,6.0,1016.87,67.61,-15.52
2025-03-24 18:37:28.633000+00:00,57.49551505220501,,,,345.125,-0.312,-1.25,23.0,-90.188,-8.562,-32.562,0.011,0.013,-0.001,-0.18,0.31,9.41,-0.12,0.08,-0.38,-0.06,0.19,9.8,1.895,-1.25,0.0,0.0,0.0,6.0,1016.87,67.61,-15.52
2025-03-24 18:37:29.765000+00:00,57.49551505220501,,,,345.125,-0.312,-1.25,23.0,-90.188,-8.562,-32.562,0.011,0.013,-0.001,-0.18,0.31,9.41,-0.12,0.08,-0.38,-0.06,0.19,9.8,1.895,-1.25,0.0,0.0,0.0,6.0,1016.87,67.61,-15.52
2025-03-24 18:37:31.135000+00:00,57.49551505220501,,,,345.125,-0.312,-1.25,23.0,-90.188,-8.562,-32.562,0.011,0.013,-0.001,-0.18,0.31,9.41,-0.12,0.08,-0.38,-0.06,0.19,9.8,1.895,-1.25,0.0,0.0,0.0,6.0,1016.87,67.61,-15.52
2025-03-24 18:37:32.165000+00:00,57.49551505220501,,,,345.125,-0.312,-1.25,23.0,-90.188,-8.562,-32.562,0.011,0.013,-0.001,-0.18,0.31,9.41,-0.12,0.08,-0.38,-0.06,0.19,9.8,1.895,-1.25,0.0,0.0,0.0,6.0,1016.87,67.61,-15.52
2025-03-24 18:37:33.395000+00:00,57.49551505220501,,,,345.125,-0.312,-1.25,23.0,-90.188,-8.562,-32.562,0.011,0.013,-0.001,-0.18,0.31,9.41,-0.12,0.08,-0.38,-0.06,0.19,9.8,1.895,-1.25,0.0,0.0,0.0,6.0,1016.87,67.61,-15.52
2025-03-24 18:37:34.361000+00:00,57.49551505220501,,,,345.125,-0.312,-1.25,23.0,-90.188,-8.562,-32.562,0.011,0.013,-0.001,-0.18,0.31,9.41,-0.12,0.08,-0.38,-0.06,0.19,9.8,1.895,-1.25,0.0,0.0,0.0,6.0,1016.87,67.61,-15.52
2025-03-24 18:37:35.432000+00:00,57.49551505220501,,,,345.125,-0.312,-1.25,23.0,-90.188,-8.562,-32.562,0.011,0.013,-0.001,-0.18,0.31,9.41,-0.12,0.08,-0.38,-0.06,0.19,9.8,1.895,-1.25,0.0,0.0,0.0,6.0,1016.87,67.61,-15.52
2025-03-24 18:37:36.457000+00:00,57.49551505220501,,,,345.125,-0.312,-1.25,23.0,-90.188,-8.562,-32.562,0.011,0.013,-0.001,-0.18,0.31,9.41,-0.12,0.08,-0.38,-0.06,0.19,9.8,1.895,-1.25,0.0,0.0,0.0,6.0,1016.87,67.61,-15.52
2025-03-24 18:37:37.504000+00:00,57.49551505220501,,,,345.125,-0.312,-1.25,23.0,-90.188,-8.562,-32.562,0.011,0.013,-0.001,-0.18,0.31,9.41,-0.12,0.08,-0.38,-0.06,0.19,9.8,1.895,-1.25,0.0,0.0,0.0,6.0,1016.87,67.61,-15.52
2025-03-24 18:37:39.231000+00:00,57.49551505220501,,,,345.125,-0.312,-1.25,23.0,-90.188,-8.562,-32.562,0.011,0.013,-0.001,-0.18,0.31,9.41,-0.12,0.08,-0.38,-0.06,0.19,9.8,1.895,-1.25,0.0,0.0,0.0,6.0,1016.87,67.61,-15.52
2025-03-24 18:37:40.435000+00:00,57.49551505220501,,,,345.125,-0.312,-1.25,23.0,-90.188,-8.562,-32.562,0.011,0.013,-0.001,-0.18,0.31,9.41,-0.12,0.08,-0.38,-0.06,0.19,9.8,1.895,-1.25,0.0,0.0,0.0,6.0,1016.87,67.61,-15.52
2025-03-24 18:37:41.461000+00:00,57.49551505220501,,,,345.125,-0.312,-1.25,23.0,-90.188,-8.562,-32.562,0.011,0.013,-0.001,-0.18,0.31,9.41,-0.12,0.08,-0.38,-0.06,0.19,9.8,1.895,-1.25,0.0,0.0,0.0,6.0,1016.87,67.61,-15.52
2025-03-24 18:37:42.455000+00:00,57.49551505220501,,,,345.125,-0.312,-1.25,23.0,-90.188,-8.562,-32.562,0.011,0.013,-0.001,-0.18,0.31,9.41,-0.12,0.08,-0.38,-0.06,0.19,9.8,1.895,-1.25,0.0,0.0,0.0,6.0,1016.87,67.61,-15.52
2025-03-24 18:37:43.475000+00:00,57.49551505220501,,,,345.125,-0.312,-1.25,23.0,-90.188,-8.562,-32.562,0.011,0.013,-0.001,-0.18,0.31,9.41,-0.12,0.08,-0.38,-0.06,0.19,9.8,1.895,-1.25,0.0,0.0,0.0,6.0,1016.87,67.61,-15.52
2025-03-24 18:37:44.415000+00:00,57.49551505220501,,,,345.125,-0.312,-1.25,23.0,-90.188,-8.562,-32.562,0.011,0.013,-0.001,-0.18,0.31,9.41,-0.12,0.08,-0.38,-0.06,0.19,9.8,1.895,-1.25,0.0,0.0,0.0,6.0,1016.87,67.61,-15.52
2025-03-24 18:37:45.441000+00:00,57.49551505220501,,,,345.125,-0.312,-1.25,23.0,-90.188,-8.562,-32.562,0.011,0.013,-0.001,-0.18,0.31,9.41,-0.12,0.08,-0.38,-0.06,0.19,9.8,1.895,-1.25,0.0,0.0,0.0,6.0,1016.87,67.61,-15.52
2025-03-24 18:37:46.455000+00:00,57.49551505220501,,,,345.125,-0.312,-1.25,23.0,-90.188,-8.562,-32.562,0.011,0.013,-0.001,-0.18,0.31,9.41,-0.12,0.08,-0.38,-0.06,0.19,9.8,1.895,-1.25,0.0,0.0,0.0,6.0,1016.87,67.61,-15.52
2025-03-24 18:37:47.660000+00:00,57.49551505220501,,,,345.125,-0.312,-1.25,23.0,-90.188,-8.562,-32.562,0.011,0.013,-0.001,-0.18,0.31,9.41,-0.12,0.08,-0.38,-0.06,0.19,9.8,1.895,-1.25,0.0,0.0,0.0,6.0,1016.87,67.61,-15.52
2025-03-24 18:37:48.648000+00:00,57.49551505220501,,,,345.125,-0.312,-1.25,23.0,-90.188,-8.562,-32.562,0.011,0.013,-0.001,-0.18,0.31,9.41,-0.12,0.08,-0.38,-0.06,0.19,9.8,1.895,-1.25,0.0,0.0,0.0,6.0,1016.87,67.61,-15.52
2025-03-24 18:37:49.793000+00:00,57.49551505220501,,,,345.125,-0.312,-1.25,23.0,-90.188,-8.562,-32.562,0.011,0.013,-0.001,-0.18,0.31,9.41,-0.12,0.08,-0.38,-0.06,0.19,9.8,1.895,-1.25,0.0,0.0,0.0,6.0,1016.87,67.61,-15.52
2025-03-24 18:37:50.870000+00:00,57.49551505220501,,,,345.125,-0.312,-1.25,23.0,-90.188,-8.562,-32.562,0.011,0.013,-0.001,-0.18,0.31,9.41,-0.12,0.08,-0.38,-0.06,0.19,9.8,1.895,-1.25,0.0,0.0,0.0,6.0,1016.87,67.61,-15.52
2025-03-24 18:37:52.380000+00:00,57.49551505220501,,,,345.125,-0.312,-1.25,23.0,-90.188,-8.562,-32.562,0.011,0.013,-0.001,-0.18,0.31,9.41,-0.12,0.08,-0.38,-0.06,0.19,9.8,1.895,-1.25,0.0,0.0,0.0,6.0,1016.87,67.61,-15.52
2025-03-24 18:37:53.374000+00:00,57.49551505220501,,,,345.125,-0.312,-1.25,23.0,-90.188,-8.562,-32.562,0.011,0.013,-0.001,-0.18,0.31,9.41,-0.12,0.08,-0.38,-0.06,0.19,9.8,1.895,-1.25,0.0,0.0,0.0,6.0,1016.87,67.61,-15.52
2025-03-24 18:37:54.364000+00:00,57.49551505220501,,,,345.125,-0.312,-1.25,23.0,-90.188,-8.562,-32.562,0.011,0.013,-0.001,-0.18,0.31,9.41,-0.12,0.08,-0.38,-0.06,0.19,9.8,1.895,-1.25,0.0,0.0,0.0,6.0,1016.87,67.61,-15.52
2025-03-24 18:37:55.373000+00:00,57.49551505220501,,,,345.125,-0.312,-1.25,23.0,-90.188,-8.562,-32.562,0.011,0.013,-0.001,-0.18,0.31,9.41,-0.12,0.08,-0.38,-0.06,0.19,9.8,1.895,-1.25,0.0,0.0,0.0,6.0,1016.87,67.61,-15.52
2025-03-24 18:37:56.584000+00:00,57.49551505220501,,,,345.125,-0.312,-1.25,23.0,-90.188,-8.562,-32.562,0.011,0.013,-0.001,-0.18,0.31,9.41,-0.12,0.08,-0.38,-0.06,0.19,9.8,1.895,-1.25,0.0,0.0,0.0,6.0,1016.87,67.61,-15.52
2025-03-24 18:37:57.594000+00:00,57.49551505220501,,,,345.125,-0.312,-1.25,23.0,-90.188,-8.562,-32.562,0.011,0.013,-0.001,-0.18,0.31,9.41,-0.12,0.08,-0.38,-0.06,0.19,9.8,1.895,-1.25,0.0,0.0,0.0,6.0,1016.87,67.61,-15.52
2025-03-24 18:37:58.626000+00:00,57.49551505220501,,,,345.125,-0.312,-1.25,23.0,-90.188,-8.562,-32.562,0.011,0.013,-0.001,-0.18,0.31,9.41,-0.12,0.08,-0.38,-0.06,0.19,9.8,1.895,-1.25,0.0,0.0,0.0,6.0,1016.87,67.61,-15.52
2025-03-24 18:37:59.627000+00:00,57.49551505220501,,,,345.125,-0.312,-1.25,23.0,-90.188,-8.562,-32.562,0.011,0.013,-0.001,-0.18,0.31,9.41,-0.12,0.08,-0.38,-0.06,0.19,9.8,1.895,-1.25,0.0,0.0,0.0,6.0,1016.87,67.61,-15.52
2025-03-24 18:38:00.663000+00:00,57.49551505220501,,,,345.125,-0.312,-1.25,23.0,-90.188,-8.562,-32.562,0.011,0.013,-0.001,-0.18,0.31,9.41,-0.12,0.08,-0.38,-0.06,0.19,9.8,1.895,-1.25,0.0,0.0,0.0,6.0,1016.87,67.61,-15.52
2025-03-24 18:38:01.623000+00:00,57.49551505220501,,,,345.125,-0.312,-1.25,23.0,-90.188,-8.562,-32.562,0.011,0.013,-0.001,-0.18,0.31,9.41,-0.12,0.08,-0.38,-0.06,0.19,9.8,1.895,-1.25,0.0,0.0,0.0,6.0,1016.87,67.61,-15.52
2025-03-24 18:38:02.741000+00:00,57.49551505220501,,,,345.125,-0.312,-1.25,23.0,-90.188,-8.562,-32.562,0.011,0.013,-0.001,-0.18,0.31,9.41,-0.12,0.08,-0.38,-0.06,0.19,9.8,1.895,-1.25,0.0,0.0,0.0,6.0,1016.87,67.61,-15.52
2025-03-24 18:38:03.882000+00:00,57.49551505220501,,,,345.125,-0.312,-1.25,23.0,-90.188,-8.562,-32.562,0.011,0.013,-0.001,-0.18,0.31,9.41,-0.12,0.08,-0.38,-0.06,0.19,9.8,1.895,-1.25,0.0,0.0,0.0,6.0,1016.87,67.61,-15.52
2025-03-24 18:38:05.037000+00:00,57.49551505220501,,,,345.125,-0.312,-1.25,23.0,-90.188,-8.562,-32.562,0.011,0.013,-0.001,-0.18,0.31,9.41,-0.12,0.08,-0.38,-0.06,0.19,9.8,1.895,-1.25,0.0,0.0,0.0,6.0,1016.87,67.61,-15.52
2025-03-24 18:38:06.074000+00:00,57.49551505220501,,,,345.125,-0.312,-1.25,23.0,-90.188,-8.562,-32.562,0.011,0.013,-0.001,-0.18,0.31,9.41,-0.12,0.08,-0.38,-0.06,0.19,9.8,1.895,-1.25,0.0,0.0,0.0,6.0,1016.87,67.61,-15.52
2025-03-24 18:37:08.157000+00:00,57.49551505220501,,,,345.125,-0.312,-1.25,23.0,-90.188,-8.562,-32.562,0.011,0.013,-0.001,-0.18,0.31,9.41,-0.12,0.08,-0.38,-0.06,0.19,9.8,1.895,-1.25,0.0,0.0,0.0,6.0,1016.87,67.61,-15.52
2025-03-24 18:37:10.067000+00:00,57.49551505220501,,,,345.125,-0.312,-1.25,23.0,-90.188,-8.562,-32.562,0.011,0.013,-0.001,-0.18,0.31,9.41,-0.12,0.08,-0.38,-0.06,0.19,9.8,1.895,-1.25,0.0,0.0,0.0,6.0,1016.87,67.61,-15.52
2025-03-24 18:37:11.097000+00:00,57.49551505220501,,,,345.125,-0.312,-1.25,23.0,-90.188,-8.562,-32.562,0.011,0.013,-0.001,-0.18,0.31,9.41,-0.12,0.08,-0.38,-0.06,0.19,9.8,1.895,-1.25,0.0,0.0,0.0,6.0,1016.87,67.61,-15.52
2025-03-24 18:37:12.103000+00:00,57.49551505220501,,,,345.125,-0.312,-1.25,23.0,-90.188,-8.562,-32.562,0.011,0.013,-0.001,-0.18,0.31,9.41,-0.12,0.08,-0.38,-0.06,0.19,9.8,1.895,-1.25,0.0,0.0,0.0,6.0,1016.87,67.61,-15.52
2025-03-24 18:37:13.157000+00:00,57.49551505220501,,,,345.125,-0.312,-1.25,23.0,-90.188,-8.562,-32.562,0.011,0.013,-0.001,-0.18,0.31,9.41,-0.12,0.08,-0.38,-0.06,0.19,9.8,1.895,-1.25,0.0,0.0,0.0,6.0,1016.87,67.61,-15.52
2025-03-24 18:37:14.456000+00:00,57.49551505220501,,,,345.125,-0.312,-1.25,23.0,-90.188,-8.562,-32.562,0.011,0.013,-0.001,-0.18,0.31,9.41,-0.12,0.08,-0.38,-0.06,0.19,9.8,1.895,-1.25,0.0,0.0,0.0,6.0,1016.87,67.61,-15.52
2025-03-24 18:37:15.437000+00:00,57.49551505220501,,,,345.125,-0.312,-1.25,23.0,-90.188,-8.562,-32.562,0.011,0.013,-0.001,-0.18,0.31,9.41,-0.12,0.08,-0.38,-0.06,0.19,9.8,1.895,-1.25,0.0,0.0,0.0,6.0,1016.87,67.61,-15.52
2025-03-24 18:37:16.462000+00:00,57.49551505220501,,,,345.125,-0.312,-1.25,23.0,-90.188,-8.562,-32.562,0.011,0.013,-0.001,-0.18,0.31,9.41,-0.12,0.08,-0.38,-0.06,0.19,9.8,1.895,-1.25,0.0,0.0,0.0,6.0,1016.87,67.61,-15.52
2025-03-24 18:37:17.487000+00:00,57.49551505220501,,,,345.125,-0.312,-1.25,23.0,-90.188,-8.562,-32.562,0.011,0.013,-0.001,-0.18,0.31,9.41,-0.12,0.08,-0.38,-0.06,0.19,9.8,1.895,-1.25,0.0,0.0,0.0,6.0,1016.87,67.61,-15.52
2025-03-24 18:37:18.642000+00:00,57.49551505220501,,,,345.125,-0.312,-1.25,23.0,-90.188,-8.562,-32.562,0.011,0.013,-0.001,-0.18,0.31,9.41,-0.12,0.08,-0.38,-0.06,0.19,9.8,1.895,-1.25,0.0,0.0,0.0,6.0,1016.87,67.61,-15.52
2025-03-24 18:37:19.803000+00:00,57.49551505220501,,,,345.125,-0.312,-1.25,23.0,-90.188,-8.562,-32.562,0.011,0.013,-0.001,-0.18,0.31,9.41,-0.12,0.08,-0.38,-0.06,0.19,9.8,1.895,-1.25,0.0,0.0,0.0,6.0,1016.87,67.61,-15.52
2025-03-24 18:37:21.196000+00:00,57.49551505220501,,,,345.125,-0.312,-1.25,23.0,-90.188,-8.562,-32.562,0.011,0.013,-0.001,-0.18,0.31,9.41,-0.12,0.08,-0.38,-0.06,0.19,9.8,1.895,-1.25,0.0,0.0,0.0,6.0,1016.87,67.61,-15.52
2025-03-24 18:37:22.213000+00:00,57.49551505220501,,,,345.125,-0.312,-1.25,23.0,-90.188,-8.562,-32.562,0.011,0.013,-0.001,-0.18,0.31,9.41,-0.12,0.08,-0.38,-0.06,0.19,9.8,1.895,-1.25,0.0,0.0,0.0,6.0,1016.87,67.61,-15.52
2025-03-24 18:37:23.226000+00:00,57.49551505220501,,,,345.125,-0.312,-1.25,23.0,-90.188,-8.562,-32.562,0.011,0.013,-0.001,-0.18,0.31,9.41,-0.12,0.08,-0.38,-0.06,0.19,9.8,1.895,-1.25,0.0,0.0,0.0,6.0,1016.87,67.61,-15.52
2025-03-24 18:37:24.445000+00:00,57.49551505220501,,,,345.125,-0.312,-1.25,23.0,-90.188,-8.562,-32.562,0.011,0.013,-0.001,-0.18,0.31,9.41,-0.12,0.08,-0.38,-0.06,0.19,9.8,1.895,-1.25,0.0,0.0,0.0,6.0,1016.87,67.61,-15.52
2025-03-24 18:37:25.432000+00:00,57.49551505220501,,,,345.125,-0.312,-1.25,23.0,-90.188,-8.562,-32.562,0.011,0.013,-0.001,-0.18,0.31,9.41,-0.12,0.08,-0.38,-0.06,0.19,9.8,1.895,-1.25,0.0,0.0,0.0,6.0,1016.87,67.61,-15.52
2025-03-24 18:37:26.492000+00:00,57.49551505220501,,,,345.125,-0.312,-1.25,23.0,-90.188,-8.562,-32.562,0.011,0.013,-0.001,-0.18,0.31,9.41,-0.12,0.08,-0.38,-0.06,0.19,9.8,1.895,-1.25,0.0,0.0,0.0,6.0,1016.87,67.61,-15.52
2025-03-24 18:37:27.655000+00:00,57.49551505220501,,,,345.125,-0.312,-1.25,23.0,-90.188,-8.562,-32.562,0.011,0.013,-0.001,-0.18,0.31,9.41,-0.12,0.08,-0.38,-0.06,0.19,9.8,1.895,-1.25,0.0,0.0,0.0,6.0,1016.87,67.61,-15.52
2025-03-24 18:37:28.795000+00:00,57.49551505220501,,,,345.125,-0.312,-1.25,23.0,-90.188,-8.562,-32.562,0.011,0.013,-0.001,-0.18,0.31,9.41,-0.12,0.08,-0.38,-0.06,0.19,9.8,1.895,-1.25,0.0,0.0,0.0,6.0,1016.87,67.61,-15.52
2025-03-24 18:37:29.915000+00:00,57.49551505220501,,,,345.125,-0.312,-1.25,23.0,-90.188,-8.562,-32.562,0.011,0.013,-0.001,-0.18,0.31,9.41,-0.12,0.08,-0.38,-0.06,0.19,9.8,1.895,-1.25,0.0,0.0,0.0,6.0,1016.87,67.61,-15.52
2025-03-24 18:37:31.285000+00:00,57.49551505220501,,,,345.125,-0.312,-1.25,23.0,-90.188,-8.562,-32.562,0.011,0.013,-0.001,-0.18,0.31,9.41,-0.12,0.08,-0.38,-0.06,0.19,9.8,1.895,-1.25,0.0,0.0,0.0,6.0,1016.87,67.61,-15.52
2025-03-24 18:37:32.335000+00:00,57.49551505220501,,,,345.125,-0.312,-1.25,23.0,-90.188,-8.562,-32.562,0.011,0.013,-0.001,-0.18,0.31,9.41,-0.12,0.08,-0.38,-0.06,0.19,9.8,1.895,-1.25,0.0,0.0,0.0,6.0,1016.87,67.61,-15.52
2025-03-24 18:37:33.546000+00:00,57.49551505220501,,,,345.125,-0.312,-1.25,23.0,-90.188,-8.562,-32.562,0.011,0.013,-0.001,-0.18,0.31,9.41,-0.12,0.08,-0.38,-0.06,0.19,9.8,1.895,-1.25,0.0,0.0,0.0,6.0,1016.87,67.61,-15.52
2025-03-24 18:37:34.515000+00:00,57.49551505220501,,,,345.125,-0.312,-1.25,23.0,-90.188,-8.562,-32.562,0.011,0.013,-0.001,-0.18,0.31,9.41,-0.12,0.08,-0.38,-0.06,0.19,9.8,1.895,-1.25,0.0,0.0,0.0,6.0,1016.87,67.61,-15.52
2025-03-24 18:37:35.586000+00:00,57.49551505220501,,,,345.125,-0.312,-1.25,23.0,-90.188,-8.562,-32.562,0.011,0.013,-0.001,-0.18,0.31,9.41,-0.12,0.08,-0.38,-0.06,0.19,9.8,1.895,-1.25,0.0,0.0,0.0,6.0,1016.87,67.61,-15.52
2025-03-24 18:37:36.605000+00:00,57.49551505220501,,,,345.125,-0.312,-1.25,23.0,-90.188,-8.562,-32.562,0.011,0.013,-0.001,-0.18,0.31,9.41,-0.12,0.08,-0.38,-0.06,0.19,9.8,1.895,-1.25,0.0,0.0,0.0,6.0,1016.87,67.61,-15.52
2025-03-24 18:37:37.655000+00:00,57.49551505220501,,,,345.125,-0.312,-1.25,23.0,-90.188,-8.562,-32.562,0.011,0.013,-0.001,-0.18,0.31,9.41,-0.12,0.08,-0.38,-0.06,0.19,9.8,1.895,-1.25,0.0,0.0,0.0,6.0,1016.87,67.61,-15.52
2025-03-24 18:37:39.395000+00:00,57.49551505220501,,,,345.125,-0.312,-1.25,23.0,-90.188,-8.562,-32.562,0.011,0.013,-0.001,-0.18,0.31,9.41,-0.12,0.08,-0.38,-0.06,0.19,9.8,1.895,-1.25,0.0,0.0,0.0,6.0,1016.87,67.61,-15.52
2025-03-24 18:37:40.607000+00:00,57.49551505220501,,,,345.125,-0.312,-1.25,23.0,-90.188,-8.562,-32.562,0.011,0.013,-0.001,-0.18,0.31,9.41,-0.12,0.08,-0.38,-0.06,0.19,9.8,1.895,-1.25,0.0,0.0,0.0,6.0,1016.81,67.61,-15.52
2025-03-24 18:37:41.641000+00:00,57.49551505220501,,,,345.125,-0.312,-1.25,23.0,-90.188,-8.562,-32.562,0.011,0.013,-0.001,-0.18,0.31,9.41,-0.12,0.08,-0.38,-0.06,0.19,9.8,1.895,-1.25,0.0,0.0,0.0,6.0,1016.81,67.61,-15.52
2025-03-24 18:37:42.605000+00:00,57.49551505220501,,,,345.125,-0.312,-1.25,23.0,-90.188,-8.562,-32.562,0.011,0.013,-0.001,-0.18,0.31,9.41,-0.12,0.08,-0.38,-0.06,0.19,9.8,1.895,-1.25,0.0,0.0,0.0,6.0,1016.81,67.61,-15.52
2025-03-24 18:37:43.661000+00:00,57.49551505220501,,,,345.125,-0.312,-1.25,23.0,-90.188,-8.562,-32.562,0.011,0.013,-0.001,-0.18,0.31,9.41,-0.12,0.08,-0.38,-0.06,0.19,9.8,1.895,-1.25,0.0,0.0,0.0,6.0,1016.81,67.61,-15.52
2025-03-24 18:37:44.571000+00:00,57.49551505220501,,,,345.125,-0.312,-1.25,23.0,-90.188,-8.562,-32.562,0.011,0.013,-0.001,-0.18,0.31,9.41,-0.12,0.08,-0.38,-0.06,0.19,9.8,1.895,-1.25,0.0,0.0,0.0,6.0,1016.81,67.61,-15.52
2025-03-24 18:37:45.621000+00:00,57.49551505220501,,,,345.125,-0.312,-1.25,23.0,-90.188,-8.562,-32.562,0.011,0.013,-0.001,-0.18,0.31,9.41,-0.12,0.08,-0.38,-0.06,0.19,9.8,1.895,-1.25,0.0,0.0,0.0,6.0,1016.81,67.61,-15.52
2025-03-24 18:37:46.605000+00:00,57.49551505220501,,,,345.125,-0.312,-1.25,23.0,-90.188,-8.562,-32.562,0.011,0.013,-0.001,-0.18,0.31,9.41,-0.12,0.08,-0.38,-0.06,0.19,9.8,1.895,-1.25,0.0,0.0,0.0,6.0,1016.81,67.61,-15.52
2025-03-24 18:37:47.811000+00:00,57.49551505220501,,,,345.125,-0.312,-1.25,23.0,-90.188,-8.562,-32.562,0.011,0.013,-0.001,-0.18,0.31,9.41,-0.12,0.08,-0.38,-0.06,0.19,9.8,1.895,-1.25,0.0,0.0,0.0,6.0,1016.81,67.61,-15.52
2025-03-24 18:37:48.806000+00:00,57.49551505220501,,,,345.125,-0.312,-1.25,23.0,-90.188,-8.562,-32.562,0.011,0.013,-0.001,-0.18,0.31,9.41,-0.12,0.08,-0.38,-0.06,0.19,9.8,1.895,-1.25,0.0,0.0,0.0,6.0,1016.81,67.61,-15.52
2025-03-24 18:37:49.953000+00:00,57.49551505220501,,,,345.125,-0.312,-1.25,23.0,-90.188,-8.562,-32.562,0.011,0.013,-0.001,-0.18,0.31,9.41,-0.12,0.08,-0.38,-0.06,0.19,9.8,1.895,-1.25,0.0,0.0,0.0,6.0,1016.81,67.61,-15.52
2025-03-24 18:37:51.034000+00:00,57.49551505220501,,,,345.125,-0.312,-1.25,23.0,-90.188,-8.562,-32.562,0.011,0.013,-0.001,-0.18,0.31,9.41,-0.12,0.08,-0.38,-0.06,0.19,9.8,1.895,-1.25,0.0,0.0,0.0,6.0,1016.81,67.61,-15.52
2025-03-24 18:37:52.544000+00:00,57.49551505220501,,,,345.125,-0.312,-1.25,23.0,-90.188,-8.562,-32.562,0.011,0.013,-0.001,-0.18,0.31,9.41,-0.12,0.08,-0.38,-0.06,0.19,9.8,1.895,-1.25,0.0,0.0,0.0,6.0,1016.81,67.61,-15.52
2025-03-24 18:37:53.530000+00:00,57.49551505220501,,,,345.125,-0.312,-1.25,23.0,-90.188,-8.562,-32.562,0.011,0.013,-0.001,-0.18,0.31,9.41,-0.12,0.08,-0.38,-0.06,0.19,9.8,1.895,-1.25,0.0,0.0,0.0,6.0,1016.81,67.61,-15.52
2025-03-24 18:37:54.520000+00:00,57.49551505220501,,,,345.125,-0.312,-1.25,23.0,-90.188,-8.562,-32.562,0.011,0.013,-0.001,-0.18,0.31,9.41,-0.12,0.08,-0.38,-0.06,0.19,9.8,1.895,-1.25,0.0,0.0,0.0,6.0,1016.81,67.61,-15.52
2025-03-24 18:37:55.524000+00:00,57.49551505220501,,,,345.125,-0.312,-1.25,23.0,-90.188,-8.562,-32.562,0.011,0.013,-0.001,-0.18,0.31,9.41,-0.12,0.08,-0.38,-0.06,0.19,9.8,1.895,-1.25,0.0,0.0,0.0,6.0,1016.81,67.61,-15.52
2025-03-24 18:37:56.753000+00:00,57.49551505220501,,,,345.125,-0.312,-1.25,23.0,-90.188,-8.562,-32.562,0.011,0.013,-0.001,-0.18,0.31,9.41,-0.12,0.08,-0.38,-0.06,0.19,9.8,1.895,-1.25,0.0,0.0,0.0,6.0,1016.81,67.61,-15.52
2025-03-24 18:37:57.743000+00:00,57.49551505220501,,,,345.125,-0.312,-1.25,23.0,-90.188,-8.562,-32.562,0.011,0.013,-0.001,-0.18,0.31,9.41,-0.12,0.08,-0.38,-0.06,0.19,9.8,1.895,-1.25,0.0,0.0,0.0,6.0,1016.81,67.61,-15.52
2025-03-24 18:37:58.790000+00:00,57.49551505220501,,,,345.125,-0.312,-1.25,23.0,-90.188,-8.562,-32.562,0.011,0.013,-0.001,-0.18,0.31,9.41,-0.12,0.08,-0.38,-0.06,0.19,9.8,1.895,-1.25,0.0,0.0,0.0,6.0,1016.81,67.61,-15.52
2025-03-24 18:37:59.790000+00:00,57.49551505220501,,,,345.125,-0.312,-1.25,23.0,-90.188,-8.562,-32.562,0.011,0.013,-0.001,-0.18,0.31,9.41,-0.12,0.08,-0.38,-0.06,0.19,9.8,1.895,-1.25,0.0,0.0,0.0,6.0,1016.81,67.61,-15.52
2025-03-24 18:38:00.813000+00:00,57.49551505220501,,,,345.125,-0.312,-1.25,23.0,-90.188,-8.562,-32.562,0.011,0.013,-0.001,-0.18,0.31,9.41,-0.12,0.08,-0.38,-0.06,0.19,9.8,1.895,-1.25,0.0,0.0,0.0,6.0,1016.81,67.61,-15.52
2025-03-24 18:38:01.780000+00:00,57.49551505220501,,,,345.125,-0.312,-1.25,23.0,-90.188,-8.562,-32.562,0.011,0.013,-0.001,-0.18,0.31,9.41,-0.12,0.08,-0.38,-0.06,0.19,9.8,1.895,-1.25,0.0,0.0,0.0,6.0,1016.81,67.61,-15.52
2025-03-24 18:38:02.893000+00:00,57.49551505220501,,,,345.125,-0.312,-1.25,23.0,-90.188,-8.562,-32.562,0.011,0.013,-0.001,-0.18,0.31,9.41,-0.12,0.08,-0.38,-0.06,0.19,9.8,1.895,-1.25,0.0,0.0,0.0,6.0,1016.81,67.61,-15.52
2025-03-24 18:38:04.032000+00:00,57.49551505220501,,,,345.125,-0.312,-1.25,23.0,-90.188,-8.562,-32.562,0.011,0.013,-0.001,-0.18,0.31,9.41,-0.12,0.08,-0.38,-0.06,0.19,9.8,1.895,-1.25,0.0,0.0,0.0,6.0,1016.81,67.61,-15.52
2025-03-24 18:38:05.183000+00:00,57.49551505220501,,,,345.125,-0.312,-1.25,23.0,-90.188,-8.562,-32.562,0.011,0.013,-0.001,-0.18,0.31,9.41,-0.12,0.08,-0.38,-0.06,0.19,9.8,1.895,-1.25,0.0,0.0,0.0,6.0,1016.81,67.61,-15.52
2025-03-24 18:38:06.222000+00:00,57.49551505220501,,,,345.125,-0.312,-1.25,23.0,-90.188,-8.562,-32.562,0.011,0.013,-0.001,-0.18,0.31,9.41,-0.12,0.08,-0.38,-0.06,0.19,9.8,1.895,-1.25,0.0,0.0,0.0,6.0,1016.81,67.61,-15.52
2025-03-24 18:37:08.107000+00:00,57.49551505220501,,,,345.125,-0.312,-1.25,23.0,-90.188,-8.562,-32.562,0.011,0.013,-0.001,-0.18,0.31,9.41,-0.12,0.08,-0.38,-0.06,0.19,9.8,1.895,-1.25,0.0,0.0,0.0,6.0,1016.81,67.61,-15.52
2025-03-24 18:37:10.016000+00:00,57.49551505220501,,,,345.125,-0.312,-1.25,23.0,-90.188,-8.562,-32.562,0.011,0.013,-0.001,-0.18,0.31,9.41,-0.12,0.08,-0.38,-0.06,0.19,9.8,1.895,-1.25,0.0,0.0,0.0,6.0,1016.81,67.61,-15.52
2025-03-24 18:37:11.051000+00:00,57.49551505220501,,,,345.125,-0.312,-1.25,23.0,-90.188,-8.562,-32.562,0.011,0.013,-0.001,-0.18,0.31,9.41,-0.12,0.08,-0.38,-0.06,0.19,9.8,1.895,-1.25,0.0,0.0,0.0,6.0,1016.81,67.32,-15.52
2025-03-24 18:37:12.047000+00:00,57.49551505220501,,,,345.125,-0.312,-1.25,23.0,-90.188,-8.562,-32.562,0.011,0.013,-0.001,-0.18,0.31,9.41,-0.12,0.08,-0.38,-0.06,0.19,9.8,1.895,-1.25,0.0,0.0,0.0,6.0,1016.81,67.32,-15.52
2025-03-24 18:37:13.106000+00:00,57.49551505220501,,,,345.125,-0.312,-1.25,23.0,-90.188,-8.562,-32.562,0.011,0.013,-0.001,-0.18,0.31,9.41,-0.12,0.08,-0.38,-0.06,0.19,9.8,1.895,-1.25,0.0,0.0,0.0,6.0,1016.81,67.32,-15.52
2025-03-24 18:37:14.403000+00:00,57.49551505220501,,,,345.125,-0.312,-1.25,23.0,-90.188,-8.562,-32.562,0.011,0.013,-0.001,-0.18,0.31,9.41,-0.12,0.08,-0.38,-0.06,0.19,9.8,1.895,-1.25,0.0,0.0,0.0,6.0,1016.81,67.32,-15.52
2025-03-24 18:37:15.387000+00:00,57.49551505220501,,,,345.125,-0.312,-1.25,23.0,-90.188,-8.562,-32.562,0.011,0.013,-0.001,-0.18,0.31,9.41,-0.12,0.08,-0.38,-0.06,0.19,9.8,1.895,-1.25,0.0,0.0,0.0,6.0,1016.81,67.32,-15.52
2025-03-24 18:37:16.406000+00:00,57.49551505220501,,,,345.125,-0.312,-1.25,23.0,-90.188,-8.562,-32.562,0.011,0.013,-0.001,-0.18,0.31,9.41,-0.12,0.08,-0.38,-0.06,0.19,9.8,1.895,-1.25,0.0,0.0,0.0,6.0,1016.81,67.32,-15.52
2025-03-24 18:37:17.437000+00:00,57.49551505220501,,,,345.125,-0.312,-1.25,23.0,-90.188,-8.562,-32.562,0.011,0.013,-0.001,-0.18,0.31,9.41,-0.12,0.08,-0.38,-0.06,0.19,9.8,1.895,-1.25,0.0,0.0,0.0,6.0,1016.81,67.32,-15.52
2025-03-24 18:37:18.587000+00:00,57.49551505220501,,,,345.125,-0.312,-1.25,23.0,-90.188,-8.562,-32.562,0.011,0.013,-0.001,-0.18,0.31,9.41,-0.12,0.08,-0.38,-0.06,0.19,9.8,1.895,-1.25,0.0,0.0,0.0,6.0,1016.81,67.32,-15.52
2025-03-24 18:37:19.746000+00:00,57.49551505220501,,,,345.125,-0.312,-1.25,23.0,-90.188,-8.562,-32.562,0.011,0.013,-0.001,-0.18,0.31,9.41,-0.12,0.08,-0.38,-0.06,0.19,9.8,1.895,-1.25,0.0,0.0,0.0,6.0,1016.81,67.32,-15.52
2025-03-24 18:37:21.151000+00:00,57.49551505220501,,,,345.125,-0.312,-1.25,23.0,-90.188,-8.562,-32.562,0.011,0.013,-0.001,-0.18,0.31,9.41,-0.12,0.08,-0.38,-0.06,0.19,9.8,1.895,-1.25,0.0,0.0,0.0,6.0,1016.81,67.32,-15.52
2025-03-24 18:37:22.153000+00:00,57.49551505220501,,,,345.125,-0.312,-1.25,23.0,-90.188,-8.562,-32.562,0.011,0.013,-0.001,-0.18,0.31,9.41,-0.12,0.08,-0.38,-0.06,0.19,9.8,1.895,-1.25,0.0,0.0,0.0,6.0,1016.81,67.32,-15.52
2025-03-24 18:37:23.175000+00:00,57.49551505220501,,,,345.125,-0.312,-1.25,23.0,-90.188,-8.562,-32.562,0.011,0.013,-0.001,-0.18,0.31,9.41,-0.12,0.08,-0.38,-0.06,0.19,9.8,1.895,-1.25,0.0,0.0,0.0,6.0,1016.81,67.32,-15.52
2025-03-24 18:37:24.387000+00:00,57.49551505220501,,,,345.125,-0.312,-1.25,23.0,-90.188,-8.562,-32.562,0.011,0.013,-0.001,-0.18,0.31,9.41,-0.12,0.08,-0.38,-0.06,0.19,9.8,1.895,-1.25,0.0,0.0,0.0,6.0,1016.81,67.32,-15.52
2025-03-24 18:37:25.372000+00:00,57.49551505220501,,,,345.125,-0.312,-1.25,23.0,-90.188,-8.562,-32.562,0.011,0.013,-0.001,-0.18,0.31,9.41,-0.12,0.08,-0.38,-0.06,0.19,9.8,1.895,-1.25,0.0,0.0,0.0,6.0,1016.81,67.32,-15.52
2025-03-24 18:37:26.433000+00:00,57.49551505220501,,,,345.125,-0.312,-1.25,23.0,-90.188,-8.562,-32.562,0.011,0.013,-0.001,-0.18,0.31,9.41,-0.12,0.08,-0.38,-0.06,0.19,9.8,1.895,-1.25,0.0,0.0,0.0,6.0,1016.81,67.32,-15.52
2025-03-24 18:37:27.602000+00:00,57.49551505220501,,,,345.125,-0.312,-1.25,23.0,-90.188,-8.562,-32.562,0.011,0.013,-0.001,-0.18,0.31,9.41,-0.12,0.08,-0.38,-0.06,0.19,9.8,1.895,-1.25,0.0,0.0,0.0,6.0,1016.81,67.32,-15.52
2025-03-24 18:37:28.746000+00:00,57.49551505220501,,,,345.125,-0.312,-1.25,23.0,-90.188,-8.562,-32.562,0.011,0.013,-0.001,-0.18,0.31,9.41,-0.12,0.08,-0.38,-0.06,0.19,9.8,1.895,-1.25,0.0,0.0,0.0,6.0,1016.81,67.32,-15.52
2025-03-24 18:37:29.865000+00:00,57.49551505220501,,,,345.125,-0.312,-1.25,23.0,-90.188,-8.562,-32.562,0.011,0.013,-0.001,-0.18,0.31,9.41,-0.12,0.08,-0.38,-0.06,0.19,9.8,1.895,-1.25,0.0,0.0,0.0,6.0,1016.81,67.32,-15.52
2025-03-24 18:37:31.235000+00:00,57.49551505220501,,,,345.125,-0.312,-1.25,23.0,-90.188,-8.562,-32.562,0.011,0.013,-0.001,-0.18,0.31,9.41,-0.12,0.08,-0.38,-0.06,0.19,9.8,1.895,-1.25,0.0,0.0,0.0,6.0,1016.81,67.32,-15.52
2025-03-24 18:37:32.278000+00:00,57.49551505220501,,,,345.125,-0.312,-1.25,23.0,-90.188,-8.562,-32.562,0.011,0.013,-0.001,-0.18,0.31,9.41,-0.12,0.08,-0.38,-0.06,0.19,9.8,1.895,-1.25,0.0,0.0,0.0,6.0,1016.81,67.32,-15.52
2025-03-24 18:37:33.496000+00:00,57.49551505220501,,,,345.125,-0.312,-1.25,23.0,-90.188,-8.562,-32.562,0.011,0.013,-0.001,-0.18,0.31,9.41,-0.12,0.08,-0.38,-0.06,0.19,9.8,1.895,-1.25,0.0,0.0,0.0,6.0,1016.81,67.32,-15.52
2025-03-24 18:37:34.465000+00:00,57.49551505220501,,,,345.125,-0.312,-1.25,23.0,-90.188,-8.562,-32.562,0.011,0.013,-0.001,-0.18,0.31,9.41,-0.12,0.08,-0.38,-0.06,0.19,9.8,1.895,-1.25,0.0,0.0,0.0,6.0,1016.81,67.32,-15.52
2025-03-24 18:37:35.538000+00:00,57.49551505220501,,,,345.125,-0.312,-1.25,23.0,-90.188,-8.562,-32.562,0.011,0.013,-0.001,-0.18,0.31,9.41,-0.12,0.08,-0.38,-0.06,0.19,9.8,1.895,-1.25,0.0,0.0,0.0,6.0,1016.81,67.32,-15.52
2025-03-24 18:37:36.556000+00:00,57.49551505220501,,,,345.125,-0.312,-1.25,23.0,-90.188,-8.562,-32.562,0.011,0.013,-0.001,-0.18,0.31,9.41,-0.12,0.08,-0.38,-0.06,0.19,9.8,1.895,-1.25,0.0,0.0,0.0,6.0,1016.81,67.32,-15.52
2025-03-24 18:37:37.605000+00:00,57.49551505220501,,,,345.125,-0.312,-1.25,23.0,-90.188,-8.562,-32.562,0.011,0.013,-0.001,-0.18,0.31,9.41,-0.12,0.08,-0.38,-0.06,0.19,9.8,1.895,-1.25,0.0,0.0,0.0,6.0,1016.81,67.32,-15.52
2025-03-24 18:37:39.346000+00:00,57.49551505220501,,,,345.125,-0.312,-1.25,23.0,-90.188,-8.562,-32.562,0.011,0.013,-0.001,-0.18,0.31,9.41,-0.12,0.08,-0.38,-0.06,0.19,9.8,1.895,-1.25,0.0,0.0,0.0,6.0,1016.81,67.32,-15.52
2025-03-24 18:37:40.552000+00:00,57.49551505220501,,,,345.125,-0.312,-1.25,23.0,-90.188,-8.562,-32.562,0.011,0.013,-0.001,-0.18,0.31,9.41,-0.12,0.08,-0.38,-0.06,0.19,9.8,1.895,-1.25,0.0,0.0,0.0,6.0,1016.81,67.21,-15.52
2025-03-24 18:37:41.581000+00:00,57.49551505220501,,,,345.125,-0.312,-1.25,23.0,-90.188,-8.562,-32.562,0.011,0.013,-0.001,-0.18,0.31,9.41,-0.12,0.08,-0.38,-0.06,0.19,9.8,1.895,-1.25,0.0,0.0,0.0,6.0,1016.81,67.21,-15.52
2025-03-24 18:37:42.555000+00:00,57.49551505220501,,,,345.125,-0.312,-1.25,23.0,-90.188,-8.562,-32.562,0.011,0.013,-0.001,-0.18,0.31,9.41,-0.12,0.08,-0.38,-0.06,0.19,9.8,1.895,-1.25,0.0,0.0,0.0,6.0,1016.81,67.21,-15.52
2025-03-24 18:37:43.591000+00:00,57.49551505220501,,,,345.125,-0.312,-1.25,23.0,-90.188,-8.562,-32.562,0.011,0.013,-0.001,-0.18,0.31,9.41,-0.12,0.08,-0.38,-0.06,0.19,9.8,1.895,-1.25,0.0,0.0,0.0,6.0,1016.81,67.21,-15.52
2025-03-24 18:37:44.515000+00:00,57.49551505220501,,,,345.125,-0.312,-1.25,23.0,-90.188,-8.562,-32.562,0.011,0.013,-0.001,-0.18,0.31,9.41,-0.12,0.08,-0.38,-0.06,0.19,9.8,1.895,-1.25,0.0,0.0,0.0,6.0,1016.81,67.21,-15.52
2025-03-24 18:37:45.561000+00:00,57.49551505220501,,,,345.125,-0.312,-1.25,23.0,-90.188,-8.562,-32.562,0.011,0.013,-0.001,-0.18,0.31,9.41,-0.12,0.08,-0.38,-0.06,0.19,9.8,1.895,-1.25,0.0,0.0,0.0,6.0,1016.81,67.21,-15.52
2025-03-24 18:37:46.555000+00:00,57.49551505220501,,,,345.125,-0.312,-1.25,23.0,-90.188,-8.562,-32.562,0.011,0.013,-0.001,-0.18,0.31,9.41,-0.12,0.08,-0.38,-0.06,0.19,9.8,1.895,-1.25,0.0,0.0,0.0,6.0,1016.81,67.21,-15.52
2025-03-24 18:37:47.755000+00:00,57.49551505220501,,,,345.125,-0.312,-1.25,23.0,-90.188,-8.562,-32.562,0.011,0.013,-0.001,-0.18,0.31,9.41,-0.12,0.08,-0.38,-0.06,0.19,9.8,1.895,-1.25,0.0,0.0,0.0,6.0,1016.81,67.21,-15.52
2025-03-24 18:37:48.750000+00:00,57.49551505220501,,,,345.125,-0.312,-1.25,23.0,-90.188,-8.562,-32.562,0.011,0.013,-0.001,-0.18,0.31,9.41,-0.12,0.08,-0.38,-0.06,0.19,9.8,1.895,-1.25,0.0,0.0,0.0,6.0,1016.81,67.21,-15.52
2025-03-24 18:37:49.894000+00:00,57.49551505220501,,,,345.125,-0.312,-1.25,23.0,-90.188,-8.562,-32.562,0.011,0.013,-0.001,-0.18,0.31,9.41,-0.12,0.08,-0.38,-0.06,0.19,9.8,1.895,-1.25,0.0,0.0,0.0,6.0,1016.81,67.21,-15.52
2025-03-24 18:37:50.983000+00:00,57.49551505220501,,,,345.125,-0.312,-1.25,23.0,-90.188,-8.562,-32.562,0.011,0.013,-0.001,-0.18,0.31,9.41,-0.12,0.08,-0.38,-0.06,0.19,9.8,1.895,-1.25,0.0,0.0,0.0,6.0,1016.81,67.21,-15.52
2025-03-24 18:37:52.497000+00:00,57.49551505220501,,,,345.125,-0.312,-1.25,23.0,-90.188,-8.562,-32.562,0.011,0.013,-0.001,-0.18,0.31,9.41,-0.12,0.08,-0.38,-0.06,0.19,9.8,1.895,-1.25,0.0,0.0,0.0,6.0,1016.81,67.21,-15.52
2025-03-24 18:37:53.474000+00:00,57.49551505220501,,,,345.125,-0.312,-1.25,23.0,-90.188,-8.562,-32.562,0.011,0.013,-0.001,-0.18,0.31,9.41,-0.12,0.08,-0.38,-0.06,0.19,9.8,1.895,-1.25,0.0,0.0,0.0,6.0,1016.81,67.21,-15.52
2025-03-24 18:37:54.464000+00:00,57.49551505220501,,,,345.125,-0.312,-1.25,23.0,-90.188,-8.562,-32.562,0.011,0.013,-0.001,-0.18,0.31,9.41,-0.12,0.08,-0.38,-0.06,0.19,9.8,1.895,-1.25,0.0,0.0,0.0,6.0,1016.81,67.21,-15.52
2025-03-24 18:37:55.474000+00:00,57.49551505220501,,,,345.125,-0.312,-1.25,23.0,-90.188,-8.562,-32.562,0.011,0.013,-0.001,-0.18,0.31,9.41,-0.12,0.08,-0.38,-0.06,0.19,9.8,1.895,-1.25,0.0,0.0,0.0,6.0,1016.81,67.21,-15.52
2025-03-24 18:37:56.700000+00:00,57.49551505220501,,,,345.125,-0.312,-1.25,23.0,-90.188,-8.562,-32.562,0.011,0.013,-0.001,-0.18,0.31,9.41,-0.12,0.08,-0.38,-0.06,0.19,9.8,1.895,-1.25,0.0,0.0,0.0,6.0,1016.81,67.21,-15.52
2025-03-24 18:37:57.694000+00:00,57.49551505220501,,,,345.125,-0.312,-1.25,23.0,-90.188,-8.562,-32.562,0.011,0.013,-0.001,-0.18,0.31,9.41,-0.12,0.08,-0.38,-0.06,0.19,9.8,1.895,-1.25,0.0,0.0,0.0,6.0,1016.81,67.21,-15.52
2025-03-24 18:37:58.729000+00:00,57.49551505220501,,,,345.125,-0.312,-1.25,23.0,-90.188,-8.562,-32.562,0.011,0.013,-0.001,-0.18,0.31,9.41,-0.12,0.08,-0.38,-0.06,0.19,9.8,1.895,-1.25,0.0,0.0,0.0,6.0,1016.81,67.21,-15.52
2025-03-24 18:37:59.730000+00:00,57.49551505220501,,,,345.125,-0.312,-1.25,23.0,-90.188,-8.562,-32.562,0.011,0.013,-0.001,-0.18,0.31,9.41,-0.12,0.08,-0.38,-0.06,0.19,9.8,1.895,-1.25,0.0,0.0,0.0,6.0,1016.81,67.21,-15.52
2025-03-24 18:38:00.763000+00:00,57.49551505220501,,,,345.125,-0.312,-1.25,23.0,-90.188,-8.562,-32.562,0.011,0.013,-0.001,-0.18,0.31,9.41,-0.12,0.08,-0.38,-0.06,0.19,9.8,1.895,-1.25,0.0,0.0,0.0,6.0,1016.81,67.21,-15.52
2025-03-24 18:38:01.728000+00:00,57.49551505220501,,,,345.125,-0.312,-1.25,23.0,-90.188,-8.562,-32.562,0.011,0.013,-0.001,-0.18,0.31,9.41,-0.12,0.08,-0.38,-0.06,0.19,9.8,1.895,-1.25,0.0,0.0,0.0,6.0,1016.81,67.21,-15.52
2025-03-24 18:38:02.847000+00:00,57.49551505220501,,,,345.125,-0.312,-1.25,23.0,-90.188,-8.562,-32.562,0.011,0.013,-0.001,-0.18,0.31,9.41,-0.12,0.08,-0.38,-0.06,0.19,9.8,1.895,-1.25,0.0,0.0,0.0,6.0,1016.81,67.21,-15.52
2025-03-24 18:38:03.983000+00:00,57.49551505220501,,,,345.125,-0.312,-1.25,23.0,-90.188,-8.562,-32.562,0.011,0.013,-0.001,-0.18,0.31,9.41,-0.12,0.08,-0.38,-0.06,0.19,9.8,1.895,-1.25,0.0,0.0,0.0,6.0,1016.81,67.21,-15.52
2025-03-24 18:38:05.134000+00:00,57.49551505220501,,,,345.125,-0.312,-1.25,23.0,-90.188,-8.562,-32.562,0.011,0.013,-0.001,-0.18,0.31,9.41,-0.12,0.08,-0.38,-0.06,0.19,9.8,1.895,-1.25,0.0,0.0,0.0,6.0,1016.81,67.21,-15.52
2025-03-24 18:38:06.173000+00:00,57.49551505220501,,,,345.125,-0.312,-1.25,23.0,-90.188,-8.562,-32.562,0.011,0.013,-0.001,-0.18,0.31,9.41,-0.12,0.08,-0.38,-0.06,0.19,9.8,1.895,-1.25,0.0,0.0,0.0,6.0,1016.81,67.21,-15.52
2025-03-24 18:37:08.207000+00:00,57.49551505220501,,,,345.125,-0.312,-1.25,23.0,-90.188,-8.562,-32.562,0.011,0.013,-0.001,-0.18,0.31,9.41,-0.12,0.08,-0.38,-0.06,0.19,9.8,1.895,-1.25,0.0,0.0,0.0,6.0,1016.81,67.21,-15.52
2025-03-24 18:37:10.117000+00:00,57.49551505220501,,,,345.125,-0.312,-1.25,23.0,-90.188,-8.562,-32.562,0.011,0.013,-0.001,-0.18,0.31,9.41,-0.12,0.08,-0.38,-0.06,0.19,9.8,1.895,-1.25,0.0,0.0,0.0,6.0,1016.81,67.21,-15.52
2025-03-24 18:37:11.147000+00:00,57.49551505220501,,,,345.125,-0.312,-1.25,23.0,-90.188,-8.562,-32.562,0.011,0.013,-0.001,-0.18,0.31,9.41,-0.12,0.08,-0.38,-0.06,0.19,9.8,1.895,-1.25,0.0,0.0,0.0,6.0,1016.81,67.21,-15.54
2025-03-24 18:37:12.157000+00:00,57.49551505220501,,,,345.125,-0.312,-1.25,23.0,-90.188,-8.562,-32.562,0.011,0.013,-0.001,-0.18,0.31,9.41,-0.12,0.08,-0.38,-0.06,0.19,9.8,1.895,-1.25,0.0,0.0,0.0,6.0,1016.81,67.21,-15.54
2025-03-24 18:37:13.213000+00:00,57.49551505220501,,,,345.125,-0.312,-1.25,23.0,-90.188,-8.562,-32.562,0.011,0.013,-0.001,-0.18,0.31,9.41,-0.12,0.08,-0.38,-0.06,0.19,9.8,1.895,-1.25,0.0,0.0,0.0,6.0,1016.81,67.21,-15.54
2025-03-24 18:37:14.513000+00:00,57.49551505220501,,,,345.125,-0.312,-1.25,23.0,-90.188,-8.562,-32.562,0.011,0.013,-0.001,-0.18,0.31,9.41,-0.12,0.08,-0.38,-0.06,0.19,9.8,1.895,-1.25,0.0,0.0,0.0,6.0,1016.81,67.21,-15.54
2025-03-24 18:37:15.486000+00:00,57.49551505220501,,,,345.125,-0.312,-1.25,23.0,-90.188,-8.562,-32.562,0.011,0.013,-0.001,-0.18,0.31,9.41,-0.12,0.08,-0.38,-0.06,0.19,9.8,1.895,-1.25,0.0,0.0,0.0,6.0,1016.81,67.21,-15.54
2025-03-24 18:37:16.516000+00:00,57.49551505220501,,,,345.125,-0.312,-1.25,23.0,-90.188,-8.562,-32.562,0.011,0.013,-0.001,-0.18,0.31,9.41,-0.12,0.08,-0.38,-0.06,0.19,9.8,1.895,-1.25,0.0,0.0,0.0,6.0,1016.81,67.21,-15.54
2025-03-24 18:37:17.536000+00:00,57.49551505220501,,,,345.125,-0.312,-1.25,23.0,-90.188,-8.562,-32.562,0.011,0.013,-0.001,-0.18,0.31,9.41,-0.12,0.08,-0.38,-0.06,0.19,9.8,1.895,-1.25,0.0,0.0,0.0,6.0,1016.81,67.21,-15.54
2025-03-24 18:37:18.700000+00:00,57.49551505220501,,,,345.125,-0.312,-1.25,23.0,-90.188,-8.562,-32.562,0.011,0.013,-0.001,-0.18,0.31,9.41,-0.12,0.08,-0.38,-0.06,0.19,9.8,1.895,-1.25,0.0,0.0,0.0,6.0,1016.81,67.21,-15.54
2025-03-24 18:37:19.858000+00:00,57.49551505220501,,,,345.125,-0.312,-1.25,23.0,-90.188,-8.562,-32.562,0.011,0.013,-0.001,-0.18,0.31,9.41,-0.12,0.08,-0.38,-0.06,0.19,9.8,1.895,-1.25,0.0,0.0,0.0,6.0,1016.81,67.21,-15.54
2025-03-24 18:37:21.247000+00:00,57.49551505220501,,,,345.125,-0.312,-1.25,23.0,-90.188,-8.562,-32.562,0.011,0.013,-0.001,-0.18,0.31,9.41,-0.12,0.08,-0.38,-0.06,0.19,9.8,1.895,-1.25,0.0,0.0,0.0,6.0,1016.81,67.21,-15.54
2025-03-24 18:37:22.272000+00:00,57.49551505220501,,,,345.125,-0.312,-1.25,23.0,-90.188,-8.562,-32.562,0.011,0.013,-0.001,-0.18,0.31,9.41,-0.12,0.08,-0.38,-0.06,0.19,9.8,1.895,-1.25,0.0,0.0,0.0,6.0,1016.81,67.21,-15.54
2025-03-24 18:37:23.281000+00:00,57.49551505220501,,,,345.125,-0.312,-1.25,23.0,-90.188,-8.562,-32.562,0.011,0.013,-0.001,-0.18,0.31,9.41,-0.12,0.08,-0.38,-0.06,0.19,9.8,1.895,-1.25,0.0,0.0,0.0,6.0,1016.81,67.21,-15.54
2025-03-24 18:37:24.496000+00:00,57.49551505220501,,,,345.125,-0.312,-1.25,23.0,-90.188,-8.562,-32.562,0.011,0.013,-0.001,-0.18,0.31,9.41,-0.12,0.08,-0.38,-0.06,0.19,9.8,1.895,-1.25,0.0,0.0,0.0,6.0,1016.81,67.21,-15.54
2025-03-24 18:37:25.490000+00:00,57.49551505220501,,,,345.125,-0.312,-1.25,23.0,-90.188,-8.562,-32.562,0.011,0.013,-0.001,-0.18,0.31,9.41,-0.12,0.08,-0.38,-0.06,0.19,9.8,1.895,-1.25,0.0,0.0,0.0,6.0,1016.81,67.21,-15.54
2025-03-24 18:37:26.546000+00:00,57.49551505220501,,,,345.125,-0.312,-1.25,23.0,-90.188,-8.562,-32.562,0.011,0.013,-0.001,-0.18,0.31,9.41,-0.12,0.08,-0.38,-0.06,0.19,9.8,1.895,-1.25,0.0,0.0,0.0,6.0,1016.81,67.21,-15.54
2025-03-24 18:37:27.705000+00:00,57.49551505220501,,,,345.125,-0.312,-1.25,23.0,-90.188,-8.562,-32.562,0.011,0.013,-0.001,-0.18,0.31,9.41,-0.12,0.08,-0.38,-0.06,0.19,9.8,1.895,-1.25,0.0,0.0,0.0,6.0,1016.81,67.21,-15.54
2025-03-24 18:37:28.846000+00:00,57.49551505220501,,,,345.125,-0.312,-1.25,23.0,-90.188,-8.562,-32.562,0.011,0.013,-0.001,-0.18,0.31,9.41,-0.12,0.08,-0.38,-0.06,0.19,9.8,1.895,-1.25,0.0,0.0,0.0,6.0,1016.81,67.21,-15.54
2025-03-24 18:37:29.975000+00:00,57.49551505220501,,,,345.125,-0.312,-1.25,23.0,-90.188,-8.562,-32.562,0.011,0.013,-0.001,-0.18,0.31,9.41,-0.12,0.08,-0.38,-0.06,0.19,9.8,1.895,-1.25,0.0,0.0,0.0,6.0,1016.81,67.21,-15.54
2025-03-24 18:37:31.336000+00:00,57.49551505220501,,,,345.125,-0.312,-1.25,23.0,-90.188,-8.562,-32.562,0.011,0.013,-0.001,-0.18,0.31,9.41,-0.12,0.08,-0.38,-0.06,0.19,9.8,1.895,-1.25,0.0,0.0,0.0,6.0,1016.81,67.21,-15.54
2025-03-24 18:37:32.385000+00:00,57.49551505220501,,,,345.125,-0.312,-1.25,23.0,-90.188,-8.562,-32.562,0.011,0.013,-0.001,-0.18,0.31,9.41,-0.12,0.08,-0.38,-0.06,0.19,9.8,1.895,-1.25,0.0,0.0,0.0,6.0,1016.81,67.21,-15.54
2025-03-24 18:37:33.596000+00:00,57.49551505220501,,,,345.125,-0.312,-1.25,23.0,-90.188,-8.562,-32.562,0.011,0.013,-0.001,-0.18,0.31,9.41,-0.12,0.08,-0.38,-0.06,0.19,9.8,1.895,-1.25,0.0,0.0,0.0,6.0,1016.81,67.21,-15.54
2025-03-24 18:37:34.569000+00:00,57.49551505220501,,,,345.125,-0.312,-1.25,23.0,-90.188,-8.562,-32.562,0.011,0.013,-0.001,-0.18,0.31,9.41,-0.12,0.08,-0.38,-0.06,0.19,9.8,1.895,-1.25,0.0,0.0,0.0,6.0,1016.81,67.21,-15.54
2025-03-24 18:37:35.635000+00:00,57.49551505220501,,,,345.125,-0.312,-1.25,23.0,-90.188,-8.562,-32.562,0.011,0.013,-0.001,-0.18,0.31,9.41,-0.12,0.08,-0.38,-0.06,0.19,9.8,1.895,-1.25,0.0,0.0,0.0,6.0,1016.81,67.21,-15.54
2025-03-24 18:37:36.661000+00:00,57.49551505220501,,,,345.125,-0.312,-1.25,23.0,-90.188,-8.562,-32.562,0.011,0.013,-0.001,-0.18,0.31,9.41,-0.12,0.08,-0.38,-0.06,0.19,9.8,1.895,-1.25,0.0,0.0,0.0,6.0,1016.81,67.21,-15.54
2025-03-24 18:37:37.709000+00:00,57.49551505220501,,,,345.125,-0.312,-1.25,23.0,-90.188,-8.562,-32.562,0.011,0.013,-0.001,-0.18,0.31,9.41,-0.12,0.08,-0.38,-0.06,0.19,9.8,1.895,-1.25,0.0,0.0,0.0,6.0,1016.81,67.21,-15.54
2025-03-24 18:37:39.446000+00:00,57.49551505220501,,,,345.125,-0.312,-1.25,23.0,-90.188,-8.562,-32.562,0.011,0.013,-0.001,-0.18,0.31,9.41,-0.12,0.08,-0.38,-0.06,0.19,9.8,1.895,-1.25,0.0,0.0,0.0,6.0,1016.81,67.21,-15.54
2025-03-24 18:37:40.661000+00:00,57.49551505220501,,,,345.125,-0.312,-1.25,23.0,-90.188,-8.562,-32.562,0.011,0.013,-0.001,-0.18,0.31,9.41,-0.12,0.08,-0.38,-0.06,0.19,9.8,1.895,-1.25,0.0,0.0,0.0,6.0,1016.81,67.21,-14.97
2025-03-24 18:37:41.701000+00:00,57.49551505220501,,,,345.125,-0.312,-1.25,23.0,-90.188,-8.562,-32.562,0.011,0.013,-0.001,-0.18,0.31,9.41,-0.12,0.08,-0.38,-0.06,0.19,9.8,1.895,-1.25,0.0,0.0,0.0,6.0,1016.81,67.21,-14.97
2025-03-24 18:37:42.655000+00:00,57.49551505220501,,,,345.125,-0.312,-1.25,23.0,-90.188,-8.562,-32.562,0.011,0.013,-0.001,-0.18,0.31,9.41,-0.12,0.08,-0.38,-0.06,0.19,9.8,1.895,-1.25,0.0,0.0,0.0,6.0,1016.81,67.21,-14.97
2025-03-24 18:37:43.721000+00:00,57.49551505220501,,,,345.125,-0.312,-1.25,23.0,-90.188,-8.562,-32.562,0.011,0.013,-0.001,-0.18,0.31,9.41,-0.12,0.08,-0.38,-0.06,0.19,9.8,1.895,-1.25,0.0,0.0,0.0,6.0,1016.81,67.21,-14.97
2025-03-24 18:37:44.626000+00:00,57.49551505220501,,,,345.125,-0.312,-1.25,23.0,-90.188,-8.562,-32.562,0.011,0.013,-0.001,-0.18,0.31,9.41,-0.12,0.08,-0.38,-0.06,0.19,9.8,1.895,-1.25,0.0,0.0,0.0,6.0,1016.81,67.21,-14.97
2025-03-24 18:37:45.681000+00:00,57.49551505220501,,,,345.125,-0.312,-1.25,23.0,-90.188,-8.562,-32.562,0.011,0.013,-0.001,-0.18,0.31,9.41,-0.12,0.08,-0.38,-0.06,0.19,9.8,1.895,-1.25,0.0,0.0,0.0,6.0,1016.81,67.21,-14.97
2025-03-24 18:37:46.654000+00:00,57.49551505220501,,,,345.125,-0.312,-1.25,23.0,-90.188,-8.562,-32.562,0.011,0.013,-0.001,-0.18,0.31,9.41,-0.12,0.08,-0.38,-0.06,0.19,9.8,1.895,-1.25,0.0,0.0,0.0,6.0,1016.81,67.21,-14.97
2025-03-24 18:37:47.868000+00:00,57.49551505220501,,,,345.125,-0.312,-1.25,23.0,-90.188,-8.562,-32.562,0.011,0.013,-0.001,-0.18,0.31,9.41,-0.12,0.08,-0.38,-0.06,0.19,9.8,1.895,-1.25,0.0,0.0,0.0,6.0,1016.81,67.21,-14.97
2025-03-24 18:37:48.858000+00:00,57.49551505220501,,,,345.125,-0.312,-1.25,23.0,-90.188,-8.562,-32.562,0.011,0.013,-0.001,-0.18,0.31,9.41,-0.12,0.08,-0.38,-0.06,0.19,9.8,1.895,-1.25,0.0,0.0,0.0,6.0,1016.81,67.21,-14.97
2025-03-24 18:37:50.013000+00:00,57.49551505220501,,,,345.125,-0.312,-1.25,23.0,-90.188,-8.562,-32.562,0.011,0.013,-0.001,-0.18,0.31,9.41,-0.12,0.08,-0.38,-0.06,0.19,9.8,1.895,-1.25,0.0,0.0,0.0,6.0,1016.81,67.21,-14.97
2025-03-24 18:37:51.084000+00:00,57.49551505220501,,,,345.125,-0.312,-1.25,23.0,-90.188,-8.562,-32.562,0.011,0.013,-0.001,-0.18,0.31,9.41,-0.12,0.08,-0.38,-0.06,0.19,9.8,1.895,-1.25,0.0,0.0,0.0,6.0,1016.81,67.21,-14.97
2025-03-24 18:37:52.594000+00:00,57.49551505220501,,,,345.125,-0.312,-1.25,23.0,-90.188,-8.562,-32.562,0.011,0.013,-0.001,-0.18,0.31,9.41,-0.12,0.08,-0.38,-0.06,0.19,9.8,1.895,-1.25,0.0,0.0,0.0,6.0,1016.81,67.21,-14.97
2025-03-24 18:37:53.590000+00:00,57.49551505220501,,,,345.125,-0.312,-1.25,23.0,-90.188,-8.562,-32.562,0.011,0.013,-0.001,-0.18,0.31,9.41,-0.12,0.08,-0.38,-0.06,0.19,9.8,1.895,-1.25,0.0,0.0,0.0,6.0,1016.81,67.21,-14.97
2025-03-24 18:37:54.573000+00:00,57.49551505220501,,,,345.125,-0.312,-1.25,23.0,-90.188,-8.562,-32.562,0.011,0.013,-0.001,-0.18,0.31,9.41,-0.12,0.08,-0.38,-0.06,0.19,9.8,1.895,-1.25,0.0,0.0,0.0,6.0,1016.81,67.21,-14.97
2025-03-24 18:37:55.574000+00:00,57.49551505220501,,,,345.125,-0.312,-1.25,23.0,-90.188,-8.562,-32.562,0.011,0.013,-0.001,-0.18,0.31,9.41,-0.12,0.08,-0.38,-0.06,0.19,9.8,1.895,-1.25,0.0,0.0,0.0,6.0,1016.81,67.21,-14.97
2025-03-24 18:37:56.810000+00:00,57.49551505220501,,,,345.125,-0.312,-1.25,23.0,-90.188,-8.562,-32.562,0.011,0.013,-0.001,-0.18,0.31,9.41,-0.12,0.08,-0.38,-0.06,0.19,9.8,1.895,-1.25,0.0,0.0,0.0,6.0,1016.81,67.21,-14.97
2025-03-24 18:37:57.794000+00:00,57.49551505220501,,,,345.125,-0.312,-1.25,23.0,-90.188,-8.562,-32.562,0.011,0.013,-0.001,-0.18,0.31,9.41,-0.12,0.08,-0.38,-0.06,0.19,9.8,1.895,-1.25,0.0,0.0,0.0,6.0,1016.81,67.21,-14.97
2025-03-24 18:37:58.843000+00:00,57.49551505220501,,,,345.125,-0.312,-1.25,23.0,-90.188,-8.562,-32.562,0.011,0.013,-0.001,-0.18,0.31,9.41,-0.12,0.08,-0.38,-0.06,0.19,9.8,1.895,-1.25,0.0,0.0,0.0,6.0,1016.81,67.21,-14.97
2025-03-24 18:37:59.846000+00:00,57.49551505220501,,,,345.125,-0.312,-1.25,23.0,-90.188,-8.562,-32.562,0.011,0.013,-0.001,-0.18,0.31,9.41,-0.12,0.08,-0.38,-0.06,0.19,9.8,1.895,-1.25,0.0,0.0,0.0,6.0,1016.81,67.21,-14.97
2025-03-24 18:38:00.865000+00:00,57.49551505220501,,,,345.125,-0.312,-1.25,23.0,-90.188,-8.562,-32.562,0.011,0.013,-0.001,-0.18,0.31,9.41,-0.12,0.08,-0.38,-0.06,0.19,9.8,1.895,-1.25,0.0,0.0,0.0,6.0,1016.81,67.21,-14.97
2025-03-24 18:38:01.840000+00:00,57.49551505220501,,,,345.125,-0.312,-1.25,23.0,-90.188,-8.562,-32.562,0.011,0.013,-0.001,-0.18,0.31,9.41,-0.12,0.08,-0.38,-0.06,0.19,9.8,1.895,-1.25,0.0,0.0,0.0,6.0,1016.81,67.21,-14.97
2025-03-24 18:38:02.945000+00:00,57.49551505220501,,,,345.125,-0.312,-1.25,23.0,-90.188,-8.562,-32.562,0.011,0.013,-0.001,-0.18,0.31,9.41,-0.12,0.08,-0.38,-0.06,0.19,9.8,1.895,-1.25,0.0,0.0,0.0,6.0,1016.81,67.21,-14.97
2025-03-24 18:38:04.083000+00:00,57.49551505220501,,,,345.125,-0.312,-1.25,23.0,-90.188,-8.562,-32.562,0.011,0.013,-0.001,-0.18,0.31,9.41,-0.12,0.08,-0.38,-0.06,0.19,9.8,1.895,-1.25,0.0,0.0,0.0,6.0,1016.81,67.21,-14.97
2025-03-24 18:38:05.243000+00:00,57.49551505220501,,,,345.125,-0.312,-1.25,23.0,-90.188,-8.562,-32.562,0.011,0.013,-0.001,-0.18,0.31,9.41,-0.12,0.08,-0.38,-0.06,0.19,9.8,1.895,-1.25,0.0,0.0,0.0,6.0,1016.81,67.21,-14.97
2025-03-24 18:38:06.282000+00:00,57.49551505220501,,,,345.125,-0.312,-1.25,23.0,-90.188,-8.562,-32.562,0.011,0.013,-0.001,-0.18,0.31,9.41,-0.12,0.08,-0.38,-0.06,0.19,9.8,1.895,-1.25,0.0,0.0,0.0,6.0,1016.81,67.21,-14.97
