,rpm_value,rpm_blade_1,rpm_blade_2,rpm_blade_3,orientation_heading,orientation_roll,orientation_pitch,temperature_value,magnetometer_mx,magnetometer_my,magnetometer_mz,gyroscope_gx,gyroscope_gy,gyroscope_gz,accelerometer_ax,accelerometer_ay,accelerometer_az,linear_acceleration_lx,linear_acceleration_ly,linear_acceleration_lz,gravity_grx,gravity_gry,gravity_grz,voltage_value,current_value,power_value,servo_value,speed_value,direction_value,pressure_value,humidity_value,altitude_value
2025-03-24 18:14:25.760000+00:00,28.580780334814147,,,,27.438,-1.0,-1.688,22.97,-83.25,-11.188,-28.375,0.014,-0.016,-0.017,0.0,0.36,9.36,0.15,0.07,-0.43,-0.16,0.29,9.8,0.8925000000000001,-1.25,0.0,0.0,0.0,7.0,1016.99,67.24,-16.56
2025-03-24 18:14:25.811000+00:00,28.70485672663022,,,,27.438,-1.0,-1.688,22.97,-83.25,-11.188,-28.375,0.014,-0.016,-0.017,0.0,0.36,9.36,0.15,0.07,-0.43,-0.16,0.29,9.8,0.8925000000000001,-1.25,0.0,0.0,0.0,7.0,1016.99,67.24,-16.56
2025-03-24 18:14:27.927000+00:00,28.704789037011096,,,,27.438,-1.0,-1.688,22.97,-83.25,-11.188,-28.375,0.014,-0.016,-0.017,0.0,0.36,9.36,0.15,0.07,-0.43,-0.16,0.29,9.8,0.8925000000000001,-1.25,0.0,0.0,0.0,7.0,1016.99,67.24,-16.56
2025-03-24 18:14:27.986000+00:00,28.704721347391967,,,,27.438,-1.0,-1.688,22.97,-83.25,-11.188,-28.375,0.014,-0.016,-0.017,0.0,0.36,9.36,0.15,0.07,-0.43,-0.16,0.29,9.8,0.8925000000000001,-1.25,0.0,0.0,0.0,7.0,1016.99,67.24,-16.56
2025-03-24 18:14:28.046000+00:00,28.704653657772838,,,,27.438,-1.0,-1.688,22.97,-83.25,-11.188,-28.375,0.014,-0.016,-0.017,0.0,0.36,9.36,0.15,0.07,-0.43,-0.16,0.29,9.8,0.8925000000000001,-1.25,0.0,0.0,0.0,7.0,1016.99,67.24,-16.56
2025-03-24 18:14:29.980000+00:00,28.633300401497007,,,,27.438,-1.0,-1.688,22.97,-83.25,-11.188,-28.375,0.014,-0.016,-0.017,0.0,0.36,9.36,0.15,0.07,-0.43,-0.16,0.29,9.8,0.8925000000000001,-1.25,0.0,0.0,0.0,7.0,1016.99,67.24,-16.56
2025-03-24 18:14:30.032000+00:00,28.561947145221176,,,,27.438,-1.0,-1.688,22.97,-83.25,-11.188,-28.375,0.014,-0.016,-0.017,0.0,0.36,9.36,0.15,0.07,-0.43,-0.16,0.29,9.8,0.8925000000000001,-1.25,0.0,0.0,0.0,7.0,1016.99,67.24,-16.56
2025-03-24 18:14:32.720000+00:00,28.425765062324466,,,,27.438,-1.0,-1.688,22.97,-83.25,-11.188,-28.375,0.014,-0.016,-0.017,0.0,0.36,9.36,0.15,0.07,-0.43,-0.16,0.29,9.8,0.8925000000000001,-1.25,0.0,0.0,0.0,7.0,1016.99,67.24,-16.56
2025-03-24 18:14:32.771000+00:00,28.289582979427756,,,,27.438,-1.0,-1.688,22.97,-83.25,-11.188,-28.375,0.014,-0.016,-0.017,0.0,0.36,9.36,0.15,0.07,-0.43,-0.16,0.29,9.8,0.8925000000000001,-1.25,0.0,0.0,0.0,7.0,1016.99,67.24,-16.56
2025-03-24 18:14:32.819000+00:00,28.224676022083077,,,,27.438,-1.0,-1.688,22.97,-83.25,-11.188,-28.375,0.014,-0.016,-0.017,0.0,0.36,9.36,0.15,0.07,-0.43,-0.16,0.29,9.8,0.8925000000000001,-1.25,0.0,0.0,0.0,7.0,1016.99,67.24,-16.56
2025-03-24 18:14:34.690000+00:00,28.159617551403056,,,,27.438,-1.0,-1.688,22.97,-83.25,-11.188,-28.375,0.014,-0.016,-0.017,0.0,0.36,9.36,0.15,0.07,-0.43,-0.16,0.29,9.8,0.8925000000000001,-1.25,0.0,0.0,0.0,7.0,1016.99,67.24,-16.56
2025-03-24 18:14:34.740000+00:00,28.09455908072303,,,,27.438,-1.0,-1.688,22.97,-83.25,-11.188,-28.375,0.014,-0.016,-0.017,0.0,0.36,9.36,0.15,0.07,-0.43,-0.16,0.29,9.8,0.8925000000000001,-1.25,0.0,0.0,0.0,7.0,1016.99,67.24,-16.56
2025-03-24 18:14:34.789000+00:00,28.02950174361036,,,,27.438,-1.0,-1.688,22.97,-83.25,-11.188,-28.375,0.014,-0.016,-0.017,0.0,0.36,9.36,0.15,0.07,-0.43,-0.16,0.29,9.8,0.8925000000000001,-1.25,0.0,0.0,0.0,7.0,1016.99,67.24,-16.56
2025-03-24 18:14:36.969000+00:00,27.96440487399475,,,,27.438,-1.0,-1.688,22.97,-83.25,-11.188,-28.375,0.014,-0.016,-0.017,0.0,0.36,9.36,0.15,0.07,-0.43,-0.16,0.29,9.8,0.8925000000000001,-1.25,0.0,0.0,0.0,7.0,1016.99,67.24,-16.56
2025-03-24 18:14:37.070000+00:00,27.899301364887652,,,,27.438,-1.0,-1.688,22.97,-83.25,-11.188,-28.375,0.014,-0.016,-0.017,0.0,0.36,9.36,0.15,0.07,-0.43,-0.16,0.29,9.8,0.8925000000000001,-1.25,0.0,0.0,0.0,7.0,1016.99,67.24,-16.56
2025-03-24 18:14:39.699000+00:00,27.83435526186299,,,,27.438,-1.0,-1.688,22.97,-83.25,-11.188,-28.375,0.014,-0.016,-0.017,0.0,0.36,9.36,0.15,0.07,-0.43,-0.16,0.29,9.8,0.8925000000000001,-1.25,0.0,0.0,0.0,7.0,1016.99,67.24,-16.56
2025-03-24 18:14:39.756000+00:00,27.76934810500926,,,,27.438,-1.0,-1.688,22.97,-83.25,-11.188,-28.375,0.014,-0.016,-0.017,0.0,0.36,9.36,0.15,0.07,-0.43,-0.16,0.29,9.8,0.8925000000000001,-1.25,0.0,0.0,0.0,7.0,1016.99,67.24,-16.56
2025-03-24 18:14:41.799000+00:00,27.64511747530845,,,,27.438,-1.0,-1.688,22.97,-83.25,-11.188,-28.375,0.014,-0.016,-0.017,0.0,0.36,9.36,0.15,0.07,-0.43,-0.16,0.29,9.8,0.8925000000000001,-1.25,0.0,0.0,0.0,7.0,1016.99,67.24,-16.56
2025-03-24 18:14:41.849000+00:00,27.58582288488111,,,,27.438,-1.0,-1.688,22.97,-83.25,-11.188,-28.375,0.014,-0.016,-0.017,0.0,0.36,9.36,0.15,0.07,-0.43,-0.16,0.29,9.8,0.8925000000000001,-1.25,0.0,0.0,0.0,7.0,1016.99,67.24,-16.56
2025-03-24 18:14:44.075000+00:00,27.526516280274897,,,,27.438,-1.0,-1.688,22.97,-83.25,-11.188,-28.375,0.014,-0.016,-0.017,0.0,0.36,9.36,0.15,0.07,-0.43,-0.16,0.29,9.8,0.8925000000000001,-1.25,0.0,0.0,0.0,7.0,1016.99,67.24,-16.56
2025-03-24 18:14:44.176000+00:00,27.402381165367682,,,,27.438,-1.0,-1.688,22.97,-83.25,-11.188,-28.375,0.014,-0.016,-0.017,0.0,0.36,9.36,0.15,0.07,-0.43,-0.16,0.29,9.8,0.8925000000000001,-1.25,0.0,0.0,0.0,7.0,1016.99,67.24,-16.56
2025-03-24 18:14:44.749000+00:00,27.278246050460474,,,,27.438,-1.0,-1.688,22.97,-83.25,-11.188,-28.375,0.014,-0.016,-0.017,0.0,0.36,9.36,0.15,0.07,-0.43,-0.16,0.29,9.8,0.8925000000000001,-1.25,0.0,0.0,0.0,7.0,1016.99,67.24,-16.56
2025-03-24 18:14:47.115000+00:00,27.154074759610676,,,,27.438,-1.0,-1.688,22.97,-83.25,-11.188,-28.375,0.014,-0.016,-0.017,0.0,0.36,9.36,0.15,0.07,-0.43,-0.16,0.29,9.8,0.8925000000000001,-1.25,0.0,0.0,0.0,7.0,1016.99,67.24,-16.56
2025-03-24 18:14:47.169000+00:00,27.02990346876088,,,,27.438,-1.0,-1.688,22.97,-83.25,-11.188,-28.375,0.014,-0.016,-0.017,0.0,0.36,9.36,0.15,0.07,-0.43,-0.16,0.29,9.8,0.8925000000000001,-1.25,0.0,0.0,0.0,7.0,1016.99,67.24,-16.56
2025-03-24 18:14:49.080000+00:00,26.851510869956133,,,,27.438,-1.0,-1.688,22.97,-83.25,-11.188,-28.375,0.014,-0.016,-0.017,0.0,0.36,9.36,0.15,0.07,-0.43,-0.16,0.29,9.8,0.8925000000000001,-1.25,0.0,0.0,0.0,7.0,1016.99,67.24,-16.56
2025-03-24 18:14:49.180000+00:00,26.67312750105661,,,,27.438,-1.0,-1.688,22.97,-83.25,-11.188,-28.375,0.014,-0.016,-0.017,0.0,0.36,9.36,0.15,0.07,-0.43,-0.16,0.29,9.8,0.8925000000000001,-1.25,0.0,0.0,0.0,7.0,1016.99,67.24,-16.56
2025-03-24 18:14:51.768000+00:00,26.494745991921263,,,,27.438,-1.0,-1.688,22.97,-83.25,-11.188,-28.375,0.014,-0.016,-0.017,0.0,0.36,9.36,0.15,0.07,-0.43,-0.16,0.29,9.8,0.8925000000000001,-1.25,0.0,0.0,0.0,7.0,1016.99,67.24,-16.56
2025-03-24 18:14:51.818000+00:00,26.38122205065168,,,,27.438,-1.0,-1.688,22.97,-83.25,-11.188,-28.375,0.014,-0.016,-0.017,0.0,0.36,9.36,0.15,0.07,-0.43,-0.16,0.29,9.8,0.8925000000000001,-1.25,0.0,0.0,0.0,7.0,1016.99,67.24,-16.56
2025-03-24 18:14:51.868000+00:00,26.2676981093821,,,,27.438,-1.0,-1.688,22.97,-83.25,-11.188,-28.375,0.014,-0.016,-0.017,0.0,0.36,9.36,0.15,0.07,-0.43,-0.16,0.29,9.8,0.8925000000000001,-1.25,0.0,0.0,0.0,7.0,1016.99,67.24,-16.56
2025-03-24 18:14:54.158000+00:00,26.2084150788271,,,,27.438,-1.0,-1.688,22.97,-83.25,-11.188,-28.375,0.014,-0.016,-0.017,0.0,0.36,9.36,0.15,0.07,-0.43,-0.16,0.29,9.8,0.8925000000000001,-1.25,0.0,0.0,0.0,7.0,1016.99,67.24,-16.56
2025-03-24 18:14:54.208000+00:00,26.14928356160744,,,,27.438,-1.0,-1.688,22.97,-83.25,-11.188,-28.375,0.014,-0.016,-0.017,0.0,0.36,9.36,0.15,0.07,-0.43,-0.16,0.29,9.8,0.8925000000000001,-1.25,0.0,0.0,0.0,7.0,1016.99,67.24,-16.56
2025-03-24 18:14:54.428000+00:00,26.090152044387782,,,,27.438,-1.0,-1.688,22.97,-83.25,-11.188,-28.375,0.014,-0.016,-0.017,0.0,0.36,9.36,0.15,0.07,-0.43,-0.16,0.29,9.8,0.8925000000000001,-1.25,0.0,0.0,0.0,7.0,1016.99,67.24,-16.56
2025-03-24 18:14:56.955000+00:00,26.03101080820185,,,,27.438,-1.0,-1.688,22.97,-83.25,-11.188,-28.375,0.014,-0.016,-0.017,0.0,0.36,9.36,0.15,0.07,-0.43,-0.16,0.29,9.8,0.8925000000000001,-1.25,0.0,0.0,0.0,7.0,1016.99,67.24,-16.56
2025-03-24 18:14:57.008000+00:00,25.971909104518858,,,,27.438,-1.0,-1.688,22.97,-83.25,-11.188,-28.375,0.014,-0.016,-0.017,0.0,0.36,9.36,0.15,0.07,-0.43,-0.16,0.29,9.8,0.8925000000000001,-1.25,0.0,0.0,0.0,7.0,1016.99,67.24,-16.56
2025-03-24 18:14:57.059000+00:00,25.912807400835856,,,,27.438,-1.0,-1.688,22.97,-83.25,-11.188,-28.375,0.014,-0.016,-0.017,0.0,0.36,9.36,0.15,0.07,-0.43,-0.16,0.29,9.8,0.8925000000000001,-1.25,0.0,0.0,0.0,7.0,1016.99,67.24,-16.56
2025-03-24 18:14:59.097000+00:00,25.85362861187877,,,,27.438,-1.0,-1.688,22.97,-83.25,-11.188,-28.375,0.014,-0.016,-0.017,0.0,0.36,9.36,0.15,0.07,-0.43,-0.16,0.29,9.8,0.8925000000000001,-1.25,0.0,0.0,0.0,7.0,1016.99,67.24,-16.56
2025-03-24 18:14:59.188000+00:00,25.79444982292169,,,,27.438,-1.0,-1.688,22.97,-83.25,-11.188,-28.375,0.014,-0.016,-0.017,0.0,0.36,9.36,0.15,0.07,-0.43,-0.16,0.29,9.8,0.8925000000000001,-1.25,0.0,0.0,0.0,7.0,1016.99,67.24,-16.56
2025-03-24 18:15:01.797000+00:00,25.794401767535145,,,,27.438,-1.0,-1.688,22.97,-83.25,-11.188,-28.375,0.014,-0.016,-0.017,0.0,0.36,9.36,0.15,0.07,-0.43,-0.16,0.29,9.8,0.8925000000000001,-1.25,0.0,0.0,0.0,7.0,1016.99,67.24,-16.56
2025-03-24 18:15:01.849000+00:00,25.79435371214861,,,,27.438,-1.0,-1.688,22.97,-83.25,-11.188,-28.375,0.014,-0.016,-0.017,0.0,0.36,9.36,0.15,0.07,-0.43,-0.16,0.29,9.8,0.8925000000000001,-1.25,0.0,0.0,0.0,7.0,1016.99,67.24,-16.56
2025-03-24 18:15:03.859000+00:00,25.918487693553544,,,,27.438,-1.0,-1.688,22.97,-83.25,-11.188,-28.375,0.014,-0.016,-0.017,0.0,0.36,9.36,0.15,0.07,-0.43,-0.16,0.29,9.8,0.8925000000000001,-1.25,0.0,0.0,0.0,7.0,1016.99,67.24,-16.56
2025-03-24 18:15:03.908000+00:00,26.04262167495848,,,,27.438,-1.0,-1.688,22.97,-83.25,-11.188,-28.375,0.014,-0.016,-0.017,0.0,0.36,9.36,0.15,0.07,-0.43,-0.16,0.29,9.8,0.8925000000000001,-1.25,0.0,0.0,0.0,7.0,1016.99,67.24,-16.56
2025-03-24 18:15:03.960000+00:00,26.166755656363414,,,,27.438,-1.0,-1.688,22.97,-83.25,-11.188,-28.375,0.014,-0.016,-0.017,0.0,0.36,9.36,0.15,0.07,-0.43,-0.16,0.29,9.8,0.8925000000000001,-1.25,0.0,0.0,0.0,7.0,1016.99,67.24,-16.56
2025-03-24 18:15:06.119000+00:00,26.29098038585271,,,,27.438,-1.0,-1.688,22.97,-83.25,-11.188,-28.375,0.014,-0.016,-0.017,0.0,0.36,9.36,0.15,0.07,-0.43,-0.16,0.29,9.8,0.8925000000000001,-1.25,0.0,0.0,0.0,7.0,1016.99,67.24,-16.56
2025-03-24 18:15:06.168000+00:00,26.415205115342,,,,27.438,-1.0,-1.688,22.97,-83.25,-11.188,-28.375,0.014,-0.016,-0.017,0.0,0.36,9.36,0.15,0.07,-0.43,-0.16,0.29,9.8,0.8925000000000001,-1.25,0.0,0.0,0.0,7.0,1016.99,67.24,-16.56
2025-03-24 18:15:08.296000+00:00,26.52879952892126,,,,27.438,-1.0,-1.688,22.97,-83.25,-11.188,-28.375,0.014,-0.016,-0.017,0.0,0.36,9.36,0.15,0.07,-0.43,-0.16,0.29,9.8,0.8925000000000001,-1.25,0.0,0.0,0.0,7.0,1016.99,67.24,-16.56
2025-03-24 18:15:08.509000+00:00,26.642393942500526,,,,27.438,-1.0,-1.688,22.97,-83.25,-11.188,-28.375,0.014,-0.016,-0.017,0.0,0.36,9.36,0.15,0.07,-0.43,-0.16,0.29,9.8,0.8925000000000001,-1.25,0.0,0.0,0.0,7.0,1016.99,67.24,-16.56
2025-03-24 18:15:10.887000+00:00,26.642398529942493,,,,27.438,-1.0,-1.688,22.97,-83.25,-11.188,-28.375,0.014,-0.016,-0.017,0.0,0.36,9.36,0.15,0.07,-0.43,-0.16,0.29,9.8,0.8925000000000001,-1.25,0.0,0.0,0.0,7.0,1016.99,67.24,-16.56
2025-03-24 18:15:10.937000+00:00,26.642403117384465,,,,27.438,-1.0,-1.688,22.97,-83.25,-11.188,-28.375,0.014,-0.016,-0.017,0.0,0.36,9.36,0.15,0.07,-0.43,-0.16,0.29,9.8,0.8925000000000001,-1.25,0.0,0.0,0.0,7.0,1016.99,67.24,-16.56
2025-03-24 18:15:13.597000+00:00,26.6423178218992,,,,27.438,-1.0,-1.688,22.97,-83.25,-11.188,-28.375,0.014,-0.016,-0.017,0.0,0.36,9.36,0.15,0.07,-0.43,-0.16,0.29,9.8,0.8925000000000001,-1.25,0.0,0.0,0.0,7.0,1016.99,67.24,-16.56
2025-03-24 18:15:13.797000+00:00,26.58799161569936,,,,27.438,-1.0,-1.688,22.97,-83.25,-11.188,-28.375,0.014,-0.016,-0.017,0.0,0.36,9.36,0.15,0.07,-0.43,-0.16,0.29,9.8,0.8925000000000001,-1.25,0.0,0.0,0.0,7.0,1016.99,67.24,-16.56
2025-03-24 18:15:13.847000+00:00,26.53366540949952,,,,27.438,-1.0,-1.688,22.97,-83.25,-11.188,-28.375,0.014,-0.016,-0.017,0.0,0.36,9.36,0.15,0.07,-0.43,-0.16,0.29,9.8,0.8925000000000001,-1.25,0.0,0.0,0.0,7.0,1016.99,67.24,-16.56
2025-03-24 18:15:16.188000+00:00,26.59297175278956,,,,27.438,-1.0,-1.688,22.97,-83.25,-11.188,-28.375,0.014,-0.016,-0.017,0.0,0.36,9.36,0.15,0.07,-0.43,-0.16,0.29,9.8,0.8925000000000001,-1.25,0.0,0.0,0.0,7.0,1016.99,67.24,-16.56
2025-03-24 18:15:16.238000+00:00,26.652287815045877,,,,27.438,-1.0,-1.688,22.97,-83.25,-11.188,-28.375,0.014,-0.016,-0.017,0.0,0.36,9.36,0.15,0.07,-0.43,-0.16,0.29,9.8,0.8925000000000001,-1.25,0.0,0.0,0.0,7.0,1016.99,67.24,-16.56
2025-03-24 18:15:16.288000+00:00,26.711603877302196,,,,27.438,-1.0,-1.688,22.97,-83.25,-11.188,-28.375,0.014,-0.016,-0.017,0.0,0.36,9.36,0.15,0.07,-0.43,-0.16,0.29,9.8,0.8925000000000001,-1.25,0.0,0.0,0.0,7.0,1016.99,67.24,-16.56
2025-03-24 18:15:18.253000+00:00,26.835749013040374,,,,27.438,-1.0,-1.688,22.97,-83.25,-11.188,-28.375,0.014,-0.016,-0.017,0.0,0.36,9.36,0.15,0.07,-0.43,-0.16,0.29,9.8,0.8925000000000001,-1.25,0.0,0.0,0.0,7.0,1016.99,67.24,-16.56
2025-03-24 18:15:18.314000+00:00,26.959813827970198,,,,27.438,-1.0,-1.688,22.97,-83.25,-11.188,-28.375,0.014,-0.016,-0.017,0.0,0.36,9.36,0.15,0.07,-0.43,-0.16,0.29,9.8,0.8925000000000001,-1.25,0.0,0.0,0.0,7.0,1016.99,67.24,-16.56
2025-03-24 18:15:20.317000+00:00,27.0839027702728,,,,27.438,-1.0,-1.688,22.97,-83.25,-11.188,-28.375,0.014,-0.016,-0.017,0.0,0.36,9.36,0.15,0.07,-0.43,-0.16,0.29,9.8,0.8925000000000001,-1.25,0.0,0.0,0.0,7.0,1016.99,67.24,-16.56
2025-03-24 18:15:20.373000+00:00,27.208084451851942,,,,27.438,-1.0,-1.688,22.97,-83.25,-11.188,-28.375,0.014,-0.016,-0.017,0.0,0.36,9.36,0.15,0.07,-0.43,-0.16,0.29,9.8,0.8925000000000001,-1.25,0.0,0.0,0.0,7.0,1016.99,67.24,-16.56
2025-03-24 18:15:22.536000+00:00,27.3322551221799,,,,27.438,-1.0,-1.688,22.97,-83.25,-11.188,-28.375,0.014,-0.016,-0.017,0.0,0.36,9.36,0.15,0.07,-0.43,-0.16,0.29,9.8,0.8925000000000001,-1.25,0.0,0.0,0.0,7.0,1016.99,67.24,-16.56
2025-03-24 18:15:22.588000+00:00,27.332255769895273,,,,27.438,-1.0,-1.688,22.97,-83.25,-11.188,-28.375,0.014,-0.016,-0.017,0.0,0.36,9.36,0.15,0.07,-0.43,-0.16,0.29,9.8,0.8925000000000001,-1.25,0.0,0.0,0.0,7.0,1016.99,67.24,-16.56
2025-03-24 18:15:24.687000+00:00,27.332236662556404,,,,27.438,-1.0,-1.688,22.97,-83.25,-11.188,-28.375,0.014,-0.016,-0.017,0.0,0.36,9.36,0.15,0.07,-0.43,-0.16,0.29,9.8,0.8925000000000001,-1.25,0.0,0.0,0.0,7.0,1016.99,67.24,-16.56
2025-03-24 18:14:25.236000+00:00,27.332236662556404,,,,27.438,-1.0,-1.688,22.97,-83.25,-11.188,-28.375,0.014,-0.016,-0.017,0.0,0.36,9.36,0.15,0.07,-0.43,-0.16,0.29,9.8,0.8925000000000001,-1.25,0.0,0.0,0.0,7.0,1016.99,67.24,-16.56
2025-03-24 18:14:26.361000+00:00,27.332236662556404,,,,27.375,-0.938,-1.688,22.97,-83.25,-11.188,-28.375,0.014,-0.016,-0.017,0.0,0.36,9.36,0.15,0.07,-0.43,-0.16,0.29,9.8,0.8925000000000001,-1.25,0.0,0.0,0.0,7.0,1016.99,67.24,-16.56
2025-03-24 18:14:27.089000+00:00,27.332236662556404,,,,27.375,-0.938,-1.625,22.97,-83.25,-11.188,-28.375,0.014,-0.016,-0.017,0.0,0.36,9.36,0.15,0.07,-0.43,-0.16,0.29,9.8,0.8925000000000001,-1.25,0.0,0.0,0.0,7.0,1016.99,67.24,-16.56
2025-03-24 18:14:28.106000+00:00,27.332236662556404,,,,27.312,-1.0,-1.688,22.97,-83.25,-11.188,-28.375,0.014,-0.016,-0.017,0.0,0.36,9.36,0.15,0.07,-0.43,-0.16,0.29,9.8,0.8925000000000001,-1.25,0.0,0.0,0.0,7.0,1016.99,67.24,-16.56
2025-03-24 18:14:29.111000+00:00,27.332236662556404,,,,27.375,-0.938,-1.625,22.97,-83.25,-11.188,-28.375,0.014,-0.016,-0.017,0.0,0.36,9.36,0.15,0.07,-0.43,-0.16,0.29,9.8,0.8925000000000001,-1.25,0.0,0.0,0.0,7.0,1016.99,67.24,-16.56
2025-03-24 18:14:30.122000+00:00,27.332236662556404,,,,27.312,-1.0,-1.562,22.97,-83.25,-11.188,-28.375,0.014,-0.016,-0.017,0.0,0.36,9.36,0.15,0.07,-0.43,-0.16,0.29,9.8,0.8925000000000001,-1.25,0.0,0.0,0.0,7.0,1016.99,67.24,-16.56
2025-03-24 18:14:31.131000+00:00,27.332236662556404,,,,27.375,-1.0,-1.562,22.97,-83.25,-11.188,-28.375,0.014,-0.016,-0.017,0.0,0.36,9.36,0.15,0.07,-0.43,-0.16,0.29,9.8,0.8925000000000001,-1.25,0.0,0.0,0.0,7.0,1016.99,67.24,-16.56
2025-03-24 18:14:32.186000+00:00,27.332236662556404,,,,27.312,-1.0,-1.625,22.97,-83.25,-11.188,-28.375,0.014,-0.016,-0.017,0.0,0.36,9.36,0.15,0.07,-0.43,-0.16,0.29,9.8,0.8925000000000001,-1.25,0.0,0.0,0.0,7.0,1016.99,67.24,-16.56
2025-03-24 18:14:33.250000+00:00,27.332236662556404,,,,27.312,-1.0,-1.688,22.97,-83.25,-11.188,-28.375,0.014,-0.016,-0.017,0.0,0.36,9.36,0.15,0.07,-0.43,-0.16,0.29,9.8,0.8925000000000001,-1.25,0.0,0.0,0.0,7.0,1016.99,67.24,-16.56
2025-03-24 18:14:34.158000+00:00,27.332236662556404,,,,27.188,-0.875,-1.688,22.97,-83.25,-11.188,-28.375,0.014,-0.016,-0.017,0.0,0.36,9.36,0.15,0.07,-0.43,-0.16,0.29,9.8,0.8925000000000001,-1.25,0.0,0.0,0.0,7.0,1016.99,67.24,-16.56
2025-03-24 18:14:35.259000+00:00,27.332236662556404,,,,27.188,-1.0,-1.75,22.97,-83.25,-11.188,-28.375,0.014,-0.016,-0.017,0.0,0.36,9.36,0.15,0.07,-0.43,-0.16,0.29,9.8,0.8925000000000001,-1.25,0.0,0.0,0.0,7.0,1016.99,67.24,-16.56
2025-03-24 18:14:36.399000+00:00,27.332236662556404,,,,27.125,-1.0,-1.688,22.97,-83.25,-11.188,-28.375,0.014,-0.016,-0.017,0.0,0.36,9.36,0.15,0.07,-0.43,-0.16,0.29,9.8,0.8925000000000001,-1.25,0.0,0.0,0.0,7.0,1016.99,67.24,-16.56
2025-03-24 18:14:37.635000+00:00,27.332236662556404,,,,27.125,-0.812,-1.688,22.97,-83.25,-11.188,-28.375,0.014,-0.016,-0.017,0.0,0.36,9.36,0.15,0.07,-0.43,-0.16,0.29,9.8,0.8925000000000001,-1.25,0.0,0.0,0.0,7.0,1016.99,67.24,-16.56
2025-03-24 18:14:38.350000+00:00,27.332236662556404,,,,27.188,-0.812,-1.688,22.97,-83.25,-11.188,-28.375,0.014,-0.016,-0.017,0.0,0.36,9.36,0.15,0.07,-0.43,-0.16,0.29,9.8,0.8925000000000001,-1.25,0.0,0.0,0.0,7.0,1016.99,67.24,-16.56
2025-03-24 18:14:39.350000+00:00,27.332236662556404,,,,27.125,-0.875,-1.75,22.97,-83.25,-11.188,-28.375,0.014,-0.016,-0.017,0.0,0.36,9.36,0.15,0.07,-0.43,-0.16,0.29,9.8,0.8925000000000001,-1.25,0.0,0.0,0.0,7.0,1016.99,67.24,-16.56
2025-03-24 18:14:40.249000+00:00,27.332236662556404,,,,27.062,-0.875,-1.688,22.97,-83.25,-11.188,-28.375,0.014,-0.016,-0.017,0.0,0.36,9.36,0.15,0.07,-0.43,-0.16,0.29,9.8,0.8925000000000001,-1.25,0.0,0.0,0.0,7.0,1016.99,67.24,-16.56
2025-03-24 18:14:41.440000+00:00,27.332236662556404,,,,27.0,-0.938,-1.688,22.97,-83.25,-11.188,-28.375,0.014,-0.016,-0.017,0.0,0.36,9.36,0.15,0.07,-0.43,-0.16,0.29,9.8,0.8925000000000001,-1.25,0.0,0.0,0.0,7.0,1016.99,67.24,-16.56
2025-03-24 18:14:42.576000+00:00,27.332236662556404,,,,27.0,-1.0,-1.688,22.97,-83.25,-11.188,-28.375,0.014,-0.016,-0.017,0.0,0.36,9.36,0.15,0.07,-0.43,-0.16,0.29,9.8,0.8925000000000001,-1.25,0.0,0.0,0.0,7.0,1016.99,67.24,-16.56
2025-03-24 18:14:43.370000+00:00,27.332236662556404,,,,27.0,-1.0,-1.688,22.97,-83.25,-11.188,-28.375,0.014,-0.016,-0.017,0.0,0.36,9.36,0.15,0.07,-0.43,-0.16,0.29,9.8,0.8925000000000001,-1.25,0.0,0.0,0.0,7.0,1016.99,67.24,-16.56
2025-03-24 18:14:44.379000+00:00,27.332236662556404,,,,26.938,-0.875,-1.688,22.97,-83.25,-11.188,-28.375,0.014,-0.016,-0.017,0.0,0.36,9.36,0.15,0.07,-0.43,-0.16,0.29,9.8,0.8925000000000001,-1.25,0.0,0.0,0.0,7.0,1016.99,67.24,-16.56
2025-03-24 18:14:45.375000+00:00,27.332236662556404,,,,26.938,-0.875,-1.75,22.97,-83.25,-11.188,-28.375,0.014,-0.016,-0.017,0.0,0.36,9.36,0.15,0.07,-0.43,-0.16,0.29,9.8,0.8925000000000001,-1.25,0.0,0.0,0.0,7.0,1016.99,67.24,-16.56
2025-03-24 18:14:46.389000+00:00,27.332236662556404,,,,26.812,-1.0,-1.75,22.97,-83.25,-11.188,-28.375,0.014,-0.016,-0.017,0.0,0.36,9.36,0.15,0.07,-0.43,-0.16,0.29,9.8,0.8925000000000001,-1.25,0.0,0.0,0.0,7.0,1016.99,67.24,-16.56
2025-03-24 18:14:47.418000+00:00,27.332236662556404,,,,26.75,-1.0,-1.75,22.97,-83.25,-11.188,-28.375,0.014,-0.016,-0.017,0.0,0.36,9.36,0.15,0.07,-0.43,-0.16,0.29,9.8,0.8925000000000001,-1.25,0.0,0.0,0.0,7.0,1016.99,67.24,-16.56
2025-03-24 18:14:48.388000+00:00,27.332236662556404,,,,26.75,-0.812,-1.812,22.97,-83.25,-11.188,-28.375,0.014,-0.016,-0.017,0.0,0.36,9.36,0.15,0.07,-0.43,-0.16,0.29,9.8,0.8925000000000001,-1.25,0.0,0.0,0.0,7.0,1016.99,67.24,-16.56
2025-03-24 18:14:49.388000+00:00,27.332236662556404,,,,26.812,-0.812,-1.812,22.97,-83.25,-11.188,-28.375,0.014,-0.016,-0.017,0.0,0.36,9.36,0.15,0.07,-0.43,-0.16,0.29,9.8,0.8925000000000001,-1.25,0.0,0.0,0.0,7.0,1016.99,67.24,-16.56
2025-03-24 18:14:50.408000+00:00,27.332236662556404,,,,26.812,-0.938,-1.812,22.97,-83.25,-11.188,-28.375,0.014,-0.016,-0.017,0.0,0.36,9.36,0.15,0.07,-0.43,-0.16,0.29,9.8,0.8925000000000001,-1.25,0.0,0.0,0.0,7.0,1016.99,67.24,-16.56
2025-03-24 18:14:51.387000+00:00,27.332236662556404,,,,26.812,-0.938,-1.812,22.97,-83.25,-11.188,-28.375,0.014,-0.016,-0.017,0.0,0.36,9.36,0.15,0.07,-0.43,-0.16,0.29,9.8,0.8925000000000001,-1.25,0.0,0.0,0.0,7.0,1016.99,67.24,-16.56
2025-03-24 18:14:52.458000+00:00,27.332236662556404,,,,26.875,-1.0,-1.812,22.97,-83.25,-11.188,-28.375,0.014,-0.016,-0.017,0.0,0.36,9.36,0.15,0.07,-0.43,-0.16,0.29,9.8,0.8925000000000001,-1.25,0.0,0.0,0.0,7.0,1016.99,67.24,-16.56
2025-03-24 18:14:53.407000+00:00,27.332236662556404,,,,26.75,-0.938,-1.688,22.97,-83.25,-11.188,-28.375,0.014,-0.016,-0.017,0.0,0.36,9.36,0.15,0.07,-0.43,-0.16,0.29,9.8,0.8925000000000001,-1.25,0.0,0.0,0.0,7.0,1016.99,67.24,-16.56
2025-03-24 18:14:54.477000+00:00,27.332236662556404,,,,26.812,-0.812,-1.75,22.97,-83.25,-11.188,-28.375,0.014,-0.016,-0.017,0.0,0.36,9.36,0.15,0.07,-0.43,-0.16,0.29,9.8,0.8925000000000001,-1.25,0.0,0.0,0.0,7.0,1016.99,67.24,-16.56
2025-03-24 18:14:55.418000+00:00,27.332236662556404,,,,26.688,-0.938,-1.812,22.97,-83.25,-11.188,-28.375,0.014,-0.016,-0.017,0.0,0.36,9.36,0.15,0.07,-0.43,-0.16,0.29,9.8,0.8925000000000001,-1.25,0.0,0.0,0.0,7.0,1016.99,67.24,-16.56
2025-03-24 18:14:56.579000+00:00,27.332236662556404,,,,26.75,-1.062,-1.75,22.97,-83.25,-11.188,-28.375,0.014,-0.016,-0.017,0.0,0.36,9.36,0.15,0.07,-0.43,-0.16,0.29,9.8,0.8925000000000001,-1.25,0.0,0.0,0.0,7.0,1016.99,67.24,-16.56
2025-03-24 18:14:57.728000+00:00,27.332236662556404,,,,26.688,-0.938,-1.688,22.97,-83.25,-11.188,-28.375,0.014,-0.016,-0.017,0.0,0.36,9.36,0.15,0.07,-0.43,-0.16,0.29,9.8,0.8925000000000001,-1.25,0.0,0.0,0.0,7.0,1016.99,67.24,-16.56
2025-03-24 18:14:58.418000+00:00,27.332236662556404,,,,26.562,-0.875,-1.75,22.97,-83.25,-11.188,-28.375,0.014,-0.016,-0.017,0.0,0.36,9.36,0.15,0.07,-0.43,-0.16,0.29,9.8,0.8925000000000001,-1.25,0.0,0.0,0.0,7.0,1016.99,67.24,-16.56
2025-03-24 18:14:59.418000+00:00,27.332236662556404,,,,26.562,-0.875,-1.688,22.97,-83.25,-11.188,-28.375,0.014,-0.016,-0.017,0.0,0.36,9.36,0.15,0.07,-0.43,-0.16,0.29,9.8,0.8925000000000001,-1.25,0.0,0.0,0.0,7.0,1016.99,67.24,-16.56
2025-03-24 18:15:00.435000+00:00,27.332236662556404,,,,26.562,-1.0,-1.625,22.97,-83.25,-11.188,-28.375,0.014,-0.016,-0.017,0.0,0.36,9.36,0.15,0.07,-0.43,-0.16,0.29,9.8,0.8925000000000001,-1.25,0.0,0.0,0.0,7.0,1016.99,67.24,-16.56
2025-03-24 18:15:01.439000+00:00,27.332236662556404,,,,26.562,-0.875,-1.625,22.97,-83.25,-11.188,-28.375,0.014,-0.016,-0.017,0.0,0.36,9.36,0.15,0.07,-0.43,-0.16,0.29,9.8,0.8925000000000001,-1.25,0.0,0.0,0.0,7.0,1016.99,67.24,-16.56
2025-03-24 18:15:02.441000+00:00,27.332236662556404,,,,26.5,-0.938,-1.562,22.97,-83.25,-11.188,-28.375,0.014,-0.016,-0.017,0.0,0.36,9.36,0.15,0.07,-0.43,-0.16,0.29,9.8,0.8925000000000001,-1.25,0.0,0.0,0.0,7.0,1016.99,67.24,-16.56
2025-03-24 18:15:03.498000+00:00,27.332236662556404,,,,26.562,-1.0,-1.625,22.97,-83.25,-11.188,-28.375,0.014,-0.016,-0.017,0.0,0.36,9.36,0.15,0.07,-0.43,-0.16,0.29,9.8,0.8925000000000001,-1.25,0.0,0.0,0.0,7.0,1016.99,67.24,-16.56
2025-03-24 18:15:04.579000+00:00,27.332236662556404,,,,26.5,-0.938,-1.562,22.97,-83.25,-11.188,-28.375,0.014,-0.016,-0.017,0.0,0.36,9.36,0.15,0.07,-0.43,-0.16,0.29,9.8,0.8925000000000001,-1.25,0.0,0.0,0.0,7.0,1016.99,67.24,-16.56
2025-03-24 18:15:05.738000+00:00,27.332236662556404,,,,26.5,-0.875,-1.562,22.97,-83.25,-11.188,-28.375,0.014,-0.016,-0.017,0.0,0.36,9.36,0.15,0.07,-0.43,-0.16,0.29,9.8,0.8925000000000001,-1.25,0.0,0.0,0.0,7.0,1016.99,67.24,-16.56
2025-03-24 18:15:06.749000+00:00,27.332236662556404,,,,26.562,-1.0,-1.562,22.97,-83.25,-11.188,-28.375,0.014,-0.016,-0.017,0.0,0.36,9.36,0.15,0.07,-0.43,-0.16,0.29,9.8,0.8925000000000001,-1.25,0.0,0.0,0.0,7.0,1016.99,67.24,-16.56
2025-03-24 18:15:07.488000+00:00,27.332236662556404,,,,26.562,-0.938,-1.688,22.97,-83.25,-11.188,-28.375,0.014,-0.016,-0.017,0.0,0.36,9.36,0.15,0.07,-0.43,-0.16,0.29,9.8,0.8925000000000001,-1.25,0.0,0.0,0.0,7.0,1016.99,67.24,-16.56
2025-03-24 18:15:08.878000+00:00,27.332236662556404,,,,26.5,-0.875,-1.5,22.97,-83.25,-11.188,-28.375,0.014,-0.016,-0.017,0.0,0.36,9.36,0.15,0.07,-0.43,-0.16,0.29,9.8,0.8925000000000001,-1.25,0.0,0.0,0.0,7.0,1016.99,67.24,-16.56
2025-03-24 18:15:09.504000+00:00,27.332236662556404,,,,26.5,-1.0,-1.625,22.97,-83.25,-11.188,-28.375,0.014,-0.016,-0.017,0.0,0.36,9.36,0.15,0.07,-0.43,-0.16,0.29,9.8,0.8925000000000001,-1.25,0.0,0.0,0.0,7.0,1016.99,67.24,-16.56
2025-03-24 18:15:10.515000+00:00,27.332236662556404,,,,26.562,-1.062,-1.562,22.97,-83.25,-11.188,-28.375,0.014,-0.016,-0.017,0.0,0.36,9.36,0.15,0.07,-0.43,-0.16,0.29,9.8,0.8925000000000001,-1.25,0.0,0.0,0.0,7.0,1016.99,67.24,-16.56
2025-03-24 18:15:11.574000+00:00,27.332236662556404,,,,26.438,-1.062,-1.562,22.97,-83.25,-11.188,-28.375,0.014,-0.016,-0.017,0.0,0.36,9.36,0.15,0.07,-0.43,-0.16,0.29,9.8,0.8925000000000001,-1.25,0.0,0.0,0.0,7.0,1016.99,67.24,-16.56
2025-03-24 18:15:12.597000+00:00,27.332236662556404,,,,26.438,-0.938,-1.625,22.97,-83.25,-11.188,-28.375,0.014,-0.016,-0.017,0.0,0.36,9.36,0.15,0.07,-0.43,-0.16,0.29,9.8,0.8925000000000001,-1.25,0.0,0.0,0.0,7.0,1016.99,67.24,-16.56
2025-03-24 18:15:13.907000+00:00,27.332236662556404,,,,26.375,-0.938,-1.562,22.97,-83.25,-11.188,-28.375,0.014,-0.016,-0.017,0.0,0.36,9.36,0.15,0.07,-0.43,-0.16,0.29,9.8,0.8925000000000001,-1.25,0.0,0.0,0.0,7.0,1016.99,67.24,-16.56
2025-03-24 18:15:14.778000+00:00,27.332236662556404,,,,26.438,-1.0,-1.5,22.97,-83.25,-11.188,-28.375,0.014,-0.016,-0.017,0.0,0.36,9.36,0.15,0.07,-0.43,-0.16,0.29,9.8,0.8925000000000001,-1.25,0.0,0.0,0.0,7.0,1016.99,67.24,-16.56
2025-03-24 18:15:15.827000+00:00,27.332236662556404,,,,26.375,-1.0,-1.562,22.97,-83.25,-11.188,-28.375,0.014,-0.016,-0.017,0.0,0.36,9.36,0.15,0.07,-0.43,-0.16,0.29,9.8,0.8925000000000001,-1.25,0.0,0.0,0.0,7.0,1016.99,67.24,-16.56
2025-03-24 18:15:16.573000+00:00,27.332236662556404,,,,26.438,-0.875,-1.625,22.97,-83.25,-11.188,-28.375,0.014,-0.016,-0.017,0.0,0.36,9.36,0.15,0.07,-0.43,-0.16,0.29,9.8,0.8925000000000001,-1.25,0.0,0.0,0.0,7.0,1016.99,67.24,-16.56
2025-03-24 18:15:17.583000+00:00,27.332236662556404,,,,26.438,-0.938,-1.5,22.97,-83.25,-11.188,-28.375,0.014,-0.016,-0.017,0.0,0.36,9.36,0.15,0.07,-0.43,-0.16,0.29,9.8,0.8925000000000001,-1.25,0.0,0.0,0.0,7.0,1016.99,67.24,-16.56
2025-03-24 18:15:18.594000+00:00,27.332236662556404,,,,26.375,-0.938,-1.5,22.97,-83.25,-11.188,-28.375,0.014,-0.016,-0.017,0.0,0.36,9.36,0.15,0.07,-0.43,-0.16,0.29,9.8,0.8925000000000001,-1.25,0.0,0.0,0.0,7.0,1016.99,67.24,-16.56
2025-03-24 18:15:19.602000+00:00,27.332236662556404,,,,26.375,-0.875,-1.5,22.97,-83.25,-11.188,-28.375,0.014,-0.016,-0.017,0.0,0.36,9.36,0.15,0.07,-0.43,-0.16,0.29,9.8,0.8925000000000001,-1.25,0.0,0.0,0.0,7.0,1016.99,67.24,-16.56
2025-03-24 18:15:20.610000+00:00,27.332236662556404,,,,26.312,-0.938,-1.5,22.97,-83.25,-11.188,-28.375,0.014,-0.016,-0.017,0.0,0.36,9.36,0.15,0.07,-0.43,-0.16,0.29,9.8,0.8925000000000001,-1.25,0.0,0.0,0.0,7.0,1016.99,67.24,-16.56
2025-03-24 18:15:21.617000+00:00,27.332236662556404,,,,26.312,-0.938,-1.562,22.97,-83.25,-11.188,-28.375,0.014,-0.016,-0.017,0.0,0.36,9.36,0.15,0.07,-0.43,-0.16,0.29,9.8,0.8925000000000001,-1.25,0.0,0.0,0.0,7.0,1016.99,67.24,-16.56
2025-03-24 18:15:22.638000+00:00,27.332236662556404,,,,26.25,-0.938,-1.562,22.97,-83.25,-11.188,-28.375,0.014,-0.016,-0.017,0.0,0.36,9.36,0.15,0.07,-0.43,-0.16,0.29,9.8,0.8925000000000001,-1.25,0.0,0.0,0.0,7.0,1016.99,67.24,-16.56
2025-03-24 18:15:23.638000+00:00,27.332236662556404,,,,26.312,-0.938,-1.625,22.97,-83.25,-11.188,-28.375,0.014,-0.016,-0.017,0.0,0.36,9.36,0.15,0.07,-0.43,-0.16,0.29,9.8,0.8925000000000001,-1.25,0.0,0.0,0.0,7.0,1016.99,67.24,-16.56
2025-03-24 18:15:24.737000+00:00,27.332236662556404,,,,26.188,-0.875,-1.688,22.97,-83.25,-11.188,-28.375,0.014,-0.016,-0.017,0.0,0.36,9.36,0.15,0.07,-0.43,-0.16,0.29,9.8,0.8925000000000001,-1.25,0.0,0.0,0.0,7.0,1016.99,67.24,-16.56
2025-03-24 18:14:26.157000+00:00,27.332236662556404,,,,26.188,-0.875,-1.688,22.97,-83.25,-11.188,-28.375,0.014,-0.016,-0.017,0.0,0.36,9.36,0.15,0.07,-0.43,-0.16,0.29,9.8,0.8925000000000001,-1.25,0.0,0.0,0.0,7.0,1016.99,67.24,-16.56
2025-03-24 18:14:26.410000+00:00,27.332236662556404,,,,26.188,-0.875,-1.688,23.0,-83.25,-11.188,-28.375,0.014,-0.016,-0.017,0.0,0.36,9.36,0.15,0.07,-0.43,-0.16,0.29,9.8,0.8925000000000001,-1.25,0.0,0.0,0.0,7.0,1016.99,67.24,-16.56
2025-03-24 18:14:27.140000+00:00,27.332236662556404,,,,26.188,-0.875,-1.688,23.0,-83.25,-11.188,-28.375,0.014,-0.016,-0.017,0.0,0.36,9.36,0.15,0.07,-0.43,-0.16,0.29,9.8,0.8925000000000001,-1.25,0.0,0.0,0.0,7.0,1016.99,67.24,-16.56
2025-03-24 18:14:27.710000+00:00,27.332236662556404,,,,26.188,-0.875,-1.688,22.97,-83.25,-11.188,-28.375,0.014,-0.016,-0.017,0.0,0.36,9.36,0.15,0.07,-0.43,-0.16,0.29,9.8,0.8925000000000001,-1.25,0.0,0.0,0.0,7.0,1016.99,67.24,-16.56
2025-03-24 18:14:28.167000+00:00,27.332236662556404,,,,26.188,-0.875,-1.688,23.0,-83.25,-11.188,-28.375,0.014,-0.016,-0.017,0.0,0.36,9.36,0.15,0.07,-0.43,-0.16,0.29,9.8,0.8925000000000001,-1.25,0.0,0.0,0.0,7.0,1016.99,67.24,-16.56
2025-03-24 18:14:28.734000+00:00,27.332236662556404,,,,26.188,-0.875,-1.688,22.97,-83.25,-11.188,-28.375,0.014,-0.016,-0.017,0.0,0.36,9.36,0.15,0.07,-0.43,-0.16,0.29,9.8,0.8925000000000001,-1.25,0.0,0.0,0.0,7.0,1016.99,67.24,-16.56
2025-03-24 18:14:29.168000+00:00,27.332236662556404,,,,26.188,-0.875,-1.688,23.0,-83.25,-11.188,-28.375,0.014,-0.016,-0.017,0.0,0.36,9.36,0.15,0.07,-0.43,-0.16,0.29,9.8,0.8925000000000001,-1.25,0.0,0.0,0.0,7.0,1016.99,67.24,-16.56
2025-03-24 18:14:29.784000+00:00,27.332236662556404,,,,26.188,-0.875,-1.688,22.97,-83.25,-11.188,-28.375,0.014,-0.016,-0.017,0.0,0.36,9.36,0.15,0.07,-0.43,-0.16,0.29,9.8,0.8925000000000001,-1.25,0.0,0.0,0.0,7.0,1016.99,67.24,-16.56
2025-03-24 18:14:30.170000+00:00,27.332236662556404,,,,26.188,-0.875,-1.688,23.0,-83.25,-11.188,-28.375,0.014,-0.016,-0.017,0.0,0.36,9.36,0.15,0.07,-0.43,-0.16,0.29,9.8,0.8925000000000001,-1.25,0.0,0.0,0.0,7.0,1016.99,67.24,-16.56
2025-03-24 18:14:30.806000+00:00,27.332236662556404,,,,26.188,-0.875,-1.688,22.97,-83.25,-11.188,-28.375,0.014,-0.016,-0.017,0.0,0.36,9.36,0.15,0.07,-0.43,-0.16,0.29,9.8,0.8925000000000001,-1.25,0.0,0.0,0.0,7.0,1016.99,67.24,-16.56
2025-03-24 18:14:31.184000+00:00,27.332236662556404,,,,26.188,-0.875,-1.688,23.0,-83.25,-11.188,-28.375,0.014,-0.016,-0.017,0.0,0.36,9.36,0.15,0.07,-0.43,-0.16,0.29,9.8,0.8925000000000001,-1.25,0.0,0.0,0.0,7.0,1016.99,67.24,-16.56
2025-03-24 18:14:31.906000+00:00,27.332236662556404,,,,26.188,-0.875,-1.688,22.97,-83.25,-11.188,-28.375,0.014,-0.016,-0.017,0.0,0.36,9.36,0.15,0.07,-0.43,-0.16,0.29,9.8,0.8925000000000001,-1.25,0.0,0.0,0.0,7.0,1016.99,67.24,-16.56
2025-03-24 18:14:32.257000+00:00,27.332236662556404,,,,26.188,-0.875,-1.688,23.0,-83.25,-11.188,-28.375,0.014,-0.016,-0.017,0.0,0.36,9.36,0.15,0.07,-0.43,-0.16,0.29,9.8,0.8925000000000001,-1.25,0.0,0.0,0.0,7.0,1016.99,67.24,-16.56
2025-03-24 18:14:33.044000+00:00,27.332236662556404,,,,26.188,-0.875,-1.688,22.97,-83.25,-11.188,-28.375,0.014,-0.016,-0.017,0.0,0.36,9.36,0.15,0.07,-0.43,-0.16,0.29,9.8,0.8925000000000001,-1.25,0.0,0.0,0.0,7.0,1016.99,67.24,-16.56
2025-03-24 18:14:33.299000+00:00,27.332236662556404,,,,26.188,-0.875,-1.688,23.0,-83.25,-11.188,-28.375,0.014,-0.016,-0.017,0.0,0.36,9.36,0.15,0.07,-0.43,-0.16,0.29,9.8,0.8925000000000001,-1.25,0.0,0.0,0.0,7.0,1016.99,67.24,-16.56
2025-03-24 18:14:33.896000+00:00,27.332236662556404,,,,26.188,-0.875,-1.688,22.97,-83.25,-11.188,-28.375,0.014,-0.016,-0.017,0.0,0.36,9.36,0.15,0.07,-0.43,-0.16,0.29,9.8,0.8925000000000001,-1.25,0.0,0.0,0.0,7.0,1016.99,67.24,-16.56
2025-03-24 18:14:34.214000+00:00,27.332236662556404,,,,26.188,-0.875,-1.688,23.0,-83.25,-11.188,-28.375,0.014,-0.016,-0.017,0.0,0.36,9.36,0.15,0.07,-0.43,-0.16,0.29,9.8,0.8925000000000001,-1.25,0.0,0.0,0.0,7.0,1016.99,67.24,-16.56
2025-03-24 18:14:35.049000+00:00,27.332236662556404,,,,26.188,-0.875,-1.688,22.97,-83.25,-11.188,-28.375,0.014,-0.016,-0.017,0.0,0.36,9.36,0.15,0.07,-0.43,-0.16,0.29,9.8,0.8925000000000001,-1.25,0.0,0.0,0.0,7.0,1016.99,67.24,-16.56
2025-03-24 18:14:35.311000+00:00,27.332236662556404,,,,26.188,-0.875,-1.688,23.0,-83.25,-11.188,-28.375,0.014,-0.016,-0.017,0.0,0.36,9.36,0.15,0.07,-0.43,-0.16,0.29,9.8,0.8925000000000001,-1.25,0.0,0.0,0.0,7.0,1016.99,67.24,-16.56
2025-03-24 18:14:36.196000+00:00,27.332236662556404,,,,26.188,-0.875,-1.688,22.97,-83.25,-11.188,-28.375,0.014,-0.016,-0.017,0.0,0.36,9.36,0.15,0.07,-0.43,-0.16,0.29,9.8,0.8925000000000001,-1.25,0.0,0.0,0.0,7.0,1016.99,67.24,-16.56
2025-03-24 18:14:36.449000+00:00,27.332236662556404,,,,26.188,-0.875,-1.688,23.0,-83.25,-11.188,-28.375,0.014,-0.016,-0.017,0.0,0.36,9.36,0.15,0.07,-0.43,-0.16,0.29,9.8,0.8925000000000001,-1.25,0.0,0.0,0.0,7.0,1016.99,67.24,-16.56
2025-03-24 18:14:37.236000+00:00,27.332236662556404,,,,26.188,-0.875,-1.688,22.97,-83.25,-11.188,-28.375,0.014,-0.016,-0.017,0.0,0.36,9.36,0.15,0.07,-0.43,-0.16,0.29,9.8,0.8925000000000001,-1.25,0.0,0.0,0.0,7.0,1016.99,67.24,-16.56
2025-03-24 18:14:37.696000+00:00,27.332236662556404,,,,26.188,-0.875,-1.688,23.0,-83.25,-11.188,-28.375,0.014,-0.016,-0.017,0.0,0.36,9.36,0.15,0.07,-0.43,-0.16,0.29,9.8,0.8925000000000001,-1.25,0.0,0.0,0.0,7.0,1016.99,67.24,-16.56
2025-03-24 18:14:38.406000+00:00,27.332236662556404,,,,26.188,-0.875,-1.688,23.0,-83.25,-11.188,-28.375,0.014,-0.016,-0.017,0.0,0.36,9.36,0.15,0.07,-0.43,-0.16,0.29,9.8,0.8925000000000001,-1.25,0.0,0.0,0.0,7.0,1016.99,67.24,-16.56
2025-03-24 18:14:38.845000+00:00,27.332236662556404,,,,26.188,-0.875,-1.688,22.97,-83.25,-11.188,-28.375,0.014,-0.016,-0.017,0.0,0.36,9.36,0.15,0.07,-0.43,-0.16,0.29,9.8,0.8925000000000001,-1.25,0.0,0.0,0.0,7.0,1016.99,67.24,-16.56
2025-03-24 18:14:39.399000+00:00,27.332236662556404,,,,26.188,-0.875,-1.688,23.0,-83.25,-11.188,-28.375,0.014,-0.016,-0.017,0.0,0.36,9.36,0.15,0.07,-0.43,-0.16,0.29,9.8,0.8925000000000001,-1.25,0.0,0.0,0.0,7.0,1016.99,67.24,-16.56
2025-03-24 18:14:39.923000+00:00,27.332236662556404,,,,26.188,-0.875,-1.688,22.91,-83.25,-11.188,-28.375,0.014,-0.016,-0.017,0.0,0.36,9.36,0.15,0.07,-0.43,-0.16,0.29,9.8,0.8925000000000001,-1.25,0.0,0.0,0.0,7.0,1016.99,67.24,-16.56
2025-03-24 18:14:40.299000+00:00,27.332236662556404,,,,26.188,-0.875,-1.688,23.0,-83.25,-11.188,-28.375,0.014,-0.016,-0.017,0.0,0.36,9.36,0.15,0.07,-0.43,-0.16,0.29,9.8,0.8925000000000001,-1.25,0.0,0.0,0.0,7.0,1016.99,67.24,-16.56
2025-03-24 18:14:41.074000+00:00,27.332236662556404,,,,26.188,-0.875,-1.688,22.91,-83.25,-11.188,-28.375,0.014,-0.016,-0.017,0.0,0.36,9.36,0.15,0.07,-0.43,-0.16,0.29,9.8,0.8925000000000001,-1.25,0.0,0.0,0.0,7.0,1016.99,67.24,-16.56
2025-03-24 18:14:41.490000+00:00,27.332236662556404,,,,26.188,-0.875,-1.688,23.0,-83.25,-11.188,-28.375,0.014,-0.016,-0.017,0.0,0.36,9.36,0.15,0.07,-0.43,-0.16,0.29,9.8,0.8925000000000001,-1.25,0.0,0.0,0.0,7.0,1016.99,67.24,-16.56
2025-03-24 18:14:42.209000+00:00,27.332236662556404,,,,26.188,-0.875,-1.688,22.91,-83.25,-11.188,-28.375,0.014,-0.016,-0.017,0.0,0.36,9.36,0.15,0.07,-0.43,-0.16,0.29,9.8,0.8925000000000001,-1.25,0.0,0.0,0.0,7.0,1016.99,67.24,-16.56
2025-03-24 18:14:42.636000+00:00,27.332236662556404,,,,26.188,-0.875,-1.688,23.0,-83.25,-11.188,-28.375,0.014,-0.016,-0.017,0.0,0.36,9.36,0.15,0.07,-0.43,-0.16,0.29,9.8,0.8925000000000001,-1.25,0.0,0.0,0.0,7.0,1016.99,67.24,-16.56
2025-03-24 18:14:43.424000+00:00,27.332236662556404,,,,26.188,-0.875,-1.688,23.0,-83.25,-11.188,-28.375,0.014,-0.016,-0.017,0.0,0.36,9.36,0.15,0.07,-0.43,-0.16,0.29,9.8,0.8925000000000001,-1.25,0.0,0.0,0.0,7.0,1016.99,67.24,-16.56
2025-03-24 18:14:43.820000+00:00,27.332236662556404,,,,26.188,-0.875,-1.688,22.91,-83.25,-11.188,-28.375,0.014,-0.016,-0.017,0.0,0.36,9.36,0.15,0.07,-0.43,-0.16,0.29,9.8,0.8925000000000001,-1.25,0.0,0.0,0.0,7.0,1016.99,67.24,-16.56
2025-03-24 18:14:44.435000+00:00,27.332236662556404,,,,26.188,-0.875,-1.688,23.0,-83.25,-11.188,-28.375,0.014,-0.016,-0.017,0.0,0.36,9.36,0.15,0.07,-0.43,-0.16,0.29,9.8,0.8925000000000001,-1.25,0.0,0.0,0.0,7.0,1016.99,67.24,-16.56
2025-03-24 18:14:44.899000+00:00,27.332236662556404,,,,26.188,-0.875,-1.688,22.91,-83.25,-11.188,-28.375,0.014,-0.016,-0.017,0.0,0.36,9.36,0.15,0.07,-0.43,-0.16,0.29,9.8,0.8925000000000001,-1.25,0.0,0.0,0.0,7.0,1016.99,67.24,-16.56
2025-03-24 18:14:45.435000+00:00,27.332236662556404,,,,26.188,-0.875,-1.688,23.0,-83.25,-11.188,-28.375,0.014,-0.016,-0.017,0.0,0.36,9.36,0.15,0.07,-0.43,-0.16,0.29,9.8,0.8925000000000001,-1.25,0.0,0.0,0.0,7.0,1016.99,67.24,-16.56
2025-03-24 18:14:45.838000+00:00,27.332236662556404,,,,26.188,-0.875,-1.688,22.91,-83.25,-11.188,-28.375,0.014,-0.016,-0.017,0.0,0.36,9.36,0.15,0.07,-0.43,-0.16,0.29,9.8,0.8925000000000001,-1.25,0.0,0.0,0.0,7.0,1016.99,67.24,-16.56
2025-03-24 18:14:46.456000+00:00,27.332236662556404,,,,26.188,-0.875,-1.688,23.0,-83.25,-11.188,-28.375,0.014,-0.016,-0.017,0.0,0.36,9.36,0.15,0.07,-0.43,-0.16,0.29,9.8,0.8925000000000001,-1.25,0.0,0.0,0.0,7.0,1016.99,67.24,-16.56
2025-03-24 18:14:46.885000+00:00,27.332236662556404,,,,26.188,-0.875,-1.688,22.91,-83.25,-11.188,-28.375,0.014,-0.016,-0.017,0.0,0.36,9.36,0.15,0.07,-0.43,-0.16,0.29,9.8,0.8925000000000001,-1.25,0.0,0.0,0.0,7.0,1016.99,67.24,-16.56
2025-03-24 18:14:47.469000+00:00,27.332236662556404,,,,26.188,-0.875,-1.688,23.0,-83.25,-11.188,-28.375,0.014,-0.016,-0.017,0.0,0.36,9.36,0.15,0.07,-0.43,-0.16,0.29,9.8,0.8925000000000001,-1.25,0.0,0.0,0.0,7.0,1016.99,67.24,-16.56
2025-03-24 18:14:47.888000+00:00,27.332236662556404,,,,26.188,-0.875,-1.688,22.91,-83.25,-11.188,-28.375,0.014,-0.016,-0.017,0.0,0.36,9.36,0.15,0.07,-0.43,-0.16,0.29,9.8,0.8925000000000001,-1.25,0.0,0.0,0.0,7.0,1016.99,67.24,-16.56
2025-03-24 18:14:48.439000+00:00,27.332236662556404,,,,26.188,-0.875,-1.688,23.0,-83.25,-11.188,-28.375,0.014,-0.016,-0.017,0.0,0.36,9.36,0.15,0.07,-0.43,-0.16,0.29,9.8,0.8925000000000001,-1.25,0.0,0.0,0.0,7.0,1016.99,67.24,-16.56
2025-03-24 18:14:48.861000+00:00,27.332236662556404,,,,26.188,-0.875,-1.688,22.91,-83.25,-11.188,-28.375,0.014,-0.016,-0.017,0.0,0.36,9.36,0.15,0.07,-0.43,-0.16,0.29,9.8,0.8925000000000001,-1.25,0.0,0.0,0.0,7.0,1016.99,67.24,-16.56
2025-03-24 18:14:49.438000+00:00,27.332236662556404,,,,26.188,-0.875,-1.688,23.0,-83.25,-11.188,-28.375,0.014,-0.016,-0.017,0.0,0.36,9.36,0.15,0.07,-0.43,-0.16,0.29,9.8,0.8925000000000001,-1.25,0.0,0.0,0.0,7.0,1016.99,67.24,-16.56
2025-03-24 18:14:49.953000+00:00,27.332236662556404,,,,26.188,-0.875,-1.688,22.91,-83.25,-11.188,-28.375,0.014,-0.016,-0.017,0.0,0.36,9.36,0.15,0.07,-0.43,-0.16,0.29,9.8,0.8925000000000001,-1.25,0.0,0.0,0.0,7.0,1016.99,67.24,-16.56
2025-03-24 18:14:50.464000+00:00,27.332236662556404,,,,26.188,-0.875,-1.688,23.0,-83.25,-11.188,-28.375,0.014,-0.016,-0.017,0.0,0.36,9.36,0.15,0.07,-0.43,-0.16,0.29,9.8,0.8925000000000001,-1.25,0.0,0.0,0.0,7.0,1016.99,67.24,-16.56
2025-03-24 18:14:50.988000+00:00,27.332236662556404,,,,26.188,-0.875,-1.688,22.91,-83.25,-11.188,-28.375,0.014,-0.016,-0.017,0.0,0.36,9.36,0.15,0.07,-0.43,-0.16,0.29,9.8,0.8925000000000001,-1.25,0.0,0.0,0.0,7.0,1016.99,67.24,-16.56
2025-03-24 18:14:51.438000+00:00,27.332236662556404,,,,26.188,-0.875,-1.688,23.0,-83.25,-11.188,-28.375,0.014,-0.016,-0.017,0.0,0.36,9.36,0.15,0.07,-0.43,-0.16,0.29,9.8,0.8925000000000001,-1.25,0.0,0.0,0.0,7.0,1016.99,67.24,-16.56
2025-03-24 18:14:52.038000+00:00,27.332236662556404,,,,26.188,-0.875,-1.688,22.91,-83.25,-11.188,-28.375,0.014,-0.016,-0.017,0.0,0.36,9.36,0.15,0.07,-0.43,-0.16,0.29,9.8,0.8925000000000001,-1.25,0.0,0.0,0.0,7.0,1016.99,67.24,-16.56
2025-03-24 18:14:52.515000+00:00,27.332236662556404,,,,26.188,-0.875,-1.688,23.0,-83.25,-11.188,-28.375,0.014,-0.016,-0.017,0.0,0.36,9.36,0.15,0.07,-0.43,-0.16,0.29,9.8,0.8925000000000001,-1.25,0.0,0.0,0.0,7.0,1016.99,67.24,-16.56
2025-03-24 18:14:52.988000+00:00,27.332236662556404,,,,26.188,-0.875,-1.688,22.91,-83.25,-11.188,-28.375,0.014,-0.016,-0.017,0.0,0.36,9.36,0.15,0.07,-0.43,-0.16,0.29,9.8,0.8925000000000001,-1.25,0.0,0.0,0.0,7.0,1016.99,67.24,-16.56
2025-03-24 18:14:53.458000+00:00,27.332236662556404,,,,26.188,-0.875,-1.688,23.0,-83.25,-11.188,-28.375,0.014,-0.016,-0.017,0.0,0.36,9.36,0.15,0.07,-0.43,-0.16,0.29,9.8,0.8925000000000001,-1.25,0.0,0.0,0.0,7.0,1016.99,67.24,-16.56
2025-03-24 18:14:53.944000+00:00,27.332236662556404,,,,26.188,-0.875,-1.688,22.91,-83.25,-11.188,-28.375,0.014,-0.016,-0.017,0.0,0.36,9.36,0.15,0.07,-0.43,-0.16,0.29,9.8,0.8925000000000001,-1.25,0.0,0.0,0.0,7.0,1016.99,67.24,-16.56
2025-03-24 18:14:54.535000+00:00,27.332236662556404,,,,26.188,-0.875,-1.688,23.0,-83.25,-11.188,-28.375,0.014,-0.016,-0.017,0.0,0.36,9.36,0.15,0.07,-0.43,-0.16,0.29,9.8,0.8925000000000001,-1.25,0.0,0.0,0.0,7.0,1016.99,67.24,-16.56
2025-03-24 18:14:55.068000+00:00,27.332236662556404,,,,26.188,-0.875,-1.688,22.91,-83.25,-11.188,-28.375,0.014,-0.016,-0.017,0.0,0.36,9.36,0.15,0.07,-0.43,-0.16,0.29,9.8,0.8925000000000001,-1.25,0.0,0.0,0.0,7.0,1016.99,67.24,-16.56
2025-03-24 18:14:55.469000+00:00,27.332236662556404,,,,26.188,-0.875,-1.688,23.0,-83.25,-11.188,-28.375,0.014,-0.016,-0.017,0.0,0.36,9.36,0.15,0.07,-0.43,-0.16,0.29,9.8,0.8925000000000001,-1.25,0.0,0.0,0.0,7.0,1016.99,67.24,-16.56
2025-03-24 18:14:56.223000+00:00,27.332236662556404,,,,26.188,-0.875,-1.688,22.91,-83.25,-11.188,-28.375,0.014,-0.016,-0.017,0.0,0.36,9.36,0.15,0.07,-0.43,-0.16,0.29,9.8,0.8925000000000001,-1.25,0.0,0.0,0.0,7.0,1016.99,67.24,-16.56
2025-03-24 18:14:56.628000+00:00,27.332236662556404,,,,26.188,-0.875,-1.688,23.0,-83.25,-11.188,-28.375,0.014,-0.016,-0.017,0.0,0.36,9.36,0.15,0.07,-0.43,-0.16,0.29,9.8,0.8925000000000001,-1.25,0.0,0.0,0.0,7.0,1016.99,67.24,-16.56
2025-03-24 18:14:57.368000+00:00,27.332236662556404,,,,26.188,-0.875,-1.688,22.91,-83.25,-11.188,-28.375,0.014,-0.016,-0.017,0.0,0.36,9.36,0.15,0.07,-0.43,-0.16,0.29,9.8,0.8925000000000001,-1.25,0.0,0.0,0.0,7.0,1016.99,67.24,-16.56
2025-03-24 18:14:57.778000+00:00,27.332236662556404,,,,26.188,-0.875,-1.688,23.0,-83.25,-11.188,-28.375,0.014,-0.016,-0.017,0.0,0.36,9.36,0.15,0.07,-0.43,-0.16,0.29,9.8,0.8925000000000001,-1.25,0.0,0.0,0.0,7.0,1016.99,67.24,-16.56
2025-03-24 18:14:58.478000+00:00,27.332236662556404,,,,26.188,-0.875,-1.688,23.0,-83.25,-11.188,-28.375,0.014,-0.016,-0.017,0.0,0.36,9.36,0.15,0.07,-0.43,-0.16,0.29,9.8,0.8925000000000001,-1.25,0.0,0.0,0.0,7.0,1016.99,67.24,-16.56
2025-03-24 18:14:58.894000+00:00,27.332236662556404,,,,26.188,-0.875,-1.688,22.91,-83.25,-11.188,-28.375,0.014,-0.016,-0.017,0.0,0.36,9.36,0.15,0.07,-0.43,-0.16,0.29,9.8,0.8925000000000001,-1.25,0.0,0.0,0.0,7.0,1016.99,67.24,-16.56
2025-03-24 18:14:59.468000+00:00,27.332236662556404,,,,26.188,-0.875,-1.688,23.0,-83.25,-11.188,-28.375,0.014,-0.016,-0.017,0.0,0.36,9.36,0.15,0.07,-0.43,-0.16,0.29,9.8,0.8925000000000001,-1.25,0.0,0.0,0.0,7.0,1016.99,67.24,-16.56
2025-03-24 18:14:59.905000+00:00,27.332236662556404,,,,26.188,-0.875,-1.688,22.91,-83.25,-11.188,-28.375,0.014,-0.016,-0.017,0.0,0.36,9.36,0.15,0.07,-0.43,-0.16,0.29,9.8,0.8925000000000001,-1.25,0.0,0.0,0.0,7.0,1016.99,67.24,-16.56
2025-03-24 18:15:00.482000+00:00,27.332236662556404,,,,26.188,-0.875,-1.688,23.0,-83.25,-11.188,-28.375,0.014,-0.016,-0.017,0.0,0.36,9.36,0.15,0.07,-0.43,-0.16,0.29,9.8,0.8925000000000001,-1.25,0.0,0.0,0.0,7.0,1016.99,67.24,-16.56
2025-03-24 18:15:00.923000+00:00,27.332236662556404,,,,26.188,-0.875,-1.688,22.91,-83.25,-11.188,-28.375,0.014,-0.016,-0.017,0.0,0.36,9.36,0.15,0.07,-0.43,-0.16,0.29,9.8,0.8925000000000001,-1.25,0.0,0.0,0.0,7.0,1016.99,67.24,-16.56
2025-03-24 18:15:01.489000+00:00,27.332236662556404,,,,26.188,-0.875,-1.688,23.0,-83.25,-11.188,-28.375,0.014,-0.016,-0.017,0.0,0.36,9.36,0.15,0.07,-0.43,-0.16,0.29,9.8,0.8925000000000001,-1.25,0.0,0.0,0.0,7.0,1016.99,67.24,-16.56
2025-03-24 18:15:01.999000+00:00,27.332236662556404,,,,26.188,-0.875,-1.688,22.91,-83.25,-11.188,-28.375,0.014,-0.016,-0.017,0.0,0.36,9.36,0.15,0.07,-0.43,-0.16,0.29,9.8,0.8925000000000001,-1.25,0.0,0.0,0.0,7.0,1016.99,67.24,-16.56
2025-03-24 18:15:02.496000+00:00,27.332236662556404,,,,26.188,-0.875,-1.688,23.0,-83.25,-11.188,-28.375,0.014,-0.016,-0.017,0.0,0.36,9.36,0.15,0.07,-0.43,-0.16,0.29,9.8,0.8925000000000001,-1.25,0.0,0.0,0.0,7.0,1016.99,67.24,-16.56
2025-03-24 18:15:03.104000+00:00,27.332236662556404,,,,26.188,-0.875,-1.688,22.91,-83.25,-11.188,-28.375,0.014,-0.016,-0.017,0.0,0.36,9.36,0.15,0.07,-0.43,-0.16,0.29,9.8,0.8925000000000001,-1.25,0.0,0.0,0.0,7.0,1016.99,67.24,-16.56
2025-03-24 18:15:03.549000+00:00,27.332236662556404,,,,26.188,-0.875,-1.688,23.0,-83.25,-11.188,-28.375,0.014,-0.016,-0.017,0.0,0.36,9.36,0.15,0.07,-0.43,-0.16,0.29,9.8,0.8925000000000001,-1.25,0.0,0.0,0.0,7.0,1016.99,67.24,-16.56
2025-03-24 18:15:04.229000+00:00,27.332236662556404,,,,26.188,-0.875,-1.688,22.91,-83.25,-11.188,-28.375,0.014,-0.016,-0.017,0.0,0.36,9.36,0.15,0.07,-0.43,-0.16,0.29,9.8,0.8925000000000001,-1.25,0.0,0.0,0.0,7.0,1016.99,67.24,-16.56
2025-03-24 18:15:04.630000+00:00,27.332236662556404,,,,26.188,-0.875,-1.688,23.0,-83.25,-11.188,-28.375,0.014,-0.016,-0.017,0.0,0.36,9.36,0.15,0.07,-0.43,-0.16,0.29,9.8,0.8925000000000001,-1.25,0.0,0.0,0.0,7.0,1016.99,67.24,-16.56
2025-03-24 18:15:05.379000+00:00,27.332236662556404,,,,26.188,-0.875,-1.688,22.91,-83.25,-11.188,-28.375,0.014,-0.016,-0.017,0.0,0.36,9.36,0.15,0.07,-0.43,-0.16,0.29,9.8,0.8925000000000001,-1.25,0.0,0.0,0.0,7.0,1016.99,67.24,-16.56
2025-03-24 18:15:05.789000+00:00,27.332236662556404,,,,26.188,-0.875,-1.688,23.0,-83.25,-11.188,-28.375,0.014,-0.016,-0.017,0.0,0.36,9.36,0.15,0.07,-0.43,-0.16,0.29,9.8,0.8925000000000001,-1.25,0.0,0.0,0.0,7.0,1016.99,67.24,-16.56
2025-03-24 18:15:06.548000+00:00,27.332236662556404,,,,26.188,-0.875,-1.688,22.91,-83.25,-11.188,-28.375,0.014,-0.016,-0.017,0.0,0.36,9.36,0.15,0.07,-0.43,-0.16,0.29,9.8,0.8925000000000001,-1.25,0.0,0.0,0.0,7.0,1016.99,67.24,-16.56
2025-03-24 18:15:06.798000+00:00,27.332236662556404,,,,26.188,-0.875,-1.688,23.0,-83.25,-11.188,-28.375,0.014,-0.016,-0.017,0.0,0.36,9.36,0.15,0.07,-0.43,-0.16,0.29,9.8,0.8925000000000001,-1.25,0.0,0.0,0.0,7.0,1016.99,67.24,-16.56
2025-03-24 18:15:07.542000+00:00,27.332236662556404,,,,26.188,-0.875,-1.688,23.0,-83.25,-11.188,-28.375,0.014,-0.016,-0.017,0.0,0.36,9.36,0.15,0.07,-0.43,-0.16,0.29,9.8,0.8925000000000001,-1.25,0.0,0.0,0.0,7.0,1016.99,67.24,-16.56
2025-03-24 18:15:07.974000+00:00,27.332236662556404,,,,26.188,-0.875,-1.688,22.91,-83.25,-11.188,-28.375,0.014,-0.016,-0.017,0.0,0.36,9.36,0.15,0.07,-0.43,-0.16,0.29,9.8,0.8925000000000001,-1.25,0.0,0.0,0.0,7.0,1016.99,67.24,-16.56
2025-03-24 18:15:08.668000+00:00,27.332236662556404,,,,26.188,-0.875,-1.688,22.91,-83.25,-11.188,-28.375,0.014,-0.016,-0.017,0.0,0.36,9.36,0.15,0.07,-0.43,-0.16,0.29,9.8,0.8925000000000001,-1.25,0.0,0.0,0.0,7.0,1016.99,67.24,-16.56
2025-03-24 18:15:08.935000+00:00,27.332236662556404,,,,26.188,-0.875,-1.688,23.0,-83.25,-11.188,-28.375,0.014,-0.016,-0.017,0.0,0.36,9.36,0.15,0.07,-0.43,-0.16,0.29,9.8,0.8925000000000001,-1.25,0.0,0.0,0.0,7.0,1016.99,67.24,-16.56
2025-03-24 18:15:09.558000+00:00,27.332236662556404,,,,26.188,-0.875,-1.688,23.0,-83.25,-11.188,-28.375,0.014,-0.016,-0.017,0.0,0.36,9.36,0.15,0.07,-0.43,-0.16,0.29,9.8,0.8925000000000001,-1.25,0.0,0.0,0.0,7.0,1016.99,67.24,-16.56
2025-03-24 18:15:10.058000+00:00,27.332236662556404,,,,26.188,-0.875,-1.688,22.89,-83.25,-11.188,-28.375,0.014,-0.016,-0.017,0.0,0.36,9.36,0.15,0.07,-0.43,-0.16,0.29,9.8,0.8925000000000001,-1.25,0.0,0.0,0.0,7.0,1016.99,67.24,-16.56
2025-03-24 18:15:10.567000+00:00,27.332236662556404,,,,26.188,-0.875,-1.688,23.0,-83.25,-11.188,-28.375,0.014,-0.016,-0.017,0.0,0.36,9.36,0.15,0.07,-0.43,-0.16,0.29,9.8,0.8925000000000001,-1.25,0.0,0.0,0.0,7.0,1016.99,67.24,-16.56
2025-03-24 18:15:11.198000+00:00,27.332236662556404,,,,26.188,-0.875,-1.688,22.89,-83.25,-11.188,-28.375,0.014,-0.016,-0.017,0.0,0.36,9.36,0.15,0.07,-0.43,-0.16,0.29,9.8,0.8925000000000001,-1.25,0.0,0.0,0.0,7.0,1016.99,67.24,-16.56
2025-03-24 18:15:11.635000+00:00,27.332236662556404,,,,26.188,-0.875,-1.688,23.0,-83.25,-11.188,-28.375,0.014,-0.016,-0.017,0.0,0.36,9.36,0.15,0.07,-0.43,-0.16,0.29,9.8,0.8925000000000001,-1.25,0.0,0.0,0.0,7.0,1016.99,67.24,-16.56
2025-03-24 18:15:12.247000+00:00,27.332236662556404,,,,26.188,-0.875,-1.688,22.89,-83.25,-11.188,-28.375,0.014,-0.016,-0.017,0.0,0.36,9.36,0.15,0.07,-0.43,-0.16,0.29,9.8,0.8925000000000001,-1.25,0.0,0.0,0.0,7.0,1016.99,67.24,-16.56
2025-03-24 18:15:12.647000+00:00,27.332236662556404,,,,26.188,-0.875,-1.688,23.0,-83.25,-11.188,-28.375,0.014,-0.016,-0.017,0.0,0.36,9.36,0.15,0.07,-0.43,-0.16,0.29,9.8,0.8925000000000001,-1.25,0.0,0.0,0.0,7.0,1016.99,67.24,-16.56
2025-03-24 18:15:13.388000+00:00,27.332236662556404,,,,26.188,-0.875,-1.688,22.89,-83.25,-11.188,-28.375,0.014,-0.016,-0.017,0.0,0.36,9.36,0.15,0.07,-0.43,-0.16,0.29,9.8,0.8925000000000001,-1.25,0.0,0.0,0.0,7.0,1016.99,67.24,-16.56
2025-03-24 18:15:13.968000+00:00,27.332236662556404,,,,26.188,-0.875,-1.688,23.0,-83.25,-11.188,-28.375,0.014,-0.016,-0.017,0.0,0.36,9.36,0.15,0.07,-0.43,-0.16,0.29,9.8,0.8925000000000001,-1.25,0.0,0.0,0.0,7.0,1016.99,67.24,-16.56
2025-03-24 18:15:14.578000+00:00,27.332236662556404,,,,26.188,-0.875,-1.688,22.89,-83.25,-11.188,-28.375,0.014,-0.016,-0.017,0.0,0.36,9.36,0.15,0.07,-0.43,-0.16,0.29,9.8,0.8925000000000001,-1.25,0.0,0.0,0.0,7.0,1016.99,67.24,-16.56
2025-03-24 18:15:14.829000+00:00,27.332236662556404,,,,26.188,-0.875,-1.688,23.0,-83.25,-11.188,-28.375,0.014,-0.016,-0.017,0.0,0.36,9.36,0.15,0.07,-0.43,-0.16,0.29,9.8,0.8925000000000001,-1.25,0.0,0.0,0.0,7.0,1016.99,67.24,-16.56
2025-03-24 18:15:15.604000+00:00,27.332236662556404,,,,26.188,-0.875,-1.688,22.89,-83.25,-11.188,-28.375,0.014,-0.016,-0.017,0.0,0.36,9.36,0.15,0.07,-0.43,-0.16,0.29,9.8,0.8925000000000001,-1.25,0.0,0.0,0.0,7.0,1016.99,67.24,-16.56
2025-03-24 18:15:15.878000+00:00,27.332236662556404,,,,26.188,-0.875,-1.688,23.0,-83.25,-11.188,-28.375,0.014,-0.016,-0.017,0.0,0.36,9.36,0.15,0.07,-0.43,-0.16,0.29,9.8,0.8925000000000001,-1.25,0.0,0.0,0.0,7.0,1016.99,67.24,-16.56
2025-03-24 18:15:16.631000+00:00,27.332236662556404,,,,26.188,-0.875,-1.688,23.0,-83.25,-11.188,-28.375,0.014,-0.016,-0.017,0.0,0.36,9.36,0.15,0.07,-0.43,-0.16,0.29,9.8,0.8925000000000001,-1.25,0.0,0.0,0.0,7.0,1016.99,67.24,-16.56
2025-03-24 18:15:17.038000+00:00,27.332236662556404,,,,26.188,-0.875,-1.688,22.89,-83.25,-11.188,-28.375,0.014,-0.016,-0.017,0.0,0.36,9.36,0.15,0.07,-0.43,-0.16,0.29,9.8,0.8925000000000001,-1.25,0.0,0.0,0.0,7.0,1016.99,67.24,-16.56
2025-03-24 18:15:17.628000+00:00,27.332236662556404,,,,26.188,-0.875,-1.688,23.0,-83.25,-11.188,-28.375,0.014,-0.016,-0.017,0.0,0.36,9.36,0.15,0.07,-0.43,-0.16,0.29,9.8,0.8925000000000001,-1.25,0.0,0.0,0.0,7.0,1016.99,67.24,-16.56
2025-03-24 18:15:18.038000+00:00,27.332236662556404,,,,26.188,-0.875,-1.688,22.89,-83.25,-11.188,-28.375,0.014,-0.016,-0.017,0.0,0.36,9.36,0.15,0.07,-0.43,-0.16,0.29,9.8,0.8925000000000001,-1.25,0.0,0.0,0.0,7.0,1016.99,67.24,-16.56
2025-03-24 18:15:18.649000+00:00,27.332236662556404,,,,26.188,-0.875,-1.688,23.0,-83.25,-11.188,-28.375,0.014,-0.016,-0.017,0.0,0.36,9.36,0.15,0.07,-0.43,-0.16,0.29,9.8,0.8925000000000001,-1.25,0.0,0.0,0.0,7.0,1016.99,67.24,-16.56
2025-03-24 18:15:19.047000+00:00,27.332236662556404,,,,26.188,-0.875,-1.688,22.89,-83.25,-11.188,-28.375,0.014,-0.016,-0.017,0.0,0.36,9.36,0.15,0.07,-0.43,-0.16,0.29,9.8,0.8925000000000001,-1.25,0.0,0.0,0.0,7.0,1016.99,67.24,-16.56
2025-03-24 18:15:19.648000+00:00,27.332236662556404,,,,26.188,-0.875,-1.688,23.0,-83.25,-11.188,-28.375,0.014,-0.016,-0.017,0.0,0.36,9.36,0.15,0.07,-0.43,-0.16,0.29,9.8,0.8925000000000001,-1.25,0.0,0.0,0.0,7.0,1016.99,67.24,-16.56
2025-03-24 18:15:20.107000+00:00,27.332236662556404,,,,26.188,-0.875,-1.688,22.89,-83.25,-11.188,-28.375,0.014,-0.016,-0.017,0.0,0.36,9.36,0.15,0.07,-0.43,-0.16,0.29,9.8,0.8925000000000001,-1.25,0.0,0.0,0.0,7.0,1016.99,67.24,-16.56
2025-03-24 18:15:20.664000+00:00,27.332236662556404,,,,26.188,-0.875,-1.688,23.0,-83.25,-11.188,-28.375,0.014,-0.016,-0.017,0.0,0.36,9.36,0.15,0.07,-0.43,-0.16,0.29,9.8,0.8925000000000001,-1.25,0.0,0.0,0.0,7.0,1016.99,67.24,-16.56
2025-03-24 18:15:21.087000+00:00,27.332236662556404,,,,26.188,-0.875,-1.688,22.89,-83.25,-11.188,-28.375,0.014,-0.016,-0.017,0.0,0.36,9.36,0.15,0.07,-0.43,-0.16,0.29,9.8,0.8925000000000001,-1.25,0.0,0.0,0.0,7.0,1016.99,67.24,-16.56
2025-03-24 18:15:21.668000+00:00,27.332236662556404,,,,26.188,-0.875,-1.688,23.0,-83.25,-11.188,-28.375,0.014,-0.016,-0.017,0.0,0.36,9.36,0.15,0.07,-0.43,-0.16,0.29,9.8,0.8925000000000001,-1.25,0.0,0.0,0.0,7.0,1016.99,67.24,-16.56
2025-03-24 18:15:22.158000+00:00,27.332236662556404,,,,26.188,-0.875,-1.688,22.89,-83.25,-11.188,-28.375,0.014,-0.016,-0.017,0.0,0.36,9.36,0.15,0.07,-0.43,-0.16,0.29,9.8,0.8925000000000001,-1.25,0.0,0.0,0.0,7.0,1016.99,67.24,-16.56
2025-03-24 18:15:22.687000+00:00,27.332236662556404,,,,26.188,-0.875,-1.688,23.0,-83.25,-11.188,-28.375,0.014,-0.016,-0.017,0.0,0.36,9.36,0.15,0.07,-0.43,-0.16,0.29,9.8,0.8925000000000001,-1.25,0.0,0.0,0.0,7.0,1016.99,67.24,-16.56
2025-03-24 18:15:23.207000+00:00,27.332236662556404,,,,26.188,-0.875,-1.688,22.89,-83.25,-11.188,-28.375,0.014,-0.016,-0.017,0.0,0.36,9.36,0.15,0.07,-0.43,-0.16,0.29,9.8,0.8925000000000001,-1.25,0.0,0.0,0.0,7.0,1016.99,67.24,-16.56
2025-03-24 18:15:23.694000+00:00,27.332236662556404,,,,26.188,-0.875,-1.688,23.0,-83.25,-11.188,-28.375,0.014,-0.016,-0.017,0.0,0.36,9.36,0.15,0.07,-0.43,-0.16,0.29,9.8,0.8925000000000001,-1.25,0.0,0.0,0.0,7.0,1016.99,67.24,-16.56
2025-03-24 18:15:24.337000+00:00,27.332236662556404,,,,26.188,-0.875,-1.688,22.89,-83.25,-11.188,-28.375,0.014,-0.016,-0.017,0.0,0.36,9.36,0.15,0.07,-0.43,-0.16,0.29,9.8,0.8925000000000001,-1.25,0.0,0.0,0.0,7.0,1016.99,67.24,-16.56
2025-03-24 18:15:24.787000+00:00,27.332236662556404,,,,26.188,-0.875,-1.688,23.0,-83.25,-11.188,-28.375,0.014,-0.016,-0.017,0.0,0.36,9.36,0.15,0.07,-0.43,-0.16,0.29,9.8,0.8925000000000001,-1.25,0.0,0.0,0.0,7.0,1016.99,67.24,-16.56
2025-03-24 18:14:26.460000+00:00,27.332236662556404,,,,26.188,-0.875,-1.688,23.0,-83.25,-11.188,-28.375,0.014,-0.016,-0.017,0.0,0.36,9.36,0.15,0.07,-0.43,-0.16,0.29,9.8,0.8925000000000001,-1.25,0.0,0.0,0.0,7.0,1016.99,67.24,-16.56
2025-03-24 18:14:27.195000+00:00,27.332236662556404,,,,26.188,-0.875,-1.688,23.0,-86.062,-3.062,-35.562,0.014,-0.016,-0.017,0.0,0.36,9.36,0.15,0.07,-0.43,-0.16,0.29,9.8,0.8925000000000001,-1.25,0.0,0.0,0.0,7.0,1016.99,67.24,-16.56
2025-03-24 18:14:28.220000+00:00,27.332236662556404,,,,26.188,-0.875,-1.688,23.0,-99.875,-5.688,-26.5,0.014,-0.016,-0.017,0.0,0.36,9.36,0.15,0.07,-0.43,-0.16,0.29,9.8,0.8925000000000001,-1.25,0.0,0.0,0.0,7.0,1016.99,67.24,-16.56
2025-03-24 18:14:29.220000+00:00,27.332236662556404,,,,26.188,-0.875,-1.688,23.0,-72.25,-6.75,-38.062,0.014,-0.016,-0.017,0.0,0.36,9.36,0.15,0.07,-0.43,-0.16,0.29,9.8,0.8925000000000001,-1.25,0.0,0.0,0.0,7.0,1016.99,67.24,-16.56
2025-03-24 18:14:30.227000+00:00,27.332236662556404,,,,26.188,-0.875,-1.688,23.0,-127.375,1.875,-5.25,0.014,-0.016,-0.017,0.0,0.36,9.36,0.15,0.07,-0.43,-0.16,0.29,9.8,0.8925000000000001,-1.25,0.0,0.0,0.0,7.0,1016.99,67.24,-16.56
2025-03-24 18:14:31.230000+00:00,27.332236662556404,,,,26.188,-0.875,-1.688,23.0,-69.5,-11.0,-34.5,0.014,-0.016,-0.017,0.0,0.36,9.36,0.15,0.07,-0.43,-0.16,0.29,9.8,0.8925000000000001,-1.25,0.0,0.0,0.0,7.0,1016.99,67.24,-16.56
2025-03-24 18:14:32.310000+00:00,27.332236662556404,,,,26.188,-0.875,-1.688,23.0,-132.5,-5.875,-6.188,0.014,-0.016,-0.017,0.0,0.36,9.36,0.15,0.07,-0.43,-0.16,0.29,9.8,0.8925000000000001,-1.25,0.0,0.0,0.0,7.0,1016.99,67.24,-16.56
2025-03-24 18:14:33.350000+00:00,27.332236662556404,,,,26.188,-0.875,-1.688,23.0,-79.062,-12.5,-30.562,0.014,-0.016,-0.017,0.0,0.36,9.36,0.15,0.07,-0.43,-0.16,0.29,9.8,0.8925000000000001,-1.25,0.0,0.0,0.0,7.0,1016.99,67.24,-16.56
2025-03-24 18:14:34.260000+00:00,27.332236662556404,,,,26.188,-0.875,-1.688,23.0,-94.188,-2.188,-34.688,0.014,-0.016,-0.017,0.0,0.36,9.36,0.15,0.07,-0.43,-0.16,0.29,9.8,0.8925000000000001,-1.25,0.0,0.0,0.0,7.0,1016.99,67.24,-16.56
2025-03-24 18:14:35.359000+00:00,27.332236662556404,,,,26.188,-0.875,-1.688,23.0,-97.875,-6.188,-27.25,0.014,-0.016,-0.017,0.0,0.36,9.36,0.15,0.07,-0.43,-0.16,0.29,9.8,0.8925000000000001,-1.25,0.0,0.0,0.0,7.0,1016.99,67.24,-16.56
2025-03-24 18:14:36.664000+00:00,27.332236662556404,,,,26.188,-0.875,-1.688,23.0,-75.188,-5.25,-38.688,0.014,-0.016,-0.017,0.0,0.36,9.36,0.15,0.07,-0.43,-0.16,0.29,9.8,0.8925000000000001,-1.25,0.0,0.0,0.0,7.0,1016.99,67.24,-16.56
2025-03-24 18:14:37.749000+00:00,27.332236662556404,,,,26.188,-0.875,-1.688,23.0,-124.25,3.062,-8.75,0.014,-0.016,-0.017,0.0,0.36,9.36,0.15,0.07,-0.43,-0.16,0.29,9.8,0.8925000000000001,-1.25,0.0,0.0,0.0,7.0,1016.99,67.24,-16.56
2025-03-24 18:14:38.466000+00:00,27.332236662556404,,,,26.188,-0.875,-1.688,23.0,-69.25,-11.375,-35.188,0.014,-0.016,-0.017,0.0,0.36,9.36,0.15,0.07,-0.43,-0.16,0.29,9.8,0.8925000000000001,-1.25,0.0,0.0,0.0,7.0,1016.99,67.24,-16.56
2025-03-24 18:14:39.449000+00:00,27.332236662556404,,,,26.188,-0.875,-1.688,23.0,-134.0,-5.062,-5.875,0.014,-0.016,-0.017,0.0,0.36,9.36,0.15,0.07,-0.43,-0.16,0.29,9.8,0.8925000000000001,-1.25,0.0,0.0,0.0,7.0,1016.99,67.24,-16.56
2025-03-24 18:14:40.353000+00:00,27.332236662556404,,,,26.188,-0.875,-1.688,23.0,-80.25,-11.375,-30.5,0.014,-0.016,-0.017,0.0,0.36,9.36,0.15,0.07,-0.43,-0.16,0.29,9.8,0.8925000000000001,-1.25,0.0,0.0,0.0,7.0,1016.99,67.24,-16.56
2025-03-24 18:14:41.539000+00:00,27.332236662556404,,,,26.188,-0.875,-1.688,23.0,-94.25,-0.688,-36.75,0.014,-0.016,-0.017,0.0,0.36,9.36,0.15,0.07,-0.43,-0.16,0.29,9.8,0.8925000000000001,-1.25,0.0,0.0,0.0,7.0,1016.99,67.24,-16.56
2025-03-24 18:14:42.689000+00:00,27.332236662556404,,,,26.188,-0.875,-1.688,23.0,-96.562,-6.062,-29.062,0.014,-0.016,-0.017,0.0,0.36,9.36,0.15,0.07,-0.43,-0.16,0.29,9.8,0.8925000000000001,-1.25,0.0,0.0,0.0,7.0,1016.99,67.24,-16.56
2025-03-24 18:14:43.468000+00:00,27.332236662556404,,,,26.188,-0.875,-1.688,23.0,-119.062,-8.188,-42.75,0.014,-0.016,-0.017,0.0,0.36,9.36,0.15,0.07,-0.43,-0.16,0.29,9.8,0.8925000000000001,-1.25,0.0,0.0,0.0,7.0,1016.99,67.24,-16.56
2025-03-24 18:14:44.492000+00:00,27.332236662556404,,,,26.188,-0.875,-1.688,23.0,-124.375,2.25,9.5,0.014,-0.016,-0.017,0.0,0.36,9.36,0.15,0.07,-0.43,-0.16,0.29,9.8,0.8925000000000001,-1.25,0.0,0.0,0.0,7.0,1016.99,67.24,-16.56
2025-03-24 18:14:45.488000+00:00,27.332236662556404,,,,26.188,-0.875,-1.688,23.0,-67.562,-11.688,-22.688,0.014,-0.016,-0.017,0.0,0.36,9.36,0.15,0.07,-0.43,-0.16,0.29,9.8,0.8925000000000001,-1.25,0.0,0.0,0.0,7.0,1016.99,67.24,-16.56
2025-03-24 18:14:46.513000+00:00,27.332236662556404,,,,26.188,-0.875,-1.688,23.0,-105.5,-4.25,-16.875,0.014,-0.016,-0.017,0.0,0.36,9.36,0.15,0.07,-0.43,-0.16,0.29,9.8,0.8925000000000001,-1.25,0.0,0.0,0.0,7.0,1016.99,67.24,-16.56
2025-03-24 18:14:47.519000+00:00,27.332236662556404,,,,26.188,-0.875,-1.688,23.0,-78.062,-8.875,-20.375,0.014,-0.016,-0.017,0.0,0.36,9.36,0.15,0.07,-0.43,-0.16,0.29,9.8,0.8925000000000001,-1.25,0.0,0.0,0.0,7.0,1016.99,67.24,-16.56
2025-03-24 18:14:48.488000+00:00,27.332236662556404,,,,26.188,-0.875,-1.688,23.0,-68.75,-2.0,-30.375,0.014,-0.016,-0.017,0.0,0.36,9.36,0.15,0.07,-0.43,-0.16,0.29,9.8,0.8925000000000001,-1.25,0.0,0.0,0.0,7.0,1016.99,67.24,-16.56
2025-03-24 18:14:49.488000+00:00,27.332236662556404,,,,26.188,-0.875,-1.688,23.0,-120.5,3.062,5.188,0.014,-0.016,-0.017,0.0,0.36,9.36,0.15,0.07,-0.43,-0.16,0.29,9.8,0.8925000000000001,-1.25,0.0,0.0,0.0,7.0,1016.99,67.24,-16.56
2025-03-24 18:14:50.518000+00:00,27.332236662556404,,,,26.188,-0.875,-1.688,23.0,-65.75,-11.75,-23.688,0.014,-0.016,-0.017,0.0,0.36,9.36,0.15,0.07,-0.43,-0.16,0.29,9.8,0.8925000000000001,-1.25,0.0,0.0,0.0,7.0,1016.99,67.24,-16.56
2025-03-24 18:14:51.495000+00:00,27.332236662556404,,,,26.188,-0.875,-1.688,23.0,-105.688,-2.875,-17.5,0.014,-0.016,-0.017,0.0,0.36,9.36,0.15,0.07,-0.43,-0.16,0.29,9.8,0.8925000000000001,-1.25,0.0,0.0,0.0,7.0,1016.99,67.24,-16.56
2025-03-24 18:14:52.572000+00:00,27.332236662556404,,,,26.188,-0.875,-1.688,23.0,-79.062,-9.25,-20.75,0.014,-0.016,-0.017,0.0,0.36,9.36,0.15,0.07,-0.43,-0.16,0.29,9.8,0.8925000000000001,-1.25,0.0,0.0,0.0,7.0,1016.99,67.24,-16.56
2025-03-24 18:14:53.514000+00:00,27.332236662556404,,,,26.188,-0.875,-1.688,23.0,-68.688,-3.062,-29.5,0.014,-0.016,-0.017,0.0,0.36,9.36,0.15,0.07,-0.43,-0.16,0.29,9.8,0.8925000000000001,-1.25,0.0,0.0,0.0,7.0,1016.99,67.24,-16.56
2025-03-24 18:14:54.588000+00:00,27.332236662556404,,,,26.188,-0.875,-1.688,23.0,-121.875,2.875,4.375,0.014,-0.016,-0.017,0.0,0.36,9.36,0.15,0.07,-0.43,-0.16,0.29,9.8,0.8925000000000001,-1.25,0.0,0.0,0.0,7.0,1016.99,67.24,-16.56
2025-03-24 18:14:55.518000+00:00,27.332236662556404,,,,26.188,-0.875,-1.688,23.0,-66.062,-12.562,-23.188,0.014,-0.016,-0.017,0.0,0.36,9.36,0.15,0.07,-0.43,-0.16,0.29,9.8,0.8925000000000001,-1.25,0.0,0.0,0.0,7.0,1016.99,67.24,-16.56
2025-03-24 18:14:56.678000+00:00,27.332236662556404,,,,26.188,-0.875,-1.688,23.0,-112.875,-4.25,-14.75,0.014,-0.016,-0.017,0.0,0.36,9.36,0.15,0.07,-0.43,-0.16,0.29,9.8,0.8925000000000001,-1.25,0.0,0.0,0.0,7.0,1016.99,67.24,-16.56
2025-03-24 18:14:57.828000+00:00,27.332236662556404,,,,26.188,-0.875,-1.688,23.0,-75.375,-9.0,-21.25,0.014,-0.016,-0.017,0.0,0.36,9.36,0.15,0.07,-0.43,-0.16,0.29,9.8,0.8925000000000001,-1.25,0.0,0.0,0.0,7.0,1016.99,67.24,-16.56
2025-03-24 18:14:58.528000+00:00,27.332236662556404,,,,26.188,-0.875,-1.688,23.0,-70.875,-1.375,-30.688,0.014,-0.016,-0.017,0.0,0.36,9.36,0.15,0.07,-0.43,-0.16,0.29,9.8,0.8925000000000001,-1.25,0.0,0.0,0.0,7.0,1016.99,67.24,-16.56
2025-03-24 18:14:59.518000+00:00,27.332236662556404,,,,26.188,-0.875,-1.688,23.0,-116.0,3.25,-3.875,0.014,-0.016,-0.017,0.0,0.36,9.36,0.15,0.07,-0.43,-0.16,0.29,9.8,0.8925000000000001,-1.25,0.0,0.0,0.0,7.0,1016.99,67.24,-16.56
2025-03-24 18:15:00.536000+00:00,27.332236662556404,,,,26.188,-0.875,-1.688,23.0,-63.0,-10.375,-27.5,0.014,-0.016,-0.017,0.0,0.36,9.36,0.15,0.07,-0.43,-0.16,0.29,9.8,0.8925000000000001,-1.25,0.0,0.0,0.0,7.0,1016.99,67.24,-16.56
2025-03-24 18:15:01.538000+00:00,27.332236662556404,,,,26.188,-0.875,-1.688,23.0,-124.062,-5.75,0.562,0.014,-0.016,-0.017,0.0,0.36,9.36,0.15,0.07,-0.43,-0.16,0.29,9.8,0.8925000000000001,-1.25,0.0,0.0,0.0,7.0,1016.99,67.24,-16.56
2025-03-24 18:15:02.555000+00:00,27.332236662556404,,,,26.188,-0.875,-1.688,23.0,-72.25,-10.375,-23.5,0.014,-0.016,-0.017,0.0,0.36,9.36,0.15,0.07,-0.43,-0.16,0.29,9.8,0.8925000000000001,-1.25,0.0,0.0,0.0,7.0,1016.99,67.24,-16.56
2025-03-24 18:15:03.599000+00:00,27.332236662556404,,,,26.188,-0.875,-1.688,23.0,-106.5,-0.875,-21.062,0.014,-0.016,-0.017,0.0,0.36,9.36,0.15,0.07,-0.43,-0.16,0.29,9.8,0.8925000000000001,-1.25,0.0,0.0,0.0,7.0,1016.99,67.24,-16.56
2025-03-24 18:15:04.679000+00:00,27.332236662556404,,,,26.188,-0.875,-1.688,23.0,-75.5,-8.688,-24.688,0.014,-0.016,-0.017,0.0,0.36,9.36,0.15,0.07,-0.43,-0.16,0.29,9.8,0.8925000000000001,-1.25,0.0,0.0,0.0,7.0,1016.99,67.24,-16.56
2025-03-24 18:15:05.839000+00:00,27.332236662556404,,,,26.188,-0.875,-1.688,23.0,-79.188,0.062,-31.0,0.014,-0.016,-0.017,0.0,0.36,9.36,0.15,0.07,-0.43,-0.16,0.29,9.8,0.8925000000000001,-1.25,0.0,0.0,0.0,7.0,1016.99,67.24,-16.56
2025-03-24 18:15:06.850000+00:00,27.332236662556404,,,,26.188,-0.875,-1.688,23.0,-98.0,-0.375,-18.688,0.014,-0.016,-0.017,0.0,0.36,9.36,0.15,0.07,-0.43,-0.16,0.29,9.8,0.8925000000000001,-1.25,0.0,0.0,0.0,7.0,1016.99,67.24,-16.56
2025-03-24 18:15:07.589000+00:00,27.332236662556404,,,,26.188,-0.875,-1.688,23.0,-64.375,-6.062,-32.375,0.014,-0.016,-0.017,0.0,0.36,9.36,0.15,0.07,-0.43,-0.16,0.29,9.8,0.8925000000000001,-1.25,0.0,0.0,0.0,7.0,1016.99,67.24,-16.56
2025-03-24 18:15:08.991000+00:00,27.332236662556404,,,,26.188,-0.875,-1.688,23.0,-126.5,4.562,5.25,0.014,-0.016,-0.017,0.0,0.36,9.36,0.15,0.07,-0.43,-0.16,0.29,9.8,0.8925000000000001,-1.25,0.0,0.0,0.0,7.0,1016.99,67.24,-16.56
2025-03-24 18:15:09.615000+00:00,27.332236662556404,,,,26.188,-0.875,-1.688,23.0,-66.5,-9.75,-27.75,0.014,-0.016,-0.017,0.0,0.36,9.36,0.15,0.07,-0.43,-0.16,0.29,9.8,0.8925000000000001,-1.25,0.0,0.0,0.0,7.0,1016.99,67.24,-16.56
2025-03-24 18:15:10.618000+00:00,27.332236662556404,,,,26.188,-0.875,-1.688,23.0,-114.562,-2.875,-14.375,0.014,-0.016,-0.017,0.0,0.36,9.36,0.15,0.07,-0.43,-0.16,0.29,9.8,0.8925000000000001,-1.25,0.0,0.0,0.0,7.0,1016.99,67.24,-16.56
2025-03-24 18:15:11.694000+00:00,27.332236662556404,,,,26.188,-0.875,-1.688,23.0,-80.062,-6.375,-24.875,0.014,-0.016,-0.017,0.0,0.36,9.36,0.15,0.07,-0.43,-0.16,0.29,9.8,0.8925000000000001,-1.25,0.0,0.0,0.0,7.0,1016.99,67.24,-16.56
2025-03-24 18:15:12.698000+00:00,27.332236662556404,,,,26.188,-0.875,-1.688,23.0,-69.375,-1.188,-33.75,0.014,-0.016,-0.017,0.0,0.36,9.36,0.15,0.07,-0.43,-0.16,0.29,9.8,0.8925000000000001,-1.25,0.0,0.0,0.0,7.0,1016.99,67.24,-16.56
2025-03-24 18:15:14.019000+00:00,27.332236662556404,,,,26.188,-0.875,-1.688,23.0,-124.688,5.0,1.75,0.014,-0.016,-0.017,0.0,0.36,9.36,0.15,0.07,-0.43,-0.16,0.29,9.8,0.8925000000000001,-1.25,0.0,0.0,0.0,7.0,1016.99,67.24,-16.56
2025-03-24 18:15:14.878000+00:00,27.332236662556404,,,,26.188,-0.875,-1.688,23.0,-68.375,-9.688,-29.188,0.014,-0.016,-0.017,0.0,0.36,9.36,0.15,0.07,-0.43,-0.16,0.29,9.8,0.8925000000000001,-1.25,0.0,0.0,0.0,7.0,1016.99,67.24,-16.56
2025-03-24 18:15:15.928000+00:00,27.332236662556404,,,,26.188,-0.875,-1.688,23.0,-120.0,-3.375,-11.75,0.014,-0.016,-0.017,0.0,0.36,9.36,0.15,0.07,-0.43,-0.16,0.29,9.8,0.8925000000000001,-1.25,0.0,0.0,0.0,7.0,1016.99,67.24,-16.56
2025-03-24 18:15:16.683000+00:00,27.332236662556404,,,,26.188,-0.875,-1.688,23.0,-76.562,-8.25,-27.0,0.014,-0.016,-0.017,0.0,0.36,9.36,0.15,0.07,-0.43,-0.16,0.29,9.8,0.8925000000000001,-1.25,0.0,0.0,0.0,7.0,1016.99,67.24,-16.56
2025-03-24 18:15:17.679000+00:00,27.332236662556404,,,,26.188,-0.875,-1.688,23.0,-86.062,0.0,-33.375,0.014,-0.016,-0.017,0.0,0.36,9.36,0.15,0.07,-0.43,-0.16,0.29,9.8,0.8925000000000001,-1.25,0.0,0.0,0.0,7.0,1016.99,67.24,-16.56
2025-03-24 18:15:18.698000+00:00,27.332236662556404,,,,26.188,-0.875,-1.688,23.0,-90.5,-4.688,-25.688,0.014,-0.016,-0.017,0.0,0.36,9.36,0.15,0.07,-0.43,-0.16,0.29,9.8,0.8925000000000001,-1.25,0.0,0.0,0.0,7.0,1016.99,67.24,-16.56
2025-03-24 18:15:19.703000+00:00,27.332236662556404,,,,26.188,-0.875,-1.688,23.0,-69.875,-1.25,-36.0,0.014,-0.016,-0.017,0.0,0.36,9.36,0.15,0.07,-0.43,-0.16,0.29,9.8,0.8925000000000001,-1.25,0.0,0.0,0.0,7.0,1016.99,67.24,-16.56
2025-03-24 18:15:20.719000+00:00,27.332236662556404,,,,26.188,-0.875,-1.688,23.0,-106.062,1.688,-18.25,0.014,-0.016,-0.017,0.0,0.36,9.36,0.15,0.07,-0.43,-0.16,0.29,9.8,0.8925000000000001,-1.25,0.0,0.0,0.0,7.0,1016.99,67.24,-16.56
2025-03-24 18:15:21.719000+00:00,27.332236662556404,,,,26.188,-0.875,-1.688,23.0,-66.688,-4.5,-35.375,0.014,-0.016,-0.017,0.0,0.36,9.36,0.15,0.07,-0.43,-0.16,0.29,9.8,0.8925000000000001,-1.25,0.0,0.0,0.0,7.0,1016.99,67.24,-16.56
2025-03-24 18:15:22.737000+00:00,27.332236662556404,,,,26.188,-0.875,-1.688,23.0,-122.875,4.188,-4.562,0.014,-0.016,-0.017,0.0,0.36,9.36,0.15,0.07,-0.43,-0.16,0.29,9.8,0.8925000000000001,-1.25,0.0,0.0,0.0,7.0,1016.99,67.24,-16.56
2025-03-24 18:15:23.747000+00:00,27.332236662556404,,,,26.188,-0.875,-1.688,23.0,-65.375,-9.375,-33.75,0.014,-0.016,-0.017,0.0,0.36,9.36,0.15,0.07,-0.43,-0.16,0.29,9.8,0.8925000000000001,-1.25,0.0,0.0,0.0,7.0,1016.99,67.24,-16.56
2025-03-24 18:15:24.839000+00:00,27.332236662556404,,,,26.188,-0.875,-1.688,23.0,-131.688,-0.75,2.562,0.014,-0.016,-0.017,0.0,0.36,9.36,0.15,0.07,-0.43,-0.16,0.29,9.8,0.8925000000000001,-1.25,0.0,0.0,0.0,7.0,1016.99,67.24,-16.56
2025-03-24 18:14:26.510000+00:00,27.332236662556404,,,,26.188,-0.875,-1.688,23.0,-131.688,-0.75,2.562,0.014,-0.016,-0.017,0.0,0.36,9.36,0.15,0.07,-0.43,-0.16,0.29,9.8,0.8925000000000001,-1.25,0.0,0.0,0.0,7.0,1016.99,67.24,-16.56
2025-03-24 18:14:27.241000+00:00,27.332236662556404,,,,26.188,-0.875,-1.688,23.0,-131.688,-0.75,2.562,0.007,-0.007,0.026,0.0,0.36,9.36,0.15,0.07,-0.43,-0.16,0.29,9.8,0.8925000000000001,-1.25,0.0,0.0,0.0,7.0,1016.99,67.24,-16.56
2025-03-24 18:14:28.274000+00:00,27.332236662556404,,,,26.188,-0.875,-1.688,23.0,-131.688,-0.75,2.562,0.011,0.006,-0.003,0.0,0.36,9.36,0.15,0.07,-0.43,-0.16,0.29,9.8,0.8925000000000001,-1.25,0.0,0.0,0.0,7.0,1016.99,67.24,-16.56
2025-03-24 18:14:29.277000+00:00,27.332236662556404,,,,26.188,-0.875,-1.688,23.0,-131.688,-0.75,2.562,0.016,-0.019,0.012,0.0,0.36,9.36,0.15,0.07,-0.43,-0.16,0.29,9.8,0.8925000000000001,-1.25,0.0,0.0,0.0,7.0,1016.99,67.24,-16.56
2025-03-24 18:14:30.287000+00:00,27.332236662556404,,,,26.188,-0.875,-1.688,23.0,-131.688,-0.75,2.562,0.006,0.022,0.028,0.0,0.36,9.36,0.15,0.07,-0.43,-0.16,0.29,9.8,0.8925000000000001,-1.25,0.0,0.0,0.0,7.0,1016.99,67.24,-16.56
2025-03-24 18:14:31.281000+00:00,27.332236662556404,,,,26.188,-0.875,-1.688,23.0,-131.688,-0.75,2.562,0.029,-0.001,-0.003,0.0,0.36,9.36,0.15,0.07,-0.43,-0.16,0.29,9.8,0.8925000000000001,-1.25,0.0,0.0,0.0,7.0,1016.99,67.24,-16.56
2025-03-24 18:14:32.360000+00:00,27.332236662556404,,,,26.188,-0.875,-1.688,23.0,-131.688,-0.75,2.562,0.004,-0.007,-0.041,0.0,0.36,9.36,0.15,0.07,-0.43,-0.16,0.29,9.8,0.8925000000000001,-1.25,0.0,0.0,0.0,7.0,1016.99,67.24,-16.56
2025-03-24 18:14:33.400000+00:00,27.332236662556404,,,,26.188,-0.875,-1.688,23.0,-131.688,-0.75,2.562,-0.007,-0.017,-0.019,0.0,0.36,9.36,0.15,0.07,-0.43,-0.16,0.29,9.8,0.8925000000000001,-1.25,0.0,0.0,0.0,7.0,1016.99,67.24,-16.56
2025-03-24 18:14:34.310000+00:00,27.332236662556404,,,,26.188,-0.875,-1.688,23.0,-131.688,-0.75,2.562,0.0,-0.006,-0.03,0.0,0.36,9.36,0.15,0.07,-0.43,-0.16,0.29,9.8,0.8925000000000001,-1.25,0.0,0.0,0.0,7.0,1016.99,67.24,-16.56
2025-03-24 18:14:35.416000+00:00,27.332236662556404,,,,26.188,-0.875,-1.688,23.0,-131.688,-0.75,2.562,0.0,-0.006,0.033,0.0,0.36,9.36,0.15,0.07,-0.43,-0.16,0.29,9.8,0.8925000000000001,-1.25,0.0,0.0,0.0,7.0,1016.99,67.24,-16.56
2025-03-24 18:14:36.727000+00:00,27.332236662556404,,,,26.188,-0.875,-1.688,23.0,-131.688,-0.75,2.562,-0.029,0.006,0.006,0.0,0.36,9.36,0.15,0.07,-0.43,-0.16,0.29,9.8,0.8925000000000001,-1.25,0.0,0.0,0.0,7.0,1016.99,67.24,-16.56
2025-03-24 18:14:37.806000+00:00,27.332236662556404,,,,26.188,-0.875,-1.688,23.0,-131.688,-0.75,2.562,0.001,-0.004,0.008,0.0,0.36,9.36,0.15,0.07,-0.43,-0.16,0.29,9.8,0.8925000000000001,-1.25,0.0,0.0,0.0,7.0,1016.99,67.24,-16.56
2025-03-24 18:14:38.524000+00:00,27.332236662556404,,,,26.188,-0.875,-1.688,23.0,-131.688,-0.75,2.562,0.003,0.018,0.04,0.0,0.36,9.36,0.15,0.07,-0.43,-0.16,0.29,9.8,0.8925000000000001,-1.25,0.0,0.0,0.0,7.0,1016.99,67.24,-16.56
2025-03-24 18:14:39.500000+00:00,27.332236662556404,,,,26.188,-0.875,-1.688,23.0,-131.688,-0.75,2.562,0.006,-0.007,-0.008,0.0,0.36,9.36,0.15,0.07,-0.43,-0.16,0.29,9.8,0.8925000000000001,-1.25,0.0,0.0,0.0,7.0,1016.99,67.24,-16.56
2025-03-24 18:14:40.400000+00:00,27.332236662556404,,,,26.188,-0.875,-1.688,23.0,-131.688,-0.75,2.562,-0.01,0.002,-0.006,0.0,0.36,9.36,0.15,0.07,-0.43,-0.16,0.29,9.8,0.8925000000000001,-1.25,0.0,0.0,0.0,7.0,1016.99,67.24,-16.56
2025-03-24 18:14:41.590000+00:00,27.332236662556404,,,,26.188,-0.875,-1.688,23.0,-131.688,-0.75,2.562,0.001,0.002,0.011,0.0,0.36,9.36,0.15,0.07,-0.43,-0.16,0.29,9.8,0.8925000000000001,-1.25,0.0,0.0,0.0,7.0,1016.99,67.24,-16.56
2025-03-24 18:14:42.746000+00:00,27.332236662556404,,,,26.188,-0.875,-1.688,23.0,-131.688,-0.75,2.562,0.012,-0.003,-0.057,0.0,0.36,9.36,0.15,0.07,-0.43,-0.16,0.29,9.8,0.8925000000000001,-1.25,0.0,0.0,0.0,7.0,1016.99,67.24,-16.56
2025-03-24 18:14:43.518000+00:00,27.332236662556404,,,,26.188,-0.875,-1.688,23.0,-131.688,-0.75,2.562,-0.004,0.0,0.013,0.0,0.36,9.36,0.15,0.07,-0.43,-0.16,0.29,9.8,0.8925000000000001,-1.25,0.0,0.0,0.0,7.0,1016.99,67.24,-16.56
2025-03-24 18:14:44.543000+00:00,27.332236662556404,,,,26.188,-0.875,-1.688,23.0,-131.688,-0.75,2.562,0.008,-0.003,0.037,0.0,0.36,9.36,0.15,0.07,-0.43,-0.16,0.29,9.8,0.8925000000000001,-1.25,0.0,0.0,0.0,7.0,1016.99,67.24,-16.56
2025-03-24 18:14:45.539000+00:00,27.332236662556404,,,,26.188,-0.875,-1.688,23.0,-131.688,-0.75,2.562,-0.003,0.02,0.023,0.0,0.36,9.36,0.15,0.07,-0.43,-0.16,0.29,9.8,0.8925000000000001,-1.25,0.0,0.0,0.0,7.0,1016.99,67.24,-16.56
2025-03-24 18:14:46.565000+00:00,27.332236662556404,,,,26.188,-0.875,-1.688,23.0,-131.688,-0.75,2.562,0.004,0.003,0.011,0.0,0.36,9.36,0.15,0.07,-0.43,-0.16,0.29,9.8,0.8925000000000001,-1.25,0.0,0.0,0.0,7.0,1016.99,67.24,-16.56
2025-03-24 18:14:47.568000+00:00,27.332236662556404,,,,26.188,-0.875,-1.688,23.0,-131.688,-0.75,2.562,-0.014,-0.012,-0.004,0.0,0.36,9.36,0.15,0.07,-0.43,-0.16,0.29,9.8,0.8925000000000001,-1.25,0.0,0.0,0.0,7.0,1016.99,67.24,-16.56
2025-03-24 18:14:48.539000+00:00,27.332236662556404,,,,26.188,-0.875,-1.688,23.0,-131.688,-0.75,2.562,-0.01,0.009,-0.006,0.0,0.36,9.36,0.15,0.07,-0.43,-0.16,0.29,9.8,0.8925000000000001,-1.25,0.0,0.0,0.0,7.0,1016.99,67.24,-16.56
2025-03-24 18:14:49.539000+00:00,27.332236662556404,,,,26.188,-0.875,-1.688,23.0,-131.688,-0.75,2.562,0.004,0.029,0.007,0.0,0.36,9.36,0.15,0.07,-0.43,-0.16,0.29,9.8,0.8925000000000001,-1.25,0.0,0.0,0.0,7.0,1016.99,67.24,-16.56
2025-03-24 18:14:50.569000+00:00,27.332236662556404,,,,26.188,-0.875,-1.688,23.0,-131.688,-0.75,2.562,0.001,0.018,-0.006,0.0,0.36,9.36,0.15,0.07,-0.43,-0.16,0.29,9.8,0.8925000000000001,-1.25,0.0,0.0,0.0,7.0,1016.99,67.24,-16.56
2025-03-24 18:14:51.561000+00:00,27.332236662556404,,,,26.188,-0.875,-1.688,23.0,-131.688,-0.75,2.562,0.0,0.01,0.007,0.0,0.36,9.36,0.15,0.07,-0.43,-0.16,0.29,9.8,0.8925000000000001,-1.25,0.0,0.0,0.0,7.0,1016.99,67.24,-16.56
2025-03-24 18:14:52.625000+00:00,27.332236662556404,,,,26.188,-0.875,-1.688,23.0,-131.688,-0.75,2.562,0.007,-0.003,-0.029,0.0,0.36,9.36,0.15,0.07,-0.43,-0.16,0.29,9.8,0.8925000000000001,-1.25,0.0,0.0,0.0,7.0,1016.99,67.24,-16.56
2025-03-24 18:14:53.568000+00:00,27.332236662556404,,,,26.188,-0.875,-1.688,23.0,-131.688,-0.75,2.562,-0.012,0.007,0.017,0.0,0.36,9.36,0.15,0.07,-0.43,-0.16,0.29,9.8,0.8925000000000001,-1.25,0.0,0.0,0.0,7.0,1016.99,67.24,-16.56
2025-03-24 18:14:54.638000+00:00,27.332236662556404,,,,26.188,-0.875,-1.688,23.0,-131.688,-0.75,2.562,0.024,-0.023,0.008,0.0,0.36,9.36,0.15,0.07,-0.43,-0.16,0.29,9.8,0.8925000000000001,-1.25,0.0,0.0,0.0,7.0,1016.99,67.24,-16.56
2025-03-24 18:14:55.575000+00:00,27.332236662556404,,,,26.188,-0.875,-1.688,23.0,-131.688,-0.75,2.562,-0.009,0.022,-0.019,0.0,0.36,9.36,0.15,0.07,-0.43,-0.16,0.29,9.8,0.8925000000000001,-1.25,0.0,0.0,0.0,7.0,1016.99,67.24,-16.56
2025-03-24 18:14:56.728000+00:00,27.332236662556404,,,,26.188,-0.875,-1.688,23.0,-131.688,-0.75,2.562,0.024,0.001,0.013,0.0,0.36,9.36,0.15,0.07,-0.43,-0.16,0.29,9.8,0.8925000000000001,-1.25,0.0,0.0,0.0,7.0,1016.99,67.24,-16.56
2025-03-24 18:14:57.878000+00:00,27.332236662556404,,,,26.188,-0.875,-1.688,23.0,-131.688,-0.75,2.562,-0.002,-0.004,0.029,0.0,0.36,9.36,0.15,0.07,-0.43,-0.16,0.29,9.8,0.8925000000000001,-1.25,0.0,0.0,0.0,7.0,1016.99,67.24,-16.56
2025-03-24 18:14:58.578000+00:00,27.332236662556404,,,,26.188,-0.875,-1.688,23.0,-131.688,-0.75,2.562,-0.011,-0.001,0.029,0.0,0.36,9.36,0.15,0.07,-0.43,-0.16,0.29,9.8,0.8925000000000001,-1.25,0.0,0.0,0.0,7.0,1016.99,67.24,-16.56
2025-03-24 18:14:59.578000+00:00,27.332236662556404,,,,26.188,-0.875,-1.688,23.0,-131.688,-0.75,2.562,-0.011,-0.011,0.032,0.0,0.36,9.36,0.15,0.07,-0.43,-0.16,0.29,9.8,0.8925000000000001,-1.25,0.0,0.0,0.0,7.0,1016.99,67.24,-16.56
2025-03-24 18:15:00.596000+00:00,27.332236662556404,,,,26.188,-0.875,-1.688,23.0,-131.688,-0.75,2.562,0.023,0.007,-0.018,0.0,0.36,9.36,0.15,0.07,-0.43,-0.16,0.29,9.8,0.8925000000000001,-1.25,0.0,0.0,0.0,7.0,1016.99,67.24,-16.56
2025-03-24 18:15:01.589000+00:00,27.332236662556404,,,,26.188,-0.875,-1.688,23.0,-131.688,-0.75,2.562,-0.001,-0.016,0.013,0.0,0.36,9.36,0.15,0.07,-0.43,-0.16,0.29,9.8,0.8925000000000001,-1.25,0.0,0.0,0.0,7.0,1016.99,67.24,-16.56
2025-03-24 18:15:02.612000+00:00,27.332236662556404,,,,26.188,-0.875,-1.688,23.0,-131.688,-0.75,2.562,0.007,0.009,-0.011,0.0,0.36,9.36,0.15,0.07,-0.43,-0.16,0.29,9.8,0.8925000000000001,-1.25,0.0,0.0,0.0,7.0,1016.99,67.24,-16.56
2025-03-24 18:15:03.649000+00:00,27.332236662556404,,,,26.188,-0.875,-1.688,23.0,-131.688,-0.75,2.562,0.016,0.008,0.047,0.0,0.36,9.36,0.15,0.07,-0.43,-0.16,0.29,9.8,0.8925000000000001,-1.25,0.0,0.0,0.0,7.0,1016.99,67.24,-16.56
2025-03-24 18:15:04.729000+00:00,27.332236662556404,,,,26.188,-0.875,-1.688,23.0,-131.688,-0.75,2.562,-0.007,0.006,0.003,0.0,0.36,9.36,0.15,0.07,-0.43,-0.16,0.29,9.8,0.8925000000000001,-1.25,0.0,0.0,0.0,7.0,1016.99,67.24,-16.56
2025-03-24 18:15:05.899000+00:00,27.332236662556404,,,,26.188,-0.875,-1.688,23.0,-131.688,-0.75,2.562,0.007,0.001,0.001,0.0,0.36,9.36,0.15,0.07,-0.43,-0.16,0.29,9.8,0.8925000000000001,-1.25,0.0,0.0,0.0,7.0,1016.99,67.24,-16.56
2025-03-24 18:15:06.900000+00:00,27.332236662556404,,,,26.188,-0.875,-1.688,23.0,-131.688,-0.75,2.562,0.022,0.007,-0.021,0.0,0.36,9.36,0.15,0.07,-0.43,-0.16,0.29,9.8,0.8925000000000001,-1.25,0.0,0.0,0.0,7.0,1016.99,67.24,-16.56
2025-03-24 18:15:07.649000+00:00,27.332236662556404,,,,26.188,-0.875,-1.688,23.0,-131.688,-0.75,2.562,-0.008,0.003,0.024,0.0,0.36,9.36,0.15,0.07,-0.43,-0.16,0.29,9.8,0.8925000000000001,-1.25,0.0,0.0,0.0,7.0,1016.99,67.24,-16.56
2025-03-24 18:15:09.039000+00:00,27.332236662556404,,,,26.188,-0.875,-1.688,23.0,-131.688,-0.75,2.562,-0.011,0.019,0.053,0.0,0.36,9.36,0.15,0.07,-0.43,-0.16,0.29,9.8,0.8925000000000001,-1.25,0.0,0.0,0.0,7.0,1016.99,67.24,-16.56
2025-03-24 18:15:09.671000+00:00,27.332236662556404,,,,26.188,-0.875,-1.688,23.0,-131.688,-0.75,2.562,0.006,0.002,-0.017,0.0,0.36,9.36,0.15,0.07,-0.43,-0.16,0.29,9.8,0.8925000000000001,-1.25,0.0,0.0,0.0,7.0,1016.99,67.24,-16.56
2025-03-24 18:15:10.668000+00:00,27.332236662556404,,,,26.188,-0.875,-1.688,23.0,-131.688,-0.75,2.562,-0.002,0.014,-0.029,0.0,0.36,9.36,0.15,0.07,-0.43,-0.16,0.29,9.8,0.8925000000000001,-1.25,0.0,0.0,0.0,7.0,1016.99,67.24,-16.56
2025-03-24 18:15:11.745000+00:00,27.332236662556404,,,,26.188,-0.875,-1.688,23.0,-131.688,-0.75,2.562,0.003,-0.007,-0.019,0.0,0.36,9.36,0.15,0.07,-0.43,-0.16,0.29,9.8,0.8925000000000001,-1.25,0.0,0.0,0.0,7.0,1016.99,67.24,-16.56
2025-03-24 18:15:12.748000+00:00,27.332236662556404,,,,26.188,-0.875,-1.688,23.0,-131.688,-0.75,2.562,-0.027,0.001,0.011,0.0,0.36,9.36,0.15,0.07,-0.43,-0.16,0.29,9.8,0.8925000000000001,-1.25,0.0,0.0,0.0,7.0,1016.99,67.24,-16.56
2025-03-24 18:15:14.078000+00:00,27.332236662556404,,,,26.188,-0.875,-1.688,23.0,-131.688,-0.75,2.562,0.01,-0.007,-0.007,0.0,0.36,9.36,0.15,0.07,-0.43,-0.16,0.29,9.8,0.8925000000000001,-1.25,0.0,0.0,0.0,7.0,1016.99,67.24,-16.56
2025-03-24 18:15:14.932000+00:00,27.332236662556404,,,,26.188,-0.875,-1.688,23.0,-131.688,-0.75,2.562,0.002,0.016,-0.033,0.0,0.36,9.36,0.15,0.07,-0.43,-0.16,0.29,9.8,0.8925000000000001,-1.25,0.0,0.0,0.0,7.0,1016.99,67.24,-16.56
2025-03-24 18:15:15.979000+00:00,27.332236662556404,,,,26.188,-0.875,-1.688,23.0,-131.688,-0.75,2.562,0.002,-0.001,-0.02,0.0,0.36,9.36,0.15,0.07,-0.43,-0.16,0.29,9.8,0.8925000000000001,-1.25,0.0,0.0,0.0,7.0,1016.99,67.24,-16.56
2025-03-24 18:15:16.739000+00:00,27.332236662556404,,,,26.188,-0.875,-1.688,23.0,-131.688,-0.75,2.562,-0.018,0.013,0.023,0.0,0.36,9.36,0.15,0.07,-0.43,-0.16,0.29,9.8,0.8925000000000001,-1.25,0.0,0.0,0.0,7.0,1016.99,67.24,-16.56
2025-03-24 18:15:17.728000+00:00,27.332236662556404,,,,26.188,-0.875,-1.688,23.0,-131.688,-0.75,2.562,-0.01,-0.009,-0.01,0.0,0.36,9.36,0.15,0.07,-0.43,-0.16,0.29,9.8,0.8925000000000001,-1.25,0.0,0.0,0.0,7.0,1016.99,67.24,-16.56
2025-03-24 18:15:18.748000+00:00,27.332236662556404,,,,26.188,-0.875,-1.688,23.0,-131.688,-0.75,2.562,0.01,0.0,0.023,0.0,0.36,9.36,0.15,0.07,-0.43,-0.16,0.29,9.8,0.8925000000000001,-1.25,0.0,0.0,0.0,7.0,1016.99,67.24,-16.56
2025-03-24 18:15:19.757000+00:00,27.332236662556404,,,,26.188,-0.875,-1.688,23.0,-131.688,-0.75,2.562,-0.01,0.001,0.004,0.0,0.36,9.36,0.15,0.07,-0.43,-0.16,0.29,9.8,0.8925000000000001,-1.25,0.0,0.0,0.0,7.0,1016.99,67.24,-16.56
2025-03-24 18:15:20.774000+00:00,27.332236662556404,,,,26.188,-0.875,-1.688,23.0,-131.688,-0.75,2.562,0.002,0.024,-0.029,0.0,0.36,9.36,0.15,0.07,-0.43,-0.16,0.29,9.8,0.8925000000000001,-1.25,0.0,0.0,0.0,7.0,1016.99,67.24,-16.56
2025-03-24 18:15:21.778000+00:00,27.332236662556404,,,,26.188,-0.875,-1.688,23.0,-131.688,-0.75,2.562,0.014,-0.006,-0.049,0.0,0.36,9.36,0.15,0.07,-0.43,-0.16,0.29,9.8,0.8925000000000001,-1.25,0.0,0.0,0.0,7.0,1016.99,67.24,-16.56
2025-03-24 18:15:22.787000+00:00,27.332236662556404,,,,26.188,-0.875,-1.688,23.0,-131.688,-0.75,2.562,0.01,-0.009,0.047,0.0,0.36,9.36,0.15,0.07,-0.43,-0.16,0.29,9.8,0.8925000000000001,-1.25,0.0,0.0,0.0,7.0,1016.99,67.24,-16.56
2025-03-24 18:15:23.797000+00:00,27.332236662556404,,,,26.188,-0.875,-1.688,23.0,-131.688,-0.75,2.562,0.022,0.002,0.001,0.0,0.36,9.36,0.15,0.07,-0.43,-0.16,0.29,9.8,0.8925000000000001,-1.25,0.0,0.0,0.0,7.0,1016.99,67.24,-16.56
2025-03-24 18:15:24.887000+00:00,27.332236662556404,,,,26.188,-0.875,-1.688,23.0,-131.688,-0.75,2.562,-0.003,-0.013,-0.003,0.0,0.36,9.36,0.15,0.07,-0.43,-0.16,0.29,9.8,0.8925000000000001,-1.25,0.0,0.0,0.0,7.0,1016.99,67.24,-16.56
2025-03-24 18:14:26.565000+00:00,27.332236662556404,,,,26.188,-0.875,-1.688,23.0,-131.688,-0.75,2.562,-0.003,-0.013,-0.003,0.0,0.36,9.36,0.15,0.07,-0.43,-0.16,0.29,9.8,0.8925000000000001,-1.25,0.0,0.0,0.0,7.0,1016.99,67.24,-16.56
2025-03-24 18:14:27.290000+00:00,27.332236662556404,,,,26.188,-0.875,-1.688,23.0,-131.688,-0.75,2.562,-0.003,-0.013,-0.003,0.33,0.61,9.37,0.15,0.07,-0.43,-0.16,0.29,9.8,0.8925000000000001,-1.25,0.0,0.0,0.0,7.0,1016.99,67.24,-16.56
2025-03-24 18:14:28.321000+00:00,27.332236662556404,,,,26.188,-0.875,-1.688,23.0,-131.688,-0.75,2.562,-0.003,-0.013,-0.003,-0.23,0.2,9.3,0.15,0.07,-0.43,-0.16,0.29,9.8,0.8925000000000001,-1.25,0.0,0.0,0.0,7.0,1016.99,67.24,-16.56
2025-03-24 18:14:29.337000+00:00,27.332236662556404,,,,26.188,-0.875,-1.688,23.0,-131.688,-0.75,2.562,-0.003,-0.013,-0.003,0.22,0.84,9.38,0.15,0.07,-0.43,-0.16,0.29,9.8,0.8925000000000001,-1.25,0.0,0.0,0.0,7.0,1016.99,67.24,-16.56
2025-03-24 18:14:30.347000+00:00,27.332236662556404,,,,26.188,-0.875,-1.688,23.0,-131.688,-0.75,2.562,-0.003,-0.013,-0.003,-0.56,0.36,9.42,0.15,0.07,-0.43,-0.16,0.29,9.8,0.8925000000000001,-1.25,0.0,0.0,0.0,7.0,1016.99,67.24,-16.56
2025-03-24 18:14:31.335000+00:00,27.332236662556404,,,,26.188,-0.875,-1.688,23.0,-131.688,-0.75,2.562,-0.003,-0.013,-0.003,-0.46,0.34,9.5,0.15,0.07,-0.43,-0.16,0.29,9.8,0.8925000000000001,-1.25,0.0,0.0,0.0,7.0,1016.99,67.24,-16.56
2025-03-24 18:14:32.409000+00:00,27.332236662556404,,,,26.188,-0.875,-1.688,23.0,-131.688,-0.75,2.562,-0.003,-0.013,-0.003,-0.68,-0.29,9.45,0.15,0.07,-0.43,-0.16,0.29,9.8,0.8925000000000001,-1.25,0.0,0.0,0.0,7.0,1016.99,67.24,-16.56
2025-03-24 18:14:33.449000+00:00,27.332236662556404,,,,26.188,-0.875,-1.688,23.0,-131.688,-0.75,2.562,-0.003,-0.013,-0.003,0.0,0.43,9.39,0.15,0.07,-0.43,-0.16,0.29,9.8,0.8925000000000001,-1.25,0.0,0.0,0.0,7.0,1016.99,67.24,-16.56
2025-03-24 18:14:34.366000+00:00,27.332236662556404,,,,26.188,-0.875,-1.688,23.0,-131.688,-0.75,2.562,-0.003,-0.013,-0.003,-0.01,0.34,9.48,0.15,0.07,-0.43,-0.16,0.29,9.8,0.8925000000000001,-1.25,0.0,0.0,0.0,7.0,1016.99,67.24,-16.56
2025-03-24 18:14:35.474000+00:00,27.332236662556404,,,,26.188,-0.875,-1.688,23.0,-131.688,-0.75,2.562,-0.003,-0.013,-0.003,0.12,0.85,9.42,0.15,0.07,-0.43,-0.16,0.29,9.8,0.8925000000000001,-1.25,0.0,0.0,0.0,7.0,1016.99,67.24,-16.56
2025-03-24 18:14:36.785000+00:00,27.332236662556404,,,,26.188,-0.875,-1.688,23.0,-131.688,-0.75,2.562,-0.003,-0.013,-0.003,-0.17,0.42,9.45,0.15,0.07,-0.43,-0.16,0.29,9.8,0.8925000000000001,-1.25,0.0,0.0,0.0,7.0,1016.99,67.24,-16.56
2025-03-24 18:14:37.860000+00:00,27.332236662556404,,,,26.188,-0.875,-1.688,23.0,-131.688,-0.75,2.562,-0.003,-0.013,-0.003,0.25,0.38,9.46,0.15,0.07,-0.43,-0.16,0.29,9.8,0.8925000000000001,-1.25,0.0,0.0,0.0,7.0,1016.99,67.24,-16.56
2025-03-24 18:14:38.569000+00:00,27.332236662556404,,,,26.188,-0.875,-1.688,23.0,-131.688,-0.75,2.562,-0.003,-0.013,-0.003,-0.24,0.45,9.32,0.15,0.07,-0.43,-0.16,0.29,9.8,0.8925000000000001,-1.25,0.0,0.0,0.0,7.0,1016.99,67.24,-16.56
2025-03-24 18:14:39.552000+00:00,27.332236662556404,,,,26.188,-0.875,-1.688,23.0,-131.688,-0.75,2.562,-0.003,-0.013,-0.003,-0.06,0.18,9.33,0.15,0.07,-0.43,-0.16,0.29,9.8,0.8925000000000001,-1.25,0.0,0.0,0.0,7.0,1016.99,67.24,-16.56
2025-03-24 18:14:40.466000+00:00,27.332236662556404,,,,26.188,-0.875,-1.688,23.0,-131.688,-0.75,2.562,-0.003,-0.013,-0.003,-0.12,0.09,9.37,0.15,0.07,-0.43,-0.16,0.29,9.8,0.8925000000000001,-1.25,0.0,0.0,0.0,7.0,1016.99,67.24,-16.56
2025-03-24 18:14:41.647000+00:00,27.332236662556404,,,,26.188,-0.875,-1.688,23.0,-131.688,-0.75,2.562,-0.003,-0.013,-0.003,-0.11,0.37,9.43,0.15,0.07,-0.43,-0.16,0.29,9.8,0.8925000000000001,-1.25,0.0,0.0,0.0,7.0,1016.99,67.24,-16.56
2025-03-24 18:14:42.806000+00:00,27.332236662556404,,,,26.188,-0.875,-1.688,23.0,-131.688,-0.75,2.562,-0.003,-0.013,-0.003,-0.31,-0.03,9.43,0.15,0.07,-0.43,-0.16,0.29,9.8,0.8925000000000001,-1.25,0.0,0.0,0.0,7.0,1016.99,67.24,-16.56
2025-03-24 18:14:43.568000+00:00,27.332236662556404,,,,26.188,-0.875,-1.688,23.0,-131.688,-0.75,2.562,-0.003,-0.013,-0.003,-0.09,0.55,9.37,0.15,0.07,-0.43,-0.16,0.29,9.8,0.8925000000000001,-1.25,0.0,0.0,0.0,7.0,1016.99,67.24,-16.56
2025-03-24 18:14:44.599000+00:00,27.332236662556404,,,,26.188,-0.875,-1.688,23.0,-131.688,-0.75,2.562,-0.003,-0.013,-0.003,0.47,0.34,9.43,0.15,0.07,-0.43,-0.16,0.29,9.8,0.8925000000000001,-1.25,0.0,0.0,0.0,7.0,1016.99,67.24,-16.56
2025-03-24 18:14:45.588000+00:00,27.332236662556404,,,,26.188,-0.875,-1.688,23.0,-131.688,-0.75,2.562,-0.003,-0.013,-0.003,0.17,0.26,9.44,0.15,0.07,-0.43,-0.16,0.29,9.8,0.8925000000000001,-1.25,0.0,0.0,0.0,7.0,1016.99,67.24,-16.56
2025-03-24 18:14:46.618000+00:00,27.332236662556404,,,,26.188,-0.875,-1.688,23.0,-131.688,-0.75,2.562,-0.003,-0.013,-0.003,-0.36,0.38,9.45,0.15,0.07,-0.43,-0.16,0.29,9.8,0.8925000000000001,-1.25,0.0,0.0,0.0,7.0,1016.99,67.24,-16.56
2025-03-24 18:14:47.618000+00:00,27.332236662556404,,,,26.188,-0.875,-1.688,23.0,-131.688,-0.75,2.562,-0.003,-0.013,-0.003,-0.17,0.53,9.49,0.15,0.07,-0.43,-0.16,0.29,9.8,0.8925000000000001,-1.25,0.0,0.0,0.0,7.0,1016.99,67.24,-16.56
2025-03-24 18:14:48.589000+00:00,27.332236662556404,,,,26.188,-0.875,-1.688,23.0,-131.688,-0.75,2.562,-0.003,-0.013,-0.003,0.22,0.53,9.42,0.15,0.07,-0.43,-0.16,0.29,9.8,0.8925000000000001,-1.25,0.0,0.0,0.0,7.0,1016.99,67.24,-16.56
2025-03-24 18:14:49.588000+00:00,27.332236662556404,,,,26.188,-0.875,-1.688,23.0,-131.688,-0.75,2.562,-0.003,-0.013,-0.003,-0.53,0.2,9.48,0.15,0.07,-0.43,-0.16,0.29,9.8,0.8925000000000001,-1.25,0.0,0.0,0.0,7.0,1016.99,67.24,-16.56
2025-03-24 18:14:50.618000+00:00,27.332236662556404,,,,26.188,-0.875,-1.688,23.0,-131.688,-0.75,2.562,-0.003,-0.013,-0.003,-0.36,0.2,9.49,0.15,0.07,-0.43,-0.16,0.29,9.8,0.8925000000000001,-1.25,0.0,0.0,0.0,7.0,1016.99,67.24,-16.56
2025-03-24 18:14:51.618000+00:00,27.332236662556404,,,,26.188,-0.875,-1.688,23.0,-131.688,-0.75,2.562,-0.003,-0.013,-0.003,-0.14,0.34,9.47,0.15,0.07,-0.43,-0.16,0.29,9.8,0.8925000000000001,-1.25,0.0,0.0,0.0,7.0,1016.99,67.24,-16.56
2025-03-24 18:14:52.678000+00:00,27.332236662556404,,,,26.188,-0.875,-1.688,23.0,-131.688,-0.75,2.562,-0.003,-0.013,-0.003,-0.11,0.05,9.44,0.15,0.07,-0.43,-0.16,0.29,9.8,0.8925000000000001,-1.25,0.0,0.0,0.0,7.0,1016.99,67.24,-16.56
2025-03-24 18:14:53.618000+00:00,27.332236662556404,,,,26.188,-0.875,-1.688,23.0,-131.688,-0.75,2.562,-0.003,-0.013,-0.003,-0.31,-0.13,9.28,0.15,0.07,-0.43,-0.16,0.29,9.8,0.8925000000000001,-1.25,0.0,0.0,0.0,7.0,1016.99,67.24,-16.56
2025-03-24 18:14:54.688000+00:00,27.332236662556404,,,,26.188,-0.875,-1.688,23.0,-131.688,-0.75,2.562,-0.003,-0.013,-0.003,0.28,0.22,9.46,0.15,0.07,-0.43,-0.16,0.29,9.8,0.8925000000000001,-1.25,0.0,0.0,0.0,7.0,1016.99,67.24,-16.56
2025-03-24 18:14:55.629000+00:00,27.332236662556404,,,,26.188,-0.875,-1.688,23.0,-131.688,-0.75,2.562,-0.003,-0.013,-0.003,0.0,0.78,9.31,0.15,0.07,-0.43,-0.16,0.29,9.8,0.8925000000000001,-1.25,0.0,0.0,0.0,7.0,1016.99,67.24,-16.56
2025-03-24 18:14:56.785000+00:00,27.332236662556404,,,,26.188,-0.875,-1.688,23.0,-131.688,-0.75,2.562,-0.003,-0.013,-0.003,-0.24,0.72,9.5,0.15,0.07,-0.43,-0.16,0.29,9.8,0.8925000000000001,-1.25,0.0,0.0,0.0,7.0,1016.99,67.24,-16.56
2025-03-24 18:14:57.928000+00:00,27.332236662556404,,,,26.188,-0.875,-1.688,23.0,-131.688,-0.75,2.562,-0.003,-0.013,-0.003,-0.17,0.3,9.41,0.15,0.07,-0.43,-0.16,0.29,9.8,0.8925000000000001,-1.25,0.0,0.0,0.0,7.0,1016.99,67.24,-16.56
2025-03-24 18:14:58.628000+00:00,27.332236662556404,,,,26.188,-0.875,-1.688,23.0,-131.688,-0.75,2.562,-0.003,-0.013,-0.003,-0.11,0.65,9.59,0.15,0.07,-0.43,-0.16,0.29,9.8,0.8925000000000001,-1.25,0.0,0.0,0.0,7.0,1016.99,67.24,-16.56
2025-03-24 18:14:59.636000+00:00,27.332236662556404,,,,26.188,-0.875,-1.688,23.0,-131.688,-0.75,2.562,-0.003,-0.013,-0.003,0.49,0.71,9.39,0.15,0.07,-0.43,-0.16,0.29,9.8,0.8925000000000001,-1.25,0.0,0.0,0.0,7.0,1016.99,67.24,-16.56
2025-03-24 18:15:00.649000+00:00,27.332236662556404,,,,26.188,-0.875,-1.688,23.0,-131.688,-0.75,2.562,-0.003,-0.013,-0.003,-0.26,-0.24,9.45,0.15,0.07,-0.43,-0.16,0.29,9.8,0.8925000000000001,-1.25,0.0,0.0,0.0,7.0,1016.99,67.24,-16.56
2025-03-24 18:15:01.638000+00:00,27.332236662556404,,,,26.188,-0.875,-1.688,23.0,-131.688,-0.75,2.562,-0.003,-0.013,-0.003,0.27,0.47,9.46,0.15,0.07,-0.43,-0.16,0.29,9.8,0.8925000000000001,-1.25,0.0,0.0,0.0,7.0,1016.99,67.24,-16.56
2025-03-24 18:15:02.668000+00:00,27.332236662556404,,,,26.188,-0.875,-1.688,23.0,-131.688,-0.75,2.562,-0.003,-0.013,-0.003,-0.04,0.12,9.63,0.15,0.07,-0.43,-0.16,0.29,9.8,0.8925000000000001,-1.25,0.0,0.0,0.0,7.0,1016.99,67.24,-16.56
2025-03-24 18:15:03.708000+00:00,27.332236662556404,,,,26.188,-0.875,-1.688,23.0,-131.688,-0.75,2.562,-0.003,-0.013,-0.003,0.05,0.41,9.46,0.15,0.07,-0.43,-0.16,0.29,9.8,0.8925000000000001,-1.25,0.0,0.0,0.0,7.0,1016.99,67.24,-16.56
2025-03-24 18:15:04.779000+00:00,27.332236662556404,,,,26.188,-0.875,-1.688,23.0,-131.688,-0.75,2.562,-0.003,-0.013,-0.003,-0.05,0.22,9.39,0.15,0.07,-0.43,-0.16,0.29,9.8,0.8925000000000001,-1.25,0.0,0.0,0.0,7.0,1016.99,67.24,-16.56
2025-03-24 18:15:05.959000+00:00,27.332236662556404,,,,26.188,-0.875,-1.688,23.0,-131.688,-0.75,2.562,-0.003,-0.013,-0.003,-0.54,0.11,9.46,0.15,0.07,-0.43,-0.16,0.29,9.8,0.8925000000000001,-1.25,0.0,0.0,0.0,7.0,1016.99,67.24,-16.56
2025-03-24 18:15:06.951000+00:00,27.332236662556404,,,,26.188,-0.875,-1.688,23.0,-131.688,-0.75,2.562,-0.003,-0.013,-0.003,-0.02,0.09,9.41,0.15,0.07,-0.43,-0.16,0.29,9.8,0.8925000000000001,-1.25,0.0,0.0,0.0,7.0,1016.99,67.24,-16.56
2025-03-24 18:15:07.703000+00:00,27.332236662556404,,,,26.188,-0.875,-1.688,23.0,-131.688,-0.75,2.562,-0.003,-0.013,-0.003,-0.06,0.84,9.38,0.15,0.07,-0.43,-0.16,0.29,9.8,0.8925000000000001,-1.25,0.0,0.0,0.0,7.0,1016.99,67.24,-16.56
2025-03-24 18:15:09.088000+00:00,27.332236662556404,,,,26.188,-0.875,-1.688,23.0,-131.688,-0.75,2.562,-0.003,-0.013,-0.003,-0.1,0.36,9.29,0.15,0.07,-0.43,-0.16,0.29,9.8,0.8925000000000001,-1.25,0.0,0.0,0.0,7.0,1016.99,67.24,-16.56
2025-03-24 18:15:09.718000+00:00,27.332236662556404,,,,26.188,-0.875,-1.688,23.0,-131.688,-0.75,2.562,-0.003,-0.013,-0.003,0.0,0.45,9.44,0.15,0.07,-0.43,-0.16,0.29,9.8,0.8925000000000001,-1.25,0.0,0.0,0.0,7.0,1016.99,67.24,-16.56
2025-03-24 18:15:10.728000+00:00,27.332236662556404,,,,26.188,-0.875,-1.688,23.0,-131.688,-0.75,2.562,-0.003,-0.013,-0.003,-0.41,0.24,9.4,0.15,0.07,-0.43,-0.16,0.29,9.8,0.8925000000000001,-1.25,0.0,0.0,0.0,7.0,1016.99,67.24,-16.56
2025-03-24 18:15:11.798000+00:00,27.332236662556404,,,,26.188,-0.875,-1.688,23.0,-131.688,-0.75,2.562,-0.003,-0.013,-0.003,0.0,0.33,9.37,0.15,0.07,-0.43,-0.16,0.29,9.8,0.8925000000000001,-1.25,0.0,0.0,0.0,7.0,1016.99,67.24,-16.56
2025-03-24 18:15:12.798000+00:00,27.332236662556404,,,,26.188,-0.875,-1.688,23.0,-131.688,-0.75,2.562,-0.003,-0.013,-0.003,0.04,0.33,9.27,0.15,0.07,-0.43,-0.16,0.29,9.8,0.8925000000000001,-1.25,0.0,0.0,0.0,7.0,1016.99,67.24,-16.56
2025-03-24 18:15:14.137000+00:00,27.332236662556404,,,,26.188,-0.875,-1.688,23.0,-131.688,-0.75,2.562,-0.003,-0.013,-0.003,0.07,0.59,9.46,0.15,0.07,-0.43,-0.16,0.29,9.8,0.8925000000000001,-1.25,0.0,0.0,0.0,7.0,1016.99,67.24,-16.56
2025-03-24 18:15:14.977000+00:00,27.332236662556404,,,,26.188,-0.875,-1.688,23.0,-131.688,-0.75,2.562,-0.003,-0.013,-0.003,-0.29,0.04,9.5,0.15,0.07,-0.43,-0.16,0.29,9.8,0.8925000000000001,-1.25,0.0,0.0,0.0,7.0,1016.99,67.24,-16.56
2025-03-24 18:15:16.035000+00:00,27.332236662556404,,,,26.188,-0.875,-1.688,23.0,-131.688,-0.75,2.562,-0.003,-0.013,-0.003,-0.37,0.2,9.5,0.15,0.07,-0.43,-0.16,0.29,9.8,0.8925000000000001,-1.25,0.0,0.0,0.0,7.0,1016.99,67.24,-16.56
2025-03-24 18:15:16.790000+00:00,27.332236662556404,,,,26.188,-0.875,-1.688,23.0,-131.688,-0.75,2.562,-0.003,-0.013,-0.003,-0.16,0.32,9.48,0.15,0.07,-0.43,-0.16,0.29,9.8,0.8925000000000001,-1.25,0.0,0.0,0.0,7.0,1016.99,67.24,-16.56
2025-03-24 18:15:17.777000+00:00,27.332236662556404,,,,26.188,-0.875,-1.688,23.0,-131.688,-0.75,2.562,-0.003,-0.013,-0.003,-0.08,0.27,9.43,0.15,0.07,-0.43,-0.16,0.29,9.8,0.8925000000000001,-1.25,0.0,0.0,0.0,7.0,1016.99,67.24,-16.56
2025-03-24 18:15:18.798000+00:00,27.332236662556404,,,,26.188,-0.875,-1.688,23.0,-131.688,-0.75,2.562,-0.003,-0.013,-0.003,-0.23,0.69,9.43,0.15,0.07,-0.43,-0.16,0.29,9.8,0.8925000000000001,-1.25,0.0,0.0,0.0,7.0,1016.99,67.24,-16.56
2025-03-24 18:15:19.825000+00:00,27.332236662556404,,,,26.188,-0.875,-1.688,23.0,-131.688,-0.75,2.562,-0.003,-0.013,-0.003,-0.28,0.08,9.5,0.15,0.07,-0.43,-0.16,0.29,9.8,0.8925000000000001,-1.25,0.0,0.0,0.0,7.0,1016.99,67.24,-16.56
2025-03-24 18:15:20.831000+00:00,27.332236662556404,,,,26.188,-0.875,-1.688,23.0,-131.688,-0.75,2.562,-0.003,-0.013,-0.003,-0.31,-0.16,9.47,0.15,0.07,-0.43,-0.16,0.29,9.8,0.8925000000000001,-1.25,0.0,0.0,0.0,7.0,1016.99,67.24,-16.56
2025-03-24 18:15:21.842000+00:00,27.332236662556404,,,,26.188,-0.875,-1.688,23.0,-131.688,-0.75,2.562,-0.003,-0.013,-0.003,-0.45,-0.1,9.48,0.15,0.07,-0.43,-0.16,0.29,9.8,0.8925000000000001,-1.25,0.0,0.0,0.0,7.0,1016.99,67.24,-16.56
2025-03-24 18:15:22.837000+00:00,27.332236662556404,,,,26.188,-0.875,-1.688,23.0,-131.688,-0.75,2.562,-0.003,-0.013,-0.003,-0.35,0.09,9.47,0.15,0.07,-0.43,-0.16,0.29,9.8,0.8925000000000001,-1.25,0.0,0.0,0.0,7.0,1016.99,67.24,-16.56
2025-03-24 18:15:23.852000+00:00,27.332236662556404,,,,26.188,-0.875,-1.688,23.0,-131.688,-0.75,2.562,-0.003,-0.013,-0.003,-0.2,0.51,9.48,0.15,0.07,-0.43,-0.16,0.29,9.8,0.8925000000000001,-1.25,0.0,0.0,0.0,7.0,1016.99,67.24,-16.56
2025-03-24 18:15:24.952000+00:00,27.332236662556404,,,,26.188,-0.875,-1.688,23.0,-131.688,-0.75,2.562,-0.003,-0.013,-0.003,-0.62,0.33,9.32,0.15,0.07,-0.43,-0.16,0.29,9.8,0.8925000000000001,-1.25,0.0,0.0,0.0,7.0,1016.99,67.24,-16.56
2025-03-24 18:14:26.610000+00:00,27.332236662556404,,,,26.188,-0.875,-1.688,23.0,-131.688,-0.75,2.562,-0.003,-0.013,-0.003,-0.62,0.33,9.32,0.15,0.07,-0.43,-0.16,0.29,9.8,0.8925000000000001,-1.25,0.0,0.0,0.0,7.0,1016.99,67.24,-16.56
2025-03-24 18:14:27.341000+00:00,27.332236662556404,,,,26.188,-0.875,-1.688,23.0,-131.688,-0.75,2.562,-0.003,-0.013,-0.003,-0.62,0.33,9.32,0.49,0.33,-0.43,-0.16,0.29,9.8,0.8925000000000001,-1.25,0.0,0.0,0.0,7.0,1016.99,67.24,-16.56
2025-03-24 18:14:28.370000+00:00,27.332236662556404,,,,26.188,-0.875,-1.688,23.0,-131.688,-0.75,2.562,-0.003,-0.013,-0.003,-0.62,0.33,9.32,-0.06,-0.08,-0.49,-0.16,0.29,9.8,0.8925000000000001,-1.25,0.0,0.0,0.0,7.0,1016.99,67.24,-16.56
2025-03-24 18:14:29.390000+00:00,27.332236662556404,,,,26.188,-0.875,-1.688,23.0,-131.688,-0.75,2.562,-0.003,-0.013,-0.003,-0.62,0.33,9.32,0.38,0.56,-0.41,-0.16,0.29,9.8,0.8925000000000001,-1.25,0.0,0.0,0.0,7.0,1016.99,67.24,-16.56
2025-03-24 18:14:30.407000+00:00,27.332236662556404,,,,26.188,-0.875,-1.688,23.0,-131.688,-0.75,2.562,-0.003,-0.013,-0.003,-0.62,0.33,9.32,-0.39,0.09,-0.37,-0.16,0.29,9.8,0.8925000000000001,-1.25,0.0,0.0,0.0,7.0,1016.99,67.24,-16.56
2025-03-24 18:14:31.380000+00:00,27.332236662556404,,,,26.188,-0.875,-1.688,23.0,-131.688,-0.75,2.562,-0.003,-0.013,-0.003,-0.62,0.33,9.32,-0.29,0.06,-0.29,-0.16,0.29,9.8,0.8925000000000001,-1.25,0.0,0.0,0.0,7.0,1016.99,67.24,-16.56
2025-03-24 18:14:32.461000+00:00,27.332236662556404,,,,26.188,-0.875,-1.688,23.0,-131.688,-0.75,2.562,-0.003,-0.013,-0.003,-0.62,0.33,9.32,-0.51,-0.57,-0.34,-0.16,0.29,9.8,0.8925000000000001,-1.25,0.0,0.0,0.0,7.0,1016.99,67.24,-16.56
2025-03-24 18:14:33.504000+00:00,27.332236662556404,,,,26.188,-0.875,-1.688,23.0,-131.688,-0.75,2.562,-0.003,-0.013,-0.003,-0.62,0.33,9.32,0.16,0.13,-0.4,-0.16,0.29,9.8,0.8925000000000001,-1.25,0.0,0.0,0.0,7.0,1016.99,67.24,-16.56
2025-03-24 18:14:34.427000+00:00,27.332236662556404,,,,26.188,-0.875,-1.688,23.0,-131.688,-0.75,2.562,-0.003,-0.013,-0.003,-0.62,0.33,9.32,0.13,0.05,-0.31,-0.16,0.29,9.8,0.8925000000000001,-1.25,0.0,0.0,0.0,7.0,1016.99,67.24,-16.56
2025-03-24 18:14:35.521000+00:00,27.332236662556404,,,,26.188,-0.875,-1.688,23.0,-131.688,-0.75,2.562,-0.003,-0.013,-0.003,-0.62,0.33,9.32,0.29,0.55,-0.37,-0.16,0.29,9.8,0.8925000000000001,-1.25,0.0,0.0,0.0,7.0,1016.99,67.24,-16.56
2025-03-24 18:14:36.842000+00:00,27.332236662556404,,,,26.188,-0.875,-1.688,23.0,-131.688,-0.75,2.562,-0.003,-0.013,-0.003,-0.62,0.33,9.32,0.0,0.13,-0.34,-0.16,0.29,9.8,0.8925000000000001,-1.25,0.0,0.0,0.0,7.0,1016.99,67.24,-16.56
2025-03-24 18:14:37.909000+00:00,27.332236662556404,,,,26.188,-0.875,-1.688,23.0,-131.688,-0.75,2.562,-0.003,-0.013,-0.003,-0.62,0.33,9.32,0.39,0.09,-0.33,-0.16,0.29,9.8,0.8925000000000001,-1.25,0.0,0.0,0.0,7.0,1016.99,67.24,-16.56
2025-03-24 18:14:38.626000+00:00,27.332236662556404,,,,26.188,-0.875,-1.688,23.0,-131.688,-0.75,2.562,-0.003,-0.013,-0.003,-0.62,0.33,9.32,-0.09,0.16,-0.47,-0.16,0.29,9.8,0.8925000000000001,-1.25,0.0,0.0,0.0,7.0,1016.99,67.24,-16.56
2025-03-24 18:14:39.599000+00:00,27.332236662556404,,,,26.188,-0.875,-1.688,23.0,-131.688,-0.75,2.562,-0.003,-0.013,-0.003,-0.62,0.33,9.32,0.09,-0.11,-0.46,-0.16,0.29,9.8,0.8925000000000001,-1.25,0.0,0.0,0.0,7.0,1016.99,67.24,-16.56
2025-03-24 18:14:40.524000+00:00,27.332236662556404,,,,26.188,-0.875,-1.688,23.0,-131.688,-0.75,2.562,-0.003,-0.013,-0.003,-0.62,0.33,9.32,0.02,-0.2,-0.42,-0.16,0.29,9.8,0.8925000000000001,-1.25,0.0,0.0,0.0,7.0,1016.99,67.24,-16.56
2025-03-24 18:14:41.700000+00:00,27.332236662556404,,,,26.188,-0.875,-1.688,23.0,-131.688,-0.75,2.562,-0.003,-0.013,-0.003,-0.62,0.33,9.32,0.04,0.08,-0.36,-0.16,0.29,9.8,0.8925000000000001,-1.25,0.0,0.0,0.0,7.0,1016.99,67.24,-16.56
2025-03-24 18:14:42.859000+00:00,27.332236662556404,,,,26.188,-0.875,-1.688,23.0,-131.688,-0.75,2.562,-0.003,-0.013,-0.003,-0.62,0.33,9.32,-0.13,-0.33,-0.36,-0.16,0.29,9.8,0.8925000000000001,-1.25,0.0,0.0,0.0,7.0,1016.99,67.24,-16.56
2025-03-24 18:14:43.618000+00:00,27.332236662556404,,,,26.188,-0.875,-1.688,23.0,-131.688,-0.75,2.562,-0.003,-0.013,-0.003,-0.62,0.33,9.32,0.07,0.25,-0.42,-0.16,0.29,9.8,0.8925000000000001,-1.25,0.0,0.0,0.0,7.0,1016.99,67.24,-16.56
2025-03-24 18:14:44.650000+00:00,27.332236662556404,,,,26.188,-0.875,-1.688,23.0,-131.688,-0.75,2.562,-0.003,-0.013,-0.003,-0.62,0.33,9.32,0.63,0.05,-0.36,-0.16,0.29,9.8,0.8925000000000001,-1.25,0.0,0.0,0.0,7.0,1016.99,67.24,-16.56
2025-03-24 18:14:45.639000+00:00,27.332236662556404,,,,26.188,-0.875,-1.688,23.0,-131.688,-0.75,2.562,-0.003,-0.013,-0.003,-0.62,0.33,9.32,0.33,-0.03,-0.35,-0.16,0.29,9.8,0.8925000000000001,-1.25,0.0,0.0,0.0,7.0,1016.99,67.24,-16.56
2025-03-24 18:14:46.669000+00:00,27.332236662556404,,,,26.188,-0.875,-1.688,23.0,-131.688,-0.75,2.562,-0.003,-0.013,-0.003,-0.62,0.33,9.32,-0.01,0.03,-0.39,-0.16,0.29,9.8,0.8925000000000001,-1.25,0.0,0.0,0.0,7.0,1016.99,67.24,-16.56
2025-03-24 18:14:47.676000+00:00,27.332236662556404,,,,26.188,-0.875,-1.688,23.0,-131.688,-0.75,2.562,-0.003,-0.013,-0.003,-0.62,0.33,9.32,0.0,0.23,-0.3,-0.16,0.29,9.8,0.8925000000000001,-1.25,0.0,0.0,0.0,7.0,1016.99,67.24,-16.56
2025-03-24 18:14:48.638000+00:00,27.332236662556404,,,,26.188,-0.875,-1.688,23.0,-131.688,-0.75,2.562,-0.003,-0.013,-0.003,-0.62,0.33,9.32,0.36,0.21,-0.37,-0.16,0.29,9.8,0.8925000000000001,-1.25,0.0,0.0,0.0,7.0,1016.99,67.24,-16.56
2025-03-24 18:14:49.639000+00:00,27.332236662556404,,,,26.188,-0.875,-1.688,23.0,-131.688,-0.75,2.562,-0.003,-0.013,-0.003,-0.62,0.33,9.32,-0.38,-0.11,-0.31,-0.16,0.29,9.8,0.8925000000000001,-1.25,0.0,0.0,0.0,7.0,1016.99,67.24,-16.56
2025-03-24 18:14:50.675000+00:00,27.332236662556404,,,,26.188,-0.875,-1.688,23.0,-131.688,-0.75,2.562,-0.003,-0.013,-0.003,-0.62,0.33,9.32,-0.19,-0.1,-0.3,-0.16,0.29,9.8,0.8925000000000001,-1.25,0.0,0.0,0.0,7.0,1016.99,67.24,-16.56
2025-03-24 18:14:51.674000+00:00,27.332236662556404,,,,26.188,-0.875,-1.688,23.0,-131.688,-0.75,2.562,-0.003,-0.013,-0.003,-0.62,0.33,9.32,0.2,0.15,-0.38,-0.16,0.29,9.8,0.8925000000000001,-1.25,0.0,0.0,0.0,7.0,1016.99,67.24,-16.56
2025-03-24 18:14:52.728000+00:00,27.332236662556404,,,,26.188,-0.875,-1.688,23.0,-131.688,-0.75,2.562,-0.003,-0.013,-0.003,-0.62,0.33,9.32,0.06,-0.26,-0.35,-0.16,0.29,9.8,0.8925000000000001,-1.25,0.0,0.0,0.0,7.0,1016.99,67.24,-16.56
2025-03-24 18:14:53.668000+00:00,27.332236662556404,,,,26.188,-0.875,-1.688,23.0,-131.688,-0.75,2.562,-0.003,-0.013,-0.003,-0.62,0.33,9.32,-0.14,-0.43,-0.51,-0.16,0.29,9.8,0.8925000000000001,-1.25,0.0,0.0,0.0,7.0,1016.99,67.24,-16.56
2025-03-24 18:14:54.738000+00:00,27.332236662556404,,,,26.188,-0.875,-1.688,23.0,-131.688,-0.75,2.562,-0.003,-0.013,-0.003,-0.62,0.33,9.32,0.42,-0.07,-0.33,-0.16,0.29,9.8,0.8925000000000001,-1.25,0.0,0.0,0.0,7.0,1016.99,67.24,-16.56
2025-03-24 18:14:55.678000+00:00,27.332236662556404,,,,26.188,-0.875,-1.688,23.0,-131.688,-0.75,2.562,-0.003,-0.013,-0.003,-0.62,0.33,9.32,0.16,0.46,-0.48,-0.16,0.29,9.8,0.8925000000000001,-1.25,0.0,0.0,0.0,7.0,1016.99,67.24,-16.56
2025-03-24 18:14:56.838000+00:00,27.332236662556404,,,,26.188,-0.875,-1.688,23.0,-131.688,-0.75,2.562,-0.003,-0.013,-0.003,-0.62,0.33,9.32,-0.06,0.41,-0.29,-0.16,0.29,9.8,0.8925000000000001,-1.25,0.0,0.0,0.0,7.0,1016.99,67.24,-16.56
2025-03-24 18:14:57.988000+00:00,27.332236662556404,,,,26.188,-0.875,-1.688,23.0,-131.688,-0.75,2.562,-0.003,-0.013,-0.003,-0.62,0.33,9.32,0.0,0.0,-0.38,-0.16,0.29,9.8,0.8925000000000001,-1.25,0.0,0.0,0.0,7.0,1016.99,67.24,-16.56
2025-03-24 18:14:58.678000+00:00,27.332236662556404,,,,26.188,-0.875,-1.688,23.0,-131.688,-0.75,2.562,-0.003,-0.013,-0.003,-0.62,0.33,9.32,0.03,0.34,-0.2,-0.16,0.29,9.8,0.8925000000000001,-1.25,0.0,0.0,0.0,7.0,1016.99,67.24,-16.56
2025-03-24 18:14:59.689000+00:00,27.332236662556404,,,,26.188,-0.875,-1.688,23.0,-131.688,-0.75,2.562,-0.003,-0.013,-0.003,-0.62,0.33,9.32,0.69,0.09,-0.44,-0.16,0.29,9.8,0.8925000000000001,-1.25,0.0,0.0,0.0,7.0,1016.99,67.24,-16.56
2025-03-24 18:15:00.706000+00:00,27.332236662556404,,,,26.188,-0.875,-1.688,23.0,-131.688,-0.75,2.562,-0.003,-0.013,-0.003,-0.62,0.33,9.32,0.22,-0.15,-0.41,-0.16,0.29,9.8,0.8925000000000001,-1.25,0.0,0.0,0.0,7.0,1016.99,67.24,-16.56
2025-03-24 18:15:01.690000+00:00,27.332236662556404,,,,26.188,-0.875,-1.688,23.0,-131.688,-0.75,2.562,-0.003,-0.013,-0.003,-0.62,0.33,9.32,0.46,0.25,-0.48,-0.16,0.29,9.8,0.8925000000000001,-1.25,0.0,0.0,0.0,7.0,1016.99,67.24,-16.56
2025-03-24 18:15:02.719000+00:00,27.332236662556404,,,,26.188,-0.875,-1.688,23.0,-131.688,-0.75,2.562,-0.003,-0.013,-0.003,-0.62,0.33,9.32,0.12,-0.15,-0.16,-0.16,0.29,9.8,0.8925000000000001,-1.25,0.0,0.0,0.0,7.0,1016.99,67.24,-16.56
2025-03-24 18:15:03.759000+00:00,27.332236662556404,,,,26.188,-0.875,-1.688,23.0,-131.688,-0.75,2.562,-0.003,-0.013,-0.003,-0.62,0.33,9.32,0.22,0.13,-0.33,-0.16,0.29,9.8,0.8925000000000001,-1.25,0.0,0.0,0.0,7.0,1016.99,67.24,-16.56
2025-03-24 18:15:04.829000+00:00,27.332236662556404,,,,26.188,-0.875,-1.688,23.0,-131.688,-0.75,2.562,-0.003,-0.013,-0.003,-0.62,0.33,9.32,0.11,-0.05,-0.41,-0.16,0.29,9.8,0.8925000000000001,-1.25,0.0,0.0,0.0,7.0,1016.99,67.24,-16.56
2025-03-24 18:15:06.019000+00:00,27.332236662556404,,,,26.188,-0.875,-1.688,23.0,-131.688,-0.75,2.562,-0.003,-0.013,-0.003,-0.62,0.33,9.32,-0.38,-0.16,-0.33,-0.16,0.29,9.8,0.8925000000000001,-1.25,0.0,0.0,0.0,7.0,1016.99,67.24,-16.56
2025-03-24 18:15:07+00:00,27.332236662556404,,,,26.188,-0.875,-1.688,23.0,-131.688,-0.75,2.562,-0.003,-0.013,-0.003,-0.62,0.33,9.32,0.15,-0.18,-0.38,-0.16,0.29,9.8,0.8925000000000001,-1.25,0.0,0.0,0.0,7.0,1016.99,67.24,-16.56
2025-03-24 18:15:07.766000+00:00,27.332236662556404,,,,26.188,-0.875,-1.688,23.0,-131.688,-0.75,2.562,-0.003,-0.013,-0.003,-0.62,0.33,9.32,0.1,0.55,-0.41,-0.16,0.29,9.8,0.8925000000000001,-1.25,0.0,0.0,0.0,7.0,1016.99,67.24,-16.56
2025-03-24 18:15:09.138000+00:00,27.332236662556404,,,,26.188,-0.875,-1.688,23.0,-131.688,-0.75,2.562,-0.003,-0.013,-0.003,-0.62,0.33,9.32,0.39,0.43,-0.37,-0.16,0.29,9.8,0.8925000000000001,-1.25,0.0,0.0,0.0,7.0,1016.99,67.24,-16.56
2025-03-24 18:15:09.769000+00:00,27.332236662556404,,,,26.188,-0.875,-1.688,23.0,-131.688,-0.75,2.562,-0.003,-0.013,-0.003,-0.62,0.33,9.32,0.17,0.17,-0.35,-0.16,0.29,9.8,0.8925000000000001,-1.25,0.0,0.0,0.0,7.0,1016.99,67.24,-16.56
2025-03-24 18:15:10.778000+00:00,27.332236662556404,,,,26.188,-0.875,-1.688,23.0,-131.688,-0.75,2.562,-0.003,-0.013,-0.003,-0.62,0.33,9.32,-0.23,-0.02,-0.39,-0.16,0.29,9.8,0.8925000000000001,-1.25,0.0,0.0,0.0,7.0,1016.99,67.24,-16.56
2025-03-24 18:15:11.848000+00:00,27.332236662556404,,,,26.188,-0.875,-1.688,23.0,-131.688,-0.75,2.562,-0.003,-0.013,-0.003,-0.62,0.33,9.32,0.19,0.06,-0.43,-0.16,0.29,9.8,0.8925000000000001,-1.25,0.0,0.0,0.0,7.0,1016.99,67.24,-16.56
2025-03-24 18:15:12.848000+00:00,27.332236662556404,,,,26.188,-0.875,-1.688,23.0,-131.688,-0.75,2.562,-0.003,-0.013,-0.003,-0.62,0.33,9.32,0.2,0.04,-0.53,-0.16,0.29,9.8,0.8925000000000001,-1.25,0.0,0.0,0.0,7.0,1016.99,67.24,-16.56
2025-03-24 18:15:14.188000+00:00,27.332236662556404,,,,26.188,-0.875,-1.688,23.0,-131.688,-0.75,2.562,-0.003,-0.013,-0.003,-0.62,0.33,9.32,0.23,0.32,-0.33,-0.16,0.29,9.8,0.8925000000000001,-1.25,0.0,0.0,0.0,7.0,1016.99,67.24,-16.56
2025-03-24 18:15:15.027000+00:00,27.332236662556404,,,,26.188,-0.875,-1.688,23.0,-131.688,-0.75,2.562,-0.003,-0.013,-0.003,-0.62,0.33,9.32,-0.12,-0.22,-0.3,-0.16,0.29,9.8,0.8925000000000001,-1.25,0.0,0.0,0.0,7.0,1016.99,67.24,-16.56
2025-03-24 18:15:16.094000+00:00,27.332236662556404,,,,26.188,-0.875,-1.688,23.0,-131.688,-0.75,2.562,-0.003,-0.013,-0.003,-0.62,0.33,9.32,-0.19,-0.06,-0.29,-0.16,0.29,9.8,0.8925000000000001,-1.25,0.0,0.0,0.0,7.0,1016.99,67.24,-16.56
2025-03-24 18:15:16.839000+00:00,27.332236662556404,,,,26.188,-0.875,-1.688,23.0,-131.688,-0.75,2.562,-0.003,-0.013,-0.003,-0.62,0.33,9.32,0.0,0.04,-0.31,-0.16,0.29,9.8,0.8925000000000001,-1.25,0.0,0.0,0.0,7.0,1016.99,67.24,-16.56
2025-03-24 18:15:17.828000+00:00,27.332236662556404,,,,26.188,-0.875,-1.688,23.0,-131.688,-0.75,2.562,-0.003,-0.013,-0.003,-0.62,0.33,9.32,0.08,0.01,-0.36,-0.16,0.29,9.8,0.8925000000000001,-1.25,0.0,0.0,0.0,7.0,1016.99,67.24,-16.56
2025-03-24 18:15:18.848000+00:00,27.332236662556404,,,,26.188,-0.875,-1.688,23.0,-131.688,-0.75,2.562,-0.003,-0.013,-0.003,-0.62,0.33,9.32,-0.07,0.43,-0.36,-0.16,0.29,9.8,0.8925000000000001,-1.25,0.0,0.0,0.0,7.0,1016.99,67.24,-16.56
2025-03-24 18:15:19.878000+00:00,27.332236662556404,,,,26.188,-0.875,-1.688,23.0,-131.688,-0.75,2.562,-0.003,-0.013,-0.003,-0.62,0.33,9.32,-0.12,-0.18,-0.29,-0.16,0.29,9.8,0.8925000000000001,-1.25,0.0,0.0,0.0,7.0,1016.99,67.24,-16.56
2025-03-24 18:15:20.878000+00:00,27.332236662556404,,,,26.188,-0.875,-1.688,23.0,-131.688,-0.75,2.562,-0.003,-0.013,-0.003,-0.62,0.33,9.32,-0.14,-0.42,-0.32,-0.16,0.29,9.8,0.8925000000000001,-1.25,0.0,0.0,0.0,7.0,1016.99,67.24,-16.56
2025-03-24 18:15:21.904000+00:00,27.332236662556404,,,,26.188,-0.875,-1.688,23.0,-131.688,-0.75,2.562,-0.003,-0.013,-0.003,-0.62,0.33,9.32,-0.28,-0.38,-0.32,-0.16,0.29,9.8,0.8925000000000001,-1.25,0.0,0.0,0.0,7.0,1016.99,67.24,-16.56
2025-03-24 18:15:22.894000+00:00,27.332236662556404,,,,26.188,-0.875,-1.688,23.0,-131.688,-0.75,2.562,-0.003,-0.013,-0.003,-0.62,0.33,9.32,-0.19,-0.17,-0.32,-0.16,0.29,9.8,0.8925000000000001,-1.25,0.0,0.0,0.0,7.0,1016.99,67.24,-16.56
2025-03-24 18:15:23.897000+00:00,27.332236662556404,,,,26.188,-0.875,-1.688,23.0,-131.688,-0.75,2.562,-0.003,-0.013,-0.003,-0.62,0.33,9.32,-0.03,0.23,-0.31,-0.16,0.29,9.8,0.8925000000000001,-1.25,0.0,0.0,0.0,7.0,1016.99,67.24,-16.56
2025-03-24 18:15:25.003000+00:00,27.332236662556404,,,,26.188,-0.875,-1.688,23.0,-131.688,-0.75,2.562,-0.003,-0.013,-0.003,-0.62,0.33,9.32,-0.46,0.03,-0.47,-0.16,0.29,9.8,0.8925000000000001,-1.25,0.0,0.0,0.0,7.0,1016.99,67.24,-16.56
2025-03-24 18:14:26.668000+00:00,27.332236662556404,,,,26.188,-0.875,-1.688,23.0,-131.688,-0.75,2.562,-0.003,-0.013,-0.003,-0.62,0.33,9.32,-0.46,0.03,-0.47,-0.16,0.29,9.8,0.8925000000000001,-1.25,0.0,0.0,0.0,7.0,1016.99,67.24,-16.56
2025-03-24 18:14:27.391000+00:00,27.332236662556404,,,,26.188,-0.875,-1.688,23.0,-131.688,-0.75,2.562,-0.003,-0.013,-0.003,-0.62,0.33,9.32,-0.46,0.03,-0.47,-0.16,0.28,9.8,0.8925000000000001,-1.25,0.0,0.0,0.0,7.0,1016.99,67.24,-16.56
2025-03-24 18:14:28.420000+00:00,27.332236662556404,,,,26.188,-0.875,-1.688,23.0,-131.688,-0.75,2.562,-0.003,-0.013,-0.003,-0.62,0.33,9.32,-0.46,0.03,-0.47,-0.17,0.28,9.8,0.8925000000000001,-1.25,0.0,0.0,0.0,7.0,1016.99,67.24,-16.56
2025-03-24 18:14:29.446000+00:00,27.332236662556404,,,,26.188,-0.875,-1.688,23.0,-131.688,-0.75,2.562,-0.003,-0.013,-0.003,-0.62,0.33,9.32,-0.46,0.03,-0.47,-0.16,0.28,9.8,0.8925000000000001,-1.25,0.0,0.0,0.0,7.0,1016.99,67.24,-16.56
2025-03-24 18:14:30.465000+00:00,27.332236662556404,,,,26.188,-0.875,-1.688,23.0,-131.688,-0.75,2.562,-0.003,-0.013,-0.003,-0.62,0.33,9.32,-0.46,0.03,-0.47,-0.17,0.27,9.8,0.8925000000000001,-1.25,0.0,0.0,0.0,7.0,1016.99,67.24,-16.56
2025-03-24 18:14:31.430000+00:00,27.332236662556404,,,,26.188,-0.875,-1.688,23.0,-131.688,-0.75,2.562,-0.003,-0.013,-0.003,-0.62,0.33,9.32,-0.46,0.03,-0.47,-0.17,0.27,9.8,0.8925000000000001,-1.25,0.0,0.0,0.0,7.0,1016.99,67.24,-16.56
2025-03-24 18:14:32.517000+00:00,27.332236662556404,,,,26.188,-0.875,-1.688,23.0,-131.688,-0.75,2.562,-0.003,-0.013,-0.003,-0.62,0.33,9.32,-0.46,0.03,-0.47,-0.17,0.28,9.8,0.8925000000000001,-1.25,0.0,0.0,0.0,7.0,1016.99,67.24,-16.56
2025-03-24 18:14:33.551000+00:00,27.332236662556404,,,,26.188,-0.875,-1.688,23.0,-131.688,-0.75,2.562,-0.003,-0.013,-0.003,-0.62,0.33,9.32,-0.46,0.03,-0.47,-0.17,0.29,9.8,0.8925000000000001,-1.25,0.0,0.0,0.0,7.0,1016.99,67.24,-16.56
2025-03-24 18:14:34.483000+00:00,27.332236662556404,,,,26.188,-0.875,-1.688,23.0,-131.688,-0.75,2.562,-0.003,-0.013,-0.003,-0.62,0.33,9.32,-0.46,0.03,-0.47,-0.15,0.29,9.8,0.8925000000000001,-1.25,0.0,0.0,0.0,7.0,1016.99,67.24,-16.56
2025-03-24 18:14:35.729000+00:00,27.332236662556404,,,,26.188,-0.875,-1.688,23.0,-131.688,-0.75,2.562,-0.003,-0.013,-0.003,-0.62,0.33,9.32,-0.46,0.03,-0.47,-0.17,0.3,9.8,0.8925000000000001,-1.25,0.0,0.0,0.0,7.0,1016.99,67.24,-16.56
2025-03-24 18:14:36.896000+00:00,27.332236662556404,,,,26.188,-0.875,-1.688,23.0,-131.688,-0.75,2.562,-0.003,-0.013,-0.003,-0.62,0.33,9.32,-0.46,0.03,-0.47,-0.17,0.28,9.8,0.8925000000000001,-1.25,0.0,0.0,0.0,7.0,1016.99,67.24,-16.56
2025-03-24 18:14:37.966000+00:00,27.332236662556404,,,,26.188,-0.875,-1.688,23.0,-131.688,-0.75,2.562,-0.003,-0.013,-0.003,-0.62,0.33,9.32,-0.46,0.03,-0.47,-0.13,0.29,9.8,0.8925000000000001,-1.25,0.0,0.0,0.0,7.0,1016.99,67.24,-16.56
2025-03-24 18:14:38.686000+00:00,27.332236662556404,,,,26.188,-0.875,-1.688,23.0,-131.688,-0.75,2.562,-0.003,-0.013,-0.003,-0.62,0.33,9.32,-0.46,0.03,-0.47,-0.14,0.29,9.8,0.8925000000000001,-1.25,0.0,0.0,0.0,7.0,1016.99,67.24,-16.56
2025-03-24 18:14:39.649000+00:00,27.332236662556404,,,,26.188,-0.875,-1.688,23.0,-131.688,-0.75,2.562,-0.003,-0.013,-0.003,-0.62,0.33,9.32,-0.46,0.03,-0.47,-0.15,0.3,9.8,0.8925000000000001,-1.25,0.0,0.0,0.0,7.0,1016.99,67.24,-16.56
2025-03-24 18:14:40.580000+00:00,27.332236662556404,,,,26.188,-0.875,-1.688,23.0,-131.688,-0.75,2.562,-0.003,-0.013,-0.003,-0.62,0.33,9.32,-0.46,0.03,-0.47,-0.15,0.29,9.8,0.8925000000000001,-1.25,0.0,0.0,0.0,7.0,1016.99,67.24,-16.56
2025-03-24 18:14:41.753000+00:00,27.332236662556404,,,,26.188,-0.875,-1.688,23.0,-131.688,-0.75,2.562,-0.003,-0.013,-0.003,-0.62,0.33,9.32,-0.46,0.03,-0.47,-0.16,0.29,9.8,0.8925000000000001,-1.25,0.0,0.0,0.0,7.0,1016.99,67.24,-16.56
2025-03-24 18:14:42.909000+00:00,27.332236662556404,,,,26.188,-0.875,-1.688,23.0,-131.688,-0.75,2.562,-0.003,-0.013,-0.003,-0.62,0.33,9.32,-0.46,0.03,-0.47,-0.17,0.29,9.8,0.8925000000000001,-1.25,0.0,0.0,0.0,7.0,1016.99,67.24,-16.56
2025-03-24 18:14:43.669000+00:00,27.332236662556404,,,,26.188,-0.875,-1.688,23.0,-131.688,-0.75,2.562,-0.003,-0.013,-0.003,-0.62,0.33,9.32,-0.46,0.03,-0.47,-0.17,0.29,9.8,0.8925000000000001,-1.25,0.0,0.0,0.0,7.0,1016.99,67.24,-16.56
2025-03-24 18:14:44.700000+00:00,27.332236662556404,,,,26.188,-0.875,-1.688,23.0,-131.688,-0.75,2.562,-0.003,-0.013,-0.003,-0.62,0.33,9.32,-0.46,0.03,-0.47,-0.15,0.28,9.8,0.8925000000000001,-1.25,0.0,0.0,0.0,7.0,1016.99,67.24,-16.56
2025-03-24 18:14:45.689000+00:00,27.332236662556404,,,,26.188,-0.875,-1.688,23.0,-131.688,-0.75,2.562,-0.003,-0.013,-0.003,-0.62,0.33,9.32,-0.46,0.03,-0.47,-0.15,0.3,9.8,0.8925000000000001,-1.25,0.0,0.0,0.0,7.0,1016.99,67.24,-16.56
2025-03-24 18:14:46.718000+00:00,27.332236662556404,,,,26.188,-0.875,-1.688,23.0,-131.688,-0.75,2.562,-0.003,-0.013,-0.003,-0.62,0.33,9.32,-0.46,0.03,-0.47,-0.17,0.3,9.8,0.8925000000000001,-1.25,0.0,0.0,0.0,7.0,1016.99,67.24,-16.56
2025-03-24 18:14:47.729000+00:00,27.332236662556404,,,,26.188,-0.875,-1.688,23.0,-131.688,-0.75,2.562,-0.003,-0.013,-0.003,-0.62,0.33,9.32,-0.46,0.03,-0.47,-0.17,0.3,9.8,0.8925000000000001,-1.25,0.0,0.0,0.0,7.0,1016.99,67.24,-16.56
2025-03-24 18:14:48.688000+00:00,27.332236662556404,,,,26.188,-0.875,-1.688,23.0,-131.688,-0.75,2.562,-0.003,-0.013,-0.003,-0.62,0.33,9.32,-0.46,0.03,-0.47,-0.14,0.31,9.8,0.8925000000000001,-1.25,0.0,0.0,0.0,7.0,1016.99,67.24,-16.56
2025-03-24 18:14:49.688000+00:00,27.332236662556404,,,,26.188,-0.875,-1.688,23.0,-131.688,-0.75,2.562,-0.003,-0.013,-0.003,-0.62,0.33,9.32,-0.46,0.03,-0.47,-0.15,0.31,9.8,0.8925000000000001,-1.25,0.0,0.0,0.0,7.0,1016.99,67.24,-16.56
2025-03-24 18:14:50.730000+00:00,27.332236662556404,,,,26.188,-0.875,-1.688,23.0,-131.688,-0.75,2.562,-0.003,-0.013,-0.003,-0.62,0.33,9.32,-0.46,0.03,-0.47,-0.16,0.31,9.8,0.8925000000000001,-1.25,0.0,0.0,0.0,7.0,1016.99,67.24,-16.56
2025-03-24 18:14:51.718000+00:00,27.332236662556404,,,,26.188,-0.875,-1.688,23.0,-131.688,-0.75,2.562,-0.003,-0.013,-0.003,-0.62,0.33,9.32,-0.46,0.03,-0.47,-0.16,0.31,9.8,0.8925000000000001,-1.25,0.0,0.0,0.0,7.0,1016.99,67.24,-16.56
2025-03-24 18:14:52.778000+00:00,27.332236662556404,,,,26.188,-0.875,-1.688,23.0,-131.688,-0.75,2.562,-0.003,-0.013,-0.003,-0.62,0.33,9.32,-0.46,0.03,-0.47,-0.17,0.31,9.79,0.8925000000000001,-1.25,0.0,0.0,0.0,7.0,1016.99,67.24,-16.56
2025-03-24 18:14:53.718000+00:00,27.332236662556404,,,,26.188,-0.875,-1.688,23.0,-131.688,-0.75,2.562,-0.003,-0.013,-0.003,-0.62,0.33,9.32,-0.46,0.03,-0.47,-0.16,0.29,9.8,0.8925000000000001,-1.25,0.0,0.0,0.0,7.0,1016.99,67.24,-16.56
2025-03-24 18:14:54.788000+00:00,27.332236662556404,,,,26.188,-0.875,-1.688,23.0,-131.688,-0.75,2.562,-0.003,-0.013,-0.003,-0.62,0.33,9.32,-0.46,0.03,-0.47,-0.14,0.3,9.8,0.8925000000000001,-1.25,0.0,0.0,0.0,7.0,1016.99,67.24,-16.56
2025-03-24 18:14:55.728000+00:00,27.332236662556404,,,,26.188,-0.875,-1.688,23.0,-131.688,-0.75,2.562,-0.003,-0.013,-0.003,-0.62,0.33,9.32,-0.46,0.03,-0.47,-0.16,0.31,9.8,0.8925000000000001,-1.25,0.0,0.0,0.0,7.0,1016.99,67.24,-16.56
2025-03-24 18:14:56.894000+00:00,27.332236662556404,,,,26.188,-0.875,-1.688,23.0,-131.688,-0.75,2.562,-0.003,-0.013,-0.003,-0.62,0.33,9.32,-0.46,0.03,-0.47,-0.18,0.3,9.8,0.8925000000000001,-1.25,0.0,0.0,0.0,7.0,1016.99,67.24,-16.56
2025-03-24 18:14:58.038000+00:00,27.332236662556404,,,,26.188,-0.875,-1.688,23.0,-131.688,-0.75,2.562,-0.003,-0.013,-0.003,-0.62,0.33,9.32,-0.46,0.03,-0.47,-0.16,0.29,9.8,0.8925000000000001,-1.25,0.0,0.0,0.0,7.0,1016.99,67.24,-16.56
2025-03-24 18:14:58.728000+00:00,27.332236662556404,,,,26.188,-0.875,-1.688,23.0,-131.688,-0.75,2.562,-0.003,-0.013,-0.003,-0.62,0.33,9.32,-0.46,0.03,-0.47,-0.15,0.3,9.8,0.8925000000000001,-1.25,0.0,0.0,0.0,7.0,1016.99,67.24,-16.56
2025-03-24 18:14:59.739000+00:00,27.332236662556404,,,,26.188,-0.875,-1.688,23.0,-131.688,-0.75,2.562,-0.003,-0.013,-0.003,-0.62,0.33,9.32,-0.46,0.03,-0.47,-0.15,0.29,9.8,0.8925000000000001,-1.25,0.0,0.0,0.0,7.0,1016.99,67.24,-16.56
2025-03-24 18:15:00.759000+00:00,27.332236662556404,,,,26.188,-0.875,-1.688,23.0,-131.688,-0.75,2.562,-0.003,-0.013,-0.003,-0.62,0.33,9.32,-0.46,0.03,-0.47,-0.17,0.28,9.8,0.8925000000000001,-1.25,0.0,0.0,0.0,7.0,1016.99,67.24,-16.56
2025-03-24 18:15:01.739000+00:00,27.332236662556404,,,,26.188,-0.875,-1.688,23.0,-131.688,-0.75,2.562,-0.003,-0.013,-0.003,-0.62,0.33,9.32,-0.46,0.03,-0.47,-0.15,0.28,9.8,0.8925000000000001,-1.25,0.0,0.0,0.0,7.0,1016.99,67.24,-16.56
2025-03-24 18:15:02.776000+00:00,27.332236662556404,,,,26.188,-0.875,-1.688,23.0,-131.688,-0.75,2.562,-0.003,-0.013,-0.003,-0.62,0.33,9.32,-0.46,0.03,-0.47,-0.16,0.27,9.8,0.8925000000000001,-1.25,0.0,0.0,0.0,7.0,1016.99,67.24,-16.56
2025-03-24 18:15:03.808000+00:00,27.332236662556404,,,,26.188,-0.875,-1.688,23.0,-131.688,-0.75,2.562,-0.003,-0.013,-0.003,-0.62,0.33,9.32,-0.46,0.03,-0.47,-0.17,0.27,9.8,0.8925000000000001,-1.25,0.0,0.0,0.0,7.0,1016.99,67.24,-16.56
2025-03-24 18:15:04.880000+00:00,27.332236662556404,,,,26.188,-0.875,-1.688,23.0,-131.688,-0.75,2.562,-0.003,-0.013,-0.003,-0.62,0.33,9.32,-0.46,0.03,-0.47,-0.16,0.27,9.8,0.8925000000000001,-1.25,0.0,0.0,0.0,7.0,1016.99,67.24,-16.56
2025-03-24 18:15:06.069000+00:00,27.332236662556404,,,,26.188,-0.875,-1.688,23.0,-131.688,-0.75,2.562,-0.003,-0.013,-0.003,-0.62,0.33,9.32,-0.46,0.03,-0.47,-0.15,0.27,9.8,0.8925000000000001,-1.25,0.0,0.0,0.0,7.0,1016.99,67.24,-16.56
2025-03-24 18:15:07.049000+00:00,27.332236662556404,,,,26.188,-0.875,-1.688,23.0,-131.688,-0.75,2.562,-0.003,-0.013,-0.003,-0.62,0.33,9.32,-0.46,0.03,-0.47,-0.17,0.27,9.8,0.8925000000000001,-1.25,0.0,0.0,0.0,7.0,1016.99,67.24,-16.56
2025-03-24 18:15:07.818000+00:00,27.332236662556404,,,,26.188,-0.875,-1.688,23.0,-131.688,-0.75,2.562,-0.003,-0.013,-0.003,-0.62,0.33,9.32,-0.46,0.03,-0.47,-0.16,0.28,9.8,0.8925000000000001,-1.25,0.0,0.0,0.0,7.0,1016.99,67.24,-16.56
2025-03-24 18:15:09.188000+00:00,27.332236662556404,,,,26.188,-0.875,-1.688,23.0,-131.688,-0.75,2.562,-0.003,-0.013,-0.003,-0.62,0.33,9.32,-0.46,0.03,-0.47,-0.15,0.26,9.8,0.8925000000000001,-1.25,0.0,0.0,0.0,7.0,1016.99,67.24,-16.56
2025-03-24 18:15:09.818000+00:00,27.332236662556404,,,,26.188,-0.875,-1.688,23.0,-131.688,-0.75,2.562,-0.003,-0.013,-0.003,-0.62,0.33,9.32,-0.46,0.03,-0.47,-0.17,0.27,9.8,0.8925000000000001,-1.25,0.0,0.0,0.0,7.0,1016.99,67.24,-16.56
2025-03-24 18:15:10.829000+00:00,27.332236662556404,,,,26.188,-0.875,-1.688,23.0,-131.688,-0.75,2.562,-0.003,-0.013,-0.003,-0.62,0.33,9.32,-0.46,0.03,-0.47,-0.18,0.27,9.8,0.8925000000000001,-1.25,0.0,0.0,0.0,7.0,1016.99,67.24,-16.56
2025-03-24 18:15:11.899000+00:00,27.332236662556404,,,,26.188,-0.875,-1.688,23.0,-131.688,-0.75,2.562,-0.003,-0.013,-0.003,-0.62,0.33,9.32,-0.46,0.03,-0.47,-0.18,0.27,9.8,0.8925000000000001,-1.25,0.0,0.0,0.0,7.0,1016.99,67.24,-16.56
2025-03-24 18:15:12.898000+00:00,27.332236662556404,,,,26.188,-0.875,-1.688,23.0,-131.688,-0.75,2.562,-0.003,-0.013,-0.003,-0.62,0.33,9.32,-0.46,0.03,-0.47,-0.16,0.28,9.8,0.8925000000000001,-1.25,0.0,0.0,0.0,7.0,1016.99,67.24,-16.56
2025-03-24 18:15:14.238000+00:00,27.332236662556404,,,,26.188,-0.875,-1.688,23.0,-131.688,-0.75,2.562,-0.003,-0.013,-0.003,-0.62,0.33,9.32,-0.46,0.03,-0.47,-0.16,0.27,9.8,0.8925000000000001,-1.25,0.0,0.0,0.0,7.0,1016.99,67.24,-16.56
2025-03-24 18:15:15.088000+00:00,27.332236662556404,,,,26.188,-0.875,-1.688,23.0,-131.688,-0.75,2.562,-0.003,-0.013,-0.003,-0.62,0.33,9.32,-0.46,0.03,-0.47,-0.17,0.26,9.8,0.8925000000000001,-1.25,0.0,0.0,0.0,7.0,1016.99,67.24,-16.56
2025-03-24 18:15:16.139000+00:00,27.332236662556404,,,,26.188,-0.875,-1.688,23.0,-131.688,-0.75,2.562,-0.003,-0.013,-0.003,-0.62,0.33,9.32,-0.46,0.03,-0.47,-0.17,0.27,9.8,0.8925000000000001,-1.25,0.0,0.0,0.0,7.0,1016.99,67.24,-16.56
2025-03-24 18:15:16.890000+00:00,27.332236662556404,,,,26.188,-0.875,-1.688,23.0,-131.688,-0.75,2.562,-0.003,-0.013,-0.003,-0.62,0.33,9.32,-0.46,0.03,-0.47,-0.15,0.27,9.8,0.8925000000000001,-1.25,0.0,0.0,0.0,7.0,1016.99,67.24,-16.56
2025-03-24 18:15:17.877000+00:00,27.332236662556404,,,,26.188,-0.875,-1.688,23.0,-131.688,-0.75,2.562,-0.003,-0.013,-0.003,-0.62,0.33,9.32,-0.46,0.03,-0.47,-0.16,0.26,9.8,0.8925000000000001,-1.25,0.0,0.0,0.0,7.0,1016.99,67.24,-16.56
2025-03-24 18:15:18.899000+00:00,27.332236662556404,,,,26.188,-0.875,-1.688,23.0,-131.688,-0.75,2.562,-0.003,-0.013,-0.003,-0.62,0.33,9.32,-0.46,0.03,-0.47,-0.16,0.26,9.8,0.8925000000000001,-1.25,0.0,0.0,0.0,7.0,1016.99,67.24,-16.56
2025-03-24 18:15:19.938000+00:00,27.332236662556404,,,,26.188,-0.875,-1.688,23.0,-131.688,-0.75,2.562,-0.003,-0.013,-0.003,-0.62,0.33,9.32,-0.46,0.03,-0.47,-0.15,0.26,9.8,0.8925000000000001,-1.25,0.0,0.0,0.0,7.0,1016.99,67.24,-16.56
2025-03-24 18:15:20.934000+00:00,27.332236662556404,,,,26.188,-0.875,-1.688,23.0,-131.688,-0.75,2.562,-0.003,-0.013,-0.003,-0.62,0.33,9.32,-0.46,0.03,-0.47,-0.16,0.26,9.8,0.8925000000000001,-1.25,0.0,0.0,0.0,7.0,1016.99,67.24,-16.56
2025-03-24 18:15:21.960000+00:00,27.332236662556404,,,,26.188,-0.875,-1.688,23.0,-131.688,-0.75,2.562,-0.003,-0.013,-0.003,-0.62,0.33,9.32,-0.46,0.03,-0.47,-0.16,0.27,9.8,0.8925000000000001,-1.25,0.0,0.0,0.0,7.0,1016.99,67.24,-16.56
2025-03-24 18:15:22.953000+00:00,27.332236662556404,,,,26.188,-0.875,-1.688,23.0,-131.688,-0.75,2.562,-0.003,-0.013,-0.003,-0.62,0.33,9.32,-0.46,0.03,-0.47,-0.16,0.27,9.8,0.8925000000000001,-1.25,0.0,0.0,0.0,7.0,1016.99,67.24,-16.56
2025-03-24 18:15:23.947000+00:00,27.332236662556404,,,,26.188,-0.875,-1.688,23.0,-131.688,-0.75,2.562,-0.003,-0.013,-0.003,-0.62,0.33,9.32,-0.46,0.03,-0.47,-0.16,0.28,9.8,0.8925000000000001,-1.25,0.0,0.0,0.0,7.0,1016.99,67.24,-16.56
2025-03-24 18:15:25.064000+00:00,27.332236662556404,,,,26.188,-0.875,-1.688,23.0,-131.688,-0.75,2.562,-0.003,-0.013,-0.003,-0.62,0.33,9.32,-0.46,0.03,-0.47,-0.16,0.29,9.8,0.8925000000000001,-1.25,0.0,0.0,0.0,7.0,1016.99,67.24,-16.56
2025-03-24 18:14:26.776000+00:00,27.332236662556404,,,,26.188,-0.875,-1.688,23.0,-131.688,-0.75,2.562,-0.003,-0.013,-0.003,-0.62,0.33,9.32,-0.46,0.03,-0.47,-0.16,0.29,9.8,0.8925000000000001,-1.25,0.0,0.0,0.0,7.0,1016.99,67.24,-16.56
2025-03-24 18:14:27.497000+00:00,27.332236662556404,,,,26.188,-0.875,-1.688,23.0,-131.688,-0.75,2.562,-0.003,-0.013,-0.003,-0.62,0.33,9.32,-0.46,0.03,-0.47,-0.16,0.29,9.8,0.9475,-1.25,0.0,0.0,0.0,7.0,1016.99,67.24,-16.56
2025-03-24 18:14:28.527000+00:00,27.332236662556404,,,,26.188,-0.875,-1.688,23.0,-131.688,-0.75,2.562,-0.003,-0.013,-0.003,-0.62,0.33,9.32,-0.46,0.03,-0.47,-0.16,0.29,9.8,1.11,-1.25,0.0,0.0,0.0,7.0,1016.99,67.24,-16.56
2025-03-24 18:14:29.550000+00:00,27.332236662556404,,,,26.188,-0.875,-1.688,23.0,-131.688,-0.75,2.562,-0.003,-0.013,-0.003,-0.62,0.33,9.32,-0.46,0.03,-0.47,-0.16,0.29,9.8,0.95125,-1.25,0.0,0.0,0.0,7.0,1016.99,67.24,-16.56
2025-03-24 18:14:30.587000+00:00,27.332236662556404,,,,26.188,-0.875,-1.688,23.0,-131.688,-0.75,2.562,-0.003,-0.013,-0.003,-0.62,0.33,9.32,-0.46,0.03,-0.47,-0.16,0.29,9.8,1.0,-1.25,0.0,0.0,0.0,7.0,1016.99,67.24,-16.56
2025-03-24 18:14:31.543000+00:00,27.332236662556404,,,,26.188,-0.875,-1.688,23.0,-131.688,-0.75,2.562,-0.003,-0.013,-0.003,-0.62,0.33,9.32,-0.46,0.03,-0.47,-0.16,0.29,9.8,1.08625,-1.25,0.0,0.0,0.0,7.0,1016.99,67.24,-16.56
2025-03-24 18:14:32.620000+00:00,27.332236662556404,,,,26.188,-0.875,-1.688,23.0,-131.688,-0.75,2.562,-0.003,-0.013,-0.003,-0.62,0.33,9.32,-0.46,0.03,-0.47,-0.16,0.29,9.8,0.8925000000000001,-1.25,0.0,0.0,0.0,7.0,1016.99,67.24,-16.56
2025-03-24 18:14:33.666000+00:00,27.332236662556404,,,,26.188,-0.875,-1.688,23.0,-131.688,-0.75,2.562,-0.003,-0.013,-0.003,-0.62,0.33,9.32,-0.46,0.03,-0.47,-0.16,0.29,9.8,0.9812500000000001,-1.25,0.0,0.0,0.0,7.0,1016.99,67.24,-16.56
2025-03-24 18:14:34.589000+00:00,27.332236662556404,,,,26.188,-0.875,-1.688,23.0,-131.688,-0.75,2.562,-0.003,-0.013,-0.003,-0.62,0.33,9.32,-0.46,0.03,-0.47,-0.16,0.29,9.8,1.13375,-1.25,0.0,0.0,0.0,7.0,1016.99,67.24,-16.56
2025-03-24 18:14:35.625000+00:00,27.332236662556404,,,,26.188,-0.875,-1.688,23.0,-131.688,-0.75,2.562,-0.003,-0.013,-0.003,-0.62,0.33,9.32,-0.46,0.03,-0.47,-0.16,0.29,9.8,1.08,-1.25,0.0,0.0,0.0,7.0,1016.99,67.24,-16.56
2025-03-24 18:14:36.549000+00:00,27.332236662556404,,,,26.188,-0.875,-1.688,23.0,-131.688,-0.75,2.562,-0.003,-0.013,-0.003,-0.62,0.33,9.32,-0.46,0.03,-0.47,-0.16,0.29,9.8,0.915,-1.25,0.0,0.0,0.0,7.0,1016.99,67.24,-16.56
2025-03-24 18:14:37.515000+00:00,27.332236662556404,,,,26.188,-0.875,-1.688,23.0,-131.688,-0.75,2.562,-0.003,-0.013,-0.003,-0.62,0.33,9.32,-0.46,0.03,-0.47,-0.16,0.29,9.8,1.0275,-1.25,0.0,0.0,0.0,7.0,1016.99,67.24,-16.56
2025-03-24 18:14:38.247000+00:00,27.332236662556404,,,,26.188,-0.875,-1.688,23.0,-131.688,-0.75,2.562,-0.003,-0.013,-0.003,-0.62,0.33,9.32,-0.46,0.03,-0.47,-0.16,0.29,9.8,0.99625,-1.25,0.0,0.0,0.0,7.0,1016.99,67.24,-16.56
2025-03-24 18:14:39.249000+00:00,27.332236662556404,,,,26.188,-0.875,-1.688,23.0,-131.688,-0.75,2.562,-0.003,-0.013,-0.003,-0.62,0.33,9.32,-0.46,0.03,-0.47,-0.16,0.29,9.8,0.9237500000000001,-1.25,0.0,0.0,0.0,7.0,1016.99,67.24,-16.56
2025-03-24 18:14:40.638000+00:00,27.332236662556404,,,,26.188,-0.875,-1.688,23.0,-131.688,-0.75,2.562,-0.003,-0.013,-0.003,-0.62,0.33,9.32,-0.46,0.03,-0.47,-0.16,0.29,9.8,1.01875,-1.25,0.0,0.0,0.0,7.0,1016.99,67.24,-16.56
2025-03-24 18:14:41.329000+00:00,27.332236662556404,,,,26.188,-0.875,-1.688,23.0,-131.688,-0.75,2.562,-0.003,-0.013,-0.003,-0.62,0.33,9.32,-0.46,0.03,-0.47,-0.16,0.29,9.8,1.0725,-1.25,0.0,0.0,0.0,7.0,1016.99,67.24,-16.56
2025-03-24 18:14:42.474000+00:00,27.332236662556404,,,,26.188,-0.875,-1.688,23.0,-131.688,-0.75,2.562,-0.003,-0.013,-0.003,-0.62,0.33,9.32,-0.46,0.03,-0.47,-0.16,0.29,9.8,0.92875,-1.25,0.0,0.0,0.0,7.0,1016.99,67.24,-16.56
2025-03-24 18:14:43.265000+00:00,27.332236662556404,,,,26.188,-0.875,-1.688,23.0,-131.688,-0.75,2.562,-0.003,-0.013,-0.003,-0.62,0.33,9.32,-0.46,0.03,-0.47,-0.16,0.29,9.8,0.8725,-1.25,0.0,0.0,0.0,7.0,1016.99,67.24,-16.56
2025-03-24 18:14:44.278000+00:00,27.332236662556404,,,,26.188,-0.875,-1.688,23.0,-131.688,-0.75,2.562,-0.003,-0.013,-0.003,-0.62,0.33,9.32,-0.46,0.03,-0.47,-0.16,0.29,9.8,0.81375,-1.25,0.0,0.0,0.0,7.0,1016.99,67.24,-16.56
2025-03-24 18:14:45.268000+00:00,27.332236662556404,,,,26.188,-0.875,-1.688,23.0,-131.688,-0.75,2.562,-0.003,-0.013,-0.003,-0.62,0.33,9.32,-0.46,0.03,-0.47,-0.16,0.29,9.8,0.98375,-1.25,0.0,0.0,0.0,7.0,1016.99,67.24,-16.56
2025-03-24 18:14:46.276000+00:00,27.332236662556404,,,,26.188,-0.875,-1.688,23.0,-131.688,-0.75,2.562,-0.003,-0.013,-0.003,-0.62,0.33,9.32,-0.46,0.03,-0.47,-0.16,0.29,9.8,0.90625,-1.25,0.0,0.0,0.0,7.0,1016.99,67.24,-16.56
2025-03-24 18:14:47.318000+00:00,27.332236662556404,,,,26.188,-0.875,-1.688,23.0,-131.688,-0.75,2.562,-0.003,-0.013,-0.003,-0.62,0.33,9.32,-0.46,0.03,-0.47,-0.16,0.29,9.8,0.9225,-1.25,0.0,0.0,0.0,7.0,1016.99,67.24,-16.56
2025-03-24 18:14:48.284000+00:00,27.332236662556404,,,,26.188,-0.875,-1.688,23.0,-131.688,-0.75,2.562,-0.003,-0.013,-0.003,-0.62,0.33,9.32,-0.46,0.03,-0.47,-0.16,0.29,9.8,0.96625,-1.25,0.0,0.0,0.0,7.0,1016.99,67.24,-16.56
2025-03-24 18:14:49.288000+00:00,27.332236662556404,,,,26.188,-0.875,-1.688,23.0,-131.688,-0.75,2.562,-0.003,-0.013,-0.003,-0.62,0.33,9.32,-0.46,0.03,-0.47,-0.16,0.29,9.8,0.97,-1.25,0.0,0.0,0.0,7.0,1016.99,67.24,-16.56
2025-03-24 18:14:50.290000+00:00,27.332236662556404,,,,26.188,-0.875,-1.688,23.0,-131.688,-0.75,2.562,-0.003,-0.013,-0.003,-0.62,0.33,9.32,-0.46,0.03,-0.47,-0.16,0.29,9.8,0.91,-1.25,0.0,0.0,0.0,7.0,1016.99,67.24,-16.56
2025-03-24 18:14:51.290000+00:00,27.332236662556404,,,,26.188,-0.875,-1.688,23.0,-131.688,-0.75,2.562,-0.003,-0.013,-0.003,-0.62,0.33,9.32,-0.46,0.03,-0.47,-0.16,0.29,9.8,0.935,-1.25,0.0,0.0,0.0,7.0,1016.99,67.24,-16.56
2025-03-24 18:14:52.348000+00:00,27.332236662556404,,,,26.188,-0.875,-1.688,23.0,-131.688,-0.75,2.562,-0.003,-0.013,-0.003,-0.62,0.33,9.32,-0.46,0.03,-0.47,-0.16,0.29,9.8,0.87625,-1.25,0.0,0.0,0.0,7.0,1016.99,67.24,-16.56
2025-03-24 18:14:53.298000+00:00,27.332236662556404,,,,26.188,-0.875,-1.688,23.0,-131.688,-0.75,2.562,-0.003,-0.013,-0.003,-0.62,0.33,9.32,-0.46,0.03,-0.47,-0.16,0.29,9.8,0.95625,-1.25,0.0,0.0,0.0,7.0,1016.99,67.24,-16.56
2025-03-24 18:14:54.318000+00:00,27.332236662556404,,,,26.188,-0.875,-1.688,23.0,-131.688,-0.75,2.562,-0.003,-0.013,-0.003,-0.62,0.33,9.32,-0.46,0.03,-0.47,-0.16,0.29,9.8,0.82625,-1.25,0.0,0.0,0.0,7.0,1016.99,67.24,-16.56
2025-03-24 18:14:55.318000+00:00,27.332236662556404,,,,26.188,-0.875,-1.688,23.0,-131.688,-0.75,2.562,-0.003,-0.013,-0.003,-0.62,0.33,9.32,-0.46,0.03,-0.47,-0.16,0.29,9.8,0.91125,-1.25,0.0,0.0,0.0,7.0,1016.99,67.24,-16.56
2025-03-24 18:14:56.468000+00:00,27.332236662556404,,,,26.188,-0.875,-1.688,23.0,-131.688,-0.75,2.562,-0.003,-0.013,-0.003,-0.62,0.33,9.32,-0.46,0.03,-0.47,-0.16,0.29,9.8,0.975,-1.25,0.0,0.0,0.0,7.0,1016.99,67.24,-16.56
2025-03-24 18:14:57.628000+00:00,27.332236662556404,,,,26.188,-0.875,-1.688,23.0,-131.688,-0.75,2.562,-0.003,-0.013,-0.003,-0.62,0.33,9.32,-0.46,0.03,-0.47,-0.16,0.29,9.8,1.02625,-1.25,0.0,0.0,0.0,7.0,1016.99,67.24,-16.56
2025-03-24 18:14:58.321000+00:00,27.332236662556404,,,,26.188,-0.875,-1.688,23.0,-131.688,-0.75,2.562,-0.003,-0.013,-0.003,-0.62,0.33,9.32,-0.46,0.03,-0.47,-0.16,0.29,9.8,0.865,-1.25,0.0,0.0,0.0,7.0,1016.99,67.24,-16.56
2025-03-24 18:14:59.324000+00:00,27.332236662556404,,,,26.188,-0.875,-1.688,23.0,-131.688,-0.75,2.562,-0.003,-0.013,-0.003,-0.62,0.33,9.32,-0.46,0.03,-0.47,-0.16,0.29,9.8,0.8462500000000001,-1.25,0.0,0.0,0.0,7.0,1016.99,67.24,-16.56
2025-03-24 18:15:00.331000+00:00,27.332236662556404,,,,26.188,-0.875,-1.688,23.0,-131.688,-0.75,2.562,-0.003,-0.013,-0.003,-0.62,0.33,9.32,-0.46,0.03,-0.47,-0.16,0.29,9.8,0.93625,-1.25,0.0,0.0,0.0,7.0,1016.99,67.24,-16.56
2025-03-24 18:15:01.330000+00:00,27.332236662556404,,,,26.188,-0.875,-1.688,23.0,-131.688,-0.75,2.562,-0.003,-0.013,-0.003,-0.62,0.33,9.32,-0.46,0.03,-0.47,-0.16,0.29,9.8,0.92,-1.25,0.0,0.0,0.0,7.0,1016.99,67.24,-16.56
2025-03-24 18:15:02.335000+00:00,27.332236662556404,,,,26.188,-0.875,-1.688,23.0,-131.688,-0.75,2.562,-0.003,-0.013,-0.003,-0.62,0.33,9.32,-0.46,0.03,-0.47,-0.16,0.29,9.8,1.04,-1.25,0.0,0.0,0.0,7.0,1016.99,67.24,-16.56
2025-03-24 18:15:03.390000+00:00,27.332236662556404,,,,26.188,-0.875,-1.688,23.0,-131.688,-0.75,2.562,-0.003,-0.013,-0.003,-0.62,0.33,9.32,-0.46,0.03,-0.47,-0.16,0.29,9.8,0.95375,-1.25,0.0,0.0,0.0,7.0,1016.99,67.24,-16.56
2025-03-24 18:15:04.479000+00:00,27.332236662556404,,,,26.188,-0.875,-1.688,23.0,-131.688,-0.75,2.562,-0.003,-0.013,-0.003,-0.62,0.33,9.32,-0.46,0.03,-0.47,-0.16,0.29,9.8,1.06,-1.25,0.0,0.0,0.0,7.0,1016.99,67.24,-16.56
2025-03-24 18:15:05.638000+00:00,27.332236662556404,,,,26.188,-0.875,-1.688,23.0,-131.688,-0.75,2.562,-0.003,-0.013,-0.003,-0.62,0.33,9.32,-0.46,0.03,-0.47,-0.16,0.29,9.8,0.96875,-1.25,0.0,0.0,0.0,7.0,1016.99,67.24,-16.56
2025-03-24 18:15:06.350000+00:00,27.332236662556404,,,,26.188,-0.875,-1.688,23.0,-131.688,-0.75,2.562,-0.003,-0.013,-0.003,-0.62,0.33,9.32,-0.46,0.03,-0.47,-0.16,0.29,9.8,1.0275,-1.25,0.0,0.0,0.0,7.0,1016.99,67.24,-16.56
2025-03-24 18:15:07.356000+00:00,27.332236662556404,,,,26.188,-0.875,-1.688,23.0,-131.688,-0.75,2.562,-0.003,-0.013,-0.003,-0.62,0.33,9.32,-0.46,0.03,-0.47,-0.16,0.29,9.8,0.96625,-1.25,0.0,0.0,0.0,7.0,1016.99,67.24,-16.56
2025-03-24 18:15:08.399000+00:00,27.332236662556404,,,,26.188,-0.875,-1.688,23.0,-131.688,-0.75,2.562,-0.003,-0.013,-0.003,-0.62,0.33,9.32,-0.46,0.03,-0.47,-0.16,0.29,9.8,1.025,-1.25,0.0,0.0,0.0,7.0,1016.99,67.24,-16.56
2025-03-24 18:15:09.361000+00:00,27.332236662556404,,,,26.188,-0.875,-1.688,23.0,-131.688,-0.75,2.562,-0.003,-0.013,-0.003,-0.62,0.33,9.32,-0.46,0.03,-0.47,-0.16,0.29,9.8,0.90125,-1.25,0.0,0.0,0.0,7.0,1016.99,67.24,-16.56
2025-03-24 18:15:10.357000+00:00,27.332236662556404,,,,26.188,-0.875,-1.688,23.0,-131.688,-0.75,2.562,-0.003,-0.013,-0.003,-0.62,0.33,9.32,-0.46,0.03,-0.47,-0.16,0.29,9.8,0.9325,-1.25,0.0,0.0,0.0,7.0,1016.99,67.24,-16.56
2025-03-24 18:15:11.454000+00:00,27.332236662556404,,,,26.188,-0.875,-1.688,23.0,-131.688,-0.75,2.562,-0.003,-0.013,-0.003,-0.62,0.33,9.32,-0.46,0.03,-0.47,-0.16,0.29,9.8,0.95375,-1.25,0.0,0.0,0.0,7.0,1016.99,67.24,-16.56
2025-03-24 18:15:12.497000+00:00,27.332236662556404,,,,26.188,-0.875,-1.688,23.0,-131.688,-0.75,2.562,-0.003,-0.013,-0.003,-0.62,0.33,9.32,-0.46,0.03,-0.47,-0.16,0.29,9.8,0.81625,-1.25,0.0,0.0,0.0,7.0,1016.99,67.24,-16.56
2025-03-24 18:15:13.701000+00:00,27.332236662556404,,,,26.188,-0.875,-1.688,23.0,-131.688,-0.75,2.562,-0.003,-0.013,-0.003,-0.62,0.33,9.32,-0.46,0.03,-0.47,-0.16,0.29,9.8,0.8575,-1.25,0.0,0.0,0.0,7.0,1016.99,67.24,-16.56
2025-03-24 18:15:14.382000+00:00,27.332236662556404,,,,26.188,-0.875,-1.688,23.0,-131.688,-0.75,2.562,-0.003,-0.013,-0.003,-0.62,0.33,9.32,-0.46,0.03,-0.47,-0.16,0.29,9.8,0.9775,-1.25,0.0,0.0,0.0,7.0,1016.99,67.24,-16.56
2025-03-24 18:15:15.389000+00:00,27.332236662556404,,,,26.188,-0.875,-1.688,23.0,-131.688,-0.75,2.562,-0.003,-0.013,-0.003,-0.62,0.33,9.32,-0.46,0.03,-0.47,-0.16,0.29,9.8,1.0125,-1.25,0.0,0.0,0.0,7.0,1016.99,67.24,-16.56
2025-03-24 18:15:16.395000+00:00,27.332236662556404,,,,26.188,-0.875,-1.688,23.0,-131.688,-0.75,2.562,-0.003,-0.013,-0.003,-0.62,0.33,9.32,-0.46,0.03,-0.47,-0.16,0.29,9.8,0.965,-1.25,0.0,0.0,0.0,7.0,1016.99,67.24,-16.56
2025-03-24 18:15:17.388000+00:00,27.332236662556404,,,,26.188,-0.875,-1.688,23.0,-131.688,-0.75,2.562,-0.003,-0.013,-0.003,-0.62,0.33,9.32,-0.46,0.03,-0.47,-0.16,0.29,9.8,1.04,-1.25,0.0,0.0,0.0,7.0,1016.99,67.24,-16.56
2025-03-24 18:15:18.417000+00:00,27.332236662556404,,,,26.188,-0.875,-1.688,23.0,-131.688,-0.75,2.562,-0.003,-0.013,-0.003,-0.62,0.33,9.32,-0.46,0.03,-0.47,-0.16,0.29,9.8,0.9450000000000001,-1.25,0.0,0.0,0.0,7.0,1016.99,67.24,-16.56
2025-03-24 18:15:19.402000+00:00,27.332236662556404,,,,26.188,-0.875,-1.688,23.0,-131.688,-0.75,2.562,-0.003,-0.013,-0.003,-0.62,0.33,9.32,-0.46,0.03,-0.47,-0.16,0.29,9.8,0.9225,-1.25,0.0,0.0,0.0,7.0,1016.99,67.24,-16.56
2025-03-24 18:15:20.487000+00:00,27.332236662556404,,,,26.188,-0.875,-1.688,23.0,-131.688,-0.75,2.562,-0.003,-0.013,-0.003,-0.62,0.33,9.32,-0.46,0.03,-0.47,-0.16,0.29,9.8,0.95375,-1.25,0.0,0.0,0.0,7.0,1016.99,67.24,-16.56
2025-03-24 18:15:21.407000+00:00,27.332236662556404,,,,26.188,-0.875,-1.688,23.0,-131.688,-0.75,2.562,-0.003,-0.013,-0.003,-0.62,0.33,9.32,-0.46,0.03,-0.47,-0.16,0.29,9.8,1.15125,-1.25,0.0,0.0,0.0,7.0,1016.99,67.24,-16.56
2025-03-24 18:15:22.426000+00:00,27.332236662556404,,,,26.188,-0.875,-1.688,23.0,-131.688,-0.75,2.562,-0.003,-0.013,-0.003,-0.62,0.33,9.32,-0.46,0.03,-0.47,-0.16,0.29,9.8,1.12625,-1.25,0.0,0.0,0.0,7.0,1016.99,67.24,-16.56
2025-03-24 18:15:23.466000+00:00,27.332236662556404,,,,26.188,-0.875,-1.688,23.0,-131.688,-0.75,2.562,-0.003,-0.013,-0.003,-0.62,0.33,9.32,-0.46,0.03,-0.47,-0.16,0.29,9.8,0.9675,-1.25,0.0,0.0,0.0,7.0,1016.99,67.24,-16.56
2025-03-24 18:15:24.587000+00:00,27.332236662556404,,,,26.188,-0.875,-1.688,23.0,-131.688,-0.75,2.562,-0.003,-0.013,-0.003,-0.62,0.33,9.32,-0.46,0.03,-0.47,-0.16,0.29,9.8,0.85875,-1.25,0.0,0.0,0.0,7.0,1016.99,67.24,-16.56
2025-03-24 18:15:25.418000+00:00,27.332236662556404,,,,26.188,-0.875,-1.688,23.0,-131.688,-0.75,2.562,-0.003,-0.013,-0.003,-0.62,0.33,9.32,-0.46,0.03,-0.47,-0.16,0.29,9.8,1.04,-1.25,0.0,0.0,0.0,7.0,1016.99,67.24,-16.56
2025-03-24 18:14:26.726000+00:00,27.332236662556404,,,,26.188,-0.875,-1.688,23.0,-131.688,-0.75,2.562,-0.003,-0.013,-0.003,-0.62,0.33,9.32,-0.46,0.03,-0.47,-0.16,0.29,9.8,1.04,-1.25,0.0,0.0,0.0,7.0,1016.99,67.24,-16.56
2025-03-24 18:14:27.441000+00:00,27.332236662556404,,,,26.188,-0.875,-1.688,23.0,-131.688,-0.75,2.562,-0.003,-0.013,-0.003,-0.62,0.33,9.32,-0.46,0.03,-0.47,-0.16,0.29,9.8,1.04,0.0,0.0,0.0,0.0,7.0,1016.99,67.24,-16.56
2025-03-24 18:14:28.471000+00:00,27.332236662556404,,,,26.188,-0.875,-1.688,23.0,-131.688,-0.75,2.562,-0.003,-0.013,-0.003,-0.62,0.33,9.32,-0.46,0.03,-0.47,-0.16,0.29,9.8,1.04,0.0,0.0,0.0,0.0,7.0,1016.99,67.24,-16.56
2025-03-24 18:14:29.504000+00:00,27.332236662556404,,,,26.188,-0.875,-1.688,23.0,-131.688,-0.75,2.562,-0.003,-0.013,-0.003,-0.62,0.33,9.32,-0.46,0.03,-0.47,-0.16,0.29,9.8,1.04,-1.25,0.0,0.0,0.0,7.0,1016.99,67.24,-16.56
2025-03-24 18:14:30.523000+00:00,27.332236662556404,,,,26.188,-0.875,-1.688,23.0,-131.688,-0.75,2.562,-0.003,-0.013,-0.003,-0.62,0.33,9.32,-0.46,0.03,-0.47,-0.16,0.29,9.8,1.04,0.0,0.0,0.0,0.0,7.0,1016.99,67.24,-16.56
2025-03-24 18:14:31.488000+00:00,27.332236662556404,,,,26.188,-0.875,-1.688,23.0,-131.688,-0.75,2.562,-0.003,-0.013,-0.003,-0.62,0.33,9.32,-0.46,0.03,-0.47,-0.16,0.29,9.8,1.04,-2.5,0.0,0.0,0.0,7.0,1016.99,67.24,-16.56
2025-03-24 18:14:32.571000+00:00,27.332236662556404,,,,26.188,-0.875,-1.688,23.0,-131.688,-0.75,2.562,-0.003,-0.013,-0.003,-0.62,0.33,9.32,-0.46,0.03,-0.47,-0.16,0.29,9.8,1.04,-1.25,0.0,0.0,0.0,7.0,1016.99,67.24,-16.56
2025-03-24 18:14:33.607000+00:00,27.332236662556404,,,,26.188,-0.875,-1.688,23.0,-131.688,-0.75,2.562,-0.003,-0.013,-0.003,-0.62,0.33,9.32,-0.46,0.03,-0.47,-0.16,0.29,9.8,1.04,0.0,0.0,0.0,0.0,7.0,1016.99,67.24,-16.56
2025-03-24 18:14:34.538000+00:00,27.332236662556404,,,,26.188,-0.875,-1.688,23.0,-131.688,-0.75,2.562,-0.003,-0.013,-0.003,-0.62,0.33,9.32,-0.46,0.03,-0.47,-0.16,0.29,9.8,1.04,1.25,0.0,0.0,0.0,7.0,1016.99,67.24,-16.56
2025-03-24 18:14:35.575000+00:00,27.332236662556404,,,,26.188,-0.875,-1.688,23.0,-131.688,-0.75,2.562,-0.003,-0.013,-0.003,-0.62,0.33,9.32,-0.46,0.03,-0.47,-0.16,0.29,9.8,1.04,-1.25,0.0,0.0,0.0,7.0,1016.99,67.24,-16.56
2025-03-24 18:14:36.500000+00:00,27.332236662556404,,,,26.188,-0.875,-1.688,23.0,-131.688,-0.75,2.562,-0.003,-0.013,-0.003,-0.62,0.33,9.32,-0.46,0.03,-0.47,-0.16,0.29,9.8,1.04,0.0,0.0,0.0,0.0,7.0,1016.99,67.24,-16.56
2025-03-24 18:14:37.463000+00:00,27.332236662556404,,,,26.188,-0.875,-1.688,23.0,-131.688,-0.75,2.562,-0.003,-0.013,-0.003,-0.62,0.33,9.32,-0.46,0.03,-0.47,-0.16,0.29,9.8,1.04,0.0,0.0,0.0,0.0,7.0,1016.99,67.24,-16.56
2025-03-24 18:14:38.192000+00:00,27.332236662556404,,,,26.188,-0.875,-1.688,23.0,-131.688,-0.75,2.562,-0.003,-0.013,-0.003,-0.62,0.33,9.32,-0.46,0.03,-0.47,-0.16,0.29,9.8,1.04,0.0,0.0,0.0,0.0,7.0,1016.99,67.24,-16.56
2025-03-24 18:14:39.196000+00:00,27.332236662556404,,,,26.188,-0.875,-1.688,23.0,-131.688,-0.75,2.562,-0.003,-0.013,-0.003,-0.62,0.33,9.32,-0.46,0.03,-0.47,-0.16,0.29,9.8,1.04,1.25,0.0,0.0,0.0,7.0,1016.99,67.24,-16.56
2025-03-24 18:14:40.200000+00:00,27.332236662556404,,,,26.188,-0.875,-1.688,23.0,-131.688,-0.75,2.562,-0.003,-0.013,-0.003,-0.62,0.33,9.32,-0.46,0.03,-0.47,-0.16,0.29,9.8,1.04,0.0,0.0,0.0,0.0,7.0,1016.99,67.24,-16.56
2025-03-24 18:14:41.275000+00:00,27.332236662556404,,,,26.188,-0.875,-1.688,23.0,-131.688,-0.75,2.562,-0.003,-0.013,-0.003,-0.62,0.33,9.32,-0.46,0.03,-0.47,-0.16,0.29,9.8,1.04,0.0,0.0,0.0,0.0,7.0,1016.99,67.24,-16.56
2025-03-24 18:14:42.414000+00:00,27.332236662556404,,,,26.188,-0.875,-1.688,23.0,-131.688,-0.75,2.562,-0.003,-0.013,-0.003,-0.62,0.33,9.32,-0.46,0.03,-0.47,-0.16,0.29,9.8,1.04,1.25,0.0,0.0,0.0,7.0,1016.99,67.24,-16.56
2025-03-24 18:14:43.211000+00:00,27.332236662556404,,,,26.188,-0.875,-1.688,23.0,-131.688,-0.75,2.562,-0.003,-0.013,-0.003,-0.62,0.33,9.32,-0.46,0.03,-0.47,-0.16,0.29,9.8,1.04,1.25,0.0,0.0,0.0,7.0,1016.99,67.24,-16.56
2025-03-24 18:14:44.229000+00:00,27.332236662556404,,,,26.188,-0.875,-1.688,23.0,-131.688,-0.75,2.562,-0.003,-0.013,-0.003,-0.62,0.33,9.32,-0.46,0.03,-0.47,-0.16,0.29,9.8,1.04,0.0,0.0,0.0,0.0,7.0,1016.99,67.24,-16.56
2025-03-24 18:14:45.219000+00:00,27.332236662556404,,,,26.188,-0.875,-1.688,23.0,-131.688,-0.75,2.562,-0.003,-0.013,-0.003,-0.62,0.33,9.32,-0.46,0.03,-0.47,-0.16,0.29,9.8,1.04,0.0,0.0,0.0,0.0,7.0,1016.99,67.24,-16.56
2025-03-24 18:14:46.222000+00:00,27.332236662556404,,,,26.188,-0.875,-1.688,23.0,-131.688,-0.75,2.562,-0.003,-0.013,-0.003,-0.62,0.33,9.32,-0.46,0.03,-0.47,-0.16,0.29,9.8,1.04,-1.25,0.0,0.0,0.0,7.0,1016.99,67.24,-16.56
2025-03-24 18:14:47.269000+00:00,27.332236662556404,,,,26.188,-0.875,-1.688,23.0,-131.688,-0.75,2.562,-0.003,-0.013,-0.003,-0.62,0.33,9.32,-0.46,0.03,-0.47,-0.16,0.29,9.8,1.04,-1.25,0.0,0.0,0.0,7.0,1016.99,67.24,-16.56
2025-03-24 18:14:48.229000+00:00,27.332236662556404,,,,26.188,-0.875,-1.688,23.0,-131.688,-0.75,2.562,-0.003,-0.013,-0.003,-0.62,0.33,9.32,-0.46,0.03,-0.47,-0.16,0.29,9.8,1.04,0.0,0.0,0.0,0.0,7.0,1016.99,67.24,-16.56
2025-03-24 18:14:49.235000+00:00,27.332236662556404,,,,26.188,-0.875,-1.688,23.0,-131.688,-0.75,2.562,-0.003,-0.013,-0.003,-0.62,0.33,9.32,-0.46,0.03,-0.47,-0.16,0.29,9.8,1.04,-1.25,0.0,0.0,0.0,7.0,1016.99,67.24,-16.56
2025-03-24 18:14:50.236000+00:00,27.332236662556404,,,,26.188,-0.875,-1.688,23.0,-131.688,-0.75,2.562,-0.003,-0.013,-0.003,-0.62,0.33,9.32,-0.46,0.03,-0.47,-0.16,0.29,9.8,1.04,0.0,0.0,0.0,0.0,7.0,1016.99,67.24,-16.56
2025-03-24 18:14:51.240000+00:00,27.332236662556404,,,,26.188,-0.875,-1.688,23.0,-131.688,-0.75,2.562,-0.003,-0.013,-0.003,-0.62,0.33,9.32,-0.46,0.03,-0.47,-0.16,0.29,9.8,1.04,0.0,0.0,0.0,0.0,7.0,1016.99,67.24,-16.56
2025-03-24 18:14:52.298000+00:00,27.332236662556404,,,,26.188,-0.875,-1.688,23.0,-131.688,-0.75,2.562,-0.003,-0.013,-0.003,-0.62,0.33,9.32,-0.46,0.03,-0.47,-0.16,0.29,9.8,1.04,1.25,0.0,0.0,0.0,7.0,1016.99,67.24,-16.56
2025-03-24 18:14:53.248000+00:00,27.332236662556404,,,,26.188,-0.875,-1.688,23.0,-131.688,-0.75,2.562,-0.003,-0.013,-0.003,-0.62,0.33,9.32,-0.46,0.03,-0.47,-0.16,0.29,9.8,1.04,-1.25,0.0,0.0,0.0,7.0,1016.99,67.24,-16.56
2025-03-24 18:14:54.264000+00:00,27.332236662556404,,,,26.188,-0.875,-1.688,23.0,-131.688,-0.75,2.562,-0.003,-0.013,-0.003,-0.62,0.33,9.32,-0.46,0.03,-0.47,-0.16,0.29,9.8,1.04,0.0,0.0,0.0,0.0,7.0,1016.99,67.24,-16.56
2025-03-24 18:14:55.268000+00:00,27.332236662556404,,,,26.188,-0.875,-1.688,23.0,-131.688,-0.75,2.562,-0.003,-0.013,-0.003,-0.62,0.33,9.32,-0.46,0.03,-0.47,-0.16,0.29,9.8,1.04,-1.25,0.0,0.0,0.0,7.0,1016.99,67.24,-16.56
2025-03-24 18:14:56.418000+00:00,27.332236662556404,,,,26.188,-0.875,-1.688,23.0,-131.688,-0.75,2.562,-0.003,-0.013,-0.003,-0.62,0.33,9.32,-0.46,0.03,-0.47,-0.16,0.29,9.8,1.04,0.0,0.0,0.0,0.0,7.0,1016.99,67.24,-16.56
2025-03-24 18:14:57.579000+00:00,27.332236662556404,,,,26.188,-0.875,-1.688,23.0,-131.688,-0.75,2.562,-0.003,-0.013,-0.003,-0.62,0.33,9.32,-0.46,0.03,-0.47,-0.16,0.29,9.8,1.04,-1.25,0.0,0.0,0.0,7.0,1016.99,67.24,-16.56
2025-03-24 18:14:58.268000+00:00,27.332236662556404,,,,26.188,-0.875,-1.688,23.0,-131.688,-0.75,2.562,-0.003,-0.013,-0.003,-0.62,0.33,9.32,-0.46,0.03,-0.47,-0.16,0.29,9.8,1.04,-1.25,0.0,0.0,0.0,7.0,1016.99,67.24,-16.56
2025-03-24 18:14:59.271000+00:00,27.332236662556404,,,,26.188,-0.875,-1.688,23.0,-131.688,-0.75,2.562,-0.003,-0.013,-0.003,-0.62,0.33,9.32,-0.46,0.03,-0.47,-0.16,0.29,9.8,1.04,0.0,0.0,0.0,0.0,7.0,1016.99,67.24,-16.56
2025-03-24 18:15:00.276000+00:00,27.332236662556404,,,,26.188,-0.875,-1.688,23.0,-131.688,-0.75,2.562,-0.003,-0.013,-0.003,-0.62,0.33,9.32,-0.46,0.03,-0.47,-0.16,0.29,9.8,1.04,0.0,0.0,0.0,0.0,7.0,1016.99,67.24,-16.56
2025-03-24 18:15:01.279000+00:00,27.332236662556404,,,,26.188,-0.875,-1.688,23.0,-131.688,-0.75,2.562,-0.003,-0.013,-0.003,-0.62,0.33,9.32,-0.46,0.03,-0.47,-0.16,0.29,9.8,1.04,-1.25,0.0,0.0,0.0,7.0,1016.99,67.24,-16.56
2025-03-24 18:15:02.282000+00:00,27.332236662556404,,,,26.188,-0.875,-1.688,23.0,-131.688,-0.75,2.562,-0.003,-0.013,-0.003,-0.62,0.33,9.32,-0.46,0.03,-0.47,-0.16,0.29,9.8,1.04,0.0,0.0,0.0,0.0,7.0,1016.99,67.24,-16.56
2025-03-24 18:15:03.339000+00:00,27.332236662556404,,,,26.188,-0.875,-1.688,23.0,-131.688,-0.75,2.562,-0.003,-0.013,-0.003,-0.62,0.33,9.32,-0.46,0.03,-0.47,-0.16,0.29,9.8,1.04,0.0,0.0,0.0,0.0,7.0,1016.99,67.24,-16.56
2025-03-24 18:15:04.429000+00:00,27.332236662556404,,,,26.188,-0.875,-1.688,23.0,-131.688,-0.75,2.562,-0.003,-0.013,-0.003,-0.62,0.33,9.32,-0.46,0.03,-0.47,-0.16,0.29,9.8,1.04,1.25,0.0,0.0,0.0,7.0,1016.99,67.24,-16.56
2025-03-24 18:15:05.585000+00:00,27.332236662556404,,,,26.188,-0.875,-1.688,23.0,-131.688,-0.75,2.562,-0.003,-0.013,-0.003,-0.62,0.33,9.32,-0.46,0.03,-0.47,-0.16,0.29,9.8,1.04,-1.25,0.0,0.0,0.0,7.0,1016.99,67.24,-16.56
2025-03-24 18:15:06.297000+00:00,27.332236662556404,,,,26.188,-0.875,-1.688,23.0,-131.688,-0.75,2.562,-0.003,-0.013,-0.003,-0.62,0.33,9.32,-0.46,0.03,-0.47,-0.16,0.29,9.8,1.04,-2.5,0.0,0.0,0.0,7.0,1016.99,67.24,-16.56
2025-03-24 18:15:07.301000+00:00,27.332236662556404,,,,26.188,-0.875,-1.688,23.0,-131.688,-0.75,2.562,-0.003,-0.013,-0.003,-0.62,0.33,9.32,-0.46,0.03,-0.47,-0.16,0.29,9.8,1.04,0.0,0.0,0.0,0.0,7.0,1016.99,67.24,-16.56
2025-03-24 18:15:08.348000+00:00,27.332236662556404,,,,26.188,-0.875,-1.688,23.0,-131.688,-0.75,2.562,-0.003,-0.013,-0.003,-0.62,0.33,9.32,-0.46,0.03,-0.47,-0.16,0.29,9.8,1.04,0.0,0.0,0.0,0.0,7.0,1016.99,67.24,-16.56
2025-03-24 18:15:09.309000+00:00,27.332236662556404,,,,26.188,-0.875,-1.688,23.0,-131.688,-0.75,2.562,-0.003,-0.013,-0.003,-0.62,0.33,9.32,-0.46,0.03,-0.47,-0.16,0.29,9.8,1.04,1.25,0.0,0.0,0.0,7.0,1016.99,67.24,-16.56
2025-03-24 18:15:10.313000+00:00,27.332236662556404,,,,26.188,-0.875,-1.688,23.0,-131.688,-0.75,2.562,-0.003,-0.013,-0.003,-0.62,0.33,9.32,-0.46,0.03,-0.47,-0.16,0.29,9.8,1.04,2.5,0.0,0.0,0.0,7.0,1016.99,67.24,-16.56
2025-03-24 18:15:11.397000+00:00,27.332236662556404,,,,26.188,-0.875,-1.688,23.0,-131.688,-0.75,2.562,-0.003,-0.013,-0.003,-0.62,0.33,9.32,-0.46,0.03,-0.47,-0.16,0.29,9.8,1.04,-1.25,0.0,0.0,0.0,7.0,1016.99,67.24,-16.56
2025-03-24 18:15:12.448000+00:00,27.332236662556404,,,,26.188,-0.875,-1.688,23.0,-131.688,-0.75,2.562,-0.003,-0.013,-0.003,-0.62,0.33,9.32,-0.46,0.03,-0.47,-0.16,0.29,9.8,1.04,-1.25,0.0,0.0,0.0,7.0,1016.99,67.24,-16.56
2025-03-24 18:15:13.647000+00:00,27.332236662556404,,,,26.188,-0.875,-1.688,23.0,-131.688,-0.75,2.562,-0.003,-0.013,-0.003,-0.62,0.33,9.32,-0.46,0.03,-0.47,-0.16,0.29,9.8,1.04,-1.25,0.0,0.0,0.0,7.0,1016.99,67.24,-16.56
2025-03-24 18:15:14.328000+00:00,27.332236662556404,,,,26.188,-0.875,-1.688,23.0,-131.688,-0.75,2.562,-0.003,-0.013,-0.003,-0.62,0.33,9.32,-0.46,0.03,-0.47,-0.16,0.29,9.8,1.04,-1.25,0.0,0.0,0.0,7.0,1016.99,67.24,-16.56
2025-03-24 18:15:15.333000+00:00,27.332236662556404,,,,26.188,-0.875,-1.688,23.0,-131.688,-0.75,2.562,-0.003,-0.013,-0.003,-0.62,0.33,9.32,-0.46,0.03,-0.47,-0.16,0.29,9.8,1.04,0.0,0.0,0.0,0.0,7.0,1016.99,67.24,-16.56
2025-03-24 18:15:16.340000+00:00,27.332236662556404,,,,26.188,-0.875,-1.688,23.0,-131.688,-0.75,2.562,-0.003,-0.013,-0.003,-0.62,0.33,9.32,-0.46,0.03,-0.47,-0.16,0.29,9.8,1.04,1.25,0.0,0.0,0.0,7.0,1016.99,67.24,-16.56
2025-03-24 18:15:17.340000+00:00,27.332236662556404,,,,26.188,-0.875,-1.688,23.0,-131.688,-0.75,2.562,-0.003,-0.013,-0.003,-0.62,0.33,9.32,-0.46,0.03,-0.47,-0.16,0.29,9.8,1.04,0.0,0.0,0.0,0.0,7.0,1016.99,67.24,-16.56
2025-03-24 18:15:18.372000+00:00,27.332236662556404,,,,26.188,-0.875,-1.688,23.0,-131.688,-0.75,2.562,-0.003,-0.013,-0.003,-0.62,0.33,9.32,-0.46,0.03,-0.47,-0.16,0.29,9.8,1.04,0.0,0.0,0.0,0.0,7.0,1016.99,67.24,-16.56
2025-03-24 18:15:19.347000+00:00,27.332236662556404,,,,26.188,-0.875,-1.688,23.0,-131.688,-0.75,2.562,-0.003,-0.013,-0.003,-0.62,0.33,9.32,-0.46,0.03,-0.47,-0.16,0.29,9.8,1.04,-1.25,0.0,0.0,0.0,7.0,1016.99,67.24,-16.56
2025-03-24 18:15:20.429000+00:00,27.332236662556404,,,,26.188,-0.875,-1.688,23.0,-131.688,-0.75,2.562,-0.003,-0.013,-0.003,-0.62,0.33,9.32,-0.46,0.03,-0.47,-0.16,0.29,9.8,1.04,0.0,0.0,0.0,0.0,7.0,1016.99,67.24,-16.56
2025-03-24 18:15:21.355000+00:00,27.332236662556404,,,,26.188,-0.875,-1.688,23.0,-131.688,-0.75,2.562,-0.003,-0.013,-0.003,-0.62,0.33,9.32,-0.46,0.03,-0.47,-0.16,0.29,9.8,1.04,-1.25,0.0,0.0,0.0,7.0,1016.99,67.24,-16.56
2025-03-24 18:15:22.367000+00:00,27.332236662556404,,,,26.188,-0.875,-1.688,23.0,-131.688,-0.75,2.562,-0.003,-0.013,-0.003,-0.62,0.33,9.32,-0.46,0.03,-0.47,-0.16,0.29,9.8,1.04,1.25,0.0,0.0,0.0,7.0,1016.99,67.24,-16.56
2025-03-24 18:15:23.418000+00:00,27.332236662556404,,,,26.188,-0.875,-1.688,23.0,-131.688,-0.75,2.562,-0.003,-0.013,-0.003,-0.62,0.33,9.32,-0.46,0.03,-0.47,-0.16,0.29,9.8,1.04,-1.25,0.0,0.0,0.0,7.0,1016.99,67.24,-16.56
2025-03-24 18:15:24.537000+00:00,27.332236662556404,,,,26.188,-0.875,-1.688,23.0,-131.688,-0.75,2.562,-0.003,-0.013,-0.003,-0.62,0.33,9.32,-0.46,0.03,-0.47,-0.16,0.29,9.8,1.04,0.0,0.0,0.0,0.0,7.0,1016.99,67.24,-16.56
2025-03-24 18:15:25.371000+00:00,27.332236662556404,,,,26.188,-0.875,-1.688,23.0,-131.688,-0.75,2.562,-0.003,-0.013,-0.003,-0.62,0.33,9.32,-0.46,0.03,-0.47,-0.16,0.29,9.8,1.04,0.0,0.0,0.0,0.0,7.0,1016.99,67.24,-16.56
2025-03-24 18:14:26.838000+00:00,27.332236662556404,,,,26.188,-0.875,-1.688,23.0,-131.688,-0.75,2.562,-0.003,-0.013,-0.003,-0.62,0.33,9.32,-0.46,0.03,-0.47,-0.16,0.29,9.8,1.04,0.0,0.0,0.0,0.0,7.0,1016.99,67.24,-16.56
2025-03-24 18:14:27.551000+00:00,27.332236662556404,,,,26.188,-0.875,-1.688,23.0,-131.688,-0.75,2.562,-0.003,-0.013,-0.003,-0.62,0.33,9.32,-0.46,0.03,-0.47,-0.16,0.29,9.8,1.04,0.0,0.0,0.0,0.0,7.0,1016.99,67.24,-16.56
2025-03-24 18:14:28.584000+00:00,27.332236662556404,,,,26.188,-0.875,-1.688,23.0,-131.688,-0.75,2.562,-0.003,-0.013,-0.003,-0.62,0.33,9.32,-0.46,0.03,-0.47,-0.16,0.29,9.8,1.04,0.0,0.0,0.0,0.0,7.0,1016.99,67.24,-16.56
2025-03-24 18:14:29.606000+00:00,27.332236662556404,,,,26.188,-0.875,-1.688,23.0,-131.688,-0.75,2.562,-0.003,-0.013,-0.003,-0.62,0.33,9.32,-0.46,0.03,-0.47,-0.16,0.29,9.8,1.04,0.0,0.0,0.0,0.0,7.0,1016.99,67.24,-16.56
2025-03-24 18:14:30.646000+00:00,27.332236662556404,,,,26.188,-0.875,-1.688,23.0,-131.688,-0.75,2.562,-0.003,-0.013,-0.003,-0.62,0.33,9.32,-0.46,0.03,-0.47,-0.16,0.29,9.8,1.04,0.0,0.0,0.0,0.0,7.0,1016.99,67.24,-16.56
2025-03-24 18:14:31.590000+00:00,27.332236662556404,,,,26.188,-0.875,-1.688,23.0,-131.688,-0.75,2.562,-0.003,-0.013,-0.003,-0.62,0.33,9.32,-0.46,0.03,-0.47,-0.16,0.29,9.8,1.04,0.0,0.0,0.0,0.0,7.0,1016.99,67.24,-16.56
2025-03-24 18:14:32.670000+00:00,27.332236662556404,,,,26.188,-0.875,-1.688,23.0,-131.688,-0.75,2.562,-0.003,-0.013,-0.003,-0.62,0.33,9.32,-0.46,0.03,-0.47,-0.16,0.29,9.8,1.04,0.0,0.0,0.0,0.0,7.0,1016.99,67.24,-16.56
2025-03-24 18:14:33.723000+00:00,27.332236662556404,,,,26.188,-0.875,-1.688,23.0,-131.688,-0.75,2.562,-0.003,-0.013,-0.003,-0.62,0.33,9.32,-0.46,0.03,-0.47,-0.16,0.29,9.8,1.04,0.0,0.0,0.0,0.0,7.0,1016.99,67.24,-16.56
2025-03-24 18:14:34.640000+00:00,27.332236662556404,,,,26.188,-0.875,-1.688,23.0,-131.688,-0.75,2.562,-0.003,-0.013,-0.003,-0.62,0.33,9.32,-0.46,0.03,-0.47,-0.16,0.29,9.8,1.04,0.0,0.0,0.0,0.0,7.0,1016.99,67.24,-16.56
2025-03-24 18:14:35.684000+00:00,27.332236662556404,,,,26.188,-0.875,-1.688,23.0,-131.688,-0.75,2.562,-0.003,-0.013,-0.003,-0.62,0.33,9.32,-0.46,0.03,-0.47,-0.16,0.29,9.8,1.04,0.0,0.0,0.0,0.0,7.0,1016.99,67.24,-16.56
2025-03-24 18:14:36.606000+00:00,27.332236662556404,,,,26.188,-0.875,-1.688,23.0,-131.688,-0.75,2.562,-0.003,-0.013,-0.003,-0.62,0.33,9.32,-0.46,0.03,-0.47,-0.16,0.29,9.8,1.04,0.0,0.0,0.0,0.0,7.0,1016.99,67.24,-16.56
2025-03-24 18:14:37.575000+00:00,27.332236662556404,,,,26.188,-0.875,-1.688,23.0,-131.688,-0.75,2.562,-0.003,-0.013,-0.003,-0.62,0.33,9.32,-0.46,0.03,-0.47,-0.16,0.29,9.8,1.04,0.0,0.0,0.0,0.0,7.0,1016.99,67.24,-16.56
2025-03-24 18:14:38.301000+00:00,27.332236662556404,,,,26.188,-0.875,-1.688,23.0,-131.688,-0.75,2.562,-0.003,-0.013,-0.003,-0.62,0.33,9.32,-0.46,0.03,-0.47,-0.16,0.29,9.8,1.04,0.0,0.0,0.0,0.0,7.0,1016.99,67.24,-16.56
2025-03-24 18:14:39.299000+00:00,27.332236662556404,,,,26.188,-0.875,-1.688,23.0,-131.688,-0.75,2.562,-0.003,-0.013,-0.003,-0.62,0.33,9.32,-0.46,0.03,-0.47,-0.16,0.29,9.8,1.04,0.0,0.0,0.0,0.0,7.0,1016.99,67.24,-16.56
2025-03-24 18:14:40.690000+00:00,27.332236662556404,,,,26.188,-0.875,-1.688,23.0,-131.688,-0.75,2.562,-0.003,-0.013,-0.003,-0.62,0.33,9.32,-0.46,0.03,-0.47,-0.16,0.29,9.8,1.04,0.0,0.0,0.0,0.0,7.0,1016.99,67.24,-16.56
2025-03-24 18:14:41.386000+00:00,27.332236662556404,,,,26.188,-0.875,-1.688,23.0,-131.688,-0.75,2.562,-0.003,-0.013,-0.003,-0.62,0.33,9.32,-0.46,0.03,-0.47,-0.16,0.29,9.8,1.04,0.0,0.0,0.0,0.0,7.0,1016.99,67.24,-16.56
2025-03-24 18:14:42.519000+00:00,27.332236662556404,,,,26.188,-0.875,-1.688,23.0,-131.688,-0.75,2.562,-0.003,-0.013,-0.003,-0.62,0.33,9.32,-0.46,0.03,-0.47,-0.16,0.29,9.8,1.04,0.0,0.0,0.0,0.0,7.0,1016.99,67.24,-16.56
2025-03-24 18:14:43.318000+00:00,27.332236662556404,,,,26.188,-0.875,-1.688,23.0,-131.688,-0.75,2.562,-0.003,-0.013,-0.003,-0.62,0.33,9.32,-0.46,0.03,-0.47,-0.16,0.29,9.8,1.04,0.0,0.0,0.0,0.0,7.0,1016.99,67.24,-16.56
2025-03-24 18:14:44.330000+00:00,27.332236662556404,,,,26.188,-0.875,-1.688,23.0,-131.688,-0.75,2.562,-0.003,-0.013,-0.003,-0.62,0.33,9.32,-0.46,0.03,-0.47,-0.16,0.29,9.8,1.04,0.0,0.0,0.0,0.0,7.0,1016.99,67.24,-16.56
2025-03-24 18:14:45.319000+00:00,27.332236662556404,,,,26.188,-0.875,-1.688,23.0,-131.688,-0.75,2.562,-0.003,-0.013,-0.003,-0.62,0.33,9.32,-0.46,0.03,-0.47,-0.16,0.29,9.8,1.04,0.0,0.0,0.0,0.0,7.0,1016.99,67.24,-16.56
2025-03-24 18:14:46.338000+00:00,27.332236662556404,,,,26.188,-0.875,-1.688,23.0,-131.688,-0.75,2.562,-0.003,-0.013,-0.003,-0.62,0.33,9.32,-0.46,0.03,-0.47,-0.16,0.29,9.8,1.04,0.0,0.0,0.0,0.0,7.0,1016.99,67.24,-16.56
2025-03-24 18:14:47.368000+00:00,27.332236662556404,,,,26.188,-0.875,-1.688,23.0,-131.688,-0.75,2.562,-0.003,-0.013,-0.003,-0.62,0.33,9.32,-0.46,0.03,-0.47,-0.16,0.29,9.8,1.04,0.0,0.0,0.0,0.0,7.0,1016.99,67.24,-16.56
2025-03-24 18:14:48.338000+00:00,27.332236662556404,,,,26.188,-0.875,-1.688,23.0,-131.688,-0.75,2.562,-0.003,-0.013,-0.003,-0.62,0.33,9.32,-0.46,0.03,-0.47,-0.16,0.29,9.8,1.04,0.0,0.0,0.0,0.0,7.0,1016.99,67.24,-16.56
2025-03-24 18:14:49.338000+00:00,27.332236662556404,,,,26.188,-0.875,-1.688,23.0,-131.688,-0.75,2.562,-0.003,-0.013,-0.003,-0.62,0.33,9.32,-0.46,0.03,-0.47,-0.16,0.29,9.8,1.04,0.0,0.0,0.0,0.0,7.0,1016.99,67.24,-16.56
2025-03-24 18:14:50.348000+00:00,27.332236662556404,,,,26.188,-0.875,-1.688,23.0,-131.688,-0.75,2.562,-0.003,-0.013,-0.003,-0.62,0.33,9.32,-0.46,0.03,-0.47,-0.16,0.29,9.8,1.04,0.0,0.0,0.0,0.0,7.0,1016.99,67.24,-16.56
2025-03-24 18:14:51.338000+00:00,27.332236662556404,,,,26.188,-0.875,-1.688,23.0,-131.688,-0.75,2.562,-0.003,-0.013,-0.003,-0.62,0.33,9.32,-0.46,0.03,-0.47,-0.16,0.29,9.8,1.04,0.0,0.0,0.0,0.0,7.0,1016.99,67.24,-16.56
2025-03-24 18:14:52.405000+00:00,27.332236662556404,,,,26.188,-0.875,-1.688,23.0,-131.688,-0.75,2.562,-0.003,-0.013,-0.003,-0.62,0.33,9.32,-0.46,0.03,-0.47,-0.16,0.29,9.8,1.04,0.0,0.0,0.0,0.0,7.0,1016.99,67.24,-16.56
2025-03-24 18:14:53.348000+00:00,27.332236662556404,,,,26.188,-0.875,-1.688,23.0,-131.688,-0.75,2.562,-0.003,-0.013,-0.003,-0.62,0.33,9.32,-0.46,0.03,-0.47,-0.16,0.29,9.8,1.04,0.0,0.0,0.0,0.0,7.0,1016.99,67.24,-16.56
2025-03-24 18:14:54.374000+00:00,27.332236662556404,,,,26.188,-0.875,-1.688,23.0,-131.688,-0.75,2.562,-0.003,-0.013,-0.003,-0.62,0.33,9.32,-0.46,0.03,-0.47,-0.16,0.29,9.8,1.04,0.0,0.0,0.0,0.0,7.0,1016.99,67.24,-16.56
2025-03-24 18:14:55.368000+00:00,27.332236662556404,,,,26.188,-0.875,-1.688,23.0,-131.688,-0.75,2.562,-0.003,-0.013,-0.003,-0.62,0.33,9.32,-0.46,0.03,-0.47,-0.16,0.29,9.8,1.04,0.0,0.0,0.0,0.0,7.0,1016.99,67.24,-16.56
2025-03-24 18:14:56.528000+00:00,27.332236662556404,,,,26.188,-0.875,-1.688,23.0,-131.688,-0.75,2.562,-0.003,-0.013,-0.003,-0.62,0.33,9.32,-0.46,0.03,-0.47,-0.16,0.29,9.8,1.04,0.0,0.0,0.0,0.0,7.0,1016.99,67.24,-16.56
2025-03-24 18:14:57.678000+00:00,27.332236662556404,,,,26.188,-0.875,-1.688,23.0,-131.688,-0.75,2.562,-0.003,-0.013,-0.003,-0.62,0.33,9.32,-0.46,0.03,-0.47,-0.16,0.29,9.8,1.04,0.0,0.0,0.0,0.0,7.0,1016.99,67.24,-16.56
2025-03-24 18:14:58.368000+00:00,27.332236662556404,,,,26.188,-0.875,-1.688,23.0,-131.688,-0.75,2.562,-0.003,-0.013,-0.003,-0.62,0.33,9.32,-0.46,0.03,-0.47,-0.16,0.29,9.8,1.04,0.0,0.0,0.0,0.0,7.0,1016.99,67.24,-16.56
2025-03-24 18:14:59.368000+00:00,27.332236662556404,,,,26.188,-0.875,-1.688,23.0,-131.688,-0.75,2.562,-0.003,-0.013,-0.003,-0.62,0.33,9.32,-0.46,0.03,-0.47,-0.16,0.29,9.8,1.04,0.0,0.0,0.0,0.0,7.0,1016.99,67.24,-16.56
2025-03-24 18:15:00.382000+00:00,27.332236662556404,,,,26.188,-0.875,-1.688,23.0,-131.688,-0.75,2.562,-0.003,-0.013,-0.003,-0.62,0.33,9.32,-0.46,0.03,-0.47,-0.16,0.29,9.8,1.04,0.0,0.0,0.0,0.0,7.0,1016.99,67.24,-16.56
2025-03-24 18:15:01.385000+00:00,27.332236662556404,,,,26.188,-0.875,-1.688,23.0,-131.688,-0.75,2.562,-0.003,-0.013,-0.003,-0.62,0.33,9.32,-0.46,0.03,-0.47,-0.16,0.29,9.8,1.04,0.0,0.0,0.0,0.0,7.0,1016.99,67.24,-16.56
2025-03-24 18:15:02.392000+00:00,27.332236662556404,,,,26.188,-0.875,-1.688,23.0,-131.688,-0.75,2.562,-0.003,-0.013,-0.003,-0.62,0.33,9.32,-0.46,0.03,-0.47,-0.16,0.29,9.8,1.04,0.0,0.0,0.0,0.0,7.0,1016.99,67.24,-16.56
2025-03-24 18:15:03.449000+00:00,27.332236662556404,,,,26.188,-0.875,-1.688,23.0,-131.688,-0.75,2.562,-0.003,-0.013,-0.003,-0.62,0.33,9.32,-0.46,0.03,-0.47,-0.16,0.29,9.8,1.04,0.0,0.0,0.0,0.0,7.0,1016.99,67.24,-16.56
2025-03-24 18:15:04.529000+00:00,27.332236662556404,,,,26.188,-0.875,-1.688,23.0,-131.688,-0.75,2.562,-0.003,-0.013,-0.003,-0.62,0.33,9.32,-0.46,0.03,-0.47,-0.16,0.29,9.8,1.04,0.0,0.0,0.0,0.0,7.0,1016.99,67.24,-16.56
2025-03-24 18:15:05.689000+00:00,27.332236662556404,,,,26.188,-0.875,-1.688,23.0,-131.688,-0.75,2.562,-0.003,-0.013,-0.003,-0.62,0.33,9.32,-0.46,0.03,-0.47,-0.16,0.29,9.8,1.04,0.0,0.0,0.0,0.0,7.0,1016.99,67.24,-16.56
2025-03-24 18:15:06.401000+00:00,27.332236662556404,,,,26.188,-0.875,-1.688,23.0,-131.688,-0.75,2.562,-0.003,-0.013,-0.003,-0.62,0.33,9.32,-0.46,0.03,-0.47,-0.16,0.29,9.8,1.04,0.0,0.0,0.0,0.0,7.0,1016.99,67.24,-16.56
2025-03-24 18:15:07.409000+00:00,27.332236662556404,,,,26.188,-0.875,-1.688,23.0,-131.688,-0.75,2.562,-0.003,-0.013,-0.003,-0.62,0.33,9.32,-0.46,0.03,-0.47,-0.16,0.29,9.8,1.04,0.0,0.0,0.0,0.0,7.0,1016.99,67.24,-16.56
2025-03-24 18:15:08.448000+00:00,27.332236662556404,,,,26.188,-0.875,-1.688,23.0,-131.688,-0.75,2.562,-0.003,-0.013,-0.003,-0.62,0.33,9.32,-0.46,0.03,-0.47,-0.16,0.29,9.8,1.04,0.0,0.0,0.0,0.0,7.0,1016.99,67.24,-16.56
2025-03-24 18:15:09.409000+00:00,27.332236662556404,,,,26.188,-0.875,-1.688,23.0,-131.688,-0.75,2.562,-0.003,-0.013,-0.003,-0.62,0.33,9.32,-0.46,0.03,-0.47,-0.16,0.29,9.8,1.04,0.0,0.0,0.0,0.0,7.0,1016.99,67.24,-16.56
2025-03-24 18:15:10.408000+00:00,27.332236662556404,,,,26.188,-0.875,-1.688,23.0,-131.688,-0.75,2.562,-0.003,-0.013,-0.003,-0.62,0.33,9.32,-0.46,0.03,-0.47,-0.16,0.29,9.8,1.04,0.0,0.0,0.0,0.0,7.0,1016.99,67.24,-16.56
2025-03-24 18:15:11.514000+00:00,27.332236662556404,,,,26.188,-0.875,-1.688,23.0,-131.688,-0.75,2.562,-0.003,-0.013,-0.003,-0.62,0.33,9.32,-0.46,0.03,-0.47,-0.16,0.29,9.8,1.04,0.0,0.0,0.0,0.0,7.0,1016.99,67.24,-16.56
2025-03-24 18:15:12.548000+00:00,27.332236662556404,,,,26.188,-0.875,-1.688,23.0,-131.688,-0.75,2.562,-0.003,-0.013,-0.003,-0.62,0.33,9.32,-0.46,0.03,-0.47,-0.16,0.29,9.8,1.04,0.0,0.0,0.0,0.0,7.0,1016.99,67.24,-16.56
2025-03-24 18:15:13.748000+00:00,27.332236662556404,,,,26.188,-0.875,-1.688,23.0,-131.688,-0.75,2.562,-0.003,-0.013,-0.003,-0.62,0.33,9.32,-0.46,0.03,-0.47,-0.16,0.29,9.8,1.04,0.0,0.0,0.0,0.0,7.0,1016.99,67.24,-16.56
2025-03-24 18:15:14.428000+00:00,27.332236662556404,,,,26.188,-0.875,-1.688,23.0,-131.688,-0.75,2.562,-0.003,-0.013,-0.003,-0.62,0.33,9.32,-0.46,0.03,-0.47,-0.16,0.29,9.8,1.04,0.0,0.0,0.0,0.0,7.0,1016.99,67.24,-16.56
2025-03-24 18:15:15.440000+00:00,27.332236662556404,,,,26.188,-0.875,-1.688,23.0,-131.688,-0.75,2.562,-0.003,-0.013,-0.003,-0.62,0.33,9.32,-0.46,0.03,-0.47,-0.16,0.29,9.8,1.04,0.0,0.0,0.0,0.0,7.0,1016.99,67.24,-16.56
2025-03-24 18:15:16.449000+00:00,27.332236662556404,,,,26.188,-0.875,-1.688,23.0,-131.688,-0.75,2.562,-0.003,-0.013,-0.003,-0.62,0.33,9.32,-0.46,0.03,-0.47,-0.16,0.29,9.8,1.04,0.0,0.0,0.0,0.0,7.0,1016.99,67.24,-16.56
2025-03-24 18:15:17.437000+00:00,27.332236662556404,,,,26.188,-0.875,-1.688,23.0,-131.688,-0.75,2.562,-0.003,-0.013,-0.003,-0.62,0.33,9.32,-0.46,0.03,-0.47,-0.16,0.29,9.8,1.04,0.0,0.0,0.0,0.0,7.0,1016.99,67.24,-16.56
2025-03-24 18:15:18.469000+00:00,27.332236662556404,,,,26.188,-0.875,-1.688,23.0,-131.688,-0.75,2.562,-0.003,-0.013,-0.003,-0.62,0.33,9.32,-0.46,0.03,-0.47,-0.16,0.29,9.8,1.04,0.0,0.0,0.0,0.0,7.0,1016.99,67.24,-16.56
2025-03-24 18:15:19.449000+00:00,27.332236662556404,,,,26.188,-0.875,-1.688,23.0,-131.688,-0.75,2.562,-0.003,-0.013,-0.003,-0.62,0.33,9.32,-0.46,0.03,-0.47,-0.16,0.29,9.8,1.04,0.0,0.0,0.0,0.0,7.0,1016.99,67.24,-16.56
2025-03-24 18:15:20.544000+00:00,27.332236662556404,,,,26.188,-0.875,-1.688,23.0,-131.688,-0.75,2.562,-0.003,-0.013,-0.003,-0.62,0.33,9.32,-0.46,0.03,-0.47,-0.16,0.29,9.8,1.04,0.0,0.0,0.0,0.0,7.0,1016.99,67.24,-16.56
2025-03-24 18:15:21.457000+00:00,27.332236662556404,,,,26.188,-0.875,-1.688,23.0,-131.688,-0.75,2.562,-0.003,-0.013,-0.003,-0.62,0.33,9.32,-0.46,0.03,-0.47,-0.16,0.29,9.8,1.04,0.0,0.0,0.0,0.0,7.0,1016.99,67.24,-16.56
2025-03-24 18:15:22.483000+00:00,27.332236662556404,,,,26.188,-0.875,-1.688,23.0,-131.688,-0.75,2.562,-0.003,-0.013,-0.003,-0.62,0.33,9.32,-0.46,0.03,-0.47,-0.16,0.29,9.8,1.04,0.0,0.0,0.0,0.0,7.0,1016.99,67.24,-16.56
2025-03-24 18:15:23.517000+00:00,27.332236662556404,,,,26.188,-0.875,-1.688,23.0,-131.688,-0.75,2.562,-0.003,-0.013,-0.003,-0.62,0.33,9.32,-0.46,0.03,-0.47,-0.16,0.29,9.8,1.04,0.0,0.0,0.0,0.0,7.0,1016.99,67.24,-16.56
2025-03-24 18:15:24.637000+00:00,27.332236662556404,,,,26.188,-0.875,-1.688,23.0,-131.688,-0.75,2.562,-0.003,-0.013,-0.003,-0.62,0.33,9.32,-0.46,0.03,-0.47,-0.16,0.29,9.8,1.04,0.0,0.0,0.0,0.0,7.0,1016.99,67.24,-16.56
2025-03-24 18:15:25.468000+00:00,27.332236662556404,,,,26.188,-0.875,-1.688,23.0,-131.688,-0.75,2.562,-0.003,-0.013,-0.003,-0.62,0.33,9.32,-0.46,0.03,-0.47,-0.16,0.29,9.8,1.04,0.0,0.0,0.0,0.0,7.0,1016.99,67.24,-16.56
2025-03-24 18:14:27.009000+00:00,27.332236662556404,,,,26.188,-0.875,-1.688,23.0,-131.688,-0.75,2.562,-0.003,-0.013,-0.003,-0.62,0.33,9.32,-0.46,0.03,-0.47,-0.16,0.29,9.8,1.04,0.0,0.0,0.0,0.0,7.0,1016.99,67.24,-16.56
2025-03-24 18:14:32.129000+00:00,27.332236662556404,,,,26.188,-0.875,-1.688,23.0,-131.688,-0.75,2.562,-0.003,-0.013,-0.003,-0.62,0.33,9.32,-0.46,0.03,-0.47,-0.16,0.29,9.8,1.04,0.0,0.0,0.0,0.0,7.0,1016.99,67.24,-16.56
2025-03-24 18:14:37.020000+00:00,27.332236662556404,,,,26.188,-0.875,-1.688,23.0,-131.688,-0.75,2.562,-0.003,-0.013,-0.003,-0.62,0.33,9.32,-0.46,0.03,-0.47,-0.16,0.29,9.8,1.04,0.0,0.0,0.0,0.0,7.0,1016.99,67.24,-16.56
2025-03-24 18:14:42.010000+00:00,27.332236662556404,,,,26.188,-0.875,-1.688,23.0,-131.688,-0.75,2.562,-0.003,-0.013,-0.003,-0.62,0.33,9.32,-0.46,0.03,-0.47,-0.16,0.29,9.8,1.04,0.0,0.0,0.0,0.0,7.0,1016.99,67.24,-16.56
2025-03-24 18:14:47.218000+00:00,27.332236662556404,,,,26.188,-0.875,-1.688,23.0,-131.688,-0.75,2.562,-0.003,-0.013,-0.003,-0.62,0.33,9.32,-0.46,0.03,-0.47,-0.16,0.29,9.8,1.04,0.0,0.0,0.0,0.0,7.0,1016.99,67.24,-16.56
2025-03-24 18:14:52.249000+00:00,27.332236662556404,,,,26.188,-0.875,-1.688,23.0,-131.688,-0.75,2.562,-0.003,-0.013,-0.003,-0.62,0.33,9.32,-0.46,0.03,-0.47,-0.16,0.29,9.8,1.04,0.0,0.0,0.0,0.0,7.0,1016.99,67.24,-16.56
2025-03-24 18:14:57.118000+00:00,27.332236662556404,,,,26.188,-0.875,-1.688,23.0,-131.688,-0.75,2.562,-0.003,-0.013,-0.003,-0.62,0.33,9.32,-0.46,0.03,-0.47,-0.16,0.29,9.8,1.04,0.0,0.0,0.0,0.0,7.0,1016.99,67.24,-16.56
2025-03-24 18:15:02.219000+00:00,27.332236662556404,,,,26.188,-0.875,-1.688,23.0,-131.688,-0.75,2.562,-0.003,-0.013,-0.003,-0.62,0.33,9.32,-0.46,0.03,-0.47,-0.16,0.29,9.8,1.04,0.0,0.0,0.0,0.0,7.0,1016.99,67.24,-16.56
2025-03-24 18:15:07.106000+00:00,27.332236662556404,,,,26.188,-0.875,-1.688,23.0,-131.688,-0.75,2.562,-0.003,-0.013,-0.003,-0.62,0.33,9.32,-0.46,0.03,-0.47,-0.16,0.29,9.8,1.04,0.0,0.0,0.0,0.0,7.0,1016.99,67.24,-16.56
2025-03-24 18:15:12.013000+00:00,27.332236662556404,,,,26.188,-0.875,-1.688,23.0,-131.688,-0.75,2.562,-0.003,-0.013,-0.003,-0.62,0.33,9.32,-0.46,0.03,-0.47,-0.16,0.29,9.8,1.04,0.0,0.0,0.0,0.0,7.0,1016.99,67.24,-16.56
2025-03-24 18:15:17.249000+00:00,27.332236662556404,,,,26.188,-0.875,-1.688,23.0,-131.688,-0.75,2.562,-0.003,-0.013,-0.003,-0.62,0.33,9.32,-0.46,0.03,-0.47,-0.16,0.29,9.8,1.04,0.0,0.0,0.0,0.0,7.0,1016.99,67.24,-16.56
2025-03-24 18:15:22.011000+00:00,27.332236662556404,,,,26.188,-0.875,-1.688,23.0,-131.688,-0.75,2.562,-0.003,-0.013,-0.003,-0.62,0.33,9.32,-0.46,0.03,-0.47,-0.16,0.29,9.8,1.04,0.0,0.0,0.0,0.0,7.0,1016.99,67.24,-16.56
2025-03-24 18:14:27.601000+00:00,27.332236662556404,,,,26.188,-0.875,-1.688,23.0,-131.688,-0.75,2.562,-0.003,-0.013,-0.003,-0.62,0.33,9.32,-0.46,0.03,-0.47,-0.16,0.29,9.8,1.04,0.0,0.0,0.0,0.0,7.0,1016.99,67.24,-16.56
2025-03-24 18:14:28.634000+00:00,27.332236662556404,,,,26.188,-0.875,-1.688,23.0,-131.688,-0.75,2.562,-0.003,-0.013,-0.003,-0.62,0.33,9.32,-0.46,0.03,-0.47,-0.16,0.29,9.8,1.04,0.0,0.0,0.0,0.0,7.0,1016.99,67.24,-16.56
2025-03-24 18:14:29.666000+00:00,27.332236662556404,,,,26.188,-0.875,-1.688,23.0,-131.688,-0.75,2.562,-0.003,-0.013,-0.003,-0.62,0.33,9.32,-0.46,0.03,-0.47,-0.16,0.29,9.8,1.04,0.0,0.0,0.0,0.0,7.0,1016.99,67.24,-16.56
2025-03-24 18:14:30.700000+00:00,27.332236662556404,,,,26.188,-0.875,-1.688,23.0,-131.688,-0.75,2.562,-0.003,-0.013,-0.003,-0.62,0.33,9.32,-0.46,0.03,-0.47,-0.16,0.29,9.8,1.04,0.0,0.0,0.0,0.0,7.0,1016.99,67.24,-16.56
2025-03-24 18:14:31.794000+00:00,27.332236662556404,,,,26.188,-0.875,-1.688,23.0,-131.688,-0.75,2.562,-0.003,-0.013,-0.003,-0.62,0.33,9.32,-0.46,0.03,-0.47,-0.16,0.29,9.8,1.04,0.0,0.0,0.0,0.0,7.0,1016.99,67.24,-16.56
2025-03-24 18:14:32.936000+00:00,27.332236662556404,,,,26.188,-0.875,-1.688,23.0,-131.688,-0.75,2.562,-0.003,-0.013,-0.003,-0.62,0.33,9.32,-0.46,0.03,-0.47,-0.16,0.29,9.8,1.04,0.0,0.0,0.0,0.0,7.0,1016.99,67.24,-16.56
2025-03-24 18:14:33.792000+00:00,27.332236662556404,,,,26.188,-0.875,-1.688,23.0,-131.688,-0.75,2.562,-0.003,-0.013,-0.003,-0.62,0.33,9.32,-0.46,0.03,-0.47,-0.16,0.29,9.8,1.04,0.0,0.0,0.0,0.0,7.0,1016.99,67.24,-16.56
2025-03-24 18:14:34.937000+00:00,27.332236662556404,,,,26.188,-0.875,-1.688,23.0,-131.688,-0.75,2.562,-0.003,-0.013,-0.003,-0.62,0.33,9.32,-0.46,0.03,-0.47,-0.16,0.29,9.8,1.04,0.0,0.0,0.0,0.0,7.0,1016.99,67.24,-16.56
2025-03-24 18:14:36.081000+00:00,27.332236662556404,,,,26.188,-0.875,-1.688,23.0,-131.688,-0.75,2.562,-0.003,-0.013,-0.003,-0.62,0.33,9.32,-0.46,0.03,-0.47,-0.16,0.29,9.8,1.04,0.0,0.0,0.0,0.0,7.0,1016.99,67.24,-16.56
2025-03-24 18:14:37.132000+00:00,27.332236662556404,,,,26.188,-0.875,-1.688,23.0,-131.688,-0.75,2.562,-0.003,-0.013,-0.003,-0.62,0.33,9.32,-0.46,0.03,-0.47,-0.16,0.29,9.8,1.04,0.0,0.0,0.0,0.0,7.0,1016.99,67.24,-16.56
2025-03-24 18:14:38.742000+00:00,27.332236662556404,,,,26.188,-0.875,-1.688,23.0,-131.688,-0.75,2.562,-0.003,-0.013,-0.003,-0.62,0.33,9.32,-0.46,0.03,-0.47,-0.16,0.29,9.8,1.04,0.0,0.0,0.0,0.0,7.0,1016.99,67.24,-16.56
2025-03-24 18:14:39.823000+00:00,27.332236662556404,,,,26.188,-0.875,-1.688,23.0,-131.688,-0.75,2.562,-0.003,-0.013,-0.003,-0.62,0.33,9.32,-0.46,0.03,-0.47,-0.16,0.29,9.8,1.04,0.0,0.0,0.0,0.0,7.0,1016.99,67.24,-16.56
2025-03-24 18:14:40.967000+00:00,27.332236662556404,,,,26.188,-0.875,-1.688,23.0,-131.688,-0.75,2.562,-0.003,-0.013,-0.003,-0.62,0.33,9.32,-0.46,0.03,-0.47,-0.16,0.29,9.8,1.04,0.0,0.0,0.0,0.0,7.0,1016.99,67.24,-16.56
2025-03-24 18:14:42.111000+00:00,27.332236662556404,,,,26.188,-0.875,-1.688,23.0,-131.688,-0.75,2.562,-0.003,-0.013,-0.003,-0.62,0.33,9.32,-0.46,0.03,-0.47,-0.16,0.29,9.8,1.04,0.0,0.0,0.0,0.0,7.0,1016.99,67.24,-16.56
2025-03-24 18:14:43.719000+00:00,27.332236662556404,,,,26.188,-0.875,-1.688,23.0,-131.688,-0.75,2.562,-0.003,-0.013,-0.003,-0.62,0.33,9.32,-0.46,0.03,-0.47,-0.16,0.29,9.8,1.04,0.0,0.0,0.0,0.0,7.0,1016.99,67.24,-16.56
2025-03-24 18:14:44.803000+00:00,27.332236662556404,,,,26.188,-0.875,-1.688,23.0,-131.688,-0.75,2.562,-0.003,-0.013,-0.003,-0.62,0.33,9.32,-0.46,0.03,-0.47,-0.16,0.29,9.8,1.04,0.0,0.0,0.0,0.0,7.0,1016.99,67.24,-16.56
2025-03-24 18:14:45.739000+00:00,27.332236662556404,,,,26.188,-0.875,-1.688,23.0,-131.688,-0.75,2.562,-0.003,-0.013,-0.003,-0.62,0.33,9.32,-0.46,0.03,-0.47,-0.16,0.29,9.8,1.04,0.0,0.0,0.0,0.0,7.0,1016.99,67.24,-16.56
2025-03-24 18:14:46.774000+00:00,27.332236662556404,,,,26.188,-0.875,-1.688,23.0,-131.688,-0.75,2.562,-0.003,-0.013,-0.003,-0.62,0.33,9.32,-0.46,0.03,-0.47,-0.16,0.29,9.8,1.04,0.0,0.0,0.0,0.0,7.0,1016.99,67.24,-16.56
2025-03-24 18:14:47.779000+00:00,27.332236662556404,,,,26.188,-0.875,-1.688,23.0,-131.688,-0.75,2.562,-0.003,-0.013,-0.003,-0.62,0.33,9.32,-0.46,0.03,-0.47,-0.16,0.29,9.8,1.04,0.0,0.0,0.0,0.0,7.0,1016.99,67.24,-16.56
2025-03-24 18:14:48.738000+00:00,27.332236662556404,,,,26.188,-0.875,-1.688,23.0,-131.688,-0.75,2.562,-0.003,-0.013,-0.003,-0.62,0.33,9.32,-0.46,0.03,-0.47,-0.16,0.29,9.8,1.04,0.0,0.0,0.0,0.0,7.0,1016.99,67.24,-16.56
2025-03-24 18:14:49.845000+00:00,27.332236662556404,,,,26.188,-0.875,-1.688,23.0,-131.688,-0.75,2.562,-0.003,-0.013,-0.003,-0.62,0.33,9.32,-0.46,0.03,-0.47,-0.16,0.29,9.8,1.04,0.0,0.0,0.0,0.0,7.0,1016.99,67.24,-16.56
2025-03-24 18:14:50.889000+00:00,27.332236662556404,,,,26.188,-0.875,-1.688,23.0,-131.688,-0.75,2.562,-0.003,-0.013,-0.003,-0.62,0.33,9.32,-0.46,0.03,-0.47,-0.16,0.29,9.8,1.04,0.0,0.0,0.0,0.0,7.0,1016.99,67.24,-16.56
2025-03-24 18:14:51.933000+00:00,27.332236662556404,,,,26.188,-0.875,-1.688,23.0,-131.688,-0.75,2.562,-0.003,-0.013,-0.003,-0.62,0.33,9.32,-0.46,0.03,-0.47,-0.16,0.29,9.8,1.04,0.0,0.0,0.0,0.0,7.0,1016.99,67.24,-16.56
2025-03-24 18:14:52.882000+00:00,27.332236662556404,,,,26.188,-0.875,-1.688,23.0,-131.688,-0.75,2.562,-0.003,-0.013,-0.003,-0.62,0.33,9.32,-0.46,0.03,-0.47,-0.16,0.29,9.8,1.04,0.0,0.0,0.0,0.0,7.0,1016.99,67.24,-16.56
2025-03-24 18:14:53.826000+00:00,27.332236662556404,,,,26.188,-0.875,-1.688,23.0,-131.688,-0.75,2.562,-0.003,-0.013,-0.003,-0.62,0.33,9.32,-0.46,0.03,-0.47,-0.16,0.29,9.8,1.04,0.0,0.0,0.0,0.0,7.0,1016.99,67.24,-16.56
2025-03-24 18:14:54.970000+00:00,27.332236662556404,,,,26.188,-0.875,-1.688,23.0,-131.688,-0.75,2.562,-0.003,-0.013,-0.003,-0.62,0.33,9.32,-0.46,0.03,-0.47,-0.16,0.29,9.8,1.04,0.0,0.0,0.0,0.0,7.0,1016.99,67.24,-16.56
2025-03-24 18:14:56.116000+00:00,27.332236662556404,,,,26.188,-0.875,-1.688,23.0,-131.688,-0.75,2.562,-0.003,-0.013,-0.003,-0.62,0.33,9.32,-0.46,0.03,-0.47,-0.16,0.29,9.8,1.04,0.0,0.0,0.0,0.0,7.0,1016.99,67.24,-16.56
2025-03-24 18:14:57.261000+00:00,27.332236662556404,,,,26.188,-0.875,-1.688,23.0,-131.688,-0.75,2.562,-0.003,-0.013,-0.003,-0.62,0.33,9.32,-0.46,0.03,-0.47,-0.16,0.29,9.8,1.04,0.0,0.0,0.0,0.0,7.0,1016.99,67.24,-16.56
2025-03-24 18:14:58.778000+00:00,27.332236662556404,,,,26.188,-0.875,-1.688,23.0,-131.688,-0.75,2.562,-0.003,-0.013,-0.003,-0.62,0.33,9.32,-0.46,0.03,-0.47,-0.16,0.29,9.8,1.04,0.0,0.0,0.0,0.0,7.0,1016.99,67.24,-16.56
2025-03-24 18:14:59.789000+00:00,27.332236662556404,,,,26.188,-0.875,-1.688,23.0,-131.688,-0.75,2.562,-0.003,-0.013,-0.003,-0.62,0.33,9.32,-0.46,0.03,-0.47,-0.16,0.29,9.8,1.04,0.0,0.0,0.0,0.0,7.0,1016.99,67.24,-16.56
2025-03-24 18:15:00.817000+00:00,27.332236662556404,,,,26.188,-0.875,-1.688,23.0,-131.688,-0.75,2.562,-0.003,-0.013,-0.003,-0.62,0.33,9.32,-0.46,0.03,-0.47,-0.16,0.29,9.8,1.04,0.0,0.0,0.0,0.0,7.0,1016.99,67.24,-16.56
2025-03-24 18:15:01.899000+00:00,27.332236662556404,,,,26.188,-0.875,-1.688,23.0,-131.688,-0.75,2.562,-0.003,-0.013,-0.003,-0.62,0.33,9.32,-0.46,0.03,-0.47,-0.16,0.29,9.8,1.04,0.0,0.0,0.0,0.0,7.0,1016.99,67.24,-16.56
2025-03-24 18:15:02.987000+00:00,27.332236662556404,,,,26.188,-0.875,-1.688,23.0,-131.688,-0.75,2.562,-0.003,-0.013,-0.003,-0.62,0.33,9.32,-0.46,0.03,-0.47,-0.16,0.29,9.8,1.04,0.0,0.0,0.0,0.0,7.0,1016.99,67.24,-16.56
2025-03-24 18:15:04.131000+00:00,27.332236662556404,,,,26.188,-0.875,-1.688,23.0,-131.688,-0.75,2.562,-0.003,-0.013,-0.003,-0.62,0.33,9.32,-0.46,0.03,-0.47,-0.16,0.29,9.8,1.04,0.0,0.0,0.0,0.0,7.0,1016.99,67.24,-16.56
2025-03-24 18:15:05.276000+00:00,27.332236662556404,,,,26.188,-0.875,-1.688,23.0,-131.688,-0.75,2.562,-0.003,-0.013,-0.003,-0.62,0.33,9.32,-0.46,0.03,-0.47,-0.16,0.29,9.8,1.04,0.0,0.0,0.0,0.0,7.0,1016.99,67.24,-16.56
2025-03-24 18:15:06.449000+00:00,27.332236662556404,,,,26.188,-0.875,-1.688,23.0,-131.688,-0.75,2.562,-0.003,-0.013,-0.003,-0.62,0.33,9.32,-0.46,0.03,-0.47,-0.16,0.29,9.8,1.04,0.0,0.0,0.0,0.0,7.0,1016.99,67.24,-16.56
2025-03-24 18:15:07.868000+00:00,27.332236662556404,,,,26.188,-0.875,-1.688,23.0,-131.688,-0.75,2.562,-0.003,-0.013,-0.003,-0.62,0.33,9.32,-0.46,0.03,-0.47,-0.16,0.29,9.8,1.04,0.0,0.0,0.0,0.0,7.0,1016.99,67.24,-16.56
2025-03-24 18:15:08.564000+00:00,27.332236662556404,,,,26.188,-0.875,-1.688,23.0,-131.688,-0.75,2.562,-0.003,-0.013,-0.003,-0.62,0.33,9.32,-0.46,0.03,-0.47,-0.16,0.29,9.8,1.04,0.0,0.0,0.0,0.0,7.0,1016.99,67.24,-16.56
2025-03-24 18:15:09.954000+00:00,27.332236662556404,,,,26.188,-0.875,-1.688,23.0,-131.688,-0.75,2.562,-0.003,-0.013,-0.003,-0.62,0.33,9.32,-0.46,0.03,-0.47,-0.16,0.29,9.8,1.04,0.0,0.0,0.0,0.0,7.0,1016.99,67.24,-16.56
2025-03-24 18:15:11.098000+00:00,27.332236662556404,,,,26.188,-0.875,-1.688,23.0,-131.688,-0.75,2.562,-0.003,-0.013,-0.003,-0.62,0.33,9.32,-0.46,0.03,-0.47,-0.16,0.29,9.8,1.04,0.0,0.0,0.0,0.0,7.0,1016.99,67.24,-16.56
2025-03-24 18:15:12.142000+00:00,27.332236662556404,,,,26.188,-0.875,-1.688,23.0,-131.688,-0.75,2.562,-0.003,-0.013,-0.003,-0.62,0.33,9.32,-0.46,0.03,-0.47,-0.16,0.29,9.8,1.04,0.0,0.0,0.0,0.0,7.0,1016.99,67.24,-16.56
2025-03-24 18:15:13.286000+00:00,27.332236662556404,,,,26.188,-0.875,-1.688,23.0,-131.688,-0.75,2.562,-0.003,-0.013,-0.003,-0.62,0.33,9.32,-0.46,0.03,-0.47,-0.16,0.29,9.8,1.04,0.0,0.0,0.0,0.0,7.0,1016.99,67.24,-16.56
2025-03-24 18:15:14.478000+00:00,27.332236662556404,,,,26.188,-0.875,-1.688,23.0,-131.688,-0.75,2.562,-0.003,-0.013,-0.003,-0.62,0.33,9.32,-0.46,0.03,-0.47,-0.16,0.29,9.8,1.04,0.0,0.0,0.0,0.0,7.0,1016.99,67.24,-16.56
2025-03-24 18:15:15.491000+00:00,27.332236662556404,,,,26.188,-0.875,-1.688,23.0,-131.688,-0.75,2.562,-0.003,-0.013,-0.003,-0.62,0.33,9.32,-0.46,0.03,-0.47,-0.16,0.29,9.8,1.04,0.0,0.0,0.0,0.0,7.0,1016.99,67.24,-16.56
2025-03-24 18:15:16.939000+00:00,27.332236662556404,,,,26.188,-0.875,-1.688,23.0,-131.688,-0.75,2.562,-0.003,-0.013,-0.003,-0.62,0.33,9.32,-0.46,0.03,-0.47,-0.16,0.29,9.8,1.04,0.0,0.0,0.0,0.0,7.0,1016.99,67.24,-16.56
2025-03-24 18:15:17.937000+00:00,27.332236662556404,,,,26.188,-0.875,-1.688,23.0,-131.688,-0.75,2.562,-0.003,-0.013,-0.003,-0.62,0.33,9.32,-0.46,0.03,-0.47,-0.16,0.29,9.8,1.04,0.0,0.0,0.0,0.0,7.0,1016.99,67.24,-16.56
2025-03-24 18:15:18.952000+00:00,27.332236662556404,,,,26.188,-0.875,-1.688,23.0,-131.688,-0.75,2.562,-0.003,-0.013,-0.003,-0.62,0.33,9.32,-0.46,0.03,-0.47,-0.16,0.29,9.8,1.04,0.0,0.0,0.0,0.0,7.0,1016.99,67.24,-16.56
2025-03-24 18:15:19.995000+00:00,27.332236662556404,,,,26.188,-0.875,-1.688,23.0,-131.688,-0.75,2.562,-0.003,-0.013,-0.003,-0.62,0.33,9.32,-0.46,0.03,-0.47,-0.16,0.29,9.8,1.04,0.0,0.0,0.0,0.0,7.0,1016.99,67.24,-16.56
2025-03-24 18:15:20.988000+00:00,27.332236662556404,,,,26.188,-0.875,-1.688,23.0,-131.688,-0.75,2.562,-0.003,-0.013,-0.003,-0.62,0.33,9.32,-0.46,0.03,-0.47,-0.16,0.29,9.8,1.04,0.0,0.0,0.0,0.0,7.0,1016.99,67.24,-16.56
2025-03-24 18:15:22.058000+00:00,27.332236662556404,,,,26.188,-0.875,-1.688,23.0,-131.688,-0.75,2.562,-0.003,-0.013,-0.003,-0.62,0.33,9.32,-0.46,0.03,-0.47,-0.16,0.29,9.8,1.04,0.0,0.0,0.0,0.0,7.0,1016.99,67.24,-16.56
2025-03-24 18:15:23.091000+00:00,27.332236662556404,,,,26.188,-0.875,-1.688,23.0,-131.688,-0.75,2.562,-0.003,-0.013,-0.003,-0.62,0.33,9.32,-0.46,0.03,-0.47,-0.16,0.29,9.8,1.04,0.0,0.0,0.0,0.0,7.0,1016.99,67.24,-16.56
2025-03-24 18:15:24.235000+00:00,27.332236662556404,,,,26.188,-0.875,-1.688,23.0,-131.688,-0.75,2.562,-0.003,-0.013,-0.003,-0.62,0.33,9.32,-0.46,0.03,-0.47,-0.16,0.29,9.8,1.04,0.0,0.0,0.0,0.0,7.0,1016.99,67.24,-16.56
2025-03-24 18:15:25.529000+00:00,27.332236662556404,,,,26.188,-0.875,-1.688,23.0,-131.688,-0.75,2.562,-0.003,-0.013,-0.003,-0.62,0.33,9.32,-0.46,0.03,-0.47,-0.16,0.29,9.8,1.04,0.0,0.0,0.0,0.0,7.0,1016.99,67.24,-16.56
2025-03-24 18:14:27.656000+00:00,27.332236662556404,,,,26.188,-0.875,-1.688,23.0,-131.688,-0.75,2.562,-0.003,-0.013,-0.003,-0.62,0.33,9.32,-0.46,0.03,-0.47,-0.16,0.29,9.8,1.04,0.0,0.0,0.0,0.0,7.0,1016.99,67.24,-16.56
2025-03-24 18:14:28.684000+00:00,27.332236662556404,,,,26.188,-0.875,-1.688,23.0,-131.688,-0.75,2.562,-0.003,-0.013,-0.003,-0.62,0.33,9.32,-0.46,0.03,-0.47,-0.16,0.29,9.8,1.04,0.0,0.0,0.0,0.0,7.0,1016.99,67.24,-16.56
2025-03-24 18:14:29.727000+00:00,27.332236662556404,,,,26.188,-0.875,-1.688,23.0,-131.688,-0.75,2.562,-0.003,-0.013,-0.003,-0.62,0.33,9.32,-0.46,0.03,-0.47,-0.16,0.29,9.8,1.04,0.0,0.0,0.0,0.0,7.0,1016.99,67.24,-16.56
2025-03-24 18:14:30.750000+00:00,27.332236662556404,,,,26.188,-0.875,-1.688,23.0,-131.688,-0.75,2.562,-0.003,-0.013,-0.003,-0.62,0.33,9.32,-0.46,0.03,-0.47,-0.16,0.29,9.8,1.04,0.0,0.0,0.0,0.0,7.0,1016.99,67.24,-16.56
2025-03-24 18:14:31.846000+00:00,27.332236662556404,,,,26.188,-0.875,-1.688,23.0,-131.688,-0.75,2.562,-0.003,-0.013,-0.003,-0.62,0.33,9.32,-0.46,0.03,-0.47,-0.16,0.29,9.8,1.04,0.0,0.0,0.0,0.0,7.0,1016.99,67.24,-16.56
2025-03-24 18:14:32.991000+00:00,27.332236662556404,,,,26.188,-0.875,-1.688,23.0,-131.688,-0.75,2.562,-0.003,-0.013,-0.003,-0.62,0.33,9.32,-0.46,0.03,-0.47,-0.16,0.29,9.8,1.04,0.0,0.0,0.0,0.0,7.0,1016.99,67.24,-16.56
2025-03-24 18:14:33.842000+00:00,27.332236662556404,,,,26.188,-0.875,-1.688,23.0,-131.688,-0.75,2.562,-0.003,-0.013,-0.003,-0.62,0.33,9.32,-0.46,0.03,-0.47,-0.16,0.29,9.8,1.04,0.0,0.0,0.0,0.0,7.0,1016.99,67.24,-16.56
2025-03-24 18:14:34.996000+00:00,27.332236662556404,,,,26.188,-0.875,-1.688,23.0,-131.688,-0.75,2.562,-0.003,-0.013,-0.003,-0.62,0.33,9.32,-0.46,0.03,-0.47,-0.16,0.29,9.8,1.04,0.0,0.0,0.0,0.0,7.0,1016.99,67.24,-16.56
2025-03-24 18:14:36.142000+00:00,27.332236662556404,,,,26.188,-0.875,-1.688,23.0,-131.688,-0.75,2.562,-0.003,-0.013,-0.003,-0.62,0.33,9.32,-0.46,0.03,-0.47,-0.16,0.29,9.8,1.04,0.0,0.0,0.0,0.0,7.0,1016.99,67.24,-16.56
2025-03-24 18:14:37.179000+00:00,27.332236662556404,,,,26.188,-0.875,-1.688,23.0,-131.688,-0.75,2.562,-0.003,-0.013,-0.003,-0.62,0.33,9.32,-0.46,0.03,-0.47,-0.16,0.29,9.8,1.04,0.0,0.0,0.0,0.0,7.0,1016.99,67.24,-16.56
2025-03-24 18:14:38.789000+00:00,27.332236662556404,,,,26.188,-0.875,-1.688,23.0,-131.688,-0.75,2.562,-0.003,-0.013,-0.003,-0.62,0.33,9.32,-0.46,0.03,-0.47,-0.16,0.29,9.8,1.04,0.0,0.0,0.0,0.0,7.0,1016.99,67.24,-16.56
2025-03-24 18:14:39.873000+00:00,27.332236662556404,,,,26.188,-0.875,-1.688,23.0,-131.688,-0.75,2.562,-0.003,-0.013,-0.003,-0.62,0.33,9.32,-0.46,0.03,-0.47,-0.16,0.29,9.8,1.04,0.0,0.0,0.0,0.0,7.0,1016.99,67.24,-16.56
2025-03-24 18:14:41.025000+00:00,27.332236662556404,,,,26.188,-0.875,-1.688,23.0,-131.688,-0.75,2.562,-0.003,-0.013,-0.003,-0.62,0.33,9.32,-0.46,0.03,-0.47,-0.16,0.29,9.8,1.04,0.0,0.0,0.0,0.0,7.0,1016.99,67.24,-16.56
2025-03-24 18:14:42.158000+00:00,27.332236662556404,,,,26.188,-0.875,-1.688,23.0,-131.688,-0.75,2.562,-0.003,-0.013,-0.003,-0.62,0.33,9.32,-0.46,0.03,-0.47,-0.16,0.29,9.8,1.04,0.0,0.0,0.0,0.0,7.0,1016.99,67.24,-16.56
2025-03-24 18:14:43.769000+00:00,27.332236662556404,,,,26.188,-0.875,-1.688,23.0,-131.688,-0.75,2.562,-0.003,-0.013,-0.003,-0.62,0.33,9.32,-0.46,0.03,-0.47,-0.16,0.29,9.8,1.04,0.0,0.0,0.0,0.0,7.0,1016.99,67.24,-16.56
2025-03-24 18:14:44.849000+00:00,27.332236662556404,,,,26.188,-0.875,-1.688,23.0,-131.688,-0.75,2.562,-0.003,-0.013,-0.003,-0.62,0.33,9.32,-0.46,0.03,-0.47,-0.16,0.29,9.8,1.04,0.0,0.0,0.0,0.0,7.0,1016.99,67.24,-16.56
2025-03-24 18:14:45.788000+00:00,27.332236662556404,,,,26.188,-0.875,-1.688,23.0,-131.688,-0.75,2.562,-0.003,-0.013,-0.003,-0.62,0.33,9.32,-0.46,0.03,-0.47,-0.16,0.29,9.8,1.04,0.0,0.0,0.0,0.0,7.0,1016.99,67.24,-16.56
2025-03-24 18:14:46.825000+00:00,27.332236662556404,,,,26.188,-0.875,-1.688,23.0,-131.688,-0.75,2.562,-0.003,-0.013,-0.003,-0.62,0.33,9.32,-0.46,0.03,-0.47,-0.16,0.29,9.8,1.04,0.0,0.0,0.0,0.0,7.0,1016.99,67.24,-16.56
2025-03-24 18:14:47.838000+00:00,27.332236662556404,,,,26.188,-0.875,-1.688,23.0,-131.688,-0.75,2.562,-0.003,-0.013,-0.003,-0.62,0.33,9.32,-0.46,0.03,-0.47,-0.16,0.29,9.8,1.04,0.0,0.0,0.0,0.0,7.0,1016.99,67.24,-16.56
2025-03-24 18:14:48.795000+00:00,27.332236662556404,,,,26.188,-0.875,-1.688,23.0,-131.688,-0.75,2.562,-0.003,-0.013,-0.003,-0.62,0.33,9.32,-0.46,0.03,-0.47,-0.16,0.29,9.8,1.04,0.0,0.0,0.0,0.0,7.0,1016.99,67.24,-16.56
2025-03-24 18:14:49.898000+00:00,27.332236662556404,,,,26.188,-0.875,-1.688,23.0,-131.688,-0.75,2.562,-0.003,-0.013,-0.003,-0.62,0.33,9.32,-0.46,0.03,-0.47,-0.16,0.29,9.8,1.04,0.0,0.0,0.0,0.0,7.0,1016.99,67.24,-16.56
2025-03-24 18:14:50.940000+00:00,27.332236662556404,,,,26.188,-0.875,-1.688,23.0,-131.688,-0.75,2.562,-0.003,-0.013,-0.003,-0.62,0.33,9.32,-0.46,0.03,-0.47,-0.16,0.29,9.8,1.04,0.0,0.0,0.0,0.0,7.0,1016.99,67.24,-16.56
2025-03-24 18:14:51.985000+00:00,27.332236662556404,,,,26.188,-0.875,-1.688,23.0,-131.688,-0.75,2.562,-0.003,-0.013,-0.003,-0.62,0.33,9.32,-0.46,0.03,-0.47,-0.16,0.29,9.8,1.04,0.0,0.0,0.0,0.0,7.0,1016.99,67.24,-16.56
2025-03-24 18:14:52.928000+00:00,27.332236662556404,,,,26.188,-0.875,-1.688,23.0,-131.688,-0.75,2.562,-0.003,-0.013,-0.003,-0.62,0.33,9.32,-0.46,0.03,-0.47,-0.16,0.29,9.8,1.04,0.0,0.0,0.0,0.0,7.0,1016.99,67.24,-16.56
2025-03-24 18:14:53.885000+00:00,27.332236662556404,,,,26.188,-0.875,-1.688,23.0,-131.688,-0.75,2.562,-0.003,-0.013,-0.003,-0.62,0.33,9.32,-0.46,0.03,-0.47,-0.16,0.29,9.8,1.04,0.0,0.0,0.0,0.0,7.0,1016.99,67.24,-16.56
2025-03-24 18:14:55.018000+00:00,27.332236662556404,,,,26.188,-0.875,-1.688,23.0,-131.688,-0.75,2.562,-0.003,-0.013,-0.003,-0.62,0.33,9.32,-0.46,0.03,-0.47,-0.16,0.29,9.8,1.04,0.0,0.0,0.0,0.0,7.0,1016.99,67.24,-16.56
2025-03-24 18:14:56.174000+00:00,27.332236662556404,,,,26.188,-0.875,-1.688,23.0,-131.688,-0.75,2.562,-0.003,-0.013,-0.003,-0.62,0.33,9.32,-0.46,0.03,-0.47,-0.16,0.29,9.8,1.04,0.0,0.0,0.0,0.0,7.0,1016.99,67.24,-16.56
2025-03-24 18:14:57.314000+00:00,27.332236662556404,,,,26.188,-0.875,-1.688,23.0,-131.688,-0.75,2.562,-0.003,-0.013,-0.003,-0.62,0.33,9.32,-0.46,0.03,-0.47,-0.16,0.29,9.8,1.04,0.0,0.0,0.0,0.0,7.0,1016.99,67.24,-16.56
2025-03-24 18:14:58.834000+00:00,27.332236662556404,,,,26.188,-0.875,-1.688,23.0,-131.688,-0.75,2.562,-0.003,-0.013,-0.003,-0.62,0.33,9.32,-0.46,0.03,-0.47,-0.16,0.29,9.8,1.04,0.0,0.0,0.0,0.0,7.0,1016.99,67.24,-16.56
2025-03-24 18:14:59.845000+00:00,27.332236662556404,,,,26.188,-0.875,-1.688,23.0,-131.688,-0.75,2.562,-0.003,-0.013,-0.003,-0.62,0.33,9.32,-0.46,0.03,-0.47,-0.16,0.29,9.8,1.04,0.0,0.0,0.0,0.0,7.0,1016.99,67.24,-16.56
2025-03-24 18:15:00.874000+00:00,27.332236662556404,,,,26.188,-0.875,-1.688,23.0,-131.688,-0.75,2.562,-0.003,-0.013,-0.003,-0.62,0.33,9.32,-0.46,0.03,-0.47,-0.16,0.29,9.8,1.04,0.0,0.0,0.0,0.0,7.0,1016.99,67.24,-16.56
2025-03-24 18:15:01.949000+00:00,27.332236662556404,,,,26.188,-0.875,-1.688,23.0,-131.688,-0.75,2.562,-0.003,-0.013,-0.003,-0.62,0.33,9.32,-0.46,0.03,-0.47,-0.16,0.29,9.8,1.04,0.0,0.0,0.0,0.0,7.0,1016.99,67.24,-16.56
2025-03-24 18:15:03.048000+00:00,27.332236662556404,,,,26.188,-0.875,-1.688,23.0,-131.688,-0.75,2.562,-0.003,-0.013,-0.003,-0.62,0.33,9.32,-0.46,0.03,-0.47,-0.16,0.29,9.8,1.04,0.0,0.0,0.0,0.0,7.0,1016.99,67.24,-16.56
2025-03-24 18:15:04.179000+00:00,27.332236662556404,,,,26.188,-0.875,-1.688,23.0,-131.688,-0.75,2.562,-0.003,-0.013,-0.003,-0.62,0.33,9.32,-0.46,0.03,-0.47,-0.16,0.29,9.8,1.04,0.0,0.0,0.0,0.0,7.0,1016.99,67.24,-16.56
2025-03-24 18:15:05.334000+00:00,27.332236662556404,,,,26.188,-0.875,-1.688,23.0,-131.688,-0.75,2.562,-0.003,-0.013,-0.003,-0.62,0.33,9.32,-0.46,0.03,-0.47,-0.16,0.29,9.8,1.04,0.0,0.0,0.0,0.0,7.0,1016.99,67.24,-16.56
2025-03-24 18:15:06.500000+00:00,27.332236662556404,,,,26.188,-0.875,-1.688,23.0,-131.688,-0.75,2.562,-0.003,-0.013,-0.003,-0.62,0.33,9.32,-0.46,0.03,-0.47,-0.16,0.29,9.8,1.04,0.0,0.0,0.0,0.0,7.0,1016.99,67.24,-16.56
2025-03-24 18:15:07.918000+00:00,27.332236662556404,,,,26.188,-0.875,-1.688,23.0,-131.688,-0.75,2.562,-0.003,-0.013,-0.003,-0.62,0.33,9.32,-0.46,0.03,-0.47,-0.16,0.29,9.8,1.04,0.0,0.0,0.0,0.0,7.0,1016.99,67.24,-16.56
2025-03-24 18:15:08.619000+00:00,27.332236662556404,,,,26.188,-0.875,-1.688,23.0,-131.688,-0.75,2.562,-0.003,-0.013,-0.003,-0.62,0.33,9.32,-0.46,0.03,-0.47,-0.16,0.29,9.8,1.04,0.0,0.0,0.0,0.0,7.0,1016.99,67.24,-16.56
2025-03-24 18:15:10.009000+00:00,27.332236662556404,,,,26.188,-0.875,-1.688,23.0,-131.688,-0.75,2.562,-0.003,-0.013,-0.003,-0.62,0.33,9.32,-0.46,0.03,-0.47,-0.16,0.29,9.8,1.04,0.0,0.0,0.0,0.0,7.0,1016.99,67.24,-16.56
2025-03-24 18:15:11.148000+00:00,27.332236662556404,,,,26.188,-0.875,-1.688,23.0,-131.688,-0.75,2.562,-0.003,-0.013,-0.003,-0.62,0.33,9.32,-0.46,0.03,-0.47,-0.16,0.29,9.8,1.04,0.0,0.0,0.0,0.0,7.0,1016.99,67.24,-16.56
2025-03-24 18:15:12.196000+00:00,27.332236662556404,,,,26.188,-0.875,-1.688,23.0,-131.688,-0.75,2.562,-0.003,-0.013,-0.003,-0.62,0.33,9.32,-0.46,0.03,-0.47,-0.16,0.29,9.8,1.04,0.0,0.0,0.0,0.0,7.0,1016.99,67.24,-16.56
2025-03-24 18:15:13.343000+00:00,27.332236662556404,,,,26.188,-0.875,-1.688,23.0,-131.688,-0.75,2.562,-0.003,-0.013,-0.003,-0.62,0.33,9.32,-0.46,0.03,-0.47,-0.16,0.29,9.8,1.04,0.0,0.0,0.0,0.0,7.0,1016.99,67.24,-16.56
2025-03-24 18:15:14.528000+00:00,27.332236662556404,,,,26.188,-0.875,-1.688,23.0,-131.688,-0.75,2.562,-0.003,-0.013,-0.003,-0.62,0.33,9.32,-0.46,0.03,-0.47,-0.16,0.29,9.8,1.04,0.0,0.0,0.0,0.0,7.0,1016.99,67.24,-16.56
2025-03-24 18:15:15.548000+00:00,27.332236662556404,,,,26.188,-0.875,-1.688,23.0,-131.688,-0.75,2.562,-0.003,-0.013,-0.003,-0.62,0.33,9.32,-0.46,0.03,-0.47,-0.16,0.29,9.8,1.04,0.0,0.0,0.0,0.0,7.0,1016.99,67.24,-16.56
2025-03-24 18:15:16.990000+00:00,27.332236662556404,,,,26.188,-0.875,-1.688,23.0,-131.688,-0.75,2.562,-0.003,-0.013,-0.003,-0.62,0.33,9.32,-0.46,0.03,-0.47,-0.16,0.29,9.8,1.04,0.0,0.0,0.0,0.0,7.0,1016.99,67.24,-16.56
2025-03-24 18:15:17.987000+00:00,27.332236662556404,,,,26.188,-0.875,-1.688,23.0,-131.688,-0.75,2.562,-0.003,-0.013,-0.003,-0.62,0.33,9.32,-0.46,0.03,-0.47,-0.16,0.29,9.8,1.04,0.0,0.0,0.0,0.0,7.0,1016.99,67.24,-16.56
2025-03-24 18:15:18.998000+00:00,27.332236662556404,,,,26.188,-0.875,-1.688,23.0,-131.688,-0.75,2.562,-0.003,-0.013,-0.003,-0.62,0.33,9.32,-0.46,0.03,-0.47,-0.16,0.29,9.8,1.04,0.0,0.0,0.0,0.0,7.0,1016.99,67.24,-16.56
2025-03-24 18:15:20.048000+00:00,27.332236662556404,,,,26.188,-0.875,-1.688,23.0,-131.688,-0.75,2.562,-0.003,-0.013,-0.003,-0.62,0.33,9.32,-0.46,0.03,-0.47,-0.16,0.29,9.8,1.04,0.0,0.0,0.0,0.0,7.0,1016.99,67.24,-16.56
2025-03-24 18:15:21.039000+00:00,27.332236662556404,,,,26.188,-0.875,-1.688,23.0,-131.688,-0.75,2.562,-0.003,-0.013,-0.003,-0.62,0.33,9.32,-0.46,0.03,-0.47,-0.16,0.29,9.8,1.04,0.0,0.0,0.0,0.0,7.0,1016.99,67.24,-16.56
2025-03-24 18:15:22.106000+00:00,27.332236662556404,,,,26.188,-0.875,-1.688,23.0,-131.688,-0.75,2.562,-0.003,-0.013,-0.003,-0.62,0.33,9.32,-0.46,0.03,-0.47,-0.16,0.29,9.8,1.04,0.0,0.0,0.0,0.0,7.0,1016.99,67.24,-16.56
2025-03-24 18:15:23.143000+00:00,27.332236662556404,,,,26.188,-0.875,-1.688,23.0,-131.688,-0.75,2.562,-0.003,-0.013,-0.003,-0.62,0.33,9.32,-0.46,0.03,-0.47,-0.16,0.29,9.8,1.04,0.0,0.0,0.0,0.0,7.0,1016.99,67.24,-16.56
2025-03-24 18:15:24.289000+00:00,27.332236662556404,,,,26.188,-0.875,-1.688,23.0,-131.688,-0.75,2.562,-0.003,-0.013,-0.003,-0.62,0.33,9.32,-0.46,0.03,-0.47,-0.16,0.29,9.8,1.04,0.0,0.0,0.0,0.0,7.0,1016.99,67.24,-16.56
2025-03-24 18:15:25.577000+00:00,27.332236662556404,,,,26.188,-0.875,-1.688,23.0,-131.688,-0.75,2.562,-0.003,-0.013,-0.003,-0.62,0.33,9.32,-0.46,0.03,-0.47,-0.16,0.29,9.8,1.04,0.0,0.0,0.0,0.0,7.0,1016.99,67.24,-16.56
2025-03-24 18:14:27.819000+00:00,27.332236662556404,,,,26.188,-0.875,-1.688,23.0,-131.688,-0.75,2.562,-0.003,-0.013,-0.003,-0.62,0.33,9.32,-0.46,0.03,-0.47,-0.16,0.29,9.8,1.04,0.0,0.0,0.0,0.0,7.0,1016.99,67.24,-16.56
2025-03-24 18:14:28.836000+00:00,27.332236662556404,,,,26.188,-0.875,-1.688,23.0,-131.688,-0.75,2.562,-0.003,-0.013,-0.003,-0.62,0.33,9.32,-0.46,0.03,-0.47,-0.16,0.29,9.8,1.04,0.0,0.0,0.0,0.0,7.0,1016.99,67.24,-16.56
2025-03-24 18:14:29.879000+00:00,27.332236662556404,,,,26.188,-0.875,-1.688,23.0,-131.688,-0.75,2.562,-0.003,-0.013,-0.003,-0.62,0.33,9.32,-0.46,0.03,-0.47,-0.16,0.29,9.8,1.04,0.0,0.0,0.0,0.0,7.0,1016.99,67.24,-16.56
2025-03-24 18:14:30.922000+00:00,27.332236662556404,,,,26.188,-0.875,-1.688,23.0,-131.688,-0.75,2.562,-0.003,-0.013,-0.003,-0.62,0.33,9.32,-0.46,0.03,-0.47,-0.16,0.29,9.8,1.04,0.0,0.0,0.0,0.0,7.0,1016.99,67.24,-16.56
2025-03-24 18:14:32.009000+00:00,27.332236662556404,,,,26.188,-0.875,-1.688,23.0,-131.688,-0.75,2.562,-0.003,-0.013,-0.003,-0.62,0.33,9.32,-0.46,0.03,-0.47,-0.16,0.29,9.8,1.04,0.0,0.0,0.0,0.0,7.0,1016.99,67.24,-16.56
2025-03-24 18:14:33.146000+00:00,27.332236662556404,,,,26.188,-0.875,-1.688,23.0,-131.688,-0.75,2.562,-0.003,-0.013,-0.003,-0.62,0.33,9.32,-0.46,0.03,-0.47,-0.16,0.29,9.8,1.04,0.0,0.0,0.0,0.0,7.0,1016.99,67.24,-16.56
2025-03-24 18:14:34.010000+00:00,27.332236662556404,,,,26.188,-0.875,-1.688,23.0,-131.688,-0.75,2.562,-0.003,-0.013,-0.003,-0.62,0.33,9.32,-0.46,0.03,-0.47,-0.16,0.29,9.8,1.04,0.0,0.0,0.0,0.0,7.0,1016.99,67.24,-16.56
2025-03-24 18:14:35.156000+00:00,27.332236662556404,,,,26.188,-0.875,-1.688,23.0,-131.688,-0.75,2.562,-0.003,-0.013,-0.003,-0.62,0.33,9.32,-0.46,0.03,-0.47,-0.16,0.29,9.8,1.04,0.0,0.0,0.0,0.0,7.0,1016.99,67.24,-16.56
2025-03-24 18:14:36.299000+00:00,27.332236662556404,,,,26.188,-0.875,-1.688,23.0,-131.688,-0.75,2.562,-0.003,-0.013,-0.003,-0.62,0.33,9.32,-0.46,0.03,-0.47,-0.16,0.29,9.8,1.04,0.0,0.0,0.0,0.0,7.0,1016.99,67.24,-16.56
2025-03-24 18:14:37.354000+00:00,27.332236662556404,,,,26.188,-0.875,-1.688,23.0,-131.688,-0.75,2.562,-0.003,-0.013,-0.003,-0.62,0.33,9.32,-0.46,0.03,-0.47,-0.16,0.29,9.8,1.04,0.0,0.0,0.0,0.0,7.0,1016.99,67.24,-16.56
2025-03-24 18:14:38.962000+00:00,27.332236662556404,,,,26.188,-0.875,-1.688,23.0,-131.688,-0.75,2.562,-0.003,-0.013,-0.003,-0.62,0.33,9.32,-0.46,0.03,-0.47,-0.16,0.29,9.8,1.04,0.0,0.0,0.0,0.0,7.0,1016.99,67.24,-16.56
2025-03-24 18:14:40.035000+00:00,27.332236662556404,,,,26.188,-0.875,-1.688,23.0,-131.688,-0.75,2.562,-0.003,-0.013,-0.003,-0.62,0.33,9.32,-0.46,0.03,-0.47,-0.16,0.29,9.8,1.04,0.0,0.0,0.0,0.0,7.0,1016.97,67.24,-16.56
2025-03-24 18:14:41.169000+00:00,27.332236662556404,,,,26.188,-0.875,-1.688,23.0,-131.688,-0.75,2.562,-0.003,-0.013,-0.003,-0.62,0.33,9.32,-0.46,0.03,-0.47,-0.16,0.29,9.8,1.04,0.0,0.0,0.0,0.0,7.0,1016.97,67.24,-16.56
2025-03-24 18:14:42.309000+00:00,27.332236662556404,,,,26.188,-0.875,-1.688,23.0,-131.688,-0.75,2.562,-0.003,-0.013,-0.003,-0.62,0.33,9.32,-0.46,0.03,-0.47,-0.16,0.29,9.8,1.04,0.0,0.0,0.0,0.0,7.0,1016.97,67.24,-16.56
2025-03-24 18:14:43.925000+00:00,27.332236662556404,,,,26.188,-0.875,-1.688,23.0,-131.688,-0.75,2.562,-0.003,-0.013,-0.003,-0.62,0.33,9.32,-0.46,0.03,-0.47,-0.16,0.29,9.8,1.04,0.0,0.0,0.0,0.0,7.0,1016.97,67.24,-16.56
2025-03-24 18:14:44.999000+00:00,27.332236662556404,,,,26.188,-0.875,-1.688,23.0,-131.688,-0.75,2.562,-0.003,-0.013,-0.003,-0.62,0.33,9.32,-0.46,0.03,-0.47,-0.16,0.29,9.8,1.04,0.0,0.0,0.0,0.0,7.0,1016.97,67.24,-16.56
2025-03-24 18:14:45.939000+00:00,27.332236662556404,,,,26.188,-0.875,-1.688,23.0,-131.688,-0.75,2.562,-0.003,-0.013,-0.003,-0.62,0.33,9.32,-0.46,0.03,-0.47,-0.16,0.29,9.8,1.04,0.0,0.0,0.0,0.0,7.0,1016.97,67.24,-16.56
2025-03-24 18:14:46.989000+00:00,27.332236662556404,,,,26.188,-0.875,-1.688,23.0,-131.688,-0.75,2.562,-0.003,-0.013,-0.003,-0.62,0.33,9.32,-0.46,0.03,-0.47,-0.16,0.29,9.8,1.04,0.0,0.0,0.0,0.0,7.0,1016.97,67.24,-16.56
2025-03-24 18:14:47.998000+00:00,27.332236662556404,,,,26.188,-0.875,-1.688,23.0,-131.688,-0.75,2.562,-0.003,-0.013,-0.003,-0.62,0.33,9.32,-0.46,0.03,-0.47,-0.16,0.29,9.8,1.04,0.0,0.0,0.0,0.0,7.0,1016.97,67.24,-16.56
2025-03-24 18:14:48.963000+00:00,27.332236662556404,,,,26.188,-0.875,-1.688,23.0,-131.688,-0.75,2.562,-0.003,-0.013,-0.003,-0.62,0.33,9.32,-0.46,0.03,-0.47,-0.16,0.29,9.8,1.04,0.0,0.0,0.0,0.0,7.0,1016.97,67.24,-16.56
2025-03-24 18:14:50.048000+00:00,27.332236662556404,,,,26.188,-0.875,-1.688,23.0,-131.688,-0.75,2.562,-0.003,-0.013,-0.003,-0.62,0.33,9.32,-0.46,0.03,-0.47,-0.16,0.29,9.8,1.04,0.0,0.0,0.0,0.0,7.0,1016.97,67.24,-16.56
2025-03-24 18:14:51.094000+00:00,27.332236662556404,,,,26.188,-0.875,-1.688,23.0,-131.688,-0.75,2.562,-0.003,-0.013,-0.003,-0.62,0.33,9.32,-0.46,0.03,-0.47,-0.16,0.29,9.8,1.04,0.0,0.0,0.0,0.0,7.0,1016.97,67.24,-16.56
2025-03-24 18:14:52.137000+00:00,27.332236662556404,,,,26.188,-0.875,-1.688,23.0,-131.688,-0.75,2.562,-0.003,-0.013,-0.003,-0.62,0.33,9.32,-0.46,0.03,-0.47,-0.16,0.29,9.8,1.04,0.0,0.0,0.0,0.0,7.0,1016.97,67.24,-16.56
2025-03-24 18:14:53.097000+00:00,27.332236662556404,,,,26.188,-0.875,-1.688,23.0,-131.688,-0.75,2.562,-0.003,-0.013,-0.003,-0.62,0.33,9.32,-0.46,0.03,-0.47,-0.16,0.29,9.8,1.04,0.0,0.0,0.0,0.0,7.0,1016.97,67.24,-16.56
2025-03-24 18:14:54.058000+00:00,27.332236662556404,,,,26.188,-0.875,-1.688,23.0,-131.688,-0.75,2.562,-0.003,-0.013,-0.003,-0.62,0.33,9.32,-0.46,0.03,-0.47,-0.16,0.29,9.8,1.04,0.0,0.0,0.0,0.0,7.0,1016.97,67.24,-16.56
2025-03-24 18:14:55.168000+00:00,27.332236662556404,,,,26.188,-0.875,-1.688,23.0,-131.688,-0.75,2.562,-0.003,-0.013,-0.003,-0.62,0.33,9.32,-0.46,0.03,-0.47,-0.16,0.29,9.8,1.04,0.0,0.0,0.0,0.0,7.0,1016.97,67.24,-16.56
2025-03-24 18:14:56.318000+00:00,27.332236662556404,,,,26.188,-0.875,-1.688,23.0,-131.688,-0.75,2.562,-0.003,-0.013,-0.003,-0.62,0.33,9.32,-0.46,0.03,-0.47,-0.16,0.29,9.8,1.04,0.0,0.0,0.0,0.0,7.0,1016.97,67.24,-16.56
2025-03-24 18:14:57.468000+00:00,27.332236662556404,,,,26.188,-0.875,-1.688,23.0,-131.688,-0.75,2.562,-0.003,-0.013,-0.003,-0.62,0.33,9.32,-0.46,0.03,-0.47,-0.16,0.29,9.8,1.04,0.0,0.0,0.0,0.0,7.0,1016.97,67.24,-16.56
2025-03-24 18:14:58.997000+00:00,27.332236662556404,,,,26.188,-0.875,-1.688,23.0,-131.688,-0.75,2.562,-0.003,-0.013,-0.003,-0.62,0.33,9.32,-0.46,0.03,-0.47,-0.16,0.29,9.8,1.04,0.0,0.0,0.0,0.0,7.0,1016.97,67.24,-16.56
2025-03-24 18:15:00.015000+00:00,27.332236662556404,,,,26.188,-0.875,-1.688,23.0,-131.688,-0.75,2.562,-0.003,-0.013,-0.003,-0.62,0.33,9.32,-0.46,0.03,-0.47,-0.16,0.29,9.8,1.04,0.0,0.0,0.0,0.0,7.0,1016.97,67.24,-16.56
2025-03-24 18:15:01.025000+00:00,27.332236662556404,,,,26.188,-0.875,-1.688,23.0,-131.688,-0.75,2.562,-0.003,-0.013,-0.003,-0.62,0.33,9.32,-0.46,0.03,-0.47,-0.16,0.29,9.8,1.04,0.0,0.0,0.0,0.0,7.0,1016.97,67.24,-16.56
2025-03-24 18:15:02.118000+00:00,27.332236662556404,,,,26.188,-0.875,-1.688,23.0,-131.688,-0.75,2.562,-0.003,-0.013,-0.003,-0.62,0.33,9.32,-0.46,0.03,-0.47,-0.16,0.29,9.8,1.04,0.0,0.0,0.0,0.0,7.0,1016.97,67.24,-16.56
2025-03-24 18:15:03.225000+00:00,27.332236662556404,,,,26.188,-0.875,-1.688,23.0,-131.688,-0.75,2.562,-0.003,-0.013,-0.003,-0.62,0.33,9.32,-0.46,0.03,-0.47,-0.16,0.29,9.8,1.04,0.0,0.0,0.0,0.0,7.0,1016.97,67.24,-16.56
2025-03-24 18:15:04.329000+00:00,27.332236662556404,,,,26.188,-0.875,-1.688,23.0,-131.688,-0.75,2.562,-0.003,-0.013,-0.003,-0.62,0.33,9.32,-0.46,0.03,-0.47,-0.16,0.29,9.8,1.04,0.0,0.0,0.0,0.0,7.0,1016.97,67.24,-16.56
2025-03-24 18:15:05.479000+00:00,27.332236662556404,,,,26.188,-0.875,-1.688,23.0,-131.688,-0.75,2.562,-0.003,-0.013,-0.003,-0.62,0.33,9.32,-0.46,0.03,-0.47,-0.16,0.29,9.8,1.04,0.0,0.0,0.0,0.0,7.0,1016.97,67.24,-16.56
2025-03-24 18:15:06.650000+00:00,27.332236662556404,,,,26.188,-0.875,-1.688,23.0,-131.688,-0.75,2.562,-0.003,-0.013,-0.003,-0.62,0.33,9.32,-0.46,0.03,-0.47,-0.16,0.29,9.8,1.04,0.0,0.0,0.0,0.0,7.0,1016.97,67.24,-16.56
2025-03-24 18:15:08.085000+00:00,27.332236662556404,,,,26.188,-0.875,-1.688,23.0,-131.688,-0.75,2.562,-0.003,-0.013,-0.003,-0.62,0.33,9.32,-0.46,0.03,-0.47,-0.16,0.29,9.8,1.04,0.0,0.0,0.0,0.0,7.0,1016.97,67.24,-16.56
2025-03-24 18:15:08.769000+00:00,27.332236662556404,,,,26.188,-0.875,-1.688,23.0,-131.688,-0.75,2.562,-0.003,-0.013,-0.003,-0.62,0.33,9.32,-0.46,0.03,-0.47,-0.16,0.29,9.8,1.04,0.0,0.0,0.0,0.0,7.0,1016.97,67.24,-16.56
2025-03-24 18:15:10.164000+00:00,27.332236662556404,,,,26.188,-0.875,-1.688,23.0,-131.688,-0.75,2.562,-0.003,-0.013,-0.003,-0.62,0.33,9.32,-0.46,0.03,-0.47,-0.16,0.29,9.8,1.04,0.0,0.0,0.0,0.0,7.0,1017.02,67.24,-16.56
2025-03-24 18:15:11.297000+00:00,27.332236662556404,,,,26.188,-0.875,-1.688,23.0,-131.688,-0.75,2.562,-0.003,-0.013,-0.003,-0.62,0.33,9.32,-0.46,0.03,-0.47,-0.16,0.29,9.8,1.04,0.0,0.0,0.0,0.0,7.0,1017.02,67.24,-16.56
2025-03-24 18:15:12.347000+00:00,27.332236662556404,,,,26.188,-0.875,-1.688,23.0,-131.688,-0.75,2.562,-0.003,-0.013,-0.003,-0.62,0.33,9.32,-0.46,0.03,-0.47,-0.16,0.29,9.8,1.04,0.0,0.0,0.0,0.0,7.0,1017.02,67.24,-16.56
2025-03-24 18:15:13.493000+00:00,27.332236662556404,,,,26.188,-0.875,-1.688,23.0,-131.688,-0.75,2.562,-0.003,-0.013,-0.003,-0.62,0.33,9.32,-0.46,0.03,-0.47,-0.16,0.29,9.8,1.04,0.0,0.0,0.0,0.0,7.0,1017.02,67.24,-16.56
2025-03-24 18:15:14.678000+00:00,27.332236662556404,,,,26.188,-0.875,-1.688,23.0,-131.688,-0.75,2.562,-0.003,-0.013,-0.003,-0.62,0.33,9.32,-0.46,0.03,-0.47,-0.16,0.29,9.8,1.04,0.0,0.0,0.0,0.0,7.0,1017.02,67.24,-16.56
2025-03-24 18:15:15.713000+00:00,27.332236662556404,,,,26.188,-0.875,-1.688,23.0,-131.688,-0.75,2.562,-0.003,-0.013,-0.003,-0.62,0.33,9.32,-0.46,0.03,-0.47,-0.16,0.29,9.8,1.04,0.0,0.0,0.0,0.0,7.0,1017.02,67.24,-16.56
2025-03-24 18:15:17.139000+00:00,27.332236662556404,,,,26.188,-0.875,-1.688,23.0,-131.688,-0.75,2.562,-0.003,-0.013,-0.003,-0.62,0.33,9.32,-0.46,0.03,-0.47,-0.16,0.29,9.8,1.04,0.0,0.0,0.0,0.0,7.0,1017.02,67.24,-16.56
2025-03-24 18:15:18.149000+00:00,27.332236662556404,,,,26.188,-0.875,-1.688,23.0,-131.688,-0.75,2.562,-0.003,-0.013,-0.003,-0.62,0.33,9.32,-0.46,0.03,-0.47,-0.16,0.29,9.8,1.04,0.0,0.0,0.0,0.0,7.0,1017.02,67.24,-16.56
2025-03-24 18:15:19.154000+00:00,27.332236662556404,,,,26.188,-0.875,-1.688,23.0,-131.688,-0.75,2.562,-0.003,-0.013,-0.003,-0.62,0.33,9.32,-0.46,0.03,-0.47,-0.16,0.29,9.8,1.04,0.0,0.0,0.0,0.0,7.0,1017.02,67.24,-16.56
2025-03-24 18:15:20.217000+00:00,27.332236662556404,,,,26.188,-0.875,-1.688,23.0,-131.688,-0.75,2.562,-0.003,-0.013,-0.003,-0.62,0.33,9.32,-0.46,0.03,-0.47,-0.16,0.29,9.8,1.04,0.0,0.0,0.0,0.0,7.0,1017.02,67.24,-16.56
2025-03-24 18:15:21.187000+00:00,27.332236662556404,,,,26.188,-0.875,-1.688,23.0,-131.688,-0.75,2.562,-0.003,-0.013,-0.003,-0.62,0.33,9.32,-0.46,0.03,-0.47,-0.16,0.29,9.8,1.04,0.0,0.0,0.0,0.0,7.0,1017.02,67.24,-16.56
2025-03-24 18:15:22.258000+00:00,27.332236662556404,,,,26.188,-0.875,-1.688,23.0,-131.688,-0.75,2.562,-0.003,-0.013,-0.003,-0.62,0.33,9.32,-0.46,0.03,-0.47,-0.16,0.29,9.8,1.04,0.0,0.0,0.0,0.0,7.0,1017.02,67.24,-16.56
2025-03-24 18:15:23.317000+00:00,27.332236662556404,,,,26.188,-0.875,-1.688,23.0,-131.688,-0.75,2.562,-0.003,-0.013,-0.003,-0.62,0.33,9.32,-0.46,0.03,-0.47,-0.16,0.29,9.8,1.04,0.0,0.0,0.0,0.0,7.0,1017.02,67.24,-16.56
2025-03-24 18:15:24.437000+00:00,27.332236662556404,,,,26.188,-0.875,-1.688,23.0,-131.688,-0.75,2.562,-0.003,-0.013,-0.003,-0.62,0.33,9.32,-0.46,0.03,-0.47,-0.16,0.29,9.8,1.04,0.0,0.0,0.0,0.0,7.0,1017.02,67.24,-16.56
2025-03-24 18:15:25.747000+00:00,27.332236662556404,,,,26.188,-0.875,-1.688,23.0,-131.688,-0.75,2.562,-0.003,-0.013,-0.003,-0.62,0.33,9.32,-0.46,0.03,-0.47,-0.16,0.29,9.8,1.04,0.0,0.0,0.0,0.0,7.0,1017.02,67.24,-16.56
2025-03-24 18:14:27.767000+00:00,27.332236662556404,,,,26.188,-0.875,-1.688,23.0,-131.688,-0.75,2.562,-0.003,-0.013,-0.003,-0.62,0.33,9.32,-0.46,0.03,-0.47,-0.16,0.29,9.8,1.04,0.0,0.0,0.0,0.0,7.0,1017.02,67.24,-16.56
2025-03-24 18:14:28.783000+00:00,27.332236662556404,,,,26.188,-0.875,-1.688,23.0,-131.688,-0.75,2.562,-0.003,-0.013,-0.003,-0.62,0.33,9.32,-0.46,0.03,-0.47,-0.16,0.29,9.8,1.04,0.0,0.0,0.0,0.0,7.0,1017.02,67.24,-16.56
2025-03-24 18:14:29.834000+00:00,27.332236662556404,,,,26.188,-0.875,-1.688,23.0,-131.688,-0.75,2.562,-0.003,-0.013,-0.003,-0.62,0.33,9.32,-0.46,0.03,-0.47,-0.16,0.29,9.8,1.04,0.0,0.0,0.0,0.0,7.0,1017.02,67.24,-16.56
2025-03-24 18:14:30.866000+00:00,27.332236662556404,,,,26.188,-0.875,-1.688,23.0,-131.688,-0.75,2.562,-0.003,-0.013,-0.003,-0.62,0.33,9.32,-0.46,0.03,-0.47,-0.16,0.29,9.8,1.04,0.0,0.0,0.0,0.0,7.0,1017.02,67.24,-16.56
2025-03-24 18:14:31.959000+00:00,27.332236662556404,,,,26.188,-0.875,-1.688,23.0,-131.688,-0.75,2.562,-0.003,-0.013,-0.003,-0.62,0.33,9.32,-0.46,0.03,-0.47,-0.16,0.29,9.8,1.04,0.0,0.0,0.0,0.0,7.0,1017.02,67.24,-16.56
2025-03-24 18:14:33.094000+00:00,27.332236662556404,,,,26.188,-0.875,-1.688,23.0,-131.688,-0.75,2.562,-0.003,-0.013,-0.003,-0.62,0.33,9.32,-0.46,0.03,-0.47,-0.16,0.29,9.8,1.04,0.0,0.0,0.0,0.0,7.0,1017.02,67.24,-16.56
2025-03-24 18:14:33.956000+00:00,27.332236662556404,,,,26.188,-0.875,-1.688,23.0,-131.688,-0.75,2.562,-0.003,-0.013,-0.003,-0.62,0.33,9.32,-0.46,0.03,-0.47,-0.16,0.29,9.8,1.04,0.0,0.0,0.0,0.0,7.0,1017.02,67.24,-16.56
2025-03-24 18:14:35.104000+00:00,27.332236662556404,,,,26.188,-0.875,-1.688,23.0,-131.688,-0.75,2.562,-0.003,-0.013,-0.003,-0.62,0.33,9.32,-0.46,0.03,-0.47,-0.16,0.29,9.8,1.04,0.0,0.0,0.0,0.0,7.0,1017.02,67.24,-16.56
2025-03-24 18:14:36.250000+00:00,27.332236662556404,,,,26.188,-0.875,-1.688,23.0,-131.688,-0.75,2.562,-0.003,-0.013,-0.003,-0.62,0.33,9.32,-0.46,0.03,-0.47,-0.16,0.29,9.8,1.04,0.0,0.0,0.0,0.0,7.0,1017.02,67.24,-16.56
2025-03-24 18:14:37.296000+00:00,27.332236662556404,,,,26.188,-0.875,-1.688,23.0,-131.688,-0.75,2.562,-0.003,-0.013,-0.003,-0.62,0.33,9.32,-0.46,0.03,-0.47,-0.16,0.29,9.8,1.04,0.0,0.0,0.0,0.0,7.0,1017.02,67.24,-16.56
2025-03-24 18:14:38.905000+00:00,27.332236662556404,,,,26.188,-0.875,-1.688,23.0,-131.688,-0.75,2.562,-0.003,-0.013,-0.003,-0.62,0.33,9.32,-0.46,0.03,-0.47,-0.16,0.29,9.8,1.04,0.0,0.0,0.0,0.0,7.0,1017.02,67.24,-16.56
2025-03-24 18:14:39.975000+00:00,27.332236662556404,,,,26.188,-0.875,-1.688,23.0,-131.688,-0.75,2.562,-0.003,-0.013,-0.003,-0.62,0.33,9.32,-0.46,0.03,-0.47,-0.16,0.29,9.8,1.04,0.0,0.0,0.0,0.0,7.0,1017.02,67.25,-16.56
2025-03-24 18:14:41.121000+00:00,27.332236662556404,,,,26.188,-0.875,-1.688,23.0,-131.688,-0.75,2.562,-0.003,-0.013,-0.003,-0.62,0.33,9.32,-0.46,0.03,-0.47,-0.16,0.29,9.8,1.04,0.0,0.0,0.0,0.0,7.0,1017.02,67.25,-16.56
2025-03-24 18:14:42.259000+00:00,27.332236662556404,,,,26.188,-0.875,-1.688,23.0,-131.688,-0.75,2.562,-0.003,-0.013,-0.003,-0.62,0.33,9.32,-0.46,0.03,-0.47,-0.16,0.29,9.8,1.04,0.0,0.0,0.0,0.0,7.0,1017.02,67.25,-16.56
2025-03-24 18:14:43.868000+00:00,27.332236662556404,,,,26.188,-0.875,-1.688,23.0,-131.688,-0.75,2.562,-0.003,-0.013,-0.003,-0.62,0.33,9.32,-0.46,0.03,-0.47,-0.16,0.29,9.8,1.04,0.0,0.0,0.0,0.0,7.0,1017.02,67.25,-16.56
2025-03-24 18:14:44.949000+00:00,27.332236662556404,,,,26.188,-0.875,-1.688,23.0,-131.688,-0.75,2.562,-0.003,-0.013,-0.003,-0.62,0.33,9.32,-0.46,0.03,-0.47,-0.16,0.29,9.8,1.04,0.0,0.0,0.0,0.0,7.0,1017.02,67.25,-16.56
2025-03-24 18:14:45.888000+00:00,27.332236662556404,,,,26.188,-0.875,-1.688,23.0,-131.688,-0.75,2.562,-0.003,-0.013,-0.003,-0.62,0.33,9.32,-0.46,0.03,-0.47,-0.16,0.29,9.8,1.04,0.0,0.0,0.0,0.0,7.0,1017.02,67.25,-16.56
2025-03-24 18:14:46.944000+00:00,27.332236662556404,,,,26.188,-0.875,-1.688,23.0,-131.688,-0.75,2.562,-0.003,-0.013,-0.003,-0.62,0.33,9.32,-0.46,0.03,-0.47,-0.16,0.29,9.8,1.04,0.0,0.0,0.0,0.0,7.0,1017.02,67.25,-16.56
2025-03-24 18:14:47.938000+00:00,27.332236662556404,,,,26.188,-0.875,-1.688,23.0,-131.688,-0.75,2.562,-0.003,-0.013,-0.003,-0.62,0.33,9.32,-0.46,0.03,-0.47,-0.16,0.29,9.8,1.04,0.0,0.0,0.0,0.0,7.0,1017.02,67.25,-16.56
2025-03-24 18:14:48.908000+00:00,27.332236662556404,,,,26.188,-0.875,-1.688,23.0,-131.688,-0.75,2.562,-0.003,-0.013,-0.003,-0.62,0.33,9.32,-0.46,0.03,-0.47,-0.16,0.29,9.8,1.04,0.0,0.0,0.0,0.0,7.0,1017.02,67.25,-16.56
2025-03-24 18:14:49.999000+00:00,27.332236662556404,,,,26.188,-0.875,-1.688,23.0,-131.688,-0.75,2.562,-0.003,-0.013,-0.003,-0.62,0.33,9.32,-0.46,0.03,-0.47,-0.16,0.29,9.8,1.04,0.0,0.0,0.0,0.0,7.0,1017.02,67.25,-16.56
2025-03-24 18:14:51.038000+00:00,27.332236662556404,,,,26.188,-0.875,-1.688,23.0,-131.688,-0.75,2.562,-0.003,-0.013,-0.003,-0.62,0.33,9.32,-0.46,0.03,-0.47,-0.16,0.29,9.8,1.04,0.0,0.0,0.0,0.0,7.0,1017.02,67.25,-16.56
2025-03-24 18:14:52.087000+00:00,27.332236662556404,,,,26.188,-0.875,-1.688,23.0,-131.688,-0.75,2.562,-0.003,-0.013,-0.003,-0.62,0.33,9.32,-0.46,0.03,-0.47,-0.16,0.29,9.8,1.04,0.0,0.0,0.0,0.0,7.0,1017.02,67.25,-16.56
2025-03-24 18:14:53.038000+00:00,27.332236662556404,,,,26.188,-0.875,-1.688,23.0,-131.688,-0.75,2.562,-0.003,-0.013,-0.003,-0.62,0.33,9.32,-0.46,0.03,-0.47,-0.16,0.29,9.8,1.04,0.0,0.0,0.0,0.0,7.0,1017.02,67.25,-16.56
2025-03-24 18:14:54.004000+00:00,27.332236662556404,,,,26.188,-0.875,-1.688,23.0,-131.688,-0.75,2.562,-0.003,-0.013,-0.003,-0.62,0.33,9.32,-0.46,0.03,-0.47,-0.16,0.29,9.8,1.04,0.0,0.0,0.0,0.0,7.0,1017.02,67.25,-16.56
2025-03-24 18:14:55.118000+00:00,27.332236662556404,,,,26.188,-0.875,-1.688,23.0,-131.688,-0.75,2.562,-0.003,-0.013,-0.003,-0.62,0.33,9.32,-0.46,0.03,-0.47,-0.16,0.29,9.8,1.04,0.0,0.0,0.0,0.0,7.0,1017.02,67.25,-16.56
2025-03-24 18:14:56.269000+00:00,27.332236662556404,,,,26.188,-0.875,-1.688,23.0,-131.688,-0.75,2.562,-0.003,-0.013,-0.003,-0.62,0.33,9.32,-0.46,0.03,-0.47,-0.16,0.29,9.8,1.04,0.0,0.0,0.0,0.0,7.0,1017.02,67.25,-16.56
2025-03-24 18:14:57.418000+00:00,27.332236662556404,,,,26.188,-0.875,-1.688,23.0,-131.688,-0.75,2.562,-0.003,-0.013,-0.003,-0.62,0.33,9.32,-0.46,0.03,-0.47,-0.16,0.29,9.8,1.04,0.0,0.0,0.0,0.0,7.0,1017.02,67.25,-16.56
2025-03-24 18:14:58.947000+00:00,27.332236662556404,,,,26.188,-0.875,-1.688,23.0,-131.688,-0.75,2.562,-0.003,-0.013,-0.003,-0.62,0.33,9.32,-0.46,0.03,-0.47,-0.16,0.29,9.8,1.04,0.0,0.0,0.0,0.0,7.0,1017.02,67.25,-16.56
2025-03-24 18:14:59.959000+00:00,27.332236662556404,,,,26.188,-0.875,-1.688,23.0,-131.688,-0.75,2.562,-0.003,-0.013,-0.003,-0.62,0.33,9.32,-0.46,0.03,-0.47,-0.16,0.29,9.8,1.04,0.0,0.0,0.0,0.0,7.0,1017.02,67.25,-16.56
2025-03-24 18:15:00.972000+00:00,27.332236662556404,,,,26.188,-0.875,-1.688,23.0,-131.688,-0.75,2.562,-0.003,-0.013,-0.003,-0.62,0.33,9.32,-0.46,0.03,-0.47,-0.16,0.29,9.8,1.04,0.0,0.0,0.0,0.0,7.0,1017.02,67.25,-16.56
2025-03-24 18:15:02.058000+00:00,27.332236662556404,,,,26.188,-0.875,-1.688,23.0,-131.688,-0.75,2.562,-0.003,-0.013,-0.003,-0.62,0.33,9.32,-0.46,0.03,-0.47,-0.16,0.29,9.8,1.04,0.0,0.0,0.0,0.0,7.0,1017.02,67.25,-16.56
2025-03-24 18:15:03.156000+00:00,27.332236662556404,,,,26.188,-0.875,-1.688,23.0,-131.688,-0.75,2.562,-0.003,-0.013,-0.003,-0.62,0.33,9.32,-0.46,0.03,-0.47,-0.16,0.29,9.8,1.04,0.0,0.0,0.0,0.0,7.0,1017.02,67.25,-16.56
2025-03-24 18:15:04.279000+00:00,27.332236662556404,,,,26.188,-0.875,-1.688,23.0,-131.688,-0.75,2.562,-0.003,-0.013,-0.003,-0.62,0.33,9.32,-0.46,0.03,-0.47,-0.16,0.29,9.8,1.04,0.0,0.0,0.0,0.0,7.0,1017.02,67.25,-16.56
2025-03-24 18:15:05.429000+00:00,27.332236662556404,,,,26.188,-0.875,-1.688,23.0,-131.688,-0.75,2.562,-0.003,-0.013,-0.003,-0.62,0.33,9.32,-0.46,0.03,-0.47,-0.16,0.29,9.8,1.04,0.0,0.0,0.0,0.0,7.0,1017.02,67.25,-16.56
2025-03-24 18:15:06.602000+00:00,27.332236662556404,,,,26.188,-0.875,-1.688,23.0,-131.688,-0.75,2.562,-0.003,-0.013,-0.003,-0.62,0.33,9.32,-0.46,0.03,-0.47,-0.16,0.29,9.8,1.04,0.0,0.0,0.0,0.0,7.0,1017.02,67.25,-16.56
2025-03-24 18:15:08.024000+00:00,27.332236662556404,,,,26.188,-0.875,-1.688,23.0,-131.688,-0.75,2.562,-0.003,-0.013,-0.003,-0.62,0.33,9.32,-0.46,0.03,-0.47,-0.16,0.29,9.8,1.04,0.0,0.0,0.0,0.0,7.0,1017.02,67.25,-16.56
2025-03-24 18:15:08.720000+00:00,27.332236662556404,,,,26.188,-0.875,-1.688,23.0,-131.688,-0.75,2.562,-0.003,-0.013,-0.003,-0.62,0.33,9.32,-0.46,0.03,-0.47,-0.16,0.29,9.8,1.04,0.0,0.0,0.0,0.0,7.0,1017.02,67.25,-16.56
2025-03-24 18:15:10.108000+00:00,27.332236662556404,,,,26.188,-0.875,-1.688,23.0,-131.688,-0.75,2.562,-0.003,-0.013,-0.003,-0.62,0.33,9.32,-0.46,0.03,-0.47,-0.16,0.29,9.8,1.04,0.0,0.0,0.0,0.0,7.0,1017.02,67.25,-16.56
2025-03-24 18:15:11.247000+00:00,27.332236662556404,,,,26.188,-0.875,-1.688,23.0,-131.688,-0.75,2.562,-0.003,-0.013,-0.003,-0.62,0.33,9.32,-0.46,0.03,-0.47,-0.16,0.29,9.8,1.04,0.0,0.0,0.0,0.0,7.0,1017.02,67.25,-16.56
2025-03-24 18:15:12.298000+00:00,27.332236662556404,,,,26.188,-0.875,-1.688,23.0,-131.688,-0.75,2.562,-0.003,-0.013,-0.003,-0.62,0.33,9.32,-0.46,0.03,-0.47,-0.16,0.29,9.8,1.04,0.0,0.0,0.0,0.0,7.0,1017.02,67.25,-16.56
2025-03-24 18:15:13.437000+00:00,27.332236662556404,,,,26.188,-0.875,-1.688,23.0,-131.688,-0.75,2.562,-0.003,-0.013,-0.003,-0.62,0.33,9.32,-0.46,0.03,-0.47,-0.16,0.29,9.8,1.04,0.0,0.0,0.0,0.0,7.0,1017.02,67.25,-16.56
2025-03-24 18:15:14.627000+00:00,27.332236662556404,,,,26.188,-0.875,-1.688,23.0,-131.688,-0.75,2.562,-0.003,-0.013,-0.003,-0.62,0.33,9.32,-0.46,0.03,-0.47,-0.16,0.29,9.8,1.04,0.0,0.0,0.0,0.0,7.0,1017.02,67.25,-16.56
2025-03-24 18:15:15.657000+00:00,27.332236662556404,,,,26.188,-0.875,-1.688,23.0,-131.688,-0.75,2.562,-0.003,-0.013,-0.003,-0.62,0.33,9.32,-0.46,0.03,-0.47,-0.16,0.29,9.8,1.04,0.0,0.0,0.0,0.0,7.0,1017.02,67.25,-16.56
2025-03-24 18:15:17.088000+00:00,27.332236662556404,,,,26.188,-0.875,-1.688,23.0,-131.688,-0.75,2.562,-0.003,-0.013,-0.003,-0.62,0.33,9.32,-0.46,0.03,-0.47,-0.16,0.29,9.8,1.04,0.0,0.0,0.0,0.0,7.0,1017.02,67.25,-16.56
2025-03-24 18:15:18.098000+00:00,27.332236662556404,,,,26.188,-0.875,-1.688,23.0,-131.688,-0.75,2.562,-0.003,-0.013,-0.003,-0.62,0.33,9.32,-0.46,0.03,-0.47,-0.16,0.29,9.8,1.04,0.0,0.0,0.0,0.0,7.0,1017.02,67.25,-16.56
2025-03-24 18:15:19.097000+00:00,27.332236662556404,,,,26.188,-0.875,-1.688,23.0,-131.688,-0.75,2.562,-0.003,-0.013,-0.003,-0.62,0.33,9.32,-0.46,0.03,-0.47,-0.16,0.29,9.8,1.04,0.0,0.0,0.0,0.0,7.0,1017.02,67.25,-16.56
2025-03-24 18:15:20.163000+00:00,27.332236662556404,,,,26.188,-0.875,-1.688,23.0,-131.688,-0.75,2.562,-0.003,-0.013,-0.003,-0.62,0.33,9.32,-0.46,0.03,-0.47,-0.16,0.29,9.8,1.04,0.0,0.0,0.0,0.0,7.0,1017.02,67.25,-16.56
2025-03-24 18:15:21.137000+00:00,27.332236662556404,,,,26.188,-0.875,-1.688,23.0,-131.688,-0.75,2.562,-0.003,-0.013,-0.003,-0.62,0.33,9.32,-0.46,0.03,-0.47,-0.16,0.29,9.8,1.04,0.0,0.0,0.0,0.0,7.0,1017.02,67.25,-16.56
2025-03-24 18:15:22.207000+00:00,27.332236662556404,,,,26.188,-0.875,-1.688,23.0,-131.688,-0.75,2.562,-0.003,-0.013,-0.003,-0.62,0.33,9.32,-0.46,0.03,-0.47,-0.16,0.29,9.8,1.04,0.0,0.0,0.0,0.0,7.0,1017.02,67.25,-16.56
2025-03-24 18:15:23.263000+00:00,27.332236662556404,,,,26.188,-0.875,-1.688,23.0,-131.688,-0.75,2.562,-0.003,-0.013,-0.003,-0.62,0.33,9.32,-0.46,0.03,-0.47,-0.16,0.29,9.8,1.04,0.0,0.0,0.0,0.0,7.0,1017.02,67.25,-16.56
2025-03-24 18:15:24.387000+00:00,27.332236662556404,,,,26.188,-0.875,-1.688,23.0,-131.688,-0.75,2.562,-0.003,-0.013,-0.003,-0.62,0.33,9.32,-0.46,0.03,-0.47,-0.16,0.29,9.8,1.04,0.0,0.0,0.0,0.0,7.0,1017.02,67.25,-16.56
2025-03-24 18:15:25.687000+00:00,27.332236662556404,,,,26.188,-0.875,-1.688,23.0,-131.688,-0.75,2.562,-0.003,-0.013,-0.003,-0.62,0.33,9.32,-0.46,0.03,-0.47,-0.16,0.29,9.8,1.04,0.0,0.0,0.0,0.0,7.0,1017.02,67.25,-16.56
2025-03-24 18:14:27.870000+00:00,27.332236662556404,,,,26.188,-0.875,-1.688,23.0,-131.688,-0.75,2.562,-0.003,-0.013,-0.003,-0.62,0.33,9.32,-0.46,0.03,-0.47,-0.16,0.29,9.8,1.04,0.0,0.0,0.0,0.0,7.0,1017.02,67.25,-16.56
2025-03-24 18:14:28.890000+00:00,27.332236662556404,,,,26.188,-0.875,-1.688,23.0,-131.688,-0.75,2.562,-0.003,-0.013,-0.003,-0.62,0.33,9.32,-0.46,0.03,-0.47,-0.16,0.29,9.8,1.04,0.0,0.0,0.0,0.0,7.0,1017.02,67.25,-16.56
2025-03-24 18:14:29.930000+00:00,27.332236662556404,,,,26.188,-0.875,-1.688,23.0,-131.688,-0.75,2.562,-0.003,-0.013,-0.003,-0.62,0.33,9.32,-0.46,0.03,-0.47,-0.16,0.29,9.8,1.04,0.0,0.0,0.0,0.0,7.0,1017.02,67.25,-16.56
2025-03-24 18:14:30.976000+00:00,27.332236662556404,,,,26.188,-0.875,-1.688,23.0,-131.688,-0.75,2.562,-0.003,-0.013,-0.003,-0.62,0.33,9.32,-0.46,0.03,-0.47,-0.16,0.29,9.8,1.04,0.0,0.0,0.0,0.0,7.0,1017.02,67.25,-16.56
2025-03-24 18:14:32.069000+00:00,27.332236662556404,,,,26.188,-0.875,-1.688,23.0,-131.688,-0.75,2.562,-0.003,-0.013,-0.003,-0.62,0.33,9.32,-0.46,0.03,-0.47,-0.16,0.29,9.8,1.04,0.0,0.0,0.0,0.0,7.0,1017.02,67.25,-16.56
2025-03-24 18:14:33.200000+00:00,27.332236662556404,,,,26.188,-0.875,-1.688,23.0,-131.688,-0.75,2.562,-0.003,-0.013,-0.003,-0.62,0.33,9.32,-0.46,0.03,-0.47,-0.16,0.29,9.8,1.04,0.0,0.0,0.0,0.0,7.0,1017.02,67.25,-16.56
2025-03-24 18:14:34.066000+00:00,27.332236662556404,,,,26.188,-0.875,-1.688,23.0,-131.688,-0.75,2.562,-0.003,-0.013,-0.003,-0.62,0.33,9.32,-0.46,0.03,-0.47,-0.16,0.29,9.8,1.04,0.0,0.0,0.0,0.0,7.0,1017.02,67.25,-16.56
2025-03-24 18:14:35.210000+00:00,27.332236662556404,,,,26.188,-0.875,-1.688,23.0,-131.688,-0.75,2.562,-0.003,-0.013,-0.003,-0.62,0.33,9.32,-0.46,0.03,-0.47,-0.16,0.29,9.8,1.04,0.0,0.0,0.0,0.0,7.0,1017.02,67.25,-16.56
2025-03-24 18:14:36.349000+00:00,27.332236662556404,,,,26.188,-0.875,-1.688,23.0,-131.688,-0.75,2.562,-0.003,-0.013,-0.003,-0.62,0.33,9.32,-0.46,0.03,-0.47,-0.16,0.29,9.8,1.04,0.0,0.0,0.0,0.0,7.0,1017.02,67.25,-16.56
2025-03-24 18:14:37.403000+00:00,27.332236662556404,,,,26.188,-0.875,-1.688,23.0,-131.688,-0.75,2.562,-0.003,-0.013,-0.003,-0.62,0.33,9.32,-0.46,0.03,-0.47,-0.16,0.29,9.8,1.04,0.0,0.0,0.0,0.0,7.0,1017.02,67.25,-16.56
2025-03-24 18:14:39.009000+00:00,27.332236662556404,,,,26.188,-0.875,-1.688,23.0,-131.688,-0.75,2.562,-0.003,-0.013,-0.003,-0.62,0.33,9.32,-0.46,0.03,-0.47,-0.16,0.29,9.8,1.04,0.0,0.0,0.0,0.0,7.0,1017.02,67.25,-16.56
2025-03-24 18:14:40.093000+00:00,27.332236662556404,,,,26.188,-0.875,-1.688,23.0,-131.688,-0.75,2.562,-0.003,-0.013,-0.003,-0.62,0.33,9.32,-0.46,0.03,-0.47,-0.16,0.29,9.8,1.04,0.0,0.0,0.0,0.0,7.0,1017.02,67.25,-16.22
2025-03-24 18:14:41.219000+00:00,27.332236662556404,,,,26.188,-0.875,-1.688,23.0,-131.688,-0.75,2.562,-0.003,-0.013,-0.003,-0.62,0.33,9.32,-0.46,0.03,-0.47,-0.16,0.29,9.8,1.04,0.0,0.0,0.0,0.0,7.0,1017.02,67.25,-16.22
2025-03-24 18:14:42.359000+00:00,27.332236662556404,,,,26.188,-0.875,-1.688,23.0,-131.688,-0.75,2.562,-0.003,-0.013,-0.003,-0.62,0.33,9.32,-0.46,0.03,-0.47,-0.16,0.29,9.8,1.04,0.0,0.0,0.0,0.0,7.0,1017.02,67.25,-16.22
2025-03-24 18:14:43.979000+00:00,27.332236662556404,,,,26.188,-0.875,-1.688,23.0,-131.688,-0.75,2.562,-0.003,-0.013,-0.003,-0.62,0.33,9.32,-0.46,0.03,-0.47,-0.16,0.29,9.8,1.04,0.0,0.0,0.0,0.0,7.0,1017.02,67.25,-16.22
2025-03-24 18:14:45.049000+00:00,27.332236662556404,,,,26.188,-0.875,-1.688,23.0,-131.688,-0.75,2.562,-0.003,-0.013,-0.003,-0.62,0.33,9.32,-0.46,0.03,-0.47,-0.16,0.29,9.8,1.04,0.0,0.0,0.0,0.0,7.0,1017.02,67.25,-16.22
2025-03-24 18:14:45.989000+00:00,27.332236662556404,,,,26.188,-0.875,-1.688,23.0,-131.688,-0.75,2.562,-0.003,-0.013,-0.003,-0.62,0.33,9.32,-0.46,0.03,-0.47,-0.16,0.29,9.8,1.04,0.0,0.0,0.0,0.0,7.0,1017.02,67.25,-16.22
2025-03-24 18:14:47.045000+00:00,27.332236662556404,,,,26.188,-0.875,-1.688,23.0,-131.688,-0.75,2.562,-0.003,-0.013,-0.003,-0.62,0.33,9.32,-0.46,0.03,-0.47,-0.16,0.29,9.8,1.04,0.0,0.0,0.0,0.0,7.0,1017.02,67.25,-16.22
2025-03-24 18:14:48.049000+00:00,27.332236662556404,,,,26.188,-0.875,-1.688,23.0,-131.688,-0.75,2.562,-0.003,-0.013,-0.003,-0.62,0.33,9.32,-0.46,0.03,-0.47,-0.16,0.29,9.8,1.04,0.0,0.0,0.0,0.0,7.0,1017.02,67.25,-16.22
2025-03-24 18:14:49.014000+00:00,27.332236662556404,,,,26.188,-0.875,-1.688,23.0,-131.688,-0.75,2.562,-0.003,-0.013,-0.003,-0.62,0.33,9.32,-0.46,0.03,-0.47,-0.16,0.29,9.8,1.04,0.0,0.0,0.0,0.0,7.0,1017.02,67.25,-16.22
2025-03-24 18:14:50.098000+00:00,27.332236662556404,,,,26.188,-0.875,-1.688,23.0,-131.688,-0.75,2.562,-0.003,-0.013,-0.003,-0.62,0.33,9.32,-0.46,0.03,-0.47,-0.16,0.29,9.8,1.04,0.0,0.0,0.0,0.0,7.0,1017.02,67.25,-16.22
2025-03-24 18:14:51.155000+00:00,27.332236662556404,,,,26.188,-0.875,-1.688,23.0,-131.688,-0.75,2.562,-0.003,-0.013,-0.003,-0.62,0.33,9.32,-0.46,0.03,-0.47,-0.16,0.29,9.8,1.04,0.0,0.0,0.0,0.0,7.0,1017.02,67.25,-16.22
2025-03-24 18:14:52.199000+00:00,27.332236662556404,,,,26.188,-0.875,-1.688,23.0,-131.688,-0.75,2.562,-0.003,-0.013,-0.003,-0.62,0.33,9.32,-0.46,0.03,-0.47,-0.16,0.29,9.8,1.04,0.0,0.0,0.0,0.0,7.0,1017.02,67.25,-16.22
2025-03-24 18:14:53.148000+00:00,27.332236662556404,,,,26.188,-0.875,-1.688,23.0,-131.688,-0.75,2.562,-0.003,-0.013,-0.003,-0.62,0.33,9.32,-0.46,0.03,-0.47,-0.16,0.29,9.8,1.04,0.0,0.0,0.0,0.0,7.0,1017.02,67.25,-16.22
2025-03-24 18:14:54.107000+00:00,27.332236662556404,,,,26.188,-0.875,-1.688,23.0,-131.688,-0.75,2.562,-0.003,-0.013,-0.003,-0.62,0.33,9.32,-0.46,0.03,-0.47,-0.16,0.29,9.8,1.04,0.0,0.0,0.0,0.0,7.0,1017.02,67.25,-16.22
2025-03-24 18:14:55.218000+00:00,27.332236662556404,,,,26.188,-0.875,-1.688,23.0,-131.688,-0.75,2.562,-0.003,-0.013,-0.003,-0.62,0.33,9.32,-0.46,0.03,-0.47,-0.16,0.29,9.8,1.04,0.0,0.0,0.0,0.0,7.0,1017.02,67.25,-16.22
2025-03-24 18:14:56.368000+00:00,27.332236662556404,,,,26.188,-0.875,-1.688,23.0,-131.688,-0.75,2.562,-0.003,-0.013,-0.003,-0.62,0.33,9.32,-0.46,0.03,-0.47,-0.16,0.29,9.8,1.04,0.0,0.0,0.0,0.0,7.0,1017.02,67.25,-16.22
2025-03-24 18:14:57.524000+00:00,27.332236662556404,,,,26.188,-0.875,-1.688,23.0,-131.688,-0.75,2.562,-0.003,-0.013,-0.003,-0.62,0.33,9.32,-0.46,0.03,-0.47,-0.16,0.29,9.8,1.04,0.0,0.0,0.0,0.0,7.0,1017.02,67.25,-16.22
2025-03-24 18:14:59.048000+00:00,27.332236662556404,,,,26.188,-0.875,-1.688,23.0,-131.688,-0.75,2.562,-0.003,-0.013,-0.003,-0.62,0.33,9.32,-0.46,0.03,-0.47,-0.16,0.29,9.8,1.04,0.0,0.0,0.0,0.0,7.0,1017.02,67.25,-16.22
2025-03-24 18:15:00.069000+00:00,27.332236662556404,,,,26.188,-0.875,-1.688,23.0,-131.688,-0.75,2.562,-0.003,-0.013,-0.003,-0.62,0.33,9.32,-0.46,0.03,-0.47,-0.16,0.29,9.8,1.04,0.0,0.0,0.0,0.0,7.0,1017.02,67.25,-16.22
2025-03-24 18:15:01.085000+00:00,27.332236662556404,,,,26.188,-0.875,-1.688,23.0,-131.688,-0.75,2.562,-0.003,-0.013,-0.003,-0.62,0.33,9.32,-0.46,0.03,-0.47,-0.16,0.29,9.8,1.04,0.0,0.0,0.0,0.0,7.0,1017.02,67.25,-16.22
2025-03-24 18:15:02.169000+00:00,27.332236662556404,,,,26.188,-0.875,-1.688,23.0,-131.688,-0.75,2.562,-0.003,-0.013,-0.003,-0.62,0.33,9.32,-0.46,0.03,-0.47,-0.16,0.29,9.8,1.04,0.0,0.0,0.0,0.0,7.0,1017.02,67.25,-16.22
2025-03-24 18:15:03.285000+00:00,27.332236662556404,,,,26.188,-0.875,-1.688,23.0,-131.688,-0.75,2.562,-0.003,-0.013,-0.003,-0.62,0.33,9.32,-0.46,0.03,-0.47,-0.16,0.29,9.8,1.04,0.0,0.0,0.0,0.0,7.0,1017.02,67.25,-16.22
2025-03-24 18:15:04.379000+00:00,27.332236662556404,,,,26.188,-0.875,-1.688,23.0,-131.688,-0.75,2.562,-0.003,-0.013,-0.003,-0.62,0.33,9.32,-0.46,0.03,-0.47,-0.16,0.29,9.8,1.04,0.0,0.0,0.0,0.0,7.0,1017.02,67.25,-16.22
2025-03-24 18:15:05.529000+00:00,27.332236662556404,,,,26.188,-0.875,-1.688,23.0,-131.688,-0.75,2.562,-0.003,-0.013,-0.003,-0.62,0.33,9.32,-0.46,0.03,-0.47,-0.16,0.29,9.8,1.04,0.0,0.0,0.0,0.0,7.0,1017.02,67.25,-16.22
2025-03-24 18:15:06.699000+00:00,27.332236662556404,,,,26.188,-0.875,-1.688,23.0,-131.688,-0.75,2.562,-0.003,-0.013,-0.003,-0.62,0.33,9.32,-0.46,0.03,-0.47,-0.16,0.29,9.8,1.04,0.0,0.0,0.0,0.0,7.0,1017.02,67.25,-16.22
2025-03-24 18:15:08.138000+00:00,27.332236662556404,,,,26.188,-0.875,-1.688,23.0,-131.688,-0.75,2.562,-0.003,-0.013,-0.003,-0.62,0.33,9.32,-0.46,0.03,-0.47,-0.16,0.29,9.8,1.04,0.0,0.0,0.0,0.0,7.0,1017.02,67.25,-16.22
2025-03-24 18:15:08.825000+00:00,27.332236662556404,,,,26.188,-0.875,-1.688,23.0,-131.688,-0.75,2.562,-0.003,-0.013,-0.003,-0.62,0.33,9.32,-0.46,0.03,-0.47,-0.16,0.29,9.8,1.04,0.0,0.0,0.0,0.0,7.0,1017.02,67.25,-16.22
2025-03-24 18:15:10.224000+00:00,27.332236662556404,,,,26.188,-0.875,-1.688,23.0,-131.688,-0.75,2.562,-0.003,-0.013,-0.003,-0.62,0.33,9.32,-0.46,0.03,-0.47,-0.16,0.29,9.8,1.04,0.0,0.0,0.0,0.0,7.0,1017.02,67.25,-16.74
2025-03-24 18:15:11.348000+00:00,27.332236662556404,,,,26.188,-0.875,-1.688,23.0,-131.688,-0.75,2.562,-0.003,-0.013,-0.003,-0.62,0.33,9.32,-0.46,0.03,-0.47,-0.16,0.29,9.8,1.04,0.0,0.0,0.0,0.0,7.0,1017.02,67.25,-16.74
2025-03-24 18:15:12.398000+00:00,27.332236662556404,,,,26.188,-0.875,-1.688,23.0,-131.688,-0.75,2.562,-0.003,-0.013,-0.003,-0.62,0.33,9.32,-0.46,0.03,-0.47,-0.16,0.29,9.8,1.04,0.0,0.0,0.0,0.0,7.0,1017.02,67.25,-16.74
2025-03-24 18:15:13.544000+00:00,27.332236662556404,,,,26.188,-0.875,-1.688,23.0,-131.688,-0.75,2.562,-0.003,-0.013,-0.003,-0.62,0.33,9.32,-0.46,0.03,-0.47,-0.16,0.29,9.8,1.04,0.0,0.0,0.0,0.0,7.0,1017.02,67.25,-16.74
2025-03-24 18:15:14.728000+00:00,27.332236662556404,,,,26.188,-0.875,-1.688,23.0,-131.688,-0.75,2.562,-0.003,-0.013,-0.003,-0.62,0.33,9.32,-0.46,0.03,-0.47,-0.16,0.29,9.8,1.04,0.0,0.0,0.0,0.0,7.0,1017.02,67.25,-16.74
2025-03-24 18:15:15.767000+00:00,27.332236662556404,,,,26.188,-0.875,-1.688,23.0,-131.688,-0.75,2.562,-0.003,-0.013,-0.003,-0.62,0.33,9.32,-0.46,0.03,-0.47,-0.16,0.29,9.8,1.04,0.0,0.0,0.0,0.0,7.0,1017.02,67.25,-16.74
2025-03-24 18:15:17.193000+00:00,27.332236662556404,,,,26.188,-0.875,-1.688,23.0,-131.688,-0.75,2.562,-0.003,-0.013,-0.003,-0.62,0.33,9.32,-0.46,0.03,-0.47,-0.16,0.29,9.8,1.04,0.0,0.0,0.0,0.0,7.0,1017.02,67.25,-16.74
2025-03-24 18:15:18.200000+00:00,27.332236662556404,,,,26.188,-0.875,-1.688,23.0,-131.688,-0.75,2.562,-0.003,-0.013,-0.003,-0.62,0.33,9.32,-0.46,0.03,-0.47,-0.16,0.29,9.8,1.04,0.0,0.0,0.0,0.0,7.0,1017.02,67.25,-16.74
2025-03-24 18:15:19.209000+00:00,27.332236662556404,,,,26.188,-0.875,-1.688,23.0,-131.688,-0.75,2.562,-0.003,-0.013,-0.003,-0.62,0.33,9.32,-0.46,0.03,-0.47,-0.16,0.29,9.8,1.04,0.0,0.0,0.0,0.0,7.0,1017.02,67.25,-16.74
2025-03-24 18:15:20.270000+00:00,27.332236662556404,,,,26.188,-0.875,-1.688,23.0,-131.688,-0.75,2.562,-0.003,-0.013,-0.003,-0.62,0.33,9.32,-0.46,0.03,-0.47,-0.16,0.29,9.8,1.04,0.0,0.0,0.0,0.0,7.0,1017.02,67.25,-16.74
2025-03-24 18:15:21.238000+00:00,27.332236662556404,,,,26.188,-0.875,-1.688,23.0,-131.688,-0.75,2.562,-0.003,-0.013,-0.003,-0.62,0.33,9.32,-0.46,0.03,-0.47,-0.16,0.29,9.8,1.04,0.0,0.0,0.0,0.0,7.0,1017.02,67.25,-16.74
2025-03-24 18:15:22.313000+00:00,27.332236662556404,,,,26.188,-0.875,-1.688,23.0,-131.688,-0.75,2.562,-0.003,-0.013,-0.003,-0.62,0.33,9.32,-0.46,0.03,-0.47,-0.16,0.29,9.8,1.04,0.0,0.0,0.0,0.0,7.0,1017.02,67.25,-16.74
2025-03-24 18:15:23.367000+00:00,27.332236662556404,,,,26.188,-0.875,-1.688,23.0,-131.688,-0.75,2.562,-0.003,-0.013,-0.003,-0.62,0.33,9.32,-0.46,0.03,-0.47,-0.16,0.29,9.8,1.04,0.0,0.0,0.0,0.0,7.0,1017.02,67.25,-16.74
2025-03-24 18:15:24.487000+00:00,27.332236662556404,,,,26.188,-0.875,-1.688,23.0,-131.688,-0.75,2.562,-0.003,-0.013,-0.003,-0.62,0.33,9.32,-0.46,0.03,-0.47,-0.16,0.29,9.8,1.04,0.0,0.0,0.0,0.0,7.0,1017.02,67.25,-16.74
2025-03-24 18:15:25.797000+00:00,27.332236662556404,,,,26.188,-0.875,-1.688,23.0,-131.688,-0.75,2.562,-0.003,-0.013,-0.003,-0.62,0.33,9.32,-0.46,0.03,-0.47,-0.16,0.29,9.8,1.04,0.0,0.0,0.0,0.0,7.0,1017.02,67.25,-16.74
