,rpm_value,rpm_blade_1,rpm_blade_2,rpm_blade_3,orientation_heading,orientation_roll,orientation_pitch,temperature_value,magnetometer_mx,magnetometer_my,magnetometer_mz,gyroscope_gx,gyroscope_gy,gyroscope_gz,accelerometer_ax,accelerometer_ay,accelerometer_az,linear_acceleration_lx,linear_acceleration_ly,linear_acceleration_lz,gravity_grx,gravity_gry,gravity_grz,voltage_value,current_value,power_value,servo_value,speed_value,direction_value,pressure_value,humidity_value,altitude_value
2025-03-24 18:17:15.558000+00:00,39.052852846651746,,,,23.188,-1.125,-1.562,22.88,-81.75,-16.375,-24.5,-0.006,0.012,0.036,-0.22,0.29,9.28,-0.01,0.02,-0.51,-0.2,0.27,9.8,1.195,0.0,0.0,0.0,0.0,7.0,1017.01,67.28,-16.57
2025-03-24 18:17:16.709000+00:00,38.785217721036226,,,,23.188,-1.125,-1.562,22.88,-81.75,-16.375,-24.5,-0.006,0.012,0.036,-0.22,0.29,9.28,-0.01,0.02,-0.51,-0.2,0.27,9.8,1.195,0.0,0.0,0.0,0.0,7.0,1017.01,67.28,-16.57
2025-03-24 18:17:17.269000+00:00,38.51762449102231,,,,23.188,-1.125,-1.562,22.88,-81.75,-16.375,-24.5,-0.006,0.012,0.036,-0.22,0.29,9.28,-0.01,0.02,-0.51,-0.2,0.27,9.8,1.195,0.0,0.0,0.0,0.0,7.0,1017.01,67.28,-16.57
2025-03-24 18:17:18.584000+00:00,38.39282968461409,,,,23.188,-1.125,-1.562,22.88,-81.75,-16.375,-24.5,-0.006,0.012,0.036,-0.22,0.29,9.28,-0.01,0.02,-0.51,-0.2,0.27,9.8,1.195,0.0,0.0,0.0,0.0,7.0,1017.01,67.28,-16.57
2025-03-24 18:17:20.298000+00:00,38.26800588014068,,,,23.188,-1.125,-1.562,22.88,-81.75,-16.375,-24.5,-0.006,0.012,0.036,-0.22,0.29,9.28,-0.01,0.02,-0.51,-0.2,0.27,9.8,1.195,0.0,0.0,0.0,0.0,7.0,1017.01,67.28,-16.57
2025-03-24 18:17:20.347000+00:00,38.0004300849028,,,,23.188,-1.125,-1.562,22.88,-81.75,-16.375,-24.5,-0.006,0.012,0.036,-0.22,0.29,9.28,-0.01,0.02,-0.51,-0.2,0.27,9.8,1.195,0.0,0.0,0.0,0.0,7.0,1017.01,67.28,-16.57
2025-03-24 18:17:21.788000+00:00,37.73277926121074,,,,23.188,-1.125,-1.562,22.88,-81.75,-16.375,-24.5,-0.006,0.012,0.036,-0.22,0.29,9.28,-0.01,0.02,-0.51,-0.2,0.27,9.8,1.195,0.0,0.0,0.0,0.0,7.0,1017.01,67.28,-16.57
2025-03-24 18:17:22.367000+00:00,37.607837269824735,,,,23.188,-1.125,-1.562,22.88,-81.75,-16.375,-24.5,-0.006,0.012,0.036,-0.22,0.29,9.28,-0.01,0.02,-0.51,-0.2,0.27,9.8,1.195,0.0,0.0,0.0,0.0,7.0,1017.01,67.28,-16.57
2025-03-24 18:17:23.476000+00:00,37.60786297453969,,,,23.188,-1.125,-1.562,22.88,-81.75,-16.375,-24.5,-0.006,0.012,0.036,-0.22,0.29,9.28,-0.01,0.02,-0.51,-0.2,0.27,9.8,1.195,0.0,0.0,0.0,0.0,7.0,1017.01,67.28,-16.57
2025-03-24 18:17:23.527000+00:00,37.60788867925466,,,,23.188,-1.125,-1.562,22.88,-81.75,-16.375,-24.5,-0.006,0.012,0.036,-0.22,0.29,9.28,-0.01,0.02,-0.51,-0.2,0.27,9.8,1.195,0.0,0.0,0.0,0.0,7.0,1017.01,67.28,-16.57
2025-03-24 18:17:25.051000+00:00,37.875505782738,,,,23.188,-1.125,-1.562,22.88,-81.75,-16.375,-24.5,-0.006,0.012,0.036,-0.22,0.29,9.28,-0.01,0.02,-0.51,-0.2,0.27,9.8,1.195,0.0,0.0,0.0,0.0,7.0,1017.01,67.28,-16.57
2025-03-24 18:17:25.538000+00:00,38.14314352675975,,,,23.188,-1.125,-1.562,22.88,-81.75,-16.375,-24.5,-0.006,0.012,0.036,-0.22,0.29,9.28,-0.01,0.02,-0.51,-0.2,0.27,9.8,1.195,0.0,0.0,0.0,0.0,7.0,1017.01,67.28,-16.57
2025-03-24 18:17:26.447000+00:00,38.41077434890655,,,,23.188,-1.125,-1.562,22.88,-81.75,-16.375,-24.5,-0.006,0.012,0.036,-0.22,0.29,9.28,-0.01,0.02,-0.51,-0.2,0.27,9.8,1.195,0.0,0.0,0.0,0.0,7.0,1017.01,67.28,-16.57
2025-03-24 18:17:27.720000+00:00,38.67828833420491,,,,23.188,-1.125,-1.562,22.88,-81.75,-16.375,-24.5,-0.006,0.012,0.036,-0.22,0.29,9.28,-0.01,0.02,-0.51,-0.2,0.27,9.8,1.195,0.0,0.0,0.0,0.0,7.0,1017.01,67.28,-16.57
2025-03-24 18:17:28.093000+00:00,38.94580231950327,,,,23.188,-1.125,-1.562,22.88,-81.75,-16.375,-24.5,-0.006,0.012,0.036,-0.22,0.29,9.28,-0.01,0.02,-0.51,-0.2,0.27,9.8,1.195,0.0,0.0,0.0,0.0,7.0,1017.01,67.28,-16.57
2025-03-24 18:17:29.594000+00:00,39.21325000950368,,,,23.188,-1.125,-1.562,22.88,-81.75,-16.375,-24.5,-0.006,0.012,0.036,-0.22,0.29,9.28,-0.01,0.02,-0.51,-0.2,0.27,9.8,1.195,0.0,0.0,0.0,0.0,7.0,1017.01,67.28,-16.57
2025-03-24 18:17:29.650000+00:00,39.48069769950409,,,,23.188,-1.125,-1.562,22.88,-81.75,-16.375,-24.5,-0.006,0.012,0.036,-0.22,0.29,9.28,-0.01,0.02,-0.51,-0.2,0.27,9.8,1.195,0.0,0.0,0.0,0.0,7.0,1017.01,67.28,-16.57
2025-03-24 18:17:30.723000+00:00,39.74835550954875,,,,23.188,-1.125,-1.562,22.88,-81.75,-16.375,-24.5,-0.006,0.012,0.036,-0.22,0.29,9.28,-0.01,0.02,-0.51,-0.2,0.27,9.8,1.195,0.0,0.0,0.0,0.0,7.0,1017.01,67.28,-16.57
2025-03-24 18:17:30.823000+00:00,40.016013319593426,,,,23.188,-1.125,-1.562,22.88,-81.75,-16.375,-24.5,-0.006,0.012,0.036,-0.22,0.29,9.28,-0.01,0.02,-0.51,-0.2,0.27,9.8,1.195,0.0,0.0,0.0,0.0,7.0,1017.01,67.28,-16.57
2025-03-24 18:17:32.777000+00:00,40.28361672779983,,,,23.188,-1.125,-1.562,22.88,-81.75,-16.375,-24.5,-0.006,0.012,0.036,-0.22,0.29,9.28,-0.01,0.02,-0.51,-0.2,0.27,9.8,1.195,0.0,0.0,0.0,0.0,7.0,1017.01,67.28,-16.57
2025-03-24 18:17:33.746000+00:00,40.51864552437845,,,,23.188,-1.125,-1.562,22.88,-81.75,-16.375,-24.5,-0.006,0.012,0.036,-0.22,0.29,9.28,-0.01,0.02,-0.51,-0.2,0.27,9.8,1.195,0.0,0.0,0.0,0.0,7.0,1017.01,67.28,-16.57
2025-03-24 18:17:35.416000+00:00,40.78619831758408,,,,23.188,-1.125,-1.562,22.88,-81.75,-16.375,-24.5,-0.006,0.012,0.036,-0.22,0.29,9.28,-0.01,0.02,-0.51,-0.2,0.27,9.8,1.195,0.0,0.0,0.0,0.0,7.0,1017.01,67.28,-16.57
2025-03-24 18:17:36.762000+00:00,41.05376568243648,,,,23.188,-1.125,-1.562,22.88,-81.75,-16.375,-24.5,-0.006,0.012,0.036,-0.22,0.29,9.28,-0.01,0.02,-0.51,-0.2,0.27,9.8,1.195,0.0,0.0,0.0,0.0,7.0,1017.01,67.28,-16.57
2025-03-24 18:17:36.823000+00:00,41.321357034913035,,,,23.188,-1.125,-1.562,22.88,-81.75,-16.375,-24.5,-0.006,0.012,0.036,-0.22,0.29,9.28,-0.01,0.02,-0.51,-0.2,0.27,9.8,1.195,0.0,0.0,0.0,0.0,7.0,1017.01,67.28,-16.57
2025-03-24 18:17:38.387000+00:00,41.58889385138711,,,,23.188,-1.125,-1.562,22.88,-81.75,-16.375,-24.5,-0.006,0.012,0.036,-0.22,0.29,9.28,-0.01,0.02,-0.51,-0.2,0.27,9.8,1.195,0.0,0.0,0.0,0.0,7.0,1017.01,67.28,-16.57
2025-03-24 18:17:39.750000+00:00,41.71378239424722,,,,23.188,-1.125,-1.562,22.88,-81.75,-16.375,-24.5,-0.006,0.012,0.036,-0.22,0.29,9.28,-0.01,0.02,-0.51,-0.2,0.27,9.8,1.195,0.0,0.0,0.0,0.0,7.0,1017.01,67.28,-16.57
2025-03-24 18:17:40.938000+00:00,41.981447425505195,,,,23.188,-1.125,-1.562,22.88,-81.75,-16.375,-24.5,-0.006,0.012,0.036,-0.22,0.29,9.28,-0.01,0.02,-0.51,-0.2,0.27,9.8,1.195,0.0,0.0,0.0,0.0,7.0,1017.01,67.28,-16.57
2025-03-24 18:17:41.489000+00:00,42.24911245676317,,,,23.188,-1.125,-1.562,22.88,-81.75,-16.375,-24.5,-0.006,0.012,0.036,-0.22,0.29,9.28,-0.01,0.02,-0.51,-0.2,0.27,9.8,1.195,0.0,0.0,0.0,0.0,7.0,1017.01,67.28,-16.57
2025-03-24 18:17:42.812000+00:00,42.39186834381688,,,,23.188,-1.125,-1.562,22.88,-81.75,-16.375,-24.5,-0.006,0.012,0.036,-0.22,0.29,9.28,-0.01,0.02,-0.51,-0.2,0.27,9.8,1.195,0.0,0.0,0.0,0.0,7.0,1017.01,67.28,-16.57
2025-03-24 18:17:44.056000+00:00,42.39188040304687,,,,23.188,-1.125,-1.562,22.88,-81.75,-16.375,-24.5,-0.006,0.012,0.036,-0.22,0.29,9.28,-0.01,0.02,-0.51,-0.2,0.27,9.8,1.195,0.0,0.0,0.0,0.0,7.0,1017.01,67.28,-16.57
2025-03-24 18:17:45.449000+00:00,42.391777308172315,,,,23.188,-1.125,-1.562,22.88,-81.75,-16.375,-24.5,-0.006,0.012,0.036,-0.22,0.29,9.28,-0.01,0.02,-0.51,-0.2,0.27,9.8,1.195,0.0,0.0,0.0,0.0,7.0,1017.01,67.28,-16.57
2025-03-24 18:17:45.502000+00:00,42.39167421329777,,,,23.188,-1.125,-1.562,22.88,-81.75,-16.375,-24.5,-0.006,0.012,0.036,-0.22,0.29,9.28,-0.01,0.02,-0.51,-0.2,0.27,9.8,1.195,0.0,0.0,0.0,0.0,7.0,1017.01,67.28,-16.57
2025-03-24 18:17:47.015000+00:00,42.39155108426523,,,,23.188,-1.125,-1.562,22.88,-81.75,-16.375,-24.5,-0.006,0.012,0.036,-0.22,0.29,9.28,-0.01,0.02,-0.51,-0.2,0.27,9.8,1.195,0.0,0.0,0.0,0.0,7.0,1017.01,67.28,-16.57
2025-03-24 18:17:48.731000+00:00,42.39156383340838,,,,23.188,-1.125,-1.562,22.88,-81.75,-16.375,-24.5,-0.006,0.012,0.036,-0.22,0.29,9.28,-0.01,0.02,-0.51,-0.2,0.27,9.8,1.195,0.0,0.0,0.0,0.0,7.0,1017.01,67.28,-16.57
2025-03-24 18:17:48.793000+00:00,42.39157658255151,,,,23.188,-1.125,-1.562,22.88,-81.75,-16.375,-24.5,-0.006,0.012,0.036,-0.22,0.29,9.28,-0.01,0.02,-0.51,-0.2,0.27,9.8,1.195,0.0,0.0,0.0,0.0,7.0,1017.01,67.28,-16.57
2025-03-24 18:17:49.755000+00:00,42.39158605372224,,,,23.188,-1.125,-1.562,22.88,-81.75,-16.375,-24.5,-0.006,0.012,0.036,-0.22,0.29,9.28,-0.01,0.02,-0.51,-0.2,0.27,9.8,1.195,0.0,0.0,0.0,0.0,7.0,1017.01,67.28,-16.57
2025-03-24 18:17:51.496000+00:00,42.39169242706949,,,,23.188,-1.125,-1.562,22.88,-81.75,-16.375,-24.5,-0.006,0.012,0.036,-0.22,0.29,9.28,-0.01,0.02,-0.51,-0.2,0.27,9.8,1.195,0.0,0.0,0.0,0.0,7.0,1017.01,67.28,-16.57
2025-03-24 18:17:51.545000+00:00,42.39166036727556,,,,23.188,-1.125,-1.562,22.88,-81.75,-16.375,-24.5,-0.006,0.012,0.036,-0.22,0.29,9.28,-0.01,0.02,-0.51,-0.2,0.27,9.8,1.195,0.0,0.0,0.0,0.0,7.0,1017.01,67.28,-16.57
2025-03-24 18:17:52.825000+00:00,42.39145855230247,,,,23.188,-1.125,-1.562,22.88,-81.75,-16.375,-24.5,-0.006,0.012,0.036,-0.22,0.29,9.28,-0.01,0.02,-0.51,-0.2,0.27,9.8,1.195,0.0,0.0,0.0,0.0,7.0,1017.01,67.28,-16.57
2025-03-24 18:17:52.875000+00:00,42.39131867015807,,,,23.188,-1.125,-1.562,22.88,-81.75,-16.375,-24.5,-0.006,0.012,0.036,-0.22,0.29,9.28,-0.01,0.02,-0.51,-0.2,0.27,9.8,1.195,0.0,0.0,0.0,0.0,7.0,1017.01,67.28,-16.57
2025-03-24 18:17:54.485000+00:00,42.53399703606603,,,,23.188,-1.125,-1.562,22.88,-81.75,-16.375,-24.5,-0.006,0.012,0.036,-0.22,0.29,9.28,-0.01,0.02,-0.51,-0.2,0.27,9.8,1.195,0.0,0.0,0.0,0.0,7.0,1017.01,67.28,-16.57
2025-03-24 18:17:54.542000+00:00,42.53396133636973,,,,23.188,-1.125,-1.562,22.88,-81.75,-16.375,-24.5,-0.006,0.012,0.036,-0.22,0.29,9.28,-0.01,0.02,-0.51,-0.2,0.27,9.8,1.195,0.0,0.0,0.0,0.0,7.0,1017.01,67.28,-16.57
2025-03-24 18:17:55.645000+00:00,42.53396461501758,,,,23.188,-1.125,-1.562,22.88,-81.75,-16.375,-24.5,-0.006,0.012,0.036,-0.22,0.29,9.28,-0.01,0.02,-0.51,-0.2,0.27,9.8,1.195,0.0,0.0,0.0,0.0,7.0,1017.01,67.28,-16.57
2025-03-24 18:17:56.015000+00:00,42.53396789366544,,,,23.188,-1.125,-1.562,22.88,-81.75,-16.375,-24.5,-0.006,0.012,0.036,-0.22,0.29,9.28,-0.01,0.02,-0.51,-0.2,0.27,9.8,1.195,0.0,0.0,0.0,0.0,7.0,1017.01,67.28,-16.57
2025-03-24 18:17:57.716000+00:00,42.39137071556345,,,,23.188,-1.125,-1.562,22.88,-81.75,-16.375,-24.5,-0.006,0.012,0.036,-0.22,0.29,9.28,-0.01,0.02,-0.51,-0.2,0.27,9.8,1.195,0.0,0.0,0.0,0.0,7.0,1017.01,67.28,-16.57
2025-03-24 18:17:58.812000+00:00,42.39143355389153,,,,23.188,-1.125,-1.562,22.88,-81.75,-16.375,-24.5,-0.006,0.012,0.036,-0.22,0.29,9.28,-0.01,0.02,-0.51,-0.2,0.27,9.8,1.195,0.0,0.0,0.0,0.0,7.0,1017.01,67.28,-16.57
2025-03-24 18:17:58.868000+00:00,42.24879493227595,,,,23.188,-1.125,-1.562,22.88,-81.75,-16.375,-24.5,-0.006,0.012,0.036,-0.22,0.29,9.28,-0.01,0.02,-0.51,-0.2,0.27,9.8,1.195,0.0,0.0,0.0,0.0,7.0,1017.01,67.28,-16.57
2025-03-24 18:18:00.843000+00:00,42.10610807078335,,,,23.188,-1.125,-1.562,22.88,-81.75,-16.375,-24.5,-0.006,0.012,0.036,-0.22,0.29,9.28,-0.01,0.02,-0.51,-0.2,0.27,9.8,1.195,0.0,0.0,0.0,0.0,7.0,1017.01,67.28,-16.57
2025-03-24 18:18:01.875000+00:00,41.96344802689146,,,,23.188,-1.125,-1.562,22.88,-81.75,-16.375,-24.5,-0.006,0.012,0.036,-0.22,0.29,9.28,-0.01,0.02,-0.51,-0.2,0.27,9.8,1.195,0.0,0.0,0.0,0.0,7.0,1017.01,67.28,-16.57
2025-03-24 18:18:03.566000+00:00,41.9634508830462,,,,23.188,-1.125,-1.562,22.88,-81.75,-16.375,-24.5,-0.006,0.012,0.036,-0.22,0.29,9.28,-0.01,0.02,-0.51,-0.2,0.27,9.8,1.195,0.0,0.0,0.0,0.0,7.0,1017.01,67.28,-16.57
2025-03-24 18:18:04.945000+00:00,41.820778381291866,,,,23.188,-1.125,-1.562,22.88,-81.75,-16.375,-24.5,-0.006,0.012,0.036,-0.22,0.29,9.28,-0.01,0.02,-0.51,-0.2,0.27,9.8,1.195,0.0,0.0,0.0,0.0,7.0,1017.01,67.28,-16.57
2025-03-24 18:18:06.655000+00:00,41.678017027613095,,,,23.188,-1.125,-1.562,22.88,-81.75,-16.375,-24.5,-0.006,0.012,0.036,-0.22,0.29,9.28,-0.01,0.02,-0.51,-0.2,0.27,9.8,1.195,0.0,0.0,0.0,0.0,7.0,1017.01,67.28,-16.57
2025-03-24 18:18:06.705000+00:00,41.53528262996725,,,,23.188,-1.125,-1.562,22.88,-81.75,-16.375,-24.5,-0.006,0.012,0.036,-0.22,0.29,9.28,-0.01,0.02,-0.51,-0.2,0.27,9.8,1.195,0.0,0.0,0.0,0.0,7.0,1017.01,67.28,-16.57
2025-03-24 18:18:07.995000+00:00,41.39270158661681,,,,23.188,-1.125,-1.562,22.88,-81.75,-16.375,-24.5,-0.006,0.012,0.036,-0.22,0.29,9.28,-0.01,0.02,-0.51,-0.2,0.27,9.8,1.195,0.0,0.0,0.0,0.0,7.0,1017.01,67.28,-16.57
2025-03-24 18:18:09.899000+00:00,41.125140546250506,,,,23.188,-1.125,-1.562,22.88,-81.75,-16.375,-24.5,-0.006,0.012,0.036,-0.22,0.29,9.28,-0.01,0.02,-0.51,-0.2,0.27,9.8,1.195,0.0,0.0,0.0,0.0,7.0,1017.01,67.28,-16.57
2025-03-24 18:18:09.957000+00:00,40.8575383433284,,,,23.188,-1.125,-1.562,22.88,-81.75,-16.375,-24.5,-0.006,0.012,0.036,-0.22,0.29,9.28,-0.01,0.02,-0.51,-0.2,0.27,9.8,1.195,0.0,0.0,0.0,0.0,7.0,1017.01,67.28,-16.57
2025-03-24 18:18:11.184000+00:00,40.71479543350261,,,,23.188,-1.125,-1.562,22.88,-81.75,-16.375,-24.5,-0.006,0.012,0.036,-0.22,0.29,9.28,-0.01,0.02,-0.51,-0.2,0.27,9.8,1.195,0.0,0.0,0.0,0.0,7.0,1017.01,67.28,-16.57
2025-03-24 18:18:12.964000+00:00,40.44723300175115,,,,23.188,-1.125,-1.562,22.88,-81.75,-16.375,-24.5,-0.006,0.012,0.036,-0.22,0.29,9.28,-0.01,0.02,-0.51,-0.2,0.27,9.8,1.195,0.0,0.0,0.0,0.0,7.0,1017.01,67.28,-16.57
2025-03-24 18:18:14.664000+00:00,40.17976668644879,,,,23.188,-1.125,-1.562,22.88,-81.75,-16.375,-24.5,-0.006,0.012,0.036,-0.22,0.29,9.28,-0.01,0.02,-0.51,-0.2,0.27,9.8,1.195,0.0,0.0,0.0,0.0,7.0,1017.01,67.28,-16.57
2025-03-24 18:18:14.714000+00:00,39.91230037114641,,,,23.188,-1.125,-1.562,22.88,-81.75,-16.375,-24.5,-0.006,0.012,0.036,-0.22,0.29,9.28,-0.01,0.02,-0.51,-0.2,0.27,9.8,1.195,0.0,0.0,0.0,0.0,7.0,1017.01,67.28,-16.57
2025-03-24 18:17:15.733000+00:00,39.91230037114641,,,,23.188,-1.125,-1.562,22.88,-81.75,-16.375,-24.5,-0.006,0.012,0.036,-0.22,0.29,9.28,-0.01,0.02,-0.51,-0.2,0.27,9.8,1.195,0.0,0.0,0.0,0.0,7.0,1017.01,67.28,-16.57
2025-03-24 18:17:16.762000+00:00,39.91230037114641,,,,23.062,-1.062,-1.562,22.88,-81.75,-16.375,-24.5,-0.006,0.012,0.036,-0.22,0.29,9.28,-0.01,0.02,-0.51,-0.2,0.27,9.8,1.195,0.0,0.0,0.0,0.0,7.0,1017.01,67.28,-16.57
2025-03-24 18:17:17.751000+00:00,39.91230037114641,,,,23.125,-1.0,-1.625,22.88,-81.75,-16.375,-24.5,-0.006,0.012,0.036,-0.22,0.29,9.28,-0.01,0.02,-0.51,-0.2,0.27,9.8,1.195,0.0,0.0,0.0,0.0,7.0,1017.01,67.28,-16.57
2025-03-24 18:17:18.759000+00:00,39.91230037114641,,,,23.062,-1.0,-1.625,22.88,-81.75,-16.375,-24.5,-0.006,0.012,0.036,-0.22,0.29,9.28,-0.01,0.02,-0.51,-0.2,0.27,9.8,1.195,0.0,0.0,0.0,0.0,7.0,1017.01,67.28,-16.57
2025-03-24 18:17:19.766000+00:00,39.91230037114641,,,,23.062,-0.938,-1.688,22.88,-81.75,-16.375,-24.5,-0.006,0.012,0.036,-0.22,0.29,9.28,-0.01,0.02,-0.51,-0.2,0.27,9.8,1.195,0.0,0.0,0.0,0.0,7.0,1017.01,67.28,-16.57
2025-03-24 18:17:20.778000+00:00,39.91230037114641,,,,22.938,-0.938,-1.625,22.88,-81.75,-16.375,-24.5,-0.006,0.012,0.036,-0.22,0.29,9.28,-0.01,0.02,-0.51,-0.2,0.27,9.8,1.195,0.0,0.0,0.0,0.0,7.0,1017.01,67.28,-16.57
2025-03-24 18:17:21.837000+00:00,39.91230037114641,,,,22.938,-0.875,-1.625,22.88,-81.75,-16.375,-24.5,-0.006,0.012,0.036,-0.22,0.29,9.28,-0.01,0.02,-0.51,-0.2,0.27,9.8,1.195,0.0,0.0,0.0,0.0,7.0,1017.01,67.28,-16.57
2025-03-24 18:17:22.924000+00:00,39.91230037114641,,,,23.0,-1.062,-1.75,22.88,-81.75,-16.375,-24.5,-0.006,0.012,0.036,-0.22,0.29,9.28,-0.01,0.02,-0.51,-0.2,0.27,9.8,1.195,0.0,0.0,0.0,0.0,7.0,1017.01,67.28,-16.57
2025-03-24 18:17:23.918000+00:00,39.91230037114641,,,,22.938,-1.0,-1.75,22.88,-81.75,-16.375,-24.5,-0.006,0.012,0.036,-0.22,0.29,9.28,-0.01,0.02,-0.51,-0.2,0.27,9.8,1.195,0.0,0.0,0.0,0.0,7.0,1017.01,67.28,-16.57
2025-03-24 18:17:24.937000+00:00,39.91230037114641,,,,22.938,-1.062,-1.75,22.88,-81.75,-16.375,-24.5,-0.006,0.012,0.036,-0.22,0.29,9.28,-0.01,0.02,-0.51,-0.2,0.27,9.8,1.195,0.0,0.0,0.0,0.0,7.0,1017.01,67.28,-16.57
2025-03-24 18:17:25.917000+00:00,39.91230037114641,,,,22.938,-1.125,-1.812,22.88,-81.75,-16.375,-24.5,-0.006,0.012,0.036,-0.22,0.29,9.28,-0.01,0.02,-0.51,-0.2,0.27,9.8,1.195,0.0,0.0,0.0,0.0,7.0,1017.01,67.28,-16.57
2025-03-24 18:17:27.147000+00:00,39.91230037114641,,,,22.875,-1.0,-1.812,22.88,-81.75,-16.375,-24.5,-0.006,0.012,0.036,-0.22,0.29,9.28,-0.01,0.02,-0.51,-0.2,0.27,9.8,1.195,0.0,0.0,0.0,0.0,7.0,1017.01,67.28,-16.57
2025-03-24 18:17:28.314000+00:00,39.91230037114641,,,,22.812,-1.0,-1.75,22.88,-81.75,-16.375,-24.5,-0.006,0.012,0.036,-0.22,0.29,9.28,-0.01,0.02,-0.51,-0.2,0.27,9.8,1.195,0.0,0.0,0.0,0.0,7.0,1017.01,67.28,-16.57
2025-03-24 18:17:29.197000+00:00,39.91230037114641,,,,22.75,-0.938,-1.75,22.88,-81.75,-16.375,-24.5,-0.006,0.012,0.036,-0.22,0.29,9.28,-0.01,0.02,-0.51,-0.2,0.27,9.8,1.195,0.0,0.0,0.0,0.0,7.0,1017.01,67.28,-16.57
2025-03-24 18:17:30.313000+00:00,39.91230037114641,,,,22.812,-1.0,-1.812,22.88,-81.75,-16.375,-24.5,-0.006,0.012,0.036,-0.22,0.29,9.28,-0.01,0.02,-0.51,-0.2,0.27,9.8,1.195,0.0,0.0,0.0,0.0,7.0,1017.01,67.28,-16.57
2025-03-24 18:17:31.047000+00:00,39.91230037114641,,,,22.75,-1.0,-1.812,22.88,-81.75,-16.375,-24.5,-0.006,0.012,0.036,-0.22,0.29,9.28,-0.01,0.02,-0.51,-0.2,0.27,9.8,1.195,0.0,0.0,0.0,0.0,7.0,1017.01,67.28,-16.57
2025-03-24 18:17:32.007000+00:00,39.91230037114641,,,,22.75,-1.125,-1.812,22.88,-81.75,-16.375,-24.5,-0.006,0.012,0.036,-0.22,0.29,9.28,-0.01,0.02,-0.51,-0.2,0.27,9.8,1.195,0.0,0.0,0.0,0.0,7.0,1017.01,67.28,-16.57
2025-03-24 18:17:33.017000+00:00,39.91230037114641,,,,22.75,-1.062,-1.812,22.88,-81.75,-16.375,-24.5,-0.006,0.012,0.036,-0.22,0.29,9.28,-0.01,0.02,-0.51,-0.2,0.27,9.8,1.195,0.0,0.0,0.0,0.0,7.0,1017.01,67.28,-16.57
2025-03-24 18:17:34.019000+00:00,39.91230037114641,,,,22.75,-1.188,-1.812,22.88,-81.75,-16.375,-24.5,-0.006,0.012,0.036,-0.22,0.29,9.28,-0.01,0.02,-0.51,-0.2,0.27,9.8,1.195,0.0,0.0,0.0,0.0,7.0,1017.01,67.28,-16.57
2025-03-24 18:17:35.040000+00:00,39.91230037114641,,,,22.75,-1.312,-1.812,22.88,-81.75,-16.375,-24.5,-0.006,0.012,0.036,-0.22,0.29,9.28,-0.01,0.02,-0.51,-0.2,0.27,9.8,1.195,0.0,0.0,0.0,0.0,7.0,1017.01,67.28,-16.57
2025-03-24 18:17:36.037000+00:00,39.91230037114641,,,,22.688,-1.312,-1.812,22.88,-81.75,-16.375,-24.5,-0.006,0.012,0.036,-0.22,0.29,9.28,-0.01,0.02,-0.51,-0.2,0.27,9.8,1.195,0.0,0.0,0.0,0.0,7.0,1017.01,67.28,-16.57
2025-03-24 18:17:37.026000+00:00,39.91230037114641,,,,22.625,-1.25,-1.812,22.88,-81.75,-16.375,-24.5,-0.006,0.012,0.036,-0.22,0.29,9.28,-0.01,0.02,-0.51,-0.2,0.27,9.8,1.195,0.0,0.0,0.0,0.0,7.0,1017.01,67.28,-16.57
2025-03-24 18:17:38.026000+00:00,39.91230037114641,,,,22.625,-1.0,-1.688,22.88,-81.75,-16.375,-24.5,-0.006,0.012,0.036,-0.22,0.29,9.28,-0.01,0.02,-0.51,-0.2,0.27,9.8,1.195,0.0,0.0,0.0,0.0,7.0,1017.01,67.28,-16.57
2025-03-24 18:17:39.056000+00:00,39.91230037114641,,,,22.688,-1.0,-1.812,22.88,-81.75,-16.375,-24.5,-0.006,0.012,0.036,-0.22,0.29,9.28,-0.01,0.02,-0.51,-0.2,0.27,9.8,1.195,0.0,0.0,0.0,0.0,7.0,1017.01,67.28,-16.57
2025-03-24 18:17:40.036000+00:00,39.91230037114641,,,,22.562,-1.062,-1.75,22.88,-81.75,-16.375,-24.5,-0.006,0.012,0.036,-0.22,0.29,9.28,-0.01,0.02,-0.51,-0.2,0.27,9.8,1.195,0.0,0.0,0.0,0.0,7.0,1017.01,67.28,-16.57
2025-03-24 18:17:41.105000+00:00,39.91230037114641,,,,22.625,-1.0,-1.75,22.88,-81.75,-16.375,-24.5,-0.006,0.012,0.036,-0.22,0.29,9.28,-0.01,0.02,-0.51,-0.2,0.27,9.8,1.195,0.0,0.0,0.0,0.0,7.0,1017.01,67.28,-16.57
2025-03-24 18:17:42.046000+00:00,39.91230037114641,,,,22.5,-1.125,-1.75,22.88,-81.75,-16.375,-24.5,-0.006,0.012,0.036,-0.22,0.29,9.28,-0.01,0.02,-0.51,-0.2,0.27,9.8,1.195,0.0,0.0,0.0,0.0,7.0,1017.01,67.28,-16.57
2025-03-24 18:17:43.065000+00:00,39.91230037114641,,,,22.438,-1.0,-1.75,22.88,-81.75,-16.375,-24.5,-0.006,0.012,0.036,-0.22,0.29,9.28,-0.01,0.02,-0.51,-0.2,0.27,9.8,1.195,0.0,0.0,0.0,0.0,7.0,1017.01,67.28,-16.57
2025-03-24 18:17:44.113000+00:00,39.91230037114641,,,,22.375,-1.0,-1.75,22.88,-81.75,-16.375,-24.5,-0.006,0.012,0.036,-0.22,0.29,9.28,-0.01,0.02,-0.51,-0.2,0.27,9.8,1.195,0.0,0.0,0.0,0.0,7.0,1017.01,67.28,-16.57
2025-03-24 18:17:45.066000+00:00,39.91230037114641,,,,22.312,-0.938,-1.812,22.88,-81.75,-16.375,-24.5,-0.006,0.012,0.036,-0.22,0.29,9.28,-0.01,0.02,-0.51,-0.2,0.27,9.8,1.195,0.0,0.0,0.0,0.0,7.0,1017.01,67.28,-16.57
2025-03-24 18:17:46.066000+00:00,39.91230037114641,,,,22.312,-1.125,-1.75,22.88,-81.75,-16.375,-24.5,-0.006,0.012,0.036,-0.22,0.29,9.28,-0.01,0.02,-0.51,-0.2,0.27,9.8,1.195,0.0,0.0,0.0,0.0,7.0,1017.01,67.28,-16.57
2025-03-24 18:17:47.292000+00:00,39.91230037114641,,,,22.312,-1.188,-1.812,22.88,-81.75,-16.375,-24.5,-0.006,0.012,0.036,-0.22,0.29,9.28,-0.01,0.02,-0.51,-0.2,0.27,9.8,1.195,0.0,0.0,0.0,0.0,7.0,1017.01,67.28,-16.57
2025-03-24 18:17:48.335000+00:00,39.91230037114641,,,,22.25,-1.188,-1.812,22.88,-81.75,-16.375,-24.5,-0.006,0.012,0.036,-0.22,0.29,9.28,-0.01,0.02,-0.51,-0.2,0.27,9.8,1.195,0.0,0.0,0.0,0.0,7.0,1017.01,67.28,-16.57
2025-03-24 18:17:49.375000+00:00,39.91230037114641,,,,22.312,-1.0,-1.875,22.88,-81.75,-16.375,-24.5,-0.006,0.012,0.036,-0.22,0.29,9.28,-0.01,0.02,-0.51,-0.2,0.27,9.8,1.195,0.0,0.0,0.0,0.0,7.0,1017.01,67.28,-16.57
2025-03-24 18:17:50.085000+00:00,39.91230037114641,,,,22.25,-1.0,-1.875,22.88,-81.75,-16.375,-24.5,-0.006,0.012,0.036,-0.22,0.29,9.28,-0.01,0.02,-0.51,-0.2,0.27,9.8,1.195,0.0,0.0,0.0,0.0,7.0,1017.01,67.28,-16.57
2025-03-24 18:17:51.094000+00:00,39.91230037114641,,,,22.25,-1.062,-1.938,22.88,-81.75,-16.375,-24.5,-0.006,0.012,0.036,-0.22,0.29,9.28,-0.01,0.02,-0.51,-0.2,0.27,9.8,1.195,0.0,0.0,0.0,0.0,7.0,1017.01,67.28,-16.57
2025-03-24 18:17:52.145000+00:00,39.91230037114641,,,,22.188,-0.938,-1.812,22.88,-81.75,-16.375,-24.5,-0.006,0.012,0.036,-0.22,0.29,9.28,-0.01,0.02,-0.51,-0.2,0.27,9.8,1.195,0.0,0.0,0.0,0.0,7.0,1017.01,67.28,-16.57
2025-03-24 18:17:53.101000+00:00,39.91230037114641,,,,22.125,-1.0,-1.875,22.88,-81.75,-16.375,-24.5,-0.006,0.012,0.036,-0.22,0.29,9.28,-0.01,0.02,-0.51,-0.2,0.27,9.8,1.195,0.0,0.0,0.0,0.0,7.0,1017.01,67.28,-16.57
2025-03-24 18:17:54.110000+00:00,39.91230037114641,,,,22.125,-1.0,-1.875,22.88,-81.75,-16.375,-24.5,-0.006,0.012,0.036,-0.22,0.29,9.28,-0.01,0.02,-0.51,-0.2,0.27,9.8,1.195,0.0,0.0,0.0,0.0,7.0,1017.01,67.28,-16.57
2025-03-24 18:17:55.120000+00:00,39.91230037114641,,,,22.125,-1.0,-1.875,22.88,-81.75,-16.375,-24.5,-0.006,0.012,0.036,-0.22,0.29,9.28,-0.01,0.02,-0.51,-0.2,0.27,9.8,1.195,0.0,0.0,0.0,0.0,7.0,1017.01,67.28,-16.57
2025-03-24 18:17:56.245000+00:00,39.91230037114641,,,,22.062,-0.938,-1.812,22.88,-81.75,-16.375,-24.5,-0.006,0.012,0.036,-0.22,0.29,9.28,-0.01,0.02,-0.51,-0.2,0.27,9.8,1.195,0.0,0.0,0.0,0.0,7.0,1017.01,67.28,-16.57
2025-03-24 18:17:57.351000+00:00,39.91230037114641,,,,22.0,-1.062,-1.75,22.88,-81.75,-16.375,-24.5,-0.006,0.012,0.036,-0.22,0.29,9.28,-0.01,0.02,-0.51,-0.2,0.27,9.8,1.195,0.0,0.0,0.0,0.0,7.0,1017.01,67.28,-16.57
2025-03-24 18:17:58.425000+00:00,39.91230037114641,,,,22.062,-1.062,-1.812,22.88,-81.75,-16.375,-24.5,-0.006,0.012,0.036,-0.22,0.29,9.28,-0.01,0.02,-0.51,-0.2,0.27,9.8,1.195,0.0,0.0,0.0,0.0,7.0,1017.01,67.28,-16.57
2025-03-24 18:17:59.461000+00:00,39.91230037114641,,,,22.062,-1.125,-1.75,22.88,-81.75,-16.375,-24.5,-0.006,0.012,0.036,-0.22,0.29,9.28,-0.01,0.02,-0.51,-0.2,0.27,9.8,1.195,0.0,0.0,0.0,0.0,7.0,1017.01,67.28,-16.57
2025-03-24 18:18:00.465000+00:00,39.91230037114641,,,,22.062,-0.938,-1.688,22.88,-81.75,-16.375,-24.5,-0.006,0.012,0.036,-0.22,0.29,9.28,-0.01,0.02,-0.51,-0.2,0.27,9.8,1.195,0.0,0.0,0.0,0.0,7.0,1017.01,67.28,-16.57
2025-03-24 18:18:01.179000+00:00,39.91230037114641,,,,22.062,-0.938,-1.812,22.88,-81.75,-16.375,-24.5,-0.006,0.012,0.036,-0.22,0.29,9.28,-0.01,0.02,-0.51,-0.2,0.27,9.8,1.195,0.0,0.0,0.0,0.0,7.0,1017.01,67.28,-16.57
2025-03-24 18:18:02.188000+00:00,39.91230037114641,,,,22.0,-0.938,-1.875,22.88,-81.75,-16.375,-24.5,-0.006,0.012,0.036,-0.22,0.29,9.28,-0.01,0.02,-0.51,-0.2,0.27,9.8,1.195,0.0,0.0,0.0,0.0,7.0,1017.01,67.28,-16.57
2025-03-24 18:18:03.199000+00:00,39.91230037114641,,,,22.0,-1.0,-1.875,22.88,-81.75,-16.375,-24.5,-0.006,0.012,0.036,-0.22,0.29,9.28,-0.01,0.02,-0.51,-0.2,0.27,9.8,1.195,0.0,0.0,0.0,0.0,7.0,1017.01,67.28,-16.57
2025-03-24 18:18:04.209000+00:00,39.91230037114641,,,,21.938,-1.062,-1.875,22.88,-81.75,-16.375,-24.5,-0.006,0.012,0.036,-0.22,0.29,9.28,-0.01,0.02,-0.51,-0.2,0.27,9.8,1.195,0.0,0.0,0.0,0.0,7.0,1017.01,67.28,-16.57
2025-03-24 18:18:05.219000+00:00,39.91230037114641,,,,21.875,-1.0,-1.812,22.88,-81.75,-16.375,-24.5,-0.006,0.012,0.036,-0.22,0.29,9.28,-0.01,0.02,-0.51,-0.2,0.27,9.8,1.195,0.0,0.0,0.0,0.0,7.0,1017.01,67.28,-16.57
2025-03-24 18:18:06.284000+00:00,39.91230037114641,,,,21.875,-0.938,-1.688,22.88,-81.75,-16.375,-24.5,-0.006,0.012,0.036,-0.22,0.29,9.28,-0.01,0.02,-0.51,-0.2,0.27,9.8,1.195,0.0,0.0,0.0,0.0,7.0,1017.01,67.28,-16.57
2025-03-24 18:18:07.274000+00:00,39.91230037114641,,,,21.875,-0.938,-1.75,22.88,-81.75,-16.375,-24.5,-0.006,0.012,0.036,-0.22,0.29,9.28,-0.01,0.02,-0.51,-0.2,0.27,9.8,1.195,0.0,0.0,0.0,0.0,7.0,1017.01,67.28,-16.57
2025-03-24 18:18:08.250000+00:00,39.91230037114641,,,,21.812,-1.0,-1.75,22.88,-81.75,-16.375,-24.5,-0.006,0.012,0.036,-0.22,0.29,9.28,-0.01,0.02,-0.51,-0.2,0.27,9.8,1.195,0.0,0.0,0.0,0.0,7.0,1017.01,67.28,-16.57
2025-03-24 18:18:09.514000+00:00,39.91230037114641,,,,21.75,-0.938,-1.688,22.88,-81.75,-16.375,-24.5,-0.006,0.012,0.036,-0.22,0.29,9.28,-0.01,0.02,-0.51,-0.2,0.27,9.8,1.195,0.0,0.0,0.0,0.0,7.0,1017.01,67.28,-16.57
2025-03-24 18:18:10.271000+00:00,39.91230037114641,,,,21.688,-0.938,-1.688,22.88,-81.75,-16.375,-24.5,-0.006,0.012,0.036,-0.22,0.29,9.28,-0.01,0.02,-0.51,-0.2,0.27,9.8,1.195,0.0,0.0,0.0,0.0,7.0,1017.01,67.28,-16.57
2025-03-24 18:18:11.281000+00:00,39.91230037114641,,,,21.75,-0.938,-1.625,22.88,-81.75,-16.375,-24.5,-0.006,0.012,0.036,-0.22,0.29,9.28,-0.01,0.02,-0.51,-0.2,0.27,9.8,1.195,0.0,0.0,0.0,0.0,7.0,1017.01,67.28,-16.57
2025-03-24 18:18:12.290000+00:00,39.91230037114641,,,,21.812,-0.938,-1.625,22.88,-81.75,-16.375,-24.5,-0.006,0.012,0.036,-0.22,0.29,9.28,-0.01,0.02,-0.51,-0.2,0.27,9.8,1.195,0.0,0.0,0.0,0.0,7.0,1017.01,67.28,-16.57
2025-03-24 18:18:13.298000+00:00,39.91230037114641,,,,21.75,-1.0,-1.625,22.88,-81.75,-16.375,-24.5,-0.006,0.012,0.036,-0.22,0.29,9.28,-0.01,0.02,-0.51,-0.2,0.27,9.8,1.195,0.0,0.0,0.0,0.0,7.0,1017.01,67.28,-16.57
2025-03-24 18:18:14.308000+00:00,39.91230037114641,,,,21.75,-1.062,-1.625,22.88,-81.75,-16.375,-24.5,-0.006,0.012,0.036,-0.22,0.29,9.28,-0.01,0.02,-0.51,-0.2,0.27,9.8,1.195,0.0,0.0,0.0,0.0,7.0,1017.01,67.28,-16.57
2025-03-24 18:17:15.358000+00:00,39.91230037114641,,,,21.75,-1.062,-1.625,22.88,-81.75,-16.375,-24.5,-0.006,0.012,0.036,-0.22,0.29,9.28,-0.01,0.02,-0.51,-0.2,0.27,9.8,1.195,0.0,0.0,0.0,0.0,7.0,1017.01,67.28,-16.57
2025-03-24 18:17:15.788000+00:00,39.91230037114641,,,,21.75,-1.062,-1.625,23.0,-81.75,-16.375,-24.5,-0.006,0.012,0.036,-0.22,0.29,9.28,-0.01,0.02,-0.51,-0.2,0.27,9.8,1.195,0.0,0.0,0.0,0.0,7.0,1017.01,67.28,-16.57
2025-03-24 18:17:16.371000+00:00,39.91230037114641,,,,21.75,-1.062,-1.625,22.88,-81.75,-16.375,-24.5,-0.006,0.012,0.036,-0.22,0.29,9.28,-0.01,0.02,-0.51,-0.2,0.27,9.8,1.195,0.0,0.0,0.0,0.0,7.0,1017.01,67.28,-16.57
2025-03-24 18:17:16.808000+00:00,39.91230037114641,,,,21.75,-1.062,-1.625,23.0,-81.75,-16.375,-24.5,-0.006,0.012,0.036,-0.22,0.29,9.28,-0.01,0.02,-0.51,-0.2,0.27,9.8,1.195,0.0,0.0,0.0,0.0,7.0,1017.01,67.28,-16.57
2025-03-24 18:17:17.428000+00:00,39.91230037114641,,,,21.75,-1.062,-1.625,22.88,-81.75,-16.375,-24.5,-0.006,0.012,0.036,-0.22,0.29,9.28,-0.01,0.02,-0.51,-0.2,0.27,9.8,1.195,0.0,0.0,0.0,0.0,7.0,1017.01,67.28,-16.57
2025-03-24 18:17:17.805000+00:00,39.91230037114641,,,,21.75,-1.062,-1.625,23.0,-81.75,-16.375,-24.5,-0.006,0.012,0.036,-0.22,0.29,9.28,-0.01,0.02,-0.51,-0.2,0.27,9.8,1.195,0.0,0.0,0.0,0.0,7.0,1017.01,67.28,-16.57
2025-03-24 18:17:18.378000+00:00,39.91230037114641,,,,21.75,-1.062,-1.625,22.88,-81.75,-16.375,-24.5,-0.006,0.012,0.036,-0.22,0.29,9.28,-0.01,0.02,-0.51,-0.2,0.27,9.8,1.195,0.0,0.0,0.0,0.0,7.0,1017.01,67.28,-16.57
2025-03-24 18:17:18.814000+00:00,39.91230037114641,,,,21.75,-1.062,-1.625,23.0,-81.75,-16.375,-24.5,-0.006,0.012,0.036,-0.22,0.29,9.28,-0.01,0.02,-0.51,-0.2,0.27,9.8,1.195,0.0,0.0,0.0,0.0,7.0,1017.01,67.28,-16.57
2025-03-24 18:17:19.414000+00:00,39.91230037114641,,,,21.75,-1.062,-1.625,22.88,-81.75,-16.375,-24.5,-0.006,0.012,0.036,-0.22,0.29,9.28,-0.01,0.02,-0.51,-0.2,0.27,9.8,1.195,0.0,0.0,0.0,0.0,7.0,1017.01,67.28,-16.57
2025-03-24 18:17:19.817000+00:00,39.91230037114641,,,,21.75,-1.062,-1.625,23.0,-81.75,-16.375,-24.5,-0.006,0.012,0.036,-0.22,0.29,9.28,-0.01,0.02,-0.51,-0.2,0.27,9.8,1.195,0.0,0.0,0.0,0.0,7.0,1017.01,67.28,-16.57
2025-03-24 18:17:20.498000+00:00,39.91230037114641,,,,21.75,-1.062,-1.625,22.88,-81.75,-16.375,-24.5,-0.006,0.012,0.036,-0.22,0.29,9.28,-0.01,0.02,-0.51,-0.2,0.27,9.8,1.195,0.0,0.0,0.0,0.0,7.0,1017.01,67.28,-16.57
2025-03-24 18:17:20.835000+00:00,39.91230037114641,,,,21.75,-1.062,-1.625,23.0,-81.75,-16.375,-24.5,-0.006,0.012,0.036,-0.22,0.29,9.28,-0.01,0.02,-0.51,-0.2,0.27,9.8,1.195,0.0,0.0,0.0,0.0,7.0,1017.01,67.28,-16.57
2025-03-24 18:17:21.578000+00:00,39.91230037114641,,,,21.75,-1.062,-1.625,22.88,-81.75,-16.375,-24.5,-0.006,0.012,0.036,-0.22,0.29,9.28,-0.01,0.02,-0.51,-0.2,0.27,9.8,1.195,0.0,0.0,0.0,0.0,7.0,1017.01,67.28,-16.57
2025-03-24 18:17:21.888000+00:00,39.91230037114641,,,,21.75,-1.062,-1.625,23.0,-81.75,-16.375,-24.5,-0.006,0.012,0.036,-0.22,0.29,9.28,-0.01,0.02,-0.51,-0.2,0.27,9.8,1.195,0.0,0.0,0.0,0.0,7.0,1017.01,67.28,-16.57
2025-03-24 18:17:22.718000+00:00,39.91230037114641,,,,21.75,-1.062,-1.625,22.88,-81.75,-16.375,-24.5,-0.006,0.012,0.036,-0.22,0.29,9.28,-0.01,0.02,-0.51,-0.2,0.27,9.8,1.195,0.0,0.0,0.0,0.0,7.0,1017.01,67.28,-16.57
2025-03-24 18:17:22.984000+00:00,39.91230037114641,,,,21.75,-1.062,-1.625,23.0,-81.75,-16.375,-24.5,-0.006,0.012,0.036,-0.22,0.29,9.28,-0.01,0.02,-0.51,-0.2,0.27,9.8,1.195,0.0,0.0,0.0,0.0,7.0,1017.01,67.28,-16.57
2025-03-24 18:17:23.704000+00:00,39.91230037114641,,,,21.75,-1.062,-1.625,22.88,-81.75,-16.375,-24.5,-0.006,0.012,0.036,-0.22,0.29,9.28,-0.01,0.02,-0.51,-0.2,0.27,9.8,1.195,0.0,0.0,0.0,0.0,7.0,1017.01,67.28,-16.57
2025-03-24 18:17:23.974000+00:00,39.91230037114641,,,,21.75,-1.062,-1.625,23.0,-81.75,-16.375,-24.5,-0.006,0.012,0.036,-0.22,0.29,9.28,-0.01,0.02,-0.51,-0.2,0.27,9.8,1.195,0.0,0.0,0.0,0.0,7.0,1017.01,67.28,-16.57
2025-03-24 18:17:24.713000+00:00,39.91230037114641,,,,21.75,-1.062,-1.625,22.88,-81.75,-16.375,-24.5,-0.006,0.012,0.036,-0.22,0.29,9.28,-0.01,0.02,-0.51,-0.2,0.27,9.8,1.195,0.0,0.0,0.0,0.0,7.0,1017.01,67.28,-16.57
2025-03-24 18:17:24.994000+00:00,39.91230037114641,,,,21.75,-1.062,-1.625,23.0,-81.75,-16.375,-24.5,-0.006,0.012,0.036,-0.22,0.29,9.28,-0.01,0.02,-0.51,-0.2,0.27,9.8,1.195,0.0,0.0,0.0,0.0,7.0,1017.01,67.28,-16.57
2025-03-24 18:17:25.693000+00:00,39.91230037114641,,,,21.75,-1.062,-1.625,22.88,-81.75,-16.375,-24.5,-0.006,0.012,0.036,-0.22,0.29,9.28,-0.01,0.02,-0.51,-0.2,0.27,9.8,1.195,0.0,0.0,0.0,0.0,7.0,1017.01,67.28,-16.57
2025-03-24 18:17:25.974000+00:00,39.91230037114641,,,,21.75,-1.062,-1.625,23.0,-81.75,-16.375,-24.5,-0.006,0.012,0.036,-0.22,0.29,9.28,-0.01,0.02,-0.51,-0.2,0.27,9.8,1.195,0.0,0.0,0.0,0.0,7.0,1017.01,67.28,-16.57
2025-03-24 18:17:26.797000+00:00,39.91230037114641,,,,21.75,-1.062,-1.625,22.88,-81.75,-16.375,-24.5,-0.006,0.012,0.036,-0.22,0.29,9.28,-0.01,0.02,-0.51,-0.2,0.27,9.8,1.195,0.0,0.0,0.0,0.0,7.0,1017.01,67.28,-16.57
2025-03-24 18:17:27.206000+00:00,39.91230037114641,,,,21.75,-1.062,-1.625,23.0,-81.75,-16.375,-24.5,-0.006,0.012,0.036,-0.22,0.29,9.28,-0.01,0.02,-0.51,-0.2,0.27,9.8,1.195,0.0,0.0,0.0,0.0,7.0,1017.01,67.28,-16.57
2025-03-24 18:17:27.877000+00:00,39.91230037114641,,,,21.75,-1.062,-1.625,22.88,-81.75,-16.375,-24.5,-0.006,0.012,0.036,-0.22,0.29,9.28,-0.01,0.02,-0.51,-0.2,0.27,9.8,1.195,0.0,0.0,0.0,0.0,7.0,1017.01,67.28,-16.57
2025-03-24 18:17:28.371000+00:00,39.91230037114641,,,,21.75,-1.062,-1.625,23.0,-81.75,-16.375,-24.5,-0.006,0.012,0.036,-0.22,0.29,9.28,-0.01,0.02,-0.51,-0.2,0.27,9.8,1.195,0.0,0.0,0.0,0.0,7.0,1017.01,67.28,-16.57
2025-03-24 18:17:28.802000+00:00,39.91230037114641,,,,21.75,-1.062,-1.625,22.88,-81.75,-16.375,-24.5,-0.006,0.012,0.036,-0.22,0.29,9.28,-0.01,0.02,-0.51,-0.2,0.27,9.8,1.195,0.0,0.0,0.0,0.0,7.0,1017.01,67.28,-16.57
2025-03-24 18:17:29.257000+00:00,39.91230037114641,,,,21.75,-1.062,-1.625,23.0,-81.75,-16.375,-24.5,-0.006,0.012,0.036,-0.22,0.29,9.28,-0.01,0.02,-0.51,-0.2,0.27,9.8,1.195,0.0,0.0,0.0,0.0,7.0,1017.01,67.28,-16.57
2025-03-24 18:17:29.927000+00:00,39.91230037114641,,,,21.75,-1.062,-1.625,22.88,-81.75,-16.375,-24.5,-0.006,0.012,0.036,-0.22,0.29,9.28,-0.01,0.02,-0.51,-0.2,0.27,9.8,1.195,0.0,0.0,0.0,0.0,7.0,1017.01,67.28,-16.57
2025-03-24 18:17:30.372000+00:00,39.91230037114641,,,,21.75,-1.062,-1.625,23.0,-81.75,-16.375,-24.5,-0.006,0.012,0.036,-0.22,0.29,9.28,-0.01,0.02,-0.51,-0.2,0.27,9.8,1.195,0.0,0.0,0.0,0.0,7.0,1017.01,67.28,-16.57
2025-03-24 18:17:31.104000+00:00,39.91230037114641,,,,21.75,-1.062,-1.625,23.0,-81.75,-16.375,-24.5,-0.006,0.012,0.036,-0.22,0.29,9.28,-0.01,0.02,-0.51,-0.2,0.27,9.8,1.195,0.0,0.0,0.0,0.0,7.0,1017.01,67.28,-16.57
2025-03-24 18:17:31.536000+00:00,39.91230037114641,,,,21.75,-1.062,-1.625,22.88,-81.75,-16.375,-24.5,-0.006,0.012,0.036,-0.22,0.29,9.28,-0.01,0.02,-0.51,-0.2,0.27,9.8,1.195,0.0,0.0,0.0,0.0,7.0,1017.01,67.28,-16.57
2025-03-24 18:17:32.064000+00:00,39.91230037114641,,,,21.75,-1.062,-1.625,23.0,-81.75,-16.375,-24.5,-0.006,0.012,0.036,-0.22,0.29,9.28,-0.01,0.02,-0.51,-0.2,0.27,9.8,1.195,0.0,0.0,0.0,0.0,7.0,1017.01,67.28,-16.57
2025-03-24 18:17:32.503000+00:00,39.91230037114641,,,,21.75,-1.062,-1.625,22.88,-81.75,-16.375,-24.5,-0.006,0.012,0.036,-0.22,0.29,9.28,-0.01,0.02,-0.51,-0.2,0.27,9.8,1.195,0.0,0.0,0.0,0.0,7.0,1017.01,67.28,-16.57
2025-03-24 18:17:33.076000+00:00,39.91230037114641,,,,21.75,-1.062,-1.625,23.0,-81.75,-16.375,-24.5,-0.006,0.012,0.036,-0.22,0.29,9.28,-0.01,0.02,-0.51,-0.2,0.27,9.8,1.195,0.0,0.0,0.0,0.0,7.0,1017.01,67.28,-16.57
2025-03-24 18:17:33.503000+00:00,39.91230037114641,,,,21.75,-1.062,-1.625,22.88,-81.75,-16.375,-24.5,-0.006,0.012,0.036,-0.22,0.29,9.28,-0.01,0.02,-0.51,-0.2,0.27,9.8,1.195,0.0,0.0,0.0,0.0,7.0,1017.01,67.28,-16.57
2025-03-24 18:17:34.067000+00:00,39.91230037114641,,,,21.75,-1.062,-1.625,23.0,-81.75,-16.375,-24.5,-0.006,0.012,0.036,-0.22,0.29,9.28,-0.01,0.02,-0.51,-0.2,0.27,9.8,1.195,0.0,0.0,0.0,0.0,7.0,1017.01,67.28,-16.57
2025-03-24 18:17:34.483000+00:00,39.91230037114641,,,,21.75,-1.062,-1.625,22.88,-81.75,-16.375,-24.5,-0.006,0.012,0.036,-0.22,0.29,9.28,-0.01,0.02,-0.51,-0.2,0.27,9.8,1.195,0.0,0.0,0.0,0.0,7.0,1017.01,67.28,-16.57
2025-03-24 18:17:35.088000+00:00,39.91230037114641,,,,21.75,-1.062,-1.625,23.0,-81.75,-16.375,-24.5,-0.006,0.012,0.036,-0.22,0.29,9.28,-0.01,0.02,-0.51,-0.2,0.27,9.8,1.195,0.0,0.0,0.0,0.0,7.0,1017.01,67.28,-16.57
2025-03-24 18:17:35.573000+00:00,39.91230037114641,,,,21.75,-1.062,-1.625,22.88,-81.75,-16.375,-24.5,-0.006,0.012,0.036,-0.22,0.29,9.28,-0.01,0.02,-0.51,-0.2,0.27,9.8,1.195,0.0,0.0,0.0,0.0,7.0,1017.01,67.28,-16.57
2025-03-24 18:17:36.103000+00:00,39.91230037114641,,,,21.75,-1.062,-1.625,23.0,-81.75,-16.375,-24.5,-0.006,0.012,0.036,-0.22,0.29,9.28,-0.01,0.02,-0.51,-0.2,0.27,9.8,1.195,0.0,0.0,0.0,0.0,7.0,1017.01,67.28,-16.57
2025-03-24 18:17:36.546000+00:00,39.91230037114641,,,,21.75,-1.062,-1.625,22.88,-81.75,-16.375,-24.5,-0.006,0.012,0.036,-0.22,0.29,9.28,-0.01,0.02,-0.51,-0.2,0.27,9.8,1.195,0.0,0.0,0.0,0.0,7.0,1017.01,67.28,-16.57
2025-03-24 18:17:37.083000+00:00,39.91230037114641,,,,21.75,-1.062,-1.625,23.0,-81.75,-16.375,-24.5,-0.006,0.012,0.036,-0.22,0.29,9.28,-0.01,0.02,-0.51,-0.2,0.27,9.8,1.195,0.0,0.0,0.0,0.0,7.0,1017.01,67.28,-16.57
2025-03-24 18:17:37.552000+00:00,39.91230037114641,,,,21.75,-1.062,-1.625,22.88,-81.75,-16.375,-24.5,-0.006,0.012,0.036,-0.22,0.29,9.28,-0.01,0.02,-0.51,-0.2,0.27,9.8,1.195,0.0,0.0,0.0,0.0,7.0,1017.01,67.28,-16.57
2025-03-24 18:17:38.076000+00:00,39.91230037114641,,,,21.75,-1.062,-1.625,23.0,-81.75,-16.375,-24.5,-0.006,0.012,0.036,-0.22,0.29,9.28,-0.01,0.02,-0.51,-0.2,0.27,9.8,1.195,0.0,0.0,0.0,0.0,7.0,1017.01,67.28,-16.57
2025-03-24 18:17:39.106000+00:00,39.91230037114641,,,,21.75,-1.062,-1.625,23.0,-81.75,-16.375,-24.5,-0.006,0.012,0.036,-0.22,0.29,9.28,-0.01,0.02,-0.51,-0.2,0.27,9.8,1.195,0.0,0.0,0.0,0.0,7.0,1017.01,67.28,-16.57
2025-03-24 18:17:39.523000+00:00,39.91230037114641,,,,21.75,-1.062,-1.625,22.88,-81.75,-16.375,-24.5,-0.006,0.012,0.036,-0.22,0.29,9.28,-0.01,0.02,-0.51,-0.2,0.27,9.8,1.195,0.0,0.0,0.0,0.0,7.0,1017.01,67.28,-16.57
2025-03-24 18:17:40.093000+00:00,39.91230037114641,,,,21.75,-1.062,-1.625,23.0,-81.75,-16.375,-24.5,-0.006,0.012,0.036,-0.22,0.29,9.28,-0.01,0.02,-0.51,-0.2,0.27,9.8,1.195,0.0,0.0,0.0,0.0,7.0,1017.01,67.28,-16.57
2025-03-24 18:17:40.522000+00:00,39.91230037114641,,,,21.75,-1.062,-1.625,22.92,-81.75,-16.375,-24.5,-0.006,0.012,0.036,-0.22,0.29,9.28,-0.01,0.02,-0.51,-0.2,0.27,9.8,1.195,0.0,0.0,0.0,0.0,7.0,1017.01,67.28,-16.57
2025-03-24 18:17:41.164000+00:00,39.91230037114641,,,,21.75,-1.062,-1.625,23.0,-81.75,-16.375,-24.5,-0.006,0.012,0.036,-0.22,0.29,9.28,-0.01,0.02,-0.51,-0.2,0.27,9.8,1.195,0.0,0.0,0.0,0.0,7.0,1017.01,67.28,-16.57
2025-03-24 18:17:41.641000+00:00,39.91230037114641,,,,21.75,-1.062,-1.625,22.92,-81.75,-16.375,-24.5,-0.006,0.012,0.036,-0.22,0.29,9.28,-0.01,0.02,-0.51,-0.2,0.27,9.8,1.195,0.0,0.0,0.0,0.0,7.0,1017.01,67.28,-16.57
2025-03-24 18:17:42.102000+00:00,39.91230037114641,,,,21.75,-1.062,-1.625,23.0,-81.75,-16.375,-24.5,-0.006,0.012,0.036,-0.22,0.29,9.28,-0.01,0.02,-0.51,-0.2,0.27,9.8,1.195,0.0,0.0,0.0,0.0,7.0,1017.01,67.28,-16.57
2025-03-24 18:17:42.576000+00:00,39.91230037114641,,,,21.75,-1.062,-1.625,22.92,-81.75,-16.375,-24.5,-0.006,0.012,0.036,-0.22,0.29,9.28,-0.01,0.02,-0.51,-0.2,0.27,9.8,1.195,0.0,0.0,0.0,0.0,7.0,1017.01,67.28,-16.57
2025-03-24 18:17:43.120000+00:00,39.91230037114641,,,,21.75,-1.062,-1.625,23.0,-81.75,-16.375,-24.5,-0.006,0.012,0.036,-0.22,0.29,9.28,-0.01,0.02,-0.51,-0.2,0.27,9.8,1.195,0.0,0.0,0.0,0.0,7.0,1017.01,67.28,-16.57
2025-03-24 18:17:43.536000+00:00,39.91230037114641,,,,21.75,-1.062,-1.625,22.92,-81.75,-16.375,-24.5,-0.006,0.012,0.036,-0.22,0.29,9.28,-0.01,0.02,-0.51,-0.2,0.27,9.8,1.195,0.0,0.0,0.0,0.0,7.0,1017.01,67.28,-16.57
2025-03-24 18:17:44.169000+00:00,39.91230037114641,,,,21.75,-1.062,-1.625,23.0,-81.75,-16.375,-24.5,-0.006,0.012,0.036,-0.22,0.29,9.28,-0.01,0.02,-0.51,-0.2,0.27,9.8,1.195,0.0,0.0,0.0,0.0,7.0,1017.01,67.28,-16.57
2025-03-24 18:17:44.577000+00:00,39.91230037114641,,,,21.75,-1.062,-1.625,22.92,-81.75,-16.375,-24.5,-0.006,0.012,0.036,-0.22,0.29,9.28,-0.01,0.02,-0.51,-0.2,0.27,9.8,1.195,0.0,0.0,0.0,0.0,7.0,1017.01,67.28,-16.57
2025-03-24 18:17:45.123000+00:00,39.91230037114641,,,,21.75,-1.062,-1.625,23.0,-81.75,-16.375,-24.5,-0.006,0.012,0.036,-0.22,0.29,9.28,-0.01,0.02,-0.51,-0.2,0.27,9.8,1.195,0.0,0.0,0.0,0.0,7.0,1017.01,67.28,-16.57
2025-03-24 18:17:45.655000+00:00,39.91230037114641,,,,21.75,-1.062,-1.625,22.92,-81.75,-16.375,-24.5,-0.006,0.012,0.036,-0.22,0.29,9.28,-0.01,0.02,-0.51,-0.2,0.27,9.8,1.195,0.0,0.0,0.0,0.0,7.0,1017.01,67.28,-16.57
2025-03-24 18:17:46.116000+00:00,39.91230037114641,,,,21.75,-1.062,-1.625,23.0,-81.75,-16.375,-24.5,-0.006,0.012,0.036,-0.22,0.29,9.28,-0.01,0.02,-0.51,-0.2,0.27,9.8,1.195,0.0,0.0,0.0,0.0,7.0,1017.01,67.28,-16.57
2025-03-24 18:17:46.805000+00:00,39.91230037114641,,,,21.75,-1.062,-1.625,22.92,-81.75,-16.375,-24.5,-0.006,0.012,0.036,-0.22,0.29,9.28,-0.01,0.02,-0.51,-0.2,0.27,9.8,1.195,0.0,0.0,0.0,0.0,7.0,1017.01,67.28,-16.57
2025-03-24 18:17:47.350000+00:00,39.91230037114641,,,,21.75,-1.062,-1.625,23.0,-81.75,-16.375,-24.5,-0.006,0.012,0.036,-0.22,0.29,9.28,-0.01,0.02,-0.51,-0.2,0.27,9.8,1.195,0.0,0.0,0.0,0.0,7.0,1017.01,67.28,-16.57
2025-03-24 18:17:47.965000+00:00,39.91230037114641,,,,21.75,-1.062,-1.625,22.92,-81.75,-16.375,-24.5,-0.006,0.012,0.036,-0.22,0.29,9.28,-0.01,0.02,-0.51,-0.2,0.27,9.8,1.195,0.0,0.0,0.0,0.0,7.0,1017.01,67.28,-16.57
2025-03-24 18:17:48.392000+00:00,39.91230037114641,,,,21.75,-1.062,-1.625,23.0,-81.75,-16.375,-24.5,-0.006,0.012,0.036,-0.22,0.29,9.28,-0.01,0.02,-0.51,-0.2,0.27,9.8,1.195,0.0,0.0,0.0,0.0,7.0,1017.01,67.28,-16.57
2025-03-24 18:17:49.166000+00:00,39.91230037114641,,,,21.75,-1.062,-1.625,22.92,-81.75,-16.375,-24.5,-0.006,0.012,0.036,-0.22,0.29,9.28,-0.01,0.02,-0.51,-0.2,0.27,9.8,1.195,0.0,0.0,0.0,0.0,7.0,1017.01,67.28,-16.57
2025-03-24 18:17:49.426000+00:00,39.91230037114641,,,,21.75,-1.062,-1.625,23.0,-81.75,-16.375,-24.5,-0.006,0.012,0.036,-0.22,0.29,9.28,-0.01,0.02,-0.51,-0.2,0.27,9.8,1.195,0.0,0.0,0.0,0.0,7.0,1017.01,67.28,-16.57
2025-03-24 18:17:50.135000+00:00,39.91230037114641,,,,21.75,-1.062,-1.625,23.0,-81.75,-16.375,-24.5,-0.006,0.012,0.036,-0.22,0.29,9.28,-0.01,0.02,-0.51,-0.2,0.27,9.8,1.195,0.0,0.0,0.0,0.0,7.0,1017.01,67.28,-16.57
2025-03-24 18:17:50.556000+00:00,39.91230037114641,,,,21.75,-1.062,-1.625,22.92,-81.75,-16.375,-24.5,-0.006,0.012,0.036,-0.22,0.29,9.28,-0.01,0.02,-0.51,-0.2,0.27,9.8,1.195,0.0,0.0,0.0,0.0,7.0,1017.01,67.28,-16.57
2025-03-24 18:17:51.155000+00:00,39.91230037114641,,,,21.75,-1.062,-1.625,23.0,-81.75,-16.375,-24.5,-0.006,0.012,0.036,-0.22,0.29,9.28,-0.01,0.02,-0.51,-0.2,0.27,9.8,1.195,0.0,0.0,0.0,0.0,7.0,1017.01,67.28,-16.57
2025-03-24 18:17:51.700000+00:00,39.91230037114641,,,,21.75,-1.062,-1.625,22.92,-81.75,-16.375,-24.5,-0.006,0.012,0.036,-0.22,0.29,9.28,-0.01,0.02,-0.51,-0.2,0.27,9.8,1.195,0.0,0.0,0.0,0.0,7.0,1017.01,67.28,-16.57
2025-03-24 18:17:52.200000+00:00,39.91230037114641,,,,21.75,-1.062,-1.625,23.0,-81.75,-16.375,-24.5,-0.006,0.012,0.036,-0.22,0.29,9.28,-0.01,0.02,-0.51,-0.2,0.27,9.8,1.195,0.0,0.0,0.0,0.0,7.0,1017.01,67.28,-16.57
2025-03-24 18:17:52.612000+00:00,39.91230037114641,,,,21.75,-1.062,-1.625,22.92,-81.75,-16.375,-24.5,-0.006,0.012,0.036,-0.22,0.29,9.28,-0.01,0.02,-0.51,-0.2,0.27,9.8,1.195,0.0,0.0,0.0,0.0,7.0,1017.01,67.28,-16.57
2025-03-24 18:17:53.165000+00:00,39.91230037114641,,,,21.75,-1.062,-1.625,23.0,-81.75,-16.375,-24.5,-0.006,0.012,0.036,-0.22,0.29,9.28,-0.01,0.02,-0.51,-0.2,0.27,9.8,1.195,0.0,0.0,0.0,0.0,7.0,1017.01,67.28,-16.57
2025-03-24 18:17:53.685000+00:00,39.91230037114641,,,,21.75,-1.062,-1.625,22.92,-81.75,-16.375,-24.5,-0.006,0.012,0.036,-0.22,0.29,9.28,-0.01,0.02,-0.51,-0.2,0.27,9.8,1.195,0.0,0.0,0.0,0.0,7.0,1017.01,67.28,-16.57
2025-03-24 18:17:54.163000+00:00,39.91230037114641,,,,21.75,-1.062,-1.625,23.0,-81.75,-16.375,-24.5,-0.006,0.012,0.036,-0.22,0.29,9.28,-0.01,0.02,-0.51,-0.2,0.27,9.8,1.195,0.0,0.0,0.0,0.0,7.0,1017.01,67.28,-16.57
2025-03-24 18:17:54.710000+00:00,39.91230037114641,,,,21.75,-1.062,-1.625,22.92,-81.75,-16.375,-24.5,-0.006,0.012,0.036,-0.22,0.29,9.28,-0.01,0.02,-0.51,-0.2,0.27,9.8,1.195,0.0,0.0,0.0,0.0,7.0,1017.01,67.28,-16.57
2025-03-24 18:17:55.171000+00:00,39.91230037114641,,,,21.75,-1.062,-1.625,23.0,-81.75,-16.375,-24.5,-0.006,0.012,0.036,-0.22,0.29,9.28,-0.01,0.02,-0.51,-0.2,0.27,9.8,1.195,0.0,0.0,0.0,0.0,7.0,1017.01,67.28,-16.57
2025-03-24 18:17:55.795000+00:00,39.91230037114641,,,,21.75,-1.062,-1.625,22.92,-81.75,-16.375,-24.5,-0.006,0.012,0.036,-0.22,0.29,9.28,-0.01,0.02,-0.51,-0.2,0.27,9.8,1.195,0.0,0.0,0.0,0.0,7.0,1017.01,67.28,-16.57
2025-03-24 18:17:56.312000+00:00,39.91230037114641,,,,21.75,-1.062,-1.625,23.0,-81.75,-16.375,-24.5,-0.006,0.012,0.036,-0.22,0.29,9.28,-0.01,0.02,-0.51,-0.2,0.27,9.8,1.195,0.0,0.0,0.0,0.0,7.0,1017.01,67.28,-16.57
2025-03-24 18:17:56.935000+00:00,39.91230037114641,,,,21.75,-1.062,-1.625,22.92,-81.75,-16.375,-24.5,-0.006,0.012,0.036,-0.22,0.29,9.28,-0.01,0.02,-0.51,-0.2,0.27,9.8,1.195,0.0,0.0,0.0,0.0,7.0,1017.01,67.28,-16.57
2025-03-24 18:17:57.407000+00:00,39.91230037114641,,,,21.75,-1.062,-1.625,23.0,-81.75,-16.375,-24.5,-0.006,0.012,0.036,-0.22,0.29,9.28,-0.01,0.02,-0.51,-0.2,0.27,9.8,1.195,0.0,0.0,0.0,0.0,7.0,1017.01,67.28,-16.57
2025-03-24 18:17:58.225000+00:00,39.91230037114641,,,,21.75,-1.062,-1.625,22.92,-81.75,-16.375,-24.5,-0.006,0.012,0.036,-0.22,0.29,9.28,-0.01,0.02,-0.51,-0.2,0.27,9.8,1.195,0.0,0.0,0.0,0.0,7.0,1017.01,67.28,-16.57
2025-03-24 18:17:58.475000+00:00,39.91230037114641,,,,21.75,-1.062,-1.625,23.0,-81.75,-16.375,-24.5,-0.006,0.012,0.036,-0.22,0.29,9.28,-0.01,0.02,-0.51,-0.2,0.27,9.8,1.195,0.0,0.0,0.0,0.0,7.0,1017.01,67.28,-16.57
2025-03-24 18:17:59.244000+00:00,39.91230037114641,,,,21.75,-1.062,-1.625,22.92,-81.75,-16.375,-24.5,-0.006,0.012,0.036,-0.22,0.29,9.28,-0.01,0.02,-0.51,-0.2,0.27,9.8,1.195,0.0,0.0,0.0,0.0,7.0,1017.01,67.28,-16.57
2025-03-24 18:17:59.517000+00:00,39.91230037114641,,,,21.75,-1.062,-1.625,23.0,-81.75,-16.375,-24.5,-0.006,0.012,0.036,-0.22,0.29,9.28,-0.01,0.02,-0.51,-0.2,0.27,9.8,1.195,0.0,0.0,0.0,0.0,7.0,1017.01,67.28,-16.57
2025-03-24 18:18:00.255000+00:00,39.91230037114641,,,,21.75,-1.062,-1.625,22.92,-81.75,-16.375,-24.5,-0.006,0.012,0.036,-0.22,0.29,9.28,-0.01,0.02,-0.51,-0.2,0.27,9.8,1.195,0.0,0.0,0.0,0.0,7.0,1017.01,67.28,-16.57
2025-03-24 18:18:00.515000+00:00,39.91230037114641,,,,21.75,-1.062,-1.625,23.0,-81.75,-16.375,-24.5,-0.006,0.012,0.036,-0.22,0.29,9.28,-0.01,0.02,-0.51,-0.2,0.27,9.8,1.195,0.0,0.0,0.0,0.0,7.0,1017.01,67.28,-16.57
2025-03-24 18:18:01.229000+00:00,39.91230037114641,,,,21.75,-1.062,-1.625,23.0,-81.75,-16.375,-24.5,-0.006,0.012,0.036,-0.22,0.29,9.28,-0.01,0.02,-0.51,-0.2,0.27,9.8,1.195,0.0,0.0,0.0,0.0,7.0,1017.01,67.28,-16.57
2025-03-24 18:18:01.645000+00:00,39.91230037114641,,,,21.75,-1.062,-1.625,22.92,-81.75,-16.375,-24.5,-0.006,0.012,0.036,-0.22,0.29,9.28,-0.01,0.02,-0.51,-0.2,0.27,9.8,1.195,0.0,0.0,0.0,0.0,7.0,1017.01,67.28,-16.57
2025-03-24 18:18:02.242000+00:00,39.91230037114641,,,,21.75,-1.062,-1.625,23.0,-81.75,-16.375,-24.5,-0.006,0.012,0.036,-0.22,0.29,9.28,-0.01,0.02,-0.51,-0.2,0.27,9.8,1.195,0.0,0.0,0.0,0.0,7.0,1017.01,67.28,-16.57
2025-03-24 18:18:02.671000+00:00,39.91230037114641,,,,21.75,-1.062,-1.625,22.92,-81.75,-16.375,-24.5,-0.006,0.012,0.036,-0.22,0.29,9.28,-0.01,0.02,-0.51,-0.2,0.27,9.8,1.195,0.0,0.0,0.0,0.0,7.0,1017.01,67.28,-16.57
2025-03-24 18:18:03.253000+00:00,39.91230037114641,,,,21.75,-1.062,-1.625,23.0,-81.75,-16.375,-24.5,-0.006,0.012,0.036,-0.22,0.29,9.28,-0.01,0.02,-0.51,-0.2,0.27,9.8,1.195,0.0,0.0,0.0,0.0,7.0,1017.01,67.28,-16.57
2025-03-24 18:18:03.720000+00:00,39.91230037114641,,,,21.75,-1.062,-1.625,22.92,-81.75,-16.375,-24.5,-0.006,0.012,0.036,-0.22,0.29,9.28,-0.01,0.02,-0.51,-0.2,0.27,9.8,1.195,0.0,0.0,0.0,0.0,7.0,1017.01,67.28,-16.57
2025-03-24 18:18:04.262000+00:00,39.91230037114641,,,,21.75,-1.062,-1.625,23.0,-81.75,-16.375,-24.5,-0.006,0.012,0.036,-0.22,0.29,9.28,-0.01,0.02,-0.51,-0.2,0.27,9.8,1.195,0.0,0.0,0.0,0.0,7.0,1017.01,67.28,-16.57
2025-03-24 18:18:04.742000+00:00,39.91230037114641,,,,21.75,-1.062,-1.625,22.92,-81.75,-16.375,-24.5,-0.006,0.012,0.036,-0.22,0.29,9.28,-0.01,0.02,-0.51,-0.2,0.27,9.8,1.195,0.0,0.0,0.0,0.0,7.0,1017.01,67.28,-16.57
2025-03-24 18:18:05.272000+00:00,39.91230037114641,,,,21.75,-1.062,-1.625,23.0,-81.75,-16.375,-24.5,-0.006,0.012,0.036,-0.22,0.29,9.28,-0.01,0.02,-0.51,-0.2,0.27,9.8,1.195,0.0,0.0,0.0,0.0,7.0,1017.01,67.28,-16.57
2025-03-24 18:18:05.901000+00:00,39.91230037114641,,,,21.75,-1.062,-1.625,22.92,-81.75,-16.375,-24.5,-0.006,0.012,0.036,-0.22,0.29,9.28,-0.01,0.02,-0.51,-0.2,0.27,9.8,1.195,0.0,0.0,0.0,0.0,7.0,1017.01,67.28,-16.57
2025-03-24 18:18:06.342000+00:00,39.91230037114641,,,,21.75,-1.062,-1.625,23.0,-81.75,-16.375,-24.5,-0.006,0.012,0.036,-0.22,0.29,9.28,-0.01,0.02,-0.51,-0.2,0.27,9.8,1.195,0.0,0.0,0.0,0.0,7.0,1017.01,67.28,-16.57
2025-03-24 18:18:06.861000+00:00,39.91230037114641,,,,21.75,-1.062,-1.625,22.92,-81.75,-16.375,-24.5,-0.006,0.012,0.036,-0.22,0.29,9.28,-0.01,0.02,-0.51,-0.2,0.27,9.8,1.195,0.0,0.0,0.0,0.0,7.0,1017.01,67.28,-16.57
2025-03-24 18:18:07.330000+00:00,39.91230037114641,,,,21.75,-1.062,-1.625,23.0,-81.75,-16.375,-24.5,-0.006,0.012,0.036,-0.22,0.29,9.28,-0.01,0.02,-0.51,-0.2,0.27,9.8,1.195,0.0,0.0,0.0,0.0,7.0,1017.01,67.28,-16.57
2025-03-24 18:18:07.751000+00:00,39.91230037114641,,,,21.75,-1.062,-1.625,22.92,-81.75,-16.375,-24.5,-0.006,0.012,0.036,-0.22,0.29,9.28,-0.01,0.02,-0.51,-0.2,0.27,9.8,1.195,0.0,0.0,0.0,0.0,7.0,1017.01,67.28,-16.57
2025-03-24 18:18:08.304000+00:00,39.91230037114641,,,,21.75,-1.062,-1.625,23.0,-81.75,-16.375,-24.5,-0.006,0.012,0.036,-0.22,0.29,9.28,-0.01,0.02,-0.51,-0.2,0.27,9.8,1.195,0.0,0.0,0.0,0.0,7.0,1017.01,67.28,-16.57
2025-03-24 18:18:09.314000+00:00,39.91230037114641,,,,21.75,-1.062,-1.625,22.92,-81.75,-16.375,-24.5,-0.006,0.012,0.036,-0.22,0.29,9.28,-0.01,0.02,-0.51,-0.2,0.27,9.8,1.195,0.0,0.0,0.0,0.0,7.0,1017.01,67.28,-16.57
2025-03-24 18:18:09.574000+00:00,39.91230037114641,,,,21.75,-1.062,-1.625,23.0,-81.75,-16.375,-24.5,-0.006,0.012,0.036,-0.22,0.29,9.28,-0.01,0.02,-0.51,-0.2,0.27,9.8,1.195,0.0,0.0,0.0,0.0,7.0,1017.01,67.28,-16.57
2025-03-24 18:18:10.315000+00:00,39.91230037114641,,,,21.75,-1.062,-1.625,23.0,-81.75,-16.375,-24.5,-0.006,0.012,0.036,-0.22,0.29,9.28,-0.01,0.02,-0.51,-0.2,0.27,9.8,1.195,0.0,0.0,0.0,0.0,7.0,1017.01,67.28,-16.57
2025-03-24 18:18:10.734000+00:00,39.91230037114641,,,,21.75,-1.062,-1.625,22.93,-81.75,-16.375,-24.5,-0.006,0.012,0.036,-0.22,0.29,9.28,-0.01,0.02,-0.51,-0.2,0.27,9.8,1.195,0.0,0.0,0.0,0.0,7.0,1017.01,67.28,-16.57
2025-03-24 18:18:11.334000+00:00,39.91230037114641,,,,21.75,-1.062,-1.625,23.0,-81.75,-16.375,-24.5,-0.006,0.012,0.036,-0.22,0.29,9.28,-0.01,0.02,-0.51,-0.2,0.27,9.8,1.195,0.0,0.0,0.0,0.0,7.0,1017.01,67.28,-16.57
2025-03-24 18:18:11.746000+00:00,39.91230037114641,,,,21.75,-1.062,-1.625,22.93,-81.75,-16.375,-24.5,-0.006,0.012,0.036,-0.22,0.29,9.28,-0.01,0.02,-0.51,-0.2,0.27,9.8,1.195,0.0,0.0,0.0,0.0,7.0,1017.01,67.28,-16.57
2025-03-24 18:18:12.334000+00:00,39.91230037114641,,,,21.75,-1.062,-1.625,23.0,-81.75,-16.375,-24.5,-0.006,0.012,0.036,-0.22,0.29,9.28,-0.01,0.02,-0.51,-0.2,0.27,9.8,1.195,0.0,0.0,0.0,0.0,7.0,1017.01,67.28,-16.57
2025-03-24 18:18:12.754000+00:00,39.91230037114641,,,,21.75,-1.062,-1.625,22.93,-81.75,-16.375,-24.5,-0.006,0.012,0.036,-0.22,0.29,9.28,-0.01,0.02,-0.51,-0.2,0.27,9.8,1.195,0.0,0.0,0.0,0.0,7.0,1017.01,67.28,-16.57
2025-03-24 18:18:13.345000+00:00,39.91230037114641,,,,21.75,-1.062,-1.625,23.0,-81.75,-16.375,-24.5,-0.006,0.012,0.036,-0.22,0.29,9.28,-0.01,0.02,-0.51,-0.2,0.27,9.8,1.195,0.0,0.0,0.0,0.0,7.0,1017.01,67.28,-16.57
2025-03-24 18:18:13.894000+00:00,39.91230037114641,,,,21.75,-1.062,-1.625,22.93,-81.75,-16.375,-24.5,-0.006,0.012,0.036,-0.22,0.29,9.28,-0.01,0.02,-0.51,-0.2,0.27,9.8,1.195,0.0,0.0,0.0,0.0,7.0,1017.01,67.28,-16.57
2025-03-24 18:18:14.357000+00:00,39.91230037114641,,,,21.75,-1.062,-1.625,23.0,-81.75,-16.375,-24.5,-0.006,0.012,0.036,-0.22,0.29,9.28,-0.01,0.02,-0.51,-0.2,0.27,9.8,1.195,0.0,0.0,0.0,0.0,7.0,1017.01,67.28,-16.57
2025-03-24 18:18:15.044000+00:00,39.91230037114641,,,,21.75,-1.062,-1.625,22.93,-81.75,-16.375,-24.5,-0.006,0.012,0.036,-0.22,0.29,9.28,-0.01,0.02,-0.51,-0.2,0.27,9.8,1.195,0.0,0.0,0.0,0.0,7.0,1017.01,67.28,-16.57
2025-03-24 18:17:15.837000+00:00,39.91230037114641,,,,21.75,-1.062,-1.625,22.93,-81.75,-16.375,-24.5,-0.006,0.012,0.036,-0.22,0.29,9.28,-0.01,0.02,-0.51,-0.2,0.27,9.8,1.195,0.0,0.0,0.0,0.0,7.0,1017.01,67.28,-16.57
2025-03-24 18:17:16.858000+00:00,39.91230037114641,,,,21.75,-1.062,-1.625,22.93,-137.75,-8.188,3.188,-0.006,0.012,0.036,-0.22,0.29,9.28,-0.01,0.02,-0.51,-0.2,0.27,9.8,1.195,0.0,0.0,0.0,0.0,7.0,1017.01,67.28,-16.57
2025-03-24 18:17:17.864000+00:00,39.91230037114641,,,,21.75,-1.062,-1.625,22.93,-72.0,-13.0,-33.562,-0.006,0.012,0.036,-0.22,0.29,9.28,-0.01,0.02,-0.51,-0.2,0.27,9.8,1.195,0.0,0.0,0.0,0.0,7.0,1017.01,67.28,-16.57
2025-03-24 18:17:18.857000+00:00,39.91230037114641,,,,21.75,-1.062,-1.625,22.93,-101.188,-10.5,-25.062,-0.006,0.012,0.036,-0.22,0.29,9.28,-0.01,0.02,-0.51,-0.2,0.27,9.8,1.195,0.0,0.0,0.0,0.0,7.0,1017.01,67.28,-16.57
2025-03-24 18:17:19.868000+00:00,39.91230037114641,,,,21.75,-1.062,-1.625,22.93,-108.25,-8.25,-27.75,-0.006,0.012,0.036,-0.22,0.29,9.28,-0.01,0.02,-0.51,-0.2,0.27,9.8,1.195,0.0,0.0,0.0,0.0,7.0,1017.01,67.28,-16.57
2025-03-24 18:17:20.888000+00:00,39.91230037114641,,,,21.75,-1.062,-1.625,22.93,-80.375,-18.25,-27.562,-0.006,0.012,0.036,-0.22,0.29,9.28,-0.01,0.02,-0.51,-0.2,0.27,9.8,1.195,0.0,0.0,0.0,0.0,7.0,1017.01,67.28,-16.57
2025-03-24 18:17:21.944000+00:00,39.91230037114641,,,,21.75,-1.062,-1.625,22.93,-138.188,-8.188,2.188,-0.006,0.012,0.036,-0.22,0.29,9.28,-0.01,0.02,-0.51,-0.2,0.27,9.8,1.195,0.0,0.0,0.0,0.0,7.0,1017.01,67.28,-16.57
2025-03-24 18:17:23.044000+00:00,39.91230037114641,,,,21.75,-1.062,-1.625,22.93,-73.375,-13.25,-35.688,-0.006,0.012,0.036,-0.22,0.29,9.28,-0.01,0.02,-0.51,-0.2,0.27,9.8,1.195,0.0,0.0,0.0,0.0,7.0,1017.01,67.28,-16.57
2025-03-24 18:17:24.030000+00:00,39.91230037114641,,,,21.75,-1.062,-1.625,22.93,-94.875,-15.062,-28.562,-0.006,0.012,0.036,-0.22,0.29,9.28,-0.01,0.02,-0.51,-0.2,0.27,9.8,1.195,0.0,0.0,0.0,0.0,7.0,1017.01,67.28,-16.57
2025-03-24 18:17:25.111000+00:00,39.91230037114641,,,,21.75,-1.062,-1.625,22.93,-138.25,-12.062,-3.688,-0.006,0.012,0.036,-0.22,0.29,9.28,-0.01,0.02,-0.51,-0.2,0.27,9.8,1.195,0.0,0.0,0.0,0.0,7.0,1017.01,67.28,-16.57
2025-03-24 18:17:26.031000+00:00,39.91230037114641,,,,21.75,-1.062,-1.625,22.93,-76.75,-11.5,-37.062,-0.006,0.012,0.036,-0.22,0.29,9.28,-0.01,0.02,-0.51,-0.2,0.27,9.8,1.195,0.0,0.0,0.0,0.0,7.0,1017.01,67.28,-16.57
2025-03-24 18:17:27.257000+00:00,39.91230037114641,,,,21.75,-1.062,-1.625,22.93,-85.75,-17.25,-29.5,-0.006,0.012,0.036,-0.22,0.29,9.28,-0.01,0.02,-0.51,-0.2,0.27,9.8,1.195,0.0,0.0,0.0,0.0,7.0,1017.01,67.28,-16.57
2025-03-24 18:17:28.423000+00:00,39.91230037114641,,,,21.75,-1.062,-1.625,22.93,-139.375,-8.062,-0.375,-0.006,0.012,0.036,-0.22,0.29,9.28,-0.01,0.02,-0.51,-0.2,0.27,9.8,1.195,0.0,0.0,0.0,0.0,7.0,1017.01,67.28,-16.57
2025-03-24 18:17:29.317000+00:00,39.91230037114641,,,,21.75,-1.062,-1.625,22.93,-80.375,-10.562,-39.0,-0.006,0.012,0.036,-0.22,0.29,9.28,-0.01,0.02,-0.51,-0.2,0.27,9.8,1.195,0.0,0.0,0.0,0.0,7.0,1017.01,67.28,-16.57
2025-03-24 18:17:30.423000+00:00,39.91230037114641,,,,21.75,-1.062,-1.625,22.93,-84.875,-19.188,-29.0,-0.006,0.012,0.036,-0.22,0.29,9.28,-0.01,0.02,-0.51,-0.2,0.27,9.8,1.195,0.0,0.0,0.0,0.0,7.0,1017.01,67.28,-16.57
2025-03-24 18:17:31.162000+00:00,39.91230037114641,,,,21.75,-1.062,-1.625,22.93,-135.875,-5.25,-2.562,-0.006,0.012,0.036,-0.22,0.29,9.28,-0.01,0.02,-0.51,-0.2,0.27,9.8,1.195,0.0,0.0,0.0,0.0,7.0,1017.01,67.28,-16.57
2025-03-24 18:17:32.116000+00:00,39.91230037114641,,,,21.75,-1.062,-1.625,22.93,-89.188,-8.375,-36.875,-0.006,0.012,0.036,-0.22,0.29,9.28,-0.01,0.02,-0.51,-0.2,0.27,9.8,1.195,0.0,0.0,0.0,0.0,7.0,1017.01,67.28,-16.57
2025-03-24 18:17:33.126000+00:00,39.91230037114641,,,,21.75,-1.062,-1.625,22.93,-82.5,-19.875,-29.688,-0.006,0.012,0.036,-0.22,0.29,9.28,-0.01,0.02,-0.51,-0.2,0.27,9.8,1.195,0.0,0.0,0.0,0.0,7.0,1017.01,67.28,-16.57
2025-03-24 18:17:34.122000+00:00,39.91230037114641,,,,21.75,-1.062,-1.625,22.93,-127.062,-5.562,-13.688,-0.006,0.012,0.036,-0.22,0.29,9.28,-0.01,0.02,-0.51,-0.2,0.27,9.8,1.195,0.0,0.0,0.0,0.0,7.0,1017.01,67.28,-16.57
2025-03-24 18:17:35.146000+00:00,39.91230037114641,,,,21.75,-1.062,-1.625,22.93,-113.875,-10.375,-29.562,-0.006,0.012,0.036,-0.22,0.29,9.28,-0.01,0.02,-0.51,-0.2,0.27,9.8,1.195,0.0,0.0,0.0,0.0,7.0,1017.01,67.28,-16.57
2025-03-24 18:17:36.163000+00:00,39.91230037114641,,,,21.75,-1.062,-1.625,22.93,-76.875,-19.562,-36.5,-0.006,0.012,0.036,-0.22,0.29,9.28,-0.01,0.02,-0.51,-0.2,0.27,9.8,1.195,0.0,0.0,0.0,0.0,7.0,1017.01,67.28,-16.57
2025-03-24 18:17:37.138000+00:00,39.91230037114641,,,,21.75,-1.062,-1.625,22.93,-101.062,-13.375,-28.5,-0.006,0.012,0.036,-0.22,0.29,9.28,-0.01,0.02,-0.51,-0.2,0.27,9.8,1.195,0.0,0.0,0.0,0.0,7.0,1017.01,67.28,-16.57
2025-03-24 18:17:38.126000+00:00,39.91230037114641,,,,21.75,-1.062,-1.625,22.93,-134.688,-14.25,-16.5,-0.006,0.012,0.036,-0.22,0.29,9.28,-0.01,0.02,-0.51,-0.2,0.27,9.8,1.195,0.0,0.0,0.0,0.0,7.0,1017.01,67.28,-16.57
2025-03-24 18:17:39.164000+00:00,39.91230037114641,,,,21.75,-1.062,-1.625,22.93,-76.688,-16.688,-39.875,-0.006,0.012,0.036,-0.22,0.29,9.28,-0.01,0.02,-0.51,-0.2,0.27,9.8,1.195,0.0,0.0,0.0,0.0,7.0,1017.01,67.28,-16.57
2025-03-24 18:17:40.146000+00:00,39.91230037114641,,,,21.75,-1.062,-1.625,22.93,-92.062,-18.5,-33.375,-0.006,0.012,0.036,-0.22,0.29,9.28,-0.01,0.02,-0.51,-0.2,0.27,9.8,1.195,0.0,0.0,0.0,0.0,7.0,1017.01,67.28,-16.57
2025-03-24 18:17:41.222000+00:00,39.91230037114641,,,,21.75,-1.062,-1.625,22.93,-142.0,-12.062,-4.5,-0.006,0.012,0.036,-0.22,0.29,9.28,-0.01,0.02,-0.51,-0.2,0.27,9.8,1.195,0.0,0.0,0.0,0.0,7.0,1017.01,67.28,-16.57
2025-03-24 18:17:42.163000+00:00,39.91230037114641,,,,21.75,-1.062,-1.625,22.93,-82.0,-13.0,-42.0,-0.006,0.012,0.036,-0.22,0.29,9.28,-0.01,0.02,-0.51,-0.2,0.27,9.8,1.195,0.0,0.0,0.0,0.0,7.0,1017.01,67.28,-16.57
2025-03-24 18:17:43.171000+00:00,39.91230037114641,,,,21.75,-1.062,-1.625,22.93,-89.25,-19.25,-32.875,-0.006,0.012,0.036,-0.22,0.29,9.28,-0.01,0.02,-0.51,-0.2,0.27,9.8,1.195,0.0,0.0,0.0,0.0,7.0,1017.01,67.28,-16.57
2025-03-24 18:17:44.215000+00:00,39.91230037114641,,,,21.75,-1.062,-1.625,22.93,-144.75,-8.688,-2.5,-0.006,0.012,0.036,-0.22,0.29,9.28,-0.01,0.02,-0.51,-0.2,0.27,9.8,1.195,0.0,0.0,0.0,0.0,7.0,1017.01,67.28,-16.57
2025-03-24 18:17:45.180000+00:00,39.91230037114641,,,,21.75,-1.062,-1.625,22.93,-69.562,-1.875,-30.062,-0.006,0.012,0.036,-0.22,0.29,9.28,-0.01,0.02,-0.51,-0.2,0.27,9.8,1.195,0.0,0.0,0.0,0.0,7.0,1017.01,67.28,-16.57
2025-03-24 18:17:46.165000+00:00,39.91230037114641,,,,21.75,-1.062,-1.625,22.93,-67.875,-11.875,-22.5,-0.006,0.012,0.036,-0.22,0.29,9.28,-0.01,0.02,-0.51,-0.2,0.27,9.8,1.195,0.0,0.0,0.0,0.0,7.0,1017.01,67.28,-16.57
2025-03-24 18:17:47.396000+00:00,39.91230037114641,,,,21.75,-1.062,-1.625,22.93,-109.0,2.688,-5.688,-0.006,0.012,0.036,-0.22,0.29,9.28,-0.01,0.02,-0.51,-0.2,0.27,9.8,1.195,0.0,0.0,0.0,0.0,7.0,1017.01,67.28,-16.57
2025-03-24 18:17:48.452000+00:00,39.91230037114641,,,,21.75,-1.062,-1.625,22.93,-95.0,-2.062,-23.062,-0.006,0.012,0.036,-0.22,0.29,9.28,-0.01,0.02,-0.51,-0.2,0.27,9.8,1.195,0.0,0.0,0.0,0.0,7.0,1017.01,67.28,-16.57
2025-03-24 18:17:49.482000+00:00,39.91230037114641,,,,21.75,-1.062,-1.625,22.93,-61.25,-12.375,-27.188,-0.006,0.012,0.036,-0.22,0.29,9.28,-0.01,0.02,-0.51,-0.2,0.27,9.8,1.195,0.0,0.0,0.0,0.0,7.0,1017.01,67.28,-16.57
2025-03-24 18:17:50.184000+00:00,39.91230037114641,,,,21.75,-1.062,-1.625,22.93,-90.688,-4.188,-19.562,-0.006,0.012,0.036,-0.22,0.29,9.28,-0.01,0.02,-0.51,-0.2,0.27,9.8,1.195,0.0,0.0,0.0,0.0,7.0,1017.01,67.28,-16.57
2025-03-24 18:17:51.215000+00:00,39.91230037114641,,,,21.75,-1.062,-1.625,22.93,-118.062,-5.062,-8.875,-0.006,0.012,0.036,-0.22,0.29,9.28,-0.01,0.02,-0.51,-0.2,0.27,9.8,1.195,0.0,0.0,0.0,0.0,7.0,1017.01,67.28,-16.57
2025-03-24 18:17:52.245000+00:00,39.91230037114641,,,,21.75,-1.062,-1.625,22.93,-60.5,-8.188,-30.875,-0.006,0.012,0.036,-0.22,0.29,9.28,-0.01,0.02,-0.51,-0.2,0.27,9.8,1.195,0.0,0.0,0.0,0.0,7.0,1017.01,67.28,-16.57
2025-03-24 18:17:53.215000+00:00,39.91230037114641,,,,21.75,-1.062,-1.625,22.93,-79.688,-8.75,-23.562,-0.006,0.012,0.036,-0.22,0.29,9.28,-0.01,0.02,-0.51,-0.2,0.27,9.8,1.195,0.0,0.0,0.0,0.0,7.0,1017.01,67.28,-16.57
2025-03-24 18:17:54.219000+00:00,39.91230037114641,,,,21.75,-1.062,-1.625,22.93,-120.375,-6.562,-3.5,-0.006,0.012,0.036,-0.22,0.29,9.28,-0.01,0.02,-0.51,-0.2,0.27,9.8,1.195,0.0,0.0,0.0,0.0,7.0,1017.01,67.28,-16.57
2025-03-24 18:17:55.215000+00:00,39.91230037114641,,,,21.75,-1.062,-1.625,22.93,-60.75,-9.0,-29.688,-0.006,0.012,0.036,-0.22,0.29,9.28,-0.01,0.02,-0.51,-0.2,0.27,9.8,1.195,0.0,0.0,0.0,0.0,7.0,1017.01,67.28,-16.57
2025-03-24 18:17:56.367000+00:00,39.91230037114641,,,,21.75,-1.062,-1.625,22.93,-79.5,-9.062,-22.5,-0.006,0.012,0.036,-0.22,0.29,9.28,-0.01,0.02,-0.51,-0.2,0.27,9.8,1.195,0.0,0.0,0.0,0.0,7.0,1017.01,67.28,-16.57
2025-03-24 18:17:57.462000+00:00,39.91230037114641,,,,21.75,-1.062,-1.625,22.93,-117.5,-6.562,-7.875,-0.006,0.012,0.036,-0.22,0.29,9.28,-0.01,0.02,-0.51,-0.2,0.27,9.8,1.195,0.0,0.0,0.0,0.0,7.0,1017.01,67.28,-16.57
2025-03-24 18:17:58.525000+00:00,39.91230037114641,,,,21.75,-1.062,-1.625,22.93,-62.062,-9.875,-31.0,-0.006,0.012,0.036,-0.22,0.29,9.28,-0.01,0.02,-0.51,-0.2,0.27,9.8,1.195,0.0,0.0,0.0,0.0,7.0,1017.01,67.28,-16.57
2025-03-24 18:17:59.565000+00:00,39.91230037114641,,,,21.75,-1.062,-1.625,22.93,-90.562,-6.688,-20.875,-0.006,0.012,0.036,-0.22,0.29,9.28,-0.01,0.02,-0.51,-0.2,0.27,9.8,1.195,0.0,0.0,0.0,0.0,7.0,1017.01,67.28,-16.57
2025-03-24 18:18:00.564000+00:00,39.91230037114641,,,,21.75,-1.062,-1.625,22.93,-102.188,-5.0,-22.062,-0.006,0.012,0.036,-0.22,0.29,9.28,-0.01,0.02,-0.51,-0.2,0.27,9.8,1.195,0.0,0.0,0.0,0.0,7.0,1017.01,67.28,-16.57
2025-03-24 18:18:01.285000+00:00,39.91230037114641,,,,21.75,-1.062,-1.625,22.93,-63.75,-13.375,-27.562,-0.006,0.012,0.036,-0.22,0.29,9.28,-0.01,0.02,-0.51,-0.2,0.27,9.8,1.195,0.0,0.0,0.0,0.0,7.0,1017.01,67.28,-16.57
2025-03-24 18:18:02.294000+00:00,39.91230037114641,,,,21.75,-1.062,-1.625,22.93,-89.375,-6.875,-24.0,-0.006,0.012,0.036,-0.22,0.29,9.28,-0.01,0.02,-0.51,-0.2,0.27,9.8,1.195,0.0,0.0,0.0,0.0,7.0,1017.01,67.28,-16.57
2025-03-24 18:18:03.311000+00:00,39.91230037114641,,,,21.75,-1.062,-1.625,22.93,-114.75,-8.0,-14.75,-0.006,0.012,0.036,-0.22,0.29,9.28,-0.01,0.02,-0.51,-0.2,0.27,9.8,1.195,0.0,0.0,0.0,0.0,7.0,1017.01,67.28,-16.57
2025-03-24 18:18:04.321000+00:00,39.91230037114641,,,,21.75,-1.062,-1.625,22.93,-63.0,-13.0,-31.75,-0.006,0.012,0.036,-0.22,0.29,9.28,-0.01,0.02,-0.51,-0.2,0.27,9.8,1.195,0.0,0.0,0.0,0.0,7.0,1017.01,67.28,-16.57
2025-03-24 18:18:05.325000+00:00,39.91230037114641,,,,21.75,-1.062,-1.625,22.93,-92.562,-7.562,-24.562,-0.006,0.012,0.036,-0.22,0.29,9.28,-0.01,0.02,-0.51,-0.2,0.27,9.8,1.195,0.0,0.0,0.0,0.0,7.0,1017.01,67.28,-16.57
2025-03-24 18:18:06.394000+00:00,39.91230037114641,,,,21.75,-1.062,-1.625,22.93,-109.375,-6.875,-22.688,-0.006,0.012,0.036,-0.22,0.29,9.28,-0.01,0.02,-0.51,-0.2,0.27,9.8,1.195,0.0,0.0,0.0,0.0,7.0,1017.01,67.28,-16.57
2025-03-24 18:18:07.375000+00:00,39.91230037114641,,,,21.75,-1.062,-1.625,22.93,-66.0,-14.375,-33.062,-0.006,0.012,0.036,-0.22,0.29,9.28,-0.01,0.02,-0.51,-0.2,0.27,9.8,1.195,0.0,0.0,0.0,0.0,7.0,1017.01,67.28,-16.57
2025-03-24 18:18:08.354000+00:00,39.91230037114641,,,,21.75,-1.062,-1.625,22.93,-103.25,-3.688,-20.0,-0.006,0.012,0.036,-0.22,0.29,9.28,-0.01,0.02,-0.51,-0.2,0.27,9.8,1.195,0.0,0.0,0.0,0.0,7.0,1017.01,67.28,-16.57
2025-03-24 18:18:09.624000+00:00,39.91230037114641,,,,21.75,-1.062,-1.625,22.93,-88.375,-3.875,-32.688,-0.006,0.012,0.036,-0.22,0.29,9.28,-0.01,0.02,-0.51,-0.2,0.27,9.8,1.195,0.0,0.0,0.0,0.0,7.0,1017.01,67.28,-16.57
2025-03-24 18:18:10.374000+00:00,39.91230037114641,,,,21.75,-1.062,-1.625,22.93,-72.0,-16.0,-28.375,-0.006,0.012,0.036,-0.22,0.29,9.28,-0.01,0.02,-0.51,-0.2,0.27,9.8,1.195,0.0,0.0,0.0,0.0,7.0,1017.01,67.28,-16.57
2025-03-24 18:18:11.384000+00:00,39.91230037114641,,,,21.75,-1.062,-1.625,22.93,-129.375,-1.562,2.562,-0.006,0.012,0.036,-0.22,0.29,9.28,-0.01,0.02,-0.51,-0.2,0.27,9.8,1.195,0.0,0.0,0.0,0.0,7.0,1017.01,67.28,-16.57
2025-03-24 18:18:12.383000+00:00,39.91230037114641,,,,21.75,-1.062,-1.625,22.93,-73.75,-6.562,-36.375,-0.006,0.012,0.036,-0.22,0.29,9.28,-0.01,0.02,-0.51,-0.2,0.27,9.8,1.195,0.0,0.0,0.0,0.0,7.0,1017.01,67.28,-16.57
2025-03-24 18:18:13.394000+00:00,39.91230037114641,,,,21.75,-1.062,-1.625,22.93,-77.188,-13.188,-28.0,-0.006,0.012,0.036,-0.22,0.29,9.28,-0.01,0.02,-0.51,-0.2,0.27,9.8,1.195,0.0,0.0,0.0,0.0,7.0,1017.01,67.28,-16.57
2025-03-24 18:18:14.403000+00:00,39.91230037114641,,,,21.75,-1.062,-1.625,22.93,-127.0,-9.562,-6.5,-0.006,0.012,0.036,-0.22,0.29,9.28,-0.01,0.02,-0.51,-0.2,0.27,9.8,1.195,0.0,0.0,0.0,0.0,7.0,1017.01,67.28,-16.57
2025-03-24 18:17:15.887000+00:00,39.91230037114641,,,,21.75,-1.062,-1.625,22.93,-127.0,-9.562,-6.5,-0.006,0.012,0.036,-0.22,0.29,9.28,-0.01,0.02,-0.51,-0.2,0.27,9.8,1.195,0.0,0.0,0.0,0.0,7.0,1017.01,67.28,-16.57
2025-03-24 18:17:16.908000+00:00,39.91230037114641,,,,21.75,-1.062,-1.625,22.93,-127.0,-9.562,-6.5,0.0,-0.023,0.01,-0.22,0.29,9.28,-0.01,0.02,-0.51,-0.2,0.27,9.8,1.195,0.0,0.0,0.0,0.0,7.0,1017.01,67.28,-16.57
2025-03-24 18:17:17.919000+00:00,39.91230037114641,,,,21.75,-1.062,-1.625,22.93,-127.0,-9.562,-6.5,-0.017,0.003,-0.001,-0.22,0.29,9.28,-0.01,0.02,-0.51,-0.2,0.27,9.8,1.195,0.0,0.0,0.0,0.0,7.0,1017.01,67.28,-16.57
2025-03-24 18:17:18.917000+00:00,39.91230037114641,,,,21.75,-1.062,-1.625,22.93,-127.0,-9.562,-6.5,0.031,-0.009,-0.031,-0.22,0.29,9.28,-0.01,0.02,-0.51,-0.2,0.27,9.8,1.195,0.0,0.0,0.0,0.0,7.0,1017.01,67.28,-16.57
2025-03-24 18:17:19.924000+00:00,39.91230037114641,,,,21.75,-1.062,-1.625,22.93,-127.0,-9.562,-6.5,0.03,-0.002,0.049,-0.22,0.29,9.28,-0.01,0.02,-0.51,-0.2,0.27,9.8,1.195,0.0,0.0,0.0,0.0,7.0,1017.01,67.28,-16.57
2025-03-24 18:17:20.944000+00:00,39.91230037114641,,,,21.75,-1.062,-1.625,22.93,-127.0,-9.562,-6.5,-0.006,0.007,-0.017,-0.22,0.29,9.28,-0.01,0.02,-0.51,-0.2,0.27,9.8,1.195,0.0,0.0,0.0,0.0,7.0,1017.01,67.28,-16.57
2025-03-24 18:17:22.004000+00:00,39.91230037114641,,,,21.75,-1.062,-1.625,22.93,-127.0,-9.562,-6.5,-0.004,-0.03,0.008,-0.22,0.29,9.28,-0.01,0.02,-0.51,-0.2,0.27,9.8,1.195,0.0,0.0,0.0,0.0,7.0,1017.01,67.28,-16.57
2025-03-24 18:17:23.102000+00:00,39.91230037114641,,,,21.75,-1.062,-1.625,22.93,-127.0,-9.562,-6.5,-0.016,-0.008,0.004,-0.22,0.29,9.28,-0.01,0.02,-0.51,-0.2,0.27,9.8,1.195,0.0,0.0,0.0,0.0,7.0,1017.01,67.28,-16.57
2025-03-24 18:17:24.084000+00:00,39.91230037114641,,,,21.75,-1.062,-1.625,22.93,-127.0,-9.562,-6.5,0.001,-0.021,0.026,-0.22,0.29,9.28,-0.01,0.02,-0.51,-0.2,0.27,9.8,1.195,0.0,0.0,0.0,0.0,7.0,1017.01,67.28,-16.57
2025-03-24 18:17:25.163000+00:00,39.91230037114641,,,,21.75,-1.062,-1.625,22.93,-127.0,-9.562,-6.5,-0.02,-0.008,-0.022,-0.22,0.29,9.28,-0.01,0.02,-0.51,-0.2,0.27,9.8,1.195,0.0,0.0,0.0,0.0,7.0,1017.01,67.28,-16.57
2025-03-24 18:17:26.077000+00:00,39.91230037114641,,,,21.75,-1.062,-1.625,22.93,-127.0,-9.562,-6.5,-0.021,-0.003,-0.018,-0.22,0.29,9.28,-0.01,0.02,-0.51,-0.2,0.27,9.8,1.195,0.0,0.0,0.0,0.0,7.0,1017.01,67.28,-16.57
2025-03-24 18:17:27.307000+00:00,39.91230037114641,,,,21.75,-1.062,-1.625,22.93,-127.0,-9.562,-6.5,0.01,-0.022,0.02,-0.22,0.29,9.28,-0.01,0.02,-0.51,-0.2,0.27,9.8,1.195,0.0,0.0,0.0,0.0,7.0,1017.01,67.28,-16.57
2025-03-24 18:17:28.477000+00:00,39.91230037114641,,,,21.75,-1.062,-1.625,22.93,-127.0,-9.562,-6.5,-0.021,-0.024,0.018,-0.22,0.29,9.28,-0.01,0.02,-0.51,-0.2,0.27,9.8,1.195,0.0,0.0,0.0,0.0,7.0,1017.01,67.28,-16.57
2025-03-24 18:17:29.374000+00:00,39.91230037114641,,,,21.75,-1.062,-1.625,22.93,-127.0,-9.562,-6.5,-0.014,0.006,0.049,-0.22,0.29,9.28,-0.01,0.02,-0.51,-0.2,0.27,9.8,1.195,0.0,0.0,0.0,0.0,7.0,1017.01,67.28,-16.57
2025-03-24 18:17:30.485000+00:00,39.91230037114641,,,,21.75,-1.062,-1.625,22.93,-127.0,-9.562,-6.5,-0.001,0.006,0.009,-0.22,0.29,9.28,-0.01,0.02,-0.51,-0.2,0.27,9.8,1.195,0.0,0.0,0.0,0.0,7.0,1017.01,67.28,-16.57
2025-03-24 18:17:31.223000+00:00,39.91230037114641,,,,21.75,-1.062,-1.625,22.93,-127.0,-9.562,-6.5,-0.012,0.006,-0.028,-0.22,0.29,9.28,-0.01,0.02,-0.51,-0.2,0.27,9.8,1.195,0.0,0.0,0.0,0.0,7.0,1017.01,67.28,-16.57
2025-03-24 18:17:32.173000+00:00,39.91230037114641,,,,21.75,-1.062,-1.625,22.93,-127.0,-9.562,-6.5,0.011,-0.006,0.0,-0.22,0.29,9.28,-0.01,0.02,-0.51,-0.2,0.27,9.8,1.195,0.0,0.0,0.0,0.0,7.0,1017.01,67.28,-16.57
2025-03-24 18:17:33.183000+00:00,39.91230037114641,,,,21.75,-1.062,-1.625,22.93,-127.0,-9.562,-6.5,-0.023,0.022,0.007,-0.22,0.29,9.28,-0.01,0.02,-0.51,-0.2,0.27,9.8,1.195,0.0,0.0,0.0,0.0,7.0,1017.01,67.28,-16.57
2025-03-24 18:17:34.179000+00:00,39.91230037114641,,,,21.75,-1.062,-1.625,22.93,-127.0,-9.562,-6.5,0.019,-0.004,0.014,-0.22,0.29,9.28,-0.01,0.02,-0.51,-0.2,0.27,9.8,1.195,0.0,0.0,0.0,0.0,7.0,1017.01,67.28,-16.57
2025-03-24 18:17:35.204000+00:00,39.91230037114641,,,,21.75,-1.062,-1.625,22.93,-127.0,-9.562,-6.5,0.001,-0.002,0.013,-0.22,0.29,9.28,-0.01,0.02,-0.51,-0.2,0.27,9.8,1.195,0.0,0.0,0.0,0.0,7.0,1017.01,67.28,-16.57
2025-03-24 18:17:36.223000+00:00,39.91230037114641,,,,21.75,-1.062,-1.625,22.93,-127.0,-9.562,-6.5,0.009,0.0,0.008,-0.22,0.29,9.28,-0.01,0.02,-0.51,-0.2,0.27,9.8,1.195,0.0,0.0,0.0,0.0,7.0,1017.01,67.28,-16.57
2025-03-24 18:17:37.193000+00:00,39.91230037114641,,,,21.75,-1.062,-1.625,22.93,-127.0,-9.562,-6.5,0.001,0.006,-0.008,-0.22,0.29,9.28,-0.01,0.02,-0.51,-0.2,0.27,9.8,1.195,0.0,0.0,0.0,0.0,7.0,1017.01,67.28,-16.57
2025-03-24 18:17:38.183000+00:00,39.91230037114641,,,,21.75,-1.062,-1.625,22.93,-127.0,-9.562,-6.5,0.002,-0.008,0.022,-0.22,0.29,9.28,-0.01,0.02,-0.51,-0.2,0.27,9.8,1.195,0.0,0.0,0.0,0.0,7.0,1017.01,67.28,-16.57
2025-03-24 18:17:39.216000+00:00,39.91230037114641,,,,21.75,-1.062,-1.625,22.93,-127.0,-9.562,-6.5,0.004,-0.02,-0.039,-0.22,0.29,9.28,-0.01,0.02,-0.51,-0.2,0.27,9.8,1.195,0.0,0.0,0.0,0.0,7.0,1017.01,67.28,-16.57
2025-03-24 18:17:40.206000+00:00,39.91230037114641,,,,21.75,-1.062,-1.625,22.93,-127.0,-9.562,-6.5,-0.007,-0.019,-0.003,-0.22,0.29,9.28,-0.01,0.02,-0.51,-0.2,0.27,9.8,1.195,0.0,0.0,0.0,0.0,7.0,1017.01,67.28,-16.57
2025-03-24 18:17:41.280000+00:00,39.91230037114641,,,,21.75,-1.062,-1.625,22.93,-127.0,-9.562,-6.5,-0.016,-0.01,0.011,-0.22,0.29,9.28,-0.01,0.02,-0.51,-0.2,0.27,9.8,1.195,0.0,0.0,0.0,0.0,7.0,1017.01,67.28,-16.57
2025-03-24 18:17:42.218000+00:00,39.91230037114641,,,,21.75,-1.062,-1.625,22.93,-127.0,-9.562,-6.5,-0.033,-0.013,-0.017,-0.22,0.29,9.28,-0.01,0.02,-0.51,-0.2,0.27,9.8,1.195,0.0,0.0,0.0,0.0,7.0,1017.01,67.28,-16.57
2025-03-24 18:17:43.223000+00:00,39.91230037114641,,,,21.75,-1.062,-1.625,22.93,-127.0,-9.562,-6.5,0.016,-0.026,0.034,-0.22,0.29,9.28,-0.01,0.02,-0.51,-0.2,0.27,9.8,1.195,0.0,0.0,0.0,0.0,7.0,1017.01,67.28,-16.57
2025-03-24 18:17:44.266000+00:00,39.91230037114641,,,,21.75,-1.062,-1.625,22.93,-127.0,-9.562,-6.5,0.031,-0.002,-0.001,-0.22,0.29,9.28,-0.01,0.02,-0.51,-0.2,0.27,9.8,1.195,0.0,0.0,0.0,0.0,7.0,1017.01,67.28,-16.57
2025-03-24 18:17:45.232000+00:00,39.91230037114641,,,,21.75,-1.062,-1.625,22.93,-127.0,-9.562,-6.5,0.003,0.01,-0.008,-0.22,0.29,9.28,-0.01,0.02,-0.51,-0.2,0.27,9.8,1.195,0.0,0.0,0.0,0.0,7.0,1017.01,67.28,-16.57
2025-03-24 18:17:46.222000+00:00,39.91230037114641,,,,21.75,-1.062,-1.625,22.93,-127.0,-9.562,-6.5,0.026,0.022,-0.011,-0.22,0.29,9.28,-0.01,0.02,-0.51,-0.2,0.27,9.8,1.195,0.0,0.0,0.0,0.0,7.0,1017.01,67.28,-16.57
2025-03-24 18:17:47.446000+00:00,39.91230037114641,,,,21.75,-1.062,-1.625,22.93,-127.0,-9.562,-6.5,-0.021,0.007,-0.032,-0.22,0.29,9.28,-0.01,0.02,-0.51,-0.2,0.27,9.8,1.195,0.0,0.0,0.0,0.0,7.0,1017.01,67.28,-16.57
2025-03-24 18:17:48.513000+00:00,39.91230037114641,,,,21.75,-1.062,-1.625,22.93,-127.0,-9.562,-6.5,0.001,-0.002,0.013,-0.22,0.29,9.28,-0.01,0.02,-0.51,-0.2,0.27,9.8,1.195,0.0,0.0,0.0,0.0,7.0,1017.01,67.28,-16.57
2025-03-24 18:17:49.535000+00:00,39.91230037114641,,,,21.75,-1.062,-1.625,22.93,-127.0,-9.562,-6.5,0.017,0.004,-0.026,-0.22,0.29,9.28,-0.01,0.02,-0.51,-0.2,0.27,9.8,1.195,0.0,0.0,0.0,0.0,7.0,1017.01,67.28,-16.57
2025-03-24 18:17:50.236000+00:00,39.91230037114641,,,,21.75,-1.062,-1.625,22.93,-127.0,-9.562,-6.5,-0.003,0.016,-0.003,-0.22,0.29,9.28,-0.01,0.02,-0.51,-0.2,0.27,9.8,1.195,0.0,0.0,0.0,0.0,7.0,1017.01,67.28,-16.57
2025-03-24 18:17:51.282000+00:00,39.91230037114641,,,,21.75,-1.062,-1.625,22.93,-127.0,-9.562,-6.5,0.018,-0.008,0.02,-0.22,0.29,9.28,-0.01,0.02,-0.51,-0.2,0.27,9.8,1.195,0.0,0.0,0.0,0.0,7.0,1017.01,67.28,-16.57
2025-03-24 18:17:52.295000+00:00,39.91230037114641,,,,21.75,-1.062,-1.625,22.93,-127.0,-9.562,-6.5,0.007,-0.02,-0.053,-0.22,0.29,9.28,-0.01,0.02,-0.51,-0.2,0.27,9.8,1.195,0.0,0.0,0.0,0.0,7.0,1017.01,67.28,-16.57
2025-03-24 18:17:53.265000+00:00,39.91230037114641,,,,21.75,-1.062,-1.625,22.93,-127.0,-9.562,-6.5,0.007,-0.019,-0.027,-0.22,0.29,9.28,-0.01,0.02,-0.51,-0.2,0.27,9.8,1.195,0.0,0.0,0.0,0.0,7.0,1017.01,67.28,-16.57
2025-03-24 18:17:54.275000+00:00,39.91230037114641,,,,21.75,-1.062,-1.625,22.93,-127.0,-9.562,-6.5,-0.014,-0.014,0.028,-0.22,0.29,9.28,-0.01,0.02,-0.51,-0.2,0.27,9.8,1.195,0.0,0.0,0.0,0.0,7.0,1017.01,67.28,-16.57
2025-03-24 18:17:55.271000+00:00,39.91230037114641,,,,21.75,-1.062,-1.625,22.93,-127.0,-9.562,-6.5,-0.002,-0.001,-0.022,-0.22,0.29,9.28,-0.01,0.02,-0.51,-0.2,0.27,9.8,1.195,0.0,0.0,0.0,0.0,7.0,1017.01,67.28,-16.57
2025-03-24 18:17:56.422000+00:00,39.91230037114641,,,,21.75,-1.062,-1.625,22.93,-127.0,-9.562,-6.5,-0.007,-0.011,0.007,-0.22,0.29,9.28,-0.01,0.02,-0.51,-0.2,0.27,9.8,1.195,0.0,0.0,0.0,0.0,7.0,1017.01,67.28,-16.57
2025-03-24 18:17:57.515000+00:00,39.91230037114641,,,,21.75,-1.062,-1.625,22.93,-127.0,-9.562,-6.5,0.001,-0.014,-0.003,-0.22,0.29,9.28,-0.01,0.02,-0.51,-0.2,0.27,9.8,1.195,0.0,0.0,0.0,0.0,7.0,1017.01,67.28,-16.57
2025-03-24 18:17:58.582000+00:00,39.91230037114641,,,,21.75,-1.062,-1.625,22.93,-127.0,-9.562,-6.5,-0.014,0.013,0.019,-0.22,0.29,9.28,-0.01,0.02,-0.51,-0.2,0.27,9.8,1.195,0.0,0.0,0.0,0.0,7.0,1017.01,67.28,-16.57
2025-03-24 18:17:59.622000+00:00,39.91230037114641,,,,21.75,-1.062,-1.625,22.93,-127.0,-9.562,-6.5,0.021,0.023,-0.022,-0.22,0.29,9.28,-0.01,0.02,-0.51,-0.2,0.27,9.8,1.195,0.0,0.0,0.0,0.0,7.0,1017.01,67.28,-16.57
2025-03-24 18:18:00.622000+00:00,39.91230037114641,,,,21.75,-1.062,-1.625,22.93,-127.0,-9.562,-6.5,0.007,0.006,-0.012,-0.22,0.29,9.28,-0.01,0.02,-0.51,-0.2,0.27,9.8,1.195,0.0,0.0,0.0,0.0,7.0,1017.01,67.28,-16.57
2025-03-24 18:18:01.335000+00:00,39.91230037114641,,,,21.75,-1.062,-1.625,22.93,-127.0,-9.562,-6.5,0.02,0.012,0.019,-0.22,0.29,9.28,-0.01,0.02,-0.51,-0.2,0.27,9.8,1.195,0.0,0.0,0.0,0.0,7.0,1017.01,67.28,-16.57
2025-03-24 18:18:02.345000+00:00,39.91230037114641,,,,21.75,-1.062,-1.625,22.93,-127.0,-9.562,-6.5,-0.006,0.007,0.022,-0.22,0.29,9.28,-0.01,0.02,-0.51,-0.2,0.27,9.8,1.195,0.0,0.0,0.0,0.0,7.0,1017.01,67.28,-16.57
2025-03-24 18:18:03.364000+00:00,39.91230037114641,,,,21.75,-1.062,-1.625,22.93,-127.0,-9.562,-6.5,0.014,-0.002,0.011,-0.22,0.29,9.28,-0.01,0.02,-0.51,-0.2,0.27,9.8,1.195,0.0,0.0,0.0,0.0,7.0,1017.01,67.28,-16.57
2025-03-24 18:18:04.374000+00:00,39.91230037114641,,,,21.75,-1.062,-1.625,22.93,-127.0,-9.562,-6.5,0.012,-0.011,-0.032,-0.22,0.29,9.28,-0.01,0.02,-0.51,-0.2,0.27,9.8,1.195,0.0,0.0,0.0,0.0,7.0,1017.01,67.28,-16.57
2025-03-24 18:18:05.386000+00:00,39.91230037114641,,,,21.75,-1.062,-1.625,22.93,-127.0,-9.562,-6.5,0.003,-0.006,-0.061,-0.22,0.29,9.28,-0.01,0.02,-0.51,-0.2,0.27,9.8,1.195,0.0,0.0,0.0,0.0,7.0,1017.01,67.28,-16.57
2025-03-24 18:18:06.444000+00:00,39.91230037114641,,,,21.75,-1.062,-1.625,22.93,-127.0,-9.562,-6.5,0.006,-0.009,-0.009,-0.22,0.29,9.28,-0.01,0.02,-0.51,-0.2,0.27,9.8,1.195,0.0,0.0,0.0,0.0,7.0,1017.01,67.28,-16.57
2025-03-24 18:18:07.425000+00:00,39.91230037114641,,,,21.75,-1.062,-1.625,22.93,-127.0,-9.562,-6.5,-0.003,0.01,-0.004,-0.22,0.29,9.28,-0.01,0.02,-0.51,-0.2,0.27,9.8,1.195,0.0,0.0,0.0,0.0,7.0,1017.01,67.28,-16.57
2025-03-24 18:18:08.406000+00:00,39.91230037114641,,,,21.75,-1.062,-1.625,22.93,-127.0,-9.562,-6.5,0.013,0.011,0.023,-0.22,0.29,9.28,-0.01,0.02,-0.51,-0.2,0.27,9.8,1.195,0.0,0.0,0.0,0.0,7.0,1017.01,67.28,-16.57
2025-03-24 18:18:09.674000+00:00,39.91230037114641,,,,21.75,-1.062,-1.625,22.93,-127.0,-9.562,-6.5,-0.003,0.0,-0.013,-0.22,0.29,9.28,-0.01,0.02,-0.51,-0.2,0.27,9.8,1.195,0.0,0.0,0.0,0.0,7.0,1017.01,67.28,-16.57
2025-03-24 18:18:10.424000+00:00,39.91230037114641,,,,21.75,-1.062,-1.625,22.93,-127.0,-9.562,-6.5,0.007,-0.001,0.018,-0.22,0.29,9.28,-0.01,0.02,-0.51,-0.2,0.27,9.8,1.195,0.0,0.0,0.0,0.0,7.0,1017.01,67.28,-16.57
2025-03-24 18:18:11.434000+00:00,39.91230037114641,,,,21.75,-1.062,-1.625,22.93,-127.0,-9.562,-6.5,-0.002,-0.009,-0.026,-0.22,0.29,9.28,-0.01,0.02,-0.51,-0.2,0.27,9.8,1.195,0.0,0.0,0.0,0.0,7.0,1017.01,67.28,-16.57
2025-03-24 18:18:12.434000+00:00,39.91230037114641,,,,21.75,-1.062,-1.625,22.93,-127.0,-9.562,-6.5,-0.021,-0.033,-0.017,-0.22,0.29,9.28,-0.01,0.02,-0.51,-0.2,0.27,9.8,1.195,0.0,0.0,0.0,0.0,7.0,1017.01,67.28,-16.57
2025-03-24 18:18:13.445000+00:00,39.91230037114641,,,,21.75,-1.062,-1.625,22.93,-127.0,-9.562,-6.5,-0.007,-0.018,-0.033,-0.22,0.29,9.28,-0.01,0.02,-0.51,-0.2,0.27,9.8,1.195,0.0,0.0,0.0,0.0,7.0,1017.01,67.28,-16.57
2025-03-24 18:18:14.464000+00:00,39.91230037114641,,,,21.75,-1.062,-1.625,22.93,-127.0,-9.562,-6.5,-0.018,-0.006,0.043,-0.22,0.29,9.28,-0.01,0.02,-0.51,-0.2,0.27,9.8,1.195,0.0,0.0,0.0,0.0,7.0,1017.01,67.28,-16.57
2025-03-24 18:17:15.938000+00:00,39.91230037114641,,,,21.75,-1.062,-1.625,22.93,-127.0,-9.562,-6.5,-0.018,-0.006,0.043,-0.22,0.29,9.28,-0.01,0.02,-0.51,-0.2,0.27,9.8,1.195,0.0,0.0,0.0,0.0,7.0,1017.01,67.28,-16.57
2025-03-24 18:17:16.966000+00:00,39.91230037114641,,,,21.75,-1.062,-1.625,22.93,-127.0,-9.562,-6.5,-0.018,-0.006,0.043,0.05,0.41,9.39,-0.01,0.02,-0.51,-0.2,0.27,9.8,1.195,0.0,0.0,0.0,0.0,7.0,1017.01,67.28,-16.57
2025-03-24 18:17:17.968000+00:00,39.91230037114641,,,,21.75,-1.062,-1.625,22.93,-127.0,-9.562,-6.5,-0.018,-0.006,0.043,-0.51,0.0,9.42,-0.01,0.02,-0.51,-0.2,0.27,9.8,1.195,0.0,0.0,0.0,0.0,7.0,1017.01,67.28,-16.57
2025-03-24 18:17:18.977000+00:00,39.91230037114641,,,,21.75,-1.062,-1.625,22.93,-127.0,-9.562,-6.5,-0.018,-0.006,0.043,0.03,0.45,9.37,-0.01,0.02,-0.51,-0.2,0.27,9.8,1.195,0.0,0.0,0.0,0.0,7.0,1017.01,67.28,-16.57
2025-03-24 18:17:19.988000+00:00,39.91230037114641,,,,21.75,-1.062,-1.625,22.93,-127.0,-9.562,-6.5,-0.018,-0.006,0.043,0.1,0.53,9.42,-0.01,0.02,-0.51,-0.2,0.27,9.8,1.195,0.0,0.0,0.0,0.0,7.0,1017.01,67.28,-16.57
2025-03-24 18:17:21.007000+00:00,39.91230037114641,,,,21.75,-1.062,-1.625,22.93,-127.0,-9.562,-6.5,-0.018,-0.006,0.043,-0.45,0.22,9.57,-0.01,0.02,-0.51,-0.2,0.27,9.8,1.195,0.0,0.0,0.0,0.0,7.0,1017.01,67.28,-16.57
2025-03-24 18:17:22.059000+00:00,39.91230037114641,,,,21.75,-1.062,-1.625,22.93,-127.0,-9.562,-6.5,-0.018,-0.006,0.043,0.02,0.53,9.29,-0.01,0.02,-0.51,-0.2,0.27,9.8,1.195,0.0,0.0,0.0,0.0,7.0,1017.01,67.28,-16.57
2025-03-24 18:17:23.154000+00:00,39.91230037114641,,,,21.75,-1.062,-1.625,22.93,-127.0,-9.562,-6.5,-0.018,-0.006,0.043,-0.07,0.19,9.43,-0.01,0.02,-0.51,-0.2,0.27,9.8,1.195,0.0,0.0,0.0,0.0,7.0,1017.01,67.28,-16.57
2025-03-24 18:17:24.144000+00:00,39.91230037114641,,,,21.75,-1.062,-1.625,22.93,-127.0,-9.562,-6.5,-0.018,-0.006,0.043,0.62,0.32,9.33,-0.01,0.02,-0.51,-0.2,0.27,9.8,1.195,0.0,0.0,0.0,0.0,7.0,1017.01,67.28,-16.57
2025-03-24 18:17:25.222000+00:00,39.91230037114641,,,,21.75,-1.062,-1.625,22.93,-127.0,-9.562,-6.5,-0.018,-0.006,0.043,0.12,0.33,9.42,-0.01,0.02,-0.51,-0.2,0.27,9.8,1.195,0.0,0.0,0.0,0.0,7.0,1017.01,67.28,-16.57
2025-03-24 18:17:26.287000+00:00,39.91230037114641,,,,21.75,-1.062,-1.625,22.93,-127.0,-9.562,-6.5,-0.018,-0.006,0.043,-0.05,0.53,9.35,-0.01,0.02,-0.51,-0.2,0.27,9.8,1.195,0.0,0.0,0.0,0.0,7.0,1017.01,67.28,-16.57
2025-03-24 18:17:27.358000+00:00,39.91230037114641,,,,21.75,-1.062,-1.625,22.93,-127.0,-9.562,-6.5,-0.018,-0.006,0.043,0.1,0.22,9.41,-0.01,0.02,-0.51,-0.2,0.27,9.8,1.195,0.0,0.0,0.0,0.0,7.0,1017.01,67.28,-16.57
2025-03-24 18:17:28.527000+00:00,39.91230037114641,,,,21.75,-1.062,-1.625,22.93,-127.0,-9.562,-6.5,-0.018,-0.006,0.043,-0.09,0.75,9.49,-0.01,0.02,-0.51,-0.2,0.27,9.8,1.195,0.0,0.0,0.0,0.0,7.0,1017.01,67.28,-16.57
2025-03-24 18:17:29.434000+00:00,39.91230037114641,,,,21.75,-1.062,-1.625,22.93,-127.0,-9.562,-6.5,-0.018,-0.006,0.043,0.49,0.14,9.52,-0.01,0.02,-0.51,-0.2,0.27,9.8,1.195,0.0,0.0,0.0,0.0,7.0,1017.01,67.28,-16.57
2025-03-24 18:17:30.536000+00:00,39.91230037114641,,,,21.75,-1.062,-1.625,22.93,-127.0,-9.562,-6.5,-0.018,-0.006,0.043,0.55,0.07,9.52,-0.01,0.02,-0.51,-0.2,0.27,9.8,1.195,0.0,0.0,0.0,0.0,7.0,1017.01,67.28,-16.57
2025-03-24 18:17:31.278000+00:00,39.91230037114641,,,,21.75,-1.062,-1.625,22.93,-127.0,-9.562,-6.5,-0.018,-0.006,0.043,0.06,0.14,9.65,-0.01,0.02,-0.51,-0.2,0.27,9.8,1.195,0.0,0.0,0.0,0.0,7.0,1017.01,67.28,-16.57
2025-03-24 18:17:32.226000+00:00,39.91230037114641,,,,21.75,-1.062,-1.625,22.93,-127.0,-9.562,-6.5,-0.018,-0.006,0.043,-0.14,0.36,9.38,-0.01,0.02,-0.51,-0.2,0.27,9.8,1.195,0.0,0.0,0.0,0.0,7.0,1017.01,67.28,-16.57
2025-03-24 18:17:33.241000+00:00,39.91230037114641,,,,21.75,-1.062,-1.625,22.93,-127.0,-9.562,-6.5,-0.018,-0.006,0.043,0.17,0.51,9.18,-0.01,0.02,-0.51,-0.2,0.27,9.8,1.195,0.0,0.0,0.0,0.0,7.0,1017.01,67.28,-16.57
2025-03-24 18:17:34.226000+00:00,39.91230037114641,,,,21.75,-1.062,-1.625,22.93,-127.0,-9.562,-6.5,-0.018,-0.006,0.043,-0.42,0.65,9.4,-0.01,0.02,-0.51,-0.2,0.27,9.8,1.195,0.0,0.0,0.0,0.0,7.0,1017.01,67.28,-16.57
2025-03-24 18:17:35.261000+00:00,39.91230037114641,,,,21.75,-1.062,-1.625,22.93,-127.0,-9.562,-6.5,-0.018,-0.006,0.043,0.31,0.07,9.49,-0.01,0.02,-0.51,-0.2,0.27,9.8,1.195,0.0,0.0,0.0,0.0,7.0,1017.01,67.28,-16.57
2025-03-24 18:17:36.278000+00:00,39.91230037114641,,,,21.75,-1.062,-1.625,22.93,-127.0,-9.562,-6.5,-0.018,-0.006,0.043,-0.05,0.39,9.4,-0.01,0.02,-0.51,-0.2,0.27,9.8,1.195,0.0,0.0,0.0,0.0,7.0,1017.01,67.28,-16.57
2025-03-24 18:17:37.246000+00:00,39.91230037114641,,,,21.75,-1.062,-1.625,22.93,-127.0,-9.562,-6.5,-0.018,-0.006,0.043,0.11,0.35,9.25,-0.01,0.02,-0.51,-0.2,0.27,9.8,1.195,0.0,0.0,0.0,0.0,7.0,1017.01,67.28,-16.57
2025-03-24 18:17:38.236000+00:00,39.91230037114641,,,,21.75,-1.062,-1.625,22.93,-127.0,-9.562,-6.5,-0.018,-0.006,0.043,-0.04,0.58,9.4,-0.01,0.02,-0.51,-0.2,0.27,9.8,1.195,0.0,0.0,0.0,0.0,7.0,1017.01,67.28,-16.57
2025-03-24 18:17:39.266000+00:00,39.91230037114641,,,,21.75,-1.062,-1.625,22.93,-127.0,-9.562,-6.5,-0.018,-0.006,0.043,0.06,0.63,9.42,-0.01,0.02,-0.51,-0.2,0.27,9.8,1.195,0.0,0.0,0.0,0.0,7.0,1017.01,67.28,-16.57
2025-03-24 18:17:40.264000+00:00,39.91230037114641,,,,21.75,-1.062,-1.625,22.93,-127.0,-9.562,-6.5,-0.018,-0.006,0.043,0.04,0.43,9.43,-0.01,0.02,-0.51,-0.2,0.27,9.8,1.195,0.0,0.0,0.0,0.0,7.0,1017.01,67.28,-16.57
2025-03-24 18:17:41.331000+00:00,39.91230037114641,,,,21.75,-1.062,-1.625,22.93,-127.0,-9.562,-6.5,-0.018,-0.006,0.043,0.15,0.43,9.47,-0.01,0.02,-0.51,-0.2,0.27,9.8,1.195,0.0,0.0,0.0,0.0,7.0,1017.01,67.28,-16.57
2025-03-24 18:17:42.266000+00:00,39.91230037114641,,,,21.75,-1.062,-1.625,22.93,-127.0,-9.562,-6.5,-0.018,-0.006,0.043,0.06,0.22,9.27,-0.01,0.02,-0.51,-0.2,0.27,9.8,1.195,0.0,0.0,0.0,0.0,7.0,1017.01,67.28,-16.57
2025-03-24 18:17:43.276000+00:00,39.91230037114641,,,,21.75,-1.062,-1.625,22.93,-127.0,-9.562,-6.5,-0.018,-0.006,0.043,-0.41,0.4,9.52,-0.01,0.02,-0.51,-0.2,0.27,9.8,1.195,0.0,0.0,0.0,0.0,7.0,1017.01,67.28,-16.57
2025-03-24 18:17:44.316000+00:00,39.91230037114641,,,,21.75,-1.062,-1.625,22.93,-127.0,-9.562,-6.5,-0.018,-0.006,0.043,0.47,0.3,9.43,-0.01,0.02,-0.51,-0.2,0.27,9.8,1.195,0.0,0.0,0.0,0.0,7.0,1017.01,67.28,-16.57
2025-03-24 18:17:45.290000+00:00,39.91230037114641,,,,21.75,-1.062,-1.625,22.93,-127.0,-9.562,-6.5,-0.018,-0.006,0.043,0.35,0.49,9.27,-0.01,0.02,-0.51,-0.2,0.27,9.8,1.195,0.0,0.0,0.0,0.0,7.0,1017.01,67.28,-16.57
2025-03-24 18:17:46.283000+00:00,39.91230037114641,,,,21.75,-1.062,-1.625,22.93,-127.0,-9.562,-6.5,-0.018,-0.006,0.043,0.24,0.49,9.43,-0.01,0.02,-0.51,-0.2,0.27,9.8,1.195,0.0,0.0,0.0,0.0,7.0,1017.01,67.28,-16.57
2025-03-24 18:17:47.496000+00:00,39.91230037114641,,,,21.75,-1.062,-1.625,22.93,-127.0,-9.562,-6.5,-0.018,-0.006,0.043,-0.5,-0.11,9.49,-0.01,0.02,-0.51,-0.2,0.27,9.8,1.195,0.0,0.0,0.0,0.0,7.0,1017.01,67.28,-16.57
2025-03-24 18:17:48.570000+00:00,39.91230037114641,,,,21.75,-1.062,-1.625,22.93,-127.0,-9.562,-6.5,-0.018,-0.006,0.043,0.03,0.31,9.49,-0.01,0.02,-0.51,-0.2,0.27,9.8,1.195,0.0,0.0,0.0,0.0,7.0,1017.01,67.28,-16.57
2025-03-24 18:17:49.585000+00:00,39.91230037114641,,,,21.75,-1.062,-1.625,22.93,-127.0,-9.562,-6.5,-0.018,-0.006,0.043,-0.01,0.82,9.51,-0.01,0.02,-0.51,-0.2,0.27,9.8,1.195,0.0,0.0,0.0,0.0,7.0,1017.01,67.28,-16.57
2025-03-24 18:17:50.291000+00:00,39.91230037114641,,,,21.75,-1.062,-1.625,22.93,-127.0,-9.562,-6.5,-0.018,-0.006,0.043,-0.73,0.13,9.32,-0.01,0.02,-0.51,-0.2,0.27,9.8,1.195,0.0,0.0,0.0,0.0,7.0,1017.01,67.28,-16.57
2025-03-24 18:17:51.335000+00:00,39.91230037114641,,,,21.75,-1.062,-1.625,22.93,-127.0,-9.562,-6.5,-0.018,-0.006,0.043,-0.28,0.75,9.53,-0.01,0.02,-0.51,-0.2,0.27,9.8,1.195,0.0,0.0,0.0,0.0,7.0,1017.01,67.28,-16.57
2025-03-24 18:17:52.345000+00:00,39.91230037114641,,,,21.75,-1.062,-1.625,22.93,-127.0,-9.562,-6.5,-0.018,-0.006,0.043,-0.18,-0.05,9.46,-0.01,0.02,-0.51,-0.2,0.27,9.8,1.195,0.0,0.0,0.0,0.0,7.0,1017.01,67.28,-16.57
2025-03-24 18:17:53.315000+00:00,39.91230037114641,,,,21.75,-1.062,-1.625,22.93,-127.0,-9.562,-6.5,-0.018,-0.006,0.043,0.15,0.06,9.27,-0.01,0.02,-0.51,-0.2,0.27,9.8,1.195,0.0,0.0,0.0,0.0,7.0,1017.01,67.28,-16.57
2025-03-24 18:17:54.325000+00:00,39.91230037114641,,,,21.75,-1.062,-1.625,22.93,-127.0,-9.562,-6.5,-0.018,-0.006,0.043,0.16,0.4,9.4,-0.01,0.02,-0.51,-0.2,0.27,9.8,1.195,0.0,0.0,0.0,0.0,7.0,1017.01,67.28,-16.57
2025-03-24 18:17:55.325000+00:00,39.91230037114641,,,,21.75,-1.062,-1.625,22.93,-127.0,-9.562,-6.5,-0.018,-0.006,0.043,-0.23,0.14,9.41,-0.01,0.02,-0.51,-0.2,0.27,9.8,1.195,0.0,0.0,0.0,0.0,7.0,1017.01,67.28,-16.57
2025-03-24 18:17:56.479000+00:00,39.91230037114641,,,,21.75,-1.062,-1.625,22.93,-127.0,-9.562,-6.5,-0.018,-0.006,0.043,0.25,1.26,9.29,-0.01,0.02,-0.51,-0.2,0.27,9.8,1.195,0.0,0.0,0.0,0.0,7.0,1017.01,67.28,-16.57
2025-03-24 18:17:57.565000+00:00,39.91230037114641,,,,21.75,-1.062,-1.625,22.93,-127.0,-9.562,-6.5,-0.018,-0.006,0.043,-0.11,0.17,9.49,-0.01,0.02,-0.51,-0.2,0.27,9.8,1.195,0.0,0.0,0.0,0.0,7.0,1017.01,67.28,-16.57
2025-03-24 18:17:58.642000+00:00,39.91230037114641,,,,21.75,-1.062,-1.625,22.93,-127.0,-9.562,-6.5,-0.018,-0.006,0.043,0.02,0.5,9.48,-0.01,0.02,-0.51,-0.2,0.27,9.8,1.195,0.0,0.0,0.0,0.0,7.0,1017.01,67.28,-16.57
2025-03-24 18:17:59.682000+00:00,39.91230037114641,,,,21.75,-1.062,-1.625,22.93,-127.0,-9.562,-6.5,-0.018,-0.006,0.043,-0.28,0.41,9.39,-0.01,0.02,-0.51,-0.2,0.27,9.8,1.195,0.0,0.0,0.0,0.0,7.0,1017.01,67.28,-16.57
2025-03-24 18:18:00.675000+00:00,39.91230037114641,,,,21.75,-1.062,-1.625,22.93,-127.0,-9.562,-6.5,-0.018,-0.006,0.043,-0.27,0.43,9.34,-0.01,0.02,-0.51,-0.2,0.27,9.8,1.195,0.0,0.0,0.0,0.0,7.0,1017.01,67.28,-16.57
2025-03-24 18:18:01.387000+00:00,39.91230037114641,,,,21.75,-1.062,-1.625,22.93,-127.0,-9.562,-6.5,-0.018,-0.006,0.043,0.11,0.46,9.23,-0.01,0.02,-0.51,-0.2,0.27,9.8,1.195,0.0,0.0,0.0,0.0,7.0,1017.01,67.28,-16.57
2025-03-24 18:18:02.402000+00:00,39.91230037114641,,,,21.75,-1.062,-1.625,22.93,-127.0,-9.562,-6.5,-0.018,-0.006,0.043,-0.25,0.61,9.39,-0.01,0.02,-0.51,-0.2,0.27,9.8,1.195,0.0,0.0,0.0,0.0,7.0,1017.01,67.28,-16.57
2025-03-24 18:18:03.415000+00:00,39.91230037114641,,,,21.75,-1.062,-1.625,22.93,-127.0,-9.562,-6.5,-0.018,-0.006,0.043,0.04,0.64,9.41,-0.01,0.02,-0.51,-0.2,0.27,9.8,1.195,0.0,0.0,0.0,0.0,7.0,1017.01,67.28,-16.57
2025-03-24 18:18:04.425000+00:00,39.91230037114641,,,,21.75,-1.062,-1.625,22.93,-127.0,-9.562,-6.5,-0.018,-0.006,0.043,-0.65,-0.04,9.43,-0.01,0.02,-0.51,-0.2,0.27,9.8,1.195,0.0,0.0,0.0,0.0,7.0,1017.01,67.28,-16.57
2025-03-24 18:18:05.435000+00:00,39.91230037114641,,,,21.75,-1.062,-1.625,22.93,-127.0,-9.562,-6.5,-0.018,-0.006,0.043,-0.07,0.16,9.33,-0.01,0.02,-0.51,-0.2,0.27,9.8,1.195,0.0,0.0,0.0,0.0,7.0,1017.01,67.28,-16.57
2025-03-24 18:18:06.494000+00:00,39.91230037114641,,,,21.75,-1.062,-1.625,22.93,-127.0,-9.562,-6.5,-0.018,-0.006,0.043,-0.04,0.48,9.38,-0.01,0.02,-0.51,-0.2,0.27,9.8,1.195,0.0,0.0,0.0,0.0,7.0,1017.01,67.28,-16.57
2025-03-24 18:18:07.475000+00:00,39.91230037114641,,,,21.75,-1.062,-1.625,22.93,-127.0,-9.562,-6.5,-0.018,-0.006,0.043,-0.18,0.24,9.41,-0.01,0.02,-0.51,-0.2,0.27,9.8,1.195,0.0,0.0,0.0,0.0,7.0,1017.01,67.28,-16.57
2025-03-24 18:18:08.464000+00:00,39.91230037114641,,,,21.75,-1.062,-1.625,22.93,-127.0,-9.562,-6.5,-0.018,-0.006,0.043,-0.02,0.17,9.53,-0.01,0.02,-0.51,-0.2,0.27,9.8,1.195,0.0,0.0,0.0,0.0,7.0,1017.01,67.28,-16.57
2025-03-24 18:18:09.724000+00:00,39.91230037114641,,,,21.75,-1.062,-1.625,22.93,-127.0,-9.562,-6.5,-0.018,-0.006,0.043,0.07,0.37,9.29,-0.01,0.02,-0.51,-0.2,0.27,9.8,1.195,0.0,0.0,0.0,0.0,7.0,1017.01,67.28,-16.57
2025-03-24 18:18:10.474000+00:00,39.91230037114641,,,,21.75,-1.062,-1.625,22.93,-127.0,-9.562,-6.5,-0.018,-0.006,0.043,0.26,0.73,9.19,-0.01,0.02,-0.51,-0.2,0.27,9.8,1.195,0.0,0.0,0.0,0.0,7.0,1017.01,67.28,-16.57
2025-03-24 18:18:11.491000+00:00,39.91230037114641,,,,21.75,-1.062,-1.625,22.93,-127.0,-9.562,-6.5,-0.018,-0.006,0.043,-0.52,-0.04,9.48,-0.01,0.02,-0.51,-0.2,0.27,9.8,1.195,0.0,0.0,0.0,0.0,7.0,1017.01,67.28,-16.57
2025-03-24 18:18:12.484000+00:00,39.91230037114641,,,,21.75,-1.062,-1.625,22.93,-127.0,-9.562,-6.5,-0.018,-0.006,0.043,0.33,0.04,9.41,-0.01,0.02,-0.51,-0.2,0.27,9.8,1.195,0.0,0.0,0.0,0.0,7.0,1017.01,67.28,-16.57
2025-03-24 18:18:13.495000+00:00,39.91230037114641,,,,21.75,-1.062,-1.625,22.93,-127.0,-9.562,-6.5,-0.018,-0.006,0.043,0.07,-0.2,9.25,-0.01,0.02,-0.51,-0.2,0.27,9.8,1.195,0.0,0.0,0.0,0.0,7.0,1017.01,67.28,-16.57
2025-03-24 18:18:14.514000+00:00,39.91230037114641,,,,21.75,-1.062,-1.625,22.93,-127.0,-9.562,-6.5,-0.018,-0.006,0.043,0.36,0.19,9.36,-0.01,0.02,-0.51,-0.2,0.27,9.8,1.195,0.0,0.0,0.0,0.0,7.0,1017.01,67.28,-16.57
2025-03-24 18:18:15.613000+00:00,39.91230037114641,,,,21.75,-1.062,-1.625,22.93,-127.0,-9.562,-6.5,-0.018,-0.006,0.043,0.36,0.19,9.51,-0.01,0.02,-0.51,-0.2,0.27,9.8,1.195,0.0,0.0,0.0,0.0,7.0,1017.01,67.28,-16.57
2025-03-24 18:17:15.988000+00:00,39.91230037114641,,,,21.75,-1.062,-1.625,22.93,-127.0,-9.562,-6.5,-0.018,-0.006,0.043,0.36,0.19,9.51,-0.01,0.02,-0.51,-0.2,0.27,9.8,1.195,0.0,0.0,0.0,0.0,7.0,1017.01,67.28,-16.57
2025-03-24 18:17:17.018000+00:00,39.91230037114641,,,,21.75,-1.062,-1.625,22.93,-127.0,-9.562,-6.5,-0.018,-0.006,0.043,0.36,0.19,9.51,0.24,0.13,-0.4,-0.2,0.27,9.8,1.195,0.0,0.0,0.0,0.0,7.0,1017.01,67.28,-16.57
2025-03-24 18:17:18.018000+00:00,39.91230037114641,,,,21.75,-1.062,-1.625,22.93,-127.0,-9.562,-6.5,-0.018,-0.006,0.043,0.36,0.19,9.51,-0.31,0.14,-0.37,-0.2,0.27,9.8,1.195,0.0,0.0,0.0,0.0,7.0,1017.01,67.28,-16.57
2025-03-24 18:17:19.037000+00:00,39.91230037114641,,,,21.75,-1.062,-1.625,22.93,-127.0,-9.562,-6.5,-0.018,-0.006,0.043,0.36,0.19,9.51,0.21,0.17,-0.43,-0.2,0.27,9.8,1.195,0.0,0.0,0.0,0.0,7.0,1017.01,67.28,-16.57
2025-03-24 18:17:20.039000+00:00,39.91230037114641,,,,21.75,-1.062,-1.625,22.93,-127.0,-9.562,-6.5,-0.018,-0.006,0.043,0.36,0.19,9.51,0.27,0.24,-0.37,-0.2,0.27,9.8,1.195,0.0,0.0,0.0,0.0,7.0,1017.01,67.28,-16.57
2025-03-24 18:17:21.067000+00:00,39.91230037114641,,,,21.75,-1.062,-1.625,22.93,-127.0,-9.562,-6.5,-0.018,-0.006,0.043,0.36,0.19,9.51,-0.29,-0.05,-0.22,-0.2,0.27,9.8,1.195,0.0,0.0,0.0,0.0,7.0,1017.01,67.28,-16.57
2025-03-24 18:17:22.117000+00:00,39.91230037114641,,,,21.75,-1.062,-1.625,22.93,-127.0,-9.562,-6.5,-0.018,-0.006,0.043,0.36,0.19,9.51,0.18,0.25,-0.5,-0.2,0.27,9.8,1.195,0.0,0.0,0.0,0.0,7.0,1017.01,67.28,-16.57
2025-03-24 18:17:23.211000+00:00,39.91230037114641,,,,21.75,-1.062,-1.625,22.93,-127.0,-9.562,-6.5,-0.018,-0.006,0.043,0.36,0.19,9.51,0.11,-0.1,-0.36,-0.2,0.27,9.8,1.195,0.0,0.0,0.0,0.0,7.0,1017.01,67.28,-16.57
2025-03-24 18:17:24.197000+00:00,39.91230037114641,,,,21.75,-1.062,-1.625,22.93,-127.0,-9.562,-6.5,-0.018,-0.006,0.043,0.36,0.19,9.51,0.79,0.01,-0.46,-0.2,0.27,9.8,1.195,0.0,0.0,0.0,0.0,7.0,1017.01,67.28,-16.57
2025-03-24 18:17:25.277000+00:00,39.91230037114641,,,,21.75,-1.062,-1.625,22.93,-127.0,-9.562,-6.5,-0.018,-0.006,0.043,0.36,0.19,9.51,0.31,0.03,-0.37,-0.2,0.27,9.8,1.195,0.0,0.0,0.0,0.0,7.0,1017.01,67.28,-16.57
2025-03-24 18:17:26.347000+00:00,39.91230037114641,,,,21.75,-1.062,-1.625,22.93,-127.0,-9.562,-6.5,-0.018,-0.006,0.043,0.36,0.19,9.51,0.14,0.22,-0.44,-0.2,0.27,9.8,1.195,0.0,0.0,0.0,0.0,7.0,1017.01,67.28,-16.57
2025-03-24 18:17:27.415000+00:00,39.91230037114641,,,,21.75,-1.062,-1.625,22.93,-127.0,-9.562,-6.5,-0.018,-0.006,0.043,0.36,0.19,9.51,0.28,-0.09,-0.38,-0.2,0.27,9.8,1.195,0.0,0.0,0.0,0.0,7.0,1017.01,67.28,-16.57
2025-03-24 18:17:28.584000+00:00,39.91230037114641,,,,21.75,-1.062,-1.625,22.93,-127.0,-9.562,-6.5,-0.018,-0.006,0.043,0.36,0.19,9.51,0.07,0.45,-0.3,-0.2,0.27,9.8,1.195,0.0,0.0,0.0,0.0,7.0,1017.01,67.28,-16.57
2025-03-24 18:17:29.486000+00:00,39.91230037114641,,,,21.75,-1.062,-1.625,22.93,-127.0,-9.562,-6.5,-0.018,-0.006,0.043,0.36,0.19,9.51,0.66,-0.15,-0.27,-0.2,0.27,9.8,1.195,0.0,0.0,0.0,0.0,7.0,1017.01,67.28,-16.57
2025-03-24 18:17:30.587000+00:00,39.91230037114641,,,,21.75,-1.062,-1.625,22.93,-127.0,-9.562,-6.5,-0.018,-0.006,0.043,0.36,0.19,9.51,0.72,-0.23,-0.27,-0.2,0.27,9.8,1.195,0.0,0.0,0.0,0.0,7.0,1017.01,67.28,-16.57
2025-03-24 18:17:31.334000+00:00,39.91230037114641,,,,21.75,-1.062,-1.625,22.93,-127.0,-9.562,-6.5,-0.018,-0.006,0.043,0.36,0.19,9.51,0.24,-0.17,-0.14,-0.2,0.27,9.8,1.195,0.0,0.0,0.0,0.0,7.0,1017.01,67.28,-16.57
2025-03-24 18:17:32.286000+00:00,39.91230037114641,,,,21.75,-1.062,-1.625,22.93,-127.0,-9.562,-6.5,-0.018,-0.006,0.043,0.36,0.19,9.51,0.05,0.04,-0.41,-0.2,0.27,9.8,1.195,0.0,0.0,0.0,0.0,7.0,1017.01,67.28,-16.57
2025-03-24 18:17:33.288000+00:00,39.91230037114641,,,,21.75,-1.062,-1.625,22.93,-127.0,-9.562,-6.5,-0.018,-0.006,0.043,0.36,0.19,9.51,0.36,0.19,-0.61,-0.2,0.27,9.8,1.195,0.0,0.0,0.0,0.0,7.0,1017.01,67.28,-16.57
2025-03-24 18:17:34.278000+00:00,39.91230037114641,,,,21.75,-1.062,-1.625,22.93,-127.0,-9.562,-6.5,-0.018,-0.006,0.043,0.36,0.19,9.51,-0.21,0.34,-0.39,-0.2,0.27,9.8,1.195,0.0,0.0,0.0,0.0,7.0,1017.01,67.28,-16.57
2025-03-24 18:17:35.306000+00:00,39.91230037114641,,,,21.75,-1.062,-1.625,22.93,-127.0,-9.562,-6.5,-0.018,-0.006,0.043,0.36,0.19,9.51,0.53,-0.24,-0.3,-0.2,0.27,9.8,1.195,0.0,0.0,0.0,0.0,7.0,1017.01,67.28,-16.57
2025-03-24 18:17:36.327000+00:00,39.91230037114641,,,,21.75,-1.062,-1.625,22.93,-127.0,-9.562,-6.5,-0.018,-0.006,0.043,0.36,0.19,9.51,0.17,0.08,-0.38,-0.2,0.27,9.8,1.195,0.0,0.0,0.0,0.0,7.0,1017.01,67.28,-16.57
2025-03-24 18:17:37.296000+00:00,39.91230037114641,,,,21.75,-1.062,-1.625,22.93,-127.0,-9.562,-6.5,-0.018,-0.006,0.043,0.36,0.19,9.51,0.32,0.04,-0.54,-0.2,0.27,9.8,1.195,0.0,0.0,0.0,0.0,7.0,1017.01,67.28,-16.57
2025-03-24 18:17:38.286000+00:00,39.91230037114641,,,,21.75,-1.062,-1.625,22.93,-127.0,-9.562,-6.5,-0.018,-0.006,0.043,0.36,0.19,9.51,0.13,0.29,-0.39,-0.2,0.27,9.8,1.195,0.0,0.0,0.0,0.0,7.0,1017.01,67.28,-16.57
2025-03-24 18:17:39.316000+00:00,39.91230037114641,,,,21.75,-1.062,-1.625,22.93,-127.0,-9.562,-6.5,-0.018,-0.006,0.043,0.36,0.19,9.51,0.23,0.31,-0.37,-0.2,0.27,9.8,1.195,0.0,0.0,0.0,0.0,7.0,1017.01,67.28,-16.57
2025-03-24 18:17:40.320000+00:00,39.91230037114641,,,,21.75,-1.062,-1.625,22.93,-127.0,-9.562,-6.5,-0.018,-0.006,0.043,0.36,0.19,9.51,0.22,0.12,-0.36,-0.2,0.27,9.8,1.195,0.0,0.0,0.0,0.0,7.0,1017.01,67.28,-16.57
2025-03-24 18:17:41.377000+00:00,39.91230037114641,,,,21.75,-1.062,-1.625,22.93,-127.0,-9.562,-6.5,-0.018,-0.006,0.043,0.36,0.19,9.51,0.33,0.12,-0.32,-0.2,0.27,9.8,1.195,0.0,0.0,0.0,0.0,7.0,1017.01,67.28,-16.57
2025-03-24 18:17:42.316000+00:00,39.91230037114641,,,,21.75,-1.062,-1.625,22.93,-127.0,-9.562,-6.5,-0.018,-0.006,0.043,0.36,0.19,9.51,0.25,-0.07,-0.52,-0.2,0.27,9.8,1.195,0.0,0.0,0.0,0.0,7.0,1017.01,67.28,-16.57
2025-03-24 18:17:43.325000+00:00,39.91230037114641,,,,21.75,-1.062,-1.625,22.93,-127.0,-9.562,-6.5,-0.018,-0.006,0.043,0.36,0.19,9.51,-0.23,0.09,-0.27,-0.2,0.27,9.8,1.195,0.0,0.0,0.0,0.0,7.0,1017.01,67.28,-16.57
2025-03-24 18:17:44.366000+00:00,39.91230037114641,,,,21.75,-1.062,-1.625,22.93,-127.0,-9.562,-6.5,-0.018,-0.006,0.043,0.36,0.19,9.51,0.65,0.0,-0.36,-0.2,0.27,9.8,1.195,0.0,0.0,0.0,0.0,7.0,1017.01,67.28,-16.57
2025-03-24 18:17:45.336000+00:00,39.91230037114641,,,,21.75,-1.062,-1.625,22.93,-127.0,-9.562,-6.5,-0.018,-0.006,0.043,0.36,0.19,9.51,0.52,0.17,-0.52,-0.2,0.27,9.8,1.195,0.0,0.0,0.0,0.0,7.0,1017.01,67.28,-16.57
2025-03-24 18:17:46.337000+00:00,39.91230037114641,,,,21.75,-1.062,-1.625,22.93,-127.0,-9.562,-6.5,-0.018,-0.006,0.043,0.36,0.19,9.51,0.45,0.18,-0.36,-0.2,0.27,9.8,1.195,0.0,0.0,0.0,0.0,7.0,1017.01,67.28,-16.57
2025-03-24 18:17:47.545000+00:00,39.91230037114641,,,,21.75,-1.062,-1.625,22.93,-127.0,-9.562,-6.5,-0.018,-0.006,0.043,0.36,0.19,9.51,-0.3,-0.42,-0.3,-0.2,0.27,9.8,1.195,0.0,0.0,0.0,0.0,7.0,1017.01,67.28,-16.57
2025-03-24 18:17:48.616000+00:00,39.91230037114641,,,,21.75,-1.062,-1.625,22.93,-127.0,-9.562,-6.5,-0.018,-0.006,0.043,0.36,0.19,9.51,0.24,0.0,-0.3,-0.2,0.27,9.8,1.195,0.0,0.0,0.0,0.0,7.0,1017.01,67.28,-16.57
2025-03-24 18:17:49.645000+00:00,39.91230037114641,,,,21.75,-1.062,-1.625,22.93,-127.0,-9.562,-6.5,-0.018,-0.006,0.043,0.36,0.19,9.51,0.16,0.49,-0.28,-0.2,0.27,9.8,1.195,0.0,0.0,0.0,0.0,7.0,1017.01,67.28,-16.57
2025-03-24 18:17:50.347000+00:00,39.91230037114641,,,,21.75,-1.062,-1.625,22.93,-127.0,-9.562,-6.5,-0.018,-0.006,0.043,0.36,0.19,9.51,-0.55,-0.18,-0.47,-0.2,0.27,9.8,1.195,0.0,0.0,0.0,0.0,7.0,1017.01,67.28,-16.57
2025-03-24 18:17:51.385000+00:00,39.91230037114641,,,,21.75,-1.062,-1.625,22.93,-127.0,-9.562,-6.5,-0.018,-0.006,0.043,0.36,0.19,9.51,-0.1,0.41,-0.26,-0.2,0.27,9.8,1.195,0.0,0.0,0.0,0.0,7.0,1017.01,67.28,-16.57
2025-03-24 18:17:52.397000+00:00,39.91230037114641,,,,21.75,-1.062,-1.625,22.93,-127.0,-9.562,-6.5,-0.018,-0.006,0.043,0.36,0.19,9.51,-0.01,-0.37,-0.33,-0.2,0.27,9.8,1.195,0.0,0.0,0.0,0.0,7.0,1017.01,67.28,-16.57
2025-03-24 18:17:53.366000+00:00,39.91230037114641,,,,21.75,-1.062,-1.625,22.93,-127.0,-9.562,-6.5,-0.018,-0.006,0.043,0.36,0.19,9.51,0.17,-0.14,-0.38,-0.2,0.27,9.8,1.195,0.0,0.0,0.0,0.0,7.0,1017.01,67.28,-16.57
2025-03-24 18:17:54.387000+00:00,39.91230037114641,,,,21.75,-1.062,-1.625,22.93,-127.0,-9.562,-6.5,-0.018,-0.006,0.043,0.36,0.19,9.51,0.09,-0.19,-0.3,-0.2,0.27,9.8,1.195,0.0,0.0,0.0,0.0,7.0,1017.01,67.28,-16.57
2025-03-24 18:17:55.375000+00:00,39.91230037114641,,,,21.75,-1.062,-1.625,22.93,-127.0,-9.562,-6.5,-0.018,-0.006,0.043,0.36,0.19,9.51,-0.06,-0.17,-0.38,-0.2,0.27,9.8,1.195,0.0,0.0,0.0,0.0,7.0,1017.01,67.28,-16.57
2025-03-24 18:17:56.535000+00:00,39.91230037114641,,,,21.75,-1.062,-1.625,22.93,-127.0,-9.562,-6.5,-0.018,-0.006,0.043,0.36,0.19,9.51,0.41,0.95,-0.5,-0.2,0.27,9.8,1.195,0.0,0.0,0.0,0.0,7.0,1017.01,67.28,-16.57
2025-03-24 18:17:57.615000+00:00,39.91230037114641,,,,21.75,-1.062,-1.625,22.93,-127.0,-9.562,-6.5,-0.018,-0.006,0.043,0.36,0.19,9.51,0.06,-0.12,-0.3,-0.2,0.27,9.8,1.195,0.0,0.0,0.0,0.0,7.0,1017.01,67.28,-16.57
2025-03-24 18:17:58.697000+00:00,39.91230037114641,,,,21.75,-1.062,-1.625,22.93,-127.0,-9.562,-6.5,-0.018,-0.006,0.043,0.36,0.19,9.51,0.2,0.18,-0.31,-0.2,0.27,9.8,1.195,0.0,0.0,0.0,0.0,7.0,1017.01,67.28,-16.57
2025-03-24 18:17:59.736000+00:00,39.91230037114641,,,,21.75,-1.062,-1.625,22.93,-127.0,-9.562,-6.5,-0.018,-0.006,0.043,0.36,0.19,9.51,-0.09,0.1,-0.4,-0.2,0.27,9.8,1.195,0.0,0.0,0.0,0.0,7.0,1017.01,67.28,-16.57
2025-03-24 18:18:00.725000+00:00,39.91230037114641,,,,21.75,-1.062,-1.625,22.93,-127.0,-9.562,-6.5,-0.018,-0.006,0.043,0.36,0.19,9.51,-0.11,0.13,-0.45,-0.2,0.27,9.8,1.195,0.0,0.0,0.0,0.0,7.0,1017.01,67.28,-16.57
2025-03-24 18:18:01.442000+00:00,39.91230037114641,,,,21.75,-1.062,-1.625,22.93,-127.0,-9.562,-6.5,-0.018,-0.006,0.043,0.36,0.19,9.51,0.28,0.15,-0.56,-0.2,0.27,9.8,1.195,0.0,0.0,0.0,0.0,7.0,1017.01,67.28,-16.57
2025-03-24 18:18:02.462000+00:00,39.91230037114641,,,,21.75,-1.062,-1.625,22.93,-127.0,-9.562,-6.5,-0.018,-0.006,0.043,0.36,0.19,9.51,-0.08,0.29,-0.4,-0.2,0.27,9.8,1.195,0.0,0.0,0.0,0.0,7.0,1017.01,67.28,-16.57
2025-03-24 18:18:03.465000+00:00,39.91230037114641,,,,21.75,-1.062,-1.625,22.93,-127.0,-9.562,-6.5,-0.018,-0.006,0.043,0.36,0.19,9.51,0.22,0.31,-0.38,-0.2,0.27,9.8,1.195,0.0,0.0,0.0,0.0,7.0,1017.01,67.28,-16.57
2025-03-24 18:18:04.491000+00:00,39.91230037114641,,,,21.75,-1.062,-1.625,22.93,-127.0,-9.562,-6.5,-0.018,-0.006,0.043,0.36,0.19,9.51,-0.46,-0.36,-0.36,-0.2,0.27,9.8,1.195,0.0,0.0,0.0,0.0,7.0,1017.01,67.28,-16.57
2025-03-24 18:18:05.485000+00:00,39.91230037114641,,,,21.75,-1.062,-1.625,22.93,-127.0,-9.562,-6.5,-0.018,-0.006,0.043,0.36,0.19,9.51,0.1,-0.14,-0.46,-0.2,0.27,9.8,1.195,0.0,0.0,0.0,0.0,7.0,1017.01,67.28,-16.57
2025-03-24 18:18:06.545000+00:00,39.91230037114641,,,,21.75,-1.062,-1.625,22.93,-127.0,-9.562,-6.5,-0.018,-0.006,0.043,0.36,0.19,9.51,0.12,0.19,-0.42,-0.2,0.27,9.8,1.195,0.0,0.0,0.0,0.0,7.0,1017.01,67.28,-16.57
2025-03-24 18:18:07.530000+00:00,39.91230037114641,,,,21.75,-1.062,-1.625,22.93,-127.0,-9.562,-6.5,-0.018,-0.006,0.043,0.36,0.19,9.51,-0.02,-0.06,-0.38,-0.2,0.27,9.8,1.195,0.0,0.0,0.0,0.0,7.0,1017.01,67.28,-16.57
2025-03-24 18:18:08.514000+00:00,39.91230037114641,,,,21.75,-1.062,-1.625,22.93,-127.0,-9.562,-6.5,-0.018,-0.006,0.043,0.36,0.19,9.51,0.15,-0.12,-0.26,-0.2,0.27,9.8,1.195,0.0,0.0,0.0,0.0,7.0,1017.01,67.28,-16.57
2025-03-24 18:18:09.782000+00:00,39.91230037114641,,,,21.75,-1.062,-1.625,22.93,-127.0,-9.562,-6.5,-0.018,-0.006,0.043,0.36,0.19,9.51,0.24,0.08,-0.5,-0.2,0.27,9.8,1.195,0.0,0.0,0.0,0.0,7.0,1017.01,67.28,-16.57
2025-03-24 18:18:10.526000+00:00,39.91230037114641,,,,21.75,-1.062,-1.625,22.93,-127.0,-9.562,-6.5,-0.018,-0.006,0.043,0.36,0.19,9.51,0.43,0.43,-0.6,-0.2,0.27,9.8,1.195,0.0,0.0,0.0,0.0,7.0,1017.01,67.28,-16.57
2025-03-24 18:18:11.545000+00:00,39.91230037114641,,,,21.75,-1.062,-1.625,22.93,-127.0,-9.562,-6.5,-0.018,-0.006,0.043,0.36,0.19,9.51,-0.35,-0.32,-0.31,-0.2,0.27,9.8,1.195,0.0,0.0,0.0,0.0,7.0,1017.01,67.28,-16.57
2025-03-24 18:18:12.544000+00:00,39.91230037114641,,,,21.75,-1.062,-1.625,22.93,-127.0,-9.562,-6.5,-0.018,-0.006,0.043,0.36,0.19,9.51,0.49,-0.23,-0.38,-0.2,0.27,9.8,1.195,0.0,0.0,0.0,0.0,7.0,1017.01,67.28,-16.57
2025-03-24 18:18:13.544000+00:00,39.91230037114641,,,,21.75,-1.062,-1.625,22.93,-127.0,-9.562,-6.5,-0.018,-0.006,0.043,0.36,0.19,9.51,0.25,-0.48,-0.54,-0.2,0.27,9.8,1.195,0.0,0.0,0.0,0.0,7.0,1017.01,67.28,-16.57
2025-03-24 18:18:14.563000+00:00,39.91230037114641,,,,21.75,-1.062,-1.625,22.93,-127.0,-9.562,-6.5,-0.018,-0.006,0.043,0.36,0.19,9.51,0.54,-0.09,-0.43,-0.2,0.27,9.8,1.195,0.0,0.0,0.0,0.0,7.0,1017.01,67.28,-16.57
2025-03-24 18:18:15.674000+00:00,39.91230037114641,,,,21.75,-1.062,-1.625,22.93,-127.0,-9.562,-6.5,-0.018,-0.006,0.043,0.36,0.19,9.51,0.14,0.08,-0.28,-0.2,0.27,9.8,1.195,0.0,0.0,0.0,0.0,7.0,1017.01,67.28,-16.57
2025-03-24 18:17:16.038000+00:00,39.91230037114641,,,,21.75,-1.062,-1.625,22.93,-127.0,-9.562,-6.5,-0.018,-0.006,0.043,0.36,0.19,9.51,0.14,0.08,-0.28,-0.2,0.27,9.8,1.195,0.0,0.0,0.0,0.0,7.0,1017.01,67.28,-16.57
2025-03-24 18:17:17.068000+00:00,39.91230037114641,,,,21.75,-1.062,-1.625,22.93,-127.0,-9.562,-6.5,-0.018,-0.006,0.043,0.36,0.19,9.51,0.14,0.08,-0.28,-0.18,0.27,9.8,1.195,0.0,0.0,0.0,0.0,7.0,1017.01,67.28,-16.57
2025-03-24 18:17:18.068000+00:00,39.91230037114641,,,,21.75,-1.062,-1.625,22.93,-127.0,-9.562,-6.5,-0.018,-0.006,0.043,0.36,0.19,9.51,0.14,0.08,-0.28,-0.17,0.28,9.8,1.195,0.0,0.0,0.0,0.0,7.0,1017.01,67.28,-16.57
2025-03-24 18:17:19.088000+00:00,39.91230037114641,,,,21.75,-1.062,-1.625,22.93,-127.0,-9.562,-6.5,-0.018,-0.006,0.043,0.36,0.19,9.51,0.14,0.08,-0.28,-0.18,0.28,9.8,1.195,0.0,0.0,0.0,0.0,7.0,1017.01,67.28,-16.57
2025-03-24 18:17:20.088000+00:00,39.91230037114641,,,,21.75,-1.062,-1.625,22.93,-127.0,-9.562,-6.5,-0.018,-0.006,0.043,0.36,0.19,9.51,0.14,0.08,-0.28,-0.16,0.29,9.8,1.195,0.0,0.0,0.0,0.0,7.0,1017.01,67.28,-16.57
2025-03-24 18:17:21.120000+00:00,39.91230037114641,,,,21.75,-1.062,-1.625,22.93,-127.0,-9.562,-6.5,-0.018,-0.006,0.043,0.36,0.19,9.51,0.14,0.08,-0.28,-0.16,0.28,9.8,1.195,0.0,0.0,0.0,0.0,7.0,1017.01,67.28,-16.57
2025-03-24 18:17:22.168000+00:00,39.91230037114641,,,,21.75,-1.062,-1.625,22.93,-127.0,-9.562,-6.5,-0.018,-0.006,0.043,0.36,0.19,9.51,0.14,0.08,-0.28,-0.15,0.28,9.8,1.195,0.0,0.0,0.0,0.0,7.0,1017.01,67.28,-16.57
2025-03-24 18:17:23.264000+00:00,39.91230037114641,,,,21.75,-1.062,-1.625,22.93,-127.0,-9.562,-6.5,-0.018,-0.006,0.043,0.36,0.19,9.51,0.14,0.08,-0.28,-0.18,0.3,9.8,1.195,0.0,0.0,0.0,0.0,7.0,1017.01,67.28,-16.57
2025-03-24 18:17:24.254000+00:00,39.91230037114641,,,,21.75,-1.062,-1.625,22.93,-127.0,-9.562,-6.5,-0.018,-0.006,0.043,0.36,0.19,9.51,0.14,0.08,-0.28,-0.17,0.3,9.8,1.195,0.0,0.0,0.0,0.0,7.0,1017.01,67.28,-16.57
2025-03-24 18:17:25.327000+00:00,39.91230037114641,,,,21.75,-1.062,-1.625,22.93,-127.0,-9.562,-6.5,-0.018,-0.006,0.043,0.36,0.19,9.51,0.14,0.08,-0.28,-0.18,0.3,9.8,1.195,0.0,0.0,0.0,0.0,7.0,1017.01,67.28,-16.57
2025-03-24 18:17:26.396000+00:00,39.91230037114641,,,,21.75,-1.062,-1.625,22.93,-127.0,-9.562,-6.5,-0.018,-0.006,0.043,0.36,0.19,9.51,0.14,0.08,-0.28,-0.19,0.31,9.79,1.195,0.0,0.0,0.0,0.0,7.0,1017.01,67.28,-16.57
2025-03-24 18:17:27.467000+00:00,39.91230037114641,,,,21.75,-1.062,-1.625,22.93,-127.0,-9.562,-6.5,-0.018,-0.006,0.043,0.36,0.19,9.51,0.14,0.08,-0.28,-0.17,0.31,9.8,1.195,0.0,0.0,0.0,0.0,7.0,1017.01,67.28,-16.57
2025-03-24 18:17:28.642000+00:00,39.91230037114641,,,,21.75,-1.062,-1.625,22.93,-127.0,-9.562,-6.5,-0.018,-0.006,0.043,0.36,0.19,9.51,0.14,0.08,-0.28,-0.17,0.3,9.8,1.195,0.0,0.0,0.0,0.0,7.0,1017.01,67.28,-16.57
2025-03-24 18:17:29.537000+00:00,39.91230037114641,,,,21.75,-1.062,-1.625,22.93,-127.0,-9.562,-6.5,-0.018,-0.006,0.043,0.36,0.19,9.51,0.14,0.08,-0.28,-0.16,0.3,9.8,1.195,0.0,0.0,0.0,0.0,7.0,1017.01,67.28,-16.57
2025-03-24 18:17:30.647000+00:00,39.91230037114641,,,,21.75,-1.062,-1.625,22.93,-127.0,-9.562,-6.5,-0.018,-0.006,0.043,0.36,0.19,9.51,0.14,0.08,-0.28,-0.17,0.31,9.8,1.195,0.0,0.0,0.0,0.0,7.0,1017.01,67.28,-16.57
2025-03-24 18:17:31.387000+00:00,39.91230037114641,,,,21.75,-1.062,-1.625,22.93,-127.0,-9.562,-6.5,-0.018,-0.006,0.043,0.36,0.19,9.51,0.14,0.08,-0.28,-0.18,0.31,9.79,1.195,0.0,0.0,0.0,0.0,7.0,1017.01,67.28,-16.57
2025-03-24 18:17:32.337000+00:00,39.91230037114641,,,,21.75,-1.062,-1.625,22.93,-127.0,-9.562,-6.5,-0.018,-0.006,0.043,0.36,0.19,9.51,0.14,0.08,-0.28,-0.19,0.31,9.79,1.195,0.0,0.0,0.0,0.0,7.0,1017.01,67.28,-16.57
2025-03-24 18:17:33.343000+00:00,39.91230037114641,,,,21.75,-1.062,-1.625,22.93,-127.0,-9.562,-6.5,-0.018,-0.006,0.043,0.36,0.19,9.51,0.14,0.08,-0.28,-0.19,0.31,9.79,1.195,0.0,0.0,0.0,0.0,7.0,1017.01,67.28,-16.57
2025-03-24 18:17:34.326000+00:00,39.91230037114641,,,,21.75,-1.062,-1.625,22.93,-127.0,-9.562,-6.5,-0.018,-0.006,0.043,0.36,0.19,9.51,0.14,0.08,-0.28,-0.21,0.31,9.79,1.195,0.0,0.0,0.0,0.0,7.0,1017.01,67.28,-16.57
2025-03-24 18:17:35.356000+00:00,39.91230037114641,,,,21.75,-1.062,-1.625,22.93,-127.0,-9.562,-6.5,-0.018,-0.006,0.043,0.36,0.19,9.51,0.14,0.08,-0.28,-0.22,0.31,9.79,1.195,0.0,0.0,0.0,0.0,7.0,1017.01,67.28,-16.57
2025-03-24 18:17:36.377000+00:00,39.91230037114641,,,,21.75,-1.062,-1.625,22.93,-127.0,-9.562,-6.5,-0.018,-0.006,0.043,0.36,0.19,9.51,0.14,0.08,-0.28,-0.22,0.31,9.79,1.195,0.0,0.0,0.0,0.0,7.0,1017.01,67.28,-16.57
2025-03-24 18:17:37.348000+00:00,39.91230037114641,,,,21.75,-1.062,-1.625,22.93,-127.0,-9.562,-6.5,-0.018,-0.006,0.043,0.36,0.19,9.51,0.14,0.08,-0.28,-0.21,0.31,9.79,1.195,0.0,0.0,0.0,0.0,7.0,1017.01,67.28,-16.57
2025-03-24 18:17:38.342000+00:00,39.91230037114641,,,,21.75,-1.062,-1.625,22.93,-127.0,-9.562,-6.5,-0.018,-0.006,0.043,0.36,0.19,9.51,0.14,0.08,-0.28,-0.17,0.29,9.8,1.195,0.0,0.0,0.0,0.0,7.0,1017.01,67.28,-16.57
2025-03-24 18:17:39.366000+00:00,39.91230037114641,,,,21.75,-1.062,-1.625,22.93,-127.0,-9.562,-6.5,-0.018,-0.006,0.043,0.36,0.19,9.51,0.14,0.08,-0.28,-0.17,0.31,9.8,1.195,0.0,0.0,0.0,0.0,7.0,1017.01,67.28,-16.57
2025-03-24 18:17:40.368000+00:00,39.91230037114641,,,,21.75,-1.062,-1.625,22.93,-127.0,-9.562,-6.5,-0.018,-0.006,0.043,0.36,0.19,9.51,0.14,0.08,-0.28,-0.18,0.3,9.8,1.195,0.0,0.0,0.0,0.0,7.0,1017.01,67.28,-16.57
2025-03-24 18:17:41.433000+00:00,39.91230037114641,,,,21.75,-1.062,-1.625,22.93,-127.0,-9.562,-6.5,-0.018,-0.006,0.043,0.36,0.19,9.51,0.14,0.08,-0.28,-0.18,0.3,9.8,1.195,0.0,0.0,0.0,0.0,7.0,1017.01,67.28,-16.57
2025-03-24 18:17:42.366000+00:00,39.91230037114641,,,,21.75,-1.062,-1.625,22.93,-127.0,-9.562,-6.5,-0.018,-0.006,0.043,0.36,0.19,9.51,0.14,0.08,-0.28,-0.19,0.29,9.8,1.195,0.0,0.0,0.0,0.0,7.0,1017.01,67.28,-16.57
2025-03-24 18:17:43.382000+00:00,39.91230037114641,,,,21.75,-1.062,-1.625,22.93,-127.0,-9.562,-6.5,-0.018,-0.006,0.043,0.36,0.19,9.51,0.14,0.08,-0.28,-0.18,0.31,9.8,1.195,0.0,0.0,0.0,0.0,7.0,1017.01,67.28,-16.57
2025-03-24 18:17:44.426000+00:00,39.91230037114641,,,,21.75,-1.062,-1.625,22.93,-127.0,-9.562,-6.5,-0.018,-0.006,0.043,0.36,0.19,9.51,0.14,0.08,-0.28,-0.18,0.3,9.8,1.195,0.0,0.0,0.0,0.0,7.0,1017.01,67.28,-16.57
2025-03-24 18:17:45.393000+00:00,39.91230037114641,,,,21.75,-1.062,-1.625,22.93,-127.0,-9.562,-6.5,-0.018,-0.006,0.043,0.36,0.19,9.51,0.14,0.08,-0.28,-0.16,0.31,9.8,1.195,0.0,0.0,0.0,0.0,7.0,1017.01,67.28,-16.57
2025-03-24 18:17:46.387000+00:00,39.91230037114641,,,,21.75,-1.062,-1.625,22.93,-127.0,-9.562,-6.5,-0.018,-0.006,0.043,0.36,0.19,9.51,0.14,0.08,-0.28,-0.2,0.3,9.79,1.195,0.0,0.0,0.0,0.0,7.0,1017.01,67.28,-16.57
2025-03-24 18:17:47.595000+00:00,39.91230037114641,,,,21.75,-1.062,-1.625,22.93,-127.0,-9.562,-6.5,-0.018,-0.006,0.043,0.36,0.19,9.51,0.14,0.08,-0.28,-0.2,0.3,9.79,1.195,0.0,0.0,0.0,0.0,7.0,1017.01,67.28,-16.57
2025-03-24 18:17:48.672000+00:00,39.91230037114641,,,,21.75,-1.062,-1.625,22.93,-127.0,-9.562,-6.5,-0.018,-0.006,0.043,0.36,0.19,9.51,0.14,0.08,-0.28,-0.2,0.31,9.79,1.195,0.0,0.0,0.0,0.0,7.0,1017.01,67.28,-16.57
2025-03-24 18:17:49.703000+00:00,39.91230037114641,,,,21.75,-1.062,-1.625,22.93,-127.0,-9.562,-6.5,-0.018,-0.006,0.043,0.36,0.19,9.51,0.14,0.08,-0.28,-0.18,0.32,9.79,1.195,0.0,0.0,0.0,0.0,7.0,1017.01,67.28,-16.57
2025-03-24 18:17:50.402000+00:00,39.91230037114641,,,,21.75,-1.062,-1.625,22.93,-127.0,-9.562,-6.5,-0.018,-0.006,0.043,0.36,0.19,9.51,0.14,0.08,-0.28,-0.17,0.32,9.79,1.195,0.0,0.0,0.0,0.0,7.0,1017.01,67.28,-16.57
2025-03-24 18:17:51.446000+00:00,39.91230037114641,,,,21.75,-1.062,-1.625,22.93,-127.0,-9.562,-6.5,-0.018,-0.006,0.043,0.36,0.19,9.51,0.14,0.08,-0.28,-0.18,0.33,9.79,1.195,0.0,0.0,0.0,0.0,7.0,1017.01,67.28,-16.57
2025-03-24 18:17:52.450000+00:00,39.91230037114641,,,,21.75,-1.062,-1.625,22.93,-127.0,-9.562,-6.5,-0.018,-0.006,0.043,0.36,0.19,9.51,0.14,0.08,-0.28,-0.16,0.31,9.8,1.195,0.0,0.0,0.0,0.0,7.0,1017.01,67.28,-16.57
2025-03-24 18:17:53.415000+00:00,39.91230037114641,,,,21.75,-1.062,-1.625,22.93,-127.0,-9.562,-6.5,-0.018,-0.006,0.043,0.36,0.19,9.51,0.14,0.08,-0.28,-0.17,0.32,9.79,1.195,0.0,0.0,0.0,0.0,7.0,1017.01,67.28,-16.57
2025-03-24 18:17:54.435000+00:00,39.91230037114641,,,,21.75,-1.062,-1.625,22.93,-127.0,-9.562,-6.5,-0.018,-0.006,0.043,0.36,0.19,9.51,0.14,0.08,-0.28,-0.17,0.32,9.79,1.195,0.0,0.0,0.0,0.0,7.0,1017.01,67.28,-16.57
2025-03-24 18:17:55.425000+00:00,39.91230037114641,,,,21.75,-1.062,-1.625,22.93,-127.0,-9.562,-6.5,-0.018,-0.006,0.043,0.36,0.19,9.51,0.14,0.08,-0.28,-0.17,0.32,9.79,1.195,0.0,0.0,0.0,0.0,7.0,1017.01,67.28,-16.57
2025-03-24 18:17:56.585000+00:00,39.91230037114641,,,,21.75,-1.062,-1.625,22.93,-127.0,-9.562,-6.5,-0.018,-0.006,0.043,0.36,0.19,9.51,0.14,0.08,-0.28,-0.16,0.31,9.8,1.195,0.0,0.0,0.0,0.0,7.0,1017.01,67.28,-16.57
2025-03-24 18:17:57.665000+00:00,39.91230037114641,,,,21.75,-1.062,-1.625,22.93,-127.0,-9.562,-6.5,-0.018,-0.006,0.043,0.36,0.19,9.51,0.14,0.08,-0.28,-0.18,0.3,9.8,1.195,0.0,0.0,0.0,0.0,7.0,1017.01,67.28,-16.57
2025-03-24 18:17:58.752000+00:00,39.91230037114641,,,,21.75,-1.062,-1.625,22.93,-127.0,-9.562,-6.5,-0.018,-0.006,0.043,0.36,0.19,9.51,0.14,0.08,-0.28,-0.18,0.31,9.79,1.195,0.0,0.0,0.0,0.0,7.0,1017.01,67.28,-16.57
2025-03-24 18:17:59.785000+00:00,39.91230037114641,,,,21.75,-1.062,-1.625,22.93,-127.0,-9.562,-6.5,-0.018,-0.006,0.043,0.36,0.19,9.51,0.14,0.08,-0.28,-0.19,0.3,9.79,1.195,0.0,0.0,0.0,0.0,7.0,1017.01,67.28,-16.57
2025-03-24 18:18:00.782000+00:00,39.91230037114641,,,,21.75,-1.062,-1.625,22.93,-127.0,-9.562,-6.5,-0.018,-0.006,0.043,0.36,0.19,9.51,0.14,0.08,-0.28,-0.16,0.29,9.8,1.195,0.0,0.0,0.0,0.0,7.0,1017.01,67.28,-16.57
2025-03-24 18:18:01.497000+00:00,39.91230037114641,,,,21.75,-1.062,-1.625,22.93,-127.0,-9.562,-6.5,-0.018,-0.006,0.043,0.36,0.19,9.51,0.14,0.08,-0.28,-0.16,0.31,9.8,1.195,0.0,0.0,0.0,0.0,7.0,1017.01,67.28,-16.57
2025-03-24 18:18:02.518000+00:00,39.91230037114641,,,,21.75,-1.062,-1.625,22.93,-127.0,-9.562,-6.5,-0.018,-0.006,0.043,0.36,0.19,9.51,0.14,0.08,-0.28,-0.16,0.32,9.79,1.195,0.0,0.0,0.0,0.0,7.0,1017.01,67.28,-16.57
2025-03-24 18:18:03.515000+00:00,39.91230037114641,,,,21.75,-1.062,-1.625,22.93,-127.0,-9.562,-6.5,-0.018,-0.006,0.043,0.36,0.19,9.51,0.14,0.08,-0.28,-0.17,0.32,9.79,1.195,0.0,0.0,0.0,0.0,7.0,1017.01,67.28,-16.57
2025-03-24 18:18:04.545000+00:00,39.91230037114641,,,,21.75,-1.062,-1.625,22.93,-127.0,-9.562,-6.5,-0.018,-0.006,0.043,0.36,0.19,9.51,0.14,0.08,-0.28,-0.18,0.32,9.79,1.195,0.0,0.0,0.0,0.0,7.0,1017.01,67.28,-16.57
2025-03-24 18:18:05.535000+00:00,39.91230037114641,,,,21.75,-1.062,-1.625,22.93,-127.0,-9.562,-6.5,-0.018,-0.006,0.043,0.36,0.19,9.51,0.14,0.08,-0.28,-0.18,0.31,9.79,1.195,0.0,0.0,0.0,0.0,7.0,1017.01,67.28,-16.57
2025-03-24 18:18:06.610000+00:00,39.91230037114641,,,,21.75,-1.062,-1.625,22.93,-127.0,-9.562,-6.5,-0.018,-0.006,0.043,0.36,0.19,9.51,0.14,0.08,-0.28,-0.17,0.29,9.8,1.195,0.0,0.0,0.0,0.0,7.0,1017.01,67.28,-16.57
2025-03-24 18:18:07.584000+00:00,39.91230037114641,,,,21.75,-1.062,-1.625,22.93,-127.0,-9.562,-6.5,-0.018,-0.006,0.043,0.36,0.19,9.51,0.14,0.08,-0.28,-0.16,0.3,9.8,1.195,0.0,0.0,0.0,0.0,7.0,1017.01,67.28,-16.57
2025-03-24 18:18:08.564000+00:00,39.91230037114641,,,,21.75,-1.062,-1.625,22.93,-127.0,-9.562,-6.5,-0.018,-0.006,0.043,0.36,0.19,9.51,0.14,0.08,-0.28,-0.17,0.3,9.8,1.195,0.0,0.0,0.0,0.0,7.0,1017.01,67.28,-16.57
2025-03-24 18:18:09.841000+00:00,39.91230037114641,,,,21.75,-1.062,-1.625,22.93,-127.0,-9.562,-6.5,-0.018,-0.006,0.043,0.36,0.19,9.51,0.14,0.08,-0.28,-0.17,0.29,9.8,1.195,0.0,0.0,0.0,0.0,7.0,1017.01,67.28,-16.57
2025-03-24 18:18:10.574000+00:00,39.91230037114641,,,,21.75,-1.062,-1.625,22.93,-127.0,-9.562,-6.5,-0.018,-0.006,0.043,0.36,0.19,9.51,0.14,0.08,-0.28,-0.16,0.29,9.8,1.195,0.0,0.0,0.0,0.0,7.0,1017.01,67.28,-16.57
2025-03-24 18:18:11.599000+00:00,39.91230037114641,,,,21.75,-1.062,-1.625,22.93,-127.0,-9.562,-6.5,-0.018,-0.006,0.043,0.36,0.19,9.51,0.14,0.08,-0.28,-0.16,0.28,9.8,1.195,0.0,0.0,0.0,0.0,7.0,1017.01,67.28,-16.57
2025-03-24 18:18:12.594000+00:00,39.91230037114641,,,,21.75,-1.062,-1.625,22.93,-127.0,-9.562,-6.5,-0.018,-0.006,0.043,0.36,0.19,9.51,0.14,0.08,-0.28,-0.16,0.28,9.8,1.195,0.0,0.0,0.0,0.0,7.0,1017.01,67.28,-16.57
2025-03-24 18:18:13.595000+00:00,39.91230037114641,,,,21.75,-1.062,-1.625,22.93,-127.0,-9.562,-6.5,-0.018,-0.006,0.043,0.36,0.19,9.51,0.14,0.08,-0.28,-0.17,0.28,9.8,1.195,0.0,0.0,0.0,0.0,7.0,1017.01,67.28,-16.57
2025-03-24 18:18:14.614000+00:00,39.91230037114641,,,,21.75,-1.062,-1.625,22.93,-127.0,-9.562,-6.5,-0.018,-0.006,0.043,0.36,0.19,9.51,0.14,0.08,-0.28,-0.18,0.28,9.8,1.195,0.0,0.0,0.0,0.0,7.0,1017.01,67.28,-16.57
2025-03-24 18:18:15.724000+00:00,39.91230037114641,,,,21.75,-1.062,-1.625,22.93,-127.0,-9.562,-6.5,-0.018,-0.006,0.043,0.36,0.19,9.51,0.14,0.08,-0.28,-0.17,0.27,9.8,1.195,0.0,0.0,0.0,0.0,7.0,1017.01,67.28,-16.57
2025-03-24 18:17:16.144000+00:00,39.91230037114641,,,,21.75,-1.062,-1.625,22.93,-127.0,-9.562,-6.5,-0.018,-0.006,0.043,0.36,0.19,9.51,0.14,0.08,-0.28,-0.17,0.27,9.8,1.195,0.0,0.0,0.0,0.0,7.0,1017.01,67.28,-16.57
2025-03-24 18:17:17.168000+00:00,39.91230037114641,,,,21.75,-1.062,-1.625,22.93,-127.0,-9.562,-6.5,-0.018,-0.006,0.043,0.36,0.19,9.51,0.14,0.08,-0.28,-0.17,0.27,9.8,1.0975,0.0,0.0,0.0,0.0,7.0,1017.01,67.28,-16.57
2025-03-24 18:17:18.168000+00:00,39.91230037114641,,,,21.75,-1.062,-1.625,22.93,-127.0,-9.562,-6.5,-0.018,-0.006,0.043,0.36,0.19,9.51,0.14,0.08,-0.28,-0.17,0.27,9.8,1.11375,0.0,0.0,0.0,0.0,7.0,1017.01,67.28,-16.57
2025-03-24 18:17:19.187000+00:00,39.91230037114641,,,,21.75,-1.062,-1.625,22.93,-127.0,-9.562,-6.5,-0.018,-0.006,0.043,0.36,0.19,9.51,0.14,0.08,-0.28,-0.17,0.27,9.8,1.17875,0.0,0.0,0.0,0.0,7.0,1017.01,67.28,-16.57
2025-03-24 18:17:20.194000+00:00,39.91230037114641,,,,21.75,-1.062,-1.625,22.93,-127.0,-9.562,-6.5,-0.018,-0.006,0.043,0.36,0.19,9.51,0.14,0.08,-0.28,-0.17,0.27,9.8,1.0975,0.0,0.0,0.0,0.0,7.0,1017.01,67.28,-16.57
2025-03-24 18:17:21.224000+00:00,39.91230037114641,,,,21.75,-1.062,-1.625,22.93,-127.0,-9.562,-6.5,-0.018,-0.006,0.043,0.36,0.19,9.51,0.14,0.08,-0.28,-0.17,0.27,9.8,1.0625,0.0,0.0,0.0,0.0,7.0,1017.01,67.28,-16.57
2025-03-24 18:17:22.268000+00:00,39.91230037114641,,,,21.75,-1.062,-1.625,22.93,-127.0,-9.562,-6.5,-0.018,-0.006,0.043,0.36,0.19,9.51,0.14,0.08,-0.28,-0.17,0.27,9.8,1.16375,0.0,0.0,0.0,0.0,7.0,1017.01,67.28,-16.57
2025-03-24 18:17:23.367000+00:00,39.91230037114641,,,,21.75,-1.062,-1.625,22.93,-127.0,-9.562,-6.5,-0.018,-0.006,0.043,0.36,0.19,9.51,0.14,0.08,-0.28,-0.17,0.27,9.8,1.2,0.0,0.0,0.0,0.0,7.0,1017.01,67.28,-16.57
2025-03-24 18:17:24.378000+00:00,39.91230037114641,,,,21.75,-1.062,-1.625,22.93,-127.0,-9.562,-6.5,-0.018,-0.006,0.043,0.36,0.19,9.51,0.14,0.08,-0.28,-0.17,0.27,9.8,1.3800000000000001,0.0,0.0,0.0,0.0,7.0,1017.01,67.28,-16.57
2025-03-24 18:17:25.427000+00:00,39.91230037114641,,,,21.75,-1.062,-1.625,22.93,-127.0,-9.562,-6.5,-0.018,-0.006,0.043,0.36,0.19,9.51,0.14,0.08,-0.28,-0.17,0.27,9.8,1.23875,0.0,0.0,0.0,0.0,7.0,1017.01,67.28,-16.57
2025-03-24 18:17:26.187000+00:00,39.91230037114641,,,,21.75,-1.062,-1.625,22.93,-127.0,-9.562,-6.5,-0.018,-0.006,0.043,0.36,0.19,9.51,0.14,0.08,-0.28,-0.17,0.27,9.8,1.285,0.0,0.0,0.0,0.0,7.0,1017.01,67.28,-16.57
2025-03-24 18:17:27.047000+00:00,39.91230037114641,,,,21.75,-1.062,-1.625,22.93,-127.0,-9.562,-6.5,-0.018,-0.006,0.043,0.36,0.19,9.51,0.14,0.08,-0.28,-0.17,0.27,9.8,1.29,0.0,0.0,0.0,0.0,7.0,1017.01,67.28,-16.57
2025-03-24 18:17:28.207000+00:00,39.91230037114641,,,,21.75,-1.062,-1.625,22.93,-127.0,-9.562,-6.5,-0.018,-0.006,0.043,0.36,0.19,9.51,0.14,0.08,-0.28,-0.17,0.27,9.8,1.17375,0.0,0.0,0.0,0.0,7.0,1017.01,67.28,-16.57
2025-03-24 18:17:29.083000+00:00,39.91230037114641,,,,21.75,-1.062,-1.625,22.93,-127.0,-9.562,-6.5,-0.018,-0.006,0.043,0.36,0.19,9.51,0.14,0.08,-0.28,-0.17,0.27,9.8,1.2750000000000001,0.0,0.0,0.0,0.0,7.0,1017.01,67.28,-16.57
2025-03-24 18:17:30.208000+00:00,39.91230037114641,,,,21.75,-1.062,-1.625,22.93,-127.0,-9.562,-6.5,-0.018,-0.006,0.043,0.36,0.19,9.51,0.14,0.08,-0.28,-0.17,0.27,9.8,1.3062500000000001,0.0,0.0,0.0,0.0,7.0,1017.01,67.28,-16.57
2025-03-24 18:17:30.934000+00:00,39.91230037114641,,,,21.75,-1.062,-1.625,22.93,-127.0,-9.562,-6.5,-0.018,-0.006,0.043,0.36,0.19,9.51,0.14,0.08,-0.28,-0.17,0.27,9.8,1.3125,0.0,0.0,0.0,0.0,7.0,1017.01,67.28,-16.57
2025-03-24 18:17:31.906000+00:00,39.91230037114641,,,,21.75,-1.062,-1.625,22.93,-127.0,-9.562,-6.5,-0.018,-0.006,0.043,0.36,0.19,9.51,0.14,0.08,-0.28,-0.17,0.27,9.8,1.17,0.0,0.0,0.0,0.0,7.0,1017.01,67.28,-16.57
2025-03-24 18:17:32.909000+00:00,39.91230037114641,,,,21.75,-1.062,-1.625,22.93,-127.0,-9.562,-6.5,-0.018,-0.006,0.043,0.36,0.19,9.51,0.14,0.08,-0.28,-0.17,0.27,9.8,1.18875,0.0,0.0,0.0,0.0,7.0,1017.01,67.28,-16.57
2025-03-24 18:17:33.919000+00:00,39.91230037114641,,,,21.75,-1.062,-1.625,22.93,-127.0,-9.562,-6.5,-0.018,-0.006,0.043,0.36,0.19,9.51,0.14,0.08,-0.28,-0.17,0.27,9.8,1.215,0.0,0.0,0.0,0.0,7.0,1017.01,67.28,-16.57
2025-03-24 18:17:34.927000+00:00,39.91230037114641,,,,21.75,-1.062,-1.625,22.93,-127.0,-9.562,-6.5,-0.018,-0.006,0.043,0.36,0.19,9.51,0.14,0.08,-0.28,-0.17,0.27,9.8,1.4025,0.0,0.0,0.0,0.0,7.0,1017.01,67.28,-16.57
2025-03-24 18:17:35.933000+00:00,39.91230037114641,,,,21.75,-1.062,-1.625,22.93,-127.0,-9.562,-6.5,-0.018,-0.006,0.043,0.36,0.19,9.51,0.14,0.08,-0.28,-0.17,0.27,9.8,1.335,0.0,0.0,0.0,0.0,7.0,1017.01,67.28,-16.57
2025-03-24 18:17:36.927000+00:00,39.91230037114641,,,,21.75,-1.062,-1.625,22.93,-127.0,-9.562,-6.5,-0.018,-0.006,0.043,0.36,0.19,9.51,0.14,0.08,-0.28,-0.17,0.27,9.8,1.28375,0.0,0.0,0.0,0.0,7.0,1017.01,67.28,-16.57
2025-03-24 18:17:37.926000+00:00,39.91230037114641,,,,21.75,-1.062,-1.625,22.93,-127.0,-9.562,-6.5,-0.018,-0.006,0.043,0.36,0.19,9.51,0.14,0.08,-0.28,-0.17,0.27,9.8,1.3975,0.0,0.0,0.0,0.0,7.0,1017.01,67.28,-16.57
2025-03-24 18:17:38.957000+00:00,39.91230037114641,,,,21.75,-1.062,-1.625,22.93,-127.0,-9.562,-6.5,-0.018,-0.006,0.043,0.36,0.19,9.51,0.14,0.08,-0.28,-0.17,0.27,9.8,1.24125,0.0,0.0,0.0,0.0,7.0,1017.01,67.28,-16.57
2025-03-24 18:17:39.936000+00:00,39.91230037114641,,,,21.75,-1.062,-1.625,22.93,-127.0,-9.562,-6.5,-0.018,-0.006,0.043,0.36,0.19,9.51,0.14,0.08,-0.28,-0.17,0.27,9.8,1.09,0.0,0.0,0.0,0.0,7.0,1017.01,67.28,-16.57
2025-03-24 18:17:40.985000+00:00,39.91230037114641,,,,21.75,-1.062,-1.625,22.93,-127.0,-9.562,-6.5,-0.018,-0.006,0.043,0.36,0.19,9.51,0.14,0.08,-0.28,-0.17,0.27,9.8,1.36625,0.0,0.0,0.0,0.0,7.0,1017.01,67.28,-16.57
2025-03-24 18:17:41.946000+00:00,39.91230037114641,,,,21.75,-1.062,-1.625,22.93,-127.0,-9.562,-6.5,-0.018,-0.006,0.043,0.36,0.19,9.51,0.14,0.08,-0.28,-0.17,0.27,9.8,1.2475,0.0,0.0,0.0,0.0,7.0,1017.01,67.28,-16.57
2025-03-24 18:17:42.952000+00:00,39.91230037114641,,,,21.75,-1.062,-1.625,22.93,-127.0,-9.562,-6.5,-0.018,-0.006,0.043,0.36,0.19,9.51,0.14,0.08,-0.28,-0.17,0.27,9.8,1.19875,0.0,0.0,0.0,0.0,7.0,1017.01,67.28,-16.57
2025-03-24 18:17:43.956000+00:00,39.91230037114641,,,,21.75,-1.062,-1.625,22.93,-127.0,-9.562,-6.5,-0.018,-0.006,0.043,0.36,0.19,9.51,0.14,0.08,-0.28,-0.17,0.27,9.8,1.2550000000000001,0.0,0.0,0.0,0.0,7.0,1017.01,67.28,-16.57
2025-03-24 18:17:44.955000+00:00,39.91230037114641,,,,21.75,-1.062,-1.625,22.93,-127.0,-9.562,-6.5,-0.018,-0.006,0.043,0.36,0.19,9.51,0.14,0.08,-0.28,-0.17,0.27,9.8,1.22875,0.0,0.0,0.0,0.0,7.0,1017.01,67.28,-16.57
2025-03-24 18:17:45.962000+00:00,39.91230037114641,,,,21.75,-1.062,-1.625,22.93,-127.0,-9.562,-6.5,-0.018,-0.006,0.043,0.36,0.19,9.51,0.14,0.08,-0.28,-0.17,0.27,9.8,1.415,0.0,0.0,0.0,0.0,7.0,1017.01,67.28,-16.57
2025-03-24 18:17:47.125000+00:00,39.91230037114641,,,,21.75,-1.062,-1.625,22.93,-127.0,-9.562,-6.5,-0.018,-0.006,0.043,0.36,0.19,9.51,0.14,0.08,-0.28,-0.17,0.27,9.8,1.32625,0.0,0.0,0.0,0.0,7.0,1017.01,67.28,-16.57
2025-03-24 18:17:48.222000+00:00,39.91230037114641,,,,21.75,-1.062,-1.625,22.93,-127.0,-9.562,-6.5,-0.018,-0.006,0.043,0.36,0.19,9.51,0.14,0.08,-0.28,-0.17,0.27,9.8,1.30125,0.0,0.0,0.0,0.0,7.0,1017.01,67.28,-16.57
2025-03-24 18:17:48.968000+00:00,39.91230037114641,,,,21.75,-1.062,-1.625,22.93,-127.0,-9.562,-6.5,-0.018,-0.006,0.043,0.36,0.19,9.51,0.14,0.08,-0.28,-0.17,0.27,9.8,1.2925,0.0,0.0,0.0,0.0,7.0,1017.01,67.28,-16.57
2025-03-24 18:17:49.977000+00:00,39.91230037114641,,,,21.75,-1.062,-1.625,22.93,-127.0,-9.562,-6.5,-0.018,-0.006,0.043,0.36,0.19,9.51,0.14,0.08,-0.28,-0.17,0.27,9.8,1.345,0.0,0.0,0.0,0.0,7.0,1017.01,67.28,-16.57
2025-03-24 18:17:50.986000+00:00,39.91230037114641,,,,21.75,-1.062,-1.625,22.93,-127.0,-9.562,-6.5,-0.018,-0.006,0.043,0.36,0.19,9.51,0.14,0.08,-0.28,-0.17,0.27,9.8,1.08625,0.0,0.0,0.0,0.0,7.0,1017.01,67.28,-16.57
2025-03-24 18:17:51.978000+00:00,39.91230037114641,,,,21.75,-1.062,-1.625,22.93,-127.0,-9.562,-6.5,-0.018,-0.006,0.043,0.36,0.19,9.51,0.14,0.08,-0.28,-0.17,0.27,9.8,1.345,0.0,0.0,0.0,0.0,7.0,1017.01,67.28,-16.57
2025-03-24 18:17:52.987000+00:00,39.91230037114641,,,,21.75,-1.062,-1.625,22.93,-127.0,-9.562,-6.5,-0.018,-0.006,0.043,0.36,0.19,9.51,0.14,0.08,-0.28,-0.17,0.27,9.8,1.325,0.0,0.0,0.0,0.0,7.0,1017.01,67.28,-16.57
2025-03-24 18:17:53.993000+00:00,39.91230037114641,,,,21.75,-1.062,-1.625,22.93,-127.0,-9.562,-6.5,-0.018,-0.006,0.043,0.36,0.19,9.51,0.14,0.08,-0.28,-0.17,0.27,9.8,1.1525,0.0,0.0,0.0,0.0,7.0,1017.01,67.28,-16.57
2025-03-24 18:17:54.996000+00:00,39.91230037114641,,,,21.75,-1.062,-1.625,22.93,-127.0,-9.562,-6.5,-0.018,-0.006,0.043,0.36,0.19,9.51,0.14,0.08,-0.28,-0.17,0.27,9.8,1.3575,0.0,0.0,0.0,0.0,7.0,1017.01,67.28,-16.57
2025-03-24 18:17:56.131000+00:00,39.91230037114641,,,,21.75,-1.062,-1.625,22.93,-127.0,-9.562,-6.5,-0.018,-0.006,0.043,0.36,0.19,9.51,0.14,0.08,-0.28,-0.17,0.27,9.8,1.185,0.0,0.0,0.0,0.0,7.0,1017.01,67.28,-16.57
2025-03-24 18:17:57.194000+00:00,39.91230037114641,,,,21.75,-1.062,-1.625,22.93,-127.0,-9.562,-6.5,-0.018,-0.006,0.043,0.36,0.19,9.51,0.14,0.08,-0.28,-0.17,0.27,9.8,1.2675,0.0,0.0,0.0,0.0,7.0,1017.01,67.28,-16.57
2025-03-24 18:17:58.027000+00:00,39.91230037114641,,,,21.75,-1.062,-1.625,22.93,-127.0,-9.562,-6.5,-0.018,-0.006,0.043,0.36,0.19,9.51,0.14,0.08,-0.28,-0.17,0.27,9.8,1.0987500000000001,0.0,0.0,0.0,0.0,7.0,1017.01,67.28,-16.57
2025-03-24 18:17:59.004000+00:00,39.91230037114641,,,,21.75,-1.062,-1.625,22.93,-127.0,-9.562,-6.5,-0.018,-0.006,0.043,0.36,0.19,9.51,0.14,0.08,-0.28,-0.17,0.27,9.8,1.14125,0.0,0.0,0.0,0.0,7.0,1017.01,67.28,-16.57
2025-03-24 18:18:00.015000+00:00,39.91230037114641,,,,21.75,-1.062,-1.625,22.93,-127.0,-9.562,-6.5,-0.018,-0.006,0.043,0.36,0.19,9.51,0.14,0.08,-0.28,-0.17,0.27,9.8,1.22625,0.0,0.0,0.0,0.0,7.0,1017.01,67.28,-16.57
2025-03-24 18:18:01.024000+00:00,39.91230037114641,,,,21.75,-1.062,-1.625,22.93,-127.0,-9.562,-6.5,-0.018,-0.006,0.043,0.36,0.19,9.51,0.14,0.08,-0.28,-0.17,0.27,9.8,1.225,0.0,0.0,0.0,0.0,7.0,1017.01,67.28,-16.57
2025-03-24 18:18:02.015000+00:00,39.91230037114641,,,,21.75,-1.062,-1.625,22.93,-127.0,-9.562,-6.5,-0.018,-0.006,0.043,0.36,0.19,9.51,0.14,0.08,-0.28,-0.17,0.27,9.8,1.3175000000000001,0.0,0.0,0.0,0.0,7.0,1017.01,67.28,-16.57
2025-03-24 18:18:03.031000+00:00,39.91230037114641,,,,21.75,-1.062,-1.625,22.93,-127.0,-9.562,-6.5,-0.018,-0.006,0.043,0.36,0.19,9.51,0.14,0.08,-0.28,-0.17,0.27,9.8,1.33875,0.0,0.0,0.0,0.0,7.0,1017.01,67.28,-16.57
2025-03-24 18:18:04.028000+00:00,39.91230037114641,,,,21.75,-1.062,-1.625,22.93,-127.0,-9.562,-6.5,-0.018,-0.006,0.043,0.36,0.19,9.51,0.14,0.08,-0.28,-0.17,0.27,9.8,1.29375,0.0,0.0,0.0,0.0,7.0,1017.01,67.28,-16.57
2025-03-24 18:18:05.044000+00:00,39.91230037114641,,,,21.75,-1.062,-1.625,22.93,-127.0,-9.562,-6.5,-0.018,-0.006,0.043,0.36,0.19,9.51,0.14,0.08,-0.28,-0.17,0.27,9.8,1.37875,0.0,0.0,0.0,0.0,7.0,1017.01,67.28,-16.57
2025-03-24 18:18:06.181000+00:00,39.91230037114641,,,,21.75,-1.062,-1.625,22.93,-127.0,-9.562,-6.5,-0.018,-0.006,0.043,0.36,0.19,9.51,0.14,0.08,-0.28,-0.17,0.27,9.8,1.22875,0.0,0.0,0.0,0.0,7.0,1017.01,67.28,-16.57
2025-03-24 18:18:07.124000+00:00,39.91230037114641,,,,21.75,-1.062,-1.625,22.93,-127.0,-9.562,-6.5,-0.018,-0.006,0.043,0.36,0.19,9.51,0.14,0.08,-0.28,-0.17,0.27,9.8,1.33,0.0,0.0,0.0,0.0,7.0,1017.01,67.28,-16.57
2025-03-24 18:18:08.110000+00:00,39.91230037114641,,,,21.75,-1.062,-1.625,22.93,-127.0,-9.562,-6.5,-0.018,-0.006,0.043,0.36,0.19,9.51,0.14,0.08,-0.28,-0.17,0.27,9.8,1.21625,0.0,0.0,0.0,0.0,7.0,1017.01,67.28,-16.57
2025-03-24 18:18:09.065000+00:00,39.91230037114641,,,,21.75,-1.062,-1.625,22.93,-127.0,-9.562,-6.5,-0.018,-0.006,0.043,0.36,0.19,9.51,0.14,0.08,-0.28,-0.17,0.27,9.8,1.27125,0.0,0.0,0.0,0.0,7.0,1017.01,67.28,-16.57
2025-03-24 18:18:10.054000+00:00,39.91230037114641,,,,21.75,-1.062,-1.625,22.93,-127.0,-9.562,-6.5,-0.018,-0.006,0.043,0.36,0.19,9.51,0.14,0.08,-0.28,-0.17,0.27,9.8,1.1775,0.0,0.0,0.0,0.0,7.0,1017.01,67.28,-16.57
2025-03-24 18:18:11.070000+00:00,39.91230037114641,,,,21.75,-1.062,-1.625,22.93,-127.0,-9.562,-6.5,-0.018,-0.006,0.043,0.36,0.19,9.51,0.14,0.08,-0.28,-0.17,0.27,9.8,1.3325,0.0,0.0,0.0,0.0,7.0,1017.01,67.28,-16.57
2025-03-24 18:18:12.061000+00:00,39.91230037114641,,,,21.75,-1.062,-1.625,22.93,-127.0,-9.562,-6.5,-0.018,-0.006,0.043,0.36,0.19,9.51,0.14,0.08,-0.28,-0.17,0.27,9.8,1.2825,0.0,0.0,0.0,0.0,7.0,1017.01,67.28,-16.57
2025-03-24 18:18:13.064000+00:00,39.91230037114641,,,,21.75,-1.062,-1.625,22.93,-127.0,-9.562,-6.5,-0.018,-0.006,0.043,0.36,0.19,9.51,0.14,0.08,-0.28,-0.17,0.27,9.8,1.2437500000000001,0.0,0.0,0.0,0.0,7.0,1017.01,67.28,-16.57
2025-03-24 18:18:14.164000+00:00,39.91230037114641,,,,21.75,-1.062,-1.625,22.93,-127.0,-9.562,-6.5,-0.018,-0.006,0.043,0.36,0.19,9.51,0.14,0.08,-0.28,-0.17,0.27,9.8,1.1075,0.0,0.0,0.0,0.0,7.0,1017.01,67.28,-16.57
2025-03-24 18:18:15.305000+00:00,39.91230037114641,,,,21.75,-1.062,-1.625,22.93,-127.0,-9.562,-6.5,-0.018,-0.006,0.043,0.36,0.19,9.51,0.14,0.08,-0.28,-0.17,0.27,9.8,1.165,0.0,0.0,0.0,0.0,7.0,1017.01,67.28,-16.57
2025-03-24 18:17:17.118000+00:00,39.91230037114641,,,,21.75,-1.062,-1.625,22.93,-127.0,-9.562,-6.5,-0.018,-0.006,0.043,0.36,0.19,9.51,0.14,0.08,-0.28,-0.17,0.27,9.8,1.165,0.0,0.0,0.0,0.0,7.0,1017.01,67.28,-16.57
2025-03-24 18:17:18.118000+00:00,39.91230037114641,,,,21.75,-1.062,-1.625,22.93,-127.0,-9.562,-6.5,-0.018,-0.006,0.043,0.36,0.19,9.51,0.14,0.08,-0.28,-0.17,0.27,9.8,1.165,0.0,0.0,0.0,0.0,7.0,1017.01,67.28,-16.57
2025-03-24 18:17:19.142000+00:00,39.91230037114641,,,,21.75,-1.062,-1.625,22.93,-127.0,-9.562,-6.5,-0.018,-0.006,0.043,0.36,0.19,9.51,0.14,0.08,-0.28,-0.17,0.27,9.8,1.165,0.0,0.0,0.0,0.0,7.0,1017.01,67.28,-16.57
2025-03-24 18:17:20.139000+00:00,39.91230037114641,,,,21.75,-1.062,-1.625,22.93,-127.0,-9.562,-6.5,-0.018,-0.006,0.043,0.36,0.19,9.51,0.14,0.08,-0.28,-0.17,0.27,9.8,1.165,0.0,0.0,0.0,0.0,7.0,1017.01,67.28,-16.57
2025-03-24 18:17:21.168000+00:00,39.91230037114641,,,,21.75,-1.062,-1.625,22.93,-127.0,-9.562,-6.5,-0.018,-0.006,0.043,0.36,0.19,9.51,0.14,0.08,-0.28,-0.17,0.27,9.8,1.165,-1.25,0.0,0.0,0.0,7.0,1017.01,67.28,-16.57
2025-03-24 18:17:22.218000+00:00,39.91230037114641,,,,21.75,-1.062,-1.625,22.93,-127.0,-9.562,-6.5,-0.018,-0.006,0.043,0.36,0.19,9.51,0.14,0.08,-0.28,-0.17,0.27,9.8,1.165,-1.25,0.0,0.0,0.0,7.0,1017.01,67.28,-16.57
2025-03-24 18:17:23.317000+00:00,39.91230037114641,,,,21.75,-1.062,-1.625,22.93,-127.0,-9.562,-6.5,-0.018,-0.006,0.043,0.36,0.19,9.51,0.14,0.08,-0.28,-0.17,0.27,9.8,1.165,-1.25,0.0,0.0,0.0,7.0,1017.01,67.28,-16.57
2025-03-24 18:17:24.313000+00:00,39.91230037114641,,,,21.75,-1.062,-1.625,22.93,-127.0,-9.562,-6.5,-0.018,-0.006,0.043,0.36,0.19,9.51,0.14,0.08,-0.28,-0.17,0.27,9.8,1.165,0.0,0.0,0.0,0.0,7.0,1017.01,67.28,-16.57
2025-03-24 18:17:25.378000+00:00,39.91230037114641,,,,21.75,-1.062,-1.625,22.93,-127.0,-9.562,-6.5,-0.018,-0.006,0.043,0.36,0.19,9.51,0.14,0.08,-0.28,-0.17,0.27,9.8,1.165,0.0,0.0,0.0,0.0,7.0,1017.01,67.28,-16.57
2025-03-24 18:17:26.134000+00:00,39.91230037114641,,,,21.75,-1.062,-1.625,22.93,-127.0,-9.562,-6.5,-0.018,-0.006,0.043,0.36,0.19,9.51,0.14,0.08,-0.28,-0.17,0.27,9.8,1.165,-1.25,0.0,0.0,0.0,7.0,1017.01,67.28,-16.57
2025-03-24 18:17:26.997000+00:00,39.91230037114641,,,,21.75,-1.062,-1.625,22.93,-127.0,-9.562,-6.5,-0.018,-0.006,0.043,0.36,0.19,9.51,0.14,0.08,-0.28,-0.17,0.27,9.8,1.165,2.5,0.0,0.0,0.0,7.0,1017.01,67.28,-16.57
2025-03-24 18:17:28.153000+00:00,39.91230037114641,,,,21.75,-1.062,-1.625,22.93,-127.0,-9.562,-6.5,-0.018,-0.006,0.043,0.36,0.19,9.51,0.14,0.08,-0.28,-0.17,0.27,9.8,1.165,0.0,0.0,0.0,0.0,7.0,1017.01,67.28,-16.57
2025-03-24 18:17:29.026000+00:00,39.91230037114641,,,,21.75,-1.062,-1.625,22.93,-127.0,-9.562,-6.5,-0.018,-0.006,0.043,0.36,0.19,9.51,0.14,0.08,-0.28,-0.17,0.27,9.8,1.165,1.25,0.0,0.0,0.0,7.0,1017.01,67.28,-16.57
2025-03-24 18:17:30.153000+00:00,39.91230037114641,,,,21.75,-1.062,-1.625,22.93,-127.0,-9.562,-6.5,-0.018,-0.006,0.043,0.36,0.19,9.51,0.14,0.08,-0.28,-0.17,0.27,9.8,1.165,0.0,0.0,0.0,0.0,7.0,1017.01,67.28,-16.57
2025-03-24 18:17:30.880000+00:00,39.91230037114641,,,,21.75,-1.062,-1.625,22.93,-127.0,-9.562,-6.5,-0.018,-0.006,0.043,0.36,0.19,9.51,0.14,0.08,-0.28,-0.17,0.27,9.8,1.165,0.0,0.0,0.0,0.0,7.0,1017.01,67.28,-16.57
2025-03-24 18:17:31.857000+00:00,39.91230037114641,,,,21.75,-1.062,-1.625,22.93,-127.0,-9.562,-6.5,-0.018,-0.006,0.043,0.36,0.19,9.51,0.14,0.08,-0.28,-0.17,0.27,9.8,1.165,1.25,0.0,0.0,0.0,7.0,1017.01,67.28,-16.57
2025-03-24 18:17:32.861000+00:00,39.91230037114641,,,,21.75,-1.062,-1.625,22.93,-127.0,-9.562,-6.5,-0.018,-0.006,0.043,0.36,0.19,9.51,0.14,0.08,-0.28,-0.17,0.27,9.8,1.165,1.25,0.0,0.0,0.0,7.0,1017.01,67.28,-16.57
2025-03-24 18:17:33.865000+00:00,39.91230037114641,,,,21.75,-1.062,-1.625,22.93,-127.0,-9.562,-6.5,-0.018,-0.006,0.043,0.36,0.19,9.51,0.14,0.08,-0.28,-0.17,0.27,9.8,1.165,-1.25,0.0,0.0,0.0,7.0,1017.01,67.28,-16.57
2025-03-24 18:17:34.868000+00:00,39.91230037114641,,,,21.75,-1.062,-1.625,22.93,-127.0,-9.562,-6.5,-0.018,-0.006,0.043,0.36,0.19,9.51,0.14,0.08,-0.28,-0.17,0.27,9.8,1.165,-1.25,0.0,0.0,0.0,7.0,1017.01,67.28,-16.57
2025-03-24 18:17:35.872000+00:00,39.91230037114641,,,,21.75,-1.062,-1.625,22.93,-127.0,-9.562,-6.5,-0.018,-0.006,0.043,0.36,0.19,9.51,0.14,0.08,-0.28,-0.17,0.27,9.8,1.165,-1.25,0.0,0.0,0.0,7.0,1017.01,67.28,-16.57
2025-03-24 18:17:36.877000+00:00,39.91230037114641,,,,21.75,-1.062,-1.625,22.93,-127.0,-9.562,-6.5,-0.018,-0.006,0.043,0.36,0.19,9.51,0.14,0.08,-0.28,-0.17,0.27,9.8,1.165,-1.25,0.0,0.0,0.0,7.0,1017.01,67.28,-16.57
2025-03-24 18:17:37.880000+00:00,39.91230037114641,,,,21.75,-1.062,-1.625,22.93,-127.0,-9.562,-6.5,-0.018,-0.006,0.043,0.36,0.19,9.51,0.14,0.08,-0.28,-0.17,0.27,9.8,1.165,-2.5,0.0,0.0,0.0,7.0,1017.01,67.28,-16.57
2025-03-24 18:17:38.883000+00:00,39.91230037114641,,,,21.75,-1.062,-1.625,22.93,-127.0,-9.562,-6.5,-0.018,-0.006,0.043,0.36,0.19,9.51,0.14,0.08,-0.28,-0.17,0.27,9.8,1.165,0.0,0.0,0.0,0.0,7.0,1017.01,67.28,-16.57
2025-03-24 18:17:39.887000+00:00,39.91230037114641,,,,21.75,-1.062,-1.625,22.93,-127.0,-9.562,-6.5,-0.018,-0.006,0.043,0.36,0.19,9.51,0.14,0.08,-0.28,-0.17,0.27,9.8,1.165,-2.5,0.0,0.0,0.0,7.0,1017.01,67.28,-16.57
2025-03-24 18:17:40.891000+00:00,39.91230037114641,,,,21.75,-1.062,-1.625,22.93,-127.0,-9.562,-6.5,-0.018,-0.006,0.043,0.36,0.19,9.51,0.14,0.08,-0.28,-0.17,0.27,9.8,1.165,1.25,0.0,0.0,0.0,7.0,1017.01,67.28,-16.57
2025-03-24 18:17:41.894000+00:00,39.91230037114641,,,,21.75,-1.062,-1.625,22.93,-127.0,-9.562,-6.5,-0.018,-0.006,0.043,0.36,0.19,9.51,0.14,0.08,-0.28,-0.17,0.27,9.8,1.165,0.0,0.0,0.0,0.0,7.0,1017.01,67.28,-16.57
2025-03-24 18:17:42.897000+00:00,39.91230037114641,,,,21.75,-1.062,-1.625,22.93,-127.0,-9.562,-6.5,-0.018,-0.006,0.043,0.36,0.19,9.51,0.14,0.08,-0.28,-0.17,0.27,9.8,1.165,0.0,0.0,0.0,0.0,7.0,1017.01,67.28,-16.57
2025-03-24 18:17:43.901000+00:00,39.91230037114641,,,,21.75,-1.062,-1.625,22.93,-127.0,-9.562,-6.5,-0.018,-0.006,0.043,0.36,0.19,9.51,0.14,0.08,-0.28,-0.17,0.27,9.8,1.165,-1.25,0.0,0.0,0.0,7.0,1017.01,67.28,-16.57
2025-03-24 18:17:44.905000+00:00,39.91230037114641,,,,21.75,-1.062,-1.625,22.93,-127.0,-9.562,-6.5,-0.018,-0.006,0.043,0.36,0.19,9.51,0.14,0.08,-0.28,-0.17,0.27,9.8,1.165,0.0,0.0,0.0,0.0,7.0,1017.01,67.28,-16.57
2025-03-24 18:17:45.908000+00:00,39.91230037114641,,,,21.75,-1.062,-1.625,22.93,-127.0,-9.562,-6.5,-0.018,-0.006,0.043,0.36,0.19,9.51,0.14,0.08,-0.28,-0.17,0.27,9.8,1.165,0.0,0.0,0.0,0.0,7.0,1017.01,67.28,-16.57
2025-03-24 18:17:47.078000+00:00,39.91230037114641,,,,21.75,-1.062,-1.625,22.93,-127.0,-9.562,-6.5,-0.018,-0.006,0.043,0.36,0.19,9.51,0.14,0.08,-0.28,-0.17,0.27,9.8,1.165,1.25,0.0,0.0,0.0,7.0,1017.01,67.28,-16.57
2025-03-24 18:17:48.165000+00:00,39.91230037114641,,,,21.75,-1.062,-1.625,22.93,-127.0,-9.562,-6.5,-0.018,-0.006,0.043,0.36,0.19,9.51,0.14,0.08,-0.28,-0.17,0.27,9.8,1.165,1.25,0.0,0.0,0.0,7.0,1017.01,67.28,-16.57
2025-03-24 18:17:48.919000+00:00,39.91230037114641,,,,21.75,-1.062,-1.625,22.93,-127.0,-9.562,-6.5,-0.018,-0.006,0.043,0.36,0.19,9.51,0.14,0.08,-0.28,-0.17,0.27,9.8,1.165,1.25,0.0,0.0,0.0,7.0,1017.01,67.28,-16.57
2025-03-24 18:17:49.924000+00:00,39.91230037114641,,,,21.75,-1.062,-1.625,22.93,-127.0,-9.562,-6.5,-0.018,-0.006,0.043,0.36,0.19,9.51,0.14,0.08,-0.28,-0.17,0.27,9.8,1.165,1.25,0.0,0.0,0.0,7.0,1017.01,67.28,-16.57
2025-03-24 18:17:50.928000+00:00,39.91230037114641,,,,21.75,-1.062,-1.625,22.93,-127.0,-9.562,-6.5,-0.018,-0.006,0.043,0.36,0.19,9.51,0.14,0.08,-0.28,-0.17,0.27,9.8,1.165,0.0,0.0,0.0,0.0,7.0,1017.01,67.28,-16.57
2025-03-24 18:17:51.931000+00:00,39.91230037114641,,,,21.75,-1.062,-1.625,22.93,-127.0,-9.562,-6.5,-0.018,-0.006,0.043,0.36,0.19,9.51,0.14,0.08,-0.28,-0.17,0.27,9.8,1.165,0.0,0.0,0.0,0.0,7.0,1017.01,67.28,-16.57
2025-03-24 18:17:52.935000+00:00,39.91230037114641,,,,21.75,-1.062,-1.625,22.93,-127.0,-9.562,-6.5,-0.018,-0.006,0.043,0.36,0.19,9.51,0.14,0.08,-0.28,-0.17,0.27,9.8,1.165,0.0,0.0,0.0,0.0,7.0,1017.01,67.28,-16.57
2025-03-24 18:17:53.939000+00:00,39.91230037114641,,,,21.75,-1.062,-1.625,22.93,-127.0,-9.562,-6.5,-0.018,-0.006,0.043,0.36,0.19,9.51,0.14,0.08,-0.28,-0.17,0.27,9.8,1.165,0.0,0.0,0.0,0.0,7.0,1017.01,67.28,-16.57
2025-03-24 18:17:54.943000+00:00,39.91230037114641,,,,21.75,-1.062,-1.625,22.93,-127.0,-9.562,-6.5,-0.018,-0.006,0.043,0.36,0.19,9.51,0.14,0.08,-0.28,-0.17,0.27,9.8,1.165,0.0,0.0,0.0,0.0,7.0,1017.01,67.28,-16.57
2025-03-24 18:17:56.071000+00:00,39.91230037114641,,,,21.75,-1.062,-1.625,22.93,-127.0,-9.562,-6.5,-0.018,-0.006,0.043,0.36,0.19,9.51,0.14,0.08,-0.28,-0.17,0.27,9.8,1.165,-1.25,0.0,0.0,0.0,7.0,1017.01,67.28,-16.57
2025-03-24 18:17:57.141000+00:00,39.91230037114641,,,,21.75,-1.062,-1.625,22.93,-127.0,-9.562,-6.5,-0.018,-0.006,0.043,0.36,0.19,9.51,0.14,0.08,-0.28,-0.17,0.27,9.8,1.165,-1.25,0.0,0.0,0.0,7.0,1017.01,67.28,-16.57
2025-03-24 18:17:57.962000+00:00,39.91230037114641,,,,21.75,-1.062,-1.625,22.93,-127.0,-9.562,-6.5,-0.018,-0.006,0.043,0.36,0.19,9.51,0.14,0.08,-0.28,-0.17,0.27,9.8,1.165,0.0,0.0,0.0,0.0,7.0,1017.01,67.28,-16.57
2025-03-24 18:17:58.960000+00:00,39.91230037114641,,,,21.75,-1.062,-1.625,22.93,-127.0,-9.562,-6.5,-0.018,-0.006,0.043,0.36,0.19,9.51,0.14,0.08,-0.28,-0.17,0.27,9.8,1.165,0.0,0.0,0.0,0.0,7.0,1017.01,67.28,-16.57
2025-03-24 18:17:59.962000+00:00,39.91230037114641,,,,21.75,-1.062,-1.625,22.93,-127.0,-9.562,-6.5,-0.018,-0.006,0.043,0.36,0.19,9.51,0.14,0.08,-0.28,-0.17,0.27,9.8,1.165,0.0,0.0,0.0,0.0,7.0,1017.01,67.28,-16.57
2025-03-24 18:18:00.965000+00:00,39.91230037114641,,,,21.75,-1.062,-1.625,22.93,-127.0,-9.562,-6.5,-0.018,-0.006,0.043,0.36,0.19,9.51,0.14,0.08,-0.28,-0.17,0.27,9.8,1.165,-1.25,0.0,0.0,0.0,7.0,1017.01,67.28,-16.57
2025-03-24 18:18:01.969000+00:00,39.91230037114641,,,,21.75,-1.062,-1.625,22.93,-127.0,-9.562,-6.5,-0.018,-0.006,0.043,0.36,0.19,9.51,0.14,0.08,-0.28,-0.17,0.27,9.8,1.165,-1.25,0.0,0.0,0.0,7.0,1017.01,67.28,-16.57
2025-03-24 18:18:02.973000+00:00,39.91230037114641,,,,21.75,-1.062,-1.625,22.93,-127.0,-9.562,-6.5,-0.018,-0.006,0.043,0.36,0.19,9.51,0.14,0.08,-0.28,-0.17,0.27,9.8,1.165,1.25,0.0,0.0,0.0,7.0,1017.01,67.28,-16.57
2025-03-24 18:18:03.977000+00:00,39.91230037114641,,,,21.75,-1.062,-1.625,22.93,-127.0,-9.562,-6.5,-0.018,-0.006,0.043,0.36,0.19,9.51,0.14,0.08,-0.28,-0.17,0.27,9.8,1.165,0.0,0.0,0.0,0.0,7.0,1017.01,67.28,-16.57
2025-03-24 18:18:04.994000+00:00,39.91230037114641,,,,21.75,-1.062,-1.625,22.93,-127.0,-9.562,-6.5,-0.018,-0.006,0.043,0.36,0.19,9.51,0.14,0.08,-0.28,-0.17,0.27,9.8,1.165,-1.25,0.0,0.0,0.0,7.0,1017.01,67.28,-16.57
2025-03-24 18:18:06.126000+00:00,39.91230037114641,,,,21.75,-1.062,-1.625,22.93,-127.0,-9.562,-6.5,-0.018,-0.006,0.043,0.36,0.19,9.51,0.14,0.08,-0.28,-0.17,0.27,9.8,1.165,1.25,0.0,0.0,0.0,7.0,1017.01,67.28,-16.57
2025-03-24 18:18:07.064000+00:00,39.91230037114641,,,,21.75,-1.062,-1.625,22.93,-127.0,-9.562,-6.5,-0.018,-0.006,0.043,0.36,0.19,9.51,0.14,0.08,-0.28,-0.17,0.27,9.8,1.165,1.25,0.0,0.0,0.0,7.0,1017.01,67.28,-16.57
2025-03-24 18:18:08.054000+00:00,39.91230037114641,,,,21.75,-1.062,-1.625,22.93,-127.0,-9.562,-6.5,-0.018,-0.006,0.043,0.36,0.19,9.51,0.14,0.08,-0.28,-0.17,0.27,9.8,1.165,-1.25,0.0,0.0,0.0,7.0,1017.01,67.28,-16.57
2025-03-24 18:18:08.995000+00:00,39.91230037114641,,,,21.75,-1.062,-1.625,22.93,-127.0,-9.562,-6.5,-0.018,-0.006,0.043,0.36,0.19,9.51,0.14,0.08,-0.28,-0.17,0.27,9.8,1.165,-1.25,0.0,0.0,0.0,7.0,1017.01,67.28,-16.57
2025-03-24 18:18:10.008000+00:00,39.91230037114641,,,,21.75,-1.062,-1.625,22.93,-127.0,-9.562,-6.5,-0.018,-0.006,0.043,0.36,0.19,9.51,0.14,0.08,-0.28,-0.17,0.27,9.8,1.165,-1.25,0.0,0.0,0.0,7.0,1017.01,67.28,-16.57
2025-03-24 18:18:11.009000+00:00,39.91230037114641,,,,21.75,-1.062,-1.625,22.93,-127.0,-9.562,-6.5,-0.018,-0.006,0.043,0.36,0.19,9.51,0.14,0.08,-0.28,-0.17,0.27,9.8,1.165,1.25,0.0,0.0,0.0,7.0,1017.01,67.28,-16.57
2025-03-24 18:18:12.007000+00:00,39.91230037114641,,,,21.75,-1.062,-1.625,22.93,-127.0,-9.562,-6.5,-0.018,-0.006,0.043,0.36,0.19,9.51,0.14,0.08,-0.28,-0.17,0.27,9.8,1.165,0.0,0.0,0.0,0.0,7.0,1017.01,67.28,-16.57
2025-03-24 18:18:13.014000+00:00,39.91230037114641,,,,21.75,-1.062,-1.625,22.93,-127.0,-9.562,-6.5,-0.018,-0.006,0.043,0.36,0.19,9.51,0.14,0.08,-0.28,-0.17,0.27,9.8,1.165,-1.25,0.0,0.0,0.0,7.0,1017.01,67.28,-16.57
2025-03-24 18:18:14.104000+00:00,39.91230037114641,,,,21.75,-1.062,-1.625,22.93,-127.0,-9.562,-6.5,-0.018,-0.006,0.043,0.36,0.19,9.51,0.14,0.08,-0.28,-0.17,0.27,9.8,1.165,0.0,0.0,0.0,0.0,7.0,1017.01,67.28,-16.57
2025-03-24 18:18:15.253000+00:00,39.91230037114641,,,,21.75,-1.062,-1.625,22.93,-127.0,-9.562,-6.5,-0.018,-0.006,0.043,0.36,0.19,9.51,0.14,0.08,-0.28,-0.17,0.27,9.8,1.165,1.25,0.0,0.0,0.0,7.0,1017.01,67.28,-16.57
2025-03-24 18:18:16.024000+00:00,39.91230037114641,,,,21.75,-1.062,-1.625,22.93,-127.0,-9.562,-6.5,-0.018,-0.006,0.043,0.36,0.19,9.51,0.14,0.08,-0.28,-0.17,0.27,9.8,1.165,0.0,0.0,0.0,0.0,7.0,1017.01,67.28,-16.57
2025-03-24 18:17:16.198000+00:00,39.91230037114641,,,,21.75,-1.062,-1.625,22.93,-127.0,-9.562,-6.5,-0.018,-0.006,0.043,0.36,0.19,9.51,0.14,0.08,-0.28,-0.17,0.27,9.8,1.165,0.0,0.0,0.0,0.0,7.0,1017.01,67.28,-16.57
2025-03-24 18:17:17.218000+00:00,39.91230037114641,,,,21.75,-1.062,-1.625,22.93,-127.0,-9.562,-6.5,-0.018,-0.006,0.043,0.36,0.19,9.51,0.14,0.08,-0.28,-0.17,0.27,9.8,1.165,0.0,0.0,0.0,0.0,7.0,1017.01,67.28,-16.57
2025-03-24 18:17:18.217000+00:00,39.91230037114641,,,,21.75,-1.062,-1.625,22.93,-127.0,-9.562,-6.5,-0.018,-0.006,0.043,0.36,0.19,9.51,0.14,0.08,-0.28,-0.17,0.27,9.8,1.165,0.0,0.0,0.0,0.0,7.0,1017.01,67.28,-16.57
2025-03-24 18:17:19.247000+00:00,39.91230037114641,,,,21.75,-1.062,-1.625,22.93,-127.0,-9.562,-6.5,-0.018,-0.006,0.043,0.36,0.19,9.51,0.14,0.08,-0.28,-0.17,0.27,9.8,1.165,0.0,0.0,0.0,0.0,7.0,1017.01,67.28,-16.57
2025-03-24 18:17:20.247000+00:00,39.91230037114641,,,,21.75,-1.062,-1.625,22.93,-127.0,-9.562,-6.5,-0.018,-0.006,0.043,0.36,0.19,9.51,0.14,0.08,-0.28,-0.17,0.27,9.8,1.165,0.0,0.0,0.0,0.0,7.0,1017.01,67.28,-16.57
2025-03-24 18:17:21.284000+00:00,39.91230037114641,,,,21.75,-1.062,-1.625,22.93,-127.0,-9.562,-6.5,-0.018,-0.006,0.043,0.36,0.19,9.51,0.14,0.08,-0.28,-0.17,0.27,9.8,1.165,0.0,0.0,0.0,0.0,7.0,1017.01,67.28,-16.57
2025-03-24 18:17:22.316000+00:00,39.91230037114641,,,,21.75,-1.062,-1.625,22.93,-127.0,-9.562,-6.5,-0.018,-0.006,0.043,0.36,0.19,9.51,0.14,0.08,-0.28,-0.17,0.27,9.8,1.165,0.0,0.0,0.0,0.0,7.0,1017.01,67.28,-16.57
2025-03-24 18:17:23.424000+00:00,39.91230037114641,,,,21.75,-1.062,-1.625,22.93,-127.0,-9.562,-6.5,-0.018,-0.006,0.043,0.36,0.19,9.51,0.14,0.08,-0.28,-0.17,0.27,9.8,1.165,0.0,0.0,0.0,0.0,7.0,1017.01,67.28,-16.57
2025-03-24 18:17:24.433000+00:00,39.91230037114641,,,,21.75,-1.062,-1.625,22.93,-127.0,-9.562,-6.5,-0.018,-0.006,0.043,0.36,0.19,9.51,0.14,0.08,-0.28,-0.17,0.27,9.8,1.165,0.0,0.0,0.0,0.0,7.0,1017.01,67.28,-16.57
2025-03-24 18:17:25.483000+00:00,39.91230037114641,,,,21.75,-1.062,-1.625,22.93,-127.0,-9.562,-6.5,-0.018,-0.006,0.043,0.36,0.19,9.51,0.14,0.08,-0.28,-0.17,0.27,9.8,1.165,0.0,0.0,0.0,0.0,7.0,1017.01,67.28,-16.57
2025-03-24 18:17:26.237000+00:00,39.91230037114641,,,,21.75,-1.062,-1.625,22.93,-127.0,-9.562,-6.5,-0.018,-0.006,0.043,0.36,0.19,9.51,0.14,0.08,-0.28,-0.17,0.27,9.8,1.165,0.0,0.0,0.0,0.0,7.0,1017.01,67.28,-16.57
2025-03-24 18:17:27.097000+00:00,39.91230037114641,,,,21.75,-1.062,-1.625,22.93,-127.0,-9.562,-6.5,-0.018,-0.006,0.043,0.36,0.19,9.51,0.14,0.08,-0.28,-0.17,0.27,9.8,1.165,0.0,0.0,0.0,0.0,7.0,1017.01,67.28,-16.57
2025-03-24 18:17:28.258000+00:00,39.91230037114641,,,,21.75,-1.062,-1.625,22.93,-127.0,-9.562,-6.5,-0.018,-0.006,0.043,0.36,0.19,9.51,0.14,0.08,-0.28,-0.17,0.27,9.8,1.165,0.0,0.0,0.0,0.0,7.0,1017.01,67.28,-16.57
2025-03-24 18:17:29.145000+00:00,39.91230037114641,,,,21.75,-1.062,-1.625,22.93,-127.0,-9.562,-6.5,-0.018,-0.006,0.043,0.36,0.19,9.51,0.14,0.08,-0.28,-0.17,0.27,9.8,1.165,0.0,0.0,0.0,0.0,7.0,1017.01,67.28,-16.57
2025-03-24 18:17:30.259000+00:00,39.91230037114641,,,,21.75,-1.062,-1.625,22.93,-127.0,-9.562,-6.5,-0.018,-0.006,0.043,0.36,0.19,9.51,0.14,0.08,-0.28,-0.17,0.27,9.8,1.165,0.0,0.0,0.0,0.0,7.0,1017.01,67.28,-16.57
2025-03-24 18:17:30.996000+00:00,39.91230037114641,,,,21.75,-1.062,-1.625,22.93,-127.0,-9.562,-6.5,-0.018,-0.006,0.043,0.36,0.19,9.51,0.14,0.08,-0.28,-0.17,0.27,9.8,1.165,0.0,0.0,0.0,0.0,7.0,1017.01,67.28,-16.57
2025-03-24 18:17:31.959000+00:00,39.91230037114641,,,,21.75,-1.062,-1.625,22.93,-127.0,-9.562,-6.5,-0.018,-0.006,0.043,0.36,0.19,9.51,0.14,0.08,-0.28,-0.17,0.27,9.8,1.165,0.0,0.0,0.0,0.0,7.0,1017.01,67.28,-16.57
2025-03-24 18:17:32.966000+00:00,39.91230037114641,,,,21.75,-1.062,-1.625,22.93,-127.0,-9.562,-6.5,-0.018,-0.006,0.043,0.36,0.19,9.51,0.14,0.08,-0.28,-0.17,0.27,9.8,1.165,0.0,0.0,0.0,0.0,7.0,1017.01,67.28,-16.57
2025-03-24 18:17:33.967000+00:00,39.91230037114641,,,,21.75,-1.062,-1.625,22.93,-127.0,-9.562,-6.5,-0.018,-0.006,0.043,0.36,0.19,9.51,0.14,0.08,-0.28,-0.17,0.27,9.8,1.165,0.0,0.0,0.0,0.0,7.0,1017.01,67.28,-16.57
2025-03-24 18:17:34.987000+00:00,39.91230037114641,,,,21.75,-1.062,-1.625,22.93,-127.0,-9.562,-6.5,-0.018,-0.006,0.043,0.36,0.19,9.51,0.14,0.08,-0.28,-0.17,0.27,9.8,1.165,0.0,0.0,0.0,0.0,7.0,1017.01,67.28,-16.57
2025-03-24 18:17:35.985000+00:00,39.91230037114641,,,,21.75,-1.062,-1.625,22.93,-127.0,-9.562,-6.5,-0.018,-0.006,0.043,0.36,0.19,9.51,0.14,0.08,-0.28,-0.17,0.27,9.8,1.165,0.0,0.0,0.0,0.0,7.0,1017.01,67.28,-16.57
2025-03-24 18:17:36.976000+00:00,39.91230037114641,,,,21.75,-1.062,-1.625,22.93,-127.0,-9.562,-6.5,-0.018,-0.006,0.043,0.36,0.19,9.51,0.14,0.08,-0.28,-0.17,0.27,9.8,1.165,0.0,0.0,0.0,0.0,7.0,1017.01,67.28,-16.57
2025-03-24 18:17:37.976000+00:00,39.91230037114641,,,,21.75,-1.062,-1.625,22.93,-127.0,-9.562,-6.5,-0.018,-0.006,0.043,0.36,0.19,9.51,0.14,0.08,-0.28,-0.17,0.27,9.8,1.165,0.0,0.0,0.0,0.0,7.0,1017.01,67.28,-16.57
2025-03-24 18:17:39.006000+00:00,39.91230037114641,,,,21.75,-1.062,-1.625,22.93,-127.0,-9.562,-6.5,-0.018,-0.006,0.043,0.36,0.19,9.51,0.14,0.08,-0.28,-0.17,0.27,9.8,1.165,0.0,0.0,0.0,0.0,7.0,1017.01,67.28,-16.57
2025-03-24 18:17:39.985000+00:00,39.91230037114641,,,,21.75,-1.062,-1.625,22.93,-127.0,-9.562,-6.5,-0.018,-0.006,0.043,0.36,0.19,9.51,0.14,0.08,-0.28,-0.17,0.27,9.8,1.165,0.0,0.0,0.0,0.0,7.0,1017.01,67.28,-16.57
2025-03-24 18:17:41.045000+00:00,39.91230037114641,,,,21.75,-1.062,-1.625,22.93,-127.0,-9.562,-6.5,-0.018,-0.006,0.043,0.36,0.19,9.51,0.14,0.08,-0.28,-0.17,0.27,9.8,1.165,0.0,0.0,0.0,0.0,7.0,1017.01,67.28,-16.57
2025-03-24 18:17:41.995000+00:00,39.91230037114641,,,,21.75,-1.062,-1.625,22.93,-127.0,-9.562,-6.5,-0.018,-0.006,0.043,0.36,0.19,9.51,0.14,0.08,-0.28,-0.17,0.27,9.8,1.165,0.0,0.0,0.0,0.0,7.0,1017.01,67.28,-16.57
2025-03-24 18:17:43.012000+00:00,39.91230037114641,,,,21.75,-1.062,-1.625,22.93,-127.0,-9.562,-6.5,-0.018,-0.006,0.043,0.36,0.19,9.51,0.14,0.08,-0.28,-0.17,0.27,9.8,1.165,0.0,0.0,0.0,0.0,7.0,1017.01,67.28,-16.57
2025-03-24 18:17:44.006000+00:00,39.91230037114641,,,,21.75,-1.062,-1.625,22.93,-127.0,-9.562,-6.5,-0.018,-0.006,0.043,0.36,0.19,9.51,0.14,0.08,-0.28,-0.17,0.27,9.8,1.165,0.0,0.0,0.0,0.0,7.0,1017.01,67.28,-16.57
2025-03-24 18:17:45.012000+00:00,39.91230037114641,,,,21.75,-1.062,-1.625,22.93,-127.0,-9.562,-6.5,-0.018,-0.006,0.043,0.36,0.19,9.51,0.14,0.08,-0.28,-0.17,0.27,9.8,1.165,0.0,0.0,0.0,0.0,7.0,1017.01,67.28,-16.57
2025-03-24 18:17:46.016000+00:00,39.91230037114641,,,,21.75,-1.062,-1.625,22.93,-127.0,-9.562,-6.5,-0.018,-0.006,0.043,0.36,0.19,9.51,0.14,0.08,-0.28,-0.17,0.27,9.8,1.165,0.0,0.0,0.0,0.0,7.0,1017.01,67.28,-16.57
2025-03-24 18:17:47.181000+00:00,39.91230037114641,,,,21.75,-1.062,-1.625,22.93,-127.0,-9.562,-6.5,-0.018,-0.006,0.043,0.36,0.19,9.51,0.14,0.08,-0.28,-0.17,0.27,9.8,1.165,0.0,0.0,0.0,0.0,7.0,1017.01,67.28,-16.57
2025-03-24 18:17:48.285000+00:00,39.91230037114641,,,,21.75,-1.062,-1.625,22.93,-127.0,-9.562,-6.5,-0.018,-0.006,0.043,0.36,0.19,9.51,0.14,0.08,-0.28,-0.17,0.27,9.8,1.165,0.0,0.0,0.0,0.0,7.0,1017.01,67.28,-16.57
2025-03-24 18:17:49.014000+00:00,39.91230037114641,,,,21.75,-1.062,-1.625,22.93,-127.0,-9.562,-6.5,-0.018,-0.006,0.043,0.36,0.19,9.51,0.14,0.08,-0.28,-0.17,0.27,9.8,1.165,0.0,0.0,0.0,0.0,7.0,1017.01,67.28,-16.57
2025-03-24 18:17:50.032000+00:00,39.91230037114641,,,,21.75,-1.062,-1.625,22.93,-127.0,-9.562,-6.5,-0.018,-0.006,0.043,0.36,0.19,9.51,0.14,0.08,-0.28,-0.17,0.27,9.8,1.165,0.0,0.0,0.0,0.0,7.0,1017.01,67.28,-16.57
2025-03-24 18:17:51.042000+00:00,39.91230037114641,,,,21.75,-1.062,-1.625,22.93,-127.0,-9.562,-6.5,-0.018,-0.006,0.043,0.36,0.19,9.51,0.14,0.08,-0.28,-0.17,0.27,9.8,1.165,0.0,0.0,0.0,0.0,7.0,1017.01,67.28,-16.57
2025-03-24 18:17:52.031000+00:00,39.91230037114641,,,,21.75,-1.062,-1.625,22.93,-127.0,-9.562,-6.5,-0.018,-0.006,0.043,0.36,0.19,9.51,0.14,0.08,-0.28,-0.17,0.27,9.8,1.165,0.0,0.0,0.0,0.0,7.0,1017.01,67.28,-16.57
2025-03-24 18:17:53.042000+00:00,39.91230037114641,,,,21.75,-1.062,-1.625,22.93,-127.0,-9.562,-6.5,-0.018,-0.006,0.043,0.36,0.19,9.51,0.14,0.08,-0.28,-0.17,0.27,9.8,1.165,0.0,0.0,0.0,0.0,7.0,1017.01,67.28,-16.57
2025-03-24 18:17:54.045000+00:00,39.91230037114641,,,,21.75,-1.062,-1.625,22.93,-127.0,-9.562,-6.5,-0.018,-0.006,0.043,0.36,0.19,9.51,0.14,0.08,-0.28,-0.17,0.27,9.8,1.165,0.0,0.0,0.0,0.0,7.0,1017.01,67.28,-16.57
2025-03-24 18:17:55.045000+00:00,39.91230037114641,,,,21.75,-1.062,-1.625,22.93,-127.0,-9.562,-6.5,-0.018,-0.006,0.043,0.36,0.19,9.51,0.14,0.08,-0.28,-0.17,0.27,9.8,1.165,0.0,0.0,0.0,0.0,7.0,1017.01,67.28,-16.57
2025-03-24 18:17:56.191000+00:00,39.91230037114641,,,,21.75,-1.062,-1.625,22.93,-127.0,-9.562,-6.5,-0.018,-0.006,0.043,0.36,0.19,9.51,0.14,0.08,-0.28,-0.17,0.27,9.8,1.165,0.0,0.0,0.0,0.0,7.0,1017.01,67.28,-16.57
2025-03-24 18:17:57.245000+00:00,39.91230037114641,,,,21.75,-1.062,-1.625,22.93,-127.0,-9.562,-6.5,-0.018,-0.006,0.043,0.36,0.19,9.51,0.14,0.08,-0.28,-0.17,0.27,9.8,1.165,0.0,0.0,0.0,0.0,7.0,1017.01,67.28,-16.57
2025-03-24 18:17:58.076000+00:00,39.91230037114641,,,,21.75,-1.062,-1.625,22.93,-127.0,-9.562,-6.5,-0.018,-0.006,0.043,0.36,0.19,9.51,0.14,0.08,-0.28,-0.17,0.27,9.8,1.165,0.0,0.0,0.0,0.0,7.0,1017.01,67.28,-16.57
2025-03-24 18:17:59.065000+00:00,39.91230037114641,,,,21.75,-1.062,-1.625,22.93,-127.0,-9.562,-6.5,-0.018,-0.006,0.043,0.36,0.19,9.51,0.14,0.08,-0.28,-0.17,0.27,9.8,1.165,0.0,0.0,0.0,0.0,7.0,1017.01,67.28,-16.57
2025-03-24 18:18:00.065000+00:00,39.91230037114641,,,,21.75,-1.062,-1.625,22.93,-127.0,-9.562,-6.5,-0.018,-0.006,0.043,0.36,0.19,9.51,0.14,0.08,-0.28,-0.17,0.27,9.8,1.165,0.0,0.0,0.0,0.0,7.0,1017.01,67.28,-16.57
2025-03-24 18:18:01.091000+00:00,39.91230037114641,,,,21.75,-1.062,-1.625,22.93,-127.0,-9.562,-6.5,-0.018,-0.006,0.043,0.36,0.19,9.51,0.14,0.08,-0.28,-0.17,0.27,9.8,1.165,0.0,0.0,0.0,0.0,7.0,1017.01,67.28,-16.57
2025-03-24 18:18:02.064000+00:00,39.91230037114641,,,,21.75,-1.062,-1.625,22.93,-127.0,-9.562,-6.5,-0.018,-0.006,0.043,0.36,0.19,9.51,0.14,0.08,-0.28,-0.17,0.27,9.8,1.165,0.0,0.0,0.0,0.0,7.0,1017.01,67.28,-16.57
2025-03-24 18:18:03.090000+00:00,39.91230037114641,,,,21.75,-1.062,-1.625,22.93,-127.0,-9.562,-6.5,-0.018,-0.006,0.043,0.36,0.19,9.51,0.14,0.08,-0.28,-0.17,0.27,9.8,1.165,0.0,0.0,0.0,0.0,7.0,1017.01,67.28,-16.57
2025-03-24 18:18:04.081000+00:00,39.91230037114641,,,,21.75,-1.062,-1.625,22.93,-127.0,-9.562,-6.5,-0.018,-0.006,0.043,0.36,0.19,9.51,0.14,0.08,-0.28,-0.17,0.27,9.8,1.165,0.0,0.0,0.0,0.0,7.0,1017.01,67.28,-16.57
2025-03-24 18:18:05.095000+00:00,39.91230037114641,,,,21.75,-1.062,-1.625,22.93,-127.0,-9.562,-6.5,-0.018,-0.006,0.043,0.36,0.19,9.51,0.14,0.08,-0.28,-0.17,0.27,9.8,1.165,0.0,0.0,0.0,0.0,7.0,1017.01,67.28,-16.57
2025-03-24 18:18:06.235000+00:00,39.91230037114641,,,,21.75,-1.062,-1.625,22.93,-127.0,-9.562,-6.5,-0.018,-0.006,0.043,0.36,0.19,9.51,0.14,0.08,-0.28,-0.17,0.27,9.8,1.165,0.0,0.0,0.0,0.0,7.0,1017.01,67.28,-16.57
2025-03-24 18:18:07.174000+00:00,39.91230037114641,,,,21.75,-1.062,-1.625,22.93,-127.0,-9.562,-6.5,-0.018,-0.006,0.043,0.36,0.19,9.51,0.14,0.08,-0.28,-0.17,0.27,9.8,1.165,0.0,0.0,0.0,0.0,7.0,1017.01,67.28,-16.57
2025-03-24 18:18:08.171000+00:00,39.91230037114641,,,,21.75,-1.062,-1.625,22.93,-127.0,-9.562,-6.5,-0.018,-0.006,0.043,0.36,0.19,9.51,0.14,0.08,-0.28,-0.17,0.27,9.8,1.165,0.0,0.0,0.0,0.0,7.0,1017.01,67.28,-16.57
2025-03-24 18:18:09.115000+00:00,39.91230037114641,,,,21.75,-1.062,-1.625,22.93,-127.0,-9.562,-6.5,-0.018,-0.006,0.043,0.36,0.19,9.51,0.14,0.08,-0.28,-0.17,0.27,9.8,1.165,0.0,0.0,0.0,0.0,7.0,1017.01,67.28,-16.57
2025-03-24 18:18:10.114000+00:00,39.91230037114641,,,,21.75,-1.062,-1.625,22.93,-127.0,-9.562,-6.5,-0.018,-0.006,0.043,0.36,0.19,9.51,0.14,0.08,-0.28,-0.17,0.27,9.8,1.165,0.0,0.0,0.0,0.0,7.0,1017.01,67.28,-16.57
2025-03-24 18:18:11.125000+00:00,39.91230037114641,,,,21.75,-1.062,-1.625,22.93,-127.0,-9.562,-6.5,-0.018,-0.006,0.043,0.36,0.19,9.51,0.14,0.08,-0.28,-0.17,0.27,9.8,1.165,0.0,0.0,0.0,0.0,7.0,1017.01,67.28,-16.57
2025-03-24 18:18:12.124000+00:00,39.91230037114641,,,,21.75,-1.062,-1.625,22.93,-127.0,-9.562,-6.5,-0.018,-0.006,0.043,0.36,0.19,9.51,0.14,0.08,-0.28,-0.17,0.27,9.8,1.165,0.0,0.0,0.0,0.0,7.0,1017.01,67.28,-16.57
2025-03-24 18:18:13.114000+00:00,39.91230037114641,,,,21.75,-1.062,-1.625,22.93,-127.0,-9.562,-6.5,-0.018,-0.006,0.043,0.36,0.19,9.51,0.14,0.08,-0.28,-0.17,0.27,9.8,1.165,0.0,0.0,0.0,0.0,7.0,1017.01,67.28,-16.57
2025-03-24 18:18:14.214000+00:00,39.91230037114641,,,,21.75,-1.062,-1.625,22.93,-127.0,-9.562,-6.5,-0.018,-0.006,0.043,0.36,0.19,9.51,0.14,0.08,-0.28,-0.17,0.27,9.8,1.165,0.0,0.0,0.0,0.0,7.0,1017.01,67.28,-16.57
2025-03-24 18:18:15.354000+00:00,39.91230037114641,,,,21.75,-1.062,-1.625,22.93,-127.0,-9.562,-6.5,-0.018,-0.006,0.043,0.36,0.19,9.51,0.14,0.08,-0.28,-0.17,0.27,9.8,1.165,0.0,0.0,0.0,0.0,7.0,1017.01,67.28,-16.57
2025-03-24 18:18:16.133000+00:00,39.91230037114641,,,,21.75,-1.062,-1.625,22.93,-127.0,-9.562,-6.5,-0.018,-0.006,0.043,0.36,0.19,9.51,0.14,0.08,-0.28,-0.17,0.27,9.8,1.165,0.0,0.0,0.0,0.0,7.0,1017.01,67.28,-16.57
2025-03-24 18:17:17.651000+00:00,39.91230037114641,,,,21.75,-1.062,-1.625,22.93,-127.0,-9.562,-6.5,-0.018,-0.006,0.043,0.36,0.19,9.51,0.14,0.08,-0.28,-0.17,0.27,9.8,1.165,0.0,0.0,0.0,0.0,7.0,1017.01,67.28,-16.57
2025-03-24 18:17:22.418000+00:00,39.91230037114641,,,,21.75,-1.062,-1.625,22.93,-127.0,-9.562,-6.5,-0.018,-0.006,0.043,0.36,0.19,9.51,0.14,0.08,-0.28,-0.17,0.27,9.8,1.165,0.0,0.0,0.0,0.0,7.0,1017.01,67.28,-16.57
2025-03-24 18:17:27.517000+00:00,39.91230037114641,,,,21.75,-1.062,-1.625,22.93,-127.0,-9.562,-6.5,-0.018,-0.006,0.043,0.36,0.19,9.51,0.14,0.08,-0.28,-0.17,0.27,9.8,1.165,0.0,0.0,0.0,0.0,7.0,1017.01,67.28,-16.57
2025-03-24 18:17:32.722000+00:00,39.91230037114641,,,,21.75,-1.062,-1.625,22.93,-127.0,-9.562,-6.5,-0.018,-0.006,0.043,0.36,0.19,9.51,0.14,0.08,-0.28,-0.17,0.27,9.8,1.165,0.0,0.0,0.0,0.0,7.0,1017.01,67.28,-16.57
2025-03-24 18:17:37.396000+00:00,39.91230037114641,,,,21.75,-1.062,-1.625,22.93,-127.0,-9.562,-6.5,-0.018,-0.006,0.043,0.36,0.19,9.51,0.14,0.08,-0.28,-0.17,0.27,9.8,1.165,0.0,0.0,0.0,0.0,7.0,1017.01,67.28,-16.57
2025-03-24 18:17:42.417000+00:00,39.91230037114641,,,,21.75,-1.062,-1.625,22.93,-127.0,-9.562,-6.5,-0.018,-0.006,0.043,0.36,0.19,9.51,0.14,0.08,-0.28,-0.17,0.27,9.8,1.165,0.0,0.0,0.0,0.0,7.0,1017.01,67.28,-16.57
2025-03-24 18:17:47.235000+00:00,39.91230037114641,,,,21.75,-1.062,-1.625,22.93,-127.0,-9.562,-6.5,-0.018,-0.006,0.043,0.36,0.19,9.51,0.14,0.08,-0.28,-0.17,0.27,9.8,1.165,0.0,0.0,0.0,0.0,7.0,1017.01,67.28,-16.57
2025-03-24 18:17:52.085000+00:00,39.91230037114641,,,,21.75,-1.062,-1.625,22.93,-127.0,-9.562,-6.5,-0.018,-0.006,0.043,0.36,0.19,9.51,0.14,0.08,-0.28,-0.17,0.27,9.8,1.165,0.0,0.0,0.0,0.0,7.0,1017.01,67.28,-16.57
2025-03-24 18:17:57.295000+00:00,39.91230037114641,,,,21.75,-1.062,-1.625,22.93,-127.0,-9.562,-6.5,-0.018,-0.006,0.043,0.36,0.19,9.51,0.14,0.08,-0.28,-0.17,0.27,9.8,1.165,0.0,0.0,0.0,0.0,7.0,1017.01,67.28,-16.57
2025-03-24 18:18:02.114000+00:00,39.91230037114641,,,,21.75,-1.062,-1.625,22.93,-127.0,-9.562,-6.5,-0.018,-0.006,0.043,0.36,0.19,9.51,0.14,0.08,-0.28,-0.17,0.27,9.8,1.165,0.0,0.0,0.0,0.0,7.0,1017.01,67.28,-16.57
2025-03-24 18:18:07.225000+00:00,39.91230037114641,,,,21.75,-1.062,-1.625,22.93,-127.0,-9.562,-6.5,-0.018,-0.006,0.043,0.36,0.19,9.51,0.14,0.08,-0.28,-0.17,0.27,9.8,1.165,0.0,0.0,0.0,0.0,7.0,1017.01,67.28,-16.57
2025-03-24 18:18:12.174000+00:00,39.91230037114641,,,,21.75,-1.062,-1.625,22.93,-127.0,-9.562,-6.5,-0.018,-0.006,0.043,0.36,0.19,9.51,0.14,0.08,-0.28,-0.17,0.27,9.8,1.165,0.0,0.0,0.0,0.0,7.0,1017.01,67.28,-16.57
2025-03-24 18:17:17.324000+00:00,39.91230037114641,,,,21.75,-1.062,-1.625,22.93,-127.0,-9.562,-6.5,-0.018,-0.006,0.043,0.36,0.19,9.51,0.14,0.08,-0.28,-0.17,0.27,9.8,1.165,0.0,0.0,0.0,0.0,7.0,1017.01,67.28,-16.57
2025-03-24 18:17:18.274000+00:00,39.91230037114641,,,,21.75,-1.062,-1.625,22.93,-127.0,-9.562,-6.5,-0.018,-0.006,0.043,0.36,0.19,9.51,0.14,0.08,-0.28,-0.17,0.27,9.8,1.165,0.0,0.0,0.0,0.0,7.0,1017.01,67.28,-16.57
2025-03-24 18:17:19.298000+00:00,39.91230037114641,,,,21.75,-1.062,-1.625,22.93,-127.0,-9.562,-6.5,-0.018,-0.006,0.043,0.36,0.19,9.51,0.14,0.08,-0.28,-0.17,0.27,9.8,1.165,0.0,0.0,0.0,0.0,7.0,1017.01,67.28,-16.57
2025-03-24 18:17:20.397000+00:00,39.91230037114641,,,,21.75,-1.062,-1.625,22.93,-127.0,-9.562,-6.5,-0.018,-0.006,0.043,0.36,0.19,9.51,0.14,0.08,-0.28,-0.17,0.27,9.8,1.165,0.0,0.0,0.0,0.0,7.0,1017.01,67.28,-16.57
2025-03-24 18:17:21.472000+00:00,39.91230037114641,,,,21.75,-1.062,-1.625,22.93,-127.0,-9.562,-6.5,-0.018,-0.006,0.043,0.36,0.19,9.51,0.14,0.08,-0.28,-0.17,0.27,9.8,1.165,0.0,0.0,0.0,0.0,7.0,1017.01,67.28,-16.57
2025-03-24 18:17:22.616000+00:00,39.91230037114641,,,,21.75,-1.062,-1.625,22.93,-127.0,-9.562,-6.5,-0.018,-0.006,0.043,0.36,0.19,9.51,0.14,0.08,-0.28,-0.17,0.27,9.8,1.165,0.0,0.0,0.0,0.0,7.0,1017.01,67.28,-16.57
2025-03-24 18:17:23.583000+00:00,39.91230037114641,,,,21.75,-1.062,-1.625,22.93,-127.0,-9.562,-6.5,-0.018,-0.006,0.043,0.36,0.19,9.51,0.14,0.08,-0.28,-0.17,0.27,9.8,1.165,0.0,0.0,0.0,0.0,7.0,1017.01,67.28,-16.57
2025-03-24 18:17:24.604000+00:00,39.91230037114641,,,,21.75,-1.062,-1.625,22.93,-127.0,-9.562,-6.5,-0.018,-0.006,0.043,0.36,0.19,9.51,0.14,0.08,-0.28,-0.17,0.27,9.8,1.165,0.0,0.0,0.0,0.0,7.0,1017.01,67.28,-16.57
2025-03-24 18:17:25.587000+00:00,39.91230037114641,,,,21.75,-1.062,-1.625,22.93,-127.0,-9.562,-6.5,-0.018,-0.006,0.043,0.36,0.19,9.51,0.14,0.08,-0.28,-0.17,0.27,9.8,1.165,0.0,0.0,0.0,0.0,7.0,1017.01,67.28,-16.57
2025-03-24 18:17:26.693000+00:00,39.91230037114641,,,,21.75,-1.062,-1.625,22.93,-127.0,-9.562,-6.5,-0.018,-0.006,0.043,0.36,0.19,9.51,0.14,0.08,-0.28,-0.17,0.27,9.8,1.165,0.0,0.0,0.0,0.0,7.0,1017.01,67.28,-16.57
2025-03-24 18:17:27.767000+00:00,39.91230037114641,,,,21.75,-1.062,-1.625,22.93,-127.0,-9.562,-6.5,-0.018,-0.006,0.043,0.36,0.19,9.51,0.14,0.08,-0.28,-0.17,0.27,9.8,1.165,0.0,0.0,0.0,0.0,7.0,1017.01,67.28,-16.57
2025-03-24 18:17:28.697000+00:00,39.91230037114641,,,,21.75,-1.062,-1.625,22.93,-127.0,-9.562,-6.5,-0.018,-0.006,0.043,0.36,0.19,9.51,0.14,0.08,-0.28,-0.17,0.27,9.8,1.165,0.0,0.0,0.0,0.0,7.0,1017.01,67.28,-16.57
2025-03-24 18:17:29.828000+00:00,39.91230037114641,,,,21.75,-1.062,-1.625,22.93,-127.0,-9.562,-6.5,-0.018,-0.006,0.043,0.36,0.19,9.51,0.14,0.08,-0.28,-0.17,0.27,9.8,1.165,0.0,0.0,0.0,0.0,7.0,1017.01,67.28,-16.57
2025-03-24 18:17:31.437000+00:00,39.91230037114641,,,,21.75,-1.062,-1.625,22.93,-127.0,-9.562,-6.5,-0.018,-0.006,0.043,0.36,0.19,9.51,0.14,0.08,-0.28,-0.17,0.27,9.8,1.165,0.0,0.0,0.0,0.0,7.0,1017.01,67.28,-16.57
2025-03-24 18:17:32.392000+00:00,39.91230037114641,,,,21.75,-1.062,-1.625,22.93,-127.0,-9.562,-6.5,-0.018,-0.006,0.043,0.36,0.19,9.51,0.14,0.08,-0.28,-0.17,0.27,9.8,1.165,0.0,0.0,0.0,0.0,7.0,1017.01,67.28,-16.57
2025-03-24 18:17:33.398000+00:00,39.91230037114641,,,,21.75,-1.062,-1.625,22.93,-127.0,-9.562,-6.5,-0.018,-0.006,0.043,0.36,0.19,9.51,0.14,0.08,-0.28,-0.17,0.27,9.8,1.165,0.0,0.0,0.0,0.0,7.0,1017.01,67.28,-16.57
2025-03-24 18:17:34.380000+00:00,39.91230037114641,,,,21.75,-1.062,-1.625,22.93,-127.0,-9.562,-6.5,-0.018,-0.006,0.043,0.36,0.19,9.51,0.14,0.08,-0.28,-0.17,0.27,9.8,1.165,0.0,0.0,0.0,0.0,7.0,1017.01,67.28,-16.57
2025-03-24 18:17:35.469000+00:00,39.91230037114641,,,,21.75,-1.062,-1.625,22.93,-127.0,-9.562,-6.5,-0.018,-0.006,0.043,0.36,0.19,9.51,0.14,0.08,-0.28,-0.17,0.27,9.8,1.165,0.0,0.0,0.0,0.0,7.0,1017.01,67.28,-16.57
2025-03-24 18:17:36.437000+00:00,39.91230037114641,,,,21.75,-1.062,-1.625,22.93,-127.0,-9.562,-6.5,-0.018,-0.006,0.043,0.36,0.19,9.51,0.14,0.08,-0.28,-0.17,0.27,9.8,1.165,0.0,0.0,0.0,0.0,7.0,1017.01,67.28,-16.57
2025-03-24 18:17:37.446000+00:00,39.91230037114641,,,,21.75,-1.062,-1.625,22.93,-127.0,-9.562,-6.5,-0.018,-0.006,0.043,0.36,0.19,9.51,0.14,0.08,-0.28,-0.17,0.27,9.8,1.165,0.0,0.0,0.0,0.0,7.0,1017.01,67.28,-16.57
2025-03-24 18:17:39.416000+00:00,39.91230037114641,,,,21.75,-1.062,-1.625,22.93,-127.0,-9.562,-6.5,-0.018,-0.006,0.043,0.36,0.19,9.51,0.14,0.08,-0.28,-0.17,0.27,9.8,1.165,0.0,0.0,0.0,0.0,7.0,1017.01,67.28,-16.57
2025-03-24 18:17:40.416000+00:00,39.91230037114641,,,,21.75,-1.062,-1.625,22.93,-127.0,-9.562,-6.5,-0.018,-0.006,0.043,0.36,0.19,9.51,0.14,0.08,-0.28,-0.17,0.27,9.8,1.165,0.0,0.0,0.0,0.0,7.0,1017.01,67.28,-16.57
2025-03-24 18:17:41.536000+00:00,39.91230037114641,,,,21.75,-1.062,-1.625,22.93,-127.0,-9.562,-6.5,-0.018,-0.006,0.043,0.36,0.19,9.51,0.14,0.08,-0.28,-0.17,0.27,9.8,1.165,0.0,0.0,0.0,0.0,7.0,1017.01,67.28,-16.57
2025-03-24 18:17:42.466000+00:00,39.91230037114641,,,,21.75,-1.062,-1.625,22.93,-127.0,-9.562,-6.5,-0.018,-0.006,0.043,0.36,0.19,9.51,0.14,0.08,-0.28,-0.17,0.27,9.8,1.165,0.0,0.0,0.0,0.0,7.0,1017.01,67.28,-16.57
2025-03-24 18:17:43.429000+00:00,39.91230037114641,,,,21.75,-1.062,-1.625,22.93,-127.0,-9.562,-6.5,-0.018,-0.006,0.043,0.36,0.19,9.51,0.14,0.08,-0.28,-0.17,0.27,9.8,1.165,0.0,0.0,0.0,0.0,7.0,1017.01,67.28,-16.57
2025-03-24 18:17:44.475000+00:00,39.91230037114641,,,,21.75,-1.062,-1.625,22.93,-127.0,-9.562,-6.5,-0.018,-0.006,0.043,0.36,0.19,9.51,0.14,0.08,-0.28,-0.17,0.27,9.8,1.165,0.0,0.0,0.0,0.0,7.0,1017.01,67.28,-16.57
2025-03-24 18:17:45.558000+00:00,39.91230037114641,,,,21.75,-1.062,-1.625,22.93,-127.0,-9.562,-6.5,-0.018,-0.006,0.043,0.36,0.19,9.51,0.14,0.08,-0.28,-0.17,0.27,9.8,1.165,0.0,0.0,0.0,0.0,7.0,1017.01,67.28,-16.57
2025-03-24 18:17:46.698000+00:00,39.91230037114641,,,,21.75,-1.062,-1.625,22.93,-127.0,-9.562,-6.5,-0.018,-0.006,0.043,0.36,0.19,9.51,0.14,0.08,-0.28,-0.17,0.27,9.8,1.165,0.0,0.0,0.0,0.0,7.0,1017.01,67.28,-16.57
2025-03-24 18:17:47.842000+00:00,39.91230037114641,,,,21.75,-1.062,-1.625,22.93,-127.0,-9.562,-6.5,-0.018,-0.006,0.043,0.36,0.19,9.51,0.14,0.08,-0.28,-0.17,0.27,9.8,1.165,0.0,0.0,0.0,0.0,7.0,1017.01,67.28,-16.57
2025-03-24 18:17:49.065000+00:00,39.91230037114641,,,,21.75,-1.062,-1.625,22.93,-127.0,-9.562,-6.5,-0.018,-0.006,0.043,0.36,0.19,9.51,0.14,0.08,-0.28,-0.17,0.27,9.8,1.165,0.0,0.0,0.0,0.0,7.0,1017.01,67.28,-16.57
2025-03-24 18:17:50.460000+00:00,39.91230037114641,,,,21.75,-1.062,-1.625,22.93,-127.0,-9.562,-6.5,-0.018,-0.006,0.043,0.36,0.19,9.51,0.14,0.08,-0.28,-0.17,0.27,9.8,1.165,0.0,0.0,0.0,0.0,7.0,1017.01,67.28,-16.57
2025-03-24 18:17:51.595000+00:00,39.91230037114641,,,,21.75,-1.062,-1.625,22.93,-127.0,-9.562,-6.5,-0.018,-0.006,0.043,0.36,0.19,9.51,0.14,0.08,-0.28,-0.17,0.27,9.8,1.165,0.0,0.0,0.0,0.0,7.0,1017.01,67.28,-16.57
2025-03-24 18:17:52.497000+00:00,39.91230037114641,,,,21.75,-1.062,-1.625,22.93,-127.0,-9.562,-6.5,-0.018,-0.006,0.043,0.36,0.19,9.51,0.14,0.08,-0.28,-0.17,0.27,9.8,1.165,0.0,0.0,0.0,0.0,7.0,1017.01,67.28,-16.57
2025-03-24 18:17:53.583000+00:00,39.91230037114641,,,,21.75,-1.062,-1.625,22.93,-127.0,-9.562,-6.5,-0.018,-0.006,0.043,0.36,0.19,9.51,0.14,0.08,-0.28,-0.17,0.27,9.8,1.165,0.0,0.0,0.0,0.0,7.0,1017.01,67.28,-16.57
2025-03-24 18:17:54.594000+00:00,39.91230037114641,,,,21.75,-1.062,-1.625,22.93,-127.0,-9.562,-6.5,-0.018,-0.006,0.043,0.36,0.19,9.51,0.14,0.08,-0.28,-0.17,0.27,9.8,1.165,0.0,0.0,0.0,0.0,7.0,1017.01,67.28,-16.57
2025-03-24 18:17:55.700000+00:00,39.91230037114641,,,,21.75,-1.062,-1.625,22.93,-127.0,-9.562,-6.5,-0.018,-0.006,0.043,0.36,0.19,9.51,0.14,0.08,-0.28,-0.17,0.27,9.8,1.165,0.0,0.0,0.0,0.0,7.0,1017.01,67.28,-16.57
2025-03-24 18:17:56.825000+00:00,39.91230037114641,,,,21.75,-1.062,-1.625,22.93,-127.0,-9.562,-6.5,-0.018,-0.006,0.043,0.36,0.19,9.51,0.14,0.08,-0.28,-0.17,0.27,9.8,1.165,0.0,0.0,0.0,0.0,7.0,1017.01,67.28,-16.57
2025-03-24 18:17:58.125000+00:00,39.91230037114641,,,,21.75,-1.062,-1.625,22.93,-127.0,-9.562,-6.5,-0.018,-0.006,0.043,0.36,0.19,9.51,0.14,0.08,-0.28,-0.17,0.27,9.8,1.165,0.0,0.0,0.0,0.0,7.0,1017.01,67.28,-16.57
2025-03-24 18:17:59.128000+00:00,39.91230037114641,,,,21.75,-1.062,-1.625,22.93,-127.0,-9.562,-6.5,-0.018,-0.006,0.043,0.36,0.19,9.51,0.14,0.08,-0.28,-0.17,0.27,9.8,1.165,0.0,0.0,0.0,0.0,7.0,1017.01,67.28,-16.57
2025-03-24 18:18:00.158000+00:00,39.91230037114641,,,,21.75,-1.062,-1.625,22.93,-127.0,-9.562,-6.5,-0.018,-0.006,0.043,0.36,0.19,9.51,0.14,0.08,-0.28,-0.17,0.27,9.8,1.165,0.0,0.0,0.0,0.0,7.0,1017.01,67.28,-16.57
2025-03-24 18:18:01.545000+00:00,39.91230037114641,,,,21.75,-1.062,-1.625,22.93,-127.0,-9.562,-6.5,-0.018,-0.006,0.043,0.36,0.19,9.51,0.14,0.08,-0.28,-0.17,0.27,9.8,1.165,0.0,0.0,0.0,0.0,7.0,1017.01,67.28,-16.57
2025-03-24 18:18:02.570000+00:00,39.91230037114641,,,,21.75,-1.062,-1.625,22.93,-127.0,-9.562,-6.5,-0.018,-0.006,0.043,0.36,0.19,9.51,0.14,0.08,-0.28,-0.17,0.27,9.8,1.165,0.0,0.0,0.0,0.0,7.0,1017.01,67.28,-16.57
2025-03-24 18:18:03.615000+00:00,39.91230037114641,,,,21.75,-1.062,-1.625,22.93,-127.0,-9.562,-6.5,-0.018,-0.006,0.043,0.36,0.19,9.51,0.14,0.08,-0.28,-0.17,0.27,9.8,1.165,0.0,0.0,0.0,0.0,7.0,1017.01,67.28,-16.57
2025-03-24 18:18:04.639000+00:00,39.91230037114641,,,,21.75,-1.062,-1.625,22.93,-127.0,-9.562,-6.5,-0.018,-0.006,0.043,0.36,0.19,9.51,0.14,0.08,-0.28,-0.17,0.27,9.8,1.165,0.0,0.0,0.0,0.0,7.0,1017.01,67.28,-16.57
2025-03-24 18:18:05.783000+00:00,39.91230037114641,,,,21.75,-1.062,-1.625,22.93,-127.0,-9.562,-6.5,-0.018,-0.006,0.043,0.36,0.19,9.51,0.14,0.08,-0.28,-0.17,0.27,9.8,1.165,0.0,0.0,0.0,0.0,7.0,1017.01,67.28,-16.57
2025-03-24 18:18:06.754000+00:00,39.91230037114641,,,,21.75,-1.062,-1.625,22.93,-127.0,-9.562,-6.5,-0.018,-0.006,0.043,0.36,0.19,9.51,0.14,0.08,-0.28,-0.17,0.27,9.8,1.165,0.0,0.0,0.0,0.0,7.0,1017.01,67.28,-16.57
2025-03-24 18:18:07.644000+00:00,39.91230037114641,,,,21.75,-1.062,-1.625,22.93,-127.0,-9.562,-6.5,-0.018,-0.006,0.043,0.36,0.19,9.51,0.14,0.08,-0.28,-0.17,0.27,9.8,1.165,0.0,0.0,0.0,0.0,7.0,1017.01,67.28,-16.57
2025-03-24 18:18:09.216000+00:00,39.91230037114641,,,,21.75,-1.062,-1.625,22.93,-127.0,-9.562,-6.5,-0.018,-0.006,0.043,0.36,0.19,9.51,0.14,0.08,-0.28,-0.17,0.27,9.8,1.165,0.0,0.0,0.0,0.0,7.0,1017.01,67.28,-16.57
2025-03-24 18:18:10.625000+00:00,39.91230037114641,,,,21.75,-1.062,-1.625,22.93,-127.0,-9.562,-6.5,-0.018,-0.006,0.043,0.36,0.19,9.51,0.14,0.08,-0.28,-0.17,0.27,9.8,1.165,0.0,0.0,0.0,0.0,7.0,1017.01,67.28,-16.57
2025-03-24 18:18:11.646000+00:00,39.91230037114641,,,,21.75,-1.062,-1.625,22.93,-127.0,-9.562,-6.5,-0.018,-0.006,0.043,0.36,0.19,9.51,0.14,0.08,-0.28,-0.17,0.27,9.8,1.165,0.0,0.0,0.0,0.0,7.0,1017.01,67.28,-16.57
2025-03-24 18:18:12.649000+00:00,39.91230037114641,,,,21.75,-1.062,-1.625,22.93,-127.0,-9.562,-6.5,-0.018,-0.006,0.043,0.36,0.19,9.51,0.14,0.08,-0.28,-0.17,0.27,9.8,1.165,0.0,0.0,0.0,0.0,7.0,1017.01,67.28,-16.57
2025-03-24 18:18:13.794000+00:00,39.91230037114641,,,,21.75,-1.062,-1.625,22.93,-127.0,-9.562,-6.5,-0.018,-0.006,0.043,0.36,0.19,9.51,0.14,0.08,-0.28,-0.17,0.27,9.8,1.165,0.0,0.0,0.0,0.0,7.0,1017.01,67.28,-16.57
2025-03-24 18:18:14.943000+00:00,39.91230037114641,,,,21.75,-1.062,-1.625,22.93,-127.0,-9.562,-6.5,-0.018,-0.006,0.043,0.36,0.19,9.51,0.14,0.08,-0.28,-0.17,0.27,9.8,1.165,0.0,0.0,0.0,0.0,7.0,1017.01,67.28,-16.57
2025-03-24 18:18:16.233000+00:00,39.91230037114641,,,,21.75,-1.062,-1.625,22.93,-127.0,-9.562,-6.5,-0.018,-0.006,0.043,0.36,0.19,9.51,0.14,0.08,-0.28,-0.17,0.27,9.8,1.165,0.0,0.0,0.0,0.0,7.0,1017.01,67.28,-16.57
2025-03-24 18:17:17.378000+00:00,39.91230037114641,,,,21.75,-1.062,-1.625,22.93,-127.0,-9.562,-6.5,-0.018,-0.006,0.043,0.36,0.19,9.51,0.14,0.08,-0.28,-0.17,0.27,9.8,1.165,0.0,0.0,0.0,0.0,7.0,1017.01,67.28,-16.57
2025-03-24 18:17:18.332000+00:00,39.91230037114641,,,,21.75,-1.062,-1.625,22.93,-127.0,-9.562,-6.5,-0.018,-0.006,0.043,0.36,0.19,9.51,0.14,0.08,-0.28,-0.17,0.27,9.8,1.165,0.0,0.0,0.0,0.0,7.0,1017.01,67.28,-16.57
2025-03-24 18:17:19.354000+00:00,39.91230037114641,,,,21.75,-1.062,-1.625,22.93,-127.0,-9.562,-6.5,-0.018,-0.006,0.043,0.36,0.19,9.51,0.14,0.08,-0.28,-0.17,0.27,9.8,1.165,0.0,0.0,0.0,0.0,7.0,1017.01,67.28,-16.57
2025-03-24 18:17:20.447000+00:00,39.91230037114641,,,,21.75,-1.062,-1.625,22.93,-127.0,-9.562,-6.5,-0.018,-0.006,0.043,0.36,0.19,9.51,0.14,0.08,-0.28,-0.17,0.27,9.8,1.165,0.0,0.0,0.0,0.0,7.0,1017.01,67.28,-16.57
2025-03-24 18:17:21.526000+00:00,39.91230037114641,,,,21.75,-1.062,-1.625,22.93,-127.0,-9.562,-6.5,-0.018,-0.006,0.043,0.36,0.19,9.51,0.14,0.08,-0.28,-0.17,0.27,9.8,1.165,0.0,0.0,0.0,0.0,7.0,1017.01,67.28,-16.57
2025-03-24 18:17:22.671000+00:00,39.91230037114641,,,,21.75,-1.062,-1.625,22.93,-127.0,-9.562,-6.5,-0.018,-0.006,0.043,0.36,0.19,9.51,0.14,0.08,-0.28,-0.17,0.27,9.8,1.165,0.0,0.0,0.0,0.0,7.0,1017.01,67.28,-16.57
2025-03-24 18:17:23.644000+00:00,39.91230037114641,,,,21.75,-1.062,-1.625,22.93,-127.0,-9.562,-6.5,-0.018,-0.006,0.043,0.36,0.19,9.51,0.14,0.08,-0.28,-0.17,0.27,9.8,1.165,0.0,0.0,0.0,0.0,7.0,1017.01,67.28,-16.57
2025-03-24 18:17:24.661000+00:00,39.91230037114641,,,,21.75,-1.062,-1.625,22.93,-127.0,-9.562,-6.5,-0.018,-0.006,0.043,0.36,0.19,9.51,0.14,0.08,-0.28,-0.17,0.27,9.8,1.165,0.0,0.0,0.0,0.0,7.0,1017.01,67.28,-16.57
2025-03-24 18:17:25.637000+00:00,39.91230037114641,,,,21.75,-1.062,-1.625,22.93,-127.0,-9.562,-6.5,-0.018,-0.006,0.043,0.36,0.19,9.51,0.14,0.08,-0.28,-0.17,0.27,9.8,1.165,0.0,0.0,0.0,0.0,7.0,1017.01,67.28,-16.57
2025-03-24 18:17:26.748000+00:00,39.91230037114641,,,,21.75,-1.062,-1.625,22.93,-127.0,-9.562,-6.5,-0.018,-0.006,0.043,0.36,0.19,9.51,0.14,0.08,-0.28,-0.17,0.27,9.8,1.165,0.0,0.0,0.0,0.0,7.0,1017.01,67.28,-16.57
2025-03-24 18:17:27.823000+00:00,39.91230037114641,,,,21.75,-1.062,-1.625,22.93,-127.0,-9.562,-6.5,-0.018,-0.006,0.043,0.36,0.19,9.51,0.14,0.08,-0.28,-0.17,0.27,9.8,1.165,0.0,0.0,0.0,0.0,7.0,1017.01,67.28,-16.57
2025-03-24 18:17:28.746000+00:00,39.91230037114641,,,,21.75,-1.062,-1.625,22.93,-127.0,-9.562,-6.5,-0.018,-0.006,0.043,0.36,0.19,9.51,0.14,0.08,-0.28,-0.17,0.27,9.8,1.165,0.0,0.0,0.0,0.0,7.0,1017.01,67.28,-16.57
2025-03-24 18:17:29.879000+00:00,39.91230037114641,,,,21.75,-1.062,-1.625,22.93,-127.0,-9.562,-6.5,-0.018,-0.006,0.043,0.36,0.19,9.51,0.14,0.08,-0.28,-0.17,0.27,9.8,1.165,0.0,0.0,0.0,0.0,7.0,1017.01,67.28,-16.57
2025-03-24 18:17:31.489000+00:00,39.91230037114641,,,,21.75,-1.062,-1.625,22.93,-127.0,-9.562,-6.5,-0.018,-0.006,0.043,0.36,0.19,9.51,0.14,0.08,-0.28,-0.17,0.27,9.8,1.165,0.0,0.0,0.0,0.0,7.0,1017.01,67.28,-16.57
2025-03-24 18:17:32.443000+00:00,39.91230037114641,,,,21.75,-1.062,-1.625,22.93,-127.0,-9.562,-6.5,-0.018,-0.006,0.043,0.36,0.19,9.51,0.14,0.08,-0.28,-0.17,0.27,9.8,1.165,0.0,0.0,0.0,0.0,7.0,1017.01,67.28,-16.57
2025-03-24 18:17:33.446000+00:00,39.91230037114641,,,,21.75,-1.062,-1.625,22.93,-127.0,-9.562,-6.5,-0.018,-0.006,0.043,0.36,0.19,9.51,0.14,0.08,-0.28,-0.17,0.27,9.8,1.165,0.0,0.0,0.0,0.0,7.0,1017.01,67.28,-16.57
2025-03-24 18:17:34.427000+00:00,39.91230037114641,,,,21.75,-1.062,-1.625,22.93,-127.0,-9.562,-6.5,-0.018,-0.006,0.043,0.36,0.19,9.51,0.14,0.08,-0.28,-0.17,0.27,9.8,1.165,0.0,0.0,0.0,0.0,7.0,1017.01,67.28,-16.57
2025-03-24 18:17:35.517000+00:00,39.91230037114641,,,,21.75,-1.062,-1.625,22.93,-127.0,-9.562,-6.5,-0.018,-0.006,0.043,0.36,0.19,9.51,0.14,0.08,-0.28,-0.17,0.27,9.8,1.165,0.0,0.0,0.0,0.0,7.0,1017.01,67.28,-16.57
2025-03-24 18:17:36.486000+00:00,39.91230037114641,,,,21.75,-1.062,-1.625,22.93,-127.0,-9.562,-6.5,-0.018,-0.006,0.043,0.36,0.19,9.51,0.14,0.08,-0.28,-0.17,0.27,9.8,1.165,0.0,0.0,0.0,0.0,7.0,1017.01,67.28,-16.57
2025-03-24 18:17:37.495000+00:00,39.91230037114641,,,,21.75,-1.062,-1.625,22.93,-127.0,-9.562,-6.5,-0.018,-0.006,0.043,0.36,0.19,9.51,0.14,0.08,-0.28,-0.17,0.27,9.8,1.165,0.0,0.0,0.0,0.0,7.0,1017.01,67.28,-16.57
2025-03-24 18:17:39.466000+00:00,39.91230037114641,,,,21.75,-1.062,-1.625,22.93,-127.0,-9.562,-6.5,-0.018,-0.006,0.043,0.36,0.19,9.51,0.14,0.08,-0.28,-0.17,0.27,9.8,1.165,0.0,0.0,0.0,0.0,7.0,1017.01,67.28,-16.57
2025-03-24 18:17:40.466000+00:00,39.91230037114641,,,,21.75,-1.062,-1.625,22.93,-127.0,-9.562,-6.5,-0.018,-0.006,0.043,0.36,0.19,9.51,0.14,0.08,-0.28,-0.17,0.27,9.8,1.165,0.0,0.0,0.0,0.0,7.0,1017.01,67.28,-16.57
2025-03-24 18:17:41.586000+00:00,39.91230037114641,,,,21.75,-1.062,-1.625,22.93,-127.0,-9.562,-6.5,-0.018,-0.006,0.043,0.36,0.19,9.51,0.14,0.08,-0.28,-0.17,0.27,9.8,1.165,0.0,0.0,0.0,0.0,7.0,1017.01,67.28,-16.57
2025-03-24 18:17:42.532000+00:00,39.91230037114641,,,,21.75,-1.062,-1.625,22.93,-127.0,-9.562,-6.5,-0.018,-0.006,0.043,0.36,0.19,9.51,0.14,0.08,-0.28,-0.17,0.27,9.8,1.165,0.0,0.0,0.0,0.0,7.0,1017.01,67.28,-16.57
2025-03-24 18:17:43.482000+00:00,39.91230037114641,,,,21.75,-1.062,-1.625,22.93,-127.0,-9.562,-6.5,-0.018,-0.006,0.043,0.36,0.19,9.51,0.14,0.08,-0.28,-0.17,0.27,9.8,1.165,0.0,0.0,0.0,0.0,7.0,1017.01,67.28,-16.57
2025-03-24 18:17:44.530000+00:00,39.91230037114641,,,,21.75,-1.062,-1.625,22.93,-127.0,-9.562,-6.5,-0.018,-0.006,0.043,0.36,0.19,9.51,0.14,0.08,-0.28,-0.17,0.27,9.8,1.165,0.0,0.0,0.0,0.0,7.0,1017.01,67.28,-16.57
2025-03-24 18:17:45.607000+00:00,39.91230037114641,,,,21.75,-1.062,-1.625,22.93,-127.0,-9.562,-6.5,-0.018,-0.006,0.043,0.36,0.19,9.51,0.14,0.08,-0.28,-0.17,0.27,9.8,1.165,0.0,0.0,0.0,0.0,7.0,1017.01,67.28,-16.57
2025-03-24 18:17:46.760000+00:00,39.91230037114641,,,,21.75,-1.062,-1.625,22.93,-127.0,-9.562,-6.5,-0.018,-0.006,0.043,0.36,0.19,9.51,0.14,0.08,-0.28,-0.17,0.27,9.8,1.165,0.0,0.0,0.0,0.0,7.0,1017.01,67.28,-16.57
2025-03-24 18:17:47.906000+00:00,39.91230037114641,,,,21.75,-1.062,-1.625,22.93,-127.0,-9.562,-6.5,-0.018,-0.006,0.043,0.36,0.19,9.51,0.14,0.08,-0.28,-0.17,0.27,9.8,1.165,0.0,0.0,0.0,0.0,7.0,1017.01,67.28,-16.57
2025-03-24 18:17:49.115000+00:00,39.91230037114641,,,,21.75,-1.062,-1.625,22.93,-127.0,-9.562,-6.5,-0.018,-0.006,0.043,0.36,0.19,9.51,0.14,0.08,-0.28,-0.17,0.27,9.8,1.165,0.0,0.0,0.0,0.0,7.0,1017.01,67.28,-16.57
2025-03-24 18:17:50.508000+00:00,39.91230037114641,,,,21.75,-1.062,-1.625,22.93,-127.0,-9.562,-6.5,-0.018,-0.006,0.043,0.36,0.19,9.51,0.14,0.08,-0.28,-0.17,0.27,9.8,1.165,0.0,0.0,0.0,0.0,7.0,1017.01,67.28,-16.57
2025-03-24 18:17:51.649000+00:00,39.91230037114641,,,,21.75,-1.062,-1.625,22.93,-127.0,-9.562,-6.5,-0.018,-0.006,0.043,0.36,0.19,9.51,0.14,0.08,-0.28,-0.17,0.27,9.8,1.165,0.0,0.0,0.0,0.0,7.0,1017.01,67.28,-16.57
2025-03-24 18:17:52.556000+00:00,39.91230037114641,,,,21.75,-1.062,-1.625,22.93,-127.0,-9.562,-6.5,-0.018,-0.006,0.043,0.36,0.19,9.51,0.14,0.08,-0.28,-0.17,0.27,9.8,1.165,0.0,0.0,0.0,0.0,7.0,1017.01,67.28,-16.57
2025-03-24 18:17:53.636000+00:00,39.91230037114641,,,,21.75,-1.062,-1.625,22.93,-127.0,-9.562,-6.5,-0.018,-0.006,0.043,0.36,0.19,9.51,0.14,0.08,-0.28,-0.17,0.27,9.8,1.165,0.0,0.0,0.0,0.0,7.0,1017.01,67.28,-16.57
2025-03-24 18:17:54.655000+00:00,39.91230037114641,,,,21.75,-1.062,-1.625,22.93,-127.0,-9.562,-6.5,-0.018,-0.006,0.043,0.36,0.19,9.51,0.14,0.08,-0.28,-0.17,0.27,9.8,1.165,0.0,0.0,0.0,0.0,7.0,1017.01,67.28,-16.57
2025-03-24 18:17:55.745000+00:00,39.91230037114641,,,,21.75,-1.062,-1.625,22.93,-127.0,-9.562,-6.5,-0.018,-0.006,0.043,0.36,0.19,9.51,0.14,0.08,-0.28,-0.17,0.27,9.8,1.165,0.0,0.0,0.0,0.0,7.0,1017.01,67.28,-16.57
2025-03-24 18:17:56.888000+00:00,39.91230037114641,,,,21.75,-1.062,-1.625,22.93,-127.0,-9.562,-6.5,-0.018,-0.006,0.043,0.36,0.19,9.51,0.14,0.08,-0.28,-0.17,0.27,9.8,1.165,0.0,0.0,0.0,0.0,7.0,1017.01,67.28,-16.57
2025-03-24 18:17:58.175000+00:00,39.91230037114641,,,,21.75,-1.062,-1.625,22.93,-127.0,-9.562,-6.5,-0.018,-0.006,0.043,0.36,0.19,9.51,0.14,0.08,-0.28,-0.17,0.27,9.8,1.165,0.0,0.0,0.0,0.0,7.0,1017.01,67.28,-16.57
2025-03-24 18:17:59.184000+00:00,39.91230037114641,,,,21.75,-1.062,-1.625,22.93,-127.0,-9.562,-6.5,-0.018,-0.006,0.043,0.36,0.19,9.51,0.14,0.08,-0.28,-0.17,0.27,9.8,1.165,0.0,0.0,0.0,0.0,7.0,1017.01,67.28,-16.57
2025-03-24 18:18:00.205000+00:00,39.91230037114641,,,,21.75,-1.062,-1.625,22.93,-127.0,-9.562,-6.5,-0.018,-0.006,0.043,0.36,0.19,9.51,0.14,0.08,-0.28,-0.17,0.27,9.8,1.165,0.0,0.0,0.0,0.0,7.0,1017.01,67.28,-16.57
2025-03-24 18:18:01.595000+00:00,39.91230037114641,,,,21.75,-1.062,-1.625,22.93,-127.0,-9.562,-6.5,-0.018,-0.006,0.043,0.36,0.19,9.51,0.14,0.08,-0.28,-0.17,0.27,9.8,1.165,0.0,0.0,0.0,0.0,7.0,1017.01,67.28,-16.57
2025-03-24 18:18:02.615000+00:00,39.91230037114641,,,,21.75,-1.062,-1.625,22.93,-127.0,-9.562,-6.5,-0.018,-0.006,0.043,0.36,0.19,9.51,0.14,0.08,-0.28,-0.17,0.27,9.8,1.165,0.0,0.0,0.0,0.0,7.0,1017.01,67.28,-16.57
2025-03-24 18:18:03.665000+00:00,39.91230037114641,,,,21.75,-1.062,-1.625,22.93,-127.0,-9.562,-6.5,-0.018,-0.006,0.043,0.36,0.19,9.51,0.14,0.08,-0.28,-0.17,0.27,9.8,1.165,0.0,0.0,0.0,0.0,7.0,1017.01,67.28,-16.57
2025-03-24 18:18:04.685000+00:00,39.91230037114641,,,,21.75,-1.062,-1.625,22.93,-127.0,-9.562,-6.5,-0.018,-0.006,0.043,0.36,0.19,9.51,0.14,0.08,-0.28,-0.17,0.27,9.8,1.165,0.0,0.0,0.0,0.0,7.0,1017.01,67.28,-16.57
2025-03-24 18:18:05.848000+00:00,39.91230037114641,,,,21.75,-1.062,-1.625,22.93,-127.0,-9.562,-6.5,-0.018,-0.006,0.043,0.36,0.19,9.51,0.14,0.08,-0.28,-0.17,0.27,9.8,1.165,0.0,0.0,0.0,0.0,7.0,1017.01,67.28,-16.57
2025-03-24 18:18:06.806000+00:00,39.91230037114641,,,,21.75,-1.062,-1.625,22.93,-127.0,-9.562,-6.5,-0.018,-0.006,0.043,0.36,0.19,9.51,0.14,0.08,-0.28,-0.17,0.27,9.8,1.165,0.0,0.0,0.0,0.0,7.0,1017.01,67.28,-16.57
2025-03-24 18:18:07.694000+00:00,39.91230037114641,,,,21.75,-1.062,-1.625,22.93,-127.0,-9.562,-6.5,-0.018,-0.006,0.043,0.36,0.19,9.51,0.14,0.08,-0.28,-0.17,0.27,9.8,1.165,0.0,0.0,0.0,0.0,7.0,1017.01,67.28,-16.57
2025-03-24 18:18:09.263000+00:00,39.91230037114641,,,,21.75,-1.062,-1.625,22.93,-127.0,-9.562,-6.5,-0.018,-0.006,0.043,0.36,0.19,9.51,0.14,0.08,-0.28,-0.17,0.27,9.8,1.165,0.0,0.0,0.0,0.0,7.0,1017.01,67.28,-16.57
2025-03-24 18:18:10.684000+00:00,39.91230037114641,,,,21.75,-1.062,-1.625,22.93,-127.0,-9.562,-6.5,-0.018,-0.006,0.043,0.36,0.19,9.51,0.14,0.08,-0.28,-0.17,0.27,9.8,1.165,0.0,0.0,0.0,0.0,7.0,1017.01,67.28,-16.57
2025-03-24 18:18:11.695000+00:00,39.91230037114641,,,,21.75,-1.062,-1.625,22.93,-127.0,-9.562,-6.5,-0.018,-0.006,0.043,0.36,0.19,9.51,0.14,0.08,-0.28,-0.17,0.27,9.8,1.165,0.0,0.0,0.0,0.0,7.0,1017.01,67.28,-16.57
2025-03-24 18:18:12.703000+00:00,39.91230037114641,,,,21.75,-1.062,-1.625,22.93,-127.0,-9.562,-6.5,-0.018,-0.006,0.043,0.36,0.19,9.51,0.14,0.08,-0.28,-0.17,0.27,9.8,1.165,0.0,0.0,0.0,0.0,7.0,1017.01,67.28,-16.57
2025-03-24 18:18:13.844000+00:00,39.91230037114641,,,,21.75,-1.062,-1.625,22.93,-127.0,-9.562,-6.5,-0.018,-0.006,0.043,0.36,0.19,9.51,0.14,0.08,-0.28,-0.17,0.27,9.8,1.165,0.0,0.0,0.0,0.0,7.0,1017.01,67.28,-16.57
2025-03-24 18:18:14.997000+00:00,39.91230037114641,,,,21.75,-1.062,-1.625,22.93,-127.0,-9.562,-6.5,-0.018,-0.006,0.043,0.36,0.19,9.51,0.14,0.08,-0.28,-0.17,0.27,9.8,1.165,0.0,0.0,0.0,0.0,7.0,1017.01,67.28,-16.57
2025-03-24 18:18:16.286000+00:00,39.91230037114641,,,,21.75,-1.062,-1.625,22.93,-127.0,-9.562,-6.5,-0.018,-0.006,0.043,0.36,0.19,9.51,0.14,0.08,-0.28,-0.17,0.27,9.8,1.165,0.0,0.0,0.0,0.0,7.0,1017.01,67.28,-16.57
2025-03-24 18:17:16.468000+00:00,39.91230037114641,,,,21.75,-1.062,-1.625,22.93,-127.0,-9.562,-6.5,-0.018,-0.006,0.043,0.36,0.19,9.51,0.14,0.08,-0.28,-0.17,0.27,9.8,1.165,0.0,0.0,0.0,0.0,7.0,1017.01,67.28,-16.57
2025-03-24 18:17:17.538000+00:00,39.91230037114641,,,,21.75,-1.062,-1.625,22.93,-127.0,-9.562,-6.5,-0.018,-0.006,0.043,0.36,0.19,9.51,0.14,0.08,-0.28,-0.17,0.27,9.8,1.165,0.0,0.0,0.0,0.0,7.0,1017.01,67.28,-16.57
2025-03-24 18:17:18.478000+00:00,39.91230037114641,,,,21.75,-1.062,-1.625,22.93,-127.0,-9.562,-6.5,-0.018,-0.006,0.043,0.36,0.19,9.51,0.14,0.08,-0.28,-0.17,0.27,9.8,1.165,0.0,0.0,0.0,0.0,7.0,1017.01,67.28,-16.57
2025-03-24 18:17:19.522000+00:00,39.91230037114641,,,,21.75,-1.062,-1.625,22.93,-127.0,-9.562,-6.5,-0.018,-0.006,0.043,0.36,0.19,9.51,0.14,0.08,-0.28,-0.17,0.27,9.8,1.165,0.0,0.0,0.0,0.0,7.0,1017.01,67.28,-16.57
2025-03-24 18:17:20.608000+00:00,39.91230037114641,,,,21.75,-1.062,-1.625,22.93,-127.0,-9.562,-6.5,-0.018,-0.006,0.043,0.36,0.19,9.51,0.14,0.08,-0.28,-0.17,0.27,9.8,1.165,0.0,0.0,0.0,0.0,7.0,1017.01,67.28,-16.57
2025-03-24 18:17:21.679000+00:00,39.91230037114641,,,,21.75,-1.062,-1.625,22.93,-127.0,-9.562,-6.5,-0.018,-0.006,0.043,0.36,0.19,9.51,0.14,0.08,-0.28,-0.17,0.27,9.8,1.165,0.0,0.0,0.0,0.0,7.0,1017.01,67.28,-16.57
2025-03-24 18:17:22.817000+00:00,39.91230037114641,,,,21.75,-1.062,-1.625,22.93,-127.0,-9.562,-6.5,-0.018,-0.006,0.043,0.36,0.19,9.51,0.14,0.08,-0.28,-0.17,0.27,9.8,1.165,0.0,0.0,0.0,0.0,7.0,1017.01,67.28,-16.57
2025-03-24 18:17:23.812000+00:00,39.91230037114641,,,,21.75,-1.062,-1.625,22.93,-127.0,-9.562,-6.5,-0.018,-0.006,0.043,0.36,0.19,9.51,0.14,0.08,-0.28,-0.17,0.27,9.8,1.165,0.0,0.0,0.0,0.0,7.0,1017.01,67.28,-16.57
2025-03-24 18:17:24.828000+00:00,39.91230037114641,,,,21.75,-1.062,-1.625,22.93,-127.0,-9.562,-6.5,-0.018,-0.006,0.043,0.36,0.19,9.51,0.14,0.08,-0.28,-0.17,0.27,9.8,1.165,0.0,0.0,0.0,0.0,7.0,1017.01,67.28,-16.57
2025-03-24 18:17:25.807000+00:00,39.91230037114641,,,,21.75,-1.062,-1.625,22.93,-127.0,-9.562,-6.5,-0.018,-0.006,0.043,0.36,0.19,9.51,0.14,0.08,-0.28,-0.17,0.27,9.8,1.165,0.0,0.0,0.0,0.0,7.0,1017.01,67.28,-16.57
2025-03-24 18:17:26.897000+00:00,39.91230037114641,,,,21.75,-1.062,-1.625,22.93,-127.0,-9.562,-6.5,-0.018,-0.006,0.043,0.36,0.19,9.51,0.14,0.08,-0.28,-0.17,0.27,9.8,1.165,0.0,0.0,0.0,0.0,7.0,1017.01,67.28,-16.57
2025-03-24 18:17:27.987000+00:00,39.91230037114641,,,,21.75,-1.062,-1.625,22.93,-127.0,-9.562,-6.5,-0.018,-0.006,0.043,0.36,0.19,9.51,0.14,0.08,-0.28,-0.17,0.27,9.8,1.165,0.0,0.0,0.0,0.0,7.0,1017.01,67.28,-16.57
2025-03-24 18:17:28.907000+00:00,39.91230037114641,,,,21.75,-1.062,-1.625,22.93,-127.0,-9.562,-6.5,-0.018,-0.006,0.043,0.36,0.19,9.51,0.14,0.08,-0.28,-0.17,0.27,9.8,1.165,0.0,0.0,0.0,0.0,7.0,1017.01,67.28,-16.57
2025-03-24 18:17:30.037000+00:00,39.91230037114641,,,,21.75,-1.062,-1.625,22.93,-127.0,-9.562,-6.5,-0.018,-0.006,0.043,0.36,0.19,9.51,0.14,0.08,-0.28,-0.17,0.27,9.8,1.165,0.0,0.0,0.0,0.0,7.0,1017.01,67.28,-16.57
2025-03-24 18:17:31.636000+00:00,39.91230037114641,,,,21.75,-1.062,-1.625,22.93,-127.0,-9.562,-6.5,-0.018,-0.006,0.043,0.36,0.19,9.51,0.14,0.08,-0.28,-0.17,0.27,9.8,1.165,0.0,0.0,0.0,0.0,7.0,1017.01,67.28,-16.57
2025-03-24 18:17:32.617000+00:00,39.91230037114641,,,,21.75,-1.062,-1.625,22.93,-127.0,-9.562,-6.5,-0.018,-0.006,0.043,0.36,0.19,9.51,0.14,0.08,-0.28,-0.17,0.27,9.8,1.165,0.0,0.0,0.0,0.0,7.0,1017.01,67.28,-16.57
2025-03-24 18:17:33.626000+00:00,39.91230037114641,,,,21.75,-1.062,-1.625,22.93,-127.0,-9.562,-6.5,-0.018,-0.006,0.043,0.36,0.19,9.51,0.14,0.08,-0.28,-0.17,0.27,9.8,1.165,0.0,0.0,0.0,0.0,7.0,1017.01,67.28,-16.57
2025-03-24 18:17:34.587000+00:00,39.91230037114641,,,,21.75,-1.062,-1.625,22.93,-127.0,-9.562,-6.5,-0.018,-0.006,0.043,0.36,0.19,9.51,0.14,0.08,-0.28,-0.17,0.27,9.8,1.165,0.0,0.0,0.0,0.0,7.0,1017.01,67.28,-16.57
2025-03-24 18:17:35.686000+00:00,39.91230037114641,,,,21.75,-1.062,-1.625,22.93,-127.0,-9.562,-6.5,-0.018,-0.006,0.043,0.36,0.19,9.51,0.14,0.08,-0.28,-0.17,0.27,9.8,1.165,0.0,0.0,0.0,0.0,7.0,1017.01,67.28,-16.57
2025-03-24 18:17:36.656000+00:00,39.91230037114641,,,,21.75,-1.062,-1.625,22.93,-127.0,-9.562,-6.5,-0.018,-0.006,0.043,0.36,0.19,9.51,0.14,0.08,-0.28,-0.17,0.27,9.8,1.165,0.0,0.0,0.0,0.0,7.0,1017.01,67.28,-16.57
2025-03-24 18:17:37.656000+00:00,39.91230037114641,,,,21.75,-1.062,-1.625,22.93,-127.0,-9.562,-6.5,-0.018,-0.006,0.043,0.36,0.19,9.51,0.14,0.08,-0.28,-0.17,0.27,9.8,1.165,0.0,0.0,0.0,0.0,7.0,1017.01,67.28,-16.57
2025-03-24 18:17:39.632000+00:00,39.91230037114641,,,,21.75,-1.062,-1.625,22.93,-127.0,-9.562,-6.5,-0.018,-0.006,0.043,0.36,0.19,9.51,0.14,0.08,-0.28,-0.17,0.27,9.8,1.165,0.0,0.0,0.0,0.0,7.0,1017.01,67.28,-16.57
2025-03-24 18:17:40.632000+00:00,39.91230037114641,,,,21.75,-1.062,-1.625,22.93,-127.0,-9.562,-6.5,-0.018,-0.006,0.043,0.36,0.19,9.51,0.14,0.08,-0.28,-0.17,0.27,9.8,1.165,0.0,0.0,0.0,0.0,7.0,1017.02,67.28,-16.57
2025-03-24 18:17:41.747000+00:00,39.91230037114641,,,,21.75,-1.062,-1.625,22.93,-127.0,-9.562,-6.5,-0.018,-0.006,0.043,0.36,0.19,9.51,0.14,0.08,-0.28,-0.17,0.27,9.8,1.165,0.0,0.0,0.0,0.0,7.0,1017.02,67.28,-16.57
2025-03-24 18:17:42.692000+00:00,39.91230037114641,,,,21.75,-1.062,-1.625,22.93,-127.0,-9.562,-6.5,-0.018,-0.006,0.043,0.36,0.19,9.51,0.14,0.08,-0.28,-0.17,0.27,9.8,1.165,0.0,0.0,0.0,0.0,7.0,1017.02,67.28,-16.57
2025-03-24 18:17:43.645000+00:00,39.91230037114641,,,,21.75,-1.062,-1.625,22.93,-127.0,-9.562,-6.5,-0.018,-0.006,0.043,0.36,0.19,9.51,0.14,0.08,-0.28,-0.17,0.27,9.8,1.165,0.0,0.0,0.0,0.0,7.0,1017.02,67.28,-16.57
2025-03-24 18:17:44.676000+00:00,39.91230037114641,,,,21.75,-1.062,-1.625,22.93,-127.0,-9.562,-6.5,-0.018,-0.006,0.043,0.36,0.19,9.51,0.14,0.08,-0.28,-0.17,0.27,9.8,1.165,0.0,0.0,0.0,0.0,7.0,1017.02,67.28,-16.57
2025-03-24 18:17:45.768000+00:00,39.91230037114641,,,,21.75,-1.062,-1.625,22.93,-127.0,-9.562,-6.5,-0.018,-0.006,0.043,0.36,0.19,9.51,0.14,0.08,-0.28,-0.17,0.27,9.8,1.165,0.0,0.0,0.0,0.0,7.0,1017.02,67.28,-16.57
2025-03-24 18:17:46.905000+00:00,39.91230037114641,,,,21.75,-1.062,-1.625,22.93,-127.0,-9.562,-6.5,-0.018,-0.006,0.043,0.36,0.19,9.51,0.14,0.08,-0.28,-0.17,0.27,9.8,1.165,0.0,0.0,0.0,0.0,7.0,1017.02,67.28,-16.57
2025-03-24 18:17:48.065000+00:00,39.91230037114641,,,,21.75,-1.062,-1.625,22.93,-127.0,-9.562,-6.5,-0.018,-0.006,0.043,0.36,0.19,9.51,0.14,0.08,-0.28,-0.17,0.27,9.8,1.165,0.0,0.0,0.0,0.0,7.0,1017.02,67.28,-16.57
2025-03-24 18:17:49.276000+00:00,39.91230037114641,,,,21.75,-1.062,-1.625,22.93,-127.0,-9.562,-6.5,-0.018,-0.006,0.043,0.36,0.19,9.51,0.14,0.08,-0.28,-0.17,0.27,9.8,1.165,0.0,0.0,0.0,0.0,7.0,1017.02,67.28,-16.57
2025-03-24 18:17:50.655000+00:00,39.91230037114641,,,,21.75,-1.062,-1.625,22.93,-127.0,-9.562,-6.5,-0.018,-0.006,0.043,0.36,0.19,9.51,0.14,0.08,-0.28,-0.17,0.27,9.8,1.165,0.0,0.0,0.0,0.0,7.0,1017.02,67.28,-16.57
2025-03-24 18:17:51.809000+00:00,39.91230037114641,,,,21.75,-1.062,-1.625,22.93,-127.0,-9.562,-6.5,-0.018,-0.006,0.043,0.36,0.19,9.51,0.14,0.08,-0.28,-0.17,0.27,9.8,1.165,0.0,0.0,0.0,0.0,7.0,1017.02,67.28,-16.57
2025-03-24 18:17:52.721000+00:00,39.91230037114641,,,,21.75,-1.062,-1.625,22.93,-127.0,-9.562,-6.5,-0.018,-0.006,0.043,0.36,0.19,9.51,0.14,0.08,-0.28,-0.17,0.27,9.8,1.165,0.0,0.0,0.0,0.0,7.0,1017.02,67.28,-16.57
2025-03-24 18:17:53.799000+00:00,39.91230037114641,,,,21.75,-1.062,-1.625,22.93,-127.0,-9.562,-6.5,-0.018,-0.006,0.043,0.36,0.19,9.51,0.14,0.08,-0.28,-0.17,0.27,9.8,1.165,0.0,0.0,0.0,0.0,7.0,1017.02,67.28,-16.57
2025-03-24 18:17:54.822000+00:00,39.91230037114641,,,,21.75,-1.062,-1.625,22.93,-127.0,-9.562,-6.5,-0.018,-0.006,0.043,0.36,0.19,9.51,0.14,0.08,-0.28,-0.17,0.27,9.8,1.165,0.0,0.0,0.0,0.0,7.0,1017.02,67.28,-16.57
2025-03-24 18:17:55.911000+00:00,39.91230037114641,,,,21.75,-1.062,-1.625,22.93,-127.0,-9.562,-6.5,-0.018,-0.006,0.043,0.36,0.19,9.51,0.14,0.08,-0.28,-0.17,0.27,9.8,1.165,0.0,0.0,0.0,0.0,7.0,1017.02,67.28,-16.57
2025-03-24 18:17:57.035000+00:00,39.91230037114641,,,,21.75,-1.062,-1.625,22.93,-127.0,-9.562,-6.5,-0.018,-0.006,0.043,0.36,0.19,9.51,0.14,0.08,-0.28,-0.17,0.27,9.8,1.165,0.0,0.0,0.0,0.0,7.0,1017.02,67.28,-16.57
2025-03-24 18:17:58.326000+00:00,39.91230037114641,,,,21.75,-1.062,-1.625,22.93,-127.0,-9.562,-6.5,-0.018,-0.006,0.043,0.36,0.19,9.51,0.14,0.08,-0.28,-0.17,0.27,9.8,1.165,0.0,0.0,0.0,0.0,7.0,1017.02,67.28,-16.57
2025-03-24 18:17:59.358000+00:00,39.91230037114641,,,,21.75,-1.062,-1.625,22.93,-127.0,-9.562,-6.5,-0.018,-0.006,0.043,0.36,0.19,9.51,0.14,0.08,-0.28,-0.17,0.27,9.8,1.165,0.0,0.0,0.0,0.0,7.0,1017.02,67.28,-16.57
2025-03-24 18:18:00.365000+00:00,39.91230037114641,,,,21.75,-1.062,-1.625,22.93,-127.0,-9.562,-6.5,-0.018,-0.006,0.043,0.36,0.19,9.51,0.14,0.08,-0.28,-0.17,0.27,9.8,1.165,0.0,0.0,0.0,0.0,7.0,1017.02,67.28,-16.57
2025-03-24 18:18:01.761000+00:00,39.91230037114641,,,,21.75,-1.062,-1.625,22.93,-127.0,-9.562,-6.5,-0.018,-0.006,0.043,0.36,0.19,9.51,0.14,0.08,-0.28,-0.17,0.27,9.8,1.165,0.0,0.0,0.0,0.0,7.0,1017.02,67.28,-16.57
2025-03-24 18:18:02.781000+00:00,39.91230037114641,,,,21.75,-1.062,-1.625,22.93,-127.0,-9.562,-6.5,-0.018,-0.006,0.043,0.36,0.19,9.51,0.14,0.08,-0.28,-0.17,0.27,9.8,1.165,0.0,0.0,0.0,0.0,7.0,1017.02,67.28,-16.57
2025-03-24 18:18:03.821000+00:00,39.91230037114641,,,,21.75,-1.062,-1.625,22.93,-127.0,-9.562,-6.5,-0.018,-0.006,0.043,0.36,0.19,9.51,0.14,0.08,-0.28,-0.17,0.27,9.8,1.165,0.0,0.0,0.0,0.0,7.0,1017.02,67.28,-16.57
2025-03-24 18:18:04.848000+00:00,39.91230037114641,,,,21.75,-1.062,-1.625,22.93,-127.0,-9.562,-6.5,-0.018,-0.006,0.043,0.36,0.19,9.51,0.14,0.08,-0.28,-0.17,0.27,9.8,1.165,0.0,0.0,0.0,0.0,7.0,1017.02,67.28,-16.57
2025-03-24 18:18:06.015000+00:00,39.91230037114641,,,,21.75,-1.062,-1.625,22.93,-127.0,-9.562,-6.5,-0.018,-0.006,0.043,0.36,0.19,9.51,0.14,0.08,-0.28,-0.17,0.27,9.8,1.165,0.0,0.0,0.0,0.0,7.0,1017.02,67.28,-16.57
2025-03-24 18:18:06.965000+00:00,39.91230037114641,,,,21.75,-1.062,-1.625,22.93,-127.0,-9.562,-6.5,-0.018,-0.006,0.043,0.36,0.19,9.51,0.14,0.08,-0.28,-0.17,0.27,9.8,1.165,0.0,0.0,0.0,0.0,7.0,1017.02,67.28,-16.57
2025-03-24 18:18:07.872000+00:00,39.91230037114641,,,,21.75,-1.062,-1.625,22.93,-127.0,-9.562,-6.5,-0.018,-0.006,0.043,0.36,0.19,9.51,0.14,0.08,-0.28,-0.17,0.27,9.8,1.165,0.0,0.0,0.0,0.0,7.0,1017.02,67.28,-16.57
2025-03-24 18:18:09.414000+00:00,39.91230037114641,,,,21.75,-1.062,-1.625,22.93,-127.0,-9.562,-6.5,-0.018,-0.006,0.043,0.36,0.19,9.51,0.14,0.08,-0.28,-0.17,0.27,9.8,1.165,0.0,0.0,0.0,0.0,7.0,1017.02,67.28,-16.57
2025-03-24 18:18:10.855000+00:00,39.91230037114641,,,,21.75,-1.062,-1.625,22.93,-127.0,-9.562,-6.5,-0.018,-0.006,0.043,0.36,0.19,9.51,0.14,0.08,-0.28,-0.17,0.27,9.8,1.165,0.0,0.0,0.0,0.0,7.0,1017.0,67.28,-16.57
2025-03-24 18:18:11.848000+00:00,39.91230037114641,,,,21.75,-1.062,-1.625,22.93,-127.0,-9.562,-6.5,-0.018,-0.006,0.043,0.36,0.19,9.51,0.14,0.08,-0.28,-0.17,0.27,9.8,1.165,0.0,0.0,0.0,0.0,7.0,1017.0,67.28,-16.57
2025-03-24 18:18:12.853000+00:00,39.91230037114641,,,,21.75,-1.062,-1.625,22.93,-127.0,-9.562,-6.5,-0.018,-0.006,0.043,0.36,0.19,9.51,0.14,0.08,-0.28,-0.17,0.27,9.8,1.165,0.0,0.0,0.0,0.0,7.0,1017.0,67.28,-16.57
2025-03-24 18:18:14.004000+00:00,39.91230037114641,,,,21.75,-1.062,-1.625,22.93,-127.0,-9.562,-6.5,-0.018,-0.006,0.043,0.36,0.19,9.51,0.14,0.08,-0.28,-0.17,0.27,9.8,1.165,0.0,0.0,0.0,0.0,7.0,1017.0,67.28,-16.57
2025-03-24 18:18:15.154000+00:00,39.91230037114641,,,,21.75,-1.062,-1.625,22.93,-127.0,-9.562,-6.5,-0.018,-0.006,0.043,0.36,0.19,9.51,0.14,0.08,-0.28,-0.17,0.27,9.8,1.165,0.0,0.0,0.0,0.0,7.0,1017.0,67.28,-16.57
2025-03-24 18:17:17.484000+00:00,39.91230037114641,,,,21.75,-1.062,-1.625,22.93,-127.0,-9.562,-6.5,-0.018,-0.006,0.043,0.36,0.19,9.51,0.14,0.08,-0.28,-0.17,0.27,9.8,1.165,0.0,0.0,0.0,0.0,7.0,1017.0,67.28,-16.57
2025-03-24 18:17:18.427000+00:00,39.91230037114641,,,,21.75,-1.062,-1.625,22.93,-127.0,-9.562,-6.5,-0.018,-0.006,0.043,0.36,0.19,9.51,0.14,0.08,-0.28,-0.17,0.27,9.8,1.165,0.0,0.0,0.0,0.0,7.0,1017.0,67.28,-16.57
2025-03-24 18:17:19.472000+00:00,39.91230037114641,,,,21.75,-1.062,-1.625,22.93,-127.0,-9.562,-6.5,-0.018,-0.006,0.043,0.36,0.19,9.51,0.14,0.08,-0.28,-0.17,0.27,9.8,1.165,0.0,0.0,0.0,0.0,7.0,1017.0,67.28,-16.57
2025-03-24 18:17:20.554000+00:00,39.91230037114641,,,,21.75,-1.062,-1.625,22.93,-127.0,-9.562,-6.5,-0.018,-0.006,0.043,0.36,0.19,9.51,0.14,0.08,-0.28,-0.17,0.27,9.8,1.165,0.0,0.0,0.0,0.0,7.0,1017.0,67.28,-16.57
2025-03-24 18:17:21.627000+00:00,39.91230037114641,,,,21.75,-1.062,-1.625,22.93,-127.0,-9.562,-6.5,-0.018,-0.006,0.043,0.36,0.19,9.51,0.14,0.08,-0.28,-0.17,0.27,9.8,1.165,0.0,0.0,0.0,0.0,7.0,1017.0,67.28,-16.57
2025-03-24 18:17:22.773000+00:00,39.91230037114641,,,,21.75,-1.062,-1.625,22.93,-127.0,-9.562,-6.5,-0.018,-0.006,0.043,0.36,0.19,9.51,0.14,0.08,-0.28,-0.17,0.27,9.8,1.165,0.0,0.0,0.0,0.0,7.0,1017.0,67.28,-16.57
2025-03-24 18:17:23.761000+00:00,39.91230037114641,,,,21.75,-1.062,-1.625,22.93,-127.0,-9.562,-6.5,-0.018,-0.006,0.043,0.36,0.19,9.51,0.14,0.08,-0.28,-0.17,0.27,9.8,1.165,0.0,0.0,0.0,0.0,7.0,1017.0,67.28,-16.57
2025-03-24 18:17:24.773000+00:00,39.91230037114641,,,,21.75,-1.062,-1.625,22.93,-127.0,-9.562,-6.5,-0.018,-0.006,0.043,0.36,0.19,9.51,0.14,0.08,-0.28,-0.17,0.27,9.8,1.165,0.0,0.0,0.0,0.0,7.0,1017.0,67.28,-16.57
2025-03-24 18:17:25.753000+00:00,39.91230037114641,,,,21.75,-1.062,-1.625,22.93,-127.0,-9.562,-6.5,-0.018,-0.006,0.043,0.36,0.19,9.51,0.14,0.08,-0.28,-0.17,0.27,9.8,1.165,0.0,0.0,0.0,0.0,7.0,1017.0,67.28,-16.57
2025-03-24 18:17:26.846000+00:00,39.91230037114641,,,,21.75,-1.062,-1.625,22.93,-127.0,-9.562,-6.5,-0.018,-0.006,0.043,0.36,0.19,9.51,0.14,0.08,-0.28,-0.17,0.27,9.8,1.165,0.0,0.0,0.0,0.0,7.0,1017.0,67.28,-16.57
2025-03-24 18:17:27.937000+00:00,39.91230037114641,,,,21.75,-1.062,-1.625,22.93,-127.0,-9.562,-6.5,-0.018,-0.006,0.043,0.36,0.19,9.51,0.14,0.08,-0.28,-0.17,0.27,9.8,1.165,0.0,0.0,0.0,0.0,7.0,1017.0,67.28,-16.57
2025-03-24 18:17:28.852000+00:00,39.91230037114641,,,,21.75,-1.062,-1.625,22.93,-127.0,-9.562,-6.5,-0.018,-0.006,0.043,0.36,0.19,9.51,0.14,0.08,-0.28,-0.17,0.27,9.8,1.165,0.0,0.0,0.0,0.0,7.0,1017.0,67.28,-16.57
2025-03-24 18:17:29.987000+00:00,39.91230037114641,,,,21.75,-1.062,-1.625,22.93,-127.0,-9.562,-6.5,-0.018,-0.006,0.043,0.36,0.19,9.51,0.14,0.08,-0.28,-0.17,0.27,9.8,1.165,0.0,0.0,0.0,0.0,7.0,1017.0,67.28,-16.57
2025-03-24 18:17:31.586000+00:00,39.91230037114641,,,,21.75,-1.062,-1.625,22.93,-127.0,-9.562,-6.5,-0.018,-0.006,0.043,0.36,0.19,9.51,0.14,0.08,-0.28,-0.17,0.27,9.8,1.165,0.0,0.0,0.0,0.0,7.0,1017.0,67.28,-16.57
2025-03-24 18:17:32.562000+00:00,39.91230037114641,,,,21.75,-1.062,-1.625,22.93,-127.0,-9.562,-6.5,-0.018,-0.006,0.043,0.36,0.19,9.51,0.14,0.08,-0.28,-0.17,0.27,9.8,1.165,0.0,0.0,0.0,0.0,7.0,1017.0,67.28,-16.57
2025-03-24 18:17:33.563000+00:00,39.91230037114641,,,,21.75,-1.062,-1.625,22.93,-127.0,-9.562,-6.5,-0.018,-0.006,0.043,0.36,0.19,9.51,0.14,0.08,-0.28,-0.17,0.27,9.8,1.165,0.0,0.0,0.0,0.0,7.0,1017.0,67.28,-16.57
2025-03-24 18:17:34.541000+00:00,39.91230037114641,,,,21.75,-1.062,-1.625,22.93,-127.0,-9.562,-6.5,-0.018,-0.006,0.043,0.36,0.19,9.51,0.14,0.08,-0.28,-0.17,0.27,9.8,1.165,0.0,0.0,0.0,0.0,7.0,1017.0,67.28,-16.57
2025-03-24 18:17:35.632000+00:00,39.91230037114641,,,,21.75,-1.062,-1.625,22.93,-127.0,-9.562,-6.5,-0.018,-0.006,0.043,0.36,0.19,9.51,0.14,0.08,-0.28,-0.17,0.27,9.8,1.165,0.0,0.0,0.0,0.0,7.0,1017.0,67.28,-16.57
2025-03-24 18:17:36.597000+00:00,39.91230037114641,,,,21.75,-1.062,-1.625,22.93,-127.0,-9.562,-6.5,-0.018,-0.006,0.043,0.36,0.19,9.51,0.14,0.08,-0.28,-0.17,0.27,9.8,1.165,0.0,0.0,0.0,0.0,7.0,1017.0,67.28,-16.57
2025-03-24 18:17:37.609000+00:00,39.91230037114641,,,,21.75,-1.062,-1.625,22.93,-127.0,-9.562,-6.5,-0.018,-0.006,0.043,0.36,0.19,9.51,0.14,0.08,-0.28,-0.17,0.27,9.8,1.165,0.0,0.0,0.0,0.0,7.0,1017.0,67.28,-16.57
2025-03-24 18:17:39.576000+00:00,39.91230037114641,,,,21.75,-1.062,-1.625,22.93,-127.0,-9.562,-6.5,-0.018,-0.006,0.043,0.36,0.19,9.51,0.14,0.08,-0.28,-0.17,0.27,9.8,1.165,0.0,0.0,0.0,0.0,7.0,1017.0,67.28,-16.57
2025-03-24 18:17:40.576000+00:00,39.91230037114641,,,,21.75,-1.062,-1.625,22.93,-127.0,-9.562,-6.5,-0.018,-0.006,0.043,0.36,0.19,9.51,0.14,0.08,-0.28,-0.17,0.27,9.8,1.165,0.0,0.0,0.0,0.0,7.0,1017.0,67.28,-16.57
2025-03-24 18:17:41.692000+00:00,39.91230037114641,,,,21.75,-1.062,-1.625,22.93,-127.0,-9.562,-6.5,-0.018,-0.006,0.043,0.36,0.19,9.51,0.14,0.08,-0.28,-0.17,0.27,9.8,1.165,0.0,0.0,0.0,0.0,7.0,1017.0,67.28,-16.57
2025-03-24 18:17:42.632000+00:00,39.91230037114641,,,,21.75,-1.062,-1.625,22.93,-127.0,-9.562,-6.5,-0.018,-0.006,0.043,0.36,0.19,9.51,0.14,0.08,-0.28,-0.17,0.27,9.8,1.165,0.0,0.0,0.0,0.0,7.0,1017.0,67.28,-16.57
2025-03-24 18:17:43.592000+00:00,39.91230037114641,,,,21.75,-1.062,-1.625,22.93,-127.0,-9.562,-6.5,-0.018,-0.006,0.043,0.36,0.19,9.51,0.14,0.08,-0.28,-0.17,0.27,9.8,1.165,0.0,0.0,0.0,0.0,7.0,1017.0,67.28,-16.57
2025-03-24 18:17:44.626000+00:00,39.91230037114641,,,,21.75,-1.062,-1.625,22.93,-127.0,-9.562,-6.5,-0.018,-0.006,0.043,0.36,0.19,9.51,0.14,0.08,-0.28,-0.17,0.27,9.8,1.165,0.0,0.0,0.0,0.0,7.0,1017.0,67.28,-16.57
2025-03-24 18:17:45.712000+00:00,39.91230037114641,,,,21.75,-1.062,-1.625,22.93,-127.0,-9.562,-6.5,-0.018,-0.006,0.043,0.36,0.19,9.51,0.14,0.08,-0.28,-0.17,0.27,9.8,1.165,0.0,0.0,0.0,0.0,7.0,1017.0,67.28,-16.57
2025-03-24 18:17:46.855000+00:00,39.91230037114641,,,,21.75,-1.062,-1.625,22.93,-127.0,-9.562,-6.5,-0.018,-0.006,0.043,0.36,0.19,9.51,0.14,0.08,-0.28,-0.17,0.27,9.8,1.165,0.0,0.0,0.0,0.0,7.0,1017.0,67.28,-16.57
2025-03-24 18:17:48.015000+00:00,39.91230037114641,,,,21.75,-1.062,-1.625,22.93,-127.0,-9.562,-6.5,-0.018,-0.006,0.043,0.36,0.19,9.51,0.14,0.08,-0.28,-0.17,0.27,9.8,1.165,0.0,0.0,0.0,0.0,7.0,1017.0,67.28,-16.57
2025-03-24 18:17:49.222000+00:00,39.91230037114641,,,,21.75,-1.062,-1.625,22.93,-127.0,-9.562,-6.5,-0.018,-0.006,0.043,0.36,0.19,9.51,0.14,0.08,-0.28,-0.17,0.27,9.8,1.165,0.0,0.0,0.0,0.0,7.0,1017.0,67.28,-16.57
2025-03-24 18:17:50.605000+00:00,39.91230037114641,,,,21.75,-1.062,-1.625,22.93,-127.0,-9.562,-6.5,-0.018,-0.006,0.043,0.36,0.19,9.51,0.14,0.08,-0.28,-0.17,0.27,9.8,1.165,0.0,0.0,0.0,0.0,7.0,1017.0,67.28,-16.57
2025-03-24 18:17:51.751000+00:00,39.91230037114641,,,,21.75,-1.062,-1.625,22.93,-127.0,-9.562,-6.5,-0.018,-0.006,0.043,0.36,0.19,9.51,0.14,0.08,-0.28,-0.17,0.27,9.8,1.165,0.0,0.0,0.0,0.0,7.0,1017.0,67.28,-16.57
2025-03-24 18:17:52.664000+00:00,39.91230037114641,,,,21.75,-1.062,-1.625,22.93,-127.0,-9.562,-6.5,-0.018,-0.006,0.043,0.36,0.19,9.51,0.14,0.08,-0.28,-0.17,0.27,9.8,1.165,0.0,0.0,0.0,0.0,7.0,1017.0,67.28,-16.57
2025-03-24 18:17:53.741000+00:00,39.91230037114641,,,,21.75,-1.062,-1.625,22.93,-127.0,-9.562,-6.5,-0.018,-0.006,0.043,0.36,0.19,9.51,0.14,0.08,-0.28,-0.17,0.27,9.8,1.165,0.0,0.0,0.0,0.0,7.0,1017.0,67.28,-16.57
2025-03-24 18:17:54.768000+00:00,39.91230037114641,,,,21.75,-1.062,-1.625,22.93,-127.0,-9.562,-6.5,-0.018,-0.006,0.043,0.36,0.19,9.51,0.14,0.08,-0.28,-0.17,0.27,9.8,1.165,0.0,0.0,0.0,0.0,7.0,1017.0,67.28,-16.57
2025-03-24 18:17:55.851000+00:00,39.91230037114641,,,,21.75,-1.062,-1.625,22.93,-127.0,-9.562,-6.5,-0.018,-0.006,0.043,0.36,0.19,9.51,0.14,0.08,-0.28,-0.17,0.27,9.8,1.165,0.0,0.0,0.0,0.0,7.0,1017.0,67.28,-16.57
2025-03-24 18:17:56.986000+00:00,39.91230037114641,,,,21.75,-1.062,-1.625,22.93,-127.0,-9.562,-6.5,-0.018,-0.006,0.043,0.36,0.19,9.51,0.14,0.08,-0.28,-0.17,0.27,9.8,1.165,0.0,0.0,0.0,0.0,7.0,1017.0,67.28,-16.57
2025-03-24 18:17:58.275000+00:00,39.91230037114641,,,,21.75,-1.062,-1.625,22.93,-127.0,-9.562,-6.5,-0.018,-0.006,0.043,0.36,0.19,9.51,0.14,0.08,-0.28,-0.17,0.27,9.8,1.165,0.0,0.0,0.0,0.0,7.0,1017.0,67.28,-16.57
2025-03-24 18:17:59.295000+00:00,39.91230037114641,,,,21.75,-1.062,-1.625,22.93,-127.0,-9.562,-6.5,-0.018,-0.006,0.043,0.36,0.19,9.51,0.14,0.08,-0.28,-0.17,0.27,9.8,1.165,0.0,0.0,0.0,0.0,7.0,1017.0,67.28,-16.57
2025-03-24 18:18:00.305000+00:00,39.91230037114641,,,,21.75,-1.062,-1.625,22.93,-127.0,-9.562,-6.5,-0.018,-0.006,0.043,0.36,0.19,9.51,0.14,0.08,-0.28,-0.17,0.27,9.8,1.165,0.0,0.0,0.0,0.0,7.0,1017.0,67.28,-16.57
2025-03-24 18:18:01.701000+00:00,39.91230037114641,,,,21.75,-1.062,-1.625,22.93,-127.0,-9.562,-6.5,-0.018,-0.006,0.043,0.36,0.19,9.51,0.14,0.08,-0.28,-0.17,0.27,9.8,1.165,0.0,0.0,0.0,0.0,7.0,1017.0,67.28,-16.57
2025-03-24 18:18:02.725000+00:00,39.91230037114641,,,,21.75,-1.062,-1.625,22.93,-127.0,-9.562,-6.5,-0.018,-0.006,0.043,0.36,0.19,9.51,0.14,0.08,-0.28,-0.17,0.27,9.8,1.165,0.0,0.0,0.0,0.0,7.0,1017.0,67.28,-16.57
2025-03-24 18:18:03.770000+00:00,39.91230037114641,,,,21.75,-1.062,-1.625,22.93,-127.0,-9.562,-6.5,-0.018,-0.006,0.043,0.36,0.19,9.51,0.14,0.08,-0.28,-0.17,0.27,9.8,1.165,0.0,0.0,0.0,0.0,7.0,1017.0,67.28,-16.57
2025-03-24 18:18:04.798000+00:00,39.91230037114641,,,,21.75,-1.062,-1.625,22.93,-127.0,-9.562,-6.5,-0.018,-0.006,0.043,0.36,0.19,9.51,0.14,0.08,-0.28,-0.17,0.27,9.8,1.165,0.0,0.0,0.0,0.0,7.0,1017.0,67.28,-16.57
2025-03-24 18:18:05.961000+00:00,39.91230037114641,,,,21.75,-1.062,-1.625,22.93,-127.0,-9.562,-6.5,-0.018,-0.006,0.043,0.36,0.19,9.51,0.14,0.08,-0.28,-0.17,0.27,9.8,1.165,0.0,0.0,0.0,0.0,7.0,1017.0,67.28,-16.57
2025-03-24 18:18:06.914000+00:00,39.91230037114641,,,,21.75,-1.062,-1.625,22.93,-127.0,-9.562,-6.5,-0.018,-0.006,0.043,0.36,0.19,9.51,0.14,0.08,-0.28,-0.17,0.27,9.8,1.165,0.0,0.0,0.0,0.0,7.0,1017.0,67.28,-16.57
2025-03-24 18:18:07.811000+00:00,39.91230037114641,,,,21.75,-1.062,-1.625,22.93,-127.0,-9.562,-6.5,-0.018,-0.006,0.043,0.36,0.19,9.51,0.14,0.08,-0.28,-0.17,0.27,9.8,1.165,0.0,0.0,0.0,0.0,7.0,1017.0,67.28,-16.57
2025-03-24 18:18:09.369000+00:00,39.91230037114641,,,,21.75,-1.062,-1.625,22.93,-127.0,-9.562,-6.5,-0.018,-0.006,0.043,0.36,0.19,9.51,0.14,0.08,-0.28,-0.17,0.27,9.8,1.165,0.0,0.0,0.0,0.0,7.0,1017.0,67.28,-16.57
2025-03-24 18:18:10.794000+00:00,39.91230037114641,,,,21.75,-1.062,-1.625,22.93,-127.0,-9.562,-6.5,-0.018,-0.006,0.043,0.36,0.19,9.51,0.14,0.08,-0.28,-0.17,0.27,9.8,1.165,0.0,0.0,0.0,0.0,7.0,1017.0,67.29,-16.57
2025-03-24 18:18:11.794000+00:00,39.91230037114641,,,,21.75,-1.062,-1.625,22.93,-127.0,-9.562,-6.5,-0.018,-0.006,0.043,0.36,0.19,9.51,0.14,0.08,-0.28,-0.17,0.27,9.8,1.165,0.0,0.0,0.0,0.0,7.0,1017.0,67.29,-16.57
2025-03-24 18:18:12.804000+00:00,39.91230037114641,,,,21.75,-1.062,-1.625,22.93,-127.0,-9.562,-6.5,-0.018,-0.006,0.043,0.36,0.19,9.51,0.14,0.08,-0.28,-0.17,0.27,9.8,1.165,0.0,0.0,0.0,0.0,7.0,1017.0,67.29,-16.57
2025-03-24 18:18:13.954000+00:00,39.91230037114641,,,,21.75,-1.062,-1.625,22.93,-127.0,-9.562,-6.5,-0.018,-0.006,0.043,0.36,0.19,9.51,0.14,0.08,-0.28,-0.17,0.27,9.8,1.165,0.0,0.0,0.0,0.0,7.0,1017.0,67.29,-16.57
2025-03-24 18:18:15.094000+00:00,39.91230037114641,,,,21.75,-1.062,-1.625,22.93,-127.0,-9.562,-6.5,-0.018,-0.006,0.043,0.36,0.19,9.51,0.14,0.08,-0.28,-0.17,0.27,9.8,1.165,0.0,0.0,0.0,0.0,7.0,1017.0,67.29,-16.57
2025-03-24 18:18:16.389000+00:00,39.91230037114641,,,,21.75,-1.062,-1.625,22.93,-127.0,-9.562,-6.5,-0.018,-0.006,0.043,0.36,0.19,9.51,0.14,0.08,-0.28,-0.17,0.27,9.8,1.165,0.0,0.0,0.0,0.0,7.0,1017.0,67.29,-16.57
2025-03-24 18:17:17.595000+00:00,39.91230037114641,,,,21.75,-1.062,-1.625,22.93,-127.0,-9.562,-6.5,-0.018,-0.006,0.043,0.36,0.19,9.51,0.14,0.08,-0.28,-0.17,0.27,9.8,1.165,0.0,0.0,0.0,0.0,7.0,1017.0,67.29,-16.57
2025-03-24 18:17:18.527000+00:00,39.91230037114641,,,,21.75,-1.062,-1.625,22.93,-127.0,-9.562,-6.5,-0.018,-0.006,0.043,0.36,0.19,9.51,0.14,0.08,-0.28,-0.17,0.27,9.8,1.165,0.0,0.0,0.0,0.0,7.0,1017.0,67.29,-16.57
2025-03-24 18:17:19.572000+00:00,39.91230037114641,,,,21.75,-1.062,-1.625,22.93,-127.0,-9.562,-6.5,-0.018,-0.006,0.043,0.36,0.19,9.51,0.14,0.08,-0.28,-0.17,0.27,9.8,1.165,0.0,0.0,0.0,0.0,7.0,1017.0,67.29,-16.57
2025-03-24 18:17:20.674000+00:00,39.91230037114641,,,,21.75,-1.062,-1.625,22.93,-127.0,-9.562,-6.5,-0.018,-0.006,0.043,0.36,0.19,9.51,0.14,0.08,-0.28,-0.17,0.27,9.8,1.165,0.0,0.0,0.0,0.0,7.0,1017.0,67.29,-16.57
2025-03-24 18:17:21.731000+00:00,39.91230037114641,,,,21.75,-1.062,-1.625,22.93,-127.0,-9.562,-6.5,-0.018,-0.006,0.043,0.36,0.19,9.51,0.14,0.08,-0.28,-0.17,0.27,9.8,1.165,0.0,0.0,0.0,0.0,7.0,1017.0,67.29,-16.57
2025-03-24 18:17:22.867000+00:00,39.91230037114641,,,,21.75,-1.062,-1.625,22.93,-127.0,-9.562,-6.5,-0.018,-0.006,0.043,0.36,0.19,9.51,0.14,0.08,-0.28,-0.17,0.27,9.8,1.165,0.0,0.0,0.0,0.0,7.0,1017.0,67.29,-16.57
2025-03-24 18:17:23.864000+00:00,39.91230037114641,,,,21.75,-1.062,-1.625,22.93,-127.0,-9.562,-6.5,-0.018,-0.006,0.043,0.36,0.19,9.51,0.14,0.08,-0.28,-0.17,0.27,9.8,1.165,0.0,0.0,0.0,0.0,7.0,1017.0,67.29,-16.57
2025-03-24 18:17:24.887000+00:00,39.91230037114641,,,,21.75,-1.062,-1.625,22.93,-127.0,-9.562,-6.5,-0.018,-0.006,0.043,0.36,0.19,9.51,0.14,0.08,-0.28,-0.17,0.27,9.8,1.165,0.0,0.0,0.0,0.0,7.0,1017.0,67.29,-16.57
2025-03-24 18:17:25.857000+00:00,39.91230037114641,,,,21.75,-1.062,-1.625,22.93,-127.0,-9.562,-6.5,-0.018,-0.006,0.043,0.36,0.19,9.51,0.14,0.08,-0.28,-0.17,0.27,9.8,1.165,0.0,0.0,0.0,0.0,7.0,1017.0,67.29,-16.57
2025-03-24 18:17:26.948000+00:00,39.91230037114641,,,,21.75,-1.062,-1.625,22.93,-127.0,-9.562,-6.5,-0.018,-0.006,0.043,0.36,0.19,9.51,0.14,0.08,-0.28,-0.17,0.27,9.8,1.165,0.0,0.0,0.0,0.0,7.0,1017.0,67.29,-16.57
2025-03-24 18:17:28.037000+00:00,39.91230037114641,,,,21.75,-1.062,-1.625,22.93,-127.0,-9.562,-6.5,-0.018,-0.006,0.043,0.36,0.19,9.51,0.14,0.08,-0.28,-0.17,0.27,9.8,1.165,0.0,0.0,0.0,0.0,7.0,1017.0,67.29,-16.57
2025-03-24 18:17:28.966000+00:00,39.91230037114641,,,,21.75,-1.062,-1.625,22.93,-127.0,-9.562,-6.5,-0.018,-0.006,0.043,0.36,0.19,9.51,0.14,0.08,-0.28,-0.17,0.27,9.8,1.165,0.0,0.0,0.0,0.0,7.0,1017.0,67.29,-16.57
2025-03-24 18:17:30.093000+00:00,39.91230037114641,,,,21.75,-1.062,-1.625,22.93,-127.0,-9.562,-6.5,-0.018,-0.006,0.043,0.36,0.19,9.51,0.14,0.08,-0.28,-0.17,0.27,9.8,1.165,0.0,0.0,0.0,0.0,7.0,1017.0,67.29,-16.57
2025-03-24 18:17:31.693000+00:00,39.91230037114641,,,,21.75,-1.062,-1.625,22.93,-127.0,-9.562,-6.5,-0.018,-0.006,0.043,0.36,0.19,9.51,0.14,0.08,-0.28,-0.17,0.27,9.8,1.165,0.0,0.0,0.0,0.0,7.0,1017.0,67.29,-16.57
2025-03-24 18:17:32.667000+00:00,39.91230037114641,,,,21.75,-1.062,-1.625,22.93,-127.0,-9.562,-6.5,-0.018,-0.006,0.043,0.36,0.19,9.51,0.14,0.08,-0.28,-0.17,0.27,9.8,1.165,0.0,0.0,0.0,0.0,7.0,1017.0,67.29,-16.57
2025-03-24 18:17:33.689000+00:00,39.91230037114641,,,,21.75,-1.062,-1.625,22.93,-127.0,-9.562,-6.5,-0.018,-0.006,0.043,0.36,0.19,9.51,0.14,0.08,-0.28,-0.17,0.27,9.8,1.165,0.0,0.0,0.0,0.0,7.0,1017.0,67.29,-16.57
2025-03-24 18:17:34.635000+00:00,39.91230037114641,,,,21.75,-1.062,-1.625,22.93,-127.0,-9.562,-6.5,-0.018,-0.006,0.043,0.36,0.19,9.51,0.14,0.08,-0.28,-0.17,0.27,9.8,1.165,0.0,0.0,0.0,0.0,7.0,1017.0,67.29,-16.57
2025-03-24 18:17:35.736000+00:00,39.91230037114641,,,,21.75,-1.062,-1.625,22.93,-127.0,-9.562,-6.5,-0.018,-0.006,0.043,0.36,0.19,9.51,0.14,0.08,-0.28,-0.17,0.27,9.8,1.165,0.0,0.0,0.0,0.0,7.0,1017.0,67.29,-16.57
2025-03-24 18:17:36.705000+00:00,39.91230037114641,,,,21.75,-1.062,-1.625,22.93,-127.0,-9.562,-6.5,-0.018,-0.006,0.043,0.36,0.19,9.51,0.14,0.08,-0.28,-0.17,0.27,9.8,1.165,0.0,0.0,0.0,0.0,7.0,1017.0,67.29,-16.57
2025-03-24 18:17:37.707000+00:00,39.91230037114641,,,,21.75,-1.062,-1.625,22.93,-127.0,-9.562,-6.5,-0.018,-0.006,0.043,0.36,0.19,9.51,0.14,0.08,-0.28,-0.17,0.27,9.8,1.165,0.0,0.0,0.0,0.0,7.0,1017.0,67.29,-16.57
2025-03-24 18:17:39.693000+00:00,39.91230037114641,,,,21.75,-1.062,-1.625,22.93,-127.0,-9.562,-6.5,-0.018,-0.006,0.043,0.36,0.19,9.51,0.14,0.08,-0.28,-0.17,0.27,9.8,1.165,0.0,0.0,0.0,0.0,7.0,1017.0,67.29,-16.57
2025-03-24 18:17:40.690000+00:00,39.91230037114641,,,,21.75,-1.062,-1.625,22.93,-127.0,-9.562,-6.5,-0.018,-0.006,0.043,0.36,0.19,9.51,0.14,0.08,-0.28,-0.17,0.27,9.8,1.165,0.0,0.0,0.0,0.0,7.0,1017.0,67.29,-16.97
2025-03-24 18:17:41.802000+00:00,39.91230037114641,,,,21.75,-1.062,-1.625,22.93,-127.0,-9.562,-6.5,-0.018,-0.006,0.043,0.36,0.19,9.51,0.14,0.08,-0.28,-0.17,0.27,9.8,1.165,0.0,0.0,0.0,0.0,7.0,1017.0,67.29,-16.97
2025-03-24 18:17:42.752000+00:00,39.91230037114641,,,,21.75,-1.062,-1.625,22.93,-127.0,-9.562,-6.5,-0.018,-0.006,0.043,0.36,0.19,9.51,0.14,0.08,-0.28,-0.17,0.27,9.8,1.165,0.0,0.0,0.0,0.0,7.0,1017.0,67.29,-16.97
2025-03-24 18:17:43.702000+00:00,39.91230037114641,,,,21.75,-1.062,-1.625,22.93,-127.0,-9.562,-6.5,-0.018,-0.006,0.043,0.36,0.19,9.51,0.14,0.08,-0.28,-0.17,0.27,9.8,1.165,0.0,0.0,0.0,0.0,7.0,1017.0,67.29,-16.97
2025-03-24 18:17:44.732000+00:00,39.91230037114641,,,,21.75,-1.062,-1.625,22.93,-127.0,-9.562,-6.5,-0.018,-0.006,0.043,0.36,0.19,9.51,0.14,0.08,-0.28,-0.17,0.27,9.8,1.165,0.0,0.0,0.0,0.0,7.0,1017.0,67.29,-16.97
2025-03-24 18:17:45.817000+00:00,39.91230037114641,,,,21.75,-1.062,-1.625,22.93,-127.0,-9.562,-6.5,-0.018,-0.006,0.043,0.36,0.19,9.51,0.14,0.08,-0.28,-0.17,0.27,9.8,1.165,0.0,0.0,0.0,0.0,7.0,1017.0,67.29,-16.97
2025-03-24 18:17:46.955000+00:00,39.91230037114641,,,,21.75,-1.062,-1.625,22.93,-127.0,-9.562,-6.5,-0.018,-0.006,0.043,0.36,0.19,9.51,0.14,0.08,-0.28,-0.17,0.27,9.8,1.165,0.0,0.0,0.0,0.0,7.0,1017.0,67.29,-16.97
2025-03-24 18:17:48.121000+00:00,39.91230037114641,,,,21.75,-1.062,-1.625,22.93,-127.0,-9.562,-6.5,-0.018,-0.006,0.043,0.36,0.19,9.51,0.14,0.08,-0.28,-0.17,0.27,9.8,1.165,0.0,0.0,0.0,0.0,7.0,1017.0,67.29,-16.97
2025-03-24 18:17:49.325000+00:00,39.91230037114641,,,,21.75,-1.062,-1.625,22.93,-127.0,-9.562,-6.5,-0.018,-0.006,0.043,0.36,0.19,9.51,0.14,0.08,-0.28,-0.17,0.27,9.8,1.165,0.0,0.0,0.0,0.0,7.0,1017.0,67.29,-16.97
2025-03-24 18:17:50.706000+00:00,39.91230037114641,,,,21.75,-1.062,-1.625,22.93,-127.0,-9.562,-6.5,-0.018,-0.006,0.043,0.36,0.19,9.51,0.14,0.08,-0.28,-0.17,0.27,9.8,1.165,0.0,0.0,0.0,0.0,7.0,1017.0,67.29,-16.97
2025-03-24 18:17:51.859000+00:00,39.91230037114641,,,,21.75,-1.062,-1.625,22.93,-127.0,-9.562,-6.5,-0.018,-0.006,0.043,0.36,0.19,9.51,0.14,0.08,-0.28,-0.17,0.27,9.8,1.165,0.0,0.0,0.0,0.0,7.0,1017.0,67.29,-16.97
2025-03-24 18:17:52.775000+00:00,39.91230037114641,,,,21.75,-1.062,-1.625,22.93,-127.0,-9.562,-6.5,-0.018,-0.006,0.043,0.36,0.19,9.51,0.14,0.08,-0.28,-0.17,0.27,9.8,1.165,0.0,0.0,0.0,0.0,7.0,1017.0,67.29,-16.97
2025-03-24 18:17:53.847000+00:00,39.91230037114641,,,,21.75,-1.062,-1.625,22.93,-127.0,-9.562,-6.5,-0.018,-0.006,0.043,0.36,0.19,9.51,0.14,0.08,-0.28,-0.17,0.27,9.8,1.165,0.0,0.0,0.0,0.0,7.0,1017.0,67.29,-16.97
2025-03-24 18:17:54.880000+00:00,39.91230037114641,,,,21.75,-1.062,-1.625,22.93,-127.0,-9.562,-6.5,-0.018,-0.006,0.043,0.36,0.19,9.51,0.14,0.08,-0.28,-0.17,0.27,9.8,1.165,0.0,0.0,0.0,0.0,7.0,1017.0,67.29,-16.97
2025-03-24 18:17:55.964000+00:00,39.91230037114641,,,,21.75,-1.062,-1.625,22.93,-127.0,-9.562,-6.5,-0.018,-0.006,0.043,0.36,0.19,9.51,0.14,0.08,-0.28,-0.17,0.27,9.8,1.165,0.0,0.0,0.0,0.0,7.0,1017.0,67.29,-16.97
2025-03-24 18:17:57.085000+00:00,39.91230037114641,,,,21.75,-1.062,-1.625,22.93,-127.0,-9.562,-6.5,-0.018,-0.006,0.043,0.36,0.19,9.51,0.14,0.08,-0.28,-0.17,0.27,9.8,1.165,0.0,0.0,0.0,0.0,7.0,1017.0,67.29,-16.97
2025-03-24 18:17:58.375000+00:00,39.91230037114641,,,,21.75,-1.062,-1.625,22.93,-127.0,-9.562,-6.5,-0.018,-0.006,0.043,0.36,0.19,9.51,0.14,0.08,-0.28,-0.17,0.27,9.8,1.165,0.0,0.0,0.0,0.0,7.0,1017.0,67.29,-16.97
2025-03-24 18:17:59.405000+00:00,39.91230037114641,,,,21.75,-1.062,-1.625,22.93,-127.0,-9.562,-6.5,-0.018,-0.006,0.043,0.36,0.19,9.51,0.14,0.08,-0.28,-0.17,0.27,9.8,1.165,0.0,0.0,0.0,0.0,7.0,1017.0,67.29,-16.97
2025-03-24 18:18:00.414000+00:00,39.91230037114641,,,,21.75,-1.062,-1.625,22.93,-127.0,-9.562,-6.5,-0.018,-0.006,0.043,0.36,0.19,9.51,0.14,0.08,-0.28,-0.17,0.27,9.8,1.165,0.0,0.0,0.0,0.0,7.0,1017.0,67.29,-16.97
2025-03-24 18:18:01.825000+00:00,39.91230037114641,,,,21.75,-1.062,-1.625,22.93,-127.0,-9.562,-6.5,-0.018,-0.006,0.043,0.36,0.19,9.51,0.14,0.08,-0.28,-0.17,0.27,9.8,1.165,0.0,0.0,0.0,0.0,7.0,1017.0,67.29,-16.97
2025-03-24 18:18:02.841000+00:00,39.91230037114641,,,,21.75,-1.062,-1.625,22.93,-127.0,-9.562,-6.5,-0.018,-0.006,0.043,0.36,0.19,9.51,0.14,0.08,-0.28,-0.17,0.27,9.8,1.165,0.0,0.0,0.0,0.0,7.0,1017.0,67.29,-16.97
2025-03-24 18:18:03.881000+00:00,39.91230037114641,,,,21.75,-1.062,-1.625,22.93,-127.0,-9.562,-6.5,-0.018,-0.006,0.043,0.36,0.19,9.51,0.14,0.08,-0.28,-0.17,0.27,9.8,1.165,0.0,0.0,0.0,0.0,7.0,1017.0,67.29,-16.97
2025-03-24 18:18:04.895000+00:00,39.91230037114641,,,,21.75,-1.062,-1.625,22.93,-127.0,-9.562,-6.5,-0.018,-0.006,0.043,0.36,0.19,9.51,0.14,0.08,-0.28,-0.17,0.27,9.8,1.165,0.0,0.0,0.0,0.0,7.0,1017.0,67.29,-16.97
2025-03-24 18:18:06.071000+00:00,39.91230037114641,,,,21.75,-1.062,-1.625,22.93,-127.0,-9.562,-6.5,-0.018,-0.006,0.043,0.36,0.19,9.51,0.14,0.08,-0.28,-0.17,0.27,9.8,1.165,0.0,0.0,0.0,0.0,7.0,1017.0,67.29,-16.97
2025-03-24 18:18:07.015000+00:00,39.91230037114641,,,,21.75,-1.062,-1.625,22.93,-127.0,-9.562,-6.5,-0.018,-0.006,0.043,0.36,0.19,9.51,0.14,0.08,-0.28,-0.17,0.27,9.8,1.165,0.0,0.0,0.0,0.0,7.0,1017.0,67.29,-16.97
2025-03-24 18:18:07.931000+00:00,39.91230037114641,,,,21.75,-1.062,-1.625,22.93,-127.0,-9.562,-6.5,-0.018,-0.006,0.043,0.36,0.19,9.51,0.14,0.08,-0.28,-0.17,0.27,9.8,1.165,0.0,0.0,0.0,0.0,7.0,1017.0,67.29,-16.97
2025-03-24 18:18:09.464000+00:00,39.91230037114641,,,,21.75,-1.062,-1.625,22.93,-127.0,-9.562,-6.5,-0.018,-0.006,0.043,0.36,0.19,9.51,0.14,0.08,-0.28,-0.17,0.27,9.8,1.165,0.0,0.0,0.0,0.0,7.0,1017.0,67.29,-16.97
2025-03-24 18:18:10.905000+00:00,39.91230037114641,,,,21.75,-1.062,-1.625,22.93,-127.0,-9.562,-6.5,-0.018,-0.006,0.043,0.36,0.19,9.51,0.14,0.08,-0.28,-0.17,0.27,9.8,1.165,0.0,0.0,0.0,0.0,7.0,1017.0,67.29,-16.79
2025-03-24 18:18:11.894000+00:00,39.91230037114641,,,,21.75,-1.062,-1.625,22.93,-127.0,-9.562,-6.5,-0.018,-0.006,0.043,0.36,0.19,9.51,0.14,0.08,-0.28,-0.17,0.27,9.8,1.165,0.0,0.0,0.0,0.0,7.0,1017.0,67.29,-16.79
2025-03-24 18:18:12.904000+00:00,39.91230037114641,,,,21.75,-1.062,-1.625,22.93,-127.0,-9.562,-6.5,-0.018,-0.006,0.043,0.36,0.19,9.51,0.14,0.08,-0.28,-0.17,0.27,9.8,1.165,0.0,0.0,0.0,0.0,7.0,1017.0,67.29,-16.79
2025-03-24 18:18:14.054000+00:00,39.91230037114641,,,,21.75,-1.062,-1.625,22.93,-127.0,-9.562,-6.5,-0.018,-0.006,0.043,0.36,0.19,9.51,0.14,0.08,-0.28,-0.17,0.27,9.8,1.165,0.0,0.0,0.0,0.0,7.0,1017.0,67.29,-16.79
2025-03-24 18:18:15.204000+00:00,39.91230037114641,,,,21.75,-1.062,-1.625,22.93,-127.0,-9.562,-6.5,-0.018,-0.006,0.043,0.36,0.19,9.51,0.14,0.08,-0.28,-0.17,0.27,9.8,1.165,0.0,0.0,0.0,0.0,7.0,1017.0,67.29,-16.79
2025-03-24 18:18:16.490000+00:00,39.91230037114641,,,,21.75,-1.062,-1.625,22.93,-127.0,-9.562,-6.5,-0.018,-0.006,0.043,0.36,0.19,9.51,0.14,0.08,-0.28,-0.17,0.27,9.8,1.165,0.0,0.0,0.0,0.0,7.0,1017.0,67.29,-16.79
