,rpm_value,rpm_blade_1,rpm_blade_2,rpm_blade_3,orientation_heading,orientation_roll,orientation_pitch,temperature_value,magnetometer_mx,magnetometer_my,magnetometer_mz,gyroscope_gx,gyroscope_gy,gyroscope_gz,accelerometer_ax,accelerometer_ay,accelerometer_az,linear_acceleration_lx,linear_acceleration_ly,linear_acceleration_lz,gravity_grx,gravity_gry,gravity_grz,voltage_value,current_value,power_value,servo_value,speed_value,direction_value,pressure_value,humidity_value,altitude_value
2025-03-24 18:18:37.423000+00:00,42.48016793904841,,,,21.125,-1.0,-2.0,23.0,-104.75,-10.375,-36.375,0.011,-0.012,0.041,0.43,0.26,9.47,0.57,-0.05,-0.32,-0.13,0.32,9.8,1.35375,2.5,0.0,0.0,0.0,7.0,1017.0,67.29,-16.79
2025-03-24 18:18:38.482000+00:00,42.97949967489364,,,,21.125,-1.0,-2.0,23.0,-104.75,-10.375,-36.375,0.011,-0.012,0.041,0.43,0.26,9.47,0.57,-0.05,-0.32,-0.13,0.32,9.8,1.35375,2.5,0.0,0.0,0.0,7.0,1017.0,67.29,-16.79
2025-03-24 18:18:39.960000+00:00,43.4789945289195,,,,21.125,-1.0,-2.0,23.0,-104.75,-10.375,-36.375,0.011,-0.012,0.041,0.43,0.26,9.47,0.57,-0.05,-0.32,-0.13,0.32,9.8,1.35375,2.5,0.0,0.0,0.0,7.0,1017.0,67.29,-16.79
2025-03-24 18:18:40.922000+00:00,43.978630365363074,,,,21.125,-1.0,-2.0,23.0,-104.75,-10.375,-36.375,0.011,-0.012,0.041,0.43,0.26,9.47,0.57,-0.05,-0.32,-0.13,0.32,9.8,1.35375,2.5,0.0,0.0,0.0,7.0,1017.0,67.29,-16.79
2025-03-24 18:18:42.086000+00:00,44.47803808229499,,,,21.125,-1.0,-2.0,23.0,-104.75,-10.375,-36.375,0.011,-0.012,0.041,0.43,0.26,9.47,0.57,-0.05,-0.32,-0.13,0.32,9.8,1.35375,2.5,0.0,0.0,0.0,7.0,1017.0,67.29,-16.79
2025-03-24 18:18:43.289000+00:00,44.977604971481426,,,,21.125,-1.0,-2.0,23.0,-104.75,-10.375,-36.375,0.011,-0.012,0.041,0.43,0.26,9.47,0.57,-0.05,-0.32,-0.13,0.32,9.8,1.35375,2.5,0.0,0.0,0.0,7.0,1017.0,67.29,-16.79
2025-03-24 18:18:44.487000+00:00,45.477103917906994,,,,21.125,-1.0,-2.0,23.0,-104.75,-10.375,-36.375,0.011,-0.012,0.041,0.43,0.26,9.47,0.57,-0.05,-0.32,-0.13,0.32,9.8,1.35375,2.5,0.0,0.0,0.0,7.0,1017.0,67.29,-16.79
2025-03-24 18:18:45.962000+00:00,45.976618237322484,,,,21.125,-1.0,-2.0,23.0,-104.75,-10.375,-36.375,0.011,-0.012,0.041,0.43,0.26,9.47,0.57,-0.05,-0.32,-0.13,0.32,9.8,1.35375,2.5,0.0,0.0,0.0,7.0,1017.0,67.29,-16.79
2025-03-24 18:18:46.311000+00:00,46.47627506197009,,,,21.125,-1.0,-2.0,23.0,-104.75,-10.375,-36.375,0.011,-0.012,0.041,0.43,0.26,9.47,0.57,-0.05,-0.32,-0.13,0.32,9.8,1.35375,2.5,0.0,0.0,0.0,7.0,1017.0,67.29,-16.79
2025-03-24 18:18:47.298000+00:00,46.9759669367014,,,,21.125,-1.0,-2.0,23.0,-104.75,-10.375,-36.375,0.011,-0.012,0.041,0.43,0.26,9.47,0.57,-0.05,-0.32,-0.13,0.32,9.8,1.35375,2.5,0.0,0.0,0.0,7.0,1017.0,67.29,-16.79
2025-03-24 18:18:48.498000+00:00,47.47558789757132,,,,21.125,-1.0,-2.0,23.0,-104.75,-10.375,-36.375,0.011,-0.012,0.041,0.43,0.26,9.47,0.57,-0.05,-0.32,-0.13,0.32,9.8,1.35375,2.5,0.0,0.0,0.0,7.0,1017.0,67.29,-16.79
2025-03-24 18:18:48.551000+00:00,47.832459146342615,,,,21.125,-1.0,-2.0,23.0,-104.75,-10.375,-36.375,0.011,-0.012,0.041,0.43,0.26,9.47,0.57,-0.05,-0.32,-0.13,0.32,9.8,1.35375,2.5,0.0,0.0,0.0,7.0,1017.0,67.29,-16.79
2025-03-24 18:18:49.492000+00:00,48.33218392860998,,,,21.125,-1.0,-2.0,23.0,-104.75,-10.375,-36.375,0.011,-0.012,0.041,0.43,0.26,9.47,0.57,-0.05,-0.32,-0.13,0.32,9.8,1.35375,2.5,0.0,0.0,0.0,7.0,1017.0,67.29,-16.79
2025-03-24 18:18:51.021000+00:00,48.639749246650204,,,,21.125,-1.0,-2.0,23.0,-104.75,-10.375,-36.375,0.011,-0.012,0.041,0.43,0.26,9.47,0.57,-0.05,-0.32,-0.13,0.32,9.8,1.35375,2.5,0.0,0.0,0.0,7.0,1017.0,67.29,-16.79
2025-03-24 18:18:52.022000+00:00,48.996683179708306,,,,21.125,-1.0,-2.0,23.0,-104.75,-10.375,-36.375,0.011,-0.012,0.041,0.43,0.26,9.47,0.57,-0.05,-0.32,-0.13,0.32,9.8,1.35375,2.5,0.0,0.0,0.0,7.0,1017.0,67.29,-16.79
2025-03-24 18:18:52.141000+00:00,49.18894292489604,,,,21.125,-1.0,-2.0,23.0,-104.75,-10.375,-36.375,0.011,-0.012,0.041,0.43,0.26,9.47,0.57,-0.05,-0.32,-0.13,0.32,9.8,1.35375,2.5,0.0,0.0,0.0,7.0,1017.0,67.29,-16.79
2025-03-24 18:18:53.321000+00:00,49.38149525329774,,,,21.125,-1.0,-2.0,23.0,-104.75,-10.375,-36.375,0.011,-0.012,0.041,0.43,0.26,9.47,0.57,-0.05,-0.32,-0.13,0.32,9.8,1.35375,2.5,0.0,0.0,0.0,7.0,1017.0,67.29,-16.79
2025-03-24 18:18:54.921000+00:00,49.18942515537795,,,,21.125,-1.0,-2.0,23.0,-104.75,-10.375,-36.375,0.011,-0.012,0.041,0.43,0.26,9.47,0.57,-0.05,-0.32,-0.13,0.32,9.8,1.35375,2.5,0.0,0.0,0.0,7.0,1017.0,67.29,-16.79
2025-03-24 18:18:56.332000+00:00,49.189476699573056,,,,21.125,-1.0,-2.0,23.0,-104.75,-10.375,-36.375,0.011,-0.012,0.041,0.43,0.26,9.47,0.57,-0.05,-0.32,-0.13,0.32,9.8,1.35375,2.5,0.0,0.0,0.0,7.0,1017.0,67.29,-16.79
2025-03-24 18:18:56.381000+00:00,48.997467908450155,,,,21.125,-1.0,-2.0,23.0,-104.75,-10.375,-36.375,0.011,-0.012,0.041,0.43,0.26,9.47,0.57,-0.05,-0.32,-0.13,0.32,9.8,1.35375,2.5,0.0,0.0,0.0,7.0,1017.0,67.29,-16.79
2025-03-24 18:18:57.590000+00:00,48.99776238511182,,,,21.125,-1.0,-2.0,23.0,-104.75,-10.375,-36.375,0.011,-0.012,0.041,0.43,0.26,9.47,0.57,-0.05,-0.32,-0.13,0.32,9.8,1.35375,2.5,0.0,0.0,0.0,7.0,1017.0,67.29,-16.79
2025-03-24 18:18:58.599000+00:00,48.80602752347807,,,,21.125,-1.0,-2.0,23.0,-104.75,-10.375,-36.375,0.011,-0.012,0.041,0.43,0.26,9.47,0.57,-0.05,-0.32,-0.13,0.32,9.8,1.35375,2.5,0.0,0.0,0.0,7.0,1017.0,67.29,-16.79
2025-03-24 18:19:00.122000+00:00,48.614234346415245,,,,21.125,-1.0,-2.0,23.0,-104.75,-10.375,-36.375,0.011,-0.012,0.041,0.43,0.26,9.47,0.57,-0.05,-0.32,-0.13,0.32,9.8,1.35375,2.5,0.0,0.0,0.0,7.0,1017.0,67.29,-16.79
2025-03-24 18:19:01.340000+00:00,48.4221778638454,,,,21.125,-1.0,-2.0,23.0,-104.75,-10.375,-36.375,0.011,-0.012,0.041,0.43,0.26,9.47,0.57,-0.05,-0.32,-0.13,0.32,9.8,1.35375,2.5,0.0,0.0,0.0,7.0,1017.0,67.29,-16.79
2025-03-24 18:19:01.701000+00:00,48.23025080016529,,,,21.125,-1.0,-2.0,23.0,-104.75,-10.375,-36.375,0.011,-0.012,0.041,0.43,0.26,9.47,0.57,-0.05,-0.32,-0.13,0.32,9.8,1.35375,2.5,0.0,0.0,0.0,7.0,1017.0,67.29,-16.79
2025-03-24 18:19:02.703000+00:00,48.23005047452246,,,,21.125,-1.0,-2.0,23.0,-104.75,-10.375,-36.375,0.011,-0.012,0.041,0.43,0.26,9.47,0.57,-0.05,-0.32,-0.13,0.32,9.8,1.35375,2.5,0.0,0.0,0.0,7.0,1017.0,67.29,-16.79
2025-03-24 18:19:03.703000+00:00,48.229764373081686,,,,21.125,-1.0,-2.0,23.0,-104.75,-10.375,-36.375,0.011,-0.012,0.041,0.43,0.26,9.47,0.57,-0.05,-0.32,-0.13,0.32,9.8,1.35375,2.5,0.0,0.0,0.0,7.0,1017.0,67.29,-16.79
2025-03-24 18:19:05.171000+00:00,48.229394977780295,,,,21.125,-1.0,-2.0,23.0,-104.75,-10.375,-36.375,0.011,-0.012,0.041,0.43,0.26,9.47,0.57,-0.05,-0.32,-0.13,0.32,9.8,1.35375,2.5,0.0,0.0,0.0,7.0,1017.0,67.29,-16.79
2025-03-24 18:19:05.220000+00:00,48.229025582478904,,,,21.125,-1.0,-2.0,23.0,-104.75,-10.375,-36.375,0.011,-0.012,0.041,0.43,0.26,9.47,0.57,-0.05,-0.32,-0.13,0.32,9.8,1.35375,2.5,0.0,0.0,0.0,7.0,1017.0,67.29,-16.79
2025-03-24 18:19:06.258000+00:00,48.22882871965738,,,,21.125,-1.0,-2.0,23.0,-104.75,-10.375,-36.375,0.011,-0.012,0.041,0.43,0.26,9.47,0.57,-0.05,-0.32,-0.13,0.32,9.8,1.35375,2.5,0.0,0.0,0.0,7.0,1017.0,67.29,-16.79
2025-03-24 18:19:07.606000+00:00,48.22865368379439,,,,21.125,-1.0,-2.0,23.0,-104.75,-10.375,-36.375,0.011,-0.012,0.041,0.43,0.26,9.47,0.57,-0.05,-0.32,-0.13,0.32,9.8,1.35375,2.5,0.0,0.0,0.0,7.0,1017.0,67.29,-16.79
2025-03-24 18:19:08.600000+00:00,48.45571472545724,,,,21.125,-1.0,-2.0,23.0,-104.75,-10.375,-36.375,0.011,-0.012,0.041,0.43,0.26,9.47,0.57,-0.05,-0.32,-0.13,0.32,9.8,1.35375,2.5,0.0,0.0,0.0,7.0,1017.0,67.29,-16.79
2025-03-24 18:19:08.650000+00:00,48.682687496105856,,,,21.125,-1.0,-2.0,23.0,-104.75,-10.375,-36.375,0.011,-0.012,0.041,0.43,0.26,9.47,0.57,-0.05,-0.32,-0.13,0.32,9.8,1.35375,2.5,0.0,0.0,0.0,7.0,1017.0,67.29,-16.79
2025-03-24 18:19:09.709000+00:00,49.101839634863815,,,,21.125,-1.0,-2.0,23.0,-104.75,-10.375,-36.375,0.011,-0.012,0.041,0.43,0.26,9.47,0.57,-0.05,-0.32,-0.13,0.32,9.8,1.35375,2.5,0.0,0.0,0.0,7.0,1017.0,67.29,-16.79
2025-03-24 18:19:11.223000+00:00,49.10169979776899,,,,21.125,-1.0,-2.0,23.0,-104.75,-10.375,-36.375,0.011,-0.012,0.041,0.43,0.26,9.47,0.57,-0.05,-0.32,-0.13,0.32,9.8,1.35375,2.5,0.0,0.0,0.0,7.0,1017.0,67.29,-16.79
2025-03-24 18:19:12.250000+00:00,49.328584238128755,,,,21.125,-1.0,-2.0,23.0,-104.75,-10.375,-36.375,0.011,-0.012,0.041,0.43,0.26,9.47,0.57,-0.05,-0.32,-0.13,0.32,9.8,1.35375,2.5,0.0,0.0,0.0,7.0,1017.0,67.29,-16.79
2025-03-24 18:19:13.301000+00:00,49.32833232730621,,,,21.125,-1.0,-2.0,23.0,-104.75,-10.375,-36.375,0.011,-0.012,0.041,0.43,0.26,9.47,0.57,-0.05,-0.32,-0.13,0.32,9.8,1.35375,2.5,0.0,0.0,0.0,7.0,1017.0,67.29,-16.79
2025-03-24 18:19:14.636000+00:00,49.52052340374956,,,,21.125,-1.0,-2.0,23.0,-104.75,-10.375,-36.375,0.011,-0.012,0.041,0.43,0.26,9.47,0.57,-0.05,-0.32,-0.13,0.32,9.8,1.35375,2.5,0.0,0.0,0.0,7.0,1017.0,67.29,-16.79
2025-03-24 18:19:15.776000+00:00,49.712728051555594,,,,21.125,-1.0,-2.0,23.0,-104.75,-10.375,-36.375,0.011,-0.012,0.041,0.43,0.26,9.47,0.57,-0.05,-0.32,-0.13,0.32,9.8,1.35375,2.5,0.0,0.0,0.0,7.0,1017.0,67.29,-16.79
2025-03-24 18:19:16.815000+00:00,49.90465305514963,,,,21.125,-1.0,-2.0,23.0,-104.75,-10.375,-36.375,0.011,-0.012,0.041,0.43,0.26,9.47,0.57,-0.05,-0.32,-0.13,0.32,9.8,1.35375,2.5,0.0,0.0,0.0,7.0,1017.0,67.29,-16.79
2025-03-24 18:19:18.269000+00:00,50.09661266032149,,,,21.125,-1.0,-2.0,23.0,-104.75,-10.375,-36.375,0.011,-0.012,0.041,0.43,0.26,9.47,0.57,-0.05,-0.32,-0.13,0.32,9.8,1.35375,2.5,0.0,0.0,0.0,7.0,1017.0,67.29,-16.79
2025-03-24 18:19:18.319000+00:00,50.288498740216845,,,,21.125,-1.0,-2.0,23.0,-104.75,-10.375,-36.375,0.011,-0.012,0.041,0.43,0.26,9.47,0.57,-0.05,-0.32,-0.13,0.32,9.8,1.35375,2.5,0.0,0.0,0.0,7.0,1017.0,67.29,-16.79
2025-03-24 18:19:19.752000+00:00,50.480291421447454,,,,21.125,-1.0,-2.0,23.0,-104.75,-10.375,-36.375,0.011,-0.012,0.041,0.43,0.26,9.47,0.57,-0.05,-0.32,-0.13,0.32,9.8,1.35375,2.5,0.0,0.0,0.0,7.0,1017.0,67.29,-16.79
2025-03-24 18:19:20.779000+00:00,50.67228195325215,,,,21.125,-1.0,-2.0,23.0,-104.75,-10.375,-36.375,0.011,-0.012,0.041,0.43,0.26,9.47,0.57,-0.05,-0.32,-0.13,0.32,9.8,1.35375,2.5,0.0,0.0,0.0,7.0,1017.0,67.29,-16.79
2025-03-24 18:19:21.931000+00:00,50.86417728407945,,,,21.125,-1.0,-2.0,23.0,-104.75,-10.375,-36.375,0.011,-0.012,0.041,0.43,0.26,9.47,0.57,-0.05,-0.32,-0.13,0.32,9.8,1.35375,2.5,0.0,0.0,0.0,7.0,1017.0,67.29,-16.79
2025-03-24 18:19:23.064000+00:00,50.864108863375264,,,,21.125,-1.0,-2.0,23.0,-104.75,-10.375,-36.375,0.011,-0.012,0.041,0.43,0.26,9.47,0.57,-0.05,-0.32,-0.13,0.32,9.8,1.35375,2.5,0.0,0.0,0.0,7.0,1017.0,67.29,-16.79
2025-03-24 18:19:24.602000+00:00,50.86413960250175,,,,21.125,-1.0,-2.0,23.0,-104.75,-10.375,-36.375,0.011,-0.012,0.041,0.43,0.26,9.47,0.57,-0.05,-0.32,-0.13,0.32,9.8,1.35375,2.5,0.0,0.0,0.0,7.0,1017.0,67.29,-16.79
2025-03-24 18:19:25.865000+00:00,50.86445246580396,,,,21.125,-1.0,-2.0,23.0,-104.75,-10.375,-36.375,0.011,-0.012,0.041,0.43,0.26,9.47,0.57,-0.05,-0.32,-0.13,0.32,9.8,1.35375,2.5,0.0,0.0,0.0,7.0,1017.0,67.29,-16.79
2025-03-24 18:19:26.825000+00:00,50.86480797581585,,,,21.125,-1.0,-2.0,23.0,-104.75,-10.375,-36.375,0.011,-0.012,0.041,0.43,0.26,9.47,0.57,-0.05,-0.32,-0.13,0.32,9.8,1.35375,2.5,0.0,0.0,0.0,7.0,1017.0,67.29,-16.79
2025-03-24 18:19:27.935000+00:00,50.864834255455776,,,,21.125,-1.0,-2.0,23.0,-104.75,-10.375,-36.375,0.011,-0.012,0.041,0.43,0.26,9.47,0.57,-0.05,-0.32,-0.13,0.32,9.8,1.35375,2.5,0.0,0.0,0.0,7.0,1017.0,67.29,-16.79
2025-03-24 18:19:28.858000+00:00,51.09175818679357,,,,21.125,-1.0,-2.0,23.0,-104.75,-10.375,-36.375,0.011,-0.012,0.041,0.43,0.26,9.47,0.57,-0.05,-0.32,-0.13,0.32,9.8,1.35375,2.5,0.0,0.0,0.0,7.0,1017.0,67.29,-16.79
2025-03-24 18:19:28.926000+00:00,51.091446040605526,,,,21.125,-1.0,-2.0,23.0,-104.75,-10.375,-36.375,0.011,-0.012,0.041,0.43,0.26,9.47,0.57,-0.05,-0.32,-0.13,0.32,9.8,1.35375,2.5,0.0,0.0,0.0,7.0,1017.0,67.29,-16.79
2025-03-24 18:19:30.129000+00:00,51.091374636019665,,,,21.125,-1.0,-2.0,23.0,-104.75,-10.375,-36.375,0.011,-0.012,0.041,0.43,0.26,9.47,0.57,-0.05,-0.32,-0.13,0.32,9.8,1.35375,2.5,0.0,0.0,0.0,7.0,1017.0,67.29,-16.79
2025-03-24 18:19:31.408000+00:00,50.86413539495264,,,,21.125,-1.0,-2.0,23.0,-104.75,-10.375,-36.375,0.011,-0.012,0.041,0.43,0.26,9.47,0.57,-0.05,-0.32,-0.13,0.32,9.8,1.35375,2.5,0.0,0.0,0.0,7.0,1017.0,67.29,-16.79
2025-03-24 18:19:31.609000+00:00,50.86405556590134,,,,21.125,-1.0,-2.0,23.0,-104.75,-10.375,-36.375,0.011,-0.012,0.041,0.43,0.26,9.47,0.57,-0.05,-0.32,-0.13,0.32,9.8,1.35375,2.5,0.0,0.0,0.0,7.0,1017.0,67.29,-16.79
2025-03-24 18:19:32.570000+00:00,50.63701492555464,,,,21.125,-1.0,-2.0,23.0,-104.75,-10.375,-36.375,0.011,-0.012,0.041,0.43,0.26,9.47,0.57,-0.05,-0.32,-0.13,0.32,9.8,1.35375,2.5,0.0,0.0,0.0,7.0,1017.0,67.29,-16.79
2025-03-24 18:19:33.731000+00:00,50.63700451301181,,,,21.125,-1.0,-2.0,23.0,-104.75,-10.375,-36.375,0.011,-0.012,0.041,0.43,0.26,9.47,0.57,-0.05,-0.32,-0.13,0.32,9.8,1.35375,2.5,0.0,0.0,0.0,7.0,1017.0,67.29,-16.79
2025-03-24 18:19:34.122000+00:00,50.636993604631456,,,,21.125,-1.0,-2.0,23.0,-104.75,-10.375,-36.375,0.011,-0.012,0.041,0.43,0.26,9.47,0.57,-0.05,-0.32,-0.13,0.32,9.8,1.35375,2.5,0.0,0.0,0.0,7.0,1017.0,67.29,-16.79
2025-03-24 18:19:35.256000+00:00,50.63698120772835,,,,21.125,-1.0,-2.0,23.0,-104.75,-10.375,-36.375,0.011,-0.012,0.041,0.43,0.26,9.47,0.57,-0.05,-0.32,-0.13,0.32,9.8,1.35375,2.5,0.0,0.0,0.0,7.0,1017.0,67.29,-16.79
2025-03-24 18:19:35.674000+00:00,50.637248455037245,,,,21.125,-1.0,-2.0,23.0,-104.75,-10.375,-36.375,0.011,-0.012,0.041,0.43,0.26,9.47,0.57,-0.05,-0.32,-0.13,0.32,9.8,1.35375,2.5,0.0,0.0,0.0,7.0,1017.0,67.29,-16.79
2025-03-24 18:19:36.799000+00:00,50.44522335715969,,,,21.125,-1.0,-2.0,23.0,-104.75,-10.375,-36.375,0.011,-0.012,0.041,0.43,0.26,9.47,0.57,-0.05,-0.32,-0.13,0.32,9.8,1.35375,2.5,0.0,0.0,0.0,7.0,1017.0,67.29,-16.79
2025-03-24 18:18:37.530000+00:00,50.44522335715969,,,,21.125,-1.0,-2.0,23.0,-104.75,-10.375,-36.375,0.011,-0.012,0.041,0.43,0.26,9.47,0.57,-0.05,-0.32,-0.13,0.32,9.8,1.35375,2.5,0.0,0.0,0.0,7.0,1017.0,67.29,-16.79
2025-03-24 18:18:38.541000+00:00,50.44522335715969,,,,21.188,-0.812,-1.875,23.0,-104.75,-10.375,-36.375,0.011,-0.012,0.041,0.43,0.26,9.47,0.57,-0.05,-0.32,-0.13,0.32,9.8,1.35375,2.5,0.0,0.0,0.0,7.0,1017.0,67.29,-16.79
2025-03-24 18:18:39.601000+00:00,50.44522335715969,,,,21.25,-0.938,-1.75,23.0,-104.75,-10.375,-36.375,0.011,-0.012,0.041,0.43,0.26,9.47,0.57,-0.05,-0.32,-0.13,0.32,9.8,1.35375,2.5,0.0,0.0,0.0,7.0,1017.0,67.29,-16.79
2025-03-24 18:18:40.557000+00:00,50.44522335715969,,,,21.188,-0.875,-1.812,23.0,-104.75,-10.375,-36.375,0.011,-0.012,0.041,0.43,0.26,9.47,0.57,-0.05,-0.32,-0.13,0.32,9.8,1.35375,2.5,0.0,0.0,0.0,7.0,1017.0,67.29,-16.79
2025-03-24 18:18:41.582000+00:00,50.44522335715969,,,,21.25,-1.125,-2.0,23.0,-104.75,-10.375,-36.375,0.011,-0.012,0.041,0.43,0.26,9.47,0.57,-0.05,-0.32,-0.13,0.32,9.8,1.35375,2.5,0.0,0.0,0.0,7.0,1017.0,67.29,-16.79
2025-03-24 18:18:42.702000+00:00,50.44522335715969,,,,21.188,-0.812,-1.875,23.0,-104.75,-10.375,-36.375,0.011,-0.012,0.041,0.43,0.26,9.47,0.57,-0.05,-0.32,-0.13,0.32,9.8,1.35375,2.5,0.0,0.0,0.0,7.0,1017.0,67.29,-16.79
2025-03-24 18:18:43.878000+00:00,50.44522335715969,,,,21.25,-1.0,-1.875,23.0,-104.75,-10.375,-36.375,0.011,-0.012,0.041,0.43,0.26,9.47,0.57,-0.05,-0.32,-0.13,0.32,9.8,1.35375,2.5,0.0,0.0,0.0,7.0,1017.0,67.29,-16.79
2025-03-24 18:18:44.598000+00:00,50.44522335715969,,,,21.062,-0.75,-1.75,23.0,-104.75,-10.375,-36.375,0.011,-0.012,0.041,0.43,0.26,9.47,0.57,-0.05,-0.32,-0.13,0.32,9.8,1.35375,2.5,0.0,0.0,0.0,7.0,1017.0,67.29,-16.79
2025-03-24 18:18:45.605000+00:00,50.44522335715969,,,,21.188,-1.125,-1.875,23.0,-104.75,-10.375,-36.375,0.011,-0.012,0.041,0.43,0.26,9.47,0.57,-0.05,-0.32,-0.13,0.32,9.8,1.35375,2.5,0.0,0.0,0.0,7.0,1017.0,67.29,-16.79
2025-03-24 18:18:46.613000+00:00,50.44522335715969,,,,21.125,-0.938,-1.688,23.0,-104.75,-10.375,-36.375,0.011,-0.012,0.041,0.43,0.26,9.47,0.57,-0.05,-0.32,-0.13,0.32,9.8,1.35375,2.5,0.0,0.0,0.0,7.0,1017.0,67.29,-16.79
2025-03-24 18:18:47.623000+00:00,50.44522335715969,,,,21.062,-1.062,-1.625,23.0,-104.75,-10.375,-36.375,0.011,-0.012,0.041,0.43,0.26,9.47,0.57,-0.05,-0.32,-0.13,0.32,9.8,1.35375,2.5,0.0,0.0,0.0,7.0,1017.0,67.29,-16.79
2025-03-24 18:18:48.633000+00:00,50.44522335715969,,,,21.188,-1.062,-1.688,23.0,-104.75,-10.375,-36.375,0.011,-0.012,0.041,0.43,0.26,9.47,0.57,-0.05,-0.32,-0.13,0.32,9.8,1.35375,2.5,0.0,0.0,0.0,7.0,1017.0,67.29,-16.79
2025-03-24 18:18:49.644000+00:00,50.44522335715969,,,,21.062,-1.062,-1.688,23.0,-104.75,-10.375,-36.375,0.011,-0.012,0.041,0.43,0.26,9.47,0.57,-0.05,-0.32,-0.13,0.32,9.8,1.35375,2.5,0.0,0.0,0.0,7.0,1017.0,67.29,-16.79
2025-03-24 18:18:50.653000+00:00,50.44522335715969,,,,21.188,-1.25,-1.75,23.0,-104.75,-10.375,-36.375,0.011,-0.012,0.041,0.43,0.26,9.47,0.57,-0.05,-0.32,-0.13,0.32,9.8,1.35375,2.5,0.0,0.0,0.0,7.0,1017.0,67.29,-16.79
2025-03-24 18:18:51.660000+00:00,50.44522335715969,,,,21.062,-1.062,-1.75,23.0,-104.75,-10.375,-36.375,0.011,-0.012,0.041,0.43,0.26,9.47,0.57,-0.05,-0.32,-0.13,0.32,9.8,1.35375,2.5,0.0,0.0,0.0,7.0,1017.0,67.29,-16.79
2025-03-24 18:18:52.668000+00:00,50.44522335715969,,,,21.062,-1.312,-1.688,23.0,-104.75,-10.375,-36.375,0.011,-0.012,0.041,0.43,0.26,9.47,0.57,-0.05,-0.32,-0.13,0.32,9.8,1.35375,2.5,0.0,0.0,0.0,7.0,1017.0,67.29,-16.79
2025-03-24 18:18:53.771000+00:00,50.44522335715969,,,,21.125,-1.312,-1.812,23.0,-104.75,-10.375,-36.375,0.011,-0.012,0.041,0.43,0.26,9.47,0.57,-0.05,-0.32,-0.13,0.32,9.8,1.35375,2.5,0.0,0.0,0.0,7.0,1017.0,67.29,-16.79
2025-03-24 18:18:54.977000+00:00,50.44522335715969,,,,21.062,-1.25,-1.688,23.0,-104.75,-10.375,-36.375,0.011,-0.012,0.041,0.43,0.26,9.47,0.57,-0.05,-0.32,-0.13,0.32,9.8,1.35375,2.5,0.0,0.0,0.0,7.0,1017.0,67.29,-16.79
2025-03-24 18:18:55.951000+00:00,50.44522335715969,,,,21.0,-1.312,-1.75,23.0,-104.75,-10.375,-36.375,0.011,-0.012,0.041,0.43,0.26,9.47,0.57,-0.05,-0.32,-0.13,0.32,9.8,1.35375,2.5,0.0,0.0,0.0,7.0,1017.0,67.29,-16.79
2025-03-24 18:18:56.709000+00:00,50.44522335715969,,,,21.062,-1.438,-1.75,23.0,-104.75,-10.375,-36.375,0.011,-0.012,0.041,0.43,0.26,9.47,0.57,-0.05,-0.32,-0.13,0.32,9.8,1.35375,2.5,0.0,0.0,0.0,7.0,1017.0,67.29,-16.79
2025-03-24 18:18:57.720000+00:00,50.44522335715969,,,,20.938,-1.375,-1.625,23.0,-104.75,-10.375,-36.375,0.011,-0.012,0.041,0.43,0.26,9.47,0.57,-0.05,-0.32,-0.13,0.32,9.8,1.35375,2.5,0.0,0.0,0.0,7.0,1017.0,67.29,-16.79
2025-03-24 18:18:58.732000+00:00,50.44522335715969,,,,20.938,-1.312,-1.562,23.0,-104.75,-10.375,-36.375,0.011,-0.012,0.041,0.43,0.26,9.47,0.57,-0.05,-0.32,-0.13,0.32,9.8,1.35375,2.5,0.0,0.0,0.0,7.0,1017.0,67.29,-16.79
2025-03-24 18:18:59.742000+00:00,50.44522335715969,,,,21.0,-1.312,-1.562,23.0,-104.75,-10.375,-36.375,0.011,-0.012,0.041,0.43,0.26,9.47,0.57,-0.05,-0.32,-0.13,0.32,9.8,1.35375,2.5,0.0,0.0,0.0,7.0,1017.0,67.29,-16.79
2025-03-24 18:19:00.753000+00:00,50.44522335715969,,,,21.0,-1.312,-1.562,23.0,-104.75,-10.375,-36.375,0.011,-0.012,0.041,0.43,0.26,9.47,0.57,-0.05,-0.32,-0.13,0.32,9.8,1.35375,2.5,0.0,0.0,0.0,7.0,1017.0,67.29,-16.79
2025-03-24 18:19:01.766000+00:00,50.44522335715969,,,,20.875,-1.25,-1.5,23.0,-104.75,-10.375,-36.375,0.011,-0.012,0.041,0.43,0.26,9.47,0.57,-0.05,-0.32,-0.13,0.32,9.8,1.35375,2.5,0.0,0.0,0.0,7.0,1017.0,67.29,-16.79
2025-03-24 18:19:02.770000+00:00,50.44522335715969,,,,20.812,-1.5,-1.562,23.0,-104.75,-10.375,-36.375,0.011,-0.012,0.041,0.43,0.26,9.47,0.57,-0.05,-0.32,-0.13,0.32,9.8,1.35375,2.5,0.0,0.0,0.0,7.0,1017.0,67.29,-16.79
2025-03-24 18:19:03.781000+00:00,50.44522335715969,,,,20.875,-1.375,-1.5,23.0,-104.75,-10.375,-36.375,0.011,-0.012,0.041,0.43,0.26,9.47,0.57,-0.05,-0.32,-0.13,0.32,9.8,1.35375,2.5,0.0,0.0,0.0,7.0,1017.0,67.29,-16.79
2025-03-24 18:19:04.792000+00:00,50.44522335715969,,,,20.75,-1.625,-1.562,23.0,-104.75,-10.375,-36.375,0.011,-0.012,0.041,0.43,0.26,9.47,0.57,-0.05,-0.32,-0.13,0.32,9.8,1.35375,2.5,0.0,0.0,0.0,7.0,1017.0,67.29,-16.79
2025-03-24 18:19:05.870000+00:00,50.44522335715969,,,,20.812,-1.5,-1.5,23.0,-104.75,-10.375,-36.375,0.011,-0.012,0.041,0.43,0.26,9.47,0.57,-0.05,-0.32,-0.13,0.32,9.8,1.35375,2.5,0.0,0.0,0.0,7.0,1017.0,67.29,-16.79
2025-03-24 18:19:07.022000+00:00,50.44522335715969,,,,20.562,-1.688,-1.562,23.0,-104.75,-10.375,-36.375,0.011,-0.012,0.041,0.43,0.26,9.47,0.57,-0.05,-0.32,-0.13,0.32,9.8,1.35375,2.5,0.0,0.0,0.0,7.0,1017.0,67.29,-16.79
2025-03-24 18:19:08.076000+00:00,50.44522335715969,,,,20.625,-1.562,-1.5,23.0,-104.75,-10.375,-36.375,0.011,-0.012,0.041,0.43,0.26,9.47,0.57,-0.05,-0.32,-0.13,0.32,9.8,1.35375,2.5,0.0,0.0,0.0,7.0,1017.0,67.29,-16.79
2025-03-24 18:19:08.828000+00:00,50.44522335715969,,,,20.562,-1.75,-1.625,23.0,-104.75,-10.375,-36.375,0.011,-0.012,0.041,0.43,0.26,9.47,0.57,-0.05,-0.32,-0.13,0.32,9.8,1.35375,2.5,0.0,0.0,0.0,7.0,1017.0,67.29,-16.79
2025-03-24 18:19:09.838000+00:00,50.44522335715969,,,,20.5,-1.5,-1.562,23.0,-104.75,-10.375,-36.375,0.011,-0.012,0.041,0.43,0.26,9.47,0.57,-0.05,-0.32,-0.13,0.32,9.8,1.35375,2.5,0.0,0.0,0.0,7.0,1017.0,67.29,-16.79
2025-03-24 18:19:10.849000+00:00,50.44522335715969,,,,20.625,-1.75,-1.625,23.0,-104.75,-10.375,-36.375,0.011,-0.012,0.041,0.43,0.26,9.47,0.57,-0.05,-0.32,-0.13,0.32,9.8,1.35375,2.5,0.0,0.0,0.0,7.0,1017.0,67.29,-16.79
2025-03-24 18:19:11.858000+00:00,50.44522335715969,,,,20.625,-1.5,-1.438,23.0,-104.75,-10.375,-36.375,0.011,-0.012,0.041,0.43,0.26,9.47,0.57,-0.05,-0.32,-0.13,0.32,9.8,1.35375,2.5,0.0,0.0,0.0,7.0,1017.0,67.29,-16.79
2025-03-24 18:19:12.940000+00:00,50.44522335715969,,,,20.562,-1.375,-1.438,23.0,-104.75,-10.375,-36.375,0.011,-0.012,0.041,0.43,0.26,9.47,0.57,-0.05,-0.32,-0.13,0.32,9.8,1.35375,2.5,0.0,0.0,0.0,7.0,1017.0,67.29,-16.79
2025-03-24 18:19:14.106000+00:00,50.44522335715969,,,,20.562,-1.5,-1.625,23.0,-104.75,-10.375,-36.375,0.011,-0.012,0.041,0.43,0.26,9.47,0.57,-0.05,-0.32,-0.13,0.32,9.8,1.35375,2.5,0.0,0.0,0.0,7.0,1017.0,67.29,-16.79
2025-03-24 18:19:14.884000+00:00,50.44522335715969,,,,20.625,-1.438,-1.562,23.0,-104.75,-10.375,-36.375,0.011,-0.012,0.041,0.43,0.26,9.47,0.57,-0.05,-0.32,-0.13,0.32,9.8,1.35375,2.5,0.0,0.0,0.0,7.0,1017.0,67.29,-16.79
2025-03-24 18:19:15.894000+00:00,50.44522335715969,,,,20.5,-1.75,-1.812,23.0,-104.75,-10.375,-36.375,0.011,-0.012,0.041,0.43,0.26,9.47,0.57,-0.05,-0.32,-0.13,0.32,9.8,1.35375,2.5,0.0,0.0,0.0,7.0,1017.0,67.29,-16.79
2025-03-24 18:19:16.905000+00:00,50.44522335715969,,,,20.5,-1.5,-1.562,23.0,-104.75,-10.375,-36.375,0.011,-0.012,0.041,0.43,0.26,9.47,0.57,-0.05,-0.32,-0.13,0.32,9.8,1.35375,2.5,0.0,0.0,0.0,7.0,1017.0,67.29,-16.79
2025-03-24 18:19:17.915000+00:00,50.44522335715969,,,,20.5,-1.75,-1.562,23.0,-104.75,-10.375,-36.375,0.011,-0.012,0.041,0.43,0.26,9.47,0.57,-0.05,-0.32,-0.13,0.32,9.8,1.35375,2.5,0.0,0.0,0.0,7.0,1017.0,67.29,-16.79
2025-03-24 18:19:18.924000+00:00,50.44522335715969,,,,20.5,-1.625,-1.562,23.0,-104.75,-10.375,-36.375,0.011,-0.012,0.041,0.43,0.26,9.47,0.57,-0.05,-0.32,-0.13,0.32,9.8,1.35375,2.5,0.0,0.0,0.0,7.0,1017.0,67.29,-16.79
2025-03-24 18:19:19.934000+00:00,50.44522335715969,,,,20.438,-1.812,-1.625,23.0,-104.75,-10.375,-36.375,0.011,-0.012,0.041,0.43,0.26,9.47,0.57,-0.05,-0.32,-0.13,0.32,9.8,1.35375,2.5,0.0,0.0,0.0,7.0,1017.0,67.29,-16.79
2025-03-24 18:19:20.946000+00:00,50.44522335715969,,,,20.5,-1.75,-1.688,23.0,-104.75,-10.375,-36.375,0.011,-0.012,0.041,0.43,0.26,9.47,0.57,-0.05,-0.32,-0.13,0.32,9.8,1.35375,2.5,0.0,0.0,0.0,7.0,1017.0,67.29,-16.79
2025-03-24 18:19:21.979000+00:00,50.44522335715969,,,,20.375,-1.812,-1.688,23.0,-104.75,-10.375,-36.375,0.011,-0.012,0.041,0.43,0.26,9.47,0.57,-0.05,-0.32,-0.13,0.32,9.8,1.35375,2.5,0.0,0.0,0.0,7.0,1017.0,67.29,-16.79
2025-03-24 18:19:23.109000+00:00,50.44522335715969,,,,20.312,-1.625,-1.625,23.0,-104.75,-10.375,-36.375,0.011,-0.012,0.041,0.43,0.26,9.47,0.57,-0.05,-0.32,-0.13,0.32,9.8,1.35375,2.5,0.0,0.0,0.0,7.0,1017.0,67.29,-16.79
2025-03-24 18:19:24.215000+00:00,50.44522335715969,,,,20.438,-1.875,-1.688,23.0,-104.75,-10.375,-36.375,0.011,-0.012,0.041,0.43,0.26,9.47,0.57,-0.05,-0.32,-0.13,0.32,9.8,1.35375,2.5,0.0,0.0,0.0,7.0,1017.0,67.29,-16.79
2025-03-24 18:19:24.979000+00:00,50.44522335715969,,,,20.375,-1.688,-1.562,23.0,-104.75,-10.375,-36.375,0.011,-0.012,0.041,0.43,0.26,9.47,0.57,-0.05,-0.32,-0.13,0.32,9.8,1.35375,2.5,0.0,0.0,0.0,7.0,1017.0,67.29,-16.79
2025-03-24 18:19:25.992000+00:00,50.44522335715969,,,,20.375,-1.812,-1.688,23.0,-104.75,-10.375,-36.375,0.011,-0.012,0.041,0.43,0.26,9.47,0.57,-0.05,-0.32,-0.13,0.32,9.8,1.35375,2.5,0.0,0.0,0.0,7.0,1017.0,67.29,-16.79
2025-03-24 18:19:27+00:00,50.44522335715969,,,,20.312,-1.562,-1.625,23.0,-104.75,-10.375,-36.375,0.011,-0.012,0.041,0.43,0.26,9.47,0.57,-0.05,-0.32,-0.13,0.32,9.8,1.35375,2.5,0.0,0.0,0.0,7.0,1017.0,67.29,-16.79
2025-03-24 18:19:28.012000+00:00,50.44522335715969,,,,20.375,-1.75,-1.812,23.0,-104.75,-10.375,-36.375,0.011,-0.012,0.041,0.43,0.26,9.47,0.57,-0.05,-0.32,-0.13,0.32,9.8,1.35375,2.5,0.0,0.0,0.0,7.0,1017.0,67.29,-16.79
2025-03-24 18:19:29.019000+00:00,50.44522335715969,,,,20.375,-1.562,-1.688,23.0,-104.75,-10.375,-36.375,0.011,-0.012,0.041,0.43,0.26,9.47,0.57,-0.05,-0.32,-0.13,0.32,9.8,1.35375,2.5,0.0,0.0,0.0,7.0,1017.0,67.29,-16.79
2025-03-24 18:19:30.027000+00:00,50.44522335715969,,,,20.375,-1.688,-1.875,23.0,-104.75,-10.375,-36.375,0.011,-0.012,0.041,0.43,0.26,9.47,0.57,-0.05,-0.32,-0.13,0.32,9.8,1.35375,2.5,0.0,0.0,0.0,7.0,1017.0,67.29,-16.79
2025-03-24 18:19:31.037000+00:00,50.44522335715969,,,,20.375,-1.562,-1.75,23.0,-104.75,-10.375,-36.375,0.011,-0.012,0.041,0.43,0.26,9.47,0.57,-0.05,-0.32,-0.13,0.32,9.8,1.35375,2.5,0.0,0.0,0.0,7.0,1017.0,67.29,-16.79
2025-03-24 18:19:32.069000+00:00,50.44522335715969,,,,20.312,-1.75,-1.688,23.0,-104.75,-10.375,-36.375,0.011,-0.012,0.041,0.43,0.26,9.47,0.57,-0.05,-0.32,-0.13,0.32,9.8,1.35375,2.5,0.0,0.0,0.0,7.0,1017.0,67.29,-16.79
2025-03-24 18:19:33.080000+00:00,50.44522335715969,,,,20.188,-1.562,-1.625,23.0,-104.75,-10.375,-36.375,0.011,-0.012,0.041,0.43,0.26,9.47,0.57,-0.05,-0.32,-0.13,0.32,9.8,1.35375,2.5,0.0,0.0,0.0,7.0,1017.0,67.29,-16.79
2025-03-24 18:19:34.170000+00:00,50.44522335715969,,,,20.125,-1.812,-1.688,23.0,-104.75,-10.375,-36.375,0.011,-0.012,0.041,0.43,0.26,9.47,0.57,-0.05,-0.32,-0.13,0.32,9.8,1.35375,2.5,0.0,0.0,0.0,7.0,1017.0,67.29,-16.79
2025-03-24 18:19:35.317000+00:00,50.44522335715969,,,,20.188,-1.562,-1.688,23.0,-104.75,-10.375,-36.375,0.011,-0.012,0.041,0.43,0.26,9.47,0.57,-0.05,-0.32,-0.13,0.32,9.8,1.35375,2.5,0.0,0.0,0.0,7.0,1017.0,67.29,-16.79
2025-03-24 18:19:36.289000+00:00,50.44522335715969,,,,20.125,-1.562,-1.625,23.0,-104.75,-10.375,-36.375,0.011,-0.012,0.041,0.43,0.26,9.47,0.57,-0.05,-0.32,-0.13,0.32,9.8,1.35375,2.5,0.0,0.0,0.0,7.0,1017.0,67.29,-16.79
2025-03-24 18:19:37.092000+00:00,50.44522335715969,,,,20.188,-1.625,-1.688,23.0,-104.75,-10.375,-36.375,0.011,-0.012,0.041,0.43,0.26,9.47,0.57,-0.05,-0.32,-0.13,0.32,9.8,1.35375,2.5,0.0,0.0,0.0,7.0,1017.0,67.29,-16.79
2025-03-24 18:18:37.585000+00:00,50.44522335715969,,,,20.188,-1.625,-1.688,23.0,-104.75,-10.375,-36.375,0.011,-0.012,0.041,0.43,0.26,9.47,0.57,-0.05,-0.32,-0.13,0.32,9.8,1.35375,2.5,0.0,0.0,0.0,7.0,1017.0,67.29,-16.79
2025-03-24 18:18:37.982000+00:00,50.44522335715969,,,,20.188,-1.625,-1.688,22.93,-104.75,-10.375,-36.375,0.011,-0.012,0.041,0.43,0.26,9.47,0.57,-0.05,-0.32,-0.13,0.32,9.8,1.35375,2.5,0.0,0.0,0.0,7.0,1017.0,67.29,-16.79
2025-03-24 18:18:38.596000+00:00,50.44522335715969,,,,20.188,-1.625,-1.688,23.0,-104.75,-10.375,-36.375,0.011,-0.012,0.041,0.43,0.26,9.47,0.57,-0.05,-0.32,-0.13,0.32,9.8,1.35375,2.5,0.0,0.0,0.0,7.0,1017.0,67.29,-16.79
2025-03-24 18:18:39.382000+00:00,50.44522335715969,,,,20.188,-1.625,-1.688,22.93,-104.75,-10.375,-36.375,0.011,-0.012,0.041,0.43,0.26,9.47,0.57,-0.05,-0.32,-0.13,0.32,9.8,1.35375,2.5,0.0,0.0,0.0,7.0,1017.0,67.29,-16.79
2025-03-24 18:18:39.653000+00:00,50.44522335715969,,,,20.188,-1.625,-1.688,23.0,-104.75,-10.375,-36.375,0.011,-0.012,0.041,0.43,0.26,9.47,0.57,-0.05,-0.32,-0.13,0.32,9.8,1.35375,2.5,0.0,0.0,0.0,7.0,1017.0,67.29,-16.79
2025-03-24 18:18:40.201000+00:00,50.44522335715969,,,,20.188,-1.625,-1.688,22.92,-104.75,-10.375,-36.375,0.011,-0.012,0.041,0.43,0.26,9.47,0.57,-0.05,-0.32,-0.13,0.32,9.8,1.35375,2.5,0.0,0.0,0.0,7.0,1017.0,67.29,-16.79
2025-03-24 18:18:40.602000+00:00,50.44522335715969,,,,20.188,-1.625,-1.688,23.0,-104.75,-10.375,-36.375,0.011,-0.012,0.041,0.43,0.26,9.47,0.57,-0.05,-0.32,-0.13,0.32,9.8,1.35375,2.5,0.0,0.0,0.0,7.0,1017.0,67.29,-16.79
2025-03-24 18:18:41.362000+00:00,50.44522335715969,,,,20.188,-1.625,-1.688,22.92,-104.75,-10.375,-36.375,0.011,-0.012,0.041,0.43,0.26,9.47,0.57,-0.05,-0.32,-0.13,0.32,9.8,1.35375,2.5,0.0,0.0,0.0,7.0,1017.0,67.29,-16.79
2025-03-24 18:18:41.642000+00:00,50.44522335715969,,,,20.188,-1.625,-1.688,23.0,-104.75,-10.375,-36.375,0.011,-0.012,0.041,0.43,0.26,9.47,0.57,-0.05,-0.32,-0.13,0.32,9.8,1.35375,2.5,0.0,0.0,0.0,7.0,1017.0,67.29,-16.79
2025-03-24 18:18:42.492000+00:00,50.44522335715969,,,,20.188,-1.625,-1.688,22.92,-104.75,-10.375,-36.375,0.011,-0.012,0.041,0.43,0.26,9.47,0.57,-0.05,-0.32,-0.13,0.32,9.8,1.35375,2.5,0.0,0.0,0.0,7.0,1017.0,67.29,-16.79
2025-03-24 18:18:42.757000+00:00,50.44522335715969,,,,20.188,-1.625,-1.688,23.0,-104.75,-10.375,-36.375,0.011,-0.012,0.041,0.43,0.26,9.47,0.57,-0.05,-0.32,-0.13,0.32,9.8,1.35375,2.5,0.0,0.0,0.0,7.0,1017.0,67.29,-16.79
2025-03-24 18:18:43.642000+00:00,50.44522335715969,,,,20.188,-1.625,-1.688,22.92,-104.75,-10.375,-36.375,0.011,-0.012,0.041,0.43,0.26,9.47,0.57,-0.05,-0.32,-0.13,0.32,9.8,1.35375,2.5,0.0,0.0,0.0,7.0,1017.0,67.29,-16.79
2025-03-24 18:18:43.939000+00:00,50.44522335715969,,,,20.188,-1.625,-1.688,23.0,-104.75,-10.375,-36.375,0.011,-0.012,0.041,0.43,0.26,9.47,0.57,-0.05,-0.32,-0.13,0.32,9.8,1.35375,2.5,0.0,0.0,0.0,7.0,1017.0,67.29,-16.79
2025-03-24 18:18:44.652000+00:00,50.44522335715969,,,,20.188,-1.625,-1.688,23.0,-104.75,-10.375,-36.375,0.011,-0.012,0.041,0.43,0.26,9.47,0.57,-0.05,-0.32,-0.13,0.32,9.8,1.35375,2.5,0.0,0.0,0.0,7.0,1017.0,67.29,-16.79
2025-03-24 18:18:45.117000+00:00,50.44522335715969,,,,20.188,-1.625,-1.688,22.92,-104.75,-10.375,-36.375,0.011,-0.012,0.041,0.43,0.26,9.47,0.57,-0.05,-0.32,-0.13,0.32,9.8,1.35375,2.5,0.0,0.0,0.0,7.0,1017.0,67.29,-16.79
2025-03-24 18:18:45.658000+00:00,50.44522335715969,,,,20.188,-1.625,-1.688,23.0,-104.75,-10.375,-36.375,0.011,-0.012,0.041,0.43,0.26,9.47,0.57,-0.05,-0.32,-0.13,0.32,9.8,1.35375,2.5,0.0,0.0,0.0,7.0,1017.0,67.29,-16.79
2025-03-24 18:18:46.112000+00:00,50.44522335715969,,,,20.188,-1.625,-1.688,22.92,-104.75,-10.375,-36.375,0.011,-0.012,0.041,0.43,0.26,9.47,0.57,-0.05,-0.32,-0.13,0.32,9.8,1.35375,2.5,0.0,0.0,0.0,7.0,1017.0,67.29,-16.79
2025-03-24 18:18:46.662000+00:00,50.44522335715969,,,,20.188,-1.625,-1.688,23.0,-104.75,-10.375,-36.375,0.011,-0.012,0.041,0.43,0.26,9.47,0.57,-0.05,-0.32,-0.13,0.32,9.8,1.35375,2.5,0.0,0.0,0.0,7.0,1017.0,67.29,-16.79
2025-03-24 18:18:47.081000+00:00,50.44522335715969,,,,20.188,-1.625,-1.688,22.92,-104.75,-10.375,-36.375,0.011,-0.012,0.041,0.43,0.26,9.47,0.57,-0.05,-0.32,-0.13,0.32,9.8,1.35375,2.5,0.0,0.0,0.0,7.0,1017.0,67.29,-16.79
2025-03-24 18:18:47.679000+00:00,50.44522335715969,,,,20.188,-1.625,-1.688,23.0,-104.75,-10.375,-36.375,0.011,-0.012,0.041,0.43,0.26,9.47,0.57,-0.05,-0.32,-0.13,0.32,9.8,1.35375,2.5,0.0,0.0,0.0,7.0,1017.0,67.29,-16.79
2025-03-24 18:18:48.133000+00:00,50.44522335715969,,,,20.188,-1.625,-1.688,22.92,-104.75,-10.375,-36.375,0.011,-0.012,0.041,0.43,0.26,9.47,0.57,-0.05,-0.32,-0.13,0.32,9.8,1.35375,2.5,0.0,0.0,0.0,7.0,1017.0,67.29,-16.79
2025-03-24 18:18:48.689000+00:00,50.44522335715969,,,,20.188,-1.625,-1.688,23.0,-104.75,-10.375,-36.375,0.011,-0.012,0.041,0.43,0.26,9.47,0.57,-0.05,-0.32,-0.13,0.32,9.8,1.35375,2.5,0.0,0.0,0.0,7.0,1017.0,67.29,-16.79
2025-03-24 18:18:49.101000+00:00,50.44522335715969,,,,20.188,-1.625,-1.688,22.92,-104.75,-10.375,-36.375,0.011,-0.012,0.041,0.43,0.26,9.47,0.57,-0.05,-0.32,-0.13,0.32,9.8,1.35375,2.5,0.0,0.0,0.0,7.0,1017.0,67.29,-16.79
2025-03-24 18:18:49.692000+00:00,50.44522335715969,,,,20.188,-1.625,-1.688,23.0,-104.75,-10.375,-36.375,0.011,-0.012,0.041,0.43,0.26,9.47,0.57,-0.05,-0.32,-0.13,0.32,9.8,1.35375,2.5,0.0,0.0,0.0,7.0,1017.0,67.29,-16.79
2025-03-24 18:18:50.112000+00:00,50.44522335715969,,,,20.188,-1.625,-1.688,22.92,-104.75,-10.375,-36.375,0.011,-0.012,0.041,0.43,0.26,9.47,0.57,-0.05,-0.32,-0.13,0.32,9.8,1.35375,2.5,0.0,0.0,0.0,7.0,1017.0,67.29,-16.79
2025-03-24 18:18:50.702000+00:00,50.44522335715969,,,,20.188,-1.625,-1.688,23.0,-104.75,-10.375,-36.375,0.011,-0.012,0.041,0.43,0.26,9.47,0.57,-0.05,-0.32,-0.13,0.32,9.8,1.35375,2.5,0.0,0.0,0.0,7.0,1017.0,67.29,-16.79
2025-03-24 18:18:51.252000+00:00,50.44522335715969,,,,20.188,-1.625,-1.688,22.92,-104.75,-10.375,-36.375,0.011,-0.012,0.041,0.43,0.26,9.47,0.57,-0.05,-0.32,-0.13,0.32,9.8,1.35375,2.5,0.0,0.0,0.0,7.0,1017.0,67.29,-16.79
2025-03-24 18:18:51.718000+00:00,50.44522335715969,,,,20.188,-1.625,-1.688,23.0,-104.75,-10.375,-36.375,0.011,-0.012,0.041,0.43,0.26,9.47,0.57,-0.05,-0.32,-0.13,0.32,9.8,1.35375,2.5,0.0,0.0,0.0,7.0,1017.0,67.29,-16.79
2025-03-24 18:18:52.457000+00:00,50.44522335715969,,,,20.188,-1.625,-1.688,22.92,-104.75,-10.375,-36.375,0.011,-0.012,0.041,0.43,0.26,9.47,0.57,-0.05,-0.32,-0.13,0.32,9.8,1.35375,2.5,0.0,0.0,0.0,7.0,1017.0,67.29,-16.79
2025-03-24 18:18:52.722000+00:00,50.44522335715969,,,,20.188,-1.625,-1.688,23.0,-104.75,-10.375,-36.375,0.011,-0.012,0.041,0.43,0.26,9.47,0.57,-0.05,-0.32,-0.13,0.32,9.8,1.35375,2.5,0.0,0.0,0.0,7.0,1017.0,67.29,-16.79
2025-03-24 18:18:53.547000+00:00,50.44522335715969,,,,20.188,-1.625,-1.688,22.92,-104.75,-10.375,-36.375,0.011,-0.012,0.041,0.43,0.26,9.47,0.57,-0.05,-0.32,-0.13,0.32,9.8,1.35375,2.5,0.0,0.0,0.0,7.0,1017.0,67.29,-16.79
2025-03-24 18:18:53.832000+00:00,50.44522335715969,,,,20.188,-1.625,-1.688,23.0,-104.75,-10.375,-36.375,0.011,-0.012,0.041,0.43,0.26,9.47,0.57,-0.05,-0.32,-0.13,0.32,9.8,1.35375,2.5,0.0,0.0,0.0,7.0,1017.0,67.29,-16.79
2025-03-24 18:18:54.700000+00:00,50.44522335715969,,,,20.188,-1.625,-1.688,22.92,-104.75,-10.375,-36.375,0.011,-0.012,0.041,0.43,0.26,9.47,0.57,-0.05,-0.32,-0.13,0.32,9.8,1.35375,2.5,0.0,0.0,0.0,7.0,1017.0,67.29,-16.79
2025-03-24 18:18:55.031000+00:00,50.44522335715969,,,,20.188,-1.625,-1.688,23.0,-104.75,-10.375,-36.375,0.011,-0.012,0.041,0.43,0.26,9.47,0.57,-0.05,-0.32,-0.13,0.32,9.8,1.35375,2.5,0.0,0.0,0.0,7.0,1017.0,67.29,-16.79
2025-03-24 18:18:55.750000+00:00,50.44522335715969,,,,20.188,-1.625,-1.688,22.92,-104.75,-10.375,-36.375,0.011,-0.012,0.041,0.43,0.26,9.47,0.57,-0.05,-0.32,-0.13,0.32,9.8,1.35375,2.5,0.0,0.0,0.0,7.0,1017.0,67.29,-16.79
2025-03-24 18:18:56.011000+00:00,50.44522335715969,,,,20.188,-1.625,-1.688,23.0,-104.75,-10.375,-36.375,0.011,-0.012,0.041,0.43,0.26,9.47,0.57,-0.05,-0.32,-0.13,0.32,9.8,1.35375,2.5,0.0,0.0,0.0,7.0,1017.0,67.29,-16.79
2025-03-24 18:18:56.763000+00:00,50.44522335715969,,,,20.188,-1.625,-1.688,23.0,-104.75,-10.375,-36.375,0.011,-0.012,0.041,0.43,0.26,9.47,0.57,-0.05,-0.32,-0.13,0.32,9.8,1.35375,2.5,0.0,0.0,0.0,7.0,1017.0,67.29,-16.79
2025-03-24 18:18:57.167000+00:00,50.44522335715969,,,,20.188,-1.625,-1.688,22.92,-104.75,-10.375,-36.375,0.011,-0.012,0.041,0.43,0.26,9.47,0.57,-0.05,-0.32,-0.13,0.32,9.8,1.35375,2.5,0.0,0.0,0.0,7.0,1017.0,67.29,-16.79
2025-03-24 18:18:57.776000+00:00,50.44522335715969,,,,20.188,-1.625,-1.688,23.0,-104.75,-10.375,-36.375,0.011,-0.012,0.041,0.43,0.26,9.47,0.57,-0.05,-0.32,-0.13,0.32,9.8,1.35375,2.5,0.0,0.0,0.0,7.0,1017.0,67.29,-16.79
2025-03-24 18:18:58.201000+00:00,50.44522335715969,,,,20.188,-1.625,-1.688,22.92,-104.75,-10.375,-36.375,0.011,-0.012,0.041,0.43,0.26,9.47,0.57,-0.05,-0.32,-0.13,0.32,9.8,1.35375,2.5,0.0,0.0,0.0,7.0,1017.0,67.29,-16.79
2025-03-24 18:18:58.785000+00:00,50.44522335715969,,,,20.188,-1.625,-1.688,23.0,-104.75,-10.375,-36.375,0.011,-0.012,0.041,0.43,0.26,9.47,0.57,-0.05,-0.32,-0.13,0.32,9.8,1.35375,2.5,0.0,0.0,0.0,7.0,1017.0,67.29,-16.79
2025-03-24 18:18:59.210000+00:00,50.44522335715969,,,,20.188,-1.625,-1.688,22.92,-104.75,-10.375,-36.375,0.011,-0.012,0.041,0.43,0.26,9.47,0.57,-0.05,-0.32,-0.13,0.32,9.8,1.35375,2.5,0.0,0.0,0.0,7.0,1017.0,67.29,-16.79
2025-03-24 18:18:59.794000+00:00,50.44522335715969,,,,20.188,-1.625,-1.688,23.0,-104.75,-10.375,-36.375,0.011,-0.012,0.041,0.43,0.26,9.47,0.57,-0.05,-0.32,-0.13,0.32,9.8,1.35375,2.5,0.0,0.0,0.0,7.0,1017.0,67.29,-16.79
2025-03-24 18:19:00.271000+00:00,50.44522335715969,,,,20.188,-1.625,-1.688,22.92,-104.75,-10.375,-36.375,0.011,-0.012,0.041,0.43,0.26,9.47,0.57,-0.05,-0.32,-0.13,0.32,9.8,1.35375,2.5,0.0,0.0,0.0,7.0,1017.0,67.29,-16.79
2025-03-24 18:19:00.807000+00:00,50.44522335715969,,,,20.188,-1.625,-1.688,23.0,-104.75,-10.375,-36.375,0.011,-0.012,0.041,0.43,0.26,9.47,0.57,-0.05,-0.32,-0.13,0.32,9.8,1.35375,2.5,0.0,0.0,0.0,7.0,1017.0,67.29,-16.79
2025-03-24 18:19:01.495000+00:00,50.44522335715969,,,,20.188,-1.625,-1.688,22.92,-104.75,-10.375,-36.375,0.011,-0.012,0.041,0.43,0.26,9.47,0.57,-0.05,-0.32,-0.13,0.32,9.8,1.35375,2.5,0.0,0.0,0.0,7.0,1017.0,67.29,-16.79
2025-03-24 18:19:01.828000+00:00,50.44522335715969,,,,20.188,-1.625,-1.688,23.0,-104.75,-10.375,-36.375,0.011,-0.012,0.041,0.43,0.26,9.47,0.57,-0.05,-0.32,-0.13,0.32,9.8,1.35375,2.5,0.0,0.0,0.0,7.0,1017.0,67.29,-16.79
2025-03-24 18:19:02.487000+00:00,50.44522335715969,,,,20.188,-1.625,-1.688,22.92,-104.75,-10.375,-36.375,0.011,-0.012,0.041,0.43,0.26,9.47,0.57,-0.05,-0.32,-0.13,0.32,9.8,1.35375,2.5,0.0,0.0,0.0,7.0,1017.0,67.29,-16.79
2025-03-24 18:19:02.824000+00:00,50.44522335715969,,,,20.188,-1.625,-1.688,23.0,-104.75,-10.375,-36.375,0.011,-0.012,0.041,0.43,0.26,9.47,0.57,-0.05,-0.32,-0.13,0.32,9.8,1.35375,2.5,0.0,0.0,0.0,7.0,1017.0,67.29,-16.79
2025-03-24 18:19:03.471000+00:00,50.44522335715969,,,,20.188,-1.625,-1.688,22.92,-104.75,-10.375,-36.375,0.011,-0.012,0.041,0.43,0.26,9.47,0.57,-0.05,-0.32,-0.13,0.32,9.8,1.35375,2.5,0.0,0.0,0.0,7.0,1017.0,67.29,-16.79
2025-03-24 18:19:03.830000+00:00,50.44522335715969,,,,20.188,-1.625,-1.688,23.0,-104.75,-10.375,-36.375,0.011,-0.012,0.041,0.43,0.26,9.47,0.57,-0.05,-0.32,-0.13,0.32,9.8,1.35375,2.5,0.0,0.0,0.0,7.0,1017.0,67.29,-16.79
2025-03-24 18:19:04.526000+00:00,50.44522335715969,,,,20.188,-1.625,-1.688,22.92,-104.75,-10.375,-36.375,0.011,-0.012,0.041,0.43,0.26,9.47,0.57,-0.05,-0.32,-0.13,0.32,9.8,1.35375,2.5,0.0,0.0,0.0,7.0,1017.0,67.29,-16.79
2025-03-24 18:19:04.840000+00:00,50.44522335715969,,,,20.188,-1.625,-1.688,23.0,-104.75,-10.375,-36.375,0.011,-0.012,0.041,0.43,0.26,9.47,0.57,-0.05,-0.32,-0.13,0.32,9.8,1.35375,2.5,0.0,0.0,0.0,7.0,1017.0,67.29,-16.79
2025-03-24 18:19:05.660000+00:00,50.44522335715969,,,,20.188,-1.625,-1.688,22.92,-104.75,-10.375,-36.375,0.011,-0.012,0.041,0.43,0.26,9.47,0.57,-0.05,-0.32,-0.13,0.32,9.8,1.35375,2.5,0.0,0.0,0.0,7.0,1017.0,67.29,-16.79
2025-03-24 18:19:05.922000+00:00,50.44522335715969,,,,20.188,-1.625,-1.688,23.0,-104.75,-10.375,-36.375,0.011,-0.012,0.041,0.43,0.26,9.47,0.57,-0.05,-0.32,-0.13,0.32,9.8,1.35375,2.5,0.0,0.0,0.0,7.0,1017.0,67.29,-16.79
2025-03-24 18:19:06.816000+00:00,50.44522335715969,,,,20.188,-1.625,-1.688,22.92,-104.75,-10.375,-36.375,0.011,-0.012,0.041,0.43,0.26,9.47,0.57,-0.05,-0.32,-0.13,0.32,9.8,1.35375,2.5,0.0,0.0,0.0,7.0,1017.0,67.29,-16.79
2025-03-24 18:19:07.074000+00:00,50.44522335715969,,,,20.188,-1.625,-1.688,23.0,-104.75,-10.375,-36.375,0.011,-0.012,0.041,0.43,0.26,9.47,0.57,-0.05,-0.32,-0.13,0.32,9.8,1.35375,2.5,0.0,0.0,0.0,7.0,1017.0,67.29,-16.79
2025-03-24 18:19:07.860000+00:00,50.44522335715969,,,,20.188,-1.625,-1.688,22.92,-104.75,-10.375,-36.375,0.011,-0.012,0.041,0.43,0.26,9.47,0.57,-0.05,-0.32,-0.13,0.32,9.8,1.35375,2.5,0.0,0.0,0.0,7.0,1017.0,67.29,-16.79
2025-03-24 18:19:08.130000+00:00,50.44522335715969,,,,20.188,-1.625,-1.688,23.0,-104.75,-10.375,-36.375,0.011,-0.012,0.041,0.43,0.26,9.47,0.57,-0.05,-0.32,-0.13,0.32,9.8,1.35375,2.5,0.0,0.0,0.0,7.0,1017.0,67.29,-16.79
2025-03-24 18:19:08.879000+00:00,50.44522335715969,,,,20.188,-1.625,-1.688,23.0,-104.75,-10.375,-36.375,0.011,-0.012,0.041,0.43,0.26,9.47,0.57,-0.05,-0.32,-0.13,0.32,9.8,1.35375,2.5,0.0,0.0,0.0,7.0,1017.0,67.29,-16.79
2025-03-24 18:19:09.320000+00:00,50.44522335715969,,,,20.188,-1.625,-1.688,22.92,-104.75,-10.375,-36.375,0.011,-0.012,0.041,0.43,0.26,9.47,0.57,-0.05,-0.32,-0.13,0.32,9.8,1.35375,2.5,0.0,0.0,0.0,7.0,1017.0,67.29,-16.79
2025-03-24 18:19:09.893000+00:00,50.44522335715969,,,,20.188,-1.625,-1.688,23.0,-104.75,-10.375,-36.375,0.011,-0.012,0.041,0.43,0.26,9.47,0.57,-0.05,-0.32,-0.13,0.32,9.8,1.35375,2.5,0.0,0.0,0.0,7.0,1017.0,67.29,-16.79
2025-03-24 18:19:10.486000+00:00,50.44522335715969,,,,20.188,-1.625,-1.688,22.89,-104.75,-10.375,-36.375,0.011,-0.012,0.041,0.43,0.26,9.47,0.57,-0.05,-0.32,-0.13,0.32,9.8,1.35375,2.5,0.0,0.0,0.0,7.0,1017.0,67.29,-16.79
2025-03-24 18:19:10.900000+00:00,50.44522335715969,,,,20.188,-1.625,-1.688,23.0,-104.75,-10.375,-36.375,0.011,-0.012,0.041,0.43,0.26,9.47,0.57,-0.05,-0.32,-0.13,0.32,9.8,1.35375,2.5,0.0,0.0,0.0,7.0,1017.0,67.29,-16.79
2025-03-24 18:19:11.600000+00:00,50.44522335715969,,,,20.188,-1.625,-1.688,22.89,-104.75,-10.375,-36.375,0.011,-0.012,0.041,0.43,0.26,9.47,0.57,-0.05,-0.32,-0.13,0.32,9.8,1.35375,2.5,0.0,0.0,0.0,7.0,1017.0,67.29,-16.79
2025-03-24 18:19:11.913000+00:00,50.44522335715969,,,,20.188,-1.625,-1.688,23.0,-104.75,-10.375,-36.375,0.011,-0.012,0.041,0.43,0.26,9.47,0.57,-0.05,-0.32,-0.13,0.32,9.8,1.35375,2.5,0.0,0.0,0.0,7.0,1017.0,67.29,-16.79
2025-03-24 18:19:12.739000+00:00,50.44522335715969,,,,20.188,-1.625,-1.688,22.89,-104.75,-10.375,-36.375,0.011,-0.012,0.041,0.43,0.26,9.47,0.57,-0.05,-0.32,-0.13,0.32,9.8,1.35375,2.5,0.0,0.0,0.0,7.0,1017.0,67.29,-16.79
2025-03-24 18:19:12.989000+00:00,50.44522335715969,,,,20.188,-1.625,-1.688,23.0,-104.75,-10.375,-36.375,0.011,-0.012,0.041,0.43,0.26,9.47,0.57,-0.05,-0.32,-0.13,0.32,9.8,1.35375,2.5,0.0,0.0,0.0,7.0,1017.0,67.29,-16.79
2025-03-24 18:19:13.889000+00:00,50.44522335715969,,,,20.188,-1.625,-1.688,22.89,-104.75,-10.375,-36.375,0.011,-0.012,0.041,0.43,0.26,9.47,0.57,-0.05,-0.32,-0.13,0.32,9.8,1.35375,2.5,0.0,0.0,0.0,7.0,1017.0,67.29,-16.79
2025-03-24 18:19:14.166000+00:00,50.44522335715969,,,,20.188,-1.625,-1.688,23.0,-104.75,-10.375,-36.375,0.011,-0.012,0.041,0.43,0.26,9.47,0.57,-0.05,-0.32,-0.13,0.32,9.8,1.35375,2.5,0.0,0.0,0.0,7.0,1017.0,67.29,-16.79
2025-03-24 18:19:14.941000+00:00,50.44522335715969,,,,20.188,-1.625,-1.688,23.0,-104.75,-10.375,-36.375,0.011,-0.012,0.041,0.43,0.26,9.47,0.57,-0.05,-0.32,-0.13,0.32,9.8,1.35375,2.5,0.0,0.0,0.0,7.0,1017.0,67.29,-16.79
2025-03-24 18:19:15.371000+00:00,50.44522335715969,,,,20.188,-1.625,-1.688,22.89,-104.75,-10.375,-36.375,0.011,-0.012,0.041,0.43,0.26,9.47,0.57,-0.05,-0.32,-0.13,0.32,9.8,1.35375,2.5,0.0,0.0,0.0,7.0,1017.0,67.29,-16.79
2025-03-24 18:19:15.949000+00:00,50.44522335715969,,,,20.188,-1.625,-1.688,23.0,-104.75,-10.375,-36.375,0.011,-0.012,0.041,0.43,0.26,9.47,0.57,-0.05,-0.32,-0.13,0.32,9.8,1.35375,2.5,0.0,0.0,0.0,7.0,1017.0,67.29,-16.79
2025-03-24 18:19:16.395000+00:00,50.44522335715969,,,,20.188,-1.625,-1.688,22.89,-104.75,-10.375,-36.375,0.011,-0.012,0.041,0.43,0.26,9.47,0.57,-0.05,-0.32,-0.13,0.32,9.8,1.35375,2.5,0.0,0.0,0.0,7.0,1017.0,67.29,-16.79
2025-03-24 18:19:16.963000+00:00,50.44522335715969,,,,20.188,-1.625,-1.688,23.0,-104.75,-10.375,-36.375,0.011,-0.012,0.041,0.43,0.26,9.47,0.57,-0.05,-0.32,-0.13,0.32,9.8,1.35375,2.5,0.0,0.0,0.0,7.0,1017.0,67.29,-16.79
2025-03-24 18:19:17.423000+00:00,50.44522335715969,,,,20.188,-1.625,-1.688,22.89,-104.75,-10.375,-36.375,0.011,-0.012,0.041,0.43,0.26,9.47,0.57,-0.05,-0.32,-0.13,0.32,9.8,1.35375,2.5,0.0,0.0,0.0,7.0,1017.0,67.29,-16.79
2025-03-24 18:19:17.970000+00:00,50.44522335715969,,,,20.188,-1.625,-1.688,23.0,-104.75,-10.375,-36.375,0.011,-0.012,0.041,0.43,0.26,9.47,0.57,-0.05,-0.32,-0.13,0.32,9.8,1.35375,2.5,0.0,0.0,0.0,7.0,1017.0,67.29,-16.79
2025-03-24 18:19:18.470000+00:00,50.44522335715969,,,,20.188,-1.625,-1.688,22.89,-104.75,-10.375,-36.375,0.011,-0.012,0.041,0.43,0.26,9.47,0.57,-0.05,-0.32,-0.13,0.32,9.8,1.35375,2.5,0.0,0.0,0.0,7.0,1017.0,67.29,-16.79
2025-03-24 18:19:18.972000+00:00,50.44522335715969,,,,20.188,-1.625,-1.688,23.0,-104.75,-10.375,-36.375,0.011,-0.012,0.041,0.43,0.26,9.47,0.57,-0.05,-0.32,-0.13,0.32,9.8,1.35375,2.5,0.0,0.0,0.0,7.0,1017.0,67.29,-16.79
2025-03-24 18:19:19.550000+00:00,50.44522335715969,,,,20.188,-1.625,-1.688,22.89,-104.75,-10.375,-36.375,0.011,-0.012,0.041,0.43,0.26,9.47,0.57,-0.05,-0.32,-0.13,0.32,9.8,1.35375,2.5,0.0,0.0,0.0,7.0,1017.0,67.29,-16.79
2025-03-24 18:19:19.993000+00:00,50.44522335715969,,,,20.188,-1.625,-1.688,23.0,-104.75,-10.375,-36.375,0.011,-0.012,0.041,0.43,0.26,9.47,0.57,-0.05,-0.32,-0.13,0.32,9.8,1.35375,2.5,0.0,0.0,0.0,7.0,1017.0,67.29,-16.79
2025-03-24 18:19:20.569000+00:00,50.44522335715969,,,,20.188,-1.625,-1.688,22.89,-104.75,-10.375,-36.375,0.011,-0.012,0.041,0.43,0.26,9.47,0.57,-0.05,-0.32,-0.13,0.32,9.8,1.35375,2.5,0.0,0.0,0.0,7.0,1017.0,67.29,-16.79
2025-03-24 18:19:20.999000+00:00,50.44522335715969,,,,20.188,-1.625,-1.688,23.0,-104.75,-10.375,-36.375,0.011,-0.012,0.041,0.43,0.26,9.47,0.57,-0.05,-0.32,-0.13,0.32,9.8,1.35375,2.5,0.0,0.0,0.0,7.0,1017.0,67.29,-16.79
2025-03-24 18:19:21.711000+00:00,50.44522335715969,,,,20.188,-1.625,-1.688,22.89,-104.75,-10.375,-36.375,0.011,-0.012,0.041,0.43,0.26,9.47,0.57,-0.05,-0.32,-0.13,0.32,9.8,1.35375,2.5,0.0,0.0,0.0,7.0,1017.0,67.29,-16.79
2025-03-24 18:19:22.044000+00:00,50.44522335715969,,,,20.188,-1.625,-1.688,23.0,-104.75,-10.375,-36.375,0.011,-0.012,0.041,0.43,0.26,9.47,0.57,-0.05,-0.32,-0.13,0.32,9.8,1.35375,2.5,0.0,0.0,0.0,7.0,1017.0,67.29,-16.79
2025-03-24 18:19:22.859000+00:00,50.44522335715969,,,,20.188,-1.625,-1.688,22.89,-104.75,-10.375,-36.375,0.011,-0.012,0.041,0.43,0.26,9.47,0.57,-0.05,-0.32,-0.13,0.32,9.8,1.35375,2.5,0.0,0.0,0.0,7.0,1017.0,67.29,-16.79
2025-03-24 18:19:23.166000+00:00,50.44522335715969,,,,20.188,-1.625,-1.688,23.0,-104.75,-10.375,-36.375,0.011,-0.012,0.041,0.43,0.26,9.47,0.57,-0.05,-0.32,-0.13,0.32,9.8,1.35375,2.5,0.0,0.0,0.0,7.0,1017.0,67.29,-16.79
2025-03-24 18:19:24.009000+00:00,50.44522335715969,,,,20.188,-1.625,-1.688,22.89,-104.75,-10.375,-36.375,0.011,-0.012,0.041,0.43,0.26,9.47,0.57,-0.05,-0.32,-0.13,0.32,9.8,1.35375,2.5,0.0,0.0,0.0,7.0,1017.0,67.29,-16.79
2025-03-24 18:19:24.275000+00:00,50.44522335715969,,,,20.188,-1.625,-1.688,23.0,-104.75,-10.375,-36.375,0.011,-0.012,0.041,0.43,0.26,9.47,0.57,-0.05,-0.32,-0.13,0.32,9.8,1.35375,2.5,0.0,0.0,0.0,7.0,1017.0,67.29,-16.79
2025-03-24 18:19:25.032000+00:00,50.44522335715969,,,,20.188,-1.625,-1.688,23.0,-104.75,-10.375,-36.375,0.011,-0.012,0.041,0.43,0.26,9.47,0.57,-0.05,-0.32,-0.13,0.32,9.8,1.35375,2.5,0.0,0.0,0.0,7.0,1017.0,67.29,-16.79
2025-03-24 18:19:25.465000+00:00,50.44522335715969,,,,20.188,-1.625,-1.688,22.89,-104.75,-10.375,-36.375,0.011,-0.012,0.041,0.43,0.26,9.47,0.57,-0.05,-0.32,-0.13,0.32,9.8,1.35375,2.5,0.0,0.0,0.0,7.0,1017.0,67.29,-16.79
2025-03-24 18:19:26.041000+00:00,50.44522335715969,,,,20.188,-1.625,-1.688,23.0,-104.75,-10.375,-36.375,0.011,-0.012,0.041,0.43,0.26,9.47,0.57,-0.05,-0.32,-0.13,0.32,9.8,1.35375,2.5,0.0,0.0,0.0,7.0,1017.0,67.29,-16.79
2025-03-24 18:19:26.453000+00:00,50.44522335715969,,,,20.188,-1.625,-1.688,22.89,-104.75,-10.375,-36.375,0.011,-0.012,0.041,0.43,0.26,9.47,0.57,-0.05,-0.32,-0.13,0.32,9.8,1.35375,2.5,0.0,0.0,0.0,7.0,1017.0,67.29,-16.79
2025-03-24 18:19:27.049000+00:00,50.44522335715969,,,,20.188,-1.625,-1.688,23.0,-104.75,-10.375,-36.375,0.011,-0.012,0.041,0.43,0.26,9.47,0.57,-0.05,-0.32,-0.13,0.32,9.8,1.35375,2.5,0.0,0.0,0.0,7.0,1017.0,67.29,-16.79
2025-03-24 18:19:27.721000+00:00,50.44522335715969,,,,20.188,-1.625,-1.688,22.89,-104.75,-10.375,-36.375,0.011,-0.012,0.041,0.43,0.26,9.47,0.57,-0.05,-0.32,-0.13,0.32,9.8,1.35375,2.5,0.0,0.0,0.0,7.0,1017.0,67.29,-16.79
2025-03-24 18:19:28.063000+00:00,50.44522335715969,,,,20.188,-1.625,-1.688,23.0,-104.75,-10.375,-36.375,0.011,-0.012,0.041,0.43,0.26,9.47,0.57,-0.05,-0.32,-0.13,0.32,9.8,1.35375,2.5,0.0,0.0,0.0,7.0,1017.0,67.29,-16.79
2025-03-24 18:19:28.641000+00:00,50.44522335715969,,,,20.188,-1.625,-1.688,22.89,-104.75,-10.375,-36.375,0.011,-0.012,0.041,0.43,0.26,9.47,0.57,-0.05,-0.32,-0.13,0.32,9.8,1.35375,2.5,0.0,0.0,0.0,7.0,1017.0,67.29,-16.79
2025-03-24 18:19:29.078000+00:00,50.44522335715969,,,,20.188,-1.625,-1.688,23.0,-104.75,-10.375,-36.375,0.011,-0.012,0.041,0.43,0.26,9.47,0.57,-0.05,-0.32,-0.13,0.32,9.8,1.35375,2.5,0.0,0.0,0.0,7.0,1017.0,67.29,-16.79
2025-03-24 18:19:29.669000+00:00,50.44522335715969,,,,20.188,-1.625,-1.688,22.89,-104.75,-10.375,-36.375,0.011,-0.012,0.041,0.43,0.26,9.47,0.57,-0.05,-0.32,-0.13,0.32,9.8,1.35375,2.5,0.0,0.0,0.0,7.0,1017.0,67.29,-16.79
2025-03-24 18:19:30.078000+00:00,50.44522335715969,,,,20.188,-1.625,-1.688,23.0,-104.75,-10.375,-36.375,0.011,-0.012,0.041,0.43,0.26,9.47,0.57,-0.05,-0.32,-0.13,0.32,9.8,1.35375,2.5,0.0,0.0,0.0,7.0,1017.0,67.29,-16.79
2025-03-24 18:19:30.769000+00:00,50.44522335715969,,,,20.188,-1.625,-1.688,22.89,-104.75,-10.375,-36.375,0.011,-0.012,0.041,0.43,0.26,9.47,0.57,-0.05,-0.32,-0.13,0.32,9.8,1.35375,2.5,0.0,0.0,0.0,7.0,1017.0,67.29,-16.79
2025-03-24 18:19:31.088000+00:00,50.44522335715969,,,,20.188,-1.625,-1.688,23.0,-104.75,-10.375,-36.375,0.011,-0.012,0.041,0.43,0.26,9.47,0.57,-0.05,-0.32,-0.13,0.32,9.8,1.35375,2.5,0.0,0.0,0.0,7.0,1017.0,67.29,-16.79
2025-03-24 18:19:31.759000+00:00,50.44522335715969,,,,20.188,-1.625,-1.688,22.89,-104.75,-10.375,-36.375,0.011,-0.012,0.041,0.43,0.26,9.47,0.57,-0.05,-0.32,-0.13,0.32,9.8,1.35375,2.5,0.0,0.0,0.0,7.0,1017.0,67.29,-16.79
2025-03-24 18:19:32.120000+00:00,50.44522335715969,,,,20.188,-1.625,-1.688,23.0,-104.75,-10.375,-36.375,0.011,-0.012,0.041,0.43,0.26,9.47,0.57,-0.05,-0.32,-0.13,0.32,9.8,1.35375,2.5,0.0,0.0,0.0,7.0,1017.0,67.29,-16.79
2025-03-24 18:19:32.862000+00:00,50.44522335715969,,,,20.188,-1.625,-1.688,22.89,-104.75,-10.375,-36.375,0.011,-0.012,0.041,0.43,0.26,9.47,0.57,-0.05,-0.32,-0.13,0.32,9.8,1.35375,2.5,0.0,0.0,0.0,7.0,1017.0,67.29,-16.79
2025-03-24 18:19:33.140000+00:00,50.44522335715969,,,,20.188,-1.625,-1.688,23.0,-104.75,-10.375,-36.375,0.011,-0.012,0.041,0.43,0.26,9.47,0.57,-0.05,-0.32,-0.13,0.32,9.8,1.35375,2.5,0.0,0.0,0.0,7.0,1017.0,67.29,-16.79
2025-03-24 18:19:33.906000+00:00,50.44522335715969,,,,20.188,-1.625,-1.688,22.89,-104.75,-10.375,-36.375,0.011,-0.012,0.041,0.43,0.26,9.47,0.57,-0.05,-0.32,-0.13,0.32,9.8,1.35375,2.5,0.0,0.0,0.0,7.0,1017.0,67.29,-16.79
2025-03-24 18:19:34.225000+00:00,50.44522335715969,,,,20.188,-1.625,-1.688,23.0,-104.75,-10.375,-36.375,0.011,-0.012,0.041,0.43,0.26,9.47,0.57,-0.05,-0.32,-0.13,0.32,9.8,1.35375,2.5,0.0,0.0,0.0,7.0,1017.0,67.29,-16.79
2025-03-24 18:19:35.049000+00:00,50.44522335715969,,,,20.188,-1.625,-1.688,22.89,-104.75,-10.375,-36.375,0.011,-0.012,0.041,0.43,0.26,9.47,0.57,-0.05,-0.32,-0.13,0.32,9.8,1.35375,2.5,0.0,0.0,0.0,7.0,1017.0,67.29,-16.79
2025-03-24 18:19:35.371000+00:00,50.44522335715969,,,,20.188,-1.625,-1.688,23.0,-104.75,-10.375,-36.375,0.011,-0.012,0.041,0.43,0.26,9.47,0.57,-0.05,-0.32,-0.13,0.32,9.8,1.35375,2.5,0.0,0.0,0.0,7.0,1017.0,67.29,-16.79
2025-03-24 18:19:36.089000+00:00,50.44522335715969,,,,20.188,-1.625,-1.688,22.89,-104.75,-10.375,-36.375,0.011,-0.012,0.041,0.43,0.26,9.47,0.57,-0.05,-0.32,-0.13,0.32,9.8,1.35375,2.5,0.0,0.0,0.0,7.0,1017.0,67.29,-16.79
2025-03-24 18:19:36.339000+00:00,50.44522335715969,,,,20.188,-1.625,-1.688,23.0,-104.75,-10.375,-36.375,0.011,-0.012,0.041,0.43,0.26,9.47,0.57,-0.05,-0.32,-0.13,0.32,9.8,1.35375,2.5,0.0,0.0,0.0,7.0,1017.0,67.29,-16.79
2025-03-24 18:19:37.145000+00:00,50.44522335715969,,,,20.188,-1.625,-1.688,23.0,-104.75,-10.375,-36.375,0.011,-0.012,0.041,0.43,0.26,9.47,0.57,-0.05,-0.32,-0.13,0.32,9.8,1.35375,2.5,0.0,0.0,0.0,7.0,1017.0,67.29,-16.79
2025-03-24 18:18:37.632000+00:00,50.44522335715969,,,,20.188,-1.625,-1.688,23.0,-104.75,-10.375,-36.375,0.011,-0.012,0.041,0.43,0.26,9.47,0.57,-0.05,-0.32,-0.13,0.32,9.8,1.35375,2.5,0.0,0.0,0.0,7.0,1017.0,67.29,-16.79
2025-03-24 18:18:38.649000+00:00,50.44522335715969,,,,20.188,-1.625,-1.688,23.0,-138.75,-8.375,-9.5,0.011,-0.012,0.041,0.43,0.26,9.47,0.57,-0.05,-0.32,-0.13,0.32,9.8,1.35375,2.5,0.0,0.0,0.0,7.0,1017.0,67.29,-16.79
2025-03-24 18:18:39.706000+00:00,50.44522335715969,,,,20.188,-1.625,-1.688,23.0,-109.562,-8.25,-39.75,0.011,-0.012,0.041,0.43,0.26,9.47,0.57,-0.05,-0.32,-0.13,0.32,9.8,1.35375,2.5,0.0,0.0,0.0,7.0,1017.0,67.29,-16.79
2025-03-24 18:18:40.652000+00:00,50.44522335715969,,,,20.188,-1.625,-1.688,23.0,-82.75,-7.875,-48.562,0.011,-0.012,0.041,0.43,0.26,9.47,0.57,-0.05,-0.32,-0.13,0.32,9.8,1.35375,2.5,0.0,0.0,0.0,7.0,1017.0,67.29,-16.79
2025-03-24 18:18:41.694000+00:00,50.44522335715969,,,,20.188,-1.625,-1.688,23.0,-74.188,-15.562,-48.188,0.011,-0.012,0.041,0.43,0.26,9.47,0.57,-0.05,-0.32,-0.13,0.32,9.8,1.35375,2.5,0.0,0.0,0.0,7.0,1017.0,67.29,-16.79
2025-03-24 18:18:42.812000+00:00,50.44522335715969,,,,20.188,-1.625,-1.688,23.0,-82.375,-18.0,-41.375,0.011,-0.012,0.041,0.43,0.26,9.47,0.57,-0.05,-0.32,-0.13,0.32,9.8,1.35375,2.5,0.0,0.0,0.0,7.0,1017.0,67.29,-16.79
2025-03-24 18:18:43.998000+00:00,50.44522335715969,,,,20.188,-1.625,-1.688,23.0,-101.188,-10.75,-39.688,0.011,-0.012,0.041,0.43,0.26,9.47,0.57,-0.05,-0.32,-0.13,0.32,9.8,1.35375,2.5,0.0,0.0,0.0,7.0,1017.0,67.29,-16.79
2025-03-24 18:18:44.702000+00:00,50.44522335715969,,,,20.188,-1.625,-1.688,23.0,-109.25,1.5,-1.062,0.011,-0.012,0.041,0.43,0.26,9.47,0.57,-0.05,-0.32,-0.13,0.32,9.8,1.35375,2.5,0.0,0.0,0.0,7.0,1017.0,67.29,-16.79
2025-03-24 18:18:45.711000+00:00,50.44522335715969,,,,20.188,-1.625,-1.688,23.0,-105.0,-4.062,-18.688,0.011,-0.012,0.041,0.43,0.26,9.47,0.57,-0.05,-0.32,-0.13,0.32,9.8,1.35375,2.5,0.0,0.0,0.0,7.0,1017.0,67.29,-16.79
2025-03-24 18:18:46.722000+00:00,50.44522335715969,,,,20.188,-1.625,-1.688,23.0,-61.188,-3.188,-34.688,0.011,-0.012,0.041,0.43,0.26,9.47,0.57,-0.05,-0.32,-0.13,0.32,9.8,1.35375,2.5,0.0,0.0,0.0,7.0,1017.0,67.29,-16.79
2025-03-24 18:18:47.732000+00:00,50.44522335715969,,,,20.188,-1.625,-1.688,23.0,-57.062,-12.375,-29.0,0.011,-0.012,0.041,0.43,0.26,9.47,0.57,-0.05,-0.32,-0.13,0.32,9.8,1.35375,2.5,0.0,0.0,0.0,7.0,1017.0,67.29,-16.79
2025-03-24 18:18:48.748000+00:00,50.44522335715969,,,,20.188,-1.625,-1.688,23.0,-70.75,-8.5,-27.75,0.011,-0.012,0.041,0.43,0.26,9.47,0.57,-0.05,-0.32,-0.13,0.32,9.8,1.35375,2.5,0.0,0.0,0.0,7.0,1017.0,67.29,-16.79
2025-03-24 18:18:49.742000+00:00,50.44522335715969,,,,20.188,-1.625,-1.688,23.0,-115.75,1.75,-3.062,0.011,-0.012,0.041,0.43,0.26,9.47,0.57,-0.05,-0.32,-0.13,0.32,9.8,1.35375,2.5,0.0,0.0,0.0,7.0,1017.0,67.29,-16.79
2025-03-24 18:18:50.752000+00:00,50.44522335715969,,,,20.188,-1.625,-1.688,23.0,-98.562,-3.375,-25.5,0.011,-0.012,0.041,0.43,0.26,9.47,0.57,-0.05,-0.32,-0.13,0.32,9.8,1.35375,2.5,0.0,0.0,0.0,7.0,1017.0,67.29,-16.79
2025-03-24 18:18:51.771000+00:00,50.44522335715969,,,,20.188,-1.625,-1.688,23.0,-62.188,-4.5,-37.0,0.011,-0.012,0.041,0.43,0.26,9.47,0.57,-0.05,-0.32,-0.13,0.32,9.8,1.35375,2.5,0.0,0.0,0.0,7.0,1017.0,67.29,-16.79
2025-03-24 18:18:52.772000+00:00,50.44522335715969,,,,20.188,-1.625,-1.688,23.0,-61.5,-14.0,-31.75,0.011,-0.012,0.041,0.43,0.26,9.47,0.57,-0.05,-0.32,-0.13,0.32,9.8,1.35375,2.5,0.0,0.0,0.0,7.0,1017.0,67.29,-16.79
2025-03-24 18:18:53.881000+00:00,50.44522335715969,,,,20.188,-1.625,-1.688,23.0,-77.562,-8.188,-30.25,0.011,-0.012,0.041,0.43,0.26,9.47,0.57,-0.05,-0.32,-0.13,0.32,9.8,1.35375,2.5,0.0,0.0,0.0,7.0,1017.0,67.29,-16.79
2025-03-24 18:18:55.080000+00:00,50.44522335715969,,,,20.188,-1.625,-1.688,23.0,-121.562,-2.5,-2.188,0.011,-0.012,0.041,0.43,0.26,9.47,0.57,-0.05,-0.32,-0.13,0.32,9.8,1.35375,2.5,0.0,0.0,0.0,7.0,1017.0,67.29,-16.79
2025-03-24 18:18:56.061000+00:00,50.44522335715969,,,,20.188,-1.625,-1.688,23.0,-80.75,-1.75,-36.562,0.011,-0.012,0.041,0.43,0.26,9.47,0.57,-0.05,-0.32,-0.13,0.32,9.8,1.35375,2.5,0.0,0.0,0.0,7.0,1017.0,67.29,-16.79
2025-03-24 18:18:56.810000+00:00,50.44522335715969,,,,20.188,-1.625,-1.688,23.0,-56.375,-11.0,-39.875,0.011,-0.012,0.041,0.43,0.26,9.47,0.57,-0.05,-0.32,-0.13,0.32,9.8,1.35375,2.5,0.0,0.0,0.0,7.0,1017.0,67.29,-16.79
2025-03-24 18:18:57.827000+00:00,50.44522335715969,,,,20.188,-1.625,-1.688,23.0,-69.875,-11.562,-33.0,0.011,-0.012,0.041,0.43,0.26,9.47,0.57,-0.05,-0.32,-0.13,0.32,9.8,1.35375,2.5,0.0,0.0,0.0,7.0,1017.0,67.29,-16.79
2025-03-24 18:18:58.830000+00:00,50.44522335715969,,,,20.188,-1.625,-1.688,23.0,-117.0,1.25,-8.0,0.011,-0.012,0.041,0.43,0.26,9.47,0.57,-0.05,-0.32,-0.13,0.32,9.8,1.35375,2.5,0.0,0.0,0.0,7.0,1017.0,67.29,-16.79
2025-03-24 18:18:59.847000+00:00,50.44522335715969,,,,20.188,-1.625,-1.688,23.0,-91.062,-3.75,-35.5,0.011,-0.012,0.041,0.43,0.26,9.47,0.57,-0.05,-0.32,-0.13,0.32,9.8,1.35375,2.5,0.0,0.0,0.0,7.0,1017.0,67.29,-16.79
2025-03-24 18:19:00.862000+00:00,50.44522335715969,,,,20.188,-1.625,-1.688,23.0,-58.5,-11.0,-41.688,0.011,-0.012,0.041,0.43,0.26,9.47,0.57,-0.05,-0.32,-0.13,0.32,9.8,1.35375,2.5,0.0,0.0,0.0,7.0,1017.0,67.29,-16.79
2025-03-24 18:19:01.883000+00:00,50.44522335715969,,,,20.188,-1.625,-1.688,23.0,-67.875,-15.375,-34.75,0.011,-0.012,0.041,0.43,0.26,9.47,0.57,-0.05,-0.32,-0.13,0.32,9.8,1.35375,2.5,0.0,0.0,0.0,7.0,1017.0,67.29,-16.79
2025-03-24 18:19:02.876000+00:00,50.44522335715969,,,,20.188,-1.625,-1.688,23.0,-93.062,-4.875,-29.75,0.011,-0.012,0.041,0.43,0.26,9.47,0.57,-0.05,-0.32,-0.13,0.32,9.8,1.35375,2.5,0.0,0.0,0.0,7.0,1017.0,67.29,-16.79
2025-03-24 18:19:03.881000+00:00,50.44522335715969,,,,20.188,-1.625,-1.688,23.0,-125.5,-5.062,-4.0,0.011,-0.012,0.041,0.43,0.26,9.47,0.57,-0.05,-0.32,-0.13,0.32,9.8,1.35375,2.5,0.0,0.0,0.0,7.0,1017.0,67.29,-16.79
2025-03-24 18:19:04.891000+00:00,50.44522335715969,,,,20.188,-1.625,-1.688,23.0,-93.875,-4.5,-36.188,0.011,-0.012,0.041,0.43,0.26,9.47,0.57,-0.05,-0.32,-0.13,0.32,9.8,1.35375,2.5,0.0,0.0,0.0,7.0,1017.0,67.29,-16.79
2025-03-24 18:19:05.977000+00:00,50.44522335715969,,,,20.188,-1.625,-1.688,23.0,-64.5,-9.25,-42.688,0.011,-0.012,0.041,0.43,0.26,9.47,0.57,-0.05,-0.32,-0.13,0.32,9.8,1.35375,2.5,0.0,0.0,0.0,7.0,1017.0,67.29,-16.79
2025-03-24 18:19:07.120000+00:00,50.44522335715969,,,,20.188,-1.625,-1.688,23.0,-61.0,-15.688,-39.5,0.011,-0.012,0.041,0.43,0.26,9.47,0.57,-0.05,-0.32,-0.13,0.32,9.8,1.35375,2.5,0.0,0.0,0.0,7.0,1017.0,67.29,-16.79
2025-03-24 18:19:08.187000+00:00,50.44522335715969,,,,20.188,-1.625,-1.688,23.0,-71.0,-14.5,-35.688,0.011,-0.012,0.041,0.43,0.26,9.47,0.57,-0.05,-0.32,-0.13,0.32,9.8,1.35375,2.5,0.0,0.0,0.0,7.0,1017.0,67.29,-16.79
2025-03-24 18:19:08.940000+00:00,50.44522335715969,,,,20.188,-1.625,-1.688,23.0,-89.5,-7.375,-33.688,0.011,-0.012,0.041,0.43,0.26,9.47,0.57,-0.05,-0.32,-0.13,0.32,9.8,1.35375,2.5,0.0,0.0,0.0,7.0,1017.0,67.29,-16.79
2025-03-24 18:19:09.940000+00:00,50.44522335715969,,,,20.188,-1.625,-1.688,23.0,-123.688,-0.25,-9.0,0.011,-0.012,0.041,0.43,0.26,9.47,0.57,-0.05,-0.32,-0.13,0.32,9.8,1.35375,2.5,0.0,0.0,0.0,7.0,1017.0,67.29,-16.79
2025-03-24 18:19:10.949000+00:00,50.44522335715969,,,,20.188,-1.625,-1.688,23.0,-121.375,-9.188,-19.75,0.011,-0.012,0.041,0.43,0.26,9.47,0.57,-0.05,-0.32,-0.13,0.32,9.8,1.35375,2.5,0.0,0.0,0.0,7.0,1017.0,67.29,-16.79
2025-03-24 18:19:11.970000+00:00,50.44522335715969,,,,20.188,-1.625,-1.688,23.0,-89.375,-5.188,-42.5,0.011,-0.012,0.041,0.43,0.26,9.47,0.57,-0.05,-0.32,-0.13,0.32,9.8,1.35375,2.5,0.0,0.0,0.0,7.0,1017.0,67.29,-16.79
2025-03-24 18:19:13.040000+00:00,50.44522335715969,,,,20.188,-1.625,-1.688,23.0,-72.375,-6.062,-48.188,0.011,-0.012,0.041,0.43,0.26,9.47,0.57,-0.05,-0.32,-0.13,0.32,9.8,1.35375,2.5,0.0,0.0,0.0,7.0,1017.0,67.29,-16.79
2025-03-24 18:19:14.222000+00:00,50.44522335715969,,,,20.188,-1.625,-1.688,23.0,-63.562,-14.375,-46.188,0.011,-0.012,0.041,0.43,0.26,9.47,0.57,-0.05,-0.32,-0.13,0.32,9.8,1.35375,2.5,0.0,0.0,0.0,7.0,1017.0,67.29,-16.79
2025-03-24 18:19:14.995000+00:00,50.44522335715969,,,,20.188,-1.625,-1.688,23.0,-72.562,-15.5,-40.188,0.011,-0.012,0.041,0.43,0.26,9.47,0.57,-0.05,-0.32,-0.13,0.32,9.8,1.35375,2.5,0.0,0.0,0.0,7.0,1017.0,67.29,-16.79
2025-03-24 18:19:16.007000+00:00,50.44522335715969,,,,20.188,-1.625,-1.688,23.0,-91.688,-9.688,-38.75,0.011,-0.012,0.041,0.43,0.26,9.47,0.57,-0.05,-0.32,-0.13,0.32,9.8,1.35375,2.5,0.0,0.0,0.0,7.0,1017.0,67.29,-16.79
2025-03-24 18:19:17.009000+00:00,50.44522335715969,,,,20.188,-1.625,-1.688,23.0,-129.188,-5.5,-9.875,0.011,-0.012,0.041,0.43,0.26,9.47,0.57,-0.05,-0.32,-0.13,0.32,9.8,1.35375,2.5,0.0,0.0,0.0,7.0,1017.0,67.29,-16.79
2025-03-24 18:19:18.020000+00:00,50.44522335715969,,,,20.188,-1.625,-1.688,23.0,-109.25,-9.25,-37.062,0.011,-0.012,0.041,0.43,0.26,9.47,0.57,-0.05,-0.32,-0.13,0.32,9.8,1.35375,2.5,0.0,0.0,0.0,7.0,1017.0,67.29,-16.79
2025-03-24 18:19:19.029000+00:00,50.44522335715969,,,,20.188,-1.625,-1.688,23.0,-70.062,-10.375,-50.875,0.011,-0.012,0.041,0.43,0.26,9.47,0.57,-0.05,-0.32,-0.13,0.32,9.8,1.35375,2.5,0.0,0.0,0.0,7.0,1017.0,67.29,-16.79
2025-03-24 18:19:20.048000+00:00,50.44522335715969,,,,20.188,-1.625,-1.688,23.0,-68.688,-18.688,-44.375,0.011,-0.012,0.041,0.43,0.26,9.47,0.57,-0.05,-0.32,-0.13,0.32,9.8,1.35375,2.5,0.0,0.0,0.0,7.0,1017.0,67.29,-16.79
2025-03-24 18:19:21.052000+00:00,50.44522335715969,,,,20.188,-1.625,-1.688,23.0,-78.688,-16.062,-43.5,0.011,-0.012,0.041,0.43,0.26,9.47,0.57,-0.05,-0.32,-0.13,0.32,9.8,1.35375,2.5,0.0,0.0,0.0,7.0,1017.0,67.29,-16.79
2025-03-24 18:19:22.089000+00:00,50.44522335715969,,,,20.188,-1.625,-1.688,23.0,-107.188,-6.562,-33.0,0.011,-0.012,0.041,0.43,0.26,9.47,0.57,-0.05,-0.32,-0.13,0.32,9.8,1.35375,2.5,0.0,0.0,0.0,7.0,1017.0,67.29,-16.79
2025-03-24 18:19:23.222000+00:00,50.44522335715969,,,,20.188,-1.625,-1.688,23.0,-131.188,-10.188,-13.562,0.011,-0.012,0.041,0.43,0.26,9.47,0.57,-0.05,-0.32,-0.13,0.32,9.8,1.35375,2.5,0.0,0.0,0.0,7.0,1017.0,67.29,-16.79
2025-03-24 18:19:24.329000+00:00,50.44522335715969,,,,20.188,-1.625,-1.688,23.0,-113.562,-12.562,-37.375,0.011,-0.012,0.041,0.43,0.26,9.47,0.57,-0.05,-0.32,-0.13,0.32,9.8,1.35375,2.5,0.0,0.0,0.0,7.0,1017.0,67.29,-16.79
2025-03-24 18:19:25.079000+00:00,50.44522335715969,,,,20.188,-1.625,-1.688,23.0,-74.688,-10.5,-53.25,0.011,-0.012,0.041,0.43,0.26,9.47,0.57,-0.05,-0.32,-0.13,0.32,9.8,1.35375,2.5,0.0,0.0,0.0,7.0,1017.0,67.29,-16.79
2025-03-24 18:19:26.089000+00:00,50.44522335715969,,,,20.188,-1.625,-1.688,23.0,-68.75,-19.875,-50.562,0.011,-0.012,0.041,0.43,0.26,9.47,0.57,-0.05,-0.32,-0.13,0.32,9.8,1.35375,2.5,0.0,0.0,0.0,7.0,1017.0,67.29,-16.79
2025-03-24 18:19:27.104000+00:00,50.44522335715969,,,,20.188,-1.625,-1.688,23.0,-77.562,-19.562,-46.875,0.011,-0.012,0.041,0.43,0.26,9.47,0.57,-0.05,-0.32,-0.13,0.32,9.8,1.35375,2.5,0.0,0.0,0.0,7.0,1017.0,67.29,-16.79
2025-03-24 18:19:28.108000+00:00,50.44522335715969,,,,20.188,-1.625,-1.688,23.0,-94.0,-13.75,-43.75,0.011,-0.012,0.041,0.43,0.26,9.47,0.57,-0.05,-0.32,-0.13,0.32,9.8,1.35375,2.5,0.0,0.0,0.0,7.0,1017.0,67.29,-16.79
2025-03-24 18:19:29.129000+00:00,50.44522335715969,,,,20.188,-1.625,-1.688,23.0,-119.75,-6.688,-28.75,0.011,-0.012,0.041,0.43,0.26,9.47,0.57,-0.05,-0.32,-0.13,0.32,9.8,1.35375,2.5,0.0,0.0,0.0,7.0,1017.0,67.29,-16.79
2025-03-24 18:19:30.185000+00:00,50.44522335715969,,,,20.188,-1.625,-1.688,23.0,-130.25,-15.0,-23.25,0.011,-0.012,0.041,0.43,0.26,9.47,0.57,-0.05,-0.32,-0.13,0.32,9.8,1.35375,2.5,0.0,0.0,0.0,7.0,1017.0,67.29,-16.79
2025-03-24 18:19:31.144000+00:00,50.44522335715969,,,,20.188,-1.625,-1.688,23.0,-92.5,-11.562,-54.875,0.011,-0.012,0.041,0.43,0.26,9.47,0.57,-0.05,-0.32,-0.13,0.32,9.8,1.35375,2.5,0.0,0.0,0.0,7.0,1017.0,67.29,-16.79
2025-03-24 18:19:32.175000+00:00,50.44522335715969,,,,20.188,-1.625,-1.688,23.0,-69.188,-19.375,-57.688,0.011,-0.012,0.041,0.43,0.26,9.47,0.57,-0.05,-0.32,-0.13,0.32,9.8,1.35375,2.5,0.0,0.0,0.0,7.0,1017.0,67.29,-16.79
2025-03-24 18:19:33.197000+00:00,50.44522335715969,,,,20.188,-1.625,-1.688,23.0,-78.062,-20.5,-50.688,0.011,-0.012,0.041,0.43,0.26,9.47,0.57,-0.05,-0.32,-0.13,0.32,9.8,1.35375,2.5,0.0,0.0,0.0,7.0,1017.0,67.29,-16.79
2025-03-24 18:19:34.276000+00:00,50.44522335715969,,,,20.188,-1.625,-1.688,23.0,-105.25,-12.688,-44.562,0.011,-0.012,0.041,0.43,0.26,9.47,0.57,-0.05,-0.32,-0.13,0.32,9.8,1.35375,2.5,0.0,0.0,0.0,7.0,1017.0,67.29,-16.79
2025-03-24 18:19:35.420000+00:00,50.44522335715969,,,,20.188,-1.625,-1.688,23.0,-136.188,-14.25,-22.75,0.011,-0.012,0.041,0.43,0.26,9.47,0.57,-0.05,-0.32,-0.13,0.32,9.8,1.35375,2.5,0.0,0.0,0.0,7.0,1017.0,67.29,-16.79
2025-03-24 18:19:36.389000+00:00,50.44522335715969,,,,20.188,-1.625,-1.688,23.0,-84.75,-12.5,-58.188,0.011,-0.012,0.041,0.43,0.26,9.47,0.57,-0.05,-0.32,-0.13,0.32,9.8,1.35375,2.5,0.0,0.0,0.0,7.0,1017.0,67.29,-16.79
2025-03-24 18:19:37.200000+00:00,50.44522335715969,,,,20.188,-1.625,-1.688,23.0,-74.0,-23.375,-55.688,0.011,-0.012,0.041,0.43,0.26,9.47,0.57,-0.05,-0.32,-0.13,0.32,9.8,1.35375,2.5,0.0,0.0,0.0,7.0,1017.0,67.29,-16.79
2025-03-24 18:18:37.683000+00:00,50.44522335715969,,,,20.188,-1.625,-1.688,23.0,-74.0,-23.375,-55.688,0.011,-0.012,0.041,0.43,0.26,9.47,0.57,-0.05,-0.32,-0.13,0.32,9.8,1.35375,2.5,0.0,0.0,0.0,7.0,1017.0,67.29,-16.79
2025-03-24 18:18:38.710000+00:00,50.44522335715969,,,,20.188,-1.625,-1.688,23.0,-74.0,-23.375,-55.688,-0.011,-0.019,0.041,0.43,0.26,9.47,0.57,-0.05,-0.32,-0.13,0.32,9.8,1.35375,2.5,0.0,0.0,0.0,7.0,1017.0,67.29,-16.79
2025-03-24 18:18:39.753000+00:00,50.44522335715969,,,,20.188,-1.625,-1.688,23.0,-74.0,-23.375,-55.688,0.022,-0.009,-0.027,0.43,0.26,9.47,0.57,-0.05,-0.32,-0.13,0.32,9.8,1.35375,2.5,0.0,0.0,0.0,7.0,1017.0,67.29,-16.79
2025-03-24 18:18:40.703000+00:00,50.44522335715969,,,,20.188,-1.625,-1.688,23.0,-74.0,-23.375,-55.688,-0.03,-0.006,0.008,0.43,0.26,9.47,0.57,-0.05,-0.32,-0.13,0.32,9.8,1.35375,2.5,0.0,0.0,0.0,7.0,1017.0,67.29,-16.79
2025-03-24 18:18:41.742000+00:00,50.44522335715969,,,,20.188,-1.625,-1.688,23.0,-74.0,-23.375,-55.688,0.001,-0.028,0.006,0.43,0.26,9.47,0.57,-0.05,-0.32,-0.13,0.32,9.8,1.35375,2.5,0.0,0.0,0.0,7.0,1017.0,67.29,-16.79
2025-03-24 18:18:42.862000+00:00,50.44522335715969,,,,20.188,-1.625,-1.688,23.0,-74.0,-23.375,-55.688,0.044,-0.038,-0.01,0.43,0.26,9.47,0.57,-0.05,-0.32,-0.13,0.32,9.8,1.35375,2.5,0.0,0.0,0.0,7.0,1017.0,67.29,-16.79
2025-03-24 18:18:44.059000+00:00,50.44522335715969,,,,20.188,-1.625,-1.688,23.0,-74.0,-23.375,-55.688,0.004,0.002,-0.039,0.43,0.26,9.47,0.57,-0.05,-0.32,-0.13,0.32,9.8,1.35375,2.5,0.0,0.0,0.0,7.0,1017.0,67.29,-16.79
2025-03-24 18:18:44.766000+00:00,50.44522335715969,,,,20.188,-1.625,-1.688,23.0,-74.0,-23.375,-55.688,0.01,0.006,-0.04,0.43,0.26,9.47,0.57,-0.05,-0.32,-0.13,0.32,9.8,1.35375,2.5,0.0,0.0,0.0,7.0,1017.0,67.29,-16.79
2025-03-24 18:18:45.761000+00:00,50.44522335715969,,,,20.188,-1.625,-1.688,23.0,-74.0,-23.375,-55.688,0.026,-0.018,-0.01,0.43,0.26,9.47,0.57,-0.05,-0.32,-0.13,0.32,9.8,1.35375,2.5,0.0,0.0,0.0,7.0,1017.0,67.29,-16.79
2025-03-24 18:18:46.772000+00:00,50.44522335715969,,,,20.188,-1.625,-1.688,23.0,-74.0,-23.375,-55.688,-0.009,-0.012,0.029,0.43,0.26,9.47,0.57,-0.05,-0.32,-0.13,0.32,9.8,1.35375,2.5,0.0,0.0,0.0,7.0,1017.0,67.29,-16.79
2025-03-24 18:18:47.782000+00:00,50.44522335715969,,,,20.188,-1.625,-1.688,23.0,-74.0,-23.375,-55.688,-0.017,0.021,-0.049,0.43,0.26,9.47,0.57,-0.05,-0.32,-0.13,0.32,9.8,1.35375,2.5,0.0,0.0,0.0,7.0,1017.0,67.29,-16.79
2025-03-24 18:18:48.806000+00:00,50.44522335715969,,,,20.188,-1.625,-1.688,23.0,-74.0,-23.375,-55.688,-0.007,-0.002,0.052,0.43,0.26,9.47,0.57,-0.05,-0.32,-0.13,0.32,9.8,1.35375,2.5,0.0,0.0,0.0,7.0,1017.0,67.29,-16.79
2025-03-24 18:18:49.805000+00:00,50.44522335715969,,,,20.188,-1.625,-1.688,23.0,-74.0,-23.375,-55.688,0.031,0.027,0.023,0.43,0.26,9.47,0.57,-0.05,-0.32,-0.13,0.32,9.8,1.35375,2.5,0.0,0.0,0.0,7.0,1017.0,67.29,-16.79
2025-03-24 18:18:50.808000+00:00,50.44522335715969,,,,20.188,-1.625,-1.688,23.0,-74.0,-23.375,-55.688,0.02,-0.009,-0.074,0.43,0.26,9.47,0.57,-0.05,-0.32,-0.13,0.32,9.8,1.35375,2.5,0.0,0.0,0.0,7.0,1017.0,67.29,-16.79
2025-03-24 18:18:51.825000+00:00,50.44522335715969,,,,20.188,-1.625,-1.688,23.0,-74.0,-23.375,-55.688,-0.043,-0.024,-0.02,0.43,0.26,9.47,0.57,-0.05,-0.32,-0.13,0.32,9.8,1.35375,2.5,0.0,0.0,0.0,7.0,1017.0,67.29,-16.79
2025-03-24 18:18:52.828000+00:00,50.44522335715969,,,,20.188,-1.625,-1.688,23.0,-74.0,-23.375,-55.688,0.007,0.047,0.007,0.43,0.26,9.47,0.57,-0.05,-0.32,-0.13,0.32,9.8,1.35375,2.5,0.0,0.0,0.0,7.0,1017.0,67.29,-16.79
2025-03-24 18:18:53.941000+00:00,50.44522335715969,,,,20.188,-1.625,-1.688,23.0,-74.0,-23.375,-55.688,-0.012,-0.006,-0.014,0.43,0.26,9.47,0.57,-0.05,-0.32,-0.13,0.32,9.8,1.35375,2.5,0.0,0.0,0.0,7.0,1017.0,67.29,-16.79
2025-03-24 18:18:55.131000+00:00,50.44522335715969,,,,20.188,-1.625,-1.688,23.0,-74.0,-23.375,-55.688,0.001,-0.014,0.006,0.43,0.26,9.47,0.57,-0.05,-0.32,-0.13,0.32,9.8,1.35375,2.5,0.0,0.0,0.0,7.0,1017.0,67.29,-16.79
2025-03-24 18:18:56.111000+00:00,50.44522335715969,,,,20.188,-1.625,-1.688,23.0,-74.0,-23.375,-55.688,0.004,-0.007,-0.013,0.43,0.26,9.47,0.57,-0.05,-0.32,-0.13,0.32,9.8,1.35375,2.5,0.0,0.0,0.0,7.0,1017.0,67.29,-16.79
2025-03-24 18:18:56.861000+00:00,50.44522335715969,,,,20.188,-1.625,-1.688,23.0,-74.0,-23.375,-55.688,0.017,-0.012,-0.022,0.43,0.26,9.47,0.57,-0.05,-0.32,-0.13,0.32,9.8,1.35375,2.5,0.0,0.0,0.0,7.0,1017.0,67.29,-16.79
2025-03-24 18:18:57.886000+00:00,50.44522335715969,,,,20.188,-1.625,-1.688,23.0,-74.0,-23.375,-55.688,-0.02,0.001,-0.007,0.43,0.26,9.47,0.57,-0.05,-0.32,-0.13,0.32,9.8,1.35375,2.5,0.0,0.0,0.0,7.0,1017.0,67.29,-16.79
2025-03-24 18:18:58.881000+00:00,50.44522335715969,,,,20.188,-1.625,-1.688,23.0,-74.0,-23.375,-55.688,0.018,0.027,0.014,0.43,0.26,9.47,0.57,-0.05,-0.32,-0.13,0.32,9.8,1.35375,2.5,0.0,0.0,0.0,7.0,1017.0,67.29,-16.79
2025-03-24 18:18:59.902000+00:00,50.44522335715969,,,,20.188,-1.625,-1.688,23.0,-74.0,-23.375,-55.688,-0.014,0.014,-0.077,0.43,0.26,9.47,0.57,-0.05,-0.32,-0.13,0.32,9.8,1.35375,2.5,0.0,0.0,0.0,7.0,1017.0,67.29,-16.79
2025-03-24 18:19:00.918000+00:00,50.44522335715969,,,,20.188,-1.625,-1.688,23.0,-74.0,-23.375,-55.688,-0.014,-0.008,0.027,0.43,0.26,9.47,0.57,-0.05,-0.32,-0.13,0.32,9.8,1.35375,2.5,0.0,0.0,0.0,7.0,1017.0,67.29,-16.79
2025-03-24 18:19:01.938000+00:00,50.44522335715969,,,,20.188,-1.625,-1.688,23.0,-74.0,-23.375,-55.688,0.036,0.001,0.011,0.43,0.26,9.47,0.57,-0.05,-0.32,-0.13,0.32,9.8,1.35375,2.5,0.0,0.0,0.0,7.0,1017.0,67.29,-16.79
2025-03-24 18:19:02.938000+00:00,50.44522335715969,,,,20.188,-1.625,-1.688,23.0,-74.0,-23.375,-55.688,0.012,-0.01,-0.03,0.43,0.26,9.47,0.57,-0.05,-0.32,-0.13,0.32,9.8,1.35375,2.5,0.0,0.0,0.0,7.0,1017.0,67.29,-16.79
2025-03-24 18:19:03.938000+00:00,50.44522335715969,,,,20.188,-1.625,-1.688,23.0,-74.0,-23.375,-55.688,-0.019,-0.019,-0.036,0.43,0.26,9.47,0.57,-0.05,-0.32,-0.13,0.32,9.8,1.35375,2.5,0.0,0.0,0.0,7.0,1017.0,67.29,-16.79
2025-03-24 18:19:04.941000+00:00,50.44522335715969,,,,20.188,-1.625,-1.688,23.0,-74.0,-23.375,-55.688,-0.017,0.022,0.014,0.43,0.26,9.47,0.57,-0.05,-0.32,-0.13,0.32,9.8,1.35375,2.5,0.0,0.0,0.0,7.0,1017.0,67.29,-16.79
2025-03-24 18:19:06.037000+00:00,50.44522335715969,,,,20.188,-1.625,-1.688,23.0,-74.0,-23.375,-55.688,-0.039,-0.006,0.008,0.43,0.26,9.47,0.57,-0.05,-0.32,-0.13,0.32,9.8,1.35375,2.5,0.0,0.0,0.0,7.0,1017.0,67.29,-16.79
2025-03-24 18:19:07.177000+00:00,50.44522335715969,,,,20.188,-1.625,-1.688,23.0,-74.0,-23.375,-55.688,0.004,0.007,-0.061,0.43,0.26,9.47,0.57,-0.05,-0.32,-0.13,0.32,9.8,1.35375,2.5,0.0,0.0,0.0,7.0,1017.0,67.29,-16.79
2025-03-24 18:19:08.240000+00:00,50.44522335715969,,,,20.188,-1.625,-1.688,23.0,-74.0,-23.375,-55.688,-0.019,-0.001,0.034,0.43,0.26,9.47,0.57,-0.05,-0.32,-0.13,0.32,9.8,1.35375,2.5,0.0,0.0,0.0,7.0,1017.0,67.29,-16.79
2025-03-24 18:19:08.990000+00:00,50.44522335715969,,,,20.188,-1.625,-1.688,23.0,-74.0,-23.375,-55.688,0.016,-0.027,-0.031,0.43,0.26,9.47,0.57,-0.05,-0.32,-0.13,0.32,9.8,1.35375,2.5,0.0,0.0,0.0,7.0,1017.0,67.29,-16.79
2025-03-24 18:19:09.991000+00:00,50.44522335715969,,,,20.188,-1.625,-1.688,23.0,-74.0,-23.375,-55.688,0.057,0.024,-0.038,0.43,0.26,9.47,0.57,-0.05,-0.32,-0.13,0.32,9.8,1.35375,2.5,0.0,0.0,0.0,7.0,1017.0,67.29,-16.79
2025-03-24 18:19:11+00:00,50.44522335715969,,,,20.188,-1.625,-1.688,23.0,-74.0,-23.375,-55.688,-0.008,-0.036,0.0,0.43,0.26,9.47,0.57,-0.05,-0.32,-0.13,0.32,9.8,1.35375,2.5,0.0,0.0,0.0,7.0,1017.0,67.29,-16.79
2025-03-24 18:19:12.019000+00:00,50.44522335715969,,,,20.188,-1.625,-1.688,23.0,-74.0,-23.375,-55.688,-0.01,0.03,0.05,0.43,0.26,9.47,0.57,-0.05,-0.32,-0.13,0.32,9.8,1.35375,2.5,0.0,0.0,0.0,7.0,1017.0,67.29,-16.79
2025-03-24 18:19:13.090000+00:00,50.44522335715969,,,,20.188,-1.625,-1.688,23.0,-74.0,-23.375,-55.688,-0.041,-0.007,0.03,0.43,0.26,9.47,0.57,-0.05,-0.32,-0.13,0.32,9.8,1.35375,2.5,0.0,0.0,0.0,7.0,1017.0,67.29,-16.79
2025-03-24 18:19:14.270000+00:00,50.44522335715969,,,,20.188,-1.625,-1.688,23.0,-74.0,-23.375,-55.688,0.062,-0.01,0.004,0.43,0.26,9.47,0.57,-0.05,-0.32,-0.13,0.32,9.8,1.35375,2.5,0.0,0.0,0.0,7.0,1017.0,67.29,-16.79
2025-03-24 18:19:15.049000+00:00,50.44522335715969,,,,20.188,-1.625,-1.688,23.0,-74.0,-23.375,-55.688,0.031,-0.018,-0.004,0.43,0.26,9.47,0.57,-0.05,-0.32,-0.13,0.32,9.8,1.35375,2.5,0.0,0.0,0.0,7.0,1017.0,67.29,-16.79
2025-03-24 18:19:16.067000+00:00,50.44522335715969,,,,20.188,-1.625,-1.688,23.0,-74.0,-23.375,-55.688,-0.013,0.0,-0.001,0.43,0.26,9.47,0.57,-0.05,-0.32,-0.13,0.32,9.8,1.35375,2.5,0.0,0.0,0.0,7.0,1017.0,67.29,-16.79
2025-03-24 18:19:17.060000+00:00,50.44522335715969,,,,20.188,-1.625,-1.688,23.0,-74.0,-23.375,-55.688,0.021,-0.01,0.016,0.43,0.26,9.47,0.57,-0.05,-0.32,-0.13,0.32,9.8,1.35375,2.5,0.0,0.0,0.0,7.0,1017.0,67.29,-16.79
2025-03-24 18:19:18.070000+00:00,50.44522335715969,,,,20.188,-1.625,-1.688,23.0,-74.0,-23.375,-55.688,0.014,0.009,0.004,0.43,0.26,9.47,0.57,-0.05,-0.32,-0.13,0.32,9.8,1.35375,2.5,0.0,0.0,0.0,7.0,1017.0,67.29,-16.79
2025-03-24 18:19:19.089000+00:00,50.44522335715969,,,,20.188,-1.625,-1.688,23.0,-74.0,-23.375,-55.688,-0.017,-0.041,0.044,0.43,0.26,9.47,0.57,-0.05,-0.32,-0.13,0.32,9.8,1.35375,2.5,0.0,0.0,0.0,7.0,1017.0,67.29,-16.79
2025-03-24 18:19:20.117000+00:00,50.44522335715969,,,,20.188,-1.625,-1.688,23.0,-74.0,-23.375,-55.688,0.021,0.014,0.022,0.43,0.26,9.47,0.57,-0.05,-0.32,-0.13,0.32,9.8,1.35375,2.5,0.0,0.0,0.0,7.0,1017.0,67.29,-16.79
2025-03-24 18:19:21.116000+00:00,50.44522335715969,,,,20.188,-1.625,-1.688,23.0,-74.0,-23.375,-55.688,-0.009,-0.02,-0.027,0.43,0.26,9.47,0.57,-0.05,-0.32,-0.13,0.32,9.8,1.35375,2.5,0.0,0.0,0.0,7.0,1017.0,67.29,-16.79
2025-03-24 18:19:22.147000+00:00,50.44522335715969,,,,20.188,-1.625,-1.688,23.0,-74.0,-23.375,-55.688,-0.016,0.019,0.016,0.43,0.26,9.47,0.57,-0.05,-0.32,-0.13,0.32,9.8,1.35375,2.5,0.0,0.0,0.0,7.0,1017.0,67.29,-16.79
2025-03-24 18:19:23.279000+00:00,50.44522335715969,,,,20.188,-1.625,-1.688,23.0,-74.0,-23.375,-55.688,-0.026,-0.041,0.03,0.43,0.26,9.47,0.57,-0.05,-0.32,-0.13,0.32,9.8,1.35375,2.5,0.0,0.0,0.0,7.0,1017.0,67.29,-16.79
2025-03-24 18:19:24.386000+00:00,50.44522335715969,,,,20.188,-1.625,-1.688,23.0,-74.0,-23.375,-55.688,0.023,-0.001,-0.048,0.43,0.26,9.47,0.57,-0.05,-0.32,-0.13,0.32,9.8,1.35375,2.5,0.0,0.0,0.0,7.0,1017.0,67.29,-16.79
2025-03-24 18:19:25.135000+00:00,50.44522335715969,,,,20.188,-1.625,-1.688,23.0,-74.0,-23.375,-55.688,-0.05,-0.026,0.037,0.43,0.26,9.47,0.57,-0.05,-0.32,-0.13,0.32,9.8,1.35375,2.5,0.0,0.0,0.0,7.0,1017.0,67.29,-16.79
2025-03-24 18:19:26.145000+00:00,50.44522335715969,,,,20.188,-1.625,-1.688,23.0,-74.0,-23.375,-55.688,0.043,-0.007,0.02,0.43,0.26,9.47,0.57,-0.05,-0.32,-0.13,0.32,9.8,1.35375,2.5,0.0,0.0,0.0,7.0,1017.0,67.29,-16.79
2025-03-24 18:19:27.158000+00:00,50.44522335715969,,,,20.188,-1.625,-1.688,23.0,-74.0,-23.375,-55.688,0.008,-0.049,0.084,0.43,0.26,9.47,0.57,-0.05,-0.32,-0.13,0.32,9.8,1.35375,2.5,0.0,0.0,0.0,7.0,1017.0,67.29,-16.79
2025-03-24 18:19:28.160000+00:00,50.44522335715969,,,,20.188,-1.625,-1.688,23.0,-74.0,-23.375,-55.688,0.007,-0.059,-0.069,0.43,0.26,9.47,0.57,-0.05,-0.32,-0.13,0.32,9.8,1.35375,2.5,0.0,0.0,0.0,7.0,1017.0,67.29,-16.79
2025-03-24 18:19:29.185000+00:00,50.44522335715969,,,,20.188,-1.625,-1.688,23.0,-74.0,-23.375,-55.688,0.008,0.062,-0.049,0.43,0.26,9.47,0.57,-0.05,-0.32,-0.13,0.32,9.8,1.35375,2.5,0.0,0.0,0.0,7.0,1017.0,67.29,-16.79
2025-03-24 18:19:30.245000+00:00,50.44522335715969,,,,20.188,-1.625,-1.688,23.0,-74.0,-23.375,-55.688,-0.021,-0.017,0.01,0.43,0.26,9.47,0.57,-0.05,-0.32,-0.13,0.32,9.8,1.35375,2.5,0.0,0.0,0.0,7.0,1017.0,67.29,-16.79
2025-03-24 18:19:31.206000+00:00,50.44522335715969,,,,20.188,-1.625,-1.688,23.0,-74.0,-23.375,-55.688,0.016,0.036,0.023,0.43,0.26,9.47,0.57,-0.05,-0.32,-0.13,0.32,9.8,1.35375,2.5,0.0,0.0,0.0,7.0,1017.0,67.29,-16.79
2025-03-24 18:19:32.220000+00:00,50.44522335715969,,,,20.188,-1.625,-1.688,23.0,-74.0,-23.375,-55.688,0.0,-0.011,-0.02,0.43,0.26,9.47,0.57,-0.05,-0.32,-0.13,0.32,9.8,1.35375,2.5,0.0,0.0,0.0,7.0,1017.0,67.29,-16.79
2025-03-24 18:19:33.251000+00:00,50.44522335715969,,,,20.188,-1.625,-1.688,23.0,-74.0,-23.375,-55.688,0.019,0.036,-0.019,0.43,0.26,9.47,0.57,-0.05,-0.32,-0.13,0.32,9.8,1.35375,2.5,0.0,0.0,0.0,7.0,1017.0,67.29,-16.79
2025-03-24 18:19:34.329000+00:00,50.44522335715969,,,,20.188,-1.625,-1.688,23.0,-74.0,-23.375,-55.688,0.02,0.007,0.0,0.43,0.26,9.47,0.57,-0.05,-0.32,-0.13,0.32,9.8,1.35375,2.5,0.0,0.0,0.0,7.0,1017.0,67.29,-16.79
2025-03-24 18:19:35.470000+00:00,50.44522335715969,,,,20.188,-1.625,-1.688,23.0,-74.0,-23.375,-55.688,-0.016,-0.002,0.059,0.43,0.26,9.47,0.57,-0.05,-0.32,-0.13,0.32,9.8,1.35375,2.5,0.0,0.0,0.0,7.0,1017.0,67.29,-16.79
2025-03-24 18:19:36.439000+00:00,50.44522335715969,,,,20.188,-1.625,-1.688,23.0,-74.0,-23.375,-55.688,0.002,0.034,0.008,0.43,0.26,9.47,0.57,-0.05,-0.32,-0.13,0.32,9.8,1.35375,2.5,0.0,0.0,0.0,7.0,1017.0,67.29,-16.79
2025-03-24 18:19:37.257000+00:00,50.44522335715969,,,,20.188,-1.625,-1.688,23.0,-74.0,-23.375,-55.688,0.024,0.016,-0.059,0.43,0.26,9.47,0.57,-0.05,-0.32,-0.13,0.32,9.8,1.35375,2.5,0.0,0.0,0.0,7.0,1017.0,67.29,-16.79
2025-03-24 18:18:38.770000+00:00,50.44522335715969,,,,20.188,-1.625,-1.688,23.0,-74.0,-23.375,-55.688,0.024,0.016,-0.059,0.43,0.26,9.47,0.57,-0.05,-0.32,-0.13,0.32,9.8,1.35375,2.5,0.0,0.0,0.0,7.0,1017.0,67.29,-16.79
2025-03-24 18:18:39.802000+00:00,50.44522335715969,,,,20.188,-1.625,-1.688,23.0,-74.0,-23.375,-55.688,0.024,0.016,-0.059,-0.48,-0.38,9.21,0.57,-0.05,-0.32,-0.13,0.32,9.8,1.35375,2.5,0.0,0.0,0.0,7.0,1017.0,67.29,-16.79
2025-03-24 18:18:40.752000+00:00,50.44522335715969,,,,20.188,-1.625,-1.688,23.0,-74.0,-23.375,-55.688,0.024,0.016,-0.059,0.03,0.08,9.3,0.57,-0.05,-0.32,-0.13,0.32,9.8,1.35375,2.5,0.0,0.0,0.0,7.0,1017.0,67.29,-16.79
2025-03-24 18:18:41.792000+00:00,50.44522335715969,,,,20.188,-1.625,-1.688,23.0,-74.0,-23.375,-55.688,0.024,0.016,-0.059,-0.15,0.81,9.37,0.57,-0.05,-0.32,-0.13,0.32,9.8,1.35375,2.5,0.0,0.0,0.0,7.0,1017.0,67.29,-16.79
2025-03-24 18:18:42.912000+00:00,50.44522335715969,,,,20.188,-1.625,-1.688,23.0,-74.0,-23.375,-55.688,0.024,0.016,-0.059,0.0,0.57,9.33,0.57,-0.05,-0.32,-0.13,0.32,9.8,1.35375,2.5,0.0,0.0,0.0,7.0,1017.0,67.29,-16.79
2025-03-24 18:18:44.119000+00:00,50.44522335715969,,,,20.188,-1.625,-1.688,23.0,-74.0,-23.375,-55.688,0.024,0.016,-0.059,-0.74,0.23,9.34,0.57,-0.05,-0.32,-0.13,0.32,9.8,1.35375,2.5,0.0,0.0,0.0,7.0,1017.0,67.29,-16.79
2025-03-24 18:18:44.819000+00:00,50.44522335715969,,,,20.188,-1.625,-1.688,23.0,-74.0,-23.375,-55.688,0.024,0.016,-0.059,0.72,-0.21,9.44,0.57,-0.05,-0.32,-0.13,0.32,9.8,1.35375,2.5,0.0,0.0,0.0,7.0,1017.0,67.29,-16.79
2025-03-24 18:18:45.811000+00:00,50.44522335715969,,,,20.188,-1.625,-1.688,23.0,-74.0,-23.375,-55.688,0.024,0.016,-0.059,0.0,1.17,9.34,0.57,-0.05,-0.32,-0.13,0.32,9.8,1.35375,2.5,0.0,0.0,0.0,7.0,1017.0,67.29,-16.79
2025-03-24 18:18:46.822000+00:00,50.44522335715969,,,,20.188,-1.625,-1.688,23.0,-74.0,-23.375,-55.688,0.024,0.016,-0.059,0.0,0.45,9.43,0.57,-0.05,-0.32,-0.13,0.32,9.8,1.35375,2.5,0.0,0.0,0.0,7.0,1017.0,67.29,-16.79
2025-03-24 18:18:47.831000+00:00,50.44522335715969,,,,20.188,-1.625,-1.688,23.0,-74.0,-23.375,-55.688,0.024,0.016,-0.059,-0.87,-0.73,9.4,0.57,-0.05,-0.32,-0.13,0.32,9.8,1.35375,2.5,0.0,0.0,0.0,7.0,1017.0,67.29,-16.79
2025-03-24 18:18:48.856000+00:00,50.44522335715969,,,,20.188,-1.625,-1.688,23.0,-74.0,-23.375,-55.688,0.024,0.016,-0.059,-0.03,0.92,9.49,0.57,-0.05,-0.32,-0.13,0.32,9.8,1.35375,2.5,0.0,0.0,0.0,7.0,1017.0,67.29,-16.79
2025-03-24 18:18:49.852000+00:00,50.44522335715969,,,,20.188,-1.625,-1.688,23.0,-74.0,-23.375,-55.688,0.024,0.016,-0.059,0.27,0.56,9.46,0.57,-0.05,-0.32,-0.13,0.32,9.8,1.35375,2.5,0.0,0.0,0.0,7.0,1017.0,67.29,-16.79
2025-03-24 18:18:50.862000+00:00,50.44522335715969,,,,20.188,-1.625,-1.688,23.0,-74.0,-23.375,-55.688,0.024,0.016,-0.059,-0.58,-0.37,9.5,0.57,-0.05,-0.32,-0.13,0.32,9.8,1.35375,2.5,0.0,0.0,0.0,7.0,1017.0,67.29,-16.79
2025-03-24 18:18:51.871000+00:00,50.44522335715969,,,,20.188,-1.625,-1.688,23.0,-74.0,-23.375,-55.688,0.024,0.016,-0.059,0.55,0.66,9.32,0.57,-0.05,-0.32,-0.13,0.32,9.8,1.35375,2.5,0.0,0.0,0.0,7.0,1017.0,67.29,-16.79
2025-03-24 18:18:52.882000+00:00,50.44522335715969,,,,20.188,-1.625,-1.688,23.0,-74.0,-23.375,-55.688,0.024,0.016,-0.059,-0.36,-0.38,9.36,0.57,-0.05,-0.32,-0.13,0.32,9.8,1.35375,2.5,0.0,0.0,0.0,7.0,1017.0,67.29,-16.79
2025-03-24 18:18:53.992000+00:00,50.44522335715969,,,,20.188,-1.625,-1.688,23.0,-74.0,-23.375,-55.688,0.024,0.016,-0.059,0.0,0.0,9.28,0.57,-0.05,-0.32,-0.13,0.32,9.8,1.35375,2.5,0.0,0.0,0.0,7.0,1017.0,67.29,-16.79
2025-03-24 18:18:55.191000+00:00,50.44522335715969,,,,20.188,-1.625,-1.688,23.0,-74.0,-23.375,-55.688,0.024,0.016,-0.059,-0.37,0.11,9.55,0.57,-0.05,-0.32,-0.13,0.32,9.8,1.35375,2.5,0.0,0.0,0.0,7.0,1017.0,67.29,-16.79
2025-03-24 18:18:56.161000+00:00,50.44522335715969,,,,20.188,-1.625,-1.688,23.0,-74.0,-23.375,-55.688,0.024,0.016,-0.059,-0.04,0.71,9.42,0.57,-0.05,-0.32,-0.13,0.32,9.8,1.35375,2.5,0.0,0.0,0.0,7.0,1017.0,67.29,-16.79
2025-03-24 18:18:56.914000+00:00,50.44522335715969,,,,20.188,-1.625,-1.688,23.0,-74.0,-23.375,-55.688,0.024,0.016,-0.059,0.06,0.79,9.6,0.57,-0.05,-0.32,-0.13,0.32,9.8,1.35375,2.5,0.0,0.0,0.0,7.0,1017.0,67.29,-16.79
2025-03-24 18:18:57.936000+00:00,50.44522335715969,,,,20.188,-1.625,-1.688,23.0,-74.0,-23.375,-55.688,0.024,0.016,-0.059,-0.41,0.16,9.45,0.57,-0.05,-0.32,-0.13,0.32,9.8,1.35375,2.5,0.0,0.0,0.0,7.0,1017.0,67.29,-16.79
2025-03-24 18:18:58.931000+00:00,50.44522335715969,,,,20.188,-1.625,-1.688,23.0,-74.0,-23.375,-55.688,0.024,0.016,-0.059,0.0,-0.07,9.89,0.57,-0.05,-0.32,-0.13,0.32,9.8,1.35375,2.5,0.0,0.0,0.0,7.0,1017.0,67.29,-16.79
2025-03-24 18:18:59.951000+00:00,50.44522335715969,,,,20.188,-1.625,-1.688,23.0,-74.0,-23.375,-55.688,0.024,0.016,-0.059,-0.11,0.05,9.57,0.57,-0.05,-0.32,-0.13,0.32,9.8,1.35375,2.5,0.0,0.0,0.0,7.0,1017.0,67.29,-16.79
2025-03-24 18:19:00.977000+00:00,50.44522335715969,,,,20.188,-1.625,-1.688,23.0,-74.0,-23.375,-55.688,0.024,0.016,-0.059,-0.27,-0.14,9.44,0.57,-0.05,-0.32,-0.13,0.32,9.8,1.35375,2.5,0.0,0.0,0.0,7.0,1017.0,67.29,-16.79
2025-03-24 18:19:01.991000+00:00,50.44522335715969,,,,20.188,-1.625,-1.688,23.0,-74.0,-23.375,-55.688,0.024,0.016,-0.059,-0.25,0.13,9.25,0.57,-0.05,-0.32,-0.13,0.32,9.8,1.35375,2.5,0.0,0.0,0.0,7.0,1017.0,67.29,-16.79
2025-03-24 18:19:02.997000+00:00,50.44522335715969,,,,20.188,-1.625,-1.688,23.0,-74.0,-23.375,-55.688,0.024,0.016,-0.059,-0.04,0.0,9.27,0.57,-0.05,-0.32,-0.13,0.32,9.8,1.35375,2.5,0.0,0.0,0.0,7.0,1017.0,67.29,-16.79
2025-03-24 18:19:03.997000+00:00,50.44522335715969,,,,20.188,-1.625,-1.688,23.0,-74.0,-23.375,-55.688,0.024,0.016,-0.059,-0.02,0.53,9.53,0.57,-0.05,-0.32,-0.13,0.32,9.8,1.35375,2.5,0.0,0.0,0.0,7.0,1017.0,67.29,-16.79
2025-03-24 18:19:04.998000+00:00,50.44522335715969,,,,20.188,-1.625,-1.688,23.0,-74.0,-23.375,-55.688,0.024,0.016,-0.059,-0.26,-0.67,9.49,0.57,-0.05,-0.32,-0.13,0.32,9.8,1.35375,2.5,0.0,0.0,0.0,7.0,1017.0,67.29,-16.79
2025-03-24 18:19:06.097000+00:00,50.44522335715969,,,,20.188,-1.625,-1.688,23.0,-74.0,-23.375,-55.688,0.024,0.016,-0.059,-0.79,-0.28,9.47,0.57,-0.05,-0.32,-0.13,0.32,9.8,1.35375,2.5,0.0,0.0,0.0,7.0,1017.0,67.29,-16.79
2025-03-24 18:19:07.231000+00:00,50.44522335715969,,,,20.188,-1.625,-1.688,23.0,-74.0,-23.375,-55.688,0.024,0.016,-0.059,-0.34,-0.32,9.42,0.57,-0.05,-0.32,-0.13,0.32,9.8,1.35375,2.5,0.0,0.0,0.0,7.0,1017.0,67.29,-16.79
2025-03-24 18:19:08.290000+00:00,50.44522335715969,,,,20.188,-1.625,-1.688,23.0,-74.0,-23.375,-55.688,0.024,0.016,-0.059,-0.22,-0.16,9.55,0.57,-0.05,-0.32,-0.13,0.32,9.8,1.35375,2.5,0.0,0.0,0.0,7.0,1017.0,67.29,-16.79
2025-03-24 18:19:09.049000+00:00,50.44522335715969,,,,20.188,-1.625,-1.688,23.0,-74.0,-23.375,-55.688,0.024,0.016,-0.059,-0.05,0.33,9.56,0.57,-0.05,-0.32,-0.13,0.32,9.8,1.35375,2.5,0.0,0.0,0.0,7.0,1017.0,67.29,-16.79
2025-03-24 18:19:10.050000+00:00,50.44522335715969,,,,20.188,-1.625,-1.688,23.0,-74.0,-23.375,-55.688,0.024,0.016,-0.059,0.43,0.44,9.17,0.57,-0.05,-0.32,-0.13,0.32,9.8,1.35375,2.5,0.0,0.0,0.0,7.0,1017.0,67.29,-16.79
2025-03-24 18:19:11.060000+00:00,50.44522335715969,,,,20.188,-1.625,-1.688,23.0,-74.0,-23.375,-55.688,0.024,0.016,-0.059,0.22,0.96,9.38,0.57,-0.05,-0.32,-0.13,0.32,9.8,1.35375,2.5,0.0,0.0,0.0,7.0,1017.0,67.29,-16.79
2025-03-24 18:19:12.080000+00:00,50.44522335715969,,,,20.188,-1.625,-1.688,23.0,-74.0,-23.375,-55.688,0.024,0.016,-0.059,-0.05,0.73,9.53,0.57,-0.05,-0.32,-0.13,0.32,9.8,1.35375,2.5,0.0,0.0,0.0,7.0,1017.0,67.29,-16.79
2025-03-24 18:19:13.140000+00:00,50.44522335715969,,,,20.188,-1.625,-1.688,23.0,-74.0,-23.375,-55.688,0.024,0.016,-0.059,-0.24,-0.66,9.44,0.57,-0.05,-0.32,-0.13,0.32,9.8,1.35375,2.5,0.0,0.0,0.0,7.0,1017.0,67.29,-16.79
2025-03-24 18:19:14.320000+00:00,50.44522335715969,,,,20.188,-1.625,-1.688,23.0,-74.0,-23.375,-55.688,0.024,0.016,-0.059,-0.08,0.6,9.43,0.57,-0.05,-0.32,-0.13,0.32,9.8,1.35375,2.5,0.0,0.0,0.0,7.0,1017.0,67.29,-16.79
2025-03-24 18:19:15.100000+00:00,50.44522335715969,,,,20.188,-1.625,-1.688,23.0,-74.0,-23.375,-55.688,0.024,0.016,-0.059,0.08,0.03,9.25,0.57,-0.05,-0.32,-0.13,0.32,9.8,1.35375,2.5,0.0,0.0,0.0,7.0,1017.0,67.29,-16.79
2025-03-24 18:19:16.120000+00:00,50.44522335715969,,,,20.188,-1.625,-1.688,23.0,-74.0,-23.375,-55.688,0.024,0.016,-0.059,-0.1,0.84,9.47,0.57,-0.05,-0.32,-0.13,0.32,9.8,1.35375,2.5,0.0,0.0,0.0,7.0,1017.0,67.29,-16.79
2025-03-24 18:19:17.109000+00:00,50.44522335715969,,,,20.188,-1.625,-1.688,23.0,-74.0,-23.375,-55.688,0.024,0.016,-0.059,0.49,-0.33,9.08,0.57,-0.05,-0.32,-0.13,0.32,9.8,1.35375,2.5,0.0,0.0,0.0,7.0,1017.0,67.29,-16.79
2025-03-24 18:19:18.119000+00:00,50.44522335715969,,,,20.188,-1.625,-1.688,23.0,-74.0,-23.375,-55.688,0.024,0.016,-0.059,-0.66,-0.11,9.45,0.57,-0.05,-0.32,-0.13,0.32,9.8,1.35375,2.5,0.0,0.0,0.0,7.0,1017.0,67.29,-16.79
2025-03-24 18:19:19.139000+00:00,50.44522335715969,,,,20.188,-1.625,-1.688,23.0,-74.0,-23.375,-55.688,0.024,0.016,-0.059,-0.04,0.22,9.64,0.57,-0.05,-0.32,-0.13,0.32,9.8,1.35375,2.5,0.0,0.0,0.0,7.0,1017.0,67.29,-16.79
2025-03-24 18:19:20.172000+00:00,50.44522335715969,,,,20.188,-1.625,-1.688,23.0,-74.0,-23.375,-55.688,0.024,0.016,-0.059,-0.58,0.42,9.32,0.57,-0.05,-0.32,-0.13,0.32,9.8,1.35375,2.5,0.0,0.0,0.0,7.0,1017.0,67.29,-16.79
2025-03-24 18:19:21.176000+00:00,50.44522335715969,,,,20.188,-1.625,-1.688,23.0,-74.0,-23.375,-55.688,0.024,0.016,-0.059,0.02,-0.01,9.35,0.57,-0.05,-0.32,-0.13,0.32,9.8,1.35375,2.5,0.0,0.0,0.0,7.0,1017.0,67.29,-16.79
2025-03-24 18:19:22.200000+00:00,50.44522335715969,,,,20.188,-1.625,-1.688,23.0,-74.0,-23.375,-55.688,0.024,0.016,-0.059,-0.19,0.31,9.47,0.57,-0.05,-0.32,-0.13,0.32,9.8,1.35375,2.5,0.0,0.0,0.0,7.0,1017.0,67.29,-16.79
2025-03-24 18:19:23.339000+00:00,50.44522335715969,,,,20.188,-1.625,-1.688,23.0,-74.0,-23.375,-55.688,0.024,0.016,-0.059,0.63,0.0,9.0,0.57,-0.05,-0.32,-0.13,0.32,9.8,1.35375,2.5,0.0,0.0,0.0,7.0,1017.0,67.29,-16.79
2025-03-24 18:19:24.440000+00:00,50.44522335715969,,,,20.188,-1.625,-1.688,23.0,-74.0,-23.375,-55.688,0.024,0.016,-0.059,-0.66,0.16,9.31,0.57,-0.05,-0.32,-0.13,0.32,9.8,1.35375,2.5,0.0,0.0,0.0,7.0,1017.0,67.29,-16.79
2025-03-24 18:19:25.196000+00:00,50.44522335715969,,,,20.188,-1.625,-1.688,23.0,-74.0,-23.375,-55.688,0.024,0.016,-0.059,-0.22,-0.08,9.83,0.57,-0.05,-0.32,-0.13,0.32,9.8,1.35375,2.5,0.0,0.0,0.0,7.0,1017.0,67.29,-16.79
2025-03-24 18:19:26.199000+00:00,50.44522335715969,,,,20.188,-1.625,-1.688,23.0,-74.0,-23.375,-55.688,0.024,0.016,-0.059,-0.23,0.73,9.27,0.57,-0.05,-0.32,-0.13,0.32,9.8,1.35375,2.5,0.0,0.0,0.0,7.0,1017.0,67.29,-16.79
2025-03-24 18:19:27.209000+00:00,50.44522335715969,,,,20.188,-1.625,-1.688,23.0,-74.0,-23.375,-55.688,0.024,0.016,-0.059,0.38,0.11,9.56,0.57,-0.05,-0.32,-0.13,0.32,9.8,1.35375,2.5,0.0,0.0,0.0,7.0,1017.0,67.29,-16.79
2025-03-24 18:19:28.212000+00:00,50.44522335715969,,,,20.188,-1.625,-1.688,23.0,-74.0,-23.375,-55.688,0.024,0.016,-0.059,-0.06,0.59,9.29,0.57,-0.05,-0.32,-0.13,0.32,9.8,1.35375,2.5,0.0,0.0,0.0,7.0,1017.0,67.29,-16.79
2025-03-24 18:19:29.246000+00:00,50.44522335715969,,,,20.188,-1.625,-1.688,23.0,-74.0,-23.375,-55.688,0.024,0.016,-0.059,-0.14,0.68,9.39,0.57,-0.05,-0.32,-0.13,0.32,9.8,1.35375,2.5,0.0,0.0,0.0,7.0,1017.0,67.29,-16.79
2025-03-24 18:19:30.289000+00:00,50.44522335715969,,,,20.188,-1.625,-1.688,23.0,-74.0,-23.375,-55.688,0.024,0.016,-0.059,-0.33,0.4,9.19,0.57,-0.05,-0.32,-0.13,0.32,9.8,1.35375,2.5,0.0,0.0,0.0,7.0,1017.0,67.29,-16.79
2025-03-24 18:19:31.258000+00:00,50.44522335715969,,,,20.188,-1.625,-1.688,23.0,-74.0,-23.375,-55.688,0.024,0.016,-0.059,0.09,0.94,9.36,0.57,-0.05,-0.32,-0.13,0.32,9.8,1.35375,2.5,0.0,0.0,0.0,7.0,1017.0,67.29,-16.79
2025-03-24 18:19:32.270000+00:00,50.44522335715969,,,,20.188,-1.625,-1.688,23.0,-74.0,-23.375,-55.688,0.024,0.016,-0.059,-0.59,0.06,9.48,0.57,-0.05,-0.32,-0.13,0.32,9.8,1.35375,2.5,0.0,0.0,0.0,7.0,1017.0,67.29,-16.79
2025-03-24 18:19:33.300000+00:00,50.44522335715969,,,,20.188,-1.625,-1.688,23.0,-74.0,-23.375,-55.688,0.024,0.016,-0.059,0.23,0.83,9.19,0.57,-0.05,-0.32,-0.13,0.32,9.8,1.35375,2.5,0.0,0.0,0.0,7.0,1017.0,67.29,-16.79
2025-03-24 18:19:34.379000+00:00,50.44522335715969,,,,20.188,-1.625,-1.688,23.0,-74.0,-23.375,-55.688,0.024,0.016,-0.059,-0.67,0.33,9.38,0.57,-0.05,-0.32,-0.13,0.32,9.8,1.35375,2.5,0.0,0.0,0.0,7.0,1017.0,67.29,-16.79
2025-03-24 18:19:35.520000+00:00,50.44522335715969,,,,20.188,-1.625,-1.688,23.0,-74.0,-23.375,-55.688,0.024,0.016,-0.059,0.16,0.21,9.2,0.57,-0.05,-0.32,-0.13,0.32,9.8,1.35375,2.5,0.0,0.0,0.0,7.0,1017.0,67.29,-16.79
2025-03-24 18:19:36.489000+00:00,50.44522335715969,,,,20.188,-1.625,-1.688,23.0,-74.0,-23.375,-55.688,0.024,0.016,-0.059,-0.03,-0.36,9.54,0.57,-0.05,-0.32,-0.13,0.32,9.8,1.35375,2.5,0.0,0.0,0.0,7.0,1017.0,67.29,-16.79
2025-03-24 18:19:37.310000+00:00,50.44522335715969,,,,20.188,-1.625,-1.688,23.0,-74.0,-23.375,-55.688,0.024,0.016,-0.059,-0.12,-0.16,9.34,0.57,-0.05,-0.32,-0.13,0.32,9.8,1.35375,2.5,0.0,0.0,0.0,7.0,1017.0,67.29,-16.79
2025-03-24 18:18:38.830000+00:00,50.44522335715969,,,,20.188,-1.625,-1.688,23.0,-74.0,-23.375,-55.688,0.024,0.016,-0.059,-0.12,-0.16,9.34,0.57,-0.05,-0.32,-0.13,0.32,9.8,1.35375,2.5,0.0,0.0,0.0,7.0,1017.0,67.29,-16.79
2025-03-24 18:18:39.852000+00:00,50.44522335715969,,,,20.188,-1.625,-1.688,23.0,-74.0,-23.375,-55.688,0.024,0.016,-0.059,-0.12,-0.16,9.34,-0.31,-0.69,-0.58,-0.13,0.32,9.8,1.35375,2.5,0.0,0.0,0.0,7.0,1017.0,67.29,-16.79
2025-03-24 18:18:40.809000+00:00,50.44522335715969,,,,20.188,-1.625,-1.688,23.0,-74.0,-23.375,-55.688,0.024,0.016,-0.059,-0.12,-0.16,9.34,-0.43,-1.16,-0.41,-0.13,0.32,9.8,1.35375,2.5,0.0,0.0,0.0,7.0,1017.0,67.29,-16.79
2025-03-24 18:18:41.842000+00:00,50.44522335715969,,,,20.188,-1.625,-1.688,23.0,-74.0,-23.375,-55.688,0.024,0.016,-0.059,-0.12,-0.16,9.34,0.0,0.1,-0.29,-0.13,0.32,9.8,1.35375,2.5,0.0,0.0,0.0,7.0,1017.0,67.29,-16.79
2025-03-24 18:18:42.962000+00:00,50.44522335715969,,,,20.188,-1.625,-1.688,23.0,-74.0,-23.375,-55.688,0.024,0.016,-0.059,-0.12,-0.16,9.34,0.65,0.67,-0.3,-0.13,0.32,9.8,1.35375,2.5,0.0,0.0,0.0,7.0,1017.0,67.29,-16.79
2025-03-24 18:18:44.176000+00:00,50.44522335715969,,,,20.188,-1.625,-1.688,23.0,-74.0,-23.375,-55.688,0.024,0.016,-0.059,-0.12,-0.16,9.34,-0.91,0.04,-0.31,-0.13,0.32,9.8,1.35375,2.5,0.0,0.0,0.0,7.0,1017.0,67.29,-16.79
2025-03-24 18:18:44.879000+00:00,50.44522335715969,,,,20.188,-1.625,-1.688,23.0,-74.0,-23.375,-55.688,0.024,0.016,-0.059,-0.12,-0.16,9.34,0.86,-0.51,-0.35,-0.13,0.32,9.8,1.35375,2.5,0.0,0.0,0.0,7.0,1017.0,67.29,-16.79
2025-03-24 18:18:45.861000+00:00,50.44522335715969,,,,20.188,-1.625,-1.688,23.0,-74.0,-23.375,-55.688,0.024,0.016,-0.059,-0.12,-0.16,9.34,0.19,0.85,-0.45,-0.13,0.32,9.8,1.35375,2.5,0.0,0.0,0.0,7.0,1017.0,67.29,-16.79
2025-03-24 18:18:46.871000+00:00,50.44522335715969,,,,20.188,-1.625,-1.688,23.0,-74.0,-23.375,-55.688,0.024,0.016,-0.059,-0.12,-0.16,9.34,0.16,0.16,-0.36,-0.13,0.32,9.8,1.35375,2.5,0.0,0.0,0.0,7.0,1017.0,67.29,-16.79
2025-03-24 18:18:47.892000+00:00,50.44522335715969,,,,20.188,-1.625,-1.688,23.0,-74.0,-23.375,-55.688,0.024,0.016,-0.059,-0.12,-0.16,9.34,-0.68,-1.02,-0.39,-0.13,0.32,9.8,1.35375,2.5,0.0,0.0,0.0,7.0,1017.0,67.29,-16.79
2025-03-24 18:18:48.901000+00:00,50.44522335715969,,,,20.188,-1.625,-1.688,23.0,-74.0,-23.375,-55.688,0.024,0.016,-0.059,-0.12,-0.16,9.34,0.15,0.62,-0.3,-0.13,0.32,9.8,1.35375,2.5,0.0,0.0,0.0,7.0,1017.0,67.29,-16.79
2025-03-24 18:18:49.907000+00:00,50.44522335715969,,,,20.188,-1.625,-1.688,23.0,-74.0,-23.375,-55.688,0.024,0.016,-0.059,-0.12,-0.16,9.34,0.45,0.26,-0.33,-0.13,0.32,9.8,1.35375,2.5,0.0,0.0,0.0,7.0,1017.0,67.29,-16.79
2025-03-24 18:18:50.922000+00:00,50.44522335715969,,,,20.188,-1.625,-1.688,23.0,-74.0,-23.375,-55.688,0.024,0.016,-0.059,-0.12,-0.16,9.34,-0.06,0.07,-0.37,-0.13,0.32,9.8,1.35375,2.5,0.0,0.0,0.0,7.0,1017.0,67.29,-16.79
2025-03-24 18:18:51.923000+00:00,50.44522335715969,,,,20.188,-1.625,-1.688,23.0,-74.0,-23.375,-55.688,0.024,0.016,-0.059,-0.12,-0.16,9.34,0.73,0.36,-0.47,-0.13,0.32,9.8,1.35375,2.5,0.0,0.0,0.0,7.0,1017.0,67.29,-16.79
2025-03-24 18:18:52.938000+00:00,50.44522335715969,,,,20.188,-1.625,-1.688,23.0,-74.0,-23.375,-55.688,0.024,0.016,-0.059,-0.12,-0.16,9.34,-0.13,-0.68,-0.43,-0.13,0.32,9.8,1.35375,2.5,0.0,0.0,0.0,7.0,1017.0,67.29,-16.79
2025-03-24 18:18:54.041000+00:00,50.44522335715969,,,,20.188,-1.625,-1.688,23.0,-74.0,-23.375,-55.688,0.024,0.016,-0.059,-0.12,-0.16,9.34,0.21,-0.32,-0.5,-0.13,0.32,9.8,1.35375,2.5,0.0,0.0,0.0,7.0,1017.0,67.29,-16.79
2025-03-24 18:18:55.242000+00:00,50.44522335715969,,,,20.188,-1.625,-1.688,23.0,-74.0,-23.375,-55.688,0.024,0.016,-0.059,-0.12,-0.16,9.34,-0.15,-0.18,-0.24,-0.13,0.32,9.8,1.35375,2.5,0.0,0.0,0.0,7.0,1017.0,67.29,-16.79
2025-03-24 18:18:56.222000+00:00,50.44522335715969,,,,20.188,-1.625,-1.688,23.0,-74.0,-23.375,-55.688,0.024,0.016,-0.059,-0.12,-0.16,9.34,0.19,0.4,-0.37,-0.13,0.32,9.8,1.35375,2.5,0.0,0.0,0.0,7.0,1017.0,67.29,-16.79
2025-03-24 18:18:56.961000+00:00,50.44522335715969,,,,20.188,-1.625,-1.688,23.0,-74.0,-23.375,-55.688,0.024,0.016,-0.059,-0.12,-0.16,9.34,0.31,0.49,-0.19,-0.13,0.32,9.8,1.35375,2.5,0.0,0.0,0.0,7.0,1017.0,67.29,-16.79
2025-03-24 18:18:57.981000+00:00,50.44522335715969,,,,20.188,-1.625,-1.688,23.0,-74.0,-23.375,-55.688,0.024,0.016,-0.059,-0.12,-0.16,9.34,-0.17,-0.12,-0.34,-0.13,0.32,9.8,1.35375,2.5,0.0,0.0,0.0,7.0,1017.0,67.29,-16.79
2025-03-24 18:18:58.994000+00:00,50.44522335715969,,,,20.188,-1.625,-1.688,23.0,-74.0,-23.375,-55.688,0.024,0.016,-0.059,-0.12,-0.16,9.34,0.21,-0.35,0.09,-0.13,0.32,9.8,1.35375,2.5,0.0,0.0,0.0,7.0,1017.0,67.29,-16.79
2025-03-24 18:19:00.008000+00:00,50.44522335715969,,,,20.188,-1.625,-1.688,23.0,-74.0,-23.375,-55.688,0.024,0.016,-0.059,-0.12,-0.16,9.34,-0.21,-0.55,-0.54,-0.13,0.32,9.8,1.35375,2.5,0.0,0.0,0.0,7.0,1017.0,67.29,-16.79
2025-03-24 18:19:01.031000+00:00,50.44522335715969,,,,20.188,-1.625,-1.688,23.0,-74.0,-23.375,-55.688,0.024,0.016,-0.059,-0.12,-0.16,9.34,-0.04,-0.41,-0.35,-0.13,0.32,9.8,1.35375,2.5,0.0,0.0,0.0,7.0,1017.0,67.29,-16.79
2025-03-24 18:19:02.041000+00:00,50.44522335715969,,,,20.188,-1.625,-1.688,23.0,-74.0,-23.375,-55.688,0.024,0.016,-0.059,-0.12,-0.16,9.34,-0.04,-0.11,-0.54,-0.13,0.32,9.8,1.35375,2.5,0.0,0.0,0.0,7.0,1017.0,67.29,-16.79
2025-03-24 18:19:03.058000+00:00,50.44522335715969,,,,20.188,-1.625,-1.688,23.0,-74.0,-23.375,-55.688,0.024,0.016,-0.059,-0.12,-0.16,9.34,0.21,-0.27,-0.51,-0.13,0.32,9.8,1.35375,2.5,0.0,0.0,0.0,7.0,1017.0,67.29,-16.79
2025-03-24 18:19:04.058000+00:00,50.44522335715969,,,,20.188,-1.625,-1.688,23.0,-74.0,-23.375,-55.688,0.024,0.016,-0.059,-0.12,-0.16,9.34,0.21,0.27,-0.26,-0.13,0.32,9.8,1.35375,2.5,0.0,0.0,0.0,7.0,1017.0,67.29,-16.79
2025-03-24 18:19:05.057000+00:00,50.44522335715969,,,,20.188,-1.625,-1.688,23.0,-74.0,-23.375,-55.688,0.024,0.016,-0.059,-0.12,-0.16,9.34,0.01,-0.94,-0.3,-0.13,0.32,9.8,1.35375,2.5,0.0,0.0,0.0,7.0,1017.0,67.29,-16.79
2025-03-24 18:19:06.154000+00:00,50.44522335715969,,,,20.188,-1.625,-1.688,23.0,-74.0,-23.375,-55.688,0.024,0.016,-0.059,-0.12,-0.16,9.34,-0.53,-0.54,-0.32,-0.13,0.32,9.8,1.35375,2.5,0.0,0.0,0.0,7.0,1017.0,67.29,-16.79
2025-03-24 18:19:07.287000+00:00,50.44522335715969,,,,20.188,-1.625,-1.688,23.0,-74.0,-23.375,-55.688,0.024,0.016,-0.059,-0.12,-0.16,9.34,-0.05,-0.58,-0.37,-0.13,0.32,9.8,1.35375,2.5,0.0,0.0,0.0,7.0,1017.0,67.29,-16.79
2025-03-24 18:19:08.341000+00:00,50.44522335715969,,,,20.188,-1.625,-1.688,23.0,-74.0,-23.375,-55.688,0.024,0.016,-0.059,-0.12,-0.16,9.34,0.04,-0.42,-0.24,-0.13,0.32,9.8,1.35375,2.5,0.0,0.0,0.0,7.0,1017.0,67.29,-16.79
2025-03-24 18:19:09.110000+00:00,50.44522335715969,,,,20.188,-1.625,-1.688,23.0,-74.0,-23.375,-55.688,0.024,0.016,-0.059,-0.12,-0.16,9.34,0.24,0.04,-0.23,-0.13,0.32,9.8,1.35375,2.5,0.0,0.0,0.0,7.0,1017.0,67.29,-16.79
2025-03-24 18:19:10.100000+00:00,50.44522335715969,,,,20.188,-1.625,-1.688,23.0,-74.0,-23.375,-55.688,0.024,0.016,-0.059,-0.12,-0.16,9.34,0.69,0.16,-0.61,-0.13,0.32,9.8,1.35375,2.5,0.0,0.0,0.0,7.0,1017.0,67.29,-16.79
2025-03-24 18:19:11.111000+00:00,50.44522335715969,,,,20.188,-1.625,-1.688,23.0,-74.0,-23.375,-55.688,0.024,0.016,-0.059,-0.12,-0.16,9.34,0.52,0.68,-0.41,-0.13,0.32,9.8,1.35375,2.5,0.0,0.0,0.0,7.0,1017.0,67.29,-16.79
2025-03-24 18:19:12.137000+00:00,50.44522335715969,,,,20.188,-1.625,-1.688,23.0,-74.0,-23.375,-55.688,0.024,0.016,-0.059,-0.12,-0.16,9.34,0.21,0.47,-0.26,-0.13,0.32,9.8,1.35375,2.5,0.0,0.0,0.0,7.0,1017.0,67.29,-16.79
2025-03-24 18:19:13.196000+00:00,50.44522335715969,,,,20.188,-1.625,-1.688,23.0,-74.0,-23.375,-55.688,0.024,0.016,-0.059,-0.12,-0.16,9.34,0.0,-0.91,-0.35,-0.13,0.32,9.8,1.35375,2.5,0.0,0.0,0.0,7.0,1017.0,67.29,-16.79
2025-03-24 18:19:14.369000+00:00,50.44522335715969,,,,20.188,-1.625,-1.688,23.0,-74.0,-23.375,-55.688,0.024,0.016,-0.059,-0.12,-0.16,9.34,0.18,0.32,-0.36,-0.13,0.32,9.8,1.35375,2.5,0.0,0.0,0.0,7.0,1017.0,67.29,-16.79
2025-03-24 18:19:15.151000+00:00,50.44522335715969,,,,20.188,-1.625,-1.688,23.0,-74.0,-23.375,-55.688,0.024,0.016,-0.059,-0.12,-0.16,9.34,0.33,-0.23,-0.54,-0.13,0.32,9.8,1.35375,2.5,0.0,0.0,0.0,7.0,1017.0,67.29,-16.79
2025-03-24 18:19:16.176000+00:00,50.44522335715969,,,,20.188,-1.625,-1.688,23.0,-74.0,-23.375,-55.688,0.024,0.016,-0.059,-0.12,-0.16,9.34,0.2,0.53,-0.32,-0.13,0.32,9.8,1.35375,2.5,0.0,0.0,0.0,7.0,1017.0,67.29,-16.79
2025-03-24 18:19:17.163000+00:00,50.44522335715969,,,,20.188,-1.625,-1.688,23.0,-74.0,-23.375,-55.688,0.024,0.016,-0.059,-0.12,-0.16,9.34,0.75,-0.61,-0.71,-0.13,0.32,9.8,1.35375,2.5,0.0,0.0,0.0,7.0,1017.0,67.29,-16.79
2025-03-24 18:19:18.170000+00:00,50.44522335715969,,,,20.188,-1.625,-1.688,23.0,-74.0,-23.375,-55.688,0.024,0.016,-0.059,-0.12,-0.16,9.34,-0.35,-0.39,-0.34,-0.13,0.32,9.8,1.35375,2.5,0.0,0.0,0.0,7.0,1017.0,67.29,-16.79
2025-03-24 18:19:19.190000+00:00,50.44522335715969,,,,20.188,-1.625,-1.688,23.0,-74.0,-23.375,-55.688,0.024,0.016,-0.059,-0.12,-0.16,9.34,0.23,-0.04,-0.15,-0.13,0.32,9.8,1.35375,2.5,0.0,0.0,0.0,7.0,1017.0,67.29,-16.79
2025-03-24 18:19:20.219000+00:00,50.44522335715969,,,,20.188,-1.625,-1.688,23.0,-74.0,-23.375,-55.688,0.024,0.016,-0.059,-0.12,-0.16,9.34,-0.27,0.14,-0.46,-0.13,0.32,9.8,1.35375,2.5,0.0,0.0,0.0,7.0,1017.0,67.29,-16.79
2025-03-24 18:19:21.229000+00:00,50.44522335715969,,,,20.188,-1.625,-1.688,23.0,-74.0,-23.375,-55.688,0.024,0.016,-0.059,-0.12,-0.16,9.34,0.32,-0.31,-0.44,-0.13,0.32,9.8,1.35375,2.5,0.0,0.0,0.0,7.0,1017.0,67.29,-16.79
2025-03-24 18:19:22.249000+00:00,50.44522335715969,,,,20.188,-1.625,-1.688,23.0,-74.0,-23.375,-55.688,0.024,0.016,-0.059,-0.12,-0.16,9.34,0.11,0.01,-0.32,-0.13,0.32,9.8,1.35375,2.5,0.0,0.0,0.0,7.0,1017.0,67.29,-16.79
2025-03-24 18:19:23.396000+00:00,50.44522335715969,,,,20.188,-1.625,-1.688,23.0,-74.0,-23.375,-55.688,0.024,0.016,-0.059,-0.12,-0.16,9.34,0.91,-0.28,-0.79,-0.13,0.32,9.8,1.35375,2.5,0.0,0.0,0.0,7.0,1017.0,67.29,-16.79
2025-03-24 18:19:24.489000+00:00,50.44522335715969,,,,20.188,-1.625,-1.688,23.0,-74.0,-23.375,-55.688,0.024,0.016,-0.059,-0.12,-0.16,9.34,-0.33,-0.12,-0.48,-0.13,0.32,9.8,1.35375,2.5,0.0,0.0,0.0,7.0,1017.0,67.29,-16.79
2025-03-24 18:19:25.252000+00:00,50.44522335715969,,,,20.188,-1.625,-1.688,23.0,-74.0,-23.375,-55.688,0.024,0.016,-0.059,-0.12,-0.16,9.34,0.06,-0.35,0.03,-0.13,0.32,9.8,1.35375,2.5,0.0,0.0,0.0,7.0,1017.0,67.29,-16.79
2025-03-24 18:19:26.248000+00:00,50.44522335715969,,,,20.188,-1.625,-1.688,23.0,-74.0,-23.375,-55.688,0.024,0.016,-0.059,-0.12,-0.16,9.34,-0.02,0.49,-0.36,-0.13,0.32,9.8,1.35375,2.5,0.0,0.0,0.0,7.0,1017.0,67.29,-16.79
2025-03-24 18:19:27.259000+00:00,50.44522335715969,,,,20.188,-1.625,-1.688,23.0,-74.0,-23.375,-55.688,0.024,0.016,-0.059,-0.12,-0.16,9.34,1.52,0.04,-0.48,-0.13,0.32,9.8,1.35375,2.5,0.0,0.0,0.0,7.0,1017.0,67.29,-16.79
2025-03-24 18:19:28.259000+00:00,50.44522335715969,,,,20.188,-1.625,-1.688,23.0,-74.0,-23.375,-55.688,0.024,0.016,-0.059,-0.12,-0.16,9.34,0.24,0.28,-0.49,-0.13,0.32,9.8,1.35375,2.5,0.0,0.0,0.0,7.0,1017.0,67.29,-16.79
2025-03-24 18:19:29.299000+00:00,50.44522335715969,,,,20.188,-1.625,-1.688,23.0,-74.0,-23.375,-55.688,0.024,0.016,-0.059,-0.12,-0.16,9.34,0.13,0.38,-0.4,-0.13,0.32,9.8,1.35375,2.5,0.0,0.0,0.0,7.0,1017.0,67.29,-16.79
2025-03-24 18:19:30.339000+00:00,50.44522335715969,,,,20.188,-1.625,-1.688,23.0,-74.0,-23.375,-55.688,0.024,0.016,-0.059,-0.12,-0.16,9.34,-0.04,0.08,-0.59,-0.13,0.32,9.8,1.35375,2.5,0.0,0.0,0.0,7.0,1017.0,67.29,-16.79
2025-03-24 18:19:31.310000+00:00,50.44522335715969,,,,20.188,-1.625,-1.688,23.0,-74.0,-23.375,-55.688,0.024,0.016,-0.059,-0.12,-0.16,9.34,0.37,0.64,-0.43,-0.13,0.32,9.8,1.35375,2.5,0.0,0.0,0.0,7.0,1017.0,67.29,-16.79
2025-03-24 18:19:32.319000+00:00,50.44522335715969,,,,20.188,-1.625,-1.688,23.0,-74.0,-23.375,-55.688,0.024,0.016,-0.059,-0.12,-0.16,9.34,-0.29,-0.23,-0.31,-0.13,0.32,9.8,1.35375,2.5,0.0,0.0,0.0,7.0,1017.0,67.29,-16.79
2025-03-24 18:19:33.350000+00:00,50.44522335715969,,,,20.188,-1.625,-1.688,23.0,-74.0,-23.375,-55.688,0.024,0.016,-0.059,-0.12,-0.16,9.34,0.5,0.54,-0.6,-0.13,0.32,9.8,1.35375,2.5,0.0,0.0,0.0,7.0,1017.0,67.29,-16.79
2025-03-24 18:19:34.430000+00:00,50.44522335715969,,,,20.188,-1.625,-1.688,23.0,-74.0,-23.375,-55.688,0.024,0.016,-0.059,-0.12,-0.16,9.34,-0.36,0.03,-0.41,-0.13,0.32,9.8,1.35375,2.5,0.0,0.0,0.0,7.0,1017.0,67.29,-16.79
2025-03-24 18:19:35.570000+00:00,50.44522335715969,,,,20.188,-1.625,-1.688,23.0,-74.0,-23.375,-55.688,0.024,0.016,-0.059,-0.12,-0.16,9.34,0.43,-0.08,-0.59,-0.13,0.32,9.8,1.35375,2.5,0.0,0.0,0.0,7.0,1017.0,67.29,-16.79
2025-03-24 18:19:36.540000+00:00,50.44522335715969,,,,20.188,-1.625,-1.688,23.0,-74.0,-23.375,-55.688,0.024,0.016,-0.059,-0.12,-0.16,9.34,0.23,-0.64,-0.25,-0.13,0.32,9.8,1.35375,2.5,0.0,0.0,0.0,7.0,1017.0,67.29,-16.79
2025-03-24 18:19:37.359000+00:00,50.44522335715969,,,,20.188,-1.625,-1.688,23.0,-74.0,-23.375,-55.688,0.024,0.016,-0.059,-0.12,-0.16,9.34,0.16,-0.46,-0.45,-0.13,0.32,9.8,1.35375,2.5,0.0,0.0,0.0,7.0,1017.0,67.29,-16.79
2025-03-24 18:18:38.890000+00:00,50.44522335715969,,,,20.188,-1.625,-1.688,23.0,-74.0,-23.375,-55.688,0.024,0.016,-0.059,-0.12,-0.16,9.34,0.16,-0.46,-0.45,-0.13,0.32,9.8,1.35375,2.5,0.0,0.0,0.0,7.0,1017.0,67.29,-16.79
2025-03-24 18:18:39.902000+00:00,50.44522335715969,,,,20.188,-1.625,-1.688,23.0,-74.0,-23.375,-55.688,0.024,0.016,-0.059,-0.12,-0.16,9.34,0.16,-0.46,-0.45,-0.17,0.3,9.8,1.35375,2.5,0.0,0.0,0.0,7.0,1017.0,67.29,-16.79
2025-03-24 18:18:40.863000+00:00,50.44522335715969,,,,20.188,-1.625,-1.688,23.0,-74.0,-23.375,-55.688,0.024,0.016,-0.059,-0.12,-0.16,9.34,0.16,-0.46,-0.45,-0.15,0.31,9.8,1.35375,2.5,0.0,0.0,0.0,7.0,1017.0,67.29,-16.79
2025-03-24 18:18:41.892000+00:00,50.44522335715969,,,,20.188,-1.625,-1.688,23.0,-74.0,-23.375,-55.688,0.024,0.016,-0.059,-0.12,-0.16,9.34,0.16,-0.46,-0.45,-0.19,0.34,9.79,1.35375,2.5,0.0,0.0,0.0,7.0,1017.0,67.29,-16.79
2025-03-24 18:18:43.012000+00:00,50.44522335715969,,,,20.188,-1.625,-1.688,23.0,-74.0,-23.375,-55.688,0.024,0.016,-0.059,-0.12,-0.16,9.34,0.16,-0.46,-0.45,-0.14,0.32,9.8,1.35375,2.5,0.0,0.0,0.0,7.0,1017.0,67.29,-16.79
2025-03-24 18:18:44.222000+00:00,50.44522335715969,,,,20.188,-1.625,-1.688,23.0,-74.0,-23.375,-55.688,0.024,0.016,-0.059,-0.12,-0.16,9.34,0.16,-0.46,-0.45,-0.17,0.32,9.79,1.35375,2.5,0.0,0.0,0.0,7.0,1017.0,67.29,-16.79
2025-03-24 18:18:44.939000+00:00,50.44522335715969,,,,20.188,-1.625,-1.688,23.0,-74.0,-23.375,-55.688,0.024,0.016,-0.059,-0.12,-0.16,9.34,0.16,-0.46,-0.45,-0.13,0.3,9.8,1.35375,2.5,0.0,0.0,0.0,7.0,1017.0,67.29,-16.79
2025-03-24 18:18:45.911000+00:00,50.44522335715969,,,,20.188,-1.625,-1.688,23.0,-74.0,-23.375,-55.688,0.024,0.016,-0.059,-0.12,-0.16,9.34,0.16,-0.46,-0.45,-0.19,0.32,9.79,1.35375,2.5,0.0,0.0,0.0,7.0,1017.0,67.29,-16.79
2025-03-24 18:18:46.921000+00:00,50.44522335715969,,,,20.188,-1.625,-1.688,23.0,-74.0,-23.375,-55.688,0.024,0.016,-0.059,-0.12,-0.16,9.34,0.16,-0.46,-0.45,-0.16,0.29,9.8,1.35375,2.5,0.0,0.0,0.0,7.0,1017.0,67.29,-16.79
2025-03-24 18:18:47.949000+00:00,50.44522335715969,,,,20.188,-1.625,-1.688,23.0,-74.0,-23.375,-55.688,0.024,0.016,-0.059,-0.12,-0.16,9.34,0.16,-0.46,-0.45,-0.18,0.28,9.8,1.35375,2.5,0.0,0.0,0.0,7.0,1017.0,67.29,-16.79
2025-03-24 18:18:48.951000+00:00,50.44522335715969,,,,20.188,-1.625,-1.688,23.0,-74.0,-23.375,-55.688,0.024,0.016,-0.059,-0.12,-0.16,9.34,0.16,-0.46,-0.45,-0.18,0.29,9.8,1.35375,2.5,0.0,0.0,0.0,7.0,1017.0,67.29,-16.79
2025-03-24 18:18:49.952000+00:00,50.44522335715969,,,,20.188,-1.625,-1.688,23.0,-74.0,-23.375,-55.688,0.024,0.016,-0.059,-0.12,-0.16,9.34,0.16,-0.46,-0.45,-0.18,0.29,9.8,1.35375,2.5,0.0,0.0,0.0,7.0,1017.0,67.29,-16.79
2025-03-24 18:18:50.971000+00:00,50.44522335715969,,,,20.188,-1.625,-1.688,23.0,-74.0,-23.375,-55.688,0.024,0.016,-0.059,-0.12,-0.16,9.34,0.16,-0.46,-0.45,-0.22,0.3,9.79,1.35375,2.5,0.0,0.0,0.0,7.0,1017.0,67.29,-16.79
2025-03-24 18:18:51.972000+00:00,50.44522335715969,,,,20.188,-1.625,-1.688,23.0,-74.0,-23.375,-55.688,0.024,0.016,-0.059,-0.12,-0.16,9.34,0.16,-0.46,-0.45,-0.18,0.3,9.8,1.35375,2.5,0.0,0.0,0.0,7.0,1017.0,67.29,-16.79
2025-03-24 18:18:52.998000+00:00,50.44522335715969,,,,20.188,-1.625,-1.688,23.0,-74.0,-23.375,-55.688,0.024,0.016,-0.059,-0.12,-0.16,9.34,0.16,-0.46,-0.45,-0.22,0.29,9.79,1.35375,2.5,0.0,0.0,0.0,7.0,1017.0,67.29,-16.79
2025-03-24 18:18:54.091000+00:00,50.44522335715969,,,,20.188,-1.625,-1.688,23.0,-74.0,-23.375,-55.688,0.024,0.016,-0.059,-0.12,-0.16,9.34,0.16,-0.46,-0.45,-0.22,0.31,9.79,1.35375,2.5,0.0,0.0,0.0,7.0,1017.0,67.29,-16.79
2025-03-24 18:18:55.292000+00:00,50.44522335715969,,,,20.188,-1.625,-1.688,23.0,-74.0,-23.375,-55.688,0.024,0.016,-0.059,-0.12,-0.16,9.34,0.16,-0.46,-0.45,-0.21,0.29,9.79,1.35375,2.5,0.0,0.0,0.0,7.0,1017.0,67.29,-16.79
2025-03-24 18:18:56.277000+00:00,50.44522335715969,,,,20.188,-1.625,-1.688,23.0,-74.0,-23.375,-55.688,0.024,0.016,-0.059,-0.12,-0.16,9.34,0.16,-0.46,-0.45,-0.23,0.3,9.79,1.35375,2.5,0.0,0.0,0.0,7.0,1017.0,67.29,-16.79
2025-03-24 18:18:57.016000+00:00,50.44522335715969,,,,20.188,-1.625,-1.688,23.0,-74.0,-23.375,-55.688,0.024,0.016,-0.059,-0.12,-0.16,9.34,0.16,-0.46,-0.45,-0.24,0.3,9.79,1.35375,2.5,0.0,0.0,0.0,7.0,1017.0,67.29,-16.79
2025-03-24 18:18:58.031000+00:00,50.44522335715969,,,,20.188,-1.625,-1.688,23.0,-74.0,-23.375,-55.688,0.024,0.016,-0.059,-0.12,-0.16,9.34,0.16,-0.46,-0.45,-0.23,0.28,9.79,1.35375,2.5,0.0,0.0,0.0,7.0,1017.0,67.29,-16.79
2025-03-24 18:18:59.050000+00:00,50.44522335715969,,,,20.188,-1.625,-1.688,23.0,-74.0,-23.375,-55.688,0.024,0.016,-0.059,-0.12,-0.16,9.34,0.16,-0.46,-0.45,-0.22,0.27,9.8,1.35375,2.5,0.0,0.0,0.0,7.0,1017.0,67.29,-16.79
2025-03-24 18:19:00.071000+00:00,50.44522335715969,,,,20.188,-1.625,-1.688,23.0,-74.0,-23.375,-55.688,0.024,0.016,-0.059,-0.12,-0.16,9.34,0.16,-0.46,-0.45,-0.22,0.27,9.8,1.35375,2.5,0.0,0.0,0.0,7.0,1017.0,67.29,-16.79
2025-03-24 18:19:01.080000+00:00,50.44522335715969,,,,20.188,-1.625,-1.688,23.0,-74.0,-23.375,-55.688,0.024,0.016,-0.059,-0.12,-0.16,9.34,0.16,-0.46,-0.45,-0.22,0.27,9.8,1.35375,2.5,0.0,0.0,0.0,7.0,1017.0,67.29,-16.79
2025-03-24 18:19:02.095000+00:00,50.44522335715969,,,,20.188,-1.625,-1.688,23.0,-74.0,-23.375,-55.688,0.024,0.016,-0.059,-0.12,-0.16,9.34,0.16,-0.46,-0.45,-0.21,0.25,9.8,1.35375,2.5,0.0,0.0,0.0,7.0,1017.0,67.29,-16.79
2025-03-24 18:19:03.116000+00:00,50.44522335715969,,,,20.188,-1.625,-1.688,23.0,-74.0,-23.375,-55.688,0.024,0.016,-0.059,-0.12,-0.16,9.34,0.16,-0.46,-0.45,-0.26,0.26,9.79,1.35375,2.5,0.0,0.0,0.0,7.0,1017.0,67.29,-16.79
2025-03-24 18:19:04.111000+00:00,50.44522335715969,,,,20.188,-1.625,-1.688,23.0,-74.0,-23.375,-55.688,0.024,0.016,-0.059,-0.12,-0.16,9.34,0.16,-0.46,-0.45,-0.23,0.26,9.8,1.35375,2.5,0.0,0.0,0.0,7.0,1017.0,67.29,-16.79
2025-03-24 18:19:05.117000+00:00,50.44522335715969,,,,20.188,-1.625,-1.688,23.0,-74.0,-23.375,-55.688,0.024,0.016,-0.059,-0.12,-0.16,9.34,0.16,-0.46,-0.45,-0.28,0.27,9.79,1.35375,2.5,0.0,0.0,0.0,7.0,1017.0,67.29,-16.79
2025-03-24 18:19:06.201000+00:00,50.44522335715969,,,,20.188,-1.625,-1.688,23.0,-74.0,-23.375,-55.688,0.024,0.016,-0.059,-0.12,-0.16,9.34,0.16,-0.46,-0.45,-0.26,0.26,9.79,1.35375,2.5,0.0,0.0,0.0,7.0,1017.0,67.29,-16.79
2025-03-24 18:19:07.340000+00:00,50.44522335715969,,,,20.188,-1.625,-1.688,23.0,-74.0,-23.375,-55.688,0.024,0.016,-0.059,-0.12,-0.16,9.34,0.16,-0.46,-0.45,-0.29,0.26,9.79,1.35375,2.5,0.0,0.0,0.0,7.0,1017.0,67.29,-16.79
2025-03-24 18:19:08.392000+00:00,50.44522335715969,,,,20.188,-1.625,-1.688,23.0,-74.0,-23.375,-55.688,0.024,0.016,-0.059,-0.12,-0.16,9.34,0.16,-0.46,-0.45,-0.27,0.25,9.79,1.35375,2.5,0.0,0.0,0.0,7.0,1017.0,67.29,-16.79
2025-03-24 18:19:09.167000+00:00,50.44522335715969,,,,20.188,-1.625,-1.688,23.0,-74.0,-23.375,-55.688,0.024,0.016,-0.059,-0.12,-0.16,9.34,0.16,-0.46,-0.45,-0.3,0.28,9.79,1.35375,2.5,0.0,0.0,0.0,7.0,1017.0,67.29,-16.79
2025-03-24 18:19:10.157000+00:00,50.44522335715969,,,,20.188,-1.625,-1.688,23.0,-74.0,-23.375,-55.688,0.024,0.016,-0.059,-0.12,-0.16,9.34,0.16,-0.46,-0.45,-0.26,0.27,9.79,1.35375,2.5,0.0,0.0,0.0,7.0,1017.0,67.29,-16.79
2025-03-24 18:19:11.167000+00:00,50.44522335715969,,,,20.188,-1.625,-1.688,23.0,-74.0,-23.375,-55.688,0.024,0.016,-0.059,-0.12,-0.16,9.34,0.16,-0.46,-0.45,-0.3,0.27,9.79,1.35375,2.5,0.0,0.0,0.0,7.0,1017.0,67.29,-16.79
2025-03-24 18:19:12.191000+00:00,50.44522335715969,,,,20.188,-1.625,-1.688,23.0,-74.0,-23.375,-55.688,0.024,0.016,-0.059,-0.12,-0.16,9.34,0.16,-0.46,-0.45,-0.26,0.25,9.79,1.35375,2.5,0.0,0.0,0.0,7.0,1017.0,67.29,-16.79
2025-03-24 18:19:13.250000+00:00,50.44522335715969,,,,20.188,-1.625,-1.688,23.0,-74.0,-23.375,-55.688,0.024,0.016,-0.059,-0.12,-0.16,9.34,0.16,-0.46,-0.45,-0.23,0.25,9.8,1.35375,2.5,0.0,0.0,0.0,7.0,1017.0,67.29,-16.79
2025-03-24 18:19:14.419000+00:00,50.44522335715969,,,,20.188,-1.625,-1.688,23.0,-74.0,-23.375,-55.688,0.024,0.016,-0.059,-0.12,-0.16,9.34,0.16,-0.46,-0.45,-0.26,0.28,9.79,1.35375,2.5,0.0,0.0,0.0,7.0,1017.0,67.29,-16.79
2025-03-24 18:19:15.201000+00:00,50.44522335715969,,,,20.188,-1.625,-1.688,23.0,-74.0,-23.375,-55.688,0.024,0.016,-0.059,-0.12,-0.16,9.34,0.16,-0.46,-0.45,-0.25,0.27,9.79,1.35375,2.5,0.0,0.0,0.0,7.0,1017.0,67.29,-16.79
2025-03-24 18:19:16.227000+00:00,50.44522335715969,,,,20.188,-1.625,-1.688,23.0,-74.0,-23.375,-55.688,0.024,0.016,-0.059,-0.12,-0.16,9.34,0.16,-0.46,-0.45,-0.3,0.31,9.79,1.35375,2.5,0.0,0.0,0.0,7.0,1017.0,67.29,-16.79
2025-03-24 18:19:17.209000+00:00,50.44522335715969,,,,20.188,-1.625,-1.688,23.0,-74.0,-23.375,-55.688,0.024,0.016,-0.059,-0.12,-0.16,9.34,0.16,-0.46,-0.45,-0.26,0.27,9.79,1.35375,2.5,0.0,0.0,0.0,7.0,1017.0,67.29,-16.79
2025-03-24 18:19:18.220000+00:00,50.44522335715969,,,,20.188,-1.625,-1.688,23.0,-74.0,-23.375,-55.688,0.024,0.016,-0.059,-0.12,-0.16,9.34,0.16,-0.46,-0.45,-0.3,0.27,9.79,1.35375,2.5,0.0,0.0,0.0,7.0,1017.0,67.29,-16.79
2025-03-24 18:19:19.240000+00:00,50.44522335715969,,,,20.188,-1.625,-1.688,23.0,-74.0,-23.375,-55.688,0.024,0.016,-0.059,-0.12,-0.16,9.34,0.16,-0.46,-0.45,-0.28,0.27,9.79,1.35375,2.5,0.0,0.0,0.0,7.0,1017.0,67.29,-16.79
2025-03-24 18:19:20.275000+00:00,50.44522335715969,,,,20.188,-1.625,-1.688,23.0,-74.0,-23.375,-55.688,0.024,0.016,-0.059,-0.12,-0.16,9.34,0.16,-0.46,-0.45,-0.31,0.28,9.79,1.35375,2.5,0.0,0.0,0.0,7.0,1017.0,67.29,-16.79
2025-03-24 18:19:21.280000+00:00,50.44522335715969,,,,20.188,-1.625,-1.688,23.0,-74.0,-23.375,-55.688,0.024,0.016,-0.059,-0.12,-0.16,9.34,0.16,-0.46,-0.45,-0.3,0.29,9.79,1.35375,2.5,0.0,0.0,0.0,7.0,1017.0,67.29,-16.79
2025-03-24 18:19:22.299000+00:00,50.44522335715969,,,,20.188,-1.625,-1.688,23.0,-74.0,-23.375,-55.688,0.024,0.016,-0.059,-0.12,-0.16,9.34,0.16,-0.46,-0.45,-0.31,0.29,9.79,1.35375,2.5,0.0,0.0,0.0,7.0,1017.0,67.29,-16.79
2025-03-24 18:19:23.454000+00:00,50.44522335715969,,,,20.188,-1.625,-1.688,23.0,-74.0,-23.375,-55.688,0.024,0.016,-0.059,-0.12,-0.16,9.34,0.16,-0.46,-0.45,-0.27,0.28,9.79,1.35375,2.5,0.0,0.0,0.0,7.0,1017.0,67.29,-16.79
2025-03-24 18:19:24.546000+00:00,50.44522335715969,,,,20.188,-1.625,-1.688,23.0,-74.0,-23.375,-55.688,0.024,0.016,-0.059,-0.12,-0.16,9.34,0.16,-0.46,-0.45,-0.32,0.29,9.79,1.35375,2.5,0.0,0.0,0.0,7.0,1017.0,67.29,-16.79
2025-03-24 18:19:25.299000+00:00,50.44522335715969,,,,20.188,-1.625,-1.688,23.0,-74.0,-23.375,-55.688,0.024,0.016,-0.059,-0.12,-0.16,9.34,0.16,-0.46,-0.45,-0.28,0.26,9.79,1.35375,2.5,0.0,0.0,0.0,7.0,1017.0,67.29,-16.79
2025-03-24 18:19:26.299000+00:00,50.44522335715969,,,,20.188,-1.625,-1.688,23.0,-74.0,-23.375,-55.688,0.024,0.016,-0.059,-0.12,-0.16,9.34,0.16,-0.46,-0.45,-0.31,0.29,9.79,1.35375,2.5,0.0,0.0,0.0,7.0,1017.0,67.29,-16.79
2025-03-24 18:19:27.319000+00:00,50.44522335715969,,,,20.188,-1.625,-1.688,23.0,-74.0,-23.375,-55.688,0.024,0.016,-0.059,-0.12,-0.16,9.34,0.16,-0.46,-0.45,-0.27,0.28,9.79,1.35375,2.5,0.0,0.0,0.0,7.0,1017.0,67.29,-16.79
2025-03-24 18:19:28.319000+00:00,50.44522335715969,,,,20.188,-1.625,-1.688,23.0,-74.0,-23.375,-55.688,0.024,0.016,-0.059,-0.12,-0.16,9.34,0.16,-0.46,-0.45,-0.3,0.31,9.79,1.35375,2.5,0.0,0.0,0.0,7.0,1017.0,67.29,-16.79
2025-03-24 18:19:29.349000+00:00,50.44522335715969,,,,20.188,-1.625,-1.688,23.0,-74.0,-23.375,-55.688,0.024,0.016,-0.059,-0.12,-0.16,9.34,0.16,-0.46,-0.45,-0.27,0.29,9.79,1.35375,2.5,0.0,0.0,0.0,7.0,1017.0,67.29,-16.79
2025-03-24 18:19:30.389000+00:00,50.44522335715969,,,,20.188,-1.625,-1.688,23.0,-74.0,-23.375,-55.688,0.024,0.016,-0.059,-0.12,-0.16,9.34,0.16,-0.46,-0.45,-0.28,0.32,9.79,1.35375,2.5,0.0,0.0,0.0,7.0,1017.0,67.29,-16.79
2025-03-24 18:19:31.358000+00:00,50.44522335715969,,,,20.188,-1.625,-1.688,23.0,-74.0,-23.375,-55.688,0.024,0.016,-0.059,-0.12,-0.16,9.34,0.16,-0.46,-0.45,-0.27,0.3,9.79,1.35375,2.5,0.0,0.0,0.0,7.0,1017.0,67.29,-16.79
2025-03-24 18:19:32.370000+00:00,50.44522335715969,,,,20.188,-1.625,-1.688,23.0,-74.0,-23.375,-55.688,0.024,0.016,-0.059,-0.12,-0.16,9.34,0.16,-0.46,-0.45,-0.3,0.29,9.79,1.35375,2.5,0.0,0.0,0.0,7.0,1017.0,67.29,-16.79
2025-03-24 18:19:33.400000+00:00,50.44522335715969,,,,20.188,-1.625,-1.688,23.0,-74.0,-23.375,-55.688,0.024,0.016,-0.059,-0.12,-0.16,9.34,0.16,-0.46,-0.45,-0.27,0.28,9.79,1.35375,2.5,0.0,0.0,0.0,7.0,1017.0,67.29,-16.79
2025-03-24 18:19:34.480000+00:00,50.44522335715969,,,,20.188,-1.625,-1.688,23.0,-74.0,-23.375,-55.688,0.024,0.016,-0.059,-0.12,-0.16,9.34,0.16,-0.46,-0.45,-0.31,0.29,9.79,1.35375,2.5,0.0,0.0,0.0,7.0,1017.0,67.29,-16.79
2025-03-24 18:19:35.620000+00:00,50.44522335715969,,,,20.188,-1.625,-1.688,23.0,-74.0,-23.375,-55.688,0.024,0.016,-0.059,-0.12,-0.16,9.34,0.16,-0.46,-0.45,-0.27,0.29,9.79,1.35375,2.5,0.0,0.0,0.0,7.0,1017.0,67.29,-16.79
2025-03-24 18:19:36.589000+00:00,50.44522335715969,,,,20.188,-1.625,-1.688,23.0,-74.0,-23.375,-55.688,0.024,0.016,-0.059,-0.12,-0.16,9.34,0.16,-0.46,-0.45,-0.27,0.27,9.79,1.35375,2.5,0.0,0.0,0.0,7.0,1017.0,67.29,-16.79
2025-03-24 18:19:37.410000+00:00,50.44522335715969,,,,20.188,-1.625,-1.688,23.0,-74.0,-23.375,-55.688,0.024,0.016,-0.059,-0.12,-0.16,9.34,0.16,-0.46,-0.45,-0.28,0.29,9.79,1.35375,2.5,0.0,0.0,0.0,7.0,1017.0,67.29,-16.79
2025-03-24 18:18:39.172000+00:00,50.44522335715969,,,,20.188,-1.625,-1.688,23.0,-74.0,-23.375,-55.688,0.024,0.016,-0.059,-0.12,-0.16,9.34,0.16,-0.46,-0.45,-0.28,0.29,9.79,1.35375,2.5,0.0,0.0,0.0,7.0,1017.0,67.29,-16.79
2025-03-24 18:18:40.452000+00:00,50.44522335715969,,,,20.188,-1.625,-1.688,23.0,-74.0,-23.375,-55.688,0.024,0.016,-0.059,-0.12,-0.16,9.34,0.16,-0.46,-0.45,-0.28,0.29,9.79,1.3625,2.5,0.0,0.0,0.0,7.0,1017.0,67.29,-16.79
2025-03-24 18:18:41.162000+00:00,50.44522335715969,,,,20.188,-1.625,-1.688,23.0,-74.0,-23.375,-55.688,0.024,0.016,-0.059,-0.12,-0.16,9.34,0.16,-0.46,-0.45,-0.28,0.29,9.79,1.6625,2.5,0.0,0.0,0.0,7.0,1017.0,67.29,-16.79
2025-03-24 18:18:42.182000+00:00,50.44522335715969,,,,20.188,-1.625,-1.688,23.0,-74.0,-23.375,-55.688,0.024,0.016,-0.059,-0.12,-0.16,9.34,0.16,-0.46,-0.45,-0.28,0.29,9.79,1.34625,2.5,0.0,0.0,0.0,7.0,1017.0,67.29,-16.79
2025-03-24 18:18:43.175000+00:00,50.44522335715969,,,,20.188,-1.625,-1.688,23.0,-74.0,-23.375,-55.688,0.024,0.016,-0.059,-0.12,-0.16,9.34,0.16,-0.46,-0.45,-0.28,0.29,9.79,1.5175,2.5,0.0,0.0,0.0,7.0,1017.0,67.29,-16.79
2025-03-24 18:18:44.322000+00:00,50.44522335715969,,,,20.188,-1.625,-1.688,23.0,-74.0,-23.375,-55.688,0.024,0.016,-0.059,-0.12,-0.16,9.34,0.16,-0.46,-0.45,-0.28,0.29,9.79,1.51875,2.5,0.0,0.0,0.0,7.0,1017.0,67.29,-16.79
2025-03-24 18:18:45.388000+00:00,50.44522335715969,,,,20.188,-1.625,-1.688,23.0,-74.0,-23.375,-55.688,0.024,0.016,-0.059,-0.12,-0.16,9.34,0.16,-0.46,-0.45,-0.28,0.29,9.79,1.3975,2.5,0.0,0.0,0.0,7.0,1017.0,67.29,-16.79
2025-03-24 18:18:46.413000+00:00,50.44522335715969,,,,20.188,-1.625,-1.688,23.0,-74.0,-23.375,-55.688,0.024,0.016,-0.059,-0.12,-0.16,9.34,0.16,-0.46,-0.45,-0.28,0.29,9.79,1.5462500000000001,2.5,0.0,0.0,0.0,7.0,1017.0,67.29,-16.79
2025-03-24 18:18:47.468000+00:00,50.44522335715969,,,,20.188,-1.625,-1.688,23.0,-74.0,-23.375,-55.688,0.024,0.016,-0.059,-0.12,-0.16,9.34,0.16,-0.46,-0.45,-0.28,0.29,9.79,1.5,2.5,0.0,0.0,0.0,7.0,1017.0,67.29,-16.79
2025-03-24 18:18:48.381000+00:00,50.44522335715969,,,,20.188,-1.625,-1.688,23.0,-74.0,-23.375,-55.688,0.024,0.016,-0.059,-0.12,-0.16,9.34,0.16,-0.46,-0.45,-0.28,0.29,9.79,1.53,2.5,0.0,0.0,0.0,7.0,1017.0,67.29,-16.79
2025-03-24 18:18:49.351000+00:00,50.44522335715969,,,,20.188,-1.625,-1.688,23.0,-74.0,-23.375,-55.688,0.024,0.016,-0.059,-0.12,-0.16,9.34,0.16,-0.46,-0.45,-0.28,0.29,9.79,1.51625,2.5,0.0,0.0,0.0,7.0,1017.0,67.29,-16.79
2025-03-24 18:18:50.388000+00:00,50.44522335715969,,,,20.188,-1.625,-1.688,23.0,-74.0,-23.375,-55.688,0.024,0.016,-0.059,-0.12,-0.16,9.34,0.16,-0.46,-0.45,-0.28,0.29,9.79,1.39375,2.5,0.0,0.0,0.0,7.0,1017.0,67.29,-16.79
2025-03-24 18:18:51.521000+00:00,50.44522335715969,,,,20.188,-1.625,-1.688,23.0,-74.0,-23.375,-55.688,0.024,0.016,-0.059,-0.12,-0.16,9.34,0.16,-0.46,-0.45,-0.28,0.29,9.79,1.31,2.5,0.0,0.0,0.0,7.0,1017.0,67.29,-16.79
2025-03-24 18:18:52.242000+00:00,50.44522335715969,,,,20.188,-1.625,-1.688,23.0,-74.0,-23.375,-55.688,0.024,0.016,-0.059,-0.12,-0.16,9.34,0.16,-0.46,-0.45,-0.28,0.29,9.79,1.25,2.5,0.0,0.0,0.0,7.0,1017.0,67.29,-16.79
2025-03-24 18:18:53.216000+00:00,50.44522335715969,,,,20.188,-1.625,-1.688,23.0,-74.0,-23.375,-55.688,0.024,0.016,-0.059,-0.12,-0.16,9.34,0.16,-0.46,-0.45,-0.28,0.29,9.79,1.57,2.5,0.0,0.0,0.0,7.0,1017.0,67.29,-16.79
2025-03-24 18:18:54.221000+00:00,50.44522335715969,,,,20.188,-1.625,-1.688,23.0,-74.0,-23.375,-55.688,0.024,0.016,-0.059,-0.12,-0.16,9.34,0.16,-0.46,-0.45,-0.28,0.29,9.79,1.4312500000000001,2.5,0.0,0.0,0.0,7.0,1017.0,67.29,-16.79
2025-03-24 18:18:55.401000+00:00,50.44522335715969,,,,20.188,-1.625,-1.688,23.0,-74.0,-23.375,-55.688,0.024,0.016,-0.059,-0.12,-0.16,9.34,0.16,-0.46,-0.45,-0.28,0.29,9.79,1.48,2.5,0.0,0.0,0.0,7.0,1017.0,67.29,-16.79
2025-03-24 18:18:56.487000+00:00,50.44522335715969,,,,20.188,-1.625,-1.688,23.0,-74.0,-23.375,-55.688,0.024,0.016,-0.059,-0.12,-0.16,9.34,0.16,-0.46,-0.45,-0.28,0.29,9.79,1.31,2.5,0.0,0.0,0.0,7.0,1017.0,67.29,-16.79
2025-03-24 18:18:57.477000+00:00,50.44522335715969,,,,20.188,-1.625,-1.688,23.0,-74.0,-23.375,-55.688,0.024,0.016,-0.059,-0.12,-0.16,9.34,0.16,-0.46,-0.45,-0.28,0.29,9.79,1.5350000000000001,2.5,0.0,0.0,0.0,7.0,1017.0,67.29,-16.79
2025-03-24 18:18:58.472000+00:00,50.44522335715969,,,,20.188,-1.625,-1.688,23.0,-74.0,-23.375,-55.688,0.024,0.016,-0.059,-0.12,-0.16,9.34,0.16,-0.46,-0.45,-0.28,0.29,9.79,1.27,2.5,0.0,0.0,0.0,7.0,1017.0,67.29,-16.79
2025-03-24 18:18:59.487000+00:00,50.44522335715969,,,,20.188,-1.625,-1.688,23.0,-74.0,-23.375,-55.688,0.024,0.016,-0.059,-0.12,-0.16,9.34,0.16,-0.46,-0.45,-0.28,0.29,9.79,1.41625,2.5,0.0,0.0,0.0,7.0,1017.0,67.29,-16.79
2025-03-24 18:19:00.541000+00:00,50.44522335715969,,,,20.188,-1.625,-1.688,23.0,-74.0,-23.375,-55.688,0.024,0.016,-0.059,-0.12,-0.16,9.34,0.16,-0.46,-0.45,-0.28,0.29,9.79,1.3875,2.5,0.0,0.0,0.0,7.0,1017.0,67.29,-16.79
2025-03-24 18:19:01.243000+00:00,50.44522335715969,,,,20.188,-1.625,-1.688,23.0,-74.0,-23.375,-55.688,0.024,0.016,-0.059,-0.12,-0.16,9.34,0.16,-0.46,-0.45,-0.28,0.29,9.79,1.19625,2.5,0.0,0.0,0.0,7.0,1017.0,67.29,-16.79
2025-03-24 18:19:02.260000+00:00,50.44522335715969,,,,20.188,-1.625,-1.688,23.0,-74.0,-23.375,-55.688,0.024,0.016,-0.059,-0.12,-0.16,9.34,0.16,-0.46,-0.45,-0.28,0.29,9.79,1.3,2.5,0.0,0.0,0.0,7.0,1017.0,67.29,-16.79
2025-03-24 18:19:03.257000+00:00,50.44522335715969,,,,20.188,-1.625,-1.688,23.0,-74.0,-23.375,-55.688,0.024,0.016,-0.059,-0.12,-0.16,9.34,0.16,-0.46,-0.45,-0.28,0.29,9.79,1.5037500000000001,2.5,0.0,0.0,0.0,7.0,1017.0,67.29,-16.79
2025-03-24 18:19:04.257000+00:00,50.44522335715969,,,,20.188,-1.625,-1.688,23.0,-74.0,-23.375,-55.688,0.024,0.016,-0.059,-0.12,-0.16,9.34,0.16,-0.46,-0.45,-0.28,0.29,9.79,1.53125,2.5,0.0,0.0,0.0,7.0,1017.0,67.29,-16.79
2025-03-24 18:19:05.326000+00:00,50.44522335715969,,,,20.188,-1.625,-1.688,23.0,-74.0,-23.375,-55.688,0.024,0.016,-0.059,-0.12,-0.16,9.34,0.16,-0.46,-0.45,-0.28,0.29,9.79,1.59375,2.5,0.0,0.0,0.0,7.0,1017.0,67.29,-16.79
2025-03-24 18:19:06.362000+00:00,50.44522335715969,,,,20.188,-1.625,-1.688,23.0,-74.0,-23.375,-55.688,0.024,0.016,-0.059,-0.12,-0.16,9.34,0.16,-0.46,-0.45,-0.28,0.29,9.79,1.55125,2.5,0.0,0.0,0.0,7.0,1017.0,67.29,-16.79
2025-03-24 18:19:07.500000+00:00,50.44522335715969,,,,20.188,-1.625,-1.688,23.0,-74.0,-23.375,-55.688,0.024,0.016,-0.059,-0.12,-0.16,9.34,0.16,-0.46,-0.45,-0.28,0.29,9.79,1.5475,2.5,0.0,0.0,0.0,7.0,1017.0,67.29,-16.79
2025-03-24 18:19:08.492000+00:00,50.44522335715969,,,,20.188,-1.625,-1.688,23.0,-74.0,-23.375,-55.688,0.024,0.016,-0.059,-0.12,-0.16,9.34,0.16,-0.46,-0.45,-0.28,0.29,9.79,1.71,2.5,0.0,0.0,0.0,7.0,1017.0,67.29,-16.79
2025-03-24 18:19:09.590000+00:00,50.44522335715969,,,,20.188,-1.625,-1.688,23.0,-74.0,-23.375,-55.688,0.024,0.016,-0.059,-0.12,-0.16,9.34,0.16,-0.46,-0.45,-0.28,0.29,9.79,1.6125,2.5,0.0,0.0,0.0,7.0,1017.0,67.29,-16.79
2025-03-24 18:19:10.280000+00:00,50.44522335715969,,,,20.188,-1.625,-1.688,23.0,-74.0,-23.375,-55.688,0.024,0.016,-0.059,-0.12,-0.16,9.34,0.16,-0.46,-0.45,-0.28,0.29,9.79,1.5250000000000001,2.5,0.0,0.0,0.0,7.0,1017.0,67.29,-16.79
2025-03-24 18:19:11.336000+00:00,50.44522335715969,,,,20.188,-1.625,-1.688,23.0,-74.0,-23.375,-55.688,0.024,0.016,-0.059,-0.12,-0.16,9.34,0.16,-0.46,-0.45,-0.28,0.29,9.79,1.54875,2.5,0.0,0.0,0.0,7.0,1017.0,67.29,-16.79
2025-03-24 18:19:12.401000+00:00,50.44522335715969,,,,20.188,-1.625,-1.688,23.0,-74.0,-23.375,-55.688,0.024,0.016,-0.059,-0.12,-0.16,9.34,0.16,-0.46,-0.45,-0.28,0.29,9.79,1.62375,2.5,0.0,0.0,0.0,7.0,1017.0,67.29,-16.79
2025-03-24 18:19:13.402000+00:00,50.44522335715969,,,,20.188,-1.625,-1.688,23.0,-74.0,-23.375,-55.688,0.024,0.016,-0.059,-0.12,-0.16,9.34,0.16,-0.46,-0.45,-0.28,0.29,9.79,1.48625,2.5,0.0,0.0,0.0,7.0,1017.0,67.29,-16.79
2025-03-24 18:19:14.534000+00:00,50.44522335715969,,,,20.188,-1.625,-1.688,23.0,-74.0,-23.375,-55.688,0.024,0.016,-0.059,-0.12,-0.16,9.34,0.16,-0.46,-0.45,-0.28,0.29,9.79,1.35125,2.5,0.0,0.0,0.0,7.0,1017.0,67.29,-16.79
2025-03-24 18:19:15.660000+00:00,50.44522335715969,,,,20.188,-1.625,-1.688,23.0,-74.0,-23.375,-55.688,0.024,0.016,-0.059,-0.12,-0.16,9.34,0.16,-0.46,-0.45,-0.28,0.29,9.79,1.5325,2.5,0.0,0.0,0.0,7.0,1017.0,67.29,-16.79
2025-03-24 18:19:16.670000+00:00,50.44522335715969,,,,20.188,-1.625,-1.688,23.0,-74.0,-23.375,-55.688,0.024,0.016,-0.059,-0.12,-0.16,9.34,0.16,-0.46,-0.45,-0.28,0.29,9.79,1.6400000000000001,2.5,0.0,0.0,0.0,7.0,1017.0,67.29,-16.79
2025-03-24 18:19:17.682000+00:00,50.44522335715969,,,,20.188,-1.625,-1.688,23.0,-74.0,-23.375,-55.688,0.024,0.016,-0.059,-0.12,-0.16,9.34,0.16,-0.46,-0.45,-0.28,0.29,9.79,1.2862500000000001,2.5,0.0,0.0,0.0,7.0,1017.0,67.29,-16.79
2025-03-24 18:19:18.730000+00:00,50.44522335715969,,,,20.188,-1.625,-1.688,23.0,-74.0,-23.375,-55.688,0.024,0.016,-0.059,-0.12,-0.16,9.34,0.16,-0.46,-0.45,-0.28,0.29,9.79,1.47625,2.5,0.0,0.0,0.0,7.0,1017.0,67.29,-16.79
2025-03-24 18:19:19.349000+00:00,50.44522335715969,,,,20.188,-1.625,-1.688,23.0,-74.0,-23.375,-55.688,0.024,0.016,-0.059,-0.12,-0.16,9.34,0.16,-0.46,-0.45,-0.28,0.29,9.79,1.43,2.5,0.0,0.0,0.0,7.0,1017.0,67.29,-16.79
2025-03-24 18:19:20.370000+00:00,50.44522335715969,,,,20.188,-1.625,-1.688,23.0,-74.0,-23.375,-55.688,0.024,0.016,-0.059,-0.12,-0.16,9.34,0.16,-0.46,-0.45,-0.28,0.29,9.79,1.35375,2.5,0.0,0.0,0.0,7.0,1017.0,67.29,-16.79
2025-03-24 18:19:21.380000+00:00,50.44522335715969,,,,20.188,-1.625,-1.688,23.0,-74.0,-23.375,-55.688,0.024,0.016,-0.059,-0.12,-0.16,9.34,0.16,-0.46,-0.45,-0.28,0.29,9.79,1.40875,2.5,0.0,0.0,0.0,7.0,1017.0,67.29,-16.79
2025-03-24 18:19:22.455000+00:00,50.44522335715969,,,,20.188,-1.625,-1.688,23.0,-74.0,-23.375,-55.688,0.024,0.016,-0.059,-0.12,-0.16,9.34,0.16,-0.46,-0.45,-0.28,0.29,9.79,1.52875,2.5,0.0,0.0,0.0,7.0,1017.0,67.29,-16.79
2025-03-24 18:19:23.556000+00:00,50.44522335715969,,,,20.188,-1.625,-1.688,23.0,-74.0,-23.375,-55.688,0.024,0.016,-0.059,-0.12,-0.16,9.34,0.16,-0.46,-0.45,-0.28,0.29,9.79,1.4112500000000001,2.5,0.0,0.0,0.0,7.0,1017.0,67.29,-16.79
2025-03-24 18:19:24.699000+00:00,50.44522335715969,,,,20.188,-1.625,-1.688,23.0,-74.0,-23.375,-55.688,0.024,0.016,-0.059,-0.12,-0.16,9.34,0.16,-0.46,-0.45,-0.28,0.29,9.79,1.39875,2.5,0.0,0.0,0.0,7.0,1017.0,67.29,-16.79
2025-03-24 18:19:25.749000+00:00,50.44522335715969,,,,20.188,-1.625,-1.688,23.0,-74.0,-23.375,-55.688,0.024,0.016,-0.059,-0.12,-0.16,9.34,0.16,-0.46,-0.45,-0.28,0.29,9.79,1.5037500000000001,2.5,0.0,0.0,0.0,7.0,1017.0,67.29,-16.79
2025-03-24 18:19:26.709000+00:00,50.44522335715969,,,,20.188,-1.625,-1.688,23.0,-74.0,-23.375,-55.688,0.024,0.016,-0.059,-0.12,-0.16,9.34,0.16,-0.46,-0.45,-0.28,0.29,9.79,1.4975,2.5,0.0,0.0,0.0,7.0,1017.0,67.29,-16.79
2025-03-24 18:19:27.485000+00:00,50.44522335715969,,,,20.188,-1.625,-1.688,23.0,-74.0,-23.375,-55.688,0.024,0.016,-0.059,-0.12,-0.16,9.34,0.16,-0.46,-0.45,-0.28,0.29,9.79,1.495,2.5,0.0,0.0,0.0,7.0,1017.0,67.29,-16.79
2025-03-24 18:19:28.426000+00:00,50.44522335715969,,,,20.188,-1.625,-1.688,23.0,-74.0,-23.375,-55.688,0.024,0.016,-0.059,-0.12,-0.16,9.34,0.16,-0.46,-0.45,-0.28,0.29,9.79,1.5575,2.5,0.0,0.0,0.0,7.0,1017.0,67.29,-16.79
2025-03-24 18:19:29.455000+00:00,50.44522335715969,,,,20.188,-1.625,-1.688,23.0,-74.0,-23.375,-55.688,0.024,0.016,-0.059,-0.12,-0.16,9.34,0.16,-0.46,-0.45,-0.28,0.29,9.79,1.44,2.5,0.0,0.0,0.0,7.0,1017.0,67.29,-16.79
2025-03-24 18:19:30.489000+00:00,50.44522335715969,,,,20.188,-1.625,-1.688,23.0,-74.0,-23.375,-55.688,0.024,0.016,-0.059,-0.12,-0.16,9.34,0.16,-0.46,-0.45,-0.28,0.29,9.79,1.54875,2.5,0.0,0.0,0.0,7.0,1017.0,67.29,-16.79
2025-03-24 18:19:31.508000+00:00,50.44522335715969,,,,20.188,-1.625,-1.688,23.0,-74.0,-23.375,-55.688,0.024,0.016,-0.059,-0.12,-0.16,9.34,0.16,-0.46,-0.45,-0.28,0.29,9.79,1.5125,2.5,0.0,0.0,0.0,7.0,1017.0,67.29,-16.79
2025-03-24 18:19:32.471000+00:00,50.44522335715969,,,,20.188,-1.625,-1.688,23.0,-74.0,-23.375,-55.688,0.024,0.016,-0.059,-0.12,-0.16,9.34,0.16,-0.46,-0.45,-0.28,0.29,9.79,1.58375,2.5,0.0,0.0,0.0,7.0,1017.0,67.29,-16.79
2025-03-24 18:19:33.504000+00:00,50.44522335715969,,,,20.188,-1.625,-1.688,23.0,-74.0,-23.375,-55.688,0.024,0.016,-0.059,-0.12,-0.16,9.34,0.16,-0.46,-0.45,-0.28,0.29,9.79,1.59375,2.5,0.0,0.0,0.0,7.0,1017.0,67.29,-16.79
2025-03-24 18:19:34.590000+00:00,50.44522335715969,,,,20.188,-1.625,-1.688,23.0,-74.0,-23.375,-55.688,0.024,0.016,-0.059,-0.12,-0.16,9.34,0.16,-0.46,-0.45,-0.28,0.29,9.79,1.39625,2.5,0.0,0.0,0.0,7.0,1017.0,67.29,-16.79
2025-03-24 18:19:35.770000+00:00,50.44522335715969,,,,20.188,-1.625,-1.688,23.0,-74.0,-23.375,-55.688,0.024,0.016,-0.059,-0.12,-0.16,9.34,0.16,-0.46,-0.45,-0.28,0.29,9.79,1.26125,2.5,0.0,0.0,0.0,7.0,1017.0,67.29,-16.79
2025-03-24 18:19:36.699000+00:00,50.44522335715969,,,,20.188,-1.625,-1.688,23.0,-74.0,-23.375,-55.688,0.024,0.016,-0.059,-0.12,-0.16,9.34,0.16,-0.46,-0.45,-0.28,0.29,9.79,1.50125,2.5,0.0,0.0,0.0,7.0,1017.0,67.29,-16.79
2025-03-24 18:19:37.841000+00:00,50.44522335715969,,,,20.188,-1.625,-1.688,23.0,-74.0,-23.375,-55.688,0.024,0.016,-0.059,-0.12,-0.16,9.34,0.16,-0.46,-0.45,-0.28,0.29,9.79,1.27625,2.5,0.0,0.0,0.0,7.0,1017.0,67.29,-16.79
2025-03-24 18:18:39.110000+00:00,50.44522335715969,,,,20.188,-1.625,-1.688,23.0,-74.0,-23.375,-55.688,0.024,0.016,-0.059,-0.12,-0.16,9.34,0.16,-0.46,-0.45,-0.28,0.29,9.79,1.27625,2.5,0.0,0.0,0.0,7.0,1017.0,67.29,-16.79
2025-03-24 18:18:40.402000+00:00,50.44522335715969,,,,20.188,-1.625,-1.688,23.0,-74.0,-23.375,-55.688,0.024,0.016,-0.059,-0.12,-0.16,9.34,0.16,-0.46,-0.45,-0.28,0.29,9.79,1.27625,-1.25,0.0,0.0,0.0,7.0,1017.0,67.29,-16.79
2025-03-24 18:18:41.118000+00:00,50.44522335715969,,,,20.188,-1.625,-1.688,23.0,-74.0,-23.375,-55.688,0.024,0.016,-0.059,-0.12,-0.16,9.34,0.16,-0.46,-0.45,-0.28,0.29,9.79,1.27625,-1.25,0.0,0.0,0.0,7.0,1017.0,67.29,-16.79
2025-03-24 18:18:42.136000+00:00,50.44522335715969,,,,20.188,-1.625,-1.688,23.0,-74.0,-23.375,-55.688,0.024,0.016,-0.059,-0.12,-0.16,9.34,0.16,-0.46,-0.45,-0.28,0.29,9.79,1.27625,0.0,0.0,0.0,0.0,7.0,1017.0,67.29,-16.79
2025-03-24 18:18:43.126000+00:00,50.44522335715969,,,,20.188,-1.625,-1.688,23.0,-74.0,-23.375,-55.688,0.024,0.016,-0.059,-0.12,-0.16,9.34,0.16,-0.46,-0.45,-0.28,0.29,9.79,1.27625,1.25,0.0,0.0,0.0,7.0,1017.0,67.29,-16.79
2025-03-24 18:18:44.272000+00:00,50.44522335715969,,,,20.188,-1.625,-1.688,23.0,-74.0,-23.375,-55.688,0.024,0.016,-0.059,-0.12,-0.16,9.34,0.16,-0.46,-0.45,-0.28,0.29,9.79,1.27625,1.25,0.0,0.0,0.0,7.0,1017.0,67.29,-16.79
2025-03-24 18:18:45.332000+00:00,50.44522335715969,,,,20.188,-1.625,-1.688,23.0,-74.0,-23.375,-55.688,0.024,0.016,-0.059,-0.12,-0.16,9.34,0.16,-0.46,-0.45,-0.28,0.29,9.79,1.27625,-2.5,0.0,0.0,0.0,7.0,1017.0,67.29,-16.79
2025-03-24 18:18:46.362000+00:00,50.44522335715969,,,,20.188,-1.625,-1.688,23.0,-74.0,-23.375,-55.688,0.024,0.016,-0.059,-0.12,-0.16,9.34,0.16,-0.46,-0.45,-0.28,0.29,9.79,1.27625,-1.25,0.0,0.0,0.0,7.0,1017.0,67.29,-16.79
2025-03-24 18:18:47.408000+00:00,50.44522335715969,,,,20.188,-1.625,-1.688,23.0,-74.0,-23.375,-55.688,0.024,0.016,-0.059,-0.12,-0.16,9.34,0.16,-0.46,-0.45,-0.28,0.29,9.79,1.27625,0.0,0.0,0.0,0.0,7.0,1017.0,67.29,-16.79
2025-03-24 18:18:48.331000+00:00,50.44522335715969,,,,20.188,-1.625,-1.688,23.0,-74.0,-23.375,-55.688,0.024,0.016,-0.059,-0.12,-0.16,9.34,0.16,-0.46,-0.45,-0.28,0.29,9.79,1.27625,0.0,0.0,0.0,0.0,7.0,1017.0,67.29,-16.79
2025-03-24 18:18:49.300000+00:00,50.44522335715969,,,,20.188,-1.625,-1.688,23.0,-74.0,-23.375,-55.688,0.024,0.016,-0.059,-0.12,-0.16,9.34,0.16,-0.46,-0.45,-0.28,0.29,9.79,1.27625,1.25,0.0,0.0,0.0,7.0,1017.0,67.29,-16.79
2025-03-24 18:18:50.328000+00:00,50.44522335715969,,,,20.188,-1.625,-1.688,23.0,-74.0,-23.375,-55.688,0.024,0.016,-0.059,-0.12,-0.16,9.34,0.16,-0.46,-0.45,-0.28,0.29,9.79,1.27625,0.0,0.0,0.0,0.0,7.0,1017.0,67.29,-16.79
2025-03-24 18:18:51.472000+00:00,50.44522335715969,,,,20.188,-1.625,-1.688,23.0,-74.0,-23.375,-55.688,0.024,0.016,-0.059,-0.12,-0.16,9.34,0.16,-0.46,-0.45,-0.28,0.29,9.79,1.27625,1.25,0.0,0.0,0.0,7.0,1017.0,67.29,-16.79
2025-03-24 18:18:52.191000+00:00,50.44522335715969,,,,20.188,-1.625,-1.688,23.0,-74.0,-23.375,-55.688,0.024,0.016,-0.059,-0.12,-0.16,9.34,0.16,-0.46,-0.45,-0.28,0.29,9.79,1.27625,-1.25,0.0,0.0,0.0,7.0,1017.0,67.29,-16.79
2025-03-24 18:18:53.165000+00:00,50.44522335715969,,,,20.188,-1.625,-1.688,23.0,-74.0,-23.375,-55.688,0.024,0.016,-0.059,-0.12,-0.16,9.34,0.16,-0.46,-0.45,-0.28,0.29,9.79,1.27625,0.0,0.0,0.0,0.0,7.0,1017.0,67.29,-16.79
2025-03-24 18:18:54.168000+00:00,50.44522335715969,,,,20.188,-1.625,-1.688,23.0,-74.0,-23.375,-55.688,0.024,0.016,-0.059,-0.12,-0.16,9.34,0.16,-0.46,-0.45,-0.28,0.29,9.79,1.27625,1.25,0.0,0.0,0.0,7.0,1017.0,67.29,-16.79
2025-03-24 18:18:55.343000+00:00,50.44522335715969,,,,20.188,-1.625,-1.688,23.0,-74.0,-23.375,-55.688,0.024,0.016,-0.059,-0.12,-0.16,9.34,0.16,-0.46,-0.45,-0.28,0.29,9.79,1.27625,0.0,0.0,0.0,0.0,7.0,1017.0,67.29,-16.79
2025-03-24 18:18:56.432000+00:00,50.44522335715969,,,,20.188,-1.625,-1.688,23.0,-74.0,-23.375,-55.688,0.024,0.016,-0.059,-0.12,-0.16,9.34,0.16,-0.46,-0.45,-0.28,0.29,9.79,1.27625,-1.25,0.0,0.0,0.0,7.0,1017.0,67.29,-16.79
2025-03-24 18:18:57.423000+00:00,50.44522335715969,,,,20.188,-1.625,-1.688,23.0,-74.0,-23.375,-55.688,0.024,0.016,-0.059,-0.12,-0.16,9.34,0.16,-0.46,-0.45,-0.28,0.29,9.79,1.27625,-1.25,0.0,0.0,0.0,7.0,1017.0,67.29,-16.79
2025-03-24 18:18:58.417000+00:00,50.44522335715969,,,,20.188,-1.625,-1.688,23.0,-74.0,-23.375,-55.688,0.024,0.016,-0.059,-0.12,-0.16,9.34,0.16,-0.46,-0.45,-0.28,0.29,9.79,1.27625,0.0,0.0,0.0,0.0,7.0,1017.0,67.29,-16.79
2025-03-24 18:18:59.427000+00:00,50.44522335715969,,,,20.188,-1.625,-1.688,23.0,-74.0,-23.375,-55.688,0.024,0.016,-0.059,-0.12,-0.16,9.34,0.16,-0.46,-0.45,-0.28,0.29,9.79,1.27625,-1.25,0.0,0.0,0.0,7.0,1017.0,67.29,-16.79
2025-03-24 18:19:00.491000+00:00,50.44522335715969,,,,20.188,-1.625,-1.688,23.0,-74.0,-23.375,-55.688,0.024,0.016,-0.059,-0.12,-0.16,9.34,0.16,-0.46,-0.45,-0.28,0.29,9.79,1.27625,0.0,0.0,0.0,0.0,7.0,1017.0,67.29,-16.79
2025-03-24 18:19:01.194000+00:00,50.44522335715969,,,,20.188,-1.625,-1.688,23.0,-74.0,-23.375,-55.688,0.024,0.016,-0.059,-0.12,-0.16,9.34,0.16,-0.46,-0.45,-0.28,0.29,9.79,1.27625,0.0,0.0,0.0,0.0,7.0,1017.0,67.29,-16.79
2025-03-24 18:19:02.210000+00:00,50.44522335715969,,,,20.188,-1.625,-1.688,23.0,-74.0,-23.375,-55.688,0.024,0.016,-0.059,-0.12,-0.16,9.34,0.16,-0.46,-0.45,-0.28,0.29,9.79,1.27625,-1.25,0.0,0.0,0.0,7.0,1017.0,67.29,-16.79
2025-03-24 18:19:03.202000+00:00,50.44522335715969,,,,20.188,-1.625,-1.688,23.0,-74.0,-23.375,-55.688,0.024,0.016,-0.059,-0.12,-0.16,9.34,0.16,-0.46,-0.45,-0.28,0.29,9.79,1.27625,0.0,0.0,0.0,0.0,7.0,1017.0,67.29,-16.79
2025-03-24 18:19:04.205000+00:00,50.44522335715969,,,,20.188,-1.625,-1.688,23.0,-74.0,-23.375,-55.688,0.024,0.016,-0.059,-0.12,-0.16,9.34,0.16,-0.46,-0.45,-0.28,0.29,9.79,1.27625,0.0,0.0,0.0,0.0,7.0,1017.0,67.29,-16.79
2025-03-24 18:19:05.276000+00:00,50.44522335715969,,,,20.188,-1.625,-1.688,23.0,-74.0,-23.375,-55.688,0.024,0.016,-0.059,-0.12,-0.16,9.34,0.16,-0.46,-0.45,-0.28,0.29,9.79,1.27625,1.25,0.0,0.0,0.0,7.0,1017.0,67.29,-16.79
2025-03-24 18:19:06.310000+00:00,50.44522335715969,,,,20.188,-1.625,-1.688,23.0,-74.0,-23.375,-55.688,0.024,0.016,-0.059,-0.12,-0.16,9.34,0.16,-0.46,-0.45,-0.28,0.29,9.79,1.27625,-2.5,0.0,0.0,0.0,7.0,1017.0,67.29,-16.79
2025-03-24 18:19:07.446000+00:00,50.44522335715969,,,,20.188,-1.625,-1.688,23.0,-74.0,-23.375,-55.688,0.024,0.016,-0.059,-0.12,-0.16,9.34,0.16,-0.46,-0.45,-0.28,0.29,9.79,1.27625,0.0,0.0,0.0,0.0,7.0,1017.0,67.29,-16.79
2025-03-24 18:19:08.441000+00:00,50.44522335715969,,,,20.188,-1.625,-1.688,23.0,-74.0,-23.375,-55.688,0.024,0.016,-0.059,-0.12,-0.16,9.34,0.16,-0.46,-0.45,-0.28,0.29,9.79,1.27625,-1.25,0.0,0.0,0.0,7.0,1017.0,67.29,-16.79
2025-03-24 18:19:09.543000+00:00,50.44522335715969,,,,20.188,-1.625,-1.688,23.0,-74.0,-23.375,-55.688,0.024,0.016,-0.059,-0.12,-0.16,9.34,0.16,-0.46,-0.45,-0.28,0.29,9.79,1.27625,0.0,0.0,0.0,0.0,7.0,1017.0,67.29,-16.79
2025-03-24 18:19:10.227000+00:00,50.44522335715969,,,,20.188,-1.625,-1.688,23.0,-74.0,-23.375,-55.688,0.024,0.016,-0.059,-0.12,-0.16,9.34,0.16,-0.46,-0.45,-0.28,0.29,9.79,1.27625,-2.5,0.0,0.0,0.0,7.0,1017.0,67.29,-16.79
2025-03-24 18:19:11.276000+00:00,50.44522335715969,,,,20.188,-1.625,-1.688,23.0,-74.0,-23.375,-55.688,0.024,0.016,-0.059,-0.12,-0.16,9.34,0.16,-0.46,-0.45,-0.28,0.29,9.79,1.27625,-1.25,0.0,0.0,0.0,7.0,1017.0,67.29,-16.79
2025-03-24 18:19:12.350000+00:00,50.44522335715969,,,,20.188,-1.625,-1.688,23.0,-74.0,-23.375,-55.688,0.024,0.016,-0.059,-0.12,-0.16,9.34,0.16,-0.46,-0.45,-0.28,0.29,9.79,1.27625,1.25,0.0,0.0,0.0,7.0,1017.0,67.29,-16.79
2025-03-24 18:19:13.355000+00:00,50.44522335715969,,,,20.188,-1.625,-1.688,23.0,-74.0,-23.375,-55.688,0.024,0.016,-0.059,-0.12,-0.16,9.34,0.16,-0.46,-0.45,-0.28,0.29,9.79,1.27625,-1.25,0.0,0.0,0.0,7.0,1017.0,67.29,-16.79
2025-03-24 18:19:14.477000+00:00,50.44522335715969,,,,20.188,-1.625,-1.688,23.0,-74.0,-23.375,-55.688,0.024,0.016,-0.059,-0.12,-0.16,9.34,0.16,-0.46,-0.45,-0.28,0.29,9.79,1.27625,1.25,0.0,0.0,0.0,7.0,1017.0,67.29,-16.79
2025-03-24 18:19:15.606000+00:00,50.44522335715969,,,,20.188,-1.625,-1.688,23.0,-74.0,-23.375,-55.688,0.024,0.016,-0.059,-0.12,-0.16,9.34,0.16,-0.46,-0.45,-0.28,0.29,9.79,1.27625,1.25,0.0,0.0,0.0,7.0,1017.0,67.29,-16.79
2025-03-24 18:19:16.620000+00:00,50.44522335715969,,,,20.188,-1.625,-1.688,23.0,-74.0,-23.375,-55.688,0.024,0.016,-0.059,-0.12,-0.16,9.34,0.16,-0.46,-0.45,-0.28,0.29,9.79,1.27625,-1.25,0.0,0.0,0.0,7.0,1017.0,67.29,-16.79
2025-03-24 18:19:17.626000+00:00,50.44522335715969,,,,20.188,-1.625,-1.688,23.0,-74.0,-23.375,-55.688,0.024,0.016,-0.059,-0.12,-0.16,9.34,0.16,-0.46,-0.45,-0.28,0.29,9.79,1.27625,1.25,0.0,0.0,0.0,7.0,1017.0,67.29,-16.79
2025-03-24 18:19:18.680000+00:00,50.44522335715969,,,,20.188,-1.625,-1.688,23.0,-74.0,-23.375,-55.688,0.024,0.016,-0.059,-0.12,-0.16,9.34,0.16,-0.46,-0.45,-0.28,0.29,9.79,1.27625,0.0,0.0,0.0,0.0,7.0,1017.0,67.29,-16.79
2025-03-24 18:19:19.297000+00:00,50.44522335715969,,,,20.188,-1.625,-1.688,23.0,-74.0,-23.375,-55.688,0.024,0.016,-0.059,-0.12,-0.16,9.34,0.16,-0.46,-0.45,-0.28,0.29,9.79,1.27625,1.25,0.0,0.0,0.0,7.0,1017.0,67.29,-16.79
2025-03-24 18:19:20.324000+00:00,50.44522335715969,,,,20.188,-1.625,-1.688,23.0,-74.0,-23.375,-55.688,0.024,0.016,-0.059,-0.12,-0.16,9.34,0.16,-0.46,-0.45,-0.28,0.29,9.79,1.27625,0.0,0.0,0.0,0.0,7.0,1017.0,67.29,-16.79
2025-03-24 18:19:21.331000+00:00,50.44522335715969,,,,20.188,-1.625,-1.688,23.0,-74.0,-23.375,-55.688,0.024,0.016,-0.059,-0.12,-0.16,9.34,0.16,-0.46,-0.45,-0.28,0.29,9.79,1.27625,0.0,0.0,0.0,0.0,7.0,1017.0,67.29,-16.79
2025-03-24 18:19:22.400000+00:00,50.44522335715969,,,,20.188,-1.625,-1.688,23.0,-74.0,-23.375,-55.688,0.024,0.016,-0.059,-0.12,-0.16,9.34,0.16,-0.46,-0.45,-0.28,0.29,9.79,1.27625,-1.25,0.0,0.0,0.0,7.0,1017.0,67.29,-16.79
2025-03-24 18:19:23.500000+00:00,50.44522335715969,,,,20.188,-1.625,-1.688,23.0,-74.0,-23.375,-55.688,0.024,0.016,-0.059,-0.12,-0.16,9.34,0.16,-0.46,-0.45,-0.28,0.29,9.79,1.27625,0.0,0.0,0.0,0.0,7.0,1017.0,67.29,-16.79
2025-03-24 18:19:24.650000+00:00,50.44522335715969,,,,20.188,-1.625,-1.688,23.0,-74.0,-23.375,-55.688,0.024,0.016,-0.059,-0.12,-0.16,9.34,0.16,-0.46,-0.45,-0.28,0.29,9.79,1.27625,-2.5,0.0,0.0,0.0,7.0,1017.0,67.29,-16.79
2025-03-24 18:19:25.695000+00:00,50.44522335715969,,,,20.188,-1.625,-1.688,23.0,-74.0,-23.375,-55.688,0.024,0.016,-0.059,-0.12,-0.16,9.34,0.16,-0.46,-0.45,-0.28,0.29,9.79,1.27625,-1.25,0.0,0.0,0.0,7.0,1017.0,67.29,-16.79
2025-03-24 18:19:26.660000+00:00,50.44522335715969,,,,20.188,-1.625,-1.688,23.0,-74.0,-23.375,-55.688,0.024,0.016,-0.059,-0.12,-0.16,9.34,0.16,-0.46,-0.45,-0.28,0.29,9.79,1.27625,0.0,0.0,0.0,0.0,7.0,1017.0,67.29,-16.79
2025-03-24 18:19:27.425000+00:00,50.44522335715969,,,,20.188,-1.625,-1.688,23.0,-74.0,-23.375,-55.688,0.024,0.016,-0.059,-0.12,-0.16,9.34,0.16,-0.46,-0.45,-0.28,0.29,9.79,1.27625,-1.25,0.0,0.0,0.0,7.0,1017.0,67.29,-16.79
2025-03-24 18:19:28.369000+00:00,50.44522335715969,,,,20.188,-1.625,-1.688,23.0,-74.0,-23.375,-55.688,0.024,0.016,-0.059,-0.12,-0.16,9.34,0.16,-0.46,-0.45,-0.28,0.29,9.79,1.27625,-1.25,0.0,0.0,0.0,7.0,1017.0,67.29,-16.79
2025-03-24 18:19:29.398000+00:00,50.44522335715969,,,,20.188,-1.625,-1.688,23.0,-74.0,-23.375,-55.688,0.024,0.016,-0.059,-0.12,-0.16,9.34,0.16,-0.46,-0.45,-0.28,0.29,9.79,1.27625,0.0,0.0,0.0,0.0,7.0,1017.0,67.29,-16.79
2025-03-24 18:19:30.438000+00:00,50.44522335715969,,,,20.188,-1.625,-1.688,23.0,-74.0,-23.375,-55.688,0.024,0.016,-0.059,-0.12,-0.16,9.34,0.16,-0.46,-0.45,-0.28,0.29,9.79,1.27625,1.25,0.0,0.0,0.0,7.0,1017.0,67.29,-16.79
2025-03-24 18:19:31.463000+00:00,50.44522335715969,,,,20.188,-1.625,-1.688,23.0,-74.0,-23.375,-55.688,0.024,0.016,-0.059,-0.12,-0.16,9.34,0.16,-0.46,-0.45,-0.28,0.29,9.79,1.27625,0.0,0.0,0.0,0.0,7.0,1017.0,67.29,-16.79
2025-03-24 18:19:32.421000+00:00,50.44522335715969,,,,20.188,-1.625,-1.688,23.0,-74.0,-23.375,-55.688,0.024,0.016,-0.059,-0.12,-0.16,9.34,0.16,-0.46,-0.45,-0.28,0.29,9.79,1.27625,0.0,0.0,0.0,0.0,7.0,1017.0,67.29,-16.79
2025-03-24 18:19:33.450000+00:00,50.44522335715969,,,,20.188,-1.625,-1.688,23.0,-74.0,-23.375,-55.688,0.024,0.016,-0.059,-0.12,-0.16,9.34,0.16,-0.46,-0.45,-0.28,0.29,9.79,1.27625,-2.5,0.0,0.0,0.0,7.0,1017.0,67.29,-16.79
2025-03-24 18:19:34.540000+00:00,50.44522335715969,,,,20.188,-1.625,-1.688,23.0,-74.0,-23.375,-55.688,0.024,0.016,-0.059,-0.12,-0.16,9.34,0.16,-0.46,-0.45,-0.28,0.29,9.79,1.27625,-1.25,0.0,0.0,0.0,7.0,1017.0,67.29,-16.79
2025-03-24 18:19:35.720000+00:00,50.44522335715969,,,,20.188,-1.625,-1.688,23.0,-74.0,-23.375,-55.688,0.024,0.016,-0.059,-0.12,-0.16,9.34,0.16,-0.46,-0.45,-0.28,0.29,9.79,1.27625,-1.25,0.0,0.0,0.0,7.0,1017.0,67.29,-16.79
2025-03-24 18:19:36.650000+00:00,50.44522335715969,,,,20.188,-1.625,-1.688,23.0,-74.0,-23.375,-55.688,0.024,0.016,-0.059,-0.12,-0.16,9.34,0.16,-0.46,-0.45,-0.28,0.29,9.79,1.27625,-1.25,0.0,0.0,0.0,7.0,1017.0,67.29,-16.79
2025-03-24 18:19:37.785000+00:00,50.44522335715969,,,,20.188,-1.625,-1.688,23.0,-74.0,-23.375,-55.688,0.024,0.016,-0.059,-0.12,-0.16,9.34,0.16,-0.46,-0.45,-0.28,0.29,9.79,1.27625,0.0,0.0,0.0,0.0,7.0,1017.0,67.29,-16.79
2025-03-24 18:18:39.221000+00:00,50.44522335715969,,,,20.188,-1.625,-1.688,23.0,-74.0,-23.375,-55.688,0.024,0.016,-0.059,-0.12,-0.16,9.34,0.16,-0.46,-0.45,-0.28,0.29,9.79,1.27625,0.0,0.0,0.0,0.0,7.0,1017.0,67.29,-16.79
2025-03-24 18:18:40.502000+00:00,50.44522335715969,,,,20.188,-1.625,-1.688,23.0,-74.0,-23.375,-55.688,0.024,0.016,-0.059,-0.12,-0.16,9.34,0.16,-0.46,-0.45,-0.28,0.29,9.79,1.27625,0.0,0.0,0.0,0.0,7.0,1017.0,67.29,-16.79
2025-03-24 18:18:41.211000+00:00,50.44522335715969,,,,20.188,-1.625,-1.688,23.0,-74.0,-23.375,-55.688,0.024,0.016,-0.059,-0.12,-0.16,9.34,0.16,-0.46,-0.45,-0.28,0.29,9.79,1.27625,0.0,0.0,0.0,0.0,7.0,1017.0,67.29,-16.79
2025-03-24 18:18:42.231000+00:00,50.44522335715969,,,,20.188,-1.625,-1.688,23.0,-74.0,-23.375,-55.688,0.024,0.016,-0.059,-0.12,-0.16,9.34,0.16,-0.46,-0.45,-0.28,0.29,9.79,1.27625,0.0,0.0,0.0,0.0,7.0,1017.0,67.29,-16.79
2025-03-24 18:18:43.222000+00:00,50.44522335715969,,,,20.188,-1.625,-1.688,23.0,-74.0,-23.375,-55.688,0.024,0.016,-0.059,-0.12,-0.16,9.34,0.16,-0.46,-0.45,-0.28,0.29,9.79,1.27625,0.0,0.0,0.0,0.0,7.0,1017.0,67.29,-16.79
2025-03-24 18:18:44.376000+00:00,50.44522335715969,,,,20.188,-1.625,-1.688,23.0,-74.0,-23.375,-55.688,0.024,0.016,-0.059,-0.12,-0.16,9.34,0.16,-0.46,-0.45,-0.28,0.29,9.79,1.27625,0.0,0.0,0.0,0.0,7.0,1017.0,67.29,-16.79
2025-03-24 18:18:45.441000+00:00,50.44522335715969,,,,20.188,-1.625,-1.688,23.0,-74.0,-23.375,-55.688,0.024,0.016,-0.059,-0.12,-0.16,9.34,0.16,-0.46,-0.45,-0.28,0.29,9.79,1.27625,0.0,0.0,0.0,0.0,7.0,1017.0,67.29,-16.79
2025-03-24 18:18:46.468000+00:00,50.44522335715969,,,,20.188,-1.625,-1.688,23.0,-74.0,-23.375,-55.688,0.024,0.016,-0.059,-0.12,-0.16,9.34,0.16,-0.46,-0.45,-0.28,0.29,9.79,1.27625,0.0,0.0,0.0,0.0,7.0,1017.0,67.29,-16.79
2025-03-24 18:18:47.525000+00:00,50.44522335715969,,,,20.188,-1.625,-1.688,23.0,-74.0,-23.375,-55.688,0.024,0.016,-0.059,-0.12,-0.16,9.34,0.16,-0.46,-0.45,-0.28,0.29,9.79,1.27625,0.0,0.0,0.0,0.0,7.0,1017.0,67.29,-16.79
2025-03-24 18:18:48.438000+00:00,50.44522335715969,,,,20.188,-1.625,-1.688,23.0,-74.0,-23.375,-55.688,0.024,0.016,-0.059,-0.12,-0.16,9.34,0.16,-0.46,-0.45,-0.28,0.29,9.79,1.27625,0.0,0.0,0.0,0.0,7.0,1017.0,67.29,-16.79
2025-03-24 18:18:49.401000+00:00,50.44522335715969,,,,20.188,-1.625,-1.688,23.0,-74.0,-23.375,-55.688,0.024,0.016,-0.059,-0.12,-0.16,9.34,0.16,-0.46,-0.45,-0.28,0.29,9.79,1.27625,0.0,0.0,0.0,0.0,7.0,1017.0,67.29,-16.79
2025-03-24 18:18:50.441000+00:00,50.44522335715969,,,,20.188,-1.625,-1.688,23.0,-74.0,-23.375,-55.688,0.024,0.016,-0.059,-0.12,-0.16,9.34,0.16,-0.46,-0.45,-0.28,0.29,9.79,1.27625,0.0,0.0,0.0,0.0,7.0,1017.0,67.29,-16.79
2025-03-24 18:18:51.571000+00:00,50.44522335715969,,,,20.188,-1.625,-1.688,23.0,-74.0,-23.375,-55.688,0.024,0.016,-0.059,-0.12,-0.16,9.34,0.16,-0.46,-0.45,-0.28,0.29,9.79,1.27625,0.0,0.0,0.0,0.0,7.0,1017.0,67.29,-16.79
2025-03-24 18:18:52.296000+00:00,50.44522335715969,,,,20.188,-1.625,-1.688,23.0,-74.0,-23.375,-55.688,0.024,0.016,-0.059,-0.12,-0.16,9.34,0.16,-0.46,-0.45,-0.28,0.29,9.79,1.27625,0.0,0.0,0.0,0.0,7.0,1017.0,67.29,-16.79
2025-03-24 18:18:53.261000+00:00,50.44522335715969,,,,20.188,-1.625,-1.688,23.0,-74.0,-23.375,-55.688,0.024,0.016,-0.059,-0.12,-0.16,9.34,0.16,-0.46,-0.45,-0.28,0.29,9.79,1.27625,0.0,0.0,0.0,0.0,7.0,1017.0,67.29,-16.79
2025-03-24 18:18:54.271000+00:00,50.44522335715969,,,,20.188,-1.625,-1.688,23.0,-74.0,-23.375,-55.688,0.024,0.016,-0.059,-0.12,-0.16,9.34,0.16,-0.46,-0.45,-0.28,0.29,9.79,1.27625,0.0,0.0,0.0,0.0,7.0,1017.0,67.29,-16.79
2025-03-24 18:18:55.451000+00:00,50.44522335715969,,,,20.188,-1.625,-1.688,23.0,-74.0,-23.375,-55.688,0.024,0.016,-0.059,-0.12,-0.16,9.34,0.16,-0.46,-0.45,-0.28,0.29,9.79,1.27625,0.0,0.0,0.0,0.0,7.0,1017.0,67.29,-16.79
2025-03-24 18:18:56.547000+00:00,50.44522335715969,,,,20.188,-1.625,-1.688,23.0,-74.0,-23.375,-55.688,0.024,0.016,-0.059,-0.12,-0.16,9.34,0.16,-0.46,-0.45,-0.28,0.29,9.79,1.27625,0.0,0.0,0.0,0.0,7.0,1017.0,67.29,-16.79
2025-03-24 18:18:57.531000+00:00,50.44522335715969,,,,20.188,-1.625,-1.688,23.0,-74.0,-23.375,-55.688,0.024,0.016,-0.059,-0.12,-0.16,9.34,0.16,-0.46,-0.45,-0.28,0.29,9.79,1.27625,0.0,0.0,0.0,0.0,7.0,1017.0,67.29,-16.79
2025-03-24 18:18:58.527000+00:00,50.44522335715969,,,,20.188,-1.625,-1.688,23.0,-74.0,-23.375,-55.688,0.024,0.016,-0.059,-0.12,-0.16,9.34,0.16,-0.46,-0.45,-0.28,0.29,9.79,1.27625,0.0,0.0,0.0,0.0,7.0,1017.0,67.29,-16.79
2025-03-24 18:18:59.547000+00:00,50.44522335715969,,,,20.188,-1.625,-1.688,23.0,-74.0,-23.375,-55.688,0.024,0.016,-0.059,-0.12,-0.16,9.34,0.16,-0.46,-0.45,-0.28,0.29,9.79,1.27625,0.0,0.0,0.0,0.0,7.0,1017.0,67.29,-16.79
2025-03-24 18:19:00.597000+00:00,50.44522335715969,,,,20.188,-1.625,-1.688,23.0,-74.0,-23.375,-55.688,0.024,0.016,-0.059,-0.12,-0.16,9.34,0.16,-0.46,-0.45,-0.28,0.29,9.79,1.27625,0.0,0.0,0.0,0.0,7.0,1017.0,67.29,-16.79
2025-03-24 18:19:01.290000+00:00,50.44522335715969,,,,20.188,-1.625,-1.688,23.0,-74.0,-23.375,-55.688,0.024,0.016,-0.059,-0.12,-0.16,9.34,0.16,-0.46,-0.45,-0.28,0.29,9.79,1.27625,0.0,0.0,0.0,0.0,7.0,1017.0,67.29,-16.79
2025-03-24 18:19:02.310000+00:00,50.44522335715969,,,,20.188,-1.625,-1.688,23.0,-74.0,-23.375,-55.688,0.024,0.016,-0.059,-0.12,-0.16,9.34,0.16,-0.46,-0.45,-0.28,0.29,9.79,1.27625,0.0,0.0,0.0,0.0,7.0,1017.0,67.29,-16.79
2025-03-24 18:19:03.311000+00:00,50.44522335715969,,,,20.188,-1.625,-1.688,23.0,-74.0,-23.375,-55.688,0.024,0.016,-0.059,-0.12,-0.16,9.34,0.16,-0.46,-0.45,-0.28,0.29,9.79,1.27625,0.0,0.0,0.0,0.0,7.0,1017.0,67.29,-16.79
2025-03-24 18:19:04.311000+00:00,50.44522335715969,,,,20.188,-1.625,-1.688,23.0,-74.0,-23.375,-55.688,0.024,0.016,-0.059,-0.12,-0.16,9.34,0.16,-0.46,-0.45,-0.28,0.29,9.79,1.27625,0.0,0.0,0.0,0.0,7.0,1017.0,67.29,-16.79
2025-03-24 18:19:05.384000+00:00,50.44522335715969,,,,20.188,-1.625,-1.688,23.0,-74.0,-23.375,-55.688,0.024,0.016,-0.059,-0.12,-0.16,9.34,0.16,-0.46,-0.45,-0.28,0.29,9.79,1.27625,0.0,0.0,0.0,0.0,7.0,1017.0,67.29,-16.79
2025-03-24 18:19:06.427000+00:00,50.44522335715969,,,,20.188,-1.625,-1.688,23.0,-74.0,-23.375,-55.688,0.024,0.016,-0.059,-0.12,-0.16,9.34,0.16,-0.46,-0.45,-0.28,0.29,9.79,1.27625,0.0,0.0,0.0,0.0,7.0,1017.0,67.29,-16.79
2025-03-24 18:19:07.551000+00:00,50.44522335715969,,,,20.188,-1.625,-1.688,23.0,-74.0,-23.375,-55.688,0.024,0.016,-0.059,-0.12,-0.16,9.34,0.16,-0.46,-0.45,-0.28,0.29,9.79,1.27625,0.0,0.0,0.0,0.0,7.0,1017.0,67.29,-16.79
2025-03-24 18:19:08.550000+00:00,50.44522335715969,,,,20.188,-1.625,-1.688,23.0,-74.0,-23.375,-55.688,0.024,0.016,-0.059,-0.12,-0.16,9.34,0.16,-0.46,-0.45,-0.28,0.29,9.79,1.27625,0.0,0.0,0.0,0.0,7.0,1017.0,67.29,-16.79
2025-03-24 18:19:09.646000+00:00,50.44522335715969,,,,20.188,-1.625,-1.688,23.0,-74.0,-23.375,-55.688,0.024,0.016,-0.059,-0.12,-0.16,9.34,0.16,-0.46,-0.45,-0.28,0.29,9.79,1.27625,0.0,0.0,0.0,0.0,7.0,1017.0,67.29,-16.79
2025-03-24 18:19:10.331000+00:00,50.44522335715969,,,,20.188,-1.625,-1.688,23.0,-74.0,-23.375,-55.688,0.024,0.016,-0.059,-0.12,-0.16,9.34,0.16,-0.46,-0.45,-0.28,0.29,9.79,1.27625,0.0,0.0,0.0,0.0,7.0,1017.0,67.29,-16.79
2025-03-24 18:19:11.394000+00:00,50.44522335715969,,,,20.188,-1.625,-1.688,23.0,-74.0,-23.375,-55.688,0.024,0.016,-0.059,-0.12,-0.16,9.34,0.16,-0.46,-0.45,-0.28,0.29,9.79,1.27625,0.0,0.0,0.0,0.0,7.0,1017.0,67.29,-16.79
2025-03-24 18:19:12.450000+00:00,50.44522335715969,,,,20.188,-1.625,-1.688,23.0,-74.0,-23.375,-55.688,0.024,0.016,-0.059,-0.12,-0.16,9.34,0.16,-0.46,-0.45,-0.28,0.29,9.79,1.27625,0.0,0.0,0.0,0.0,7.0,1017.0,67.29,-16.79
2025-03-24 18:19:13.456000+00:00,50.44522335715969,,,,20.188,-1.625,-1.688,23.0,-74.0,-23.375,-55.688,0.024,0.016,-0.059,-0.12,-0.16,9.34,0.16,-0.46,-0.45,-0.28,0.29,9.79,1.27625,0.0,0.0,0.0,0.0,7.0,1017.0,67.29,-16.79
2025-03-24 18:19:14.580000+00:00,50.44522335715969,,,,20.188,-1.625,-1.688,23.0,-74.0,-23.375,-55.688,0.024,0.016,-0.059,-0.12,-0.16,9.34,0.16,-0.46,-0.45,-0.28,0.29,9.79,1.27625,0.0,0.0,0.0,0.0,7.0,1017.0,67.29,-16.79
2025-03-24 18:19:15.716000+00:00,50.44522335715969,,,,20.188,-1.625,-1.688,23.0,-74.0,-23.375,-55.688,0.024,0.016,-0.059,-0.12,-0.16,9.34,0.16,-0.46,-0.45,-0.28,0.29,9.79,1.27625,0.0,0.0,0.0,0.0,7.0,1017.0,67.29,-16.79
2025-03-24 18:19:16.720000+00:00,50.44522335715969,,,,20.188,-1.625,-1.688,23.0,-74.0,-23.375,-55.688,0.024,0.016,-0.059,-0.12,-0.16,9.34,0.16,-0.46,-0.45,-0.28,0.29,9.79,1.27625,0.0,0.0,0.0,0.0,7.0,1017.0,67.29,-16.79
2025-03-24 18:19:17.730000+00:00,50.44522335715969,,,,20.188,-1.625,-1.688,23.0,-74.0,-23.375,-55.688,0.024,0.016,-0.059,-0.12,-0.16,9.34,0.16,-0.46,-0.45,-0.28,0.29,9.79,1.27625,0.0,0.0,0.0,0.0,7.0,1017.0,67.29,-16.79
2025-03-24 18:19:18.786000+00:00,50.44522335715969,,,,20.188,-1.625,-1.688,23.0,-74.0,-23.375,-55.688,0.024,0.016,-0.059,-0.12,-0.16,9.34,0.16,-0.46,-0.45,-0.28,0.29,9.79,1.27625,0.0,0.0,0.0,0.0,7.0,1017.0,67.29,-16.79
2025-03-24 18:19:19.400000+00:00,50.44522335715969,,,,20.188,-1.625,-1.688,23.0,-74.0,-23.375,-55.688,0.024,0.016,-0.059,-0.12,-0.16,9.34,0.16,-0.46,-0.45,-0.28,0.29,9.79,1.27625,0.0,0.0,0.0,0.0,7.0,1017.0,67.29,-16.79
2025-03-24 18:19:20.419000+00:00,50.44522335715969,,,,20.188,-1.625,-1.688,23.0,-74.0,-23.375,-55.688,0.024,0.016,-0.059,-0.12,-0.16,9.34,0.16,-0.46,-0.45,-0.28,0.29,9.79,1.27625,0.0,0.0,0.0,0.0,7.0,1017.0,67.29,-16.79
2025-03-24 18:19:21.445000+00:00,50.44522335715969,,,,20.188,-1.625,-1.688,23.0,-74.0,-23.375,-55.688,0.024,0.016,-0.059,-0.12,-0.16,9.34,0.16,-0.46,-0.45,-0.28,0.29,9.79,1.27625,0.0,0.0,0.0,0.0,7.0,1017.0,67.29,-16.79
2025-03-24 18:19:22.515000+00:00,50.44522335715969,,,,20.188,-1.625,-1.688,23.0,-74.0,-23.375,-55.688,0.024,0.016,-0.059,-0.12,-0.16,9.34,0.16,-0.46,-0.45,-0.28,0.29,9.79,1.27625,0.0,0.0,0.0,0.0,7.0,1017.0,67.29,-16.79
2025-03-24 18:19:23.616000+00:00,50.44522335715969,,,,20.188,-1.625,-1.688,23.0,-74.0,-23.375,-55.688,0.024,0.016,-0.059,-0.12,-0.16,9.34,0.16,-0.46,-0.45,-0.28,0.29,9.79,1.27625,0.0,0.0,0.0,0.0,7.0,1017.0,67.29,-16.79
2025-03-24 18:19:24.765000+00:00,50.44522335715969,,,,20.188,-1.625,-1.688,23.0,-74.0,-23.375,-55.688,0.024,0.016,-0.059,-0.12,-0.16,9.34,0.16,-0.46,-0.45,-0.28,0.29,9.79,1.27625,0.0,0.0,0.0,0.0,7.0,1017.0,67.29,-16.79
2025-03-24 18:19:25.805000+00:00,50.44522335715969,,,,20.188,-1.625,-1.688,23.0,-74.0,-23.375,-55.688,0.024,0.016,-0.059,-0.12,-0.16,9.34,0.16,-0.46,-0.45,-0.28,0.29,9.79,1.27625,0.0,0.0,0.0,0.0,7.0,1017.0,67.29,-16.79
2025-03-24 18:19:26.765000+00:00,50.44522335715969,,,,20.188,-1.625,-1.688,23.0,-74.0,-23.375,-55.688,0.024,0.016,-0.059,-0.12,-0.16,9.34,0.16,-0.46,-0.45,-0.28,0.29,9.79,1.27625,0.0,0.0,0.0,0.0,7.0,1017.0,67.29,-16.79
2025-03-24 18:19:27.545000+00:00,50.44522335715969,,,,20.188,-1.625,-1.688,23.0,-74.0,-23.375,-55.688,0.024,0.016,-0.059,-0.12,-0.16,9.34,0.16,-0.46,-0.45,-0.28,0.29,9.79,1.27625,0.0,0.0,0.0,0.0,7.0,1017.0,67.29,-16.79
2025-03-24 18:19:28.486000+00:00,50.44522335715969,,,,20.188,-1.625,-1.688,23.0,-74.0,-23.375,-55.688,0.024,0.016,-0.059,-0.12,-0.16,9.34,0.16,-0.46,-0.45,-0.28,0.29,9.79,1.27625,0.0,0.0,0.0,0.0,7.0,1017.0,67.29,-16.79
2025-03-24 18:19:29.515000+00:00,50.44522335715969,,,,20.188,-1.625,-1.688,23.0,-74.0,-23.375,-55.688,0.024,0.016,-0.059,-0.12,-0.16,9.34,0.16,-0.46,-0.45,-0.28,0.29,9.79,1.27625,0.0,0.0,0.0,0.0,7.0,1017.0,67.29,-16.79
2025-03-24 18:19:30.545000+00:00,50.44522335715969,,,,20.188,-1.625,-1.688,23.0,-74.0,-23.375,-55.688,0.024,0.016,-0.059,-0.12,-0.16,9.34,0.16,-0.46,-0.45,-0.28,0.29,9.79,1.27625,0.0,0.0,0.0,0.0,7.0,1017.0,67.29,-16.79
2025-03-24 18:19:31.559000+00:00,50.44522335715969,,,,20.188,-1.625,-1.688,23.0,-74.0,-23.375,-55.688,0.024,0.016,-0.059,-0.12,-0.16,9.34,0.16,-0.46,-0.45,-0.28,0.29,9.79,1.27625,0.0,0.0,0.0,0.0,7.0,1017.0,67.29,-16.79
2025-03-24 18:19:32.520000+00:00,50.44522335715969,,,,20.188,-1.625,-1.688,23.0,-74.0,-23.375,-55.688,0.024,0.016,-0.059,-0.12,-0.16,9.34,0.16,-0.46,-0.45,-0.28,0.29,9.79,1.27625,0.0,0.0,0.0,0.0,7.0,1017.0,67.29,-16.79
2025-03-24 18:19:33.566000+00:00,50.44522335715969,,,,20.188,-1.625,-1.688,23.0,-74.0,-23.375,-55.688,0.024,0.016,-0.059,-0.12,-0.16,9.34,0.16,-0.46,-0.45,-0.28,0.29,9.79,1.27625,0.0,0.0,0.0,0.0,7.0,1017.0,67.29,-16.79
2025-03-24 18:19:34.640000+00:00,50.44522335715969,,,,20.188,-1.625,-1.688,23.0,-74.0,-23.375,-55.688,0.024,0.016,-0.059,-0.12,-0.16,9.34,0.16,-0.46,-0.45,-0.28,0.29,9.79,1.27625,0.0,0.0,0.0,0.0,7.0,1017.0,67.29,-16.79
2025-03-24 18:19:35.820000+00:00,50.44522335715969,,,,20.188,-1.625,-1.688,23.0,-74.0,-23.375,-55.688,0.024,0.016,-0.059,-0.12,-0.16,9.34,0.16,-0.46,-0.45,-0.28,0.29,9.79,1.27625,0.0,0.0,0.0,0.0,7.0,1017.0,67.29,-16.79
2025-03-24 18:19:36.749000+00:00,50.44522335715969,,,,20.188,-1.625,-1.688,23.0,-74.0,-23.375,-55.688,0.024,0.016,-0.059,-0.12,-0.16,9.34,0.16,-0.46,-0.45,-0.28,0.29,9.79,1.27625,0.0,0.0,0.0,0.0,7.0,1017.0,67.29,-16.79
2025-03-24 18:19:37.890000+00:00,50.44522335715969,,,,20.188,-1.625,-1.688,23.0,-74.0,-23.375,-55.688,0.024,0.016,-0.059,-0.12,-0.16,9.34,0.16,-0.46,-0.45,-0.28,0.29,9.79,1.27625,0.0,0.0,0.0,0.0,7.0,1017.0,67.29,-16.79
2025-03-24 18:18:42.022000+00:00,50.44522335715969,,,,20.188,-1.625,-1.688,23.0,-74.0,-23.375,-55.688,0.024,0.016,-0.059,-0.12,-0.16,9.34,0.16,-0.46,-0.45,-0.28,0.29,9.79,1.27625,0.0,0.0,0.0,0.0,7.0,1017.0,67.29,-16.79
2025-03-24 18:18:47.351000+00:00,50.44522335715969,,,,20.188,-1.625,-1.688,23.0,-74.0,-23.375,-55.688,0.024,0.016,-0.059,-0.12,-0.16,9.34,0.16,-0.46,-0.45,-0.28,0.29,9.79,1.27625,0.0,0.0,0.0,0.0,7.0,1017.0,67.29,-16.79
2025-03-24 18:18:52.087000+00:00,50.44522335715969,,,,20.188,-1.625,-1.688,23.0,-74.0,-23.375,-55.688,0.024,0.016,-0.059,-0.12,-0.16,9.34,0.16,-0.46,-0.45,-0.28,0.29,9.79,1.27625,0.0,0.0,0.0,0.0,7.0,1017.0,67.29,-16.79
2025-03-24 18:18:57.372000+00:00,50.44522335715969,,,,20.188,-1.625,-1.688,23.0,-74.0,-23.375,-55.688,0.024,0.016,-0.059,-0.12,-0.16,9.34,0.16,-0.46,-0.45,-0.28,0.29,9.79,1.27625,0.0,0.0,0.0,0.0,7.0,1017.0,67.29,-16.79
2025-03-24 18:19:02.158000+00:00,50.44522335715969,,,,20.188,-1.625,-1.688,23.0,-74.0,-23.375,-55.688,0.024,0.016,-0.059,-0.12,-0.16,9.34,0.16,-0.46,-0.45,-0.28,0.29,9.79,1.27625,0.0,0.0,0.0,0.0,7.0,1017.0,67.29,-16.79
2025-03-24 18:19:07.391000+00:00,50.44522335715969,,,,20.188,-1.625,-1.688,23.0,-74.0,-23.375,-55.688,0.024,0.016,-0.059,-0.12,-0.16,9.34,0.16,-0.46,-0.45,-0.28,0.29,9.79,1.27625,0.0,0.0,0.0,0.0,7.0,1017.0,67.29,-16.79
2025-03-24 18:19:12.300000+00:00,50.44522335715969,,,,20.188,-1.625,-1.688,23.0,-74.0,-23.375,-55.688,0.024,0.016,-0.059,-0.12,-0.16,9.34,0.16,-0.46,-0.45,-0.28,0.29,9.79,1.27625,0.0,0.0,0.0,0.0,7.0,1017.0,67.29,-16.79
2025-03-24 18:19:17.259000+00:00,50.44522335715969,,,,20.188,-1.625,-1.688,23.0,-74.0,-23.375,-55.688,0.024,0.016,-0.059,-0.12,-0.16,9.34,0.16,-0.46,-0.45,-0.28,0.29,9.79,1.27625,0.0,0.0,0.0,0.0,7.0,1017.0,67.29,-16.79
2025-03-24 18:19:22.355000+00:00,50.44522335715969,,,,20.188,-1.625,-1.688,23.0,-74.0,-23.375,-55.688,0.024,0.016,-0.059,-0.12,-0.16,9.34,0.16,-0.46,-0.45,-0.28,0.29,9.79,1.27625,0.0,0.0,0.0,0.0,7.0,1017.0,67.29,-16.79
2025-03-24 18:19:27.369000+00:00,50.44522335715969,,,,20.188,-1.625,-1.688,23.0,-74.0,-23.375,-55.688,0.024,0.016,-0.059,-0.12,-0.16,9.34,0.16,-0.46,-0.45,-0.28,0.29,9.79,1.27625,0.0,0.0,0.0,0.0,7.0,1017.0,67.29,-16.79
2025-03-24 18:19:32.025000+00:00,50.44522335715969,,,,20.188,-1.625,-1.688,23.0,-74.0,-23.375,-55.688,0.024,0.016,-0.059,-0.12,-0.16,9.34,0.16,-0.46,-0.45,-0.28,0.29,9.79,1.27625,0.0,0.0,0.0,0.0,7.0,1017.0,67.29,-16.79
2025-03-24 18:19:37.025000+00:00,50.44522335715969,,,,20.188,-1.625,-1.688,23.0,-74.0,-23.375,-55.688,0.024,0.016,-0.059,-0.12,-0.16,9.34,0.16,-0.46,-0.45,-0.28,0.29,9.79,1.27625,0.0,0.0,0.0,0.0,7.0,1017.0,67.29,-16.79
2025-03-24 18:18:39.272000+00:00,50.44522335715969,,,,20.188,-1.625,-1.688,23.0,-74.0,-23.375,-55.688,0.024,0.016,-0.059,-0.12,-0.16,9.34,0.16,-0.46,-0.45,-0.28,0.29,9.79,1.27625,0.0,0.0,0.0,0.0,7.0,1017.0,67.29,-16.79
2025-03-24 18:18:40.105000+00:00,50.44522335715969,,,,20.188,-1.625,-1.688,23.0,-74.0,-23.375,-55.688,0.024,0.016,-0.059,-0.12,-0.16,9.34,0.16,-0.46,-0.45,-0.28,0.29,9.79,1.27625,0.0,0.0,0.0,0.0,7.0,1017.0,67.29,-16.79
2025-03-24 18:18:41.261000+00:00,50.44522335715969,,,,20.188,-1.625,-1.688,23.0,-74.0,-23.375,-55.688,0.024,0.016,-0.059,-0.12,-0.16,9.34,0.16,-0.46,-0.45,-0.28,0.29,9.79,1.27625,0.0,0.0,0.0,0.0,7.0,1017.0,67.29,-16.79
2025-03-24 18:18:42.395000+00:00,50.44522335715969,,,,20.188,-1.625,-1.688,23.0,-74.0,-23.375,-55.688,0.024,0.016,-0.059,-0.12,-0.16,9.34,0.16,-0.46,-0.45,-0.28,0.29,9.79,1.27625,0.0,0.0,0.0,0.0,7.0,1017.0,67.29,-16.79
2025-03-24 18:18:43.545000+00:00,50.44522335715969,,,,20.188,-1.625,-1.688,23.0,-74.0,-23.375,-55.688,0.024,0.016,-0.059,-0.12,-0.16,9.34,0.16,-0.46,-0.45,-0.28,0.29,9.79,1.27625,0.0,0.0,0.0,0.0,7.0,1017.0,67.29,-16.79
2025-03-24 18:18:44.999000+00:00,50.44522335715969,,,,20.188,-1.625,-1.688,23.0,-74.0,-23.375,-55.688,0.024,0.016,-0.059,-0.12,-0.16,9.34,0.16,-0.46,-0.45,-0.28,0.29,9.79,1.27625,0.0,0.0,0.0,0.0,7.0,1017.0,67.29,-16.79
2025-03-24 18:18:46.012000+00:00,50.44522335715969,,,,20.188,-1.625,-1.688,23.0,-74.0,-23.375,-55.688,0.024,0.016,-0.059,-0.12,-0.16,9.34,0.16,-0.46,-0.45,-0.28,0.29,9.79,1.27625,0.0,0.0,0.0,0.0,7.0,1017.0,67.29,-16.79
2025-03-24 18:18:46.982000+00:00,50.44522335715969,,,,20.188,-1.625,-1.688,23.0,-74.0,-23.375,-55.688,0.024,0.016,-0.059,-0.12,-0.16,9.34,0.16,-0.46,-0.45,-0.28,0.29,9.79,1.27625,0.0,0.0,0.0,0.0,7.0,1017.0,67.29,-16.79
2025-03-24 18:18:48.010000+00:00,50.44522335715969,,,,20.188,-1.625,-1.688,23.0,-74.0,-23.375,-55.688,0.024,0.016,-0.059,-0.12,-0.16,9.34,0.16,-0.46,-0.45,-0.28,0.29,9.79,1.27625,0.0,0.0,0.0,0.0,7.0,1017.0,67.29,-16.79
2025-03-24 18:18:49.001000+00:00,50.44522335715969,,,,20.188,-1.625,-1.688,23.0,-74.0,-23.375,-55.688,0.024,0.016,-0.059,-0.12,-0.16,9.34,0.16,-0.46,-0.45,-0.28,0.29,9.79,1.27625,0.0,0.0,0.0,0.0,7.0,1017.0,67.29,-16.79
2025-03-24 18:18:50.008000+00:00,50.44522335715969,,,,20.188,-1.625,-1.688,23.0,-74.0,-23.375,-55.688,0.024,0.016,-0.059,-0.12,-0.16,9.34,0.16,-0.46,-0.45,-0.28,0.29,9.79,1.27625,0.0,0.0,0.0,0.0,7.0,1017.0,67.29,-16.79
2025-03-24 18:18:51.153000+00:00,50.44522335715969,,,,20.188,-1.625,-1.688,23.0,-74.0,-23.375,-55.688,0.024,0.016,-0.059,-0.12,-0.16,9.34,0.16,-0.46,-0.45,-0.28,0.29,9.79,1.27625,0.0,0.0,0.0,0.0,7.0,1017.0,67.29,-16.79
2025-03-24 18:18:52.351000+00:00,50.44522335715969,,,,20.188,-1.625,-1.688,23.0,-74.0,-23.375,-55.688,0.024,0.016,-0.059,-0.12,-0.16,9.34,0.16,-0.46,-0.45,-0.28,0.29,9.79,1.27625,0.0,0.0,0.0,0.0,7.0,1017.0,67.29,-16.79
2025-03-24 18:18:53.444000+00:00,50.44522335715969,,,,20.188,-1.625,-1.688,23.0,-74.0,-23.375,-55.688,0.024,0.016,-0.059,-0.12,-0.16,9.34,0.16,-0.46,-0.45,-0.28,0.29,9.79,1.27625,0.0,0.0,0.0,0.0,7.0,1017.0,67.29,-16.79
2025-03-24 18:18:54.591000+00:00,50.44522335715969,,,,20.188,-1.625,-1.688,23.0,-74.0,-23.375,-55.688,0.024,0.016,-0.059,-0.12,-0.16,9.34,0.16,-0.46,-0.45,-0.28,0.29,9.79,1.27625,0.0,0.0,0.0,0.0,7.0,1017.0,67.29,-16.79
2025-03-24 18:18:55.640000+00:00,50.44522335715969,,,,20.188,-1.625,-1.688,23.0,-74.0,-23.375,-55.688,0.024,0.016,-0.059,-0.12,-0.16,9.34,0.16,-0.46,-0.45,-0.28,0.29,9.79,1.27625,0.0,0.0,0.0,0.0,7.0,1017.0,67.29,-16.79
2025-03-24 18:18:57.062000+00:00,50.44522335715969,,,,20.188,-1.625,-1.688,23.0,-74.0,-23.375,-55.688,0.024,0.016,-0.059,-0.12,-0.16,9.34,0.16,-0.46,-0.45,-0.28,0.29,9.79,1.27625,0.0,0.0,0.0,0.0,7.0,1017.0,67.29,-16.79
2025-03-24 18:18:58.088000+00:00,50.44522335715969,,,,20.188,-1.625,-1.688,23.0,-74.0,-23.375,-55.688,0.024,0.016,-0.059,-0.12,-0.16,9.34,0.16,-0.46,-0.45,-0.28,0.29,9.79,1.27625,0.0,0.0,0.0,0.0,7.0,1017.0,67.29,-16.79
2025-03-24 18:18:59.100000+00:00,50.44522335715969,,,,20.188,-1.625,-1.688,23.0,-74.0,-23.375,-55.688,0.024,0.016,-0.059,-0.12,-0.16,9.34,0.16,-0.46,-0.45,-0.28,0.29,9.79,1.27625,0.0,0.0,0.0,0.0,7.0,1017.0,67.29,-16.79
2025-03-24 18:19:00.171000+00:00,50.44522335715969,,,,20.188,-1.625,-1.688,23.0,-74.0,-23.375,-55.688,0.024,0.016,-0.059,-0.12,-0.16,9.34,0.16,-0.46,-0.45,-0.28,0.29,9.79,1.27625,0.0,0.0,0.0,0.0,7.0,1017.0,67.29,-16.79
2025-03-24 18:19:01.391000+00:00,50.44522335715969,,,,20.188,-1.625,-1.688,23.0,-74.0,-23.375,-55.688,0.024,0.016,-0.059,-0.12,-0.16,9.34,0.16,-0.46,-0.45,-0.28,0.29,9.79,1.27625,0.0,0.0,0.0,0.0,7.0,1017.0,67.29,-16.79
2025-03-24 18:19:02.367000+00:00,50.44522335715969,,,,20.188,-1.625,-1.688,23.0,-74.0,-23.375,-55.688,0.024,0.016,-0.059,-0.12,-0.16,9.34,0.16,-0.46,-0.45,-0.28,0.29,9.79,1.27625,0.0,0.0,0.0,0.0,7.0,1017.0,67.29,-16.79
2025-03-24 18:19:03.367000+00:00,50.44522335715969,,,,20.188,-1.625,-1.688,23.0,-74.0,-23.375,-55.688,0.024,0.016,-0.059,-0.12,-0.16,9.34,0.16,-0.46,-0.45,-0.28,0.29,9.79,1.27625,0.0,0.0,0.0,0.0,7.0,1017.0,67.29,-16.79
2025-03-24 18:19:04.420000+00:00,50.44522335715969,,,,20.188,-1.625,-1.688,23.0,-74.0,-23.375,-55.688,0.024,0.016,-0.059,-0.12,-0.16,9.34,0.16,-0.46,-0.45,-0.28,0.29,9.79,1.27625,0.0,0.0,0.0,0.0,7.0,1017.0,67.29,-16.79
2025-03-24 18:19:05.565000+00:00,50.44522335715969,,,,20.188,-1.625,-1.688,23.0,-74.0,-23.375,-55.688,0.024,0.016,-0.059,-0.12,-0.16,9.34,0.16,-0.46,-0.45,-0.28,0.29,9.79,1.27625,0.0,0.0,0.0,0.0,7.0,1017.0,67.29,-16.79
2025-03-24 18:19:06.709000+00:00,50.44522335715969,,,,20.188,-1.625,-1.688,23.0,-74.0,-23.375,-55.688,0.024,0.016,-0.059,-0.12,-0.16,9.34,0.16,-0.46,-0.45,-0.28,0.29,9.79,1.27625,0.0,0.0,0.0,0.0,7.0,1017.0,67.29,-16.79
2025-03-24 18:19:07.763000+00:00,50.44522335715969,,,,20.188,-1.625,-1.688,23.0,-74.0,-23.375,-55.688,0.024,0.016,-0.059,-0.12,-0.16,9.34,0.16,-0.46,-0.45,-0.28,0.29,9.79,1.27625,0.0,0.0,0.0,0.0,7.0,1017.0,67.29,-16.79
2025-03-24 18:19:09.220000+00:00,50.44522335715969,,,,20.188,-1.625,-1.688,23.0,-74.0,-23.375,-55.688,0.024,0.016,-0.059,-0.12,-0.16,9.34,0.16,-0.46,-0.45,-0.28,0.29,9.79,1.27625,0.0,0.0,0.0,0.0,7.0,1017.0,67.29,-16.79
2025-03-24 18:19:10.380000+00:00,50.44522335715969,,,,20.188,-1.625,-1.688,23.0,-74.0,-23.375,-55.688,0.024,0.016,-0.059,-0.12,-0.16,9.34,0.16,-0.46,-0.45,-0.28,0.29,9.79,1.27625,0.0,0.0,0.0,0.0,7.0,1017.0,67.29,-16.79
2025-03-24 18:19:11.492000+00:00,50.44522335715969,,,,20.188,-1.625,-1.688,23.0,-74.0,-23.375,-55.688,0.024,0.016,-0.059,-0.12,-0.16,9.34,0.16,-0.46,-0.45,-0.28,0.29,9.79,1.27625,0.0,0.0,0.0,0.0,7.0,1017.0,67.29,-16.79
2025-03-24 18:19:12.637000+00:00,50.44522335715969,,,,20.188,-1.625,-1.688,23.0,-74.0,-23.375,-55.688,0.024,0.016,-0.059,-0.12,-0.16,9.34,0.16,-0.46,-0.45,-0.28,0.29,9.79,1.27625,0.0,0.0,0.0,0.0,7.0,1017.0,67.29,-16.79
2025-03-24 18:19:13.781000+00:00,50.44522335715969,,,,20.188,-1.625,-1.688,23.0,-74.0,-23.375,-55.688,0.024,0.016,-0.059,-0.12,-0.16,9.34,0.16,-0.46,-0.45,-0.28,0.29,9.79,1.27625,0.0,0.0,0.0,0.0,7.0,1017.0,67.29,-16.79
2025-03-24 18:19:15.260000+00:00,50.44522335715969,,,,20.188,-1.625,-1.688,23.0,-74.0,-23.375,-55.688,0.024,0.016,-0.059,-0.12,-0.16,9.34,0.16,-0.46,-0.45,-0.28,0.29,9.79,1.27625,0.0,0.0,0.0,0.0,7.0,1017.0,67.29,-16.79
2025-03-24 18:19:16.280000+00:00,50.44522335715969,,,,20.188,-1.625,-1.688,23.0,-74.0,-23.375,-55.688,0.024,0.016,-0.059,-0.12,-0.16,9.34,0.16,-0.46,-0.45,-0.28,0.29,9.79,1.27625,0.0,0.0,0.0,0.0,7.0,1017.0,67.29,-16.79
2025-03-24 18:19:17.320000+00:00,50.44522335715969,,,,20.188,-1.625,-1.688,23.0,-74.0,-23.375,-55.688,0.024,0.016,-0.059,-0.12,-0.16,9.34,0.16,-0.46,-0.45,-0.28,0.29,9.79,1.27625,0.0,0.0,0.0,0.0,7.0,1017.0,67.29,-16.79
2025-03-24 18:19:18.371000+00:00,50.44522335715969,,,,20.188,-1.625,-1.688,23.0,-74.0,-23.375,-55.688,0.024,0.016,-0.059,-0.12,-0.16,9.34,0.16,-0.46,-0.45,-0.28,0.29,9.79,1.27625,0.0,0.0,0.0,0.0,7.0,1017.0,67.29,-16.79
2025-03-24 18:19:19.450000+00:00,50.44522335715969,,,,20.188,-1.625,-1.688,23.0,-74.0,-23.375,-55.688,0.024,0.016,-0.059,-0.12,-0.16,9.34,0.16,-0.46,-0.45,-0.28,0.29,9.79,1.27625,0.0,0.0,0.0,0.0,7.0,1017.0,67.29,-16.79
2025-03-24 18:19:20.470000+00:00,50.44522335715969,,,,20.188,-1.625,-1.688,23.0,-74.0,-23.375,-55.688,0.024,0.016,-0.059,-0.12,-0.16,9.34,0.16,-0.46,-0.45,-0.28,0.29,9.79,1.27625,0.0,0.0,0.0,0.0,7.0,1017.0,67.29,-16.79
2025-03-24 18:19:21.607000+00:00,50.44522335715969,,,,20.188,-1.625,-1.688,23.0,-74.0,-23.375,-55.688,0.024,0.016,-0.059,-0.12,-0.16,9.34,0.16,-0.46,-0.45,-0.28,0.29,9.79,1.27625,0.0,0.0,0.0,0.0,7.0,1017.0,67.29,-16.79
2025-03-24 18:19:22.752000+00:00,50.44522335715969,,,,20.188,-1.625,-1.688,23.0,-74.0,-23.375,-55.688,0.024,0.016,-0.059,-0.12,-0.16,9.34,0.16,-0.46,-0.45,-0.28,0.29,9.79,1.27625,0.0,0.0,0.0,0.0,7.0,1017.0,67.29,-16.79
2025-03-24 18:19:23.903000+00:00,50.44522335715969,,,,20.188,-1.625,-1.688,23.0,-74.0,-23.375,-55.688,0.024,0.016,-0.059,-0.12,-0.16,9.34,0.16,-0.46,-0.45,-0.28,0.29,9.79,1.27625,0.0,0.0,0.0,0.0,7.0,1017.0,67.29,-16.79
2025-03-24 18:19:25.360000+00:00,50.44522335715969,,,,20.188,-1.625,-1.688,23.0,-74.0,-23.375,-55.688,0.024,0.016,-0.059,-0.12,-0.16,9.34,0.16,-0.46,-0.45,-0.28,0.29,9.79,1.27625,0.0,0.0,0.0,0.0,7.0,1017.0,67.29,-16.79
2025-03-24 18:19:26.348000+00:00,50.44522335715969,,,,20.188,-1.625,-1.688,23.0,-74.0,-23.375,-55.688,0.024,0.016,-0.059,-0.12,-0.16,9.34,0.16,-0.46,-0.45,-0.28,0.29,9.79,1.27625,0.0,0.0,0.0,0.0,7.0,1017.0,67.29,-16.79
2025-03-24 18:19:27.605000+00:00,50.44522335715969,,,,20.188,-1.625,-1.688,23.0,-74.0,-23.375,-55.688,0.024,0.016,-0.059,-0.12,-0.16,9.34,0.16,-0.46,-0.45,-0.28,0.29,9.79,1.27625,0.0,0.0,0.0,0.0,7.0,1017.0,67.29,-16.79
2025-03-24 18:19:28.543000+00:00,50.44522335715969,,,,20.188,-1.625,-1.688,23.0,-74.0,-23.375,-55.688,0.024,0.016,-0.059,-0.12,-0.16,9.34,0.16,-0.46,-0.45,-0.28,0.29,9.79,1.27625,0.0,0.0,0.0,0.0,7.0,1017.0,67.29,-16.79
2025-03-24 18:19:29.569000+00:00,50.44522335715969,,,,20.188,-1.625,-1.688,23.0,-74.0,-23.375,-55.688,0.024,0.016,-0.059,-0.12,-0.16,9.34,0.16,-0.46,-0.45,-0.28,0.29,9.79,1.27625,0.0,0.0,0.0,0.0,7.0,1017.0,67.29,-16.79
2025-03-24 18:19:30.666000+00:00,50.44522335715969,,,,20.188,-1.625,-1.688,23.0,-74.0,-23.375,-55.688,0.024,0.016,-0.059,-0.12,-0.16,9.34,0.16,-0.46,-0.45,-0.28,0.29,9.79,1.27625,0.0,0.0,0.0,0.0,7.0,1017.0,67.29,-16.79
2025-03-24 18:19:31.659000+00:00,50.44522335715969,,,,20.188,-1.625,-1.688,23.0,-74.0,-23.375,-55.688,0.024,0.016,-0.059,-0.12,-0.16,9.34,0.16,-0.46,-0.45,-0.28,0.29,9.79,1.27625,0.0,0.0,0.0,0.0,7.0,1017.0,67.29,-16.79
2025-03-24 18:19:32.755000+00:00,50.44522335715969,,,,20.188,-1.625,-1.688,23.0,-74.0,-23.375,-55.688,0.024,0.016,-0.059,-0.12,-0.16,9.34,0.16,-0.46,-0.45,-0.28,0.29,9.79,1.27625,0.0,0.0,0.0,0.0,7.0,1017.0,67.29,-16.79
2025-03-24 18:19:33.801000+00:00,50.44522335715969,,,,20.188,-1.625,-1.688,23.0,-74.0,-23.375,-55.688,0.024,0.016,-0.059,-0.12,-0.16,9.34,0.16,-0.46,-0.45,-0.28,0.29,9.79,1.27625,0.0,0.0,0.0,0.0,7.0,1017.0,67.29,-16.79
2025-03-24 18:19:34.945000+00:00,50.44522335715969,,,,20.188,-1.625,-1.688,23.0,-74.0,-23.375,-55.688,0.024,0.016,-0.059,-0.12,-0.16,9.34,0.16,-0.46,-0.45,-0.28,0.29,9.79,1.27625,0.0,0.0,0.0,0.0,7.0,1017.0,67.29,-16.79
2025-03-24 18:19:35.989000+00:00,50.44522335715969,,,,20.188,-1.625,-1.688,23.0,-74.0,-23.375,-55.688,0.024,0.016,-0.059,-0.12,-0.16,9.34,0.16,-0.46,-0.45,-0.28,0.29,9.79,1.27625,0.0,0.0,0.0,0.0,7.0,1017.0,67.29,-16.79
2025-03-24 18:19:37.467000+00:00,50.44522335715969,,,,20.188,-1.625,-1.688,23.0,-74.0,-23.375,-55.688,0.024,0.016,-0.059,-0.12,-0.16,9.34,0.16,-0.46,-0.45,-0.28,0.29,9.79,1.27625,0.0,0.0,0.0,0.0,7.0,1017.0,67.29,-16.79
2025-03-24 18:18:39.328000+00:00,50.44522335715969,,,,20.188,-1.625,-1.688,23.0,-74.0,-23.375,-55.688,0.024,0.016,-0.059,-0.12,-0.16,9.34,0.16,-0.46,-0.45,-0.28,0.29,9.79,1.27625,0.0,0.0,0.0,0.0,7.0,1017.0,67.29,-16.79
2025-03-24 18:18:40.152000+00:00,50.44522335715969,,,,20.188,-1.625,-1.688,23.0,-74.0,-23.375,-55.688,0.024,0.016,-0.059,-0.12,-0.16,9.34,0.16,-0.46,-0.45,-0.28,0.29,9.79,1.27625,0.0,0.0,0.0,0.0,7.0,1017.0,67.29,-16.79
2025-03-24 18:18:41.312000+00:00,50.44522335715969,,,,20.188,-1.625,-1.688,23.0,-74.0,-23.375,-55.688,0.024,0.016,-0.059,-0.12,-0.16,9.34,0.16,-0.46,-0.45,-0.28,0.29,9.79,1.27625,0.0,0.0,0.0,0.0,7.0,1017.0,67.29,-16.79
2025-03-24 18:18:42.445000+00:00,50.44522335715969,,,,20.188,-1.625,-1.688,23.0,-74.0,-23.375,-55.688,0.024,0.016,-0.059,-0.12,-0.16,9.34,0.16,-0.46,-0.45,-0.28,0.29,9.79,1.27625,0.0,0.0,0.0,0.0,7.0,1017.0,67.29,-16.79
2025-03-24 18:18:43.592000+00:00,50.44522335715969,,,,20.188,-1.625,-1.688,23.0,-74.0,-23.375,-55.688,0.024,0.016,-0.059,-0.12,-0.16,9.34,0.16,-0.46,-0.45,-0.28,0.29,9.79,1.27625,0.0,0.0,0.0,0.0,7.0,1017.0,67.29,-16.79
2025-03-24 18:18:45.058000+00:00,50.44522335715969,,,,20.188,-1.625,-1.688,23.0,-74.0,-23.375,-55.688,0.024,0.016,-0.059,-0.12,-0.16,9.34,0.16,-0.46,-0.45,-0.28,0.29,9.79,1.27625,0.0,0.0,0.0,0.0,7.0,1017.0,67.29,-16.79
2025-03-24 18:18:46.062000+00:00,50.44522335715969,,,,20.188,-1.625,-1.688,23.0,-74.0,-23.375,-55.688,0.024,0.016,-0.059,-0.12,-0.16,9.34,0.16,-0.46,-0.45,-0.28,0.29,9.79,1.27625,0.0,0.0,0.0,0.0,7.0,1017.0,67.29,-16.79
2025-03-24 18:18:47.031000+00:00,50.44522335715969,,,,20.188,-1.625,-1.688,23.0,-74.0,-23.375,-55.688,0.024,0.016,-0.059,-0.12,-0.16,9.34,0.16,-0.46,-0.45,-0.28,0.29,9.79,1.27625,0.0,0.0,0.0,0.0,7.0,1017.0,67.29,-16.79
2025-03-24 18:18:48.068000+00:00,50.44522335715969,,,,20.188,-1.625,-1.688,23.0,-74.0,-23.375,-55.688,0.024,0.016,-0.059,-0.12,-0.16,9.34,0.16,-0.46,-0.45,-0.28,0.29,9.79,1.27625,0.0,0.0,0.0,0.0,7.0,1017.0,67.29,-16.79
2025-03-24 18:18:49.051000+00:00,50.44522335715969,,,,20.188,-1.625,-1.688,23.0,-74.0,-23.375,-55.688,0.024,0.016,-0.059,-0.12,-0.16,9.34,0.16,-0.46,-0.45,-0.28,0.29,9.79,1.27625,0.0,0.0,0.0,0.0,7.0,1017.0,67.29,-16.79
2025-03-24 18:18:50.063000+00:00,50.44522335715969,,,,20.188,-1.625,-1.688,23.0,-74.0,-23.375,-55.688,0.024,0.016,-0.059,-0.12,-0.16,9.34,0.16,-0.46,-0.45,-0.28,0.29,9.79,1.27625,0.0,0.0,0.0,0.0,7.0,1017.0,67.29,-16.79
2025-03-24 18:18:51.203000+00:00,50.44522335715969,,,,20.188,-1.625,-1.688,23.0,-74.0,-23.375,-55.688,0.024,0.016,-0.059,-0.12,-0.16,9.34,0.16,-0.46,-0.45,-0.28,0.29,9.79,1.27625,0.0,0.0,0.0,0.0,7.0,1017.0,67.29,-16.79
2025-03-24 18:18:52.401000+00:00,50.44522335715969,,,,20.188,-1.625,-1.688,23.0,-74.0,-23.375,-55.688,0.024,0.016,-0.059,-0.12,-0.16,9.34,0.16,-0.46,-0.45,-0.28,0.29,9.79,1.27625,0.0,0.0,0.0,0.0,7.0,1017.0,67.29,-16.79
2025-03-24 18:18:53.492000+00:00,50.44522335715969,,,,20.188,-1.625,-1.688,23.0,-74.0,-23.375,-55.688,0.024,0.016,-0.059,-0.12,-0.16,9.34,0.16,-0.46,-0.45,-0.28,0.29,9.79,1.27625,0.0,0.0,0.0,0.0,7.0,1017.0,67.29,-16.79
2025-03-24 18:18:54.651000+00:00,50.44522335715969,,,,20.188,-1.625,-1.688,23.0,-74.0,-23.375,-55.688,0.024,0.016,-0.059,-0.12,-0.16,9.34,0.16,-0.46,-0.45,-0.28,0.29,9.79,1.27625,0.0,0.0,0.0,0.0,7.0,1017.0,67.29,-16.79
2025-03-24 18:18:55.691000+00:00,50.44522335715969,,,,20.188,-1.625,-1.688,23.0,-74.0,-23.375,-55.688,0.024,0.016,-0.059,-0.12,-0.16,9.34,0.16,-0.46,-0.45,-0.28,0.29,9.79,1.27625,0.0,0.0,0.0,0.0,7.0,1017.0,67.29,-16.79
2025-03-24 18:18:57.110000+00:00,50.44522335715969,,,,20.188,-1.625,-1.688,23.0,-74.0,-23.375,-55.688,0.024,0.016,-0.059,-0.12,-0.16,9.34,0.16,-0.46,-0.45,-0.28,0.29,9.79,1.27625,0.0,0.0,0.0,0.0,7.0,1017.0,67.29,-16.79
2025-03-24 18:18:58.146000+00:00,50.44522335715969,,,,20.188,-1.625,-1.688,23.0,-74.0,-23.375,-55.688,0.024,0.016,-0.059,-0.12,-0.16,9.34,0.16,-0.46,-0.45,-0.28,0.29,9.79,1.27625,0.0,0.0,0.0,0.0,7.0,1017.0,67.29,-16.79
2025-03-24 18:18:59.161000+00:00,50.44522335715969,,,,20.188,-1.625,-1.688,23.0,-74.0,-23.375,-55.688,0.024,0.016,-0.059,-0.12,-0.16,9.34,0.16,-0.46,-0.45,-0.28,0.29,9.79,1.27625,0.0,0.0,0.0,0.0,7.0,1017.0,67.29,-16.79
2025-03-24 18:19:00.221000+00:00,50.44522335715969,,,,20.188,-1.625,-1.688,23.0,-74.0,-23.375,-55.688,0.024,0.016,-0.059,-0.12,-0.16,9.34,0.16,-0.46,-0.45,-0.28,0.29,9.79,1.27625,0.0,0.0,0.0,0.0,7.0,1017.0,67.29,-16.79
2025-03-24 18:19:01.441000+00:00,50.44522335715969,,,,20.188,-1.625,-1.688,23.0,-74.0,-23.375,-55.688,0.024,0.016,-0.059,-0.12,-0.16,9.34,0.16,-0.46,-0.45,-0.28,0.29,9.79,1.27625,0.0,0.0,0.0,0.0,7.0,1017.0,67.29,-16.79
2025-03-24 18:19:02.426000+00:00,50.44522335715969,,,,20.188,-1.625,-1.688,23.0,-74.0,-23.375,-55.688,0.024,0.016,-0.059,-0.12,-0.16,9.34,0.16,-0.46,-0.45,-0.28,0.29,9.79,1.27625,0.0,0.0,0.0,0.0,7.0,1017.0,67.29,-16.79
2025-03-24 18:19:03.420000+00:00,50.44522335715969,,,,20.188,-1.625,-1.688,23.0,-74.0,-23.375,-55.688,0.024,0.016,-0.059,-0.12,-0.16,9.34,0.16,-0.46,-0.45,-0.28,0.29,9.79,1.27625,0.0,0.0,0.0,0.0,7.0,1017.0,67.29,-16.79
2025-03-24 18:19:04.472000+00:00,50.44522335715969,,,,20.188,-1.625,-1.688,23.0,-74.0,-23.375,-55.688,0.024,0.016,-0.059,-0.12,-0.16,9.34,0.16,-0.46,-0.45,-0.28,0.29,9.79,1.27625,0.0,0.0,0.0,0.0,7.0,1017.0,67.29,-16.79
2025-03-24 18:19:05.614000+00:00,50.44522335715969,,,,20.188,-1.625,-1.688,23.0,-74.0,-23.375,-55.688,0.024,0.016,-0.059,-0.12,-0.16,9.34,0.16,-0.46,-0.45,-0.28,0.29,9.79,1.27625,0.0,0.0,0.0,0.0,7.0,1017.0,67.29,-16.79
2025-03-24 18:19:06.760000+00:00,50.44522335715969,,,,20.188,-1.625,-1.688,23.0,-74.0,-23.375,-55.688,0.024,0.016,-0.059,-0.12,-0.16,9.34,0.16,-0.46,-0.45,-0.28,0.29,9.79,1.27625,0.0,0.0,0.0,0.0,7.0,1017.0,67.29,-16.79
2025-03-24 18:19:07.812000+00:00,50.44522335715969,,,,20.188,-1.625,-1.688,23.0,-74.0,-23.375,-55.688,0.024,0.016,-0.059,-0.12,-0.16,9.34,0.16,-0.46,-0.45,-0.28,0.29,9.79,1.27625,0.0,0.0,0.0,0.0,7.0,1017.0,67.29,-16.79
2025-03-24 18:19:09.269000+00:00,50.44522335715969,,,,20.188,-1.625,-1.688,23.0,-74.0,-23.375,-55.688,0.024,0.016,-0.059,-0.12,-0.16,9.34,0.16,-0.46,-0.45,-0.28,0.29,9.79,1.27625,0.0,0.0,0.0,0.0,7.0,1017.0,67.29,-16.79
2025-03-24 18:19:10.430000+00:00,50.44522335715969,,,,20.188,-1.625,-1.688,23.0,-74.0,-23.375,-55.688,0.024,0.016,-0.059,-0.12,-0.16,9.34,0.16,-0.46,-0.45,-0.28,0.29,9.79,1.27625,0.0,0.0,0.0,0.0,7.0,1017.0,67.29,-16.79
2025-03-24 18:19:11.543000+00:00,50.44522335715969,,,,20.188,-1.625,-1.688,23.0,-74.0,-23.375,-55.688,0.024,0.016,-0.059,-0.12,-0.16,9.34,0.16,-0.46,-0.45,-0.28,0.29,9.79,1.27625,0.0,0.0,0.0,0.0,7.0,1017.0,67.29,-16.79
2025-03-24 18:19:12.690000+00:00,50.44522335715969,,,,20.188,-1.625,-1.688,23.0,-74.0,-23.375,-55.688,0.024,0.016,-0.059,-0.12,-0.16,9.34,0.16,-0.46,-0.45,-0.28,0.29,9.79,1.27625,0.0,0.0,0.0,0.0,7.0,1017.0,67.29,-16.79
2025-03-24 18:19:13.841000+00:00,50.44522335715969,,,,20.188,-1.625,-1.688,23.0,-74.0,-23.375,-55.688,0.024,0.016,-0.059,-0.12,-0.16,9.34,0.16,-0.46,-0.45,-0.28,0.29,9.79,1.27625,0.0,0.0,0.0,0.0,7.0,1017.0,67.29,-16.79
2025-03-24 18:19:15.319000+00:00,50.44522335715969,,,,20.188,-1.625,-1.688,23.0,-74.0,-23.375,-55.688,0.024,0.016,-0.059,-0.12,-0.16,9.34,0.16,-0.46,-0.45,-0.28,0.29,9.79,1.27625,0.0,0.0,0.0,0.0,7.0,1017.0,67.29,-16.79
2025-03-24 18:19:16.336000+00:00,50.44522335715969,,,,20.188,-1.625,-1.688,23.0,-74.0,-23.375,-55.688,0.024,0.016,-0.059,-0.12,-0.16,9.34,0.16,-0.46,-0.45,-0.28,0.29,9.79,1.27625,0.0,0.0,0.0,0.0,7.0,1017.0,67.29,-16.79
2025-03-24 18:19:17.370000+00:00,50.44522335715969,,,,20.188,-1.625,-1.688,23.0,-74.0,-23.375,-55.688,0.024,0.016,-0.059,-0.12,-0.16,9.34,0.16,-0.46,-0.45,-0.28,0.29,9.79,1.27625,0.0,0.0,0.0,0.0,7.0,1017.0,67.29,-16.79
2025-03-24 18:19:18.421000+00:00,50.44522335715969,,,,20.188,-1.625,-1.688,23.0,-74.0,-23.375,-55.688,0.024,0.016,-0.059,-0.12,-0.16,9.34,0.16,-0.46,-0.45,-0.28,0.29,9.79,1.27625,0.0,0.0,0.0,0.0,7.0,1017.0,67.29,-16.79
2025-03-24 18:19:19.506000+00:00,50.44522335715969,,,,20.188,-1.625,-1.688,23.0,-74.0,-23.375,-55.688,0.024,0.016,-0.059,-0.12,-0.16,9.34,0.16,-0.46,-0.45,-0.28,0.29,9.79,1.27625,0.0,0.0,0.0,0.0,7.0,1017.0,67.29,-16.79
2025-03-24 18:19:20.518000+00:00,50.44522335715969,,,,20.188,-1.625,-1.688,23.0,-74.0,-23.375,-55.688,0.024,0.016,-0.059,-0.12,-0.16,9.34,0.16,-0.46,-0.45,-0.28,0.29,9.79,1.27625,0.0,0.0,0.0,0.0,7.0,1017.0,67.29,-16.79
2025-03-24 18:19:21.660000+00:00,50.44522335715969,,,,20.188,-1.625,-1.688,23.0,-74.0,-23.375,-55.688,0.024,0.016,-0.059,-0.12,-0.16,9.34,0.16,-0.46,-0.45,-0.28,0.29,9.79,1.27625,0.0,0.0,0.0,0.0,7.0,1017.0,67.29,-16.79
2025-03-24 18:19:22.810000+00:00,50.44522335715969,,,,20.188,-1.625,-1.688,23.0,-74.0,-23.375,-55.688,0.024,0.016,-0.059,-0.12,-0.16,9.34,0.16,-0.46,-0.45,-0.28,0.29,9.79,1.27625,0.0,0.0,0.0,0.0,7.0,1017.0,67.29,-16.79
2025-03-24 18:19:23.959000+00:00,50.44522335715969,,,,20.188,-1.625,-1.688,23.0,-74.0,-23.375,-55.688,0.024,0.016,-0.059,-0.12,-0.16,9.34,0.16,-0.46,-0.45,-0.28,0.29,9.79,1.27625,0.0,0.0,0.0,0.0,7.0,1017.0,67.29,-16.79
2025-03-24 18:19:25.409000+00:00,50.44522335715969,,,,20.188,-1.625,-1.688,23.0,-74.0,-23.375,-55.688,0.024,0.016,-0.059,-0.12,-0.16,9.34,0.16,-0.46,-0.45,-0.28,0.29,9.79,1.27625,0.0,0.0,0.0,0.0,7.0,1017.0,67.29,-16.79
2025-03-24 18:19:26.399000+00:00,50.44522335715969,,,,20.188,-1.625,-1.688,23.0,-74.0,-23.375,-55.688,0.024,0.016,-0.059,-0.12,-0.16,9.34,0.16,-0.46,-0.45,-0.28,0.29,9.79,1.27625,0.0,0.0,0.0,0.0,7.0,1017.0,67.29,-16.79
2025-03-24 18:19:27.665000+00:00,50.44522335715969,,,,20.188,-1.625,-1.688,23.0,-74.0,-23.375,-55.688,0.024,0.016,-0.059,-0.12,-0.16,9.34,0.16,-0.46,-0.45,-0.28,0.29,9.79,1.27625,0.0,0.0,0.0,0.0,7.0,1017.0,67.29,-16.79
2025-03-24 18:19:28.589000+00:00,50.44522335715969,,,,20.188,-1.625,-1.688,23.0,-74.0,-23.375,-55.688,0.024,0.016,-0.059,-0.12,-0.16,9.34,0.16,-0.46,-0.45,-0.28,0.29,9.79,1.27625,0.0,0.0,0.0,0.0,7.0,1017.0,67.29,-16.79
2025-03-24 18:19:29.618000+00:00,50.44522335715969,,,,20.188,-1.625,-1.688,23.0,-74.0,-23.375,-55.688,0.024,0.016,-0.059,-0.12,-0.16,9.34,0.16,-0.46,-0.45,-0.28,0.29,9.79,1.27625,0.0,0.0,0.0,0.0,7.0,1017.0,67.29,-16.79
2025-03-24 18:19:30.718000+00:00,50.44522335715969,,,,20.188,-1.625,-1.688,23.0,-74.0,-23.375,-55.688,0.024,0.016,-0.059,-0.12,-0.16,9.34,0.16,-0.46,-0.45,-0.28,0.29,9.79,1.27625,0.0,0.0,0.0,0.0,7.0,1017.0,67.29,-16.79
2025-03-24 18:19:31.709000+00:00,50.44522335715969,,,,20.188,-1.625,-1.688,23.0,-74.0,-23.375,-55.688,0.024,0.016,-0.059,-0.12,-0.16,9.34,0.16,-0.46,-0.45,-0.28,0.29,9.79,1.27625,0.0,0.0,0.0,0.0,7.0,1017.0,67.29,-16.79
2025-03-24 18:19:32.815000+00:00,50.44522335715969,,,,20.188,-1.625,-1.688,23.0,-74.0,-23.375,-55.688,0.024,0.016,-0.059,-0.12,-0.16,9.34,0.16,-0.46,-0.45,-0.28,0.29,9.79,1.27625,0.0,0.0,0.0,0.0,7.0,1017.0,67.29,-16.79
2025-03-24 18:19:33.854000+00:00,50.44522335715969,,,,20.188,-1.625,-1.688,23.0,-74.0,-23.375,-55.688,0.024,0.016,-0.059,-0.12,-0.16,9.34,0.16,-0.46,-0.45,-0.28,0.29,9.79,1.27625,0.0,0.0,0.0,0.0,7.0,1017.0,67.29,-16.79
2025-03-24 18:19:35+00:00,50.44522335715969,,,,20.188,-1.625,-1.688,23.0,-74.0,-23.375,-55.688,0.024,0.016,-0.059,-0.12,-0.16,9.34,0.16,-0.46,-0.45,-0.28,0.29,9.79,1.27625,0.0,0.0,0.0,0.0,7.0,1017.0,67.29,-16.79
2025-03-24 18:19:36.040000+00:00,50.44522335715969,,,,20.188,-1.625,-1.688,23.0,-74.0,-23.375,-55.688,0.024,0.016,-0.059,-0.12,-0.16,9.34,0.16,-0.46,-0.45,-0.28,0.29,9.79,1.27625,0.0,0.0,0.0,0.0,7.0,1017.0,67.29,-16.79
2025-03-24 18:19:37.525000+00:00,50.44522335715969,,,,20.188,-1.625,-1.688,23.0,-74.0,-23.375,-55.688,0.024,0.016,-0.059,-0.12,-0.16,9.34,0.16,-0.46,-0.45,-0.28,0.29,9.79,1.27625,0.0,0.0,0.0,0.0,7.0,1017.0,67.29,-16.79
2025-03-24 18:18:39.489000+00:00,50.44522335715969,,,,20.188,-1.625,-1.688,23.0,-74.0,-23.375,-55.688,0.024,0.016,-0.059,-0.12,-0.16,9.34,0.16,-0.46,-0.45,-0.28,0.29,9.79,1.27625,0.0,0.0,0.0,0.0,7.0,1017.0,67.29,-16.79
2025-03-24 18:18:40.302000+00:00,50.44522335715969,,,,20.188,-1.625,-1.688,23.0,-74.0,-23.375,-55.688,0.024,0.016,-0.059,-0.12,-0.16,9.34,0.16,-0.46,-0.45,-0.28,0.29,9.79,1.27625,0.0,0.0,0.0,0.0,7.0,1017.03,67.29,-16.79
2025-03-24 18:18:41.463000+00:00,50.44522335715969,,,,20.188,-1.625,-1.688,23.0,-74.0,-23.375,-55.688,0.024,0.016,-0.059,-0.12,-0.16,9.34,0.16,-0.46,-0.45,-0.28,0.29,9.79,1.27625,0.0,0.0,0.0,0.0,7.0,1017.03,67.29,-16.79
2025-03-24 18:18:42.602000+00:00,50.44522335715969,,,,20.188,-1.625,-1.688,23.0,-74.0,-23.375,-55.688,0.024,0.016,-0.059,-0.12,-0.16,9.34,0.16,-0.46,-0.45,-0.28,0.29,9.79,1.27625,0.0,0.0,0.0,0.0,7.0,1017.03,67.29,-16.79
2025-03-24 18:18:43.758000+00:00,50.44522335715969,,,,20.188,-1.625,-1.688,23.0,-74.0,-23.375,-55.688,0.024,0.016,-0.059,-0.12,-0.16,9.34,0.16,-0.46,-0.45,-0.28,0.29,9.79,1.27625,0.0,0.0,0.0,0.0,7.0,1017.03,67.29,-16.79
2025-03-24 18:18:45.228000+00:00,50.44522335715969,,,,20.188,-1.625,-1.688,23.0,-74.0,-23.375,-55.688,0.024,0.016,-0.059,-0.12,-0.16,9.34,0.16,-0.46,-0.45,-0.28,0.29,9.79,1.27625,0.0,0.0,0.0,0.0,7.0,1017.03,67.29,-16.79
2025-03-24 18:18:46.211000+00:00,50.44522335715969,,,,20.188,-1.625,-1.688,23.0,-74.0,-23.375,-55.688,0.024,0.016,-0.059,-0.12,-0.16,9.34,0.16,-0.46,-0.45,-0.28,0.29,9.79,1.27625,0.0,0.0,0.0,0.0,7.0,1017.03,67.29,-16.79
2025-03-24 18:18:47.188000+00:00,50.44522335715969,,,,20.188,-1.625,-1.688,23.0,-74.0,-23.375,-55.688,0.024,0.016,-0.059,-0.12,-0.16,9.34,0.16,-0.46,-0.45,-0.28,0.29,9.79,1.27625,0.0,0.0,0.0,0.0,7.0,1017.03,67.29,-16.79
2025-03-24 18:18:48.231000+00:00,50.44522335715969,,,,20.188,-1.625,-1.688,23.0,-74.0,-23.375,-55.688,0.024,0.016,-0.059,-0.12,-0.16,9.34,0.16,-0.46,-0.45,-0.28,0.29,9.79,1.27625,0.0,0.0,0.0,0.0,7.0,1017.03,67.29,-16.79
2025-03-24 18:18:49.201000+00:00,50.44522335715969,,,,20.188,-1.625,-1.688,23.0,-74.0,-23.375,-55.688,0.024,0.016,-0.059,-0.12,-0.16,9.34,0.16,-0.46,-0.45,-0.28,0.29,9.79,1.27625,0.0,0.0,0.0,0.0,7.0,1017.03,67.29,-16.79
2025-03-24 18:18:50.222000+00:00,50.44522335715969,,,,20.188,-1.625,-1.688,23.0,-74.0,-23.375,-55.688,0.024,0.016,-0.059,-0.12,-0.16,9.34,0.16,-0.46,-0.45,-0.28,0.29,9.79,1.27625,0.0,0.0,0.0,0.0,7.0,1017.03,67.29,-16.79
2025-03-24 18:18:51.364000+00:00,50.44522335715969,,,,20.188,-1.625,-1.688,23.0,-74.0,-23.375,-55.688,0.024,0.016,-0.059,-0.12,-0.16,9.34,0.16,-0.46,-0.45,-0.28,0.29,9.79,1.27625,0.0,0.0,0.0,0.0,7.0,1017.03,67.29,-16.79
2025-03-24 18:18:52.567000+00:00,50.44522335715969,,,,20.188,-1.625,-1.688,23.0,-74.0,-23.375,-55.688,0.024,0.016,-0.059,-0.12,-0.16,9.34,0.16,-0.46,-0.45,-0.28,0.29,9.79,1.27625,0.0,0.0,0.0,0.0,7.0,1017.03,67.29,-16.79
2025-03-24 18:18:53.658000+00:00,50.44522335715969,,,,20.188,-1.625,-1.688,23.0,-74.0,-23.375,-55.688,0.024,0.016,-0.059,-0.12,-0.16,9.34,0.16,-0.46,-0.45,-0.28,0.29,9.79,1.27625,0.0,0.0,0.0,0.0,7.0,1017.03,67.29,-16.79
2025-03-24 18:18:54.807000+00:00,50.44522335715969,,,,20.188,-1.625,-1.688,23.0,-74.0,-23.375,-55.688,0.024,0.016,-0.059,-0.12,-0.16,9.34,0.16,-0.46,-0.45,-0.28,0.29,9.79,1.27625,0.0,0.0,0.0,0.0,7.0,1017.03,67.29,-16.79
2025-03-24 18:18:55.851000+00:00,50.44522335715969,,,,20.188,-1.625,-1.688,23.0,-74.0,-23.375,-55.688,0.024,0.016,-0.059,-0.12,-0.16,9.34,0.16,-0.46,-0.45,-0.28,0.29,9.79,1.27625,0.0,0.0,0.0,0.0,7.0,1017.03,67.29,-16.79
2025-03-24 18:18:57.271000+00:00,50.44522335715969,,,,20.188,-1.625,-1.688,23.0,-74.0,-23.375,-55.688,0.024,0.016,-0.059,-0.12,-0.16,9.34,0.16,-0.46,-0.45,-0.28,0.29,9.79,1.27625,0.0,0.0,0.0,0.0,7.0,1017.03,67.29,-16.79
2025-03-24 18:18:58.307000+00:00,50.44522335715969,,,,20.188,-1.625,-1.688,23.0,-74.0,-23.375,-55.688,0.024,0.016,-0.059,-0.12,-0.16,9.34,0.16,-0.46,-0.45,-0.28,0.29,9.79,1.27625,0.0,0.0,0.0,0.0,7.0,1017.03,67.29,-16.79
2025-03-24 18:18:59.311000+00:00,50.44522335715969,,,,20.188,-1.625,-1.688,23.0,-74.0,-23.375,-55.688,0.024,0.016,-0.059,-0.12,-0.16,9.34,0.16,-0.46,-0.45,-0.28,0.29,9.79,1.27625,0.0,0.0,0.0,0.0,7.0,1017.03,67.29,-16.79
2025-03-24 18:19:00.383000+00:00,50.44522335715969,,,,20.188,-1.625,-1.688,23.0,-74.0,-23.375,-55.688,0.024,0.016,-0.059,-0.12,-0.16,9.34,0.16,-0.46,-0.45,-0.28,0.29,9.79,1.27625,0.0,0.0,0.0,0.0,7.0,1017.03,67.29,-16.79
2025-03-24 18:19:01.600000+00:00,50.44522335715969,,,,20.188,-1.625,-1.688,23.0,-74.0,-23.375,-55.688,0.024,0.016,-0.059,-0.12,-0.16,9.34,0.16,-0.46,-0.45,-0.28,0.29,9.79,1.27625,0.0,0.0,0.0,0.0,7.0,1017.03,67.29,-16.79
2025-03-24 18:19:02.592000+00:00,50.44522335715969,,,,20.188,-1.625,-1.688,23.0,-74.0,-23.375,-55.688,0.024,0.016,-0.059,-0.12,-0.16,9.34,0.16,-0.46,-0.45,-0.28,0.29,9.79,1.27625,0.0,0.0,0.0,0.0,7.0,1017.03,67.29,-16.79
2025-03-24 18:19:03.586000+00:00,50.44522335715969,,,,20.188,-1.625,-1.688,23.0,-74.0,-23.375,-55.688,0.024,0.016,-0.059,-0.12,-0.16,9.34,0.16,-0.46,-0.45,-0.28,0.29,9.79,1.27625,0.0,0.0,0.0,0.0,7.0,1017.03,67.29,-16.79
2025-03-24 18:19:04.637000+00:00,50.44522335715969,,,,20.188,-1.625,-1.688,23.0,-74.0,-23.375,-55.688,0.024,0.016,-0.059,-0.12,-0.16,9.34,0.16,-0.46,-0.45,-0.28,0.29,9.79,1.27625,0.0,0.0,0.0,0.0,7.0,1017.03,67.29,-16.79
2025-03-24 18:19:05.767000+00:00,50.44522335715969,,,,20.188,-1.625,-1.688,23.0,-74.0,-23.375,-55.688,0.024,0.016,-0.059,-0.12,-0.16,9.34,0.16,-0.46,-0.45,-0.28,0.29,9.79,1.27625,0.0,0.0,0.0,0.0,7.0,1017.03,67.29,-16.79
2025-03-24 18:19:06.923000+00:00,50.44522335715969,,,,20.188,-1.625,-1.688,23.0,-74.0,-23.375,-55.688,0.024,0.016,-0.059,-0.12,-0.16,9.34,0.16,-0.46,-0.45,-0.28,0.29,9.79,1.27625,0.0,0.0,0.0,0.0,7.0,1017.03,67.29,-16.79
2025-03-24 18:19:07.967000+00:00,50.44522335715969,,,,20.188,-1.625,-1.688,23.0,-74.0,-23.375,-55.688,0.024,0.016,-0.059,-0.12,-0.16,9.34,0.16,-0.46,-0.45,-0.28,0.29,9.79,1.27625,0.0,0.0,0.0,0.0,7.0,1017.03,67.29,-16.79
2025-03-24 18:19:09.430000+00:00,50.44522335715969,,,,20.188,-1.625,-1.688,23.0,-74.0,-23.375,-55.688,0.024,0.016,-0.059,-0.12,-0.16,9.34,0.16,-0.46,-0.45,-0.28,0.29,9.79,1.27625,0.0,0.0,0.0,0.0,7.0,1017.03,67.29,-16.79
2025-03-24 18:19:10.606000+00:00,50.44522335715969,,,,20.188,-1.625,-1.688,23.0,-74.0,-23.375,-55.688,0.024,0.016,-0.059,-0.12,-0.16,9.34,0.16,-0.46,-0.45,-0.28,0.29,9.79,1.27625,0.0,0.0,0.0,0.0,7.0,1017.02,67.29,-16.79
2025-03-24 18:19:11.700000+00:00,50.44522335715969,,,,20.188,-1.625,-1.688,23.0,-74.0,-23.375,-55.688,0.024,0.016,-0.059,-0.12,-0.16,9.34,0.16,-0.46,-0.45,-0.28,0.29,9.79,1.27625,0.0,0.0,0.0,0.0,7.0,1017.02,67.29,-16.79
2025-03-24 18:19:12.840000+00:00,50.44522335715969,,,,20.188,-1.625,-1.688,23.0,-74.0,-23.375,-55.688,0.024,0.016,-0.059,-0.12,-0.16,9.34,0.16,-0.46,-0.45,-0.28,0.29,9.79,1.27625,0.0,0.0,0.0,0.0,7.0,1017.02,67.29,-16.79
2025-03-24 18:19:13.996000+00:00,50.44522335715969,,,,20.188,-1.625,-1.688,23.0,-74.0,-23.375,-55.688,0.024,0.016,-0.059,-0.12,-0.16,9.34,0.16,-0.46,-0.45,-0.28,0.29,9.79,1.27625,0.0,0.0,0.0,0.0,7.0,1017.02,67.29,-16.79
2025-03-24 18:19:15.486000+00:00,50.44522335715969,,,,20.188,-1.625,-1.688,23.0,-74.0,-23.375,-55.688,0.024,0.016,-0.059,-0.12,-0.16,9.34,0.16,-0.46,-0.45,-0.28,0.29,9.79,1.27625,0.0,0.0,0.0,0.0,7.0,1017.02,67.29,-16.79
2025-03-24 18:19:16.509000+00:00,50.44522335715969,,,,20.188,-1.625,-1.688,23.0,-74.0,-23.375,-55.688,0.024,0.016,-0.059,-0.12,-0.16,9.34,0.16,-0.46,-0.45,-0.28,0.29,9.79,1.27625,0.0,0.0,0.0,0.0,7.0,1017.02,67.29,-16.79
2025-03-24 18:19:17.521000+00:00,50.44522335715969,,,,20.188,-1.625,-1.688,23.0,-74.0,-23.375,-55.688,0.024,0.016,-0.059,-0.12,-0.16,9.34,0.16,-0.46,-0.45,-0.28,0.29,9.79,1.27625,0.0,0.0,0.0,0.0,7.0,1017.02,67.29,-16.79
2025-03-24 18:19:18.574000+00:00,50.44522335715969,,,,20.188,-1.625,-1.688,23.0,-74.0,-23.375,-55.688,0.024,0.016,-0.059,-0.12,-0.16,9.34,0.16,-0.46,-0.45,-0.28,0.29,9.79,1.27625,0.0,0.0,0.0,0.0,7.0,1017.02,67.29,-16.79
2025-03-24 18:19:19.650000+00:00,50.44522335715969,,,,20.188,-1.625,-1.688,23.0,-74.0,-23.375,-55.688,0.024,0.016,-0.059,-0.12,-0.16,9.34,0.16,-0.46,-0.45,-0.28,0.29,9.79,1.27625,0.0,0.0,0.0,0.0,7.0,1017.02,67.29,-16.79
2025-03-24 18:19:20.675000+00:00,50.44522335715969,,,,20.188,-1.625,-1.688,23.0,-74.0,-23.375,-55.688,0.024,0.016,-0.059,-0.12,-0.16,9.34,0.16,-0.46,-0.45,-0.28,0.29,9.79,1.27625,0.0,0.0,0.0,0.0,7.0,1017.02,67.29,-16.79
2025-03-24 18:19:21.815000+00:00,50.44522335715969,,,,20.188,-1.625,-1.688,23.0,-74.0,-23.375,-55.688,0.024,0.016,-0.059,-0.12,-0.16,9.34,0.16,-0.46,-0.45,-0.28,0.29,9.79,1.27625,0.0,0.0,0.0,0.0,7.0,1017.02,67.29,-16.79
2025-03-24 18:19:22.959000+00:00,50.44522335715969,,,,20.188,-1.625,-1.688,23.0,-74.0,-23.375,-55.688,0.024,0.016,-0.059,-0.12,-0.16,9.34,0.16,-0.46,-0.45,-0.28,0.29,9.79,1.27625,0.0,0.0,0.0,0.0,7.0,1017.02,67.29,-16.79
2025-03-24 18:19:24.110000+00:00,50.44522335715969,,,,20.188,-1.625,-1.688,23.0,-74.0,-23.375,-55.688,0.024,0.016,-0.059,-0.12,-0.16,9.34,0.16,-0.46,-0.45,-0.28,0.29,9.79,1.27625,0.0,0.0,0.0,0.0,7.0,1017.02,67.29,-16.79
2025-03-24 18:19:25.579000+00:00,50.44522335715969,,,,20.188,-1.625,-1.688,23.0,-74.0,-23.375,-55.688,0.024,0.016,-0.059,-0.12,-0.16,9.34,0.16,-0.46,-0.45,-0.28,0.29,9.79,1.27625,0.0,0.0,0.0,0.0,7.0,1017.02,67.29,-16.79
2025-03-24 18:19:26.549000+00:00,50.44522335715969,,,,20.188,-1.625,-1.688,23.0,-74.0,-23.375,-55.688,0.024,0.016,-0.059,-0.12,-0.16,9.34,0.16,-0.46,-0.45,-0.28,0.29,9.79,1.27625,0.0,0.0,0.0,0.0,7.0,1017.02,67.29,-16.79
2025-03-24 18:19:27.825000+00:00,50.44522335715969,,,,20.188,-1.625,-1.688,23.0,-74.0,-23.375,-55.688,0.024,0.016,-0.059,-0.12,-0.16,9.34,0.16,-0.46,-0.45,-0.28,0.29,9.79,1.27625,0.0,0.0,0.0,0.0,7.0,1017.02,67.29,-16.79
2025-03-24 18:19:28.753000+00:00,50.44522335715969,,,,20.188,-1.625,-1.688,23.0,-74.0,-23.375,-55.688,0.024,0.016,-0.059,-0.12,-0.16,9.34,0.16,-0.46,-0.45,-0.28,0.29,9.79,1.27625,0.0,0.0,0.0,0.0,7.0,1017.02,67.29,-16.79
2025-03-24 18:19:29.775000+00:00,50.44522335715969,,,,20.188,-1.625,-1.688,23.0,-74.0,-23.375,-55.688,0.024,0.016,-0.059,-0.12,-0.16,9.34,0.16,-0.46,-0.45,-0.28,0.29,9.79,1.27625,0.0,0.0,0.0,0.0,7.0,1017.02,67.29,-16.79
2025-03-24 18:19:30.869000+00:00,50.44522335715969,,,,20.188,-1.625,-1.688,23.0,-74.0,-23.375,-55.688,0.024,0.016,-0.059,-0.12,-0.16,9.34,0.16,-0.46,-0.45,-0.28,0.29,9.79,1.27625,0.0,0.0,0.0,0.0,7.0,1017.02,67.29,-16.79
2025-03-24 18:19:31.876000+00:00,50.44522335715969,,,,20.188,-1.625,-1.688,23.0,-74.0,-23.375,-55.688,0.024,0.016,-0.059,-0.12,-0.16,9.34,0.16,-0.46,-0.45,-0.28,0.29,9.79,1.27625,0.0,0.0,0.0,0.0,7.0,1017.02,67.29,-16.79
2025-03-24 18:19:32.977000+00:00,50.44522335715969,,,,20.188,-1.625,-1.688,23.0,-74.0,-23.375,-55.688,0.024,0.016,-0.059,-0.12,-0.16,9.34,0.16,-0.46,-0.45,-0.28,0.29,9.79,1.27625,0.0,0.0,0.0,0.0,7.0,1017.02,67.29,-16.79
2025-03-24 18:19:34.010000+00:00,50.44522335715969,,,,20.188,-1.625,-1.688,23.0,-74.0,-23.375,-55.688,0.024,0.016,-0.059,-0.12,-0.16,9.34,0.16,-0.46,-0.45,-0.28,0.29,9.79,1.27625,0.0,0.0,0.0,0.0,7.0,1017.02,67.29,-16.79
2025-03-24 18:19:35.149000+00:00,50.44522335715969,,,,20.188,-1.625,-1.688,23.0,-74.0,-23.375,-55.688,0.024,0.016,-0.059,-0.12,-0.16,9.34,0.16,-0.46,-0.45,-0.28,0.29,9.79,1.27625,0.0,0.0,0.0,0.0,7.0,1017.02,67.29,-16.79
2025-03-24 18:19:36.190000+00:00,50.44522335715969,,,,20.188,-1.625,-1.688,23.0,-74.0,-23.375,-55.688,0.024,0.016,-0.059,-0.12,-0.16,9.34,0.16,-0.46,-0.45,-0.28,0.29,9.79,1.27625,0.0,0.0,0.0,0.0,7.0,1017.02,67.29,-16.79
2025-03-24 18:19:37.681000+00:00,50.44522335715969,,,,20.188,-1.625,-1.688,23.0,-74.0,-23.375,-55.688,0.024,0.016,-0.059,-0.12,-0.16,9.34,0.16,-0.46,-0.45,-0.28,0.29,9.79,1.27625,0.0,0.0,0.0,0.0,7.0,1017.02,67.29,-16.79
2025-03-24 18:18:39.432000+00:00,50.44522335715969,,,,20.188,-1.625,-1.688,23.0,-74.0,-23.375,-55.688,0.024,0.016,-0.059,-0.12,-0.16,9.34,0.16,-0.46,-0.45,-0.28,0.29,9.79,1.27625,0.0,0.0,0.0,0.0,7.0,1017.02,67.29,-16.79
2025-03-24 18:18:40.252000+00:00,50.44522335715969,,,,20.188,-1.625,-1.688,23.0,-74.0,-23.375,-55.688,0.024,0.016,-0.059,-0.12,-0.16,9.34,0.16,-0.46,-0.45,-0.28,0.29,9.79,1.27625,0.0,0.0,0.0,0.0,7.0,1017.02,67.26,-16.79
2025-03-24 18:18:41.412000+00:00,50.44522335715969,,,,20.188,-1.625,-1.688,23.0,-74.0,-23.375,-55.688,0.024,0.016,-0.059,-0.12,-0.16,9.34,0.16,-0.46,-0.45,-0.28,0.29,9.79,1.27625,0.0,0.0,0.0,0.0,7.0,1017.02,67.26,-16.79
2025-03-24 18:18:42.541000+00:00,50.44522335715969,,,,20.188,-1.625,-1.688,23.0,-74.0,-23.375,-55.688,0.024,0.016,-0.059,-0.12,-0.16,9.34,0.16,-0.46,-0.45,-0.28,0.29,9.79,1.27625,0.0,0.0,0.0,0.0,7.0,1017.02,67.26,-16.79
2025-03-24 18:18:43.692000+00:00,50.44522335715969,,,,20.188,-1.625,-1.688,23.0,-74.0,-23.375,-55.688,0.024,0.016,-0.059,-0.12,-0.16,9.34,0.16,-0.46,-0.45,-0.28,0.29,9.79,1.27625,0.0,0.0,0.0,0.0,7.0,1017.02,67.26,-16.79
2025-03-24 18:18:45.172000+00:00,50.44522335715969,,,,20.188,-1.625,-1.688,23.0,-74.0,-23.375,-55.688,0.024,0.016,-0.059,-0.12,-0.16,9.34,0.16,-0.46,-0.45,-0.28,0.29,9.79,1.27625,0.0,0.0,0.0,0.0,7.0,1017.02,67.26,-16.79
2025-03-24 18:18:46.162000+00:00,50.44522335715969,,,,20.188,-1.625,-1.688,23.0,-74.0,-23.375,-55.688,0.024,0.016,-0.059,-0.12,-0.16,9.34,0.16,-0.46,-0.45,-0.28,0.29,9.79,1.27625,0.0,0.0,0.0,0.0,7.0,1017.02,67.26,-16.79
2025-03-24 18:18:47.136000+00:00,50.44522335715969,,,,20.188,-1.625,-1.688,23.0,-74.0,-23.375,-55.688,0.024,0.016,-0.059,-0.12,-0.16,9.34,0.16,-0.46,-0.45,-0.28,0.29,9.79,1.27625,0.0,0.0,0.0,0.0,7.0,1017.02,67.26,-16.79
2025-03-24 18:18:48.181000+00:00,50.44522335715969,,,,20.188,-1.625,-1.688,23.0,-74.0,-23.375,-55.688,0.024,0.016,-0.059,-0.12,-0.16,9.34,0.16,-0.46,-0.45,-0.28,0.29,9.79,1.27625,0.0,0.0,0.0,0.0,7.0,1017.02,67.26,-16.79
2025-03-24 18:18:49.151000+00:00,50.44522335715969,,,,20.188,-1.625,-1.688,23.0,-74.0,-23.375,-55.688,0.024,0.016,-0.059,-0.12,-0.16,9.34,0.16,-0.46,-0.45,-0.28,0.29,9.79,1.27625,0.0,0.0,0.0,0.0,7.0,1017.02,67.26,-16.79
2025-03-24 18:18:50.173000+00:00,50.44522335715969,,,,20.188,-1.625,-1.688,23.0,-74.0,-23.375,-55.688,0.024,0.016,-0.059,-0.12,-0.16,9.34,0.16,-0.46,-0.45,-0.28,0.29,9.79,1.27625,0.0,0.0,0.0,0.0,7.0,1017.02,67.26,-16.79
2025-03-24 18:18:51.308000+00:00,50.44522335715969,,,,20.188,-1.625,-1.688,23.0,-74.0,-23.375,-55.688,0.024,0.016,-0.059,-0.12,-0.16,9.34,0.16,-0.46,-0.45,-0.28,0.29,9.79,1.27625,0.0,0.0,0.0,0.0,7.0,1017.02,67.26,-16.79
2025-03-24 18:18:52.511000+00:00,50.44522335715969,,,,20.188,-1.625,-1.688,23.0,-74.0,-23.375,-55.688,0.024,0.016,-0.059,-0.12,-0.16,9.34,0.16,-0.46,-0.45,-0.28,0.29,9.79,1.27625,0.0,0.0,0.0,0.0,7.0,1017.02,67.26,-16.79
2025-03-24 18:18:53.602000+00:00,50.44522335715969,,,,20.188,-1.625,-1.688,23.0,-74.0,-23.375,-55.688,0.024,0.016,-0.059,-0.12,-0.16,9.34,0.16,-0.46,-0.45,-0.28,0.29,9.79,1.27625,0.0,0.0,0.0,0.0,7.0,1017.02,67.26,-16.79
2025-03-24 18:18:54.751000+00:00,50.44522335715969,,,,20.188,-1.625,-1.688,23.0,-74.0,-23.375,-55.688,0.024,0.016,-0.059,-0.12,-0.16,9.34,0.16,-0.46,-0.45,-0.28,0.29,9.79,1.27625,0.0,0.0,0.0,0.0,7.0,1017.02,67.26,-16.79
2025-03-24 18:18:55.801000+00:00,50.44522335715969,,,,20.188,-1.625,-1.688,23.0,-74.0,-23.375,-55.688,0.024,0.016,-0.059,-0.12,-0.16,9.34,0.16,-0.46,-0.45,-0.28,0.29,9.79,1.27625,0.0,0.0,0.0,0.0,7.0,1017.02,67.26,-16.79
2025-03-24 18:18:57.221000+00:00,50.44522335715969,,,,20.188,-1.625,-1.688,23.0,-74.0,-23.375,-55.688,0.024,0.016,-0.059,-0.12,-0.16,9.34,0.16,-0.46,-0.45,-0.28,0.29,9.79,1.27625,0.0,0.0,0.0,0.0,7.0,1017.02,67.26,-16.79
2025-03-24 18:18:58.251000+00:00,50.44522335715969,,,,20.188,-1.625,-1.688,23.0,-74.0,-23.375,-55.688,0.024,0.016,-0.059,-0.12,-0.16,9.34,0.16,-0.46,-0.45,-0.28,0.29,9.79,1.27625,0.0,0.0,0.0,0.0,7.0,1017.02,67.26,-16.79
2025-03-24 18:18:59.261000+00:00,50.44522335715969,,,,20.188,-1.625,-1.688,23.0,-74.0,-23.375,-55.688,0.024,0.016,-0.059,-0.12,-0.16,9.34,0.16,-0.46,-0.45,-0.28,0.29,9.79,1.27625,0.0,0.0,0.0,0.0,7.0,1017.02,67.26,-16.79
2025-03-24 18:19:00.327000+00:00,50.44522335715969,,,,20.188,-1.625,-1.688,23.0,-74.0,-23.375,-55.688,0.024,0.016,-0.059,-0.12,-0.16,9.34,0.16,-0.46,-0.45,-0.28,0.29,9.79,1.27625,0.0,0.0,0.0,0.0,7.0,1017.02,67.26,-16.79
2025-03-24 18:19:01.541000+00:00,50.44522335715969,,,,20.188,-1.625,-1.688,23.0,-74.0,-23.375,-55.688,0.024,0.016,-0.059,-0.12,-0.16,9.34,0.16,-0.46,-0.45,-0.28,0.29,9.79,1.27625,0.0,0.0,0.0,0.0,7.0,1017.02,67.26,-16.79
2025-03-24 18:19:02.541000+00:00,50.44522335715969,,,,20.188,-1.625,-1.688,23.0,-74.0,-23.375,-55.688,0.024,0.016,-0.059,-0.12,-0.16,9.34,0.16,-0.46,-0.45,-0.28,0.29,9.79,1.27625,0.0,0.0,0.0,0.0,7.0,1017.02,67.26,-16.79
2025-03-24 18:19:03.527000+00:00,50.44522335715969,,,,20.188,-1.625,-1.688,23.0,-74.0,-23.375,-55.688,0.024,0.016,-0.059,-0.12,-0.16,9.34,0.16,-0.46,-0.45,-0.28,0.29,9.79,1.27625,0.0,0.0,0.0,0.0,7.0,1017.02,67.26,-16.79
2025-03-24 18:19:04.586000+00:00,50.44522335715969,,,,20.188,-1.625,-1.688,23.0,-74.0,-23.375,-55.688,0.024,0.016,-0.059,-0.12,-0.16,9.34,0.16,-0.46,-0.45,-0.28,0.29,9.79,1.27625,0.0,0.0,0.0,0.0,7.0,1017.02,67.26,-16.79
2025-03-24 18:19:05.711000+00:00,50.44522335715969,,,,20.188,-1.625,-1.688,23.0,-74.0,-23.375,-55.688,0.024,0.016,-0.059,-0.12,-0.16,9.34,0.16,-0.46,-0.45,-0.28,0.29,9.79,1.27625,0.0,0.0,0.0,0.0,7.0,1017.02,67.26,-16.79
2025-03-24 18:19:06.870000+00:00,50.44522335715969,,,,20.188,-1.625,-1.688,23.0,-74.0,-23.375,-55.688,0.024,0.016,-0.059,-0.12,-0.16,9.34,0.16,-0.46,-0.45,-0.28,0.29,9.79,1.27625,0.0,0.0,0.0,0.0,7.0,1017.02,67.26,-16.79
2025-03-24 18:19:07.910000+00:00,50.44522335715969,,,,20.188,-1.625,-1.688,23.0,-74.0,-23.375,-55.688,0.024,0.016,-0.059,-0.12,-0.16,9.34,0.16,-0.46,-0.45,-0.28,0.29,9.79,1.27625,0.0,0.0,0.0,0.0,7.0,1017.02,67.26,-16.79
2025-03-24 18:19:09.377000+00:00,50.44522335715969,,,,20.188,-1.625,-1.688,23.0,-74.0,-23.375,-55.688,0.024,0.016,-0.059,-0.12,-0.16,9.34,0.16,-0.46,-0.45,-0.28,0.29,9.79,1.27625,0.0,0.0,0.0,0.0,7.0,1017.02,67.26,-16.79
2025-03-24 18:19:10.547000+00:00,50.44522335715969,,,,20.188,-1.625,-1.688,23.0,-74.0,-23.375,-55.688,0.024,0.016,-0.059,-0.12,-0.16,9.34,0.16,-0.46,-0.45,-0.28,0.29,9.79,1.27625,0.0,0.0,0.0,0.0,7.0,1017.02,67.28,-16.79
2025-03-24 18:19:11.650000+00:00,50.44522335715969,,,,20.188,-1.625,-1.688,23.0,-74.0,-23.375,-55.688,0.024,0.016,-0.059,-0.12,-0.16,9.34,0.16,-0.46,-0.45,-0.28,0.29,9.79,1.27625,0.0,0.0,0.0,0.0,7.0,1017.02,67.28,-16.79
2025-03-24 18:19:12.790000+00:00,50.44522335715969,,,,20.188,-1.625,-1.688,23.0,-74.0,-23.375,-55.688,0.024,0.016,-0.059,-0.12,-0.16,9.34,0.16,-0.46,-0.45,-0.28,0.29,9.79,1.27625,0.0,0.0,0.0,0.0,7.0,1017.02,67.28,-16.79
2025-03-24 18:19:13.939000+00:00,50.44522335715969,,,,20.188,-1.625,-1.688,23.0,-74.0,-23.375,-55.688,0.024,0.016,-0.059,-0.12,-0.16,9.34,0.16,-0.46,-0.45,-0.28,0.29,9.79,1.27625,0.0,0.0,0.0,0.0,7.0,1017.02,67.28,-16.79
2025-03-24 18:19:15.426000+00:00,50.44522335715969,,,,20.188,-1.625,-1.688,23.0,-74.0,-23.375,-55.688,0.024,0.016,-0.059,-0.12,-0.16,9.34,0.16,-0.46,-0.45,-0.28,0.29,9.79,1.27625,0.0,0.0,0.0,0.0,7.0,1017.02,67.28,-16.79
2025-03-24 18:19:16.455000+00:00,50.44522335715969,,,,20.188,-1.625,-1.688,23.0,-74.0,-23.375,-55.688,0.024,0.016,-0.059,-0.12,-0.16,9.34,0.16,-0.46,-0.45,-0.28,0.29,9.79,1.27625,0.0,0.0,0.0,0.0,7.0,1017.02,67.28,-16.79
2025-03-24 18:19:17.469000+00:00,50.44522335715969,,,,20.188,-1.625,-1.688,23.0,-74.0,-23.375,-55.688,0.024,0.016,-0.059,-0.12,-0.16,9.34,0.16,-0.46,-0.45,-0.28,0.29,9.79,1.27625,0.0,0.0,0.0,0.0,7.0,1017.02,67.28,-16.79
2025-03-24 18:19:18.521000+00:00,50.44522335715969,,,,20.188,-1.625,-1.688,23.0,-74.0,-23.375,-55.688,0.024,0.016,-0.059,-0.12,-0.16,9.34,0.16,-0.46,-0.45,-0.28,0.29,9.79,1.27625,0.0,0.0,0.0,0.0,7.0,1017.02,67.28,-16.79
2025-03-24 18:19:19.599000+00:00,50.44522335715969,,,,20.188,-1.625,-1.688,23.0,-74.0,-23.375,-55.688,0.024,0.016,-0.059,-0.12,-0.16,9.34,0.16,-0.46,-0.45,-0.28,0.29,9.79,1.27625,0.0,0.0,0.0,0.0,7.0,1017.02,67.28,-16.79
2025-03-24 18:19:20.620000+00:00,50.44522335715969,,,,20.188,-1.625,-1.688,23.0,-74.0,-23.375,-55.688,0.024,0.016,-0.059,-0.12,-0.16,9.34,0.16,-0.46,-0.45,-0.28,0.29,9.79,1.27625,0.0,0.0,0.0,0.0,7.0,1017.02,67.28,-16.79
2025-03-24 18:19:21.763000+00:00,50.44522335715969,,,,20.188,-1.625,-1.688,23.0,-74.0,-23.375,-55.688,0.024,0.016,-0.059,-0.12,-0.16,9.34,0.16,-0.46,-0.45,-0.28,0.29,9.79,1.27625,0.0,0.0,0.0,0.0,7.0,1017.02,67.28,-16.79
2025-03-24 18:19:22.909000+00:00,50.44522335715969,,,,20.188,-1.625,-1.688,23.0,-74.0,-23.375,-55.688,0.024,0.016,-0.059,-0.12,-0.16,9.34,0.16,-0.46,-0.45,-0.28,0.29,9.79,1.27625,0.0,0.0,0.0,0.0,7.0,1017.02,67.28,-16.79
2025-03-24 18:19:24.059000+00:00,50.44522335715969,,,,20.188,-1.625,-1.688,23.0,-74.0,-23.375,-55.688,0.024,0.016,-0.059,-0.12,-0.16,9.34,0.16,-0.46,-0.45,-0.28,0.29,9.79,1.27625,0.0,0.0,0.0,0.0,7.0,1017.02,67.28,-16.79
2025-03-24 18:19:25.523000+00:00,50.44522335715969,,,,20.188,-1.625,-1.688,23.0,-74.0,-23.375,-55.688,0.024,0.016,-0.059,-0.12,-0.16,9.34,0.16,-0.46,-0.45,-0.28,0.29,9.79,1.27625,0.0,0.0,0.0,0.0,7.0,1017.02,67.28,-16.79
2025-03-24 18:19:26.500000+00:00,50.44522335715969,,,,20.188,-1.625,-1.688,23.0,-74.0,-23.375,-55.688,0.024,0.016,-0.059,-0.12,-0.16,9.34,0.16,-0.46,-0.45,-0.28,0.29,9.79,1.27625,0.0,0.0,0.0,0.0,7.0,1017.02,67.28,-16.79
2025-03-24 18:19:27.769000+00:00,50.44522335715969,,,,20.188,-1.625,-1.688,23.0,-74.0,-23.375,-55.688,0.024,0.016,-0.059,-0.12,-0.16,9.34,0.16,-0.46,-0.45,-0.28,0.29,9.79,1.27625,0.0,0.0,0.0,0.0,7.0,1017.02,67.28,-16.79
2025-03-24 18:19:28.695000+00:00,50.44522335715969,,,,20.188,-1.625,-1.688,23.0,-74.0,-23.375,-55.688,0.024,0.016,-0.059,-0.12,-0.16,9.34,0.16,-0.46,-0.45,-0.28,0.29,9.79,1.27625,0.0,0.0,0.0,0.0,7.0,1017.02,67.28,-16.79
2025-03-24 18:19:29.719000+00:00,50.44522335715969,,,,20.188,-1.625,-1.688,23.0,-74.0,-23.375,-55.688,0.024,0.016,-0.059,-0.12,-0.16,9.34,0.16,-0.46,-0.45,-0.28,0.29,9.79,1.27625,0.0,0.0,0.0,0.0,7.0,1017.02,67.28,-16.79
2025-03-24 18:19:30.820000+00:00,50.44522335715969,,,,20.188,-1.625,-1.688,23.0,-74.0,-23.375,-55.688,0.024,0.016,-0.059,-0.12,-0.16,9.34,0.16,-0.46,-0.45,-0.28,0.29,9.79,1.27625,0.0,0.0,0.0,0.0,7.0,1017.02,67.28,-16.79
2025-03-24 18:19:31.815000+00:00,50.44522335715969,,,,20.188,-1.625,-1.688,23.0,-74.0,-23.375,-55.688,0.024,0.016,-0.059,-0.12,-0.16,9.34,0.16,-0.46,-0.45,-0.28,0.29,9.79,1.27625,0.0,0.0,0.0,0.0,7.0,1017.02,67.28,-16.79
2025-03-24 18:19:32.916000+00:00,50.44522335715969,,,,20.188,-1.625,-1.688,23.0,-74.0,-23.375,-55.688,0.024,0.016,-0.059,-0.12,-0.16,9.34,0.16,-0.46,-0.45,-0.28,0.29,9.79,1.27625,0.0,0.0,0.0,0.0,7.0,1017.02,67.28,-16.79
2025-03-24 18:19:33.961000+00:00,50.44522335715969,,,,20.188,-1.625,-1.688,23.0,-74.0,-23.375,-55.688,0.024,0.016,-0.059,-0.12,-0.16,9.34,0.16,-0.46,-0.45,-0.28,0.29,9.79,1.27625,0.0,0.0,0.0,0.0,7.0,1017.02,67.28,-16.79
2025-03-24 18:19:35.099000+00:00,50.44522335715969,,,,20.188,-1.625,-1.688,23.0,-74.0,-23.375,-55.688,0.024,0.016,-0.059,-0.12,-0.16,9.34,0.16,-0.46,-0.45,-0.28,0.29,9.79,1.27625,0.0,0.0,0.0,0.0,7.0,1017.02,67.28,-16.79
2025-03-24 18:19:36.139000+00:00,50.44522335715969,,,,20.188,-1.625,-1.688,23.0,-74.0,-23.375,-55.688,0.024,0.016,-0.059,-0.12,-0.16,9.34,0.16,-0.46,-0.45,-0.28,0.29,9.79,1.27625,0.0,0.0,0.0,0.0,7.0,1017.02,67.28,-16.79
2025-03-24 18:19:37.629000+00:00,50.44522335715969,,,,20.188,-1.625,-1.688,23.0,-74.0,-23.375,-55.688,0.024,0.016,-0.059,-0.12,-0.16,9.34,0.16,-0.46,-0.45,-0.28,0.29,9.79,1.27625,0.0,0.0,0.0,0.0,7.0,1017.02,67.28,-16.79
2025-03-24 18:18:39.548000+00:00,50.44522335715969,,,,20.188,-1.625,-1.688,23.0,-74.0,-23.375,-55.688,0.024,0.016,-0.059,-0.12,-0.16,9.34,0.16,-0.46,-0.45,-0.28,0.29,9.79,1.27625,0.0,0.0,0.0,0.0,7.0,1017.02,67.28,-16.79
2025-03-24 18:18:40.356000+00:00,50.44522335715969,,,,20.188,-1.625,-1.688,23.0,-74.0,-23.375,-55.688,0.024,0.016,-0.059,-0.12,-0.16,9.34,0.16,-0.46,-0.45,-0.28,0.29,9.79,1.27625,0.0,0.0,0.0,0.0,7.0,1017.02,67.28,-16.9
2025-03-24 18:18:41.522000+00:00,50.44522335715969,,,,20.188,-1.625,-1.688,23.0,-74.0,-23.375,-55.688,0.024,0.016,-0.059,-0.12,-0.16,9.34,0.16,-0.46,-0.45,-0.28,0.29,9.79,1.27625,0.0,0.0,0.0,0.0,7.0,1017.02,67.28,-16.9
2025-03-24 18:18:42.651000+00:00,50.44522335715969,,,,20.188,-1.625,-1.688,23.0,-74.0,-23.375,-55.688,0.024,0.016,-0.059,-0.12,-0.16,9.34,0.16,-0.46,-0.45,-0.28,0.29,9.79,1.27625,0.0,0.0,0.0,0.0,7.0,1017.02,67.28,-16.9
2025-03-24 18:18:43.818000+00:00,50.44522335715969,,,,20.188,-1.625,-1.688,23.0,-74.0,-23.375,-55.688,0.024,0.016,-0.059,-0.12,-0.16,9.34,0.16,-0.46,-0.45,-0.28,0.29,9.79,1.27625,0.0,0.0,0.0,0.0,7.0,1017.02,67.28,-16.9
2025-03-24 18:18:45.287000+00:00,50.44522335715969,,,,20.188,-1.625,-1.688,23.0,-74.0,-23.375,-55.688,0.024,0.016,-0.059,-0.12,-0.16,9.34,0.16,-0.46,-0.45,-0.28,0.29,9.79,1.27625,0.0,0.0,0.0,0.0,7.0,1017.02,67.28,-16.9
2025-03-24 18:18:46.263000+00:00,50.44522335715969,,,,20.188,-1.625,-1.688,23.0,-74.0,-23.375,-55.688,0.024,0.016,-0.059,-0.12,-0.16,9.34,0.16,-0.46,-0.45,-0.28,0.29,9.79,1.27625,0.0,0.0,0.0,0.0,7.0,1017.02,67.28,-16.9
2025-03-24 18:18:47.242000+00:00,50.44522335715969,,,,20.188,-1.625,-1.688,23.0,-74.0,-23.375,-55.688,0.024,0.016,-0.059,-0.12,-0.16,9.34,0.16,-0.46,-0.45,-0.28,0.29,9.79,1.27625,0.0,0.0,0.0,0.0,7.0,1017.02,67.28,-16.9
2025-03-24 18:18:48.282000+00:00,50.44522335715969,,,,20.188,-1.625,-1.688,23.0,-74.0,-23.375,-55.688,0.024,0.016,-0.059,-0.12,-0.16,9.34,0.16,-0.46,-0.45,-0.28,0.29,9.79,1.27625,0.0,0.0,0.0,0.0,7.0,1017.02,67.28,-16.9
2025-03-24 18:18:49.251000+00:00,50.44522335715969,,,,20.188,-1.625,-1.688,23.0,-74.0,-23.375,-55.688,0.024,0.016,-0.059,-0.12,-0.16,9.34,0.16,-0.46,-0.45,-0.28,0.29,9.79,1.27625,0.0,0.0,0.0,0.0,7.0,1017.02,67.28,-16.9
2025-03-24 18:18:50.275000+00:00,50.44522335715969,,,,20.188,-1.625,-1.688,23.0,-74.0,-23.375,-55.688,0.024,0.016,-0.059,-0.12,-0.16,9.34,0.16,-0.46,-0.45,-0.28,0.29,9.79,1.27625,0.0,0.0,0.0,0.0,7.0,1017.02,67.28,-16.9
2025-03-24 18:18:51.418000+00:00,50.44522335715969,,,,20.188,-1.625,-1.688,23.0,-74.0,-23.375,-55.688,0.024,0.016,-0.059,-0.12,-0.16,9.34,0.16,-0.46,-0.45,-0.28,0.29,9.79,1.27625,0.0,0.0,0.0,0.0,7.0,1017.02,67.28,-16.9
2025-03-24 18:18:52.612000+00:00,50.44522335715969,,,,20.188,-1.625,-1.688,23.0,-74.0,-23.375,-55.688,0.024,0.016,-0.059,-0.12,-0.16,9.34,0.16,-0.46,-0.45,-0.28,0.29,9.79,1.27625,0.0,0.0,0.0,0.0,7.0,1017.02,67.28,-16.9
2025-03-24 18:18:53.711000+00:00,50.44522335715969,,,,20.188,-1.625,-1.688,23.0,-74.0,-23.375,-55.688,0.024,0.016,-0.059,-0.12,-0.16,9.34,0.16,-0.46,-0.45,-0.28,0.29,9.79,1.27625,0.0,0.0,0.0,0.0,7.0,1017.02,67.28,-16.9
2025-03-24 18:18:54.867000+00:00,50.44522335715969,,,,20.188,-1.625,-1.688,23.0,-74.0,-23.375,-55.688,0.024,0.016,-0.059,-0.12,-0.16,9.34,0.16,-0.46,-0.45,-0.28,0.29,9.79,1.27625,0.0,0.0,0.0,0.0,7.0,1017.02,67.28,-16.9
2025-03-24 18:18:55.904000+00:00,50.44522335715969,,,,20.188,-1.625,-1.688,23.0,-74.0,-23.375,-55.688,0.024,0.016,-0.059,-0.12,-0.16,9.34,0.16,-0.46,-0.45,-0.28,0.29,9.79,1.27625,0.0,0.0,0.0,0.0,7.0,1017.02,67.28,-16.9
2025-03-24 18:18:57.321000+00:00,50.44522335715969,,,,20.188,-1.625,-1.688,23.0,-74.0,-23.375,-55.688,0.024,0.016,-0.059,-0.12,-0.16,9.34,0.16,-0.46,-0.45,-0.28,0.29,9.79,1.27625,0.0,0.0,0.0,0.0,7.0,1017.02,67.28,-16.9
2025-03-24 18:18:58.361000+00:00,50.44522335715969,,,,20.188,-1.625,-1.688,23.0,-74.0,-23.375,-55.688,0.024,0.016,-0.059,-0.12,-0.16,9.34,0.16,-0.46,-0.45,-0.28,0.29,9.79,1.27625,0.0,0.0,0.0,0.0,7.0,1017.02,67.28,-16.9
2025-03-24 18:18:59.367000+00:00,50.44522335715969,,,,20.188,-1.625,-1.688,23.0,-74.0,-23.375,-55.688,0.024,0.016,-0.059,-0.12,-0.16,9.34,0.16,-0.46,-0.45,-0.28,0.29,9.79,1.27625,0.0,0.0,0.0,0.0,7.0,1017.02,67.28,-16.9
2025-03-24 18:19:00.437000+00:00,50.44522335715969,,,,20.188,-1.625,-1.688,23.0,-74.0,-23.375,-55.688,0.024,0.016,-0.059,-0.12,-0.16,9.34,0.16,-0.46,-0.45,-0.28,0.29,9.79,1.27625,0.0,0.0,0.0,0.0,7.0,1017.02,67.28,-16.9
2025-03-24 18:19:01.650000+00:00,50.44522335715969,,,,20.188,-1.625,-1.688,23.0,-74.0,-23.375,-55.688,0.024,0.016,-0.059,-0.12,-0.16,9.34,0.16,-0.46,-0.45,-0.28,0.29,9.79,1.27625,0.0,0.0,0.0,0.0,7.0,1017.02,67.28,-16.9
2025-03-24 18:19:02.647000+00:00,50.44522335715969,,,,20.188,-1.625,-1.688,23.0,-74.0,-23.375,-55.688,0.024,0.016,-0.059,-0.12,-0.16,9.34,0.16,-0.46,-0.45,-0.28,0.29,9.79,1.27625,0.0,0.0,0.0,0.0,7.0,1017.02,67.28,-16.9
2025-03-24 18:19:03.631000+00:00,50.44522335715969,,,,20.188,-1.625,-1.688,23.0,-74.0,-23.375,-55.688,0.024,0.016,-0.059,-0.12,-0.16,9.34,0.16,-0.46,-0.45,-0.28,0.29,9.79,1.27625,0.0,0.0,0.0,0.0,7.0,1017.02,67.28,-16.9
2025-03-24 18:19:04.690000+00:00,50.44522335715969,,,,20.188,-1.625,-1.688,23.0,-74.0,-23.375,-55.688,0.024,0.016,-0.059,-0.12,-0.16,9.34,0.16,-0.46,-0.45,-0.28,0.29,9.79,1.27625,0.0,0.0,0.0,0.0,7.0,1017.02,67.28,-16.9
2025-03-24 18:19:05.820000+00:00,50.44522335715969,,,,20.188,-1.625,-1.688,23.0,-74.0,-23.375,-55.688,0.024,0.016,-0.059,-0.12,-0.16,9.34,0.16,-0.46,-0.45,-0.28,0.29,9.79,1.27625,0.0,0.0,0.0,0.0,7.0,1017.02,67.28,-16.9
2025-03-24 18:19:06.970000+00:00,50.44522335715969,,,,20.188,-1.625,-1.688,23.0,-74.0,-23.375,-55.688,0.024,0.016,-0.059,-0.12,-0.16,9.34,0.16,-0.46,-0.45,-0.28,0.29,9.79,1.27625,0.0,0.0,0.0,0.0,7.0,1017.02,67.28,-16.9
2025-03-24 18:19:08.021000+00:00,50.44522335715969,,,,20.188,-1.625,-1.688,23.0,-74.0,-23.375,-55.688,0.024,0.016,-0.059,-0.12,-0.16,9.34,0.16,-0.46,-0.45,-0.28,0.29,9.79,1.27625,0.0,0.0,0.0,0.0,7.0,1017.02,67.28,-16.9
2025-03-24 18:19:09.486000+00:00,50.44522335715969,,,,20.188,-1.625,-1.688,23.0,-74.0,-23.375,-55.688,0.024,0.016,-0.059,-0.12,-0.16,9.34,0.16,-0.46,-0.45,-0.28,0.29,9.79,1.27625,0.0,0.0,0.0,0.0,7.0,1017.02,67.28,-16.9
2025-03-24 18:19:10.664000+00:00,50.44522335715969,,,,20.188,-1.625,-1.688,23.0,-74.0,-23.375,-55.688,0.024,0.016,-0.059,-0.12,-0.16,9.34,0.16,-0.46,-0.45,-0.28,0.29,9.79,1.27625,0.0,0.0,0.0,0.0,7.0,1017.02,67.28,-16.83
2025-03-24 18:19:11.751000+00:00,50.44522335715969,,,,20.188,-1.625,-1.688,23.0,-74.0,-23.375,-55.688,0.024,0.016,-0.059,-0.12,-0.16,9.34,0.16,-0.46,-0.45,-0.28,0.29,9.79,1.27625,0.0,0.0,0.0,0.0,7.0,1017.02,67.28,-16.83
2025-03-24 18:19:12.890000+00:00,50.44522335715969,,,,20.188,-1.625,-1.688,23.0,-74.0,-23.375,-55.688,0.024,0.016,-0.059,-0.12,-0.16,9.34,0.16,-0.46,-0.45,-0.28,0.29,9.79,1.27625,0.0,0.0,0.0,0.0,7.0,1017.02,67.28,-16.83
2025-03-24 18:19:14.050000+00:00,50.44522335715969,,,,20.188,-1.625,-1.688,23.0,-74.0,-23.375,-55.688,0.024,0.016,-0.059,-0.12,-0.16,9.34,0.16,-0.46,-0.45,-0.28,0.29,9.79,1.27625,0.0,0.0,0.0,0.0,7.0,1017.02,67.28,-16.83
2025-03-24 18:19:15.546000+00:00,50.44522335715969,,,,20.188,-1.625,-1.688,23.0,-74.0,-23.375,-55.688,0.024,0.016,-0.059,-0.12,-0.16,9.34,0.16,-0.46,-0.45,-0.28,0.29,9.79,1.27625,0.0,0.0,0.0,0.0,7.0,1017.02,67.28,-16.83
2025-03-24 18:19:16.570000+00:00,50.44522335715969,,,,20.188,-1.625,-1.688,23.0,-74.0,-23.375,-55.688,0.024,0.016,-0.059,-0.12,-0.16,9.34,0.16,-0.46,-0.45,-0.28,0.29,9.79,1.27625,0.0,0.0,0.0,0.0,7.0,1017.02,67.28,-16.83
2025-03-24 18:19:17.569000+00:00,50.44522335715969,,,,20.188,-1.625,-1.688,23.0,-74.0,-23.375,-55.688,0.024,0.016,-0.059,-0.12,-0.16,9.34,0.16,-0.46,-0.45,-0.28,0.29,9.79,1.27625,0.0,0.0,0.0,0.0,7.0,1017.02,67.28,-16.83
2025-03-24 18:19:18.626000+00:00,50.44522335715969,,,,20.188,-1.625,-1.688,23.0,-74.0,-23.375,-55.688,0.024,0.016,-0.059,-0.12,-0.16,9.34,0.16,-0.46,-0.45,-0.28,0.29,9.79,1.27625,0.0,0.0,0.0,0.0,7.0,1017.02,67.28,-16.83
2025-03-24 18:19:19.699000+00:00,50.44522335715969,,,,20.188,-1.625,-1.688,23.0,-74.0,-23.375,-55.688,0.024,0.016,-0.059,-0.12,-0.16,9.34,0.16,-0.46,-0.45,-0.28,0.29,9.79,1.27625,0.0,0.0,0.0,0.0,7.0,1017.02,67.28,-16.83
2025-03-24 18:19:20.732000+00:00,50.44522335715969,,,,20.188,-1.625,-1.688,23.0,-74.0,-23.375,-55.688,0.024,0.016,-0.059,-0.12,-0.16,9.34,0.16,-0.46,-0.45,-0.28,0.29,9.79,1.27625,0.0,0.0,0.0,0.0,7.0,1017.02,67.28,-16.83
2025-03-24 18:19:21.876000+00:00,50.44522335715969,,,,20.188,-1.625,-1.688,23.0,-74.0,-23.375,-55.688,0.024,0.016,-0.059,-0.12,-0.16,9.34,0.16,-0.46,-0.45,-0.28,0.29,9.79,1.27625,0.0,0.0,0.0,0.0,7.0,1017.02,67.28,-16.83
2025-03-24 18:19:23.010000+00:00,50.44522335715969,,,,20.188,-1.625,-1.688,23.0,-74.0,-23.375,-55.688,0.024,0.016,-0.059,-0.12,-0.16,9.34,0.16,-0.46,-0.45,-0.28,0.29,9.79,1.27625,0.0,0.0,0.0,0.0,7.0,1017.02,67.28,-16.83
2025-03-24 18:19:24.164000+00:00,50.44522335715969,,,,20.188,-1.625,-1.688,23.0,-74.0,-23.375,-55.688,0.024,0.016,-0.059,-0.12,-0.16,9.34,0.16,-0.46,-0.45,-0.28,0.29,9.79,1.27625,0.0,0.0,0.0,0.0,7.0,1017.02,67.28,-16.83
2025-03-24 18:19:25.635000+00:00,50.44522335715969,,,,20.188,-1.625,-1.688,23.0,-74.0,-23.375,-55.688,0.024,0.016,-0.059,-0.12,-0.16,9.34,0.16,-0.46,-0.45,-0.28,0.29,9.79,1.27625,0.0,0.0,0.0,0.0,7.0,1017.02,67.28,-16.83
2025-03-24 18:19:26.605000+00:00,50.44522335715969,,,,20.188,-1.625,-1.688,23.0,-74.0,-23.375,-55.688,0.024,0.016,-0.059,-0.12,-0.16,9.34,0.16,-0.46,-0.45,-0.28,0.29,9.79,1.27625,0.0,0.0,0.0,0.0,7.0,1017.02,67.28,-16.83
2025-03-24 18:19:27.879000+00:00,50.44522335715969,,,,20.188,-1.625,-1.688,23.0,-74.0,-23.375,-55.688,0.024,0.016,-0.059,-0.12,-0.16,9.34,0.16,-0.46,-0.45,-0.28,0.29,9.79,1.27625,0.0,0.0,0.0,0.0,7.0,1017.02,67.28,-16.83
2025-03-24 18:19:28.803000+00:00,50.44522335715969,,,,20.188,-1.625,-1.688,23.0,-74.0,-23.375,-55.688,0.024,0.016,-0.059,-0.12,-0.16,9.34,0.16,-0.46,-0.45,-0.28,0.29,9.79,1.27625,0.0,0.0,0.0,0.0,7.0,1017.02,67.28,-16.83
2025-03-24 18:19:29.836000+00:00,50.44522335715969,,,,20.188,-1.625,-1.688,23.0,-74.0,-23.375,-55.688,0.024,0.016,-0.059,-0.12,-0.16,9.34,0.16,-0.46,-0.45,-0.28,0.29,9.79,1.27625,0.0,0.0,0.0,0.0,7.0,1017.02,67.28,-16.83
2025-03-24 18:19:30.918000+00:00,50.44522335715969,,,,20.188,-1.625,-1.688,23.0,-74.0,-23.375,-55.688,0.024,0.016,-0.059,-0.12,-0.16,9.34,0.16,-0.46,-0.45,-0.28,0.29,9.79,1.27625,0.0,0.0,0.0,0.0,7.0,1017.02,67.28,-16.83
2025-03-24 18:19:31.935000+00:00,50.44522335715969,,,,20.188,-1.625,-1.688,23.0,-74.0,-23.375,-55.688,0.024,0.016,-0.059,-0.12,-0.16,9.34,0.16,-0.46,-0.45,-0.28,0.29,9.79,1.27625,0.0,0.0,0.0,0.0,7.0,1017.02,67.28,-16.83
2025-03-24 18:19:33.036000+00:00,50.44522335715969,,,,20.188,-1.625,-1.688,23.0,-74.0,-23.375,-55.688,0.024,0.016,-0.059,-0.12,-0.16,9.34,0.16,-0.46,-0.45,-0.28,0.29,9.79,1.27625,0.0,0.0,0.0,0.0,7.0,1017.02,67.28,-16.83
2025-03-24 18:19:34.066000+00:00,50.44522335715969,,,,20.188,-1.625,-1.688,23.0,-74.0,-23.375,-55.688,0.024,0.016,-0.059,-0.12,-0.16,9.34,0.16,-0.46,-0.45,-0.28,0.29,9.79,1.27625,0.0,0.0,0.0,0.0,7.0,1017.02,67.28,-16.83
2025-03-24 18:19:35.206000+00:00,50.44522335715969,,,,20.188,-1.625,-1.688,23.0,-74.0,-23.375,-55.688,0.024,0.016,-0.059,-0.12,-0.16,9.34,0.16,-0.46,-0.45,-0.28,0.29,9.79,1.27625,0.0,0.0,0.0,0.0,7.0,1017.02,67.28,-16.83
2025-03-24 18:19:36.239000+00:00,50.44522335715969,,,,20.188,-1.625,-1.688,23.0,-74.0,-23.375,-55.688,0.024,0.016,-0.059,-0.12,-0.16,9.34,0.16,-0.46,-0.45,-0.28,0.29,9.79,1.27625,0.0,0.0,0.0,0.0,7.0,1017.02,67.28,-16.83
2025-03-24 18:19:37.729000+00:00,50.44522335715969,,,,20.188,-1.625,-1.688,23.0,-74.0,-23.375,-55.688,0.024,0.016,-0.059,-0.12,-0.16,9.34,0.16,-0.46,-0.45,-0.28,0.29,9.79,1.27625,0.0,0.0,0.0,0.0,7.0,1017.02,67.28,-16.83
