,rpm_value,rpm_blade_1,rpm_blade_2,rpm_blade_3,orientation_heading,orientation_roll,orientation_pitch,temperature_value,magnetometer_mx,magnetometer_my,magnetometer_mz,gyroscope_gx,gyroscope_gy,gyroscope_gz,accelerometer_ax,accelerometer_ay,accelerometer_az,linear_acceleration_lx,linear_acceleration_ly,linear_acceleration_lz,gravity_grx,gravity_gry,gravity_grz,voltage_value,current_value,power_value,servo_value,speed_value,direction_value,pressure_value,humidity_value,altitude_value
2025-03-24 18:27:12.666000+00:00,,,,,358.688,-1.0,-1.562,22.86,-82.25,-6.5,-18.5,0.003,-0.004,0.076,-0.13,0.58,9.4,0.03,0.31,-0.39,-0.17,0.27,9.8,0.03,0.0,0.0,0.0,0.4,7.0,1016.95,67.44,-16.12
2025-03-24 18:27:13.736000+00:00,,,,,358.625,-0.938,-1.5,22.86,-82.25,-6.5,-18.5,0.003,-0.004,0.076,-0.13,0.58,9.4,0.03,0.31,-0.39,-0.17,0.27,9.8,0.03,0.0,0.0,0.0,0.4,7.0,1016.95,67.44,-16.12
2025-03-24 18:27:14.896000+00:00,,,,,358.688,-1.062,-1.625,22.86,-82.25,-6.5,-18.5,0.003,-0.004,0.076,-0.13,0.58,9.4,0.03,0.31,-0.39,-0.17,0.27,9.8,0.03,0.0,0.0,0.0,0.4,7.0,1016.95,67.44,-16.12
2025-03-24 18:27:15.689000+00:00,,,,,358.625,-1.0,-1.562,22.86,-82.25,-6.5,-18.5,0.003,-0.004,0.076,-0.13,0.58,9.4,0.03,0.31,-0.39,-0.17,0.27,9.8,0.03,0.0,0.0,0.0,0.4,7.0,1016.95,67.44,-16.12
2025-03-24 18:27:16.699000+00:00,,,,,358.688,-1.0,-1.625,22.86,-82.25,-6.5,-18.5,0.003,-0.004,0.076,-0.13,0.58,9.4,0.03,0.31,-0.39,-0.17,0.27,9.8,0.03,0.0,0.0,0.0,0.4,7.0,1016.95,67.44,-16.12
2025-03-24 18:27:17.712000+00:00,,,,,358.688,-0.938,-1.5,22.86,-82.25,-6.5,-18.5,0.003,-0.004,0.076,-0.13,0.58,9.4,0.03,0.31,-0.39,-0.17,0.27,9.8,0.03,0.0,0.0,0.0,0.4,7.0,1016.95,67.44,-16.12
2025-03-24 18:27:18.876000+00:00,,,,,358.625,-0.812,-1.438,22.86,-82.25,-6.5,-18.5,0.003,-0.004,0.076,-0.13,0.58,9.4,0.03,0.31,-0.39,-0.17,0.27,9.8,0.03,0.0,0.0,0.0,0.4,7.0,1016.95,67.44,-16.12
2025-03-24 18:27:19.898000+00:00,,,,,358.625,-0.812,-1.5,22.86,-82.25,-6.5,-18.5,0.003,-0.004,0.076,-0.13,0.58,9.4,0.03,0.31,-0.39,-0.17,0.27,9.8,0.03,0.0,0.0,0.0,0.4,7.0,1016.95,67.44,-16.12
2025-03-24 18:27:20.876000+00:00,,,,,358.562,-0.812,-1.375,22.86,-82.25,-6.5,-18.5,0.003,-0.004,0.076,-0.13,0.58,9.4,0.03,0.31,-0.39,-0.17,0.27,9.8,0.03,0.0,0.0,0.0,0.4,7.0,1016.95,67.44,-16.12
2025-03-24 18:27:21.892000+00:00,,,,,358.5,-1.0,-1.5,22.86,-82.25,-6.5,-18.5,0.003,-0.004,0.076,-0.13,0.58,9.4,0.03,0.31,-0.39,-0.17,0.27,9.8,0.03,0.0,0.0,0.0,0.4,7.0,1016.95,67.44,-16.12
2025-03-24 18:27:23.030000+00:00,,,,,358.5,-1.0,-1.562,22.86,-82.25,-6.5,-18.5,0.003,-0.004,0.076,-0.13,0.58,9.4,0.03,0.31,-0.39,-0.17,0.27,9.8,0.03,0.0,0.0,0.0,0.4,7.0,1016.95,67.44,-16.12
2025-03-24 18:27:24.042000+00:00,,,,,358.5,-1.062,-1.562,22.86,-82.25,-6.5,-18.5,0.003,-0.004,0.076,-0.13,0.58,9.4,0.03,0.31,-0.39,-0.17,0.27,9.8,0.03,0.0,0.0,0.0,0.4,7.0,1016.95,67.44,-16.12
2025-03-24 18:27:24.909000+00:00,,,,,358.438,-1.0,-1.438,22.86,-82.25,-6.5,-18.5,0.003,-0.004,0.076,-0.13,0.58,9.4,0.03,0.31,-0.39,-0.17,0.27,9.8,0.03,0.0,0.0,0.0,0.4,7.0,1016.95,67.44,-16.12
2025-03-24 18:27:26.072000+00:00,,,,,358.438,-1.062,-1.5,22.86,-82.25,-6.5,-18.5,0.003,-0.004,0.076,-0.13,0.58,9.4,0.03,0.31,-0.39,-0.17,0.27,9.8,0.03,0.0,0.0,0.0,0.4,7.0,1016.95,67.44,-16.12
2025-03-24 18:27:27.171000+00:00,,,,,358.375,-1.062,-1.438,22.86,-82.25,-6.5,-18.5,0.003,-0.004,0.076,-0.13,0.58,9.4,0.03,0.31,-0.39,-0.17,0.27,9.8,0.03,0.0,0.0,0.0,0.4,7.0,1016.95,67.44,-16.12
2025-03-24 18:27:28.226000+00:00,,,,,358.312,-1.062,-1.5,22.86,-82.25,-6.5,-18.5,0.003,-0.004,0.076,-0.13,0.58,9.4,0.03,0.31,-0.39,-0.17,0.27,9.8,0.03,0.0,0.0,0.0,0.4,7.0,1016.95,67.44,-16.12
2025-03-24 18:27:28.915000+00:00,,,,,358.375,-1.125,-1.625,22.86,-82.25,-6.5,-18.5,0.003,-0.004,0.076,-0.13,0.58,9.4,0.03,0.31,-0.39,-0.17,0.27,9.8,0.03,0.0,0.0,0.0,0.4,7.0,1016.95,67.44,-16.12
2025-03-24 18:27:29.922000+00:00,,,,,358.312,-1.062,-1.625,22.86,-82.25,-6.5,-18.5,0.003,-0.004,0.076,-0.13,0.58,9.4,0.03,0.31,-0.39,-0.17,0.27,9.8,0.03,0.0,0.0,0.0,0.4,7.0,1016.95,67.44,-16.12
2025-03-24 18:27:30.924000+00:00,,,,,358.312,-1.125,-1.625,22.86,-82.25,-6.5,-18.5,0.003,-0.004,0.076,-0.13,0.58,9.4,0.03,0.31,-0.39,-0.17,0.27,9.8,0.03,0.0,0.0,0.0,0.4,7.0,1016.95,67.44,-16.12
2025-03-24 18:27:31.924000+00:00,,,,,358.312,-1.125,-1.688,22.86,-82.25,-6.5,-18.5,0.003,-0.004,0.076,-0.13,0.58,9.4,0.03,0.31,-0.39,-0.17,0.27,9.8,0.03,0.0,0.0,0.0,0.4,7.0,1016.95,67.44,-16.12
2025-03-24 18:27:32.935000+00:00,,,,,358.312,-1.062,-1.625,22.86,-82.25,-6.5,-18.5,0.003,-0.004,0.076,-0.13,0.58,9.4,0.03,0.31,-0.39,-0.17,0.27,9.8,0.03,0.0,0.0,0.0,0.4,7.0,1016.95,67.44,-16.12
2025-03-24 18:27:33.934000+00:00,,,,,358.312,-0.938,-1.562,22.86,-82.25,-6.5,-18.5,0.003,-0.004,0.076,-0.13,0.58,9.4,0.03,0.31,-0.39,-0.17,0.27,9.8,0.03,0.0,0.0,0.0,0.4,7.0,1016.95,67.44,-16.12
2025-03-24 18:27:34.991000+00:00,,,,,358.125,-0.938,-1.5,22.86,-82.25,-6.5,-18.5,0.003,-0.004,0.076,-0.13,0.58,9.4,0.03,0.31,-0.39,-0.17,0.27,9.8,0.03,0.0,0.0,0.0,0.4,7.0,1016.95,67.44,-16.12
2025-03-24 18:27:36.151000+00:00,,,,,358.188,-0.875,-1.5,22.86,-82.25,-6.5,-18.5,0.003,-0.004,0.076,-0.13,0.58,9.4,0.03,0.31,-0.39,-0.17,0.27,9.8,0.03,0.0,0.0,0.0,0.4,7.0,1016.95,67.44,-16.12
2025-03-24 18:27:37.180000+00:00,,,,,358.125,-0.938,-1.562,22.86,-82.25,-6.5,-18.5,0.003,-0.004,0.076,-0.13,0.58,9.4,0.03,0.31,-0.39,-0.17,0.27,9.8,0.03,0.0,0.0,0.0,0.4,7.0,1016.95,67.44,-16.12
2025-03-24 18:27:38.301000+00:00,,,,,358.125,-1.0,-1.5,22.86,-82.25,-6.5,-18.5,0.003,-0.004,0.076,-0.13,0.58,9.4,0.03,0.31,-0.39,-0.17,0.27,9.8,0.03,0.0,0.0,0.0,0.4,7.0,1016.95,67.44,-16.12
2025-03-24 18:27:38.958000+00:00,,,,,358.062,-1.0,-1.562,22.86,-82.25,-6.5,-18.5,0.003,-0.004,0.076,-0.13,0.58,9.4,0.03,0.31,-0.39,-0.17,0.27,9.8,0.03,0.0,0.0,0.0,0.4,7.0,1016.95,67.44,-16.12
2025-03-24 18:27:40.061000+00:00,,,,,358.188,-1.062,-1.625,22.86,-82.25,-6.5,-18.5,0.003,-0.004,0.076,-0.13,0.58,9.4,0.03,0.31,-0.39,-0.17,0.27,9.8,0.03,0.0,0.0,0.0,0.4,7.0,1016.95,67.44,-16.12
2025-03-24 18:27:41.100000+00:00,,,,,358.188,-1.125,-1.688,22.86,-82.25,-6.5,-18.5,0.003,-0.004,0.076,-0.13,0.58,9.4,0.03,0.31,-0.39,-0.17,0.27,9.8,0.03,0.0,0.0,0.0,0.4,7.0,1016.95,67.44,-16.12
2025-03-24 18:27:42.250000+00:00,,,,,358.125,-1.0,-1.562,22.86,-82.25,-6.5,-18.5,0.003,-0.004,0.076,-0.13,0.58,9.4,0.03,0.31,-0.39,-0.17,0.27,9.8,0.03,0.0,0.0,0.0,0.4,7.0,1016.95,67.44,-16.12
2025-03-24 18:27:43.294000+00:00,,,,,358.125,-0.938,-1.5,22.86,-82.25,-6.5,-18.5,0.003,-0.004,0.076,-0.13,0.58,9.4,0.03,0.31,-0.39,-0.17,0.27,9.8,0.03,0.0,0.0,0.0,0.4,7.0,1016.95,67.44,-16.12
2025-03-24 18:27:43.974000+00:00,,,,,358.062,-0.875,-1.438,22.86,-82.25,-6.5,-18.5,0.003,-0.004,0.076,-0.13,0.58,9.4,0.03,0.31,-0.39,-0.17,0.27,9.8,0.03,0.0,0.0,0.0,0.4,7.0,1016.95,67.44,-16.12
2025-03-24 18:27:44.982000+00:00,,,,,358.0,-1.0,-1.5,22.86,-82.25,-6.5,-18.5,0.003,-0.004,0.076,-0.13,0.58,9.4,0.03,0.31,-0.39,-0.17,0.27,9.8,0.03,0.0,0.0,0.0,0.4,7.0,1016.95,67.44,-16.12
2025-03-24 18:27:45.993000+00:00,,,,,358.0,-0.875,-1.5,22.86,-82.25,-6.5,-18.5,0.003,-0.004,0.076,-0.13,0.58,9.4,0.03,0.31,-0.39,-0.17,0.27,9.8,0.03,0.0,0.0,0.0,0.4,7.0,1016.95,67.44,-16.12
2025-03-24 18:27:47.002000+00:00,,,,,357.938,-1.0,-1.5,22.86,-82.25,-6.5,-18.5,0.003,-0.004,0.076,-0.13,0.58,9.4,0.03,0.31,-0.39,-0.17,0.27,9.8,0.03,0.0,0.0,0.0,0.4,7.0,1016.95,67.44,-16.12
2025-03-24 18:27:48.009000+00:00,,,,,358.0,-0.938,-1.438,22.86,-82.25,-6.5,-18.5,0.003,-0.004,0.076,-0.13,0.58,9.4,0.03,0.31,-0.39,-0.17,0.27,9.8,0.03,0.0,0.0,0.0,0.4,7.0,1016.95,67.44,-16.12
2025-03-24 18:27:49.042000+00:00,,,,,357.938,-0.938,-1.438,22.86,-82.25,-6.5,-18.5,0.003,-0.004,0.076,-0.13,0.58,9.4,0.03,0.31,-0.39,-0.17,0.27,9.8,0.03,0.0,0.0,0.0,0.4,7.0,1016.95,67.44,-16.12
2025-03-24 18:27:50.200000+00:00,,,,,357.875,-0.875,-1.375,22.86,-82.25,-6.5,-18.5,0.003,-0.004,0.076,-0.13,0.58,9.4,0.03,0.31,-0.39,-0.17,0.27,9.8,0.03,0.0,0.0,0.0,0.4,7.0,1016.95,67.44,-16.12
2025-03-24 18:27:51.339000+00:00,,,,,357.875,-1.0,-1.5,22.86,-82.25,-6.5,-18.5,0.003,-0.004,0.076,-0.13,0.58,9.4,0.03,0.31,-0.39,-0.17,0.27,9.8,0.03,0.0,0.0,0.0,0.4,7.0,1016.95,67.44,-16.12
2025-03-24 18:27:52.317000+00:00,,,,,357.812,-1.0,-1.438,22.86,-82.25,-6.5,-18.5,0.003,-0.004,0.076,-0.13,0.58,9.4,0.03,0.31,-0.39,-0.17,0.27,9.8,0.03,0.0,0.0,0.0,0.4,7.0,1016.95,67.44,-16.12
2025-03-24 18:27:53.339000+00:00,,,,,357.75,-1.0,-1.438,22.86,-82.25,-6.5,-18.5,0.003,-0.004,0.076,-0.13,0.58,9.4,0.03,0.31,-0.39,-0.17,0.27,9.8,0.03,0.0,0.0,0.0,0.4,7.0,1016.95,67.44,-16.12
2025-03-24 18:27:54.069000+00:00,,,,,357.75,-1.0,-1.438,22.86,-82.25,-6.5,-18.5,0.003,-0.004,0.076,-0.13,0.58,9.4,0.03,0.31,-0.39,-0.17,0.27,9.8,0.03,0.0,0.0,0.0,0.4,7.0,1016.95,67.44,-16.12
2025-03-24 18:27:55.079000+00:00,,,,,357.812,-1.062,-1.5,22.86,-82.25,-6.5,-18.5,0.003,-0.004,0.076,-0.13,0.58,9.4,0.03,0.31,-0.39,-0.17,0.27,9.8,0.03,0.0,0.0,0.0,0.4,7.0,1016.95,67.44,-16.12
2025-03-24 18:27:56.089000+00:00,,,,,357.688,-1.062,-1.625,22.86,-82.25,-6.5,-18.5,0.003,-0.004,0.076,-0.13,0.58,9.4,0.03,0.31,-0.39,-0.17,0.27,9.8,0.03,0.0,0.0,0.0,0.4,7.0,1016.95,67.44,-16.12
2025-03-24 18:27:57.099000+00:00,,,,,357.688,-1.062,-1.562,22.86,-82.25,-6.5,-18.5,0.003,-0.004,0.076,-0.13,0.58,9.4,0.03,0.31,-0.39,-0.17,0.27,9.8,0.03,0.0,0.0,0.0,0.4,7.0,1016.95,67.44,-16.12
2025-03-24 18:27:58.109000+00:00,,,,,357.625,-1.062,-1.562,22.86,-82.25,-6.5,-18.5,0.003,-0.004,0.076,-0.13,0.58,9.4,0.03,0.31,-0.39,-0.17,0.27,9.8,0.03,0.0,0.0,0.0,0.4,7.0,1016.95,67.44,-16.12
2025-03-24 18:27:59.119000+00:00,,,,,357.625,-1.125,-1.562,22.86,-82.25,-6.5,-18.5,0.003,-0.004,0.076,-0.13,0.58,9.4,0.03,0.31,-0.39,-0.17,0.27,9.8,0.03,0.0,0.0,0.0,0.4,7.0,1016.95,67.44,-16.12
2025-03-24 18:28:00.130000+00:00,,,,,357.562,-1.062,-1.625,22.86,-82.25,-6.5,-18.5,0.003,-0.004,0.076,-0.13,0.58,9.4,0.03,0.31,-0.39,-0.17,0.27,9.8,0.03,0.0,0.0,0.0,0.4,7.0,1016.95,67.44,-16.12
2025-03-24 18:28:01.141000+00:00,,,,,357.562,-1.0,-1.5,22.86,-82.25,-6.5,-18.5,0.003,-0.004,0.076,-0.13,0.58,9.4,0.03,0.31,-0.39,-0.17,0.27,9.8,0.03,0.0,0.0,0.0,0.4,7.0,1016.95,67.44,-16.12
2025-03-24 18:28:02.150000+00:00,,,,,357.438,-0.938,-1.5,22.86,-82.25,-6.5,-18.5,0.003,-0.004,0.076,-0.13,0.58,9.4,0.03,0.31,-0.39,-0.17,0.27,9.8,0.03,0.0,0.0,0.0,0.4,7.0,1016.95,67.44,-16.12
2025-03-24 18:28:03.160000+00:00,,,,,357.5,-0.938,-1.438,22.86,-82.25,-6.5,-18.5,0.003,-0.004,0.076,-0.13,0.58,9.4,0.03,0.31,-0.39,-0.17,0.27,9.8,0.03,0.0,0.0,0.0,0.4,7.0,1016.95,67.44,-16.12
2025-03-24 18:28:04.169000+00:00,,,,,357.438,-0.938,-1.438,22.86,-82.25,-6.5,-18.5,0.003,-0.004,0.076,-0.13,0.58,9.4,0.03,0.31,-0.39,-0.17,0.27,9.8,0.03,0.0,0.0,0.0,0.4,7.0,1016.95,67.44,-16.12
2025-03-24 18:28:05.177000+00:00,,,,,357.438,-1.0,-1.5,22.86,-82.25,-6.5,-18.5,0.003,-0.004,0.076,-0.13,0.58,9.4,0.03,0.31,-0.39,-0.17,0.27,9.8,0.03,0.0,0.0,0.0,0.4,7.0,1016.95,67.44,-16.12
2025-03-24 18:28:06.187000+00:00,,,,,357.5,-0.938,-1.438,22.86,-82.25,-6.5,-18.5,0.003,-0.004,0.076,-0.13,0.58,9.4,0.03,0.31,-0.39,-0.17,0.27,9.8,0.03,0.0,0.0,0.0,0.4,7.0,1016.95,67.44,-16.12
2025-03-24 18:28:07.272000+00:00,,,,,357.438,-0.875,-1.438,22.86,-82.25,-6.5,-18.5,0.003,-0.004,0.076,-0.13,0.58,9.4,0.03,0.31,-0.39,-0.17,0.27,9.8,0.03,0.0,0.0,0.0,0.4,7.0,1016.95,67.44,-16.12
2025-03-24 18:28:08.372000+00:00,,,,,357.438,-0.938,-1.5,22.86,-82.25,-6.5,-18.5,0.003,-0.004,0.076,-0.13,0.58,9.4,0.03,0.31,-0.39,-0.17,0.27,9.8,0.03,0.0,0.0,0.0,0.4,7.0,1016.95,67.44,-16.12
2025-03-24 18:28:09.216000+00:00,,,,,357.375,-0.938,-1.562,22.86,-82.25,-6.5,-18.5,0.003,-0.004,0.076,-0.13,0.58,9.4,0.03,0.31,-0.39,-0.17,0.27,9.8,0.03,0.0,0.0,0.0,0.4,7.0,1016.95,67.44,-16.12
2025-03-24 18:28:10.226000+00:00,,,,,357.312,-0.875,-1.625,22.86,-82.25,-6.5,-18.5,0.003,-0.004,0.076,-0.13,0.58,9.4,0.03,0.31,-0.39,-0.17,0.27,9.8,0.03,0.0,0.0,0.0,0.4,7.0,1016.95,67.44,-16.12
2025-03-24 18:28:11.237000+00:00,,,,,357.312,-0.875,-1.562,22.86,-82.25,-6.5,-18.5,0.003,-0.004,0.076,-0.13,0.58,9.4,0.03,0.31,-0.39,-0.17,0.27,9.8,0.03,0.0,0.0,0.0,0.4,7.0,1016.95,67.44,-16.12
2025-03-24 18:27:12.410000+00:00,,,,,357.312,-0.875,-1.562,22.86,-82.25,-6.5,-18.5,0.003,-0.004,0.076,-0.13,0.58,9.4,0.03,0.31,-0.39,-0.17,0.27,9.8,0.03,0.0,0.0,0.0,0.4,7.0,1016.95,67.44,-16.12
2025-03-24 18:27:12.728000+00:00,,,,,357.312,-0.875,-1.562,23.0,-82.25,-6.5,-18.5,0.003,-0.004,0.076,-0.13,0.58,9.4,0.03,0.31,-0.39,-0.17,0.27,9.8,0.03,0.0,0.0,0.0,0.4,7.0,1016.95,67.44,-16.12
2025-03-24 18:27:13.536000+00:00,,,,,357.312,-0.875,-1.562,22.86,-82.25,-6.5,-18.5,0.003,-0.004,0.076,-0.13,0.58,9.4,0.03,0.31,-0.39,-0.17,0.27,9.8,0.03,0.0,0.0,0.0,0.4,7.0,1016.95,67.44,-16.12
2025-03-24 18:27:13.794000+00:00,,,,,357.312,-0.875,-1.562,23.0,-82.25,-6.5,-18.5,0.003,-0.004,0.076,-0.13,0.58,9.4,0.03,0.31,-0.39,-0.17,0.27,9.8,0.03,0.0,0.0,0.0,0.4,7.0,1016.95,67.44,-16.12
2025-03-24 18:27:14.686000+00:00,,,,,357.312,-0.875,-1.562,22.86,-82.25,-6.5,-18.5,0.003,-0.004,0.076,-0.13,0.58,9.4,0.03,0.31,-0.39,-0.17,0.27,9.8,0.03,0.0,0.0,0.0,0.4,7.0,1016.95,67.44,-16.12
2025-03-24 18:27:14.956000+00:00,,,,,357.312,-0.875,-1.562,23.0,-82.25,-6.5,-18.5,0.003,-0.004,0.076,-0.13,0.58,9.4,0.03,0.31,-0.39,-0.17,0.27,9.8,0.03,0.0,0.0,0.0,0.4,7.0,1016.95,67.44,-16.12
2025-03-24 18:27:15.736000+00:00,,,,,357.312,-0.875,-1.562,23.0,-82.25,-6.5,-18.5,0.003,-0.004,0.076,-0.13,0.58,9.4,0.03,0.31,-0.39,-0.17,0.27,9.8,0.03,0.0,0.0,0.0,0.4,7.0,1016.95,67.44,-16.12
2025-03-24 18:27:16.296000+00:00,,,,,357.312,-0.875,-1.562,22.86,-82.25,-6.5,-18.5,0.003,-0.004,0.076,-0.13,0.58,9.4,0.03,0.31,-0.39,-0.17,0.27,9.8,0.03,0.0,0.0,0.0,0.4,7.0,1016.95,67.44,-16.12
2025-03-24 18:27:16.758000+00:00,,,,,357.312,-0.875,-1.562,23.0,-82.25,-6.5,-18.5,0.003,-0.004,0.076,-0.13,0.58,9.4,0.03,0.31,-0.39,-0.17,0.27,9.8,0.03,0.0,0.0,0.0,0.4,7.0,1016.95,67.44,-16.12
2025-03-24 18:27:17.326000+00:00,,,,,357.312,-0.875,-1.562,22.86,-82.25,-6.5,-18.5,0.003,-0.004,0.076,-0.13,0.58,9.4,0.03,0.31,-0.39,-0.17,0.27,9.8,0.03,0.0,0.0,0.0,0.4,7.0,1016.95,67.44,-16.12
2025-03-24 18:27:17.767000+00:00,,,,,357.312,-0.875,-1.562,23.0,-82.25,-6.5,-18.5,0.003,-0.004,0.076,-0.13,0.58,9.4,0.03,0.31,-0.39,-0.17,0.27,9.8,0.03,0.0,0.0,0.0,0.4,7.0,1016.95,67.44,-16.12
2025-03-24 18:27:18.326000+00:00,,,,,357.312,-0.875,-1.562,22.86,-82.25,-6.5,-18.5,0.003,-0.004,0.076,-0.13,0.58,9.4,0.03,0.31,-0.39,-0.17,0.27,9.8,0.03,0.0,0.0,0.0,0.4,7.0,1016.95,67.44,-16.12
2025-03-24 18:27:18.928000+00:00,,,,,357.312,-0.875,-1.562,23.0,-82.25,-6.5,-18.5,0.003,-0.004,0.076,-0.13,0.58,9.4,0.03,0.31,-0.39,-0.17,0.27,9.8,0.03,0.0,0.0,0.0,0.4,7.0,1016.95,67.44,-16.12
2025-03-24 18:27:19.325000+00:00,,,,,357.312,-0.875,-1.562,22.86,-82.25,-6.5,-18.5,0.003,-0.004,0.076,-0.13,0.58,9.4,0.03,0.31,-0.39,-0.17,0.27,9.8,0.03,0.0,0.0,0.0,0.4,7.0,1016.95,67.44,-16.12
2025-03-24 18:27:19.953000+00:00,,,,,357.312,-0.875,-1.562,23.0,-82.25,-6.5,-18.5,0.003,-0.004,0.076,-0.13,0.58,9.4,0.03,0.31,-0.39,-0.17,0.27,9.8,0.03,0.0,0.0,0.0,0.4,7.0,1016.95,67.44,-16.12
2025-03-24 18:27:20.396000+00:00,,,,,357.312,-0.875,-1.562,22.86,-82.25,-6.5,-18.5,0.003,-0.004,0.076,-0.13,0.58,9.4,0.03,0.31,-0.39,-0.17,0.27,9.8,0.03,0.0,0.0,0.0,0.4,7.0,1016.95,67.44,-16.12
2025-03-24 18:27:20.926000+00:00,,,,,357.312,-0.875,-1.562,23.0,-82.25,-6.5,-18.5,0.003,-0.004,0.076,-0.13,0.58,9.4,0.03,0.31,-0.39,-0.17,0.27,9.8,0.03,0.0,0.0,0.0,0.4,7.0,1016.95,67.44,-16.12
2025-03-24 18:27:21.466000+00:00,,,,,357.312,-0.875,-1.562,22.86,-82.25,-6.5,-18.5,0.003,-0.004,0.076,-0.13,0.58,9.4,0.03,0.31,-0.39,-0.17,0.27,9.8,0.03,0.0,0.0,0.0,0.4,7.0,1016.95,67.44,-16.12
2025-03-24 18:27:21.951000+00:00,,,,,357.312,-0.875,-1.562,23.0,-82.25,-6.5,-18.5,0.003,-0.004,0.076,-0.13,0.58,9.4,0.03,0.31,-0.39,-0.17,0.27,9.8,0.03,0.0,0.0,0.0,0.4,7.0,1016.95,67.44,-16.12
2025-03-24 18:27:22.605000+00:00,,,,,357.312,-0.875,-1.562,22.86,-82.25,-6.5,-18.5,0.003,-0.004,0.076,-0.13,0.58,9.4,0.03,0.31,-0.39,-0.17,0.27,9.8,0.03,0.0,0.0,0.0,0.4,7.0,1016.95,67.44,-16.12
2025-03-24 18:27:23.082000+00:00,,,,,357.312,-0.875,-1.562,23.0,-82.25,-6.5,-18.5,0.003,-0.004,0.076,-0.13,0.58,9.4,0.03,0.31,-0.39,-0.17,0.27,9.8,0.03,0.0,0.0,0.0,0.4,7.0,1016.95,67.44,-16.12
2025-03-24 18:27:23.656000+00:00,,,,,357.312,-0.875,-1.562,22.86,-82.25,-6.5,-18.5,0.003,-0.004,0.076,-0.13,0.58,9.4,0.03,0.31,-0.39,-0.17,0.27,9.8,0.03,0.0,0.0,0.0,0.4,7.0,1016.95,67.44,-16.12
2025-03-24 18:27:24.096000+00:00,,,,,357.312,-0.875,-1.562,23.0,-82.25,-6.5,-18.5,0.003,-0.004,0.076,-0.13,0.58,9.4,0.03,0.31,-0.39,-0.17,0.27,9.8,0.03,0.0,0.0,0.0,0.4,7.0,1016.95,67.44,-16.12
2025-03-24 18:27:24.521000+00:00,,,,,357.312,-0.875,-1.562,22.86,-82.25,-6.5,-18.5,0.003,-0.004,0.076,-0.13,0.58,9.4,0.03,0.31,-0.39,-0.17,0.27,9.8,0.03,0.0,0.0,0.0,0.4,7.0,1016.95,67.44,-16.12
2025-03-24 18:27:24.956000+00:00,,,,,357.312,-0.875,-1.562,23.0,-82.25,-6.5,-18.5,0.003,-0.004,0.076,-0.13,0.58,9.4,0.03,0.31,-0.39,-0.17,0.27,9.8,0.03,0.0,0.0,0.0,0.4,7.0,1016.95,67.44,-16.12
2025-03-24 18:27:25.662000+00:00,,,,,357.312,-0.875,-1.562,22.86,-82.25,-6.5,-18.5,0.003,-0.004,0.076,-0.13,0.58,9.4,0.03,0.31,-0.39,-0.17,0.27,9.8,0.03,0.0,0.0,0.0,0.4,7.0,1016.95,67.44,-16.12
2025-03-24 18:27:26.133000+00:00,,,,,357.312,-0.875,-1.562,23.0,-82.25,-6.5,-18.5,0.003,-0.004,0.076,-0.13,0.58,9.4,0.03,0.31,-0.39,-0.17,0.27,9.8,0.03,0.0,0.0,0.0,0.4,7.0,1016.95,67.44,-16.12
2025-03-24 18:27:26.795000+00:00,,,,,357.312,-0.875,-1.562,22.86,-82.25,-6.5,-18.5,0.003,-0.004,0.076,-0.13,0.58,9.4,0.03,0.31,-0.39,-0.17,0.27,9.8,0.03,0.0,0.0,0.0,0.4,7.0,1016.95,67.44,-16.12
2025-03-24 18:27:27.235000+00:00,,,,,357.312,-0.875,-1.562,23.0,-82.25,-6.5,-18.5,0.003,-0.004,0.076,-0.13,0.58,9.4,0.03,0.31,-0.39,-0.17,0.27,9.8,0.03,0.0,0.0,0.0,0.4,7.0,1016.95,67.44,-16.12
2025-03-24 18:27:28.002000+00:00,,,,,357.312,-0.875,-1.562,22.86,-82.25,-6.5,-18.5,0.003,-0.004,0.076,-0.13,0.58,9.4,0.03,0.31,-0.39,-0.17,0.27,9.8,0.03,0.0,0.0,0.0,0.4,7.0,1016.95,67.44,-16.12
2025-03-24 18:27:28.276000+00:00,,,,,357.312,-0.875,-1.562,23.0,-82.25,-6.5,-18.5,0.003,-0.004,0.076,-0.13,0.58,9.4,0.03,0.31,-0.39,-0.17,0.27,9.8,0.03,0.0,0.0,0.0,0.4,7.0,1016.95,67.44,-16.12
2025-03-24 18:27:28.972000+00:00,,,,,357.312,-0.875,-1.562,23.0,-82.25,-6.5,-18.5,0.003,-0.004,0.076,-0.13,0.58,9.4,0.03,0.31,-0.39,-0.17,0.27,9.8,0.03,0.0,0.0,0.0,0.4,7.0,1016.95,67.44,-16.12
2025-03-24 18:27:29.404000+00:00,,,,,357.312,-0.875,-1.562,22.86,-82.25,-6.5,-18.5,0.003,-0.004,0.076,-0.13,0.58,9.4,0.03,0.31,-0.39,-0.17,0.27,9.8,0.03,0.0,0.0,0.0,0.4,7.0,1016.95,67.44,-16.12
2025-03-24 18:27:29.975000+00:00,,,,,357.312,-0.875,-1.562,23.0,-82.25,-6.5,-18.5,0.003,-0.004,0.076,-0.13,0.58,9.4,0.03,0.31,-0.39,-0.17,0.27,9.8,0.03,0.0,0.0,0.0,0.4,7.0,1016.95,67.44,-16.12
2025-03-24 18:27:30.407000+00:00,,,,,357.312,-0.875,-1.562,22.86,-82.25,-6.5,-18.5,0.003,-0.004,0.076,-0.13,0.58,9.4,0.03,0.31,-0.39,-0.17,0.27,9.8,0.03,0.0,0.0,0.0,0.4,7.0,1016.95,67.44,-16.12
2025-03-24 18:27:30.982000+00:00,,,,,357.312,-0.875,-1.562,23.0,-82.25,-6.5,-18.5,0.003,-0.004,0.076,-0.13,0.58,9.4,0.03,0.31,-0.39,-0.17,0.27,9.8,0.03,0.0,0.0,0.0,0.4,7.0,1016.95,67.44,-16.12
2025-03-24 18:27:31.415000+00:00,,,,,357.312,-0.875,-1.562,22.86,-82.25,-6.5,-18.5,0.003,-0.004,0.076,-0.13,0.58,9.4,0.03,0.31,-0.39,-0.17,0.27,9.8,0.03,0.0,0.0,0.0,0.4,7.0,1016.95,67.44,-16.12
2025-03-24 18:27:31.975000+00:00,,,,,357.312,-0.875,-1.562,23.0,-82.25,-6.5,-18.5,0.003,-0.004,0.076,-0.13,0.58,9.4,0.03,0.31,-0.39,-0.17,0.27,9.8,0.03,0.0,0.0,0.0,0.4,7.0,1016.95,67.44,-16.12
2025-03-24 18:27:32.406000+00:00,,,,,357.312,-0.875,-1.562,22.86,-82.25,-6.5,-18.5,0.003,-0.004,0.076,-0.13,0.58,9.4,0.03,0.31,-0.39,-0.17,0.27,9.8,0.03,0.0,0.0,0.0,0.4,7.0,1016.95,67.44,-16.12
2025-03-24 18:27:32.992000+00:00,,,,,357.312,-0.875,-1.562,23.0,-82.25,-6.5,-18.5,0.003,-0.004,0.076,-0.13,0.58,9.4,0.03,0.31,-0.39,-0.17,0.27,9.8,0.03,0.0,0.0,0.0,0.4,7.0,1016.95,67.44,-16.12
2025-03-24 18:27:33.454000+00:00,,,,,357.312,-0.875,-1.562,22.86,-82.25,-6.5,-18.5,0.003,-0.004,0.076,-0.13,0.58,9.4,0.03,0.31,-0.39,-0.17,0.27,9.8,0.03,0.0,0.0,0.0,0.4,7.0,1016.95,67.44,-16.12
2025-03-24 18:27:33.995000+00:00,,,,,357.312,-0.875,-1.562,23.0,-82.25,-6.5,-18.5,0.003,-0.004,0.076,-0.13,0.58,9.4,0.03,0.31,-0.39,-0.17,0.27,9.8,0.03,0.0,0.0,0.0,0.4,7.0,1016.95,67.44,-16.12
2025-03-24 18:27:34.624000+00:00,,,,,357.312,-0.875,-1.562,22.86,-82.25,-6.5,-18.5,0.003,-0.004,0.076,-0.13,0.58,9.4,0.03,0.31,-0.39,-0.17,0.27,9.8,0.03,0.0,0.0,0.0,0.4,7.0,1016.95,67.44,-16.12
2025-03-24 18:27:35.051000+00:00,,,,,357.312,-0.875,-1.562,23.0,-82.25,-6.5,-18.5,0.003,-0.004,0.076,-0.13,0.58,9.4,0.03,0.31,-0.39,-0.17,0.27,9.8,0.03,0.0,0.0,0.0,0.4,7.0,1016.95,67.44,-16.12
2025-03-24 18:27:35.775000+00:00,,,,,357.312,-0.875,-1.562,22.86,-82.25,-6.5,-18.5,0.003,-0.004,0.076,-0.13,0.58,9.4,0.03,0.31,-0.39,-0.17,0.27,9.8,0.03,0.0,0.0,0.0,0.4,7.0,1016.95,67.44,-16.12
2025-03-24 18:27:36.207000+00:00,,,,,357.312,-0.875,-1.562,23.0,-82.25,-6.5,-18.5,0.003,-0.004,0.076,-0.13,0.58,9.4,0.03,0.31,-0.39,-0.17,0.27,9.8,0.03,0.0,0.0,0.0,0.4,7.0,1016.95,67.44,-16.12
2025-03-24 18:27:36.794000+00:00,,,,,357.312,-0.875,-1.562,22.86,-82.25,-6.5,-18.5,0.003,-0.004,0.076,-0.13,0.58,9.4,0.03,0.31,-0.39,-0.17,0.27,9.8,0.03,0.0,0.0,0.0,0.4,7.0,1016.95,67.44,-16.12
2025-03-24 18:27:37.242000+00:00,,,,,357.312,-0.875,-1.562,23.0,-82.25,-6.5,-18.5,0.003,-0.004,0.076,-0.13,0.58,9.4,0.03,0.31,-0.39,-0.17,0.27,9.8,0.03,0.0,0.0,0.0,0.4,7.0,1016.95,67.44,-16.12
2025-03-24 18:27:38.087000+00:00,,,,,357.312,-0.875,-1.562,22.86,-82.25,-6.5,-18.5,0.003,-0.004,0.076,-0.13,0.58,9.4,0.03,0.31,-0.39,-0.17,0.27,9.8,0.03,0.0,0.0,0.0,0.4,7.0,1016.95,67.44,-16.12
2025-03-24 18:27:38.356000+00:00,,,,,357.312,-0.875,-1.562,23.0,-82.25,-6.5,-18.5,0.003,-0.004,0.076,-0.13,0.58,9.4,0.03,0.31,-0.39,-0.17,0.27,9.8,0.03,0.0,0.0,0.0,0.4,7.0,1016.95,67.44,-16.12
2025-03-24 18:27:39.004000+00:00,,,,,357.312,-0.875,-1.562,23.0,-82.25,-6.5,-18.5,0.003,-0.004,0.076,-0.13,0.58,9.4,0.03,0.31,-0.39,-0.17,0.27,9.8,0.03,0.0,0.0,0.0,0.4,7.0,1016.95,67.44,-16.12
2025-03-24 18:27:39.694000+00:00,,,,,357.312,-0.875,-1.562,22.86,-82.25,-6.5,-18.5,0.003,-0.004,0.076,-0.13,0.58,9.4,0.03,0.31,-0.39,-0.17,0.27,9.8,0.03,0.0,0.0,0.0,0.4,7.0,1016.95,67.44,-16.12
2025-03-24 18:27:40.121000+00:00,,,,,357.312,-0.875,-1.562,23.0,-82.25,-6.5,-18.5,0.003,-0.004,0.076,-0.13,0.58,9.4,0.03,0.31,-0.39,-0.17,0.27,9.8,0.03,0.0,0.0,0.0,0.4,7.0,1016.95,67.44,-16.12
2025-03-24 18:27:40.734000+00:00,,,,,357.312,-0.875,-1.562,22.86,-82.25,-6.5,-18.5,0.003,-0.004,0.076,-0.13,0.58,9.4,0.03,0.31,-0.39,-0.17,0.27,9.8,0.03,0.0,0.0,0.0,0.4,7.0,1016.95,67.44,-16.12
2025-03-24 18:27:41.161000+00:00,,,,,357.312,-0.875,-1.562,23.0,-82.25,-6.5,-18.5,0.003,-0.004,0.076,-0.13,0.58,9.4,0.03,0.31,-0.39,-0.17,0.27,9.8,0.03,0.0,0.0,0.0,0.4,7.0,1016.95,67.44,-16.12
2025-03-24 18:27:41.883000+00:00,,,,,357.312,-0.875,-1.562,22.86,-82.25,-6.5,-18.5,0.003,-0.004,0.076,-0.13,0.58,9.4,0.03,0.31,-0.39,-0.17,0.27,9.8,0.03,0.0,0.0,0.0,0.4,7.0,1016.95,67.44,-16.12
2025-03-24 18:27:42.311000+00:00,,,,,357.312,-0.875,-1.562,23.0,-82.25,-6.5,-18.5,0.003,-0.004,0.076,-0.13,0.58,9.4,0.03,0.31,-0.39,-0.17,0.27,9.8,0.03,0.0,0.0,0.0,0.4,7.0,1016.95,67.44,-16.12
2025-03-24 18:27:43.084000+00:00,,,,,357.312,-0.875,-1.562,22.86,-82.25,-6.5,-18.5,0.003,-0.004,0.076,-0.13,0.58,9.4,0.03,0.31,-0.39,-0.17,0.27,9.8,0.03,0.0,0.0,0.0,0.4,7.0,1016.95,67.44,-16.12
2025-03-24 18:27:43.344000+00:00,,,,,357.312,-0.875,-1.562,23.0,-82.25,-6.5,-18.5,0.003,-0.004,0.076,-0.13,0.58,9.4,0.03,0.31,-0.39,-0.17,0.27,9.8,0.03,0.0,0.0,0.0,0.4,7.0,1016.95,67.44,-16.12
2025-03-24 18:27:44.023000+00:00,,,,,357.312,-0.875,-1.562,23.0,-82.25,-6.5,-18.5,0.003,-0.004,0.076,-0.13,0.58,9.4,0.03,0.31,-0.39,-0.17,0.27,9.8,0.03,0.0,0.0,0.0,0.4,7.0,1016.95,67.44,-16.12
2025-03-24 18:27:44.474000+00:00,,,,,357.312,-0.875,-1.562,22.86,-82.25,-6.5,-18.5,0.003,-0.004,0.076,-0.13,0.58,9.4,0.03,0.31,-0.39,-0.17,0.27,9.8,0.03,0.0,0.0,0.0,0.4,7.0,1016.95,67.44,-16.12
2025-03-24 18:27:45.036000+00:00,,,,,357.312,-0.875,-1.562,23.0,-82.25,-6.5,-18.5,0.003,-0.004,0.076,-0.13,0.58,9.4,0.03,0.31,-0.39,-0.17,0.27,9.8,0.03,0.0,0.0,0.0,0.4,7.0,1016.95,67.44,-16.12
2025-03-24 18:27:45.470000+00:00,,,,,357.312,-0.875,-1.562,22.86,-82.25,-6.5,-18.5,0.003,-0.004,0.076,-0.13,0.58,9.4,0.03,0.31,-0.39,-0.17,0.27,9.8,0.03,0.0,0.0,0.0,0.4,7.0,1016.95,67.44,-16.12
2025-03-24 18:27:46.051000+00:00,,,,,357.312,-0.875,-1.562,23.0,-82.25,-6.5,-18.5,0.003,-0.004,0.076,-0.13,0.58,9.4,0.03,0.31,-0.39,-0.17,0.27,9.8,0.03,0.0,0.0,0.0,0.4,7.0,1016.95,67.44,-16.12
2025-03-24 18:27:46.486000+00:00,,,,,357.312,-0.875,-1.562,22.86,-82.25,-6.5,-18.5,0.003,-0.004,0.076,-0.13,0.58,9.4,0.03,0.31,-0.39,-0.17,0.27,9.8,0.03,0.0,0.0,0.0,0.4,7.0,1016.95,67.44,-16.12
2025-03-24 18:27:47.061000+00:00,,,,,357.312,-0.875,-1.562,23.0,-82.25,-6.5,-18.5,0.003,-0.004,0.076,-0.13,0.58,9.4,0.03,0.31,-0.39,-0.17,0.27,9.8,0.03,0.0,0.0,0.0,0.4,7.0,1016.95,67.44,-16.12
2025-03-24 18:27:47.503000+00:00,,,,,357.312,-0.875,-1.562,22.86,-82.25,-6.5,-18.5,0.003,-0.004,0.076,-0.13,0.58,9.4,0.03,0.31,-0.39,-0.17,0.27,9.8,0.03,0.0,0.0,0.0,0.4,7.0,1016.95,67.44,-16.12
2025-03-24 18:27:48.073000+00:00,,,,,357.312,-0.875,-1.562,23.0,-82.25,-6.5,-18.5,0.003,-0.004,0.076,-0.13,0.58,9.4,0.03,0.31,-0.39,-0.17,0.27,9.8,0.03,0.0,0.0,0.0,0.4,7.0,1016.95,67.44,-16.12
2025-03-24 18:27:48.653000+00:00,,,,,357.312,-0.875,-1.562,22.86,-82.25,-6.5,-18.5,0.003,-0.004,0.076,-0.13,0.58,9.4,0.03,0.31,-0.39,-0.17,0.27,9.8,0.03,0.0,0.0,0.0,0.4,7.0,1016.95,67.44,-16.12
2025-03-24 18:27:49.093000+00:00,,,,,357.312,-0.875,-1.562,23.0,-82.25,-6.5,-18.5,0.003,-0.004,0.076,-0.13,0.58,9.4,0.03,0.31,-0.39,-0.17,0.27,9.8,0.03,0.0,0.0,0.0,0.4,7.0,1016.95,67.44,-16.12
2025-03-24 18:27:49.800000+00:00,,,,,357.312,-0.875,-1.562,22.86,-82.25,-6.5,-18.5,0.003,-0.004,0.076,-0.13,0.58,9.4,0.03,0.31,-0.39,-0.17,0.27,9.8,0.03,0.0,0.0,0.0,0.4,7.0,1016.95,67.44,-16.12
2025-03-24 18:27:50.260000+00:00,,,,,357.312,-0.875,-1.562,23.0,-82.25,-6.5,-18.5,0.003,-0.004,0.076,-0.13,0.58,9.4,0.03,0.31,-0.39,-0.17,0.27,9.8,0.03,0.0,0.0,0.0,0.4,7.0,1016.95,67.44,-16.12
2025-03-24 18:27:50.949000+00:00,,,,,357.312,-0.875,-1.562,22.86,-82.25,-6.5,-18.5,0.003,-0.004,0.076,-0.13,0.58,9.4,0.03,0.31,-0.39,-0.17,0.27,9.8,0.03,0.0,0.0,0.0,0.4,7.0,1016.95,67.44,-16.12
2025-03-24 18:27:51.396000+00:00,,,,,357.312,-0.875,-1.562,23.0,-82.25,-6.5,-18.5,0.003,-0.004,0.076,-0.13,0.58,9.4,0.03,0.31,-0.39,-0.17,0.27,9.8,0.03,0.0,0.0,0.0,0.4,7.0,1016.95,67.44,-16.12
2025-03-24 18:27:52.093000+00:00,,,,,357.312,-0.875,-1.562,22.86,-82.25,-6.5,-18.5,0.003,-0.004,0.076,-0.13,0.58,9.4,0.03,0.31,-0.39,-0.17,0.27,9.8,0.03,0.0,0.0,0.0,0.4,7.0,1016.95,67.44,-16.12
2025-03-24 18:27:52.366000+00:00,,,,,357.312,-0.875,-1.562,23.0,-82.25,-6.5,-18.5,0.003,-0.004,0.076,-0.13,0.58,9.4,0.03,0.31,-0.39,-0.17,0.27,9.8,0.03,0.0,0.0,0.0,0.4,7.0,1016.95,67.44,-16.12
2025-03-24 18:27:53.112000+00:00,,,,,357.312,-0.875,-1.562,22.86,-82.25,-6.5,-18.5,0.003,-0.004,0.076,-0.13,0.58,9.4,0.03,0.31,-0.39,-0.17,0.27,9.8,0.03,0.0,0.0,0.0,0.4,7.0,1016.95,67.44,-16.12
2025-03-24 18:27:53.393000+00:00,,,,,357.312,-0.875,-1.562,23.0,-82.25,-6.5,-18.5,0.003,-0.004,0.076,-0.13,0.58,9.4,0.03,0.31,-0.39,-0.17,0.27,9.8,0.03,0.0,0.0,0.0,0.4,7.0,1016.95,67.44,-16.12
2025-03-24 18:27:54.123000+00:00,,,,,357.312,-0.875,-1.562,23.0,-82.25,-6.5,-18.5,0.003,-0.004,0.076,-0.13,0.58,9.4,0.03,0.31,-0.39,-0.17,0.27,9.8,0.03,0.0,0.0,0.0,0.4,7.0,1016.95,67.44,-16.12
2025-03-24 18:27:54.553000+00:00,,,,,357.312,-0.875,-1.562,22.86,-82.25,-6.5,-18.5,0.003,-0.004,0.076,-0.13,0.58,9.4,0.03,0.31,-0.39,-0.17,0.27,9.8,0.03,0.0,0.0,0.0,0.4,7.0,1016.95,67.44,-16.12
2025-03-24 18:27:55.133000+00:00,,,,,357.312,-0.875,-1.562,23.0,-82.25,-6.5,-18.5,0.003,-0.004,0.076,-0.13,0.58,9.4,0.03,0.31,-0.39,-0.17,0.27,9.8,0.03,0.0,0.0,0.0,0.4,7.0,1016.95,67.44,-16.12
2025-03-24 18:27:55.564000+00:00,,,,,357.312,-0.875,-1.562,22.86,-82.25,-6.5,-18.5,0.003,-0.004,0.076,-0.13,0.58,9.4,0.03,0.31,-0.39,-0.17,0.27,9.8,0.03,0.0,0.0,0.0,0.4,7.0,1016.95,67.44,-16.12
2025-03-24 18:27:56.148000+00:00,,,,,357.312,-0.875,-1.562,23.0,-82.25,-6.5,-18.5,0.003,-0.004,0.076,-0.13,0.58,9.4,0.03,0.31,-0.39,-0.17,0.27,9.8,0.03,0.0,0.0,0.0,0.4,7.0,1016.95,67.44,-16.12
2025-03-24 18:27:56.569000+00:00,,,,,357.312,-0.875,-1.562,22.86,-82.25,-6.5,-18.5,0.003,-0.004,0.076,-0.13,0.58,9.4,0.03,0.31,-0.39,-0.17,0.27,9.8,0.03,0.0,0.0,0.0,0.4,7.0,1016.95,67.44,-16.12
2025-03-24 18:27:57.153000+00:00,,,,,357.312,-0.875,-1.562,23.0,-82.25,-6.5,-18.5,0.003,-0.004,0.076,-0.13,0.58,9.4,0.03,0.31,-0.39,-0.17,0.27,9.8,0.03,0.0,0.0,0.0,0.4,7.0,1016.95,67.44,-16.12
2025-03-24 18:27:57.562000+00:00,,,,,357.312,-0.875,-1.562,22.86,-82.25,-6.5,-18.5,0.003,-0.004,0.076,-0.13,0.58,9.4,0.03,0.31,-0.39,-0.17,0.27,9.8,0.03,0.0,0.0,0.0,0.4,7.0,1016.95,67.44,-16.12
2025-03-24 18:27:58.159000+00:00,,,,,357.312,-0.875,-1.562,23.0,-82.25,-6.5,-18.5,0.003,-0.004,0.076,-0.13,0.58,9.4,0.03,0.31,-0.39,-0.17,0.27,9.8,0.03,0.0,0.0,0.0,0.4,7.0,1016.95,67.44,-16.12
2025-03-24 18:27:58.575000+00:00,,,,,357.312,-0.875,-1.562,22.86,-82.25,-6.5,-18.5,0.003,-0.004,0.076,-0.13,0.58,9.4,0.03,0.31,-0.39,-0.17,0.27,9.8,0.03,0.0,0.0,0.0,0.4,7.0,1016.95,67.44,-16.12
2025-03-24 18:27:59.172000+00:00,,,,,357.312,-0.875,-1.562,23.0,-82.25,-6.5,-18.5,0.003,-0.004,0.076,-0.13,0.58,9.4,0.03,0.31,-0.39,-0.17,0.27,9.8,0.03,0.0,0.0,0.0,0.4,7.0,1016.95,67.44,-16.12
2025-03-24 18:27:59.583000+00:00,,,,,357.312,-0.875,-1.562,22.86,-82.25,-6.5,-18.5,0.003,-0.004,0.076,-0.13,0.58,9.4,0.03,0.31,-0.39,-0.17,0.27,9.8,0.03,0.0,0.0,0.0,0.4,7.0,1016.95,67.44,-16.12
2025-03-24 18:28:00.184000+00:00,,,,,357.312,-0.875,-1.562,23.0,-82.25,-6.5,-18.5,0.003,-0.004,0.076,-0.13,0.58,9.4,0.03,0.31,-0.39,-0.17,0.27,9.8,0.03,0.0,0.0,0.0,0.4,7.0,1016.95,67.44,-16.12
2025-03-24 18:28:00.592000+00:00,,,,,357.312,-0.875,-1.562,22.86,-82.25,-6.5,-18.5,0.003,-0.004,0.076,-0.13,0.58,9.4,0.03,0.31,-0.39,-0.17,0.27,9.8,0.03,0.0,0.0,0.0,0.4,7.0,1016.95,67.44,-16.12
2025-03-24 18:28:01.197000+00:00,,,,,357.312,-0.875,-1.562,23.0,-82.25,-6.5,-18.5,0.003,-0.004,0.076,-0.13,0.58,9.4,0.03,0.31,-0.39,-0.17,0.27,9.8,0.03,0.0,0.0,0.0,0.4,7.0,1016.95,67.44,-16.12
2025-03-24 18:28:01.638000+00:00,,,,,357.312,-0.875,-1.562,22.86,-82.25,-6.5,-18.5,0.003,-0.004,0.076,-0.13,0.58,9.4,0.03,0.31,-0.39,-0.17,0.27,9.8,0.03,0.0,0.0,0.0,0.4,7.0,1016.95,67.44,-16.12
2025-03-24 18:28:02.202000+00:00,,,,,357.312,-0.875,-1.562,23.0,-82.25,-6.5,-18.5,0.003,-0.004,0.076,-0.13,0.58,9.4,0.03,0.31,-0.39,-0.17,0.27,9.8,0.03,0.0,0.0,0.0,0.4,7.0,1016.95,67.44,-16.12
2025-03-24 18:28:02.639000+00:00,,,,,357.312,-0.875,-1.562,22.86,-82.25,-6.5,-18.5,0.003,-0.004,0.076,-0.13,0.58,9.4,0.03,0.31,-0.39,-0.17,0.27,9.8,0.03,0.0,0.0,0.0,0.4,7.0,1016.95,67.44,-16.12
2025-03-24 18:28:03.212000+00:00,,,,,357.312,-0.875,-1.562,23.0,-82.25,-6.5,-18.5,0.003,-0.004,0.076,-0.13,0.58,9.4,0.03,0.31,-0.39,-0.17,0.27,9.8,0.03,0.0,0.0,0.0,0.4,7.0,1016.95,67.44,-16.12
2025-03-24 18:28:03.623000+00:00,,,,,357.312,-0.875,-1.562,22.86,-82.25,-6.5,-18.5,0.003,-0.004,0.076,-0.13,0.58,9.4,0.03,0.31,-0.39,-0.17,0.27,9.8,0.03,0.0,0.0,0.0,0.4,7.0,1016.95,67.44,-16.12
2025-03-24 18:28:04.222000+00:00,,,,,357.312,-0.875,-1.562,23.0,-82.25,-6.5,-18.5,0.003,-0.004,0.076,-0.13,0.58,9.4,0.03,0.31,-0.39,-0.17,0.27,9.8,0.03,0.0,0.0,0.0,0.4,7.0,1016.95,67.44,-16.12
2025-03-24 18:28:04.738000+00:00,,,,,357.312,-0.875,-1.562,22.86,-82.25,-6.5,-18.5,0.003,-0.004,0.076,-0.13,0.58,9.4,0.03,0.31,-0.39,-0.17,0.27,9.8,0.03,0.0,0.0,0.0,0.4,7.0,1016.95,67.44,-16.12
2025-03-24 18:28:05.231000+00:00,,,,,357.312,-0.875,-1.562,23.0,-82.25,-6.5,-18.5,0.003,-0.004,0.076,-0.13,0.58,9.4,0.03,0.31,-0.39,-0.17,0.27,9.8,0.03,0.0,0.0,0.0,0.4,7.0,1016.95,67.44,-16.12
2025-03-24 18:28:05.778000+00:00,,,,,357.312,-0.875,-1.562,22.86,-82.25,-6.5,-18.5,0.003,-0.004,0.076,-0.13,0.58,9.4,0.03,0.31,-0.39,-0.17,0.27,9.8,0.03,0.0,0.0,0.0,0.4,7.0,1016.95,67.44,-16.12
2025-03-24 18:28:06.241000+00:00,,,,,357.312,-0.875,-1.562,23.0,-82.25,-6.5,-18.5,0.003,-0.004,0.076,-0.13,0.58,9.4,0.03,0.31,-0.39,-0.17,0.27,9.8,0.03,0.0,0.0,0.0,0.4,7.0,1016.95,67.44,-16.12
2025-03-24 18:28:06.921000+00:00,,,,,357.312,-0.875,-1.562,22.86,-82.25,-6.5,-18.5,0.003,-0.004,0.076,-0.13,0.58,9.4,0.03,0.31,-0.39,-0.17,0.27,9.8,0.03,0.0,0.0,0.0,0.4,7.0,1016.95,67.44,-16.12
2025-03-24 18:28:07.323000+00:00,,,,,357.312,-0.875,-1.562,23.0,-82.25,-6.5,-18.5,0.003,-0.004,0.076,-0.13,0.58,9.4,0.03,0.31,-0.39,-0.17,0.27,9.8,0.03,0.0,0.0,0.0,0.4,7.0,1016.95,67.44,-16.12
2025-03-24 18:28:08.152000+00:00,,,,,357.312,-0.875,-1.562,22.86,-82.25,-6.5,-18.5,0.003,-0.004,0.076,-0.13,0.58,9.4,0.03,0.31,-0.39,-0.17,0.27,9.8,0.03,0.0,0.0,0.0,0.4,7.0,1016.95,67.44,-16.12
2025-03-24 18:28:08.422000+00:00,,,,,357.312,-0.875,-1.562,23.0,-82.25,-6.5,-18.5,0.003,-0.004,0.076,-0.13,0.58,9.4,0.03,0.31,-0.39,-0.17,0.27,9.8,0.03,0.0,0.0,0.0,0.4,7.0,1016.95,67.44,-16.12
2025-03-24 18:28:09.261000+00:00,,,,,357.312,-0.875,-1.562,23.0,-82.25,-6.5,-18.5,0.003,-0.004,0.076,-0.13,0.58,9.4,0.03,0.31,-0.39,-0.17,0.27,9.8,0.03,0.0,0.0,0.0,0.4,7.0,1016.95,67.44,-16.12
2025-03-24 18:28:09.668000+00:00,,,,,357.312,-0.875,-1.562,22.86,-82.25,-6.5,-18.5,0.003,-0.004,0.076,-0.13,0.58,9.4,0.03,0.31,-0.39,-0.17,0.27,9.8,0.03,0.0,0.0,0.0,0.4,7.0,1016.95,67.44,-16.12
2025-03-24 18:28:10.272000+00:00,,,,,357.312,-0.875,-1.562,23.0,-82.25,-6.5,-18.5,0.003,-0.004,0.076,-0.13,0.58,9.4,0.03,0.31,-0.39,-0.17,0.27,9.8,0.03,0.0,0.0,0.0,0.4,7.0,1016.95,67.44,-16.12
2025-03-24 18:28:10.671000+00:00,,,,,357.312,-0.875,-1.562,22.85,-82.25,-6.5,-18.5,0.003,-0.004,0.076,-0.13,0.58,9.4,0.03,0.31,-0.39,-0.17,0.27,9.8,0.03,0.0,0.0,0.0,0.4,7.0,1016.95,67.44,-16.12
2025-03-24 18:28:11.294000+00:00,,,,,357.312,-0.875,-1.562,23.0,-82.25,-6.5,-18.5,0.003,-0.004,0.076,-0.13,0.58,9.4,0.03,0.31,-0.39,-0.17,0.27,9.8,0.03,0.0,0.0,0.0,0.4,7.0,1016.95,67.44,-16.12
2025-03-24 18:28:11.701000+00:00,,,,,357.312,-0.875,-1.562,22.85,-82.25,-6.5,-18.5,0.003,-0.004,0.076,-0.13,0.58,9.4,0.03,0.31,-0.39,-0.17,0.27,9.8,0.03,0.0,0.0,0.0,0.4,7.0,1016.95,67.44,-16.12
2025-03-24 18:27:12.776000+00:00,,,,,357.312,-0.875,-1.562,22.85,-82.25,-6.5,-18.5,0.003,-0.004,0.076,-0.13,0.58,9.4,0.03,0.31,-0.39,-0.17,0.27,9.8,0.03,0.0,0.0,0.0,0.4,7.0,1016.95,67.44,-16.12
2025-03-24 18:27:13.849000+00:00,,,,,357.312,-0.875,-1.562,22.85,-82.25,-5.375,-18.875,0.003,-0.004,0.076,-0.13,0.58,9.4,0.03,0.31,-0.39,-0.17,0.27,9.8,0.03,0.0,0.0,0.0,0.4,7.0,1016.95,67.44,-16.12
2025-03-24 18:27:15.006000+00:00,,,,,357.312,-0.875,-1.562,22.85,-82.25,-5.75,-18.562,0.003,-0.004,0.076,-0.13,0.58,9.4,0.03,0.31,-0.39,-0.17,0.27,9.8,0.03,0.0,0.0,0.0,0.4,7.0,1016.95,67.44,-16.12
2025-03-24 18:27:15.796000+00:00,,,,,357.312,-0.875,-1.562,22.85,-83.0,-6.562,-18.5,0.003,-0.004,0.076,-0.13,0.58,9.4,0.03,0.31,-0.39,-0.17,0.27,9.8,0.03,0.0,0.0,0.0,0.4,7.0,1016.95,67.44,-16.12
2025-03-24 18:27:16.806000+00:00,,,,,357.312,-0.875,-1.562,22.85,-82.562,-6.188,-18.875,0.003,-0.004,0.076,-0.13,0.58,9.4,0.03,0.31,-0.39,-0.17,0.27,9.8,0.03,0.0,0.0,0.0,0.4,7.0,1016.95,67.44,-16.12
2025-03-24 18:27:17.823000+00:00,,,,,357.312,-0.875,-1.562,22.85,-83.375,-6.562,-17.688,0.003,-0.004,0.076,-0.13,0.58,9.4,0.03,0.31,-0.39,-0.17,0.27,9.8,0.03,0.0,0.0,0.0,0.4,7.0,1016.95,67.44,-16.12
2025-03-24 18:27:18.976000+00:00,,,,,357.312,-0.875,-1.562,22.85,-83.25,-6.0,-19.25,0.003,-0.004,0.076,-0.13,0.58,9.4,0.03,0.31,-0.39,-0.17,0.27,9.8,0.03,0.0,0.0,0.0,0.4,7.0,1016.95,67.44,-16.12
2025-03-24 18:27:20.012000+00:00,,,,,357.312,-0.875,-1.562,22.85,-82.5,-6.688,-17.375,0.003,-0.004,0.076,-0.13,0.58,9.4,0.03,0.31,-0.39,-0.17,0.27,9.8,0.03,0.0,0.0,0.0,0.4,7.0,1016.95,67.44,-16.12
2025-03-24 18:27:20.975000+00:00,,,,,357.312,-0.875,-1.562,22.85,-82.5,-6.688,-16.5,0.003,-0.004,0.076,-0.13,0.58,9.4,0.03,0.31,-0.39,-0.17,0.27,9.8,0.03,0.0,0.0,0.0,0.4,7.0,1016.95,67.44,-16.12
2025-03-24 18:27:22.005000+00:00,,,,,357.312,-0.875,-1.562,22.85,-82.875,-6.688,-18.375,0.003,-0.004,0.076,-0.13,0.58,9.4,0.03,0.31,-0.39,-0.17,0.27,9.8,0.03,0.0,0.0,0.0,0.4,7.0,1016.95,67.44,-16.12
2025-03-24 18:27:23.136000+00:00,,,,,357.312,-0.875,-1.562,22.85,-83.25,-6.688,-18.375,0.003,-0.004,0.076,-0.13,0.58,9.4,0.03,0.31,-0.39,-0.17,0.27,9.8,0.03,0.0,0.0,0.0,0.4,7.0,1016.95,67.44,-16.12
2025-03-24 18:27:24.151000+00:00,,,,,357.312,-0.875,-1.562,22.85,-83.25,-6.0,-19.188,0.003,-0.004,0.076,-0.13,0.58,9.4,0.03,0.31,-0.39,-0.17,0.27,9.8,0.03,0.0,0.0,0.0,0.4,7.0,1016.95,67.44,-16.12
2025-03-24 18:27:25.005000+00:00,,,,,357.312,-0.875,-1.562,22.85,-82.5,-6.0,-19.188,0.003,-0.004,0.076,-0.13,0.58,9.4,0.03,0.31,-0.39,-0.17,0.27,9.8,0.03,0.0,0.0,0.0,0.4,7.0,1016.95,67.44,-16.12
2025-03-24 18:27:26.192000+00:00,,,,,357.312,-0.875,-1.562,22.85,-82.375,-6.375,-18.75,0.003,-0.004,0.076,-0.13,0.58,9.4,0.03,0.31,-0.39,-0.17,0.27,9.8,0.03,0.0,0.0,0.0,0.4,7.0,1016.95,67.44,-16.12
2025-03-24 18:27:27.285000+00:00,,,,,357.312,-0.875,-1.562,22.85,-82.25,-6.062,-18.062,0.003,-0.004,0.076,-0.13,0.58,9.4,0.03,0.31,-0.39,-0.17,0.27,9.8,0.03,0.0,0.0,0.0,0.4,7.0,1016.95,67.44,-16.12
2025-03-24 18:27:28.325000+00:00,,,,,357.312,-0.875,-1.562,22.85,-84.875,-5.188,-19.062,0.003,-0.004,0.076,-0.13,0.58,9.4,0.03,0.31,-0.39,-0.17,0.27,9.8,0.03,0.0,0.0,0.0,0.4,7.0,1016.95,67.44,-16.12
2025-03-24 18:27:29.031000+00:00,,,,,357.312,-0.875,-1.562,22.85,-83.688,-5.25,-18.875,0.003,-0.004,0.076,-0.13,0.58,9.4,0.03,0.31,-0.39,-0.17,0.27,9.8,0.03,0.0,0.0,0.0,0.4,7.0,1016.95,67.44,-16.12
2025-03-24 18:27:30.024000+00:00,,,,,357.312,-0.875,-1.562,22.85,-84.062,-5.375,-18.75,0.003,-0.004,0.076,-0.13,0.58,9.4,0.03,0.31,-0.39,-0.17,0.27,9.8,0.03,0.0,0.0,0.0,0.4,7.0,1016.95,67.44,-16.12
2025-03-24 18:27:31.042000+00:00,,,,,357.312,-0.875,-1.562,22.85,-84.75,-6.375,-19.5,0.003,-0.004,0.076,-0.13,0.58,9.4,0.03,0.31,-0.39,-0.17,0.27,9.8,0.03,0.0,0.0,0.0,0.4,7.0,1016.95,67.44,-16.12
2025-03-24 18:27:32.025000+00:00,,,,,357.312,-0.875,-1.562,22.85,-83.188,-5.375,-19.875,0.003,-0.004,0.076,-0.13,0.58,9.4,0.03,0.31,-0.39,-0.17,0.27,9.8,0.03,0.0,0.0,0.0,0.4,7.0,1016.95,67.44,-16.12
2025-03-24 18:27:33.048000+00:00,,,,,357.312,-0.875,-1.562,22.85,-83.188,-6.062,-19.188,0.003,-0.004,0.076,-0.13,0.58,9.4,0.03,0.31,-0.39,-0.17,0.27,9.8,0.03,0.0,0.0,0.0,0.4,7.0,1016.95,67.44,-16.12
2025-03-24 18:27:34.051000+00:00,,,,,357.312,-0.875,-1.562,22.85,-83.5,-6.062,-20.0,0.003,-0.004,0.076,-0.13,0.58,9.4,0.03,0.31,-0.39,-0.17,0.27,9.8,0.03,0.0,0.0,0.0,0.4,7.0,1016.95,67.44,-16.12
2025-03-24 18:27:35.111000+00:00,,,,,357.312,-0.875,-1.562,22.85,-82.75,-5.062,-19.062,0.003,-0.004,0.076,-0.13,0.58,9.4,0.03,0.31,-0.39,-0.17,0.27,9.8,0.03,0.0,0.0,0.0,0.4,7.0,1016.95,67.44,-16.12
2025-03-24 18:27:36.261000+00:00,,,,,357.312,-0.875,-1.562,22.85,-82.688,-5.5,-19.062,0.003,-0.004,0.076,-0.13,0.58,9.4,0.03,0.31,-0.39,-0.17,0.27,9.8,0.03,0.0,0.0,0.0,0.4,7.0,1016.95,67.44,-16.12
2025-03-24 18:27:37.297000+00:00,,,,,357.312,-0.875,-1.562,22.85,-83.375,-5.5,-19.062,0.003,-0.004,0.076,-0.13,0.58,9.4,0.03,0.31,-0.39,-0.17,0.27,9.8,0.03,0.0,0.0,0.0,0.4,7.0,1016.95,67.44,-16.12
2025-03-24 18:27:38.404000+00:00,,,,,357.312,-0.875,-1.562,22.85,-83.75,-5.875,-18.562,0.003,-0.004,0.076,-0.13,0.58,9.4,0.03,0.31,-0.39,-0.17,0.27,9.8,0.03,0.0,0.0,0.0,0.4,7.0,1016.95,67.44,-16.12
2025-03-24 18:27:39.061000+00:00,,,,,357.312,-0.875,-1.562,22.85,-82.688,-5.188,-19.0,0.003,-0.004,0.076,-0.13,0.58,9.4,0.03,0.31,-0.39,-0.17,0.27,9.8,0.03,0.0,0.0,0.0,0.4,7.0,1016.95,67.44,-16.12
2025-03-24 18:27:40.177000+00:00,,,,,357.312,-0.875,-1.562,22.85,-83.75,-5.188,-19.375,0.003,-0.004,0.076,-0.13,0.58,9.4,0.03,0.31,-0.39,-0.17,0.27,9.8,0.03,0.0,0.0,0.0,0.4,7.0,1016.95,67.44,-16.12
2025-03-24 18:27:41.220000+00:00,,,,,357.312,-0.875,-1.562,22.85,-83.375,-5.5,-19.75,0.003,-0.004,0.076,-0.13,0.58,9.4,0.03,0.31,-0.39,-0.17,0.27,9.8,0.03,0.0,0.0,0.0,0.4,7.0,1016.95,67.44,-16.12
2025-03-24 18:27:42.367000+00:00,,,,,357.312,-0.875,-1.562,22.85,-83.688,-4.5,-19.75,0.003,-0.004,0.076,-0.13,0.58,9.4,0.03,0.31,-0.39,-0.17,0.27,9.8,0.03,0.0,0.0,0.0,0.4,7.0,1016.95,67.44,-16.12
2025-03-24 18:27:43.394000+00:00,,,,,357.312,-0.875,-1.562,22.85,-82.875,-5.562,-19.375,0.003,-0.004,0.076,-0.13,0.58,9.4,0.03,0.31,-0.39,-0.17,0.27,9.8,0.03,0.0,0.0,0.0,0.4,7.0,1016.95,67.44,-16.12
2025-03-24 18:27:44.084000+00:00,,,,,357.312,-0.875,-1.562,22.85,-82.75,-5.25,-19.0,0.003,-0.004,0.076,-0.13,0.58,9.4,0.03,0.31,-0.39,-0.17,0.27,9.8,0.03,0.0,0.0,0.0,0.4,7.0,1016.95,67.44,-16.12
2025-03-24 18:27:45.084000+00:00,,,,,357.312,-0.875,-1.562,22.85,-83.188,-5.375,-18.188,0.003,-0.004,0.076,-0.13,0.58,9.4,0.03,0.31,-0.39,-0.17,0.27,9.8,0.03,0.0,0.0,0.0,0.4,7.0,1016.95,67.44,-16.12
2025-03-24 18:27:46.103000+00:00,,,,,357.312,-0.875,-1.562,22.85,-84.25,-5.375,-19.75,0.003,-0.004,0.076,-0.13,0.58,9.4,0.03,0.31,-0.39,-0.17,0.27,9.8,0.03,0.0,0.0,0.0,0.4,7.0,1016.95,67.44,-16.12
2025-03-24 18:27:47.113000+00:00,,,,,357.312,-0.875,-1.562,22.85,-83.875,-5.688,-18.875,0.003,-0.004,0.076,-0.13,0.58,9.4,0.03,0.31,-0.39,-0.17,0.27,9.8,0.03,0.0,0.0,0.0,0.4,7.0,1016.95,67.44,-16.12
2025-03-24 18:27:48.140000+00:00,,,,,357.312,-0.875,-1.562,22.85,-83.5,-4.562,-18.5,0.003,-0.004,0.076,-0.13,0.58,9.4,0.03,0.31,-0.39,-0.17,0.27,9.8,0.03,0.0,0.0,0.0,0.4,7.0,1016.95,67.44,-16.12
2025-03-24 18:27:49.143000+00:00,,,,,357.312,-0.875,-1.562,22.85,-83.875,-5.0,-19.25,0.003,-0.004,0.076,-0.13,0.58,9.4,0.03,0.31,-0.39,-0.17,0.27,9.8,0.03,0.0,0.0,0.0,0.4,7.0,1016.95,67.44,-16.12
2025-03-24 18:27:50.318000+00:00,,,,,357.312,-0.875,-1.562,22.85,-83.5,-5.375,-18.562,0.003,-0.004,0.076,-0.13,0.58,9.4,0.03,0.31,-0.39,-0.17,0.27,9.8,0.03,0.0,0.0,0.0,0.4,7.0,1016.95,67.44,-16.12
2025-03-24 18:27:51.443000+00:00,,,,,357.312,-0.875,-1.562,22.85,-83.875,-6.188,-20.062,0.003,-0.004,0.076,-0.13,0.58,9.4,0.03,0.31,-0.39,-0.17,0.27,9.8,0.03,0.0,0.0,0.0,0.4,7.0,1016.95,67.44,-16.12
2025-03-24 18:27:52.413000+00:00,,,,,357.312,-0.875,-1.562,22.85,-83.375,-5.75,-18.875,0.003,-0.004,0.076,-0.13,0.58,9.4,0.03,0.31,-0.39,-0.17,0.27,9.8,0.03,0.0,0.0,0.0,0.4,7.0,1016.95,67.44,-16.12
2025-03-24 18:27:53.442000+00:00,,,,,357.312,-0.875,-1.562,22.85,-83.375,-6.188,-19.562,0.003,-0.004,0.076,-0.13,0.58,9.4,0.03,0.31,-0.39,-0.17,0.27,9.8,0.03,0.0,0.0,0.0,0.4,7.0,1016.95,67.44,-16.12
2025-03-24 18:27:54.182000+00:00,,,,,357.312,-0.875,-1.562,22.85,-82.5,-5.75,-19.562,0.003,-0.004,0.076,-0.13,0.58,9.4,0.03,0.31,-0.39,-0.17,0.27,9.8,0.03,0.0,0.0,0.0,0.4,7.0,1016.95,67.44,-16.12
2025-03-24 18:27:55.182000+00:00,,,,,357.312,-0.875,-1.562,22.85,-83.688,-6.188,-18.5,0.003,-0.004,0.076,-0.13,0.58,9.4,0.03,0.31,-0.39,-0.17,0.27,9.8,0.03,0.0,0.0,0.0,0.4,7.0,1016.95,67.44,-16.12
2025-03-24 18:27:56.192000+00:00,,,,,357.312,-0.875,-1.562,22.85,-83.375,-5.5,-19.188,0.003,-0.004,0.076,-0.13,0.58,9.4,0.03,0.31,-0.39,-0.17,0.27,9.8,0.03,0.0,0.0,0.0,0.4,7.0,1016.95,67.44,-16.12
2025-03-24 18:27:57.203000+00:00,,,,,357.312,-0.875,-1.562,22.85,-82.188,-5.875,-18.5,0.003,-0.004,0.076,-0.13,0.58,9.4,0.03,0.31,-0.39,-0.17,0.27,9.8,0.03,0.0,0.0,0.0,0.4,7.0,1016.95,67.44,-16.12
2025-03-24 18:27:58.212000+00:00,,,,,357.312,-0.875,-1.562,22.85,-83.688,-5.188,-19.188,0.003,-0.004,0.076,-0.13,0.58,9.4,0.03,0.31,-0.39,-0.17,0.27,9.8,0.03,0.0,0.0,0.0,0.4,7.0,1016.95,67.44,-16.12
2025-03-24 18:27:59.222000+00:00,,,,,357.312,-0.875,-1.562,22.85,-82.5,-5.875,-18.688,0.003,-0.004,0.076,-0.13,0.58,9.4,0.03,0.31,-0.39,-0.17,0.27,9.8,0.03,0.0,0.0,0.0,0.4,7.0,1016.95,67.44,-16.12
2025-03-24 18:28:00.234000+00:00,,,,,357.312,-0.875,-1.562,22.85,-82.75,-5.562,-18.5,0.003,-0.004,0.076,-0.13,0.58,9.4,0.03,0.31,-0.39,-0.17,0.27,9.8,0.03,0.0,0.0,0.0,0.4,7.0,1016.95,67.44,-16.12
2025-03-24 18:28:01.242000+00:00,,,,,357.312,-0.875,-1.562,22.85,-83.875,-5.875,-18.375,0.003,-0.004,0.076,-0.13,0.58,9.4,0.03,0.31,-0.39,-0.17,0.27,9.8,0.03,0.0,0.0,0.0,0.4,7.0,1016.95,67.44,-16.12
2025-03-24 18:28:02.259000+00:00,,,,,357.312,-0.875,-1.562,22.85,-82.062,-6.25,-19.5,0.003,-0.004,0.076,-0.13,0.58,9.4,0.03,0.31,-0.39,-0.17,0.27,9.8,0.03,0.0,0.0,0.0,0.4,7.0,1016.95,67.44,-16.12
2025-03-24 18:28:03.268000+00:00,,,,,357.312,-0.875,-1.562,22.85,-83.188,-5.688,-19.062,0.003,-0.004,0.076,-0.13,0.58,9.4,0.03,0.31,-0.39,-0.17,0.27,9.8,0.03,0.0,0.0,0.0,0.4,7.0,1016.95,67.44,-16.12
2025-03-24 18:28:04.272000+00:00,,,,,357.312,-0.875,-1.562,22.85,-83.062,-6.0,-18.688,0.003,-0.004,0.076,-0.13,0.58,9.4,0.03,0.31,-0.39,-0.17,0.27,9.8,0.03,0.0,0.0,0.0,0.4,7.0,1016.95,67.44,-16.12
2025-03-24 18:28:05.283000+00:00,,,,,357.312,-0.875,-1.562,22.85,-83.062,-6.375,-17.875,0.003,-0.004,0.076,-0.13,0.58,9.4,0.03,0.31,-0.39,-0.17,0.27,9.8,0.03,0.0,0.0,0.0,0.4,7.0,1016.95,67.44,-16.12
2025-03-24 18:28:06.292000+00:00,,,,,357.312,-0.875,-1.562,22.85,-82.0,-5.688,-19.062,0.003,-0.004,0.076,-0.13,0.58,9.4,0.03,0.31,-0.39,-0.17,0.27,9.8,0.03,0.0,0.0,0.0,0.4,7.0,1016.95,67.44,-16.12
2025-03-24 18:28:07.372000+00:00,,,,,357.312,-0.875,-1.562,22.85,-82.562,-6.0,-18.25,0.003,-0.004,0.076,-0.13,0.58,9.4,0.03,0.31,-0.39,-0.17,0.27,9.8,0.03,0.0,0.0,0.0,0.4,7.0,1016.95,67.44,-16.12
2025-03-24 18:28:08.471000+00:00,,,,,357.312,-0.875,-1.562,22.85,-82.562,-5.375,-18.562,0.003,-0.004,0.076,-0.13,0.58,9.4,0.03,0.31,-0.39,-0.17,0.27,9.8,0.03,0.0,0.0,0.0,0.4,7.0,1016.95,67.44,-16.12
2025-03-24 18:28:09.311000+00:00,,,,,357.312,-0.875,-1.562,22.85,-83.0,-5.375,-18.25,0.003,-0.004,0.076,-0.13,0.58,9.4,0.03,0.31,-0.39,-0.17,0.27,9.8,0.03,0.0,0.0,0.0,0.4,7.0,1016.95,67.44,-16.12
2025-03-24 18:28:10.321000+00:00,,,,,357.312,-0.875,-1.562,22.85,-82.188,-5.75,-19.375,0.003,-0.004,0.076,-0.13,0.58,9.4,0.03,0.31,-0.39,-0.17,0.27,9.8,0.03,0.0,0.0,0.0,0.4,7.0,1016.95,67.44,-16.12
2025-03-24 18:28:11.341000+00:00,,,,,357.312,-0.875,-1.562,22.85,-82.062,-5.875,-19.0,0.003,-0.004,0.076,-0.13,0.58,9.4,0.03,0.31,-0.39,-0.17,0.27,9.8,0.03,0.0,0.0,0.0,0.4,7.0,1016.95,67.44,-16.12
2025-03-24 18:27:12.833000+00:00,,,,,357.312,-0.875,-1.562,22.85,-82.062,-5.875,-19.0,0.003,-0.004,0.076,-0.13,0.58,9.4,0.03,0.31,-0.39,-0.17,0.27,9.8,0.03,0.0,0.0,0.0,0.4,7.0,1016.95,67.44,-16.12
2025-03-24 18:27:13.898000+00:00,,,,,357.312,-0.875,-1.562,22.85,-82.062,-5.875,-19.0,0.006,-0.003,0.0,-0.13,0.58,9.4,0.03,0.31,-0.39,-0.17,0.27,9.8,0.03,0.0,0.0,0.0,0.4,7.0,1016.95,67.44,-16.12
2025-03-24 18:27:15.060000+00:00,,,,,357.312,-0.875,-1.562,22.85,-82.062,-5.875,-19.0,0.011,-0.004,0.022,-0.13,0.58,9.4,0.03,0.31,-0.39,-0.17,0.27,9.8,0.03,0.0,0.0,0.0,0.4,7.0,1016.95,67.44,-16.12
2025-03-24 18:27:15.846000+00:00,,,,,357.312,-0.875,-1.562,22.85,-82.062,-5.875,-19.0,-0.002,0.008,0.026,-0.13,0.58,9.4,0.03,0.31,-0.39,-0.17,0.27,9.8,0.03,0.0,0.0,0.0,0.4,7.0,1016.95,67.44,-16.12
2025-03-24 18:27:16.873000+00:00,,,,,357.312,-0.875,-1.562,22.85,-82.062,-5.875,-19.0,-0.018,0.004,-0.003,-0.13,0.58,9.4,0.03,0.31,-0.39,-0.17,0.27,9.8,0.03,0.0,0.0,0.0,0.4,7.0,1016.95,67.44,-16.12
2025-03-24 18:27:18.026000+00:00,,,,,357.312,-0.875,-1.562,22.85,-82.062,-5.875,-19.0,-0.021,-0.012,-0.048,-0.13,0.58,9.4,0.03,0.31,-0.39,-0.17,0.27,9.8,0.03,0.0,0.0,0.0,0.4,7.0,1016.95,67.44,-16.12
2025-03-24 18:27:19.027000+00:00,,,,,357.312,-0.875,-1.562,22.85,-82.062,-5.875,-19.0,0.008,-0.004,-0.001,-0.13,0.58,9.4,0.03,0.31,-0.39,-0.17,0.27,9.8,0.03,0.0,0.0,0.0,0.4,7.0,1016.95,67.44,-16.12
2025-03-24 18:27:20.067000+00:00,,,,,357.312,-0.875,-1.562,22.85,-82.062,-5.875,-19.0,-0.003,0.007,-0.03,-0.13,0.58,9.4,0.03,0.31,-0.39,-0.17,0.27,9.8,0.03,0.0,0.0,0.0,0.4,7.0,1016.95,67.44,-16.12
2025-03-24 18:27:21.030000+00:00,,,,,357.312,-0.875,-1.562,22.85,-82.062,-5.875,-19.0,-0.006,0.001,-0.009,-0.13,0.58,9.4,0.03,0.31,-0.39,-0.17,0.27,9.8,0.03,0.0,0.0,0.0,0.4,7.0,1016.95,67.44,-16.12
2025-03-24 18:27:22.056000+00:00,,,,,357.312,-0.875,-1.562,22.85,-82.062,-5.875,-19.0,-0.002,-0.02,0.002,-0.13,0.58,9.4,0.03,0.31,-0.39,-0.17,0.27,9.8,0.03,0.0,0.0,0.0,0.4,7.0,1016.95,67.44,-16.12
2025-03-24 18:27:23.186000+00:00,,,,,357.312,-0.875,-1.562,22.85,-82.062,-5.875,-19.0,-0.013,-0.014,0.009,-0.13,0.58,9.4,0.03,0.31,-0.39,-0.17,0.27,9.8,0.03,0.0,0.0,0.0,0.4,7.0,1016.95,67.44,-16.12
2025-03-24 18:27:24.212000+00:00,,,,,357.312,-0.875,-1.562,22.85,-82.062,-5.875,-19.0,-0.006,0.0,-0.01,-0.13,0.58,9.4,0.03,0.31,-0.39,-0.17,0.27,9.8,0.03,0.0,0.0,0.0,0.4,7.0,1016.95,67.44,-16.12
2025-03-24 18:27:25.062000+00:00,,,,,357.312,-0.875,-1.562,22.85,-82.062,-5.875,-19.0,-0.012,-0.01,-0.009,-0.13,0.58,9.4,0.03,0.31,-0.39,-0.17,0.27,9.8,0.03,0.0,0.0,0.0,0.4,7.0,1016.95,67.44,-16.12
2025-03-24 18:27:26.253000+00:00,,,,,357.312,-0.875,-1.562,22.85,-82.062,-5.875,-19.0,0.009,-0.011,-0.019,-0.13,0.58,9.4,0.03,0.31,-0.39,-0.17,0.27,9.8,0.03,0.0,0.0,0.0,0.4,7.0,1016.95,67.44,-16.12
2025-03-24 18:27:27.352000+00:00,,,,,357.312,-0.875,-1.562,22.85,-82.062,-5.875,-19.0,-0.002,-0.006,0.011,-0.13,0.58,9.4,0.03,0.31,-0.39,-0.17,0.27,9.8,0.03,0.0,0.0,0.0,0.4,7.0,1016.95,67.44,-16.12
2025-03-24 18:27:28.380000+00:00,,,,,357.312,-0.875,-1.562,22.85,-82.062,-5.875,-19.0,0.003,-0.001,0.023,-0.13,0.58,9.4,0.03,0.31,-0.39,-0.17,0.27,9.8,0.03,0.0,0.0,0.0,0.4,7.0,1016.95,67.44,-16.12
2025-03-24 18:27:29.082000+00:00,,,,,357.312,-0.875,-1.562,22.85,-82.062,-5.875,-19.0,-0.008,-0.012,-0.004,-0.13,0.58,9.4,0.03,0.31,-0.39,-0.17,0.27,9.8,0.03,0.0,0.0,0.0,0.4,7.0,1016.95,67.44,-16.12
2025-03-24 18:27:30.075000+00:00,,,,,357.312,-0.875,-1.562,22.85,-82.062,-5.875,-19.0,0.003,-0.007,-0.019,-0.13,0.58,9.4,0.03,0.31,-0.39,-0.17,0.27,9.8,0.03,0.0,0.0,0.0,0.4,7.0,1016.95,67.44,-16.12
2025-03-24 18:27:31.099000+00:00,,,,,357.312,-0.875,-1.562,22.85,-82.062,-5.875,-19.0,-0.013,0.0,0.046,-0.13,0.58,9.4,0.03,0.31,-0.39,-0.17,0.27,9.8,0.03,0.0,0.0,0.0,0.4,7.0,1016.95,67.44,-16.12
2025-03-24 18:27:32.075000+00:00,,,,,357.312,-0.875,-1.562,22.85,-82.062,-5.875,-19.0,-0.008,0.0,0.006,-0.13,0.58,9.4,0.03,0.31,-0.39,-0.17,0.27,9.8,0.03,0.0,0.0,0.0,0.4,7.0,1016.95,67.44,-16.12
2025-03-24 18:27:33.095000+00:00,,,,,357.312,-0.875,-1.562,22.85,-82.062,-5.875,-19.0,-0.003,0.006,0.008,-0.13,0.58,9.4,0.03,0.31,-0.39,-0.17,0.27,9.8,0.03,0.0,0.0,0.0,0.4,7.0,1016.95,67.44,-16.12
2025-03-24 18:27:34.107000+00:00,,,,,357.312,-0.875,-1.562,22.85,-82.062,-5.875,-19.0,0.001,0.007,0.01,-0.13,0.58,9.4,0.03,0.31,-0.39,-0.17,0.27,9.8,0.03,0.0,0.0,0.0,0.4,7.0,1016.95,67.44,-16.12
2025-03-24 18:27:35.169000+00:00,,,,,357.312,-0.875,-1.562,22.85,-82.062,-5.875,-19.0,0.011,0.007,-0.026,-0.13,0.58,9.4,0.03,0.31,-0.39,-0.17,0.27,9.8,0.03,0.0,0.0,0.0,0.4,7.0,1016.95,67.44,-16.12
2025-03-24 18:27:36.315000+00:00,,,,,357.312,-0.875,-1.562,22.85,-82.062,-5.875,-19.0,-0.006,0.004,-0.04,-0.13,0.58,9.4,0.03,0.31,-0.39,-0.17,0.27,9.8,0.03,0.0,0.0,0.0,0.4,7.0,1016.95,67.44,-16.12
2025-03-24 18:27:37.344000+00:00,,,,,357.312,-0.875,-1.562,22.85,-82.062,-5.875,-19.0,-0.013,-0.006,0.01,-0.13,0.58,9.4,0.03,0.31,-0.39,-0.17,0.27,9.8,0.03,0.0,0.0,0.0,0.4,7.0,1016.95,67.44,-16.12
2025-03-24 18:27:38.454000+00:00,,,,,357.312,-0.875,-1.562,22.85,-82.062,-5.875,-19.0,0.013,0.0,-0.024,-0.13,0.58,9.4,0.03,0.31,-0.39,-0.17,0.27,9.8,0.03,0.0,0.0,0.0,0.4,7.0,1016.95,67.44,-16.12
2025-03-24 18:27:39.117000+00:00,,,,,357.312,-0.875,-1.562,22.85,-82.062,-5.875,-19.0,-0.002,-0.014,0.009,-0.13,0.58,9.4,0.03,0.31,-0.39,-0.17,0.27,9.8,0.03,0.0,0.0,0.0,0.4,7.0,1016.95,67.44,-16.12
2025-03-24 18:27:40.232000+00:00,,,,,357.312,-0.875,-1.562,22.85,-82.062,-5.875,-19.0,-0.016,-0.006,-0.014,-0.13,0.58,9.4,0.03,0.31,-0.39,-0.17,0.27,9.8,0.03,0.0,0.0,0.0,0.4,7.0,1016.95,67.44,-16.12
2025-03-24 18:27:41.276000+00:00,,,,,357.312,-0.875,-1.562,22.85,-82.062,-5.875,-19.0,-0.006,0.007,0.003,-0.13,0.58,9.4,0.03,0.31,-0.39,-0.17,0.27,9.8,0.03,0.0,0.0,0.0,0.4,7.0,1016.95,67.44,-16.12
2025-03-24 18:27:42.421000+00:00,,,,,357.312,-0.875,-1.562,22.85,-82.062,-5.875,-19.0,-0.017,0.0,-0.019,-0.13,0.58,9.4,0.03,0.31,-0.39,-0.17,0.27,9.8,0.03,0.0,0.0,0.0,0.4,7.0,1016.95,67.44,-16.12
2025-03-24 18:27:43.444000+00:00,,,,,357.312,-0.875,-1.562,22.85,-82.062,-5.875,-19.0,0.004,0.0,-0.013,-0.13,0.58,9.4,0.03,0.31,-0.39,-0.17,0.27,9.8,0.03,0.0,0.0,0.0,0.4,7.0,1016.95,67.44,-16.12
2025-03-24 18:27:44.141000+00:00,,,,,357.312,-0.875,-1.562,22.85,-82.062,-5.875,-19.0,-0.016,-0.008,0.006,-0.13,0.58,9.4,0.03,0.31,-0.39,-0.17,0.27,9.8,0.03,0.0,0.0,0.0,0.4,7.0,1016.95,67.44,-16.12
2025-03-24 18:27:45.141000+00:00,,,,,357.312,-0.875,-1.562,22.85,-82.062,-5.875,-19.0,-0.003,0.001,-0.02,-0.13,0.58,9.4,0.03,0.31,-0.39,-0.17,0.27,9.8,0.03,0.0,0.0,0.0,0.4,7.0,1016.95,67.44,-16.12
2025-03-24 18:27:46.154000+00:00,,,,,357.312,-0.875,-1.562,22.85,-82.062,-5.875,-19.0,-0.01,-0.009,-0.017,-0.13,0.58,9.4,0.03,0.31,-0.39,-0.17,0.27,9.8,0.03,0.0,0.0,0.0,0.4,7.0,1016.95,67.44,-16.12
2025-03-24 18:27:47.170000+00:00,,,,,357.312,-0.875,-1.562,22.85,-82.062,-5.875,-19.0,-0.01,-0.006,0.056,-0.13,0.58,9.4,0.03,0.31,-0.39,-0.17,0.27,9.8,0.03,0.0,0.0,0.0,0.4,7.0,1016.95,67.44,-16.12
2025-03-24 18:27:48.201000+00:00,,,,,357.312,-0.875,-1.562,22.85,-82.062,-5.875,-19.0,-0.017,-0.021,-0.026,-0.13,0.58,9.4,0.03,0.31,-0.39,-0.17,0.27,9.8,0.03,0.0,0.0,0.0,0.4,7.0,1016.95,67.44,-16.12
2025-03-24 18:27:49.200000+00:00,,,,,357.312,-0.875,-1.562,22.85,-82.062,-5.875,-19.0,-0.012,0.001,-0.027,-0.13,0.58,9.4,0.03,0.31,-0.39,-0.17,0.27,9.8,0.03,0.0,0.0,0.0,0.4,7.0,1016.95,67.44,-16.12
2025-03-24 18:27:50.364000+00:00,,,,,357.312,-0.875,-1.562,22.85,-82.062,-5.875,-19.0,0.007,0.001,0.043,-0.13,0.58,9.4,0.03,0.31,-0.39,-0.17,0.27,9.8,0.03,0.0,0.0,0.0,0.4,7.0,1016.95,67.44,-16.12
2025-03-24 18:27:51.493000+00:00,,,,,357.312,-0.875,-1.562,22.85,-82.062,-5.875,-19.0,-0.001,-0.003,0.004,-0.13,0.58,9.4,0.03,0.31,-0.39,-0.17,0.27,9.8,0.03,0.0,0.0,0.0,0.4,7.0,1016.95,67.44,-16.12
2025-03-24 18:27:52.470000+00:00,,,,,357.312,-0.875,-1.562,22.85,-82.062,-5.875,-19.0,0.02,-0.01,-0.011,-0.13,0.58,9.4,0.03,0.31,-0.39,-0.17,0.27,9.8,0.03,0.0,0.0,0.0,0.4,7.0,1016.95,67.44,-16.12
2025-03-24 18:27:53.499000+00:00,,,,,357.312,-0.875,-1.562,22.85,-82.062,-5.875,-19.0,0.003,-0.001,-0.021,-0.13,0.58,9.4,0.03,0.31,-0.39,-0.17,0.27,9.8,0.03,0.0,0.0,0.0,0.4,7.0,1016.95,67.44,-16.12
2025-03-24 18:27:54.240000+00:00,,,,,357.312,-0.875,-1.562,22.85,-82.062,-5.875,-19.0,-0.004,0.007,0.038,-0.13,0.58,9.4,0.03,0.31,-0.39,-0.17,0.27,9.8,0.03,0.0,0.0,0.0,0.4,7.0,1016.95,67.44,-16.12
2025-03-24 18:27:55.234000+00:00,,,,,357.312,-0.875,-1.562,22.85,-82.062,-5.875,-19.0,-0.001,0.009,0.02,-0.13,0.58,9.4,0.03,0.31,-0.39,-0.17,0.27,9.8,0.03,0.0,0.0,0.0,0.4,7.0,1016.95,67.44,-16.12
2025-03-24 18:27:56.249000+00:00,,,,,357.312,-0.875,-1.562,22.85,-82.062,-5.875,-19.0,-0.014,-0.009,-0.074,-0.13,0.58,9.4,0.03,0.31,-0.39,-0.17,0.27,9.8,0.03,0.0,0.0,0.0,0.4,7.0,1016.95,67.44,-16.12
2025-03-24 18:27:57.253000+00:00,,,,,357.312,-0.875,-1.562,22.85,-82.062,-5.875,-19.0,-0.013,0.01,0.024,-0.13,0.58,9.4,0.03,0.31,-0.39,-0.17,0.27,9.8,0.03,0.0,0.0,0.0,0.4,7.0,1016.95,67.44,-16.12
2025-03-24 18:27:58.262000+00:00,,,,,357.312,-0.875,-1.562,22.85,-82.062,-5.875,-19.0,0.012,-0.01,-0.02,-0.13,0.58,9.4,0.03,0.31,-0.39,-0.17,0.27,9.8,0.03,0.0,0.0,0.0,0.4,7.0,1016.95,67.44,-16.12
2025-03-24 18:27:59.272000+00:00,,,,,357.312,-0.875,-1.562,22.85,-82.062,-5.875,-19.0,0.007,0.01,-0.019,-0.13,0.58,9.4,0.03,0.31,-0.39,-0.17,0.27,9.8,0.03,0.0,0.0,0.0,0.4,7.0,1016.95,67.44,-16.12
2025-03-24 18:28:00.282000+00:00,,,,,357.312,-0.875,-1.562,22.85,-82.062,-5.875,-19.0,-0.009,-0.001,-0.006,-0.13,0.58,9.4,0.03,0.31,-0.39,-0.17,0.27,9.8,0.03,0.0,0.0,0.0,0.4,7.0,1016.95,67.44,-16.12
2025-03-24 18:28:01.301000+00:00,,,,,357.312,-0.875,-1.562,22.85,-82.062,-5.875,-19.0,0.006,0.0,-0.012,-0.13,0.58,9.4,0.03,0.31,-0.39,-0.17,0.27,9.8,0.03,0.0,0.0,0.0,0.4,7.0,1016.95,67.44,-16.12
2025-03-24 18:28:02.316000+00:00,,,,,357.312,-0.875,-1.562,22.85,-82.062,-5.875,-19.0,0.007,0.006,0.062,-0.13,0.58,9.4,0.03,0.31,-0.39,-0.17,0.27,9.8,0.03,0.0,0.0,0.0,0.4,7.0,1016.95,67.44,-16.12
2025-03-24 18:28:03.323000+00:00,,,,,357.312,-0.875,-1.562,22.85,-82.062,-5.875,-19.0,-0.004,-0.004,0.013,-0.13,0.58,9.4,0.03,0.31,-0.39,-0.17,0.27,9.8,0.03,0.0,0.0,0.0,0.4,7.0,1016.95,67.44,-16.12
2025-03-24 18:28:04.322000+00:00,,,,,357.312,-0.875,-1.562,22.85,-82.062,-5.875,-19.0,-0.006,0.004,-0.052,-0.13,0.58,9.4,0.03,0.31,-0.39,-0.17,0.27,9.8,0.03,0.0,0.0,0.0,0.4,7.0,1016.95,67.44,-16.12
2025-03-24 18:28:05.339000+00:00,,,,,357.312,-0.875,-1.562,22.85,-82.062,-5.875,-19.0,0.002,-0.006,0.068,-0.13,0.58,9.4,0.03,0.31,-0.39,-0.17,0.27,9.8,0.03,0.0,0.0,0.0,0.4,7.0,1016.95,67.44,-16.12
2025-03-24 18:28:06.342000+00:00,,,,,357.312,-0.875,-1.562,22.85,-82.062,-5.875,-19.0,0.001,0.003,0.019,-0.13,0.58,9.4,0.03,0.31,-0.39,-0.17,0.27,9.8,0.03,0.0,0.0,0.0,0.4,7.0,1016.95,67.44,-16.12
2025-03-24 18:28:07.422000+00:00,,,,,357.312,-0.875,-1.562,22.85,-82.062,-5.875,-19.0,-0.018,-0.004,0.002,-0.13,0.58,9.4,0.03,0.31,-0.39,-0.17,0.27,9.8,0.03,0.0,0.0,0.0,0.4,7.0,1016.95,67.44,-16.12
2025-03-24 18:28:08.529000+00:00,,,,,357.312,-0.875,-1.562,22.85,-82.062,-5.875,-19.0,-0.019,0.011,-0.008,-0.13,0.58,9.4,0.03,0.31,-0.39,-0.17,0.27,9.8,0.03,0.0,0.0,0.0,0.4,7.0,1016.95,67.44,-16.12
2025-03-24 18:28:09.362000+00:00,,,,,357.312,-0.875,-1.562,22.85,-82.062,-5.875,-19.0,-0.016,0.009,-0.02,-0.13,0.58,9.4,0.03,0.31,-0.39,-0.17,0.27,9.8,0.03,0.0,0.0,0.0,0.4,7.0,1016.95,67.44,-16.12
2025-03-24 18:28:10.372000+00:00,,,,,357.312,-0.875,-1.562,22.85,-82.062,-5.875,-19.0,-0.001,-0.002,0.048,-0.13,0.58,9.4,0.03,0.31,-0.39,-0.17,0.27,9.8,0.03,0.0,0.0,0.0,0.4,7.0,1016.95,67.44,-16.12
2025-03-24 18:28:11.391000+00:00,,,,,357.312,-0.875,-1.562,22.85,-82.062,-5.875,-19.0,-0.012,-0.023,0.028,-0.13,0.58,9.4,0.03,0.31,-0.39,-0.17,0.27,9.8,0.03,0.0,0.0,0.0,0.4,7.0,1016.95,67.44,-16.12
2025-03-24 18:27:12.893000+00:00,,,,,357.312,-0.875,-1.562,22.85,-82.062,-5.875,-19.0,-0.012,-0.023,0.028,-0.13,0.58,9.4,0.03,0.31,-0.39,-0.17,0.27,9.8,0.03,0.0,0.0,0.0,0.4,7.0,1016.95,67.44,-16.12
2025-03-24 18:27:13.946000+00:00,,,,,357.312,-0.875,-1.562,22.85,-82.062,-5.875,-19.0,-0.012,-0.023,0.028,-0.01,0.59,9.38,0.03,0.31,-0.39,-0.17,0.27,9.8,0.03,0.0,0.0,0.0,0.4,7.0,1016.95,67.44,-16.12
2025-03-24 18:27:15.107000+00:00,,,,,357.312,-0.875,-1.562,22.85,-82.062,-5.875,-19.0,-0.012,-0.023,0.028,-0.35,0.67,9.49,0.03,0.31,-0.39,-0.17,0.27,9.8,0.03,0.0,0.0,0.0,0.4,7.0,1016.95,67.44,-16.12
2025-03-24 18:27:15.896000+00:00,,,,,357.312,-0.875,-1.562,22.85,-82.062,-5.875,-19.0,-0.012,-0.023,0.028,-0.25,0.35,9.4,0.03,0.31,-0.39,-0.17,0.27,9.8,0.03,0.0,0.0,0.0,0.4,7.0,1016.95,67.44,-16.12
2025-03-24 18:27:16.929000+00:00,,,,,357.312,-0.875,-1.562,22.85,-82.062,-5.875,-19.0,-0.012,-0.023,0.028,-0.36,0.0,9.51,0.03,0.31,-0.39,-0.17,0.27,9.8,0.03,0.0,0.0,0.0,0.4,7.0,1016.95,67.44,-16.12
2025-03-24 18:27:18.082000+00:00,,,,,357.312,-0.875,-1.562,22.85,-82.062,-5.875,-19.0,-0.012,-0.023,0.028,-0.41,0.16,9.5,0.03,0.31,-0.39,-0.17,0.27,9.8,0.03,0.0,0.0,0.0,0.4,7.0,1016.95,67.44,-16.12
2025-03-24 18:27:19.077000+00:00,,,,,357.312,-0.875,-1.562,22.85,-82.062,-5.875,-19.0,-0.012,-0.023,0.028,-0.36,0.66,9.41,0.03,0.31,-0.39,-0.17,0.27,9.8,0.03,0.0,0.0,0.0,0.4,7.0,1016.95,67.44,-16.12
2025-03-24 18:27:20.118000+00:00,,,,,357.312,-0.875,-1.562,22.85,-82.062,-5.875,-19.0,-0.012,-0.023,0.028,-0.36,0.22,9.48,0.03,0.31,-0.39,-0.17,0.27,9.8,0.03,0.0,0.0,0.0,0.4,7.0,1016.95,67.44,-16.12
2025-03-24 18:27:21.076000+00:00,,,,,357.312,-0.875,-1.562,22.85,-82.062,-5.875,-19.0,-0.012,-0.023,0.028,-0.12,0.31,9.51,0.03,0.31,-0.39,-0.17,0.27,9.8,0.03,0.0,0.0,0.0,0.4,7.0,1016.95,67.44,-16.12
2025-03-24 18:27:22.105000+00:00,,,,,357.312,-0.875,-1.562,22.85,-82.062,-5.875,-19.0,-0.012,-0.023,0.028,-0.27,0.07,9.39,0.03,0.31,-0.39,-0.17,0.27,9.8,0.03,0.0,0.0,0.0,0.4,7.0,1016.95,67.44,-16.12
2025-03-24 18:27:23.251000+00:00,,,,,357.312,-0.875,-1.562,22.85,-82.062,-5.875,-19.0,-0.012,-0.023,0.028,0.0,0.3,9.27,0.03,0.31,-0.39,-0.17,0.27,9.8,0.03,0.0,0.0,0.0,0.4,7.0,1016.95,67.44,-16.12
2025-03-24 18:27:24.270000+00:00,,,,,357.312,-0.875,-1.562,22.85,-82.062,-5.875,-19.0,-0.012,-0.023,0.028,-0.11,0.34,9.5,0.03,0.31,-0.39,-0.17,0.27,9.8,0.03,0.0,0.0,0.0,0.4,7.0,1016.95,67.44,-16.12
2025-03-24 18:27:25.123000+00:00,,,,,357.312,-0.875,-1.562,22.85,-82.062,-5.875,-19.0,-0.012,-0.023,0.028,-0.25,-0.12,9.56,0.03,0.31,-0.39,-0.17,0.27,9.8,0.03,0.0,0.0,0.0,0.4,7.0,1016.95,67.44,-16.12
2025-03-24 18:27:26.308000+00:00,,,,,357.312,-0.875,-1.562,22.85,-82.062,-5.875,-19.0,-0.012,-0.023,0.028,-0.09,0.25,9.38,0.03,0.31,-0.39,-0.17,0.27,9.8,0.03,0.0,0.0,0.0,0.4,7.0,1016.95,67.44,-16.12
2025-03-24 18:27:27.405000+00:00,,,,,357.312,-0.875,-1.562,22.85,-82.062,-5.875,-19.0,-0.012,-0.023,0.028,0.0,0.07,9.42,0.03,0.31,-0.39,-0.17,0.27,9.8,0.03,0.0,0.0,0.0,0.4,7.0,1016.95,67.44,-16.12
2025-03-24 18:27:28.432000+00:00,,,,,357.312,-0.875,-1.562,22.85,-82.062,-5.875,-19.0,-0.012,-0.023,0.028,-0.18,0.34,9.35,0.03,0.31,-0.39,-0.17,0.27,9.8,0.03,0.0,0.0,0.0,0.4,7.0,1016.95,67.44,-16.12
2025-03-24 18:27:29.137000+00:00,,,,,357.312,-0.875,-1.562,22.85,-82.062,-5.875,-19.0,-0.012,-0.023,0.028,0.01,0.4,9.39,0.03,0.31,-0.39,-0.17,0.27,9.8,0.03,0.0,0.0,0.0,0.4,7.0,1016.95,67.44,-16.12
2025-03-24 18:27:30.125000+00:00,,,,,357.312,-0.875,-1.562,22.85,-82.062,-5.875,-19.0,-0.012,-0.023,0.028,-0.43,0.08,9.39,0.03,0.31,-0.39,-0.17,0.27,9.8,0.03,0.0,0.0,0.0,0.4,7.0,1016.95,67.44,-16.12
2025-03-24 18:27:31.155000+00:00,,,,,357.312,-0.875,-1.562,22.85,-82.062,-5.875,-19.0,-0.012,-0.023,0.028,-0.33,0.33,9.42,0.03,0.31,-0.39,-0.17,0.27,9.8,0.03,0.0,0.0,0.0,0.4,7.0,1016.95,67.44,-16.12
2025-03-24 18:27:32.124000+00:00,,,,,357.312,-0.875,-1.562,22.85,-82.062,-5.875,-19.0,-0.012,-0.023,0.028,-0.49,0.49,9.44,0.03,0.31,-0.39,-0.17,0.27,9.8,0.03,0.0,0.0,0.0,0.4,7.0,1016.95,67.44,-16.12
2025-03-24 18:27:33.146000+00:00,,,,,357.312,-0.875,-1.562,22.85,-82.062,-5.875,-19.0,-0.012,-0.023,0.028,-0.31,0.61,9.43,0.03,0.31,-0.39,-0.17,0.27,9.8,0.03,0.0,0.0,0.0,0.4,7.0,1016.95,67.44,-16.12
2025-03-24 18:27:34.161000+00:00,,,,,357.312,-0.875,-1.562,22.85,-82.062,-5.875,-19.0,-0.012,-0.023,0.028,-0.33,0.25,9.42,0.03,0.31,-0.39,-0.17,0.27,9.8,0.03,0.0,0.0,0.0,0.4,7.0,1016.95,67.44,-16.12
2025-03-24 18:27:35.220000+00:00,,,,,357.312,-0.875,-1.562,22.85,-82.062,-5.875,-19.0,-0.012,-0.023,0.028,-0.11,0.33,9.49,0.03,0.31,-0.39,-0.17,0.27,9.8,0.03,0.0,0.0,0.0,0.4,7.0,1016.95,67.44,-16.12
2025-03-24 18:27:36.364000+00:00,,,,,357.312,-0.875,-1.562,22.85,-82.062,-5.875,-19.0,-0.012,-0.023,0.028,-0.57,0.33,9.36,0.03,0.31,-0.39,-0.17,0.27,9.8,0.03,0.0,0.0,0.0,0.4,7.0,1016.95,67.44,-16.12
2025-03-24 18:27:37.401000+00:00,,,,,357.312,-0.875,-1.562,22.85,-82.062,-5.875,-19.0,-0.012,-0.023,0.028,-0.19,0.47,9.47,0.03,0.31,-0.39,-0.17,0.27,9.8,0.03,0.0,0.0,0.0,0.4,7.0,1016.95,67.44,-16.12
2025-03-24 18:27:38.511000+00:00,,,,,357.312,-0.875,-1.562,22.85,-82.062,-5.875,-19.0,-0.012,-0.023,0.028,0.08,0.27,9.6,0.03,0.31,-0.39,-0.17,0.27,9.8,0.03,0.0,0.0,0.0,0.4,7.0,1016.95,67.44,-16.12
2025-03-24 18:27:39.171000+00:00,,,,,357.312,-0.875,-1.562,22.85,-82.062,-5.875,-19.0,-0.012,-0.023,0.028,-0.29,0.26,9.44,0.03,0.31,-0.39,-0.17,0.27,9.8,0.03,0.0,0.0,0.0,0.4,7.0,1016.95,67.44,-16.12
2025-03-24 18:27:40.288000+00:00,,,,,357.312,-0.875,-1.562,22.85,-82.062,-5.875,-19.0,-0.012,-0.023,0.028,-0.35,0.12,9.34,0.03,0.31,-0.39,-0.17,0.27,9.8,0.03,0.0,0.0,0.0,0.4,7.0,1016.95,67.44,-16.12
2025-03-24 18:27:41.332000+00:00,,,,,357.312,-0.875,-1.562,22.85,-82.062,-5.875,-19.0,-0.012,-0.023,0.028,-0.3,0.18,9.36,0.03,0.31,-0.39,-0.17,0.27,9.8,0.03,0.0,0.0,0.0,0.4,7.0,1016.95,67.44,-16.12
2025-03-24 18:27:42.477000+00:00,,,,,357.312,-0.875,-1.562,22.85,-82.062,-5.875,-19.0,-0.012,-0.023,0.028,-0.2,-0.07,9.48,0.03,0.31,-0.39,-0.17,0.27,9.8,0.03,0.0,0.0,0.0,0.4,7.0,1016.95,67.44,-16.12
2025-03-24 18:27:43.494000+00:00,,,,,357.312,-0.875,-1.562,22.85,-82.062,-5.875,-19.0,-0.012,-0.023,0.028,-0.26,0.49,9.44,0.03,0.31,-0.39,-0.17,0.27,9.8,0.03,0.0,0.0,0.0,0.4,7.0,1016.95,67.44,-16.12
2025-03-24 18:27:44.198000+00:00,,,,,357.312,-0.875,-1.562,22.85,-82.062,-5.875,-19.0,-0.012,-0.023,0.028,-0.28,0.03,9.42,0.03,0.31,-0.39,-0.17,0.27,9.8,0.03,0.0,0.0,0.0,0.4,7.0,1016.95,67.44,-16.12
2025-03-24 18:27:45.194000+00:00,,,,,357.312,-0.875,-1.562,22.85,-82.062,-5.875,-19.0,-0.012,-0.023,0.028,0.0,0.32,9.44,0.03,0.31,-0.39,-0.17,0.27,9.8,0.03,0.0,0.0,0.0,0.4,7.0,1016.95,67.44,-16.12
2025-03-24 18:27:46.210000+00:00,,,,,357.312,-0.875,-1.562,22.85,-82.062,-5.875,-19.0,-0.012,-0.023,0.028,-0.16,-0.15,9.37,0.03,0.31,-0.39,-0.17,0.27,9.8,0.03,0.0,0.0,0.0,0.4,7.0,1016.95,67.44,-16.12
2025-03-24 18:27:47.224000+00:00,,,,,357.312,-0.875,-1.562,22.85,-82.062,-5.875,-19.0,-0.012,-0.023,0.028,-0.1,0.09,9.53,0.03,0.31,-0.39,-0.17,0.27,9.8,0.03,0.0,0.0,0.0,0.4,7.0,1016.95,67.44,-16.12
2025-03-24 18:27:48.257000+00:00,,,,,357.312,-0.875,-1.562,22.85,-82.062,-5.875,-19.0,-0.012,-0.023,0.028,-0.42,0.22,9.35,0.03,0.31,-0.39,-0.17,0.27,9.8,0.03,0.0,0.0,0.0,0.4,7.0,1016.95,67.44,-16.12
2025-03-24 18:27:49.261000+00:00,,,,,357.312,-0.875,-1.562,22.85,-82.062,-5.875,-19.0,-0.012,-0.023,0.028,0.15,0.35,9.48,0.03,0.31,-0.39,-0.17,0.27,9.8,0.03,0.0,0.0,0.0,0.4,7.0,1016.95,67.44,-16.12
2025-03-24 18:27:50.420000+00:00,,,,,357.312,-0.875,-1.562,22.85,-82.062,-5.875,-19.0,-0.012,-0.023,0.028,-0.06,0.79,9.39,0.03,0.31,-0.39,-0.17,0.27,9.8,0.03,0.0,0.0,0.0,0.4,7.0,1016.95,67.44,-16.12
2025-03-24 18:27:51.560000+00:00,,,,,357.312,-0.875,-1.562,22.85,-82.062,-5.875,-19.0,-0.012,-0.023,0.028,-0.57,0.08,9.32,0.03,0.31,-0.39,-0.17,0.27,9.8,0.03,0.0,0.0,0.0,0.4,7.0,1016.95,67.44,-16.12
2025-03-24 18:27:52.528000+00:00,,,,,357.312,-0.875,-1.562,22.85,-82.062,-5.875,-19.0,-0.012,-0.023,0.028,-0.46,0.12,9.49,0.03,0.31,-0.39,-0.17,0.27,9.8,0.03,0.0,0.0,0.0,0.4,7.0,1016.95,67.44,-16.12
2025-03-24 18:27:53.543000+00:00,,,,,357.312,-0.875,-1.562,22.85,-82.062,-5.875,-19.0,-0.012,-0.023,0.028,-0.27,0.4,9.46,0.03,0.31,-0.39,-0.17,0.27,9.8,0.03,0.0,0.0,0.0,0.4,7.0,1016.95,67.44,-16.12
2025-03-24 18:27:54.300000+00:00,,,,,357.312,-0.875,-1.562,22.85,-82.062,-5.875,-19.0,-0.012,-0.023,0.028,-0.18,0.28,9.52,0.03,0.31,-0.39,-0.17,0.27,9.8,0.03,0.0,0.0,0.0,0.4,7.0,1016.95,67.44,-16.12
2025-03-24 18:27:55.283000+00:00,,,,,357.312,-0.875,-1.562,22.85,-82.062,-5.875,-19.0,-0.012,-0.023,0.028,-0.24,0.22,9.4,0.03,0.31,-0.39,-0.17,0.27,9.8,0.03,0.0,0.0,0.0,0.4,7.0,1016.95,67.44,-16.12
2025-03-24 18:27:56.303000+00:00,,,,,357.312,-0.875,-1.562,22.85,-82.062,-5.875,-19.0,-0.012,-0.023,0.028,-0.28,0.05,9.46,0.03,0.31,-0.39,-0.17,0.27,9.8,0.03,0.0,0.0,0.0,0.4,7.0,1016.95,67.44,-16.12
2025-03-24 18:27:57.303000+00:00,,,,,357.312,-0.875,-1.562,22.85,-82.062,-5.875,-19.0,-0.012,-0.023,0.028,-0.3,0.17,9.51,0.03,0.31,-0.39,-0.17,0.27,9.8,0.03,0.0,0.0,0.0,0.4,7.0,1016.95,67.44,-16.12
2025-03-24 18:27:58.313000+00:00,,,,,357.312,-0.875,-1.562,22.85,-82.062,-5.875,-19.0,-0.012,-0.023,0.028,-0.18,0.4,9.4,0.03,0.31,-0.39,-0.17,0.27,9.8,0.03,0.0,0.0,0.0,0.4,7.0,1016.95,67.44,-16.12
2025-03-24 18:27:59.322000+00:00,,,,,357.312,-0.875,-1.562,22.85,-82.062,-5.875,-19.0,-0.012,-0.023,0.028,-0.1,0.46,9.39,0.03,0.31,-0.39,-0.17,0.27,9.8,0.03,0.0,0.0,0.0,0.4,7.0,1016.95,67.44,-16.12
2025-03-24 18:28:00.333000+00:00,,,,,357.312,-0.875,-1.562,22.85,-82.062,-5.875,-19.0,-0.012,-0.023,0.028,-0.46,0.28,9.34,0.03,0.31,-0.39,-0.17,0.27,9.8,0.03,0.0,0.0,0.0,0.4,7.0,1016.95,67.44,-16.12
2025-03-24 18:28:01.363000+00:00,,,,,357.312,-0.875,-1.562,22.85,-82.062,-5.875,-19.0,-0.012,-0.023,0.028,-0.47,0.3,9.46,0.03,0.31,-0.39,-0.17,0.27,9.8,0.03,0.0,0.0,0.0,0.4,7.0,1016.95,67.44,-16.12
2025-03-24 18:28:02.362000+00:00,,,,,357.312,-0.875,-1.562,22.85,-82.062,-5.875,-19.0,-0.012,-0.023,0.028,0.07,0.56,9.45,0.03,0.31,-0.39,-0.17,0.27,9.8,0.03,0.0,0.0,0.0,0.4,7.0,1016.95,67.44,-16.12
2025-03-24 18:28:03.372000+00:00,,,,,357.312,-0.875,-1.562,22.85,-82.062,-5.875,-19.0,-0.012,-0.023,0.028,-0.33,0.42,9.39,0.03,0.31,-0.39,-0.17,0.27,9.8,0.03,0.0,0.0,0.0,0.4,7.0,1016.95,67.44,-16.12
2025-03-24 18:28:04.372000+00:00,,,,,357.312,-0.875,-1.562,22.85,-82.062,-5.875,-19.0,-0.012,-0.023,0.028,-0.26,-0.17,9.57,0.03,0.31,-0.39,-0.17,0.27,9.8,0.03,0.0,0.0,0.0,0.4,7.0,1016.95,67.44,-16.12
2025-03-24 18:28:05.392000+00:00,,,,,357.312,-0.875,-1.562,22.85,-82.062,-5.875,-19.0,-0.012,-0.023,0.028,-0.19,0.92,9.43,0.03,0.31,-0.39,-0.17,0.27,9.8,0.03,0.0,0.0,0.0,0.4,7.0,1016.95,67.44,-16.12
2025-03-24 18:28:06.392000+00:00,,,,,357.312,-0.875,-1.562,22.85,-82.062,-5.875,-19.0,-0.012,-0.023,0.028,-0.11,0.28,9.39,0.03,0.31,-0.39,-0.17,0.27,9.8,0.03,0.0,0.0,0.0,0.4,7.0,1016.95,67.44,-16.12
2025-03-24 18:28:07.472000+00:00,,,,,357.312,-0.875,-1.562,22.85,-82.062,-5.875,-19.0,-0.012,-0.023,0.028,-0.2,0.07,9.51,0.03,0.31,-0.39,-0.17,0.27,9.8,0.03,0.0,0.0,0.0,0.4,7.0,1016.95,67.44,-16.12
2025-03-24 18:28:08.587000+00:00,,,,,357.312,-0.875,-1.562,22.85,-82.062,-5.875,-19.0,-0.012,-0.023,0.028,-0.26,0.11,9.44,0.03,0.31,-0.39,-0.17,0.27,9.8,0.03,0.0,0.0,0.0,0.4,7.0,1016.95,67.44,-16.12
2025-03-24 18:28:09.412000+00:00,,,,,357.312,-0.875,-1.562,22.85,-82.062,-5.875,-19.0,-0.012,-0.023,0.028,-0.12,-0.18,9.46,0.03,0.31,-0.39,-0.17,0.27,9.8,0.03,0.0,0.0,0.0,0.4,7.0,1016.95,67.44,-16.12
2025-03-24 18:28:10.421000+00:00,,,,,357.312,-0.875,-1.562,22.85,-82.062,-5.875,-19.0,-0.012,-0.023,0.028,-0.11,0.33,9.41,0.03,0.31,-0.39,-0.17,0.27,9.8,0.03,0.0,0.0,0.0,0.4,7.0,1016.95,67.44,-16.12
2025-03-24 18:28:11.441000+00:00,,,,,357.312,-0.875,-1.562,22.85,-82.062,-5.875,-19.0,-0.012,-0.023,0.028,-0.28,0.7,9.47,0.03,0.31,-0.39,-0.17,0.27,9.8,0.03,0.0,0.0,0.0,0.4,7.0,1016.95,67.44,-16.12
2025-03-24 18:27:12.947000+00:00,,,,,357.312,-0.875,-1.562,22.85,-82.062,-5.875,-19.0,-0.012,-0.023,0.028,-0.28,0.7,9.47,0.03,0.31,-0.39,-0.17,0.27,9.8,0.03,0.0,0.0,0.0,0.4,7.0,1016.95,67.44,-16.12
2025-03-24 18:27:13.996000+00:00,,,,,357.312,-0.875,-1.562,22.85,-82.062,-5.875,-19.0,-0.012,-0.023,0.028,-0.28,0.7,9.47,0.15,0.32,-0.42,-0.17,0.27,9.8,0.03,0.0,0.0,0.0,0.4,7.0,1016.95,67.44,-16.12
2025-03-24 18:27:15.156000+00:00,,,,,357.312,-0.875,-1.562,22.85,-82.062,-5.875,-19.0,-0.012,-0.023,0.028,-0.28,0.7,9.47,-0.17,0.39,-0.31,-0.17,0.27,9.8,0.03,0.0,0.0,0.0,0.4,7.0,1016.95,67.44,-16.12
2025-03-24 18:27:15.946000+00:00,,,,,357.312,-0.875,-1.562,22.85,-82.062,-5.875,-19.0,-0.012,-0.023,0.028,-0.28,0.7,9.47,-0.07,0.08,-0.39,-0.17,0.27,9.8,0.03,0.0,0.0,0.0,0.4,7.0,1016.95,67.44,-16.12
2025-03-24 18:27:16.976000+00:00,,,,,357.312,-0.875,-1.562,22.85,-82.062,-5.875,-19.0,-0.012,-0.023,0.028,-0.28,0.7,9.47,-0.18,-0.27,-0.28,-0.17,0.27,9.8,0.03,0.0,0.0,0.0,0.4,7.0,1016.95,67.44,-16.12
2025-03-24 18:27:18.127000+00:00,,,,,357.312,-0.875,-1.562,22.85,-82.062,-5.875,-19.0,-0.012,-0.023,0.028,-0.28,0.7,9.47,-0.25,-0.09,-0.3,-0.17,0.27,9.8,0.03,0.0,0.0,0.0,0.4,7.0,1016.95,67.44,-16.12
2025-03-24 18:27:19.126000+00:00,,,,,357.312,-0.875,-1.562,22.85,-82.062,-5.875,-19.0,-0.012,-0.023,0.028,-0.28,0.7,9.47,-0.22,0.4,-0.38,-0.17,0.27,9.8,0.03,0.0,0.0,0.0,0.4,7.0,1016.95,67.44,-16.12
2025-03-24 18:27:20.173000+00:00,,,,,357.312,-0.875,-1.562,22.85,-82.062,-5.875,-19.0,-0.012,-0.023,0.028,-0.28,0.7,9.47,-0.22,-0.03,-0.31,-0.17,0.27,9.8,0.03,0.0,0.0,0.0,0.4,7.0,1016.95,67.44,-16.12
2025-03-24 18:27:21.126000+00:00,,,,,357.312,-0.875,-1.562,22.85,-82.062,-5.875,-19.0,-0.012,-0.023,0.028,-0.28,0.7,9.47,0.02,0.06,-0.28,-0.17,0.27,9.8,0.03,0.0,0.0,0.0,0.4,7.0,1016.95,67.44,-16.12
2025-03-24 18:27:22.155000+00:00,,,,,357.312,-0.875,-1.562,22.85,-82.062,-5.875,-19.0,-0.012,-0.023,0.028,-0.28,0.7,9.47,-0.09,-0.18,-0.4,-0.17,0.27,9.8,0.03,0.0,0.0,0.0,0.4,7.0,1016.95,67.44,-16.12
2025-03-24 18:27:23.306000+00:00,,,,,357.312,-0.875,-1.562,22.85,-82.062,-5.875,-19.0,-0.012,-0.023,0.028,-0.28,0.7,9.47,0.17,0.03,-0.52,-0.17,0.27,9.8,0.03,0.0,0.0,0.0,0.4,7.0,1016.95,67.44,-16.12
2025-03-24 18:27:24.318000+00:00,,,,,357.312,-0.875,-1.562,22.85,-82.062,-5.875,-19.0,-0.012,-0.023,0.028,-0.28,0.7,9.47,0.07,0.07,-0.3,-0.17,0.27,9.8,0.03,0.0,0.0,0.0,0.4,7.0,1016.95,67.44,-16.12
2025-03-24 18:27:25.175000+00:00,,,,,357.312,-0.875,-1.562,22.85,-82.062,-5.875,-19.0,-0.012,-0.023,0.028,-0.28,0.7,9.47,-0.07,-0.37,-0.23,-0.17,0.27,9.8,0.03,0.0,0.0,0.0,0.4,7.0,1016.95,67.44,-16.12
2025-03-24 18:27:26.356000+00:00,,,,,357.312,-0.875,-1.562,22.85,-82.062,-5.875,-19.0,-0.012,-0.023,0.028,-0.28,0.7,9.47,0.09,0.0,-0.42,-0.17,0.27,9.8,0.03,0.0,0.0,0.0,0.4,7.0,1016.95,67.44,-16.12
2025-03-24 18:27:27.455000+00:00,,,,,357.312,-0.875,-1.562,22.85,-82.062,-5.875,-19.0,-0.012,-0.023,0.028,-0.28,0.7,9.47,0.17,-0.17,-0.37,-0.17,0.27,9.8,0.03,0.0,0.0,0.0,0.4,7.0,1016.95,67.44,-16.12
2025-03-24 18:27:28.488000+00:00,,,,,357.312,-0.875,-1.562,22.85,-82.062,-5.875,-19.0,-0.012,-0.023,0.028,-0.28,0.7,9.47,0.0,0.08,-0.44,-0.17,0.27,9.8,0.03,0.0,0.0,0.0,0.4,7.0,1016.95,67.44,-16.12
2025-03-24 18:27:29.185000+00:00,,,,,357.312,-0.875,-1.562,22.85,-82.062,-5.875,-19.0,-0.012,-0.023,0.028,-0.28,0.7,9.47,0.2,0.11,-0.41,-0.17,0.27,9.8,0.03,0.0,0.0,0.0,0.4,7.0,1016.95,67.44,-16.12
2025-03-24 18:27:30.175000+00:00,,,,,357.312,-0.875,-1.562,22.85,-82.062,-5.875,-19.0,-0.012,-0.023,0.028,-0.28,0.7,9.47,-0.24,-0.2,-0.4,-0.17,0.27,9.8,0.03,0.0,0.0,0.0,0.4,7.0,1016.95,67.44,-16.12
2025-03-24 18:27:31.205000+00:00,,,,,357.312,-0.875,-1.562,22.85,-82.062,-5.875,-19.0,-0.012,-0.023,0.028,-0.28,0.7,9.47,-0.13,0.04,-0.37,-0.17,0.27,9.8,0.03,0.0,0.0,0.0,0.4,7.0,1016.95,67.44,-16.12
2025-03-24 18:27:32.191000+00:00,,,,,357.312,-0.875,-1.562,22.85,-82.062,-5.875,-19.0,-0.012,-0.023,0.028,-0.28,0.7,9.47,-0.3,0.2,-0.35,-0.17,0.27,9.8,0.03,0.0,0.0,0.0,0.4,7.0,1016.95,67.44,-16.12
2025-03-24 18:27:33.201000+00:00,,,,,357.312,-0.875,-1.562,22.85,-82.062,-5.875,-19.0,-0.012,-0.023,0.028,-0.28,0.7,9.47,-0.13,0.33,-0.36,-0.17,0.27,9.8,0.03,0.0,0.0,0.0,0.4,7.0,1016.95,67.44,-16.12
2025-03-24 18:27:34.220000+00:00,,,,,357.312,-0.875,-1.562,22.85,-82.062,-5.875,-19.0,-0.012,-0.023,0.028,-0.28,0.7,9.47,-0.16,-0.01,-0.37,-0.17,0.27,9.8,0.03,0.0,0.0,0.0,0.4,7.0,1016.95,67.44,-16.12
2025-03-24 18:27:35.271000+00:00,,,,,357.312,-0.875,-1.562,22.85,-82.062,-5.875,-19.0,-0.012,-0.023,0.028,-0.28,0.7,9.47,-0.13,0.15,-0.33,-0.17,0.27,9.8,0.03,0.0,0.0,0.0,0.4,7.0,1016.95,67.44,-16.12
2025-03-24 18:27:36.422000+00:00,,,,,357.312,-0.875,-1.562,22.85,-82.062,-5.875,-19.0,-0.012,-0.023,0.028,-0.28,0.7,9.47,-0.42,0.06,-0.44,-0.17,0.27,9.8,0.03,0.0,0.0,0.0,0.4,7.0,1016.95,67.44,-16.12
2025-03-24 18:27:37.456000+00:00,,,,,357.312,-0.875,-1.562,22.85,-82.062,-5.875,-19.0,-0.012,-0.023,0.028,-0.28,0.7,9.47,-0.02,0.2,-0.33,-0.17,0.27,9.8,0.03,0.0,0.0,0.0,0.4,7.0,1016.95,67.44,-16.12
2025-03-24 18:27:38.565000+00:00,,,,,357.312,-0.875,-1.562,22.85,-82.062,-5.875,-19.0,-0.012,-0.023,0.028,-0.28,0.7,9.47,0.25,0.01,-0.2,-0.17,0.27,9.8,0.03,0.0,0.0,0.0,0.4,7.0,1016.95,67.44,-16.12
2025-03-24 18:27:39.231000+00:00,,,,,357.312,-0.875,-1.562,22.85,-82.062,-5.875,-19.0,-0.012,-0.023,0.028,-0.28,0.7,9.47,-0.11,0.0,-0.35,-0.17,0.27,9.8,0.03,0.0,0.0,0.0,0.4,7.0,1016.95,67.44,-16.12
2025-03-24 18:27:40.341000+00:00,,,,,357.312,-0.875,-1.562,22.85,-82.062,-5.875,-19.0,-0.012,-0.023,0.028,-0.28,0.7,9.47,-0.16,-0.15,-0.45,-0.17,0.27,9.8,0.03,0.0,0.0,0.0,0.4,7.0,1016.95,67.44,-16.12
2025-03-24 18:27:41.384000+00:00,,,,,357.312,-0.875,-1.562,22.85,-82.062,-5.875,-19.0,-0.012,-0.023,0.028,-0.28,0.7,9.47,-0.1,-0.11,-0.43,-0.17,0.27,9.8,0.03,0.0,0.0,0.0,0.4,7.0,1016.95,67.44,-16.12
2025-03-24 18:27:42.524000+00:00,,,,,357.312,-0.875,-1.562,22.85,-82.062,-5.875,-19.0,-0.012,-0.023,0.028,-0.28,0.7,9.47,-0.02,-0.34,-0.32,-0.17,0.27,9.8,0.03,0.0,0.0,0.0,0.4,7.0,1016.95,67.44,-16.12
2025-03-24 18:27:43.551000+00:00,,,,,357.312,-0.875,-1.562,22.85,-82.062,-5.875,-19.0,-0.012,-0.023,0.028,-0.28,0.7,9.47,-0.1,0.23,-0.35,-0.17,0.27,9.8,0.03,0.0,0.0,0.0,0.4,7.0,1016.95,67.44,-16.12
2025-03-24 18:27:44.251000+00:00,,,,,357.312,-0.875,-1.562,22.85,-82.062,-5.875,-19.0,-0.012,-0.023,0.028,-0.28,0.7,9.47,-0.13,-0.21,-0.37,-0.17,0.27,9.8,0.03,0.0,0.0,0.0,0.4,7.0,1016.95,67.44,-16.12
2025-03-24 18:27:45.251000+00:00,,,,,357.312,-0.875,-1.562,22.85,-82.062,-5.875,-19.0,-0.012,-0.023,0.028,-0.28,0.7,9.47,0.16,0.06,-0.35,-0.17,0.27,9.8,0.03,0.0,0.0,0.0,0.4,7.0,1016.95,67.44,-16.12
2025-03-24 18:27:46.264000+00:00,,,,,357.312,-0.875,-1.562,22.85,-82.062,-5.875,-19.0,-0.012,-0.023,0.028,-0.28,0.7,9.47,0.0,-0.41,-0.42,-0.17,0.27,9.8,0.03,0.0,0.0,0.0,0.4,7.0,1016.95,67.44,-16.12
2025-03-24 18:27:47.281000+00:00,,,,,357.312,-0.875,-1.562,22.85,-82.062,-5.875,-19.0,-0.012,-0.023,0.028,-0.28,0.7,9.47,0.06,-0.16,-0.26,-0.17,0.27,9.8,0.03,0.0,0.0,0.0,0.4,7.0,1016.95,67.44,-16.12
2025-03-24 18:27:48.305000+00:00,,,,,357.312,-0.875,-1.562,22.85,-82.062,-5.875,-19.0,-0.012,-0.023,0.028,-0.28,0.7,9.47,-0.25,-0.02,-0.45,-0.17,0.27,9.8,0.03,0.0,0.0,0.0,0.4,7.0,1016.95,67.44,-16.12
2025-03-24 18:27:49.320000+00:00,,,,,357.312,-0.875,-1.562,22.85,-82.062,-5.875,-19.0,-0.012,-0.023,0.028,-0.28,0.7,9.47,0.32,0.1,-0.31,-0.17,0.27,9.8,0.03,0.0,0.0,0.0,0.4,7.0,1016.95,67.44,-16.12
2025-03-24 18:27:50.483000+00:00,,,,,357.312,-0.875,-1.562,22.85,-82.062,-5.875,-19.0,-0.012,-0.023,0.028,-0.28,0.7,9.47,0.09,0.54,-0.4,-0.17,0.27,9.8,0.03,0.0,0.0,0.0,0.4,7.0,1016.95,67.44,-16.12
2025-03-24 18:27:51.615000+00:00,,,,,357.312,-0.875,-1.562,22.85,-82.062,-5.875,-19.0,-0.012,-0.023,0.028,-0.28,0.7,9.47,-0.4,-0.17,-0.47,-0.17,0.27,9.8,0.03,0.0,0.0,0.0,0.4,7.0,1016.95,67.44,-16.12
2025-03-24 18:27:52.573000+00:00,,,,,357.312,-0.875,-1.562,22.85,-82.062,-5.875,-19.0,-0.012,-0.023,0.028,-0.28,0.7,9.47,-0.28,-0.13,-0.3,-0.17,0.27,9.8,0.03,0.0,0.0,0.0,0.4,7.0,1016.95,67.44,-16.12
2025-03-24 18:27:53.603000+00:00,,,,,357.312,-0.875,-1.562,22.85,-82.062,-5.875,-19.0,-0.012,-0.023,0.028,-0.28,0.7,9.47,-0.1,0.16,-0.34,-0.17,0.27,9.8,0.03,0.0,0.0,0.0,0.4,7.0,1016.95,67.44,-16.12
2025-03-24 18:27:54.357000+00:00,,,,,357.312,-0.875,-1.562,22.85,-82.062,-5.875,-19.0,-0.012,-0.023,0.028,-0.28,0.7,9.47,0.0,0.02,-0.27,-0.17,0.27,9.8,0.03,0.0,0.0,0.0,0.4,7.0,1016.95,67.44,-16.12
2025-03-24 18:27:55.334000+00:00,,,,,357.312,-0.875,-1.562,22.85,-82.062,-5.875,-19.0,-0.012,-0.023,0.028,-0.28,0.7,9.47,-0.06,-0.03,-0.39,-0.17,0.27,9.8,0.03,0.0,0.0,0.0,0.4,7.0,1016.95,67.44,-16.12
2025-03-24 18:27:56.353000+00:00,,,,,357.312,-0.875,-1.562,22.85,-82.062,-5.875,-19.0,-0.012,-0.023,0.028,-0.28,0.7,9.47,-0.09,-0.22,-0.33,-0.17,0.27,9.8,0.03,0.0,0.0,0.0,0.4,7.0,1016.95,67.44,-16.12
2025-03-24 18:27:57.353000+00:00,,,,,357.312,-0.875,-1.562,22.85,-82.062,-5.875,-19.0,-0.012,-0.023,0.028,-0.28,0.7,9.47,-0.11,-0.1,-0.28,-0.17,0.27,9.8,0.03,0.0,0.0,0.0,0.4,7.0,1016.95,67.44,-16.12
2025-03-24 18:27:58.362000+00:00,,,,,357.312,-0.875,-1.562,22.85,-82.062,-5.875,-19.0,-0.012,-0.023,0.028,-0.28,0.7,9.47,0.01,0.13,-0.39,-0.17,0.27,9.8,0.03,0.0,0.0,0.0,0.4,7.0,1016.95,67.44,-16.12
2025-03-24 18:27:59.372000+00:00,,,,,357.312,-0.875,-1.562,22.85,-82.062,-5.875,-19.0,-0.012,-0.023,0.028,-0.28,0.7,9.47,0.08,0.18,-0.4,-0.17,0.27,9.8,0.03,0.0,0.0,0.0,0.4,7.0,1016.95,67.44,-16.12
2025-03-24 18:28:00.382000+00:00,,,,,357.312,-0.875,-1.562,22.85,-82.062,-5.875,-19.0,-0.012,-0.023,0.028,-0.28,0.7,9.47,-0.27,0.0,-0.45,-0.17,0.27,9.8,0.03,0.0,0.0,0.0,0.4,7.0,1016.95,67.44,-16.12
2025-03-24 18:28:01.417000+00:00,,,,,357.312,-0.875,-1.562,22.85,-82.062,-5.875,-19.0,-0.012,-0.023,0.028,-0.28,0.7,9.47,-0.3,0.03,-0.33,-0.17,0.27,9.8,0.03,0.0,0.0,0.0,0.4,7.0,1016.95,67.44,-16.12
2025-03-24 18:28:02.412000+00:00,,,,,357.312,-0.875,-1.562,22.85,-82.062,-5.875,-19.0,-0.012,-0.023,0.028,-0.28,0.7,9.47,0.24,0.3,-0.34,-0.17,0.27,9.8,0.03,0.0,0.0,0.0,0.4,7.0,1016.95,67.44,-16.12
2025-03-24 18:28:03.422000+00:00,,,,,357.312,-0.875,-1.562,22.85,-82.062,-5.875,-19.0,-0.012,-0.023,0.028,-0.28,0.7,9.47,-0.16,0.17,-0.4,-0.17,0.27,9.8,0.03,0.0,0.0,0.0,0.4,7.0,1016.95,67.44,-16.12
2025-03-24 18:28:04.422000+00:00,,,,,357.312,-0.875,-1.562,22.85,-82.062,-5.875,-19.0,-0.012,-0.023,0.028,-0.28,0.7,9.47,-0.09,-0.42,-0.22,-0.17,0.27,9.8,0.03,0.0,0.0,0.0,0.4,7.0,1016.95,67.44,-16.12
2025-03-24 18:28:05.442000+00:00,,,,,357.312,-0.875,-1.562,22.85,-82.062,-5.875,-19.0,-0.012,-0.023,0.028,-0.28,0.7,9.47,-0.01,0.66,-0.36,-0.17,0.27,9.8,0.03,0.0,0.0,0.0,0.4,7.0,1016.95,67.44,-16.12
2025-03-24 18:28:06.442000+00:00,,,,,357.312,-0.875,-1.562,22.85,-82.062,-5.875,-19.0,-0.012,-0.023,0.028,-0.28,0.7,9.47,0.05,0.03,-0.4,-0.17,0.27,9.8,0.03,0.0,0.0,0.0,0.4,7.0,1016.95,67.44,-16.12
2025-03-24 18:28:07.527000+00:00,,,,,357.312,-0.875,-1.562,22.85,-82.062,-5.875,-19.0,-0.012,-0.023,0.028,-0.28,0.7,9.47,-0.04,-0.17,-0.28,-0.17,0.27,9.8,0.03,0.0,0.0,0.0,0.4,7.0,1016.95,67.44,-16.12
2025-03-24 18:28:08.638000+00:00,,,,,357.312,-0.875,-1.562,22.85,-82.062,-5.875,-19.0,-0.012,-0.023,0.028,-0.28,0.7,9.47,-0.09,-0.14,-0.35,-0.17,0.27,9.8,0.03,0.0,0.0,0.0,0.4,7.0,1016.95,67.44,-16.12
2025-03-24 18:28:09.461000+00:00,,,,,357.312,-0.875,-1.562,22.85,-82.062,-5.875,-19.0,-0.012,-0.023,0.028,-0.28,0.7,9.47,0.04,-0.45,-0.33,-0.17,0.27,9.8,0.03,0.0,0.0,0.0,0.4,7.0,1016.95,67.44,-16.12
2025-03-24 18:28:10.472000+00:00,,,,,357.312,-0.875,-1.562,22.85,-82.062,-5.875,-19.0,-0.012,-0.023,0.028,-0.28,0.7,9.47,0.03,0.05,-0.38,-0.17,0.27,9.8,0.03,0.0,0.0,0.0,0.4,7.0,1016.95,67.44,-16.12
2025-03-24 18:28:11.492000+00:00,,,,,357.312,-0.875,-1.562,22.85,-82.062,-5.875,-19.0,-0.012,-0.023,0.028,-0.28,0.7,9.47,-0.13,0.43,-0.33,-0.17,0.27,9.8,0.03,0.0,0.0,0.0,0.4,7.0,1016.95,67.44,-16.12
2025-03-24 18:27:13.003000+00:00,,,,,357.312,-0.875,-1.562,22.85,-82.062,-5.875,-19.0,-0.012,-0.023,0.028,-0.28,0.7,9.47,-0.13,0.43,-0.33,-0.17,0.27,9.8,0.03,0.0,0.0,0.0,0.4,7.0,1016.95,67.44,-16.12
2025-03-24 18:27:14.046000+00:00,,,,,357.312,-0.875,-1.562,22.85,-82.062,-5.875,-19.0,-0.012,-0.023,0.028,-0.28,0.7,9.47,-0.13,0.43,-0.33,-0.16,0.26,9.8,0.03,0.0,0.0,0.0,0.4,7.0,1016.95,67.44,-16.12
2025-03-24 18:27:15.212000+00:00,,,,,357.312,-0.875,-1.562,22.85,-82.062,-5.875,-19.0,-0.012,-0.023,0.028,-0.28,0.7,9.47,-0.13,0.43,-0.33,-0.18,0.28,9.8,0.03,0.0,0.0,0.0,0.4,7.0,1016.95,67.44,-16.12
2025-03-24 18:27:15.996000+00:00,,,,,357.312,-0.875,-1.562,22.85,-82.062,-5.875,-19.0,-0.012,-0.023,0.028,-0.28,0.7,9.47,-0.13,0.43,-0.33,-0.18,0.27,9.8,0.03,0.0,0.0,0.0,0.4,7.0,1016.95,67.44,-16.12
2025-03-24 18:27:17.179000+00:00,,,,,357.312,-0.875,-1.562,22.85,-82.062,-5.875,-19.0,-0.012,-0.023,0.028,-0.28,0.7,9.47,-0.13,0.43,-0.33,-0.18,0.28,9.8,0.03,0.0,0.0,0.0,0.4,7.0,1016.95,67.44,-16.12
2025-03-24 18:27:18.176000+00:00,,,,,357.312,-0.875,-1.562,22.85,-82.062,-5.875,-19.0,-0.012,-0.023,0.028,-0.28,0.7,9.47,-0.13,0.43,-0.33,-0.16,0.26,9.8,0.03,0.0,0.0,0.0,0.4,7.0,1016.95,67.44,-16.12
2025-03-24 18:27:19.176000+00:00,,,,,357.312,-0.875,-1.562,22.85,-82.062,-5.875,-19.0,-0.012,-0.023,0.028,-0.28,0.7,9.47,-0.13,0.43,-0.33,-0.14,0.25,9.8,0.03,0.0,0.0,0.0,0.4,7.0,1016.95,67.44,-16.12
2025-03-24 18:27:20.227000+00:00,,,,,357.312,-0.875,-1.562,22.85,-82.062,-5.875,-19.0,-0.012,-0.023,0.028,-0.28,0.7,9.47,-0.13,0.43,-0.33,-0.14,0.26,9.8,0.03,0.0,0.0,0.0,0.4,7.0,1016.95,67.44,-16.12
2025-03-24 18:27:21.179000+00:00,,,,,357.312,-0.875,-1.562,22.85,-82.062,-5.875,-19.0,-0.012,-0.023,0.028,-0.28,0.7,9.47,-0.13,0.43,-0.33,-0.14,0.24,9.8,0.03,0.0,0.0,0.0,0.4,7.0,1016.95,67.44,-16.12
2025-03-24 18:27:22.207000+00:00,,,,,357.312,-0.875,-1.562,22.85,-82.062,-5.875,-19.0,-0.012,-0.023,0.028,-0.28,0.7,9.47,-0.13,0.43,-0.33,-0.17,0.26,9.8,0.03,0.0,0.0,0.0,0.4,7.0,1016.95,67.44,-16.12
2025-03-24 18:27:23.356000+00:00,,,,,357.312,-0.875,-1.562,22.85,-82.062,-5.875,-19.0,-0.012,-0.023,0.028,-0.28,0.7,9.47,-0.13,0.43,-0.33,-0.18,0.26,9.8,0.03,0.0,0.0,0.0,0.4,7.0,1016.95,67.44,-16.12
2025-03-24 18:27:24.367000+00:00,,,,,357.312,-0.875,-1.562,22.85,-82.062,-5.875,-19.0,-0.012,-0.023,0.028,-0.28,0.7,9.47,-0.13,0.43,-0.33,-0.18,0.27,9.8,0.03,0.0,0.0,0.0,0.4,7.0,1016.95,67.44,-16.12
2025-03-24 18:27:25.225000+00:00,,,,,357.312,-0.875,-1.562,22.85,-82.062,-5.875,-19.0,-0.012,-0.023,0.028,-0.28,0.7,9.47,-0.13,0.43,-0.33,-0.18,0.25,9.8,0.03,0.0,0.0,0.0,0.4,7.0,1016.95,67.44,-16.12
2025-03-24 18:27:26.405000+00:00,,,,,357.312,-0.875,-1.562,22.85,-82.062,-5.875,-19.0,-0.012,-0.023,0.028,-0.28,0.7,9.47,-0.13,0.43,-0.33,-0.18,0.26,9.8,0.03,0.0,0.0,0.0,0.4,7.0,1016.95,67.44,-16.12
2025-03-24 18:27:27.505000+00:00,,,,,357.312,-0.875,-1.562,22.85,-82.062,-5.875,-19.0,-0.012,-0.023,0.028,-0.28,0.7,9.47,-0.13,0.43,-0.33,-0.18,0.25,9.8,0.03,0.0,0.0,0.0,0.4,7.0,1016.95,67.44,-16.12
2025-03-24 18:27:28.535000+00:00,,,,,357.312,-0.875,-1.562,22.85,-82.062,-5.875,-19.0,-0.012,-0.023,0.028,-0.28,0.7,9.47,-0.13,0.43,-0.33,-0.18,0.26,9.8,0.03,0.0,0.0,0.0,0.4,7.0,1016.95,67.44,-16.12
2025-03-24 18:27:29.242000+00:00,,,,,357.312,-0.875,-1.562,22.85,-82.062,-5.875,-19.0,-0.012,-0.023,0.028,-0.28,0.7,9.47,-0.13,0.43,-0.33,-0.19,0.28,9.8,0.03,0.0,0.0,0.0,0.4,7.0,1016.95,67.44,-16.12
2025-03-24 18:27:30.233000+00:00,,,,,357.312,-0.875,-1.562,22.85,-82.062,-5.875,-19.0,-0.012,-0.023,0.028,-0.28,0.7,9.47,-0.13,0.43,-0.33,-0.18,0.28,9.8,0.03,0.0,0.0,0.0,0.4,7.0,1016.95,67.44,-16.12
2025-03-24 18:27:31.262000+00:00,,,,,357.312,-0.875,-1.562,22.85,-82.062,-5.875,-19.0,-0.012,-0.023,0.028,-0.28,0.7,9.47,-0.13,0.43,-0.33,-0.19,0.28,9.8,0.03,0.0,0.0,0.0,0.4,7.0,1016.95,67.44,-16.12
2025-03-24 18:27:32.245000+00:00,,,,,357.312,-0.875,-1.562,22.85,-82.062,-5.875,-19.0,-0.012,-0.023,0.028,-0.28,0.7,9.47,-0.13,0.43,-0.33,-0.19,0.28,9.8,0.03,0.0,0.0,0.0,0.4,7.0,1016.95,67.44,-16.12
2025-03-24 18:27:33.255000+00:00,,,,,357.312,-0.875,-1.562,22.85,-82.062,-5.875,-19.0,-0.012,-0.023,0.028,-0.28,0.7,9.47,-0.13,0.43,-0.33,-0.18,0.27,9.8,0.03,0.0,0.0,0.0,0.4,7.0,1016.95,67.44,-16.12
2025-03-24 18:27:34.266000+00:00,,,,,357.312,-0.875,-1.562,22.85,-82.062,-5.875,-19.0,-0.012,-0.023,0.028,-0.28,0.7,9.47,-0.13,0.43,-0.33,-0.16,0.27,9.8,0.03,0.0,0.0,0.0,0.4,7.0,1016.95,67.44,-16.12
2025-03-24 18:27:35.324000+00:00,,,,,357.312,-0.875,-1.562,22.85,-82.062,-5.875,-19.0,-0.012,-0.023,0.028,-0.28,0.7,9.47,-0.13,0.43,-0.33,-0.16,0.26,9.8,0.03,0.0,0.0,0.0,0.4,7.0,1016.95,67.44,-16.12
2025-03-24 18:27:36.482000+00:00,,,,,357.312,-0.875,-1.562,22.85,-82.062,-5.875,-19.0,-0.012,-0.023,0.028,-0.28,0.7,9.47,-0.13,0.43,-0.33,-0.15,0.26,9.8,0.03,0.0,0.0,0.0,0.4,7.0,1016.95,67.44,-16.12
2025-03-24 18:27:37.504000+00:00,,,,,357.312,-0.875,-1.562,22.85,-82.062,-5.875,-19.0,-0.012,-0.023,0.028,-0.28,0.7,9.47,-0.13,0.43,-0.33,-0.16,0.27,9.8,0.03,0.0,0.0,0.0,0.4,7.0,1016.95,67.44,-16.12
2025-03-24 18:27:38.619000+00:00,,,,,357.312,-0.875,-1.562,22.85,-82.062,-5.875,-19.0,-0.012,-0.023,0.028,-0.28,0.7,9.47,-0.13,0.43,-0.33,-0.17,0.26,9.8,0.03,0.0,0.0,0.0,0.4,7.0,1016.95,67.44,-16.12
2025-03-24 18:27:39.289000+00:00,,,,,357.312,-0.875,-1.562,22.85,-82.062,-5.875,-19.0,-0.012,-0.023,0.028,-0.28,0.7,9.47,-0.13,0.43,-0.33,-0.17,0.27,9.8,0.03,0.0,0.0,0.0,0.4,7.0,1016.95,67.44,-16.12
2025-03-24 18:27:40.405000+00:00,,,,,357.312,-0.875,-1.562,22.85,-82.062,-5.875,-19.0,-0.012,-0.023,0.028,-0.28,0.7,9.47,-0.13,0.43,-0.33,-0.18,0.28,9.8,0.03,0.0,0.0,0.0,0.4,7.0,1016.95,67.44,-16.12
2025-03-24 18:27:41.434000+00:00,,,,,357.312,-0.875,-1.562,22.85,-82.062,-5.875,-19.0,-0.012,-0.023,0.028,-0.28,0.7,9.47,-0.13,0.43,-0.33,-0.19,0.29,9.8,0.03,0.0,0.0,0.0,0.4,7.0,1016.95,67.44,-16.12
2025-03-24 18:27:42.574000+00:00,,,,,357.312,-0.875,-1.562,22.85,-82.062,-5.875,-19.0,-0.012,-0.023,0.028,-0.28,0.7,9.47,-0.13,0.43,-0.33,-0.18,0.26,9.8,0.03,0.0,0.0,0.0,0.4,7.0,1016.95,67.44,-16.12
2025-03-24 18:27:43.610000+00:00,,,,,357.312,-0.875,-1.562,22.85,-82.062,-5.875,-19.0,-0.012,-0.023,0.028,-0.28,0.7,9.47,-0.13,0.43,-0.33,-0.16,0.25,9.8,0.03,0.0,0.0,0.0,0.4,7.0,1016.95,67.44,-16.12
2025-03-24 18:27:44.304000+00:00,,,,,357.312,-0.875,-1.562,22.85,-82.062,-5.875,-19.0,-0.012,-0.023,0.028,-0.28,0.7,9.47,-0.13,0.43,-0.33,-0.15,0.25,9.8,0.03,0.0,0.0,0.0,0.4,7.0,1016.95,67.44,-16.12
2025-03-24 18:27:45.304000+00:00,,,,,357.312,-0.875,-1.562,22.85,-82.062,-5.875,-19.0,-0.012,-0.023,0.028,-0.28,0.7,9.47,-0.13,0.43,-0.33,-0.17,0.26,9.8,0.03,0.0,0.0,0.0,0.4,7.0,1016.95,67.44,-16.12
2025-03-24 18:27:46.323000+00:00,,,,,357.312,-0.875,-1.562,22.85,-82.062,-5.875,-19.0,-0.012,-0.023,0.028,-0.28,0.7,9.47,-0.13,0.43,-0.33,-0.16,0.25,9.8,0.03,0.0,0.0,0.0,0.4,7.0,1016.95,67.44,-16.12
2025-03-24 18:27:47.333000+00:00,,,,,357.312,-0.875,-1.562,22.85,-82.062,-5.875,-19.0,-0.012,-0.023,0.028,-0.28,0.7,9.47,-0.13,0.43,-0.33,-0.17,0.25,9.8,0.03,0.0,0.0,0.0,0.4,7.0,1016.95,67.44,-16.12
2025-03-24 18:27:48.354000+00:00,,,,,357.312,-0.875,-1.562,22.85,-82.062,-5.875,-19.0,-0.012,-0.023,0.028,-0.28,0.7,9.47,-0.13,0.43,-0.33,-0.16,0.24,9.8,0.03,0.0,0.0,0.0,0.4,7.0,1016.95,67.44,-16.12
2025-03-24 18:27:49.373000+00:00,,,,,357.312,-0.875,-1.562,22.85,-82.062,-5.875,-19.0,-0.012,-0.023,0.028,-0.28,0.7,9.47,-0.13,0.43,-0.33,-0.16,0.25,9.8,0.03,0.0,0.0,0.0,0.4,7.0,1016.95,67.44,-16.12
2025-03-24 18:27:50.550000+00:00,,,,,357.312,-0.875,-1.562,22.85,-82.062,-5.875,-19.0,-0.012,-0.023,0.028,-0.28,0.7,9.47,-0.13,0.43,-0.33,-0.15,0.24,9.8,0.03,0.0,0.0,0.0,0.4,7.0,1016.95,67.44,-16.12
2025-03-24 18:27:51.670000+00:00,,,,,357.312,-0.875,-1.562,22.85,-82.062,-5.875,-19.0,-0.012,-0.023,0.028,-0.28,0.7,9.47,-0.13,0.43,-0.33,-0.17,0.26,9.8,0.03,0.0,0.0,0.0,0.4,7.0,1016.95,67.44,-16.12
2025-03-24 18:27:52.623000+00:00,,,,,357.312,-0.875,-1.562,22.85,-82.062,-5.875,-19.0,-0.012,-0.023,0.028,-0.28,0.7,9.47,-0.13,0.43,-0.33,-0.18,0.25,9.8,0.03,0.0,0.0,0.0,0.4,7.0,1016.95,67.44,-16.12
2025-03-24 18:27:53.653000+00:00,,,,,357.312,-0.875,-1.562,22.85,-82.062,-5.875,-19.0,-0.012,-0.023,0.028,-0.28,0.7,9.47,-0.13,0.43,-0.33,-0.17,0.24,9.8,0.03,0.0,0.0,0.0,0.4,7.0,1016.95,67.44,-16.12
2025-03-24 18:27:54.403000+00:00,,,,,357.312,-0.875,-1.562,22.85,-82.062,-5.875,-19.0,-0.012,-0.023,0.028,-0.28,0.7,9.47,-0.13,0.43,-0.33,-0.17,0.25,9.8,0.03,0.0,0.0,0.0,0.4,7.0,1016.95,67.44,-16.12
2025-03-24 18:27:55.390000+00:00,,,,,357.312,-0.875,-1.562,22.85,-82.062,-5.875,-19.0,-0.012,-0.023,0.028,-0.28,0.7,9.47,-0.13,0.43,-0.33,-0.18,0.26,9.8,0.03,0.0,0.0,0.0,0.4,7.0,1016.95,67.44,-16.12
2025-03-24 18:27:56.403000+00:00,,,,,357.312,-0.875,-1.562,22.85,-82.062,-5.875,-19.0,-0.012,-0.023,0.028,-0.28,0.7,9.47,-0.13,0.43,-0.33,-0.19,0.28,9.8,0.03,0.0,0.0,0.0,0.4,7.0,1016.95,67.44,-16.12
2025-03-24 18:27:57.403000+00:00,,,,,357.312,-0.875,-1.562,22.85,-82.062,-5.875,-19.0,-0.012,-0.023,0.028,-0.28,0.7,9.47,-0.13,0.43,-0.33,-0.18,0.27,9.8,0.03,0.0,0.0,0.0,0.4,7.0,1016.95,67.44,-16.12
2025-03-24 18:27:58.413000+00:00,,,,,357.312,-0.875,-1.562,22.85,-82.062,-5.875,-19.0,-0.012,-0.023,0.028,-0.28,0.7,9.47,-0.13,0.43,-0.33,-0.19,0.27,9.8,0.03,0.0,0.0,0.0,0.4,7.0,1016.95,67.44,-16.12
2025-03-24 18:27:59.422000+00:00,,,,,357.312,-0.875,-1.562,22.85,-82.062,-5.875,-19.0,-0.012,-0.023,0.028,-0.28,0.7,9.47,-0.13,0.43,-0.33,-0.19,0.27,9.8,0.03,0.0,0.0,0.0,0.4,7.0,1016.95,67.44,-16.12
2025-03-24 18:28:00.433000+00:00,,,,,357.312,-0.875,-1.562,22.85,-82.062,-5.875,-19.0,-0.012,-0.023,0.028,-0.28,0.7,9.47,-0.13,0.43,-0.33,-0.19,0.28,9.8,0.03,0.0,0.0,0.0,0.4,7.0,1016.95,67.44,-16.12
2025-03-24 18:28:01.463000+00:00,,,,,357.312,-0.875,-1.562,22.85,-82.062,-5.875,-19.0,-0.012,-0.023,0.028,-0.28,0.7,9.47,-0.13,0.43,-0.33,-0.17,0.26,9.8,0.03,0.0,0.0,0.0,0.4,7.0,1016.95,67.44,-16.12
2025-03-24 18:28:02.479000+00:00,,,,,357.312,-0.875,-1.562,22.85,-82.062,-5.875,-19.0,-0.012,-0.023,0.028,-0.28,0.7,9.47,-0.13,0.43,-0.33,-0.16,0.25,9.8,0.03,0.0,0.0,0.0,0.4,7.0,1016.95,67.44,-16.12
2025-03-24 18:28:03.472000+00:00,,,,,357.312,-0.875,-1.562,22.85,-82.062,-5.875,-19.0,-0.012,-0.023,0.028,-0.28,0.7,9.47,-0.13,0.43,-0.33,-0.16,0.25,9.8,0.03,0.0,0.0,0.0,0.4,7.0,1016.95,67.44,-16.12
2025-03-24 18:28:04.482000+00:00,,,,,357.312,-0.875,-1.562,22.85,-82.062,-5.875,-19.0,-0.012,-0.023,0.028,-0.28,0.7,9.47,-0.13,0.43,-0.33,-0.16,0.25,9.8,0.03,0.0,0.0,0.0,0.4,7.0,1016.95,67.44,-16.12
2025-03-24 18:28:05.499000+00:00,,,,,357.312,-0.875,-1.562,22.85,-82.062,-5.875,-19.0,-0.012,-0.023,0.028,-0.28,0.7,9.47,-0.13,0.43,-0.33,-0.17,0.25,9.8,0.03,0.0,0.0,0.0,0.4,7.0,1016.95,67.44,-16.12
2025-03-24 18:28:06.492000+00:00,,,,,357.312,-0.875,-1.562,22.85,-82.062,-5.875,-19.0,-0.012,-0.023,0.028,-0.28,0.7,9.47,-0.13,0.43,-0.33,-0.16,0.25,9.8,0.03,0.0,0.0,0.0,0.4,7.0,1016.95,67.44,-16.12
2025-03-24 18:28:07.589000+00:00,,,,,357.312,-0.875,-1.562,22.85,-82.062,-5.875,-19.0,-0.012,-0.023,0.028,-0.28,0.7,9.47,-0.13,0.43,-0.33,-0.15,0.25,9.8,0.03,0.0,0.0,0.0,0.4,7.0,1016.95,67.44,-16.12
2025-03-24 18:28:08.691000+00:00,,,,,357.312,-0.875,-1.562,22.85,-82.062,-5.875,-19.0,-0.012,-0.023,0.028,-0.28,0.7,9.47,-0.13,0.43,-0.33,-0.16,0.26,9.8,0.03,0.0,0.0,0.0,0.4,7.0,1016.95,67.44,-16.12
2025-03-24 18:28:09.511000+00:00,,,,,357.312,-0.875,-1.562,22.85,-82.062,-5.875,-19.0,-0.012,-0.023,0.028,-0.28,0.7,9.47,-0.13,0.43,-0.33,-0.16,0.27,9.8,0.03,0.0,0.0,0.0,0.4,7.0,1016.95,67.44,-16.12
2025-03-24 18:28:10.521000+00:00,,,,,357.312,-0.875,-1.562,22.85,-82.062,-5.875,-19.0,-0.012,-0.023,0.028,-0.28,0.7,9.47,-0.13,0.43,-0.33,-0.15,0.27,9.8,0.03,0.0,0.0,0.0,0.4,7.0,1016.95,67.44,-16.12
2025-03-24 18:28:11.541000+00:00,,,,,357.312,-0.875,-1.562,22.85,-82.062,-5.875,-19.0,-0.012,-0.023,0.028,-0.28,0.7,9.47,-0.13,0.43,-0.33,-0.14,0.27,9.8,0.03,0.0,0.0,0.0,0.4,7.0,1016.95,67.44,-16.12
2025-03-24 18:28:12.551000+00:00,,,,,357.312,-0.875,-1.562,22.85,-82.062,-5.875,-19.0,-0.012,-0.023,0.028,-0.28,0.7,9.47,-0.13,0.43,-0.33,-0.14,0.27,9.8,0.03,0.0,0.0,0.0,0.4,7.0,1016.95,67.44,-16.12
2025-03-24 18:27:13.116000+00:00,,,,,357.312,-0.875,-1.562,22.85,-82.062,-5.875,-19.0,-0.012,-0.023,0.028,-0.28,0.7,9.47,-0.13,0.43,-0.33,-0.14,0.27,9.8,0.03,0.0,0.0,0.0,0.4,7.0,1016.95,67.44,-16.12
2025-03-24 18:27:14.146000+00:00,,,,,357.312,-0.875,-1.562,22.85,-82.062,-5.875,-19.0,-0.012,-0.023,0.028,-0.28,0.7,9.47,-0.13,0.43,-0.33,-0.14,0.27,9.8,0.07625,0.0,0.0,0.0,0.4,7.0,1016.95,67.44,-16.12
2025-03-24 18:27:15.316000+00:00,,,,,357.312,-0.875,-1.562,22.85,-82.062,-5.875,-19.0,-0.012,-0.023,0.028,-0.28,0.7,9.47,-0.13,0.43,-0.33,-0.14,0.27,9.8,0.15,0.0,0.0,0.0,0.4,7.0,1016.95,67.44,-16.12
2025-03-24 18:27:16.096000+00:00,,,,,357.312,-0.875,-1.562,22.85,-82.062,-5.875,-19.0,-0.012,-0.023,0.028,-0.28,0.7,9.47,-0.13,0.43,-0.33,-0.14,0.27,9.8,0.24625,0.0,0.0,0.0,0.4,7.0,1016.95,67.44,-16.12
2025-03-24 18:27:17.075000+00:00,,,,,357.312,-0.875,-1.562,22.85,-82.062,-5.875,-19.0,-0.012,-0.023,0.028,-0.28,0.7,9.47,-0.13,0.43,-0.33,-0.14,0.27,9.8,0.21125,0.0,0.0,0.0,0.4,7.0,1016.95,67.44,-16.12
2025-03-24 18:27:17.926000+00:00,,,,,357.312,-0.875,-1.562,22.85,-82.062,-5.875,-19.0,-0.012,-0.023,0.028,-0.28,0.7,9.47,-0.13,0.43,-0.33,-0.14,0.27,9.8,0.2675,0.0,0.0,0.0,0.4,7.0,1016.95,67.44,-16.12
2025-03-24 18:27:18.778000+00:00,,,,,357.312,-0.875,-1.562,22.85,-82.062,-5.875,-19.0,-0.012,-0.023,0.028,-0.28,0.7,9.47,-0.13,0.43,-0.33,-0.14,0.27,9.8,0.17625,0.0,0.0,0.0,0.4,7.0,1016.95,67.44,-16.12
2025-03-24 18:27:19.788000+00:00,,,,,357.312,-0.875,-1.562,22.85,-82.062,-5.875,-19.0,-0.012,-0.023,0.028,-0.28,0.7,9.47,-0.13,0.43,-0.33,-0.14,0.27,9.8,0.1375,0.0,0.0,0.0,0.4,7.0,1016.95,67.44,-16.12
2025-03-24 18:27:20.776000+00:00,,,,,357.312,-0.875,-1.562,22.85,-82.062,-5.875,-19.0,-0.012,-0.023,0.028,-0.28,0.7,9.47,-0.13,0.43,-0.33,-0.14,0.27,9.8,0.17,0.0,0.0,0.0,0.4,7.0,1016.95,67.44,-16.12
2025-03-24 18:27:21.786000+00:00,,,,,357.312,-0.875,-1.562,22.85,-82.062,-5.875,-19.0,-0.012,-0.023,0.028,-0.28,0.7,9.47,-0.13,0.43,-0.33,-0.14,0.27,9.8,0.20375000000000001,0.0,0.0,0.0,0.4,7.0,1016.95,67.44,-16.12
2025-03-24 18:27:22.912000+00:00,,,,,357.312,-0.875,-1.562,22.85,-82.062,-5.875,-19.0,-0.012,-0.023,0.028,-0.28,0.7,9.47,-0.13,0.43,-0.33,-0.14,0.27,9.8,0.14375000000000002,0.0,0.0,0.0,0.4,7.0,1016.95,67.44,-16.12
2025-03-24 18:27:23.922000+00:00,,,,,357.312,-0.875,-1.562,22.85,-82.062,-5.875,-19.0,-0.012,-0.023,0.028,-0.28,0.7,9.47,-0.13,0.43,-0.33,-0.14,0.27,9.8,0.13875,0.0,0.0,0.0,0.4,7.0,1016.95,67.44,-16.12
2025-03-24 18:27:24.795000+00:00,,,,,357.312,-0.875,-1.562,22.85,-82.062,-5.875,-19.0,-0.012,-0.023,0.028,-0.28,0.7,9.47,-0.13,0.43,-0.33,-0.14,0.27,9.8,0.0,0.0,0.0,0.0,0.4,7.0,1016.95,67.44,-16.12
2025-03-24 18:27:25.952000+00:00,,,,,357.312,-0.875,-1.562,22.85,-82.062,-5.875,-19.0,-0.012,-0.023,0.028,-0.28,0.7,9.47,-0.13,0.43,-0.33,-0.14,0.27,9.8,0.02625,0.0,0.0,0.0,0.4,7.0,1016.95,67.44,-16.12
2025-03-24 18:27:27.065000+00:00,,,,,357.312,-0.875,-1.562,22.85,-82.062,-5.875,-19.0,-0.012,-0.023,0.028,-0.28,0.7,9.47,-0.13,0.43,-0.33,-0.14,0.27,9.8,0.17375000000000002,0.0,0.0,0.0,0.4,7.0,1016.95,67.44,-16.12
2025-03-24 18:27:27.831000+00:00,,,,,357.312,-0.875,-1.562,22.85,-82.062,-5.875,-19.0,-0.012,-0.023,0.028,-0.28,0.7,9.47,-0.13,0.43,-0.33,-0.14,0.27,9.8,0.11875000000000001,0.0,0.0,0.0,0.4,7.0,1016.95,67.44,-16.12
2025-03-24 18:27:28.814000+00:00,,,,,357.312,-0.875,-1.562,22.85,-82.062,-5.875,-19.0,-0.012,-0.023,0.028,-0.28,0.7,9.47,-0.13,0.43,-0.33,-0.14,0.27,9.8,0.14875,0.0,0.0,0.0,0.4,7.0,1016.95,67.44,-16.12
2025-03-24 18:27:29.815000+00:00,,,,,357.312,-0.875,-1.562,22.85,-82.062,-5.875,-19.0,-0.012,-0.023,0.028,-0.28,0.7,9.47,-0.13,0.43,-0.33,-0.14,0.27,9.8,0.15125,0.0,0.0,0.0,0.4,7.0,1016.95,67.44,-16.12
2025-03-24 18:27:30.816000+00:00,,,,,357.312,-0.875,-1.562,22.85,-82.062,-5.875,-19.0,-0.012,-0.023,0.028,-0.28,0.7,9.47,-0.13,0.43,-0.33,-0.14,0.27,9.8,0.16875,0.0,0.0,0.0,0.4,7.0,1016.95,67.44,-16.12
2025-03-24 18:27:31.814000+00:00,,,,,357.312,-0.875,-1.562,22.85,-82.062,-5.875,-19.0,-0.012,-0.023,0.028,-0.28,0.7,9.47,-0.13,0.43,-0.33,-0.14,0.27,9.8,0.07125000000000001,0.0,0.0,0.0,0.4,7.0,1016.95,67.44,-16.12
2025-03-24 18:27:32.824000+00:00,,,,,357.312,-0.875,-1.562,22.85,-82.062,-5.875,-19.0,-0.012,-0.023,0.028,-0.28,0.7,9.47,-0.13,0.43,-0.33,-0.14,0.27,9.8,0.01625,0.0,0.0,0.0,0.4,7.0,1016.95,67.44,-16.12
2025-03-24 18:27:33.828000+00:00,,,,,357.312,-0.875,-1.562,22.85,-82.062,-5.875,-19.0,-0.012,-0.023,0.028,-0.28,0.7,9.47,-0.13,0.43,-0.33,-0.14,0.27,9.8,0.05,0.0,0.0,0.0,0.4,7.0,1016.95,67.44,-16.12
2025-03-24 18:27:34.888000+00:00,,,,,357.312,-0.875,-1.562,22.85,-82.062,-5.875,-19.0,-0.012,-0.023,0.028,-0.28,0.7,9.47,-0.13,0.43,-0.33,-0.14,0.27,9.8,0.0975,0.0,0.0,0.0,0.4,7.0,1016.95,67.44,-16.12
2025-03-24 18:27:36.032000+00:00,,,,,357.312,-0.875,-1.562,22.85,-82.062,-5.875,-19.0,-0.012,-0.023,0.028,-0.28,0.7,9.47,-0.13,0.43,-0.33,-0.14,0.27,9.8,0.14250000000000002,0.0,0.0,0.0,0.4,7.0,1016.95,67.44,-16.12
2025-03-24 18:27:37.065000+00:00,,,,,357.312,-0.875,-1.562,22.85,-82.062,-5.875,-19.0,-0.012,-0.023,0.028,-0.28,0.7,9.47,-0.13,0.43,-0.33,-0.14,0.27,9.8,0.19125,0.0,0.0,0.0,0.4,7.0,1016.95,67.44,-16.12
2025-03-24 18:27:37.853000+00:00,,,,,357.312,-0.875,-1.562,22.85,-82.062,-5.875,-19.0,-0.012,-0.023,0.028,-0.28,0.7,9.47,-0.13,0.43,-0.33,-0.14,0.27,9.8,0.15125,0.0,0.0,0.0,0.4,7.0,1016.95,67.44,-16.12
2025-03-24 18:27:38.844000+00:00,,,,,357.312,-0.875,-1.562,22.85,-82.062,-5.875,-19.0,-0.012,-0.023,0.028,-0.28,0.7,9.47,-0.13,0.43,-0.33,-0.14,0.27,9.8,0.0,0.0,0.0,0.0,0.4,7.0,1016.95,67.44,-16.12
2025-03-24 18:27:39.954000+00:00,,,,,357.312,-0.875,-1.562,22.85,-82.062,-5.875,-19.0,-0.012,-0.023,0.028,-0.28,0.7,9.47,-0.13,0.43,-0.33,-0.14,0.27,9.8,0.0,0.0,0.0,0.0,0.4,7.0,1016.95,67.44,-16.12
2025-03-24 18:27:40.999000+00:00,,,,,357.312,-0.875,-1.562,22.85,-82.062,-5.875,-19.0,-0.012,-0.023,0.028,-0.28,0.7,9.47,-0.13,0.43,-0.33,-0.14,0.27,9.8,0.04,0.0,0.0,0.0,0.4,7.0,1016.95,67.44,-16.12
2025-03-24 18:27:42.146000+00:00,,,,,357.312,-0.875,-1.562,22.85,-82.062,-5.875,-19.0,-0.012,-0.023,0.028,-0.28,0.7,9.47,-0.13,0.43,-0.33,-0.14,0.27,9.8,0.16125,0.0,0.0,0.0,0.4,7.0,1016.95,67.44,-16.12
2025-03-24 18:27:42.864000+00:00,,,,,357.312,-0.875,-1.562,22.85,-82.062,-5.875,-19.0,-0.012,-0.023,0.028,-0.28,0.7,9.47,-0.13,0.43,-0.33,-0.14,0.27,9.8,0.0775,0.0,0.0,0.0,0.4,7.0,1016.95,67.44,-16.12
2025-03-24 18:27:43.870000+00:00,,,,,357.312,-0.875,-1.562,22.85,-82.062,-5.875,-19.0,-0.012,-0.023,0.028,-0.28,0.7,9.47,-0.13,0.43,-0.33,-0.14,0.27,9.8,0.08125,0.0,0.0,0.0,0.4,7.0,1016.95,67.44,-16.12
2025-03-24 18:27:44.863000+00:00,,,,,357.312,-0.875,-1.562,22.85,-82.062,-5.875,-19.0,-0.012,-0.023,0.028,-0.28,0.7,9.47,-0.13,0.43,-0.33,-0.14,0.27,9.8,0.12375,0.0,0.0,0.0,0.4,7.0,1016.95,67.44,-16.12
2025-03-24 18:27:45.880000+00:00,,,,,357.312,-0.875,-1.562,22.85,-82.062,-5.875,-19.0,-0.012,-0.023,0.028,-0.28,0.7,9.47,-0.13,0.43,-0.33,-0.14,0.27,9.8,0.18875,0.0,0.0,0.0,0.4,7.0,1016.95,67.44,-16.12
2025-03-24 18:27:46.873000+00:00,,,,,357.312,-0.875,-1.562,22.85,-82.062,-5.875,-19.0,-0.012,-0.023,0.028,-0.28,0.7,9.47,-0.13,0.43,-0.33,-0.14,0.27,9.8,0.16,0.0,0.0,0.0,0.4,7.0,1016.95,67.44,-16.12
2025-03-24 18:27:47.884000+00:00,,,,,357.312,-0.875,-1.562,22.85,-82.062,-5.875,-19.0,-0.012,-0.023,0.028,-0.28,0.7,9.47,-0.13,0.43,-0.33,-0.14,0.27,9.8,0.13625,0.0,0.0,0.0,0.4,7.0,1016.95,67.44,-16.12
2025-03-24 18:27:48.929000+00:00,,,,,357.312,-0.875,-1.562,22.85,-82.062,-5.875,-19.0,-0.012,-0.023,0.028,-0.28,0.7,9.47,-0.13,0.43,-0.33,-0.14,0.27,9.8,0.13125,0.0,0.0,0.0,0.4,7.0,1016.95,67.44,-16.12
2025-03-24 18:27:50.082000+00:00,,,,,357.312,-0.875,-1.562,22.85,-82.062,-5.875,-19.0,-0.012,-0.023,0.028,-0.28,0.7,9.47,-0.13,0.43,-0.33,-0.14,0.27,9.8,0.0,0.0,0.0,0.0,0.4,7.0,1016.95,67.44,-16.12
2025-03-24 18:27:51.229000+00:00,,,,,357.312,-0.875,-1.562,22.85,-82.062,-5.875,-19.0,-0.012,-0.023,0.028,-0.28,0.7,9.47,-0.13,0.43,-0.33,-0.14,0.27,9.8,0.02875,0.0,0.0,0.0,0.4,7.0,1016.95,67.44,-16.12
2025-03-24 18:27:51.895000+00:00,,,,,357.312,-0.875,-1.562,22.85,-82.062,-5.875,-19.0,-0.012,-0.023,0.028,-0.28,0.7,9.47,-0.13,0.43,-0.33,-0.14,0.27,9.8,0.08375,0.0,0.0,0.0,0.4,7.0,1016.95,67.44,-16.12
2025-03-24 18:27:52.899000+00:00,,,,,357.312,-0.875,-1.562,22.85,-82.062,-5.875,-19.0,-0.012,-0.023,0.028,-0.28,0.7,9.47,-0.13,0.43,-0.33,-0.14,0.27,9.8,0.0925,0.0,0.0,0.0,0.4,7.0,1016.95,67.44,-16.12
2025-03-24 18:27:53.903000+00:00,,,,,357.312,-0.875,-1.562,22.85,-82.062,-5.875,-19.0,-0.012,-0.023,0.028,-0.28,0.7,9.47,-0.13,0.43,-0.33,-0.14,0.27,9.8,0.1125,0.0,0.0,0.0,0.4,7.0,1016.95,67.44,-16.12
2025-03-24 18:27:54.903000+00:00,,,,,357.312,-0.875,-1.562,22.85,-82.062,-5.875,-19.0,-0.012,-0.023,0.028,-0.28,0.7,9.47,-0.13,0.43,-0.33,-0.14,0.27,9.8,0.18125,0.0,0.0,0.0,0.4,7.0,1016.95,67.44,-16.12
2025-03-24 18:27:55.912000+00:00,,,,,357.312,-0.875,-1.562,22.85,-82.062,-5.875,-19.0,-0.012,-0.023,0.028,-0.28,0.7,9.47,-0.13,0.43,-0.33,-0.14,0.27,9.8,0.23375,0.0,0.0,0.0,0.4,7.0,1016.95,67.44,-16.12
2025-03-24 18:27:56.915000+00:00,,,,,357.312,-0.875,-1.562,22.85,-82.062,-5.875,-19.0,-0.012,-0.023,0.028,-0.28,0.7,9.47,-0.13,0.43,-0.33,-0.14,0.27,9.8,0.1575,0.0,0.0,0.0,0.4,7.0,1016.95,67.44,-16.12
2025-03-24 18:27:57.917000+00:00,,,,,357.312,-0.875,-1.562,22.85,-82.062,-5.875,-19.0,-0.012,-0.023,0.028,-0.28,0.7,9.47,-0.13,0.43,-0.33,-0.14,0.27,9.8,0.0,0.0,0.0,0.0,0.4,7.0,1016.95,67.44,-16.12
2025-03-24 18:27:58.919000+00:00,,,,,357.312,-0.875,-1.562,22.85,-82.062,-5.875,-19.0,-0.012,-0.023,0.028,-0.28,0.7,9.47,-0.13,0.43,-0.33,-0.14,0.27,9.8,0.0,0.0,0.0,0.0,0.4,7.0,1016.95,67.44,-16.12
2025-03-24 18:27:59.922000+00:00,,,,,357.312,-0.875,-1.562,22.85,-82.062,-5.875,-19.0,-0.012,-0.023,0.028,-0.28,0.7,9.47,-0.13,0.43,-0.33,-0.14,0.27,9.8,0.02875,0.0,0.0,0.0,0.4,7.0,1016.95,67.44,-16.12
2025-03-24 18:28:00.926000+00:00,,,,,357.312,-0.875,-1.562,22.85,-82.062,-5.875,-19.0,-0.012,-0.023,0.028,-0.28,0.7,9.47,-0.13,0.43,-0.33,-0.14,0.27,9.8,0.17125,0.0,0.0,0.0,0.4,7.0,1016.95,67.44,-16.12
2025-03-24 18:28:01.938000+00:00,,,,,357.312,-0.875,-1.562,22.85,-82.062,-5.875,-19.0,-0.012,-0.023,0.028,-0.28,0.7,9.47,-0.13,0.43,-0.33,-0.14,0.27,9.8,0.09125,0.0,0.0,0.0,0.4,7.0,1016.95,67.44,-16.12
2025-03-24 18:28:02.962000+00:00,,,,,357.312,-0.875,-1.562,22.85,-82.062,-5.875,-19.0,-0.012,-0.023,0.028,-0.28,0.7,9.47,-0.13,0.43,-0.33,-0.14,0.27,9.8,0.1225,0.0,0.0,0.0,0.4,7.0,1016.95,67.44,-16.12
2025-03-24 18:28:03.938000+00:00,,,,,357.312,-0.875,-1.562,22.85,-82.062,-5.875,-19.0,-0.012,-0.023,0.028,-0.28,0.7,9.47,-0.13,0.43,-0.33,-0.14,0.27,9.8,0.14375000000000002,0.0,0.0,0.0,0.4,7.0,1016.95,67.44,-16.12
2025-03-24 18:28:05.002000+00:00,,,,,357.312,-0.875,-1.562,22.85,-82.062,-5.875,-19.0,-0.012,-0.023,0.028,-0.28,0.7,9.47,-0.13,0.43,-0.33,-0.14,0.27,9.8,0.17375000000000002,0.0,0.0,0.0,0.4,7.0,1016.95,67.44,-16.12
2025-03-24 18:28:06.061000+00:00,,,,,357.312,-0.875,-1.562,22.85,-82.062,-5.875,-19.0,-0.012,-0.023,0.028,-0.28,0.7,9.47,-0.13,0.43,-0.33,-0.14,0.27,9.8,0.1875,0.0,0.0,0.0,0.4,7.0,1016.95,67.44,-16.12
2025-03-24 18:28:07.177000+00:00,,,,,357.312,-0.875,-1.562,22.85,-82.062,-5.875,-19.0,-0.012,-0.023,0.028,-0.28,0.7,9.47,-0.13,0.43,-0.33,-0.14,0.27,9.8,0.1475,0.0,0.0,0.0,0.4,7.0,1016.95,67.44,-16.12
2025-03-24 18:28:07.957000+00:00,,,,,357.312,-0.875,-1.562,22.85,-82.062,-5.875,-19.0,-0.012,-0.023,0.028,-0.28,0.7,9.47,-0.13,0.43,-0.33,-0.14,0.27,9.8,0.0,0.0,0.0,0.0,0.4,7.0,1016.95,67.44,-16.12
2025-03-24 18:28:08.960000+00:00,,,,,357.312,-0.875,-1.562,22.85,-82.062,-5.875,-19.0,-0.012,-0.023,0.028,-0.28,0.7,9.47,-0.13,0.43,-0.33,-0.14,0.27,9.8,0.02375,0.0,0.0,0.0,0.4,7.0,1016.95,67.44,-16.12
2025-03-24 18:28:09.961000+00:00,,,,,357.312,-0.875,-1.562,22.85,-82.062,-5.875,-19.0,-0.012,-0.023,0.028,-0.28,0.7,9.47,-0.13,0.43,-0.33,-0.14,0.27,9.8,0.06875,0.0,0.0,0.0,0.4,7.0,1016.95,67.44,-16.12
2025-03-24 18:28:10.967000+00:00,,,,,357.312,-0.875,-1.562,22.85,-82.062,-5.875,-19.0,-0.012,-0.023,0.028,-0.28,0.7,9.47,-0.13,0.43,-0.33,-0.14,0.27,9.8,0.09125,0.0,0.0,0.0,0.4,7.0,1016.95,67.44,-16.12
2025-03-24 18:28:11.971000+00:00,,,,,357.312,-0.875,-1.562,22.85,-82.062,-5.875,-19.0,-0.012,-0.023,0.028,-0.28,0.7,9.47,-0.13,0.43,-0.33,-0.14,0.27,9.8,0.17875,0.0,0.0,0.0,0.4,7.0,1016.95,67.44,-16.12
2025-03-24 18:27:13.058000+00:00,,,,,357.312,-0.875,-1.562,22.85,-82.062,-5.875,-19.0,-0.012,-0.023,0.028,-0.28,0.7,9.47,-0.13,0.43,-0.33,-0.14,0.27,9.8,0.17875,0.0,0.0,0.0,0.4,7.0,1016.95,67.44,-16.12
2025-03-24 18:27:14.097000+00:00,,,,,357.312,-0.875,-1.562,22.85,-82.062,-5.875,-19.0,-0.012,-0.023,0.028,-0.28,0.7,9.47,-0.13,0.43,-0.33,-0.14,0.27,9.8,0.17875,0.0,0.0,0.0,0.4,7.0,1016.95,67.44,-16.12
2025-03-24 18:27:15.267000+00:00,,,,,357.312,-0.875,-1.562,22.85,-82.062,-5.875,-19.0,-0.012,-0.023,0.028,-0.28,0.7,9.47,-0.13,0.43,-0.33,-0.14,0.27,9.8,0.17875,1.25,0.0,0.0,0.4,7.0,1016.95,67.44,-16.12
2025-03-24 18:27:16.046000+00:00,,,,,357.312,-0.875,-1.562,22.85,-82.062,-5.875,-19.0,-0.012,-0.023,0.028,-0.28,0.7,9.47,-0.13,0.43,-0.33,-0.14,0.27,9.8,0.17875,-1.25,0.0,0.0,0.4,7.0,1016.95,67.44,-16.12
2025-03-24 18:27:17.026000+00:00,,,,,357.312,-0.875,-1.562,22.85,-82.062,-5.875,-19.0,-0.012,-0.023,0.028,-0.28,0.7,9.47,-0.13,0.43,-0.33,-0.14,0.27,9.8,0.17875,1.25,0.0,0.0,0.4,7.0,1016.95,67.44,-16.12
2025-03-24 18:27:17.876000+00:00,,,,,357.312,-0.875,-1.562,22.85,-82.062,-5.875,-19.0,-0.012,-0.023,0.028,-0.28,0.7,9.47,-0.13,0.43,-0.33,-0.14,0.27,9.8,0.17875,0.0,0.0,0.0,0.4,7.0,1016.95,67.44,-16.12
2025-03-24 18:27:18.721000+00:00,,,,,357.312,-0.875,-1.562,22.85,-82.062,-5.875,-19.0,-0.012,-0.023,0.028,-0.28,0.7,9.47,-0.13,0.43,-0.33,-0.14,0.27,9.8,0.17875,-1.25,0.0,0.0,0.4,7.0,1016.95,67.44,-16.12
2025-03-24 18:27:19.724000+00:00,,,,,357.312,-0.875,-1.562,22.85,-82.062,-5.875,-19.0,-0.012,-0.023,0.028,-0.28,0.7,9.47,-0.13,0.43,-0.33,-0.14,0.27,9.8,0.17875,-1.25,0.0,0.0,0.4,7.0,1016.95,67.44,-16.12
2025-03-24 18:27:20.728000+00:00,,,,,357.312,-0.875,-1.562,22.85,-82.062,-5.875,-19.0,-0.012,-0.023,0.028,-0.28,0.7,9.47,-0.13,0.43,-0.33,-0.14,0.27,9.8,0.17875,-1.25,0.0,0.0,0.4,7.0,1016.95,67.44,-16.12
2025-03-24 18:27:21.732000+00:00,,,,,357.312,-0.875,-1.562,22.85,-82.062,-5.875,-19.0,-0.012,-0.023,0.028,-0.28,0.7,9.47,-0.13,0.43,-0.33,-0.14,0.27,9.8,0.17875,0.0,0.0,0.0,0.4,7.0,1016.95,67.44,-16.12
2025-03-24 18:27:22.856000+00:00,,,,,357.312,-0.875,-1.562,22.85,-82.062,-5.875,-19.0,-0.012,-0.023,0.028,-0.28,0.7,9.47,-0.13,0.43,-0.33,-0.14,0.27,9.8,0.17875,0.0,0.0,0.0,0.4,7.0,1016.95,67.44,-16.12
2025-03-24 18:27:23.866000+00:00,,,,,357.312,-0.875,-1.562,22.85,-82.062,-5.875,-19.0,-0.012,-0.023,0.028,-0.28,0.7,9.47,-0.13,0.43,-0.33,-0.14,0.27,9.8,0.17875,-1.25,0.0,0.0,0.4,7.0,1016.95,67.44,-16.12
2025-03-24 18:27:24.745000+00:00,,,,,357.312,-0.875,-1.562,22.85,-82.062,-5.875,-19.0,-0.012,-0.023,0.028,-0.28,0.7,9.47,-0.13,0.43,-0.33,-0.14,0.27,9.8,0.17875,0.0,0.0,0.0,0.4,7.0,1016.95,67.44,-16.12
2025-03-24 18:27:25.891000+00:00,,,,,357.312,-0.875,-1.562,22.85,-82.062,-5.875,-19.0,-0.012,-0.023,0.028,-0.28,0.7,9.47,-0.13,0.43,-0.33,-0.14,0.27,9.8,0.17875,-1.25,0.0,0.0,0.4,7.0,1016.95,67.44,-16.12
2025-03-24 18:27:27.015000+00:00,,,,,357.312,-0.875,-1.562,22.85,-82.062,-5.875,-19.0,-0.012,-0.023,0.028,-0.28,0.7,9.47,-0.13,0.43,-0.33,-0.14,0.27,9.8,0.17875,-1.25,0.0,0.0,0.4,7.0,1016.95,67.44,-16.12
2025-03-24 18:27:27.779000+00:00,,,,,357.312,-0.875,-1.562,22.85,-82.062,-5.875,-19.0,-0.012,-0.023,0.028,-0.28,0.7,9.47,-0.13,0.43,-0.33,-0.14,0.27,9.8,0.17875,-1.25,0.0,0.0,0.4,7.0,1016.95,67.44,-16.12
2025-03-24 18:27:28.758000+00:00,,,,,357.312,-0.875,-1.562,22.85,-82.062,-5.875,-19.0,-0.012,-0.023,0.028,-0.28,0.7,9.47,-0.13,0.43,-0.33,-0.14,0.27,9.8,0.17875,0.0,0.0,0.0,0.4,7.0,1016.95,67.44,-16.12
2025-03-24 18:27:29.761000+00:00,,,,,357.312,-0.875,-1.562,22.85,-82.062,-5.875,-19.0,-0.012,-0.023,0.028,-0.28,0.7,9.47,-0.13,0.43,-0.33,-0.14,0.27,9.8,0.17875,0.0,0.0,0.0,0.4,7.0,1016.95,67.44,-16.12
2025-03-24 18:27:30.765000+00:00,,,,,357.312,-0.875,-1.562,22.85,-82.062,-5.875,-19.0,-0.012,-0.023,0.028,-0.28,0.7,9.47,-0.13,0.43,-0.33,-0.14,0.27,9.8,0.17875,-1.25,0.0,0.0,0.4,7.0,1016.95,67.44,-16.12
2025-03-24 18:27:31.769000+00:00,,,,,357.312,-0.875,-1.562,22.85,-82.062,-5.875,-19.0,-0.012,-0.023,0.028,-0.28,0.7,9.47,-0.13,0.43,-0.33,-0.14,0.27,9.8,0.17875,-1.25,0.0,0.0,0.4,7.0,1016.95,67.44,-16.12
2025-03-24 18:27:32.772000+00:00,,,,,357.312,-0.875,-1.562,22.85,-82.062,-5.875,-19.0,-0.012,-0.023,0.028,-0.28,0.7,9.47,-0.13,0.43,-0.33,-0.14,0.27,9.8,0.17875,0.0,0.0,0.0,0.4,7.0,1016.95,67.44,-16.12
2025-03-24 18:27:33.776000+00:00,,,,,357.312,-0.875,-1.562,22.85,-82.062,-5.875,-19.0,-0.012,-0.023,0.028,-0.28,0.7,9.47,-0.13,0.43,-0.33,-0.14,0.27,9.8,0.17875,1.25,0.0,0.0,0.4,7.0,1016.95,67.44,-16.12
2025-03-24 18:27:34.834000+00:00,,,,,357.312,-0.875,-1.562,22.85,-82.062,-5.875,-19.0,-0.012,-0.023,0.028,-0.28,0.7,9.47,-0.13,0.43,-0.33,-0.14,0.27,9.8,0.17875,-1.25,0.0,0.0,0.4,7.0,1016.95,67.44,-16.12
2025-03-24 18:27:35.974000+00:00,,,,,357.312,-0.875,-1.562,22.85,-82.062,-5.875,-19.0,-0.012,-0.023,0.028,-0.28,0.7,9.47,-0.13,0.43,-0.33,-0.14,0.27,9.8,0.17875,1.25,0.0,0.0,0.4,7.0,1016.95,67.44,-16.12
2025-03-24 18:27:37.011000+00:00,,,,,357.312,-0.875,-1.562,22.85,-82.062,-5.875,-19.0,-0.012,-0.023,0.028,-0.28,0.7,9.47,-0.13,0.43,-0.33,-0.14,0.27,9.8,0.17875,0.0,0.0,0.0,0.4,7.0,1016.95,67.44,-16.12
2025-03-24 18:27:37.792000+00:00,,,,,357.312,-0.875,-1.562,22.85,-82.062,-5.875,-19.0,-0.012,-0.023,0.028,-0.28,0.7,9.47,-0.13,0.43,-0.33,-0.14,0.27,9.8,0.17875,0.0,0.0,0.0,0.4,7.0,1016.95,67.44,-16.12
2025-03-24 18:27:38.794000+00:00,,,,,357.312,-0.875,-1.562,22.85,-82.062,-5.875,-19.0,-0.012,-0.023,0.028,-0.28,0.7,9.47,-0.13,0.43,-0.33,-0.14,0.27,9.8,0.17875,1.25,0.0,0.0,0.4,7.0,1016.95,67.44,-16.12
2025-03-24 18:27:39.904000+00:00,,,,,357.312,-0.875,-1.562,22.85,-82.062,-5.875,-19.0,-0.012,-0.023,0.028,-0.28,0.7,9.47,-0.13,0.43,-0.33,-0.14,0.27,9.8,0.17875,1.25,0.0,0.0,0.4,7.0,1016.95,67.44,-16.12
2025-03-24 18:27:40.944000+00:00,,,,,357.312,-0.875,-1.562,22.85,-82.062,-5.875,-19.0,-0.012,-0.023,0.028,-0.28,0.7,9.47,-0.13,0.43,-0.33,-0.14,0.27,9.8,0.17875,-1.25,0.0,0.0,0.4,7.0,1016.95,67.44,-16.12
2025-03-24 18:27:42.094000+00:00,,,,,357.312,-0.875,-1.562,22.85,-82.062,-5.875,-19.0,-0.012,-0.023,0.028,-0.28,0.7,9.47,-0.13,0.43,-0.33,-0.14,0.27,9.8,0.17875,-1.25,0.0,0.0,0.4,7.0,1016.95,67.44,-16.12
2025-03-24 18:27:42.809000+00:00,,,,,357.312,-0.875,-1.562,22.85,-82.062,-5.875,-19.0,-0.012,-0.023,0.028,-0.28,0.7,9.47,-0.13,0.43,-0.33,-0.14,0.27,9.8,0.17875,0.0,0.0,0.0,0.4,7.0,1016.95,67.44,-16.12
2025-03-24 18:27:43.812000+00:00,,,,,357.312,-0.875,-1.562,22.85,-82.062,-5.875,-19.0,-0.012,-0.023,0.028,-0.28,0.7,9.47,-0.13,0.43,-0.33,-0.14,0.27,9.8,0.17875,1.25,0.0,0.0,0.4,7.0,1016.95,67.44,-16.12
2025-03-24 18:27:44.816000+00:00,,,,,357.312,-0.875,-1.562,22.85,-82.062,-5.875,-19.0,-0.012,-0.023,0.028,-0.28,0.7,9.47,-0.13,0.43,-0.33,-0.14,0.27,9.8,0.17875,1.25,0.0,0.0,0.4,7.0,1016.95,67.44,-16.12
2025-03-24 18:27:45.825000+00:00,,,,,357.312,-0.875,-1.562,22.85,-82.062,-5.875,-19.0,-0.012,-0.023,0.028,-0.28,0.7,9.47,-0.13,0.43,-0.33,-0.14,0.27,9.8,0.17875,0.0,0.0,0.0,0.4,7.0,1016.95,67.44,-16.12
2025-03-24 18:27:46.824000+00:00,,,,,357.312,-0.875,-1.562,22.85,-82.062,-5.875,-19.0,-0.012,-0.023,0.028,-0.28,0.7,9.47,-0.13,0.43,-0.33,-0.14,0.27,9.8,0.17875,0.0,0.0,0.0,0.4,7.0,1016.95,67.44,-16.12
2025-03-24 18:27:47.831000+00:00,,,,,357.312,-0.875,-1.562,22.85,-82.062,-5.875,-19.0,-0.012,-0.023,0.028,-0.28,0.7,9.47,-0.13,0.43,-0.33,-0.14,0.27,9.8,0.17875,1.25,0.0,0.0,0.4,7.0,1016.95,67.44,-16.12
2025-03-24 18:27:48.869000+00:00,,,,,357.312,-0.875,-1.562,22.85,-82.062,-5.875,-19.0,-0.012,-0.023,0.028,-0.28,0.7,9.47,-0.13,0.43,-0.33,-0.14,0.27,9.8,0.17875,0.0,0.0,0.0,0.4,7.0,1016.95,67.44,-16.12
2025-03-24 18:27:50.029000+00:00,,,,,357.312,-0.875,-1.562,22.85,-82.062,-5.875,-19.0,-0.012,-0.023,0.028,-0.28,0.7,9.47,-0.13,0.43,-0.33,-0.14,0.27,9.8,0.17875,0.0,0.0,0.0,0.4,7.0,1016.95,67.44,-16.12
2025-03-24 18:27:51.173000+00:00,,,,,357.312,-0.875,-1.562,22.85,-82.062,-5.875,-19.0,-0.012,-0.023,0.028,-0.28,0.7,9.47,-0.13,0.43,-0.33,-0.14,0.27,9.8,0.17875,-1.25,0.0,0.0,0.4,7.0,1016.95,67.44,-16.12
2025-03-24 18:27:51.842000+00:00,,,,,357.312,-0.875,-1.562,22.85,-82.062,-5.875,-19.0,-0.012,-0.023,0.028,-0.28,0.7,9.47,-0.13,0.43,-0.33,-0.14,0.27,9.8,0.17875,0.0,0.0,0.0,0.4,7.0,1016.95,67.44,-16.12
2025-03-24 18:27:52.845000+00:00,,,,,357.312,-0.875,-1.562,22.85,-82.062,-5.875,-19.0,-0.012,-0.023,0.028,-0.28,0.7,9.47,-0.13,0.43,-0.33,-0.14,0.27,9.8,0.17875,0.0,0.0,0.0,0.4,7.0,1016.95,67.44,-16.12
2025-03-24 18:27:53.849000+00:00,,,,,357.312,-0.875,-1.562,22.85,-82.062,-5.875,-19.0,-0.012,-0.023,0.028,-0.28,0.7,9.47,-0.13,0.43,-0.33,-0.14,0.27,9.8,0.17875,1.25,0.0,0.0,0.4,7.0,1016.95,67.44,-16.12
2025-03-24 18:27:54.853000+00:00,,,,,357.312,-0.875,-1.562,22.85,-82.062,-5.875,-19.0,-0.012,-0.023,0.028,-0.28,0.7,9.47,-0.13,0.43,-0.33,-0.14,0.27,9.8,0.17875,-1.25,0.0,0.0,0.4,7.0,1016.95,67.44,-16.12
2025-03-24 18:27:55.858000+00:00,,,,,357.312,-0.875,-1.562,22.85,-82.062,-5.875,-19.0,-0.012,-0.023,0.028,-0.28,0.7,9.47,-0.13,0.43,-0.33,-0.14,0.27,9.8,0.17875,-1.25,0.0,0.0,0.4,7.0,1016.95,67.44,-16.12
2025-03-24 18:27:56.860000+00:00,,,,,357.312,-0.875,-1.562,22.85,-82.062,-5.875,-19.0,-0.012,-0.023,0.028,-0.28,0.7,9.47,-0.13,0.43,-0.33,-0.14,0.27,9.8,0.17875,0.0,0.0,0.0,0.4,7.0,1016.95,67.44,-16.12
2025-03-24 18:27:57.864000+00:00,,,,,357.312,-0.875,-1.562,22.85,-82.062,-5.875,-19.0,-0.012,-0.023,0.028,-0.28,0.7,9.47,-0.13,0.43,-0.33,-0.14,0.27,9.8,0.17875,0.0,0.0,0.0,0.4,7.0,1016.95,67.44,-16.12
2025-03-24 18:27:58.868000+00:00,,,,,357.312,-0.875,-1.562,22.85,-82.062,-5.875,-19.0,-0.012,-0.023,0.028,-0.28,0.7,9.47,-0.13,0.43,-0.33,-0.14,0.27,9.8,0.17875,-1.25,0.0,0.0,0.4,7.0,1016.95,67.44,-16.12
2025-03-24 18:27:59.871000+00:00,,,,,357.312,-0.875,-1.562,22.85,-82.062,-5.875,-19.0,-0.012,-0.023,0.028,-0.28,0.7,9.47,-0.13,0.43,-0.33,-0.14,0.27,9.8,0.17875,0.0,0.0,0.0,0.4,7.0,1016.95,67.44,-16.12
2025-03-24 18:28:00.875000+00:00,,,,,357.312,-0.875,-1.562,22.85,-82.062,-5.875,-19.0,-0.012,-0.023,0.028,-0.28,0.7,9.47,-0.13,0.43,-0.33,-0.14,0.27,9.8,0.17875,0.0,0.0,0.0,0.4,7.0,1016.95,67.44,-16.12
2025-03-24 18:28:01.879000+00:00,,,,,357.312,-0.875,-1.562,22.85,-82.062,-5.875,-19.0,-0.012,-0.023,0.028,-0.28,0.7,9.47,-0.13,0.43,-0.33,-0.14,0.27,9.8,0.17875,0.0,0.0,0.0,0.4,7.0,1016.95,67.44,-16.12
2025-03-24 18:28:02.912000+00:00,,,,,357.312,-0.875,-1.562,22.85,-82.062,-5.875,-19.0,-0.012,-0.023,0.028,-0.28,0.7,9.47,-0.13,0.43,-0.33,-0.14,0.27,9.8,0.17875,0.0,0.0,0.0,0.4,7.0,1016.95,67.44,-16.12
2025-03-24 18:28:03.886000+00:00,,,,,357.312,-0.875,-1.562,22.85,-82.062,-5.875,-19.0,-0.012,-0.023,0.028,-0.28,0.7,9.47,-0.13,0.43,-0.33,-0.14,0.27,9.8,0.17875,0.0,0.0,0.0,0.4,7.0,1016.95,67.44,-16.12
2025-03-24 18:28:04.953000+00:00,,,,,357.312,-0.875,-1.562,22.85,-82.062,-5.875,-19.0,-0.012,-0.023,0.028,-0.28,0.7,9.47,-0.13,0.43,-0.33,-0.14,0.27,9.8,0.17875,-1.25,0.0,0.0,0.4,7.0,1016.95,67.44,-16.12
2025-03-24 18:28:06.008000+00:00,,,,,357.312,-0.875,-1.562,22.85,-82.062,-5.875,-19.0,-0.012,-0.023,0.028,-0.28,0.7,9.47,-0.13,0.43,-0.33,-0.14,0.27,9.8,0.17875,-1.25,0.0,0.0,0.4,7.0,1016.95,67.44,-16.12
2025-03-24 18:28:07.121000+00:00,,,,,357.312,-0.875,-1.562,22.85,-82.062,-5.875,-19.0,-0.012,-0.023,0.028,-0.28,0.7,9.47,-0.13,0.43,-0.33,-0.14,0.27,9.8,0.17875,2.5,0.0,0.0,0.4,7.0,1016.95,67.44,-16.12
2025-03-24 18:28:07.901000+00:00,,,,,357.312,-0.875,-1.562,22.85,-82.062,-5.875,-19.0,-0.012,-0.023,0.028,-0.28,0.7,9.47,-0.13,0.43,-0.33,-0.14,0.27,9.8,0.17875,0.0,0.0,0.0,0.4,7.0,1016.95,67.44,-16.12
2025-03-24 18:28:08.905000+00:00,,,,,357.312,-0.875,-1.562,22.85,-82.062,-5.875,-19.0,-0.012,-0.023,0.028,-0.28,0.7,9.47,-0.13,0.43,-0.33,-0.14,0.27,9.8,0.17875,0.0,0.0,0.0,0.4,7.0,1016.95,67.44,-16.12
2025-03-24 18:28:09.908000+00:00,,,,,357.312,-0.875,-1.562,22.85,-82.062,-5.875,-19.0,-0.012,-0.023,0.028,-0.28,0.7,9.47,-0.13,0.43,-0.33,-0.14,0.27,9.8,0.17875,-1.25,0.0,0.0,0.4,7.0,1016.95,67.44,-16.12
2025-03-24 18:28:10.914000+00:00,,,,,357.312,-0.875,-1.562,22.85,-82.062,-5.875,-19.0,-0.012,-0.023,0.028,-0.28,0.7,9.47,-0.13,0.43,-0.33,-0.14,0.27,9.8,0.17875,0.0,0.0,0.0,0.4,7.0,1016.95,67.44,-16.12
2025-03-24 18:28:11.921000+00:00,,,,,357.312,-0.875,-1.562,22.85,-82.062,-5.875,-19.0,-0.012,-0.023,0.028,-0.28,0.7,9.47,-0.13,0.43,-0.33,-0.14,0.27,9.8,0.17875,1.25,0.0,0.0,0.4,7.0,1016.95,67.44,-16.12
2025-03-24 18:27:13.167000+00:00,,,,,357.312,-0.875,-1.562,22.85,-82.062,-5.875,-19.0,-0.012,-0.023,0.028,-0.28,0.7,9.47,-0.13,0.43,-0.33,-0.14,0.27,9.8,0.17875,1.25,0.0,0.0,0.4,7.0,1016.95,67.44,-16.12
2025-03-24 18:27:14.196000+00:00,,,,,357.312,-0.875,-1.562,22.85,-82.062,-5.875,-19.0,-0.012,-0.023,0.028,-0.28,0.7,9.47,-0.13,0.43,-0.33,-0.14,0.27,9.8,0.17875,1.25,0.0,0.0,0.4,7.0,1016.95,67.44,-16.12
2025-03-24 18:27:15.372000+00:00,,,,,357.312,-0.875,-1.562,22.85,-82.062,-5.875,-19.0,-0.012,-0.023,0.028,-0.28,0.7,9.47,-0.13,0.43,-0.33,-0.14,0.27,9.8,0.17875,1.25,0.0,0.0,0.4,7.0,1016.95,67.44,-16.12
2025-03-24 18:27:16.146000+00:00,,,,,357.312,-0.875,-1.562,22.85,-82.062,-5.875,-19.0,-0.012,-0.023,0.028,-0.28,0.7,9.47,-0.13,0.43,-0.33,-0.14,0.27,9.8,0.17875,1.25,0.0,0.0,0.4,7.0,1016.95,67.44,-16.12
2025-03-24 18:27:17.126000+00:00,,,,,357.312,-0.875,-1.562,22.85,-82.062,-5.875,-19.0,-0.012,-0.023,0.028,-0.28,0.7,9.47,-0.13,0.43,-0.33,-0.14,0.27,9.8,0.17875,1.25,0.0,0.0,0.4,7.0,1016.95,67.44,-16.12
2025-03-24 18:27:17.976000+00:00,,,,,357.312,-0.875,-1.562,22.85,-82.062,-5.875,-19.0,-0.012,-0.023,0.028,-0.28,0.7,9.47,-0.13,0.43,-0.33,-0.14,0.27,9.8,0.17875,1.25,0.0,0.0,0.4,7.0,1016.95,67.44,-16.12
2025-03-24 18:27:18.826000+00:00,,,,,357.312,-0.875,-1.562,22.85,-82.062,-5.875,-19.0,-0.012,-0.023,0.028,-0.28,0.7,9.47,-0.13,0.43,-0.33,-0.14,0.27,9.8,0.17875,1.25,0.0,0.0,0.4,7.0,1016.95,67.44,-16.12
2025-03-24 18:27:19.842000+00:00,,,,,357.312,-0.875,-1.562,22.85,-82.062,-5.875,-19.0,-0.012,-0.023,0.028,-0.28,0.7,9.47,-0.13,0.43,-0.33,-0.14,0.27,9.8,0.17875,1.25,0.0,0.0,0.4,7.0,1016.95,67.44,-16.12
2025-03-24 18:27:20.825000+00:00,,,,,357.312,-0.875,-1.562,22.85,-82.062,-5.875,-19.0,-0.012,-0.023,0.028,-0.28,0.7,9.47,-0.13,0.43,-0.33,-0.14,0.27,9.8,0.17875,1.25,0.0,0.0,0.4,7.0,1016.95,67.44,-16.12
2025-03-24 18:27:21.835000+00:00,,,,,357.312,-0.875,-1.562,22.85,-82.062,-5.875,-19.0,-0.012,-0.023,0.028,-0.28,0.7,9.47,-0.13,0.43,-0.33,-0.14,0.27,9.8,0.17875,1.25,0.0,0.0,0.4,7.0,1016.95,67.44,-16.12
2025-03-24 18:27:22.972000+00:00,,,,,357.312,-0.875,-1.562,22.85,-82.062,-5.875,-19.0,-0.012,-0.023,0.028,-0.28,0.7,9.47,-0.13,0.43,-0.33,-0.14,0.27,9.8,0.17875,1.25,0.0,0.0,0.4,7.0,1016.95,67.44,-16.12
2025-03-24 18:27:23.982000+00:00,,,,,357.312,-0.875,-1.562,22.85,-82.062,-5.875,-19.0,-0.012,-0.023,0.028,-0.28,0.7,9.47,-0.13,0.43,-0.33,-0.14,0.27,9.8,0.17875,1.25,0.0,0.0,0.4,7.0,1016.95,67.44,-16.12
2025-03-24 18:27:24.851000+00:00,,,,,357.312,-0.875,-1.562,22.85,-82.062,-5.875,-19.0,-0.012,-0.023,0.028,-0.28,0.7,9.47,-0.13,0.43,-0.33,-0.14,0.27,9.8,0.17875,1.25,0.0,0.0,0.4,7.0,1016.95,67.44,-16.12
2025-03-24 18:27:26.012000+00:00,,,,,357.312,-0.875,-1.562,22.85,-82.062,-5.875,-19.0,-0.012,-0.023,0.028,-0.28,0.7,9.47,-0.13,0.43,-0.33,-0.14,0.27,9.8,0.17875,1.25,0.0,0.0,0.4,7.0,1016.95,67.44,-16.12
2025-03-24 18:27:27.115000+00:00,,,,,357.312,-0.875,-1.562,22.85,-82.062,-5.875,-19.0,-0.012,-0.023,0.028,-0.28,0.7,9.47,-0.13,0.43,-0.33,-0.14,0.27,9.8,0.17875,1.25,0.0,0.0,0.4,7.0,1016.95,67.44,-16.12
2025-03-24 18:27:27.885000+00:00,,,,,357.312,-0.875,-1.562,22.85,-82.062,-5.875,-19.0,-0.012,-0.023,0.028,-0.28,0.7,9.47,-0.13,0.43,-0.33,-0.14,0.27,9.8,0.17875,1.25,0.0,0.0,0.4,7.0,1016.95,67.44,-16.12
2025-03-24 18:27:28.865000+00:00,,,,,357.312,-0.875,-1.562,22.85,-82.062,-5.875,-19.0,-0.012,-0.023,0.028,-0.28,0.7,9.47,-0.13,0.43,-0.33,-0.14,0.27,9.8,0.17875,1.25,0.0,0.0,0.4,7.0,1016.95,67.44,-16.12
2025-03-24 18:27:29.865000+00:00,,,,,357.312,-0.875,-1.562,22.85,-82.062,-5.875,-19.0,-0.012,-0.023,0.028,-0.28,0.7,9.47,-0.13,0.43,-0.33,-0.14,0.27,9.8,0.17875,1.25,0.0,0.0,0.4,7.0,1016.95,67.44,-16.12
2025-03-24 18:27:30.875000+00:00,,,,,357.312,-0.875,-1.562,22.85,-82.062,-5.875,-19.0,-0.012,-0.023,0.028,-0.28,0.7,9.47,-0.13,0.43,-0.33,-0.14,0.27,9.8,0.17875,1.25,0.0,0.0,0.4,7.0,1016.95,67.44,-16.12
2025-03-24 18:27:31.865000+00:00,,,,,357.312,-0.875,-1.562,22.85,-82.062,-5.875,-19.0,-0.012,-0.023,0.028,-0.28,0.7,9.47,-0.13,0.43,-0.33,-0.14,0.27,9.8,0.17875,1.25,0.0,0.0,0.4,7.0,1016.95,67.44,-16.12
2025-03-24 18:27:32.885000+00:00,,,,,357.312,-0.875,-1.562,22.85,-82.062,-5.875,-19.0,-0.012,-0.023,0.028,-0.28,0.7,9.47,-0.13,0.43,-0.33,-0.14,0.27,9.8,0.17875,1.25,0.0,0.0,0.4,7.0,1016.95,67.44,-16.12
2025-03-24 18:27:33.880000+00:00,,,,,357.312,-0.875,-1.562,22.85,-82.062,-5.875,-19.0,-0.012,-0.023,0.028,-0.28,0.7,9.47,-0.13,0.43,-0.33,-0.14,0.27,9.8,0.17875,1.25,0.0,0.0,0.4,7.0,1016.95,67.44,-16.12
2025-03-24 18:27:34.939000+00:00,,,,,357.312,-0.875,-1.562,22.85,-82.062,-5.875,-19.0,-0.012,-0.023,0.028,-0.28,0.7,9.47,-0.13,0.43,-0.33,-0.14,0.27,9.8,0.17875,1.25,0.0,0.0,0.4,7.0,1016.95,67.44,-16.12
2025-03-24 18:27:36.091000+00:00,,,,,357.312,-0.875,-1.562,22.85,-82.062,-5.875,-19.0,-0.012,-0.023,0.028,-0.28,0.7,9.47,-0.13,0.43,-0.33,-0.14,0.27,9.8,0.17875,1.25,0.0,0.0,0.4,7.0,1016.95,67.44,-16.12
2025-03-24 18:27:37.114000+00:00,,,,,357.312,-0.875,-1.562,22.85,-82.062,-5.875,-19.0,-0.012,-0.023,0.028,-0.28,0.7,9.47,-0.13,0.43,-0.33,-0.14,0.27,9.8,0.17875,1.25,0.0,0.0,0.4,7.0,1016.95,67.44,-16.12
2025-03-24 18:27:37.911000+00:00,,,,,357.312,-0.875,-1.562,22.85,-82.062,-5.875,-19.0,-0.012,-0.023,0.028,-0.28,0.7,9.47,-0.13,0.43,-0.33,-0.14,0.27,9.8,0.17875,1.25,0.0,0.0,0.4,7.0,1016.95,67.44,-16.12
2025-03-24 18:27:38.900000+00:00,,,,,357.312,-0.875,-1.562,22.85,-82.062,-5.875,-19.0,-0.012,-0.023,0.028,-0.28,0.7,9.47,-0.13,0.43,-0.33,-0.14,0.27,9.8,0.17875,1.25,0.0,0.0,0.4,7.0,1016.95,67.44,-16.12
2025-03-24 18:27:40.003000+00:00,,,,,357.312,-0.875,-1.562,22.85,-82.062,-5.875,-19.0,-0.012,-0.023,0.028,-0.28,0.7,9.47,-0.13,0.43,-0.33,-0.14,0.27,9.8,0.17875,1.25,0.0,0.0,0.4,7.0,1016.95,67.44,-16.12
2025-03-24 18:27:41.047000+00:00,,,,,357.312,-0.875,-1.562,22.85,-82.062,-5.875,-19.0,-0.012,-0.023,0.028,-0.28,0.7,9.47,-0.13,0.43,-0.33,-0.14,0.27,9.8,0.17875,1.25,0.0,0.0,0.4,7.0,1016.95,67.44,-16.12
2025-03-24 18:27:42.197000+00:00,,,,,357.312,-0.875,-1.562,22.85,-82.062,-5.875,-19.0,-0.012,-0.023,0.028,-0.28,0.7,9.47,-0.13,0.43,-0.33,-0.14,0.27,9.8,0.17875,1.25,0.0,0.0,0.4,7.0,1016.95,67.44,-16.12
2025-03-24 18:27:42.923000+00:00,,,,,357.312,-0.875,-1.562,22.85,-82.062,-5.875,-19.0,-0.012,-0.023,0.028,-0.28,0.7,9.47,-0.13,0.43,-0.33,-0.14,0.27,9.8,0.17875,1.25,0.0,0.0,0.4,7.0,1016.95,67.44,-16.12
2025-03-24 18:27:43.923000+00:00,,,,,357.312,-0.875,-1.562,22.85,-82.062,-5.875,-19.0,-0.012,-0.023,0.028,-0.28,0.7,9.47,-0.13,0.43,-0.33,-0.14,0.27,9.8,0.17875,1.25,0.0,0.0,0.4,7.0,1016.95,67.44,-16.12
2025-03-24 18:27:44.914000+00:00,,,,,357.312,-0.875,-1.562,22.85,-82.062,-5.875,-19.0,-0.012,-0.023,0.028,-0.28,0.7,9.47,-0.13,0.43,-0.33,-0.14,0.27,9.8,0.17875,1.25,0.0,0.0,0.4,7.0,1016.95,67.44,-16.12
2025-03-24 18:27:45.940000+00:00,,,,,357.312,-0.875,-1.562,22.85,-82.062,-5.875,-19.0,-0.012,-0.023,0.028,-0.28,0.7,9.47,-0.13,0.43,-0.33,-0.14,0.27,9.8,0.17875,1.25,0.0,0.0,0.4,7.0,1016.95,67.44,-16.12
2025-03-24 18:27:46.924000+00:00,,,,,357.312,-0.875,-1.562,22.85,-82.062,-5.875,-19.0,-0.012,-0.023,0.028,-0.28,0.7,9.47,-0.13,0.43,-0.33,-0.14,0.27,9.8,0.17875,1.25,0.0,0.0,0.4,7.0,1016.95,67.44,-16.12
2025-03-24 18:27:47.939000+00:00,,,,,357.312,-0.875,-1.562,22.85,-82.062,-5.875,-19.0,-0.012,-0.023,0.028,-0.28,0.7,9.47,-0.13,0.43,-0.33,-0.14,0.27,9.8,0.17875,1.25,0.0,0.0,0.4,7.0,1016.95,67.44,-16.12
2025-03-24 18:27:48.987000+00:00,,,,,357.312,-0.875,-1.562,22.85,-82.062,-5.875,-19.0,-0.012,-0.023,0.028,-0.28,0.7,9.47,-0.13,0.43,-0.33,-0.14,0.27,9.8,0.17875,1.25,0.0,0.0,0.4,7.0,1016.95,67.44,-16.12
2025-03-24 18:27:50.139000+00:00,,,,,357.312,-0.875,-1.562,22.85,-82.062,-5.875,-19.0,-0.012,-0.023,0.028,-0.28,0.7,9.47,-0.13,0.43,-0.33,-0.14,0.27,9.8,0.17875,1.25,0.0,0.0,0.4,7.0,1016.95,67.44,-16.12
2025-03-24 18:27:51.283000+00:00,,,,,357.312,-0.875,-1.562,22.85,-82.062,-5.875,-19.0,-0.012,-0.023,0.028,-0.28,0.7,9.47,-0.13,0.43,-0.33,-0.14,0.27,9.8,0.17875,1.25,0.0,0.0,0.4,7.0,1016.95,67.44,-16.12
2025-03-24 18:27:51.943000+00:00,,,,,357.312,-0.875,-1.562,22.85,-82.062,-5.875,-19.0,-0.012,-0.023,0.028,-0.28,0.7,9.47,-0.13,0.43,-0.33,-0.14,0.27,9.8,0.17875,1.25,0.0,0.0,0.4,7.0,1016.95,67.44,-16.12
2025-03-24 18:27:52.957000+00:00,,,,,357.312,-0.875,-1.562,22.85,-82.062,-5.875,-19.0,-0.012,-0.023,0.028,-0.28,0.7,9.47,-0.13,0.43,-0.33,-0.14,0.27,9.8,0.17875,1.25,0.0,0.0,0.4,7.0,1016.95,67.44,-16.12
2025-03-24 18:27:53.953000+00:00,,,,,357.312,-0.875,-1.562,22.85,-82.062,-5.875,-19.0,-0.012,-0.023,0.028,-0.28,0.7,9.47,-0.13,0.43,-0.33,-0.14,0.27,9.8,0.17875,1.25,0.0,0.0,0.4,7.0,1016.95,67.44,-16.12
2025-03-24 18:27:54.952000+00:00,,,,,357.312,-0.875,-1.562,22.85,-82.062,-5.875,-19.0,-0.012,-0.023,0.028,-0.28,0.7,9.47,-0.13,0.43,-0.33,-0.14,0.27,9.8,0.17875,1.25,0.0,0.0,0.4,7.0,1016.95,67.44,-16.12
2025-03-24 18:27:55.963000+00:00,,,,,357.312,-0.875,-1.562,22.85,-82.062,-5.875,-19.0,-0.012,-0.023,0.028,-0.28,0.7,9.47,-0.13,0.43,-0.33,-0.14,0.27,9.8,0.17875,1.25,0.0,0.0,0.4,7.0,1016.95,67.44,-16.12
2025-03-24 18:27:56.969000+00:00,,,,,357.312,-0.875,-1.562,22.85,-82.062,-5.875,-19.0,-0.012,-0.023,0.028,-0.28,0.7,9.47,-0.13,0.43,-0.33,-0.14,0.27,9.8,0.17875,1.25,0.0,0.0,0.4,7.0,1016.95,67.44,-16.12
2025-03-24 18:27:57.969000+00:00,,,,,357.312,-0.875,-1.562,22.85,-82.062,-5.875,-19.0,-0.012,-0.023,0.028,-0.28,0.7,9.47,-0.13,0.43,-0.33,-0.14,0.27,9.8,0.17875,1.25,0.0,0.0,0.4,7.0,1016.95,67.44,-16.12
2025-03-24 18:27:58.973000+00:00,,,,,357.312,-0.875,-1.562,22.85,-82.062,-5.875,-19.0,-0.012,-0.023,0.028,-0.28,0.7,9.47,-0.13,0.43,-0.33,-0.14,0.27,9.8,0.17875,1.25,0.0,0.0,0.4,7.0,1016.95,67.44,-16.12
2025-03-24 18:27:59.972000+00:00,,,,,357.312,-0.875,-1.562,22.85,-82.062,-5.875,-19.0,-0.012,-0.023,0.028,-0.28,0.7,9.47,-0.13,0.43,-0.33,-0.14,0.27,9.8,0.17875,1.25,0.0,0.0,0.4,7.0,1016.95,67.44,-16.12
2025-03-24 18:28:00.978000+00:00,,,,,357.312,-0.875,-1.562,22.85,-82.062,-5.875,-19.0,-0.012,-0.023,0.028,-0.28,0.7,9.47,-0.13,0.43,-0.33,-0.14,0.27,9.8,0.17875,1.25,0.0,0.0,0.4,7.0,1016.95,67.44,-16.12
2025-03-24 18:28:01.992000+00:00,,,,,357.312,-0.875,-1.562,22.85,-82.062,-5.875,-19.0,-0.012,-0.023,0.028,-0.28,0.7,9.47,-0.13,0.43,-0.33,-0.14,0.27,9.8,0.17875,1.25,0.0,0.0,0.4,7.0,1016.95,67.44,-16.12
2025-03-24 18:28:03.017000+00:00,,,,,357.312,-0.875,-1.562,22.85,-82.062,-5.875,-19.0,-0.012,-0.023,0.028,-0.28,0.7,9.47,-0.13,0.43,-0.33,-0.14,0.27,9.8,0.17875,1.25,0.0,0.0,0.4,7.0,1016.95,67.44,-16.12
2025-03-24 18:28:03.998000+00:00,,,,,357.312,-0.875,-1.562,22.85,-82.062,-5.875,-19.0,-0.012,-0.023,0.028,-0.28,0.7,9.47,-0.13,0.43,-0.33,-0.14,0.27,9.8,0.17875,1.25,0.0,0.0,0.4,7.0,1016.95,67.44,-16.12
2025-03-24 18:28:05.055000+00:00,,,,,357.312,-0.875,-1.562,22.85,-82.062,-5.875,-19.0,-0.012,-0.023,0.028,-0.28,0.7,9.47,-0.13,0.43,-0.33,-0.14,0.27,9.8,0.17875,1.25,0.0,0.0,0.4,7.0,1016.95,67.44,-16.12
2025-03-24 18:28:06.112000+00:00,,,,,357.312,-0.875,-1.562,22.85,-82.062,-5.875,-19.0,-0.012,-0.023,0.028,-0.28,0.7,9.47,-0.13,0.43,-0.33,-0.14,0.27,9.8,0.17875,1.25,0.0,0.0,0.4,7.0,1016.95,67.44,-16.12
2025-03-24 18:28:07.221000+00:00,,,,,357.312,-0.875,-1.562,22.85,-82.062,-5.875,-19.0,-0.012,-0.023,0.028,-0.28,0.7,9.47,-0.13,0.43,-0.33,-0.14,0.27,9.8,0.17875,1.25,0.0,0.0,0.4,7.0,1016.95,67.44,-16.12
2025-03-24 18:28:08.005000+00:00,,,,,357.312,-0.875,-1.562,22.85,-82.062,-5.875,-19.0,-0.012,-0.023,0.028,-0.28,0.7,9.47,-0.13,0.43,-0.33,-0.14,0.27,9.8,0.17875,1.25,0.0,0.0,0.4,7.0,1016.95,67.44,-16.12
2025-03-24 18:28:09.027000+00:00,,,,,357.312,-0.875,-1.562,22.85,-82.062,-5.875,-19.0,-0.012,-0.023,0.028,-0.28,0.7,9.47,-0.13,0.43,-0.33,-0.14,0.27,9.8,0.17875,1.25,0.0,0.0,0.4,7.0,1016.95,67.44,-16.12
2025-03-24 18:28:10.011000+00:00,,,,,357.312,-0.875,-1.562,22.85,-82.062,-5.875,-19.0,-0.012,-0.023,0.028,-0.28,0.7,9.47,-0.13,0.43,-0.33,-0.14,0.27,9.8,0.17875,1.25,0.0,0.0,0.4,7.0,1016.95,67.44,-16.12
2025-03-24 18:28:11.011000+00:00,,,,,357.312,-0.875,-1.562,22.85,-82.062,-5.875,-19.0,-0.012,-0.023,0.028,-0.28,0.7,9.47,-0.13,0.43,-0.33,-0.14,0.27,9.8,0.17875,1.25,0.0,0.0,0.4,7.0,1016.95,67.44,-16.12
2025-03-24 18:28:12.021000+00:00,,,,,357.312,-0.875,-1.562,22.85,-82.062,-5.875,-19.0,-0.012,-0.023,0.028,-0.28,0.7,9.47,-0.13,0.43,-0.33,-0.14,0.27,9.8,0.17875,1.25,0.0,0.0,0.4,7.0,1016.95,67.44,-16.12
2025-03-24 18:27:17.589000+00:00,,,,,357.312,-0.875,-1.562,22.85,-82.062,-5.875,-19.0,-0.012,-0.023,0.028,-0.28,0.7,9.47,-0.13,0.43,-0.33,-0.14,0.27,9.8,0.17875,1.25,0.0,0.0,0.4,7.0,1016.95,67.44,-16.12
2025-03-24 18:27:22.805000+00:00,,,,,357.312,-0.875,-1.562,22.85,-82.062,-5.875,-19.0,-0.012,-0.023,0.028,-0.28,0.7,9.47,-0.13,0.43,-0.33,-0.14,0.27,9.8,0.17875,1.25,0.0,0.0,0.4,7.0,1016.95,67.44,-16.12
2025-03-24 18:27:27.590000+00:00,,,,,357.312,-0.875,-1.562,22.85,-82.062,-5.875,-19.0,-0.012,-0.023,0.028,-0.28,0.7,9.47,-0.13,0.43,-0.33,-0.14,0.27,9.8,0.17875,1.25,0.0,0.0,0.4,7.0,1016.95,67.44,-16.12
2025-03-24 18:27:32.605000+00:00,,,,,357.312,-0.875,-1.562,22.85,-82.062,-5.875,-19.0,-0.012,-0.023,0.028,-0.28,0.7,9.47,-0.13,0.43,-0.33,-0.14,0.27,9.8,0.17875,1.25,0.0,0.0,0.4,7.0,1016.95,67.44,-16.12
2025-03-24 18:27:37.591000+00:00,,,,,357.312,-0.875,-1.562,22.85,-82.062,-5.875,-19.0,-0.012,-0.023,0.028,-0.28,0.7,9.47,-0.13,0.43,-0.33,-0.14,0.27,9.8,0.17875,1.25,0.0,0.0,0.4,7.0,1016.95,67.44,-16.12
2025-03-24 18:27:42.624000+00:00,,,,,357.312,-0.875,-1.562,22.85,-82.062,-5.875,-19.0,-0.012,-0.023,0.028,-0.28,0.7,9.47,-0.13,0.43,-0.33,-0.14,0.27,9.8,0.17875,1.25,0.0,0.0,0.4,7.0,1016.95,67.44,-16.12
2025-03-24 18:27:47.709000+00:00,,,,,357.312,-0.875,-1.562,22.85,-82.062,-5.875,-19.0,-0.012,-0.023,0.028,-0.28,0.7,9.47,-0.13,0.43,-0.33,-0.14,0.27,9.8,0.17875,1.25,0.0,0.0,0.4,7.0,1016.95,67.44,-16.12
2025-03-24 18:27:52.673000+00:00,,,,,357.312,-0.875,-1.562,22.85,-82.062,-5.875,-19.0,-0.012,-0.023,0.028,-0.28,0.7,9.47,-0.13,0.43,-0.33,-0.14,0.27,9.8,0.17875,1.25,0.0,0.0,0.4,7.0,1016.95,67.44,-16.12
2025-03-24 18:27:57.772000+00:00,,,,,357.312,-0.875,-1.562,22.85,-82.062,-5.875,-19.0,-0.012,-0.023,0.028,-0.28,0.7,9.47,-0.13,0.43,-0.33,-0.14,0.27,9.8,0.17875,1.25,0.0,0.0,0.4,7.0,1016.95,67.44,-16.12
2025-03-24 18:28:02.865000+00:00,,,,,357.312,-0.875,-1.562,22.85,-82.062,-5.875,-19.0,-0.012,-0.023,0.028,-0.28,0.7,9.47,-0.13,0.43,-0.33,-0.14,0.27,9.8,0.17875,1.25,0.0,0.0,0.4,7.0,1016.95,67.44,-16.12
2025-03-24 18:28:07.649000+00:00,,,,,357.312,-0.875,-1.562,22.85,-82.062,-5.875,-19.0,-0.012,-0.023,0.028,-0.28,0.7,9.47,-0.13,0.43,-0.33,-0.14,0.27,9.8,0.17875,1.25,0.0,0.0,0.4,7.0,1016.95,67.44,-16.12
2025-03-24 18:28:12.601000+00:00,,,,,357.312,-0.875,-1.562,22.85,-82.062,-5.875,-19.0,-0.012,-0.023,0.028,-0.28,0.7,9.47,-0.13,0.43,-0.33,-0.14,0.27,9.8,0.17875,1.25,0.0,0.0,0.4,7.0,1016.95,67.44,-16.12
2025-03-24 18:27:13.436000+00:00,,,,,357.312,-0.875,-1.562,22.85,-82.062,-5.875,-19.0,-0.012,-0.023,0.028,-0.28,0.7,9.47,-0.13,0.43,-0.33,-0.14,0.27,9.8,0.17875,1.25,0.0,0.0,0.4,7.0,1016.95,67.44,-16.12
2025-03-24 18:27:14.580000+00:00,,,,,357.312,-0.875,-1.562,22.85,-82.062,-5.875,-19.0,-0.012,-0.023,0.028,-0.28,0.7,9.47,-0.13,0.43,-0.33,-0.14,0.27,9.8,0.17875,1.25,0.0,0.0,0.0,7.0,1016.95,67.44,-16.12
2025-03-24 18:27:16.196000+00:00,,,,,357.312,-0.875,-1.562,22.85,-82.062,-5.875,-19.0,-0.012,-0.023,0.028,-0.28,0.7,9.47,-0.13,0.43,-0.33,-0.14,0.27,9.8,0.17875,1.25,0.0,0.0,0.0,7.0,1016.95,67.44,-16.12
2025-03-24 18:27:17.230000+00:00,,,,,357.312,-0.875,-1.562,22.85,-82.062,-5.875,-19.0,-0.012,-0.023,0.028,-0.28,0.7,9.47,-0.13,0.43,-0.33,-0.14,0.27,9.8,0.17875,1.25,0.0,0.0,0.0,7.0,1016.95,67.44,-16.12
2025-03-24 18:27:18.226000+00:00,,,,,357.312,-0.875,-1.562,22.85,-82.062,-5.875,-19.0,-0.012,-0.023,0.028,-0.28,0.7,9.47,-0.13,0.43,-0.33,-0.14,0.27,9.8,0.17875,1.25,0.0,0.0,0.0,7.0,1016.95,67.44,-16.12
2025-03-24 18:27:19.226000+00:00,,,,,357.312,-0.875,-1.562,22.85,-82.062,-5.875,-19.0,-0.012,-0.023,0.028,-0.28,0.7,9.47,-0.13,0.43,-0.33,-0.14,0.27,9.8,0.17875,1.25,0.0,0.0,0.0,7.0,1016.95,67.44,-16.12
2025-03-24 18:27:20.286000+00:00,,,,,357.312,-0.875,-1.562,22.85,-82.062,-5.875,-19.0,-0.012,-0.023,0.028,-0.28,0.7,9.47,-0.13,0.43,-0.33,-0.14,0.27,9.8,0.17875,1.25,0.0,0.0,0.0,7.0,1016.95,67.44,-16.12
2025-03-24 18:27:21.366000+00:00,,,,,357.312,-0.875,-1.562,22.85,-82.062,-5.875,-19.0,-0.012,-0.023,0.028,-0.28,0.7,9.47,-0.13,0.43,-0.33,-0.14,0.27,9.8,0.17875,1.25,0.0,0.0,0.0,7.0,1016.95,67.44,-16.12
2025-03-24 18:27:22.510000+00:00,,,,,357.312,-0.875,-1.562,22.85,-82.062,-5.875,-19.0,-0.012,-0.023,0.028,-0.28,0.7,9.47,-0.13,0.43,-0.33,-0.14,0.27,9.8,0.17875,1.25,0.0,0.0,0.0,7.0,1016.95,67.44,-16.12
2025-03-24 18:27:23.554000+00:00,,,,,357.312,-0.875,-1.562,22.85,-82.062,-5.875,-19.0,-0.012,-0.023,0.028,-0.28,0.7,9.47,-0.13,0.43,-0.33,-0.14,0.27,9.8,0.17875,1.25,0.0,0.0,0.0,7.0,1016.95,67.44,-16.12
2025-03-24 18:27:24.415000+00:00,,,,,357.312,-0.875,-1.562,22.85,-82.062,-5.875,-19.0,-0.012,-0.023,0.028,-0.28,0.7,9.47,-0.13,0.43,-0.33,-0.14,0.27,9.8,0.17875,1.25,0.0,0.0,0.0,7.0,1016.95,67.44,-16.12
2025-03-24 18:27:25.542000+00:00,,,,,357.312,-0.875,-1.562,22.85,-82.062,-5.875,-19.0,-0.012,-0.023,0.028,-0.28,0.7,9.47,-0.13,0.43,-0.33,-0.14,0.27,9.8,0.17875,1.25,0.0,0.0,0.0,7.0,1016.95,67.44,-16.12
2025-03-24 18:27:26.686000+00:00,,,,,357.312,-0.875,-1.562,22.85,-82.062,-5.875,-19.0,-0.012,-0.023,0.028,-0.28,0.7,9.47,-0.13,0.43,-0.33,-0.14,0.27,9.8,0.17875,1.25,0.0,0.0,0.0,7.0,1016.95,67.44,-16.12
2025-03-24 18:27:27.730000+00:00,,,,,357.312,-0.875,-1.562,22.85,-82.062,-5.875,-19.0,-0.012,-0.023,0.028,-0.28,0.7,9.47,-0.13,0.43,-0.33,-0.14,0.27,9.8,0.17875,1.25,0.0,0.0,0.0,7.0,1016.95,67.44,-16.12
2025-03-24 18:27:29.300000+00:00,,,,,357.312,-0.875,-1.562,22.85,-82.062,-5.875,-19.0,-0.012,-0.023,0.028,-0.28,0.7,9.47,-0.13,0.43,-0.33,-0.14,0.27,9.8,0.17875,1.25,0.0,0.0,0.0,7.0,1016.95,67.44,-16.12
2025-03-24 18:27:30.288000+00:00,,,,,357.312,-0.875,-1.562,22.85,-82.062,-5.875,-19.0,-0.012,-0.023,0.028,-0.28,0.7,9.47,-0.13,0.43,-0.33,-0.14,0.27,9.8,0.17875,1.25,0.0,0.0,0.0,7.0,1016.95,67.44,-16.12
2025-03-24 18:27:31.320000+00:00,,,,,357.312,-0.875,-1.562,22.85,-82.062,-5.875,-19.0,-0.012,-0.023,0.028,-0.28,0.7,9.47,-0.13,0.43,-0.33,-0.14,0.27,9.8,0.17875,1.25,0.0,0.0,0.0,7.0,1016.95,67.44,-16.12
2025-03-24 18:27:32.296000+00:00,,,,,357.312,-0.875,-1.562,22.85,-82.062,-5.875,-19.0,-0.012,-0.023,0.028,-0.28,0.7,9.47,-0.13,0.43,-0.33,-0.14,0.27,9.8,0.17875,1.25,0.0,0.0,0.0,7.0,1016.95,67.44,-16.12
2025-03-24 18:27:33.351000+00:00,,,,,357.312,-0.875,-1.562,22.85,-82.062,-5.875,-19.0,-0.012,-0.023,0.028,-0.28,0.7,9.47,-0.13,0.43,-0.33,-0.14,0.27,9.8,0.17875,1.25,0.0,0.0,0.4,7.0,1016.95,67.44,-16.12
2025-03-24 18:27:34.505000+00:00,,,,,357.312,-0.875,-1.562,22.85,-82.062,-5.875,-19.0,-0.012,-0.023,0.028,-0.28,0.7,9.47,-0.13,0.43,-0.33,-0.14,0.27,9.8,0.17875,1.25,0.0,0.0,0.4,7.0,1016.95,67.44,-16.12
2025-03-24 18:27:35.649000+00:00,,,,,357.312,-0.875,-1.562,22.85,-82.062,-5.875,-19.0,-0.012,-0.023,0.028,-0.28,0.7,9.47,-0.13,0.43,-0.33,-0.14,0.27,9.8,0.17875,1.25,0.0,0.0,0.0,7.0,1016.95,67.44,-16.12
2025-03-24 18:27:36.693000+00:00,,,,,357.312,-0.875,-1.562,22.85,-82.062,-5.875,-19.0,-0.012,-0.023,0.028,-0.28,0.7,9.47,-0.13,0.43,-0.33,-0.14,0.27,9.8,0.17875,1.25,0.0,0.0,0.0,7.0,1016.95,67.44,-16.12
2025-03-24 18:27:37.970000+00:00,,,,,357.312,-0.875,-1.562,22.85,-82.062,-5.875,-19.0,-0.012,-0.023,0.028,-0.28,0.7,9.47,-0.13,0.43,-0.33,-0.14,0.27,9.8,0.17875,1.25,0.0,0.0,0.0,7.0,1016.95,67.44,-16.12
2025-03-24 18:27:39.584000+00:00,,,,,357.312,-0.875,-1.562,22.85,-82.062,-5.875,-19.0,-0.012,-0.023,0.028,-0.28,0.7,9.47,-0.13,0.43,-0.33,-0.14,0.27,9.8,0.17875,1.25,0.0,0.0,0.0,7.0,1016.95,67.44,-16.12
2025-03-24 18:27:40.629000+00:00,,,,,357.312,-0.875,-1.562,22.85,-82.062,-5.875,-19.0,-0.012,-0.023,0.028,-0.28,0.7,9.47,-0.13,0.43,-0.33,-0.14,0.27,9.8,0.17875,1.25,0.0,0.0,0.0,7.0,1016.95,67.44,-16.12
2025-03-24 18:27:41.773000+00:00,,,,,357.312,-0.875,-1.562,22.85,-82.062,-5.875,-19.0,-0.012,-0.023,0.028,-0.28,0.7,9.47,-0.13,0.43,-0.33,-0.14,0.27,9.8,0.17875,1.25,0.0,0.0,0.0,7.0,1016.95,67.44,-16.12
2025-03-24 18:27:42.987000+00:00,,,,,357.312,-0.875,-1.562,22.85,-82.062,-5.875,-19.0,-0.012,-0.023,0.028,-0.28,0.7,9.47,-0.13,0.43,-0.33,-0.14,0.27,9.8,0.17875,1.25,0.0,0.0,0.0,7.0,1016.95,67.44,-16.12
2025-03-24 18:27:44.360000+00:00,,,,,357.312,-0.875,-1.562,22.85,-82.062,-5.875,-19.0,-0.012,-0.023,0.028,-0.28,0.7,9.47,-0.13,0.43,-0.33,-0.14,0.27,9.8,0.17875,1.25,0.0,0.0,0.0,7.0,1016.95,67.44,-16.12
2025-03-24 18:27:45.361000+00:00,,,,,357.312,-0.875,-1.562,22.85,-82.062,-5.875,-19.0,-0.012,-0.023,0.028,-0.28,0.7,9.47,-0.13,0.43,-0.33,-0.14,0.27,9.8,0.17875,1.25,0.0,0.0,0.0,7.0,1016.95,67.44,-16.12
2025-03-24 18:27:46.374000+00:00,,,,,357.312,-0.875,-1.562,22.85,-82.062,-5.875,-19.0,-0.012,-0.023,0.028,-0.28,0.7,9.47,-0.13,0.43,-0.33,-0.14,0.27,9.8,0.17875,1.25,0.0,0.0,0.0,7.0,1016.95,67.44,-16.12
2025-03-24 18:27:47.395000+00:00,,,,,357.312,-0.875,-1.562,22.85,-82.062,-5.875,-19.0,-0.012,-0.023,0.028,-0.28,0.7,9.47,-0.13,0.43,-0.33,-0.14,0.27,9.8,0.17875,1.25,0.0,0.0,0.0,7.0,1016.95,67.44,-16.12
2025-03-24 18:27:48.540000+00:00,,,,,357.312,-0.875,-1.562,22.85,-82.062,-5.875,-19.0,-0.012,-0.023,0.028,-0.28,0.7,9.47,-0.13,0.43,-0.33,-0.14,0.27,9.8,0.17875,1.25,0.0,0.0,0.4,7.0,1016.95,67.44,-16.12
2025-03-24 18:27:49.684000+00:00,,,,,357.312,-0.875,-1.562,22.85,-82.062,-5.875,-19.0,-0.012,-0.023,0.028,-0.28,0.7,9.47,-0.13,0.43,-0.33,-0.14,0.27,9.8,0.17875,1.25,0.0,0.0,0.4,7.0,1016.95,67.44,-16.12
2025-03-24 18:27:50.828000+00:00,,,,,357.312,-0.875,-1.562,22.85,-82.062,-5.875,-19.0,-0.012,-0.023,0.028,-0.28,0.7,9.47,-0.13,0.43,-0.33,-0.14,0.27,9.8,0.17875,1.25,0.0,0.0,0.0,7.0,1016.95,67.44,-16.12
2025-03-24 18:27:51.992000+00:00,,,,,357.312,-0.875,-1.562,22.85,-82.062,-5.875,-19.0,-0.012,-0.023,0.028,-0.28,0.7,9.47,-0.13,0.43,-0.33,-0.14,0.27,9.8,0.17875,1.25,0.0,0.0,0.0,7.0,1016.95,67.44,-16.12
2025-03-24 18:27:53.009000+00:00,,,,,357.312,-0.875,-1.562,22.85,-82.062,-5.875,-19.0,-0.012,-0.023,0.028,-0.28,0.7,9.47,-0.13,0.43,-0.33,-0.14,0.27,9.8,0.17875,1.25,0.0,0.0,0.0,7.0,1016.95,67.44,-16.12
2025-03-24 18:27:54.453000+00:00,,,,,357.312,-0.875,-1.562,22.85,-82.062,-5.875,-19.0,-0.012,-0.023,0.028,-0.28,0.7,9.47,-0.13,0.43,-0.33,-0.14,0.27,9.8,0.17875,1.25,0.0,0.0,0.0,7.0,1016.95,67.44,-16.12
2025-03-24 18:27:55.449000+00:00,,,,,357.312,-0.875,-1.562,22.85,-82.062,-5.875,-19.0,-0.012,-0.023,0.028,-0.28,0.7,9.47,-0.13,0.43,-0.33,-0.14,0.27,9.8,0.17875,1.25,0.0,0.0,0.0,7.0,1016.95,67.44,-16.12
2025-03-24 18:27:56.463000+00:00,,,,,357.312,-0.875,-1.562,22.85,-82.062,-5.875,-19.0,-0.012,-0.023,0.028,-0.28,0.7,9.47,-0.13,0.43,-0.33,-0.14,0.27,9.8,0.17875,1.25,0.0,0.0,0.0,7.0,1016.95,67.44,-16.12
2025-03-24 18:27:57.460000+00:00,,,,,357.312,-0.875,-1.562,22.85,-82.062,-5.875,-19.0,-0.012,-0.023,0.028,-0.28,0.7,9.47,-0.13,0.43,-0.33,-0.14,0.27,9.8,0.17875,1.25,0.0,0.0,0.4,7.0,1016.95,67.44,-16.12
2025-03-24 18:27:58.463000+00:00,,,,,357.312,-0.875,-1.562,22.85,-82.062,-5.875,-19.0,-0.012,-0.023,0.028,-0.28,0.7,9.47,-0.13,0.43,-0.33,-0.14,0.27,9.8,0.17875,1.25,0.0,0.0,0.4,7.0,1016.95,67.44,-16.12
2025-03-24 18:27:59.472000+00:00,,,,,357.312,-0.875,-1.562,22.85,-82.062,-5.875,-19.0,-0.012,-0.023,0.028,-0.28,0.7,9.47,-0.13,0.43,-0.33,-0.14,0.27,9.8,0.17875,1.25,0.0,0.0,0.4,7.0,1016.95,67.44,-16.12
2025-03-24 18:28:00.482000+00:00,,,,,357.312,-0.875,-1.562,22.85,-82.062,-5.875,-19.0,-0.012,-0.023,0.028,-0.28,0.7,9.47,-0.13,0.43,-0.33,-0.14,0.27,9.8,0.17875,1.25,0.0,0.0,0.0,7.0,1016.95,67.44,-16.12
2025-03-24 18:28:01.520000+00:00,,,,,357.312,-0.875,-1.562,22.85,-82.062,-5.875,-19.0,-0.012,-0.023,0.028,-0.28,0.7,9.47,-0.13,0.43,-0.33,-0.14,0.27,9.8,0.17875,1.25,0.0,0.0,0.0,7.0,1016.95,67.44,-16.12
2025-03-24 18:28:02.538000+00:00,,,,,357.312,-0.875,-1.562,22.85,-82.062,-5.875,-19.0,-0.012,-0.023,0.028,-0.28,0.7,9.47,-0.13,0.43,-0.33,-0.14,0.27,9.8,0.17875,1.25,0.0,0.0,0.0,7.0,1016.95,67.44,-16.12
2025-03-24 18:28:03.522000+00:00,,,,,357.312,-0.875,-1.562,22.85,-82.062,-5.875,-19.0,-0.012,-0.023,0.028,-0.28,0.7,9.47,-0.13,0.43,-0.33,-0.14,0.27,9.8,0.17875,1.25,0.0,0.0,0.0,7.0,1016.95,67.44,-16.12
2025-03-24 18:28:04.631000+00:00,,,,,357.312,-0.875,-1.562,22.85,-82.062,-5.875,-19.0,-0.012,-0.023,0.028,-0.28,0.7,9.47,-0.13,0.43,-0.33,-0.14,0.27,9.8,0.17875,1.25,0.0,0.0,0.0,7.0,1016.95,67.44,-16.12
2025-03-24 18:28:05.676000+00:00,,,,,357.312,-0.875,-1.562,22.85,-82.062,-5.875,-19.0,-0.012,-0.023,0.028,-0.28,0.7,9.47,-0.13,0.43,-0.33,-0.14,0.27,9.8,0.17875,1.25,0.0,0.0,0.0,7.0,1016.95,67.44,-16.12
2025-03-24 18:28:06.822000+00:00,,,,,357.312,-0.875,-1.562,22.85,-82.062,-5.875,-19.0,-0.012,-0.023,0.028,-0.28,0.7,9.47,-0.13,0.43,-0.33,-0.14,0.27,9.8,0.17875,1.25,0.0,0.0,0.0,7.0,1016.95,67.44,-16.12
2025-03-24 18:28:08.051000+00:00,,,,,357.312,-0.875,-1.562,22.85,-82.062,-5.875,-19.0,-0.012,-0.023,0.028,-0.28,0.7,9.47,-0.13,0.43,-0.33,-0.14,0.27,9.8,0.17875,1.25,0.0,0.0,0.0,7.0,1016.95,67.44,-16.12
2025-03-24 18:28:09.561000+00:00,,,,,357.312,-0.875,-1.562,22.85,-82.062,-5.875,-19.0,-0.012,-0.023,0.028,-0.28,0.7,9.47,-0.13,0.43,-0.33,-0.14,0.27,9.8,0.17875,1.25,0.0,0.0,0.0,7.0,1016.95,67.44,-16.12
2025-03-24 18:28:10.577000+00:00,,,,,357.312,-0.875,-1.562,22.85,-82.062,-5.875,-19.0,-0.012,-0.023,0.028,-0.28,0.7,9.47,-0.13,0.43,-0.33,-0.14,0.27,9.8,0.17875,1.25,0.0,0.0,0.0,7.0,1016.95,67.44,-16.12
2025-03-24 18:28:11.600000+00:00,,,,,357.312,-0.875,-1.562,22.85,-82.062,-5.875,-19.0,-0.012,-0.023,0.028,-0.28,0.7,9.47,-0.13,0.43,-0.33,-0.14,0.27,9.8,0.17875,1.25,0.0,0.0,0.0,7.0,1016.95,67.44,-16.12
2025-03-24 18:28:12.746000+00:00,,,,,357.312,-0.875,-1.562,22.85,-82.062,-5.875,-19.0,-0.012,-0.023,0.028,-0.28,0.7,9.47,-0.13,0.43,-0.33,-0.14,0.27,9.8,0.17875,1.25,0.0,0.0,0.0,7.0,1016.95,67.44,-16.12
2025-03-24 18:27:13.491000+00:00,,,,,357.312,-0.875,-1.562,22.85,-82.062,-5.875,-19.0,-0.012,-0.023,0.028,-0.28,0.7,9.47,-0.13,0.43,-0.33,-0.14,0.27,9.8,0.17875,1.25,0.0,0.0,0.0,7.0,1016.95,67.44,-16.12
2025-03-24 18:27:14.636000+00:00,,,,,357.312,-0.875,-1.562,22.85,-82.062,-5.875,-19.0,-0.012,-0.023,0.028,-0.28,0.7,9.47,-0.13,0.43,-0.33,-0.14,0.27,9.8,0.17875,1.25,0.0,0.0,0.0,7.0,1016.95,67.44,-16.12
2025-03-24 18:27:16.246000+00:00,,,,,357.312,-0.875,-1.562,22.85,-82.062,-5.875,-19.0,-0.012,-0.023,0.028,-0.28,0.7,9.47,-0.13,0.43,-0.33,-0.14,0.27,9.8,0.17875,1.25,0.0,0.0,0.0,7.0,1016.95,67.44,-16.12
2025-03-24 18:27:17.275000+00:00,,,,,357.312,-0.875,-1.562,22.85,-82.062,-5.875,-19.0,-0.012,-0.023,0.028,-0.28,0.7,9.47,-0.13,0.43,-0.33,-0.14,0.27,9.8,0.17875,1.25,0.0,0.0,0.0,7.0,1016.95,67.44,-16.12
2025-03-24 18:27:18.276000+00:00,,,,,357.312,-0.875,-1.562,22.85,-82.062,-5.875,-19.0,-0.012,-0.023,0.028,-0.28,0.7,9.47,-0.13,0.43,-0.33,-0.14,0.27,9.8,0.17875,1.25,0.0,0.0,0.0,7.0,1016.95,67.44,-16.12
2025-03-24 18:27:19.276000+00:00,,,,,357.312,-0.875,-1.562,22.85,-82.062,-5.875,-19.0,-0.012,-0.023,0.028,-0.28,0.7,9.47,-0.13,0.43,-0.33,-0.14,0.27,9.8,0.17875,1.25,0.0,0.0,0.0,7.0,1016.95,67.44,-16.12
2025-03-24 18:27:20.345000+00:00,,,,,357.312,-0.875,-1.562,22.85,-82.062,-5.875,-19.0,-0.012,-0.023,0.028,-0.28,0.7,9.47,-0.13,0.43,-0.33,-0.14,0.27,9.8,0.17875,1.25,0.0,0.0,0.0,7.0,1016.95,67.44,-16.12
2025-03-24 18:27:21.415000+00:00,,,,,357.312,-0.875,-1.562,22.85,-82.062,-5.875,-19.0,-0.012,-0.023,0.028,-0.28,0.7,9.47,-0.13,0.43,-0.33,-0.14,0.27,9.8,0.17875,1.25,0.0,0.0,0.0,7.0,1016.95,67.44,-16.12
2025-03-24 18:27:22.559000+00:00,,,,,357.312,-0.875,-1.562,22.85,-82.062,-5.875,-19.0,-0.012,-0.023,0.028,-0.28,0.7,9.47,-0.13,0.43,-0.33,-0.14,0.27,9.8,0.17875,1.25,0.0,0.0,0.0,7.0,1016.95,67.44,-16.12
2025-03-24 18:27:23.606000+00:00,,,,,357.312,-0.875,-1.562,22.85,-82.062,-5.875,-19.0,-0.012,-0.023,0.028,-0.28,0.7,9.47,-0.13,0.43,-0.33,-0.14,0.27,9.8,0.17875,1.25,0.0,0.0,0.0,7.0,1016.95,67.44,-16.12
2025-03-24 18:27:24.465000+00:00,,,,,357.312,-0.875,-1.562,22.85,-82.062,-5.875,-19.0,-0.012,-0.023,0.028,-0.28,0.7,9.47,-0.13,0.43,-0.33,-0.14,0.27,9.8,0.17875,1.25,0.0,0.0,0.0,7.0,1016.95,67.44,-16.12
2025-03-24 18:27:25.607000+00:00,,,,,357.312,-0.875,-1.562,22.85,-82.062,-5.875,-19.0,-0.012,-0.023,0.028,-0.28,0.7,9.47,-0.13,0.43,-0.33,-0.14,0.27,9.8,0.17875,1.25,0.0,0.0,0.0,7.0,1016.95,67.44,-16.12
2025-03-24 18:27:26.747000+00:00,,,,,357.312,-0.875,-1.562,22.85,-82.062,-5.875,-19.0,-0.012,-0.023,0.028,-0.28,0.7,9.47,-0.13,0.43,-0.33,-0.14,0.27,9.8,0.17875,1.25,0.0,0.0,0.0,7.0,1016.95,67.44,-16.12
2025-03-24 18:27:27.942000+00:00,,,,,357.312,-0.875,-1.562,22.85,-82.062,-5.875,-19.0,-0.012,-0.023,0.028,-0.28,0.7,9.47,-0.13,0.43,-0.33,-0.14,0.27,9.8,0.17875,1.25,0.0,0.0,0.0,7.0,1016.95,67.44,-16.12
2025-03-24 18:27:29.356000+00:00,,,,,357.312,-0.875,-1.562,22.85,-82.062,-5.875,-19.0,-0.012,-0.023,0.028,-0.28,0.7,9.47,-0.13,0.43,-0.33,-0.14,0.27,9.8,0.17875,1.25,0.0,0.0,0.0,7.0,1016.95,67.44,-16.12
2025-03-24 18:27:30.341000+00:00,,,,,357.312,-0.875,-1.562,22.85,-82.062,-5.875,-19.0,-0.012,-0.023,0.028,-0.28,0.7,9.47,-0.13,0.43,-0.33,-0.14,0.27,9.8,0.17875,1.25,0.0,0.0,0.0,7.0,1016.95,67.44,-16.12
2025-03-24 18:27:31.366000+00:00,,,,,357.312,-0.875,-1.562,22.85,-82.062,-5.875,-19.0,-0.012,-0.023,0.028,-0.28,0.7,9.47,-0.13,0.43,-0.33,-0.14,0.27,9.8,0.17875,1.25,0.0,0.0,0.0,7.0,1016.95,67.44,-16.12
2025-03-24 18:27:32.350000+00:00,,,,,357.312,-0.875,-1.562,22.85,-82.062,-5.875,-19.0,-0.012,-0.023,0.028,-0.28,0.7,9.47,-0.13,0.43,-0.33,-0.14,0.27,9.8,0.17875,1.25,0.0,0.0,0.0,7.0,1016.95,67.44,-16.12
2025-03-24 18:27:33.408000+00:00,,,,,357.312,-0.875,-1.562,22.85,-82.062,-5.875,-19.0,-0.012,-0.023,0.028,-0.28,0.7,9.47,-0.13,0.43,-0.33,-0.14,0.27,9.8,0.17875,1.25,0.0,0.0,0.0,7.0,1016.95,67.44,-16.12
2025-03-24 18:27:34.573000+00:00,,,,,357.312,-0.875,-1.562,22.85,-82.062,-5.875,-19.0,-0.012,-0.023,0.028,-0.28,0.7,9.47,-0.13,0.43,-0.33,-0.14,0.27,9.8,0.17875,1.25,0.0,0.0,0.0,7.0,1016.95,67.44,-16.12
2025-03-24 18:27:35.715000+00:00,,,,,357.312,-0.875,-1.562,22.85,-82.062,-5.875,-19.0,-0.012,-0.023,0.028,-0.28,0.7,9.47,-0.13,0.43,-0.33,-0.14,0.27,9.8,0.17875,1.25,0.0,0.0,0.0,7.0,1016.95,67.44,-16.12
2025-03-24 18:27:36.745000+00:00,,,,,357.312,-0.875,-1.562,22.85,-82.062,-5.875,-19.0,-0.012,-0.023,0.028,-0.28,0.7,9.47,-0.13,0.43,-0.33,-0.14,0.27,9.8,0.17875,1.25,0.0,0.0,0.0,7.0,1016.95,67.44,-16.12
2025-03-24 18:27:38.031000+00:00,,,,,357.312,-0.875,-1.562,22.85,-82.062,-5.875,-19.0,-0.012,-0.023,0.028,-0.28,0.7,9.47,-0.13,0.43,-0.33,-0.14,0.27,9.8,0.17875,1.25,0.0,0.0,0.0,7.0,1016.95,67.44,-16.12
2025-03-24 18:27:39.647000+00:00,,,,,357.312,-0.875,-1.562,22.85,-82.062,-5.875,-19.0,-0.012,-0.023,0.028,-0.28,0.7,9.47,-0.13,0.43,-0.33,-0.14,0.27,9.8,0.17875,1.25,0.0,0.0,0.0,7.0,1016.95,67.44,-16.12
2025-03-24 18:27:40.686000+00:00,,,,,357.312,-0.875,-1.562,22.85,-82.062,-5.875,-19.0,-0.012,-0.023,0.028,-0.28,0.7,9.47,-0.13,0.43,-0.33,-0.14,0.27,9.8,0.17875,1.25,0.0,0.0,0.0,7.0,1016.95,67.44,-16.12
2025-03-24 18:27:41.834000+00:00,,,,,357.312,-0.875,-1.562,22.85,-82.062,-5.875,-19.0,-0.012,-0.023,0.028,-0.28,0.7,9.47,-0.13,0.43,-0.33,-0.14,0.27,9.8,0.17875,1.25,0.0,0.0,0.0,7.0,1016.95,67.44,-16.12
2025-03-24 18:27:43.034000+00:00,,,,,357.312,-0.875,-1.562,22.85,-82.062,-5.875,-19.0,-0.012,-0.023,0.028,-0.28,0.7,9.47,-0.13,0.43,-0.33,-0.14,0.27,9.8,0.17875,1.25,0.0,0.0,0.0,7.0,1016.95,67.44,-16.12
2025-03-24 18:27:44.420000+00:00,,,,,357.312,-0.875,-1.562,22.85,-82.062,-5.875,-19.0,-0.012,-0.023,0.028,-0.28,0.7,9.47,-0.13,0.43,-0.33,-0.14,0.27,9.8,0.17875,1.25,0.0,0.0,0.0,7.0,1016.95,67.44,-16.12
2025-03-24 18:27:45.413000+00:00,,,,,357.312,-0.875,-1.562,22.85,-82.062,-5.875,-19.0,-0.012,-0.023,0.028,-0.28,0.7,9.47,-0.13,0.43,-0.33,-0.14,0.27,9.8,0.17875,1.25,0.0,0.0,0.0,7.0,1016.95,67.44,-16.12
2025-03-24 18:27:46.430000+00:00,,,,,357.312,-0.875,-1.562,22.85,-82.062,-5.875,-19.0,-0.012,-0.023,0.028,-0.28,0.7,9.47,-0.13,0.43,-0.33,-0.14,0.27,9.8,0.17875,1.25,0.0,0.0,0.0,7.0,1016.95,67.44,-16.12
2025-03-24 18:27:47.449000+00:00,,,,,357.312,-0.875,-1.562,22.85,-82.062,-5.875,-19.0,-0.012,-0.023,0.028,-0.28,0.7,9.47,-0.13,0.43,-0.33,-0.14,0.27,9.8,0.17875,1.25,0.0,0.0,0.0,7.0,1016.95,67.44,-16.12
2025-03-24 18:27:48.599000+00:00,,,,,357.312,-0.875,-1.562,22.85,-82.062,-5.875,-19.0,-0.012,-0.023,0.028,-0.28,0.7,9.47,-0.13,0.43,-0.33,-0.14,0.27,9.8,0.17875,1.25,0.0,0.0,0.0,7.0,1016.95,67.44,-16.12
2025-03-24 18:27:49.747000+00:00,,,,,357.312,-0.875,-1.562,22.85,-82.062,-5.875,-19.0,-0.012,-0.023,0.028,-0.28,0.7,9.47,-0.13,0.43,-0.33,-0.14,0.27,9.8,0.17875,1.25,0.0,0.0,0.0,7.0,1016.95,67.44,-16.12
2025-03-24 18:27:50.897000+00:00,,,,,357.312,-0.875,-1.562,22.85,-82.062,-5.875,-19.0,-0.012,-0.023,0.028,-0.28,0.7,9.47,-0.13,0.43,-0.33,-0.14,0.27,9.8,0.17875,1.25,0.0,0.0,0.0,7.0,1016.95,67.44,-16.12
2025-03-24 18:27:52.043000+00:00,,,,,357.312,-0.875,-1.562,22.85,-82.062,-5.875,-19.0,-0.012,-0.023,0.028,-0.28,0.7,9.47,-0.13,0.43,-0.33,-0.14,0.27,9.8,0.17875,1.25,0.0,0.0,0.0,7.0,1016.95,67.44,-16.12
2025-03-24 18:27:53.066000+00:00,,,,,357.312,-0.875,-1.562,22.85,-82.062,-5.875,-19.0,-0.012,-0.023,0.028,-0.28,0.7,9.47,-0.13,0.43,-0.33,-0.14,0.27,9.8,0.17875,1.25,0.0,0.0,0.0,7.0,1016.95,67.44,-16.12
2025-03-24 18:27:54.503000+00:00,,,,,357.312,-0.875,-1.562,22.85,-82.062,-5.875,-19.0,-0.012,-0.023,0.028,-0.28,0.7,9.47,-0.13,0.43,-0.33,-0.14,0.27,9.8,0.17875,1.25,0.0,0.0,0.0,7.0,1016.95,67.44,-16.12
2025-03-24 18:27:55.509000+00:00,,,,,357.312,-0.875,-1.562,22.85,-82.062,-5.875,-19.0,-0.012,-0.023,0.028,-0.28,0.7,9.47,-0.13,0.43,-0.33,-0.14,0.27,9.8,0.17875,1.25,0.0,0.0,0.0,7.0,1016.95,67.44,-16.12
2025-03-24 18:27:56.516000+00:00,,,,,357.312,-0.875,-1.562,22.85,-82.062,-5.875,-19.0,-0.012,-0.023,0.028,-0.28,0.7,9.47,-0.13,0.43,-0.33,-0.14,0.27,9.8,0.17875,1.25,0.0,0.0,0.0,7.0,1016.95,67.44,-16.12
2025-03-24 18:27:57.515000+00:00,,,,,357.312,-0.875,-1.562,22.85,-82.062,-5.875,-19.0,-0.012,-0.023,0.028,-0.28,0.7,9.47,-0.13,0.43,-0.33,-0.14,0.27,9.8,0.17875,1.25,0.0,0.0,0.0,7.0,1016.95,67.44,-16.12
2025-03-24 18:27:58.519000+00:00,,,,,357.312,-0.875,-1.562,22.85,-82.062,-5.875,-19.0,-0.012,-0.023,0.028,-0.28,0.7,9.47,-0.13,0.43,-0.33,-0.14,0.27,9.8,0.17875,1.25,0.0,0.0,0.0,7.0,1016.95,67.44,-16.12
2025-03-24 18:27:59.522000+00:00,,,,,357.312,-0.875,-1.562,22.85,-82.062,-5.875,-19.0,-0.012,-0.023,0.028,-0.28,0.7,9.47,-0.13,0.43,-0.33,-0.14,0.27,9.8,0.17875,1.25,0.0,0.0,0.0,7.0,1016.95,67.44,-16.12
2025-03-24 18:28:00.538000+00:00,,,,,357.312,-0.875,-1.562,22.85,-82.062,-5.875,-19.0,-0.012,-0.023,0.028,-0.28,0.7,9.47,-0.13,0.43,-0.33,-0.14,0.27,9.8,0.17875,1.25,0.0,0.0,0.0,7.0,1016.95,67.44,-16.12
2025-03-24 18:28:01.582000+00:00,,,,,357.312,-0.875,-1.562,22.85,-82.062,-5.875,-19.0,-0.012,-0.023,0.028,-0.28,0.7,9.47,-0.13,0.43,-0.33,-0.14,0.27,9.8,0.17875,1.25,0.0,0.0,0.0,7.0,1016.95,67.44,-16.12
2025-03-24 18:28:02.582000+00:00,,,,,357.312,-0.875,-1.562,22.85,-82.062,-5.875,-19.0,-0.012,-0.023,0.028,-0.28,0.7,9.47,-0.13,0.43,-0.33,-0.14,0.27,9.8,0.17875,1.25,0.0,0.0,0.0,7.0,1016.95,67.44,-16.12
2025-03-24 18:28:03.572000+00:00,,,,,357.312,-0.875,-1.562,22.85,-82.062,-5.875,-19.0,-0.012,-0.023,0.028,-0.28,0.7,9.47,-0.13,0.43,-0.33,-0.14,0.27,9.8,0.17875,1.25,0.0,0.0,0.0,7.0,1016.95,67.44,-16.12
2025-03-24 18:28:04.681000+00:00,,,,,357.312,-0.875,-1.562,22.85,-82.062,-5.875,-19.0,-0.012,-0.023,0.028,-0.28,0.7,9.47,-0.13,0.43,-0.33,-0.14,0.27,9.8,0.17875,1.25,0.0,0.0,0.0,7.0,1016.95,67.44,-16.12
2025-03-24 18:28:05.721000+00:00,,,,,357.312,-0.875,-1.562,22.85,-82.062,-5.875,-19.0,-0.012,-0.023,0.028,-0.28,0.7,9.47,-0.13,0.43,-0.33,-0.14,0.27,9.8,0.17875,1.25,0.0,0.0,0.0,7.0,1016.95,67.44,-16.12
2025-03-24 18:28:06.876000+00:00,,,,,357.312,-0.875,-1.562,22.85,-82.062,-5.875,-19.0,-0.012,-0.023,0.028,-0.28,0.7,9.47,-0.13,0.43,-0.33,-0.14,0.27,9.8,0.17875,1.25,0.0,0.0,0.0,7.0,1016.95,67.44,-16.12
2025-03-24 18:28:08.102000+00:00,,,,,357.312,-0.875,-1.562,22.85,-82.062,-5.875,-19.0,-0.012,-0.023,0.028,-0.28,0.7,9.47,-0.13,0.43,-0.33,-0.14,0.27,9.8,0.17875,1.25,0.0,0.0,0.0,7.0,1016.95,67.44,-16.12
2025-03-24 18:28:09.612000+00:00,,,,,357.312,-0.875,-1.562,22.85,-82.062,-5.875,-19.0,-0.012,-0.023,0.028,-0.28,0.7,9.47,-0.13,0.43,-0.33,-0.14,0.27,9.8,0.17875,1.25,0.0,0.0,0.0,7.0,1016.95,67.44,-16.12
2025-03-24 18:28:10.622000+00:00,,,,,357.312,-0.875,-1.562,22.85,-82.062,-5.875,-19.0,-0.012,-0.023,0.028,-0.28,0.7,9.47,-0.13,0.43,-0.33,-0.14,0.27,9.8,0.17875,1.25,0.0,0.0,0.0,7.0,1016.95,67.44,-16.12
2025-03-24 18:28:11.653000+00:00,,,,,357.312,-0.875,-1.562,22.85,-82.062,-5.875,-19.0,-0.012,-0.023,0.028,-0.28,0.7,9.47,-0.13,0.43,-0.33,-0.14,0.27,9.8,0.17875,1.25,0.0,0.0,0.0,7.0,1016.95,67.44,-16.12
2025-03-24 18:28:12.792000+00:00,,,,,357.312,-0.875,-1.562,22.85,-82.062,-5.875,-19.0,-0.012,-0.023,0.028,-0.28,0.7,9.47,-0.13,0.43,-0.33,-0.14,0.27,9.8,0.17875,1.25,0.0,0.0,0.0,7.0,1016.95,67.44,-16.12
2025-03-24 18:27:13.642000+00:00,,,,,357.312,-0.875,-1.562,22.85,-82.062,-5.875,-19.0,-0.012,-0.023,0.028,-0.28,0.7,9.47,-0.13,0.43,-0.33,-0.14,0.27,9.8,0.17875,1.25,0.0,0.0,0.0,7.0,1016.95,67.44,-16.12
2025-03-24 18:27:14.796000+00:00,,,,,357.312,-0.875,-1.562,22.85,-82.062,-5.875,-19.0,-0.012,-0.023,0.028,-0.28,0.7,9.47,-0.13,0.43,-0.33,-0.14,0.27,9.8,0.17875,1.25,0.0,0.0,0.0,7.0,1016.95,67.44,-16.12
2025-03-24 18:27:16.397000+00:00,,,,,357.312,-0.875,-1.562,22.85,-82.062,-5.875,-19.0,-0.012,-0.023,0.028,-0.28,0.7,9.47,-0.13,0.43,-0.33,-0.14,0.27,9.8,0.17875,1.25,0.0,0.0,0.0,7.0,1016.95,67.44,-16.12
2025-03-24 18:27:17.430000+00:00,,,,,357.312,-0.875,-1.562,22.85,-82.062,-5.875,-19.0,-0.012,-0.023,0.028,-0.28,0.7,9.47,-0.13,0.43,-0.33,-0.14,0.27,9.8,0.17875,1.25,0.0,0.0,0.0,7.0,1016.95,67.44,-16.12
2025-03-24 18:27:18.427000+00:00,,,,,357.312,-0.875,-1.562,22.85,-82.062,-5.875,-19.0,-0.012,-0.023,0.028,-0.28,0.7,9.47,-0.13,0.43,-0.33,-0.14,0.27,9.8,0.17875,1.25,0.0,0.0,0.0,7.0,1016.95,67.44,-16.12
2025-03-24 18:27:19.426000+00:00,,,,,357.312,-0.875,-1.562,22.85,-82.062,-5.875,-19.0,-0.012,-0.023,0.028,-0.28,0.7,9.47,-0.13,0.43,-0.33,-0.14,0.27,9.8,0.17875,1.25,0.0,0.0,0.0,7.0,1016.95,67.44,-16.12
2025-03-24 18:27:20.506000+00:00,,,,,357.312,-0.875,-1.562,22.85,-82.062,-5.875,-19.0,-0.012,-0.023,0.028,-0.28,0.7,9.47,-0.13,0.43,-0.33,-0.14,0.27,9.8,0.17875,1.25,0.0,0.0,0.0,7.0,1016.95,67.44,-16.12
2025-03-24 18:27:21.566000+00:00,,,,,357.312,-0.875,-1.562,22.85,-82.062,-5.875,-19.0,-0.012,-0.023,0.028,-0.28,0.7,9.47,-0.13,0.43,-0.33,-0.14,0.27,9.8,0.17875,1.25,0.0,0.0,0.0,7.0,1016.95,67.44,-16.12
2025-03-24 18:27:22.706000+00:00,,,,,357.312,-0.875,-1.562,22.85,-82.062,-5.875,-19.0,-0.012,-0.023,0.028,-0.28,0.7,9.47,-0.13,0.43,-0.33,-0.14,0.27,9.8,0.17875,1.25,0.0,0.0,0.0,7.0,1016.95,67.44,-16.12
2025-03-24 18:27:23.765000+00:00,,,,,357.312,-0.875,-1.562,22.85,-82.062,-5.875,-19.0,-0.012,-0.023,0.028,-0.28,0.7,9.47,-0.13,0.43,-0.33,-0.14,0.27,9.8,0.17875,1.25,0.0,0.0,0.0,7.0,1016.95,67.44,-16.12
2025-03-24 18:27:24.638000+00:00,,,,,357.312,-0.875,-1.562,22.85,-82.062,-5.875,-19.0,-0.012,-0.023,0.028,-0.28,0.7,9.47,-0.13,0.43,-0.33,-0.14,0.27,9.8,0.17875,1.25,0.0,0.0,0.0,7.0,1016.95,67.44,-16.12
2025-03-24 18:27:25.781000+00:00,,,,,357.312,-0.875,-1.562,22.85,-82.062,-5.875,-19.0,-0.012,-0.023,0.028,-0.28,0.7,9.47,-0.13,0.43,-0.33,-0.14,0.27,9.8,0.17875,1.25,0.0,0.0,0.0,7.0,1016.95,67.44,-16.12
2025-03-24 18:27:26.902000+00:00,,,,,357.312,-0.875,-1.562,22.85,-82.062,-5.875,-19.0,-0.012,-0.023,0.028,-0.28,0.7,9.47,-0.13,0.43,-0.33,-0.14,0.27,9.8,0.17875,1.25,0.0,0.0,0.0,7.0,1016.95,67.44,-16.12
2025-03-24 18:27:28.115000+00:00,,,,,357.312,-0.875,-1.562,22.85,-82.062,-5.875,-19.0,-0.012,-0.023,0.028,-0.28,0.7,9.47,-0.13,0.43,-0.33,-0.14,0.27,9.8,0.17875,1.25,0.0,0.0,0.0,7.0,1016.95,67.44,-16.12
2025-03-24 18:27:29.504000+00:00,,,,,357.312,-0.875,-1.562,22.85,-82.062,-5.875,-19.0,-0.012,-0.023,0.028,-0.28,0.7,9.47,-0.13,0.43,-0.33,-0.14,0.27,9.8,0.17875,1.25,0.0,0.0,0.0,7.0,1016.95,67.44,-16.12
2025-03-24 18:27:30.515000+00:00,,,,,357.312,-0.875,-1.562,22.85,-82.062,-5.875,-19.0,-0.012,-0.023,0.028,-0.28,0.7,9.47,-0.13,0.43,-0.33,-0.14,0.27,9.8,0.17875,1.25,0.0,0.0,0.0,7.0,1016.95,67.44,-16.12
2025-03-24 18:27:31.525000+00:00,,,,,357.312,-0.875,-1.562,22.85,-82.062,-5.875,-19.0,-0.012,-0.023,0.028,-0.28,0.7,9.47,-0.13,0.43,-0.33,-0.14,0.27,9.8,0.17875,1.25,0.0,0.0,0.0,7.0,1016.95,67.44,-16.12
2025-03-24 18:27:32.505000+00:00,,,,,357.312,-0.875,-1.562,22.85,-82.062,-5.875,-19.0,-0.012,-0.023,0.028,-0.28,0.7,9.47,-0.13,0.43,-0.33,-0.14,0.27,9.8,0.17875,1.25,0.0,0.0,0.0,7.0,1016.95,67.44,-16.12
2025-03-24 18:27:33.571000+00:00,,,,,357.312,-0.875,-1.562,22.85,-82.062,-5.875,-19.0,-0.012,-0.023,0.028,-0.28,0.7,9.47,-0.13,0.43,-0.33,-0.14,0.27,9.8,0.17875,1.25,0.0,0.0,0.0,7.0,1016.95,67.44,-16.12
2025-03-24 18:27:34.735000+00:00,,,,,357.312,-0.875,-1.562,22.85,-82.062,-5.875,-19.0,-0.012,-0.023,0.028,-0.28,0.7,9.47,-0.13,0.43,-0.33,-0.14,0.27,9.8,0.17875,1.25,0.0,0.0,0.0,7.0,1016.95,67.44,-16.12
2025-03-24 18:27:35.875000+00:00,,,,,357.312,-0.875,-1.562,22.85,-82.062,-5.875,-19.0,-0.012,-0.023,0.028,-0.28,0.7,9.47,-0.13,0.43,-0.33,-0.14,0.27,9.8,0.17875,1.25,0.0,0.0,0.0,7.0,1016.95,67.44,-16.12
2025-03-24 18:27:36.901000+00:00,,,,,357.312,-0.875,-1.562,22.85,-82.062,-5.875,-19.0,-0.012,-0.023,0.028,-0.28,0.7,9.47,-0.13,0.43,-0.33,-0.14,0.27,9.8,0.17875,1.25,0.0,0.0,0.0,7.0,1016.95,67.44,-16.12
2025-03-24 18:27:38.191000+00:00,,,,,357.312,-0.875,-1.562,22.85,-82.062,-5.875,-19.0,-0.012,-0.023,0.028,-0.28,0.7,9.47,-0.13,0.43,-0.33,-0.14,0.27,9.8,0.17875,1.25,0.0,0.0,0.0,7.0,1016.95,67.44,-16.12
2025-03-24 18:27:39.801000+00:00,,,,,357.312,-0.875,-1.562,22.85,-82.062,-5.875,-19.0,-0.012,-0.023,0.028,-0.28,0.7,9.47,-0.13,0.43,-0.33,-0.14,0.27,9.8,0.17875,1.25,0.0,0.0,0.0,7.0,1016.95,67.44,-16.12
2025-03-24 18:27:40.843000+00:00,,,,,357.312,-0.875,-1.562,22.85,-82.062,-5.875,-19.0,-0.012,-0.023,0.028,-0.28,0.7,9.47,-0.13,0.43,-0.33,-0.14,0.27,9.8,0.17875,1.25,0.0,0.0,0.0,7.0,1016.94,67.44,-16.12
2025-03-24 18:27:41.997000+00:00,,,,,357.312,-0.875,-1.562,22.85,-82.062,-5.875,-19.0,-0.012,-0.023,0.028,-0.28,0.7,9.47,-0.13,0.43,-0.33,-0.14,0.27,9.8,0.17875,1.25,0.0,0.0,0.0,7.0,1016.94,67.44,-16.12
2025-03-24 18:27:43.184000+00:00,,,,,357.312,-0.875,-1.562,22.85,-82.062,-5.875,-19.0,-0.012,-0.023,0.028,-0.28,0.7,9.47,-0.13,0.43,-0.33,-0.14,0.27,9.8,0.17875,1.25,0.0,0.0,0.0,7.0,1016.94,67.44,-16.12
2025-03-24 18:27:44.590000+00:00,,,,,357.312,-0.875,-1.562,22.85,-82.062,-5.875,-19.0,-0.012,-0.023,0.028,-0.28,0.7,9.47,-0.13,0.43,-0.33,-0.14,0.27,9.8,0.17875,1.25,0.0,0.0,0.0,7.0,1016.94,67.44,-16.12
2025-03-24 18:27:45.588000+00:00,,,,,357.312,-0.875,-1.562,22.85,-82.062,-5.875,-19.0,-0.012,-0.023,0.028,-0.28,0.7,9.47,-0.13,0.43,-0.33,-0.14,0.27,9.8,0.17875,1.25,0.0,0.0,0.0,7.0,1016.94,67.44,-16.12
2025-03-24 18:27:46.590000+00:00,,,,,357.312,-0.875,-1.562,22.85,-82.062,-5.875,-19.0,-0.012,-0.023,0.028,-0.28,0.7,9.47,-0.13,0.43,-0.33,-0.14,0.27,9.8,0.17875,1.25,0.0,0.0,0.0,7.0,1016.94,67.44,-16.12
2025-03-24 18:27:47.603000+00:00,,,,,357.312,-0.875,-1.562,22.85,-82.062,-5.875,-19.0,-0.012,-0.023,0.028,-0.28,0.7,9.47,-0.13,0.43,-0.33,-0.14,0.27,9.8,0.17875,1.25,0.0,0.0,0.0,7.0,1016.94,67.44,-16.12
2025-03-24 18:27:48.768000+00:00,,,,,357.312,-0.875,-1.562,22.85,-82.062,-5.875,-19.0,-0.012,-0.023,0.028,-0.28,0.7,9.47,-0.13,0.43,-0.33,-0.14,0.27,9.8,0.17875,1.25,0.0,0.0,0.0,7.0,1016.94,67.44,-16.12
2025-03-24 18:27:49.920000+00:00,,,,,357.312,-0.875,-1.562,22.85,-82.062,-5.875,-19.0,-0.012,-0.023,0.028,-0.28,0.7,9.47,-0.13,0.43,-0.33,-0.14,0.27,9.8,0.17875,1.25,0.0,0.0,0.0,7.0,1016.94,67.44,-16.12
2025-03-24 18:27:51.069000+00:00,,,,,357.312,-0.875,-1.562,22.85,-82.062,-5.875,-19.0,-0.012,-0.023,0.028,-0.28,0.7,9.47,-0.13,0.43,-0.33,-0.14,0.27,9.8,0.17875,1.25,0.0,0.0,0.0,7.0,1016.94,67.44,-16.12
2025-03-24 18:27:52.199000+00:00,,,,,357.312,-0.875,-1.562,22.85,-82.062,-5.875,-19.0,-0.012,-0.023,0.028,-0.28,0.7,9.47,-0.13,0.43,-0.33,-0.14,0.27,9.8,0.17875,1.25,0.0,0.0,0.0,7.0,1016.94,67.44,-16.12
2025-03-24 18:27:53.219000+00:00,,,,,357.312,-0.875,-1.562,22.85,-82.062,-5.875,-19.0,-0.012,-0.023,0.028,-0.28,0.7,9.47,-0.13,0.43,-0.33,-0.14,0.27,9.8,0.17875,1.25,0.0,0.0,0.0,7.0,1016.94,67.44,-16.12
2025-03-24 18:27:54.669000+00:00,,,,,357.312,-0.875,-1.562,22.85,-82.062,-5.875,-19.0,-0.012,-0.023,0.028,-0.28,0.7,9.47,-0.13,0.43,-0.33,-0.14,0.27,9.8,0.17875,1.25,0.0,0.0,0.0,7.0,1016.94,67.44,-16.12
2025-03-24 18:27:55.679000+00:00,,,,,357.312,-0.875,-1.562,22.85,-82.062,-5.875,-19.0,-0.012,-0.023,0.028,-0.28,0.7,9.47,-0.13,0.43,-0.33,-0.14,0.27,9.8,0.17875,1.25,0.0,0.0,0.0,7.0,1016.94,67.44,-16.12
2025-03-24 18:27:56.679000+00:00,,,,,357.312,-0.875,-1.562,22.85,-82.062,-5.875,-19.0,-0.012,-0.023,0.028,-0.28,0.7,9.47,-0.13,0.43,-0.33,-0.14,0.27,9.8,0.17875,1.25,0.0,0.0,0.0,7.0,1016.94,67.44,-16.12
2025-03-24 18:27:57.662000+00:00,,,,,357.312,-0.875,-1.562,22.85,-82.062,-5.875,-19.0,-0.012,-0.023,0.028,-0.28,0.7,9.47,-0.13,0.43,-0.33,-0.14,0.27,9.8,0.17875,1.25,0.0,0.0,0.0,7.0,1016.94,67.44,-16.12
2025-03-24 18:27:58.672000+00:00,,,,,357.312,-0.875,-1.562,22.85,-82.062,-5.875,-19.0,-0.012,-0.023,0.028,-0.28,0.7,9.47,-0.13,0.43,-0.33,-0.14,0.27,9.8,0.17875,1.25,0.0,0.0,0.0,7.0,1016.94,67.44,-16.12
2025-03-24 18:27:59.698000+00:00,,,,,357.312,-0.875,-1.562,22.85,-82.062,-5.875,-19.0,-0.012,-0.023,0.028,-0.28,0.7,9.47,-0.13,0.43,-0.33,-0.14,0.27,9.8,0.17875,1.25,0.0,0.0,0.0,7.0,1016.94,67.44,-16.12
2025-03-24 18:28:00.692000+00:00,,,,,357.312,-0.875,-1.562,22.85,-82.062,-5.875,-19.0,-0.012,-0.023,0.028,-0.28,0.7,9.47,-0.13,0.43,-0.33,-0.14,0.27,9.8,0.17875,1.25,0.0,0.0,0.0,7.0,1016.94,67.44,-16.12
2025-03-24 18:28:01.748000+00:00,,,,,357.312,-0.875,-1.562,22.85,-82.062,-5.875,-19.0,-0.012,-0.023,0.028,-0.28,0.7,9.47,-0.13,0.43,-0.33,-0.14,0.27,9.8,0.17875,1.25,0.0,0.0,0.0,7.0,1016.94,67.44,-16.12
2025-03-24 18:28:02.748000+00:00,,,,,357.312,-0.875,-1.562,22.85,-82.062,-5.875,-19.0,-0.012,-0.023,0.028,-0.28,0.7,9.47,-0.13,0.43,-0.33,-0.14,0.27,9.8,0.17875,1.25,0.0,0.0,0.0,7.0,1016.94,67.44,-16.12
2025-03-24 18:28:03.738000+00:00,,,,,357.312,-0.875,-1.562,22.85,-82.062,-5.875,-19.0,-0.012,-0.023,0.028,-0.28,0.7,9.47,-0.13,0.43,-0.33,-0.14,0.27,9.8,0.17875,1.25,0.0,0.0,0.0,7.0,1016.94,67.44,-16.12
2025-03-24 18:28:04.856000+00:00,,,,,357.312,-0.875,-1.562,22.85,-82.062,-5.875,-19.0,-0.012,-0.023,0.028,-0.28,0.7,9.47,-0.13,0.43,-0.33,-0.14,0.27,9.8,0.17875,1.25,0.0,0.0,0.0,7.0,1016.94,67.44,-16.12
2025-03-24 18:28:05.898000+00:00,,,,,357.312,-0.875,-1.562,22.85,-82.062,-5.875,-19.0,-0.012,-0.023,0.028,-0.28,0.7,9.47,-0.13,0.43,-0.33,-0.14,0.27,9.8,0.17875,1.25,0.0,0.0,0.0,7.0,1016.94,67.44,-16.12
2025-03-24 18:28:07.022000+00:00,,,,,357.312,-0.875,-1.562,22.85,-82.062,-5.875,-19.0,-0.012,-0.023,0.028,-0.28,0.7,9.47,-0.13,0.43,-0.33,-0.14,0.27,9.8,0.17875,1.25,0.0,0.0,0.0,7.0,1016.94,67.44,-16.12
2025-03-24 18:28:08.265000+00:00,,,,,357.312,-0.875,-1.562,22.85,-82.062,-5.875,-19.0,-0.012,-0.023,0.028,-0.28,0.7,9.47,-0.13,0.43,-0.33,-0.14,0.27,9.8,0.17875,1.25,0.0,0.0,0.0,7.0,1016.94,67.44,-16.12
2025-03-24 18:28:09.789000+00:00,,,,,357.312,-0.875,-1.562,22.85,-82.062,-5.875,-19.0,-0.012,-0.023,0.028,-0.28,0.7,9.47,-0.13,0.43,-0.33,-0.14,0.27,9.8,0.17875,1.25,0.0,0.0,0.0,7.0,1016.94,67.44,-16.12
2025-03-24 18:28:10.782000+00:00,,,,,357.312,-0.875,-1.562,22.85,-82.062,-5.875,-19.0,-0.012,-0.023,0.028,-0.28,0.7,9.47,-0.13,0.43,-0.33,-0.14,0.27,9.8,0.17875,1.25,0.0,0.0,0.0,7.0,1016.97,67.44,-16.12
2025-03-24 18:28:11.811000+00:00,,,,,357.312,-0.875,-1.562,22.85,-82.062,-5.875,-19.0,-0.012,-0.023,0.028,-0.28,0.7,9.47,-0.13,0.43,-0.33,-0.14,0.27,9.8,0.17875,1.25,0.0,0.0,0.0,7.0,1016.97,67.44,-16.12
2025-03-24 18:27:13.586000+00:00,,,,,357.312,-0.875,-1.562,22.85,-82.062,-5.875,-19.0,-0.012,-0.023,0.028,-0.28,0.7,9.47,-0.13,0.43,-0.33,-0.14,0.27,9.8,0.17875,1.25,0.0,0.0,0.0,7.0,1016.97,67.44,-16.12
2025-03-24 18:27:14.736000+00:00,,,,,357.312,-0.875,-1.562,22.85,-82.062,-5.875,-19.0,-0.012,-0.023,0.028,-0.28,0.7,9.47,-0.13,0.43,-0.33,-0.14,0.27,9.8,0.17875,1.25,0.0,0.0,0.0,7.0,1016.97,67.44,-16.12
2025-03-24 18:27:16.346000+00:00,,,,,357.312,-0.875,-1.562,22.85,-82.062,-5.875,-19.0,-0.012,-0.023,0.028,-0.28,0.7,9.47,-0.13,0.43,-0.33,-0.14,0.27,9.8,0.17875,1.25,0.0,0.0,0.0,7.0,1016.97,67.44,-16.12
2025-03-24 18:27:17.376000+00:00,,,,,357.312,-0.875,-1.562,22.85,-82.062,-5.875,-19.0,-0.012,-0.023,0.028,-0.28,0.7,9.47,-0.13,0.43,-0.33,-0.14,0.27,9.8,0.17875,1.25,0.0,0.0,0.0,7.0,1016.97,67.44,-16.12
2025-03-24 18:27:18.380000+00:00,,,,,357.312,-0.875,-1.562,22.85,-82.062,-5.875,-19.0,-0.012,-0.023,0.028,-0.28,0.7,9.47,-0.13,0.43,-0.33,-0.14,0.27,9.8,0.17875,1.25,0.0,0.0,0.0,7.0,1016.97,67.44,-16.12
2025-03-24 18:27:19.375000+00:00,,,,,357.312,-0.875,-1.562,22.85,-82.062,-5.875,-19.0,-0.012,-0.023,0.028,-0.28,0.7,9.47,-0.13,0.43,-0.33,-0.14,0.27,9.8,0.17875,1.25,0.0,0.0,0.0,7.0,1016.97,67.44,-16.12
2025-03-24 18:27:20.451000+00:00,,,,,357.312,-0.875,-1.562,22.85,-82.062,-5.875,-19.0,-0.012,-0.023,0.028,-0.28,0.7,9.47,-0.13,0.43,-0.33,-0.14,0.27,9.8,0.17875,1.25,0.0,0.0,0.0,7.0,1016.97,67.44,-16.12
2025-03-24 18:27:21.516000+00:00,,,,,357.312,-0.875,-1.562,22.85,-82.062,-5.875,-19.0,-0.012,-0.023,0.028,-0.28,0.7,9.47,-0.13,0.43,-0.33,-0.14,0.27,9.8,0.17875,1.25,0.0,0.0,0.0,7.0,1016.97,67.44,-16.12
2025-03-24 18:27:22.656000+00:00,,,,,357.312,-0.875,-1.562,22.85,-82.062,-5.875,-19.0,-0.012,-0.023,0.028,-0.28,0.7,9.47,-0.13,0.43,-0.33,-0.14,0.27,9.8,0.17875,1.25,0.0,0.0,0.0,7.0,1016.97,67.44,-16.12
2025-03-24 18:27:23.712000+00:00,,,,,357.312,-0.875,-1.562,22.85,-82.062,-5.875,-19.0,-0.012,-0.023,0.028,-0.28,0.7,9.47,-0.13,0.43,-0.33,-0.14,0.27,9.8,0.17875,1.25,0.0,0.0,0.0,7.0,1016.97,67.44,-16.12
2025-03-24 18:27:24.582000+00:00,,,,,357.312,-0.875,-1.562,22.85,-82.062,-5.875,-19.0,-0.012,-0.023,0.028,-0.28,0.7,9.47,-0.13,0.43,-0.33,-0.14,0.27,9.8,0.17875,1.25,0.0,0.0,0.0,7.0,1016.97,67.44,-16.12
2025-03-24 18:27:25.722000+00:00,,,,,357.312,-0.875,-1.562,22.85,-82.062,-5.875,-19.0,-0.012,-0.023,0.028,-0.28,0.7,9.47,-0.13,0.43,-0.33,-0.14,0.27,9.8,0.17875,1.25,0.0,0.0,0.0,7.0,1016.97,67.44,-16.12
2025-03-24 18:27:26.845000+00:00,,,,,357.312,-0.875,-1.562,22.85,-82.062,-5.875,-19.0,-0.012,-0.023,0.028,-0.28,0.7,9.47,-0.13,0.43,-0.33,-0.14,0.27,9.8,0.17875,1.25,0.0,0.0,0.0,7.0,1016.97,67.44,-16.12
2025-03-24 18:27:28.062000+00:00,,,,,357.312,-0.875,-1.562,22.85,-82.062,-5.875,-19.0,-0.012,-0.023,0.028,-0.28,0.7,9.47,-0.13,0.43,-0.33,-0.14,0.27,9.8,0.17875,1.25,0.0,0.0,0.0,7.0,1016.97,67.44,-16.12
2025-03-24 18:27:29.455000+00:00,,,,,357.312,-0.875,-1.562,22.85,-82.062,-5.875,-19.0,-0.012,-0.023,0.028,-0.28,0.7,9.47,-0.13,0.43,-0.33,-0.14,0.27,9.8,0.17875,1.25,0.0,0.0,0.0,7.0,1016.97,67.44,-16.12
2025-03-24 18:27:30.455000+00:00,,,,,357.312,-0.875,-1.562,22.85,-82.062,-5.875,-19.0,-0.012,-0.023,0.028,-0.28,0.7,9.47,-0.13,0.43,-0.33,-0.14,0.27,9.8,0.17875,1.25,0.0,0.0,0.0,7.0,1016.97,67.44,-16.12
2025-03-24 18:27:31.465000+00:00,,,,,357.312,-0.875,-1.562,22.85,-82.062,-5.875,-19.0,-0.012,-0.023,0.028,-0.28,0.7,9.47,-0.13,0.43,-0.33,-0.14,0.27,9.8,0.17875,1.25,0.0,0.0,0.0,7.0,1016.97,67.44,-16.12
2025-03-24 18:27:32.454000+00:00,,,,,357.312,-0.875,-1.562,22.85,-82.062,-5.875,-19.0,-0.012,-0.023,0.028,-0.28,0.7,9.47,-0.13,0.43,-0.33,-0.14,0.27,9.8,0.17875,1.25,0.0,0.0,0.0,7.0,1016.97,67.44,-16.12
2025-03-24 18:27:33.511000+00:00,,,,,357.312,-0.875,-1.562,22.85,-82.062,-5.875,-19.0,-0.012,-0.023,0.028,-0.28,0.7,9.47,-0.13,0.43,-0.33,-0.14,0.27,9.8,0.17875,1.25,0.0,0.0,0.0,7.0,1016.97,67.44,-16.12
2025-03-24 18:27:34.689000+00:00,,,,,357.312,-0.875,-1.562,22.85,-82.062,-5.875,-19.0,-0.012,-0.023,0.028,-0.28,0.7,9.47,-0.13,0.43,-0.33,-0.14,0.27,9.8,0.17875,1.25,0.0,0.0,0.0,7.0,1016.97,67.44,-16.12
2025-03-24 18:27:35.824000+00:00,,,,,357.312,-0.875,-1.562,22.85,-82.062,-5.875,-19.0,-0.012,-0.023,0.028,-0.28,0.7,9.47,-0.13,0.43,-0.33,-0.14,0.27,9.8,0.17875,1.25,0.0,0.0,0.0,7.0,1016.97,67.44,-16.12
2025-03-24 18:27:36.844000+00:00,,,,,357.312,-0.875,-1.562,22.85,-82.062,-5.875,-19.0,-0.012,-0.023,0.028,-0.28,0.7,9.47,-0.13,0.43,-0.33,-0.14,0.27,9.8,0.17875,1.25,0.0,0.0,0.0,7.0,1016.97,67.44,-16.12
2025-03-24 18:27:38.135000+00:00,,,,,357.312,-0.875,-1.562,22.85,-82.062,-5.875,-19.0,-0.012,-0.023,0.028,-0.28,0.7,9.47,-0.13,0.43,-0.33,-0.14,0.27,9.8,0.17875,1.25,0.0,0.0,0.0,7.0,1016.97,67.44,-16.12
2025-03-24 18:27:39.744000+00:00,,,,,357.312,-0.875,-1.562,22.85,-82.062,-5.875,-19.0,-0.012,-0.023,0.028,-0.28,0.7,9.47,-0.13,0.43,-0.33,-0.14,0.27,9.8,0.17875,1.25,0.0,0.0,0.0,7.0,1016.97,67.44,-16.12
2025-03-24 18:27:40.790000+00:00,,,,,357.312,-0.875,-1.562,22.85,-82.062,-5.875,-19.0,-0.012,-0.023,0.028,-0.28,0.7,9.47,-0.13,0.43,-0.33,-0.14,0.27,9.8,0.17875,1.25,0.0,0.0,0.0,7.0,1016.97,67.47,-16.12
2025-03-24 18:27:41.940000+00:00,,,,,357.312,-0.875,-1.562,22.85,-82.062,-5.875,-19.0,-0.012,-0.023,0.028,-0.28,0.7,9.47,-0.13,0.43,-0.33,-0.14,0.27,9.8,0.17875,1.25,0.0,0.0,0.0,7.0,1016.97,67.47,-16.12
2025-03-24 18:27:43.134000+00:00,,,,,357.312,-0.875,-1.562,22.85,-82.062,-5.875,-19.0,-0.012,-0.023,0.028,-0.28,0.7,9.47,-0.13,0.43,-0.33,-0.14,0.27,9.8,0.17875,1.25,0.0,0.0,0.0,7.0,1016.97,67.47,-16.12
2025-03-24 18:27:44.530000+00:00,,,,,357.312,-0.875,-1.562,22.85,-82.062,-5.875,-19.0,-0.012,-0.023,0.028,-0.28,0.7,9.47,-0.13,0.43,-0.33,-0.14,0.27,9.8,0.17875,1.25,0.0,0.0,0.0,7.0,1016.97,67.47,-16.12
2025-03-24 18:27:45.530000+00:00,,,,,357.312,-0.875,-1.562,22.85,-82.062,-5.875,-19.0,-0.012,-0.023,0.028,-0.28,0.7,9.47,-0.13,0.43,-0.33,-0.14,0.27,9.8,0.17875,1.25,0.0,0.0,0.0,7.0,1016.97,67.47,-16.12
2025-03-24 18:27:46.534000+00:00,,,,,357.312,-0.875,-1.562,22.85,-82.062,-5.875,-19.0,-0.012,-0.023,0.028,-0.28,0.7,9.47,-0.13,0.43,-0.33,-0.14,0.27,9.8,0.17875,1.25,0.0,0.0,0.0,7.0,1016.97,67.47,-16.12
2025-03-24 18:27:47.554000+00:00,,,,,357.312,-0.875,-1.562,22.85,-82.062,-5.875,-19.0,-0.012,-0.023,0.028,-0.28,0.7,9.47,-0.13,0.43,-0.33,-0.14,0.27,9.8,0.17875,1.25,0.0,0.0,0.0,7.0,1016.97,67.47,-16.12
2025-03-24 18:27:48.709000+00:00,,,,,357.312,-0.875,-1.562,22.85,-82.062,-5.875,-19.0,-0.012,-0.023,0.028,-0.28,0.7,9.47,-0.13,0.43,-0.33,-0.14,0.27,9.8,0.17875,1.25,0.0,0.0,0.0,7.0,1016.97,67.47,-16.12
2025-03-24 18:27:49.853000+00:00,,,,,357.312,-0.875,-1.562,22.85,-82.062,-5.875,-19.0,-0.012,-0.023,0.028,-0.28,0.7,9.47,-0.13,0.43,-0.33,-0.14,0.27,9.8,0.17875,1.25,0.0,0.0,0.0,7.0,1016.97,67.47,-16.12
2025-03-24 18:27:51.009000+00:00,,,,,357.312,-0.875,-1.562,22.85,-82.062,-5.875,-19.0,-0.012,-0.023,0.028,-0.28,0.7,9.47,-0.13,0.43,-0.33,-0.14,0.27,9.8,0.17875,1.25,0.0,0.0,0.0,7.0,1016.97,67.47,-16.12
2025-03-24 18:27:52.142000+00:00,,,,,357.312,-0.875,-1.562,22.85,-82.062,-5.875,-19.0,-0.012,-0.023,0.028,-0.28,0.7,9.47,-0.13,0.43,-0.33,-0.14,0.27,9.8,0.17875,1.25,0.0,0.0,0.0,7.0,1016.97,67.47,-16.12
2025-03-24 18:27:53.162000+00:00,,,,,357.312,-0.875,-1.562,22.85,-82.062,-5.875,-19.0,-0.012,-0.023,0.028,-0.28,0.7,9.47,-0.13,0.43,-0.33,-0.14,0.27,9.8,0.17875,1.25,0.0,0.0,0.0,7.0,1016.97,67.47,-16.12
2025-03-24 18:27:54.610000+00:00,,,,,357.312,-0.875,-1.562,22.85,-82.062,-5.875,-19.0,-0.012,-0.023,0.028,-0.28,0.7,9.47,-0.13,0.43,-0.33,-0.14,0.27,9.8,0.17875,1.25,0.0,0.0,0.0,7.0,1016.97,67.47,-16.12
2025-03-24 18:27:55.619000+00:00,,,,,357.312,-0.875,-1.562,22.85,-82.062,-5.875,-19.0,-0.012,-0.023,0.028,-0.28,0.7,9.47,-0.13,0.43,-0.33,-0.14,0.27,9.8,0.17875,1.25,0.0,0.0,0.0,7.0,1016.97,67.47,-16.12
2025-03-24 18:27:56.629000+00:00,,,,,357.312,-0.875,-1.562,22.85,-82.062,-5.875,-19.0,-0.012,-0.023,0.028,-0.28,0.7,9.47,-0.13,0.43,-0.33,-0.14,0.27,9.8,0.17875,1.25,0.0,0.0,0.0,7.0,1016.97,67.47,-16.12
2025-03-24 18:27:57.613000+00:00,,,,,357.312,-0.875,-1.562,22.85,-82.062,-5.875,-19.0,-0.012,-0.023,0.028,-0.28,0.7,9.47,-0.13,0.43,-0.33,-0.14,0.27,9.8,0.17875,1.25,0.0,0.0,0.0,7.0,1016.97,67.47,-16.12
2025-03-24 18:27:58.623000+00:00,,,,,357.312,-0.875,-1.562,22.85,-82.062,-5.875,-19.0,-0.012,-0.023,0.028,-0.28,0.7,9.47,-0.13,0.43,-0.33,-0.14,0.27,9.8,0.17875,1.25,0.0,0.0,0.0,7.0,1016.97,67.47,-16.12
2025-03-24 18:27:59.639000+00:00,,,,,357.312,-0.875,-1.562,22.85,-82.062,-5.875,-19.0,-0.012,-0.023,0.028,-0.28,0.7,9.47,-0.13,0.43,-0.33,-0.14,0.27,9.8,0.17875,1.25,0.0,0.0,0.0,7.0,1016.97,67.47,-16.12
2025-03-24 18:28:00.648000+00:00,,,,,357.312,-0.875,-1.562,22.85,-82.062,-5.875,-19.0,-0.012,-0.023,0.028,-0.28,0.7,9.47,-0.13,0.43,-0.33,-0.14,0.27,9.8,0.17875,1.25,0.0,0.0,0.0,7.0,1016.97,67.47,-16.12
2025-03-24 18:28:01.694000+00:00,,,,,357.312,-0.875,-1.562,22.85,-82.062,-5.875,-19.0,-0.012,-0.023,0.028,-0.28,0.7,9.47,-0.13,0.43,-0.33,-0.14,0.27,9.8,0.17875,1.25,0.0,0.0,0.0,7.0,1016.97,67.47,-16.12
2025-03-24 18:28:02.692000+00:00,,,,,357.312,-0.875,-1.562,22.85,-82.062,-5.875,-19.0,-0.012,-0.023,0.028,-0.28,0.7,9.47,-0.13,0.43,-0.33,-0.14,0.27,9.8,0.17875,1.25,0.0,0.0,0.0,7.0,1016.97,67.47,-16.12
2025-03-24 18:28:03.678000+00:00,,,,,357.312,-0.875,-1.562,22.85,-82.062,-5.875,-19.0,-0.012,-0.023,0.028,-0.28,0.7,9.47,-0.13,0.43,-0.33,-0.14,0.27,9.8,0.17875,1.25,0.0,0.0,0.0,7.0,1016.97,67.47,-16.12
2025-03-24 18:28:04.798000+00:00,,,,,357.312,-0.875,-1.562,22.85,-82.062,-5.875,-19.0,-0.012,-0.023,0.028,-0.28,0.7,9.47,-0.13,0.43,-0.33,-0.14,0.27,9.8,0.17875,1.25,0.0,0.0,0.0,7.0,1016.97,67.47,-16.12
2025-03-24 18:28:05.838000+00:00,,,,,357.312,-0.875,-1.562,22.85,-82.062,-5.875,-19.0,-0.012,-0.023,0.028,-0.28,0.7,9.47,-0.13,0.43,-0.33,-0.14,0.27,9.8,0.17875,1.25,0.0,0.0,0.0,7.0,1016.97,67.47,-16.12
2025-03-24 18:28:06.972000+00:00,,,,,357.312,-0.875,-1.562,22.85,-82.062,-5.875,-19.0,-0.012,-0.023,0.028,-0.28,0.7,9.47,-0.13,0.43,-0.33,-0.14,0.27,9.8,0.17875,1.25,0.0,0.0,0.0,7.0,1016.97,67.47,-16.12
2025-03-24 18:28:08.208000+00:00,,,,,357.312,-0.875,-1.562,22.85,-82.062,-5.875,-19.0,-0.012,-0.023,0.028,-0.28,0.7,9.47,-0.13,0.43,-0.33,-0.14,0.27,9.8,0.17875,1.25,0.0,0.0,0.0,7.0,1016.97,67.47,-16.12
2025-03-24 18:28:09.728000+00:00,,,,,357.312,-0.875,-1.562,22.85,-82.062,-5.875,-19.0,-0.012,-0.023,0.028,-0.28,0.7,9.47,-0.13,0.43,-0.33,-0.14,0.27,9.8,0.17875,1.25,0.0,0.0,0.0,7.0,1016.97,67.47,-16.12
2025-03-24 18:28:10.721000+00:00,,,,,357.312,-0.875,-1.562,22.85,-82.062,-5.875,-19.0,-0.012,-0.023,0.028,-0.28,0.7,9.47,-0.13,0.43,-0.33,-0.14,0.27,9.8,0.17875,1.25,0.0,0.0,0.0,7.0,1016.97,67.51,-16.12
2025-03-24 18:28:11.761000+00:00,,,,,357.312,-0.875,-1.562,22.85,-82.062,-5.875,-19.0,-0.012,-0.023,0.028,-0.28,0.7,9.47,-0.13,0.43,-0.33,-0.14,0.27,9.8,0.17875,1.25,0.0,0.0,0.0,7.0,1016.97,67.51,-16.12
2025-03-24 18:28:12.901000+00:00,,,,,357.312,-0.875,-1.562,22.85,-82.062,-5.875,-19.0,-0.012,-0.023,0.028,-0.28,0.7,9.47,-0.13,0.43,-0.33,-0.14,0.27,9.8,0.17875,1.25,0.0,0.0,0.0,7.0,1016.97,67.51,-16.12
2025-03-24 18:27:13.686000+00:00,,,,,357.312,-0.875,-1.562,22.85,-82.062,-5.875,-19.0,-0.012,-0.023,0.028,-0.28,0.7,9.47,-0.13,0.43,-0.33,-0.14,0.27,9.8,0.17875,1.25,0.0,0.0,0.0,7.0,1016.97,67.51,-16.12
2025-03-24 18:27:14.846000+00:00,,,,,357.312,-0.875,-1.562,22.85,-82.062,-5.875,-19.0,-0.012,-0.023,0.028,-0.28,0.7,9.47,-0.13,0.43,-0.33,-0.14,0.27,9.8,0.17875,1.25,0.0,0.0,0.0,7.0,1016.97,67.51,-16.12
2025-03-24 18:27:16.456000+00:00,,,,,357.312,-0.875,-1.562,22.85,-82.062,-5.875,-19.0,-0.012,-0.023,0.028,-0.28,0.7,9.47,-0.13,0.43,-0.33,-0.14,0.27,9.8,0.17875,1.25,0.0,0.0,0.0,7.0,1016.97,67.51,-16.12
2025-03-24 18:27:17.477000+00:00,,,,,357.312,-0.875,-1.562,22.85,-82.062,-5.875,-19.0,-0.012,-0.023,0.028,-0.28,0.7,9.47,-0.13,0.43,-0.33,-0.14,0.27,9.8,0.17875,1.25,0.0,0.0,0.0,7.0,1016.97,67.51,-16.12
2025-03-24 18:27:18.476000+00:00,,,,,357.312,-0.875,-1.562,22.85,-82.062,-5.875,-19.0,-0.012,-0.023,0.028,-0.28,0.7,9.47,-0.13,0.43,-0.33,-0.14,0.27,9.8,0.17875,1.25,0.0,0.0,0.0,7.0,1016.97,67.51,-16.12
2025-03-24 18:27:19.475000+00:00,,,,,357.312,-0.875,-1.562,22.85,-82.062,-5.875,-19.0,-0.012,-0.023,0.028,-0.28,0.7,9.47,-0.13,0.43,-0.33,-0.14,0.27,9.8,0.17875,1.25,0.0,0.0,0.0,7.0,1016.97,67.51,-16.12
2025-03-24 18:27:20.556000+00:00,,,,,357.312,-0.875,-1.562,22.85,-82.062,-5.875,-19.0,-0.012,-0.023,0.028,-0.28,0.7,9.47,-0.13,0.43,-0.33,-0.14,0.27,9.8,0.17875,1.25,0.0,0.0,0.0,7.0,1016.97,67.51,-16.12
2025-03-24 18:27:21.616000+00:00,,,,,357.312,-0.875,-1.562,22.85,-82.062,-5.875,-19.0,-0.012,-0.023,0.028,-0.28,0.7,9.47,-0.13,0.43,-0.33,-0.14,0.27,9.8,0.17875,1.25,0.0,0.0,0.0,7.0,1016.97,67.51,-16.12
2025-03-24 18:27:22.758000+00:00,,,,,357.312,-0.875,-1.562,22.85,-82.062,-5.875,-19.0,-0.012,-0.023,0.028,-0.28,0.7,9.47,-0.13,0.43,-0.33,-0.14,0.27,9.8,0.17875,1.25,0.0,0.0,0.0,7.0,1016.97,67.51,-16.12
2025-03-24 18:27:23.819000+00:00,,,,,357.312,-0.875,-1.562,22.85,-82.062,-5.875,-19.0,-0.012,-0.023,0.028,-0.28,0.7,9.47,-0.13,0.43,-0.33,-0.14,0.27,9.8,0.17875,1.25,0.0,0.0,0.0,7.0,1016.97,67.51,-16.12
2025-03-24 18:27:24.686000+00:00,,,,,357.312,-0.875,-1.562,22.85,-82.062,-5.875,-19.0,-0.012,-0.023,0.028,-0.28,0.7,9.47,-0.13,0.43,-0.33,-0.14,0.27,9.8,0.17875,1.25,0.0,0.0,0.0,7.0,1016.97,67.51,-16.12
2025-03-24 18:27:25.835000+00:00,,,,,357.312,-0.875,-1.562,22.85,-82.062,-5.875,-19.0,-0.012,-0.023,0.028,-0.28,0.7,9.47,-0.13,0.43,-0.33,-0.14,0.27,9.8,0.17875,1.25,0.0,0.0,0.0,7.0,1016.97,67.51,-16.12
2025-03-24 18:27:26.961000+00:00,,,,,357.312,-0.875,-1.562,22.85,-82.062,-5.875,-19.0,-0.012,-0.023,0.028,-0.28,0.7,9.47,-0.13,0.43,-0.33,-0.14,0.27,9.8,0.17875,1.25,0.0,0.0,0.0,7.0,1016.97,67.51,-16.12
2025-03-24 18:27:28.171000+00:00,,,,,357.312,-0.875,-1.562,22.85,-82.062,-5.875,-19.0,-0.012,-0.023,0.028,-0.28,0.7,9.47,-0.13,0.43,-0.33,-0.14,0.27,9.8,0.17875,1.25,0.0,0.0,0.0,7.0,1016.97,67.51,-16.12
2025-03-24 18:27:29.565000+00:00,,,,,357.312,-0.875,-1.562,22.85,-82.062,-5.875,-19.0,-0.012,-0.023,0.028,-0.28,0.7,9.47,-0.13,0.43,-0.33,-0.14,0.27,9.8,0.17875,1.25,0.0,0.0,0.0,7.0,1016.97,67.51,-16.12
2025-03-24 18:27:30.571000+00:00,,,,,357.312,-0.875,-1.562,22.85,-82.062,-5.875,-19.0,-0.012,-0.023,0.028,-0.28,0.7,9.47,-0.13,0.43,-0.33,-0.14,0.27,9.8,0.17875,1.25,0.0,0.0,0.0,7.0,1016.97,67.51,-16.12
2025-03-24 18:27:31.581000+00:00,,,,,357.312,-0.875,-1.562,22.85,-82.062,-5.875,-19.0,-0.012,-0.023,0.028,-0.28,0.7,9.47,-0.13,0.43,-0.33,-0.14,0.27,9.8,0.17875,1.25,0.0,0.0,0.0,7.0,1016.97,67.51,-16.12
2025-03-24 18:27:32.554000+00:00,,,,,357.312,-0.875,-1.562,22.85,-82.062,-5.875,-19.0,-0.012,-0.023,0.028,-0.28,0.7,9.47,-0.13,0.43,-0.33,-0.14,0.27,9.8,0.17875,1.25,0.0,0.0,0.0,7.0,1016.97,67.51,-16.12
2025-03-24 18:27:33.631000+00:00,,,,,357.312,-0.875,-1.562,22.85,-82.062,-5.875,-19.0,-0.012,-0.023,0.028,-0.28,0.7,9.47,-0.13,0.43,-0.33,-0.14,0.27,9.8,0.17875,1.25,0.0,0.0,0.0,7.0,1016.97,67.51,-16.12
2025-03-24 18:27:34.787000+00:00,,,,,357.312,-0.875,-1.562,22.85,-82.062,-5.875,-19.0,-0.012,-0.023,0.028,-0.28,0.7,9.47,-0.13,0.43,-0.33,-0.14,0.27,9.8,0.17875,1.25,0.0,0.0,0.0,7.0,1016.97,67.51,-16.12
2025-03-24 18:27:35.924000+00:00,,,,,357.312,-0.875,-1.562,22.85,-82.062,-5.875,-19.0,-0.012,-0.023,0.028,-0.28,0.7,9.47,-0.13,0.43,-0.33,-0.14,0.27,9.8,0.17875,1.25,0.0,0.0,0.0,7.0,1016.97,67.51,-16.12
2025-03-24 18:27:36.959000+00:00,,,,,357.312,-0.875,-1.562,22.85,-82.062,-5.875,-19.0,-0.012,-0.023,0.028,-0.28,0.7,9.47,-0.13,0.43,-0.33,-0.14,0.27,9.8,0.17875,1.25,0.0,0.0,0.0,7.0,1016.97,67.51,-16.12
2025-03-24 18:27:38.247000+00:00,,,,,357.312,-0.875,-1.562,22.85,-82.062,-5.875,-19.0,-0.012,-0.023,0.028,-0.28,0.7,9.47,-0.13,0.43,-0.33,-0.14,0.27,9.8,0.17875,1.25,0.0,0.0,0.0,7.0,1016.97,67.51,-16.12
2025-03-24 18:27:39.853000+00:00,,,,,357.312,-0.875,-1.562,22.85,-82.062,-5.875,-19.0,-0.012,-0.023,0.028,-0.28,0.7,9.47,-0.13,0.43,-0.33,-0.14,0.27,9.8,0.17875,1.25,0.0,0.0,0.0,7.0,1016.97,67.51,-16.12
2025-03-24 18:27:40.894000+00:00,,,,,357.312,-0.875,-1.562,22.85,-82.062,-5.875,-19.0,-0.012,-0.023,0.028,-0.28,0.7,9.47,-0.13,0.43,-0.33,-0.14,0.27,9.8,0.17875,1.25,0.0,0.0,0.0,7.0,1016.97,67.51,-16.19
2025-03-24 18:27:42.044000+00:00,,,,,357.312,-0.875,-1.562,22.85,-82.062,-5.875,-19.0,-0.012,-0.023,0.028,-0.28,0.7,9.47,-0.13,0.43,-0.33,-0.14,0.27,9.8,0.17875,1.25,0.0,0.0,0.0,7.0,1016.97,67.51,-16.19
2025-03-24 18:27:43.240000+00:00,,,,,357.312,-0.875,-1.562,22.85,-82.062,-5.875,-19.0,-0.012,-0.023,0.028,-0.28,0.7,9.47,-0.13,0.43,-0.33,-0.14,0.27,9.8,0.17875,1.25,0.0,0.0,0.0,7.0,1016.97,67.51,-16.19
2025-03-24 18:27:44.650000+00:00,,,,,357.312,-0.875,-1.562,22.85,-82.062,-5.875,-19.0,-0.012,-0.023,0.028,-0.28,0.7,9.47,-0.13,0.43,-0.33,-0.14,0.27,9.8,0.17875,1.25,0.0,0.0,0.0,7.0,1016.97,67.51,-16.19
2025-03-24 18:27:45.640000+00:00,,,,,357.312,-0.875,-1.562,22.85,-82.062,-5.875,-19.0,-0.012,-0.023,0.028,-0.28,0.7,9.47,-0.13,0.43,-0.33,-0.14,0.27,9.8,0.17875,1.25,0.0,0.0,0.0,7.0,1016.97,67.51,-16.19
2025-03-24 18:27:46.650000+00:00,,,,,357.312,-0.875,-1.562,22.85,-82.062,-5.875,-19.0,-0.012,-0.023,0.028,-0.28,0.7,9.47,-0.13,0.43,-0.33,-0.14,0.27,9.8,0.17875,1.25,0.0,0.0,0.0,7.0,1016.97,67.51,-16.19
2025-03-24 18:27:47.653000+00:00,,,,,357.312,-0.875,-1.562,22.85,-82.062,-5.875,-19.0,-0.012,-0.023,0.028,-0.28,0.7,9.47,-0.13,0.43,-0.33,-0.14,0.27,9.8,0.17875,1.25,0.0,0.0,0.0,7.0,1016.97,67.51,-16.19
2025-03-24 18:27:48.818000+00:00,,,,,357.312,-0.875,-1.562,22.85,-82.062,-5.875,-19.0,-0.012,-0.023,0.028,-0.28,0.7,9.47,-0.13,0.43,-0.33,-0.14,0.27,9.8,0.17875,1.25,0.0,0.0,0.0,7.0,1016.97,67.51,-16.19
2025-03-24 18:27:49.973000+00:00,,,,,357.312,-0.875,-1.562,22.85,-82.062,-5.875,-19.0,-0.012,-0.023,0.028,-0.28,0.7,9.47,-0.13,0.43,-0.33,-0.14,0.27,9.8,0.17875,1.25,0.0,0.0,0.0,7.0,1016.97,67.51,-16.19
2025-03-24 18:27:51.122000+00:00,,,,,357.312,-0.875,-1.562,22.85,-82.062,-5.875,-19.0,-0.012,-0.023,0.028,-0.28,0.7,9.47,-0.13,0.43,-0.33,-0.14,0.27,9.8,0.17875,1.25,0.0,0.0,0.0,7.0,1016.97,67.51,-16.19
2025-03-24 18:27:52.260000+00:00,,,,,357.312,-0.875,-1.562,22.85,-82.062,-5.875,-19.0,-0.012,-0.023,0.028,-0.28,0.7,9.47,-0.13,0.43,-0.33,-0.14,0.27,9.8,0.17875,1.25,0.0,0.0,0.0,7.0,1016.97,67.51,-16.19
2025-03-24 18:27:53.279000+00:00,,,,,357.312,-0.875,-1.562,22.85,-82.062,-5.875,-19.0,-0.012,-0.023,0.028,-0.28,0.7,9.47,-0.13,0.43,-0.33,-0.14,0.27,9.8,0.17875,1.25,0.0,0.0,0.0,7.0,1016.97,67.51,-16.19
2025-03-24 18:27:54.726000+00:00,,,,,357.312,-0.875,-1.562,22.85,-82.062,-5.875,-19.0,-0.012,-0.023,0.028,-0.28,0.7,9.47,-0.13,0.43,-0.33,-0.14,0.27,9.8,0.17875,1.25,0.0,0.0,0.0,7.0,1016.97,67.51,-16.19
2025-03-24 18:27:55.739000+00:00,,,,,357.312,-0.875,-1.562,22.85,-82.062,-5.875,-19.0,-0.012,-0.023,0.028,-0.28,0.7,9.47,-0.13,0.43,-0.33,-0.14,0.27,9.8,0.17875,1.25,0.0,0.0,0.0,7.0,1016.97,67.51,-16.19
2025-03-24 18:27:56.739000+00:00,,,,,357.312,-0.875,-1.562,22.85,-82.062,-5.875,-19.0,-0.012,-0.023,0.028,-0.28,0.7,9.47,-0.13,0.43,-0.33,-0.14,0.27,9.8,0.17875,1.25,0.0,0.0,0.0,7.0,1016.97,67.51,-16.19
2025-03-24 18:27:57.722000+00:00,,,,,357.312,-0.875,-1.562,22.85,-82.062,-5.875,-19.0,-0.012,-0.023,0.028,-0.28,0.7,9.47,-0.13,0.43,-0.33,-0.14,0.27,9.8,0.17875,1.25,0.0,0.0,0.0,7.0,1016.97,67.51,-16.19
2025-03-24 18:27:58.729000+00:00,,,,,357.312,-0.875,-1.562,22.85,-82.062,-5.875,-19.0,-0.012,-0.023,0.028,-0.28,0.7,9.47,-0.13,0.43,-0.33,-0.14,0.27,9.8,0.17875,1.25,0.0,0.0,0.0,7.0,1016.97,67.51,-16.19
2025-03-24 18:27:59.742000+00:00,,,,,357.312,-0.875,-1.562,22.85,-82.062,-5.875,-19.0,-0.012,-0.023,0.028,-0.28,0.7,9.47,-0.13,0.43,-0.33,-0.14,0.27,9.8,0.17875,1.25,0.0,0.0,0.0,7.0,1016.97,67.51,-16.19
2025-03-24 18:28:00.749000+00:00,,,,,357.312,-0.875,-1.562,22.85,-82.062,-5.875,-19.0,-0.012,-0.023,0.028,-0.28,0.7,9.47,-0.13,0.43,-0.33,-0.14,0.27,9.8,0.17875,1.25,0.0,0.0,0.0,7.0,1016.97,67.51,-16.19
2025-03-24 18:28:01.809000+00:00,,,,,357.312,-0.875,-1.562,22.85,-82.062,-5.875,-19.0,-0.012,-0.023,0.028,-0.28,0.7,9.47,-0.13,0.43,-0.33,-0.14,0.27,9.8,0.17875,1.25,0.0,0.0,0.0,7.0,1016.97,67.51,-16.19
2025-03-24 18:28:02.808000+00:00,,,,,357.312,-0.875,-1.562,22.85,-82.062,-5.875,-19.0,-0.012,-0.023,0.028,-0.28,0.7,9.47,-0.13,0.43,-0.33,-0.14,0.27,9.8,0.17875,1.25,0.0,0.0,0.0,7.0,1016.97,67.51,-16.19
2025-03-24 18:28:03.796000+00:00,,,,,357.312,-0.875,-1.562,22.85,-82.062,-5.875,-19.0,-0.012,-0.023,0.028,-0.28,0.7,9.47,-0.13,0.43,-0.33,-0.14,0.27,9.8,0.17875,1.25,0.0,0.0,0.0,7.0,1016.97,67.51,-16.19
2025-03-24 18:28:04.901000+00:00,,,,,357.312,-0.875,-1.562,22.85,-82.062,-5.875,-19.0,-0.012,-0.023,0.028,-0.28,0.7,9.47,-0.13,0.43,-0.33,-0.14,0.27,9.8,0.17875,1.25,0.0,0.0,0.0,7.0,1016.97,67.51,-16.19
2025-03-24 18:28:05.955000+00:00,,,,,357.312,-0.875,-1.562,22.85,-82.062,-5.875,-19.0,-0.012,-0.023,0.028,-0.28,0.7,9.47,-0.13,0.43,-0.33,-0.14,0.27,9.8,0.17875,1.25,0.0,0.0,0.0,7.0,1016.97,67.51,-16.19
2025-03-24 18:28:07.071000+00:00,,,,,357.312,-0.875,-1.562,22.85,-82.062,-5.875,-19.0,-0.012,-0.023,0.028,-0.28,0.7,9.47,-0.13,0.43,-0.33,-0.14,0.27,9.8,0.17875,1.25,0.0,0.0,0.0,7.0,1016.97,67.51,-16.19
2025-03-24 18:28:08.318000+00:00,,,,,357.312,-0.875,-1.562,22.85,-82.062,-5.875,-19.0,-0.012,-0.023,0.028,-0.28,0.7,9.47,-0.13,0.43,-0.33,-0.14,0.27,9.8,0.17875,1.25,0.0,0.0,0.0,7.0,1016.97,67.51,-16.19
2025-03-24 18:28:09.841000+00:00,,,,,357.312,-0.875,-1.562,22.85,-82.062,-5.875,-19.0,-0.012,-0.023,0.028,-0.28,0.7,9.47,-0.13,0.43,-0.33,-0.14,0.27,9.8,0.17875,1.25,0.0,0.0,0.0,7.0,1016.97,67.51,-16.19
2025-03-24 18:28:10.841000+00:00,,,,,357.312,-0.875,-1.562,22.85,-82.062,-5.875,-19.0,-0.012,-0.023,0.028,-0.28,0.7,9.47,-0.13,0.43,-0.33,-0.14,0.27,9.8,0.17875,1.25,0.0,0.0,0.0,7.0,1016.97,67.51,-16.19
2025-03-24 18:28:11.861000+00:00,,,,,357.312,-0.875,-1.562,22.85,-82.062,-5.875,-19.0,-0.012,-0.023,0.028,-0.28,0.7,9.47,-0.13,0.43,-0.33,-0.14,0.27,9.8,0.17875,1.25,0.0,0.0,0.0,7.0,1016.97,67.51,-16.19
2025-03-24 18:28:13.001000+00:00,,,,,357.312,-0.875,-1.562,22.85,-82.062,-5.875,-19.0,-0.012,-0.023,0.028,-0.28,0.7,9.47,-0.13,0.43,-0.33,-0.14,0.27,9.8,0.17875,1.25,0.0,0.0,0.0,7.0,1016.97,67.51,-16.19
