,rpm_value,rpm_blade_1,rpm_blade_2,rpm_blade_3,orientation_heading,orientation_roll,orientation_pitch,temperature_value,magnetometer_mx,magnetometer_my,magnetometer_mz,gyroscope_gx,gyroscope_gy,gyroscope_gz,accelerometer_ax,accelerometer_ay,accelerometer_az,linear_acceleration_lx,linear_acceleration_ly,linear_acceleration_lz,gravity_grx,gravity_gry,gravity_grz,voltage_value,current_value,power_value,servo_value,speed_value,direction_value,pressure_value,humidity_value,altitude_value
2025-03-24 18:29:40.106000+00:00,,,,,355.25,-0.562,-1.375,22.85,-83.75,-6.25,-19.062,-0.016,0.014,0.002,-0.22,0.96,9.52,-0.39,0.16,-0.39,-0.1,0.21,9.8,0.09,0.0,0.0,0.0,0.0,7.0,1016.92,67.6,-16.02
2025-03-24 18:29:41.117000+00:00,,,,,355.25,-0.438,-1.25,22.85,-83.75,-6.25,-19.062,-0.016,0.014,0.002,-0.22,0.96,9.52,-0.39,0.16,-0.39,-0.1,0.21,9.8,0.09,0.0,0.0,0.0,0.0,7.0,1016.92,67.6,-16.02
2025-03-24 18:29:42.128000+00:00,,,,,355.25,-0.562,-1.375,22.85,-83.75,-6.25,-19.062,-0.016,0.014,0.002,-0.22,0.96,9.52,-0.39,0.16,-0.39,-0.1,0.21,9.8,0.09,0.0,0.0,0.0,0.0,7.0,1016.92,67.6,-16.02
2025-03-24 18:29:43.234000+00:00,,,,,355.312,-0.562,-1.375,22.85,-83.75,-6.25,-19.062,-0.016,0.014,0.002,-0.22,0.96,9.52,-0.39,0.16,-0.39,-0.1,0.21,9.8,0.09,0.0,0.0,0.0,0.0,7.0,1016.92,67.6,-16.02
2025-03-24 18:29:44.163000+00:00,,,,,355.25,-0.5,-1.375,22.85,-83.75,-6.25,-19.062,-0.016,0.014,0.002,-0.22,0.96,9.52,-0.39,0.16,-0.39,-0.1,0.21,9.8,0.09,0.0,0.0,0.0,0.0,7.0,1016.92,67.6,-16.02
2025-03-24 18:29:45.329000+00:00,,,,,355.25,-0.5,-1.25,22.85,-83.75,-6.25,-19.062,-0.016,0.014,0.002,-0.22,0.96,9.52,-0.39,0.16,-0.39,-0.1,0.21,9.8,0.09,0.0,0.0,0.0,0.0,7.0,1016.92,67.6,-16.02
2025-03-24 18:29:46.449000+00:00,,,,,355.188,-0.5,-1.188,22.85,-83.75,-6.25,-19.062,-0.016,0.014,0.002,-0.22,0.96,9.52,-0.39,0.16,-0.39,-0.1,0.21,9.8,0.09,0.0,0.0,0.0,0.0,7.0,1016.92,67.6,-16.02
2025-03-24 18:29:47.425000+00:00,,,,,355.188,-0.625,-1.312,22.85,-83.75,-6.25,-19.062,-0.016,0.014,0.002,-0.22,0.96,9.52,-0.39,0.16,-0.39,-0.1,0.21,9.8,0.09,0.0,0.0,0.0,0.0,7.0,1016.92,67.6,-16.02
2025-03-24 18:29:48.433000+00:00,,,,,355.188,-0.438,-1.25,22.85,-83.75,-6.25,-19.062,-0.016,0.014,0.002,-0.22,0.96,9.52,-0.39,0.16,-0.39,-0.1,0.21,9.8,0.09,0.0,0.0,0.0,0.0,7.0,1016.92,67.6,-16.02
2025-03-24 18:29:49.197000+00:00,,,,,355.125,-0.5,-1.125,22.85,-83.75,-6.25,-19.062,-0.016,0.014,0.002,-0.22,0.96,9.52,-0.39,0.16,-0.39,-0.1,0.21,9.8,0.09,0.0,0.0,0.0,0.0,7.0,1016.92,67.6,-16.02
2025-03-24 18:29:50.206000+00:00,,,,,355.188,-0.5,-1.062,22.85,-83.75,-6.25,-19.062,-0.016,0.014,0.002,-0.22,0.96,9.52,-0.39,0.16,-0.39,-0.1,0.21,9.8,0.09,0.0,0.0,0.0,0.0,7.0,1016.92,67.6,-16.02
2025-03-24 18:29:51.216000+00:00,,,,,355.125,-0.5,-1.062,22.85,-83.75,-6.25,-19.062,-0.016,0.014,0.002,-0.22,0.96,9.52,-0.39,0.16,-0.39,-0.1,0.21,9.8,0.09,0.0,0.0,0.0,0.0,7.0,1016.92,67.6,-16.02
2025-03-24 18:29:52.226000+00:00,,,,,355.125,-0.625,-1.125,22.85,-83.75,-6.25,-19.062,-0.016,0.014,0.002,-0.22,0.96,9.52,-0.39,0.16,-0.39,-0.1,0.21,9.8,0.09,0.0,0.0,0.0,0.0,7.0,1016.92,67.6,-16.02
2025-03-24 18:29:53.236000+00:00,,,,,355.125,-0.5,-1.125,22.85,-83.75,-6.25,-19.062,-0.016,0.014,0.002,-0.22,0.96,9.52,-0.39,0.16,-0.39,-0.1,0.21,9.8,0.09,0.0,0.0,0.0,0.0,7.0,1016.92,67.6,-16.02
2025-03-24 18:29:54.248000+00:00,,,,,355.062,-0.438,-1.062,22.85,-83.75,-6.25,-19.062,-0.016,0.014,0.002,-0.22,0.96,9.52,-0.39,0.16,-0.39,-0.1,0.21,9.8,0.09,0.0,0.0,0.0,0.0,7.0,1016.92,67.6,-16.02
2025-03-24 18:29:55.257000+00:00,,,,,355.0,-0.375,-0.938,22.85,-83.75,-6.25,-19.062,-0.016,0.014,0.002,-0.22,0.96,9.52,-0.39,0.16,-0.39,-0.1,0.21,9.8,0.09,0.0,0.0,0.0,0.0,7.0,1016.92,67.6,-16.02
2025-03-24 18:29:56.272000+00:00,,,,,355.062,-0.312,-1.0,22.85,-83.75,-6.25,-19.062,-0.016,0.014,0.002,-0.22,0.96,9.52,-0.39,0.16,-0.39,-0.1,0.21,9.8,0.09,0.0,0.0,0.0,0.0,7.0,1016.92,67.6,-16.02
2025-03-24 18:29:57.313000+00:00,,,,,355.0,-0.25,-0.938,22.85,-83.75,-6.25,-19.062,-0.016,0.014,0.002,-0.22,0.96,9.52,-0.39,0.16,-0.39,-0.1,0.21,9.8,0.09,0.0,0.0,0.0,0.0,7.0,1016.92,67.6,-16.02
2025-03-24 18:29:58.519000+00:00,,,,,354.938,-0.125,-0.938,22.85,-83.75,-6.25,-19.062,-0.016,0.014,0.002,-0.22,0.96,9.52,-0.39,0.16,-0.39,-0.1,0.21,9.8,0.09,0.0,0.0,0.0,0.0,7.0,1016.92,67.6,-16.02
2025-03-24 18:29:59.297000+00:00,,,,,354.938,-0.125,-0.938,22.85,-83.75,-6.25,-19.062,-0.016,0.014,0.002,-0.22,0.96,9.52,-0.39,0.16,-0.39,-0.1,0.21,9.8,0.09,0.0,0.0,0.0,0.0,7.0,1016.92,67.6,-16.02
2025-03-24 18:30:00.308000+00:00,,,,,354.875,-0.125,-0.938,22.85,-83.75,-6.25,-19.062,-0.016,0.014,0.002,-0.22,0.96,9.52,-0.39,0.16,-0.39,-0.1,0.21,9.8,0.09,0.0,0.0,0.0,0.0,7.0,1016.92,67.6,-16.02
2025-03-24 18:30:01.316000+00:00,,,,,354.875,0.0,-0.875,22.85,-83.75,-6.25,-19.062,-0.016,0.014,0.002,-0.22,0.96,9.52,-0.39,0.16,-0.39,-0.1,0.21,9.8,0.09,0.0,0.0,0.0,0.0,7.0,1016.92,67.6,-16.02
2025-03-24 18:30:02.327000+00:00,,,,,354.875,-0.125,-0.875,22.85,-83.75,-6.25,-19.062,-0.016,0.014,0.002,-0.22,0.96,9.52,-0.39,0.16,-0.39,-0.1,0.21,9.8,0.09,0.0,0.0,0.0,0.0,7.0,1016.92,67.6,-16.02
2025-03-24 18:30:03.339000+00:00,,,,,354.875,-0.062,-0.875,22.85,-83.75,-6.25,-19.062,-0.016,0.014,0.002,-0.22,0.96,9.52,-0.39,0.16,-0.39,-0.1,0.21,9.8,0.09,0.0,0.0,0.0,0.0,7.0,1016.92,67.6,-16.02
2025-03-24 18:30:04.351000+00:00,,,,,354.812,-0.125,-0.938,22.85,-83.75,-6.25,-19.062,-0.016,0.014,0.002,-0.22,0.96,9.52,-0.39,0.16,-0.39,-0.1,0.21,9.8,0.09,0.0,0.0,0.0,0.0,7.0,1016.92,67.6,-16.02
2025-03-24 18:30:05.364000+00:00,,,,,354.875,-0.125,-1.062,22.85,-83.75,-6.25,-19.062,-0.016,0.014,0.002,-0.22,0.96,9.52,-0.39,0.16,-0.39,-0.1,0.21,9.8,0.09,0.0,0.0,0.0,0.0,7.0,1016.92,67.6,-16.02
2025-03-24 18:30:06.543000+00:00,,,,,354.75,-0.125,-1.062,22.85,-83.75,-6.25,-19.062,-0.016,0.014,0.002,-0.22,0.96,9.52,-0.39,0.16,-0.39,-0.1,0.21,9.8,0.09,0.0,0.0,0.0,0.0,7.0,1016.92,67.6,-16.02
2025-03-24 18:30:07.549000+00:00,,,,,354.75,-0.188,-1.125,22.85,-83.75,-6.25,-19.062,-0.016,0.014,0.002,-0.22,0.96,9.52,-0.39,0.16,-0.39,-0.1,0.21,9.8,0.09,0.0,0.0,0.0,0.0,7.0,1016.92,67.6,-16.02
2025-03-24 18:30:08.577000+00:00,,,,,354.75,-0.438,-1.25,22.85,-83.75,-6.25,-19.062,-0.016,0.014,0.002,-0.22,0.96,9.52,-0.39,0.16,-0.39,-0.1,0.21,9.8,0.09,0.0,0.0,0.0,0.0,7.0,1016.92,67.6,-16.02
2025-03-24 18:30:09.848000+00:00,,,,,354.75,-0.375,-1.25,22.85,-83.75,-6.25,-19.062,-0.016,0.014,0.002,-0.22,0.96,9.52,-0.39,0.16,-0.39,-0.1,0.21,9.8,0.09,0.0,0.0,0.0,0.0,7.0,1016.92,67.6,-16.02
2025-03-24 18:30:10.557000+00:00,,,,,354.75,-0.312,-1.125,22.85,-83.75,-6.25,-19.062,-0.016,0.014,0.002,-0.22,0.96,9.52,-0.39,0.16,-0.39,-0.1,0.21,9.8,0.09,0.0,0.0,0.0,0.0,7.0,1016.92,67.6,-16.02
2025-03-24 18:30:11.548000+00:00,,,,,354.75,-0.25,-1.062,22.85,-83.75,-6.25,-19.062,-0.016,0.014,0.002,-0.22,0.96,9.52,-0.39,0.16,-0.39,-0.1,0.21,9.8,0.09,0.0,0.0,0.0,0.0,7.0,1016.92,67.6,-16.02
2025-03-24 18:30:12.552000+00:00,,,,,354.625,-0.25,-1.062,22.85,-83.75,-6.25,-19.062,-0.016,0.014,0.002,-0.22,0.96,9.52,-0.39,0.16,-0.39,-0.1,0.21,9.8,0.09,0.0,0.0,0.0,0.0,7.0,1016.92,67.6,-16.02
2025-03-24 18:30:13.557000+00:00,,,,,354.625,-0.188,-1.0,22.85,-83.75,-6.25,-19.062,-0.016,0.014,0.002,-0.22,0.96,9.52,-0.39,0.16,-0.39,-0.1,0.21,9.8,0.09,0.0,0.0,0.0,0.0,7.0,1016.92,67.6,-16.02
2025-03-24 18:30:14.567000+00:00,,,,,354.562,-0.312,-1.125,22.85,-83.75,-6.25,-19.062,-0.016,0.014,0.002,-0.22,0.96,9.52,-0.39,0.16,-0.39,-0.1,0.21,9.8,0.09,0.0,0.0,0.0,0.0,7.0,1016.92,67.6,-16.02
2025-03-24 18:30:15.571000+00:00,,,,,354.5,-0.25,-1.0,22.85,-83.75,-6.25,-19.062,-0.016,0.014,0.002,-0.22,0.96,9.52,-0.39,0.16,-0.39,-0.1,0.21,9.8,0.09,0.0,0.0,0.0,0.0,7.0,1016.92,67.6,-16.02
2025-03-24 18:30:16.587000+00:00,,,,,354.5,-0.188,-1.0,22.85,-83.75,-6.25,-19.062,-0.016,0.014,0.002,-0.22,0.96,9.52,-0.39,0.16,-0.39,-0.1,0.21,9.8,0.09,0.0,0.0,0.0,0.0,7.0,1016.92,67.6,-16.02
2025-03-24 18:30:17.570000+00:00,,,,,354.5,-0.312,-1.125,22.85,-83.75,-6.25,-19.062,-0.016,0.014,0.002,-0.22,0.96,9.52,-0.39,0.16,-0.39,-0.1,0.21,9.8,0.09,0.0,0.0,0.0,0.0,7.0,1016.92,67.6,-16.02
2025-03-24 18:30:18.580000+00:00,,,,,354.5,-0.312,-1.062,22.85,-83.75,-6.25,-19.062,-0.016,0.014,0.002,-0.22,0.96,9.52,-0.39,0.16,-0.39,-0.1,0.21,9.8,0.09,0.0,0.0,0.0,0.0,7.0,1016.92,67.6,-16.02
2025-03-24 18:30:19.737000+00:00,,,,,354.5,-0.312,-1.188,22.85,-83.75,-6.25,-19.062,-0.016,0.014,0.002,-0.22,0.96,9.52,-0.39,0.16,-0.39,-0.1,0.21,9.8,0.09,0.0,0.0,0.0,0.0,7.0,1016.92,67.6,-16.02
2025-03-24 18:30:20.761000+00:00,,,,,354.5,-0.25,-1.188,22.85,-83.75,-6.25,-19.062,-0.016,0.014,0.002,-0.22,0.96,9.52,-0.39,0.16,-0.39,-0.1,0.21,9.8,0.09,0.0,0.0,0.0,0.0,7.0,1016.92,67.6,-16.02
2025-03-24 18:30:21.917000+00:00,,,,,354.438,-0.312,-1.125,22.85,-83.75,-6.25,-19.062,-0.016,0.014,0.002,-0.22,0.96,9.52,-0.39,0.16,-0.39,-0.1,0.21,9.8,0.09,0.0,0.0,0.0,0.0,7.0,1016.92,67.6,-16.02
2025-03-24 18:30:22.600000+00:00,,,,,354.438,-0.438,-1.312,22.85,-83.75,-6.25,-19.062,-0.016,0.014,0.002,-0.22,0.96,9.52,-0.39,0.16,-0.39,-0.1,0.21,9.8,0.09,0.0,0.0,0.0,0.0,7.0,1016.92,67.6,-16.02
2025-03-24 18:30:23.610000+00:00,,,,,354.438,-0.562,-1.438,22.85,-83.75,-6.25,-19.062,-0.016,0.014,0.002,-0.22,0.96,9.52,-0.39,0.16,-0.39,-0.1,0.21,9.8,0.09,0.0,0.0,0.0,0.0,7.0,1016.92,67.6,-16.02
2025-03-24 18:30:24.603000+00:00,,,,,354.375,-0.5,-1.438,22.85,-83.75,-6.25,-19.062,-0.016,0.014,0.002,-0.22,0.96,9.52,-0.39,0.16,-0.39,-0.1,0.21,9.8,0.09,0.0,0.0,0.0,0.0,7.0,1016.92,67.6,-16.02
2025-03-24 18:30:25.599000+00:00,,,,,354.375,-0.375,-1.312,22.85,-83.75,-6.25,-19.062,-0.016,0.014,0.002,-0.22,0.96,9.52,-0.39,0.16,-0.39,-0.1,0.21,9.8,0.09,0.0,0.0,0.0,0.0,7.0,1016.92,67.6,-16.02
2025-03-24 18:30:26.610000+00:00,,,,,354.375,-0.312,-1.188,22.85,-83.75,-6.25,-19.062,-0.016,0.014,0.002,-0.22,0.96,9.52,-0.39,0.16,-0.39,-0.1,0.21,9.8,0.09,0.0,0.0,0.0,0.0,7.0,1016.92,67.6,-16.02
2025-03-24 18:30:27.620000+00:00,,,,,354.375,-0.25,-1.188,22.85,-83.75,-6.25,-19.062,-0.016,0.014,0.002,-0.22,0.96,9.52,-0.39,0.16,-0.39,-0.1,0.21,9.8,0.09,0.0,0.0,0.0,0.0,7.0,1016.92,67.6,-16.02
2025-03-24 18:30:28.632000+00:00,,,,,354.312,-0.188,-1.125,22.85,-83.75,-6.25,-19.062,-0.016,0.014,0.002,-0.22,0.96,9.52,-0.39,0.16,-0.39,-0.1,0.21,9.8,0.09,0.0,0.0,0.0,0.0,7.0,1016.92,67.6,-16.02
2025-03-24 18:30:29.720000+00:00,,,,,354.25,-0.125,-1.0,22.85,-83.75,-6.25,-19.062,-0.016,0.014,0.002,-0.22,0.96,9.52,-0.39,0.16,-0.39,-0.1,0.21,9.8,0.09,0.0,0.0,0.0,0.0,7.0,1016.92,67.6,-16.02
2025-03-24 18:30:30.920000+00:00,,,,,354.25,-0.188,-1.0,22.85,-83.75,-6.25,-19.062,-0.016,0.014,0.002,-0.22,0.96,9.52,-0.39,0.16,-0.39,-0.1,0.21,9.8,0.09,0.0,0.0,0.0,0.0,7.0,1016.92,67.6,-16.02
2025-03-24 18:30:31.852000+00:00,,,,,354.188,-0.25,-0.938,22.85,-83.75,-6.25,-19.062,-0.016,0.014,0.002,-0.22,0.96,9.52,-0.39,0.16,-0.39,-0.1,0.21,9.8,0.09,0.0,0.0,0.0,0.0,7.0,1016.92,67.6,-16.02
2025-03-24 18:30:32.896000+00:00,,,,,354.188,-0.25,-1.0,22.85,-83.75,-6.25,-19.062,-0.016,0.014,0.002,-0.22,0.96,9.52,-0.39,0.16,-0.39,-0.1,0.21,9.8,0.09,0.0,0.0,0.0,0.0,7.0,1016.92,67.6,-16.02
2025-03-24 18:30:33.959000+00:00,,,,,354.188,-0.312,-1.125,22.85,-83.75,-6.25,-19.062,-0.016,0.014,0.002,-0.22,0.96,9.52,-0.39,0.16,-0.39,-0.1,0.21,9.8,0.09,0.0,0.0,0.0,0.0,7.0,1016.92,67.6,-16.02
2025-03-24 18:30:34.656000+00:00,,,,,354.125,-0.375,-1.0,22.85,-83.75,-6.25,-19.062,-0.016,0.014,0.002,-0.22,0.96,9.52,-0.39,0.16,-0.39,-0.1,0.21,9.8,0.09,0.0,0.0,0.0,0.0,7.0,1016.92,67.6,-16.02
2025-03-24 18:30:35.667000+00:00,,,,,354.125,-0.438,-1.125,22.85,-83.75,-6.25,-19.062,-0.016,0.014,0.002,-0.22,0.96,9.52,-0.39,0.16,-0.39,-0.1,0.21,9.8,0.09,0.0,0.0,0.0,0.0,7.0,1016.92,67.6,-16.02
2025-03-24 18:30:36.677000+00:00,,,,,354.125,-0.375,-1.125,22.85,-83.75,-6.25,-19.062,-0.016,0.014,0.002,-0.22,0.96,9.52,-0.39,0.16,-0.39,-0.1,0.21,9.8,0.09,0.0,0.0,0.0,0.0,7.0,1016.92,67.6,-16.02
2025-03-24 18:30:37.698000+00:00,,,,,354.062,-0.438,-1.062,22.85,-83.75,-6.25,-19.062,-0.016,0.014,0.002,-0.22,0.96,9.52,-0.39,0.16,-0.39,-0.1,0.21,9.8,0.09,0.0,0.0,0.0,0.0,7.0,1016.92,67.6,-16.02
2025-03-24 18:30:38.696000+00:00,,,,,354.125,-0.312,-1.062,22.85,-83.75,-6.25,-19.062,-0.016,0.014,0.002,-0.22,0.96,9.52,-0.39,0.16,-0.39,-0.1,0.21,9.8,0.09,0.0,0.0,0.0,0.0,7.0,1016.92,67.6,-16.02
2025-03-24 18:29:39.714000+00:00,,,,,354.125,-0.312,-1.062,22.85,-83.75,-6.25,-19.062,-0.016,0.014,0.002,-0.22,0.96,9.52,-0.39,0.16,-0.39,-0.1,0.21,9.8,0.09,0.0,0.0,0.0,0.0,7.0,1016.92,67.6,-16.02
2025-03-24 18:29:40.161000+00:00,,,,,354.125,-0.312,-1.062,23.0,-83.75,-6.25,-19.062,-0.016,0.014,0.002,-0.22,0.96,9.52,-0.39,0.16,-0.39,-0.1,0.21,9.8,0.09,0.0,0.0,0.0,0.0,7.0,1016.92,67.6,-16.02
2025-03-24 18:29:40.735000+00:00,,,,,354.125,-0.312,-1.062,22.84,-83.75,-6.25,-19.062,-0.016,0.014,0.002,-0.22,0.96,9.52,-0.39,0.16,-0.39,-0.1,0.21,9.8,0.09,0.0,0.0,0.0,0.0,7.0,1016.92,67.6,-16.02
2025-03-24 18:29:41.178000+00:00,,,,,354.125,-0.312,-1.062,23.0,-83.75,-6.25,-19.062,-0.016,0.014,0.002,-0.22,0.96,9.52,-0.39,0.16,-0.39,-0.1,0.21,9.8,0.09,0.0,0.0,0.0,0.0,7.0,1016.92,67.6,-16.02
2025-03-24 18:29:41.880000+00:00,,,,,354.125,-0.312,-1.062,22.84,-83.75,-6.25,-19.062,-0.016,0.014,0.002,-0.22,0.96,9.52,-0.39,0.16,-0.39,-0.1,0.21,9.8,0.09,0.0,0.0,0.0,0.0,7.0,1016.92,67.6,-16.02
2025-03-24 18:29:42.176000+00:00,,,,,354.125,-0.312,-1.062,23.0,-83.75,-6.25,-19.062,-0.016,0.014,0.002,-0.22,0.96,9.52,-0.39,0.16,-0.39,-0.1,0.21,9.8,0.09,0.0,0.0,0.0,0.0,7.0,1016.92,67.6,-16.02
2025-03-24 18:29:43.024000+00:00,,,,,354.125,-0.312,-1.062,22.84,-83.75,-6.25,-19.062,-0.016,0.014,0.002,-0.22,0.96,9.52,-0.39,0.16,-0.39,-0.1,0.21,9.8,0.09,0.0,0.0,0.0,0.0,7.0,1016.92,67.6,-16.02
2025-03-24 18:29:43.283000+00:00,,,,,354.125,-0.312,-1.062,23.0,-83.75,-6.25,-19.062,-0.016,0.014,0.002,-0.22,0.96,9.52,-0.39,0.16,-0.39,-0.1,0.21,9.8,0.09,0.0,0.0,0.0,0.0,7.0,1016.92,67.6,-16.02
2025-03-24 18:29:43.954000+00:00,,,,,354.125,-0.312,-1.062,22.84,-83.75,-6.25,-19.062,-0.016,0.014,0.002,-0.22,0.96,9.52,-0.39,0.16,-0.39,-0.1,0.21,9.8,0.09,0.0,0.0,0.0,0.0,7.0,1016.92,67.6,-16.02
2025-03-24 18:29:44.213000+00:00,,,,,354.125,-0.312,-1.062,23.0,-83.75,-6.25,-19.062,-0.016,0.014,0.002,-0.22,0.96,9.52,-0.39,0.16,-0.39,-0.1,0.21,9.8,0.09,0.0,0.0,0.0,0.0,7.0,1016.92,67.6,-16.02
2025-03-24 18:29:45.114000+00:00,,,,,354.125,-0.312,-1.062,22.84,-83.75,-6.25,-19.062,-0.016,0.014,0.002,-0.22,0.96,9.52,-0.39,0.16,-0.39,-0.1,0.21,9.8,0.09,0.0,0.0,0.0,0.0,7.0,1016.92,67.6,-16.02
2025-03-24 18:29:45.387000+00:00,,,,,354.125,-0.312,-1.062,23.0,-83.75,-6.25,-19.062,-0.016,0.014,0.002,-0.22,0.96,9.52,-0.39,0.16,-0.39,-0.1,0.21,9.8,0.09,0.0,0.0,0.0,0.0,7.0,1016.92,67.6,-16.02
2025-03-24 18:29:46.244000+00:00,,,,,354.125,-0.312,-1.062,22.84,-83.75,-6.25,-19.062,-0.016,0.014,0.002,-0.22,0.96,9.52,-0.39,0.16,-0.39,-0.1,0.21,9.8,0.09,0.0,0.0,0.0,0.0,7.0,1016.92,67.6,-16.02
2025-03-24 18:29:46.510000+00:00,,,,,354.125,-0.312,-1.062,23.0,-83.75,-6.25,-19.062,-0.016,0.014,0.002,-0.22,0.96,9.52,-0.39,0.16,-0.39,-0.1,0.21,9.8,0.09,0.0,0.0,0.0,0.0,7.0,1016.92,67.6,-16.02
2025-03-24 18:29:47.193000+00:00,,,,,354.125,-0.312,-1.062,22.84,-83.75,-6.25,-19.062,-0.016,0.014,0.002,-0.22,0.96,9.52,-0.39,0.16,-0.39,-0.1,0.21,9.8,0.09,0.0,0.0,0.0,0.0,7.0,1016.92,67.6,-16.02
2025-03-24 18:29:47.473000+00:00,,,,,354.125,-0.312,-1.062,23.0,-83.75,-6.25,-19.062,-0.016,0.014,0.002,-0.22,0.96,9.52,-0.39,0.16,-0.39,-0.1,0.21,9.8,0.09,0.0,0.0,0.0,0.0,7.0,1016.92,67.6,-16.02
2025-03-24 18:29:48.233000+00:00,,,,,354.125,-0.312,-1.062,22.84,-83.75,-6.25,-19.062,-0.016,0.014,0.002,-0.22,0.96,9.52,-0.39,0.16,-0.39,-0.1,0.21,9.8,0.09,0.0,0.0,0.0,0.0,7.0,1016.92,67.6,-16.02
2025-03-24 18:29:48.490000+00:00,,,,,354.125,-0.312,-1.062,23.0,-83.75,-6.25,-19.062,-0.016,0.014,0.002,-0.22,0.96,9.52,-0.39,0.16,-0.39,-0.1,0.21,9.8,0.09,0.0,0.0,0.0,0.0,7.0,1016.92,67.6,-16.02
2025-03-24 18:29:49.254000+00:00,,,,,354.125,-0.312,-1.062,23.0,-83.75,-6.25,-19.062,-0.016,0.014,0.002,-0.22,0.96,9.52,-0.39,0.16,-0.39,-0.1,0.21,9.8,0.09,0.0,0.0,0.0,0.0,7.0,1016.92,67.6,-16.02
2025-03-24 18:29:49.689000+00:00,,,,,354.125,-0.312,-1.062,22.84,-83.75,-6.25,-19.062,-0.016,0.014,0.002,-0.22,0.96,9.52,-0.39,0.16,-0.39,-0.1,0.21,9.8,0.09,0.0,0.0,0.0,0.0,7.0,1016.92,67.6,-16.02
2025-03-24 18:29:50.260000+00:00,,,,,354.125,-0.312,-1.062,23.0,-83.75,-6.25,-19.062,-0.016,0.014,0.002,-0.22,0.96,9.52,-0.39,0.16,-0.39,-0.1,0.21,9.8,0.09,0.0,0.0,0.0,0.0,7.0,1016.92,67.6,-16.02
2025-03-24 18:29:50.853000+00:00,,,,,354.125,-0.312,-1.062,22.84,-83.75,-6.25,-19.062,-0.016,0.014,0.002,-0.22,0.96,9.52,-0.39,0.16,-0.39,-0.1,0.21,9.8,0.09,0.0,0.0,0.0,0.0,7.0,1016.92,67.6,-16.02
2025-03-24 18:29:51.265000+00:00,,,,,354.125,-0.312,-1.062,23.0,-83.75,-6.25,-19.062,-0.016,0.014,0.002,-0.22,0.96,9.52,-0.39,0.16,-0.39,-0.1,0.21,9.8,0.09,0.0,0.0,0.0,0.0,7.0,1016.92,67.6,-16.02
2025-03-24 18:29:51.876000+00:00,,,,,354.125,-0.312,-1.062,22.84,-83.75,-6.25,-19.062,-0.016,0.014,0.002,-0.22,0.96,9.52,-0.39,0.16,-0.39,-0.1,0.21,9.8,0.09,0.0,0.0,0.0,0.0,7.0,1016.92,67.6,-16.02
2025-03-24 18:29:52.280000+00:00,,,,,354.125,-0.312,-1.062,23.0,-83.75,-6.25,-19.062,-0.016,0.014,0.002,-0.22,0.96,9.52,-0.39,0.16,-0.39,-0.1,0.21,9.8,0.09,0.0,0.0,0.0,0.0,7.0,1016.92,67.6,-16.02
2025-03-24 18:29:52.909000+00:00,,,,,354.125,-0.312,-1.062,22.84,-83.75,-6.25,-19.062,-0.016,0.014,0.002,-0.22,0.96,9.52,-0.39,0.16,-0.39,-0.1,0.21,9.8,0.09,0.0,0.0,0.0,0.0,7.0,1016.92,67.6,-16.02
2025-03-24 18:29:53.290000+00:00,,,,,354.125,-0.312,-1.062,23.0,-83.75,-6.25,-19.062,-0.016,0.014,0.002,-0.22,0.96,9.52,-0.39,0.16,-0.39,-0.1,0.21,9.8,0.09,0.0,0.0,0.0,0.0,7.0,1016.92,67.6,-16.02
2025-03-24 18:29:53.889000+00:00,,,,,354.125,-0.312,-1.062,22.84,-83.75,-6.25,-19.062,-0.016,0.014,0.002,-0.22,0.96,9.52,-0.39,0.16,-0.39,-0.1,0.21,9.8,0.09,0.0,0.0,0.0,0.0,7.0,1016.92,67.6,-16.02
2025-03-24 18:29:54.305000+00:00,,,,,354.125,-0.312,-1.062,23.0,-83.75,-6.25,-19.062,-0.016,0.014,0.002,-0.22,0.96,9.52,-0.39,0.16,-0.39,-0.1,0.21,9.8,0.09,0.0,0.0,0.0,0.0,7.0,1016.92,67.6,-16.02
2025-03-24 18:29:55.018000+00:00,,,,,354.125,-0.312,-1.062,22.84,-83.75,-6.25,-19.062,-0.016,0.014,0.002,-0.22,0.96,9.52,-0.39,0.16,-0.39,-0.1,0.21,9.8,0.09,0.0,0.0,0.0,0.0,7.0,1016.92,67.6,-16.02
2025-03-24 18:29:55.319000+00:00,,,,,354.125,-0.312,-1.062,23.0,-83.75,-6.25,-19.062,-0.016,0.014,0.002,-0.22,0.96,9.52,-0.39,0.16,-0.39,-0.1,0.21,9.8,0.09,0.0,0.0,0.0,0.0,7.0,1016.92,67.6,-16.02
2025-03-24 18:29:56.063000+00:00,,,,,354.125,-0.312,-1.062,22.84,-83.75,-6.25,-19.062,-0.016,0.014,0.002,-0.22,0.96,9.52,-0.39,0.16,-0.39,-0.1,0.21,9.8,0.09,0.0,0.0,0.0,0.0,7.0,1016.92,67.6,-16.02
2025-03-24 18:29:56.322000+00:00,,,,,354.125,-0.312,-1.062,23.0,-83.75,-6.25,-19.062,-0.016,0.014,0.002,-0.22,0.96,9.52,-0.39,0.16,-0.39,-0.1,0.21,9.8,0.09,0.0,0.0,0.0,0.0,7.0,1016.92,67.6,-16.02
2025-03-24 18:29:57.112000+00:00,,,,,354.125,-0.312,-1.062,22.84,-83.75,-6.25,-19.062,-0.016,0.014,0.002,-0.22,0.96,9.52,-0.39,0.16,-0.39,-0.1,0.21,9.8,0.09,0.0,0.0,0.0,0.0,7.0,1016.92,67.6,-16.02
2025-03-24 18:29:57.369000+00:00,,,,,354.125,-0.312,-1.062,23.0,-83.75,-6.25,-19.062,-0.016,0.014,0.002,-0.22,0.96,9.52,-0.39,0.16,-0.39,-0.1,0.21,9.8,0.09,0.0,0.0,0.0,0.0,7.0,1016.92,67.6,-16.02
2025-03-24 18:29:58.279000+00:00,,,,,354.125,-0.312,-1.062,22.84,-83.75,-6.25,-19.062,-0.016,0.014,0.002,-0.22,0.96,9.52,-0.39,0.16,-0.39,-0.1,0.21,9.8,0.09,0.0,0.0,0.0,0.0,7.0,1016.92,67.6,-16.02
2025-03-24 18:29:58.575000+00:00,,,,,354.125,-0.312,-1.062,23.0,-83.75,-6.25,-19.062,-0.016,0.014,0.002,-0.22,0.96,9.52,-0.39,0.16,-0.39,-0.1,0.21,9.8,0.09,0.0,0.0,0.0,0.0,7.0,1016.92,67.6,-16.02
2025-03-24 18:29:59.363000+00:00,,,,,354.125,-0.312,-1.062,23.0,-83.75,-6.25,-19.062,-0.016,0.014,0.002,-0.22,0.96,9.52,-0.39,0.16,-0.39,-0.1,0.21,9.8,0.09,0.0,0.0,0.0,0.0,7.0,1016.92,67.6,-16.02
2025-03-24 18:29:59.531000+00:00,,,,,354.125,-0.312,-1.062,22.84,-83.75,-6.25,-19.062,-0.016,0.014,0.002,-0.22,0.96,9.52,-0.39,0.16,-0.39,-0.1,0.21,9.8,0.09,0.0,0.0,0.0,0.0,7.0,1016.92,67.6,-16.02
2025-03-24 18:30:00.362000+00:00,,,,,354.125,-0.312,-1.062,23.0,-83.75,-6.25,-19.062,-0.016,0.014,0.002,-0.22,0.96,9.52,-0.39,0.16,-0.39,-0.1,0.21,9.8,0.09,0.0,0.0,0.0,0.0,7.0,1016.92,67.6,-16.02
2025-03-24 18:30:00.964000+00:00,,,,,354.125,-0.312,-1.062,22.84,-83.75,-6.25,-19.062,-0.016,0.014,0.002,-0.22,0.96,9.52,-0.39,0.16,-0.39,-0.1,0.21,9.8,0.09,0.0,0.0,0.0,0.0,7.0,1016.92,67.6,-16.02
2025-03-24 18:30:01.367000+00:00,,,,,354.125,-0.312,-1.062,23.0,-83.75,-6.25,-19.062,-0.016,0.014,0.002,-0.22,0.96,9.52,-0.39,0.16,-0.39,-0.1,0.21,9.8,0.09,0.0,0.0,0.0,0.0,7.0,1016.92,67.6,-16.02
2025-03-24 18:30:01.932000+00:00,,,,,354.125,-0.312,-1.062,22.84,-83.75,-6.25,-19.062,-0.016,0.014,0.002,-0.22,0.96,9.52,-0.39,0.16,-0.39,-0.1,0.21,9.8,0.09,0.0,0.0,0.0,0.0,7.0,1016.92,67.6,-16.02
2025-03-24 18:30:02.386000+00:00,,,,,354.125,-0.312,-1.062,23.0,-83.75,-6.25,-19.062,-0.016,0.014,0.002,-0.22,0.96,9.52,-0.39,0.16,-0.39,-0.1,0.21,9.8,0.09,0.0,0.0,0.0,0.0,7.0,1016.92,67.6,-16.02
2025-03-24 18:30:03.048000+00:00,,,,,354.125,-0.312,-1.062,22.84,-83.75,-6.25,-19.062,-0.016,0.014,0.002,-0.22,0.96,9.52,-0.39,0.16,-0.39,-0.1,0.21,9.8,0.09,0.0,0.0,0.0,0.0,7.0,1016.92,67.6,-16.02
2025-03-24 18:30:03.391000+00:00,,,,,354.125,-0.312,-1.062,23.0,-83.75,-6.25,-19.062,-0.016,0.014,0.002,-0.22,0.96,9.52,-0.39,0.16,-0.39,-0.1,0.21,9.8,0.09,0.0,0.0,0.0,0.0,7.0,1016.92,67.6,-16.02
2025-03-24 18:30:03.998000+00:00,,,,,354.125,-0.312,-1.062,22.84,-83.75,-6.25,-19.062,-0.016,0.014,0.002,-0.22,0.96,9.52,-0.39,0.16,-0.39,-0.1,0.21,9.8,0.09,0.0,0.0,0.0,0.0,7.0,1016.92,67.6,-16.02
2025-03-24 18:30:04.402000+00:00,,,,,354.125,-0.312,-1.062,23.0,-83.75,-6.25,-19.062,-0.016,0.014,0.002,-0.22,0.96,9.52,-0.39,0.16,-0.39,-0.1,0.21,9.8,0.09,0.0,0.0,0.0,0.0,7.0,1016.92,67.6,-16.02
2025-03-24 18:30:05.008000+00:00,,,,,354.125,-0.312,-1.062,22.84,-83.75,-6.25,-19.062,-0.016,0.014,0.002,-0.22,0.96,9.52,-0.39,0.16,-0.39,-0.1,0.21,9.8,0.09,0.0,0.0,0.0,0.0,7.0,1016.92,67.6,-16.02
2025-03-24 18:30:05.418000+00:00,,,,,354.125,-0.312,-1.062,23.0,-83.75,-6.25,-19.062,-0.016,0.014,0.002,-0.22,0.96,9.52,-0.39,0.16,-0.39,-0.1,0.21,9.8,0.09,0.0,0.0,0.0,0.0,7.0,1016.92,67.6,-16.02
2025-03-24 18:30:06.029000+00:00,,,,,354.125,-0.312,-1.062,22.84,-83.75,-6.25,-19.062,-0.016,0.014,0.002,-0.22,0.96,9.52,-0.39,0.16,-0.39,-0.1,0.21,9.8,0.09,0.0,0.0,0.0,0.0,7.0,1016.92,67.6,-16.02
2025-03-24 18:30:06.592000+00:00,,,,,354.125,-0.312,-1.062,23.0,-83.75,-6.25,-19.062,-0.016,0.014,0.002,-0.22,0.96,9.52,-0.39,0.16,-0.39,-0.1,0.21,9.8,0.09,0.0,0.0,0.0,0.0,7.0,1016.92,67.6,-16.02
2025-03-24 18:30:07.042000+00:00,,,,,354.125,-0.312,-1.062,22.84,-83.75,-6.25,-19.062,-0.016,0.014,0.002,-0.22,0.96,9.52,-0.39,0.16,-0.39,-0.1,0.21,9.8,0.09,0.0,0.0,0.0,0.0,7.0,1016.92,67.6,-16.02
2025-03-24 18:30:07.607000+00:00,,,,,354.125,-0.312,-1.062,23.0,-83.75,-6.25,-19.062,-0.016,0.014,0.002,-0.22,0.96,9.52,-0.39,0.16,-0.39,-0.1,0.21,9.8,0.09,0.0,0.0,0.0,0.0,7.0,1016.92,67.6,-16.02
2025-03-24 18:30:08.192000+00:00,,,,,354.125,-0.312,-1.062,22.84,-83.75,-6.25,-19.062,-0.016,0.014,0.002,-0.22,0.96,9.52,-0.39,0.16,-0.39,-0.1,0.21,9.8,0.09,0.0,0.0,0.0,0.0,7.0,1016.92,67.6,-16.02
2025-03-24 18:30:08.633000+00:00,,,,,354.125,-0.312,-1.062,23.0,-83.75,-6.25,-19.062,-0.016,0.014,0.002,-0.22,0.96,9.52,-0.39,0.16,-0.39,-0.1,0.21,9.8,0.09,0.0,0.0,0.0,0.0,7.0,1016.92,67.6,-16.02
2025-03-24 18:30:09.471000+00:00,,,,,354.125,-0.312,-1.062,22.84,-83.75,-6.25,-19.062,-0.016,0.014,0.002,-0.22,0.96,9.52,-0.39,0.16,-0.39,-0.1,0.21,9.8,0.09,0.0,0.0,0.0,0.0,7.0,1016.92,67.6,-16.02
2025-03-24 18:30:09.906000+00:00,,,,,354.125,-0.312,-1.062,23.0,-83.75,-6.25,-19.062,-0.016,0.014,0.002,-0.22,0.96,9.52,-0.39,0.16,-0.39,-0.1,0.21,9.8,0.09,0.0,0.0,0.0,0.0,7.0,1016.92,67.6,-16.02
2025-03-24 18:30:10.611000+00:00,,,,,354.125,-0.312,-1.062,23.0,-83.75,-6.25,-19.062,-0.016,0.014,0.002,-0.22,0.96,9.52,-0.39,0.16,-0.39,-0.1,0.21,9.8,0.09,0.0,0.0,0.0,0.0,7.0,1016.92,67.6,-16.02
2025-03-24 18:30:11.068000+00:00,,,,,354.125,-0.312,-1.062,22.79,-83.75,-6.25,-19.062,-0.016,0.014,0.002,-0.22,0.96,9.52,-0.39,0.16,-0.39,-0.1,0.21,9.8,0.09,0.0,0.0,0.0,0.0,7.0,1016.92,67.6,-16.02
2025-03-24 18:30:11.608000+00:00,,,,,354.125,-0.312,-1.062,23.0,-83.75,-6.25,-19.062,-0.016,0.014,0.002,-0.22,0.96,9.52,-0.39,0.16,-0.39,-0.1,0.21,9.8,0.09,0.0,0.0,0.0,0.0,7.0,1016.92,67.6,-16.02
2025-03-24 18:30:12.027000+00:00,,,,,354.125,-0.312,-1.062,22.79,-83.75,-6.25,-19.062,-0.016,0.014,0.002,-0.22,0.96,9.52,-0.39,0.16,-0.39,-0.1,0.21,9.8,0.09,0.0,0.0,0.0,0.0,7.0,1016.92,67.6,-16.02
2025-03-24 18:30:12.611000+00:00,,,,,354.125,-0.312,-1.062,23.0,-83.75,-6.25,-19.062,-0.016,0.014,0.002,-0.22,0.96,9.52,-0.39,0.16,-0.39,-0.1,0.21,9.8,0.09,0.0,0.0,0.0,0.0,7.0,1016.92,67.6,-16.02
2025-03-24 18:30:13.042000+00:00,,,,,354.125,-0.312,-1.062,22.79,-83.75,-6.25,-19.062,-0.016,0.014,0.002,-0.22,0.96,9.52,-0.39,0.16,-0.39,-0.1,0.21,9.8,0.09,0.0,0.0,0.0,0.0,7.0,1016.92,67.6,-16.02
2025-03-24 18:30:13.618000+00:00,,,,,354.125,-0.312,-1.062,23.0,-83.75,-6.25,-19.062,-0.016,0.014,0.002,-0.22,0.96,9.52,-0.39,0.16,-0.39,-0.1,0.21,9.8,0.09,0.0,0.0,0.0,0.0,7.0,1016.92,67.6,-16.02
2025-03-24 18:30:14.057000+00:00,,,,,354.125,-0.312,-1.062,22.79,-83.75,-6.25,-19.062,-0.016,0.014,0.002,-0.22,0.96,9.52,-0.39,0.16,-0.39,-0.1,0.21,9.8,0.09,0.0,0.0,0.0,0.0,7.0,1016.92,67.6,-16.02
2025-03-24 18:30:14.623000+00:00,,,,,354.125,-0.312,-1.062,23.0,-83.75,-6.25,-19.062,-0.016,0.014,0.002,-0.22,0.96,9.52,-0.39,0.16,-0.39,-0.1,0.21,9.8,0.09,0.0,0.0,0.0,0.0,7.0,1016.92,67.6,-16.02
2025-03-24 18:30:15.043000+00:00,,,,,354.125,-0.312,-1.062,22.79,-83.75,-6.25,-19.062,-0.016,0.014,0.002,-0.22,0.96,9.52,-0.39,0.16,-0.39,-0.1,0.21,9.8,0.09,0.0,0.0,0.0,0.0,7.0,1016.92,67.6,-16.02
2025-03-24 18:30:15.622000+00:00,,,,,354.125,-0.312,-1.062,23.0,-83.75,-6.25,-19.062,-0.016,0.014,0.002,-0.22,0.96,9.52,-0.39,0.16,-0.39,-0.1,0.21,9.8,0.09,0.0,0.0,0.0,0.0,7.0,1016.92,67.6,-16.02
2025-03-24 18:30:16.031000+00:00,,,,,354.125,-0.312,-1.062,22.79,-83.75,-6.25,-19.062,-0.016,0.014,0.002,-0.22,0.96,9.52,-0.39,0.16,-0.39,-0.1,0.21,9.8,0.09,0.0,0.0,0.0,0.0,7.0,1016.92,67.6,-16.02
2025-03-24 18:30:16.641000+00:00,,,,,354.125,-0.312,-1.062,23.0,-83.75,-6.25,-19.062,-0.016,0.014,0.002,-0.22,0.96,9.52,-0.39,0.16,-0.39,-0.1,0.21,9.8,0.09,0.0,0.0,0.0,0.0,7.0,1016.92,67.6,-16.02
2025-03-24 18:30:17.072000+00:00,,,,,354.125,-0.312,-1.062,22.79,-83.75,-6.25,-19.062,-0.016,0.014,0.002,-0.22,0.96,9.52,-0.39,0.16,-0.39,-0.1,0.21,9.8,0.09,0.0,0.0,0.0,0.0,7.0,1016.92,67.6,-16.02
2025-03-24 18:30:17.637000+00:00,,,,,354.125,-0.312,-1.062,23.0,-83.75,-6.25,-19.062,-0.016,0.014,0.002,-0.22,0.96,9.52,-0.39,0.16,-0.39,-0.1,0.21,9.8,0.09,0.0,0.0,0.0,0.0,7.0,1016.92,67.6,-16.02
2025-03-24 18:30:18.212000+00:00,,,,,354.125,-0.312,-1.062,22.79,-83.75,-6.25,-19.062,-0.016,0.014,0.002,-0.22,0.96,9.52,-0.39,0.16,-0.39,-0.1,0.21,9.8,0.09,0.0,0.0,0.0,0.0,7.0,1016.92,67.6,-16.02
2025-03-24 18:30:18.638000+00:00,,,,,354.125,-0.312,-1.062,23.0,-83.75,-6.25,-19.062,-0.016,0.014,0.002,-0.22,0.96,9.52,-0.39,0.16,-0.39,-0.1,0.21,9.8,0.09,0.0,0.0,0.0,0.0,7.0,1016.92,67.6,-16.02
2025-03-24 18:30:19.361000+00:00,,,,,354.125,-0.312,-1.062,22.79,-83.75,-6.25,-19.062,-0.016,0.014,0.002,-0.22,0.96,9.52,-0.39,0.16,-0.39,-0.1,0.21,9.8,0.09,0.0,0.0,0.0,0.0,7.0,1016.92,67.6,-16.02
2025-03-24 18:30:19.796000+00:00,,,,,354.125,-0.312,-1.062,23.0,-83.75,-6.25,-19.062,-0.016,0.014,0.002,-0.22,0.96,9.52,-0.39,0.16,-0.39,-0.1,0.21,9.8,0.09,0.0,0.0,0.0,0.0,7.0,1016.92,67.6,-16.02
2025-03-24 18:30:20.400000+00:00,,,,,354.125,-0.312,-1.062,22.79,-83.75,-6.25,-19.062,-0.016,0.014,0.002,-0.22,0.96,9.52,-0.39,0.16,-0.39,-0.1,0.21,9.8,0.09,0.0,0.0,0.0,0.0,7.0,1016.92,67.6,-16.02
2025-03-24 18:30:20.817000+00:00,,,,,354.125,-0.312,-1.062,23.0,-83.75,-6.25,-19.062,-0.016,0.014,0.002,-0.22,0.96,9.52,-0.39,0.16,-0.39,-0.1,0.21,9.8,0.09,0.0,0.0,0.0,0.0,7.0,1016.92,67.6,-16.02
2025-03-24 18:30:21.691000+00:00,,,,,354.125,-0.312,-1.062,22.79,-83.75,-6.25,-19.062,-0.016,0.014,0.002,-0.22,0.96,9.52,-0.39,0.16,-0.39,-0.1,0.21,9.8,0.09,0.0,0.0,0.0,0.0,7.0,1016.92,67.6,-16.02
2025-03-24 18:30:21.977000+00:00,,,,,354.125,-0.312,-1.062,23.0,-83.75,-6.25,-19.062,-0.016,0.014,0.002,-0.22,0.96,9.52,-0.39,0.16,-0.39,-0.1,0.21,9.8,0.09,0.0,0.0,0.0,0.0,7.0,1016.92,67.6,-16.02
2025-03-24 18:30:22.650000+00:00,,,,,354.125,-0.312,-1.062,23.0,-83.75,-6.25,-19.062,-0.016,0.014,0.002,-0.22,0.96,9.52,-0.39,0.16,-0.39,-0.1,0.21,9.8,0.09,0.0,0.0,0.0,0.0,7.0,1016.92,67.6,-16.02
2025-03-24 18:30:23.076000+00:00,,,,,354.125,-0.312,-1.062,22.79,-83.75,-6.25,-19.062,-0.016,0.014,0.002,-0.22,0.96,9.52,-0.39,0.16,-0.39,-0.1,0.21,9.8,0.09,0.0,0.0,0.0,0.0,7.0,1016.92,67.6,-16.02
2025-03-24 18:30:23.667000+00:00,,,,,354.125,-0.312,-1.062,23.0,-83.75,-6.25,-19.062,-0.016,0.014,0.002,-0.22,0.96,9.52,-0.39,0.16,-0.39,-0.1,0.21,9.8,0.09,0.0,0.0,0.0,0.0,7.0,1016.92,67.6,-16.02
2025-03-24 18:30:24.096000+00:00,,,,,354.125,-0.312,-1.062,22.79,-83.75,-6.25,-19.062,-0.016,0.014,0.002,-0.22,0.96,9.52,-0.39,0.16,-0.39,-0.1,0.21,9.8,0.09,0.0,0.0,0.0,0.0,7.0,1016.92,67.6,-16.02
2025-03-24 18:30:24.651000+00:00,,,,,354.125,-0.312,-1.062,23.0,-83.75,-6.25,-19.062,-0.016,0.014,0.002,-0.22,0.96,9.52,-0.39,0.16,-0.39,-0.1,0.21,9.8,0.09,0.0,0.0,0.0,0.0,7.0,1016.92,67.6,-16.02
2025-03-24 18:30:25.100000+00:00,,,,,354.125,-0.312,-1.062,22.79,-83.75,-6.25,-19.062,-0.016,0.014,0.002,-0.22,0.96,9.52,-0.39,0.16,-0.39,-0.1,0.21,9.8,0.09,0.0,0.0,0.0,0.0,7.0,1016.92,67.6,-16.02
2025-03-24 18:30:25.650000+00:00,,,,,354.125,-0.312,-1.062,23.0,-83.75,-6.25,-19.062,-0.016,0.014,0.002,-0.22,0.96,9.52,-0.39,0.16,-0.39,-0.1,0.21,9.8,0.09,0.0,0.0,0.0,0.0,7.0,1016.92,67.6,-16.02
2025-03-24 18:30:26.081000+00:00,,,,,354.125,-0.312,-1.062,22.79,-83.75,-6.25,-19.062,-0.016,0.014,0.002,-0.22,0.96,9.52,-0.39,0.16,-0.39,-0.1,0.21,9.8,0.09,0.0,0.0,0.0,0.0,7.0,1016.92,67.6,-16.02
2025-03-24 18:30:26.660000+00:00,,,,,354.125,-0.312,-1.062,23.0,-83.75,-6.25,-19.062,-0.016,0.014,0.002,-0.22,0.96,9.52,-0.39,0.16,-0.39,-0.1,0.21,9.8,0.09,0.0,0.0,0.0,0.0,7.0,1016.92,67.6,-16.02
2025-03-24 18:30:27.070000+00:00,,,,,354.125,-0.312,-1.062,22.79,-83.75,-6.25,-19.062,-0.016,0.014,0.002,-0.22,0.96,9.52,-0.39,0.16,-0.39,-0.1,0.21,9.8,0.09,0.0,0.0,0.0,0.0,7.0,1016.92,67.6,-16.02
2025-03-24 18:30:27.719000+00:00,,,,,354.125,-0.312,-1.062,23.0,-83.75,-6.25,-19.062,-0.016,0.014,0.002,-0.22,0.96,9.52,-0.39,0.16,-0.39,-0.1,0.21,9.8,0.09,0.0,0.0,0.0,0.0,7.0,1016.92,67.6,-16.02
2025-03-24 18:30:28.220000+00:00,,,,,354.125,-0.312,-1.062,22.79,-83.75,-6.25,-19.062,-0.016,0.014,0.002,-0.22,0.96,9.52,-0.39,0.16,-0.39,-0.1,0.21,9.8,0.09,0.0,0.0,0.0,0.0,7.0,1016.92,67.6,-16.02
2025-03-24 18:30:28.680000+00:00,,,,,354.125,-0.312,-1.062,23.0,-83.75,-6.25,-19.062,-0.016,0.014,0.002,-0.22,0.96,9.52,-0.39,0.16,-0.39,-0.1,0.21,9.8,0.09,0.0,0.0,0.0,0.0,7.0,1016.92,67.6,-16.02
2025-03-24 18:30:29.371000+00:00,,,,,354.125,-0.312,-1.062,22.79,-83.75,-6.25,-19.062,-0.016,0.014,0.002,-0.22,0.96,9.52,-0.39,0.16,-0.39,-0.1,0.21,9.8,0.09,0.0,0.0,0.0,0.0,7.0,1016.92,67.6,-16.02
2025-03-24 18:30:29.776000+00:00,,,,,354.125,-0.312,-1.062,23.0,-83.75,-6.25,-19.062,-0.016,0.014,0.002,-0.22,0.96,9.52,-0.39,0.16,-0.39,-0.1,0.21,9.8,0.09,0.0,0.0,0.0,0.0,7.0,1016.92,67.6,-16.02
2025-03-24 18:30:30.509000+00:00,,,,,354.125,-0.312,-1.062,22.79,-83.75,-6.25,-19.062,-0.016,0.014,0.002,-0.22,0.96,9.52,-0.39,0.16,-0.39,-0.1,0.21,9.8,0.09,0.0,0.0,0.0,0.0,7.0,1016.92,67.6,-16.02
2025-03-24 18:30:30.977000+00:00,,,,,354.125,-0.312,-1.062,23.0,-83.75,-6.25,-19.062,-0.016,0.014,0.002,-0.22,0.96,9.52,-0.39,0.16,-0.39,-0.1,0.21,9.8,0.09,0.0,0.0,0.0,0.0,7.0,1016.92,67.6,-16.02
2025-03-24 18:30:31.465000+00:00,,,,,354.125,-0.312,-1.062,22.79,-83.75,-6.25,-19.062,-0.016,0.014,0.002,-0.22,0.96,9.52,-0.39,0.16,-0.39,-0.1,0.21,9.8,0.09,0.0,0.0,0.0,0.0,7.0,1016.92,67.6,-16.02
2025-03-24 18:30:31.899000+00:00,,,,,354.125,-0.312,-1.062,23.0,-83.75,-6.25,-19.062,-0.016,0.014,0.002,-0.22,0.96,9.52,-0.39,0.16,-0.39,-0.1,0.21,9.8,0.09,0.0,0.0,0.0,0.0,7.0,1016.92,67.6,-16.02
2025-03-24 18:30:32.489000+00:00,,,,,354.125,-0.312,-1.062,22.79,-83.75,-6.25,-19.062,-0.016,0.014,0.002,-0.22,0.96,9.52,-0.39,0.16,-0.39,-0.1,0.21,9.8,0.09,0.0,0.0,0.0,0.0,7.0,1016.92,67.6,-16.02
2025-03-24 18:30:32.949000+00:00,,,,,354.125,-0.312,-1.062,23.0,-83.75,-6.25,-19.062,-0.016,0.014,0.002,-0.22,0.96,9.52,-0.39,0.16,-0.39,-0.1,0.21,9.8,0.09,0.0,0.0,0.0,0.0,7.0,1016.92,67.6,-16.02
2025-03-24 18:30:33.749000+00:00,,,,,354.125,-0.312,-1.062,22.79,-83.75,-6.25,-19.062,-0.016,0.014,0.002,-0.22,0.96,9.52,-0.39,0.16,-0.39,-0.1,0.21,9.8,0.09,0.0,0.0,0.0,0.0,7.0,1016.92,67.6,-16.02
2025-03-24 18:30:34.016000+00:00,,,,,354.125,-0.312,-1.062,23.0,-83.75,-6.25,-19.062,-0.016,0.014,0.002,-0.22,0.96,9.52,-0.39,0.16,-0.39,-0.1,0.21,9.8,0.09,0.0,0.0,0.0,0.0,7.0,1016.92,67.6,-16.02
2025-03-24 18:30:34.715000+00:00,,,,,354.125,-0.312,-1.062,23.0,-83.75,-6.25,-19.062,-0.016,0.014,0.002,-0.22,0.96,9.52,-0.39,0.16,-0.39,-0.1,0.21,9.8,0.09,0.0,0.0,0.0,0.0,7.0,1016.92,67.6,-16.02
2025-03-24 18:30:35.153000+00:00,,,,,354.125,-0.312,-1.062,22.79,-83.75,-6.25,-19.062,-0.016,0.014,0.002,-0.22,0.96,9.52,-0.39,0.16,-0.39,-0.1,0.21,9.8,0.09,0.0,0.0,0.0,0.0,7.0,1016.92,67.6,-16.02
2025-03-24 18:30:35.722000+00:00,,,,,354.125,-0.312,-1.062,23.0,-83.75,-6.25,-19.062,-0.016,0.014,0.002,-0.22,0.96,9.52,-0.39,0.16,-0.39,-0.1,0.21,9.8,0.09,0.0,0.0,0.0,0.0,7.0,1016.92,67.6,-16.02
2025-03-24 18:30:36.159000+00:00,,,,,354.125,-0.312,-1.062,22.79,-83.75,-6.25,-19.062,-0.016,0.014,0.002,-0.22,0.96,9.52,-0.39,0.16,-0.39,-0.1,0.21,9.8,0.09,0.0,0.0,0.0,0.0,7.0,1016.92,67.6,-16.02
2025-03-24 18:30:36.731000+00:00,,,,,354.125,-0.312,-1.062,23.0,-83.75,-6.25,-19.062,-0.016,0.014,0.002,-0.22,0.96,9.52,-0.39,0.16,-0.39,-0.1,0.21,9.8,0.09,0.0,0.0,0.0,0.0,7.0,1016.92,67.6,-16.02
2025-03-24 18:30:37.139000+00:00,,,,,354.125,-0.312,-1.062,22.79,-83.75,-6.25,-19.062,-0.016,0.014,0.002,-0.22,0.96,9.52,-0.39,0.16,-0.39,-0.1,0.21,9.8,0.09,0.0,0.0,0.0,0.0,7.0,1016.92,67.6,-16.02
2025-03-24 18:30:37.748000+00:00,,,,,354.125,-0.312,-1.062,23.0,-83.75,-6.25,-19.062,-0.016,0.014,0.002,-0.22,0.96,9.52,-0.39,0.16,-0.39,-0.1,0.21,9.8,0.09,0.0,0.0,0.0,0.0,7.0,1016.92,67.6,-16.02
2025-03-24 18:30:38.159000+00:00,,,,,354.125,-0.312,-1.062,22.79,-83.75,-6.25,-19.062,-0.016,0.014,0.002,-0.22,0.96,9.52,-0.39,0.16,-0.39,-0.1,0.21,9.8,0.09,0.0,0.0,0.0,0.0,7.0,1016.92,67.6,-16.02
2025-03-24 18:30:38.748000+00:00,,,,,354.125,-0.312,-1.062,23.0,-83.75,-6.25,-19.062,-0.016,0.014,0.002,-0.22,0.96,9.52,-0.39,0.16,-0.39,-0.1,0.21,9.8,0.09,0.0,0.0,0.0,0.0,7.0,1016.92,67.6,-16.02
2025-03-24 18:30:39.578000+00:00,,,,,354.125,-0.312,-1.062,22.79,-83.75,-6.25,-19.062,-0.016,0.014,0.002,-0.22,0.96,9.52,-0.39,0.16,-0.39,-0.1,0.21,9.8,0.09,0.0,0.0,0.0,0.0,7.0,1016.92,67.6,-16.02
2025-03-24 18:29:40.213000+00:00,,,,,354.125,-0.312,-1.062,22.79,-83.75,-6.25,-19.062,-0.016,0.014,0.002,-0.22,0.96,9.52,-0.39,0.16,-0.39,-0.1,0.21,9.8,0.09,0.0,0.0,0.0,0.0,7.0,1016.92,67.6,-16.02
2025-03-24 18:29:41.224000+00:00,,,,,354.125,-0.312,-1.062,22.79,-83.375,-5.562,-18.688,-0.016,0.014,0.002,-0.22,0.96,9.52,-0.39,0.16,-0.39,-0.1,0.21,9.8,0.09,0.0,0.0,0.0,0.0,7.0,1016.92,67.6,-16.02
2025-03-24 18:29:42.224000+00:00,,,,,354.125,-0.312,-1.062,22.79,-84.5,-5.25,-19.75,-0.016,0.014,0.002,-0.22,0.96,9.52,-0.39,0.16,-0.39,-0.1,0.21,9.8,0.09,0.0,0.0,0.0,0.0,7.0,1016.92,67.6,-16.02
2025-03-24 18:29:43.333000+00:00,,,,,354.125,-0.312,-1.062,22.79,-84.188,-6.0,-19.375,-0.016,0.014,0.002,-0.22,0.96,9.52,-0.39,0.16,-0.39,-0.1,0.21,9.8,0.09,0.0,0.0,0.0,0.0,7.0,1016.92,67.6,-16.02
2025-03-24 18:29:44.271000+00:00,,,,,354.125,-0.312,-1.062,22.79,-83.375,-5.688,-18.688,-0.016,0.014,0.002,-0.22,0.96,9.52,-0.39,0.16,-0.39,-0.1,0.21,9.8,0.09,0.0,0.0,0.0,0.0,7.0,1016.92,67.6,-16.02
2025-03-24 18:29:45.438000+00:00,,,,,354.125,-0.312,-1.062,22.79,-84.062,-6.062,-19.375,-0.016,0.014,0.002,-0.22,0.96,9.52,-0.39,0.16,-0.39,-0.1,0.21,9.8,0.09,0.0,0.0,0.0,0.0,7.0,1016.92,67.6,-16.02
2025-03-24 18:29:46.563000+00:00,,,,,354.125,-0.312,-1.062,22.79,-83.688,-5.375,-18.688,-0.016,0.014,0.002,-0.22,0.96,9.52,-0.39,0.16,-0.39,-0.1,0.21,9.8,0.09,0.0,0.0,0.0,0.0,7.0,1016.92,67.6,-16.02
2025-03-24 18:29:47.529000+00:00,,,,,354.125,-0.312,-1.062,22.79,-83.688,-5.375,-19.0,-0.016,0.014,0.002,-0.22,0.96,9.52,-0.39,0.16,-0.39,-0.1,0.21,9.8,0.09,0.0,0.0,0.0,0.0,7.0,1016.92,67.6,-16.02
2025-03-24 18:29:48.553000+00:00,,,,,354.125,-0.312,-1.062,22.79,-83.688,-5.0,-19.0,-0.016,0.014,0.002,-0.22,0.96,9.52,-0.39,0.16,-0.39,-0.1,0.21,9.8,0.09,0.0,0.0,0.0,0.0,7.0,1016.92,67.6,-16.02
2025-03-24 18:29:49.304000+00:00,,,,,354.125,-0.312,-1.062,22.79,-83.25,-5.375,-18.188,-0.016,0.014,0.002,-0.22,0.96,9.52,-0.39,0.16,-0.39,-0.1,0.21,9.8,0.09,0.0,0.0,0.0,0.0,7.0,1016.92,67.6,-16.02
2025-03-24 18:29:50.316000+00:00,,,,,354.125,-0.312,-1.062,22.79,-83.188,-6.188,-19.375,-0.016,0.014,0.002,-0.22,0.96,9.52,-0.39,0.16,-0.39,-0.1,0.21,9.8,0.09,0.0,0.0,0.0,0.0,7.0,1016.92,67.6,-16.02
2025-03-24 18:29:51.313000+00:00,,,,,354.125,-0.312,-1.062,22.79,-83.562,-5.75,-19.375,-0.016,0.014,0.002,-0.22,0.96,9.52,-0.39,0.16,-0.39,-0.1,0.21,9.8,0.09,0.0,0.0,0.0,0.0,7.0,1016.92,67.6,-16.02
2025-03-24 18:29:52.332000+00:00,,,,,354.125,-0.312,-1.062,22.79,-83.188,-5.062,-19.25,-0.016,0.014,0.002,-0.22,0.96,9.52,-0.39,0.16,-0.39,-0.1,0.21,9.8,0.09,0.0,0.0,0.0,0.0,7.0,1016.92,67.6,-16.02
2025-03-24 18:29:53.342000+00:00,,,,,354.125,-0.312,-1.062,22.79,-84.0,-5.5,-18.875,-0.016,0.014,0.002,-0.22,0.96,9.52,-0.39,0.16,-0.39,-0.1,0.21,9.8,0.09,0.0,0.0,0.0,0.0,7.0,1016.92,67.6,-16.02
2025-03-24 18:29:54.353000+00:00,,,,,354.125,-0.312,-1.062,22.79,-83.188,-5.5,-20.062,-0.016,0.014,0.002,-0.22,0.96,9.52,-0.39,0.16,-0.39,-0.1,0.21,9.8,0.09,0.0,0.0,0.0,0.0,7.0,1016.92,67.6,-16.02
2025-03-24 18:29:55.372000+00:00,,,,,354.125,-0.312,-1.062,22.79,-84.0,-5.75,-18.5,-0.016,0.014,0.002,-0.22,0.96,9.52,-0.39,0.16,-0.39,-0.1,0.21,9.8,0.09,0.0,0.0,0.0,0.0,7.0,1016.92,67.6,-16.02
2025-03-24 18:29:56.373000+00:00,,,,,354.125,-0.312,-1.062,22.79,-83.062,-5.875,-18.562,-0.016,0.014,0.002,-0.22,0.96,9.52,-0.39,0.16,-0.39,-0.1,0.21,9.8,0.09,0.0,0.0,0.0,0.0,7.0,1016.92,67.6,-16.02
2025-03-24 18:29:57.423000+00:00,,,,,354.125,-0.312,-1.062,22.79,-83.5,-6.562,-19.25,-0.016,0.014,0.002,-0.22,0.96,9.52,-0.39,0.16,-0.39,-0.1,0.21,9.8,0.09,0.0,0.0,0.0,0.0,7.0,1016.92,67.6,-16.02
2025-03-24 18:29:58.622000+00:00,,,,,354.125,-0.312,-1.062,22.79,-83.5,-6.25,-19.688,-0.016,0.014,0.002,-0.22,0.96,9.52,-0.39,0.16,-0.39,-0.1,0.21,9.8,0.09,0.0,0.0,0.0,0.0,7.0,1016.92,67.6,-16.02
2025-03-24 18:29:59.702000+00:00,,,,,354.125,-0.312,-1.062,22.79,-83.5,-6.25,-18.5,-0.016,0.014,0.002,-0.22,0.96,9.52,-0.39,0.16,-0.39,-0.1,0.21,9.8,0.09,0.0,0.0,0.0,0.0,7.0,1016.92,67.6,-16.02
2025-03-24 18:30:00.412000+00:00,,,,,354.125,-0.312,-1.062,22.79,-82.0,-6.0,-20.25,-0.016,0.014,0.002,-0.22,0.96,9.52,-0.39,0.16,-0.39,-0.1,0.21,9.8,0.09,0.0,0.0,0.0,0.0,7.0,1016.92,67.6,-16.02
2025-03-24 18:30:01.412000+00:00,,,,,354.125,-0.312,-1.062,22.79,-83.875,-6.0,-18.0,-0.016,0.014,0.002,-0.22,0.96,9.52,-0.39,0.16,-0.39,-0.1,0.21,9.8,0.09,0.0,0.0,0.0,0.0,7.0,1016.92,67.6,-16.02
2025-03-24 18:30:02.438000+00:00,,,,,354.125,-0.312,-1.062,22.79,-83.5,-5.688,-19.188,-0.016,0.014,0.002,-0.22,0.96,9.52,-0.39,0.16,-0.39,-0.1,0.21,9.8,0.09,0.0,0.0,0.0,0.0,7.0,1016.92,67.6,-16.02
2025-03-24 18:30:03.442000+00:00,,,,,354.125,-0.312,-1.062,22.79,-82.25,-6.0,-19.188,-0.016,0.014,0.002,-0.22,0.96,9.52,-0.39,0.16,-0.39,-0.1,0.21,9.8,0.09,0.0,0.0,0.0,0.0,7.0,1016.92,67.6,-16.02
2025-03-24 18:30:04.452000+00:00,,,,,354.125,-0.312,-1.062,22.79,-83.688,-5.75,-19.562,-0.016,0.014,0.002,-0.22,0.96,9.52,-0.39,0.16,-0.39,-0.1,0.21,9.8,0.09,0.0,0.0,0.0,0.0,7.0,1016.92,67.6,-16.02
2025-03-24 18:30:05.489000+00:00,,,,,354.125,-0.312,-1.062,22.79,-82.562,-5.375,-19.188,-0.016,0.014,0.002,-0.22,0.96,9.52,-0.39,0.16,-0.39,-0.1,0.21,9.8,0.09,0.0,0.0,0.0,0.0,7.0,1016.92,67.6,-16.02
2025-03-24 18:30:06.642000+00:00,,,,,354.125,-0.312,-1.062,22.79,-83.375,-5.75,-18.75,-0.016,0.014,0.002,-0.22,0.96,9.52,-0.39,0.16,-0.39,-0.1,0.21,9.8,0.09,0.0,0.0,0.0,0.0,7.0,1016.92,67.6,-16.02
2025-03-24 18:30:07.668000+00:00,,,,,354.125,-0.312,-1.062,22.79,-82.875,-5.75,-18.75,-0.016,0.014,0.002,-0.22,0.96,9.52,-0.39,0.16,-0.39,-0.1,0.21,9.8,0.09,0.0,0.0,0.0,0.0,7.0,1016.92,67.6,-16.02
2025-03-24 18:30:08.688000+00:00,,,,,354.125,-0.312,-1.062,22.79,-83.0,-6.062,-19.5,-0.016,0.014,0.002,-0.22,0.96,9.52,-0.39,0.16,-0.39,-0.1,0.21,9.8,0.09,0.0,0.0,0.0,0.0,7.0,1016.92,67.6,-16.02
2025-03-24 18:30:09.955000+00:00,,,,,354.125,-0.312,-1.062,22.79,-83.25,-5.0,-18.375,-0.016,0.014,0.002,-0.22,0.96,9.52,-0.39,0.16,-0.39,-0.1,0.21,9.8,0.09,0.0,0.0,0.0,0.0,7.0,1016.92,67.6,-16.02
2025-03-24 18:30:10.668000+00:00,,,,,354.125,-0.312,-1.062,22.79,-82.5,-5.0,-18.75,-0.016,0.014,0.002,-0.22,0.96,9.52,-0.39,0.16,-0.39,-0.1,0.21,9.8,0.09,0.0,0.0,0.0,0.0,7.0,1016.92,67.6,-16.02
2025-03-24 18:30:11.661000+00:00,,,,,354.125,-0.312,-1.062,22.79,-82.875,-5.875,-18.688,-0.016,0.014,0.002,-0.22,0.96,9.52,-0.39,0.16,-0.39,-0.1,0.21,9.8,0.09,0.0,0.0,0.0,0.0,7.0,1016.92,67.6,-16.02
2025-03-24 18:30:12.661000+00:00,,,,,354.125,-0.312,-1.062,22.79,-82.5,-6.875,-19.5,-0.016,0.014,0.002,-0.22,0.96,9.52,-0.39,0.16,-0.39,-0.1,0.21,9.8,0.09,0.0,0.0,0.0,0.0,7.0,1016.92,67.6,-16.02
2025-03-24 18:30:13.672000+00:00,,,,,354.125,-0.312,-1.062,22.79,-83.25,-5.875,-19.062,-0.016,0.014,0.002,-0.22,0.96,9.52,-0.39,0.16,-0.39,-0.1,0.21,9.8,0.09,0.0,0.0,0.0,0.0,7.0,1016.92,67.6,-16.02
2025-03-24 18:30:14.671000+00:00,,,,,354.125,-0.312,-1.062,22.79,-82.875,-5.5,-19.5,-0.016,0.014,0.002,-0.22,0.96,9.52,-0.39,0.16,-0.39,-0.1,0.21,9.8,0.09,0.0,0.0,0.0,0.0,7.0,1016.92,67.6,-16.02
2025-03-24 18:30:15.672000+00:00,,,,,354.125,-0.312,-1.062,22.79,-83.25,-6.562,-19.062,-0.016,0.014,0.002,-0.22,0.96,9.52,-0.39,0.16,-0.39,-0.1,0.21,9.8,0.09,0.0,0.0,0.0,0.0,7.0,1016.92,67.6,-16.02
2025-03-24 18:30:16.697000+00:00,,,,,354.125,-0.312,-1.062,22.79,-82.875,-6.188,-19.5,-0.016,0.014,0.002,-0.22,0.96,9.52,-0.39,0.16,-0.39,-0.1,0.21,9.8,0.09,0.0,0.0,0.0,0.0,7.0,1016.92,67.6,-16.02
2025-03-24 18:30:17.697000+00:00,,,,,354.125,-0.312,-1.062,22.79,-83.188,-5.5,-18.25,-0.016,0.014,0.002,-0.22,0.96,9.52,-0.39,0.16,-0.39,-0.1,0.21,9.8,0.09,0.0,0.0,0.0,0.0,7.0,1016.92,67.6,-16.02
2025-03-24 18:30:18.697000+00:00,,,,,354.125,-0.312,-1.062,22.79,-82.75,-6.875,-19.062,-0.016,0.014,0.002,-0.22,0.96,9.52,-0.39,0.16,-0.39,-0.1,0.21,9.8,0.09,0.0,0.0,0.0,0.0,7.0,1016.92,67.6,-16.02
2025-03-24 18:30:19.840000+00:00,,,,,354.125,-0.312,-1.062,22.79,-82.75,-5.875,-19.062,-0.016,0.014,0.002,-0.22,0.96,9.52,-0.39,0.16,-0.39,-0.1,0.21,9.8,0.09,0.0,0.0,0.0,0.0,7.0,1016.92,67.6,-16.02
2025-03-24 18:30:20.874000+00:00,,,,,354.125,-0.312,-1.062,22.79,-84.188,-5.875,-19.0,-0.016,0.014,0.002,-0.22,0.96,9.52,-0.39,0.16,-0.39,-0.1,0.21,9.8,0.09,0.0,0.0,0.0,0.0,7.0,1016.92,67.6,-16.02
2025-03-24 18:30:22.037000+00:00,,,,,354.125,-0.312,-1.062,22.79,-82.688,-6.0,-19.375,-0.016,0.014,0.002,-0.22,0.96,9.52,-0.39,0.16,-0.39,-0.1,0.21,9.8,0.09,0.0,0.0,0.0,0.0,7.0,1016.92,67.6,-16.02
2025-03-24 18:30:22.701000+00:00,,,,,354.125,-0.312,-1.062,22.79,-82.688,-6.25,-17.75,-0.016,0.014,0.002,-0.22,0.96,9.52,-0.39,0.16,-0.39,-0.1,0.21,9.8,0.09,0.0,0.0,0.0,0.0,7.0,1016.92,67.6,-16.02
2025-03-24 18:30:23.720000+00:00,,,,,354.125,-0.312,-1.062,22.79,-82.688,-4.75,-19.375,-0.016,0.014,0.002,-0.22,0.96,9.52,-0.39,0.16,-0.39,-0.1,0.21,9.8,0.09,0.0,0.0,0.0,0.0,7.0,1016.92,67.6,-16.02
2025-03-24 18:30:24.700000+00:00,,,,,354.125,-0.312,-1.062,22.79,-82.188,-7.0,-18.188,-0.016,0.014,0.002,-0.22,0.96,9.52,-0.39,0.16,-0.39,-0.1,0.21,9.8,0.09,0.0,0.0,0.0,0.0,7.0,1016.92,67.6,-16.02
2025-03-24 18:30:25.704000+00:00,,,,,354.125,-0.312,-1.062,22.79,-83.375,-6.25,-19.375,-0.016,0.014,0.002,-0.22,0.96,9.52,-0.39,0.16,-0.39,-0.1,0.21,9.8,0.09,0.0,0.0,0.0,0.0,7.0,1016.92,67.6,-16.02
2025-03-24 18:30:26.710000+00:00,,,,,354.125,-0.312,-1.062,22.79,-82.188,-6.0,-18.875,-0.016,0.014,0.002,-0.22,0.96,9.52,-0.39,0.16,-0.39,-0.1,0.21,9.8,0.09,0.0,0.0,0.0,0.0,7.0,1016.92,67.6,-16.02
2025-03-24 18:30:27.769000+00:00,,,,,354.125,-0.312,-1.062,22.79,-82.562,-6.062,-18.188,-0.016,0.014,0.002,-0.22,0.96,9.52,-0.39,0.16,-0.39,-0.1,0.21,9.8,0.09,0.0,0.0,0.0,0.0,7.0,1016.92,67.6,-16.02
2025-03-24 18:30:28.736000+00:00,,,,,354.125,-0.312,-1.062,22.79,-83.188,-4.688,-19.188,-0.016,0.014,0.002,-0.22,0.96,9.52,-0.39,0.16,-0.39,-0.1,0.21,9.8,0.09,0.0,0.0,0.0,0.0,7.0,1016.92,67.6,-16.02
2025-03-24 18:30:29.829000+00:00,,,,,354.125,-0.312,-1.062,22.79,-84.25,-5.375,-20.25,-0.016,0.014,0.002,-0.22,0.96,9.52,-0.39,0.16,-0.39,-0.1,0.21,9.8,0.09,0.0,0.0,0.0,0.0,7.0,1016.92,67.6,-16.02
2025-03-24 18:30:31.035000+00:00,,,,,354.125,-0.312,-1.062,22.79,-83.188,-5.75,-18.688,-0.016,0.014,0.002,-0.22,0.96,9.52,-0.39,0.16,-0.39,-0.1,0.21,9.8,0.09,0.0,0.0,0.0,0.0,7.0,1016.92,67.6,-16.02
2025-03-24 18:30:31.950000+00:00,,,,,354.125,-0.312,-1.062,22.79,-84.25,-4.75,-18.688,-0.016,0.014,0.002,-0.22,0.96,9.52,-0.39,0.16,-0.39,-0.1,0.21,9.8,0.09,0.0,0.0,0.0,0.0,7.0,1016.92,67.6,-16.02
2025-03-24 18:30:33.003000+00:00,,,,,354.125,-0.312,-1.062,22.79,-83.062,-4.75,-18.688,-0.016,0.014,0.002,-0.22,0.96,9.52,-0.39,0.16,-0.39,-0.1,0.21,9.8,0.09,0.0,0.0,0.0,0.0,7.0,1016.92,67.6,-16.02
2025-03-24 18:30:34.075000+00:00,,,,,354.125,-0.312,-1.062,22.79,-83.875,-5.875,-19.875,-0.016,0.014,0.002,-0.22,0.96,9.52,-0.39,0.16,-0.39,-0.1,0.21,9.8,0.09,0.0,0.0,0.0,0.0,7.0,1016.92,67.6,-16.02
2025-03-24 18:30:34.776000+00:00,,,,,354.125,-0.312,-1.062,22.79,-84.188,-4.0,-19.875,-0.016,0.014,0.002,-0.22,0.96,9.52,-0.39,0.16,-0.39,-0.1,0.21,9.8,0.09,0.0,0.0,0.0,0.0,7.0,1016.92,67.6,-16.02
2025-03-24 18:30:35.775000+00:00,,,,,354.125,-0.312,-1.062,22.79,-83.375,-4.75,-19.062,-0.016,0.014,0.002,-0.22,0.96,9.52,-0.39,0.16,-0.39,-0.1,0.21,9.8,0.09,0.0,0.0,0.0,0.0,7.0,1016.92,67.6,-16.02
2025-03-24 18:30:36.779000+00:00,,,,,354.125,-0.312,-1.062,22.79,-83.0,-5.5,-18.688,-0.016,0.014,0.002,-0.22,0.96,9.52,-0.39,0.16,-0.39,-0.1,0.21,9.8,0.09,0.0,0.0,0.0,0.0,7.0,1016.92,67.6,-16.02
2025-03-24 18:30:37.799000+00:00,,,,,354.125,-0.312,-1.062,22.79,-83.375,-5.875,-20.25,-0.016,0.014,0.002,-0.22,0.96,9.52,-0.39,0.16,-0.39,-0.1,0.21,9.8,0.09,0.0,0.0,0.0,0.0,7.0,1016.92,67.6,-16.02
2025-03-24 18:30:38.809000+00:00,,,,,354.125,-0.312,-1.062,22.79,-83.375,-5.562,-19.5,-0.016,0.014,0.002,-0.22,0.96,9.52,-0.39,0.16,-0.39,-0.1,0.21,9.8,0.09,0.0,0.0,0.0,0.0,7.0,1016.92,67.6,-16.02
2025-03-24 18:29:40.274000+00:00,,,,,354.125,-0.312,-1.062,22.79,-83.375,-5.562,-19.5,-0.016,0.014,0.002,-0.22,0.96,9.52,-0.39,0.16,-0.39,-0.1,0.21,9.8,0.09,0.0,0.0,0.0,0.0,7.0,1016.92,67.6,-16.02
2025-03-24 18:29:41.274000+00:00,,,,,354.125,-0.312,-1.062,22.79,-83.375,-5.562,-19.5,0.001,-0.007,0.068,-0.22,0.96,9.52,-0.39,0.16,-0.39,-0.1,0.21,9.8,0.09,0.0,0.0,0.0,0.0,7.0,1016.92,67.6,-16.02
2025-03-24 18:29:42.274000+00:00,,,,,354.125,-0.312,-1.062,22.79,-83.375,-5.562,-19.5,-0.002,-0.01,0.028,-0.22,0.96,9.52,-0.39,0.16,-0.39,-0.1,0.21,9.8,0.09,0.0,0.0,0.0,0.0,7.0,1016.92,67.6,-16.02
2025-03-24 18:29:43.384000+00:00,,,,,354.125,-0.312,-1.062,22.79,-83.375,-5.562,-19.5,0.013,0.007,0.038,-0.22,0.96,9.52,-0.39,0.16,-0.39,-0.1,0.21,9.8,0.09,0.0,0.0,0.0,0.0,7.0,1016.92,67.6,-16.02
2025-03-24 18:29:44.323000+00:00,,,,,354.125,-0.312,-1.062,22.79,-83.375,-5.562,-19.5,-0.006,0.011,-0.024,-0.22,0.96,9.52,-0.39,0.16,-0.39,-0.1,0.21,9.8,0.09,0.0,0.0,0.0,0.0,7.0,1016.92,67.6,-16.02
2025-03-24 18:29:45.483000+00:00,,,,,354.125,-0.312,-1.062,22.79,-83.375,-5.562,-19.5,0.021,0.009,-0.032,-0.22,0.96,9.52,-0.39,0.16,-0.39,-0.1,0.21,9.8,0.09,0.0,0.0,0.0,0.0,7.0,1016.92,67.6,-16.02
2025-03-24 18:29:46.618000+00:00,,,,,354.125,-0.312,-1.062,22.79,-83.375,-5.562,-19.5,0.011,-0.004,-0.017,-0.22,0.96,9.52,-0.39,0.16,-0.39,-0.1,0.21,9.8,0.09,0.0,0.0,0.0,0.0,7.0,1016.92,67.6,-16.02
2025-03-24 18:29:47.584000+00:00,,,,,354.125,-0.312,-1.062,22.79,-83.375,-5.562,-19.5,-0.006,-0.003,-0.019,-0.22,0.96,9.52,-0.39,0.16,-0.39,-0.1,0.21,9.8,0.09,0.0,0.0,0.0,0.0,7.0,1016.92,67.6,-16.02
2025-03-24 18:29:48.604000+00:00,,,,,354.125,-0.312,-1.062,22.79,-83.375,-5.562,-19.5,0.008,-0.011,-0.048,-0.22,0.96,9.52,-0.39,0.16,-0.39,-0.1,0.21,9.8,0.09,0.0,0.0,0.0,0.0,7.0,1016.92,67.6,-16.02
2025-03-24 18:29:49.363000+00:00,,,,,354.125,-0.312,-1.062,22.79,-83.375,-5.562,-19.5,0.002,-0.008,-0.059,-0.22,0.96,9.52,-0.39,0.16,-0.39,-0.1,0.21,9.8,0.09,0.0,0.0,0.0,0.0,7.0,1016.92,67.6,-16.02
2025-03-24 18:29:50.363000+00:00,,,,,354.125,-0.312,-1.062,22.79,-83.375,-5.562,-19.5,-0.001,0.011,0.047,-0.22,0.96,9.52,-0.39,0.16,-0.39,-0.1,0.21,9.8,0.09,0.0,0.0,0.0,0.0,7.0,1016.92,67.6,-16.02
2025-03-24 18:29:51.370000+00:00,,,,,354.125,-0.312,-1.062,22.79,-83.375,-5.562,-19.5,-0.014,-0.006,-0.017,-0.22,0.96,9.52,-0.39,0.16,-0.39,-0.1,0.21,9.8,0.09,0.0,0.0,0.0,0.0,7.0,1016.92,67.6,-16.02
2025-03-24 18:29:52.384000+00:00,,,,,354.125,-0.312,-1.062,22.79,-83.375,-5.562,-19.5,-0.022,-0.009,0.027,-0.22,0.96,9.52,-0.39,0.16,-0.39,-0.1,0.21,9.8,0.09,0.0,0.0,0.0,0.0,7.0,1016.92,67.6,-16.02
2025-03-24 18:29:53.394000+00:00,,,,,354.125,-0.312,-1.062,22.79,-83.375,-5.562,-19.5,0.008,-0.004,-0.014,-0.22,0.96,9.52,-0.39,0.16,-0.39,-0.1,0.21,9.8,0.09,0.0,0.0,0.0,0.0,7.0,1016.92,67.6,-16.02
2025-03-24 18:29:54.410000+00:00,,,,,354.125,-0.312,-1.062,22.79,-83.375,-5.562,-19.5,-0.006,-0.008,-0.021,-0.22,0.96,9.52,-0.39,0.16,-0.39,-0.1,0.21,9.8,0.09,0.0,0.0,0.0,0.0,7.0,1016.92,67.6,-16.02
2025-03-24 18:29:55.430000+00:00,,,,,354.125,-0.312,-1.062,22.79,-83.375,-5.562,-19.5,-0.007,-0.008,0.022,-0.22,0.96,9.52,-0.39,0.16,-0.39,-0.1,0.21,9.8,0.09,0.0,0.0,0.0,0.0,7.0,1016.92,67.6,-16.02
2025-03-24 18:29:56.430000+00:00,,,,,354.125,-0.312,-1.062,22.79,-83.375,-5.562,-19.5,-0.024,-0.007,-0.013,-0.22,0.96,9.52,-0.39,0.16,-0.39,-0.1,0.21,9.8,0.09,0.0,0.0,0.0,0.0,7.0,1016.92,67.6,-16.02
2025-03-24 18:29:57.474000+00:00,,,,,354.125,-0.312,-1.062,22.79,-83.375,-5.562,-19.5,0.012,0.0,0.041,-0.22,0.96,9.52,-0.39,0.16,-0.39,-0.1,0.21,9.8,0.09,0.0,0.0,0.0,0.0,7.0,1016.92,67.6,-16.02
2025-03-24 18:29:58.679000+00:00,,,,,354.125,-0.312,-1.062,22.79,-83.375,-5.562,-19.5,0.013,-0.034,-0.028,-0.22,0.96,9.52,-0.39,0.16,-0.39,-0.1,0.21,9.8,0.09,0.0,0.0,0.0,0.0,7.0,1016.92,67.6,-16.02
2025-03-24 18:29:59.759000+00:00,,,,,354.125,-0.312,-1.062,22.79,-83.375,-5.562,-19.5,0.021,0.008,-0.044,-0.22,0.96,9.52,-0.39,0.16,-0.39,-0.1,0.21,9.8,0.09,0.0,0.0,0.0,0.0,7.0,1016.92,67.6,-16.02
2025-03-24 18:30:00.462000+00:00,,,,,354.125,-0.312,-1.062,22.79,-83.375,-5.562,-19.5,-0.009,-0.008,-0.026,-0.22,0.96,9.52,-0.39,0.16,-0.39,-0.1,0.21,9.8,0.09,0.0,0.0,0.0,0.0,7.0,1016.92,67.6,-16.02
2025-03-24 18:30:01.462000+00:00,,,,,354.125,-0.312,-1.062,22.79,-83.375,-5.562,-19.5,0.002,-0.019,0.007,-0.22,0.96,9.52,-0.39,0.16,-0.39,-0.1,0.21,9.8,0.09,0.0,0.0,0.0,0.0,7.0,1016.92,67.6,-16.02
2025-03-24 18:30:02.494000+00:00,,,,,354.125,-0.312,-1.062,22.79,-83.375,-5.562,-19.5,-0.01,-0.019,-0.028,-0.22,0.96,9.52,-0.39,0.16,-0.39,-0.1,0.21,9.8,0.09,0.0,0.0,0.0,0.0,7.0,1016.92,67.6,-16.02
2025-03-24 18:30:03.494000+00:00,,,,,354.125,-0.312,-1.062,22.79,-83.375,-5.562,-19.5,0.01,-0.003,-0.007,-0.22,0.96,9.52,-0.39,0.16,-0.39,-0.1,0.21,9.8,0.09,0.0,0.0,0.0,0.0,7.0,1016.92,67.6,-16.02
2025-03-24 18:30:04.506000+00:00,,,,,354.125,-0.312,-1.062,22.79,-83.375,-5.562,-19.5,0.008,-0.009,0.044,-0.22,0.96,9.52,-0.39,0.16,-0.39,-0.1,0.21,9.8,0.09,0.0,0.0,0.0,0.0,7.0,1016.92,67.6,-16.02
2025-03-24 18:30:05.546000+00:00,,,,,354.125,-0.312,-1.062,22.79,-83.375,-5.562,-19.5,-0.002,-0.009,0.02,-0.22,0.96,9.52,-0.39,0.16,-0.39,-0.1,0.21,9.8,0.09,0.0,0.0,0.0,0.0,7.0,1016.92,67.6,-16.02
2025-03-24 18:30:06.692000+00:00,,,,,354.125,-0.312,-1.062,22.79,-83.375,-5.562,-19.5,-0.011,0.013,-0.021,-0.22,0.96,9.52,-0.39,0.16,-0.39,-0.1,0.21,9.8,0.09,0.0,0.0,0.0,0.0,7.0,1016.92,67.6,-16.02
2025-03-24 18:30:07.726000+00:00,,,,,354.125,-0.312,-1.062,22.79,-83.375,-5.562,-19.5,0.038,0.011,0.001,-0.22,0.96,9.52,-0.39,0.16,-0.39,-0.1,0.21,9.8,0.09,0.0,0.0,0.0,0.0,7.0,1016.92,67.6,-16.02
2025-03-24 18:30:08.749000+00:00,,,,,354.125,-0.312,-1.062,22.79,-83.375,-5.562,-19.5,0.003,0.006,0.001,-0.22,0.96,9.52,-0.39,0.16,-0.39,-0.1,0.21,9.8,0.09,0.0,0.0,0.0,0.0,7.0,1016.92,67.6,-16.02
2025-03-24 18:30:10.008000+00:00,,,,,354.125,-0.312,-1.062,22.79,-83.375,-5.562,-19.5,-0.026,-0.007,-0.072,-0.22,0.96,9.52,-0.39,0.16,-0.39,-0.1,0.21,9.8,0.09,0.0,0.0,0.0,0.0,7.0,1016.92,67.6,-16.02
2025-03-24 18:30:10.728000+00:00,,,,,354.125,-0.312,-1.062,22.79,-83.375,-5.562,-19.5,0.012,-0.008,0.018,-0.22,0.96,9.52,-0.39,0.16,-0.39,-0.1,0.21,9.8,0.09,0.0,0.0,0.0,0.0,7.0,1016.92,67.6,-16.02
2025-03-24 18:30:11.713000+00:00,,,,,354.125,-0.312,-1.062,22.79,-83.375,-5.562,-19.5,0.009,-0.023,0.063,-0.22,0.96,9.52,-0.39,0.16,-0.39,-0.1,0.21,9.8,0.09,0.0,0.0,0.0,0.0,7.0,1016.92,67.6,-16.02
2025-03-24 18:30:12.718000+00:00,,,,,354.125,-0.312,-1.062,22.79,-83.375,-5.562,-19.5,-0.014,-0.014,-0.038,-0.22,0.96,9.52,-0.39,0.16,-0.39,-0.1,0.21,9.8,0.09,0.0,0.0,0.0,0.0,7.0,1016.92,67.6,-16.02
2025-03-24 18:30:13.728000+00:00,,,,,354.125,-0.312,-1.062,22.79,-83.375,-5.562,-19.5,0.012,0.002,0.106,-0.22,0.96,9.52,-0.39,0.16,-0.39,-0.1,0.21,9.8,0.09,0.0,0.0,0.0,0.0,7.0,1016.92,67.6,-16.02
2025-03-24 18:30:14.728000+00:00,,,,,354.125,-0.312,-1.062,22.79,-83.375,-5.562,-19.5,-0.002,-0.016,-0.013,-0.22,0.96,9.52,-0.39,0.16,-0.39,-0.1,0.21,9.8,0.09,0.0,0.0,0.0,0.0,7.0,1016.92,67.6,-16.02
2025-03-24 18:30:15.721000+00:00,,,,,354.125,-0.312,-1.062,22.79,-83.375,-5.562,-19.5,0.019,-0.01,-0.038,-0.22,0.96,9.52,-0.39,0.16,-0.39,-0.1,0.21,9.8,0.09,0.0,0.0,0.0,0.0,7.0,1016.92,67.6,-16.02
2025-03-24 18:30:16.756000+00:00,,,,,354.125,-0.312,-1.062,22.79,-83.375,-5.562,-19.5,0.009,-0.007,-0.018,-0.22,0.96,9.52,-0.39,0.16,-0.39,-0.1,0.21,9.8,0.09,0.0,0.0,0.0,0.0,7.0,1016.92,67.6,-16.02
2025-03-24 18:30:17.752000+00:00,,,,,354.125,-0.312,-1.062,22.79,-83.375,-5.562,-19.5,-0.013,-0.011,-0.016,-0.22,0.96,9.52,-0.39,0.16,-0.39,-0.1,0.21,9.8,0.09,0.0,0.0,0.0,0.0,7.0,1016.92,67.6,-16.02
2025-03-24 18:30:18.758000+00:00,,,,,354.125,-0.312,-1.062,22.79,-83.375,-5.562,-19.5,0.008,0.008,-0.004,-0.22,0.96,9.52,-0.39,0.16,-0.39,-0.1,0.21,9.8,0.09,0.0,0.0,0.0,0.0,7.0,1016.92,67.6,-16.02
2025-03-24 18:30:19.891000+00:00,,,,,354.125,-0.312,-1.062,22.79,-83.375,-5.562,-19.5,-0.002,-0.001,0.011,-0.22,0.96,9.52,-0.39,0.16,-0.39,-0.1,0.21,9.8,0.09,0.0,0.0,0.0,0.0,7.0,1016.92,67.6,-16.02
2025-03-24 18:30:20.927000+00:00,,,,,354.125,-0.312,-1.062,22.79,-83.375,-5.562,-19.5,-0.01,-0.012,-0.018,-0.22,0.96,9.52,-0.39,0.16,-0.39,-0.1,0.21,9.8,0.09,0.0,0.0,0.0,0.0,7.0,1016.92,67.6,-16.02
2025-03-24 18:30:22.098000+00:00,,,,,354.125,-0.312,-1.062,22.79,-83.375,-5.562,-19.5,-0.001,-0.011,-0.018,-0.22,0.96,9.52,-0.39,0.16,-0.39,-0.1,0.21,9.8,0.09,0.0,0.0,0.0,0.0,7.0,1016.92,67.6,-16.02
2025-03-24 18:30:22.757000+00:00,,,,,354.125,-0.312,-1.062,22.79,-83.375,-5.562,-19.5,0.004,-0.001,0.019,-0.22,0.96,9.52,-0.39,0.16,-0.39,-0.1,0.21,9.8,0.09,0.0,0.0,0.0,0.0,7.0,1016.92,67.6,-16.02
2025-03-24 18:30:23.775000+00:00,,,,,354.125,-0.312,-1.062,22.79,-83.375,-5.562,-19.5,-0.007,0.004,0.026,-0.22,0.96,9.52,-0.39,0.16,-0.39,-0.1,0.21,9.8,0.09,0.0,0.0,0.0,0.0,7.0,1016.92,67.6,-16.02
2025-03-24 18:30:24.750000+00:00,,,,,354.125,-0.312,-1.062,22.79,-83.375,-5.562,-19.5,0.0,0.003,0.029,-0.22,0.96,9.52,-0.39,0.16,-0.39,-0.1,0.21,9.8,0.09,0.0,0.0,0.0,0.0,7.0,1016.92,67.6,-16.02
2025-03-24 18:30:25.750000+00:00,,,,,354.125,-0.312,-1.062,22.79,-83.375,-5.562,-19.5,-0.011,-0.01,0.024,-0.22,0.96,9.52,-0.39,0.16,-0.39,-0.1,0.21,9.8,0.09,0.0,0.0,0.0,0.0,7.0,1016.92,67.6,-16.02
2025-03-24 18:30:26.770000+00:00,,,,,354.125,-0.312,-1.062,22.79,-83.375,-5.562,-19.5,-0.019,-0.023,0.019,-0.22,0.96,9.52,-0.39,0.16,-0.39,-0.1,0.21,9.8,0.09,0.0,0.0,0.0,0.0,7.0,1016.92,67.6,-16.02
2025-03-24 18:30:27.830000+00:00,,,,,354.125,-0.312,-1.062,22.79,-83.375,-5.562,-19.5,0.007,0.014,0.027,-0.22,0.96,9.52,-0.39,0.16,-0.39,-0.1,0.21,9.8,0.09,0.0,0.0,0.0,0.0,7.0,1016.92,67.6,-16.02
2025-03-24 18:30:28.790000+00:00,,,,,354.125,-0.312,-1.062,22.79,-83.375,-5.562,-19.5,0.002,-0.008,-0.02,-0.22,0.96,9.52,-0.39,0.16,-0.39,-0.1,0.21,9.8,0.09,0.0,0.0,0.0,0.0,7.0,1016.92,67.6,-16.02
2025-03-24 18:30:29.880000+00:00,,,,,354.125,-0.312,-1.062,22.79,-83.375,-5.562,-19.5,0.012,-0.006,-0.018,-0.22,0.96,9.52,-0.39,0.16,-0.39,-0.1,0.21,9.8,0.09,0.0,0.0,0.0,0.0,7.0,1016.92,67.6,-16.02
2025-03-24 18:30:31.097000+00:00,,,,,354.125,-0.312,-1.062,22.79,-83.375,-5.562,-19.5,0.02,-0.002,0.057,-0.22,0.96,9.52,-0.39,0.16,-0.39,-0.1,0.21,9.8,0.09,0.0,0.0,0.0,0.0,7.0,1016.92,67.6,-16.02
2025-03-24 18:30:32.003000+00:00,,,,,354.125,-0.312,-1.062,22.79,-83.375,-5.562,-19.5,0.006,-0.009,-0.029,-0.22,0.96,9.52,-0.39,0.16,-0.39,-0.1,0.21,9.8,0.09,0.0,0.0,0.0,0.0,7.0,1016.92,67.6,-16.02
2025-03-24 18:30:33.057000+00:00,,,,,354.125,-0.312,-1.062,22.79,-83.375,-5.562,-19.5,-0.009,0.001,0.02,-0.22,0.96,9.52,-0.39,0.16,-0.39,-0.1,0.21,9.8,0.09,0.0,0.0,0.0,0.0,7.0,1016.92,67.6,-16.02
2025-03-24 18:30:34.136000+00:00,,,,,354.125,-0.312,-1.062,22.79,-83.375,-5.562,-19.5,-0.014,-0.004,0.054,-0.22,0.96,9.52,-0.39,0.16,-0.39,-0.1,0.21,9.8,0.09,0.0,0.0,0.0,0.0,7.0,1016.92,67.6,-16.02
2025-03-24 18:30:34.831000+00:00,,,,,354.125,-0.312,-1.062,22.79,-83.375,-5.562,-19.5,-0.026,-0.01,-0.038,-0.22,0.96,9.52,-0.39,0.16,-0.39,-0.1,0.21,9.8,0.09,0.0,0.0,0.0,0.0,7.0,1016.92,67.6,-16.02
2025-03-24 18:30:35.829000+00:00,,,,,354.125,-0.312,-1.062,22.79,-83.375,-5.562,-19.5,-0.019,0.003,0.004,-0.22,0.96,9.52,-0.39,0.16,-0.39,-0.1,0.21,9.8,0.09,0.0,0.0,0.0,0.0,7.0,1016.92,67.6,-16.02
2025-03-24 18:30:36.829000+00:00,,,,,354.125,-0.312,-1.062,22.79,-83.375,-5.562,-19.5,0.013,0.003,0.002,-0.22,0.96,9.52,-0.39,0.16,-0.39,-0.1,0.21,9.8,0.09,0.0,0.0,0.0,0.0,7.0,1016.92,67.6,-16.02
2025-03-24 18:30:37.849000+00:00,,,,,354.125,-0.312,-1.062,22.79,-83.375,-5.562,-19.5,0.012,0.008,-0.009,-0.22,0.96,9.52,-0.39,0.16,-0.39,-0.1,0.21,9.8,0.09,0.0,0.0,0.0,0.0,7.0,1016.92,67.6,-16.02
2025-03-24 18:30:38.870000+00:00,,,,,354.125,-0.312,-1.062,22.79,-83.375,-5.562,-19.5,0.012,-0.006,-0.004,-0.22,0.96,9.52,-0.39,0.16,-0.39,-0.1,0.21,9.8,0.09,0.0,0.0,0.0,0.0,7.0,1016.92,67.6,-16.02
2025-03-24 18:29:40.324000+00:00,,,,,354.125,-0.312,-1.062,22.79,-83.375,-5.562,-19.5,0.012,-0.006,-0.004,-0.22,0.96,9.52,-0.39,0.16,-0.39,-0.1,0.21,9.8,0.09,0.0,0.0,0.0,0.0,7.0,1016.92,67.6,-16.02
2025-03-24 18:29:41.323000+00:00,,,,,354.125,-0.312,-1.062,22.79,-83.375,-5.562,-19.5,0.012,-0.006,-0.004,-0.15,0.22,9.55,-0.39,0.16,-0.39,-0.1,0.21,9.8,0.09,0.0,0.0,0.0,0.0,7.0,1016.92,67.6,-16.02
2025-03-24 18:29:42.323000+00:00,,,,,354.125,-0.312,-1.062,22.79,-83.375,-5.562,-19.5,0.012,-0.006,-0.004,-0.25,0.63,9.37,-0.39,0.16,-0.39,-0.1,0.21,9.8,0.09,0.0,0.0,0.0,0.0,7.0,1016.92,67.6,-16.02
2025-03-24 18:29:43.441000+00:00,,,,,354.125,-0.312,-1.062,22.79,-83.375,-5.562,-19.5,0.012,-0.006,-0.004,-0.83,-0.04,9.28,-0.39,0.16,-0.39,-0.1,0.21,9.8,0.09,0.0,0.0,0.0,0.0,7.0,1016.92,67.6,-16.02
2025-03-24 18:29:44.380000+00:00,,,,,354.125,-0.312,-1.062,22.79,-83.375,-5.562,-19.5,0.012,-0.006,-0.004,-0.43,-0.05,9.5,-0.39,0.16,-0.39,-0.1,0.21,9.8,0.09,0.0,0.0,0.0,0.0,7.0,1016.92,67.6,-16.02
2025-03-24 18:29:45.535000+00:00,,,,,354.125,-0.312,-1.062,22.79,-83.375,-5.562,-19.5,0.012,-0.006,-0.004,-0.13,0.49,9.3,-0.39,0.16,-0.39,-0.1,0.21,9.8,0.09,0.0,0.0,0.0,0.0,7.0,1016.92,67.6,-16.02
2025-03-24 18:29:46.670000+00:00,,,,,354.125,-0.312,-1.062,22.79,-83.375,-5.562,-19.5,0.012,-0.006,-0.004,-0.04,0.12,9.45,-0.39,0.16,-0.39,-0.1,0.21,9.8,0.09,0.0,0.0,0.0,0.0,7.0,1016.92,67.6,-16.02
2025-03-24 18:29:47.633000+00:00,,,,,354.125,-0.312,-1.062,22.79,-83.375,-5.562,-19.5,0.012,-0.006,-0.004,-0.52,0.52,9.57,-0.39,0.16,-0.39,-0.1,0.21,9.8,0.09,0.0,0.0,0.0,0.0,7.0,1016.92,67.6,-16.02
2025-03-24 18:29:48.654000+00:00,,,,,354.125,-0.312,-1.062,22.79,-83.375,-5.562,-19.5,0.012,-0.006,-0.004,-0.29,0.41,9.34,-0.39,0.16,-0.39,-0.1,0.21,9.8,0.09,0.0,0.0,0.0,0.0,7.0,1016.92,67.6,-16.02
2025-03-24 18:29:49.414000+00:00,,,,,354.125,-0.312,-1.062,22.79,-83.375,-5.562,-19.5,0.012,-0.006,-0.004,0.12,0.32,9.4,-0.39,0.16,-0.39,-0.1,0.21,9.8,0.09,0.0,0.0,0.0,0.0,7.0,1016.92,67.6,-16.02
2025-03-24 18:29:50.420000+00:00,,,,,354.125,-0.312,-1.062,22.79,-83.375,-5.562,-19.5,0.012,-0.006,-0.004,-0.33,0.16,9.45,-0.39,0.16,-0.39,-0.1,0.21,9.8,0.09,0.0,0.0,0.0,0.0,7.0,1016.92,67.6,-16.02
2025-03-24 18:29:51.428000+00:00,,,,,354.125,-0.312,-1.062,22.79,-83.375,-5.562,-19.5,0.012,-0.006,-0.004,0.01,-0.17,9.38,-0.39,0.16,-0.39,-0.1,0.21,9.8,0.09,0.0,0.0,0.0,0.0,7.0,1016.92,67.6,-16.02
2025-03-24 18:29:52.433000+00:00,,,,,354.125,-0.312,-1.062,22.79,-83.375,-5.562,-19.5,0.012,-0.006,-0.004,-0.56,-0.23,9.27,-0.39,0.16,-0.39,-0.1,0.21,9.8,0.09,0.0,0.0,0.0,0.0,7.0,1016.92,67.6,-16.02
2025-03-24 18:29:53.450000+00:00,,,,,354.125,-0.312,-1.062,22.79,-83.375,-5.562,-19.5,0.012,-0.006,-0.004,-0.44,0.3,9.36,-0.39,0.16,-0.39,-0.1,0.21,9.8,0.09,0.0,0.0,0.0,0.0,7.0,1016.92,67.6,-16.02
2025-03-24 18:29:54.471000+00:00,,,,,354.125,-0.312,-1.062,22.79,-83.375,-5.562,-19.5,0.012,-0.006,-0.004,-0.12,0.67,9.31,-0.39,0.16,-0.39,-0.1,0.21,9.8,0.09,0.0,0.0,0.0,0.0,7.0,1016.92,67.6,-16.02
2025-03-24 18:29:55.490000+00:00,,,,,354.125,-0.312,-1.062,22.79,-83.375,-5.562,-19.5,0.012,-0.006,-0.004,-0.61,0.32,9.4,-0.39,0.16,-0.39,-0.1,0.21,9.8,0.09,0.0,0.0,0.0,0.0,7.0,1016.92,67.6,-16.02
2025-03-24 18:29:56.490000+00:00,,,,,354.125,-0.312,-1.062,22.79,-83.375,-5.562,-19.5,0.012,-0.006,-0.004,-0.95,0.52,9.66,-0.39,0.16,-0.39,-0.1,0.21,9.8,0.09,0.0,0.0,0.0,0.0,7.0,1016.92,67.6,-16.02
2025-03-24 18:29:57.526000+00:00,,,,,354.125,-0.312,-1.062,22.79,-83.375,-5.562,-19.5,0.012,-0.006,-0.004,0.04,0.06,9.63,-0.39,0.16,-0.39,-0.1,0.21,9.8,0.09,0.0,0.0,0.0,0.0,7.0,1016.92,67.6,-16.02
2025-03-24 18:29:58.739000+00:00,,,,,354.125,-0.312,-1.062,22.79,-83.375,-5.562,-19.5,0.012,-0.006,-0.004,0.02,0.76,9.39,-0.39,0.16,-0.39,-0.1,0.21,9.8,0.09,0.0,0.0,0.0,0.0,7.0,1016.92,67.6,-16.02
2025-03-24 18:29:59.819000+00:00,,,,,354.125,-0.312,-1.062,22.79,-83.375,-5.562,-19.5,0.012,-0.006,-0.004,-0.35,0.37,9.34,-0.39,0.16,-0.39,-0.1,0.21,9.8,0.09,0.0,0.0,0.0,0.0,7.0,1016.92,67.6,-16.02
2025-03-24 18:30:00.512000+00:00,,,,,354.125,-0.312,-1.062,22.79,-83.375,-5.562,-19.5,0.012,-0.006,-0.004,-0.54,-0.59,9.44,-0.39,0.16,-0.39,-0.1,0.21,9.8,0.09,0.0,0.0,0.0,0.0,7.0,1016.92,67.6,-16.02
2025-03-24 18:30:01.512000+00:00,,,,,354.125,-0.312,-1.062,22.79,-83.375,-5.562,-19.5,0.012,-0.006,-0.004,-0.24,0.88,9.61,-0.39,0.16,-0.39,-0.1,0.21,9.8,0.09,0.0,0.0,0.0,0.0,7.0,1016.92,67.6,-16.02
2025-03-24 18:30:02.543000+00:00,,,,,354.125,-0.312,-1.062,22.79,-83.375,-5.562,-19.5,0.012,-0.006,-0.004,0.14,0.58,9.23,-0.39,0.16,-0.39,-0.1,0.21,9.8,0.09,0.0,0.0,0.0,0.0,7.0,1016.92,67.6,-16.02
2025-03-24 18:30:03.546000+00:00,,,,,354.125,-0.312,-1.062,22.79,-83.375,-5.562,-19.5,0.012,-0.006,-0.004,-0.22,-0.03,9.44,-0.39,0.16,-0.39,-0.1,0.21,9.8,0.09,0.0,0.0,0.0,0.0,7.0,1016.92,67.6,-16.02
2025-03-24 18:30:04.559000+00:00,,,,,354.125,-0.312,-1.062,22.79,-83.375,-5.562,-19.5,0.012,-0.006,-0.004,-0.08,0.32,9.64,-0.39,0.16,-0.39,-0.1,0.21,9.8,0.09,0.0,0.0,0.0,0.0,7.0,1016.92,67.6,-16.02
2025-03-24 18:30:05.596000+00:00,,,,,354.125,-0.312,-1.062,22.79,-83.375,-5.562,-19.5,0.012,-0.006,-0.004,-0.53,0.17,9.51,-0.39,0.16,-0.39,-0.1,0.21,9.8,0.09,0.0,0.0,0.0,0.0,7.0,1016.92,67.6,-16.02
2025-03-24 18:30:06.742000+00:00,,,,,354.125,-0.312,-1.062,22.79,-83.375,-5.562,-19.5,0.012,-0.006,-0.004,-0.08,0.09,9.39,-0.39,0.16,-0.39,-0.1,0.21,9.8,0.09,0.0,0.0,0.0,0.0,7.0,1016.92,67.6,-16.02
2025-03-24 18:30:07.779000+00:00,,,,,354.125,-0.312,-1.062,22.79,-83.375,-5.562,-19.5,0.012,-0.006,-0.004,0.21,0.85,9.54,-0.39,0.16,-0.39,-0.1,0.21,9.8,0.09,0.0,0.0,0.0,0.0,7.0,1016.92,67.6,-16.02
2025-03-24 18:30:08.807000+00:00,,,,,354.125,-0.312,-1.062,22.79,-83.375,-5.562,-19.5,0.012,-0.006,-0.004,-0.05,0.01,9.33,-0.39,0.16,-0.39,-0.1,0.21,9.8,0.09,0.0,0.0,0.0,0.0,7.0,1016.92,67.6,-16.02
2025-03-24 18:30:10.069000+00:00,,,,,354.125,-0.312,-1.062,22.79,-83.375,-5.562,-19.5,0.012,-0.006,-0.004,-0.69,0.25,9.31,-0.39,0.16,-0.39,-0.1,0.21,9.8,0.09,0.0,0.0,0.0,0.0,7.0,1016.92,67.6,-16.02
2025-03-24 18:30:10.789000+00:00,,,,,354.125,-0.312,-1.062,22.79,-83.375,-5.562,-19.5,0.012,-0.006,-0.004,0.12,0.26,9.38,-0.39,0.16,-0.39,-0.1,0.21,9.8,0.09,0.0,0.0,0.0,0.0,7.0,1016.92,67.6,-16.02
2025-03-24 18:30:11.762000+00:00,,,,,354.125,-0.312,-1.062,22.79,-83.375,-5.562,-19.5,0.012,-0.006,-0.004,0.22,1.01,9.5,-0.39,0.16,-0.39,-0.1,0.21,9.8,0.09,0.0,0.0,0.0,0.0,7.0,1016.92,67.6,-16.02
2025-03-24 18:30:12.778000+00:00,,,,,354.125,-0.312,-1.062,22.79,-83.375,-5.562,-19.5,0.012,-0.006,-0.004,-0.6,0.2,9.6,-0.39,0.16,-0.39,-0.1,0.21,9.8,0.09,0.0,0.0,0.0,0.0,7.0,1016.92,67.6,-16.02
2025-03-24 18:30:13.781000+00:00,,,,,354.125,-0.312,-1.062,22.79,-83.375,-5.562,-19.5,0.012,-0.006,-0.004,-0.1,0.23,9.4,-0.39,0.16,-0.39,-0.1,0.21,9.8,0.09,0.0,0.0,0.0,0.0,7.0,1016.92,67.6,-16.02
2025-03-24 18:30:14.786000+00:00,,,,,354.125,-0.312,-1.062,22.79,-83.375,-5.562,-19.5,0.012,-0.006,-0.004,-0.1,0.37,9.3,-0.39,0.16,-0.39,-0.1,0.21,9.8,0.09,0.0,0.0,0.0,0.0,7.0,1016.92,67.6,-16.02
2025-03-24 18:30:15.771000+00:00,,,,,354.125,-0.312,-1.062,22.79,-83.375,-5.562,-19.5,0.012,-0.006,-0.004,-0.58,0.82,9.5,-0.39,0.16,-0.39,-0.1,0.21,9.8,0.09,0.0,0.0,0.0,0.0,7.0,1016.92,67.6,-16.02
2025-03-24 18:30:16.808000+00:00,,,,,354.125,-0.312,-1.062,22.79,-83.375,-5.562,-19.5,0.012,-0.006,-0.004,-0.24,-0.23,9.4,-0.39,0.16,-0.39,-0.1,0.21,9.8,0.09,0.0,0.0,0.0,0.0,7.0,1016.92,67.6,-16.02
2025-03-24 18:30:17.807000+00:00,,,,,354.125,-0.312,-1.062,22.79,-83.375,-5.562,-19.5,0.012,-0.006,-0.004,-0.2,0.59,9.4,-0.39,0.16,-0.39,-0.1,0.21,9.8,0.09,0.0,0.0,0.0,0.0,7.0,1016.92,67.6,-16.02
2025-03-24 18:30:18.812000+00:00,,,,,354.125,-0.312,-1.062,22.79,-83.375,-5.562,-19.5,0.012,-0.006,-0.004,-0.21,0.49,9.55,-0.39,0.16,-0.39,-0.1,0.21,9.8,0.09,0.0,0.0,0.0,0.0,7.0,1016.92,67.6,-16.02
2025-03-24 18:30:19.942000+00:00,,,,,354.125,-0.312,-1.062,22.79,-83.375,-5.562,-19.5,0.012,-0.006,-0.004,-0.11,0.54,9.45,-0.39,0.16,-0.39,-0.1,0.21,9.8,0.09,0.0,0.0,0.0,0.0,7.0,1016.92,67.6,-16.02
2025-03-24 18:30:20.985000+00:00,,,,,354.125,-0.312,-1.062,22.79,-83.375,-5.562,-19.5,0.012,-0.006,-0.004,0.05,0.38,9.34,-0.39,0.16,-0.39,-0.1,0.21,9.8,0.09,0.0,0.0,0.0,0.0,7.0,1016.92,67.6,-16.02
2025-03-24 18:30:22.160000+00:00,,,,,354.125,-0.312,-1.062,22.79,-83.375,-5.562,-19.5,0.012,-0.006,-0.004,-0.47,0.21,9.47,-0.39,0.16,-0.39,-0.1,0.21,9.8,0.09,0.0,0.0,0.0,0.0,7.0,1016.92,67.6,-16.02
2025-03-24 18:30:22.816000+00:00,,,,,354.125,-0.312,-1.062,22.79,-83.375,-5.562,-19.5,0.012,-0.006,-0.004,-0.21,0.37,9.4,-0.39,0.16,-0.39,-0.1,0.21,9.8,0.09,0.0,0.0,0.0,0.0,7.0,1016.92,67.6,-16.02
2025-03-24 18:30:23.820000+00:00,,,,,354.125,-0.312,-1.062,22.79,-83.375,-5.562,-19.5,0.012,-0.006,-0.004,0.23,0.67,9.39,-0.39,0.16,-0.39,-0.1,0.21,9.8,0.09,0.0,0.0,0.0,0.0,7.0,1016.92,67.6,-16.02
2025-03-24 18:30:24.807000+00:00,,,,,354.125,-0.312,-1.062,22.79,-83.375,-5.562,-19.5,0.012,-0.006,-0.004,-0.53,0.25,9.42,-0.39,0.16,-0.39,-0.1,0.21,9.8,0.09,0.0,0.0,0.0,0.0,7.0,1016.92,67.6,-16.02
2025-03-24 18:30:25.807000+00:00,,,,,354.125,-0.312,-1.062,22.79,-83.375,-5.562,-19.5,0.012,-0.006,-0.004,-0.57,0.45,9.52,-0.39,0.16,-0.39,-0.1,0.21,9.8,0.09,0.0,0.0,0.0,0.0,7.0,1016.92,67.6,-16.02
2025-03-24 18:30:26.820000+00:00,,,,,354.125,-0.312,-1.062,22.79,-83.375,-5.562,-19.5,0.012,-0.006,-0.004,-0.29,0.26,9.37,-0.39,0.16,-0.39,-0.1,0.21,9.8,0.09,0.0,0.0,0.0,0.0,7.0,1016.92,67.6,-16.02
2025-03-24 18:30:27.886000+00:00,,,,,354.125,-0.312,-1.062,22.79,-83.375,-5.562,-19.5,0.012,-0.006,-0.004,-0.21,0.29,9.33,-0.39,0.16,-0.39,-0.1,0.21,9.8,0.09,0.0,0.0,0.0,0.0,7.0,1016.92,67.6,-16.02
2025-03-24 18:30:28.856000+00:00,,,,,354.125,-0.312,-1.062,22.79,-83.375,-5.562,-19.5,0.012,-0.006,-0.004,0.09,-0.71,9.46,-0.39,0.16,-0.39,-0.1,0.21,9.8,0.09,0.0,0.0,0.0,0.0,7.0,1016.92,67.6,-16.02
2025-03-24 18:30:29.936000+00:00,,,,,354.125,-0.312,-1.062,22.79,-83.375,-5.562,-19.5,0.012,-0.006,-0.004,-0.31,0.28,9.39,-0.39,0.16,-0.39,-0.1,0.21,9.8,0.09,0.0,0.0,0.0,0.0,7.0,1016.92,67.6,-16.02
2025-03-24 18:30:31.157000+00:00,,,,,354.125,-0.312,-1.062,22.79,-83.375,-5.562,-19.5,0.012,-0.006,-0.004,0.09,0.45,9.61,-0.39,0.16,-0.39,-0.1,0.21,9.8,0.09,0.0,0.0,0.0,0.0,7.0,1016.92,67.6,-16.02
2025-03-24 18:30:32.050000+00:00,,,,,354.125,-0.312,-1.062,22.79,-83.375,-5.562,-19.5,0.012,-0.006,-0.004,-0.45,0.57,9.26,-0.39,0.16,-0.39,-0.1,0.21,9.8,0.09,0.0,0.0,0.0,0.0,7.0,1016.92,67.6,-16.02
2025-03-24 18:30:33.109000+00:00,,,,,354.125,-0.312,-1.062,22.79,-83.375,-5.562,-19.5,0.012,-0.006,-0.004,-0.11,-0.11,9.34,-0.39,0.16,-0.39,-0.1,0.21,9.8,0.09,0.0,0.0,0.0,0.0,7.0,1016.92,67.6,-16.02
2025-03-24 18:30:34.196000+00:00,,,,,354.125,-0.312,-1.062,22.79,-83.375,-5.562,-19.5,0.012,-0.006,-0.004,0.0,-0.16,9.16,-0.39,0.16,-0.39,-0.1,0.21,9.8,0.09,0.0,0.0,0.0,0.0,7.0,1016.92,67.6,-16.02
2025-03-24 18:30:34.880000+00:00,,,,,354.125,-0.312,-1.062,22.79,-83.375,-5.562,-19.5,0.012,-0.006,-0.004,-0.1,-0.01,9.57,-0.39,0.16,-0.39,-0.1,0.21,9.8,0.09,0.0,0.0,0.0,0.0,7.0,1016.92,67.6,-16.02
2025-03-24 18:30:35.886000+00:00,,,,,354.125,-0.312,-1.062,22.79,-83.375,-5.562,-19.5,0.012,-0.006,-0.004,-0.44,-0.02,9.52,-0.39,0.16,-0.39,-0.1,0.21,9.8,0.09,0.0,0.0,0.0,0.0,7.0,1016.92,67.6,-16.02
2025-03-24 18:30:36.879000+00:00,,,,,354.125,-0.312,-1.062,22.79,-83.375,-5.562,-19.5,0.012,-0.006,-0.004,-0.12,0.45,9.35,-0.39,0.16,-0.39,-0.1,0.21,9.8,0.09,0.0,0.0,0.0,0.0,7.0,1016.92,67.6,-16.02
2025-03-24 18:30:37.899000+00:00,,,,,354.125,-0.312,-1.062,22.79,-83.375,-5.562,-19.5,0.012,-0.006,-0.004,-0.1,0.42,9.4,-0.39,0.16,-0.39,-0.1,0.21,9.8,0.09,0.0,0.0,0.0,0.0,7.0,1016.92,67.6,-16.02
2025-03-24 18:30:38.929000+00:00,,,,,354.125,-0.312,-1.062,22.79,-83.375,-5.562,-19.5,0.012,-0.006,-0.004,-0.37,0.23,9.64,-0.39,0.16,-0.39,-0.1,0.21,9.8,0.09,0.0,0.0,0.0,0.0,7.0,1016.92,67.6,-16.02
2025-03-24 18:29:40.379000+00:00,,,,,354.125,-0.312,-1.062,22.79,-83.375,-5.562,-19.5,0.012,-0.006,-0.004,-0.37,0.23,9.64,-0.39,0.16,-0.39,-0.1,0.21,9.8,0.09,0.0,0.0,0.0,0.0,7.0,1016.92,67.6,-16.02
2025-03-24 18:29:41.374000+00:00,,,,,354.125,-0.312,-1.062,22.79,-83.375,-5.562,-19.5,0.012,-0.006,-0.004,-0.37,0.23,9.64,0.15,0.18,-0.42,-0.1,0.21,9.8,0.09,0.0,0.0,0.0,0.0,7.0,1016.92,67.6,-16.02
2025-03-24 18:29:42.374000+00:00,,,,,354.125,-0.312,-1.062,22.79,-83.375,-5.562,-19.5,0.012,-0.006,-0.004,-0.37,0.23,9.64,-0.15,0.39,-0.42,-0.1,0.21,9.8,0.09,0.0,0.0,0.0,0.0,7.0,1016.92,67.6,-16.02
2025-03-24 18:29:43.501000+00:00,,,,,354.125,-0.312,-1.062,22.79,-83.375,-5.562,-19.5,0.012,-0.006,-0.004,-0.37,0.23,9.64,-0.72,-0.28,-0.51,-0.1,0.21,9.8,0.09,0.0,0.0,0.0,0.0,7.0,1016.92,67.6,-16.02
2025-03-24 18:29:44.440000+00:00,,,,,354.125,-0.312,-1.062,22.79,-83.375,-5.562,-19.5,0.012,-0.006,-0.004,-0.37,0.23,9.64,-0.34,-0.29,-0.29,-0.1,0.21,9.8,0.09,0.0,0.0,0.0,0.0,7.0,1016.92,67.6,-16.02
2025-03-24 18:29:45.584000+00:00,,,,,354.125,-0.312,-1.062,22.79,-83.375,-5.562,-19.5,0.012,-0.006,-0.004,-0.37,0.23,9.64,-0.03,0.27,-0.49,-0.1,0.21,9.8,0.09,0.0,0.0,0.0,0.0,7.0,1016.92,67.6,-16.02
2025-03-24 18:29:46.727000+00:00,,,,,354.125,-0.312,-1.062,22.79,-83.375,-5.562,-19.5,0.012,-0.006,-0.004,-0.37,0.23,9.64,0.04,-0.07,-0.35,-0.1,0.21,9.8,0.09,0.0,0.0,0.0,0.0,7.0,1016.92,67.6,-16.02
2025-03-24 18:29:47.685000+00:00,,,,,354.125,-0.312,-1.062,22.79,-83.375,-5.562,-19.5,0.012,-0.006,-0.004,-0.37,0.23,9.64,-0.41,0.29,-0.22,-0.1,0.21,9.8,0.09,0.0,0.0,0.0,0.0,7.0,1016.92,67.6,-16.02
2025-03-24 18:29:48.705000+00:00,,,,,354.125,-0.312,-1.062,22.79,-83.375,-5.562,-19.5,0.012,-0.006,-0.004,-0.37,0.23,9.64,-0.21,0.19,-0.45,-0.1,0.21,9.8,0.09,0.0,0.0,0.0,0.0,7.0,1016.92,67.6,-16.02
2025-03-24 18:29:49.462000+00:00,,,,,354.125,-0.312,-1.062,22.79,-83.375,-5.562,-19.5,0.012,-0.006,-0.004,-0.37,0.23,9.64,0.22,0.12,-0.39,-0.1,0.21,9.8,0.09,0.0,0.0,0.0,0.0,7.0,1016.92,67.6,-16.02
2025-03-24 18:29:50.473000+00:00,,,,,354.125,-0.312,-1.062,22.79,-83.375,-5.562,-19.5,0.012,-0.006,-0.004,-0.37,0.23,9.64,-0.24,-0.02,-0.35,-0.1,0.21,9.8,0.09,0.0,0.0,0.0,0.0,7.0,1016.92,67.6,-16.02
2025-03-24 18:29:51.480000+00:00,,,,,354.125,-0.312,-1.062,22.79,-83.375,-5.562,-19.5,0.012,-0.006,-0.004,-0.37,0.23,9.64,0.11,-0.36,-0.41,-0.1,0.21,9.8,0.09,0.0,0.0,0.0,0.0,7.0,1016.92,67.6,-16.02
2025-03-24 18:29:52.485000+00:00,,,,,354.125,-0.312,-1.062,22.79,-83.375,-5.562,-19.5,0.012,-0.006,-0.004,-0.37,0.23,9.64,-0.45,-0.43,-0.52,-0.1,0.21,9.8,0.09,0.0,0.0,0.0,0.0,7.0,1016.92,67.6,-16.02
2025-03-24 18:29:53.508000+00:00,,,,,354.125,-0.312,-1.062,22.79,-83.375,-5.562,-19.5,0.012,-0.006,-0.004,-0.37,0.23,9.64,-0.34,0.11,-0.44,-0.1,0.21,9.8,0.09,0.0,0.0,0.0,0.0,7.0,1016.92,67.6,-16.02
2025-03-24 18:29:54.525000+00:00,,,,,354.125,-0.312,-1.062,22.79,-83.375,-5.562,-19.5,0.012,-0.006,-0.004,-0.37,0.23,9.64,-0.04,0.49,-0.48,-0.1,0.21,9.8,0.09,0.0,0.0,0.0,0.0,7.0,1016.92,67.6,-16.02
2025-03-24 18:29:55.549000+00:00,,,,,354.125,-0.312,-1.062,22.79,-83.375,-5.562,-19.5,0.012,-0.006,-0.004,-0.37,0.23,9.64,-0.54,0.15,-0.39,-0.1,0.21,9.8,0.09,0.0,0.0,0.0,0.0,7.0,1016.92,67.6,-16.02
2025-03-24 18:29:56.549000+00:00,,,,,354.125,-0.312,-1.062,22.79,-83.375,-5.562,-19.5,0.012,-0.006,-0.004,-0.37,0.23,9.64,-0.89,0.34,-0.14,-0.1,0.21,9.8,0.09,0.0,0.0,0.0,0.0,7.0,1016.92,67.6,-16.02
2025-03-24 18:29:57.578000+00:00,,,,,354.125,-0.312,-1.062,22.79,-83.375,-5.562,-19.5,0.012,-0.006,-0.004,-0.37,0.23,9.64,0.09,-0.09,-0.17,-0.1,0.21,9.8,0.09,0.0,0.0,0.0,0.0,7.0,1016.92,67.6,-16.02
2025-03-24 18:29:58.799000+00:00,,,,,354.125,-0.312,-1.062,22.79,-83.375,-5.562,-19.5,0.012,-0.006,-0.004,-0.37,0.23,9.64,0.04,0.6,-0.41,-0.1,0.21,9.8,0.09,0.0,0.0,0.0,0.0,7.0,1016.92,67.6,-16.02
2025-03-24 18:29:59.938000+00:00,,,,,354.125,-0.312,-1.062,22.79,-83.375,-5.562,-19.5,0.012,-0.006,-0.004,-0.37,0.23,9.64,-0.33,0.21,-0.45,-0.1,0.21,9.8,0.09,0.0,0.0,0.0,0.0,7.0,1016.92,67.6,-16.02
2025-03-24 18:30:00.569000+00:00,,,,,354.125,-0.312,-1.062,22.79,-83.375,-5.562,-19.5,0.012,-0.006,-0.004,-0.37,0.23,9.64,-0.51,-0.76,-0.35,-0.1,0.21,9.8,0.09,0.0,0.0,0.0,0.0,7.0,1016.92,67.6,-16.02
2025-03-24 18:30:01.562000+00:00,,,,,354.125,-0.312,-1.062,22.79,-83.375,-5.562,-19.5,0.012,-0.006,-0.004,-0.37,0.23,9.64,-0.23,0.72,-0.19,-0.1,0.21,9.8,0.09,0.0,0.0,0.0,0.0,7.0,1016.92,67.6,-16.02
2025-03-24 18:30:02.599000+00:00,,,,,354.125,-0.312,-1.062,22.79,-83.375,-5.562,-19.5,0.012,-0.006,-0.004,-0.37,0.23,9.64,0.16,0.43,-0.57,-0.1,0.21,9.8,0.09,0.0,0.0,0.0,0.0,7.0,1016.92,67.6,-16.02
2025-03-24 18:30:03.594000+00:00,,,,,354.125,-0.312,-1.062,22.79,-83.375,-5.562,-19.5,0.012,-0.006,-0.004,-0.37,0.23,9.64,-0.21,-0.19,-0.35,-0.1,0.21,9.8,0.09,0.0,0.0,0.0,0.0,7.0,1016.92,67.6,-16.02
2025-03-24 18:30:04.613000+00:00,,,,,354.125,-0.312,-1.062,22.79,-83.375,-5.562,-19.5,0.012,-0.006,-0.004,-0.37,0.23,9.64,-0.05,0.14,-0.16,-0.1,0.21,9.8,0.09,0.0,0.0,0.0,0.0,7.0,1016.92,67.6,-16.02
2025-03-24 18:30:05.802000+00:00,,,,,354.125,-0.312,-1.062,22.79,-83.375,-5.562,-19.5,0.012,-0.006,-0.004,-0.37,0.23,9.64,-0.5,-0.01,-0.28,-0.1,0.21,9.8,0.09,0.0,0.0,0.0,0.0,7.0,1016.92,67.6,-16.02
2025-03-24 18:30:06.793000+00:00,,,,,354.125,-0.312,-1.062,22.79,-83.375,-5.562,-19.5,0.012,-0.006,-0.004,-0.37,0.23,9.64,-0.06,-0.09,-0.4,-0.1,0.21,9.8,0.09,0.0,0.0,0.0,0.0,7.0,1016.92,67.6,-16.02
2025-03-24 18:30:07.832000+00:00,,,,,354.125,-0.312,-1.062,22.79,-83.375,-5.562,-19.5,0.012,-0.006,-0.004,-0.37,0.23,9.64,0.25,0.66,-0.25,-0.1,0.21,9.8,0.09,0.0,0.0,0.0,0.0,7.0,1016.92,67.6,-16.02
2025-03-24 18:30:08.854000+00:00,,,,,354.125,-0.312,-1.062,22.79,-83.375,-5.562,-19.5,0.012,-0.006,-0.004,-0.37,0.23,9.64,0.02,-0.19,-0.47,-0.1,0.21,9.8,0.09,0.0,0.0,0.0,0.0,7.0,1016.92,67.6,-16.02
2025-03-24 18:30:10.123000+00:00,,,,,354.125,-0.312,-1.062,22.79,-83.375,-5.562,-19.5,0.012,-0.006,-0.004,-0.37,0.23,9.64,-0.62,0.04,-0.48,-0.1,0.21,9.8,0.09,0.0,0.0,0.0,0.0,7.0,1016.92,67.6,-16.02
2025-03-24 18:30:10.843000+00:00,,,,,354.125,-0.312,-1.062,22.79,-83.375,-5.562,-19.5,0.012,-0.006,-0.004,-0.37,0.23,9.64,0.18,0.06,-0.41,-0.1,0.21,9.8,0.09,0.0,0.0,0.0,0.0,7.0,1016.92,67.6,-16.02
2025-03-24 18:30:11.812000+00:00,,,,,354.125,-0.312,-1.062,22.79,-83.375,-5.562,-19.5,0.012,-0.006,-0.004,-0.37,0.23,9.64,0.27,0.82,-0.29,-0.1,0.21,9.8,0.09,0.0,0.0,0.0,0.0,7.0,1016.92,67.6,-16.02
2025-03-24 18:30:12.831000+00:00,,,,,354.125,-0.312,-1.062,22.79,-83.375,-5.562,-19.5,0.012,-0.006,-0.004,-0.37,0.23,9.64,-0.55,0.02,-0.19,-0.1,0.21,9.8,0.09,0.0,0.0,0.0,0.0,7.0,1016.92,67.6,-16.02
2025-03-24 18:30:13.831000+00:00,,,,,354.125,-0.312,-1.062,22.79,-83.375,-5.562,-19.5,0.012,-0.006,-0.004,-0.37,0.23,9.64,-0.07,0.05,-0.4,-0.1,0.21,9.8,0.09,0.0,0.0,0.0,0.0,7.0,1016.92,67.6,-16.02
2025-03-24 18:30:14.838000+00:00,,,,,354.125,-0.312,-1.062,22.79,-83.375,-5.562,-19.5,0.012,-0.006,-0.004,-0.37,0.23,9.64,-0.04,0.17,-0.5,-0.1,0.21,9.8,0.09,0.0,0.0,0.0,0.0,7.0,1016.92,67.6,-16.02
2025-03-24 18:30:15.821000+00:00,,,,,354.125,-0.312,-1.062,22.79,-83.375,-5.562,-19.5,0.012,-0.006,-0.004,-0.37,0.23,9.64,-0.08,0.21,-0.4,-0.1,0.21,9.8,0.09,0.0,0.0,0.0,0.0,7.0,1016.92,67.6,-16.02
2025-03-24 18:30:16.862000+00:00,,,,,354.125,-0.312,-1.062,22.79,-83.375,-5.562,-19.5,0.012,-0.006,-0.004,-0.37,0.23,9.64,-0.2,-0.41,-0.4,-0.1,0.21,9.8,0.09,0.0,0.0,0.0,0.0,7.0,1016.92,67.6,-16.02
2025-03-24 18:30:17.861000+00:00,,,,,354.125,-0.312,-1.062,22.79,-83.375,-5.562,-19.5,0.012,-0.006,-0.004,-0.37,0.23,9.64,-0.14,0.39,-0.4,-0.1,0.21,9.8,0.09,0.0,0.0,0.0,0.0,7.0,1016.92,67.6,-16.02
2025-03-24 18:30:18.861000+00:00,,,,,354.125,-0.312,-1.062,22.79,-83.375,-5.562,-19.5,0.012,-0.006,-0.004,-0.37,0.23,9.64,-0.16,0.3,-0.25,-0.1,0.21,9.8,0.09,0.0,0.0,0.0,0.0,7.0,1016.92,67.6,-16.02
2025-03-24 18:30:19.991000+00:00,,,,,354.125,-0.312,-1.062,22.79,-83.375,-5.562,-19.5,0.012,-0.006,-0.004,-0.37,0.23,9.64,-0.05,0.33,-0.34,-0.1,0.21,9.8,0.09,0.0,0.0,0.0,0.0,7.0,1016.92,67.6,-16.02
2025-03-24 18:30:21.038000+00:00,,,,,354.125,-0.312,-1.062,22.79,-83.375,-5.562,-19.5,0.012,-0.006,-0.004,-0.37,0.23,9.64,0.1,0.17,-0.45,-0.1,0.21,9.8,0.09,0.0,0.0,0.0,0.0,7.0,1016.92,67.6,-16.02
2025-03-24 18:30:22.211000+00:00,,,,,354.125,-0.312,-1.062,22.79,-83.375,-5.562,-19.5,0.012,-0.006,-0.004,-0.37,0.23,9.64,-0.42,0.01,-0.32,-0.1,0.21,9.8,0.09,0.0,0.0,0.0,0.0,7.0,1016.92,67.6,-16.02
2025-03-24 18:30:22.871000+00:00,,,,,354.125,-0.312,-1.062,22.79,-83.375,-5.562,-19.5,0.012,-0.006,-0.004,-0.37,0.23,9.64,-0.13,0.14,-0.39,-0.1,0.21,9.8,0.09,0.0,0.0,0.0,0.0,7.0,1016.92,67.6,-16.02
2025-03-24 18:30:23.870000+00:00,,,,,354.125,-0.312,-1.062,22.79,-83.375,-5.562,-19.5,0.012,-0.006,-0.004,-0.37,0.23,9.64,0.33,0.42,-0.4,-0.1,0.21,9.8,0.09,0.0,0.0,0.0,0.0,7.0,1016.92,67.6,-16.02
2025-03-24 18:30:24.877000+00:00,,,,,354.125,-0.312,-1.062,22.79,-83.375,-5.562,-19.5,0.012,-0.006,-0.004,-0.37,0.23,9.64,-0.44,0.0,-0.37,-0.1,0.21,9.8,0.09,0.0,0.0,0.0,0.0,7.0,1016.92,67.6,-16.02
2025-03-24 18:30:25.860000+00:00,,,,,354.125,-0.312,-1.062,22.79,-83.375,-5.562,-19.5,0.012,-0.006,-0.004,-0.37,0.23,9.64,-0.5,0.22,-0.27,-0.1,0.21,9.8,0.09,0.0,0.0,0.0,0.0,7.0,1016.92,67.6,-16.02
2025-03-24 18:30:26.871000+00:00,,,,,354.125,-0.312,-1.062,22.79,-83.375,-5.562,-19.5,0.012,-0.006,-0.004,-0.37,0.23,9.64,-0.23,0.05,-0.43,-0.1,0.21,9.8,0.09,0.0,0.0,0.0,0.0,7.0,1016.92,67.6,-16.02
2025-03-24 18:30:27.947000+00:00,,,,,354.125,-0.312,-1.062,22.79,-83.375,-5.562,-19.5,0.012,-0.006,-0.004,-0.37,0.23,9.64,-0.15,0.09,-0.47,-0.1,0.21,9.8,0.09,0.0,0.0,0.0,0.0,7.0,1016.92,67.6,-16.02
2025-03-24 18:30:28.917000+00:00,,,,,354.125,-0.312,-1.062,22.79,-83.375,-5.562,-19.5,0.012,-0.006,-0.004,-0.37,0.23,9.64,0.13,-0.91,-0.34,-0.1,0.21,9.8,0.09,0.0,0.0,0.0,0.0,7.0,1016.92,67.6,-16.02
2025-03-24 18:30:29.997000+00:00,,,,,354.125,-0.312,-1.062,22.79,-83.375,-5.562,-19.5,0.012,-0.006,-0.004,-0.37,0.23,9.64,-0.29,0.1,-0.41,-0.1,0.21,9.8,0.09,0.0,0.0,0.0,0.0,7.0,1016.92,67.6,-16.02
2025-03-24 18:30:31.217000+00:00,,,,,354.125,-0.312,-1.062,22.79,-83.375,-5.562,-19.5,0.012,-0.006,-0.004,-0.37,0.23,9.64,0.13,0.27,-0.18,-0.1,0.21,9.8,0.09,0.0,0.0,0.0,0.0,7.0,1016.92,67.6,-16.02
2025-03-24 18:30:32.100000+00:00,,,,,354.125,-0.312,-1.062,22.79,-83.375,-5.562,-19.5,0.012,-0.006,-0.004,-0.37,0.23,9.64,-0.4,0.41,-0.53,-0.1,0.21,9.8,0.09,0.0,0.0,0.0,0.0,7.0,1016.92,67.6,-16.02
2025-03-24 18:30:33.166000+00:00,,,,,354.125,-0.312,-1.062,22.79,-83.375,-5.562,-19.5,0.012,-0.006,-0.004,-0.37,0.23,9.64,-0.06,-0.29,-0.46,-0.1,0.21,9.8,0.09,0.0,0.0,0.0,0.0,7.0,1016.92,67.6,-16.02
2025-03-24 18:30:34.254000+00:00,,,,,354.125,-0.312,-1.062,22.79,-83.375,-5.562,-19.5,0.012,-0.006,-0.004,-0.37,0.23,9.64,0.05,-0.35,-0.63,-0.1,0.21,9.8,0.09,0.0,0.0,0.0,0.0,7.0,1016.92,67.6,-16.02
2025-03-24 18:30:34.930000+00:00,,,,,354.125,-0.312,-1.062,22.79,-83.375,-5.562,-19.5,0.012,-0.006,-0.004,-0.37,0.23,9.64,-0.03,-0.19,-0.23,-0.1,0.21,9.8,0.09,0.0,0.0,0.0,0.0,7.0,1016.92,67.6,-16.02
2025-03-24 18:30:35.946000+00:00,,,,,354.125,-0.312,-1.062,22.79,-83.375,-5.562,-19.5,0.012,-0.006,-0.004,-0.37,0.23,9.64,-0.35,-0.22,-0.27,-0.1,0.21,9.8,0.09,0.0,0.0,0.0,0.0,7.0,1016.92,67.6,-16.02
2025-03-24 18:30:36.928000+00:00,,,,,354.125,-0.312,-1.062,22.79,-83.375,-5.562,-19.5,0.012,-0.006,-0.004,-0.37,0.23,9.64,-0.05,0.25,-0.45,-0.1,0.21,9.8,0.09,0.0,0.0,0.0,0.0,7.0,1016.92,67.6,-16.02
2025-03-24 18:30:37.956000+00:00,,,,,354.125,-0.312,-1.062,22.79,-83.375,-5.562,-19.5,0.012,-0.006,-0.004,-0.37,0.23,9.64,-0.02,0.22,-0.39,-0.1,0.21,9.8,0.09,0.0,0.0,0.0,0.0,7.0,1016.92,67.6,-16.02
2025-03-24 18:30:38.979000+00:00,,,,,354.125,-0.312,-1.062,22.79,-83.375,-5.562,-19.5,0.012,-0.006,-0.004,-0.37,0.23,9.64,-0.31,0.05,-0.15,-0.1,0.21,9.8,0.09,0.0,0.0,0.0,0.0,7.0,1016.92,67.6,-16.02
2025-03-24 18:30:40.221000+00:00,,,,,354.125,-0.312,-1.062,22.79,-83.375,-5.562,-19.5,0.012,-0.006,-0.004,-0.37,0.23,9.64,-0.31,0.37,-0.36,-0.1,0.21,9.8,0.09,0.0,0.0,0.0,0.0,7.0,1016.92,67.6,-16.02
2025-03-24 18:29:40.424000+00:00,,,,,354.125,-0.312,-1.062,22.79,-83.375,-5.562,-19.5,0.012,-0.006,-0.004,-0.37,0.23,9.64,-0.31,0.37,-0.36,-0.1,0.21,9.8,0.09,0.0,0.0,0.0,0.0,7.0,1016.92,67.6,-16.02
2025-03-24 18:29:41.425000+00:00,,,,,354.125,-0.312,-1.062,22.79,-83.375,-5.562,-19.5,0.012,-0.006,-0.004,-0.37,0.23,9.64,-0.31,0.37,-0.36,-0.07,0.21,9.8,0.09,0.0,0.0,0.0,0.0,7.0,1016.92,67.6,-16.02
2025-03-24 18:29:42.426000+00:00,,,,,354.125,-0.312,-1.062,22.79,-83.375,-5.562,-19.5,0.012,-0.006,-0.004,-0.37,0.23,9.64,-0.31,0.37,-0.36,-0.1,0.24,9.8,0.09,0.0,0.0,0.0,0.0,7.0,1016.92,67.6,-16.02
2025-03-24 18:29:43.555000+00:00,,,,,354.125,-0.312,-1.062,22.79,-83.375,-5.562,-19.5,0.012,-0.006,-0.004,-0.37,0.23,9.64,-0.31,0.37,-0.36,-0.1,0.24,9.8,0.09,0.0,0.0,0.0,0.0,7.0,1016.92,67.6,-16.02
2025-03-24 18:29:44.501000+00:00,,,,,354.125,-0.312,-1.062,22.79,-83.375,-5.562,-19.5,0.012,-0.006,-0.004,-0.37,0.23,9.64,-0.31,0.37,-0.36,-0.09,0.23,9.8,0.09,0.0,0.0,0.0,0.0,7.0,1016.92,67.6,-16.02
2025-03-24 18:29:45.636000+00:00,,,,,354.125,-0.312,-1.062,22.79,-83.375,-5.562,-19.5,0.012,-0.006,-0.004,-0.37,0.23,9.64,-0.31,0.37,-0.36,-0.09,0.22,9.8,0.09,0.0,0.0,0.0,0.0,7.0,1016.92,67.6,-16.02
2025-03-24 18:29:46.779000+00:00,,,,,354.125,-0.312,-1.062,22.79,-83.375,-5.562,-19.5,0.012,-0.006,-0.004,-0.37,0.23,9.64,-0.31,0.37,-0.36,-0.09,0.2,9.8,0.09,0.0,0.0,0.0,0.0,7.0,1016.92,67.6,-16.02
2025-03-24 18:29:47.750000+00:00,,,,,354.125,-0.312,-1.062,22.79,-83.375,-5.562,-19.5,0.012,-0.006,-0.004,-0.37,0.23,9.64,-0.31,0.37,-0.36,-0.11,0.22,9.8,0.09,0.0,0.0,0.0,0.0,7.0,1016.92,67.6,-16.02
2025-03-24 18:29:48.761000+00:00,,,,,354.125,-0.312,-1.062,22.79,-83.375,-5.562,-19.5,0.012,-0.006,-0.004,-0.37,0.23,9.64,-0.31,0.37,-0.36,-0.08,0.21,9.8,0.09,0.0,0.0,0.0,0.0,7.0,1016.92,67.6,-16.02
2025-03-24 18:29:49.513000+00:00,,,,,354.125,-0.312,-1.062,22.79,-83.375,-5.562,-19.5,0.012,-0.006,-0.004,-0.37,0.23,9.64,-0.31,0.37,-0.36,-0.09,0.19,9.8,0.09,0.0,0.0,0.0,0.0,7.0,1016.92,67.6,-16.02
2025-03-24 18:29:50.529000+00:00,,,,,354.125,-0.312,-1.062,22.79,-83.375,-5.562,-19.5,0.012,-0.006,-0.004,-0.37,0.23,9.64,-0.31,0.37,-0.36,-0.08,0.18,9.8,0.09,0.0,0.0,0.0,0.0,7.0,1016.92,67.6,-16.02
2025-03-24 18:29:51.540000+00:00,,,,,354.125,-0.312,-1.062,22.79,-83.375,-5.562,-19.5,0.012,-0.006,-0.004,-0.37,0.23,9.64,-0.31,0.37,-0.36,-0.09,0.18,9.8,0.09,0.0,0.0,0.0,0.0,7.0,1016.92,67.6,-16.02
2025-03-24 18:29:52.533000+00:00,,,,,354.125,-0.312,-1.062,22.79,-83.375,-5.562,-19.5,0.012,-0.006,-0.004,-0.37,0.23,9.64,-0.31,0.37,-0.36,-0.1,0.19,9.8,0.09,0.0,0.0,0.0,0.0,7.0,1016.92,67.6,-16.02
2025-03-24 18:29:53.553000+00:00,,,,,354.125,-0.312,-1.062,22.79,-83.375,-5.562,-19.5,0.012,-0.006,-0.004,-0.37,0.23,9.64,-0.31,0.37,-0.36,-0.09,0.19,9.8,0.09,0.0,0.0,0.0,0.0,7.0,1016.92,67.6,-16.02
2025-03-24 18:29:54.574000+00:00,,,,,354.125,-0.312,-1.062,22.79,-83.375,-5.562,-19.5,0.012,-0.006,-0.004,-0.37,0.23,9.64,-0.31,0.37,-0.36,-0.07,0.18,9.8,0.09,0.0,0.0,0.0,0.0,7.0,1016.92,67.6,-16.02
2025-03-24 18:29:55.610000+00:00,,,,,354.125,-0.312,-1.062,22.79,-83.375,-5.562,-19.5,0.012,-0.006,-0.004,-0.37,0.23,9.64,-0.31,0.37,-0.36,-0.06,0.16,9.8,0.09,0.0,0.0,0.0,0.0,7.0,1016.92,67.6,-16.02
2025-03-24 18:29:56.606000+00:00,,,,,354.125,-0.312,-1.062,22.79,-83.375,-5.562,-19.5,0.012,-0.006,-0.004,-0.37,0.23,9.64,-0.31,0.37,-0.36,-0.05,0.18,9.8,0.09,0.0,0.0,0.0,0.0,7.0,1016.92,67.6,-16.02
2025-03-24 18:29:57.622000+00:00,,,,,354.125,-0.312,-1.062,22.79,-83.375,-5.562,-19.5,0.012,-0.006,-0.004,-0.37,0.23,9.64,-0.31,0.37,-0.36,-0.04,0.16,9.8,0.09,0.0,0.0,0.0,0.0,7.0,1016.92,67.6,-16.02
2025-03-24 18:29:58.855000+00:00,,,,,354.125,-0.312,-1.062,22.79,-83.375,-5.562,-19.5,0.012,-0.006,-0.004,-0.37,0.23,9.64,-0.31,0.37,-0.36,-0.02,0.16,9.8,0.09,0.0,0.0,0.0,0.0,7.0,1016.92,67.6,-16.02
2025-03-24 18:29:59.999000+00:00,,,,,354.125,-0.312,-1.062,22.79,-83.375,-5.562,-19.5,0.012,-0.006,-0.004,-0.37,0.23,9.64,-0.31,0.37,-0.36,-0.02,0.16,9.8,0.09,0.0,0.0,0.0,0.0,7.0,1016.92,67.6,-16.02
2025-03-24 18:30:00.632000+00:00,,,,,354.125,-0.312,-1.062,22.79,-83.375,-5.562,-19.5,0.012,-0.006,-0.004,-0.37,0.23,9.64,-0.31,0.37,-0.36,-0.02,0.16,9.8,0.09,0.0,0.0,0.0,0.0,7.0,1016.92,67.6,-16.02
2025-03-24 18:30:01.612000+00:00,,,,,354.125,-0.312,-1.062,22.79,-83.375,-5.562,-19.5,0.012,-0.006,-0.004,-0.37,0.23,9.64,-0.31,0.37,-0.36,0.0,0.15,9.8,0.09,0.0,0.0,0.0,0.0,7.0,1016.92,67.6,-16.02
2025-03-24 18:30:02.652000+00:00,,,,,354.125,-0.312,-1.062,22.79,-83.375,-5.562,-19.5,0.012,-0.006,-0.004,-0.37,0.23,9.64,-0.31,0.37,-0.36,-0.02,0.15,9.8,0.09,0.0,0.0,0.0,0.0,7.0,1016.92,67.6,-16.02
2025-03-24 18:30:03.649000+00:00,,,,,354.125,-0.312,-1.062,22.79,-83.375,-5.562,-19.5,0.012,-0.006,-0.004,-0.37,0.23,9.64,-0.31,0.37,-0.36,-0.01,0.15,9.8,0.09,0.0,0.0,0.0,0.0,7.0,1016.92,67.6,-16.02
2025-03-24 18:30:04.663000+00:00,,,,,354.125,-0.312,-1.062,22.79,-83.375,-5.562,-19.5,0.012,-0.006,-0.004,-0.37,0.23,9.64,-0.31,0.37,-0.36,-0.02,0.17,9.8,0.09,0.0,0.0,0.0,0.0,7.0,1016.92,67.6,-16.02
2025-03-24 18:30:05.852000+00:00,,,,,354.125,-0.312,-1.062,22.79,-83.375,-5.562,-19.5,0.012,-0.006,-0.004,-0.37,0.23,9.64,-0.31,0.37,-0.36,-0.03,0.18,9.8,0.09,0.0,0.0,0.0,0.0,7.0,1016.92,67.6,-16.02
2025-03-24 18:30:06.842000+00:00,,,,,354.125,-0.312,-1.062,22.79,-83.375,-5.562,-19.5,0.012,-0.006,-0.004,-0.37,0.23,9.64,-0.31,0.37,-0.36,-0.02,0.18,9.8,0.09,0.0,0.0,0.0,0.0,7.0,1016.92,67.6,-16.02
2025-03-24 18:30:07.882000+00:00,,,,,354.125,-0.312,-1.062,22.79,-83.375,-5.562,-19.5,0.012,-0.006,-0.004,-0.37,0.23,9.64,-0.31,0.37,-0.36,-0.04,0.19,9.8,0.09,0.0,0.0,0.0,0.0,7.0,1016.92,67.6,-16.02
2025-03-24 18:30:08.908000+00:00,,,,,354.125,-0.312,-1.062,22.79,-83.375,-5.562,-19.5,0.012,-0.006,-0.004,-0.37,0.23,9.64,-0.31,0.37,-0.36,-0.07,0.21,9.8,0.09,0.0,0.0,0.0,0.0,7.0,1016.92,67.6,-16.02
2025-03-24 18:30:10.172000+00:00,,,,,354.125,-0.312,-1.062,22.79,-83.375,-5.562,-19.5,0.012,-0.006,-0.004,-0.37,0.23,9.64,-0.31,0.37,-0.36,-0.06,0.21,9.8,0.09,0.0,0.0,0.0,0.0,7.0,1016.92,67.6,-16.02
2025-03-24 18:30:10.898000+00:00,,,,,354.125,-0.312,-1.062,22.79,-83.375,-5.562,-19.5,0.012,-0.006,-0.004,-0.37,0.23,9.64,-0.31,0.37,-0.36,-0.05,0.2,9.8,0.09,0.0,0.0,0.0,0.0,7.0,1016.92,67.6,-16.02
2025-03-24 18:30:11.868000+00:00,,,,,354.125,-0.312,-1.062,22.79,-83.375,-5.562,-19.5,0.012,-0.006,-0.004,-0.37,0.23,9.64,-0.31,0.37,-0.36,-0.04,0.18,9.8,0.09,0.0,0.0,0.0,0.0,7.0,1016.92,67.6,-16.02
2025-03-24 18:30:12.881000+00:00,,,,,354.125,-0.312,-1.062,22.79,-83.375,-5.562,-19.5,0.012,-0.006,-0.004,-0.37,0.23,9.64,-0.31,0.37,-0.36,-0.04,0.18,9.8,0.09,0.0,0.0,0.0,0.0,7.0,1016.92,67.6,-16.02
2025-03-24 18:30:13.883000+00:00,,,,,354.125,-0.312,-1.062,22.79,-83.375,-5.562,-19.5,0.012,-0.006,-0.004,-0.37,0.23,9.64,-0.31,0.37,-0.36,-0.03,0.18,9.8,0.09,0.0,0.0,0.0,0.0,7.0,1016.92,67.6,-16.02
2025-03-24 18:30:14.894000+00:00,,,,,354.125,-0.312,-1.062,22.79,-83.375,-5.562,-19.5,0.012,-0.006,-0.004,-0.37,0.23,9.64,-0.31,0.37,-0.36,-0.05,0.2,9.8,0.09,0.0,0.0,0.0,0.0,7.0,1016.92,67.6,-16.02
2025-03-24 18:30:15.871000+00:00,,,,,354.125,-0.312,-1.062,22.79,-83.375,-5.562,-19.5,0.012,-0.006,-0.004,-0.37,0.23,9.64,-0.31,0.37,-0.36,-0.04,0.17,9.8,0.09,0.0,0.0,0.0,0.0,7.0,1016.92,67.6,-16.02
2025-03-24 18:30:16.912000+00:00,,,,,354.125,-0.312,-1.062,22.79,-83.375,-5.562,-19.5,0.012,-0.006,-0.004,-0.37,0.23,9.64,-0.31,0.37,-0.36,-0.04,0.17,9.8,0.09,0.0,0.0,0.0,0.0,7.0,1016.92,67.6,-16.02
2025-03-24 18:30:17.916000+00:00,,,,,354.125,-0.312,-1.062,22.79,-83.375,-5.562,-19.5,0.012,-0.006,-0.004,-0.37,0.23,9.64,-0.31,0.37,-0.36,-0.06,0.19,9.8,0.09,0.0,0.0,0.0,0.0,7.0,1016.92,67.6,-16.02
2025-03-24 18:30:18.917000+00:00,,,,,354.125,-0.312,-1.062,22.79,-83.375,-5.562,-19.5,0.012,-0.006,-0.004,-0.37,0.23,9.64,-0.31,0.37,-0.36,-0.05,0.18,9.8,0.09,0.0,0.0,0.0,0.0,7.0,1016.92,67.6,-16.02
2025-03-24 18:30:20.042000+00:00,,,,,354.125,-0.312,-1.062,22.79,-83.375,-5.562,-19.5,0.012,-0.006,-0.004,-0.37,0.23,9.64,-0.31,0.37,-0.36,-0.05,0.21,9.8,0.09,0.0,0.0,0.0,0.0,7.0,1016.92,67.6,-16.02
2025-03-24 18:30:21.097000+00:00,,,,,354.125,-0.312,-1.062,22.79,-83.375,-5.562,-19.5,0.012,-0.006,-0.004,-0.37,0.23,9.64,-0.31,0.37,-0.36,-0.04,0.21,9.8,0.09,0.0,0.0,0.0,0.0,7.0,1016.92,67.6,-16.02
2025-03-24 18:30:22.261000+00:00,,,,,354.125,-0.312,-1.062,22.79,-83.375,-5.562,-19.5,0.012,-0.006,-0.004,-0.37,0.23,9.64,-0.31,0.37,-0.36,-0.05,0.19,9.8,0.09,0.0,0.0,0.0,0.0,7.0,1016.92,67.6,-16.02
2025-03-24 18:30:22.920000+00:00,,,,,354.125,-0.312,-1.062,22.79,-83.375,-5.562,-19.5,0.012,-0.006,-0.004,-0.37,0.23,9.64,-0.31,0.37,-0.36,-0.07,0.23,9.8,0.09,0.0,0.0,0.0,0.0,7.0,1016.92,67.6,-16.02
2025-03-24 18:30:23.922000+00:00,,,,,354.125,-0.312,-1.062,22.79,-83.375,-5.562,-19.5,0.012,-0.006,-0.004,-0.37,0.23,9.64,-0.31,0.37,-0.36,-0.09,0.24,9.8,0.09,0.0,0.0,0.0,0.0,7.0,1016.92,67.6,-16.02
2025-03-24 18:30:24.937000+00:00,,,,,354.125,-0.312,-1.062,22.79,-83.375,-5.562,-19.5,0.012,-0.006,-0.004,-0.37,0.23,9.64,-0.31,0.37,-0.36,-0.09,0.24,9.8,0.09,0.0,0.0,0.0,0.0,7.0,1016.92,67.6,-16.02
2025-03-24 18:30:25.917000+00:00,,,,,354.125,-0.312,-1.062,22.79,-83.375,-5.562,-19.5,0.012,-0.006,-0.004,-0.37,0.23,9.64,-0.31,0.37,-0.36,-0.07,0.23,9.8,0.09,0.0,0.0,0.0,0.0,7.0,1016.92,67.6,-16.02
2025-03-24 18:30:26.920000+00:00,,,,,354.125,-0.312,-1.062,22.79,-83.375,-5.562,-19.5,0.012,-0.006,-0.004,-0.37,0.23,9.64,-0.31,0.37,-0.36,-0.05,0.2,9.8,0.09,0.0,0.0,0.0,0.0,7.0,1016.92,67.6,-16.02
2025-03-24 18:30:28.006000+00:00,,,,,354.125,-0.312,-1.062,22.79,-83.375,-5.562,-19.5,0.012,-0.006,-0.004,-0.37,0.23,9.64,-0.31,0.37,-0.36,-0.05,0.2,9.8,0.09,0.0,0.0,0.0,0.0,7.0,1016.92,67.6,-16.02
2025-03-24 18:30:28.976000+00:00,,,,,354.125,-0.312,-1.062,22.79,-83.375,-5.562,-19.5,0.012,-0.006,-0.004,-0.37,0.23,9.64,-0.31,0.37,-0.36,-0.04,0.19,9.8,0.09,0.0,0.0,0.0,0.0,7.0,1016.92,67.6,-16.02
2025-03-24 18:30:30.057000+00:00,,,,,354.125,-0.312,-1.062,22.79,-83.375,-5.562,-19.5,0.012,-0.006,-0.004,-0.37,0.23,9.64,-0.31,0.37,-0.36,-0.02,0.17,9.8,0.09,0.0,0.0,0.0,0.0,7.0,1016.92,67.6,-16.02
2025-03-24 18:30:31.274000+00:00,,,,,354.125,-0.312,-1.062,22.79,-83.375,-5.562,-19.5,0.012,-0.006,-0.004,-0.37,0.23,9.64,-0.31,0.37,-0.36,-0.03,0.17,9.8,0.09,0.0,0.0,0.0,0.0,7.0,1016.92,67.6,-16.02
2025-03-24 18:30:32.149000+00:00,,,,,354.125,-0.312,-1.062,22.79,-83.375,-5.562,-19.5,0.012,-0.006,-0.004,-0.37,0.23,9.64,-0.31,0.37,-0.36,-0.04,0.16,9.8,0.09,0.0,0.0,0.0,0.0,7.0,1016.92,67.6,-16.02
2025-03-24 18:30:33.226000+00:00,,,,,354.125,-0.312,-1.062,22.79,-83.375,-5.562,-19.5,0.012,-0.006,-0.004,-0.37,0.23,9.64,-0.31,0.37,-0.36,-0.04,0.17,9.8,0.09,0.0,0.0,0.0,0.0,7.0,1016.92,67.6,-16.02
2025-03-24 18:30:34.299000+00:00,,,,,354.125,-0.312,-1.062,22.79,-83.375,-5.562,-19.5,0.012,-0.006,-0.004,-0.37,0.23,9.64,-0.31,0.37,-0.36,-0.05,0.19,9.8,0.09,0.0,0.0,0.0,0.0,7.0,1016.92,67.6,-16.02
2025-03-24 18:30:34.978000+00:00,,,,,354.125,-0.312,-1.062,22.79,-83.375,-5.562,-19.5,0.012,-0.006,-0.004,-0.37,0.23,9.64,-0.31,0.37,-0.36,-0.06,0.17,9.8,0.09,0.0,0.0,0.0,0.0,7.0,1016.92,67.6,-16.02
2025-03-24 18:30:36.005000+00:00,,,,,354.125,-0.312,-1.062,22.79,-83.375,-5.562,-19.5,0.012,-0.006,-0.004,-0.37,0.23,9.64,-0.31,0.37,-0.36,-0.08,0.19,9.8,0.09,0.0,0.0,0.0,0.0,7.0,1016.92,67.6,-16.02
2025-03-24 18:30:36.979000+00:00,,,,,354.125,-0.312,-1.062,22.79,-83.375,-5.562,-19.5,0.012,-0.006,-0.004,-0.37,0.23,9.64,-0.31,0.37,-0.36,-0.07,0.19,9.8,0.09,0.0,0.0,0.0,0.0,7.0,1016.92,67.6,-16.02
2025-03-24 18:30:38.009000+00:00,,,,,354.125,-0.312,-1.062,22.79,-83.375,-5.562,-19.5,0.012,-0.006,-0.004,-0.37,0.23,9.64,-0.31,0.37,-0.36,-0.07,0.19,9.8,0.09,0.0,0.0,0.0,0.0,7.0,1016.92,67.6,-16.02
2025-03-24 18:30:39.039000+00:00,,,,,354.125,-0.312,-1.062,22.79,-83.375,-5.562,-19.5,0.012,-0.006,-0.004,-0.37,0.23,9.64,-0.31,0.37,-0.36,-0.06,0.18,9.8,0.09,0.0,0.0,0.0,0.0,7.0,1016.92,67.6,-16.02
2025-03-24 18:30:40.276000+00:00,,,,,354.125,-0.312,-1.062,22.79,-83.375,-5.562,-19.5,0.012,-0.006,-0.004,-0.37,0.23,9.64,-0.31,0.37,-0.36,-0.05,0.16,9.8,0.09,0.0,0.0,0.0,0.0,7.0,1016.92,67.6,-16.02
2025-03-24 18:29:41.524000+00:00,,,,,354.125,-0.312,-1.062,22.79,-83.375,-5.562,-19.5,0.012,-0.006,-0.004,-0.37,0.23,9.64,-0.31,0.37,-0.36,-0.05,0.16,9.8,0.09,0.0,0.0,0.0,0.0,7.0,1016.92,67.6,-16.02
2025-03-24 18:29:42.530000+00:00,,,,,354.125,-0.312,-1.062,22.79,-83.375,-5.562,-19.5,0.012,-0.006,-0.004,-0.37,0.23,9.64,-0.31,0.37,-0.36,-0.05,0.16,9.8,0.12625,0.0,0.0,0.0,0.0,7.0,1016.92,67.6,-16.02
2025-03-24 18:29:43.664000+00:00,,,,,354.125,-0.312,-1.062,22.79,-83.375,-5.562,-19.5,0.012,-0.006,-0.004,-0.37,0.23,9.64,-0.31,0.37,-0.36,-0.05,0.16,9.8,0.15,0.0,0.0,0.0,0.0,7.0,1016.92,67.6,-16.02
2025-03-24 18:29:44.613000+00:00,,,,,354.125,-0.312,-1.062,22.79,-83.375,-5.562,-19.5,0.012,-0.006,-0.004,-0.37,0.23,9.64,-0.31,0.37,-0.36,-0.05,0.16,9.8,0.1275,0.0,0.0,0.0,0.0,7.0,1016.92,67.6,-16.02
2025-03-24 18:29:45.739000+00:00,,,,,354.125,-0.312,-1.062,22.79,-83.375,-5.562,-19.5,0.012,-0.006,-0.004,-0.37,0.23,9.64,-0.31,0.37,-0.36,-0.05,0.16,9.8,0.15875,0.0,0.0,0.0,0.0,7.0,1016.92,67.6,-16.02
2025-03-24 18:29:46.889000+00:00,,,,,354.125,-0.312,-1.062,22.79,-83.375,-5.562,-19.5,0.012,-0.006,-0.004,-0.37,0.23,9.64,-0.31,0.37,-0.36,-0.05,0.16,9.8,0.23500000000000001,0.0,0.0,0.0,0.0,7.0,1016.92,67.6,-16.02
2025-03-24 18:29:47.859000+00:00,,,,,354.125,-0.312,-1.062,22.79,-83.375,-5.562,-19.5,0.012,-0.006,-0.004,-0.37,0.23,9.64,-0.31,0.37,-0.36,-0.05,0.16,9.8,0.1525,0.0,0.0,0.0,0.0,7.0,1016.92,67.6,-16.02
2025-03-24 18:29:48.873000+00:00,,,,,354.125,-0.312,-1.062,22.79,-83.375,-5.562,-19.5,0.012,-0.006,-0.004,-0.37,0.23,9.64,-0.31,0.37,-0.36,-0.05,0.16,9.8,0.0,0.0,0.0,0.0,0.0,7.0,1016.92,67.6,-16.02
2025-03-24 18:29:49.944000+00:00,,,,,354.125,-0.312,-1.062,22.79,-83.375,-5.562,-19.5,0.012,-0.006,-0.004,-0.37,0.23,9.64,-0.31,0.37,-0.36,-0.05,0.16,9.8,0.0,0.0,0.0,0.0,0.0,7.0,1016.92,67.6,-16.02
2025-03-24 18:29:50.630000+00:00,,,,,354.125,-0.312,-1.062,22.79,-83.375,-5.562,-19.5,0.012,-0.006,-0.004,-0.37,0.23,9.64,-0.31,0.37,-0.36,-0.05,0.16,9.8,0.0375,0.0,0.0,0.0,0.0,7.0,1016.92,67.6,-16.02
2025-03-24 18:29:51.659000+00:00,,,,,354.125,-0.312,-1.062,22.79,-83.375,-5.562,-19.5,0.012,-0.006,-0.004,-0.37,0.23,9.64,-0.31,0.37,-0.36,-0.05,0.16,9.8,0.11375,0.0,0.0,0.0,0.0,7.0,1016.92,67.6,-16.02
2025-03-24 18:29:52.643000+00:00,,,,,354.125,-0.312,-1.062,22.79,-83.375,-5.562,-19.5,0.012,-0.006,-0.004,-0.37,0.23,9.64,-0.31,0.37,-0.36,-0.05,0.16,9.8,0.095,0.0,0.0,0.0,0.0,7.0,1016.92,67.6,-16.02
2025-03-24 18:29:53.669000+00:00,,,,,354.125,-0.312,-1.062,22.79,-83.375,-5.562,-19.5,0.012,-0.006,-0.004,-0.37,0.23,9.64,-0.31,0.37,-0.36,-0.05,0.16,9.8,0.08125,0.0,0.0,0.0,0.0,7.0,1016.92,67.6,-16.02
2025-03-24 18:29:54.679000+00:00,,,,,354.125,-0.312,-1.062,22.79,-83.375,-5.562,-19.5,0.012,-0.006,-0.004,-0.37,0.23,9.64,-0.31,0.37,-0.36,-0.05,0.16,9.8,0.10625,0.0,0.0,0.0,0.0,7.0,1016.92,67.6,-16.02
2025-03-24 18:29:55.713000+00:00,,,,,354.125,-0.312,-1.062,22.79,-83.375,-5.562,-19.5,0.012,-0.006,-0.004,-0.37,0.23,9.64,-0.31,0.37,-0.36,-0.05,0.16,9.8,0.15375,0.0,0.0,0.0,0.0,7.0,1016.92,67.6,-16.02
2025-03-24 18:29:56.719000+00:00,,,,,354.125,-0.312,-1.062,22.79,-83.375,-5.562,-19.5,0.012,-0.006,-0.004,-0.37,0.23,9.64,-0.31,0.37,-0.36,-0.05,0.16,9.8,0.21875,0.0,0.0,0.0,0.0,7.0,1016.92,67.6,-16.02
2025-03-24 18:29:57.732000+00:00,,,,,354.125,-0.312,-1.062,22.79,-83.375,-5.562,-19.5,0.012,-0.006,-0.004,-0.37,0.23,9.64,-0.31,0.37,-0.36,-0.05,0.16,9.8,0.155,0.0,0.0,0.0,0.0,7.0,1016.92,67.6,-16.02
2025-03-24 18:29:58.953000+00:00,,,,,354.125,-0.312,-1.062,22.79,-83.375,-5.562,-19.5,0.012,-0.006,-0.004,-0.37,0.23,9.64,-0.31,0.37,-0.36,-0.05,0.16,9.8,0.1,0.0,0.0,0.0,0.0,7.0,1016.92,67.6,-16.02
2025-03-24 18:30:00.106000+00:00,,,,,354.125,-0.312,-1.062,22.79,-83.375,-5.562,-19.5,0.012,-0.006,-0.004,-0.37,0.23,9.64,-0.31,0.37,-0.36,-0.05,0.16,9.8,0.15375,0.0,0.0,0.0,0.0,7.0,1016.92,67.6,-16.02
2025-03-24 18:30:00.738000+00:00,,,,,354.125,-0.312,-1.062,22.79,-83.375,-5.562,-19.5,0.012,-0.006,-0.004,-0.37,0.23,9.64,-0.31,0.37,-0.36,-0.05,0.16,9.8,0.18,0.0,0.0,0.0,0.0,7.0,1016.92,67.6,-16.02
2025-03-24 18:30:01.718000+00:00,,,,,354.125,-0.312,-1.062,22.79,-83.375,-5.562,-19.5,0.012,-0.006,-0.004,-0.37,0.23,9.64,-0.31,0.37,-0.36,-0.05,0.16,9.8,0.17375000000000002,0.0,0.0,0.0,0.0,7.0,1016.92,67.6,-16.02
2025-03-24 18:30:02.762000+00:00,,,,,354.125,-0.312,-1.062,22.79,-83.375,-5.562,-19.5,0.012,-0.006,-0.004,-0.37,0.23,9.64,-0.31,0.37,-0.36,-0.05,0.16,9.8,0.16125,0.0,0.0,0.0,0.0,7.0,1016.92,67.6,-16.02
2025-03-24 18:30:03.761000+00:00,,,,,354.125,-0.312,-1.062,22.79,-83.375,-5.562,-19.5,0.012,-0.006,-0.004,-0.37,0.23,9.64,-0.31,0.37,-0.36,-0.05,0.16,9.8,0.18375,0.0,0.0,0.0,0.0,7.0,1016.92,67.6,-16.02
2025-03-24 18:30:04.768000+00:00,,,,,354.125,-0.312,-1.062,22.79,-83.375,-5.562,-19.5,0.012,-0.006,-0.004,-0.37,0.23,9.64,-0.31,0.37,-0.36,-0.05,0.16,9.8,0.115,0.0,0.0,0.0,0.0,7.0,1016.92,67.6,-16.02
2025-03-24 18:30:05.692000+00:00,,,,,354.125,-0.312,-1.062,22.79,-83.375,-5.562,-19.5,0.012,-0.006,-0.004,-0.37,0.23,9.64,-0.31,0.37,-0.36,-0.05,0.16,9.8,0.10875,0.0,0.0,0.0,0.0,7.0,1016.92,67.6,-16.02
2025-03-24 18:30:06.439000+00:00,,,,,354.125,-0.312,-1.062,22.79,-83.375,-5.562,-19.5,0.012,-0.006,-0.004,-0.37,0.23,9.64,-0.31,0.37,-0.36,-0.05,0.16,9.8,0.14250000000000002,0.0,0.0,0.0,0.0,7.0,1016.92,67.6,-16.02
2025-03-24 18:30:07.439000+00:00,,,,,354.125,-0.312,-1.062,22.79,-83.375,-5.562,-19.5,0.012,-0.006,-0.004,-0.37,0.23,9.64,-0.31,0.37,-0.36,-0.05,0.16,9.8,0.1625,0.0,0.0,0.0,0.0,7.0,1016.92,67.6,-16.02
2025-03-24 18:30:08.461000+00:00,,,,,354.125,-0.312,-1.062,22.79,-83.375,-5.562,-19.5,0.012,-0.006,-0.004,-0.37,0.23,9.64,-0.31,0.37,-0.36,-0.05,0.16,9.8,0.19125,0.0,0.0,0.0,0.0,7.0,1016.92,67.6,-16.02
2025-03-24 18:30:09.742000+00:00,,,,,354.125,-0.312,-1.062,22.79,-83.375,-5.562,-19.5,0.012,-0.006,-0.004,-0.37,0.23,9.64,-0.31,0.37,-0.36,-0.05,0.16,9.8,0.14625,0.0,0.0,0.0,0.0,7.0,1016.92,67.6,-16.02
2025-03-24 18:30:10.452000+00:00,,,,,354.125,-0.312,-1.062,22.79,-83.375,-5.562,-19.5,0.012,-0.006,-0.004,-0.37,0.23,9.64,-0.31,0.37,-0.36,-0.05,0.16,9.8,0.13875,0.0,0.0,0.0,0.0,7.0,1016.92,67.6,-16.02
2025-03-24 18:30:11.440000+00:00,,,,,354.125,-0.312,-1.062,22.79,-83.375,-5.562,-19.5,0.012,-0.006,-0.004,-0.37,0.23,9.64,-0.31,0.37,-0.36,-0.05,0.16,9.8,0.0,0.0,0.0,0.0,0.0,7.0,1016.92,67.6,-16.02
2025-03-24 18:30:12.450000+00:00,,,,,354.125,-0.312,-1.062,22.79,-83.375,-5.562,-19.5,0.012,-0.006,-0.004,-0.37,0.23,9.64,-0.31,0.37,-0.36,-0.05,0.16,9.8,0.0275,0.0,0.0,0.0,0.0,7.0,1016.92,67.6,-16.02
2025-03-24 18:30:13.453000+00:00,,,,,354.125,-0.312,-1.062,22.79,-83.375,-5.562,-19.5,0.012,-0.006,-0.004,-0.37,0.23,9.64,-0.31,0.37,-0.36,-0.05,0.16,9.8,0.10250000000000001,0.0,0.0,0.0,0.0,7.0,1016.92,67.6,-16.02
2025-03-24 18:30:14.458000+00:00,,,,,354.125,-0.312,-1.062,22.79,-83.375,-5.562,-19.5,0.012,-0.006,-0.004,-0.37,0.23,9.64,-0.31,0.37,-0.36,-0.05,0.16,9.8,0.0925,0.0,0.0,0.0,0.0,7.0,1016.92,67.6,-16.02
2025-03-24 18:30:15.462000+00:00,,,,,354.125,-0.312,-1.062,22.79,-83.375,-5.562,-19.5,0.012,-0.006,-0.004,-0.37,0.23,9.64,-0.31,0.37,-0.36,-0.05,0.16,9.8,0.11,0.0,0.0,0.0,0.0,7.0,1016.92,67.6,-16.02
2025-03-24 18:30:16.467000+00:00,,,,,354.125,-0.312,-1.062,22.79,-83.375,-5.562,-19.5,0.012,-0.006,-0.004,-0.37,0.23,9.64,-0.31,0.37,-0.36,-0.05,0.16,9.8,0.15625,0.0,0.0,0.0,0.0,7.0,1016.92,67.6,-16.02
2025-03-24 18:30:17.473000+00:00,,,,,354.125,-0.312,-1.062,22.79,-83.375,-5.562,-19.5,0.012,-0.006,-0.004,-0.37,0.23,9.64,-0.31,0.37,-0.36,-0.05,0.16,9.8,0.22,0.0,0.0,0.0,0.0,7.0,1016.92,67.6,-16.02
2025-03-24 18:30:18.477000+00:00,,,,,354.125,-0.312,-1.062,22.79,-83.375,-5.562,-19.5,0.012,-0.006,-0.004,-0.37,0.23,9.64,-0.31,0.37,-0.36,-0.05,0.16,9.8,0.17125,0.0,0.0,0.0,0.0,7.0,1016.92,67.6,-16.02
2025-03-24 18:30:19.620000+00:00,,,,,354.125,-0.312,-1.062,22.79,-83.375,-5.562,-19.5,0.012,-0.006,-0.004,-0.37,0.23,9.64,-0.31,0.37,-0.36,-0.05,0.16,9.8,0.08125,0.0,0.0,0.0,0.0,7.0,1016.92,67.6,-16.02
2025-03-24 18:30:20.660000+00:00,,,,,354.125,-0.312,-1.062,22.79,-83.375,-5.562,-19.5,0.012,-0.006,-0.004,-0.37,0.23,9.64,-0.31,0.37,-0.36,-0.05,0.16,9.8,0.09875,0.0,0.0,0.0,0.0,7.0,1016.92,67.6,-16.02
2025-03-24 18:30:21.491000+00:00,,,,,354.125,-0.312,-1.062,22.79,-83.375,-5.562,-19.5,0.012,-0.006,-0.004,-0.37,0.23,9.64,-0.31,0.37,-0.36,-0.05,0.16,9.8,0.155,0.0,0.0,0.0,0.0,7.0,1016.92,67.6,-16.02
2025-03-24 18:30:22.497000+00:00,,,,,354.125,-0.312,-1.062,22.79,-83.375,-5.562,-19.5,0.012,-0.006,-0.004,-0.37,0.23,9.64,-0.31,0.37,-0.36,-0.05,0.16,9.8,0.20125,0.0,0.0,0.0,0.0,7.0,1016.92,67.6,-16.02
2025-03-24 18:30:23.496000+00:00,,,,,354.125,-0.312,-1.062,22.79,-83.375,-5.562,-19.5,0.012,-0.006,-0.004,-0.37,0.23,9.64,-0.31,0.37,-0.36,-0.05,0.16,9.8,0.1575,0.0,0.0,0.0,0.0,7.0,1016.92,67.6,-16.02
2025-03-24 18:30:24.491000+00:00,,,,,354.125,-0.312,-1.062,22.79,-83.375,-5.562,-19.5,0.012,-0.006,-0.004,-0.37,0.23,9.64,-0.31,0.37,-0.36,-0.05,0.16,9.8,0.1125,0.0,0.0,0.0,0.0,7.0,1016.92,67.6,-16.02
2025-03-24 18:30:25.503000+00:00,,,,,354.125,-0.312,-1.062,22.79,-83.375,-5.562,-19.5,0.012,-0.006,-0.004,-0.37,0.23,9.64,-0.31,0.37,-0.36,-0.05,0.16,9.8,0.0,0.0,0.0,0.0,0.0,7.0,1016.92,67.6,-16.02
2025-03-24 18:30:26.506000+00:00,,,,,354.125,-0.312,-1.062,22.79,-83.375,-5.562,-19.5,0.012,-0.006,-0.004,-0.37,0.23,9.64,-0.31,0.37,-0.36,-0.05,0.16,9.8,0.16875,0.0,0.0,0.0,0.0,7.0,1016.92,67.6,-16.02
2025-03-24 18:30:27.521000+00:00,,,,,354.125,-0.312,-1.062,22.79,-83.375,-5.562,-19.5,0.012,-0.006,-0.004,-0.37,0.23,9.64,-0.31,0.37,-0.36,-0.05,0.16,9.8,0.17625,0.0,0.0,0.0,0.0,7.0,1016.92,67.6,-16.02
2025-03-24 18:30:28.516000+00:00,,,,,354.125,-0.312,-1.062,22.79,-83.375,-5.562,-19.5,0.012,-0.006,-0.004,-0.37,0.23,9.64,-0.31,0.37,-0.36,-0.05,0.16,9.8,0.14250000000000002,0.0,0.0,0.0,0.0,7.0,1016.92,67.6,-16.02
2025-03-24 18:30:29.619000+00:00,,,,,354.125,-0.312,-1.062,22.79,-83.375,-5.562,-19.5,0.012,-0.006,-0.004,-0.37,0.23,9.64,-0.31,0.37,-0.36,-0.05,0.16,9.8,0.125,0.0,0.0,0.0,0.0,7.0,1016.92,67.6,-16.02
2025-03-24 18:30:30.795000+00:00,,,,,354.125,-0.312,-1.062,22.79,-83.375,-5.562,-19.5,0.012,-0.006,-0.004,-0.37,0.23,9.64,-0.31,0.37,-0.36,-0.05,0.16,9.8,0.0,0.0,0.0,0.0,0.0,7.0,1016.92,67.6,-16.02
2025-03-24 18:30:31.736000+00:00,,,,,354.125,-0.312,-1.062,22.79,-83.375,-5.562,-19.5,0.012,-0.006,-0.004,-0.37,0.23,9.64,-0.31,0.37,-0.36,-0.05,0.16,9.8,0.00875,0.0,0.0,0.0,0.0,7.0,1016.92,67.6,-16.02
2025-03-24 18:30:32.740000+00:00,,,,,354.125,-0.312,-1.062,22.79,-83.375,-5.562,-19.5,0.012,-0.006,-0.004,-0.37,0.23,9.64,-0.31,0.37,-0.36,-0.05,0.16,9.8,0.07125000000000001,0.0,0.0,0.0,0.0,7.0,1016.92,67.6,-16.02
2025-03-24 18:30:33.540000+00:00,,,,,354.125,-0.312,-1.062,22.79,-83.375,-5.562,-19.5,0.012,-0.006,-0.004,-0.37,0.23,9.64,-0.31,0.37,-0.36,-0.05,0.16,9.8,0.043750000000000004,0.0,0.0,0.0,0.0,7.0,1016.92,67.6,-16.02
2025-03-24 18:30:34.529000+00:00,,,,,354.125,-0.312,-1.062,22.79,-83.375,-5.562,-19.5,0.012,-0.006,-0.004,-0.37,0.23,9.64,-0.31,0.37,-0.36,-0.05,0.16,9.8,0.051250000000000004,0.0,0.0,0.0,0.0,7.0,1016.92,67.6,-16.02
2025-03-24 18:30:35.546000+00:00,,,,,354.125,-0.312,-1.062,22.79,-83.375,-5.562,-19.5,0.012,-0.006,-0.004,-0.37,0.23,9.64,-0.31,0.37,-0.36,-0.05,0.16,9.8,0.09,0.0,0.0,0.0,0.0,7.0,1016.92,67.6,-16.02
2025-03-24 18:30:36.545000+00:00,,,,,354.125,-0.312,-1.062,22.79,-83.375,-5.562,-19.5,0.012,-0.006,-0.004,-0.37,0.23,9.64,-0.31,0.37,-0.36,-0.05,0.16,9.8,0.17875,0.0,0.0,0.0,0.0,7.0,1016.92,67.6,-16.02
2025-03-24 18:30:37.549000+00:00,,,,,354.125,-0.312,-1.062,22.79,-83.375,-5.562,-19.5,0.012,-0.006,-0.004,-0.37,0.23,9.64,-0.31,0.37,-0.36,-0.05,0.16,9.8,0.1525,0.0,0.0,0.0,0.0,7.0,1016.92,67.6,-16.02
2025-03-24 18:30:38.549000+00:00,,,,,354.125,-0.312,-1.062,22.79,-83.375,-5.562,-19.5,0.012,-0.006,-0.004,-0.37,0.23,9.64,-0.31,0.37,-0.36,-0.05,0.16,9.8,0.16,0.0,0.0,0.0,0.0,7.0,1016.92,67.6,-16.02
2025-03-24 18:30:39.838000+00:00,,,,,354.125,-0.312,-1.062,22.79,-83.375,-5.562,-19.5,0.012,-0.006,-0.004,-0.37,0.23,9.64,-0.31,0.37,-0.36,-0.05,0.16,9.8,0.11875000000000001,0.0,0.0,0.0,0.0,7.0,1016.92,67.6,-16.02
2025-03-24 18:29:41.474000+00:00,,,,,354.125,-0.312,-1.062,22.79,-83.375,-5.562,-19.5,0.012,-0.006,-0.004,-0.37,0.23,9.64,-0.31,0.37,-0.36,-0.05,0.16,9.8,0.11875000000000001,0.0,0.0,0.0,0.0,7.0,1016.92,67.6,-16.02
2025-03-24 18:29:42.479000+00:00,,,,,354.125,-0.312,-1.062,22.79,-83.375,-5.562,-19.5,0.012,-0.006,-0.004,-0.37,0.23,9.64,-0.31,0.37,-0.36,-0.05,0.16,9.8,0.11875000000000001,-2.5,0.0,0.0,0.0,7.0,1016.92,67.6,-16.02
2025-03-24 18:29:43.612000+00:00,,,,,354.125,-0.312,-1.062,22.79,-83.375,-5.562,-19.5,0.012,-0.006,-0.004,-0.37,0.23,9.64,-0.31,0.37,-0.36,-0.05,0.16,9.8,0.11875000000000001,-1.25,0.0,0.0,0.0,7.0,1016.92,67.6,-16.02
2025-03-24 18:29:44.561000+00:00,,,,,354.125,-0.312,-1.062,22.79,-83.375,-5.562,-19.5,0.012,-0.006,-0.004,-0.37,0.23,9.64,-0.31,0.37,-0.36,-0.05,0.16,9.8,0.11875000000000001,0.0,0.0,0.0,0.0,7.0,1016.92,67.6,-16.02
2025-03-24 18:29:45.684000+00:00,,,,,354.125,-0.312,-1.062,22.79,-83.375,-5.562,-19.5,0.012,-0.006,-0.004,-0.37,0.23,9.64,-0.31,0.37,-0.36,-0.05,0.16,9.8,0.11875000000000001,1.25,0.0,0.0,0.0,7.0,1016.92,67.6,-16.02
2025-03-24 18:29:46.837000+00:00,,,,,354.125,-0.312,-1.062,22.79,-83.375,-5.562,-19.5,0.012,-0.006,-0.004,-0.37,0.23,9.64,-0.31,0.37,-0.36,-0.05,0.16,9.8,0.11875000000000001,-1.25,0.0,0.0,0.0,7.0,1016.92,67.6,-16.02
2025-03-24 18:29:47.804000+00:00,,,,,354.125,-0.312,-1.062,22.79,-83.375,-5.562,-19.5,0.012,-0.006,-0.004,-0.37,0.23,9.64,-0.31,0.37,-0.36,-0.05,0.16,9.8,0.11875000000000001,0.0,0.0,0.0,0.0,7.0,1016.92,67.6,-16.02
2025-03-24 18:29:48.821000+00:00,,,,,354.125,-0.312,-1.062,22.79,-83.375,-5.562,-19.5,0.012,-0.006,-0.004,-0.37,0.23,9.64,-0.31,0.37,-0.36,-0.05,0.16,9.8,0.11875000000000001,-1.25,0.0,0.0,0.0,7.0,1016.92,67.6,-16.02
2025-03-24 18:29:49.893000+00:00,,,,,354.125,-0.312,-1.062,22.79,-83.375,-5.562,-19.5,0.012,-0.006,-0.004,-0.37,0.23,9.64,-0.31,0.37,-0.36,-0.05,0.16,9.8,0.11875000000000001,-1.25,0.0,0.0,0.0,7.0,1016.92,67.6,-16.02
2025-03-24 18:29:50.573000+00:00,,,,,354.125,-0.312,-1.062,22.79,-83.375,-5.562,-19.5,0.012,-0.006,-0.004,-0.37,0.23,9.64,-0.31,0.37,-0.36,-0.05,0.16,9.8,0.11875000000000001,-1.25,0.0,0.0,0.0,7.0,1016.92,67.6,-16.02
2025-03-24 18:29:51.593000+00:00,,,,,354.125,-0.312,-1.062,22.79,-83.375,-5.562,-19.5,0.012,-0.006,-0.004,-0.37,0.23,9.64,-0.31,0.37,-0.36,-0.05,0.16,9.8,0.11875000000000001,0.0,0.0,0.0,0.0,7.0,1016.92,67.6,-16.02
2025-03-24 18:29:52.591000+00:00,,,,,354.125,-0.312,-1.062,22.79,-83.375,-5.562,-19.5,0.012,-0.006,-0.004,-0.37,0.23,9.64,-0.31,0.37,-0.36,-0.05,0.16,9.8,0.11875000000000001,0.0,0.0,0.0,0.0,7.0,1016.92,67.6,-16.02
2025-03-24 18:29:53.610000+00:00,,,,,354.125,-0.312,-1.062,22.79,-83.375,-5.562,-19.5,0.012,-0.006,-0.004,-0.37,0.23,9.64,-0.31,0.37,-0.36,-0.05,0.16,9.8,0.11875000000000001,2.5,0.0,0.0,0.0,7.0,1016.92,67.6,-16.02
2025-03-24 18:29:54.624000+00:00,,,,,354.125,-0.312,-1.062,22.79,-83.375,-5.562,-19.5,0.012,-0.006,-0.004,-0.37,0.23,9.64,-0.31,0.37,-0.36,-0.05,0.16,9.8,0.11875000000000001,1.25,0.0,0.0,0.0,7.0,1016.92,67.6,-16.02
2025-03-24 18:29:55.667000+00:00,,,,,354.125,-0.312,-1.062,22.79,-83.375,-5.562,-19.5,0.012,-0.006,-0.004,-0.37,0.23,9.64,-0.31,0.37,-0.36,-0.05,0.16,9.8,0.11875000000000001,0.0,0.0,0.0,0.0,7.0,1016.92,67.6,-16.02
2025-03-24 18:29:56.660000+00:00,,,,,354.125,-0.312,-1.062,22.79,-83.375,-5.562,-19.5,0.012,-0.006,-0.004,-0.37,0.23,9.64,-0.31,0.37,-0.36,-0.05,0.16,9.8,0.11875000000000001,0.0,0.0,0.0,0.0,7.0,1016.92,67.6,-16.02
2025-03-24 18:29:57.680000+00:00,,,,,354.125,-0.312,-1.062,22.79,-83.375,-5.562,-19.5,0.012,-0.006,-0.004,-0.37,0.23,9.64,-0.31,0.37,-0.36,-0.05,0.16,9.8,0.11875000000000001,0.0,0.0,0.0,0.0,7.0,1016.92,67.6,-16.02
2025-03-24 18:29:58.903000+00:00,,,,,354.125,-0.312,-1.062,22.79,-83.375,-5.562,-19.5,0.012,-0.006,-0.004,-0.37,0.23,9.64,-0.31,0.37,-0.36,-0.05,0.16,9.8,0.11875000000000001,0.0,0.0,0.0,0.0,7.0,1016.92,67.6,-16.02
2025-03-24 18:30:00.053000+00:00,,,,,354.125,-0.312,-1.062,22.79,-83.375,-5.562,-19.5,0.012,-0.006,-0.004,-0.37,0.23,9.64,-0.31,0.37,-0.36,-0.05,0.16,9.8,0.11875000000000001,1.25,0.0,0.0,0.0,7.0,1016.92,67.6,-16.02
2025-03-24 18:30:00.683000+00:00,,,,,354.125,-0.312,-1.062,22.79,-83.375,-5.562,-19.5,0.012,-0.006,-0.004,-0.37,0.23,9.64,-0.31,0.37,-0.36,-0.05,0.16,9.8,0.11875000000000001,-1.25,0.0,0.0,0.0,7.0,1016.92,67.6,-16.02
2025-03-24 18:30:01.662000+00:00,,,,,354.125,-0.312,-1.062,22.79,-83.375,-5.562,-19.5,0.012,-0.006,-0.004,-0.37,0.23,9.64,-0.31,0.37,-0.36,-0.05,0.16,9.8,0.11875000000000001,0.0,0.0,0.0,0.0,7.0,1016.92,67.6,-16.02
2025-03-24 18:30:02.715000+00:00,,,,,354.125,-0.312,-1.062,22.79,-83.375,-5.562,-19.5,0.012,-0.006,-0.004,-0.37,0.23,9.64,-0.31,0.37,-0.36,-0.05,0.16,9.8,0.11875000000000001,1.25,0.0,0.0,0.0,7.0,1016.92,67.6,-16.02
2025-03-24 18:30:03.709000+00:00,,,,,354.125,-0.312,-1.062,22.79,-83.375,-5.562,-19.5,0.012,-0.006,-0.004,-0.37,0.23,9.64,-0.31,0.37,-0.36,-0.05,0.16,9.8,0.11875000000000001,0.0,0.0,0.0,0.0,7.0,1016.92,67.6,-16.02
2025-03-24 18:30:04.712000+00:00,,,,,354.125,-0.312,-1.062,22.79,-83.375,-5.562,-19.5,0.012,-0.006,-0.004,-0.37,0.23,9.64,-0.31,0.37,-0.36,-0.05,0.16,9.8,0.11875000000000001,-1.25,0.0,0.0,0.0,7.0,1016.92,67.6,-16.02
2025-03-24 18:30:05.642000+00:00,,,,,354.125,-0.312,-1.062,22.79,-83.375,-5.562,-19.5,0.012,-0.006,-0.004,-0.37,0.23,9.64,-0.31,0.37,-0.36,-0.05,0.16,9.8,0.11875000000000001,-1.25,0.0,0.0,0.0,7.0,1016.92,67.6,-16.02
2025-03-24 18:30:06.376000+00:00,,,,,354.125,-0.312,-1.062,22.79,-83.375,-5.562,-19.5,0.012,-0.006,-0.004,-0.37,0.23,9.64,-0.31,0.37,-0.36,-0.05,0.16,9.8,0.11875000000000001,0.0,0.0,0.0,0.0,7.0,1016.92,67.6,-16.02
2025-03-24 18:30:07.380000+00:00,,,,,354.125,-0.312,-1.062,22.79,-83.375,-5.562,-19.5,0.012,-0.006,-0.004,-0.37,0.23,9.64,-0.31,0.37,-0.36,-0.05,0.16,9.8,0.11875000000000001,0.0,0.0,0.0,0.0,7.0,1016.92,67.6,-16.02
2025-03-24 18:30:08.402000+00:00,,,,,354.125,-0.312,-1.062,22.79,-83.375,-5.562,-19.5,0.012,-0.006,-0.004,-0.37,0.23,9.64,-0.31,0.37,-0.36,-0.05,0.16,9.8,0.11875000000000001,-1.25,0.0,0.0,0.0,7.0,1016.92,67.6,-16.02
2025-03-24 18:30:09.681000+00:00,,,,,354.125,-0.312,-1.062,22.79,-83.375,-5.562,-19.5,0.012,-0.006,-0.004,-0.37,0.23,9.64,-0.31,0.37,-0.36,-0.05,0.16,9.8,0.11875000000000001,0.0,0.0,0.0,0.0,7.0,1016.92,67.6,-16.02
2025-03-24 18:30:10.393000+00:00,,,,,354.125,-0.312,-1.062,22.79,-83.375,-5.562,-19.5,0.012,-0.006,-0.004,-0.37,0.23,9.64,-0.31,0.37,-0.36,-0.05,0.16,9.8,0.11875000000000001,-2.5,0.0,0.0,0.0,7.0,1016.92,67.6,-16.02
2025-03-24 18:30:11.395000+00:00,,,,,354.125,-0.312,-1.062,22.79,-83.375,-5.562,-19.5,0.012,-0.006,-0.004,-0.37,0.23,9.64,-0.31,0.37,-0.36,-0.05,0.16,9.8,0.11875000000000001,-1.25,0.0,0.0,0.0,7.0,1016.92,67.6,-16.02
2025-03-24 18:30:12.398000+00:00,,,,,354.125,-0.312,-1.062,22.79,-83.375,-5.562,-19.5,0.012,-0.006,-0.004,-0.37,0.23,9.64,-0.31,0.37,-0.36,-0.05,0.16,9.8,0.11875000000000001,0.0,0.0,0.0,0.0,7.0,1016.92,67.6,-16.02
2025-03-24 18:30:13.402000+00:00,,,,,354.125,-0.312,-1.062,22.79,-83.375,-5.562,-19.5,0.012,-0.006,-0.004,-0.37,0.23,9.64,-0.31,0.37,-0.36,-0.05,0.16,9.8,0.11875000000000001,0.0,0.0,0.0,0.0,7.0,1016.92,67.6,-16.02
2025-03-24 18:30:14.406000+00:00,,,,,354.125,-0.312,-1.062,22.79,-83.375,-5.562,-19.5,0.012,-0.006,-0.004,-0.37,0.23,9.64,-0.31,0.37,-0.36,-0.05,0.16,9.8,0.11875000000000001,0.0,0.0,0.0,0.0,7.0,1016.92,67.6,-16.02
2025-03-24 18:30:15.409000+00:00,,,,,354.125,-0.312,-1.062,22.79,-83.375,-5.562,-19.5,0.012,-0.006,-0.004,-0.37,0.23,9.64,-0.31,0.37,-0.36,-0.05,0.16,9.8,0.11875000000000001,0.0,0.0,0.0,0.0,7.0,1016.92,67.6,-16.02
2025-03-24 18:30:16.413000+00:00,,,,,354.125,-0.312,-1.062,22.79,-83.375,-5.562,-19.5,0.012,-0.006,-0.004,-0.37,0.23,9.64,-0.31,0.37,-0.36,-0.05,0.16,9.8,0.11875000000000001,-1.25,0.0,0.0,0.0,7.0,1016.92,67.6,-16.02
2025-03-24 18:30:17.417000+00:00,,,,,354.125,-0.312,-1.062,22.79,-83.375,-5.562,-19.5,0.012,-0.006,-0.004,-0.37,0.23,9.64,-0.31,0.37,-0.36,-0.05,0.16,9.8,0.11875000000000001,-1.25,0.0,0.0,0.0,7.0,1016.92,67.6,-16.02
2025-03-24 18:30:18.422000+00:00,,,,,354.125,-0.312,-1.062,22.79,-83.375,-5.562,-19.5,0.012,-0.006,-0.004,-0.37,0.23,9.64,-0.31,0.37,-0.36,-0.05,0.16,9.8,0.11875000000000001,0.0,0.0,0.0,0.0,7.0,1016.92,67.6,-16.02
2025-03-24 18:30:19.560000+00:00,,,,,354.125,-0.312,-1.062,22.79,-83.375,-5.562,-19.5,0.012,-0.006,-0.004,-0.37,0.23,9.64,-0.31,0.37,-0.36,-0.05,0.16,9.8,0.11875000000000001,0.0,0.0,0.0,0.0,7.0,1016.92,67.6,-16.02
2025-03-24 18:30:20.610000+00:00,,,,,354.125,-0.312,-1.062,22.79,-83.375,-5.562,-19.5,0.012,-0.006,-0.004,-0.37,0.23,9.64,-0.31,0.37,-0.36,-0.05,0.16,9.8,0.11875000000000001,-1.25,0.0,0.0,0.0,7.0,1016.92,67.6,-16.02
2025-03-24 18:30:21.433000+00:00,,,,,354.125,-0.312,-1.062,22.79,-83.375,-5.562,-19.5,0.012,-0.006,-0.004,-0.37,0.23,9.64,-0.31,0.37,-0.36,-0.05,0.16,9.8,0.11875000000000001,0.0,0.0,0.0,0.0,7.0,1016.92,67.6,-16.02
2025-03-24 18:30:22.436000+00:00,,,,,354.125,-0.312,-1.062,22.79,-83.375,-5.562,-19.5,0.012,-0.006,-0.004,-0.37,0.23,9.64,-0.31,0.37,-0.36,-0.05,0.16,9.8,0.11875000000000001,0.0,0.0,0.0,0.0,7.0,1016.92,67.6,-16.02
2025-03-24 18:30:23.440000+00:00,,,,,354.125,-0.312,-1.062,22.79,-83.375,-5.562,-19.5,0.012,-0.006,-0.004,-0.37,0.23,9.64,-0.31,0.37,-0.36,-0.05,0.16,9.8,0.11875000000000001,0.0,0.0,0.0,0.0,7.0,1016.92,67.6,-16.02
2025-03-24 18:30:24.445000+00:00,,,,,354.125,-0.312,-1.062,22.79,-83.375,-5.562,-19.5,0.012,-0.006,-0.004,-0.37,0.23,9.64,-0.31,0.37,-0.36,-0.05,0.16,9.8,0.11875000000000001,0.0,0.0,0.0,0.0,7.0,1016.92,67.6,-16.02
2025-03-24 18:30:25.448000+00:00,,,,,354.125,-0.312,-1.062,22.79,-83.375,-5.562,-19.5,0.012,-0.006,-0.004,-0.37,0.23,9.64,-0.31,0.37,-0.36,-0.05,0.16,9.8,0.11875000000000001,-1.25,0.0,0.0,0.0,7.0,1016.92,67.6,-16.02
2025-03-24 18:30:26.453000+00:00,,,,,354.125,-0.312,-1.062,22.79,-83.375,-5.562,-19.5,0.012,-0.006,-0.004,-0.37,0.23,9.64,-0.31,0.37,-0.36,-0.05,0.16,9.8,0.11875000000000001,1.25,0.0,0.0,0.0,7.0,1016.92,67.6,-16.02
2025-03-24 18:30:27.456000+00:00,,,,,354.125,-0.312,-1.062,22.79,-83.375,-5.562,-19.5,0.012,-0.006,-0.004,-0.37,0.23,9.64,-0.31,0.37,-0.36,-0.05,0.16,9.8,0.11875000000000001,-1.25,0.0,0.0,0.0,7.0,1016.92,67.6,-16.02
2025-03-24 18:30:28.460000+00:00,,,,,354.125,-0.312,-1.062,22.79,-83.375,-5.562,-19.5,0.012,-0.006,-0.004,-0.37,0.23,9.64,-0.31,0.37,-0.36,-0.05,0.16,9.8,0.11875000000000001,0.0,0.0,0.0,0.0,7.0,1016.92,67.6,-16.02
2025-03-24 18:30:29.569000+00:00,,,,,354.125,-0.312,-1.062,22.79,-83.375,-5.562,-19.5,0.012,-0.006,-0.004,-0.37,0.23,9.64,-0.31,0.37,-0.36,-0.05,0.16,9.8,0.11875000000000001,0.0,0.0,0.0,0.0,7.0,1016.92,67.6,-16.02
2025-03-24 18:30:30.736000+00:00,,,,,354.125,-0.312,-1.062,22.79,-83.375,-5.562,-19.5,0.012,-0.006,-0.004,-0.37,0.23,9.64,-0.31,0.37,-0.36,-0.05,0.16,9.8,0.11875000000000001,1.25,0.0,0.0,0.0,7.0,1016.92,67.6,-16.02
2025-03-24 18:30:31.680000+00:00,,,,,354.125,-0.312,-1.062,22.79,-83.375,-5.562,-19.5,0.012,-0.006,-0.004,-0.37,0.23,9.64,-0.31,0.37,-0.36,-0.05,0.16,9.8,0.11875000000000001,0.0,0.0,0.0,0.0,7.0,1016.92,67.6,-16.02
2025-03-24 18:30:32.689000+00:00,,,,,354.125,-0.312,-1.062,22.79,-83.375,-5.562,-19.5,0.012,-0.006,-0.004,-0.37,0.23,9.64,-0.31,0.37,-0.36,-0.05,0.16,9.8,0.11875000000000001,0.0,0.0,0.0,0.0,7.0,1016.92,67.6,-16.02
2025-03-24 18:30:33.478000+00:00,,,,,354.125,-0.312,-1.062,22.79,-83.375,-5.562,-19.5,0.012,-0.006,-0.004,-0.37,0.23,9.64,-0.31,0.37,-0.36,-0.05,0.16,9.8,0.11875000000000001,0.0,0.0,0.0,0.0,7.0,1016.92,67.6,-16.02
2025-03-24 18:30:34.482000+00:00,,,,,354.125,-0.312,-1.062,22.79,-83.375,-5.562,-19.5,0.012,-0.006,-0.004,-0.37,0.23,9.64,-0.31,0.37,-0.36,-0.05,0.16,9.8,0.11875000000000001,1.25,0.0,0.0,0.0,7.0,1016.92,67.6,-16.02
2025-03-24 18:30:35.486000+00:00,,,,,354.125,-0.312,-1.062,22.79,-83.375,-5.562,-19.5,0.012,-0.006,-0.004,-0.37,0.23,9.64,-0.31,0.37,-0.36,-0.05,0.16,9.8,0.11875000000000001,0.0,0.0,0.0,0.0,7.0,1016.92,67.6,-16.02
2025-03-24 18:30:36.493000+00:00,,,,,354.125,-0.312,-1.062,22.79,-83.375,-5.562,-19.5,0.012,-0.006,-0.004,-0.37,0.23,9.64,-0.31,0.37,-0.36,-0.05,0.16,9.8,0.11875000000000001,1.25,0.0,0.0,0.0,7.0,1016.92,67.6,-16.02
2025-03-24 18:30:37.496000+00:00,,,,,354.125,-0.312,-1.062,22.79,-83.375,-5.562,-19.5,0.012,-0.006,-0.004,-0.37,0.23,9.64,-0.31,0.37,-0.36,-0.05,0.16,9.8,0.11875000000000001,0.0,0.0,0.0,0.0,7.0,1016.92,67.6,-16.02
2025-03-24 18:30:38.497000+00:00,,,,,354.125,-0.312,-1.062,22.79,-83.375,-5.562,-19.5,0.012,-0.006,-0.004,-0.37,0.23,9.64,-0.31,0.37,-0.36,-0.05,0.16,9.8,0.11875000000000001,-1.25,0.0,0.0,0.0,7.0,1016.92,67.6,-16.02
2025-03-24 18:30:39.789000+00:00,,,,,354.125,-0.312,-1.062,22.79,-83.375,-5.562,-19.5,0.012,-0.006,-0.004,-0.37,0.23,9.64,-0.31,0.37,-0.36,-0.05,0.16,9.8,0.11875000000000001,0.0,0.0,0.0,0.0,7.0,1016.92,67.6,-16.02
2025-03-24 18:30:40.504000+00:00,,,,,354.125,-0.312,-1.062,22.79,-83.375,-5.562,-19.5,0.012,-0.006,-0.004,-0.37,0.23,9.64,-0.31,0.37,-0.36,-0.05,0.16,9.8,0.11875000000000001,0.0,0.0,0.0,0.0,7.0,1016.92,67.6,-16.02
2025-03-24 18:29:41.583000+00:00,,,,,354.125,-0.312,-1.062,22.79,-83.375,-5.562,-19.5,0.012,-0.006,-0.004,-0.37,0.23,9.64,-0.31,0.37,-0.36,-0.05,0.16,9.8,0.11875000000000001,0.0,0.0,0.0,0.0,7.0,1016.92,67.6,-16.02
2025-03-24 18:29:42.590000+00:00,,,,,354.125,-0.312,-1.062,22.79,-83.375,-5.562,-19.5,0.012,-0.006,-0.004,-0.37,0.23,9.64,-0.31,0.37,-0.36,-0.05,0.16,9.8,0.11875000000000001,0.0,0.0,0.0,0.0,7.0,1016.92,67.6,-16.02
2025-03-24 18:29:43.713000+00:00,,,,,354.125,-0.312,-1.062,22.79,-83.375,-5.562,-19.5,0.012,-0.006,-0.004,-0.37,0.23,9.64,-0.31,0.37,-0.36,-0.05,0.16,9.8,0.11875000000000001,0.0,0.0,0.0,0.0,7.0,1016.92,67.6,-16.02
2025-03-24 18:29:44.668000+00:00,,,,,354.125,-0.312,-1.062,22.79,-83.375,-5.562,-19.5,0.012,-0.006,-0.004,-0.37,0.23,9.64,-0.31,0.37,-0.36,-0.05,0.16,9.8,0.11875000000000001,0.0,0.0,0.0,0.0,7.0,1016.92,67.6,-16.02
2025-03-24 18:29:45.793000+00:00,,,,,354.125,-0.312,-1.062,22.79,-83.375,-5.562,-19.5,0.012,-0.006,-0.004,-0.37,0.23,9.64,-0.31,0.37,-0.36,-0.05,0.16,9.8,0.11875000000000001,0.0,0.0,0.0,0.0,7.0,1016.92,67.6,-16.02
2025-03-24 18:29:46.943000+00:00,,,,,354.125,-0.312,-1.062,22.79,-83.375,-5.562,-19.5,0.012,-0.006,-0.004,-0.37,0.23,9.64,-0.31,0.37,-0.36,-0.05,0.16,9.8,0.11875000000000001,0.0,0.0,0.0,0.0,7.0,1016.92,67.6,-16.02
2025-03-24 18:29:47.917000+00:00,,,,,354.125,-0.312,-1.062,22.79,-83.375,-5.562,-19.5,0.012,-0.006,-0.004,-0.37,0.23,9.64,-0.31,0.37,-0.36,-0.05,0.16,9.8,0.11875000000000001,0.0,0.0,0.0,0.0,7.0,1016.92,67.6,-16.02
2025-03-24 18:29:48.924000+00:00,,,,,354.125,-0.312,-1.062,22.79,-83.375,-5.562,-19.5,0.012,-0.006,-0.004,-0.37,0.23,9.64,-0.31,0.37,-0.36,-0.05,0.16,9.8,0.11875000000000001,0.0,0.0,0.0,0.0,7.0,1016.92,67.6,-16.02
2025-03-24 18:29:49.999000+00:00,,,,,354.125,-0.312,-1.062,22.79,-83.375,-5.562,-19.5,0.012,-0.006,-0.004,-0.37,0.23,9.64,-0.31,0.37,-0.36,-0.05,0.16,9.8,0.11875000000000001,0.0,0.0,0.0,0.0,7.0,1016.92,67.6,-16.02
2025-03-24 18:29:50.684000+00:00,,,,,354.125,-0.312,-1.062,22.79,-83.375,-5.562,-19.5,0.012,-0.006,-0.004,-0.37,0.23,9.64,-0.31,0.37,-0.36,-0.05,0.16,9.8,0.11875000000000001,0.0,0.0,0.0,0.0,7.0,1016.92,67.6,-16.02
2025-03-24 18:29:51.719000+00:00,,,,,354.125,-0.312,-1.062,22.79,-83.375,-5.562,-19.5,0.012,-0.006,-0.004,-0.37,0.23,9.64,-0.31,0.37,-0.36,-0.05,0.16,9.8,0.11875000000000001,0.0,0.0,0.0,0.0,7.0,1016.92,67.6,-16.02
2025-03-24 18:29:52.693000+00:00,,,,,354.125,-0.312,-1.062,22.79,-83.375,-5.562,-19.5,0.012,-0.006,-0.004,-0.37,0.23,9.64,-0.31,0.37,-0.36,-0.05,0.16,9.8,0.11875000000000001,0.0,0.0,0.0,0.0,7.0,1016.92,67.6,-16.02
2025-03-24 18:29:53.728000+00:00,,,,,354.125,-0.312,-1.062,22.79,-83.375,-5.562,-19.5,0.012,-0.006,-0.004,-0.37,0.23,9.64,-0.31,0.37,-0.36,-0.05,0.16,9.8,0.11875000000000001,0.0,0.0,0.0,0.0,7.0,1016.92,67.6,-16.02
2025-03-24 18:29:54.739000+00:00,,,,,354.125,-0.312,-1.062,22.79,-83.375,-5.562,-19.5,0.012,-0.006,-0.004,-0.37,0.23,9.64,-0.31,0.37,-0.36,-0.05,0.16,9.8,0.11875000000000001,0.0,0.0,0.0,0.0,7.0,1016.92,67.6,-16.02
2025-03-24 18:29:55.763000+00:00,,,,,354.125,-0.312,-1.062,22.79,-83.375,-5.562,-19.5,0.012,-0.006,-0.004,-0.37,0.23,9.64,-0.31,0.37,-0.36,-0.05,0.16,9.8,0.11875000000000001,0.0,0.0,0.0,0.0,7.0,1016.92,67.6,-16.02
2025-03-24 18:29:56.778000+00:00,,,,,354.125,-0.312,-1.062,22.79,-83.375,-5.562,-19.5,0.012,-0.006,-0.004,-0.37,0.23,9.64,-0.31,0.37,-0.36,-0.05,0.16,9.8,0.11875000000000001,0.0,0.0,0.0,0.0,7.0,1016.92,67.6,-16.02
2025-03-24 18:29:57.786000+00:00,,,,,354.125,-0.312,-1.062,22.79,-83.375,-5.562,-19.5,0.012,-0.006,-0.004,-0.37,0.23,9.64,-0.31,0.37,-0.36,-0.05,0.16,9.8,0.11875000000000001,0.0,0.0,0.0,0.0,7.0,1016.92,67.6,-16.02
2025-03-24 18:29:59.003000+00:00,,,,,354.125,-0.312,-1.062,22.79,-83.375,-5.562,-19.5,0.012,-0.006,-0.004,-0.37,0.23,9.64,-0.31,0.37,-0.36,-0.05,0.16,9.8,0.11875000000000001,0.0,0.0,0.0,0.0,7.0,1016.92,67.6,-16.02
2025-03-24 18:30:00.152000+00:00,,,,,354.125,-0.312,-1.062,22.79,-83.375,-5.562,-19.5,0.012,-0.006,-0.004,-0.37,0.23,9.64,-0.31,0.37,-0.36,-0.05,0.16,9.8,0.11875000000000001,0.0,0.0,0.0,0.0,7.0,1016.92,67.6,-16.02
2025-03-24 18:30:00.798000+00:00,,,,,354.125,-0.312,-1.062,22.79,-83.375,-5.562,-19.5,0.012,-0.006,-0.004,-0.37,0.23,9.64,-0.31,0.37,-0.36,-0.05,0.16,9.8,0.11875000000000001,0.0,0.0,0.0,0.0,7.0,1016.92,67.6,-16.02
2025-03-24 18:30:01.779000+00:00,,,,,354.125,-0.312,-1.062,22.79,-83.375,-5.562,-19.5,0.012,-0.006,-0.004,-0.37,0.23,9.64,-0.31,0.37,-0.36,-0.05,0.16,9.8,0.11875000000000001,0.0,0.0,0.0,0.0,7.0,1016.92,67.6,-16.02
2025-03-24 18:30:02.811000+00:00,,,,,354.125,-0.312,-1.062,22.79,-83.375,-5.562,-19.5,0.012,-0.006,-0.004,-0.37,0.23,9.64,-0.31,0.37,-0.36,-0.05,0.16,9.8,0.11875000000000001,0.0,0.0,0.0,0.0,7.0,1016.92,67.6,-16.02
2025-03-24 18:30:03.818000+00:00,,,,,354.125,-0.312,-1.062,22.79,-83.375,-5.562,-19.5,0.012,-0.006,-0.004,-0.37,0.23,9.64,-0.31,0.37,-0.36,-0.05,0.16,9.8,0.11875000000000001,0.0,0.0,0.0,0.0,7.0,1016.92,67.6,-16.02
2025-03-24 18:30:04.837000+00:00,,,,,354.125,-0.312,-1.062,22.79,-83.375,-5.562,-19.5,0.012,-0.006,-0.004,-0.37,0.23,9.64,-0.31,0.37,-0.36,-0.05,0.16,9.8,0.11875000000000001,0.0,0.0,0.0,0.0,7.0,1016.92,67.6,-16.02
2025-03-24 18:30:05.743000+00:00,,,,,354.125,-0.312,-1.062,22.79,-83.375,-5.562,-19.5,0.012,-0.006,-0.004,-0.37,0.23,9.64,-0.31,0.37,-0.36,-0.05,0.16,9.8,0.11875000000000001,0.0,0.0,0.0,0.0,7.0,1016.92,67.6,-16.02
2025-03-24 18:30:06.492000+00:00,,,,,354.125,-0.312,-1.062,22.79,-83.375,-5.562,-19.5,0.012,-0.006,-0.004,-0.37,0.23,9.64,-0.31,0.37,-0.36,-0.05,0.16,9.8,0.11875000000000001,0.0,0.0,0.0,0.0,7.0,1016.92,67.6,-16.02
2025-03-24 18:30:07.492000+00:00,,,,,354.125,-0.312,-1.062,22.79,-83.375,-5.562,-19.5,0.012,-0.006,-0.004,-0.37,0.23,9.64,-0.31,0.37,-0.36,-0.05,0.16,9.8,0.11875000000000001,0.0,0.0,0.0,0.0,7.0,1016.92,67.6,-16.02
2025-03-24 18:30:08.518000+00:00,,,,,354.125,-0.312,-1.062,22.79,-83.375,-5.562,-19.5,0.012,-0.006,-0.004,-0.37,0.23,9.64,-0.31,0.37,-0.36,-0.05,0.16,9.8,0.11875000000000001,0.0,0.0,0.0,0.0,7.0,1016.92,67.6,-16.02
2025-03-24 18:30:09.791000+00:00,,,,,354.125,-0.312,-1.062,22.79,-83.375,-5.562,-19.5,0.012,-0.006,-0.004,-0.37,0.23,9.64,-0.31,0.37,-0.36,-0.05,0.16,9.8,0.11875000000000001,0.0,0.0,0.0,0.0,7.0,1016.92,67.6,-16.02
2025-03-24 18:30:10.500000+00:00,,,,,354.125,-0.312,-1.062,22.79,-83.375,-5.562,-19.5,0.012,-0.006,-0.004,-0.37,0.23,9.64,-0.31,0.37,-0.36,-0.05,0.16,9.8,0.11875000000000001,0.0,0.0,0.0,0.0,7.0,1016.92,67.6,-16.02
2025-03-24 18:30:11.492000+00:00,,,,,354.125,-0.312,-1.062,22.79,-83.375,-5.562,-19.5,0.012,-0.006,-0.004,-0.37,0.23,9.64,-0.31,0.37,-0.36,-0.05,0.16,9.8,0.11875000000000001,0.0,0.0,0.0,0.0,7.0,1016.92,67.6,-16.02
2025-03-24 18:30:12.500000+00:00,,,,,354.125,-0.312,-1.062,22.79,-83.375,-5.562,-19.5,0.012,-0.006,-0.004,-0.37,0.23,9.64,-0.31,0.37,-0.36,-0.05,0.16,9.8,0.11875000000000001,0.0,0.0,0.0,0.0,7.0,1016.92,67.6,-16.02
2025-03-24 18:30:13.501000+00:00,,,,,354.125,-0.312,-1.062,22.79,-83.375,-5.562,-19.5,0.012,-0.006,-0.004,-0.37,0.23,9.64,-0.31,0.37,-0.36,-0.05,0.16,9.8,0.11875000000000001,0.0,0.0,0.0,0.0,7.0,1016.92,67.6,-16.02
2025-03-24 18:30:14.510000+00:00,,,,,354.125,-0.312,-1.062,22.79,-83.375,-5.562,-19.5,0.012,-0.006,-0.004,-0.37,0.23,9.64,-0.31,0.37,-0.36,-0.05,0.16,9.8,0.11875000000000001,0.0,0.0,0.0,0.0,7.0,1016.92,67.6,-16.02
2025-03-24 18:30:15.510000+00:00,,,,,354.125,-0.312,-1.062,22.79,-83.375,-5.562,-19.5,0.012,-0.006,-0.004,-0.37,0.23,9.64,-0.31,0.37,-0.36,-0.05,0.16,9.8,0.11875000000000001,0.0,0.0,0.0,0.0,7.0,1016.92,67.6,-16.02
2025-03-24 18:30:16.520000+00:00,,,,,354.125,-0.312,-1.062,22.79,-83.375,-5.562,-19.5,0.012,-0.006,-0.004,-0.37,0.23,9.64,-0.31,0.37,-0.36,-0.05,0.16,9.8,0.11875000000000001,0.0,0.0,0.0,0.0,7.0,1016.92,67.6,-16.02
2025-03-24 18:30:17.520000+00:00,,,,,354.125,-0.312,-1.062,22.79,-83.375,-5.562,-19.5,0.012,-0.006,-0.004,-0.37,0.23,9.64,-0.31,0.37,-0.36,-0.05,0.16,9.8,0.11875000000000001,0.0,0.0,0.0,0.0,7.0,1016.92,67.6,-16.02
2025-03-24 18:30:18.530000+00:00,,,,,354.125,-0.312,-1.062,22.79,-83.375,-5.562,-19.5,0.012,-0.006,-0.004,-0.37,0.23,9.64,-0.31,0.37,-0.36,-0.05,0.16,9.8,0.11875000000000001,0.0,0.0,0.0,0.0,7.0,1016.92,67.6,-16.02
2025-03-24 18:30:19.681000+00:00,,,,,354.125,-0.312,-1.062,22.79,-83.375,-5.562,-19.5,0.012,-0.006,-0.004,-0.37,0.23,9.64,-0.31,0.37,-0.36,-0.05,0.16,9.8,0.11875000000000001,0.0,0.0,0.0,0.0,7.0,1016.92,67.6,-16.02
2025-03-24 18:30:20.715000+00:00,,,,,354.125,-0.312,-1.062,22.79,-83.375,-5.562,-19.5,0.012,-0.006,-0.004,-0.37,0.23,9.64,-0.31,0.37,-0.36,-0.05,0.16,9.8,0.11875000000000001,0.0,0.0,0.0,0.0,7.0,1016.92,67.6,-16.02
2025-03-24 18:30:21.540000+00:00,,,,,354.125,-0.312,-1.062,22.79,-83.375,-5.562,-19.5,0.012,-0.006,-0.004,-0.37,0.23,9.64,-0.31,0.37,-0.36,-0.05,0.16,9.8,0.11875000000000001,0.0,0.0,0.0,0.0,7.0,1016.92,67.6,-16.02
2025-03-24 18:30:22.550000+00:00,,,,,354.125,-0.312,-1.062,22.79,-83.375,-5.562,-19.5,0.012,-0.006,-0.004,-0.37,0.23,9.64,-0.31,0.37,-0.36,-0.05,0.16,9.8,0.11875000000000001,0.0,0.0,0.0,0.0,7.0,1016.92,67.6,-16.02
2025-03-24 18:30:23.556000+00:00,,,,,354.125,-0.312,-1.062,22.79,-83.375,-5.562,-19.5,0.012,-0.006,-0.004,-0.37,0.23,9.64,-0.31,0.37,-0.36,-0.05,0.16,9.8,0.11875000000000001,0.0,0.0,0.0,0.0,7.0,1016.92,67.6,-16.02
2025-03-24 18:30:24.544000+00:00,,,,,354.125,-0.312,-1.062,22.79,-83.375,-5.562,-19.5,0.012,-0.006,-0.004,-0.37,0.23,9.64,-0.31,0.37,-0.36,-0.05,0.16,9.8,0.11875000000000001,0.0,0.0,0.0,0.0,7.0,1016.92,67.6,-16.02
2025-03-24 18:30:25.550000+00:00,,,,,354.125,-0.312,-1.062,22.79,-83.375,-5.562,-19.5,0.012,-0.006,-0.004,-0.37,0.23,9.64,-0.31,0.37,-0.36,-0.05,0.16,9.8,0.11875000000000001,0.0,0.0,0.0,0.0,7.0,1016.92,67.6,-16.02
2025-03-24 18:30:26.560000+00:00,,,,,354.125,-0.312,-1.062,22.79,-83.375,-5.562,-19.5,0.012,-0.006,-0.004,-0.37,0.23,9.64,-0.31,0.37,-0.36,-0.05,0.16,9.8,0.11875000000000001,0.0,0.0,0.0,0.0,7.0,1016.92,67.6,-16.02
2025-03-24 18:30:27.571000+00:00,,,,,354.125,-0.312,-1.062,22.79,-83.375,-5.562,-19.5,0.012,-0.006,-0.004,-0.37,0.23,9.64,-0.31,0.37,-0.36,-0.05,0.16,9.8,0.11875000000000001,0.0,0.0,0.0,0.0,7.0,1016.92,67.6,-16.02
2025-03-24 18:30:28.576000+00:00,,,,,354.125,-0.312,-1.062,22.79,-83.375,-5.562,-19.5,0.012,-0.006,-0.004,-0.37,0.23,9.64,-0.31,0.37,-0.36,-0.05,0.16,9.8,0.11875000000000001,0.0,0.0,0.0,0.0,7.0,1016.92,67.6,-16.02
2025-03-24 18:30:29.669000+00:00,,,,,354.125,-0.312,-1.062,22.79,-83.375,-5.562,-19.5,0.012,-0.006,-0.004,-0.37,0.23,9.64,-0.31,0.37,-0.36,-0.05,0.16,9.8,0.11875000000000001,0.0,0.0,0.0,0.0,7.0,1016.92,67.6,-16.02
2025-03-24 18:30:30.856000+00:00,,,,,354.125,-0.312,-1.062,22.79,-83.375,-5.562,-19.5,0.012,-0.006,-0.004,-0.37,0.23,9.64,-0.31,0.37,-0.36,-0.05,0.16,9.8,0.11875000000000001,0.0,0.0,0.0,0.0,7.0,1016.92,67.6,-16.02
2025-03-24 18:30:31.796000+00:00,,,,,354.125,-0.312,-1.062,22.79,-83.375,-5.562,-19.5,0.012,-0.006,-0.004,-0.37,0.23,9.64,-0.31,0.37,-0.36,-0.05,0.16,9.8,0.11875000000000001,0.0,0.0,0.0,0.0,7.0,1016.92,67.6,-16.02
2025-03-24 18:30:32.790000+00:00,,,,,354.125,-0.312,-1.062,22.79,-83.375,-5.562,-19.5,0.012,-0.006,-0.004,-0.37,0.23,9.64,-0.31,0.37,-0.36,-0.05,0.16,9.8,0.11875000000000001,0.0,0.0,0.0,0.0,7.0,1016.92,67.6,-16.02
2025-03-24 18:30:33.589000+00:00,,,,,354.125,-0.312,-1.062,22.79,-83.375,-5.562,-19.5,0.012,-0.006,-0.004,-0.37,0.23,9.64,-0.31,0.37,-0.36,-0.05,0.16,9.8,0.11875000000000001,0.0,0.0,0.0,0.0,7.0,1016.92,67.6,-16.02
2025-03-24 18:30:34.586000+00:00,,,,,354.125,-0.312,-1.062,22.79,-83.375,-5.562,-19.5,0.012,-0.006,-0.004,-0.37,0.23,9.64,-0.31,0.37,-0.36,-0.05,0.16,9.8,0.11875000000000001,0.0,0.0,0.0,0.0,7.0,1016.92,67.6,-16.02
2025-03-24 18:30:35.600000+00:00,,,,,354.125,-0.312,-1.062,22.79,-83.375,-5.562,-19.5,0.012,-0.006,-0.004,-0.37,0.23,9.64,-0.31,0.37,-0.36,-0.05,0.16,9.8,0.11875000000000001,0.0,0.0,0.0,0.0,7.0,1016.92,67.6,-16.02
2025-03-24 18:30:36.591000+00:00,,,,,354.125,-0.312,-1.062,22.79,-83.375,-5.562,-19.5,0.012,-0.006,-0.004,-0.37,0.23,9.64,-0.31,0.37,-0.36,-0.05,0.16,9.8,0.11875000000000001,0.0,0.0,0.0,0.0,7.0,1016.92,67.6,-16.02
2025-03-24 18:30:37.598000+00:00,,,,,354.125,-0.312,-1.062,22.79,-83.375,-5.562,-19.5,0.012,-0.006,-0.004,-0.37,0.23,9.64,-0.31,0.37,-0.36,-0.05,0.16,9.8,0.11875000000000001,0.0,0.0,0.0,0.0,7.0,1016.92,67.6,-16.02
2025-03-24 18:30:38.599000+00:00,,,,,354.125,-0.312,-1.062,22.79,-83.375,-5.562,-19.5,0.012,-0.006,-0.004,-0.37,0.23,9.64,-0.31,0.37,-0.36,-0.05,0.16,9.8,0.11875000000000001,0.0,0.0,0.0,0.0,7.0,1016.92,67.6,-16.02
2025-03-24 18:30:39.888000+00:00,,,,,354.125,-0.312,-1.062,22.79,-83.375,-5.562,-19.5,0.012,-0.006,-0.004,-0.37,0.23,9.64,-0.31,0.37,-0.36,-0.05,0.16,9.8,0.11875000000000001,0.0,0.0,0.0,0.0,7.0,1016.92,67.6,-16.02
2025-03-24 18:30:40.599000+00:00,,,,,354.125,-0.312,-1.062,22.79,-83.375,-5.562,-19.5,0.012,-0.006,-0.004,-0.37,0.23,9.64,-0.31,0.37,-0.36,-0.05,0.16,9.8,0.11875000000000001,0.0,0.0,0.0,0.0,7.0,1016.92,67.6,-16.02
2025-03-24 18:29:42.650000+00:00,,,,,354.125,-0.312,-1.062,22.79,-83.375,-5.562,-19.5,0.012,-0.006,-0.004,-0.37,0.23,9.64,-0.31,0.37,-0.36,-0.05,0.16,9.8,0.11875000000000001,0.0,0.0,0.0,0.0,7.0,1016.92,67.6,-16.02
2025-03-24 18:29:47.970000+00:00,,,,,354.125,-0.312,-1.062,22.79,-83.375,-5.562,-19.5,0.012,-0.006,-0.004,-0.37,0.23,9.64,-0.31,0.37,-0.36,-0.05,0.16,9.8,0.11875000000000001,0.0,0.0,0.0,0.0,7.0,1016.92,67.6,-16.02
2025-03-24 18:29:52.749000+00:00,,,,,354.125,-0.312,-1.062,22.79,-83.375,-5.562,-19.5,0.012,-0.006,-0.004,-0.37,0.23,9.64,-0.31,0.37,-0.36,-0.05,0.16,9.8,0.11875000000000001,0.0,0.0,0.0,0.0,7.0,1016.92,67.6,-16.02
2025-03-24 18:29:57.833000+00:00,,,,,354.125,-0.312,-1.062,22.79,-83.375,-5.562,-19.5,0.012,-0.006,-0.004,-0.37,0.23,9.64,-0.31,0.37,-0.36,-0.05,0.16,9.8,0.11875000000000001,0.0,0.0,0.0,0.0,7.0,1016.92,67.6,-16.02
2025-03-24 18:30:02.868000+00:00,,,,,354.125,-0.312,-1.062,22.79,-83.375,-5.562,-19.5,0.012,-0.006,-0.004,-0.37,0.23,9.64,-0.31,0.37,-0.36,-0.05,0.16,9.8,0.11875000000000001,0.0,0.0,0.0,0.0,7.0,1016.92,67.6,-16.02
2025-03-24 18:30:07.939000+00:00,,,,,354.125,-0.312,-1.062,22.79,-83.375,-5.562,-19.5,0.012,-0.006,-0.004,-0.37,0.23,9.64,-0.31,0.37,-0.36,-0.05,0.16,9.8,0.11875000000000001,0.0,0.0,0.0,0.0,7.0,1016.92,67.6,-16.02
2025-03-24 18:30:13.257000+00:00,,,,,354.125,-0.312,-1.062,22.79,-83.375,-5.562,-19.5,0.012,-0.006,-0.004,-0.37,0.23,9.64,-0.31,0.37,-0.36,-0.05,0.16,9.8,0.11875000000000001,0.0,0.0,0.0,0.0,7.0,1016.92,67.6,-16.02
2025-03-24 18:30:17.964000+00:00,,,,,354.125,-0.312,-1.062,22.79,-83.375,-5.562,-19.5,0.012,-0.006,-0.004,-0.37,0.23,9.64,-0.31,0.37,-0.36,-0.05,0.16,9.8,0.11875000000000001,0.0,0.0,0.0,0.0,7.0,1016.92,67.6,-16.02
2025-03-24 18:30:23.297000+00:00,,,,,354.125,-0.312,-1.062,22.79,-83.375,-5.562,-19.5,0.012,-0.006,-0.004,-0.37,0.23,9.64,-0.31,0.37,-0.36,-0.05,0.16,9.8,0.11875000000000001,0.0,0.0,0.0,0.0,7.0,1016.92,67.6,-16.02
2025-03-24 18:30:27.670000+00:00,,,,,354.125,-0.312,-1.062,22.79,-83.375,-5.562,-19.5,0.012,-0.006,-0.004,-0.37,0.23,9.64,-0.31,0.37,-0.36,-0.05,0.16,9.8,0.11875000000000001,0.0,0.0,0.0,0.0,7.0,1016.92,67.6,-16.02
2025-03-24 18:30:32.839000+00:00,,,,,354.125,-0.312,-1.062,22.79,-83.375,-5.562,-19.5,0.012,-0.006,-0.004,-0.37,0.23,9.64,-0.31,0.37,-0.36,-0.05,0.16,9.8,0.11875000000000001,0.0,0.0,0.0,0.0,7.0,1016.92,67.6,-16.02
2025-03-24 18:30:37.648000+00:00,,,,,354.125,-0.312,-1.062,22.79,-83.375,-5.562,-19.5,0.012,-0.006,-0.004,-0.37,0.23,9.64,-0.31,0.37,-0.36,-0.05,0.16,9.8,0.11875000000000001,0.0,0.0,0.0,0.0,7.0,1016.92,67.6,-16.02
2025-03-24 18:29:41.767000+00:00,,,,,354.125,-0.312,-1.062,22.79,-83.375,-5.562,-19.5,0.012,-0.006,-0.004,-0.37,0.23,9.64,-0.31,0.37,-0.36,-0.05,0.16,9.8,0.11875000000000001,0.0,0.0,0.0,0.0,7.0,1016.92,67.6,-16.02
2025-03-24 18:29:42.912000+00:00,,,,,354.125,-0.312,-1.062,22.79,-83.375,-5.562,-19.5,0.012,-0.006,-0.004,-0.37,0.23,9.64,-0.31,0.37,-0.36,-0.05,0.16,9.8,0.11875000000000001,0.0,0.0,0.0,0.0,7.0,1016.92,67.6,-16.02
2025-03-24 18:29:43.855000+00:00,,,,,354.125,-0.312,-1.062,22.79,-83.375,-5.562,-19.5,0.012,-0.006,-0.004,-0.37,0.23,9.64,-0.31,0.37,-0.36,-0.05,0.16,9.8,0.11875000000000001,0.0,0.0,0.0,0.0,7.0,1016.92,67.6,-16.02
2025-03-24 18:29:45+00:00,,,,,354.125,-0.312,-1.062,22.79,-83.375,-5.562,-19.5,0.012,-0.006,-0.004,-0.37,0.23,9.64,-0.31,0.37,-0.36,-0.05,0.16,9.8,0.11875000000000001,0.0,0.0,0.0,0.4,7.0,1016.92,67.6,-16.02
2025-03-24 18:29:46.145000+00:00,,,,,354.125,-0.312,-1.062,22.79,-83.375,-5.562,-19.5,0.012,-0.006,-0.004,-0.37,0.23,9.64,-0.31,0.37,-0.36,-0.05,0.16,9.8,0.11875000000000001,0.0,0.0,0.0,0.4,7.0,1016.92,67.6,-16.02
2025-03-24 18:29:47.089000+00:00,,,,,354.125,-0.312,-1.062,22.79,-83.375,-5.562,-19.5,0.012,-0.006,-0.004,-0.37,0.23,9.64,-0.31,0.37,-0.36,-0.05,0.16,9.8,0.11875000000000001,0.0,0.0,0.0,0.4,7.0,1016.92,67.6,-16.02
2025-03-24 18:29:48.133000+00:00,,,,,354.125,-0.312,-1.062,22.79,-83.375,-5.562,-19.5,0.012,-0.006,-0.004,-0.37,0.23,9.64,-0.31,0.37,-0.36,-0.05,0.16,9.8,0.11875000000000001,0.0,0.0,0.0,0.5,7.0,1016.92,67.6,-16.02
2025-03-24 18:29:49.573000+00:00,,,,,354.125,-0.312,-1.062,22.79,-83.375,-5.562,-19.5,0.012,-0.006,-0.004,-0.37,0.23,9.64,-0.31,0.37,-0.36,-0.05,0.16,9.8,0.11875000000000001,0.0,0.0,0.0,0.5,7.0,1016.92,67.6,-16.02
2025-03-24 18:29:50.739000+00:00,,,,,354.125,-0.312,-1.062,22.79,-83.375,-5.562,-19.5,0.012,-0.006,-0.004,-0.37,0.23,9.64,-0.31,0.37,-0.36,-0.05,0.16,9.8,0.11875000000000001,0.0,0.0,0.0,0.5,7.0,1016.92,67.6,-16.02
2025-03-24 18:29:51.773000+00:00,,,,,354.125,-0.312,-1.062,22.79,-83.375,-5.562,-19.5,0.012,-0.006,-0.004,-0.37,0.23,9.64,-0.31,0.37,-0.36,-0.05,0.16,9.8,0.11875000000000001,0.0,0.0,0.0,0.6,7.0,1016.92,67.6,-16.02
2025-03-24 18:29:52.802000+00:00,,,,,354.125,-0.312,-1.062,22.79,-83.375,-5.562,-19.5,0.012,-0.006,-0.004,-0.37,0.23,9.64,-0.31,0.37,-0.36,-0.05,0.16,9.8,0.11875000000000001,0.0,0.0,0.0,0.6,7.0,1016.92,67.6,-16.02
2025-03-24 18:29:53.782000+00:00,,,,,354.125,-0.312,-1.062,22.79,-83.375,-5.562,-19.5,0.012,-0.006,-0.004,-0.37,0.23,9.64,-0.31,0.37,-0.36,-0.05,0.16,9.8,0.11875000000000001,0.0,0.0,0.0,0.7,7.0,1016.92,67.6,-16.02
2025-03-24 18:29:54.910000+00:00,,,,,354.125,-0.312,-1.062,22.79,-83.375,-5.562,-19.5,0.012,-0.006,-0.004,-0.37,0.23,9.64,-0.31,0.37,-0.36,-0.05,0.16,9.8,0.11875000000000001,0.0,0.0,0.0,0.7,7.0,1016.92,67.6,-16.02
2025-03-24 18:29:55.954000+00:00,,,,,354.125,-0.312,-1.062,22.79,-83.375,-5.562,-19.5,0.012,-0.006,-0.004,-0.37,0.23,9.64,-0.31,0.37,-0.36,-0.05,0.16,9.8,0.11875000000000001,0.0,0.0,0.0,0.7,7.0,1016.92,67.6,-16.02
2025-03-24 18:29:57.005000+00:00,,,,,354.125,-0.312,-1.062,22.79,-83.375,-5.562,-19.5,0.012,-0.006,-0.004,-0.37,0.23,9.64,-0.31,0.37,-0.36,-0.05,0.16,9.8,0.11875000000000001,0.0,0.0,0.0,0.6,7.0,1016.92,67.6,-16.02
2025-03-24 18:29:58.151000+00:00,,,,,354.125,-0.312,-1.062,22.79,-83.375,-5.562,-19.5,0.012,-0.006,-0.004,-0.37,0.23,9.64,-0.31,0.37,-0.36,-0.05,0.16,9.8,0.11875000000000001,0.0,0.0,0.0,0.6,7.0,1016.92,67.6,-16.02
2025-03-24 18:29:59.428000+00:00,,,,,354.125,-0.312,-1.062,22.79,-83.375,-5.562,-19.5,0.012,-0.006,-0.004,-0.37,0.23,9.64,-0.31,0.37,-0.36,-0.05,0.16,9.8,0.11875000000000001,0.0,0.0,0.0,0.6,7.0,1016.92,67.6,-16.02
2025-03-24 18:30:00.852000+00:00,,,,,354.125,-0.312,-1.062,22.79,-83.375,-5.562,-19.5,0.012,-0.006,-0.004,-0.37,0.23,9.64,-0.31,0.37,-0.36,-0.05,0.16,9.8,0.11875000000000001,0.0,0.0,0.0,0.6,7.0,1016.92,67.6,-16.02
2025-03-24 18:30:01.834000+00:00,,,,,354.125,-0.312,-1.062,22.79,-83.375,-5.562,-19.5,0.012,-0.006,-0.004,-0.37,0.23,9.64,-0.31,0.37,-0.36,-0.05,0.16,9.8,0.11875000000000001,0.0,0.0,0.0,0.6,7.0,1016.92,67.6,-16.02
2025-03-24 18:30:02.928000+00:00,,,,,354.125,-0.312,-1.062,22.79,-83.375,-5.562,-19.5,0.012,-0.006,-0.004,-0.37,0.23,9.64,-0.31,0.37,-0.36,-0.05,0.16,9.8,0.11875000000000001,0.0,0.0,0.0,0.4,7.0,1016.92,67.6,-16.02
2025-03-24 18:30:03.878000+00:00,,,,,354.125,-0.312,-1.062,22.79,-83.375,-5.562,-19.5,0.012,-0.006,-0.004,-0.37,0.23,9.64,-0.31,0.37,-0.36,-0.05,0.16,9.8,0.11875000000000001,0.0,0.0,0.0,0.4,7.0,1016.92,67.6,-16.02
2025-03-24 18:30:04.893000+00:00,,,,,354.125,-0.312,-1.062,22.79,-83.375,-5.562,-19.5,0.012,-0.006,-0.004,-0.37,0.23,9.64,-0.31,0.37,-0.36,-0.05,0.16,9.8,0.11875000000000001,0.0,0.0,0.0,0.4,7.0,1016.92,67.6,-16.02
2025-03-24 18:30:05.909000+00:00,,,,,354.125,-0.312,-1.062,22.79,-83.375,-5.562,-19.5,0.012,-0.006,-0.004,-0.37,0.23,9.64,-0.31,0.37,-0.36,-0.05,0.16,9.8,0.11875000000000001,0.0,0.0,0.0,0.4,7.0,1016.92,67.6,-16.02
2025-03-24 18:30:06.943000+00:00,,,,,354.125,-0.312,-1.062,22.79,-83.375,-5.562,-19.5,0.012,-0.006,-0.004,-0.37,0.23,9.64,-0.31,0.37,-0.36,-0.05,0.16,9.8,0.11875000000000001,0.0,0.0,0.0,0.4,7.0,1016.92,67.6,-16.02
2025-03-24 18:30:08.087000+00:00,,,,,354.125,-0.312,-1.062,22.79,-83.375,-5.562,-19.5,0.012,-0.006,-0.004,-0.37,0.23,9.64,-0.31,0.37,-0.36,-0.05,0.16,9.8,0.11875000000000001,0.0,0.0,0.0,0.4,7.0,1016.92,67.6,-16.02
2025-03-24 18:30:09.348000+00:00,,,,,354.125,-0.312,-1.062,22.79,-83.375,-5.562,-19.5,0.012,-0.006,-0.004,-0.37,0.23,9.64,-0.31,0.37,-0.36,-0.05,0.16,9.8,0.11875000000000001,0.0,0.0,0.0,0.0,7.0,1016.92,67.6,-16.02
2025-03-24 18:30:10.959000+00:00,,,,,354.125,-0.312,-1.062,22.79,-83.375,-5.562,-19.5,0.012,-0.006,-0.004,-0.37,0.23,9.64,-0.31,0.37,-0.36,-0.05,0.16,9.8,0.11875000000000001,0.0,0.0,0.0,0.0,7.0,1016.92,67.6,-16.02
2025-03-24 18:30:11.923000+00:00,,,,,354.125,-0.312,-1.062,22.79,-83.375,-5.562,-19.5,0.012,-0.006,-0.004,-0.37,0.23,9.64,-0.31,0.37,-0.36,-0.05,0.16,9.8,0.11875000000000001,0.0,0.0,0.0,0.0,7.0,1016.92,67.6,-16.02
2025-03-24 18:30:12.938000+00:00,,,,,354.125,-0.312,-1.062,22.79,-83.375,-5.562,-19.5,0.012,-0.006,-0.004,-0.37,0.23,9.64,-0.31,0.37,-0.36,-0.05,0.16,9.8,0.11875000000000001,0.0,0.0,0.0,0.0,7.0,1016.92,67.6,-16.02
2025-03-24 18:30:13.939000+00:00,,,,,354.125,-0.312,-1.062,22.79,-83.375,-5.562,-19.5,0.012,-0.006,-0.004,-0.37,0.23,9.64,-0.31,0.37,-0.36,-0.05,0.16,9.8,0.11875000000000001,0.0,0.0,0.0,0.0,7.0,1016.92,67.6,-16.02
2025-03-24 18:30:14.941000+00:00,,,,,354.125,-0.312,-1.062,22.79,-83.375,-5.562,-19.5,0.012,-0.006,-0.004,-0.37,0.23,9.64,-0.31,0.37,-0.36,-0.05,0.16,9.8,0.11875000000000001,0.0,0.0,0.0,0.0,7.0,1016.92,67.6,-16.02
2025-03-24 18:30:15.928000+00:00,,,,,354.125,-0.312,-1.062,22.79,-83.375,-5.562,-19.5,0.012,-0.006,-0.004,-0.37,0.23,9.64,-0.31,0.37,-0.36,-0.05,0.16,9.8,0.11875000000000001,0.0,0.0,0.0,0.0,7.0,1016.92,67.6,-16.02
2025-03-24 18:30:16.969000+00:00,,,,,354.125,-0.312,-1.062,22.79,-83.375,-5.562,-19.5,0.012,-0.006,-0.004,-0.37,0.23,9.64,-0.31,0.37,-0.36,-0.05,0.16,9.8,0.11875000000000001,0.0,0.0,0.0,0.0,7.0,1016.92,67.6,-16.02
2025-03-24 18:30:18.106000+00:00,,,,,354.125,-0.312,-1.062,22.79,-83.375,-5.562,-19.5,0.012,-0.006,-0.004,-0.37,0.23,9.64,-0.31,0.37,-0.36,-0.05,0.16,9.8,0.11875000000000001,0.0,0.0,0.0,0.0,7.0,1016.92,67.6,-16.02
2025-03-24 18:30:19.254000+00:00,,,,,354.125,-0.312,-1.062,22.79,-83.375,-5.562,-19.5,0.012,-0.006,-0.004,-0.37,0.23,9.64,-0.31,0.37,-0.36,-0.05,0.16,9.8,0.11875000000000001,0.0,0.0,0.0,0.0,7.0,1016.92,67.6,-16.02
2025-03-24 18:30:20.299000+00:00,,,,,354.125,-0.312,-1.062,22.79,-83.375,-5.562,-19.5,0.012,-0.006,-0.004,-0.37,0.23,9.64,-0.31,0.37,-0.36,-0.05,0.16,9.8,0.11875000000000001,0.0,0.0,0.0,0.0,7.0,1016.92,67.6,-16.02
2025-03-24 18:30:21.590000+00:00,,,,,354.125,-0.312,-1.062,22.79,-83.375,-5.562,-19.5,0.012,-0.006,-0.004,-0.37,0.23,9.64,-0.31,0.37,-0.36,-0.05,0.16,9.8,0.11875000000000001,0.0,0.0,0.0,0.0,7.0,1016.92,67.6,-16.02
2025-03-24 18:30:22.971000+00:00,,,,,354.125,-0.312,-1.062,22.79,-83.375,-5.562,-19.5,0.012,-0.006,-0.004,-0.37,0.23,9.64,-0.31,0.37,-0.36,-0.05,0.16,9.8,0.11875000000000001,0.0,0.0,0.0,0.0,7.0,1016.92,67.6,-16.02
2025-03-24 18:30:23.977000+00:00,,,,,354.125,-0.312,-1.062,22.79,-83.375,-5.562,-19.5,0.012,-0.006,-0.004,-0.37,0.23,9.64,-0.31,0.37,-0.36,-0.05,0.16,9.8,0.11875000000000001,0.0,0.0,0.0,0.0,7.0,1016.92,67.6,-16.02
2025-03-24 18:30:24.991000+00:00,,,,,354.125,-0.312,-1.062,22.79,-83.375,-5.562,-19.5,0.012,-0.006,-0.004,-0.37,0.23,9.64,-0.31,0.37,-0.36,-0.05,0.16,9.8,0.11875000000000001,0.0,0.0,0.0,0.0,7.0,1016.92,67.6,-16.02
2025-03-24 18:30:25.977000+00:00,,,,,354.125,-0.312,-1.062,22.79,-83.375,-5.562,-19.5,0.012,-0.006,-0.004,-0.37,0.23,9.64,-0.31,0.37,-0.36,-0.05,0.16,9.8,0.11875000000000001,0.0,0.0,0.0,0.0,7.0,1016.92,67.6,-16.02
2025-03-24 18:30:26.974000+00:00,,,,,354.125,-0.312,-1.062,22.79,-83.375,-5.562,-19.5,0.012,-0.006,-0.004,-0.37,0.23,9.64,-0.31,0.37,-0.36,-0.05,0.16,9.8,0.11875000000000001,0.0,0.0,0.0,0.0,7.0,1016.92,67.6,-16.02
2025-03-24 18:30:28.114000+00:00,,,,,354.125,-0.312,-1.062,22.79,-83.375,-5.562,-19.5,0.012,-0.006,-0.004,-0.37,0.23,9.64,-0.31,0.37,-0.36,-0.05,0.16,9.8,0.11875000000000001,0.0,0.0,0.0,0.0,7.0,1016.92,67.6,-16.02
2025-03-24 18:30:29.259000+00:00,,,,,354.125,-0.312,-1.062,22.79,-83.375,-5.562,-19.5,0.012,-0.006,-0.004,-0.37,0.23,9.64,-0.31,0.37,-0.36,-0.05,0.16,9.8,0.11875000000000001,0.0,0.0,0.0,0.0,7.0,1016.92,67.6,-16.02
2025-03-24 18:30:30.404000+00:00,,,,,354.125,-0.312,-1.062,22.79,-83.375,-5.562,-19.5,0.012,-0.006,-0.004,-0.37,0.23,9.64,-0.31,0.37,-0.36,-0.05,0.16,9.8,0.11875000000000001,0.0,0.0,0.0,0.0,7.0,1016.92,67.6,-16.02
2025-03-24 18:30:31.348000+00:00,,,,,354.125,-0.312,-1.062,22.79,-83.375,-5.562,-19.5,0.012,-0.006,-0.004,-0.37,0.23,9.64,-0.31,0.37,-0.36,-0.05,0.16,9.8,0.11875000000000001,0.0,0.0,0.0,0.0,7.0,1016.92,67.6,-16.02
2025-03-24 18:30:32.393000+00:00,,,,,354.125,-0.312,-1.062,22.79,-83.375,-5.562,-19.5,0.012,-0.006,-0.004,-0.37,0.23,9.64,-0.31,0.37,-0.36,-0.05,0.16,9.8,0.11875000000000001,0.0,0.0,0.0,0.0,7.0,1016.92,67.6,-16.02
2025-03-24 18:30:33.640000+00:00,,,,,354.125,-0.312,-1.062,22.79,-83.375,-5.562,-19.5,0.012,-0.006,-0.004,-0.37,0.23,9.64,-0.31,0.37,-0.36,-0.05,0.16,9.8,0.11875000000000001,0.0,0.0,0.0,0.0,7.0,1016.92,67.6,-16.02
2025-03-24 18:30:35.037000+00:00,,,,,354.125,-0.312,-1.062,22.79,-83.375,-5.562,-19.5,0.012,-0.006,-0.004,-0.37,0.23,9.64,-0.31,0.37,-0.36,-0.05,0.16,9.8,0.11875000000000001,0.0,0.0,0.0,0.0,7.0,1016.92,67.6,-16.02
2025-03-24 18:30:36.060000+00:00,,,,,354.125,-0.312,-1.062,22.79,-83.375,-5.562,-19.5,0.012,-0.006,-0.004,-0.37,0.23,9.64,-0.31,0.37,-0.36,-0.05,0.16,9.8,0.11875000000000001,0.0,0.0,0.0,0.0,7.0,1016.92,67.6,-16.02
2025-03-24 18:30:37.038000+00:00,,,,,354.125,-0.312,-1.062,22.79,-83.375,-5.562,-19.5,0.012,-0.006,-0.004,-0.37,0.23,9.64,-0.31,0.37,-0.36,-0.05,0.16,9.8,0.11875000000000001,0.0,0.0,0.0,0.0,7.0,1016.92,67.6,-16.02
2025-03-24 18:30:38.058000+00:00,,,,,354.125,-0.312,-1.062,22.79,-83.375,-5.562,-19.5,0.012,-0.006,-0.004,-0.37,0.23,9.64,-0.31,0.37,-0.36,-0.05,0.16,9.8,0.11875000000000001,0.0,0.0,0.0,0.0,7.0,1016.92,67.6,-16.02
2025-03-24 18:30:39.461000+00:00,,,,,354.125,-0.312,-1.062,22.79,-83.375,-5.562,-19.5,0.012,-0.006,-0.004,-0.37,0.23,9.64,-0.31,0.37,-0.36,-0.05,0.16,9.8,0.11875000000000001,0.0,0.0,0.0,0.0,7.0,1016.92,67.6,-16.02
2025-03-24 18:30:40.655000+00:00,,,,,354.125,-0.312,-1.062,22.79,-83.375,-5.562,-19.5,0.012,-0.006,-0.004,-0.37,0.23,9.64,-0.31,0.37,-0.36,-0.05,0.16,9.8,0.11875000000000001,0.0,0.0,0.0,0.0,7.0,1016.92,67.6,-16.02
2025-03-24 18:29:41.820000+00:00,,,,,354.125,-0.312,-1.062,22.79,-83.375,-5.562,-19.5,0.012,-0.006,-0.004,-0.37,0.23,9.64,-0.31,0.37,-0.36,-0.05,0.16,9.8,0.11875000000000001,0.0,0.0,0.0,0.0,7.0,1016.92,67.6,-16.02
2025-03-24 18:29:42.975000+00:00,,,,,354.125,-0.312,-1.062,22.79,-83.375,-5.562,-19.5,0.012,-0.006,-0.004,-0.37,0.23,9.64,-0.31,0.37,-0.36,-0.05,0.16,9.8,0.11875000000000001,0.0,0.0,0.0,0.0,7.0,1016.92,67.6,-16.02
2025-03-24 18:29:43.903000+00:00,,,,,354.125,-0.312,-1.062,22.79,-83.375,-5.562,-19.5,0.012,-0.006,-0.004,-0.37,0.23,9.64,-0.31,0.37,-0.36,-0.05,0.16,9.8,0.11875000000000001,0.0,0.0,0.0,0.0,7.0,1016.92,67.6,-16.02
2025-03-24 18:29:45.065000+00:00,,,,,354.125,-0.312,-1.062,22.79,-83.375,-5.562,-19.5,0.012,-0.006,-0.004,-0.37,0.23,9.64,-0.31,0.37,-0.36,-0.05,0.16,9.8,0.11875000000000001,0.0,0.0,0.0,0.0,7.0,1016.92,67.6,-16.02
2025-03-24 18:29:46.193000+00:00,,,,,354.125,-0.312,-1.062,22.79,-83.375,-5.562,-19.5,0.012,-0.006,-0.004,-0.37,0.23,9.64,-0.31,0.37,-0.36,-0.05,0.16,9.8,0.11875000000000001,0.0,0.0,0.0,0.0,7.0,1016.92,67.6,-16.02
2025-03-24 18:29:47.145000+00:00,,,,,354.125,-0.312,-1.062,22.79,-83.375,-5.562,-19.5,0.012,-0.006,-0.004,-0.37,0.23,9.64,-0.31,0.37,-0.36,-0.05,0.16,9.8,0.11875000000000001,0.0,0.0,0.0,0.0,7.0,1016.92,67.6,-16.02
2025-03-24 18:29:48.184000+00:00,,,,,354.125,-0.312,-1.062,22.79,-83.375,-5.562,-19.5,0.012,-0.006,-0.004,-0.37,0.23,9.64,-0.31,0.37,-0.36,-0.05,0.16,9.8,0.11875000000000001,0.0,0.0,0.0,0.0,7.0,1016.92,67.6,-16.02
2025-03-24 18:29:49.632000+00:00,,,,,354.125,-0.312,-1.062,22.79,-83.375,-5.562,-19.5,0.012,-0.006,-0.004,-0.37,0.23,9.64,-0.31,0.37,-0.36,-0.05,0.16,9.8,0.11875000000000001,0.0,0.0,0.0,0.0,7.0,1016.92,67.6,-16.02
2025-03-24 18:29:50.799000+00:00,,,,,354.125,-0.312,-1.062,22.79,-83.375,-5.562,-19.5,0.012,-0.006,-0.004,-0.37,0.23,9.64,-0.31,0.37,-0.36,-0.05,0.16,9.8,0.11875000000000001,0.0,0.0,0.0,0.0,7.0,1016.92,67.6,-16.02
2025-03-24 18:29:51.828000+00:00,,,,,354.125,-0.312,-1.062,22.79,-83.375,-5.562,-19.5,0.012,-0.006,-0.004,-0.37,0.23,9.64,-0.31,0.37,-0.36,-0.05,0.16,9.8,0.11875000000000001,0.0,0.0,0.0,0.0,7.0,1016.92,67.6,-16.02
2025-03-24 18:29:52.853000+00:00,,,,,354.125,-0.312,-1.062,22.79,-83.375,-5.562,-19.5,0.012,-0.006,-0.004,-0.37,0.23,9.64,-0.31,0.37,-0.36,-0.05,0.16,9.8,0.11875000000000001,0.0,0.0,0.0,0.0,7.0,1016.92,67.6,-16.02
2025-03-24 18:29:53.837000+00:00,,,,,354.125,-0.312,-1.062,22.79,-83.375,-5.562,-19.5,0.012,-0.006,-0.004,-0.37,0.23,9.64,-0.31,0.37,-0.36,-0.05,0.16,9.8,0.11875000000000001,0.0,0.0,0.0,0.0,7.0,1016.92,67.6,-16.02
2025-03-24 18:29:54.967000+00:00,,,,,354.125,-0.312,-1.062,22.79,-83.375,-5.562,-19.5,0.012,-0.006,-0.004,-0.37,0.23,9.64,-0.31,0.37,-0.36,-0.05,0.16,9.8,0.11875000000000001,0.0,0.0,0.0,0.0,7.0,1016.92,67.6,-16.02
2025-03-24 18:29:56.009000+00:00,,,,,354.125,-0.312,-1.062,22.79,-83.375,-5.562,-19.5,0.012,-0.006,-0.004,-0.37,0.23,9.64,-0.31,0.37,-0.36,-0.05,0.16,9.8,0.11875000000000001,0.0,0.0,0.0,0.0,7.0,1016.92,67.6,-16.02
2025-03-24 18:29:57.061000+00:00,,,,,354.125,-0.312,-1.062,22.79,-83.375,-5.562,-19.5,0.012,-0.006,-0.004,-0.37,0.23,9.64,-0.31,0.37,-0.36,-0.05,0.16,9.8,0.11875000000000001,0.0,0.0,0.0,0.0,7.0,1016.92,67.6,-16.02
2025-03-24 18:29:58.214000+00:00,,,,,354.125,-0.312,-1.062,22.79,-83.375,-5.562,-19.5,0.012,-0.006,-0.004,-0.37,0.23,9.64,-0.31,0.37,-0.36,-0.05,0.16,9.8,0.11875000000000001,0.0,0.0,0.0,0.0,7.0,1016.92,67.6,-16.02
2025-03-24 18:29:59.487000+00:00,,,,,354.125,-0.312,-1.062,22.79,-83.375,-5.562,-19.5,0.012,-0.006,-0.004,-0.37,0.23,9.64,-0.31,0.37,-0.36,-0.05,0.16,9.8,0.11875000000000001,0.0,0.0,0.0,0.0,7.0,1016.92,67.6,-16.02
2025-03-24 18:30:00.908000+00:00,,,,,354.125,-0.312,-1.062,22.79,-83.375,-5.562,-19.5,0.012,-0.006,-0.004,-0.37,0.23,9.64,-0.31,0.37,-0.36,-0.05,0.16,9.8,0.11875000000000001,0.0,0.0,0.0,0.0,7.0,1016.92,67.6,-16.02
2025-03-24 18:30:01.882000+00:00,,,,,354.125,-0.312,-1.062,22.79,-83.375,-5.562,-19.5,0.012,-0.006,-0.004,-0.37,0.23,9.64,-0.31,0.37,-0.36,-0.05,0.16,9.8,0.11875000000000001,0.0,0.0,0.0,0.0,7.0,1016.92,67.6,-16.02
2025-03-24 18:30:02.988000+00:00,,,,,354.125,-0.312,-1.062,22.79,-83.375,-5.562,-19.5,0.012,-0.006,-0.004,-0.37,0.23,9.64,-0.31,0.37,-0.36,-0.05,0.16,9.8,0.11875000000000001,0.0,0.0,0.0,0.0,7.0,1016.92,67.6,-16.02
2025-03-24 18:30:03.939000+00:00,,,,,354.125,-0.312,-1.062,22.79,-83.375,-5.562,-19.5,0.012,-0.006,-0.004,-0.37,0.23,9.64,-0.31,0.37,-0.36,-0.05,0.16,9.8,0.11875000000000001,0.0,0.0,0.0,0.0,8.0,1016.92,67.6,-16.02
2025-03-24 18:30:04.948000+00:00,,,,,354.125,-0.312,-1.062,22.79,-83.375,-5.562,-19.5,0.012,-0.006,-0.004,-0.37,0.23,9.64,-0.31,0.37,-0.36,-0.05,0.16,9.8,0.11875000000000001,0.0,0.0,0.0,0.0,8.0,1016.92,67.6,-16.02
2025-03-24 18:30:05.968000+00:00,,,,,354.125,-0.312,-1.062,22.79,-83.375,-5.562,-19.5,0.012,-0.006,-0.004,-0.37,0.23,9.64,-0.31,0.37,-0.36,-0.05,0.16,9.8,0.11875000000000001,0.0,0.0,0.0,0.0,8.0,1016.92,67.6,-16.02
2025-03-24 18:30:06.994000+00:00,,,,,354.125,-0.312,-1.062,22.79,-83.375,-5.562,-19.5,0.012,-0.006,-0.004,-0.37,0.23,9.64,-0.31,0.37,-0.36,-0.05,0.16,9.8,0.11875000000000001,0.0,0.0,0.0,0.0,8.0,1016.92,67.6,-16.02
2025-03-24 18:30:08.146000+00:00,,,,,354.125,-0.312,-1.062,22.79,-83.375,-5.562,-19.5,0.012,-0.006,-0.004,-0.37,0.23,9.64,-0.31,0.37,-0.36,-0.05,0.16,9.8,0.11875000000000001,0.0,0.0,0.0,0.0,8.0,1016.92,67.6,-16.02
2025-03-24 18:30:09.422000+00:00,,,,,354.125,-0.312,-1.062,22.79,-83.375,-5.562,-19.5,0.012,-0.006,-0.004,-0.37,0.23,9.64,-0.31,0.37,-0.36,-0.05,0.16,9.8,0.11875000000000001,0.0,0.0,0.0,0.0,8.0,1016.92,67.6,-16.02
2025-03-24 18:30:11.012000+00:00,,,,,354.125,-0.312,-1.062,22.79,-83.375,-5.562,-19.5,0.012,-0.006,-0.004,-0.37,0.23,9.64,-0.31,0.37,-0.36,-0.05,0.16,9.8,0.11875000000000001,0.0,0.0,0.0,0.0,8.0,1016.92,67.6,-16.02
2025-03-24 18:30:11.972000+00:00,,,,,354.125,-0.312,-1.062,22.79,-83.375,-5.562,-19.5,0.012,-0.006,-0.004,-0.37,0.23,9.64,-0.31,0.37,-0.36,-0.05,0.16,9.8,0.11875000000000001,0.0,0.0,0.0,0.0,8.0,1016.92,67.6,-16.02
2025-03-24 18:30:12.992000+00:00,,,,,354.125,-0.312,-1.062,22.79,-83.375,-5.562,-19.5,0.012,-0.006,-0.004,-0.37,0.23,9.64,-0.31,0.37,-0.36,-0.05,0.16,9.8,0.11875000000000001,0.0,0.0,0.0,0.0,8.0,1016.92,67.6,-16.02
2025-03-24 18:30:13.997000+00:00,,,,,354.125,-0.312,-1.062,22.79,-83.375,-5.562,-19.5,0.012,-0.006,-0.004,-0.37,0.23,9.64,-0.31,0.37,-0.36,-0.05,0.16,9.8,0.11875000000000001,0.0,0.0,0.0,0.0,8.0,1016.92,67.6,-16.02
2025-03-24 18:30:14.991000+00:00,,,,,354.125,-0.312,-1.062,22.79,-83.375,-5.562,-19.5,0.012,-0.006,-0.004,-0.37,0.23,9.64,-0.31,0.37,-0.36,-0.05,0.16,9.8,0.11875000000000001,0.0,0.0,0.0,0.0,8.0,1016.92,67.6,-16.02
2025-03-24 18:30:15.980000+00:00,,,,,354.125,-0.312,-1.062,22.79,-83.375,-5.562,-19.5,0.012,-0.006,-0.004,-0.37,0.23,9.64,-0.31,0.37,-0.36,-0.05,0.16,9.8,0.11875000000000001,0.0,0.0,0.0,0.0,8.0,1016.92,67.6,-16.02
2025-03-24 18:30:17.020000+00:00,,,,,354.125,-0.312,-1.062,22.79,-83.375,-5.562,-19.5,0.012,-0.006,-0.004,-0.37,0.23,9.64,-0.31,0.37,-0.36,-0.05,0.16,9.8,0.11875000000000001,0.0,0.0,0.0,0.0,8.0,1016.92,67.6,-16.02
2025-03-24 18:30:18.161000+00:00,,,,,354.125,-0.312,-1.062,22.79,-83.375,-5.562,-19.5,0.012,-0.006,-0.004,-0.37,0.23,9.64,-0.31,0.37,-0.36,-0.05,0.16,9.8,0.11875000000000001,0.0,0.0,0.0,0.0,8.0,1016.92,67.6,-16.02
2025-03-24 18:30:19.314000+00:00,,,,,354.125,-0.312,-1.062,22.79,-83.375,-5.562,-19.5,0.012,-0.006,-0.004,-0.37,0.23,9.64,-0.31,0.37,-0.36,-0.05,0.16,9.8,0.11875000000000001,0.0,0.0,0.0,0.0,8.0,1016.92,67.6,-16.02
2025-03-24 18:30:20.351000+00:00,,,,,354.125,-0.312,-1.062,22.79,-83.375,-5.562,-19.5,0.012,-0.006,-0.004,-0.37,0.23,9.64,-0.31,0.37,-0.36,-0.05,0.16,9.8,0.11875000000000001,0.0,0.0,0.0,0.0,8.0,1016.92,67.6,-16.02
2025-03-24 18:30:21.640000+00:00,,,,,354.125,-0.312,-1.062,22.79,-83.375,-5.562,-19.5,0.012,-0.006,-0.004,-0.37,0.23,9.64,-0.31,0.37,-0.36,-0.05,0.16,9.8,0.11875000000000001,0.0,0.0,0.0,0.0,8.0,1016.92,67.6,-16.02
2025-03-24 18:30:23.025000+00:00,,,,,354.125,-0.312,-1.062,22.79,-83.375,-5.562,-19.5,0.012,-0.006,-0.004,-0.37,0.23,9.64,-0.31,0.37,-0.36,-0.05,0.16,9.8,0.11875000000000001,0.0,0.0,0.0,0.0,8.0,1016.92,67.6,-16.02
2025-03-24 18:30:24.037000+00:00,,,,,354.125,-0.312,-1.062,22.79,-83.375,-5.562,-19.5,0.012,-0.006,-0.004,-0.37,0.23,9.64,-0.31,0.37,-0.36,-0.05,0.16,9.8,0.11875000000000001,0.0,0.0,0.0,0.0,8.0,1016.92,67.6,-16.02
2025-03-24 18:30:25.055000+00:00,,,,,354.125,-0.312,-1.062,22.79,-83.375,-5.562,-19.5,0.012,-0.006,-0.004,-0.37,0.23,9.64,-0.31,0.37,-0.36,-0.05,0.16,9.8,0.11875000000000001,0.0,0.0,0.0,0.0,8.0,1016.92,67.6,-16.02
2025-03-24 18:30:26.030000+00:00,,,,,354.125,-0.312,-1.062,22.79,-83.375,-5.562,-19.5,0.012,-0.006,-0.004,-0.37,0.23,9.64,-0.31,0.37,-0.36,-0.05,0.16,9.8,0.11875000000000001,0.0,0.0,0.0,0.0,8.0,1016.92,67.6,-16.02
2025-03-24 18:30:27.019000+00:00,,,,,354.125,-0.312,-1.062,22.79,-83.375,-5.562,-19.5,0.012,-0.006,-0.004,-0.37,0.23,9.64,-0.31,0.37,-0.36,-0.05,0.16,9.8,0.11875000000000001,0.0,0.0,0.0,0.0,8.0,1016.92,67.6,-16.02
2025-03-24 18:30:28.166000+00:00,,,,,354.125,-0.312,-1.062,22.79,-83.375,-5.562,-19.5,0.012,-0.006,-0.004,-0.37,0.23,9.64,-0.31,0.37,-0.36,-0.05,0.16,9.8,0.11875000000000001,0.0,0.0,0.0,0.0,8.0,1016.92,67.6,-16.02
2025-03-24 18:30:29.321000+00:00,,,,,354.125,-0.312,-1.062,22.79,-83.375,-5.562,-19.5,0.012,-0.006,-0.004,-0.37,0.23,9.64,-0.31,0.37,-0.36,-0.05,0.16,9.8,0.11875000000000001,0.0,0.0,0.0,0.0,8.0,1016.92,67.6,-16.02
2025-03-24 18:30:30.461000+00:00,,,,,354.125,-0.312,-1.062,22.79,-83.375,-5.562,-19.5,0.012,-0.006,-0.004,-0.37,0.23,9.64,-0.31,0.37,-0.36,-0.05,0.16,9.8,0.11875000000000001,0.0,0.0,0.0,0.0,8.0,1016.92,67.6,-16.02
2025-03-24 18:30:31.405000+00:00,,,,,354.125,-0.312,-1.062,22.79,-83.375,-5.562,-19.5,0.012,-0.006,-0.004,-0.37,0.23,9.64,-0.31,0.37,-0.36,-0.05,0.16,9.8,0.11875000000000001,0.0,0.0,0.0,0.0,8.0,1016.92,67.6,-16.02
2025-03-24 18:30:32.439000+00:00,,,,,354.125,-0.312,-1.062,22.79,-83.375,-5.562,-19.5,0.012,-0.006,-0.004,-0.37,0.23,9.64,-0.31,0.37,-0.36,-0.05,0.16,9.8,0.11875000000000001,0.0,0.0,0.0,0.0,8.0,1016.92,67.6,-16.02
2025-03-24 18:30:33.690000+00:00,,,,,354.125,-0.312,-1.062,22.79,-83.375,-5.562,-19.5,0.012,-0.006,-0.004,-0.37,0.23,9.64,-0.31,0.37,-0.36,-0.05,0.16,9.8,0.11875000000000001,0.0,0.0,0.0,0.0,8.0,1016.92,67.6,-16.02
2025-03-24 18:30:35.096000+00:00,,,,,354.125,-0.312,-1.062,22.79,-83.375,-5.562,-19.5,0.012,-0.006,-0.004,-0.37,0.23,9.64,-0.31,0.37,-0.36,-0.05,0.16,9.8,0.11875000000000001,0.0,0.0,0.0,0.0,8.0,1016.92,67.6,-16.02
2025-03-24 18:30:36.110000+00:00,,,,,354.125,-0.312,-1.062,22.79,-83.375,-5.562,-19.5,0.012,-0.006,-0.004,-0.37,0.23,9.64,-0.31,0.37,-0.36,-0.05,0.16,9.8,0.11875000000000001,0.0,0.0,0.0,0.0,8.0,1016.92,67.6,-16.02
2025-03-24 18:30:37.089000+00:00,,,,,354.125,-0.312,-1.062,22.79,-83.375,-5.562,-19.5,0.012,-0.006,-0.004,-0.37,0.23,9.64,-0.31,0.37,-0.36,-0.05,0.16,9.8,0.11875000000000001,0.0,0.0,0.0,0.0,8.0,1016.92,67.6,-16.02
2025-03-24 18:30:38.108000+00:00,,,,,354.125,-0.312,-1.062,22.79,-83.375,-5.562,-19.5,0.012,-0.006,-0.004,-0.37,0.23,9.64,-0.31,0.37,-0.36,-0.05,0.16,9.8,0.11875000000000001,0.0,0.0,0.0,0.0,8.0,1016.92,67.6,-16.02
2025-03-24 18:30:39.519000+00:00,,,,,354.125,-0.312,-1.062,22.79,-83.375,-5.562,-19.5,0.012,-0.006,-0.004,-0.37,0.23,9.64,-0.31,0.37,-0.36,-0.05,0.16,9.8,0.11875000000000001,0.0,0.0,0.0,0.0,8.0,1016.92,67.6,-16.02
2025-03-24 18:30:40.709000+00:00,,,,,354.125,-0.312,-1.062,22.79,-83.375,-5.562,-19.5,0.012,-0.006,-0.004,-0.37,0.23,9.64,-0.31,0.37,-0.36,-0.05,0.16,9.8,0.11875000000000001,0.0,0.0,0.0,0.0,8.0,1016.92,67.6,-16.02
2025-03-24 18:29:42+00:00,,,,,354.125,-0.312,-1.062,22.79,-83.375,-5.562,-19.5,0.012,-0.006,-0.004,-0.37,0.23,9.64,-0.31,0.37,-0.36,-0.05,0.16,9.8,0.11875000000000001,0.0,0.0,0.0,0.0,8.0,1016.92,67.6,-16.02
2025-03-24 18:29:43.134000+00:00,,,,,354.125,-0.312,-1.062,22.79,-83.375,-5.562,-19.5,0.012,-0.006,-0.004,-0.37,0.23,9.64,-0.31,0.37,-0.36,-0.05,0.16,9.8,0.11875000000000001,0.0,0.0,0.0,0.0,8.0,1016.92,67.6,-16.02
2025-03-24 18:29:44.066000+00:00,,,,,354.125,-0.312,-1.062,22.79,-83.375,-5.562,-19.5,0.012,-0.006,-0.004,-0.37,0.23,9.64,-0.31,0.37,-0.36,-0.05,0.16,9.8,0.11875000000000001,0.0,0.0,0.0,0.0,8.0,1016.92,67.6,-16.02
2025-03-24 18:29:45.223000+00:00,,,,,354.125,-0.312,-1.062,22.79,-83.375,-5.562,-19.5,0.012,-0.006,-0.004,-0.37,0.23,9.64,-0.31,0.37,-0.36,-0.05,0.16,9.8,0.11875000000000001,0.0,0.0,0.0,0.0,8.0,1016.92,67.6,-16.02
2025-03-24 18:29:46.343000+00:00,,,,,354.125,-0.312,-1.062,22.79,-83.375,-5.562,-19.5,0.012,-0.006,-0.004,-0.37,0.23,9.64,-0.31,0.37,-0.36,-0.05,0.16,9.8,0.11875000000000001,0.0,0.0,0.0,0.0,8.0,1016.92,67.6,-16.02
2025-03-24 18:29:47.313000+00:00,,,,,354.125,-0.312,-1.062,22.79,-83.375,-5.562,-19.5,0.012,-0.006,-0.004,-0.37,0.23,9.64,-0.31,0.37,-0.36,-0.05,0.16,9.8,0.11875000000000001,0.0,0.0,0.0,0.0,8.0,1016.92,67.6,-16.02
2025-03-24 18:29:48.333000+00:00,,,,,354.125,-0.312,-1.062,22.79,-83.375,-5.562,-19.5,0.012,-0.006,-0.004,-0.37,0.23,9.64,-0.31,0.37,-0.36,-0.05,0.16,9.8,0.11875000000000001,0.0,0.0,0.0,0.0,8.0,1016.92,67.6,-16.02
2025-03-24 18:29:49.793000+00:00,,,,,354.125,-0.312,-1.062,22.79,-83.375,-5.562,-19.5,0.012,-0.006,-0.004,-0.37,0.23,9.64,-0.31,0.37,-0.36,-0.05,0.16,9.8,0.11875000000000001,0.0,0.0,0.0,0.0,8.0,1016.92,67.6,-16.02
2025-03-24 18:29:50.953000+00:00,,,,,354.125,-0.312,-1.062,22.79,-83.375,-5.562,-19.5,0.012,-0.006,-0.004,-0.37,0.23,9.64,-0.31,0.37,-0.36,-0.05,0.16,9.8,0.11875000000000001,0.0,0.0,0.0,0.0,8.0,1016.92,67.6,-16.02
2025-03-24 18:29:51.990000+00:00,,,,,354.125,-0.312,-1.062,22.79,-83.375,-5.562,-19.5,0.012,-0.006,-0.004,-0.37,0.23,9.64,-0.31,0.37,-0.36,-0.05,0.16,9.8,0.11875000000000001,0.0,0.0,0.0,0.0,8.0,1016.92,67.6,-16.02
2025-03-24 18:29:53.013000+00:00,,,,,354.125,-0.312,-1.062,22.79,-83.375,-5.562,-19.5,0.012,-0.006,-0.004,-0.37,0.23,9.64,-0.31,0.37,-0.36,-0.05,0.16,9.8,0.11875000000000001,0.0,0.0,0.0,0.0,8.0,1016.92,67.6,-16.02
2025-03-24 18:29:54.003000+00:00,,,,,354.125,-0.312,-1.062,22.79,-83.375,-5.562,-19.5,0.012,-0.006,-0.004,-0.37,0.23,9.64,-0.31,0.37,-0.36,-0.05,0.16,9.8,0.11875000000000001,0.0,0.0,0.0,0.0,8.0,1016.92,67.6,-16.02
2025-03-24 18:29:55.133000+00:00,,,,,354.125,-0.312,-1.062,22.79,-83.375,-5.562,-19.5,0.012,-0.006,-0.004,-0.37,0.23,9.64,-0.31,0.37,-0.36,-0.05,0.16,9.8,0.11875000000000001,0.0,0.0,0.0,0.0,8.0,1016.92,67.6,-16.02
2025-03-24 18:29:56.174000+00:00,,,,,354.125,-0.312,-1.062,22.79,-83.375,-5.562,-19.5,0.012,-0.006,-0.004,-0.37,0.23,9.64,-0.31,0.37,-0.36,-0.05,0.16,9.8,0.11875000000000001,0.0,0.0,0.0,0.0,8.0,1016.92,67.6,-16.02
2025-03-24 18:29:57.213000+00:00,,,,,354.125,-0.312,-1.062,22.79,-83.375,-5.562,-19.5,0.012,-0.006,-0.004,-0.37,0.23,9.64,-0.31,0.37,-0.36,-0.05,0.16,9.8,0.11875000000000001,0.0,0.0,0.0,0.0,8.0,1016.92,67.6,-16.02
2025-03-24 18:29:58.399000+00:00,,,,,354.125,-0.312,-1.062,22.79,-83.375,-5.562,-19.5,0.012,-0.006,-0.004,-0.37,0.23,9.64,-0.31,0.37,-0.36,-0.05,0.16,9.8,0.11875000000000001,0.0,0.0,0.0,0.0,8.0,1016.92,67.6,-16.02
2025-03-24 18:29:59.652000+00:00,,,,,354.125,-0.312,-1.062,22.79,-83.375,-5.562,-19.5,0.012,-0.006,-0.004,-0.37,0.23,9.64,-0.31,0.37,-0.36,-0.05,0.16,9.8,0.11875000000000001,0.0,0.0,0.0,0.0,8.0,1016.92,67.6,-16.02
2025-03-24 18:30:01.079000+00:00,,,,,354.125,-0.312,-1.062,22.79,-83.375,-5.562,-19.5,0.012,-0.006,-0.004,-0.37,0.23,9.64,-0.31,0.37,-0.36,-0.05,0.16,9.8,0.11875000000000001,0.0,0.0,0.0,0.0,8.0,1016.92,67.6,-16.02
2025-03-24 18:30:02.038000+00:00,,,,,354.125,-0.312,-1.062,22.79,-83.375,-5.562,-19.5,0.012,-0.006,-0.004,-0.37,0.23,9.64,-0.31,0.37,-0.36,-0.05,0.16,9.8,0.11875000000000001,0.0,0.0,0.0,0.0,8.0,1016.92,67.6,-16.02
2025-03-24 18:30:03.168000+00:00,,,,,354.125,-0.312,-1.062,22.79,-83.375,-5.562,-19.5,0.012,-0.006,-0.004,-0.37,0.23,9.64,-0.31,0.37,-0.36,-0.05,0.16,9.8,0.11875000000000001,0.0,0.0,0.0,0.0,8.0,1016.92,67.6,-16.02
2025-03-24 18:30:04.118000+00:00,,,,,354.125,-0.312,-1.062,22.79,-83.375,-5.562,-19.5,0.012,-0.006,-0.004,-0.37,0.23,9.64,-0.31,0.37,-0.36,-0.05,0.16,9.8,0.11875000000000001,0.0,0.0,0.0,0.0,8.0,1016.92,67.6,-16.02
2025-03-24 18:30:05.122000+00:00,,,,,354.125,-0.312,-1.062,22.79,-83.375,-5.562,-19.5,0.012,-0.006,-0.004,-0.37,0.23,9.64,-0.31,0.37,-0.36,-0.05,0.16,9.8,0.11875000000000001,0.0,0.0,0.0,0.0,8.0,1016.92,67.6,-16.02
2025-03-24 18:30:06.133000+00:00,,,,,354.125,-0.312,-1.062,22.79,-83.375,-5.562,-19.5,0.012,-0.006,-0.004,-0.37,0.23,9.64,-0.31,0.37,-0.36,-0.05,0.16,9.8,0.11875000000000001,0.0,0.0,0.0,0.0,8.0,1016.92,67.6,-16.02
2025-03-24 18:30:07.142000+00:00,,,,,354.125,-0.312,-1.062,22.79,-83.375,-5.562,-19.5,0.012,-0.006,-0.004,-0.37,0.23,9.64,-0.31,0.37,-0.36,-0.05,0.16,9.8,0.11875000000000001,0.0,0.0,0.0,0.0,8.0,1016.92,67.6,-16.02
2025-03-24 18:30:08.297000+00:00,,,,,354.125,-0.312,-1.062,22.79,-83.375,-5.562,-19.5,0.012,-0.006,-0.004,-0.37,0.23,9.64,-0.31,0.37,-0.36,-0.05,0.16,9.8,0.11875000000000001,0.0,0.0,0.0,0.0,8.0,1016.92,67.6,-16.02
2025-03-24 18:30:09.581000+00:00,,,,,354.125,-0.312,-1.062,22.79,-83.375,-5.562,-19.5,0.012,-0.006,-0.004,-0.37,0.23,9.64,-0.31,0.37,-0.36,-0.05,0.16,9.8,0.11875000000000001,0.0,0.0,0.0,0.0,8.0,1016.92,67.6,-16.02
2025-03-24 18:30:11.175000+00:00,,,,,354.125,-0.312,-1.062,22.79,-83.375,-5.562,-19.5,0.012,-0.006,-0.004,-0.37,0.23,9.64,-0.31,0.37,-0.36,-0.05,0.16,9.8,0.11875000000000001,0.0,0.0,0.0,0.0,8.0,1016.92,67.6,-16.02
2025-03-24 18:30:12.141000+00:00,,,,,354.125,-0.312,-1.062,22.79,-83.375,-5.562,-19.5,0.012,-0.006,-0.004,-0.37,0.23,9.64,-0.31,0.37,-0.36,-0.05,0.16,9.8,0.11875000000000001,0.0,0.0,0.0,0.0,8.0,1016.92,67.6,-16.02
2025-03-24 18:30:13.152000+00:00,,,,,354.125,-0.312,-1.062,22.79,-83.375,-5.562,-19.5,0.012,-0.006,-0.004,-0.37,0.23,9.64,-0.31,0.37,-0.36,-0.05,0.16,9.8,0.11875000000000001,0.0,0.0,0.0,0.0,8.0,1016.92,67.6,-16.02
2025-03-24 18:30:14.162000+00:00,,,,,354.125,-0.312,-1.062,22.79,-83.375,-5.562,-19.5,0.012,-0.006,-0.004,-0.37,0.23,9.64,-0.31,0.37,-0.36,-0.05,0.16,9.8,0.11875000000000001,0.0,0.0,0.0,0.0,8.0,1016.92,67.6,-16.02
2025-03-24 18:30:15.141000+00:00,,,,,354.125,-0.312,-1.062,22.79,-83.375,-5.562,-19.5,0.012,-0.006,-0.004,-0.37,0.23,9.64,-0.31,0.37,-0.36,-0.05,0.16,9.8,0.11875000000000001,0.0,0.0,0.0,0.0,8.0,1016.92,67.6,-16.02
2025-03-24 18:30:16.137000+00:00,,,,,354.125,-0.312,-1.062,22.79,-83.375,-5.562,-19.5,0.012,-0.006,-0.004,-0.37,0.23,9.64,-0.31,0.37,-0.36,-0.05,0.16,9.8,0.11875000000000001,0.0,0.0,0.0,0.0,8.0,1016.92,67.6,-16.02
2025-03-24 18:30:17.171000+00:00,,,,,354.125,-0.312,-1.062,22.79,-83.375,-5.562,-19.5,0.012,-0.006,-0.004,-0.37,0.23,9.64,-0.31,0.37,-0.36,-0.05,0.16,9.8,0.11875000000000001,0.0,0.0,0.0,0.0,8.0,1016.92,67.6,-16.02
2025-03-24 18:30:18.311000+00:00,,,,,354.125,-0.312,-1.062,22.79,-83.375,-5.562,-19.5,0.012,-0.006,-0.004,-0.37,0.23,9.64,-0.31,0.37,-0.36,-0.05,0.16,9.8,0.11875000000000001,0.0,0.0,0.0,0.0,8.0,1016.92,67.6,-16.02
2025-03-24 18:30:19.465000+00:00,,,,,354.125,-0.312,-1.062,22.79,-83.375,-5.562,-19.5,0.012,-0.006,-0.004,-0.37,0.23,9.64,-0.31,0.37,-0.36,-0.05,0.16,9.8,0.11875000000000001,0.0,0.0,0.0,0.0,8.0,1016.92,67.6,-16.02
2025-03-24 18:30:20.511000+00:00,,,,,354.125,-0.312,-1.062,22.79,-83.375,-5.562,-19.5,0.012,-0.006,-0.004,-0.37,0.23,9.64,-0.31,0.37,-0.36,-0.05,0.16,9.8,0.11875000000000001,0.0,0.0,0.0,0.0,8.0,1016.92,67.6,-16.02
2025-03-24 18:30:21.800000+00:00,,,,,354.125,-0.312,-1.062,22.79,-83.375,-5.562,-19.5,0.012,-0.006,-0.004,-0.37,0.23,9.64,-0.31,0.37,-0.36,-0.05,0.16,9.8,0.11875000000000001,0.0,0.0,0.0,0.0,8.0,1016.92,67.6,-16.02
2025-03-24 18:30:23.180000+00:00,,,,,354.125,-0.312,-1.062,22.79,-83.375,-5.562,-19.5,0.012,-0.006,-0.004,-0.37,0.23,9.64,-0.31,0.37,-0.36,-0.05,0.16,9.8,0.11875000000000001,0.0,0.0,0.0,0.0,8.0,1016.92,67.6,-16.02
2025-03-24 18:30:24.214000+00:00,,,,,354.125,-0.312,-1.062,22.79,-83.375,-5.562,-19.5,0.012,-0.006,-0.004,-0.37,0.23,9.64,-0.31,0.37,-0.36,-0.05,0.16,9.8,0.11875000000000001,0.0,0.0,0.0,0.0,8.0,1016.92,67.6,-16.02
2025-03-24 18:30:25.200000+00:00,,,,,354.125,-0.312,-1.062,22.79,-83.375,-5.562,-19.5,0.012,-0.006,-0.004,-0.37,0.23,9.64,-0.31,0.37,-0.36,-0.05,0.16,9.8,0.11875000000000001,0.0,0.0,0.0,0.0,8.0,1016.92,67.6,-16.02
2025-03-24 18:30:26.186000+00:00,,,,,354.125,-0.312,-1.062,22.79,-83.375,-5.562,-19.5,0.012,-0.006,-0.004,-0.37,0.23,9.64,-0.31,0.37,-0.36,-0.05,0.16,9.8,0.11875000000000001,0.0,0.0,0.0,0.0,8.0,1016.92,67.6,-16.02
2025-03-24 18:30:27.171000+00:00,,,,,354.125,-0.312,-1.062,22.79,-83.375,-5.562,-19.5,0.012,-0.006,-0.004,-0.37,0.23,9.64,-0.31,0.37,-0.36,-0.05,0.16,9.8,0.11875000000000001,0.0,0.0,0.0,0.0,8.0,1016.92,67.6,-16.02
2025-03-24 18:30:28.332000+00:00,,,,,354.125,-0.312,-1.062,22.79,-83.375,-5.562,-19.5,0.012,-0.006,-0.004,-0.37,0.23,9.64,-0.31,0.37,-0.36,-0.05,0.16,9.8,0.11875000000000001,0.0,0.0,0.0,0.0,8.0,1016.92,67.6,-16.02
2025-03-24 18:30:29.469000+00:00,,,,,354.125,-0.312,-1.062,22.79,-83.375,-5.562,-19.5,0.012,-0.006,-0.004,-0.37,0.23,9.64,-0.31,0.37,-0.36,-0.05,0.16,9.8,0.11875000000000001,0.0,0.0,0.0,0.0,8.0,1016.92,67.6,-16.02
2025-03-24 18:30:30.619000+00:00,,,,,354.125,-0.312,-1.062,22.79,-83.375,-5.562,-19.5,0.012,-0.006,-0.004,-0.37,0.23,9.64,-0.31,0.37,-0.36,-0.05,0.16,9.8,0.11875000000000001,0.0,0.0,0.0,0.0,8.0,1016.92,67.6,-16.02
2025-03-24 18:30:31.570000+00:00,,,,,354.125,-0.312,-1.062,22.79,-83.375,-5.562,-19.5,0.012,-0.006,-0.004,-0.37,0.23,9.64,-0.31,0.37,-0.36,-0.05,0.16,9.8,0.11875000000000001,0.0,0.0,0.0,0.0,8.0,1016.92,67.6,-16.02
2025-03-24 18:30:32.595000+00:00,,,,,354.125,-0.312,-1.062,22.79,-83.375,-5.562,-19.5,0.012,-0.006,-0.004,-0.37,0.23,9.64,-0.31,0.37,-0.36,-0.05,0.16,9.8,0.11875000000000001,0.0,0.0,0.0,0.0,8.0,1016.92,67.6,-16.02
2025-03-24 18:30:33.850000+00:00,,,,,354.125,-0.312,-1.062,22.79,-83.375,-5.562,-19.5,0.012,-0.006,-0.004,-0.37,0.23,9.64,-0.31,0.37,-0.36,-0.05,0.16,9.8,0.11875000000000001,0.0,0.0,0.0,0.0,8.0,1016.92,67.6,-16.02
2025-03-24 18:30:35.255000+00:00,,,,,354.125,-0.312,-1.062,22.79,-83.375,-5.562,-19.5,0.012,-0.006,-0.004,-0.37,0.23,9.64,-0.31,0.37,-0.36,-0.05,0.16,9.8,0.11875000000000001,0.0,0.0,0.0,0.0,8.0,1016.92,67.6,-16.02
2025-03-24 18:30:36.259000+00:00,,,,,354.125,-0.312,-1.062,22.79,-83.375,-5.562,-19.5,0.012,-0.006,-0.004,-0.37,0.23,9.64,-0.31,0.37,-0.36,-0.05,0.16,9.8,0.11875000000000001,0.0,0.0,0.0,0.0,8.0,1016.92,67.6,-16.02
2025-03-24 18:30:37.255000+00:00,,,,,354.125,-0.312,-1.062,22.79,-83.375,-5.562,-19.5,0.012,-0.006,-0.004,-0.37,0.23,9.64,-0.31,0.37,-0.36,-0.05,0.16,9.8,0.11875000000000001,0.0,0.0,0.0,0.0,8.0,1016.92,67.6,-16.02
2025-03-24 18:30:38.259000+00:00,,,,,354.125,-0.312,-1.062,22.79,-83.375,-5.562,-19.5,0.012,-0.006,-0.004,-0.37,0.23,9.64,-0.31,0.37,-0.36,-0.05,0.16,9.8,0.11875000000000001,0.0,0.0,0.0,0.0,8.0,1016.92,67.6,-16.02
2025-03-24 18:30:39.678000+00:00,,,,,354.125,-0.312,-1.062,22.79,-83.375,-5.562,-19.5,0.012,-0.006,-0.004,-0.37,0.23,9.64,-0.31,0.37,-0.36,-0.05,0.16,9.8,0.11875000000000001,0.0,0.0,0.0,0.0,8.0,1016.92,67.6,-16.02
2025-03-24 18:29:41.940000+00:00,,,,,354.125,-0.312,-1.062,22.79,-83.375,-5.562,-19.5,0.012,-0.006,-0.004,-0.37,0.23,9.64,-0.31,0.37,-0.36,-0.05,0.16,9.8,0.11875000000000001,0.0,0.0,0.0,0.0,8.0,1016.92,67.6,-16.02
2025-03-24 18:29:43.079000+00:00,,,,,354.125,-0.312,-1.062,22.79,-83.375,-5.562,-19.5,0.012,-0.006,-0.004,-0.37,0.23,9.64,-0.31,0.37,-0.36,-0.05,0.16,9.8,0.11875000000000001,0.0,0.0,0.0,0.0,8.0,1016.92,67.6,-16.02
2025-03-24 18:29:44.011000+00:00,,,,,354.125,-0.312,-1.062,22.79,-83.375,-5.562,-19.5,0.012,-0.006,-0.004,-0.37,0.23,9.64,-0.31,0.37,-0.36,-0.05,0.16,9.8,0.11875000000000001,0.0,0.0,0.0,0.0,8.0,1016.92,67.6,-16.02
2025-03-24 18:29:45.169000+00:00,,,,,354.125,-0.312,-1.062,22.79,-83.375,-5.562,-19.5,0.012,-0.006,-0.004,-0.37,0.23,9.64,-0.31,0.37,-0.36,-0.05,0.16,9.8,0.11875000000000001,0.0,0.0,0.0,0.0,8.0,1016.92,67.6,-16.02
2025-03-24 18:29:46.293000+00:00,,,,,354.125,-0.312,-1.062,22.79,-83.375,-5.562,-19.5,0.012,-0.006,-0.004,-0.37,0.23,9.64,-0.31,0.37,-0.36,-0.05,0.16,9.8,0.11875000000000001,0.0,0.0,0.0,0.0,8.0,1016.92,67.6,-16.02
2025-03-24 18:29:47.253000+00:00,,,,,354.125,-0.312,-1.062,22.79,-83.375,-5.562,-19.5,0.012,-0.006,-0.004,-0.37,0.23,9.64,-0.31,0.37,-0.36,-0.05,0.16,9.8,0.11875000000000001,0.0,0.0,0.0,0.0,8.0,1016.92,67.6,-16.02
2025-03-24 18:29:48.286000+00:00,,,,,354.125,-0.312,-1.062,22.79,-83.375,-5.562,-19.5,0.012,-0.006,-0.004,-0.37,0.23,9.64,-0.31,0.37,-0.36,-0.05,0.16,9.8,0.11875000000000001,0.0,0.0,0.0,0.0,8.0,1016.92,67.6,-16.02
2025-03-24 18:29:49.743000+00:00,,,,,354.125,-0.312,-1.062,22.79,-83.375,-5.562,-19.5,0.012,-0.006,-0.004,-0.37,0.23,9.64,-0.31,0.37,-0.36,-0.05,0.16,9.8,0.11875000000000001,0.0,0.0,0.0,0.0,8.0,1016.92,67.6,-16.02
2025-03-24 18:29:50.902000+00:00,,,,,354.125,-0.312,-1.062,22.79,-83.375,-5.562,-19.5,0.012,-0.006,-0.004,-0.37,0.23,9.64,-0.31,0.37,-0.36,-0.05,0.16,9.8,0.11875000000000001,0.0,0.0,0.0,0.0,8.0,1016.92,67.6,-16.02
2025-03-24 18:29:51.933000+00:00,,,,,354.125,-0.312,-1.062,22.79,-83.375,-5.562,-19.5,0.012,-0.006,-0.004,-0.37,0.23,9.64,-0.31,0.37,-0.36,-0.05,0.16,9.8,0.11875000000000001,0.0,0.0,0.0,0.0,8.0,1016.92,67.6,-16.02
2025-03-24 18:29:52.963000+00:00,,,,,354.125,-0.312,-1.062,22.79,-83.375,-5.562,-19.5,0.012,-0.006,-0.004,-0.37,0.23,9.64,-0.31,0.37,-0.36,-0.05,0.16,9.8,0.11875000000000001,0.0,0.0,0.0,0.0,8.0,1016.92,67.6,-16.02
2025-03-24 18:29:53.949000+00:00,,,,,354.125,-0.312,-1.062,22.79,-83.375,-5.562,-19.5,0.012,-0.006,-0.004,-0.37,0.23,9.64,-0.31,0.37,-0.36,-0.05,0.16,9.8,0.11875000000000001,0.0,0.0,0.0,0.0,8.0,1016.92,67.6,-16.02
2025-03-24 18:29:55.079000+00:00,,,,,354.125,-0.312,-1.062,22.79,-83.375,-5.562,-19.5,0.012,-0.006,-0.004,-0.37,0.23,9.64,-0.31,0.37,-0.36,-0.05,0.16,9.8,0.11875000000000001,0.0,0.0,0.0,0.0,8.0,1016.92,67.6,-16.02
2025-03-24 18:29:56.119000+00:00,,,,,354.125,-0.312,-1.062,22.79,-83.375,-5.562,-19.5,0.012,-0.006,-0.004,-0.37,0.23,9.64,-0.31,0.37,-0.36,-0.05,0.16,9.8,0.11875000000000001,0.0,0.0,0.0,0.0,8.0,1016.92,67.6,-16.02
2025-03-24 18:29:57.163000+00:00,,,,,354.125,-0.312,-1.062,22.79,-83.375,-5.562,-19.5,0.012,-0.006,-0.004,-0.37,0.23,9.64,-0.31,0.37,-0.36,-0.05,0.16,9.8,0.11875000000000001,0.0,0.0,0.0,0.0,8.0,1016.92,67.6,-16.02
2025-03-24 18:29:58.339000+00:00,,,,,354.125,-0.312,-1.062,22.79,-83.375,-5.562,-19.5,0.012,-0.006,-0.004,-0.37,0.23,9.64,-0.31,0.37,-0.36,-0.05,0.16,9.8,0.11875000000000001,0.0,0.0,0.0,0.0,8.0,1016.92,67.6,-16.02
2025-03-24 18:29:59.591000+00:00,,,,,354.125,-0.312,-1.062,22.79,-83.375,-5.562,-19.5,0.012,-0.006,-0.004,-0.37,0.23,9.64,-0.31,0.37,-0.36,-0.05,0.16,9.8,0.11875000000000001,0.0,0.0,0.0,0.0,8.0,1016.92,67.6,-16.02
2025-03-24 18:30:01.013000+00:00,,,,,354.125,-0.312,-1.062,22.79,-83.375,-5.562,-19.5,0.012,-0.006,-0.004,-0.37,0.23,9.64,-0.31,0.37,-0.36,-0.05,0.16,9.8,0.11875000000000001,0.0,0.0,0.0,0.0,8.0,1016.92,67.6,-16.02
2025-03-24 18:30:01.982000+00:00,,,,,354.125,-0.312,-1.062,22.79,-83.375,-5.562,-19.5,0.012,-0.006,-0.004,-0.37,0.23,9.64,-0.31,0.37,-0.36,-0.05,0.16,9.8,0.11875000000000001,0.0,0.0,0.0,0.0,8.0,1016.92,67.6,-16.02
2025-03-24 18:30:03.108000+00:00,,,,,354.125,-0.312,-1.062,22.79,-83.375,-5.562,-19.5,0.012,-0.006,-0.004,-0.37,0.23,9.64,-0.31,0.37,-0.36,-0.05,0.16,9.8,0.11875000000000001,0.0,0.0,0.0,0.0,8.0,1016.92,67.6,-16.02
2025-03-24 18:30:04.058000+00:00,,,,,354.125,-0.312,-1.062,22.79,-83.375,-5.562,-19.5,0.012,-0.006,-0.004,-0.37,0.23,9.64,-0.31,0.37,-0.36,-0.05,0.16,9.8,0.11875000000000001,0.0,0.0,0.0,0.0,8.0,1016.92,67.6,-16.02
2025-03-24 18:30:05.068000+00:00,,,,,354.125,-0.312,-1.062,22.79,-83.375,-5.562,-19.5,0.012,-0.006,-0.004,-0.37,0.23,9.64,-0.31,0.37,-0.36,-0.05,0.16,9.8,0.11875000000000001,0.0,0.0,0.0,0.0,8.0,1016.92,67.6,-16.02
2025-03-24 18:30:06.086000+00:00,,,,,354.125,-0.312,-1.062,22.79,-83.375,-5.562,-19.5,0.012,-0.006,-0.004,-0.37,0.23,9.64,-0.31,0.37,-0.36,-0.05,0.16,9.8,0.11875000000000001,0.0,0.0,0.0,0.0,8.0,1016.92,67.6,-16.02
2025-03-24 18:30:07.092000+00:00,,,,,354.125,-0.312,-1.062,22.79,-83.375,-5.562,-19.5,0.012,-0.006,-0.004,-0.37,0.23,9.64,-0.31,0.37,-0.36,-0.05,0.16,9.8,0.11875000000000001,0.0,0.0,0.0,0.0,8.0,1016.92,67.6,-16.02
2025-03-24 18:30:08.242000+00:00,,,,,354.125,-0.312,-1.062,22.79,-83.375,-5.562,-19.5,0.012,-0.006,-0.004,-0.37,0.23,9.64,-0.31,0.37,-0.36,-0.05,0.16,9.8,0.11875000000000001,0.0,0.0,0.0,0.0,8.0,1016.92,67.6,-16.02
2025-03-24 18:30:09.521000+00:00,,,,,354.125,-0.312,-1.062,22.79,-83.375,-5.562,-19.5,0.012,-0.006,-0.004,-0.37,0.23,9.64,-0.31,0.37,-0.36,-0.05,0.16,9.8,0.11875000000000001,0.0,0.0,0.0,0.0,8.0,1016.92,67.6,-16.02
2025-03-24 18:30:11.125000+00:00,,,,,354.125,-0.312,-1.062,22.79,-83.375,-5.562,-19.5,0.012,-0.006,-0.004,-0.37,0.23,9.64,-0.31,0.37,-0.36,-0.05,0.16,9.8,0.11875000000000001,0.0,0.0,0.0,0.0,8.0,1016.92,67.71,-16.02
2025-03-24 18:30:12.087000+00:00,,,,,354.125,-0.312,-1.062,22.79,-83.375,-5.562,-19.5,0.012,-0.006,-0.004,-0.37,0.23,9.64,-0.31,0.37,-0.36,-0.05,0.16,9.8,0.11875000000000001,0.0,0.0,0.0,0.0,8.0,1016.92,67.71,-16.02
2025-03-24 18:30:13.097000+00:00,,,,,354.125,-0.312,-1.062,22.79,-83.375,-5.562,-19.5,0.012,-0.006,-0.004,-0.37,0.23,9.64,-0.31,0.37,-0.36,-0.05,0.16,9.8,0.11875000000000001,0.0,0.0,0.0,0.0,8.0,1016.92,67.71,-16.02
2025-03-24 18:30:14.113000+00:00,,,,,354.125,-0.312,-1.062,22.79,-83.375,-5.562,-19.5,0.012,-0.006,-0.004,-0.37,0.23,9.64,-0.31,0.37,-0.36,-0.05,0.16,9.8,0.11875000000000001,0.0,0.0,0.0,0.0,8.0,1016.92,67.71,-16.02
2025-03-24 18:30:15.096000+00:00,,,,,354.125,-0.312,-1.062,22.79,-83.375,-5.562,-19.5,0.012,-0.006,-0.004,-0.37,0.23,9.64,-0.31,0.37,-0.36,-0.05,0.16,9.8,0.11875000000000001,0.0,0.0,0.0,0.0,8.0,1016.92,67.71,-16.02
2025-03-24 18:30:16.081000+00:00,,,,,354.125,-0.312,-1.062,22.79,-83.375,-5.562,-19.5,0.012,-0.006,-0.004,-0.37,0.23,9.64,-0.31,0.37,-0.36,-0.05,0.16,9.8,0.11875000000000001,0.0,0.0,0.0,0.0,8.0,1016.92,67.71,-16.02
2025-03-24 18:30:17.120000+00:00,,,,,354.125,-0.312,-1.062,22.79,-83.375,-5.562,-19.5,0.012,-0.006,-0.004,-0.37,0.23,9.64,-0.31,0.37,-0.36,-0.05,0.16,9.8,0.11875000000000001,0.0,0.0,0.0,0.0,8.0,1016.92,67.71,-16.02
2025-03-24 18:30:18.261000+00:00,,,,,354.125,-0.312,-1.062,22.79,-83.375,-5.562,-19.5,0.012,-0.006,-0.004,-0.37,0.23,9.64,-0.31,0.37,-0.36,-0.05,0.16,9.8,0.11875000000000001,0.0,0.0,0.0,0.0,8.0,1016.92,67.71,-16.02
2025-03-24 18:30:19.411000+00:00,,,,,354.125,-0.312,-1.062,22.79,-83.375,-5.562,-19.5,0.012,-0.006,-0.004,-0.37,0.23,9.64,-0.31,0.37,-0.36,-0.05,0.16,9.8,0.11875000000000001,0.0,0.0,0.0,0.0,8.0,1016.92,67.71,-16.02
2025-03-24 18:30:20.460000+00:00,,,,,354.125,-0.312,-1.062,22.79,-83.375,-5.562,-19.5,0.012,-0.006,-0.004,-0.37,0.23,9.64,-0.31,0.37,-0.36,-0.05,0.16,9.8,0.11875000000000001,0.0,0.0,0.0,0.0,8.0,1016.92,67.71,-16.02
2025-03-24 18:30:21.750000+00:00,,,,,354.125,-0.312,-1.062,22.79,-83.375,-5.562,-19.5,0.012,-0.006,-0.004,-0.37,0.23,9.64,-0.31,0.37,-0.36,-0.05,0.16,9.8,0.11875000000000001,0.0,0.0,0.0,0.0,8.0,1016.92,67.71,-16.02
2025-03-24 18:30:23.132000+00:00,,,,,354.125,-0.312,-1.062,22.79,-83.375,-5.562,-19.5,0.012,-0.006,-0.004,-0.37,0.23,9.64,-0.31,0.37,-0.36,-0.05,0.16,9.8,0.11875000000000001,0.0,0.0,0.0,0.0,8.0,1016.92,67.71,-16.02
2025-03-24 18:30:24.156000+00:00,,,,,354.125,-0.312,-1.062,22.79,-83.375,-5.562,-19.5,0.012,-0.006,-0.004,-0.37,0.23,9.64,-0.31,0.37,-0.36,-0.05,0.16,9.8,0.11875000000000001,0.0,0.0,0.0,0.0,8.0,1016.92,67.71,-16.02
2025-03-24 18:30:25.151000+00:00,,,,,354.125,-0.312,-1.062,22.79,-83.375,-5.562,-19.5,0.012,-0.006,-0.004,-0.37,0.23,9.64,-0.31,0.37,-0.36,-0.05,0.16,9.8,0.11875000000000001,0.0,0.0,0.0,0.0,8.0,1016.92,67.71,-16.02
2025-03-24 18:30:26.135000+00:00,,,,,354.125,-0.312,-1.062,22.79,-83.375,-5.562,-19.5,0.012,-0.006,-0.004,-0.37,0.23,9.64,-0.31,0.37,-0.36,-0.05,0.16,9.8,0.11875000000000001,0.0,0.0,0.0,0.0,8.0,1016.92,67.71,-16.02
2025-03-24 18:30:27.124000+00:00,,,,,354.125,-0.312,-1.062,22.79,-83.375,-5.562,-19.5,0.012,-0.006,-0.004,-0.37,0.23,9.64,-0.31,0.37,-0.36,-0.05,0.16,9.8,0.11875000000000001,0.0,0.0,0.0,0.0,8.0,1016.92,67.71,-16.02
2025-03-24 18:30:28.277000+00:00,,,,,354.125,-0.312,-1.062,22.79,-83.375,-5.562,-19.5,0.012,-0.006,-0.004,-0.37,0.23,9.64,-0.31,0.37,-0.36,-0.05,0.16,9.8,0.11875000000000001,0.0,0.0,0.0,0.0,8.0,1016.92,67.71,-16.02
2025-03-24 18:30:29.419000+00:00,,,,,354.125,-0.312,-1.062,22.79,-83.375,-5.562,-19.5,0.012,-0.006,-0.004,-0.37,0.23,9.64,-0.31,0.37,-0.36,-0.05,0.16,9.8,0.11875000000000001,0.0,0.0,0.0,0.0,8.0,1016.92,67.71,-16.02
2025-03-24 18:30:30.566000+00:00,,,,,354.125,-0.312,-1.062,22.79,-83.375,-5.562,-19.5,0.012,-0.006,-0.004,-0.37,0.23,9.64,-0.31,0.37,-0.36,-0.05,0.16,9.8,0.11875000000000001,0.0,0.0,0.0,0.0,8.0,1016.92,67.71,-16.02
2025-03-24 18:30:31.516000+00:00,,,,,354.125,-0.312,-1.062,22.79,-83.375,-5.562,-19.5,0.012,-0.006,-0.004,-0.37,0.23,9.64,-0.31,0.37,-0.36,-0.05,0.16,9.8,0.11875000000000001,0.0,0.0,0.0,0.0,8.0,1016.92,67.71,-16.02
2025-03-24 18:30:32.540000+00:00,,,,,354.125,-0.312,-1.062,22.79,-83.375,-5.562,-19.5,0.012,-0.006,-0.004,-0.37,0.23,9.64,-0.31,0.37,-0.36,-0.05,0.16,9.8,0.11875000000000001,0.0,0.0,0.0,0.0,8.0,1016.92,67.71,-16.02
2025-03-24 18:30:33.800000+00:00,,,,,354.125,-0.312,-1.062,22.79,-83.375,-5.562,-19.5,0.012,-0.006,-0.004,-0.37,0.23,9.64,-0.31,0.37,-0.36,-0.05,0.16,9.8,0.11875000000000001,0.0,0.0,0.0,0.0,8.0,1016.92,67.71,-16.02
2025-03-24 18:30:35.199000+00:00,,,,,354.125,-0.312,-1.062,22.79,-83.375,-5.562,-19.5,0.012,-0.006,-0.004,-0.37,0.23,9.64,-0.31,0.37,-0.36,-0.05,0.16,9.8,0.11875000000000001,0.0,0.0,0.0,0.0,8.0,1016.92,67.71,-16.02
2025-03-24 18:30:36.209000+00:00,,,,,354.125,-0.312,-1.062,22.79,-83.375,-5.562,-19.5,0.012,-0.006,-0.004,-0.37,0.23,9.64,-0.31,0.37,-0.36,-0.05,0.16,9.8,0.11875000000000001,0.0,0.0,0.0,0.0,8.0,1016.92,67.71,-16.02
2025-03-24 18:30:37.203000+00:00,,,,,354.125,-0.312,-1.062,22.79,-83.375,-5.562,-19.5,0.012,-0.006,-0.004,-0.37,0.23,9.64,-0.31,0.37,-0.36,-0.05,0.16,9.8,0.11875000000000001,0.0,0.0,0.0,0.0,8.0,1016.92,67.71,-16.02
2025-03-24 18:30:38.209000+00:00,,,,,354.125,-0.312,-1.062,22.79,-83.375,-5.562,-19.5,0.012,-0.006,-0.004,-0.37,0.23,9.64,-0.31,0.37,-0.36,-0.05,0.16,9.8,0.11875000000000001,0.0,0.0,0.0,0.0,8.0,1016.92,67.71,-16.02
2025-03-24 18:30:39.628000+00:00,,,,,354.125,-0.312,-1.062,22.79,-83.375,-5.562,-19.5,0.012,-0.006,-0.004,-0.37,0.23,9.64,-0.31,0.37,-0.36,-0.05,0.16,9.8,0.11875000000000001,0.0,0.0,0.0,0.0,8.0,1016.92,67.71,-16.02
2025-03-24 18:30:40.818000+00:00,,,,,354.125,-0.312,-1.062,22.79,-83.375,-5.562,-19.5,0.012,-0.006,-0.004,-0.37,0.23,9.64,-0.31,0.37,-0.36,-0.05,0.16,9.8,0.11875000000000001,0.0,0.0,0.0,0.0,8.0,1016.92,67.71,-16.02
2025-03-24 18:29:42.060000+00:00,,,,,354.125,-0.312,-1.062,22.79,-83.375,-5.562,-19.5,0.012,-0.006,-0.004,-0.37,0.23,9.64,-0.31,0.37,-0.36,-0.05,0.16,9.8,0.11875000000000001,0.0,0.0,0.0,0.0,8.0,1016.92,67.71,-16.02
2025-03-24 18:29:43.184000+00:00,,,,,354.125,-0.312,-1.062,22.79,-83.375,-5.562,-19.5,0.012,-0.006,-0.004,-0.37,0.23,9.64,-0.31,0.37,-0.36,-0.05,0.16,9.8,0.11875000000000001,0.0,0.0,0.0,0.0,8.0,1016.92,67.71,-16.02
2025-03-24 18:29:44.114000+00:00,,,,,354.125,-0.312,-1.062,22.79,-83.375,-5.562,-19.5,0.012,-0.006,-0.004,-0.37,0.23,9.64,-0.31,0.37,-0.36,-0.05,0.16,9.8,0.11875000000000001,0.0,0.0,0.0,0.0,8.0,1016.92,67.71,-16.02
2025-03-24 18:29:45.274000+00:00,,,,,354.125,-0.312,-1.062,22.79,-83.375,-5.562,-19.5,0.012,-0.006,-0.004,-0.37,0.23,9.64,-0.31,0.37,-0.36,-0.05,0.16,9.8,0.11875000000000001,0.0,0.0,0.0,0.0,8.0,1016.92,67.71,-16.02
2025-03-24 18:29:46.394000+00:00,,,,,354.125,-0.312,-1.062,22.79,-83.375,-5.562,-19.5,0.012,-0.006,-0.004,-0.37,0.23,9.64,-0.31,0.37,-0.36,-0.05,0.16,9.8,0.11875000000000001,0.0,0.0,0.0,0.0,8.0,1016.92,67.71,-16.02
2025-03-24 18:29:47.363000+00:00,,,,,354.125,-0.312,-1.062,22.79,-83.375,-5.562,-19.5,0.012,-0.006,-0.004,-0.37,0.23,9.64,-0.31,0.37,-0.36,-0.05,0.16,9.8,0.11875000000000001,0.0,0.0,0.0,0.0,8.0,1016.92,67.71,-16.02
2025-03-24 18:29:48.384000+00:00,,,,,354.125,-0.312,-1.062,22.79,-83.375,-5.562,-19.5,0.012,-0.006,-0.004,-0.37,0.23,9.64,-0.31,0.37,-0.36,-0.05,0.16,9.8,0.11875000000000001,0.0,0.0,0.0,0.0,8.0,1016.92,67.71,-16.02
2025-03-24 18:29:49.844000+00:00,,,,,354.125,-0.312,-1.062,22.79,-83.375,-5.562,-19.5,0.012,-0.006,-0.004,-0.37,0.23,9.64,-0.31,0.37,-0.36,-0.05,0.16,9.8,0.11875000000000001,0.0,0.0,0.0,0.0,8.0,1016.92,67.71,-16.02
2025-03-24 18:29:51.004000+00:00,,,,,354.125,-0.312,-1.062,22.79,-83.375,-5.562,-19.5,0.012,-0.006,-0.004,-0.37,0.23,9.64,-0.31,0.37,-0.36,-0.05,0.16,9.8,0.11875000000000001,0.0,0.0,0.0,0.0,8.0,1016.92,67.71,-16.02
2025-03-24 18:29:52.049000+00:00,,,,,354.125,-0.312,-1.062,22.79,-83.375,-5.562,-19.5,0.012,-0.006,-0.004,-0.37,0.23,9.64,-0.31,0.37,-0.36,-0.05,0.16,9.8,0.11875000000000001,0.0,0.0,0.0,0.0,8.0,1016.92,67.71,-16.02
2025-03-24 18:29:53.063000+00:00,,,,,354.125,-0.312,-1.062,22.79,-83.375,-5.562,-19.5,0.012,-0.006,-0.004,-0.37,0.23,9.64,-0.31,0.37,-0.36,-0.05,0.16,9.8,0.11875000000000001,0.0,0.0,0.0,0.0,8.0,1016.92,67.71,-16.02
2025-03-24 18:29:54.054000+00:00,,,,,354.125,-0.312,-1.062,22.79,-83.375,-5.562,-19.5,0.012,-0.006,-0.004,-0.37,0.23,9.64,-0.31,0.37,-0.36,-0.05,0.16,9.8,0.11875000000000001,0.0,0.0,0.0,0.0,8.0,1016.92,67.71,-16.02
2025-03-24 18:29:55.189000+00:00,,,,,354.125,-0.312,-1.062,22.79,-83.375,-5.562,-19.5,0.012,-0.006,-0.004,-0.37,0.23,9.64,-0.31,0.37,-0.36,-0.05,0.16,9.8,0.11875000000000001,0.0,0.0,0.0,0.0,8.0,1016.92,67.71,-16.02
2025-03-24 18:29:56.224000+00:00,,,,,354.125,-0.312,-1.062,22.79,-83.375,-5.562,-19.5,0.012,-0.006,-0.004,-0.37,0.23,9.64,-0.31,0.37,-0.36,-0.05,0.16,9.8,0.11875000000000001,0.0,0.0,0.0,0.0,8.0,1016.92,67.71,-16.02
2025-03-24 18:29:57.263000+00:00,,,,,354.125,-0.312,-1.062,22.79,-83.375,-5.562,-19.5,0.012,-0.006,-0.004,-0.37,0.23,9.64,-0.31,0.37,-0.36,-0.05,0.16,9.8,0.11875000000000001,0.0,0.0,0.0,0.0,8.0,1016.92,67.71,-16.02
2025-03-24 18:29:58.458000+00:00,,,,,354.125,-0.312,-1.062,22.79,-83.375,-5.562,-19.5,0.012,-0.006,-0.004,-0.37,0.23,9.64,-0.31,0.37,-0.36,-0.05,0.16,9.8,0.11875000000000001,0.0,0.0,0.0,0.0,8.0,1016.92,67.71,-16.02
2025-03-24 18:29:59.879000+00:00,,,,,354.125,-0.312,-1.062,22.79,-83.375,-5.562,-19.5,0.012,-0.006,-0.004,-0.37,0.23,9.64,-0.31,0.37,-0.36,-0.05,0.16,9.8,0.11875000000000001,0.0,0.0,0.0,0.0,8.0,1016.92,67.71,-16.02
2025-03-24 18:30:01.138000+00:00,,,,,354.125,-0.312,-1.062,22.79,-83.375,-5.562,-19.5,0.012,-0.006,-0.004,-0.37,0.23,9.64,-0.31,0.37,-0.36,-0.05,0.16,9.8,0.11875000000000001,0.0,0.0,0.0,0.0,8.0,1016.92,67.71,-16.02
2025-03-24 18:30:02.098000+00:00,,,,,354.125,-0.312,-1.062,22.79,-83.375,-5.562,-19.5,0.012,-0.006,-0.004,-0.37,0.23,9.64,-0.31,0.37,-0.36,-0.05,0.16,9.8,0.11875000000000001,0.0,0.0,0.0,0.0,8.0,1016.92,67.71,-16.02
2025-03-24 18:30:03.221000+00:00,,,,,354.125,-0.312,-1.062,22.79,-83.375,-5.562,-19.5,0.012,-0.006,-0.004,-0.37,0.23,9.64,-0.31,0.37,-0.36,-0.05,0.16,9.8,0.11875000000000001,0.0,0.0,0.0,0.0,8.0,1016.92,67.71,-16.02
2025-03-24 18:30:04.178000+00:00,,,,,354.125,-0.312,-1.062,22.79,-83.375,-5.562,-19.5,0.012,-0.006,-0.004,-0.37,0.23,9.64,-0.31,0.37,-0.36,-0.05,0.16,9.8,0.11875000000000001,0.0,0.0,0.0,0.0,8.0,1016.92,67.71,-16.02
2025-03-24 18:30:05.178000+00:00,,,,,354.125,-0.312,-1.062,22.79,-83.375,-5.562,-19.5,0.012,-0.006,-0.004,-0.37,0.23,9.64,-0.31,0.37,-0.36,-0.05,0.16,9.8,0.11875000000000001,0.0,0.0,0.0,0.0,8.0,1016.92,67.71,-16.02
2025-03-24 18:30:06.189000+00:00,,,,,354.125,-0.312,-1.062,22.79,-83.375,-5.562,-19.5,0.012,-0.006,-0.004,-0.37,0.23,9.64,-0.31,0.37,-0.36,-0.05,0.16,9.8,0.11875000000000001,0.0,0.0,0.0,0.0,8.0,1016.92,67.71,-16.02
2025-03-24 18:30:07.198000+00:00,,,,,354.125,-0.312,-1.062,22.79,-83.375,-5.562,-19.5,0.012,-0.006,-0.004,-0.37,0.23,9.64,-0.31,0.37,-0.36,-0.05,0.16,9.8,0.11875000000000001,0.0,0.0,0.0,0.0,8.0,1016.92,67.71,-16.02
2025-03-24 18:30:08.353000+00:00,,,,,354.125,-0.312,-1.062,22.79,-83.375,-5.562,-19.5,0.012,-0.006,-0.004,-0.37,0.23,9.64,-0.31,0.37,-0.36,-0.05,0.16,9.8,0.11875000000000001,0.0,0.0,0.0,0.0,8.0,1016.92,67.71,-16.02
2025-03-24 18:30:09.630000+00:00,,,,,354.125,-0.312,-1.062,22.79,-83.375,-5.562,-19.5,0.012,-0.006,-0.004,-0.37,0.23,9.64,-0.31,0.37,-0.36,-0.05,0.16,9.8,0.11875000000000001,0.0,0.0,0.0,0.0,8.0,1016.92,67.71,-16.02
2025-03-24 18:30:11.225000+00:00,,,,,354.125,-0.312,-1.062,22.79,-83.375,-5.562,-19.5,0.012,-0.006,-0.004,-0.37,0.23,9.64,-0.31,0.37,-0.36,-0.05,0.16,9.8,0.11875000000000001,0.0,0.0,0.0,0.0,8.0,1016.92,67.71,-16.16
2025-03-24 18:30:12.191000+00:00,,,,,354.125,-0.312,-1.062,22.79,-83.375,-5.562,-19.5,0.012,-0.006,-0.004,-0.37,0.23,9.64,-0.31,0.37,-0.36,-0.05,0.16,9.8,0.11875000000000001,0.0,0.0,0.0,0.0,8.0,1016.92,67.71,-16.16
2025-03-24 18:30:13.205000+00:00,,,,,354.125,-0.312,-1.062,22.79,-83.375,-5.562,-19.5,0.012,-0.006,-0.004,-0.37,0.23,9.64,-0.31,0.37,-0.36,-0.05,0.16,9.8,0.11875000000000001,0.0,0.0,0.0,0.0,8.0,1016.92,67.71,-16.16
2025-03-24 18:30:14.218000+00:00,,,,,354.125,-0.312,-1.062,22.79,-83.375,-5.562,-19.5,0.012,-0.006,-0.004,-0.37,0.23,9.64,-0.31,0.37,-0.36,-0.05,0.16,9.8,0.11875000000000001,0.0,0.0,0.0,0.0,8.0,1016.92,67.71,-16.16
2025-03-24 18:30:15.192000+00:00,,,,,354.125,-0.312,-1.062,22.79,-83.375,-5.562,-19.5,0.012,-0.006,-0.004,-0.37,0.23,9.64,-0.31,0.37,-0.36,-0.05,0.16,9.8,0.11875000000000001,0.0,0.0,0.0,0.0,8.0,1016.92,67.71,-16.16
2025-03-24 18:30:16.198000+00:00,,,,,354.125,-0.312,-1.062,22.79,-83.375,-5.562,-19.5,0.012,-0.006,-0.004,-0.37,0.23,9.64,-0.31,0.37,-0.36,-0.05,0.16,9.8,0.11875000000000001,0.0,0.0,0.0,0.0,8.0,1016.92,67.71,-16.16
2025-03-24 18:30:17.227000+00:00,,,,,354.125,-0.312,-1.062,22.79,-83.375,-5.562,-19.5,0.012,-0.006,-0.004,-0.37,0.23,9.64,-0.31,0.37,-0.36,-0.05,0.16,9.8,0.11875000000000001,0.0,0.0,0.0,0.0,8.0,1016.92,67.71,-16.16
2025-03-24 18:30:18.362000+00:00,,,,,354.125,-0.312,-1.062,22.79,-83.375,-5.562,-19.5,0.012,-0.006,-0.004,-0.37,0.23,9.64,-0.31,0.37,-0.36,-0.05,0.16,9.8,0.11875000000000001,0.0,0.0,0.0,0.0,8.0,1016.92,67.71,-16.16
2025-03-24 18:30:19.510000+00:00,,,,,354.125,-0.312,-1.062,22.79,-83.375,-5.562,-19.5,0.012,-0.006,-0.004,-0.37,0.23,9.64,-0.31,0.37,-0.36,-0.05,0.16,9.8,0.11875000000000001,0.0,0.0,0.0,0.0,8.0,1016.92,67.71,-16.16
2025-03-24 18:30:20.561000+00:00,,,,,354.125,-0.312,-1.062,22.79,-83.375,-5.562,-19.5,0.012,-0.006,-0.004,-0.37,0.23,9.64,-0.31,0.37,-0.36,-0.05,0.16,9.8,0.11875000000000001,0.0,0.0,0.0,0.0,8.0,1016.92,67.71,-16.16
2025-03-24 18:30:21.856000+00:00,,,,,354.125,-0.312,-1.062,22.79,-83.375,-5.562,-19.5,0.012,-0.006,-0.004,-0.37,0.23,9.64,-0.31,0.37,-0.36,-0.05,0.16,9.8,0.11875000000000001,0.0,0.0,0.0,0.0,8.0,1016.92,67.71,-16.16
2025-03-24 18:30:23.236000+00:00,,,,,354.125,-0.312,-1.062,22.79,-83.375,-5.562,-19.5,0.012,-0.006,-0.004,-0.37,0.23,9.64,-0.31,0.37,-0.36,-0.05,0.16,9.8,0.11875000000000001,0.0,0.0,0.0,0.0,8.0,1016.92,67.71,-16.16
2025-03-24 18:30:24.260000+00:00,,,,,354.125,-0.312,-1.062,22.79,-83.375,-5.562,-19.5,0.012,-0.006,-0.004,-0.37,0.23,9.64,-0.31,0.37,-0.36,-0.05,0.16,9.8,0.11875000000000001,0.0,0.0,0.0,0.0,8.0,1016.92,67.71,-16.16
2025-03-24 18:30:25.253000+00:00,,,,,354.125,-0.312,-1.062,22.79,-83.375,-5.562,-19.5,0.012,-0.006,-0.004,-0.37,0.23,9.64,-0.31,0.37,-0.36,-0.05,0.16,9.8,0.11875000000000001,0.0,0.0,0.0,0.0,8.0,1016.92,67.71,-16.16
2025-03-24 18:30:26.246000+00:00,,,,,354.125,-0.312,-1.062,22.79,-83.375,-5.562,-19.5,0.012,-0.006,-0.004,-0.37,0.23,9.64,-0.31,0.37,-0.36,-0.05,0.16,9.8,0.11875000000000001,0.0,0.0,0.0,0.0,8.0,1016.92,67.71,-16.16
2025-03-24 18:30:27.220000+00:00,,,,,354.125,-0.312,-1.062,22.79,-83.375,-5.562,-19.5,0.012,-0.006,-0.004,-0.37,0.23,9.64,-0.31,0.37,-0.36,-0.05,0.16,9.8,0.11875000000000001,0.0,0.0,0.0,0.0,8.0,1016.92,67.71,-16.16
2025-03-24 18:30:28.380000+00:00,,,,,354.125,-0.312,-1.062,22.79,-83.375,-5.562,-19.5,0.012,-0.006,-0.004,-0.37,0.23,9.64,-0.31,0.37,-0.36,-0.05,0.16,9.8,0.11875000000000001,0.0,0.0,0.0,0.0,8.0,1016.92,67.71,-16.16
2025-03-24 18:30:29.519000+00:00,,,,,354.125,-0.312,-1.062,22.79,-83.375,-5.562,-19.5,0.012,-0.006,-0.004,-0.37,0.23,9.64,-0.31,0.37,-0.36,-0.05,0.16,9.8,0.11875000000000001,0.0,0.0,0.0,0.0,8.0,1016.92,67.71,-16.16
2025-03-24 18:30:30.679000+00:00,,,,,354.125,-0.312,-1.062,22.79,-83.375,-5.562,-19.5,0.012,-0.006,-0.004,-0.37,0.23,9.64,-0.31,0.37,-0.36,-0.05,0.16,9.8,0.11875000000000001,0.0,0.0,0.0,0.0,8.0,1016.92,67.71,-16.16
2025-03-24 18:30:31.620000+00:00,,,,,354.125,-0.312,-1.062,22.79,-83.375,-5.562,-19.5,0.012,-0.006,-0.004,-0.37,0.23,9.64,-0.31,0.37,-0.36,-0.05,0.16,9.8,0.11875000000000001,0.0,0.0,0.0,0.0,8.0,1016.92,67.71,-16.16
2025-03-24 18:30:32.639000+00:00,,,,,354.125,-0.312,-1.062,22.79,-83.375,-5.562,-19.5,0.012,-0.006,-0.004,-0.37,0.23,9.64,-0.31,0.37,-0.36,-0.05,0.16,9.8,0.11875000000000001,0.0,0.0,0.0,0.0,8.0,1016.92,67.71,-16.16
2025-03-24 18:30:33.899000+00:00,,,,,354.125,-0.312,-1.062,22.79,-83.375,-5.562,-19.5,0.012,-0.006,-0.004,-0.37,0.23,9.64,-0.31,0.37,-0.36,-0.05,0.16,9.8,0.11875000000000001,0.0,0.0,0.0,0.0,8.0,1016.92,67.71,-16.16
2025-03-24 18:30:35.315000+00:00,,,,,354.125,-0.312,-1.062,22.79,-83.375,-5.562,-19.5,0.012,-0.006,-0.004,-0.37,0.23,9.64,-0.31,0.37,-0.36,-0.05,0.16,9.8,0.11875000000000001,0.0,0.0,0.0,0.0,8.0,1016.92,67.71,-16.16
2025-03-24 18:30:36.309000+00:00,,,,,354.125,-0.312,-1.062,22.79,-83.375,-5.562,-19.5,0.012,-0.006,-0.004,-0.37,0.23,9.64,-0.31,0.37,-0.36,-0.05,0.16,9.8,0.11875000000000001,0.0,0.0,0.0,0.0,8.0,1016.92,67.71,-16.16
2025-03-24 18:30:37.315000+00:00,,,,,354.125,-0.312,-1.062,22.79,-83.375,-5.562,-19.5,0.012,-0.006,-0.004,-0.37,0.23,9.64,-0.31,0.37,-0.36,-0.05,0.16,9.8,0.11875000000000001,0.0,0.0,0.0,0.0,8.0,1016.92,67.71,-16.16
2025-03-24 18:30:38.309000+00:00,,,,,354.125,-0.312,-1.062,22.79,-83.375,-5.562,-19.5,0.012,-0.006,-0.004,-0.37,0.23,9.64,-0.31,0.37,-0.36,-0.05,0.16,9.8,0.11875000000000001,0.0,0.0,0.0,0.0,8.0,1016.92,67.71,-16.16
2025-03-24 18:30:39.728000+00:00,,,,,354.125,-0.312,-1.062,22.79,-83.375,-5.562,-19.5,0.012,-0.006,-0.004,-0.37,0.23,9.64,-0.31,0.37,-0.36,-0.05,0.16,9.8,0.11875000000000001,0.0,0.0,0.0,0.0,8.0,1016.92,67.71,-15.68
2025-03-24 18:30:40.918000+00:00,,,,,354.125,-0.312,-1.062,22.79,-83.375,-5.562,-19.5,0.012,-0.006,-0.004,-0.37,0.23,9.64,-0.31,0.37,-0.36,-0.05,0.16,9.8,0.11875000000000001,0.0,0.0,0.0,0.0,8.0,1016.92,67.71,-15.68
