,rpm_value,rpm_blade_1,rpm_blade_2,rpm_blade_3,orientation_heading,orientation_roll,orientation_pitch,temperature_value,magnetometer_mx,magnetometer_my,magnetometer_mz,gyroscope_gx,gyroscope_gy,gyroscope_gz,accelerometer_ax,accelerometer_ay,accelerometer_az,linear_acceleration_lx,linear_acceleration_ly,linear_acceleration_lz,gravity_grx,gravity_gry,gravity_grz,voltage_value,current_value,power_value,servo_value,speed_value,direction_value,pressure_value,humidity_value,altitude_value
2025-03-24 18:35:14.378000+00:00,,,,,348.25,-1.125,-1.625,23.0,-82.688,-6.688,-18.188,0.003,-0.006,0.003,-0.05,0.36,9.39,0.14,0.08,-0.4,-0.2,0.28,9.8,0.1125,0.0,0.0,0.0,4.3,7.0,1016.66,67.3,-14.22
2025-03-24 18:35:15.386000+00:00,,,,,348.25,-1.188,-1.625,23.0,-82.688,-6.688,-18.188,0.003,-0.006,0.003,-0.05,0.36,9.39,0.14,0.08,-0.4,-0.2,0.28,9.8,0.1125,0.0,0.0,0.0,4.3,7.0,1016.66,67.3,-14.22
2025-03-24 18:35:16.394000+00:00,,,,,348.188,-1.125,-1.625,23.0,-82.688,-6.688,-18.188,0.003,-0.006,0.003,-0.05,0.36,9.39,0.14,0.08,-0.4,-0.2,0.28,9.8,0.1125,0.0,0.0,0.0,4.3,7.0,1016.66,67.3,-14.22
2025-03-24 18:35:17.404000+00:00,,,,,348.188,-1.188,-1.562,23.0,-82.688,-6.688,-18.188,0.003,-0.006,0.003,-0.05,0.36,9.39,0.14,0.08,-0.4,-0.2,0.28,9.8,0.1125,0.0,0.0,0.0,4.3,7.0,1016.66,67.3,-14.22
2025-03-24 18:35:18.541000+00:00,,,,,348.25,-1.125,-1.625,23.0,-82.688,-6.688,-18.188,0.003,-0.006,0.003,-0.05,0.36,9.39,0.14,0.08,-0.4,-0.2,0.28,9.8,0.1125,0.0,0.0,0.0,4.3,7.0,1016.66,67.3,-14.22
2025-03-24 18:35:19.695000+00:00,,,,,348.125,-1.062,-1.562,23.0,-82.688,-6.688,-18.188,0.003,-0.006,0.003,-0.05,0.36,9.39,0.14,0.08,-0.4,-0.2,0.28,9.8,0.1125,0.0,0.0,0.0,4.3,7.0,1016.66,67.3,-14.22
2025-03-24 18:35:20.436000+00:00,,,,,348.125,-1.125,-1.625,23.0,-82.688,-6.688,-18.188,0.003,-0.006,0.003,-0.05,0.36,9.39,0.14,0.08,-0.4,-0.2,0.28,9.8,0.1125,0.0,0.0,0.0,4.3,7.0,1016.66,67.3,-14.22
2025-03-24 18:35:21.444000+00:00,,,,,348.188,-1.125,-1.562,23.0,-82.688,-6.688,-18.188,0.003,-0.006,0.003,-0.05,0.36,9.39,0.14,0.08,-0.4,-0.2,0.28,9.8,0.1125,0.0,0.0,0.0,4.3,7.0,1016.66,67.3,-14.22
2025-03-24 18:35:22.455000+00:00,,,,,348.125,-1.188,-1.562,23.0,-82.688,-6.688,-18.188,0.003,-0.006,0.003,-0.05,0.36,9.39,0.14,0.08,-0.4,-0.2,0.28,9.8,0.1125,0.0,0.0,0.0,4.3,7.0,1016.66,67.3,-14.22
2025-03-24 18:35:23.465000+00:00,,,,,348.125,-1.188,-1.562,23.0,-82.688,-6.688,-18.188,0.003,-0.006,0.003,-0.05,0.36,9.39,0.14,0.08,-0.4,-0.2,0.28,9.8,0.1125,0.0,0.0,0.0,4.3,7.0,1016.66,67.3,-14.22
2025-03-24 18:35:24.475000+00:00,,,,,348.062,-1.25,-1.5,23.0,-82.688,-6.688,-18.188,0.003,-0.006,0.003,-0.05,0.36,9.39,0.14,0.08,-0.4,-0.2,0.28,9.8,0.1125,0.0,0.0,0.0,4.3,7.0,1016.66,67.3,-14.22
2025-03-24 18:35:25.487000+00:00,,,,,348.0,-1.188,-1.625,23.0,-82.688,-6.688,-18.188,0.003,-0.006,0.003,-0.05,0.36,9.39,0.14,0.08,-0.4,-0.2,0.28,9.8,0.1125,0.0,0.0,0.0,4.3,7.0,1016.66,67.3,-14.22
2025-03-24 18:35:26.494000+00:00,,,,,348.062,-1.188,-1.562,23.0,-82.688,-6.688,-18.188,0.003,-0.006,0.003,-0.05,0.36,9.39,0.14,0.08,-0.4,-0.2,0.28,9.8,0.1125,0.0,0.0,0.0,4.3,7.0,1016.66,67.3,-14.22
2025-03-24 18:35:27.508000+00:00,,,,,348.062,-1.125,-1.562,23.0,-82.688,-6.688,-18.188,0.003,-0.006,0.003,-0.05,0.36,9.39,0.14,0.08,-0.4,-0.2,0.28,9.8,0.1125,0.0,0.0,0.0,4.3,7.0,1016.66,67.3,-14.22
2025-03-24 18:35:28.554000+00:00,,,,,348.0,-1.188,-1.562,23.0,-82.688,-6.688,-18.188,0.003,-0.006,0.003,-0.05,0.36,9.39,0.14,0.08,-0.4,-0.2,0.28,9.8,0.1125,0.0,0.0,0.0,4.3,7.0,1016.66,67.3,-14.22
2025-03-24 18:35:29.593000+00:00,,,,,348.0,-1.25,-1.625,23.0,-82.688,-6.688,-18.188,0.003,-0.006,0.003,-0.05,0.36,9.39,0.14,0.08,-0.4,-0.2,0.28,9.8,0.1125,0.0,0.0,0.0,4.3,7.0,1016.66,67.3,-14.22
2025-03-24 18:35:30.760000+00:00,,,,,347.938,-1.188,-1.688,23.0,-82.688,-6.688,-18.188,0.003,-0.006,0.003,-0.05,0.36,9.39,0.14,0.08,-0.4,-0.2,0.28,9.8,0.1125,0.0,0.0,0.0,4.3,7.0,1016.66,67.3,-14.22
2025-03-24 18:35:31.546000+00:00,,,,,347.938,-1.188,-1.625,23.0,-82.688,-6.688,-18.188,0.003,-0.006,0.003,-0.05,0.36,9.39,0.14,0.08,-0.4,-0.2,0.28,9.8,0.1125,0.0,0.0,0.0,4.3,7.0,1016.66,67.3,-14.22
2025-03-24 18:35:32.553000+00:00,,,,,348.0,-1.062,-1.562,23.0,-82.688,-6.688,-18.188,0.003,-0.006,0.003,-0.05,0.36,9.39,0.14,0.08,-0.4,-0.2,0.28,9.8,0.1125,0.0,0.0,0.0,4.3,7.0,1016.66,67.3,-14.22
2025-03-24 18:35:33.564000+00:00,,,,,347.938,-1.062,-1.688,23.0,-82.688,-6.688,-18.188,0.003,-0.006,0.003,-0.05,0.36,9.39,0.14,0.08,-0.4,-0.2,0.28,9.8,0.1125,0.0,0.0,0.0,4.3,7.0,1016.66,67.3,-14.22
2025-03-24 18:35:34.576000+00:00,,,,,347.875,-1.125,-1.688,23.0,-82.688,-6.688,-18.188,0.003,-0.006,0.003,-0.05,0.36,9.39,0.14,0.08,-0.4,-0.2,0.28,9.8,0.1125,0.0,0.0,0.0,4.3,7.0,1016.66,67.3,-14.22
2025-03-24 18:35:35.585000+00:00,,,,,347.875,-1.125,-1.688,23.0,-82.688,-6.688,-18.188,0.003,-0.006,0.003,-0.05,0.36,9.39,0.14,0.08,-0.4,-0.2,0.28,9.8,0.1125,0.0,0.0,0.0,4.3,7.0,1016.66,67.3,-14.22
2025-03-24 18:35:36.596000+00:00,,,,,347.875,-1.188,-1.688,23.0,-82.688,-6.688,-18.188,0.003,-0.006,0.003,-0.05,0.36,9.39,0.14,0.08,-0.4,-0.2,0.28,9.8,0.1125,0.0,0.0,0.0,4.3,7.0,1016.66,67.3,-14.22
2025-03-24 18:35:37.605000+00:00,,,,,347.812,-1.25,-1.688,23.0,-82.688,-6.688,-18.188,0.003,-0.006,0.003,-0.05,0.36,9.39,0.14,0.08,-0.4,-0.2,0.28,9.8,0.1125,0.0,0.0,0.0,4.3,7.0,1016.66,67.3,-14.22
2025-03-24 18:35:38.615000+00:00,,,,,347.812,-1.25,-1.625,23.0,-82.688,-6.688,-18.188,0.003,-0.006,0.003,-0.05,0.36,9.39,0.14,0.08,-0.4,-0.2,0.28,9.8,0.1125,0.0,0.0,0.0,4.3,7.0,1016.66,67.3,-14.22
2025-03-24 18:35:39.625000+00:00,,,,,347.812,-1.312,-1.625,23.0,-82.688,-6.688,-18.188,0.003,-0.006,0.003,-0.05,0.36,9.39,0.14,0.08,-0.4,-0.2,0.28,9.8,0.1125,0.0,0.0,0.0,4.3,7.0,1016.66,67.3,-14.22
2025-03-24 18:35:40.635000+00:00,,,,,347.812,-1.25,-1.625,23.0,-82.688,-6.688,-18.188,0.003,-0.006,0.003,-0.05,0.36,9.39,0.14,0.08,-0.4,-0.2,0.28,9.8,0.1125,0.0,0.0,0.0,4.3,7.0,1016.66,67.3,-14.22
2025-03-24 18:35:41.646000+00:00,,,,,347.75,-1.25,-1.625,23.0,-82.688,-6.688,-18.188,0.003,-0.006,0.003,-0.05,0.36,9.39,0.14,0.08,-0.4,-0.2,0.28,9.8,0.1125,0.0,0.0,0.0,4.3,7.0,1016.66,67.3,-14.22
2025-03-24 18:35:42.669000+00:00,,,,,347.812,-1.312,-1.625,23.0,-82.688,-6.688,-18.188,0.003,-0.006,0.003,-0.05,0.36,9.39,0.14,0.08,-0.4,-0.2,0.28,9.8,0.1125,0.0,0.0,0.0,4.3,7.0,1016.66,67.3,-14.22
2025-03-24 18:35:43.668000+00:00,,,,,347.688,-1.25,-1.562,23.0,-82.688,-6.688,-18.188,0.003,-0.006,0.003,-0.05,0.36,9.39,0.14,0.08,-0.4,-0.2,0.28,9.8,0.1125,0.0,0.0,0.0,4.3,7.0,1016.66,67.3,-14.22
2025-03-24 18:35:44.682000+00:00,,,,,347.688,-1.25,-1.562,23.0,-82.688,-6.688,-18.188,0.003,-0.006,0.003,-0.05,0.36,9.39,0.14,0.08,-0.4,-0.2,0.28,9.8,0.1125,0.0,0.0,0.0,4.3,7.0,1016.66,67.3,-14.22
2025-03-24 18:35:45.845000+00:00,,,,,347.625,-1.188,-1.5,23.0,-82.688,-6.688,-18.188,0.003,-0.006,0.003,-0.05,0.36,9.39,0.14,0.08,-0.4,-0.2,0.28,9.8,0.1125,0.0,0.0,0.0,4.3,7.0,1016.66,67.3,-14.22
2025-03-24 18:35:46.869000+00:00,,,,,347.625,-1.25,-1.562,23.0,-82.688,-6.688,-18.188,0.003,-0.006,0.003,-0.05,0.36,9.39,0.14,0.08,-0.4,-0.2,0.28,9.8,0.1125,0.0,0.0,0.0,4.3,7.0,1016.66,67.3,-14.22
2025-03-24 18:35:47.993000+00:00,,,,,347.562,-1.25,-1.5,23.0,-82.688,-6.688,-18.188,0.003,-0.006,0.003,-0.05,0.36,9.39,0.14,0.08,-0.4,-0.2,0.28,9.8,0.1125,0.0,0.0,0.0,4.3,7.0,1016.66,67.3,-14.22
2025-03-24 18:35:48.979000+00:00,,,,,347.5,-1.25,-1.5,23.0,-82.688,-6.688,-18.188,0.003,-0.006,0.003,-0.05,0.36,9.39,0.14,0.08,-0.4,-0.2,0.28,9.8,0.1125,0.0,0.0,0.0,4.3,7.0,1016.66,67.3,-14.22
2025-03-24 18:35:50.108000+00:00,,,,,347.5,-1.25,-1.562,23.0,-82.688,-6.688,-18.188,0.003,-0.006,0.003,-0.05,0.36,9.39,0.14,0.08,-0.4,-0.2,0.28,9.8,0.1125,0.0,0.0,0.0,4.3,7.0,1016.66,67.3,-14.22
2025-03-24 18:35:50.876000+00:00,,,,,347.438,-1.188,-1.5,23.0,-82.688,-6.688,-18.188,0.003,-0.006,0.003,-0.05,0.36,9.39,0.14,0.08,-0.4,-0.2,0.28,9.8,0.1125,0.0,0.0,0.0,4.3,7.0,1016.66,67.3,-14.22
2025-03-24 18:35:51.879000+00:00,,,,,347.438,-1.188,-1.375,23.0,-82.688,-6.688,-18.188,0.003,-0.006,0.003,-0.05,0.36,9.39,0.14,0.08,-0.4,-0.2,0.28,9.8,0.1125,0.0,0.0,0.0,4.3,7.0,1016.66,67.3,-14.22
2025-03-24 18:35:52.873000+00:00,,,,,347.375,-1.188,-1.375,23.0,-82.688,-6.688,-18.188,0.003,-0.006,0.003,-0.05,0.36,9.39,0.14,0.08,-0.4,-0.2,0.28,9.8,0.1125,0.0,0.0,0.0,4.3,7.0,1016.66,67.3,-14.22
2025-03-24 18:35:53.872000+00:00,,,,,347.375,-1.125,-1.375,23.0,-82.688,-6.688,-18.188,0.003,-0.006,0.003,-0.05,0.36,9.39,0.14,0.08,-0.4,-0.2,0.28,9.8,0.1125,0.0,0.0,0.0,4.3,7.0,1016.66,67.3,-14.22
2025-03-24 18:35:54.873000+00:00,,,,,347.375,-1.188,-1.438,23.0,-82.688,-6.688,-18.188,0.003,-0.006,0.003,-0.05,0.36,9.39,0.14,0.08,-0.4,-0.2,0.28,9.8,0.1125,0.0,0.0,0.0,4.3,7.0,1016.66,67.3,-14.22
2025-03-24 18:35:55.872000+00:00,,,,,347.312,-1.125,-1.438,23.0,-82.688,-6.688,-18.188,0.003,-0.006,0.003,-0.05,0.36,9.39,0.14,0.08,-0.4,-0.2,0.28,9.8,0.1125,0.0,0.0,0.0,4.3,7.0,1016.66,67.3,-14.22
2025-03-24 18:35:56.886000+00:00,,,,,347.312,-1.125,-1.5,23.0,-82.688,-6.688,-18.188,0.003,-0.006,0.003,-0.05,0.36,9.39,0.14,0.08,-0.4,-0.2,0.28,9.8,0.1125,0.0,0.0,0.0,4.3,7.0,1016.66,67.3,-14.22
2025-03-24 18:35:57.963000+00:00,,,,,347.312,-1.188,-1.625,23.0,-82.688,-6.688,-18.188,0.003,-0.006,0.003,-0.05,0.36,9.39,0.14,0.08,-0.4,-0.2,0.28,9.8,0.1125,0.0,0.0,0.0,4.3,7.0,1016.66,67.3,-14.22
2025-03-24 18:35:59.079000+00:00,,,,,347.25,-1.188,-1.688,23.0,-82.688,-6.688,-18.188,0.003,-0.006,0.003,-0.05,0.36,9.39,0.14,0.08,-0.4,-0.2,0.28,9.8,0.1125,0.0,0.0,0.0,4.3,7.0,1016.66,67.3,-14.22
2025-03-24 18:36:00.193000+00:00,,,,,347.188,-1.125,-1.625,23.0,-82.688,-6.688,-18.188,0.003,-0.006,0.003,-0.05,0.36,9.39,0.14,0.08,-0.4,-0.2,0.28,9.8,0.1125,0.0,0.0,0.0,4.3,7.0,1016.66,67.3,-14.22
2025-03-24 18:36:00.901000+00:00,,,,,347.25,-1.125,-1.562,23.0,-82.688,-6.688,-18.188,0.003,-0.006,0.003,-0.05,0.36,9.39,0.14,0.08,-0.4,-0.2,0.28,9.8,0.1125,0.0,0.0,0.0,4.3,7.0,1016.66,67.3,-14.22
2025-03-24 18:36:01.912000+00:00,,,,,347.188,-1.062,-1.562,23.0,-82.688,-6.688,-18.188,0.003,-0.006,0.003,-0.05,0.36,9.39,0.14,0.08,-0.4,-0.2,0.28,9.8,0.1125,0.0,0.0,0.0,4.3,7.0,1016.66,67.3,-14.22
2025-03-24 18:36:02.909000+00:00,,,,,347.188,-1.125,-1.5,23.0,-82.688,-6.688,-18.188,0.003,-0.006,0.003,-0.05,0.36,9.39,0.14,0.08,-0.4,-0.2,0.28,9.8,0.1125,0.0,0.0,0.0,4.3,7.0,1016.66,67.3,-14.22
2025-03-24 18:36:03.923000+00:00,,,,,347.125,-1.188,-1.438,23.0,-82.688,-6.688,-18.188,0.003,-0.006,0.003,-0.05,0.36,9.39,0.14,0.08,-0.4,-0.2,0.28,9.8,0.1125,0.0,0.0,0.0,4.3,7.0,1016.66,67.3,-14.22
2025-03-24 18:36:04.922000+00:00,,,,,347.125,-1.125,-1.5,23.0,-82.688,-6.688,-18.188,0.003,-0.006,0.003,-0.05,0.36,9.39,0.14,0.08,-0.4,-0.2,0.28,9.8,0.1125,0.0,0.0,0.0,4.3,7.0,1016.66,67.3,-14.22
2025-03-24 18:36:05.912000+00:00,,,,,347.125,-1.062,-1.5,23.0,-82.688,-6.688,-18.188,0.003,-0.006,0.003,-0.05,0.36,9.39,0.14,0.08,-0.4,-0.2,0.28,9.8,0.1125,0.0,0.0,0.0,4.3,7.0,1016.66,67.3,-14.22
2025-03-24 18:36:06.932000+00:00,,,,,347.062,-1.0,-1.438,23.0,-82.688,-6.688,-18.188,0.003,-0.006,0.003,-0.05,0.36,9.39,0.14,0.08,-0.4,-0.2,0.28,9.8,0.1125,0.0,0.0,0.0,4.3,7.0,1016.66,67.3,-14.22
2025-03-24 18:36:08.032000+00:00,,,,,347.062,-1.125,-1.562,23.0,-82.688,-6.688,-18.188,0.003,-0.006,0.003,-0.05,0.36,9.39,0.14,0.08,-0.4,-0.2,0.28,9.8,0.1125,0.0,0.0,0.0,4.3,7.0,1016.66,67.3,-14.22
2025-03-24 18:36:08.952000+00:00,,,,,347.062,-1.0,-1.5,23.0,-82.688,-6.688,-18.188,0.003,-0.006,0.003,-0.05,0.36,9.39,0.14,0.08,-0.4,-0.2,0.28,9.8,0.1125,0.0,0.0,0.0,4.3,7.0,1016.66,67.3,-14.22
2025-03-24 18:36:09.931000+00:00,,,,,347.062,-1.0,-1.438,23.0,-82.688,-6.688,-18.188,0.003,-0.006,0.003,-0.05,0.36,9.39,0.14,0.08,-0.4,-0.2,0.28,9.8,0.1125,0.0,0.0,0.0,4.3,7.0,1016.66,67.3,-14.22
2025-03-24 18:36:10.940000+00:00,,,,,347.062,-1.062,-1.375,23.0,-82.688,-6.688,-18.188,0.003,-0.006,0.003,-0.05,0.36,9.39,0.14,0.08,-0.4,-0.2,0.28,9.8,0.1125,0.0,0.0,0.0,4.3,7.0,1016.66,67.3,-14.22
2025-03-24 18:36:11.950000+00:00,,,,,347.0,-1.062,-1.312,23.0,-82.688,-6.688,-18.188,0.003,-0.006,0.003,-0.05,0.36,9.39,0.14,0.08,-0.4,-0.2,0.28,9.8,0.1125,0.0,0.0,0.0,4.3,7.0,1016.66,67.3,-14.22
2025-03-24 18:36:12.960000+00:00,,,,,347.062,-1.125,-1.438,23.0,-82.688,-6.688,-18.188,0.003,-0.006,0.003,-0.05,0.36,9.39,0.14,0.08,-0.4,-0.2,0.28,9.8,0.1125,0.0,0.0,0.0,4.3,7.0,1016.66,67.3,-14.22
2025-03-24 18:35:14.430000+00:00,,,,,347.062,-1.125,-1.438,23.0,-82.688,-6.688,-18.188,0.003,-0.006,0.003,-0.05,0.36,9.39,0.14,0.08,-0.4,-0.2,0.28,9.8,0.1125,0.0,0.0,0.0,4.3,7.0,1016.66,67.3,-14.22
2025-03-24 18:35:15.006000+00:00,,,,,347.062,-1.125,-1.438,22.92,-82.688,-6.688,-18.188,0.003,-0.006,0.003,-0.05,0.36,9.39,0.14,0.08,-0.4,-0.2,0.28,9.8,0.1125,0.0,0.0,0.0,4.3,7.0,1016.66,67.3,-14.22
2025-03-24 18:35:15.446000+00:00,,,,,347.062,-1.125,-1.438,23.0,-82.688,-6.688,-18.188,0.003,-0.006,0.003,-0.05,0.36,9.39,0.14,0.08,-0.4,-0.2,0.28,9.8,0.1125,0.0,0.0,0.0,4.3,7.0,1016.66,67.3,-14.22
2025-03-24 18:35:16.031000+00:00,,,,,347.062,-1.125,-1.438,22.92,-82.688,-6.688,-18.188,0.003,-0.006,0.003,-0.05,0.36,9.39,0.14,0.08,-0.4,-0.2,0.28,9.8,0.1125,0.0,0.0,0.0,4.3,7.0,1016.66,67.3,-14.22
2025-03-24 18:35:16.444000+00:00,,,,,347.062,-1.125,-1.438,23.0,-82.688,-6.688,-18.188,0.003,-0.006,0.003,-0.05,0.36,9.39,0.14,0.08,-0.4,-0.2,0.28,9.8,0.1125,0.0,0.0,0.0,4.3,7.0,1016.66,67.3,-14.22
2025-03-24 18:35:17.165000+00:00,,,,,347.062,-1.125,-1.438,22.92,-82.688,-6.688,-18.188,0.003,-0.006,0.003,-0.05,0.36,9.39,0.14,0.08,-0.4,-0.2,0.28,9.8,0.1125,0.0,0.0,0.0,4.3,7.0,1016.66,67.3,-14.22
2025-03-24 18:35:17.455000+00:00,,,,,347.062,-1.125,-1.438,23.0,-82.688,-6.688,-18.188,0.003,-0.006,0.003,-0.05,0.36,9.39,0.14,0.08,-0.4,-0.2,0.28,9.8,0.1125,0.0,0.0,0.0,4.3,7.0,1016.66,67.3,-14.22
2025-03-24 18:35:18.331000+00:00,,,,,347.062,-1.125,-1.438,22.92,-82.688,-6.688,-18.188,0.003,-0.006,0.003,-0.05,0.36,9.39,0.14,0.08,-0.4,-0.2,0.28,9.8,0.1125,0.0,0.0,0.0,4.3,7.0,1016.66,67.3,-14.22
2025-03-24 18:35:18.612000+00:00,,,,,347.062,-1.125,-1.438,23.0,-82.688,-6.688,-18.188,0.003,-0.006,0.003,-0.05,0.36,9.39,0.14,0.08,-0.4,-0.2,0.28,9.8,0.1125,0.0,0.0,0.0,4.3,7.0,1016.66,67.3,-14.22
2025-03-24 18:35:19.465000+00:00,,,,,347.062,-1.125,-1.438,22.92,-82.688,-6.688,-18.188,0.003,-0.006,0.003,-0.05,0.36,9.39,0.14,0.08,-0.4,-0.2,0.28,9.8,0.1125,0.0,0.0,0.0,4.3,7.0,1016.66,67.3,-14.22
2025-03-24 18:35:19.755000+00:00,,,,,347.062,-1.125,-1.438,23.0,-82.688,-6.688,-18.188,0.003,-0.006,0.003,-0.05,0.36,9.39,0.14,0.08,-0.4,-0.2,0.28,9.8,0.1125,0.0,0.0,0.0,4.3,7.0,1016.66,67.3,-14.22
2025-03-24 18:35:20.499000+00:00,,,,,347.062,-1.125,-1.438,23.0,-82.688,-6.688,-18.188,0.003,-0.006,0.003,-0.05,0.36,9.39,0.14,0.08,-0.4,-0.2,0.28,9.8,0.1125,0.0,0.0,0.0,4.3,7.0,1016.66,67.3,-14.22
2025-03-24 18:35:20.925000+00:00,,,,,347.062,-1.125,-1.438,22.92,-82.688,-6.688,-18.188,0.003,-0.006,0.003,-0.05,0.36,9.39,0.14,0.08,-0.4,-0.2,0.28,9.8,0.1125,0.0,0.0,0.0,4.3,7.0,1016.66,67.3,-14.22
2025-03-24 18:35:21.496000+00:00,,,,,347.062,-1.125,-1.438,23.0,-82.688,-6.688,-18.188,0.003,-0.006,0.003,-0.05,0.36,9.39,0.14,0.08,-0.4,-0.2,0.28,9.8,0.1125,0.0,0.0,0.0,4.3,7.0,1016.66,67.3,-14.22
2025-03-24 18:35:21.904000+00:00,,,,,347.062,-1.125,-1.438,22.92,-82.688,-6.688,-18.188,0.003,-0.006,0.003,-0.05,0.36,9.39,0.14,0.08,-0.4,-0.2,0.28,9.8,0.1125,0.0,0.0,0.0,4.3,7.0,1016.66,67.3,-14.22
2025-03-24 18:35:22.507000+00:00,,,,,347.062,-1.125,-1.438,23.0,-82.688,-6.688,-18.188,0.003,-0.006,0.003,-0.05,0.36,9.39,0.14,0.08,-0.4,-0.2,0.28,9.8,0.1125,0.0,0.0,0.0,4.3,7.0,1016.66,67.3,-14.22
2025-03-24 18:35:23.105000+00:00,,,,,347.062,-1.125,-1.438,22.92,-82.688,-6.688,-18.188,0.003,-0.006,0.003,-0.05,0.36,9.39,0.14,0.08,-0.4,-0.2,0.28,9.8,0.1125,0.0,0.0,0.0,4.3,7.0,1016.66,67.3,-14.22
2025-03-24 18:35:23.522000+00:00,,,,,347.062,-1.125,-1.438,23.0,-82.688,-6.688,-18.188,0.003,-0.006,0.003,-0.05,0.36,9.39,0.14,0.08,-0.4,-0.2,0.28,9.8,0.1125,0.0,0.0,0.0,4.3,7.0,1016.66,67.3,-14.22
2025-03-24 18:35:24.138000+00:00,,,,,347.062,-1.125,-1.438,22.92,-82.688,-6.688,-18.188,0.003,-0.006,0.003,-0.05,0.36,9.39,0.14,0.08,-0.4,-0.2,0.28,9.8,0.1125,0.0,0.0,0.0,4.3,7.0,1016.66,67.3,-14.22
2025-03-24 18:35:24.525000+00:00,,,,,347.062,-1.125,-1.438,23.0,-82.688,-6.688,-18.188,0.003,-0.006,0.003,-0.05,0.36,9.39,0.14,0.08,-0.4,-0.2,0.28,9.8,0.1125,0.0,0.0,0.0,4.3,7.0,1016.66,67.3,-14.22
2025-03-24 18:35:25.090000+00:00,,,,,347.062,-1.125,-1.438,22.92,-82.688,-6.688,-18.188,0.003,-0.006,0.003,-0.05,0.36,9.39,0.14,0.08,-0.4,-0.2,0.28,9.8,0.1125,0.0,0.0,0.0,4.3,7.0,1016.66,67.3,-14.22
2025-03-24 18:35:25.535000+00:00,,,,,347.062,-1.125,-1.438,23.0,-82.688,-6.688,-18.188,0.003,-0.006,0.003,-0.05,0.36,9.39,0.14,0.08,-0.4,-0.2,0.28,9.8,0.1125,0.0,0.0,0.0,4.3,7.0,1016.66,67.3,-14.22
2025-03-24 18:35:26.151000+00:00,,,,,347.062,-1.125,-1.438,22.92,-82.688,-6.688,-18.188,0.003,-0.006,0.003,-0.05,0.36,9.39,0.14,0.08,-0.4,-0.2,0.28,9.8,0.1125,0.0,0.0,0.0,4.3,7.0,1016.66,67.3,-14.22
2025-03-24 18:35:26.545000+00:00,,,,,347.062,-1.125,-1.438,23.0,-82.688,-6.688,-18.188,0.003,-0.006,0.003,-0.05,0.36,9.39,0.14,0.08,-0.4,-0.2,0.28,9.8,0.1125,0.0,0.0,0.0,4.3,7.0,1016.66,67.3,-14.22
2025-03-24 18:35:27.207000+00:00,,,,,347.062,-1.125,-1.438,22.92,-82.688,-6.688,-18.188,0.003,-0.006,0.003,-0.05,0.36,9.39,0.14,0.08,-0.4,-0.2,0.28,9.8,0.1125,0.0,0.0,0.0,4.3,7.0,1016.66,67.3,-14.22
2025-03-24 18:35:27.561000+00:00,,,,,347.062,-1.125,-1.438,23.0,-82.688,-6.688,-18.188,0.003,-0.006,0.003,-0.05,0.36,9.39,0.14,0.08,-0.4,-0.2,0.28,9.8,0.1125,0.0,0.0,0.0,4.3,7.0,1016.66,67.3,-14.22
2025-03-24 18:35:28.355000+00:00,,,,,347.062,-1.125,-1.438,22.92,-82.688,-6.688,-18.188,0.003,-0.006,0.003,-0.05,0.36,9.39,0.14,0.08,-0.4,-0.2,0.28,9.8,0.1125,0.0,0.0,0.0,4.3,7.0,1016.66,67.3,-14.22
2025-03-24 18:35:28.604000+00:00,,,,,347.062,-1.125,-1.438,23.0,-82.688,-6.688,-18.188,0.003,-0.006,0.003,-0.05,0.36,9.39,0.14,0.08,-0.4,-0.2,0.28,9.8,0.1125,0.0,0.0,0.0,4.3,7.0,1016.66,67.3,-14.22
2025-03-24 18:35:29.390000+00:00,,,,,347.062,-1.125,-1.438,22.92,-82.688,-6.688,-18.188,0.003,-0.006,0.003,-0.05,0.36,9.39,0.14,0.08,-0.4,-0.2,0.28,9.8,0.1125,0.0,0.0,0.0,4.3,7.0,1016.66,67.3,-14.22
2025-03-24 18:35:29.644000+00:00,,,,,347.062,-1.125,-1.438,23.0,-82.688,-6.688,-18.188,0.003,-0.006,0.003,-0.05,0.36,9.39,0.14,0.08,-0.4,-0.2,0.28,9.8,0.1125,0.0,0.0,0.0,4.3,7.0,1016.66,67.3,-14.22
2025-03-24 18:35:30.544000+00:00,,,,,347.062,-1.125,-1.438,22.92,-82.688,-6.688,-18.188,0.003,-0.006,0.003,-0.05,0.36,9.39,0.14,0.08,-0.4,-0.2,0.28,9.8,0.1125,0.0,0.0,0.0,4.3,7.0,1016.66,67.3,-14.22
2025-03-24 18:35:30.821000+00:00,,,,,347.062,-1.125,-1.438,23.0,-82.688,-6.688,-18.188,0.003,-0.006,0.003,-0.05,0.36,9.39,0.14,0.08,-0.4,-0.2,0.28,9.8,0.1125,0.0,0.0,0.0,4.3,7.0,1016.66,67.3,-14.22
2025-03-24 18:35:31.602000+00:00,,,,,347.062,-1.125,-1.438,23.0,-82.688,-6.688,-18.188,0.003,-0.006,0.003,-0.05,0.36,9.39,0.14,0.08,-0.4,-0.2,0.28,9.8,0.1125,0.0,0.0,0.0,4.3,7.0,1016.66,67.3,-14.22
2025-03-24 18:35:32.211000+00:00,,,,,347.062,-1.125,-1.438,22.92,-82.688,-6.688,-18.188,0.003,-0.006,0.003,-0.05,0.36,9.39,0.14,0.08,-0.4,-0.2,0.28,9.8,0.1125,0.0,0.0,0.0,4.3,7.0,1016.66,67.3,-14.22
2025-03-24 18:35:32.609000+00:00,,,,,347.062,-1.125,-1.438,23.0,-82.688,-6.688,-18.188,0.003,-0.006,0.003,-0.05,0.36,9.39,0.14,0.08,-0.4,-0.2,0.28,9.8,0.1125,0.0,0.0,0.0,4.3,7.0,1016.66,67.3,-14.22
2025-03-24 18:35:33.224000+00:00,,,,,347.062,-1.125,-1.438,22.92,-82.688,-6.688,-18.188,0.003,-0.006,0.003,-0.05,0.36,9.39,0.14,0.08,-0.4,-0.2,0.28,9.8,0.1125,0.0,0.0,0.0,4.3,7.0,1016.66,67.3,-14.22
2025-03-24 18:35:33.617000+00:00,,,,,347.062,-1.125,-1.438,23.0,-82.688,-6.688,-18.188,0.003,-0.006,0.003,-0.05,0.36,9.39,0.14,0.08,-0.4,-0.2,0.28,9.8,0.1125,0.0,0.0,0.0,4.3,7.0,1016.66,67.3,-14.22
2025-03-24 18:35:34.229000+00:00,,,,,347.062,-1.125,-1.438,22.92,-82.688,-6.688,-18.188,0.003,-0.006,0.003,-0.05,0.36,9.39,0.14,0.08,-0.4,-0.2,0.28,9.8,0.1125,0.0,0.0,0.0,4.3,7.0,1016.66,67.3,-14.22
2025-03-24 18:35:34.631000+00:00,,,,,347.062,-1.125,-1.438,23.0,-82.688,-6.688,-18.188,0.003,-0.006,0.003,-0.05,0.36,9.39,0.14,0.08,-0.4,-0.2,0.28,9.8,0.1125,0.0,0.0,0.0,4.3,7.0,1016.66,67.3,-14.22
2025-03-24 18:35:35.216000+00:00,,,,,347.062,-1.125,-1.438,22.92,-82.688,-6.688,-18.188,0.003,-0.006,0.003,-0.05,0.36,9.39,0.14,0.08,-0.4,-0.2,0.28,9.8,0.1125,0.0,0.0,0.0,4.3,7.0,1016.66,67.3,-14.22
2025-03-24 18:35:35.644000+00:00,,,,,347.062,-1.125,-1.438,23.0,-82.688,-6.688,-18.188,0.003,-0.006,0.003,-0.05,0.36,9.39,0.14,0.08,-0.4,-0.2,0.28,9.8,0.1125,0.0,0.0,0.0,4.3,7.0,1016.66,67.3,-14.22
2025-03-24 18:35:36.235000+00:00,,,,,347.062,-1.125,-1.438,22.92,-82.688,-6.688,-18.188,0.003,-0.006,0.003,-0.05,0.36,9.39,0.14,0.08,-0.4,-0.2,0.28,9.8,0.1125,0.0,0.0,0.0,4.3,7.0,1016.66,67.3,-14.22
2025-03-24 18:35:36.647000+00:00,,,,,347.062,-1.125,-1.438,23.0,-82.688,-6.688,-18.188,0.003,-0.006,0.003,-0.05,0.36,9.39,0.14,0.08,-0.4,-0.2,0.28,9.8,0.1125,0.0,0.0,0.0,4.3,7.0,1016.66,67.3,-14.22
2025-03-24 18:35:37.324000+00:00,,,,,347.062,-1.125,-1.438,22.92,-82.688,-6.688,-18.188,0.003,-0.006,0.003,-0.05,0.36,9.39,0.14,0.08,-0.4,-0.2,0.28,9.8,0.1125,0.0,0.0,0.0,4.3,7.0,1016.66,67.3,-14.22
2025-03-24 18:35:37.659000+00:00,,,,,347.062,-1.125,-1.438,23.0,-82.688,-6.688,-18.188,0.003,-0.006,0.003,-0.05,0.36,9.39,0.14,0.08,-0.4,-0.2,0.28,9.8,0.1125,0.0,0.0,0.0,4.3,7.0,1016.66,67.3,-14.22
2025-03-24 18:35:38.370000+00:00,,,,,347.062,-1.125,-1.438,22.92,-82.688,-6.688,-18.188,0.003,-0.006,0.003,-0.05,0.36,9.39,0.14,0.08,-0.4,-0.2,0.28,9.8,0.1125,0.0,0.0,0.0,4.3,7.0,1016.66,67.3,-14.22
2025-03-24 18:35:38.670000+00:00,,,,,347.062,-1.125,-1.438,23.0,-82.688,-6.688,-18.188,0.003,-0.006,0.003,-0.05,0.36,9.39,0.14,0.08,-0.4,-0.2,0.28,9.8,0.1125,0.0,0.0,0.0,4.3,7.0,1016.66,67.3,-14.22
2025-03-24 18:35:39.685000+00:00,,,,,347.062,-1.125,-1.438,23.0,-82.688,-6.688,-18.188,0.003,-0.006,0.003,-0.05,0.36,9.39,0.14,0.08,-0.4,-0.2,0.28,9.8,0.1125,0.0,0.0,0.0,4.3,7.0,1016.66,67.3,-14.22
2025-03-24 18:35:40.253000+00:00,,,,,347.062,-1.125,-1.438,22.92,-82.688,-6.688,-18.188,0.003,-0.006,0.003,-0.05,0.36,9.39,0.14,0.08,-0.4,-0.2,0.28,9.8,0.1125,0.0,0.0,0.0,4.3,7.0,1016.66,67.3,-14.22
2025-03-24 18:35:40.690000+00:00,,,,,347.062,-1.125,-1.438,23.0,-82.688,-6.688,-18.188,0.003,-0.006,0.003,-0.05,0.36,9.39,0.14,0.08,-0.4,-0.2,0.28,9.8,0.1125,0.0,0.0,0.0,4.3,7.0,1016.66,67.3,-14.22
2025-03-24 18:35:41.283000+00:00,,,,,347.062,-1.125,-1.438,22.92,-82.688,-6.688,-18.188,0.003,-0.006,0.003,-0.05,0.36,9.39,0.14,0.08,-0.4,-0.2,0.28,9.8,0.1125,0.0,0.0,0.0,4.3,7.0,1016.66,67.3,-14.22
2025-03-24 18:35:41.702000+00:00,,,,,347.062,-1.125,-1.438,23.0,-82.688,-6.688,-18.188,0.003,-0.006,0.003,-0.05,0.36,9.39,0.14,0.08,-0.4,-0.2,0.28,9.8,0.1125,0.0,0.0,0.0,4.3,7.0,1016.66,67.3,-14.22
2025-03-24 18:35:42.324000+00:00,,,,,347.062,-1.125,-1.438,22.92,-82.688,-6.688,-18.188,0.003,-0.006,0.003,-0.05,0.36,9.39,0.14,0.08,-0.4,-0.2,0.28,9.8,0.1125,0.0,0.0,0.0,4.3,7.0,1016.66,67.3,-14.22
2025-03-24 18:35:42.723000+00:00,,,,,347.062,-1.125,-1.438,23.0,-82.688,-6.688,-18.188,0.003,-0.006,0.003,-0.05,0.36,9.39,0.14,0.08,-0.4,-0.2,0.28,9.8,0.1125,0.0,0.0,0.0,4.3,7.0,1016.66,67.3,-14.22
2025-03-24 18:35:43.302000+00:00,,,,,347.062,-1.125,-1.438,22.92,-82.688,-6.688,-18.188,0.003,-0.006,0.003,-0.05,0.36,9.39,0.14,0.08,-0.4,-0.2,0.28,9.8,0.1125,0.0,0.0,0.0,4.3,7.0,1016.66,67.3,-14.22
2025-03-24 18:35:43.724000+00:00,,,,,347.062,-1.125,-1.438,23.0,-82.688,-6.688,-18.188,0.003,-0.006,0.003,-0.05,0.36,9.39,0.14,0.08,-0.4,-0.2,0.28,9.8,0.1125,0.0,0.0,0.0,4.3,7.0,1016.66,67.3,-14.22
2025-03-24 18:35:44.312000+00:00,,,,,347.062,-1.125,-1.438,22.92,-82.688,-6.688,-18.188,0.003,-0.006,0.003,-0.05,0.36,9.39,0.14,0.08,-0.4,-0.2,0.28,9.8,0.1125,0.0,0.0,0.0,4.3,7.0,1016.66,67.3,-14.22
2025-03-24 18:35:44.733000+00:00,,,,,347.062,-1.125,-1.438,23.0,-82.688,-6.688,-18.188,0.003,-0.006,0.003,-0.05,0.36,9.39,0.14,0.08,-0.4,-0.2,0.28,9.8,0.1125,0.0,0.0,0.0,4.3,7.0,1016.66,67.3,-14.22
2025-03-24 18:35:45.449000+00:00,,,,,347.062,-1.125,-1.438,22.92,-82.688,-6.688,-18.188,0.003,-0.006,0.003,-0.05,0.36,9.39,0.14,0.08,-0.4,-0.2,0.28,9.8,0.1125,0.0,0.0,0.0,4.3,7.0,1016.66,67.3,-14.22
2025-03-24 18:35:45.899000+00:00,,,,,347.062,-1.125,-1.438,23.0,-82.688,-6.688,-18.188,0.003,-0.006,0.003,-0.05,0.36,9.39,0.14,0.08,-0.4,-0.2,0.28,9.8,0.1125,0.0,0.0,0.0,4.3,7.0,1016.66,67.3,-14.22
2025-03-24 18:35:46.493000+00:00,,,,,347.062,-1.125,-1.438,22.92,-82.688,-6.688,-18.188,0.003,-0.006,0.003,-0.05,0.36,9.39,0.14,0.08,-0.4,-0.2,0.28,9.8,0.1125,0.0,0.0,0.0,4.3,7.0,1016.66,67.3,-14.22
2025-03-24 18:35:46.930000+00:00,,,,,347.062,-1.125,-1.438,23.0,-82.688,-6.688,-18.188,0.003,-0.006,0.003,-0.05,0.36,9.39,0.14,0.08,-0.4,-0.2,0.28,9.8,0.1125,0.0,0.0,0.0,4.3,7.0,1016.66,67.3,-14.22
2025-03-24 18:35:47.554000+00:00,,,,,347.062,-1.125,-1.438,22.92,-82.688,-6.688,-18.188,0.003,-0.006,0.003,-0.05,0.36,9.39,0.14,0.08,-0.4,-0.2,0.28,9.8,0.1125,0.0,0.0,0.0,4.3,7.0,1016.66,67.3,-14.22
2025-03-24 18:35:48.044000+00:00,,,,,347.062,-1.125,-1.438,23.0,-82.688,-6.688,-18.188,0.003,-0.006,0.003,-0.05,0.36,9.39,0.14,0.08,-0.4,-0.2,0.28,9.8,0.1125,0.0,0.0,0.0,4.3,7.0,1016.66,67.3,-14.22
2025-03-24 18:35:48.583000+00:00,,,,,347.062,-1.125,-1.438,22.92,-82.688,-6.688,-18.188,0.003,-0.006,0.003,-0.05,0.36,9.39,0.14,0.08,-0.4,-0.2,0.28,9.8,0.1125,0.0,0.0,0.0,4.3,7.0,1016.66,67.3,-14.22
2025-03-24 18:35:49.040000+00:00,,,,,347.062,-1.125,-1.438,23.0,-82.688,-6.688,-18.188,0.003,-0.006,0.003,-0.05,0.36,9.39,0.14,0.08,-0.4,-0.2,0.28,9.8,0.1125,0.0,0.0,0.0,4.3,7.0,1016.66,67.3,-14.22
2025-03-24 18:35:49.742000+00:00,,,,,347.062,-1.125,-1.438,22.92,-82.688,-6.688,-18.188,0.003,-0.006,0.003,-0.05,0.36,9.39,0.14,0.08,-0.4,-0.2,0.28,9.8,0.1125,0.0,0.0,0.0,4.3,7.0,1016.66,67.3,-14.22
2025-03-24 18:35:50.159000+00:00,,,,,347.062,-1.125,-1.438,23.0,-82.688,-6.688,-18.188,0.003,-0.006,0.003,-0.05,0.36,9.39,0.14,0.08,-0.4,-0.2,0.28,9.8,0.1125,0.0,0.0,0.0,4.3,7.0,1016.66,67.3,-14.22
2025-03-24 18:35:50.922000+00:00,,,,,347.062,-1.125,-1.438,23.0,-82.688,-6.688,-18.188,0.003,-0.006,0.003,-0.05,0.36,9.39,0.14,0.08,-0.4,-0.2,0.28,9.8,0.1125,0.0,0.0,0.0,4.3,7.0,1016.66,67.3,-14.22
2025-03-24 18:35:51.356000+00:00,,,,,347.062,-1.125,-1.438,22.92,-82.688,-6.688,-18.188,0.003,-0.006,0.003,-0.05,0.36,9.39,0.14,0.08,-0.4,-0.2,0.28,9.8,0.1125,0.0,0.0,0.0,4.3,7.0,1016.66,67.3,-14.22
2025-03-24 18:35:51.942000+00:00,,,,,347.062,-1.125,-1.438,23.0,-82.688,-6.688,-18.188,0.003,-0.006,0.003,-0.05,0.36,9.39,0.14,0.08,-0.4,-0.2,0.28,9.8,0.1125,0.0,0.0,0.0,4.3,7.0,1016.66,67.3,-14.22
2025-03-24 18:35:52.379000+00:00,,,,,347.062,-1.125,-1.438,22.92,-82.688,-6.688,-18.188,0.003,-0.006,0.003,-0.05,0.36,9.39,0.14,0.08,-0.4,-0.2,0.28,9.8,0.1125,0.0,0.0,0.0,4.3,7.0,1016.66,67.3,-14.22
2025-03-24 18:35:52.930000+00:00,,,,,347.062,-1.125,-1.438,23.0,-82.688,-6.688,-18.188,0.003,-0.006,0.003,-0.05,0.36,9.39,0.14,0.08,-0.4,-0.2,0.28,9.8,0.1125,0.0,0.0,0.0,4.3,7.0,1016.66,67.3,-14.22
2025-03-24 18:35:53.357000+00:00,,,,,347.062,-1.125,-1.438,22.92,-82.688,-6.688,-18.188,0.003,-0.006,0.003,-0.05,0.36,9.39,0.14,0.08,-0.4,-0.2,0.28,9.8,0.1125,0.0,0.0,0.0,4.3,7.0,1016.66,67.3,-14.22
2025-03-24 18:35:53.929000+00:00,,,,,347.062,-1.125,-1.438,23.0,-82.688,-6.688,-18.188,0.003,-0.006,0.003,-0.05,0.36,9.39,0.14,0.08,-0.4,-0.2,0.28,9.8,0.1125,0.0,0.0,0.0,4.3,7.0,1016.66,67.3,-14.22
2025-03-24 18:35:54.353000+00:00,,,,,347.062,-1.125,-1.438,22.92,-82.688,-6.688,-18.188,0.003,-0.006,0.003,-0.05,0.36,9.39,0.14,0.08,-0.4,-0.2,0.28,9.8,0.1125,0.0,0.0,0.0,4.3,7.0,1016.66,67.3,-14.22
2025-03-24 18:35:54.923000+00:00,,,,,347.062,-1.125,-1.438,23.0,-82.688,-6.688,-18.188,0.003,-0.006,0.003,-0.05,0.36,9.39,0.14,0.08,-0.4,-0.2,0.28,9.8,0.1125,0.0,0.0,0.0,4.3,7.0,1016.66,67.3,-14.22
2025-03-24 18:35:55.472000+00:00,,,,,347.062,-1.125,-1.438,22.92,-82.688,-6.688,-18.188,0.003,-0.006,0.003,-0.05,0.36,9.39,0.14,0.08,-0.4,-0.2,0.28,9.8,0.1125,0.0,0.0,0.0,4.3,7.0,1016.66,67.3,-14.22
2025-03-24 18:35:55.929000+00:00,,,,,347.062,-1.125,-1.438,23.0,-82.688,-6.688,-18.188,0.003,-0.006,0.003,-0.05,0.36,9.39,0.14,0.08,-0.4,-0.2,0.28,9.8,0.1125,0.0,0.0,0.0,4.3,7.0,1016.66,67.3,-14.22
2025-03-24 18:35:56.508000+00:00,,,,,347.062,-1.125,-1.438,22.92,-82.688,-6.688,-18.188,0.003,-0.006,0.003,-0.05,0.36,9.39,0.14,0.08,-0.4,-0.2,0.28,9.8,0.1125,0.0,0.0,0.0,4.3,7.0,1016.66,67.3,-14.22
2025-03-24 18:35:56.939000+00:00,,,,,347.062,-1.125,-1.438,23.0,-82.688,-6.688,-18.188,0.003,-0.006,0.003,-0.05,0.36,9.39,0.14,0.08,-0.4,-0.2,0.28,9.8,0.1125,0.0,0.0,0.0,4.3,7.0,1016.66,67.3,-14.22
2025-03-24 18:35:57.562000+00:00,,,,,347.062,-1.125,-1.438,22.92,-82.688,-6.688,-18.188,0.003,-0.006,0.003,-0.05,0.36,9.39,0.14,0.08,-0.4,-0.2,0.28,9.8,0.1125,0.0,0.0,0.0,4.3,7.0,1016.66,67.3,-14.22
2025-03-24 18:35:58.017000+00:00,,,,,347.062,-1.125,-1.438,23.0,-82.688,-6.688,-18.188,0.003,-0.006,0.003,-0.05,0.36,9.39,0.14,0.08,-0.4,-0.2,0.28,9.8,0.1125,0.0,0.0,0.0,4.3,7.0,1016.66,67.3,-14.22
2025-03-24 18:35:58.702000+00:00,,,,,347.062,-1.125,-1.438,22.92,-82.688,-6.688,-18.188,0.003,-0.006,0.003,-0.05,0.36,9.39,0.14,0.08,-0.4,-0.2,0.28,9.8,0.1125,0.0,0.0,0.0,4.3,7.0,1016.66,67.3,-14.22
2025-03-24 18:35:59.139000+00:00,,,,,347.062,-1.125,-1.438,23.0,-82.688,-6.688,-18.188,0.003,-0.006,0.003,-0.05,0.36,9.39,0.14,0.08,-0.4,-0.2,0.28,9.8,0.1125,0.0,0.0,0.0,4.3,7.0,1016.66,67.3,-14.22
2025-03-24 18:35:59.993000+00:00,,,,,347.062,-1.125,-1.438,22.92,-82.688,-6.688,-18.188,0.003,-0.006,0.003,-0.05,0.36,9.39,0.14,0.08,-0.4,-0.2,0.28,9.8,0.1125,0.0,0.0,0.0,4.3,7.0,1016.66,67.3,-14.22
2025-03-24 18:36:00.243000+00:00,,,,,347.062,-1.125,-1.438,23.0,-82.688,-6.688,-18.188,0.003,-0.006,0.003,-0.05,0.36,9.39,0.14,0.08,-0.4,-0.2,0.28,9.8,0.1125,0.0,0.0,0.0,4.3,7.0,1016.66,67.3,-14.22
2025-03-24 18:36:00.963000+00:00,,,,,347.062,-1.125,-1.438,23.0,-82.688,-6.688,-18.188,0.003,-0.006,0.003,-0.05,0.36,9.39,0.14,0.08,-0.4,-0.2,0.28,9.8,0.1125,0.0,0.0,0.0,4.3,7.0,1016.66,67.3,-14.22
2025-03-24 18:36:01.395000+00:00,,,,,347.062,-1.125,-1.438,22.92,-82.688,-6.688,-18.188,0.003,-0.006,0.003,-0.05,0.36,9.39,0.14,0.08,-0.4,-0.2,0.28,9.8,0.1125,0.0,0.0,0.0,4.3,7.0,1016.66,67.3,-14.22
2025-03-24 18:36:01.962000+00:00,,,,,347.062,-1.125,-1.438,23.0,-82.688,-6.688,-18.188,0.003,-0.006,0.003,-0.05,0.36,9.39,0.14,0.08,-0.4,-0.2,0.28,9.8,0.1125,0.0,0.0,0.0,4.3,7.0,1016.66,67.3,-14.22
2025-03-24 18:36:02.402000+00:00,,,,,347.062,-1.125,-1.438,22.92,-82.688,-6.688,-18.188,0.003,-0.006,0.003,-0.05,0.36,9.39,0.14,0.08,-0.4,-0.2,0.28,9.8,0.1125,0.0,0.0,0.0,4.3,7.0,1016.66,67.3,-14.22
2025-03-24 18:36:02.969000+00:00,,,,,347.062,-1.125,-1.438,23.0,-82.688,-6.688,-18.188,0.003,-0.006,0.003,-0.05,0.36,9.39,0.14,0.08,-0.4,-0.2,0.28,9.8,0.1125,0.0,0.0,0.0,4.3,7.0,1016.66,67.3,-14.22
2025-03-24 18:36:03.438000+00:00,,,,,347.062,-1.125,-1.438,22.92,-82.688,-6.688,-18.188,0.003,-0.006,0.003,-0.05,0.36,9.39,0.14,0.08,-0.4,-0.2,0.28,9.8,0.1125,0.0,0.0,0.0,4.3,7.0,1016.66,67.3,-14.22
2025-03-24 18:36:03.972000+00:00,,,,,347.062,-1.125,-1.438,23.0,-82.688,-6.688,-18.188,0.003,-0.006,0.003,-0.05,0.36,9.39,0.14,0.08,-0.4,-0.2,0.28,9.8,0.1125,0.0,0.0,0.0,4.3,7.0,1016.66,67.3,-14.22
2025-03-24 18:36:04.394000+00:00,,,,,347.062,-1.125,-1.438,22.92,-82.688,-6.688,-18.188,0.003,-0.006,0.003,-0.05,0.36,9.39,0.14,0.08,-0.4,-0.2,0.28,9.8,0.1125,0.0,0.0,0.0,4.3,7.0,1016.66,67.3,-14.22
2025-03-24 18:36:04.979000+00:00,,,,,347.062,-1.125,-1.438,23.0,-82.688,-6.688,-18.188,0.003,-0.006,0.003,-0.05,0.36,9.39,0.14,0.08,-0.4,-0.2,0.28,9.8,0.1125,0.0,0.0,0.0,4.3,7.0,1016.66,67.3,-14.22
2025-03-24 18:36:05.413000+00:00,,,,,347.062,-1.125,-1.438,22.92,-82.688,-6.688,-18.188,0.003,-0.006,0.003,-0.05,0.36,9.39,0.14,0.08,-0.4,-0.2,0.28,9.8,0.1125,0.0,0.0,0.0,4.3,7.0,1016.66,67.3,-14.22
2025-03-24 18:36:05.962000+00:00,,,,,347.062,-1.125,-1.438,23.0,-82.688,-6.688,-18.188,0.003,-0.006,0.003,-0.05,0.36,9.39,0.14,0.08,-0.4,-0.2,0.28,9.8,0.1125,0.0,0.0,0.0,4.3,7.0,1016.66,67.3,-14.22
2025-03-24 18:36:06.418000+00:00,,,,,347.062,-1.125,-1.438,22.92,-82.688,-6.688,-18.188,0.003,-0.006,0.003,-0.05,0.36,9.39,0.14,0.08,-0.4,-0.2,0.28,9.8,0.1125,0.0,0.0,0.0,4.3,7.0,1016.66,67.3,-14.22
2025-03-24 18:36:06.982000+00:00,,,,,347.062,-1.125,-1.438,23.0,-82.688,-6.688,-18.188,0.003,-0.006,0.003,-0.05,0.36,9.39,0.14,0.08,-0.4,-0.2,0.28,9.8,0.1125,0.0,0.0,0.0,4.3,7.0,1016.66,67.3,-14.22
2025-03-24 18:36:07.578000+00:00,,,,,347.062,-1.125,-1.438,22.92,-82.688,-6.688,-18.188,0.003,-0.006,0.003,-0.05,0.36,9.39,0.14,0.08,-0.4,-0.2,0.28,9.8,0.1125,0.0,0.0,0.0,4.3,7.0,1016.66,67.3,-14.22
2025-03-24 18:36:08.089000+00:00,,,,,347.062,-1.125,-1.438,23.0,-82.688,-6.688,-18.188,0.003,-0.006,0.003,-0.05,0.36,9.39,0.14,0.08,-0.4,-0.2,0.28,9.8,0.1125,0.0,0.0,0.0,4.3,7.0,1016.66,67.3,-14.22
2025-03-24 18:36:09.018000+00:00,,,,,347.062,-1.125,-1.438,23.0,-82.688,-6.688,-18.188,0.003,-0.006,0.003,-0.05,0.36,9.39,0.14,0.08,-0.4,-0.2,0.28,9.8,0.1125,0.0,0.0,0.0,4.3,7.0,1016.66,67.3,-14.22
2025-03-24 18:36:09.443000+00:00,,,,,347.062,-1.125,-1.438,22.92,-82.688,-6.688,-18.188,0.003,-0.006,0.003,-0.05,0.36,9.39,0.14,0.08,-0.4,-0.2,0.28,9.8,0.1125,0.0,0.0,0.0,4.3,7.0,1016.66,67.3,-14.22
2025-03-24 18:36:09.981000+00:00,,,,,347.062,-1.125,-1.438,23.0,-82.688,-6.688,-18.188,0.003,-0.006,0.003,-0.05,0.36,9.39,0.14,0.08,-0.4,-0.2,0.28,9.8,0.1125,0.0,0.0,0.0,4.3,7.0,1016.66,67.3,-14.22
2025-03-24 18:36:10.438000+00:00,,,,,347.062,-1.125,-1.438,22.93,-82.688,-6.688,-18.188,0.003,-0.006,0.003,-0.05,0.36,9.39,0.14,0.08,-0.4,-0.2,0.28,9.8,0.1125,0.0,0.0,0.0,4.3,7.0,1016.66,67.3,-14.22
2025-03-24 18:36:10.991000+00:00,,,,,347.062,-1.125,-1.438,23.0,-82.688,-6.688,-18.188,0.003,-0.006,0.003,-0.05,0.36,9.39,0.14,0.08,-0.4,-0.2,0.28,9.8,0.1125,0.0,0.0,0.0,4.3,7.0,1016.66,67.3,-14.22
2025-03-24 18:36:11.421000+00:00,,,,,347.062,-1.125,-1.438,22.93,-82.688,-6.688,-18.188,0.003,-0.006,0.003,-0.05,0.36,9.39,0.14,0.08,-0.4,-0.2,0.28,9.8,0.1125,0.0,0.0,0.0,4.3,7.0,1016.66,67.3,-14.22
2025-03-24 18:36:12.001000+00:00,,,,,347.062,-1.125,-1.438,23.0,-82.688,-6.688,-18.188,0.003,-0.006,0.003,-0.05,0.36,9.39,0.14,0.08,-0.4,-0.2,0.28,9.8,0.1125,0.0,0.0,0.0,4.3,7.0,1016.66,67.3,-14.22
2025-03-24 18:36:12.451000+00:00,,,,,347.062,-1.125,-1.438,22.93,-82.688,-6.688,-18.188,0.003,-0.006,0.003,-0.05,0.36,9.39,0.14,0.08,-0.4,-0.2,0.28,9.8,0.1125,0.0,0.0,0.0,4.3,7.0,1016.66,67.3,-14.22
2025-03-24 18:36:13.011000+00:00,,,,,347.062,-1.125,-1.438,23.0,-82.688,-6.688,-18.188,0.003,-0.006,0.003,-0.05,0.36,9.39,0.14,0.08,-0.4,-0.2,0.28,9.8,0.1125,0.0,0.0,0.0,4.3,7.0,1016.66,67.3,-14.22
2025-03-24 18:36:13.491000+00:00,,,,,347.062,-1.125,-1.438,22.93,-82.688,-6.688,-18.188,0.003,-0.006,0.003,-0.05,0.36,9.39,0.14,0.08,-0.4,-0.2,0.28,9.8,0.1125,0.0,0.0,0.0,4.3,7.0,1016.66,67.3,-14.22
2025-03-24 18:35:14.481000+00:00,,,,,347.062,-1.125,-1.438,22.93,-82.688,-6.688,-18.188,0.003,-0.006,0.003,-0.05,0.36,9.39,0.14,0.08,-0.4,-0.2,0.28,9.8,0.1125,0.0,0.0,0.0,4.3,7.0,1016.66,67.3,-14.22
2025-03-24 18:35:15.495000+00:00,,,,,347.062,-1.125,-1.438,22.93,-83.062,-7.0,-19.25,0.003,-0.006,0.003,-0.05,0.36,9.39,0.14,0.08,-0.4,-0.2,0.28,9.8,0.1125,0.0,0.0,0.0,4.3,7.0,1016.66,67.3,-14.22
2025-03-24 18:35:16.495000+00:00,,,,,347.062,-1.125,-1.438,22.93,-83.375,-6.0,-18.375,0.003,-0.006,0.003,-0.05,0.36,9.39,0.14,0.08,-0.4,-0.2,0.28,9.8,0.1125,0.0,0.0,0.0,4.3,7.0,1016.66,67.3,-14.22
2025-03-24 18:35:17.505000+00:00,,,,,347.062,-1.125,-1.438,22.93,-82.562,-6.0,-19.25,0.003,-0.006,0.003,-0.05,0.36,9.39,0.14,0.08,-0.4,-0.2,0.28,9.8,0.1125,0.0,0.0,0.0,4.3,7.0,1016.66,67.3,-14.22
2025-03-24 18:35:18.671000+00:00,,,,,347.062,-1.125,-1.438,22.93,-82.562,-6.25,-18.062,0.003,-0.006,0.003,-0.05,0.36,9.39,0.14,0.08,-0.4,-0.2,0.28,9.8,0.1125,0.0,0.0,0.0,4.3,7.0,1016.66,67.3,-14.22
2025-03-24 18:35:19.804000+00:00,,,,,347.062,-1.125,-1.438,22.93,-82.562,-6.062,-18.375,0.003,-0.006,0.003,-0.05,0.36,9.39,0.14,0.08,-0.4,-0.2,0.28,9.8,0.1125,0.0,0.0,0.0,4.3,7.0,1016.66,67.3,-14.22
2025-03-24 18:35:20.545000+00:00,,,,,347.062,-1.125,-1.438,22.93,-82.188,-5.688,-17.25,0.003,-0.006,0.003,-0.05,0.36,9.39,0.14,0.08,-0.4,-0.2,0.28,9.8,0.1125,0.0,0.0,0.0,4.3,7.0,1016.66,67.3,-14.22
2025-03-24 18:35:21.545000+00:00,,,,,347.062,-1.125,-1.438,22.93,-82.5,-6.5,-19.5,0.003,-0.006,0.003,-0.05,0.36,9.39,0.14,0.08,-0.4,-0.2,0.28,9.8,0.1125,0.0,0.0,0.0,4.3,7.0,1016.66,67.3,-14.22
2025-03-24 18:35:22.555000+00:00,,,,,347.062,-1.125,-1.438,22.93,-83.25,-6.188,-18.25,0.003,-0.006,0.003,-0.05,0.36,9.39,0.14,0.08,-0.4,-0.2,0.28,9.8,0.1125,0.0,0.0,0.0,4.3,7.0,1016.66,67.3,-14.22
2025-03-24 18:35:23.575000+00:00,,,,,347.062,-1.125,-1.438,22.93,-83.25,-6.5,-18.188,0.003,-0.006,0.003,-0.05,0.36,9.39,0.14,0.08,-0.4,-0.2,0.28,9.8,0.1125,0.0,0.0,0.0,4.3,7.0,1016.66,67.3,-14.22
2025-03-24 18:35:24.575000+00:00,,,,,347.062,-1.125,-1.438,22.93,-82.375,-6.25,-18.688,0.003,-0.006,0.003,-0.05,0.36,9.39,0.14,0.08,-0.4,-0.2,0.28,9.8,0.1125,0.0,0.0,0.0,4.3,7.0,1016.66,67.3,-14.22
2025-03-24 18:35:25.585000+00:00,,,,,347.062,-1.125,-1.438,22.93,-82.75,-7.0,-17.5,0.003,-0.006,0.003,-0.05,0.36,9.39,0.14,0.08,-0.4,-0.2,0.28,9.8,0.1125,0.0,0.0,0.0,4.3,7.0,1016.66,67.3,-14.22
2025-03-24 18:35:26.595000+00:00,,,,,347.062,-1.125,-1.438,22.93,-81.875,-5.5,-18.562,0.003,-0.006,0.003,-0.05,0.36,9.39,0.14,0.08,-0.4,-0.2,0.28,9.8,0.1125,0.0,0.0,0.0,4.3,7.0,1016.66,67.3,-14.22
2025-03-24 18:35:27.614000+00:00,,,,,347.062,-1.125,-1.438,22.93,-82.25,-6.562,-17.5,0.003,-0.006,0.003,-0.05,0.36,9.39,0.14,0.08,-0.4,-0.2,0.28,9.8,0.1125,0.0,0.0,0.0,4.3,7.0,1016.66,67.3,-14.22
2025-03-24 18:35:28.654000+00:00,,,,,347.062,-1.125,-1.438,22.93,-82.688,-6.562,-18.188,0.003,-0.006,0.003,-0.05,0.36,9.39,0.14,0.08,-0.4,-0.2,0.28,9.8,0.1125,0.0,0.0,0.0,4.3,7.0,1016.66,67.3,-14.22
2025-03-24 18:35:29.694000+00:00,,,,,347.062,-1.125,-1.438,22.93,-81.875,-6.25,-19.062,0.003,-0.006,0.003,-0.05,0.36,9.39,0.14,0.08,-0.4,-0.2,0.28,9.8,0.1125,0.0,0.0,0.0,4.3,7.0,1016.66,67.3,-14.22
2025-03-24 18:35:30.880000+00:00,,,,,347.062,-1.125,-1.438,22.93,-84.0,-5.25,-19.062,0.003,-0.006,0.003,-0.05,0.36,9.39,0.14,0.08,-0.4,-0.2,0.28,9.8,0.1125,0.0,0.0,0.0,4.3,7.0,1016.66,67.3,-14.22
2025-03-24 18:35:31.654000+00:00,,,,,347.062,-1.125,-1.438,22.93,-84.0,-4.875,-19.5,0.003,-0.006,0.003,-0.05,0.36,9.39,0.14,0.08,-0.4,-0.2,0.28,9.8,0.1125,0.0,0.0,0.0,4.3,7.0,1016.66,67.3,-14.22
2025-03-24 18:35:32.660000+00:00,,,,,347.062,-1.125,-1.438,22.93,-83.062,-6.0,-18.25,0.003,-0.006,0.003,-0.05,0.36,9.39,0.14,0.08,-0.4,-0.2,0.28,9.8,0.1125,0.0,0.0,0.0,4.3,7.0,1016.66,67.3,-14.22
2025-03-24 18:35:33.670000+00:00,,,,,347.062,-1.125,-1.438,22.93,-84.25,-5.562,-19.0,0.003,-0.006,0.003,-0.05,0.36,9.39,0.14,0.08,-0.4,-0.2,0.28,9.8,0.1125,0.0,0.0,0.0,4.3,7.0,1016.66,67.3,-14.22
2025-03-24 18:35:34.683000+00:00,,,,,347.062,-1.125,-1.438,22.93,-83.062,-4.875,-20.188,0.003,-0.006,0.003,-0.05,0.36,9.39,0.14,0.08,-0.4,-0.2,0.28,9.8,0.1125,0.0,0.0,0.0,4.3,7.0,1016.66,67.3,-14.22
2025-03-24 18:35:35.701000+00:00,,,,,347.062,-1.125,-1.438,22.93,-82.688,-6.062,-19.0,0.003,-0.006,0.003,-0.05,0.36,9.39,0.14,0.08,-0.4,-0.2,0.28,9.8,0.1125,0.0,0.0,0.0,4.3,7.0,1016.66,67.3,-14.22
2025-03-24 18:35:36.694000+00:00,,,,,347.062,-1.125,-1.438,22.93,-83.0,-5.375,-19.25,0.003,-0.006,0.003,-0.05,0.36,9.39,0.14,0.08,-0.4,-0.2,0.28,9.8,0.1125,0.0,0.0,0.0,4.3,7.0,1016.66,67.3,-14.22
2025-03-24 18:35:37.704000+00:00,,,,,347.062,-1.125,-1.438,22.93,-83.688,-5.0,-19.25,0.003,-0.006,0.003,-0.05,0.36,9.39,0.14,0.08,-0.4,-0.2,0.28,9.8,0.1125,0.0,0.0,0.0,4.3,7.0,1016.66,67.3,-14.22
2025-03-24 18:35:38.730000+00:00,,,,,347.062,-1.125,-1.438,22.93,-83.25,-5.75,-19.875,0.003,-0.006,0.003,-0.05,0.36,9.39,0.14,0.08,-0.4,-0.2,0.28,9.8,0.1125,0.0,0.0,0.0,4.3,7.0,1016.66,67.3,-14.22
2025-03-24 18:35:39.739000+00:00,,,,,347.062,-1.125,-1.438,22.93,-82.875,-5.5,-19.25,0.003,-0.006,0.003,-0.05,0.36,9.39,0.14,0.08,-0.4,-0.2,0.28,9.8,0.1125,0.0,0.0,0.0,4.3,7.0,1016.66,67.3,-14.22
2025-03-24 18:35:40.744000+00:00,,,,,347.062,-1.125,-1.438,22.93,-83.25,-5.5,-19.688,0.003,-0.006,0.003,-0.05,0.36,9.39,0.14,0.08,-0.4,-0.2,0.28,9.8,0.1125,0.0,0.0,0.0,4.3,7.0,1016.66,67.3,-14.22
2025-03-24 18:35:41.757000+00:00,,,,,347.062,-1.125,-1.438,22.93,-85.188,-5.75,-20.5,0.003,-0.006,0.003,-0.05,0.36,9.39,0.14,0.08,-0.4,-0.2,0.28,9.8,0.1125,0.0,0.0,0.0,4.3,7.0,1016.66,67.3,-14.22
2025-03-24 18:35:42.774000+00:00,,,,,347.062,-1.125,-1.438,22.93,-84.062,-5.875,-18.562,0.003,-0.006,0.003,-0.05,0.36,9.39,0.14,0.08,-0.4,-0.2,0.28,9.8,0.1125,0.0,0.0,0.0,4.3,7.0,1016.66,67.3,-14.22
2025-03-24 18:35:43.779000+00:00,,,,,347.062,-1.125,-1.438,22.93,-82.188,-5.875,-18.5,0.003,-0.006,0.003,-0.05,0.36,9.39,0.14,0.08,-0.4,-0.2,0.28,9.8,0.1125,0.0,0.0,0.0,4.3,7.0,1016.66,67.3,-14.22
2025-03-24 18:35:44.783000+00:00,,,,,347.062,-1.125,-1.438,22.93,-83.25,-5.188,-19.188,0.003,-0.006,0.003,-0.05,0.36,9.39,0.14,0.08,-0.4,-0.2,0.28,9.8,0.1125,0.0,0.0,0.0,4.3,7.0,1016.66,67.3,-14.22
2025-03-24 18:35:45.949000+00:00,,,,,347.062,-1.125,-1.438,22.93,-83.188,-5.875,-19.25,0.003,-0.006,0.003,-0.05,0.36,9.39,0.14,0.08,-0.4,-0.2,0.28,9.8,0.1125,0.0,0.0,0.0,4.3,7.0,1016.66,67.3,-14.22
2025-03-24 18:35:46.989000+00:00,,,,,347.062,-1.125,-1.438,22.93,-82.375,-5.688,-18.5,0.003,-0.006,0.003,-0.05,0.36,9.39,0.14,0.08,-0.4,-0.2,0.28,9.8,0.1125,0.0,0.0,0.0,4.3,7.0,1016.66,67.3,-14.22
2025-03-24 18:35:48.097000+00:00,,,,,347.062,-1.125,-1.438,22.93,-83.0,-6.5,-19.562,0.003,-0.006,0.003,-0.05,0.36,9.39,0.14,0.08,-0.4,-0.2,0.28,9.8,0.1125,0.0,0.0,0.0,4.3,7.0,1016.66,67.3,-14.22
2025-03-24 18:35:49.093000+00:00,,,,,347.062,-1.125,-1.438,22.93,-83.375,-4.562,-18.875,0.003,-0.006,0.003,-0.05,0.36,9.39,0.14,0.08,-0.4,-0.2,0.28,9.8,0.1125,0.0,0.0,0.0,4.3,7.0,1016.66,67.3,-14.22
2025-03-24 18:35:50.219000+00:00,,,,,347.062,-1.125,-1.438,22.93,-83.75,-6.5,-19.688,0.003,-0.006,0.003,-0.05,0.36,9.39,0.14,0.08,-0.4,-0.2,0.28,9.8,0.1125,0.0,0.0,0.0,4.3,7.0,1016.66,67.3,-14.22
2025-03-24 18:35:50.973000+00:00,,,,,347.062,-1.125,-1.438,22.93,-82.875,-6.875,-18.5,0.003,-0.006,0.003,-0.05,0.36,9.39,0.14,0.08,-0.4,-0.2,0.28,9.8,0.1125,0.0,0.0,0.0,4.3,7.0,1016.66,67.3,-14.22
2025-03-24 18:35:51.992000+00:00,,,,,347.062,-1.125,-1.438,22.93,-82.875,-6.188,-19.188,0.003,-0.006,0.003,-0.05,0.36,9.39,0.14,0.08,-0.4,-0.2,0.28,9.8,0.1125,0.0,0.0,0.0,4.3,7.0,1016.66,67.3,-14.22
2025-03-24 18:35:52.989000+00:00,,,,,347.062,-1.125,-1.438,22.93,-81.688,-5.5,-19.0,0.003,-0.006,0.003,-0.05,0.36,9.39,0.14,0.08,-0.4,-0.2,0.28,9.8,0.1125,0.0,0.0,0.0,4.3,7.0,1016.66,67.3,-14.22
2025-03-24 18:35:53.984000+00:00,,,,,347.062,-1.125,-1.438,22.93,-82.75,-6.562,-18.562,0.003,-0.006,0.003,-0.05,0.36,9.39,0.14,0.08,-0.4,-0.2,0.28,9.8,0.1125,0.0,0.0,0.0,4.3,7.0,1016.66,67.3,-14.22
2025-03-24 18:35:54.972000+00:00,,,,,347.062,-1.125,-1.438,22.93,-82.375,-6.188,-19.75,0.003,-0.006,0.003,-0.05,0.36,9.39,0.14,0.08,-0.4,-0.2,0.28,9.8,0.1125,0.0,0.0,0.0,4.3,7.0,1016.66,67.3,-14.22
2025-03-24 18:35:55.988000+00:00,,,,,347.062,-1.125,-1.438,22.93,-81.562,-7.0,-18.562,0.003,-0.006,0.003,-0.05,0.36,9.39,0.14,0.08,-0.4,-0.2,0.28,9.8,0.1125,0.0,0.0,0.0,4.3,7.0,1016.66,67.3,-14.22
2025-03-24 18:35:56.998000+00:00,,,,,347.062,-1.125,-1.438,22.93,-82.25,-5.188,-18.875,0.003,-0.006,0.003,-0.05,0.36,9.39,0.14,0.08,-0.4,-0.2,0.28,9.8,0.1125,0.0,0.0,0.0,4.3,7.0,1016.66,67.3,-14.22
2025-03-24 18:35:58.065000+00:00,,,,,347.062,-1.125,-1.438,22.93,-82.688,-5.562,-18.562,0.003,-0.006,0.003,-0.05,0.36,9.39,0.14,0.08,-0.4,-0.2,0.28,9.8,0.1125,0.0,0.0,0.0,4.3,7.0,1016.66,67.3,-14.22
2025-03-24 18:35:59.199000+00:00,,,,,347.062,-1.125,-1.438,22.93,-82.562,-5.688,-20.5,0.003,-0.006,0.003,-0.05,0.36,9.39,0.14,0.08,-0.4,-0.2,0.28,9.8,0.1125,0.0,0.0,0.0,4.3,7.0,1016.66,67.3,-14.22
2025-03-24 18:36:00.293000+00:00,,,,,347.062,-1.125,-1.438,22.93,-82.188,-6.062,-18.875,0.003,-0.006,0.003,-0.05,0.36,9.39,0.14,0.08,-0.4,-0.2,0.28,9.8,0.1125,0.0,0.0,0.0,4.3,7.0,1016.66,67.3,-14.22
2025-03-24 18:36:01.012000+00:00,,,,,347.062,-1.125,-1.438,22.93,-82.562,-6.062,-19.375,0.003,-0.006,0.003,-0.05,0.36,9.39,0.14,0.08,-0.4,-0.2,0.28,9.8,0.1125,0.0,0.0,0.0,4.3,7.0,1016.66,67.3,-14.22
2025-03-24 18:36:02.022000+00:00,,,,,347.062,-1.125,-1.438,22.93,-82.562,-5.688,-18.5,0.003,-0.006,0.003,-0.05,0.36,9.39,0.14,0.08,-0.4,-0.2,0.28,9.8,0.1125,0.0,0.0,0.0,4.3,7.0,1016.66,67.3,-14.22
2025-03-24 18:36:03.028000+00:00,,,,,347.062,-1.125,-1.438,22.93,-81.875,-5.688,-18.062,0.003,-0.006,0.003,-0.05,0.36,9.39,0.14,0.08,-0.4,-0.2,0.28,9.8,0.1125,0.0,0.0,0.0,4.3,7.0,1016.66,67.3,-14.22
2025-03-24 18:36:04.022000+00:00,,,,,347.062,-1.125,-1.438,22.93,-82.562,-6.75,-18.75,0.003,-0.006,0.003,-0.05,0.36,9.39,0.14,0.08,-0.4,-0.2,0.28,9.8,0.1125,0.0,0.0,0.0,4.3,7.0,1016.66,67.3,-14.22
2025-03-24 18:36:05.032000+00:00,,,,,347.062,-1.125,-1.438,22.93,-81.75,-6.5,-19.188,0.003,-0.006,0.003,-0.05,0.36,9.39,0.14,0.08,-0.4,-0.2,0.28,9.8,0.1125,0.0,0.0,0.0,4.3,7.0,1016.66,67.3,-14.22
2025-03-24 18:36:06.022000+00:00,,,,,347.062,-1.125,-1.438,22.93,-82.5,-5.75,-18.375,0.003,-0.006,0.003,-0.05,0.36,9.39,0.14,0.08,-0.4,-0.2,0.28,9.8,0.1125,0.0,0.0,0.0,4.3,7.0,1016.66,67.3,-14.22
2025-03-24 18:36:07.038000+00:00,,,,,347.062,-1.125,-1.438,22.93,-82.375,-6.5,-18.75,0.003,-0.006,0.003,-0.05,0.36,9.39,0.14,0.08,-0.4,-0.2,0.28,9.8,0.1125,0.0,0.0,0.0,4.3,7.0,1016.66,67.3,-14.22
2025-03-24 18:36:08.147000+00:00,,,,,347.062,-1.125,-1.438,22.93,-82.0,-5.875,-19.562,0.003,-0.006,0.003,-0.05,0.36,9.39,0.14,0.08,-0.4,-0.2,0.28,9.8,0.1125,0.0,0.0,0.0,4.3,7.0,1016.66,67.3,-14.22
2025-03-24 18:36:09.072000+00:00,,,,,347.062,-1.125,-1.438,22.93,-82.0,-5.5,-17.688,0.003,-0.006,0.003,-0.05,0.36,9.39,0.14,0.08,-0.4,-0.2,0.28,9.8,0.1125,0.0,0.0,0.0,4.3,7.0,1016.66,67.3,-14.22
2025-03-24 18:36:10.033000+00:00,,,,,347.062,-1.125,-1.438,22.93,-82.0,-7.25,-18.75,0.003,-0.006,0.003,-0.05,0.36,9.39,0.14,0.08,-0.4,-0.2,0.28,9.8,0.1125,0.0,0.0,0.0,4.3,7.0,1016.66,67.3,-14.22
2025-03-24 18:36:11.046000+00:00,,,,,347.062,-1.125,-1.438,22.93,-81.875,-7.0,-18.0,0.003,-0.006,0.003,-0.05,0.36,9.39,0.14,0.08,-0.4,-0.2,0.28,9.8,0.1125,0.0,0.0,0.0,4.3,7.0,1016.66,67.3,-14.22
2025-03-24 18:36:12.051000+00:00,,,,,347.062,-1.125,-1.438,22.93,-83.0,-5.188,-18.188,0.003,-0.006,0.003,-0.05,0.36,9.39,0.14,0.08,-0.4,-0.2,0.28,9.8,0.1125,0.0,0.0,0.0,4.3,7.0,1016.66,67.3,-14.22
2025-03-24 18:36:13.061000+00:00,,,,,347.062,-1.125,-1.438,22.93,-82.188,-6.688,-19.5,0.003,-0.006,0.003,-0.05,0.36,9.39,0.14,0.08,-0.4,-0.2,0.28,9.8,0.1125,0.0,0.0,0.0,4.3,7.0,1016.66,67.3,-14.22
2025-03-24 18:36:14.071000+00:00,,,,,347.062,-1.125,-1.438,22.93,-82.188,-5.562,-18.25,0.003,-0.006,0.003,-0.05,0.36,9.39,0.14,0.08,-0.4,-0.2,0.28,9.8,0.1125,0.0,0.0,0.0,4.3,7.0,1016.66,67.3,-14.22
2025-03-24 18:35:14.542000+00:00,,,,,347.062,-1.125,-1.438,22.93,-82.188,-5.562,-18.25,0.003,-0.006,0.003,-0.05,0.36,9.39,0.14,0.08,-0.4,-0.2,0.28,9.8,0.1125,0.0,0.0,0.0,4.3,7.0,1016.66,67.3,-14.22
2025-03-24 18:35:15.545000+00:00,,,,,347.062,-1.125,-1.438,22.93,-82.188,-5.562,-18.25,-0.016,-0.003,0.049,-0.05,0.36,9.39,0.14,0.08,-0.4,-0.2,0.28,9.8,0.1125,0.0,0.0,0.0,4.3,7.0,1016.66,67.3,-14.22
2025-03-24 18:35:16.550000+00:00,,,,,347.062,-1.125,-1.438,22.93,-82.188,-5.562,-18.25,0.003,-0.02,0.02,-0.05,0.36,9.39,0.14,0.08,-0.4,-0.2,0.28,9.8,0.1125,0.0,0.0,0.0,4.3,7.0,1016.66,67.3,-14.22
2025-03-24 18:35:17.555000+00:00,,,,,347.062,-1.125,-1.438,22.93,-82.188,-5.562,-18.25,-0.011,0.003,0.007,-0.05,0.36,9.39,0.14,0.08,-0.4,-0.2,0.28,9.8,0.1125,0.0,0.0,0.0,4.3,7.0,1016.66,67.3,-14.22
2025-03-24 18:35:18.725000+00:00,,,,,347.062,-1.125,-1.438,22.93,-82.188,-5.562,-18.25,0.003,0.002,-0.003,-0.05,0.36,9.39,0.14,0.08,-0.4,-0.2,0.28,9.8,0.1125,0.0,0.0,0.0,4.3,7.0,1016.66,67.3,-14.22
2025-03-24 18:35:19.865000+00:00,,,,,347.062,-1.125,-1.438,22.93,-82.188,-5.562,-18.25,-0.006,-0.016,0.011,-0.05,0.36,9.39,0.14,0.08,-0.4,-0.2,0.28,9.8,0.1125,0.0,0.0,0.0,4.3,7.0,1016.66,67.3,-14.22
2025-03-24 18:35:20.595000+00:00,,,,,347.062,-1.125,-1.438,22.93,-82.188,-5.562,-18.25,-0.006,-0.016,-0.003,-0.05,0.36,9.39,0.14,0.08,-0.4,-0.2,0.28,9.8,0.1125,0.0,0.0,0.0,4.3,7.0,1016.66,67.3,-14.22
2025-03-24 18:35:21.600000+00:00,,,,,347.062,-1.125,-1.438,22.93,-82.188,-5.562,-18.25,-0.013,-0.001,0.008,-0.05,0.36,9.39,0.14,0.08,-0.4,-0.2,0.28,9.8,0.1125,0.0,0.0,0.0,4.3,7.0,1016.66,67.3,-14.22
2025-03-24 18:35:22.605000+00:00,,,,,347.062,-1.125,-1.438,22.93,-82.188,-5.562,-18.25,-0.006,-0.004,-0.003,-0.05,0.36,9.39,0.14,0.08,-0.4,-0.2,0.28,9.8,0.1125,0.0,0.0,0.0,4.3,7.0,1016.66,67.3,-14.22
2025-03-24 18:35:23.641000+00:00,,,,,347.062,-1.125,-1.438,22.93,-82.188,-5.562,-18.25,0.016,0.009,0.008,-0.05,0.36,9.39,0.14,0.08,-0.4,-0.2,0.28,9.8,0.1125,0.0,0.0,0.0,4.3,7.0,1016.66,67.3,-14.22
2025-03-24 18:35:24.624000+00:00,,,,,347.062,-1.125,-1.438,22.93,-82.188,-5.562,-18.25,0.007,-0.004,0.012,-0.05,0.36,9.39,0.14,0.08,-0.4,-0.2,0.28,9.8,0.1125,0.0,0.0,0.0,4.3,7.0,1016.66,67.3,-14.22
2025-03-24 18:35:25.634000+00:00,,,,,347.062,-1.125,-1.438,22.93,-82.188,-5.562,-18.25,0.008,-0.012,-0.007,-0.05,0.36,9.39,0.14,0.08,-0.4,-0.2,0.28,9.8,0.1125,0.0,0.0,0.0,4.3,7.0,1016.66,67.3,-14.22
2025-03-24 18:35:26.651000+00:00,,,,,347.062,-1.125,-1.438,22.93,-82.188,-5.562,-18.25,-0.008,-0.013,-0.01,-0.05,0.36,9.39,0.14,0.08,-0.4,-0.2,0.28,9.8,0.1125,0.0,0.0,0.0,4.3,7.0,1016.66,67.3,-14.22
2025-03-24 18:35:27.664000+00:00,,,,,347.062,-1.125,-1.438,22.93,-82.188,-5.562,-18.25,-0.016,0.011,0.017,-0.05,0.36,9.39,0.14,0.08,-0.4,-0.2,0.28,9.8,0.1125,0.0,0.0,0.0,4.3,7.0,1016.66,67.3,-14.22
2025-03-24 18:35:28.711000+00:00,,,,,347.062,-1.125,-1.438,22.93,-82.188,-5.562,-18.25,0.002,-0.01,0.036,-0.05,0.36,9.39,0.14,0.08,-0.4,-0.2,0.28,9.8,0.1125,0.0,0.0,0.0,4.3,7.0,1016.66,67.3,-14.22
2025-03-24 18:35:29.751000+00:00,,,,,347.062,-1.125,-1.438,22.93,-82.188,-5.562,-18.25,0.001,-0.012,0.001,-0.05,0.36,9.39,0.14,0.08,-0.4,-0.2,0.28,9.8,0.1125,0.0,0.0,0.0,4.3,7.0,1016.66,67.3,-14.22
2025-03-24 18:35:30.941000+00:00,,,,,347.062,-1.125,-1.438,22.93,-82.188,-5.562,-18.25,-0.013,-0.007,-0.021,-0.05,0.36,9.39,0.14,0.08,-0.4,-0.2,0.28,9.8,0.1125,0.0,0.0,0.0,4.3,7.0,1016.66,67.3,-14.22
2025-03-24 18:35:31.710000+00:00,,,,,347.062,-1.125,-1.438,22.93,-82.188,-5.562,-18.25,-0.024,-0.01,0.018,-0.05,0.36,9.39,0.14,0.08,-0.4,-0.2,0.28,9.8,0.1125,0.0,0.0,0.0,4.3,7.0,1016.66,67.3,-14.22
2025-03-24 18:35:32.715000+00:00,,,,,347.062,-1.125,-1.438,22.93,-82.188,-5.562,-18.25,0.003,-0.014,0.013,-0.05,0.36,9.39,0.14,0.08,-0.4,-0.2,0.28,9.8,0.1125,0.0,0.0,0.0,4.3,7.0,1016.66,67.3,-14.22
2025-03-24 18:35:33.731000+00:00,,,,,347.062,-1.125,-1.438,22.93,-82.188,-5.562,-18.25,0.003,0.004,0.029,-0.05,0.36,9.39,0.14,0.08,-0.4,-0.2,0.28,9.8,0.1125,0.0,0.0,0.0,4.3,7.0,1016.66,67.3,-14.22
2025-03-24 18:35:34.741000+00:00,,,,,347.062,-1.125,-1.438,22.93,-82.188,-5.562,-18.25,-0.002,-0.008,0.006,-0.05,0.36,9.39,0.14,0.08,-0.4,-0.2,0.28,9.8,0.1125,0.0,0.0,0.0,4.3,7.0,1016.66,67.3,-14.22
2025-03-24 18:35:35.761000+00:00,,,,,347.062,-1.125,-1.438,22.93,-82.188,-5.562,-18.25,-0.008,-0.006,0.006,-0.05,0.36,9.39,0.14,0.08,-0.4,-0.2,0.28,9.8,0.1125,0.0,0.0,0.0,4.3,7.0,1016.66,67.3,-14.22
2025-03-24 18:35:36.751000+00:00,,,,,347.062,-1.125,-1.438,22.93,-82.188,-5.562,-18.25,-0.013,0.001,-0.016,-0.05,0.36,9.39,0.14,0.08,-0.4,-0.2,0.28,9.8,0.1125,0.0,0.0,0.0,4.3,7.0,1016.66,67.3,-14.22
2025-03-24 18:35:37.754000+00:00,,,,,347.062,-1.125,-1.438,22.93,-82.188,-5.562,-18.25,-0.006,-0.008,-0.01,-0.05,0.36,9.39,0.14,0.08,-0.4,-0.2,0.28,9.8,0.1125,0.0,0.0,0.0,4.3,7.0,1016.66,67.3,-14.22
2025-03-24 18:35:38.791000+00:00,,,,,347.062,-1.125,-1.438,22.93,-82.188,-5.562,-18.25,-0.013,0.0,-0.004,-0.05,0.36,9.39,0.14,0.08,-0.4,-0.2,0.28,9.8,0.1125,0.0,0.0,0.0,4.3,7.0,1016.66,67.3,-14.22
2025-03-24 18:35:39.793000+00:00,,,,,347.062,-1.125,-1.438,22.93,-82.188,-5.562,-18.25,0.002,0.001,0.008,-0.05,0.36,9.39,0.14,0.08,-0.4,-0.2,0.28,9.8,0.1125,0.0,0.0,0.0,4.3,7.0,1016.66,67.3,-14.22
2025-03-24 18:35:40.793000+00:00,,,,,347.062,-1.125,-1.438,22.93,-82.188,-5.562,-18.25,-0.006,0.003,-0.019,-0.05,0.36,9.39,0.14,0.08,-0.4,-0.2,0.28,9.8,0.1125,0.0,0.0,0.0,4.3,7.0,1016.66,67.3,-14.22
2025-03-24 18:35:41.820000+00:00,,,,,347.062,-1.125,-1.438,22.93,-82.188,-5.562,-18.25,0.004,-0.023,-0.012,-0.05,0.36,9.39,0.14,0.08,-0.4,-0.2,0.28,9.8,0.1125,0.0,0.0,0.0,4.3,7.0,1016.66,67.3,-14.22
2025-03-24 18:35:42.830000+00:00,,,,,347.062,-1.125,-1.438,22.93,-82.188,-5.562,-18.25,-0.014,0.0,-0.018,-0.05,0.36,9.39,0.14,0.08,-0.4,-0.2,0.28,9.8,0.1125,0.0,0.0,0.0,4.3,7.0,1016.66,67.3,-14.22
2025-03-24 18:35:43.840000+00:00,,,,,347.062,-1.125,-1.438,22.93,-82.188,-5.562,-18.25,0.0,0.001,0.023,-0.05,0.36,9.39,0.14,0.08,-0.4,-0.2,0.28,9.8,0.1125,0.0,0.0,0.0,4.3,7.0,1016.66,67.3,-14.22
2025-03-24 18:35:45.009000+00:00,,,,,347.062,-1.125,-1.438,22.93,-82.188,-5.562,-18.25,-0.016,-0.007,0.039,-0.05,0.36,9.39,0.14,0.08,-0.4,-0.2,0.28,9.8,0.1125,0.0,0.0,0.0,4.3,7.0,1016.66,67.3,-14.22
2025-03-24 18:35:46.010000+00:00,,,,,347.062,-1.125,-1.438,22.93,-82.188,-5.562,-18.25,-0.012,-0.021,-0.002,-0.05,0.36,9.39,0.14,0.08,-0.4,-0.2,0.28,9.8,0.1125,0.0,0.0,0.0,4.3,7.0,1016.66,67.3,-14.22
2025-03-24 18:35:47.049000+00:00,,,,,347.062,-1.125,-1.438,22.93,-82.188,-5.562,-18.25,0.004,-0.003,-0.012,-0.05,0.36,9.39,0.14,0.08,-0.4,-0.2,0.28,9.8,0.1125,0.0,0.0,0.0,4.3,7.0,1016.66,67.3,-14.22
2025-03-24 18:35:48.143000+00:00,,,,,347.062,-1.125,-1.438,22.93,-82.188,-5.562,-18.25,0.012,0.008,0.008,-0.05,0.36,9.39,0.14,0.08,-0.4,-0.2,0.28,9.8,0.1125,0.0,0.0,0.0,4.3,7.0,1016.66,67.3,-14.22
2025-03-24 18:35:49.150000+00:00,,,,,347.062,-1.125,-1.438,22.93,-82.188,-5.562,-18.25,0.006,0.012,-0.003,-0.05,0.36,9.39,0.14,0.08,-0.4,-0.2,0.28,9.8,0.1125,0.0,0.0,0.0,4.3,7.0,1016.66,67.3,-14.22
2025-03-24 18:35:50.279000+00:00,,,,,347.062,-1.125,-1.438,22.93,-82.188,-5.562,-18.25,-0.003,0.002,0.0,-0.05,0.36,9.39,0.14,0.08,-0.4,-0.2,0.28,9.8,0.1125,0.0,0.0,0.0,4.3,7.0,1016.66,67.3,-14.22
2025-03-24 18:35:51.029000+00:00,,,,,347.062,-1.125,-1.438,22.93,-82.188,-5.562,-18.25,-0.013,0.0,0.014,-0.05,0.36,9.39,0.14,0.08,-0.4,-0.2,0.28,9.8,0.1125,0.0,0.0,0.0,4.3,7.0,1016.66,67.3,-14.22
2025-03-24 18:35:52.042000+00:00,,,,,347.062,-1.125,-1.438,22.93,-82.188,-5.562,-18.25,-0.006,-0.006,-0.02,-0.05,0.36,9.39,0.14,0.08,-0.4,-0.2,0.28,9.8,0.1125,0.0,0.0,0.0,4.3,7.0,1016.66,67.3,-14.22
2025-03-24 18:35:53.046000+00:00,,,,,347.062,-1.125,-1.438,22.93,-82.188,-5.562,-18.25,-0.003,-0.022,-0.028,-0.05,0.36,9.39,0.14,0.08,-0.4,-0.2,0.28,9.8,0.1125,0.0,0.0,0.0,4.3,7.0,1016.66,67.3,-14.22
2025-03-24 18:35:54.033000+00:00,,,,,347.062,-1.125,-1.438,22.93,-82.188,-5.562,-18.25,-0.012,-0.004,0.033,-0.05,0.36,9.39,0.14,0.08,-0.4,-0.2,0.28,9.8,0.1125,0.0,0.0,0.0,4.3,7.0,1016.66,67.3,-14.22
2025-03-24 18:35:55.022000+00:00,,,,,347.062,-1.125,-1.438,22.93,-82.188,-5.562,-18.25,-0.009,-0.019,-0.006,-0.05,0.36,9.39,0.14,0.08,-0.4,-0.2,0.28,9.8,0.1125,0.0,0.0,0.0,4.3,7.0,1016.66,67.3,-14.22
2025-03-24 18:35:56.047000+00:00,,,,,347.062,-1.125,-1.438,22.93,-82.188,-5.562,-18.25,-0.008,0.017,0.031,-0.05,0.36,9.39,0.14,0.08,-0.4,-0.2,0.28,9.8,0.1125,0.0,0.0,0.0,4.3,7.0,1016.66,67.3,-14.22
2025-03-24 18:35:57.059000+00:00,,,,,347.062,-1.125,-1.438,22.93,-82.188,-5.562,-18.25,-0.01,0.003,0.002,-0.05,0.36,9.39,0.14,0.08,-0.4,-0.2,0.28,9.8,0.1125,0.0,0.0,0.0,4.3,7.0,1016.66,67.3,-14.22
2025-03-24 18:35:58.112000+00:00,,,,,347.062,-1.125,-1.438,22.93,-82.188,-5.562,-18.25,0.006,0.013,0.012,-0.05,0.36,9.39,0.14,0.08,-0.4,-0.2,0.28,9.8,0.1125,0.0,0.0,0.0,4.3,7.0,1016.66,67.3,-14.22
2025-03-24 18:35:59.259000+00:00,,,,,347.062,-1.125,-1.438,22.93,-82.188,-5.562,-18.25,0.009,0.018,0.011,-0.05,0.36,9.39,0.14,0.08,-0.4,-0.2,0.28,9.8,0.1125,0.0,0.0,0.0,4.3,7.0,1016.66,67.3,-14.22
2025-03-24 18:36:00.343000+00:00,,,,,347.062,-1.125,-1.438,22.93,-82.188,-5.562,-18.25,-0.003,0.002,0.016,-0.05,0.36,9.39,0.14,0.08,-0.4,-0.2,0.28,9.8,0.1125,0.0,0.0,0.0,4.3,7.0,1016.66,67.3,-14.22
2025-03-24 18:36:01.073000+00:00,,,,,347.062,-1.125,-1.438,22.93,-82.188,-5.562,-18.25,0.004,-0.018,0.027,-0.05,0.36,9.39,0.14,0.08,-0.4,-0.2,0.28,9.8,0.1125,0.0,0.0,0.0,4.3,7.0,1016.66,67.3,-14.22
2025-03-24 18:36:02.082000+00:00,,,,,347.062,-1.125,-1.438,22.93,-82.188,-5.562,-18.25,-0.012,-0.007,-0.047,-0.05,0.36,9.39,0.14,0.08,-0.4,-0.2,0.28,9.8,0.1125,0.0,0.0,0.0,4.3,7.0,1016.66,67.3,-14.22
2025-03-24 18:36:03.089000+00:00,,,,,347.062,-1.125,-1.438,22.93,-82.188,-5.562,-18.25,0.007,0.001,-0.018,-0.05,0.36,9.39,0.14,0.08,-0.4,-0.2,0.28,9.8,0.1125,0.0,0.0,0.0,4.3,7.0,1016.66,67.3,-14.22
2025-03-24 18:36:04.079000+00:00,,,,,347.062,-1.125,-1.438,22.93,-82.188,-5.562,-18.25,0.002,0.009,-0.009,-0.05,0.36,9.39,0.14,0.08,-0.4,-0.2,0.28,9.8,0.1125,0.0,0.0,0.0,4.3,7.0,1016.66,67.3,-14.22
2025-03-24 18:36:05.083000+00:00,,,,,347.062,-1.125,-1.438,22.93,-82.188,-5.562,-18.25,0.004,0.001,0.011,-0.05,0.36,9.39,0.14,0.08,-0.4,-0.2,0.28,9.8,0.1125,0.0,0.0,0.0,4.3,7.0,1016.66,67.3,-14.22
2025-03-24 18:36:06.073000+00:00,,,,,347.062,-1.125,-1.438,22.93,-82.188,-5.562,-18.25,0.0,-0.009,0.017,-0.05,0.36,9.39,0.14,0.08,-0.4,-0.2,0.28,9.8,0.1125,0.0,0.0,0.0,4.3,7.0,1016.66,67.3,-14.22
2025-03-24 18:36:07.097000+00:00,,,,,347.062,-1.125,-1.438,22.93,-82.188,-5.562,-18.25,-0.007,0.0,0.01,-0.05,0.36,9.39,0.14,0.08,-0.4,-0.2,0.28,9.8,0.1125,0.0,0.0,0.0,4.3,7.0,1016.66,67.3,-14.22
2025-03-24 18:36:08.199000+00:00,,,,,347.062,-1.125,-1.438,22.93,-82.188,-5.562,-18.25,-0.008,-0.013,-0.026,-0.05,0.36,9.39,0.14,0.08,-0.4,-0.2,0.28,9.8,0.1125,0.0,0.0,0.0,4.3,7.0,1016.66,67.3,-14.22
2025-03-24 18:36:09.123000+00:00,,,,,347.062,-1.125,-1.438,22.93,-82.188,-5.562,-18.25,0.016,0.009,0.004,-0.05,0.36,9.39,0.14,0.08,-0.4,-0.2,0.28,9.8,0.1125,0.0,0.0,0.0,4.3,7.0,1016.66,67.3,-14.22
2025-03-24 18:36:10.083000+00:00,,,,,347.062,-1.125,-1.438,22.93,-82.188,-5.562,-18.25,0.016,0.022,0.018,-0.05,0.36,9.39,0.14,0.08,-0.4,-0.2,0.28,9.8,0.1125,0.0,0.0,0.0,4.3,7.0,1016.66,67.3,-14.22
2025-03-24 18:36:11.098000+00:00,,,,,347.062,-1.125,-1.438,22.93,-82.188,-5.562,-18.25,0.001,-0.023,0.019,-0.05,0.36,9.39,0.14,0.08,-0.4,-0.2,0.28,9.8,0.1125,0.0,0.0,0.0,4.3,7.0,1016.66,67.3,-14.22
2025-03-24 18:36:12.101000+00:00,,,,,347.062,-1.125,-1.438,22.93,-82.188,-5.562,-18.25,-0.008,-0.013,0.001,-0.05,0.36,9.39,0.14,0.08,-0.4,-0.2,0.28,9.8,0.1125,0.0,0.0,0.0,4.3,7.0,1016.66,67.3,-14.22
2025-03-24 18:36:13.111000+00:00,,,,,347.062,-1.125,-1.438,22.93,-82.188,-5.562,-18.25,0.003,-0.011,0.016,-0.05,0.36,9.39,0.14,0.08,-0.4,-0.2,0.28,9.8,0.1125,0.0,0.0,0.0,4.3,7.0,1016.66,67.3,-14.22
2025-03-24 18:36:14.122000+00:00,,,,,347.062,-1.125,-1.438,22.93,-82.188,-5.562,-18.25,0.011,0.0,0.0,-0.05,0.36,9.39,0.14,0.08,-0.4,-0.2,0.28,9.8,0.1125,0.0,0.0,0.0,4.3,7.0,1016.66,67.3,-14.22
2025-03-24 18:35:14.595000+00:00,,,,,347.062,-1.125,-1.438,22.93,-82.188,-5.562,-18.25,0.011,0.0,0.0,-0.05,0.36,9.39,0.14,0.08,-0.4,-0.2,0.28,9.8,0.1125,0.0,0.0,0.0,4.3,7.0,1016.66,67.3,-14.22
2025-03-24 18:35:15.595000+00:00,,,,,347.062,-1.125,-1.438,22.93,-82.188,-5.562,-18.25,0.011,0.0,0.0,-0.02,0.32,9.43,0.14,0.08,-0.4,-0.2,0.28,9.8,0.1125,0.0,0.0,0.0,4.3,7.0,1016.66,67.3,-14.22
2025-03-24 18:35:16.597000+00:00,,,,,347.062,-1.125,-1.438,22.93,-82.188,-5.562,-18.25,0.011,0.0,0.0,-0.28,0.11,9.43,0.14,0.08,-0.4,-0.2,0.28,9.8,0.1125,0.0,0.0,0.0,4.3,7.0,1016.66,67.3,-14.22
2025-03-24 18:35:17.605000+00:00,,,,,347.062,-1.125,-1.438,22.93,-82.188,-5.562,-18.25,0.011,0.0,0.0,-0.45,0.29,9.44,0.14,0.08,-0.4,-0.2,0.28,9.8,0.1125,0.0,0.0,0.0,4.3,7.0,1016.66,67.3,-14.22
2025-03-24 18:35:18.785000+00:00,,,,,347.062,-1.125,-1.438,22.93,-82.188,-5.562,-18.25,0.011,0.0,0.0,-0.26,0.46,9.41,0.14,0.08,-0.4,-0.2,0.28,9.8,0.1125,0.0,0.0,0.0,4.3,7.0,1016.66,67.3,-14.22
2025-03-24 18:35:19.915000+00:00,,,,,347.062,-1.125,-1.438,22.93,-82.188,-5.562,-18.25,0.011,0.0,0.0,-0.22,0.41,9.47,0.14,0.08,-0.4,-0.2,0.28,9.8,0.1125,0.0,0.0,0.0,4.3,7.0,1016.66,67.3,-14.22
2025-03-24 18:35:20.652000+00:00,,,,,347.062,-1.125,-1.438,22.93,-82.188,-5.562,-18.25,0.011,0.0,0.0,-0.21,0.34,9.4,0.14,0.08,-0.4,-0.2,0.28,9.8,0.1125,0.0,0.0,0.0,4.3,7.0,1016.66,67.3,-14.22
2025-03-24 18:35:21.645000+00:00,,,,,347.062,-1.125,-1.438,22.93,-82.188,-5.562,-18.25,0.011,0.0,0.0,-0.33,-0.11,9.47,0.14,0.08,-0.4,-0.2,0.28,9.8,0.1125,0.0,0.0,0.0,4.3,7.0,1016.66,67.3,-14.22
2025-03-24 18:35:22.655000+00:00,,,,,347.062,-1.125,-1.438,22.93,-82.188,-5.562,-18.25,0.011,0.0,0.0,-0.15,0.04,9.47,0.14,0.08,-0.4,-0.2,0.28,9.8,0.1125,0.0,0.0,0.0,4.3,7.0,1016.66,67.3,-14.22
2025-03-24 18:35:23.695000+00:00,,,,,347.062,-1.125,-1.438,22.93,-82.188,-5.562,-18.25,0.011,0.0,0.0,-0.25,0.36,9.43,0.14,0.08,-0.4,-0.2,0.28,9.8,0.1125,0.0,0.0,0.0,4.3,7.0,1016.66,67.3,-14.22
2025-03-24 18:35:24.675000+00:00,,,,,347.062,-1.125,-1.438,22.93,-82.188,-5.562,-18.25,0.011,0.0,0.0,-0.44,0.25,9.4,0.14,0.08,-0.4,-0.2,0.28,9.8,0.1125,0.0,0.0,0.0,4.3,7.0,1016.66,67.3,-14.22
2025-03-24 18:35:25.691000+00:00,,,,,347.062,-1.125,-1.438,22.93,-82.188,-5.562,-18.25,0.011,0.0,0.0,-0.24,0.08,9.45,0.14,0.08,-0.4,-0.2,0.28,9.8,0.1125,0.0,0.0,0.0,4.3,7.0,1016.66,67.3,-14.22
2025-03-24 18:35:26.705000+00:00,,,,,347.062,-1.125,-1.438,22.93,-82.188,-5.562,-18.25,0.011,0.0,0.0,-0.22,0.19,9.45,0.14,0.08,-0.4,-0.2,0.28,9.8,0.1125,0.0,0.0,0.0,4.3,7.0,1016.66,67.3,-14.22
2025-03-24 18:35:27.722000+00:00,,,,,347.062,-1.125,-1.438,22.93,-82.188,-5.562,-18.25,0.011,0.0,0.0,-0.33,-0.2,9.43,0.14,0.08,-0.4,-0.2,0.28,9.8,0.1125,0.0,0.0,0.0,4.3,7.0,1016.66,67.3,-14.22
2025-03-24 18:35:28.771000+00:00,,,,,347.062,-1.125,-1.438,22.93,-82.188,-5.562,-18.25,0.011,0.0,0.0,-0.19,0.46,9.44,0.14,0.08,-0.4,-0.2,0.28,9.8,0.1125,0.0,0.0,0.0,4.3,7.0,1016.66,67.3,-14.22
2025-03-24 18:35:29.804000+00:00,,,,,347.062,-1.125,-1.438,22.93,-82.188,-5.562,-18.25,0.011,0.0,0.0,-0.2,0.34,9.38,0.14,0.08,-0.4,-0.2,0.28,9.8,0.1125,0.0,0.0,0.0,4.3,7.0,1016.66,67.3,-14.22
2025-03-24 18:35:30.993000+00:00,,,,,347.062,-1.125,-1.438,22.93,-82.188,-5.562,-18.25,0.011,0.0,0.0,-0.04,0.37,9.45,0.14,0.08,-0.4,-0.2,0.28,9.8,0.1125,0.0,0.0,0.0,4.3,7.0,1016.66,67.3,-14.22
2025-03-24 18:35:31.766000+00:00,,,,,347.062,-1.125,-1.438,22.93,-82.188,-5.562,-18.25,0.011,0.0,0.0,-0.57,0.25,9.43,0.14,0.08,-0.4,-0.2,0.28,9.8,0.1125,0.0,0.0,0.0,4.3,7.0,1016.66,67.3,-14.22
2025-03-24 18:35:32.763000+00:00,,,,,347.062,-1.125,-1.438,22.93,-82.188,-5.562,-18.25,0.011,0.0,0.0,-0.24,-0.02,9.4,0.14,0.08,-0.4,-0.2,0.28,9.8,0.1125,0.0,0.0,0.0,4.3,7.0,1016.66,67.3,-14.22
2025-03-24 18:35:33.791000+00:00,,,,,347.062,-1.125,-1.438,22.93,-82.188,-5.562,-18.25,0.011,0.0,0.0,-0.48,0.41,9.47,0.14,0.08,-0.4,-0.2,0.28,9.8,0.1125,0.0,0.0,0.0,4.3,7.0,1016.66,67.3,-14.22
2025-03-24 18:35:34.801000+00:00,,,,,347.062,-1.125,-1.438,22.93,-82.188,-5.562,-18.25,0.011,0.0,0.0,-0.34,0.19,9.39,0.14,0.08,-0.4,-0.2,0.28,9.8,0.1125,0.0,0.0,0.0,4.3,7.0,1016.66,67.3,-14.22
2025-03-24 18:35:35.821000+00:00,,,,,347.062,-1.125,-1.438,22.93,-82.188,-5.562,-18.25,0.011,0.0,0.0,-0.23,0.42,9.5,0.14,0.08,-0.4,-0.2,0.28,9.8,0.1125,0.0,0.0,0.0,4.3,7.0,1016.66,67.3,-14.22
2025-03-24 18:35:36.810000+00:00,,,,,347.062,-1.125,-1.438,22.93,-82.188,-5.562,-18.25,0.011,0.0,0.0,-0.44,0.51,9.43,0.14,0.08,-0.4,-0.2,0.28,9.8,0.1125,0.0,0.0,0.0,4.3,7.0,1016.66,67.3,-14.22
2025-03-24 18:35:37.810000+00:00,,,,,347.062,-1.125,-1.438,22.93,-82.188,-5.562,-18.25,0.011,0.0,0.0,-0.42,0.54,9.43,0.14,0.08,-0.4,-0.2,0.28,9.8,0.1125,0.0,0.0,0.0,4.3,7.0,1016.66,67.3,-14.22
2025-03-24 18:35:38.851000+00:00,,,,,347.062,-1.125,-1.438,22.93,-82.188,-5.562,-18.25,0.011,0.0,0.0,-0.44,0.4,9.43,0.14,0.08,-0.4,-0.2,0.28,9.8,0.1125,0.0,0.0,0.0,4.3,7.0,1016.66,67.3,-14.22
2025-03-24 18:35:39.843000+00:00,,,,,347.062,-1.125,-1.438,22.93,-82.188,-5.562,-18.25,0.011,0.0,0.0,-0.31,0.38,9.4,0.14,0.08,-0.4,-0.2,0.28,9.8,0.1125,0.0,0.0,0.0,4.3,7.0,1016.66,67.3,-14.22
2025-03-24 18:35:40.850000+00:00,,,,,347.062,-1.125,-1.438,22.93,-82.188,-5.562,-18.25,0.011,0.0,0.0,-0.13,0.1,9.38,0.14,0.08,-0.4,-0.2,0.28,9.8,0.1125,0.0,0.0,0.0,4.3,7.0,1016.66,67.3,-14.22
2025-03-24 18:35:41.879000+00:00,,,,,347.062,-1.125,-1.438,22.93,-82.188,-5.562,-18.25,0.011,0.0,0.0,-0.1,0.4,9.39,0.14,0.08,-0.4,-0.2,0.28,9.8,0.1125,0.0,0.0,0.0,4.3,7.0,1016.66,67.3,-14.22
2025-03-24 18:35:42.890000+00:00,,,,,347.062,-1.125,-1.438,22.93,-82.188,-5.562,-18.25,0.011,0.0,0.0,-0.21,0.29,9.4,0.14,0.08,-0.4,-0.2,0.28,9.8,0.1125,0.0,0.0,0.0,4.3,7.0,1016.66,67.3,-14.22
2025-03-24 18:35:43.896000+00:00,,,,,347.062,-1.125,-1.438,22.93,-82.188,-5.562,-18.25,0.011,0.0,0.0,-0.1,0.61,9.4,0.14,0.08,-0.4,-0.2,0.28,9.8,0.1125,0.0,0.0,0.0,4.3,7.0,1016.66,67.3,-14.22
2025-03-24 18:35:45.068000+00:00,,,,,347.062,-1.125,-1.438,22.93,-82.188,-5.562,-18.25,0.011,0.0,0.0,-0.21,0.41,9.43,0.14,0.08,-0.4,-0.2,0.28,9.8,0.1125,0.0,0.0,0.0,4.3,7.0,1016.66,67.3,-14.22
2025-03-24 18:35:46.064000+00:00,,,,,347.062,-1.125,-1.438,22.93,-82.188,-5.562,-18.25,0.011,0.0,0.0,0.08,0.44,9.44,0.14,0.08,-0.4,-0.2,0.28,9.8,0.1125,0.0,0.0,0.0,4.3,7.0,1016.66,67.3,-14.22
2025-03-24 18:35:47.110000+00:00,,,,,347.062,-1.125,-1.438,22.93,-82.188,-5.562,-18.25,0.011,0.0,0.0,-0.41,0.45,9.43,0.14,0.08,-0.4,-0.2,0.28,9.8,0.1125,0.0,0.0,0.0,4.3,7.0,1016.66,67.3,-14.22
2025-03-24 18:35:48.192000+00:00,,,,,347.062,-1.125,-1.438,22.93,-82.188,-5.562,-18.25,0.011,0.0,0.0,-0.29,0.61,9.42,0.14,0.08,-0.4,-0.2,0.28,9.8,0.1125,0.0,0.0,0.0,4.3,7.0,1016.66,67.3,-14.22
2025-03-24 18:35:49.209000+00:00,,,,,347.062,-1.125,-1.438,22.93,-82.188,-5.562,-18.25,0.011,0.0,0.0,-0.06,0.33,9.4,0.14,0.08,-0.4,-0.2,0.28,9.8,0.1125,0.0,0.0,0.0,4.3,7.0,1016.66,67.3,-14.22
2025-03-24 18:35:50.333000+00:00,,,,,347.062,-1.125,-1.438,22.93,-82.188,-5.562,-18.25,0.011,0.0,0.0,-0.35,0.38,9.46,0.14,0.08,-0.4,-0.2,0.28,9.8,0.1125,0.0,0.0,0.0,4.3,7.0,1016.66,67.3,-14.22
2025-03-24 18:35:51.089000+00:00,,,,,347.062,-1.125,-1.438,22.93,-82.188,-5.562,-18.25,0.011,0.0,0.0,-0.09,0.22,9.36,0.14,0.08,-0.4,-0.2,0.28,9.8,0.1125,0.0,0.0,0.0,4.3,7.0,1016.66,67.3,-14.22
2025-03-24 18:35:52.093000+00:00,,,,,347.062,-1.125,-1.438,22.93,-82.188,-5.562,-18.25,0.011,0.0,0.0,-0.42,-0.21,9.47,0.14,0.08,-0.4,-0.2,0.28,9.8,0.1125,0.0,0.0,0.0,4.3,7.0,1016.66,67.3,-14.22
2025-03-24 18:35:53.102000+00:00,,,,,347.062,-1.125,-1.438,22.93,-82.188,-5.562,-18.25,0.011,0.0,0.0,-0.12,0.18,9.49,0.14,0.08,-0.4,-0.2,0.28,9.8,0.1125,0.0,0.0,0.0,4.3,7.0,1016.66,67.3,-14.22
2025-03-24 18:35:54.090000+00:00,,,,,347.062,-1.125,-1.438,22.93,-82.188,-5.562,-18.25,0.011,0.0,0.0,-0.04,0.22,9.45,0.14,0.08,-0.4,-0.2,0.28,9.8,0.1125,0.0,0.0,0.0,4.3,7.0,1016.66,67.3,-14.22
2025-03-24 18:35:55.072000+00:00,,,,,347.062,-1.125,-1.438,22.93,-82.188,-5.562,-18.25,0.011,0.0,0.0,-0.15,0.38,9.46,0.14,0.08,-0.4,-0.2,0.28,9.8,0.1125,0.0,0.0,0.0,4.3,7.0,1016.66,67.3,-14.22
2025-03-24 18:35:56.099000+00:00,,,,,347.062,-1.125,-1.438,22.93,-82.188,-5.562,-18.25,0.011,0.0,0.0,-0.17,0.05,9.39,0.14,0.08,-0.4,-0.2,0.28,9.8,0.1125,0.0,0.0,0.0,4.3,7.0,1016.66,67.3,-14.22
2025-03-24 18:35:57.115000+00:00,,,,,347.062,-1.125,-1.438,22.93,-82.188,-5.562,-18.25,0.011,0.0,0.0,-0.11,0.06,9.4,0.14,0.08,-0.4,-0.2,0.28,9.8,0.1125,0.0,0.0,0.0,4.3,7.0,1016.66,67.3,-14.22
2025-03-24 18:35:58.163000+00:00,,,,,347.062,-1.125,-1.438,22.93,-82.188,-5.562,-18.25,0.011,0.0,0.0,-0.46,0.24,9.38,0.14,0.08,-0.4,-0.2,0.28,9.8,0.1125,0.0,0.0,0.0,4.3,7.0,1016.66,67.3,-14.22
2025-03-24 18:35:59.311000+00:00,,,,,347.062,-1.125,-1.438,22.93,-82.188,-5.562,-18.25,0.011,0.0,0.0,-0.24,0.33,9.41,0.14,0.08,-0.4,-0.2,0.28,9.8,0.1125,0.0,0.0,0.0,4.3,7.0,1016.66,67.3,-14.22
2025-03-24 18:36:00.393000+00:00,,,,,347.062,-1.125,-1.438,22.93,-82.188,-5.562,-18.25,0.011,0.0,0.0,-0.37,0.13,9.46,0.14,0.08,-0.4,-0.2,0.28,9.8,0.1125,0.0,0.0,0.0,4.3,7.0,1016.66,67.3,-14.22
2025-03-24 18:36:01.132000+00:00,,,,,347.062,-1.125,-1.438,22.93,-82.188,-5.562,-18.25,0.011,0.0,0.0,-0.32,0.09,9.43,0.14,0.08,-0.4,-0.2,0.28,9.8,0.1125,0.0,0.0,0.0,4.3,7.0,1016.66,67.3,-14.22
2025-03-24 18:36:02.132000+00:00,,,,,347.062,-1.125,-1.438,22.93,-82.188,-5.562,-18.25,0.011,0.0,0.0,-0.26,0.48,9.4,0.14,0.08,-0.4,-0.2,0.28,9.8,0.1125,0.0,0.0,0.0,4.3,7.0,1016.66,67.3,-14.22
2025-03-24 18:36:03.146000+00:00,,,,,347.062,-1.125,-1.438,22.93,-82.188,-5.562,-18.25,0.011,0.0,0.0,-0.11,0.43,9.44,0.14,0.08,-0.4,-0.2,0.28,9.8,0.1125,0.0,0.0,0.0,4.3,7.0,1016.66,67.3,-14.22
2025-03-24 18:36:04.132000+00:00,,,,,347.062,-1.125,-1.438,22.93,-82.188,-5.562,-18.25,0.011,0.0,0.0,-0.43,0.0,9.45,0.14,0.08,-0.4,-0.2,0.28,9.8,0.1125,0.0,0.0,0.0,4.3,7.0,1016.66,67.3,-14.22
2025-03-24 18:36:05.147000+00:00,,,,,347.062,-1.125,-1.438,22.93,-82.188,-5.562,-18.25,0.011,0.0,0.0,-0.15,0.06,9.45,0.14,0.08,-0.4,-0.2,0.28,9.8,0.1125,0.0,0.0,0.0,4.3,7.0,1016.66,67.3,-14.22
2025-03-24 18:36:06.129000+00:00,,,,,347.062,-1.125,-1.438,22.93,-82.188,-5.562,-18.25,0.011,0.0,0.0,0.0,0.15,9.4,0.14,0.08,-0.4,-0.2,0.28,9.8,0.1125,0.0,0.0,0.0,4.3,7.0,1016.66,67.3,-14.22
2025-03-24 18:36:07.143000+00:00,,,,,347.062,-1.125,-1.438,22.93,-82.188,-5.562,-18.25,0.011,0.0,0.0,-0.04,0.0,9.39,0.14,0.08,-0.4,-0.2,0.28,9.8,0.1125,0.0,0.0,0.0,4.3,7.0,1016.66,67.3,-14.22
2025-03-24 18:36:08.252000+00:00,,,,,347.062,-1.125,-1.438,22.93,-82.188,-5.562,-18.25,0.011,0.0,0.0,-0.51,0.23,9.39,0.14,0.08,-0.4,-0.2,0.28,9.8,0.1125,0.0,0.0,0.0,4.3,7.0,1016.66,67.3,-14.22
2025-03-24 18:36:09.172000+00:00,,,,,347.062,-1.125,-1.438,22.93,-82.188,-5.562,-18.25,0.011,0.0,0.0,-0.29,0.36,9.48,0.14,0.08,-0.4,-0.2,0.28,9.8,0.1125,0.0,0.0,0.0,4.3,7.0,1016.66,67.3,-14.22
2025-03-24 18:36:10.149000+00:00,,,,,347.062,-1.125,-1.438,22.93,-82.188,-5.562,-18.25,0.011,0.0,0.0,-0.31,0.59,9.41,0.14,0.08,-0.4,-0.2,0.28,9.8,0.1125,0.0,0.0,0.0,4.3,7.0,1016.66,67.3,-14.22
2025-03-24 18:36:11.159000+00:00,,,,,347.062,-1.125,-1.438,22.93,-82.188,-5.562,-18.25,0.011,0.0,0.0,-0.3,0.17,9.38,0.14,0.08,-0.4,-0.2,0.28,9.8,0.1125,0.0,0.0,0.0,4.3,7.0,1016.66,67.3,-14.22
2025-03-24 18:36:12.151000+00:00,,,,,347.062,-1.125,-1.438,22.93,-82.188,-5.562,-18.25,0.011,0.0,0.0,-0.44,0.03,9.42,0.14,0.08,-0.4,-0.2,0.28,9.8,0.1125,0.0,0.0,0.0,4.3,7.0,1016.66,67.3,-14.22
2025-03-24 18:36:13.161000+00:00,,,,,347.062,-1.125,-1.438,22.93,-82.188,-5.562,-18.25,0.011,0.0,0.0,-0.37,0.6,9.43,0.14,0.08,-0.4,-0.2,0.28,9.8,0.1125,0.0,0.0,0.0,4.3,7.0,1016.66,67.3,-14.22
2025-03-24 18:36:14.173000+00:00,,,,,347.062,-1.125,-1.438,22.93,-82.188,-5.562,-18.25,0.011,0.0,0.0,-0.43,0.16,9.41,0.14,0.08,-0.4,-0.2,0.28,9.8,0.1125,0.0,0.0,0.0,4.3,7.0,1016.66,67.3,-14.22
2025-03-24 18:35:14.645000+00:00,,,,,347.062,-1.125,-1.438,22.93,-82.188,-5.562,-18.25,0.011,0.0,0.0,-0.43,0.16,9.41,0.14,0.08,-0.4,-0.2,0.28,9.8,0.1125,0.0,0.0,0.0,4.3,7.0,1016.66,67.3,-14.22
2025-03-24 18:35:15.644000+00:00,,,,,347.062,-1.125,-1.438,22.93,-82.188,-5.562,-18.25,0.011,0.0,0.0,-0.43,0.16,9.41,0.22,-0.09,-0.38,-0.2,0.28,9.8,0.1125,0.0,0.0,0.0,4.3,7.0,1016.66,67.3,-14.22
2025-03-24 18:35:16.650000+00:00,,,,,347.062,-1.125,-1.438,22.93,-82.188,-5.562,-18.25,0.011,0.0,0.0,-0.43,0.16,9.41,0.13,-0.13,-0.34,-0.2,0.28,9.8,0.1125,0.0,0.0,0.0,4.3,7.0,1016.66,67.3,-14.22
2025-03-24 18:35:17.655000+00:00,,,,,347.062,-1.125,-1.438,22.93,-82.188,-5.562,-18.25,0.011,0.0,0.0,-0.43,0.16,9.41,-0.34,0.06,-0.42,-0.2,0.28,9.8,0.1125,0.0,0.0,0.0,4.3,7.0,1016.66,67.3,-14.22
2025-03-24 18:35:18.835000+00:00,,,,,347.062,-1.125,-1.438,22.93,-82.188,-5.562,-18.25,0.011,0.0,0.0,-0.43,0.16,9.41,-0.03,0.05,-0.37,-0.2,0.28,9.8,0.1125,0.0,0.0,0.0,4.3,7.0,1016.66,67.3,-14.22
2025-03-24 18:35:19.975000+00:00,,,,,347.062,-1.125,-1.438,22.93,-82.188,-5.562,-18.25,0.011,0.0,0.0,-0.43,0.16,9.41,-0.03,0.13,-0.32,-0.2,0.28,9.8,0.1125,0.0,0.0,0.0,4.3,7.0,1016.66,67.3,-14.22
2025-03-24 18:35:20.706000+00:00,,,,,347.062,-1.125,-1.438,22.93,-82.188,-5.562,-18.25,0.011,0.0,0.0,-0.43,0.16,9.41,-0.01,0.06,-0.39,-0.2,0.28,9.8,0.1125,0.0,0.0,0.0,4.3,7.0,1016.66,67.3,-14.22
2025-03-24 18:35:21.702000+00:00,,,,,347.062,-1.125,-1.438,22.93,-82.188,-5.562,-18.25,0.011,0.0,0.0,-0.43,0.16,9.41,-0.12,-0.38,-0.32,-0.2,0.28,9.8,0.1125,0.0,0.0,0.0,4.3,7.0,1016.66,67.3,-14.22
2025-03-24 18:35:22.706000+00:00,,,,,347.062,-1.125,-1.438,22.93,-82.188,-5.562,-18.25,0.011,0.0,0.0,-0.43,0.16,9.41,0.05,-0.23,-0.32,-0.2,0.28,9.8,0.1125,0.0,0.0,0.0,4.3,7.0,1016.66,67.3,-14.22
2025-03-24 18:35:23.752000+00:00,,,,,347.062,-1.125,-1.438,22.93,-82.188,-5.562,-18.25,0.011,0.0,0.0,-0.43,0.16,9.41,-0.04,0.09,-0.36,-0.2,0.28,9.8,0.1125,0.0,0.0,0.0,4.3,7.0,1016.66,67.3,-14.22
2025-03-24 18:35:24.726000+00:00,,,,,347.062,-1.125,-1.438,22.93,-82.188,-5.562,-18.25,0.011,0.0,0.0,-0.43,0.16,9.41,-0.22,0.0,-0.39,-0.2,0.28,9.8,0.1125,0.0,0.0,0.0,4.3,7.0,1016.66,67.3,-14.22
2025-03-24 18:35:25.745000+00:00,,,,,347.062,-1.125,-1.438,22.93,-82.188,-5.562,-18.25,0.011,0.0,0.0,-0.43,0.16,9.41,-0.03,-0.19,-0.34,-0.2,0.28,9.8,0.1125,0.0,0.0,0.0,4.3,7.0,1016.66,67.3,-14.22
2025-03-24 18:35:26.761000+00:00,,,,,347.062,-1.125,-1.438,22.93,-82.188,-5.562,-18.25,0.011,0.0,0.0,-0.43,0.16,9.41,-0.02,-0.08,-0.34,-0.2,0.28,9.8,0.1125,0.0,0.0,0.0,4.3,7.0,1016.66,67.3,-14.22
2025-03-24 18:35:27.781000+00:00,,,,,347.062,-1.125,-1.438,22.93,-82.188,-5.562,-18.25,0.011,0.0,0.0,-0.43,0.16,9.41,-0.13,-0.46,-0.36,-0.2,0.28,9.8,0.1125,0.0,0.0,0.0,4.3,7.0,1016.66,67.3,-14.22
2025-03-24 18:35:28.831000+00:00,,,,,347.062,-1.125,-1.438,22.93,-82.188,-5.562,-18.25,0.011,0.0,0.0,-0.43,0.16,9.41,0.01,0.19,-0.35,-0.2,0.28,9.8,0.1125,0.0,0.0,0.0,4.3,7.0,1016.66,67.3,-14.22
2025-03-24 18:35:29.864000+00:00,,,,,347.062,-1.125,-1.438,22.93,-82.188,-5.562,-18.25,0.011,0.0,0.0,-0.43,0.16,9.41,0.01,0.06,-0.41,-0.2,0.28,9.8,0.1125,0.0,0.0,0.0,4.3,7.0,1016.66,67.3,-14.22
2025-03-24 18:35:31.044000+00:00,,,,,347.062,-1.125,-1.438,22.93,-82.188,-5.562,-18.25,0.011,0.0,0.0,-0.43,0.16,9.41,0.15,0.08,-0.34,-0.2,0.28,9.8,0.1125,0.0,0.0,0.0,4.3,7.0,1016.66,67.3,-14.22
2025-03-24 18:35:31.821000+00:00,,,,,347.062,-1.125,-1.438,22.93,-82.188,-5.562,-18.25,0.011,0.0,0.0,-0.43,0.16,9.41,-0.11,0.0,-0.39,-0.2,0.28,9.8,0.1125,0.0,0.0,0.0,4.3,7.0,1016.66,67.3,-14.22
2025-03-24 18:35:32.814000+00:00,,,,,347.062,-1.125,-1.438,22.93,-82.188,-5.562,-18.25,0.011,0.0,0.0,-0.43,0.16,9.41,-0.1,-0.22,-0.38,-0.2,0.28,9.8,0.1125,0.0,0.0,0.0,4.3,7.0,1016.66,67.3,-14.22
2025-03-24 18:35:33.845000+00:00,,,,,347.062,-1.125,-1.438,22.93,-82.188,-5.562,-18.25,0.011,0.0,0.0,-0.43,0.16,9.41,-0.19,0.14,-0.37,-0.2,0.28,9.8,0.1125,0.0,0.0,0.0,4.3,7.0,1016.66,67.3,-14.22
2025-03-24 18:35:34.856000+00:00,,,,,347.062,-1.125,-1.438,22.93,-82.188,-5.562,-18.25,0.011,0.0,0.0,-0.43,0.16,9.41,-0.05,-0.17,-0.36,-0.2,0.28,9.8,0.1125,0.0,0.0,0.0,4.3,7.0,1016.66,67.3,-14.22
2025-03-24 18:35:35.875000+00:00,,,,,347.062,-1.125,-1.438,22.93,-82.188,-5.562,-18.25,0.011,0.0,0.0,-0.43,0.16,9.41,0.01,-0.02,-0.41,-0.2,0.28,9.8,0.1125,0.0,0.0,0.0,4.3,7.0,1016.66,67.3,-14.22
2025-03-24 18:35:36.871000+00:00,,,,,347.062,-1.125,-1.438,22.93,-82.188,-5.562,-18.25,0.011,0.0,0.0,-0.43,0.16,9.41,-0.23,0.22,-0.36,-0.2,0.28,9.8,0.1125,0.0,0.0,0.0,4.3,7.0,1016.66,67.3,-14.22
2025-03-24 18:35:37.870000+00:00,,,,,347.062,-1.125,-1.438,22.93,-82.188,-5.562,-18.25,0.011,0.0,0.0,-0.43,0.16,9.41,-0.21,0.25,-0.36,-0.2,0.28,9.8,0.1125,0.0,0.0,0.0,4.3,7.0,1016.66,67.3,-14.22
2025-03-24 18:35:38.910000+00:00,,,,,347.062,-1.125,-1.438,22.93,-82.188,-5.562,-18.25,0.011,0.0,0.0,-0.43,0.16,9.41,-0.22,0.11,-0.36,-0.2,0.28,9.8,0.1125,0.0,0.0,0.0,4.3,7.0,1016.66,67.3,-14.22
2025-03-24 18:35:39.903000+00:00,,,,,347.062,-1.125,-1.438,22.93,-82.188,-5.562,-18.25,0.011,0.0,0.0,-0.43,0.16,9.41,-0.08,0.1,-0.39,-0.2,0.28,9.8,0.1125,0.0,0.0,0.0,4.3,7.0,1016.66,67.3,-14.22
2025-03-24 18:35:40.913000+00:00,,,,,347.062,-1.125,-1.438,22.93,-82.188,-5.562,-18.25,0.011,0.0,0.0,-0.43,0.16,9.41,0.07,-0.18,-0.41,-0.2,0.28,9.8,0.1125,0.0,0.0,0.0,4.3,7.0,1016.66,67.3,-14.22
2025-03-24 18:35:41.933000+00:00,,,,,347.062,-1.125,-1.438,22.93,-82.188,-5.562,-18.25,0.011,0.0,0.0,-0.43,0.16,9.41,0.11,0.11,-0.4,-0.2,0.28,9.8,0.1125,0.0,0.0,0.0,4.3,7.0,1016.66,67.3,-14.22
2025-03-24 18:35:42.947000+00:00,,,,,347.062,-1.125,-1.438,22.93,-82.188,-5.562,-18.25,0.011,0.0,0.0,-0.43,0.16,9.41,0.01,0.0,-0.39,-0.2,0.28,9.8,0.1125,0.0,0.0,0.0,4.3,7.0,1016.66,67.3,-14.22
2025-03-24 18:35:43.950000+00:00,,,,,347.062,-1.125,-1.438,22.93,-82.188,-5.562,-18.25,0.011,0.0,0.0,-0.43,0.16,9.41,-0.09,0.26,-0.34,-0.2,0.28,9.8,0.1125,0.0,0.0,0.0,4.3,7.0,1016.66,67.3,-14.22
2025-03-24 18:35:45.114000+00:00,,,,,347.062,-1.125,-1.438,22.93,-82.188,-5.562,-18.25,0.011,0.0,0.0,-0.43,0.16,9.41,0.0,0.13,-0.36,-0.2,0.28,9.8,0.1125,0.0,0.0,0.0,4.3,7.0,1016.66,67.3,-14.22
2025-03-24 18:35:46.114000+00:00,,,,,347.062,-1.125,-1.438,22.93,-82.188,-5.562,-18.25,0.011,0.0,0.0,-0.43,0.16,9.41,0.28,0.17,-0.35,-0.2,0.28,9.8,0.1125,0.0,0.0,0.0,4.3,7.0,1016.66,67.3,-14.22
2025-03-24 18:35:47.170000+00:00,,,,,347.062,-1.125,-1.438,22.93,-82.188,-5.562,-18.25,0.011,0.0,0.0,-0.43,0.16,9.41,-0.1,0.15,-0.4,-0.2,0.28,9.8,0.1125,0.0,0.0,0.0,4.3,7.0,1016.66,67.3,-14.22
2025-03-24 18:35:48.244000+00:00,,,,,347.062,-1.125,-1.438,22.93,-82.188,-5.562,-18.25,0.011,0.0,0.0,-0.43,0.16,9.41,0.05,0.15,-0.46,-0.2,0.28,9.8,0.1125,0.0,0.0,0.0,4.3,7.0,1016.66,67.3,-14.22
2025-03-24 18:35:49.264000+00:00,,,,,347.062,-1.125,-1.438,22.93,-82.188,-5.562,-18.25,0.011,0.0,0.0,-0.43,0.16,9.41,0.03,0.0,-0.36,-0.2,0.28,9.8,0.1125,0.0,0.0,0.0,4.3,7.0,1016.66,67.3,-14.22
2025-03-24 18:35:50.390000+00:00,,,,,347.062,-1.125,-1.438,22.93,-82.188,-5.562,-18.25,0.011,0.0,0.0,-0.43,0.16,9.41,-0.04,0.16,-0.36,-0.2,0.28,9.8,0.1125,0.0,0.0,0.0,4.3,7.0,1016.66,67.3,-14.22
2025-03-24 18:35:51.146000+00:00,,,,,347.062,-1.125,-1.438,22.93,-82.188,-5.562,-18.25,0.011,0.0,0.0,-0.43,0.16,9.41,0.12,-0.02,-0.43,-0.2,0.28,9.8,0.1125,0.0,0.0,0.0,4.3,7.0,1016.66,67.3,-14.22
2025-03-24 18:35:52.150000+00:00,,,,,347.062,-1.125,-1.438,22.93,-82.188,-5.562,-18.25,0.011,0.0,0.0,-0.43,0.16,9.41,-0.22,-0.45,-0.33,-0.2,0.28,9.8,0.1125,0.0,0.0,0.0,4.3,7.0,1016.66,67.3,-14.22
2025-03-24 18:35:53.153000+00:00,,,,,347.062,-1.125,-1.438,22.93,-82.188,-5.562,-18.25,0.011,0.0,0.0,-0.43,0.16,9.41,0.08,-0.05,-0.31,-0.2,0.28,9.8,0.1125,0.0,0.0,0.0,4.3,7.0,1016.66,67.3,-14.22
2025-03-24 18:35:54.148000+00:00,,,,,347.062,-1.125,-1.438,22.93,-82.188,-5.562,-18.25,0.011,0.0,0.0,-0.43,0.16,9.41,0.15,-0.01,-0.34,-0.2,0.28,9.8,0.1125,0.0,0.0,0.0,4.3,7.0,1016.66,67.3,-14.22
2025-03-24 18:35:55.125000+00:00,,,,,347.062,-1.125,-1.438,22.93,-82.188,-5.562,-18.25,0.011,0.0,0.0,-0.43,0.16,9.41,0.04,0.12,-0.33,-0.2,0.28,9.8,0.1125,0.0,0.0,0.0,4.3,7.0,1016.66,67.3,-14.22
2025-03-24 18:35:56.159000+00:00,,,,,347.062,-1.125,-1.438,22.93,-82.188,-5.562,-18.25,0.011,0.0,0.0,-0.43,0.16,9.41,-0.02,-0.05,-0.29,-0.2,0.28,9.8,0.1125,0.0,0.0,0.0,4.3,7.0,1016.66,67.3,-14.22
2025-03-24 18:35:57.172000+00:00,,,,,347.062,-1.125,-1.438,22.93,-82.188,-5.562,-18.25,0.011,0.0,0.0,-0.43,0.16,9.41,-0.03,-0.13,-0.43,-0.2,0.28,9.8,0.1125,0.0,0.0,0.0,4.3,7.0,1016.66,67.3,-14.22
2025-03-24 18:35:58.212000+00:00,,,,,347.062,-1.125,-1.438,22.93,-82.188,-5.562,-18.25,0.011,0.0,0.0,-0.43,0.16,9.41,-0.26,-0.03,-0.41,-0.2,0.28,9.8,0.1125,0.0,0.0,0.0,4.3,7.0,1016.66,67.3,-14.22
2025-03-24 18:35:59.363000+00:00,,,,,347.062,-1.125,-1.438,22.93,-82.188,-5.562,-18.25,0.011,0.0,0.0,-0.43,0.16,9.41,-0.03,0.04,-0.38,-0.2,0.28,9.8,0.1125,0.0,0.0,0.0,4.3,7.0,1016.66,67.3,-14.22
2025-03-24 18:36:00.442000+00:00,,,,,347.062,-1.125,-1.438,22.93,-82.188,-5.562,-18.25,0.011,0.0,0.0,-0.43,0.16,9.41,-0.18,-0.15,-0.33,-0.2,0.28,9.8,0.1125,0.0,0.0,0.0,4.3,7.0,1016.66,67.3,-14.22
2025-03-24 18:36:01.182000+00:00,,,,,347.062,-1.125,-1.438,22.93,-82.188,-5.562,-18.25,0.011,0.0,0.0,-0.43,0.16,9.41,-0.12,-0.18,-0.36,-0.2,0.28,9.8,0.1125,0.0,0.0,0.0,4.3,7.0,1016.66,67.3,-14.22
2025-03-24 18:36:02.189000+00:00,,,,,347.062,-1.125,-1.438,22.93,-82.188,-5.562,-18.25,0.011,0.0,0.0,-0.43,0.16,9.41,-0.07,0.21,-0.39,-0.2,0.28,9.8,0.1125,0.0,0.0,0.0,4.3,7.0,1016.66,67.3,-14.22
2025-03-24 18:36:03.205000+00:00,,,,,347.062,-1.125,-1.438,22.93,-82.188,-5.562,-18.25,0.011,0.0,0.0,-0.43,0.16,9.41,0.09,0.16,-0.35,-0.2,0.28,9.8,0.1125,0.0,0.0,0.0,4.3,7.0,1016.66,67.3,-14.22
2025-03-24 18:36:04.182000+00:00,,,,,347.062,-1.125,-1.438,22.93,-82.188,-5.562,-18.25,0.011,0.0,0.0,-0.43,0.16,9.41,-0.22,-0.24,-0.34,-0.2,0.28,9.8,0.1125,0.0,0.0,0.0,4.3,7.0,1016.66,67.3,-14.22
2025-03-24 18:36:05.192000+00:00,,,,,347.062,-1.125,-1.438,22.93,-82.188,-5.562,-18.25,0.011,0.0,0.0,-0.43,0.16,9.41,0.04,-0.2,-0.34,-0.2,0.28,9.8,0.1125,0.0,0.0,0.0,4.3,7.0,1016.66,67.3,-14.22
2025-03-24 18:36:06.189000+00:00,,,,,347.062,-1.125,-1.438,22.93,-82.188,-5.562,-18.25,0.011,0.0,0.0,-0.43,0.16,9.41,0.19,-0.1,-0.39,-0.2,0.28,9.8,0.1125,0.0,0.0,0.0,4.3,7.0,1016.66,67.3,-14.22
2025-03-24 18:36:07.198000+00:00,,,,,347.062,-1.125,-1.438,22.93,-82.188,-5.562,-18.25,0.011,0.0,0.0,-0.43,0.16,9.41,0.13,-0.24,-0.4,-0.2,0.28,9.8,0.1125,0.0,0.0,0.0,4.3,7.0,1016.66,67.3,-14.22
2025-03-24 18:36:08.309000+00:00,,,,,347.062,-1.125,-1.438,22.93,-82.188,-5.562,-18.25,0.011,0.0,0.0,-0.43,0.16,9.41,-0.32,-0.02,-0.4,-0.2,0.28,9.8,0.1125,0.0,0.0,0.0,4.3,7.0,1016.66,67.3,-14.22
2025-03-24 18:36:09.222000+00:00,,,,,347.062,-1.125,-1.438,22.93,-82.188,-5.562,-18.25,0.011,0.0,0.0,-0.43,0.16,9.41,-0.11,0.1,-0.31,-0.2,0.28,9.8,0.1125,0.0,0.0,0.0,4.3,7.0,1016.66,67.3,-14.22
2025-03-24 18:36:10.208000+00:00,,,,,347.062,-1.125,-1.438,22.93,-82.188,-5.562,-18.25,0.011,0.0,0.0,-0.43,0.16,9.41,-0.13,0.33,-0.38,-0.2,0.28,9.8,0.1125,0.0,0.0,0.0,4.3,7.0,1016.66,67.3,-14.22
2025-03-24 18:36:11.219000+00:00,,,,,347.062,-1.125,-1.438,22.93,-82.188,-5.562,-18.25,0.011,0.0,0.0,-0.43,0.16,9.41,-0.11,-0.06,-0.42,-0.2,0.28,9.8,0.1125,0.0,0.0,0.0,4.3,7.0,1016.66,67.3,-14.22
2025-03-24 18:36:12.201000+00:00,,,,,347.062,-1.125,-1.438,22.93,-82.188,-5.562,-18.25,0.011,0.0,0.0,-0.43,0.16,9.41,-0.25,-0.19,-0.37,-0.2,0.28,9.8,0.1125,0.0,0.0,0.0,4.3,7.0,1016.66,67.3,-14.22
2025-03-24 18:36:13.221000+00:00,,,,,347.062,-1.125,-1.438,22.93,-82.188,-5.562,-18.25,0.011,0.0,0.0,-0.43,0.16,9.41,-0.17,0.35,-0.36,-0.2,0.28,9.8,0.1125,0.0,0.0,0.0,4.3,7.0,1016.66,67.3,-14.22
2025-03-24 18:36:14.222000+00:00,,,,,347.062,-1.125,-1.438,22.93,-82.188,-5.562,-18.25,0.011,0.0,0.0,-0.43,0.16,9.41,-0.22,-0.1,-0.38,-0.2,0.28,9.8,0.1125,0.0,0.0,0.0,4.3,7.0,1016.66,67.3,-14.22
2025-03-24 18:35:14.702000+00:00,,,,,347.062,-1.125,-1.438,22.93,-82.188,-5.562,-18.25,0.011,0.0,0.0,-0.43,0.16,9.41,-0.22,-0.1,-0.38,-0.2,0.28,9.8,0.1125,0.0,0.0,0.0,4.3,7.0,1016.66,67.3,-14.22
2025-03-24 18:35:15.695000+00:00,,,,,347.062,-1.125,-1.438,22.93,-82.188,-5.562,-18.25,0.011,0.0,0.0,-0.43,0.16,9.41,-0.22,-0.1,-0.38,-0.2,0.28,9.8,0.1125,0.0,0.0,0.0,4.3,7.0,1016.66,67.3,-14.22
2025-03-24 18:35:16.695000+00:00,,,,,347.062,-1.125,-1.438,22.93,-82.188,-5.562,-18.25,0.011,0.0,0.0,-0.43,0.16,9.41,-0.22,-0.1,-0.38,-0.2,0.27,9.8,0.1125,0.0,0.0,0.0,4.3,7.0,1016.66,67.3,-14.22
2025-03-24 18:35:17.704000+00:00,,,,,347.062,-1.125,-1.438,22.93,-82.188,-5.562,-18.25,0.011,0.0,0.0,-0.43,0.16,9.41,-0.22,-0.1,-0.38,-0.2,0.27,9.8,0.1125,0.0,0.0,0.0,4.3,7.0,1016.66,67.3,-14.22
2025-03-24 18:35:18.895000+00:00,,,,,347.062,-1.125,-1.438,22.93,-82.188,-5.562,-18.25,0.011,0.0,0.0,-0.43,0.16,9.41,-0.22,-0.1,-0.38,-0.19,0.28,9.8,0.1125,0.0,0.0,0.0,4.3,7.0,1016.66,67.3,-14.22
2025-03-24 18:35:20.024000+00:00,,,,,347.062,-1.125,-1.438,22.93,-82.188,-5.562,-18.25,0.011,0.0,0.0,-0.43,0.16,9.41,-0.22,-0.1,-0.38,-0.18,0.27,9.8,0.1125,0.0,0.0,0.0,4.3,7.0,1016.66,67.3,-14.22
2025-03-24 18:35:20.754000+00:00,,,,,347.062,-1.125,-1.438,22.93,-82.188,-5.562,-18.25,0.011,0.0,0.0,-0.43,0.16,9.41,-0.22,-0.1,-0.38,-0.19,0.28,9.8,0.1125,0.0,0.0,0.0,4.3,7.0,1016.66,67.3,-14.22
2025-03-24 18:35:21.756000+00:00,,,,,347.062,-1.125,-1.438,22.93,-82.188,-5.562,-18.25,0.011,0.0,0.0,-0.43,0.16,9.41,-0.22,-0.1,-0.38,-0.2,0.27,9.8,0.1125,0.0,0.0,0.0,4.3,7.0,1016.66,67.3,-14.22
2025-03-24 18:35:22.755000+00:00,,,,,347.062,-1.125,-1.438,22.93,-82.188,-5.562,-18.25,0.011,0.0,0.0,-0.43,0.16,9.41,-0.22,-0.1,-0.38,-0.2,0.27,9.8,0.1125,0.0,0.0,0.0,4.3,7.0,1016.66,67.3,-14.22
2025-03-24 18:35:23.804000+00:00,,,,,347.062,-1.125,-1.438,22.93,-82.188,-5.562,-18.25,0.011,0.0,0.0,-0.43,0.16,9.41,-0.22,-0.1,-0.38,-0.2,0.26,9.8,0.1125,0.0,0.0,0.0,4.3,7.0,1016.66,67.3,-14.22
2025-03-24 18:35:24.776000+00:00,,,,,347.062,-1.125,-1.438,22.93,-82.188,-5.562,-18.25,0.011,0.0,0.0,-0.43,0.16,9.41,-0.22,-0.1,-0.38,-0.21,0.26,9.8,0.1125,0.0,0.0,0.0,4.3,7.0,1016.66,67.3,-14.22
2025-03-24 18:35:25.802000+00:00,,,,,347.062,-1.125,-1.438,22.93,-82.188,-5.562,-18.25,0.011,0.0,0.0,-0.43,0.16,9.41,-0.22,-0.1,-0.38,-0.21,0.27,9.8,0.1125,0.0,0.0,0.0,4.3,7.0,1016.66,67.3,-14.22
2025-03-24 18:35:26.821000+00:00,,,,,347.062,-1.125,-1.438,22.93,-82.188,-5.562,-18.25,0.011,0.0,0.0,-0.43,0.16,9.41,-0.22,-0.1,-0.38,-0.2,0.27,9.8,0.1125,0.0,0.0,0.0,4.3,7.0,1016.66,67.3,-14.22
2025-03-24 18:35:27.841000+00:00,,,,,347.062,-1.125,-1.438,22.93,-82.188,-5.562,-18.25,0.011,0.0,0.0,-0.43,0.16,9.41,-0.22,-0.1,-0.38,-0.2,0.26,9.8,0.1125,0.0,0.0,0.0,4.3,7.0,1016.66,67.3,-14.22
2025-03-24 18:35:28.891000+00:00,,,,,347.062,-1.125,-1.438,22.93,-82.188,-5.562,-18.25,0.011,0.0,0.0,-0.43,0.16,9.41,-0.22,-0.1,-0.38,-0.21,0.27,9.8,0.1125,0.0,0.0,0.0,4.3,7.0,1016.66,67.3,-14.22
2025-03-24 18:35:29.923000+00:00,,,,,347.062,-1.125,-1.438,22.93,-82.188,-5.562,-18.25,0.011,0.0,0.0,-0.43,0.16,9.41,-0.22,-0.1,-0.38,-0.21,0.28,9.8,0.1125,0.0,0.0,0.0,4.3,7.0,1016.66,67.3,-14.22
2025-03-24 18:35:31.101000+00:00,,,,,347.062,-1.125,-1.438,22.93,-82.188,-5.562,-18.25,0.011,0.0,0.0,-0.43,0.16,9.41,-0.22,-0.1,-0.38,-0.2,0.29,9.79,0.1125,0.0,0.0,0.0,4.3,7.0,1016.66,67.3,-14.22
2025-03-24 18:35:31.881000+00:00,,,,,347.062,-1.125,-1.438,22.93,-82.188,-5.562,-18.25,0.011,0.0,0.0,-0.43,0.16,9.41,-0.22,-0.1,-0.38,-0.21,0.28,9.8,0.1125,0.0,0.0,0.0,4.3,7.0,1016.66,67.3,-14.22
2025-03-24 18:35:32.870000+00:00,,,,,347.062,-1.125,-1.438,22.93,-82.188,-5.562,-18.25,0.011,0.0,0.0,-0.43,0.16,9.41,-0.22,-0.1,-0.38,-0.18,0.26,9.8,0.1125,0.0,0.0,0.0,4.3,7.0,1016.66,67.3,-14.22
2025-03-24 18:35:33.901000+00:00,,,,,347.062,-1.125,-1.438,22.93,-82.188,-5.562,-18.25,0.011,0.0,0.0,-0.43,0.16,9.41,-0.22,-0.1,-0.38,-0.18,0.28,9.8,0.1125,0.0,0.0,0.0,4.3,7.0,1016.66,67.3,-14.22
2025-03-24 18:35:34.904000+00:00,,,,,347.062,-1.125,-1.438,22.93,-82.188,-5.562,-18.25,0.011,0.0,0.0,-0.43,0.16,9.41,-0.22,-0.1,-0.38,-0.2,0.29,9.8,0.1125,0.0,0.0,0.0,4.3,7.0,1016.66,67.3,-14.22
2025-03-24 18:35:35.931000+00:00,,,,,347.062,-1.125,-1.438,22.93,-82.188,-5.562,-18.25,0.011,0.0,0.0,-0.43,0.16,9.41,-0.22,-0.1,-0.38,-0.19,0.29,9.8,0.1125,0.0,0.0,0.0,4.3,7.0,1016.66,67.3,-14.22
2025-03-24 18:35:36.924000+00:00,,,,,347.062,-1.125,-1.438,22.93,-82.188,-5.562,-18.25,0.011,0.0,0.0,-0.43,0.16,9.41,-0.22,-0.1,-0.38,-0.2,0.29,9.8,0.1125,0.0,0.0,0.0,4.3,7.0,1016.66,67.3,-14.22
2025-03-24 18:35:37.931000+00:00,,,,,347.062,-1.125,-1.438,22.93,-82.188,-5.562,-18.25,0.011,0.0,0.0,-0.43,0.16,9.41,-0.22,-0.1,-0.38,-0.21,0.29,9.79,0.1125,0.0,0.0,0.0,4.3,7.0,1016.66,67.3,-14.22
2025-03-24 18:35:38.966000+00:00,,,,,347.062,-1.125,-1.438,22.93,-82.188,-5.562,-18.25,0.011,0.0,0.0,-0.43,0.16,9.41,-0.22,-0.1,-0.38,-0.22,0.28,9.79,0.1125,0.0,0.0,0.0,4.3,7.0,1016.66,67.3,-14.22
2025-03-24 18:35:39.959000+00:00,,,,,347.062,-1.125,-1.438,22.93,-82.188,-5.562,-18.25,0.011,0.0,0.0,-0.43,0.16,9.41,-0.22,-0.1,-0.38,-0.22,0.28,9.79,0.1125,0.0,0.0,0.0,4.3,7.0,1016.66,67.3,-14.22
2025-03-24 18:35:40.964000+00:00,,,,,347.062,-1.125,-1.438,22.93,-82.188,-5.562,-18.25,0.011,0.0,0.0,-0.43,0.16,9.41,-0.22,-0.1,-0.38,-0.21,0.28,9.8,0.1125,0.0,0.0,0.0,4.3,7.0,1016.66,67.3,-14.22
2025-03-24 18:35:41.990000+00:00,,,,,347.062,-1.125,-1.438,22.93,-82.188,-5.562,-18.25,0.011,0.0,0.0,-0.43,0.16,9.41,-0.22,-0.1,-0.38,-0.21,0.28,9.8,0.1125,0.0,0.0,0.0,4.3,7.0,1016.66,67.3,-14.22
2025-03-24 18:35:42.993000+00:00,,,,,347.062,-1.125,-1.438,22.93,-82.188,-5.562,-18.25,0.011,0.0,0.0,-0.43,0.16,9.41,-0.22,-0.1,-0.38,-0.22,0.28,9.79,0.1125,0.0,0.0,0.0,4.3,7.0,1016.66,67.3,-14.22
2025-03-24 18:35:44.163000+00:00,,,,,347.062,-1.125,-1.438,22.93,-82.188,-5.562,-18.25,0.011,0.0,0.0,-0.43,0.16,9.41,-0.22,-0.1,-0.38,-0.22,0.27,9.8,0.1125,0.0,0.0,0.0,4.3,7.0,1016.66,67.3,-14.22
2025-03-24 18:35:45.170000+00:00,,,,,347.062,-1.125,-1.438,22.93,-82.188,-5.562,-18.25,0.011,0.0,0.0,-0.43,0.16,9.41,-0.22,-0.1,-0.38,-0.21,0.27,9.8,0.1125,0.0,0.0,0.0,4.3,7.0,1016.66,67.3,-14.22
2025-03-24 18:35:46.164000+00:00,,,,,347.062,-1.125,-1.438,22.93,-82.188,-5.562,-18.25,0.011,0.0,0.0,-0.43,0.16,9.41,-0.22,-0.1,-0.38,-0.2,0.26,9.8,0.1125,0.0,0.0,0.0,4.3,7.0,1016.66,67.3,-14.22
2025-03-24 18:35:47.229000+00:00,,,,,347.062,-1.125,-1.438,22.93,-82.188,-5.562,-18.25,0.011,0.0,0.0,-0.43,0.16,9.41,-0.22,-0.1,-0.38,-0.21,0.27,9.8,0.1125,0.0,0.0,0.0,4.3,7.0,1016.66,67.3,-14.22
2025-03-24 18:35:48.293000+00:00,,,,,347.062,-1.125,-1.438,22.93,-82.188,-5.562,-18.25,0.011,0.0,0.0,-0.43,0.16,9.41,-0.22,-0.1,-0.38,-0.22,0.26,9.8,0.1125,0.0,0.0,0.0,4.3,7.0,1016.66,67.3,-14.22
2025-03-24 18:35:49.320000+00:00,,,,,347.062,-1.125,-1.438,22.93,-82.188,-5.562,-18.25,0.011,0.0,0.0,-0.43,0.16,9.41,-0.22,-0.1,-0.38,-0.21,0.26,9.8,0.1125,0.0,0.0,0.0,4.3,7.0,1016.66,67.3,-14.22
2025-03-24 18:35:50.443000+00:00,,,,,347.062,-1.125,-1.438,22.93,-82.188,-5.562,-18.25,0.011,0.0,0.0,-0.43,0.16,9.41,-0.22,-0.1,-0.38,-0.22,0.27,9.8,0.1125,0.0,0.0,0.0,4.3,7.0,1016.66,67.3,-14.22
2025-03-24 18:35:51.193000+00:00,,,,,347.062,-1.125,-1.438,22.93,-82.188,-5.562,-18.25,0.011,0.0,0.0,-0.43,0.16,9.41,-0.22,-0.1,-0.38,-0.21,0.25,9.8,0.1125,0.0,0.0,0.0,4.3,7.0,1016.66,67.3,-14.22
2025-03-24 18:35:52.209000+00:00,,,,,347.062,-1.125,-1.438,22.93,-82.188,-5.562,-18.25,0.011,0.0,0.0,-0.43,0.16,9.41,-0.22,-0.1,-0.38,-0.2,0.24,9.8,0.1125,0.0,0.0,0.0,4.3,7.0,1016.66,67.3,-14.22
2025-03-24 18:35:53.202000+00:00,,,,,347.062,-1.125,-1.438,22.93,-82.188,-5.562,-18.25,0.011,0.0,0.0,-0.43,0.16,9.41,-0.22,-0.1,-0.38,-0.2,0.23,9.8,0.1125,0.0,0.0,0.0,4.3,7.0,1016.66,67.3,-14.22
2025-03-24 18:35:54.199000+00:00,,,,,347.062,-1.125,-1.438,22.93,-82.188,-5.562,-18.25,0.011,0.0,0.0,-0.43,0.16,9.41,-0.22,-0.1,-0.38,-0.19,0.24,9.8,0.1125,0.0,0.0,0.0,4.3,7.0,1016.66,67.3,-14.22
2025-03-24 18:35:55.179000+00:00,,,,,347.062,-1.125,-1.438,22.93,-82.188,-5.562,-18.25,0.011,0.0,0.0,-0.43,0.16,9.41,-0.22,-0.1,-0.38,-0.2,0.25,9.8,0.1125,0.0,0.0,0.0,4.3,7.0,1016.66,67.3,-14.22
2025-03-24 18:35:56.219000+00:00,,,,,347.062,-1.125,-1.438,22.93,-82.188,-5.562,-18.25,0.011,0.0,0.0,-0.43,0.16,9.41,-0.22,-0.1,-0.38,-0.2,0.25,9.8,0.1125,0.0,0.0,0.0,4.3,7.0,1016.66,67.3,-14.22
2025-03-24 18:35:57.223000+00:00,,,,,347.062,-1.125,-1.438,22.93,-82.188,-5.562,-18.25,0.011,0.0,0.0,-0.43,0.16,9.41,-0.22,-0.1,-0.38,-0.19,0.26,9.8,0.1125,0.0,0.0,0.0,4.3,7.0,1016.66,67.3,-14.22
2025-03-24 18:35:58.264000+00:00,,,,,347.062,-1.125,-1.438,22.93,-82.188,-5.562,-18.25,0.011,0.0,0.0,-0.43,0.16,9.41,-0.22,-0.1,-0.38,-0.2,0.28,9.8,0.1125,0.0,0.0,0.0,4.3,7.0,1016.66,67.3,-14.22
2025-03-24 18:35:59.413000+00:00,,,,,347.062,-1.125,-1.438,22.93,-82.188,-5.562,-18.25,0.011,0.0,0.0,-0.43,0.16,9.41,-0.22,-0.1,-0.38,-0.2,0.29,9.8,0.1125,0.0,0.0,0.0,4.3,7.0,1016.66,67.3,-14.22
2025-03-24 18:36:00.492000+00:00,,,,,347.062,-1.125,-1.438,22.93,-82.188,-5.562,-18.25,0.011,0.0,0.0,-0.43,0.16,9.41,-0.22,-0.1,-0.38,-0.19,0.28,9.8,0.1125,0.0,0.0,0.0,4.3,7.0,1016.66,67.3,-14.22
2025-03-24 18:36:01.243000+00:00,,,,,347.062,-1.125,-1.438,22.93,-82.188,-5.562,-18.25,0.011,0.0,0.0,-0.43,0.16,9.41,-0.22,-0.1,-0.38,-0.19,0.27,9.8,0.1125,0.0,0.0,0.0,4.3,7.0,1016.66,67.3,-14.22
2025-03-24 18:36:02.243000+00:00,,,,,347.062,-1.125,-1.438,22.93,-82.188,-5.562,-18.25,0.011,0.0,0.0,-0.43,0.16,9.41,-0.22,-0.1,-0.38,-0.18,0.27,9.8,0.1125,0.0,0.0,0.0,4.3,7.0,1016.66,67.3,-14.22
2025-03-24 18:36:03.253000+00:00,,,,,347.062,-1.125,-1.438,22.93,-82.188,-5.562,-18.25,0.011,0.0,0.0,-0.43,0.16,9.41,-0.22,-0.1,-0.38,-0.2,0.26,9.8,0.1125,0.0,0.0,0.0,4.3,7.0,1016.66,67.3,-14.22
2025-03-24 18:36:04.240000+00:00,,,,,347.062,-1.125,-1.438,22.93,-82.188,-5.562,-18.25,0.011,0.0,0.0,-0.43,0.16,9.41,-0.22,-0.1,-0.38,-0.2,0.25,9.8,0.1125,0.0,0.0,0.0,4.3,7.0,1016.66,67.3,-14.22
2025-03-24 18:36:05.249000+00:00,,,,,347.062,-1.125,-1.438,22.93,-82.188,-5.562,-18.25,0.011,0.0,0.0,-0.43,0.16,9.41,-0.22,-0.1,-0.38,-0.2,0.26,9.8,0.1125,0.0,0.0,0.0,4.3,7.0,1016.66,67.3,-14.22
2025-03-24 18:36:06.250000+00:00,,,,,347.062,-1.125,-1.438,22.93,-82.188,-5.562,-18.25,0.011,0.0,0.0,-0.43,0.16,9.41,-0.22,-0.1,-0.38,-0.19,0.26,9.8,0.1125,0.0,0.0,0.0,4.3,7.0,1016.66,67.3,-14.22
2025-03-24 18:36:07.252000+00:00,,,,,347.062,-1.125,-1.438,22.93,-82.188,-5.562,-18.25,0.011,0.0,0.0,-0.43,0.16,9.41,-0.22,-0.1,-0.38,-0.18,0.25,9.8,0.1125,0.0,0.0,0.0,4.3,7.0,1016.66,67.3,-14.22
2025-03-24 18:36:08.365000+00:00,,,,,347.062,-1.125,-1.438,22.93,-82.188,-5.562,-18.25,0.011,0.0,0.0,-0.43,0.16,9.41,-0.22,-0.1,-0.38,-0.19,0.26,9.8,0.1125,0.0,0.0,0.0,4.3,7.0,1016.66,67.3,-14.22
2025-03-24 18:36:09.279000+00:00,,,,,347.062,-1.125,-1.438,22.93,-82.188,-5.562,-18.25,0.011,0.0,0.0,-0.43,0.16,9.41,-0.22,-0.1,-0.38,-0.18,0.26,9.8,0.1125,0.0,0.0,0.0,4.3,7.0,1016.66,67.3,-14.22
2025-03-24 18:36:10.269000+00:00,,,,,347.062,-1.125,-1.438,22.93,-82.188,-5.562,-18.25,0.011,0.0,0.0,-0.43,0.16,9.41,-0.22,-0.1,-0.38,-0.18,0.25,9.8,0.1125,0.0,0.0,0.0,4.3,7.0,1016.66,67.3,-14.22
2025-03-24 18:36:11.273000+00:00,,,,,347.062,-1.125,-1.438,22.93,-82.188,-5.562,-18.25,0.011,0.0,0.0,-0.43,0.16,9.41,-0.22,-0.1,-0.38,-0.18,0.23,9.8,0.1125,0.0,0.0,0.0,4.3,7.0,1016.66,67.3,-14.22
2025-03-24 18:36:12.252000+00:00,,,,,347.062,-1.125,-1.438,22.93,-82.188,-5.562,-18.25,0.011,0.0,0.0,-0.43,0.16,9.41,-0.22,-0.1,-0.38,-0.18,0.22,9.8,0.1125,0.0,0.0,0.0,4.3,7.0,1016.66,67.3,-14.22
2025-03-24 18:36:13.271000+00:00,,,,,347.062,-1.125,-1.438,22.93,-82.188,-5.562,-18.25,0.011,0.0,0.0,-0.43,0.16,9.41,-0.22,-0.1,-0.38,-0.2,0.25,9.8,0.1125,0.0,0.0,0.0,4.3,7.0,1016.66,67.3,-14.22
2025-03-24 18:36:14.273000+00:00,,,,,347.062,-1.125,-1.438,22.93,-82.188,-5.562,-18.25,0.011,0.0,0.0,-0.43,0.16,9.41,-0.22,-0.1,-0.38,-0.2,0.26,9.8,0.1125,0.0,0.0,0.0,4.3,7.0,1016.66,67.3,-14.22
2025-03-24 18:35:15.795000+00:00,,,,,347.062,-1.125,-1.438,22.93,-82.188,-5.562,-18.25,0.011,0.0,0.0,-0.43,0.16,9.41,-0.22,-0.1,-0.38,-0.2,0.26,9.8,0.1125,0.0,0.0,0.0,4.3,7.0,1016.66,67.3,-14.22
2025-03-24 18:35:16.809000+00:00,,,,,347.062,-1.125,-1.438,22.93,-82.188,-5.562,-18.25,0.011,0.0,0.0,-0.43,0.16,9.41,-0.22,-0.1,-0.38,-0.2,0.26,9.8,0.16625,0.0,0.0,0.0,4.3,7.0,1016.66,67.3,-14.22
2025-03-24 18:35:17.805000+00:00,,,,,347.062,-1.125,-1.438,22.93,-82.188,-5.562,-18.25,0.011,0.0,0.0,-0.43,0.16,9.41,-0.22,-0.1,-0.38,-0.2,0.26,9.8,0.00375,0.0,0.0,0.0,4.3,7.0,1016.66,67.3,-14.22
2025-03-24 18:35:19+00:00,,,,,347.062,-1.125,-1.438,22.93,-82.188,-5.562,-18.25,0.011,0.0,0.0,-0.43,0.16,9.41,-0.22,-0.1,-0.38,-0.2,0.26,9.8,0.10875,0.0,0.0,0.0,4.3,7.0,1016.66,67.3,-14.22
2025-03-24 18:35:20.124000+00:00,,,,,347.062,-1.125,-1.438,22.93,-82.188,-5.562,-18.25,0.011,0.0,0.0,-0.43,0.16,9.41,-0.22,-0.1,-0.38,-0.2,0.26,9.8,0.165,0.0,0.0,0.0,4.3,7.0,1016.66,67.3,-14.22
2025-03-24 18:35:21.215000+00:00,,,,,347.062,-1.125,-1.438,22.93,-82.188,-5.562,-18.25,0.011,0.0,0.0,-0.43,0.16,9.41,-0.22,-0.1,-0.38,-0.2,0.26,9.8,0.14875,0.0,0.0,0.0,4.3,7.0,1016.66,67.3,-14.22
2025-03-24 18:35:22.191000+00:00,,,,,347.062,-1.125,-1.438,22.93,-82.188,-5.562,-18.25,0.011,0.0,0.0,-0.43,0.16,9.41,-0.22,-0.1,-0.38,-0.2,0.26,9.8,0.1525,0.0,0.0,0.0,4.3,7.0,1016.66,67.3,-14.22
2025-03-24 18:35:22.854000+00:00,,,,,347.062,-1.125,-1.438,22.93,-82.188,-5.562,-18.25,0.011,0.0,0.0,-0.43,0.16,9.41,-0.22,-0.1,-0.38,-0.2,0.26,9.8,0.19375,0.0,0.0,0.0,4.3,7.0,1016.66,67.3,-14.22
2025-03-24 18:35:23.911000+00:00,,,,,347.062,-1.125,-1.438,22.93,-82.188,-5.562,-18.25,0.011,0.0,0.0,-0.43,0.16,9.41,-0.22,-0.1,-0.38,-0.2,0.26,9.8,0.00875,0.0,0.0,0.0,4.3,7.0,1016.66,67.3,-14.22
2025-03-24 18:35:24.875000+00:00,,,,,347.062,-1.125,-1.438,22.93,-82.188,-5.562,-18.25,0.011,0.0,0.0,-0.43,0.16,9.41,-0.22,-0.1,-0.38,-0.2,0.26,9.8,0.135,0.0,0.0,0.0,4.3,7.0,1016.66,67.3,-14.22
2025-03-24 18:35:25.905000+00:00,,,,,347.062,-1.125,-1.438,22.93,-82.188,-5.562,-18.25,0.011,0.0,0.0,-0.43,0.16,9.41,-0.22,-0.1,-0.38,-0.2,0.26,9.8,0.16875,0.0,0.0,0.0,4.3,7.0,1016.66,67.3,-14.22
2025-03-24 18:35:26.925000+00:00,,,,,347.062,-1.125,-1.438,22.93,-82.188,-5.562,-18.25,0.011,0.0,0.0,-0.43,0.16,9.41,-0.22,-0.1,-0.38,-0.2,0.26,9.8,0.19625,0.0,0.0,0.0,4.3,7.0,1016.66,67.3,-14.22
2025-03-24 18:35:28.005000+00:00,,,,,347.062,-1.125,-1.438,22.93,-82.188,-5.562,-18.25,0.011,0.0,0.0,-0.43,0.16,9.41,-0.22,-0.1,-0.38,-0.2,0.26,9.8,0.10625,0.0,0.0,0.0,4.3,7.0,1016.66,67.3,-14.22
2025-03-24 18:35:28.994000+00:00,,,,,347.062,-1.125,-1.438,22.93,-82.188,-5.562,-18.25,0.011,0.0,0.0,-0.43,0.16,9.41,-0.22,-0.1,-0.38,-0.2,0.26,9.8,0.00375,0.0,0.0,0.0,4.3,7.0,1016.66,67.3,-14.22
2025-03-24 18:35:30.024000+00:00,,,,,347.062,-1.125,-1.438,22.93,-82.188,-5.562,-18.25,0.011,0.0,0.0,-0.43,0.16,9.41,-0.22,-0.1,-0.38,-0.2,0.26,9.8,0.0,0.0,0.0,0.0,4.3,7.0,1016.66,67.3,-14.22
2025-03-24 18:35:31.220000+00:00,,,,,347.062,-1.125,-1.438,22.93,-82.188,-5.562,-18.25,0.011,0.0,0.0,-0.43,0.16,9.41,-0.22,-0.1,-0.38,-0.2,0.26,9.8,0.00875,0.0,0.0,0.0,4.3,7.0,1016.66,67.3,-14.22
2025-03-24 18:35:32.034000+00:00,,,,,347.062,-1.125,-1.438,22.93,-82.188,-5.562,-18.25,0.011,0.0,0.0,-0.43,0.16,9.41,-0.22,-0.1,-0.38,-0.2,0.26,9.8,0.0575,0.0,0.0,0.0,4.3,7.0,1016.66,67.3,-14.22
2025-03-24 18:35:33.021000+00:00,,,,,347.062,-1.125,-1.438,22.93,-82.188,-5.562,-18.25,0.011,0.0,0.0,-0.43,0.16,9.41,-0.22,-0.1,-0.38,-0.2,0.26,9.8,0.07625,0.0,0.0,0.0,4.3,7.0,1016.66,67.3,-14.22
2025-03-24 18:35:34.017000+00:00,,,,,347.062,-1.125,-1.438,22.93,-82.188,-5.562,-18.25,0.011,0.0,0.0,-0.43,0.16,9.41,-0.22,-0.1,-0.38,-0.2,0.26,9.8,0.08875,0.0,0.0,0.0,4.3,7.0,1016.66,67.3,-14.22
2025-03-24 18:35:35.004000+00:00,,,,,347.062,-1.125,-1.438,22.93,-82.188,-5.562,-18.25,0.011,0.0,0.0,-0.43,0.16,9.41,-0.22,-0.1,-0.38,-0.2,0.26,9.8,0.1225,0.0,0.0,0.0,4.3,7.0,1016.66,67.3,-14.22
2025-03-24 18:35:36.034000+00:00,,,,,347.062,-1.125,-1.438,22.93,-82.188,-5.562,-18.25,0.011,0.0,0.0,-0.43,0.16,9.41,-0.22,-0.1,-0.38,-0.2,0.26,9.8,0.17250000000000001,0.0,0.0,0.0,4.3,7.0,1016.66,67.3,-14.22
2025-03-24 18:35:37.024000+00:00,,,,,347.062,-1.125,-1.438,22.93,-82.188,-5.562,-18.25,0.011,0.0,0.0,-0.43,0.16,9.41,-0.22,-0.1,-0.38,-0.2,0.26,9.8,0.19625,0.0,0.0,0.0,4.3,7.0,1016.66,67.3,-14.22
2025-03-24 18:35:38.084000+00:00,,,,,347.062,-1.125,-1.438,22.93,-82.188,-5.562,-18.25,0.011,0.0,0.0,-0.43,0.16,9.41,-0.22,-0.1,-0.38,-0.2,0.26,9.8,0.16,0.0,0.0,0.0,4.3,7.0,1016.66,67.3,-14.22
2025-03-24 18:35:39.078000+00:00,,,,,347.062,-1.125,-1.438,22.93,-82.188,-5.562,-18.25,0.011,0.0,0.0,-0.43,0.16,9.41,-0.22,-0.1,-0.38,-0.2,0.26,9.8,0.12375,0.0,0.0,0.0,4.3,7.0,1016.66,67.3,-14.22
2025-03-24 18:35:40.053000+00:00,,,,,347.062,-1.125,-1.438,22.93,-82.188,-5.562,-18.25,0.011,0.0,0.0,-0.43,0.16,9.41,-0.22,-0.1,-0.38,-0.2,0.26,9.8,0.0,0.0,0.0,0.0,4.3,7.0,1016.66,67.3,-14.22
2025-03-24 18:35:41.063000+00:00,,,,,347.062,-1.125,-1.438,22.93,-82.188,-5.562,-18.25,0.011,0.0,0.0,-0.43,0.16,9.41,-0.22,-0.1,-0.38,-0.2,0.26,9.8,0.19625,0.0,0.0,0.0,4.3,7.0,1016.66,67.3,-14.22
2025-03-24 18:35:42.103000+00:00,,,,,347.062,-1.125,-1.438,22.93,-82.188,-5.562,-18.25,0.011,0.0,0.0,-0.43,0.16,9.41,-0.22,-0.1,-0.38,-0.2,0.26,9.8,0.11750000000000001,0.0,0.0,0.0,4.3,7.0,1016.66,67.3,-14.22
2025-03-24 18:35:43.100000+00:00,,,,,347.062,-1.125,-1.438,22.93,-82.188,-5.562,-18.25,0.011,0.0,0.0,-0.43,0.16,9.41,-0.22,-0.1,-0.38,-0.2,0.26,9.8,0.13625,0.0,0.0,0.0,4.3,7.0,1016.66,67.3,-14.22
2025-03-24 18:35:44.066000+00:00,,,,,347.062,-1.125,-1.438,22.93,-82.188,-5.562,-18.25,0.011,0.0,0.0,-0.43,0.16,9.41,-0.22,-0.1,-0.38,-0.2,0.26,9.8,0.1,0.0,0.0,0.0,4.3,7.0,1016.66,67.3,-14.22
2025-03-24 18:35:44.899000+00:00,,,,,347.062,-1.125,-1.438,22.93,-82.188,-5.562,-18.25,0.011,0.0,0.0,-0.43,0.16,9.41,-0.22,-0.1,-0.38,-0.2,0.26,9.8,0.1775,0.0,0.0,0.0,4.3,7.0,1016.66,67.3,-14.22
2025-03-24 18:35:45.743000+00:00,,,,,347.062,-1.125,-1.438,22.93,-82.188,-5.562,-18.25,0.011,0.0,0.0,-0.43,0.16,9.41,-0.22,-0.1,-0.38,-0.2,0.26,9.8,0.058750000000000004,0.0,0.0,0.0,4.3,7.0,1016.66,67.3,-14.22
2025-03-24 18:35:46.763000+00:00,,,,,347.062,-1.125,-1.438,22.93,-82.188,-5.562,-18.25,0.011,0.0,0.0,-0.43,0.16,9.41,-0.22,-0.1,-0.38,-0.2,0.26,9.8,0.07,0.0,0.0,0.0,4.3,7.0,1016.66,67.3,-14.22
2025-03-24 18:35:47.889000+00:00,,,,,347.062,-1.125,-1.438,22.93,-82.188,-5.562,-18.25,0.011,0.0,0.0,-0.43,0.16,9.41,-0.22,-0.1,-0.38,-0.2,0.26,9.8,0.13,0.0,0.0,0.0,4.3,7.0,1016.66,67.3,-14.22
2025-03-24 18:35:48.859000+00:00,,,,,347.062,-1.125,-1.438,22.93,-82.188,-5.562,-18.25,0.011,0.0,0.0,-0.43,0.16,9.41,-0.22,-0.1,-0.38,-0.2,0.26,9.8,0.2125,0.0,0.0,0.0,4.3,7.0,1016.66,67.3,-14.22
2025-03-24 18:35:49.999000+00:00,,,,,347.062,-1.125,-1.438,22.93,-82.188,-5.562,-18.25,0.011,0.0,0.0,-0.43,0.16,9.41,-0.22,-0.1,-0.38,-0.2,0.26,9.8,0.14875,0.0,0.0,0.0,4.3,7.0,1016.66,67.3,-14.22
2025-03-24 18:35:50.763000+00:00,,,,,347.062,-1.125,-1.438,22.93,-82.188,-5.562,-18.25,0.011,0.0,0.0,-0.43,0.16,9.41,-0.22,-0.1,-0.38,-0.2,0.26,9.8,0.11125,0.0,0.0,0.0,4.3,7.0,1016.66,67.3,-14.22
2025-03-24 18:35:51.766000+00:00,,,,,347.062,-1.125,-1.438,22.93,-82.188,-5.562,-18.25,0.011,0.0,0.0,-0.43,0.16,9.41,-0.22,-0.1,-0.38,-0.2,0.26,9.8,0.0,0.0,0.0,0.0,4.3,7.0,1016.66,67.3,-14.22
2025-03-24 18:35:52.768000+00:00,,,,,347.062,-1.125,-1.438,22.93,-82.188,-5.562,-18.25,0.011,0.0,0.0,-0.43,0.16,9.41,-0.22,-0.1,-0.38,-0.2,0.26,9.8,0.00375,0.0,0.0,0.0,4.3,7.0,1016.66,67.3,-14.22
2025-03-24 18:35:53.773000+00:00,,,,,347.062,-1.125,-1.438,22.93,-82.188,-5.562,-18.25,0.011,0.0,0.0,-0.43,0.16,9.41,-0.22,-0.1,-0.38,-0.2,0.26,9.8,0.08375,0.0,0.0,0.0,4.3,7.0,1016.66,67.3,-14.22
2025-03-24 18:35:54.772000+00:00,,,,,347.062,-1.125,-1.438,22.93,-82.188,-5.562,-18.25,0.011,0.0,0.0,-0.43,0.16,9.41,-0.22,-0.1,-0.38,-0.2,0.26,9.8,0.06,0.0,0.0,0.0,4.3,7.0,1016.66,67.3,-14.22
2025-03-24 18:35:55.773000+00:00,,,,,347.062,-1.125,-1.438,22.93,-82.188,-5.562,-18.25,0.011,0.0,0.0,-0.43,0.16,9.41,-0.22,-0.1,-0.38,-0.2,0.26,9.8,0.058750000000000004,0.0,0.0,0.0,4.3,7.0,1016.66,67.3,-14.22
2025-03-24 18:35:56.783000+00:00,,,,,347.062,-1.125,-1.438,22.93,-82.188,-5.562,-18.25,0.011,0.0,0.0,-0.43,0.16,9.41,-0.22,-0.1,-0.38,-0.2,0.26,9.8,0.095,0.0,0.0,0.0,4.3,7.0,1016.66,67.3,-14.22
2025-03-24 18:35:57.866000+00:00,,,,,347.062,-1.125,-1.438,22.93,-82.188,-5.562,-18.25,0.011,0.0,0.0,-0.43,0.16,9.41,-0.22,-0.1,-0.38,-0.2,0.26,9.8,0.18625,0.0,0.0,0.0,4.3,7.0,1016.66,67.3,-14.22
2025-03-24 18:35:58.968000+00:00,,,,,347.062,-1.125,-1.438,22.93,-82.188,-5.562,-18.25,0.011,0.0,0.0,-0.43,0.16,9.41,-0.22,-0.1,-0.38,-0.2,0.26,9.8,0.1525,0.0,0.0,0.0,4.3,7.0,1016.66,67.3,-14.22
2025-03-24 18:35:59.843000+00:00,,,,,347.062,-1.125,-1.438,22.93,-82.188,-5.562,-18.25,0.011,0.0,0.0,-0.43,0.16,9.41,-0.22,-0.1,-0.38,-0.2,0.26,9.8,0.12125,0.0,0.0,0.0,4.3,7.0,1016.66,67.3,-14.22
2025-03-24 18:36:00.798000+00:00,,,,,347.062,-1.125,-1.438,22.93,-82.188,-5.562,-18.25,0.011,0.0,0.0,-0.43,0.16,9.41,-0.22,-0.1,-0.38,-0.2,0.26,9.8,0.01125,0.0,0.0,0.0,4.3,7.0,1016.66,67.3,-14.22
2025-03-24 18:36:01.814000+00:00,,,,,347.062,-1.125,-1.438,22.93,-82.188,-5.562,-18.25,0.011,0.0,0.0,-0.43,0.16,9.41,-0.22,-0.1,-0.38,-0.2,0.26,9.8,0.13125,0.0,0.0,0.0,4.3,7.0,1016.66,67.3,-14.22
2025-03-24 18:36:02.807000+00:00,,,,,347.062,-1.125,-1.438,22.93,-82.188,-5.562,-18.25,0.011,0.0,0.0,-0.43,0.16,9.41,-0.22,-0.1,-0.38,-0.2,0.26,9.8,0.05375,0.0,0.0,0.0,4.3,7.0,1016.66,67.3,-14.22
2025-03-24 18:36:03.812000+00:00,,,,,347.062,-1.125,-1.438,22.93,-82.188,-5.562,-18.25,0.011,0.0,0.0,-0.43,0.16,9.41,-0.22,-0.1,-0.38,-0.2,0.26,9.8,0.065,0.0,0.0,0.0,4.3,7.0,1016.66,67.3,-14.22
2025-03-24 18:36:04.813000+00:00,,,,,347.062,-1.125,-1.438,22.93,-82.188,-5.562,-18.25,0.011,0.0,0.0,-0.43,0.16,9.41,-0.22,-0.1,-0.38,-0.2,0.26,9.8,0.1225,0.0,0.0,0.0,4.3,7.0,1016.66,67.3,-14.22
2025-03-24 18:36:05.814000+00:00,,,,,347.062,-1.125,-1.438,22.93,-82.188,-5.562,-18.25,0.011,0.0,0.0,-0.43,0.16,9.41,-0.22,-0.1,-0.38,-0.2,0.26,9.8,0.20500000000000002,0.0,0.0,0.0,4.3,7.0,1016.66,67.3,-14.22
2025-03-24 18:36:06.828000+00:00,,,,,347.062,-1.125,-1.438,22.93,-82.188,-5.562,-18.25,0.011,0.0,0.0,-0.43,0.16,9.41,-0.22,-0.1,-0.38,-0.2,0.26,9.8,0.1525,0.0,0.0,0.0,4.3,7.0,1016.66,67.3,-14.22
2025-03-24 18:36:07.919000+00:00,,,,,347.062,-1.125,-1.438,22.93,-82.188,-5.562,-18.25,0.011,0.0,0.0,-0.43,0.16,9.41,-0.22,-0.1,-0.38,-0.2,0.26,9.8,0.12625,0.0,0.0,0.0,4.3,7.0,1016.66,67.3,-14.22
2025-03-24 18:36:08.842000+00:00,,,,,347.062,-1.125,-1.438,22.93,-82.188,-5.562,-18.25,0.011,0.0,0.0,-0.43,0.16,9.41,-0.22,-0.1,-0.38,-0.2,0.26,9.8,0.09,0.0,0.0,0.0,4.3,7.0,1016.66,67.3,-14.22
2025-03-24 18:36:09.834000+00:00,,,,,347.062,-1.125,-1.438,22.93,-82.188,-5.562,-18.25,0.011,0.0,0.0,-0.43,0.16,9.41,-0.22,-0.1,-0.38,-0.2,0.26,9.8,0.19,0.0,0.0,0.0,4.3,7.0,1016.66,67.3,-14.22
2025-03-24 18:36:10.836000+00:00,,,,,347.062,-1.125,-1.438,22.93,-82.188,-5.562,-18.25,0.011,0.0,0.0,-0.43,0.16,9.41,-0.22,-0.1,-0.38,-0.2,0.26,9.8,0.14625,0.0,0.0,0.0,4.3,7.0,1016.66,67.3,-14.22
2025-03-24 18:36:11.843000+00:00,,,,,347.062,-1.125,-1.438,22.93,-82.188,-5.562,-18.25,0.011,0.0,0.0,-0.43,0.16,9.41,-0.22,-0.1,-0.38,-0.2,0.26,9.8,0.11375,0.0,0.0,0.0,4.3,7.0,1016.66,67.3,-14.22
2025-03-24 18:36:12.841000+00:00,,,,,347.062,-1.125,-1.438,22.93,-82.188,-5.562,-18.25,0.011,0.0,0.0,-0.43,0.16,9.41,-0.22,-0.1,-0.38,-0.2,0.26,9.8,0.16125,0.0,0.0,0.0,4.3,7.0,1016.66,67.3,-14.22
2025-03-24 18:36:13.849000+00:00,,,,,347.062,-1.125,-1.438,22.93,-82.188,-5.562,-18.25,0.011,0.0,0.0,-0.43,0.16,9.41,-0.22,-0.1,-0.38,-0.2,0.26,9.8,0.20500000000000002,0.0,0.0,0.0,4.3,7.0,1016.66,67.3,-14.22
2025-03-24 18:35:15.745000+00:00,,,,,347.062,-1.125,-1.438,22.93,-82.188,-5.562,-18.25,0.011,0.0,0.0,-0.43,0.16,9.41,-0.22,-0.1,-0.38,-0.2,0.26,9.8,0.20500000000000002,0.0,0.0,0.0,4.3,7.0,1016.66,67.3,-14.22
2025-03-24 18:35:16.752000+00:00,,,,,347.062,-1.125,-1.438,22.93,-82.188,-5.562,-18.25,0.011,0.0,0.0,-0.43,0.16,9.41,-0.22,-0.1,-0.38,-0.2,0.26,9.8,0.20500000000000002,-1.25,0.0,0.0,4.3,7.0,1016.66,67.3,-14.22
2025-03-24 18:35:17.755000+00:00,,,,,347.062,-1.125,-1.438,22.93,-82.188,-5.562,-18.25,0.011,0.0,0.0,-0.43,0.16,9.41,-0.22,-0.1,-0.38,-0.2,0.26,9.8,0.20500000000000002,0.0,0.0,0.0,4.3,7.0,1016.66,67.3,-14.22
2025-03-24 18:35:18.946000+00:00,,,,,347.062,-1.125,-1.438,22.93,-82.188,-5.562,-18.25,0.011,0.0,0.0,-0.43,0.16,9.41,-0.22,-0.1,-0.38,-0.2,0.26,9.8,0.20500000000000002,-1.25,0.0,0.0,4.3,7.0,1016.66,67.3,-14.22
2025-03-24 18:35:20.076000+00:00,,,,,347.062,-1.125,-1.438,22.93,-82.188,-5.562,-18.25,0.011,0.0,0.0,-0.43,0.16,9.41,-0.22,-0.1,-0.38,-0.2,0.26,9.8,0.20500000000000002,0.0,0.0,0.0,4.3,7.0,1016.66,67.3,-14.22
2025-03-24 18:35:21.161000+00:00,,,,,347.062,-1.125,-1.438,22.93,-82.188,-5.562,-18.25,0.011,0.0,0.0,-0.43,0.16,9.41,-0.22,-0.1,-0.38,-0.2,0.26,9.8,0.20500000000000002,-1.25,0.0,0.0,4.3,7.0,1016.66,67.3,-14.22
2025-03-24 18:35:22.135000+00:00,,,,,347.062,-1.125,-1.438,22.93,-82.188,-5.562,-18.25,0.011,0.0,0.0,-0.43,0.16,9.41,-0.22,-0.1,-0.38,-0.2,0.26,9.8,0.20500000000000002,0.0,0.0,0.0,4.3,7.0,1016.66,67.3,-14.22
2025-03-24 18:35:22.805000+00:00,,,,,347.062,-1.125,-1.438,22.93,-82.188,-5.562,-18.25,0.011,0.0,0.0,-0.43,0.16,9.41,-0.22,-0.1,-0.38,-0.2,0.26,9.8,0.20500000000000002,1.25,0.0,0.0,4.3,7.0,1016.66,67.3,-14.22
2025-03-24 18:35:23.856000+00:00,,,,,347.062,-1.125,-1.438,22.93,-82.188,-5.562,-18.25,0.011,0.0,0.0,-0.43,0.16,9.41,-0.22,-0.1,-0.38,-0.2,0.26,9.8,0.20500000000000002,0.0,0.0,0.0,4.3,7.0,1016.66,67.3,-14.22
2025-03-24 18:35:24.824000+00:00,,,,,347.062,-1.125,-1.438,22.93,-82.188,-5.562,-18.25,0.011,0.0,0.0,-0.43,0.16,9.41,-0.22,-0.1,-0.38,-0.2,0.26,9.8,0.20500000000000002,0.0,0.0,0.0,4.3,7.0,1016.66,67.3,-14.22
2025-03-24 18:35:25.854000+00:00,,,,,347.062,-1.125,-1.438,22.93,-82.188,-5.562,-18.25,0.011,0.0,0.0,-0.43,0.16,9.41,-0.22,-0.1,-0.38,-0.2,0.26,9.8,0.20500000000000002,-1.25,0.0,0.0,4.3,7.0,1016.66,67.3,-14.22
2025-03-24 18:35:26.874000+00:00,,,,,347.062,-1.125,-1.438,22.93,-82.188,-5.562,-18.25,0.011,0.0,0.0,-0.43,0.16,9.41,-0.22,-0.1,-0.38,-0.2,0.26,9.8,0.20500000000000002,1.25,0.0,0.0,4.3,7.0,1016.66,67.3,-14.22
2025-03-24 18:35:27.902000+00:00,,,,,347.062,-1.125,-1.438,22.93,-82.188,-5.562,-18.25,0.011,0.0,0.0,-0.43,0.16,9.41,-0.22,-0.1,-0.38,-0.2,0.26,9.8,0.20500000000000002,1.25,0.0,0.0,4.3,7.0,1016.66,67.3,-14.22
2025-03-24 18:35:28.944000+00:00,,,,,347.062,-1.125,-1.438,22.93,-82.188,-5.562,-18.25,0.011,0.0,0.0,-0.43,0.16,9.41,-0.22,-0.1,-0.38,-0.2,0.26,9.8,0.20500000000000002,-1.25,0.0,0.0,4.3,7.0,1016.66,67.3,-14.22
2025-03-24 18:35:29.973000+00:00,,,,,347.062,-1.125,-1.438,22.93,-82.188,-5.562,-18.25,0.011,0.0,0.0,-0.43,0.16,9.41,-0.22,-0.1,-0.38,-0.2,0.26,9.8,0.20500000000000002,0.0,0.0,0.0,4.3,7.0,1016.66,67.3,-14.22
2025-03-24 18:35:31.161000+00:00,,,,,347.062,-1.125,-1.438,22.93,-82.188,-5.562,-18.25,0.011,0.0,0.0,-0.43,0.16,9.41,-0.22,-0.1,-0.38,-0.2,0.26,9.8,0.20500000000000002,1.25,0.0,0.0,4.3,7.0,1016.66,67.3,-14.22
2025-03-24 18:35:31.984000+00:00,,,,,347.062,-1.125,-1.438,22.93,-82.188,-5.562,-18.25,0.011,0.0,0.0,-0.43,0.16,9.41,-0.22,-0.1,-0.38,-0.2,0.26,9.8,0.20500000000000002,0.0,0.0,0.0,4.3,7.0,1016.66,67.3,-14.22
2025-03-24 18:35:32.965000+00:00,,,,,347.062,-1.125,-1.438,22.93,-82.188,-5.562,-18.25,0.011,0.0,0.0,-0.43,0.16,9.41,-0.22,-0.1,-0.38,-0.2,0.26,9.8,0.20500000000000002,0.0,0.0,0.0,4.3,7.0,1016.66,67.3,-14.22
2025-03-24 18:35:33.962000+00:00,,,,,347.062,-1.125,-1.438,22.93,-82.188,-5.562,-18.25,0.011,0.0,0.0,-0.43,0.16,9.41,-0.22,-0.1,-0.38,-0.2,0.26,9.8,0.20500000000000002,1.25,0.0,0.0,4.3,7.0,1016.66,67.3,-14.22
2025-03-24 18:35:34.954000+00:00,,,,,347.062,-1.125,-1.438,22.93,-82.188,-5.562,-18.25,0.011,0.0,0.0,-0.43,0.16,9.41,-0.22,-0.1,-0.38,-0.2,0.26,9.8,0.20500000000000002,-1.25,0.0,0.0,4.3,7.0,1016.66,67.3,-14.22
2025-03-24 18:35:35.984000+00:00,,,,,347.062,-1.125,-1.438,22.93,-82.188,-5.562,-18.25,0.011,0.0,0.0,-0.43,0.16,9.41,-0.22,-0.1,-0.38,-0.2,0.26,9.8,0.20500000000000002,-2.5,0.0,0.0,4.3,7.0,1016.66,67.3,-14.22
2025-03-24 18:35:36.977000+00:00,,,,,347.062,-1.125,-1.438,22.93,-82.188,-5.562,-18.25,0.011,0.0,0.0,-0.43,0.16,9.41,-0.22,-0.1,-0.38,-0.2,0.26,9.8,0.20500000000000002,0.0,0.0,0.0,4.3,7.0,1016.66,67.3,-14.22
2025-03-24 18:35:38.033000+00:00,,,,,347.062,-1.125,-1.438,22.93,-82.188,-5.562,-18.25,0.011,0.0,0.0,-0.43,0.16,9.41,-0.22,-0.1,-0.38,-0.2,0.26,9.8,0.20500000000000002,-2.5,0.0,0.0,4.3,7.0,1016.66,67.3,-14.22
2025-03-24 18:35:39.020000+00:00,,,,,347.062,-1.125,-1.438,22.93,-82.188,-5.562,-18.25,0.011,0.0,0.0,-0.43,0.16,9.41,-0.22,-0.1,-0.38,-0.2,0.26,9.8,0.20500000000000002,0.0,0.0,0.0,4.3,7.0,1016.66,67.3,-14.22
2025-03-24 18:35:40.003000+00:00,,,,,347.062,-1.125,-1.438,22.93,-82.188,-5.562,-18.25,0.011,0.0,0.0,-0.43,0.16,9.41,-0.22,-0.1,-0.38,-0.2,0.26,9.8,0.20500000000000002,0.0,0.0,0.0,4.3,7.0,1016.66,67.3,-14.22
2025-03-24 18:35:41.013000+00:00,,,,,347.062,-1.125,-1.438,22.93,-82.188,-5.562,-18.25,0.011,0.0,0.0,-0.43,0.16,9.41,-0.22,-0.1,-0.38,-0.2,0.26,9.8,0.20500000000000002,0.0,0.0,0.0,4.3,7.0,1016.66,67.3,-14.22
2025-03-24 18:35:42.047000+00:00,,,,,347.062,-1.125,-1.438,22.93,-82.188,-5.562,-18.25,0.011,0.0,0.0,-0.43,0.16,9.41,-0.22,-0.1,-0.38,-0.2,0.26,9.8,0.20500000000000002,0.0,0.0,0.0,4.3,7.0,1016.66,67.3,-14.22
2025-03-24 18:35:43.044000+00:00,,,,,347.062,-1.125,-1.438,22.93,-82.188,-5.562,-18.25,0.011,0.0,0.0,-0.43,0.16,9.41,-0.22,-0.1,-0.38,-0.2,0.26,9.8,0.20500000000000002,0.0,0.0,0.0,4.3,7.0,1016.66,67.3,-14.22
2025-03-24 18:35:44.010000+00:00,,,,,347.062,-1.125,-1.438,22.93,-82.188,-5.562,-18.25,0.011,0.0,0.0,-0.43,0.16,9.41,-0.22,-0.1,-0.38,-0.2,0.26,9.8,0.20500000000000002,0.0,0.0,0.0,4.3,7.0,1016.66,67.3,-14.22
2025-03-24 18:35:44.840000+00:00,,,,,347.062,-1.125,-1.438,22.93,-82.188,-5.562,-18.25,0.011,0.0,0.0,-0.43,0.16,9.41,-0.22,-0.1,-0.38,-0.2,0.26,9.8,0.20500000000000002,1.25,0.0,0.0,4.3,7.0,1016.66,67.3,-14.22
2025-03-24 18:35:45.690000+00:00,,,,,347.062,-1.125,-1.438,22.93,-82.188,-5.562,-18.25,0.011,0.0,0.0,-0.43,0.16,9.41,-0.22,-0.1,-0.38,-0.2,0.26,9.8,0.20500000000000002,-1.25,0.0,0.0,4.3,7.0,1016.66,67.3,-14.22
2025-03-24 18:35:46.704000+00:00,,,,,347.062,-1.125,-1.438,22.93,-82.188,-5.562,-18.25,0.011,0.0,0.0,-0.43,0.16,9.41,-0.22,-0.1,-0.38,-0.2,0.26,9.8,0.20500000000000002,0.0,0.0,0.0,4.3,7.0,1016.66,67.3,-14.22
2025-03-24 18:35:47.829000+00:00,,,,,347.062,-1.125,-1.438,22.93,-82.188,-5.562,-18.25,0.011,0.0,0.0,-0.43,0.16,9.41,-0.22,-0.1,-0.38,-0.2,0.26,9.8,0.20500000000000002,1.25,0.0,0.0,4.3,7.0,1016.66,67.3,-14.22
2025-03-24 18:35:48.803000+00:00,,,,,347.062,-1.125,-1.438,22.93,-82.188,-5.562,-18.25,0.011,0.0,0.0,-0.43,0.16,9.41,-0.22,-0.1,-0.38,-0.2,0.26,9.8,0.20500000000000002,0.0,0.0,0.0,4.3,7.0,1016.66,67.3,-14.22
2025-03-24 18:35:49.942000+00:00,,,,,347.062,-1.125,-1.438,22.93,-82.188,-5.562,-18.25,0.011,0.0,0.0,-0.43,0.16,9.41,-0.22,-0.1,-0.38,-0.2,0.26,9.8,0.20500000000000002,0.0,0.0,0.0,4.3,7.0,1016.66,67.3,-14.22
2025-03-24 18:35:50.708000+00:00,,,,,347.062,-1.125,-1.438,22.93,-82.188,-5.562,-18.25,0.011,0.0,0.0,-0.43,0.16,9.41,-0.22,-0.1,-0.38,-0.2,0.26,9.8,0.20500000000000002,0.0,0.0,0.0,4.3,7.0,1016.66,67.3,-14.22
2025-03-24 18:35:51.712000+00:00,,,,,347.062,-1.125,-1.438,22.93,-82.188,-5.562,-18.25,0.011,0.0,0.0,-0.43,0.16,9.41,-0.22,-0.1,-0.38,-0.2,0.26,9.8,0.20500000000000002,0.0,0.0,0.0,4.3,7.0,1016.66,67.3,-14.22
2025-03-24 18:35:52.716000+00:00,,,,,347.062,-1.125,-1.438,22.93,-82.188,-5.562,-18.25,0.011,0.0,0.0,-0.43,0.16,9.41,-0.22,-0.1,-0.38,-0.2,0.26,9.8,0.20500000000000002,0.0,0.0,0.0,4.3,7.0,1016.66,67.3,-14.22
2025-03-24 18:35:53.719000+00:00,,,,,347.062,-1.125,-1.438,22.93,-82.188,-5.562,-18.25,0.011,0.0,0.0,-0.43,0.16,9.41,-0.22,-0.1,-0.38,-0.2,0.26,9.8,0.20500000000000002,0.0,0.0,0.0,4.3,7.0,1016.66,67.3,-14.22
2025-03-24 18:35:54.723000+00:00,,,,,347.062,-1.125,-1.438,22.93,-82.188,-5.562,-18.25,0.011,0.0,0.0,-0.43,0.16,9.41,-0.22,-0.1,-0.38,-0.2,0.26,9.8,0.20500000000000002,0.0,0.0,0.0,4.3,7.0,1016.66,67.3,-14.22
2025-03-24 18:35:55.726000+00:00,,,,,347.062,-1.125,-1.438,22.93,-82.188,-5.562,-18.25,0.011,0.0,0.0,-0.43,0.16,9.41,-0.22,-0.1,-0.38,-0.2,0.26,9.8,0.20500000000000002,1.25,0.0,0.0,4.3,7.0,1016.66,67.3,-14.22
2025-03-24 18:35:56.731000+00:00,,,,,347.062,-1.125,-1.438,22.93,-82.188,-5.562,-18.25,0.011,0.0,0.0,-0.43,0.16,9.41,-0.22,-0.1,-0.38,-0.2,0.26,9.8,0.20500000000000002,0.0,0.0,0.0,4.3,7.0,1016.66,67.3,-14.22
2025-03-24 18:35:57.811000+00:00,,,,,347.062,-1.125,-1.438,22.93,-82.188,-5.562,-18.25,0.011,0.0,0.0,-0.43,0.16,9.41,-0.22,-0.1,-0.38,-0.2,0.26,9.8,0.20500000000000002,0.0,0.0,0.0,4.3,7.0,1016.66,67.3,-14.22
2025-03-24 18:35:58.912000+00:00,,,,,347.062,-1.125,-1.438,22.93,-82.188,-5.562,-18.25,0.011,0.0,0.0,-0.43,0.16,9.41,-0.22,-0.1,-0.38,-0.2,0.26,9.8,0.20500000000000002,0.0,0.0,0.0,4.3,7.0,1016.66,67.3,-14.22
2025-03-24 18:35:59.792000+00:00,,,,,347.062,-1.125,-1.438,22.93,-82.188,-5.562,-18.25,0.011,0.0,0.0,-0.43,0.16,9.41,-0.22,-0.1,-0.38,-0.2,0.26,9.8,0.20500000000000002,1.25,0.0,0.0,4.3,7.0,1016.66,67.3,-14.22
2025-03-24 18:36:00.747000+00:00,,,,,347.062,-1.125,-1.438,22.93,-82.188,-5.562,-18.25,0.011,0.0,0.0,-0.43,0.16,9.41,-0.22,-0.1,-0.38,-0.2,0.26,9.8,0.20500000000000002,-1.25,0.0,0.0,4.3,7.0,1016.66,67.3,-14.22
2025-03-24 18:36:01.750000+00:00,,,,,347.062,-1.125,-1.438,22.93,-82.188,-5.562,-18.25,0.011,0.0,0.0,-0.43,0.16,9.41,-0.22,-0.1,-0.38,-0.2,0.26,9.8,0.20500000000000002,1.25,0.0,0.0,4.3,7.0,1016.66,67.3,-14.22
2025-03-24 18:36:02.754000+00:00,,,,,347.062,-1.125,-1.438,22.93,-82.188,-5.562,-18.25,0.011,0.0,0.0,-0.43,0.16,9.41,-0.22,-0.1,-0.38,-0.2,0.26,9.8,0.20500000000000002,0.0,0.0,0.0,4.3,7.0,1016.66,67.3,-14.22
2025-03-24 18:36:03.758000+00:00,,,,,347.062,-1.125,-1.438,22.93,-82.188,-5.562,-18.25,0.011,0.0,0.0,-0.43,0.16,9.41,-0.22,-0.1,-0.38,-0.2,0.26,9.8,0.20500000000000002,1.25,0.0,0.0,4.3,7.0,1016.66,67.3,-14.22
2025-03-24 18:36:04.762000+00:00,,,,,347.062,-1.125,-1.438,22.93,-82.188,-5.562,-18.25,0.011,0.0,0.0,-0.43,0.16,9.41,-0.22,-0.1,-0.38,-0.2,0.26,9.8,0.20500000000000002,0.0,0.0,0.0,4.3,7.0,1016.66,67.3,-14.22
2025-03-24 18:36:05.765000+00:00,,,,,347.062,-1.125,-1.438,22.93,-82.188,-5.562,-18.25,0.011,0.0,0.0,-0.43,0.16,9.41,-0.22,-0.1,-0.38,-0.2,0.26,9.8,0.20500000000000002,0.0,0.0,0.0,4.3,7.0,1016.66,67.3,-14.22
2025-03-24 18:36:06.769000+00:00,,,,,347.062,-1.125,-1.438,22.93,-82.188,-5.562,-18.25,0.011,0.0,0.0,-0.43,0.16,9.41,-0.22,-0.1,-0.38,-0.2,0.26,9.8,0.20500000000000002,0.0,0.0,0.0,4.3,7.0,1016.66,67.3,-14.22
2025-03-24 18:36:07.858000+00:00,,,,,347.062,-1.125,-1.438,22.93,-82.188,-5.562,-18.25,0.011,0.0,0.0,-0.43,0.16,9.41,-0.22,-0.1,-0.38,-0.2,0.26,9.8,0.20500000000000002,0.0,0.0,0.0,4.3,7.0,1016.66,67.3,-14.22
2025-03-24 18:36:08.778000+00:00,,,,,347.062,-1.125,-1.438,22.93,-82.188,-5.562,-18.25,0.011,0.0,0.0,-0.43,0.16,9.41,-0.22,-0.1,-0.38,-0.2,0.26,9.8,0.20500000000000002,1.25,0.0,0.0,4.3,7.0,1016.66,67.3,-14.22
2025-03-24 18:36:09.782000+00:00,,,,,347.062,-1.125,-1.438,22.93,-82.188,-5.562,-18.25,0.011,0.0,0.0,-0.43,0.16,9.41,-0.22,-0.1,-0.38,-0.2,0.26,9.8,0.20500000000000002,0.0,0.0,0.0,4.3,7.0,1016.66,67.3,-14.22
2025-03-24 18:36:10.785000+00:00,,,,,347.062,-1.125,-1.438,22.93,-82.188,-5.562,-18.25,0.011,0.0,0.0,-0.43,0.16,9.41,-0.22,-0.1,-0.38,-0.2,0.26,9.8,0.20500000000000002,-1.25,0.0,0.0,4.3,7.0,1016.66,67.3,-14.22
2025-03-24 18:36:11.789000+00:00,,,,,347.062,-1.125,-1.438,22.93,-82.188,-5.562,-18.25,0.011,0.0,0.0,-0.43,0.16,9.41,-0.22,-0.1,-0.38,-0.2,0.26,9.8,0.20500000000000002,0.0,0.0,0.0,4.3,7.0,1016.66,67.3,-14.22
2025-03-24 18:36:12.792000+00:00,,,,,347.062,-1.125,-1.438,22.93,-82.188,-5.562,-18.25,0.011,0.0,0.0,-0.43,0.16,9.41,-0.22,-0.1,-0.38,-0.2,0.26,9.8,0.20500000000000002,-1.25,0.0,0.0,4.3,7.0,1016.66,67.3,-14.22
2025-03-24 18:36:13.796000+00:00,,,,,347.062,-1.125,-1.438,22.93,-82.188,-5.562,-18.25,0.011,0.0,0.0,-0.43,0.16,9.41,-0.22,-0.1,-0.38,-0.2,0.26,9.8,0.20500000000000002,1.25,0.0,0.0,4.3,7.0,1016.66,67.3,-14.22
2025-03-24 18:36:14.841000+00:00,,,,,347.062,-1.125,-1.438,22.93,-82.188,-5.562,-18.25,0.011,0.0,0.0,-0.43,0.16,9.41,-0.22,-0.1,-0.38,-0.2,0.26,9.8,0.20500000000000002,-1.25,0.0,0.0,4.3,7.0,1016.66,67.3,-14.22
2025-03-24 18:35:15.845000+00:00,,,,,347.062,-1.125,-1.438,22.93,-82.188,-5.562,-18.25,0.011,0.0,0.0,-0.43,0.16,9.41,-0.22,-0.1,-0.38,-0.2,0.26,9.8,0.20500000000000002,-1.25,0.0,0.0,4.3,7.0,1016.66,67.3,-14.22
2025-03-24 18:35:16.855000+00:00,,,,,347.062,-1.125,-1.438,22.93,-82.188,-5.562,-18.25,0.011,0.0,0.0,-0.43,0.16,9.41,-0.22,-0.1,-0.38,-0.2,0.26,9.8,0.20500000000000002,-1.25,0.0,0.0,4.3,7.0,1016.66,67.3,-14.22
2025-03-24 18:35:17.865000+00:00,,,,,347.062,-1.125,-1.438,22.93,-82.188,-5.562,-18.25,0.011,0.0,0.0,-0.43,0.16,9.41,-0.22,-0.1,-0.38,-0.2,0.26,9.8,0.20500000000000002,-1.25,0.0,0.0,4.3,7.0,1016.66,67.3,-14.22
2025-03-24 18:35:19.051000+00:00,,,,,347.062,-1.125,-1.438,22.93,-82.188,-5.562,-18.25,0.011,0.0,0.0,-0.43,0.16,9.41,-0.22,-0.1,-0.38,-0.2,0.26,9.8,0.20500000000000002,-1.25,0.0,0.0,4.3,7.0,1016.66,67.3,-14.22
2025-03-24 18:35:20.175000+00:00,,,,,347.062,-1.125,-1.438,22.93,-82.188,-5.562,-18.25,0.011,0.0,0.0,-0.43,0.16,9.41,-0.22,-0.1,-0.38,-0.2,0.26,9.8,0.20500000000000002,-1.25,0.0,0.0,4.3,7.0,1016.66,67.3,-14.22
2025-03-24 18:35:21.266000+00:00,,,,,347.062,-1.125,-1.438,22.93,-82.188,-5.562,-18.25,0.011,0.0,0.0,-0.43,0.16,9.41,-0.22,-0.1,-0.38,-0.2,0.26,9.8,0.20500000000000002,-1.25,0.0,0.0,4.3,7.0,1016.66,67.3,-14.22
2025-03-24 18:35:22.251000+00:00,,,,,347.062,-1.125,-1.438,22.93,-82.188,-5.562,-18.25,0.011,0.0,0.0,-0.43,0.16,9.41,-0.22,-0.1,-0.38,-0.2,0.26,9.8,0.20500000000000002,-1.25,0.0,0.0,4.3,7.0,1016.66,67.3,-14.22
2025-03-24 18:35:22.904000+00:00,,,,,347.062,-1.125,-1.438,22.93,-82.188,-5.562,-18.25,0.011,0.0,0.0,-0.43,0.16,9.41,-0.22,-0.1,-0.38,-0.2,0.26,9.8,0.20500000000000002,-1.25,0.0,0.0,4.3,7.0,1016.66,67.3,-14.22
2025-03-24 18:35:23.971000+00:00,,,,,347.062,-1.125,-1.438,22.93,-82.188,-5.562,-18.25,0.011,0.0,0.0,-0.43,0.16,9.41,-0.22,-0.1,-0.38,-0.2,0.26,9.8,0.20500000000000002,-1.25,0.0,0.0,4.3,7.0,1016.66,67.3,-14.22
2025-03-24 18:35:24.931000+00:00,,,,,347.062,-1.125,-1.438,22.93,-82.188,-5.562,-18.25,0.011,0.0,0.0,-0.43,0.16,9.41,-0.22,-0.1,-0.38,-0.2,0.26,9.8,0.20500000000000002,-1.25,0.0,0.0,4.3,7.0,1016.66,67.3,-14.22
2025-03-24 18:35:25.955000+00:00,,,,,347.062,-1.125,-1.438,22.93,-82.188,-5.562,-18.25,0.011,0.0,0.0,-0.43,0.16,9.41,-0.22,-0.1,-0.38,-0.2,0.26,9.8,0.20500000000000002,-1.25,0.0,0.0,4.3,7.0,1016.66,67.3,-14.22
2025-03-24 18:35:26.974000+00:00,,,,,347.062,-1.125,-1.438,22.93,-82.188,-5.562,-18.25,0.011,0.0,0.0,-0.43,0.16,9.41,-0.22,-0.1,-0.38,-0.2,0.26,9.8,0.20500000000000002,-1.25,0.0,0.0,4.3,7.0,1016.66,67.3,-14.22
2025-03-24 18:35:28.060000+00:00,,,,,347.062,-1.125,-1.438,22.93,-82.188,-5.562,-18.25,0.011,0.0,0.0,-0.43,0.16,9.41,-0.22,-0.1,-0.38,-0.2,0.26,9.8,0.20500000000000002,-1.25,0.0,0.0,4.3,7.0,1016.66,67.3,-14.22
2025-03-24 18:35:29.044000+00:00,,,,,347.062,-1.125,-1.438,22.93,-82.188,-5.562,-18.25,0.011,0.0,0.0,-0.43,0.16,9.41,-0.22,-0.1,-0.38,-0.2,0.26,9.8,0.20500000000000002,-1.25,0.0,0.0,4.3,7.0,1016.66,67.3,-14.22
2025-03-24 18:35:30.075000+00:00,,,,,347.062,-1.125,-1.438,22.93,-82.188,-5.562,-18.25,0.011,0.0,0.0,-0.43,0.16,9.41,-0.22,-0.1,-0.38,-0.2,0.26,9.8,0.20500000000000002,-1.25,0.0,0.0,4.3,7.0,1016.66,67.3,-14.22
2025-03-24 18:35:31.280000+00:00,,,,,347.062,-1.125,-1.438,22.93,-82.188,-5.562,-18.25,0.011,0.0,0.0,-0.43,0.16,9.41,-0.22,-0.1,-0.38,-0.2,0.26,9.8,0.20500000000000002,-1.25,0.0,0.0,4.3,7.0,1016.66,67.3,-14.22
2025-03-24 18:35:32.090000+00:00,,,,,347.062,-1.125,-1.438,22.93,-82.188,-5.562,-18.25,0.011,0.0,0.0,-0.43,0.16,9.41,-0.22,-0.1,-0.38,-0.2,0.26,9.8,0.20500000000000002,-1.25,0.0,0.0,4.3,7.0,1016.66,67.3,-14.22
2025-03-24 18:35:33.074000+00:00,,,,,347.062,-1.125,-1.438,22.93,-82.188,-5.562,-18.25,0.011,0.0,0.0,-0.43,0.16,9.41,-0.22,-0.1,-0.38,-0.2,0.26,9.8,0.20500000000000002,-1.25,0.0,0.0,4.3,7.0,1016.66,67.3,-14.22
2025-03-24 18:35:34.064000+00:00,,,,,347.062,-1.125,-1.438,22.93,-82.188,-5.562,-18.25,0.011,0.0,0.0,-0.43,0.16,9.41,-0.22,-0.1,-0.38,-0.2,0.26,9.8,0.20500000000000002,-1.25,0.0,0.0,4.3,7.0,1016.66,67.3,-14.22
2025-03-24 18:35:35.060000+00:00,,,,,347.062,-1.125,-1.438,22.93,-82.188,-5.562,-18.25,0.011,0.0,0.0,-0.43,0.16,9.41,-0.22,-0.1,-0.38,-0.2,0.26,9.8,0.20500000000000002,-1.25,0.0,0.0,4.3,7.0,1016.66,67.3,-14.22
2025-03-24 18:35:36.084000+00:00,,,,,347.062,-1.125,-1.438,22.93,-82.188,-5.562,-18.25,0.011,0.0,0.0,-0.43,0.16,9.41,-0.22,-0.1,-0.38,-0.2,0.26,9.8,0.20500000000000002,-1.25,0.0,0.0,4.3,7.0,1016.66,67.3,-14.22
2025-03-24 18:35:37.074000+00:00,,,,,347.062,-1.125,-1.438,22.93,-82.188,-5.562,-18.25,0.011,0.0,0.0,-0.43,0.16,9.41,-0.22,-0.1,-0.38,-0.2,0.26,9.8,0.20500000000000002,-1.25,0.0,0.0,4.3,7.0,1016.66,67.3,-14.22
2025-03-24 18:35:38.139000+00:00,,,,,347.062,-1.125,-1.438,22.93,-82.188,-5.562,-18.25,0.011,0.0,0.0,-0.43,0.16,9.41,-0.22,-0.1,-0.38,-0.2,0.26,9.8,0.20500000000000002,-1.25,0.0,0.0,4.3,7.0,1016.66,67.3,-14.22
2025-03-24 18:35:39.128000+00:00,,,,,347.062,-1.125,-1.438,22.93,-82.188,-5.562,-18.25,0.011,0.0,0.0,-0.43,0.16,9.41,-0.22,-0.1,-0.38,-0.2,0.26,9.8,0.20500000000000002,-1.25,0.0,0.0,4.3,7.0,1016.66,67.3,-14.22
2025-03-24 18:35:40.104000+00:00,,,,,347.062,-1.125,-1.438,22.93,-82.188,-5.562,-18.25,0.011,0.0,0.0,-0.43,0.16,9.41,-0.22,-0.1,-0.38,-0.2,0.26,9.8,0.20500000000000002,-1.25,0.0,0.0,4.3,7.0,1016.66,67.3,-14.22
2025-03-24 18:35:41.120000+00:00,,,,,347.062,-1.125,-1.438,22.93,-82.188,-5.562,-18.25,0.011,0.0,0.0,-0.43,0.16,9.41,-0.22,-0.1,-0.38,-0.2,0.26,9.8,0.20500000000000002,-1.25,0.0,0.0,4.3,7.0,1016.66,67.3,-14.22
2025-03-24 18:35:42.160000+00:00,,,,,347.062,-1.125,-1.438,22.93,-82.188,-5.562,-18.25,0.011,0.0,0.0,-0.43,0.16,9.41,-0.22,-0.1,-0.38,-0.2,0.26,9.8,0.20500000000000002,-1.25,0.0,0.0,4.3,7.0,1016.66,67.3,-14.22
2025-03-24 18:35:43.153000+00:00,,,,,347.062,-1.125,-1.438,22.93,-82.188,-5.562,-18.25,0.011,0.0,0.0,-0.43,0.16,9.41,-0.22,-0.1,-0.38,-0.2,0.26,9.8,0.20500000000000002,-1.25,0.0,0.0,4.3,7.0,1016.66,67.3,-14.22
2025-03-24 18:35:44.114000+00:00,,,,,347.062,-1.125,-1.438,22.93,-82.188,-5.562,-18.25,0.011,0.0,0.0,-0.43,0.16,9.41,-0.22,-0.1,-0.38,-0.2,0.26,9.8,0.20500000000000002,-1.25,0.0,0.0,4.3,7.0,1016.66,67.3,-14.22
2025-03-24 18:35:44.954000+00:00,,,,,347.062,-1.125,-1.438,22.93,-82.188,-5.562,-18.25,0.011,0.0,0.0,-0.43,0.16,9.41,-0.22,-0.1,-0.38,-0.2,0.26,9.8,0.20500000000000002,-1.25,0.0,0.0,4.3,7.0,1016.66,67.3,-14.22
2025-03-24 18:35:45.793000+00:00,,,,,347.062,-1.125,-1.438,22.93,-82.188,-5.562,-18.25,0.011,0.0,0.0,-0.43,0.16,9.41,-0.22,-0.1,-0.38,-0.2,0.26,9.8,0.20500000000000002,-1.25,0.0,0.0,4.3,7.0,1016.66,67.3,-14.22
2025-03-24 18:35:46.813000+00:00,,,,,347.062,-1.125,-1.438,22.93,-82.188,-5.562,-18.25,0.011,0.0,0.0,-0.43,0.16,9.41,-0.22,-0.1,-0.38,-0.2,0.26,9.8,0.20500000000000002,-1.25,0.0,0.0,4.3,7.0,1016.66,67.3,-14.22
2025-03-24 18:35:47.945000+00:00,,,,,347.062,-1.125,-1.438,22.93,-82.188,-5.562,-18.25,0.011,0.0,0.0,-0.43,0.16,9.41,-0.22,-0.1,-0.38,-0.2,0.26,9.8,0.20500000000000002,-1.25,0.0,0.0,4.3,7.0,1016.66,67.3,-14.22
2025-03-24 18:35:48.920000+00:00,,,,,347.062,-1.125,-1.438,22.93,-82.188,-5.562,-18.25,0.011,0.0,0.0,-0.43,0.16,9.41,-0.22,-0.1,-0.38,-0.2,0.26,9.8,0.20500000000000002,-1.25,0.0,0.0,4.3,7.0,1016.66,67.3,-14.22
2025-03-24 18:35:50.056000+00:00,,,,,347.062,-1.125,-1.438,22.93,-82.188,-5.562,-18.25,0.011,0.0,0.0,-0.43,0.16,9.41,-0.22,-0.1,-0.38,-0.2,0.26,9.8,0.20500000000000002,-1.25,0.0,0.0,4.3,7.0,1016.66,67.3,-14.22
2025-03-24 18:35:50.818000+00:00,,,,,347.062,-1.125,-1.438,22.93,-82.188,-5.562,-18.25,0.011,0.0,0.0,-0.43,0.16,9.41,-0.22,-0.1,-0.38,-0.2,0.26,9.8,0.20500000000000002,-1.25,0.0,0.0,4.3,7.0,1016.66,67.3,-14.22
2025-03-24 18:35:51.822000+00:00,,,,,347.062,-1.125,-1.438,22.93,-82.188,-5.562,-18.25,0.011,0.0,0.0,-0.43,0.16,9.41,-0.22,-0.1,-0.38,-0.2,0.26,9.8,0.20500000000000002,-1.25,0.0,0.0,4.3,7.0,1016.66,67.3,-14.22
2025-03-24 18:35:52.822000+00:00,,,,,347.062,-1.125,-1.438,22.93,-82.188,-5.562,-18.25,0.011,0.0,0.0,-0.43,0.16,9.41,-0.22,-0.1,-0.38,-0.2,0.26,9.8,0.20500000000000002,-1.25,0.0,0.0,4.3,7.0,1016.66,67.3,-14.22
2025-03-24 18:35:53.822000+00:00,,,,,347.062,-1.125,-1.438,22.93,-82.188,-5.562,-18.25,0.011,0.0,0.0,-0.43,0.16,9.41,-0.22,-0.1,-0.38,-0.2,0.26,9.8,0.20500000000000002,-1.25,0.0,0.0,4.3,7.0,1016.66,67.3,-14.22
2025-03-24 18:35:54.822000+00:00,,,,,347.062,-1.125,-1.438,22.93,-82.188,-5.562,-18.25,0.011,0.0,0.0,-0.43,0.16,9.41,-0.22,-0.1,-0.38,-0.2,0.26,9.8,0.20500000000000002,-1.25,0.0,0.0,4.3,7.0,1016.66,67.3,-14.22
2025-03-24 18:35:55.822000+00:00,,,,,347.062,-1.125,-1.438,22.93,-82.188,-5.562,-18.25,0.011,0.0,0.0,-0.43,0.16,9.41,-0.22,-0.1,-0.38,-0.2,0.26,9.8,0.20500000000000002,-1.25,0.0,0.0,4.3,7.0,1016.66,67.3,-14.22
2025-03-24 18:35:56.832000+00:00,,,,,347.062,-1.125,-1.438,22.93,-82.188,-5.562,-18.25,0.011,0.0,0.0,-0.43,0.16,9.41,-0.22,-0.1,-0.38,-0.2,0.26,9.8,0.20500000000000002,-1.25,0.0,0.0,4.3,7.0,1016.66,67.3,-14.22
2025-03-24 18:35:57.913000+00:00,,,,,347.062,-1.125,-1.438,22.93,-82.188,-5.562,-18.25,0.011,0.0,0.0,-0.43,0.16,9.41,-0.22,-0.1,-0.38,-0.2,0.26,9.8,0.20500000000000002,-1.25,0.0,0.0,4.3,7.0,1016.66,67.3,-14.22
2025-03-24 18:35:59.026000+00:00,,,,,347.062,-1.125,-1.438,22.93,-82.188,-5.562,-18.25,0.011,0.0,0.0,-0.43,0.16,9.41,-0.22,-0.1,-0.38,-0.2,0.26,9.8,0.20500000000000002,-1.25,0.0,0.0,4.3,7.0,1016.66,67.3,-14.22
2025-03-24 18:35:59.892000+00:00,,,,,347.062,-1.125,-1.438,22.93,-82.188,-5.562,-18.25,0.011,0.0,0.0,-0.43,0.16,9.41,-0.22,-0.1,-0.38,-0.2,0.26,9.8,0.20500000000000002,-1.25,0.0,0.0,4.3,7.0,1016.66,67.3,-14.22
2025-03-24 18:36:00.842000+00:00,,,,,347.062,-1.125,-1.438,22.93,-82.188,-5.562,-18.25,0.011,0.0,0.0,-0.43,0.16,9.41,-0.22,-0.1,-0.38,-0.2,0.26,9.8,0.20500000000000002,-1.25,0.0,0.0,4.3,7.0,1016.66,67.3,-14.22
2025-03-24 18:36:01.863000+00:00,,,,,347.062,-1.125,-1.438,22.93,-82.188,-5.562,-18.25,0.011,0.0,0.0,-0.43,0.16,9.41,-0.22,-0.1,-0.38,-0.2,0.26,9.8,0.20500000000000002,-1.25,0.0,0.0,4.3,7.0,1016.66,67.3,-14.22
2025-03-24 18:36:02.853000+00:00,,,,,347.062,-1.125,-1.438,22.93,-82.188,-5.562,-18.25,0.011,0.0,0.0,-0.43,0.16,9.41,-0.22,-0.1,-0.38,-0.2,0.26,9.8,0.20500000000000002,-1.25,0.0,0.0,4.3,7.0,1016.66,67.3,-14.22
2025-03-24 18:36:03.872000+00:00,,,,,347.062,-1.125,-1.438,22.93,-82.188,-5.562,-18.25,0.011,0.0,0.0,-0.43,0.16,9.41,-0.22,-0.1,-0.38,-0.2,0.26,9.8,0.20500000000000002,-1.25,0.0,0.0,4.3,7.0,1016.66,67.3,-14.22
2025-03-24 18:36:04.868000+00:00,,,,,347.062,-1.125,-1.438,22.93,-82.188,-5.562,-18.25,0.011,0.0,0.0,-0.43,0.16,9.41,-0.22,-0.1,-0.38,-0.2,0.26,9.8,0.20500000000000002,-1.25,0.0,0.0,4.3,7.0,1016.66,67.3,-14.22
2025-03-24 18:36:05.863000+00:00,,,,,347.062,-1.125,-1.438,22.93,-82.188,-5.562,-18.25,0.011,0.0,0.0,-0.43,0.16,9.41,-0.22,-0.1,-0.38,-0.2,0.26,9.8,0.20500000000000002,-1.25,0.0,0.0,4.3,7.0,1016.66,67.3,-14.22
2025-03-24 18:36:06.882000+00:00,,,,,347.062,-1.125,-1.438,22.93,-82.188,-5.562,-18.25,0.011,0.0,0.0,-0.43,0.16,9.41,-0.22,-0.1,-0.38,-0.2,0.26,9.8,0.20500000000000002,-1.25,0.0,0.0,4.3,7.0,1016.66,67.3,-14.22
2025-03-24 18:36:07.978000+00:00,,,,,347.062,-1.125,-1.438,22.93,-82.188,-5.562,-18.25,0.011,0.0,0.0,-0.43,0.16,9.41,-0.22,-0.1,-0.38,-0.2,0.26,9.8,0.20500000000000002,-1.25,0.0,0.0,4.3,7.0,1016.66,67.3,-14.22
2025-03-24 18:36:08.897000+00:00,,,,,347.062,-1.125,-1.438,22.93,-82.188,-5.562,-18.25,0.011,0.0,0.0,-0.43,0.16,9.41,-0.22,-0.1,-0.38,-0.2,0.26,9.8,0.20500000000000002,-1.25,0.0,0.0,4.3,7.0,1016.66,67.3,-14.22
2025-03-24 18:36:09.881000+00:00,,,,,347.062,-1.125,-1.438,22.93,-82.188,-5.562,-18.25,0.011,0.0,0.0,-0.43,0.16,9.41,-0.22,-0.1,-0.38,-0.2,0.26,9.8,0.20500000000000002,-1.25,0.0,0.0,4.3,7.0,1016.66,67.3,-14.22
2025-03-24 18:36:10.884000+00:00,,,,,347.062,-1.125,-1.438,22.93,-82.188,-5.562,-18.25,0.011,0.0,0.0,-0.43,0.16,9.41,-0.22,-0.1,-0.38,-0.2,0.26,9.8,0.20500000000000002,-1.25,0.0,0.0,4.3,7.0,1016.66,67.3,-14.22
2025-03-24 18:36:11.895000+00:00,,,,,347.062,-1.125,-1.438,22.93,-82.188,-5.562,-18.25,0.011,0.0,0.0,-0.43,0.16,9.41,-0.22,-0.1,-0.38,-0.2,0.26,9.8,0.20500000000000002,-1.25,0.0,0.0,4.3,7.0,1016.66,67.3,-14.22
2025-03-24 18:36:12.891000+00:00,,,,,347.062,-1.125,-1.438,22.93,-82.188,-5.562,-18.25,0.011,0.0,0.0,-0.43,0.16,9.41,-0.22,-0.1,-0.38,-0.2,0.26,9.8,0.20500000000000002,-1.25,0.0,0.0,4.3,7.0,1016.66,67.3,-14.22
2025-03-24 18:36:13.908000+00:00,,,,,347.062,-1.125,-1.438,22.93,-82.188,-5.562,-18.25,0.011,0.0,0.0,-0.43,0.16,9.41,-0.22,-0.1,-0.38,-0.2,0.26,9.8,0.20500000000000002,-1.25,0.0,0.0,4.3,7.0,1016.66,67.3,-14.22
2025-03-24 18:35:17.920000+00:00,,,,,347.062,-1.125,-1.438,22.93,-82.188,-5.562,-18.25,0.011,0.0,0.0,-0.43,0.16,9.41,-0.22,-0.1,-0.38,-0.2,0.26,9.8,0.20500000000000002,-1.25,0.0,0.0,4.3,7.0,1016.66,67.3,-14.22
2025-03-24 18:35:22.954000+00:00,,,,,347.062,-1.125,-1.438,22.93,-82.188,-5.562,-18.25,0.011,0.0,0.0,-0.43,0.16,9.41,-0.22,-0.1,-0.38,-0.2,0.26,9.8,0.20500000000000002,-1.25,0.0,0.0,4.3,7.0,1016.66,67.3,-14.22
2025-03-24 18:35:27.954000+00:00,,,,,347.062,-1.125,-1.438,22.93,-82.188,-5.562,-18.25,0.011,0.0,0.0,-0.43,0.16,9.41,-0.22,-0.1,-0.38,-0.2,0.26,9.8,0.20500000000000002,-1.25,0.0,0.0,4.3,7.0,1016.66,67.3,-14.22
2025-03-24 18:35:32.915000+00:00,,,,,347.062,-1.125,-1.438,22.93,-82.188,-5.562,-18.25,0.011,0.0,0.0,-0.43,0.16,9.41,-0.22,-0.1,-0.38,-0.2,0.26,9.8,0.20500000000000002,-1.25,0.0,0.0,4.3,7.0,1016.66,67.3,-14.22
2025-03-24 18:35:37.987000+00:00,,,,,347.062,-1.125,-1.438,22.93,-82.188,-5.562,-18.25,0.011,0.0,0.0,-0.43,0.16,9.41,-0.22,-0.1,-0.38,-0.2,0.26,9.8,0.20500000000000002,-1.25,0.0,0.0,4.3,7.0,1016.66,67.3,-14.22
2025-03-24 18:35:42.615000+00:00,,,,,347.062,-1.125,-1.438,22.93,-82.188,-5.562,-18.25,0.011,0.0,0.0,-0.43,0.16,9.41,-0.22,-0.1,-0.38,-0.2,0.26,9.8,0.20500000000000002,-1.25,0.0,0.0,4.3,7.0,1016.66,67.3,-14.22
2025-03-24 18:35:47.772000+00:00,,,,,347.062,-1.125,-1.438,22.93,-82.188,-5.562,-18.25,0.011,0.0,0.0,-0.43,0.16,9.41,-0.22,-0.1,-0.38,-0.2,0.26,9.8,0.20500000000000002,-1.25,0.0,0.0,4.3,7.0,1016.66,67.3,-14.22
2025-03-24 18:35:52.616000+00:00,,,,,347.062,-1.125,-1.438,22.93,-82.188,-5.562,-18.25,0.011,0.0,0.0,-0.43,0.16,9.41,-0.22,-0.1,-0.38,-0.2,0.26,9.8,0.20500000000000002,-1.25,0.0,0.0,4.3,7.0,1016.66,67.3,-14.22
2025-03-24 18:35:57.762000+00:00,,,,,347.062,-1.125,-1.438,22.93,-82.188,-5.562,-18.25,0.011,0.0,0.0,-0.43,0.16,9.41,-0.22,-0.1,-0.38,-0.2,0.26,9.8,0.20500000000000002,-1.25,0.0,0.0,4.3,7.0,1016.66,67.3,-14.22
2025-03-24 18:36:02.616000+00:00,,,,,347.062,-1.125,-1.438,22.93,-82.188,-5.562,-18.25,0.011,0.0,0.0,-0.43,0.16,9.41,-0.22,-0.1,-0.38,-0.2,0.26,9.8,0.20500000000000002,-1.25,0.0,0.0,4.3,7.0,1016.66,67.3,-14.22
2025-03-24 18:36:07.802000+00:00,,,,,347.062,-1.125,-1.438,22.93,-82.188,-5.562,-18.25,0.011,0.0,0.0,-0.43,0.16,9.41,-0.22,-0.1,-0.38,-0.2,0.26,9.8,0.20500000000000002,-1.25,0.0,0.0,4.3,7.0,1016.66,67.3,-14.22
2025-03-24 18:36:12.678000+00:00,,,,,347.062,-1.125,-1.438,22.93,-82.188,-5.562,-18.25,0.011,0.0,0.0,-0.43,0.16,9.41,-0.22,-0.1,-0.38,-0.2,0.26,9.8,0.20500000000000002,-1.25,0.0,0.0,4.3,7.0,1016.66,67.3,-14.22
2025-03-24 18:35:15.918000+00:00,,,,,347.062,-1.125,-1.438,22.93,-82.188,-5.562,-18.25,0.011,0.0,0.0,-0.43,0.16,9.41,-0.22,-0.1,-0.38,-0.2,0.26,9.8,0.20500000000000002,-1.25,0.0,0.0,4.3,7.0,1016.66,67.3,-14.22
2025-03-24 18:35:17.063000+00:00,,,,,347.062,-1.125,-1.438,22.93,-82.188,-5.562,-18.25,0.011,0.0,0.0,-0.43,0.16,9.41,-0.22,-0.1,-0.38,-0.2,0.26,9.8,0.20500000000000002,-1.25,0.0,0.0,4.3,7.0,1016.66,67.3,-14.22
2025-03-24 18:35:18.207000+00:00,,,,,347.062,-1.125,-1.438,22.93,-82.188,-5.562,-18.25,0.011,0.0,0.0,-0.43,0.16,9.41,-0.22,-0.1,-0.38,-0.2,0.26,9.8,0.20500000000000002,-1.25,0.0,0.0,4.3,7.0,1016.66,67.3,-14.22
2025-03-24 18:35:19.360000+00:00,,,,,347.062,-1.125,-1.438,22.93,-82.188,-5.562,-18.25,0.011,0.0,0.0,-0.43,0.16,9.41,-0.22,-0.1,-0.38,-0.2,0.26,9.8,0.20500000000000002,-1.25,0.0,0.0,4.3,7.0,1016.66,67.3,-14.22
2025-03-24 18:35:20.813000+00:00,,,,,347.062,-1.125,-1.438,22.93,-82.188,-5.562,-18.25,0.011,0.0,0.0,-0.43,0.16,9.41,-0.22,-0.1,-0.38,-0.2,0.26,9.8,0.20500000000000002,-1.25,0.0,0.0,4.3,7.0,1016.66,67.3,-14.22
2025-03-24 18:35:21.805000+00:00,,,,,347.062,-1.125,-1.438,22.93,-82.188,-5.562,-18.25,0.011,0.0,0.0,-0.43,0.16,9.41,-0.22,-0.1,-0.38,-0.2,0.26,9.8,0.20500000000000002,-1.25,0.0,0.0,4.4,7.0,1016.66,67.3,-14.22
2025-03-24 18:35:23.005000+00:00,,,,,347.062,-1.125,-1.438,22.93,-82.188,-5.562,-18.25,0.011,0.0,0.0,-0.43,0.16,9.41,-0.22,-0.1,-0.38,-0.2,0.26,9.8,0.20500000000000002,-1.25,0.0,0.0,4.4,7.0,1016.66,67.3,-14.22
2025-03-24 18:35:24.027000+00:00,,,,,347.062,-1.125,-1.438,22.93,-82.188,-5.562,-18.25,0.011,0.0,0.0,-0.43,0.16,9.41,-0.22,-0.1,-0.38,-0.2,0.26,9.8,0.20500000000000002,-1.25,0.0,0.0,4.1,7.0,1016.66,67.3,-14.22
2025-03-24 18:35:24.984000+00:00,,,,,347.062,-1.125,-1.438,22.93,-82.188,-5.562,-18.25,0.011,0.0,0.0,-0.43,0.16,9.41,-0.22,-0.1,-0.38,-0.2,0.26,9.8,0.20500000000000002,-1.25,0.0,0.0,4.1,7.0,1016.66,67.3,-14.22
2025-03-24 18:35:26.048000+00:00,,,,,347.062,-1.125,-1.438,22.93,-82.188,-5.562,-18.25,0.011,0.0,0.0,-0.43,0.16,9.41,-0.22,-0.1,-0.38,-0.2,0.26,9.8,0.20500000000000002,-1.25,0.0,0.0,4.1,7.0,1016.66,67.3,-14.22
2025-03-24 18:35:27.092000+00:00,,,,,347.062,-1.125,-1.438,22.93,-82.188,-5.562,-18.25,0.011,0.0,0.0,-0.43,0.16,9.41,-0.22,-0.1,-0.38,-0.2,0.26,9.8,0.20500000000000002,-1.25,0.0,0.0,4.3,7.0,1016.66,67.3,-14.22
2025-03-24 18:35:28.244000+00:00,,,,,347.062,-1.125,-1.438,22.93,-82.188,-5.562,-18.25,0.011,0.0,0.0,-0.43,0.16,9.41,-0.22,-0.1,-0.38,-0.2,0.26,9.8,0.20500000000000002,-1.25,0.0,0.0,4.3,7.0,1016.66,67.3,-14.22
2025-03-24 18:35:29.288000+00:00,,,,,347.062,-1.125,-1.438,22.93,-82.188,-5.562,-18.25,0.011,0.0,0.0,-0.43,0.16,9.41,-0.22,-0.1,-0.38,-0.2,0.26,9.8,0.20500000000000002,-1.25,0.0,0.0,4.3,7.0,1016.66,67.3,-14.22
2025-03-24 18:35:30.432000+00:00,,,,,347.062,-1.125,-1.438,22.93,-82.188,-5.562,-18.25,0.011,0.0,0.0,-0.43,0.16,9.41,-0.22,-0.1,-0.38,-0.2,0.26,9.8,0.20500000000000002,-1.25,0.0,0.0,4.3,7.0,1016.66,67.3,-14.22
2025-03-24 18:35:31.935000+00:00,,,,,347.062,-1.125,-1.438,22.93,-82.188,-5.562,-18.25,0.011,0.0,0.0,-0.43,0.16,9.41,-0.22,-0.1,-0.38,-0.2,0.26,9.8,0.20500000000000002,-1.25,0.0,0.0,4.3,7.0,1016.66,67.3,-14.22
2025-03-24 18:35:33.123000+00:00,,,,,347.062,-1.125,-1.438,22.93,-82.188,-5.562,-18.25,0.011,0.0,0.0,-0.43,0.16,9.41,-0.22,-0.1,-0.38,-0.2,0.26,9.8,0.20500000000000002,-1.25,0.0,0.0,4.4,7.0,1016.66,67.3,-14.22
2025-03-24 18:35:34.114000+00:00,,,,,347.062,-1.125,-1.438,22.93,-82.188,-5.562,-18.25,0.011,0.0,0.0,-0.43,0.16,9.41,-0.22,-0.1,-0.38,-0.2,0.26,9.8,0.20500000000000002,-1.25,0.0,0.0,4.4,7.0,1016.66,67.3,-14.22
2025-03-24 18:35:35.113000+00:00,,,,,347.062,-1.125,-1.438,22.93,-82.188,-5.562,-18.25,0.011,0.0,0.0,-0.43,0.16,9.41,-0.22,-0.1,-0.38,-0.2,0.26,9.8,0.20500000000000002,-1.25,0.0,0.0,4.4,7.0,1016.66,67.3,-14.22
2025-03-24 18:35:36.133000+00:00,,,,,347.062,-1.125,-1.438,22.93,-82.188,-5.562,-18.25,0.011,0.0,0.0,-0.43,0.16,9.41,-0.22,-0.1,-0.38,-0.2,0.26,9.8,0.20500000000000002,-1.25,0.0,0.0,4.4,7.0,1016.66,67.3,-14.22
2025-03-24 18:35:37.217000+00:00,,,,,347.062,-1.125,-1.438,22.93,-82.188,-5.562,-18.25,0.011,0.0,0.0,-0.43,0.16,9.41,-0.22,-0.1,-0.38,-0.2,0.26,9.8,0.20500000000000002,-1.25,0.0,0.0,4.4,7.0,1016.66,67.3,-14.22
2025-03-24 18:35:38.261000+00:00,,,,,347.062,-1.125,-1.438,22.93,-82.188,-5.562,-18.25,0.011,0.0,0.0,-0.43,0.16,9.41,-0.22,-0.1,-0.38,-0.2,0.26,9.8,0.20500000000000002,-1.25,0.0,0.0,4.4,7.0,1016.66,67.3,-14.22
2025-03-24 18:35:40.154000+00:00,,,,,347.062,-1.125,-1.438,22.93,-82.188,-5.562,-18.25,0.011,0.0,0.0,-0.43,0.16,9.41,-0.22,-0.1,-0.38,-0.2,0.26,9.8,0.20500000000000002,-1.25,0.0,0.0,4.3,7.0,1016.66,67.3,-14.22
2025-03-24 18:35:41.179000+00:00,,,,,347.062,-1.125,-1.438,22.93,-82.188,-5.562,-18.25,0.011,0.0,0.0,-0.43,0.16,9.41,-0.22,-0.1,-0.38,-0.2,0.26,9.8,0.20500000000000002,-1.25,0.0,0.0,4.3,7.0,1016.66,67.3,-14.22
2025-03-24 18:35:42.219000+00:00,,,,,347.062,-1.125,-1.438,22.93,-82.188,-5.562,-18.25,0.011,0.0,0.0,-0.43,0.16,9.41,-0.22,-0.1,-0.38,-0.2,0.26,9.8,0.20500000000000002,-1.25,0.0,0.0,4.3,7.0,1016.66,67.3,-14.22
2025-03-24 18:35:43.203000+00:00,,,,,347.062,-1.125,-1.438,22.93,-82.188,-5.562,-18.25,0.011,0.0,0.0,-0.43,0.16,9.41,-0.22,-0.1,-0.38,-0.2,0.26,9.8,0.20500000000000002,-1.25,0.0,0.0,4.3,7.0,1016.66,67.3,-14.22
2025-03-24 18:35:44.213000+00:00,,,,,347.062,-1.125,-1.438,22.93,-82.188,-5.562,-18.25,0.011,0.0,0.0,-0.43,0.16,9.41,-0.22,-0.1,-0.38,-0.2,0.26,9.8,0.20500000000000002,-1.25,0.0,0.0,4.3,7.0,1016.66,67.3,-14.22
2025-03-24 18:35:45.345000+00:00,,,,,347.062,-1.125,-1.438,22.93,-82.188,-5.562,-18.25,0.011,0.0,0.0,-0.43,0.16,9.41,-0.22,-0.1,-0.38,-0.2,0.26,9.8,0.20500000000000002,-1.25,0.0,0.0,4.3,7.0,1016.66,67.3,-14.22
2025-03-24 18:35:46.389000+00:00,,,,,347.062,-1.125,-1.438,22.93,-82.188,-5.562,-18.25,0.011,0.0,0.0,-0.43,0.16,9.41,-0.22,-0.1,-0.38,-0.2,0.26,9.8,0.20500000000000002,-1.25,0.0,0.0,4.3,7.0,1016.66,67.3,-14.22
2025-03-24 18:35:47.441000+00:00,,,,,347.062,-1.125,-1.438,22.93,-82.188,-5.562,-18.25,0.011,0.0,0.0,-0.43,0.16,9.41,-0.22,-0.1,-0.38,-0.2,0.26,9.8,0.20500000000000002,-1.25,0.0,0.0,4.3,7.0,1016.66,67.3,-14.22
2025-03-24 18:35:48.485000+00:00,,,,,347.062,-1.125,-1.438,22.93,-82.188,-5.562,-18.25,0.011,0.0,0.0,-0.43,0.16,9.41,-0.22,-0.1,-0.38,-0.2,0.26,9.8,0.20500000000000002,-1.25,0.0,0.0,4.3,7.0,1016.66,67.3,-14.22
2025-03-24 18:35:49.629000+00:00,,,,,347.062,-1.125,-1.438,22.93,-82.188,-5.562,-18.25,0.011,0.0,0.0,-0.43,0.16,9.41,-0.22,-0.1,-0.38,-0.2,0.26,9.8,0.20500000000000002,-1.25,0.0,0.0,4.3,7.0,1016.66,67.3,-14.22
2025-03-24 18:35:51.244000+00:00,,,,,347.062,-1.125,-1.438,22.93,-82.188,-5.562,-18.25,0.011,0.0,0.0,-0.43,0.16,9.41,-0.22,-0.1,-0.38,-0.2,0.26,9.8,0.20500000000000002,-1.25,0.0,0.0,4.3,7.0,1016.66,67.3,-14.22
2025-03-24 18:35:52.270000+00:00,,,,,347.062,-1.125,-1.438,22.93,-82.188,-5.562,-18.25,0.011,0.0,0.0,-0.43,0.16,9.41,-0.22,-0.1,-0.38,-0.2,0.26,9.8,0.20500000000000002,-1.25,0.0,0.0,4.3,7.0,1016.66,67.3,-14.22
2025-03-24 18:35:53.253000+00:00,,,,,347.062,-1.125,-1.438,22.93,-82.188,-5.562,-18.25,0.011,0.0,0.0,-0.43,0.16,9.41,-0.22,-0.1,-0.38,-0.2,0.26,9.8,0.20500000000000002,-1.25,0.0,0.0,4.3,7.0,1016.66,67.3,-14.22
2025-03-24 18:35:54.253000+00:00,,,,,347.062,-1.125,-1.438,22.93,-82.188,-5.562,-18.25,0.011,0.0,0.0,-0.43,0.16,9.41,-0.22,-0.1,-0.38,-0.2,0.26,9.8,0.20500000000000002,-1.25,0.0,0.0,4.3,7.0,1016.66,67.3,-14.22
2025-03-24 18:35:55.361000+00:00,,,,,347.062,-1.125,-1.438,22.93,-82.188,-5.562,-18.25,0.011,0.0,0.0,-0.43,0.16,9.41,-0.22,-0.1,-0.38,-0.2,0.26,9.8,0.20500000000000002,-1.25,0.0,0.0,4.3,7.0,1016.66,67.3,-14.22
2025-03-24 18:35:56.405000+00:00,,,,,347.062,-1.125,-1.438,22.93,-82.188,-5.562,-18.25,0.011,0.0,0.0,-0.43,0.16,9.41,-0.22,-0.1,-0.38,-0.2,0.26,9.8,0.20500000000000002,-1.25,0.0,0.0,4.3,7.0,1016.66,67.3,-14.22
2025-03-24 18:35:57.449000+00:00,,,,,347.062,-1.125,-1.438,22.93,-82.188,-5.562,-18.25,0.011,0.0,0.0,-0.43,0.16,9.41,-0.22,-0.1,-0.38,-0.2,0.26,9.8,0.20500000000000002,-1.25,0.0,0.0,4.3,7.0,1016.66,67.3,-14.22
2025-03-24 18:35:58.594000+00:00,,,,,347.062,-1.125,-1.438,22.93,-82.188,-5.562,-18.25,0.011,0.0,0.0,-0.43,0.16,9.41,-0.22,-0.1,-0.38,-0.2,0.26,9.8,0.20500000000000002,-1.25,0.0,0.0,4.3,7.0,1016.66,67.3,-14.22
2025-03-24 18:35:59.744000+00:00,,,,,347.062,-1.125,-1.438,22.93,-82.188,-5.562,-18.25,0.011,0.0,0.0,-0.43,0.16,9.41,-0.22,-0.1,-0.38,-0.2,0.26,9.8,0.20500000000000002,-1.25,0.0,0.0,4.3,7.0,1016.66,67.3,-14.22
2025-03-24 18:36:01.293000+00:00,,,,,347.062,-1.125,-1.438,22.93,-82.188,-5.562,-18.25,0.011,0.0,0.0,-0.43,0.16,9.41,-0.22,-0.1,-0.38,-0.2,0.26,9.8,0.20500000000000002,-1.25,0.0,0.0,4.3,7.0,1016.66,67.3,-14.22
2025-03-24 18:36:02.293000+00:00,,,,,347.062,-1.125,-1.438,22.93,-82.188,-5.562,-18.25,0.011,0.0,0.0,-0.43,0.16,9.41,-0.22,-0.1,-0.38,-0.2,0.26,9.8,0.20500000000000002,-1.25,0.0,0.0,4.3,7.0,1016.66,67.3,-14.22
2025-03-24 18:36:03.320000+00:00,,,,,347.062,-1.125,-1.438,22.93,-82.188,-5.562,-18.25,0.011,0.0,0.0,-0.43,0.16,9.41,-0.22,-0.1,-0.38,-0.2,0.26,9.8,0.20500000000000002,-1.25,0.0,0.0,4.3,7.0,1016.66,67.3,-14.22
2025-03-24 18:36:04.297000+00:00,,,,,347.062,-1.125,-1.438,22.93,-82.188,-5.562,-18.25,0.011,0.0,0.0,-0.43,0.16,9.41,-0.22,-0.1,-0.38,-0.2,0.26,9.8,0.20500000000000002,-1.25,0.0,0.0,4.3,7.0,1016.66,67.3,-14.22
2025-03-24 18:36:05.310000+00:00,,,,,347.062,-1.125,-1.438,22.93,-82.188,-5.562,-18.25,0.011,0.0,0.0,-0.43,0.16,9.41,-0.22,-0.1,-0.38,-0.2,0.26,9.8,0.20500000000000002,-1.25,0.0,0.0,4.3,7.0,1016.66,67.3,-14.22
2025-03-24 18:36:06.316000+00:00,,,,,347.062,-1.125,-1.438,22.93,-82.188,-5.562,-18.25,0.011,0.0,0.0,-0.43,0.16,9.41,-0.22,-0.1,-0.38,-0.2,0.26,9.8,0.20500000000000002,-1.25,0.0,0.0,4.3,7.0,1016.66,67.3,-14.22
2025-03-24 18:36:07.458000+00:00,,,,,347.062,-1.125,-1.438,22.93,-82.188,-5.562,-18.25,0.011,0.0,0.0,-0.43,0.16,9.41,-0.22,-0.1,-0.38,-0.2,0.26,9.8,0.20500000000000002,-1.25,0.0,0.0,4.3,7.0,1016.66,67.3,-14.22
2025-03-24 18:36:09.333000+00:00,,,,,347.062,-1.125,-1.438,22.93,-82.188,-5.562,-18.25,0.011,0.0,0.0,-0.43,0.16,9.41,-0.22,-0.1,-0.38,-0.2,0.26,9.8,0.20500000000000002,-1.25,0.0,0.0,4.3,7.0,1016.66,67.3,-14.22
2025-03-24 18:36:10.330000+00:00,,,,,347.062,-1.125,-1.438,22.93,-82.188,-5.562,-18.25,0.011,0.0,0.0,-0.43,0.16,9.41,-0.22,-0.1,-0.38,-0.2,0.26,9.8,0.20500000000000002,-1.25,0.0,0.0,4.3,7.0,1016.66,67.3,-14.22
2025-03-24 18:36:11.322000+00:00,,,,,347.062,-1.125,-1.438,22.93,-82.188,-5.562,-18.25,0.011,0.0,0.0,-0.43,0.16,9.41,-0.22,-0.1,-0.38,-0.2,0.26,9.8,0.20500000000000002,-1.25,0.0,0.0,4.3,7.0,1016.66,67.3,-14.22
2025-03-24 18:36:12.340000+00:00,,,,,347.062,-1.125,-1.438,22.93,-82.188,-5.562,-18.25,0.011,0.0,0.0,-0.43,0.16,9.41,-0.22,-0.1,-0.38,-0.2,0.26,9.8,0.20500000000000002,-1.25,0.0,0.0,4.4,7.0,1016.66,67.3,-14.22
2025-03-24 18:36:13.390000+00:00,,,,,347.062,-1.125,-1.438,22.93,-82.188,-5.562,-18.25,0.011,0.0,0.0,-0.43,0.16,9.41,-0.22,-0.1,-0.38,-0.2,0.26,9.8,0.20500000000000002,-1.25,0.0,0.0,4.4,7.0,1016.66,67.3,-14.22
2025-03-24 18:36:14.534000+00:00,,,,,347.062,-1.125,-1.438,22.93,-82.188,-5.562,-18.25,0.011,0.0,0.0,-0.43,0.16,9.41,-0.22,-0.1,-0.38,-0.2,0.26,9.8,0.20500000000000002,-1.25,0.0,0.0,4.4,7.0,1016.66,67.3,-14.22
2025-03-24 18:35:15.971000+00:00,,,,,347.062,-1.125,-1.438,22.93,-82.188,-5.562,-18.25,0.011,0.0,0.0,-0.43,0.16,9.41,-0.22,-0.1,-0.38,-0.2,0.26,9.8,0.20500000000000002,-1.25,0.0,0.0,4.4,7.0,1016.66,67.3,-14.22
2025-03-24 18:35:17.116000+00:00,,,,,347.062,-1.125,-1.438,22.93,-82.188,-5.562,-18.25,0.011,0.0,0.0,-0.43,0.16,9.41,-0.22,-0.1,-0.38,-0.2,0.26,9.8,0.20500000000000002,-1.25,0.0,0.0,4.4,7.0,1016.66,67.3,-14.22
2025-03-24 18:35:18.269000+00:00,,,,,347.062,-1.125,-1.438,22.93,-82.188,-5.562,-18.25,0.011,0.0,0.0,-0.43,0.16,9.41,-0.22,-0.1,-0.38,-0.2,0.26,9.8,0.20500000000000002,-1.25,0.0,0.0,4.4,7.0,1016.66,67.3,-14.22
2025-03-24 18:35:19.415000+00:00,,,,,347.062,-1.125,-1.438,22.93,-82.188,-5.562,-18.25,0.011,0.0,0.0,-0.43,0.16,9.41,-0.22,-0.1,-0.38,-0.2,0.26,9.8,0.20500000000000002,-1.25,0.0,0.0,4.4,7.0,1016.66,67.3,-14.22
2025-03-24 18:35:20.872000+00:00,,,,,347.062,-1.125,-1.438,22.93,-82.188,-5.562,-18.25,0.011,0.0,0.0,-0.43,0.16,9.41,-0.22,-0.1,-0.38,-0.2,0.26,9.8,0.20500000000000002,-1.25,0.0,0.0,4.4,7.0,1016.66,67.3,-14.22
2025-03-24 18:35:21.855000+00:00,,,,,347.062,-1.125,-1.438,22.93,-82.188,-5.562,-18.25,0.011,0.0,0.0,-0.43,0.16,9.41,-0.22,-0.1,-0.38,-0.2,0.26,9.8,0.20500000000000002,-1.25,0.0,0.0,4.4,7.0,1016.66,67.3,-14.22
2025-03-24 18:35:23.055000+00:00,,,,,347.062,-1.125,-1.438,22.93,-82.188,-5.562,-18.25,0.011,0.0,0.0,-0.43,0.16,9.41,-0.22,-0.1,-0.38,-0.2,0.26,9.8,0.20500000000000002,-1.25,0.0,0.0,4.4,7.0,1016.66,67.3,-14.22
2025-03-24 18:35:24.080000+00:00,,,,,347.062,-1.125,-1.438,22.93,-82.188,-5.562,-18.25,0.011,0.0,0.0,-0.43,0.16,9.41,-0.22,-0.1,-0.38,-0.2,0.26,9.8,0.20500000000000002,-1.25,0.0,0.0,4.4,7.0,1016.66,67.3,-14.22
2025-03-24 18:35:25.039000+00:00,,,,,347.062,-1.125,-1.438,22.93,-82.188,-5.562,-18.25,0.011,0.0,0.0,-0.43,0.16,9.41,-0.22,-0.1,-0.38,-0.2,0.26,9.8,0.20500000000000002,-1.25,0.0,0.0,4.4,7.0,1016.66,67.3,-14.22
2025-03-24 18:35:26.099000+00:00,,,,,347.062,-1.125,-1.438,22.93,-82.188,-5.562,-18.25,0.011,0.0,0.0,-0.43,0.16,9.41,-0.22,-0.1,-0.38,-0.2,0.26,9.8,0.20500000000000002,-1.25,0.0,0.0,4.4,7.0,1016.66,67.3,-14.22
2025-03-24 18:35:27.151000+00:00,,,,,347.062,-1.125,-1.438,22.93,-82.188,-5.562,-18.25,0.011,0.0,0.0,-0.43,0.16,9.41,-0.22,-0.1,-0.38,-0.2,0.26,9.8,0.20500000000000002,-1.25,0.0,0.0,4.4,7.0,1016.66,67.3,-14.22
2025-03-24 18:35:28.301000+00:00,,,,,347.062,-1.125,-1.438,22.93,-82.188,-5.562,-18.25,0.011,0.0,0.0,-0.43,0.16,9.41,-0.22,-0.1,-0.38,-0.2,0.26,9.8,0.20500000000000002,-1.25,0.0,0.0,4.4,7.0,1016.66,67.3,-14.22
2025-03-24 18:35:29.340000+00:00,,,,,347.062,-1.125,-1.438,22.93,-82.188,-5.562,-18.25,0.011,0.0,0.0,-0.43,0.16,9.41,-0.22,-0.1,-0.38,-0.2,0.26,9.8,0.20500000000000002,-1.25,0.0,0.0,4.4,7.0,1016.66,67.3,-14.22
2025-03-24 18:35:30.498000+00:00,,,,,347.062,-1.125,-1.438,22.93,-82.188,-5.562,-18.25,0.011,0.0,0.0,-0.43,0.16,9.41,-0.22,-0.1,-0.38,-0.2,0.26,9.8,0.20500000000000002,-1.25,0.0,0.0,4.4,7.0,1016.66,67.3,-14.22
2025-03-24 18:35:32.154000+00:00,,,,,347.062,-1.125,-1.438,22.93,-82.188,-5.562,-18.25,0.011,0.0,0.0,-0.43,0.16,9.41,-0.22,-0.1,-0.38,-0.2,0.26,9.8,0.20500000000000002,-1.25,0.0,0.0,4.4,7.0,1016.66,67.3,-14.22
2025-03-24 18:35:33.174000+00:00,,,,,347.062,-1.125,-1.438,22.93,-82.188,-5.562,-18.25,0.011,0.0,0.0,-0.43,0.16,9.41,-0.22,-0.1,-0.38,-0.2,0.26,9.8,0.20500000000000002,-1.25,0.0,0.0,4.4,7.0,1016.66,67.3,-14.22
2025-03-24 18:35:34.170000+00:00,,,,,347.062,-1.125,-1.438,22.93,-82.188,-5.562,-18.25,0.011,0.0,0.0,-0.43,0.16,9.41,-0.22,-0.1,-0.38,-0.2,0.26,9.8,0.20500000000000002,-1.25,0.0,0.0,4.4,7.0,1016.66,67.3,-14.22
2025-03-24 18:35:35.164000+00:00,,,,,347.062,-1.125,-1.438,22.93,-82.188,-5.562,-18.25,0.011,0.0,0.0,-0.43,0.16,9.41,-0.22,-0.1,-0.38,-0.2,0.26,9.8,0.20500000000000002,-1.25,0.0,0.0,4.4,7.0,1016.66,67.3,-14.22
2025-03-24 18:35:36.184000+00:00,,,,,347.062,-1.125,-1.438,22.93,-82.188,-5.562,-18.25,0.011,0.0,0.0,-0.43,0.16,9.41,-0.22,-0.1,-0.38,-0.2,0.26,9.8,0.20500000000000002,-1.25,0.0,0.0,4.4,7.0,1016.66,67.3,-14.22
2025-03-24 18:35:37.271000+00:00,,,,,347.062,-1.125,-1.438,22.93,-82.188,-5.562,-18.25,0.011,0.0,0.0,-0.43,0.16,9.41,-0.22,-0.1,-0.38,-0.2,0.26,9.8,0.20500000000000002,-1.25,0.0,0.0,4.4,7.0,1016.66,67.3,-14.22
2025-03-24 18:35:38.314000+00:00,,,,,347.062,-1.125,-1.438,22.93,-82.188,-5.562,-18.25,0.011,0.0,0.0,-0.43,0.16,9.41,-0.22,-0.1,-0.38,-0.2,0.26,9.8,0.20500000000000002,-1.25,0.0,0.0,4.4,7.0,1016.66,67.3,-14.22
2025-03-24 18:35:40.208000+00:00,,,,,347.062,-1.125,-1.438,22.93,-82.188,-5.562,-18.25,0.011,0.0,0.0,-0.43,0.16,9.41,-0.22,-0.1,-0.38,-0.2,0.26,9.8,0.20500000000000002,-1.25,0.0,0.0,4.4,7.0,1016.66,67.3,-14.22
2025-03-24 18:35:41.233000+00:00,,,,,347.062,-1.125,-1.438,22.93,-82.188,-5.562,-18.25,0.011,0.0,0.0,-0.43,0.16,9.41,-0.22,-0.1,-0.38,-0.2,0.26,9.8,0.20500000000000002,-1.25,0.0,0.0,4.4,7.0,1016.66,67.3,-14.22
2025-03-24 18:35:42.272000+00:00,,,,,347.062,-1.125,-1.438,22.93,-82.188,-5.562,-18.25,0.011,0.0,0.0,-0.43,0.16,9.41,-0.22,-0.1,-0.38,-0.2,0.26,9.8,0.20500000000000002,-1.25,0.0,0.0,4.4,7.0,1016.66,67.3,-14.22
2025-03-24 18:35:43.253000+00:00,,,,,347.062,-1.125,-1.438,22.93,-82.188,-5.562,-18.25,0.011,0.0,0.0,-0.43,0.16,9.41,-0.22,-0.1,-0.38,-0.2,0.26,9.8,0.20500000000000002,-1.25,0.0,0.0,4.4,7.0,1016.66,67.3,-14.22
2025-03-24 18:35:44.262000+00:00,,,,,347.062,-1.125,-1.438,22.93,-82.188,-5.562,-18.25,0.011,0.0,0.0,-0.43,0.16,9.41,-0.22,-0.1,-0.38,-0.2,0.26,9.8,0.20500000000000002,-1.25,0.0,0.0,4.4,7.0,1016.66,67.3,-14.22
2025-03-24 18:35:45.393000+00:00,,,,,347.062,-1.125,-1.438,22.93,-82.188,-5.562,-18.25,0.011,0.0,0.0,-0.43,0.16,9.41,-0.22,-0.1,-0.38,-0.2,0.26,9.8,0.20500000000000002,-1.25,0.0,0.0,4.4,7.0,1016.66,67.3,-14.22
2025-03-24 18:35:46.442000+00:00,,,,,347.062,-1.125,-1.438,22.93,-82.188,-5.562,-18.25,0.011,0.0,0.0,-0.43,0.16,9.41,-0.22,-0.1,-0.38,-0.2,0.26,9.8,0.20500000000000002,-1.25,0.0,0.0,4.4,7.0,1016.66,67.3,-14.22
2025-03-24 18:35:47.499000+00:00,,,,,347.062,-1.125,-1.438,22.93,-82.188,-5.562,-18.25,0.011,0.0,0.0,-0.43,0.16,9.41,-0.22,-0.1,-0.38,-0.2,0.26,9.8,0.20500000000000002,-1.25,0.0,0.0,4.4,7.0,1016.66,67.3,-14.22
2025-03-24 18:35:48.533000+00:00,,,,,347.062,-1.125,-1.438,22.93,-82.188,-5.562,-18.25,0.011,0.0,0.0,-0.43,0.16,9.41,-0.22,-0.1,-0.38,-0.2,0.26,9.8,0.20500000000000002,-1.25,0.0,0.0,4.4,7.0,1016.66,67.3,-14.22
2025-03-24 18:35:49.692000+00:00,,,,,347.062,-1.125,-1.438,22.93,-82.188,-5.562,-18.25,0.011,0.0,0.0,-0.43,0.16,9.41,-0.22,-0.1,-0.38,-0.2,0.26,9.8,0.20500000000000002,-1.25,0.0,0.0,4.4,7.0,1016.66,67.3,-14.22
2025-03-24 18:35:51.298000+00:00,,,,,347.062,-1.125,-1.438,22.93,-82.188,-5.562,-18.25,0.011,0.0,0.0,-0.43,0.16,9.41,-0.22,-0.1,-0.38,-0.2,0.26,9.8,0.20500000000000002,-1.25,0.0,0.0,4.4,7.0,1016.66,67.3,-14.22
2025-03-24 18:35:52.322000+00:00,,,,,347.062,-1.125,-1.438,22.93,-82.188,-5.562,-18.25,0.011,0.0,0.0,-0.43,0.16,9.41,-0.22,-0.1,-0.38,-0.2,0.26,9.8,0.20500000000000002,-1.25,0.0,0.0,4.4,7.0,1016.66,67.3,-14.22
2025-03-24 18:35:53.302000+00:00,,,,,347.062,-1.125,-1.438,22.93,-82.188,-5.562,-18.25,0.011,0.0,0.0,-0.43,0.16,9.41,-0.22,-0.1,-0.38,-0.2,0.26,9.8,0.20500000000000002,-1.25,0.0,0.0,4.4,7.0,1016.66,67.3,-14.22
2025-03-24 18:35:54.302000+00:00,,,,,347.062,-1.125,-1.438,22.93,-82.188,-5.562,-18.25,0.011,0.0,0.0,-0.43,0.16,9.41,-0.22,-0.1,-0.38,-0.2,0.26,9.8,0.20500000000000002,-1.25,0.0,0.0,4.4,7.0,1016.66,67.3,-14.22
2025-03-24 18:35:55.419000+00:00,,,,,347.062,-1.125,-1.438,22.93,-82.188,-5.562,-18.25,0.011,0.0,0.0,-0.43,0.16,9.41,-0.22,-0.1,-0.38,-0.2,0.26,9.8,0.20500000000000002,-1.25,0.0,0.0,4.4,7.0,1016.66,67.3,-14.22
2025-03-24 18:35:56.456000+00:00,,,,,347.062,-1.125,-1.438,22.93,-82.188,-5.562,-18.25,0.011,0.0,0.0,-0.43,0.16,9.41,-0.22,-0.1,-0.38,-0.2,0.26,9.8,0.20500000000000002,-1.25,0.0,0.0,4.4,7.0,1016.66,67.3,-14.22
2025-03-24 18:35:57.514000+00:00,,,,,347.062,-1.125,-1.438,22.93,-82.188,-5.562,-18.25,0.011,0.0,0.0,-0.43,0.16,9.41,-0.22,-0.1,-0.38,-0.2,0.26,9.8,0.20500000000000002,-1.25,0.0,0.0,4.4,7.0,1016.66,67.3,-14.22
2025-03-24 18:35:58.656000+00:00,,,,,347.062,-1.125,-1.438,22.93,-82.188,-5.562,-18.25,0.011,0.0,0.0,-0.43,0.16,9.41,-0.22,-0.1,-0.38,-0.2,0.26,9.8,0.20500000000000002,-1.25,0.0,0.0,4.4,7.0,1016.66,67.3,-14.22
2025-03-24 18:35:59.943000+00:00,,,,,347.062,-1.125,-1.438,22.93,-82.188,-5.562,-18.25,0.011,0.0,0.0,-0.43,0.16,9.41,-0.22,-0.1,-0.38,-0.2,0.26,9.8,0.20500000000000002,-1.25,0.0,0.0,4.4,7.0,1016.66,67.3,-14.22
2025-03-24 18:36:01.343000+00:00,,,,,347.062,-1.125,-1.438,22.93,-82.188,-5.562,-18.25,0.011,0.0,0.0,-0.43,0.16,9.41,-0.22,-0.1,-0.38,-0.2,0.26,9.8,0.20500000000000002,-1.25,0.0,0.0,4.4,7.0,1016.66,67.3,-14.22
2025-03-24 18:36:02.349000+00:00,,,,,347.062,-1.125,-1.438,22.93,-82.188,-5.562,-18.25,0.011,0.0,0.0,-0.43,0.16,9.41,-0.22,-0.1,-0.38,-0.2,0.26,9.8,0.20500000000000002,-1.25,0.0,0.0,4.4,7.0,1016.66,67.3,-14.22
2025-03-24 18:36:03.378000+00:00,,,,,347.062,-1.125,-1.438,22.93,-82.188,-5.562,-18.25,0.011,0.0,0.0,-0.43,0.16,9.41,-0.22,-0.1,-0.38,-0.2,0.26,9.8,0.20500000000000002,-1.25,0.0,0.0,4.4,7.0,1016.66,67.3,-14.22
2025-03-24 18:36:04.342000+00:00,,,,,347.062,-1.125,-1.438,22.93,-82.188,-5.562,-18.25,0.011,0.0,0.0,-0.43,0.16,9.41,-0.22,-0.1,-0.38,-0.2,0.26,9.8,0.20500000000000002,-1.25,0.0,0.0,4.4,7.0,1016.66,67.3,-14.22
2025-03-24 18:36:05.365000+00:00,,,,,347.062,-1.125,-1.438,22.93,-82.188,-5.562,-18.25,0.011,0.0,0.0,-0.43,0.16,9.41,-0.22,-0.1,-0.38,-0.2,0.26,9.8,0.20500000000000002,-1.25,0.0,0.0,4.4,7.0,1016.66,67.3,-14.22
2025-03-24 18:36:06.361000+00:00,,,,,347.062,-1.125,-1.438,22.93,-82.188,-5.562,-18.25,0.011,0.0,0.0,-0.43,0.16,9.41,-0.22,-0.1,-0.38,-0.2,0.26,9.8,0.20500000000000002,-1.25,0.0,0.0,4.4,7.0,1016.66,67.3,-14.22
2025-03-24 18:36:07.525000+00:00,,,,,347.062,-1.125,-1.438,22.93,-82.188,-5.562,-18.25,0.011,0.0,0.0,-0.43,0.16,9.41,-0.22,-0.1,-0.38,-0.2,0.26,9.8,0.20500000000000002,-1.25,0.0,0.0,4.4,7.0,1016.66,67.3,-14.22
2025-03-24 18:36:09.388000+00:00,,,,,347.062,-1.125,-1.438,22.93,-82.188,-5.562,-18.25,0.011,0.0,0.0,-0.43,0.16,9.41,-0.22,-0.1,-0.38,-0.2,0.26,9.8,0.20500000000000002,-1.25,0.0,0.0,4.4,7.0,1016.66,67.3,-14.22
2025-03-24 18:36:10.385000+00:00,,,,,347.062,-1.125,-1.438,22.93,-82.188,-5.562,-18.25,0.011,0.0,0.0,-0.43,0.16,9.41,-0.22,-0.1,-0.38,-0.2,0.26,9.8,0.20500000000000002,-1.25,0.0,0.0,4.4,7.0,1016.66,67.3,-14.22
2025-03-24 18:36:11.371000+00:00,,,,,347.062,-1.125,-1.438,22.93,-82.188,-5.562,-18.25,0.011,0.0,0.0,-0.43,0.16,9.41,-0.22,-0.1,-0.38,-0.2,0.26,9.8,0.20500000000000002,-1.25,0.0,0.0,4.4,7.0,1016.66,67.3,-14.22
2025-03-24 18:36:12.391000+00:00,,,,,347.062,-1.125,-1.438,22.93,-82.188,-5.562,-18.25,0.011,0.0,0.0,-0.43,0.16,9.41,-0.22,-0.1,-0.38,-0.2,0.26,9.8,0.20500000000000002,-1.25,0.0,0.0,4.4,7.0,1016.66,67.3,-14.22
2025-03-24 18:36:13.444000+00:00,,,,,347.062,-1.125,-1.438,22.93,-82.188,-5.562,-18.25,0.011,0.0,0.0,-0.43,0.16,9.41,-0.22,-0.1,-0.38,-0.2,0.26,9.8,0.20500000000000002,-1.25,0.0,0.0,4.4,7.0,1016.66,67.3,-14.22
2025-03-24 18:36:14.588000+00:00,,,,,347.062,-1.125,-1.438,22.93,-82.188,-5.562,-18.25,0.011,0.0,0.0,-0.43,0.16,9.41,-0.22,-0.1,-0.38,-0.2,0.26,9.8,0.20500000000000002,-1.25,0.0,0.0,4.4,7.0,1016.66,67.3,-14.22
2025-03-24 18:35:16.145000+00:00,,,,,347.062,-1.125,-1.438,22.93,-82.188,-5.562,-18.25,0.011,0.0,0.0,-0.43,0.16,9.41,-0.22,-0.1,-0.38,-0.2,0.26,9.8,0.20500000000000002,-1.25,0.0,0.0,4.4,7.0,1016.66,67.3,-14.22
2025-03-24 18:35:17.266000+00:00,,,,,347.062,-1.125,-1.438,22.93,-82.188,-5.562,-18.25,0.011,0.0,0.0,-0.43,0.16,9.41,-0.22,-0.1,-0.38,-0.2,0.26,9.8,0.20500000000000002,-1.25,0.0,0.0,4.4,7.0,1016.66,67.3,-14.22
2025-03-24 18:35:18.435000+00:00,,,,,347.062,-1.125,-1.438,22.93,-82.188,-5.562,-18.25,0.011,0.0,0.0,-0.43,0.16,9.41,-0.22,-0.1,-0.38,-0.2,0.26,9.8,0.20500000000000002,-1.25,0.0,0.0,4.4,7.0,1016.66,67.3,-14.22
2025-03-24 18:35:19.578000+00:00,,,,,347.062,-1.125,-1.438,22.93,-82.188,-5.562,-18.25,0.011,0.0,0.0,-0.43,0.16,9.41,-0.22,-0.1,-0.38,-0.2,0.26,9.8,0.20500000000000002,-1.25,0.0,0.0,4.4,7.0,1016.66,67.3,-14.22
2025-03-24 18:35:21.039000+00:00,,,,,347.062,-1.125,-1.438,22.93,-82.188,-5.562,-18.25,0.011,0.0,0.0,-0.43,0.16,9.41,-0.22,-0.1,-0.38,-0.2,0.26,9.8,0.20500000000000002,-1.25,0.0,0.0,4.4,7.0,1016.66,67.3,-14.22
2025-03-24 18:35:22.021000+00:00,,,,,347.062,-1.125,-1.438,22.93,-82.188,-5.562,-18.25,0.011,0.0,0.0,-0.43,0.16,9.41,-0.22,-0.1,-0.38,-0.2,0.26,9.8,0.20500000000000002,-1.25,0.0,0.0,4.4,7.0,1016.66,67.3,-14.22
2025-03-24 18:35:23.205000+00:00,,,,,347.062,-1.125,-1.438,22.93,-82.188,-5.562,-18.25,0.011,0.0,0.0,-0.43,0.16,9.41,-0.22,-0.1,-0.38,-0.2,0.26,9.8,0.20500000000000002,-1.25,0.0,0.0,4.4,7.0,1016.66,67.3,-14.22
2025-03-24 18:35:24.251000+00:00,,,,,347.062,-1.125,-1.438,22.93,-82.188,-5.562,-18.25,0.011,0.0,0.0,-0.43,0.16,9.41,-0.22,-0.1,-0.38,-0.2,0.26,9.8,0.20500000000000002,-1.25,0.0,0.0,4.4,7.0,1016.66,67.3,-14.22
2025-03-24 18:35:25.204000+00:00,,,,,347.062,-1.125,-1.438,22.93,-82.188,-5.562,-18.25,0.011,0.0,0.0,-0.43,0.16,9.41,-0.22,-0.1,-0.38,-0.2,0.26,9.8,0.20500000000000002,-1.25,0.0,0.0,4.4,7.0,1016.66,67.3,-14.22
2025-03-24 18:35:26.255000+00:00,,,,,347.062,-1.125,-1.438,22.93,-82.188,-5.562,-18.25,0.011,0.0,0.0,-0.43,0.16,9.41,-0.22,-0.1,-0.38,-0.2,0.26,9.8,0.20500000000000002,-1.25,0.0,0.0,4.4,7.0,1016.66,67.3,-14.22
2025-03-24 18:35:27.313000+00:00,,,,,347.062,-1.125,-1.438,22.93,-82.188,-5.562,-18.25,0.011,0.0,0.0,-0.43,0.16,9.41,-0.22,-0.1,-0.38,-0.2,0.26,9.8,0.20500000000000002,-1.25,0.0,0.0,4.4,7.0,1016.66,67.3,-14.22
2025-03-24 18:35:28.458000+00:00,,,,,347.062,-1.125,-1.438,22.93,-82.188,-5.562,-18.25,0.011,0.0,0.0,-0.43,0.16,9.41,-0.22,-0.1,-0.38,-0.2,0.26,9.8,0.20500000000000002,-1.25,0.0,0.0,4.4,7.0,1016.66,67.3,-14.22
2025-03-24 18:35:29.490000+00:00,,,,,347.062,-1.125,-1.438,22.93,-82.188,-5.562,-18.25,0.011,0.0,0.0,-0.43,0.16,9.41,-0.22,-0.1,-0.38,-0.2,0.26,9.8,0.20500000000000002,-1.25,0.0,0.0,4.4,7.0,1016.66,67.3,-14.22
2025-03-24 18:35:30.644000+00:00,,,,,347.062,-1.125,-1.438,22.93,-82.188,-5.562,-18.25,0.011,0.0,0.0,-0.43,0.16,9.41,-0.22,-0.1,-0.38,-0.2,0.26,9.8,0.20500000000000002,-1.25,0.0,0.0,4.4,7.0,1016.66,67.3,-14.22
2025-03-24 18:35:32.330000+00:00,,,,,347.062,-1.125,-1.438,22.93,-82.188,-5.562,-18.25,0.011,0.0,0.0,-0.43,0.16,9.41,-0.22,-0.1,-0.38,-0.2,0.26,9.8,0.20500000000000002,-1.25,0.0,0.0,4.4,7.0,1016.66,67.3,-14.22
2025-03-24 18:35:33.334000+00:00,,,,,347.062,-1.125,-1.438,22.93,-82.188,-5.562,-18.25,0.011,0.0,0.0,-0.43,0.16,9.41,-0.22,-0.1,-0.38,-0.2,0.26,9.8,0.20500000000000002,-1.25,0.0,0.0,4.4,7.0,1016.66,67.3,-14.22
2025-03-24 18:35:34.330000+00:00,,,,,347.062,-1.125,-1.438,22.93,-82.188,-5.562,-18.25,0.011,0.0,0.0,-0.43,0.16,9.41,-0.22,-0.1,-0.38,-0.2,0.26,9.8,0.20500000000000002,-1.25,0.0,0.0,4.4,7.0,1016.66,67.3,-14.22
2025-03-24 18:35:35.317000+00:00,,,,,347.062,-1.125,-1.438,22.93,-82.188,-5.562,-18.25,0.011,0.0,0.0,-0.43,0.16,9.41,-0.22,-0.1,-0.38,-0.2,0.26,9.8,0.20500000000000002,-1.25,0.0,0.0,4.4,7.0,1016.66,67.3,-14.22
2025-03-24 18:35:36.334000+00:00,,,,,347.062,-1.125,-1.438,22.93,-82.188,-5.562,-18.25,0.011,0.0,0.0,-0.43,0.16,9.41,-0.22,-0.1,-0.38,-0.2,0.26,9.8,0.20500000000000002,-1.25,0.0,0.0,4.4,7.0,1016.66,67.3,-14.22
2025-03-24 18:35:37.427000+00:00,,,,,347.062,-1.125,-1.438,22.93,-82.188,-5.562,-18.25,0.011,0.0,0.0,-0.43,0.16,9.41,-0.22,-0.1,-0.38,-0.2,0.26,9.8,0.20500000000000002,-1.25,0.0,0.0,4.4,7.0,1016.66,67.3,-14.22
2025-03-24 18:35:38.486000+00:00,,,,,347.062,-1.125,-1.438,22.93,-82.188,-5.562,-18.25,0.011,0.0,0.0,-0.43,0.16,9.41,-0.22,-0.1,-0.38,-0.2,0.26,9.8,0.20500000000000002,-1.25,0.0,0.0,4.4,7.0,1016.66,67.3,-14.22
2025-03-24 18:35:40.355000+00:00,,,,,347.062,-1.125,-1.438,22.93,-82.188,-5.562,-18.25,0.011,0.0,0.0,-0.43,0.16,9.41,-0.22,-0.1,-0.38,-0.2,0.26,9.8,0.20500000000000002,-1.25,0.0,0.0,4.4,7.0,1016.73,67.3,-14.22
2025-03-24 18:35:41.383000+00:00,,,,,347.062,-1.125,-1.438,22.93,-82.188,-5.562,-18.25,0.011,0.0,0.0,-0.43,0.16,9.41,-0.22,-0.1,-0.38,-0.2,0.26,9.8,0.20500000000000002,-1.25,0.0,0.0,4.4,7.0,1016.73,67.3,-14.22
2025-03-24 18:35:42.433000+00:00,,,,,347.062,-1.125,-1.438,22.93,-82.188,-5.562,-18.25,0.011,0.0,0.0,-0.43,0.16,9.41,-0.22,-0.1,-0.38,-0.2,0.26,9.8,0.20500000000000002,-1.25,0.0,0.0,4.4,7.0,1016.73,67.3,-14.22
2025-03-24 18:35:43.404000+00:00,,,,,347.062,-1.125,-1.438,22.93,-82.188,-5.562,-18.25,0.011,0.0,0.0,-0.43,0.16,9.41,-0.22,-0.1,-0.38,-0.2,0.26,9.8,0.20500000000000002,-1.25,0.0,0.0,4.4,7.0,1016.73,67.3,-14.22
2025-03-24 18:35:44.414000+00:00,,,,,347.062,-1.125,-1.438,22.93,-82.188,-5.562,-18.25,0.011,0.0,0.0,-0.43,0.16,9.41,-0.22,-0.1,-0.38,-0.2,0.26,9.8,0.20500000000000002,-1.25,0.0,0.0,4.4,7.0,1016.73,67.3,-14.22
2025-03-24 18:35:45.559000+00:00,,,,,347.062,-1.125,-1.438,22.93,-82.188,-5.562,-18.25,0.011,0.0,0.0,-0.43,0.16,9.41,-0.22,-0.1,-0.38,-0.2,0.26,9.8,0.20500000000000002,-1.25,0.0,0.0,4.4,7.0,1016.73,67.3,-14.22
2025-03-24 18:35:46.593000+00:00,,,,,347.062,-1.125,-1.438,22.93,-82.188,-5.562,-18.25,0.011,0.0,0.0,-0.43,0.16,9.41,-0.22,-0.1,-0.38,-0.2,0.26,9.8,0.20500000000000002,-1.25,0.0,0.0,4.4,7.0,1016.73,67.3,-14.22
2025-03-24 18:35:47.669000+00:00,,,,,347.062,-1.125,-1.438,22.93,-82.188,-5.562,-18.25,0.011,0.0,0.0,-0.43,0.16,9.41,-0.22,-0.1,-0.38,-0.2,0.26,9.8,0.20500000000000002,-1.25,0.0,0.0,4.4,7.0,1016.73,67.3,-14.22
2025-03-24 18:35:48.689000+00:00,,,,,347.062,-1.125,-1.438,22.93,-82.188,-5.562,-18.25,0.011,0.0,0.0,-0.43,0.16,9.41,-0.22,-0.1,-0.38,-0.2,0.26,9.8,0.20500000000000002,-1.25,0.0,0.0,4.4,7.0,1016.73,67.3,-14.22
2025-03-24 18:35:49.842000+00:00,,,,,347.062,-1.125,-1.438,22.93,-82.188,-5.562,-18.25,0.011,0.0,0.0,-0.43,0.16,9.41,-0.22,-0.1,-0.38,-0.2,0.26,9.8,0.20500000000000002,-1.25,0.0,0.0,4.4,7.0,1016.73,67.3,-14.22
2025-03-24 18:35:51.452000+00:00,,,,,347.062,-1.125,-1.438,22.93,-82.188,-5.562,-18.25,0.011,0.0,0.0,-0.43,0.16,9.41,-0.22,-0.1,-0.38,-0.2,0.26,9.8,0.20500000000000002,-1.25,0.0,0.0,4.4,7.0,1016.73,67.3,-14.22
2025-03-24 18:35:52.493000+00:00,,,,,347.062,-1.125,-1.438,22.93,-82.188,-5.562,-18.25,0.011,0.0,0.0,-0.43,0.16,9.41,-0.22,-0.1,-0.38,-0.2,0.26,9.8,0.20500000000000002,-1.25,0.0,0.0,4.4,7.0,1016.73,67.3,-14.22
2025-03-24 18:35:53.452000+00:00,,,,,347.062,-1.125,-1.438,22.93,-82.188,-5.562,-18.25,0.011,0.0,0.0,-0.43,0.16,9.41,-0.22,-0.1,-0.38,-0.2,0.26,9.8,0.20500000000000002,-1.25,0.0,0.0,4.4,7.0,1016.73,67.3,-14.22
2025-03-24 18:35:54.463000+00:00,,,,,347.062,-1.125,-1.438,22.93,-82.188,-5.562,-18.25,0.011,0.0,0.0,-0.43,0.16,9.41,-0.22,-0.1,-0.38,-0.2,0.26,9.8,0.20500000000000002,-1.25,0.0,0.0,4.4,7.0,1016.73,67.3,-14.22
2025-03-24 18:35:55.572000+00:00,,,,,347.062,-1.125,-1.438,22.93,-82.188,-5.562,-18.25,0.011,0.0,0.0,-0.43,0.16,9.41,-0.22,-0.1,-0.38,-0.2,0.26,9.8,0.20500000000000002,-1.25,0.0,0.0,4.4,7.0,1016.73,67.3,-14.22
2025-03-24 18:35:56.611000+00:00,,,,,347.062,-1.125,-1.438,22.93,-82.188,-5.562,-18.25,0.011,0.0,0.0,-0.43,0.16,9.41,-0.22,-0.1,-0.38,-0.2,0.26,9.8,0.20500000000000002,-1.25,0.0,0.0,4.4,7.0,1016.73,67.3,-14.22
2025-03-24 18:35:57.662000+00:00,,,,,347.062,-1.125,-1.438,22.93,-82.188,-5.562,-18.25,0.011,0.0,0.0,-0.43,0.16,9.41,-0.22,-0.1,-0.38,-0.2,0.26,9.8,0.20500000000000002,-1.25,0.0,0.0,4.4,7.0,1016.73,67.3,-14.22
2025-03-24 18:35:58.812000+00:00,,,,,347.062,-1.125,-1.438,22.93,-82.188,-5.562,-18.25,0.011,0.0,0.0,-0.43,0.16,9.41,-0.22,-0.1,-0.38,-0.2,0.26,9.8,0.20500000000000002,-1.25,0.0,0.0,4.4,7.0,1016.73,67.3,-14.22
2025-03-24 18:36:00.093000+00:00,,,,,347.062,-1.125,-1.438,22.93,-82.188,-5.562,-18.25,0.011,0.0,0.0,-0.43,0.16,9.41,-0.22,-0.1,-0.38,-0.2,0.26,9.8,0.20500000000000002,-1.25,0.0,0.0,4.4,7.0,1016.73,67.3,-14.22
2025-03-24 18:36:01.492000+00:00,,,,,347.062,-1.125,-1.438,22.93,-82.188,-5.562,-18.25,0.011,0.0,0.0,-0.43,0.16,9.41,-0.22,-0.1,-0.38,-0.2,0.26,9.8,0.20500000000000002,-1.25,0.0,0.0,4.4,7.0,1016.73,67.3,-14.22
2025-03-24 18:36:02.502000+00:00,,,,,347.062,-1.125,-1.438,22.93,-82.188,-5.562,-18.25,0.011,0.0,0.0,-0.43,0.16,9.41,-0.22,-0.1,-0.38,-0.2,0.26,9.8,0.20500000000000002,-1.25,0.0,0.0,4.4,7.0,1016.73,67.3,-14.22
2025-03-24 18:36:03.546000+00:00,,,,,347.062,-1.125,-1.438,22.93,-82.188,-5.562,-18.25,0.011,0.0,0.0,-0.43,0.16,9.41,-0.22,-0.1,-0.38,-0.2,0.26,9.8,0.20500000000000002,-1.25,0.0,0.0,4.4,7.0,1016.73,67.3,-14.22
2025-03-24 18:36:04.505000+00:00,,,,,347.062,-1.125,-1.438,22.93,-82.188,-5.562,-18.25,0.011,0.0,0.0,-0.43,0.16,9.41,-0.22,-0.1,-0.38,-0.2,0.26,9.8,0.20500000000000002,-1.25,0.0,0.0,4.4,7.0,1016.73,67.3,-14.22
2025-03-24 18:36:05.519000+00:00,,,,,347.062,-1.125,-1.438,22.93,-82.188,-5.562,-18.25,0.011,0.0,0.0,-0.43,0.16,9.41,-0.22,-0.1,-0.38,-0.2,0.26,9.8,0.20500000000000002,-1.25,0.0,0.0,4.4,7.0,1016.73,67.3,-14.22
2025-03-24 18:36:06.534000+00:00,,,,,347.062,-1.125,-1.438,22.93,-82.188,-5.562,-18.25,0.011,0.0,0.0,-0.43,0.16,9.41,-0.22,-0.1,-0.38,-0.2,0.26,9.8,0.20500000000000002,-1.25,0.0,0.0,4.4,7.0,1016.73,67.3,-14.22
2025-03-24 18:36:07.688000+00:00,,,,,347.062,-1.125,-1.438,22.93,-82.188,-5.562,-18.25,0.011,0.0,0.0,-0.43,0.16,9.41,-0.22,-0.1,-0.38,-0.2,0.26,9.8,0.20500000000000002,-1.25,0.0,0.0,4.4,7.0,1016.73,67.3,-14.22
2025-03-24 18:36:09.542000+00:00,,,,,347.062,-1.125,-1.438,22.93,-82.188,-5.562,-18.25,0.011,0.0,0.0,-0.43,0.16,9.41,-0.22,-0.1,-0.38,-0.2,0.26,9.8,0.20500000000000002,-1.25,0.0,0.0,4.4,7.0,1016.73,67.3,-14.22
2025-03-24 18:36:10.543000+00:00,,,,,347.062,-1.125,-1.438,22.93,-82.188,-5.562,-18.25,0.011,0.0,0.0,-0.43,0.16,9.41,-0.22,-0.1,-0.38,-0.2,0.26,9.8,0.20500000000000002,-1.25,0.0,0.0,4.4,7.0,1016.71,67.3,-14.22
2025-03-24 18:36:11.521000+00:00,,,,,347.062,-1.125,-1.438,22.93,-82.188,-5.562,-18.25,0.011,0.0,0.0,-0.43,0.16,9.41,-0.22,-0.1,-0.38,-0.2,0.26,9.8,0.20500000000000002,-1.25,0.0,0.0,4.4,7.0,1016.71,67.3,-14.22
2025-03-24 18:36:12.562000+00:00,,,,,347.062,-1.125,-1.438,22.93,-82.188,-5.562,-18.25,0.011,0.0,0.0,-0.43,0.16,9.41,-0.22,-0.1,-0.38,-0.2,0.26,9.8,0.20500000000000002,-1.25,0.0,0.0,4.4,7.0,1016.71,67.3,-14.22
2025-03-24 18:36:13.591000+00:00,,,,,347.062,-1.125,-1.438,22.93,-82.188,-5.562,-18.25,0.011,0.0,0.0,-0.43,0.16,9.41,-0.22,-0.1,-0.38,-0.2,0.26,9.8,0.20500000000000002,-1.25,0.0,0.0,4.4,7.0,1016.71,67.3,-14.22
2025-03-24 18:36:14.741000+00:00,,,,,347.062,-1.125,-1.438,22.93,-82.188,-5.562,-18.25,0.011,0.0,0.0,-0.43,0.16,9.41,-0.22,-0.1,-0.38,-0.2,0.26,9.8,0.20500000000000002,-1.25,0.0,0.0,4.4,7.0,1016.71,67.3,-14.22
2025-03-24 18:35:16.092000+00:00,,,,,347.062,-1.125,-1.438,22.93,-82.188,-5.562,-18.25,0.011,0.0,0.0,-0.43,0.16,9.41,-0.22,-0.1,-0.38,-0.2,0.26,9.8,0.20500000000000002,-1.25,0.0,0.0,4.4,7.0,1016.71,67.3,-14.22
2025-03-24 18:35:17.216000+00:00,,,,,347.062,-1.125,-1.438,22.93,-82.188,-5.562,-18.25,0.011,0.0,0.0,-0.43,0.16,9.41,-0.22,-0.1,-0.38,-0.2,0.26,9.8,0.20500000000000002,-1.25,0.0,0.0,4.4,7.0,1016.71,67.3,-14.22
2025-03-24 18:35:18.386000+00:00,,,,,347.062,-1.125,-1.438,22.93,-82.188,-5.562,-18.25,0.011,0.0,0.0,-0.43,0.16,9.41,-0.22,-0.1,-0.38,-0.2,0.26,9.8,0.20500000000000002,-1.25,0.0,0.0,4.4,7.0,1016.71,67.3,-14.22
2025-03-24 18:35:19.515000+00:00,,,,,347.062,-1.125,-1.438,22.93,-82.188,-5.562,-18.25,0.011,0.0,0.0,-0.43,0.16,9.41,-0.22,-0.1,-0.38,-0.2,0.26,9.8,0.20500000000000002,-1.25,0.0,0.0,4.4,7.0,1016.71,67.3,-14.22
2025-03-24 18:35:20.981000+00:00,,,,,347.062,-1.125,-1.438,22.93,-82.188,-5.562,-18.25,0.011,0.0,0.0,-0.43,0.16,9.41,-0.22,-0.1,-0.38,-0.2,0.26,9.8,0.20500000000000002,-1.25,0.0,0.0,4.4,7.0,1016.71,67.3,-14.22
2025-03-24 18:35:21.961000+00:00,,,,,347.062,-1.125,-1.438,22.93,-82.188,-5.562,-18.25,0.011,0.0,0.0,-0.43,0.16,9.41,-0.22,-0.1,-0.38,-0.2,0.26,9.8,0.20500000000000002,-1.25,0.0,0.0,4.4,7.0,1016.71,67.3,-14.22
2025-03-24 18:35:23.154000+00:00,,,,,347.062,-1.125,-1.438,22.93,-82.188,-5.562,-18.25,0.011,0.0,0.0,-0.43,0.16,9.41,-0.22,-0.1,-0.38,-0.2,0.26,9.8,0.20500000000000002,-1.25,0.0,0.0,4.4,7.0,1016.71,67.3,-14.22
2025-03-24 18:35:24.191000+00:00,,,,,347.062,-1.125,-1.438,22.93,-82.188,-5.562,-18.25,0.011,0.0,0.0,-0.43,0.16,9.41,-0.22,-0.1,-0.38,-0.2,0.26,9.8,0.20500000000000002,-1.25,0.0,0.0,4.4,7.0,1016.71,67.3,-14.22
2025-03-24 18:35:25.151000+00:00,,,,,347.062,-1.125,-1.438,22.93,-82.188,-5.562,-18.25,0.011,0.0,0.0,-0.43,0.16,9.41,-0.22,-0.1,-0.38,-0.2,0.26,9.8,0.20500000000000002,-1.25,0.0,0.0,4.4,7.0,1016.71,67.3,-14.22
2025-03-24 18:35:26.204000+00:00,,,,,347.062,-1.125,-1.438,22.93,-82.188,-5.562,-18.25,0.011,0.0,0.0,-0.43,0.16,9.41,-0.22,-0.1,-0.38,-0.2,0.26,9.8,0.20500000000000002,-1.25,0.0,0.0,4.4,7.0,1016.71,67.3,-14.22
2025-03-24 18:35:27.255000+00:00,,,,,347.062,-1.125,-1.438,22.93,-82.188,-5.562,-18.25,0.011,0.0,0.0,-0.43,0.16,9.41,-0.22,-0.1,-0.38,-0.2,0.26,9.8,0.20500000000000002,-1.25,0.0,0.0,4.4,7.0,1016.71,67.3,-14.22
2025-03-24 18:35:28.407000+00:00,,,,,347.062,-1.125,-1.438,22.93,-82.188,-5.562,-18.25,0.011,0.0,0.0,-0.43,0.16,9.41,-0.22,-0.1,-0.38,-0.2,0.26,9.8,0.20500000000000002,-1.25,0.0,0.0,4.4,7.0,1016.71,67.3,-14.22
2025-03-24 18:35:29.435000+00:00,,,,,347.062,-1.125,-1.438,22.93,-82.188,-5.562,-18.25,0.011,0.0,0.0,-0.43,0.16,9.41,-0.22,-0.1,-0.38,-0.2,0.26,9.8,0.20500000000000002,-1.25,0.0,0.0,4.4,7.0,1016.71,67.3,-14.22
2025-03-24 18:35:30.594000+00:00,,,,,347.062,-1.125,-1.438,22.93,-82.188,-5.562,-18.25,0.011,0.0,0.0,-0.43,0.16,9.41,-0.22,-0.1,-0.38,-0.2,0.26,9.8,0.20500000000000002,-1.25,0.0,0.0,4.4,7.0,1016.71,67.3,-14.22
2025-03-24 18:35:32.270000+00:00,,,,,347.062,-1.125,-1.438,22.93,-82.188,-5.562,-18.25,0.011,0.0,0.0,-0.43,0.16,9.41,-0.22,-0.1,-0.38,-0.2,0.26,9.8,0.20500000000000002,-1.25,0.0,0.0,4.4,7.0,1016.71,67.3,-14.22
2025-03-24 18:35:33.280000+00:00,,,,,347.062,-1.125,-1.438,22.93,-82.188,-5.562,-18.25,0.011,0.0,0.0,-0.43,0.16,9.41,-0.22,-0.1,-0.38,-0.2,0.26,9.8,0.20500000000000002,-1.25,0.0,0.0,4.4,7.0,1016.71,67.3,-14.22
2025-03-24 18:35:34.279000+00:00,,,,,347.062,-1.125,-1.438,22.93,-82.188,-5.562,-18.25,0.011,0.0,0.0,-0.43,0.16,9.41,-0.22,-0.1,-0.38,-0.2,0.26,9.8,0.20500000000000002,-1.25,0.0,0.0,4.4,7.0,1016.71,67.3,-14.22
2025-03-24 18:35:35.267000+00:00,,,,,347.062,-1.125,-1.438,22.93,-82.188,-5.562,-18.25,0.011,0.0,0.0,-0.43,0.16,9.41,-0.22,-0.1,-0.38,-0.2,0.26,9.8,0.20500000000000002,-1.25,0.0,0.0,4.4,7.0,1016.71,67.3,-14.22
2025-03-24 18:35:36.288000+00:00,,,,,347.062,-1.125,-1.438,22.93,-82.188,-5.562,-18.25,0.011,0.0,0.0,-0.43,0.16,9.41,-0.22,-0.1,-0.38,-0.2,0.26,9.8,0.20500000000000002,-1.25,0.0,0.0,4.4,7.0,1016.71,67.3,-14.22
2025-03-24 18:35:37.375000+00:00,,,,,347.062,-1.125,-1.438,22.93,-82.188,-5.562,-18.25,0.011,0.0,0.0,-0.43,0.16,9.41,-0.22,-0.1,-0.38,-0.2,0.26,9.8,0.20500000000000002,-1.25,0.0,0.0,4.4,7.0,1016.71,67.3,-14.22
2025-03-24 18:35:38.430000+00:00,,,,,347.062,-1.125,-1.438,22.93,-82.188,-5.562,-18.25,0.011,0.0,0.0,-0.43,0.16,9.41,-0.22,-0.1,-0.38,-0.2,0.26,9.8,0.20500000000000002,-1.25,0.0,0.0,4.4,7.0,1016.71,67.3,-14.22
2025-03-24 18:35:40.304000+00:00,,,,,347.062,-1.125,-1.438,22.93,-82.188,-5.562,-18.25,0.011,0.0,0.0,-0.43,0.16,9.41,-0.22,-0.1,-0.38,-0.2,0.26,9.8,0.20500000000000002,-1.25,0.0,0.0,4.4,7.0,1016.71,67.32,-14.22
2025-03-24 18:35:41.333000+00:00,,,,,347.062,-1.125,-1.438,22.93,-82.188,-5.562,-18.25,0.011,0.0,0.0,-0.43,0.16,9.41,-0.22,-0.1,-0.38,-0.2,0.26,9.8,0.20500000000000002,-1.25,0.0,0.0,4.4,7.0,1016.71,67.32,-14.22
2025-03-24 18:35:42.374000+00:00,,,,,347.062,-1.125,-1.438,22.93,-82.188,-5.562,-18.25,0.011,0.0,0.0,-0.43,0.16,9.41,-0.22,-0.1,-0.38,-0.2,0.26,9.8,0.20500000000000002,-1.25,0.0,0.0,4.4,7.0,1016.71,67.32,-14.22
2025-03-24 18:35:43.353000+00:00,,,,,347.062,-1.125,-1.438,22.93,-82.188,-5.562,-18.25,0.011,0.0,0.0,-0.43,0.16,9.41,-0.22,-0.1,-0.38,-0.2,0.26,9.8,0.20500000000000002,-1.25,0.0,0.0,4.4,7.0,1016.71,67.32,-14.22
2025-03-24 18:35:44.363000+00:00,,,,,347.062,-1.125,-1.438,22.93,-82.188,-5.562,-18.25,0.011,0.0,0.0,-0.43,0.16,9.41,-0.22,-0.1,-0.38,-0.2,0.26,9.8,0.20500000000000002,-1.25,0.0,0.0,4.4,7.0,1016.71,67.32,-14.22
2025-03-24 18:35:45.503000+00:00,,,,,347.062,-1.125,-1.438,22.93,-82.188,-5.562,-18.25,0.011,0.0,0.0,-0.43,0.16,9.41,-0.22,-0.1,-0.38,-0.2,0.26,9.8,0.20500000000000002,-1.25,0.0,0.0,4.4,7.0,1016.71,67.32,-14.22
2025-03-24 18:35:46.547000+00:00,,,,,347.062,-1.125,-1.438,22.93,-82.188,-5.562,-18.25,0.011,0.0,0.0,-0.43,0.16,9.41,-0.22,-0.1,-0.38,-0.2,0.26,9.8,0.20500000000000002,-1.25,0.0,0.0,4.4,7.0,1016.71,67.32,-14.22
2025-03-24 18:35:47.615000+00:00,,,,,347.062,-1.125,-1.438,22.93,-82.188,-5.562,-18.25,0.011,0.0,0.0,-0.43,0.16,9.41,-0.22,-0.1,-0.38,-0.2,0.26,9.8,0.20500000000000002,-1.25,0.0,0.0,4.4,7.0,1016.71,67.32,-14.22
2025-03-24 18:35:48.633000+00:00,,,,,347.062,-1.125,-1.438,22.93,-82.188,-5.562,-18.25,0.011,0.0,0.0,-0.43,0.16,9.41,-0.22,-0.1,-0.38,-0.2,0.26,9.8,0.20500000000000002,-1.25,0.0,0.0,4.4,7.0,1016.71,67.32,-14.22
2025-03-24 18:35:49.792000+00:00,,,,,347.062,-1.125,-1.438,22.93,-82.188,-5.562,-18.25,0.011,0.0,0.0,-0.43,0.16,9.41,-0.22,-0.1,-0.38,-0.2,0.26,9.8,0.20500000000000002,-1.25,0.0,0.0,4.4,7.0,1016.71,67.32,-14.22
2025-03-24 18:35:51.403000+00:00,,,,,347.062,-1.125,-1.438,22.93,-82.188,-5.562,-18.25,0.011,0.0,0.0,-0.43,0.16,9.41,-0.22,-0.1,-0.38,-0.2,0.26,9.8,0.20500000000000002,-1.25,0.0,0.0,4.4,7.0,1016.71,67.32,-14.22
2025-03-24 18:35:52.435000+00:00,,,,,347.062,-1.125,-1.438,22.93,-82.188,-5.562,-18.25,0.011,0.0,0.0,-0.43,0.16,9.41,-0.22,-0.1,-0.38,-0.2,0.26,9.8,0.20500000000000002,-1.25,0.0,0.0,4.4,7.0,1016.71,67.32,-14.22
2025-03-24 18:35:53.403000+00:00,,,,,347.062,-1.125,-1.438,22.93,-82.188,-5.562,-18.25,0.011,0.0,0.0,-0.43,0.16,9.41,-0.22,-0.1,-0.38,-0.2,0.26,9.8,0.20500000000000002,-1.25,0.0,0.0,4.4,7.0,1016.71,67.32,-14.22
2025-03-24 18:35:54.408000+00:00,,,,,347.062,-1.125,-1.438,22.93,-82.188,-5.562,-18.25,0.011,0.0,0.0,-0.43,0.16,9.41,-0.22,-0.1,-0.38,-0.2,0.26,9.8,0.20500000000000002,-1.25,0.0,0.0,4.4,7.0,1016.71,67.32,-14.22
2025-03-24 18:35:55.522000+00:00,,,,,347.062,-1.125,-1.438,22.93,-82.188,-5.562,-18.25,0.011,0.0,0.0,-0.43,0.16,9.41,-0.22,-0.1,-0.38,-0.2,0.26,9.8,0.20500000000000002,-1.25,0.0,0.0,4.4,7.0,1016.71,67.32,-14.22
2025-03-24 18:35:56.562000+00:00,,,,,347.062,-1.125,-1.438,22.93,-82.188,-5.562,-18.25,0.011,0.0,0.0,-0.43,0.16,9.41,-0.22,-0.1,-0.38,-0.2,0.26,9.8,0.20500000000000002,-1.25,0.0,0.0,4.4,7.0,1016.71,67.32,-14.22
2025-03-24 18:35:57.613000+00:00,,,,,347.062,-1.125,-1.438,22.93,-82.188,-5.562,-18.25,0.011,0.0,0.0,-0.43,0.16,9.41,-0.22,-0.1,-0.38,-0.2,0.26,9.8,0.20500000000000002,-1.25,0.0,0.0,4.4,7.0,1016.71,67.32,-14.22
2025-03-24 18:35:58.763000+00:00,,,,,347.062,-1.125,-1.438,22.93,-82.188,-5.562,-18.25,0.011,0.0,0.0,-0.43,0.16,9.41,-0.22,-0.1,-0.38,-0.2,0.26,9.8,0.20500000000000002,-1.25,0.0,0.0,4.4,7.0,1016.71,67.32,-14.22
2025-03-24 18:36:00.043000+00:00,,,,,347.062,-1.125,-1.438,22.93,-82.188,-5.562,-18.25,0.011,0.0,0.0,-0.43,0.16,9.41,-0.22,-0.1,-0.38,-0.2,0.26,9.8,0.20500000000000002,-1.25,0.0,0.0,4.4,7.0,1016.71,67.32,-14.22
2025-03-24 18:36:01.442000+00:00,,,,,347.062,-1.125,-1.438,22.93,-82.188,-5.562,-18.25,0.011,0.0,0.0,-0.43,0.16,9.41,-0.22,-0.1,-0.38,-0.2,0.26,9.8,0.20500000000000002,-1.25,0.0,0.0,4.4,7.0,1016.71,67.32,-14.22
2025-03-24 18:36:02.452000+00:00,,,,,347.062,-1.125,-1.438,22.93,-82.188,-5.562,-18.25,0.011,0.0,0.0,-0.43,0.16,9.41,-0.22,-0.1,-0.38,-0.2,0.26,9.8,0.20500000000000002,-1.25,0.0,0.0,4.4,7.0,1016.71,67.32,-14.22
2025-03-24 18:36:03.496000+00:00,,,,,347.062,-1.125,-1.438,22.93,-82.188,-5.562,-18.25,0.011,0.0,0.0,-0.43,0.16,9.41,-0.22,-0.1,-0.38,-0.2,0.26,9.8,0.20500000000000002,-1.25,0.0,0.0,4.4,7.0,1016.71,67.32,-14.22
2025-03-24 18:36:04.448000+00:00,,,,,347.062,-1.125,-1.438,22.93,-82.188,-5.562,-18.25,0.011,0.0,0.0,-0.43,0.16,9.41,-0.22,-0.1,-0.38,-0.2,0.26,9.8,0.20500000000000002,-1.25,0.0,0.0,4.4,7.0,1016.71,67.32,-14.22
2025-03-24 18:36:05.464000+00:00,,,,,347.062,-1.125,-1.438,22.93,-82.188,-5.562,-18.25,0.011,0.0,0.0,-0.43,0.16,9.41,-0.22,-0.1,-0.38,-0.2,0.26,9.8,0.20500000000000002,-1.25,0.0,0.0,4.4,7.0,1016.71,67.32,-14.22
2025-03-24 18:36:06.479000+00:00,,,,,347.062,-1.125,-1.438,22.93,-82.188,-5.562,-18.25,0.011,0.0,0.0,-0.43,0.16,9.41,-0.22,-0.1,-0.38,-0.2,0.26,9.8,0.20500000000000002,-1.25,0.0,0.0,4.4,7.0,1016.71,67.32,-14.22
2025-03-24 18:36:07.631000+00:00,,,,,347.062,-1.125,-1.438,22.93,-82.188,-5.562,-18.25,0.011,0.0,0.0,-0.43,0.16,9.41,-0.22,-0.1,-0.38,-0.2,0.26,9.8,0.20500000000000002,-1.25,0.0,0.0,4.4,7.0,1016.71,67.32,-14.22
2025-03-24 18:36:09.492000+00:00,,,,,347.062,-1.125,-1.438,22.93,-82.188,-5.562,-18.25,0.011,0.0,0.0,-0.43,0.16,9.41,-0.22,-0.1,-0.38,-0.2,0.26,9.8,0.20500000000000002,-1.25,0.0,0.0,4.4,7.0,1016.71,67.32,-14.22
2025-03-24 18:36:10.496000+00:00,,,,,347.062,-1.125,-1.438,22.93,-82.188,-5.562,-18.25,0.011,0.0,0.0,-0.43,0.16,9.41,-0.22,-0.1,-0.38,-0.2,0.26,9.8,0.20500000000000002,-1.25,0.0,0.0,4.4,7.0,1016.71,67.42,-14.22
2025-03-24 18:36:11.471000+00:00,,,,,347.062,-1.125,-1.438,22.93,-82.188,-5.562,-18.25,0.011,0.0,0.0,-0.43,0.16,9.41,-0.22,-0.1,-0.38,-0.2,0.26,9.8,0.20500000000000002,-1.25,0.0,0.0,4.4,7.0,1016.71,67.42,-14.22
2025-03-24 18:36:12.512000+00:00,,,,,347.062,-1.125,-1.438,22.93,-82.188,-5.562,-18.25,0.011,0.0,0.0,-0.43,0.16,9.41,-0.22,-0.1,-0.38,-0.2,0.26,9.8,0.20500000000000002,-1.25,0.0,0.0,4.4,7.0,1016.71,67.42,-14.22
2025-03-24 18:36:13.542000+00:00,,,,,347.062,-1.125,-1.438,22.93,-82.188,-5.562,-18.25,0.011,0.0,0.0,-0.43,0.16,9.41,-0.22,-0.1,-0.38,-0.2,0.26,9.8,0.20500000000000002,-1.25,0.0,0.0,4.4,7.0,1016.71,67.42,-14.22
2025-03-24 18:36:14.691000+00:00,,,,,347.062,-1.125,-1.438,22.93,-82.188,-5.562,-18.25,0.011,0.0,0.0,-0.43,0.16,9.41,-0.22,-0.1,-0.38,-0.2,0.26,9.8,0.20500000000000002,-1.25,0.0,0.0,4.4,7.0,1016.71,67.42,-14.22
2025-03-24 18:35:16.195000+00:00,,,,,347.062,-1.125,-1.438,22.93,-82.188,-5.562,-18.25,0.011,0.0,0.0,-0.43,0.16,9.41,-0.22,-0.1,-0.38,-0.2,0.26,9.8,0.20500000000000002,-1.25,0.0,0.0,4.4,7.0,1016.71,67.42,-14.22
2025-03-24 18:35:17.321000+00:00,,,,,347.062,-1.125,-1.438,22.93,-82.188,-5.562,-18.25,0.011,0.0,0.0,-0.43,0.16,9.41,-0.22,-0.1,-0.38,-0.2,0.26,9.8,0.20500000000000002,-1.25,0.0,0.0,4.4,7.0,1016.71,67.42,-14.22
2025-03-24 18:35:18.484000+00:00,,,,,347.062,-1.125,-1.438,22.93,-82.188,-5.562,-18.25,0.011,0.0,0.0,-0.43,0.16,9.41,-0.22,-0.1,-0.38,-0.2,0.26,9.8,0.20500000000000002,-1.25,0.0,0.0,4.4,7.0,1016.71,67.42,-14.22
2025-03-24 18:35:19.635000+00:00,,,,,347.062,-1.125,-1.438,22.93,-82.188,-5.562,-18.25,0.011,0.0,0.0,-0.43,0.16,9.41,-0.22,-0.1,-0.38,-0.2,0.26,9.8,0.20500000000000002,-1.25,0.0,0.0,4.4,7.0,1016.71,67.42,-14.22
2025-03-24 18:35:21.101000+00:00,,,,,347.062,-1.125,-1.438,22.93,-82.188,-5.562,-18.25,0.011,0.0,0.0,-0.43,0.16,9.41,-0.22,-0.1,-0.38,-0.2,0.26,9.8,0.20500000000000002,-1.25,0.0,0.0,4.4,7.0,1016.71,67.42,-14.22
2025-03-24 18:35:22.081000+00:00,,,,,347.062,-1.125,-1.438,22.93,-82.188,-5.562,-18.25,0.011,0.0,0.0,-0.43,0.16,9.41,-0.22,-0.1,-0.38,-0.2,0.26,9.8,0.20500000000000002,-1.25,0.0,0.0,4.4,7.0,1016.71,67.42,-14.22
2025-03-24 18:35:23.259000+00:00,,,,,347.062,-1.125,-1.438,22.93,-82.188,-5.562,-18.25,0.011,0.0,0.0,-0.43,0.16,9.41,-0.22,-0.1,-0.38,-0.2,0.26,9.8,0.20500000000000002,-1.25,0.0,0.0,4.4,7.0,1016.71,67.42,-14.22
2025-03-24 18:35:24.311000+00:00,,,,,347.062,-1.125,-1.438,22.93,-82.188,-5.562,-18.25,0.011,0.0,0.0,-0.43,0.16,9.41,-0.22,-0.1,-0.38,-0.2,0.26,9.8,0.20500000000000002,-1.25,0.0,0.0,4.4,7.0,1016.71,67.42,-14.22
2025-03-24 18:35:25.263000+00:00,,,,,347.062,-1.125,-1.438,22.93,-82.188,-5.562,-18.25,0.011,0.0,0.0,-0.43,0.16,9.41,-0.22,-0.1,-0.38,-0.2,0.26,9.8,0.20500000000000002,-1.25,0.0,0.0,4.4,7.0,1016.71,67.42,-14.22
2025-03-24 18:35:26.305000+00:00,,,,,347.062,-1.125,-1.438,22.93,-82.188,-5.562,-18.25,0.011,0.0,0.0,-0.43,0.16,9.41,-0.22,-0.1,-0.38,-0.2,0.26,9.8,0.20500000000000002,-1.25,0.0,0.0,4.4,7.0,1016.71,67.42,-14.22
2025-03-24 18:35:27.364000+00:00,,,,,347.062,-1.125,-1.438,22.93,-82.188,-5.562,-18.25,0.011,0.0,0.0,-0.43,0.16,9.41,-0.22,-0.1,-0.38,-0.2,0.26,9.8,0.20500000000000002,-1.25,0.0,0.0,4.4,7.0,1016.71,67.42,-14.22
2025-03-24 18:35:28.507000+00:00,,,,,347.062,-1.125,-1.438,22.93,-82.188,-5.562,-18.25,0.011,0.0,0.0,-0.43,0.16,9.41,-0.22,-0.1,-0.38,-0.2,0.26,9.8,0.20500000000000002,-1.25,0.0,0.0,4.4,7.0,1016.71,67.42,-14.22
2025-03-24 18:35:29.543000+00:00,,,,,347.062,-1.125,-1.438,22.93,-82.188,-5.562,-18.25,0.011,0.0,0.0,-0.43,0.16,9.41,-0.22,-0.1,-0.38,-0.2,0.26,9.8,0.20500000000000002,-1.25,0.0,0.0,4.4,7.0,1016.71,67.42,-14.22
2025-03-24 18:35:30.700000+00:00,,,,,347.062,-1.125,-1.438,22.93,-82.188,-5.562,-18.25,0.011,0.0,0.0,-0.43,0.16,9.41,-0.22,-0.1,-0.38,-0.2,0.26,9.8,0.20500000000000002,-1.25,0.0,0.0,4.4,7.0,1016.71,67.42,-14.22
2025-03-24 18:35:32.391000+00:00,,,,,347.062,-1.125,-1.438,22.93,-82.188,-5.562,-18.25,0.011,0.0,0.0,-0.43,0.16,9.41,-0.22,-0.1,-0.38,-0.2,0.26,9.8,0.20500000000000002,-1.25,0.0,0.0,4.4,7.0,1016.71,67.42,-14.22
2025-03-24 18:35:33.389000+00:00,,,,,347.062,-1.125,-1.438,22.93,-82.188,-5.562,-18.25,0.011,0.0,0.0,-0.43,0.16,9.41,-0.22,-0.1,-0.38,-0.2,0.26,9.8,0.20500000000000002,-1.25,0.0,0.0,4.4,7.0,1016.71,67.42,-14.22
2025-03-24 18:35:34.383000+00:00,,,,,347.062,-1.125,-1.438,22.93,-82.188,-5.562,-18.25,0.011,0.0,0.0,-0.43,0.16,9.41,-0.22,-0.1,-0.38,-0.2,0.26,9.8,0.20500000000000002,-1.25,0.0,0.0,4.4,7.0,1016.71,67.42,-14.22
2025-03-24 18:35:35.364000+00:00,,,,,347.062,-1.125,-1.438,22.93,-82.188,-5.562,-18.25,0.011,0.0,0.0,-0.43,0.16,9.41,-0.22,-0.1,-0.38,-0.2,0.26,9.8,0.20500000000000002,-1.25,0.0,0.0,4.4,7.0,1016.71,67.42,-14.22
2025-03-24 18:35:36.385000+00:00,,,,,347.062,-1.125,-1.438,22.93,-82.188,-5.562,-18.25,0.011,0.0,0.0,-0.43,0.16,9.41,-0.22,-0.1,-0.38,-0.2,0.26,9.8,0.20500000000000002,-1.25,0.0,0.0,4.4,7.0,1016.71,67.42,-14.22
2025-03-24 18:35:37.476000+00:00,,,,,347.062,-1.125,-1.438,22.93,-82.188,-5.562,-18.25,0.011,0.0,0.0,-0.43,0.16,9.41,-0.22,-0.1,-0.38,-0.2,0.26,9.8,0.20500000000000002,-1.25,0.0,0.0,4.4,7.0,1016.71,67.42,-14.22
2025-03-24 18:35:38.534000+00:00,,,,,347.062,-1.125,-1.438,22.93,-82.188,-5.562,-18.25,0.011,0.0,0.0,-0.43,0.16,9.41,-0.22,-0.1,-0.38,-0.2,0.26,9.8,0.20500000000000002,-1.25,0.0,0.0,4.4,7.0,1016.71,67.42,-14.22
2025-03-24 18:35:40.405000+00:00,,,,,347.062,-1.125,-1.438,22.93,-82.188,-5.562,-18.25,0.011,0.0,0.0,-0.43,0.16,9.41,-0.22,-0.1,-0.38,-0.2,0.26,9.8,0.20500000000000002,-1.25,0.0,0.0,4.4,7.0,1016.71,67.42,-14.42
2025-03-24 18:35:41.434000+00:00,,,,,347.062,-1.125,-1.438,22.93,-82.188,-5.562,-18.25,0.011,0.0,0.0,-0.43,0.16,9.41,-0.22,-0.1,-0.38,-0.2,0.26,9.8,0.20500000000000002,-1.25,0.0,0.0,4.4,7.0,1016.71,67.42,-14.42
2025-03-24 18:35:42.484000+00:00,,,,,347.062,-1.125,-1.438,22.93,-82.188,-5.562,-18.25,0.011,0.0,0.0,-0.43,0.16,9.41,-0.22,-0.1,-0.38,-0.2,0.26,9.8,0.20500000000000002,-1.25,0.0,0.0,4.4,7.0,1016.71,67.42,-14.42
2025-03-24 18:35:43.459000+00:00,,,,,347.062,-1.125,-1.438,22.93,-82.188,-5.562,-18.25,0.011,0.0,0.0,-0.43,0.16,9.41,-0.22,-0.1,-0.38,-0.2,0.26,9.8,0.20500000000000002,-1.25,0.0,0.0,4.4,7.0,1016.71,67.42,-14.42
2025-03-24 18:35:44.463000+00:00,,,,,347.062,-1.125,-1.438,22.93,-82.188,-5.562,-18.25,0.011,0.0,0.0,-0.43,0.16,9.41,-0.22,-0.1,-0.38,-0.2,0.26,9.8,0.20500000000000002,-1.25,0.0,0.0,4.4,7.0,1016.71,67.42,-14.42
2025-03-24 18:35:45.613000+00:00,,,,,347.062,-1.125,-1.438,22.93,-82.188,-5.562,-18.25,0.011,0.0,0.0,-0.43,0.16,9.41,-0.22,-0.1,-0.38,-0.2,0.26,9.8,0.20500000000000002,-1.25,0.0,0.0,4.4,7.0,1016.71,67.42,-14.42
2025-03-24 18:35:46.649000+00:00,,,,,347.062,-1.125,-1.438,22.93,-82.188,-5.562,-18.25,0.011,0.0,0.0,-0.43,0.16,9.41,-0.22,-0.1,-0.38,-0.2,0.26,9.8,0.20500000000000002,-1.25,0.0,0.0,4.4,7.0,1016.71,67.42,-14.42
2025-03-24 18:35:47.723000+00:00,,,,,347.062,-1.125,-1.438,22.93,-82.188,-5.562,-18.25,0.011,0.0,0.0,-0.43,0.16,9.41,-0.22,-0.1,-0.38,-0.2,0.26,9.8,0.20500000000000002,-1.25,0.0,0.0,4.4,7.0,1016.71,67.42,-14.42
2025-03-24 18:35:48.743000+00:00,,,,,347.062,-1.125,-1.438,22.93,-82.188,-5.562,-18.25,0.011,0.0,0.0,-0.43,0.16,9.41,-0.22,-0.1,-0.38,-0.2,0.26,9.8,0.20500000000000002,-1.25,0.0,0.0,4.4,7.0,1016.71,67.42,-14.42
2025-03-24 18:35:49.892000+00:00,,,,,347.062,-1.125,-1.438,22.93,-82.188,-5.562,-18.25,0.011,0.0,0.0,-0.43,0.16,9.41,-0.22,-0.1,-0.38,-0.2,0.26,9.8,0.20500000000000002,-1.25,0.0,0.0,4.4,7.0,1016.71,67.42,-14.42
2025-03-24 18:35:51.512000+00:00,,,,,347.062,-1.125,-1.438,22.93,-82.188,-5.562,-18.25,0.011,0.0,0.0,-0.43,0.16,9.41,-0.22,-0.1,-0.38,-0.2,0.26,9.8,0.20500000000000002,-1.25,0.0,0.0,4.4,7.0,1016.71,67.42,-14.42
2025-03-24 18:35:52.543000+00:00,,,,,347.062,-1.125,-1.438,22.93,-82.188,-5.562,-18.25,0.011,0.0,0.0,-0.43,0.16,9.41,-0.22,-0.1,-0.38,-0.2,0.26,9.8,0.20500000000000002,-1.25,0.0,0.0,4.4,7.0,1016.71,67.42,-14.42
2025-03-24 18:35:53.503000+00:00,,,,,347.062,-1.125,-1.438,22.93,-82.188,-5.562,-18.25,0.011,0.0,0.0,-0.43,0.16,9.41,-0.22,-0.1,-0.38,-0.2,0.26,9.8,0.20500000000000002,-1.25,0.0,0.0,4.4,7.0,1016.71,67.42,-14.42
2025-03-24 18:35:54.512000+00:00,,,,,347.062,-1.125,-1.438,22.93,-82.188,-5.562,-18.25,0.011,0.0,0.0,-0.43,0.16,9.41,-0.22,-0.1,-0.38,-0.2,0.26,9.8,0.20500000000000002,-1.25,0.0,0.0,4.4,7.0,1016.71,67.42,-14.42
2025-03-24 18:35:55.622000+00:00,,,,,347.062,-1.125,-1.438,22.93,-82.188,-5.562,-18.25,0.011,0.0,0.0,-0.43,0.16,9.41,-0.22,-0.1,-0.38,-0.2,0.26,9.8,0.20500000000000002,-1.25,0.0,0.0,4.4,7.0,1016.71,67.42,-14.42
2025-03-24 18:35:56.663000+00:00,,,,,347.062,-1.125,-1.438,22.93,-82.188,-5.562,-18.25,0.011,0.0,0.0,-0.43,0.16,9.41,-0.22,-0.1,-0.38,-0.2,0.26,9.8,0.20500000000000002,-1.25,0.0,0.0,4.4,7.0,1016.71,67.42,-14.42
2025-03-24 18:35:57.712000+00:00,,,,,347.062,-1.125,-1.438,22.93,-82.188,-5.562,-18.25,0.011,0.0,0.0,-0.43,0.16,9.41,-0.22,-0.1,-0.38,-0.2,0.26,9.8,0.20500000000000002,-1.25,0.0,0.0,4.4,7.0,1016.71,67.42,-14.42
2025-03-24 18:35:58.862000+00:00,,,,,347.062,-1.125,-1.438,22.93,-82.188,-5.562,-18.25,0.011,0.0,0.0,-0.43,0.16,9.41,-0.22,-0.1,-0.38,-0.2,0.26,9.8,0.20500000000000002,-1.25,0.0,0.0,4.4,7.0,1016.71,67.42,-14.42
2025-03-24 18:36:00.143000+00:00,,,,,347.062,-1.125,-1.438,22.93,-82.188,-5.562,-18.25,0.011,0.0,0.0,-0.43,0.16,9.41,-0.22,-0.1,-0.38,-0.2,0.26,9.8,0.20500000000000002,-1.25,0.0,0.0,4.4,7.0,1016.71,67.42,-14.42
2025-03-24 18:36:01.542000+00:00,,,,,347.062,-1.125,-1.438,22.93,-82.188,-5.562,-18.25,0.011,0.0,0.0,-0.43,0.16,9.41,-0.22,-0.1,-0.38,-0.2,0.26,9.8,0.20500000000000002,-1.25,0.0,0.0,4.4,7.0,1016.71,67.42,-14.42
2025-03-24 18:36:02.555000+00:00,,,,,347.062,-1.125,-1.438,22.93,-82.188,-5.562,-18.25,0.011,0.0,0.0,-0.43,0.16,9.41,-0.22,-0.1,-0.38,-0.2,0.26,9.8,0.20500000000000002,-1.25,0.0,0.0,4.4,7.0,1016.71,67.42,-14.42
2025-03-24 18:36:03.593000+00:00,,,,,347.062,-1.125,-1.438,22.93,-82.188,-5.562,-18.25,0.011,0.0,0.0,-0.43,0.16,9.41,-0.22,-0.1,-0.38,-0.2,0.26,9.8,0.20500000000000002,-1.25,0.0,0.0,4.4,7.0,1016.71,67.42,-14.42
2025-03-24 18:36:04.558000+00:00,,,,,347.062,-1.125,-1.438,22.93,-82.188,-5.562,-18.25,0.011,0.0,0.0,-0.43,0.16,9.41,-0.22,-0.1,-0.38,-0.2,0.26,9.8,0.20500000000000002,-1.25,0.0,0.0,4.4,7.0,1016.71,67.42,-14.42
2025-03-24 18:36:05.574000+00:00,,,,,347.062,-1.125,-1.438,22.93,-82.188,-5.562,-18.25,0.011,0.0,0.0,-0.43,0.16,9.41,-0.22,-0.1,-0.38,-0.2,0.26,9.8,0.20500000000000002,-1.25,0.0,0.0,4.4,7.0,1016.71,67.42,-14.42
2025-03-24 18:36:06.588000+00:00,,,,,347.062,-1.125,-1.438,22.93,-82.188,-5.562,-18.25,0.011,0.0,0.0,-0.43,0.16,9.41,-0.22,-0.1,-0.38,-0.2,0.26,9.8,0.20500000000000002,-1.25,0.0,0.0,4.4,7.0,1016.71,67.42,-14.42
2025-03-24 18:36:07.749000+00:00,,,,,347.062,-1.125,-1.438,22.93,-82.188,-5.562,-18.25,0.011,0.0,0.0,-0.43,0.16,9.41,-0.22,-0.1,-0.38,-0.2,0.26,9.8,0.20500000000000002,-1.25,0.0,0.0,4.4,7.0,1016.71,67.42,-14.42
2025-03-24 18:36:09.597000+00:00,,,,,347.062,-1.125,-1.438,22.93,-82.188,-5.562,-18.25,0.011,0.0,0.0,-0.43,0.16,9.41,-0.22,-0.1,-0.38,-0.2,0.26,9.8,0.20500000000000002,-1.25,0.0,0.0,4.4,7.0,1016.71,67.42,-14.42
2025-03-24 18:36:10.593000+00:00,,,,,347.062,-1.125,-1.438,22.93,-82.188,-5.562,-18.25,0.011,0.0,0.0,-0.43,0.16,9.41,-0.22,-0.1,-0.38,-0.2,0.26,9.8,0.20500000000000002,-1.25,0.0,0.0,4.4,7.0,1016.71,67.42,-14.09
2025-03-24 18:36:11.578000+00:00,,,,,347.062,-1.125,-1.438,22.93,-82.188,-5.562,-18.25,0.011,0.0,0.0,-0.43,0.16,9.41,-0.22,-0.1,-0.38,-0.2,0.26,9.8,0.20500000000000002,-1.25,0.0,0.0,4.4,7.0,1016.71,67.42,-14.09
2025-03-24 18:36:12.618000+00:00,,,,,347.062,-1.125,-1.438,22.93,-82.188,-5.562,-18.25,0.011,0.0,0.0,-0.43,0.16,9.41,-0.22,-0.1,-0.38,-0.2,0.26,9.8,0.20500000000000002,-1.25,0.0,0.0,4.4,7.0,1016.71,67.42,-14.09
2025-03-24 18:36:13.640000+00:00,,,,,347.062,-1.125,-1.438,22.93,-82.188,-5.562,-18.25,0.011,0.0,0.0,-0.43,0.16,9.41,-0.22,-0.1,-0.38,-0.2,0.26,9.8,0.20500000000000002,-1.25,0.0,0.0,4.4,7.0,1016.71,67.42,-14.09
2025-03-24 18:36:14.791000+00:00,,,,,347.062,-1.125,-1.438,22.93,-82.188,-5.562,-18.25,0.011,0.0,0.0,-0.43,0.16,9.41,-0.22,-0.1,-0.38,-0.2,0.26,9.8,0.20500000000000002,-1.25,0.0,0.0,4.4,7.0,1016.71,67.42,-14.09
