,rpm_value,rpm_blade_1,rpm_blade_2,rpm_blade_3,orientation_heading,orientation_roll,orientation_pitch,temperature_value,magnetometer_mx,magnetometer_my,magnetometer_mz,gyroscope_gx,gyroscope_gy,gyroscope_gz,accelerometer_ax,accelerometer_ay,accelerometer_az,linear_acceleration_lx,linear_acceleration_ly,linear_acceleration_lz,gravity_grx,gravity_gry,gravity_grz,voltage_value,current_value,power_value,servo_value,speed_value,direction_value,pressure_value,humidity_value,altitude_value
2025-03-24 18:32:27.759000+00:00,,,,,351.562,-0.875,-1.375,23.07,-81.75,-7.188,-18.562,0.013,0.002,0.04,-0.43,1.05,9.34,-0.28,0.81,-0.46,-0.15,0.23,9.8,0.15625,1.25,0.0,0.0,5.3,7.0,1016.69,66.84,-13.95
2025-03-24 18:32:28.771000+00:00,,,,,351.562,-0.875,-1.312,23.07,-81.75,-7.188,-18.562,0.013,0.002,0.04,-0.43,1.05,9.34,-0.28,0.81,-0.46,-0.15,0.23,9.8,0.15625,1.25,0.0,0.0,5.3,7.0,1016.69,66.84,-13.95
2025-03-24 18:32:29.899000+00:00,,,,,351.5,-0.75,-1.25,23.07,-81.75,-7.188,-18.562,0.013,0.002,0.04,-0.43,1.05,9.34,-0.28,0.81,-0.46,-0.15,0.23,9.8,0.15625,1.25,0.0,0.0,5.3,7.0,1016.69,66.84,-13.95
2025-03-24 18:32:30.848000+00:00,,,,,351.5,-0.938,-1.375,23.07,-81.75,-7.188,-18.562,0.013,0.002,0.04,-0.43,1.05,9.34,-0.28,0.81,-0.46,-0.15,0.23,9.8,0.15625,1.25,0.0,0.0,5.3,7.0,1016.69,66.84,-13.95
2025-03-24 18:32:31.979000+00:00,,,,,351.5,-0.875,-1.312,23.07,-81.75,-7.188,-18.562,0.013,0.002,0.04,-0.43,1.05,9.34,-0.28,0.81,-0.46,-0.15,0.23,9.8,0.15625,1.25,0.0,0.0,5.3,7.0,1016.69,66.84,-13.95
2025-03-24 18:32:33.029000+00:00,,,,,351.5,-0.875,-1.312,23.07,-81.75,-7.188,-18.562,0.013,0.002,0.04,-0.43,1.05,9.34,-0.28,0.81,-0.46,-0.15,0.23,9.8,0.15625,1.25,0.0,0.0,5.3,7.0,1016.69,66.84,-13.95
2025-03-24 18:32:34.066000+00:00,,,,,351.5,-1.0,-1.5,23.07,-81.75,-7.188,-18.562,0.013,0.002,0.04,-0.43,1.05,9.34,-0.28,0.81,-0.46,-0.15,0.23,9.8,0.15625,1.25,0.0,0.0,5.3,7.0,1016.69,66.84,-13.95
2025-03-24 18:32:35.009000+00:00,,,,,351.5,-0.938,-1.438,23.07,-81.75,-7.188,-18.562,0.013,0.002,0.04,-0.43,1.05,9.34,-0.28,0.81,-0.46,-0.15,0.23,9.8,0.15625,1.25,0.0,0.0,5.3,7.0,1016.69,66.84,-13.95
2025-03-24 18:32:35.839000+00:00,,,,,351.5,-0.875,-1.375,23.07,-81.75,-7.188,-18.562,0.013,0.002,0.04,-0.43,1.05,9.34,-0.28,0.81,-0.46,-0.15,0.23,9.8,0.15625,1.25,0.0,0.0,5.3,7.0,1016.69,66.84,-13.95
2025-03-24 18:32:36.850000+00:00,,,,,351.438,-0.875,-1.312,23.07,-81.75,-7.188,-18.562,0.013,0.002,0.04,-0.43,1.05,9.34,-0.28,0.81,-0.46,-0.15,0.23,9.8,0.15625,1.25,0.0,0.0,5.3,7.0,1016.69,66.84,-13.95
2025-03-24 18:32:37.860000+00:00,,,,,351.438,-1.0,-1.375,23.07,-81.75,-7.188,-18.562,0.013,0.002,0.04,-0.43,1.05,9.34,-0.28,0.81,-0.46,-0.15,0.23,9.8,0.15625,1.25,0.0,0.0,5.3,7.0,1016.69,66.84,-13.95
2025-03-24 18:32:38.871000+00:00,,,,,351.375,-0.875,-1.375,23.07,-81.75,-7.188,-18.562,0.013,0.002,0.04,-0.43,1.05,9.34,-0.28,0.81,-0.46,-0.15,0.23,9.8,0.15625,1.25,0.0,0.0,5.3,7.0,1016.69,66.84,-13.95
2025-03-24 18:32:39.919000+00:00,,,,,351.375,-0.75,-1.312,23.07,-81.75,-7.188,-18.562,0.013,0.002,0.04,-0.43,1.05,9.34,-0.28,0.81,-0.46,-0.15,0.23,9.8,0.15625,1.25,0.0,0.0,5.3,7.0,1016.69,66.84,-13.95
2025-03-24 18:32:41.059000+00:00,,,,,351.375,-0.938,-1.312,23.07,-81.75,-7.188,-18.562,0.013,0.002,0.04,-0.43,1.05,9.34,-0.28,0.81,-0.46,-0.15,0.23,9.8,0.15625,1.25,0.0,0.0,5.3,7.0,1016.69,66.84,-13.95
2025-03-24 18:32:41.968000+00:00,,,,,351.312,-0.875,-1.375,23.07,-81.75,-7.188,-18.562,0.013,0.002,0.04,-0.43,1.05,9.34,-0.28,0.81,-0.46,-0.15,0.23,9.8,0.15625,1.25,0.0,0.0,5.3,7.0,1016.69,66.84,-13.95
2025-03-24 18:32:43.039000+00:00,,,,,351.312,-0.938,-1.375,23.07,-81.75,-7.188,-18.562,0.013,0.002,0.04,-0.43,1.05,9.34,-0.28,0.81,-0.46,-0.15,0.23,9.8,0.15625,1.25,0.0,0.0,5.3,7.0,1016.69,66.84,-13.95
2025-03-24 18:32:44.178000+00:00,,,,,351.312,-0.938,-1.438,23.07,-81.75,-7.188,-18.562,0.013,0.002,0.04,-0.43,1.05,9.34,-0.28,0.81,-0.46,-0.15,0.23,9.8,0.15625,1.25,0.0,0.0,5.3,7.0,1016.69,66.84,-13.95
2025-03-24 18:32:44.925000+00:00,,,,,351.25,-1.0,-1.5,23.07,-81.75,-7.188,-18.562,0.013,0.002,0.04,-0.43,1.05,9.34,-0.28,0.81,-0.46,-0.15,0.23,9.8,0.15625,1.25,0.0,0.0,5.3,7.0,1016.69,66.84,-13.95
2025-03-24 18:32:45.936000+00:00,,,,,351.312,-1.062,-1.625,23.07,-81.75,-7.188,-18.562,0.013,0.002,0.04,-0.43,1.05,9.34,-0.28,0.81,-0.46,-0.15,0.23,9.8,0.15625,1.25,0.0,0.0,5.3,7.0,1016.69,66.84,-13.95
2025-03-24 18:32:46.944000+00:00,,,,,351.25,-1.062,-1.562,23.07,-81.75,-7.188,-18.562,0.013,0.002,0.04,-0.43,1.05,9.34,-0.28,0.81,-0.46,-0.15,0.23,9.8,0.15625,1.25,0.0,0.0,5.3,7.0,1016.69,66.84,-13.95
2025-03-24 18:32:47.952000+00:00,,,,,351.25,-1.125,-1.562,23.07,-81.75,-7.188,-18.562,0.013,0.002,0.04,-0.43,1.05,9.34,-0.28,0.81,-0.46,-0.15,0.23,9.8,0.15625,1.25,0.0,0.0,5.3,7.0,1016.69,66.84,-13.95
2025-03-24 18:32:48.963000+00:00,,,,,351.188,-1.0,-1.5,23.07,-81.75,-7.188,-18.562,0.013,0.002,0.04,-0.43,1.05,9.34,-0.28,0.81,-0.46,-0.15,0.23,9.8,0.15625,1.25,0.0,0.0,5.3,7.0,1016.69,66.84,-13.95
2025-03-24 18:32:49.974000+00:00,,,,,351.125,-0.938,-1.438,23.07,-81.75,-7.188,-18.562,0.013,0.002,0.04,-0.43,1.05,9.34,-0.28,0.81,-0.46,-0.15,0.23,9.8,0.15625,1.25,0.0,0.0,5.3,7.0,1016.69,66.84,-13.95
2025-03-24 18:32:50.984000+00:00,,,,,351.188,-0.875,-1.375,23.07,-81.75,-7.188,-18.562,0.013,0.002,0.04,-0.43,1.05,9.34,-0.28,0.81,-0.46,-0.15,0.23,9.8,0.15625,1.25,0.0,0.0,5.3,7.0,1016.69,66.84,-13.95
2025-03-24 18:32:52.107000+00:00,,,,,351.125,-0.938,-1.438,23.07,-81.75,-7.188,-18.562,0.013,0.002,0.04,-0.43,1.05,9.34,-0.28,0.81,-0.46,-0.15,0.23,9.8,0.15625,1.25,0.0,0.0,5.3,7.0,1016.69,66.84,-13.95
2025-03-24 18:32:53.037000+00:00,,,,,351.125,-0.938,-1.5,23.07,-81.75,-7.188,-18.562,0.013,0.002,0.04,-0.43,1.05,9.34,-0.28,0.81,-0.46,-0.15,0.23,9.8,0.15625,1.25,0.0,0.0,5.3,7.0,1016.69,66.84,-13.95
2025-03-24 18:32:54.193000+00:00,,,,,351.062,-0.938,-1.438,23.07,-81.75,-7.188,-18.562,0.013,0.002,0.04,-0.43,1.05,9.34,-0.28,0.81,-0.46,-0.15,0.23,9.8,0.15625,1.25,0.0,0.0,5.3,7.0,1016.69,66.84,-13.95
2025-03-24 18:32:55.233000+00:00,,,,,351.125,-1.062,-1.562,23.07,-81.75,-7.188,-18.562,0.013,0.002,0.04,-0.43,1.05,9.34,-0.28,0.81,-0.46,-0.15,0.23,9.8,0.15625,1.25,0.0,0.0,5.3,7.0,1016.69,66.84,-13.95
2025-03-24 18:32:56.191000+00:00,,,,,351.062,-1.0,-1.562,23.07,-81.75,-7.188,-18.562,0.013,0.002,0.04,-0.43,1.05,9.34,-0.28,0.81,-0.46,-0.15,0.23,9.8,0.15625,1.25,0.0,0.0,5.3,7.0,1016.69,66.84,-13.95
2025-03-24 18:32:57.188000+00:00,,,,,351.062,-0.875,-1.5,23.07,-81.75,-7.188,-18.562,0.013,0.002,0.04,-0.43,1.05,9.34,-0.28,0.81,-0.46,-0.15,0.23,9.8,0.15625,1.25,0.0,0.0,5.3,7.0,1016.69,66.84,-13.95
2025-03-24 18:32:58.188000+00:00,,,,,351.0,-1.0,-1.562,23.07,-81.75,-7.188,-18.562,0.013,0.002,0.04,-0.43,1.05,9.34,-0.28,0.81,-0.46,-0.15,0.23,9.8,0.15625,1.25,0.0,0.0,5.3,7.0,1016.69,66.84,-13.95
2025-03-24 18:32:59.211000+00:00,,,,,351.0,-1.0,-1.562,23.07,-81.75,-7.188,-18.562,0.013,0.002,0.04,-0.43,1.05,9.34,-0.28,0.81,-0.46,-0.15,0.23,9.8,0.15625,1.25,0.0,0.0,5.3,7.0,1016.69,66.84,-13.95
2025-03-24 18:33:00.197000+00:00,,,,,351.0,-1.0,-1.562,23.07,-81.75,-7.188,-18.562,0.013,0.002,0.04,-0.43,1.05,9.34,-0.28,0.81,-0.46,-0.15,0.23,9.8,0.15625,1.25,0.0,0.0,5.3,7.0,1016.69,66.84,-13.95
2025-03-24 18:33:01.206000+00:00,,,,,351.0,-1.062,-1.5,23.07,-81.75,-7.188,-18.562,0.013,0.002,0.04,-0.43,1.05,9.34,-0.28,0.81,-0.46,-0.15,0.23,9.8,0.15625,1.25,0.0,0.0,5.3,7.0,1016.69,66.84,-13.95
2025-03-24 18:33:02.207000+00:00,,,,,350.938,-1.062,-1.5,23.07,-81.75,-7.188,-18.562,0.013,0.002,0.04,-0.43,1.05,9.34,-0.28,0.81,-0.46,-0.15,0.23,9.8,0.15625,1.25,0.0,0.0,5.3,7.0,1016.69,66.84,-13.95
2025-03-24 18:33:03.207000+00:00,,,,,350.875,-1.062,-1.5,23.07,-81.75,-7.188,-18.562,0.013,0.002,0.04,-0.43,1.05,9.34,-0.28,0.81,-0.46,-0.15,0.23,9.8,0.15625,1.25,0.0,0.0,5.3,7.0,1016.69,66.84,-13.95
2025-03-24 18:33:04.359000+00:00,,,,,350.938,-1.062,-1.5,23.07,-81.75,-7.188,-18.562,0.013,0.002,0.04,-0.43,1.05,9.34,-0.28,0.81,-0.46,-0.15,0.23,9.8,0.15625,1.25,0.0,0.0,5.3,7.0,1016.69,66.84,-13.95
2025-03-24 18:33:05.396000+00:00,,,,,350.938,-1.062,-1.562,23.07,-81.75,-7.188,-18.562,0.013,0.002,0.04,-0.43,1.05,9.34,-0.28,0.81,-0.46,-0.15,0.23,9.8,0.15625,1.25,0.0,0.0,5.3,7.0,1016.69,66.84,-13.95
2025-03-24 18:33:06.563000+00:00,,,,,350.875,-1.062,-1.5,23.07,-81.75,-7.188,-18.562,0.013,0.002,0.04,-0.43,1.05,9.34,-0.28,0.81,-0.46,-0.15,0.23,9.8,0.15625,1.25,0.0,0.0,5.3,7.0,1016.69,66.84,-13.95
2025-03-24 18:33:07.226000+00:00,,,,,350.75,-1.062,-1.5,23.07,-81.75,-7.188,-18.562,0.013,0.002,0.04,-0.43,1.05,9.34,-0.28,0.81,-0.46,-0.15,0.23,9.8,0.15625,1.25,0.0,0.0,5.3,7.0,1016.69,66.84,-13.95
2025-03-24 18:33:08.226000+00:00,,,,,350.75,-1.062,-1.438,23.07,-81.75,-7.188,-18.562,0.013,0.002,0.04,-0.43,1.05,9.34,-0.28,0.81,-0.46,-0.15,0.23,9.8,0.15625,1.25,0.0,0.0,5.3,7.0,1016.69,66.84,-13.95
2025-03-24 18:33:09.236000+00:00,,,,,350.812,-1.0,-1.375,23.07,-81.75,-7.188,-18.562,0.013,0.002,0.04,-0.43,1.05,9.34,-0.28,0.81,-0.46,-0.15,0.23,9.8,0.15625,1.25,0.0,0.0,5.3,7.0,1016.69,66.84,-13.95
2025-03-24 18:33:10.296000+00:00,,,,,350.75,-0.938,-1.25,23.07,-81.75,-7.188,-18.562,0.013,0.002,0.04,-0.43,1.05,9.34,-0.28,0.81,-0.46,-0.15,0.23,9.8,0.15625,1.25,0.0,0.0,5.3,7.0,1016.69,66.84,-13.95
2025-03-24 18:33:11.436000+00:00,,,,,350.75,-1.062,-1.375,23.07,-81.75,-7.188,-18.562,0.013,0.002,0.04,-0.43,1.05,9.34,-0.28,0.81,-0.46,-0.15,0.23,9.8,0.15625,1.25,0.0,0.0,5.3,7.0,1016.69,66.84,-13.95
2025-03-24 18:33:12.572000+00:00,,,,,350.688,-1.062,-1.375,23.07,-81.75,-7.188,-18.562,0.013,0.002,0.04,-0.43,1.05,9.34,-0.28,0.81,-0.46,-0.15,0.23,9.8,0.15625,1.25,0.0,0.0,5.3,7.0,1016.69,66.84,-13.95
2025-03-24 18:33:13.511000+00:00,,,,,350.688,-1.062,-1.438,23.07,-81.75,-7.188,-18.562,0.013,0.002,0.04,-0.43,1.05,9.34,-0.28,0.81,-0.46,-0.15,0.23,9.8,0.15625,1.25,0.0,0.0,5.3,7.0,1016.69,66.84,-13.95
2025-03-24 18:33:14.582000+00:00,,,,,350.688,-1.0,-1.375,23.07,-81.75,-7.188,-18.562,0.013,0.002,0.04,-0.43,1.05,9.34,-0.28,0.81,-0.46,-0.15,0.23,9.8,0.15625,1.25,0.0,0.0,5.3,7.0,1016.69,66.84,-13.95
2025-03-24 18:33:15.255000+00:00,,,,,350.75,-1.0,-1.375,23.07,-81.75,-7.188,-18.562,0.013,0.002,0.04,-0.43,1.05,9.34,-0.28,0.81,-0.46,-0.15,0.23,9.8,0.15625,1.25,0.0,0.0,5.3,7.0,1016.69,66.84,-13.95
2025-03-24 18:33:16.272000+00:00,,,,,350.688,-1.0,-1.25,23.07,-81.75,-7.188,-18.562,0.013,0.002,0.04,-0.43,1.05,9.34,-0.28,0.81,-0.46,-0.15,0.23,9.8,0.15625,1.25,0.0,0.0,5.3,7.0,1016.69,66.84,-13.95
2025-03-24 18:33:17.265000+00:00,,,,,350.625,-1.0,-1.25,23.07,-81.75,-7.188,-18.562,0.013,0.002,0.04,-0.43,1.05,9.34,-0.28,0.81,-0.46,-0.15,0.23,9.8,0.15625,1.25,0.0,0.0,5.3,7.0,1016.69,66.84,-13.95
2025-03-24 18:33:18.264000+00:00,,,,,350.625,-1.062,-1.25,23.07,-81.75,-7.188,-18.562,0.013,0.002,0.04,-0.43,1.05,9.34,-0.28,0.81,-0.46,-0.15,0.23,9.8,0.15625,1.25,0.0,0.0,5.3,7.0,1016.69,66.84,-13.95
2025-03-24 18:33:19.265000+00:00,,,,,350.625,-1.0,-1.25,23.07,-81.75,-7.188,-18.562,0.013,0.002,0.04,-0.43,1.05,9.34,-0.28,0.81,-0.46,-0.15,0.23,9.8,0.15625,1.25,0.0,0.0,5.3,7.0,1016.69,66.84,-13.95
2025-03-24 18:33:20.295000+00:00,,,,,350.688,-0.938,-1.375,23.07,-81.75,-7.188,-18.562,0.013,0.002,0.04,-0.43,1.05,9.34,-0.28,0.81,-0.46,-0.15,0.23,9.8,0.15625,1.25,0.0,0.0,5.3,7.0,1016.69,66.84,-13.95
2025-03-24 18:33:21.465000+00:00,,,,,350.688,-0.875,-1.438,23.07,-81.75,-7.188,-18.562,0.013,0.002,0.04,-0.43,1.05,9.34,-0.28,0.81,-0.46,-0.15,0.23,9.8,0.15625,1.25,0.0,0.0,5.3,7.0,1016.69,66.84,-13.95
2025-03-24 18:33:22.585000+00:00,,,,,350.625,-0.812,-1.438,23.07,-81.75,-7.188,-18.562,0.013,0.002,0.04,-0.43,1.05,9.34,-0.28,0.81,-0.46,-0.15,0.23,9.8,0.15625,1.25,0.0,0.0,5.3,7.0,1016.69,66.84,-13.95
2025-03-24 18:33:23.585000+00:00,,,,,350.562,-0.812,-1.5,23.07,-81.75,-7.188,-18.562,0.013,0.002,0.04,-0.43,1.05,9.34,-0.28,0.81,-0.46,-0.15,0.23,9.8,0.15625,1.25,0.0,0.0,5.3,7.0,1016.69,66.84,-13.95
2025-03-24 18:33:24.314000+00:00,,,,,350.625,-0.875,-1.438,23.07,-81.75,-7.188,-18.562,0.013,0.002,0.04,-0.43,1.05,9.34,-0.28,0.81,-0.46,-0.15,0.23,9.8,0.15625,1.25,0.0,0.0,5.3,7.0,1016.69,66.84,-13.95
2025-03-24 18:33:25.321000+00:00,,,,,350.562,-0.875,-1.375,23.07,-81.75,-7.188,-18.562,0.013,0.002,0.04,-0.43,1.05,9.34,-0.28,0.81,-0.46,-0.15,0.23,9.8,0.15625,1.25,0.0,0.0,5.3,7.0,1016.69,66.84,-13.95
2025-03-24 18:33:26.325000+00:00,,,,,350.5,-1.062,-1.5,23.07,-81.75,-7.188,-18.562,0.013,0.002,0.04,-0.43,1.05,9.34,-0.28,0.81,-0.46,-0.15,0.23,9.8,0.15625,1.25,0.0,0.0,5.3,7.0,1016.69,66.84,-13.95
2025-03-24 18:32:27.479000+00:00,,,,,350.5,-1.062,-1.5,23.07,-81.75,-7.188,-18.562,0.013,0.002,0.04,-0.43,1.05,9.34,-0.28,0.81,-0.46,-0.15,0.23,9.8,0.15625,1.25,0.0,0.0,5.3,7.0,1016.69,66.84,-13.95
2025-03-24 18:32:27.812000+00:00,,,,,350.5,-1.062,-1.5,23.0,-81.75,-7.188,-18.562,0.013,0.002,0.04,-0.43,1.05,9.34,-0.28,0.81,-0.46,-0.15,0.23,9.8,0.15625,1.25,0.0,0.0,5.3,7.0,1016.69,66.84,-13.95
2025-03-24 18:32:28.546000+00:00,,,,,350.5,-1.062,-1.5,23.07,-81.75,-7.188,-18.562,0.013,0.002,0.04,-0.43,1.05,9.34,-0.28,0.81,-0.46,-0.15,0.23,9.8,0.15625,1.25,0.0,0.0,5.3,7.0,1016.69,66.84,-13.95
2025-03-24 18:32:28.820000+00:00,,,,,350.5,-1.062,-1.5,23.0,-81.75,-7.188,-18.562,0.013,0.002,0.04,-0.43,1.05,9.34,-0.28,0.81,-0.46,-0.15,0.23,9.8,0.15625,1.25,0.0,0.0,5.3,7.0,1016.69,66.84,-13.95
2025-03-24 18:32:29.689000+00:00,,,,,350.5,-1.062,-1.5,23.07,-81.75,-7.188,-18.562,0.013,0.002,0.04,-0.43,1.05,9.34,-0.28,0.81,-0.46,-0.15,0.23,9.8,0.15625,1.25,0.0,0.0,5.3,7.0,1016.69,66.84,-13.95
2025-03-24 18:32:29.949000+00:00,,,,,350.5,-1.062,-1.5,23.0,-81.75,-7.188,-18.562,0.013,0.002,0.04,-0.43,1.05,9.34,-0.28,0.81,-0.46,-0.15,0.23,9.8,0.15625,1.25,0.0,0.0,5.3,7.0,1016.69,66.84,-13.95
2025-03-24 18:32:30.629000+00:00,,,,,350.5,-1.062,-1.5,23.07,-81.75,-7.188,-18.562,0.013,0.002,0.04,-0.43,1.05,9.34,-0.28,0.81,-0.46,-0.15,0.23,9.8,0.15625,1.25,0.0,0.0,5.3,7.0,1016.69,66.84,-13.95
2025-03-24 18:32:30.906000+00:00,,,,,350.5,-1.062,-1.5,23.0,-81.75,-7.188,-18.562,0.013,0.002,0.04,-0.43,1.05,9.34,-0.28,0.81,-0.46,-0.15,0.23,9.8,0.15625,1.25,0.0,0.0,5.3,7.0,1016.69,66.84,-13.95
2025-03-24 18:32:31.779000+00:00,,,,,350.5,-1.062,-1.5,23.07,-81.75,-7.188,-18.562,0.013,0.002,0.04,-0.43,1.05,9.34,-0.28,0.81,-0.46,-0.15,0.23,9.8,0.15625,1.25,0.0,0.0,5.3,7.0,1016.69,66.84,-13.95
2025-03-24 18:32:32.036000+00:00,,,,,350.5,-1.062,-1.5,23.0,-81.75,-7.188,-18.562,0.013,0.002,0.04,-0.43,1.05,9.34,-0.28,0.81,-0.46,-0.15,0.23,9.8,0.15625,1.25,0.0,0.0,5.3,7.0,1016.69,66.84,-13.95
2025-03-24 18:32:32.822000+00:00,,,,,350.5,-1.062,-1.5,23.07,-81.75,-7.188,-18.562,0.013,0.002,0.04,-0.43,1.05,9.34,-0.28,0.81,-0.46,-0.15,0.23,9.8,0.15625,1.25,0.0,0.0,5.3,7.0,1016.69,66.84,-13.95
2025-03-24 18:32:33.079000+00:00,,,,,350.5,-1.062,-1.5,23.0,-81.75,-7.188,-18.562,0.013,0.002,0.04,-0.43,1.05,9.34,-0.28,0.81,-0.46,-0.15,0.23,9.8,0.15625,1.25,0.0,0.0,5.3,7.0,1016.69,66.84,-13.95
2025-03-24 18:32:33.859000+00:00,,,,,350.5,-1.062,-1.5,23.07,-81.75,-7.188,-18.562,0.013,0.002,0.04,-0.43,1.05,9.34,-0.28,0.81,-0.46,-0.15,0.23,9.8,0.15625,1.25,0.0,0.0,5.3,7.0,1016.69,66.84,-13.95
2025-03-24 18:32:34.119000+00:00,,,,,350.5,-1.062,-1.5,23.0,-81.75,-7.188,-18.562,0.013,0.002,0.04,-0.43,1.05,9.34,-0.28,0.81,-0.46,-0.15,0.23,9.8,0.15625,1.25,0.0,0.0,5.3,7.0,1016.69,66.84,-13.95
2025-03-24 18:32:34.809000+00:00,,,,,350.5,-1.062,-1.5,23.07,-81.75,-7.188,-18.562,0.013,0.002,0.04,-0.43,1.05,9.34,-0.28,0.81,-0.46,-0.15,0.23,9.8,0.15625,1.25,0.0,0.0,5.3,7.0,1016.69,66.84,-13.95
2025-03-24 18:32:35.060000+00:00,,,,,350.5,-1.062,-1.5,23.0,-81.75,-7.188,-18.562,0.013,0.002,0.04,-0.43,1.05,9.34,-0.28,0.81,-0.46,-0.15,0.23,9.8,0.15625,1.25,0.0,0.0,5.3,7.0,1016.69,66.84,-13.95
2025-03-24 18:32:35.902000+00:00,,,,,350.5,-1.062,-1.5,23.0,-81.75,-7.188,-18.562,0.013,0.002,0.04,-0.43,1.05,9.34,-0.28,0.81,-0.46,-0.15,0.23,9.8,0.15625,1.25,0.0,0.0,5.3,7.0,1016.69,66.84,-13.95
2025-03-24 18:32:36.331000+00:00,,,,,350.5,-1.062,-1.5,23.07,-81.75,-7.188,-18.562,0.013,0.002,0.04,-0.43,1.05,9.34,-0.28,0.81,-0.46,-0.15,0.23,9.8,0.15625,1.25,0.0,0.0,5.3,7.0,1016.69,66.84,-13.95
2025-03-24 18:32:36.899000+00:00,,,,,350.5,-1.062,-1.5,23.0,-81.75,-7.188,-18.562,0.013,0.002,0.04,-0.43,1.05,9.34,-0.28,0.81,-0.46,-0.15,0.23,9.8,0.15625,1.25,0.0,0.0,5.3,7.0,1016.69,66.84,-13.95
2025-03-24 18:32:37.465000+00:00,,,,,350.5,-1.062,-1.5,23.07,-81.75,-7.188,-18.562,0.013,0.002,0.04,-0.43,1.05,9.34,-0.28,0.81,-0.46,-0.15,0.23,9.8,0.15625,1.25,0.0,0.0,5.3,7.0,1016.69,66.84,-13.95
2025-03-24 18:32:37.912000+00:00,,,,,350.5,-1.062,-1.5,23.0,-81.75,-7.188,-18.562,0.013,0.002,0.04,-0.43,1.05,9.34,-0.28,0.81,-0.46,-0.15,0.23,9.8,0.15625,1.25,0.0,0.0,5.3,7.0,1016.69,66.84,-13.95
2025-03-24 18:32:38.479000+00:00,,,,,350.5,-1.062,-1.5,23.07,-81.75,-7.188,-18.562,0.013,0.002,0.04,-0.43,1.05,9.34,-0.28,0.81,-0.46,-0.15,0.23,9.8,0.15625,1.25,0.0,0.0,5.3,7.0,1016.69,66.84,-13.95
2025-03-24 18:32:38.923000+00:00,,,,,350.5,-1.062,-1.5,23.0,-81.75,-7.188,-18.562,0.013,0.002,0.04,-0.43,1.05,9.34,-0.28,0.81,-0.46,-0.15,0.23,9.8,0.15625,1.25,0.0,0.0,5.3,7.0,1016.69,66.84,-13.95
2025-03-24 18:32:39.709000+00:00,,,,,350.5,-1.062,-1.5,23.07,-81.75,-7.188,-18.562,0.013,0.002,0.04,-0.43,1.05,9.34,-0.28,0.81,-0.46,-0.15,0.23,9.8,0.15625,1.25,0.0,0.0,5.3,7.0,1016.69,66.84,-13.95
2025-03-24 18:32:39.969000+00:00,,,,,350.5,-1.062,-1.5,23.0,-81.75,-7.188,-18.562,0.013,0.002,0.04,-0.43,1.05,9.34,-0.28,0.81,-0.46,-0.15,0.23,9.8,0.15625,1.25,0.0,0.0,5.3,7.0,1016.69,66.84,-13.95
2025-03-24 18:32:40.855000+00:00,,,,,350.5,-1.062,-1.5,23.06,-81.75,-7.188,-18.562,0.013,0.002,0.04,-0.43,1.05,9.34,-0.28,0.81,-0.46,-0.15,0.23,9.8,0.15625,1.25,0.0,0.0,5.3,7.0,1016.69,66.84,-13.95
2025-03-24 18:32:41.109000+00:00,,,,,350.5,-1.062,-1.5,23.0,-81.75,-7.188,-18.562,0.013,0.002,0.04,-0.43,1.05,9.34,-0.28,0.81,-0.46,-0.15,0.23,9.8,0.15625,1.25,0.0,0.0,5.3,7.0,1016.69,66.84,-13.95
2025-03-24 18:32:41.768000+00:00,,,,,350.5,-1.062,-1.5,23.06,-81.75,-7.188,-18.562,0.013,0.002,0.04,-0.43,1.05,9.34,-0.28,0.81,-0.46,-0.15,0.23,9.8,0.15625,1.25,0.0,0.0,5.3,7.0,1016.69,66.84,-13.95
2025-03-24 18:32:42.018000+00:00,,,,,350.5,-1.062,-1.5,23.0,-81.75,-7.188,-18.562,0.013,0.002,0.04,-0.43,1.05,9.34,-0.28,0.81,-0.46,-0.15,0.23,9.8,0.15625,1.25,0.0,0.0,5.3,7.0,1016.69,66.84,-13.95
2025-03-24 18:32:42.825000+00:00,,,,,350.5,-1.062,-1.5,23.06,-81.75,-7.188,-18.562,0.013,0.002,0.04,-0.43,1.05,9.34,-0.28,0.81,-0.46,-0.15,0.23,9.8,0.15625,1.25,0.0,0.0,5.3,7.0,1016.69,66.84,-13.95
2025-03-24 18:32:43.088000+00:00,,,,,350.5,-1.062,-1.5,23.0,-81.75,-7.188,-18.562,0.013,0.002,0.04,-0.43,1.05,9.34,-0.28,0.81,-0.46,-0.15,0.23,9.8,0.15625,1.25,0.0,0.0,5.3,7.0,1016.69,66.84,-13.95
2025-03-24 18:32:43.969000+00:00,,,,,350.5,-1.062,-1.5,23.06,-81.75,-7.188,-18.562,0.013,0.002,0.04,-0.43,1.05,9.34,-0.28,0.81,-0.46,-0.15,0.23,9.8,0.15625,1.25,0.0,0.0,5.3,7.0,1016.69,66.84,-13.95
2025-03-24 18:32:44.235000+00:00,,,,,350.5,-1.062,-1.5,23.0,-81.75,-7.188,-18.562,0.013,0.002,0.04,-0.43,1.05,9.34,-0.28,0.81,-0.46,-0.15,0.23,9.8,0.15625,1.25,0.0,0.0,5.3,7.0,1016.69,66.84,-13.95
2025-03-24 18:32:44.989000+00:00,,,,,350.5,-1.062,-1.5,23.0,-81.75,-7.188,-18.562,0.013,0.002,0.04,-0.43,1.05,9.34,-0.28,0.81,-0.46,-0.15,0.23,9.8,0.15625,1.25,0.0,0.0,5.3,7.0,1016.69,66.84,-13.95
2025-03-24 18:32:45.564000+00:00,,,,,350.5,-1.062,-1.5,23.06,-81.75,-7.188,-18.562,0.013,0.002,0.04,-0.43,1.05,9.34,-0.28,0.81,-0.46,-0.15,0.23,9.8,0.15625,1.25,0.0,0.0,5.3,7.0,1016.69,66.84,-13.95
2025-03-24 18:32:45.995000+00:00,,,,,350.5,-1.062,-1.5,23.0,-81.75,-7.188,-18.562,0.013,0.002,0.04,-0.43,1.05,9.34,-0.28,0.81,-0.46,-0.15,0.23,9.8,0.15625,1.25,0.0,0.0,5.3,7.0,1016.69,66.84,-13.95
2025-03-24 18:32:46.558000+00:00,,,,,350.5,-1.062,-1.5,23.06,-81.75,-7.188,-18.562,0.013,0.002,0.04,-0.43,1.05,9.34,-0.28,0.81,-0.46,-0.15,0.23,9.8,0.15625,1.25,0.0,0.0,5.3,7.0,1016.69,66.84,-13.95
2025-03-24 18:32:46.988000+00:00,,,,,350.5,-1.062,-1.5,23.0,-81.75,-7.188,-18.562,0.013,0.002,0.04,-0.43,1.05,9.34,-0.28,0.81,-0.46,-0.15,0.23,9.8,0.15625,1.25,0.0,0.0,5.3,7.0,1016.69,66.84,-13.95
2025-03-24 18:32:47.578000+00:00,,,,,350.5,-1.062,-1.5,23.06,-81.75,-7.188,-18.562,0.013,0.002,0.04,-0.43,1.05,9.34,-0.28,0.81,-0.46,-0.15,0.23,9.8,0.15625,1.25,0.0,0.0,5.3,7.0,1016.69,66.84,-13.95
2025-03-24 18:32:47.998000+00:00,,,,,350.5,-1.062,-1.5,23.0,-81.75,-7.188,-18.562,0.013,0.002,0.04,-0.43,1.05,9.34,-0.28,0.81,-0.46,-0.15,0.23,9.8,0.15625,1.25,0.0,0.0,5.3,7.0,1016.69,66.84,-13.95
2025-03-24 18:32:48.564000+00:00,,,,,350.5,-1.062,-1.5,23.06,-81.75,-7.188,-18.562,0.013,0.002,0.04,-0.43,1.05,9.34,-0.28,0.81,-0.46,-0.15,0.23,9.8,0.15625,1.25,0.0,0.0,5.3,7.0,1016.69,66.84,-13.95
2025-03-24 18:32:49.007000+00:00,,,,,350.5,-1.062,-1.5,23.0,-81.75,-7.188,-18.562,0.013,0.002,0.04,-0.43,1.05,9.34,-0.28,0.81,-0.46,-0.15,0.23,9.8,0.15625,1.25,0.0,0.0,5.3,7.0,1016.69,66.84,-13.95
2025-03-24 18:32:49.587000+00:00,,,,,350.5,-1.062,-1.5,23.06,-81.75,-7.188,-18.562,0.013,0.002,0.04,-0.43,1.05,9.34,-0.28,0.81,-0.46,-0.15,0.23,9.8,0.15625,1.25,0.0,0.0,5.3,7.0,1016.69,66.84,-13.95
2025-03-24 18:32:50.030000+00:00,,,,,350.5,-1.062,-1.5,23.0,-81.75,-7.188,-18.562,0.013,0.002,0.04,-0.43,1.05,9.34,-0.28,0.81,-0.46,-0.15,0.23,9.8,0.15625,1.25,0.0,0.0,5.3,7.0,1016.69,66.84,-13.95
2025-03-24 18:32:50.747000+00:00,,,,,350.5,-1.062,-1.5,23.06,-81.75,-7.188,-18.562,0.013,0.002,0.04,-0.43,1.05,9.34,-0.28,0.81,-0.46,-0.15,0.23,9.8,0.15625,1.25,0.0,0.0,5.3,7.0,1016.69,66.84,-13.95
2025-03-24 18:32:51.040000+00:00,,,,,350.5,-1.062,-1.5,23.0,-81.75,-7.188,-18.562,0.013,0.002,0.04,-0.43,1.05,9.34,-0.28,0.81,-0.46,-0.15,0.23,9.8,0.15625,1.25,0.0,0.0,5.3,7.0,1016.69,66.84,-13.95
2025-03-24 18:32:51.894000+00:00,,,,,350.5,-1.062,-1.5,23.06,-81.75,-7.188,-18.562,0.013,0.002,0.04,-0.43,1.05,9.34,-0.28,0.81,-0.46,-0.15,0.23,9.8,0.15625,1.25,0.0,0.0,5.3,7.0,1016.69,66.84,-13.95
2025-03-24 18:32:52.165000+00:00,,,,,350.5,-1.062,-1.5,23.0,-81.75,-7.188,-18.562,0.013,0.002,0.04,-0.43,1.05,9.34,-0.28,0.81,-0.46,-0.15,0.23,9.8,0.15625,1.25,0.0,0.0,5.3,7.0,1016.69,66.84,-13.95
2025-03-24 18:32:52.827000+00:00,,,,,350.5,-1.062,-1.5,23.06,-81.75,-7.188,-18.562,0.013,0.002,0.04,-0.43,1.05,9.34,-0.28,0.81,-0.46,-0.15,0.23,9.8,0.15625,1.25,0.0,0.0,5.3,7.0,1016.69,66.84,-13.95
2025-03-24 18:32:53.088000+00:00,,,,,350.5,-1.062,-1.5,23.0,-81.75,-7.188,-18.562,0.013,0.002,0.04,-0.43,1.05,9.34,-0.28,0.81,-0.46,-0.15,0.23,9.8,0.15625,1.25,0.0,0.0,5.3,7.0,1016.69,66.84,-13.95
2025-03-24 18:32:53.977000+00:00,,,,,350.5,-1.062,-1.5,23.06,-81.75,-7.188,-18.562,0.013,0.002,0.04,-0.43,1.05,9.34,-0.28,0.81,-0.46,-0.15,0.23,9.8,0.15625,1.25,0.0,0.0,5.3,7.0,1016.69,66.84,-13.95
2025-03-24 18:32:54.252000+00:00,,,,,350.5,-1.062,-1.5,23.0,-81.75,-7.188,-18.562,0.013,0.002,0.04,-0.43,1.05,9.34,-0.28,0.81,-0.46,-0.15,0.23,9.8,0.15625,1.25,0.0,0.0,5.3,7.0,1016.69,66.84,-13.95
2025-03-24 18:32:55.021000+00:00,,,,,350.5,-1.062,-1.5,23.06,-81.75,-7.188,-18.562,0.013,0.002,0.04,-0.43,1.05,9.34,-0.28,0.81,-0.46,-0.15,0.23,9.8,0.15625,1.25,0.0,0.0,5.3,7.0,1016.69,66.84,-13.95
2025-03-24 18:32:55.457000+00:00,,,,,350.5,-1.062,-1.5,23.0,-81.75,-7.188,-18.562,0.013,0.002,0.04,-0.43,1.05,9.34,-0.28,0.81,-0.46,-0.15,0.23,9.8,0.15625,1.25,0.0,0.0,5.3,7.0,1016.69,66.84,-13.95
2025-03-24 18:32:56.242000+00:00,,,,,350.5,-1.062,-1.5,23.0,-81.75,-7.188,-18.562,0.013,0.002,0.04,-0.43,1.05,9.34,-0.28,0.81,-0.46,-0.15,0.23,9.8,0.15625,1.25,0.0,0.0,5.3,7.0,1016.69,66.84,-13.95
2025-03-24 18:32:56.673000+00:00,,,,,350.5,-1.062,-1.5,23.06,-81.75,-7.188,-18.562,0.013,0.002,0.04,-0.43,1.05,9.34,-0.28,0.81,-0.46,-0.15,0.23,9.8,0.15625,1.25,0.0,0.0,5.3,7.0,1016.69,66.84,-13.95
2025-03-24 18:32:57.238000+00:00,,,,,350.5,-1.062,-1.5,23.0,-81.75,-7.188,-18.562,0.013,0.002,0.04,-0.43,1.05,9.34,-0.28,0.81,-0.46,-0.15,0.23,9.8,0.15625,1.25,0.0,0.0,5.3,7.0,1016.69,66.84,-13.95
2025-03-24 18:32:57.647000+00:00,,,,,350.5,-1.062,-1.5,23.06,-81.75,-7.188,-18.562,0.013,0.002,0.04,-0.43,1.05,9.34,-0.28,0.81,-0.46,-0.15,0.23,9.8,0.15625,1.25,0.0,0.0,5.3,7.0,1016.69,66.84,-13.95
2025-03-24 18:32:58.244000+00:00,,,,,350.5,-1.062,-1.5,23.0,-81.75,-7.188,-18.562,0.013,0.002,0.04,-0.43,1.05,9.34,-0.28,0.81,-0.46,-0.15,0.23,9.8,0.15625,1.25,0.0,0.0,5.3,7.0,1016.69,66.84,-13.95
2025-03-24 18:32:58.661000+00:00,,,,,350.5,-1.062,-1.5,23.06,-81.75,-7.188,-18.562,0.013,0.002,0.04,-0.43,1.05,9.34,-0.28,0.81,-0.46,-0.15,0.23,9.8,0.15625,1.25,0.0,0.0,5.3,7.0,1016.69,66.84,-13.95
2025-03-24 18:32:59.257000+00:00,,,,,350.5,-1.062,-1.5,23.0,-81.75,-7.188,-18.562,0.013,0.002,0.04,-0.43,1.05,9.34,-0.28,0.81,-0.46,-0.15,0.23,9.8,0.15625,1.25,0.0,0.0,5.3,7.0,1016.69,66.84,-13.95
2025-03-24 18:32:59.676000+00:00,,,,,350.5,-1.062,-1.5,23.06,-81.75,-7.188,-18.562,0.013,0.002,0.04,-0.43,1.05,9.34,-0.28,0.81,-0.46,-0.15,0.23,9.8,0.15625,1.25,0.0,0.0,5.3,7.0,1016.69,66.84,-13.95
2025-03-24 18:33:00.248000+00:00,,,,,350.5,-1.062,-1.5,23.0,-81.75,-7.188,-18.562,0.013,0.002,0.04,-0.43,1.05,9.34,-0.28,0.81,-0.46,-0.15,0.23,9.8,0.15625,1.25,0.0,0.0,5.3,7.0,1016.69,66.84,-13.95
2025-03-24 18:33:00.676000+00:00,,,,,350.5,-1.062,-1.5,23.06,-81.75,-7.188,-18.562,0.013,0.002,0.04,-0.43,1.05,9.34,-0.28,0.81,-0.46,-0.15,0.23,9.8,0.15625,1.25,0.0,0.0,5.3,7.0,1016.69,66.84,-13.95
2025-03-24 18:33:01.258000+00:00,,,,,350.5,-1.062,-1.5,23.0,-81.75,-7.188,-18.562,0.013,0.002,0.04,-0.43,1.05,9.34,-0.28,0.81,-0.46,-0.15,0.23,9.8,0.15625,1.25,0.0,0.0,5.3,7.0,1016.69,66.84,-13.95
2025-03-24 18:33:01.697000+00:00,,,,,350.5,-1.062,-1.5,23.06,-81.75,-7.188,-18.562,0.013,0.002,0.04,-0.43,1.05,9.34,-0.28,0.81,-0.46,-0.15,0.23,9.8,0.15625,1.25,0.0,0.0,5.3,7.0,1016.69,66.84,-13.95
2025-03-24 18:33:02.256000+00:00,,,,,350.5,-1.062,-1.5,23.0,-81.75,-7.188,-18.562,0.013,0.002,0.04,-0.43,1.05,9.34,-0.28,0.81,-0.46,-0.15,0.23,9.8,0.15625,1.25,0.0,0.0,5.3,7.0,1016.69,66.84,-13.95
2025-03-24 18:33:02.826000+00:00,,,,,350.5,-1.062,-1.5,23.06,-81.75,-7.188,-18.562,0.013,0.002,0.04,-0.43,1.05,9.34,-0.28,0.81,-0.46,-0.15,0.23,9.8,0.15625,1.25,0.0,0.0,5.3,7.0,1016.69,66.84,-13.95
2025-03-24 18:33:03.257000+00:00,,,,,350.5,-1.062,-1.5,23.0,-81.75,-7.188,-18.562,0.013,0.002,0.04,-0.43,1.05,9.34,-0.28,0.81,-0.46,-0.15,0.23,9.8,0.15625,1.25,0.0,0.0,5.3,7.0,1016.69,66.84,-13.95
2025-03-24 18:33:03.977000+00:00,,,,,350.5,-1.062,-1.5,23.06,-81.75,-7.188,-18.562,0.013,0.002,0.04,-0.43,1.05,9.34,-0.28,0.81,-0.46,-0.15,0.23,9.8,0.15625,1.25,0.0,0.0,5.3,7.0,1016.69,66.84,-13.95
2025-03-24 18:33:04.413000+00:00,,,,,350.5,-1.062,-1.5,23.0,-81.75,-7.188,-18.562,0.013,0.002,0.04,-0.43,1.05,9.34,-0.28,0.81,-0.46,-0.15,0.23,9.8,0.15625,1.25,0.0,0.0,5.3,7.0,1016.69,66.84,-13.95
2025-03-24 18:33:05.027000+00:00,,,,,350.5,-1.062,-1.5,23.06,-81.75,-7.188,-18.562,0.013,0.002,0.04,-0.43,1.05,9.34,-0.28,0.81,-0.46,-0.15,0.23,9.8,0.15625,1.25,0.0,0.0,5.3,7.0,1016.69,66.84,-13.95
2025-03-24 18:33:05.453000+00:00,,,,,350.5,-1.062,-1.5,23.0,-81.75,-7.188,-18.562,0.013,0.002,0.04,-0.43,1.05,9.34,-0.28,0.81,-0.46,-0.15,0.23,9.8,0.15625,1.25,0.0,0.0,5.3,7.0,1016.69,66.84,-13.95
2025-03-24 18:33:06.333000+00:00,,,,,350.5,-1.062,-1.5,23.06,-81.75,-7.188,-18.562,0.013,0.002,0.04,-0.43,1.05,9.34,-0.28,0.81,-0.46,-0.15,0.23,9.8,0.15625,1.25,0.0,0.0,5.3,7.0,1016.69,66.84,-13.95
2025-03-24 18:33:06.617000+00:00,,,,,350.5,-1.062,-1.5,23.0,-81.75,-7.188,-18.562,0.013,0.002,0.04,-0.43,1.05,9.34,-0.28,0.81,-0.46,-0.15,0.23,9.8,0.15625,1.25,0.0,0.0,5.3,7.0,1016.69,66.84,-13.95
2025-03-24 18:33:07.277000+00:00,,,,,350.5,-1.062,-1.5,23.0,-81.75,-7.188,-18.562,0.013,0.002,0.04,-0.43,1.05,9.34,-0.28,0.81,-0.46,-0.15,0.23,9.8,0.15625,1.25,0.0,0.0,5.3,7.0,1016.69,66.84,-13.95
2025-03-24 18:33:07.707000+00:00,,,,,350.5,-1.062,-1.5,23.06,-81.75,-7.188,-18.562,0.013,0.002,0.04,-0.43,1.05,9.34,-0.28,0.81,-0.46,-0.15,0.23,9.8,0.15625,1.25,0.0,0.0,5.3,7.0,1016.69,66.84,-13.95
2025-03-24 18:33:08.280000+00:00,,,,,350.5,-1.062,-1.5,23.0,-81.75,-7.188,-18.562,0.013,0.002,0.04,-0.43,1.05,9.34,-0.28,0.81,-0.46,-0.15,0.23,9.8,0.15625,1.25,0.0,0.0,5.3,7.0,1016.69,66.84,-13.95
2025-03-24 18:33:08.723000+00:00,,,,,350.5,-1.062,-1.5,23.06,-81.75,-7.188,-18.562,0.013,0.002,0.04,-0.43,1.05,9.34,-0.28,0.81,-0.46,-0.15,0.23,9.8,0.15625,1.25,0.0,0.0,5.3,7.0,1016.69,66.84,-13.95
2025-03-24 18:33:09.293000+00:00,,,,,350.5,-1.062,-1.5,23.0,-81.75,-7.188,-18.562,0.013,0.002,0.04,-0.43,1.05,9.34,-0.28,0.81,-0.46,-0.15,0.23,9.8,0.15625,1.25,0.0,0.0,5.3,7.0,1016.69,66.84,-13.95
2025-03-24 18:33:09.936000+00:00,,,,,350.5,-1.062,-1.5,23.01,-81.75,-7.188,-18.562,0.013,0.002,0.04,-0.43,1.05,9.34,-0.28,0.81,-0.46,-0.15,0.23,9.8,0.15625,1.25,0.0,0.0,5.3,7.0,1016.69,66.84,-13.95
2025-03-24 18:33:10.346000+00:00,,,,,350.5,-1.062,-1.5,23.0,-81.75,-7.188,-18.562,0.013,0.002,0.04,-0.43,1.05,9.34,-0.28,0.81,-0.46,-0.15,0.23,9.8,0.15625,1.25,0.0,0.0,5.3,7.0,1016.69,66.84,-13.95
2025-03-24 18:33:11.069000+00:00,,,,,350.5,-1.062,-1.5,23.01,-81.75,-7.188,-18.562,0.013,0.002,0.04,-0.43,1.05,9.34,-0.28,0.81,-0.46,-0.15,0.23,9.8,0.15625,1.25,0.0,0.0,5.3,7.0,1016.69,66.84,-13.95
2025-03-24 18:33:11.489000+00:00,,,,,350.5,-1.062,-1.5,23.0,-81.75,-7.188,-18.562,0.013,0.002,0.04,-0.43,1.05,9.34,-0.28,0.81,-0.46,-0.15,0.23,9.8,0.15625,1.25,0.0,0.0,5.3,7.0,1016.69,66.84,-13.95
2025-03-24 18:33:12.346000+00:00,,,,,350.5,-1.062,-1.5,23.01,-81.75,-7.188,-18.562,0.013,0.002,0.04,-0.43,1.05,9.34,-0.28,0.81,-0.46,-0.15,0.23,9.8,0.15625,1.25,0.0,0.0,5.3,7.0,1016.69,66.84,-13.95
2025-03-24 18:33:12.626000+00:00,,,,,350.5,-1.062,-1.5,23.0,-81.75,-7.188,-18.562,0.013,0.002,0.04,-0.43,1.05,9.34,-0.28,0.81,-0.46,-0.15,0.23,9.8,0.15625,1.25,0.0,0.0,5.3,7.0,1016.69,66.84,-13.95
2025-03-24 18:33:13.146000+00:00,,,,,350.5,-1.062,-1.5,23.01,-81.75,-7.188,-18.562,0.013,0.002,0.04,-0.43,1.05,9.34,-0.28,0.81,-0.46,-0.15,0.23,9.8,0.15625,1.25,0.0,0.0,5.3,7.0,1016.69,66.84,-13.95
2025-03-24 18:33:13.557000+00:00,,,,,350.5,-1.062,-1.5,23.0,-81.75,-7.188,-18.562,0.013,0.002,0.04,-0.43,1.05,9.34,-0.28,0.81,-0.46,-0.15,0.23,9.8,0.15625,1.25,0.0,0.0,5.3,7.0,1016.69,66.84,-13.95
2025-03-24 18:33:14.361000+00:00,,,,,350.5,-1.062,-1.5,23.01,-81.75,-7.188,-18.562,0.013,0.002,0.04,-0.43,1.05,9.34,-0.28,0.81,-0.46,-0.15,0.23,9.8,0.15625,1.25,0.0,0.0,5.3,7.0,1016.69,66.84,-13.95
2025-03-24 18:33:14.643000+00:00,,,,,350.5,-1.062,-1.5,23.0,-81.75,-7.188,-18.562,0.013,0.002,0.04,-0.43,1.05,9.34,-0.28,0.81,-0.46,-0.15,0.23,9.8,0.15625,1.25,0.0,0.0,5.3,7.0,1016.69,66.84,-13.95
2025-03-24 18:33:15.305000+00:00,,,,,350.5,-1.062,-1.5,23.0,-81.75,-7.188,-18.562,0.013,0.002,0.04,-0.43,1.05,9.34,-0.28,0.81,-0.46,-0.15,0.23,9.8,0.15625,1.25,0.0,0.0,5.3,7.0,1016.69,66.84,-13.95
2025-03-24 18:33:15.706000+00:00,,,,,350.5,-1.062,-1.5,23.01,-81.75,-7.188,-18.562,0.013,0.002,0.04,-0.43,1.05,9.34,-0.28,0.81,-0.46,-0.15,0.23,9.8,0.15625,1.25,0.0,0.0,5.3,7.0,1016.69,66.84,-13.95
2025-03-24 18:33:16.325000+00:00,,,,,350.5,-1.062,-1.5,23.0,-81.75,-7.188,-18.562,0.013,0.002,0.04,-0.43,1.05,9.34,-0.28,0.81,-0.46,-0.15,0.23,9.8,0.15625,1.25,0.0,0.0,5.3,7.0,1016.69,66.84,-13.95
2025-03-24 18:33:16.771000+00:00,,,,,350.5,-1.062,-1.5,23.01,-81.75,-7.188,-18.562,0.013,0.002,0.04,-0.43,1.05,9.34,-0.28,0.81,-0.46,-0.15,0.23,9.8,0.15625,1.25,0.0,0.0,5.3,7.0,1016.69,66.84,-13.95
2025-03-24 18:33:17.315000+00:00,,,,,350.5,-1.062,-1.5,23.0,-81.75,-7.188,-18.562,0.013,0.002,0.04,-0.43,1.05,9.34,-0.28,0.81,-0.46,-0.15,0.23,9.8,0.15625,1.25,0.0,0.0,5.3,7.0,1016.69,66.84,-13.95
2025-03-24 18:33:17.738000+00:00,,,,,350.5,-1.062,-1.5,23.01,-81.75,-7.188,-18.562,0.013,0.002,0.04,-0.43,1.05,9.34,-0.28,0.81,-0.46,-0.15,0.23,9.8,0.15625,1.25,0.0,0.0,5.3,7.0,1016.69,66.84,-13.95
2025-03-24 18:33:18.325000+00:00,,,,,350.5,-1.062,-1.5,23.0,-81.75,-7.188,-18.562,0.013,0.002,0.04,-0.43,1.05,9.34,-0.28,0.81,-0.46,-0.15,0.23,9.8,0.15625,1.25,0.0,0.0,5.3,7.0,1016.69,66.84,-13.95
2025-03-24 18:33:18.785000+00:00,,,,,350.5,-1.062,-1.5,23.01,-81.75,-7.188,-18.562,0.013,0.002,0.04,-0.43,1.05,9.34,-0.28,0.81,-0.46,-0.15,0.23,9.8,0.15625,1.25,0.0,0.0,5.3,7.0,1016.69,66.84,-13.95
2025-03-24 18:33:19.315000+00:00,,,,,350.5,-1.062,-1.5,23.0,-81.75,-7.188,-18.562,0.013,0.002,0.04,-0.43,1.05,9.34,-0.28,0.81,-0.46,-0.15,0.23,9.8,0.15625,1.25,0.0,0.0,5.3,7.0,1016.69,66.84,-13.95
2025-03-24 18:33:19.932000+00:00,,,,,350.5,-1.062,-1.5,23.01,-81.75,-7.188,-18.562,0.013,0.002,0.04,-0.43,1.05,9.34,-0.28,0.81,-0.46,-0.15,0.23,9.8,0.15625,1.25,0.0,0.0,5.3,7.0,1016.69,66.84,-13.95
2025-03-24 18:33:20.345000+00:00,,,,,350.5,-1.062,-1.5,23.0,-81.75,-7.188,-18.562,0.013,0.002,0.04,-0.43,1.05,9.34,-0.28,0.81,-0.46,-0.15,0.23,9.8,0.15625,1.25,0.0,0.0,5.3,7.0,1016.69,66.84,-13.95
2025-03-24 18:33:21.075000+00:00,,,,,350.5,-1.062,-1.5,23.01,-81.75,-7.188,-18.562,0.013,0.002,0.04,-0.43,1.05,9.34,-0.28,0.81,-0.46,-0.15,0.23,9.8,0.15625,1.25,0.0,0.0,5.3,7.0,1016.69,66.84,-13.95
2025-03-24 18:33:21.524000+00:00,,,,,350.5,-1.062,-1.5,23.0,-81.75,-7.188,-18.562,0.013,0.002,0.04,-0.43,1.05,9.34,-0.28,0.81,-0.46,-0.15,0.23,9.8,0.15625,1.25,0.0,0.0,5.3,7.0,1016.69,66.84,-13.95
2025-03-24 18:33:22.225000+00:00,,,,,350.5,-1.062,-1.5,23.01,-81.75,-7.188,-18.562,0.013,0.002,0.04,-0.43,1.05,9.34,-0.28,0.81,-0.46,-0.15,0.23,9.8,0.15625,1.25,0.0,0.0,5.3,7.0,1016.69,66.84,-13.95
2025-03-24 18:33:22.637000+00:00,,,,,350.5,-1.062,-1.5,23.0,-81.75,-7.188,-18.562,0.013,0.002,0.04,-0.43,1.05,9.34,-0.28,0.81,-0.46,-0.15,0.23,9.8,0.15625,1.25,0.0,0.0,5.3,7.0,1016.69,66.84,-13.95
2025-03-24 18:33:23.385000+00:00,,,,,350.5,-1.062,-1.5,23.01,-81.75,-7.188,-18.562,0.013,0.002,0.04,-0.43,1.05,9.34,-0.28,0.81,-0.46,-0.15,0.23,9.8,0.15625,1.25,0.0,0.0,5.3,7.0,1016.69,66.84,-13.95
2025-03-24 18:33:23.635000+00:00,,,,,350.5,-1.062,-1.5,23.0,-81.75,-7.188,-18.562,0.013,0.002,0.04,-0.43,1.05,9.34,-0.28,0.81,-0.46,-0.15,0.23,9.8,0.15625,1.25,0.0,0.0,5.3,7.0,1016.69,66.84,-13.95
2025-03-24 18:33:24.365000+00:00,,,,,350.5,-1.062,-1.5,23.0,-81.75,-7.188,-18.562,0.013,0.002,0.04,-0.43,1.05,9.34,-0.28,0.81,-0.46,-0.15,0.23,9.8,0.15625,1.25,0.0,0.0,5.3,7.0,1016.69,66.84,-13.95
2025-03-24 18:33:24.766000+00:00,,,,,350.5,-1.062,-1.5,23.01,-81.75,-7.188,-18.562,0.013,0.002,0.04,-0.43,1.05,9.34,-0.28,0.81,-0.46,-0.15,0.23,9.8,0.15625,1.25,0.0,0.0,5.3,7.0,1016.69,66.84,-13.95
2025-03-24 18:33:25.375000+00:00,,,,,350.5,-1.062,-1.5,23.0,-81.75,-7.188,-18.562,0.013,0.002,0.04,-0.43,1.05,9.34,-0.28,0.81,-0.46,-0.15,0.23,9.8,0.15625,1.25,0.0,0.0,5.3,7.0,1016.69,66.84,-13.95
2025-03-24 18:33:25.784000+00:00,,,,,350.5,-1.062,-1.5,23.01,-81.75,-7.188,-18.562,0.013,0.002,0.04,-0.43,1.05,9.34,-0.28,0.81,-0.46,-0.15,0.23,9.8,0.15625,1.25,0.0,0.0,5.3,7.0,1016.69,66.84,-13.95
2025-03-24 18:33:26.374000+00:00,,,,,350.5,-1.062,-1.5,23.0,-81.75,-7.188,-18.562,0.013,0.002,0.04,-0.43,1.05,9.34,-0.28,0.81,-0.46,-0.15,0.23,9.8,0.15625,1.25,0.0,0.0,5.3,7.0,1016.69,66.84,-13.95
2025-03-24 18:33:26.795000+00:00,,,,,350.5,-1.062,-1.5,23.01,-81.75,-7.188,-18.562,0.013,0.002,0.04,-0.43,1.05,9.34,-0.28,0.81,-0.46,-0.15,0.23,9.8,0.15625,1.25,0.0,0.0,5.3,7.0,1016.69,66.84,-13.95
2025-03-24 18:32:27.859000+00:00,,,,,350.5,-1.062,-1.5,23.01,-81.75,-7.188,-18.562,0.013,0.002,0.04,-0.43,1.05,9.34,-0.28,0.81,-0.46,-0.15,0.23,9.8,0.15625,1.25,0.0,0.0,5.3,7.0,1016.69,66.84,-13.95
2025-03-24 18:32:28.869000+00:00,,,,,350.5,-1.062,-1.5,23.01,-84.0,-5.0,-19.875,0.013,0.002,0.04,-0.43,1.05,9.34,-0.28,0.81,-0.46,-0.15,0.23,9.8,0.15625,1.25,0.0,0.0,5.3,7.0,1016.69,66.84,-13.95
2025-03-24 18:32:29.999000+00:00,,,,,350.5,-1.062,-1.5,23.01,-83.0,-6.0,-19.5,0.013,0.002,0.04,-0.43,1.05,9.34,-0.28,0.81,-0.46,-0.15,0.23,9.8,0.15625,1.25,0.0,0.0,5.3,7.0,1016.69,66.84,-13.95
2025-03-24 18:32:30.959000+00:00,,,,,350.5,-1.062,-1.5,23.01,-83.0,-6.0,-20.0,0.013,0.002,0.04,-0.43,1.05,9.34,-0.28,0.81,-0.46,-0.15,0.23,9.8,0.15625,1.25,0.0,0.0,5.3,7.0,1016.69,66.84,-13.95
2025-03-24 18:32:32.090000+00:00,,,,,350.5,-1.062,-1.5,23.01,-83.688,-5.062,-19.5,0.013,0.002,0.04,-0.43,1.05,9.34,-0.28,0.81,-0.46,-0.15,0.23,9.8,0.15625,1.25,0.0,0.0,5.3,7.0,1016.69,66.84,-13.95
2025-03-24 18:32:33.129000+00:00,,,,,350.5,-1.062,-1.5,23.01,-83.188,-5.375,-19.5,0.013,0.002,0.04,-0.43,1.05,9.34,-0.28,0.81,-0.46,-0.15,0.23,9.8,0.15625,1.25,0.0,0.0,5.3,7.0,1016.69,66.84,-13.95
2025-03-24 18:32:34.169000+00:00,,,,,350.5,-1.062,-1.5,23.01,-83.562,-4.688,-19.5,0.013,0.002,0.04,-0.43,1.05,9.34,-0.28,0.81,-0.46,-0.15,0.23,9.8,0.15625,1.25,0.0,0.0,5.3,7.0,1016.69,66.84,-13.95
2025-03-24 18:32:35.109000+00:00,,,,,350.5,-1.062,-1.5,23.01,-82.875,-5.062,-19.5,0.013,0.002,0.04,-0.43,1.05,9.34,-0.28,0.81,-0.46,-0.15,0.23,9.8,0.15625,1.25,0.0,0.0,5.3,7.0,1016.69,66.84,-13.95
2025-03-24 18:32:35.958000+00:00,,,,,350.5,-1.062,-1.5,23.01,-83.562,-5.062,-18.25,0.013,0.002,0.04,-0.43,1.05,9.34,-0.28,0.81,-0.46,-0.15,0.23,9.8,0.15625,1.25,0.0,0.0,5.3,7.0,1016.69,66.84,-13.95
2025-03-24 18:32:36.948000+00:00,,,,,350.5,-1.062,-1.5,23.01,-84.688,-5.375,-19.062,0.013,0.002,0.04,-0.43,1.05,9.34,-0.28,0.81,-0.46,-0.15,0.23,9.8,0.15625,1.25,0.0,0.0,5.3,7.0,1016.69,66.84,-13.95
2025-03-24 18:32:37.958000+00:00,,,,,350.5,-1.062,-1.5,23.01,-83.875,-5.188,-19.5,0.013,0.002,0.04,-0.43,1.05,9.34,-0.28,0.81,-0.46,-0.15,0.23,9.8,0.15625,1.25,0.0,0.0,5.3,7.0,1016.69,66.84,-13.95
2025-03-24 18:32:38.968000+00:00,,,,,350.5,-1.062,-1.5,23.01,-83.062,-4.375,-19.375,0.013,0.002,0.04,-0.43,1.05,9.34,-0.28,0.81,-0.46,-0.15,0.23,9.8,0.15625,1.25,0.0,0.0,5.3,7.0,1016.69,66.84,-13.95
2025-03-24 18:32:40.018000+00:00,,,,,350.5,-1.062,-1.5,23.01,-83.875,-6.562,-18.25,0.013,0.002,0.04,-0.43,1.05,9.34,-0.28,0.81,-0.46,-0.15,0.23,9.8,0.15625,1.25,0.0,0.0,5.3,7.0,1016.69,66.84,-13.95
2025-03-24 18:32:41.159000+00:00,,,,,350.5,-1.062,-1.5,23.01,-83.062,-5.5,-18.688,0.013,0.002,0.04,-0.43,1.05,9.34,-0.28,0.81,-0.46,-0.15,0.23,9.8,0.15625,1.25,0.0,0.0,5.3,7.0,1016.69,66.84,-13.95
2025-03-24 18:32:42.068000+00:00,,,,,350.5,-1.062,-1.5,23.01,-83.875,-5.188,-20.562,0.013,0.002,0.04,-0.43,1.05,9.34,-0.28,0.81,-0.46,-0.15,0.23,9.8,0.15625,1.25,0.0,0.0,5.3,7.0,1016.69,66.84,-13.95
2025-03-24 18:32:43.138000+00:00,,,,,350.5,-1.062,-1.5,23.01,-83.875,-6.0,-20.562,0.013,0.002,0.04,-0.43,1.05,9.34,-0.28,0.81,-0.46,-0.15,0.23,9.8,0.15625,1.25,0.0,0.0,5.3,7.0,1016.69,66.84,-13.95
2025-03-24 18:32:44.290000+00:00,,,,,350.5,-1.062,-1.5,23.01,-83.375,-5.562,-19.75,0.013,0.002,0.04,-0.43,1.05,9.34,-0.28,0.81,-0.46,-0.15,0.23,9.8,0.15625,1.25,0.0,0.0,5.3,7.0,1016.69,66.84,-13.95
2025-03-24 18:32:45.038000+00:00,,,,,350.5,-1.062,-1.5,23.01,-83.375,-5.562,-19.25,0.013,0.002,0.04,-0.43,1.05,9.34,-0.28,0.81,-0.46,-0.15,0.23,9.8,0.15625,1.25,0.0,0.0,5.3,7.0,1016.69,66.84,-13.95
2025-03-24 18:32:46.051000+00:00,,,,,350.5,-1.062,-1.5,23.01,-83.75,-5.562,-18.875,0.013,0.002,0.04,-0.43,1.05,9.34,-0.28,0.81,-0.46,-0.15,0.23,9.8,0.15625,1.25,0.0,0.0,5.3,7.0,1016.69,66.84,-13.95
2025-03-24 18:32:47.039000+00:00,,,,,350.5,-1.062,-1.5,23.01,-83.0,-5.25,-19.75,0.013,0.002,0.04,-0.43,1.05,9.34,-0.28,0.81,-0.46,-0.15,0.23,9.8,0.15625,1.25,0.0,0.0,5.3,7.0,1016.69,66.84,-13.95
2025-03-24 18:32:48.048000+00:00,,,,,350.5,-1.062,-1.5,23.01,-83.375,-5.562,-19.75,0.013,0.002,0.04,-0.43,1.05,9.34,-0.28,0.81,-0.46,-0.15,0.23,9.8,0.15625,1.25,0.0,0.0,5.3,7.0,1016.69,66.84,-13.95
2025-03-24 18:32:49.057000+00:00,,,,,350.5,-1.062,-1.5,23.01,-84.188,-5.375,-18.188,0.013,0.002,0.04,-0.43,1.05,9.34,-0.28,0.81,-0.46,-0.15,0.23,9.8,0.15625,1.25,0.0,0.0,5.3,7.0,1016.69,66.84,-13.95
2025-03-24 18:32:50.078000+00:00,,,,,350.5,-1.062,-1.5,23.01,-83.25,-5.688,-18.562,0.013,0.002,0.04,-0.43,1.05,9.34,-0.28,0.81,-0.46,-0.15,0.23,9.8,0.15625,1.25,0.0,0.0,5.3,7.0,1016.69,66.84,-13.95
2025-03-24 18:32:51.088000+00:00,,,,,350.5,-1.062,-1.5,23.01,-84.062,-5.0,-18.062,0.013,0.002,0.04,-0.43,1.05,9.34,-0.28,0.81,-0.46,-0.15,0.23,9.8,0.15625,1.25,0.0,0.0,5.3,7.0,1016.69,66.84,-13.95
2025-03-24 18:32:52.221000+00:00,,,,,350.5,-1.062,-1.5,23.01,-84.375,-5.0,-18.5,0.013,0.002,0.04,-0.43,1.05,9.34,-0.28,0.81,-0.46,-0.15,0.23,9.8,0.15625,1.25,0.0,0.0,5.3,7.0,1016.69,66.84,-13.95
2025-03-24 18:32:53.137000+00:00,,,,,350.5,-1.062,-1.5,23.01,-83.188,-6.188,-18.5,0.013,0.002,0.04,-0.43,1.05,9.34,-0.28,0.81,-0.46,-0.15,0.23,9.8,0.15625,1.25,0.0,0.0,5.3,7.0,1016.69,66.84,-13.95
2025-03-24 18:32:54.306000+00:00,,,,,350.5,-1.062,-1.5,23.01,-82.75,-5.062,-19.688,0.013,0.002,0.04,-0.43,1.05,9.34,-0.28,0.81,-0.46,-0.15,0.23,9.8,0.15625,1.25,0.0,0.0,5.3,7.0,1016.69,66.84,-13.95
2025-03-24 18:32:55.506000+00:00,,,,,350.5,-1.062,-1.5,23.01,-82.75,-5.75,-18.75,0.013,0.002,0.04,-0.43,1.05,9.34,-0.28,0.81,-0.46,-0.15,0.23,9.8,0.15625,1.25,0.0,0.0,5.3,7.0,1016.69,66.84,-13.95
2025-03-24 18:32:56.291000+00:00,,,,,350.5,-1.062,-1.5,23.01,-82.5,-4.688,-18.375,0.013,0.002,0.04,-0.43,1.05,9.34,-0.28,0.81,-0.46,-0.15,0.23,9.8,0.15625,1.25,0.0,0.0,5.3,7.0,1016.69,66.84,-13.95
2025-03-24 18:32:57.287000+00:00,,,,,350.5,-1.062,-1.5,23.01,-82.75,-5.5,-19.875,0.013,0.002,0.04,-0.43,1.05,9.34,-0.28,0.81,-0.46,-0.15,0.23,9.8,0.15625,1.25,0.0,0.0,5.3,7.0,1016.69,66.84,-13.95
2025-03-24 18:32:58.297000+00:00,,,,,350.5,-1.062,-1.5,23.01,-82.688,-5.562,-18.062,0.013,0.002,0.04,-0.43,1.05,9.34,-0.28,0.81,-0.46,-0.15,0.23,9.8,0.15625,1.25,0.0,0.0,5.3,7.0,1016.69,66.84,-13.95
2025-03-24 18:32:59.307000+00:00,,,,,350.5,-1.062,-1.5,23.01,-83.062,-5.188,-18.75,0.013,0.002,0.04,-0.43,1.05,9.34,-0.28,0.81,-0.46,-0.15,0.23,9.8,0.15625,1.25,0.0,0.0,5.3,7.0,1016.69,66.84,-13.95
2025-03-24 18:33:00.303000+00:00,,,,,350.5,-1.062,-1.5,23.01,-83.5,-5.25,-19.062,0.013,0.002,0.04,-0.43,1.05,9.34,-0.28,0.81,-0.46,-0.15,0.23,9.8,0.15625,1.25,0.0,0.0,5.3,7.0,1016.69,66.84,-13.95
2025-03-24 18:33:01.314000+00:00,,,,,350.5,-1.062,-1.5,23.01,-83.062,-5.562,-19.875,0.013,0.002,0.04,-0.43,1.05,9.34,-0.28,0.81,-0.46,-0.15,0.23,9.8,0.15625,1.25,0.0,0.0,5.3,7.0,1016.69,66.84,-13.95
2025-03-24 18:33:02.307000+00:00,,,,,350.5,-1.062,-1.5,23.01,-82.688,-4.875,-18.688,0.013,0.002,0.04,-0.43,1.05,9.34,-0.28,0.81,-0.46,-0.15,0.23,9.8,0.15625,1.25,0.0,0.0,5.3,7.0,1016.69,66.84,-13.95
2025-03-24 18:33:03.306000+00:00,,,,,350.5,-1.062,-1.5,23.01,-81.875,-5.688,-19.5,0.013,0.002,0.04,-0.43,1.05,9.34,-0.28,0.81,-0.46,-0.15,0.23,9.8,0.15625,1.25,0.0,0.0,5.3,7.0,1016.69,66.84,-13.95
2025-03-24 18:33:04.473000+00:00,,,,,350.5,-1.062,-1.5,23.01,-83.875,-6.0,-19.688,0.013,0.002,0.04,-0.43,1.05,9.34,-0.28,0.81,-0.46,-0.15,0.23,9.8,0.15625,1.25,0.0,0.0,5.3,7.0,1016.69,66.84,-13.95
2025-03-24 18:33:05.507000+00:00,,,,,350.5,-1.062,-1.5,23.01,-82.562,-5.25,-19.875,0.013,0.002,0.04,-0.43,1.05,9.34,-0.28,0.81,-0.46,-0.15,0.23,9.8,0.15625,1.25,0.0,0.0,5.3,7.0,1016.69,66.84,-13.95
2025-03-24 18:33:06.667000+00:00,,,,,350.5,-1.062,-1.5,23.01,-83.375,-4.875,-19.562,0.013,0.002,0.04,-0.43,1.05,9.34,-0.28,0.81,-0.46,-0.15,0.23,9.8,0.15625,1.25,0.0,0.0,5.3,7.0,1016.69,66.84,-13.95
2025-03-24 18:33:07.331000+00:00,,,,,350.5,-1.062,-1.5,23.01,-83.375,-6.0,-19.562,0.013,0.002,0.04,-0.43,1.05,9.34,-0.28,0.81,-0.46,-0.15,0.23,9.8,0.15625,1.25,0.0,0.0,5.3,7.0,1016.69,66.84,-13.95
2025-03-24 18:33:08.327000+00:00,,,,,350.5,-1.062,-1.5,23.01,-82.562,-6.5,-18.375,0.013,0.002,0.04,-0.43,1.05,9.34,-0.28,0.81,-0.46,-0.15,0.23,9.8,0.15625,1.25,0.0,0.0,5.3,7.0,1016.69,66.84,-13.95
2025-03-24 18:33:09.352000+00:00,,,,,350.5,-1.062,-1.5,23.01,-83.375,-5.75,-18.688,0.013,0.002,0.04,-0.43,1.05,9.34,-0.28,0.81,-0.46,-0.15,0.23,9.8,0.15625,1.25,0.0,0.0,5.3,7.0,1016.69,66.84,-13.95
2025-03-24 18:33:10.396000+00:00,,,,,350.5,-1.062,-1.5,23.01,-82.562,-5.0,-19.875,0.013,0.002,0.04,-0.43,1.05,9.34,-0.28,0.81,-0.46,-0.15,0.23,9.8,0.15625,1.25,0.0,0.0,5.3,7.0,1016.69,66.84,-13.95
2025-03-24 18:33:11.542000+00:00,,,,,350.5,-1.062,-1.5,23.01,-82.5,-5.375,-18.375,0.013,0.002,0.04,-0.43,1.05,9.34,-0.28,0.81,-0.46,-0.15,0.23,9.8,0.15625,1.25,0.0,0.0,5.3,7.0,1016.69,66.84,-13.95
2025-03-24 18:33:12.682000+00:00,,,,,350.5,-1.062,-1.5,23.01,-83.688,-5.875,-19.062,0.013,0.002,0.04,-0.43,1.05,9.34,-0.28,0.81,-0.46,-0.15,0.23,9.8,0.15625,1.25,0.0,0.0,5.3,7.0,1016.69,66.84,-13.95
2025-03-24 18:33:13.610000+00:00,,,,,350.5,-1.062,-1.5,23.01,-82.875,-6.562,-17.875,0.013,0.002,0.04,-0.43,1.05,9.34,-0.28,0.81,-0.46,-0.15,0.23,9.8,0.15625,1.25,0.0,0.0,5.3,7.0,1016.69,66.84,-13.95
2025-03-24 18:33:14.697000+00:00,,,,,350.5,-1.062,-1.5,23.01,-83.562,-5.875,-19.5,0.013,0.002,0.04,-0.43,1.05,9.34,-0.28,0.81,-0.46,-0.15,0.23,9.8,0.15625,1.25,0.0,0.0,5.3,7.0,1016.69,66.84,-13.95
2025-03-24 18:33:15.355000+00:00,,,,,350.5,-1.062,-1.5,23.01,-82.062,-5.562,-17.5,0.013,0.002,0.04,-0.43,1.05,9.34,-0.28,0.81,-0.46,-0.15,0.23,9.8,0.15625,1.25,0.0,0.0,5.3,7.0,1016.69,66.84,-13.95
2025-03-24 18:33:16.375000+00:00,,,,,350.5,-1.062,-1.5,23.01,-82.75,-6.0,-19.5,0.013,0.002,0.04,-0.43,1.05,9.34,-0.28,0.81,-0.46,-0.15,0.23,9.8,0.15625,1.25,0.0,0.0,5.3,7.0,1016.69,66.84,-13.95
2025-03-24 18:33:17.365000+00:00,,,,,350.5,-1.062,-1.5,23.01,-82.75,-6.25,-18.875,0.013,0.002,0.04,-0.43,1.05,9.34,-0.28,0.81,-0.46,-0.15,0.23,9.8,0.15625,1.25,0.0,0.0,5.3,7.0,1016.69,66.84,-13.95
2025-03-24 18:33:18.375000+00:00,,,,,350.5,-1.062,-1.5,23.01,-83.188,-6.0,-19.0,0.013,0.002,0.04,-0.43,1.05,9.34,-0.28,0.81,-0.46,-0.15,0.23,9.8,0.15625,1.25,0.0,0.0,5.3,7.0,1016.69,66.84,-13.95
2025-03-24 18:33:19.365000+00:00,,,,,350.5,-1.062,-1.5,23.01,-82.0,-5.562,-18.5,0.013,0.002,0.04,-0.43,1.05,9.34,-0.28,0.81,-0.46,-0.15,0.23,9.8,0.15625,1.25,0.0,0.0,5.3,7.0,1016.69,66.84,-13.95
2025-03-24 18:33:20.398000+00:00,,,,,350.5,-1.062,-1.5,23.01,-83.062,-6.062,-18.875,0.013,0.002,0.04,-0.43,1.05,9.34,-0.28,0.81,-0.46,-0.15,0.23,9.8,0.15625,1.25,0.0,0.0,5.3,7.0,1016.69,66.84,-13.95
2025-03-24 18:33:21.585000+00:00,,,,,350.5,-1.062,-1.5,23.01,-82.25,-6.062,-18.188,0.013,0.002,0.04,-0.43,1.05,9.34,-0.28,0.81,-0.46,-0.15,0.23,9.8,0.15625,1.25,0.0,0.0,5.3,7.0,1016.69,66.84,-13.95
2025-03-24 18:33:22.685000+00:00,,,,,350.5,-1.062,-1.5,23.01,-82.688,-6.75,-20.062,0.013,0.002,0.04,-0.43,1.05,9.34,-0.28,0.81,-0.46,-0.15,0.23,9.8,0.15625,1.25,0.0,0.0,5.3,7.0,1016.69,66.84,-13.95
2025-03-24 18:33:23.686000+00:00,,,,,350.5,-1.062,-1.5,23.01,-82.688,-6.375,-19.688,0.013,0.002,0.04,-0.43,1.05,9.34,-0.28,0.81,-0.46,-0.15,0.23,9.8,0.15625,1.25,0.0,0.0,5.3,7.0,1016.69,66.84,-13.95
2025-03-24 18:33:24.414000+00:00,,,,,350.5,-1.062,-1.5,23.01,-82.188,-6.375,-19.688,0.013,0.002,0.04,-0.43,1.05,9.34,-0.28,0.81,-0.46,-0.15,0.23,9.8,0.15625,1.25,0.0,0.0,5.3,7.0,1016.69,66.84,-13.95
2025-03-24 18:33:25.434000+00:00,,,,,350.5,-1.062,-1.5,23.01,-82.562,-6.375,-19.25,0.013,0.002,0.04,-0.43,1.05,9.34,-0.28,0.81,-0.46,-0.15,0.23,9.8,0.15625,1.25,0.0,0.0,5.3,7.0,1016.69,66.84,-13.95
2025-03-24 18:33:26.424000+00:00,,,,,350.5,-1.062,-1.5,23.01,-83.375,-5.375,-19.375,0.013,0.002,0.04,-0.43,1.05,9.34,-0.28,0.81,-0.46,-0.15,0.23,9.8,0.15625,1.25,0.0,0.0,5.3,7.0,1016.69,66.84,-13.95
2025-03-24 18:32:27.909000+00:00,,,,,350.5,-1.062,-1.5,23.01,-83.375,-5.375,-19.375,0.013,0.002,0.04,-0.43,1.05,9.34,-0.28,0.81,-0.46,-0.15,0.23,9.8,0.15625,1.25,0.0,0.0,5.3,7.0,1016.69,66.84,-13.95
2025-03-24 18:32:28.926000+00:00,,,,,350.5,-1.062,-1.5,23.01,-83.375,-5.375,-19.375,0.014,-0.01,-0.021,-0.43,1.05,9.34,-0.28,0.81,-0.46,-0.15,0.23,9.8,0.15625,1.25,0.0,0.0,5.3,7.0,1016.69,66.84,-13.95
2025-03-24 18:32:30.049000+00:00,,,,,350.5,-1.062,-1.5,23.01,-83.375,-5.375,-19.375,0.01,-0.002,-0.032,-0.43,1.05,9.34,-0.28,0.81,-0.46,-0.15,0.23,9.8,0.15625,1.25,0.0,0.0,5.3,7.0,1016.69,66.84,-13.95
2025-03-24 18:32:31.010000+00:00,,,,,350.5,-1.062,-1.5,23.01,-83.375,-5.375,-19.375,0.018,-0.017,0.0,-0.43,1.05,9.34,-0.28,0.81,-0.46,-0.15,0.23,9.8,0.15625,1.25,0.0,0.0,5.3,7.0,1016.69,66.84,-13.95
2025-03-24 18:32:32.139000+00:00,,,,,350.5,-1.062,-1.5,23.01,-83.375,-5.375,-19.375,0.012,0.004,0.009,-0.43,1.05,9.34,-0.28,0.81,-0.46,-0.15,0.23,9.8,0.15625,1.25,0.0,0.0,5.3,7.0,1016.69,66.84,-13.95
2025-03-24 18:32:33.179000+00:00,,,,,350.5,-1.062,-1.5,23.01,-83.375,-5.375,-19.375,-0.007,0.004,-0.019,-0.43,1.05,9.34,-0.28,0.81,-0.46,-0.15,0.23,9.8,0.15625,1.25,0.0,0.0,5.3,7.0,1016.69,66.84,-13.95
2025-03-24 18:32:34.229000+00:00,,,,,350.5,-1.062,-1.5,23.01,-83.375,-5.375,-19.375,-0.013,-0.007,-0.001,-0.43,1.05,9.34,-0.28,0.81,-0.46,-0.15,0.23,9.8,0.15625,1.25,0.0,0.0,5.3,7.0,1016.69,66.84,-13.95
2025-03-24 18:32:35.167000+00:00,,,,,350.5,-1.062,-1.5,23.01,-83.375,-5.375,-19.375,-0.02,0.004,-0.024,-0.43,1.05,9.34,-0.28,0.81,-0.46,-0.15,0.23,9.8,0.15625,1.25,0.0,0.0,5.3,7.0,1016.69,66.84,-13.95
2025-03-24 18:32:36.009000+00:00,,,,,350.5,-1.062,-1.5,23.01,-83.375,-5.375,-19.375,-0.018,-0.003,0.021,-0.43,1.05,9.34,-0.28,0.81,-0.46,-0.15,0.23,9.8,0.15625,1.25,0.0,0.0,5.3,7.0,1016.69,66.84,-13.95
2025-03-24 18:32:36.998000+00:00,,,,,350.5,-1.062,-1.5,23.01,-83.375,-5.375,-19.375,-0.008,0.0,0.001,-0.43,1.05,9.34,-0.28,0.81,-0.46,-0.15,0.23,9.8,0.15625,1.25,0.0,0.0,5.3,7.0,1016.69,66.84,-13.95
2025-03-24 18:32:38.008000+00:00,,,,,350.5,-1.062,-1.5,23.01,-83.375,-5.375,-19.375,-0.026,-0.002,0.009,-0.43,1.05,9.34,-0.28,0.81,-0.46,-0.15,0.23,9.8,0.15625,1.25,0.0,0.0,5.3,7.0,1016.69,66.84,-13.95
2025-03-24 18:32:39.019000+00:00,,,,,350.5,-1.062,-1.5,23.01,-83.375,-5.375,-19.375,-0.038,-0.02,-0.013,-0.43,1.05,9.34,-0.28,0.81,-0.46,-0.15,0.23,9.8,0.15625,1.25,0.0,0.0,5.3,7.0,1016.69,66.84,-13.95
2025-03-24 18:32:40.075000+00:00,,,,,350.5,-1.062,-1.5,23.01,-83.375,-5.375,-19.375,-0.017,-0.01,0.028,-0.43,1.05,9.34,-0.28,0.81,-0.46,-0.15,0.23,9.8,0.15625,1.25,0.0,0.0,5.3,7.0,1016.69,66.84,-13.95
2025-03-24 18:32:41.208000+00:00,,,,,350.5,-1.062,-1.5,23.01,-83.375,-5.375,-19.375,-0.013,-0.012,-0.058,-0.43,1.05,9.34,-0.28,0.81,-0.46,-0.15,0.23,9.8,0.15625,1.25,0.0,0.0,5.3,7.0,1016.69,66.84,-13.95
2025-03-24 18:32:42.118000+00:00,,,,,350.5,-1.062,-1.5,23.01,-83.375,-5.375,-19.375,0.013,-0.008,0.023,-0.43,1.05,9.34,-0.28,0.81,-0.46,-0.15,0.23,9.8,0.15625,1.25,0.0,0.0,5.3,7.0,1016.69,66.84,-13.95
2025-03-24 18:32:43.193000+00:00,,,,,350.5,-1.062,-1.5,23.01,-83.375,-5.375,-19.375,0.002,-0.013,-0.029,-0.43,1.05,9.34,-0.28,0.81,-0.46,-0.15,0.23,9.8,0.15625,1.25,0.0,0.0,5.3,7.0,1016.69,66.84,-13.95
2025-03-24 18:32:44.350000+00:00,,,,,350.5,-1.062,-1.5,23.01,-83.375,-5.375,-19.375,-0.011,-0.011,0.048,-0.43,1.05,9.34,-0.28,0.81,-0.46,-0.15,0.23,9.8,0.15625,1.25,0.0,0.0,5.3,7.0,1016.69,66.84,-13.95
2025-03-24 18:32:45.088000+00:00,,,,,350.5,-1.062,-1.5,23.01,-83.375,-5.375,-19.375,-0.017,-0.006,-0.003,-0.43,1.05,9.34,-0.28,0.81,-0.46,-0.15,0.23,9.8,0.15625,1.25,0.0,0.0,5.3,7.0,1016.69,66.84,-13.95
2025-03-24 18:32:46.104000+00:00,,,,,350.5,-1.062,-1.5,23.01,-83.375,-5.375,-19.375,0.001,-0.001,-0.001,-0.43,1.05,9.34,-0.28,0.81,-0.46,-0.15,0.23,9.8,0.15625,1.25,0.0,0.0,5.3,7.0,1016.69,66.84,-13.95
2025-03-24 18:32:47.088000+00:00,,,,,350.5,-1.062,-1.5,23.01,-83.375,-5.375,-19.375,0.008,-0.011,-0.029,-0.43,1.05,9.34,-0.28,0.81,-0.46,-0.15,0.23,9.8,0.15625,1.25,0.0,0.0,5.3,7.0,1016.69,66.84,-13.95
2025-03-24 18:32:48.098000+00:00,,,,,350.5,-1.062,-1.5,23.01,-83.375,-5.375,-19.375,0.018,-0.003,-0.011,-0.43,1.05,9.34,-0.28,0.81,-0.46,-0.15,0.23,9.8,0.15625,1.25,0.0,0.0,5.3,7.0,1016.69,66.84,-13.95
2025-03-24 18:32:49.108000+00:00,,,,,350.5,-1.062,-1.5,23.01,-83.375,-5.375,-19.375,0.0,-0.012,-0.024,-0.43,1.05,9.34,-0.28,0.81,-0.46,-0.15,0.23,9.8,0.15625,1.25,0.0,0.0,5.3,7.0,1016.69,66.84,-13.95
2025-03-24 18:32:50.128000+00:00,,,,,350.5,-1.062,-1.5,23.01,-83.375,-5.375,-19.375,0.011,-0.011,-0.048,-0.43,1.05,9.34,-0.28,0.81,-0.46,-0.15,0.23,9.8,0.15625,1.25,0.0,0.0,5.3,7.0,1016.69,66.84,-13.95
2025-03-24 18:32:51.138000+00:00,,,,,350.5,-1.062,-1.5,23.01,-83.375,-5.375,-19.375,-0.01,-0.009,-0.036,-0.43,1.05,9.34,-0.28,0.81,-0.46,-0.15,0.23,9.8,0.15625,1.25,0.0,0.0,5.3,7.0,1016.69,66.84,-13.95
2025-03-24 18:32:52.268000+00:00,,,,,350.5,-1.062,-1.5,23.01,-83.375,-5.375,-19.375,-0.013,-0.002,-0.012,-0.43,1.05,9.34,-0.28,0.81,-0.46,-0.15,0.23,9.8,0.15625,1.25,0.0,0.0,5.3,7.0,1016.69,66.84,-13.95
2025-03-24 18:32:53.195000+00:00,,,,,350.5,-1.062,-1.5,23.01,-83.375,-5.375,-19.375,0.01,0.003,-0.046,-0.43,1.05,9.34,-0.28,0.81,-0.46,-0.15,0.23,9.8,0.15625,1.25,0.0,0.0,5.3,7.0,1016.69,66.84,-13.95
2025-03-24 18:32:54.364000+00:00,,,,,350.5,-1.062,-1.5,23.01,-83.375,-5.375,-19.375,-0.007,-0.009,0.001,-0.43,1.05,9.34,-0.28,0.81,-0.46,-0.15,0.23,9.8,0.15625,1.25,0.0,0.0,5.3,7.0,1016.69,66.84,-13.95
2025-03-24 18:32:55.559000+00:00,,,,,350.5,-1.062,-1.5,23.01,-83.375,-5.375,-19.375,-0.004,-0.009,0.014,-0.43,1.05,9.34,-0.28,0.81,-0.46,-0.15,0.23,9.8,0.15625,1.25,0.0,0.0,5.3,7.0,1016.69,66.84,-13.95
2025-03-24 18:32:56.346000+00:00,,,,,350.5,-1.062,-1.5,23.01,-83.375,-5.375,-19.375,-0.006,-0.006,0.009,-0.43,1.05,9.34,-0.28,0.81,-0.46,-0.15,0.23,9.8,0.15625,1.25,0.0,0.0,5.3,7.0,1016.69,66.84,-13.95
2025-03-24 18:32:57.342000+00:00,,,,,350.5,-1.062,-1.5,23.01,-83.375,-5.375,-19.375,0.002,-0.002,-0.007,-0.43,1.05,9.34,-0.28,0.81,-0.46,-0.15,0.23,9.8,0.15625,1.25,0.0,0.0,5.3,7.0,1016.69,66.84,-13.95
2025-03-24 18:32:58.347000+00:00,,,,,350.5,-1.062,-1.5,23.01,-83.375,-5.375,-19.375,-0.01,-0.01,0.0,-0.43,1.05,9.34,-0.28,0.81,-0.46,-0.15,0.23,9.8,0.15625,1.25,0.0,0.0,5.3,7.0,1016.69,66.84,-13.95
2025-03-24 18:32:59.363000+00:00,,,,,350.5,-1.062,-1.5,23.01,-83.375,-5.375,-19.375,0.006,0.0,0.012,-0.43,1.05,9.34,-0.28,0.81,-0.46,-0.15,0.23,9.8,0.15625,1.25,0.0,0.0,5.3,7.0,1016.69,66.84,-13.95
2025-03-24 18:33:00.358000+00:00,,,,,350.5,-1.062,-1.5,23.01,-83.375,-5.375,-19.375,-0.019,0.004,0.0,-0.43,1.05,9.34,-0.28,0.81,-0.46,-0.15,0.23,9.8,0.15625,1.25,0.0,0.0,5.3,7.0,1016.69,66.84,-13.95
2025-03-24 18:33:01.367000+00:00,,,,,350.5,-1.062,-1.5,23.01,-83.375,-5.375,-19.375,0.0,-0.001,0.049,-0.43,1.05,9.34,-0.28,0.81,-0.46,-0.15,0.23,9.8,0.15625,1.25,0.0,0.0,5.3,7.0,1016.69,66.84,-13.95
2025-03-24 18:33:02.358000+00:00,,,,,350.5,-1.062,-1.5,23.01,-83.375,-5.375,-19.375,0.0,-0.008,0.018,-0.43,1.05,9.34,-0.28,0.81,-0.46,-0.15,0.23,9.8,0.15625,1.25,0.0,0.0,5.3,7.0,1016.69,66.84,-13.95
2025-03-24 18:33:03.356000+00:00,,,,,350.5,-1.062,-1.5,23.01,-83.375,-5.375,-19.375,-0.02,-0.004,0.032,-0.43,1.05,9.34,-0.28,0.81,-0.46,-0.15,0.23,9.8,0.15625,1.25,0.0,0.0,5.3,7.0,1016.69,66.84,-13.95
2025-03-24 18:33:04.526000+00:00,,,,,350.5,-1.062,-1.5,23.01,-83.375,-5.375,-19.375,-0.017,-0.018,0.028,-0.43,1.05,9.34,-0.28,0.81,-0.46,-0.15,0.23,9.8,0.15625,1.25,0.0,0.0,5.3,7.0,1016.69,66.84,-13.95
2025-03-24 18:33:05.556000+00:00,,,,,350.5,-1.062,-1.5,23.01,-83.375,-5.375,-19.375,-0.006,-0.003,-0.013,-0.43,1.05,9.34,-0.28,0.81,-0.46,-0.15,0.23,9.8,0.15625,1.25,0.0,0.0,5.3,7.0,1016.69,66.84,-13.95
2025-03-24 18:33:06.717000+00:00,,,,,350.5,-1.062,-1.5,23.01,-83.375,-5.375,-19.375,0.01,0.002,0.027,-0.43,1.05,9.34,-0.28,0.81,-0.46,-0.15,0.23,9.8,0.15625,1.25,0.0,0.0,5.3,7.0,1016.69,66.84,-13.95
2025-03-24 18:33:07.382000+00:00,,,,,350.5,-1.062,-1.5,23.01,-83.375,-5.375,-19.375,0.018,-0.006,-0.014,-0.43,1.05,9.34,-0.28,0.81,-0.46,-0.15,0.23,9.8,0.15625,1.25,0.0,0.0,5.3,7.0,1016.69,66.84,-13.95
2025-03-24 18:33:08.383000+00:00,,,,,350.5,-1.062,-1.5,23.01,-83.375,-5.375,-19.375,-0.003,-0.006,0.016,-0.43,1.05,9.34,-0.28,0.81,-0.46,-0.15,0.23,9.8,0.15625,1.25,0.0,0.0,5.3,7.0,1016.69,66.84,-13.95
2025-03-24 18:33:09.407000+00:00,,,,,350.5,-1.062,-1.5,23.01,-83.375,-5.375,-19.375,-0.002,0.006,-0.047,-0.43,1.05,9.34,-0.28,0.81,-0.46,-0.15,0.23,9.8,0.15625,1.25,0.0,0.0,5.3,7.0,1016.69,66.84,-13.95
2025-03-24 18:33:10.446000+00:00,,,,,350.5,-1.062,-1.5,23.01,-83.375,-5.375,-19.375,0.008,-0.011,-0.036,-0.43,1.05,9.34,-0.28,0.81,-0.46,-0.15,0.23,9.8,0.15625,1.25,0.0,0.0,5.3,7.0,1016.69,66.84,-13.95
2025-03-24 18:33:11.603000+00:00,,,,,350.5,-1.062,-1.5,23.01,-83.375,-5.375,-19.375,-0.003,-0.01,0.033,-0.43,1.05,9.34,-0.28,0.81,-0.46,-0.15,0.23,9.8,0.15625,1.25,0.0,0.0,5.3,7.0,1016.69,66.84,-13.95
2025-03-24 18:33:12.735000+00:00,,,,,350.5,-1.062,-1.5,23.01,-83.375,-5.375,-19.375,0.01,0.001,0.008,-0.43,1.05,9.34,-0.28,0.81,-0.46,-0.15,0.23,9.8,0.15625,1.25,0.0,0.0,5.3,7.0,1016.69,66.84,-13.95
2025-03-24 18:33:13.663000+00:00,,,,,350.5,-1.062,-1.5,23.01,-83.375,-5.375,-19.375,-0.002,-0.002,-0.011,-0.43,1.05,9.34,-0.28,0.81,-0.46,-0.15,0.23,9.8,0.15625,1.25,0.0,0.0,5.3,7.0,1016.69,66.84,-13.95
2025-03-24 18:33:14.746000+00:00,,,,,350.5,-1.062,-1.5,23.01,-83.375,-5.375,-19.375,-0.006,0.0,0.0,-0.43,1.05,9.34,-0.28,0.81,-0.46,-0.15,0.23,9.8,0.15625,1.25,0.0,0.0,5.3,7.0,1016.69,66.84,-13.95
2025-03-24 18:33:15.405000+00:00,,,,,350.5,-1.062,-1.5,23.01,-83.375,-5.375,-19.375,0.008,-0.002,0.01,-0.43,1.05,9.34,-0.28,0.81,-0.46,-0.15,0.23,9.8,0.15625,1.25,0.0,0.0,5.3,7.0,1016.69,66.84,-13.95
2025-03-24 18:33:16.442000+00:00,,,,,350.5,-1.062,-1.5,23.01,-83.375,-5.375,-19.375,-0.011,-0.001,-0.004,-0.43,1.05,9.34,-0.28,0.81,-0.46,-0.15,0.23,9.8,0.15625,1.25,0.0,0.0,5.3,7.0,1016.69,66.84,-13.95
2025-03-24 18:33:17.415000+00:00,,,,,350.5,-1.062,-1.5,23.01,-83.375,-5.375,-19.375,0.004,-0.006,-0.033,-0.43,1.05,9.34,-0.28,0.81,-0.46,-0.15,0.23,9.8,0.15625,1.25,0.0,0.0,5.3,7.0,1016.69,66.84,-13.95
2025-03-24 18:33:18.425000+00:00,,,,,350.5,-1.062,-1.5,23.01,-83.375,-5.375,-19.375,0.013,-0.01,0.023,-0.43,1.05,9.34,-0.28,0.81,-0.46,-0.15,0.23,9.8,0.15625,1.25,0.0,0.0,5.3,7.0,1016.69,66.84,-13.95
2025-03-24 18:33:19.415000+00:00,,,,,350.5,-1.062,-1.5,23.01,-83.375,-5.375,-19.375,-0.019,0.0,0.029,-0.43,1.05,9.34,-0.28,0.81,-0.46,-0.15,0.23,9.8,0.15625,1.25,0.0,0.0,5.3,7.0,1016.69,66.84,-13.95
2025-03-24 18:33:20.445000+00:00,,,,,350.5,-1.062,-1.5,23.01,-83.375,-5.375,-19.375,-0.002,-0.007,-0.012,-0.43,1.05,9.34,-0.28,0.81,-0.46,-0.15,0.23,9.8,0.15625,1.25,0.0,0.0,5.3,7.0,1016.69,66.84,-13.95
2025-03-24 18:33:21.642000+00:00,,,,,350.5,-1.062,-1.5,23.01,-83.375,-5.375,-19.375,-0.009,-0.018,-0.003,-0.43,1.05,9.34,-0.28,0.81,-0.46,-0.15,0.23,9.8,0.15625,1.25,0.0,0.0,5.3,7.0,1016.69,66.84,-13.95
2025-03-24 18:33:22.735000+00:00,,,,,350.5,-1.062,-1.5,23.01,-83.375,-5.375,-19.375,0.011,0.012,0.054,-0.43,1.05,9.34,-0.28,0.81,-0.46,-0.15,0.23,9.8,0.15625,1.25,0.0,0.0,5.3,7.0,1016.69,66.84,-13.95
2025-03-24 18:33:23.735000+00:00,,,,,350.5,-1.062,-1.5,23.01,-83.375,-5.375,-19.375,-0.008,-0.003,-0.004,-0.43,1.05,9.34,-0.28,0.81,-0.46,-0.15,0.23,9.8,0.15625,1.25,0.0,0.0,5.3,7.0,1016.69,66.84,-13.95
2025-03-24 18:33:24.464000+00:00,,,,,350.5,-1.062,-1.5,23.01,-83.375,-5.375,-19.375,-0.004,-0.009,-0.003,-0.43,1.05,9.34,-0.28,0.81,-0.46,-0.15,0.23,9.8,0.15625,1.25,0.0,0.0,5.3,7.0,1016.69,66.84,-13.95
2025-03-24 18:33:25.485000+00:00,,,,,350.5,-1.062,-1.5,23.01,-83.375,-5.375,-19.375,-0.009,0.001,-0.01,-0.43,1.05,9.34,-0.28,0.81,-0.46,-0.15,0.23,9.8,0.15625,1.25,0.0,0.0,5.3,7.0,1016.69,66.84,-13.95
2025-03-24 18:33:26.474000+00:00,,,,,350.5,-1.062,-1.5,23.01,-83.375,-5.375,-19.375,0.0,-0.007,-0.033,-0.43,1.05,9.34,-0.28,0.81,-0.46,-0.15,0.23,9.8,0.15625,1.25,0.0,0.0,5.3,7.0,1016.69,66.84,-13.95
2025-03-24 18:32:27.959000+00:00,,,,,350.5,-1.062,-1.5,23.01,-83.375,-5.375,-19.375,0.0,-0.007,-0.033,-0.43,1.05,9.34,-0.28,0.81,-0.46,-0.15,0.23,9.8,0.15625,1.25,0.0,0.0,5.3,7.0,1016.69,66.84,-13.95
2025-03-24 18:32:28.979000+00:00,,,,,350.5,-1.062,-1.5,23.01,-83.375,-5.375,-19.375,0.0,-0.007,-0.033,-0.22,0.42,9.49,-0.28,0.81,-0.46,-0.15,0.23,9.8,0.15625,1.25,0.0,0.0,5.3,7.0,1016.69,66.84,-13.95
2025-03-24 18:32:30.099000+00:00,,,,,350.5,-1.062,-1.5,23.01,-83.375,-5.375,-19.375,0.0,-0.007,-0.033,-0.11,0.24,9.41,-0.28,0.81,-0.46,-0.15,0.23,9.8,0.15625,1.25,0.0,0.0,5.3,7.0,1016.69,66.84,-13.95
2025-03-24 18:32:31.059000+00:00,,,,,350.5,-1.062,-1.5,23.01,-83.375,-5.375,-19.375,0.0,-0.007,-0.033,-0.22,0.6,9.42,-0.28,0.81,-0.46,-0.15,0.23,9.8,0.15625,1.25,0.0,0.0,5.3,7.0,1016.69,66.84,-13.95
2025-03-24 18:32:32.189000+00:00,,,,,350.5,-1.062,-1.5,23.01,-83.375,-5.375,-19.375,0.0,-0.007,-0.033,-0.34,0.25,9.47,-0.28,0.81,-0.46,-0.15,0.23,9.8,0.15625,1.25,0.0,0.0,5.3,7.0,1016.69,66.84,-13.95
2025-03-24 18:32:33.230000+00:00,,,,,350.5,-1.062,-1.5,23.01,-83.375,-5.375,-19.375,0.0,-0.007,-0.033,-0.19,0.26,9.43,-0.28,0.81,-0.46,-0.15,0.23,9.8,0.15625,1.25,0.0,0.0,5.3,7.0,1016.69,66.84,-13.95
2025-03-24 18:32:34.279000+00:00,,,,,350.5,-1.062,-1.5,23.01,-83.375,-5.375,-19.375,0.0,-0.007,-0.033,-0.2,0.31,9.48,-0.28,0.81,-0.46,-0.15,0.23,9.8,0.15625,1.25,0.0,0.0,5.3,7.0,1016.69,66.84,-13.95
2025-03-24 18:32:35.226000+00:00,,,,,350.5,-1.062,-1.5,23.01,-83.375,-5.375,-19.375,0.0,-0.007,-0.033,-0.33,0.11,9.41,-0.28,0.81,-0.46,-0.15,0.23,9.8,0.15625,1.25,0.0,0.0,5.3,7.0,1016.69,66.84,-13.95
2025-03-24 18:32:36.058000+00:00,,,,,350.5,-1.062,-1.5,23.01,-83.375,-5.375,-19.375,0.0,-0.007,-0.033,-0.37,0.72,9.37,-0.28,0.81,-0.46,-0.15,0.23,9.8,0.15625,1.25,0.0,0.0,5.3,7.0,1016.69,66.84,-13.95
2025-03-24 18:32:37.048000+00:00,,,,,350.5,-1.062,-1.5,23.01,-83.375,-5.375,-19.375,0.0,-0.007,-0.033,-0.16,0.0,9.46,-0.28,0.81,-0.46,-0.15,0.23,9.8,0.15625,1.25,0.0,0.0,5.3,7.0,1016.69,66.84,-13.95
2025-03-24 18:32:38.059000+00:00,,,,,350.5,-1.062,-1.5,23.01,-83.375,-5.375,-19.375,0.0,-0.007,-0.033,-0.33,0.18,9.39,-0.28,0.81,-0.46,-0.15,0.23,9.8,0.15625,1.25,0.0,0.0,5.3,7.0,1016.69,66.84,-13.95
2025-03-24 18:32:39.069000+00:00,,,,,350.5,-1.062,-1.5,23.01,-83.375,-5.375,-19.375,0.0,-0.007,-0.033,0.0,-0.24,9.33,-0.28,0.81,-0.46,-0.15,0.23,9.8,0.15625,1.25,0.0,0.0,5.3,7.0,1016.69,66.84,-13.95
2025-03-24 18:32:40.136000+00:00,,,,,350.5,-1.062,-1.5,23.01,-83.375,-5.375,-19.375,0.0,-0.007,-0.033,0.01,0.15,9.31,-0.28,0.81,-0.46,-0.15,0.23,9.8,0.15625,1.25,0.0,0.0,5.3,7.0,1016.69,66.84,-13.95
2025-03-24 18:32:41.259000+00:00,,,,,350.5,-1.062,-1.5,23.01,-83.375,-5.375,-19.375,0.0,-0.007,-0.033,-0.29,0.0,9.36,-0.28,0.81,-0.46,-0.15,0.23,9.8,0.15625,1.25,0.0,0.0,5.3,7.0,1016.69,66.84,-13.95
2025-03-24 18:32:42.168000+00:00,,,,,350.5,-1.062,-1.5,23.01,-83.375,-5.375,-19.375,0.0,-0.007,-0.033,-0.18,0.42,9.41,-0.28,0.81,-0.46,-0.15,0.23,9.8,0.15625,1.25,0.0,0.0,5.3,7.0,1016.69,66.84,-13.95
2025-03-24 18:32:43.238000+00:00,,,,,350.5,-1.062,-1.5,23.01,-83.375,-5.375,-19.375,0.0,-0.007,-0.033,-0.26,0.37,9.42,-0.28,0.81,-0.46,-0.15,0.23,9.8,0.15625,1.25,0.0,0.0,5.3,7.0,1016.69,66.84,-13.95
2025-03-24 18:32:44.405000+00:00,,,,,350.5,-1.062,-1.5,23.01,-83.375,-5.375,-19.375,0.0,-0.007,-0.033,-0.1,0.16,9.43,-0.28,0.81,-0.46,-0.15,0.23,9.8,0.15625,1.25,0.0,0.0,5.3,7.0,1016.69,66.84,-13.95
2025-03-24 18:32:45.138000+00:00,,,,,350.5,-1.062,-1.5,23.01,-83.375,-5.375,-19.375,0.0,-0.007,-0.033,-0.14,0.08,9.42,-0.28,0.81,-0.46,-0.15,0.23,9.8,0.15625,1.25,0.0,0.0,5.3,7.0,1016.69,66.84,-13.95
2025-03-24 18:32:46.158000+00:00,,,,,350.5,-1.062,-1.5,23.01,-83.375,-5.375,-19.375,0.0,-0.007,-0.033,-0.58,0.0,9.41,-0.28,0.81,-0.46,-0.15,0.23,9.8,0.15625,1.25,0.0,0.0,5.3,7.0,1016.69,66.84,-13.95
2025-03-24 18:32:47.147000+00:00,,,,,350.5,-1.062,-1.5,23.01,-83.375,-5.375,-19.375,0.0,-0.007,-0.033,-0.28,0.61,9.48,-0.28,0.81,-0.46,-0.15,0.23,9.8,0.15625,1.25,0.0,0.0,5.3,7.0,1016.69,66.84,-13.95
2025-03-24 18:32:48.148000+00:00,,,,,350.5,-1.062,-1.5,23.01,-83.375,-5.375,-19.375,0.0,-0.007,-0.033,-0.15,0.38,9.41,-0.28,0.81,-0.46,-0.15,0.23,9.8,0.15625,1.25,0.0,0.0,5.3,7.0,1016.69,66.84,-13.95
2025-03-24 18:32:49.161000+00:00,,,,,350.5,-1.062,-1.5,23.01,-83.375,-5.375,-19.375,0.0,-0.007,-0.033,-0.26,0.17,9.38,-0.28,0.81,-0.46,-0.15,0.23,9.8,0.15625,1.25,0.0,0.0,5.3,7.0,1016.69,66.84,-13.95
2025-03-24 18:32:50.184000+00:00,,,,,350.5,-1.062,-1.5,23.01,-83.375,-5.375,-19.375,0.0,-0.007,-0.033,-0.11,0.45,9.38,-0.28,0.81,-0.46,-0.15,0.23,9.8,0.15625,1.25,0.0,0.0,5.3,7.0,1016.69,66.84,-13.95
2025-03-24 18:32:51.188000+00:00,,,,,350.5,-1.062,-1.5,23.01,-83.375,-5.375,-19.375,0.0,-0.007,-0.033,-0.1,-0.16,9.45,-0.28,0.81,-0.46,-0.15,0.23,9.8,0.15625,1.25,0.0,0.0,5.3,7.0,1016.69,66.84,-13.95
2025-03-24 18:32:52.328000+00:00,,,,,350.5,-1.062,-1.5,23.01,-83.375,-5.375,-19.375,0.0,-0.007,-0.033,-0.18,0.4,9.42,-0.28,0.81,-0.46,-0.15,0.23,9.8,0.15625,1.25,0.0,0.0,5.3,7.0,1016.69,66.84,-13.95
2025-03-24 18:32:53.252000+00:00,,,,,350.5,-1.062,-1.5,23.01,-83.375,-5.375,-19.375,0.0,-0.007,-0.033,0.1,0.54,9.5,-0.28,0.81,-0.46,-0.15,0.23,9.8,0.15625,1.25,0.0,0.0,5.3,7.0,1016.69,66.84,-13.95
2025-03-24 18:32:54.424000+00:00,,,,,350.5,-1.062,-1.5,23.01,-83.375,-5.375,-19.375,0.0,-0.007,-0.033,-0.03,0.45,9.42,-0.28,0.81,-0.46,-0.15,0.23,9.8,0.15625,1.25,0.0,0.0,5.3,7.0,1016.69,66.84,-13.95
2025-03-24 18:32:55.615000+00:00,,,,,350.5,-1.062,-1.5,23.01,-83.375,-5.375,-19.375,0.0,-0.007,-0.033,-0.07,0.2,9.43,-0.28,0.81,-0.46,-0.15,0.23,9.8,0.15625,1.25,0.0,0.0,5.3,7.0,1016.69,66.84,-13.95
2025-03-24 18:32:56.404000+00:00,,,,,350.5,-1.062,-1.5,23.01,-83.375,-5.375,-19.375,0.0,-0.007,-0.033,-0.47,0.36,9.46,-0.28,0.81,-0.46,-0.15,0.23,9.8,0.15625,1.25,0.0,0.0,5.3,7.0,1016.69,66.84,-13.95
2025-03-24 18:32:57.387000+00:00,,,,,350.5,-1.062,-1.5,23.01,-83.375,-5.375,-19.375,0.0,-0.007,-0.033,-0.36,0.5,9.5,-0.28,0.81,-0.46,-0.15,0.23,9.8,0.15625,1.25,0.0,0.0,5.3,7.0,1016.69,66.84,-13.95
2025-03-24 18:32:58.397000+00:00,,,,,350.5,-1.062,-1.5,23.01,-83.375,-5.375,-19.375,0.0,-0.007,-0.033,-0.63,-0.04,9.41,-0.28,0.81,-0.46,-0.15,0.23,9.8,0.15625,1.25,0.0,0.0,5.3,7.0,1016.69,66.84,-13.95
2025-03-24 18:32:59.417000+00:00,,,,,350.5,-1.062,-1.5,23.01,-83.375,-5.375,-19.375,0.0,-0.007,-0.033,-0.2,0.31,9.4,-0.28,0.81,-0.46,-0.15,0.23,9.8,0.15625,1.25,0.0,0.0,5.3,7.0,1016.69,66.84,-13.95
2025-03-24 18:33:00.414000+00:00,,,,,350.5,-1.062,-1.5,23.01,-83.375,-5.375,-19.375,0.0,-0.007,-0.033,-0.07,0.04,9.47,-0.28,0.81,-0.46,-0.15,0.23,9.8,0.15625,1.25,0.0,0.0,5.3,7.0,1016.69,66.84,-13.95
2025-03-24 18:33:01.417000+00:00,,,,,350.5,-1.062,-1.5,23.01,-83.375,-5.375,-19.375,0.0,-0.007,-0.033,-0.13,0.21,9.43,-0.28,0.81,-0.46,-0.15,0.23,9.8,0.15625,1.25,0.0,0.0,5.3,7.0,1016.69,66.84,-13.95
2025-03-24 18:33:02.408000+00:00,,,,,350.5,-1.062,-1.5,23.01,-83.375,-5.375,-19.375,0.0,-0.007,-0.033,-0.27,0.17,9.28,-0.28,0.81,-0.46,-0.15,0.23,9.8,0.15625,1.25,0.0,0.0,5.3,7.0,1016.69,66.84,-13.95
2025-03-24 18:33:03.407000+00:00,,,,,350.5,-1.062,-1.5,23.01,-83.375,-5.375,-19.375,0.0,-0.007,-0.033,-0.39,-0.04,9.44,-0.28,0.81,-0.46,-0.15,0.23,9.8,0.15625,1.25,0.0,0.0,5.3,7.0,1016.69,66.84,-13.95
2025-03-24 18:33:04.584000+00:00,,,,,350.5,-1.062,-1.5,23.01,-83.375,-5.375,-19.375,0.0,-0.007,-0.033,-0.26,0.26,9.47,-0.28,0.81,-0.46,-0.15,0.23,9.8,0.15625,1.25,0.0,0.0,5.3,7.0,1016.69,66.84,-13.95
2025-03-24 18:33:05.614000+00:00,,,,,350.5,-1.062,-1.5,23.01,-83.375,-5.375,-19.375,0.0,-0.007,-0.033,-0.58,0.33,9.35,-0.28,0.81,-0.46,-0.15,0.23,9.8,0.15625,1.25,0.0,0.0,5.3,7.0,1016.69,66.84,-13.95
2025-03-24 18:33:06.767000+00:00,,,,,350.5,-1.062,-1.5,23.01,-83.375,-5.375,-19.375,0.0,-0.007,-0.033,-0.68,0.41,9.42,-0.28,0.81,-0.46,-0.15,0.23,9.8,0.15625,1.25,0.0,0.0,5.3,7.0,1016.69,66.84,-13.95
2025-03-24 18:33:07.433000+00:00,,,,,350.5,-1.062,-1.5,23.01,-83.375,-5.375,-19.375,0.0,-0.007,-0.033,-0.2,0.53,9.39,-0.28,0.81,-0.46,-0.15,0.23,9.8,0.15625,1.25,0.0,0.0,5.3,7.0,1016.69,66.84,-13.95
2025-03-24 18:33:08.436000+00:00,,,,,350.5,-1.062,-1.5,23.01,-83.375,-5.375,-19.375,0.0,-0.007,-0.033,-0.5,0.02,9.4,-0.28,0.81,-0.46,-0.15,0.23,9.8,0.15625,1.25,0.0,0.0,5.3,7.0,1016.69,66.84,-13.95
2025-03-24 18:33:09.463000+00:00,,,,,350.5,-1.062,-1.5,23.01,-83.375,-5.375,-19.375,0.0,-0.007,-0.033,-0.52,0.07,9.43,-0.28,0.81,-0.46,-0.15,0.23,9.8,0.15625,1.25,0.0,0.0,5.3,7.0,1016.69,66.84,-13.95
2025-03-24 18:33:10.503000+00:00,,,,,350.5,-1.062,-1.5,23.01,-83.375,-5.375,-19.375,0.0,-0.007,-0.033,-0.47,0.09,9.41,-0.28,0.81,-0.46,-0.15,0.23,9.8,0.15625,1.25,0.0,0.0,5.3,7.0,1016.69,66.84,-13.95
2025-03-24 18:33:11.658000+00:00,,,,,350.5,-1.062,-1.5,23.01,-83.375,-5.375,-19.375,0.0,-0.007,-0.033,-0.24,0.23,9.46,-0.28,0.81,-0.46,-0.15,0.23,9.8,0.15625,1.25,0.0,0.0,5.3,7.0,1016.69,66.84,-13.95
2025-03-24 18:33:12.793000+00:00,,,,,350.5,-1.062,-1.5,23.01,-83.375,-5.375,-19.375,0.0,-0.007,-0.033,-0.63,0.88,9.44,-0.28,0.81,-0.46,-0.15,0.23,9.8,0.15625,1.25,0.0,0.0,5.3,7.0,1016.69,66.84,-13.95
2025-03-24 18:33:13.723000+00:00,,,,,350.5,-1.062,-1.5,23.01,-83.375,-5.375,-19.375,0.0,-0.007,-0.033,-0.35,0.79,9.35,-0.28,0.81,-0.46,-0.15,0.23,9.8,0.15625,1.25,0.0,0.0,5.3,7.0,1016.69,66.84,-13.95
2025-03-24 18:33:14.795000+00:00,,,,,350.5,-1.062,-1.5,23.01,-83.375,-5.375,-19.375,0.0,-0.007,-0.033,-0.32,0.55,9.49,-0.28,0.81,-0.46,-0.15,0.23,9.8,0.15625,1.25,0.0,0.0,5.3,7.0,1016.69,66.84,-13.95
2025-03-24 18:33:15.455000+00:00,,,,,350.5,-1.062,-1.5,23.01,-83.375,-5.375,-19.375,0.0,-0.007,-0.033,-0.16,0.3,9.45,-0.28,0.81,-0.46,-0.15,0.23,9.8,0.15625,1.25,0.0,0.0,5.3,7.0,1016.69,66.84,-13.95
2025-03-24 18:33:16.497000+00:00,,,,,350.5,-1.062,-1.5,23.01,-83.375,-5.375,-19.375,0.0,-0.007,-0.033,0.19,0.02,9.44,-0.28,0.81,-0.46,-0.15,0.23,9.8,0.15625,1.25,0.0,0.0,5.3,7.0,1016.69,66.84,-13.95
2025-03-24 18:33:17.466000+00:00,,,,,350.5,-1.062,-1.5,23.01,-83.375,-5.375,-19.375,0.0,-0.007,-0.033,-0.16,-0.13,9.48,-0.28,0.81,-0.46,-0.15,0.23,9.8,0.15625,1.25,0.0,0.0,5.3,7.0,1016.69,66.84,-13.95
2025-03-24 18:33:18.475000+00:00,,,,,350.5,-1.062,-1.5,23.01,-83.375,-5.375,-19.375,0.0,-0.007,-0.033,0.03,0.61,9.4,-0.28,0.81,-0.46,-0.15,0.23,9.8,0.15625,1.25,0.0,0.0,5.3,7.0,1016.69,66.84,-13.95
2025-03-24 18:33:19.465000+00:00,,,,,350.5,-1.062,-1.5,23.01,-83.375,-5.375,-19.375,0.0,-0.007,-0.033,-0.1,0.15,9.4,-0.28,0.81,-0.46,-0.15,0.23,9.8,0.15625,1.25,0.0,0.0,5.3,7.0,1016.69,66.84,-13.95
2025-03-24 18:33:20.495000+00:00,,,,,350.5,-1.062,-1.5,23.01,-83.375,-5.375,-19.375,0.0,-0.007,-0.033,-0.05,0.01,9.47,-0.28,0.81,-0.46,-0.15,0.23,9.8,0.15625,1.25,0.0,0.0,5.3,7.0,1016.69,66.84,-13.95
2025-03-24 18:33:21.702000+00:00,,,,,350.5,-1.062,-1.5,23.01,-83.375,-5.375,-19.375,0.0,-0.007,-0.033,-0.12,0.66,9.37,-0.28,0.81,-0.46,-0.15,0.23,9.8,0.15625,1.25,0.0,0.0,5.3,7.0,1016.69,66.84,-13.95
2025-03-24 18:33:22.785000+00:00,,,,,350.5,-1.062,-1.5,23.01,-83.375,-5.375,-19.375,0.0,-0.007,-0.033,-0.12,0.99,9.36,-0.28,0.81,-0.46,-0.15,0.23,9.8,0.15625,1.25,0.0,0.0,5.3,7.0,1016.69,66.84,-13.95
2025-03-24 18:33:23.795000+00:00,,,,,350.5,-1.062,-1.5,23.01,-83.375,-5.375,-19.375,0.0,-0.007,-0.033,-0.14,0.5,9.48,-0.28,0.81,-0.46,-0.15,0.23,9.8,0.15625,1.25,0.0,0.0,5.3,7.0,1016.69,66.84,-13.95
2025-03-24 18:33:24.514000+00:00,,,,,350.5,-1.062,-1.5,23.01,-83.375,-5.375,-19.375,0.0,-0.007,-0.033,-0.39,0.01,9.42,-0.28,0.81,-0.46,-0.15,0.23,9.8,0.15625,1.25,0.0,0.0,5.3,7.0,1016.69,66.84,-13.95
2025-03-24 18:33:25.535000+00:00,,,,,350.5,-1.062,-1.5,23.01,-83.375,-5.375,-19.375,0.0,-0.007,-0.033,-0.11,-0.1,9.48,-0.28,0.81,-0.46,-0.15,0.23,9.8,0.15625,1.25,0.0,0.0,5.3,7.0,1016.69,66.84,-13.95
2025-03-24 18:33:26.524000+00:00,,,,,350.5,-1.062,-1.5,23.01,-83.375,-5.375,-19.375,0.0,-0.007,-0.033,-0.5,0.08,9.49,-0.28,0.81,-0.46,-0.15,0.23,9.8,0.15625,1.25,0.0,0.0,5.3,7.0,1016.69,66.84,-13.95
2025-03-24 18:32:28.017000+00:00,,,,,350.5,-1.062,-1.5,23.01,-83.375,-5.375,-19.375,0.0,-0.007,-0.033,-0.5,0.08,9.49,-0.28,0.81,-0.46,-0.15,0.23,9.8,0.15625,1.25,0.0,0.0,5.3,7.0,1016.69,66.84,-13.95
2025-03-24 18:32:29.029000+00:00,,,,,350.5,-1.062,-1.5,23.01,-83.375,-5.375,-19.375,0.0,-0.007,-0.033,-0.5,0.08,9.49,-0.07,0.18,-0.31,-0.15,0.23,9.8,0.15625,1.25,0.0,0.0,5.3,7.0,1016.69,66.84,-13.95
2025-03-24 18:32:30.149000+00:00,,,,,350.5,-1.062,-1.5,23.01,-83.375,-5.375,-19.375,0.0,-0.007,-0.033,-0.5,0.08,9.49,0.01,0.02,-0.38,-0.15,0.23,9.8,0.15625,1.25,0.0,0.0,5.3,7.0,1016.69,66.84,-13.95
2025-03-24 18:32:31.109000+00:00,,,,,350.5,-1.062,-1.5,23.01,-83.375,-5.375,-19.375,0.0,-0.007,-0.033,-0.5,0.08,9.49,-0.06,0.36,-0.37,-0.15,0.23,9.8,0.15625,1.25,0.0,0.0,5.3,7.0,1016.69,66.84,-13.95
2025-03-24 18:32:32.239000+00:00,,,,,350.5,-1.062,-1.5,23.01,-83.375,-5.375,-19.375,0.0,-0.007,-0.033,-0.5,0.08,9.49,-0.19,0.02,-0.33,-0.15,0.23,9.8,0.15625,1.25,0.0,0.0,5.3,7.0,1016.69,66.84,-13.95
2025-03-24 18:32:33.279000+00:00,,,,,350.5,-1.062,-1.5,23.01,-83.375,-5.375,-19.375,0.0,-0.007,-0.033,-0.5,0.08,9.49,-0.03,0.02,-0.36,-0.15,0.23,9.8,0.15625,1.25,0.0,0.0,5.3,7.0,1016.69,66.84,-13.95
2025-03-24 18:32:34.329000+00:00,,,,,350.5,-1.062,-1.5,23.01,-83.375,-5.375,-19.375,0.0,-0.007,-0.033,-0.5,0.08,9.49,-0.02,0.05,-0.31,-0.15,0.23,9.8,0.15625,1.25,0.0,0.0,5.3,7.0,1016.69,66.84,-13.95
2025-03-24 18:32:35.282000+00:00,,,,,350.5,-1.062,-1.5,23.01,-83.375,-5.375,-19.375,0.0,-0.007,-0.033,-0.5,0.08,9.49,-0.16,-0.14,-0.38,-0.15,0.23,9.8,0.15625,1.25,0.0,0.0,5.3,7.0,1016.69,66.84,-13.95
2025-03-24 18:32:36.119000+00:00,,,,,350.5,-1.062,-1.5,23.01,-83.375,-5.375,-19.375,0.0,-0.007,-0.033,-0.5,0.08,9.49,-0.22,0.48,-0.43,-0.15,0.23,9.8,0.15625,1.25,0.0,0.0,5.3,7.0,1016.69,66.84,-13.95
2025-03-24 18:32:37.108000+00:00,,,,,350.5,-1.062,-1.5,23.01,-83.375,-5.375,-19.375,0.0,-0.007,-0.033,-0.5,0.08,9.49,-0.01,-0.22,-0.34,-0.15,0.23,9.8,0.15625,1.25,0.0,0.0,5.3,7.0,1016.69,66.84,-13.95
2025-03-24 18:32:38.109000+00:00,,,,,350.5,-1.062,-1.5,23.01,-83.375,-5.375,-19.375,0.0,-0.007,-0.033,-0.5,0.08,9.49,-0.15,-0.05,-0.4,-0.15,0.23,9.8,0.15625,1.25,0.0,0.0,5.3,7.0,1016.69,66.84,-13.95
2025-03-24 18:32:39.119000+00:00,,,,,350.5,-1.062,-1.5,23.01,-83.375,-5.375,-19.375,0.0,-0.007,-0.033,-0.5,0.08,9.49,0.16,-0.47,-0.47,-0.15,0.23,9.8,0.15625,1.25,0.0,0.0,5.3,7.0,1016.69,66.84,-13.95
2025-03-24 18:32:40.195000+00:00,,,,,350.5,-1.062,-1.5,23.01,-83.375,-5.375,-19.375,0.0,-0.007,-0.033,-0.5,0.08,9.49,0.15,-0.07,-0.48,-0.15,0.23,9.8,0.15625,1.25,0.0,0.0,5.3,7.0,1016.69,66.84,-13.95
2025-03-24 18:32:41.309000+00:00,,,,,350.5,-1.062,-1.5,23.01,-83.375,-5.375,-19.375,0.0,-0.007,-0.033,-0.5,0.08,9.49,-0.26,-0.11,-0.33,-0.15,0.23,9.8,0.15625,1.25,0.0,0.0,5.3,7.0,1016.69,66.84,-13.95
2025-03-24 18:32:42.218000+00:00,,,,,350.5,-1.062,-1.5,23.01,-83.375,-5.375,-19.375,0.0,-0.007,-0.033,-0.5,0.08,9.49,-0.02,0.18,-0.38,-0.15,0.23,9.8,0.15625,1.25,0.0,0.0,5.3,7.0,1016.69,66.84,-13.95
2025-03-24 18:32:43.289000+00:00,,,,,350.5,-1.062,-1.5,23.01,-83.375,-5.375,-19.375,0.0,-0.007,-0.033,-0.5,0.08,9.49,-0.09,0.13,-0.37,-0.15,0.23,9.8,0.15625,1.25,0.0,0.0,5.3,7.0,1016.69,66.84,-13.95
2025-03-24 18:32:44.462000+00:00,,,,,350.5,-1.062,-1.5,23.01,-83.375,-5.375,-19.375,0.0,-0.007,-0.033,-0.5,0.08,9.49,0.05,-0.07,-0.36,-0.15,0.23,9.8,0.15625,1.25,0.0,0.0,5.3,7.0,1016.69,66.84,-13.95
2025-03-24 18:32:45.194000+00:00,,,,,350.5,-1.062,-1.5,23.01,-83.375,-5.375,-19.375,0.0,-0.007,-0.033,-0.5,0.08,9.49,0.03,-0.17,-0.37,-0.15,0.23,9.8,0.15625,1.25,0.0,0.0,5.3,7.0,1016.69,66.84,-13.95
2025-03-24 18:32:46.208000+00:00,,,,,350.5,-1.062,-1.5,23.01,-83.375,-5.375,-19.375,0.0,-0.007,-0.033,-0.5,0.08,9.49,-0.39,-0.28,-0.38,-0.15,0.23,9.8,0.15625,1.25,0.0,0.0,5.3,7.0,1016.69,66.84,-13.95
2025-03-24 18:32:47.198000+00:00,,,,,350.5,-1.062,-1.5,23.01,-83.375,-5.375,-19.375,0.0,-0.007,-0.033,-0.5,0.08,9.49,-0.09,0.33,-0.31,-0.15,0.23,9.8,0.15625,1.25,0.0,0.0,5.3,7.0,1016.69,66.84,-13.95
2025-03-24 18:32:48.198000+00:00,,,,,350.5,-1.062,-1.5,23.01,-83.375,-5.375,-19.375,0.0,-0.007,-0.033,-0.5,0.08,9.49,0.03,0.11,-0.38,-0.15,0.23,9.8,0.15625,1.25,0.0,0.0,5.3,7.0,1016.69,66.84,-13.95
2025-03-24 18:32:49.207000+00:00,,,,,350.5,-1.062,-1.5,23.01,-83.375,-5.375,-19.375,0.0,-0.007,-0.033,-0.5,0.08,9.49,-0.09,-0.08,-0.41,-0.15,0.23,9.8,0.15625,1.25,0.0,0.0,5.3,7.0,1016.69,66.84,-13.95
2025-03-24 18:32:50.238000+00:00,,,,,350.5,-1.062,-1.5,23.01,-83.375,-5.375,-19.375,0.0,-0.007,-0.033,-0.5,0.08,9.49,0.05,0.2,-0.41,-0.15,0.23,9.8,0.15625,1.25,0.0,0.0,5.3,7.0,1016.69,66.84,-13.95
2025-03-24 18:32:51.247000+00:00,,,,,350.5,-1.062,-1.5,23.01,-83.375,-5.375,-19.375,0.0,-0.007,-0.033,-0.5,0.08,9.49,0.05,-0.4,-0.34,-0.15,0.23,9.8,0.15625,1.25,0.0,0.0,5.3,7.0,1016.69,66.84,-13.95
2025-03-24 18:32:52.378000+00:00,,,,,350.5,-1.062,-1.5,23.01,-83.375,-5.375,-19.375,0.0,-0.007,-0.033,-0.5,0.08,9.49,-0.01,0.15,-0.37,-0.15,0.23,9.8,0.15625,1.25,0.0,0.0,5.3,7.0,1016.69,66.84,-13.95
2025-03-24 18:32:53.297000+00:00,,,,,350.5,-1.062,-1.5,23.01,-83.375,-5.375,-19.375,0.0,-0.007,-0.033,-0.5,0.08,9.49,0.27,0.28,-0.29,-0.15,0.23,9.8,0.15625,1.25,0.0,0.0,5.3,7.0,1016.69,66.84,-13.95
2025-03-24 18:32:54.482000+00:00,,,,,350.5,-1.062,-1.5,23.01,-83.375,-5.375,-19.375,0.0,-0.007,-0.033,-0.5,0.08,9.49,0.13,0.2,-0.37,-0.15,0.23,9.8,0.15625,1.25,0.0,0.0,5.3,7.0,1016.69,66.84,-13.95
2025-03-24 18:32:55.674000+00:00,,,,,350.5,-1.062,-1.5,23.01,-83.375,-5.375,-19.375,0.0,-0.007,-0.033,-0.5,0.08,9.49,0.11,-0.07,-0.36,-0.15,0.23,9.8,0.15625,1.25,0.0,0.0,5.3,7.0,1016.69,66.84,-13.95
2025-03-24 18:32:56.457000+00:00,,,,,350.5,-1.062,-1.5,23.01,-83.375,-5.375,-19.375,0.0,-0.007,-0.033,-0.5,0.08,9.49,-0.3,0.09,-0.33,-0.15,0.23,9.8,0.15625,1.25,0.0,0.0,5.3,7.0,1016.69,66.84,-13.95
2025-03-24 18:32:57.447000+00:00,,,,,350.5,-1.062,-1.5,23.01,-83.375,-5.375,-19.375,0.0,-0.007,-0.033,-0.5,0.08,9.49,-0.2,0.24,-0.29,-0.15,0.23,9.8,0.15625,1.25,0.0,0.0,5.3,7.0,1016.69,66.84,-13.95
2025-03-24 18:32:58.447000+00:00,,,,,350.5,-1.062,-1.5,23.01,-83.375,-5.375,-19.375,0.0,-0.007,-0.033,-0.5,0.08,9.49,-0.45,-0.32,-0.38,-0.15,0.23,9.8,0.15625,1.25,0.0,0.0,5.3,7.0,1016.69,66.84,-13.95
2025-03-24 18:32:59.467000+00:00,,,,,350.5,-1.062,-1.5,23.01,-83.375,-5.375,-19.375,0.0,-0.007,-0.033,-0.5,0.08,9.49,0.16,0.31,-0.4,-0.15,0.23,9.8,0.15625,1.25,0.0,0.0,5.3,7.0,1016.69,66.84,-13.95
2025-03-24 18:33:00.466000+00:00,,,,,350.5,-1.062,-1.5,23.01,-83.375,-5.375,-19.375,0.0,-0.007,-0.033,-0.5,0.08,9.49,0.0,-0.22,-0.38,-0.15,0.23,9.8,0.15625,1.25,0.0,0.0,5.3,7.0,1016.69,66.84,-13.95
2025-03-24 18:33:01.466000+00:00,,,,,350.5,-1.062,-1.5,23.01,-83.375,-5.375,-19.375,0.0,-0.007,-0.033,-0.5,0.08,9.49,0.09,0.01,-0.38,-0.15,0.23,9.8,0.15625,1.25,0.0,0.0,5.3,7.0,1016.69,66.84,-13.95
2025-03-24 18:33:02.457000+00:00,,,,,350.5,-1.062,-1.5,23.01,-83.375,-5.375,-19.375,0.0,-0.007,-0.033,-0.5,0.08,9.49,-0.08,-0.08,-0.51,-0.15,0.23,9.8,0.15625,1.25,0.0,0.0,5.3,7.0,1016.69,66.84,-13.95
2025-03-24 18:33:03.457000+00:00,,,,,350.5,-1.062,-1.5,23.01,-83.375,-5.375,-19.375,0.0,-0.007,-0.033,-0.5,0.08,9.49,-0.21,-0.3,-0.35,-0.15,0.23,9.8,0.15625,1.25,0.0,0.0,5.3,7.0,1016.69,66.84,-13.95
2025-03-24 18:33:04.643000+00:00,,,,,350.5,-1.062,-1.5,23.01,-83.375,-5.375,-19.375,0.0,-0.007,-0.033,-0.5,0.08,9.49,-0.07,0.0,-0.32,-0.15,0.23,9.8,0.15625,1.25,0.0,0.0,5.3,7.0,1016.69,66.84,-13.95
2025-03-24 18:33:05.673000+00:00,,,,,350.5,-1.062,-1.5,23.01,-83.375,-5.375,-19.375,0.0,-0.007,-0.033,-0.5,0.08,9.49,-0.39,0.07,-0.44,-0.15,0.23,9.8,0.15625,1.25,0.0,0.0,5.3,7.0,1016.69,66.84,-13.95
2025-03-24 18:33:06.818000+00:00,,,,,350.5,-1.062,-1.5,23.01,-83.375,-5.375,-19.375,0.0,-0.007,-0.033,-0.5,0.08,9.49,-0.49,0.15,-0.37,-0.15,0.23,9.8,0.15625,1.25,0.0,0.0,5.3,7.0,1016.69,66.84,-13.95
2025-03-24 18:33:07.494000+00:00,,,,,350.5,-1.062,-1.5,23.01,-83.375,-5.375,-19.375,0.0,-0.007,-0.033,-0.5,0.08,9.49,-0.01,0.27,-0.41,-0.15,0.23,9.8,0.15625,1.25,0.0,0.0,5.3,7.0,1016.69,66.84,-13.95
2025-03-24 18:33:08.494000+00:00,,,,,350.5,-1.062,-1.5,23.01,-83.375,-5.375,-19.375,0.0,-0.007,-0.033,-0.5,0.08,9.49,-0.31,-0.22,-0.39,-0.15,0.23,9.8,0.15625,1.25,0.0,0.0,5.3,7.0,1016.69,66.84,-13.95
2025-03-24 18:33:09.521000+00:00,,,,,350.5,-1.062,-1.5,23.01,-83.375,-5.375,-19.375,0.0,-0.007,-0.033,-0.5,0.08,9.49,-0.35,-0.16,-0.36,-0.15,0.23,9.8,0.15625,1.25,0.0,0.0,5.3,7.0,1016.69,66.84,-13.95
2025-03-24 18:33:10.561000+00:00,,,,,350.5,-1.062,-1.5,23.01,-83.375,-5.375,-19.375,0.0,-0.007,-0.033,-0.5,0.08,9.49,0.01,0.26,-0.36,-0.15,0.23,9.8,0.15625,1.25,0.0,0.0,5.3,7.0,1016.69,66.84,-13.95
2025-03-24 18:33:11.716000+00:00,,,,,350.5,-1.062,-1.5,23.01,-83.375,-5.375,-19.375,0.0,-0.007,-0.033,-0.5,0.08,9.49,0.18,0.16,-0.34,-0.15,0.23,9.8,0.15625,1.25,0.0,0.0,5.3,7.0,1016.69,66.84,-13.95
2025-03-24 18:33:12.850000+00:00,,,,,350.5,-1.062,-1.5,23.01,-83.375,-5.375,-19.375,0.0,-0.007,-0.033,-0.5,0.08,9.49,-0.22,0.37,-0.36,-0.15,0.23,9.8,0.15625,1.25,0.0,0.0,5.3,7.0,1016.69,66.84,-13.95
2025-03-24 18:33:13.775000+00:00,,,,,350.5,-1.062,-1.5,23.01,-83.375,-5.375,-19.375,0.0,-0.007,-0.033,-0.5,0.08,9.49,-0.16,0.54,-0.44,-0.15,0.23,9.8,0.15625,1.25,0.0,0.0,5.3,7.0,1016.69,66.84,-13.95
2025-03-24 18:33:14.845000+00:00,,,,,350.5,-1.062,-1.5,23.01,-83.375,-5.375,-19.375,0.0,-0.007,-0.033,-0.5,0.08,9.49,-0.14,0.31,-0.31,-0.15,0.23,9.8,0.15625,1.25,0.0,0.0,5.3,7.0,1016.69,66.84,-13.95
2025-03-24 18:33:15.506000+00:00,,,,,350.5,-1.062,-1.5,23.01,-83.375,-5.375,-19.375,0.0,-0.007,-0.033,-0.5,0.08,9.49,0.01,0.07,-0.34,-0.15,0.23,9.8,0.15625,1.25,0.0,0.0,5.3,7.0,1016.69,66.84,-13.95
2025-03-24 18:33:16.555000+00:00,,,,,350.5,-1.062,-1.5,23.01,-83.375,-5.375,-19.375,0.0,-0.007,-0.033,-0.5,0.08,9.49,0.37,-0.19,-0.35,-0.15,0.23,9.8,0.15625,1.25,0.0,0.0,5.3,7.0,1016.69,66.84,-13.95
2025-03-24 18:33:17.515000+00:00,,,,,350.5,-1.062,-1.5,23.01,-83.375,-5.375,-19.375,0.0,-0.007,-0.033,-0.5,0.08,9.49,0.01,-0.35,-0.31,-0.15,0.23,9.8,0.15625,1.25,0.0,0.0,5.3,7.0,1016.69,66.84,-13.95
2025-03-24 18:33:18.525000+00:00,,,,,350.5,-1.062,-1.5,23.01,-83.375,-5.375,-19.375,0.0,-0.007,-0.033,-0.5,0.08,9.49,0.22,0.39,-0.39,-0.15,0.23,9.8,0.15625,1.25,0.0,0.0,5.3,7.0,1016.69,66.84,-13.95
2025-03-24 18:33:19.515000+00:00,,,,,350.5,-1.062,-1.5,23.01,-83.375,-5.375,-19.375,0.0,-0.007,-0.033,-0.5,0.08,9.49,0.06,-0.06,-0.39,-0.15,0.23,9.8,0.15625,1.25,0.0,0.0,5.3,7.0,1016.69,66.84,-13.95
2025-03-24 18:33:20.552000+00:00,,,,,350.5,-1.062,-1.5,23.01,-83.375,-5.375,-19.375,0.0,-0.007,-0.033,-0.5,0.08,9.49,0.11,-0.22,-0.33,-0.15,0.23,9.8,0.15625,1.25,0.0,0.0,5.3,7.0,1016.69,66.84,-13.95
2025-03-24 18:33:21.758000+00:00,,,,,350.5,-1.062,-1.5,23.01,-83.375,-5.375,-19.375,0.0,-0.007,-0.033,-0.5,0.08,9.49,0.03,0.4,-0.43,-0.15,0.23,9.8,0.15625,1.25,0.0,0.0,5.3,7.0,1016.69,66.84,-13.95
2025-03-24 18:33:22.835000+00:00,,,,,350.5,-1.062,-1.5,23.01,-83.375,-5.375,-19.375,0.0,-0.007,-0.033,-0.5,0.08,9.49,0.02,0.74,-0.44,-0.15,0.23,9.8,0.15625,1.25,0.0,0.0,5.3,7.0,1016.69,66.84,-13.95
2025-03-24 18:33:23.855000+00:00,,,,,350.5,-1.062,-1.5,23.01,-83.375,-5.375,-19.375,0.0,-0.007,-0.033,-0.5,0.08,9.49,0.0,0.24,-0.32,-0.15,0.23,9.8,0.15625,1.25,0.0,0.0,5.3,7.0,1016.69,66.84,-13.95
2025-03-24 18:33:24.564000+00:00,,,,,350.5,-1.062,-1.5,23.01,-83.375,-5.375,-19.375,0.0,-0.007,-0.033,-0.5,0.08,9.49,-0.23,-0.23,-0.37,-0.15,0.23,9.8,0.15625,1.25,0.0,0.0,5.3,7.0,1016.69,66.84,-13.95
2025-03-24 18:33:25.585000+00:00,,,,,350.5,-1.062,-1.5,23.01,-83.375,-5.375,-19.375,0.0,-0.007,-0.033,-0.5,0.08,9.49,0.03,-0.34,-0.32,-0.15,0.23,9.8,0.15625,1.25,0.0,0.0,5.3,7.0,1016.69,66.84,-13.95
2025-03-24 18:33:26.574000+00:00,,,,,350.5,-1.062,-1.5,23.01,-83.375,-5.375,-19.375,0.0,-0.007,-0.033,-0.5,0.08,9.49,-0.31,-0.17,-0.31,-0.15,0.23,9.8,0.15625,1.25,0.0,0.0,5.3,7.0,1016.69,66.84,-13.95
2025-03-24 18:33:27.594000+00:00,,,,,350.5,-1.062,-1.5,23.01,-83.375,-5.375,-19.375,0.0,-0.007,-0.033,-0.5,0.08,9.49,-0.31,0.04,-0.46,-0.15,0.23,9.8,0.15625,1.25,0.0,0.0,5.3,7.0,1016.69,66.84,-13.95
2025-03-24 18:32:28.072000+00:00,,,,,350.5,-1.062,-1.5,23.01,-83.375,-5.375,-19.375,0.0,-0.007,-0.033,-0.5,0.08,9.49,-0.31,0.04,-0.46,-0.15,0.23,9.8,0.15625,1.25,0.0,0.0,5.3,7.0,1016.69,66.84,-13.95
2025-03-24 18:32:29.087000+00:00,,,,,350.5,-1.062,-1.5,23.01,-83.375,-5.375,-19.375,0.0,-0.007,-0.033,-0.5,0.08,9.49,-0.31,0.04,-0.46,-0.15,0.23,9.8,0.15625,1.25,0.0,0.0,5.3,7.0,1016.69,66.84,-13.95
2025-03-24 18:32:30.199000+00:00,,,,,350.5,-1.062,-1.5,23.01,-83.375,-5.375,-19.375,0.0,-0.007,-0.033,-0.5,0.08,9.49,-0.31,0.04,-0.46,-0.13,0.22,9.8,0.15625,1.25,0.0,0.0,5.3,7.0,1016.69,66.84,-13.95
2025-03-24 18:32:31.166000+00:00,,,,,350.5,-1.062,-1.5,23.01,-83.375,-5.375,-19.375,0.0,-0.007,-0.033,-0.5,0.08,9.49,-0.31,0.04,-0.46,-0.16,0.24,9.8,0.15625,1.25,0.0,0.0,5.3,7.0,1016.69,66.84,-13.95
2025-03-24 18:32:32.291000+00:00,,,,,350.5,-1.062,-1.5,23.01,-83.375,-5.375,-19.375,0.0,-0.007,-0.033,-0.5,0.08,9.49,-0.31,0.04,-0.46,-0.15,0.23,9.8,0.15625,1.25,0.0,0.0,5.3,7.0,1016.69,66.84,-13.95
2025-03-24 18:32:33.330000+00:00,,,,,350.5,-1.062,-1.5,23.01,-83.375,-5.375,-19.375,0.0,-0.007,-0.033,-0.5,0.08,9.49,-0.31,0.04,-0.46,-0.16,0.23,9.8,0.15625,1.25,0.0,0.0,5.3,7.0,1016.69,66.84,-13.95
2025-03-24 18:32:34.379000+00:00,,,,,350.5,-1.062,-1.5,23.01,-83.375,-5.375,-19.375,0.0,-0.007,-0.033,-0.5,0.08,9.49,-0.31,0.04,-0.46,-0.17,0.25,9.8,0.15625,1.25,0.0,0.0,5.3,7.0,1016.69,66.84,-13.95
2025-03-24 18:32:35.329000+00:00,,,,,350.5,-1.062,-1.5,23.01,-83.375,-5.375,-19.375,0.0,-0.007,-0.033,-0.5,0.08,9.49,-0.31,0.04,-0.46,-0.16,0.25,9.8,0.15625,1.25,0.0,0.0,5.3,7.0,1016.69,66.84,-13.95
2025-03-24 18:32:36.169000+00:00,,,,,350.5,-1.062,-1.5,23.01,-83.375,-5.375,-19.375,0.0,-0.007,-0.033,-0.5,0.08,9.49,-0.31,0.04,-0.46,-0.15,0.24,9.8,0.15625,1.25,0.0,0.0,5.3,7.0,1016.69,66.84,-13.95
2025-03-24 18:32:37.159000+00:00,,,,,350.5,-1.062,-1.5,23.01,-83.375,-5.375,-19.375,0.0,-0.007,-0.033,-0.5,0.08,9.49,-0.31,0.04,-0.46,-0.15,0.23,9.8,0.15625,1.25,0.0,0.0,5.3,7.0,1016.69,66.84,-13.95
2025-03-24 18:32:38.159000+00:00,,,,,350.5,-1.062,-1.5,23.01,-83.375,-5.375,-19.375,0.0,-0.007,-0.033,-0.5,0.08,9.49,-0.31,0.04,-0.46,-0.17,0.23,9.8,0.15625,1.25,0.0,0.0,5.3,7.0,1016.69,66.84,-13.95
2025-03-24 18:32:39.176000+00:00,,,,,350.5,-1.062,-1.5,23.01,-83.375,-5.375,-19.375,0.0,-0.007,-0.033,-0.5,0.08,9.49,-0.31,0.04,-0.46,-0.15,0.23,9.8,0.15625,1.25,0.0,0.0,5.3,7.0,1016.69,66.84,-13.95
2025-03-24 18:32:40.245000+00:00,,,,,350.5,-1.062,-1.5,23.01,-83.375,-5.375,-19.375,0.0,-0.007,-0.033,-0.5,0.08,9.49,-0.31,0.04,-0.46,-0.13,0.23,9.8,0.15625,1.25,0.0,0.0,5.3,7.0,1016.69,66.84,-13.95
2025-03-24 18:32:41.374000+00:00,,,,,350.5,-1.062,-1.5,23.01,-83.375,-5.375,-19.375,0.0,-0.007,-0.033,-0.5,0.08,9.49,-0.31,0.04,-0.46,-0.15,0.23,9.8,0.15625,1.25,0.0,0.0,5.3,7.0,1016.69,66.84,-13.95
2025-03-24 18:32:42.278000+00:00,,,,,350.5,-1.062,-1.5,23.01,-83.375,-5.375,-19.375,0.0,-0.007,-0.033,-0.5,0.08,9.49,-0.31,0.04,-0.46,-0.15,0.24,9.8,0.15625,1.25,0.0,0.0,5.3,7.0,1016.69,66.84,-13.95
2025-03-24 18:32:43.338000+00:00,,,,,350.5,-1.062,-1.5,23.01,-83.375,-5.375,-19.375,0.0,-0.007,-0.033,-0.5,0.08,9.49,-0.31,0.04,-0.46,-0.16,0.24,9.8,0.15625,1.25,0.0,0.0,5.3,7.0,1016.69,66.84,-13.95
2025-03-24 18:32:44.508000+00:00,,,,,350.5,-1.062,-1.5,23.01,-83.375,-5.375,-19.375,0.0,-0.007,-0.033,-0.5,0.08,9.49,-0.31,0.04,-0.46,-0.16,0.24,9.8,0.15625,1.25,0.0,0.0,5.3,7.0,1016.69,66.84,-13.95
2025-03-24 18:32:45.253000+00:00,,,,,350.5,-1.062,-1.5,23.01,-83.375,-5.375,-19.375,0.0,-0.007,-0.033,-0.5,0.08,9.49,-0.31,0.04,-0.46,-0.17,0.26,9.8,0.15625,1.25,0.0,0.0,5.3,7.0,1016.69,66.84,-13.95
2025-03-24 18:32:46.258000+00:00,,,,,350.5,-1.062,-1.5,23.01,-83.375,-5.375,-19.375,0.0,-0.007,-0.033,-0.5,0.08,9.49,-0.31,0.04,-0.46,-0.19,0.28,9.8,0.15625,1.25,0.0,0.0,5.3,7.0,1016.69,66.84,-13.95
2025-03-24 18:32:47.257000+00:00,,,,,350.5,-1.062,-1.5,23.01,-83.375,-5.375,-19.375,0.0,-0.007,-0.033,-0.5,0.08,9.49,-0.31,0.04,-0.46,-0.18,0.27,9.8,0.15625,1.25,0.0,0.0,5.3,7.0,1016.69,66.84,-13.95
2025-03-24 18:32:48.253000+00:00,,,,,350.5,-1.062,-1.5,23.01,-83.375,-5.375,-19.375,0.0,-0.007,-0.033,-0.5,0.08,9.49,-0.31,0.04,-0.46,-0.19,0.27,9.8,0.15625,1.25,0.0,0.0,5.3,7.0,1016.69,66.84,-13.95
2025-03-24 18:32:49.258000+00:00,,,,,350.5,-1.062,-1.5,23.01,-83.375,-5.375,-19.375,0.0,-0.007,-0.033,-0.5,0.08,9.49,-0.31,0.04,-0.46,-0.17,0.26,9.8,0.15625,1.25,0.0,0.0,5.3,7.0,1016.69,66.84,-13.95
2025-03-24 18:32:50.287000+00:00,,,,,350.5,-1.062,-1.5,23.01,-83.375,-5.375,-19.375,0.0,-0.007,-0.033,-0.5,0.08,9.49,-0.31,0.04,-0.46,-0.16,0.25,9.8,0.15625,1.25,0.0,0.0,5.3,7.0,1016.69,66.84,-13.95
2025-03-24 18:32:51.298000+00:00,,,,,350.5,-1.062,-1.5,23.01,-83.375,-5.375,-19.375,0.0,-0.007,-0.033,-0.5,0.08,9.49,-0.31,0.04,-0.46,-0.15,0.23,9.8,0.15625,1.25,0.0,0.0,5.3,7.0,1016.69,66.84,-13.95
2025-03-24 18:32:52.435000+00:00,,,,,350.5,-1.062,-1.5,23.01,-83.375,-5.375,-19.375,0.0,-0.007,-0.033,-0.5,0.08,9.49,-0.31,0.04,-0.46,-0.16,0.25,9.8,0.15625,1.25,0.0,0.0,5.3,7.0,1016.69,66.84,-13.95
2025-03-24 18:32:53.352000+00:00,,,,,350.5,-1.062,-1.5,23.01,-83.375,-5.375,-19.375,0.0,-0.007,-0.033,-0.5,0.08,9.49,-0.31,0.04,-0.46,-0.16,0.26,9.8,0.15625,1.25,0.0,0.0,5.3,7.0,1016.69,66.84,-13.95
2025-03-24 18:32:54.702000+00:00,,,,,350.5,-1.062,-1.5,23.01,-83.375,-5.375,-19.375,0.0,-0.007,-0.033,-0.5,0.08,9.49,-0.31,0.04,-0.46,-0.16,0.25,9.8,0.15625,1.25,0.0,0.0,5.3,7.0,1016.69,66.84,-13.95
2025-03-24 18:32:55.731000+00:00,,,,,350.5,-1.062,-1.5,23.01,-83.375,-5.375,-19.375,0.0,-0.007,-0.033,-0.5,0.08,9.49,-0.31,0.04,-0.46,-0.18,0.27,9.8,0.15625,1.25,0.0,0.0,5.3,7.0,1016.69,66.84,-13.95
2025-03-24 18:32:56.507000+00:00,,,,,350.5,-1.062,-1.5,23.01,-83.375,-5.375,-19.375,0.0,-0.007,-0.033,-0.5,0.08,9.49,-0.31,0.04,-0.46,-0.17,0.27,9.8,0.15625,1.25,0.0,0.0,5.3,7.0,1016.69,66.84,-13.95
2025-03-24 18:32:57.498000+00:00,,,,,350.5,-1.062,-1.5,23.01,-83.375,-5.375,-19.375,0.0,-0.007,-0.033,-0.5,0.08,9.49,-0.31,0.04,-0.46,-0.16,0.26,9.8,0.15625,1.25,0.0,0.0,5.3,7.0,1016.69,66.84,-13.95
2025-03-24 18:32:58.504000+00:00,,,,,350.5,-1.062,-1.5,23.01,-83.375,-5.375,-19.375,0.0,-0.007,-0.033,-0.5,0.08,9.49,-0.31,0.04,-0.46,-0.18,0.27,9.8,0.15625,1.25,0.0,0.0,5.3,7.0,1016.69,66.84,-13.95
2025-03-24 18:32:59.524000+00:00,,,,,350.5,-1.062,-1.5,23.01,-83.375,-5.375,-19.375,0.0,-0.007,-0.033,-0.5,0.08,9.49,-0.31,0.04,-0.46,-0.17,0.27,9.8,0.15625,1.25,0.0,0.0,5.3,7.0,1016.69,66.84,-13.95
2025-03-24 18:33:00.517000+00:00,,,,,350.5,-1.062,-1.5,23.01,-83.375,-5.375,-19.375,0.0,-0.007,-0.033,-0.5,0.08,9.49,-0.31,0.04,-0.46,-0.17,0.27,9.8,0.15625,1.25,0.0,0.0,5.3,7.0,1016.69,66.84,-13.95
2025-03-24 18:33:01.517000+00:00,,,,,350.5,-1.062,-1.5,23.01,-83.375,-5.375,-19.375,0.0,-0.007,-0.033,-0.5,0.08,9.49,-0.31,0.04,-0.46,-0.18,0.26,9.8,0.15625,1.25,0.0,0.0,5.3,7.0,1016.69,66.84,-13.95
2025-03-24 18:33:02.507000+00:00,,,,,350.5,-1.062,-1.5,23.01,-83.375,-5.375,-19.375,0.0,-0.007,-0.033,-0.5,0.08,9.49,-0.31,0.04,-0.46,-0.18,0.26,9.8,0.15625,1.25,0.0,0.0,5.3,7.0,1016.69,66.84,-13.95
2025-03-24 18:33:03.506000+00:00,,,,,350.5,-1.062,-1.5,23.01,-83.375,-5.375,-19.375,0.0,-0.007,-0.033,-0.5,0.08,9.49,-0.31,0.04,-0.46,-0.18,0.25,9.8,0.15625,1.25,0.0,0.0,5.3,7.0,1016.69,66.84,-13.95
2025-03-24 18:33:04.703000+00:00,,,,,350.5,-1.062,-1.5,23.01,-83.375,-5.375,-19.375,0.0,-0.007,-0.033,-0.5,0.08,9.49,-0.31,0.04,-0.46,-0.18,0.26,9.8,0.15625,1.25,0.0,0.0,5.3,7.0,1016.69,66.84,-13.95
2025-03-24 18:33:05.727000+00:00,,,,,350.5,-1.062,-1.5,23.01,-83.375,-5.375,-19.375,0.0,-0.007,-0.033,-0.5,0.08,9.49,-0.31,0.04,-0.46,-0.18,0.26,9.8,0.15625,1.25,0.0,0.0,5.3,7.0,1016.69,66.84,-13.95
2025-03-24 18:33:06.867000+00:00,,,,,350.5,-1.062,-1.5,23.01,-83.375,-5.375,-19.375,0.0,-0.007,-0.033,-0.5,0.08,9.49,-0.31,0.04,-0.46,-0.18,0.26,9.8,0.15625,1.25,0.0,0.0,5.3,7.0,1016.69,66.84,-13.95
2025-03-24 18:33:07.551000+00:00,,,,,350.5,-1.062,-1.5,23.01,-83.375,-5.375,-19.375,0.0,-0.007,-0.033,-0.5,0.08,9.49,-0.31,0.04,-0.46,-0.19,0.26,9.8,0.15625,1.25,0.0,0.0,5.3,7.0,1016.69,66.84,-13.95
2025-03-24 18:33:08.552000+00:00,,,,,350.5,-1.062,-1.5,23.01,-83.375,-5.375,-19.375,0.0,-0.007,-0.033,-0.5,0.08,9.49,-0.31,0.04,-0.46,-0.18,0.24,9.8,0.15625,1.25,0.0,0.0,5.3,7.0,1016.69,66.84,-13.95
2025-03-24 18:33:09.571000+00:00,,,,,350.5,-1.062,-1.5,23.01,-83.375,-5.375,-19.375,0.0,-0.007,-0.033,-0.5,0.08,9.49,-0.31,0.04,-0.46,-0.17,0.23,9.8,0.15625,1.25,0.0,0.0,5.3,7.0,1016.69,66.84,-13.95
2025-03-24 18:33:10.613000+00:00,,,,,350.5,-1.062,-1.5,23.01,-83.375,-5.375,-19.375,0.0,-0.007,-0.033,-0.5,0.08,9.49,-0.31,0.04,-0.46,-0.15,0.21,9.8,0.15625,1.25,0.0,0.0,5.3,7.0,1016.69,66.84,-13.95
2025-03-24 18:33:11.772000+00:00,,,,,350.5,-1.062,-1.5,23.01,-83.375,-5.375,-19.375,0.0,-0.007,-0.033,-0.5,0.08,9.49,-0.31,0.04,-0.46,-0.18,0.23,9.8,0.15625,1.25,0.0,0.0,5.3,7.0,1016.69,66.84,-13.95
2025-03-24 18:33:12.897000+00:00,,,,,350.5,-1.062,-1.5,23.01,-83.375,-5.375,-19.375,0.0,-0.007,-0.033,-0.5,0.08,9.49,-0.31,0.04,-0.46,-0.18,0.23,9.8,0.15625,1.25,0.0,0.0,5.3,7.0,1016.69,66.84,-13.95
2025-03-24 18:33:13.825000+00:00,,,,,350.5,-1.062,-1.5,23.01,-83.375,-5.375,-19.375,0.0,-0.007,-0.033,-0.5,0.08,9.49,-0.31,0.04,-0.46,-0.18,0.24,9.8,0.15625,1.25,0.0,0.0,5.3,7.0,1016.69,66.84,-13.95
2025-03-24 18:33:14.896000+00:00,,,,,350.5,-1.062,-1.5,23.01,-83.375,-5.375,-19.375,0.0,-0.007,-0.033,-0.5,0.08,9.49,-0.31,0.04,-0.46,-0.18,0.24,9.8,0.15625,1.25,0.0,0.0,5.3,7.0,1016.69,66.84,-13.95
2025-03-24 18:33:15.556000+00:00,,,,,350.5,-1.062,-1.5,23.01,-83.375,-5.375,-19.375,0.0,-0.007,-0.033,-0.5,0.08,9.49,-0.31,0.04,-0.46,-0.17,0.23,9.8,0.15625,1.25,0.0,0.0,5.3,7.0,1016.69,66.84,-13.95
2025-03-24 18:33:16.612000+00:00,,,,,350.5,-1.062,-1.5,23.01,-83.375,-5.375,-19.375,0.0,-0.007,-0.033,-0.5,0.08,9.49,-0.31,0.04,-0.46,-0.17,0.22,9.8,0.15625,1.25,0.0,0.0,5.3,7.0,1016.69,66.84,-13.95
2025-03-24 18:33:17.572000+00:00,,,,,350.5,-1.062,-1.5,23.01,-83.375,-5.375,-19.375,0.0,-0.007,-0.033,-0.5,0.08,9.49,-0.31,0.04,-0.46,-0.17,0.21,9.8,0.15625,1.25,0.0,0.0,5.3,7.0,1016.69,66.84,-13.95
2025-03-24 18:33:18.582000+00:00,,,,,350.5,-1.062,-1.5,23.01,-83.375,-5.375,-19.375,0.0,-0.007,-0.033,-0.5,0.08,9.49,-0.31,0.04,-0.46,-0.18,0.21,9.8,0.15625,1.25,0.0,0.0,5.3,7.0,1016.69,66.84,-13.95
2025-03-24 18:33:19.565000+00:00,,,,,350.5,-1.062,-1.5,23.01,-83.375,-5.375,-19.375,0.0,-0.007,-0.033,-0.5,0.08,9.49,-0.31,0.04,-0.46,-0.17,0.22,9.8,0.15625,1.25,0.0,0.0,5.3,7.0,1016.69,66.84,-13.95
2025-03-24 18:33:20.610000+00:00,,,,,350.5,-1.062,-1.5,23.01,-83.375,-5.375,-19.375,0.0,-0.007,-0.033,-0.5,0.08,9.49,-0.31,0.04,-0.46,-0.16,0.23,9.8,0.15625,1.25,0.0,0.0,5.3,7.0,1016.69,66.84,-13.95
2025-03-24 18:33:21.804000+00:00,,,,,350.5,-1.062,-1.5,23.01,-83.375,-5.375,-19.375,0.0,-0.007,-0.033,-0.5,0.08,9.49,-0.31,0.04,-0.46,-0.15,0.25,9.8,0.15625,1.25,0.0,0.0,5.3,7.0,1016.69,66.84,-13.95
2025-03-24 18:33:22.884000+00:00,,,,,350.5,-1.062,-1.5,23.01,-83.375,-5.375,-19.375,0.0,-0.007,-0.033,-0.5,0.08,9.49,-0.31,0.04,-0.46,-0.14,0.24,9.8,0.15625,1.25,0.0,0.0,5.3,7.0,1016.69,66.84,-13.95
2025-03-24 18:33:23.915000+00:00,,,,,350.5,-1.062,-1.5,23.01,-83.375,-5.375,-19.375,0.0,-0.007,-0.033,-0.5,0.08,9.49,-0.31,0.04,-0.46,-0.14,0.25,9.8,0.15625,1.25,0.0,0.0,5.3,7.0,1016.69,66.84,-13.95
2025-03-24 18:33:24.615000+00:00,,,,,350.5,-1.062,-1.5,23.01,-83.375,-5.375,-19.375,0.0,-0.007,-0.033,-0.5,0.08,9.49,-0.31,0.04,-0.46,-0.15,0.24,9.8,0.15625,1.25,0.0,0.0,5.3,7.0,1016.69,66.84,-13.95
2025-03-24 18:33:25.634000+00:00,,,,,350.5,-1.062,-1.5,23.01,-83.375,-5.375,-19.375,0.0,-0.007,-0.033,-0.5,0.08,9.49,-0.31,0.04,-0.46,-0.15,0.24,9.8,0.15625,1.25,0.0,0.0,5.3,7.0,1016.69,66.84,-13.95
2025-03-24 18:33:26.634000+00:00,,,,,350.5,-1.062,-1.5,23.01,-83.375,-5.375,-19.375,0.0,-0.007,-0.033,-0.5,0.08,9.49,-0.31,0.04,-0.46,-0.18,0.26,9.8,0.15625,1.25,0.0,0.0,5.3,7.0,1016.69,66.84,-13.95
2025-03-24 18:33:27.644000+00:00,,,,,350.5,-1.062,-1.5,23.01,-83.375,-5.375,-19.375,0.0,-0.007,-0.033,-0.5,0.08,9.49,-0.31,0.04,-0.46,-0.17,0.25,9.8,0.15625,1.25,0.0,0.0,5.3,7.0,1016.69,66.84,-13.95
2025-03-24 18:32:28.173000+00:00,,,,,350.5,-1.062,-1.5,23.01,-83.375,-5.375,-19.375,0.0,-0.007,-0.033,-0.5,0.08,9.49,-0.31,0.04,-0.46,-0.17,0.25,9.8,0.15625,1.25,0.0,0.0,5.3,7.0,1016.69,66.84,-13.95
2025-03-24 18:32:29.199000+00:00,,,,,350.5,-1.062,-1.5,23.01,-83.375,-5.375,-19.375,0.0,-0.007,-0.033,-0.5,0.08,9.49,-0.31,0.04,-0.46,-0.17,0.25,9.8,0.10250000000000001,1.25,0.0,0.0,5.3,7.0,1016.69,66.84,-13.95
2025-03-24 18:32:30.315000+00:00,,,,,350.5,-1.062,-1.5,23.01,-83.375,-5.375,-19.375,0.0,-0.007,-0.033,-0.5,0.08,9.49,-0.31,0.04,-0.46,-0.17,0.25,9.8,0.11,1.25,0.0,0.0,5.3,7.0,1016.69,66.84,-13.95
2025-03-24 18:32:31.276000+00:00,,,,,350.5,-1.062,-1.5,23.01,-83.375,-5.375,-19.375,0.0,-0.007,-0.033,-0.5,0.08,9.49,-0.31,0.04,-0.46,-0.17,0.25,9.8,0.14625,1.25,0.0,0.0,5.3,7.0,1016.69,66.84,-13.95
2025-03-24 18:32:32.391000+00:00,,,,,350.5,-1.062,-1.5,23.01,-83.375,-5.375,-19.375,0.0,-0.007,-0.033,-0.5,0.08,9.49,-0.31,0.04,-0.46,-0.17,0.25,9.8,0.14250000000000002,1.25,0.0,0.0,5.3,7.0,1016.69,66.84,-13.95
2025-03-24 18:32:33.433000+00:00,,,,,350.5,-1.062,-1.5,23.01,-83.375,-5.375,-19.375,0.0,-0.007,-0.033,-0.5,0.08,9.49,-0.31,0.04,-0.46,-0.17,0.25,9.8,0.1675,1.25,0.0,0.0,5.3,7.0,1016.69,66.84,-13.95
2025-03-24 18:32:34.479000+00:00,,,,,350.5,-1.062,-1.5,23.01,-83.375,-5.375,-19.375,0.0,-0.007,-0.033,-0.5,0.08,9.49,-0.31,0.04,-0.46,-0.17,0.25,9.8,0.09875,1.25,0.0,0.0,5.3,7.0,1016.69,66.84,-13.95
2025-03-24 18:32:35.429000+00:00,,,,,350.5,-1.062,-1.5,23.01,-83.375,-5.375,-19.375,0.0,-0.007,-0.033,-0.5,0.08,9.49,-0.31,0.04,-0.46,-0.17,0.25,9.8,0.14250000000000002,1.25,0.0,0.0,5.3,7.0,1016.69,66.84,-13.95
2025-03-24 18:32:36.625000+00:00,,,,,350.5,-1.062,-1.5,23.01,-83.375,-5.375,-19.375,0.0,-0.007,-0.033,-0.5,0.08,9.49,-0.31,0.04,-0.46,-0.17,0.25,9.8,0.1325,1.25,0.0,0.0,5.3,7.0,1016.69,66.84,-13.95
2025-03-24 18:32:37.258000+00:00,,,,,350.5,-1.062,-1.5,23.01,-83.375,-5.375,-19.375,0.0,-0.007,-0.033,-0.5,0.08,9.49,-0.31,0.04,-0.46,-0.17,0.25,9.8,0.14250000000000002,1.25,0.0,0.0,5.3,7.0,1016.69,66.84,-13.95
2025-03-24 18:32:38.265000+00:00,,,,,350.5,-1.062,-1.5,23.01,-83.375,-5.375,-19.375,0.0,-0.007,-0.033,-0.5,0.08,9.49,-0.31,0.04,-0.46,-0.17,0.25,9.8,0.1775,1.25,0.0,0.0,5.3,7.0,1016.69,66.84,-13.95
2025-03-24 18:32:39.278000+00:00,,,,,350.5,-1.062,-1.5,23.01,-83.375,-5.375,-19.375,0.0,-0.007,-0.033,-0.5,0.08,9.49,-0.31,0.04,-0.46,-0.17,0.25,9.8,0.0,1.25,0.0,0.0,5.3,7.0,1016.69,66.84,-13.95
2025-03-24 18:32:40.365000+00:00,,,,,350.5,-1.062,-1.5,23.01,-83.375,-5.375,-19.375,0.0,-0.007,-0.033,-0.5,0.08,9.49,-0.31,0.04,-0.46,-0.17,0.25,9.8,0.00625,1.25,0.0,0.0,5.3,7.0,1016.69,66.84,-13.95
2025-03-24 18:32:41.475000+00:00,,,,,350.5,-1.062,-1.5,23.01,-83.375,-5.375,-19.375,0.0,-0.007,-0.033,-0.5,0.08,9.49,-0.31,0.04,-0.46,-0.17,0.25,9.8,0.08,1.25,0.0,0.0,5.3,7.0,1016.69,66.84,-13.95
2025-03-24 18:32:42.378000+00:00,,,,,350.5,-1.062,-1.5,23.01,-83.375,-5.375,-19.375,0.0,-0.007,-0.033,-0.5,0.08,9.49,-0.31,0.04,-0.46,-0.17,0.25,9.8,0.185,1.25,0.0,0.0,5.3,7.0,1016.69,66.84,-13.95
2025-03-24 18:32:43.449000+00:00,,,,,350.5,-1.062,-1.5,23.01,-83.375,-5.375,-19.375,0.0,-0.007,-0.033,-0.5,0.08,9.49,-0.31,0.04,-0.46,-0.17,0.25,9.8,0.13875,1.25,0.0,0.0,5.3,7.0,1016.69,66.84,-13.95
2025-03-24 18:32:44.614000+00:00,,,,,350.5,-1.062,-1.5,23.01,-83.375,-5.375,-19.375,0.0,-0.007,-0.033,-0.5,0.08,9.49,-0.31,0.04,-0.46,-0.17,0.25,9.8,0.12,1.25,0.0,0.0,5.3,7.0,1016.69,66.84,-13.95
2025-03-24 18:32:45.348000+00:00,,,,,350.5,-1.062,-1.5,23.01,-83.375,-5.375,-19.375,0.0,-0.007,-0.033,-0.5,0.08,9.49,-0.31,0.04,-0.46,-0.17,0.25,9.8,0.155,1.25,0.0,0.0,5.3,7.0,1016.69,66.84,-13.95
2025-03-24 18:32:46.357000+00:00,,,,,350.5,-1.062,-1.5,23.01,-83.375,-5.375,-19.375,0.0,-0.007,-0.033,-0.5,0.08,9.49,-0.31,0.04,-0.46,-0.17,0.25,9.8,0.20375000000000001,1.25,0.0,0.0,5.3,7.0,1016.69,66.84,-13.95
2025-03-24 18:32:47.357000+00:00,,,,,350.5,-1.062,-1.5,23.01,-83.375,-5.375,-19.375,0.0,-0.007,-0.033,-0.5,0.08,9.49,-0.31,0.04,-0.46,-0.17,0.25,9.8,0.1625,1.25,0.0,0.0,5.3,7.0,1016.69,66.84,-13.95
2025-03-24 18:32:48.347000+00:00,,,,,350.5,-1.062,-1.5,23.01,-83.375,-5.375,-19.375,0.0,-0.007,-0.033,-0.5,0.08,9.49,-0.31,0.04,-0.46,-0.17,0.25,9.8,0.0,1.25,0.0,0.0,5.3,7.0,1016.69,66.84,-13.95
2025-03-24 18:32:49.357000+00:00,,,,,350.5,-1.062,-1.5,23.01,-83.375,-5.375,-19.375,0.0,-0.007,-0.033,-0.5,0.08,9.49,-0.31,0.04,-0.46,-0.17,0.25,9.8,0.0,1.25,0.0,0.0,5.3,7.0,1016.69,66.84,-13.95
2025-03-24 18:32:50.388000+00:00,,,,,350.5,-1.062,-1.5,23.01,-83.375,-5.375,-19.375,0.0,-0.007,-0.033,-0.5,0.08,9.49,-0.31,0.04,-0.46,-0.17,0.25,9.8,0.0525,1.25,0.0,0.0,5.3,7.0,1016.69,66.84,-13.95
2025-03-24 18:32:51.404000+00:00,,,,,350.5,-1.062,-1.5,23.01,-83.375,-5.375,-19.375,0.0,-0.007,-0.033,-0.5,0.08,9.49,-0.31,0.04,-0.46,-0.17,0.25,9.8,0.22875,1.25,0.0,0.0,5.3,7.0,1016.69,66.84,-13.95
2025-03-24 18:32:52.538000+00:00,,,,,350.5,-1.062,-1.5,23.01,-83.375,-5.375,-19.375,0.0,-0.007,-0.033,-0.5,0.08,9.49,-0.31,0.04,-0.46,-0.17,0.25,9.8,0.14375000000000002,1.25,0.0,0.0,5.3,7.0,1016.69,66.84,-13.95
2025-03-24 18:32:53.447000+00:00,,,,,350.5,-1.062,-1.5,23.01,-83.375,-5.375,-19.375,0.0,-0.007,-0.033,-0.5,0.08,9.49,-0.31,0.04,-0.46,-0.17,0.25,9.8,0.1675,1.25,0.0,0.0,5.3,7.0,1016.69,66.84,-13.95
2025-03-24 18:32:54.594000+00:00,,,,,350.5,-1.062,-1.5,23.01,-83.375,-5.375,-19.375,0.0,-0.007,-0.033,-0.5,0.08,9.49,-0.31,0.04,-0.46,-0.17,0.25,9.8,0.08875,1.25,0.0,0.0,5.3,7.0,1016.69,66.84,-13.95
2025-03-24 18:32:55.347000+00:00,,,,,350.5,-1.062,-1.5,23.01,-83.375,-5.375,-19.375,0.0,-0.007,-0.033,-0.5,0.08,9.49,-0.31,0.04,-0.46,-0.17,0.25,9.8,0.0425,1.25,0.0,0.0,5.3,7.0,1016.69,66.84,-13.95
2025-03-24 18:32:56.078000+00:00,,,,,350.5,-1.062,-1.5,23.01,-83.375,-5.375,-19.375,0.0,-0.007,-0.033,-0.5,0.08,9.49,-0.31,0.04,-0.46,-0.17,0.25,9.8,0.11,1.25,0.0,0.0,5.3,7.0,1016.69,66.84,-13.95
2025-03-24 18:32:57.087000+00:00,,,,,350.5,-1.062,-1.5,23.01,-83.375,-5.375,-19.375,0.0,-0.007,-0.033,-0.5,0.08,9.49,-0.31,0.04,-0.46,-0.17,0.25,9.8,0.12,1.25,0.0,0.0,5.3,7.0,1016.69,66.84,-13.95
2025-03-24 18:32:58.087000+00:00,,,,,350.5,-1.062,-1.5,23.01,-83.375,-5.375,-19.375,0.0,-0.007,-0.033,-0.5,0.08,9.49,-0.31,0.04,-0.46,-0.17,0.25,9.8,0.16,1.25,0.0,0.0,5.3,7.0,1016.69,66.84,-13.95
2025-03-24 18:32:59.107000+00:00,,,,,350.5,-1.062,-1.5,23.01,-83.375,-5.375,-19.375,0.0,-0.007,-0.033,-0.5,0.08,9.49,-0.31,0.04,-0.46,-0.17,0.25,9.8,0.0475,1.25,0.0,0.0,5.3,7.0,1016.69,66.84,-13.95
2025-03-24 18:33:00.097000+00:00,,,,,350.5,-1.062,-1.5,23.01,-83.375,-5.375,-19.375,0.0,-0.007,-0.033,-0.5,0.08,9.49,-0.31,0.04,-0.46,-0.17,0.25,9.8,0.02875,1.25,0.0,0.0,5.3,7.0,1016.69,66.84,-13.95
2025-03-24 18:33:01.096000+00:00,,,,,350.5,-1.062,-1.5,23.01,-83.375,-5.375,-19.375,0.0,-0.007,-0.033,-0.5,0.08,9.49,-0.31,0.04,-0.46,-0.17,0.25,9.8,0.065,1.25,0.0,0.0,5.3,7.0,1016.69,66.84,-13.95
2025-03-24 18:33:02.106000+00:00,,,,,350.5,-1.062,-1.5,23.01,-83.375,-5.375,-19.375,0.0,-0.007,-0.033,-0.5,0.08,9.49,-0.31,0.04,-0.46,-0.17,0.25,9.8,0.10875,1.25,0.0,0.0,5.3,7.0,1016.69,66.84,-13.95
2025-03-24 18:33:03.111000+00:00,,,,,350.5,-1.062,-1.5,23.01,-83.375,-5.375,-19.375,0.0,-0.007,-0.033,-0.5,0.08,9.49,-0.31,0.04,-0.46,-0.17,0.25,9.8,0.18375,1.25,0.0,0.0,5.3,7.0,1016.69,66.84,-13.95
2025-03-24 18:33:04.243000+00:00,,,,,350.5,-1.062,-1.5,23.01,-83.375,-5.375,-19.375,0.0,-0.007,-0.033,-0.5,0.08,9.49,-0.31,0.04,-0.46,-0.17,0.25,9.8,0.1475,1.25,0.0,0.0,5.3,7.0,1016.69,66.84,-13.95
2025-03-24 18:33:05.291000+00:00,,,,,350.5,-1.062,-1.5,23.01,-83.375,-5.375,-19.375,0.0,-0.007,-0.033,-0.5,0.08,9.49,-0.31,0.04,-0.46,-0.17,0.25,9.8,0.15,1.25,0.0,0.0,5.3,7.0,1016.69,66.84,-13.95
2025-03-24 18:33:06.128000+00:00,,,,,350.5,-1.062,-1.5,23.01,-83.375,-5.375,-19.375,0.0,-0.007,-0.033,-0.5,0.08,9.49,-0.31,0.04,-0.46,-0.17,0.25,9.8,0.1525,1.25,0.0,0.0,5.3,7.0,1016.69,66.84,-13.95
2025-03-24 18:33:07.127000+00:00,,,,,350.5,-1.062,-1.5,23.01,-83.375,-5.375,-19.375,0.0,-0.007,-0.033,-0.5,0.08,9.49,-0.31,0.04,-0.46,-0.17,0.25,9.8,0.0025,1.25,0.0,0.0,5.3,7.0,1016.69,66.84,-13.95
2025-03-24 18:33:08.126000+00:00,,,,,350.5,-1.062,-1.5,23.01,-83.375,-5.375,-19.375,0.0,-0.007,-0.033,-0.5,0.08,9.49,-0.31,0.04,-0.46,-0.17,0.25,9.8,0.11750000000000001,1.25,0.0,0.0,5.3,7.0,1016.69,66.84,-13.95
2025-03-24 18:33:09.128000+00:00,,,,,350.5,-1.062,-1.5,23.01,-83.375,-5.375,-19.375,0.0,-0.007,-0.033,-0.5,0.08,9.49,-0.31,0.04,-0.46,-0.17,0.25,9.8,0.0275,1.25,0.0,0.0,5.3,7.0,1016.69,66.84,-13.95
2025-03-24 18:33:10.188000+00:00,,,,,350.5,-1.062,-1.5,23.01,-83.375,-5.375,-19.375,0.0,-0.007,-0.033,-0.5,0.08,9.49,-0.31,0.04,-0.46,-0.17,0.25,9.8,0.02875,1.25,0.0,0.0,5.3,7.0,1016.69,66.84,-13.95
2025-03-24 18:33:11.332000+00:00,,,,,350.5,-1.062,-1.5,23.01,-83.375,-5.375,-19.375,0.0,-0.007,-0.033,-0.5,0.08,9.49,-0.31,0.04,-0.46,-0.17,0.25,9.8,0.09625,1.25,0.0,0.0,5.3,7.0,1016.69,66.84,-13.95
2025-03-24 18:33:12.146000+00:00,,,,,350.5,-1.062,-1.5,23.01,-83.375,-5.375,-19.375,0.0,-0.007,-0.033,-0.5,0.08,9.49,-0.31,0.04,-0.46,-0.17,0.25,9.8,0.17250000000000001,1.25,0.0,0.0,5.3,7.0,1016.69,66.84,-13.95
2025-03-24 18:33:13.406000+00:00,,,,,350.5,-1.062,-1.5,23.01,-83.375,-5.375,-19.375,0.0,-0.007,-0.033,-0.5,0.08,9.49,-0.31,0.04,-0.46,-0.17,0.25,9.8,0.16,1.25,0.0,0.0,5.3,7.0,1016.69,66.84,-13.95
2025-03-24 18:33:14.158000+00:00,,,,,350.5,-1.062,-1.5,23.01,-83.375,-5.375,-19.375,0.0,-0.007,-0.033,-0.5,0.08,9.49,-0.31,0.04,-0.46,-0.17,0.25,9.8,0.13125,1.25,0.0,0.0,5.3,7.0,1016.69,66.84,-13.95
2025-03-24 18:33:15.157000+00:00,,,,,350.5,-1.062,-1.5,23.01,-83.375,-5.375,-19.375,0.0,-0.007,-0.033,-0.5,0.08,9.49,-0.31,0.04,-0.46,-0.17,0.25,9.8,0.1525,1.25,0.0,0.0,5.3,7.0,1016.69,66.84,-13.95
2025-03-24 18:33:16.159000+00:00,,,,,350.5,-1.062,-1.5,23.01,-83.375,-5.375,-19.375,0.0,-0.007,-0.033,-0.5,0.08,9.49,-0.31,0.04,-0.46,-0.17,0.25,9.8,0.0025,1.25,0.0,0.0,5.3,7.0,1016.69,66.84,-13.95
2025-03-24 18:33:17.165000+00:00,,,,,350.5,-1.062,-1.5,23.01,-83.375,-5.375,-19.375,0.0,-0.007,-0.033,-0.5,0.08,9.49,-0.31,0.04,-0.46,-0.17,0.25,9.8,0.18875,1.25,0.0,0.0,5.3,7.0,1016.69,66.84,-13.95
2025-03-24 18:33:18.165000+00:00,,,,,350.5,-1.062,-1.5,23.01,-83.375,-5.375,-19.375,0.0,-0.007,-0.033,-0.5,0.08,9.49,-0.31,0.04,-0.46,-0.17,0.25,9.8,0.17125,1.25,0.0,0.0,5.3,7.0,1016.69,66.84,-13.95
2025-03-24 18:33:19.164000+00:00,,,,,350.5,-1.062,-1.5,23.01,-83.375,-5.375,-19.375,0.0,-0.007,-0.033,-0.5,0.08,9.49,-0.31,0.04,-0.46,-0.17,0.25,9.8,0.125,1.25,0.0,0.0,5.3,7.0,1016.69,66.84,-13.95
2025-03-24 18:33:20.195000+00:00,,,,,350.5,-1.062,-1.5,23.01,-83.375,-5.375,-19.375,0.0,-0.007,-0.033,-0.5,0.08,9.49,-0.31,0.04,-0.46,-0.17,0.25,9.8,0.17375000000000002,1.25,0.0,0.0,5.3,7.0,1016.69,66.84,-13.95
2025-03-24 18:33:21.365000+00:00,,,,,350.5,-1.062,-1.5,23.01,-83.375,-5.375,-19.375,0.0,-0.007,-0.033,-0.5,0.08,9.49,-0.31,0.04,-0.46,-0.17,0.25,9.8,0.04125,1.25,0.0,0.0,5.3,7.0,1016.69,66.84,-13.95
2025-03-24 18:33:22.475000+00:00,,,,,350.5,-1.062,-1.5,23.01,-83.375,-5.375,-19.375,0.0,-0.007,-0.033,-0.5,0.08,9.49,-0.31,0.04,-0.46,-0.17,0.25,9.8,0.01125,1.25,0.0,0.0,5.3,7.0,1016.69,66.84,-13.95
2025-03-24 18:33:23.186000+00:00,,,,,350.5,-1.062,-1.5,23.01,-83.375,-5.375,-19.375,0.0,-0.007,-0.033,-0.5,0.08,9.49,-0.31,0.04,-0.46,-0.17,0.25,9.8,0.035,1.25,0.0,0.0,5.3,7.0,1016.69,66.84,-13.95
2025-03-24 18:33:24.207000+00:00,,,,,350.5,-1.062,-1.5,23.01,-83.375,-5.375,-19.375,0.0,-0.007,-0.033,-0.5,0.08,9.49,-0.31,0.04,-0.46,-0.17,0.25,9.8,0.07875,1.25,0.0,0.0,5.3,7.0,1016.69,66.84,-13.95
2025-03-24 18:33:25.185000+00:00,,,,,350.5,-1.062,-1.5,23.01,-83.375,-5.375,-19.375,0.0,-0.007,-0.033,-0.5,0.08,9.49,-0.31,0.04,-0.46,-0.17,0.25,9.8,0.05,1.25,0.0,0.0,5.3,7.0,1016.69,66.84,-13.95
2025-03-24 18:33:26.198000+00:00,,,,,350.5,-1.062,-1.5,23.01,-83.375,-5.375,-19.375,0.0,-0.007,-0.033,-0.5,0.08,9.49,-0.31,0.04,-0.46,-0.17,0.25,9.8,0.06875,1.25,0.0,0.0,5.3,7.0,1016.69,66.84,-13.95
2025-03-24 18:33:27.198000+00:00,,,,,350.5,-1.062,-1.5,23.01,-83.375,-5.375,-19.375,0.0,-0.007,-0.033,-0.5,0.08,9.49,-0.31,0.04,-0.46,-0.17,0.25,9.8,0.0775,1.25,0.0,0.0,5.3,7.0,1016.69,66.84,-13.95
2025-03-24 18:32:28.122000+00:00,,,,,350.5,-1.062,-1.5,23.01,-83.375,-5.375,-19.375,0.0,-0.007,-0.033,-0.5,0.08,9.49,-0.31,0.04,-0.46,-0.17,0.25,9.8,0.0775,1.25,0.0,0.0,5.3,7.0,1016.69,66.84,-13.95
2025-03-24 18:32:29.145000+00:00,,,,,350.5,-1.062,-1.5,23.01,-83.375,-5.375,-19.375,0.0,-0.007,-0.033,-0.5,0.08,9.49,-0.31,0.04,-0.46,-0.17,0.25,9.8,0.0775,0.0,0.0,0.0,5.3,7.0,1016.69,66.84,-13.95
2025-03-24 18:32:30.257000+00:00,,,,,350.5,-1.062,-1.5,23.01,-83.375,-5.375,-19.375,0.0,-0.007,-0.033,-0.5,0.08,9.49,-0.31,0.04,-0.46,-0.17,0.25,9.8,0.0775,0.0,0.0,0.0,5.3,7.0,1016.69,66.84,-13.95
2025-03-24 18:32:31.222000+00:00,,,,,350.5,-1.062,-1.5,23.01,-83.375,-5.375,-19.375,0.0,-0.007,-0.033,-0.5,0.08,9.49,-0.31,0.04,-0.46,-0.17,0.25,9.8,0.0775,-1.25,0.0,0.0,5.3,7.0,1016.69,66.84,-13.95
2025-03-24 18:32:32.341000+00:00,,,,,350.5,-1.062,-1.5,23.01,-83.375,-5.375,-19.375,0.0,-0.007,-0.033,-0.5,0.08,9.49,-0.31,0.04,-0.46,-0.17,0.25,9.8,0.0775,0.0,0.0,0.0,5.3,7.0,1016.69,66.84,-13.95
2025-03-24 18:32:33.379000+00:00,,,,,350.5,-1.062,-1.5,23.01,-83.375,-5.375,-19.375,0.0,-0.007,-0.033,-0.5,0.08,9.49,-0.31,0.04,-0.46,-0.17,0.25,9.8,0.0775,1.25,0.0,0.0,5.3,7.0,1016.69,66.84,-13.95
2025-03-24 18:32:34.429000+00:00,,,,,350.5,-1.062,-1.5,23.01,-83.375,-5.375,-19.375,0.0,-0.007,-0.033,-0.5,0.08,9.49,-0.31,0.04,-0.46,-0.17,0.25,9.8,0.0775,-1.25,0.0,0.0,5.3,7.0,1016.69,66.84,-13.95
2025-03-24 18:32:35.379000+00:00,,,,,350.5,-1.062,-1.5,23.01,-83.375,-5.375,-19.375,0.0,-0.007,-0.033,-0.5,0.08,9.49,-0.31,0.04,-0.46,-0.17,0.25,9.8,0.0775,-1.25,0.0,0.0,5.3,7.0,1016.69,66.84,-13.95
2025-03-24 18:32:36.565000+00:00,,,,,350.5,-1.062,-1.5,23.01,-83.375,-5.375,-19.375,0.0,-0.007,-0.033,-0.5,0.08,9.49,-0.31,0.04,-0.46,-0.17,0.25,9.8,0.0775,0.0,0.0,0.0,5.3,7.0,1016.69,66.84,-13.95
2025-03-24 18:32:37.209000+00:00,,,,,350.5,-1.062,-1.5,23.01,-83.375,-5.375,-19.375,0.0,-0.007,-0.033,-0.5,0.08,9.49,-0.31,0.04,-0.46,-0.17,0.25,9.8,0.0775,0.0,0.0,0.0,5.3,7.0,1016.69,66.84,-13.95
2025-03-24 18:32:38.208000+00:00,,,,,350.5,-1.062,-1.5,23.01,-83.375,-5.375,-19.375,0.0,-0.007,-0.033,-0.5,0.08,9.49,-0.31,0.04,-0.46,-0.17,0.25,9.8,0.0775,-1.25,0.0,0.0,5.3,7.0,1016.69,66.84,-13.95
2025-03-24 18:32:39.231000+00:00,,,,,350.5,-1.062,-1.5,23.01,-83.375,-5.375,-19.375,0.0,-0.007,-0.033,-0.5,0.08,9.49,-0.31,0.04,-0.46,-0.17,0.25,9.8,0.0775,0.0,0.0,0.0,5.3,7.0,1016.69,66.84,-13.95
2025-03-24 18:32:40.306000+00:00,,,,,350.5,-1.062,-1.5,23.01,-83.375,-5.375,-19.375,0.0,-0.007,-0.033,-0.5,0.08,9.49,-0.31,0.04,-0.46,-0.17,0.25,9.8,0.0775,0.0,0.0,0.0,5.3,7.0,1016.69,66.84,-13.95
2025-03-24 18:32:41.419000+00:00,,,,,350.5,-1.062,-1.5,23.01,-83.375,-5.375,-19.375,0.0,-0.007,-0.033,-0.5,0.08,9.49,-0.31,0.04,-0.46,-0.17,0.25,9.8,0.0775,0.0,0.0,0.0,5.3,7.0,1016.69,66.84,-13.95
2025-03-24 18:32:42.329000+00:00,,,,,350.5,-1.062,-1.5,23.01,-83.375,-5.375,-19.375,0.0,-0.007,-0.033,-0.5,0.08,9.49,-0.31,0.04,-0.46,-0.17,0.25,9.8,0.0775,0.0,0.0,0.0,5.3,7.0,1016.69,66.84,-13.95
2025-03-24 18:32:43.389000+00:00,,,,,350.5,-1.062,-1.5,23.01,-83.375,-5.375,-19.375,0.0,-0.007,-0.033,-0.5,0.08,9.49,-0.31,0.04,-0.46,-0.17,0.25,9.8,0.0775,0.0,0.0,0.0,5.3,7.0,1016.69,66.84,-13.95
2025-03-24 18:32:44.558000+00:00,,,,,350.5,-1.062,-1.5,23.01,-83.375,-5.375,-19.375,0.0,-0.007,-0.033,-0.5,0.08,9.49,-0.31,0.04,-0.46,-0.17,0.25,9.8,0.0775,1.25,0.0,0.0,5.3,7.0,1016.69,66.84,-13.95
2025-03-24 18:32:45.304000+00:00,,,,,350.5,-1.062,-1.5,23.01,-83.375,-5.375,-19.375,0.0,-0.007,-0.033,-0.5,0.08,9.49,-0.31,0.04,-0.46,-0.17,0.25,9.8,0.0775,1.25,0.0,0.0,5.3,7.0,1016.69,66.84,-13.95
2025-03-24 18:32:46.308000+00:00,,,,,350.5,-1.062,-1.5,23.01,-83.375,-5.375,-19.375,0.0,-0.007,-0.033,-0.5,0.08,9.49,-0.31,0.04,-0.46,-0.17,0.25,9.8,0.0775,1.25,0.0,0.0,5.3,7.0,1016.69,66.84,-13.95
2025-03-24 18:32:47.307000+00:00,,,,,350.5,-1.062,-1.5,23.01,-83.375,-5.375,-19.375,0.0,-0.007,-0.033,-0.5,0.08,9.49,-0.31,0.04,-0.46,-0.17,0.25,9.8,0.0775,-1.25,0.0,0.0,5.3,7.0,1016.69,66.84,-13.95
2025-03-24 18:32:48.298000+00:00,,,,,350.5,-1.062,-1.5,23.01,-83.375,-5.375,-19.375,0.0,-0.007,-0.033,-0.5,0.08,9.49,-0.31,0.04,-0.46,-0.17,0.25,9.8,0.0775,0.0,0.0,0.0,5.3,7.0,1016.69,66.84,-13.95
2025-03-24 18:32:49.307000+00:00,,,,,350.5,-1.062,-1.5,23.01,-83.375,-5.375,-19.375,0.0,-0.007,-0.033,-0.5,0.08,9.49,-0.31,0.04,-0.46,-0.17,0.25,9.8,0.0775,-1.25,0.0,0.0,5.3,7.0,1016.69,66.84,-13.95
2025-03-24 18:32:50.338000+00:00,,,,,350.5,-1.062,-1.5,23.01,-83.375,-5.375,-19.375,0.0,-0.007,-0.033,-0.5,0.08,9.49,-0.31,0.04,-0.46,-0.17,0.25,9.8,0.0775,-1.25,0.0,0.0,5.3,7.0,1016.69,66.84,-13.95
2025-03-24 18:32:51.348000+00:00,,,,,350.5,-1.062,-1.5,23.01,-83.375,-5.375,-19.375,0.0,-0.007,-0.033,-0.5,0.08,9.49,-0.31,0.04,-0.46,-0.17,0.25,9.8,0.0775,0.0,0.0,0.0,5.3,7.0,1016.69,66.84,-13.95
2025-03-24 18:32:52.488000+00:00,,,,,350.5,-1.062,-1.5,23.01,-83.375,-5.375,-19.375,0.0,-0.007,-0.033,-0.5,0.08,9.49,-0.31,0.04,-0.46,-0.17,0.25,9.8,0.0775,0.0,0.0,0.0,5.3,7.0,1016.69,66.84,-13.95
2025-03-24 18:32:53.398000+00:00,,,,,350.5,-1.062,-1.5,23.01,-83.375,-5.375,-19.375,0.0,-0.007,-0.033,-0.5,0.08,9.49,-0.31,0.04,-0.46,-0.17,0.25,9.8,0.0775,-1.25,0.0,0.0,5.3,7.0,1016.69,66.84,-13.95
2025-03-24 18:32:54.534000+00:00,,,,,350.5,-1.062,-1.5,23.01,-83.375,-5.375,-19.375,0.0,-0.007,-0.033,-0.5,0.08,9.49,-0.31,0.04,-0.46,-0.17,0.25,9.8,0.0775,0.0,0.0,0.0,5.3,7.0,1016.69,66.84,-13.95
2025-03-24 18:32:55.290000+00:00,,,,,350.5,-1.062,-1.5,23.01,-83.375,-5.375,-19.375,0.0,-0.007,-0.033,-0.5,0.08,9.49,-0.31,0.04,-0.46,-0.17,0.25,9.8,0.0775,0.0,0.0,0.0,5.3,7.0,1016.69,66.84,-13.95
2025-03-24 18:32:56.031000+00:00,,,,,350.5,-1.062,-1.5,23.01,-83.375,-5.375,-19.375,0.0,-0.007,-0.033,-0.5,0.08,9.49,-0.31,0.04,-0.46,-0.17,0.25,9.8,0.0775,0.0,0.0,0.0,5.3,7.0,1016.69,66.84,-13.95
2025-03-24 18:32:57.034000+00:00,,,,,350.5,-1.062,-1.5,23.01,-83.375,-5.375,-19.375,0.0,-0.007,-0.033,-0.5,0.08,9.49,-0.31,0.04,-0.46,-0.17,0.25,9.8,0.0775,-1.25,0.0,0.0,5.3,7.0,1016.69,66.84,-13.95
2025-03-24 18:32:58.039000+00:00,,,,,350.5,-1.062,-1.5,23.01,-83.375,-5.375,-19.375,0.0,-0.007,-0.033,-0.5,0.08,9.49,-0.31,0.04,-0.46,-0.17,0.25,9.8,0.0775,1.25,0.0,0.0,5.3,7.0,1016.69,66.84,-13.95
2025-03-24 18:32:59.044000+00:00,,,,,350.5,-1.062,-1.5,23.01,-83.375,-5.375,-19.375,0.0,-0.007,-0.033,-0.5,0.08,9.49,-0.31,0.04,-0.46,-0.17,0.25,9.8,0.0775,-2.5,0.0,0.0,5.3,7.0,1016.69,66.84,-13.95
2025-03-24 18:33:00.047000+00:00,,,,,350.5,-1.062,-1.5,23.01,-83.375,-5.375,-19.375,0.0,-0.007,-0.033,-0.5,0.08,9.49,-0.31,0.04,-0.46,-0.17,0.25,9.8,0.0775,1.25,0.0,0.0,5.3,7.0,1016.69,66.84,-13.95
2025-03-24 18:33:01.051000+00:00,,,,,350.5,-1.062,-1.5,23.01,-83.375,-5.375,-19.375,0.0,-0.007,-0.033,-0.5,0.08,9.49,-0.31,0.04,-0.46,-0.17,0.25,9.8,0.0775,0.0,0.0,0.0,5.3,7.0,1016.69,66.84,-13.95
2025-03-24 18:33:02.054000+00:00,,,,,350.5,-1.062,-1.5,23.01,-83.375,-5.375,-19.375,0.0,-0.007,-0.033,-0.5,0.08,9.49,-0.31,0.04,-0.46,-0.17,0.25,9.8,0.0775,0.0,0.0,0.0,5.3,7.0,1016.69,66.84,-13.95
2025-03-24 18:33:03.057000+00:00,,,,,350.5,-1.062,-1.5,23.01,-83.375,-5.375,-19.375,0.0,-0.007,-0.033,-0.5,0.08,9.49,-0.31,0.04,-0.46,-0.17,0.25,9.8,0.0775,0.0,0.0,0.0,5.3,7.0,1016.69,66.84,-13.95
2025-03-24 18:33:04.186000+00:00,,,,,350.5,-1.062,-1.5,23.01,-83.375,-5.375,-19.375,0.0,-0.007,-0.033,-0.5,0.08,9.49,-0.31,0.04,-0.46,-0.17,0.25,9.8,0.0775,0.0,0.0,0.0,5.3,7.0,1016.69,66.84,-13.95
2025-03-24 18:33:05.231000+00:00,,,,,350.5,-1.062,-1.5,23.01,-83.375,-5.375,-19.375,0.0,-0.007,-0.033,-0.5,0.08,9.49,-0.31,0.04,-0.46,-0.17,0.25,9.8,0.0775,-1.25,0.0,0.0,5.3,7.0,1016.69,66.84,-13.95
2025-03-24 18:33:06.069000+00:00,,,,,350.5,-1.062,-1.5,23.01,-83.375,-5.375,-19.375,0.0,-0.007,-0.033,-0.5,0.08,9.49,-0.31,0.04,-0.46,-0.17,0.25,9.8,0.0775,1.25,0.0,0.0,5.3,7.0,1016.69,66.84,-13.95
2025-03-24 18:33:07.072000+00:00,,,,,350.5,-1.062,-1.5,23.01,-83.375,-5.375,-19.375,0.0,-0.007,-0.033,-0.5,0.08,9.49,-0.31,0.04,-0.46,-0.17,0.25,9.8,0.0775,0.0,0.0,0.0,5.3,7.0,1016.69,66.84,-13.95
2025-03-24 18:33:08.076000+00:00,,,,,350.5,-1.062,-1.5,23.01,-83.375,-5.375,-19.375,0.0,-0.007,-0.033,-0.5,0.08,9.49,-0.31,0.04,-0.46,-0.17,0.25,9.8,0.0775,-2.5,0.0,0.0,5.3,7.0,1016.69,66.84,-13.95
2025-03-24 18:33:09.080000+00:00,,,,,350.5,-1.062,-1.5,23.01,-83.375,-5.375,-19.375,0.0,-0.007,-0.033,-0.5,0.08,9.49,-0.31,0.04,-0.46,-0.17,0.25,9.8,0.0775,-1.25,0.0,0.0,5.3,7.0,1016.69,66.84,-13.95
2025-03-24 18:33:10.137000+00:00,,,,,350.5,-1.062,-1.5,23.01,-83.375,-5.375,-19.375,0.0,-0.007,-0.033,-0.5,0.08,9.49,-0.31,0.04,-0.46,-0.17,0.25,9.8,0.0775,0.0,0.0,0.0,5.3,7.0,1016.69,66.84,-13.95
2025-03-24 18:33:11.276000+00:00,,,,,350.5,-1.062,-1.5,23.01,-83.375,-5.375,-19.375,0.0,-0.007,-0.033,-0.5,0.08,9.49,-0.31,0.04,-0.46,-0.17,0.25,9.8,0.0775,0.0,0.0,0.0,5.3,7.0,1016.69,66.84,-13.95
2025-03-24 18:33:12.091000+00:00,,,,,350.5,-1.062,-1.5,23.01,-83.375,-5.375,-19.375,0.0,-0.007,-0.033,-0.5,0.08,9.49,-0.31,0.04,-0.46,-0.17,0.25,9.8,0.0775,0.0,0.0,0.0,5.3,7.0,1016.69,66.84,-13.95
2025-03-24 18:33:13.356000+00:00,,,,,350.5,-1.062,-1.5,23.01,-83.375,-5.375,-19.375,0.0,-0.007,-0.033,-0.5,0.08,9.49,-0.31,0.04,-0.46,-0.17,0.25,9.8,0.0775,0.0,0.0,0.0,5.3,7.0,1016.69,66.84,-13.95
2025-03-24 18:33:14.098000+00:00,,,,,350.5,-1.062,-1.5,23.01,-83.375,-5.375,-19.375,0.0,-0.007,-0.033,-0.5,0.08,9.49,-0.31,0.04,-0.46,-0.17,0.25,9.8,0.0775,0.0,0.0,0.0,5.3,7.0,1016.69,66.84,-13.95
2025-03-24 18:33:15.103000+00:00,,,,,350.5,-1.062,-1.5,23.01,-83.375,-5.375,-19.375,0.0,-0.007,-0.033,-0.5,0.08,9.49,-0.31,0.04,-0.46,-0.17,0.25,9.8,0.0775,1.25,0.0,0.0,5.3,7.0,1016.69,66.84,-13.95
2025-03-24 18:33:16.106000+00:00,,,,,350.5,-1.062,-1.5,23.01,-83.375,-5.375,-19.375,0.0,-0.007,-0.033,-0.5,0.08,9.49,-0.31,0.04,-0.46,-0.17,0.25,9.8,0.0775,-1.25,0.0,0.0,5.3,7.0,1016.69,66.84,-13.95
2025-03-24 18:33:17.111000+00:00,,,,,350.5,-1.062,-1.5,23.01,-83.375,-5.375,-19.375,0.0,-0.007,-0.033,-0.5,0.08,9.49,-0.31,0.04,-0.46,-0.17,0.25,9.8,0.0775,-1.25,0.0,0.0,5.3,7.0,1016.69,66.84,-13.95
2025-03-24 18:33:18.114000+00:00,,,,,350.5,-1.062,-1.5,23.01,-83.375,-5.375,-19.375,0.0,-0.007,-0.033,-0.5,0.08,9.49,-0.31,0.04,-0.46,-0.17,0.25,9.8,0.0775,-1.25,0.0,0.0,5.3,7.0,1016.69,66.84,-13.95
2025-03-24 18:33:19.118000+00:00,,,,,350.5,-1.062,-1.5,23.01,-83.375,-5.375,-19.375,0.0,-0.007,-0.033,-0.5,0.08,9.49,-0.31,0.04,-0.46,-0.17,0.25,9.8,0.0775,0.0,0.0,0.0,5.3,7.0,1016.69,66.84,-13.95
2025-03-24 18:33:20.135000+00:00,,,,,350.5,-1.062,-1.5,23.01,-83.375,-5.375,-19.375,0.0,-0.007,-0.033,-0.5,0.08,9.49,-0.31,0.04,-0.46,-0.17,0.25,9.8,0.0775,-1.25,0.0,0.0,5.3,7.0,1016.69,66.84,-13.95
2025-03-24 18:33:21.315000+00:00,,,,,350.5,-1.062,-1.5,23.01,-83.375,-5.375,-19.375,0.0,-0.007,-0.033,-0.5,0.08,9.49,-0.31,0.04,-0.46,-0.17,0.25,9.8,0.0775,0.0,0.0,0.0,5.3,7.0,1016.69,66.84,-13.95
2025-03-24 18:33:22.425000+00:00,,,,,350.5,-1.062,-1.5,23.01,-83.375,-5.375,-19.375,0.0,-0.007,-0.033,-0.5,0.08,9.49,-0.31,0.04,-0.46,-0.17,0.25,9.8,0.0775,0.0,0.0,0.0,5.3,7.0,1016.69,66.84,-13.95
2025-03-24 18:33:23.132000+00:00,,,,,350.5,-1.062,-1.5,23.01,-83.375,-5.375,-19.375,0.0,-0.007,-0.033,-0.5,0.08,9.49,-0.31,0.04,-0.46,-0.17,0.25,9.8,0.0775,0.0,0.0,0.0,5.3,7.0,1016.69,66.84,-13.95
2025-03-24 18:33:24.150000+00:00,,,,,350.5,-1.062,-1.5,23.01,-83.375,-5.375,-19.375,0.0,-0.007,-0.033,-0.5,0.08,9.49,-0.31,0.04,-0.46,-0.17,0.25,9.8,0.0775,0.0,0.0,0.0,5.3,7.0,1016.69,66.84,-13.95
2025-03-24 18:33:25.140000+00:00,,,,,350.5,-1.062,-1.5,23.01,-83.375,-5.375,-19.375,0.0,-0.007,-0.033,-0.5,0.08,9.49,-0.31,0.04,-0.46,-0.17,0.25,9.8,0.0775,0.0,0.0,0.0,5.3,7.0,1016.69,66.84,-13.95
2025-03-24 18:33:26.144000+00:00,,,,,350.5,-1.062,-1.5,23.01,-83.375,-5.375,-19.375,0.0,-0.007,-0.033,-0.5,0.08,9.49,-0.31,0.04,-0.46,-0.17,0.25,9.8,0.0775,-1.25,0.0,0.0,5.3,7.0,1016.69,66.84,-13.95
2025-03-24 18:33:27.148000+00:00,,,,,350.5,-1.062,-1.5,23.01,-83.375,-5.375,-19.375,0.0,-0.007,-0.033,-0.5,0.08,9.49,-0.31,0.04,-0.46,-0.17,0.25,9.8,0.0775,-1.25,0.0,0.0,5.3,7.0,1016.69,66.84,-13.95
2025-03-24 18:32:28.226000+00:00,,,,,350.5,-1.062,-1.5,23.01,-83.375,-5.375,-19.375,0.0,-0.007,-0.033,-0.5,0.08,9.49,-0.31,0.04,-0.46,-0.17,0.25,9.8,0.0775,-1.25,0.0,0.0,5.3,7.0,1016.69,66.84,-13.95
2025-03-24 18:32:29.255000+00:00,,,,,350.5,-1.062,-1.5,23.01,-83.375,-5.375,-19.375,0.0,-0.007,-0.033,-0.5,0.08,9.49,-0.31,0.04,-0.46,-0.17,0.25,9.8,0.0775,-1.25,0.0,0.0,5.3,7.0,1016.69,66.84,-13.95
2025-03-24 18:32:30.359000+00:00,,,,,350.5,-1.062,-1.5,23.01,-83.375,-5.375,-19.375,0.0,-0.007,-0.033,-0.5,0.08,9.49,-0.31,0.04,-0.46,-0.17,0.25,9.8,0.0775,-1.25,0.0,0.0,5.3,7.0,1016.69,66.84,-13.95
2025-03-24 18:32:31.332000+00:00,,,,,350.5,-1.062,-1.5,23.01,-83.375,-5.375,-19.375,0.0,-0.007,-0.033,-0.5,0.08,9.49,-0.31,0.04,-0.46,-0.17,0.25,9.8,0.0775,-1.25,0.0,0.0,5.3,7.0,1016.69,66.84,-13.95
2025-03-24 18:32:32.449000+00:00,,,,,350.5,-1.062,-1.5,23.01,-83.375,-5.375,-19.375,0.0,-0.007,-0.033,-0.5,0.08,9.49,-0.31,0.04,-0.46,-0.17,0.25,9.8,0.0775,-1.25,0.0,0.0,5.3,7.0,1016.69,66.84,-13.95
2025-03-24 18:32:33.484000+00:00,,,,,350.5,-1.062,-1.5,23.01,-83.375,-5.375,-19.375,0.0,-0.007,-0.033,-0.5,0.08,9.49,-0.31,0.04,-0.46,-0.17,0.25,9.8,0.0775,-1.25,0.0,0.0,5.3,7.0,1016.69,66.84,-13.95
2025-03-24 18:32:34.529000+00:00,,,,,350.5,-1.062,-1.5,23.01,-83.375,-5.375,-19.375,0.0,-0.007,-0.033,-0.5,0.08,9.49,-0.31,0.04,-0.46,-0.17,0.25,9.8,0.0775,-1.25,0.0,0.0,5.3,7.0,1016.69,66.84,-13.95
2025-03-24 18:32:35.479000+00:00,,,,,350.5,-1.062,-1.5,23.01,-83.375,-5.375,-19.375,0.0,-0.007,-0.033,-0.5,0.08,9.49,-0.31,0.04,-0.46,-0.17,0.25,9.8,0.0775,-1.25,0.0,0.0,5.3,7.0,1016.69,66.84,-13.95
2025-03-24 18:32:36.685000+00:00,,,,,350.5,-1.062,-1.5,23.01,-83.375,-5.375,-19.375,0.0,-0.007,-0.033,-0.5,0.08,9.49,-0.31,0.04,-0.46,-0.17,0.25,9.8,0.0775,-1.25,0.0,0.0,5.3,7.0,1016.69,66.84,-13.95
2025-03-24 18:32:37.308000+00:00,,,,,350.5,-1.062,-1.5,23.01,-83.375,-5.375,-19.375,0.0,-0.007,-0.033,-0.5,0.08,9.49,-0.31,0.04,-0.46,-0.17,0.25,9.8,0.0775,-1.25,0.0,0.0,5.3,7.0,1016.69,66.84,-13.95
2025-03-24 18:32:38.319000+00:00,,,,,350.5,-1.062,-1.5,23.01,-83.375,-5.375,-19.375,0.0,-0.007,-0.033,-0.5,0.08,9.49,-0.31,0.04,-0.46,-0.17,0.25,9.8,0.0775,-1.25,0.0,0.0,5.3,7.0,1016.69,66.84,-13.95
2025-03-24 18:32:39.335000+00:00,,,,,350.5,-1.062,-1.5,23.01,-83.375,-5.375,-19.375,0.0,-0.007,-0.033,-0.5,0.08,9.49,-0.31,0.04,-0.46,-0.17,0.25,9.8,0.0775,-1.25,0.0,0.0,5.3,7.0,1016.69,66.84,-13.95
2025-03-24 18:32:40.425000+00:00,,,,,350.5,-1.062,-1.5,23.01,-83.375,-5.375,-19.375,0.0,-0.007,-0.033,-0.5,0.08,9.49,-0.31,0.04,-0.46,-0.17,0.25,9.8,0.0775,-1.25,0.0,0.0,5.3,7.0,1016.69,66.84,-13.95
2025-03-24 18:32:41.528000+00:00,,,,,350.5,-1.062,-1.5,23.01,-83.375,-5.375,-19.375,0.0,-0.007,-0.033,-0.5,0.08,9.49,-0.31,0.04,-0.46,-0.17,0.25,9.8,0.0775,-1.25,0.0,0.0,5.3,7.0,1016.69,66.84,-13.95
2025-03-24 18:32:42.434000+00:00,,,,,350.5,-1.062,-1.5,23.01,-83.375,-5.375,-19.375,0.0,-0.007,-0.033,-0.5,0.08,9.49,-0.31,0.04,-0.46,-0.17,0.25,9.8,0.0775,-1.25,0.0,0.0,5.3,7.0,1016.69,66.84,-13.95
2025-03-24 18:32:43.498000+00:00,,,,,350.5,-1.062,-1.5,23.01,-83.375,-5.375,-19.375,0.0,-0.007,-0.033,-0.5,0.08,9.49,-0.31,0.04,-0.46,-0.17,0.25,9.8,0.0775,-1.25,0.0,0.0,5.3,7.0,1016.69,66.84,-13.95
2025-03-24 18:32:44.675000+00:00,,,,,350.5,-1.062,-1.5,23.01,-83.375,-5.375,-19.375,0.0,-0.007,-0.033,-0.5,0.08,9.49,-0.31,0.04,-0.46,-0.17,0.25,9.8,0.0775,-1.25,0.0,0.0,5.3,7.0,1016.69,66.84,-13.95
2025-03-24 18:32:45.398000+00:00,,,,,350.5,-1.062,-1.5,23.01,-83.375,-5.375,-19.375,0.0,-0.007,-0.033,-0.5,0.08,9.49,-0.31,0.04,-0.46,-0.17,0.25,9.8,0.0775,-1.25,0.0,0.0,5.3,7.0,1016.69,66.84,-13.95
2025-03-24 18:32:46.408000+00:00,,,,,350.5,-1.062,-1.5,23.01,-83.375,-5.375,-19.375,0.0,-0.007,-0.033,-0.5,0.08,9.49,-0.31,0.04,-0.46,-0.17,0.25,9.8,0.0775,-1.25,0.0,0.0,5.3,7.0,1016.69,66.84,-13.95
2025-03-24 18:32:47.414000+00:00,,,,,350.5,-1.062,-1.5,23.01,-83.375,-5.375,-19.375,0.0,-0.007,-0.033,-0.5,0.08,9.49,-0.31,0.04,-0.46,-0.17,0.25,9.8,0.0775,-1.25,0.0,0.0,5.3,7.0,1016.69,66.84,-13.95
2025-03-24 18:32:48.397000+00:00,,,,,350.5,-1.062,-1.5,23.01,-83.375,-5.375,-19.375,0.0,-0.007,-0.033,-0.5,0.08,9.49,-0.31,0.04,-0.46,-0.17,0.25,9.8,0.0775,-1.25,0.0,0.0,5.3,7.0,1016.69,66.84,-13.95
2025-03-24 18:32:49.407000+00:00,,,,,350.5,-1.062,-1.5,23.01,-83.375,-5.375,-19.375,0.0,-0.007,-0.033,-0.5,0.08,9.49,-0.31,0.04,-0.46,-0.17,0.25,9.8,0.0775,-1.25,0.0,0.0,5.3,7.0,1016.69,66.84,-13.95
2025-03-24 18:32:50.447000+00:00,,,,,350.5,-1.062,-1.5,23.01,-83.375,-5.375,-19.375,0.0,-0.007,-0.033,-0.5,0.08,9.49,-0.31,0.04,-0.46,-0.17,0.25,9.8,0.0775,-1.25,0.0,0.0,5.3,7.0,1016.69,66.84,-13.95
2025-03-24 18:32:51.458000+00:00,,,,,350.5,-1.062,-1.5,23.01,-83.375,-5.375,-19.375,0.0,-0.007,-0.033,-0.5,0.08,9.49,-0.31,0.04,-0.46,-0.17,0.25,9.8,0.0775,-1.25,0.0,0.0,5.3,7.0,1016.69,66.84,-13.95
2025-03-24 18:32:52.587000+00:00,,,,,350.5,-1.062,-1.5,23.01,-83.375,-5.375,-19.375,0.0,-0.007,-0.033,-0.5,0.08,9.49,-0.31,0.04,-0.46,-0.17,0.25,9.8,0.0775,-1.25,0.0,0.0,5.3,7.0,1016.69,66.84,-13.95
2025-03-24 18:32:53.498000+00:00,,,,,350.5,-1.062,-1.5,23.01,-83.375,-5.375,-19.375,0.0,-0.007,-0.033,-0.5,0.08,9.49,-0.31,0.04,-0.46,-0.17,0.25,9.8,0.0775,-1.25,0.0,0.0,5.3,7.0,1016.69,66.84,-13.95
2025-03-24 18:32:54.651000+00:00,,,,,350.5,-1.062,-1.5,23.01,-83.375,-5.375,-19.375,0.0,-0.007,-0.033,-0.5,0.08,9.49,-0.31,0.04,-0.46,-0.17,0.25,9.8,0.0775,-1.25,0.0,0.0,5.3,7.0,1016.69,66.84,-13.95
2025-03-24 18:32:55.397000+00:00,,,,,350.5,-1.062,-1.5,23.01,-83.375,-5.375,-19.375,0.0,-0.007,-0.033,-0.5,0.08,9.49,-0.31,0.04,-0.46,-0.17,0.25,9.8,0.0775,-1.25,0.0,0.0,5.3,7.0,1016.69,66.84,-13.95
2025-03-24 18:32:56.134000+00:00,,,,,350.5,-1.062,-1.5,23.01,-83.375,-5.375,-19.375,0.0,-0.007,-0.033,-0.5,0.08,9.49,-0.31,0.04,-0.46,-0.17,0.25,9.8,0.0775,-1.25,0.0,0.0,5.3,7.0,1016.69,66.84,-13.95
2025-03-24 18:32:57.140000+00:00,,,,,350.5,-1.062,-1.5,23.01,-83.375,-5.375,-19.375,0.0,-0.007,-0.033,-0.5,0.08,9.49,-0.31,0.04,-0.46,-0.17,0.25,9.8,0.0775,-1.25,0.0,0.0,5.3,7.0,1016.69,66.84,-13.95
2025-03-24 18:32:58.137000+00:00,,,,,350.5,-1.062,-1.5,23.01,-83.375,-5.375,-19.375,0.0,-0.007,-0.033,-0.5,0.08,9.49,-0.31,0.04,-0.46,-0.17,0.25,9.8,0.0775,-1.25,0.0,0.0,5.3,7.0,1016.69,66.84,-13.95
2025-03-24 18:32:59.157000+00:00,,,,,350.5,-1.062,-1.5,23.01,-83.375,-5.375,-19.375,0.0,-0.007,-0.033,-0.5,0.08,9.49,-0.31,0.04,-0.46,-0.17,0.25,9.8,0.0775,-1.25,0.0,0.0,5.3,7.0,1016.69,66.84,-13.95
2025-03-24 18:33:00.147000+00:00,,,,,350.5,-1.062,-1.5,23.01,-83.375,-5.375,-19.375,0.0,-0.007,-0.033,-0.5,0.08,9.49,-0.31,0.04,-0.46,-0.17,0.25,9.8,0.0775,-1.25,0.0,0.0,5.3,7.0,1016.69,66.84,-13.95
2025-03-24 18:33:01.152000+00:00,,,,,350.5,-1.062,-1.5,23.01,-83.375,-5.375,-19.375,0.0,-0.007,-0.033,-0.5,0.08,9.49,-0.31,0.04,-0.46,-0.17,0.25,9.8,0.0775,-1.25,0.0,0.0,5.3,7.0,1016.69,66.84,-13.95
2025-03-24 18:33:02.156000+00:00,,,,,350.5,-1.062,-1.5,23.01,-83.375,-5.375,-19.375,0.0,-0.007,-0.033,-0.5,0.08,9.49,-0.31,0.04,-0.46,-0.17,0.25,9.8,0.0775,-1.25,0.0,0.0,5.3,7.0,1016.69,66.84,-13.95
2025-03-24 18:33:03.157000+00:00,,,,,350.5,-1.062,-1.5,23.01,-83.375,-5.375,-19.375,0.0,-0.007,-0.033,-0.5,0.08,9.49,-0.31,0.04,-0.46,-0.17,0.25,9.8,0.0775,-1.25,0.0,0.0,5.3,7.0,1016.69,66.84,-13.95
2025-03-24 18:33:04.303000+00:00,,,,,350.5,-1.062,-1.5,23.01,-83.375,-5.375,-19.375,0.0,-0.007,-0.033,-0.5,0.08,9.49,-0.31,0.04,-0.46,-0.17,0.25,9.8,0.0775,-1.25,0.0,0.0,5.3,7.0,1016.69,66.84,-13.95
2025-03-24 18:33:05.337000+00:00,,,,,350.5,-1.062,-1.5,23.01,-83.375,-5.375,-19.375,0.0,-0.007,-0.033,-0.5,0.08,9.49,-0.31,0.04,-0.46,-0.17,0.25,9.8,0.0775,-1.25,0.0,0.0,5.3,7.0,1016.69,66.84,-13.95
2025-03-24 18:33:06.177000+00:00,,,,,350.5,-1.062,-1.5,23.01,-83.375,-5.375,-19.375,0.0,-0.007,-0.033,-0.5,0.08,9.49,-0.31,0.04,-0.46,-0.17,0.25,9.8,0.0775,-1.25,0.0,0.0,5.3,7.0,1016.69,66.84,-13.95
2025-03-24 18:33:07.176000+00:00,,,,,350.5,-1.062,-1.5,23.01,-83.375,-5.375,-19.375,0.0,-0.007,-0.033,-0.5,0.08,9.49,-0.31,0.04,-0.46,-0.17,0.25,9.8,0.0775,-1.25,0.0,0.0,5.3,7.0,1016.69,66.84,-13.95
2025-03-24 18:33:08.176000+00:00,,,,,350.5,-1.062,-1.5,23.01,-83.375,-5.375,-19.375,0.0,-0.007,-0.033,-0.5,0.08,9.49,-0.31,0.04,-0.46,-0.17,0.25,9.8,0.0775,-1.25,0.0,0.0,5.3,7.0,1016.69,66.84,-13.95
2025-03-24 18:33:09.186000+00:00,,,,,350.5,-1.062,-1.5,23.01,-83.375,-5.375,-19.375,0.0,-0.007,-0.033,-0.5,0.08,9.49,-0.31,0.04,-0.46,-0.17,0.25,9.8,0.0775,-1.25,0.0,0.0,5.3,7.0,1016.69,66.84,-13.95
2025-03-24 18:33:10.246000+00:00,,,,,350.5,-1.062,-1.5,23.01,-83.375,-5.375,-19.375,0.0,-0.007,-0.033,-0.5,0.08,9.49,-0.31,0.04,-0.46,-0.17,0.25,9.8,0.0775,-1.25,0.0,0.0,5.3,7.0,1016.69,66.84,-13.95
2025-03-24 18:33:11.387000+00:00,,,,,350.5,-1.062,-1.5,23.01,-83.375,-5.375,-19.375,0.0,-0.007,-0.033,-0.5,0.08,9.49,-0.31,0.04,-0.46,-0.17,0.25,9.8,0.0775,-1.25,0.0,0.0,5.3,7.0,1016.69,66.84,-13.95
2025-03-24 18:33:12.196000+00:00,,,,,350.5,-1.062,-1.5,23.01,-83.375,-5.375,-19.375,0.0,-0.007,-0.033,-0.5,0.08,9.49,-0.31,0.04,-0.46,-0.17,0.25,9.8,0.0775,-1.25,0.0,0.0,5.3,7.0,1016.69,66.84,-13.95
2025-03-24 18:33:13.456000+00:00,,,,,350.5,-1.062,-1.5,23.01,-83.375,-5.375,-19.375,0.0,-0.007,-0.033,-0.5,0.08,9.49,-0.31,0.04,-0.46,-0.17,0.25,9.8,0.0775,-1.25,0.0,0.0,5.3,7.0,1016.69,66.84,-13.95
2025-03-24 18:33:14.205000+00:00,,,,,350.5,-1.062,-1.5,23.01,-83.375,-5.375,-19.375,0.0,-0.007,-0.033,-0.5,0.08,9.49,-0.31,0.04,-0.46,-0.17,0.25,9.8,0.0775,-1.25,0.0,0.0,5.3,7.0,1016.69,66.84,-13.95
2025-03-24 18:33:15.206000+00:00,,,,,350.5,-1.062,-1.5,23.01,-83.375,-5.375,-19.375,0.0,-0.007,-0.033,-0.5,0.08,9.49,-0.31,0.04,-0.46,-0.17,0.25,9.8,0.0775,-1.25,0.0,0.0,5.3,7.0,1016.69,66.84,-13.95
2025-03-24 18:33:16.212000+00:00,,,,,350.5,-1.062,-1.5,23.01,-83.375,-5.375,-19.375,0.0,-0.007,-0.033,-0.5,0.08,9.49,-0.31,0.04,-0.46,-0.17,0.25,9.8,0.0775,-1.25,0.0,0.0,5.3,7.0,1016.69,66.84,-13.95
2025-03-24 18:33:17.215000+00:00,,,,,350.5,-1.062,-1.5,23.01,-83.375,-5.375,-19.375,0.0,-0.007,-0.033,-0.5,0.08,9.49,-0.31,0.04,-0.46,-0.17,0.25,9.8,0.0775,-1.25,0.0,0.0,5.3,7.0,1016.69,66.84,-13.95
2025-03-24 18:33:18.215000+00:00,,,,,350.5,-1.062,-1.5,23.01,-83.375,-5.375,-19.375,0.0,-0.007,-0.033,-0.5,0.08,9.49,-0.31,0.04,-0.46,-0.17,0.25,9.8,0.0775,-1.25,0.0,0.0,5.3,7.0,1016.69,66.84,-13.95
2025-03-24 18:33:19.215000+00:00,,,,,350.5,-1.062,-1.5,23.01,-83.375,-5.375,-19.375,0.0,-0.007,-0.033,-0.5,0.08,9.49,-0.31,0.04,-0.46,-0.17,0.25,9.8,0.0775,-1.25,0.0,0.0,5.3,7.0,1016.69,66.84,-13.95
2025-03-24 18:33:20.245000+00:00,,,,,350.5,-1.062,-1.5,23.01,-83.375,-5.375,-19.375,0.0,-0.007,-0.033,-0.5,0.08,9.49,-0.31,0.04,-0.46,-0.17,0.25,9.8,0.0775,-1.25,0.0,0.0,5.3,7.0,1016.69,66.84,-13.95
2025-03-24 18:33:21.415000+00:00,,,,,350.5,-1.062,-1.5,23.01,-83.375,-5.375,-19.375,0.0,-0.007,-0.033,-0.5,0.08,9.49,-0.31,0.04,-0.46,-0.17,0.25,9.8,0.0775,-1.25,0.0,0.0,5.3,7.0,1016.69,66.84,-13.95
2025-03-24 18:33:22.531000+00:00,,,,,350.5,-1.062,-1.5,23.01,-83.375,-5.375,-19.375,0.0,-0.007,-0.033,-0.5,0.08,9.49,-0.31,0.04,-0.46,-0.17,0.25,9.8,0.0775,-1.25,0.0,0.0,5.3,7.0,1016.69,66.84,-13.95
2025-03-24 18:33:23.235000+00:00,,,,,350.5,-1.062,-1.5,23.01,-83.375,-5.375,-19.375,0.0,-0.007,-0.033,-0.5,0.08,9.49,-0.31,0.04,-0.46,-0.17,0.25,9.8,0.0775,-1.25,0.0,0.0,5.3,7.0,1016.69,66.84,-13.95
2025-03-24 18:33:24.256000+00:00,,,,,350.5,-1.062,-1.5,23.01,-83.375,-5.375,-19.375,0.0,-0.007,-0.033,-0.5,0.08,9.49,-0.31,0.04,-0.46,-0.17,0.25,9.8,0.0775,-1.25,0.0,0.0,5.3,7.0,1016.69,66.84,-13.95
2025-03-24 18:33:25.234000+00:00,,,,,350.5,-1.062,-1.5,23.01,-83.375,-5.375,-19.375,0.0,-0.007,-0.033,-0.5,0.08,9.49,-0.31,0.04,-0.46,-0.17,0.25,9.8,0.0775,-1.25,0.0,0.0,5.3,7.0,1016.69,66.84,-13.95
2025-03-24 18:33:26.245000+00:00,,,,,350.5,-1.062,-1.5,23.01,-83.375,-5.375,-19.375,0.0,-0.007,-0.033,-0.5,0.08,9.49,-0.31,0.04,-0.46,-0.17,0.25,9.8,0.0775,-1.25,0.0,0.0,5.3,7.0,1016.69,66.84,-13.95
2025-03-24 18:33:27.244000+00:00,,,,,350.5,-1.062,-1.5,23.01,-83.375,-5.375,-19.375,0.0,-0.007,-0.033,-0.5,0.08,9.49,-0.31,0.04,-0.46,-0.17,0.25,9.8,0.0775,-1.25,0.0,0.0,5.3,7.0,1016.69,66.84,-13.95
2025-03-24 18:32:32.605000+00:00,,,,,350.5,-1.062,-1.5,23.01,-83.375,-5.375,-19.375,0.0,-0.007,-0.033,-0.5,0.08,9.49,-0.31,0.04,-0.46,-0.17,0.25,9.8,0.0775,-1.25,0.0,0.0,5.3,7.0,1016.69,66.84,-13.95
2025-03-24 18:32:37.668000+00:00,,,,,350.5,-1.062,-1.5,23.01,-83.375,-5.375,-19.375,0.0,-0.007,-0.033,-0.5,0.08,9.49,-0.31,0.04,-0.46,-0.17,0.25,9.8,0.0775,-1.25,0.0,0.0,5.3,7.0,1016.69,66.84,-13.95
2025-03-24 18:32:42.606000+00:00,,,,,350.5,-1.062,-1.5,23.01,-83.375,-5.375,-19.375,0.0,-0.007,-0.033,-0.5,0.08,9.49,-0.31,0.04,-0.46,-0.17,0.25,9.8,0.0775,-1.25,0.0,0.0,5.3,7.0,1016.69,66.84,-13.95
2025-03-24 18:32:47.793000+00:00,,,,,350.5,-1.062,-1.5,23.01,-83.375,-5.375,-19.375,0.0,-0.007,-0.033,-0.5,0.08,9.49,-0.31,0.04,-0.46,-0.17,0.25,9.8,0.0775,-1.25,0.0,0.0,5.3,7.0,1016.69,66.84,-13.95
2025-03-24 18:32:52.637000+00:00,,,,,350.5,-1.062,-1.5,23.01,-83.375,-5.375,-19.375,0.0,-0.007,-0.033,-0.5,0.08,9.49,-0.31,0.04,-0.46,-0.17,0.25,9.8,0.0775,-1.25,0.0,0.0,5.3,7.0,1016.69,66.84,-13.95
2025-03-24 18:32:57.867000+00:00,,,,,350.5,-1.062,-1.5,23.01,-83.375,-5.375,-19.375,0.0,-0.007,-0.033,-0.5,0.08,9.49,-0.31,0.04,-0.46,-0.17,0.25,9.8,0.0775,-1.25,0.0,0.0,5.3,7.0,1016.69,66.84,-13.95
2025-03-24 18:33:02.606000+00:00,,,,,350.5,-1.062,-1.5,23.01,-83.375,-5.375,-19.375,0.0,-0.007,-0.033,-0.5,0.08,9.49,-0.31,0.04,-0.46,-0.17,0.25,9.8,0.0775,-1.25,0.0,0.0,5.3,7.0,1016.69,66.84,-13.95
2025-03-24 18:33:07.927000+00:00,,,,,350.5,-1.062,-1.5,23.01,-83.375,-5.375,-19.375,0.0,-0.007,-0.033,-0.5,0.08,9.49,-0.31,0.04,-0.46,-0.17,0.25,9.8,0.0775,-1.25,0.0,0.0,5.3,7.0,1016.69,66.84,-13.95
2025-03-24 18:33:12.946000+00:00,,,,,350.5,-1.062,-1.5,23.01,-83.375,-5.375,-19.375,0.0,-0.007,-0.033,-0.5,0.08,9.49,-0.31,0.04,-0.46,-0.17,0.25,9.8,0.0775,-1.25,0.0,0.0,5.3,7.0,1016.69,66.84,-13.95
2025-03-24 18:33:17.946000+00:00,,,,,350.5,-1.062,-1.5,23.01,-83.375,-5.375,-19.375,0.0,-0.007,-0.033,-0.5,0.08,9.49,-0.31,0.04,-0.46,-0.17,0.25,9.8,0.0775,-1.25,0.0,0.0,5.3,7.0,1016.69,66.84,-13.95
2025-03-24 18:33:22.935000+00:00,,,,,350.5,-1.062,-1.5,23.01,-83.375,-5.375,-19.375,0.0,-0.007,-0.033,-0.5,0.08,9.49,-0.31,0.04,-0.46,-0.17,0.25,9.8,0.0775,-1.25,0.0,0.0,5.3,7.0,1016.69,66.84,-13.95
2025-03-24 18:33:27.694000+00:00,,,,,350.5,-1.062,-1.5,23.01,-83.375,-5.375,-19.375,0.0,-0.007,-0.033,-0.5,0.08,9.49,-0.31,0.04,-0.46,-0.17,0.25,9.8,0.0775,-1.25,0.0,0.0,5.3,7.0,1016.69,66.84,-13.95
2025-03-24 18:32:28.431000+00:00,,,,,350.5,-1.062,-1.5,23.01,-83.375,-5.375,-19.375,0.0,-0.007,-0.033,-0.5,0.08,9.49,-0.31,0.04,-0.46,-0.17,0.25,9.8,0.0775,-1.25,0.0,0.0,5.3,7.0,1016.69,66.84,-13.95
2025-03-24 18:32:29.575000+00:00,,,,,350.5,-1.062,-1.5,23.01,-83.375,-5.375,-19.375,0.0,-0.007,-0.033,-0.5,0.08,9.49,-0.31,0.04,-0.46,-0.17,0.25,9.8,0.0775,-1.25,0.0,0.0,5.3,7.0,1016.69,66.84,-13.95
2025-03-24 18:32:30.524000+00:00,,,,,350.5,-1.062,-1.5,23.01,-83.375,-5.375,-19.375,0.0,-0.007,-0.033,-0.5,0.08,9.49,-0.31,0.04,-0.46,-0.17,0.25,9.8,0.0775,-1.25,0.0,0.0,5.4,7.0,1016.69,66.84,-13.95
2025-03-24 18:32:31.669000+00:00,,,,,350.5,-1.062,-1.5,23.01,-83.375,-5.375,-19.375,0.0,-0.007,-0.033,-0.5,0.08,9.49,-0.31,0.04,-0.46,-0.17,0.25,9.8,0.0775,-1.25,0.0,0.0,5.4,7.0,1016.69,66.84,-13.95
2025-03-24 18:32:32.713000+00:00,,,,,350.5,-1.062,-1.5,23.01,-83.375,-5.375,-19.375,0.0,-0.007,-0.033,-0.5,0.08,9.49,-0.31,0.04,-0.46,-0.17,0.25,9.8,0.0775,-1.25,0.0,0.0,5.3,7.0,1016.69,66.84,-13.95
2025-03-24 18:32:33.763000+00:00,,,,,350.5,-1.062,-1.5,23.01,-83.375,-5.375,-19.375,0.0,-0.007,-0.033,-0.5,0.08,9.49,-0.31,0.04,-0.46,-0.17,0.25,9.8,0.0775,-1.25,0.0,0.0,5.3,7.0,1016.69,66.84,-13.95
2025-03-24 18:32:34.706000+00:00,,,,,350.5,-1.062,-1.5,23.01,-83.375,-5.375,-19.375,0.0,-0.007,-0.033,-0.5,0.08,9.49,-0.31,0.04,-0.46,-0.17,0.25,9.8,0.0775,-1.25,0.0,0.0,5.3,7.0,1016.69,66.84,-13.95
2025-03-24 18:32:36.219000+00:00,,,,,350.5,-1.062,-1.5,23.01,-83.375,-5.375,-19.375,0.0,-0.007,-0.033,-0.5,0.08,9.49,-0.31,0.04,-0.46,-0.17,0.25,9.8,0.0775,-1.25,0.0,0.0,5.3,7.0,1016.69,66.84,-13.95
2025-03-24 18:32:37.359000+00:00,,,,,350.5,-1.062,-1.5,23.01,-83.375,-5.375,-19.375,0.0,-0.007,-0.033,-0.5,0.08,9.49,-0.31,0.04,-0.46,-0.17,0.25,9.8,0.0775,-1.25,0.0,0.0,5.3,7.0,1016.69,66.84,-13.95
2025-03-24 18:32:38.369000+00:00,,,,,350.5,-1.062,-1.5,23.01,-83.375,-5.375,-19.375,0.0,-0.007,-0.033,-0.5,0.08,9.49,-0.31,0.04,-0.46,-0.17,0.25,9.8,0.0775,-1.25,0.0,0.0,5.3,7.0,1016.69,66.84,-13.95
2025-03-24 18:32:39.584000+00:00,,,,,350.5,-1.062,-1.5,23.01,-83.375,-5.375,-19.375,0.0,-0.007,-0.033,-0.5,0.08,9.49,-0.31,0.04,-0.46,-0.17,0.25,9.8,0.0775,-1.25,0.0,0.0,5.2,7.0,1016.69,66.84,-13.95
2025-03-24 18:32:40.729000+00:00,,,,,350.5,-1.062,-1.5,23.01,-83.375,-5.375,-19.375,0.0,-0.007,-0.033,-0.5,0.08,9.49,-0.31,0.04,-0.46,-0.17,0.25,9.8,0.0775,-1.25,0.0,0.0,5.2,7.0,1016.69,66.84,-13.95
2025-03-24 18:32:41.672000+00:00,,,,,350.5,-1.062,-1.5,23.01,-83.375,-5.375,-19.375,0.0,-0.007,-0.033,-0.5,0.08,9.49,-0.31,0.04,-0.46,-0.17,0.25,9.8,0.0775,-1.25,0.0,0.0,5.3,7.0,1016.69,66.84,-13.95
2025-03-24 18:32:42.717000+00:00,,,,,350.5,-1.062,-1.5,23.01,-83.375,-5.375,-19.375,0.0,-0.007,-0.033,-0.5,0.08,9.49,-0.31,0.04,-0.46,-0.17,0.25,9.8,0.0775,-1.25,0.0,0.0,5.3,7.0,1016.69,66.84,-13.95
2025-03-24 18:32:43.861000+00:00,,,,,350.5,-1.062,-1.5,23.01,-83.375,-5.375,-19.375,0.0,-0.007,-0.033,-0.5,0.08,9.49,-0.31,0.04,-0.46,-0.17,0.25,9.8,0.0775,-1.25,0.0,0.0,5.3,7.0,1016.69,66.84,-13.95
2025-03-24 18:32:45.448000+00:00,,,,,350.5,-1.062,-1.5,23.01,-83.375,-5.375,-19.375,0.0,-0.007,-0.033,-0.5,0.08,9.49,-0.31,0.04,-0.46,-0.17,0.25,9.8,0.0775,-1.25,0.0,0.0,5.3,7.0,1016.69,66.84,-13.95
2025-03-24 18:32:46.458000+00:00,,,,,350.5,-1.062,-1.5,23.01,-83.375,-5.375,-19.375,0.0,-0.007,-0.033,-0.5,0.08,9.49,-0.31,0.04,-0.46,-0.17,0.25,9.8,0.0775,-1.25,0.0,0.0,5.3,7.0,1016.69,66.84,-13.95
2025-03-24 18:32:47.474000+00:00,,,,,350.5,-1.062,-1.5,23.01,-83.375,-5.375,-19.375,0.0,-0.007,-0.033,-0.5,0.08,9.49,-0.31,0.04,-0.46,-0.17,0.25,9.8,0.0775,-1.25,0.0,0.0,5.3,7.0,1016.69,66.84,-13.95
2025-03-24 18:32:48.454000+00:00,,,,,350.5,-1.062,-1.5,23.01,-83.375,-5.375,-19.375,0.0,-0.007,-0.033,-0.5,0.08,9.49,-0.31,0.04,-0.46,-0.17,0.25,9.8,0.0775,-1.25,0.0,0.0,5.3,7.0,1016.69,66.84,-13.95
2025-03-24 18:32:49.492000+00:00,,,,,350.5,-1.062,-1.5,23.01,-83.375,-5.375,-19.375,0.0,-0.007,-0.033,-0.5,0.08,9.49,-0.31,0.04,-0.46,-0.17,0.25,9.8,0.0775,-1.25,0.0,0.0,5.3,7.0,1016.69,66.84,-13.95
2025-03-24 18:32:50.636000+00:00,,,,,350.5,-1.062,-1.5,23.01,-83.375,-5.375,-19.375,0.0,-0.007,-0.033,-0.5,0.08,9.49,-0.31,0.04,-0.46,-0.17,0.25,9.8,0.0775,-1.25,0.0,0.0,5.3,7.0,1016.69,66.84,-13.95
2025-03-24 18:32:51.781000+00:00,,,,,350.5,-1.062,-1.5,23.01,-83.375,-5.375,-19.375,0.0,-0.007,-0.033,-0.5,0.08,9.49,-0.31,0.04,-0.46,-0.17,0.25,9.8,0.0775,-1.25,0.0,0.0,5.3,7.0,1016.69,66.84,-13.95
2025-03-24 18:32:52.725000+00:00,,,,,350.5,-1.062,-1.5,23.01,-83.375,-5.375,-19.375,0.0,-0.007,-0.033,-0.5,0.08,9.49,-0.31,0.04,-0.46,-0.17,0.25,9.8,0.0775,-1.25,0.0,0.0,5.3,7.0,1016.69,66.84,-13.95
2025-03-24 18:32:53.869000+00:00,,,,,350.5,-1.062,-1.5,23.01,-83.375,-5.375,-19.375,0.0,-0.007,-0.033,-0.5,0.08,9.49,-0.31,0.04,-0.46,-0.17,0.25,9.8,0.0775,-1.25,0.0,0.0,5.4,7.0,1016.69,66.84,-13.95
2025-03-24 18:32:54.913000+00:00,,,,,350.5,-1.062,-1.5,23.01,-83.375,-5.375,-19.375,0.0,-0.007,-0.033,-0.5,0.08,9.49,-0.31,0.04,-0.46,-0.17,0.25,9.8,0.0775,-1.25,0.0,0.0,5.4,7.0,1016.69,66.84,-13.95
2025-03-24 18:32:56.561000+00:00,,,,,350.5,-1.062,-1.5,23.01,-83.375,-5.375,-19.375,0.0,-0.007,-0.033,-0.5,0.08,9.49,-0.31,0.04,-0.46,-0.17,0.25,9.8,0.0775,-1.25,0.0,0.0,5.4,7.0,1016.69,66.84,-13.95
2025-03-24 18:32:57.548000+00:00,,,,,350.5,-1.062,-1.5,23.01,-83.375,-5.375,-19.375,0.0,-0.007,-0.033,-0.5,0.08,9.49,-0.31,0.04,-0.46,-0.17,0.25,9.8,0.0775,-1.25,0.0,0.0,5.3,7.0,1016.69,66.84,-13.95
2025-03-24 18:32:58.560000+00:00,,,,,350.5,-1.062,-1.5,23.01,-83.375,-5.375,-19.375,0.0,-0.007,-0.033,-0.5,0.08,9.49,-0.31,0.04,-0.46,-0.17,0.25,9.8,0.0775,-1.25,0.0,0.0,5.3,7.0,1016.69,66.84,-13.95
2025-03-24 18:32:59.577000+00:00,,,,,350.5,-1.062,-1.5,23.01,-83.375,-5.375,-19.375,0.0,-0.007,-0.033,-0.5,0.08,9.49,-0.31,0.04,-0.46,-0.17,0.25,9.8,0.0775,-1.25,0.0,0.0,5.3,7.0,1016.69,66.84,-13.95
2025-03-24 18:33:00.574000+00:00,,,,,350.5,-1.062,-1.5,23.01,-83.375,-5.375,-19.375,0.0,-0.007,-0.033,-0.5,0.08,9.49,-0.31,0.04,-0.46,-0.17,0.25,9.8,0.0775,-1.25,0.0,0.0,5.3,7.0,1016.69,66.84,-13.95
2025-03-24 18:33:01.594000+00:00,,,,,350.5,-1.062,-1.5,23.01,-83.375,-5.375,-19.375,0.0,-0.007,-0.033,-0.5,0.08,9.49,-0.31,0.04,-0.46,-0.17,0.25,9.8,0.0775,-1.25,0.0,0.0,5.3,7.0,1016.69,66.84,-13.95
2025-03-24 18:33:02.729000+00:00,,,,,350.5,-1.062,-1.5,23.01,-83.375,-5.375,-19.375,0.0,-0.007,-0.033,-0.5,0.08,9.49,-0.31,0.04,-0.46,-0.17,0.25,9.8,0.0775,-1.25,0.0,0.0,5.4,7.0,1016.69,66.84,-13.95
2025-03-24 18:33:03.874000+00:00,,,,,350.5,-1.062,-1.5,23.01,-83.375,-5.375,-19.375,0.0,-0.007,-0.033,-0.5,0.08,9.49,-0.31,0.04,-0.46,-0.17,0.25,9.8,0.0775,-1.25,0.0,0.0,5.4,7.0,1016.69,66.84,-13.95
2025-03-24 18:33:04.918000+00:00,,,,,350.5,-1.062,-1.5,23.01,-83.375,-5.375,-19.375,0.0,-0.007,-0.033,-0.5,0.08,9.49,-0.31,0.04,-0.46,-0.17,0.25,9.8,0.0775,-1.25,0.0,0.0,5.4,7.0,1016.69,66.84,-13.95
2025-03-24 18:33:06.227000+00:00,,,,,350.5,-1.062,-1.5,23.01,-83.375,-5.375,-19.375,0.0,-0.007,-0.033,-0.5,0.08,9.49,-0.31,0.04,-0.46,-0.17,0.25,9.8,0.0775,-1.25,0.0,0.0,5.4,7.0,1016.69,66.84,-13.95
2025-03-24 18:33:07.603000+00:00,,,,,350.5,-1.062,-1.5,23.01,-83.375,-5.375,-19.375,0.0,-0.007,-0.033,-0.5,0.08,9.49,-0.31,0.04,-0.46,-0.17,0.25,9.8,0.0775,-1.25,0.0,0.0,5.4,7.0,1016.69,66.84,-13.95
2025-03-24 18:33:08.607000+00:00,,,,,350.5,-1.062,-1.5,23.01,-83.375,-5.375,-19.375,0.0,-0.007,-0.033,-0.5,0.08,9.49,-0.31,0.04,-0.46,-0.17,0.25,9.8,0.0775,-1.25,0.0,0.0,5.4,7.0,1016.69,66.84,-13.95
2025-03-24 18:33:09.814000+00:00,,,,,350.5,-1.062,-1.5,23.01,-83.375,-5.375,-19.375,0.0,-0.007,-0.033,-0.5,0.08,9.49,-0.31,0.04,-0.46,-0.17,0.25,9.8,0.0775,-1.25,0.0,0.0,5.4,7.0,1016.69,66.84,-13.95
2025-03-24 18:33:10.959000+00:00,,,,,350.5,-1.062,-1.5,23.01,-83.375,-5.375,-19.375,0.0,-0.007,-0.033,-0.5,0.08,9.49,-0.31,0.04,-0.46,-0.17,0.25,9.8,0.0775,-1.25,0.0,0.0,5.4,7.0,1016.69,66.84,-13.95
2025-03-24 18:33:12.248000+00:00,,,,,350.5,-1.062,-1.5,23.01,-83.375,-5.375,-19.375,0.0,-0.007,-0.033,-0.5,0.08,9.49,-0.31,0.04,-0.46,-0.17,0.25,9.8,0.0775,-1.25,0.0,0.0,5.4,7.0,1016.69,66.84,-13.95
2025-03-24 18:33:13.047000+00:00,,,,,350.5,-1.062,-1.5,23.01,-83.375,-5.375,-19.375,0.0,-0.007,-0.033,-0.5,0.08,9.49,-0.31,0.04,-0.46,-0.17,0.25,9.8,0.0775,-1.25,0.0,0.0,5.4,7.0,1016.69,66.84,-13.95
2025-03-24 18:33:14.255000+00:00,,,,,350.5,-1.062,-1.5,23.01,-83.375,-5.375,-19.375,0.0,-0.007,-0.033,-0.5,0.08,9.49,-0.31,0.04,-0.46,-0.17,0.25,9.8,0.0775,-1.25,0.0,0.0,5.4,7.0,1016.69,66.84,-13.95
2025-03-24 18:33:15.606000+00:00,,,,,350.5,-1.062,-1.5,23.01,-83.375,-5.375,-19.375,0.0,-0.007,-0.033,-0.5,0.08,9.49,-0.31,0.04,-0.46,-0.17,0.25,9.8,0.0775,-1.25,0.0,0.0,5.4,7.0,1016.69,66.84,-13.95
2025-03-24 18:33:16.671000+00:00,,,,,350.5,-1.062,-1.5,23.01,-83.375,-5.375,-19.375,0.0,-0.007,-0.033,-0.5,0.08,9.49,-0.31,0.04,-0.46,-0.17,0.25,9.8,0.0775,-1.25,0.0,0.0,5.4,7.0,1016.69,66.84,-13.95
2025-03-24 18:33:17.625000+00:00,,,,,350.5,-1.062,-1.5,23.01,-83.375,-5.375,-19.375,0.0,-0.007,-0.033,-0.5,0.08,9.49,-0.31,0.04,-0.46,-0.17,0.25,9.8,0.0775,-1.25,0.0,0.0,5.4,7.0,1016.69,66.84,-13.95
2025-03-24 18:33:18.675000+00:00,,,,,350.5,-1.062,-1.5,23.01,-83.375,-5.375,-19.375,0.0,-0.007,-0.033,-0.5,0.08,9.49,-0.31,0.04,-0.46,-0.17,0.25,9.8,0.0775,-1.25,0.0,0.0,5.4,7.0,1016.69,66.84,-13.95
2025-03-24 18:33:19.819000+00:00,,,,,350.5,-1.062,-1.5,23.01,-83.375,-5.375,-19.375,0.0,-0.007,-0.033,-0.5,0.08,9.49,-0.31,0.04,-0.46,-0.17,0.25,9.8,0.0775,-1.25,0.0,0.0,5.4,7.0,1016.69,66.84,-13.95
2025-03-24 18:33:20.973000+00:00,,,,,350.5,-1.062,-1.5,23.01,-83.375,-5.375,-19.375,0.0,-0.007,-0.033,-0.5,0.08,9.49,-0.31,0.04,-0.46,-0.17,0.25,9.8,0.0775,-1.25,0.0,0.0,5.4,7.0,1016.69,66.84,-13.95
2025-03-24 18:33:22.109000+00:00,,,,,350.5,-1.062,-1.5,23.01,-83.375,-5.375,-19.375,0.0,-0.007,-0.033,-0.5,0.08,9.49,-0.31,0.04,-0.46,-0.17,0.25,9.8,0.0775,-1.25,0.0,0.0,5.4,7.0,1016.69,66.84,-13.95
2025-03-24 18:33:23.284000+00:00,,,,,350.5,-1.062,-1.5,23.01,-83.375,-5.375,-19.375,0.0,-0.007,-0.033,-0.5,0.08,9.49,-0.31,0.04,-0.46,-0.17,0.25,9.8,0.0775,-1.25,0.0,0.0,5.4,7.0,1016.69,66.84,-13.95
2025-03-24 18:33:24.665000+00:00,,,,,350.5,-1.062,-1.5,23.01,-83.375,-5.375,-19.375,0.0,-0.007,-0.033,-0.5,0.08,9.49,-0.31,0.04,-0.46,-0.17,0.25,9.8,0.0775,-1.25,0.0,0.0,5.4,7.0,1016.69,66.84,-13.95
2025-03-24 18:33:25.685000+00:00,,,,,350.5,-1.062,-1.5,23.01,-83.375,-5.375,-19.375,0.0,-0.007,-0.033,-0.5,0.08,9.49,-0.31,0.04,-0.46,-0.17,0.25,9.8,0.0775,-1.25,0.0,0.0,5.4,7.0,1016.69,66.84,-13.95
2025-03-24 18:33:26.684000+00:00,,,,,350.5,-1.062,-1.5,23.01,-83.375,-5.375,-19.375,0.0,-0.007,-0.033,-0.5,0.08,9.49,-0.31,0.04,-0.46,-0.17,0.25,9.8,0.0775,-1.25,0.0,0.0,5.4,7.0,1016.69,66.84,-13.95
2025-03-24 18:33:27.744000+00:00,,,,,350.5,-1.062,-1.5,23.01,-83.375,-5.375,-19.375,0.0,-0.007,-0.033,-0.5,0.08,9.49,-0.31,0.04,-0.46,-0.17,0.25,9.8,0.0775,-1.25,0.0,0.0,5.4,7.0,1016.69,66.84,-13.95
2025-03-24 18:32:28.486000+00:00,,,,,350.5,-1.062,-1.5,23.01,-83.375,-5.375,-19.375,0.0,-0.007,-0.033,-0.5,0.08,9.49,-0.31,0.04,-0.46,-0.17,0.25,9.8,0.0775,-1.25,0.0,0.0,5.4,7.0,1016.69,66.84,-13.95
2025-03-24 18:32:29.641000+00:00,,,,,350.5,-1.062,-1.5,23.01,-83.375,-5.375,-19.375,0.0,-0.007,-0.033,-0.5,0.08,9.49,-0.31,0.04,-0.46,-0.17,0.25,9.8,0.0775,-1.25,0.0,0.0,5.4,7.0,1016.69,66.84,-13.95
2025-03-24 18:32:30.570000+00:00,,,,,350.5,-1.062,-1.5,23.01,-83.375,-5.375,-19.375,0.0,-0.007,-0.033,-0.5,0.08,9.49,-0.31,0.04,-0.46,-0.17,0.25,9.8,0.0775,-1.25,0.0,0.0,5.4,7.0,1016.69,66.84,-13.95
2025-03-24 18:32:31.729000+00:00,,,,,350.5,-1.062,-1.5,23.01,-83.375,-5.375,-19.375,0.0,-0.007,-0.033,-0.5,0.08,9.49,-0.31,0.04,-0.46,-0.17,0.25,9.8,0.0775,-1.25,0.0,0.0,5.4,7.0,1016.69,66.84,-13.95
2025-03-24 18:32:32.768000+00:00,,,,,350.5,-1.062,-1.5,23.01,-83.375,-5.375,-19.375,0.0,-0.007,-0.033,-0.5,0.08,9.49,-0.31,0.04,-0.46,-0.17,0.25,9.8,0.0775,-1.25,0.0,0.0,5.4,7.0,1016.69,66.84,-13.95
2025-03-24 18:32:33.813000+00:00,,,,,350.5,-1.062,-1.5,23.01,-83.375,-5.375,-19.375,0.0,-0.007,-0.033,-0.5,0.08,9.49,-0.31,0.04,-0.46,-0.17,0.25,9.8,0.0775,-1.25,0.0,0.0,5.4,7.0,1016.69,66.84,-13.95
2025-03-24 18:32:34.759000+00:00,,,,,350.5,-1.062,-1.5,23.01,-83.375,-5.375,-19.375,0.0,-0.007,-0.033,-0.5,0.08,9.49,-0.31,0.04,-0.46,-0.17,0.25,9.8,0.0775,-1.25,0.0,0.0,5.4,7.0,1016.69,66.84,-13.95
2025-03-24 18:32:36.275000+00:00,,,,,350.5,-1.062,-1.5,23.01,-83.375,-5.375,-19.375,0.0,-0.007,-0.033,-0.5,0.08,9.49,-0.31,0.04,-0.46,-0.17,0.25,9.8,0.0775,-1.25,0.0,0.0,5.4,7.0,1016.69,66.84,-13.95
2025-03-24 18:32:37.408000+00:00,,,,,350.5,-1.062,-1.5,23.01,-83.375,-5.375,-19.375,0.0,-0.007,-0.033,-0.5,0.08,9.49,-0.31,0.04,-0.46,-0.17,0.25,9.8,0.0775,-1.25,0.0,0.0,5.4,7.0,1016.69,66.84,-13.95
2025-03-24 18:32:38.425000+00:00,,,,,350.5,-1.062,-1.5,23.01,-83.375,-5.375,-19.375,0.0,-0.007,-0.033,-0.5,0.08,9.49,-0.31,0.04,-0.46,-0.17,0.25,9.8,0.0775,-1.25,0.0,0.0,5.4,7.0,1016.69,66.84,-13.95
2025-03-24 18:32:39.650000+00:00,,,,,350.5,-1.062,-1.5,23.01,-83.375,-5.375,-19.375,0.0,-0.007,-0.033,-0.5,0.08,9.49,-0.31,0.04,-0.46,-0.17,0.25,9.8,0.0775,-1.25,0.0,0.0,5.4,7.0,1016.69,66.84,-13.95
2025-03-24 18:32:40.801000+00:00,,,,,350.5,-1.062,-1.5,23.01,-83.375,-5.375,-19.375,0.0,-0.007,-0.033,-0.5,0.08,9.49,-0.31,0.04,-0.46,-0.17,0.25,9.8,0.0775,-1.25,0.0,0.0,5.4,7.0,1016.69,66.84,-13.95
2025-03-24 18:32:41.719000+00:00,,,,,350.5,-1.062,-1.5,23.01,-83.375,-5.375,-19.375,0.0,-0.007,-0.033,-0.5,0.08,9.49,-0.31,0.04,-0.46,-0.17,0.25,9.8,0.0775,-1.25,0.0,0.0,5.4,7.0,1016.69,66.84,-13.95
2025-03-24 18:32:42.773000+00:00,,,,,350.5,-1.062,-1.5,23.01,-83.375,-5.375,-19.375,0.0,-0.007,-0.033,-0.5,0.08,9.49,-0.31,0.04,-0.46,-0.17,0.25,9.8,0.0775,-1.25,0.0,0.0,5.4,7.0,1016.69,66.84,-13.95
2025-03-24 18:32:43.920000+00:00,,,,,350.5,-1.062,-1.5,23.01,-83.375,-5.375,-19.375,0.0,-0.007,-0.033,-0.5,0.08,9.49,-0.31,0.04,-0.46,-0.17,0.25,9.8,0.0775,-1.25,0.0,0.0,5.4,7.0,1016.69,66.84,-13.95
2025-03-24 18:32:45.504000+00:00,,,,,350.5,-1.062,-1.5,23.01,-83.375,-5.375,-19.375,0.0,-0.007,-0.033,-0.5,0.08,9.49,-0.31,0.04,-0.46,-0.17,0.25,9.8,0.0775,-1.25,0.0,0.0,5.4,7.0,1016.69,66.84,-13.95
2025-03-24 18:32:46.508000+00:00,,,,,350.5,-1.062,-1.5,23.01,-83.375,-5.375,-19.375,0.0,-0.007,-0.033,-0.5,0.08,9.49,-0.31,0.04,-0.46,-0.17,0.25,9.8,0.0775,-1.25,0.0,0.0,5.4,7.0,1016.69,66.84,-13.95
2025-03-24 18:32:47.527000+00:00,,,,,350.5,-1.062,-1.5,23.01,-83.375,-5.375,-19.375,0.0,-0.007,-0.033,-0.5,0.08,9.49,-0.31,0.04,-0.46,-0.17,0.25,9.8,0.0775,-1.25,0.0,0.0,5.4,7.0,1016.69,66.84,-13.95
2025-03-24 18:32:48.509000+00:00,,,,,350.5,-1.062,-1.5,23.01,-83.375,-5.375,-19.375,0.0,-0.007,-0.033,-0.5,0.08,9.49,-0.31,0.04,-0.46,-0.17,0.25,9.8,0.0775,-1.25,0.0,0.0,5.4,7.0,1016.69,66.84,-13.95
2025-03-24 18:32:49.540000+00:00,,,,,350.5,-1.062,-1.5,23.01,-83.375,-5.375,-19.375,0.0,-0.007,-0.033,-0.5,0.08,9.49,-0.31,0.04,-0.46,-0.17,0.25,9.8,0.0775,-1.25,0.0,0.0,5.4,7.0,1016.69,66.84,-13.95
2025-03-24 18:32:50.687000+00:00,,,,,350.5,-1.062,-1.5,23.01,-83.375,-5.375,-19.375,0.0,-0.007,-0.033,-0.5,0.08,9.49,-0.31,0.04,-0.46,-0.17,0.25,9.8,0.0775,-1.25,0.0,0.0,5.4,7.0,1016.69,66.84,-13.95
2025-03-24 18:32:51.841000+00:00,,,,,350.5,-1.062,-1.5,23.01,-83.375,-5.375,-19.375,0.0,-0.007,-0.033,-0.5,0.08,9.49,-0.31,0.04,-0.46,-0.17,0.25,9.8,0.0775,-1.25,0.0,0.0,5.4,7.0,1016.69,66.84,-13.95
2025-03-24 18:32:52.779000+00:00,,,,,350.5,-1.062,-1.5,23.01,-83.375,-5.375,-19.375,0.0,-0.007,-0.033,-0.5,0.08,9.49,-0.31,0.04,-0.46,-0.17,0.25,9.8,0.0775,-1.25,0.0,0.0,5.4,7.0,1016.69,66.84,-13.95
2025-03-24 18:32:53.928000+00:00,,,,,350.5,-1.062,-1.5,23.01,-83.375,-5.375,-19.375,0.0,-0.007,-0.033,-0.5,0.08,9.49,-0.31,0.04,-0.46,-0.17,0.25,9.8,0.0775,-1.25,0.0,0.0,5.4,7.0,1016.69,66.84,-13.95
2025-03-24 18:32:54.968000+00:00,,,,,350.5,-1.062,-1.5,23.01,-83.375,-5.375,-19.375,0.0,-0.007,-0.033,-0.5,0.08,9.49,-0.31,0.04,-0.46,-0.17,0.25,9.8,0.0775,-1.25,0.0,0.0,5.4,7.0,1016.69,66.84,-13.95
2025-03-24 18:32:56.613000+00:00,,,,,350.5,-1.062,-1.5,23.01,-83.375,-5.375,-19.375,0.0,-0.007,-0.033,-0.5,0.08,9.49,-0.31,0.04,-0.46,-0.17,0.25,9.8,0.0775,-1.25,0.0,0.0,5.4,7.0,1016.69,66.84,-13.95
2025-03-24 18:32:57.597000+00:00,,,,,350.5,-1.062,-1.5,23.01,-83.375,-5.375,-19.375,0.0,-0.007,-0.033,-0.5,0.08,9.49,-0.31,0.04,-0.46,-0.17,0.25,9.8,0.0775,-1.25,0.0,0.0,5.4,7.0,1016.69,66.84,-13.95
2025-03-24 18:32:58.607000+00:00,,,,,350.5,-1.062,-1.5,23.01,-83.375,-5.375,-19.375,0.0,-0.007,-0.033,-0.5,0.08,9.49,-0.31,0.04,-0.46,-0.17,0.25,9.8,0.0775,-1.25,0.0,0.0,5.4,7.0,1016.69,66.84,-13.95
2025-03-24 18:32:59.626000+00:00,,,,,350.5,-1.062,-1.5,23.01,-83.375,-5.375,-19.375,0.0,-0.007,-0.033,-0.5,0.08,9.49,-0.31,0.04,-0.46,-0.17,0.25,9.8,0.0775,-1.25,0.0,0.0,5.4,7.0,1016.69,66.84,-13.95
2025-03-24 18:33:00.627000+00:00,,,,,350.5,-1.062,-1.5,23.01,-83.375,-5.375,-19.375,0.0,-0.007,-0.033,-0.5,0.08,9.49,-0.31,0.04,-0.46,-0.17,0.25,9.8,0.0775,-1.25,0.0,0.0,5.4,7.0,1016.69,66.84,-13.95
2025-03-24 18:33:01.647000+00:00,,,,,350.5,-1.062,-1.5,23.01,-83.375,-5.375,-19.375,0.0,-0.007,-0.033,-0.5,0.08,9.49,-0.31,0.04,-0.46,-0.17,0.25,9.8,0.0775,-1.25,0.0,0.0,5.4,7.0,1016.69,66.84,-13.95
2025-03-24 18:33:02.782000+00:00,,,,,350.5,-1.062,-1.5,23.01,-83.375,-5.375,-19.375,0.0,-0.007,-0.033,-0.5,0.08,9.49,-0.31,0.04,-0.46,-0.17,0.25,9.8,0.0775,-1.25,0.0,0.0,5.4,7.0,1016.69,66.84,-13.95
2025-03-24 18:33:03.930000+00:00,,,,,350.5,-1.062,-1.5,23.01,-83.375,-5.375,-19.375,0.0,-0.007,-0.033,-0.5,0.08,9.49,-0.31,0.04,-0.46,-0.17,0.25,9.8,0.0775,-1.25,0.0,0.0,5.4,7.0,1016.69,66.84,-13.95
2025-03-24 18:33:04.974000+00:00,,,,,350.5,-1.062,-1.5,23.01,-83.375,-5.375,-19.375,0.0,-0.007,-0.033,-0.5,0.08,9.49,-0.31,0.04,-0.46,-0.17,0.25,9.8,0.0775,-1.25,0.0,0.0,5.4,7.0,1016.69,66.84,-13.95
2025-03-24 18:33:06.277000+00:00,,,,,350.5,-1.062,-1.5,23.01,-83.375,-5.375,-19.375,0.0,-0.007,-0.033,-0.5,0.08,9.49,-0.31,0.04,-0.46,-0.17,0.25,9.8,0.0775,-1.25,0.0,0.0,5.4,7.0,1016.69,66.84,-13.95
2025-03-24 18:33:07.656000+00:00,,,,,350.5,-1.062,-1.5,23.01,-83.375,-5.375,-19.375,0.0,-0.007,-0.033,-0.5,0.08,9.49,-0.31,0.04,-0.46,-0.17,0.25,9.8,0.0775,-1.25,0.0,0.0,5.4,7.0,1016.69,66.84,-13.95
2025-03-24 18:33:08.656000+00:00,,,,,350.5,-1.062,-1.5,23.01,-83.375,-5.375,-19.375,0.0,-0.007,-0.033,-0.5,0.08,9.49,-0.31,0.04,-0.46,-0.17,0.25,9.8,0.0775,-1.25,0.0,0.0,5.4,7.0,1016.69,66.84,-13.95
2025-03-24 18:33:09.887000+00:00,,,,,350.5,-1.062,-1.5,23.01,-83.375,-5.375,-19.375,0.0,-0.007,-0.033,-0.5,0.08,9.49,-0.31,0.04,-0.46,-0.17,0.25,9.8,0.0775,-1.25,0.0,0.0,5.4,7.0,1016.69,66.84,-13.95
2025-03-24 18:33:11.017000+00:00,,,,,350.5,-1.062,-1.5,23.01,-83.375,-5.375,-19.375,0.0,-0.007,-0.033,-0.5,0.08,9.49,-0.31,0.04,-0.46,-0.17,0.25,9.8,0.0775,-1.25,0.0,0.0,5.4,7.0,1016.69,66.84,-13.95
2025-03-24 18:33:12.295000+00:00,,,,,350.5,-1.062,-1.5,23.01,-83.375,-5.375,-19.375,0.0,-0.007,-0.033,-0.5,0.08,9.49,-0.31,0.04,-0.46,-0.17,0.25,9.8,0.0775,-1.25,0.0,0.0,5.4,7.0,1016.69,66.84,-13.95
2025-03-24 18:33:13.097000+00:00,,,,,350.5,-1.062,-1.5,23.01,-83.375,-5.375,-19.375,0.0,-0.007,-0.033,-0.5,0.08,9.49,-0.31,0.04,-0.46,-0.17,0.25,9.8,0.0775,-1.25,0.0,0.0,5.4,7.0,1016.69,66.84,-13.95
2025-03-24 18:33:14.306000+00:00,,,,,350.5,-1.062,-1.5,23.01,-83.375,-5.375,-19.375,0.0,-0.007,-0.033,-0.5,0.08,9.49,-0.31,0.04,-0.46,-0.17,0.25,9.8,0.0775,-1.25,0.0,0.0,5.4,7.0,1016.69,66.84,-13.95
2025-03-24 18:33:15.656000+00:00,,,,,350.5,-1.062,-1.5,23.01,-83.375,-5.375,-19.375,0.0,-0.007,-0.033,-0.5,0.08,9.49,-0.31,0.04,-0.46,-0.17,0.25,9.8,0.0775,-1.25,0.0,0.0,5.4,7.0,1016.69,66.84,-13.95
2025-03-24 18:33:16.715000+00:00,,,,,350.5,-1.062,-1.5,23.01,-83.375,-5.375,-19.375,0.0,-0.007,-0.033,-0.5,0.08,9.49,-0.31,0.04,-0.46,-0.17,0.25,9.8,0.0775,-1.25,0.0,0.0,5.4,7.0,1016.69,66.84,-13.95
2025-03-24 18:33:17.681000+00:00,,,,,350.5,-1.062,-1.5,23.01,-83.375,-5.375,-19.375,0.0,-0.007,-0.033,-0.5,0.08,9.49,-0.31,0.04,-0.46,-0.17,0.25,9.8,0.0775,-1.25,0.0,0.0,5.4,7.0,1016.69,66.84,-13.95
2025-03-24 18:33:18.732000+00:00,,,,,350.5,-1.062,-1.5,23.01,-83.375,-5.375,-19.375,0.0,-0.007,-0.033,-0.5,0.08,9.49,-0.31,0.04,-0.46,-0.17,0.25,9.8,0.0775,-1.25,0.0,0.0,5.4,7.0,1016.69,66.84,-13.95
2025-03-24 18:33:19.865000+00:00,,,,,350.5,-1.062,-1.5,23.01,-83.375,-5.375,-19.375,0.0,-0.007,-0.033,-0.5,0.08,9.49,-0.31,0.04,-0.46,-0.17,0.25,9.8,0.0775,-1.25,0.0,0.0,5.4,7.0,1016.69,66.84,-13.95
2025-03-24 18:33:21.024000+00:00,,,,,350.5,-1.062,-1.5,23.01,-83.375,-5.375,-19.375,0.0,-0.007,-0.033,-0.5,0.08,9.49,-0.31,0.04,-0.46,-0.17,0.25,9.8,0.0775,-1.25,0.0,0.0,5.4,7.0,1016.69,66.84,-13.95
2025-03-24 18:33:22.179000+00:00,,,,,350.5,-1.062,-1.5,23.01,-83.375,-5.375,-19.375,0.0,-0.007,-0.033,-0.5,0.08,9.49,-0.31,0.04,-0.46,-0.17,0.25,9.8,0.0775,-1.25,0.0,0.0,5.4,7.0,1016.69,66.84,-13.95
2025-03-24 18:33:23.334000+00:00,,,,,350.5,-1.062,-1.5,23.01,-83.375,-5.375,-19.375,0.0,-0.007,-0.033,-0.5,0.08,9.49,-0.31,0.04,-0.46,-0.17,0.25,9.8,0.0775,-1.25,0.0,0.0,5.4,7.0,1016.69,66.84,-13.95
2025-03-24 18:33:24.715000+00:00,,,,,350.5,-1.062,-1.5,23.01,-83.375,-5.375,-19.375,0.0,-0.007,-0.033,-0.5,0.08,9.49,-0.31,0.04,-0.46,-0.17,0.25,9.8,0.0775,-1.25,0.0,0.0,5.4,7.0,1016.69,66.84,-13.95
2025-03-24 18:33:25.734000+00:00,,,,,350.5,-1.062,-1.5,23.01,-83.375,-5.375,-19.375,0.0,-0.007,-0.033,-0.5,0.08,9.49,-0.31,0.04,-0.46,-0.17,0.25,9.8,0.0775,-1.25,0.0,0.0,5.4,7.0,1016.69,66.84,-13.95
2025-03-24 18:33:26.734000+00:00,,,,,350.5,-1.062,-1.5,23.01,-83.375,-5.375,-19.375,0.0,-0.007,-0.033,-0.5,0.08,9.49,-0.31,0.04,-0.46,-0.17,0.25,9.8,0.0775,-1.25,0.0,0.0,5.4,7.0,1016.69,66.84,-13.95
2025-03-24 18:33:27.794000+00:00,,,,,350.5,-1.062,-1.5,23.01,-83.375,-5.375,-19.375,0.0,-0.007,-0.033,-0.5,0.08,9.49,-0.31,0.04,-0.46,-0.17,0.25,9.8,0.0775,-1.25,0.0,0.0,5.4,7.0,1016.69,66.84,-13.95
2025-03-24 18:32:28.665000+00:00,,,,,350.5,-1.062,-1.5,23.01,-83.375,-5.375,-19.375,0.0,-0.007,-0.033,-0.5,0.08,9.49,-0.31,0.04,-0.46,-0.17,0.25,9.8,0.0775,-1.25,0.0,0.0,5.4,7.0,1016.69,66.84,-13.95
2025-03-24 18:32:29.799000+00:00,,,,,350.5,-1.062,-1.5,23.01,-83.375,-5.375,-19.375,0.0,-0.007,-0.033,-0.5,0.08,9.49,-0.31,0.04,-0.46,-0.17,0.25,9.8,0.0775,-1.25,0.0,0.0,5.4,7.0,1016.69,66.84,-13.95
2025-03-24 18:32:30.739000+00:00,,,,,350.5,-1.062,-1.5,23.01,-83.375,-5.375,-19.375,0.0,-0.007,-0.033,-0.5,0.08,9.49,-0.31,0.04,-0.46,-0.17,0.25,9.8,0.0775,-1.25,0.0,0.0,5.4,7.0,1016.69,66.84,-13.95
2025-03-24 18:32:31.879000+00:00,,,,,350.5,-1.062,-1.5,23.01,-83.375,-5.375,-19.375,0.0,-0.007,-0.033,-0.5,0.08,9.49,-0.31,0.04,-0.46,-0.17,0.25,9.8,0.0775,-1.25,0.0,0.0,5.4,7.0,1016.69,66.84,-13.95
2025-03-24 18:32:32.930000+00:00,,,,,350.5,-1.062,-1.5,23.01,-83.375,-5.375,-19.375,0.0,-0.007,-0.033,-0.5,0.08,9.49,-0.31,0.04,-0.46,-0.17,0.25,9.8,0.0775,-1.25,0.0,0.0,5.4,7.0,1016.69,66.84,-13.95
2025-03-24 18:32:33.959000+00:00,,,,,350.5,-1.062,-1.5,23.01,-83.375,-5.375,-19.375,0.0,-0.007,-0.033,-0.5,0.08,9.49,-0.31,0.04,-0.46,-0.17,0.25,9.8,0.0775,-1.25,0.0,0.0,5.4,7.0,1016.69,66.84,-13.95
2025-03-24 18:32:34.908000+00:00,,,,,350.5,-1.062,-1.5,23.01,-83.375,-5.375,-19.375,0.0,-0.007,-0.033,-0.5,0.08,9.49,-0.31,0.04,-0.46,-0.17,0.25,9.8,0.0775,-1.25,0.0,0.0,5.4,7.0,1016.69,66.84,-13.95
2025-03-24 18:32:36.445000+00:00,,,,,350.5,-1.062,-1.5,23.01,-83.375,-5.375,-19.375,0.0,-0.007,-0.033,-0.5,0.08,9.49,-0.31,0.04,-0.46,-0.17,0.25,9.8,0.0775,-1.25,0.0,0.0,5.4,7.0,1016.69,66.84,-13.95
2025-03-24 18:32:37.569000+00:00,,,,,350.5,-1.062,-1.5,23.01,-83.375,-5.375,-19.375,0.0,-0.007,-0.033,-0.5,0.08,9.49,-0.31,0.04,-0.46,-0.17,0.25,9.8,0.0775,-1.25,0.0,0.0,5.4,7.0,1016.69,66.84,-13.95
2025-03-24 18:32:38.595000+00:00,,,,,350.5,-1.062,-1.5,23.01,-83.375,-5.375,-19.375,0.0,-0.007,-0.033,-0.5,0.08,9.49,-0.31,0.04,-0.46,-0.17,0.25,9.8,0.0775,-1.25,0.0,0.0,5.4,7.0,1016.69,66.84,-13.95
2025-03-24 18:32:39.809000+00:00,,,,,350.5,-1.062,-1.5,23.01,-83.375,-5.375,-19.375,0.0,-0.007,-0.033,-0.5,0.08,9.49,-0.31,0.04,-0.46,-0.17,0.25,9.8,0.0775,-1.25,0.0,0.0,5.4,7.0,1016.65,66.84,-13.95
2025-03-24 18:32:40.958000+00:00,,,,,350.5,-1.062,-1.5,23.01,-83.375,-5.375,-19.375,0.0,-0.007,-0.033,-0.5,0.08,9.49,-0.31,0.04,-0.46,-0.17,0.25,9.8,0.0775,-1.25,0.0,0.0,5.4,7.0,1016.65,66.84,-13.95
2025-03-24 18:32:41.868000+00:00,,,,,350.5,-1.062,-1.5,23.01,-83.375,-5.375,-19.375,0.0,-0.007,-0.033,-0.5,0.08,9.49,-0.31,0.04,-0.46,-0.17,0.25,9.8,0.0775,-1.25,0.0,0.0,5.4,7.0,1016.65,66.84,-13.95
2025-03-24 18:32:42.938000+00:00,,,,,350.5,-1.062,-1.5,23.01,-83.375,-5.375,-19.375,0.0,-0.007,-0.033,-0.5,0.08,9.49,-0.31,0.04,-0.46,-0.17,0.25,9.8,0.0775,-1.25,0.0,0.0,5.4,7.0,1016.65,66.84,-13.95
2025-03-24 18:32:44.068000+00:00,,,,,350.5,-1.062,-1.5,23.01,-83.375,-5.375,-19.375,0.0,-0.007,-0.033,-0.5,0.08,9.49,-0.31,0.04,-0.46,-0.17,0.25,9.8,0.0775,-1.25,0.0,0.0,5.4,7.0,1016.65,66.84,-13.95
2025-03-24 18:32:45.684000+00:00,,,,,350.5,-1.062,-1.5,23.01,-83.375,-5.375,-19.375,0.0,-0.007,-0.033,-0.5,0.08,9.49,-0.31,0.04,-0.46,-0.17,0.25,9.8,0.0775,-1.25,0.0,0.0,5.4,7.0,1016.65,66.84,-13.95
2025-03-24 18:32:46.674000+00:00,,,,,350.5,-1.062,-1.5,23.01,-83.375,-5.375,-19.375,0.0,-0.007,-0.033,-0.5,0.08,9.49,-0.31,0.04,-0.46,-0.17,0.25,9.8,0.0775,-1.25,0.0,0.0,5.4,7.0,1016.65,66.84,-13.95
2025-03-24 18:32:47.677000+00:00,,,,,350.5,-1.062,-1.5,23.01,-83.375,-5.375,-19.375,0.0,-0.007,-0.033,-0.5,0.08,9.49,-0.31,0.04,-0.46,-0.17,0.25,9.8,0.0775,-1.25,0.0,0.0,5.4,7.0,1016.65,66.84,-13.95
2025-03-24 18:32:48.684000+00:00,,,,,350.5,-1.062,-1.5,23.01,-83.375,-5.375,-19.375,0.0,-0.007,-0.033,-0.5,0.08,9.49,-0.31,0.04,-0.46,-0.17,0.25,9.8,0.0775,-1.25,0.0,0.0,5.4,7.0,1016.65,66.84,-13.95
2025-03-24 18:32:49.697000+00:00,,,,,350.5,-1.062,-1.5,23.01,-83.375,-5.375,-19.375,0.0,-0.007,-0.033,-0.5,0.08,9.49,-0.31,0.04,-0.46,-0.17,0.25,9.8,0.0775,-1.25,0.0,0.0,5.4,7.0,1016.65,66.84,-13.95
2025-03-24 18:32:50.848000+00:00,,,,,350.5,-1.062,-1.5,23.01,-83.375,-5.375,-19.375,0.0,-0.007,-0.033,-0.5,0.08,9.49,-0.31,0.04,-0.46,-0.17,0.25,9.8,0.0775,-1.25,0.0,0.0,5.4,7.0,1016.65,66.84,-13.95
2025-03-24 18:32:52.007000+00:00,,,,,350.5,-1.062,-1.5,23.01,-83.375,-5.375,-19.375,0.0,-0.007,-0.033,-0.5,0.08,9.49,-0.31,0.04,-0.46,-0.17,0.25,9.8,0.0775,-1.25,0.0,0.0,5.4,7.0,1016.65,66.84,-13.95
2025-03-24 18:32:52.928000+00:00,,,,,350.5,-1.062,-1.5,23.01,-83.375,-5.375,-19.375,0.0,-0.007,-0.033,-0.5,0.08,9.49,-0.31,0.04,-0.46,-0.17,0.25,9.8,0.0775,-1.25,0.0,0.0,5.4,7.0,1016.65,66.84,-13.95
2025-03-24 18:32:54.077000+00:00,,,,,350.5,-1.062,-1.5,23.01,-83.375,-5.375,-19.375,0.0,-0.007,-0.033,-0.5,0.08,9.49,-0.31,0.04,-0.46,-0.17,0.25,9.8,0.0775,-1.25,0.0,0.0,5.4,7.0,1016.65,66.84,-13.95
2025-03-24 18:32:55.117000+00:00,,,,,350.5,-1.062,-1.5,23.01,-83.375,-5.375,-19.375,0.0,-0.007,-0.033,-0.5,0.08,9.49,-0.31,0.04,-0.46,-0.17,0.25,9.8,0.0775,-1.25,0.0,0.0,5.4,7.0,1016.65,66.84,-13.95
2025-03-24 18:32:56.793000+00:00,,,,,350.5,-1.062,-1.5,23.01,-83.375,-5.375,-19.375,0.0,-0.007,-0.033,-0.5,0.08,9.49,-0.31,0.04,-0.46,-0.17,0.25,9.8,0.0775,-1.25,0.0,0.0,5.4,7.0,1016.65,66.84,-13.95
2025-03-24 18:32:57.753000+00:00,,,,,350.5,-1.062,-1.5,23.01,-83.375,-5.375,-19.375,0.0,-0.007,-0.033,-0.5,0.08,9.49,-0.31,0.04,-0.46,-0.17,0.25,9.8,0.0775,-1.25,0.0,0.0,5.4,7.0,1016.65,66.84,-13.95
2025-03-24 18:32:58.773000+00:00,,,,,350.5,-1.062,-1.5,23.01,-83.375,-5.375,-19.375,0.0,-0.007,-0.033,-0.5,0.08,9.49,-0.31,0.04,-0.46,-0.17,0.25,9.8,0.0775,-1.25,0.0,0.0,5.4,7.0,1016.65,66.84,-13.95
2025-03-24 18:32:59.776000+00:00,,,,,350.5,-1.062,-1.5,23.01,-83.375,-5.375,-19.375,0.0,-0.007,-0.033,-0.5,0.08,9.49,-0.31,0.04,-0.46,-0.17,0.25,9.8,0.0775,-1.25,0.0,0.0,5.4,7.0,1016.65,66.84,-13.95
2025-03-24 18:33:00.777000+00:00,,,,,350.5,-1.062,-1.5,23.01,-83.375,-5.375,-19.375,0.0,-0.007,-0.033,-0.5,0.08,9.49,-0.31,0.04,-0.46,-0.17,0.25,9.8,0.0775,-1.25,0.0,0.0,5.4,7.0,1016.65,66.84,-13.95
2025-03-24 18:33:01.823000+00:00,,,,,350.5,-1.062,-1.5,23.01,-83.375,-5.375,-19.375,0.0,-0.007,-0.033,-0.5,0.08,9.49,-0.31,0.04,-0.46,-0.17,0.25,9.8,0.0775,-1.25,0.0,0.0,5.4,7.0,1016.65,66.84,-13.95
2025-03-24 18:33:02.927000+00:00,,,,,350.5,-1.062,-1.5,23.01,-83.375,-5.375,-19.375,0.0,-0.007,-0.033,-0.5,0.08,9.49,-0.31,0.04,-0.46,-0.17,0.25,9.8,0.0775,-1.25,0.0,0.0,5.4,7.0,1016.65,66.84,-13.95
2025-03-24 18:33:04.087000+00:00,,,,,350.5,-1.062,-1.5,23.01,-83.375,-5.375,-19.375,0.0,-0.007,-0.033,-0.5,0.08,9.49,-0.31,0.04,-0.46,-0.17,0.25,9.8,0.0775,-1.25,0.0,0.0,5.4,7.0,1016.65,66.84,-13.95
2025-03-24 18:33:05.126000+00:00,,,,,350.5,-1.062,-1.5,23.01,-83.375,-5.375,-19.375,0.0,-0.007,-0.033,-0.5,0.08,9.49,-0.31,0.04,-0.46,-0.17,0.25,9.8,0.0775,-1.25,0.0,0.0,5.4,7.0,1016.65,66.84,-13.95
2025-03-24 18:33:06.443000+00:00,,,,,350.5,-1.062,-1.5,23.01,-83.375,-5.375,-19.375,0.0,-0.007,-0.033,-0.5,0.08,9.49,-0.31,0.04,-0.46,-0.17,0.25,9.8,0.0775,-1.25,0.0,0.0,5.4,7.0,1016.65,66.84,-13.95
2025-03-24 18:33:07.823000+00:00,,,,,350.5,-1.062,-1.5,23.01,-83.375,-5.375,-19.375,0.0,-0.007,-0.033,-0.5,0.08,9.49,-0.31,0.04,-0.46,-0.17,0.25,9.8,0.0775,-1.25,0.0,0.0,5.4,7.0,1016.65,66.84,-13.95
2025-03-24 18:33:08.836000+00:00,,,,,350.5,-1.062,-1.5,23.01,-83.375,-5.375,-19.375,0.0,-0.007,-0.033,-0.5,0.08,9.49,-0.31,0.04,-0.46,-0.17,0.25,9.8,0.0775,-1.25,0.0,0.0,5.4,7.0,1016.65,66.84,-13.95
2025-03-24 18:33:10.036000+00:00,,,,,350.5,-1.062,-1.5,23.01,-83.375,-5.375,-19.375,0.0,-0.007,-0.033,-0.5,0.08,9.49,-0.31,0.04,-0.46,-0.17,0.25,9.8,0.0775,-1.25,0.0,0.0,5.4,7.0,1016.67,66.84,-13.95
2025-03-24 18:33:11.176000+00:00,,,,,350.5,-1.062,-1.5,23.01,-83.375,-5.375,-19.375,0.0,-0.007,-0.033,-0.5,0.08,9.49,-0.31,0.04,-0.46,-0.17,0.25,9.8,0.0775,-1.25,0.0,0.0,5.4,7.0,1016.67,66.84,-13.95
2025-03-24 18:33:12.452000+00:00,,,,,350.5,-1.062,-1.5,23.01,-83.375,-5.375,-19.375,0.0,-0.007,-0.033,-0.5,0.08,9.49,-0.31,0.04,-0.46,-0.17,0.25,9.8,0.0775,-1.25,0.0,0.0,5.4,7.0,1016.67,66.84,-13.95
2025-03-24 18:33:13.259000+00:00,,,,,350.5,-1.062,-1.5,23.01,-83.375,-5.375,-19.375,0.0,-0.007,-0.033,-0.5,0.08,9.49,-0.31,0.04,-0.46,-0.17,0.25,9.8,0.0775,-1.25,0.0,0.0,5.4,7.0,1016.67,66.84,-13.95
2025-03-24 18:33:14.462000+00:00,,,,,350.5,-1.062,-1.5,23.01,-83.375,-5.375,-19.375,0.0,-0.007,-0.033,-0.5,0.08,9.49,-0.31,0.04,-0.46,-0.17,0.25,9.8,0.0775,-1.25,0.0,0.0,5.4,7.0,1016.67,66.84,-13.95
2025-03-24 18:33:15.805000+00:00,,,,,350.5,-1.062,-1.5,23.01,-83.375,-5.375,-19.375,0.0,-0.007,-0.033,-0.5,0.08,9.49,-0.31,0.04,-0.46,-0.17,0.25,9.8,0.0775,-1.25,0.0,0.0,5.4,7.0,1016.67,66.84,-13.95
2025-03-24 18:33:16.876000+00:00,,,,,350.5,-1.062,-1.5,23.01,-83.375,-5.375,-19.375,0.0,-0.007,-0.033,-0.5,0.08,9.49,-0.31,0.04,-0.46,-0.17,0.25,9.8,0.0775,-1.25,0.0,0.0,5.4,7.0,1016.67,66.84,-13.95
2025-03-24 18:33:17.844000+00:00,,,,,350.5,-1.062,-1.5,23.01,-83.375,-5.375,-19.375,0.0,-0.007,-0.033,-0.5,0.08,9.49,-0.31,0.04,-0.46,-0.17,0.25,9.8,0.0775,-1.25,0.0,0.0,5.4,7.0,1016.67,66.84,-13.95
2025-03-24 18:33:18.885000+00:00,,,,,350.5,-1.062,-1.5,23.01,-83.375,-5.375,-19.375,0.0,-0.007,-0.033,-0.5,0.08,9.49,-0.31,0.04,-0.46,-0.17,0.25,9.8,0.0775,-1.25,0.0,0.0,5.4,7.0,1016.67,66.84,-13.95
2025-03-24 18:33:20.037000+00:00,,,,,350.5,-1.062,-1.5,23.01,-83.375,-5.375,-19.375,0.0,-0.007,-0.033,-0.5,0.08,9.49,-0.31,0.04,-0.46,-0.17,0.25,9.8,0.0775,-1.25,0.0,0.0,5.4,7.0,1016.67,66.84,-13.95
2025-03-24 18:33:21.185000+00:00,,,,,350.5,-1.062,-1.5,23.01,-83.375,-5.375,-19.375,0.0,-0.007,-0.033,-0.5,0.08,9.49,-0.31,0.04,-0.46,-0.17,0.25,9.8,0.0775,-1.25,0.0,0.0,5.4,7.0,1016.67,66.84,-13.95
2025-03-24 18:33:22.324000+00:00,,,,,350.5,-1.062,-1.5,23.01,-83.375,-5.375,-19.375,0.0,-0.007,-0.033,-0.5,0.08,9.49,-0.31,0.04,-0.46,-0.17,0.25,9.8,0.0775,-1.25,0.0,0.0,5.4,7.0,1016.67,66.84,-13.95
2025-03-24 18:33:23.485000+00:00,,,,,350.5,-1.062,-1.5,23.01,-83.375,-5.375,-19.375,0.0,-0.007,-0.033,-0.5,0.08,9.49,-0.31,0.04,-0.46,-0.17,0.25,9.8,0.0775,-1.25,0.0,0.0,5.4,7.0,1016.67,66.84,-13.95
2025-03-24 18:33:24.864000+00:00,,,,,350.5,-1.062,-1.5,23.01,-83.375,-5.375,-19.375,0.0,-0.007,-0.033,-0.5,0.08,9.49,-0.31,0.04,-0.46,-0.17,0.25,9.8,0.0775,-1.25,0.0,0.0,5.4,7.0,1016.67,66.84,-13.95
2025-03-24 18:33:25.884000+00:00,,,,,350.5,-1.062,-1.5,23.01,-83.375,-5.375,-19.375,0.0,-0.007,-0.033,-0.5,0.08,9.49,-0.31,0.04,-0.46,-0.17,0.25,9.8,0.0775,-1.25,0.0,0.0,5.4,7.0,1016.67,66.84,-13.95
2025-03-24 18:33:26.894000+00:00,,,,,350.5,-1.062,-1.5,23.01,-83.375,-5.375,-19.375,0.0,-0.007,-0.033,-0.5,0.08,9.49,-0.31,0.04,-0.46,-0.17,0.25,9.8,0.0775,-1.25,0.0,0.0,5.4,7.0,1016.67,66.84,-13.95
2025-03-24 18:33:27.955000+00:00,,,,,350.5,-1.062,-1.5,23.01,-83.375,-5.375,-19.375,0.0,-0.007,-0.033,-0.5,0.08,9.49,-0.31,0.04,-0.46,-0.17,0.25,9.8,0.0775,-1.25,0.0,0.0,5.4,7.0,1016.67,66.84,-13.95
2025-03-24 18:32:28.606000+00:00,,,,,350.5,-1.062,-1.5,23.01,-83.375,-5.375,-19.375,0.0,-0.007,-0.033,-0.5,0.08,9.49,-0.31,0.04,-0.46,-0.17,0.25,9.8,0.0775,-1.25,0.0,0.0,5.4,7.0,1016.67,66.84,-13.95
2025-03-24 18:32:29.748000+00:00,,,,,350.5,-1.062,-1.5,23.01,-83.375,-5.375,-19.375,0.0,-0.007,-0.033,-0.5,0.08,9.49,-0.31,0.04,-0.46,-0.17,0.25,9.8,0.0775,-1.25,0.0,0.0,5.4,7.0,1016.67,66.84,-13.95
2025-03-24 18:32:30.679000+00:00,,,,,350.5,-1.062,-1.5,23.01,-83.375,-5.375,-19.375,0.0,-0.007,-0.033,-0.5,0.08,9.49,-0.31,0.04,-0.46,-0.17,0.25,9.8,0.0775,-1.25,0.0,0.0,5.4,7.0,1016.67,66.84,-13.95
2025-03-24 18:32:31.829000+00:00,,,,,350.5,-1.062,-1.5,23.01,-83.375,-5.375,-19.375,0.0,-0.007,-0.033,-0.5,0.08,9.49,-0.31,0.04,-0.46,-0.17,0.25,9.8,0.0775,-1.25,0.0,0.0,5.4,7.0,1016.67,66.84,-13.95
2025-03-24 18:32:32.868000+00:00,,,,,350.5,-1.062,-1.5,23.01,-83.375,-5.375,-19.375,0.0,-0.007,-0.033,-0.5,0.08,9.49,-0.31,0.04,-0.46,-0.17,0.25,9.8,0.0775,-1.25,0.0,0.0,5.4,7.0,1016.67,66.84,-13.95
2025-03-24 18:32:33.909000+00:00,,,,,350.5,-1.062,-1.5,23.01,-83.375,-5.375,-19.375,0.0,-0.007,-0.033,-0.5,0.08,9.49,-0.31,0.04,-0.46,-0.17,0.25,9.8,0.0775,-1.25,0.0,0.0,5.4,7.0,1016.67,66.84,-13.95
2025-03-24 18:32:34.858000+00:00,,,,,350.5,-1.062,-1.5,23.01,-83.375,-5.375,-19.375,0.0,-0.007,-0.033,-0.5,0.08,9.49,-0.31,0.04,-0.46,-0.17,0.25,9.8,0.0775,-1.25,0.0,0.0,5.4,7.0,1016.67,66.84,-13.95
2025-03-24 18:32:36.385000+00:00,,,,,350.5,-1.062,-1.5,23.01,-83.375,-5.375,-19.375,0.0,-0.007,-0.033,-0.5,0.08,9.49,-0.31,0.04,-0.46,-0.17,0.25,9.8,0.0775,-1.25,0.0,0.0,5.4,7.0,1016.67,66.84,-13.95
2025-03-24 18:32:37.523000+00:00,,,,,350.5,-1.062,-1.5,23.01,-83.375,-5.375,-19.375,0.0,-0.007,-0.033,-0.5,0.08,9.49,-0.31,0.04,-0.46,-0.17,0.25,9.8,0.0775,-1.25,0.0,0.0,5.4,7.0,1016.67,66.84,-13.95
2025-03-24 18:32:38.529000+00:00,,,,,350.5,-1.062,-1.5,23.01,-83.375,-5.375,-19.375,0.0,-0.007,-0.033,-0.5,0.08,9.49,-0.31,0.04,-0.46,-0.17,0.25,9.8,0.0775,-1.25,0.0,0.0,5.4,7.0,1016.67,66.84,-13.95
2025-03-24 18:32:39.758000+00:00,,,,,350.5,-1.062,-1.5,23.01,-83.375,-5.375,-19.375,0.0,-0.007,-0.033,-0.5,0.08,9.49,-0.31,0.04,-0.46,-0.17,0.25,9.8,0.0775,-1.25,0.0,0.0,5.4,7.0,1016.67,66.84,-13.95
2025-03-24 18:32:40.908000+00:00,,,,,350.5,-1.062,-1.5,23.01,-83.375,-5.375,-19.375,0.0,-0.007,-0.033,-0.5,0.08,9.49,-0.31,0.04,-0.46,-0.17,0.25,9.8,0.0775,-1.25,0.0,0.0,5.4,7.0,1016.67,66.86,-13.95
2025-03-24 18:32:41.818000+00:00,,,,,350.5,-1.062,-1.5,23.01,-83.375,-5.375,-19.375,0.0,-0.007,-0.033,-0.5,0.08,9.49,-0.31,0.04,-0.46,-0.17,0.25,9.8,0.0775,-1.25,0.0,0.0,5.4,7.0,1016.67,66.86,-13.95
2025-03-24 18:32:42.885000+00:00,,,,,350.5,-1.062,-1.5,23.01,-83.375,-5.375,-19.375,0.0,-0.007,-0.033,-0.5,0.08,9.49,-0.31,0.04,-0.46,-0.17,0.25,9.8,0.0775,-1.25,0.0,0.0,5.4,7.0,1016.67,66.86,-13.95
2025-03-24 18:32:44.018000+00:00,,,,,350.5,-1.062,-1.5,23.01,-83.375,-5.375,-19.375,0.0,-0.007,-0.033,-0.5,0.08,9.49,-0.31,0.04,-0.46,-0.17,0.25,9.8,0.0775,-1.25,0.0,0.0,5.4,7.0,1016.67,66.86,-13.95
2025-03-24 18:32:45.624000+00:00,,,,,350.5,-1.062,-1.5,23.01,-83.375,-5.375,-19.375,0.0,-0.007,-0.033,-0.5,0.08,9.49,-0.31,0.04,-0.46,-0.17,0.25,9.8,0.0775,-1.25,0.0,0.0,5.4,7.0,1016.67,66.86,-13.95
2025-03-24 18:32:46.615000+00:00,,,,,350.5,-1.062,-1.5,23.01,-83.375,-5.375,-19.375,0.0,-0.007,-0.033,-0.5,0.08,9.49,-0.31,0.04,-0.46,-0.17,0.25,9.8,0.0775,-1.25,0.0,0.0,5.4,7.0,1016.67,66.86,-13.95
2025-03-24 18:32:47.627000+00:00,,,,,350.5,-1.062,-1.5,23.01,-83.375,-5.375,-19.375,0.0,-0.007,-0.033,-0.5,0.08,9.49,-0.31,0.04,-0.46,-0.17,0.25,9.8,0.0775,-1.25,0.0,0.0,5.4,7.0,1016.67,66.86,-13.95
2025-03-24 18:32:48.624000+00:00,,,,,350.5,-1.062,-1.5,23.01,-83.375,-5.375,-19.375,0.0,-0.007,-0.033,-0.5,0.08,9.49,-0.31,0.04,-0.46,-0.17,0.25,9.8,0.0775,-1.25,0.0,0.0,5.4,7.0,1016.67,66.86,-13.95
2025-03-24 18:32:49.637000+00:00,,,,,350.5,-1.062,-1.5,23.01,-83.375,-5.375,-19.375,0.0,-0.007,-0.033,-0.5,0.08,9.49,-0.31,0.04,-0.46,-0.17,0.25,9.8,0.0775,-1.25,0.0,0.0,5.4,7.0,1016.67,66.86,-13.95
2025-03-24 18:32:50.798000+00:00,,,,,350.5,-1.062,-1.5,23.01,-83.375,-5.375,-19.375,0.0,-0.007,-0.033,-0.5,0.08,9.49,-0.31,0.04,-0.46,-0.17,0.25,9.8,0.0775,-1.25,0.0,0.0,5.4,7.0,1016.67,66.86,-13.95
2025-03-24 18:32:51.954000+00:00,,,,,350.5,-1.062,-1.5,23.01,-83.375,-5.375,-19.375,0.0,-0.007,-0.033,-0.5,0.08,9.49,-0.31,0.04,-0.46,-0.17,0.25,9.8,0.0775,-1.25,0.0,0.0,5.4,7.0,1016.67,66.86,-13.95
2025-03-24 18:32:52.883000+00:00,,,,,350.5,-1.062,-1.5,23.01,-83.375,-5.375,-19.375,0.0,-0.007,-0.033,-0.5,0.08,9.49,-0.31,0.04,-0.46,-0.17,0.25,9.8,0.0775,-1.25,0.0,0.0,5.4,7.0,1016.67,66.86,-13.95
2025-03-24 18:32:54.028000+00:00,,,,,350.5,-1.062,-1.5,23.01,-83.375,-5.375,-19.375,0.0,-0.007,-0.033,-0.5,0.08,9.49,-0.31,0.04,-0.46,-0.17,0.25,9.8,0.0775,-1.25,0.0,0.0,5.4,7.0,1016.67,66.86,-13.95
2025-03-24 18:32:55.073000+00:00,,,,,350.5,-1.062,-1.5,23.01,-83.375,-5.375,-19.375,0.0,-0.007,-0.033,-0.5,0.08,9.49,-0.31,0.04,-0.46,-0.17,0.25,9.8,0.0775,-1.25,0.0,0.0,5.4,7.0,1016.67,66.86,-13.95
2025-03-24 18:32:56.734000+00:00,,,,,350.5,-1.062,-1.5,23.01,-83.375,-5.375,-19.375,0.0,-0.007,-0.033,-0.5,0.08,9.49,-0.31,0.04,-0.46,-0.17,0.25,9.8,0.0775,-1.25,0.0,0.0,5.4,7.0,1016.67,66.86,-13.95
2025-03-24 18:32:57.697000+00:00,,,,,350.5,-1.062,-1.5,23.01,-83.375,-5.375,-19.375,0.0,-0.007,-0.033,-0.5,0.08,9.49,-0.31,0.04,-0.46,-0.17,0.25,9.8,0.0775,-1.25,0.0,0.0,5.4,7.0,1016.67,66.86,-13.95
2025-03-24 18:32:58.713000+00:00,,,,,350.5,-1.062,-1.5,23.01,-83.375,-5.375,-19.375,0.0,-0.007,-0.033,-0.5,0.08,9.49,-0.31,0.04,-0.46,-0.17,0.25,9.8,0.0775,-1.25,0.0,0.0,5.4,7.0,1016.67,66.86,-13.95
2025-03-24 18:32:59.726000+00:00,,,,,350.5,-1.062,-1.5,23.01,-83.375,-5.375,-19.375,0.0,-0.007,-0.033,-0.5,0.08,9.49,-0.31,0.04,-0.46,-0.17,0.25,9.8,0.0775,-1.25,0.0,0.0,5.4,7.0,1016.67,66.86,-13.95
2025-03-24 18:33:00.727000+00:00,,,,,350.5,-1.062,-1.5,23.01,-83.375,-5.375,-19.375,0.0,-0.007,-0.033,-0.5,0.08,9.49,-0.31,0.04,-0.46,-0.17,0.25,9.8,0.0775,-1.25,0.0,0.0,5.4,7.0,1016.67,66.86,-13.95
2025-03-24 18:33:01.756000+00:00,,,,,350.5,-1.062,-1.5,23.01,-83.375,-5.375,-19.375,0.0,-0.007,-0.033,-0.5,0.08,9.49,-0.31,0.04,-0.46,-0.17,0.25,9.8,0.0775,-1.25,0.0,0.0,5.4,7.0,1016.67,66.86,-13.95
2025-03-24 18:33:02.876000+00:00,,,,,350.5,-1.062,-1.5,23.01,-83.375,-5.375,-19.375,0.0,-0.007,-0.033,-0.5,0.08,9.49,-0.31,0.04,-0.46,-0.17,0.25,9.8,0.0775,-1.25,0.0,0.0,5.4,7.0,1016.67,66.86,-13.95
2025-03-24 18:33:04.033000+00:00,,,,,350.5,-1.062,-1.5,23.01,-83.375,-5.375,-19.375,0.0,-0.007,-0.033,-0.5,0.08,9.49,-0.31,0.04,-0.46,-0.17,0.25,9.8,0.0775,-1.25,0.0,0.0,5.4,7.0,1016.67,66.86,-13.95
2025-03-24 18:33:05.076000+00:00,,,,,350.5,-1.062,-1.5,23.01,-83.375,-5.375,-19.375,0.0,-0.007,-0.033,-0.5,0.08,9.49,-0.31,0.04,-0.46,-0.17,0.25,9.8,0.0775,-1.25,0.0,0.0,5.4,7.0,1016.67,66.86,-13.95
2025-03-24 18:33:06.388000+00:00,,,,,350.5,-1.062,-1.5,23.01,-83.375,-5.375,-19.375,0.0,-0.007,-0.033,-0.5,0.08,9.49,-0.31,0.04,-0.46,-0.17,0.25,9.8,0.0775,-1.25,0.0,0.0,5.4,7.0,1016.67,66.86,-13.95
2025-03-24 18:33:07.768000+00:00,,,,,350.5,-1.062,-1.5,23.01,-83.375,-5.375,-19.375,0.0,-0.007,-0.033,-0.5,0.08,9.49,-0.31,0.04,-0.46,-0.17,0.25,9.8,0.0775,-1.25,0.0,0.0,5.4,7.0,1016.67,66.86,-13.95
2025-03-24 18:33:08.777000+00:00,,,,,350.5,-1.062,-1.5,23.01,-83.375,-5.375,-19.375,0.0,-0.007,-0.033,-0.5,0.08,9.49,-0.31,0.04,-0.46,-0.17,0.25,9.8,0.0775,-1.25,0.0,0.0,5.4,7.0,1016.67,66.86,-13.95
2025-03-24 18:33:09.987000+00:00,,,,,350.5,-1.062,-1.5,23.01,-83.375,-5.375,-19.375,0.0,-0.007,-0.033,-0.5,0.08,9.49,-0.31,0.04,-0.46,-0.17,0.25,9.8,0.0775,-1.25,0.0,0.0,5.4,7.0,1016.67,66.99,-13.95
2025-03-24 18:33:11.122000+00:00,,,,,350.5,-1.062,-1.5,23.01,-83.375,-5.375,-19.375,0.0,-0.007,-0.033,-0.5,0.08,9.49,-0.31,0.04,-0.46,-0.17,0.25,9.8,0.0775,-1.25,0.0,0.0,5.4,7.0,1016.67,66.99,-13.95
2025-03-24 18:33:12.396000+00:00,,,,,350.5,-1.062,-1.5,23.01,-83.375,-5.375,-19.375,0.0,-0.007,-0.033,-0.5,0.08,9.49,-0.31,0.04,-0.46,-0.17,0.25,9.8,0.0775,-1.25,0.0,0.0,5.4,7.0,1016.67,66.99,-13.95
2025-03-24 18:33:13.202000+00:00,,,,,350.5,-1.062,-1.5,23.01,-83.375,-5.375,-19.375,0.0,-0.007,-0.033,-0.5,0.08,9.49,-0.31,0.04,-0.46,-0.17,0.25,9.8,0.0775,-1.25,0.0,0.0,5.4,7.0,1016.67,66.99,-13.95
2025-03-24 18:33:14.411000+00:00,,,,,350.5,-1.062,-1.5,23.01,-83.375,-5.375,-19.375,0.0,-0.007,-0.033,-0.5,0.08,9.49,-0.31,0.04,-0.46,-0.17,0.25,9.8,0.0775,-1.25,0.0,0.0,5.4,7.0,1016.67,66.99,-13.95
2025-03-24 18:33:15.756000+00:00,,,,,350.5,-1.062,-1.5,23.01,-83.375,-5.375,-19.375,0.0,-0.007,-0.033,-0.5,0.08,9.49,-0.31,0.04,-0.46,-0.17,0.25,9.8,0.0775,-1.25,0.0,0.0,5.4,7.0,1016.67,66.99,-13.95
2025-03-24 18:33:16.824000+00:00,,,,,350.5,-1.062,-1.5,23.01,-83.375,-5.375,-19.375,0.0,-0.007,-0.033,-0.5,0.08,9.49,-0.31,0.04,-0.46,-0.17,0.25,9.8,0.0775,-1.25,0.0,0.0,5.4,7.0,1016.67,66.99,-13.95
2025-03-24 18:33:17.791000+00:00,,,,,350.5,-1.062,-1.5,23.01,-83.375,-5.375,-19.375,0.0,-0.007,-0.033,-0.5,0.08,9.49,-0.31,0.04,-0.46,-0.17,0.25,9.8,0.0775,-1.25,0.0,0.0,5.4,7.0,1016.67,66.99,-13.95
2025-03-24 18:33:18.841000+00:00,,,,,350.5,-1.062,-1.5,23.01,-83.375,-5.375,-19.375,0.0,-0.007,-0.033,-0.5,0.08,9.49,-0.31,0.04,-0.46,-0.17,0.25,9.8,0.0775,-1.25,0.0,0.0,5.4,7.0,1016.67,66.99,-13.95
2025-03-24 18:33:19.989000+00:00,,,,,350.5,-1.062,-1.5,23.01,-83.375,-5.375,-19.375,0.0,-0.007,-0.033,-0.5,0.08,9.49,-0.31,0.04,-0.46,-0.17,0.25,9.8,0.0775,-1.25,0.0,0.0,5.4,7.0,1016.67,66.99,-13.95
2025-03-24 18:33:21.131000+00:00,,,,,350.5,-1.062,-1.5,23.01,-83.375,-5.375,-19.375,0.0,-0.007,-0.033,-0.5,0.08,9.49,-0.31,0.04,-0.46,-0.17,0.25,9.8,0.0775,-1.25,0.0,0.0,5.4,7.0,1016.67,66.99,-13.95
2025-03-24 18:33:22.279000+00:00,,,,,350.5,-1.062,-1.5,23.01,-83.375,-5.375,-19.375,0.0,-0.007,-0.033,-0.5,0.08,9.49,-0.31,0.04,-0.46,-0.17,0.25,9.8,0.0775,-1.25,0.0,0.0,5.4,7.0,1016.67,66.99,-13.95
2025-03-24 18:33:23.435000+00:00,,,,,350.5,-1.062,-1.5,23.01,-83.375,-5.375,-19.375,0.0,-0.007,-0.033,-0.5,0.08,9.49,-0.31,0.04,-0.46,-0.17,0.25,9.8,0.0775,-1.25,0.0,0.0,5.4,7.0,1016.67,66.99,-13.95
2025-03-24 18:33:24.814000+00:00,,,,,350.5,-1.062,-1.5,23.01,-83.375,-5.375,-19.375,0.0,-0.007,-0.033,-0.5,0.08,9.49,-0.31,0.04,-0.46,-0.17,0.25,9.8,0.0775,-1.25,0.0,0.0,5.4,7.0,1016.67,66.99,-13.95
2025-03-24 18:33:25.835000+00:00,,,,,350.5,-1.062,-1.5,23.01,-83.375,-5.375,-19.375,0.0,-0.007,-0.033,-0.5,0.08,9.49,-0.31,0.04,-0.46,-0.17,0.25,9.8,0.0775,-1.25,0.0,0.0,5.4,7.0,1016.67,66.99,-13.95
2025-03-24 18:33:26.844000+00:00,,,,,350.5,-1.062,-1.5,23.01,-83.375,-5.375,-19.375,0.0,-0.007,-0.033,-0.5,0.08,9.49,-0.31,0.04,-0.46,-0.17,0.25,9.8,0.0775,-1.25,0.0,0.0,5.4,7.0,1016.67,66.99,-13.95
2025-03-24 18:33:27.905000+00:00,,,,,350.5,-1.062,-1.5,23.01,-83.375,-5.375,-19.375,0.0,-0.007,-0.033,-0.5,0.08,9.49,-0.31,0.04,-0.46,-0.17,0.25,9.8,0.0775,-1.25,0.0,0.0,5.4,7.0,1016.67,66.99,-13.95
2025-03-24 18:32:28.720000+00:00,,,,,350.5,-1.062,-1.5,23.01,-83.375,-5.375,-19.375,0.0,-0.007,-0.033,-0.5,0.08,9.49,-0.31,0.04,-0.46,-0.17,0.25,9.8,0.0775,-1.25,0.0,0.0,5.4,7.0,1016.67,66.99,-13.95
2025-03-24 18:32:29.848000+00:00,,,,,350.5,-1.062,-1.5,23.01,-83.375,-5.375,-19.375,0.0,-0.007,-0.033,-0.5,0.08,9.49,-0.31,0.04,-0.46,-0.17,0.25,9.8,0.0775,-1.25,0.0,0.0,5.4,7.0,1016.67,66.99,-13.95
2025-03-24 18:32:30.795000+00:00,,,,,350.5,-1.062,-1.5,23.01,-83.375,-5.375,-19.375,0.0,-0.007,-0.033,-0.5,0.08,9.49,-0.31,0.04,-0.46,-0.17,0.25,9.8,0.0775,-1.25,0.0,0.0,5.4,7.0,1016.67,66.99,-13.95
2025-03-24 18:32:31.929000+00:00,,,,,350.5,-1.062,-1.5,23.01,-83.375,-5.375,-19.375,0.0,-0.007,-0.033,-0.5,0.08,9.49,-0.31,0.04,-0.46,-0.17,0.25,9.8,0.0775,-1.25,0.0,0.0,5.4,7.0,1016.67,66.99,-13.95
2025-03-24 18:32:32.979000+00:00,,,,,350.5,-1.062,-1.5,23.01,-83.375,-5.375,-19.375,0.0,-0.007,-0.033,-0.5,0.08,9.49,-0.31,0.04,-0.46,-0.17,0.25,9.8,0.0775,-1.25,0.0,0.0,5.4,7.0,1016.67,66.99,-13.95
2025-03-24 18:32:34.008000+00:00,,,,,350.5,-1.062,-1.5,23.01,-83.375,-5.375,-19.375,0.0,-0.007,-0.033,-0.5,0.08,9.49,-0.31,0.04,-0.46,-0.17,0.25,9.8,0.0775,-1.25,0.0,0.0,5.4,7.0,1016.67,66.99,-13.95
2025-03-24 18:32:34.959000+00:00,,,,,350.5,-1.062,-1.5,23.01,-83.375,-5.375,-19.375,0.0,-0.007,-0.033,-0.5,0.08,9.49,-0.31,0.04,-0.46,-0.17,0.25,9.8,0.0775,-1.25,0.0,0.0,5.4,7.0,1016.67,66.99,-13.95
2025-03-24 18:32:36.505000+00:00,,,,,350.5,-1.062,-1.5,23.01,-83.375,-5.375,-19.375,0.0,-0.007,-0.033,-0.5,0.08,9.49,-0.31,0.04,-0.46,-0.17,0.25,9.8,0.0775,-1.25,0.0,0.0,5.4,7.0,1016.67,66.99,-13.95
2025-03-24 18:32:37.618000+00:00,,,,,350.5,-1.062,-1.5,23.01,-83.375,-5.375,-19.375,0.0,-0.007,-0.033,-0.5,0.08,9.49,-0.31,0.04,-0.46,-0.17,0.25,9.8,0.0775,-1.25,0.0,0.0,5.4,7.0,1016.67,66.99,-13.95
2025-03-24 18:32:38.656000+00:00,,,,,350.5,-1.062,-1.5,23.01,-83.375,-5.375,-19.375,0.0,-0.007,-0.033,-0.5,0.08,9.49,-0.31,0.04,-0.46,-0.17,0.25,9.8,0.0775,-1.25,0.0,0.0,5.4,7.0,1016.67,66.99,-13.95
2025-03-24 18:32:39.865000+00:00,,,,,350.5,-1.062,-1.5,23.01,-83.375,-5.375,-19.375,0.0,-0.007,-0.033,-0.5,0.08,9.49,-0.31,0.04,-0.46,-0.17,0.25,9.8,0.0775,-1.25,0.0,0.0,5.4,7.0,1016.67,66.99,-13.74
2025-03-24 18:32:41.008000+00:00,,,,,350.5,-1.062,-1.5,23.01,-83.375,-5.375,-19.375,0.0,-0.007,-0.033,-0.5,0.08,9.49,-0.31,0.04,-0.46,-0.17,0.25,9.8,0.0775,-1.25,0.0,0.0,5.4,7.0,1016.67,66.99,-13.74
2025-03-24 18:32:41.918000+00:00,,,,,350.5,-1.062,-1.5,23.01,-83.375,-5.375,-19.375,0.0,-0.007,-0.033,-0.5,0.08,9.49,-0.31,0.04,-0.46,-0.17,0.25,9.8,0.0775,-1.25,0.0,0.0,5.4,7.0,1016.67,66.99,-13.74
2025-03-24 18:32:42.988000+00:00,,,,,350.5,-1.062,-1.5,23.01,-83.375,-5.375,-19.375,0.0,-0.007,-0.033,-0.5,0.08,9.49,-0.31,0.04,-0.46,-0.17,0.25,9.8,0.0775,-1.25,0.0,0.0,5.4,7.0,1016.67,66.99,-13.74
2025-03-24 18:32:44.129000+00:00,,,,,350.5,-1.062,-1.5,23.01,-83.375,-5.375,-19.375,0.0,-0.007,-0.033,-0.5,0.08,9.49,-0.31,0.04,-0.46,-0.17,0.25,9.8,0.0775,-1.25,0.0,0.0,5.4,7.0,1016.67,66.99,-13.74
2025-03-24 18:32:45.744000+00:00,,,,,350.5,-1.062,-1.5,23.01,-83.375,-5.375,-19.375,0.0,-0.007,-0.033,-0.5,0.08,9.49,-0.31,0.04,-0.46,-0.17,0.25,9.8,0.0775,-1.25,0.0,0.0,5.4,7.0,1016.67,66.99,-13.74
2025-03-24 18:32:46.734000+00:00,,,,,350.5,-1.062,-1.5,23.01,-83.375,-5.375,-19.375,0.0,-0.007,-0.033,-0.5,0.08,9.49,-0.31,0.04,-0.46,-0.17,0.25,9.8,0.0775,-1.25,0.0,0.0,5.4,7.0,1016.67,66.99,-13.74
2025-03-24 18:32:47.734000+00:00,,,,,350.5,-1.062,-1.5,23.01,-83.375,-5.375,-19.375,0.0,-0.007,-0.033,-0.5,0.08,9.49,-0.31,0.04,-0.46,-0.17,0.25,9.8,0.0775,-1.25,0.0,0.0,5.4,7.0,1016.67,66.99,-13.74
2025-03-24 18:32:48.744000+00:00,,,,,350.5,-1.062,-1.5,23.01,-83.375,-5.375,-19.375,0.0,-0.007,-0.033,-0.5,0.08,9.49,-0.31,0.04,-0.46,-0.17,0.25,9.8,0.0775,-1.25,0.0,0.0,5.4,7.0,1016.67,66.99,-13.74
2025-03-24 18:32:49.747000+00:00,,,,,350.5,-1.062,-1.5,23.01,-83.375,-5.375,-19.375,0.0,-0.007,-0.033,-0.5,0.08,9.49,-0.31,0.04,-0.46,-0.17,0.25,9.8,0.0775,-1.25,0.0,0.0,5.4,7.0,1016.67,66.99,-13.74
2025-03-24 18:32:50.897000+00:00,,,,,350.5,-1.062,-1.5,23.01,-83.375,-5.375,-19.375,0.0,-0.007,-0.033,-0.5,0.08,9.49,-0.31,0.04,-0.46,-0.17,0.25,9.8,0.0775,-1.25,0.0,0.0,5.4,7.0,1016.67,66.99,-13.74
2025-03-24 18:32:52.057000+00:00,,,,,350.5,-1.062,-1.5,23.01,-83.375,-5.375,-19.375,0.0,-0.007,-0.033,-0.5,0.08,9.49,-0.31,0.04,-0.46,-0.17,0.25,9.8,0.0775,-1.25,0.0,0.0,5.4,7.0,1016.67,66.99,-13.74
2025-03-24 18:32:52.984000+00:00,,,,,350.5,-1.062,-1.5,23.01,-83.375,-5.375,-19.375,0.0,-0.007,-0.033,-0.5,0.08,9.49,-0.31,0.04,-0.46,-0.17,0.25,9.8,0.0775,-1.25,0.0,0.0,5.4,7.0,1016.67,66.99,-13.74
2025-03-24 18:32:54.133000+00:00,,,,,350.5,-1.062,-1.5,23.01,-83.375,-5.375,-19.375,0.0,-0.007,-0.033,-0.5,0.08,9.49,-0.31,0.04,-0.46,-0.17,0.25,9.8,0.0775,-1.25,0.0,0.0,5.4,7.0,1016.67,66.99,-13.74
2025-03-24 18:32:55.173000+00:00,,,,,350.5,-1.062,-1.5,23.01,-83.375,-5.375,-19.375,0.0,-0.007,-0.033,-0.5,0.08,9.49,-0.31,0.04,-0.46,-0.17,0.25,9.8,0.0775,-1.25,0.0,0.0,5.4,7.0,1016.67,66.99,-13.74
2025-03-24 18:32:56.853000+00:00,,,,,350.5,-1.062,-1.5,23.01,-83.375,-5.375,-19.375,0.0,-0.007,-0.033,-0.5,0.08,9.49,-0.31,0.04,-0.46,-0.17,0.25,9.8,0.0775,-1.25,0.0,0.0,5.4,7.0,1016.67,66.99,-13.74
2025-03-24 18:32:57.814000+00:00,,,,,350.5,-1.062,-1.5,23.01,-83.375,-5.375,-19.375,0.0,-0.007,-0.033,-0.5,0.08,9.49,-0.31,0.04,-0.46,-0.17,0.25,9.8,0.0775,-1.25,0.0,0.0,5.4,7.0,1016.67,66.99,-13.74
2025-03-24 18:32:58.830000+00:00,,,,,350.5,-1.062,-1.5,23.01,-83.375,-5.375,-19.375,0.0,-0.007,-0.033,-0.5,0.08,9.49,-0.31,0.04,-0.46,-0.17,0.25,9.8,0.0775,-1.25,0.0,0.0,5.4,7.0,1016.67,66.99,-13.74
2025-03-24 18:32:59.827000+00:00,,,,,350.5,-1.062,-1.5,23.01,-83.375,-5.375,-19.375,0.0,-0.007,-0.033,-0.5,0.08,9.49,-0.31,0.04,-0.46,-0.17,0.25,9.8,0.0775,-1.25,0.0,0.0,5.4,7.0,1016.67,66.99,-13.74
2025-03-24 18:33:00.826000+00:00,,,,,350.5,-1.062,-1.5,23.01,-83.375,-5.375,-19.375,0.0,-0.007,-0.033,-0.5,0.08,9.49,-0.31,0.04,-0.46,-0.17,0.25,9.8,0.0775,-1.25,0.0,0.0,5.4,7.0,1016.67,66.99,-13.74
2025-03-24 18:33:01.883000+00:00,,,,,350.5,-1.062,-1.5,23.01,-83.375,-5.375,-19.375,0.0,-0.007,-0.033,-0.5,0.08,9.49,-0.31,0.04,-0.46,-0.17,0.25,9.8,0.0775,-1.25,0.0,0.0,5.4,7.0,1016.67,66.99,-13.74
2025-03-24 18:33:02.977000+00:00,,,,,350.5,-1.062,-1.5,23.01,-83.375,-5.375,-19.375,0.0,-0.007,-0.033,-0.5,0.08,9.49,-0.31,0.04,-0.46,-0.17,0.25,9.8,0.0775,-1.25,0.0,0.0,5.4,7.0,1016.67,66.99,-13.74
2025-03-24 18:33:04.137000+00:00,,,,,350.5,-1.062,-1.5,23.01,-83.375,-5.375,-19.375,0.0,-0.007,-0.033,-0.5,0.08,9.49,-0.31,0.04,-0.46,-0.17,0.25,9.8,0.0775,-1.25,0.0,0.0,5.4,7.0,1016.67,66.99,-13.74
2025-03-24 18:33:05.177000+00:00,,,,,350.5,-1.062,-1.5,23.01,-83.375,-5.375,-19.375,0.0,-0.007,-0.033,-0.5,0.08,9.49,-0.31,0.04,-0.46,-0.17,0.25,9.8,0.0775,-1.25,0.0,0.0,5.4,7.0,1016.67,66.99,-13.74
2025-03-24 18:33:06.503000+00:00,,,,,350.5,-1.062,-1.5,23.01,-83.375,-5.375,-19.375,0.0,-0.007,-0.033,-0.5,0.08,9.49,-0.31,0.04,-0.46,-0.17,0.25,9.8,0.0775,-1.25,0.0,0.0,5.4,7.0,1016.67,66.99,-13.74
2025-03-24 18:33:07.876000+00:00,,,,,350.5,-1.062,-1.5,23.01,-83.375,-5.375,-19.375,0.0,-0.007,-0.033,-0.5,0.08,9.49,-0.31,0.04,-0.46,-0.17,0.25,9.8,0.0775,-1.25,0.0,0.0,5.4,7.0,1016.67,66.99,-13.74
2025-03-24 18:33:08.887000+00:00,,,,,350.5,-1.062,-1.5,23.01,-83.375,-5.375,-19.375,0.0,-0.007,-0.033,-0.5,0.08,9.49,-0.31,0.04,-0.46,-0.17,0.25,9.8,0.0775,-1.25,0.0,0.0,5.4,7.0,1016.67,66.99,-13.74
2025-03-24 18:33:10.087000+00:00,,,,,350.5,-1.062,-1.5,23.01,-83.375,-5.375,-19.375,0.0,-0.007,-0.033,-0.5,0.08,9.49,-0.31,0.04,-0.46,-0.17,0.25,9.8,0.0775,-1.25,0.0,0.0,5.4,7.0,1016.67,66.99,-14.09
2025-03-24 18:33:11.226000+00:00,,,,,350.5,-1.062,-1.5,23.01,-83.375,-5.375,-19.375,0.0,-0.007,-0.033,-0.5,0.08,9.49,-0.31,0.04,-0.46,-0.17,0.25,9.8,0.0775,-1.25,0.0,0.0,5.4,7.0,1016.67,66.99,-14.09
2025-03-24 18:33:12.512000+00:00,,,,,350.5,-1.062,-1.5,23.01,-83.375,-5.375,-19.375,0.0,-0.007,-0.033,-0.5,0.08,9.49,-0.31,0.04,-0.46,-0.17,0.25,9.8,0.0775,-1.25,0.0,0.0,5.4,7.0,1016.67,66.99,-14.09
2025-03-24 18:33:13.311000+00:00,,,,,350.5,-1.062,-1.5,23.01,-83.375,-5.375,-19.375,0.0,-0.007,-0.033,-0.5,0.08,9.49,-0.31,0.04,-0.46,-0.17,0.25,9.8,0.0775,-1.25,0.0,0.0,5.4,7.0,1016.67,66.99,-14.09
2025-03-24 18:33:14.515000+00:00,,,,,350.5,-1.062,-1.5,23.01,-83.375,-5.375,-19.375,0.0,-0.007,-0.033,-0.5,0.08,9.49,-0.31,0.04,-0.46,-0.17,0.25,9.8,0.0775,-1.25,0.0,0.0,5.4,7.0,1016.67,66.99,-14.09
2025-03-24 18:33:15.855000+00:00,,,,,350.5,-1.062,-1.5,23.01,-83.375,-5.375,-19.375,0.0,-0.007,-0.033,-0.5,0.08,9.49,-0.31,0.04,-0.46,-0.17,0.25,9.8,0.0775,-1.25,0.0,0.0,5.4,7.0,1016.67,66.99,-14.09
2025-03-24 18:33:16.932000+00:00,,,,,350.5,-1.062,-1.5,23.01,-83.375,-5.375,-19.375,0.0,-0.007,-0.033,-0.5,0.08,9.49,-0.31,0.04,-0.46,-0.17,0.25,9.8,0.0775,-1.25,0.0,0.0,5.4,7.0,1016.67,66.99,-14.09
2025-03-24 18:33:17.895000+00:00,,,,,350.5,-1.062,-1.5,23.01,-83.375,-5.375,-19.375,0.0,-0.007,-0.033,-0.5,0.08,9.49,-0.31,0.04,-0.46,-0.17,0.25,9.8,0.0775,-1.25,0.0,0.0,5.4,7.0,1016.67,66.99,-14.09
2025-03-24 18:33:18.935000+00:00,,,,,350.5,-1.062,-1.5,23.01,-83.375,-5.375,-19.375,0.0,-0.007,-0.033,-0.5,0.08,9.49,-0.31,0.04,-0.46,-0.17,0.25,9.8,0.0775,-1.25,0.0,0.0,5.4,7.0,1016.67,66.99,-14.09
2025-03-24 18:33:20.085000+00:00,,,,,350.5,-1.062,-1.5,23.01,-83.375,-5.375,-19.375,0.0,-0.007,-0.033,-0.5,0.08,9.49,-0.31,0.04,-0.46,-0.17,0.25,9.8,0.0775,-1.25,0.0,0.0,5.4,7.0,1016.67,66.99,-14.09
2025-03-24 18:33:21.251000+00:00,,,,,350.5,-1.062,-1.5,23.01,-83.375,-5.375,-19.375,0.0,-0.007,-0.033,-0.5,0.08,9.49,-0.31,0.04,-0.46,-0.17,0.25,9.8,0.0775,-1.25,0.0,0.0,5.4,7.0,1016.67,66.99,-14.09
2025-03-24 18:33:22.375000+00:00,,,,,350.5,-1.062,-1.5,23.01,-83.375,-5.375,-19.375,0.0,-0.007,-0.033,-0.5,0.08,9.49,-0.31,0.04,-0.46,-0.17,0.25,9.8,0.0775,-1.25,0.0,0.0,5.4,7.0,1016.67,66.99,-14.09
2025-03-24 18:33:23.534000+00:00,,,,,350.5,-1.062,-1.5,23.01,-83.375,-5.375,-19.375,0.0,-0.007,-0.033,-0.5,0.08,9.49,-0.31,0.04,-0.46,-0.17,0.25,9.8,0.0775,-1.25,0.0,0.0,5.4,7.0,1016.67,66.99,-14.09
2025-03-24 18:33:24.915000+00:00,,,,,350.5,-1.062,-1.5,23.01,-83.375,-5.375,-19.375,0.0,-0.007,-0.033,-0.5,0.08,9.49,-0.31,0.04,-0.46,-0.17,0.25,9.8,0.0775,-1.25,0.0,0.0,5.4,7.0,1016.67,66.99,-14.09
2025-03-24 18:33:25.934000+00:00,,,,,350.5,-1.062,-1.5,23.01,-83.375,-5.375,-19.375,0.0,-0.007,-0.033,-0.5,0.08,9.49,-0.31,0.04,-0.46,-0.17,0.25,9.8,0.0775,-1.25,0.0,0.0,5.4,7.0,1016.67,66.99,-14.09
2025-03-24 18:33:26.944000+00:00,,,,,350.5,-1.062,-1.5,23.01,-83.375,-5.375,-19.375,0.0,-0.007,-0.033,-0.5,0.08,9.49,-0.31,0.04,-0.46,-0.17,0.25,9.8,0.0775,-1.25,0.0,0.0,5.4,7.0,1016.67,66.99,-14.09
2025-03-24 18:33:28.005000+00:00,,,,,350.5,-1.062,-1.5,23.01,-83.375,-5.375,-19.375,0.0,-0.007,-0.033,-0.5,0.08,9.49,-0.31,0.04,-0.46,-0.17,0.25,9.8,0.0775,-1.25,0.0,0.0,5.4,7.0,1016.67,66.99,-14.09
