,rpm_value,rpm_blade_1,rpm_blade_2,rpm_blade_3,orientation_heading,orientation_roll,orientation_pitch,temperature_value,magnetometer_mx,magnetometer_my,magnetometer_mz,gyroscope_gx,gyroscope_gy,gyroscope_gz,accelerometer_ax,accelerometer_ay,accelerometer_az,linear_acceleration_lx,linear_acceleration_ly,linear_acceleration_lz,gravity_grx,gravity_gry,gravity_grz,voltage_value,current_value,power_value,servo_value,speed_value,direction_value,pressure_value,humidity_value,altitude_value
2025-03-24 17:17:27.287000+00:00,57.76761511399328,,,,358.625,-0.062,-0.25,23.2,-77.375,-18.688,-29.25,0.008,-0.004,-0.053,-0.64,0.52,9.39,-0.61,0.48,-0.41,-0.03,0.04,9.8,1.9475,0.0,0.0,0.0,0.0,5.0,1017.13,66.24,-17.87
2025-03-24 17:17:28.276000+00:00,57.49520130339098,,,,358.625,-0.062,-0.25,23.2,-77.375,-18.688,-29.25,0.008,-0.004,-0.053,-0.64,0.52,9.39,-0.61,0.48,-0.41,-0.03,0.04,9.8,1.9475,0.0,0.0,0.0,0.0,5.0,1017.13,66.24,-17.87
2025-03-24 17:17:29.056000+00:00,57.76781498273766,,,,358.625,-0.062,-0.25,23.2,-77.375,-18.688,-29.25,0.008,-0.004,-0.053,-0.64,0.52,9.39,-0.61,0.48,-0.41,-0.03,0.04,9.8,1.9475,0.0,0.0,0.0,0.0,5.0,1017.13,66.24,-17.87
2025-03-24 17:17:30.057000+00:00,57.76769002760515,,,,358.625,-0.062,-0.25,23.2,-77.375,-18.688,-29.25,0.008,-0.004,-0.053,-0.64,0.52,9.39,-0.61,0.48,-0.41,-0.03,0.04,9.8,1.9475,0.0,0.0,0.0,0.0,5.0,1017.13,66.24,-17.87
2025-03-24 17:17:31.090000+00:00,57.767761430180805,,,,358.625,-0.062,-0.25,23.2,-77.375,-18.688,-29.25,0.008,-0.004,-0.053,-0.64,0.52,9.39,-0.61,0.48,-0.41,-0.03,0.04,9.8,1.9475,0.0,0.0,0.0,0.0,5.0,1017.13,66.24,-17.87
2025-03-24 17:17:32.140000+00:00,58.0394830750008,,,,358.625,-0.062,-0.25,23.2,-77.375,-18.688,-29.25,0.008,-0.004,-0.053,-0.64,0.52,9.39,-0.61,0.48,-0.41,-0.03,0.04,9.8,1.9475,0.0,0.0,0.0,0.0,5.0,1017.13,66.24,-17.87
2025-03-24 17:17:33.278000+00:00,57.7666147595654,,,,358.625,-0.062,-0.25,23.2,-77.375,-18.688,-29.25,0.008,-0.004,-0.053,-0.64,0.52,9.39,-0.61,0.48,-0.41,-0.03,0.04,9.8,1.9475,0.0,0.0,0.0,0.0,5.0,1017.13,66.24,-17.87
2025-03-24 17:17:34.268000+00:00,58.03894931148339,,,,358.625,-0.062,-0.25,23.2,-77.375,-18.688,-29.25,0.008,-0.004,-0.053,-0.64,0.52,9.39,-0.61,0.48,-0.41,-0.03,0.04,9.8,1.9475,0.0,0.0,0.0,0.0,5.0,1017.13,66.24,-17.87
2025-03-24 17:17:35.316000+00:00,58.03833253516051,,,,358.625,-0.062,-0.25,23.2,-77.375,-18.688,-29.25,0.008,-0.004,-0.053,-0.64,0.52,9.39,-0.61,0.48,-0.41,-0.03,0.04,9.8,1.9475,0.0,0.0,0.0,0.0,5.0,1017.13,66.24,-17.87
2025-03-24 17:17:36.289000+00:00,57.76596766694136,,,,358.625,-0.062,-0.25,23.2,-77.375,-18.688,-29.25,0.008,-0.004,-0.053,-0.64,0.52,9.39,-0.61,0.48,-0.41,-0.03,0.04,9.8,1.9475,0.0,0.0,0.0,0.0,5.0,1017.13,66.24,-17.87
2025-03-24 17:17:37.299000+00:00,58.038364808188554,,,,358.625,-0.062,-0.25,23.2,-77.375,-18.688,-29.25,0.008,-0.004,-0.053,-0.64,0.52,9.39,-0.61,0.48,-0.41,-0.03,0.04,9.8,1.9475,0.0,0.0,0.0,0.0,5.0,1017.13,66.24,-17.87
2025-03-24 17:17:38.366000+00:00,57.76549040709341,,,,358.625,-0.062,-0.25,23.2,-77.375,-18.688,-29.25,0.008,-0.004,-0.053,-0.64,0.52,9.39,-0.61,0.48,-0.41,-0.03,0.04,9.8,1.9475,0.0,0.0,0.0,0.0,5.0,1017.13,66.24,-17.87
2025-03-24 17:17:39.366000+00:00,58.038115962911924,,,,358.625,-0.062,-0.25,23.2,-77.375,-18.688,-29.25,0.008,-0.004,-0.053,-0.64,0.52,9.39,-0.61,0.48,-0.41,-0.03,0.04,9.8,1.9475,0.0,0.0,0.0,0.0,5.0,1017.13,66.24,-17.87
2025-03-24 17:17:40.601000+00:00,57.765603941410724,,,,358.625,-0.062,-0.25,23.2,-77.375,-18.688,-29.25,0.008,-0.004,-0.053,-0.64,0.52,9.39,-0.61,0.48,-0.41,-0.03,0.04,9.8,1.9475,0.0,0.0,0.0,0.0,5.0,1017.13,66.24,-17.87
2025-03-24 17:17:41.949000+00:00,57.76562813439351,,,,358.625,-0.062,-0.25,23.2,-77.375,-18.688,-29.25,0.008,-0.004,-0.053,-0.64,0.52,9.39,-0.61,0.48,-0.41,-0.03,0.04,9.8,1.9475,0.0,0.0,0.0,0.0,5.0,1017.13,66.24,-17.87
2025-03-24 17:17:42.960000+00:00,57.493491926981825,,,,358.625,-0.062,-0.25,23.2,-77.375,-18.688,-29.25,0.008,-0.004,-0.053,-0.64,0.52,9.39,-0.61,0.48,-0.41,-0.03,0.04,9.8,1.9475,0.0,0.0,0.0,0.0,5.0,1017.13,66.24,-17.87
2025-03-24 17:17:43.977000+00:00,57.49339410240049,,,,358.625,-0.062,-0.25,23.2,-77.375,-18.688,-29.25,0.008,-0.004,-0.053,-0.64,0.52,9.39,-0.61,0.48,-0.41,-0.03,0.04,9.8,1.9475,0.0,0.0,0.0,0.0,5.0,1017.13,66.24,-17.87
2025-03-24 17:17:45.002000+00:00,57.49288555076453,,,,358.625,-0.062,-0.25,23.2,-77.375,-18.688,-29.25,0.008,-0.004,-0.053,-0.64,0.52,9.39,-0.61,0.48,-0.41,-0.03,0.04,9.8,1.9475,0.0,0.0,0.0,0.0,5.0,1017.13,66.24,-17.87
2025-03-24 17:17:46.010000+00:00,57.492966944000315,,,,358.625,-0.062,-0.25,23.2,-77.375,-18.688,-29.25,0.008,-0.004,-0.053,-0.64,0.52,9.39,-0.61,0.48,-0.41,-0.03,0.04,9.8,1.9475,0.0,0.0,0.0,0.0,5.0,1017.13,66.24,-17.87
2025-03-24 17:17:47.139000+00:00,57.49261116341417,,,,358.625,-0.062,-0.25,23.2,-77.375,-18.688,-29.25,0.008,-0.004,-0.053,-0.64,0.52,9.39,-0.61,0.48,-0.41,-0.03,0.04,9.8,1.9475,0.0,0.0,0.0,0.0,5.0,1017.13,66.24,-17.87
2025-03-24 17:17:48.189000+00:00,57.49248764428493,,,,358.625,-0.062,-0.25,23.2,-77.375,-18.688,-29.25,0.008,-0.004,-0.053,-0.64,0.52,9.39,-0.61,0.48,-0.41,-0.03,0.04,9.8,1.9475,0.0,0.0,0.0,0.0,5.0,1017.13,66.24,-17.87
2025-03-24 17:17:49.349000+00:00,57.492423914702705,,,,358.625,-0.062,-0.25,23.2,-77.375,-18.688,-29.25,0.008,-0.004,-0.053,-0.64,0.52,9.39,-0.61,0.48,-0.41,-0.03,0.04,9.8,1.9475,0.0,0.0,0.0,0.0,5.0,1017.13,66.24,-17.87
2025-03-24 17:17:50.298000+00:00,57.21986688254866,,,,358.625,-0.062,-0.25,23.2,-77.375,-18.688,-29.25,0.008,-0.004,-0.053,-0.64,0.52,9.39,-0.61,0.48,-0.41,-0.03,0.04,9.8,1.9475,0.0,0.0,0.0,0.0,5.0,1017.13,66.24,-17.87
2025-03-24 17:17:51.325000+00:00,57.21991257921737,,,,358.625,-0.062,-0.25,23.2,-77.375,-18.688,-29.25,0.008,-0.004,-0.053,-0.64,0.52,9.39,-0.61,0.48,-0.41,-0.03,0.04,9.8,1.9475,0.0,0.0,0.0,0.0,5.0,1017.13,66.24,-17.87
2025-03-24 17:17:52.399000+00:00,56.94737800567998,,,,358.625,-0.062,-0.25,23.2,-77.375,-18.688,-29.25,0.008,-0.004,-0.053,-0.64,0.52,9.39,-0.61,0.48,-0.41,-0.03,0.04,9.8,1.9475,0.0,0.0,0.0,0.0,5.0,1017.13,66.24,-17.87
2025-03-24 17:17:53.364000+00:00,56.94795052040814,,,,358.625,-0.062,-0.25,23.2,-77.375,-18.688,-29.25,0.008,-0.004,-0.053,-0.64,0.52,9.39,-0.61,0.48,-0.41,-0.03,0.04,9.8,1.9475,0.0,0.0,0.0,0.0,5.0,1017.13,66.24,-17.87
2025-03-24 17:17:54.365000+00:00,56.94809508535209,,,,358.625,-0.062,-0.25,23.2,-77.375,-18.688,-29.25,0.008,-0.004,-0.053,-0.64,0.52,9.39,-0.61,0.48,-0.41,-0.03,0.04,9.8,1.9475,0.0,0.0,0.0,0.0,5.0,1017.13,66.24,-17.87
2025-03-24 17:17:55.408000+00:00,56.675563434751396,,,,358.625,-0.062,-0.25,23.2,-77.375,-18.688,-29.25,0.008,-0.004,-0.053,-0.64,0.52,9.39,-0.61,0.48,-0.41,-0.03,0.04,9.8,1.9475,0.0,0.0,0.0,0.0,5.0,1017.13,66.24,-17.87
2025-03-24 17:17:56.552000+00:00,56.676195919341566,,,,358.625,-0.062,-0.25,23.2,-77.375,-18.688,-29.25,0.008,-0.004,-0.053,-0.64,0.52,9.39,-0.61,0.48,-0.41,-0.03,0.04,9.8,1.9475,0.0,0.0,0.0,0.0,5.0,1017.13,66.24,-17.87
2025-03-24 17:17:57.702000+00:00,56.676017707375344,,,,358.625,-0.062,-0.25,23.2,-77.375,-18.688,-29.25,0.008,-0.004,-0.053,-0.64,0.52,9.39,-0.61,0.48,-0.41,-0.03,0.04,9.8,1.9475,0.0,0.0,0.0,0.0,5.0,1017.13,66.24,-17.87
2025-03-24 17:17:58.483000+00:00,56.67593488820031,,,,358.625,-0.062,-0.25,23.2,-77.375,-18.688,-29.25,0.008,-0.004,-0.053,-0.64,0.52,9.39,-0.61,0.48,-0.41,-0.03,0.04,9.8,1.9475,0.0,0.0,0.0,0.0,5.0,1017.13,66.24,-17.87
2025-03-24 17:17:59.034000+00:00,56.94860794506354,,,,358.625,-0.062,-0.25,23.2,-77.375,-18.688,-29.25,0.008,-0.004,-0.053,-0.64,0.52,9.39,-0.61,0.48,-0.41,-0.03,0.04,9.8,1.9475,0.0,0.0,0.0,0.0,5.0,1017.13,66.24,-17.87
2025-03-24 17:17:59.675000+00:00,56.948725041549814,,,,358.625,-0.062,-0.25,23.2,-77.375,-18.688,-29.25,0.008,-0.004,-0.053,-0.64,0.52,9.39,-0.61,0.48,-0.41,-0.03,0.04,9.8,1.9475,0.0,0.0,0.0,0.0,5.0,1017.13,66.24,-17.87
2025-03-24 17:18:00.684000+00:00,57.221379857929456,,,,358.625,-0.062,-0.25,23.2,-77.375,-18.688,-29.25,0.008,-0.004,-0.053,-0.64,0.52,9.39,-0.61,0.48,-0.41,-0.03,0.04,9.8,1.9475,0.0,0.0,0.0,0.0,5.0,1017.13,66.24,-17.87
2025-03-24 17:18:01.697000+00:00,57.221192816046525,,,,358.625,-0.062,-0.25,23.2,-77.375,-18.688,-29.25,0.008,-0.004,-0.053,-0.64,0.52,9.39,-0.61,0.48,-0.41,-0.03,0.04,9.8,1.9475,0.0,0.0,0.0,0.0,5.0,1017.13,66.24,-17.87
2025-03-24 17:18:02.693000+00:00,57.493621717818996,,,,358.625,-0.062,-0.25,23.2,-77.375,-18.688,-29.25,0.008,-0.004,-0.053,-0.64,0.52,9.39,-0.61,0.48,-0.41,-0.03,0.04,9.8,1.9475,0.0,0.0,0.0,0.0,5.0,1017.13,66.24,-17.87
2025-03-24 17:18:04.137000+00:00,57.221118496972146,,,,358.625,-0.062,-0.25,23.2,-77.375,-18.688,-29.25,0.008,-0.004,-0.053,-0.64,0.52,9.39,-0.61,0.48,-0.41,-0.03,0.04,9.8,1.9475,0.0,0.0,0.0,0.0,5.0,1017.13,66.24,-17.87
2025-03-24 17:18:05.155000+00:00,57.22164062045185,,,,358.625,-0.062,-0.25,23.2,-77.375,-18.688,-29.25,0.008,-0.004,-0.053,-0.64,0.52,9.39,-0.61,0.48,-0.41,-0.03,0.04,9.8,1.9475,0.0,0.0,0.0,0.0,5.0,1017.13,66.24,-17.87
2025-03-24 17:18:06.185000+00:00,57.22143785954879,,,,358.625,-0.062,-0.25,23.2,-77.375,-18.688,-29.25,0.008,-0.004,-0.053,-0.64,0.52,9.39,-0.61,0.48,-0.41,-0.03,0.04,9.8,1.9475,0.0,0.0,0.0,0.0,5.0,1017.13,66.24,-17.87
2025-03-24 17:18:07.188000+00:00,57.2216124931352,,,,358.625,-0.062,-0.25,23.2,-77.375,-18.688,-29.25,0.008,-0.004,-0.053,-0.64,0.52,9.39,-0.61,0.48,-0.41,-0.03,0.04,9.8,1.9475,0.0,0.0,0.0,0.0,5.0,1017.13,66.24,-17.87
2025-03-24 17:18:08.268000+00:00,57.221622488524304,,,,358.625,-0.062,-0.25,23.2,-77.375,-18.688,-29.25,0.008,-0.004,-0.053,-0.64,0.52,9.39,-0.61,0.48,-0.41,-0.03,0.04,9.8,1.9475,0.0,0.0,0.0,0.0,5.0,1017.13,66.24,-17.87
2025-03-24 17:18:09.302000+00:00,57.22142364778618,,,,358.625,-0.062,-0.25,23.2,-77.375,-18.688,-29.25,0.008,-0.004,-0.053,-0.64,0.52,9.39,-0.61,0.48,-0.41,-0.03,0.04,9.8,1.9475,0.0,0.0,0.0,0.0,5.0,1017.13,66.24,-17.87
2025-03-24 17:18:10.543000+00:00,57.221070821337136,,,,358.625,-0.062,-0.25,23.2,-77.375,-18.688,-29.25,0.008,-0.004,-0.053,-0.64,0.52,9.39,-0.61,0.48,-0.41,-0.03,0.04,9.8,1.9475,0.0,0.0,0.0,0.0,5.0,1017.13,66.24,-17.87
2025-03-24 17:18:11.567000+00:00,57.22089089876162,,,,358.625,-0.062,-0.25,23.2,-77.375,-18.688,-29.25,0.008,-0.004,-0.053,-0.64,0.52,9.39,-0.61,0.48,-0.41,-0.03,0.04,9.8,1.9475,0.0,0.0,0.0,0.0,5.0,1017.13,66.24,-17.87
2025-03-24 17:18:12.547000+00:00,57.220814187759075,,,,358.625,-0.062,-0.25,23.2,-77.375,-18.688,-29.25,0.008,-0.004,-0.053,-0.64,0.52,9.39,-0.61,0.48,-0.41,-0.03,0.04,9.8,1.9475,0.0,0.0,0.0,0.0,5.0,1017.13,66.24,-17.87
2025-03-24 17:18:13.649000+00:00,56.94830404600913,,,,358.625,-0.062,-0.25,23.2,-77.375,-18.688,-29.25,0.008,-0.004,-0.053,-0.64,0.52,9.39,-0.61,0.48,-0.41,-0.03,0.04,9.8,1.9475,0.0,0.0,0.0,0.0,5.0,1017.13,66.24,-17.87
2025-03-24 17:18:14.670000+00:00,57.22066720773721,,,,358.625,-0.062,-0.25,23.2,-77.375,-18.688,-29.25,0.008,-0.004,-0.053,-0.64,0.52,9.39,-0.61,0.48,-0.41,-0.03,0.04,9.8,1.9475,0.0,0.0,0.0,0.0,5.0,1017.13,66.24,-17.87
2025-03-24 17:18:15.499000+00:00,57.22067428863322,,,,358.625,-0.062,-0.25,23.2,-77.375,-18.688,-29.25,0.008,-0.004,-0.053,-0.64,0.52,9.39,-0.61,0.48,-0.41,-0.03,0.04,9.8,1.9475,0.0,0.0,0.0,0.0,5.0,1017.13,66.24,-17.87
2025-03-24 17:18:16.500000+00:00,57.22057504371048,,,,358.625,-0.062,-0.25,23.2,-77.375,-18.688,-29.25,0.008,-0.004,-0.053,-0.64,0.52,9.39,-0.61,0.48,-0.41,-0.03,0.04,9.8,1.9475,0.0,0.0,0.0,0.0,5.0,1017.13,66.24,-17.87
2025-03-24 17:18:16.733000+00:00,57.49303244521366,,,,358.625,-0.062,-0.25,23.2,-77.375,-18.688,-29.25,0.008,-0.004,-0.053,-0.64,0.52,9.39,-0.61,0.48,-0.41,-0.03,0.04,9.8,1.9475,0.0,0.0,0.0,0.0,5.0,1017.13,66.24,-17.87
2025-03-24 17:18:17.740000+00:00,57.49317738177361,,,,358.625,-0.062,-0.25,23.2,-77.375,-18.688,-29.25,0.008,-0.004,-0.053,-0.64,0.52,9.39,-0.61,0.48,-0.41,-0.03,0.04,9.8,1.9475,0.0,0.0,0.0,0.0,5.0,1017.13,66.24,-17.87
2025-03-24 17:18:18.737000+00:00,57.49329590028051,,,,358.625,-0.062,-0.25,23.2,-77.375,-18.688,-29.25,0.008,-0.004,-0.053,-0.64,0.52,9.39,-0.61,0.48,-0.41,-0.03,0.04,9.8,1.9475,0.0,0.0,0.0,0.0,5.0,1017.13,66.24,-17.87
2025-03-24 17:18:18.789000+00:00,57.49322092891551,,,,358.625,-0.062,-0.25,23.2,-77.375,-18.688,-29.25,0.008,-0.004,-0.053,-0.64,0.52,9.39,-0.61,0.48,-0.41,-0.03,0.04,9.8,1.9475,0.0,0.0,0.0,0.0,5.0,1017.13,66.24,-17.87
2025-03-24 17:18:19.737000+00:00,57.493290903372966,,,,358.625,-0.062,-0.25,23.2,-77.375,-18.688,-29.25,0.008,-0.004,-0.053,-0.64,0.52,9.39,-0.61,0.48,-0.41,-0.03,0.04,9.8,1.9475,0.0,0.0,0.0,0.0,5.0,1017.13,66.24,-17.87
2025-03-24 17:18:20.760000+00:00,57.765872723850315,,,,358.625,-0.062,-0.25,23.2,-77.375,-18.688,-29.25,0.008,-0.004,-0.053,-0.64,0.52,9.39,-0.61,0.48,-0.41,-0.03,0.04,9.8,1.9475,0.0,0.0,0.0,0.0,5.0,1017.13,66.24,-17.87
2025-03-24 17:18:21.804000+00:00,57.49345149301364,,,,358.625,-0.062,-0.25,23.2,-77.375,-18.688,-29.25,0.008,-0.004,-0.053,-0.64,0.52,9.39,-0.61,0.48,-0.41,-0.03,0.04,9.8,1.9475,0.0,0.0,0.0,0.0,5.0,1017.13,66.24,-17.87
2025-03-24 17:18:22.805000+00:00,57.765798350600605,,,,358.625,-0.062,-0.25,23.2,-77.375,-18.688,-29.25,0.008,-0.004,-0.053,-0.64,0.52,9.39,-0.61,0.48,-0.41,-0.03,0.04,9.8,1.9475,0.0,0.0,0.0,0.0,5.0,1017.13,66.24,-17.87
2025-03-24 17:18:23.907000+00:00,57.765772977263524,,,,358.625,-0.062,-0.25,23.2,-77.375,-18.688,-29.25,0.008,-0.004,-0.053,-0.64,0.52,9.39,-0.61,0.48,-0.41,-0.03,0.04,9.8,1.9475,0.0,0.0,0.0,0.0,5.0,1017.13,66.24,-17.87
2025-03-24 17:18:24.908000+00:00,57.76566446861316,,,,358.625,-0.062,-0.25,23.2,-77.375,-18.688,-29.25,0.008,-0.004,-0.053,-0.64,0.52,9.39,-0.61,0.48,-0.41,-0.03,0.04,9.8,1.9475,0.0,0.0,0.0,0.0,5.0,1017.13,66.24,-17.87
2025-03-24 17:18:26.217000+00:00,57.765790147849415,,,,358.625,-0.062,-0.25,23.2,-77.375,-18.688,-29.25,0.008,-0.004,-0.053,-0.64,0.52,9.39,-0.61,0.48,-0.41,-0.03,0.04,9.8,1.9475,0.0,0.0,0.0,0.0,5.0,1017.13,66.24,-17.87
2025-03-24 17:18:27.045000+00:00,57.765788719932615,,,,358.625,-0.062,-0.25,23.2,-77.375,-18.688,-29.25,0.008,-0.004,-0.053,-0.64,0.52,9.39,-0.61,0.48,-0.41,-0.03,0.04,9.8,1.9475,0.0,0.0,0.0,0.0,5.0,1017.13,66.24,-17.87
2025-03-24 17:17:27.557000+00:00,57.765788719932615,,,,358.625,-0.062,-0.25,23.2,-77.375,-18.688,-29.25,0.008,-0.004,-0.053,-0.64,0.52,9.39,-0.61,0.48,-0.41,-0.03,0.04,9.8,1.9475,0.0,0.0,0.0,0.0,5.0,1017.13,66.24,-17.87
2025-03-24 17:17:28.565000+00:00,57.765788719932615,,,,358.625,-0.188,-0.25,23.2,-77.375,-18.688,-29.25,0.008,-0.004,-0.053,-0.64,0.52,9.39,-0.61,0.48,-0.41,-0.03,0.04,9.8,1.9475,0.0,0.0,0.0,0.0,5.0,1017.13,66.24,-17.87
2025-03-24 17:17:29.581000+00:00,57.765788719932615,,,,358.562,-0.125,-0.188,23.2,-77.375,-18.688,-29.25,0.008,-0.004,-0.053,-0.64,0.52,9.39,-0.61,0.48,-0.41,-0.03,0.04,9.8,1.9475,0.0,0.0,0.0,0.0,5.0,1017.13,66.24,-17.87
2025-03-24 17:17:30.720000+00:00,57.765788719932615,,,,358.5,-0.125,-0.25,23.2,-77.375,-18.688,-29.25,0.008,-0.004,-0.053,-0.64,0.52,9.39,-0.61,0.48,-0.41,-0.03,0.04,9.8,1.9475,0.0,0.0,0.0,0.0,5.0,1017.13,66.24,-17.87
2025-03-24 17:17:31.770000+00:00,57.765788719932615,,,,358.5,-0.125,-0.188,23.2,-77.375,-18.688,-29.25,0.008,-0.004,-0.053,-0.64,0.52,9.39,-0.61,0.48,-0.41,-0.03,0.04,9.8,1.9475,0.0,0.0,0.0,0.0,5.0,1017.13,66.24,-17.87
2025-03-24 17:17:32.896000+00:00,57.765788719932615,,,,358.438,0.0,0.0,23.2,-77.375,-18.688,-29.25,0.008,-0.004,-0.053,-0.64,0.52,9.39,-0.61,0.48,-0.41,-0.03,0.04,9.8,1.9475,0.0,0.0,0.0,0.0,5.0,1017.13,66.24,-17.87
2025-03-24 17:17:33.560000+00:00,57.765788719932615,,,,358.438,0.0,0.0,23.2,-77.375,-18.688,-29.25,0.008,-0.004,-0.053,-0.64,0.52,9.39,-0.61,0.48,-0.41,-0.03,0.04,9.8,1.9475,0.0,0.0,0.0,0.0,5.0,1017.13,66.24,-17.87
2025-03-24 17:17:34.585000+00:00,57.765788719932615,,,,358.5,0.125,0.125,23.2,-77.375,-18.688,-29.25,0.008,-0.004,-0.053,-0.64,0.52,9.39,-0.61,0.48,-0.41,-0.03,0.04,9.8,1.9475,0.0,0.0,0.0,0.0,5.0,1017.13,66.24,-17.87
2025-03-24 17:17:35.569000+00:00,57.765788719932615,,,,358.438,-0.125,-0.125,23.2,-77.375,-18.688,-29.25,0.008,-0.004,-0.053,-0.64,0.52,9.39,-0.61,0.48,-0.41,-0.03,0.04,9.8,1.9475,0.0,0.0,0.0,0.0,5.0,1017.13,66.24,-17.87
2025-03-24 17:17:36.596000+00:00,57.765788719932615,,,,358.438,-0.125,-0.125,23.2,-77.375,-18.688,-29.25,0.008,-0.004,-0.053,-0.64,0.52,9.39,-0.61,0.48,-0.41,-0.03,0.04,9.8,1.9475,0.0,0.0,0.0,0.0,5.0,1017.13,66.24,-17.87
2025-03-24 17:17:37.579000+00:00,57.765788719932615,,,,358.375,-0.062,0.0,23.2,-77.375,-18.688,-29.25,0.008,-0.004,-0.053,-0.64,0.52,9.39,-0.61,0.48,-0.41,-0.03,0.04,9.8,1.9475,0.0,0.0,0.0,0.0,5.0,1017.13,66.24,-17.87
2025-03-24 17:17:38.585000+00:00,57.765788719932615,,,,358.438,-0.125,-0.062,23.2,-77.375,-18.688,-29.25,0.008,-0.004,-0.053,-0.64,0.52,9.39,-0.61,0.48,-0.41,-0.03,0.04,9.8,1.9475,0.0,0.0,0.0,0.0,5.0,1017.13,66.24,-17.87
2025-03-24 17:17:39.922000+00:00,57.765788719932615,,,,358.375,-0.188,-0.125,23.2,-77.375,-18.688,-29.25,0.008,-0.004,-0.053,-0.64,0.52,9.39,-0.61,0.48,-0.41,-0.03,0.04,9.8,1.9475,0.0,0.0,0.0,0.0,5.0,1017.13,66.24,-17.87
2025-03-24 17:17:40.656000+00:00,57.765788719932615,,,,358.25,-0.125,-0.125,23.2,-77.375,-18.688,-29.25,0.008,-0.004,-0.053,-0.64,0.52,9.39,-0.61,0.48,-0.41,-0.03,0.04,9.8,1.9475,0.0,0.0,0.0,0.0,5.0,1017.13,66.24,-17.87
2025-03-24 17:17:41.600000+00:00,57.765788719932615,,,,358.25,-0.062,-0.125,23.2,-77.375,-18.688,-29.25,0.008,-0.004,-0.053,-0.64,0.52,9.39,-0.61,0.48,-0.41,-0.03,0.04,9.8,1.9475,0.0,0.0,0.0,0.0,5.0,1017.13,66.24,-17.87
2025-03-24 17:17:42.600000+00:00,57.765788719932615,,,,358.25,0.062,0.0,23.2,-77.375,-18.688,-29.25,0.008,-0.004,-0.053,-0.64,0.52,9.39,-0.61,0.48,-0.41,-0.03,0.04,9.8,1.9475,0.0,0.0,0.0,0.0,5.0,1017.13,66.24,-17.87
2025-03-24 17:17:43.599000+00:00,57.765788719932615,,,,358.25,0.125,0.0,23.2,-77.375,-18.688,-29.25,0.008,-0.004,-0.053,-0.64,0.52,9.39,-0.61,0.48,-0.41,-0.03,0.04,9.8,1.9475,0.0,0.0,0.0,0.0,5.0,1017.13,66.24,-17.87
2025-03-24 17:17:44.619000+00:00,57.765788719932615,,,,358.25,-0.062,0.0,23.2,-77.375,-18.688,-29.25,0.008,-0.004,-0.053,-0.64,0.52,9.39,-0.61,0.48,-0.41,-0.03,0.04,9.8,1.9475,0.0,0.0,0.0,0.0,5.0,1017.13,66.24,-17.87
2025-03-24 17:17:45.618000+00:00,57.765788719932615,,,,358.25,-0.125,-0.188,23.2,-77.375,-18.688,-29.25,0.008,-0.004,-0.053,-0.64,0.52,9.39,-0.61,0.48,-0.41,-0.03,0.04,9.8,1.9475,0.0,0.0,0.0,0.0,5.0,1017.13,66.24,-17.87
2025-03-24 17:17:46.783000+00:00,57.765788719932615,,,,358.25,-0.375,-0.312,23.2,-77.375,-18.688,-29.25,0.008,-0.004,-0.053,-0.64,0.52,9.39,-0.61,0.48,-0.41,-0.03,0.04,9.8,1.9475,0.0,0.0,0.0,0.0,5.0,1017.13,66.24,-17.87
2025-03-24 17:17:47.829000+00:00,57.765788719932615,,,,358.188,-0.25,-0.312,23.2,-77.375,-18.688,-29.25,0.008,-0.004,-0.053,-0.64,0.52,9.39,-0.61,0.48,-0.41,-0.03,0.04,9.8,1.9475,0.0,0.0,0.0,0.0,5.0,1017.13,66.24,-17.87
2025-03-24 17:17:48.965000+00:00,57.765788719932615,,,,358.062,-0.188,-0.188,23.2,-77.375,-18.688,-29.25,0.008,-0.004,-0.053,-0.64,0.52,9.39,-0.61,0.48,-0.41,-0.03,0.04,9.8,1.9475,0.0,0.0,0.0,0.0,5.0,1017.13,66.24,-17.87
2025-03-24 17:17:49.789000+00:00,57.765788719932615,,,,358.125,-0.25,-0.25,23.2,-77.375,-18.688,-29.25,0.008,-0.004,-0.053,-0.64,0.52,9.39,-0.61,0.48,-0.41,-0.03,0.04,9.8,1.9475,0.0,0.0,0.0,0.0,5.0,1017.13,66.24,-17.87
2025-03-24 17:17:50.653000+00:00,57.765788719932615,,,,358.125,-0.062,-0.188,23.2,-77.375,-18.688,-29.25,0.008,-0.004,-0.053,-0.64,0.52,9.39,-0.61,0.48,-0.41,-0.03,0.04,9.8,1.9475,0.0,0.0,0.0,0.0,5.0,1017.13,66.24,-17.87
2025-03-24 17:17:51.662000+00:00,57.765788719932615,,,,358.062,0.0,-0.188,23.2,-77.375,-18.688,-29.25,0.008,-0.004,-0.053,-0.64,0.52,9.39,-0.61,0.48,-0.41,-0.03,0.04,9.8,1.9475,0.0,0.0,0.0,0.0,5.0,1017.13,66.24,-17.87
2025-03-24 17:17:52.673000+00:00,57.765788719932615,,,,358.0,-0.062,-0.25,23.2,-77.375,-18.688,-29.25,0.008,-0.004,-0.053,-0.64,0.52,9.39,-0.61,0.48,-0.41,-0.03,0.04,9.8,1.9475,0.0,0.0,0.0,0.0,5.0,1017.13,66.24,-17.87
2025-03-24 17:17:53.684000+00:00,57.765788719932615,,,,358.0,0.062,-0.125,23.2,-77.375,-18.688,-29.25,0.008,-0.004,-0.053,-0.64,0.52,9.39,-0.61,0.48,-0.41,-0.03,0.04,9.8,1.9475,0.0,0.0,0.0,0.0,5.0,1017.13,66.24,-17.87
2025-03-24 17:17:54.695000+00:00,57.765788719932615,,,,357.875,0.062,-0.125,23.2,-77.375,-18.688,-29.25,0.008,-0.004,-0.053,-0.64,0.52,9.39,-0.61,0.48,-0.41,-0.03,0.04,9.8,1.9475,0.0,0.0,0.0,0.0,5.0,1017.13,66.24,-17.87
2025-03-24 17:17:55.705000+00:00,57.765788719932615,,,,357.875,-0.125,-0.25,23.2,-77.375,-18.688,-29.25,0.008,-0.004,-0.053,-0.64,0.52,9.39,-0.61,0.48,-0.41,-0.03,0.04,9.8,1.9475,0.0,0.0,0.0,0.0,5.0,1017.13,66.24,-17.87
2025-03-24 17:17:56.764000+00:00,57.765788719932615,,,,357.812,-0.062,-0.188,23.2,-77.375,-18.688,-29.25,0.008,-0.004,-0.053,-0.64,0.52,9.39,-0.61,0.48,-0.41,-0.03,0.04,9.8,1.9475,0.0,0.0,0.0,0.0,5.0,1017.13,66.24,-17.87
2025-03-24 17:17:57.918000+00:00,57.765788719932615,,,,357.812,-0.062,-0.125,23.2,-77.375,-18.688,-29.25,0.008,-0.004,-0.053,-0.64,0.52,9.39,-0.61,0.48,-0.41,-0.03,0.04,9.8,1.9475,0.0,0.0,0.0,0.0,5.0,1017.13,66.24,-17.87
2025-03-24 17:17:59.095000+00:00,57.765788719932615,,,,357.875,-0.125,-0.188,23.2,-77.375,-18.688,-29.25,0.008,-0.004,-0.053,-0.64,0.52,9.39,-0.61,0.48,-0.41,-0.03,0.04,9.8,1.9475,0.0,0.0,0.0,0.0,5.0,1017.13,66.24,-17.87
2025-03-24 17:18:00.038000+00:00,57.765788719932615,,,,357.812,-0.188,-0.25,23.2,-77.375,-18.688,-29.25,0.008,-0.004,-0.053,-0.64,0.52,9.39,-0.61,0.48,-0.41,-0.03,0.04,9.8,1.9475,0.0,0.0,0.0,0.0,5.0,1017.13,66.24,-17.87
2025-03-24 17:18:01.054000+00:00,57.765788719932615,,,,357.812,-0.312,-0.25,23.2,-77.375,-18.688,-29.25,0.008,-0.004,-0.053,-0.64,0.52,9.39,-0.61,0.48,-0.41,-0.03,0.04,9.8,1.9475,0.0,0.0,0.0,0.0,5.0,1017.13,66.24,-17.87
2025-03-24 17:18:01.761000+00:00,57.765788719932615,,,,357.812,-0.312,-0.312,23.2,-77.375,-18.688,-29.25,0.008,-0.004,-0.053,-0.64,0.52,9.39,-0.61,0.48,-0.41,-0.03,0.04,9.8,1.9475,0.0,0.0,0.0,0.0,5.0,1017.13,66.24,-17.87
2025-03-24 17:18:02.771000+00:00,57.765788719932615,,,,357.812,-0.312,-0.375,23.2,-77.375,-18.688,-29.25,0.008,-0.004,-0.053,-0.64,0.52,9.39,-0.61,0.48,-0.41,-0.03,0.04,9.8,1.9475,0.0,0.0,0.0,0.0,5.0,1017.13,66.24,-17.87
2025-03-24 17:18:03.779000+00:00,57.765788719932615,,,,357.875,-0.188,-0.438,23.2,-77.375,-18.688,-29.25,0.008,-0.004,-0.053,-0.64,0.52,9.39,-0.61,0.48,-0.41,-0.03,0.04,9.8,1.9475,0.0,0.0,0.0,0.0,5.0,1017.13,66.24,-17.87
2025-03-24 17:18:04.789000+00:00,57.765788719932615,,,,357.75,-0.312,-0.5,23.2,-77.375,-18.688,-29.25,0.008,-0.004,-0.053,-0.64,0.52,9.39,-0.61,0.48,-0.41,-0.03,0.04,9.8,1.9475,0.0,0.0,0.0,0.0,5.0,1017.13,66.24,-17.87
2025-03-24 17:18:05.800000+00:00,57.765788719932615,,,,357.75,-0.125,-0.312,23.2,-77.375,-18.688,-29.25,0.008,-0.004,-0.053,-0.64,0.52,9.39,-0.61,0.48,-0.41,-0.03,0.04,9.8,1.9475,0.0,0.0,0.0,0.0,5.0,1017.13,66.24,-17.87
2025-03-24 17:18:06.811000+00:00,57.765788719932615,,,,357.75,-0.062,-0.188,23.2,-77.375,-18.688,-29.25,0.008,-0.004,-0.053,-0.64,0.52,9.39,-0.61,0.48,-0.41,-0.03,0.04,9.8,1.9475,0.0,0.0,0.0,0.0,5.0,1017.13,66.24,-17.87
2025-03-24 17:18:07.907000+00:00,57.765788719932615,,,,357.688,-0.125,-0.188,23.2,-77.375,-18.688,-29.25,0.008,-0.004,-0.053,-0.64,0.52,9.39,-0.61,0.48,-0.41,-0.03,0.04,9.8,1.9475,0.0,0.0,0.0,0.0,5.0,1017.13,66.24,-17.87
2025-03-24 17:18:08.917000+00:00,57.765788719932615,,,,357.625,-0.062,-0.125,23.2,-77.375,-18.688,-29.25,0.008,-0.004,-0.053,-0.64,0.52,9.39,-0.61,0.48,-0.41,-0.03,0.04,9.8,1.9475,0.0,0.0,0.0,0.0,5.0,1017.13,66.24,-17.87
2025-03-24 17:18:09.837000+00:00,57.765788719932615,,,,357.562,0.0,-0.062,23.2,-77.375,-18.688,-29.25,0.008,-0.004,-0.053,-0.64,0.52,9.39,-0.61,0.48,-0.41,-0.03,0.04,9.8,1.9475,0.0,0.0,0.0,0.0,5.0,1017.13,66.24,-17.87
2025-03-24 17:18:10.848000+00:00,57.765788719932615,,,,357.5,-0.062,-0.125,23.2,-77.375,-18.688,-29.25,0.008,-0.004,-0.053,-0.64,0.52,9.39,-0.61,0.48,-0.41,-0.03,0.04,9.8,1.9475,0.0,0.0,0.0,0.0,5.0,1017.13,66.24,-17.87
2025-03-24 17:18:11.858000+00:00,57.765788719932615,,,,357.5,0.0,-0.062,23.2,-77.375,-18.688,-29.25,0.008,-0.004,-0.053,-0.64,0.52,9.39,-0.61,0.48,-0.41,-0.03,0.04,9.8,1.9475,0.0,0.0,0.0,0.0,5.0,1017.13,66.24,-17.87
2025-03-24 17:18:12.868000+00:00,57.765788719932615,,,,357.438,0.062,0.0,23.2,-77.375,-18.688,-29.25,0.008,-0.004,-0.053,-0.64,0.52,9.39,-0.61,0.48,-0.41,-0.03,0.04,9.8,1.9475,0.0,0.0,0.0,0.0,5.0,1017.13,66.24,-17.87
2025-03-24 17:18:13.879000+00:00,57.765788719932615,,,,357.438,0.0,-0.062,23.2,-77.375,-18.688,-29.25,0.008,-0.004,-0.053,-0.64,0.52,9.39,-0.61,0.48,-0.41,-0.03,0.04,9.8,1.9475,0.0,0.0,0.0,0.0,5.0,1017.13,66.24,-17.87
2025-03-24 17:18:14.893000+00:00,57.765788719932615,,,,357.375,-0.062,0.0,23.2,-77.375,-18.688,-29.25,0.008,-0.004,-0.053,-0.64,0.52,9.39,-0.61,0.48,-0.41,-0.03,0.04,9.8,1.9475,0.0,0.0,0.0,0.0,5.0,1017.13,66.24,-17.87
2025-03-24 17:18:16.037000+00:00,57.765788719932615,,,,357.312,-0.125,-0.125,23.2,-77.375,-18.688,-29.25,0.008,-0.004,-0.053,-0.64,0.52,9.39,-0.61,0.48,-0.41,-0.03,0.04,9.8,1.9475,0.0,0.0,0.0,0.0,5.0,1017.13,66.24,-17.87
2025-03-24 17:18:17.113000+00:00,57.765788719932615,,,,357.25,-0.312,-0.188,23.2,-77.375,-18.688,-29.25,0.008,-0.004,-0.053,-0.64,0.52,9.39,-0.61,0.48,-0.41,-0.03,0.04,9.8,1.9475,0.0,0.0,0.0,0.0,5.0,1017.13,66.24,-17.87
2025-03-24 17:18:18.113000+00:00,57.765788719932615,,,,357.25,-0.312,-0.25,23.2,-77.375,-18.688,-29.25,0.008,-0.004,-0.053,-0.64,0.52,9.39,-0.61,0.48,-0.41,-0.03,0.04,9.8,1.9475,0.0,0.0,0.0,0.0,5.0,1017.13,66.24,-17.87
2025-03-24 17:18:19.171000+00:00,57.765788719932615,,,,357.188,-0.5,-0.25,23.2,-77.375,-18.688,-29.25,0.008,-0.004,-0.053,-0.64,0.52,9.39,-0.61,0.48,-0.41,-0.03,0.04,9.8,1.9475,0.0,0.0,0.0,0.0,5.0,1017.13,66.24,-17.87
2025-03-24 17:18:20.236000+00:00,57.765788719932615,,,,357.188,-0.438,-0.312,23.2,-77.375,-18.688,-29.25,0.008,-0.004,-0.053,-0.64,0.52,9.39,-0.61,0.48,-0.41,-0.03,0.04,9.8,1.9475,0.0,0.0,0.0,0.0,5.0,1017.13,66.24,-17.87
2025-03-24 17:18:20.955000+00:00,57.765788719932615,,,,357.188,-0.312,-0.375,23.2,-77.375,-18.688,-29.25,0.008,-0.004,-0.053,-0.64,0.52,9.39,-0.61,0.48,-0.41,-0.03,0.04,9.8,1.9475,0.0,0.0,0.0,0.0,5.0,1017.13,66.24,-17.87
2025-03-24 17:18:21.964000+00:00,57.765788719932615,,,,357.188,-0.375,-0.438,23.2,-77.375,-18.688,-29.25,0.008,-0.004,-0.053,-0.64,0.52,9.39,-0.61,0.48,-0.41,-0.03,0.04,9.8,1.9475,0.0,0.0,0.0,0.0,5.0,1017.13,66.24,-17.87
2025-03-24 17:18:22.973000+00:00,57.765788719932615,,,,357.188,-0.312,-0.438,23.2,-77.375,-18.688,-29.25,0.008,-0.004,-0.053,-0.64,0.52,9.39,-0.61,0.48,-0.41,-0.03,0.04,9.8,1.9475,0.0,0.0,0.0,0.0,5.0,1017.13,66.24,-17.87
2025-03-24 17:18:23.982000+00:00,57.765788719932615,,,,357.062,-0.25,-0.312,23.2,-77.375,-18.688,-29.25,0.008,-0.004,-0.053,-0.64,0.52,9.39,-0.61,0.48,-0.41,-0.03,0.04,9.8,1.9475,0.0,0.0,0.0,0.0,5.0,1017.13,66.24,-17.87
2025-03-24 17:18:24.993000+00:00,57.765788719932615,,,,357.125,-0.125,-0.188,23.2,-77.375,-18.688,-29.25,0.008,-0.004,-0.053,-0.64,0.52,9.39,-0.61,0.48,-0.41,-0.03,0.04,9.8,1.9475,0.0,0.0,0.0,0.0,5.0,1017.13,66.24,-17.87
2025-03-24 17:18:26.003000+00:00,57.765788719932615,,,,357.062,-0.062,-0.062,23.2,-77.375,-18.688,-29.25,0.008,-0.004,-0.053,-0.64,0.52,9.39,-0.61,0.48,-0.41,-0.03,0.04,9.8,1.9475,0.0,0.0,0.0,0.0,5.0,1017.13,66.24,-17.87
2025-03-24 17:18:27.096000+00:00,57.765788719932615,,,,357.062,0.062,0.0,23.2,-77.375,-18.688,-29.25,0.008,-0.004,-0.053,-0.64,0.52,9.39,-0.61,0.48,-0.41,-0.03,0.04,9.8,1.9475,0.0,0.0,0.0,0.0,5.0,1017.13,66.24,-17.87
2025-03-24 17:17:28.056000+00:00,57.765788719932615,,,,357.062,0.062,0.0,23.2,-77.375,-18.688,-29.25,0.008,-0.004,-0.053,-0.64,0.52,9.39,-0.61,0.48,-0.41,-0.03,0.04,9.8,1.9475,0.0,0.0,0.0,0.0,5.0,1017.13,66.24,-17.87
2025-03-24 17:17:28.617000+00:00,57.765788719932615,,,,357.062,0.062,0.0,23.0,-77.375,-18.688,-29.25,0.008,-0.004,-0.053,-0.64,0.52,9.39,-0.61,0.48,-0.41,-0.03,0.04,9.8,1.9475,0.0,0.0,0.0,0.0,5.0,1017.13,66.24,-17.87
2025-03-24 17:17:29.210000+00:00,57.765788719932615,,,,357.062,0.062,0.0,23.2,-77.375,-18.688,-29.25,0.008,-0.004,-0.053,-0.64,0.52,9.39,-0.61,0.48,-0.41,-0.03,0.04,9.8,1.9475,0.0,0.0,0.0,0.0,5.0,1017.13,66.24,-17.87
2025-03-24 17:17:29.637000+00:00,57.765788719932615,,,,357.062,0.062,0.0,23.0,-77.375,-18.688,-29.25,0.008,-0.004,-0.053,-0.64,0.52,9.39,-0.61,0.48,-0.41,-0.03,0.04,9.8,1.9475,0.0,0.0,0.0,0.0,5.0,1017.13,66.24,-17.87
2025-03-24 17:17:30.360000+00:00,57.765788719932615,,,,357.062,0.062,0.0,23.2,-77.375,-18.688,-29.25,0.008,-0.004,-0.053,-0.64,0.52,9.39,-0.61,0.48,-0.41,-0.03,0.04,9.8,1.9475,0.0,0.0,0.0,0.0,5.0,1017.13,66.24,-17.87
2025-03-24 17:17:30.770000+00:00,57.765788719932615,,,,357.062,0.062,0.0,23.0,-77.375,-18.688,-29.25,0.008,-0.004,-0.053,-0.64,0.52,9.39,-0.61,0.48,-0.41,-0.03,0.04,9.8,1.9475,0.0,0.0,0.0,0.0,5.0,1017.13,66.24,-17.87
2025-03-24 17:17:31.390000+00:00,57.765788719932615,,,,357.062,0.062,0.0,23.2,-77.375,-18.688,-29.25,0.008,-0.004,-0.053,-0.64,0.52,9.39,-0.61,0.48,-0.41,-0.03,0.04,9.8,1.9475,0.0,0.0,0.0,0.0,5.0,1017.13,66.24,-17.87
2025-03-24 17:17:31.827000+00:00,57.765788719932615,,,,357.062,0.062,0.0,23.0,-77.375,-18.688,-29.25,0.008,-0.004,-0.053,-0.64,0.52,9.39,-0.61,0.48,-0.41,-0.03,0.04,9.8,1.9475,0.0,0.0,0.0,0.0,5.0,1017.13,66.24,-17.87
2025-03-24 17:17:32.695000+00:00,57.765788719932615,,,,357.062,0.062,0.0,23.2,-77.375,-18.688,-29.25,0.008,-0.004,-0.053,-0.64,0.52,9.39,-0.61,0.48,-0.41,-0.03,0.04,9.8,1.9475,0.0,0.0,0.0,0.0,5.0,1017.13,66.24,-17.87
2025-03-24 17:17:32.951000+00:00,57.765788719932615,,,,357.062,0.062,0.0,23.0,-77.375,-18.688,-29.25,0.008,-0.004,-0.053,-0.64,0.52,9.39,-0.61,0.48,-0.41,-0.03,0.04,9.8,1.9475,0.0,0.0,0.0,0.0,5.0,1017.13,66.24,-17.87
2025-03-24 17:17:33.610000+00:00,57.765788719932615,,,,357.062,0.062,0.0,23.0,-77.375,-18.688,-29.25,0.008,-0.004,-0.053,-0.64,0.52,9.39,-0.61,0.48,-0.41,-0.03,0.04,9.8,1.9475,0.0,0.0,0.0,0.0,5.0,1017.13,66.24,-17.87
2025-03-24 17:17:33.986000+00:00,57.765788719932615,,,,357.062,0.062,0.0,23.2,-77.375,-18.688,-29.25,0.008,-0.004,-0.053,-0.64,0.52,9.39,-0.61,0.48,-0.41,-0.03,0.04,9.8,1.9475,0.0,0.0,0.0,0.0,5.0,1017.13,66.24,-17.87
2025-03-24 17:17:34.647000+00:00,57.765788719932615,,,,357.062,0.062,0.0,23.0,-77.375,-18.688,-29.25,0.008,-0.004,-0.053,-0.64,0.52,9.39,-0.61,0.48,-0.41,-0.03,0.04,9.8,1.9475,0.0,0.0,0.0,0.0,5.0,1017.13,66.24,-17.87
2025-03-24 17:17:35.090000+00:00,57.765788719932615,,,,357.062,0.062,0.0,23.2,-77.375,-18.688,-29.25,0.008,-0.004,-0.053,-0.64,0.52,9.39,-0.61,0.48,-0.41,-0.03,0.04,9.8,1.9475,0.0,0.0,0.0,0.0,5.0,1017.13,66.24,-17.87
2025-03-24 17:17:35.627000+00:00,57.765788719932615,,,,357.062,0.062,0.0,23.0,-77.375,-18.688,-29.25,0.008,-0.004,-0.053,-0.64,0.52,9.39,-0.61,0.48,-0.41,-0.03,0.04,9.8,1.9475,0.0,0.0,0.0,0.0,5.0,1017.13,66.24,-17.87
2025-03-24 17:17:36.066000+00:00,57.765788719932615,,,,357.062,0.062,0.0,23.2,-77.375,-18.688,-29.25,0.008,-0.004,-0.053,-0.64,0.52,9.39,-0.61,0.48,-0.41,-0.03,0.04,9.8,1.9475,0.0,0.0,0.0,0.0,5.0,1017.13,66.24,-17.87
2025-03-24 17:17:36.650000+00:00,57.765788719932615,,,,357.062,0.062,0.0,23.0,-77.375,-18.688,-29.25,0.008,-0.004,-0.053,-0.64,0.52,9.39,-0.61,0.48,-0.41,-0.03,0.04,9.8,1.9475,0.0,0.0,0.0,0.0,5.0,1017.13,66.24,-17.87
2025-03-24 17:17:37.086000+00:00,57.765788719932615,,,,357.062,0.062,0.0,23.2,-77.375,-18.688,-29.25,0.008,-0.004,-0.053,-0.64,0.52,9.39,-0.61,0.48,-0.41,-0.03,0.04,9.8,1.9475,0.0,0.0,0.0,0.0,5.0,1017.13,66.24,-17.87
2025-03-24 17:17:37.629000+00:00,57.765788719932615,,,,357.062,0.062,0.0,23.0,-77.375,-18.688,-29.25,0.008,-0.004,-0.053,-0.64,0.52,9.39,-0.61,0.48,-0.41,-0.03,0.04,9.8,1.9475,0.0,0.0,0.0,0.0,5.0,1017.13,66.24,-17.87
2025-03-24 17:17:38.086000+00:00,57.765788719932615,,,,357.062,0.062,0.0,23.2,-77.375,-18.688,-29.25,0.008,-0.004,-0.053,-0.64,0.52,9.39,-0.61,0.48,-0.41,-0.03,0.04,9.8,1.9475,0.0,0.0,0.0,0.0,5.0,1017.13,66.24,-17.87
2025-03-24 17:17:38.647000+00:00,57.765788719932615,,,,357.062,0.062,0.0,23.0,-77.375,-18.688,-29.25,0.008,-0.004,-0.053,-0.64,0.52,9.39,-0.61,0.48,-0.41,-0.03,0.04,9.8,1.9475,0.0,0.0,0.0,0.0,5.0,1017.13,66.24,-17.87
2025-03-24 17:17:39.705000+00:00,57.765788719932615,,,,357.062,0.062,0.0,23.2,-77.375,-18.688,-29.25,0.008,-0.004,-0.053,-0.64,0.52,9.39,-0.61,0.48,-0.41,-0.03,0.04,9.8,1.9475,0.0,0.0,0.0,0.0,5.0,1017.13,66.24,-17.87
2025-03-24 17:17:39.973000+00:00,57.765788719932615,,,,357.062,0.062,0.0,23.0,-77.375,-18.688,-29.25,0.008,-0.004,-0.053,-0.64,0.52,9.39,-0.61,0.48,-0.41,-0.03,0.04,9.8,1.9475,0.0,0.0,0.0,0.0,5.0,1017.13,66.24,-17.87
2025-03-24 17:17:40.709000+00:00,57.765788719932615,,,,357.062,0.062,0.0,23.0,-77.375,-18.688,-29.25,0.008,-0.004,-0.053,-0.64,0.52,9.39,-0.61,0.48,-0.41,-0.03,0.04,9.8,1.9475,0.0,0.0,0.0,0.0,5.0,1017.13,66.24,-17.87
2025-03-24 17:17:41.155000+00:00,57.765788719932615,,,,357.062,0.062,0.0,23.18,-77.375,-18.688,-29.25,0.008,-0.004,-0.053,-0.64,0.52,9.39,-0.61,0.48,-0.41,-0.03,0.04,9.8,1.9475,0.0,0.0,0.0,0.0,5.0,1017.13,66.24,-17.87
2025-03-24 17:17:41.650000+00:00,57.765788719932615,,,,357.062,0.062,0.0,23.0,-77.375,-18.688,-29.25,0.008,-0.004,-0.053,-0.64,0.52,9.39,-0.61,0.48,-0.41,-0.03,0.04,9.8,1.9475,0.0,0.0,0.0,0.0,5.0,1017.13,66.24,-17.87
2025-03-24 17:17:42.106000+00:00,57.765788719932615,,,,357.062,0.062,0.0,23.18,-77.375,-18.688,-29.25,0.008,-0.004,-0.053,-0.64,0.52,9.39,-0.61,0.48,-0.41,-0.03,0.04,9.8,1.9475,0.0,0.0,0.0,0.0,5.0,1017.13,66.24,-17.87
2025-03-24 17:17:42.650000+00:00,57.765788719932615,,,,357.062,0.062,0.0,23.0,-77.375,-18.688,-29.25,0.008,-0.004,-0.053,-0.64,0.52,9.39,-0.61,0.48,-0.41,-0.03,0.04,9.8,1.9475,0.0,0.0,0.0,0.0,5.0,1017.13,66.24,-17.87
2025-03-24 17:17:43.119000+00:00,57.765788719932615,,,,357.062,0.062,0.0,23.18,-77.375,-18.688,-29.25,0.008,-0.004,-0.053,-0.64,0.52,9.39,-0.61,0.48,-0.41,-0.03,0.04,9.8,1.9475,0.0,0.0,0.0,0.0,5.0,1017.13,66.24,-17.87
2025-03-24 17:17:43.649000+00:00,57.765788719932615,,,,357.062,0.062,0.0,23.0,-77.375,-18.688,-29.25,0.008,-0.004,-0.053,-0.64,0.52,9.39,-0.61,0.48,-0.41,-0.03,0.04,9.8,1.9475,0.0,0.0,0.0,0.0,5.0,1017.13,66.24,-17.87
2025-03-24 17:17:44.145000+00:00,57.765788719932615,,,,357.062,0.062,0.0,23.18,-77.375,-18.688,-29.25,0.008,-0.004,-0.053,-0.64,0.52,9.39,-0.61,0.48,-0.41,-0.03,0.04,9.8,1.9475,0.0,0.0,0.0,0.0,5.0,1017.13,66.24,-17.87
2025-03-24 17:17:44.686000+00:00,57.765788719932615,,,,357.062,0.062,0.0,23.0,-77.375,-18.688,-29.25,0.008,-0.004,-0.053,-0.64,0.52,9.39,-0.61,0.48,-0.41,-0.03,0.04,9.8,1.9475,0.0,0.0,0.0,0.0,5.0,1017.13,66.24,-17.87
2025-03-24 17:17:45.250000+00:00,57.765788719932615,,,,357.062,0.062,0.0,23.18,-77.375,-18.688,-29.25,0.008,-0.004,-0.053,-0.64,0.52,9.39,-0.61,0.48,-0.41,-0.03,0.04,9.8,1.9475,0.0,0.0,0.0,0.0,5.0,1017.13,66.24,-17.87
2025-03-24 17:17:45.679000+00:00,57.765788719932615,,,,357.062,0.062,0.0,23.0,-77.375,-18.688,-29.25,0.008,-0.004,-0.053,-0.64,0.52,9.39,-0.61,0.48,-0.41,-0.03,0.04,9.8,1.9475,0.0,0.0,0.0,0.0,5.0,1017.13,66.24,-17.87
2025-03-24 17:17:46.413000+00:00,57.765788719932615,,,,357.062,0.062,0.0,23.18,-77.375,-18.688,-29.25,0.008,-0.004,-0.053,-0.64,0.52,9.39,-0.61,0.48,-0.41,-0.03,0.04,9.8,1.9475,0.0,0.0,0.0,0.0,5.0,1017.13,66.24,-17.87
2025-03-24 17:17:46.829000+00:00,57.765788719932615,,,,357.062,0.062,0.0,23.0,-77.375,-18.688,-29.25,0.008,-0.004,-0.053,-0.64,0.52,9.39,-0.61,0.48,-0.41,-0.03,0.04,9.8,1.9475,0.0,0.0,0.0,0.0,5.0,1017.13,66.24,-17.87
2025-03-24 17:17:47.454000+00:00,57.765788719932615,,,,357.062,0.062,0.0,23.18,-77.375,-18.688,-29.25,0.008,-0.004,-0.053,-0.64,0.52,9.39,-0.61,0.48,-0.41,-0.03,0.04,9.8,1.9475,0.0,0.0,0.0,0.0,5.0,1017.13,66.24,-17.87
2025-03-24 17:17:47.885000+00:00,57.765788719932615,,,,357.062,0.062,0.0,23.0,-77.375,-18.688,-29.25,0.008,-0.004,-0.053,-0.64,0.52,9.39,-0.61,0.48,-0.41,-0.03,0.04,9.8,1.9475,0.0,0.0,0.0,0.0,5.0,1017.13,66.24,-17.87
2025-03-24 17:17:48.745000+00:00,57.765788719932615,,,,357.062,0.062,0.0,23.18,-77.375,-18.688,-29.25,0.008,-0.004,-0.053,-0.64,0.52,9.39,-0.61,0.48,-0.41,-0.03,0.04,9.8,1.9475,0.0,0.0,0.0,0.0,5.0,1017.13,66.24,-17.87
2025-03-24 17:17:49.020000+00:00,57.765788719932615,,,,357.062,0.062,0.0,23.0,-77.375,-18.688,-29.25,0.008,-0.004,-0.053,-0.64,0.52,9.39,-0.61,0.48,-0.41,-0.03,0.04,9.8,1.9475,0.0,0.0,0.0,0.0,5.0,1017.13,66.24,-17.87
2025-03-24 17:17:49.739000+00:00,57.765788719932615,,,,357.062,0.062,0.0,23.18,-77.375,-18.688,-29.25,0.008,-0.004,-0.053,-0.64,0.52,9.39,-0.61,0.48,-0.41,-0.03,0.04,9.8,1.9475,0.0,0.0,0.0,0.0,5.0,1017.13,66.24,-17.87
2025-03-24 17:17:49.839000+00:00,57.765788719932615,,,,357.062,0.062,0.0,23.0,-77.375,-18.688,-29.25,0.008,-0.004,-0.053,-0.64,0.52,9.39,-0.61,0.48,-0.41,-0.03,0.04,9.8,1.9475,0.0,0.0,0.0,0.0,5.0,1017.13,66.24,-17.87
2025-03-24 17:17:50.704000+00:00,57.765788719932615,,,,357.062,0.062,0.0,23.0,-77.375,-18.688,-29.25,0.008,-0.004,-0.053,-0.64,0.52,9.39,-0.61,0.48,-0.41,-0.03,0.04,9.8,1.9475,0.0,0.0,0.0,0.0,5.0,1017.13,66.24,-17.87
2025-03-24 17:17:51.118000+00:00,57.765788719932615,,,,357.062,0.062,0.0,23.18,-77.375,-18.688,-29.25,0.008,-0.004,-0.053,-0.64,0.52,9.39,-0.61,0.48,-0.41,-0.03,0.04,9.8,1.9475,0.0,0.0,0.0,0.0,5.0,1017.13,66.24,-17.87
2025-03-24 17:17:51.716000+00:00,57.765788719932615,,,,357.062,0.062,0.0,23.0,-77.375,-18.688,-29.25,0.008,-0.004,-0.053,-0.64,0.52,9.39,-0.61,0.48,-0.41,-0.03,0.04,9.8,1.9475,0.0,0.0,0.0,0.0,5.0,1017.13,66.24,-17.87
2025-03-24 17:17:52.185000+00:00,57.765788719932615,,,,357.062,0.062,0.0,23.18,-77.375,-18.688,-29.25,0.008,-0.004,-0.053,-0.64,0.52,9.39,-0.61,0.48,-0.41,-0.03,0.04,9.8,1.9475,0.0,0.0,0.0,0.0,5.0,1017.13,66.24,-17.87
2025-03-24 17:17:52.722000+00:00,57.765788719932615,,,,357.062,0.062,0.0,23.0,-77.375,-18.688,-29.25,0.008,-0.004,-0.053,-0.64,0.52,9.39,-0.61,0.48,-0.41,-0.03,0.04,9.8,1.9475,0.0,0.0,0.0,0.0,5.0,1017.13,66.24,-17.87
2025-03-24 17:17:53.158000+00:00,57.765788719932615,,,,357.062,0.062,0.0,23.18,-77.375,-18.688,-29.25,0.008,-0.004,-0.053,-0.64,0.52,9.39,-0.61,0.48,-0.41,-0.03,0.04,9.8,1.9475,0.0,0.0,0.0,0.0,5.0,1017.13,66.24,-17.87
2025-03-24 17:17:53.729000+00:00,57.765788719932615,,,,357.062,0.062,0.0,23.0,-77.375,-18.688,-29.25,0.008,-0.004,-0.053,-0.64,0.52,9.39,-0.61,0.48,-0.41,-0.03,0.04,9.8,1.9475,0.0,0.0,0.0,0.0,5.0,1017.13,66.24,-17.87
2025-03-24 17:17:54.152000+00:00,57.765788719932615,,,,357.062,0.062,0.0,23.18,-77.375,-18.688,-29.25,0.008,-0.004,-0.053,-0.64,0.52,9.39,-0.61,0.48,-0.41,-0.03,0.04,9.8,1.9475,0.0,0.0,0.0,0.0,5.0,1017.13,66.24,-17.87
2025-03-24 17:17:54.748000+00:00,57.765788719932615,,,,357.062,0.062,0.0,23.0,-77.375,-18.688,-29.25,0.008,-0.004,-0.053,-0.64,0.52,9.39,-0.61,0.48,-0.41,-0.03,0.04,9.8,1.9475,0.0,0.0,0.0,0.0,5.0,1017.13,66.24,-17.87
2025-03-24 17:17:55.194000+00:00,57.765788719932615,,,,357.062,0.062,0.0,23.18,-77.375,-18.688,-29.25,0.008,-0.004,-0.053,-0.64,0.52,9.39,-0.61,0.48,-0.41,-0.03,0.04,9.8,1.9475,0.0,0.0,0.0,0.0,5.0,1017.13,66.24,-17.87
2025-03-24 17:17:55.758000+00:00,57.765788719932615,,,,357.062,0.062,0.0,23.0,-77.375,-18.688,-29.25,0.008,-0.004,-0.053,-0.64,0.52,9.39,-0.61,0.48,-0.41,-0.03,0.04,9.8,1.9475,0.0,0.0,0.0,0.0,5.0,1017.13,66.24,-17.87
2025-03-24 17:17:56.339000+00:00,57.765788719932615,,,,357.062,0.062,0.0,23.18,-77.375,-18.688,-29.25,0.008,-0.004,-0.053,-0.64,0.52,9.39,-0.61,0.48,-0.41,-0.03,0.04,9.8,1.9475,0.0,0.0,0.0,0.0,5.0,1017.13,66.24,-17.87
2025-03-24 17:17:56.826000+00:00,57.765788719932615,,,,357.062,0.062,0.0,23.0,-77.375,-18.688,-29.25,0.008,-0.004,-0.053,-0.64,0.52,9.39,-0.61,0.48,-0.41,-0.03,0.04,9.8,1.9475,0.0,0.0,0.0,0.0,5.0,1017.13,66.24,-17.87
2025-03-24 17:17:57.490000+00:00,57.765788719932615,,,,357.062,0.062,0.0,23.18,-77.375,-18.688,-29.25,0.008,-0.004,-0.053,-0.64,0.52,9.39,-0.61,0.48,-0.41,-0.03,0.04,9.8,1.9475,0.0,0.0,0.0,0.0,5.0,1017.13,66.24,-17.87
2025-03-24 17:17:57.976000+00:00,57.765788719932615,,,,357.062,0.062,0.0,23.0,-77.375,-18.688,-29.25,0.008,-0.004,-0.053,-0.64,0.52,9.39,-0.61,0.48,-0.41,-0.03,0.04,9.8,1.9475,0.0,0.0,0.0,0.0,5.0,1017.13,66.24,-17.87
2025-03-24 17:17:58.818000+00:00,57.765788719932615,,,,357.062,0.062,0.0,23.18,-77.375,-18.688,-29.25,0.008,-0.004,-0.053,-0.64,0.52,9.39,-0.61,0.48,-0.41,-0.03,0.04,9.8,1.9475,0.0,0.0,0.0,0.0,5.0,1017.13,66.24,-17.87
2025-03-24 17:17:59.155000+00:00,57.765788719932615,,,,357.062,0.062,0.0,23.0,-77.375,-18.688,-29.25,0.008,-0.004,-0.053,-0.64,0.52,9.39,-0.61,0.48,-0.41,-0.03,0.04,9.8,1.9475,0.0,0.0,0.0,0.0,5.0,1017.13,66.24,-17.87
2025-03-24 17:17:59.834000+00:00,57.765788719932615,,,,357.062,0.062,0.0,23.18,-77.375,-18.688,-29.25,0.008,-0.004,-0.053,-0.64,0.52,9.39,-0.61,0.48,-0.41,-0.03,0.04,9.8,1.9475,0.0,0.0,0.0,0.0,5.0,1017.13,66.24,-17.87
2025-03-24 17:18:00.095000+00:00,57.765788719932615,,,,357.062,0.062,0.0,23.0,-77.375,-18.688,-29.25,0.008,-0.004,-0.053,-0.64,0.52,9.39,-0.61,0.48,-0.41,-0.03,0.04,9.8,1.9475,0.0,0.0,0.0,0.0,5.0,1017.13,66.24,-17.87
2025-03-24 17:18:00.844000+00:00,57.765788719932615,,,,357.062,0.062,0.0,23.18,-77.375,-18.688,-29.25,0.008,-0.004,-0.053,-0.64,0.52,9.39,-0.61,0.48,-0.41,-0.03,0.04,9.8,1.9475,0.0,0.0,0.0,0.0,5.0,1017.13,66.24,-17.87
2025-03-24 17:18:01.115000+00:00,57.765788719932615,,,,357.062,0.062,0.0,23.0,-77.375,-18.688,-29.25,0.008,-0.004,-0.053,-0.64,0.52,9.39,-0.61,0.48,-0.41,-0.03,0.04,9.8,1.9475,0.0,0.0,0.0,0.0,5.0,1017.13,66.24,-17.87
2025-03-24 17:18:01.808000+00:00,57.765788719932615,,,,357.062,0.062,0.0,23.0,-77.375,-18.688,-29.25,0.008,-0.004,-0.053,-0.64,0.52,9.39,-0.61,0.48,-0.41,-0.03,0.04,9.8,1.9475,0.0,0.0,0.0,0.0,5.0,1017.13,66.24,-17.87
2025-03-24 17:18:02.254000+00:00,57.765788719932615,,,,357.062,0.062,0.0,23.18,-77.375,-18.688,-29.25,0.008,-0.004,-0.053,-0.64,0.52,9.39,-0.61,0.48,-0.41,-0.03,0.04,9.8,1.9475,0.0,0.0,0.0,0.0,5.0,1017.13,66.24,-17.87
2025-03-24 17:18:02.825000+00:00,57.765788719932615,,,,357.062,0.062,0.0,23.0,-77.375,-18.688,-29.25,0.008,-0.004,-0.053,-0.64,0.52,9.39,-0.61,0.48,-0.41,-0.03,0.04,9.8,1.9475,0.0,0.0,0.0,0.0,5.0,1017.13,66.24,-17.87
2025-03-24 17:18:03.263000+00:00,57.765788719932615,,,,357.062,0.062,0.0,23.18,-77.375,-18.688,-29.25,0.008,-0.004,-0.053,-0.64,0.52,9.39,-0.61,0.48,-0.41,-0.03,0.04,9.8,1.9475,0.0,0.0,0.0,0.0,5.0,1017.13,66.24,-17.87
2025-03-24 17:18:03.828000+00:00,57.765788719932615,,,,357.062,0.062,0.0,23.0,-77.375,-18.688,-29.25,0.008,-0.004,-0.053,-0.64,0.52,9.39,-0.61,0.48,-0.41,-0.03,0.04,9.8,1.9475,0.0,0.0,0.0,0.0,5.0,1017.13,66.24,-17.87
2025-03-24 17:18:04.293000+00:00,57.765788719932615,,,,357.062,0.062,0.0,23.18,-77.375,-18.688,-29.25,0.008,-0.004,-0.053,-0.64,0.52,9.39,-0.61,0.48,-0.41,-0.03,0.04,9.8,1.9475,0.0,0.0,0.0,0.0,5.0,1017.13,66.24,-17.87
2025-03-24 17:18:04.841000+00:00,57.765788719932615,,,,357.062,0.062,0.0,23.0,-77.375,-18.688,-29.25,0.008,-0.004,-0.053,-0.64,0.52,9.39,-0.61,0.48,-0.41,-0.03,0.04,9.8,1.9475,0.0,0.0,0.0,0.0,5.0,1017.13,66.24,-17.87
2025-03-24 17:18:05.417000+00:00,57.765788719932615,,,,357.062,0.062,0.0,23.18,-77.375,-18.688,-29.25,0.008,-0.004,-0.053,-0.64,0.52,9.39,-0.61,0.48,-0.41,-0.03,0.04,9.8,1.9475,0.0,0.0,0.0,0.0,5.0,1017.13,66.24,-17.87
2025-03-24 17:18:05.854000+00:00,57.765788719932615,,,,357.062,0.062,0.0,23.0,-77.375,-18.688,-29.25,0.008,-0.004,-0.053,-0.64,0.52,9.39,-0.61,0.48,-0.41,-0.03,0.04,9.8,1.9475,0.0,0.0,0.0,0.0,5.0,1017.13,66.24,-17.87
2025-03-24 17:18:06.364000+00:00,57.765788719932615,,,,357.062,0.062,0.0,23.18,-77.375,-18.688,-29.25,0.008,-0.004,-0.053,-0.64,0.52,9.39,-0.61,0.48,-0.41,-0.03,0.04,9.8,1.9475,0.0,0.0,0.0,0.0,5.0,1017.13,66.24,-17.87
2025-03-24 17:18:06.864000+00:00,57.765788719932615,,,,357.062,0.062,0.0,23.0,-77.375,-18.688,-29.25,0.008,-0.004,-0.053,-0.64,0.52,9.39,-0.61,0.48,-0.41,-0.03,0.04,9.8,1.9475,0.0,0.0,0.0,0.0,5.0,1017.13,66.24,-17.87
2025-03-24 17:18:07.504000+00:00,57.765788719932615,,,,357.062,0.062,0.0,23.18,-77.375,-18.688,-29.25,0.008,-0.004,-0.053,-0.64,0.52,9.39,-0.61,0.48,-0.41,-0.03,0.04,9.8,1.9475,0.0,0.0,0.0,0.0,5.0,1017.13,66.24,-17.87
2025-03-24 17:18:07.965000+00:00,57.765788719932615,,,,357.062,0.062,0.0,23.0,-77.375,-18.688,-29.25,0.008,-0.004,-0.053,-0.64,0.52,9.39,-0.61,0.48,-0.41,-0.03,0.04,9.8,1.9475,0.0,0.0,0.0,0.0,5.0,1017.13,66.24,-17.87
2025-03-24 17:18:08.554000+00:00,57.765788719932615,,,,357.062,0.062,0.0,23.18,-77.375,-18.688,-29.25,0.008,-0.004,-0.053,-0.64,0.52,9.39,-0.61,0.48,-0.41,-0.03,0.04,9.8,1.9475,0.0,0.0,0.0,0.0,5.0,1017.13,66.24,-17.87
2025-03-24 17:18:08.975000+00:00,57.765788719932615,,,,357.062,0.062,0.0,23.0,-77.375,-18.688,-29.25,0.008,-0.004,-0.053,-0.64,0.52,9.39,-0.61,0.48,-0.41,-0.03,0.04,9.8,1.9475,0.0,0.0,0.0,0.0,5.0,1017.13,66.24,-17.87
2025-03-24 17:18:09.888000+00:00,57.765788719932615,,,,357.062,0.062,0.0,23.0,-77.375,-18.688,-29.25,0.008,-0.004,-0.053,-0.64,0.52,9.39,-0.61,0.48,-0.41,-0.03,0.04,9.8,1.9475,0.0,0.0,0.0,0.0,5.0,1017.13,66.24,-17.87
2025-03-24 17:18:10.307000+00:00,57.765788719932615,,,,357.062,0.062,0.0,23.21,-77.375,-18.688,-29.25,0.008,-0.004,-0.053,-0.64,0.52,9.39,-0.61,0.48,-0.41,-0.03,0.04,9.8,1.9475,0.0,0.0,0.0,0.0,5.0,1017.13,66.24,-17.87
2025-03-24 17:18:10.900000+00:00,57.765788719932615,,,,357.062,0.062,0.0,23.0,-77.375,-18.688,-29.25,0.008,-0.004,-0.053,-0.64,0.52,9.39,-0.61,0.48,-0.41,-0.03,0.04,9.8,1.9475,0.0,0.0,0.0,0.0,5.0,1017.13,66.24,-17.87
2025-03-24 17:18:11.337000+00:00,57.765788719932615,,,,357.062,0.062,0.0,23.21,-77.375,-18.688,-29.25,0.008,-0.004,-0.053,-0.64,0.52,9.39,-0.61,0.48,-0.41,-0.03,0.04,9.8,1.9475,0.0,0.0,0.0,0.0,5.0,1017.13,66.24,-17.87
2025-03-24 17:18:11.914000+00:00,57.765788719932615,,,,357.062,0.062,0.0,23.0,-77.375,-18.688,-29.25,0.008,-0.004,-0.053,-0.64,0.52,9.39,-0.61,0.48,-0.41,-0.03,0.04,9.8,1.9475,0.0,0.0,0.0,0.0,5.0,1017.13,66.24,-17.87
2025-03-24 17:18:12.328000+00:00,57.765788719932615,,,,357.062,0.062,0.0,23.21,-77.375,-18.688,-29.25,0.008,-0.004,-0.053,-0.64,0.52,9.39,-0.61,0.48,-0.41,-0.03,0.04,9.8,1.9475,0.0,0.0,0.0,0.0,5.0,1017.13,66.24,-17.87
2025-03-24 17:18:12.924000+00:00,57.765788719932615,,,,357.062,0.062,0.0,23.0,-77.375,-18.688,-29.25,0.008,-0.004,-0.053,-0.64,0.52,9.39,-0.61,0.48,-0.41,-0.03,0.04,9.8,1.9475,0.0,0.0,0.0,0.0,5.0,1017.13,66.24,-17.87
2025-03-24 17:18:13.437000+00:00,57.765788719932615,,,,357.062,0.062,0.0,23.21,-77.375,-18.688,-29.25,0.008,-0.004,-0.053,-0.64,0.52,9.39,-0.61,0.48,-0.41,-0.03,0.04,9.8,1.9475,0.0,0.0,0.0,0.0,5.0,1017.13,66.24,-17.87
2025-03-24 17:18:13.928000+00:00,57.765788719932615,,,,357.062,0.062,0.0,23.0,-77.375,-18.688,-29.25,0.008,-0.004,-0.053,-0.64,0.52,9.39,-0.61,0.48,-0.41,-0.03,0.04,9.8,1.9475,0.0,0.0,0.0,0.0,5.0,1017.13,66.24,-17.87
2025-03-24 17:18:14.471000+00:00,57.765788719932615,,,,357.062,0.062,0.0,23.21,-77.375,-18.688,-29.25,0.008,-0.004,-0.053,-0.64,0.52,9.39,-0.61,0.48,-0.41,-0.03,0.04,9.8,1.9475,0.0,0.0,0.0,0.0,5.0,1017.13,66.24,-17.87
2025-03-24 17:18:14.946000+00:00,57.765788719932615,,,,357.062,0.062,0.0,23.0,-77.375,-18.688,-29.25,0.008,-0.004,-0.053,-0.64,0.52,9.39,-0.61,0.48,-0.41,-0.03,0.04,9.8,1.9475,0.0,0.0,0.0,0.0,5.0,1017.13,66.24,-17.87
2025-03-24 17:18:15.657000+00:00,57.765788719932615,,,,357.062,0.062,0.0,23.21,-77.375,-18.688,-29.25,0.008,-0.004,-0.053,-0.64,0.52,9.39,-0.61,0.48,-0.41,-0.03,0.04,9.8,1.9475,0.0,0.0,0.0,0.0,5.0,1017.13,66.24,-17.87
2025-03-24 17:18:16.089000+00:00,57.765788719932615,,,,357.062,0.062,0.0,23.0,-77.375,-18.688,-29.25,0.008,-0.004,-0.053,-0.64,0.52,9.39,-0.61,0.48,-0.41,-0.03,0.04,9.8,1.9475,0.0,0.0,0.0,0.0,5.0,1017.13,66.24,-17.87
2025-03-24 17:18:16.893000+00:00,57.765788719932615,,,,357.062,0.062,0.0,23.21,-77.375,-18.688,-29.25,0.008,-0.004,-0.053,-0.64,0.52,9.39,-0.61,0.48,-0.41,-0.03,0.04,9.8,1.9475,0.0,0.0,0.0,0.0,5.0,1017.13,66.24,-17.87
2025-03-24 17:18:17.174000+00:00,57.765788719932615,,,,357.062,0.062,0.0,23.0,-77.375,-18.688,-29.25,0.008,-0.004,-0.053,-0.64,0.52,9.39,-0.61,0.48,-0.41,-0.03,0.04,9.8,1.9475,0.0,0.0,0.0,0.0,5.0,1017.13,66.24,-17.87
2025-03-24 17:18:17.906000+00:00,57.765788719932615,,,,357.062,0.062,0.0,23.21,-77.375,-18.688,-29.25,0.008,-0.004,-0.053,-0.64,0.52,9.39,-0.61,0.48,-0.41,-0.03,0.04,9.8,1.9475,0.0,0.0,0.0,0.0,5.0,1017.13,66.24,-17.87
2025-03-24 17:18:18.168000+00:00,57.765788719932615,,,,357.062,0.062,0.0,23.0,-77.375,-18.688,-29.25,0.008,-0.004,-0.053,-0.64,0.52,9.39,-0.61,0.48,-0.41,-0.03,0.04,9.8,1.9475,0.0,0.0,0.0,0.0,5.0,1017.13,66.24,-17.87
2025-03-24 17:18:18.946000+00:00,57.765788719932615,,,,357.062,0.062,0.0,23.21,-77.375,-18.688,-29.25,0.008,-0.004,-0.053,-0.64,0.52,9.39,-0.61,0.48,-0.41,-0.03,0.04,9.8,1.9475,0.0,0.0,0.0,0.0,5.0,1017.13,66.24,-17.87
2025-03-24 17:18:19.221000+00:00,57.765788719932615,,,,357.062,0.062,0.0,23.0,-77.375,-18.688,-29.25,0.008,-0.004,-0.053,-0.64,0.52,9.39,-0.61,0.48,-0.41,-0.03,0.04,9.8,1.9475,0.0,0.0,0.0,0.0,5.0,1017.13,66.24,-17.87
2025-03-24 17:18:20.013000+00:00,57.765788719932615,,,,357.062,0.062,0.0,23.21,-77.375,-18.688,-29.25,0.008,-0.004,-0.053,-0.64,0.52,9.39,-0.61,0.48,-0.41,-0.03,0.04,9.8,1.9475,0.0,0.0,0.0,0.0,5.0,1017.13,66.24,-17.87
2025-03-24 17:18:20.287000+00:00,57.765788719932615,,,,357.062,0.062,0.0,23.0,-77.375,-18.688,-29.25,0.008,-0.004,-0.053,-0.64,0.52,9.39,-0.61,0.48,-0.41,-0.03,0.04,9.8,1.9475,0.0,0.0,0.0,0.0,5.0,1017.13,66.24,-17.87
2025-03-24 17:18:21.011000+00:00,57.765788719932615,,,,357.062,0.062,0.0,23.0,-77.375,-18.688,-29.25,0.008,-0.004,-0.053,-0.64,0.52,9.39,-0.61,0.48,-0.41,-0.03,0.04,9.8,1.9475,0.0,0.0,0.0,0.0,5.0,1017.13,66.24,-17.87
2025-03-24 17:18:21.417000+00:00,57.765788719932615,,,,357.062,0.062,0.0,23.21,-77.375,-18.688,-29.25,0.008,-0.004,-0.053,-0.64,0.52,9.39,-0.61,0.48,-0.41,-0.03,0.04,9.8,1.9475,0.0,0.0,0.0,0.0,5.0,1017.13,66.24,-17.87
2025-03-24 17:18:22.017000+00:00,57.765788719932615,,,,357.062,0.062,0.0,23.0,-77.375,-18.688,-29.25,0.008,-0.004,-0.053,-0.64,0.52,9.39,-0.61,0.48,-0.41,-0.03,0.04,9.8,1.9475,0.0,0.0,0.0,0.0,5.0,1017.13,66.24,-17.87
2025-03-24 17:18:22.436000+00:00,57.765788719932615,,,,357.062,0.062,0.0,23.21,-77.375,-18.688,-29.25,0.008,-0.004,-0.053,-0.64,0.52,9.39,-0.61,0.48,-0.41,-0.03,0.04,9.8,1.9475,0.0,0.0,0.0,0.0,5.0,1017.13,66.24,-17.87
2025-03-24 17:18:23.027000+00:00,57.765788719932615,,,,357.062,0.062,0.0,23.0,-77.375,-18.688,-29.25,0.008,-0.004,-0.053,-0.64,0.52,9.39,-0.61,0.48,-0.41,-0.03,0.04,9.8,1.9475,0.0,0.0,0.0,0.0,5.0,1017.13,66.24,-17.87
2025-03-24 17:18:23.448000+00:00,57.765788719932615,,,,357.062,0.062,0.0,23.21,-77.375,-18.688,-29.25,0.008,-0.004,-0.053,-0.64,0.52,9.39,-0.61,0.48,-0.41,-0.03,0.04,9.8,1.9475,0.0,0.0,0.0,0.0,5.0,1017.13,66.24,-17.87
2025-03-24 17:18:24.035000+00:00,57.765788719932615,,,,357.062,0.062,0.0,23.0,-77.375,-18.688,-29.25,0.008,-0.004,-0.053,-0.64,0.52,9.39,-0.61,0.48,-0.41,-0.03,0.04,9.8,1.9475,0.0,0.0,0.0,0.0,5.0,1017.13,66.24,-17.87
2025-03-24 17:18:24.446000+00:00,57.765788719932615,,,,357.062,0.062,0.0,23.21,-77.375,-18.688,-29.25,0.008,-0.004,-0.053,-0.64,0.52,9.39,-0.61,0.48,-0.41,-0.03,0.04,9.8,1.9475,0.0,0.0,0.0,0.0,5.0,1017.13,66.24,-17.87
2025-03-24 17:18:25.047000+00:00,57.765788719932615,,,,357.062,0.062,0.0,23.0,-77.375,-18.688,-29.25,0.008,-0.004,-0.053,-0.64,0.52,9.39,-0.61,0.48,-0.41,-0.03,0.04,9.8,1.9475,0.0,0.0,0.0,0.0,5.0,1017.13,66.24,-17.87
2025-03-24 17:18:25.546000+00:00,57.765788719932615,,,,357.062,0.062,0.0,23.21,-77.375,-18.688,-29.25,0.008,-0.004,-0.053,-0.64,0.52,9.39,-0.61,0.48,-0.41,-0.03,0.04,9.8,1.9475,0.0,0.0,0.0,0.0,5.0,1017.13,66.24,-17.87
2025-03-24 17:18:26.056000+00:00,57.765788719932615,,,,357.062,0.062,0.0,23.0,-77.375,-18.688,-29.25,0.008,-0.004,-0.053,-0.64,0.52,9.39,-0.61,0.48,-0.41,-0.03,0.04,9.8,1.9475,0.0,0.0,0.0,0.0,5.0,1017.13,66.24,-17.87
2025-03-24 17:18:26.695000+00:00,57.765788719932615,,,,357.062,0.062,0.0,23.21,-77.375,-18.688,-29.25,0.008,-0.004,-0.053,-0.64,0.52,9.39,-0.61,0.48,-0.41,-0.03,0.04,9.8,1.9475,0.0,0.0,0.0,0.0,5.0,1017.13,66.24,-17.87
2025-03-24 17:18:27.147000+00:00,57.765788719932615,,,,357.062,0.062,0.0,23.0,-77.375,-18.688,-29.25,0.008,-0.004,-0.053,-0.64,0.52,9.39,-0.61,0.48,-0.41,-0.03,0.04,9.8,1.9475,0.0,0.0,0.0,0.0,5.0,1017.13,66.24,-17.87
2025-03-24 17:17:28.676000+00:00,57.765788719932615,,,,357.062,0.062,0.0,23.0,-77.375,-18.688,-29.25,0.008,-0.004,-0.053,-0.64,0.52,9.39,-0.61,0.48,-0.41,-0.03,0.04,9.8,1.9475,0.0,0.0,0.0,0.0,5.0,1017.13,66.24,-17.87
2025-03-24 17:17:29.706000+00:00,57.765788719932615,,,,357.062,0.062,0.0,23.0,-78.5,-18.875,-28.75,0.008,-0.004,-0.053,-0.64,0.52,9.39,-0.61,0.48,-0.41,-0.03,0.04,9.8,1.9475,0.0,0.0,0.0,0.0,5.0,1017.13,66.24,-17.87
2025-03-24 17:17:30.820000+00:00,57.765788719932615,,,,357.062,0.062,0.0,23.0,-78.688,-19.25,-29.75,0.008,-0.004,-0.053,-0.64,0.52,9.39,-0.61,0.48,-0.41,-0.03,0.04,9.8,1.9475,0.0,0.0,0.0,0.0,5.0,1017.13,66.24,-17.87
2025-03-24 17:17:31.886000+00:00,57.765788719932615,,,,357.062,0.062,0.0,23.0,-77.375,-20.562,-28.0,0.008,-0.004,-0.053,-0.64,0.52,9.39,-0.61,0.48,-0.41,-0.03,0.04,9.8,1.9475,0.0,0.0,0.0,0.0,5.0,1017.13,66.24,-17.87
2025-03-24 17:17:33.004000+00:00,57.765788719932615,,,,357.062,0.062,0.0,23.0,-79.062,-19.0,-28.25,0.008,-0.004,-0.053,-0.64,0.52,9.39,-0.61,0.48,-0.41,-0.03,0.04,9.8,1.9475,0.0,0.0,0.0,0.0,5.0,1017.13,66.24,-17.87
2025-03-24 17:17:33.670000+00:00,57.765788719932615,,,,357.062,0.062,0.0,23.0,-80.75,-18.188,-29.25,0.008,-0.004,-0.053,-0.64,0.52,9.39,-0.61,0.48,-0.41,-0.03,0.04,9.8,1.9475,0.0,0.0,0.0,0.0,5.0,1017.13,66.24,-17.87
2025-03-24 17:17:34.706000+00:00,57.765788719932615,,,,357.062,0.062,0.0,23.0,-83.562,-16.688,-29.062,0.008,-0.004,-0.053,-0.64,0.52,9.39,-0.61,0.48,-0.41,-0.03,0.04,9.8,1.9475,0.0,0.0,0.0,0.0,5.0,1017.13,66.24,-17.87
2025-03-24 17:17:35.679000+00:00,57.765788719932615,,,,357.062,0.062,0.0,23.0,-90.875,-15.0,-29.062,0.008,-0.004,-0.053,-0.64,0.52,9.39,-0.61,0.48,-0.41,-0.03,0.04,9.8,1.9475,0.0,0.0,0.0,0.0,5.0,1017.13,66.24,-17.87
2025-03-24 17:17:36.700000+00:00,57.765788719932615,,,,357.062,0.062,0.0,23.0,-88.188,-16.25,-28.5,0.008,-0.004,-0.053,-0.64,0.52,9.39,-0.61,0.48,-0.41,-0.03,0.04,9.8,1.9475,0.0,0.0,0.0,0.0,5.0,1017.13,66.24,-17.87
2025-03-24 17:17:37.679000+00:00,57.765788719932615,,,,357.062,0.062,0.0,23.0,-98.5,-13.0,-24.562,0.008,-0.004,-0.053,-0.64,0.52,9.39,-0.61,0.48,-0.41,-0.03,0.04,9.8,1.9475,0.0,0.0,0.0,0.0,5.0,1017.13,66.24,-17.87
2025-03-24 17:17:38.705000+00:00,57.765788719932615,,,,357.062,0.062,0.0,23.0,-114.688,5.688,-4.875,0.008,-0.004,-0.053,-0.64,0.52,9.39,-0.61,0.48,-0.41,-0.03,0.04,9.8,1.9475,0.0,0.0,0.0,0.0,5.0,1017.13,66.24,-17.87
2025-03-24 17:17:40.021000+00:00,57.765788719932615,,,,357.062,0.062,0.0,23.0,-125.562,6.188,4.5,0.008,-0.004,-0.053,-0.64,0.52,9.39,-0.61,0.48,-0.41,-0.03,0.04,9.8,1.9475,0.0,0.0,0.0,0.0,5.0,1017.13,66.24,-17.87
2025-03-24 17:17:40.759000+00:00,57.765788719932615,,,,357.062,0.062,0.0,23.0,-131.25,-0.875,10.562,0.008,-0.004,-0.053,-0.64,0.52,9.39,-0.61,0.48,-0.41,-0.03,0.04,9.8,1.9475,0.0,0.0,0.0,0.0,5.0,1017.13,66.24,-17.87
2025-03-24 17:17:41.699000+00:00,57.765788719932615,,,,357.062,0.062,0.0,23.0,-129.562,-3.5,6.688,0.008,-0.004,-0.053,-0.64,0.52,9.39,-0.61,0.48,-0.41,-0.03,0.04,9.8,1.9475,0.0,0.0,0.0,0.0,5.0,1017.13,66.24,-17.87
2025-03-24 17:17:42.709000+00:00,57.765788719932615,,,,357.062,0.062,0.0,23.0,-115.688,-3.875,-10.688,0.008,-0.004,-0.053,-0.64,0.52,9.39,-0.61,0.48,-0.41,-0.03,0.04,9.8,1.9475,0.0,0.0,0.0,0.0,5.0,1017.13,66.24,-17.87
2025-03-24 17:17:43.703000+00:00,57.765788719932615,,,,357.062,0.062,0.0,23.0,-103.062,-0.188,-19.688,0.008,-0.004,-0.053,-0.64,0.52,9.39,-0.61,0.48,-0.41,-0.03,0.04,9.8,1.9475,0.0,0.0,0.0,0.0,5.0,1017.13,66.24,-17.87
2025-03-24 17:17:44.745000+00:00,57.765788719932615,,,,357.062,0.062,0.0,23.0,-93.875,1.25,-25.75,0.008,-0.004,-0.053,-0.64,0.52,9.39,-0.61,0.48,-0.41,-0.03,0.04,9.8,1.9475,0.0,0.0,0.0,0.0,5.0,1017.13,66.24,-17.87
2025-03-24 17:17:45.735000+00:00,57.765788719932615,,,,357.062,0.062,0.0,23.0,-78.0,-0.75,-28.562,0.008,-0.004,-0.053,-0.64,0.52,9.39,-0.61,0.48,-0.41,-0.03,0.04,9.8,1.9475,0.0,0.0,0.0,0.0,5.0,1017.13,66.24,-17.87
2025-03-24 17:17:46.889000+00:00,57.765788719932615,,,,357.062,0.062,0.0,23.0,-79.25,-1.25,-30.0,0.008,-0.004,-0.053,-0.64,0.52,9.39,-0.61,0.48,-0.41,-0.03,0.04,9.8,1.9475,0.0,0.0,0.0,0.0,5.0,1017.13,66.24,-17.87
2025-03-24 17:17:47.939000+00:00,57.765788719932615,,,,357.062,0.062,0.0,23.0,-70.5,-2.25,-31.0,0.008,-0.004,-0.053,-0.64,0.52,9.39,-0.61,0.48,-0.41,-0.03,0.04,9.8,1.9475,0.0,0.0,0.0,0.0,5.0,1017.13,66.24,-17.87
2025-03-24 17:17:49.076000+00:00,57.765788719932615,,,,357.062,0.062,0.0,23.0,-65.062,-7.0,-31.25,0.008,-0.004,-0.053,-0.64,0.52,9.39,-0.61,0.48,-0.41,-0.03,0.04,9.8,1.9475,0.0,0.0,0.0,0.0,5.0,1017.13,66.24,-17.87
2025-03-24 17:17:49.893000+00:00,57.765788719932615,,,,357.062,0.062,0.0,23.0,-63.562,-9.75,-30.25,0.008,-0.004,-0.053,-0.64,0.52,9.39,-0.61,0.48,-0.41,-0.03,0.04,9.8,1.9475,0.0,0.0,0.0,0.0,5.0,1017.13,66.24,-17.87
2025-03-24 17:17:50.749000+00:00,57.765788719932615,,,,357.062,0.062,0.0,23.0,-66.062,-12.0,-28.062,0.008,-0.004,-0.053,-0.64,0.52,9.39,-0.61,0.48,-0.41,-0.03,0.04,9.8,1.9475,0.0,0.0,0.0,0.0,5.0,1017.13,66.24,-17.87
2025-03-24 17:17:51.784000+00:00,57.765788719932615,,,,357.062,0.062,0.0,23.0,-66.562,-11.75,-27.188,0.008,-0.004,-0.053,-0.64,0.52,9.39,-0.61,0.48,-0.41,-0.03,0.04,9.8,1.9475,0.0,0.0,0.0,0.0,5.0,1017.13,66.24,-17.87
2025-03-24 17:17:52.778000+00:00,57.765788719932615,,,,357.062,0.062,0.0,23.0,-70.0,-12.188,-27.688,0.008,-0.004,-0.053,-0.64,0.52,9.39,-0.61,0.48,-0.41,-0.03,0.04,9.8,1.9475,0.0,0.0,0.0,0.0,5.0,1017.13,66.24,-17.87
2025-03-24 17:17:53.778000+00:00,57.765788719932615,,,,357.062,0.062,0.0,23.0,-73.188,-13.25,-24.25,0.008,-0.004,-0.053,-0.64,0.52,9.39,-0.61,0.48,-0.41,-0.03,0.04,9.8,1.9475,0.0,0.0,0.0,0.0,5.0,1017.13,66.24,-17.87
2025-03-24 17:17:54.798000+00:00,57.765788719932615,,,,357.062,0.062,0.0,23.0,-76.0,-11.188,-24.375,0.008,-0.004,-0.053,-0.64,0.52,9.39,-0.61,0.48,-0.41,-0.03,0.04,9.8,1.9475,0.0,0.0,0.0,0.0,5.0,1017.13,66.24,-17.87
2025-03-24 17:17:55.808000+00:00,57.765788719932615,,,,357.062,0.062,0.0,23.0,-81.188,-9.062,-24.0,0.008,-0.004,-0.053,-0.64,0.52,9.39,-0.61,0.48,-0.41,-0.03,0.04,9.8,1.9475,0.0,0.0,0.0,0.0,5.0,1017.13,66.24,-17.87
2025-03-24 17:17:56.878000+00:00,57.765788719932615,,,,357.062,0.062,0.0,23.0,-92.562,-5.0,-23.0,0.008,-0.004,-0.053,-0.64,0.52,9.39,-0.61,0.48,-0.41,-0.03,0.04,9.8,1.9475,0.0,0.0,0.0,0.0,5.0,1017.13,66.24,-17.87
2025-03-24 17:17:58.033000+00:00,57.765788719932615,,,,357.062,0.062,0.0,23.0,-91.875,-5.062,-22.25,0.008,-0.004,-0.053,-0.64,0.52,9.39,-0.61,0.48,-0.41,-0.03,0.04,9.8,1.9475,0.0,0.0,0.0,0.0,5.0,1017.13,66.24,-17.87
2025-03-24 17:17:59.212000+00:00,57.765788719932615,,,,357.062,0.062,0.0,23.0,-107.375,1.375,-14.5,0.008,-0.004,-0.053,-0.64,0.52,9.39,-0.61,0.48,-0.41,-0.03,0.04,9.8,1.9475,0.0,0.0,0.0,0.0,5.0,1017.13,66.24,-17.87
2025-03-24 17:18:00.150000+00:00,57.765788719932615,,,,357.062,0.062,0.0,23.0,-119.5,4.0,-1.062,0.008,-0.004,-0.053,-0.64,0.52,9.39,-0.61,0.48,-0.41,-0.03,0.04,9.8,1.9475,0.0,0.0,0.0,0.0,5.0,1017.13,66.24,-17.87
2025-03-24 17:18:01.171000+00:00,57.765788719932615,,,,357.062,0.062,0.0,23.0,-128.0,2.375,6.0,0.008,-0.004,-0.053,-0.64,0.52,9.39,-0.61,0.48,-0.41,-0.03,0.04,9.8,1.9475,0.0,0.0,0.0,0.0,5.0,1017.13,66.24,-17.87
2025-03-24 17:18:01.858000+00:00,57.765788719932615,,,,357.062,0.062,0.0,23.0,-131.188,0.5,9.75,0.008,-0.004,-0.053,-0.64,0.52,9.39,-0.61,0.48,-0.41,-0.03,0.04,9.8,1.9475,0.0,0.0,0.0,0.0,5.0,1017.13,66.24,-17.87
2025-03-24 17:18:02.878000+00:00,57.765788719932615,,,,357.062,0.062,0.0,23.0,-131.562,-0.375,7.25,0.008,-0.004,-0.053,-0.64,0.52,9.39,-0.61,0.48,-0.41,-0.03,0.04,9.8,1.9475,0.0,0.0,0.0,0.0,5.0,1017.13,66.24,-17.87
2025-03-24 17:18:03.878000+00:00,57.765788719932615,,,,357.062,0.062,0.0,23.0,-129.375,-5.188,2.688,0.008,-0.004,-0.053,-0.64,0.52,9.39,-0.61,0.48,-0.41,-0.03,0.04,9.8,1.9475,0.0,0.0,0.0,0.0,5.0,1017.13,66.24,-17.87
2025-03-24 17:18:04.895000+00:00,57.765788719932615,,,,357.062,0.062,0.0,23.0,-117.5,-4.375,-10.0,0.008,-0.004,-0.053,-0.64,0.52,9.39,-0.61,0.48,-0.41,-0.03,0.04,9.8,1.9475,0.0,0.0,0.0,0.0,5.0,1017.13,66.24,-17.87
2025-03-24 17:18:05.907000+00:00,57.765788719932615,,,,357.062,0.062,0.0,23.0,-104.875,-2.562,-20.5,0.008,-0.004,-0.053,-0.64,0.52,9.39,-0.61,0.48,-0.41,-0.03,0.04,9.8,1.9475,0.0,0.0,0.0,0.0,5.0,1017.13,66.24,-17.87
2025-03-24 17:18:06.924000+00:00,57.765788719932615,,,,357.062,0.062,0.0,23.0,-88.688,-1.875,-27.562,0.008,-0.004,-0.053,-0.64,0.52,9.39,-0.61,0.48,-0.41,-0.03,0.04,9.8,1.9475,0.0,0.0,0.0,0.0,5.0,1017.13,66.24,-17.87
2025-03-24 17:18:08.017000+00:00,57.765788719932615,,,,357.062,0.062,0.0,23.0,-87.5,-1.062,-28.062,0.008,-0.004,-0.053,-0.64,0.52,9.39,-0.61,0.48,-0.41,-0.03,0.04,9.8,1.9475,0.0,0.0,0.0,0.0,5.0,1017.13,66.24,-17.87
2025-03-24 17:18:09.034000+00:00,57.765788719932615,,,,357.062,0.062,0.0,23.0,-77.688,-1.875,-31.562,0.008,-0.004,-0.053,-0.64,0.52,9.39,-0.61,0.48,-0.41,-0.03,0.04,9.8,1.9475,0.0,0.0,0.0,0.0,5.0,1017.13,66.24,-17.87
2025-03-24 17:18:09.937000+00:00,57.765788719932615,,,,357.062,0.062,0.0,23.0,-68.25,-5.062,-31.75,0.008,-0.004,-0.053,-0.64,0.52,9.39,-0.61,0.48,-0.41,-0.03,0.04,9.8,1.9475,0.0,0.0,0.0,0.0,5.0,1017.13,66.24,-17.87
2025-03-24 17:18:10.947000+00:00,57.765788719932615,,,,357.062,0.062,0.0,23.0,-63.688,-8.688,-31.375,0.008,-0.004,-0.053,-0.64,0.52,9.39,-0.61,0.48,-0.41,-0.03,0.04,9.8,1.9475,0.0,0.0,0.0,0.0,5.0,1017.13,66.24,-17.87
2025-03-24 17:18:11.974000+00:00,57.765788719932615,,,,357.062,0.062,0.0,23.0,-64.562,-12.375,-29.062,0.008,-0.004,-0.053,-0.64,0.52,9.39,-0.61,0.48,-0.41,-0.03,0.04,9.8,1.9475,0.0,0.0,0.0,0.0,5.0,1017.13,66.24,-17.87
2025-03-24 17:18:12.981000+00:00,57.765788719932615,,,,357.062,0.062,0.0,23.0,-65.0,-12.188,-31.0,0.008,-0.004,-0.053,-0.64,0.52,9.39,-0.61,0.48,-0.41,-0.03,0.04,9.8,1.9475,0.0,0.0,0.0,0.0,5.0,1017.13,66.24,-17.87
2025-03-24 17:18:13.983000+00:00,57.765788719932615,,,,357.062,0.062,0.0,23.0,-69.188,-13.688,-28.875,0.008,-0.004,-0.053,-0.64,0.52,9.39,-0.61,0.48,-0.41,-0.03,0.04,9.8,1.9475,0.0,0.0,0.0,0.0,5.0,1017.13,66.24,-17.87
2025-03-24 17:18:14.999000+00:00,57.765788719932615,,,,357.062,0.062,0.0,23.0,-72.75,-13.25,-25.062,0.008,-0.004,-0.053,-0.64,0.52,9.39,-0.61,0.48,-0.41,-0.03,0.04,9.8,1.9475,0.0,0.0,0.0,0.0,5.0,1017.13,66.24,-17.87
2025-03-24 17:18:16.143000+00:00,57.765788719932615,,,,357.062,0.062,0.0,23.0,-75.562,-12.25,-25.062,0.008,-0.004,-0.053,-0.64,0.52,9.39,-0.61,0.48,-0.41,-0.03,0.04,9.8,1.9475,0.0,0.0,0.0,0.0,5.0,1017.13,66.24,-17.87
2025-03-24 17:18:17.229000+00:00,57.765788719932615,,,,357.062,0.062,0.0,23.0,-82.562,-10.688,-25.875,0.008,-0.004,-0.053,-0.64,0.52,9.39,-0.61,0.48,-0.41,-0.03,0.04,9.8,1.9475,0.0,0.0,0.0,0.0,5.0,1017.13,66.24,-17.87
2025-03-24 17:18:18.217000+00:00,57.765788719932615,,,,357.062,0.062,0.0,23.0,-83.188,-9.0,-25.688,0.008,-0.004,-0.053,-0.64,0.52,9.39,-0.61,0.48,-0.41,-0.03,0.04,9.8,1.9475,0.0,0.0,0.0,0.0,5.0,1017.13,66.24,-17.87
2025-03-24 17:18:19.267000+00:00,57.765788719932615,,,,357.062,0.062,0.0,23.0,-88.75,-7.562,-27.0,0.008,-0.004,-0.053,-0.64,0.52,9.39,-0.61,0.48,-0.41,-0.03,0.04,9.8,1.9475,0.0,0.0,0.0,0.0,5.0,1017.13,66.24,-17.87
2025-03-24 17:18:20.343000+00:00,57.765788719932615,,,,357.062,0.062,0.0,23.0,-96.25,-5.875,-23.375,0.008,-0.004,-0.053,-0.64,0.52,9.39,-0.61,0.48,-0.41,-0.03,0.04,9.8,1.9475,0.0,0.0,0.0,0.0,5.0,1017.13,66.24,-17.87
2025-03-24 17:18:21.056000+00:00,57.765788719932615,,,,357.062,0.062,0.0,23.0,-103.188,-3.062,-20.562,0.008,-0.004,-0.053,-0.64,0.52,9.39,-0.61,0.48,-0.41,-0.03,0.04,9.8,1.9475,0.0,0.0,0.0,0.0,5.0,1017.13,66.24,-17.87
2025-03-24 17:18:22.067000+00:00,57.765788719932615,,,,357.062,0.062,0.0,23.0,-116.875,-1.188,-7.188,0.008,-0.004,-0.053,-0.64,0.52,9.39,-0.61,0.48,-0.41,-0.03,0.04,9.8,1.9475,0.0,0.0,0.0,0.0,5.0,1017.13,66.24,-17.87
2025-03-24 17:18:23.076000+00:00,57.765788719932615,,,,357.062,0.062,0.0,23.0,-117.188,0.0,-8.062,0.008,-0.004,-0.053,-0.64,0.52,9.39,-0.61,0.48,-0.41,-0.03,0.04,9.8,1.9475,0.0,0.0,0.0,0.0,5.0,1017.13,66.24,-17.87
2025-03-24 17:18:24.087000+00:00,57.765788719932615,,,,357.062,0.062,0.0,23.0,-125.875,-0.562,1.25,0.008,-0.004,-0.053,-0.64,0.52,9.39,-0.61,0.48,-0.41,-0.03,0.04,9.8,1.9475,0.0,0.0,0.0,0.0,5.0,1017.13,66.24,-17.87
2025-03-24 17:18:25.096000+00:00,57.765788719932615,,,,357.062,0.062,0.0,23.0,-131.5,-3.875,6.875,0.008,-0.004,-0.053,-0.64,0.52,9.39,-0.61,0.48,-0.41,-0.03,0.04,9.8,1.9475,0.0,0.0,0.0,0.0,5.0,1017.13,66.24,-17.87
2025-03-24 17:18:26.107000+00:00,57.765788719932615,,,,357.062,0.062,0.0,23.0,-130.75,-9.25,2.875,0.008,-0.004,-0.053,-0.64,0.52,9.39,-0.61,0.48,-0.41,-0.03,0.04,9.8,1.9475,0.0,0.0,0.0,0.0,5.0,1017.13,66.24,-17.87
2025-03-24 17:18:27.196000+00:00,57.765788719932615,,,,357.062,0.062,0.0,23.0,-126.875,-11.188,-5.0,0.008,-0.004,-0.053,-0.64,0.52,9.39,-0.61,0.48,-0.41,-0.03,0.04,9.8,1.9475,0.0,0.0,0.0,0.0,5.0,1017.13,66.24,-17.87
2025-03-24 17:17:28.735000+00:00,57.765788719932615,,,,357.062,0.062,0.0,23.0,-126.875,-11.188,-5.0,0.008,-0.004,-0.053,-0.64,0.52,9.39,-0.61,0.48,-0.41,-0.03,0.04,9.8,1.9475,0.0,0.0,0.0,0.0,5.0,1017.13,66.24,-17.87
2025-03-24 17:17:29.767000+00:00,57.765788719932615,,,,357.062,0.062,0.0,23.0,-126.875,-11.188,-5.0,-0.014,-0.014,-0.007,-0.64,0.52,9.39,-0.61,0.48,-0.41,-0.03,0.04,9.8,1.9475,0.0,0.0,0.0,0.0,5.0,1017.13,66.24,-17.87
2025-03-24 17:17:30.870000+00:00,57.765788719932615,,,,357.062,0.062,0.0,23.0,-126.875,-11.188,-5.0,-0.026,-0.013,-0.007,-0.64,0.52,9.39,-0.61,0.48,-0.41,-0.03,0.04,9.8,1.9475,0.0,0.0,0.0,0.0,5.0,1017.13,66.24,-17.87
2025-03-24 17:17:31.940000+00:00,57.765788719932615,,,,357.062,0.062,0.0,23.0,-126.875,-11.188,-5.0,-0.012,0.009,0.007,-0.64,0.52,9.39,-0.61,0.48,-0.41,-0.03,0.04,9.8,1.9475,0.0,0.0,0.0,0.0,5.0,1017.13,66.24,-17.87
2025-03-24 17:17:33.050000+00:00,57.765788719932615,,,,357.062,0.062,0.0,23.0,-126.875,-11.188,-5.0,-0.039,-0.032,-0.007,-0.64,0.52,9.39,-0.61,0.48,-0.41,-0.03,0.04,9.8,1.9475,0.0,0.0,0.0,0.0,5.0,1017.13,66.24,-17.87
2025-03-24 17:17:33.720000+00:00,57.765788719932615,,,,357.062,0.062,0.0,23.0,-126.875,-11.188,-5.0,0.014,0.021,-0.01,-0.64,0.52,9.39,-0.61,0.48,-0.41,-0.03,0.04,9.8,1.9475,0.0,0.0,0.0,0.0,5.0,1017.13,66.24,-17.87
2025-03-24 17:17:34.766000+00:00,57.765788719932615,,,,357.062,0.062,0.0,23.0,-126.875,-11.188,-5.0,-0.019,0.012,-0.022,-0.64,0.52,9.39,-0.61,0.48,-0.41,-0.03,0.04,9.8,1.9475,0.0,0.0,0.0,0.0,5.0,1017.13,66.24,-17.87
2025-03-24 17:17:35.735000+00:00,57.765788719932615,,,,357.062,0.062,0.0,23.0,-126.875,-11.188,-5.0,0.01,0.018,0.001,-0.64,0.52,9.39,-0.61,0.48,-0.41,-0.03,0.04,9.8,1.9475,0.0,0.0,0.0,0.0,5.0,1017.13,66.24,-17.87
2025-03-24 17:17:36.750000+00:00,57.765788719932615,,,,357.062,0.062,0.0,23.0,-126.875,-11.188,-5.0,-0.014,-0.022,0.011,-0.64,0.52,9.39,-0.61,0.48,-0.41,-0.03,0.04,9.8,1.9475,0.0,0.0,0.0,0.0,5.0,1017.13,66.24,-17.87
2025-03-24 17:17:37.731000+00:00,57.765788719932615,,,,357.062,0.062,0.0,23.0,-126.875,-11.188,-5.0,0.017,-0.001,-0.018,-0.64,0.52,9.39,-0.61,0.48,-0.41,-0.03,0.04,9.8,1.9475,0.0,0.0,0.0,0.0,5.0,1017.13,66.24,-17.87
2025-03-24 17:17:38.774000+00:00,57.765788719932615,,,,357.062,0.062,0.0,23.0,-126.875,-11.188,-5.0,-0.009,-0.007,-0.006,-0.64,0.52,9.39,-0.61,0.48,-0.41,-0.03,0.04,9.8,1.9475,0.0,0.0,0.0,0.0,5.0,1017.13,66.24,-17.87
2025-03-24 17:17:40.069000+00:00,57.765788719932615,,,,357.062,0.062,0.0,23.0,-126.875,-11.188,-5.0,-0.006,-0.029,-0.001,-0.64,0.52,9.39,-0.61,0.48,-0.41,-0.03,0.04,9.8,1.9475,0.0,0.0,0.0,0.0,5.0,1017.13,66.24,-17.87
2025-03-24 17:17:40.816000+00:00,57.765788719932615,,,,357.062,0.062,0.0,23.0,-126.875,-11.188,-5.0,-0.024,0.023,-0.067,-0.64,0.52,9.39,-0.61,0.48,-0.41,-0.03,0.04,9.8,1.9475,0.0,0.0,0.0,0.0,5.0,1017.13,66.24,-17.87
2025-03-24 17:17:41.750000+00:00,57.765788719932615,,,,357.062,0.062,0.0,23.0,-126.875,-11.188,-5.0,-0.011,0.012,-0.016,-0.64,0.52,9.39,-0.61,0.48,-0.41,-0.03,0.04,9.8,1.9475,0.0,0.0,0.0,0.0,5.0,1017.13,66.24,-17.87
2025-03-24 17:17:42.759000+00:00,57.765788719932615,,,,357.062,0.062,0.0,23.0,-126.875,-11.188,-5.0,-0.022,0.016,0.011,-0.64,0.52,9.39,-0.61,0.48,-0.41,-0.03,0.04,9.8,1.9475,0.0,0.0,0.0,0.0,5.0,1017.13,66.24,-17.87
2025-03-24 17:17:43.757000+00:00,57.765788719932615,,,,357.062,0.062,0.0,23.0,-126.875,-11.188,-5.0,0.023,-0.007,0.039,-0.64,0.52,9.39,-0.61,0.48,-0.41,-0.03,0.04,9.8,1.9475,0.0,0.0,0.0,0.0,5.0,1017.13,66.24,-17.87
2025-03-24 17:17:44.799000+00:00,57.765788719932615,,,,357.062,0.062,0.0,23.0,-126.875,-11.188,-5.0,0.004,-0.002,-0.001,-0.64,0.52,9.39,-0.61,0.48,-0.41,-0.03,0.04,9.8,1.9475,0.0,0.0,0.0,0.0,5.0,1017.13,66.24,-17.87
2025-03-24 17:17:45.788000+00:00,57.765788719932615,,,,357.062,0.062,0.0,23.0,-126.875,-11.188,-5.0,0.001,-0.003,0.048,-0.64,0.52,9.39,-0.61,0.48,-0.41,-0.03,0.04,9.8,1.9475,0.0,0.0,0.0,0.0,5.0,1017.13,66.24,-17.87
2025-03-24 17:17:46.939000+00:00,57.765788719932615,,,,357.062,0.062,0.0,23.0,-126.875,-11.188,-5.0,-0.003,0.0,-0.01,-0.64,0.52,9.39,-0.61,0.48,-0.41,-0.03,0.04,9.8,1.9475,0.0,0.0,0.0,0.0,5.0,1017.13,66.24,-17.87
2025-03-24 17:17:47.989000+00:00,57.765788719932615,,,,357.062,0.062,0.0,23.0,-126.875,-11.188,-5.0,-0.001,-0.028,-0.002,-0.64,0.52,9.39,-0.61,0.48,-0.41,-0.03,0.04,9.8,1.9475,0.0,0.0,0.0,0.0,5.0,1017.13,66.24,-17.87
2025-03-24 17:17:49.136000+00:00,57.765788719932615,,,,357.062,0.062,0.0,23.0,-126.875,-11.188,-5.0,-0.022,-0.003,-0.048,-0.64,0.52,9.39,-0.61,0.48,-0.41,-0.03,0.04,9.8,1.9475,0.0,0.0,0.0,0.0,5.0,1017.13,66.24,-17.87
2025-03-24 17:17:49.939000+00:00,57.765788719932615,,,,357.062,0.062,0.0,23.0,-126.875,-11.188,-5.0,0.013,-0.009,-0.018,-0.64,0.52,9.39,-0.61,0.48,-0.41,-0.03,0.04,9.8,1.9475,0.0,0.0,0.0,0.0,5.0,1017.13,66.24,-17.87
2025-03-24 17:17:50.799000+00:00,57.765788719932615,,,,357.062,0.062,0.0,23.0,-126.875,-11.188,-5.0,-0.024,-0.001,0.011,-0.64,0.52,9.39,-0.61,0.48,-0.41,-0.03,0.04,9.8,1.9475,0.0,0.0,0.0,0.0,5.0,1017.13,66.24,-17.87
2025-03-24 17:17:51.846000+00:00,57.765788719932615,,,,357.062,0.062,0.0,23.0,-126.875,-11.188,-5.0,0.004,-0.01,-0.002,-0.64,0.52,9.39,-0.61,0.48,-0.41,-0.03,0.04,9.8,1.9475,0.0,0.0,0.0,0.0,5.0,1017.13,66.24,-17.87
2025-03-24 17:17:52.829000+00:00,57.765788719932615,,,,357.062,0.062,0.0,23.0,-126.875,-11.188,-5.0,0.0,-0.033,0.04,-0.64,0.52,9.39,-0.61,0.48,-0.41,-0.03,0.04,9.8,1.9475,0.0,0.0,0.0,0.0,5.0,1017.13,66.24,-17.87
2025-03-24 17:17:53.829000+00:00,57.765788719932615,,,,357.062,0.062,0.0,23.0,-126.875,-11.188,-5.0,0.006,0.01,-0.007,-0.64,0.52,9.39,-0.61,0.48,-0.41,-0.03,0.04,9.8,1.9475,0.0,0.0,0.0,0.0,5.0,1017.13,66.24,-17.87
2025-03-24 17:17:54.855000+00:00,57.765788719932615,,,,357.062,0.062,0.0,23.0,-126.875,-11.188,-5.0,0.008,-0.007,0.029,-0.64,0.52,9.39,-0.61,0.48,-0.41,-0.03,0.04,9.8,1.9475,0.0,0.0,0.0,0.0,5.0,1017.13,66.24,-17.87
2025-03-24 17:17:55.858000+00:00,57.765788719932615,,,,357.062,0.062,0.0,23.0,-126.875,-11.188,-5.0,-0.01,-0.007,0.003,-0.64,0.52,9.39,-0.61,0.48,-0.41,-0.03,0.04,9.8,1.9475,0.0,0.0,0.0,0.0,5.0,1017.13,66.24,-17.87
2025-03-24 17:17:56.935000+00:00,57.765788719932615,,,,357.062,0.062,0.0,23.0,-126.875,-11.188,-5.0,-0.008,0.009,-0.033,-0.64,0.52,9.39,-0.61,0.48,-0.41,-0.03,0.04,9.8,1.9475,0.0,0.0,0.0,0.0,5.0,1017.13,66.24,-17.87
2025-03-24 17:17:58.078000+00:00,57.765788719932615,,,,357.062,0.062,0.0,23.0,-126.875,-11.188,-5.0,0.021,0.0,0.05,-0.64,0.52,9.39,-0.61,0.48,-0.41,-0.03,0.04,9.8,1.9475,0.0,0.0,0.0,0.0,5.0,1017.13,66.24,-17.87
2025-03-24 17:17:59.275000+00:00,57.765788719932615,,,,357.062,0.062,0.0,23.0,-126.875,-11.188,-5.0,0.002,-0.016,-0.004,-0.64,0.52,9.39,-0.61,0.48,-0.41,-0.03,0.04,9.8,1.9475,0.0,0.0,0.0,0.0,5.0,1017.13,66.24,-17.87
2025-03-24 17:18:00.205000+00:00,57.765788719932615,,,,357.062,0.062,0.0,23.0,-126.875,-11.188,-5.0,-0.016,-0.006,-0.002,-0.64,0.52,9.39,-0.61,0.48,-0.41,-0.03,0.04,9.8,1.9475,0.0,0.0,0.0,0.0,5.0,1017.13,66.24,-17.87
2025-03-24 17:18:01.227000+00:00,57.765788719932615,,,,357.062,0.062,0.0,23.0,-126.875,-11.188,-5.0,0.004,-0.008,-0.047,-0.64,0.52,9.39,-0.61,0.48,-0.41,-0.03,0.04,9.8,1.9475,0.0,0.0,0.0,0.0,5.0,1017.13,66.24,-17.87
2025-03-24 17:18:01.915000+00:00,57.765788719932615,,,,357.062,0.062,0.0,23.0,-126.875,-11.188,-5.0,-0.009,0.01,-0.022,-0.64,0.52,9.39,-0.61,0.48,-0.41,-0.03,0.04,9.8,1.9475,0.0,0.0,0.0,0.0,5.0,1017.13,66.24,-17.87
2025-03-24 17:18:02.934000+00:00,57.765788719932615,,,,357.062,0.062,0.0,23.0,-126.875,-11.188,-5.0,-0.001,-0.003,0.036,-0.64,0.52,9.39,-0.61,0.48,-0.41,-0.03,0.04,9.8,1.9475,0.0,0.0,0.0,0.0,5.0,1017.13,66.24,-17.87
2025-03-24 17:18:03.934000+00:00,57.765788719932615,,,,357.062,0.062,0.0,23.0,-126.875,-11.188,-5.0,-0.002,0.013,0.004,-0.64,0.52,9.39,-0.61,0.48,-0.41,-0.03,0.04,9.8,1.9475,0.0,0.0,0.0,0.0,5.0,1017.13,66.24,-17.87
2025-03-24 17:18:04.948000+00:00,57.765788719932615,,,,357.062,0.062,0.0,23.0,-126.875,-11.188,-5.0,-0.006,0.009,-0.014,-0.64,0.52,9.39,-0.61,0.48,-0.41,-0.03,0.04,9.8,1.9475,0.0,0.0,0.0,0.0,5.0,1017.13,66.24,-17.87
2025-03-24 17:18:05.965000+00:00,57.765788719932615,,,,357.062,0.062,0.0,23.0,-126.875,-11.188,-5.0,-0.017,-0.006,0.073,-0.64,0.52,9.39,-0.61,0.48,-0.41,-0.03,0.04,9.8,1.9475,0.0,0.0,0.0,0.0,5.0,1017.13,66.24,-17.87
2025-03-24 17:18:06.985000+00:00,57.765788719932615,,,,357.062,0.062,0.0,23.0,-126.875,-11.188,-5.0,-0.03,-0.009,-0.04,-0.64,0.52,9.39,-0.61,0.48,-0.41,-0.03,0.04,9.8,1.9475,0.0,0.0,0.0,0.0,5.0,1017.13,66.24,-17.87
2025-03-24 17:18:08.067000+00:00,57.765788719932615,,,,357.062,0.062,0.0,23.0,-126.875,-11.188,-5.0,0.031,0.012,0.003,-0.64,0.52,9.39,-0.61,0.48,-0.41,-0.03,0.04,9.8,1.9475,0.0,0.0,0.0,0.0,5.0,1017.13,66.24,-17.87
2025-03-24 17:18:09.091000+00:00,57.765788719932615,,,,357.062,0.062,0.0,23.0,-126.875,-11.188,-5.0,0.003,-0.011,0.028,-0.64,0.52,9.39,-0.61,0.48,-0.41,-0.03,0.04,9.8,1.9475,0.0,0.0,0.0,0.0,5.0,1017.13,66.24,-17.87
2025-03-24 17:18:09.994000+00:00,57.765788719932615,,,,357.062,0.062,0.0,23.0,-126.875,-11.188,-5.0,0.017,0.021,-0.019,-0.64,0.52,9.39,-0.61,0.48,-0.41,-0.03,0.04,9.8,1.9475,0.0,0.0,0.0,0.0,5.0,1017.13,66.24,-17.87
2025-03-24 17:18:11.004000+00:00,57.765788719932615,,,,357.062,0.062,0.0,23.0,-126.875,-11.188,-5.0,-0.002,0.008,0.047,-0.64,0.52,9.39,-0.61,0.48,-0.41,-0.03,0.04,9.8,1.9475,0.0,0.0,0.0,0.0,5.0,1017.13,66.24,-17.87
2025-03-24 17:18:12.027000+00:00,57.765788719932615,,,,357.062,0.062,0.0,23.0,-126.875,-11.188,-5.0,0.013,-0.003,-0.027,-0.64,0.52,9.39,-0.61,0.48,-0.41,-0.03,0.04,9.8,1.9475,0.0,0.0,0.0,0.0,5.0,1017.13,66.24,-17.87
2025-03-24 17:18:13.026000+00:00,57.765788719932615,,,,357.062,0.062,0.0,23.0,-126.875,-11.188,-5.0,0.008,-0.007,-0.018,-0.64,0.52,9.39,-0.61,0.48,-0.41,-0.03,0.04,9.8,1.9475,0.0,0.0,0.0,0.0,5.0,1017.13,66.24,-17.87
2025-03-24 17:18:14.044000+00:00,57.765788719932615,,,,357.062,0.062,0.0,23.0,-126.875,-11.188,-5.0,-0.018,-0.032,0.0,-0.64,0.52,9.39,-0.61,0.48,-0.41,-0.03,0.04,9.8,1.9475,0.0,0.0,0.0,0.0,5.0,1017.13,66.24,-17.87
2025-03-24 17:18:15.047000+00:00,57.765788719932615,,,,357.062,0.062,0.0,23.0,-126.875,-11.188,-5.0,0.01,0.0,0.021,-0.64,0.52,9.39,-0.61,0.48,-0.41,-0.03,0.04,9.8,1.9475,0.0,0.0,0.0,0.0,5.0,1017.13,66.24,-17.87
2025-03-24 17:18:16.204000+00:00,57.765788719932615,,,,357.062,0.062,0.0,23.0,-126.875,-11.188,-5.0,-0.014,-0.012,-0.008,-0.64,0.52,9.39,-0.61,0.48,-0.41,-0.03,0.04,9.8,1.9475,0.0,0.0,0.0,0.0,5.0,1017.13,66.24,-17.87
2025-03-24 17:18:17.283000+00:00,57.765788719932615,,,,357.062,0.062,0.0,23.0,-126.875,-11.188,-5.0,-0.014,-0.003,0.024,-0.64,0.52,9.39,-0.61,0.48,-0.41,-0.03,0.04,9.8,1.9475,0.0,0.0,0.0,0.0,5.0,1017.13,66.24,-17.87
2025-03-24 17:18:18.270000+00:00,57.765788719932615,,,,357.062,0.062,0.0,23.0,-126.875,-11.188,-5.0,-0.008,0.016,0.019,-0.64,0.52,9.39,-0.61,0.48,-0.41,-0.03,0.04,9.8,1.9475,0.0,0.0,0.0,0.0,5.0,1017.13,66.24,-17.87
2025-03-24 17:18:19.324000+00:00,57.765788719932615,,,,357.062,0.062,0.0,23.0,-126.875,-11.188,-5.0,-0.016,0.014,-0.001,-0.64,0.52,9.39,-0.61,0.48,-0.41,-0.03,0.04,9.8,1.9475,0.0,0.0,0.0,0.0,5.0,1017.13,66.24,-17.87
2025-03-24 17:18:20.401000+00:00,57.765788719932615,,,,357.062,0.062,0.0,23.0,-126.875,-11.188,-5.0,-0.013,-0.004,0.006,-0.64,0.52,9.39,-0.61,0.48,-0.41,-0.03,0.04,9.8,1.9475,0.0,0.0,0.0,0.0,5.0,1017.13,66.24,-17.87
2025-03-24 17:18:21.112000+00:00,57.765788719932615,,,,357.062,0.062,0.0,23.0,-126.875,-11.188,-5.0,-0.008,0.014,0.023,-0.64,0.52,9.39,-0.61,0.48,-0.41,-0.03,0.04,9.8,1.9475,0.0,0.0,0.0,0.0,5.0,1017.13,66.24,-17.87
2025-03-24 17:18:22.117000+00:00,57.765788719932615,,,,357.062,0.062,0.0,23.0,-126.875,-11.188,-5.0,0.019,0.012,0.03,-0.64,0.52,9.39,-0.61,0.48,-0.41,-0.03,0.04,9.8,1.9475,0.0,0.0,0.0,0.0,5.0,1017.13,66.24,-17.87
2025-03-24 17:18:23.126000+00:00,57.765788719932615,,,,357.062,0.062,0.0,23.0,-126.875,-11.188,-5.0,-0.02,-0.009,0.016,-0.64,0.52,9.39,-0.61,0.48,-0.41,-0.03,0.04,9.8,1.9475,0.0,0.0,0.0,0.0,5.0,1017.13,66.24,-17.87
2025-03-24 17:18:24.138000+00:00,57.765788719932615,,,,357.062,0.062,0.0,23.0,-126.875,-11.188,-5.0,-0.033,-0.004,-0.034,-0.64,0.52,9.39,-0.61,0.48,-0.41,-0.03,0.04,9.8,1.9475,0.0,0.0,0.0,0.0,5.0,1017.13,66.24,-17.87
2025-03-24 17:18:25.147000+00:00,57.765788719932615,,,,357.062,0.062,0.0,23.0,-126.875,-11.188,-5.0,0.026,0.0,-0.013,-0.64,0.52,9.39,-0.61,0.48,-0.41,-0.03,0.04,9.8,1.9475,0.0,0.0,0.0,0.0,5.0,1017.13,66.24,-17.87
2025-03-24 17:18:26.163000+00:00,57.765788719932615,,,,357.062,0.062,0.0,23.0,-126.875,-11.188,-5.0,0.03,0.006,-0.008,-0.64,0.52,9.39,-0.61,0.48,-0.41,-0.03,0.04,9.8,1.9475,0.0,0.0,0.0,0.0,5.0,1017.13,66.24,-17.87
2025-03-24 17:18:27.246000+00:00,57.765788719932615,,,,357.062,0.062,0.0,23.0,-126.875,-11.188,-5.0,-0.027,0.0,-0.033,-0.64,0.52,9.39,-0.61,0.48,-0.41,-0.03,0.04,9.8,1.9475,0.0,0.0,0.0,0.0,5.0,1017.13,66.24,-17.87
2025-03-24 17:17:28.780000+00:00,57.765788719932615,,,,357.062,0.062,0.0,23.0,-126.875,-11.188,-5.0,-0.027,0.0,-0.033,-0.64,0.52,9.39,-0.61,0.48,-0.41,-0.03,0.04,9.8,1.9475,0.0,0.0,0.0,0.0,5.0,1017.13,66.24,-17.87
2025-03-24 17:17:29.822000+00:00,57.765788719932615,,,,357.062,0.062,0.0,23.0,-126.875,-11.188,-5.0,-0.027,0.0,-0.033,0.57,-0.02,9.41,-0.61,0.48,-0.41,-0.03,0.04,9.8,1.9475,0.0,0.0,0.0,0.0,5.0,1017.13,66.24,-17.87
2025-03-24 17:17:30.927000+00:00,57.765788719932615,,,,357.062,0.062,0.0,23.0,-126.875,-11.188,-5.0,-0.027,0.0,-0.033,0.1,-0.11,9.37,-0.61,0.48,-0.41,-0.03,0.04,9.8,1.9475,0.0,0.0,0.0,0.0,5.0,1017.13,66.24,-17.87
2025-03-24 17:17:31.990000+00:00,57.765788719932615,,,,357.062,0.062,0.0,23.0,-126.875,-11.188,-5.0,-0.027,0.0,-0.033,0.0,0.31,9.36,-0.61,0.48,-0.41,-0.03,0.04,9.8,1.9475,0.0,0.0,0.0,0.0,5.0,1017.13,66.24,-17.87
2025-03-24 17:17:33.100000+00:00,57.765788719932615,,,,357.062,0.062,0.0,23.0,-126.875,-11.188,-5.0,-0.027,0.0,-0.033,0.02,-0.69,9.36,-0.61,0.48,-0.41,-0.03,0.04,9.8,1.9475,0.0,0.0,0.0,0.0,5.0,1017.13,66.24,-17.87
2025-03-24 17:17:33.780000+00:00,57.765788719932615,,,,357.062,0.062,0.0,23.0,-126.875,-11.188,-5.0,-0.027,0.0,-0.033,-0.52,0.1,9.55,-0.61,0.48,-0.41,-0.03,0.04,9.8,1.9475,0.0,0.0,0.0,0.0,5.0,1017.13,66.24,-17.87
2025-03-24 17:17:34.820000+00:00,57.765788719932615,,,,357.062,0.062,0.0,23.0,-126.875,-11.188,-5.0,-0.027,0.0,-0.033,-0.44,0.12,9.37,-0.61,0.48,-0.41,-0.03,0.04,9.8,1.9475,0.0,0.0,0.0,0.0,5.0,1017.13,66.24,-17.87
2025-03-24 17:17:35.781000+00:00,57.765788719932615,,,,357.062,0.062,0.0,23.0,-126.875,-11.188,-5.0,-0.027,0.0,-0.033,-0.08,0.57,9.41,-0.61,0.48,-0.41,-0.03,0.04,9.8,1.9475,0.0,0.0,0.0,0.0,5.0,1017.13,66.24,-17.87
2025-03-24 17:17:36.805000+00:00,57.765788719932615,,,,357.062,0.062,0.0,23.0,-126.875,-11.188,-5.0,-0.027,0.0,-0.033,0.18,0.41,9.45,-0.61,0.48,-0.41,-0.03,0.04,9.8,1.9475,0.0,0.0,0.0,0.0,5.0,1017.13,66.24,-17.87
2025-03-24 17:17:37.780000+00:00,57.765788719932615,,,,357.062,0.062,0.0,23.0,-126.875,-11.188,-5.0,-0.027,0.0,-0.033,-0.56,0.01,9.3,-0.61,0.48,-0.41,-0.03,0.04,9.8,1.9475,0.0,0.0,0.0,0.0,5.0,1017.13,66.24,-17.87
2025-03-24 17:17:38.827000+00:00,57.765788719932615,,,,357.062,0.062,0.0,23.0,-126.875,-11.188,-5.0,-0.027,0.0,-0.033,0.18,0.31,9.27,-0.61,0.48,-0.41,-0.03,0.04,9.8,1.9475,0.0,0.0,0.0,0.0,5.0,1017.13,66.24,-17.87
2025-03-24 17:17:40.127000+00:00,57.765788719932615,,,,357.062,0.062,0.0,23.0,-126.875,-11.188,-5.0,-0.027,0.0,-0.033,-0.03,0.13,9.29,-0.61,0.48,-0.41,-0.03,0.04,9.8,1.9475,0.0,0.0,0.0,0.0,5.0,1017.13,66.24,-17.87
2025-03-24 17:17:40.876000+00:00,57.765788719932615,,,,357.062,0.062,0.0,23.0,-126.875,-11.188,-5.0,-0.027,0.0,-0.033,-0.45,-0.05,9.43,-0.61,0.48,-0.41,-0.03,0.04,9.8,1.9475,0.0,0.0,0.0,0.0,5.0,1017.13,66.24,-17.87
2025-03-24 17:17:41.802000+00:00,57.765788719932615,,,,357.062,0.062,0.0,23.0,-126.875,-11.188,-5.0,-0.027,0.0,-0.033,-0.06,0.15,9.36,-0.61,0.48,-0.41,-0.03,0.04,9.8,1.9475,0.0,0.0,0.0,0.0,5.0,1017.13,66.24,-17.87
2025-03-24 17:17:42.815000+00:00,57.765788719932615,,,,357.062,0.062,0.0,23.0,-126.875,-11.188,-5.0,-0.027,0.0,-0.033,-0.4,0.06,9.48,-0.61,0.48,-0.41,-0.03,0.04,9.8,1.9475,0.0,0.0,0.0,0.0,5.0,1017.13,66.24,-17.87
2025-03-24 17:17:43.811000+00:00,57.765788719932615,,,,357.062,0.062,0.0,23.0,-126.875,-11.188,-5.0,-0.027,0.0,-0.033,-0.2,0.85,9.42,-0.61,0.48,-0.41,-0.03,0.04,9.8,1.9475,0.0,0.0,0.0,0.0,5.0,1017.13,66.24,-17.87
2025-03-24 17:17:44.850000+00:00,57.765788719932615,,,,357.062,0.062,0.0,23.0,-126.875,-11.188,-5.0,-0.027,0.0,-0.033,0.03,0.12,9.46,-0.61,0.48,-0.41,-0.03,0.04,9.8,1.9475,0.0,0.0,0.0,0.0,5.0,1017.13,66.24,-17.87
2025-03-24 17:17:45.846000+00:00,57.765788719932615,,,,357.062,0.062,0.0,23.0,-126.875,-11.188,-5.0,-0.027,0.0,-0.033,0.02,0.19,9.6,-0.61,0.48,-0.41,-0.03,0.04,9.8,1.9475,0.0,0.0,0.0,0.0,5.0,1017.13,66.24,-17.87
2025-03-24 17:17:46.989000+00:00,57.765788719932615,,,,357.062,0.062,0.0,23.0,-126.875,-11.188,-5.0,-0.027,0.0,-0.033,-0.67,0.3,9.5,-0.61,0.48,-0.41,-0.03,0.04,9.8,1.9475,0.0,0.0,0.0,0.0,5.0,1017.13,66.24,-17.87
2025-03-24 17:17:48.039000+00:00,57.765788719932615,,,,357.062,0.062,0.0,23.0,-126.875,-11.188,-5.0,-0.027,0.0,-0.033,0.41,-0.13,9.41,-0.61,0.48,-0.41,-0.03,0.04,9.8,1.9475,0.0,0.0,0.0,0.0,5.0,1017.13,66.24,-17.87
2025-03-24 17:17:49.196000+00:00,57.765788719932615,,,,357.062,0.062,0.0,23.0,-126.875,-11.188,-5.0,-0.027,0.0,-0.033,-0.18,-0.48,9.28,-0.61,0.48,-0.41,-0.03,0.04,9.8,1.9475,0.0,0.0,0.0,0.0,5.0,1017.13,66.24,-17.87
2025-03-24 17:17:50.039000+00:00,57.765788719932615,,,,357.062,0.062,0.0,23.0,-126.875,-11.188,-5.0,-0.027,0.0,-0.033,-0.36,-0.25,9.51,-0.61,0.48,-0.41,-0.03,0.04,9.8,1.9475,0.0,0.0,0.0,0.0,5.0,1017.13,66.24,-17.87
2025-03-24 17:17:50.855000+00:00,57.765788719932615,,,,357.062,0.062,0.0,23.0,-126.875,-11.188,-5.0,-0.027,0.0,-0.033,0.07,0.02,9.48,-0.61,0.48,-0.41,-0.03,0.04,9.8,1.9475,0.0,0.0,0.0,0.0,5.0,1017.13,66.24,-17.87
2025-03-24 17:17:51.905000+00:00,57.765788719932615,,,,357.062,0.062,0.0,23.0,-126.875,-11.188,-5.0,-0.027,0.0,-0.033,-0.07,0.4,9.33,-0.61,0.48,-0.41,-0.03,0.04,9.8,1.9475,0.0,0.0,0.0,0.0,5.0,1017.13,66.24,-17.87
2025-03-24 17:17:52.888000+00:00,57.765788719932615,,,,357.062,0.062,0.0,23.0,-126.875,-11.188,-5.0,-0.027,0.0,-0.033,-0.55,0.46,9.45,-0.61,0.48,-0.41,-0.03,0.04,9.8,1.9475,0.0,0.0,0.0,0.0,5.0,1017.13,66.24,-17.87
2025-03-24 17:17:53.878000+00:00,57.765788719932615,,,,357.062,0.062,0.0,23.0,-126.875,-11.188,-5.0,-0.027,0.0,-0.033,-0.49,0.22,9.42,-0.61,0.48,-0.41,-0.03,0.04,9.8,1.9475,0.0,0.0,0.0,0.0,5.0,1017.13,66.24,-17.87
2025-03-24 17:17:54.909000+00:00,57.765788719932615,,,,357.062,0.062,0.0,23.0,-126.875,-11.188,-5.0,-0.027,0.0,-0.033,-0.12,0.33,9.56,-0.61,0.48,-0.41,-0.03,0.04,9.8,1.9475,0.0,0.0,0.0,0.0,5.0,1017.13,66.24,-17.87
2025-03-24 17:17:55.914000+00:00,57.765788719932615,,,,357.062,0.062,0.0,23.0,-126.875,-11.188,-5.0,-0.027,0.0,-0.033,-0.09,0.07,9.39,-0.61,0.48,-0.41,-0.03,0.04,9.8,1.9475,0.0,0.0,0.0,0.0,5.0,1017.13,66.24,-17.87
2025-03-24 17:17:56.992000+00:00,57.765788719932615,,,,357.062,0.062,0.0,23.0,-126.875,-11.188,-5.0,-0.027,0.0,-0.033,-0.01,-0.45,9.4,-0.61,0.48,-0.41,-0.03,0.04,9.8,1.9475,0.0,0.0,0.0,0.0,5.0,1017.13,66.24,-17.87
2025-03-24 17:17:58.128000+00:00,57.765788719932615,,,,357.062,0.062,0.0,23.0,-126.875,-11.188,-5.0,-0.027,0.0,-0.033,-0.31,0.97,9.31,-0.61,0.48,-0.41,-0.03,0.04,9.8,1.9475,0.0,0.0,0.0,0.0,5.0,1017.13,66.24,-17.87
2025-03-24 17:17:59.328000+00:00,57.765788719932615,,,,357.062,0.062,0.0,23.0,-126.875,-11.188,-5.0,-0.027,0.0,-0.033,-0.12,-0.03,9.45,-0.61,0.48,-0.41,-0.03,0.04,9.8,1.9475,0.0,0.0,0.0,0.0,5.0,1017.13,66.24,-17.87
2025-03-24 17:18:00.264000+00:00,57.765788719932615,,,,357.062,0.062,0.0,23.0,-126.875,-11.188,-5.0,-0.027,0.0,-0.033,0.02,-0.03,9.31,-0.61,0.48,-0.41,-0.03,0.04,9.8,1.9475,0.0,0.0,0.0,0.0,5.0,1017.13,66.24,-17.87
2025-03-24 17:18:01.282000+00:00,57.765788719932615,,,,357.062,0.062,0.0,23.0,-126.875,-11.188,-5.0,-0.027,0.0,-0.033,-0.23,0.44,9.25,-0.61,0.48,-0.41,-0.03,0.04,9.8,1.9475,0.0,0.0,0.0,0.0,5.0,1017.13,66.24,-17.87
2025-03-24 17:18:01.973000+00:00,57.765788719932615,,,,357.062,0.062,0.0,23.0,-126.875,-11.188,-5.0,-0.027,0.0,-0.033,-0.25,0.25,9.5,-0.61,0.48,-0.41,-0.03,0.04,9.8,1.9475,0.0,0.0,0.0,0.0,5.0,1017.13,66.24,-17.87
2025-03-24 17:18:02.995000+00:00,57.765788719932615,,,,357.062,0.062,0.0,23.0,-126.875,-11.188,-5.0,-0.027,0.0,-0.033,-0.52,0.42,9.39,-0.61,0.48,-0.41,-0.03,0.04,9.8,1.9475,0.0,0.0,0.0,0.0,5.0,1017.13,66.24,-17.87
2025-03-24 17:18:03.989000+00:00,57.765788719932615,,,,357.062,0.062,0.0,23.0,-126.875,-11.188,-5.0,-0.027,0.0,-0.033,-0.41,0.22,9.36,-0.61,0.48,-0.41,-0.03,0.04,9.8,1.9475,0.0,0.0,0.0,0.0,5.0,1017.13,66.24,-17.87
2025-03-24 17:18:04.998000+00:00,57.765788719932615,,,,357.062,0.062,0.0,23.0,-126.875,-11.188,-5.0,-0.027,0.0,-0.033,-0.58,0.16,9.46,-0.61,0.48,-0.41,-0.03,0.04,9.8,1.9475,0.0,0.0,0.0,0.0,5.0,1017.13,66.24,-17.87
2025-03-24 17:18:06.025000+00:00,57.765788719932615,,,,357.062,0.062,0.0,23.0,-126.875,-11.188,-5.0,-0.027,0.0,-0.033,-0.04,0.45,9.52,-0.61,0.48,-0.41,-0.03,0.04,9.8,1.9475,0.0,0.0,0.0,0.0,5.0,1017.13,66.24,-17.87
2025-03-24 17:18:07.039000+00:00,57.765788719932615,,,,357.062,0.062,0.0,23.0,-126.875,-11.188,-5.0,-0.027,0.0,-0.033,0.04,-0.95,9.3,-0.61,0.48,-0.41,-0.03,0.04,9.8,1.9475,0.0,0.0,0.0,0.0,5.0,1017.13,66.24,-17.87
2025-03-24 17:18:08.118000+00:00,57.765788719932615,,,,357.062,0.062,0.0,23.0,-126.875,-11.188,-5.0,-0.027,0.0,-0.033,-0.55,0.23,9.52,-0.61,0.48,-0.41,-0.03,0.04,9.8,1.9475,0.0,0.0,0.0,0.0,5.0,1017.13,66.24,-17.87
2025-03-24 17:18:09.137000+00:00,57.765788719932615,,,,357.062,0.062,0.0,23.0,-126.875,-11.188,-5.0,-0.027,0.0,-0.033,-0.34,0.37,9.53,-0.61,0.48,-0.41,-0.03,0.04,9.8,1.9475,0.0,0.0,0.0,0.0,5.0,1017.13,66.24,-17.87
2025-03-24 17:18:10.055000+00:00,57.765788719932615,,,,357.062,0.062,0.0,23.0,-126.875,-11.188,-5.0,-0.027,0.0,-0.033,-0.38,0.31,9.41,-0.61,0.48,-0.41,-0.03,0.04,9.8,1.9475,0.0,0.0,0.0,0.0,5.0,1017.13,66.24,-17.87
2025-03-24 17:18:11.057000+00:00,57.765788719932615,,,,357.062,0.062,0.0,23.0,-126.875,-11.188,-5.0,-0.027,0.0,-0.033,0.48,0.49,9.3,-0.61,0.48,-0.41,-0.03,0.04,9.8,1.9475,0.0,0.0,0.0,0.0,5.0,1017.13,66.24,-17.87
2025-03-24 17:18:12.077000+00:00,57.765788719932615,,,,357.062,0.062,0.0,23.0,-126.875,-11.188,-5.0,-0.027,0.0,-0.033,-0.21,0.0,9.35,-0.61,0.48,-0.41,-0.03,0.04,9.8,1.9475,0.0,0.0,0.0,0.0,5.0,1017.13,66.24,-17.87
2025-03-24 17:18:13.077000+00:00,57.765788719932615,,,,357.062,0.062,0.0,23.0,-126.875,-11.188,-5.0,-0.027,0.0,-0.033,0.17,0.11,9.37,-0.61,0.48,-0.41,-0.03,0.04,9.8,1.9475,0.0,0.0,0.0,0.0,5.0,1017.13,66.24,-17.87
2025-03-24 17:18:14.102000+00:00,57.765788719932615,,,,357.062,0.062,0.0,23.0,-126.875,-11.188,-5.0,-0.027,0.0,-0.033,-0.25,0.08,9.51,-0.61,0.48,-0.41,-0.03,0.04,9.8,1.9475,0.0,0.0,0.0,0.0,5.0,1017.13,66.24,-17.87
2025-03-24 17:18:15.104000+00:00,57.765788719932615,,,,357.062,0.062,0.0,23.0,-126.875,-11.188,-5.0,-0.027,0.0,-0.033,-0.23,0.26,9.37,-0.61,0.48,-0.41,-0.03,0.04,9.8,1.9475,0.0,0.0,0.0,0.0,5.0,1017.13,66.24,-17.87
2025-03-24 17:18:16.257000+00:00,57.765788719932615,,,,357.062,0.062,0.0,23.0,-126.875,-11.188,-5.0,-0.027,0.0,-0.033,-0.35,0.0,9.39,-0.61,0.48,-0.41,-0.03,0.04,9.8,1.9475,0.0,0.0,0.0,0.0,5.0,1017.13,66.24,-17.87
2025-03-24 17:18:17.340000+00:00,57.765788719932615,,,,357.062,0.062,0.0,23.0,-126.875,-11.188,-5.0,-0.027,0.0,-0.033,-0.13,-0.15,9.51,-0.61,0.48,-0.41,-0.03,0.04,9.8,1.9475,0.0,0.0,0.0,0.0,5.0,1017.13,66.24,-17.87
2025-03-24 17:18:18.324000+00:00,57.765788719932615,,,,357.062,0.062,0.0,23.0,-126.875,-11.188,-5.0,-0.027,0.0,-0.033,-0.27,0.07,9.39,-0.61,0.48,-0.41,-0.03,0.04,9.8,1.9475,0.0,0.0,0.0,0.0,5.0,1017.13,66.24,-17.87
2025-03-24 17:18:19.376000+00:00,57.765788719932615,,,,357.062,0.062,0.0,23.0,-126.875,-11.188,-5.0,-0.027,0.0,-0.033,-0.03,-0.07,9.5,-0.61,0.48,-0.41,-0.03,0.04,9.8,1.9475,0.0,0.0,0.0,0.0,5.0,1017.13,66.24,-17.87
2025-03-24 17:18:20.446000+00:00,57.765788719932615,,,,357.062,0.062,0.0,23.0,-126.875,-11.188,-5.0,-0.027,0.0,-0.033,-0.93,0.37,9.38,-0.61,0.48,-0.41,-0.03,0.04,9.8,1.9475,0.0,0.0,0.0,0.0,5.0,1017.13,66.24,-17.87
2025-03-24 17:18:21.164000+00:00,57.765788719932615,,,,357.062,0.062,0.0,23.0,-126.875,-11.188,-5.0,-0.027,0.0,-0.033,-0.11,0.19,9.53,-0.61,0.48,-0.41,-0.03,0.04,9.8,1.9475,0.0,0.0,0.0,0.0,5.0,1017.13,66.24,-17.87
2025-03-24 17:18:22.174000+00:00,57.765788719932615,,,,357.062,0.062,0.0,23.0,-126.875,-11.188,-5.0,-0.027,0.0,-0.033,0.1,0.29,9.44,-0.61,0.48,-0.41,-0.03,0.04,9.8,1.9475,0.0,0.0,0.0,0.0,5.0,1017.13,66.24,-17.87
2025-03-24 17:18:23.183000+00:00,57.765788719932615,,,,357.062,0.062,0.0,23.0,-126.875,-11.188,-5.0,-0.027,0.0,-0.033,-0.47,0.34,9.32,-0.61,0.48,-0.41,-0.03,0.04,9.8,1.9475,0.0,0.0,0.0,0.0,5.0,1017.13,66.24,-17.87
2025-03-24 17:18:24.187000+00:00,57.765788719932615,,,,357.062,0.062,0.0,23.0,-126.875,-11.188,-5.0,-0.027,0.0,-0.033,-0.48,-0.38,9.47,-0.61,0.48,-0.41,-0.03,0.04,9.8,1.9475,0.0,0.0,0.0,0.0,5.0,1017.13,66.24,-17.87
2025-03-24 17:18:25.196000+00:00,57.765788719932615,,,,357.062,0.062,0.0,23.0,-126.875,-11.188,-5.0,-0.027,0.0,-0.033,-0.33,-0.11,9.4,-0.61,0.48,-0.41,-0.03,0.04,9.8,1.9475,0.0,0.0,0.0,0.0,5.0,1017.13,66.24,-17.87
2025-03-24 17:18:26.272000+00:00,57.765788719932615,,,,357.062,0.062,0.0,23.0,-126.875,-11.188,-5.0,-0.027,0.0,-0.033,-0.85,0.57,9.44,-0.61,0.48,-0.41,-0.03,0.04,9.8,1.9475,0.0,0.0,0.0,0.0,5.0,1017.13,66.24,-17.87
2025-03-24 17:18:27.296000+00:00,57.765788719932615,,,,357.062,0.062,0.0,23.0,-126.875,-11.188,-5.0,-0.027,0.0,-0.033,0.22,-0.25,9.35,-0.61,0.48,-0.41,-0.03,0.04,9.8,1.9475,0.0,0.0,0.0,0.0,5.0,1017.13,66.24,-17.87
2025-03-24 17:17:28.830000+00:00,57.765788719932615,,,,357.062,0.062,0.0,23.0,-126.875,-11.188,-5.0,-0.027,0.0,-0.033,0.22,-0.25,9.35,-0.61,0.48,-0.41,-0.03,0.04,9.8,1.9475,0.0,0.0,0.0,0.0,5.0,1017.13,66.24,-17.87
2025-03-24 17:17:29.887000+00:00,57.765788719932615,,,,357.062,0.062,0.0,23.0,-126.875,-11.188,-5.0,-0.027,0.0,-0.033,0.22,-0.25,9.35,0.6,-0.06,-0.38,-0.03,0.04,9.8,1.9475,0.0,0.0,0.0,0.0,5.0,1017.13,66.24,-17.87
2025-03-24 17:17:30.987000+00:00,57.765788719932615,,,,357.062,0.062,0.0,23.0,-126.875,-11.188,-5.0,-0.027,0.0,-0.033,0.22,-0.25,9.35,0.13,-0.16,-0.43,-0.03,0.04,9.8,1.9475,0.0,0.0,0.0,0.0,5.0,1017.13,66.24,-17.87
2025-03-24 17:17:32.040000+00:00,57.765788719932615,,,,357.062,0.062,0.0,23.0,-126.875,-11.188,-5.0,-0.027,0.0,-0.033,0.22,-0.25,9.35,0.02,0.27,-0.44,-0.03,0.04,9.8,1.9475,0.0,0.0,0.0,0.0,5.0,1017.13,66.24,-17.87
2025-03-24 17:17:33.157000+00:00,57.765788719932615,,,,357.062,0.062,0.0,23.0,-126.875,-11.188,-5.0,-0.027,0.0,-0.033,0.22,-0.25,9.35,0.03,-0.7,-0.44,-0.03,0.04,9.8,1.9475,0.0,0.0,0.0,0.0,5.0,1017.13,66.24,-17.87
2025-03-24 17:17:33.830000+00:00,57.765788719932615,,,,357.062,0.062,0.0,23.0,-126.875,-11.188,-5.0,-0.027,0.0,-0.033,0.22,-0.25,9.35,-0.52,0.1,-0.25,-0.03,0.04,9.8,1.9475,0.0,0.0,0.0,0.0,5.0,1017.13,66.24,-17.87
2025-03-24 17:17:34.877000+00:00,57.765788719932615,,,,357.062,0.062,0.0,23.0,-126.875,-11.188,-5.0,-0.027,0.0,-0.033,0.22,-0.25,9.35,-0.26,0.13,-0.39,-0.03,0.04,9.8,1.9475,0.0,0.0,0.0,0.0,5.0,1017.13,66.24,-17.87
2025-03-24 17:17:35.836000+00:00,57.765788719932615,,,,357.062,0.062,0.0,23.0,-126.875,-11.188,-5.0,-0.027,0.0,-0.033,0.22,-0.25,9.35,-0.05,0.54,-0.38,-0.03,0.04,9.8,1.9475,0.0,0.0,0.0,0.0,5.0,1017.13,66.24,-17.87
2025-03-24 17:17:36.850000+00:00,57.765788719932615,,,,357.062,0.062,0.0,23.0,-126.875,-11.188,-5.0,-0.027,0.0,-0.033,0.22,-0.25,9.35,0.21,0.39,-0.35,-0.03,0.04,9.8,1.9475,0.0,0.0,0.0,0.0,5.0,1017.13,66.24,-17.87
2025-03-24 17:17:37.837000+00:00,57.765788719932615,,,,357.062,0.062,0.0,23.0,-126.875,-11.188,-5.0,-0.027,0.0,-0.033,0.22,-0.25,9.35,-0.54,0.0,-0.49,-0.03,0.04,9.8,1.9475,0.0,0.0,0.0,0.0,5.0,1017.13,66.24,-17.87
2025-03-24 17:17:38.886000+00:00,57.765788719932615,,,,357.062,0.062,0.0,23.0,-126.875,-11.188,-5.0,-0.027,0.0,-0.033,0.22,-0.25,9.35,0.21,0.29,-0.52,-0.03,0.04,9.8,1.9475,0.0,0.0,0.0,0.0,5.0,1017.13,66.24,-17.87
2025-03-24 17:17:40.186000+00:00,57.765788719932615,,,,357.062,0.062,0.0,23.0,-126.875,-11.188,-5.0,-0.027,0.0,-0.033,0.22,-0.25,9.35,0.0,0.1,-0.5,-0.03,0.04,9.8,1.9475,0.0,0.0,0.0,0.0,5.0,1017.13,66.24,-17.87
2025-03-24 17:17:40.930000+00:00,57.765788719932615,,,,357.062,0.062,0.0,23.0,-126.875,-11.188,-5.0,-0.027,0.0,-0.033,0.22,-0.25,9.35,-0.41,-0.07,-0.36,-0.03,0.04,9.8,1.9475,0.0,0.0,0.0,0.0,5.0,1017.13,66.24,-17.87
2025-03-24 17:17:41.850000+00:00,57.765788719932615,,,,357.062,0.062,0.0,23.0,-126.875,-11.188,-5.0,-0.027,0.0,-0.033,0.22,-0.25,9.35,-0.04,0.13,-0.44,-0.03,0.04,9.8,1.9475,0.0,0.0,0.0,0.0,5.0,1017.13,66.24,-17.87
2025-03-24 17:17:42.859000+00:00,57.765788719932615,,,,357.062,0.062,0.0,23.0,-126.875,-11.188,-5.0,-0.027,0.0,-0.033,0.22,-0.25,9.35,-0.41,0.06,-0.32,-0.03,0.04,9.8,1.9475,0.0,0.0,0.0,0.0,5.0,1017.13,66.24,-17.87
2025-03-24 17:17:43.866000+00:00,57.765788719932615,,,,357.062,0.062,0.0,23.0,-126.875,-11.188,-5.0,-0.027,0.0,-0.033,0.22,-0.25,9.35,-0.22,0.85,-0.38,-0.03,0.04,9.8,1.9475,0.0,0.0,0.0,0.0,5.0,1017.13,66.24,-17.87
2025-03-24 17:17:44.899000+00:00,57.765788719932615,,,,357.062,0.062,0.0,23.0,-126.875,-11.188,-5.0,-0.027,0.0,-0.033,0.22,-0.25,9.35,0.04,0.11,-0.33,-0.03,0.04,9.8,1.9475,0.0,0.0,0.0,0.0,5.0,1017.13,66.24,-17.87
2025-03-24 17:17:45.899000+00:00,57.765788719932615,,,,357.062,0.062,0.0,23.0,-126.875,-11.188,-5.0,-0.027,0.0,-0.033,0.22,-0.25,9.35,0.05,0.15,-0.2,-0.03,0.04,9.8,1.9475,0.0,0.0,0.0,0.0,5.0,1017.13,66.24,-17.87
2025-03-24 17:17:47.045000+00:00,57.765788719932615,,,,357.062,0.062,0.0,23.0,-126.875,-11.188,-5.0,-0.027,0.0,-0.033,0.22,-0.25,9.35,-0.6,0.24,-0.29,-0.03,0.04,9.8,1.9475,0.0,0.0,0.0,0.0,5.0,1017.13,66.24,-17.87
2025-03-24 17:17:48.089000+00:00,57.765788719932615,,,,357.062,0.062,0.0,23.0,-126.875,-11.188,-5.0,-0.027,0.0,-0.033,0.22,-0.25,9.35,0.46,-0.2,-0.38,-0.03,0.04,9.8,1.9475,0.0,0.0,0.0,0.0,5.0,1017.13,66.24,-17.87
2025-03-24 17:17:49.249000+00:00,57.765788719932615,,,,357.062,0.062,0.0,23.0,-126.875,-11.188,-5.0,-0.027,0.0,-0.033,0.22,-0.25,9.35,-0.15,-0.52,-0.52,-0.03,0.04,9.8,1.9475,0.0,0.0,0.0,0.0,5.0,1017.13,66.24,-17.87
2025-03-24 17:17:50.089000+00:00,57.765788719932615,,,,357.062,0.062,0.0,23.0,-126.875,-11.188,-5.0,-0.027,0.0,-0.033,0.22,-0.25,9.35,-0.31,-0.3,-0.28,-0.03,0.04,9.8,1.9475,0.0,0.0,0.0,0.0,5.0,1017.13,66.24,-17.87
2025-03-24 17:17:50.908000+00:00,57.765788719932615,,,,357.062,0.062,0.0,23.0,-126.875,-11.188,-5.0,-0.027,0.0,-0.033,0.22,-0.25,9.35,0.09,-0.01,-0.32,-0.03,0.04,9.8,1.9475,0.0,0.0,0.0,0.0,5.0,1017.13,66.24,-17.87
2025-03-24 17:17:51.958000+00:00,57.765788719932615,,,,357.062,0.062,0.0,23.0,-126.875,-11.188,-5.0,-0.027,0.0,-0.033,0.22,-0.25,9.35,-0.06,0.37,-0.47,-0.03,0.04,9.8,1.9475,0.0,0.0,0.0,0.0,5.0,1017.13,66.24,-17.87
2025-03-24 17:17:52.939000+00:00,57.765788719932615,,,,357.062,0.062,0.0,23.0,-126.875,-11.188,-5.0,-0.027,0.0,-0.033,0.22,-0.25,9.35,-0.54,0.41,-0.35,-0.03,0.04,9.8,1.9475,0.0,0.0,0.0,0.0,5.0,1017.13,66.24,-17.87
2025-03-24 17:17:53.929000+00:00,57.765788719932615,,,,357.062,0.062,0.0,23.0,-126.875,-11.188,-5.0,-0.027,0.0,-0.033,0.22,-0.25,9.35,-0.51,0.19,-0.38,-0.03,0.04,9.8,1.9475,0.0,0.0,0.0,0.0,5.0,1017.13,66.24,-17.87
2025-03-24 17:17:54.965000+00:00,57.765788719932615,,,,357.062,0.062,0.0,23.0,-126.875,-11.188,-5.0,-0.027,0.0,-0.033,0.22,-0.25,9.35,-0.13,0.31,-0.23,-0.03,0.04,9.8,1.9475,0.0,0.0,0.0,0.0,5.0,1017.13,66.24,-17.87
2025-03-24 17:17:55.964000+00:00,57.765788719932615,,,,357.062,0.062,0.0,23.0,-126.875,-11.188,-5.0,-0.027,0.0,-0.033,0.22,-0.25,9.35,-0.06,0.01,-0.4,-0.03,0.04,9.8,1.9475,0.0,0.0,0.0,0.0,5.0,1017.13,66.24,-17.87
2025-03-24 17:17:57.045000+00:00,57.765788719932615,,,,357.062,0.062,0.0,23.0,-126.875,-11.188,-5.0,-0.027,0.0,-0.033,0.22,-0.25,9.35,0.0,-0.48,-0.4,-0.03,0.04,9.8,1.9475,0.0,0.0,0.0,0.0,5.0,1017.13,66.24,-17.87
2025-03-24 17:17:58.183000+00:00,57.765788719932615,,,,357.062,0.062,0.0,23.0,-126.875,-11.188,-5.0,-0.027,0.0,-0.033,0.22,-0.25,9.35,-0.3,0.78,-0.31,-0.03,0.04,9.8,1.9475,0.0,0.0,0.0,0.0,5.0,1017.13,66.24,-17.87
2025-03-24 17:17:59.387000+00:00,57.765788719932615,,,,357.062,0.062,0.0,23.0,-126.875,-11.188,-5.0,-0.027,0.0,-0.033,0.22,-0.25,9.35,-0.32,0.2,-0.31,-0.03,0.04,9.8,1.9475,0.0,0.0,0.0,0.0,5.0,1017.13,66.24,-17.87
2025-03-24 17:18:00.315000+00:00,57.765788719932615,,,,357.062,0.062,0.0,23.0,-126.875,-11.188,-5.0,-0.027,0.0,-0.033,0.22,-0.25,9.35,0.05,-0.08,-0.49,-0.03,0.04,9.8,1.9475,0.0,0.0,0.0,0.0,5.0,1017.13,66.24,-17.87
2025-03-24 17:18:01.328000+00:00,57.765788719932615,,,,357.062,0.062,0.0,23.0,-126.875,-11.188,-5.0,-0.027,0.0,-0.033,0.22,-0.25,9.35,-0.18,0.39,-0.55,-0.03,0.04,9.8,1.9475,0.0,0.0,0.0,0.0,5.0,1017.13,66.24,-17.87
2025-03-24 17:18:02.028000+00:00,57.765788719932615,,,,357.062,0.062,0.0,23.0,-126.875,-11.188,-5.0,-0.027,0.0,-0.033,0.22,-0.25,9.35,-0.43,0.0,-0.5,-0.03,0.04,9.8,1.9475,0.0,0.0,0.0,0.0,5.0,1017.13,66.24,-17.87
2025-03-24 17:18:03.056000+00:00,57.765788719932615,,,,357.062,0.062,0.0,23.0,-126.875,-11.188,-5.0,-0.027,0.0,-0.033,0.22,-0.25,9.35,-0.47,0.35,-0.41,-0.03,0.04,9.8,1.9475,0.0,0.0,0.0,0.0,5.0,1017.13,66.24,-17.87
2025-03-24 17:18:04.037000+00:00,57.765788719932615,,,,357.062,0.062,0.0,23.0,-126.875,-11.188,-5.0,-0.027,0.0,-0.033,0.22,-0.25,9.35,-0.37,0.14,-0.44,-0.03,0.04,9.8,1.9475,0.0,0.0,0.0,0.0,5.0,1017.13,66.24,-17.87
2025-03-24 17:18:05.048000+00:00,57.765788719932615,,,,357.062,0.062,0.0,23.0,-126.875,-11.188,-5.0,-0.027,0.0,-0.033,0.22,-0.25,9.35,-0.75,0.35,-0.28,-0.03,0.04,9.8,1.9475,0.0,0.0,0.0,0.0,5.0,1017.13,66.24,-17.87
2025-03-24 17:18:06.078000+00:00,57.765788719932615,,,,357.062,0.062,0.0,23.0,-126.875,-11.188,-5.0,-0.027,0.0,-0.033,0.22,-0.25,9.35,-0.08,-0.32,-0.44,-0.03,0.04,9.8,1.9475,0.0,0.0,0.0,0.0,5.0,1017.13,66.24,-17.87
2025-03-24 17:18:07.088000+00:00,57.765788719932615,,,,357.062,0.062,0.0,23.0,-126.875,-11.188,-5.0,-0.027,0.0,-0.033,0.22,-0.25,9.35,0.06,-0.99,-0.5,-0.03,0.04,9.8,1.9475,0.0,0.0,0.0,0.0,5.0,1017.13,66.24,-17.87
2025-03-24 17:18:08.168000+00:00,57.765788719932615,,,,357.062,0.062,0.0,23.0,-126.875,-11.188,-5.0,-0.027,0.0,-0.033,0.22,-0.25,9.35,-0.51,0.2,-0.28,-0.03,0.04,9.8,1.9475,0.0,0.0,0.0,0.0,5.0,1017.13,66.24,-17.87
2025-03-24 17:18:09.187000+00:00,57.765788719932615,,,,357.062,0.062,0.0,23.0,-126.875,-11.188,-5.0,-0.027,0.0,-0.033,0.22,-0.25,9.35,-0.33,0.35,-0.26,-0.03,0.04,9.8,1.9475,0.0,0.0,0.0,0.0,5.0,1017.13,66.24,-17.87
2025-03-24 17:18:10.113000+00:00,57.765788719932615,,,,357.062,0.062,0.0,23.0,-126.875,-11.188,-5.0,-0.027,0.0,-0.033,0.22,-0.25,9.35,-0.37,0.29,-0.38,-0.03,0.04,9.8,1.9475,0.0,0.0,0.0,0.0,5.0,1017.13,66.24,-17.87
2025-03-24 17:18:11.124000+00:00,57.765788719932615,,,,357.062,0.062,0.0,23.0,-126.875,-11.188,-5.0,-0.027,0.0,-0.033,0.22,-0.25,9.35,0.49,0.46,-0.49,-0.03,0.04,9.8,1.9475,0.0,0.0,0.0,0.0,5.0,1017.13,66.24,-17.87
2025-03-24 17:18:12.127000+00:00,57.765788719932615,,,,357.062,0.062,0.0,23.0,-126.875,-11.188,-5.0,-0.027,0.0,-0.033,0.22,-0.25,9.35,-0.2,-0.02,-0.45,-0.03,0.04,9.8,1.9475,0.0,0.0,0.0,0.0,5.0,1017.13,66.24,-17.87
2025-03-24 17:18:13.127000+00:00,57.765788719932615,,,,357.062,0.062,0.0,23.0,-126.875,-11.188,-5.0,-0.027,0.0,-0.033,0.22,-0.25,9.35,0.16,0.12,-0.43,-0.03,0.04,9.8,1.9475,0.0,0.0,0.0,0.0,5.0,1017.13,66.24,-17.87
2025-03-24 17:18:14.150000+00:00,57.765788719932615,,,,357.062,0.062,0.0,23.0,-126.875,-11.188,-5.0,-0.027,0.0,-0.033,0.22,-0.25,9.35,-0.24,0.05,-0.28,-0.03,0.04,9.8,1.9475,0.0,0.0,0.0,0.0,5.0,1017.13,66.24,-17.87
2025-03-24 17:18:15.159000+00:00,57.765788719932615,,,,357.062,0.062,0.0,23.0,-126.875,-11.188,-5.0,-0.027,0.0,-0.033,0.22,-0.25,9.35,-0.22,0.26,-0.43,-0.03,0.04,9.8,1.9475,0.0,0.0,0.0,0.0,5.0,1017.13,66.24,-17.87
2025-03-24 17:18:16.307000+00:00,57.765788719932615,,,,357.062,0.062,0.0,23.0,-126.875,-11.188,-5.0,-0.027,0.0,-0.033,0.22,-0.25,9.35,-0.32,-0.02,-0.4,-0.03,0.04,9.8,1.9475,0.0,0.0,0.0,0.0,5.0,1017.13,66.24,-17.87
2025-03-24 17:18:17.386000+00:00,57.765788719932615,,,,357.062,0.062,0.0,23.0,-126.875,-11.188,-5.0,-0.027,0.0,-0.033,0.22,-0.25,9.35,-0.07,-0.18,-0.29,-0.03,0.04,9.8,1.9475,0.0,0.0,0.0,0.0,5.0,1017.13,66.24,-17.87
2025-03-24 17:18:18.376000+00:00,57.765788719932615,,,,357.062,0.062,0.0,23.0,-126.875,-11.188,-5.0,-0.027,0.0,-0.033,0.22,-0.25,9.35,-0.21,0.02,-0.41,-0.03,0.04,9.8,1.9475,0.0,0.0,0.0,0.0,5.0,1017.13,66.24,-17.87
2025-03-24 17:18:19.426000+00:00,57.765788719932615,,,,357.062,0.062,0.0,23.0,-126.875,-11.188,-5.0,-0.027,0.0,-0.033,0.22,-0.25,9.35,0.05,-0.12,-0.3,-0.03,0.04,9.8,1.9475,0.0,0.0,0.0,0.0,5.0,1017.13,66.24,-17.87
2025-03-24 17:18:20.503000+00:00,57.765788719932615,,,,357.062,0.062,0.0,23.0,-126.875,-11.188,-5.0,-0.027,0.0,-0.033,0.22,-0.25,9.35,-0.85,0.32,-0.42,-0.03,0.04,9.8,1.9475,0.0,0.0,0.0,0.0,5.0,1017.13,66.24,-17.87
2025-03-24 17:18:21.221000+00:00,57.765788719932615,,,,357.062,0.062,0.0,23.0,-126.875,-11.188,-5.0,-0.027,0.0,-0.033,0.22,-0.25,9.35,-0.05,0.12,-0.27,-0.03,0.04,9.8,1.9475,0.0,0.0,0.0,0.0,5.0,1017.13,66.24,-17.87
2025-03-24 17:18:22.229000+00:00,57.765788719932615,,,,357.062,0.062,0.0,23.0,-126.875,-11.188,-5.0,-0.027,0.0,-0.033,0.22,-0.25,9.35,0.17,0.21,-0.35,-0.03,0.04,9.8,1.9475,0.0,0.0,0.0,0.0,5.0,1017.13,66.24,-17.87
2025-03-24 17:18:23.236000+00:00,57.765788719932615,,,,357.062,0.062,0.0,23.0,-126.875,-11.188,-5.0,-0.027,0.0,-0.033,0.22,-0.25,9.35,-0.42,0.26,-0.48,-0.03,0.04,9.8,1.9475,0.0,0.0,0.0,0.0,5.0,1017.13,66.24,-17.87
2025-03-24 17:18:24.244000+00:00,57.765788719932615,,,,357.062,0.062,0.0,23.0,-126.875,-11.188,-5.0,-0.027,0.0,-0.033,0.22,-0.25,9.35,-0.43,-0.44,-0.33,-0.03,0.04,9.8,1.9475,0.0,0.0,0.0,0.0,5.0,1017.13,66.24,-17.87
2025-03-24 17:18:25.246000+00:00,57.765788719932615,,,,357.062,0.062,0.0,23.0,-126.875,-11.188,-5.0,-0.027,0.0,-0.033,0.22,-0.25,9.35,-0.29,-0.15,-0.4,-0.03,0.04,9.8,1.9475,0.0,0.0,0.0,0.0,5.0,1017.13,66.24,-17.87
2025-03-24 17:18:26.333000+00:00,57.765788719932615,,,,357.062,0.062,0.0,23.0,-126.875,-11.188,-5.0,-0.027,0.0,-0.033,0.22,-0.25,9.35,-0.84,0.55,-0.36,-0.03,0.04,9.8,1.9475,0.0,0.0,0.0,0.0,5.0,1017.13,66.24,-17.87
2025-03-24 17:18:27.346000+00:00,57.765788719932615,,,,357.062,0.062,0.0,23.0,-126.875,-11.188,-5.0,-0.027,0.0,-0.033,0.22,-0.25,9.35,0.21,-0.25,-0.45,-0.03,0.04,9.8,1.9475,0.0,0.0,0.0,0.0,5.0,1017.13,66.24,-17.87
2025-03-24 17:17:28.883000+00:00,57.765788719932615,,,,357.062,0.062,0.0,23.0,-126.875,-11.188,-5.0,-0.027,0.0,-0.033,0.22,-0.25,9.35,0.21,-0.25,-0.45,-0.03,0.04,9.8,1.9475,0.0,0.0,0.0,0.0,5.0,1017.13,66.24,-17.87
2025-03-24 17:17:29.945000+00:00,57.765788719932615,,,,357.062,0.062,0.0,23.0,-126.875,-11.188,-5.0,-0.027,0.0,-0.033,0.22,-0.25,9.35,0.21,-0.25,-0.45,-0.02,0.03,9.8,1.9475,0.0,0.0,0.0,0.0,5.0,1017.13,66.24,-17.87
2025-03-24 17:17:31.040000+00:00,57.765788719932615,,,,357.062,0.062,0.0,23.0,-126.875,-11.188,-5.0,-0.027,0.0,-0.033,0.22,-0.25,9.35,0.21,-0.25,-0.45,-0.02,0.04,9.8,1.9475,0.0,0.0,0.0,0.0,5.0,1017.13,66.24,-17.87
2025-03-24 17:17:32.090000+00:00,57.765788719932615,,,,357.062,0.062,0.0,23.0,-126.875,-11.188,-5.0,-0.027,0.0,-0.033,0.22,-0.25,9.35,0.21,-0.25,-0.45,-0.02,0.03,9.8,1.9475,0.0,0.0,0.0,0.0,5.0,1017.13,66.24,-17.87
2025-03-24 17:17:33.210000+00:00,57.765788719932615,,,,357.062,0.062,0.0,23.0,-126.875,-11.188,-5.0,-0.027,0.0,-0.033,0.22,-0.25,9.35,0.21,-0.25,-0.45,0.0,0.0,9.8,1.9475,0.0,0.0,0.0,0.0,5.0,1017.13,66.24,-17.87
2025-03-24 17:17:34.200000+00:00,57.765788719932615,,,,357.062,0.062,0.0,23.0,-126.875,-11.188,-5.0,-0.027,0.0,-0.033,0.22,-0.25,9.35,0.21,-0.25,-0.45,0.0,0.0,9.8,1.9475,0.0,0.0,0.0,0.0,5.0,1017.13,66.24,-17.87
2025-03-24 17:17:34.935000+00:00,57.765788719932615,,,,357.062,0.062,0.0,23.0,-126.875,-11.188,-5.0,-0.027,0.0,-0.033,0.22,-0.25,9.35,0.21,-0.25,-0.45,0.02,-0.02,9.8,1.9475,0.0,0.0,0.0,0.0,5.0,1017.13,66.24,-17.87
2025-03-24 17:17:35.894000+00:00,57.765788719932615,,,,357.062,0.062,0.0,23.0,-126.875,-11.188,-5.0,-0.027,0.0,-0.033,0.22,-0.25,9.35,0.21,-0.25,-0.45,-0.02,0.03,9.8,1.9475,0.0,0.0,0.0,0.0,5.0,1017.13,66.24,-17.87
2025-03-24 17:17:36.906000+00:00,57.765788719932615,,,,357.062,0.062,0.0,23.0,-126.875,-11.188,-5.0,-0.027,0.0,-0.033,0.22,-0.25,9.35,0.21,-0.25,-0.45,-0.02,0.02,9.8,1.9475,0.0,0.0,0.0,0.0,5.0,1017.13,66.24,-17.87
2025-03-24 17:17:37.895000+00:00,57.765788719932615,,,,357.062,0.062,0.0,23.0,-126.875,-11.188,-5.0,-0.027,0.0,-0.033,0.22,-0.25,9.35,0.21,-0.25,-0.45,-0.02,0.01,9.8,1.9475,0.0,0.0,0.0,0.0,5.0,1017.13,66.24,-17.87
2025-03-24 17:17:38.943000+00:00,57.765788719932615,,,,357.062,0.062,0.0,23.0,-126.875,-11.188,-5.0,-0.027,0.0,-0.033,0.22,-0.25,9.35,0.21,-0.25,-0.45,-0.02,0.01,9.8,1.9475,0.0,0.0,0.0,0.0,5.0,1017.13,66.24,-17.87
2025-03-24 17:17:40.242000+00:00,57.765788719932615,,,,357.062,0.062,0.0,23.0,-126.875,-11.188,-5.0,-0.027,0.0,-0.033,0.22,-0.25,9.35,0.21,-0.25,-0.45,-0.03,0.02,9.8,1.9475,0.0,0.0,0.0,0.0,5.0,1017.13,66.24,-17.87
2025-03-24 17:17:40.986000+00:00,57.765788719932615,,,,357.062,0.062,0.0,23.0,-126.875,-11.188,-5.0,-0.027,0.0,-0.033,0.22,-0.25,9.35,0.21,-0.25,-0.45,-0.03,0.02,9.8,1.9475,0.0,0.0,0.0,0.0,5.0,1017.13,66.24,-17.87
2025-03-24 17:17:41.900000+00:00,57.765788719932615,,,,357.062,0.062,0.0,23.0,-126.875,-11.188,-5.0,-0.027,0.0,-0.033,0.22,-0.25,9.35,0.21,-0.25,-0.45,-0.02,0.02,9.8,1.9475,0.0,0.0,0.0,0.0,5.0,1017.13,66.24,-17.87
2025-03-24 17:17:42.910000+00:00,57.765788719932615,,,,357.062,0.062,0.0,23.0,-126.875,-11.188,-5.0,-0.027,0.0,-0.033,0.22,-0.25,9.35,0.21,-0.25,-0.45,0.01,0.0,9.8,1.9475,0.0,0.0,0.0,0.0,5.0,1017.13,66.24,-17.87
2025-03-24 17:17:43.924000+00:00,57.765788719932615,,,,357.062,0.062,0.0,23.0,-126.875,-11.188,-5.0,-0.027,0.0,-0.033,0.22,-0.25,9.35,0.21,-0.25,-0.45,0.02,0.0,9.8,1.9475,0.0,0.0,0.0,0.0,5.0,1017.13,66.24,-17.87
2025-03-24 17:17:44.949000+00:00,57.765788719932615,,,,357.062,0.062,0.0,23.0,-126.875,-11.188,-5.0,-0.027,0.0,-0.033,0.22,-0.25,9.35,0.21,-0.25,-0.45,-0.01,0.01,9.8,1.9475,0.0,0.0,0.0,0.0,5.0,1017.13,66.24,-17.87
2025-03-24 17:17:45.956000+00:00,57.765788719932615,,,,357.062,0.062,0.0,23.0,-126.875,-11.188,-5.0,-0.027,0.0,-0.033,0.22,-0.25,9.35,0.21,-0.25,-0.45,-0.02,0.03,9.8,1.9475,0.0,0.0,0.0,0.0,5.0,1017.13,66.24,-17.87
2025-03-24 17:17:47.089000+00:00,57.765788719932615,,,,357.062,0.062,0.0,23.0,-126.875,-11.188,-5.0,-0.027,0.0,-0.033,0.22,-0.25,9.35,0.21,-0.25,-0.45,-0.07,0.06,9.8,1.9475,0.0,0.0,0.0,0.0,5.0,1017.13,66.24,-17.87
2025-03-24 17:17:48.139000+00:00,57.765788719932615,,,,357.062,0.062,0.0,23.0,-126.875,-11.188,-5.0,-0.027,0.0,-0.033,0.22,-0.25,9.35,0.21,-0.25,-0.45,-0.04,0.06,9.8,1.9475,0.0,0.0,0.0,0.0,5.0,1017.13,66.24,-17.87
2025-03-24 17:17:49.298000+00:00,57.765788719932615,,,,357.062,0.062,0.0,23.0,-126.875,-11.188,-5.0,-0.027,0.0,-0.033,0.22,-0.25,9.35,0.21,-0.25,-0.45,-0.03,0.03,9.8,1.9475,0.0,0.0,0.0,0.0,5.0,1017.13,66.24,-17.87
2025-03-24 17:17:50.139000+00:00,57.765788719932615,,,,357.062,0.062,0.0,23.0,-126.875,-11.188,-5.0,-0.027,0.0,-0.033,0.22,-0.25,9.35,0.21,-0.25,-0.45,-0.04,0.04,9.8,1.9475,0.0,0.0,0.0,0.0,5.0,1017.13,66.24,-17.87
2025-03-24 17:17:50.959000+00:00,57.765788719932615,,,,357.062,0.062,0.0,23.0,-126.875,-11.188,-5.0,-0.027,0.0,-0.033,0.22,-0.25,9.35,0.21,-0.25,-0.45,-0.01,0.04,9.8,1.9475,0.0,0.0,0.0,0.0,5.0,1017.13,66.24,-17.87
2025-03-24 17:17:52.009000+00:00,57.765788719932615,,,,357.062,0.062,0.0,23.0,-126.875,-11.188,-5.0,-0.027,0.0,-0.033,0.22,-0.25,9.35,0.21,-0.25,-0.45,0.0,0.03,9.8,1.9475,0.0,0.0,0.0,0.0,5.0,1017.13,66.24,-17.87
2025-03-24 17:17:52.989000+00:00,57.765788719932615,,,,357.062,0.062,0.0,23.0,-126.875,-11.188,-5.0,-0.027,0.0,-0.033,0.22,-0.25,9.35,0.21,-0.25,-0.45,-0.01,0.04,9.8,1.9475,0.0,0.0,0.0,0.0,5.0,1017.13,66.24,-17.87
2025-03-24 17:17:53.985000+00:00,57.765788719932615,,,,357.062,0.062,0.0,23.0,-126.875,-11.188,-5.0,-0.027,0.0,-0.033,0.22,-0.25,9.35,0.21,-0.25,-0.45,0.01,0.02,9.8,1.9475,0.0,0.0,0.0,0.0,5.0,1017.13,66.24,-17.87
2025-03-24 17:17:55.022000+00:00,57.765788719932615,,,,357.062,0.062,0.0,23.0,-126.875,-11.188,-5.0,-0.027,0.0,-0.033,0.22,-0.25,9.35,0.21,-0.25,-0.45,0.01,0.02,9.8,1.9475,0.0,0.0,0.0,0.0,5.0,1017.13,66.24,-17.87
2025-03-24 17:17:56.016000+00:00,57.765788719932615,,,,357.062,0.062,0.0,23.0,-126.875,-11.188,-5.0,-0.027,0.0,-0.033,0.22,-0.25,9.35,0.21,-0.25,-0.45,-0.02,0.05,9.8,1.9475,0.0,0.0,0.0,0.0,5.0,1017.13,66.24,-17.87
2025-03-24 17:17:57.102000+00:00,57.765788719932615,,,,357.062,0.062,0.0,23.0,-126.875,-11.188,-5.0,-0.027,0.0,-0.033,0.22,-0.25,9.35,0.21,-0.25,-0.45,-0.01,0.03,9.8,1.9475,0.0,0.0,0.0,0.0,5.0,1017.13,66.24,-17.87
2025-03-24 17:17:58.228000+00:00,57.765788719932615,,,,357.062,0.062,0.0,23.0,-126.875,-11.188,-5.0,-0.027,0.0,-0.033,0.22,-0.25,9.35,0.21,-0.25,-0.45,-0.01,0.02,9.8,1.9475,0.0,0.0,0.0,0.0,5.0,1017.13,66.24,-17.87
2025-03-24 17:17:59.447000+00:00,57.765788719932615,,,,357.062,0.062,0.0,23.0,-126.875,-11.188,-5.0,-0.027,0.0,-0.033,0.22,-0.25,9.35,0.21,-0.25,-0.45,-0.02,0.03,9.8,1.9475,0.0,0.0,0.0,0.0,5.0,1017.13,66.24,-17.87
2025-03-24 17:18:00.375000+00:00,57.765788719932615,,,,357.062,0.062,0.0,23.0,-126.875,-11.188,-5.0,-0.027,0.0,-0.033,0.22,-0.25,9.35,0.21,-0.25,-0.45,-0.03,0.05,9.8,1.9475,0.0,0.0,0.0,0.0,5.0,1017.13,66.24,-17.87
2025-03-24 17:18:01.378000+00:00,57.765788719932615,,,,357.062,0.062,0.0,23.0,-126.875,-11.188,-5.0,-0.027,0.0,-0.033,0.22,-0.25,9.35,0.21,-0.25,-0.45,-0.05,0.04,9.8,1.9475,0.0,0.0,0.0,0.0,5.0,1017.13,66.24,-17.87
2025-03-24 17:18:02.078000+00:00,57.765788719932615,,,,357.062,0.062,0.0,23.0,-126.875,-11.188,-5.0,-0.027,0.0,-0.033,0.22,-0.25,9.35,0.21,-0.25,-0.45,-0.05,0.05,9.8,1.9475,0.0,0.0,0.0,0.0,5.0,1017.13,66.24,-17.87
2025-03-24 17:18:03.107000+00:00,57.765788719932615,,,,357.062,0.062,0.0,23.0,-126.875,-11.188,-5.0,-0.027,0.0,-0.033,0.22,-0.25,9.35,0.21,-0.25,-0.45,-0.05,0.06,9.8,1.9475,0.0,0.0,0.0,0.0,5.0,1017.13,66.24,-17.87
2025-03-24 17:18:04.088000+00:00,57.765788719932615,,,,357.062,0.062,0.0,23.0,-126.875,-11.188,-5.0,-0.027,0.0,-0.033,0.22,-0.25,9.35,0.21,-0.25,-0.45,-0.04,0.07,9.8,1.9475,0.0,0.0,0.0,0.0,5.0,1017.13,66.24,-17.87
2025-03-24 17:18:05.098000+00:00,57.765788719932615,,,,357.062,0.062,0.0,23.0,-126.875,-11.188,-5.0,-0.027,0.0,-0.033,0.22,-0.25,9.35,0.21,-0.25,-0.45,-0.05,0.08,9.8,1.9475,0.0,0.0,0.0,0.0,5.0,1017.13,66.24,-17.87
2025-03-24 17:18:06.127000+00:00,57.765788719932615,,,,357.062,0.062,0.0,23.0,-126.875,-11.188,-5.0,-0.027,0.0,-0.033,0.22,-0.25,9.35,0.21,-0.25,-0.45,-0.03,0.06,9.8,1.9475,0.0,0.0,0.0,0.0,5.0,1017.13,66.24,-17.87
2025-03-24 17:18:07.138000+00:00,57.765788719932615,,,,357.062,0.062,0.0,23.0,-126.875,-11.188,-5.0,-0.027,0.0,-0.033,0.22,-0.25,9.35,0.21,-0.25,-0.45,-0.02,0.03,9.8,1.9475,0.0,0.0,0.0,0.0,5.0,1017.13,66.24,-17.87
2025-03-24 17:18:08.218000+00:00,57.765788719932615,,,,357.062,0.062,0.0,23.0,-126.875,-11.188,-5.0,-0.027,0.0,-0.033,0.22,-0.25,9.35,0.21,-0.25,-0.45,-0.03,0.03,9.8,1.9475,0.0,0.0,0.0,0.0,5.0,1017.13,66.24,-17.87
2025-03-24 17:18:09.244000+00:00,57.765788719932615,,,,357.062,0.062,0.0,23.0,-126.875,-11.188,-5.0,-0.027,0.0,-0.033,0.22,-0.25,9.35,0.21,-0.25,-0.45,-0.01,0.02,9.8,1.9475,0.0,0.0,0.0,0.0,5.0,1017.13,66.24,-17.87
2025-03-24 17:18:10.157000+00:00,57.765788719932615,,,,357.062,0.062,0.0,23.0,-126.875,-11.188,-5.0,-0.027,0.0,-0.033,0.22,-0.25,9.35,0.21,-0.25,-0.45,0.0,0.02,9.8,1.9475,0.0,0.0,0.0,0.0,5.0,1017.13,66.24,-17.87
2025-03-24 17:18:11.183000+00:00,57.765788719932615,,,,357.062,0.062,0.0,23.0,-126.875,-11.188,-5.0,-0.027,0.0,-0.033,0.22,-0.25,9.35,0.21,-0.25,-0.45,-0.01,0.02,9.8,1.9475,0.0,0.0,0.0,0.0,5.0,1017.13,66.24,-17.87
2025-03-24 17:18:12.178000+00:00,57.765788719932615,,,,357.062,0.062,0.0,23.0,-126.875,-11.188,-5.0,-0.027,0.0,-0.033,0.22,-0.25,9.35,0.21,-0.25,-0.45,-0.01,0.01,9.8,1.9475,0.0,0.0,0.0,0.0,5.0,1017.13,66.24,-17.87
2025-03-24 17:18:13.177000+00:00,57.765788719932615,,,,357.062,0.062,0.0,23.0,-126.875,-11.188,-5.0,-0.027,0.0,-0.033,0.22,-0.25,9.35,0.21,-0.25,-0.45,0.01,0.0,9.8,1.9475,0.0,0.0,0.0,0.0,5.0,1017.13,66.24,-17.87
2025-03-24 17:18:14.197000+00:00,57.765788719932615,,,,357.062,0.062,0.0,23.0,-126.875,-11.188,-5.0,-0.027,0.0,-0.033,0.22,-0.25,9.35,0.21,-0.25,-0.45,-0.01,0.02,9.8,1.9475,0.0,0.0,0.0,0.0,5.0,1017.13,66.24,-17.87
2025-03-24 17:18:15.207000+00:00,57.765788719932615,,,,357.062,0.062,0.0,23.0,-126.875,-11.188,-5.0,-0.027,0.0,-0.033,0.22,-0.25,9.35,0.21,-0.25,-0.45,-0.01,0.0,9.8,1.9475,0.0,0.0,0.0,0.0,5.0,1017.13,66.24,-17.87
2025-03-24 17:18:16.357000+00:00,57.765788719932615,,,,357.062,0.062,0.0,23.0,-126.875,-11.188,-5.0,-0.027,0.0,-0.033,0.22,-0.25,9.35,0.21,-0.25,-0.45,-0.02,0.02,9.8,1.9475,0.0,0.0,0.0,0.0,5.0,1017.13,66.24,-17.87
2025-03-24 17:18:17.437000+00:00,57.765788719932615,,,,357.062,0.062,0.0,23.0,-126.875,-11.188,-5.0,-0.027,0.0,-0.033,0.22,-0.25,9.35,0.21,-0.25,-0.45,-0.05,0.03,9.8,1.9475,0.0,0.0,0.0,0.0,5.0,1017.13,66.24,-17.87
2025-03-24 17:18:18.427000+00:00,57.765788719932615,,,,357.062,0.062,0.0,23.0,-126.875,-11.188,-5.0,-0.027,0.0,-0.033,0.22,-0.25,9.35,0.21,-0.25,-0.45,-0.06,0.05,9.8,1.9475,0.0,0.0,0.0,0.0,5.0,1017.13,66.24,-17.87
2025-03-24 17:18:19.486000+00:00,57.765788719932615,,,,357.062,0.062,0.0,23.0,-126.875,-11.188,-5.0,-0.027,0.0,-0.033,0.22,-0.25,9.35,0.21,-0.25,-0.45,-0.08,0.05,9.8,1.9475,0.0,0.0,0.0,0.0,5.0,1017.13,66.24,-17.87
2025-03-24 17:18:20.559000+00:00,57.765788719932615,,,,357.062,0.062,0.0,23.0,-126.875,-11.188,-5.0,-0.027,0.0,-0.033,0.22,-0.25,9.35,0.21,-0.25,-0.45,-0.07,0.05,9.8,1.9475,0.0,0.0,0.0,0.0,5.0,1017.13,66.24,-17.87
2025-03-24 17:18:21.267000+00:00,57.765788719932615,,,,357.062,0.062,0.0,23.0,-126.875,-11.188,-5.0,-0.027,0.0,-0.033,0.22,-0.25,9.35,0.21,-0.25,-0.45,-0.06,0.07,9.8,1.9475,0.0,0.0,0.0,0.0,5.0,1017.13,66.24,-17.87
2025-03-24 17:18:22.282000+00:00,57.765788719932615,,,,357.062,0.062,0.0,23.0,-126.875,-11.188,-5.0,-0.027,0.0,-0.033,0.22,-0.25,9.35,0.21,-0.25,-0.45,-0.06,0.07,9.8,1.9475,0.0,0.0,0.0,0.0,5.0,1017.13,66.24,-17.87
2025-03-24 17:18:23.286000+00:00,57.765788719932615,,,,357.062,0.062,0.0,23.0,-126.875,-11.188,-5.0,-0.027,0.0,-0.033,0.22,-0.25,9.35,0.21,-0.25,-0.45,-0.05,0.07,9.8,1.9475,0.0,0.0,0.0,0.0,5.0,1017.13,66.24,-17.87
2025-03-24 17:18:24.296000+00:00,57.765788719932615,,,,357.062,0.062,0.0,23.0,-126.875,-11.188,-5.0,-0.027,0.0,-0.033,0.22,-0.25,9.35,0.21,-0.25,-0.45,-0.04,0.05,9.8,1.9475,0.0,0.0,0.0,0.0,5.0,1017.13,66.24,-17.87
2025-03-24 17:18:25.296000+00:00,57.765788719932615,,,,357.062,0.062,0.0,23.0,-126.875,-11.188,-5.0,-0.027,0.0,-0.033,0.22,-0.25,9.35,0.21,-0.25,-0.45,-0.03,0.03,9.8,1.9475,0.0,0.0,0.0,0.0,5.0,1017.13,66.24,-17.87
2025-03-24 17:18:26.387000+00:00,57.765788719932615,,,,357.062,0.062,0.0,23.0,-126.875,-11.188,-5.0,-0.027,0.0,-0.033,0.22,-0.25,9.35,0.21,-0.25,-0.45,-0.01,0.02,9.8,1.9475,0.0,0.0,0.0,0.0,5.0,1017.13,66.24,-17.87
2025-03-24 17:18:27.396000+00:00,57.765788719932615,,,,357.062,0.062,0.0,23.0,-126.875,-11.188,-5.0,-0.027,0.0,-0.033,0.22,-0.25,9.35,0.21,-0.25,-0.45,0.01,0.0,9.8,1.9475,0.0,0.0,0.0,0.0,5.0,1017.13,66.24,-17.87
2025-03-24 17:17:29.470000+00:00,57.765788719932615,,,,357.062,0.062,0.0,23.0,-126.875,-11.188,-5.0,-0.027,0.0,-0.033,0.22,-0.25,9.35,0.21,-0.25,-0.45,0.01,0.0,9.8,1.9475,0.0,0.0,0.0,0.0,5.0,1017.13,66.24,-17.87
2025-03-24 17:17:30.609000+00:00,57.765788719932615,,,,357.062,0.062,0.0,23.0,-126.875,-11.188,-5.0,-0.027,0.0,-0.033,0.22,-0.25,9.35,0.21,-0.25,-0.45,0.01,0.0,9.8,1.86,0.0,0.0,0.0,0.0,5.0,1017.13,66.24,-17.87
2025-03-24 17:17:31.666000+00:00,57.765788719932615,,,,357.062,0.062,0.0,23.0,-126.875,-11.188,-5.0,-0.027,0.0,-0.033,0.22,-0.25,9.35,0.21,-0.25,-0.45,0.01,0.0,9.8,1.81,0.0,0.0,0.0,0.0,5.0,1017.13,66.24,-17.87
2025-03-24 17:17:32.471000+00:00,57.765788719932615,,,,357.062,0.062,0.0,23.0,-126.875,-11.188,-5.0,-0.027,0.0,-0.033,0.22,-0.25,9.35,0.21,-0.25,-0.45,0.01,0.0,9.8,1.75,0.0,0.0,0.0,0.0,5.0,1017.13,66.24,-17.87
2025-03-24 17:17:33.464000+00:00,57.765788719932615,,,,357.062,0.062,0.0,23.0,-126.875,-11.188,-5.0,-0.027,0.0,-0.033,0.22,-0.25,9.35,0.21,-0.25,-0.45,0.01,0.0,9.8,1.89625,0.0,0.0,0.0,0.0,5.0,1017.13,66.24,-17.87
2025-03-24 17:17:34.475000+00:00,57.765788719932615,,,,357.062,0.062,0.0,23.0,-126.875,-11.188,-5.0,-0.027,0.0,-0.033,0.22,-0.25,9.35,0.21,-0.25,-0.45,0.01,0.0,9.8,1.78375,0.0,0.0,0.0,0.0,5.0,1017.13,66.24,-17.87
2025-03-24 17:17:35.471000+00:00,57.765788719932615,,,,357.062,0.062,0.0,23.0,-126.875,-11.188,-5.0,-0.027,0.0,-0.033,0.22,-0.25,9.35,0.21,-0.25,-0.45,0.01,0.0,9.8,1.80125,0.0,0.0,0.0,0.0,5.0,1017.13,66.24,-17.87
2025-03-24 17:17:36.482000+00:00,57.765788719932615,,,,357.062,0.062,0.0,23.0,-126.875,-11.188,-5.0,-0.027,0.0,-0.033,0.22,-0.25,9.35,0.21,-0.25,-0.45,0.01,0.0,9.8,1.8675,0.0,0.0,0.0,0.0,5.0,1017.13,66.24,-17.87
2025-03-24 17:17:37.480000+00:00,57.765788719932615,,,,357.062,0.062,0.0,23.0,-126.875,-11.188,-5.0,-0.027,0.0,-0.033,0.22,-0.25,9.35,0.21,-0.25,-0.45,0.01,0.0,9.8,1.8025,0.0,0.0,0.0,0.0,5.0,1017.13,66.24,-17.87
2025-03-24 17:17:38.482000+00:00,57.765788719932615,,,,357.062,0.062,0.0,23.0,-126.875,-11.188,-5.0,-0.027,0.0,-0.033,0.22,-0.25,9.35,0.21,-0.25,-0.45,0.01,0.0,9.8,1.7425,0.0,0.0,0.0,0.0,5.0,1017.13,66.24,-17.87
2025-03-24 17:17:39.489000+00:00,57.765788719932615,,,,357.062,0.062,0.0,23.0,-126.875,-11.188,-5.0,-0.027,0.0,-0.033,0.22,-0.25,9.35,0.21,-0.25,-0.45,0.01,0.0,9.8,1.7375,0.0,0.0,0.0,0.0,5.0,1017.13,66.24,-17.87
2025-03-24 17:17:40.490000+00:00,57.765788719932615,,,,357.062,0.062,0.0,23.0,-126.875,-11.188,-5.0,-0.027,0.0,-0.033,0.22,-0.25,9.35,0.21,-0.25,-0.45,0.01,0.0,9.8,1.72875,0.0,0.0,0.0,0.0,5.0,1017.13,66.24,-17.87
2025-03-24 17:17:41.498000+00:00,57.765788719932615,,,,357.062,0.062,0.0,23.0,-126.875,-11.188,-5.0,-0.027,0.0,-0.033,0.22,-0.25,9.35,0.21,-0.25,-0.45,0.01,0.0,9.8,1.7850000000000001,0.0,0.0,0.0,0.0,5.0,1017.13,66.24,-17.87
2025-03-24 17:17:42.500000+00:00,57.765788719932615,,,,357.062,0.062,0.0,23.0,-126.875,-11.188,-5.0,-0.027,0.0,-0.033,0.22,-0.25,9.35,0.21,-0.25,-0.45,0.01,0.0,9.8,1.8375000000000001,0.0,0.0,0.0,0.0,5.0,1017.13,66.24,-17.87
2025-03-24 17:17:43.501000+00:00,57.765788719932615,,,,357.062,0.062,0.0,23.0,-126.875,-11.188,-5.0,-0.027,0.0,-0.033,0.22,-0.25,9.35,0.21,-0.25,-0.45,0.01,0.0,9.8,1.85,0.0,0.0,0.0,0.0,5.0,1017.13,66.24,-17.87
2025-03-24 17:17:44.509000+00:00,57.765788719932615,,,,357.062,0.062,0.0,23.0,-126.875,-11.188,-5.0,-0.027,0.0,-0.033,0.22,-0.25,9.35,0.21,-0.25,-0.45,0.01,0.0,9.8,1.8075,0.0,0.0,0.0,0.0,5.0,1017.13,66.24,-17.87
2025-03-24 17:17:45.518000+00:00,57.765788719932615,,,,357.062,0.062,0.0,23.0,-126.875,-11.188,-5.0,-0.027,0.0,-0.033,0.22,-0.25,9.35,0.21,-0.25,-0.45,0.01,0.0,9.8,1.7925,0.0,0.0,0.0,0.0,5.0,1017.13,66.24,-17.87
2025-03-24 17:17:46.678000+00:00,57.765788719932615,,,,357.062,0.062,0.0,23.0,-126.875,-11.188,-5.0,-0.027,0.0,-0.033,0.22,-0.25,9.35,0.21,-0.25,-0.45,0.01,0.0,9.8,1.8587500000000001,0.0,0.0,0.0,0.0,5.0,1017.13,66.24,-17.87
2025-03-24 17:17:47.719000+00:00,57.765788719932615,,,,357.062,0.062,0.0,23.0,-126.875,-11.188,-5.0,-0.027,0.0,-0.033,0.22,-0.25,9.35,0.21,-0.25,-0.45,0.01,0.0,9.8,1.87125,0.0,0.0,0.0,0.0,5.0,1017.13,66.24,-17.87
2025-03-24 17:17:48.519000+00:00,57.765788719932615,,,,357.062,0.062,0.0,23.0,-126.875,-11.188,-5.0,-0.027,0.0,-0.033,0.22,-0.25,9.35,0.21,-0.25,-0.45,0.01,0.0,9.8,1.83,0.0,0.0,0.0,0.0,5.0,1017.13,66.24,-17.87
2025-03-24 17:17:49.529000+00:00,57.765788719932615,,,,357.062,0.062,0.0,23.0,-126.875,-11.188,-5.0,-0.027,0.0,-0.033,0.22,-0.25,9.35,0.21,-0.25,-0.45,0.01,0.0,9.8,1.885,0.0,0.0,0.0,0.0,5.0,1017.13,66.24,-17.87
2025-03-24 17:17:50.534000+00:00,57.765788719932615,,,,357.062,0.062,0.0,23.0,-126.875,-11.188,-5.0,-0.027,0.0,-0.033,0.22,-0.25,9.35,0.21,-0.25,-0.45,0.01,0.0,9.8,1.80125,0.0,0.0,0.0,0.0,5.0,1017.13,66.24,-17.87
2025-03-24 17:17:51.535000+00:00,57.765788719932615,,,,357.062,0.062,0.0,23.0,-126.875,-11.188,-5.0,-0.027,0.0,-0.033,0.22,-0.25,9.35,0.21,-0.25,-0.45,0.01,0.0,9.8,1.8775,0.0,0.0,0.0,0.0,5.0,1017.13,66.24,-17.87
2025-03-24 17:17:52.544000+00:00,57.765788719932615,,,,357.062,0.062,0.0,23.0,-126.875,-11.188,-5.0,-0.027,0.0,-0.033,0.22,-0.25,9.35,0.21,-0.25,-0.45,0.01,0.0,9.8,1.85375,0.0,0.0,0.0,0.0,5.0,1017.13,66.24,-17.87
2025-03-24 17:17:53.555000+00:00,57.765788719932615,,,,357.062,0.062,0.0,23.0,-126.875,-11.188,-5.0,-0.027,0.0,-0.033,0.22,-0.25,9.35,0.21,-0.25,-0.45,0.01,0.0,9.8,1.855,0.0,0.0,0.0,0.0,5.0,1017.13,66.24,-17.87
2025-03-24 17:17:54.555000+00:00,57.765788719932615,,,,357.062,0.062,0.0,23.0,-126.875,-11.188,-5.0,-0.027,0.0,-0.033,0.22,-0.25,9.35,0.21,-0.25,-0.45,0.01,0.0,9.8,1.8775,0.0,0.0,0.0,0.0,5.0,1017.13,66.24,-17.87
2025-03-24 17:17:55.554000+00:00,57.765788719932615,,,,357.062,0.062,0.0,23.0,-126.875,-11.188,-5.0,-0.027,0.0,-0.033,0.22,-0.25,9.35,0.21,-0.25,-0.45,0.01,0.0,9.8,1.73125,0.0,0.0,0.0,0.0,5.0,1017.13,66.24,-17.87
2025-03-24 17:17:56.648000+00:00,57.765788719932615,,,,357.062,0.062,0.0,23.0,-126.875,-11.188,-5.0,-0.027,0.0,-0.033,0.22,-0.25,9.35,0.21,-0.25,-0.45,0.01,0.0,9.8,1.7850000000000001,0.0,0.0,0.0,0.0,5.0,1017.13,66.24,-17.87
2025-03-24 17:17:57.804000+00:00,57.765788719932615,,,,357.062,0.062,0.0,23.0,-126.875,-11.188,-5.0,-0.027,0.0,-0.033,0.22,-0.25,9.35,0.21,-0.25,-0.45,0.01,0.0,9.8,1.8275000000000001,0.0,0.0,0.0,0.0,5.0,1017.13,66.24,-17.87
2025-03-24 17:17:58.595000+00:00,57.765788719932615,,,,357.062,0.062,0.0,23.0,-126.875,-11.188,-5.0,-0.027,0.0,-0.033,0.22,-0.25,9.35,0.21,-0.25,-0.45,0.01,0.0,9.8,1.795,0.0,0.0,0.0,0.0,5.0,1017.13,66.24,-17.87
2025-03-24 17:17:59.568000+00:00,57.765788719932615,,,,357.062,0.062,0.0,23.0,-126.875,-11.188,-5.0,-0.027,0.0,-0.033,0.22,-0.25,9.35,0.21,-0.25,-0.45,0.01,0.0,9.8,1.7825,0.0,0.0,0.0,0.0,5.0,1017.13,66.24,-17.87
2025-03-24 17:18:00.575000+00:00,57.765788719932615,,,,357.062,0.062,0.0,23.0,-126.875,-11.188,-5.0,-0.027,0.0,-0.033,0.22,-0.25,9.35,0.21,-0.25,-0.45,0.01,0.0,9.8,1.8625,0.0,0.0,0.0,0.0,5.0,1017.13,66.24,-17.87
2025-03-24 17:18:01.583000+00:00,57.765788719932615,,,,357.062,0.062,0.0,23.0,-126.875,-11.188,-5.0,-0.027,0.0,-0.033,0.22,-0.25,9.35,0.21,-0.25,-0.45,0.01,0.0,9.8,1.8375000000000001,0.0,0.0,0.0,0.0,5.0,1017.13,66.24,-17.87
2025-03-24 17:18:02.585000+00:00,57.765788719932615,,,,357.062,0.062,0.0,23.0,-126.875,-11.188,-5.0,-0.027,0.0,-0.033,0.22,-0.25,9.35,0.21,-0.25,-0.45,0.01,0.0,9.8,1.76375,0.0,0.0,0.0,0.0,5.0,1017.13,66.24,-17.87
2025-03-24 17:18:03.588000+00:00,57.765788719932615,,,,357.062,0.062,0.0,23.0,-126.875,-11.188,-5.0,-0.027,0.0,-0.033,0.22,-0.25,9.35,0.21,-0.25,-0.45,0.01,0.0,9.8,1.7750000000000001,0.0,0.0,0.0,0.0,5.0,1017.13,66.24,-17.87
2025-03-24 17:18:04.592000+00:00,57.765788719932615,,,,357.062,0.062,0.0,23.0,-126.875,-11.188,-5.0,-0.027,0.0,-0.033,0.22,-0.25,9.35,0.21,-0.25,-0.45,0.01,0.0,9.8,1.8075,0.0,0.0,0.0,0.0,5.0,1017.13,66.24,-17.87
2025-03-24 17:18:05.684000+00:00,57.765788719932615,,,,357.062,0.062,0.0,23.0,-126.875,-11.188,-5.0,-0.027,0.0,-0.033,0.22,-0.25,9.35,0.21,-0.25,-0.45,0.01,0.0,9.8,1.8487500000000001,0.0,0.0,0.0,0.0,5.0,1017.13,66.24,-17.87
2025-03-24 17:18:06.637000+00:00,57.765788719932615,,,,357.062,0.062,0.0,23.0,-126.875,-11.188,-5.0,-0.027,0.0,-0.033,0.22,-0.25,9.35,0.21,-0.25,-0.45,0.01,0.0,9.8,1.79875,0.0,0.0,0.0,0.0,5.0,1017.13,66.24,-17.87
2025-03-24 17:18:07.801000+00:00,57.765788719932615,,,,357.062,0.062,0.0,23.0,-126.875,-11.188,-5.0,-0.027,0.0,-0.033,0.22,-0.25,9.35,0.21,-0.25,-0.45,0.01,0.0,9.8,1.85625,0.0,0.0,0.0,0.0,5.0,1017.13,66.24,-17.87
2025-03-24 17:18:08.819000+00:00,57.765788719932615,,,,357.062,0.062,0.0,23.0,-126.875,-11.188,-5.0,-0.027,0.0,-0.033,0.22,-0.25,9.35,0.21,-0.25,-0.45,0.01,0.0,9.8,1.8687500000000001,0.0,0.0,0.0,0.0,5.0,1017.13,66.24,-17.87
2025-03-24 17:18:09.622000+00:00,57.765788719932615,,,,357.062,0.062,0.0,23.0,-126.875,-11.188,-5.0,-0.027,0.0,-0.033,0.22,-0.25,9.35,0.21,-0.25,-0.45,0.01,0.0,9.8,1.79125,0.0,0.0,0.0,0.0,5.0,1017.13,66.24,-17.87
2025-03-24 17:18:10.657000+00:00,57.765788719932615,,,,357.062,0.062,0.0,23.0,-126.875,-11.188,-5.0,-0.027,0.0,-0.033,0.22,-0.25,9.35,0.21,-0.25,-0.45,0.01,0.0,9.8,1.78125,0.0,0.0,0.0,0.0,5.0,1017.13,66.24,-17.87
2025-03-24 17:18:11.683000+00:00,57.765788719932615,,,,357.062,0.062,0.0,23.0,-126.875,-11.188,-5.0,-0.027,0.0,-0.033,0.22,-0.25,9.35,0.21,-0.25,-0.45,0.01,0.0,9.8,1.7175,0.0,0.0,0.0,0.0,5.0,1017.13,66.24,-17.87
2025-03-24 17:18:12.663000+00:00,57.765788719932615,,,,357.062,0.062,0.0,23.0,-126.875,-11.188,-5.0,-0.027,0.0,-0.033,0.22,-0.25,9.35,0.21,-0.25,-0.45,0.01,0.0,9.8,1.835,0.0,0.0,0.0,0.0,5.0,1017.13,66.24,-17.87
2025-03-24 17:18:13.748000+00:00,57.765788719932615,,,,357.062,0.062,0.0,23.0,-126.875,-11.188,-5.0,-0.027,0.0,-0.033,0.22,-0.25,9.35,0.21,-0.25,-0.45,0.01,0.0,9.8,1.7825,0.0,0.0,0.0,0.0,5.0,1017.13,66.24,-17.87
2025-03-24 17:18:14.783000+00:00,57.765788719932615,,,,357.062,0.062,0.0,23.0,-126.875,-11.188,-5.0,-0.027,0.0,-0.033,0.22,-0.25,9.35,0.21,-0.25,-0.45,0.01,0.0,9.8,1.8325,0.0,0.0,0.0,0.0,5.0,1017.13,66.24,-17.87
2025-03-24 17:18:15.937000+00:00,57.765788719932615,,,,357.062,0.062,0.0,23.0,-126.875,-11.188,-5.0,-0.027,0.0,-0.033,0.22,-0.25,9.35,0.21,-0.25,-0.45,0.01,0.0,9.8,1.78125,0.0,0.0,0.0,0.0,5.0,1017.13,66.24,-17.87
2025-03-24 17:18:16.627000+00:00,57.765788719932615,,,,357.062,0.062,0.0,23.0,-126.875,-11.188,-5.0,-0.027,0.0,-0.033,0.22,-0.25,9.35,0.21,-0.25,-0.45,0.01,0.0,9.8,1.79875,0.0,0.0,0.0,0.0,5.0,1017.13,66.24,-17.87
2025-03-24 17:18:17.628000+00:00,57.765788719932615,,,,357.062,0.062,0.0,23.0,-126.875,-11.188,-5.0,-0.027,0.0,-0.033,0.22,-0.25,9.35,0.21,-0.25,-0.45,0.01,0.0,9.8,1.74625,0.0,0.0,0.0,0.0,5.0,1017.13,66.24,-17.87
2025-03-24 17:18:18.637000+00:00,57.765788719932615,,,,357.062,0.062,0.0,23.0,-126.875,-11.188,-5.0,-0.027,0.0,-0.033,0.22,-0.25,9.35,0.21,-0.25,-0.45,0.01,0.0,9.8,1.7862500000000001,0.0,0.0,0.0,0.0,5.0,1017.13,66.24,-17.87
2025-03-24 17:18:19.641000+00:00,57.765788719932615,,,,357.062,0.062,0.0,23.0,-126.875,-11.188,-5.0,-0.027,0.0,-0.033,0.22,-0.25,9.35,0.21,-0.25,-0.45,0.01,0.0,9.8,1.86,0.0,0.0,0.0,0.0,5.0,1017.13,66.24,-17.87
2025-03-24 17:18:20.658000+00:00,57.765788719932615,,,,357.062,0.062,0.0,23.0,-126.875,-11.188,-5.0,-0.027,0.0,-0.033,0.22,-0.25,9.35,0.21,-0.25,-0.45,0.01,0.0,9.8,1.8475000000000001,0.0,0.0,0.0,0.0,5.0,1017.13,66.24,-17.87
2025-03-24 17:18:21.693000+00:00,57.765788719932615,,,,357.062,0.062,0.0,23.0,-126.875,-11.188,-5.0,-0.027,0.0,-0.033,0.22,-0.25,9.35,0.21,-0.25,-0.45,0.01,0.0,9.8,1.81375,0.0,0.0,0.0,0.0,5.0,1017.13,66.24,-17.87
2025-03-24 17:18:22.696000+00:00,57.765788719932615,,,,357.062,0.062,0.0,23.0,-126.875,-11.188,-5.0,-0.027,0.0,-0.033,0.22,-0.25,9.35,0.21,-0.25,-0.45,0.01,0.0,9.8,1.8025,0.0,0.0,0.0,0.0,5.0,1017.13,66.24,-17.87
2025-03-24 17:18:23.782000+00:00,57.765788719932615,,,,357.062,0.062,0.0,23.0,-126.875,-11.188,-5.0,-0.027,0.0,-0.033,0.22,-0.25,9.35,0.21,-0.25,-0.45,0.01,0.0,9.8,1.7425,0.0,0.0,0.0,0.0,5.0,1017.13,66.24,-17.87
2025-03-24 17:18:24.711000+00:00,57.765788719932615,,,,357.062,0.062,0.0,23.0,-126.875,-11.188,-5.0,-0.027,0.0,-0.033,0.22,-0.25,9.35,0.21,-0.25,-0.45,0.01,0.0,9.8,1.79,0.0,0.0,0.0,0.0,5.0,1017.13,66.24,-17.87
2025-03-24 17:18:25.796000+00:00,57.765788719932615,,,,357.062,0.062,0.0,23.0,-126.875,-11.188,-5.0,-0.027,0.0,-0.033,0.22,-0.25,9.35,0.21,-0.25,-0.45,0.01,0.0,9.8,1.7375,0.0,0.0,0.0,0.0,5.0,1017.13,66.24,-17.87
2025-03-24 17:18:26.946000+00:00,57.765788719932615,,,,357.062,0.062,0.0,23.0,-126.875,-11.188,-5.0,-0.027,0.0,-0.033,0.22,-0.25,9.35,0.21,-0.25,-0.45,0.01,0.0,9.8,1.83375,0.0,0.0,0.0,0.0,5.0,1017.13,66.24,-17.87
2025-03-24 17:18:27.678000+00:00,57.765788719932615,,,,357.062,0.062,0.0,23.0,-126.875,-11.188,-5.0,-0.027,0.0,-0.033,0.22,-0.25,9.35,0.21,-0.25,-0.45,0.01,0.0,9.8,1.855,0.0,0.0,0.0,0.0,5.0,1017.13,66.24,-17.87
2025-03-24 17:17:29.420000+00:00,57.765788719932615,,,,357.062,0.062,0.0,23.0,-126.875,-11.188,-5.0,-0.027,0.0,-0.033,0.22,-0.25,9.35,0.21,-0.25,-0.45,0.01,0.0,9.8,1.855,0.0,0.0,0.0,0.0,5.0,1017.13,66.24,-17.87
2025-03-24 17:17:30.559000+00:00,57.765788719932615,,,,357.062,0.062,0.0,23.0,-126.875,-11.188,-5.0,-0.027,0.0,-0.033,0.22,-0.25,9.35,0.21,-0.25,-0.45,0.01,0.0,9.8,1.855,2.5,0.0,0.0,0.0,5.0,1017.13,66.24,-17.87
2025-03-24 17:17:31.606000+00:00,57.765788719932615,,,,357.062,0.062,0.0,23.0,-126.875,-11.188,-5.0,-0.027,0.0,-0.033,0.22,-0.25,9.35,0.21,-0.25,-0.45,0.01,0.0,9.8,1.855,2.5,0.0,0.0,0.0,5.0,1017.13,66.24,-17.87
2025-03-24 17:17:32.411000+00:00,57.765788719932615,,,,357.062,0.062,0.0,23.0,-126.875,-11.188,-5.0,-0.027,0.0,-0.033,0.22,-0.25,9.35,0.21,-0.25,-0.45,0.01,0.0,9.8,1.855,1.25,0.0,0.0,0.0,5.0,1017.13,66.24,-17.87
2025-03-24 17:17:33.415000+00:00,57.765788719932615,,,,357.062,0.062,0.0,23.0,-126.875,-11.188,-5.0,-0.027,0.0,-0.033,0.22,-0.25,9.35,0.21,-0.25,-0.45,0.01,0.0,9.8,1.855,1.25,0.0,0.0,0.0,5.0,1017.13,66.24,-17.87
2025-03-24 17:17:34.419000+00:00,57.765788719932615,,,,357.062,0.062,0.0,23.0,-126.875,-11.188,-5.0,-0.027,0.0,-0.033,0.22,-0.25,9.35,0.21,-0.25,-0.45,0.01,0.0,9.8,1.855,1.25,0.0,0.0,0.0,5.0,1017.13,66.24,-17.87
2025-03-24 17:17:35.424000+00:00,57.765788719932615,,,,357.062,0.062,0.0,23.0,-126.875,-11.188,-5.0,-0.027,0.0,-0.033,0.22,-0.25,9.35,0.21,-0.25,-0.45,0.01,0.0,9.8,1.855,1.25,0.0,0.0,0.0,5.0,1017.13,66.24,-17.87
2025-03-24 17:17:36.426000+00:00,57.765788719932615,,,,357.062,0.062,0.0,23.0,-126.875,-11.188,-5.0,-0.027,0.0,-0.033,0.22,-0.25,9.35,0.21,-0.25,-0.45,0.01,0.0,9.8,1.855,2.5,0.0,0.0,0.0,5.0,1017.13,66.24,-17.87
2025-03-24 17:17:37.430000+00:00,57.765788719932615,,,,357.062,0.062,0.0,23.0,-126.875,-11.188,-5.0,-0.027,0.0,-0.033,0.22,-0.25,9.35,0.21,-0.25,-0.45,0.01,0.0,9.8,1.855,2.5,0.0,0.0,0.0,5.0,1017.13,66.24,-17.87
2025-03-24 17:17:38.433000+00:00,57.765788719932615,,,,357.062,0.062,0.0,23.0,-126.875,-11.188,-5.0,-0.027,0.0,-0.033,0.22,-0.25,9.35,0.21,-0.25,-0.45,0.01,0.0,9.8,1.855,1.25,0.0,0.0,0.0,5.0,1017.13,66.24,-17.87
2025-03-24 17:17:39.437000+00:00,57.765788719932615,,,,357.062,0.062,0.0,23.0,-126.875,-11.188,-5.0,-0.027,0.0,-0.033,0.22,-0.25,9.35,0.21,-0.25,-0.45,0.01,0.0,9.8,1.855,0.0,0.0,0.0,0.0,5.0,1017.13,66.24,-17.87
2025-03-24 17:17:40.441000+00:00,57.765788719932615,,,,357.062,0.062,0.0,23.0,-126.875,-11.188,-5.0,-0.027,0.0,-0.033,0.22,-0.25,9.35,0.21,-0.25,-0.45,0.01,0.0,9.8,1.855,1.25,0.0,0.0,0.0,5.0,1017.13,66.24,-17.87
2025-03-24 17:17:41.445000+00:00,57.765788719932615,,,,357.062,0.062,0.0,23.0,-126.875,-11.188,-5.0,-0.027,0.0,-0.033,0.22,-0.25,9.35,0.21,-0.25,-0.45,0.01,0.0,9.8,1.855,0.0,0.0,0.0,0.0,5.0,1017.13,66.24,-17.87
2025-03-24 17:17:42.449000+00:00,57.765788719932615,,,,357.062,0.062,0.0,23.0,-126.875,-11.188,-5.0,-0.027,0.0,-0.033,0.22,-0.25,9.35,0.21,-0.25,-0.45,0.01,0.0,9.8,1.855,1.25,0.0,0.0,0.0,5.0,1017.13,66.24,-17.87
2025-03-24 17:17:43.453000+00:00,57.765788719932615,,,,357.062,0.062,0.0,23.0,-126.875,-11.188,-5.0,-0.027,0.0,-0.033,0.22,-0.25,9.35,0.21,-0.25,-0.45,0.01,0.0,9.8,1.855,-1.25,0.0,0.0,0.0,5.0,1017.13,66.24,-17.87
2025-03-24 17:17:44.456000+00:00,57.765788719932615,,,,357.062,0.062,0.0,23.0,-126.875,-11.188,-5.0,-0.027,0.0,-0.033,0.22,-0.25,9.35,0.21,-0.25,-0.45,0.01,0.0,9.8,1.855,2.5,0.0,0.0,0.0,5.0,1017.13,66.24,-17.87
2025-03-24 17:17:45.465000+00:00,57.765788719932615,,,,357.062,0.062,0.0,23.0,-126.875,-11.188,-5.0,-0.027,0.0,-0.033,0.22,-0.25,9.35,0.21,-0.25,-0.45,0.01,0.0,9.8,1.855,1.25,0.0,0.0,0.0,5.0,1017.13,66.24,-17.87
2025-03-24 17:17:46.622000+00:00,57.765788719932615,,,,357.062,0.062,0.0,23.0,-126.875,-11.188,-5.0,-0.027,0.0,-0.033,0.22,-0.25,9.35,0.21,-0.25,-0.45,0.01,0.0,9.8,1.855,1.25,0.0,0.0,0.0,5.0,1017.13,66.24,-17.87
2025-03-24 17:17:47.668000+00:00,57.765788719932615,,,,357.062,0.062,0.0,23.0,-126.875,-11.188,-5.0,-0.027,0.0,-0.033,0.22,-0.25,9.35,0.21,-0.25,-0.45,0.01,0.0,9.8,1.855,0.0,0.0,0.0,0.0,5.0,1017.13,66.24,-17.87
2025-03-24 17:17:48.472000+00:00,57.765788719932615,,,,357.062,0.062,0.0,23.0,-126.875,-11.188,-5.0,-0.027,0.0,-0.033,0.22,-0.25,9.35,0.21,-0.25,-0.45,0.01,0.0,9.8,1.855,1.25,0.0,0.0,0.0,5.0,1017.13,66.24,-17.87
2025-03-24 17:17:49.475000+00:00,57.765788719932615,,,,357.062,0.062,0.0,23.0,-126.875,-11.188,-5.0,-0.027,0.0,-0.033,0.22,-0.25,9.35,0.21,-0.25,-0.45,0.01,0.0,9.8,1.855,1.25,0.0,0.0,0.0,5.0,1017.13,66.24,-17.87
2025-03-24 17:17:50.479000+00:00,57.765788719932615,,,,357.062,0.062,0.0,23.0,-126.875,-11.188,-5.0,-0.027,0.0,-0.033,0.22,-0.25,9.35,0.21,-0.25,-0.45,0.01,0.0,9.8,1.855,2.5,0.0,0.0,0.0,5.0,1017.13,66.24,-17.87
2025-03-24 17:17:51.483000+00:00,57.765788719932615,,,,357.062,0.062,0.0,23.0,-126.875,-11.188,-5.0,-0.027,0.0,-0.033,0.22,-0.25,9.35,0.21,-0.25,-0.45,0.01,0.0,9.8,1.855,0.0,0.0,0.0,0.0,5.0,1017.13,66.24,-17.87
2025-03-24 17:17:52.488000+00:00,57.765788719932615,,,,357.062,0.062,0.0,23.0,-126.875,-11.188,-5.0,-0.027,0.0,-0.033,0.22,-0.25,9.35,0.21,-0.25,-0.45,0.01,0.0,9.8,1.855,1.25,0.0,0.0,0.0,5.0,1017.13,66.24,-17.87
2025-03-24 17:17:53.492000+00:00,57.765788719932615,,,,357.062,0.062,0.0,23.0,-126.875,-11.188,-5.0,-0.027,0.0,-0.033,0.22,-0.25,9.35,0.21,-0.25,-0.45,0.01,0.0,9.8,1.855,0.0,0.0,0.0,0.0,5.0,1017.13,66.24,-17.87
2025-03-24 17:17:54.495000+00:00,57.765788719932615,,,,357.062,0.062,0.0,23.0,-126.875,-11.188,-5.0,-0.027,0.0,-0.033,0.22,-0.25,9.35,0.21,-0.25,-0.45,0.01,0.0,9.8,1.855,1.25,0.0,0.0,0.0,5.0,1017.13,66.24,-17.87
2025-03-24 17:17:55.500000+00:00,57.765788719932615,,,,357.062,0.062,0.0,23.0,-126.875,-11.188,-5.0,-0.027,0.0,-0.033,0.22,-0.25,9.35,0.21,-0.25,-0.45,0.01,0.0,9.8,1.855,1.25,0.0,0.0,0.0,5.0,1017.13,66.24,-17.87
2025-03-24 17:17:56.600000+00:00,57.765788719932615,,,,357.062,0.062,0.0,23.0,-126.875,-11.188,-5.0,-0.027,0.0,-0.033,0.22,-0.25,9.35,0.21,-0.25,-0.45,0.01,0.0,9.8,1.855,0.0,0.0,0.0,0.0,5.0,1017.13,66.24,-17.87
2025-03-24 17:17:57.748000+00:00,57.765788719932615,,,,357.062,0.062,0.0,23.0,-126.875,-11.188,-5.0,-0.027,0.0,-0.033,0.22,-0.25,9.35,0.21,-0.25,-0.45,0.01,0.0,9.8,1.855,0.0,0.0,0.0,0.0,5.0,1017.13,66.24,-17.87
2025-03-24 17:17:58.538000+00:00,57.765788719932615,,,,357.062,0.062,0.0,23.0,-126.875,-11.188,-5.0,-0.027,0.0,-0.033,0.22,-0.25,9.35,0.21,-0.25,-0.45,0.01,0.0,9.8,1.855,1.25,0.0,0.0,0.0,5.0,1017.13,66.24,-17.87
2025-03-24 17:17:59.515000+00:00,57.765788719932615,,,,357.062,0.062,0.0,23.0,-126.875,-11.188,-5.0,-0.027,0.0,-0.033,0.22,-0.25,9.35,0.21,-0.25,-0.45,0.01,0.0,9.8,1.855,1.25,0.0,0.0,0.0,5.0,1017.13,66.24,-17.87
2025-03-24 17:18:00.519000+00:00,57.765788719932615,,,,357.062,0.062,0.0,23.0,-126.875,-11.188,-5.0,-0.027,0.0,-0.033,0.22,-0.25,9.35,0.21,-0.25,-0.45,0.01,0.0,9.8,1.855,1.25,0.0,0.0,0.0,5.0,1017.13,66.24,-17.87
2025-03-24 17:18:01.523000+00:00,57.765788719932615,,,,357.062,0.062,0.0,23.0,-126.875,-11.188,-5.0,-0.027,0.0,-0.033,0.22,-0.25,9.35,0.21,-0.25,-0.45,0.01,0.0,9.8,1.855,-1.25,0.0,0.0,0.0,5.0,1017.13,66.24,-17.87
2025-03-24 17:18:02.526000+00:00,57.765788719932615,,,,357.062,0.062,0.0,23.0,-126.875,-11.188,-5.0,-0.027,0.0,-0.033,0.22,-0.25,9.35,0.21,-0.25,-0.45,0.01,0.0,9.8,1.855,2.5,0.0,0.0,0.0,5.0,1017.13,66.24,-17.87
2025-03-24 17:18:03.543000+00:00,57.765788719932615,,,,357.062,0.062,0.0,23.0,-126.875,-11.188,-5.0,-0.027,0.0,-0.033,0.22,-0.25,9.35,0.21,-0.25,-0.45,0.01,0.0,9.8,1.855,2.5,0.0,0.0,0.0,5.0,1017.13,66.24,-17.87
2025-03-24 17:18:04.534000+00:00,57.765788719932615,,,,357.062,0.062,0.0,23.0,-126.875,-11.188,-5.0,-0.027,0.0,-0.033,0.22,-0.25,9.35,0.21,-0.25,-0.45,0.01,0.0,9.8,1.855,2.5,0.0,0.0,0.0,5.0,1017.13,66.24,-17.87
2025-03-24 17:18:05.624000+00:00,57.765788719932615,,,,357.062,0.062,0.0,23.0,-126.875,-11.188,-5.0,-0.027,0.0,-0.033,0.22,-0.25,9.35,0.21,-0.25,-0.45,0.01,0.0,9.8,1.855,1.25,0.0,0.0,0.0,5.0,1017.13,66.24,-17.87
2025-03-24 17:18:06.589000+00:00,57.765788719932615,,,,357.062,0.062,0.0,23.0,-126.875,-11.188,-5.0,-0.027,0.0,-0.033,0.22,-0.25,9.35,0.21,-0.25,-0.45,0.01,0.0,9.8,1.855,2.5,0.0,0.0,0.0,5.0,1017.13,66.24,-17.87
2025-03-24 17:18:07.748000+00:00,57.765788719932615,,,,357.062,0.062,0.0,23.0,-126.875,-11.188,-5.0,-0.027,0.0,-0.033,0.22,-0.25,9.35,0.21,-0.25,-0.45,0.01,0.0,9.8,1.855,-1.25,0.0,0.0,0.0,5.0,1017.13,66.24,-17.87
2025-03-24 17:18:08.764000+00:00,57.765788719932615,,,,357.062,0.062,0.0,23.0,-126.875,-11.188,-5.0,-0.027,0.0,-0.033,0.22,-0.25,9.35,0.21,-0.25,-0.45,0.01,0.0,9.8,1.855,2.5,0.0,0.0,0.0,5.0,1017.13,66.24,-17.87
2025-03-24 17:18:09.552000+00:00,57.765788719932615,,,,357.062,0.062,0.0,23.0,-126.875,-11.188,-5.0,-0.027,0.0,-0.033,0.22,-0.25,9.35,0.21,-0.25,-0.45,0.01,0.0,9.8,1.855,0.0,0.0,0.0,0.0,5.0,1017.13,66.24,-17.87
2025-03-24 17:18:10.609000+00:00,57.765788719932615,,,,357.062,0.062,0.0,23.0,-126.875,-11.188,-5.0,-0.027,0.0,-0.033,0.22,-0.25,9.35,0.21,-0.25,-0.45,0.01,0.0,9.8,1.855,0.0,0.0,0.0,0.0,5.0,1017.13,66.24,-17.87
2025-03-24 17:18:11.624000+00:00,57.765788719932615,,,,357.062,0.062,0.0,23.0,-126.875,-11.188,-5.0,-0.027,0.0,-0.033,0.22,-0.25,9.35,0.21,-0.25,-0.45,0.01,0.0,9.8,1.855,0.0,0.0,0.0,0.0,5.0,1017.13,66.24,-17.87
2025-03-24 17:18:12.603000+00:00,57.765788719932615,,,,357.062,0.062,0.0,23.0,-126.875,-11.188,-5.0,-0.027,0.0,-0.033,0.22,-0.25,9.35,0.21,-0.25,-0.45,0.01,0.0,9.8,1.855,1.25,0.0,0.0,0.0,5.0,1017.13,66.24,-17.87
2025-03-24 17:18:13.698000+00:00,57.765788719932615,,,,357.062,0.062,0.0,23.0,-126.875,-11.188,-5.0,-0.027,0.0,-0.033,0.22,-0.25,9.35,0.21,-0.25,-0.45,0.01,0.0,9.8,1.855,2.5,0.0,0.0,0.0,5.0,1017.13,66.24,-17.87
2025-03-24 17:18:14.723000+00:00,57.765788719932615,,,,357.062,0.062,0.0,23.0,-126.875,-11.188,-5.0,-0.027,0.0,-0.033,0.22,-0.25,9.35,0.21,-0.25,-0.45,0.01,0.0,9.8,1.855,1.25,0.0,0.0,0.0,5.0,1017.13,66.24,-17.87
2025-03-24 17:18:15.883000+00:00,57.765788719932615,,,,357.062,0.062,0.0,23.0,-126.875,-11.188,-5.0,-0.027,0.0,-0.033,0.22,-0.25,9.35,0.21,-0.25,-0.45,0.01,0.0,9.8,1.855,1.25,0.0,0.0,0.0,5.0,1017.13,66.24,-17.87
2025-03-24 17:18:16.579000+00:00,57.765788719932615,,,,357.062,0.062,0.0,23.0,-126.875,-11.188,-5.0,-0.027,0.0,-0.033,0.22,-0.25,9.35,0.21,-0.25,-0.45,0.01,0.0,9.8,1.855,1.25,0.0,0.0,0.0,5.0,1017.13,66.24,-17.87
2025-03-24 17:18:17.582000+00:00,57.765788719932615,,,,357.062,0.062,0.0,23.0,-126.875,-11.188,-5.0,-0.027,0.0,-0.033,0.22,-0.25,9.35,0.21,-0.25,-0.45,0.01,0.0,9.8,1.855,0.0,0.0,0.0,0.0,5.0,1017.13,66.24,-17.87
2025-03-24 17:18:18.586000+00:00,57.765788719932615,,,,357.062,0.062,0.0,23.0,-126.875,-11.188,-5.0,-0.027,0.0,-0.033,0.22,-0.25,9.35,0.21,-0.25,-0.45,0.01,0.0,9.8,1.855,2.5,0.0,0.0,0.0,5.0,1017.13,66.24,-17.87
2025-03-24 17:18:19.589000+00:00,57.765788719932615,,,,357.062,0.062,0.0,23.0,-126.875,-11.188,-5.0,-0.027,0.0,-0.033,0.22,-0.25,9.35,0.21,-0.25,-0.45,0.01,0.0,9.8,1.855,0.0,0.0,0.0,0.0,5.0,1017.13,66.24,-17.87
2025-03-24 17:18:20.607000+00:00,57.765788719932615,,,,357.062,0.062,0.0,23.0,-126.875,-11.188,-5.0,-0.027,0.0,-0.033,0.22,-0.25,9.35,0.21,-0.25,-0.45,0.01,0.0,9.8,1.855,1.25,0.0,0.0,0.0,5.0,1017.13,66.24,-17.87
2025-03-24 17:18:21.633000+00:00,57.765788719932615,,,,357.062,0.062,0.0,23.0,-126.875,-11.188,-5.0,-0.027,0.0,-0.033,0.22,-0.25,9.35,0.21,-0.25,-0.45,0.01,0.0,9.8,1.855,-1.25,0.0,0.0,0.0,5.0,1017.13,66.24,-17.87
2025-03-24 17:18:22.646000+00:00,57.765788719932615,,,,357.062,0.062,0.0,23.0,-126.875,-11.188,-5.0,-0.027,0.0,-0.033,0.22,-0.25,9.35,0.21,-0.25,-0.45,0.01,0.0,9.8,1.855,1.25,0.0,0.0,0.0,5.0,1017.13,66.24,-17.87
2025-03-24 17:18:23.723000+00:00,57.765788719932615,,,,357.062,0.062,0.0,23.0,-126.875,-11.188,-5.0,-0.027,0.0,-0.033,0.22,-0.25,9.35,0.21,-0.25,-0.45,0.01,0.0,9.8,1.855,0.0,0.0,0.0,0.0,5.0,1017.13,66.24,-17.87
2025-03-24 17:18:24.660000+00:00,57.765788719932615,,,,357.062,0.062,0.0,23.0,-126.875,-11.188,-5.0,-0.027,0.0,-0.033,0.22,-0.25,9.35,0.21,-0.25,-0.45,0.01,0.0,9.8,1.855,2.5,0.0,0.0,0.0,5.0,1017.13,66.24,-17.87
2025-03-24 17:18:25.746000+00:00,57.765788719932615,,,,357.062,0.062,0.0,23.0,-126.875,-11.188,-5.0,-0.027,0.0,-0.033,0.22,-0.25,9.35,0.21,-0.25,-0.45,0.01,0.0,9.8,1.855,1.25,0.0,0.0,0.0,5.0,1017.13,66.24,-17.87
2025-03-24 17:18:26.896000+00:00,57.765788719932615,,,,357.062,0.062,0.0,23.0,-126.875,-11.188,-5.0,-0.027,0.0,-0.033,0.22,-0.25,9.35,0.21,-0.25,-0.45,0.01,0.0,9.8,1.855,2.5,0.0,0.0,0.0,5.0,1017.13,66.24,-17.87
2025-03-24 17:18:27.619000+00:00,57.765788719932615,,,,357.062,0.062,0.0,23.0,-126.875,-11.188,-5.0,-0.027,0.0,-0.033,0.22,-0.25,9.35,0.21,-0.25,-0.45,0.01,0.0,9.8,1.855,2.5,0.0,0.0,0.0,5.0,1017.13,66.24,-17.87
2025-03-24 17:17:29.530000+00:00,57.765788719932615,,,,357.062,0.062,0.0,23.0,-126.875,-11.188,-5.0,-0.027,0.0,-0.033,0.22,-0.25,9.35,0.21,-0.25,-0.45,0.01,0.0,9.8,1.855,2.5,0.0,0.0,0.0,5.0,1017.13,66.24,-17.87
2025-03-24 17:17:30.669000+00:00,57.765788719932615,,,,357.062,0.062,0.0,23.0,-126.875,-11.188,-5.0,-0.027,0.0,-0.033,0.22,-0.25,9.35,0.21,-0.25,-0.45,0.01,0.0,9.8,1.855,2.5,0.0,0.0,0.0,5.0,1017.13,66.24,-17.87
2025-03-24 17:17:31.725000+00:00,57.765788719932615,,,,357.062,0.062,0.0,23.0,-126.875,-11.188,-5.0,-0.027,0.0,-0.033,0.22,-0.25,9.35,0.21,-0.25,-0.45,0.01,0.0,9.8,1.855,2.5,0.0,0.0,0.0,5.0,1017.13,66.24,-17.87
2025-03-24 17:17:32.519000+00:00,57.765788719932615,,,,357.062,0.062,0.0,23.0,-126.875,-11.188,-5.0,-0.027,0.0,-0.033,0.22,-0.25,9.35,0.21,-0.25,-0.45,0.01,0.0,9.8,1.855,2.5,0.0,0.0,0.0,5.0,1017.13,66.24,-17.87
2025-03-24 17:17:33.510000+00:00,57.765788719932615,,,,357.062,0.062,0.0,23.0,-126.875,-11.188,-5.0,-0.027,0.0,-0.033,0.22,-0.25,9.35,0.21,-0.25,-0.45,0.01,0.0,9.8,1.855,2.5,0.0,0.0,0.0,5.0,1017.13,66.24,-17.87
2025-03-24 17:17:34.530000+00:00,57.765788719932615,,,,357.062,0.062,0.0,23.0,-126.875,-11.188,-5.0,-0.027,0.0,-0.033,0.22,-0.25,9.35,0.21,-0.25,-0.45,0.01,0.0,9.8,1.855,2.5,0.0,0.0,0.0,5.0,1017.13,66.24,-17.87
2025-03-24 17:17:35.520000+00:00,57.765788719932615,,,,357.062,0.062,0.0,23.0,-126.875,-11.188,-5.0,-0.027,0.0,-0.033,0.22,-0.25,9.35,0.21,-0.25,-0.45,0.01,0.0,9.8,1.855,2.5,0.0,0.0,0.0,5.0,1017.13,66.24,-17.87
2025-03-24 17:17:36.535000+00:00,57.765788719932615,,,,357.062,0.062,0.0,23.0,-126.875,-11.188,-5.0,-0.027,0.0,-0.033,0.22,-0.25,9.35,0.21,-0.25,-0.45,0.01,0.0,9.8,1.855,2.5,0.0,0.0,0.0,5.0,1017.13,66.24,-17.87
2025-03-24 17:17:37.529000+00:00,57.765788719932615,,,,357.062,0.062,0.0,23.0,-126.875,-11.188,-5.0,-0.027,0.0,-0.033,0.22,-0.25,9.35,0.21,-0.25,-0.45,0.01,0.0,9.8,1.855,2.5,0.0,0.0,0.0,5.0,1017.13,66.24,-17.87
2025-03-24 17:17:38.530000+00:00,57.765788719932615,,,,357.062,0.062,0.0,23.0,-126.875,-11.188,-5.0,-0.027,0.0,-0.033,0.22,-0.25,9.35,0.21,-0.25,-0.45,0.01,0.0,9.8,1.855,2.5,0.0,0.0,0.0,5.0,1017.13,66.24,-17.87
2025-03-24 17:17:39.539000+00:00,57.765788719932615,,,,357.062,0.062,0.0,23.0,-126.875,-11.188,-5.0,-0.027,0.0,-0.033,0.22,-0.25,9.35,0.21,-0.25,-0.45,0.01,0.0,9.8,1.855,2.5,0.0,0.0,0.0,5.0,1017.13,66.24,-17.87
2025-03-24 17:17:40.549000+00:00,57.765788719932615,,,,357.062,0.062,0.0,23.0,-126.875,-11.188,-5.0,-0.027,0.0,-0.033,0.22,-0.25,9.35,0.21,-0.25,-0.45,0.01,0.0,9.8,1.855,2.5,0.0,0.0,0.0,5.0,1017.13,66.24,-17.87
2025-03-24 17:17:41.552000+00:00,57.765788719932615,,,,357.062,0.062,0.0,23.0,-126.875,-11.188,-5.0,-0.027,0.0,-0.033,0.22,-0.25,9.35,0.21,-0.25,-0.45,0.01,0.0,9.8,1.855,2.5,0.0,0.0,0.0,5.0,1017.13,66.24,-17.87
2025-03-24 17:17:42.549000+00:00,57.765788719932615,,,,357.062,0.062,0.0,23.0,-126.875,-11.188,-5.0,-0.027,0.0,-0.033,0.22,-0.25,9.35,0.21,-0.25,-0.45,0.01,0.0,9.8,1.855,2.5,0.0,0.0,0.0,5.0,1017.13,66.24,-17.87
2025-03-24 17:17:43.549000+00:00,57.765788719932615,,,,357.062,0.062,0.0,23.0,-126.875,-11.188,-5.0,-0.027,0.0,-0.033,0.22,-0.25,9.35,0.21,-0.25,-0.45,0.01,0.0,9.8,1.855,2.5,0.0,0.0,0.0,5.0,1017.13,66.24,-17.87
2025-03-24 17:17:44.566000+00:00,57.765788719932615,,,,357.062,0.062,0.0,23.0,-126.875,-11.188,-5.0,-0.027,0.0,-0.033,0.22,-0.25,9.35,0.21,-0.25,-0.45,0.01,0.0,9.8,1.855,2.5,0.0,0.0,0.0,5.0,1017.13,66.24,-17.87
2025-03-24 17:17:45.569000+00:00,57.765788719932615,,,,357.062,0.062,0.0,23.0,-126.875,-11.188,-5.0,-0.027,0.0,-0.033,0.22,-0.25,9.35,0.21,-0.25,-0.45,0.01,0.0,9.8,1.855,2.5,0.0,0.0,0.0,5.0,1017.13,66.24,-17.87
2025-03-24 17:17:46.730000+00:00,57.765788719932615,,,,357.062,0.062,0.0,23.0,-126.875,-11.188,-5.0,-0.027,0.0,-0.033,0.22,-0.25,9.35,0.21,-0.25,-0.45,0.01,0.0,9.8,1.855,2.5,0.0,0.0,0.0,5.0,1017.13,66.24,-17.87
2025-03-24 17:17:47.775000+00:00,57.765788719932615,,,,357.062,0.062,0.0,23.0,-126.875,-11.188,-5.0,-0.027,0.0,-0.033,0.22,-0.25,9.35,0.21,-0.25,-0.45,0.01,0.0,9.8,1.855,2.5,0.0,0.0,0.0,5.0,1017.13,66.24,-17.87
2025-03-24 17:17:48.575000+00:00,57.765788719932615,,,,357.062,0.062,0.0,23.0,-126.875,-11.188,-5.0,-0.027,0.0,-0.033,0.22,-0.25,9.35,0.21,-0.25,-0.45,0.01,0.0,9.8,1.855,2.5,0.0,0.0,0.0,5.0,1017.13,66.24,-17.87
2025-03-24 17:17:49.583000+00:00,57.765788719932615,,,,357.062,0.062,0.0,23.0,-126.875,-11.188,-5.0,-0.027,0.0,-0.033,0.22,-0.25,9.35,0.21,-0.25,-0.45,0.01,0.0,9.8,1.855,2.5,0.0,0.0,0.0,5.0,1017.13,66.24,-17.87
2025-03-24 17:17:50.593000+00:00,57.765788719932615,,,,357.062,0.062,0.0,23.0,-126.875,-11.188,-5.0,-0.027,0.0,-0.033,0.22,-0.25,9.35,0.21,-0.25,-0.45,0.01,0.0,9.8,1.855,2.5,0.0,0.0,0.0,5.0,1017.13,66.24,-17.87
2025-03-24 17:17:51.593000+00:00,57.765788719932615,,,,357.062,0.062,0.0,23.0,-126.875,-11.188,-5.0,-0.027,0.0,-0.033,0.22,-0.25,9.35,0.21,-0.25,-0.45,0.01,0.0,9.8,1.855,2.5,0.0,0.0,0.0,5.0,1017.13,66.24,-17.87
2025-03-24 17:17:52.603000+00:00,57.765788719932615,,,,357.062,0.062,0.0,23.0,-126.875,-11.188,-5.0,-0.027,0.0,-0.033,0.22,-0.25,9.35,0.21,-0.25,-0.45,0.01,0.0,9.8,1.855,2.5,0.0,0.0,0.0,5.0,1017.13,66.24,-17.87
2025-03-24 17:17:53.613000+00:00,57.765788719932615,,,,357.062,0.062,0.0,23.0,-126.875,-11.188,-5.0,-0.027,0.0,-0.033,0.22,-0.25,9.35,0.21,-0.25,-0.45,0.01,0.0,9.8,1.855,2.5,0.0,0.0,0.0,5.0,1017.13,66.24,-17.87
2025-03-24 17:17:54.610000+00:00,57.765788719932615,,,,357.062,0.062,0.0,23.0,-126.875,-11.188,-5.0,-0.027,0.0,-0.033,0.22,-0.25,9.35,0.21,-0.25,-0.45,0.01,0.0,9.8,1.855,2.5,0.0,0.0,0.0,5.0,1017.13,66.24,-17.87
2025-03-24 17:17:55.610000+00:00,57.765788719932615,,,,357.062,0.062,0.0,23.0,-126.875,-11.188,-5.0,-0.027,0.0,-0.033,0.22,-0.25,9.35,0.21,-0.25,-0.45,0.01,0.0,9.8,1.855,2.5,0.0,0.0,0.0,5.0,1017.13,66.24,-17.87
2025-03-24 17:17:56.705000+00:00,57.765788719932615,,,,357.062,0.062,0.0,23.0,-126.875,-11.188,-5.0,-0.027,0.0,-0.033,0.22,-0.25,9.35,0.21,-0.25,-0.45,0.01,0.0,9.8,1.855,2.5,0.0,0.0,0.0,5.0,1017.13,66.24,-17.87
2025-03-24 17:17:57.864000+00:00,57.765788719932615,,,,357.062,0.062,0.0,23.0,-126.875,-11.188,-5.0,-0.027,0.0,-0.033,0.22,-0.25,9.35,0.21,-0.25,-0.45,0.01,0.0,9.8,1.855,2.5,0.0,0.0,0.0,5.0,1017.13,66.24,-17.87
2025-03-24 17:17:58.648000+00:00,57.765788719932615,,,,357.062,0.062,0.0,23.0,-126.875,-11.188,-5.0,-0.027,0.0,-0.033,0.22,-0.25,9.35,0.21,-0.25,-0.45,0.01,0.0,9.8,1.855,2.5,0.0,0.0,0.0,5.0,1017.13,66.24,-17.87
2025-03-24 17:17:59.618000+00:00,57.765788719932615,,,,357.062,0.062,0.0,23.0,-126.875,-11.188,-5.0,-0.027,0.0,-0.033,0.22,-0.25,9.35,0.21,-0.25,-0.45,0.01,0.0,9.8,1.855,2.5,0.0,0.0,0.0,5.0,1017.13,66.24,-17.87
2025-03-24 17:18:00.628000+00:00,57.765788719932615,,,,357.062,0.062,0.0,23.0,-126.875,-11.188,-5.0,-0.027,0.0,-0.033,0.22,-0.25,9.35,0.21,-0.25,-0.45,0.01,0.0,9.8,1.855,2.5,0.0,0.0,0.0,5.0,1017.13,66.24,-17.87
2025-03-24 17:18:01.644000+00:00,57.765788719932615,,,,357.062,0.062,0.0,23.0,-126.875,-11.188,-5.0,-0.027,0.0,-0.033,0.22,-0.25,9.35,0.21,-0.25,-0.45,0.01,0.0,9.8,1.855,2.5,0.0,0.0,0.0,5.0,1017.13,66.24,-17.87
2025-03-24 17:18:02.640000+00:00,57.765788719932615,,,,357.062,0.062,0.0,23.0,-126.875,-11.188,-5.0,-0.027,0.0,-0.033,0.22,-0.25,9.35,0.21,-0.25,-0.45,0.01,0.0,9.8,1.855,2.5,0.0,0.0,0.0,5.0,1017.13,66.24,-17.87
2025-03-24 17:18:03.644000+00:00,57.765788719932615,,,,357.062,0.062,0.0,23.0,-126.875,-11.188,-5.0,-0.027,0.0,-0.033,0.22,-0.25,9.35,0.21,-0.25,-0.45,0.01,0.0,9.8,1.855,2.5,0.0,0.0,0.0,5.0,1017.13,66.24,-17.87
2025-03-24 17:18:04.641000+00:00,57.765788719932615,,,,357.062,0.062,0.0,23.0,-126.875,-11.188,-5.0,-0.027,0.0,-0.033,0.22,-0.25,9.35,0.21,-0.25,-0.45,0.01,0.0,9.8,1.855,2.5,0.0,0.0,0.0,5.0,1017.13,66.24,-17.87
2025-03-24 17:18:05.743000+00:00,57.765788719932615,,,,357.062,0.062,0.0,23.0,-126.875,-11.188,-5.0,-0.027,0.0,-0.033,0.22,-0.25,9.35,0.21,-0.25,-0.45,0.01,0.0,9.8,1.855,2.5,0.0,0.0,0.0,5.0,1017.13,66.24,-17.87
2025-03-24 17:18:06.694000+00:00,57.765788719932615,,,,357.062,0.062,0.0,23.0,-126.875,-11.188,-5.0,-0.027,0.0,-0.033,0.22,-0.25,9.35,0.21,-0.25,-0.45,0.01,0.0,9.8,1.855,2.5,0.0,0.0,0.0,5.0,1017.13,66.24,-17.87
2025-03-24 17:18:07.857000+00:00,57.765788719932615,,,,357.062,0.062,0.0,23.0,-126.875,-11.188,-5.0,-0.027,0.0,-0.033,0.22,-0.25,9.35,0.21,-0.25,-0.45,0.01,0.0,9.8,1.855,2.5,0.0,0.0,0.0,5.0,1017.13,66.24,-17.87
2025-03-24 17:18:08.867000+00:00,57.765788719932615,,,,357.062,0.062,0.0,23.0,-126.875,-11.188,-5.0,-0.027,0.0,-0.033,0.22,-0.25,9.35,0.21,-0.25,-0.45,0.01,0.0,9.8,1.855,2.5,0.0,0.0,0.0,5.0,1017.13,66.24,-17.87
2025-03-24 17:18:09.668000+00:00,57.765788719932615,,,,357.062,0.062,0.0,23.0,-126.875,-11.188,-5.0,-0.027,0.0,-0.033,0.22,-0.25,9.35,0.21,-0.25,-0.45,0.01,0.0,9.8,1.855,2.5,0.0,0.0,0.0,5.0,1017.13,66.24,-17.87
2025-03-24 17:18:10.708000+00:00,57.765788719932615,,,,357.062,0.062,0.0,23.0,-126.875,-11.188,-5.0,-0.027,0.0,-0.033,0.22,-0.25,9.35,0.21,-0.25,-0.45,0.01,0.0,9.8,1.855,2.5,0.0,0.0,0.0,5.0,1017.13,66.24,-17.87
2025-03-24 17:18:11.737000+00:00,57.765788719932615,,,,357.062,0.062,0.0,23.0,-126.875,-11.188,-5.0,-0.027,0.0,-0.033,0.22,-0.25,9.35,0.21,-0.25,-0.45,0.01,0.0,9.8,1.855,2.5,0.0,0.0,0.0,5.0,1017.13,66.24,-17.87
2025-03-24 17:18:12.724000+00:00,57.765788719932615,,,,357.062,0.062,0.0,23.0,-126.875,-11.188,-5.0,-0.027,0.0,-0.033,0.22,-0.25,9.35,0.21,-0.25,-0.45,0.01,0.0,9.8,1.855,2.5,0.0,0.0,0.0,5.0,1017.13,66.24,-17.87
2025-03-24 17:18:13.798000+00:00,57.765788719932615,,,,357.062,0.062,0.0,23.0,-126.875,-11.188,-5.0,-0.027,0.0,-0.033,0.22,-0.25,9.35,0.21,-0.25,-0.45,0.01,0.0,9.8,1.855,2.5,0.0,0.0,0.0,5.0,1017.13,66.24,-17.87
2025-03-24 17:18:14.837000+00:00,57.765788719932615,,,,357.062,0.062,0.0,23.0,-126.875,-11.188,-5.0,-0.027,0.0,-0.033,0.22,-0.25,9.35,0.21,-0.25,-0.45,0.01,0.0,9.8,1.855,2.5,0.0,0.0,0.0,5.0,1017.13,66.24,-17.87
2025-03-24 17:18:15.987000+00:00,57.765788719932615,,,,357.062,0.062,0.0,23.0,-126.875,-11.188,-5.0,-0.027,0.0,-0.033,0.22,-0.25,9.35,0.21,-0.25,-0.45,0.01,0.0,9.8,1.855,2.5,0.0,0.0,0.0,5.0,1017.13,66.24,-17.87
2025-03-24 17:18:16.676000+00:00,57.765788719932615,,,,357.062,0.062,0.0,23.0,-126.875,-11.188,-5.0,-0.027,0.0,-0.033,0.22,-0.25,9.35,0.21,-0.25,-0.45,0.01,0.0,9.8,1.855,2.5,0.0,0.0,0.0,5.0,1017.13,66.24,-17.87
2025-03-24 17:18:17.683000+00:00,57.765788719932615,,,,357.062,0.062,0.0,23.0,-126.875,-11.188,-5.0,-0.027,0.0,-0.033,0.22,-0.25,9.35,0.21,-0.25,-0.45,0.01,0.0,9.8,1.855,2.5,0.0,0.0,0.0,5.0,1017.13,66.24,-17.87
2025-03-24 17:18:18.687000+00:00,57.765788719932615,,,,357.062,0.062,0.0,23.0,-126.875,-11.188,-5.0,-0.027,0.0,-0.033,0.22,-0.25,9.35,0.21,-0.25,-0.45,0.01,0.0,9.8,1.855,2.5,0.0,0.0,0.0,5.0,1017.13,66.24,-17.87
2025-03-24 17:18:19.687000+00:00,57.765788719932615,,,,357.062,0.062,0.0,23.0,-126.875,-11.188,-5.0,-0.027,0.0,-0.033,0.22,-0.25,9.35,0.21,-0.25,-0.45,0.01,0.0,9.8,1.855,2.5,0.0,0.0,0.0,5.0,1017.13,66.24,-17.87
2025-03-24 17:18:20.707000+00:00,57.765788719932615,,,,357.062,0.062,0.0,23.0,-126.875,-11.188,-5.0,-0.027,0.0,-0.033,0.22,-0.25,9.35,0.21,-0.25,-0.45,0.01,0.0,9.8,1.855,2.5,0.0,0.0,0.0,5.0,1017.13,66.24,-17.87
2025-03-24 17:18:21.746000+00:00,57.765788719932615,,,,357.062,0.062,0.0,23.0,-126.875,-11.188,-5.0,-0.027,0.0,-0.033,0.22,-0.25,9.35,0.21,-0.25,-0.45,0.01,0.0,9.8,1.855,2.5,0.0,0.0,0.0,5.0,1017.13,66.24,-17.87
2025-03-24 17:18:22.746000+00:00,57.765788719932615,,,,357.062,0.062,0.0,23.0,-126.875,-11.188,-5.0,-0.027,0.0,-0.033,0.22,-0.25,9.35,0.21,-0.25,-0.45,0.01,0.0,9.8,1.855,2.5,0.0,0.0,0.0,5.0,1017.13,66.24,-17.87
2025-03-24 17:18:23.838000+00:00,57.765788719932615,,,,357.062,0.062,0.0,23.0,-126.875,-11.188,-5.0,-0.027,0.0,-0.033,0.22,-0.25,9.35,0.21,-0.25,-0.45,0.01,0.0,9.8,1.855,2.5,0.0,0.0,0.0,5.0,1017.13,66.24,-17.87
2025-03-24 17:18:24.763000+00:00,57.765788719932615,,,,357.062,0.062,0.0,23.0,-126.875,-11.188,-5.0,-0.027,0.0,-0.033,0.22,-0.25,9.35,0.21,-0.25,-0.45,0.01,0.0,9.8,1.855,2.5,0.0,0.0,0.0,5.0,1017.13,66.24,-17.87
2025-03-24 17:18:25.851000+00:00,57.765788719932615,,,,357.062,0.062,0.0,23.0,-126.875,-11.188,-5.0,-0.027,0.0,-0.033,0.22,-0.25,9.35,0.21,-0.25,-0.45,0.01,0.0,9.8,1.855,2.5,0.0,0.0,0.0,5.0,1017.13,66.24,-17.87
2025-03-24 17:18:26.996000+00:00,57.765788719932615,,,,357.062,0.062,0.0,23.0,-126.875,-11.188,-5.0,-0.027,0.0,-0.033,0.22,-0.25,9.35,0.21,-0.25,-0.45,0.01,0.0,9.8,1.855,2.5,0.0,0.0,0.0,5.0,1017.13,66.24,-17.87
2025-03-24 17:18:27.726000+00:00,57.765788719932615,,,,357.062,0.062,0.0,23.0,-126.875,-11.188,-5.0,-0.027,0.0,-0.033,0.22,-0.25,9.35,0.21,-0.25,-0.45,0.01,0.0,9.8,1.855,2.5,0.0,0.0,0.0,5.0,1017.13,66.24,-17.87
2025-03-24 17:17:33.329000+00:00,57.765788719932615,,,,357.062,0.062,0.0,23.0,-126.875,-11.188,-5.0,-0.027,0.0,-0.033,0.22,-0.25,9.35,0.21,-0.25,-0.45,0.01,0.0,9.8,1.855,2.5,0.0,0.0,0.0,5.0,1017.13,66.24,-17.87
2025-03-24 17:17:38.314000+00:00,57.765788719932615,,,,357.062,0.062,0.0,23.0,-126.875,-11.188,-5.0,-0.027,0.0,-0.033,0.22,-0.25,9.35,0.21,-0.25,-0.45,0.01,0.0,9.8,1.855,2.5,0.0,0.0,0.0,5.0,1017.13,66.24,-17.87
2025-03-24 17:17:43.335000+00:00,57.765788719932615,,,,357.062,0.062,0.0,23.0,-126.875,-11.188,-5.0,-0.027,0.0,-0.033,0.22,-0.25,9.35,0.21,-0.25,-0.45,0.01,0.0,9.8,1.855,2.5,0.0,0.0,0.0,5.0,1017.13,66.24,-17.87
2025-03-24 17:17:48.272000+00:00,57.765788719932615,,,,357.062,0.062,0.0,23.0,-126.875,-11.188,-5.0,-0.027,0.0,-0.033,0.22,-0.25,9.35,0.21,-0.25,-0.45,0.01,0.0,9.8,1.855,2.5,0.0,0.0,0.0,5.0,1017.13,66.24,-17.87
2025-03-24 17:17:53.428000+00:00,57.765788719932615,,,,357.062,0.062,0.0,23.0,-126.875,-11.188,-5.0,-0.027,0.0,-0.033,0.22,-0.25,9.35,0.21,-0.25,-0.45,0.01,0.0,9.8,1.855,2.5,0.0,0.0,0.0,5.0,1017.13,66.24,-17.87
2025-03-24 17:17:58.293000+00:00,57.765788719932615,,,,357.062,0.062,0.0,23.0,-126.875,-11.188,-5.0,-0.027,0.0,-0.033,0.22,-0.25,9.35,0.21,-0.25,-0.45,0.01,0.0,9.8,1.855,2.5,0.0,0.0,0.0,5.0,1017.13,66.24,-17.87
2025-03-24 17:18:03.484000+00:00,57.765788719932615,,,,357.062,0.062,0.0,23.0,-126.875,-11.188,-5.0,-0.027,0.0,-0.033,0.22,-0.25,9.35,0.21,-0.25,-0.45,0.01,0.0,9.8,1.855,2.5,0.0,0.0,0.0,5.0,1017.13,66.24,-17.87
2025-03-24 17:18:08.317000+00:00,57.765788719932615,,,,357.062,0.062,0.0,23.0,-126.875,-11.188,-5.0,-0.027,0.0,-0.033,0.22,-0.25,9.35,0.21,-0.25,-0.45,0.01,0.0,9.8,1.855,2.5,0.0,0.0,0.0,5.0,1017.13,66.24,-17.87
2025-03-24 17:18:13.274000+00:00,57.765788719932615,,,,357.062,0.062,0.0,23.0,-126.875,-11.188,-5.0,-0.027,0.0,-0.033,0.22,-0.25,9.35,0.21,-0.25,-0.45,0.01,0.0,9.8,1.855,2.5,0.0,0.0,0.0,5.0,1017.13,66.24,-17.87
2025-03-24 17:18:18.484000+00:00,57.765788719932615,,,,357.062,0.062,0.0,23.0,-126.875,-11.188,-5.0,-0.027,0.0,-0.033,0.22,-0.25,9.35,0.21,-0.25,-0.45,0.01,0.0,9.8,1.855,2.5,0.0,0.0,0.0,5.0,1017.13,66.24,-17.87
2025-03-24 17:18:23.662000+00:00,57.765788719932615,,,,357.062,0.062,0.0,23.0,-126.875,-11.188,-5.0,-0.027,0.0,-0.033,0.22,-0.25,9.35,0.21,-0.25,-0.45,0.01,0.0,9.8,1.855,2.5,0.0,0.0,0.0,5.0,1017.13,66.24,-17.87
2025-03-24 17:18:28.585000+00:00,57.765788719932615,,,,357.062,0.062,0.0,23.0,-126.875,-11.188,-5.0,-0.027,0.0,-0.033,0.22,-0.25,9.35,0.21,-0.25,-0.45,0.01,0.0,9.8,1.855,2.5,0.0,0.0,0.0,5.0,1017.13,66.24,-17.87
2025-03-24 17:17:29.110000+00:00,57.765788719932615,,,,357.062,0.062,0.0,23.0,-126.875,-11.188,-5.0,-0.027,0.0,-0.033,0.22,-0.25,9.35,0.21,-0.25,-0.45,0.01,0.0,9.8,1.855,2.5,0.0,0.0,0.0,5.0,1017.13,66.24,-17.87
2025-03-24 17:17:30.237000+00:00,57.765788719932615,,,,357.062,0.062,0.0,23.0,-126.875,-11.188,-5.0,-0.027,0.0,-0.033,0.22,-0.25,9.35,0.21,-0.25,-0.45,0.01,0.0,9.8,1.855,2.5,0.0,0.0,0.0,5.0,1017.13,66.24,-17.87
2025-03-24 17:17:31.288000+00:00,57.765788719932615,,,,357.062,0.062,0.0,23.0,-126.875,-11.188,-5.0,-0.027,0.0,-0.033,0.22,-0.25,9.35,0.21,-0.25,-0.45,0.01,0.0,9.8,1.855,2.5,0.0,0.0,0.0,5.0,1017.13,66.24,-17.87
2025-03-24 17:17:32.585000+00:00,57.765788719932615,,,,357.062,0.062,0.0,23.0,-126.875,-11.188,-5.0,-0.027,0.0,-0.033,0.22,-0.25,9.35,0.21,-0.25,-0.45,0.01,0.0,9.8,1.855,2.5,0.0,0.0,0.0,5.0,1017.13,66.24,-17.87
2025-03-24 17:17:33.880000+00:00,57.765788719932615,,,,357.062,0.062,0.0,23.0,-126.875,-11.188,-5.0,-0.027,0.0,-0.033,0.22,-0.25,9.35,0.21,-0.25,-0.45,0.01,0.0,9.8,1.855,2.5,0.0,0.0,0.0,5.0,1017.13,66.24,-17.87
2025-03-24 17:17:34.980000+00:00,57.765788719932615,,,,357.062,0.062,0.0,23.0,-126.875,-11.188,-5.0,-0.027,0.0,-0.033,0.22,-0.25,9.35,0.21,-0.25,-0.45,0.01,0.0,9.8,1.855,2.5,0.0,0.0,0.0,5.0,1017.13,66.24,-17.87
2025-03-24 17:17:35.948000+00:00,57.765788719932615,,,,357.062,0.062,0.0,23.0,-126.875,-11.188,-5.0,-0.027,0.0,-0.033,0.22,-0.25,9.35,0.21,-0.25,-0.45,0.01,0.0,9.8,1.855,2.5,0.0,0.0,0.0,5.0,1017.13,66.24,-17.87
2025-03-24 17:17:36.968000+00:00,57.765788719932615,,,,357.062,0.062,0.0,23.0,-126.875,-11.188,-5.0,-0.027,0.0,-0.033,0.22,-0.25,9.35,0.21,-0.25,-0.45,0.01,0.0,9.8,1.855,2.5,0.0,0.0,0.0,5.0,1017.13,66.24,-17.87
2025-03-24 17:17:37.972000+00:00,57.765788719932615,,,,357.062,0.062,0.0,23.0,-126.875,-11.188,-5.0,-0.027,0.0,-0.033,0.22,-0.25,9.35,0.21,-0.25,-0.45,0.01,0.0,9.8,1.855,2.5,0.0,0.0,0.0,5.0,1017.13,66.24,-17.87
2025-03-24 17:17:39.589000+00:00,57.765788719932615,,,,357.062,0.062,0.0,23.0,-126.875,-11.188,-5.0,-0.027,0.0,-0.033,0.22,-0.25,9.35,0.21,-0.25,-0.45,0.01,0.0,9.8,1.855,2.5,0.0,0.0,0.0,5.0,1017.13,66.24,-17.87
2025-03-24 17:17:41.047000+00:00,57.765788719932615,,,,357.062,0.062,0.0,23.0,-126.875,-11.188,-5.0,-0.027,0.0,-0.033,0.22,-0.25,9.35,0.21,-0.25,-0.45,0.01,0.0,9.8,1.855,2.5,0.0,0.0,0.0,5.0,1017.13,66.24,-17.87
2025-03-24 17:17:41.999000+00:00,57.765788719932615,,,,357.062,0.062,0.0,23.0,-126.875,-11.188,-5.0,-0.027,0.0,-0.033,0.22,-0.25,9.35,0.21,-0.25,-0.45,0.01,0.0,9.8,1.855,2.5,0.0,0.0,0.0,5.0,1017.13,66.24,-17.87
2025-03-24 17:17:43.009000+00:00,57.765788719932615,,,,357.062,0.062,0.0,23.0,-126.875,-11.188,-5.0,-0.027,0.0,-0.033,0.22,-0.25,9.35,0.21,-0.25,-0.45,0.01,0.0,9.8,1.855,2.5,0.0,0.0,0.0,5.0,1017.13,66.24,-17.87
2025-03-24 17:17:44.029000+00:00,57.765788719932615,,,,357.062,0.062,0.0,23.0,-126.875,-11.188,-5.0,-0.027,0.0,-0.033,0.22,-0.25,9.35,0.21,-0.25,-0.45,0.01,0.0,9.8,1.855,2.5,0.0,0.0,0.0,5.0,1017.13,66.24,-17.87
2025-03-24 17:17:45.149000+00:00,57.765788719932615,,,,357.062,0.062,0.0,23.0,-126.875,-11.188,-5.0,-0.027,0.0,-0.033,0.22,-0.25,9.35,0.21,-0.25,-0.45,0.01,0.0,9.8,1.855,2.5,0.0,0.0,0.0,5.0,1017.13,66.24,-17.87
2025-03-24 17:17:46.296000+00:00,57.765788719932615,,,,357.062,0.062,0.0,23.0,-126.875,-11.188,-5.0,-0.027,0.0,-0.033,0.22,-0.25,9.35,0.21,-0.25,-0.45,0.01,0.0,9.8,1.855,2.5,0.0,0.0,0.0,5.0,1017.13,66.24,-17.87
2025-03-24 17:17:47.350000+00:00,57.765788719932615,,,,357.062,0.062,0.0,23.0,-126.875,-11.188,-5.0,-0.027,0.0,-0.033,0.22,-0.25,9.35,0.21,-0.25,-0.45,0.01,0.0,9.8,1.855,2.5,0.0,0.0,0.0,5.0,1017.13,66.24,-17.87
2025-03-24 17:17:48.635000+00:00,57.765788719932615,,,,357.062,0.062,0.0,23.0,-126.875,-11.188,-5.0,-0.027,0.0,-0.033,0.22,-0.25,9.35,0.21,-0.25,-0.45,0.01,0.0,9.8,1.855,2.5,0.0,0.0,0.0,5.0,1017.13,66.24,-17.87
2025-03-24 17:17:49.639000+00:00,57.765788719932615,,,,357.062,0.062,0.0,23.0,-126.875,-11.188,-5.0,-0.027,0.0,-0.033,0.22,-0.25,9.35,0.21,-0.25,-0.45,0.01,0.0,9.8,1.855,2.5,0.0,0.0,0.0,5.0,1017.13,66.24,-17.87
2025-03-24 17:17:51.009000+00:00,57.765788719932615,,,,357.062,0.062,0.0,23.0,-126.875,-11.188,-5.0,-0.027,0.0,-0.033,0.22,-0.25,9.35,0.21,-0.25,-0.45,0.01,0.0,9.8,1.855,2.5,0.0,0.0,0.0,5.0,1017.13,66.24,-17.87
2025-03-24 17:17:52.077000+00:00,57.765788719932615,,,,357.062,0.062,0.0,23.0,-126.875,-11.188,-5.0,-0.027,0.0,-0.033,0.22,-0.25,9.35,0.21,-0.25,-0.45,0.01,0.0,9.8,1.855,2.5,0.0,0.0,0.0,5.0,1017.13,66.24,-17.87
2025-03-24 17:17:53.047000+00:00,57.765788719932615,,,,357.062,0.062,0.0,23.0,-126.875,-11.188,-5.0,-0.027,0.0,-0.033,0.22,-0.25,9.35,0.21,-0.25,-0.45,0.01,0.0,9.8,1.855,2.5,0.0,0.0,0.0,5.0,1017.13,66.24,-17.87
2025-03-24 17:17:54.042000+00:00,57.765788719932615,,,,357.062,0.062,0.0,23.0,-126.875,-11.188,-5.0,-0.027,0.0,-0.033,0.22,-0.25,9.35,0.21,-0.25,-0.45,0.01,0.0,9.8,1.855,2.5,0.0,0.0,0.0,5.0,1017.13,66.24,-17.87
2025-03-24 17:17:55.081000+00:00,57.765788719932615,,,,357.062,0.062,0.0,23.0,-126.875,-11.188,-5.0,-0.027,0.0,-0.033,0.22,-0.25,9.35,0.21,-0.25,-0.45,0.01,0.0,9.8,1.855,2.5,0.0,0.0,0.0,5.0,1017.13,66.24,-17.87
2025-03-24 17:17:56.233000+00:00,57.765788719932615,,,,357.062,0.062,0.0,23.0,-126.875,-11.188,-5.0,-0.027,0.0,-0.033,0.22,-0.25,9.35,0.21,-0.25,-0.45,0.01,0.0,9.8,1.855,2.5,0.0,0.0,0.0,5.0,1017.13,66.24,-17.87
2025-03-24 17:17:57.379000+00:00,57.765788719932615,,,,357.062,0.062,0.0,23.0,-126.875,-11.188,-5.0,-0.027,0.0,-0.033,0.22,-0.25,9.35,0.21,-0.25,-0.45,0.01,0.0,9.8,1.855,2.5,0.0,0.0,0.0,5.0,1017.13,66.24,-17.87
2025-03-24 17:17:58.704000+00:00,57.765788719932615,,,,357.062,0.062,0.0,23.0,-126.875,-11.188,-5.0,-0.027,0.0,-0.033,0.22,-0.25,9.35,0.21,-0.25,-0.45,0.01,0.0,9.8,1.855,2.5,0.0,0.0,0.0,5.0,1017.13,66.24,-17.87
2025-03-24 17:17:59.728000+00:00,57.765788719932615,,,,357.062,0.062,0.0,23.0,-126.875,-11.188,-5.0,-0.027,0.0,-0.033,0.22,-0.25,9.35,0.21,-0.25,-0.45,0.01,0.0,9.8,1.855,2.5,0.0,0.0,0.0,5.0,1017.13,66.24,-17.87
2025-03-24 17:18:00.740000+00:00,57.765788719932615,,,,357.062,0.062,0.0,23.0,-126.875,-11.188,-5.0,-0.027,0.0,-0.033,0.22,-0.25,9.35,0.21,-0.25,-0.45,0.01,0.0,9.8,1.855,2.5,0.0,0.0,0.0,5.0,1017.13,66.24,-17.87
2025-03-24 17:18:02.138000+00:00,57.765788719932615,,,,357.062,0.062,0.0,23.0,-126.875,-11.188,-5.0,-0.027,0.0,-0.033,0.22,-0.25,9.35,0.21,-0.25,-0.45,0.01,0.0,9.8,1.855,2.5,0.0,0.0,0.0,5.0,1017.13,66.24,-17.87
2025-03-24 17:18:03.158000+00:00,57.765788719932615,,,,357.062,0.062,0.0,23.0,-126.875,-11.188,-5.0,-0.027,0.0,-0.033,0.22,-0.25,9.35,0.21,-0.25,-0.45,0.01,0.0,9.8,1.855,2.5,0.0,0.0,0.0,5.0,1017.13,66.24,-17.87
2025-03-24 17:18:04.188000+00:00,57.765788719932615,,,,357.062,0.062,0.0,23.0,-126.875,-11.188,-5.0,-0.027,0.0,-0.033,0.22,-0.25,9.35,0.21,-0.25,-0.45,0.01,0.0,9.8,1.855,2.5,0.0,0.0,0.0,5.0,1017.13,66.24,-17.87
2025-03-24 17:18:05.305000+00:00,57.765788719932615,,,,357.062,0.062,0.0,23.0,-126.875,-11.188,-5.0,-0.027,0.0,-0.033,0.22,-0.25,9.35,0.21,-0.25,-0.45,0.01,0.0,9.8,1.855,2.5,0.0,0.0,0.0,5.0,1017.13,66.24,-17.87
2025-03-24 17:18:06.248000+00:00,57.765788719932615,,,,357.062,0.062,0.0,23.0,-126.875,-11.188,-5.0,-0.027,0.0,-0.033,0.22,-0.25,9.35,0.21,-0.25,-0.45,0.01,0.0,9.8,1.855,2.5,0.0,0.0,0.0,5.0,1017.13,66.24,-17.87
2025-03-24 17:18:07.393000+00:00,57.765788719932615,,,,357.062,0.062,0.0,23.0,-126.875,-11.188,-5.0,-0.027,0.0,-0.033,0.22,-0.25,9.35,0.21,-0.25,-0.45,0.01,0.0,9.8,1.855,2.5,0.0,0.0,0.0,5.0,1017.13,66.24,-17.87
2025-03-24 17:18:08.437000+00:00,57.765788719932615,,,,357.062,0.062,0.0,23.0,-126.875,-11.188,-5.0,-0.027,0.0,-0.033,0.22,-0.25,9.35,0.21,-0.25,-0.45,0.01,0.0,9.8,1.855,2.5,0.0,0.0,0.0,5.0,1017.13,66.24,-17.87
2025-03-24 17:18:10.207000+00:00,57.765788719932615,,,,357.062,0.062,0.0,23.0,-126.875,-11.188,-5.0,-0.027,0.0,-0.033,0.22,-0.25,9.35,0.21,-0.25,-0.45,0.01,0.0,9.8,1.855,2.5,0.0,0.0,0.0,5.0,1017.13,66.24,-17.87
2025-03-24 17:18:11.238000+00:00,57.765788719932615,,,,357.062,0.062,0.0,23.0,-126.875,-11.188,-5.0,-0.027,0.0,-0.033,0.22,-0.25,9.35,0.21,-0.25,-0.45,0.01,0.0,9.8,1.855,2.5,0.0,0.0,0.0,5.0,1017.13,66.24,-17.87
2025-03-24 17:18:12.226000+00:00,57.765788719932615,,,,357.062,0.062,0.0,23.0,-126.875,-11.188,-5.0,-0.027,0.0,-0.033,0.22,-0.25,9.35,0.21,-0.25,-0.45,0.01,0.0,9.8,1.855,2.5,0.0,0.0,0.0,5.0,1017.13,66.24,-17.87
2025-03-24 17:18:13.329000+00:00,57.765788719932615,,,,357.062,0.062,0.0,23.0,-126.875,-11.188,-5.0,-0.027,0.0,-0.033,0.22,-0.25,9.35,0.21,-0.25,-0.45,0.01,0.0,9.8,1.855,2.5,0.0,0.0,0.0,5.0,1017.13,66.24,-17.87
2025-03-24 17:18:14.366000+00:00,57.765788719932615,,,,357.062,0.062,0.0,23.0,-126.875,-11.188,-5.0,-0.027,0.0,-0.033,0.22,-0.25,9.35,0.21,-0.25,-0.45,0.01,0.0,9.8,1.855,2.5,0.0,0.0,0.0,5.0,1017.13,66.24,-17.87
2025-03-24 17:18:15.558000+00:00,57.765788719932615,,,,357.062,0.062,0.0,23.0,-126.875,-11.188,-5.0,-0.027,0.0,-0.033,0.22,-0.25,9.35,0.21,-0.25,-0.45,0.01,0.0,9.8,1.855,2.5,0.0,0.0,0.0,5.0,1017.13,66.24,-17.87
2025-03-24 17:18:16.788000+00:00,57.765788719932615,,,,357.062,0.062,0.0,23.0,-126.875,-11.188,-5.0,-0.027,0.0,-0.033,0.22,-0.25,9.35,0.21,-0.25,-0.45,0.01,0.0,9.8,1.855,2.5,0.0,0.0,0.0,5.0,1017.13,66.24,-17.87
2025-03-24 17:18:17.810000+00:00,57.765788719932615,,,,357.062,0.062,0.0,23.0,-126.875,-11.188,-5.0,-0.027,0.0,-0.033,0.22,-0.25,9.35,0.21,-0.25,-0.45,0.01,0.0,9.8,1.855,2.5,0.0,0.0,0.0,5.0,1017.13,66.24,-17.87
2025-03-24 17:18:18.836000+00:00,57.765788719932615,,,,357.062,0.062,0.0,23.0,-126.875,-11.188,-5.0,-0.027,0.0,-0.033,0.22,-0.25,9.35,0.21,-0.25,-0.45,0.01,0.0,9.8,1.855,2.5,0.0,0.0,0.0,5.0,1017.13,66.24,-17.87
2025-03-24 17:18:19.909000+00:00,57.765788719932615,,,,357.062,0.062,0.0,23.0,-126.875,-11.188,-5.0,-0.027,0.0,-0.033,0.22,-0.25,9.35,0.21,-0.25,-0.45,0.01,0.0,9.8,1.855,2.5,0.0,0.0,0.0,5.0,1017.13,66.24,-17.87
2025-03-24 17:18:21.317000+00:00,57.765788719932615,,,,357.062,0.062,0.0,23.0,-126.875,-11.188,-5.0,-0.027,0.0,-0.033,0.22,-0.25,9.35,0.21,-0.25,-0.45,0.01,0.0,9.8,1.855,2.5,0.0,0.0,0.0,5.0,1017.13,66.24,-17.87
2025-03-24 17:18:22.336000+00:00,57.765788719932615,,,,357.062,0.062,0.0,23.0,-126.875,-11.188,-5.0,-0.027,0.0,-0.033,0.22,-0.25,9.35,0.21,-0.25,-0.45,0.01,0.0,9.8,1.855,2.5,0.0,0.0,0.0,5.0,1017.13,66.24,-17.87
2025-03-24 17:18:23.344000+00:00,57.765788719932615,,,,357.062,0.062,0.0,23.0,-126.875,-11.188,-5.0,-0.027,0.0,-0.033,0.22,-0.25,9.35,0.21,-0.25,-0.45,0.01,0.0,9.8,1.855,2.5,0.0,0.0,0.0,5.0,1017.13,66.24,-17.87
2025-03-24 17:18:24.347000+00:00,57.765788719932615,,,,357.062,0.062,0.0,23.0,-126.875,-11.188,-5.0,-0.027,0.0,-0.033,0.22,-0.25,9.35,0.21,-0.25,-0.45,0.01,0.0,9.8,1.855,2.5,0.0,0.0,0.0,5.0,1017.13,66.24,-17.87
2025-03-24 17:18:25.449000+00:00,57.765788719932615,,,,357.062,0.062,0.0,23.0,-126.875,-11.188,-5.0,-0.027,0.0,-0.033,0.22,-0.25,9.35,0.21,-0.25,-0.45,0.01,0.0,9.8,1.855,2.5,0.0,0.0,0.0,5.0,1017.13,66.24,-17.87
2025-03-24 17:18:26.593000+00:00,57.765788719932615,,,,357.062,0.062,0.0,23.0,-126.875,-11.188,-5.0,-0.027,0.0,-0.033,0.22,-0.25,9.35,0.21,-0.25,-0.45,0.01,0.0,9.8,1.855,2.5,0.0,0.0,0.0,5.0,1017.13,66.24,-17.87
2025-03-24 17:18:27.776000+00:00,57.765788719932615,,,,357.062,0.062,0.0,23.0,-126.875,-11.188,-5.0,-0.027,0.0,-0.033,0.22,-0.25,9.35,0.21,-0.25,-0.45,0.01,0.0,9.8,1.855,2.5,0.0,0.0,0.0,5.0,1017.13,66.24,-17.87
2025-03-24 17:17:29.164000+00:00,57.765788719932615,,,,357.062,0.062,0.0,23.0,-126.875,-11.188,-5.0,-0.027,0.0,-0.033,0.22,-0.25,9.35,0.21,-0.25,-0.45,0.01,0.0,9.8,1.855,2.5,0.0,0.0,0.0,5.0,1017.13,66.24,-17.87
2025-03-24 17:17:30.300000+00:00,57.765788719932615,,,,357.062,0.062,0.0,23.0,-126.875,-11.188,-5.0,-0.027,0.0,-0.033,0.22,-0.25,9.35,0.21,-0.25,-0.45,0.01,0.0,9.8,1.855,2.5,0.0,0.0,0.0,5.0,1017.13,66.24,-17.87
2025-03-24 17:17:31.341000+00:00,57.765788719932615,,,,357.062,0.062,0.0,23.0,-126.875,-11.188,-5.0,-0.027,0.0,-0.033,0.22,-0.25,9.35,0.21,-0.25,-0.45,0.01,0.0,9.8,1.855,2.5,0.0,0.0,0.0,5.0,1017.13,66.24,-17.87
2025-03-24 17:17:32.636000+00:00,57.765788719932615,,,,357.062,0.062,0.0,23.0,-126.875,-11.188,-5.0,-0.027,0.0,-0.033,0.22,-0.25,9.35,0.21,-0.25,-0.45,0.01,0.0,9.8,1.855,2.5,0.0,0.0,0.0,5.0,1017.13,66.24,-17.87
2025-03-24 17:17:33.935000+00:00,57.765788719932615,,,,357.062,0.062,0.0,23.0,-126.875,-11.188,-5.0,-0.027,0.0,-0.033,0.22,-0.25,9.35,0.21,-0.25,-0.45,0.01,0.0,9.8,1.855,2.5,0.0,0.0,0.0,5.0,1017.13,66.24,-17.87
2025-03-24 17:17:35.035000+00:00,57.765788719932615,,,,357.062,0.062,0.0,23.0,-126.875,-11.188,-5.0,-0.027,0.0,-0.033,0.22,-0.25,9.35,0.21,-0.25,-0.45,0.01,0.0,9.8,1.855,2.5,0.0,0.0,0.0,5.0,1017.13,66.24,-17.87
2025-03-24 17:17:36.006000+00:00,57.765788719932615,,,,357.062,0.062,0.0,23.0,-126.875,-11.188,-5.0,-0.027,0.0,-0.033,0.22,-0.25,9.35,0.21,-0.25,-0.45,0.01,0.0,9.8,1.855,2.5,0.0,0.0,0.0,5.0,1017.13,66.24,-17.87
2025-03-24 17:17:37.026000+00:00,57.765788719932615,,,,357.062,0.062,0.0,23.0,-126.875,-11.188,-5.0,-0.027,0.0,-0.033,0.22,-0.25,9.35,0.21,-0.25,-0.45,0.01,0.0,9.8,1.855,2.5,0.0,0.0,0.0,5.0,1017.13,66.24,-17.87
2025-03-24 17:17:38.026000+00:00,57.765788719932615,,,,357.062,0.062,0.0,23.0,-126.875,-11.188,-5.0,-0.027,0.0,-0.033,0.22,-0.25,9.35,0.21,-0.25,-0.45,0.01,0.0,9.8,1.855,2.5,0.0,0.0,0.0,5.0,1017.13,66.24,-17.87
2025-03-24 17:17:39.646000+00:00,57.765788719932615,,,,357.062,0.062,0.0,23.0,-126.875,-11.188,-5.0,-0.027,0.0,-0.033,0.22,-0.25,9.35,0.21,-0.25,-0.45,0.01,0.0,9.8,1.855,2.5,0.0,0.0,0.0,5.0,1017.13,66.24,-17.87
2025-03-24 17:17:41.099000+00:00,57.765788719932615,,,,357.062,0.062,0.0,23.0,-126.875,-11.188,-5.0,-0.027,0.0,-0.033,0.22,-0.25,9.35,0.21,-0.25,-0.45,0.01,0.0,9.8,1.855,2.5,0.0,0.0,0.0,5.0,1017.13,66.24,-17.87
2025-03-24 17:17:42.049000+00:00,57.765788719932615,,,,357.062,0.062,0.0,23.0,-126.875,-11.188,-5.0,-0.027,0.0,-0.033,0.22,-0.25,9.35,0.21,-0.25,-0.45,0.01,0.0,9.8,1.855,2.5,0.0,0.0,0.0,5.0,1017.13,66.24,-17.87
2025-03-24 17:17:43.059000+00:00,57.765788719932615,,,,357.062,0.062,0.0,23.0,-126.875,-11.188,-5.0,-0.027,0.0,-0.033,0.22,-0.25,9.35,0.21,-0.25,-0.45,0.01,0.0,9.8,1.855,2.5,0.0,0.0,0.0,5.0,1017.13,66.24,-17.87
2025-03-24 17:17:44.086000+00:00,57.765788719932615,,,,357.062,0.062,0.0,23.0,-126.875,-11.188,-5.0,-0.027,0.0,-0.033,0.22,-0.25,9.35,0.21,-0.25,-0.45,0.01,0.0,9.8,1.855,2.5,0.0,0.0,0.0,5.0,1017.13,66.24,-17.87
2025-03-24 17:17:45.199000+00:00,57.765788719932615,,,,357.062,0.062,0.0,23.0,-126.875,-11.188,-5.0,-0.027,0.0,-0.033,0.22,-0.25,9.35,0.21,-0.25,-0.45,0.01,0.0,9.8,1.855,2.5,0.0,0.0,0.0,5.0,1017.13,66.24,-17.87
2025-03-24 17:17:46.361000+00:00,57.765788719932615,,,,357.062,0.062,0.0,23.0,-126.875,-11.188,-5.0,-0.027,0.0,-0.033,0.22,-0.25,9.35,0.21,-0.25,-0.45,0.01,0.0,9.8,1.855,2.5,0.0,0.0,0.0,5.0,1017.13,66.24,-17.87
2025-03-24 17:17:47.400000+00:00,57.765788719932615,,,,357.062,0.062,0.0,23.0,-126.875,-11.188,-5.0,-0.027,0.0,-0.033,0.22,-0.25,9.35,0.21,-0.25,-0.45,0.01,0.0,9.8,1.855,2.5,0.0,0.0,0.0,5.0,1017.13,66.24,-17.87
2025-03-24 17:17:48.688000+00:00,57.765788719932615,,,,357.062,0.062,0.0,23.0,-126.875,-11.188,-5.0,-0.027,0.0,-0.033,0.22,-0.25,9.35,0.21,-0.25,-0.45,0.01,0.0,9.8,1.855,2.5,0.0,0.0,0.0,5.0,1017.13,66.24,-17.87
2025-03-24 17:17:49.690000+00:00,57.765788719932615,,,,357.062,0.062,0.0,23.0,-126.875,-11.188,-5.0,-0.027,0.0,-0.033,0.22,-0.25,9.35,0.21,-0.25,-0.45,0.01,0.0,9.8,1.855,2.5,0.0,0.0,0.0,5.0,1017.13,66.24,-17.87
2025-03-24 17:17:51.065000+00:00,57.765788719932615,,,,357.062,0.062,0.0,23.0,-126.875,-11.188,-5.0,-0.027,0.0,-0.033,0.22,-0.25,9.35,0.21,-0.25,-0.45,0.01,0.0,9.8,1.855,2.5,0.0,0.0,0.0,5.0,1017.13,66.24,-17.87
2025-03-24 17:17:52.129000+00:00,57.765788719932615,,,,357.062,0.062,0.0,23.0,-126.875,-11.188,-5.0,-0.027,0.0,-0.033,0.22,-0.25,9.35,0.21,-0.25,-0.45,0.01,0.0,9.8,1.855,2.5,0.0,0.0,0.0,5.0,1017.13,66.24,-17.87
2025-03-24 17:17:53.104000+00:00,57.765788719932615,,,,357.062,0.062,0.0,23.0,-126.875,-11.188,-5.0,-0.027,0.0,-0.033,0.22,-0.25,9.35,0.21,-0.25,-0.45,0.01,0.0,9.8,1.855,2.5,0.0,0.0,0.0,5.0,1017.13,66.24,-17.87
2025-03-24 17:17:54.095000+00:00,57.765788719932615,,,,357.062,0.062,0.0,23.0,-126.875,-11.188,-5.0,-0.027,0.0,-0.033,0.22,-0.25,9.35,0.21,-0.25,-0.45,0.01,0.0,9.8,1.855,2.5,0.0,0.0,0.0,5.0,1017.13,66.24,-17.87
2025-03-24 17:17:55.135000+00:00,57.765788719932615,,,,357.062,0.062,0.0,23.0,-126.875,-11.188,-5.0,-0.027,0.0,-0.033,0.22,-0.25,9.35,0.21,-0.25,-0.45,0.01,0.0,9.8,1.855,2.5,0.0,0.0,0.0,5.0,1017.13,66.24,-17.87
2025-03-24 17:17:56.290000+00:00,57.765788719932615,,,,357.062,0.062,0.0,23.0,-126.875,-11.188,-5.0,-0.027,0.0,-0.033,0.22,-0.25,9.35,0.21,-0.25,-0.45,0.01,0.0,9.8,1.855,2.5,0.0,0.0,0.0,5.0,1017.13,66.24,-17.87
2025-03-24 17:17:57.440000+00:00,57.765788719932615,,,,357.062,0.062,0.0,23.0,-126.875,-11.188,-5.0,-0.027,0.0,-0.033,0.22,-0.25,9.35,0.21,-0.25,-0.45,0.01,0.0,9.8,1.855,2.5,0.0,0.0,0.0,5.0,1017.13,66.24,-17.87
2025-03-24 17:17:58.761000+00:00,57.765788719932615,,,,357.062,0.062,0.0,23.0,-126.875,-11.188,-5.0,-0.027,0.0,-0.033,0.22,-0.25,9.35,0.21,-0.25,-0.45,0.01,0.0,9.8,1.855,2.5,0.0,0.0,0.0,5.0,1017.13,66.24,-17.87
2025-03-24 17:17:59.778000+00:00,57.765788719932615,,,,357.062,0.062,0.0,23.0,-126.875,-11.188,-5.0,-0.027,0.0,-0.033,0.22,-0.25,9.35,0.21,-0.25,-0.45,0.01,0.0,9.8,1.855,2.5,0.0,0.0,0.0,5.0,1017.13,66.24,-17.87
2025-03-24 17:18:00.788000+00:00,57.765788719932615,,,,357.062,0.062,0.0,23.0,-126.875,-11.188,-5.0,-0.027,0.0,-0.033,0.22,-0.25,9.35,0.21,-0.25,-0.45,0.01,0.0,9.8,1.855,2.5,0.0,0.0,0.0,5.0,1017.13,66.24,-17.87
2025-03-24 17:18:02.194000+00:00,57.765788719932615,,,,357.062,0.062,0.0,23.0,-126.875,-11.188,-5.0,-0.027,0.0,-0.033,0.22,-0.25,9.35,0.21,-0.25,-0.45,0.01,0.0,9.8,1.855,2.5,0.0,0.0,0.0,5.0,1017.13,66.24,-17.87
2025-03-24 17:18:03.208000+00:00,57.765788719932615,,,,357.062,0.062,0.0,23.0,-126.875,-11.188,-5.0,-0.027,0.0,-0.033,0.22,-0.25,9.35,0.21,-0.25,-0.45,0.01,0.0,9.8,1.855,2.5,0.0,0.0,0.0,5.0,1017.13,66.24,-17.87
2025-03-24 17:18:04.244000+00:00,57.765788719932615,,,,357.062,0.062,0.0,23.0,-126.875,-11.188,-5.0,-0.027,0.0,-0.033,0.22,-0.25,9.35,0.21,-0.25,-0.45,0.01,0.0,9.8,1.855,2.5,0.0,0.0,0.0,5.0,1017.13,66.24,-17.87
2025-03-24 17:18:05.358000+00:00,57.765788719932615,,,,357.062,0.062,0.0,23.0,-126.875,-11.188,-5.0,-0.027,0.0,-0.033,0.22,-0.25,9.35,0.21,-0.25,-0.45,0.01,0.0,9.8,1.855,2.5,0.0,0.0,0.0,5.0,1017.13,66.24,-17.87
2025-03-24 17:18:06.304000+00:00,57.765788719932615,,,,357.062,0.062,0.0,23.0,-126.875,-11.188,-5.0,-0.027,0.0,-0.033,0.22,-0.25,9.35,0.21,-0.25,-0.45,0.01,0.0,9.8,1.855,2.5,0.0,0.0,0.0,5.0,1017.13,66.24,-17.87
2025-03-24 17:18:07.444000+00:00,57.765788719932615,,,,357.062,0.062,0.0,23.0,-126.875,-11.188,-5.0,-0.027,0.0,-0.033,0.22,-0.25,9.35,0.21,-0.25,-0.45,0.01,0.0,9.8,1.855,2.5,0.0,0.0,0.0,5.0,1017.13,66.24,-17.87
2025-03-24 17:18:08.493000+00:00,57.765788719932615,,,,357.062,0.062,0.0,23.0,-126.875,-11.188,-5.0,-0.027,0.0,-0.033,0.22,-0.25,9.35,0.21,-0.25,-0.45,0.01,0.0,9.8,1.855,2.5,0.0,0.0,0.0,5.0,1017.13,66.24,-17.87
2025-03-24 17:18:10.257000+00:00,57.765788719932615,,,,357.062,0.062,0.0,23.0,-126.875,-11.188,-5.0,-0.027,0.0,-0.033,0.22,-0.25,9.35,0.21,-0.25,-0.45,0.01,0.0,9.8,1.855,2.5,0.0,0.0,0.0,5.0,1017.13,66.24,-17.87
2025-03-24 17:18:11.290000+00:00,57.765788719932615,,,,357.062,0.062,0.0,23.0,-126.875,-11.188,-5.0,-0.027,0.0,-0.033,0.22,-0.25,9.35,0.21,-0.25,-0.45,0.01,0.0,9.8,1.855,2.5,0.0,0.0,0.0,5.0,1017.13,66.24,-17.87
2025-03-24 17:18:12.277000+00:00,57.765788719932615,,,,357.062,0.062,0.0,23.0,-126.875,-11.188,-5.0,-0.027,0.0,-0.033,0.22,-0.25,9.35,0.21,-0.25,-0.45,0.01,0.0,9.8,1.855,2.5,0.0,0.0,0.0,5.0,1017.13,66.24,-17.87
2025-03-24 17:18:13.383000+00:00,57.765788719932615,,,,357.062,0.062,0.0,23.0,-126.875,-11.188,-5.0,-0.027,0.0,-0.033,0.22,-0.25,9.35,0.21,-0.25,-0.45,0.01,0.0,9.8,1.855,2.5,0.0,0.0,0.0,5.0,1017.13,66.24,-17.87
2025-03-24 17:18:14.418000+00:00,57.765788719932615,,,,357.062,0.062,0.0,23.0,-126.875,-11.188,-5.0,-0.027,0.0,-0.033,0.22,-0.25,9.35,0.21,-0.25,-0.45,0.01,0.0,9.8,1.855,2.5,0.0,0.0,0.0,5.0,1017.13,66.24,-17.87
2025-03-24 17:18:15.607000+00:00,57.765788719932615,,,,357.062,0.062,0.0,23.0,-126.875,-11.188,-5.0,-0.027,0.0,-0.033,0.22,-0.25,9.35,0.21,-0.25,-0.45,0.01,0.0,9.8,1.855,2.5,0.0,0.0,0.0,5.0,1017.13,66.24,-17.87
2025-03-24 17:18:16.836000+00:00,57.765788719932615,,,,357.062,0.062,0.0,23.0,-126.875,-11.188,-5.0,-0.027,0.0,-0.033,0.22,-0.25,9.35,0.21,-0.25,-0.45,0.01,0.0,9.8,1.855,2.5,0.0,0.0,0.0,5.0,1017.13,66.24,-17.87
2025-03-24 17:18:17.861000+00:00,57.765788719932615,,,,357.062,0.062,0.0,23.0,-126.875,-11.188,-5.0,-0.027,0.0,-0.033,0.22,-0.25,9.35,0.21,-0.25,-0.45,0.01,0.0,9.8,1.855,2.5,0.0,0.0,0.0,5.0,1017.13,66.24,-17.87
2025-03-24 17:18:18.887000+00:00,57.765788719932615,,,,357.062,0.062,0.0,23.0,-126.875,-11.188,-5.0,-0.027,0.0,-0.033,0.22,-0.25,9.35,0.21,-0.25,-0.45,0.01,0.0,9.8,1.855,2.5,0.0,0.0,0.0,5.0,1017.13,66.24,-17.87
2025-03-24 17:18:19.959000+00:00,57.765788719932615,,,,357.062,0.062,0.0,23.0,-126.875,-11.188,-5.0,-0.027,0.0,-0.033,0.22,-0.25,9.35,0.21,-0.25,-0.45,0.01,0.0,9.8,1.855,2.5,0.0,0.0,0.0,5.0,1017.13,66.24,-17.87
2025-03-24 17:18:21.370000+00:00,57.765788719932615,,,,357.062,0.062,0.0,23.0,-126.875,-11.188,-5.0,-0.027,0.0,-0.033,0.22,-0.25,9.35,0.21,-0.25,-0.45,0.01,0.0,9.8,1.855,2.5,0.0,0.0,0.0,5.0,1017.13,66.24,-17.87
2025-03-24 17:18:22.386000+00:00,57.765788719932615,,,,357.062,0.062,0.0,23.0,-126.875,-11.188,-5.0,-0.027,0.0,-0.033,0.22,-0.25,9.35,0.21,-0.25,-0.45,0.01,0.0,9.8,1.855,2.5,0.0,0.0,0.0,5.0,1017.13,66.24,-17.87
2025-03-24 17:18:23.398000+00:00,57.765788719932615,,,,357.062,0.062,0.0,23.0,-126.875,-11.188,-5.0,-0.027,0.0,-0.033,0.22,-0.25,9.35,0.21,-0.25,-0.45,0.01,0.0,9.8,1.855,2.5,0.0,0.0,0.0,5.0,1017.13,66.24,-17.87
2025-03-24 17:18:24.399000+00:00,57.765788719932615,,,,357.062,0.062,0.0,23.0,-126.875,-11.188,-5.0,-0.027,0.0,-0.033,0.22,-0.25,9.35,0.21,-0.25,-0.45,0.01,0.0,9.8,1.855,2.5,0.0,0.0,0.0,5.0,1017.13,66.24,-17.87
2025-03-24 17:18:25.502000+00:00,57.765788719932615,,,,357.062,0.062,0.0,23.0,-126.875,-11.188,-5.0,-0.027,0.0,-0.033,0.22,-0.25,9.35,0.21,-0.25,-0.45,0.01,0.0,9.8,1.855,2.5,0.0,0.0,0.0,5.0,1017.13,66.24,-17.87
2025-03-24 17:18:26.648000+00:00,57.765788719932615,,,,357.062,0.062,0.0,23.0,-126.875,-11.188,-5.0,-0.027,0.0,-0.033,0.22,-0.25,9.35,0.21,-0.25,-0.45,0.01,0.0,9.8,1.855,2.5,0.0,0.0,0.0,5.0,1017.13,66.24,-17.87
2025-03-24 17:18:27.827000+00:00,57.765788719932615,,,,357.062,0.062,0.0,23.0,-126.875,-11.188,-5.0,-0.027,0.0,-0.033,0.22,-0.25,9.35,0.21,-0.25,-0.45,0.01,0.0,9.8,1.855,2.5,0.0,0.0,0.0,5.0,1017.13,66.24,-17.87
2025-03-24 17:17:29.310000+00:00,57.765788719932615,,,,357.062,0.062,0.0,23.0,-126.875,-11.188,-5.0,-0.027,0.0,-0.033,0.22,-0.25,9.35,0.21,-0.25,-0.45,0.01,0.0,9.8,1.855,2.5,0.0,0.0,0.0,5.0,1017.13,66.24,-17.87
2025-03-24 17:17:30.461000+00:00,57.765788719932615,,,,357.062,0.062,0.0,23.0,-126.875,-11.188,-5.0,-0.027,0.0,-0.033,0.22,-0.25,9.35,0.21,-0.25,-0.45,0.01,0.0,9.8,1.855,2.5,0.0,0.0,0.0,5.0,1017.13,66.24,-17.87
2025-03-24 17:17:31.490000+00:00,57.765788719932615,,,,357.062,0.062,0.0,23.0,-126.875,-11.188,-5.0,-0.027,0.0,-0.033,0.22,-0.25,9.35,0.21,-0.25,-0.45,0.01,0.0,9.8,1.855,2.5,0.0,0.0,0.0,5.0,1017.13,66.24,-17.87
2025-03-24 17:17:32.790000+00:00,57.765788719932615,,,,357.062,0.062,0.0,23.0,-126.875,-11.188,-5.0,-0.027,0.0,-0.033,0.22,-0.25,9.35,0.21,-0.25,-0.45,0.01,0.0,9.8,1.855,2.5,0.0,0.0,0.0,5.0,1017.13,66.24,-17.87
2025-03-24 17:17:34.104000+00:00,57.765788719932615,,,,357.062,0.062,0.0,23.0,-126.875,-11.188,-5.0,-0.027,0.0,-0.033,0.22,-0.25,9.35,0.21,-0.25,-0.45,0.01,0.0,9.8,1.855,2.5,0.0,0.0,0.0,5.0,1017.13,66.24,-17.87
2025-03-24 17:17:35.206000+00:00,57.765788719932615,,,,357.062,0.062,0.0,23.0,-126.875,-11.188,-5.0,-0.027,0.0,-0.033,0.22,-0.25,9.35,0.21,-0.25,-0.45,0.01,0.0,9.8,1.855,2.5,0.0,0.0,0.0,5.0,1017.13,66.24,-17.87
2025-03-24 17:17:36.186000+00:00,57.765788719932615,,,,357.062,0.062,0.0,23.0,-126.875,-11.188,-5.0,-0.027,0.0,-0.033,0.22,-0.25,9.35,0.21,-0.25,-0.45,0.01,0.0,9.8,1.855,2.5,0.0,0.0,0.0,5.0,1017.13,66.24,-17.87
2025-03-24 17:17:37.196000+00:00,57.765788719932615,,,,357.062,0.062,0.0,23.0,-126.875,-11.188,-5.0,-0.027,0.0,-0.033,0.22,-0.25,9.35,0.21,-0.25,-0.45,0.01,0.0,9.8,1.855,2.5,0.0,0.0,0.0,5.0,1017.13,66.24,-17.87
2025-03-24 17:17:38.196000+00:00,57.765788719932615,,,,357.062,0.062,0.0,23.0,-126.875,-11.188,-5.0,-0.027,0.0,-0.033,0.22,-0.25,9.35,0.21,-0.25,-0.45,0.01,0.0,9.8,1.855,2.5,0.0,0.0,0.0,5.0,1017.13,66.24,-17.87
2025-03-24 17:17:39.816000+00:00,57.765788719932615,,,,357.062,0.062,0.0,23.0,-126.875,-11.188,-5.0,-0.027,0.0,-0.033,0.22,-0.25,9.35,0.21,-0.25,-0.45,0.01,0.0,9.8,1.855,2.5,0.0,0.0,0.0,5.0,1017.13,66.24,-17.87
2025-03-24 17:17:41.273000+00:00,57.765788719932615,,,,357.062,0.062,0.0,23.0,-126.875,-11.188,-5.0,-0.027,0.0,-0.033,0.22,-0.25,9.35,0.21,-0.25,-0.45,0.01,0.0,9.8,1.855,2.5,0.0,0.0,0.0,5.0,1017.13,66.24,-17.87
2025-03-24 17:17:42.209000+00:00,57.765788719932615,,,,357.062,0.062,0.0,23.0,-126.875,-11.188,-5.0,-0.027,0.0,-0.033,0.22,-0.25,9.35,0.21,-0.25,-0.45,0.01,0.0,9.8,1.855,2.5,0.0,0.0,0.0,5.0,1017.13,66.24,-17.87
2025-03-24 17:17:43.225000+00:00,57.765788719932615,,,,357.062,0.062,0.0,23.0,-126.875,-11.188,-5.0,-0.027,0.0,-0.033,0.22,-0.25,9.35,0.21,-0.25,-0.45,0.01,0.0,9.8,1.855,2.5,0.0,0.0,0.0,5.0,1017.13,66.24,-17.87
2025-03-24 17:17:44.250000+00:00,57.765788719932615,,,,357.062,0.062,0.0,23.0,-126.875,-11.188,-5.0,-0.027,0.0,-0.033,0.22,-0.25,9.35,0.21,-0.25,-0.45,0.01,0.0,9.8,1.855,2.5,0.0,0.0,0.0,5.0,1017.13,66.24,-17.87
2025-03-24 17:17:45.353000+00:00,57.765788719932615,,,,357.062,0.062,0.0,23.0,-126.875,-11.188,-5.0,-0.027,0.0,-0.033,0.22,-0.25,9.35,0.21,-0.25,-0.45,0.01,0.0,9.8,1.855,2.5,0.0,0.0,0.0,5.0,1017.13,66.24,-17.87
2025-03-24 17:17:46.509000+00:00,57.765788719932615,,,,357.062,0.062,0.0,23.0,-126.875,-11.188,-5.0,-0.027,0.0,-0.033,0.22,-0.25,9.35,0.21,-0.25,-0.45,0.01,0.0,9.8,1.855,2.5,0.0,0.0,0.0,5.0,1017.13,66.24,-17.87
2025-03-24 17:17:47.559000+00:00,57.765788719932615,,,,357.062,0.062,0.0,23.0,-126.875,-11.188,-5.0,-0.027,0.0,-0.033,0.22,-0.25,9.35,0.21,-0.25,-0.45,0.01,0.0,9.8,1.855,2.5,0.0,0.0,0.0,5.0,1017.13,66.24,-17.87
2025-03-24 17:17:48.850000+00:00,57.765788719932615,,,,357.062,0.062,0.0,23.0,-126.875,-11.188,-5.0,-0.027,0.0,-0.033,0.22,-0.25,9.35,0.21,-0.25,-0.45,0.01,0.0,9.8,1.855,2.5,0.0,0.0,0.0,5.0,1017.13,66.24,-17.87
2025-03-24 17:17:50.196000+00:00,57.765788719932615,,,,357.062,0.062,0.0,23.0,-126.875,-11.188,-5.0,-0.027,0.0,-0.033,0.22,-0.25,9.35,0.21,-0.25,-0.45,0.01,0.0,9.8,1.855,2.5,0.0,0.0,0.0,5.0,1017.13,66.24,-17.87
2025-03-24 17:17:51.221000+00:00,57.765788719932615,,,,357.062,0.062,0.0,23.0,-126.875,-11.188,-5.0,-0.027,0.0,-0.033,0.22,-0.25,9.35,0.21,-0.25,-0.45,0.01,0.0,9.8,1.855,2.5,0.0,0.0,0.0,5.0,1017.13,66.24,-17.87
2025-03-24 17:17:52.288000+00:00,57.765788719932615,,,,357.062,0.062,0.0,23.0,-126.875,-11.188,-5.0,-0.027,0.0,-0.033,0.22,-0.25,9.35,0.21,-0.25,-0.45,0.01,0.0,9.8,1.855,2.5,0.0,0.0,0.0,5.0,1017.13,66.24,-17.87
2025-03-24 17:17:53.260000+00:00,57.765788719932615,,,,357.062,0.062,0.0,23.0,-126.875,-11.188,-5.0,-0.027,0.0,-0.033,0.22,-0.25,9.35,0.21,-0.25,-0.45,0.01,0.0,9.8,1.855,2.5,0.0,0.0,0.0,5.0,1017.13,66.24,-17.87
2025-03-24 17:17:54.252000+00:00,57.765788719932615,,,,357.062,0.062,0.0,23.0,-126.875,-11.188,-5.0,-0.027,0.0,-0.033,0.22,-0.25,9.35,0.21,-0.25,-0.45,0.01,0.0,9.8,1.855,2.5,0.0,0.0,0.0,5.0,1017.13,66.24,-17.87
2025-03-24 17:17:55.298000+00:00,57.765788719932615,,,,357.062,0.062,0.0,23.0,-126.875,-11.188,-5.0,-0.027,0.0,-0.033,0.22,-0.25,9.35,0.21,-0.25,-0.45,0.01,0.0,9.8,1.855,2.5,0.0,0.0,0.0,5.0,1017.13,66.24,-17.87
2025-03-24 17:17:56.444000+00:00,57.765788719932615,,,,357.062,0.062,0.0,23.0,-126.875,-11.188,-5.0,-0.027,0.0,-0.033,0.22,-0.25,9.35,0.21,-0.25,-0.45,0.01,0.0,9.8,1.855,2.5,0.0,0.0,0.0,5.0,1017.13,66.24,-17.87
2025-03-24 17:17:57.588000+00:00,57.765788719932615,,,,357.062,0.062,0.0,23.0,-126.875,-11.188,-5.0,-0.027,0.0,-0.033,0.22,-0.25,9.35,0.21,-0.25,-0.45,0.01,0.0,9.8,1.855,2.5,0.0,0.0,0.0,5.0,1017.13,66.24,-17.87
2025-03-24 17:17:58.931000+00:00,57.765788719932615,,,,357.062,0.062,0.0,23.0,-126.875,-11.188,-5.0,-0.027,0.0,-0.033,0.22,-0.25,9.35,0.21,-0.25,-0.45,0.01,0.0,9.8,1.855,2.5,0.0,0.0,0.0,5.0,1017.13,66.24,-17.87
2025-03-24 17:17:59.940000+00:00,57.765788719932615,,,,357.062,0.062,0.0,23.0,-126.875,-11.188,-5.0,-0.027,0.0,-0.033,0.22,-0.25,9.35,0.21,-0.25,-0.45,0.01,0.0,9.8,1.855,2.5,0.0,0.0,0.0,5.0,1017.13,66.24,-17.87
2025-03-24 17:18:00.949000+00:00,57.765788719932615,,,,357.062,0.062,0.0,23.0,-126.875,-11.188,-5.0,-0.027,0.0,-0.033,0.22,-0.25,9.35,0.21,-0.25,-0.45,0.01,0.0,9.8,1.855,2.5,0.0,0.0,0.0,5.0,1017.13,66.24,-17.87
2025-03-24 17:18:02.357000+00:00,57.765788719932615,,,,357.062,0.062,0.0,23.0,-126.875,-11.188,-5.0,-0.027,0.0,-0.033,0.22,-0.25,9.35,0.21,-0.25,-0.45,0.01,0.0,9.8,1.855,2.5,0.0,0.0,0.0,5.0,1017.13,66.24,-17.87
2025-03-24 17:18:03.374000+00:00,57.765788719932615,,,,357.062,0.062,0.0,23.0,-126.875,-11.188,-5.0,-0.027,0.0,-0.033,0.22,-0.25,9.35,0.21,-0.25,-0.45,0.01,0.0,9.8,1.855,2.5,0.0,0.0,0.0,5.0,1017.13,66.24,-17.87
2025-03-24 17:18:04.405000+00:00,57.765788719932615,,,,357.062,0.062,0.0,23.0,-126.875,-11.188,-5.0,-0.027,0.0,-0.033,0.22,-0.25,9.35,0.21,-0.25,-0.45,0.01,0.0,9.8,1.855,2.5,0.0,0.0,0.0,5.0,1017.13,66.24,-17.87
2025-03-24 17:18:05.518000+00:00,57.765788719932615,,,,357.062,0.062,0.0,23.0,-126.875,-11.188,-5.0,-0.027,0.0,-0.033,0.22,-0.25,9.35,0.21,-0.25,-0.45,0.01,0.0,9.8,1.855,2.5,0.0,0.0,0.0,5.0,1017.13,66.24,-17.87
2025-03-24 17:18:06.478000+00:00,57.765788719932615,,,,357.062,0.062,0.0,23.0,-126.875,-11.188,-5.0,-0.027,0.0,-0.033,0.22,-0.25,9.35,0.21,-0.25,-0.45,0.01,0.0,9.8,1.855,2.5,0.0,0.0,0.0,5.0,1017.13,66.24,-17.87
2025-03-24 17:18:07.634000+00:00,57.765788719932615,,,,357.062,0.062,0.0,23.0,-126.875,-11.188,-5.0,-0.027,0.0,-0.033,0.22,-0.25,9.35,0.21,-0.25,-0.45,0.01,0.0,9.8,1.855,2.5,0.0,0.0,0.0,5.0,1017.13,66.24,-17.87
2025-03-24 17:18:08.657000+00:00,57.765788719932615,,,,357.062,0.062,0.0,23.0,-126.875,-11.188,-5.0,-0.027,0.0,-0.033,0.22,-0.25,9.35,0.21,-0.25,-0.45,0.01,0.0,9.8,1.855,2.5,0.0,0.0,0.0,5.0,1017.13,66.24,-17.87
2025-03-24 17:18:10.413000+00:00,57.765788719932615,,,,357.062,0.062,0.0,23.0,-126.875,-11.188,-5.0,-0.027,0.0,-0.033,0.22,-0.25,9.35,0.21,-0.25,-0.45,0.01,0.0,9.8,1.855,2.5,0.0,0.0,0.0,5.0,1017.16,66.24,-17.87
2025-03-24 17:18:11.453000+00:00,57.765788719932615,,,,357.062,0.062,0.0,23.0,-126.875,-11.188,-5.0,-0.027,0.0,-0.033,0.22,-0.25,9.35,0.21,-0.25,-0.45,0.01,0.0,9.8,1.855,2.5,0.0,0.0,0.0,5.0,1017.16,66.24,-17.87
2025-03-24 17:18:12.433000+00:00,57.765788719932615,,,,357.062,0.062,0.0,23.0,-126.875,-11.188,-5.0,-0.027,0.0,-0.033,0.22,-0.25,9.35,0.21,-0.25,-0.45,0.01,0.0,9.8,1.855,2.5,0.0,0.0,0.0,5.0,1017.16,66.24,-17.87
2025-03-24 17:18:13.551000+00:00,57.765788719932615,,,,357.062,0.062,0.0,23.0,-126.875,-11.188,-5.0,-0.027,0.0,-0.033,0.22,-0.25,9.35,0.21,-0.25,-0.45,0.01,0.0,9.8,1.855,2.5,0.0,0.0,0.0,5.0,1017.16,66.24,-17.87
2025-03-24 17:18:14.568000+00:00,57.765788719932615,,,,357.062,0.062,0.0,23.0,-126.875,-11.188,-5.0,-0.027,0.0,-0.033,0.22,-0.25,9.35,0.21,-0.25,-0.45,0.01,0.0,9.8,1.855,2.5,0.0,0.0,0.0,5.0,1017.16,66.24,-17.87
2025-03-24 17:18:15.770000+00:00,57.765788719932615,,,,357.062,0.062,0.0,23.0,-126.875,-11.188,-5.0,-0.027,0.0,-0.033,0.22,-0.25,9.35,0.21,-0.25,-0.45,0.01,0.0,9.8,1.855,2.5,0.0,0.0,0.0,5.0,1017.16,66.24,-17.87
2025-03-24 17:18:16.996000+00:00,57.765788719932615,,,,357.062,0.062,0.0,23.0,-126.875,-11.188,-5.0,-0.027,0.0,-0.033,0.22,-0.25,9.35,0.21,-0.25,-0.45,0.01,0.0,9.8,1.855,2.5,0.0,0.0,0.0,5.0,1017.16,66.24,-17.87
2025-03-24 17:18:18.012000+00:00,57.765788719932615,,,,357.062,0.062,0.0,23.0,-126.875,-11.188,-5.0,-0.027,0.0,-0.033,0.22,-0.25,9.35,0.21,-0.25,-0.45,0.01,0.0,9.8,1.855,2.5,0.0,0.0,0.0,5.0,1017.16,66.24,-17.87
2025-03-24 17:18:19.053000+00:00,57.765788719932615,,,,357.062,0.062,0.0,23.0,-126.875,-11.188,-5.0,-0.027,0.0,-0.033,0.22,-0.25,9.35,0.21,-0.25,-0.45,0.01,0.0,9.8,1.855,2.5,0.0,0.0,0.0,5.0,1017.16,66.24,-17.87
2025-03-24 17:18:20.133000+00:00,57.765788719932615,,,,357.062,0.062,0.0,23.0,-126.875,-11.188,-5.0,-0.027,0.0,-0.033,0.22,-0.25,9.35,0.21,-0.25,-0.45,0.01,0.0,9.8,1.855,2.5,0.0,0.0,0.0,5.0,1017.16,66.24,-17.87
2025-03-24 17:18:21.527000+00:00,57.765788719932615,,,,357.062,0.062,0.0,23.0,-126.875,-11.188,-5.0,-0.027,0.0,-0.033,0.22,-0.25,9.35,0.21,-0.25,-0.45,0.01,0.0,9.8,1.855,2.5,0.0,0.0,0.0,5.0,1017.16,66.24,-17.87
2025-03-24 17:18:22.536000+00:00,57.765788719932615,,,,357.062,0.062,0.0,23.0,-126.875,-11.188,-5.0,-0.027,0.0,-0.033,0.22,-0.25,9.35,0.21,-0.25,-0.45,0.01,0.0,9.8,1.855,2.5,0.0,0.0,0.0,5.0,1017.16,66.24,-17.87
2025-03-24 17:18:23.547000+00:00,57.765788719932615,,,,357.062,0.062,0.0,23.0,-126.875,-11.188,-5.0,-0.027,0.0,-0.033,0.22,-0.25,9.35,0.21,-0.25,-0.45,0.01,0.0,9.8,1.855,2.5,0.0,0.0,0.0,5.0,1017.16,66.24,-17.87
2025-03-24 17:18:24.546000+00:00,57.765788719932615,,,,357.062,0.062,0.0,23.0,-126.875,-11.188,-5.0,-0.027,0.0,-0.033,0.22,-0.25,9.35,0.21,-0.25,-0.45,0.01,0.0,9.8,1.855,2.5,0.0,0.0,0.0,5.0,1017.16,66.24,-17.87
2025-03-24 17:18:25.646000+00:00,57.765788719932615,,,,357.062,0.062,0.0,23.0,-126.875,-11.188,-5.0,-0.027,0.0,-0.033,0.22,-0.25,9.35,0.21,-0.25,-0.45,0.01,0.0,9.8,1.855,2.5,0.0,0.0,0.0,5.0,1017.16,66.24,-17.87
2025-03-24 17:18:26.796000+00:00,57.765788719932615,,,,357.062,0.062,0.0,23.0,-126.875,-11.188,-5.0,-0.027,0.0,-0.033,0.22,-0.25,9.35,0.21,-0.25,-0.45,0.01,0.0,9.8,1.855,2.5,0.0,0.0,0.0,5.0,1017.16,66.24,-17.87
2025-03-24 17:18:27.989000+00:00,57.765788719932615,,,,357.062,0.062,0.0,23.0,-126.875,-11.188,-5.0,-0.027,0.0,-0.033,0.22,-0.25,9.35,0.21,-0.25,-0.45,0.01,0.0,9.8,1.855,2.5,0.0,0.0,0.0,5.0,1017.16,66.24,-17.87
2025-03-24 17:17:29.259000+00:00,57.765788719932615,,,,357.062,0.062,0.0,23.0,-126.875,-11.188,-5.0,-0.027,0.0,-0.033,0.22,-0.25,9.35,0.21,-0.25,-0.45,0.01,0.0,9.8,1.855,2.5,0.0,0.0,0.0,5.0,1017.16,66.24,-17.87
2025-03-24 17:17:30.409000+00:00,57.765788719932615,,,,357.062,0.062,0.0,23.0,-126.875,-11.188,-5.0,-0.027,0.0,-0.033,0.22,-0.25,9.35,0.21,-0.25,-0.45,0.01,0.0,9.8,1.855,2.5,0.0,0.0,0.0,5.0,1017.16,66.24,-17.87
2025-03-24 17:17:31.439000+00:00,57.765788719932615,,,,357.062,0.062,0.0,23.0,-126.875,-11.188,-5.0,-0.027,0.0,-0.033,0.22,-0.25,9.35,0.21,-0.25,-0.45,0.01,0.0,9.8,1.855,2.5,0.0,0.0,0.0,5.0,1017.16,66.24,-17.87
2025-03-24 17:17:32.741000+00:00,57.765788719932615,,,,357.062,0.062,0.0,23.0,-126.875,-11.188,-5.0,-0.027,0.0,-0.033,0.22,-0.25,9.35,0.21,-0.25,-0.45,0.01,0.0,9.8,1.855,2.5,0.0,0.0,0.0,5.0,1017.16,66.24,-17.87
2025-03-24 17:17:34.046000+00:00,57.765788719932615,,,,357.062,0.062,0.0,23.0,-126.875,-11.188,-5.0,-0.027,0.0,-0.033,0.22,-0.25,9.35,0.21,-0.25,-0.45,0.01,0.0,9.8,1.855,2.5,0.0,0.0,0.0,5.0,1017.16,66.24,-17.87
2025-03-24 17:17:35.146000+00:00,57.765788719932615,,,,357.062,0.062,0.0,23.0,-126.875,-11.188,-5.0,-0.027,0.0,-0.033,0.22,-0.25,9.35,0.21,-0.25,-0.45,0.01,0.0,9.8,1.855,2.5,0.0,0.0,0.0,5.0,1017.16,66.24,-17.87
2025-03-24 17:17:36.126000+00:00,57.765788719932615,,,,357.062,0.062,0.0,23.0,-126.875,-11.188,-5.0,-0.027,0.0,-0.033,0.22,-0.25,9.35,0.21,-0.25,-0.45,0.01,0.0,9.8,1.855,2.5,0.0,0.0,0.0,5.0,1017.16,66.24,-17.87
2025-03-24 17:17:37.139000+00:00,57.765788719932615,,,,357.062,0.062,0.0,23.0,-126.875,-11.188,-5.0,-0.027,0.0,-0.033,0.22,-0.25,9.35,0.21,-0.25,-0.45,0.01,0.0,9.8,1.855,2.5,0.0,0.0,0.0,5.0,1017.16,66.24,-17.87
2025-03-24 17:17:38.139000+00:00,57.765788719932615,,,,357.062,0.062,0.0,23.0,-126.875,-11.188,-5.0,-0.027,0.0,-0.033,0.22,-0.25,9.35,0.21,-0.25,-0.45,0.01,0.0,9.8,1.855,2.5,0.0,0.0,0.0,5.0,1017.16,66.24,-17.87
2025-03-24 17:17:39.763000+00:00,57.765788719932615,,,,357.062,0.062,0.0,23.0,-126.875,-11.188,-5.0,-0.027,0.0,-0.033,0.22,-0.25,9.35,0.21,-0.25,-0.45,0.01,0.0,9.8,1.855,2.5,0.0,0.0,0.0,5.0,1017.16,66.24,-17.87
2025-03-24 17:17:41.215000+00:00,57.765788719932615,,,,357.062,0.062,0.0,23.0,-126.875,-11.188,-5.0,-0.027,0.0,-0.033,0.22,-0.25,9.35,0.21,-0.25,-0.45,0.01,0.0,9.8,1.855,2.5,0.0,0.0,0.0,5.0,1017.16,66.04,-17.87
2025-03-24 17:17:42.159000+00:00,57.765788719932615,,,,357.062,0.062,0.0,23.0,-126.875,-11.188,-5.0,-0.027,0.0,-0.033,0.22,-0.25,9.35,0.21,-0.25,-0.45,0.01,0.0,9.8,1.855,2.5,0.0,0.0,0.0,5.0,1017.16,66.04,-17.87
2025-03-24 17:17:43.169000+00:00,57.765788719932615,,,,357.062,0.062,0.0,23.0,-126.875,-11.188,-5.0,-0.027,0.0,-0.033,0.22,-0.25,9.35,0.21,-0.25,-0.45,0.01,0.0,9.8,1.855,2.5,0.0,0.0,0.0,5.0,1017.16,66.04,-17.87
2025-03-24 17:17:44.203000+00:00,57.765788719932615,,,,357.062,0.062,0.0,23.0,-126.875,-11.188,-5.0,-0.027,0.0,-0.033,0.22,-0.25,9.35,0.21,-0.25,-0.45,0.01,0.0,9.8,1.855,2.5,0.0,0.0,0.0,5.0,1017.16,66.04,-17.87
2025-03-24 17:17:45.300000+00:00,57.765788719932615,,,,357.062,0.062,0.0,23.0,-126.875,-11.188,-5.0,-0.027,0.0,-0.033,0.22,-0.25,9.35,0.21,-0.25,-0.45,0.01,0.0,9.8,1.855,2.5,0.0,0.0,0.0,5.0,1017.16,66.04,-17.87
2025-03-24 17:17:46.465000+00:00,57.765788719932615,,,,357.062,0.062,0.0,23.0,-126.875,-11.188,-5.0,-0.027,0.0,-0.033,0.22,-0.25,9.35,0.21,-0.25,-0.45,0.01,0.0,9.8,1.855,2.5,0.0,0.0,0.0,5.0,1017.16,66.04,-17.87
2025-03-24 17:17:47.509000+00:00,57.765788719932615,,,,357.062,0.062,0.0,23.0,-126.875,-11.188,-5.0,-0.027,0.0,-0.033,0.22,-0.25,9.35,0.21,-0.25,-0.45,0.01,0.0,9.8,1.855,2.5,0.0,0.0,0.0,5.0,1017.16,66.04,-17.87
2025-03-24 17:17:48.799000+00:00,57.765788719932615,,,,357.062,0.062,0.0,23.0,-126.875,-11.188,-5.0,-0.027,0.0,-0.033,0.22,-0.25,9.35,0.21,-0.25,-0.45,0.01,0.0,9.8,1.855,2.5,0.0,0.0,0.0,5.0,1017.16,66.04,-17.87
2025-03-24 17:17:49.989000+00:00,57.765788719932615,,,,357.062,0.062,0.0,23.0,-126.875,-11.188,-5.0,-0.027,0.0,-0.033,0.22,-0.25,9.35,0.21,-0.25,-0.45,0.01,0.0,9.8,1.855,2.5,0.0,0.0,0.0,5.0,1017.16,66.04,-17.87
2025-03-24 17:17:51.169000+00:00,57.765788719932615,,,,357.062,0.062,0.0,23.0,-126.875,-11.188,-5.0,-0.027,0.0,-0.033,0.22,-0.25,9.35,0.21,-0.25,-0.45,0.01,0.0,9.8,1.855,2.5,0.0,0.0,0.0,5.0,1017.16,66.04,-17.87
2025-03-24 17:17:52.238000+00:00,57.765788719932615,,,,357.062,0.062,0.0,23.0,-126.875,-11.188,-5.0,-0.027,0.0,-0.033,0.22,-0.25,9.35,0.21,-0.25,-0.45,0.01,0.0,9.8,1.855,2.5,0.0,0.0,0.0,5.0,1017.16,66.04,-17.87
2025-03-24 17:17:53.209000+00:00,57.765788719932615,,,,357.062,0.062,0.0,23.0,-126.875,-11.188,-5.0,-0.027,0.0,-0.033,0.22,-0.25,9.35,0.21,-0.25,-0.45,0.01,0.0,9.8,1.855,2.5,0.0,0.0,0.0,5.0,1017.16,66.04,-17.87
2025-03-24 17:17:54.202000+00:00,57.765788719932615,,,,357.062,0.062,0.0,23.0,-126.875,-11.188,-5.0,-0.027,0.0,-0.033,0.22,-0.25,9.35,0.21,-0.25,-0.45,0.01,0.0,9.8,1.855,2.5,0.0,0.0,0.0,5.0,1017.16,66.04,-17.87
2025-03-24 17:17:55.251000+00:00,57.765788719932615,,,,357.062,0.062,0.0,23.0,-126.875,-11.188,-5.0,-0.027,0.0,-0.033,0.22,-0.25,9.35,0.21,-0.25,-0.45,0.01,0.0,9.8,1.855,2.5,0.0,0.0,0.0,5.0,1017.16,66.04,-17.87
2025-03-24 17:17:56.389000+00:00,57.765788719932615,,,,357.062,0.062,0.0,23.0,-126.875,-11.188,-5.0,-0.027,0.0,-0.033,0.22,-0.25,9.35,0.21,-0.25,-0.45,0.01,0.0,9.8,1.855,2.5,0.0,0.0,0.0,5.0,1017.16,66.04,-17.87
2025-03-24 17:17:57.537000+00:00,57.765788719932615,,,,357.062,0.062,0.0,23.0,-126.875,-11.188,-5.0,-0.027,0.0,-0.033,0.22,-0.25,9.35,0.21,-0.25,-0.45,0.01,0.0,9.8,1.855,2.5,0.0,0.0,0.0,5.0,1017.16,66.04,-17.87
2025-03-24 17:17:58.875000+00:00,57.765788719932615,,,,357.062,0.062,0.0,23.0,-126.875,-11.188,-5.0,-0.027,0.0,-0.033,0.22,-0.25,9.35,0.21,-0.25,-0.45,0.01,0.0,9.8,1.855,2.5,0.0,0.0,0.0,5.0,1017.16,66.04,-17.87
2025-03-24 17:17:59.891000+00:00,57.765788719932615,,,,357.062,0.062,0.0,23.0,-126.875,-11.188,-5.0,-0.027,0.0,-0.033,0.22,-0.25,9.35,0.21,-0.25,-0.45,0.01,0.0,9.8,1.855,2.5,0.0,0.0,0.0,5.0,1017.16,66.04,-17.87
2025-03-24 17:18:00.898000+00:00,57.765788719932615,,,,357.062,0.062,0.0,23.0,-126.875,-11.188,-5.0,-0.027,0.0,-0.033,0.22,-0.25,9.35,0.21,-0.25,-0.45,0.01,0.0,9.8,1.855,2.5,0.0,0.0,0.0,5.0,1017.16,66.04,-17.87
2025-03-24 17:18:02.309000+00:00,57.765788719932615,,,,357.062,0.062,0.0,23.0,-126.875,-11.188,-5.0,-0.027,0.0,-0.033,0.22,-0.25,9.35,0.21,-0.25,-0.45,0.01,0.0,9.8,1.855,2.5,0.0,0.0,0.0,5.0,1017.16,66.04,-17.87
2025-03-24 17:18:03.318000+00:00,57.765788719932615,,,,357.062,0.062,0.0,23.0,-126.875,-11.188,-5.0,-0.027,0.0,-0.033,0.22,-0.25,9.35,0.21,-0.25,-0.45,0.01,0.0,9.8,1.855,2.5,0.0,0.0,0.0,5.0,1017.16,66.04,-17.87
2025-03-24 17:18:04.351000+00:00,57.765788719932615,,,,357.062,0.062,0.0,23.0,-126.875,-11.188,-5.0,-0.027,0.0,-0.033,0.22,-0.25,9.35,0.21,-0.25,-0.45,0.01,0.0,9.8,1.855,2.5,0.0,0.0,0.0,5.0,1017.16,66.04,-17.87
2025-03-24 17:18:05.468000+00:00,57.765788719932615,,,,357.062,0.062,0.0,23.0,-126.875,-11.188,-5.0,-0.027,0.0,-0.033,0.22,-0.25,9.35,0.21,-0.25,-0.45,0.01,0.0,9.8,1.855,2.5,0.0,0.0,0.0,5.0,1017.16,66.04,-17.87
2025-03-24 17:18:06.424000+00:00,57.765788719932615,,,,357.062,0.062,0.0,23.0,-126.875,-11.188,-5.0,-0.027,0.0,-0.033,0.22,-0.25,9.35,0.21,-0.25,-0.45,0.01,0.0,9.8,1.855,2.5,0.0,0.0,0.0,5.0,1017.16,66.04,-17.87
2025-03-24 17:18:07.575000+00:00,57.765788719932615,,,,357.062,0.062,0.0,23.0,-126.875,-11.188,-5.0,-0.027,0.0,-0.033,0.22,-0.25,9.35,0.21,-0.25,-0.45,0.01,0.0,9.8,1.855,2.5,0.0,0.0,0.0,5.0,1017.16,66.04,-17.87
2025-03-24 17:18:08.611000+00:00,57.765788719932615,,,,357.062,0.062,0.0,23.0,-126.875,-11.188,-5.0,-0.027,0.0,-0.033,0.22,-0.25,9.35,0.21,-0.25,-0.45,0.01,0.0,9.8,1.855,2.5,0.0,0.0,0.0,5.0,1017.16,66.04,-17.87
2025-03-24 17:18:10.357000+00:00,57.765788719932615,,,,357.062,0.062,0.0,23.0,-126.875,-11.188,-5.0,-0.027,0.0,-0.033,0.22,-0.25,9.35,0.21,-0.25,-0.45,0.01,0.0,9.8,1.855,2.5,0.0,0.0,0.0,5.0,1017.16,66.04,-17.87
2025-03-24 17:18:11.393000+00:00,57.765788719932615,,,,357.062,0.062,0.0,23.0,-126.875,-11.188,-5.0,-0.027,0.0,-0.033,0.22,-0.25,9.35,0.21,-0.25,-0.45,0.01,0.0,9.8,1.855,2.5,0.0,0.0,0.0,5.0,1017.16,66.04,-17.87
2025-03-24 17:18:12.377000+00:00,57.765788719932615,,,,357.062,0.062,0.0,23.0,-126.875,-11.188,-5.0,-0.027,0.0,-0.033,0.22,-0.25,9.35,0.21,-0.25,-0.45,0.01,0.0,9.8,1.855,2.5,0.0,0.0,0.0,5.0,1017.16,66.04,-17.87
2025-03-24 17:18:13.493000+00:00,57.765788719932615,,,,357.062,0.062,0.0,23.0,-126.875,-11.188,-5.0,-0.027,0.0,-0.033,0.22,-0.25,9.35,0.21,-0.25,-0.45,0.01,0.0,9.8,1.855,2.5,0.0,0.0,0.0,5.0,1017.16,66.04,-17.87
2025-03-24 17:18:14.517000+00:00,57.765788719932615,,,,357.062,0.062,0.0,23.0,-126.875,-11.188,-5.0,-0.027,0.0,-0.033,0.22,-0.25,9.35,0.21,-0.25,-0.45,0.01,0.0,9.8,1.855,2.5,0.0,0.0,0.0,5.0,1017.16,66.04,-17.87
2025-03-24 17:18:15.713000+00:00,57.765788719932615,,,,357.062,0.062,0.0,23.0,-126.875,-11.188,-5.0,-0.027,0.0,-0.033,0.22,-0.25,9.35,0.21,-0.25,-0.45,0.01,0.0,9.8,1.855,2.5,0.0,0.0,0.0,5.0,1017.16,66.04,-17.87
2025-03-24 17:18:16.947000+00:00,57.765788719932615,,,,357.062,0.062,0.0,23.0,-126.875,-11.188,-5.0,-0.027,0.0,-0.033,0.22,-0.25,9.35,0.21,-0.25,-0.45,0.01,0.0,9.8,1.855,2.5,0.0,0.0,0.0,5.0,1017.16,66.04,-17.87
2025-03-24 17:18:17.957000+00:00,57.765788719932615,,,,357.062,0.062,0.0,23.0,-126.875,-11.188,-5.0,-0.027,0.0,-0.033,0.22,-0.25,9.35,0.21,-0.25,-0.45,0.01,0.0,9.8,1.855,2.5,0.0,0.0,0.0,5.0,1017.16,66.04,-17.87
2025-03-24 17:18:18.996000+00:00,57.765788719932615,,,,357.062,0.062,0.0,23.0,-126.875,-11.188,-5.0,-0.027,0.0,-0.033,0.22,-0.25,9.35,0.21,-0.25,-0.45,0.01,0.0,9.8,1.855,2.5,0.0,0.0,0.0,5.0,1017.16,66.04,-17.87
2025-03-24 17:18:20.072000+00:00,57.765788719932615,,,,357.062,0.062,0.0,23.0,-126.875,-11.188,-5.0,-0.027,0.0,-0.033,0.22,-0.25,9.35,0.21,-0.25,-0.45,0.01,0.0,9.8,1.855,2.5,0.0,0.0,0.0,5.0,1017.16,66.04,-17.87
2025-03-24 17:18:21.476000+00:00,57.765788719932615,,,,357.062,0.062,0.0,23.0,-126.875,-11.188,-5.0,-0.027,0.0,-0.033,0.22,-0.25,9.35,0.21,-0.25,-0.45,0.01,0.0,9.8,1.855,2.5,0.0,0.0,0.0,5.0,1017.16,66.04,-17.87
2025-03-24 17:18:22.486000+00:00,57.765788719932615,,,,357.062,0.062,0.0,23.0,-126.875,-11.188,-5.0,-0.027,0.0,-0.033,0.22,-0.25,9.35,0.21,-0.25,-0.45,0.01,0.0,9.8,1.855,2.5,0.0,0.0,0.0,5.0,1017.16,66.04,-17.87
2025-03-24 17:18:23.495000+00:00,57.765788719932615,,,,357.062,0.062,0.0,23.0,-126.875,-11.188,-5.0,-0.027,0.0,-0.033,0.22,-0.25,9.35,0.21,-0.25,-0.45,0.01,0.0,9.8,1.855,2.5,0.0,0.0,0.0,5.0,1017.16,66.04,-17.87
2025-03-24 17:18:24.496000+00:00,57.765788719932615,,,,357.062,0.062,0.0,23.0,-126.875,-11.188,-5.0,-0.027,0.0,-0.033,0.22,-0.25,9.35,0.21,-0.25,-0.45,0.01,0.0,9.8,1.855,2.5,0.0,0.0,0.0,5.0,1017.16,66.04,-17.87
2025-03-24 17:18:25.597000+00:00,57.765788719932615,,,,357.062,0.062,0.0,23.0,-126.875,-11.188,-5.0,-0.027,0.0,-0.033,0.22,-0.25,9.35,0.21,-0.25,-0.45,0.01,0.0,9.8,1.855,2.5,0.0,0.0,0.0,5.0,1017.16,66.04,-17.87
2025-03-24 17:18:26.745000+00:00,57.765788719932615,,,,357.062,0.062,0.0,23.0,-126.875,-11.188,-5.0,-0.027,0.0,-0.033,0.22,-0.25,9.35,0.21,-0.25,-0.45,0.01,0.0,9.8,1.855,2.5,0.0,0.0,0.0,5.0,1017.16,66.04,-17.87
2025-03-24 17:18:27.936000+00:00,57.765788719932615,,,,357.062,0.062,0.0,23.0,-126.875,-11.188,-5.0,-0.027,0.0,-0.033,0.22,-0.25,9.35,0.21,-0.25,-0.45,0.01,0.0,9.8,1.855,2.5,0.0,0.0,0.0,5.0,1017.16,66.04,-17.87
2025-03-24 17:17:29.360000+00:00,57.765788719932615,,,,357.062,0.062,0.0,23.0,-126.875,-11.188,-5.0,-0.027,0.0,-0.033,0.22,-0.25,9.35,0.21,-0.25,-0.45,0.01,0.0,9.8,1.855,2.5,0.0,0.0,0.0,5.0,1017.16,66.04,-17.87
2025-03-24 17:17:30.509000+00:00,57.765788719932615,,,,357.062,0.062,0.0,23.0,-126.875,-11.188,-5.0,-0.027,0.0,-0.033,0.22,-0.25,9.35,0.21,-0.25,-0.45,0.01,0.0,9.8,1.855,2.5,0.0,0.0,0.0,5.0,1017.16,66.04,-17.87
2025-03-24 17:17:31.550000+00:00,57.765788719932615,,,,357.062,0.062,0.0,23.0,-126.875,-11.188,-5.0,-0.027,0.0,-0.033,0.22,-0.25,9.35,0.21,-0.25,-0.45,0.01,0.0,9.8,1.855,2.5,0.0,0.0,0.0,5.0,1017.16,66.04,-17.87
2025-03-24 17:17:32.841000+00:00,57.765788719932615,,,,357.062,0.062,0.0,23.0,-126.875,-11.188,-5.0,-0.027,0.0,-0.033,0.22,-0.25,9.35,0.21,-0.25,-0.45,0.01,0.0,9.8,1.855,2.5,0.0,0.0,0.0,5.0,1017.16,66.04,-17.87
2025-03-24 17:17:34.152000+00:00,57.765788719932615,,,,357.062,0.062,0.0,23.0,-126.875,-11.188,-5.0,-0.027,0.0,-0.033,0.22,-0.25,9.35,0.21,-0.25,-0.45,0.01,0.0,9.8,1.855,2.5,0.0,0.0,0.0,5.0,1017.16,66.04,-17.87
2025-03-24 17:17:35.264000+00:00,57.765788719932615,,,,357.062,0.062,0.0,23.0,-126.875,-11.188,-5.0,-0.027,0.0,-0.033,0.22,-0.25,9.35,0.21,-0.25,-0.45,0.01,0.0,9.8,1.855,2.5,0.0,0.0,0.0,5.0,1017.16,66.04,-17.87
2025-03-24 17:17:36.243000+00:00,57.765788719932615,,,,357.062,0.062,0.0,23.0,-126.875,-11.188,-5.0,-0.027,0.0,-0.033,0.22,-0.25,9.35,0.21,-0.25,-0.45,0.01,0.0,9.8,1.855,2.5,0.0,0.0,0.0,5.0,1017.16,66.04,-17.87
2025-03-24 17:17:37.254000+00:00,57.765788719932615,,,,357.062,0.062,0.0,23.0,-126.875,-11.188,-5.0,-0.027,0.0,-0.033,0.22,-0.25,9.35,0.21,-0.25,-0.45,0.01,0.0,9.8,1.855,2.5,0.0,0.0,0.0,5.0,1017.16,66.04,-17.87
2025-03-24 17:17:38.256000+00:00,57.765788719932615,,,,357.062,0.062,0.0,23.0,-126.875,-11.188,-5.0,-0.027,0.0,-0.033,0.22,-0.25,9.35,0.21,-0.25,-0.45,0.01,0.0,9.8,1.855,2.5,0.0,0.0,0.0,5.0,1017.16,66.04,-17.87
2025-03-24 17:17:39.873000+00:00,57.765788719932615,,,,357.062,0.062,0.0,23.0,-126.875,-11.188,-5.0,-0.027,0.0,-0.033,0.22,-0.25,9.35,0.21,-0.25,-0.45,0.01,0.0,9.8,1.855,2.5,0.0,0.0,0.0,5.0,1017.16,66.04,-17.78
2025-03-24 17:17:41.321000+00:00,57.765788719932615,,,,357.062,0.062,0.0,23.0,-126.875,-11.188,-5.0,-0.027,0.0,-0.033,0.22,-0.25,9.35,0.21,-0.25,-0.45,0.01,0.0,9.8,1.855,2.5,0.0,0.0,0.0,5.0,1017.16,66.04,-17.78
2025-03-24 17:17:42.265000+00:00,57.765788719932615,,,,357.062,0.062,0.0,23.0,-126.875,-11.188,-5.0,-0.027,0.0,-0.033,0.22,-0.25,9.35,0.21,-0.25,-0.45,0.01,0.0,9.8,1.855,2.5,0.0,0.0,0.0,5.0,1017.16,66.04,-17.78
2025-03-24 17:17:43.281000+00:00,57.765788719932615,,,,357.062,0.062,0.0,23.0,-126.875,-11.188,-5.0,-0.027,0.0,-0.033,0.22,-0.25,9.35,0.21,-0.25,-0.45,0.01,0.0,9.8,1.855,2.5,0.0,0.0,0.0,5.0,1017.16,66.04,-17.78
2025-03-24 17:17:44.299000+00:00,57.765788719932615,,,,357.062,0.062,0.0,23.0,-126.875,-11.188,-5.0,-0.027,0.0,-0.033,0.22,-0.25,9.35,0.21,-0.25,-0.45,0.01,0.0,9.8,1.855,2.5,0.0,0.0,0.0,5.0,1017.16,66.04,-17.78
2025-03-24 17:17:45.405000+00:00,57.765788719932615,,,,357.062,0.062,0.0,23.0,-126.875,-11.188,-5.0,-0.027,0.0,-0.033,0.22,-0.25,9.35,0.21,-0.25,-0.45,0.01,0.0,9.8,1.855,2.5,0.0,0.0,0.0,5.0,1017.16,66.04,-17.78
2025-03-24 17:17:46.565000+00:00,57.765788719932615,,,,357.062,0.062,0.0,23.0,-126.875,-11.188,-5.0,-0.027,0.0,-0.033,0.22,-0.25,9.35,0.21,-0.25,-0.45,0.01,0.0,9.8,1.855,2.5,0.0,0.0,0.0,5.0,1017.16,66.04,-17.78
2025-03-24 17:17:47.615000+00:00,57.765788719932615,,,,357.062,0.062,0.0,23.0,-126.875,-11.188,-5.0,-0.027,0.0,-0.033,0.22,-0.25,9.35,0.21,-0.25,-0.45,0.01,0.0,9.8,1.855,2.5,0.0,0.0,0.0,5.0,1017.16,66.04,-17.78
2025-03-24 17:17:48.905000+00:00,57.765788719932615,,,,357.062,0.062,0.0,23.0,-126.875,-11.188,-5.0,-0.027,0.0,-0.033,0.22,-0.25,9.35,0.21,-0.25,-0.45,0.01,0.0,9.8,1.855,2.5,0.0,0.0,0.0,5.0,1017.16,66.04,-17.78
2025-03-24 17:17:50.254000+00:00,57.765788719932615,,,,357.062,0.062,0.0,23.0,-126.875,-11.188,-5.0,-0.027,0.0,-0.033,0.22,-0.25,9.35,0.21,-0.25,-0.45,0.01,0.0,9.8,1.855,2.5,0.0,0.0,0.0,5.0,1017.16,66.04,-17.78
2025-03-24 17:17:51.269000+00:00,57.765788719932615,,,,357.062,0.062,0.0,23.0,-126.875,-11.188,-5.0,-0.027,0.0,-0.033,0.22,-0.25,9.35,0.21,-0.25,-0.45,0.01,0.0,9.8,1.855,2.5,0.0,0.0,0.0,5.0,1017.16,66.04,-17.78
2025-03-24 17:17:52.345000+00:00,57.765788719932615,,,,357.062,0.062,0.0,23.0,-126.875,-11.188,-5.0,-0.027,0.0,-0.033,0.22,-0.25,9.35,0.21,-0.25,-0.45,0.01,0.0,9.8,1.855,2.5,0.0,0.0,0.0,5.0,1017.16,66.04,-17.78
2025-03-24 17:17:53.308000+00:00,57.765788719932615,,,,357.062,0.062,0.0,23.0,-126.875,-11.188,-5.0,-0.027,0.0,-0.033,0.22,-0.25,9.35,0.21,-0.25,-0.45,0.01,0.0,9.8,1.855,2.5,0.0,0.0,0.0,5.0,1017.16,66.04,-17.78
2025-03-24 17:17:54.309000+00:00,57.765788719932615,,,,357.062,0.062,0.0,23.0,-126.875,-11.188,-5.0,-0.027,0.0,-0.033,0.22,-0.25,9.35,0.21,-0.25,-0.45,0.01,0.0,9.8,1.855,2.5,0.0,0.0,0.0,5.0,1017.16,66.04,-17.78
2025-03-24 17:17:55.355000+00:00,57.765788719932615,,,,357.062,0.062,0.0,23.0,-126.875,-11.188,-5.0,-0.027,0.0,-0.033,0.22,-0.25,9.35,0.21,-0.25,-0.45,0.01,0.0,9.8,1.855,2.5,0.0,0.0,0.0,5.0,1017.16,66.04,-17.78
2025-03-24 17:17:56.494000+00:00,57.765788719932615,,,,357.062,0.062,0.0,23.0,-126.875,-11.188,-5.0,-0.027,0.0,-0.033,0.22,-0.25,9.35,0.21,-0.25,-0.45,0.01,0.0,9.8,1.855,2.5,0.0,0.0,0.0,5.0,1017.16,66.04,-17.78
2025-03-24 17:17:57.644000+00:00,57.765788719932615,,,,357.062,0.062,0.0,23.0,-126.875,-11.188,-5.0,-0.027,0.0,-0.033,0.22,-0.25,9.35,0.21,-0.25,-0.45,0.01,0.0,9.8,1.855,2.5,0.0,0.0,0.0,5.0,1017.16,66.04,-17.78
2025-03-24 17:17:58.978000+00:00,57.765788719932615,,,,357.062,0.062,0.0,23.0,-126.875,-11.188,-5.0,-0.027,0.0,-0.033,0.22,-0.25,9.35,0.21,-0.25,-0.45,0.01,0.0,9.8,1.855,2.5,0.0,0.0,0.0,5.0,1017.16,66.04,-17.78
2025-03-24 17:17:59.988000+00:00,57.765788719932615,,,,357.062,0.062,0.0,23.0,-126.875,-11.188,-5.0,-0.027,0.0,-0.033,0.22,-0.25,9.35,0.21,-0.25,-0.45,0.01,0.0,9.8,1.855,2.5,0.0,0.0,0.0,5.0,1017.16,66.04,-17.78
2025-03-24 17:18:00.997000+00:00,57.765788719932615,,,,357.062,0.062,0.0,23.0,-126.875,-11.188,-5.0,-0.027,0.0,-0.033,0.22,-0.25,9.35,0.21,-0.25,-0.45,0.01,0.0,9.8,1.855,2.5,0.0,0.0,0.0,5.0,1017.16,66.04,-17.78
2025-03-24 17:18:02.408000+00:00,57.765788719932615,,,,357.062,0.062,0.0,23.0,-126.875,-11.188,-5.0,-0.027,0.0,-0.033,0.22,-0.25,9.35,0.21,-0.25,-0.45,0.01,0.0,9.8,1.855,2.5,0.0,0.0,0.0,5.0,1017.16,66.04,-17.78
2025-03-24 17:18:03.428000+00:00,57.765788719932615,,,,357.062,0.062,0.0,23.0,-126.875,-11.188,-5.0,-0.027,0.0,-0.033,0.22,-0.25,9.35,0.21,-0.25,-0.45,0.01,0.0,9.8,1.855,2.5,0.0,0.0,0.0,5.0,1017.16,66.04,-17.78
2025-03-24 17:18:04.462000+00:00,57.765788719932615,,,,357.062,0.062,0.0,23.0,-126.875,-11.188,-5.0,-0.027,0.0,-0.033,0.22,-0.25,9.35,0.21,-0.25,-0.45,0.01,0.0,9.8,1.855,2.5,0.0,0.0,0.0,5.0,1017.16,66.04,-17.78
2025-03-24 17:18:05.568000+00:00,57.765788719932615,,,,357.062,0.062,0.0,23.0,-126.875,-11.188,-5.0,-0.027,0.0,-0.033,0.22,-0.25,9.35,0.21,-0.25,-0.45,0.01,0.0,9.8,1.855,2.5,0.0,0.0,0.0,5.0,1017.16,66.04,-17.78
2025-03-24 17:18:06.533000+00:00,57.765788719932615,,,,357.062,0.062,0.0,23.0,-126.875,-11.188,-5.0,-0.027,0.0,-0.033,0.22,-0.25,9.35,0.21,-0.25,-0.45,0.01,0.0,9.8,1.855,2.5,0.0,0.0,0.0,5.0,1017.16,66.04,-17.78
2025-03-24 17:18:07.695000+00:00,57.765788719932615,,,,357.062,0.062,0.0,23.0,-126.875,-11.188,-5.0,-0.027,0.0,-0.033,0.22,-0.25,9.35,0.21,-0.25,-0.45,0.01,0.0,9.8,1.855,2.5,0.0,0.0,0.0,5.0,1017.16,66.04,-17.78
2025-03-24 17:18:08.708000+00:00,57.765788719932615,,,,357.062,0.062,0.0,23.0,-126.875,-11.188,-5.0,-0.027,0.0,-0.033,0.22,-0.25,9.35,0.21,-0.25,-0.45,0.01,0.0,9.8,1.855,2.5,0.0,0.0,0.0,5.0,1017.16,66.04,-17.78
2025-03-24 17:18:10.478000+00:00,57.765788719932615,,,,357.062,0.062,0.0,23.0,-126.875,-11.188,-5.0,-0.027,0.0,-0.033,0.22,-0.25,9.35,0.21,-0.25,-0.45,0.01,0.0,9.8,1.855,2.5,0.0,0.0,0.0,5.0,1017.16,66.04,-17.8
2025-03-24 17:18:11.517000+00:00,57.765788719932615,,,,357.062,0.062,0.0,23.0,-126.875,-11.188,-5.0,-0.027,0.0,-0.033,0.22,-0.25,9.35,0.21,-0.25,-0.45,0.01,0.0,9.8,1.855,2.5,0.0,0.0,0.0,5.0,1017.16,66.04,-17.8
2025-03-24 17:18:12.493000+00:00,57.765788719932615,,,,357.062,0.062,0.0,23.0,-126.875,-11.188,-5.0,-0.027,0.0,-0.033,0.22,-0.25,9.35,0.21,-0.25,-0.45,0.01,0.0,9.8,1.855,2.5,0.0,0.0,0.0,5.0,1017.16,66.04,-17.8
2025-03-24 17:18:13.601000+00:00,57.765788719932615,,,,357.062,0.062,0.0,23.0,-126.875,-11.188,-5.0,-0.027,0.0,-0.033,0.22,-0.25,9.35,0.21,-0.25,-0.45,0.01,0.0,9.8,1.855,2.5,0.0,0.0,0.0,5.0,1017.16,66.04,-17.8
2025-03-24 17:18:14.617000+00:00,57.765788719932615,,,,357.062,0.062,0.0,23.0,-126.875,-11.188,-5.0,-0.027,0.0,-0.033,0.22,-0.25,9.35,0.21,-0.25,-0.45,0.01,0.0,9.8,1.855,2.5,0.0,0.0,0.0,5.0,1017.16,66.04,-17.8
2025-03-24 17:18:15.822000+00:00,57.765788719932615,,,,357.062,0.062,0.0,23.0,-126.875,-11.188,-5.0,-0.027,0.0,-0.033,0.22,-0.25,9.35,0.21,-0.25,-0.45,0.01,0.0,9.8,1.855,2.5,0.0,0.0,0.0,5.0,1017.16,66.04,-17.8
2025-03-24 17:18:17.053000+00:00,57.765788719932615,,,,357.062,0.062,0.0,23.0,-126.875,-11.188,-5.0,-0.027,0.0,-0.033,0.22,-0.25,9.35,0.21,-0.25,-0.45,0.01,0.0,9.8,1.855,2.5,0.0,0.0,0.0,5.0,1017.16,66.04,-17.8
2025-03-24 17:18:18.056000+00:00,57.765788719932615,,,,357.062,0.062,0.0,23.0,-126.875,-11.188,-5.0,-0.027,0.0,-0.033,0.22,-0.25,9.35,0.21,-0.25,-0.45,0.01,0.0,9.8,1.855,2.5,0.0,0.0,0.0,5.0,1017.16,66.04,-17.8
2025-03-24 17:18:19.113000+00:00,57.765788719932615,,,,357.062,0.062,0.0,23.0,-126.875,-11.188,-5.0,-0.027,0.0,-0.033,0.22,-0.25,9.35,0.21,-0.25,-0.45,0.01,0.0,9.8,1.855,2.5,0.0,0.0,0.0,5.0,1017.16,66.04,-17.8
2025-03-24 17:18:20.190000+00:00,57.765788719932615,,,,357.062,0.062,0.0,23.0,-126.875,-11.188,-5.0,-0.027,0.0,-0.033,0.22,-0.25,9.35,0.21,-0.25,-0.45,0.01,0.0,9.8,1.855,2.5,0.0,0.0,0.0,5.0,1017.16,66.04,-17.8
2025-03-24 17:18:21.576000+00:00,57.765788719932615,,,,357.062,0.062,0.0,23.0,-126.875,-11.188,-5.0,-0.027,0.0,-0.033,0.22,-0.25,9.35,0.21,-0.25,-0.45,0.01,0.0,9.8,1.855,2.5,0.0,0.0,0.0,5.0,1017.16,66.04,-17.8
2025-03-24 17:18:22.593000+00:00,57.765788719932615,,,,357.062,0.062,0.0,23.0,-126.875,-11.188,-5.0,-0.027,0.0,-0.033,0.22,-0.25,9.35,0.21,-0.25,-0.45,0.01,0.0,9.8,1.855,2.5,0.0,0.0,0.0,5.0,1017.16,66.04,-17.8
2025-03-24 17:18:23.602000+00:00,57.765788719932615,,,,357.062,0.062,0.0,23.0,-126.875,-11.188,-5.0,-0.027,0.0,-0.033,0.22,-0.25,9.35,0.21,-0.25,-0.45,0.01,0.0,9.8,1.855,2.5,0.0,0.0,0.0,5.0,1017.16,66.04,-17.8
2025-03-24 17:18:24.603000+00:00,57.765788719932615,,,,357.062,0.062,0.0,23.0,-126.875,-11.188,-5.0,-0.027,0.0,-0.033,0.22,-0.25,9.35,0.21,-0.25,-0.45,0.01,0.0,9.8,1.855,2.5,0.0,0.0,0.0,5.0,1017.16,66.04,-17.8
2025-03-24 17:18:25.695000+00:00,57.765788719932615,,,,357.062,0.062,0.0,23.0,-126.875,-11.188,-5.0,-0.027,0.0,-0.033,0.22,-0.25,9.35,0.21,-0.25,-0.45,0.01,0.0,9.8,1.855,2.5,0.0,0.0,0.0,5.0,1017.16,66.04,-17.8
2025-03-24 17:18:26.846000+00:00,57.765788719932615,,,,357.062,0.062,0.0,23.0,-126.875,-11.188,-5.0,-0.027,0.0,-0.033,0.22,-0.25,9.35,0.21,-0.25,-0.45,0.01,0.0,9.8,1.855,2.5,0.0,0.0,0.0,5.0,1017.16,66.04,-17.8
2025-03-24 17:18:28.045000+00:00,57.765788719932615,,,,357.062,0.062,0.0,23.0,-126.875,-11.188,-5.0,-0.027,0.0,-0.033,0.22,-0.25,9.35,0.21,-0.25,-0.45,0.01,0.0,9.8,1.855,2.5,0.0,0.0,0.0,5.0,1017.16,66.04,-17.8
