,rpm_value,rpm_blade_1,rpm_blade_2,rpm_blade_3,orientation_heading,orientation_roll,orientation_pitch,temperature_value,magnetometer_mx,magnetometer_my,magnetometer_mz,gyroscope_gx,gyroscope_gy,gyroscope_gz,accelerometer_ax,accelerometer_ay,accelerometer_az,linear_acceleration_lx,linear_acceleration_ly,linear_acceleration_lz,gravity_grx,gravity_gry,gravity_grz,voltage_value,current_value,power_value,servo_value,speed_value,direction_value,pressure_value,humidity_value,altitude_value
2025-03-24 17:20:14.560000+00:00,59.13323571152961,,,,354.562,0.938,0.562,23.16,-127.0,-9.562,4.875,0.024,0.018,-0.1,-0.36,-0.32,9.63,-0.53,-0.22,-0.17,0.16,-0.09,9.8,2.15875,7.5,10.0,0.0,0.0,5.0,1017.13,65.94,-17.76
2025-03-24 17:20:15.007000+00:00,59.13330712000211,,,,354.562,0.938,0.562,23.16,-127.0,-9.562,4.875,0.024,0.018,-0.1,-0.36,-0.32,9.63,-0.53,-0.22,-0.17,0.16,-0.09,9.8,2.15875,7.5,10.0,0.0,0.0,5.0,1017.13,65.94,-17.76
2025-03-24 17:20:15.919000+00:00,61.30159356327474,,,,354.562,0.938,0.562,23.16,-127.0,-9.562,4.875,0.024,0.018,-0.1,-0.36,-0.32,9.63,-0.53,-0.22,-0.17,0.16,-0.09,9.8,2.15875,7.5,10.0,0.0,0.0,5.0,1017.13,65.94,-17.76
2025-03-24 17:20:16.945000+00:00,61.3017813286847,,,,354.562,0.938,0.562,23.16,-127.0,-9.562,4.875,0.024,0.018,-0.1,-0.36,-0.32,9.63,-0.53,-0.22,-0.17,0.16,-0.09,9.8,2.15875,7.5,10.0,0.0,0.0,5.0,1017.13,65.94,-17.76
2025-03-24 17:20:17.885000+00:00,62.05058279416734,,,,354.562,0.938,0.562,23.16,-127.0,-9.562,4.875,0.024,0.018,-0.1,-0.36,-0.32,9.63,-0.53,-0.22,-0.17,0.16,-0.09,9.8,2.15875,7.5,10.0,0.0,0.0,5.0,1017.13,65.94,-17.76
2025-03-24 17:20:18.635000+00:00,62.05028841883336,,,,354.562,0.938,0.562,23.16,-127.0,-9.562,4.875,0.024,0.018,-0.1,-0.36,-0.32,9.63,-0.53,-0.22,-0.17,0.16,-0.09,9.8,2.15875,7.5,10.0,0.0,0.0,5.0,1017.13,65.94,-17.76
2025-03-24 17:20:19.589000+00:00,62.79930500084281,,,,354.562,0.938,0.562,23.16,-127.0,-9.562,4.875,0.024,0.018,-0.1,-0.36,-0.32,9.63,-0.53,-0.22,-0.17,0.16,-0.09,9.8,2.15875,7.5,10.0,0.0,0.0,5.0,1017.13,65.94,-17.76
2025-03-24 17:20:20.586000+00:00,62.79972539076518,,,,354.562,0.938,0.562,23.16,-127.0,-9.562,4.875,0.024,0.018,-0.1,-0.36,-0.32,9.63,-0.53,-0.22,-0.17,0.16,-0.09,9.8,2.15875,7.5,10.0,0.0,0.0,5.0,1017.13,65.94,-17.76
2025-03-24 17:20:21.020000+00:00,63.548868048113285,,,,354.562,0.938,0.562,23.16,-127.0,-9.562,4.875,0.024,0.018,-0.1,-0.36,-0.32,9.63,-0.53,-0.22,-0.17,0.16,-0.09,9.8,2.15875,7.5,10.0,0.0,0.0,5.0,1017.13,65.94,-17.76
2025-03-24 17:20:22.039000+00:00,63.54895793941132,,,,354.562,0.938,0.562,23.16,-127.0,-9.562,4.875,0.024,0.018,-0.1,-0.36,-0.32,9.63,-0.53,-0.22,-0.17,0.16,-0.09,9.8,2.15875,7.5,10.0,0.0,0.0,5.0,1017.13,65.94,-17.76
2025-03-24 17:20:22.628000+00:00,65.71759000364817,,,,354.562,0.938,0.562,23.16,-127.0,-9.562,4.875,0.024,0.018,-0.1,-0.36,-0.32,9.63,-0.53,-0.22,-0.17,0.16,-0.09,9.8,2.15875,7.5,10.0,0.0,0.0,5.0,1017.13,65.94,-17.76
2025-03-24 17:20:23.775000+00:00,66.05072281647654,,,,354.562,0.938,0.562,23.16,-127.0,-9.562,4.875,0.024,0.018,-0.1,-0.36,-0.32,9.63,-0.53,-0.22,-0.17,0.16,-0.09,9.8,2.15875,7.5,10.0,0.0,0.0,5.0,1017.13,65.94,-17.76
2025-03-24 17:20:24.916000+00:00,66.05087972181194,,,,354.562,0.938,0.562,23.16,-127.0,-9.562,4.875,0.024,0.018,-0.1,-0.36,-0.32,9.63,-0.53,-0.22,-0.17,0.16,-0.09,9.8,2.15875,7.5,10.0,0.0,0.0,5.0,1017.13,65.94,-17.76
2025-03-24 17:20:25.919000+00:00,66.46726964712458,,,,354.562,0.938,0.562,23.16,-127.0,-9.562,4.875,0.024,0.018,-0.1,-0.36,-0.32,9.63,-0.53,-0.22,-0.17,0.16,-0.09,9.8,2.15875,7.5,10.0,0.0,0.0,5.0,1017.13,65.94,-17.76
2025-03-24 17:20:26.228000+00:00,66.80046591508678,,,,354.562,0.938,0.562,23.16,-127.0,-9.562,4.875,0.024,0.018,-0.1,-0.36,-0.32,9.63,-0.53,-0.22,-0.17,0.16,-0.09,9.8,2.15875,7.5,10.0,0.0,0.0,5.0,1017.13,65.94,-17.76
2025-03-24 17:20:27.938000+00:00,66.80074631975856,,,,354.562,0.938,0.562,23.16,-127.0,-9.562,4.875,0.024,0.018,-0.1,-0.36,-0.32,9.63,-0.53,-0.22,-0.17,0.16,-0.09,9.8,2.15875,7.5,10.0,0.0,0.0,5.0,1017.13,65.94,-17.76
2025-03-24 17:20:29.617000+00:00,65.23393189550566,,,,354.562,0.938,0.562,23.16,-127.0,-9.562,4.875,0.024,0.018,-0.1,-0.36,-0.32,9.63,-0.53,-0.22,-0.17,0.16,-0.09,9.8,2.15875,7.5,10.0,0.0,0.0,5.0,1017.13,65.94,-17.76
2025-03-24 17:20:30.638000+00:00,65.23422638535504,,,,354.562,0.938,0.562,23.16,-127.0,-9.562,4.875,0.024,0.018,-0.1,-0.36,-0.32,9.63,-0.53,-0.22,-0.17,0.16,-0.09,9.8,2.15875,7.5,10.0,0.0,0.0,5.0,1017.13,65.94,-17.76
2025-03-24 17:20:31.669000+00:00,65.23438064184984,,,,354.562,0.938,0.562,23.16,-127.0,-9.562,4.875,0.024,0.018,-0.1,-0.36,-0.32,9.63,-0.53,-0.22,-0.17,0.16,-0.09,9.8,2.15875,7.5,10.0,0.0,0.0,5.0,1017.13,65.94,-17.76
2025-03-24 17:20:32.288000+00:00,65.23438398864126,,,,354.562,0.938,0.562,23.16,-127.0,-9.562,4.875,0.024,0.018,-0.1,-0.36,-0.32,9.63,-0.53,-0.22,-0.17,0.16,-0.09,9.8,2.15875,7.5,10.0,0.0,0.0,5.0,1017.13,65.94,-17.76
2025-03-24 17:20:33.998000+00:00,65.23440029738103,,,,354.562,0.938,0.562,23.16,-127.0,-9.562,4.875,0.024,0.018,-0.1,-0.36,-0.32,9.63,-0.53,-0.22,-0.17,0.16,-0.09,9.8,2.15875,7.5,10.0,0.0,0.0,5.0,1017.13,65.94,-17.76
2025-03-24 17:20:35.979000+00:00,63.66703356075673,,,,354.562,0.938,0.562,23.16,-127.0,-9.562,4.875,0.024,0.018,-0.1,-0.36,-0.32,9.63,-0.53,-0.22,-0.17,0.16,-0.09,9.8,2.15875,7.5,10.0,0.0,0.0,5.0,1017.13,65.94,-17.76
2025-03-24 17:20:36.273000+00:00,63.667544385757004,,,,354.562,0.938,0.562,23.16,-127.0,-9.562,4.875,0.024,0.018,-0.1,-0.36,-0.32,9.63,-0.53,-0.22,-0.17,0.16,-0.09,9.8,2.15875,7.5,10.0,0.0,0.0,5.0,1017.13,65.94,-17.76
2025-03-24 17:20:37.167000+00:00,63.66739276133927,,,,354.562,0.938,0.562,23.16,-127.0,-9.562,4.875,0.024,0.018,-0.1,-0.36,-0.32,9.63,-0.53,-0.22,-0.17,0.16,-0.09,9.8,2.15875,7.5,10.0,0.0,0.0,5.0,1017.13,65.94,-17.76
2025-03-24 17:20:38.828000+00:00,61.68453960025535,,,,354.562,0.938,0.562,23.16,-127.0,-9.562,4.875,0.024,0.018,-0.1,-0.36,-0.32,9.63,-0.53,-0.22,-0.17,0.16,-0.09,9.8,2.15875,7.5,10.0,0.0,0.0,5.0,1017.13,65.94,-17.76
2025-03-24 17:20:40.892000+00:00,60.11774947392563,,,,354.562,0.938,0.562,23.16,-127.0,-9.562,4.875,0.024,0.018,-0.1,-0.36,-0.32,9.63,-0.53,-0.22,-0.17,0.16,-0.09,9.8,2.15875,7.5,10.0,0.0,0.0,5.0,1017.13,65.94,-17.76
2025-03-24 17:20:42.015000+00:00,59.70182118177812,,,,354.562,0.938,0.562,23.16,-127.0,-9.562,4.875,0.024,0.018,-0.1,-0.36,-0.32,9.63,-0.53,-0.22,-0.17,0.16,-0.09,9.8,2.15875,7.5,10.0,0.0,0.0,5.0,1017.13,65.94,-17.76
2025-03-24 17:20:42.287000+00:00,60.118310029511974,,,,354.562,0.938,0.562,23.16,-127.0,-9.562,4.875,0.024,0.018,-0.1,-0.36,-0.32,9.63,-0.53,-0.22,-0.17,0.16,-0.09,9.8,2.15875,7.5,10.0,0.0,0.0,5.0,1017.13,65.94,-17.76
2025-03-24 17:20:44.037000+00:00,58.13544632260499,,,,354.562,0.938,0.562,23.16,-127.0,-9.562,4.875,0.024,0.018,-0.1,-0.36,-0.32,9.63,-0.53,-0.22,-0.17,0.16,-0.09,9.8,2.15875,7.5,10.0,0.0,0.0,5.0,1017.13,65.94,-17.76
2025-03-24 17:20:45.007000+00:00,58.13575128414495,,,,354.562,0.938,0.562,23.16,-127.0,-9.562,4.875,0.024,0.018,-0.1,-0.36,-0.32,9.63,-0.53,-0.22,-0.17,0.16,-0.09,9.8,2.15875,7.5,10.0,0.0,0.0,5.0,1017.13,65.94,-17.76
2025-03-24 17:20:45.687000+00:00,58.13605803079615,,,,354.562,0.938,0.562,23.16,-127.0,-9.562,4.875,0.024,0.018,-0.1,-0.36,-0.32,9.63,-0.53,-0.22,-0.17,0.16,-0.09,9.8,2.15875,7.5,10.0,0.0,0.0,5.0,1017.13,65.94,-17.76
2025-03-24 17:20:46.705000+00:00,58.135939912675,,,,354.562,0.938,0.562,23.16,-127.0,-9.562,4.875,0.024,0.018,-0.1,-0.36,-0.32,9.63,-0.53,-0.22,-0.17,0.16,-0.09,9.8,2.15875,7.5,10.0,0.0,0.0,5.0,1017.13,65.94,-17.76
2025-03-24 17:20:48.523000+00:00,56.56871638387082,,,,354.562,0.938,0.562,23.16,-127.0,-9.562,4.875,0.024,0.018,-0.1,-0.36,-0.32,9.63,-0.53,-0.22,-0.17,0.16,-0.09,9.8,2.15875,7.5,10.0,0.0,0.0,5.0,1017.13,65.94,-17.76
2025-03-24 17:20:49.137000+00:00,56.15290476999958,,,,354.562,0.938,0.562,23.16,-127.0,-9.562,4.875,0.024,0.018,-0.1,-0.36,-0.32,9.63,-0.53,-0.22,-0.17,0.16,-0.09,9.8,2.15875,7.5,10.0,0.0,0.0,5.0,1017.13,65.94,-17.76
2025-03-24 17:20:50.038000+00:00,56.153143689692946,,,,354.562,0.938,0.562,23.16,-127.0,-9.562,4.875,0.024,0.018,-0.1,-0.36,-0.32,9.63,-0.53,-0.22,-0.17,0.16,-0.09,9.8,2.15875,7.5,10.0,0.0,0.0,5.0,1017.13,65.94,-17.76
2025-03-24 17:20:51.054000+00:00,58.136461011846606,,,,354.562,0.938,0.562,23.16,-127.0,-9.562,4.875,0.024,0.018,-0.1,-0.36,-0.32,9.63,-0.53,-0.22,-0.17,0.16,-0.09,9.8,2.15875,7.5,10.0,0.0,0.0,5.0,1017.13,65.94,-17.76
2025-03-24 17:20:52.067000+00:00,59.70377609469707,,,,354.562,0.938,0.562,23.16,-127.0,-9.562,4.875,0.024,0.018,-0.1,-0.36,-0.32,9.63,-0.53,-0.22,-0.17,0.16,-0.09,9.8,2.15875,7.5,10.0,0.0,0.0,5.0,1017.13,65.94,-17.76
2025-03-24 17:20:52.774000+00:00,59.7040204225485,,,,354.562,0.938,0.562,23.16,-127.0,-9.562,4.875,0.024,0.018,-0.1,-0.36,-0.32,9.63,-0.53,-0.22,-0.17,0.16,-0.09,9.8,2.15875,7.5,10.0,0.0,0.0,5.0,1017.13,65.94,-17.76
2025-03-24 17:20:53.756000+00:00,59.70400102951813,,,,354.562,0.938,0.562,23.16,-127.0,-9.562,4.875,0.024,0.018,-0.1,-0.36,-0.32,9.63,-0.53,-0.22,-0.17,0.16,-0.09,9.8,2.15875,7.5,10.0,0.0,0.0,5.0,1017.13,65.94,-17.76
2025-03-24 17:20:54.337000+00:00,59.70391624597801,,,,354.562,0.938,0.562,23.16,-127.0,-9.562,4.875,0.024,0.018,-0.1,-0.36,-0.32,9.63,-0.53,-0.22,-0.17,0.16,-0.09,9.8,2.15875,7.5,10.0,0.0,0.0,5.0,1017.13,65.94,-17.76
2025-03-24 17:20:56.259000+00:00,59.7039108096979,,,,354.562,0.938,0.562,23.16,-127.0,-9.562,4.875,0.024,0.018,-0.1,-0.36,-0.32,9.63,-0.53,-0.22,-0.17,0.16,-0.09,9.8,2.15875,7.5,10.0,0.0,0.0,5.0,1017.13,65.94,-17.76
2025-03-24 17:20:56.869000+00:00,61.68729654897461,,,,354.562,0.938,0.562,23.16,-127.0,-9.562,4.875,0.024,0.018,-0.1,-0.36,-0.32,9.63,-0.53,-0.22,-0.17,0.16,-0.09,9.8,2.15875,7.5,10.0,0.0,0.0,5.0,1017.13,65.94,-17.76
2025-03-24 17:20:57.847000+00:00,61.68746053325888,,,,354.562,0.938,0.562,23.16,-127.0,-9.562,4.875,0.024,0.018,-0.1,-0.36,-0.32,9.63,-0.53,-0.22,-0.17,0.16,-0.09,9.8,2.15875,7.5,10.0,0.0,0.0,5.0,1017.13,65.94,-17.76
2025-03-24 17:20:58.556000+00:00,61.687430562624435,,,,354.562,0.938,0.562,23.16,-127.0,-9.562,4.875,0.024,0.018,-0.1,-0.36,-0.32,9.63,-0.53,-0.22,-0.17,0.16,-0.09,9.8,2.15875,7.5,10.0,0.0,0.0,5.0,1017.13,65.94,-17.76
2025-03-24 17:20:59.636000+00:00,63.67072765589312,,,,354.562,0.938,0.562,23.16,-127.0,-9.562,4.875,0.024,0.018,-0.1,-0.36,-0.32,9.63,-0.53,-0.22,-0.17,0.16,-0.09,9.8,2.15875,7.5,10.0,0.0,0.0,5.0,1017.13,65.94,-17.76
2025-03-24 17:21:00.076000+00:00,65.65412384094317,,,,354.562,0.938,0.562,23.16,-127.0,-9.562,4.875,0.024,0.018,-0.1,-0.36,-0.32,9.63,-0.53,-0.22,-0.17,0.16,-0.09,9.8,2.15875,7.5,10.0,0.0,0.0,5.0,1017.13,65.94,-17.76
2025-03-24 17:21:01.077000+00:00,65.65401629982416,,,,354.562,0.938,0.562,23.16,-127.0,-9.562,4.875,0.024,0.018,-0.1,-0.36,-0.32,9.63,-0.53,-0.22,-0.17,0.16,-0.09,9.8,2.15875,7.5,10.0,0.0,0.0,5.0,1017.13,65.94,-17.76
2025-03-24 17:21:02.055000+00:00,65.65375078651748,,,,354.562,0.938,0.562,23.16,-127.0,-9.562,4.875,0.024,0.018,-0.1,-0.36,-0.32,9.63,-0.53,-0.22,-0.17,0.16,-0.09,9.8,2.15875,7.5,10.0,0.0,0.0,5.0,1017.13,65.94,-17.76
2025-03-24 17:21:03.449000+00:00,65.65367517288801,,,,354.562,0.938,0.562,23.16,-127.0,-9.562,4.875,0.024,0.018,-0.1,-0.36,-0.32,9.63,-0.53,-0.22,-0.17,0.16,-0.09,9.8,2.15875,7.5,10.0,0.0,0.0,5.0,1017.13,65.94,-17.76
2025-03-24 17:21:04.366000+00:00,66.06972254205525,,,,354.562,0.938,0.562,23.16,-127.0,-9.562,4.875,0.024,0.018,-0.1,-0.36,-0.32,9.63,-0.53,-0.22,-0.17,0.16,-0.09,9.8,2.15875,7.5,10.0,0.0,0.0,5.0,1017.13,65.94,-17.76
2025-03-24 17:21:06.260000+00:00,64.08641572166067,,,,354.562,0.938,0.562,23.16,-127.0,-9.562,4.875,0.024,0.018,-0.1,-0.36,-0.32,9.63,-0.53,-0.22,-0.17,0.16,-0.09,9.8,2.15875,7.5,10.0,0.0,0.0,5.0,1017.13,65.94,-17.76
2025-03-24 17:21:07.913000+00:00,62.51937906333693,,,,354.562,0.938,0.562,23.16,-127.0,-9.562,4.875,0.024,0.018,-0.1,-0.36,-0.32,9.63,-0.53,-0.22,-0.17,0.16,-0.09,9.8,2.15875,7.5,10.0,0.0,0.0,5.0,1017.13,65.94,-17.76
2025-03-24 17:21:09.395000+00:00,62.519416622279834,,,,354.562,0.938,0.562,23.16,-127.0,-9.562,4.875,0.024,0.018,-0.1,-0.36,-0.32,9.63,-0.53,-0.22,-0.17,0.16,-0.09,9.8,2.15875,7.5,10.0,0.0,0.0,5.0,1017.13,65.94,-17.76
2025-03-24 17:21:10.275000+00:00,62.935270629738795,,,,354.562,0.938,0.562,23.16,-127.0,-9.562,4.875,0.024,0.018,-0.1,-0.36,-0.32,9.63,-0.53,-0.22,-0.17,0.16,-0.09,9.8,2.15875,7.5,10.0,0.0,0.0,5.0,1017.13,65.94,-17.76
2025-03-24 17:21:11.265000+00:00,62.93464386914654,,,,354.562,0.938,0.562,23.16,-127.0,-9.562,4.875,0.024,0.018,-0.1,-0.36,-0.32,9.63,-0.53,-0.22,-0.17,0.16,-0.09,9.8,2.15875,7.5,10.0,0.0,0.0,5.0,1017.13,65.94,-17.76
2025-03-24 17:21:12.235000+00:00,62.93426350307224,,,,354.562,0.938,0.562,23.16,-127.0,-9.562,4.875,0.024,0.018,-0.1,-0.36,-0.32,9.63,-0.53,-0.22,-0.17,0.16,-0.09,9.8,2.15875,7.5,10.0,0.0,0.0,5.0,1017.13,65.94,-17.76
2025-03-24 17:21:12.945000+00:00,62.93390033430713,,,,354.562,0.938,0.562,23.16,-127.0,-9.562,4.875,0.024,0.018,-0.1,-0.36,-0.32,9.63,-0.53,-0.22,-0.17,0.16,-0.09,9.8,2.15875,7.5,10.0,0.0,0.0,5.0,1017.13,65.94,-17.76
2025-03-24 17:21:13.558000+00:00,62.933739676789685,,,,354.562,0.938,0.562,23.16,-127.0,-9.562,4.875,0.024,0.018,-0.1,-0.36,-0.32,9.63,-0.53,-0.22,-0.17,0.16,-0.09,9.8,2.15875,7.5,10.0,0.0,0.0,5.0,1017.13,65.94,-17.76
2025-03-24 17:20:15.209000+00:00,62.933739676789685,,,,354.562,0.938,0.562,23.16,-127.0,-9.562,4.875,0.024,0.018,-0.1,-0.36,-0.32,9.63,-0.53,-0.22,-0.17,0.16,-0.09,9.8,2.15875,7.5,10.0,0.0,0.0,5.0,1017.13,65.94,-17.76
2025-03-24 17:20:16.198000+00:00,62.933739676789685,,,,354.5,1.062,0.688,23.16,-127.0,-9.562,4.875,0.024,0.018,-0.1,-0.36,-0.32,9.63,-0.53,-0.22,-0.17,0.16,-0.09,9.8,2.15875,7.5,10.0,0.0,0.0,5.0,1017.13,65.94,-17.76
2025-03-24 17:20:17.198000+00:00,62.933739676789685,,,,354.5,1.062,0.562,23.16,-127.0,-9.562,4.875,0.024,0.018,-0.1,-0.36,-0.32,9.63,-0.53,-0.22,-0.17,0.16,-0.09,9.8,2.15875,7.5,10.0,0.0,0.0,5.0,1017.13,65.94,-17.76
2025-03-24 17:20:18.212000+00:00,62.933739676789685,,,,354.562,1.062,0.562,23.16,-127.0,-9.562,4.875,0.024,0.018,-0.1,-0.36,-0.32,9.63,-0.53,-0.22,-0.17,0.16,-0.09,9.8,2.15875,7.5,10.0,0.0,0.0,5.0,1017.13,65.94,-17.76
2025-03-24 17:20:19.210000+00:00,62.933739676789685,,,,354.562,0.938,0.625,23.16,-127.0,-9.562,4.875,0.024,0.018,-0.1,-0.36,-0.32,9.63,-0.53,-0.22,-0.17,0.16,-0.09,9.8,2.15875,7.5,10.0,0.0,0.0,5.0,1017.13,65.94,-17.76
2025-03-24 17:20:20.209000+00:00,62.933739676789685,,,,354.375,0.75,0.25,23.16,-127.0,-9.562,4.875,0.024,0.018,-0.1,-0.36,-0.32,9.63,-0.53,-0.22,-0.17,0.16,-0.09,9.8,2.15875,7.5,10.0,0.0,0.0,5.0,1017.13,65.94,-17.76
2025-03-24 17:20:21.241000+00:00,62.933739676789685,,,,354.438,0.812,0.25,23.16,-127.0,-9.562,4.875,0.024,0.018,-0.1,-0.36,-0.32,9.63,-0.53,-0.22,-0.17,0.16,-0.09,9.8,2.15875,7.5,10.0,0.0,0.0,5.0,1017.13,65.94,-17.76
2025-03-24 17:20:22.261000+00:00,62.933739676789685,,,,354.312,0.938,0.5,23.16,-127.0,-9.562,4.875,0.024,0.018,-0.1,-0.36,-0.32,9.63,-0.53,-0.22,-0.17,0.16,-0.09,9.8,2.15875,7.5,10.0,0.0,0.0,5.0,1017.13,65.94,-17.76
2025-03-24 17:20:23.368000+00:00,62.933739676789685,,,,354.5,1.062,0.5,23.16,-127.0,-9.562,4.875,0.024,0.018,-0.1,-0.36,-0.32,9.63,-0.53,-0.22,-0.17,0.16,-0.09,9.8,2.15875,7.5,10.0,0.0,0.0,5.0,1017.13,65.94,-17.76
2025-03-24 17:20:24.532000+00:00,62.933739676789685,,,,354.375,1.062,0.562,23.16,-127.0,-9.562,4.875,0.024,0.018,-0.1,-0.36,-0.32,9.63,-0.53,-0.22,-0.17,0.16,-0.09,9.8,2.15875,7.5,10.0,0.0,0.0,5.0,1017.13,65.94,-17.76
2025-03-24 17:20:25.227000+00:00,62.933739676789685,,,,354.438,0.75,0.438,23.16,-127.0,-9.562,4.875,0.024,0.018,-0.1,-0.36,-0.32,9.63,-0.53,-0.22,-0.17,0.16,-0.09,9.8,2.15875,7.5,10.0,0.0,0.0,5.0,1017.13,65.94,-17.76
2025-03-24 17:20:26.285000+00:00,62.933739676789685,,,,354.312,0.812,0.625,23.16,-127.0,-9.562,4.875,0.024,0.018,-0.1,-0.36,-0.32,9.63,-0.53,-0.22,-0.17,0.16,-0.09,9.8,2.15875,7.5,10.0,0.0,0.0,5.0,1017.13,65.94,-17.76
2025-03-24 17:20:27.238000+00:00,62.933739676789685,,,,354.312,0.75,0.5,23.16,-127.0,-9.562,4.875,0.024,0.018,-0.1,-0.36,-0.32,9.63,-0.53,-0.22,-0.17,0.16,-0.09,9.8,2.15875,7.5,10.0,0.0,0.0,5.0,1017.13,65.94,-17.76
2025-03-24 17:20:28.248000+00:00,62.933739676789685,,,,354.25,0.812,0.562,23.16,-127.0,-9.562,4.875,0.024,0.018,-0.1,-0.36,-0.32,9.63,-0.53,-0.22,-0.17,0.16,-0.09,9.8,2.15875,7.5,10.0,0.0,0.0,5.0,1017.13,65.94,-17.76
2025-03-24 17:20:29.238000+00:00,62.933739676789685,,,,354.312,0.75,0.5,23.16,-127.0,-9.562,4.875,0.024,0.018,-0.1,-0.36,-0.32,9.63,-0.53,-0.22,-0.17,0.16,-0.09,9.8,2.15875,7.5,10.0,0.0,0.0,5.0,1017.13,65.94,-17.76
2025-03-24 17:20:30.258000+00:00,62.933739676789685,,,,354.312,0.938,0.562,23.16,-127.0,-9.562,4.875,0.024,0.018,-0.1,-0.36,-0.32,9.63,-0.53,-0.22,-0.17,0.16,-0.09,9.8,2.15875,7.5,10.0,0.0,0.0,5.0,1017.13,65.94,-17.76
2025-03-24 17:20:31.298000+00:00,62.933739676789685,,,,354.0,0.938,0.625,23.16,-127.0,-9.562,4.875,0.024,0.018,-0.1,-0.36,-0.32,9.63,-0.53,-0.22,-0.17,0.16,-0.09,9.8,2.15875,7.5,10.0,0.0,0.0,5.0,1017.13,65.94,-17.76
2025-03-24 17:20:32.508000+00:00,62.933739676789685,,,,354.062,1.0,0.688,23.16,-127.0,-9.562,4.875,0.024,0.018,-0.1,-0.36,-0.32,9.63,-0.53,-0.22,-0.17,0.16,-0.09,9.8,2.15875,7.5,10.0,0.0,0.0,5.0,1017.13,65.94,-17.76
2025-03-24 17:20:33.577000+00:00,62.933739676789685,,,,354.062,1.125,0.812,23.16,-127.0,-9.562,4.875,0.024,0.018,-0.1,-0.36,-0.32,9.63,-0.53,-0.22,-0.17,0.16,-0.09,9.8,2.15875,7.5,10.0,0.0,0.0,5.0,1017.13,65.94,-17.76
2025-03-24 17:20:34.577000+00:00,62.933739676789685,,,,354.188,1.188,0.75,23.16,-127.0,-9.562,4.875,0.024,0.018,-0.1,-0.36,-0.32,9.63,-0.53,-0.22,-0.17,0.16,-0.09,9.8,2.15875,7.5,10.0,0.0,0.0,5.0,1017.13,65.94,-17.76
2025-03-24 17:20:35.267000+00:00,62.933739676789685,,,,354.125,1.188,0.625,23.16,-127.0,-9.562,4.875,0.024,0.018,-0.1,-0.36,-0.32,9.63,-0.53,-0.22,-0.17,0.16,-0.09,9.8,2.15875,7.5,10.0,0.0,0.0,5.0,1017.13,65.94,-17.76
2025-03-24 17:20:36.318000+00:00,62.933739676789685,,,,354.062,1.25,0.75,23.16,-127.0,-9.562,4.875,0.024,0.018,-0.1,-0.36,-0.32,9.63,-0.53,-0.22,-0.17,0.16,-0.09,9.8,2.15875,7.5,10.0,0.0,0.0,5.0,1017.13,65.94,-17.76
2025-03-24 17:20:37.327000+00:00,62.933739676789685,,,,354.125,1.375,0.812,23.16,-127.0,-9.562,4.875,0.024,0.018,-0.1,-0.36,-0.32,9.63,-0.53,-0.22,-0.17,0.16,-0.09,9.8,2.15875,7.5,10.0,0.0,0.0,5.0,1017.13,65.94,-17.76
2025-03-24 17:20:38.277000+00:00,62.933739676789685,,,,353.938,1.375,0.75,23.16,-127.0,-9.562,4.875,0.024,0.018,-0.1,-0.36,-0.32,9.63,-0.53,-0.22,-0.17,0.16,-0.09,9.8,2.15875,7.5,10.0,0.0,0.0,5.0,1017.13,65.94,-17.76
2025-03-24 17:20:39.536000+00:00,62.933739676789685,,,,354.0,1.375,0.875,23.16,-127.0,-9.562,4.875,0.024,0.018,-0.1,-0.36,-0.32,9.63,-0.53,-0.22,-0.17,0.16,-0.09,9.8,2.15875,7.5,10.0,0.0,0.0,5.0,1017.13,65.94,-17.76
2025-03-24 17:20:40.536000+00:00,62.933739676789685,,,,353.875,1.375,1.0,23.16,-127.0,-9.562,4.875,0.024,0.018,-0.1,-0.36,-0.32,9.63,-0.53,-0.22,-0.17,0.16,-0.09,9.8,2.15875,7.5,10.0,0.0,0.0,5.0,1017.13,65.94,-17.76
2025-03-24 17:20:41.633000+00:00,62.933739676789685,,,,354.0,1.312,0.875,23.16,-127.0,-9.562,4.875,0.024,0.018,-0.1,-0.36,-0.32,9.63,-0.53,-0.22,-0.17,0.16,-0.09,9.8,2.15875,7.5,10.0,0.0,0.0,5.0,1017.13,65.94,-17.76
2025-03-24 17:20:42.344000+00:00,62.933739676789685,,,,353.938,1.0,0.75,23.16,-127.0,-9.562,4.875,0.024,0.018,-0.1,-0.36,-0.32,9.63,-0.53,-0.22,-0.17,0.16,-0.09,9.8,2.15875,7.5,10.0,0.0,0.0,5.0,1017.13,65.94,-17.76
2025-03-24 17:20:43.347000+00:00,62.933739676789685,,,,353.875,1.25,0.875,23.16,-127.0,-9.562,4.875,0.024,0.018,-0.1,-0.36,-0.32,9.63,-0.53,-0.22,-0.17,0.16,-0.09,9.8,2.15875,7.5,10.0,0.0,0.0,5.0,1017.13,65.94,-17.76
2025-03-24 17:20:44.324000+00:00,62.933739676789685,,,,353.812,1.125,0.938,23.16,-127.0,-9.562,4.875,0.024,0.018,-0.1,-0.36,-0.32,9.63,-0.53,-0.22,-0.17,0.16,-0.09,9.8,2.15875,7.5,10.0,0.0,0.0,5.0,1017.13,65.94,-17.76
2025-03-24 17:20:45.333000+00:00,62.933739676789685,,,,353.938,1.062,0.875,23.16,-127.0,-9.562,4.875,0.024,0.018,-0.1,-0.36,-0.32,9.63,-0.53,-0.22,-0.17,0.16,-0.09,9.8,2.15875,7.5,10.0,0.0,0.0,5.0,1017.13,65.94,-17.76
2025-03-24 17:20:46.341000+00:00,62.933739676789685,,,,353.938,1.25,1.0,23.16,-127.0,-9.562,4.875,0.024,0.018,-0.1,-0.36,-0.32,9.63,-0.53,-0.22,-0.17,0.16,-0.09,9.8,2.15875,7.5,10.0,0.0,0.0,5.0,1017.13,65.94,-17.76
2025-03-24 17:20:47.357000+00:00,62.933739676789685,,,,353.812,1.312,1.0,23.16,-127.0,-9.562,4.875,0.024,0.018,-0.1,-0.36,-0.32,9.63,-0.53,-0.22,-0.17,0.16,-0.09,9.8,2.15875,7.5,10.0,0.0,0.0,5.0,1017.13,65.94,-17.76
2025-03-24 17:20:48.628000+00:00,62.933739676789685,,,,353.875,1.375,1.188,23.16,-127.0,-9.562,4.875,0.024,0.018,-0.1,-0.36,-0.32,9.63,-0.53,-0.22,-0.17,0.16,-0.09,9.8,2.15875,7.5,10.0,0.0,0.0,5.0,1017.13,65.94,-17.76
2025-03-24 17:20:49.657000+00:00,62.933739676789685,,,,353.812,1.25,1.0,23.16,-127.0,-9.562,4.875,0.024,0.018,-0.1,-0.36,-0.32,9.63,-0.53,-0.22,-0.17,0.16,-0.09,9.8,2.15875,7.5,10.0,0.0,0.0,5.0,1017.13,65.94,-17.76
2025-03-24 17:20:50.659000+00:00,62.933739676789685,,,,353.812,1.0,0.75,23.16,-127.0,-9.562,4.875,0.024,0.018,-0.1,-0.36,-0.32,9.63,-0.53,-0.22,-0.17,0.16,-0.09,9.8,2.15875,7.5,10.0,0.0,0.0,5.0,1017.13,65.94,-17.76
2025-03-24 17:20:51.391000+00:00,62.933739676789685,,,,353.812,1.0,0.75,23.16,-127.0,-9.562,4.875,0.024,0.018,-0.1,-0.36,-0.32,9.63,-0.53,-0.22,-0.17,0.16,-0.09,9.8,2.15875,7.5,10.0,0.0,0.0,5.0,1017.13,65.94,-17.76
2025-03-24 17:20:52.398000+00:00,62.933739676789685,,,,353.75,1.188,0.875,23.16,-127.0,-9.562,4.875,0.024,0.018,-0.1,-0.36,-0.32,9.63,-0.53,-0.22,-0.17,0.16,-0.09,9.8,2.15875,7.5,10.0,0.0,0.0,5.0,1017.13,65.94,-17.76
2025-03-24 17:20:53.406000+00:00,62.933739676789685,,,,353.438,0.75,0.688,23.16,-127.0,-9.562,4.875,0.024,0.018,-0.1,-0.36,-0.32,9.63,-0.53,-0.22,-0.17,0.16,-0.09,9.8,2.15875,7.5,10.0,0.0,0.0,5.0,1017.13,65.94,-17.76
2025-03-24 17:20:54.416000+00:00,62.933739676789685,,,,353.5,0.938,0.812,23.16,-127.0,-9.562,4.875,0.024,0.018,-0.1,-0.36,-0.32,9.63,-0.53,-0.22,-0.17,0.16,-0.09,9.8,2.15875,7.5,10.0,0.0,0.0,5.0,1017.13,65.94,-17.76
2025-03-24 17:20:55.427000+00:00,62.933739676789685,,,,353.5,1.062,0.938,23.16,-127.0,-9.562,4.875,0.024,0.018,-0.1,-0.36,-0.32,9.63,-0.53,-0.22,-0.17,0.16,-0.09,9.8,2.15875,7.5,10.0,0.0,0.0,5.0,1017.13,65.94,-17.76
2025-03-24 17:20:56.482000+00:00,62.933739676789685,,,,353.562,1.188,1.062,23.16,-127.0,-9.562,4.875,0.024,0.018,-0.1,-0.36,-0.32,9.63,-0.53,-0.22,-0.17,0.16,-0.09,9.8,2.15875,7.5,10.0,0.0,0.0,5.0,1017.13,65.94,-17.76
2025-03-24 17:20:57.460000+00:00,62.933739676789685,,,,353.625,0.938,0.688,23.16,-127.0,-9.562,4.875,0.024,0.018,-0.1,-0.36,-0.32,9.63,-0.53,-0.22,-0.17,0.16,-0.09,9.8,2.15875,7.5,10.0,0.0,0.0,5.0,1017.13,65.94,-17.76
2025-03-24 17:20:58.612000+00:00,62.933739676789685,,,,353.562,1.062,0.812,23.16,-127.0,-9.562,4.875,0.024,0.018,-0.1,-0.36,-0.32,9.63,-0.53,-0.22,-0.17,0.16,-0.09,9.8,2.15875,7.5,10.0,0.0,0.0,5.0,1017.13,65.94,-17.76
2025-03-24 17:20:59.692000+00:00,62.933739676789685,,,,353.438,1.0,0.75,23.16,-127.0,-9.562,4.875,0.024,0.018,-0.1,-0.36,-0.32,9.63,-0.53,-0.22,-0.17,0.16,-0.09,9.8,2.15875,7.5,10.0,0.0,0.0,5.0,1017.13,65.94,-17.76
2025-03-24 17:21:00.691000+00:00,62.933739676789685,,,,353.5,1.0,0.875,23.16,-127.0,-9.562,4.875,0.024,0.018,-0.1,-0.36,-0.32,9.63,-0.53,-0.22,-0.17,0.16,-0.09,9.8,2.15875,7.5,10.0,0.0,0.0,5.0,1017.13,65.94,-17.76
2025-03-24 17:21:01.667000+00:00,62.933739676789685,,,,353.312,0.812,0.688,23.16,-127.0,-9.562,4.875,0.024,0.018,-0.1,-0.36,-0.32,9.63,-0.53,-0.22,-0.17,0.16,-0.09,9.8,2.15875,7.5,10.0,0.0,0.0,5.0,1017.13,65.94,-17.76
2025-03-24 17:21:02.492000+00:00,62.933739676789685,,,,353.5,1.0,0.75,23.16,-127.0,-9.562,4.875,0.024,0.018,-0.1,-0.36,-0.32,9.63,-0.53,-0.22,-0.17,0.16,-0.09,9.8,2.15875,7.5,10.0,0.0,0.0,5.0,1017.13,65.94,-17.76
2025-03-24 17:21:03.504000+00:00,62.933739676789685,,,,353.438,0.875,0.688,23.16,-127.0,-9.562,4.875,0.024,0.018,-0.1,-0.36,-0.32,9.63,-0.53,-0.22,-0.17,0.16,-0.09,9.8,2.15875,7.5,10.0,0.0,0.0,5.0,1017.13,65.94,-17.76
2025-03-24 17:21:04.507000+00:00,62.933739676789685,,,,353.312,0.938,0.75,23.16,-127.0,-9.562,4.875,0.024,0.018,-0.1,-0.36,-0.32,9.63,-0.53,-0.22,-0.17,0.16,-0.09,9.8,2.15875,7.5,10.0,0.0,0.0,5.0,1017.13,65.94,-17.76
2025-03-24 17:21:05.516000+00:00,62.933739676789685,,,,353.312,1.125,0.75,23.16,-127.0,-9.562,4.875,0.024,0.018,-0.1,-0.36,-0.32,9.63,-0.53,-0.22,-0.17,0.16,-0.09,9.8,2.15875,7.5,10.0,0.0,0.0,5.0,1017.13,65.94,-17.76
2025-03-24 17:21:06.528000+00:00,62.933739676789685,,,,353.25,1.0,0.625,23.16,-127.0,-9.562,4.875,0.024,0.018,-0.1,-0.36,-0.32,9.63,-0.53,-0.22,-0.17,0.16,-0.09,9.8,2.15875,7.5,10.0,0.0,0.0,5.0,1017.13,65.94,-17.76
2025-03-24 17:21:07.538000+00:00,62.933739676789685,,,,353.375,1.0,0.625,23.16,-127.0,-9.562,4.875,0.024,0.018,-0.1,-0.36,-0.32,9.63,-0.53,-0.22,-0.17,0.16,-0.09,9.8,2.15875,7.5,10.0,0.0,0.0,5.0,1017.13,65.94,-17.76
2025-03-24 17:21:08.646000+00:00,62.933739676789685,,,,353.125,1.188,0.812,23.16,-127.0,-9.562,4.875,0.024,0.018,-0.1,-0.36,-0.32,9.63,-0.53,-0.22,-0.17,0.16,-0.09,9.8,2.15875,7.5,10.0,0.0,0.0,5.0,1017.13,65.94,-17.76
2025-03-24 17:21:09.555000+00:00,62.933739676789685,,,,353.25,1.0,0.75,23.16,-127.0,-9.562,4.875,0.024,0.018,-0.1,-0.36,-0.32,9.63,-0.53,-0.22,-0.17,0.16,-0.09,9.8,2.15875,7.5,10.0,0.0,0.0,5.0,1017.13,65.94,-17.76
2025-03-24 17:21:10.563000+00:00,62.933739676789685,,,,353.188,1.062,0.688,23.16,-127.0,-9.562,4.875,0.024,0.018,-0.1,-0.36,-0.32,9.63,-0.53,-0.22,-0.17,0.16,-0.09,9.8,2.15875,7.5,10.0,0.0,0.0,5.0,1017.13,65.94,-17.76
2025-03-24 17:21:11.574000+00:00,62.933739676789685,,,,353.25,1.062,0.625,23.16,-127.0,-9.562,4.875,0.024,0.018,-0.1,-0.36,-0.32,9.63,-0.53,-0.22,-0.17,0.16,-0.09,9.8,2.15875,7.5,10.0,0.0,0.0,5.0,1017.13,65.94,-17.76
2025-03-24 17:21:12.585000+00:00,62.933739676789685,,,,353.188,1.25,0.812,23.16,-127.0,-9.562,4.875,0.024,0.018,-0.1,-0.36,-0.32,9.63,-0.53,-0.22,-0.17,0.16,-0.09,9.8,2.15875,7.5,10.0,0.0,0.0,5.0,1017.13,65.94,-17.76
2025-03-24 17:21:13.607000+00:00,62.933739676789685,,,,353.125,1.188,0.875,23.16,-127.0,-9.562,4.875,0.024,0.018,-0.1,-0.36,-0.32,9.63,-0.53,-0.22,-0.17,0.16,-0.09,9.8,2.15875,7.5,10.0,0.0,0.0,5.0,1017.13,65.94,-17.76
2025-03-24 17:20:14.723000+00:00,62.933739676789685,,,,353.125,1.188,0.875,23.16,-127.0,-9.562,4.875,0.024,0.018,-0.1,-0.36,-0.32,9.63,-0.53,-0.22,-0.17,0.16,-0.09,9.8,2.15875,7.5,10.0,0.0,0.0,5.0,1017.13,65.94,-17.76
2025-03-24 17:20:15.262000+00:00,62.933739676789685,,,,353.125,1.188,0.875,23.0,-127.0,-9.562,4.875,0.024,0.018,-0.1,-0.36,-0.32,9.63,-0.53,-0.22,-0.17,0.16,-0.09,9.8,2.15875,7.5,10.0,0.0,0.0,5.0,1017.13,65.94,-17.76
2025-03-24 17:20:15.705000+00:00,62.933739676789685,,,,353.125,1.188,0.875,23.16,-127.0,-9.562,4.875,0.024,0.018,-0.1,-0.36,-0.32,9.63,-0.53,-0.22,-0.17,0.16,-0.09,9.8,2.15875,7.5,10.0,0.0,0.0,5.0,1017.13,65.94,-17.76
2025-03-24 17:20:16.250000+00:00,62.933739676789685,,,,353.125,1.188,0.875,23.0,-127.0,-9.562,4.875,0.024,0.018,-0.1,-0.36,-0.32,9.63,-0.53,-0.22,-0.17,0.16,-0.09,9.8,2.15875,7.5,10.0,0.0,0.0,5.0,1017.13,65.94,-17.76
2025-03-24 17:20:16.716000+00:00,62.933739676789685,,,,353.125,1.188,0.875,23.16,-127.0,-9.562,4.875,0.024,0.018,-0.1,-0.36,-0.32,9.63,-0.53,-0.22,-0.17,0.16,-0.09,9.8,2.15875,7.5,10.0,0.0,0.0,5.0,1017.13,65.94,-17.76
2025-03-24 17:20:17.249000+00:00,62.933739676789685,,,,353.125,1.188,0.875,23.0,-127.0,-9.562,4.875,0.024,0.018,-0.1,-0.36,-0.32,9.63,-0.53,-0.22,-0.17,0.16,-0.09,9.8,2.15875,7.5,10.0,0.0,0.0,5.0,1017.13,65.94,-17.76
2025-03-24 17:20:17.649000+00:00,62.933739676789685,,,,353.125,1.188,0.875,23.16,-127.0,-9.562,4.875,0.024,0.018,-0.1,-0.36,-0.32,9.63,-0.53,-0.22,-0.17,0.16,-0.09,9.8,2.15875,7.5,10.0,0.0,0.0,5.0,1017.13,65.94,-17.76
2025-03-24 17:20:18.259000+00:00,62.933739676789685,,,,353.125,1.188,0.875,23.0,-127.0,-9.562,4.875,0.024,0.018,-0.1,-0.36,-0.32,9.63,-0.53,-0.22,-0.17,0.16,-0.09,9.8,2.15875,7.5,10.0,0.0,0.0,5.0,1017.13,65.94,-17.76
2025-03-24 17:20:18.816000+00:00,62.933739676789685,,,,353.125,1.188,0.875,23.16,-127.0,-9.562,4.875,0.024,0.018,-0.1,-0.36,-0.32,9.63,-0.53,-0.22,-0.17,0.16,-0.09,9.8,2.15875,7.5,10.0,0.0,0.0,5.0,1017.13,65.94,-17.76
2025-03-24 17:20:19.268000+00:00,62.933739676789685,,,,353.125,1.188,0.875,23.0,-127.0,-9.562,4.875,0.024,0.018,-0.1,-0.36,-0.32,9.63,-0.53,-0.22,-0.17,0.16,-0.09,9.8,2.15875,7.5,10.0,0.0,0.0,5.0,1017.13,65.94,-17.76
2025-03-24 17:20:19.755000+00:00,62.933739676789685,,,,353.125,1.188,0.875,23.16,-127.0,-9.562,4.875,0.024,0.018,-0.1,-0.36,-0.32,9.63,-0.53,-0.22,-0.17,0.16,-0.09,9.8,2.15875,7.5,10.0,0.0,0.0,5.0,1017.13,65.94,-17.76
2025-03-24 17:20:20.263000+00:00,62.933739676789685,,,,353.125,1.188,0.875,23.0,-127.0,-9.562,4.875,0.024,0.018,-0.1,-0.36,-0.32,9.63,-0.53,-0.22,-0.17,0.16,-0.09,9.8,2.15875,7.5,10.0,0.0,0.0,5.0,1017.13,65.94,-17.76
2025-03-24 17:20:20.795000+00:00,62.933739676789685,,,,353.125,1.188,0.875,23.16,-127.0,-9.562,4.875,0.024,0.018,-0.1,-0.36,-0.32,9.63,-0.53,-0.22,-0.17,0.16,-0.09,9.8,2.15875,7.5,10.0,0.0,0.0,5.0,1017.13,65.94,-17.76
2025-03-24 17:20:21.298000+00:00,62.933739676789685,,,,353.125,1.188,0.875,23.0,-127.0,-9.562,4.875,0.024,0.018,-0.1,-0.36,-0.32,9.63,-0.53,-0.22,-0.17,0.16,-0.09,9.8,2.15875,7.5,10.0,0.0,0.0,5.0,1017.13,65.94,-17.76
2025-03-24 17:20:21.838000+00:00,62.933739676789685,,,,353.125,1.188,0.875,23.16,-127.0,-9.562,4.875,0.024,0.018,-0.1,-0.36,-0.32,9.63,-0.53,-0.22,-0.17,0.16,-0.09,9.8,2.15875,7.5,10.0,0.0,0.0,5.0,1017.13,65.94,-17.76
2025-03-24 17:20:22.308000+00:00,62.933739676789685,,,,353.125,1.188,0.875,23.0,-127.0,-9.562,4.875,0.024,0.018,-0.1,-0.36,-0.32,9.63,-0.53,-0.22,-0.17,0.16,-0.09,9.8,2.15875,7.5,10.0,0.0,0.0,5.0,1017.13,65.94,-17.76
2025-03-24 17:20:22.990000+00:00,62.933739676789685,,,,353.125,1.188,0.875,23.16,-127.0,-9.562,4.875,0.024,0.018,-0.1,-0.36,-0.32,9.63,-0.53,-0.22,-0.17,0.16,-0.09,9.8,2.15875,7.5,10.0,0.0,0.0,5.0,1017.13,65.94,-17.76
2025-03-24 17:20:23.424000+00:00,62.933739676789685,,,,353.125,1.188,0.875,23.0,-127.0,-9.562,4.875,0.024,0.018,-0.1,-0.36,-0.32,9.63,-0.53,-0.22,-0.17,0.16,-0.09,9.8,2.15875,7.5,10.0,0.0,0.0,5.0,1017.13,65.94,-17.76
2025-03-24 17:20:24.135000+00:00,62.933739676789685,,,,353.125,1.188,0.875,23.16,-127.0,-9.562,4.875,0.024,0.018,-0.1,-0.36,-0.32,9.63,-0.53,-0.22,-0.17,0.16,-0.09,9.8,2.15875,7.5,10.0,0.0,0.0,5.0,1017.13,65.94,-17.76
2025-03-24 17:20:24.579000+00:00,62.933739676789685,,,,353.125,1.188,0.875,23.0,-127.0,-9.562,4.875,0.024,0.018,-0.1,-0.36,-0.32,9.63,-0.53,-0.22,-0.17,0.16,-0.09,9.8,2.15875,7.5,10.0,0.0,0.0,5.0,1017.13,65.94,-17.76
2025-03-24 17:20:25.278000+00:00,62.933739676789685,,,,353.125,1.188,0.875,23.0,-127.0,-9.562,4.875,0.024,0.018,-0.1,-0.36,-0.32,9.63,-0.53,-0.22,-0.17,0.16,-0.09,9.8,2.15875,7.5,10.0,0.0,0.0,5.0,1017.13,65.94,-17.76
2025-03-24 17:20:25.715000+00:00,62.933739676789685,,,,353.125,1.188,0.875,23.16,-127.0,-9.562,4.875,0.024,0.018,-0.1,-0.36,-0.32,9.63,-0.53,-0.22,-0.17,0.16,-0.09,9.8,2.15875,7.5,10.0,0.0,0.0,5.0,1017.13,65.94,-17.76
2025-03-24 17:20:26.345000+00:00,62.933739676789685,,,,353.125,1.188,0.875,23.0,-127.0,-9.562,4.875,0.024,0.018,-0.1,-0.36,-0.32,9.63,-0.53,-0.22,-0.17,0.16,-0.09,9.8,2.15875,7.5,10.0,0.0,0.0,5.0,1017.13,65.94,-17.76
2025-03-24 17:20:26.794000+00:00,62.933739676789685,,,,353.125,1.188,0.875,23.16,-127.0,-9.562,4.875,0.024,0.018,-0.1,-0.36,-0.32,9.63,-0.53,-0.22,-0.17,0.16,-0.09,9.8,2.15875,7.5,10.0,0.0,0.0,5.0,1017.13,65.94,-17.76
2025-03-24 17:20:27.288000+00:00,62.933739676789685,,,,353.125,1.188,0.875,23.0,-127.0,-9.562,4.875,0.024,0.018,-0.1,-0.36,-0.32,9.63,-0.53,-0.22,-0.17,0.16,-0.09,9.8,2.15875,7.5,10.0,0.0,0.0,5.0,1017.13,65.94,-17.76
2025-03-24 17:20:27.714000+00:00,62.933739676789685,,,,353.125,1.188,0.875,23.16,-127.0,-9.562,4.875,0.024,0.018,-0.1,-0.36,-0.32,9.63,-0.53,-0.22,-0.17,0.16,-0.09,9.8,2.15875,7.5,10.0,0.0,0.0,5.0,1017.13,65.94,-17.76
2025-03-24 17:20:28.305000+00:00,62.933739676789685,,,,353.125,1.188,0.875,23.0,-127.0,-9.562,4.875,0.024,0.018,-0.1,-0.36,-0.32,9.63,-0.53,-0.22,-0.17,0.16,-0.09,9.8,2.15875,7.5,10.0,0.0,0.0,5.0,1017.13,65.94,-17.76
2025-03-24 17:20:28.814000+00:00,62.933739676789685,,,,353.125,1.188,0.875,23.16,-127.0,-9.562,4.875,0.024,0.018,-0.1,-0.36,-0.32,9.63,-0.53,-0.22,-0.17,0.16,-0.09,9.8,2.15875,7.5,10.0,0.0,0.0,5.0,1017.13,65.94,-17.76
2025-03-24 17:20:29.288000+00:00,62.933739676789685,,,,353.125,1.188,0.875,23.0,-127.0,-9.562,4.875,0.024,0.018,-0.1,-0.36,-0.32,9.63,-0.53,-0.22,-0.17,0.16,-0.09,9.8,2.15875,7.5,10.0,0.0,0.0,5.0,1017.13,65.94,-17.76
2025-03-24 17:20:29.782000+00:00,62.933739676789685,,,,353.125,1.188,0.875,23.16,-127.0,-9.562,4.875,0.024,0.018,-0.1,-0.36,-0.32,9.63,-0.53,-0.22,-0.17,0.16,-0.09,9.8,2.15875,7.5,10.0,0.0,0.0,5.0,1017.13,65.94,-17.76
2025-03-24 17:20:30.315000+00:00,62.933739676789685,,,,353.125,1.188,0.875,23.0,-127.0,-9.562,4.875,0.024,0.018,-0.1,-0.36,-0.32,9.63,-0.53,-0.22,-0.17,0.16,-0.09,9.8,2.15875,7.5,10.0,0.0,0.0,5.0,1017.13,65.94,-17.76
2025-03-24 17:20:30.928000+00:00,62.933739676789685,,,,353.125,1.188,0.875,23.16,-127.0,-9.562,4.875,0.024,0.018,-0.1,-0.36,-0.32,9.63,-0.53,-0.22,-0.17,0.16,-0.09,9.8,2.15875,7.5,10.0,0.0,0.0,5.0,1017.13,65.94,-17.76
2025-03-24 17:20:31.348000+00:00,62.933739676789685,,,,353.125,1.188,0.875,23.0,-127.0,-9.562,4.875,0.024,0.018,-0.1,-0.36,-0.32,9.63,-0.53,-0.22,-0.17,0.16,-0.09,9.8,2.15875,7.5,10.0,0.0,0.0,5.0,1017.13,65.94,-17.76
2025-03-24 17:20:32.078000+00:00,62.933739676789685,,,,353.125,1.188,0.875,23.16,-127.0,-9.562,4.875,0.024,0.018,-0.1,-0.36,-0.32,9.63,-0.53,-0.22,-0.17,0.16,-0.09,9.8,2.15875,7.5,10.0,0.0,0.0,5.0,1017.13,65.94,-17.76
2025-03-24 17:20:32.568000+00:00,62.933739676789685,,,,353.125,1.188,0.875,23.0,-127.0,-9.562,4.875,0.024,0.018,-0.1,-0.36,-0.32,9.63,-0.53,-0.22,-0.17,0.16,-0.09,9.8,2.15875,7.5,10.0,0.0,0.0,5.0,1017.13,65.94,-17.76
2025-03-24 17:20:33.378000+00:00,62.933739676789685,,,,353.125,1.188,0.875,23.16,-127.0,-9.562,4.875,0.024,0.018,-0.1,-0.36,-0.32,9.63,-0.53,-0.22,-0.17,0.16,-0.09,9.8,2.15875,7.5,10.0,0.0,0.0,5.0,1017.13,65.94,-17.76
2025-03-24 17:20:33.634000+00:00,62.933739676789685,,,,353.125,1.188,0.875,23.0,-127.0,-9.562,4.875,0.024,0.018,-0.1,-0.36,-0.32,9.63,-0.53,-0.22,-0.17,0.16,-0.09,9.8,2.15875,7.5,10.0,0.0,0.0,5.0,1017.13,65.94,-17.76
2025-03-24 17:20:34.357000+00:00,62.933739676789685,,,,353.125,1.188,0.875,23.16,-127.0,-9.562,4.875,0.024,0.018,-0.1,-0.36,-0.32,9.63,-0.53,-0.22,-0.17,0.16,-0.09,9.8,2.15875,7.5,10.0,0.0,0.0,5.0,1017.13,65.94,-17.76
2025-03-24 17:20:34.645000+00:00,62.933739676789685,,,,353.125,1.188,0.875,23.0,-127.0,-9.562,4.875,0.024,0.018,-0.1,-0.36,-0.32,9.63,-0.53,-0.22,-0.17,0.16,-0.09,9.8,2.15875,7.5,10.0,0.0,0.0,5.0,1017.13,65.94,-17.76
2025-03-24 17:20:35.318000+00:00,62.933739676789685,,,,353.125,1.188,0.875,23.0,-127.0,-9.562,4.875,0.024,0.018,-0.1,-0.36,-0.32,9.63,-0.53,-0.22,-0.17,0.16,-0.09,9.8,2.15875,7.5,10.0,0.0,0.0,5.0,1017.13,65.94,-17.76
2025-03-24 17:20:35.747000+00:00,62.933739676789685,,,,353.125,1.188,0.875,23.16,-127.0,-9.562,4.875,0.024,0.018,-0.1,-0.36,-0.32,9.63,-0.53,-0.22,-0.17,0.16,-0.09,9.8,2.15875,7.5,10.0,0.0,0.0,5.0,1017.13,65.94,-17.76
2025-03-24 17:20:36.368000+00:00,62.933739676789685,,,,353.125,1.188,0.875,23.0,-127.0,-9.562,4.875,0.024,0.018,-0.1,-0.36,-0.32,9.63,-0.53,-0.22,-0.17,0.16,-0.09,9.8,2.15875,7.5,10.0,0.0,0.0,5.0,1017.13,65.94,-17.76
2025-03-24 17:20:36.779000+00:00,62.933739676789685,,,,353.125,1.188,0.875,23.16,-127.0,-9.562,4.875,0.024,0.018,-0.1,-0.36,-0.32,9.63,-0.53,-0.22,-0.17,0.16,-0.09,9.8,2.15875,7.5,10.0,0.0,0.0,5.0,1017.13,65.94,-17.76
2025-03-24 17:20:37.384000+00:00,62.933739676789685,,,,353.125,1.188,0.875,23.0,-127.0,-9.562,4.875,0.024,0.018,-0.1,-0.36,-0.32,9.63,-0.53,-0.22,-0.17,0.16,-0.09,9.8,2.15875,7.5,10.0,0.0,0.0,5.0,1017.13,65.94,-17.76
2025-03-24 17:20:37.814000+00:00,62.933739676789685,,,,353.125,1.188,0.875,23.16,-127.0,-9.562,4.875,0.024,0.018,-0.1,-0.36,-0.32,9.63,-0.53,-0.22,-0.17,0.16,-0.09,9.8,2.15875,7.5,10.0,0.0,0.0,5.0,1017.13,65.94,-17.76
2025-03-24 17:20:38.377000+00:00,62.933739676789685,,,,353.125,1.188,0.875,23.0,-127.0,-9.562,4.875,0.024,0.018,-0.1,-0.36,-0.32,9.63,-0.53,-0.22,-0.17,0.16,-0.09,9.8,2.15875,7.5,10.0,0.0,0.0,5.0,1017.13,65.94,-17.76
2025-03-24 17:20:39.148000+00:00,62.933739676789685,,,,353.125,1.188,0.875,23.16,-127.0,-9.562,4.875,0.024,0.018,-0.1,-0.36,-0.32,9.63,-0.53,-0.22,-0.17,0.16,-0.09,9.8,2.15875,7.5,10.0,0.0,0.0,5.0,1017.13,65.94,-17.76
2025-03-24 17:20:39.586000+00:00,62.933739676789685,,,,353.125,1.188,0.875,23.0,-127.0,-9.562,4.875,0.024,0.018,-0.1,-0.36,-0.32,9.63,-0.53,-0.22,-0.17,0.16,-0.09,9.8,2.15875,7.5,10.0,0.0,0.0,5.0,1017.13,65.94,-17.76
2025-03-24 17:20:40.179000+00:00,62.933739676789685,,,,353.125,1.188,0.875,23.16,-127.0,-9.562,4.875,0.024,0.018,-0.1,-0.36,-0.32,9.63,-0.53,-0.22,-0.17,0.16,-0.09,9.8,2.15875,7.5,10.0,0.0,0.0,5.0,1017.13,65.94,-17.76
2025-03-24 17:20:40.588000+00:00,62.933739676789685,,,,353.125,1.188,0.875,23.0,-127.0,-9.562,4.875,0.024,0.018,-0.1,-0.36,-0.32,9.63,-0.53,-0.22,-0.17,0.16,-0.09,9.8,2.15875,7.5,10.0,0.0,0.0,5.0,1017.13,65.94,-17.76
2025-03-24 17:20:41.404000+00:00,62.933739676789685,,,,353.125,1.188,0.875,23.16,-127.0,-9.562,4.875,0.024,0.018,-0.1,-0.36,-0.32,9.63,-0.53,-0.22,-0.17,0.16,-0.09,9.8,2.15875,7.5,10.0,0.0,0.0,5.0,1017.13,65.94,-17.76
2025-03-24 17:20:41.694000+00:00,62.933739676789685,,,,353.125,1.188,0.875,23.0,-127.0,-9.562,4.875,0.024,0.018,-0.1,-0.36,-0.32,9.63,-0.53,-0.22,-0.17,0.16,-0.09,9.8,2.15875,7.5,10.0,0.0,0.0,5.0,1017.13,65.94,-17.76
2025-03-24 17:20:42.404000+00:00,62.933739676789685,,,,353.125,1.188,0.875,23.0,-127.0,-9.562,4.875,0.024,0.018,-0.1,-0.36,-0.32,9.63,-0.53,-0.22,-0.17,0.16,-0.09,9.8,2.15875,7.5,10.0,0.0,0.0,5.0,1017.13,65.94,-17.76
2025-03-24 17:20:42.842000+00:00,62.933739676789685,,,,353.125,1.188,0.875,23.16,-127.0,-9.562,4.875,0.024,0.018,-0.1,-0.36,-0.32,9.63,-0.53,-0.22,-0.17,0.16,-0.09,9.8,2.15875,7.5,10.0,0.0,0.0,5.0,1017.13,65.94,-17.76
2025-03-24 17:20:43.397000+00:00,62.933739676789685,,,,353.125,1.188,0.875,23.0,-127.0,-9.562,4.875,0.024,0.018,-0.1,-0.36,-0.32,9.63,-0.53,-0.22,-0.17,0.16,-0.09,9.8,2.15875,7.5,10.0,0.0,0.0,5.0,1017.13,65.94,-17.76
2025-03-24 17:20:43.837000+00:00,62.933739676789685,,,,353.125,1.188,0.875,23.16,-127.0,-9.562,4.875,0.024,0.018,-0.1,-0.36,-0.32,9.63,-0.53,-0.22,-0.17,0.16,-0.09,9.8,2.15875,7.5,10.0,0.0,0.0,5.0,1017.13,65.94,-17.76
2025-03-24 17:20:44.377000+00:00,62.933739676789685,,,,353.125,1.188,0.875,23.0,-127.0,-9.562,4.875,0.024,0.018,-0.1,-0.36,-0.32,9.63,-0.53,-0.22,-0.17,0.16,-0.09,9.8,2.15875,7.5,10.0,0.0,0.0,5.0,1017.13,65.94,-17.76
2025-03-24 17:20:44.800000+00:00,62.933739676789685,,,,353.125,1.188,0.875,23.16,-127.0,-9.562,4.875,0.024,0.018,-0.1,-0.36,-0.32,9.63,-0.53,-0.22,-0.17,0.16,-0.09,9.8,2.15875,7.5,10.0,0.0,0.0,5.0,1017.13,65.94,-17.76
2025-03-24 17:20:45.386000+00:00,62.933739676789685,,,,353.125,1.188,0.875,23.0,-127.0,-9.562,4.875,0.024,0.018,-0.1,-0.36,-0.32,9.63,-0.53,-0.22,-0.17,0.16,-0.09,9.8,2.15875,7.5,10.0,0.0,0.0,5.0,1017.13,65.94,-17.76
2025-03-24 17:20:45.836000+00:00,62.933739676789685,,,,353.125,1.188,0.875,23.16,-127.0,-9.562,4.875,0.024,0.018,-0.1,-0.36,-0.32,9.63,-0.53,-0.22,-0.17,0.16,-0.09,9.8,2.15875,7.5,10.0,0.0,0.0,5.0,1017.13,65.94,-17.76
2025-03-24 17:20:46.387000+00:00,62.933739676789685,,,,353.125,1.188,0.875,23.0,-127.0,-9.562,4.875,0.024,0.018,-0.1,-0.36,-0.32,9.63,-0.53,-0.22,-0.17,0.16,-0.09,9.8,2.15875,7.5,10.0,0.0,0.0,5.0,1017.13,65.94,-17.76
2025-03-24 17:20:46.973000+00:00,62.933739676789685,,,,353.125,1.188,0.875,23.16,-127.0,-9.562,4.875,0.024,0.018,-0.1,-0.36,-0.32,9.63,-0.53,-0.22,-0.17,0.16,-0.09,9.8,2.15875,7.5,10.0,0.0,0.0,5.0,1017.13,65.94,-17.76
2025-03-24 17:20:47.407000+00:00,62.933739676789685,,,,353.125,1.188,0.875,23.0,-127.0,-9.562,4.875,0.024,0.018,-0.1,-0.36,-0.32,9.63,-0.53,-0.22,-0.17,0.16,-0.09,9.8,2.15875,7.5,10.0,0.0,0.0,5.0,1017.13,65.94,-17.76
2025-03-24 17:20:48.137000+00:00,62.933739676789685,,,,353.125,1.188,0.875,23.16,-127.0,-9.562,4.875,0.024,0.018,-0.1,-0.36,-0.32,9.63,-0.53,-0.22,-0.17,0.16,-0.09,9.8,2.15875,7.5,10.0,0.0,0.0,5.0,1017.13,65.94,-17.76
2025-03-24 17:20:48.685000+00:00,62.933739676789685,,,,353.125,1.188,0.875,23.0,-127.0,-9.562,4.875,0.024,0.018,-0.1,-0.36,-0.32,9.63,-0.53,-0.22,-0.17,0.16,-0.09,9.8,2.15875,7.5,10.0,0.0,0.0,5.0,1017.13,65.94,-17.76
2025-03-24 17:20:49.297000+00:00,62.933739676789685,,,,353.125,1.188,0.875,23.16,-127.0,-9.562,4.875,0.024,0.018,-0.1,-0.36,-0.32,9.63,-0.53,-0.22,-0.17,0.16,-0.09,9.8,2.15875,7.5,10.0,0.0,0.0,5.0,1017.13,65.94,-17.76
2025-03-24 17:20:49.714000+00:00,62.933739676789685,,,,353.125,1.188,0.875,23.0,-127.0,-9.562,4.875,0.024,0.018,-0.1,-0.36,-0.32,9.63,-0.53,-0.22,-0.17,0.16,-0.09,9.8,2.15875,7.5,10.0,0.0,0.0,5.0,1017.13,65.94,-17.76
2025-03-24 17:20:50.442000+00:00,62.933739676789685,,,,353.125,1.188,0.875,23.16,-127.0,-9.562,4.875,0.024,0.018,-0.1,-0.36,-0.32,9.63,-0.53,-0.22,-0.17,0.16,-0.09,9.8,2.15875,7.5,10.0,0.0,0.0,5.0,1017.13,65.94,-17.76
2025-03-24 17:20:50.714000+00:00,62.933739676789685,,,,353.125,1.188,0.875,23.0,-127.0,-9.562,4.875,0.024,0.018,-0.1,-0.36,-0.32,9.63,-0.53,-0.22,-0.17,0.16,-0.09,9.8,2.15875,7.5,10.0,0.0,0.0,5.0,1017.13,65.94,-17.76
2025-03-24 17:20:51.444000+00:00,62.933739676789685,,,,353.125,1.188,0.875,23.0,-127.0,-9.562,4.875,0.024,0.018,-0.1,-0.36,-0.32,9.63,-0.53,-0.22,-0.17,0.16,-0.09,9.8,2.15875,7.5,10.0,0.0,0.0,5.0,1017.13,65.94,-17.76
2025-03-24 17:20:51.868000+00:00,62.933739676789685,,,,353.125,1.188,0.875,23.16,-127.0,-9.562,4.875,0.024,0.018,-0.1,-0.36,-0.32,9.63,-0.53,-0.22,-0.17,0.16,-0.09,9.8,2.15875,7.5,10.0,0.0,0.0,5.0,1017.13,65.94,-17.76
2025-03-24 17:20:52.453000+00:00,62.933739676789685,,,,353.125,1.188,0.875,23.0,-127.0,-9.562,4.875,0.024,0.018,-0.1,-0.36,-0.32,9.63,-0.53,-0.22,-0.17,0.16,-0.09,9.8,2.15875,7.5,10.0,0.0,0.0,5.0,1017.13,65.94,-17.76
2025-03-24 17:20:52.937000+00:00,62.933739676789685,,,,353.125,1.188,0.875,23.16,-127.0,-9.562,4.875,0.024,0.018,-0.1,-0.36,-0.32,9.63,-0.53,-0.22,-0.17,0.16,-0.09,9.8,2.15875,7.5,10.0,0.0,0.0,5.0,1017.13,65.94,-17.76
2025-03-24 17:20:53.456000+00:00,62.933739676789685,,,,353.125,1.188,0.875,23.0,-127.0,-9.562,4.875,0.024,0.018,-0.1,-0.36,-0.32,9.63,-0.53,-0.22,-0.17,0.16,-0.09,9.8,2.15875,7.5,10.0,0.0,0.0,5.0,1017.13,65.94,-17.76
2025-03-24 17:20:53.927000+00:00,62.933739676789685,,,,353.125,1.188,0.875,23.16,-127.0,-9.562,4.875,0.024,0.018,-0.1,-0.36,-0.32,9.63,-0.53,-0.22,-0.17,0.16,-0.09,9.8,2.15875,7.5,10.0,0.0,0.0,5.0,1017.13,65.94,-17.76
2025-03-24 17:20:54.471000+00:00,62.933739676789685,,,,353.125,1.188,0.875,23.0,-127.0,-9.562,4.875,0.024,0.018,-0.1,-0.36,-0.32,9.63,-0.53,-0.22,-0.17,0.16,-0.09,9.8,2.15875,7.5,10.0,0.0,0.0,5.0,1017.13,65.94,-17.76
2025-03-24 17:20:54.887000+00:00,62.933739676789685,,,,353.125,1.188,0.875,23.16,-127.0,-9.562,4.875,0.024,0.018,-0.1,-0.36,-0.32,9.63,-0.53,-0.22,-0.17,0.16,-0.09,9.8,2.15875,7.5,10.0,0.0,0.0,5.0,1017.13,65.94,-17.76
2025-03-24 17:20:55.483000+00:00,62.933739676789685,,,,353.125,1.188,0.875,23.0,-127.0,-9.562,4.875,0.024,0.018,-0.1,-0.36,-0.32,9.63,-0.53,-0.22,-0.17,0.16,-0.09,9.8,2.15875,7.5,10.0,0.0,0.0,5.0,1017.13,65.94,-17.76
2025-03-24 17:20:56.042000+00:00,62.933739676789685,,,,353.125,1.188,0.875,23.16,-127.0,-9.562,4.875,0.024,0.018,-0.1,-0.36,-0.32,9.63,-0.53,-0.22,-0.17,0.16,-0.09,9.8,2.15875,7.5,10.0,0.0,0.0,5.0,1017.13,65.94,-17.76
2025-03-24 17:20:56.543000+00:00,62.933739676789685,,,,353.125,1.188,0.875,23.0,-127.0,-9.562,4.875,0.024,0.018,-0.1,-0.36,-0.32,9.63,-0.53,-0.22,-0.17,0.16,-0.09,9.8,2.15875,7.5,10.0,0.0,0.0,5.0,1017.13,65.94,-17.76
2025-03-24 17:20:57.082000+00:00,62.933739676789685,,,,353.125,1.188,0.875,23.16,-127.0,-9.562,4.875,0.024,0.018,-0.1,-0.36,-0.32,9.63,-0.53,-0.22,-0.17,0.16,-0.09,9.8,2.15875,7.5,10.0,0.0,0.0,5.0,1017.13,65.94,-17.76
2025-03-24 17:20:57.515000+00:00,62.933739676789685,,,,353.125,1.188,0.875,23.0,-127.0,-9.562,4.875,0.024,0.018,-0.1,-0.36,-0.32,9.63,-0.53,-0.22,-0.17,0.16,-0.09,9.8,2.15875,7.5,10.0,0.0,0.0,5.0,1017.13,65.94,-17.76
2025-03-24 17:20:58.116000+00:00,62.933739676789685,,,,353.125,1.188,0.875,23.16,-127.0,-9.562,4.875,0.024,0.018,-0.1,-0.36,-0.32,9.63,-0.53,-0.22,-0.17,0.16,-0.09,9.8,2.15875,7.5,10.0,0.0,0.0,5.0,1017.13,65.94,-17.76
2025-03-24 17:20:58.673000+00:00,62.933739676789685,,,,353.125,1.188,0.875,23.0,-127.0,-9.562,4.875,0.024,0.018,-0.1,-0.36,-0.32,9.63,-0.53,-0.22,-0.17,0.16,-0.09,9.8,2.15875,7.5,10.0,0.0,0.0,5.0,1017.13,65.94,-17.76
2025-03-24 17:20:59.266000+00:00,62.933739676789685,,,,353.125,1.188,0.875,23.16,-127.0,-9.562,4.875,0.024,0.018,-0.1,-0.36,-0.32,9.63,-0.53,-0.22,-0.17,0.16,-0.09,9.8,2.15875,7.5,10.0,0.0,0.0,5.0,1017.13,65.94,-17.76
2025-03-24 17:20:59.753000+00:00,62.933739676789685,,,,353.125,1.188,0.875,23.0,-127.0,-9.562,4.875,0.024,0.018,-0.1,-0.36,-0.32,9.63,-0.53,-0.22,-0.17,0.16,-0.09,9.8,2.15875,7.5,10.0,0.0,0.0,5.0,1017.13,65.94,-17.76
2025-03-24 17:21:00.480000+00:00,62.933739676789685,,,,353.125,1.188,0.875,23.16,-127.0,-9.562,4.875,0.024,0.018,-0.1,-0.36,-0.32,9.63,-0.53,-0.22,-0.17,0.16,-0.09,9.8,2.15875,7.5,10.0,0.0,0.0,5.0,1017.13,65.94,-17.76
2025-03-24 17:21:00.753000+00:00,62.933739676789685,,,,353.125,1.188,0.875,23.0,-127.0,-9.562,4.875,0.024,0.018,-0.1,-0.36,-0.32,9.63,-0.53,-0.22,-0.17,0.16,-0.09,9.8,2.15875,7.5,10.0,0.0,0.0,5.0,1017.13,65.94,-17.76
2025-03-24 17:21:01.462000+00:00,62.933739676789685,,,,353.125,1.188,0.875,23.16,-127.0,-9.562,4.875,0.024,0.018,-0.1,-0.36,-0.32,9.63,-0.53,-0.22,-0.17,0.16,-0.09,9.8,2.15875,7.5,10.0,0.0,0.0,5.0,1017.13,65.94,-17.76
2025-03-24 17:21:01.716000+00:00,62.933739676789685,,,,353.125,1.188,0.875,23.0,-127.0,-9.562,4.875,0.024,0.018,-0.1,-0.36,-0.32,9.63,-0.53,-0.22,-0.17,0.16,-0.09,9.8,2.15875,7.5,10.0,0.0,0.0,5.0,1017.13,65.94,-17.76
2025-03-24 17:21:02.548000+00:00,62.933739676789685,,,,353.125,1.188,0.875,23.0,-127.0,-9.562,4.875,0.024,0.018,-0.1,-0.36,-0.32,9.63,-0.53,-0.22,-0.17,0.16,-0.09,9.8,2.15875,7.5,10.0,0.0,0.0,5.0,1017.13,65.94,-17.76
2025-03-24 17:21:03.002000+00:00,62.933739676789685,,,,353.125,1.188,0.875,23.16,-127.0,-9.562,4.875,0.024,0.018,-0.1,-0.36,-0.32,9.63,-0.53,-0.22,-0.17,0.16,-0.09,9.8,2.15875,7.5,10.0,0.0,0.0,5.0,1017.13,65.94,-17.76
2025-03-24 17:21:03.555000+00:00,62.933739676789685,,,,353.125,1.188,0.875,23.0,-127.0,-9.562,4.875,0.024,0.018,-0.1,-0.36,-0.32,9.63,-0.53,-0.22,-0.17,0.16,-0.09,9.8,2.15875,7.5,10.0,0.0,0.0,5.0,1017.13,65.94,-17.76
2025-03-24 17:21:03.982000+00:00,62.933739676789685,,,,353.125,1.188,0.875,23.16,-127.0,-9.562,4.875,0.024,0.018,-0.1,-0.36,-0.32,9.63,-0.53,-0.22,-0.17,0.16,-0.09,9.8,2.15875,7.5,10.0,0.0,0.0,5.0,1017.13,65.94,-17.76
2025-03-24 17:21:04.556000+00:00,62.933739676789685,,,,353.125,1.188,0.875,23.0,-127.0,-9.562,4.875,0.024,0.018,-0.1,-0.36,-0.32,9.63,-0.53,-0.22,-0.17,0.16,-0.09,9.8,2.15875,7.5,10.0,0.0,0.0,5.0,1017.13,65.94,-17.76
2025-03-24 17:21:04.966000+00:00,62.933739676789685,,,,353.125,1.188,0.875,23.16,-127.0,-9.562,4.875,0.024,0.018,-0.1,-0.36,-0.32,9.63,-0.53,-0.22,-0.17,0.16,-0.09,9.8,2.15875,7.5,10.0,0.0,0.0,5.0,1017.13,65.94,-17.76
2025-03-24 17:21:05.568000+00:00,62.933739676789685,,,,353.125,1.188,0.875,23.0,-127.0,-9.562,4.875,0.024,0.018,-0.1,-0.36,-0.32,9.63,-0.53,-0.22,-0.17,0.16,-0.09,9.8,2.15875,7.5,10.0,0.0,0.0,5.0,1017.13,65.94,-17.76
2025-03-24 17:21:06.039000+00:00,62.933739676789685,,,,353.125,1.188,0.875,23.16,-127.0,-9.562,4.875,0.024,0.018,-0.1,-0.36,-0.32,9.63,-0.53,-0.22,-0.17,0.16,-0.09,9.8,2.15875,7.5,10.0,0.0,0.0,5.0,1017.13,65.94,-17.76
2025-03-24 17:21:06.576000+00:00,62.933739676789685,,,,353.125,1.188,0.875,23.0,-127.0,-9.562,4.875,0.024,0.018,-0.1,-0.36,-0.32,9.63,-0.53,-0.22,-0.17,0.16,-0.09,9.8,2.15875,7.5,10.0,0.0,0.0,5.0,1017.13,65.94,-17.76
2025-03-24 17:21:07.102000+00:00,62.933739676789685,,,,353.125,1.188,0.875,23.16,-127.0,-9.562,4.875,0.024,0.018,-0.1,-0.36,-0.32,9.63,-0.53,-0.22,-0.17,0.16,-0.09,9.8,2.15875,7.5,10.0,0.0,0.0,5.0,1017.13,65.94,-17.76
2025-03-24 17:21:07.586000+00:00,62.933739676789685,,,,353.125,1.188,0.875,23.0,-127.0,-9.562,4.875,0.024,0.018,-0.1,-0.36,-0.32,9.63,-0.53,-0.22,-0.17,0.16,-0.09,9.8,2.15875,7.5,10.0,0.0,0.0,5.0,1017.13,65.94,-17.76
2025-03-24 17:21:08.242000+00:00,62.933739676789685,,,,353.125,1.188,0.875,23.16,-127.0,-9.562,4.875,0.024,0.018,-0.1,-0.36,-0.32,9.63,-0.53,-0.22,-0.17,0.16,-0.09,9.8,2.15875,7.5,10.0,0.0,0.0,5.0,1017.13,65.94,-17.76
2025-03-24 17:21:08.702000+00:00,62.933739676789685,,,,353.125,1.188,0.875,23.0,-127.0,-9.562,4.875,0.024,0.018,-0.1,-0.36,-0.32,9.63,-0.53,-0.22,-0.17,0.16,-0.09,9.8,2.15875,7.5,10.0,0.0,0.0,5.0,1017.13,65.94,-17.76
2025-03-24 17:21:09.615000+00:00,62.933739676789685,,,,353.125,1.188,0.875,23.0,-127.0,-9.562,4.875,0.024,0.018,-0.1,-0.36,-0.32,9.63,-0.53,-0.22,-0.17,0.16,-0.09,9.8,2.15875,7.5,10.0,0.0,0.0,5.0,1017.13,65.94,-17.76
2025-03-24 17:21:10.067000+00:00,62.933739676789685,,,,353.125,1.188,0.875,23.16,-127.0,-9.562,4.875,0.024,0.018,-0.1,-0.36,-0.32,9.63,-0.53,-0.22,-0.17,0.16,-0.09,9.8,2.15875,7.5,10.0,0.0,0.0,5.0,1017.13,65.94,-17.76
2025-03-24 17:21:10.618000+00:00,62.933739676789685,,,,353.125,1.188,0.875,23.0,-127.0,-9.562,4.875,0.024,0.018,-0.1,-0.36,-0.32,9.63,-0.53,-0.22,-0.17,0.16,-0.09,9.8,2.15875,7.5,10.0,0.0,0.0,5.0,1017.13,65.94,-17.76
2025-03-24 17:21:11.061000+00:00,62.933739676789685,,,,353.125,1.188,0.875,23.16,-127.0,-9.562,4.875,0.024,0.018,-0.1,-0.36,-0.32,9.63,-0.53,-0.22,-0.17,0.16,-0.09,9.8,2.15875,7.5,10.0,0.0,0.0,5.0,1017.13,65.94,-17.76
2025-03-24 17:21:11.635000+00:00,62.933739676789685,,,,353.125,1.188,0.875,23.0,-127.0,-9.562,4.875,0.024,0.018,-0.1,-0.36,-0.32,9.63,-0.53,-0.22,-0.17,0.16,-0.09,9.8,2.15875,7.5,10.0,0.0,0.0,5.0,1017.13,65.94,-17.76
2025-03-24 17:21:12.036000+00:00,62.933739676789685,,,,353.125,1.188,0.875,23.16,-127.0,-9.562,4.875,0.024,0.018,-0.1,-0.36,-0.32,9.63,-0.53,-0.22,-0.17,0.16,-0.09,9.8,2.15875,7.5,10.0,0.0,0.0,5.0,1017.13,65.94,-17.76
2025-03-24 17:21:12.637000+00:00,62.933739676789685,,,,353.125,1.188,0.875,23.0,-127.0,-9.562,4.875,0.024,0.018,-0.1,-0.36,-0.32,9.63,-0.53,-0.22,-0.17,0.16,-0.09,9.8,2.15875,7.5,10.0,0.0,0.0,5.0,1017.13,65.94,-17.76
2025-03-24 17:21:13.094000+00:00,62.933739676789685,,,,353.125,1.188,0.875,23.16,-127.0,-9.562,4.875,0.024,0.018,-0.1,-0.36,-0.32,9.63,-0.53,-0.22,-0.17,0.16,-0.09,9.8,2.15875,7.5,10.0,0.0,0.0,5.0,1017.13,65.94,-17.76
2025-03-24 17:21:13.655000+00:00,62.933739676789685,,,,353.125,1.188,0.875,23.0,-127.0,-9.562,4.875,0.024,0.018,-0.1,-0.36,-0.32,9.63,-0.53,-0.22,-0.17,0.16,-0.09,9.8,2.15875,7.5,10.0,0.0,0.0,5.0,1017.13,65.94,-17.76
2025-03-24 17:21:14.068000+00:00,62.933739676789685,,,,353.125,1.188,0.875,23.16,-127.0,-9.562,4.875,0.024,0.018,-0.1,-0.36,-0.32,9.63,-0.53,-0.22,-0.17,0.16,-0.09,9.8,2.15875,7.5,10.0,0.0,0.0,5.0,1017.13,65.94,-17.76
2025-03-24 17:20:15.315000+00:00,62.933739676789685,,,,353.125,1.188,0.875,23.16,-127.0,-9.562,4.875,0.024,0.018,-0.1,-0.36,-0.32,9.63,-0.53,-0.22,-0.17,0.16,-0.09,9.8,2.15875,7.5,10.0,0.0,0.0,5.0,1017.13,65.94,-17.76
2025-03-24 17:20:16.305000+00:00,62.933739676789685,,,,353.125,1.188,0.875,23.16,-96.0,-11.062,-21.688,0.024,0.018,-0.1,-0.36,-0.32,9.63,-0.53,-0.22,-0.17,0.16,-0.09,9.8,2.15875,7.5,10.0,0.0,0.0,5.0,1017.13,65.94,-17.76
2025-03-24 17:20:17.299000+00:00,62.933739676789685,,,,353.125,1.188,0.875,23.16,-72.188,-22.188,-27.062,0.024,0.018,-0.1,-0.36,-0.32,9.63,-0.53,-0.22,-0.17,0.16,-0.09,9.8,2.15875,7.5,10.0,0.0,0.0,5.0,1017.13,65.94,-17.76
2025-03-24 17:20:18.309000+00:00,62.933739676789685,,,,353.125,1.188,0.875,23.16,-61.375,-22.0,-33.875,0.024,0.018,-0.1,-0.36,-0.32,9.63,-0.53,-0.22,-0.17,0.16,-0.09,9.8,2.15875,7.5,10.0,0.0,0.0,5.0,1017.13,65.94,-17.76
2025-03-24 17:20:19.325000+00:00,62.933739676789685,,,,353.125,1.188,0.875,23.16,-83.25,-13.875,-31.75,0.024,0.018,-0.1,-0.36,-0.32,9.63,-0.53,-0.22,-0.17,0.16,-0.09,9.8,2.15875,7.5,10.0,0.0,0.0,5.0,1017.13,65.94,-17.76
2025-03-24 17:20:20.309000+00:00,62.933739676789685,,,,353.125,1.188,0.875,23.16,-123.0,-17.5,-5.25,0.024,0.018,-0.1,-0.36,-0.32,9.63,-0.53,-0.22,-0.17,0.16,-0.09,9.8,2.15875,7.5,10.0,0.0,0.0,5.0,1017.13,65.94,-17.76
2025-03-24 17:20:21.349000+00:00,62.933739676789685,,,,353.125,1.188,0.875,23.16,-111.0,-7.562,-13.188,0.024,0.018,-0.1,-0.36,-0.32,9.63,-0.53,-0.22,-0.17,0.16,-0.09,9.8,2.15875,7.5,10.0,0.0,0.0,5.0,1017.13,65.94,-17.76
2025-03-24 17:20:22.365000+00:00,62.933739676789685,,,,353.125,1.188,0.875,23.16,-75.688,-21.875,-29.062,0.024,0.018,-0.1,-0.36,-0.32,9.63,-0.53,-0.22,-0.17,0.16,-0.09,9.8,2.15875,7.5,10.0,0.0,0.0,5.0,1017.13,65.94,-17.76
2025-03-24 17:20:23.468000+00:00,62.933739676789685,,,,353.125,1.188,0.875,23.16,-64.0,-24.875,-32.875,0.024,0.018,-0.1,-0.36,-0.32,9.63,-0.53,-0.22,-0.17,0.16,-0.09,9.8,2.15875,7.5,10.0,0.0,0.0,5.0,1017.13,65.94,-17.76
2025-03-24 17:20:24.636000+00:00,62.933739676789685,,,,353.125,1.188,0.875,23.16,-67.25,-16.875,-36.25,0.024,0.018,-0.1,-0.36,-0.32,9.63,-0.53,-0.22,-0.17,0.16,-0.09,9.8,2.15875,7.5,10.0,0.0,0.0,5.0,1017.13,65.94,-17.76
2025-03-24 17:20:25.329000+00:00,62.933739676789685,,,,353.125,1.188,0.875,23.16,-96.5,-16.188,-28.75,0.024,0.018,-0.1,-0.36,-0.32,9.63,-0.53,-0.22,-0.17,0.16,-0.09,9.8,2.15875,7.5,10.0,0.0,0.0,5.0,1017.13,65.94,-17.76
2025-03-24 17:20:26.404000+00:00,62.933739676789685,,,,353.125,1.188,0.875,23.16,-128.188,-18.0,0.875,0.024,0.018,-0.1,-0.36,-0.32,9.63,-0.53,-0.22,-0.17,0.16,-0.09,9.8,2.15875,7.5,10.0,0.0,0.0,5.0,1017.13,65.94,-17.76
2025-03-24 17:20:27.342000+00:00,62.933739676789685,,,,353.125,1.188,0.875,23.16,-102.5,-14.75,-21.062,0.024,0.018,-0.1,-0.36,-0.32,9.63,-0.53,-0.22,-0.17,0.16,-0.09,9.8,2.15875,7.5,10.0,0.0,0.0,5.0,1017.13,65.94,-17.76
2025-03-24 17:20:28.358000+00:00,62.933739676789685,,,,353.125,1.188,0.875,23.16,-72.188,-25.375,-28.062,0.024,0.018,-0.1,-0.36,-0.32,9.63,-0.53,-0.22,-0.17,0.16,-0.09,9.8,2.15875,7.5,10.0,0.0,0.0,5.0,1017.13,65.94,-17.76
2025-03-24 17:20:29.338000+00:00,62.933739676789685,,,,353.125,1.188,0.875,23.16,-62.375,-27.188,-35.0,0.024,0.018,-0.1,-0.36,-0.32,9.63,-0.53,-0.22,-0.17,0.16,-0.09,9.8,2.15875,7.5,10.0,0.0,0.0,5.0,1017.13,65.94,-17.76
2025-03-24 17:20:30.367000+00:00,62.933739676789685,,,,353.125,1.188,0.875,23.16,-79.75,-16.375,-33.5,0.024,0.018,-0.1,-0.36,-0.32,9.63,-0.53,-0.22,-0.17,0.16,-0.09,9.8,2.15875,7.5,10.0,0.0,0.0,5.0,1017.13,65.94,-17.76
2025-03-24 17:20:31.398000+00:00,62.933739676789685,,,,353.125,1.188,0.875,23.16,-125.875,-21.062,-3.688,0.024,0.018,-0.1,-0.36,-0.32,9.63,-0.53,-0.22,-0.17,0.16,-0.09,9.8,2.15875,7.5,10.0,0.0,0.0,5.0,1017.13,65.94,-17.76
2025-03-24 17:20:32.619000+00:00,62.933739676789685,,,,353.125,1.188,0.875,23.16,-105.375,-15.375,-19.0,0.024,0.018,-0.1,-0.36,-0.32,9.63,-0.53,-0.22,-0.17,0.16,-0.09,9.8,2.15875,7.5,10.0,0.0,0.0,5.0,1017.13,65.94,-17.76
2025-03-24 17:20:33.694000+00:00,62.933739676789685,,,,353.125,1.188,0.875,23.16,-73.875,-28.062,-31.25,0.024,0.018,-0.1,-0.36,-0.32,9.63,-0.53,-0.22,-0.17,0.16,-0.09,9.8,2.15875,7.5,10.0,0.0,0.0,5.0,1017.13,65.94,-17.76
2025-03-24 17:20:34.704000+00:00,62.933739676789685,,,,353.125,1.188,0.875,23.16,-62.375,-30.688,-34.875,0.024,0.018,-0.1,-0.36,-0.32,9.63,-0.53,-0.22,-0.17,0.16,-0.09,9.8,2.15875,7.5,10.0,0.0,0.0,5.0,1017.13,65.94,-17.76
2025-03-24 17:20:35.374000+00:00,62.933739676789685,,,,353.125,1.188,0.875,23.16,-79.688,-19.688,-35.875,0.024,0.018,-0.1,-0.36,-0.32,9.63,-0.53,-0.22,-0.17,0.16,-0.09,9.8,2.15875,7.5,10.0,0.0,0.0,5.0,1017.13,65.94,-17.76
2025-03-24 17:20:36.417000+00:00,62.933739676789685,,,,353.125,1.188,0.875,23.16,-125.188,-26.5,-8.75,0.024,0.018,-0.1,-0.36,-0.32,9.63,-0.53,-0.22,-0.17,0.16,-0.09,9.8,2.15875,7.5,10.0,0.0,0.0,5.0,1017.13,65.94,-17.76
2025-03-24 17:20:37.442000+00:00,62.933739676789685,,,,353.125,1.188,0.875,23.16,-115.188,-16.562,-11.75,0.024,0.018,-0.1,-0.36,-0.32,9.63,-0.53,-0.22,-0.17,0.16,-0.09,9.8,2.15875,7.5,10.0,0.0,0.0,5.0,1017.13,65.94,-17.76
2025-03-24 17:20:38.428000+00:00,62.933739676789685,,,,353.125,1.188,0.875,23.16,-79.5,-29.188,-31.75,0.024,0.018,-0.1,-0.36,-0.32,9.63,-0.53,-0.22,-0.17,0.16,-0.09,9.8,2.15875,7.5,10.0,0.0,0.0,5.0,1017.13,65.94,-17.76
2025-03-24 17:20:39.648000+00:00,62.933739676789685,,,,353.125,1.188,0.875,23.16,-62.375,-11.688,-25.875,0.024,0.018,-0.1,-0.36,-0.32,9.63,-0.53,-0.22,-0.17,0.16,-0.09,9.8,2.15875,7.5,10.0,0.0,0.0,5.0,1017.13,65.94,-17.76
2025-03-24 17:20:40.637000+00:00,62.933739676789685,,,,353.125,1.188,0.875,23.16,-56.5,-6.188,-29.875,0.024,0.018,-0.1,-0.36,-0.32,9.63,-0.53,-0.22,-0.17,0.16,-0.09,9.8,2.15875,7.5,10.0,0.0,0.0,5.0,1017.13,65.94,-17.76
2025-03-24 17:20:41.746000+00:00,62.933739676789685,,,,353.125,1.188,0.875,23.16,-98.0,-3.375,-19.25,0.024,0.018,-0.1,-0.36,-0.32,9.63,-0.53,-0.22,-0.17,0.16,-0.09,9.8,2.15875,7.5,10.0,0.0,0.0,5.0,1017.13,65.94,-17.76
2025-03-24 17:20:42.463000+00:00,62.933739676789685,,,,353.125,1.188,0.875,23.16,-123.75,1.375,8.562,0.024,0.018,-0.1,-0.36,-0.32,9.63,-0.53,-0.22,-0.17,0.16,-0.09,9.8,2.15875,7.5,10.0,0.0,0.0,5.0,1017.13,65.94,-17.76
2025-03-24 17:20:43.447000+00:00,62.933739676789685,,,,353.125,1.188,0.875,23.16,-87.0,-5.0,-21.0,0.024,0.018,-0.1,-0.36,-0.32,9.63,-0.53,-0.22,-0.17,0.16,-0.09,9.8,2.15875,7.5,10.0,0.0,0.0,5.0,1017.13,65.94,-17.76
2025-03-24 17:20:44.433000+00:00,62.933739676789685,,,,353.125,1.188,0.875,23.16,-67.188,-12.188,-22.875,0.024,0.018,-0.1,-0.36,-0.32,9.63,-0.53,-0.22,-0.17,0.16,-0.09,9.8,2.15875,7.5,10.0,0.0,0.0,5.0,1017.13,65.94,-17.76
2025-03-24 17:20:45.437000+00:00,62.933739676789685,,,,353.125,1.188,0.875,23.16,-57.0,-12.75,-27.875,0.024,0.018,-0.1,-0.36,-0.32,9.63,-0.53,-0.22,-0.17,0.16,-0.09,9.8,2.15875,7.5,10.0,0.0,0.0,5.0,1017.13,65.94,-17.76
2025-03-24 17:20:46.437000+00:00,62.933739676789685,,,,353.125,1.188,0.875,23.16,-73.25,-3.0,-28.25,0.024,0.018,-0.1,-0.36,-0.32,9.63,-0.53,-0.22,-0.17,0.16,-0.09,9.8,2.15875,7.5,10.0,0.0,0.0,5.0,1017.13,65.94,-17.76
2025-03-24 17:20:47.457000+00:00,62.933739676789685,,,,353.125,1.188,0.875,23.16,-113.375,-8.062,-7.875,0.024,0.018,-0.1,-0.36,-0.32,9.63,-0.53,-0.22,-0.17,0.16,-0.09,9.8,2.15875,7.5,10.0,0.0,0.0,5.0,1017.13,65.94,-17.76
2025-03-24 17:20:48.741000+00:00,62.933739676789685,,,,353.125,1.188,0.875,23.16,-118.5,-0.062,3.875,0.024,0.018,-0.1,-0.36,-0.32,9.63,-0.53,-0.22,-0.17,0.16,-0.09,9.8,2.15875,7.5,10.0,0.0,0.0,5.0,1017.13,65.94,-17.76
2025-03-24 17:20:49.773000+00:00,62.933739676789685,,,,353.125,1.188,0.875,23.16,-86.75,-7.188,-20.688,0.024,0.018,-0.1,-0.36,-0.32,9.63,-0.53,-0.22,-0.17,0.16,-0.09,9.8,2.15875,7.5,10.0,0.0,0.0,5.0,1017.13,65.94,-17.76
2025-03-24 17:20:50.773000+00:00,62.933739676789685,,,,353.125,1.188,0.875,23.16,-69.0,-14.188,-23.5,0.024,0.018,-0.1,-0.36,-0.32,9.63,-0.53,-0.22,-0.17,0.16,-0.09,9.8,2.15875,7.5,10.0,0.0,0.0,5.0,1017.13,65.94,-17.76
2025-03-24 17:20:51.502000+00:00,62.933739676789685,,,,353.125,1.188,0.875,23.16,-56.562,-15.562,-28.875,0.024,0.018,-0.1,-0.36,-0.32,9.63,-0.53,-0.22,-0.17,0.16,-0.09,9.8,2.15875,7.5,10.0,0.0,0.0,5.0,1017.13,65.94,-17.76
2025-03-24 17:20:52.506000+00:00,62.933739676789685,,,,353.125,1.188,0.875,23.16,-77.875,-3.75,-29.5,0.024,0.018,-0.1,-0.36,-0.32,9.63,-0.53,-0.22,-0.17,0.16,-0.09,9.8,2.15875,7.5,10.0,0.0,0.0,5.0,1017.13,65.94,-17.76
2025-03-24 17:20:53.506000+00:00,62.933739676789685,,,,353.125,1.188,0.875,23.16,-120.375,-9.25,0.375,0.024,0.018,-0.1,-0.36,-0.32,9.63,-0.53,-0.22,-0.17,0.16,-0.09,9.8,2.15875,7.5,10.0,0.0,0.0,5.0,1017.13,65.94,-17.76
2025-03-24 17:20:54.518000+00:00,62.933739676789685,,,,353.125,1.188,0.875,23.16,-100.562,-3.5,-15.0,0.024,0.018,-0.1,-0.36,-0.32,9.63,-0.53,-0.22,-0.17,0.16,-0.09,9.8,2.15875,7.5,10.0,0.0,0.0,5.0,1017.13,65.94,-17.76
2025-03-24 17:20:55.537000+00:00,62.933739676789685,,,,353.125,1.188,0.875,23.16,-67.562,-15.688,-24.75,0.024,0.018,-0.1,-0.36,-0.32,9.63,-0.53,-0.22,-0.17,0.16,-0.09,9.8,2.15875,7.5,10.0,0.0,0.0,5.0,1017.13,65.94,-17.76
2025-03-24 17:20:56.597000+00:00,62.933739676789685,,,,353.125,1.188,0.875,23.16,-55.75,-15.5,-30.75,0.024,0.018,-0.1,-0.36,-0.32,9.63,-0.53,-0.22,-0.17,0.16,-0.09,9.8,2.15875,7.5,10.0,0.0,0.0,5.0,1017.13,65.94,-17.76
2025-03-24 17:20:57.565000+00:00,62.933739676789685,,,,353.125,1.188,0.875,23.16,-85.25,-6.875,-26.375,0.024,0.018,-0.1,-0.36,-0.32,9.63,-0.53,-0.22,-0.17,0.16,-0.09,9.8,2.15875,7.5,10.0,0.0,0.0,5.0,1017.13,65.94,-17.76
2025-03-24 17:20:58.732000+00:00,62.933739676789685,,,,353.125,1.188,0.875,23.16,-123.688,-9.688,7.5,0.024,0.018,-0.1,-0.36,-0.32,9.63,-0.53,-0.22,-0.17,0.16,-0.09,9.8,2.15875,7.5,10.0,0.0,0.0,5.0,1017.13,65.94,-17.76
2025-03-24 17:20:59.812000+00:00,62.933739676789685,,,,353.125,1.188,0.875,23.16,-84.875,-12.562,-24.062,0.024,0.018,-0.1,-0.36,-0.32,9.63,-0.53,-0.22,-0.17,0.16,-0.09,9.8,2.15875,7.5,10.0,0.0,0.0,5.0,1017.13,65.94,-17.76
2025-03-24 17:21:00.812000+00:00,62.933739676789685,,,,353.125,1.188,0.875,23.16,-65.25,-20.688,-26.75,0.024,0.018,-0.1,-0.36,-0.32,9.63,-0.53,-0.22,-0.17,0.16,-0.09,9.8,2.15875,7.5,10.0,0.0,0.0,5.0,1017.13,65.94,-17.76
2025-03-24 17:21:01.775000+00:00,62.933739676789685,,,,353.125,1.188,0.875,23.16,-55.188,-17.875,-33.688,0.024,0.018,-0.1,-0.36,-0.32,9.63,-0.53,-0.22,-0.17,0.16,-0.09,9.8,2.15875,7.5,10.0,0.0,0.0,5.0,1017.13,65.94,-17.76
2025-03-24 17:21:02.601000+00:00,62.933739676789685,,,,353.125,1.188,0.875,23.16,-82.75,-11.5,-29.688,0.024,0.018,-0.1,-0.36,-0.32,9.63,-0.53,-0.22,-0.17,0.16,-0.09,9.8,2.15875,7.5,10.0,0.0,0.0,5.0,1017.13,65.94,-17.76
2025-03-24 17:21:03.611000+00:00,62.933739676789685,,,,353.125,1.188,0.875,23.16,-119.062,-8.25,2.562,0.024,0.018,-0.1,-0.36,-0.32,9.63,-0.53,-0.22,-0.17,0.16,-0.09,9.8,2.15875,7.5,10.0,0.0,0.0,5.0,1017.13,65.94,-17.76
2025-03-24 17:21:04.605000+00:00,62.933739676789685,,,,353.125,1.188,0.875,23.16,-78.562,-18.5,-25.75,0.024,0.018,-0.1,-0.36,-0.32,9.63,-0.53,-0.22,-0.17,0.16,-0.09,9.8,2.15875,7.5,10.0,0.0,0.0,5.0,1017.13,65.94,-17.76
2025-03-24 17:21:05.616000+00:00,62.933739676789685,,,,353.125,1.188,0.875,23.16,-63.375,-25.062,-27.188,0.024,0.018,-0.1,-0.36,-0.32,9.63,-0.53,-0.22,-0.17,0.16,-0.09,9.8,2.15875,7.5,10.0,0.0,0.0,5.0,1017.13,65.94,-17.76
2025-03-24 17:21:06.626000+00:00,62.933739676789685,,,,353.125,1.188,0.875,23.16,-56.25,-18.25,-34.25,0.024,0.018,-0.1,-0.36,-0.32,9.63,-0.53,-0.22,-0.17,0.16,-0.09,9.8,2.15875,7.5,10.0,0.0,0.0,5.0,1017.13,65.94,-17.76
2025-03-24 17:21:07.635000+00:00,62.933739676789685,,,,353.125,1.188,0.875,23.16,-85.062,-13.875,-28.0,0.024,0.018,-0.1,-0.36,-0.32,9.63,-0.53,-0.22,-0.17,0.16,-0.09,9.8,2.15875,7.5,10.0,0.0,0.0,5.0,1017.13,65.94,-17.76
2025-03-24 17:21:08.761000+00:00,62.933739676789685,,,,353.125,1.188,0.875,23.16,-121.875,-17.0,-0.188,0.024,0.018,-0.1,-0.36,-0.32,9.63,-0.53,-0.22,-0.17,0.16,-0.09,9.8,2.15875,7.5,10.0,0.0,0.0,5.0,1017.13,65.94,-17.76
2025-03-24 17:21:09.676000+00:00,62.933739676789685,,,,353.125,1.188,0.875,23.16,-87.5,-16.062,-22.562,0.024,0.018,-0.1,-0.36,-0.32,9.63,-0.53,-0.22,-0.17,0.16,-0.09,9.8,2.15875,7.5,10.0,0.0,0.0,5.0,1017.13,65.94,-17.76
2025-03-24 17:21:10.671000+00:00,62.933739676789685,,,,353.125,1.188,0.875,23.16,-65.875,-24.0,-28.0,0.024,0.018,-0.1,-0.36,-0.32,9.63,-0.53,-0.22,-0.17,0.16,-0.09,9.8,2.15875,7.5,10.0,0.0,0.0,5.0,1017.13,65.94,-17.76
2025-03-24 17:21:11.685000+00:00,62.933739676789685,,,,353.125,1.188,0.875,23.16,-56.0,-21.75,-35.688,0.024,0.018,-0.1,-0.36,-0.32,9.63,-0.53,-0.22,-0.17,0.16,-0.09,9.8,2.15875,7.5,10.0,0.0,0.0,5.0,1017.13,65.94,-17.76
2025-03-24 17:21:12.685000+00:00,62.933739676789685,,,,353.125,1.188,0.875,23.16,-72.562,-14.75,-33.5,0.024,0.018,-0.1,-0.36,-0.32,9.63,-0.53,-0.22,-0.17,0.16,-0.09,9.8,2.15875,7.5,10.0,0.0,0.0,5.0,1017.13,65.94,-17.76
2025-03-24 17:21:13.705000+00:00,62.933739676789685,,,,353.125,1.188,0.875,23.16,-116.562,-20.375,-10.188,0.024,0.018,-0.1,-0.36,-0.32,9.63,-0.53,-0.22,-0.17,0.16,-0.09,9.8,2.15875,7.5,10.0,0.0,0.0,5.0,1017.13,65.94,-17.76
2025-03-24 17:20:15.376000+00:00,62.933739676789685,,,,353.125,1.188,0.875,23.16,-116.562,-20.375,-10.188,0.024,0.018,-0.1,-0.36,-0.32,9.63,-0.53,-0.22,-0.17,0.16,-0.09,9.8,2.15875,7.5,10.0,0.0,0.0,5.0,1017.13,65.94,-17.76
2025-03-24 17:20:16.365000+00:00,62.933739676789685,,,,353.125,1.188,0.875,23.16,-116.562,-20.375,-10.188,0.031,-0.027,0.018,-0.36,-0.32,9.63,-0.53,-0.22,-0.17,0.16,-0.09,9.8,2.15875,7.5,10.0,0.0,0.0,5.0,1017.13,65.94,-17.76
2025-03-24 17:20:17.350000+00:00,62.933739676789685,,,,353.125,1.188,0.875,23.16,-116.562,-20.375,-10.188,-0.012,-0.046,0.048,-0.36,-0.32,9.63,-0.53,-0.22,-0.17,0.16,-0.09,9.8,2.15875,7.5,10.0,0.0,0.0,5.0,1017.13,65.94,-17.76
2025-03-24 17:20:18.359000+00:00,62.933739676789685,,,,353.125,1.188,0.875,23.16,-116.562,-20.375,-10.188,-0.022,0.006,0.029,-0.36,-0.32,9.63,-0.53,-0.22,-0.17,0.16,-0.09,9.8,2.15875,7.5,10.0,0.0,0.0,5.0,1017.13,65.94,-17.76
2025-03-24 17:20:19.379000+00:00,62.933739676789685,,,,353.125,1.188,0.875,23.16,-116.562,-20.375,-10.188,0.003,0.007,0.041,-0.36,-0.32,9.63,-0.53,-0.22,-0.17,0.16,-0.09,9.8,2.15875,7.5,10.0,0.0,0.0,5.0,1017.13,65.94,-17.76
2025-03-24 17:20:20.360000+00:00,62.933739676789685,,,,353.125,1.188,0.875,23.16,-116.562,-20.375,-10.188,0.028,0.003,-0.067,-0.36,-0.32,9.63,-0.53,-0.22,-0.17,0.16,-0.09,9.8,2.15875,7.5,10.0,0.0,0.0,5.0,1017.13,65.94,-17.76
2025-03-24 17:20:21.406000+00:00,62.933739676789685,,,,353.125,1.188,0.875,23.16,-116.562,-20.375,-10.188,-0.004,-0.003,0.023,-0.36,-0.32,9.63,-0.53,-0.22,-0.17,0.16,-0.09,9.8,2.15875,7.5,10.0,0.0,0.0,5.0,1017.13,65.94,-17.76
2025-03-24 17:20:22.423000+00:00,62.933739676789685,,,,353.125,1.188,0.875,23.16,-116.562,-20.375,-10.188,-0.009,0.019,0.048,-0.36,-0.32,9.63,-0.53,-0.22,-0.17,0.16,-0.09,9.8,2.15875,7.5,10.0,0.0,0.0,5.0,1017.13,65.94,-17.76
2025-03-24 17:20:23.519000+00:00,62.933739676789685,,,,353.125,1.188,0.875,23.16,-116.562,-20.375,-10.188,0.009,0.013,-0.01,-0.36,-0.32,9.63,-0.53,-0.22,-0.17,0.16,-0.09,9.8,2.15875,7.5,10.0,0.0,0.0,5.0,1017.13,65.94,-17.76
2025-03-24 17:20:24.693000+00:00,62.933739676789685,,,,353.125,1.188,0.875,23.16,-116.562,-20.375,-10.188,-0.012,0.001,0.058,-0.36,-0.32,9.63,-0.53,-0.22,-0.17,0.16,-0.09,9.8,2.15875,7.5,10.0,0.0,0.0,5.0,1017.13,65.94,-17.76
2025-03-24 17:20:25.380000+00:00,62.933739676789685,,,,353.125,1.188,0.875,23.16,-116.562,-20.375,-10.188,-0.028,-0.001,0.011,-0.36,-0.32,9.63,-0.53,-0.22,-0.17,0.16,-0.09,9.8,2.15875,7.5,10.0,0.0,0.0,5.0,1017.13,65.94,-17.76
2025-03-24 17:20:26.459000+00:00,62.933739676789685,,,,353.125,1.188,0.875,23.16,-116.562,-20.375,-10.188,0.013,0.046,-0.032,-0.36,-0.32,9.63,-0.53,-0.22,-0.17,0.16,-0.09,9.8,2.15875,7.5,10.0,0.0,0.0,5.0,1017.13,65.94,-17.76
2025-03-24 17:20:27.388000+00:00,62.933739676789685,,,,353.125,1.188,0.875,23.16,-116.562,-20.375,-10.188,-0.014,-0.013,0.029,-0.36,-0.32,9.63,-0.53,-0.22,-0.17,0.16,-0.09,9.8,2.15875,7.5,10.0,0.0,0.0,5.0,1017.13,65.94,-17.76
2025-03-24 17:20:28.415000+00:00,62.933739676789685,,,,353.125,1.188,0.875,23.16,-116.562,-20.375,-10.188,-0.053,0.004,0.034,-0.36,-0.32,9.63,-0.53,-0.22,-0.17,0.16,-0.09,9.8,2.15875,7.5,10.0,0.0,0.0,5.0,1017.13,65.94,-17.76
2025-03-24 17:20:29.389000+00:00,62.933739676789685,,,,353.125,1.188,0.875,23.16,-116.562,-20.375,-10.188,-0.019,0.007,0.056,-0.36,-0.32,9.63,-0.53,-0.22,-0.17,0.16,-0.09,9.8,2.15875,7.5,10.0,0.0,0.0,5.0,1017.13,65.94,-17.76
2025-03-24 17:20:30.425000+00:00,62.933739676789685,,,,353.125,1.188,0.875,23.16,-116.562,-20.375,-10.188,0.009,0.011,0.019,-0.36,-0.32,9.63,-0.53,-0.22,-0.17,0.16,-0.09,9.8,2.15875,7.5,10.0,0.0,0.0,5.0,1017.13,65.94,-17.76
2025-03-24 17:20:31.448000+00:00,62.933739676789685,,,,353.125,1.188,0.875,23.16,-116.562,-20.375,-10.188,0.019,0.027,-0.083,-0.36,-0.32,9.63,-0.53,-0.22,-0.17,0.16,-0.09,9.8,2.15875,7.5,10.0,0.0,0.0,5.0,1017.13,65.94,-17.76
2025-03-24 17:20:32.675000+00:00,62.933739676789685,,,,353.125,1.188,0.875,23.16,-116.562,-20.375,-10.188,-0.026,-0.01,0.027,-0.36,-0.32,9.63,-0.53,-0.22,-0.17,0.16,-0.09,9.8,2.15875,7.5,10.0,0.0,0.0,5.0,1017.13,65.94,-17.76
2025-03-24 17:20:33.747000+00:00,62.933739676789685,,,,353.125,1.188,0.875,23.16,-116.562,-20.375,-10.188,0.014,0.018,-0.03,-0.36,-0.32,9.63,-0.53,-0.22,-0.17,0.16,-0.09,9.8,2.15875,7.5,10.0,0.0,0.0,5.0,1017.13,65.94,-17.76
2025-03-24 17:20:34.775000+00:00,62.933739676789685,,,,353.125,1.188,0.875,23.16,-116.562,-20.375,-10.188,0.007,0.032,0.012,-0.36,-0.32,9.63,-0.53,-0.22,-0.17,0.16,-0.09,9.8,2.15875,7.5,10.0,0.0,0.0,5.0,1017.13,65.94,-17.76
2025-03-24 17:20:35.431000+00:00,62.933739676789685,,,,353.125,1.188,0.875,23.16,-116.562,-20.375,-10.188,0.052,-0.013,-0.031,-0.36,-0.32,9.63,-0.53,-0.22,-0.17,0.16,-0.09,9.8,2.15875,7.5,10.0,0.0,0.0,5.0,1017.13,65.94,-17.76
2025-03-24 17:20:36.468000+00:00,62.933739676789685,,,,353.125,1.188,0.875,23.16,-116.562,-20.375,-10.188,0.041,-0.012,0.0,-0.36,-0.32,9.63,-0.53,-0.22,-0.17,0.16,-0.09,9.8,2.15875,7.5,10.0,0.0,0.0,5.0,1017.13,65.94,-17.76
2025-03-24 17:20:37.495000+00:00,62.933739676789685,,,,353.125,1.188,0.875,23.16,-116.562,-20.375,-10.188,0.003,-0.014,0.001,-0.36,-0.32,9.63,-0.53,-0.22,-0.17,0.16,-0.09,9.8,2.15875,7.5,10.0,0.0,0.0,5.0,1017.13,65.94,-17.76
2025-03-24 17:20:38.480000+00:00,62.933739676789685,,,,353.125,1.188,0.875,23.16,-116.562,-20.375,-10.188,0.003,-0.001,0.044,-0.36,-0.32,9.63,-0.53,-0.22,-0.17,0.16,-0.09,9.8,2.15875,7.5,10.0,0.0,0.0,5.0,1017.13,65.94,-17.76
2025-03-24 17:20:39.696000+00:00,62.933739676789685,,,,353.125,1.188,0.875,23.16,-116.562,-20.375,-10.188,-0.003,-0.008,0.047,-0.36,-0.32,9.63,-0.53,-0.22,-0.17,0.16,-0.09,9.8,2.15875,7.5,10.0,0.0,0.0,5.0,1017.13,65.94,-17.76
2025-03-24 17:20:40.688000+00:00,62.933739676789685,,,,353.125,1.188,0.875,23.16,-116.562,-20.375,-10.188,0.013,0.02,-0.018,-0.36,-0.32,9.63,-0.53,-0.22,-0.17,0.16,-0.09,9.8,2.15875,7.5,10.0,0.0,0.0,5.0,1017.13,65.94,-17.76
2025-03-24 17:20:41.798000+00:00,62.933739676789685,,,,353.125,1.188,0.875,23.16,-116.562,-20.375,-10.188,-0.023,-0.011,-0.028,-0.36,-0.32,9.63,-0.53,-0.22,-0.17,0.16,-0.09,9.8,2.15875,7.5,10.0,0.0,0.0,5.0,1017.13,65.94,-17.76
2025-03-24 17:20:42.524000+00:00,62.933739676789685,,,,353.125,1.188,0.875,23.16,-116.562,-20.375,-10.188,0.006,-0.027,-0.034,-0.36,-0.32,9.63,-0.53,-0.22,-0.17,0.16,-0.09,9.8,2.15875,7.5,10.0,0.0,0.0,5.0,1017.13,65.94,-17.76
2025-03-24 17:20:43.504000+00:00,62.933739676789685,,,,353.125,1.188,0.875,23.16,-116.562,-20.375,-10.188,-0.006,0.004,-0.01,-0.36,-0.32,9.63,-0.53,-0.22,-0.17,0.16,-0.09,9.8,2.15875,7.5,10.0,0.0,0.0,5.0,1017.13,65.94,-17.76
2025-03-24 17:20:44.491000+00:00,62.933739676789685,,,,353.125,1.188,0.875,23.16,-116.562,-20.375,-10.188,-0.023,-0.048,-0.013,-0.36,-0.32,9.63,-0.53,-0.22,-0.17,0.16,-0.09,9.8,2.15875,7.5,10.0,0.0,0.0,5.0,1017.13,65.94,-17.76
2025-03-24 17:20:45.486000+00:00,62.933739676789685,,,,353.125,1.188,0.875,23.16,-116.562,-20.375,-10.188,-0.022,-0.008,0.05,-0.36,-0.32,9.63,-0.53,-0.22,-0.17,0.16,-0.09,9.8,2.15875,7.5,10.0,0.0,0.0,5.0,1017.13,65.94,-17.76
2025-03-24 17:20:46.487000+00:00,62.933739676789685,,,,353.125,1.188,0.875,23.16,-116.562,-20.375,-10.188,0.009,-0.009,-0.012,-0.36,-0.32,9.63,-0.53,-0.22,-0.17,0.16,-0.09,9.8,2.15875,7.5,10.0,0.0,0.0,5.0,1017.13,65.94,-17.76
2025-03-24 17:20:47.508000+00:00,62.933739676789685,,,,353.125,1.188,0.875,23.16,-116.562,-20.375,-10.188,0.012,-0.038,-0.002,-0.36,-0.32,9.63,-0.53,-0.22,-0.17,0.16,-0.09,9.8,2.15875,7.5,10.0,0.0,0.0,5.0,1017.13,65.94,-17.76
2025-03-24 17:20:48.787000+00:00,62.933739676789685,,,,353.125,1.188,0.875,23.16,-116.562,-20.375,-10.188,-0.017,-0.004,0.054,-0.36,-0.32,9.63,-0.53,-0.22,-0.17,0.16,-0.09,9.8,2.15875,7.5,10.0,0.0,0.0,5.0,1017.13,65.94,-17.76
2025-03-24 17:20:49.826000+00:00,62.933739676789685,,,,353.125,1.188,0.875,23.16,-116.562,-20.375,-10.188,-0.014,0.027,0.013,-0.36,-0.32,9.63,-0.53,-0.22,-0.17,0.16,-0.09,9.8,2.15875,7.5,10.0,0.0,0.0,5.0,1017.13,65.94,-17.76
2025-03-24 17:20:50.833000+00:00,62.933739676789685,,,,353.125,1.188,0.875,23.16,-116.562,-20.375,-10.188,-0.026,-0.007,0.011,-0.36,-0.32,9.63,-0.53,-0.22,-0.17,0.16,-0.09,9.8,2.15875,7.5,10.0,0.0,0.0,5.0,1017.13,65.94,-17.76
2025-03-24 17:20:51.557000+00:00,62.933739676789685,,,,353.125,1.188,0.875,23.16,-116.562,-20.375,-10.188,-0.028,0.008,0.052,-0.36,-0.32,9.63,-0.53,-0.22,-0.17,0.16,-0.09,9.8,2.15875,7.5,10.0,0.0,0.0,5.0,1017.13,65.94,-17.76
2025-03-24 17:20:52.556000+00:00,62.933739676789685,,,,353.125,1.188,0.875,23.16,-116.562,-20.375,-10.188,0.032,-0.009,-0.047,-0.36,-0.32,9.63,-0.53,-0.22,-0.17,0.16,-0.09,9.8,2.15875,7.5,10.0,0.0,0.0,5.0,1017.13,65.94,-17.76
2025-03-24 17:20:53.557000+00:00,62.933739676789685,,,,353.125,1.188,0.875,23.16,-116.562,-20.375,-10.188,-0.029,0.007,0.04,-0.36,-0.32,9.63,-0.53,-0.22,-0.17,0.16,-0.09,9.8,2.15875,7.5,10.0,0.0,0.0,5.0,1017.13,65.94,-17.76
2025-03-24 17:20:54.578000+00:00,62.933739676789685,,,,353.125,1.188,0.875,23.16,-116.562,-20.375,-10.188,-0.008,-0.033,0.012,-0.36,-0.32,9.63,-0.53,-0.22,-0.17,0.16,-0.09,9.8,2.15875,7.5,10.0,0.0,0.0,5.0,1017.13,65.94,-17.76
2025-03-24 17:20:55.586000+00:00,62.933739676789685,,,,353.125,1.188,0.875,23.16,-116.562,-20.375,-10.188,-0.008,-0.013,0.018,-0.36,-0.32,9.63,-0.53,-0.22,-0.17,0.16,-0.09,9.8,2.15875,7.5,10.0,0.0,0.0,5.0,1017.13,65.94,-17.76
2025-03-24 17:20:56.663000+00:00,62.933739676789685,,,,353.125,1.188,0.875,23.16,-116.562,-20.375,-10.188,0.001,0.026,0.051,-0.36,-0.32,9.63,-0.53,-0.22,-0.17,0.16,-0.09,9.8,2.15875,7.5,10.0,0.0,0.0,5.0,1017.13,65.94,-17.76
2025-03-24 17:20:57.623000+00:00,62.933739676789685,,,,353.125,1.188,0.875,23.16,-116.562,-20.375,-10.188,-0.004,0.031,-0.063,-0.36,-0.32,9.63,-0.53,-0.22,-0.17,0.16,-0.09,9.8,2.15875,7.5,10.0,0.0,0.0,5.0,1017.13,65.94,-17.76
2025-03-24 17:20:58.791000+00:00,62.933739676789685,,,,353.125,1.188,0.875,23.16,-116.562,-20.375,-10.188,0.002,-0.021,-0.062,-0.36,-0.32,9.63,-0.53,-0.22,-0.17,0.16,-0.09,9.8,2.15875,7.5,10.0,0.0,0.0,5.0,1017.13,65.94,-17.76
2025-03-24 17:20:59.873000+00:00,62.933739676789685,,,,353.125,1.188,0.875,23.16,-116.562,-20.375,-10.188,-0.006,-0.022,0.02,-0.36,-0.32,9.63,-0.53,-0.22,-0.17,0.16,-0.09,9.8,2.15875,7.5,10.0,0.0,0.0,5.0,1017.13,65.94,-17.76
2025-03-24 17:21:00.873000+00:00,62.933739676789685,,,,353.125,1.188,0.875,23.16,-116.562,-20.375,-10.188,0.029,0.007,-0.008,-0.36,-0.32,9.63,-0.53,-0.22,-0.17,0.16,-0.09,9.8,2.15875,7.5,10.0,0.0,0.0,5.0,1017.13,65.94,-17.76
2025-03-24 17:21:01.832000+00:00,62.933739676789685,,,,353.125,1.188,0.875,23.16,-116.562,-20.375,-10.188,-0.041,-0.006,0.142,-0.36,-0.32,9.63,-0.53,-0.22,-0.17,0.16,-0.09,9.8,2.15875,7.5,10.0,0.0,0.0,5.0,1017.13,65.94,-17.76
2025-03-24 17:21:02.656000+00:00,62.933739676789685,,,,353.125,1.188,0.875,23.16,-116.562,-20.375,-10.188,-0.02,0.031,0.042,-0.36,-0.32,9.63,-0.53,-0.22,-0.17,0.16,-0.09,9.8,2.15875,7.5,10.0,0.0,0.0,5.0,1017.13,65.94,-17.76
2025-03-24 17:21:03.666000+00:00,62.933739676789685,,,,353.125,1.188,0.875,23.16,-116.562,-20.375,-10.188,-0.01,0.019,-0.043,-0.36,-0.32,9.63,-0.53,-0.22,-0.17,0.16,-0.09,9.8,2.15875,7.5,10.0,0.0,0.0,5.0,1017.13,65.94,-17.76
2025-03-24 17:21:04.656000+00:00,62.933739676789685,,,,353.125,1.188,0.875,23.16,-116.562,-20.375,-10.188,-0.043,-0.033,0.021,-0.36,-0.32,9.63,-0.53,-0.22,-0.17,0.16,-0.09,9.8,2.15875,7.5,10.0,0.0,0.0,5.0,1017.13,65.94,-17.76
2025-03-24 17:21:05.666000+00:00,62.933739676789685,,,,353.125,1.188,0.875,23.16,-116.562,-20.375,-10.188,0.032,0.021,-0.039,-0.36,-0.32,9.63,-0.53,-0.22,-0.17,0.16,-0.09,9.8,2.15875,7.5,10.0,0.0,0.0,5.0,1017.13,65.94,-17.76
2025-03-24 17:21:06.677000+00:00,62.933739676789685,,,,353.125,1.188,0.875,23.16,-116.562,-20.375,-10.188,-0.008,-0.044,-0.024,-0.36,-0.32,9.63,-0.53,-0.22,-0.17,0.16,-0.09,9.8,2.15875,7.5,10.0,0.0,0.0,5.0,1017.13,65.94,-17.76
2025-03-24 17:21:07.685000+00:00,62.933739676789685,,,,353.125,1.188,0.875,23.16,-116.562,-20.375,-10.188,-0.034,-0.027,0.037,-0.36,-0.32,9.63,-0.53,-0.22,-0.17,0.16,-0.09,9.8,2.15875,7.5,10.0,0.0,0.0,5.0,1017.13,65.94,-17.76
2025-03-24 17:21:08.821000+00:00,62.933739676789685,,,,353.125,1.188,0.875,23.16,-116.562,-20.375,-10.188,0.006,0.006,-0.072,-0.36,-0.32,9.63,-0.53,-0.22,-0.17,0.16,-0.09,9.8,2.15875,7.5,10.0,0.0,0.0,5.0,1017.13,65.94,-17.76
2025-03-24 17:21:09.732000+00:00,62.933739676789685,,,,353.125,1.188,0.875,23.16,-116.562,-20.375,-10.188,0.041,0.034,-0.002,-0.36,-0.32,9.63,-0.53,-0.22,-0.17,0.16,-0.09,9.8,2.15875,7.5,10.0,0.0,0.0,5.0,1017.13,65.94,-17.76
2025-03-24 17:21:10.722000+00:00,62.933739676789685,,,,353.125,1.188,0.875,23.16,-116.562,-20.375,-10.188,0.002,-0.017,0.033,-0.36,-0.32,9.63,-0.53,-0.22,-0.17,0.16,-0.09,9.8,2.15875,7.5,10.0,0.0,0.0,5.0,1017.13,65.94,-17.76
2025-03-24 17:21:11.737000+00:00,62.933739676789685,,,,353.125,1.188,0.875,23.16,-116.562,-20.375,-10.188,0.037,0.002,-0.017,-0.36,-0.32,9.63,-0.53,-0.22,-0.17,0.16,-0.09,9.8,2.15875,7.5,10.0,0.0,0.0,5.0,1017.13,65.94,-17.76
2025-03-24 17:21:12.735000+00:00,62.933739676789685,,,,353.125,1.188,0.875,23.16,-116.562,-20.375,-10.188,-0.02,-0.027,-0.009,-0.36,-0.32,9.63,-0.53,-0.22,-0.17,0.16,-0.09,9.8,2.15875,7.5,10.0,0.0,0.0,5.0,1017.13,65.94,-17.76
2025-03-24 17:21:13.755000+00:00,62.933739676789685,,,,353.125,1.188,0.875,23.16,-116.562,-20.375,-10.188,-0.034,-0.007,-0.072,-0.36,-0.32,9.63,-0.53,-0.22,-0.17,0.16,-0.09,9.8,2.15875,7.5,10.0,0.0,0.0,5.0,1017.13,65.94,-17.76
2025-03-24 17:20:15.430000+00:00,62.933739676789685,,,,353.125,1.188,0.875,23.16,-116.562,-20.375,-10.188,-0.034,-0.007,-0.072,-0.36,-0.32,9.63,-0.53,-0.22,-0.17,0.16,-0.09,9.8,2.15875,7.5,10.0,0.0,0.0,5.0,1017.13,65.94,-17.76
2025-03-24 17:20:16.429000+00:00,62.933739676789685,,,,353.125,1.188,0.875,23.16,-116.562,-20.375,-10.188,-0.034,-0.007,-0.072,0.03,0.29,9.28,-0.53,-0.22,-0.17,0.16,-0.09,9.8,2.15875,7.5,10.0,0.0,0.0,5.0,1017.13,65.94,-17.76
2025-03-24 17:20:17.400000+00:00,62.933739676789685,,,,353.125,1.188,0.875,23.16,-116.562,-20.375,-10.188,-0.034,-0.007,-0.072,0.65,0.24,9.14,-0.53,-0.22,-0.17,0.16,-0.09,9.8,2.15875,7.5,10.0,0.0,0.0,5.0,1017.13,65.94,-17.76
2025-03-24 17:20:18.416000+00:00,62.933739676789685,,,,353.125,1.188,0.875,23.16,-116.562,-20.375,-10.188,-0.034,-0.007,-0.072,-1.29,0.52,9.39,-0.53,-0.22,-0.17,0.16,-0.09,9.8,2.15875,7.5,10.0,0.0,0.0,5.0,1017.13,65.94,-17.76
2025-03-24 17:20:19.439000+00:00,62.933739676789685,,,,353.125,1.188,0.875,23.16,-116.562,-20.375,-10.188,-0.034,-0.007,-0.072,-0.34,0.27,9.49,-0.53,-0.22,-0.17,0.16,-0.09,9.8,2.15875,7.5,10.0,0.0,0.0,5.0,1017.13,65.94,-17.76
2025-03-24 17:20:20.419000+00:00,62.933739676789685,,,,353.125,1.188,0.875,23.16,-116.562,-20.375,-10.188,-0.034,-0.007,-0.072,-0.3,0.1,9.42,-0.53,-0.22,-0.17,0.16,-0.09,9.8,2.15875,7.5,10.0,0.0,0.0,5.0,1017.13,65.94,-17.76
2025-03-24 17:20:21.463000+00:00,62.933739676789685,,,,353.125,1.188,0.875,23.16,-116.562,-20.375,-10.188,-0.034,-0.007,-0.072,-0.45,0.8,9.33,-0.53,-0.22,-0.17,0.16,-0.09,9.8,2.15875,7.5,10.0,0.0,0.0,5.0,1017.13,65.94,-17.76
2025-03-24 17:20:22.469000+00:00,62.933739676789685,,,,353.125,1.188,0.875,23.16,-116.562,-20.375,-10.188,-0.034,-0.007,-0.072,0.48,0.4,9.48,-0.53,-0.22,-0.17,0.16,-0.09,9.8,2.15875,7.5,10.0,0.0,0.0,5.0,1017.13,65.94,-17.76
2025-03-24 17:20:23.569000+00:00,62.933739676789685,,,,353.125,1.188,0.875,23.16,-116.562,-20.375,-10.188,-0.034,-0.007,-0.072,0.34,0.44,9.28,-0.53,-0.22,-0.17,0.16,-0.09,9.8,2.15875,7.5,10.0,0.0,0.0,5.0,1017.13,65.94,-17.76
2025-03-24 17:20:24.745000+00:00,62.933739676789685,,,,353.125,1.188,0.875,23.16,-116.562,-20.375,-10.188,-0.034,-0.007,-0.072,0.04,0.12,9.58,-0.53,-0.22,-0.17,0.16,-0.09,9.8,2.15875,7.5,10.0,0.0,0.0,5.0,1017.13,65.94,-17.76
2025-03-24 17:20:25.428000+00:00,62.933739676789685,,,,353.125,1.188,0.875,23.16,-116.562,-20.375,-10.188,-0.034,-0.007,-0.072,-0.32,0.0,9.51,-0.53,-0.22,-0.17,0.16,-0.09,9.8,2.15875,7.5,10.0,0.0,0.0,5.0,1017.13,65.94,-17.76
2025-03-24 17:20:26.509000+00:00,62.933739676789685,,,,353.125,1.188,0.875,23.16,-116.562,-20.375,-10.188,-0.034,-0.007,-0.072,-0.28,-0.26,9.28,-0.53,-0.22,-0.17,0.16,-0.09,9.8,2.15875,7.5,10.0,0.0,0.0,5.0,1017.13,65.94,-17.76
2025-03-24 17:20:27.443000+00:00,62.933739676789685,,,,353.125,1.188,0.875,23.16,-116.562,-20.375,-10.188,-0.034,-0.007,-0.072,-0.62,0.62,9.4,-0.53,-0.22,-0.17,0.16,-0.09,9.8,2.15875,7.5,10.0,0.0,0.0,5.0,1017.13,65.94,-17.76
2025-03-24 17:20:28.468000+00:00,62.933739676789685,,,,353.125,1.188,0.875,23.16,-116.562,-20.375,-10.188,-0.034,-0.007,-0.072,-0.01,-0.73,9.69,-0.53,-0.22,-0.17,0.16,-0.09,9.8,2.15875,7.5,10.0,0.0,0.0,5.0,1017.13,65.94,-17.76
2025-03-24 17:20:29.447000+00:00,62.933739676789685,,,,353.125,1.188,0.875,23.16,-116.562,-20.375,-10.188,-0.034,-0.007,-0.072,0.73,0.19,9.34,-0.53,-0.22,-0.17,0.16,-0.09,9.8,2.15875,7.5,10.0,0.0,0.0,5.0,1017.13,65.94,-17.76
2025-03-24 17:20:30.480000+00:00,62.933739676789685,,,,353.125,1.188,0.875,23.16,-116.562,-20.375,-10.188,-0.034,-0.007,-0.072,0.52,-0.13,9.16,-0.53,-0.22,-0.17,0.16,-0.09,9.8,2.15875,7.5,10.0,0.0,0.0,5.0,1017.13,65.94,-17.76
2025-03-24 17:20:31.507000+00:00,62.933739676789685,,,,353.125,1.188,0.875,23.16,-116.562,-20.375,-10.188,-0.034,-0.007,-0.072,-0.48,0.21,9.18,-0.53,-0.22,-0.17,0.16,-0.09,9.8,2.15875,7.5,10.0,0.0,0.0,5.0,1017.13,65.94,-17.76
2025-03-24 17:20:32.733000+00:00,62.933739676789685,,,,353.125,1.188,0.875,23.16,-116.562,-20.375,-10.188,-0.034,-0.007,-0.072,-0.02,-0.9,9.44,-0.53,-0.22,-0.17,0.16,-0.09,9.8,2.15875,7.5,10.0,0.0,0.0,5.0,1017.13,65.94,-17.76
2025-03-24 17:20:33.798000+00:00,62.933739676789685,,,,353.125,1.188,0.875,23.16,-116.562,-20.375,-10.188,-0.034,-0.007,-0.072,-0.24,-0.6,9.27,-0.53,-0.22,-0.17,0.16,-0.09,9.8,2.15875,7.5,10.0,0.0,0.0,5.0,1017.13,65.94,-17.76
2025-03-24 17:20:34.835000+00:00,62.933739676789685,,,,353.125,1.188,0.875,23.16,-116.562,-20.375,-10.188,-0.034,-0.007,-0.072,-0.9,0.49,9.32,-0.53,-0.22,-0.17,0.16,-0.09,9.8,2.15875,7.5,10.0,0.0,0.0,5.0,1017.13,65.94,-17.76
2025-03-24 17:20:35.495000+00:00,62.933739676789685,,,,353.125,1.188,0.875,23.16,-116.562,-20.375,-10.188,-0.034,-0.007,-0.072,0.14,0.7,9.36,-0.53,-0.22,-0.17,0.16,-0.09,9.8,2.15875,7.5,10.0,0.0,0.0,5.0,1017.13,65.94,-17.76
2025-03-24 17:20:36.518000+00:00,62.933739676789685,,,,353.125,1.188,0.875,23.16,-116.562,-20.375,-10.188,-0.034,-0.007,-0.072,0.11,-0.01,9.5,-0.53,-0.22,-0.17,0.16,-0.09,9.8,2.15875,7.5,10.0,0.0,0.0,5.0,1017.13,65.94,-17.76
2025-03-24 17:20:37.555000+00:00,62.933739676789685,,,,353.125,1.188,0.875,23.16,-116.562,-20.375,-10.188,-0.034,-0.007,-0.072,-0.62,0.27,9.32,-0.53,-0.22,-0.17,0.16,-0.09,9.8,2.15875,7.5,10.0,0.0,0.0,5.0,1017.13,65.94,-17.76
2025-03-24 17:20:38.529000+00:00,62.933739676789685,,,,353.125,1.188,0.875,23.16,-116.562,-20.375,-10.188,-0.034,-0.007,-0.072,0.17,0.03,9.54,-0.53,-0.22,-0.17,0.16,-0.09,9.8,2.15875,7.5,10.0,0.0,0.0,5.0,1017.13,65.94,-17.76
2025-03-24 17:20:39.747000+00:00,62.933739676789685,,,,353.125,1.188,0.875,23.16,-116.562,-20.375,-10.188,-0.034,-0.007,-0.072,-0.03,0.35,9.57,-0.53,-0.22,-0.17,0.16,-0.09,9.8,2.15875,7.5,10.0,0.0,0.0,5.0,1017.13,65.94,-17.76
2025-03-24 17:20:40.737000+00:00,62.933739676789685,,,,353.125,1.188,0.875,23.16,-116.562,-20.375,-10.188,-0.034,-0.007,-0.072,-0.72,0.33,9.63,-0.53,-0.22,-0.17,0.16,-0.09,9.8,2.15875,7.5,10.0,0.0,0.0,5.0,1017.13,65.94,-17.76
2025-03-24 17:20:41.848000+00:00,62.933739676789685,,,,353.125,1.188,0.875,23.16,-116.562,-20.375,-10.188,-0.034,-0.007,-0.072,-0.17,-0.22,9.27,-0.53,-0.22,-0.17,0.16,-0.09,9.8,2.15875,7.5,10.0,0.0,0.0,5.0,1017.13,65.94,-17.76
2025-03-24 17:20:42.581000+00:00,62.933739676789685,,,,353.125,1.188,0.875,23.16,-116.562,-20.375,-10.188,-0.034,-0.007,-0.072,-1.06,0.32,9.63,-0.53,-0.22,-0.17,0.16,-0.09,9.8,2.15875,7.5,10.0,0.0,0.0,5.0,1017.13,65.94,-17.76
2025-03-24 17:20:43.559000+00:00,62.933739676789685,,,,353.125,1.188,0.875,23.16,-116.562,-20.375,-10.188,-0.034,-0.007,-0.072,0.19,0.12,9.47,-0.53,-0.22,-0.17,0.16,-0.09,9.8,2.15875,7.5,10.0,0.0,0.0,5.0,1017.13,65.94,-17.76
2025-03-24 17:20:44.537000+00:00,62.933739676789685,,,,353.125,1.188,0.875,23.16,-116.562,-20.375,-10.188,-0.034,-0.007,-0.072,-0.18,-0.56,9.56,-0.53,-0.22,-0.17,0.16,-0.09,9.8,2.15875,7.5,10.0,0.0,0.0,5.0,1017.13,65.94,-17.76
2025-03-24 17:20:45.537000+00:00,62.933739676789685,,,,353.125,1.188,0.875,23.16,-116.562,-20.375,-10.188,-0.034,-0.007,-0.072,-0.58,-0.05,9.46,-0.53,-0.22,-0.17,0.16,-0.09,9.8,2.15875,7.5,10.0,0.0,0.0,5.0,1017.13,65.94,-17.76
2025-03-24 17:20:46.546000+00:00,62.933739676789685,,,,353.125,1.188,0.875,23.16,-116.562,-20.375,-10.188,-0.034,-0.007,-0.072,-0.82,0.54,9.22,-0.53,-0.22,-0.17,0.16,-0.09,9.8,2.15875,7.5,10.0,0.0,0.0,5.0,1017.13,65.94,-17.76
2025-03-24 17:20:47.557000+00:00,62.933739676789685,,,,353.125,1.188,0.875,23.16,-116.562,-20.375,-10.188,-0.034,-0.007,-0.072,0.93,-0.22,9.51,-0.53,-0.22,-0.17,0.16,-0.09,9.8,2.15875,7.5,10.0,0.0,0.0,5.0,1017.13,65.94,-17.76
2025-03-24 17:20:48.839000+00:00,62.933739676789685,,,,353.125,1.188,0.875,23.16,-116.562,-20.375,-10.188,-0.034,-0.007,-0.072,-0.25,0.26,9.39,-0.53,-0.22,-0.17,0.16,-0.09,9.8,2.15875,7.5,10.0,0.0,0.0,5.0,1017.13,65.94,-17.76
2025-03-24 17:20:49.879000+00:00,62.933739676789685,,,,353.125,1.188,0.875,23.16,-116.562,-20.375,-10.188,-0.034,-0.007,-0.072,-0.2,-0.23,9.3,-0.53,-0.22,-0.17,0.16,-0.09,9.8,2.15875,7.5,10.0,0.0,0.0,5.0,1017.13,65.94,-17.76
2025-03-24 17:20:50.887000+00:00,62.933739676789685,,,,353.125,1.188,0.875,23.16,-116.562,-20.375,-10.188,-0.034,-0.007,-0.072,-0.11,0.61,9.59,-0.53,-0.22,-0.17,0.16,-0.09,9.8,2.15875,7.5,10.0,0.0,0.0,5.0,1017.13,65.94,-17.76
2025-03-24 17:20:51.607000+00:00,62.933739676789685,,,,353.125,1.188,0.875,23.16,-116.562,-20.375,-10.188,-0.034,-0.007,-0.072,0.16,0.43,9.51,-0.53,-0.22,-0.17,0.16,-0.09,9.8,2.15875,7.5,10.0,0.0,0.0,5.0,1017.13,65.94,-17.76
2025-03-24 17:20:52.606000+00:00,62.933739676789685,,,,353.125,1.188,0.875,23.16,-116.562,-20.375,-10.188,-0.034,-0.007,-0.072,0.67,0.53,9.56,-0.53,-0.22,-0.17,0.16,-0.09,9.8,2.15875,7.5,10.0,0.0,0.0,5.0,1017.13,65.94,-17.76
2025-03-24 17:20:53.607000+00:00,62.933739676789685,,,,353.125,1.188,0.875,23.16,-116.562,-20.375,-10.188,-0.034,-0.007,-0.072,0.13,-0.19,9.74,-0.53,-0.22,-0.17,0.16,-0.09,9.8,2.15875,7.5,10.0,0.0,0.0,5.0,1017.13,65.94,-17.76
2025-03-24 17:20:54.626000+00:00,62.933739676789685,,,,353.125,1.188,0.875,23.16,-116.562,-20.375,-10.188,-0.034,-0.007,-0.072,-0.67,-0.14,9.55,-0.53,-0.22,-0.17,0.16,-0.09,9.8,2.15875,7.5,10.0,0.0,0.0,5.0,1017.13,65.94,-17.76
2025-03-24 17:20:55.643000+00:00,62.933739676789685,,,,353.125,1.188,0.875,23.16,-116.562,-20.375,-10.188,-0.034,-0.007,-0.072,0.53,0.25,9.09,-0.53,-0.22,-0.17,0.16,-0.09,9.8,2.15875,7.5,10.0,0.0,0.0,5.0,1017.13,65.94,-17.76
2025-03-24 17:20:56.721000+00:00,62.933739676789685,,,,353.125,1.188,0.875,23.16,-116.562,-20.375,-10.188,-0.034,-0.007,-0.072,-0.72,0.32,9.77,-0.53,-0.22,-0.17,0.16,-0.09,9.8,2.15875,7.5,10.0,0.0,0.0,5.0,1017.13,65.94,-17.76
2025-03-24 17:20:57.683000+00:00,62.933739676789685,,,,353.125,1.188,0.875,23.16,-116.562,-20.375,-10.188,-0.034,-0.007,-0.072,-1.38,0.08,9.68,-0.53,-0.22,-0.17,0.16,-0.09,9.8,2.15875,7.5,10.0,0.0,0.0,5.0,1017.13,65.94,-17.76
2025-03-24 17:20:58.840000+00:00,62.933739676789685,,,,353.125,1.188,0.875,23.16,-116.562,-20.375,-10.188,-0.034,-0.007,-0.072,-0.41,0.5,9.55,-0.53,-0.22,-0.17,0.16,-0.09,9.8,2.15875,7.5,10.0,0.0,0.0,5.0,1017.13,65.94,-17.76
2025-03-24 17:20:59.930000+00:00,62.933739676789685,,,,353.125,1.188,0.875,23.16,-116.562,-20.375,-10.188,-0.034,-0.007,-0.072,0.0,0.11,9.38,-0.53,-0.22,-0.17,0.16,-0.09,9.8,2.15875,7.5,10.0,0.0,0.0,5.0,1017.13,65.94,-17.76
2025-03-24 17:21:00.929000+00:00,62.933739676789685,,,,353.125,1.188,0.875,23.16,-116.562,-20.375,-10.188,-0.034,-0.007,-0.072,-0.68,-0.12,9.34,-0.53,-0.22,-0.17,0.16,-0.09,9.8,2.15875,7.5,10.0,0.0,0.0,5.0,1017.13,65.94,-17.76
2025-03-24 17:21:01.892000+00:00,62.933739676789685,,,,353.125,1.188,0.875,23.16,-116.562,-20.375,-10.188,-0.034,-0.007,-0.072,-0.22,0.73,9.29,-0.53,-0.22,-0.17,0.16,-0.09,9.8,2.15875,7.5,10.0,0.0,0.0,5.0,1017.13,65.94,-17.76
2025-03-24 17:21:02.707000+00:00,62.933739676789685,,,,353.125,1.188,0.875,23.16,-116.562,-20.375,-10.188,-0.034,-0.007,-0.072,0.02,0.63,9.27,-0.53,-0.22,-0.17,0.16,-0.09,9.8,2.15875,7.5,10.0,0.0,0.0,5.0,1017.13,65.94,-17.76
2025-03-24 17:21:03.722000+00:00,62.933739676789685,,,,353.125,1.188,0.875,23.16,-116.562,-20.375,-10.188,-0.034,-0.007,-0.072,-0.5,0.17,9.39,-0.53,-0.22,-0.17,0.16,-0.09,9.8,2.15875,7.5,10.0,0.0,0.0,5.0,1017.13,65.94,-17.76
2025-03-24 17:21:04.710000+00:00,62.933739676789685,,,,353.125,1.188,0.875,23.16,-116.562,-20.375,-10.188,-0.034,-0.007,-0.072,-0.07,-0.17,9.52,-0.53,-0.22,-0.17,0.16,-0.09,9.8,2.15875,7.5,10.0,0.0,0.0,5.0,1017.13,65.94,-17.76
2025-03-24 17:21:05.717000+00:00,62.933739676789685,,,,353.125,1.188,0.875,23.16,-116.562,-20.375,-10.188,-0.034,-0.007,-0.072,0.64,0.31,9.29,-0.53,-0.22,-0.17,0.16,-0.09,9.8,2.15875,7.5,10.0,0.0,0.0,5.0,1017.13,65.94,-17.76
2025-03-24 17:21:06.733000+00:00,62.933739676789685,,,,353.125,1.188,0.875,23.16,-116.562,-20.375,-10.188,-0.034,-0.007,-0.072,-0.6,0.38,9.51,-0.53,-0.22,-0.17,0.16,-0.09,9.8,2.15875,7.5,10.0,0.0,0.0,5.0,1017.13,65.94,-17.76
2025-03-24 17:21:07.742000+00:00,62.933739676789685,,,,353.125,1.188,0.875,23.16,-116.562,-20.375,-10.188,-0.034,-0.007,-0.072,-0.1,0.1,9.44,-0.53,-0.22,-0.17,0.16,-0.09,9.8,2.15875,7.5,10.0,0.0,0.0,5.0,1017.13,65.94,-17.76
2025-03-24 17:21:08.866000+00:00,62.933739676789685,,,,353.125,1.188,0.875,23.16,-116.562,-20.375,-10.188,-0.034,-0.007,-0.072,-0.27,0.0,9.58,-0.53,-0.22,-0.17,0.16,-0.09,9.8,2.15875,7.5,10.0,0.0,0.0,5.0,1017.13,65.94,-17.76
2025-03-24 17:21:09.792000+00:00,62.933739676789685,,,,353.125,1.188,0.875,23.16,-116.562,-20.375,-10.188,-0.034,-0.007,-0.072,-0.62,0.76,9.47,-0.53,-0.22,-0.17,0.16,-0.09,9.8,2.15875,7.5,10.0,0.0,0.0,5.0,1017.13,65.94,-17.76
2025-03-24 17:21:10.782000+00:00,62.933739676789685,,,,353.125,1.188,0.875,23.16,-116.562,-20.375,-10.188,-0.034,-0.007,-0.072,0.33,0.0,9.0,-0.53,-0.22,-0.17,0.16,-0.09,9.8,2.15875,7.5,10.0,0.0,0.0,5.0,1017.13,65.94,-17.76
2025-03-24 17:21:11.785000+00:00,62.933739676789685,,,,353.125,1.188,0.875,23.16,-116.562,-20.375,-10.188,-0.034,-0.007,-0.072,0.25,0.21,9.61,-0.53,-0.22,-0.17,0.16,-0.09,9.8,2.15875,7.5,10.0,0.0,0.0,5.0,1017.13,65.94,-17.76
2025-03-24 17:21:12.795000+00:00,62.933739676789685,,,,353.125,1.188,0.875,23.16,-116.562,-20.375,-10.188,-0.034,-0.007,-0.072,-0.08,0.66,9.66,-0.53,-0.22,-0.17,0.16,-0.09,9.8,2.15875,7.5,10.0,0.0,0.0,5.0,1017.13,65.94,-17.76
2025-03-24 17:21:13.805000+00:00,62.933739676789685,,,,353.125,1.188,0.875,23.16,-116.562,-20.375,-10.188,-0.034,-0.007,-0.072,-0.42,0.5,9.2,-0.53,-0.22,-0.17,0.16,-0.09,9.8,2.15875,7.5,10.0,0.0,0.0,5.0,1017.13,65.94,-17.76
2025-03-24 17:20:15.480000+00:00,62.933739676789685,,,,353.125,1.188,0.875,23.16,-116.562,-20.375,-10.188,-0.034,-0.007,-0.072,-0.42,0.5,9.2,-0.53,-0.22,-0.17,0.16,-0.09,9.8,2.15875,7.5,10.0,0.0,0.0,5.0,1017.13,65.94,-17.76
2025-03-24 17:20:16.485000+00:00,62.933739676789685,,,,353.125,1.188,0.875,23.16,-116.562,-20.375,-10.188,-0.034,-0.007,-0.072,-0.42,0.5,9.2,-0.15,0.41,-0.51,0.16,-0.09,9.8,2.15875,7.5,10.0,0.0,0.0,5.0,1017.13,65.94,-17.76
2025-03-24 17:20:17.453000+00:00,62.933739676789685,,,,353.125,1.188,0.875,23.16,-116.562,-20.375,-10.188,-0.034,-0.007,-0.072,-0.42,0.5,9.2,0.46,0.34,-0.66,0.16,-0.09,9.8,2.15875,7.5,10.0,0.0,0.0,5.0,1017.13,65.94,-17.76
2025-03-24 17:20:18.469000+00:00,62.933739676789685,,,,353.125,1.188,0.875,23.16,-116.562,-20.375,-10.188,-0.034,-0.007,-0.072,-0.42,0.5,9.2,-1.47,0.62,-0.4,0.16,-0.09,9.8,2.15875,7.5,10.0,0.0,0.0,5.0,1017.13,65.94,-17.76
2025-03-24 17:20:19.488000+00:00,62.933739676789685,,,,353.125,1.188,0.875,23.16,-116.562,-20.375,-10.188,-0.034,-0.007,-0.072,-0.42,0.5,9.2,-0.51,0.38,-0.31,0.16,-0.09,9.8,2.15875,7.5,10.0,0.0,0.0,5.0,1017.13,65.94,-17.76
2025-03-24 17:20:20.468000+00:00,62.933739676789685,,,,353.125,1.188,0.875,23.16,-116.562,-20.375,-10.188,-0.034,-0.007,-0.072,-0.42,0.5,9.2,-0.44,0.15,-0.38,0.16,-0.09,9.8,2.15875,7.5,10.0,0.0,0.0,5.0,1017.13,65.94,-17.76
2025-03-24 17:20:21.508000+00:00,62.933739676789685,,,,353.125,1.188,0.875,23.16,-116.562,-20.375,-10.188,-0.034,-0.007,-0.072,-0.42,0.5,9.2,-0.6,0.85,-0.46,0.16,-0.09,9.8,2.15875,7.5,10.0,0.0,0.0,5.0,1017.13,65.94,-17.76
2025-03-24 17:20:22.525000+00:00,62.933739676789685,,,,353.125,1.188,0.875,23.16,-116.562,-20.375,-10.188,-0.034,-0.007,-0.072,-0.42,0.5,9.2,0.31,0.5,-0.32,0.16,-0.09,9.8,2.15875,7.5,10.0,0.0,0.0,5.0,1017.13,65.94,-17.76
2025-03-24 17:20:23.620000+00:00,62.933739676789685,,,,353.125,1.188,0.875,23.16,-116.562,-20.375,-10.188,-0.034,-0.007,-0.072,-0.42,0.5,9.2,0.16,0.53,-0.51,0.16,-0.09,9.8,2.15875,7.5,10.0,0.0,0.0,5.0,1017.13,65.94,-17.76
2025-03-24 17:20:24.805000+00:00,62.933739676789685,,,,353.125,1.188,0.875,23.16,-116.562,-20.375,-10.188,-0.034,-0.007,-0.072,-0.42,0.5,9.2,-0.13,0.22,-0.21,0.16,-0.09,9.8,2.15875,7.5,10.0,0.0,0.0,5.0,1017.13,65.94,-17.76
2025-03-24 17:20:25.485000+00:00,62.933739676789685,,,,353.125,1.188,0.875,23.16,-116.562,-20.375,-10.188,-0.034,-0.007,-0.072,-0.42,0.5,9.2,-0.46,0.08,-0.29,0.16,-0.09,9.8,2.15875,7.5,10.0,0.0,0.0,5.0,1017.13,65.94,-17.76
2025-03-24 17:20:26.565000+00:00,62.933739676789685,,,,353.125,1.188,0.875,23.16,-116.562,-20.375,-10.188,-0.034,-0.007,-0.072,-0.42,0.5,9.2,-0.43,-0.15,-0.51,0.16,-0.09,9.8,2.15875,7.5,10.0,0.0,0.0,5.0,1017.13,65.94,-17.76
2025-03-24 17:20:27.495000+00:00,62.933739676789685,,,,353.125,1.188,0.875,23.16,-116.562,-20.375,-10.188,-0.034,-0.007,-0.072,-0.42,0.5,9.2,-0.76,0.72,-0.39,0.16,-0.09,9.8,2.15875,7.5,10.0,0.0,0.0,5.0,1017.13,65.94,-17.76
2025-03-24 17:20:28.518000+00:00,62.933739676789685,,,,353.125,1.188,0.875,23.16,-116.562,-20.375,-10.188,-0.034,-0.007,-0.072,-0.42,0.5,9.2,-0.15,-0.63,-0.11,0.16,-0.09,9.8,2.15875,7.5,10.0,0.0,0.0,5.0,1017.13,65.94,-17.76
2025-03-24 17:20:29.507000+00:00,62.933739676789685,,,,353.125,1.188,0.875,23.16,-116.562,-20.375,-10.188,-0.034,-0.007,-0.072,-0.42,0.5,9.2,0.59,0.27,-0.46,0.16,-0.09,9.8,2.15875,7.5,10.0,0.0,0.0,5.0,1017.13,65.94,-17.76
2025-03-24 17:20:30.538000+00:00,62.933739676789685,,,,353.125,1.188,0.875,23.16,-116.562,-20.375,-10.188,-0.034,-0.007,-0.072,-0.42,0.5,9.2,0.35,-0.03,-0.63,0.16,-0.09,9.8,2.15875,7.5,10.0,0.0,0.0,5.0,1017.13,65.94,-17.76
2025-03-24 17:20:31.568000+00:00,62.933739676789685,,,,353.125,1.188,0.875,23.16,-116.562,-20.375,-10.188,-0.034,-0.007,-0.072,-0.42,0.5,9.2,-0.65,0.31,-0.62,0.16,-0.09,9.8,2.15875,7.5,10.0,0.0,0.0,5.0,1017.13,65.94,-17.76
2025-03-24 17:20:32.779000+00:00,62.933739676789685,,,,353.125,1.188,0.875,23.16,-116.562,-20.375,-10.188,-0.034,-0.007,-0.072,-0.42,0.5,9.2,-0.2,-0.77,-0.35,0.16,-0.09,9.8,2.15875,7.5,10.0,0.0,0.0,5.0,1017.13,65.94,-17.76
2025-03-24 17:20:33.848000+00:00,62.933739676789685,,,,353.125,1.188,0.875,23.16,-116.562,-20.375,-10.188,-0.034,-0.007,-0.072,-0.42,0.5,9.2,-0.43,-0.46,-0.53,0.16,-0.09,9.8,2.15875,7.5,10.0,0.0,0.0,5.0,1017.13,65.94,-17.76
2025-03-24 17:20:34.892000+00:00,62.933739676789685,,,,353.125,1.188,0.875,23.16,-116.562,-20.375,-10.188,-0.034,-0.007,-0.072,-0.42,0.5,9.2,-1.11,0.62,-0.48,0.16,-0.09,9.8,2.15875,7.5,10.0,0.0,0.0,5.0,1017.13,65.94,-17.76
2025-03-24 17:20:35.551000+00:00,62.933739676789685,,,,353.125,1.188,0.875,23.16,-116.562,-20.375,-10.188,-0.034,-0.007,-0.072,-0.42,0.5,9.2,-0.06,0.82,-0.44,0.16,-0.09,9.8,2.15875,7.5,10.0,0.0,0.0,5.0,1017.13,65.94,-17.76
2025-03-24 17:20:36.568000+00:00,62.933739676789685,,,,353.125,1.188,0.875,23.16,-116.562,-20.375,-10.188,-0.034,-0.007,-0.072,-0.42,0.5,9.2,-0.1,0.11,-0.3,0.16,-0.09,9.8,2.15875,7.5,10.0,0.0,0.0,5.0,1017.13,65.94,-17.76
2025-03-24 17:20:37.607000+00:00,62.933739676789685,,,,353.125,1.188,0.875,23.16,-116.562,-20.375,-10.188,-0.034,-0.007,-0.072,-0.42,0.5,9.2,-0.87,0.42,-0.47,0.16,-0.09,9.8,2.15875,7.5,10.0,0.0,0.0,5.0,1017.13,65.94,-17.76
2025-03-24 17:20:38.578000+00:00,62.933739676789685,,,,353.125,1.188,0.875,23.16,-116.562,-20.375,-10.188,-0.034,-0.007,-0.072,-0.42,0.5,9.2,-0.06,0.17,-0.25,0.16,-0.09,9.8,2.15875,7.5,10.0,0.0,0.0,5.0,1017.13,65.94,-17.76
2025-03-24 17:20:39.804000+00:00,62.933739676789685,,,,353.125,1.188,0.875,23.16,-116.562,-20.375,-10.188,-0.034,-0.007,-0.072,-0.42,0.5,9.2,-0.28,0.5,-0.23,0.16,-0.09,9.8,2.15875,7.5,10.0,0.0,0.0,5.0,1017.13,65.94,-17.76
2025-03-24 17:20:40.787000+00:00,62.933739676789685,,,,353.125,1.188,0.875,23.16,-116.562,-20.375,-10.188,-0.034,-0.007,-0.072,-0.42,0.5,9.2,-0.96,0.5,-0.16,0.16,-0.09,9.8,2.15875,7.5,10.0,0.0,0.0,5.0,1017.13,65.94,-17.76
2025-03-24 17:20:41.904000+00:00,62.933739676789685,,,,353.125,1.188,0.875,23.16,-116.562,-20.375,-10.188,-0.034,-0.007,-0.072,-0.42,0.5,9.2,-0.22,0.49,-0.28,0.16,-0.09,9.8,2.15875,7.5,10.0,0.0,0.0,5.0,1017.13,65.94,-17.76
2025-03-24 17:20:42.627000+00:00,62.933739676789685,,,,353.125,1.188,0.875,23.16,-116.562,-20.375,-10.188,-0.034,-0.007,-0.072,-0.42,0.5,9.2,-0.8,0.91,-0.49,0.16,-0.09,9.8,2.15875,7.5,10.0,0.0,0.0,5.0,1017.13,65.94,-17.76
2025-03-24 17:20:43.614000+00:00,62.933739676789685,,,,353.125,1.188,0.875,23.16,-116.562,-20.375,-10.188,-0.034,-0.007,-0.072,-0.42,0.5,9.2,-0.02,0.28,-0.33,0.16,-0.09,9.8,2.15875,7.5,10.0,0.0,0.0,5.0,1017.13,65.94,-17.76
2025-03-24 17:20:44.588000+00:00,62.933739676789685,,,,353.125,1.188,0.875,23.16,-116.562,-20.375,-10.188,-0.034,-0.007,-0.072,-0.42,0.5,9.2,-0.38,-0.39,-0.23,0.16,-0.09,9.8,2.15875,7.5,10.0,0.0,0.0,5.0,1017.13,65.94,-17.76
2025-03-24 17:20:45.588000+00:00,62.933739676789685,,,,353.125,1.188,0.875,23.16,-116.562,-20.375,-10.188,-0.034,-0.007,-0.072,-0.42,0.5,9.2,-0.77,0.09,-0.34,0.16,-0.09,9.8,2.15875,7.5,10.0,0.0,0.0,5.0,1017.13,65.94,-17.76
2025-03-24 17:20:46.596000+00:00,62.933739676789685,,,,353.125,1.188,0.875,23.16,-116.562,-20.375,-10.188,-0.034,-0.007,-0.072,-0.42,0.5,9.2,-1.05,0.71,-0.57,0.16,-0.09,9.8,2.15875,7.5,10.0,0.0,0.0,5.0,1017.13,65.94,-17.76
2025-03-24 17:20:47.607000+00:00,62.933739676789685,,,,353.125,1.188,0.875,23.16,-116.562,-20.375,-10.188,-0.034,-0.007,-0.072,-0.42,0.5,9.2,0.7,-0.04,-0.28,0.16,-0.09,9.8,2.15875,7.5,10.0,0.0,0.0,5.0,1017.13,65.94,-17.76
2025-03-24 17:20:48.887000+00:00,62.933739676789685,,,,353.125,1.188,0.875,23.16,-116.562,-20.375,-10.188,-0.034,-0.007,-0.072,-0.42,0.5,9.2,-0.5,0.47,-0.4,0.16,-0.09,9.8,2.15875,7.5,10.0,0.0,0.0,5.0,1017.13,65.94,-17.76
2025-03-24 17:20:49.930000+00:00,62.933739676789685,,,,353.125,1.188,0.875,23.16,-116.562,-20.375,-10.188,-0.034,-0.007,-0.072,-0.42,0.5,9.2,-0.42,-0.06,-0.49,0.16,-0.09,9.8,2.15875,7.5,10.0,0.0,0.0,5.0,1017.13,65.94,-17.76
2025-03-24 17:20:50.943000+00:00,62.933739676789685,,,,353.125,1.188,0.875,23.16,-116.562,-20.375,-10.188,-0.034,-0.007,-0.072,-0.42,0.5,9.2,-0.28,0.74,-0.21,0.16,-0.09,9.8,2.15875,7.5,10.0,0.0,0.0,5.0,1017.13,65.94,-17.76
2025-03-24 17:20:51.664000+00:00,62.933739676789685,,,,353.125,1.188,0.875,23.16,-116.562,-20.375,-10.188,-0.034,-0.007,-0.072,-0.42,0.5,9.2,0.0,0.57,-0.28,0.16,-0.09,9.8,2.15875,7.5,10.0,0.0,0.0,5.0,1017.13,65.94,-17.76
2025-03-24 17:20:52.656000+00:00,62.933739676789685,,,,353.125,1.188,0.875,23.16,-116.562,-20.375,-10.188,-0.034,-0.007,-0.072,-0.42,0.5,9.2,0.32,0.39,-0.56,0.16,-0.09,9.8,2.15875,7.5,10.0,0.0,0.0,5.0,1017.13,65.94,-17.76
2025-03-24 17:20:53.656000+00:00,62.933739676789685,,,,353.125,1.188,0.875,23.16,-116.562,-20.375,-10.188,-0.034,-0.007,-0.072,-0.42,0.5,9.2,-0.14,-0.22,-0.5,0.16,-0.09,9.8,2.15875,7.5,10.0,0.0,0.0,5.0,1017.13,65.94,-17.76
2025-03-24 17:20:54.681000+00:00,62.933739676789685,,,,353.125,1.188,0.875,23.16,-116.562,-20.375,-10.188,-0.034,-0.007,-0.072,-0.42,0.5,9.2,0.1,-0.3,-0.54,0.16,-0.09,9.8,2.15875,7.5,10.0,0.0,0.0,5.0,1017.13,65.94,-17.76
2025-03-24 17:20:55.705000+00:00,62.933739676789685,,,,353.125,1.188,0.875,23.16,-116.562,-20.375,-10.188,-0.034,-0.007,-0.072,-0.42,0.5,9.2,-0.53,-0.15,-0.49,0.16,-0.09,9.8,2.15875,7.5,10.0,0.0,0.0,5.0,1017.13,65.94,-17.76
2025-03-24 17:20:56.766000+00:00,62.933739676789685,,,,353.125,1.188,0.875,23.16,-116.562,-20.375,-10.188,-0.034,-0.007,-0.072,-0.42,0.5,9.2,-0.92,0.5,-0.02,0.16,-0.09,9.8,2.15875,7.5,10.0,0.0,0.0,5.0,1017.13,65.94,-17.76
2025-03-24 17:20:57.740000+00:00,62.933739676789685,,,,353.125,1.188,0.875,23.16,-116.562,-20.375,-10.188,-0.034,-0.007,-0.072,-0.42,0.5,9.2,-1.54,0.2,-0.12,0.16,-0.09,9.8,2.15875,7.5,10.0,0.0,0.0,5.0,1017.13,65.94,-17.76
2025-03-24 17:20:58.886000+00:00,62.933739676789685,,,,353.125,1.188,0.875,23.16,-116.562,-20.375,-10.188,-0.034,-0.007,-0.072,-0.42,0.5,9.2,-0.56,0.04,-0.55,0.16,-0.09,9.8,2.15875,7.5,10.0,0.0,0.0,5.0,1017.13,65.94,-17.76
2025-03-24 17:20:59.976000+00:00,62.933739676789685,,,,353.125,1.188,0.875,23.16,-116.562,-20.375,-10.188,-0.034,-0.007,-0.072,-0.42,0.5,9.2,-0.21,-0.07,-0.53,0.16,-0.09,9.8,2.15875,7.5,10.0,0.0,0.0,5.0,1017.13,65.94,-17.76
2025-03-24 17:21:00.975000+00:00,62.933739676789685,,,,353.125,1.188,0.875,23.16,-116.562,-20.375,-10.188,-0.034,-0.007,-0.072,-0.42,0.5,9.2,-1.45,0.73,-0.26,0.16,-0.09,9.8,2.15875,7.5,10.0,0.0,0.0,5.0,1017.13,65.94,-17.76
2025-03-24 17:21:01.950000+00:00,62.933739676789685,,,,353.125,1.188,0.875,23.16,-116.562,-20.375,-10.188,-0.034,-0.007,-0.072,-0.42,0.5,9.2,0.09,-0.48,-0.25,0.16,-0.09,9.8,2.15875,7.5,10.0,0.0,0.0,5.0,1017.13,65.94,-17.76
2025-03-24 17:21:02.763000+00:00,62.933739676789685,,,,353.125,1.188,0.875,23.16,-116.562,-20.375,-10.188,-0.034,-0.007,-0.072,-0.42,0.5,9.2,-0.14,0.76,-0.53,0.16,-0.09,9.8,2.15875,7.5,10.0,0.0,0.0,5.0,1017.13,65.94,-17.76
2025-03-24 17:21:03.780000+00:00,62.933739676789685,,,,353.125,1.188,0.875,23.16,-116.562,-20.375,-10.188,-0.034,-0.007,-0.072,-0.42,0.5,9.2,-0.66,0.3,-0.41,0.16,-0.09,9.8,2.15875,7.5,10.0,0.0,0.0,5.0,1017.13,65.94,-17.76
2025-03-24 17:21:04.755000+00:00,62.933739676789685,,,,353.125,1.188,0.875,23.16,-116.562,-20.375,-10.188,-0.034,-0.007,-0.072,-0.42,0.5,9.2,-0.24,-0.04,-0.28,0.16,-0.09,9.8,2.15875,7.5,10.0,0.0,0.0,5.0,1017.13,65.94,-17.76
2025-03-24 17:21:05.766000+00:00,62.933739676789685,,,,353.125,1.188,0.875,23.16,-116.562,-20.375,-10.188,-0.034,-0.007,-0.072,-0.42,0.5,9.2,0.44,0.44,-0.5,0.16,-0.09,9.8,2.15875,7.5,10.0,0.0,0.0,5.0,1017.13,65.94,-17.76
2025-03-24 17:21:06.792000+00:00,62.933739676789685,,,,353.125,1.188,0.875,23.16,-116.562,-20.375,-10.188,-0.034,-0.007,-0.072,-0.42,0.5,9.2,-0.77,0.49,-0.28,0.16,-0.09,9.8,2.15875,7.5,10.0,0.0,0.0,5.0,1017.13,65.94,-17.76
2025-03-24 17:21:07.802000+00:00,62.933739676789685,,,,353.125,1.188,0.875,23.16,-116.562,-20.375,-10.188,-0.034,-0.007,-0.072,-0.42,0.5,9.2,-0.28,0.22,-0.36,0.16,-0.09,9.8,2.15875,7.5,10.0,0.0,0.0,5.0,1017.13,65.94,-17.76
2025-03-24 17:21:08.916000+00:00,62.933739676789685,,,,353.125,1.188,0.875,23.16,-116.562,-20.375,-10.188,-0.034,-0.007,-0.072,-0.42,0.5,9.2,-0.47,0.14,-0.22,0.16,-0.09,9.8,2.15875,7.5,10.0,0.0,0.0,5.0,1017.13,65.94,-17.76
2025-03-24 17:21:09.852000+00:00,62.933739676789685,,,,353.125,1.188,0.875,23.16,-116.562,-20.375,-10.188,-0.034,-0.007,-0.072,-0.42,0.5,9.2,-0.8,0.89,-0.32,0.16,-0.09,9.8,2.15875,7.5,10.0,0.0,0.0,5.0,1017.13,65.94,-17.76
2025-03-24 17:21:10.842000+00:00,62.933739676789685,,,,353.125,1.188,0.875,23.16,-116.562,-20.375,-10.188,-0.034,-0.007,-0.072,-0.42,0.5,9.2,0.14,0.1,-0.79,0.16,-0.09,9.8,2.15875,7.5,10.0,0.0,0.0,5.0,1017.13,65.94,-17.76
2025-03-24 17:21:11.835000+00:00,62.933739676789685,,,,353.125,1.188,0.875,23.16,-116.562,-20.375,-10.188,-0.034,-0.007,-0.072,-0.42,0.5,9.2,0.06,0.33,-0.19,0.16,-0.09,9.8,2.15875,7.5,10.0,0.0,0.0,5.0,1017.13,65.94,-17.76
2025-03-24 17:21:12.845000+00:00,62.933739676789685,,,,353.125,1.188,0.875,23.16,-116.562,-20.375,-10.188,-0.034,-0.007,-0.072,-0.42,0.5,9.2,-0.29,0.8,-0.14,0.16,-0.09,9.8,2.15875,7.5,10.0,0.0,0.0,5.0,1017.13,65.94,-17.76
2025-03-24 17:21:13.855000+00:00,62.933739676789685,,,,353.125,1.188,0.875,23.16,-116.562,-20.375,-10.188,-0.034,-0.007,-0.072,-0.42,0.5,9.2,-0.62,0.66,-0.59,0.16,-0.09,9.8,2.15875,7.5,10.0,0.0,0.0,5.0,1017.13,65.94,-17.76
2025-03-24 17:21:14.855000+00:00,62.933739676789685,,,,353.125,1.188,0.875,23.16,-116.562,-20.375,-10.188,-0.034,-0.007,-0.072,-0.42,0.5,9.2,-0.62,0.66,-0.49,0.16,-0.09,9.8,2.15875,7.5,10.0,0.0,0.0,5.0,1017.13,65.94,-17.76
2025-03-24 17:20:15.536000+00:00,62.933739676789685,,,,353.125,1.188,0.875,23.16,-116.562,-20.375,-10.188,-0.034,-0.007,-0.072,-0.42,0.5,9.2,-0.62,0.66,-0.49,0.16,-0.09,9.8,2.15875,7.5,10.0,0.0,0.0,5.0,1017.13,65.94,-17.76
2025-03-24 17:20:16.544000+00:00,62.933739676789685,,,,353.125,1.188,0.875,23.16,-116.562,-20.375,-10.188,-0.034,-0.007,-0.072,-0.42,0.5,9.2,-0.62,0.66,-0.49,0.19,-0.11,9.8,2.15875,7.5,10.0,0.0,0.0,5.0,1017.13,65.94,-17.76
2025-03-24 17:20:17.499000+00:00,62.933739676789685,,,,353.125,1.188,0.875,23.16,-116.562,-20.375,-10.188,-0.034,-0.007,-0.072,-0.42,0.5,9.2,-0.62,0.66,-0.49,0.18,-0.09,9.8,2.15875,7.5,10.0,0.0,0.0,5.0,1017.13,65.94,-17.76
2025-03-24 17:20:18.519000+00:00,62.933739676789685,,,,353.125,1.188,0.875,23.16,-116.562,-20.375,-10.188,-0.034,-0.007,-0.072,-0.42,0.5,9.2,-0.62,0.66,-0.49,0.18,-0.1,9.8,2.15875,7.5,10.0,0.0,0.0,5.0,1017.13,65.94,-17.76
2025-03-24 17:20:19.538000+00:00,62.933739676789685,,,,353.125,1.188,0.875,23.16,-116.562,-20.375,-10.188,-0.034,-0.007,-0.072,-0.42,0.5,9.2,-0.62,0.66,-0.49,0.17,-0.1,9.8,2.15875,7.5,10.0,0.0,0.0,5.0,1017.13,65.94,-17.76
2025-03-24 17:20:20.529000+00:00,62.933739676789685,,,,353.125,1.188,0.875,23.16,-116.562,-20.375,-10.188,-0.034,-0.007,-0.072,-0.42,0.5,9.2,-0.62,0.66,-0.49,0.13,-0.05,9.8,2.15875,7.5,10.0,0.0,0.0,5.0,1017.13,65.94,-17.76
2025-03-24 17:20:21.559000+00:00,62.933739676789685,,,,353.125,1.188,0.875,23.16,-116.562,-20.375,-10.188,-0.034,-0.007,-0.072,-0.42,0.5,9.2,-0.62,0.66,-0.49,0.14,-0.04,9.8,2.15875,7.5,10.0,0.0,0.0,5.0,1017.13,65.94,-17.76
2025-03-24 17:20:22.579000+00:00,62.933739676789685,,,,353.125,1.188,0.875,23.16,-116.562,-20.375,-10.188,-0.034,-0.007,-0.072,-0.42,0.5,9.2,-0.62,0.66,-0.49,0.16,-0.09,9.8,2.15875,7.5,10.0,0.0,0.0,5.0,1017.13,65.94,-17.76
2025-03-24 17:20:23.670000+00:00,62.933739676789685,,,,353.125,1.188,0.875,23.16,-116.562,-20.375,-10.188,-0.034,-0.007,-0.072,-0.42,0.5,9.2,-0.62,0.66,-0.49,0.18,-0.09,9.8,2.15875,7.5,10.0,0.0,0.0,5.0,1017.13,65.94,-17.76
2025-03-24 17:20:24.863000+00:00,62.933739676789685,,,,353.125,1.188,0.875,23.16,-116.562,-20.375,-10.188,-0.034,-0.007,-0.072,-0.42,0.5,9.2,-0.62,0.66,-0.49,0.18,-0.1,9.8,2.15875,7.5,10.0,0.0,0.0,5.0,1017.13,65.94,-17.76
2025-03-24 17:20:25.545000+00:00,62.933739676789685,,,,353.125,1.188,0.875,23.16,-116.562,-20.375,-10.188,-0.034,-0.007,-0.072,-0.42,0.5,9.2,-0.62,0.66,-0.49,0.13,-0.07,9.8,2.15875,7.5,10.0,0.0,0.0,5.0,1017.13,65.94,-17.76
2025-03-24 17:20:26.623000+00:00,62.933739676789685,,,,353.125,1.188,0.875,23.16,-116.562,-20.375,-10.188,-0.034,-0.007,-0.072,-0.42,0.5,9.2,-0.62,0.66,-0.49,0.14,-0.1,9.8,2.15875,7.5,10.0,0.0,0.0,5.0,1017.13,65.94,-17.76
2025-03-24 17:20:27.548000+00:00,62.933739676789685,,,,353.125,1.188,0.875,23.16,-116.562,-20.375,-10.188,-0.034,-0.007,-0.072,-0.42,0.5,9.2,-0.62,0.66,-0.49,0.13,-0.09,9.8,2.15875,7.5,10.0,0.0,0.0,5.0,1017.13,65.94,-17.76
2025-03-24 17:20:28.575000+00:00,62.933739676789685,,,,353.125,1.188,0.875,23.16,-116.562,-20.375,-10.188,-0.034,-0.007,-0.072,-0.42,0.5,9.2,-0.62,0.66,-0.49,0.14,-0.1,9.8,2.15875,7.5,10.0,0.0,0.0,5.0,1017.13,65.94,-17.76
2025-03-24 17:20:29.558000+00:00,62.933739676789685,,,,353.125,1.188,0.875,23.16,-116.562,-20.375,-10.188,-0.034,-0.007,-0.072,-0.42,0.5,9.2,-0.62,0.66,-0.49,0.13,-0.08,9.8,2.15875,7.5,10.0,0.0,0.0,5.0,1017.13,65.94,-17.76
2025-03-24 17:20:30.590000+00:00,62.933739676789685,,,,353.125,1.188,0.875,23.16,-116.562,-20.375,-10.188,-0.034,-0.007,-0.072,-0.42,0.5,9.2,-0.62,0.66,-0.49,0.16,-0.1,9.8,2.15875,7.5,10.0,0.0,0.0,5.0,1017.13,65.94,-17.76
2025-03-24 17:20:31.618000+00:00,62.933739676789685,,,,353.125,1.188,0.875,23.16,-116.562,-20.375,-10.188,-0.034,-0.007,-0.072,-0.42,0.5,9.2,-0.62,0.66,-0.49,0.16,-0.1,9.8,2.15875,7.5,10.0,0.0,0.0,5.0,1017.13,65.94,-17.76
2025-03-24 17:20:32.834000+00:00,62.933739676789685,,,,353.125,1.188,0.875,23.16,-116.562,-20.375,-10.188,-0.034,-0.007,-0.072,-0.42,0.5,9.2,-0.62,0.66,-0.49,0.17,-0.12,9.8,2.15875,7.5,10.0,0.0,0.0,5.0,1017.13,65.94,-17.76
2025-03-24 17:20:33.898000+00:00,62.933739676789685,,,,353.125,1.188,0.875,23.16,-116.562,-20.375,-10.188,-0.034,-0.007,-0.072,-0.42,0.5,9.2,-0.62,0.66,-0.49,0.19,-0.14,9.8,2.15875,7.5,10.0,0.0,0.0,5.0,1017.13,65.94,-17.76
2025-03-24 17:20:34.944000+00:00,62.933739676789685,,,,353.125,1.188,0.875,23.16,-116.562,-20.375,-10.188,-0.034,-0.007,-0.072,-0.42,0.5,9.2,-0.62,0.66,-0.49,0.2,-0.13,9.8,2.15875,7.5,10.0,0.0,0.0,5.0,1017.13,65.94,-17.76
2025-03-24 17:20:35.597000+00:00,62.933739676789685,,,,353.125,1.188,0.875,23.16,-116.562,-20.375,-10.188,-0.034,-0.007,-0.072,-0.42,0.5,9.2,-0.62,0.66,-0.49,0.2,-0.11,9.8,2.15875,7.5,10.0,0.0,0.0,5.0,1017.13,65.94,-17.76
2025-03-24 17:20:36.627000+00:00,62.933739676789685,,,,353.125,1.188,0.875,23.16,-116.562,-20.375,-10.188,-0.034,-0.007,-0.072,-0.42,0.5,9.2,-0.62,0.66,-0.49,0.22,-0.12,9.8,2.15875,7.5,10.0,0.0,0.0,5.0,1017.13,65.94,-17.76
2025-03-24 17:20:37.656000+00:00,62.933739676789685,,,,353.125,1.188,0.875,23.16,-116.562,-20.375,-10.188,-0.034,-0.007,-0.072,-0.42,0.5,9.2,-0.62,0.66,-0.49,0.24,-0.14,9.8,2.15875,7.5,10.0,0.0,0.0,5.0,1017.13,65.94,-17.76
2025-03-24 17:20:38.628000+00:00,62.933739676789685,,,,353.125,1.188,0.875,23.16,-116.562,-20.375,-10.188,-0.034,-0.007,-0.072,-0.42,0.5,9.2,-0.62,0.66,-0.49,0.24,-0.13,9.8,2.15875,7.5,10.0,0.0,0.0,5.0,1017.13,65.94,-17.76
2025-03-24 17:20:39.864000+00:00,62.933739676789685,,,,353.125,1.188,0.875,23.16,-116.562,-20.375,-10.188,-0.034,-0.007,-0.072,-0.42,0.5,9.2,-0.62,0.66,-0.49,0.24,-0.15,9.8,2.15875,7.5,10.0,0.0,0.0,5.0,1017.13,65.94,-17.76
2025-03-24 17:20:40.842000+00:00,62.933739676789685,,,,353.125,1.188,0.875,23.16,-116.562,-20.375,-10.188,-0.034,-0.007,-0.072,-0.42,0.5,9.2,-0.62,0.66,-0.49,0.24,-0.17,9.8,2.15875,7.5,10.0,0.0,0.0,5.0,1017.13,65.94,-17.76
2025-03-24 17:20:41.957000+00:00,62.933739676789685,,,,353.125,1.188,0.875,23.16,-116.562,-20.375,-10.188,-0.034,-0.007,-0.072,-0.42,0.5,9.2,-0.62,0.66,-0.49,0.23,-0.16,9.8,2.15875,7.5,10.0,0.0,0.0,5.0,1017.13,65.94,-17.76
2025-03-24 17:20:42.678000+00:00,62.933739676789685,,,,353.125,1.188,0.875,23.16,-116.562,-20.375,-10.188,-0.034,-0.007,-0.072,-0.42,0.5,9.2,-0.62,0.66,-0.49,0.18,-0.13,9.8,2.15875,7.5,10.0,0.0,0.0,5.0,1017.13,65.94,-17.76
2025-03-24 17:20:43.671000+00:00,62.933739676789685,,,,353.125,1.188,0.875,23.16,-116.562,-20.375,-10.188,-0.034,-0.007,-0.072,-0.42,0.5,9.2,-0.62,0.66,-0.49,0.21,-0.15,9.8,2.15875,7.5,10.0,0.0,0.0,5.0,1017.13,65.94,-17.76
2025-03-24 17:20:44.637000+00:00,62.933739676789685,,,,353.125,1.188,0.875,23.16,-116.562,-20.375,-10.188,-0.034,-0.007,-0.072,-0.42,0.5,9.2,-0.62,0.66,-0.49,0.2,-0.16,9.8,2.15875,7.5,10.0,0.0,0.0,5.0,1017.13,65.94,-17.76
2025-03-24 17:20:45.638000+00:00,62.933739676789685,,,,353.125,1.188,0.875,23.16,-116.562,-20.375,-10.188,-0.034,-0.007,-0.072,-0.42,0.5,9.2,-0.62,0.66,-0.49,0.18,-0.15,9.8,2.15875,7.5,10.0,0.0,0.0,5.0,1017.13,65.94,-17.76
2025-03-24 17:20:46.647000+00:00,62.933739676789685,,,,353.125,1.188,0.875,23.16,-116.562,-20.375,-10.188,-0.034,-0.007,-0.072,-0.42,0.5,9.2,-0.62,0.66,-0.49,0.22,-0.17,9.8,2.15875,7.5,10.0,0.0,0.0,5.0,1017.13,65.94,-17.76
2025-03-24 17:20:47.657000+00:00,62.933739676789685,,,,353.125,1.188,0.875,23.16,-116.562,-20.375,-10.188,-0.034,-0.007,-0.072,-0.42,0.5,9.2,-0.62,0.66,-0.49,0.23,-0.17,9.8,2.15875,7.5,10.0,0.0,0.0,5.0,1017.13,65.94,-17.76
2025-03-24 17:20:48.937000+00:00,62.933739676789685,,,,353.125,1.188,0.875,23.16,-116.562,-20.375,-10.188,-0.034,-0.007,-0.072,-0.42,0.5,9.2,-0.62,0.66,-0.49,0.24,-0.21,9.8,2.15875,7.5,10.0,0.0,0.0,5.0,1017.13,65.94,-17.76
2025-03-24 17:20:49.977000+00:00,62.933739676789685,,,,353.125,1.188,0.875,23.16,-116.562,-20.375,-10.188,-0.034,-0.007,-0.072,-0.42,0.5,9.2,-0.62,0.66,-0.49,0.22,-0.17,9.8,2.15875,7.5,10.0,0.0,0.0,5.0,1017.13,65.94,-17.76
2025-03-24 17:20:50.997000+00:00,62.933739676789685,,,,353.125,1.188,0.875,23.16,-116.562,-20.375,-10.188,-0.034,-0.007,-0.072,-0.42,0.5,9.2,-0.62,0.66,-0.49,0.17,-0.13,9.8,2.15875,7.5,10.0,0.0,0.0,5.0,1017.13,65.94,-17.76
2025-03-24 17:20:51.718000+00:00,62.933739676789685,,,,353.125,1.188,0.875,23.16,-116.562,-20.375,-10.188,-0.034,-0.007,-0.072,-0.42,0.5,9.2,-0.62,0.66,-0.49,0.17,-0.14,9.8,2.15875,7.5,10.0,0.0,0.0,5.0,1017.13,65.94,-17.76
2025-03-24 17:20:52.714000+00:00,62.933739676789685,,,,353.125,1.188,0.875,23.16,-116.562,-20.375,-10.188,-0.034,-0.007,-0.072,-0.42,0.5,9.2,-0.62,0.66,-0.49,0.2,-0.15,9.8,2.15875,7.5,10.0,0.0,0.0,5.0,1017.13,65.94,-17.76
2025-03-24 17:20:53.707000+00:00,62.933739676789685,,,,353.125,1.188,0.875,23.16,-116.562,-20.375,-10.188,-0.034,-0.007,-0.072,-0.42,0.5,9.2,-0.62,0.66,-0.49,0.13,-0.12,9.8,2.15875,7.5,10.0,0.0,0.0,5.0,1017.13,65.94,-17.76
2025-03-24 17:20:54.733000+00:00,62.933739676789685,,,,353.125,1.188,0.875,23.16,-116.562,-20.375,-10.188,-0.034,-0.007,-0.072,-0.42,0.5,9.2,-0.62,0.66,-0.49,0.16,-0.14,9.8,2.15875,7.5,10.0,0.0,0.0,5.0,1017.13,65.94,-17.76
2025-03-24 17:20:55.761000+00:00,62.933739676789685,,,,353.125,1.188,0.875,23.16,-116.562,-20.375,-10.188,-0.034,-0.007,-0.072,-0.42,0.5,9.2,-0.62,0.66,-0.49,0.18,-0.17,9.8,2.15875,7.5,10.0,0.0,0.0,5.0,1017.13,65.94,-17.76
2025-03-24 17:20:56.816000+00:00,62.933739676789685,,,,353.125,1.188,0.875,23.16,-116.562,-20.375,-10.188,-0.034,-0.007,-0.072,-0.42,0.5,9.2,-0.62,0.66,-0.49,0.2,-0.18,9.8,2.15875,7.5,10.0,0.0,0.0,5.0,1017.13,65.94,-17.76
2025-03-24 17:20:57.793000+00:00,62.933739676789685,,,,353.125,1.188,0.875,23.16,-116.562,-20.375,-10.188,-0.034,-0.007,-0.072,-0.42,0.5,9.2,-0.62,0.66,-0.49,0.16,-0.12,9.8,2.15875,7.5,10.0,0.0,0.0,5.0,1017.13,65.94,-17.76
2025-03-24 17:20:58.936000+00:00,62.933739676789685,,,,353.125,1.188,0.875,23.16,-116.562,-20.375,-10.188,-0.034,-0.007,-0.072,-0.42,0.5,9.2,-0.62,0.66,-0.49,0.18,-0.13,9.8,2.15875,7.5,10.0,0.0,0.0,5.0,1017.13,65.94,-17.76
2025-03-24 17:21:00.026000+00:00,62.933739676789685,,,,353.125,1.188,0.875,23.16,-116.562,-20.375,-10.188,-0.034,-0.007,-0.072,-0.42,0.5,9.2,-0.62,0.66,-0.49,0.18,-0.13,9.8,2.15875,7.5,10.0,0.0,0.0,5.0,1017.13,65.94,-17.76
2025-03-24 17:21:01.026000+00:00,62.933739676789685,,,,353.125,1.188,0.875,23.16,-116.562,-20.375,-10.188,-0.034,-0.007,-0.072,-0.42,0.5,9.2,-0.62,0.66,-0.49,0.18,-0.15,9.8,2.15875,7.5,10.0,0.0,0.0,5.0,1017.13,65.94,-17.76
2025-03-24 17:21:02.002000+00:00,62.933739676789685,,,,353.125,1.188,0.875,23.16,-116.562,-20.375,-10.188,-0.034,-0.007,-0.072,-0.42,0.5,9.2,-0.62,0.66,-0.49,0.13,-0.12,9.8,2.15875,7.5,10.0,0.0,0.0,5.0,1017.13,65.94,-17.76
2025-03-24 17:21:02.822000+00:00,62.933739676789685,,,,353.125,1.188,0.875,23.16,-116.562,-20.375,-10.188,-0.034,-0.007,-0.072,-0.42,0.5,9.2,-0.62,0.66,-0.49,0.17,-0.13,9.8,2.15875,7.5,10.0,0.0,0.0,5.0,1017.13,65.94,-17.76
2025-03-24 17:21:03.830000+00:00,62.933739676789685,,,,353.125,1.188,0.875,23.16,-116.562,-20.375,-10.188,-0.034,-0.007,-0.072,-0.42,0.5,9.2,-0.62,0.66,-0.49,0.15,-0.12,9.8,2.15875,7.5,10.0,0.0,0.0,5.0,1017.13,65.94,-17.76
2025-03-24 17:21:04.816000+00:00,62.933739676789685,,,,353.125,1.188,0.875,23.16,-116.562,-20.375,-10.188,-0.034,-0.007,-0.072,-0.42,0.5,9.2,-0.62,0.66,-0.49,0.16,-0.13,9.8,2.15875,7.5,10.0,0.0,0.0,5.0,1017.13,65.94,-17.76
2025-03-24 17:21:05.816000+00:00,62.933739676789685,,,,353.125,1.188,0.875,23.16,-116.562,-20.375,-10.188,-0.034,-0.007,-0.072,-0.42,0.5,9.2,-0.62,0.66,-0.49,0.19,-0.12,9.8,2.15875,7.5,10.0,0.0,0.0,5.0,1017.13,65.94,-17.76
2025-03-24 17:21:06.847000+00:00,62.933739676789685,,,,353.125,1.188,0.875,23.16,-116.562,-20.375,-10.188,-0.034,-0.007,-0.072,-0.42,0.5,9.2,-0.62,0.66,-0.49,0.17,-0.11,9.8,2.15875,7.5,10.0,0.0,0.0,5.0,1017.13,65.94,-17.76
2025-03-24 17:21:07.856000+00:00,62.933739676789685,,,,353.125,1.188,0.875,23.16,-116.562,-20.375,-10.188,-0.034,-0.007,-0.072,-0.42,0.5,9.2,-0.62,0.66,-0.49,0.17,-0.11,9.8,2.15875,7.5,10.0,0.0,0.0,5.0,1017.13,65.94,-17.76
2025-03-24 17:21:08.967000+00:00,62.933739676789685,,,,353.125,1.188,0.875,23.16,-116.562,-20.375,-10.188,-0.034,-0.007,-0.072,-0.42,0.5,9.2,-0.62,0.66,-0.49,0.2,-0.14,9.8,2.15875,7.5,10.0,0.0,0.0,5.0,1017.13,65.94,-17.76
2025-03-24 17:21:09.912000+00:00,62.933739676789685,,,,353.125,1.188,0.875,23.16,-116.562,-20.375,-10.188,-0.034,-0.007,-0.072,-0.42,0.5,9.2,-0.62,0.66,-0.49,0.17,-0.12,9.8,2.15875,7.5,10.0,0.0,0.0,5.0,1017.13,65.94,-17.76
2025-03-24 17:21:10.902000+00:00,62.933739676789685,,,,353.125,1.188,0.875,23.16,-116.562,-20.375,-10.188,-0.034,-0.007,-0.072,-0.42,0.5,9.2,-0.62,0.66,-0.49,0.18,-0.11,9.8,2.15875,7.5,10.0,0.0,0.0,5.0,1017.13,65.94,-17.76
2025-03-24 17:21:11.885000+00:00,62.933739676789685,,,,353.125,1.188,0.875,23.16,-116.562,-20.375,-10.188,-0.034,-0.007,-0.072,-0.42,0.5,9.2,-0.62,0.66,-0.49,0.19,-0.11,9.8,2.15875,7.5,10.0,0.0,0.0,5.0,1017.13,65.94,-17.76
2025-03-24 17:21:12.895000+00:00,62.933739676789685,,,,353.125,1.188,0.875,23.16,-116.562,-20.375,-10.188,-0.034,-0.007,-0.072,-0.42,0.5,9.2,-0.62,0.66,-0.49,0.21,-0.14,9.8,2.15875,7.5,10.0,0.0,0.0,5.0,1017.13,65.94,-17.76
2025-03-24 17:21:13.920000+00:00,62.933739676789685,,,,353.125,1.188,0.875,23.16,-116.562,-20.375,-10.188,-0.034,-0.007,-0.072,-0.42,0.5,9.2,-0.62,0.66,-0.49,0.2,-0.15,9.8,2.15875,7.5,10.0,0.0,0.0,5.0,1017.13,65.94,-17.76
2025-03-24 17:21:14.904000+00:00,62.933739676789685,,,,353.125,1.188,0.875,23.16,-116.562,-20.375,-10.188,-0.034,-0.007,-0.072,-0.42,0.5,9.2,-0.62,0.66,-0.49,0.23,-0.17,9.8,2.15875,7.5,10.0,0.0,0.0,5.0,1017.13,65.94,-17.76
2025-03-24 17:20:16.096000+00:00,62.933739676789685,,,,353.125,1.188,0.875,23.16,-116.562,-20.375,-10.188,-0.034,-0.007,-0.072,-0.42,0.5,9.2,-0.62,0.66,-0.49,0.23,-0.17,9.8,2.15875,7.5,10.0,0.0,0.0,5.0,1017.13,65.94,-17.76
2025-03-24 17:20:17.089000+00:00,62.933739676789685,,,,353.125,1.188,0.875,23.16,-116.562,-20.375,-10.188,-0.034,-0.007,-0.072,-0.42,0.5,9.2,-0.62,0.66,-0.49,0.23,-0.17,9.8,2.1237500000000002,7.5,10.0,0.0,0.0,5.0,1017.13,65.94,-17.76
2025-03-24 17:20:18.099000+00:00,62.933739676789685,,,,353.125,1.188,0.875,23.16,-116.562,-20.375,-10.188,-0.034,-0.007,-0.072,-0.42,0.5,9.2,-0.62,0.66,-0.49,0.23,-0.17,9.8,2.065,7.5,10.0,0.0,0.0,5.0,1017.13,65.94,-17.76
2025-03-24 17:20:19.104000+00:00,62.933739676789685,,,,353.125,1.188,0.875,23.16,-116.562,-20.375,-10.188,-0.034,-0.007,-0.072,-0.42,0.5,9.2,-0.62,0.66,-0.49,0.23,-0.17,9.8,2.0175,7.5,10.0,0.0,0.0,5.0,1017.13,65.94,-17.76
2025-03-24 17:20:20.108000+00:00,62.933739676789685,,,,353.125,1.188,0.875,23.16,-116.562,-20.375,-10.188,-0.034,-0.007,-0.072,-0.42,0.5,9.2,-0.62,0.66,-0.49,0.23,-0.17,9.8,2.1275,7.5,10.0,0.0,0.0,5.0,1017.13,65.94,-17.76
2025-03-24 17:20:21.134000+00:00,62.933739676789685,,,,353.125,1.188,0.875,23.16,-116.562,-20.375,-10.188,-0.034,-0.007,-0.072,-0.42,0.5,9.2,-0.62,0.66,-0.49,0.23,-0.17,9.8,2.065,7.5,10.0,0.0,0.0,5.0,1017.13,65.94,-17.76
2025-03-24 17:20:22.155000+00:00,62.933739676789685,,,,353.125,1.188,0.875,23.16,-116.562,-20.375,-10.188,-0.034,-0.007,-0.072,-0.42,0.5,9.2,-0.62,0.66,-0.49,0.23,-0.17,9.8,2.0375,7.5,10.0,0.0,0.0,5.0,1017.13,65.94,-17.76
2025-03-24 17:20:23.255000+00:00,62.933739676789685,,,,353.125,1.188,0.875,23.16,-116.562,-20.375,-10.188,-0.034,-0.007,-0.072,-0.42,0.5,9.2,-0.62,0.66,-0.49,0.23,-0.17,9.8,2.16375,7.5,10.0,0.0,0.0,5.0,1017.13,65.94,-17.76
2025-03-24 17:20:24.414000+00:00,62.933739676789685,,,,353.125,1.188,0.875,23.16,-116.562,-20.375,-10.188,-0.034,-0.007,-0.072,-0.42,0.5,9.2,-0.62,0.66,-0.49,0.23,-0.17,9.8,2.11875,7.5,10.0,0.0,0.0,5.0,1017.13,65.94,-17.76
2025-03-24 17:20:25.131000+00:00,62.933739676789685,,,,353.125,1.188,0.875,23.16,-116.562,-20.375,-10.188,-0.034,-0.007,-0.072,-0.42,0.5,9.2,-0.62,0.66,-0.49,0.23,-0.17,9.8,1.9875,7.5,10.0,0.0,0.0,5.0,1017.13,65.94,-17.76
2025-03-24 17:20:26.128000+00:00,62.933739676789685,,,,353.125,1.188,0.875,23.16,-116.562,-20.375,-10.188,-0.034,-0.007,-0.072,-0.42,0.5,9.2,-0.62,0.66,-0.49,0.23,-0.17,9.8,2.115,7.5,10.0,0.0,0.0,5.0,1017.13,65.94,-17.76
2025-03-24 17:20:27.128000+00:00,62.933739676789685,,,,353.125,1.188,0.875,23.16,-116.562,-20.375,-10.188,-0.034,-0.007,-0.072,-0.42,0.5,9.2,-0.62,0.66,-0.49,0.23,-0.17,9.8,2.1525,7.5,10.0,0.0,0.0,5.0,1017.13,65.94,-17.76
2025-03-24 17:20:28.138000+00:00,62.933739676789685,,,,353.125,1.188,0.875,23.16,-116.562,-20.375,-10.188,-0.034,-0.007,-0.072,-0.42,0.5,9.2,-0.62,0.66,-0.49,0.23,-0.17,9.8,2.1225,7.5,10.0,0.0,0.0,5.0,1017.13,65.94,-17.76
2025-03-24 17:20:29.142000+00:00,62.933739676789685,,,,353.125,1.188,0.875,23.16,-116.562,-20.375,-10.188,-0.034,-0.007,-0.072,-0.42,0.5,9.2,-0.62,0.66,-0.49,0.23,-0.17,9.8,2.16875,7.5,10.0,0.0,0.0,5.0,1017.13,65.94,-17.76
2025-03-24 17:20:30.154000+00:00,62.933739676789685,,,,353.125,1.188,0.875,23.16,-116.562,-20.375,-10.188,-0.034,-0.007,-0.072,-0.42,0.5,9.2,-0.62,0.66,-0.49,0.23,-0.17,9.8,2.05625,7.5,10.0,0.0,0.0,5.0,1017.13,65.94,-17.76
2025-03-24 17:20:31.199000+00:00,62.933739676789685,,,,353.125,1.188,0.875,23.16,-116.562,-20.375,-10.188,-0.034,-0.007,-0.072,-0.42,0.5,9.2,-0.62,0.66,-0.49,0.23,-0.17,9.8,2.05875,7.5,10.0,0.0,0.0,5.0,1017.13,65.94,-17.76
2025-03-24 17:20:32.404000+00:00,62.933739676789685,,,,353.125,1.188,0.875,23.16,-116.562,-20.375,-10.188,-0.034,-0.007,-0.072,-0.42,0.5,9.2,-0.62,0.66,-0.49,0.23,-0.17,9.8,2.08,7.5,10.0,0.0,0.0,5.0,1017.13,65.94,-17.76
2025-03-24 17:20:33.170000+00:00,62.933739676789685,,,,353.125,1.188,0.875,23.16,-116.562,-20.375,-10.188,-0.034,-0.007,-0.072,-0.42,0.5,9.2,-0.62,0.66,-0.49,0.23,-0.17,9.8,2.13125,7.5,10.0,0.0,0.0,5.0,1017.13,65.94,-17.76
2025-03-24 17:20:34.158000+00:00,62.933739676789685,,,,353.125,1.188,0.875,23.16,-116.562,-20.375,-10.188,-0.034,-0.007,-0.072,-0.42,0.5,9.2,-0.62,0.66,-0.49,0.23,-0.17,9.8,2.1025,7.5,10.0,0.0,0.0,5.0,1017.13,65.94,-17.76
2025-03-24 17:20:35.158000+00:00,62.933739676789685,,,,353.125,1.188,0.875,23.16,-116.562,-20.375,-10.188,-0.034,-0.007,-0.072,-0.42,0.5,9.2,-0.62,0.66,-0.49,0.23,-0.17,9.8,2.1075,7.5,10.0,0.0,0.0,5.0,1017.13,65.94,-17.76
2025-03-24 17:20:36.168000+00:00,62.933739676789685,,,,353.125,1.188,0.875,23.16,-116.562,-20.375,-10.188,-0.034,-0.007,-0.072,-0.42,0.5,9.2,-0.62,0.66,-0.49,0.23,-0.17,9.8,2.1425,7.5,10.0,0.0,0.0,5.0,1017.13,65.94,-17.76
2025-03-24 17:20:37.218000+00:00,62.933739676789685,,,,353.125,1.188,0.875,23.16,-116.562,-20.375,-10.188,-0.034,-0.007,-0.072,-0.42,0.5,9.2,-0.62,0.66,-0.49,0.23,-0.17,9.8,2.12875,7.5,10.0,0.0,0.0,5.0,1017.13,65.94,-17.76
2025-03-24 17:20:38.172000+00:00,62.933739676789685,,,,353.125,1.188,0.875,23.16,-116.562,-20.375,-10.188,-0.034,-0.007,-0.072,-0.42,0.5,9.2,-0.62,0.66,-0.49,0.23,-0.17,9.8,2.045,7.5,10.0,0.0,0.0,5.0,1017.13,65.94,-17.76
2025-03-24 17:20:39.429000+00:00,62.933739676789685,,,,353.125,1.188,0.875,23.16,-116.562,-20.375,-10.188,-0.034,-0.007,-0.072,-0.42,0.5,9.2,-0.62,0.66,-0.49,0.23,-0.17,9.8,2.07875,7.5,10.0,0.0,0.0,5.0,1017.13,65.94,-17.76
2025-03-24 17:20:40.438000+00:00,62.933739676789685,,,,353.125,1.188,0.875,23.16,-116.562,-20.375,-10.188,-0.034,-0.007,-0.072,-0.42,0.5,9.2,-0.62,0.66,-0.49,0.23,-0.17,9.8,1.985,7.5,10.0,0.0,0.0,5.0,1017.13,65.94,-17.76
2025-03-24 17:20:41.195000+00:00,62.933739676789685,,,,353.125,1.188,0.875,23.16,-116.562,-20.375,-10.188,-0.034,-0.007,-0.072,-0.42,0.5,9.2,-0.62,0.66,-0.49,0.23,-0.17,9.8,2.125,7.5,10.0,0.0,0.0,5.0,1017.13,65.94,-17.76
2025-03-24 17:20:42.192000+00:00,62.933739676789685,,,,353.125,1.188,0.875,23.16,-116.562,-20.375,-10.188,-0.034,-0.007,-0.072,-0.42,0.5,9.2,-0.62,0.66,-0.49,0.23,-0.17,9.8,2.0625,7.5,10.0,0.0,0.0,5.0,1017.13,65.94,-17.76
2025-03-24 17:20:43.189000+00:00,62.933739676789685,,,,353.125,1.188,0.875,23.16,-116.562,-20.375,-10.188,-0.034,-0.007,-0.072,-0.42,0.5,9.2,-0.62,0.66,-0.49,0.23,-0.17,9.8,2.04375,7.5,10.0,0.0,0.0,5.0,1017.13,65.94,-17.76
2025-03-24 17:20:44.197000+00:00,62.933739676789685,,,,353.125,1.188,0.875,23.16,-116.562,-20.375,-10.188,-0.034,-0.007,-0.072,-0.42,0.5,9.2,-0.62,0.66,-0.49,0.23,-0.17,9.8,2.14625,7.5,10.0,0.0,0.0,5.0,1017.13,65.94,-17.76
2025-03-24 17:20:45.202000+00:00,62.933739676789685,,,,353.125,1.188,0.875,23.16,-116.562,-20.375,-10.188,-0.034,-0.007,-0.072,-0.42,0.5,9.2,-0.62,0.66,-0.49,0.23,-0.17,9.8,2.0325,7.5,10.0,0.0,0.0,5.0,1017.13,65.94,-17.76
2025-03-24 17:20:46.198000+00:00,62.933739676789685,,,,353.125,1.188,0.875,23.16,-116.562,-20.375,-10.188,-0.034,-0.007,-0.072,-0.42,0.5,9.2,-0.62,0.66,-0.49,0.23,-0.17,9.8,2.1325,7.5,10.0,0.0,0.0,5.0,1017.13,65.94,-17.76
2025-03-24 17:20:47.247000+00:00,62.933739676789685,,,,353.125,1.188,0.875,23.16,-116.562,-20.375,-10.188,-0.034,-0.007,-0.072,-0.42,0.5,9.2,-0.62,0.66,-0.49,0.23,-0.17,9.8,2.15875,7.5,10.0,0.0,0.0,5.0,1017.13,65.94,-17.76
2025-03-24 17:20:48.397000+00:00,62.933739676789685,,,,353.125,1.188,0.875,23.16,-116.562,-20.375,-10.188,-0.034,-0.007,-0.072,-0.42,0.5,9.2,-0.62,0.66,-0.49,0.23,-0.17,9.8,2.11125,7.5,10.0,0.0,0.0,5.0,1017.13,65.94,-17.76
2025-03-24 17:20:49.556000+00:00,62.933739676789685,,,,353.125,1.188,0.875,23.16,-116.562,-20.375,-10.188,-0.034,-0.007,-0.072,-0.42,0.5,9.2,-0.62,0.66,-0.49,0.23,-0.17,9.8,1.9737500000000001,7.5,10.0,0.0,0.0,5.0,1017.13,65.94,-17.76
2025-03-24 17:20:50.223000+00:00,62.933739676789685,,,,353.125,1.188,0.875,23.16,-116.562,-20.375,-10.188,-0.034,-0.007,-0.072,-0.42,0.5,9.2,-0.62,0.66,-0.49,0.23,-0.17,9.8,2.05875,7.5,10.0,0.0,0.0,5.0,1017.13,65.94,-17.76
2025-03-24 17:20:51.216000+00:00,62.933739676789685,,,,353.125,1.188,0.875,23.16,-116.562,-20.375,-10.188,-0.034,-0.007,-0.072,-0.42,0.5,9.2,-0.62,0.66,-0.49,0.23,-0.17,9.8,2.1550000000000002,7.5,10.0,0.0,0.0,5.0,1017.13,65.94,-17.76
2025-03-24 17:20:52.230000+00:00,62.933739676789685,,,,353.125,1.188,0.875,23.16,-116.562,-20.375,-10.188,-0.034,-0.007,-0.072,-0.42,0.5,9.2,-0.62,0.66,-0.49,0.23,-0.17,9.8,2.1775,7.5,10.0,0.0,0.0,5.0,1017.13,65.94,-17.76
2025-03-24 17:20:53.233000+00:00,62.933739676789685,,,,353.125,1.188,0.875,23.16,-116.562,-20.375,-10.188,-0.034,-0.007,-0.072,-0.42,0.5,9.2,-0.62,0.66,-0.49,0.23,-0.17,9.8,2.1325,7.5,10.0,0.0,0.0,5.0,1017.13,65.94,-17.76
2025-03-24 17:20:54.233000+00:00,62.933739676789685,,,,353.125,1.188,0.875,23.16,-116.562,-20.375,-10.188,-0.034,-0.007,-0.072,-0.42,0.5,9.2,-0.62,0.66,-0.49,0.23,-0.17,9.8,2.11125,7.5,10.0,0.0,0.0,5.0,1017.13,65.94,-17.76
2025-03-24 17:20:55.242000+00:00,62.933739676789685,,,,353.125,1.188,0.875,23.16,-116.562,-20.375,-10.188,-0.034,-0.007,-0.072,-0.42,0.5,9.2,-0.62,0.66,-0.49,0.23,-0.17,9.8,2.1750000000000003,7.5,10.0,0.0,0.0,5.0,1017.13,65.94,-17.76
2025-03-24 17:20:56.362000+00:00,62.933739676789685,,,,353.125,1.188,0.875,23.16,-116.562,-20.375,-10.188,-0.034,-0.007,-0.072,-0.42,0.5,9.2,-0.62,0.66,-0.49,0.23,-0.17,9.8,2.11875,7.5,10.0,0.0,0.0,5.0,1017.13,65.94,-17.76
2025-03-24 17:20:57.358000+00:00,62.933739676789685,,,,353.125,1.188,0.875,23.16,-116.562,-20.375,-10.188,-0.034,-0.007,-0.072,-0.42,0.5,9.2,-0.62,0.66,-0.49,0.23,-0.17,9.8,2.16125,7.5,10.0,0.0,0.0,5.0,1017.13,65.94,-17.76
2025-03-24 17:20:58.398000+00:00,62.933739676789685,,,,353.125,1.188,0.875,23.16,-116.562,-20.375,-10.188,-0.034,-0.007,-0.072,-0.42,0.5,9.2,-0.62,0.66,-0.49,0.23,-0.17,9.8,2.19,7.5,10.0,0.0,0.0,5.0,1017.13,65.94,-17.76
2025-03-24 17:20:59.536000+00:00,62.933739676789685,,,,353.125,1.188,0.875,23.16,-116.562,-20.375,-10.188,-0.034,-0.007,-0.072,-0.42,0.5,9.2,-0.62,0.66,-0.49,0.23,-0.17,9.8,2.12875,7.5,10.0,0.0,0.0,5.0,1017.13,65.94,-17.76
2025-03-24 17:21:00.256000+00:00,62.933739676789685,,,,353.125,1.188,0.875,23.16,-116.562,-20.375,-10.188,-0.034,-0.007,-0.072,-0.42,0.5,9.2,-0.62,0.66,-0.49,0.23,-0.17,9.8,2.055,7.5,10.0,0.0,0.0,5.0,1017.13,65.94,-17.76
2025-03-24 17:21:01.255000+00:00,62.933739676789685,,,,353.125,1.188,0.875,23.16,-116.562,-20.375,-10.188,-0.034,-0.007,-0.072,-0.42,0.5,9.2,-0.62,0.66,-0.49,0.23,-0.17,9.8,2.0612500000000002,7.5,10.0,0.0,0.0,5.0,1017.13,65.94,-17.76
2025-03-24 17:21:02.270000+00:00,62.933739676789685,,,,353.125,1.188,0.875,23.16,-116.562,-20.375,-10.188,-0.034,-0.007,-0.072,-0.42,0.5,9.2,-0.62,0.66,-0.49,0.23,-0.17,9.8,2.12625,7.5,10.0,0.0,0.0,5.0,1017.13,65.94,-17.76
2025-03-24 17:21:03.266000+00:00,62.933739676789685,,,,353.125,1.188,0.875,23.16,-116.562,-20.375,-10.188,-0.034,-0.007,-0.072,-0.42,0.5,9.2,-0.62,0.66,-0.49,0.23,-0.17,9.8,2.1725,7.5,10.0,0.0,0.0,5.0,1017.13,65.94,-17.76
2025-03-24 17:21:04.265000+00:00,62.933739676789685,,,,353.125,1.188,0.875,23.16,-116.562,-20.375,-10.188,-0.034,-0.007,-0.072,-0.42,0.5,9.2,-0.62,0.66,-0.49,0.23,-0.17,9.8,2.02625,7.5,10.0,0.0,0.0,5.0,1017.13,65.94,-17.76
2025-03-24 17:21:05.282000+00:00,62.933739676789685,,,,353.125,1.188,0.875,23.16,-116.562,-20.375,-10.188,-0.034,-0.007,-0.072,-0.42,0.5,9.2,-0.62,0.66,-0.49,0.23,-0.17,9.8,2.13875,7.5,10.0,0.0,0.0,5.0,1017.13,65.94,-17.76
2025-03-24 17:21:06.355000+00:00,62.933739676789685,,,,353.125,1.188,0.875,23.16,-116.562,-20.375,-10.188,-0.034,-0.007,-0.072,-0.42,0.5,9.2,-0.62,0.66,-0.49,0.23,-0.17,9.8,2.1525,7.5,10.0,0.0,0.0,5.0,1017.13,65.94,-17.76
2025-03-24 17:21:07.375000+00:00,62.933739676789685,,,,353.125,1.188,0.875,23.16,-116.562,-20.375,-10.188,-0.034,-0.007,-0.072,-0.42,0.5,9.2,-0.62,0.66,-0.49,0.23,-0.17,9.8,2.08125,7.5,10.0,0.0,0.0,5.0,1017.13,65.94,-17.76
2025-03-24 17:21:08.495000+00:00,62.933739676789685,,,,353.125,1.188,0.875,23.16,-116.562,-20.375,-10.188,-0.034,-0.007,-0.072,-0.42,0.5,9.2,-0.62,0.66,-0.49,0.23,-0.17,9.8,2.1025,7.5,10.0,0.0,0.0,5.0,1017.13,65.94,-17.76
2025-03-24 17:21:09.297000+00:00,62.933739676789685,,,,353.125,1.188,0.875,23.16,-116.562,-20.375,-10.188,-0.034,-0.007,-0.072,-0.42,0.5,9.2,-0.62,0.66,-0.49,0.23,-0.17,9.8,2.05375,7.5,10.0,0.0,0.0,5.0,1017.13,65.94,-17.76
2025-03-24 17:21:10.380000+00:00,62.933739676789685,,,,353.125,1.188,0.875,23.16,-116.562,-20.375,-10.188,-0.034,-0.007,-0.072,-0.42,0.5,9.2,-0.62,0.66,-0.49,0.23,-0.17,9.8,2.11125,7.5,10.0,0.0,0.0,5.0,1017.13,65.94,-17.76
2025-03-24 17:21:11.365000+00:00,62.933739676789685,,,,353.125,1.188,0.875,23.16,-116.562,-20.375,-10.188,-0.034,-0.007,-0.072,-0.42,0.5,9.2,-0.62,0.66,-0.49,0.23,-0.17,9.8,2.0825,7.5,10.0,0.0,0.0,5.0,1017.13,65.94,-17.76
2025-03-24 17:21:12.335000+00:00,62.933739676789685,,,,353.125,1.188,0.875,23.16,-116.562,-20.375,-10.188,-0.034,-0.007,-0.072,-0.42,0.5,9.2,-0.62,0.66,-0.49,0.23,-0.17,9.8,2.1437500000000003,7.5,10.0,0.0,0.0,5.0,1017.13,65.94,-17.76
2025-03-24 17:21:13.345000+00:00,62.933739676789685,,,,353.125,1.188,0.875,23.16,-116.562,-20.375,-10.188,-0.034,-0.007,-0.072,-0.42,0.5,9.2,-0.62,0.66,-0.49,0.23,-0.17,9.8,2.1125,7.5,10.0,0.0,0.0,5.0,1017.13,65.94,-17.76
2025-03-24 17:21:14.335000+00:00,62.933739676789685,,,,353.125,1.188,0.875,23.16,-116.562,-20.375,-10.188,-0.034,-0.007,-0.072,-0.42,0.5,9.2,-0.62,0.66,-0.49,0.23,-0.17,9.8,2.05875,7.5,10.0,0.0,0.0,5.0,1017.13,65.94,-17.76
2025-03-24 17:20:16.041000+00:00,62.933739676789685,,,,353.125,1.188,0.875,23.16,-116.562,-20.375,-10.188,-0.034,-0.007,-0.072,-0.42,0.5,9.2,-0.62,0.66,-0.49,0.23,-0.17,9.8,2.05875,7.5,10.0,0.0,0.0,5.0,1017.13,65.94,-17.76
2025-03-24 17:20:17.044000+00:00,62.933739676789685,,,,353.125,1.188,0.875,23.16,-116.562,-20.375,-10.188,-0.034,-0.007,-0.072,-0.42,0.5,9.2,-0.62,0.66,-0.49,0.23,-0.17,9.8,2.05875,8.75,10.0,0.0,0.0,5.0,1017.13,65.94,-17.76
2025-03-24 17:20:18.048000+00:00,62.933739676789685,,,,353.125,1.188,0.875,23.16,-116.562,-20.375,-10.188,-0.034,-0.007,-0.072,-0.42,0.5,9.2,-0.62,0.66,-0.49,0.23,-0.17,9.8,2.05875,11.25,10.0,0.0,0.0,5.0,1017.13,65.94,-17.76
2025-03-24 17:20:19.052000+00:00,62.933739676789685,,,,353.125,1.188,0.875,23.16,-116.562,-20.375,-10.188,-0.034,-0.007,-0.072,-0.42,0.5,9.2,-0.62,0.66,-0.49,0.23,-0.17,9.8,2.05875,7.5,10.0,0.0,0.0,5.0,1017.13,65.94,-17.76
2025-03-24 17:20:20.055000+00:00,62.933739676789685,,,,353.125,1.188,0.875,23.16,-116.562,-20.375,-10.188,-0.034,-0.007,-0.072,-0.42,0.5,9.2,-0.62,0.66,-0.49,0.23,-0.17,9.8,2.05875,8.75,10.0,0.0,0.0,5.0,1017.13,65.94,-17.76
2025-03-24 17:20:21.074000+00:00,62.933739676789685,,,,353.125,1.188,0.875,23.16,-116.562,-20.375,-10.188,-0.034,-0.007,-0.072,-0.42,0.5,9.2,-0.62,0.66,-0.49,0.23,-0.17,9.8,2.05875,6.25,10.0,0.0,0.0,5.0,1017.13,65.94,-17.76
2025-03-24 17:20:22.089000+00:00,62.933739676789685,,,,353.125,1.188,0.875,23.16,-116.562,-20.375,-10.188,-0.034,-0.007,-0.072,-0.42,0.5,9.2,-0.62,0.66,-0.49,0.23,-0.17,9.8,2.05875,7.5,10.0,0.0,0.0,5.0,1017.13,65.94,-17.76
2025-03-24 17:20:23.198000+00:00,62.933739676789685,,,,353.125,1.188,0.875,23.16,-116.562,-20.375,-10.188,-0.034,-0.007,-0.072,-0.42,0.5,9.2,-0.62,0.66,-0.49,0.23,-0.17,9.8,2.05875,7.5,10.0,0.0,0.0,5.0,1017.13,65.94,-17.76
2025-03-24 17:20:24.362000+00:00,62.933739676789685,,,,353.125,1.188,0.875,23.16,-116.562,-20.375,-10.188,-0.034,-0.007,-0.072,-0.42,0.5,9.2,-0.62,0.66,-0.49,0.23,-0.17,9.8,2.05875,6.25,10.0,0.0,0.0,5.0,1017.13,65.94,-17.76
2025-03-24 17:20:25.074000+00:00,62.933739676789685,,,,353.125,1.188,0.875,23.16,-116.562,-20.375,-10.188,-0.034,-0.007,-0.072,-0.42,0.5,9.2,-0.62,0.66,-0.49,0.23,-0.17,9.8,2.05875,8.75,10.0,0.0,0.0,5.0,1017.13,65.94,-17.76
2025-03-24 17:20:26.078000+00:00,62.933739676789685,,,,353.125,1.188,0.875,23.16,-116.562,-20.375,-10.188,-0.034,-0.007,-0.072,-0.42,0.5,9.2,-0.62,0.66,-0.49,0.23,-0.17,9.8,2.05875,3.75,10.0,0.0,0.0,5.0,1017.13,65.94,-17.76
2025-03-24 17:20:27.081000+00:00,62.933739676789685,,,,353.125,1.188,0.875,23.16,-116.562,-20.375,-10.188,-0.034,-0.007,-0.072,-0.42,0.5,9.2,-0.62,0.66,-0.49,0.23,-0.17,9.8,2.05875,5.0,10.0,0.0,0.0,5.0,1017.13,65.94,-17.76
2025-03-24 17:20:28.085000+00:00,62.933739676789685,,,,353.125,1.188,0.875,23.16,-116.562,-20.375,-10.188,-0.034,-0.007,-0.072,-0.42,0.5,9.2,-0.62,0.66,-0.49,0.23,-0.17,9.8,2.05875,3.75,10.0,0.0,0.0,5.0,1017.13,65.94,-17.76
2025-03-24 17:20:29.089000+00:00,62.933739676789685,,,,353.125,1.188,0.875,23.16,-116.562,-20.375,-10.188,-0.034,-0.007,-0.072,-0.42,0.5,9.2,-0.62,0.66,-0.49,0.23,-0.17,9.8,2.05875,6.25,10.0,0.0,0.0,5.0,1017.13,65.94,-17.76
2025-03-24 17:20:30.093000+00:00,62.933739676789685,,,,353.125,1.188,0.875,23.16,-116.562,-20.375,-10.188,-0.034,-0.007,-0.072,-0.42,0.5,9.2,-0.62,0.66,-0.49,0.23,-0.17,9.8,2.05875,11.25,10.0,0.0,0.0,5.0,1017.13,65.94,-17.76
2025-03-24 17:20:31.151000+00:00,62.933739676789685,,,,353.125,1.188,0.875,23.16,-116.562,-20.375,-10.188,-0.034,-0.007,-0.072,-0.42,0.5,9.2,-0.62,0.66,-0.49,0.23,-0.17,9.8,2.05875,7.5,10.0,0.0,0.0,5.0,1017.13,65.94,-17.76
2025-03-24 17:20:32.344000+00:00,62.933739676789685,,,,353.125,1.188,0.875,23.16,-116.562,-20.375,-10.188,-0.034,-0.007,-0.072,-0.42,0.5,9.2,-0.62,0.66,-0.49,0.23,-0.17,9.8,2.05875,5.0,10.0,0.0,0.0,5.0,1017.13,65.94,-17.76
2025-03-24 17:20:33.104000+00:00,62.933739676789685,,,,353.125,1.188,0.875,23.16,-116.562,-20.375,-10.188,-0.034,-0.007,-0.072,-0.42,0.5,9.2,-0.62,0.66,-0.49,0.23,-0.17,9.8,2.05875,8.75,10.0,0.0,0.0,5.0,1017.13,65.94,-17.76
2025-03-24 17:20:34.107000+00:00,62.933739676789685,,,,353.125,1.188,0.875,23.16,-116.562,-20.375,-10.188,-0.034,-0.007,-0.072,-0.42,0.5,9.2,-0.62,0.66,-0.49,0.23,-0.17,9.8,2.05875,7.5,10.0,0.0,0.0,5.0,1017.13,65.94,-17.76
2025-03-24 17:20:35.111000+00:00,62.933739676789685,,,,353.125,1.188,0.875,23.16,-116.562,-20.375,-10.188,-0.034,-0.007,-0.072,-0.42,0.5,9.2,-0.62,0.66,-0.49,0.23,-0.17,9.8,2.05875,11.25,10.0,0.0,0.0,5.0,1017.13,65.94,-17.76
2025-03-24 17:20:36.114000+00:00,62.933739676789685,,,,353.125,1.188,0.875,23.16,-116.562,-20.375,-10.188,-0.034,-0.007,-0.072,-0.42,0.5,9.2,-0.62,0.66,-0.49,0.23,-0.17,9.8,2.05875,8.75,10.0,0.0,0.0,5.0,1017.13,65.94,-17.76
2025-03-24 17:20:37.118000+00:00,62.933739676789685,,,,353.125,1.188,0.875,23.16,-116.562,-20.375,-10.188,-0.034,-0.007,-0.072,-0.42,0.5,9.2,-0.62,0.66,-0.49,0.23,-0.17,9.8,2.05875,6.25,10.0,0.0,0.0,5.0,1017.13,65.94,-17.76
2025-03-24 17:20:38.122000+00:00,62.933739676789685,,,,353.125,1.188,0.875,23.16,-116.562,-20.375,-10.188,-0.034,-0.007,-0.072,-0.42,0.5,9.2,-0.62,0.66,-0.49,0.23,-0.17,9.8,2.05875,8.75,10.0,0.0,0.0,5.0,1017.13,65.94,-17.76
2025-03-24 17:20:39.373000+00:00,62.933739676789685,,,,353.125,1.188,0.875,23.16,-116.562,-20.375,-10.188,-0.034,-0.007,-0.072,-0.42,0.5,9.2,-0.62,0.66,-0.49,0.23,-0.17,9.8,2.05875,10.0,10.0,0.0,0.0,5.0,1017.13,65.94,-17.76
2025-03-24 17:20:40.388000+00:00,62.933739676789685,,,,353.125,1.188,0.875,23.16,-116.562,-20.375,-10.188,-0.034,-0.007,-0.072,-0.42,0.5,9.2,-0.62,0.66,-0.49,0.23,-0.17,9.8,2.05875,7.5,10.0,0.0,0.0,5.0,1017.13,65.94,-17.76
2025-03-24 17:20:41.133000+00:00,62.933739676789685,,,,353.125,1.188,0.875,23.16,-116.562,-20.375,-10.188,-0.034,-0.007,-0.072,-0.42,0.5,9.2,-0.62,0.66,-0.49,0.23,-0.17,9.8,2.05875,5.0,10.0,0.0,0.0,5.0,1017.13,65.94,-17.76
2025-03-24 17:20:42.136000+00:00,62.933739676789685,,,,353.125,1.188,0.875,23.16,-116.562,-20.375,-10.188,-0.034,-0.007,-0.072,-0.42,0.5,9.2,-0.62,0.66,-0.49,0.23,-0.17,9.8,2.05875,10.0,10.0,0.0,0.0,5.0,1017.13,65.94,-17.76
2025-03-24 17:20:43.140000+00:00,62.933739676789685,,,,353.125,1.188,0.875,23.16,-116.562,-20.375,-10.188,-0.034,-0.007,-0.072,-0.42,0.5,9.2,-0.62,0.66,-0.49,0.23,-0.17,9.8,2.05875,8.75,10.0,0.0,0.0,5.0,1017.13,65.94,-17.76
2025-03-24 17:20:44.144000+00:00,62.933739676789685,,,,353.125,1.188,0.875,23.16,-116.562,-20.375,-10.188,-0.034,-0.007,-0.072,-0.42,0.5,9.2,-0.62,0.66,-0.49,0.23,-0.17,9.8,2.05875,5.0,10.0,0.0,0.0,5.0,1017.13,65.94,-17.76
2025-03-24 17:20:45.148000+00:00,62.933739676789685,,,,353.125,1.188,0.875,23.16,-116.562,-20.375,-10.188,-0.034,-0.007,-0.072,-0.42,0.5,9.2,-0.62,0.66,-0.49,0.23,-0.17,9.8,2.05875,8.75,10.0,0.0,0.0,5.0,1017.13,65.94,-17.76
2025-03-24 17:20:46.151000+00:00,62.933739676789685,,,,353.125,1.188,0.875,23.16,-116.562,-20.375,-10.188,-0.034,-0.007,-0.072,-0.42,0.5,9.2,-0.62,0.66,-0.49,0.23,-0.17,9.8,2.05875,6.25,10.0,0.0,0.0,5.0,1017.13,65.94,-17.76
2025-03-24 17:20:47.197000+00:00,62.933739676789685,,,,353.125,1.188,0.875,23.16,-116.562,-20.375,-10.188,-0.034,-0.007,-0.072,-0.42,0.5,9.2,-0.62,0.66,-0.49,0.23,-0.17,9.8,2.05875,7.5,10.0,0.0,0.0,5.0,1017.13,65.94,-17.76
2025-03-24 17:20:48.347000+00:00,62.933739676789685,,,,353.125,1.188,0.875,23.16,-116.562,-20.375,-10.188,-0.034,-0.007,-0.072,-0.42,0.5,9.2,-0.62,0.66,-0.49,0.23,-0.17,9.8,2.05875,5.0,10.0,0.0,0.0,5.0,1017.13,65.94,-17.76
2025-03-24 17:20:49.506000+00:00,62.933739676789685,,,,353.125,1.188,0.875,23.16,-116.562,-20.375,-10.188,-0.034,-0.007,-0.072,-0.42,0.5,9.2,-0.62,0.66,-0.49,0.23,-0.17,9.8,2.05875,6.25,10.0,0.0,0.0,5.0,1017.13,65.94,-17.76
2025-03-24 17:20:50.167000+00:00,62.933739676789685,,,,353.125,1.188,0.875,23.16,-116.562,-20.375,-10.188,-0.034,-0.007,-0.072,-0.42,0.5,9.2,-0.62,0.66,-0.49,0.23,-0.17,9.8,2.05875,5.0,10.0,0.0,0.0,5.0,1017.13,65.94,-17.76
2025-03-24 17:20:51.170000+00:00,62.933739676789685,,,,353.125,1.188,0.875,23.16,-116.562,-20.375,-10.188,-0.034,-0.007,-0.072,-0.42,0.5,9.2,-0.62,0.66,-0.49,0.23,-0.17,9.8,2.05875,6.25,10.0,0.0,0.0,5.0,1017.13,65.94,-17.76
2025-03-24 17:20:52.174000+00:00,62.933739676789685,,,,353.125,1.188,0.875,23.16,-116.562,-20.375,-10.188,-0.034,-0.007,-0.072,-0.42,0.5,9.2,-0.62,0.66,-0.49,0.23,-0.17,9.8,2.05875,6.25,10.0,0.0,0.0,5.0,1017.13,65.94,-17.76
2025-03-24 17:20:53.177000+00:00,62.933739676789685,,,,353.125,1.188,0.875,23.16,-116.562,-20.375,-10.188,-0.034,-0.007,-0.072,-0.42,0.5,9.2,-0.62,0.66,-0.49,0.23,-0.17,9.8,2.05875,5.0,10.0,0.0,0.0,5.0,1017.13,65.94,-17.76
2025-03-24 17:20:54.181000+00:00,62.933739676789685,,,,353.125,1.188,0.875,23.16,-116.562,-20.375,-10.188,-0.034,-0.007,-0.072,-0.42,0.5,9.2,-0.62,0.66,-0.49,0.23,-0.17,9.8,2.05875,5.0,10.0,0.0,0.0,5.0,1017.13,65.94,-17.76
2025-03-24 17:20:55.185000+00:00,62.933739676789685,,,,353.125,1.188,0.875,23.16,-116.562,-20.375,-10.188,-0.034,-0.007,-0.072,-0.42,0.5,9.2,-0.62,0.66,-0.49,0.23,-0.17,9.8,2.05875,7.5,10.0,0.0,0.0,5.0,1017.13,65.94,-17.76
2025-03-24 17:20:56.307000+00:00,62.933739676789685,,,,353.125,1.188,0.875,23.16,-116.562,-20.375,-10.188,-0.034,-0.007,-0.072,-0.42,0.5,9.2,-0.62,0.66,-0.49,0.23,-0.17,9.8,2.05875,8.75,10.0,0.0,0.0,5.0,1017.13,65.94,-17.76
2025-03-24 17:20:57.302000+00:00,62.933739676789685,,,,353.125,1.188,0.875,23.16,-116.562,-20.375,-10.188,-0.034,-0.007,-0.072,-0.42,0.5,9.2,-0.62,0.66,-0.49,0.23,-0.17,9.8,2.05875,7.5,10.0,0.0,0.0,5.0,1017.13,65.94,-17.76
2025-03-24 17:20:58.342000+00:00,62.933739676789685,,,,353.125,1.188,0.875,23.16,-116.562,-20.375,-10.188,-0.034,-0.007,-0.072,-0.42,0.5,9.2,-0.62,0.66,-0.49,0.23,-0.17,9.8,2.05875,5.0,10.0,0.0,0.0,5.0,1017.13,65.94,-17.76
2025-03-24 17:20:59.485000+00:00,62.933739676789685,,,,353.125,1.188,0.875,23.16,-116.562,-20.375,-10.188,-0.034,-0.007,-0.072,-0.42,0.5,9.2,-0.62,0.66,-0.49,0.23,-0.17,9.8,2.05875,10.0,10.0,0.0,0.0,5.0,1017.13,65.94,-17.76
2025-03-24 17:21:00.205000+00:00,62.933739676789685,,,,353.125,1.188,0.875,23.16,-116.562,-20.375,-10.188,-0.034,-0.007,-0.072,-0.42,0.5,9.2,-0.62,0.66,-0.49,0.23,-0.17,9.8,2.05875,8.75,10.0,0.0,0.0,5.0,1017.13,65.94,-17.76
2025-03-24 17:21:01.209000+00:00,62.933739676789685,,,,353.125,1.188,0.875,23.16,-116.562,-20.375,-10.188,-0.034,-0.007,-0.072,-0.42,0.5,9.2,-0.62,0.66,-0.49,0.23,-0.17,9.8,2.05875,10.0,10.0,0.0,0.0,5.0,1017.13,65.94,-17.76
2025-03-24 17:21:02.213000+00:00,62.933739676789685,,,,353.125,1.188,0.875,23.16,-116.562,-20.375,-10.188,-0.034,-0.007,-0.072,-0.42,0.5,9.2,-0.62,0.66,-0.49,0.23,-0.17,9.8,2.05875,8.75,10.0,0.0,0.0,5.0,1017.13,65.94,-17.76
2025-03-24 17:21:03.216000+00:00,62.933739676789685,,,,353.125,1.188,0.875,23.16,-116.562,-20.375,-10.188,-0.034,-0.007,-0.072,-0.42,0.5,9.2,-0.62,0.66,-0.49,0.23,-0.17,9.8,2.05875,11.25,10.0,0.0,0.0,5.0,1017.13,65.94,-17.76
2025-03-24 17:21:04.220000+00:00,62.933739676789685,,,,353.125,1.188,0.875,23.16,-116.562,-20.375,-10.188,-0.034,-0.007,-0.072,-0.42,0.5,9.2,-0.62,0.66,-0.49,0.23,-0.17,9.8,2.05875,10.0,10.0,0.0,0.0,5.0,1017.13,65.94,-17.76
2025-03-24 17:21:05.224000+00:00,62.933739676789685,,,,353.125,1.188,0.875,23.16,-116.562,-20.375,-10.188,-0.034,-0.007,-0.072,-0.42,0.5,9.2,-0.62,0.66,-0.49,0.23,-0.17,9.8,2.05875,10.0,10.0,0.0,0.0,5.0,1017.13,65.94,-17.76
2025-03-24 17:21:06.309000+00:00,62.933739676789685,,,,353.125,1.188,0.875,23.16,-116.562,-20.375,-10.188,-0.034,-0.007,-0.072,-0.42,0.5,9.2,-0.62,0.66,-0.49,0.23,-0.17,9.8,2.05875,6.25,10.0,0.0,0.0,5.0,1017.13,65.94,-17.76
2025-03-24 17:21:07.321000+00:00,62.933739676789685,,,,353.125,1.188,0.875,23.16,-116.562,-20.375,-10.188,-0.034,-0.007,-0.072,-0.42,0.5,9.2,-0.62,0.66,-0.49,0.23,-0.17,9.8,2.05875,10.0,10.0,0.0,0.0,5.0,1017.13,65.94,-17.76
2025-03-24 17:21:08.445000+00:00,62.933739676789685,,,,353.125,1.188,0.875,23.16,-116.562,-20.375,-10.188,-0.034,-0.007,-0.072,-0.42,0.5,9.2,-0.62,0.66,-0.49,0.23,-0.17,9.8,2.05875,6.25,10.0,0.0,0.0,5.0,1017.13,65.94,-17.76
2025-03-24 17:21:09.239000+00:00,62.933739676789685,,,,353.125,1.188,0.875,23.16,-116.562,-20.375,-10.188,-0.034,-0.007,-0.072,-0.42,0.5,9.2,-0.62,0.66,-0.49,0.23,-0.17,9.8,2.05875,7.5,10.0,0.0,0.0,5.0,1017.13,65.94,-17.76
2025-03-24 17:21:10.325000+00:00,62.933739676789685,,,,353.125,1.188,0.875,23.16,-116.562,-20.375,-10.188,-0.034,-0.007,-0.072,-0.42,0.5,9.2,-0.62,0.66,-0.49,0.23,-0.17,9.8,2.05875,10.0,10.0,0.0,0.0,5.0,1017.13,65.94,-17.76
2025-03-24 17:21:11.315000+00:00,62.933739676789685,,,,353.125,1.188,0.875,23.16,-116.562,-20.375,-10.188,-0.034,-0.007,-0.072,-0.42,0.5,9.2,-0.62,0.66,-0.49,0.23,-0.17,9.8,2.05875,7.5,10.0,0.0,0.0,5.0,1017.13,65.94,-17.76
2025-03-24 17:21:12.285000+00:00,62.933739676789685,,,,353.125,1.188,0.875,23.16,-116.562,-20.375,-10.188,-0.034,-0.007,-0.072,-0.42,0.5,9.2,-0.62,0.66,-0.49,0.23,-0.17,9.8,2.05875,6.25,10.0,0.0,0.0,5.0,1017.13,65.94,-17.76
2025-03-24 17:21:13.295000+00:00,62.933739676789685,,,,353.125,1.188,0.875,23.16,-116.562,-20.375,-10.188,-0.034,-0.007,-0.072,-0.42,0.5,9.2,-0.62,0.66,-0.49,0.23,-0.17,9.8,2.05875,6.25,10.0,0.0,0.0,5.0,1017.13,65.94,-17.76
2025-03-24 17:21:14.284000+00:00,62.933739676789685,,,,353.125,1.188,0.875,23.16,-116.562,-20.375,-10.188,-0.034,-0.007,-0.072,-0.42,0.5,9.2,-0.62,0.66,-0.49,0.23,-0.17,9.8,2.05875,10.0,10.0,0.0,0.0,5.0,1017.13,65.94,-17.76
2025-03-24 17:20:16.149000+00:00,62.933739676789685,,,,353.125,1.188,0.875,23.16,-116.562,-20.375,-10.188,-0.034,-0.007,-0.072,-0.42,0.5,9.2,-0.62,0.66,-0.49,0.23,-0.17,9.8,2.05875,10.0,10.0,0.0,0.0,5.0,1017.13,65.94,-17.76
2025-03-24 17:20:17.149000+00:00,62.933739676789685,,,,353.125,1.188,0.875,23.16,-116.562,-20.375,-10.188,-0.034,-0.007,-0.072,-0.42,0.5,9.2,-0.62,0.66,-0.49,0.23,-0.17,9.8,2.05875,10.0,10.0,0.0,0.0,5.0,1017.13,65.94,-17.76
2025-03-24 17:20:18.149000+00:00,62.933739676789685,,,,353.125,1.188,0.875,23.16,-116.562,-20.375,-10.188,-0.034,-0.007,-0.072,-0.42,0.5,9.2,-0.62,0.66,-0.49,0.23,-0.17,9.8,2.05875,10.0,30.0,0.0,0.0,5.0,1017.13,65.94,-17.76
2025-03-24 17:20:19.158000+00:00,62.933739676789685,,,,353.125,1.188,0.875,23.16,-116.562,-20.375,-10.188,-0.034,-0.007,-0.072,-0.42,0.5,9.2,-0.62,0.66,-0.49,0.23,-0.17,9.8,2.05875,10.0,30.0,0.0,0.0,5.0,1017.13,65.94,-17.76
2025-03-24 17:20:20.158000+00:00,62.933739676789685,,,,353.125,1.188,0.875,23.16,-116.562,-20.375,-10.188,-0.034,-0.007,-0.072,-0.42,0.5,9.2,-0.62,0.66,-0.49,0.23,-0.17,9.8,2.05875,10.0,10.0,0.0,0.0,5.0,1017.13,65.94,-17.76
2025-03-24 17:20:21.189000+00:00,62.933739676789685,,,,353.125,1.188,0.875,23.16,-116.562,-20.375,-10.188,-0.034,-0.007,-0.072,-0.42,0.5,9.2,-0.62,0.66,-0.49,0.23,-0.17,9.8,2.05875,10.0,10.0,0.0,0.0,5.0,1017.13,65.94,-17.76
2025-03-24 17:20:22.211000+00:00,62.933739676789685,,,,353.125,1.188,0.875,23.16,-116.562,-20.375,-10.188,-0.034,-0.007,-0.072,-0.42,0.5,9.2,-0.62,0.66,-0.49,0.23,-0.17,9.8,2.05875,10.0,10.0,0.0,0.0,5.0,1017.13,65.94,-17.76
2025-03-24 17:20:23.315000+00:00,62.933739676789685,,,,353.125,1.188,0.875,23.16,-116.562,-20.375,-10.188,-0.034,-0.007,-0.072,-0.42,0.5,9.2,-0.62,0.66,-0.49,0.23,-0.17,9.8,2.05875,10.0,10.0,0.0,0.0,5.0,1017.13,65.94,-17.76
2025-03-24 17:20:24.474000+00:00,62.933739676789685,,,,353.125,1.188,0.875,23.16,-116.562,-20.375,-10.188,-0.034,-0.007,-0.072,-0.42,0.5,9.2,-0.62,0.66,-0.49,0.23,-0.17,9.8,2.05875,10.0,10.0,0.0,0.0,5.0,1017.13,65.94,-17.76
2025-03-24 17:20:25.177000+00:00,62.933739676789685,,,,353.125,1.188,0.875,23.16,-116.562,-20.375,-10.188,-0.034,-0.007,-0.072,-0.42,0.5,9.2,-0.62,0.66,-0.49,0.23,-0.17,9.8,2.05875,10.0,10.0,0.0,0.0,5.0,1017.13,65.94,-17.76
2025-03-24 17:20:26.177000+00:00,62.933739676789685,,,,353.125,1.188,0.875,23.16,-116.562,-20.375,-10.188,-0.034,-0.007,-0.072,-0.42,0.5,9.2,-0.62,0.66,-0.49,0.23,-0.17,9.8,2.05875,10.0,10.0,0.0,0.0,5.0,1017.13,65.94,-17.76
2025-03-24 17:20:27.188000+00:00,62.933739676789685,,,,353.125,1.188,0.875,23.16,-116.562,-20.375,-10.188,-0.034,-0.007,-0.072,-0.42,0.5,9.2,-0.62,0.66,-0.49,0.23,-0.17,9.8,2.05875,10.0,10.0,0.0,0.0,5.0,1017.13,65.94,-17.76
2025-03-24 17:20:28.198000+00:00,62.933739676789685,,,,353.125,1.188,0.875,23.16,-116.562,-20.375,-10.188,-0.034,-0.007,-0.072,-0.42,0.5,9.2,-0.62,0.66,-0.49,0.23,-0.17,9.8,2.05875,10.0,10.0,0.0,0.0,5.0,1017.13,65.94,-17.76
2025-03-24 17:20:29.188000+00:00,62.933739676789685,,,,353.125,1.188,0.875,23.16,-116.562,-20.375,-10.188,-0.034,-0.007,-0.072,-0.42,0.5,9.2,-0.62,0.66,-0.49,0.23,-0.17,9.8,2.05875,10.0,10.0,0.0,0.0,5.0,1017.13,65.94,-17.76
2025-03-24 17:20:30.208000+00:00,62.933739676789685,,,,353.125,1.188,0.875,23.16,-116.562,-20.375,-10.188,-0.034,-0.007,-0.072,-0.42,0.5,9.2,-0.62,0.66,-0.49,0.23,-0.17,9.8,2.05875,10.0,30.0,0.0,0.0,5.0,1017.13,65.94,-17.76
2025-03-24 17:20:31.248000+00:00,62.933739676789685,,,,353.125,1.188,0.875,23.16,-116.562,-20.375,-10.188,-0.034,-0.007,-0.072,-0.42,0.5,9.2,-0.62,0.66,-0.49,0.23,-0.17,9.8,2.05875,10.0,10.0,0.0,0.0,5.0,1017.13,65.94,-17.76
2025-03-24 17:20:32.461000+00:00,62.933739676789685,,,,353.125,1.188,0.875,23.16,-116.562,-20.375,-10.188,-0.034,-0.007,-0.072,-0.42,0.5,9.2,-0.62,0.66,-0.49,0.23,-0.17,9.8,2.05875,10.0,10.0,0.0,0.0,5.0,1017.13,65.94,-17.76
2025-03-24 17:20:33.218000+00:00,62.933739676789685,,,,353.125,1.188,0.875,23.16,-116.562,-20.375,-10.188,-0.034,-0.007,-0.072,-0.42,0.5,9.2,-0.62,0.66,-0.49,0.23,-0.17,9.8,2.05875,10.0,10.0,0.0,0.0,5.0,1017.13,65.94,-17.76
2025-03-24 17:20:34.208000+00:00,62.933739676789685,,,,353.125,1.188,0.875,23.16,-116.562,-20.375,-10.188,-0.034,-0.007,-0.072,-0.42,0.5,9.2,-0.62,0.66,-0.49,0.23,-0.17,9.8,2.05875,10.0,10.0,0.0,0.0,5.0,1017.13,65.94,-17.76
2025-03-24 17:20:35.213000+00:00,62.933739676789685,,,,353.125,1.188,0.875,23.16,-116.562,-20.375,-10.188,-0.034,-0.007,-0.072,-0.42,0.5,9.2,-0.62,0.66,-0.49,0.23,-0.17,9.8,2.05875,10.0,30.0,0.0,0.0,5.0,1017.13,65.94,-17.76
2025-03-24 17:20:36.219000+00:00,62.933739676789685,,,,353.125,1.188,0.875,23.16,-116.562,-20.375,-10.188,-0.034,-0.007,-0.072,-0.42,0.5,9.2,-0.62,0.66,-0.49,0.23,-0.17,9.8,2.05875,10.0,10.0,0.0,0.0,5.0,1017.13,65.94,-17.76
2025-03-24 17:20:37.277000+00:00,62.933739676789685,,,,353.125,1.188,0.875,23.16,-116.562,-20.375,-10.188,-0.034,-0.007,-0.072,-0.42,0.5,9.2,-0.62,0.66,-0.49,0.23,-0.17,9.8,2.05875,10.0,10.0,0.0,0.0,5.0,1017.13,65.94,-17.76
2025-03-24 17:20:38.218000+00:00,62.933739676789685,,,,353.125,1.188,0.875,23.16,-116.562,-20.375,-10.188,-0.034,-0.007,-0.072,-0.42,0.5,9.2,-0.62,0.66,-0.49,0.23,-0.17,9.8,2.05875,10.0,10.0,0.0,0.0,5.0,1017.13,65.94,-17.76
2025-03-24 17:20:39.477000+00:00,62.933739676789685,,,,353.125,1.188,0.875,23.16,-116.562,-20.375,-10.188,-0.034,-0.007,-0.072,-0.42,0.5,9.2,-0.62,0.66,-0.49,0.23,-0.17,9.8,2.05875,10.0,30.0,0.0,0.0,5.0,1017.13,65.94,-17.76
2025-03-24 17:20:40.487000+00:00,62.933739676789685,,,,353.125,1.188,0.875,23.16,-116.562,-20.375,-10.188,-0.034,-0.007,-0.072,-0.42,0.5,9.2,-0.62,0.66,-0.49,0.23,-0.17,9.8,2.05875,10.0,10.0,0.0,0.0,5.0,1017.13,65.94,-17.76
2025-03-24 17:20:41.247000+00:00,62.933739676789685,,,,353.125,1.188,0.875,23.16,-116.562,-20.375,-10.188,-0.034,-0.007,-0.072,-0.42,0.5,9.2,-0.62,0.66,-0.49,0.23,-0.17,9.8,2.05875,10.0,10.0,0.0,0.0,5.0,1017.13,65.94,-17.76
2025-03-24 17:20:42.241000+00:00,62.933739676789685,,,,353.125,1.188,0.875,23.16,-116.562,-20.375,-10.188,-0.034,-0.007,-0.072,-0.42,0.5,9.2,-0.62,0.66,-0.49,0.23,-0.17,9.8,2.05875,10.0,30.0,0.0,0.0,5.0,1017.13,65.94,-17.76
2025-03-24 17:20:43.243000+00:00,62.933739676789685,,,,353.125,1.188,0.875,23.16,-116.562,-20.375,-10.188,-0.034,-0.007,-0.072,-0.42,0.5,9.2,-0.62,0.66,-0.49,0.23,-0.17,9.8,2.05875,10.0,10.0,0.0,0.0,5.0,1017.13,65.94,-17.76
2025-03-24 17:20:44.257000+00:00,62.933739676789685,,,,353.125,1.188,0.875,23.16,-116.562,-20.375,-10.188,-0.034,-0.007,-0.072,-0.42,0.5,9.2,-0.62,0.66,-0.49,0.23,-0.17,9.8,2.05875,10.0,10.0,0.0,0.0,5.0,1017.13,65.94,-17.76
2025-03-24 17:20:45.257000+00:00,62.933739676789685,,,,353.125,1.188,0.875,23.16,-116.562,-20.375,-10.188,-0.034,-0.007,-0.072,-0.42,0.5,9.2,-0.62,0.66,-0.49,0.23,-0.17,9.8,2.05875,10.0,30.0,0.0,0.0,5.0,1017.13,65.94,-17.76
2025-03-24 17:20:46.251000+00:00,62.933739676789685,,,,353.125,1.188,0.875,23.16,-116.562,-20.375,-10.188,-0.034,-0.007,-0.072,-0.42,0.5,9.2,-0.62,0.66,-0.49,0.23,-0.17,9.8,2.05875,10.0,10.0,0.0,0.0,5.0,1017.13,65.94,-17.76
2025-03-24 17:20:47.303000+00:00,62.933739676789685,,,,353.125,1.188,0.875,23.16,-116.562,-20.375,-10.188,-0.034,-0.007,-0.072,-0.42,0.5,9.2,-0.62,0.66,-0.49,0.23,-0.17,9.8,2.05875,10.0,10.0,0.0,0.0,5.0,1017.13,65.94,-17.76
2025-03-24 17:20:48.463000+00:00,62.933739676789685,,,,353.125,1.188,0.875,23.16,-116.562,-20.375,-10.188,-0.034,-0.007,-0.072,-0.42,0.5,9.2,-0.62,0.66,-0.49,0.23,-0.17,9.8,2.05875,10.0,10.0,0.0,0.0,5.0,1017.13,65.94,-17.76
2025-03-24 17:20:49.607000+00:00,62.933739676789685,,,,353.125,1.188,0.875,23.16,-116.562,-20.375,-10.188,-0.034,-0.007,-0.072,-0.42,0.5,9.2,-0.62,0.66,-0.49,0.23,-0.17,9.8,2.05875,10.0,10.0,0.0,0.0,5.0,1017.13,65.94,-17.76
2025-03-24 17:20:50.277000+00:00,62.933739676789685,,,,353.125,1.188,0.875,23.16,-116.562,-20.375,-10.188,-0.034,-0.007,-0.072,-0.42,0.5,9.2,-0.62,0.66,-0.49,0.23,-0.17,9.8,2.05875,10.0,10.0,0.0,0.0,5.0,1017.13,65.94,-17.76
2025-03-24 17:20:51.272000+00:00,62.933739676789685,,,,353.125,1.188,0.875,23.16,-116.562,-20.375,-10.188,-0.034,-0.007,-0.072,-0.42,0.5,9.2,-0.62,0.66,-0.49,0.23,-0.17,9.8,2.05875,10.0,10.0,0.0,0.0,5.0,1017.13,65.94,-17.76
2025-03-24 17:20:52.279000+00:00,62.933739676789685,,,,353.125,1.188,0.875,23.16,-116.562,-20.375,-10.188,-0.034,-0.007,-0.072,-0.42,0.5,9.2,-0.62,0.66,-0.49,0.23,-0.17,9.8,2.05875,10.0,10.0,0.0,0.0,5.0,1017.13,65.94,-17.76
2025-03-24 17:20:53.290000+00:00,62.933739676789685,,,,353.125,1.188,0.875,23.16,-116.562,-20.375,-10.188,-0.034,-0.007,-0.072,-0.42,0.5,9.2,-0.62,0.66,-0.49,0.23,-0.17,9.8,2.05875,10.0,10.0,0.0,0.0,5.0,1017.13,65.94,-17.76
2025-03-24 17:20:54.286000+00:00,62.933739676789685,,,,353.125,1.188,0.875,23.16,-116.562,-20.375,-10.188,-0.034,-0.007,-0.072,-0.42,0.5,9.2,-0.62,0.66,-0.49,0.23,-0.17,9.8,2.05875,10.0,10.0,0.0,0.0,5.0,1017.13,65.94,-17.76
2025-03-24 17:20:55.297000+00:00,62.933739676789685,,,,353.125,1.188,0.875,23.16,-116.562,-20.375,-10.188,-0.034,-0.007,-0.072,-0.42,0.5,9.2,-0.62,0.66,-0.49,0.23,-0.17,9.8,2.05875,10.0,10.0,0.0,0.0,5.0,1017.13,65.94,-17.76
2025-03-24 17:20:56.420000+00:00,62.933739676789685,,,,353.125,1.188,0.875,23.16,-116.562,-20.375,-10.188,-0.034,-0.007,-0.072,-0.42,0.5,9.2,-0.62,0.66,-0.49,0.23,-0.17,9.8,2.05875,10.0,10.0,0.0,0.0,5.0,1017.13,65.94,-17.76
2025-03-24 17:20:57.407000+00:00,62.933739676789685,,,,353.125,1.188,0.875,23.16,-116.562,-20.375,-10.188,-0.034,-0.007,-0.072,-0.42,0.5,9.2,-0.62,0.66,-0.49,0.23,-0.17,9.8,2.05875,10.0,10.0,0.0,0.0,5.0,1017.13,65.94,-17.76
2025-03-24 17:20:58.446000+00:00,62.933739676789685,,,,353.125,1.188,0.875,23.16,-116.562,-20.375,-10.188,-0.034,-0.007,-0.072,-0.42,0.5,9.2,-0.62,0.66,-0.49,0.23,-0.17,9.8,2.05875,10.0,10.0,0.0,0.0,5.0,1017.13,65.94,-17.76
2025-03-24 17:20:59.585000+00:00,62.933739676789685,,,,353.125,1.188,0.875,23.16,-116.562,-20.375,-10.188,-0.034,-0.007,-0.072,-0.42,0.5,9.2,-0.62,0.66,-0.49,0.23,-0.17,9.8,2.05875,10.0,10.0,0.0,0.0,5.0,1017.13,65.94,-17.76
2025-03-24 17:21:00.312000+00:00,62.933739676789685,,,,353.125,1.188,0.875,23.16,-116.562,-20.375,-10.188,-0.034,-0.007,-0.072,-0.42,0.5,9.2,-0.62,0.66,-0.49,0.23,-0.17,9.8,2.05875,10.0,30.0,0.0,0.0,5.0,1017.13,65.94,-17.76
2025-03-24 17:21:01.306000+00:00,62.933739676789685,,,,353.125,1.188,0.875,23.16,-116.562,-20.375,-10.188,-0.034,-0.007,-0.072,-0.42,0.5,9.2,-0.62,0.66,-0.49,0.23,-0.17,9.8,2.05875,10.0,10.0,0.0,0.0,5.0,1017.13,65.94,-17.76
2025-03-24 17:21:02.316000+00:00,62.933739676789685,,,,353.125,1.188,0.875,23.16,-116.562,-20.375,-10.188,-0.034,-0.007,-0.072,-0.42,0.5,9.2,-0.62,0.66,-0.49,0.23,-0.17,9.8,2.05875,10.0,10.0,0.0,0.0,5.0,1017.13,65.94,-17.76
2025-03-24 17:21:03.326000+00:00,62.933739676789685,,,,353.125,1.188,0.875,23.16,-116.562,-20.375,-10.188,-0.034,-0.007,-0.072,-0.42,0.5,9.2,-0.62,0.66,-0.49,0.23,-0.17,9.8,2.05875,10.0,30.0,0.0,0.0,5.0,1017.13,65.94,-17.76
2025-03-24 17:21:04.315000+00:00,62.933739676789685,,,,353.125,1.188,0.875,23.16,-116.562,-20.375,-10.188,-0.034,-0.007,-0.072,-0.42,0.5,9.2,-0.62,0.66,-0.49,0.23,-0.17,9.8,2.05875,10.0,10.0,0.0,0.0,5.0,1017.13,65.94,-17.76
2025-03-24 17:21:05.335000+00:00,62.933739676789685,,,,353.125,1.188,0.875,23.16,-116.562,-20.375,-10.188,-0.034,-0.007,-0.072,-0.42,0.5,9.2,-0.62,0.66,-0.49,0.23,-0.17,9.8,2.05875,10.0,10.0,0.0,0.0,5.0,1017.13,65.94,-17.76
2025-03-24 17:21:06.412000+00:00,62.933739676789685,,,,353.125,1.188,0.875,23.16,-116.562,-20.375,-10.188,-0.034,-0.007,-0.072,-0.42,0.5,9.2,-0.62,0.66,-0.49,0.23,-0.17,9.8,2.05875,10.0,10.0,0.0,0.0,5.0,1017.13,65.94,-17.76
2025-03-24 17:21:07.427000+00:00,62.933739676789685,,,,353.125,1.188,0.875,23.16,-116.562,-20.375,-10.188,-0.034,-0.007,-0.072,-0.42,0.5,9.2,-0.62,0.66,-0.49,0.23,-0.17,9.8,2.05875,10.0,30.0,0.0,0.0,5.0,1017.13,65.94,-17.76
2025-03-24 17:21:08.546000+00:00,62.933739676789685,,,,353.125,1.188,0.875,23.16,-116.562,-20.375,-10.188,-0.034,-0.007,-0.072,-0.42,0.5,9.2,-0.62,0.66,-0.49,0.23,-0.17,9.8,2.05875,10.0,10.0,0.0,0.0,5.0,1017.13,65.94,-17.76
2025-03-24 17:21:09.346000+00:00,62.933739676789685,,,,353.125,1.188,0.875,23.16,-116.562,-20.375,-10.188,-0.034,-0.007,-0.072,-0.42,0.5,9.2,-0.62,0.66,-0.49,0.23,-0.17,9.8,2.05875,10.0,10.0,0.0,0.0,5.0,1017.13,65.94,-17.76
2025-03-24 17:21:10.426000+00:00,62.933739676789685,,,,353.125,1.188,0.875,23.16,-116.562,-20.375,-10.188,-0.034,-0.007,-0.072,-0.42,0.5,9.2,-0.62,0.66,-0.49,0.23,-0.17,9.8,2.05875,10.0,30.0,0.0,0.0,5.0,1017.13,65.94,-17.76
2025-03-24 17:21:11.414000+00:00,62.933739676789685,,,,353.125,1.188,0.875,23.16,-116.562,-20.375,-10.188,-0.034,-0.007,-0.072,-0.42,0.5,9.2,-0.62,0.66,-0.49,0.23,-0.17,9.8,2.05875,10.0,10.0,0.0,0.0,5.0,1017.13,65.94,-17.76
2025-03-24 17:21:12.385000+00:00,62.933739676789685,,,,353.125,1.188,0.875,23.16,-116.562,-20.375,-10.188,-0.034,-0.007,-0.072,-0.42,0.5,9.2,-0.62,0.66,-0.49,0.23,-0.17,9.8,2.05875,10.0,10.0,0.0,0.0,5.0,1017.13,65.94,-17.76
2025-03-24 17:21:13.395000+00:00,62.933739676789685,,,,353.125,1.188,0.875,23.16,-116.562,-20.375,-10.188,-0.034,-0.007,-0.072,-0.42,0.5,9.2,-0.62,0.66,-0.49,0.23,-0.17,9.8,2.05875,10.0,10.0,0.0,0.0,5.0,1017.13,65.94,-17.76
2025-03-24 17:21:14.391000+00:00,62.933739676789685,,,,353.125,1.188,0.875,23.16,-116.562,-20.375,-10.188,-0.034,-0.007,-0.072,-0.42,0.5,9.2,-0.62,0.66,-0.49,0.23,-0.17,9.8,2.05875,10.0,30.0,0.0,0.0,5.0,1017.13,65.94,-17.76
2025-03-24 17:20:18.570000+00:00,62.933739676789685,,,,353.125,1.188,0.875,23.16,-116.562,-20.375,-10.188,-0.034,-0.007,-0.072,-0.42,0.5,9.2,-0.62,0.66,-0.49,0.23,-0.17,9.8,2.05875,10.0,30.0,0.0,0.0,5.0,1017.13,65.94,-17.76
2025-03-24 17:20:23.720000+00:00,62.933739676789685,,,,353.125,1.188,0.875,23.16,-116.562,-20.375,-10.188,-0.034,-0.007,-0.072,-0.42,0.5,9.2,-0.62,0.66,-0.49,0.23,-0.17,9.8,2.05875,10.0,30.0,0.0,0.0,5.0,1017.13,65.94,-17.76
2025-03-24 17:20:28.636000+00:00,62.933739676789685,,,,353.125,1.188,0.875,23.16,-116.562,-20.375,-10.188,-0.034,-0.007,-0.072,-0.42,0.5,9.2,-0.62,0.66,-0.49,0.23,-0.17,9.8,2.05875,10.0,30.0,0.0,0.0,5.0,1017.13,65.94,-17.76
2025-03-24 17:20:33.948000+00:00,62.933739676789685,,,,353.125,1.188,0.875,23.16,-116.562,-20.375,-10.188,-0.034,-0.007,-0.072,-0.42,0.5,9.2,-0.62,0.66,-0.49,0.23,-0.17,9.8,2.05875,10.0,30.0,0.0,0.0,5.0,1017.13,65.94,-17.76
2025-03-24 17:20:38.328000+00:00,62.933739676789685,,,,353.125,1.188,0.875,23.16,-116.562,-20.375,-10.188,-0.034,-0.007,-0.072,-0.42,0.5,9.2,-0.62,0.66,-0.49,0.23,-0.17,9.8,2.05875,10.0,30.0,0.0,0.0,5.0,1017.13,65.94,-17.76
2025-03-24 17:20:43.299000+00:00,62.933739676789685,,,,353.125,1.188,0.875,23.16,-116.562,-20.375,-10.188,-0.034,-0.007,-0.072,-0.42,0.5,9.2,-0.62,0.66,-0.49,0.23,-0.17,9.8,2.05875,10.0,30.0,0.0,0.0,5.0,1017.13,65.94,-17.76
2025-03-24 17:20:48.577000+00:00,62.933739676789685,,,,353.125,1.188,0.875,23.16,-116.562,-20.375,-10.188,-0.034,-0.007,-0.072,-0.42,0.5,9.2,-0.62,0.66,-0.49,0.23,-0.17,9.8,2.05875,10.0,30.0,0.0,0.0,5.0,1017.13,65.94,-17.76
2025-03-24 17:20:53.342000+00:00,62.933739676789685,,,,353.125,1.188,0.875,23.16,-116.562,-20.375,-10.188,-0.034,-0.007,-0.072,-0.42,0.5,9.2,-0.62,0.66,-0.49,0.23,-0.17,9.8,2.05875,10.0,30.0,0.0,0.0,5.0,1017.13,65.94,-17.76
2025-03-24 17:20:58.505000+00:00,62.933739676789685,,,,353.125,1.188,0.875,23.16,-116.562,-20.375,-10.188,-0.034,-0.007,-0.072,-0.42,0.5,9.2,-0.62,0.66,-0.49,0.23,-0.17,9.8,2.05875,10.0,30.0,0.0,0.0,5.0,1017.13,65.94,-17.76
2025-03-24 17:21:03.382000+00:00,62.933739676789685,,,,353.125,1.188,0.875,23.16,-116.562,-20.375,-10.188,-0.034,-0.007,-0.072,-0.42,0.5,9.2,-0.62,0.66,-0.49,0.23,-0.17,9.8,2.05875,10.0,30.0,0.0,0.0,5.0,1017.13,65.94,-17.76
2025-03-24 17:21:08.596000+00:00,62.933739676789685,,,,353.125,1.188,0.875,23.16,-116.562,-20.375,-10.188,-0.034,-0.007,-0.072,-0.42,0.5,9.2,-0.62,0.66,-0.49,0.23,-0.17,9.8,2.05875,10.0,30.0,0.0,0.0,5.0,1017.13,65.94,-17.76
2025-03-24 17:21:13.445000+00:00,62.933739676789685,,,,353.125,1.188,0.875,23.16,-116.562,-20.375,-10.188,-0.034,-0.007,-0.072,-0.42,0.5,9.2,-0.62,0.66,-0.49,0.23,-0.17,9.8,2.05875,10.0,30.0,0.0,0.0,5.0,1017.13,65.94,-17.76
2025-03-24 17:20:15.597000+00:00,62.933739676789685,,,,353.125,1.188,0.875,23.16,-116.562,-20.375,-10.188,-0.034,-0.007,-0.072,-0.42,0.5,9.2,-0.62,0.66,-0.49,0.23,-0.17,9.8,2.05875,10.0,30.0,0.0,0.0,5.0,1017.13,65.94,-17.76
2025-03-24 17:20:16.600000+00:00,62.933739676789685,,,,353.125,1.188,0.875,23.16,-116.562,-20.375,-10.188,-0.034,-0.007,-0.072,-0.42,0.5,9.2,-0.62,0.66,-0.49,0.23,-0.17,9.8,2.05875,10.0,30.0,0.0,0.0,5.0,1017.13,65.94,-17.76
2025-03-24 17:20:17.549000+00:00,62.933739676789685,,,,353.125,1.188,0.875,23.16,-116.562,-20.375,-10.188,-0.034,-0.007,-0.072,-0.42,0.5,9.2,-0.62,0.66,-0.49,0.23,-0.17,9.8,2.05875,10.0,30.0,0.0,0.0,5.0,1017.13,65.94,-17.76
2025-03-24 17:20:18.695000+00:00,62.933739676789685,,,,353.125,1.188,0.875,23.16,-116.562,-20.375,-10.188,-0.034,-0.007,-0.072,-0.42,0.5,9.2,-0.62,0.66,-0.49,0.23,-0.17,9.8,2.05875,10.0,30.0,0.0,0.0,5.0,1017.13,65.94,-17.76
2025-03-24 17:20:19.645000+00:00,62.933739676789685,,,,353.125,1.188,0.875,23.16,-116.562,-20.375,-10.188,-0.034,-0.007,-0.072,-0.42,0.5,9.2,-0.62,0.66,-0.49,0.23,-0.17,9.8,2.05875,10.0,30.0,0.0,0.0,5.0,1017.13,65.94,-17.76
2025-03-24 17:20:20.683000+00:00,62.933739676789685,,,,353.125,1.188,0.875,23.16,-116.562,-20.375,-10.188,-0.034,-0.007,-0.072,-0.42,0.5,9.2,-0.62,0.66,-0.49,0.23,-0.17,9.8,2.05875,10.0,30.0,0.0,0.0,5.0,1017.13,65.94,-17.76
2025-03-24 17:20:21.738000+00:00,62.933739676789685,,,,353.125,1.188,0.875,23.16,-116.562,-20.375,-10.188,-0.034,-0.007,-0.072,-0.42,0.5,9.2,-0.62,0.66,-0.49,0.23,-0.17,9.8,2.05875,10.0,30.0,0.0,0.0,5.0,1017.13,65.94,-17.76
2025-03-24 17:20:22.882000+00:00,62.933739676789685,,,,353.125,1.188,0.875,23.16,-116.562,-20.375,-10.188,-0.034,-0.007,-0.072,-0.42,0.5,9.2,-0.62,0.66,-0.49,0.23,-0.17,9.8,2.05875,10.0,30.0,0.0,0.0,5.0,1017.13,65.94,-17.76
2025-03-24 17:20:24.027000+00:00,62.933739676789685,,,,353.125,1.188,0.875,23.16,-116.562,-20.375,-10.188,-0.034,-0.007,-0.072,-0.42,0.5,9.2,-0.62,0.66,-0.49,0.23,-0.17,9.8,2.05875,10.0,30.0,0.0,0.0,5.0,1017.13,65.94,-17.76
2025-03-24 17:20:25.606000+00:00,62.933739676789685,,,,353.125,1.188,0.875,23.16,-116.562,-20.375,-10.188,-0.034,-0.007,-0.072,-0.42,0.5,9.2,-0.62,0.66,-0.49,0.23,-0.17,9.8,2.05875,10.0,30.0,0.0,0.0,5.0,1017.13,65.94,-17.76
2025-03-24 17:20:26.676000+00:00,62.933739676789685,,,,353.125,1.188,0.875,23.16,-116.562,-20.375,-10.188,-0.034,-0.007,-0.072,-0.42,0.5,9.2,-0.62,0.66,-0.49,0.23,-0.17,9.8,2.05875,10.0,30.0,0.0,0.0,5.0,1017.13,65.94,-17.76
2025-03-24 17:20:27.599000+00:00,62.933739676789685,,,,353.125,1.188,0.875,23.16,-116.562,-20.375,-10.188,-0.034,-0.007,-0.072,-0.42,0.5,9.2,-0.62,0.66,-0.49,0.23,-0.17,9.8,2.05875,10.0,30.0,0.0,0.0,5.0,1017.13,65.94,-17.76
2025-03-24 17:20:28.694000+00:00,62.933739676789685,,,,353.125,1.188,0.875,23.16,-116.562,-20.375,-10.188,-0.034,-0.007,-0.072,-0.42,0.5,9.2,-0.62,0.66,-0.49,0.23,-0.17,9.8,2.05875,10.0,30.0,0.0,0.0,5.0,1017.13,65.94,-17.76
2025-03-24 17:20:29.674000+00:00,62.933739676789685,,,,353.125,1.188,0.875,23.16,-116.562,-20.375,-10.188,-0.034,-0.007,-0.072,-0.42,0.5,9.2,-0.62,0.66,-0.49,0.23,-0.17,9.8,2.05875,10.0,30.0,0.0,0.0,5.0,1017.13,65.94,-17.76
2025-03-24 17:20:30.820000+00:00,62.933739676789685,,,,353.125,1.188,0.875,23.16,-116.562,-20.375,-10.188,-0.034,-0.007,-0.072,-0.42,0.5,9.2,-0.62,0.66,-0.49,0.23,-0.17,9.8,2.05875,10.0,30.0,0.0,0.0,5.0,1017.13,65.94,-17.76
2025-03-24 17:20:31.965000+00:00,62.933739676789685,,,,353.125,1.188,0.875,23.16,-116.562,-20.375,-10.188,-0.034,-0.007,-0.072,-0.42,0.5,9.2,-0.62,0.66,-0.49,0.23,-0.17,9.8,2.05875,10.0,30.0,0.0,0.0,5.0,1017.13,65.94,-17.76
2025-03-24 17:20:33.272000+00:00,62.933739676789685,,,,353.125,1.188,0.875,23.16,-116.562,-20.375,-10.188,-0.034,-0.007,-0.072,-0.42,0.5,9.2,-0.62,0.66,-0.49,0.23,-0.17,9.8,2.05875,10.0,30.0,0.0,0.0,5.0,1017.13,65.94,-17.76
2025-03-24 17:20:34.258000+00:00,62.933739676789685,,,,353.125,1.188,0.875,23.16,-116.562,-20.375,-10.188,-0.034,-0.007,-0.072,-0.42,0.5,9.2,-0.62,0.66,-0.49,0.23,-0.17,9.8,2.05875,10.0,30.0,0.0,0.0,5.0,1017.13,65.94,-17.76
2025-03-24 17:20:35.648000+00:00,62.933739676789685,,,,353.125,1.188,0.875,23.16,-116.562,-20.375,-10.188,-0.034,-0.007,-0.072,-0.42,0.5,9.2,-0.62,0.66,-0.49,0.23,-0.17,9.8,2.05875,10.0,30.0,0.0,0.0,5.0,1017.13,65.94,-17.76
2025-03-24 17:20:36.679000+00:00,62.933739676789685,,,,353.125,1.188,0.875,23.16,-116.562,-20.375,-10.188,-0.034,-0.007,-0.072,-0.42,0.5,9.2,-0.62,0.66,-0.49,0.23,-0.17,9.8,2.05875,10.0,30.0,0.0,0.0,5.0,1017.13,65.94,-17.76
2025-03-24 17:20:37.709000+00:00,62.933739676789685,,,,353.125,1.188,0.875,23.16,-116.562,-20.375,-10.188,-0.034,-0.007,-0.072,-0.42,0.5,9.2,-0.62,0.66,-0.49,0.23,-0.17,9.8,2.05875,10.0,30.0,0.0,0.0,5.0,1017.13,65.94,-17.76
2025-03-24 17:20:39.032000+00:00,62.933739676789685,,,,353.125,1.188,0.875,23.16,-116.562,-20.375,-10.188,-0.034,-0.007,-0.072,-0.42,0.5,9.2,-0.62,0.66,-0.49,0.23,-0.17,9.8,2.05875,10.0,30.0,0.0,0.0,5.0,1017.13,65.94,-17.76
2025-03-24 17:20:40.076000+00:00,62.933739676789685,,,,353.125,1.188,0.875,23.16,-116.562,-20.375,-10.188,-0.034,-0.007,-0.072,-0.42,0.5,9.2,-0.62,0.66,-0.49,0.23,-0.17,9.8,2.05875,10.0,30.0,0.0,0.0,5.0,1017.13,65.94,-17.76
2025-03-24 17:20:41.297000+00:00,62.933739676789685,,,,353.125,1.188,0.875,23.16,-116.562,-20.375,-10.188,-0.034,-0.007,-0.072,-0.42,0.5,9.2,-0.62,0.66,-0.49,0.23,-0.17,9.8,2.05875,10.0,30.0,0.0,0.0,5.0,1017.13,65.94,-17.76
2025-03-24 17:20:42.739000+00:00,62.933739676789685,,,,353.125,1.188,0.875,23.16,-116.562,-20.375,-10.188,-0.034,-0.007,-0.072,-0.42,0.5,9.2,-0.62,0.66,-0.49,0.23,-0.17,9.8,2.05875,10.0,30.0,0.0,0.0,5.0,1017.13,65.94,-17.76
2025-03-24 17:20:43.725000+00:00,62.933739676789685,,,,353.125,1.188,0.875,23.16,-116.562,-20.375,-10.188,-0.034,-0.007,-0.072,-0.42,0.5,9.2,-0.62,0.66,-0.49,0.23,-0.17,9.8,2.05875,10.0,30.0,0.0,0.0,5.0,1017.13,65.94,-17.76
2025-03-24 17:20:44.694000+00:00,62.933739676789685,,,,353.125,1.188,0.875,23.16,-116.562,-20.375,-10.188,-0.034,-0.007,-0.072,-0.42,0.5,9.2,-0.62,0.66,-0.49,0.23,-0.17,9.8,2.05875,10.0,30.0,0.0,0.0,5.0,1017.13,65.94,-17.76
2025-03-24 17:20:45.736000+00:00,62.933739676789685,,,,353.125,1.188,0.875,23.16,-116.562,-20.375,-10.188,-0.034,-0.007,-0.072,-0.42,0.5,9.2,-0.62,0.66,-0.49,0.23,-0.17,9.8,2.05875,10.0,30.0,0.0,0.0,5.0,1017.13,65.94,-17.76
2025-03-24 17:20:46.868000+00:00,62.933739676789685,,,,353.125,1.188,0.875,23.16,-116.562,-20.375,-10.188,-0.034,-0.007,-0.072,-0.42,0.5,9.2,-0.62,0.66,-0.49,0.23,-0.17,9.8,2.05875,10.0,30.0,0.0,0.0,5.0,1017.13,65.94,-17.76
2025-03-24 17:20:48.013000+00:00,62.933739676789685,,,,353.125,1.188,0.875,23.16,-116.562,-20.375,-10.188,-0.034,-0.007,-0.072,-0.42,0.5,9.2,-0.62,0.66,-0.49,0.23,-0.17,9.8,2.05875,10.0,30.0,0.0,0.0,5.0,1017.13,65.94,-17.76
2025-03-24 17:20:49.186000+00:00,62.933739676789685,,,,353.125,1.188,0.875,23.16,-116.562,-20.375,-10.188,-0.034,-0.007,-0.072,-0.42,0.5,9.2,-0.62,0.66,-0.49,0.23,-0.17,9.8,2.05875,10.0,30.0,0.0,0.0,5.0,1017.13,65.94,-17.76
2025-03-24 17:20:50.326000+00:00,62.933739676789685,,,,353.125,1.188,0.875,23.16,-116.562,-20.375,-10.188,-0.034,-0.007,-0.072,-0.42,0.5,9.2,-0.62,0.66,-0.49,0.23,-0.17,9.8,2.05875,10.0,30.0,0.0,0.0,5.0,1017.13,65.94,-17.76
2025-03-24 17:20:51.766000+00:00,62.933739676789685,,,,353.125,1.188,0.875,23.16,-116.562,-20.375,-10.188,-0.034,-0.007,-0.072,-0.42,0.5,9.2,-0.62,0.66,-0.49,0.23,-0.17,9.8,2.05875,10.0,30.0,0.0,0.0,5.0,1017.13,65.94,-17.76
2025-03-24 17:20:52.832000+00:00,62.933739676789685,,,,353.125,1.188,0.875,23.16,-116.562,-20.375,-10.188,-0.034,-0.007,-0.072,-0.42,0.5,9.2,-0.62,0.66,-0.49,0.23,-0.17,9.8,2.05875,10.0,30.0,0.0,0.0,5.0,1017.13,65.94,-17.76
2025-03-24 17:20:53.813000+00:00,62.933739676789685,,,,353.125,1.188,0.875,23.16,-116.562,-20.375,-10.188,-0.034,-0.007,-0.072,-0.42,0.5,9.2,-0.62,0.66,-0.49,0.23,-0.17,9.8,2.05875,10.0,30.0,0.0,0.0,5.0,1017.13,65.94,-17.76
2025-03-24 17:20:54.792000+00:00,62.933739676789685,,,,353.125,1.188,0.875,23.16,-116.562,-20.375,-10.188,-0.034,-0.007,-0.072,-0.42,0.5,9.2,-0.62,0.66,-0.49,0.23,-0.17,9.8,2.05875,10.0,30.0,0.0,0.0,5.0,1017.13,65.94,-17.76
2025-03-24 17:20:55.924000+00:00,62.933739676789685,,,,353.125,1.188,0.875,23.16,-116.562,-20.375,-10.188,-0.034,-0.007,-0.072,-0.42,0.5,9.2,-0.62,0.66,-0.49,0.23,-0.17,9.8,2.05875,10.0,30.0,0.0,0.0,5.0,1017.13,65.94,-17.76
2025-03-24 17:20:56.970000+00:00,62.933739676789685,,,,353.125,1.188,0.875,23.16,-116.562,-20.375,-10.188,-0.034,-0.007,-0.072,-0.42,0.5,9.2,-0.62,0.66,-0.49,0.23,-0.17,9.8,2.05875,10.0,30.0,0.0,0.0,5.0,1017.13,65.94,-17.76
2025-03-24 17:20:58.014000+00:00,62.933739676789685,,,,353.125,1.188,0.875,23.16,-116.562,-20.375,-10.188,-0.034,-0.007,-0.072,-0.42,0.5,9.2,-0.62,0.66,-0.49,0.23,-0.17,9.8,2.05875,10.0,30.0,0.0,0.0,5.0,1017.13,65.94,-17.76
2025-03-24 17:20:59.159000+00:00,62.933739676789685,,,,353.125,1.188,0.875,23.16,-116.562,-20.375,-10.188,-0.034,-0.007,-0.072,-0.42,0.5,9.2,-0.62,0.66,-0.49,0.23,-0.17,9.8,2.05875,10.0,30.0,0.0,0.0,5.0,1017.13,65.94,-17.76
2025-03-24 17:21:00.365000+00:00,62.933739676789685,,,,353.125,1.188,0.875,23.16,-116.562,-20.375,-10.188,-0.034,-0.007,-0.072,-0.42,0.5,9.2,-0.62,0.66,-0.49,0.23,-0.17,9.8,2.05875,10.0,30.0,0.0,0.0,5.0,1017.13,65.94,-17.76
2025-03-24 17:21:01.356000+00:00,62.933739676789685,,,,353.125,1.188,0.875,23.16,-116.562,-20.375,-10.188,-0.034,-0.007,-0.072,-0.42,0.5,9.2,-0.62,0.66,-0.49,0.23,-0.17,9.8,2.05875,10.0,30.0,0.0,0.0,5.0,1017.13,65.94,-17.76
2025-03-24 17:21:02.884000+00:00,62.933739676789685,,,,353.125,1.188,0.875,23.16,-116.562,-20.375,-10.188,-0.034,-0.007,-0.072,-0.42,0.5,9.2,-0.62,0.66,-0.49,0.23,-0.17,9.8,2.05875,10.0,30.0,0.0,0.0,5.0,1017.13,65.94,-17.76
2025-03-24 17:21:03.881000+00:00,62.933739676789685,,,,353.125,1.188,0.875,23.16,-116.562,-20.375,-10.188,-0.034,-0.007,-0.072,-0.42,0.5,9.2,-0.62,0.66,-0.49,0.23,-0.17,9.8,2.05875,10.0,30.0,0.0,0.0,5.0,1017.13,65.94,-17.76
2025-03-24 17:21:04.866000+00:00,62.933739676789685,,,,353.125,1.188,0.875,23.16,-116.562,-20.375,-10.188,-0.034,-0.007,-0.072,-0.42,0.5,9.2,-0.62,0.66,-0.49,0.23,-0.17,9.8,2.05875,10.0,30.0,0.0,0.0,5.0,1017.13,65.94,-17.76
2025-03-24 17:21:05.941000+00:00,62.933739676789685,,,,353.125,1.188,0.875,23.16,-116.562,-20.375,-10.188,-0.034,-0.007,-0.072,-0.42,0.5,9.2,-0.62,0.66,-0.49,0.23,-0.17,9.8,2.05875,10.0,30.0,0.0,0.0,5.0,1017.13,65.94,-17.76
2025-03-24 17:21:06.985000+00:00,62.933739676789685,,,,353.125,1.188,0.875,23.16,-116.562,-20.375,-10.188,-0.034,-0.007,-0.072,-0.42,0.5,9.2,-0.62,0.66,-0.49,0.23,-0.17,9.8,2.05875,10.0,30.0,0.0,0.0,5.0,1017.13,65.94,-17.76
2025-03-24 17:21:08.130000+00:00,62.933739676789685,,,,353.125,1.188,0.875,23.16,-116.562,-20.375,-10.188,-0.034,-0.007,-0.072,-0.42,0.5,9.2,-0.62,0.66,-0.49,0.23,-0.17,9.8,2.05875,10.0,30.0,0.0,0.0,5.0,1017.13,65.94,-17.76
2025-03-24 17:21:09.967000+00:00,62.933739676789685,,,,353.125,1.188,0.875,23.16,-116.562,-20.375,-10.188,-0.034,-0.007,-0.072,-0.42,0.5,9.2,-0.62,0.66,-0.49,0.23,-0.17,9.8,2.05875,10.0,30.0,0.0,0.0,5.0,1017.13,65.94,-17.76
2025-03-24 17:21:10.956000+00:00,62.933739676789685,,,,353.125,1.188,0.875,23.16,-116.562,-20.375,-10.188,-0.034,-0.007,-0.072,-0.42,0.5,9.2,-0.62,0.66,-0.49,0.23,-0.17,9.8,2.05875,10.0,30.0,0.0,0.0,5.0,1017.13,65.94,-17.76
2025-03-24 17:21:11.938000+00:00,62.933739676789685,,,,353.125,1.188,0.875,23.16,-116.562,-20.375,-10.188,-0.034,-0.007,-0.072,-0.42,0.5,9.2,-0.62,0.66,-0.49,0.23,-0.17,9.8,2.05875,10.0,30.0,0.0,0.0,5.0,1017.13,65.94,-17.76
2025-03-24 17:21:12.994000+00:00,62.933739676789685,,,,353.125,1.188,0.875,23.16,-116.562,-20.375,-10.188,-0.034,-0.007,-0.072,-0.42,0.5,9.2,-0.62,0.66,-0.49,0.23,-0.17,9.8,2.05875,10.0,30.0,0.0,0.0,5.0,1017.13,65.94,-17.76
2025-03-24 17:21:13.969000+00:00,62.933739676789685,,,,353.125,1.188,0.875,23.16,-116.562,-20.375,-10.188,-0.034,-0.007,-0.072,-0.42,0.5,9.2,-0.62,0.66,-0.49,0.23,-0.17,9.8,2.05875,10.0,30.0,0.0,0.0,5.0,1017.13,65.94,-17.76
2025-03-24 17:21:14.961000+00:00,62.933739676789685,,,,353.125,1.188,0.875,23.16,-116.562,-20.375,-10.188,-0.034,-0.007,-0.072,-0.42,0.5,9.2,-0.62,0.66,-0.49,0.23,-0.17,9.8,2.05875,10.0,30.0,0.0,0.0,5.0,1017.13,65.94,-17.76
2025-03-24 17:20:15.654000+00:00,62.933739676789685,,,,353.125,1.188,0.875,23.16,-116.562,-20.375,-10.188,-0.034,-0.007,-0.072,-0.42,0.5,9.2,-0.62,0.66,-0.49,0.23,-0.17,9.8,2.05875,10.0,30.0,0.0,0.0,5.0,1017.13,65.94,-17.76
2025-03-24 17:20:16.655000+00:00,62.933739676789685,,,,353.125,1.188,0.875,23.16,-116.562,-20.375,-10.188,-0.034,-0.007,-0.072,-0.42,0.5,9.2,-0.62,0.66,-0.49,0.23,-0.17,9.8,2.05875,10.0,30.0,0.0,0.0,5.0,1017.13,65.94,-17.76
2025-03-24 17:20:17.600000+00:00,62.933739676789685,,,,353.125,1.188,0.875,23.16,-116.562,-20.375,-10.188,-0.034,-0.007,-0.072,-0.42,0.5,9.2,-0.62,0.66,-0.49,0.23,-0.17,9.8,2.05875,10.0,30.0,0.0,0.0,5.0,1017.13,65.94,-17.76
2025-03-24 17:20:18.755000+00:00,62.933739676789685,,,,353.125,1.188,0.875,23.16,-116.562,-20.375,-10.188,-0.034,-0.007,-0.072,-0.42,0.5,9.2,-0.62,0.66,-0.49,0.23,-0.17,9.8,2.05875,10.0,30.0,0.0,0.0,5.0,1017.13,65.94,-17.76
2025-03-24 17:20:19.699000+00:00,62.933739676789685,,,,353.125,1.188,0.875,23.16,-116.562,-20.375,-10.188,-0.034,-0.007,-0.072,-0.42,0.5,9.2,-0.62,0.66,-0.49,0.23,-0.17,9.8,2.05875,10.0,30.0,0.0,0.0,5.0,1017.13,65.94,-17.76
2025-03-24 17:20:20.735000+00:00,62.933739676789685,,,,353.125,1.188,0.875,23.16,-116.562,-20.375,-10.188,-0.034,-0.007,-0.072,-0.42,0.5,9.2,-0.62,0.66,-0.49,0.23,-0.17,9.8,2.05875,10.0,30.0,0.0,0.0,5.0,1017.13,65.94,-17.76
2025-03-24 17:20:21.789000+00:00,62.933739676789685,,,,353.125,1.188,0.875,23.16,-116.562,-20.375,-10.188,-0.034,-0.007,-0.072,-0.42,0.5,9.2,-0.62,0.66,-0.49,0.23,-0.17,9.8,2.05875,10.0,30.0,0.0,0.0,5.0,1017.13,65.94,-17.76
2025-03-24 17:20:22.939000+00:00,62.933739676789685,,,,353.125,1.188,0.875,23.16,-116.562,-20.375,-10.188,-0.034,-0.007,-0.072,-0.42,0.5,9.2,-0.62,0.66,-0.49,0.23,-0.17,9.8,2.05875,10.0,30.0,0.0,0.0,5.0,1017.13,65.94,-17.76
2025-03-24 17:20:24.079000+00:00,62.933739676789685,,,,353.125,1.188,0.875,23.16,-116.562,-20.375,-10.188,-0.034,-0.007,-0.072,-0.42,0.5,9.2,-0.62,0.66,-0.49,0.23,-0.17,9.8,2.05875,10.0,30.0,0.0,0.0,5.0,1017.13,65.94,-17.76
2025-03-24 17:20:25.659000+00:00,62.933739676789685,,,,353.125,1.188,0.875,23.16,-116.562,-20.375,-10.188,-0.034,-0.007,-0.072,-0.42,0.5,9.2,-0.62,0.66,-0.49,0.23,-0.17,9.8,2.05875,10.0,30.0,0.0,0.0,5.0,1017.13,65.94,-17.76
2025-03-24 17:20:26.734000+00:00,62.933739676789685,,,,353.125,1.188,0.875,23.16,-116.562,-20.375,-10.188,-0.034,-0.007,-0.072,-0.42,0.5,9.2,-0.62,0.66,-0.49,0.23,-0.17,9.8,2.05875,10.0,30.0,0.0,0.0,5.0,1017.13,65.94,-17.76
2025-03-24 17:20:27.648000+00:00,62.933739676789685,,,,353.125,1.188,0.875,23.16,-116.562,-20.375,-10.188,-0.034,-0.007,-0.072,-0.42,0.5,9.2,-0.62,0.66,-0.49,0.23,-0.17,9.8,2.05875,10.0,30.0,0.0,0.0,5.0,1017.13,65.94,-17.76
2025-03-24 17:20:28.754000+00:00,62.933739676789685,,,,353.125,1.188,0.875,23.16,-116.562,-20.375,-10.188,-0.034,-0.007,-0.072,-0.42,0.5,9.2,-0.62,0.66,-0.49,0.23,-0.17,9.8,2.05875,10.0,30.0,0.0,0.0,5.0,1017.13,65.94,-17.76
2025-03-24 17:20:29.732000+00:00,62.933739676789685,,,,353.125,1.188,0.875,23.16,-116.562,-20.375,-10.188,-0.034,-0.007,-0.072,-0.42,0.5,9.2,-0.62,0.66,-0.49,0.23,-0.17,9.8,2.05875,10.0,30.0,0.0,0.0,5.0,1017.13,65.94,-17.76
2025-03-24 17:20:30.875000+00:00,62.933739676789685,,,,353.125,1.188,0.875,23.16,-116.562,-20.375,-10.188,-0.034,-0.007,-0.072,-0.42,0.5,9.2,-0.62,0.66,-0.49,0.23,-0.17,9.8,2.05875,10.0,30.0,0.0,0.0,5.0,1017.13,65.94,-17.76
2025-03-24 17:20:32.025000+00:00,62.933739676789685,,,,353.125,1.188,0.875,23.16,-116.562,-20.375,-10.188,-0.034,-0.007,-0.072,-0.42,0.5,9.2,-0.62,0.66,-0.49,0.23,-0.17,9.8,2.05875,10.0,30.0,0.0,0.0,5.0,1017.13,65.94,-17.76
2025-03-24 17:20:33.324000+00:00,62.933739676789685,,,,353.125,1.188,0.875,23.16,-116.562,-20.375,-10.188,-0.034,-0.007,-0.072,-0.42,0.5,9.2,-0.62,0.66,-0.49,0.23,-0.17,9.8,2.05875,10.0,30.0,0.0,0.0,5.0,1017.13,65.94,-17.76
2025-03-24 17:20:34.307000+00:00,62.933739676789685,,,,353.125,1.188,0.875,23.16,-116.562,-20.375,-10.188,-0.034,-0.007,-0.072,-0.42,0.5,9.2,-0.62,0.66,-0.49,0.23,-0.17,9.8,2.05875,10.0,30.0,0.0,0.0,5.0,1017.13,65.94,-17.76
2025-03-24 17:20:35.698000+00:00,62.933739676789685,,,,353.125,1.188,0.875,23.16,-116.562,-20.375,-10.188,-0.034,-0.007,-0.072,-0.42,0.5,9.2,-0.62,0.66,-0.49,0.23,-0.17,9.8,2.05875,10.0,30.0,0.0,0.0,5.0,1017.13,65.94,-17.76
2025-03-24 17:20:36.728000+00:00,62.933739676789685,,,,353.125,1.188,0.875,23.16,-116.562,-20.375,-10.188,-0.034,-0.007,-0.072,-0.42,0.5,9.2,-0.62,0.66,-0.49,0.23,-0.17,9.8,2.05875,10.0,30.0,0.0,0.0,5.0,1017.13,65.94,-17.76
2025-03-24 17:20:37.758000+00:00,62.933739676789685,,,,353.125,1.188,0.875,23.16,-116.562,-20.375,-10.188,-0.034,-0.007,-0.072,-0.42,0.5,9.2,-0.62,0.66,-0.49,0.23,-0.17,9.8,2.05875,10.0,30.0,0.0,0.0,5.0,1017.13,65.94,-17.76
2025-03-24 17:20:39.094000+00:00,62.933739676789685,,,,353.125,1.188,0.875,23.16,-116.562,-20.375,-10.188,-0.034,-0.007,-0.072,-0.42,0.5,9.2,-0.62,0.66,-0.49,0.23,-0.17,9.8,2.05875,10.0,30.0,0.0,0.0,5.0,1017.13,65.94,-17.76
2025-03-24 17:20:40.133000+00:00,62.933739676789685,,,,353.125,1.188,0.875,23.16,-116.562,-20.375,-10.188,-0.034,-0.007,-0.072,-0.42,0.5,9.2,-0.62,0.66,-0.49,0.23,-0.17,9.8,2.05875,10.0,30.0,0.0,0.0,5.0,1017.13,65.94,-17.76
2025-03-24 17:20:41.346000+00:00,62.933739676789685,,,,353.125,1.188,0.875,23.16,-116.562,-20.375,-10.188,-0.034,-0.007,-0.072,-0.42,0.5,9.2,-0.62,0.66,-0.49,0.23,-0.17,9.8,2.05875,10.0,30.0,0.0,0.0,5.0,1017.13,65.94,-17.76
2025-03-24 17:20:42.787000+00:00,62.933739676789685,,,,353.125,1.188,0.875,23.16,-116.562,-20.375,-10.188,-0.034,-0.007,-0.072,-0.42,0.5,9.2,-0.62,0.66,-0.49,0.23,-0.17,9.8,2.05875,10.0,30.0,0.0,0.0,5.0,1017.13,65.94,-17.76
2025-03-24 17:20:43.778000+00:00,62.933739676789685,,,,353.125,1.188,0.875,23.16,-116.562,-20.375,-10.188,-0.034,-0.007,-0.072,-0.42,0.5,9.2,-0.62,0.66,-0.49,0.23,-0.17,9.8,2.05875,10.0,30.0,0.0,0.0,5.0,1017.13,65.94,-17.76
2025-03-24 17:20:44.751000+00:00,62.933739676789685,,,,353.125,1.188,0.875,23.16,-116.562,-20.375,-10.188,-0.034,-0.007,-0.072,-0.42,0.5,9.2,-0.62,0.66,-0.49,0.23,-0.17,9.8,2.05875,10.0,30.0,0.0,0.0,5.0,1017.13,65.94,-17.76
2025-03-24 17:20:45.787000+00:00,62.933739676789685,,,,353.125,1.188,0.875,23.16,-116.562,-20.375,-10.188,-0.034,-0.007,-0.072,-0.42,0.5,9.2,-0.62,0.66,-0.49,0.23,-0.17,9.8,2.05875,10.0,30.0,0.0,0.0,5.0,1017.13,65.94,-17.76
2025-03-24 17:20:46.919000+00:00,62.933739676789685,,,,353.125,1.188,0.875,23.16,-116.562,-20.375,-10.188,-0.034,-0.007,-0.072,-0.42,0.5,9.2,-0.62,0.66,-0.49,0.23,-0.17,9.8,2.05875,10.0,30.0,0.0,0.0,5.0,1017.13,65.94,-17.76
2025-03-24 17:20:48.085000+00:00,62.933739676789685,,,,353.125,1.188,0.875,23.16,-116.562,-20.375,-10.188,-0.034,-0.007,-0.072,-0.42,0.5,9.2,-0.62,0.66,-0.49,0.23,-0.17,9.8,2.05875,10.0,30.0,0.0,0.0,5.0,1017.13,65.94,-17.76
2025-03-24 17:20:49.243000+00:00,62.933739676789685,,,,353.125,1.188,0.875,23.16,-116.562,-20.375,-10.188,-0.034,-0.007,-0.072,-0.42,0.5,9.2,-0.62,0.66,-0.49,0.23,-0.17,9.8,2.05875,10.0,30.0,0.0,0.0,5.0,1017.13,65.94,-17.76
2025-03-24 17:20:50.382000+00:00,62.933739676789685,,,,353.125,1.188,0.875,23.16,-116.562,-20.375,-10.188,-0.034,-0.007,-0.072,-0.42,0.5,9.2,-0.62,0.66,-0.49,0.23,-0.17,9.8,2.05875,10.0,30.0,0.0,0.0,5.0,1017.13,65.94,-17.76
2025-03-24 17:20:51.817000+00:00,62.933739676789685,,,,353.125,1.188,0.875,23.16,-116.562,-20.375,-10.188,-0.034,-0.007,-0.072,-0.42,0.5,9.2,-0.62,0.66,-0.49,0.23,-0.17,9.8,2.05875,10.0,30.0,0.0,0.0,5.0,1017.13,65.94,-17.76
2025-03-24 17:20:52.890000+00:00,62.933739676789685,,,,353.125,1.188,0.875,23.16,-116.562,-20.375,-10.188,-0.034,-0.007,-0.072,-0.42,0.5,9.2,-0.62,0.66,-0.49,0.23,-0.17,9.8,2.05875,10.0,30.0,0.0,0.0,5.0,1017.13,65.94,-17.76
2025-03-24 17:20:53.875000+00:00,62.933739676789685,,,,353.125,1.188,0.875,23.16,-116.562,-20.375,-10.188,-0.034,-0.007,-0.072,-0.42,0.5,9.2,-0.62,0.66,-0.49,0.23,-0.17,9.8,2.05875,10.0,30.0,0.0,0.0,5.0,1017.13,65.94,-17.76
2025-03-24 17:20:54.840000+00:00,62.933739676789685,,,,353.125,1.188,0.875,23.16,-116.562,-20.375,-10.188,-0.034,-0.007,-0.072,-0.42,0.5,9.2,-0.62,0.66,-0.49,0.23,-0.17,9.8,2.05875,10.0,30.0,0.0,0.0,5.0,1017.13,65.94,-17.76
2025-03-24 17:20:55.982000+00:00,62.933739676789685,,,,353.125,1.188,0.875,23.16,-116.562,-20.375,-10.188,-0.034,-0.007,-0.072,-0.42,0.5,9.2,-0.62,0.66,-0.49,0.23,-0.17,9.8,2.05875,10.0,30.0,0.0,0.0,5.0,1017.13,65.94,-17.76
2025-03-24 17:20:57.022000+00:00,62.933739676789685,,,,353.125,1.188,0.875,23.16,-116.562,-20.375,-10.188,-0.034,-0.007,-0.072,-0.42,0.5,9.2,-0.62,0.66,-0.49,0.23,-0.17,9.8,2.05875,10.0,30.0,0.0,0.0,5.0,1017.13,65.94,-17.76
2025-03-24 17:20:58.066000+00:00,62.933739676789685,,,,353.125,1.188,0.875,23.16,-116.562,-20.375,-10.188,-0.034,-0.007,-0.072,-0.42,0.5,9.2,-0.62,0.66,-0.49,0.23,-0.17,9.8,2.05875,10.0,30.0,0.0,0.0,5.0,1017.13,65.94,-17.76
2025-03-24 17:20:59.207000+00:00,62.933739676789685,,,,353.125,1.188,0.875,23.16,-116.562,-20.375,-10.188,-0.034,-0.007,-0.072,-0.42,0.5,9.2,-0.62,0.66,-0.49,0.23,-0.17,9.8,2.05875,10.0,30.0,0.0,0.0,5.0,1017.13,65.94,-17.76
2025-03-24 17:21:00.427000+00:00,62.933739676789685,,,,353.125,1.188,0.875,23.16,-116.562,-20.375,-10.188,-0.034,-0.007,-0.072,-0.42,0.5,9.2,-0.62,0.66,-0.49,0.23,-0.17,9.8,2.05875,10.0,30.0,0.0,0.0,5.0,1017.13,65.94,-17.76
2025-03-24 17:21:01.407000+00:00,62.933739676789685,,,,353.125,1.188,0.875,23.16,-116.562,-20.375,-10.188,-0.034,-0.007,-0.072,-0.42,0.5,9.2,-0.62,0.66,-0.49,0.23,-0.17,9.8,2.05875,10.0,30.0,0.0,0.0,5.0,1017.13,65.94,-17.76
2025-03-24 17:21:02.942000+00:00,62.933739676789685,,,,353.125,1.188,0.875,23.16,-116.562,-20.375,-10.188,-0.034,-0.007,-0.072,-0.42,0.5,9.2,-0.62,0.66,-0.49,0.23,-0.17,9.8,2.05875,10.0,30.0,0.0,0.0,5.0,1017.13,65.94,-17.76
2025-03-24 17:21:03.926000+00:00,62.933739676789685,,,,353.125,1.188,0.875,23.16,-116.562,-20.375,-10.188,-0.034,-0.007,-0.072,-0.42,0.5,9.2,-0.62,0.66,-0.49,0.23,-0.17,9.8,2.05875,10.0,30.0,0.0,0.0,5.0,1017.13,65.94,-17.76
2025-03-24 17:21:04.917000+00:00,62.933739676789685,,,,353.125,1.188,0.875,23.16,-116.562,-20.375,-10.188,-0.034,-0.007,-0.072,-0.42,0.5,9.2,-0.62,0.66,-0.49,0.23,-0.17,9.8,2.05875,10.0,30.0,0.0,0.0,5.0,1017.13,65.94,-17.76
2025-03-24 17:21:05.989000+00:00,62.933739676789685,,,,353.125,1.188,0.875,23.16,-116.562,-20.375,-10.188,-0.034,-0.007,-0.072,-0.42,0.5,9.2,-0.62,0.66,-0.49,0.23,-0.17,9.8,2.05875,10.0,30.0,0.0,0.0,5.0,1017.13,65.94,-17.76
2025-03-24 17:21:07.042000+00:00,62.933739676789685,,,,353.125,1.188,0.875,23.16,-116.562,-20.375,-10.188,-0.034,-0.007,-0.072,-0.42,0.5,9.2,-0.62,0.66,-0.49,0.23,-0.17,9.8,2.05875,10.0,30.0,0.0,0.0,5.0,1017.13,65.94,-17.76
2025-03-24 17:21:08.181000+00:00,62.933739676789685,,,,353.125,1.188,0.875,23.16,-116.562,-20.375,-10.188,-0.034,-0.007,-0.072,-0.42,0.5,9.2,-0.62,0.66,-0.49,0.23,-0.17,9.8,2.05875,10.0,30.0,0.0,0.0,5.0,1017.13,65.94,-17.76
2025-03-24 17:21:10.015000+00:00,62.933739676789685,,,,353.125,1.188,0.875,23.16,-116.562,-20.375,-10.188,-0.034,-0.007,-0.072,-0.42,0.5,9.2,-0.62,0.66,-0.49,0.23,-0.17,9.8,2.05875,10.0,30.0,0.0,0.0,5.0,1017.13,65.94,-17.76
2025-03-24 17:21:11.005000+00:00,62.933739676789685,,,,353.125,1.188,0.875,23.16,-116.562,-20.375,-10.188,-0.034,-0.007,-0.072,-0.42,0.5,9.2,-0.62,0.66,-0.49,0.23,-0.17,9.8,2.05875,10.0,30.0,0.0,0.0,5.0,1017.13,65.94,-17.76
2025-03-24 17:21:11.985000+00:00,62.933739676789685,,,,353.125,1.188,0.875,23.16,-116.562,-20.375,-10.188,-0.034,-0.007,-0.072,-0.42,0.5,9.2,-0.62,0.66,-0.49,0.23,-0.17,9.8,2.05875,10.0,30.0,0.0,0.0,5.0,1017.13,65.94,-17.76
2025-03-24 17:21:13.045000+00:00,62.933739676789685,,,,353.125,1.188,0.875,23.16,-116.562,-20.375,-10.188,-0.034,-0.007,-0.072,-0.42,0.5,9.2,-0.62,0.66,-0.49,0.23,-0.17,9.8,2.05875,10.0,30.0,0.0,0.0,5.0,1017.13,65.94,-17.76
2025-03-24 17:21:14.015000+00:00,62.933739676789685,,,,353.125,1.188,0.875,23.16,-116.562,-20.375,-10.188,-0.034,-0.007,-0.072,-0.42,0.5,9.2,-0.62,0.66,-0.49,0.23,-0.17,9.8,2.05875,10.0,30.0,0.0,0.0,5.0,1017.13,65.94,-17.76
2025-03-24 17:21:15.005000+00:00,62.933739676789685,,,,353.125,1.188,0.875,23.16,-116.562,-20.375,-10.188,-0.034,-0.007,-0.072,-0.42,0.5,9.2,-0.62,0.66,-0.49,0.23,-0.17,9.8,2.05875,10.0,30.0,0.0,0.0,5.0,1017.13,65.94,-17.76
2025-03-24 17:20:15.823000+00:00,62.933739676789685,,,,353.125,1.188,0.875,23.16,-116.562,-20.375,-10.188,-0.034,-0.007,-0.072,-0.42,0.5,9.2,-0.62,0.66,-0.49,0.23,-0.17,9.8,2.05875,10.0,30.0,0.0,0.0,5.0,1017.13,65.94,-17.76
2025-03-24 17:20:16.835000+00:00,62.933739676789685,,,,353.125,1.188,0.875,23.16,-116.562,-20.375,-10.188,-0.034,-0.007,-0.072,-0.42,0.5,9.2,-0.62,0.66,-0.49,0.23,-0.17,9.8,2.05875,10.0,30.0,0.0,0.0,5.0,1017.13,65.94,-17.76
2025-03-24 17:20:17.775000+00:00,62.933739676789685,,,,353.125,1.188,0.875,23.16,-116.562,-20.375,-10.188,-0.034,-0.007,-0.072,-0.42,0.5,9.2,-0.62,0.66,-0.49,0.23,-0.17,9.8,2.05875,10.0,30.0,0.0,0.0,5.0,1017.13,65.94,-17.76
2025-03-24 17:20:18.931000+00:00,62.933739676789685,,,,353.125,1.188,0.875,23.16,-116.562,-20.375,-10.188,-0.034,-0.007,-0.072,-0.42,0.5,9.2,-0.62,0.66,-0.49,0.23,-0.17,9.8,2.05875,10.0,30.0,0.0,0.0,5.0,1017.13,65.94,-17.76
2025-03-24 17:20:19.874000+00:00,62.933739676789685,,,,353.125,1.188,0.875,23.16,-116.562,-20.375,-10.188,-0.034,-0.007,-0.072,-0.42,0.5,9.2,-0.62,0.66,-0.49,0.23,-0.17,9.8,2.05875,10.0,30.0,0.0,0.0,5.0,1017.13,65.94,-17.76
2025-03-24 17:20:20.910000+00:00,62.933739676789685,,,,353.125,1.188,0.875,23.16,-116.562,-20.375,-10.188,-0.034,-0.007,-0.072,-0.42,0.5,9.2,-0.62,0.66,-0.49,0.23,-0.17,9.8,2.05875,10.0,30.0,0.0,0.0,5.0,1017.13,65.94,-17.76
2025-03-24 17:20:21.938000+00:00,62.933739676789685,,,,353.125,1.188,0.875,23.16,-116.562,-20.375,-10.188,-0.034,-0.007,-0.072,-0.42,0.5,9.2,-0.62,0.66,-0.49,0.23,-0.17,9.8,2.05875,10.0,30.0,0.0,0.0,5.0,1017.13,65.94,-17.76
2025-03-24 17:20:23.103000+00:00,62.933739676789685,,,,353.125,1.188,0.875,23.16,-116.562,-20.375,-10.188,-0.034,-0.007,-0.072,-0.42,0.5,9.2,-0.62,0.66,-0.49,0.23,-0.17,9.8,2.05875,10.0,30.0,0.0,0.0,5.0,1017.13,65.94,-17.76
2025-03-24 17:20:24.244000+00:00,62.933739676789685,,,,353.125,1.188,0.875,23.16,-116.562,-20.375,-10.188,-0.034,-0.007,-0.072,-0.42,0.5,9.2,-0.62,0.66,-0.49,0.23,-0.17,9.8,2.05875,10.0,30.0,0.0,0.0,5.0,1017.13,65.94,-17.76
2025-03-24 17:20:25.818000+00:00,62.933739676789685,,,,353.125,1.188,0.875,23.16,-116.562,-20.375,-10.188,-0.034,-0.007,-0.072,-0.42,0.5,9.2,-0.62,0.66,-0.49,0.23,-0.17,9.8,2.05875,10.0,30.0,0.0,0.0,5.0,1017.13,65.94,-17.76
2025-03-24 17:20:26.914000+00:00,62.933739676789685,,,,353.125,1.188,0.875,23.16,-116.562,-20.375,-10.188,-0.034,-0.007,-0.072,-0.42,0.5,9.2,-0.62,0.66,-0.49,0.23,-0.17,9.8,2.05875,10.0,30.0,0.0,0.0,5.0,1017.13,65.94,-17.76
2025-03-24 17:20:27.838000+00:00,62.933739676789685,,,,353.125,1.188,0.875,23.16,-116.562,-20.375,-10.188,-0.034,-0.007,-0.072,-0.42,0.5,9.2,-0.62,0.66,-0.49,0.23,-0.17,9.8,2.05875,10.0,30.0,0.0,0.0,5.0,1017.13,65.94,-17.76
2025-03-24 17:20:28.931000+00:00,62.933739676789685,,,,353.125,1.188,0.875,23.16,-116.562,-20.375,-10.188,-0.034,-0.007,-0.072,-0.42,0.5,9.2,-0.62,0.66,-0.49,0.23,-0.17,9.8,2.05875,10.0,30.0,0.0,0.0,5.0,1017.13,65.94,-17.76
2025-03-24 17:20:29.883000+00:00,62.933739676789685,,,,353.125,1.188,0.875,23.16,-116.562,-20.375,-10.188,-0.034,-0.007,-0.072,-0.42,0.5,9.2,-0.62,0.66,-0.49,0.23,-0.17,9.8,2.05875,10.0,30.0,0.0,0.0,5.0,1017.13,65.94,-17.76
2025-03-24 17:20:31.034000+00:00,62.933739676789685,,,,353.125,1.188,0.875,23.16,-116.562,-20.375,-10.188,-0.034,-0.007,-0.072,-0.42,0.5,9.2,-0.62,0.66,-0.49,0.23,-0.17,9.8,2.05875,10.0,30.0,0.0,0.0,5.0,1017.13,65.94,-17.76
2025-03-24 17:20:32.183000+00:00,62.933739676789685,,,,353.125,1.188,0.875,23.16,-116.562,-20.375,-10.188,-0.034,-0.007,-0.072,-0.42,0.5,9.2,-0.62,0.66,-0.49,0.23,-0.17,9.8,2.05875,10.0,30.0,0.0,0.0,5.0,1017.13,65.94,-17.76
2025-03-24 17:20:33.480000+00:00,62.933739676789685,,,,353.125,1.188,0.875,23.16,-116.562,-20.375,-10.188,-0.034,-0.007,-0.072,-0.42,0.5,9.2,-0.62,0.66,-0.49,0.23,-0.17,9.8,2.05875,10.0,30.0,0.0,0.0,5.0,1017.13,65.94,-17.76
2025-03-24 17:20:34.467000+00:00,62.933739676789685,,,,353.125,1.188,0.875,23.16,-116.562,-20.375,-10.188,-0.034,-0.007,-0.072,-0.42,0.5,9.2,-0.62,0.66,-0.49,0.23,-0.17,9.8,2.05875,10.0,30.0,0.0,0.0,5.0,1017.13,65.94,-17.76
2025-03-24 17:20:35.864000+00:00,62.933739676789685,,,,353.125,1.188,0.875,23.16,-116.562,-20.375,-10.188,-0.034,-0.007,-0.072,-0.42,0.5,9.2,-0.62,0.66,-0.49,0.23,-0.17,9.8,2.05875,10.0,30.0,0.0,0.0,5.0,1017.13,65.94,-17.76
2025-03-24 17:20:36.894000+00:00,62.933739676789685,,,,353.125,1.188,0.875,23.16,-116.562,-20.375,-10.188,-0.034,-0.007,-0.072,-0.42,0.5,9.2,-0.62,0.66,-0.49,0.23,-0.17,9.8,2.05875,10.0,30.0,0.0,0.0,5.0,1017.13,65.94,-17.76
2025-03-24 17:20:37.928000+00:00,62.933739676789685,,,,353.125,1.188,0.875,23.16,-116.562,-20.375,-10.188,-0.034,-0.007,-0.072,-0.42,0.5,9.2,-0.62,0.66,-0.49,0.23,-0.17,9.8,2.05875,10.0,30.0,0.0,0.0,5.0,1017.13,65.94,-17.76
2025-03-24 17:20:39.264000+00:00,62.933739676789685,,,,353.125,1.188,0.875,23.16,-116.562,-20.375,-10.188,-0.034,-0.007,-0.072,-0.42,0.5,9.2,-0.62,0.66,-0.49,0.23,-0.17,9.8,2.05875,10.0,30.0,0.0,0.0,5.0,1017.13,65.94,-17.76
2025-03-24 17:20:40.284000+00:00,62.933739676789685,,,,353.125,1.188,0.875,23.16,-116.562,-20.375,-10.188,-0.034,-0.007,-0.072,-0.42,0.5,9.2,-0.62,0.66,-0.49,0.23,-0.17,9.8,2.05875,10.0,30.0,0.0,0.0,5.0,1017.13,65.94,-17.76
2025-03-24 17:20:41.508000+00:00,62.933739676789685,,,,353.125,1.188,0.875,23.16,-116.562,-20.375,-10.188,-0.034,-0.007,-0.072,-0.42,0.5,9.2,-0.62,0.66,-0.49,0.23,-0.17,9.8,2.05875,10.0,30.0,0.0,0.0,5.0,1017.13,65.94,-17.76
2025-03-24 17:20:42.948000+00:00,62.933739676789685,,,,353.125,1.188,0.875,23.16,-116.562,-20.375,-10.188,-0.034,-0.007,-0.072,-0.42,0.5,9.2,-0.62,0.66,-0.49,0.23,-0.17,9.8,2.05875,10.0,30.0,0.0,0.0,5.0,1017.13,65.94,-17.76
2025-03-24 17:20:43.939000+00:00,62.933739676789685,,,,353.125,1.188,0.875,23.16,-116.562,-20.375,-10.188,-0.034,-0.007,-0.072,-0.42,0.5,9.2,-0.62,0.66,-0.49,0.23,-0.17,9.8,2.05875,10.0,30.0,0.0,0.0,5.0,1017.13,65.94,-17.76
2025-03-24 17:20:44.903000+00:00,62.933739676789685,,,,353.125,1.188,0.875,23.16,-116.562,-20.375,-10.188,-0.034,-0.007,-0.072,-0.42,0.5,9.2,-0.62,0.66,-0.49,0.23,-0.17,9.8,2.05875,10.0,30.0,0.0,0.0,5.0,1017.13,65.94,-17.76
2025-03-24 17:20:45.937000+00:00,62.933739676789685,,,,353.125,1.188,0.875,23.16,-116.562,-20.375,-10.188,-0.034,-0.007,-0.072,-0.42,0.5,9.2,-0.62,0.66,-0.49,0.23,-0.17,9.8,2.05875,10.0,30.0,0.0,0.0,5.0,1017.13,65.94,-17.76
2025-03-24 17:20:47.093000+00:00,62.933739676789685,,,,353.125,1.188,0.875,23.16,-116.562,-20.375,-10.188,-0.034,-0.007,-0.072,-0.42,0.5,9.2,-0.62,0.66,-0.49,0.23,-0.17,9.8,2.05875,10.0,30.0,0.0,0.0,5.0,1017.13,65.94,-17.76
2025-03-24 17:20:48.246000+00:00,62.933739676789685,,,,353.125,1.188,0.875,23.16,-116.562,-20.375,-10.188,-0.034,-0.007,-0.072,-0.42,0.5,9.2,-0.62,0.66,-0.49,0.23,-0.17,9.8,2.05875,10.0,30.0,0.0,0.0,5.0,1017.13,65.94,-17.76
2025-03-24 17:20:49.397000+00:00,62.933739676789685,,,,353.125,1.188,0.875,23.16,-116.562,-20.375,-10.188,-0.034,-0.007,-0.072,-0.42,0.5,9.2,-0.62,0.66,-0.49,0.23,-0.17,9.8,2.05875,10.0,30.0,0.0,0.0,5.0,1017.13,65.94,-17.76
2025-03-24 17:20:50.547000+00:00,62.933739676789685,,,,353.125,1.188,0.875,23.16,-116.562,-20.375,-10.188,-0.034,-0.007,-0.072,-0.42,0.5,9.2,-0.62,0.66,-0.49,0.23,-0.17,9.8,2.05875,10.0,30.0,0.0,0.0,5.0,1017.13,65.94,-17.76
2025-03-24 17:20:51.966000+00:00,62.933739676789685,,,,353.125,1.188,0.875,23.16,-116.562,-20.375,-10.188,-0.034,-0.007,-0.072,-0.42,0.5,9.2,-0.62,0.66,-0.49,0.23,-0.17,9.8,2.05875,10.0,30.0,0.0,0.0,5.0,1017.13,65.94,-17.76
2025-03-24 17:20:53.036000+00:00,62.933739676789685,,,,353.125,1.188,0.875,23.16,-116.562,-20.375,-10.188,-0.034,-0.007,-0.072,-0.42,0.5,9.2,-0.62,0.66,-0.49,0.23,-0.17,9.8,2.05875,10.0,30.0,0.0,0.0,5.0,1017.13,65.94,-17.76
2025-03-24 17:20:54.036000+00:00,62.933739676789685,,,,353.125,1.188,0.875,23.16,-116.562,-20.375,-10.188,-0.034,-0.007,-0.072,-0.42,0.5,9.2,-0.62,0.66,-0.49,0.23,-0.17,9.8,2.05875,10.0,30.0,0.0,0.0,5.0,1017.13,65.94,-17.76
2025-03-24 17:20:54.992000+00:00,62.933739676789685,,,,353.125,1.188,0.875,23.16,-116.562,-20.375,-10.188,-0.034,-0.007,-0.072,-0.42,0.5,9.2,-0.62,0.66,-0.49,0.23,-0.17,9.8,2.05875,10.0,30.0,0.0,0.0,5.0,1017.13,65.94,-17.76
2025-03-24 17:20:56.147000+00:00,62.933739676789685,,,,353.125,1.188,0.875,23.16,-116.562,-20.375,-10.188,-0.034,-0.007,-0.072,-0.42,0.5,9.2,-0.62,0.66,-0.49,0.23,-0.17,9.8,2.05875,10.0,30.0,0.0,0.0,5.0,1017.13,65.94,-17.76
2025-03-24 17:20:57.187000+00:00,62.933739676789685,,,,353.125,1.188,0.875,23.16,-116.562,-20.375,-10.188,-0.034,-0.007,-0.072,-0.42,0.5,9.2,-0.62,0.66,-0.49,0.23,-0.17,9.8,2.05875,10.0,30.0,0.0,0.0,5.0,1017.13,65.94,-17.76
2025-03-24 17:20:58.230000+00:00,62.933739676789685,,,,353.125,1.188,0.875,23.16,-116.562,-20.375,-10.188,-0.034,-0.007,-0.072,-0.42,0.5,9.2,-0.62,0.66,-0.49,0.23,-0.17,9.8,2.05875,10.0,30.0,0.0,0.0,5.0,1017.13,65.94,-17.76
2025-03-24 17:20:59.372000+00:00,62.933739676789685,,,,353.125,1.188,0.875,23.16,-116.562,-20.375,-10.188,-0.034,-0.007,-0.072,-0.42,0.5,9.2,-0.62,0.66,-0.49,0.23,-0.17,9.8,2.05875,10.0,30.0,0.0,0.0,5.0,1017.13,65.94,-17.76
2025-03-24 17:21:00.582000+00:00,62.933739676789685,,,,353.125,1.188,0.875,23.16,-116.562,-20.375,-10.188,-0.034,-0.007,-0.072,-0.42,0.5,9.2,-0.62,0.66,-0.49,0.23,-0.17,9.8,2.05875,10.0,30.0,0.0,0.0,5.0,1017.13,65.94,-17.76
2025-03-24 17:21:01.565000+00:00,62.933739676789685,,,,353.125,1.188,0.875,23.16,-116.562,-20.375,-10.188,-0.034,-0.007,-0.072,-0.42,0.5,9.2,-0.62,0.66,-0.49,0.23,-0.17,9.8,2.05875,10.0,30.0,0.0,0.0,5.0,1017.13,65.94,-17.76
2025-03-24 17:21:03.107000+00:00,62.933739676789685,,,,353.125,1.188,0.875,23.16,-116.562,-20.375,-10.188,-0.034,-0.007,-0.072,-0.42,0.5,9.2,-0.62,0.66,-0.49,0.23,-0.17,9.8,2.05875,10.0,30.0,0.0,0.0,5.0,1017.13,65.94,-17.76
2025-03-24 17:21:04.087000+00:00,62.933739676789685,,,,353.125,1.188,0.875,23.16,-116.562,-20.375,-10.188,-0.034,-0.007,-0.072,-0.42,0.5,9.2,-0.62,0.66,-0.49,0.23,-0.17,9.8,2.05875,10.0,30.0,0.0,0.0,5.0,1017.13,65.94,-17.76
2025-03-24 17:21:05.082000+00:00,62.933739676789685,,,,353.125,1.188,0.875,23.16,-116.562,-20.375,-10.188,-0.034,-0.007,-0.072,-0.42,0.5,9.2,-0.62,0.66,-0.49,0.23,-0.17,9.8,2.05875,10.0,30.0,0.0,0.0,5.0,1017.13,65.94,-17.76
2025-03-24 17:21:06.142000+00:00,62.933739676789685,,,,353.125,1.188,0.875,23.16,-116.562,-20.375,-10.188,-0.034,-0.007,-0.072,-0.42,0.5,9.2,-0.62,0.66,-0.49,0.23,-0.17,9.8,2.05875,10.0,30.0,0.0,0.0,5.0,1017.13,65.94,-17.76
2025-03-24 17:21:07.206000+00:00,62.933739676789685,,,,353.125,1.188,0.875,23.16,-116.562,-20.375,-10.188,-0.034,-0.007,-0.072,-0.42,0.5,9.2,-0.62,0.66,-0.49,0.23,-0.17,9.8,2.05875,10.0,30.0,0.0,0.0,5.0,1017.13,65.94,-17.76
2025-03-24 17:21:08.346000+00:00,62.933739676789685,,,,353.125,1.188,0.875,23.16,-116.562,-20.375,-10.188,-0.034,-0.007,-0.072,-0.42,0.5,9.2,-0.62,0.66,-0.49,0.23,-0.17,9.8,2.05875,10.0,30.0,0.0,0.0,5.0,1017.13,65.94,-17.76
2025-03-24 17:21:10.175000+00:00,62.933739676789685,,,,353.125,1.188,0.875,23.16,-116.562,-20.375,-10.188,-0.034,-0.007,-0.072,-0.42,0.5,9.2,-0.62,0.66,-0.49,0.23,-0.17,9.8,2.05875,10.0,30.0,0.0,0.0,5.0,1017.12,65.94,-17.76
2025-03-24 17:21:11.165000+00:00,62.933739676789685,,,,353.125,1.188,0.875,23.16,-116.562,-20.375,-10.188,-0.034,-0.007,-0.072,-0.42,0.5,9.2,-0.62,0.66,-0.49,0.23,-0.17,9.8,2.05875,10.0,30.0,0.0,0.0,5.0,1017.12,65.94,-17.76
2025-03-24 17:21:12.135000+00:00,62.933739676789685,,,,353.125,1.188,0.875,23.16,-116.562,-20.375,-10.188,-0.034,-0.007,-0.072,-0.42,0.5,9.2,-0.62,0.66,-0.49,0.23,-0.17,9.8,2.05875,10.0,30.0,0.0,0.0,5.0,1017.12,65.94,-17.76
2025-03-24 17:21:13.194000+00:00,62.933739676789685,,,,353.125,1.188,0.875,23.16,-116.562,-20.375,-10.188,-0.034,-0.007,-0.072,-0.42,0.5,9.2,-0.62,0.66,-0.49,0.23,-0.17,9.8,2.05875,10.0,30.0,0.0,0.0,5.0,1017.12,65.94,-17.76
2025-03-24 17:21:14.171000+00:00,62.933739676789685,,,,353.125,1.188,0.875,23.16,-116.562,-20.375,-10.188,-0.034,-0.007,-0.072,-0.42,0.5,9.2,-0.62,0.66,-0.49,0.23,-0.17,9.8,2.05875,10.0,30.0,0.0,0.0,5.0,1017.12,65.94,-17.76
2025-03-24 17:21:15.176000+00:00,62.933739676789685,,,,353.125,1.188,0.875,23.16,-116.562,-20.375,-10.188,-0.034,-0.007,-0.072,-0.42,0.5,9.2,-0.62,0.66,-0.49,0.23,-0.17,9.8,2.05875,10.0,30.0,0.0,0.0,5.0,1017.12,65.94,-17.76
2025-03-24 17:20:15.766000+00:00,62.933739676789685,,,,353.125,1.188,0.875,23.16,-116.562,-20.375,-10.188,-0.034,-0.007,-0.072,-0.42,0.5,9.2,-0.62,0.66,-0.49,0.23,-0.17,9.8,2.05875,10.0,30.0,0.0,0.0,5.0,1017.12,65.94,-17.76
2025-03-24 17:20:16.775000+00:00,62.933739676789685,,,,353.125,1.188,0.875,23.16,-116.562,-20.375,-10.188,-0.034,-0.007,-0.072,-0.42,0.5,9.2,-0.62,0.66,-0.49,0.23,-0.17,9.8,2.05875,10.0,30.0,0.0,0.0,5.0,1017.12,65.94,-17.76
2025-03-24 17:20:17.705000+00:00,62.933739676789685,,,,353.125,1.188,0.875,23.16,-116.562,-20.375,-10.188,-0.034,-0.007,-0.072,-0.42,0.5,9.2,-0.62,0.66,-0.49,0.23,-0.17,9.8,2.05875,10.0,30.0,0.0,0.0,5.0,1017.12,65.94,-17.76
2025-03-24 17:20:18.875000+00:00,62.933739676789685,,,,353.125,1.188,0.875,23.16,-116.562,-20.375,-10.188,-0.034,-0.007,-0.072,-0.42,0.5,9.2,-0.62,0.66,-0.49,0.23,-0.17,9.8,2.05875,10.0,30.0,0.0,0.0,5.0,1017.12,65.94,-17.76
2025-03-24 17:20:19.815000+00:00,62.933739676789685,,,,353.125,1.188,0.875,23.16,-116.562,-20.375,-10.188,-0.034,-0.007,-0.072,-0.42,0.5,9.2,-0.62,0.66,-0.49,0.23,-0.17,9.8,2.05875,10.0,30.0,0.0,0.0,5.0,1017.12,65.94,-17.76
2025-03-24 17:20:20.855000+00:00,62.933739676789685,,,,353.125,1.188,0.875,23.16,-116.562,-20.375,-10.188,-0.034,-0.007,-0.072,-0.42,0.5,9.2,-0.62,0.66,-0.49,0.23,-0.17,9.8,2.05875,10.0,30.0,0.0,0.0,5.0,1017.12,65.94,-17.76
2025-03-24 17:20:21.889000+00:00,62.933739676789685,,,,353.125,1.188,0.875,23.16,-116.562,-20.375,-10.188,-0.034,-0.007,-0.072,-0.42,0.5,9.2,-0.62,0.66,-0.49,0.23,-0.17,9.8,2.05875,10.0,30.0,0.0,0.0,5.0,1017.12,65.94,-17.76
2025-03-24 17:20:23.045000+00:00,62.933739676789685,,,,353.125,1.188,0.875,23.16,-116.562,-20.375,-10.188,-0.034,-0.007,-0.072,-0.42,0.5,9.2,-0.62,0.66,-0.49,0.23,-0.17,9.8,2.05875,10.0,30.0,0.0,0.0,5.0,1017.12,65.94,-17.76
2025-03-24 17:20:24.192000+00:00,62.933739676789685,,,,353.125,1.188,0.875,23.16,-116.562,-20.375,-10.188,-0.034,-0.007,-0.072,-0.42,0.5,9.2,-0.62,0.66,-0.49,0.23,-0.17,9.8,2.05875,10.0,30.0,0.0,0.0,5.0,1017.12,65.94,-17.76
2025-03-24 17:20:25.769000+00:00,62.933739676789685,,,,353.125,1.188,0.875,23.16,-116.562,-20.375,-10.188,-0.034,-0.007,-0.072,-0.42,0.5,9.2,-0.62,0.66,-0.49,0.23,-0.17,9.8,2.05875,10.0,30.0,0.0,0.0,5.0,1017.12,65.94,-17.76
2025-03-24 17:20:26.855000+00:00,62.933739676789685,,,,353.125,1.188,0.875,23.16,-116.562,-20.375,-10.188,-0.034,-0.007,-0.072,-0.42,0.5,9.2,-0.62,0.66,-0.49,0.23,-0.17,9.8,2.05875,10.0,30.0,0.0,0.0,5.0,1017.12,65.94,-17.76
2025-03-24 17:20:27.774000+00:00,62.933739676789685,,,,353.125,1.188,0.875,23.16,-116.562,-20.375,-10.188,-0.034,-0.007,-0.072,-0.42,0.5,9.2,-0.62,0.66,-0.49,0.23,-0.17,9.8,2.05875,10.0,30.0,0.0,0.0,5.0,1017.12,65.94,-17.76
2025-03-24 17:20:28.875000+00:00,62.933739676789685,,,,353.125,1.188,0.875,23.16,-116.562,-20.375,-10.188,-0.034,-0.007,-0.072,-0.42,0.5,9.2,-0.62,0.66,-0.49,0.23,-0.17,9.8,2.05875,10.0,30.0,0.0,0.0,5.0,1017.12,65.94,-17.76
2025-03-24 17:20:29.832000+00:00,62.933739676789685,,,,353.125,1.188,0.875,23.16,-116.562,-20.375,-10.188,-0.034,-0.007,-0.072,-0.42,0.5,9.2,-0.62,0.66,-0.49,0.23,-0.17,9.8,2.05875,10.0,30.0,0.0,0.0,5.0,1017.12,65.94,-17.76
2025-03-24 17:20:30.979000+00:00,62.933739676789685,,,,353.125,1.188,0.875,23.16,-116.562,-20.375,-10.188,-0.034,-0.007,-0.072,-0.42,0.5,9.2,-0.62,0.66,-0.49,0.23,-0.17,9.8,2.05875,10.0,30.0,0.0,0.0,5.0,1017.12,65.94,-17.76
2025-03-24 17:20:32.127000+00:00,62.933739676789685,,,,353.125,1.188,0.875,23.16,-116.562,-20.375,-10.188,-0.034,-0.007,-0.072,-0.42,0.5,9.2,-0.62,0.66,-0.49,0.23,-0.17,9.8,2.05875,10.0,30.0,0.0,0.0,5.0,1017.12,65.94,-17.76
2025-03-24 17:20:33.428000+00:00,62.933739676789685,,,,353.125,1.188,0.875,23.16,-116.562,-20.375,-10.188,-0.034,-0.007,-0.072,-0.42,0.5,9.2,-0.62,0.66,-0.49,0.23,-0.17,9.8,2.05875,10.0,30.0,0.0,0.0,5.0,1017.12,65.94,-17.76
2025-03-24 17:20:34.414000+00:00,62.933739676789685,,,,353.125,1.188,0.875,23.16,-116.562,-20.375,-10.188,-0.034,-0.007,-0.072,-0.42,0.5,9.2,-0.62,0.66,-0.49,0.23,-0.17,9.8,2.05875,10.0,30.0,0.0,0.0,5.0,1017.12,65.94,-17.76
2025-03-24 17:20:35.804000+00:00,62.933739676789685,,,,353.125,1.188,0.875,23.16,-116.562,-20.375,-10.188,-0.034,-0.007,-0.072,-0.42,0.5,9.2,-0.62,0.66,-0.49,0.23,-0.17,9.8,2.05875,10.0,30.0,0.0,0.0,5.0,1017.12,65.94,-17.76
2025-03-24 17:20:36.834000+00:00,62.933739676789685,,,,353.125,1.188,0.875,23.16,-116.562,-20.375,-10.188,-0.034,-0.007,-0.072,-0.42,0.5,9.2,-0.62,0.66,-0.49,0.23,-0.17,9.8,2.05875,10.0,30.0,0.0,0.0,5.0,1017.12,65.94,-17.76
2025-03-24 17:20:37.873000+00:00,62.933739676789685,,,,353.125,1.188,0.875,23.16,-116.562,-20.375,-10.188,-0.034,-0.007,-0.072,-0.42,0.5,9.2,-0.62,0.66,-0.49,0.23,-0.17,9.8,2.05875,10.0,30.0,0.0,0.0,5.0,1017.12,65.94,-17.76
2025-03-24 17:20:39.203000+00:00,62.933739676789685,,,,353.125,1.188,0.875,23.16,-116.562,-20.375,-10.188,-0.034,-0.007,-0.072,-0.42,0.5,9.2,-0.62,0.66,-0.49,0.23,-0.17,9.8,2.05875,10.0,30.0,0.0,0.0,5.0,1017.12,65.94,-17.76
2025-03-24 17:20:40.227000+00:00,62.933739676789685,,,,353.125,1.188,0.875,23.16,-116.562,-20.375,-10.188,-0.034,-0.007,-0.072,-0.42,0.5,9.2,-0.62,0.66,-0.49,0.23,-0.17,9.8,2.05875,10.0,30.0,0.0,0.0,5.0,1017.12,65.99,-17.76
2025-03-24 17:20:41.457000+00:00,62.933739676789685,,,,353.125,1.188,0.875,23.16,-116.562,-20.375,-10.188,-0.034,-0.007,-0.072,-0.42,0.5,9.2,-0.62,0.66,-0.49,0.23,-0.17,9.8,2.05875,10.0,30.0,0.0,0.0,5.0,1017.12,65.99,-17.76
2025-03-24 17:20:42.893000+00:00,62.933739676789685,,,,353.125,1.188,0.875,23.16,-116.562,-20.375,-10.188,-0.034,-0.007,-0.072,-0.42,0.5,9.2,-0.62,0.66,-0.49,0.23,-0.17,9.8,2.05875,10.0,30.0,0.0,0.0,5.0,1017.12,65.99,-17.76
2025-03-24 17:20:43.888000+00:00,62.933739676789685,,,,353.125,1.188,0.875,23.16,-116.562,-20.375,-10.188,-0.034,-0.007,-0.072,-0.42,0.5,9.2,-0.62,0.66,-0.49,0.23,-0.17,9.8,2.05875,10.0,30.0,0.0,0.0,5.0,1017.12,65.99,-17.76
2025-03-24 17:20:44.846000+00:00,62.933739676789685,,,,353.125,1.188,0.875,23.16,-116.562,-20.375,-10.188,-0.034,-0.007,-0.072,-0.42,0.5,9.2,-0.62,0.66,-0.49,0.23,-0.17,9.8,2.05875,10.0,30.0,0.0,0.0,5.0,1017.12,65.99,-17.76
2025-03-24 17:20:45.887000+00:00,62.933739676789685,,,,353.125,1.188,0.875,23.16,-116.562,-20.375,-10.188,-0.034,-0.007,-0.072,-0.42,0.5,9.2,-0.62,0.66,-0.49,0.23,-0.17,9.8,2.05875,10.0,30.0,0.0,0.0,5.0,1017.12,65.99,-17.76
2025-03-24 17:20:47.033000+00:00,62.933739676789685,,,,353.125,1.188,0.875,23.16,-116.562,-20.375,-10.188,-0.034,-0.007,-0.072,-0.42,0.5,9.2,-0.62,0.66,-0.49,0.23,-0.17,9.8,2.05875,10.0,30.0,0.0,0.0,5.0,1017.12,65.99,-17.76
2025-03-24 17:20:48.193000+00:00,62.933739676789685,,,,353.125,1.188,0.875,23.16,-116.562,-20.375,-10.188,-0.034,-0.007,-0.072,-0.42,0.5,9.2,-0.62,0.66,-0.49,0.23,-0.17,9.8,2.05875,10.0,30.0,0.0,0.0,5.0,1017.12,65.99,-17.76
2025-03-24 17:20:49.347000+00:00,62.933739676789685,,,,353.125,1.188,0.875,23.16,-116.562,-20.375,-10.188,-0.034,-0.007,-0.072,-0.42,0.5,9.2,-0.62,0.66,-0.49,0.23,-0.17,9.8,2.05875,10.0,30.0,0.0,0.0,5.0,1017.12,65.99,-17.76
2025-03-24 17:20:50.498000+00:00,62.933739676789685,,,,353.125,1.188,0.875,23.16,-116.562,-20.375,-10.188,-0.034,-0.007,-0.072,-0.42,0.5,9.2,-0.62,0.66,-0.49,0.23,-0.17,9.8,2.05875,10.0,30.0,0.0,0.0,5.0,1017.12,65.99,-17.76
2025-03-24 17:20:51.916000+00:00,62.933739676789685,,,,353.125,1.188,0.875,23.16,-116.562,-20.375,-10.188,-0.034,-0.007,-0.072,-0.42,0.5,9.2,-0.62,0.66,-0.49,0.23,-0.17,9.8,2.05875,10.0,30.0,0.0,0.0,5.0,1017.12,65.99,-17.76
2025-03-24 17:20:52.987000+00:00,62.933739676789685,,,,353.125,1.188,0.875,23.16,-116.562,-20.375,-10.188,-0.034,-0.007,-0.072,-0.42,0.5,9.2,-0.62,0.66,-0.49,0.23,-0.17,9.8,2.05875,10.0,30.0,0.0,0.0,5.0,1017.12,65.99,-17.76
2025-03-24 17:20:53.984000+00:00,62.933739676789685,,,,353.125,1.188,0.875,23.16,-116.562,-20.375,-10.188,-0.034,-0.007,-0.072,-0.42,0.5,9.2,-0.62,0.66,-0.49,0.23,-0.17,9.8,2.05875,10.0,30.0,0.0,0.0,5.0,1017.12,65.99,-17.76
2025-03-24 17:20:54.936000+00:00,62.933739676789685,,,,353.125,1.188,0.875,23.16,-116.562,-20.375,-10.188,-0.034,-0.007,-0.072,-0.42,0.5,9.2,-0.62,0.66,-0.49,0.23,-0.17,9.8,2.05875,10.0,30.0,0.0,0.0,5.0,1017.12,65.99,-17.76
2025-03-24 17:20:56.097000+00:00,62.933739676789685,,,,353.125,1.188,0.875,23.16,-116.562,-20.375,-10.188,-0.034,-0.007,-0.072,-0.42,0.5,9.2,-0.62,0.66,-0.49,0.23,-0.17,9.8,2.05875,10.0,30.0,0.0,0.0,5.0,1017.12,65.99,-17.76
2025-03-24 17:20:57.135000+00:00,62.933739676789685,,,,353.125,1.188,0.875,23.16,-116.562,-20.375,-10.188,-0.034,-0.007,-0.072,-0.42,0.5,9.2,-0.62,0.66,-0.49,0.23,-0.17,9.8,2.05875,10.0,30.0,0.0,0.0,5.0,1017.12,65.99,-17.76
2025-03-24 17:20:58.177000+00:00,62.933739676789685,,,,353.125,1.188,0.875,23.16,-116.562,-20.375,-10.188,-0.034,-0.007,-0.072,-0.42,0.5,9.2,-0.62,0.66,-0.49,0.23,-0.17,9.8,2.05875,10.0,30.0,0.0,0.0,5.0,1017.12,65.99,-17.76
2025-03-24 17:20:59.316000+00:00,62.933739676789685,,,,353.125,1.188,0.875,23.16,-116.562,-20.375,-10.188,-0.034,-0.007,-0.072,-0.42,0.5,9.2,-0.62,0.66,-0.49,0.23,-0.17,9.8,2.05875,10.0,30.0,0.0,0.0,5.0,1017.12,65.99,-17.76
2025-03-24 17:21:00.525000+00:00,62.933739676789685,,,,353.125,1.188,0.875,23.16,-116.562,-20.375,-10.188,-0.034,-0.007,-0.072,-0.42,0.5,9.2,-0.62,0.66,-0.49,0.23,-0.17,9.8,2.05875,10.0,30.0,0.0,0.0,5.0,1017.12,65.99,-17.76
2025-03-24 17:21:01.516000+00:00,62.933739676789685,,,,353.125,1.188,0.875,23.16,-116.562,-20.375,-10.188,-0.034,-0.007,-0.072,-0.42,0.5,9.2,-0.62,0.66,-0.49,0.23,-0.17,9.8,2.05875,10.0,30.0,0.0,0.0,5.0,1017.12,65.99,-17.76
2025-03-24 17:21:03.059000+00:00,62.933739676789685,,,,353.125,1.188,0.875,23.16,-116.562,-20.375,-10.188,-0.034,-0.007,-0.072,-0.42,0.5,9.2,-0.62,0.66,-0.49,0.23,-0.17,9.8,2.05875,10.0,30.0,0.0,0.0,5.0,1017.12,65.99,-17.76
2025-03-24 17:21:04.039000+00:00,62.933739676789685,,,,353.125,1.188,0.875,23.16,-116.562,-20.375,-10.188,-0.034,-0.007,-0.072,-0.42,0.5,9.2,-0.62,0.66,-0.49,0.23,-0.17,9.8,2.05875,10.0,30.0,0.0,0.0,5.0,1017.12,65.99,-17.76
2025-03-24 17:21:05.021000+00:00,62.933739676789685,,,,353.125,1.188,0.875,23.16,-116.562,-20.375,-10.188,-0.034,-0.007,-0.072,-0.42,0.5,9.2,-0.62,0.66,-0.49,0.23,-0.17,9.8,2.05875,10.0,30.0,0.0,0.0,5.0,1017.12,65.99,-17.76
2025-03-24 17:21:06.087000+00:00,62.933739676789685,,,,353.125,1.188,0.875,23.16,-116.562,-20.375,-10.188,-0.034,-0.007,-0.072,-0.42,0.5,9.2,-0.62,0.66,-0.49,0.23,-0.17,9.8,2.05875,10.0,30.0,0.0,0.0,5.0,1017.12,65.99,-17.76
2025-03-24 17:21:07.156000+00:00,62.933739676789685,,,,353.125,1.188,0.875,23.16,-116.562,-20.375,-10.188,-0.034,-0.007,-0.072,-0.42,0.5,9.2,-0.62,0.66,-0.49,0.23,-0.17,9.8,2.05875,10.0,30.0,0.0,0.0,5.0,1017.12,65.99,-17.76
2025-03-24 17:21:08.295000+00:00,62.933739676789685,,,,353.125,1.188,0.875,23.16,-116.562,-20.375,-10.188,-0.034,-0.007,-0.072,-0.42,0.5,9.2,-0.62,0.66,-0.49,0.23,-0.17,9.8,2.05875,10.0,30.0,0.0,0.0,5.0,1017.12,65.99,-17.76
2025-03-24 17:21:10.122000+00:00,62.933739676789685,,,,353.125,1.188,0.875,23.16,-116.562,-20.375,-10.188,-0.034,-0.007,-0.072,-0.42,0.5,9.2,-0.62,0.66,-0.49,0.23,-0.17,9.8,2.05875,10.0,30.0,0.0,0.0,5.0,1017.12,65.99,-17.76
2025-03-24 17:21:11.115000+00:00,62.933739676789685,,,,353.125,1.188,0.875,23.16,-116.562,-20.375,-10.188,-0.034,-0.007,-0.072,-0.42,0.5,9.2,-0.62,0.66,-0.49,0.23,-0.17,9.8,2.05875,10.0,30.0,0.0,0.0,5.0,1017.12,66.02,-17.76
2025-03-24 17:21:12.085000+00:00,62.933739676789685,,,,353.125,1.188,0.875,23.16,-116.562,-20.375,-10.188,-0.034,-0.007,-0.072,-0.42,0.5,9.2,-0.62,0.66,-0.49,0.23,-0.17,9.8,2.05875,10.0,30.0,0.0,0.0,5.0,1017.12,66.02,-17.76
2025-03-24 17:21:13.145000+00:00,62.933739676789685,,,,353.125,1.188,0.875,23.16,-116.562,-20.375,-10.188,-0.034,-0.007,-0.072,-0.42,0.5,9.2,-0.62,0.66,-0.49,0.23,-0.17,9.8,2.05875,10.0,30.0,0.0,0.0,5.0,1017.12,66.02,-17.76
2025-03-24 17:21:14.117000+00:00,62.933739676789685,,,,353.125,1.188,0.875,23.16,-116.562,-20.375,-10.188,-0.034,-0.007,-0.072,-0.42,0.5,9.2,-0.62,0.66,-0.49,0.23,-0.17,9.8,2.05875,10.0,30.0,0.0,0.0,5.0,1017.12,66.02,-17.76
2025-03-24 17:21:15.115000+00:00,62.933739676789685,,,,353.125,1.188,0.875,23.16,-116.562,-20.375,-10.188,-0.034,-0.007,-0.072,-0.42,0.5,9.2,-0.62,0.66,-0.49,0.23,-0.17,9.8,2.05875,10.0,30.0,0.0,0.0,5.0,1017.12,66.02,-17.76
2025-03-24 17:20:15.869000+00:00,62.933739676789685,,,,353.125,1.188,0.875,23.16,-116.562,-20.375,-10.188,-0.034,-0.007,-0.072,-0.42,0.5,9.2,-0.62,0.66,-0.49,0.23,-0.17,9.8,2.05875,10.0,30.0,0.0,0.0,5.0,1017.12,66.02,-17.76
2025-03-24 17:20:16.893000+00:00,62.933739676789685,,,,353.125,1.188,0.875,23.16,-116.562,-20.375,-10.188,-0.034,-0.007,-0.072,-0.42,0.5,9.2,-0.62,0.66,-0.49,0.23,-0.17,9.8,2.05875,10.0,30.0,0.0,0.0,5.0,1017.12,66.02,-17.76
2025-03-24 17:20:17.829000+00:00,62.933739676789685,,,,353.125,1.188,0.875,23.16,-116.562,-20.375,-10.188,-0.034,-0.007,-0.072,-0.42,0.5,9.2,-0.62,0.66,-0.49,0.23,-0.17,9.8,2.05875,10.0,30.0,0.0,0.0,5.0,1017.12,66.02,-17.76
2025-03-24 17:20:18.979000+00:00,62.933739676789685,,,,353.125,1.188,0.875,23.16,-116.562,-20.375,-10.188,-0.034,-0.007,-0.072,-0.42,0.5,9.2,-0.62,0.66,-0.49,0.23,-0.17,9.8,2.05875,10.0,30.0,0.0,0.0,5.0,1017.12,66.02,-17.76
2025-03-24 17:20:19.931000+00:00,62.933739676789685,,,,353.125,1.188,0.875,23.16,-116.562,-20.375,-10.188,-0.034,-0.007,-0.072,-0.42,0.5,9.2,-0.62,0.66,-0.49,0.23,-0.17,9.8,2.05875,10.0,30.0,0.0,0.0,5.0,1017.12,66.02,-17.76
2025-03-24 17:20:20.965000+00:00,62.933739676789685,,,,353.125,1.188,0.875,23.16,-116.562,-20.375,-10.188,-0.034,-0.007,-0.072,-0.42,0.5,9.2,-0.62,0.66,-0.49,0.23,-0.17,9.8,2.05875,10.0,30.0,0.0,0.0,5.0,1017.12,66.02,-17.76
2025-03-24 17:20:21.989000+00:00,62.933739676789685,,,,353.125,1.188,0.875,23.16,-116.562,-20.375,-10.188,-0.034,-0.007,-0.072,-0.42,0.5,9.2,-0.62,0.66,-0.49,0.23,-0.17,9.8,2.05875,10.0,30.0,0.0,0.0,5.0,1017.12,66.02,-17.76
2025-03-24 17:20:23.149000+00:00,62.933739676789685,,,,353.125,1.188,0.875,23.16,-116.562,-20.375,-10.188,-0.034,-0.007,-0.072,-0.42,0.5,9.2,-0.62,0.66,-0.49,0.23,-0.17,9.8,2.05875,10.0,30.0,0.0,0.0,5.0,1017.12,66.02,-17.76
2025-03-24 17:20:24.305000+00:00,62.933739676789685,,,,353.125,1.188,0.875,23.16,-116.562,-20.375,-10.188,-0.034,-0.007,-0.072,-0.42,0.5,9.2,-0.62,0.66,-0.49,0.23,-0.17,9.8,2.05875,10.0,30.0,0.0,0.0,5.0,1017.12,66.02,-17.76
2025-03-24 17:20:25.869000+00:00,62.933739676789685,,,,353.125,1.188,0.875,23.16,-116.562,-20.375,-10.188,-0.034,-0.007,-0.072,-0.42,0.5,9.2,-0.62,0.66,-0.49,0.23,-0.17,9.8,2.05875,10.0,30.0,0.0,0.0,5.0,1017.12,66.02,-17.76
2025-03-24 17:20:26.972000+00:00,62.933739676789685,,,,353.125,1.188,0.875,23.16,-116.562,-20.375,-10.188,-0.034,-0.007,-0.072,-0.42,0.5,9.2,-0.62,0.66,-0.49,0.23,-0.17,9.8,2.05875,10.0,30.0,0.0,0.0,5.0,1017.12,66.02,-17.76
2025-03-24 17:20:27.888000+00:00,62.933739676789685,,,,353.125,1.188,0.875,23.16,-116.562,-20.375,-10.188,-0.034,-0.007,-0.072,-0.42,0.5,9.2,-0.62,0.66,-0.49,0.23,-0.17,9.8,2.05875,10.0,30.0,0.0,0.0,5.0,1017.12,66.02,-17.76
2025-03-24 17:20:28.984000+00:00,62.933739676789685,,,,353.125,1.188,0.875,23.16,-116.562,-20.375,-10.188,-0.034,-0.007,-0.072,-0.42,0.5,9.2,-0.62,0.66,-0.49,0.23,-0.17,9.8,2.05875,10.0,30.0,0.0,0.0,5.0,1017.12,66.02,-17.76
2025-03-24 17:20:29.942000+00:00,62.933739676789685,,,,353.125,1.188,0.875,23.16,-116.562,-20.375,-10.188,-0.034,-0.007,-0.072,-0.42,0.5,9.2,-0.62,0.66,-0.49,0.23,-0.17,9.8,2.05875,10.0,30.0,0.0,0.0,5.0,1017.12,66.02,-17.76
2025-03-24 17:20:31.094000+00:00,62.933739676789685,,,,353.125,1.188,0.875,23.16,-116.562,-20.375,-10.188,-0.034,-0.007,-0.072,-0.42,0.5,9.2,-0.62,0.66,-0.49,0.23,-0.17,9.8,2.05875,10.0,30.0,0.0,0.0,5.0,1017.12,66.02,-17.76
2025-03-24 17:20:32.239000+00:00,62.933739676789685,,,,353.125,1.188,0.875,23.16,-116.562,-20.375,-10.188,-0.034,-0.007,-0.072,-0.42,0.5,9.2,-0.62,0.66,-0.49,0.23,-0.17,9.8,2.05875,10.0,30.0,0.0,0.0,5.0,1017.12,66.02,-17.76
2025-03-24 17:20:33.528000+00:00,62.933739676789685,,,,353.125,1.188,0.875,23.16,-116.562,-20.375,-10.188,-0.034,-0.007,-0.072,-0.42,0.5,9.2,-0.62,0.66,-0.49,0.23,-0.17,9.8,2.05875,10.0,30.0,0.0,0.0,5.0,1017.12,66.02,-17.76
2025-03-24 17:20:34.525000+00:00,62.933739676789685,,,,353.125,1.188,0.875,23.16,-116.562,-20.375,-10.188,-0.034,-0.007,-0.072,-0.42,0.5,9.2,-0.62,0.66,-0.49,0.23,-0.17,9.8,2.05875,10.0,30.0,0.0,0.0,5.0,1017.12,66.02,-17.76
2025-03-24 17:20:35.921000+00:00,62.933739676789685,,,,353.125,1.188,0.875,23.16,-116.562,-20.375,-10.188,-0.034,-0.007,-0.072,-0.42,0.5,9.2,-0.62,0.66,-0.49,0.23,-0.17,9.8,2.05875,10.0,30.0,0.0,0.0,5.0,1017.12,66.02,-17.76
2025-03-24 17:20:36.950000+00:00,62.933739676789685,,,,353.125,1.188,0.875,23.16,-116.562,-20.375,-10.188,-0.034,-0.007,-0.072,-0.42,0.5,9.2,-0.62,0.66,-0.49,0.23,-0.17,9.8,2.05875,10.0,30.0,0.0,0.0,5.0,1017.12,66.02,-17.76
2025-03-24 17:20:37.984000+00:00,62.933739676789685,,,,353.125,1.188,0.875,23.16,-116.562,-20.375,-10.188,-0.034,-0.007,-0.072,-0.42,0.5,9.2,-0.62,0.66,-0.49,0.23,-0.17,9.8,2.05875,10.0,30.0,0.0,0.0,5.0,1017.12,66.02,-17.76
2025-03-24 17:20:39.317000+00:00,62.933739676789685,,,,353.125,1.188,0.875,23.16,-116.562,-20.375,-10.188,-0.034,-0.007,-0.072,-0.42,0.5,9.2,-0.62,0.66,-0.49,0.23,-0.17,9.8,2.05875,10.0,30.0,0.0,0.0,5.0,1017.12,66.02,-17.76
2025-03-24 17:20:40.340000+00:00,62.933739676789685,,,,353.125,1.188,0.875,23.16,-116.562,-20.375,-10.188,-0.034,-0.007,-0.072,-0.42,0.5,9.2,-0.62,0.66,-0.49,0.23,-0.17,9.8,2.05875,10.0,30.0,0.0,0.0,5.0,1017.12,66.02,-17.66
2025-03-24 17:20:41.573000+00:00,62.933739676789685,,,,353.125,1.188,0.875,23.16,-116.562,-20.375,-10.188,-0.034,-0.007,-0.072,-0.42,0.5,9.2,-0.62,0.66,-0.49,0.23,-0.17,9.8,2.05875,10.0,30.0,0.0,0.0,5.0,1017.12,66.02,-17.66
2025-03-24 17:20:42.997000+00:00,62.933739676789685,,,,353.125,1.188,0.875,23.16,-116.562,-20.375,-10.188,-0.034,-0.007,-0.072,-0.42,0.5,9.2,-0.62,0.66,-0.49,0.23,-0.17,9.8,2.05875,10.0,30.0,0.0,0.0,5.0,1017.12,66.02,-17.66
2025-03-24 17:20:43.986000+00:00,62.933739676789685,,,,353.125,1.188,0.875,23.16,-116.562,-20.375,-10.188,-0.034,-0.007,-0.072,-0.42,0.5,9.2,-0.62,0.66,-0.49,0.23,-0.17,9.8,2.05875,10.0,30.0,0.0,0.0,5.0,1017.12,66.02,-17.66
2025-03-24 17:20:44.961000+00:00,62.933739676789685,,,,353.125,1.188,0.875,23.16,-116.562,-20.375,-10.188,-0.034,-0.007,-0.072,-0.42,0.5,9.2,-0.62,0.66,-0.49,0.23,-0.17,9.8,2.05875,10.0,30.0,0.0,0.0,5.0,1017.12,66.02,-17.66
2025-03-24 17:20:45.986000+00:00,62.933739676789685,,,,353.125,1.188,0.875,23.16,-116.562,-20.375,-10.188,-0.034,-0.007,-0.072,-0.42,0.5,9.2,-0.62,0.66,-0.49,0.23,-0.17,9.8,2.05875,10.0,30.0,0.0,0.0,5.0,1017.12,66.02,-17.66
2025-03-24 17:20:47.147000+00:00,62.933739676789685,,,,353.125,1.188,0.875,23.16,-116.562,-20.375,-10.188,-0.034,-0.007,-0.072,-0.42,0.5,9.2,-0.62,0.66,-0.49,0.23,-0.17,9.8,2.05875,10.0,30.0,0.0,0.0,5.0,1017.12,66.02,-17.66
2025-03-24 17:20:48.297000+00:00,62.933739676789685,,,,353.125,1.188,0.875,23.16,-116.562,-20.375,-10.188,-0.034,-0.007,-0.072,-0.42,0.5,9.2,-0.62,0.66,-0.49,0.23,-0.17,9.8,2.05875,10.0,30.0,0.0,0.0,5.0,1017.12,66.02,-17.66
2025-03-24 17:20:49.457000+00:00,62.933739676789685,,,,353.125,1.188,0.875,23.16,-116.562,-20.375,-10.188,-0.034,-0.007,-0.072,-0.42,0.5,9.2,-0.62,0.66,-0.49,0.23,-0.17,9.8,2.05875,10.0,30.0,0.0,0.0,5.0,1017.12,66.02,-17.66
2025-03-24 17:20:50.602000+00:00,62.933739676789685,,,,353.125,1.188,0.875,23.16,-116.562,-20.375,-10.188,-0.034,-0.007,-0.072,-0.42,0.5,9.2,-0.62,0.66,-0.49,0.23,-0.17,9.8,2.05875,10.0,30.0,0.0,0.0,5.0,1017.12,66.02,-17.66
2025-03-24 17:20:52.016000+00:00,62.933739676789685,,,,353.125,1.188,0.875,23.16,-116.562,-20.375,-10.188,-0.034,-0.007,-0.072,-0.42,0.5,9.2,-0.62,0.66,-0.49,0.23,-0.17,9.8,2.05875,10.0,30.0,0.0,0.0,5.0,1017.12,66.02,-17.66
2025-03-24 17:20:53.087000+00:00,62.933739676789685,,,,353.125,1.188,0.875,23.16,-116.562,-20.375,-10.188,-0.034,-0.007,-0.072,-0.42,0.5,9.2,-0.62,0.66,-0.49,0.23,-0.17,9.8,2.05875,10.0,30.0,0.0,0.0,5.0,1017.12,66.02,-17.66
2025-03-24 17:20:54.086000+00:00,62.933739676789685,,,,353.125,1.188,0.875,23.16,-116.562,-20.375,-10.188,-0.034,-0.007,-0.072,-0.42,0.5,9.2,-0.62,0.66,-0.49,0.23,-0.17,9.8,2.05875,10.0,30.0,0.0,0.0,5.0,1017.12,66.02,-17.66
2025-03-24 17:20:55.053000+00:00,62.933739676789685,,,,353.125,1.188,0.875,23.16,-116.562,-20.375,-10.188,-0.034,-0.007,-0.072,-0.42,0.5,9.2,-0.62,0.66,-0.49,0.23,-0.17,9.8,2.05875,10.0,30.0,0.0,0.0,5.0,1017.12,66.02,-17.66
2025-03-24 17:20:56.202000+00:00,62.933739676789685,,,,353.125,1.188,0.875,23.16,-116.562,-20.375,-10.188,-0.034,-0.007,-0.072,-0.42,0.5,9.2,-0.62,0.66,-0.49,0.23,-0.17,9.8,2.05875,10.0,30.0,0.0,0.0,5.0,1017.12,66.02,-17.66
2025-03-24 17:20:57.242000+00:00,62.933739676789685,,,,353.125,1.188,0.875,23.16,-116.562,-20.375,-10.188,-0.034,-0.007,-0.072,-0.42,0.5,9.2,-0.62,0.66,-0.49,0.23,-0.17,9.8,2.05875,10.0,30.0,0.0,0.0,5.0,1017.12,66.02,-17.66
2025-03-24 17:20:58.289000+00:00,62.933739676789685,,,,353.125,1.188,0.875,23.16,-116.562,-20.375,-10.188,-0.034,-0.007,-0.072,-0.42,0.5,9.2,-0.62,0.66,-0.49,0.23,-0.17,9.8,2.05875,10.0,30.0,0.0,0.0,5.0,1017.12,66.02,-17.66
2025-03-24 17:20:59.425000+00:00,62.933739676789685,,,,353.125,1.188,0.875,23.16,-116.562,-20.375,-10.188,-0.034,-0.007,-0.072,-0.42,0.5,9.2,-0.62,0.66,-0.49,0.23,-0.17,9.8,2.05875,10.0,30.0,0.0,0.0,5.0,1017.12,66.02,-17.66
2025-03-24 17:21:00.641000+00:00,62.933739676789685,,,,353.125,1.188,0.875,23.16,-116.562,-20.375,-10.188,-0.034,-0.007,-0.072,-0.42,0.5,9.2,-0.62,0.66,-0.49,0.23,-0.17,9.8,2.05875,10.0,30.0,0.0,0.0,5.0,1017.12,66.02,-17.66
2025-03-24 17:21:01.616000+00:00,62.933739676789685,,,,353.125,1.188,0.875,23.16,-116.562,-20.375,-10.188,-0.034,-0.007,-0.072,-0.42,0.5,9.2,-0.62,0.66,-0.49,0.23,-0.17,9.8,2.05875,10.0,30.0,0.0,0.0,5.0,1017.12,66.02,-17.66
2025-03-24 17:21:03.156000+00:00,62.933739676789685,,,,353.125,1.188,0.875,23.16,-116.562,-20.375,-10.188,-0.034,-0.007,-0.072,-0.42,0.5,9.2,-0.62,0.66,-0.49,0.23,-0.17,9.8,2.05875,10.0,30.0,0.0,0.0,5.0,1017.12,66.02,-17.66
2025-03-24 17:21:04.135000+00:00,62.933739676789685,,,,353.125,1.188,0.875,23.16,-116.562,-20.375,-10.188,-0.034,-0.007,-0.072,-0.42,0.5,9.2,-0.62,0.66,-0.49,0.23,-0.17,9.8,2.05875,10.0,30.0,0.0,0.0,5.0,1017.12,66.02,-17.66
2025-03-24 17:21:05.142000+00:00,62.933739676789685,,,,353.125,1.188,0.875,23.16,-116.562,-20.375,-10.188,-0.034,-0.007,-0.072,-0.42,0.5,9.2,-0.62,0.66,-0.49,0.23,-0.17,9.8,2.05875,10.0,30.0,0.0,0.0,5.0,1017.12,66.02,-17.66
2025-03-24 17:21:06.202000+00:00,62.933739676789685,,,,353.125,1.188,0.875,23.16,-116.562,-20.375,-10.188,-0.034,-0.007,-0.072,-0.42,0.5,9.2,-0.62,0.66,-0.49,0.23,-0.17,9.8,2.05875,10.0,30.0,0.0,0.0,5.0,1017.12,66.02,-17.66
2025-03-24 17:21:07.262000+00:00,62.933739676789685,,,,353.125,1.188,0.875,23.16,-116.562,-20.375,-10.188,-0.034,-0.007,-0.072,-0.42,0.5,9.2,-0.62,0.66,-0.49,0.23,-0.17,9.8,2.05875,10.0,30.0,0.0,0.0,5.0,1017.12,66.02,-17.66
2025-03-24 17:21:08.394000+00:00,62.933739676789685,,,,353.125,1.188,0.875,23.16,-116.562,-20.375,-10.188,-0.034,-0.007,-0.072,-0.42,0.5,9.2,-0.62,0.66,-0.49,0.23,-0.17,9.8,2.05875,10.0,30.0,0.0,0.0,5.0,1017.12,66.02,-17.66
2025-03-24 17:21:10.225000+00:00,62.933739676789685,,,,353.125,1.188,0.875,23.16,-116.562,-20.375,-10.188,-0.034,-0.007,-0.072,-0.42,0.5,9.2,-0.62,0.66,-0.49,0.23,-0.17,9.8,2.05875,10.0,30.0,0.0,0.0,5.0,1017.12,66.02,-17.79
2025-03-24 17:21:11.216000+00:00,62.933739676789685,,,,353.125,1.188,0.875,23.16,-116.562,-20.375,-10.188,-0.034,-0.007,-0.072,-0.42,0.5,9.2,-0.62,0.66,-0.49,0.23,-0.17,9.8,2.05875,10.0,30.0,0.0,0.0,5.0,1017.12,66.02,-17.79
2025-03-24 17:21:12.185000+00:00,62.933739676789685,,,,353.125,1.188,0.875,23.16,-116.562,-20.375,-10.188,-0.034,-0.007,-0.072,-0.42,0.5,9.2,-0.62,0.66,-0.49,0.23,-0.17,9.8,2.05875,10.0,30.0,0.0,0.0,5.0,1017.12,66.02,-17.79
2025-03-24 17:21:13.245000+00:00,62.933739676789685,,,,353.125,1.188,0.875,23.16,-116.562,-20.375,-10.188,-0.034,-0.007,-0.072,-0.42,0.5,9.2,-0.62,0.66,-0.49,0.23,-0.17,9.8,2.05875,10.0,30.0,0.0,0.0,5.0,1017.12,66.02,-17.79
2025-03-24 17:21:14.231000+00:00,62.933739676789685,,,,353.125,1.188,0.875,23.16,-116.562,-20.375,-10.188,-0.034,-0.007,-0.072,-0.42,0.5,9.2,-0.62,0.66,-0.49,0.23,-0.17,9.8,2.05875,10.0,30.0,0.0,0.0,5.0,1017.12,66.02,-17.79
2025-03-24 17:21:15.225000+00:00,62.933739676789685,,,,353.125,1.188,0.875,23.16,-116.562,-20.375,-10.188,-0.034,-0.007,-0.072,-0.42,0.5,9.2,-0.62,0.66,-0.49,0.23,-0.17,9.8,2.05875,10.0,30.0,0.0,0.0,5.0,1017.12,66.02,-17.79
