,rpm_value,rpm_blade_1,rpm_blade_2,rpm_blade_3,orientation_heading,orientation_roll,orientation_pitch,temperature_value,magnetometer_mx,magnetometer_my,magnetometer_mz,gyroscope_gx,gyroscope_gy,gyroscope_gz,accelerometer_ax,accelerometer_ay,accelerometer_az,linear_acceleration_lx,linear_acceleration_ly,linear_acceleration_lz,gravity_grx,gravity_gry,gravity_grz,voltage_value,current_value,power_value,servo_value,speed_value,direction_value,pressure_value,humidity_value,altitude_value
2025-03-24 18:05:31.359000+00:00,44.6769041673196,,,,21.562,-0.75,-0.75,23.0,-89.0,-8.25,-27.5,0.014,-0.011,-0.012,-0.36,0.67,9.63,0.09,0.52,-0.16,-0.11,0.15,9.8,1.75875,-1.25,0.0,0.0,6.9,1.0,1017.14,67.56,-17.4
2025-03-24 18:05:32.427000+00:00,45.26077644784823,,,,21.562,-0.75,-0.75,23.0,-89.0,-8.25,-27.5,0.014,-0.011,-0.012,-0.36,0.67,9.63,0.09,0.52,-0.16,-0.11,0.15,9.8,1.75875,-1.25,0.0,0.0,6.9,1.0,1017.14,67.56,-17.4
2025-03-24 18:05:33.529000+00:00,45.987337978659944,,,,21.562,-0.75,-0.75,23.0,-89.0,-8.25,-27.5,0.014,-0.011,-0.012,-0.36,0.67,9.63,0.09,0.52,-0.16,-0.11,0.15,9.8,1.75875,-1.25,0.0,0.0,6.9,1.0,1017.14,67.56,-17.4
2025-03-24 18:05:33.628000+00:00,46.713869678536426,,,,21.562,-0.75,-0.75,23.0,-89.0,-8.25,-27.5,0.014,-0.011,-0.012,-0.36,0.67,9.63,0.09,0.52,-0.16,-0.11,0.15,9.8,1.75875,-1.25,0.0,0.0,6.9,1.0,1017.14,67.56,-17.4
2025-03-24 18:05:34.730000+00:00,47.565408610227074,,,,21.562,-0.75,-0.75,23.0,-89.0,-8.25,-27.5,0.014,-0.011,-0.012,-0.36,0.67,9.63,0.09,0.52,-0.16,-0.11,0.15,9.8,1.75875,-1.25,0.0,0.0,6.9,1.0,1017.14,67.56,-17.4
2025-03-24 18:05:35.830000+00:00,48.52705092487322,,,,21.562,-0.75,-0.75,23.0,-89.0,-8.25,-27.5,0.014,-0.011,-0.012,-0.36,0.67,9.63,0.09,0.52,-0.16,-0.11,0.15,9.8,1.75875,-1.25,0.0,0.0,6.9,1.0,1017.14,67.56,-17.4
2025-03-24 18:05:37.623000+00:00,49.26157741630021,,,,21.562,-0.75,-0.75,23.0,-89.0,-8.25,-27.5,0.014,-0.011,-0.012,-0.36,0.67,9.63,0.09,0.52,-0.16,-0.11,0.15,9.8,1.75875,-1.25,0.0,0.0,6.9,1.0,1017.14,67.56,-17.4
2025-03-24 18:05:38.629000+00:00,50.22334222324497,,,,21.562,-0.75,-0.75,23.0,-89.0,-8.25,-27.5,0.014,-0.011,-0.012,-0.36,0.67,9.63,0.09,0.52,-0.16,-0.11,0.15,9.8,1.75875,-1.25,0.0,0.0,6.9,1.0,1017.14,67.56,-17.4
2025-03-24 18:05:38.790000+00:00,51.07474699587252,,,,21.562,-0.75,-0.75,23.0,-89.0,-8.25,-27.5,0.014,-0.011,-0.012,-0.36,0.67,9.63,0.09,0.52,-0.16,-0.11,0.15,9.8,1.75875,-1.25,0.0,0.0,6.9,1.0,1017.14,67.56,-17.4
2025-03-24 18:05:39.428000+00:00,51.926377203970574,,,,21.562,-0.75,-0.75,23.0,-89.0,-8.25,-27.5,0.014,-0.011,-0.012,-0.36,0.67,9.63,0.09,0.52,-0.16,-0.11,0.15,9.8,1.75875,-1.25,0.0,0.0,6.9,1.0,1017.14,67.56,-17.4
2025-03-24 18:05:40.535000+00:00,52.55076169983653,,,,21.562,-0.75,-0.75,23.0,-89.0,-8.25,-27.5,0.014,-0.011,-0.012,-0.36,0.67,9.63,0.09,0.52,-0.16,-0.11,0.15,9.8,1.75875,-1.25,0.0,0.0,6.9,1.0,1017.14,67.56,-17.4
2025-03-24 18:05:41.635000+00:00,53.13454729087364,,,,21.562,-0.75,-0.75,23.0,-89.0,-8.25,-27.5,0.014,-0.011,-0.012,-0.36,0.67,9.63,0.09,0.52,-0.16,-0.11,0.15,9.8,1.75875,-1.25,0.0,0.0,6.9,1.0,1017.14,67.56,-17.4
2025-03-24 18:05:42.837000+00:00,53.13470545256182,,,,21.562,-0.75,-0.75,23.0,-89.0,-8.25,-27.5,0.014,-0.011,-0.012,-0.36,0.67,9.63,0.09,0.52,-0.16,-0.11,0.15,9.8,1.75875,-1.25,0.0,0.0,6.9,1.0,1017.14,67.56,-17.4
2025-03-24 18:05:43.938000+00:00,53.36170508395528,,,,21.562,-0.75,-0.75,23.0,-89.0,-8.25,-27.5,0.014,-0.011,-0.012,-0.36,0.67,9.63,0.09,0.52,-0.16,-0.11,0.15,9.8,1.75875,-1.25,0.0,0.0,6.9,1.0,1017.14,67.56,-17.4
2025-03-24 18:05:45.478000+00:00,53.361746234843906,,,,21.562,-0.75,-0.75,23.0,-89.0,-8.25,-27.5,0.014,-0.011,-0.012,-0.36,0.67,9.63,0.09,0.52,-0.16,-0.11,0.15,9.8,1.75875,-1.25,0.0,0.0,6.9,1.0,1017.14,67.56,-17.4
2025-03-24 18:05:46.508000+00:00,53.36165596383931,,,,21.562,-0.75,-0.75,23.0,-89.0,-8.25,-27.5,0.014,-0.011,-0.012,-0.36,0.67,9.63,0.09,0.52,-0.16,-0.11,0.15,9.8,1.75875,-1.25,0.0,0.0,6.9,1.0,1017.14,67.56,-17.4
2025-03-24 18:05:47.594000+00:00,53.58888980811925,,,,21.562,-0.75,-0.75,23.0,-89.0,-8.25,-27.5,0.014,-0.011,-0.012,-0.36,0.67,9.63,0.09,0.52,-0.16,-0.11,0.15,9.8,1.75875,-1.25,0.0,0.0,6.9,1.0,1017.14,67.56,-17.4
2025-03-24 18:05:48.553000+00:00,53.362002527710345,,,,21.562,-0.75,-0.75,23.0,-89.0,-8.25,-27.5,0.014,-0.011,-0.012,-0.36,0.67,9.63,0.09,0.52,-0.16,-0.11,0.15,9.8,1.75875,-1.25,0.0,0.0,6.9,1.0,1017.14,67.56,-17.4
2025-03-24 18:05:49.643000+00:00,53.36205209247974,,,,21.562,-0.75,-0.75,23.0,-89.0,-8.25,-27.5,0.014,-0.011,-0.012,-0.36,0.67,9.63,0.09,0.52,-0.16,-0.11,0.15,9.8,1.75875,-1.25,0.0,0.0,6.9,1.0,1017.14,67.56,-17.4
2025-03-24 18:05:50.744000+00:00,53.36205445266596,,,,21.562,-0.75,-0.75,23.0,-89.0,-8.25,-27.5,0.014,-0.011,-0.012,-0.36,0.67,9.63,0.09,0.52,-0.16,-0.11,0.15,9.8,1.75875,-1.25,0.0,0.0,6.9,1.0,1017.14,67.56,-17.4
2025-03-24 18:05:51.118000+00:00,53.36177533181344,,,,21.562,-0.75,-0.75,23.0,-89.0,-8.25,-27.5,0.014,-0.011,-0.012,-0.36,0.67,9.63,0.09,0.52,-0.16,-0.11,0.15,9.8,1.75875,-1.25,0.0,0.0,6.9,1.0,1017.14,67.56,-17.4
2025-03-24 18:05:52.197000+00:00,53.361709243851365,,,,21.562,-0.75,-0.75,23.0,-89.0,-8.25,-27.5,0.014,-0.011,-0.012,-0.36,0.67,9.63,0.09,0.52,-0.16,-0.11,0.15,9.8,1.75875,-1.25,0.0,0.0,6.9,1.0,1017.14,67.56,-17.4
2025-03-24 18:05:53.307000+00:00,53.36173992773407,,,,21.562,-0.75,-0.75,23.0,-89.0,-8.25,-27.5,0.014,-0.011,-0.012,-0.36,0.67,9.63,0.09,0.52,-0.16,-0.11,0.15,9.8,1.75875,-1.25,0.0,0.0,6.9,1.0,1017.14,67.56,-17.4
2025-03-24 18:05:54.784000+00:00,53.361847324347046,,,,21.562,-0.75,-0.75,23.0,-89.0,-8.25,-27.5,0.014,-0.011,-0.012,-0.36,0.67,9.63,0.09,0.52,-0.16,-0.11,0.15,9.8,1.75875,-1.25,0.0,0.0,6.9,1.0,1017.14,67.56,-17.4
2025-03-24 18:05:55.921000+00:00,53.36180778772615,,,,21.562,-0.75,-0.75,23.0,-89.0,-8.25,-27.5,0.014,-0.011,-0.012,-0.36,0.67,9.63,0.09,0.52,-0.16,-0.11,0.15,9.8,1.75875,-1.25,0.0,0.0,6.9,1.0,1017.14,67.56,-17.4
2025-03-24 18:05:56.964000+00:00,53.13477351931316,,,,21.562,-0.75,-0.75,23.0,-89.0,-8.25,-27.5,0.014,-0.011,-0.012,-0.36,0.67,9.63,0.09,0.52,-0.16,-0.11,0.15,9.8,1.75875,-1.25,0.0,0.0,6.9,1.0,1017.14,67.56,-17.4
2025-03-24 18:05:57.934000+00:00,53.36177345674425,,,,21.562,-0.75,-0.75,23.0,-89.0,-8.25,-27.5,0.014,-0.011,-0.012,-0.36,0.67,9.63,0.09,0.52,-0.16,-0.11,0.15,9.8,1.75875,-1.25,0.0,0.0,6.9,1.0,1017.14,67.56,-17.4
2025-03-24 18:05:58.968000+00:00,53.36174041174708,,,,21.562,-0.75,-0.75,23.0,-89.0,-8.25,-27.5,0.014,-0.011,-0.012,-0.36,0.67,9.63,0.09,0.52,-0.16,-0.11,0.15,9.8,1.75875,-1.25,0.0,0.0,6.9,1.0,1017.14,67.56,-17.4
2025-03-24 18:06:00.067000+00:00,53.13471728344183,,,,21.562,-0.75,-0.75,23.0,-89.0,-8.25,-27.5,0.014,-0.011,-0.012,-0.36,0.67,9.63,0.09,0.52,-0.16,-0.11,0.15,9.8,1.75875,-1.25,0.0,0.0,6.9,1.0,1017.14,67.56,-17.4
2025-03-24 18:06:01.198000+00:00,53.134536105919494,,,,21.562,-0.75,-0.75,23.0,-89.0,-8.25,-27.5,0.014,-0.011,-0.012,-0.36,0.67,9.63,0.09,0.52,-0.16,-0.11,0.15,9.8,1.75875,-1.25,0.0,0.0,6.9,1.0,1017.14,67.56,-17.4
2025-03-24 18:06:02.757000+00:00,53.134584205808025,,,,21.562,-0.75,-0.75,23.0,-89.0,-8.25,-27.5,0.014,-0.011,-0.012,-0.36,0.67,9.63,0.09,0.52,-0.16,-0.11,0.15,9.8,1.75875,-1.25,0.0,0.0,6.9,1.0,1017.14,67.56,-17.4
2025-03-24 18:06:03.998000+00:00,53.13473232022689,,,,21.562,-0.75,-0.75,23.0,-89.0,-8.25,-27.5,0.014,-0.011,-0.012,-0.36,0.67,9.63,0.09,0.52,-0.16,-0.11,0.15,9.8,1.75875,-1.25,0.0,0.0,6.9,1.0,1017.14,67.56,-17.4
2025-03-24 18:06:05.018000+00:00,53.36186985905361,,,,21.562,-0.75,-0.75,23.0,-89.0,-8.25,-27.5,0.014,-0.011,-0.012,-0.36,0.67,9.63,0.09,0.52,-0.16,-0.11,0.15,9.8,1.75875,-1.25,0.0,0.0,6.9,1.0,1017.14,67.56,-17.4
2025-03-24 18:06:05.989000+00:00,53.134890555804745,,,,21.562,-0.75,-0.75,23.0,-89.0,-8.25,-27.5,0.014,-0.011,-0.012,-0.36,0.67,9.63,0.09,0.52,-0.16,-0.11,0.15,9.8,1.75875,-1.25,0.0,0.0,6.9,1.0,1017.14,67.56,-17.4
2025-03-24 18:06:07.048000+00:00,53.36212862424213,,,,21.562,-0.75,-0.75,23.0,-89.0,-8.25,-27.5,0.014,-0.011,-0.012,-0.36,0.67,9.63,0.09,0.52,-0.16,-0.11,0.15,9.8,1.75875,-1.25,0.0,0.0,6.9,1.0,1017.14,67.56,-17.4
2025-03-24 18:06:07.097000+00:00,53.362435452040486,,,,21.562,-0.75,-0.75,23.0,-89.0,-8.25,-27.5,0.014,-0.011,-0.012,-0.36,0.67,9.63,0.09,0.52,-0.16,-0.11,0.15,9.8,1.75875,-1.25,0.0,0.0,6.9,1.0,1017.14,67.56,-17.4
2025-03-24 18:06:08.067000+00:00,53.36268212173401,,,,21.562,-0.75,-0.75,23.0,-89.0,-8.25,-27.5,0.014,-0.011,-0.012,-0.36,0.67,9.63,0.09,0.52,-0.16,-0.11,0.15,9.8,1.75875,-1.25,0.0,0.0,6.9,1.0,1017.14,67.56,-17.4
2025-03-24 18:06:08.960000+00:00,53.58977533789007,,,,21.562,-0.75,-0.75,23.0,-89.0,-8.25,-27.5,0.014,-0.011,-0.012,-0.36,0.67,9.63,0.09,0.52,-0.16,-0.11,0.15,9.8,1.75875,-1.25,0.0,0.0,6.9,1.0,1017.14,67.56,-17.4
2025-03-24 18:06:10.061000+00:00,53.589914600940084,,,,21.562,-0.75,-0.75,23.0,-89.0,-8.25,-27.5,0.014,-0.011,-0.012,-0.36,0.67,9.63,0.09,0.52,-0.16,-0.11,0.15,9.8,1.75875,-1.25,0.0,0.0,6.9,1.0,1017.14,67.56,-17.4
2025-03-24 18:06:11.767000+00:00,53.36299543920215,,,,21.562,-0.75,-0.75,23.0,-89.0,-8.25,-27.5,0.014,-0.011,-0.012,-0.36,0.67,9.63,0.09,0.52,-0.16,-0.11,0.15,9.8,1.75875,-1.25,0.0,0.0,6.9,1.0,1017.14,67.56,-17.4
2025-03-24 18:06:12.758000+00:00,53.36283082601561,,,,21.562,-0.75,-0.75,23.0,-89.0,-8.25,-27.5,0.014,-0.011,-0.012,-0.36,0.67,9.63,0.09,0.52,-0.16,-0.11,0.15,9.8,1.75875,-1.25,0.0,0.0,6.9,1.0,1017.14,67.56,-17.4
2025-03-24 18:06:13.757000+00:00,53.362805453810395,,,,21.562,-0.75,-0.75,23.0,-89.0,-8.25,-27.5,0.014,-0.011,-0.012,-0.36,0.67,9.63,0.09,0.52,-0.16,-0.11,0.15,9.8,1.75875,-1.25,0.0,0.0,6.9,1.0,1017.14,67.56,-17.4
2025-03-24 18:06:14.785000+00:00,53.362824926632854,,,,21.562,-0.75,-0.75,23.0,-89.0,-8.25,-27.5,0.014,-0.011,-0.012,-0.36,0.67,9.63,0.09,0.52,-0.16,-0.11,0.15,9.8,1.75875,-1.25,0.0,0.0,6.9,1.0,1017.14,67.56,-17.4
2025-03-24 18:06:15.787000+00:00,53.135686514859096,,,,21.562,-0.75,-0.75,23.0,-89.0,-8.25,-27.5,0.014,-0.011,-0.012,-0.36,0.67,9.63,0.09,0.52,-0.16,-0.11,0.15,9.8,1.75875,-1.25,0.0,0.0,6.9,1.0,1017.14,67.56,-17.4
2025-03-24 18:06:16.887000+00:00,53.13543751952521,,,,21.562,-0.75,-0.75,23.0,-89.0,-8.25,-27.5,0.014,-0.011,-0.012,-0.36,0.67,9.63,0.09,0.52,-0.16,-0.11,0.15,9.8,1.75875,-1.25,0.0,0.0,6.9,1.0,1017.14,67.56,-17.4
2025-03-24 18:06:17.968000+00:00,53.362302447179864,,,,21.562,-0.75,-0.75,23.0,-89.0,-8.25,-27.5,0.014,-0.011,-0.012,-0.36,0.67,9.63,0.09,0.52,-0.16,-0.11,0.15,9.8,1.75875,-1.25,0.0,0.0,6.9,1.0,1017.14,67.56,-17.4
2025-03-24 18:06:19.417000+00:00,53.13549339977402,,,,21.562,-0.75,-0.75,23.0,-89.0,-8.25,-27.5,0.014,-0.011,-0.012,-0.36,0.67,9.63,0.09,0.52,-0.16,-0.11,0.15,9.8,1.75875,-1.25,0.0,0.0,6.9,1.0,1017.14,67.56,-17.4
2025-03-24 18:06:20.603000+00:00,53.13534706727721,,,,21.562,-0.75,-0.75,23.0,-89.0,-8.25,-27.5,0.014,-0.011,-0.012,-0.36,0.67,9.63,0.09,0.52,-0.16,-0.11,0.15,9.8,1.75875,-1.25,0.0,0.0,6.9,1.0,1017.14,67.56,-17.4
2025-03-24 18:06:21.787000+00:00,53.36234836219093,,,,21.562,-0.75,-0.75,23.0,-89.0,-8.25,-27.5,0.014,-0.011,-0.012,-0.36,0.67,9.63,0.09,0.52,-0.16,-0.11,0.15,9.8,1.75875,-1.25,0.0,0.0,6.9,1.0,1017.14,67.56,-17.4
2025-03-24 18:06:23.096000+00:00,53.13523981975523,,,,21.562,-0.75,-0.75,23.0,-89.0,-8.25,-27.5,0.014,-0.011,-0.012,-0.36,0.67,9.63,0.09,0.52,-0.16,-0.11,0.15,9.8,1.75875,-1.25,0.0,0.0,6.9,1.0,1017.14,67.56,-17.4
2025-03-24 18:06:23.827000+00:00,53.36232569653163,,,,21.562,-0.75,-0.75,23.0,-89.0,-8.25,-27.5,0.014,-0.011,-0.012,-0.36,0.67,9.63,0.09,0.52,-0.16,-0.11,0.15,9.8,1.75875,-1.25,0.0,0.0,6.9,1.0,1017.14,67.56,-17.4
2025-03-24 18:06:25.148000+00:00,53.135279502431636,,,,21.562,-0.75,-0.75,23.0,-89.0,-8.25,-27.5,0.014,-0.011,-0.012,-0.36,0.67,9.63,0.09,0.52,-0.16,-0.11,0.15,9.8,1.75875,-1.25,0.0,0.0,6.9,1.0,1017.14,67.56,-17.4
2025-03-24 18:06:26.116000+00:00,53.13500099732006,,,,21.562,-0.75,-0.75,23.0,-89.0,-8.25,-27.5,0.014,-0.011,-0.012,-0.36,0.67,9.63,0.09,0.52,-0.16,-0.11,0.15,9.8,1.75875,-1.25,0.0,0.0,6.9,1.0,1017.14,67.56,-17.4
2025-03-24 18:06:26.166000+00:00,53.3619195299453,,,,21.562,-0.75,-0.75,23.0,-89.0,-8.25,-27.5,0.014,-0.011,-0.012,-0.36,0.67,9.63,0.09,0.52,-0.16,-0.11,0.15,9.8,1.75875,-1.25,0.0,0.0,6.9,1.0,1017.14,67.56,-17.4
2025-03-24 18:06:27.222000+00:00,53.361932512645055,,,,21.562,-0.75,-0.75,23.0,-89.0,-8.25,-27.5,0.014,-0.011,-0.012,-0.36,0.67,9.63,0.09,0.52,-0.16,-0.11,0.15,9.8,1.75875,-1.25,0.0,0.0,6.9,1.0,1017.14,67.56,-17.4
2025-03-24 18:06:28.458000+00:00,53.13498700165511,,,,21.562,-0.75,-0.75,23.0,-89.0,-8.25,-27.5,0.014,-0.011,-0.012,-0.36,0.67,9.63,0.09,0.52,-0.16,-0.11,0.15,9.8,1.75875,-1.25,0.0,0.0,6.9,1.0,1017.14,67.56,-17.4
2025-03-24 18:06:29.847000+00:00,52.907675551165994,,,,21.562,-0.75,-0.75,23.0,-89.0,-8.25,-27.5,0.014,-0.011,-0.012,-0.36,0.67,9.63,0.09,0.52,-0.16,-0.11,0.15,9.8,1.75875,-1.25,0.0,0.0,6.9,1.0,1017.14,67.56,-17.4
2025-03-24 18:06:30.898000+00:00,52.90739645376501,,,,21.562,-0.75,-0.75,23.0,-89.0,-8.25,-27.5,0.014,-0.011,-0.012,-0.36,0.67,9.63,0.09,0.52,-0.16,-0.11,0.15,9.8,1.75875,-1.25,0.0,0.0,6.9,1.0,1017.14,67.56,-17.4
2025-03-24 18:05:31.848000+00:00,52.90739645376501,,,,21.562,-0.75,-0.75,23.0,-89.0,-8.25,-27.5,0.014,-0.011,-0.012,-0.36,0.67,9.63,0.09,0.52,-0.16,-0.11,0.15,9.8,1.75875,-1.25,0.0,0.0,6.9,1.0,1017.14,67.56,-17.4
2025-03-24 18:05:32.939000+00:00,52.90739645376501,,,,21.5,-0.625,-0.875,23.0,-89.0,-8.25,-27.5,0.014,-0.011,-0.012,-0.36,0.67,9.63,0.09,0.52,-0.16,-0.11,0.15,9.8,1.75875,-1.25,0.0,0.0,6.9,1.0,1017.14,67.56,-17.4
2025-03-24 18:05:34.059000+00:00,52.90739645376501,,,,21.75,-0.625,-0.75,23.0,-89.0,-8.25,-27.5,0.014,-0.011,-0.012,-0.36,0.67,9.63,0.09,0.52,-0.16,-0.11,0.15,9.8,1.75875,-1.25,0.0,0.0,6.9,1.0,1017.14,67.56,-17.4
2025-03-24 18:05:34.872000+00:00,52.90739645376501,,,,21.625,-0.625,-0.75,23.0,-89.0,-8.25,-27.5,0.014,-0.011,-0.012,-0.36,0.67,9.63,0.09,0.52,-0.16,-0.11,0.15,9.8,1.75875,-1.25,0.0,0.0,6.9,1.0,1017.14,67.56,-17.4
2025-03-24 18:05:35.883000+00:00,52.90739645376501,,,,21.812,-0.438,-0.75,23.0,-89.0,-8.25,-27.5,0.014,-0.011,-0.012,-0.36,0.67,9.63,0.09,0.52,-0.16,-0.11,0.15,9.8,1.75875,-1.25,0.0,0.0,6.9,1.0,1017.14,67.56,-17.4
2025-03-24 18:05:36.894000+00:00,52.90739645376501,,,,21.812,-0.562,-0.688,23.0,-89.0,-8.25,-27.5,0.014,-0.011,-0.012,-0.36,0.67,9.63,0.09,0.52,-0.16,-0.11,0.15,9.8,1.75875,-1.25,0.0,0.0,6.9,1.0,1017.14,67.56,-17.4
2025-03-24 18:05:37.905000+00:00,52.90739645376501,,,,21.812,-0.438,-0.562,23.0,-89.0,-8.25,-27.5,0.014,-0.011,-0.012,-0.36,0.67,9.63,0.09,0.52,-0.16,-0.11,0.15,9.8,1.75875,-1.25,0.0,0.0,6.9,1.0,1017.14,67.56,-17.4
2025-03-24 18:05:38.912000+00:00,52.90739645376501,,,,22.125,-0.438,-0.75,23.0,-89.0,-8.25,-27.5,0.014,-0.011,-0.012,-0.36,0.67,9.63,0.09,0.52,-0.16,-0.11,0.15,9.8,1.75875,-1.25,0.0,0.0,6.9,1.0,1017.14,67.56,-17.4
2025-03-24 18:05:39.920000+00:00,52.90739645376501,,,,21.938,-0.5,-0.688,23.0,-89.0,-8.25,-27.5,0.014,-0.011,-0.012,-0.36,0.67,9.63,0.09,0.52,-0.16,-0.11,0.15,9.8,1.75875,-1.25,0.0,0.0,6.9,1.0,1017.14,67.56,-17.4
2025-03-24 18:05:40.958000+00:00,52.90739645376501,,,,22.062,-0.375,-0.688,23.0,-89.0,-8.25,-27.5,0.014,-0.011,-0.012,-0.36,0.67,9.63,0.09,0.52,-0.16,-0.11,0.15,9.8,1.75875,-1.25,0.0,0.0,6.9,1.0,1017.14,67.56,-17.4
2025-03-24 18:05:42.102000+00:00,52.90739645376501,,,,22.125,-0.5,-0.562,23.0,-89.0,-8.25,-27.5,0.014,-0.011,-0.012,-0.36,0.67,9.63,0.09,0.52,-0.16,-0.11,0.15,9.8,1.75875,-1.25,0.0,0.0,6.9,1.0,1017.14,67.56,-17.4
2025-03-24 18:05:43.243000+00:00,52.90739645376501,,,,22.125,-0.562,-0.625,23.0,-89.0,-8.25,-27.5,0.014,-0.011,-0.012,-0.36,0.67,9.63,0.09,0.52,-0.16,-0.11,0.15,9.8,1.75875,-1.25,0.0,0.0,6.9,1.0,1017.14,67.56,-17.4
2025-03-24 18:05:43.989000+00:00,52.90739645376501,,,,22.25,-0.562,-0.875,23.0,-89.0,-8.25,-27.5,0.014,-0.011,-0.012,-0.36,0.67,9.63,0.09,0.52,-0.16,-0.11,0.15,9.8,1.75875,-1.25,0.0,0.0,6.9,1.0,1017.14,67.56,-17.4
2025-03-24 18:05:44.968000+00:00,52.90739645376501,,,,22.188,-0.75,-0.75,23.0,-89.0,-8.25,-27.5,0.014,-0.011,-0.012,-0.36,0.67,9.63,0.09,0.52,-0.16,-0.11,0.15,9.8,1.75875,-1.25,0.0,0.0,6.9,1.0,1017.14,67.56,-17.4
2025-03-24 18:05:45.977000+00:00,52.90739645376501,,,,22.125,-0.75,-0.812,23.0,-89.0,-8.25,-27.5,0.014,-0.011,-0.012,-0.36,0.67,9.63,0.09,0.52,-0.16,-0.11,0.15,9.8,1.75875,-1.25,0.0,0.0,6.9,1.0,1017.14,67.56,-17.4
2025-03-24 18:05:47.035000+00:00,52.90739645376501,,,,22.5,-0.812,-1.0,23.0,-89.0,-8.25,-27.5,0.014,-0.011,-0.012,-0.36,0.67,9.63,0.09,0.52,-0.16,-0.11,0.15,9.8,1.75875,-1.25,0.0,0.0,6.9,1.0,1017.14,67.56,-17.4
2025-03-24 18:05:47.999000+00:00,52.90739645376501,,,,22.25,-1.0,-0.938,23.0,-89.0,-8.25,-27.5,0.014,-0.011,-0.012,-0.36,0.67,9.63,0.09,0.52,-0.16,-0.11,0.15,9.8,1.75875,-1.25,0.0,0.0,6.9,1.0,1017.14,67.56,-17.4
2025-03-24 18:05:49.008000+00:00,52.90739645376501,,,,22.375,-0.938,-0.75,23.0,-89.0,-8.25,-27.5,0.014,-0.011,-0.012,-0.36,0.67,9.63,0.09,0.52,-0.16,-0.11,0.15,9.8,1.75875,-1.25,0.0,0.0,6.9,1.0,1017.14,67.56,-17.4
2025-03-24 18:05:50.015000+00:00,52.90739645376501,,,,22.562,-1.0,-0.812,23.0,-89.0,-8.25,-27.5,0.014,-0.011,-0.012,-0.36,0.67,9.63,0.09,0.52,-0.16,-0.11,0.15,9.8,1.75875,-1.25,0.0,0.0,6.9,1.0,1017.14,67.56,-17.4
2025-03-24 18:05:51.168000+00:00,52.90739645376501,,,,22.25,-1.062,-0.875,23.0,-89.0,-8.25,-27.5,0.014,-0.011,-0.012,-0.36,0.67,9.63,0.09,0.52,-0.16,-0.11,0.15,9.8,1.75875,-1.25,0.0,0.0,6.9,1.0,1017.14,67.56,-17.4
2025-03-24 18:05:52.297000+00:00,52.90739645376501,,,,22.375,-0.875,-0.75,23.0,-89.0,-8.25,-27.5,0.014,-0.011,-0.012,-0.36,0.67,9.63,0.09,0.52,-0.16,-0.11,0.15,9.8,1.75875,-1.25,0.0,0.0,6.9,1.0,1017.14,67.56,-17.4
2025-03-24 18:05:53.259000+00:00,52.90739645376501,,,,22.5,-1.0,-0.75,23.0,-89.0,-8.25,-27.5,0.014,-0.011,-0.012,-0.36,0.67,9.63,0.09,0.52,-0.16,-0.11,0.15,9.8,1.75875,-1.25,0.0,0.0,6.9,1.0,1017.14,67.56,-17.4
2025-03-24 18:05:54.056000+00:00,52.90739645376501,,,,22.375,-1.0,-0.812,23.0,-89.0,-8.25,-27.5,0.014,-0.011,-0.012,-0.36,0.67,9.63,0.09,0.52,-0.16,-0.11,0.15,9.8,1.75875,-1.25,0.0,0.0,6.9,1.0,1017.14,67.56,-17.4
2025-03-24 18:05:55.064000+00:00,52.90739645376501,,,,22.5,-1.0,-0.688,23.0,-89.0,-8.25,-27.5,0.014,-0.011,-0.012,-0.36,0.67,9.63,0.09,0.52,-0.16,-0.11,0.15,9.8,1.75875,-1.25,0.0,0.0,6.9,1.0,1017.14,67.56,-17.4
2025-03-24 18:05:56.075000+00:00,52.90739645376501,,,,22.75,-0.688,-0.75,23.0,-89.0,-8.25,-27.5,0.014,-0.011,-0.012,-0.36,0.67,9.63,0.09,0.52,-0.16,-0.11,0.15,9.8,1.75875,-1.25,0.0,0.0,6.9,1.0,1017.14,67.56,-17.4
2025-03-24 18:05:57.086000+00:00,52.90739645376501,,,,22.688,-0.75,-0.625,23.0,-89.0,-8.25,-27.5,0.014,-0.011,-0.012,-0.36,0.67,9.63,0.09,0.52,-0.16,-0.11,0.15,9.8,1.75875,-1.25,0.0,0.0,6.9,1.0,1017.14,67.56,-17.4
2025-03-24 18:05:58.097000+00:00,52.90739645376501,,,,22.562,-0.625,-0.688,23.0,-89.0,-8.25,-27.5,0.014,-0.011,-0.012,-0.36,0.67,9.63,0.09,0.52,-0.16,-0.11,0.15,9.8,1.75875,-1.25,0.0,0.0,6.9,1.0,1017.14,67.56,-17.4
2025-03-24 18:05:59.108000+00:00,52.90739645376501,,,,22.75,-0.625,-0.688,23.0,-89.0,-8.25,-27.5,0.014,-0.011,-0.012,-0.36,0.67,9.63,0.09,0.52,-0.16,-0.11,0.15,9.8,1.75875,-1.25,0.0,0.0,6.9,1.0,1017.14,67.56,-17.4
2025-03-24 18:06:00.128000+00:00,52.90739645376501,,,,22.75,-0.625,-0.75,23.0,-89.0,-8.25,-27.5,0.014,-0.011,-0.012,-0.36,0.67,9.63,0.09,0.52,-0.16,-0.11,0.15,9.8,1.75875,-1.25,0.0,0.0,6.9,1.0,1017.14,67.56,-17.4
2025-03-24 18:06:01.254000+00:00,52.90739645376501,,,,22.812,-0.688,-0.75,23.0,-89.0,-8.25,-27.5,0.014,-0.011,-0.012,-0.36,0.67,9.63,0.09,0.52,-0.16,-0.11,0.15,9.8,1.75875,-1.25,0.0,0.0,6.9,1.0,1017.14,67.56,-17.4
2025-03-24 18:06:02.382000+00:00,52.90739645376501,,,,22.875,-0.625,-0.875,23.0,-89.0,-8.25,-27.5,0.014,-0.011,-0.012,-0.36,0.67,9.63,0.09,0.52,-0.16,-0.11,0.15,9.8,1.75875,-1.25,0.0,0.0,6.9,1.0,1017.14,67.56,-17.4
2025-03-24 18:06:03.144000+00:00,52.90739645376501,,,,22.812,-0.875,-1.0,23.0,-89.0,-8.25,-27.5,0.014,-0.011,-0.012,-0.36,0.67,9.63,0.09,0.52,-0.16,-0.11,0.15,9.8,1.75875,-1.25,0.0,0.0,6.9,1.0,1017.14,67.56,-17.4
2025-03-24 18:06:04.156000+00:00,52.90739645376501,,,,22.812,-0.812,-1.062,23.0,-89.0,-8.25,-27.5,0.014,-0.011,-0.012,-0.36,0.67,9.63,0.09,0.52,-0.16,-0.11,0.15,9.8,1.75875,-1.25,0.0,0.0,6.9,1.0,1017.14,67.56,-17.4
2025-03-24 18:06:05.164000+00:00,52.90739645376501,,,,23.0,-0.75,-1.0,23.0,-89.0,-8.25,-27.5,0.014,-0.011,-0.012,-0.36,0.67,9.63,0.09,0.52,-0.16,-0.11,0.15,9.8,1.75875,-1.25,0.0,0.0,6.9,1.0,1017.14,67.56,-17.4
2025-03-24 18:06:06.174000+00:00,52.90739645376501,,,,22.875,-0.812,-1.0,23.0,-89.0,-8.25,-27.5,0.014,-0.011,-0.012,-0.36,0.67,9.63,0.09,0.52,-0.16,-0.11,0.15,9.8,1.75875,-1.25,0.0,0.0,6.9,1.0,1017.14,67.56,-17.4
2025-03-24 18:06:07.197000+00:00,52.90739645376501,,,,22.938,-0.625,-0.875,23.0,-89.0,-8.25,-27.5,0.014,-0.011,-0.012,-0.36,0.67,9.63,0.09,0.52,-0.16,-0.11,0.15,9.8,1.75875,-1.25,0.0,0.0,6.9,1.0,1017.14,67.56,-17.4
2025-03-24 18:06:08.195000+00:00,52.90739645376501,,,,23.125,-0.75,-1.0,23.0,-89.0,-8.25,-27.5,0.014,-0.011,-0.012,-0.36,0.67,9.63,0.09,0.52,-0.16,-0.11,0.15,9.8,1.75875,-1.25,0.0,0.0,6.9,1.0,1017.14,67.56,-17.4
2025-03-24 18:06:09.206000+00:00,52.90739645376501,,,,22.875,-0.875,-1.0,23.0,-89.0,-8.25,-27.5,0.014,-0.011,-0.012,-0.36,0.67,9.63,0.09,0.52,-0.16,-0.11,0.15,9.8,1.75875,-1.25,0.0,0.0,6.9,1.0,1017.14,67.56,-17.4
2025-03-24 18:06:10.213000+00:00,52.90739645376501,,,,22.875,-0.75,-0.938,23.0,-89.0,-8.25,-27.5,0.014,-0.011,-0.012,-0.36,0.67,9.63,0.09,0.52,-0.16,-0.11,0.15,9.8,1.75875,-1.25,0.0,0.0,6.9,1.0,1017.14,67.56,-17.4
2025-03-24 18:06:11.223000+00:00,52.90739645376501,,,,23.188,-0.688,-1.062,23.0,-89.0,-8.25,-27.5,0.014,-0.011,-0.012,-0.36,0.67,9.63,0.09,0.52,-0.16,-0.11,0.15,9.8,1.75875,-1.25,0.0,0.0,6.9,1.0,1017.14,67.56,-17.4
2025-03-24 18:06:12.236000+00:00,52.90739645376501,,,,23.062,-0.812,-1.0,23.0,-89.0,-8.25,-27.5,0.014,-0.011,-0.012,-0.36,0.67,9.63,0.09,0.52,-0.16,-0.11,0.15,9.8,1.75875,-1.25,0.0,0.0,6.9,1.0,1017.14,67.56,-17.4
2025-03-24 18:06:13.250000+00:00,52.90739645376501,,,,23.062,-0.812,-1.0,23.0,-89.0,-8.25,-27.5,0.014,-0.011,-0.012,-0.36,0.67,9.63,0.09,0.52,-0.16,-0.11,0.15,9.8,1.75875,-1.25,0.0,0.0,6.9,1.0,1017.14,67.56,-17.4
2025-03-24 18:06:14.414000+00:00,52.90739645376501,,,,23.25,-0.688,-1.062,23.0,-89.0,-8.25,-27.5,0.014,-0.011,-0.012,-0.36,0.67,9.63,0.09,0.52,-0.16,-0.11,0.15,9.8,1.75875,-1.25,0.0,0.0,6.9,1.0,1017.14,67.56,-17.4
2025-03-24 18:06:15.413000+00:00,52.90739645376501,,,,23.375,-0.812,-0.938,23.0,-89.0,-8.25,-27.5,0.014,-0.011,-0.012,-0.36,0.67,9.63,0.09,0.52,-0.16,-0.11,0.15,9.8,1.75875,-1.25,0.0,0.0,6.9,1.0,1017.14,67.56,-17.4
2025-03-24 18:06:16.537000+00:00,52.90739645376501,,,,23.188,-0.875,-1.062,23.0,-89.0,-8.25,-27.5,0.014,-0.011,-0.012,-0.36,0.67,9.63,0.09,0.52,-0.16,-0.11,0.15,9.8,1.75875,-1.25,0.0,0.0,6.9,1.0,1017.14,67.56,-17.4
2025-03-24 18:06:17.577000+00:00,52.90739645376501,,,,23.25,-0.812,-1.062,23.0,-89.0,-8.25,-27.5,0.014,-0.011,-0.012,-0.36,0.67,9.63,0.09,0.52,-0.16,-0.11,0.15,9.8,1.75875,-1.25,0.0,0.0,6.9,1.0,1017.14,67.56,-17.4
2025-03-24 18:06:18.519000+00:00,52.90739645376501,,,,23.5,-0.875,-1.188,23.0,-89.0,-8.25,-27.5,0.014,-0.011,-0.012,-0.36,0.67,9.63,0.09,0.52,-0.16,-0.11,0.15,9.8,1.75875,-1.25,0.0,0.0,6.9,1.0,1017.14,67.56,-17.4
2025-03-24 18:06:19.617000+00:00,52.90739645376501,,,,23.375,-0.938,-1.312,23.0,-89.0,-8.25,-27.5,0.014,-0.011,-0.012,-0.36,0.67,9.63,0.09,0.52,-0.16,-0.11,0.15,9.8,1.75875,-1.25,0.0,0.0,6.9,1.0,1017.14,67.56,-17.4
2025-03-24 18:06:20.808000+00:00,52.90739645376501,,,,23.375,-0.812,-1.312,23.0,-89.0,-8.25,-27.5,0.014,-0.011,-0.012,-0.36,0.67,9.63,0.09,0.52,-0.16,-0.11,0.15,9.8,1.75875,-1.25,0.0,0.0,6.9,1.0,1017.14,67.56,-17.4
2025-03-24 18:06:21.427000+00:00,52.90739645376501,,,,23.75,-0.75,-1.188,23.0,-89.0,-8.25,-27.5,0.014,-0.011,-0.012,-0.36,0.67,9.63,0.09,0.52,-0.16,-0.11,0.15,9.8,1.75875,-1.25,0.0,0.0,6.9,1.0,1017.14,67.56,-17.4
2025-03-24 18:06:22.437000+00:00,52.90739645376501,,,,23.562,-0.75,-1.25,23.0,-89.0,-8.25,-27.5,0.014,-0.011,-0.012,-0.36,0.67,9.63,0.09,0.52,-0.16,-0.11,0.15,9.8,1.75875,-1.25,0.0,0.0,6.9,1.0,1017.14,67.56,-17.4
2025-03-24 18:06:23.437000+00:00,52.90739645376501,,,,23.562,-0.688,-1.25,23.0,-89.0,-8.25,-27.5,0.014,-0.011,-0.012,-0.36,0.67,9.63,0.09,0.52,-0.16,-0.11,0.15,9.8,1.75875,-1.25,0.0,0.0,6.9,1.0,1017.14,67.56,-17.4
2025-03-24 18:06:24.437000+00:00,52.90739645376501,,,,23.812,-0.688,-1.125,23.0,-89.0,-8.25,-27.5,0.014,-0.011,-0.012,-0.36,0.67,9.63,0.09,0.52,-0.16,-0.11,0.15,9.8,1.75875,-1.25,0.0,0.0,6.9,1.0,1017.14,67.56,-17.4
2025-03-24 18:06:25.446000+00:00,52.90739645376501,,,,23.562,-0.688,-1.125,23.0,-89.0,-8.25,-27.5,0.014,-0.011,-0.012,-0.36,0.67,9.63,0.09,0.52,-0.16,-0.11,0.15,9.8,1.75875,-1.25,0.0,0.0,6.9,1.0,1017.14,67.56,-17.4
2025-03-24 18:06:26.456000+00:00,52.90739645376501,,,,24.0,-0.75,-1.188,23.0,-89.0,-8.25,-27.5,0.014,-0.011,-0.012,-0.36,0.67,9.63,0.09,0.52,-0.16,-0.11,0.15,9.8,1.75875,-1.25,0.0,0.0,6.9,1.0,1017.14,67.56,-17.4
2025-03-24 18:06:27.467000+00:00,52.90739645376501,,,,23.812,-0.75,-1.125,23.0,-89.0,-8.25,-27.5,0.014,-0.011,-0.012,-0.36,0.67,9.63,0.09,0.52,-0.16,-0.11,0.15,9.8,1.75875,-1.25,0.0,0.0,6.9,1.0,1017.14,67.56,-17.4
2025-03-24 18:06:28.517000+00:00,52.90739645376501,,,,23.875,-0.625,-1.188,23.0,-89.0,-8.25,-27.5,0.014,-0.011,-0.012,-0.36,0.67,9.63,0.09,0.52,-0.16,-0.11,0.15,9.8,1.75875,-1.25,0.0,0.0,6.9,1.0,1017.14,67.56,-17.4
2025-03-24 18:06:29.487000+00:00,52.90739645376501,,,,23.875,-0.812,-1.062,23.0,-89.0,-8.25,-27.5,0.014,-0.011,-0.012,-0.36,0.67,9.63,0.09,0.52,-0.16,-0.11,0.15,9.8,1.75875,-1.25,0.0,0.0,6.9,1.0,1017.14,67.56,-17.4
2025-03-24 18:06:30.536000+00:00,52.90739645376501,,,,23.812,-0.812,-1.062,23.0,-89.0,-8.25,-27.5,0.014,-0.011,-0.012,-0.36,0.67,9.63,0.09,0.52,-0.16,-0.11,0.15,9.8,1.75875,-1.25,0.0,0.0,6.9,1.0,1017.14,67.56,-17.4
2025-03-24 18:05:31.904000+00:00,52.90739645376501,,,,23.812,-0.812,-1.062,23.0,-89.0,-8.25,-27.5,0.014,-0.011,-0.012,-0.36,0.67,9.63,0.09,0.52,-0.16,-0.11,0.15,9.8,1.75875,-1.25,0.0,0.0,6.9,1.0,1017.14,67.56,-17.4
2025-03-24 18:05:32.738000+00:00,52.90739645376501,,,,23.812,-0.812,-1.062,22.82,-89.0,-8.25,-27.5,0.014,-0.011,-0.012,-0.36,0.67,9.63,0.09,0.52,-0.16,-0.11,0.15,9.8,1.75875,-1.25,0.0,0.0,6.9,1.0,1017.14,67.56,-17.4
2025-03-24 18:05:32.996000+00:00,52.90739645376501,,,,23.812,-0.812,-1.062,23.0,-89.0,-8.25,-27.5,0.014,-0.011,-0.012,-0.36,0.67,9.63,0.09,0.52,-0.16,-0.11,0.15,9.8,1.75875,-1.25,0.0,0.0,6.9,1.0,1017.14,67.56,-17.4
2025-03-24 18:05:33.858000+00:00,52.90739645376501,,,,23.812,-0.812,-1.062,22.82,-89.0,-8.25,-27.5,0.014,-0.011,-0.012,-0.36,0.67,9.63,0.09,0.52,-0.16,-0.11,0.15,9.8,1.75875,-1.25,0.0,0.0,6.9,1.0,1017.14,67.56,-17.4
2025-03-24 18:05:34.109000+00:00,52.90739645376501,,,,23.812,-0.812,-1.062,23.0,-89.0,-8.25,-27.5,0.014,-0.011,-0.012,-0.36,0.67,9.63,0.09,0.52,-0.16,-0.11,0.15,9.8,1.75875,-1.25,0.0,0.0,6.9,1.0,1017.14,67.56,-17.4
2025-03-24 18:05:34.919000+00:00,52.90739645376501,,,,23.812,-0.812,-1.062,23.0,-89.0,-8.25,-27.5,0.014,-0.011,-0.012,-0.36,0.67,9.63,0.09,0.52,-0.16,-0.11,0.15,9.8,1.75875,-1.25,0.0,0.0,6.9,1.0,1017.14,67.56,-17.4
2025-03-24 18:05:35.336000+00:00,52.90739645376501,,,,23.812,-0.812,-1.062,22.82,-89.0,-8.25,-27.5,0.014,-0.011,-0.012,-0.36,0.67,9.63,0.09,0.52,-0.16,-0.11,0.15,9.8,1.75875,-1.25,0.0,0.0,6.9,1.0,1017.14,67.56,-17.4
2025-03-24 18:05:35.929000+00:00,52.90739645376501,,,,23.812,-0.812,-1.062,23.0,-89.0,-8.25,-27.5,0.014,-0.011,-0.012,-0.36,0.67,9.63,0.09,0.52,-0.16,-0.11,0.15,9.8,1.75875,-1.25,0.0,0.0,6.9,1.0,1017.14,67.56,-17.4
2025-03-24 18:05:36.373000+00:00,52.90739645376501,,,,23.812,-0.812,-1.062,22.82,-89.0,-8.25,-27.5,0.014,-0.011,-0.012,-0.36,0.67,9.63,0.09,0.52,-0.16,-0.11,0.15,9.8,1.75875,-1.25,0.0,0.0,6.9,1.0,1017.14,67.56,-17.4
2025-03-24 18:05:36.950000+00:00,52.90739645376501,,,,23.812,-0.812,-1.062,23.0,-89.0,-8.25,-27.5,0.014,-0.011,-0.012,-0.36,0.67,9.63,0.09,0.52,-0.16,-0.11,0.15,9.8,1.75875,-1.25,0.0,0.0,6.9,1.0,1017.14,67.56,-17.4
2025-03-24 18:05:37.358000+00:00,52.90739645376501,,,,23.812,-0.812,-1.062,22.82,-89.0,-8.25,-27.5,0.014,-0.011,-0.012,-0.36,0.67,9.63,0.09,0.52,-0.16,-0.11,0.15,9.8,1.75875,-1.25,0.0,0.0,6.9,1.0,1017.14,67.56,-17.4
2025-03-24 18:05:37.959000+00:00,52.90739645376501,,,,23.812,-0.812,-1.062,23.0,-89.0,-8.25,-27.5,0.014,-0.011,-0.012,-0.36,0.67,9.63,0.09,0.52,-0.16,-0.11,0.15,9.8,1.75875,-1.25,0.0,0.0,6.9,1.0,1017.14,67.56,-17.4
2025-03-24 18:05:38.383000+00:00,52.90739645376501,,,,23.812,-0.812,-1.062,22.82,-89.0,-8.25,-27.5,0.014,-0.011,-0.012,-0.36,0.67,9.63,0.09,0.52,-0.16,-0.11,0.15,9.8,1.75875,-1.25,0.0,0.0,6.9,1.0,1017.14,67.56,-17.4
2025-03-24 18:05:38.962000+00:00,52.90739645376501,,,,23.812,-0.812,-1.062,23.0,-89.0,-8.25,-27.5,0.014,-0.011,-0.012,-0.36,0.67,9.63,0.09,0.52,-0.16,-0.11,0.15,9.8,1.75875,-1.25,0.0,0.0,6.9,1.0,1017.14,67.56,-17.4
2025-03-24 18:05:39.605000+00:00,52.90739645376501,,,,23.812,-0.812,-1.062,22.82,-89.0,-8.25,-27.5,0.014,-0.011,-0.012,-0.36,0.67,9.63,0.09,0.52,-0.16,-0.11,0.15,9.8,1.75875,-1.25,0.0,0.0,6.9,1.0,1017.14,67.56,-17.4
2025-03-24 18:05:39.975000+00:00,52.90739645376501,,,,23.812,-0.812,-1.062,23.0,-89.0,-8.25,-27.5,0.014,-0.011,-0.012,-0.36,0.67,9.63,0.09,0.52,-0.16,-0.11,0.15,9.8,1.75875,-1.25,0.0,0.0,6.9,1.0,1017.14,67.56,-17.4
2025-03-24 18:05:40.738000+00:00,52.90739645376501,,,,23.812,-0.812,-1.062,22.85,-89.0,-8.25,-27.5,0.014,-0.011,-0.012,-0.36,0.67,9.63,0.09,0.52,-0.16,-0.11,0.15,9.8,1.75875,-1.25,0.0,0.0,6.9,1.0,1017.14,67.56,-17.4
2025-03-24 18:05:41.018000+00:00,52.90739645376501,,,,23.812,-0.812,-1.062,23.0,-89.0,-8.25,-27.5,0.014,-0.011,-0.012,-0.36,0.67,9.63,0.09,0.52,-0.16,-0.11,0.15,9.8,1.75875,-1.25,0.0,0.0,6.9,1.0,1017.14,67.56,-17.4
2025-03-24 18:05:41.888000+00:00,52.90739645376501,,,,23.812,-0.812,-1.062,22.85,-89.0,-8.25,-27.5,0.014,-0.011,-0.012,-0.36,0.67,9.63,0.09,0.52,-0.16,-0.11,0.15,9.8,1.75875,-1.25,0.0,0.0,6.9,1.0,1017.14,67.56,-17.4
2025-03-24 18:05:42.149000+00:00,52.90739645376501,,,,23.812,-0.812,-1.062,23.0,-89.0,-8.25,-27.5,0.014,-0.011,-0.012,-0.36,0.67,9.63,0.09,0.52,-0.16,-0.11,0.15,9.8,1.75875,-1.25,0.0,0.0,6.9,1.0,1017.14,67.56,-17.4
2025-03-24 18:05:43.039000+00:00,52.90739645376501,,,,23.812,-0.812,-1.062,22.85,-89.0,-8.25,-27.5,0.014,-0.011,-0.012,-0.36,0.67,9.63,0.09,0.52,-0.16,-0.11,0.15,9.8,1.75875,-1.25,0.0,0.0,6.9,1.0,1017.14,67.56,-17.4
2025-03-24 18:05:43.292000+00:00,52.90739645376501,,,,23.812,-0.812,-1.062,23.0,-89.0,-8.25,-27.5,0.014,-0.011,-0.012,-0.36,0.67,9.63,0.09,0.52,-0.16,-0.11,0.15,9.8,1.75875,-1.25,0.0,0.0,6.9,1.0,1017.14,67.56,-17.4
2025-03-24 18:05:44.039000+00:00,52.90739645376501,,,,23.812,-0.812,-1.062,23.0,-89.0,-8.25,-27.5,0.014,-0.011,-0.012,-0.36,0.67,9.63,0.09,0.52,-0.16,-0.11,0.15,9.8,1.75875,-1.25,0.0,0.0,6.9,1.0,1017.14,67.56,-17.4
2025-03-24 18:05:44.444000+00:00,52.90739645376501,,,,23.812,-0.812,-1.062,22.85,-89.0,-8.25,-27.5,0.014,-0.011,-0.012,-0.36,0.67,9.63,0.09,0.52,-0.16,-0.11,0.15,9.8,1.75875,-1.25,0.0,0.0,6.9,1.0,1017.14,67.56,-17.4
2025-03-24 18:05:45.028000+00:00,52.90739645376501,,,,23.812,-0.812,-1.062,23.0,-89.0,-8.25,-27.5,0.014,-0.011,-0.012,-0.36,0.67,9.63,0.09,0.52,-0.16,-0.11,0.15,9.8,1.75875,-1.25,0.0,0.0,6.9,1.0,1017.14,67.56,-17.4
2025-03-24 18:05:45.654000+00:00,52.90739645376501,,,,23.812,-0.812,-1.062,22.85,-89.0,-8.25,-27.5,0.014,-0.011,-0.012,-0.36,0.67,9.63,0.09,0.52,-0.16,-0.11,0.15,9.8,1.75875,-1.25,0.0,0.0,6.9,1.0,1017.14,67.56,-17.4
2025-03-24 18:05:46.037000+00:00,52.90739645376501,,,,23.812,-0.812,-1.062,23.0,-89.0,-8.25,-27.5,0.014,-0.011,-0.012,-0.36,0.67,9.63,0.09,0.52,-0.16,-0.11,0.15,9.8,1.75875,-1.25,0.0,0.0,6.9,1.0,1017.14,67.56,-17.4
2025-03-24 18:05:46.674000+00:00,52.90739645376501,,,,23.812,-0.812,-1.062,22.85,-89.0,-8.25,-27.5,0.014,-0.011,-0.012,-0.36,0.67,9.63,0.09,0.52,-0.16,-0.11,0.15,9.8,1.75875,-1.25,0.0,0.0,6.9,1.0,1017.14,67.56,-17.4
2025-03-24 18:05:47.079000+00:00,52.90739645376501,,,,23.812,-0.812,-1.062,23.0,-89.0,-8.25,-27.5,0.014,-0.011,-0.012,-0.36,0.67,9.63,0.09,0.52,-0.16,-0.11,0.15,9.8,1.75875,-1.25,0.0,0.0,6.9,1.0,1017.14,67.56,-17.4
2025-03-24 18:05:47.768000+00:00,52.90739645376501,,,,23.812,-0.812,-1.062,22.85,-89.0,-8.25,-27.5,0.014,-0.011,-0.012,-0.36,0.67,9.63,0.09,0.52,-0.16,-0.11,0.15,9.8,1.75875,-1.25,0.0,0.0,6.9,1.0,1017.14,67.56,-17.4
2025-03-24 18:05:48.054000+00:00,52.90739645376501,,,,23.812,-0.812,-1.062,23.0,-89.0,-8.25,-27.5,0.014,-0.011,-0.012,-0.36,0.67,9.63,0.09,0.52,-0.16,-0.11,0.15,9.8,1.75875,-1.25,0.0,0.0,6.9,1.0,1017.14,67.56,-17.4
2025-03-24 18:05:48.700000+00:00,52.90739645376501,,,,23.812,-0.812,-1.062,22.85,-89.0,-8.25,-27.5,0.014,-0.011,-0.012,-0.36,0.67,9.63,0.09,0.52,-0.16,-0.11,0.15,9.8,1.75875,-1.25,0.0,0.0,6.9,1.0,1017.14,67.56,-17.4
2025-03-24 18:05:49.061000+00:00,52.90739645376501,,,,23.812,-0.812,-1.062,23.0,-89.0,-8.25,-27.5,0.014,-0.011,-0.012,-0.36,0.67,9.63,0.09,0.52,-0.16,-0.11,0.15,9.8,1.75875,-1.25,0.0,0.0,6.9,1.0,1017.14,67.56,-17.4
2025-03-24 18:05:49.804000+00:00,52.90739645376501,,,,23.812,-0.812,-1.062,22.85,-89.0,-8.25,-27.5,0.014,-0.011,-0.012,-0.36,0.67,9.63,0.09,0.52,-0.16,-0.11,0.15,9.8,1.75875,-1.25,0.0,0.0,6.9,1.0,1017.14,67.56,-17.4
2025-03-24 18:05:50.069000+00:00,52.90739645376501,,,,23.812,-0.812,-1.062,23.0,-89.0,-8.25,-27.5,0.014,-0.011,-0.012,-0.36,0.67,9.63,0.09,0.52,-0.16,-0.11,0.15,9.8,1.75875,-1.25,0.0,0.0,6.9,1.0,1017.14,67.56,-17.4
2025-03-24 18:05:50.918000+00:00,52.90739645376501,,,,23.812,-0.812,-1.062,22.85,-89.0,-8.25,-27.5,0.014,-0.011,-0.012,-0.36,0.67,9.63,0.09,0.52,-0.16,-0.11,0.15,9.8,1.75875,-1.25,0.0,0.0,6.9,1.0,1017.14,67.56,-17.4
2025-03-24 18:05:51.218000+00:00,52.90739645376501,,,,23.812,-0.812,-1.062,23.0,-89.0,-8.25,-27.5,0.014,-0.011,-0.012,-0.36,0.67,9.63,0.09,0.52,-0.16,-0.11,0.15,9.8,1.75875,-1.25,0.0,0.0,6.9,1.0,1017.14,67.56,-17.4
2025-03-24 18:05:51.997000+00:00,52.90739645376501,,,,23.812,-0.812,-1.062,22.85,-89.0,-8.25,-27.5,0.014,-0.011,-0.012,-0.36,0.67,9.63,0.09,0.52,-0.16,-0.11,0.15,9.8,1.75875,-1.25,0.0,0.0,6.9,1.0,1017.14,67.56,-17.4
2025-03-24 18:05:52.348000+00:00,52.90739645376501,,,,23.812,-0.812,-1.062,23.0,-89.0,-8.25,-27.5,0.014,-0.011,-0.012,-0.36,0.67,9.63,0.09,0.52,-0.16,-0.11,0.15,9.8,1.75875,-1.25,0.0,0.0,6.9,1.0,1017.14,67.56,-17.4
2025-03-24 18:05:53.038000+00:00,52.90739645376501,,,,23.812,-0.812,-1.062,22.85,-89.0,-8.25,-27.5,0.014,-0.011,-0.012,-0.36,0.67,9.63,0.09,0.52,-0.16,-0.11,0.15,9.8,1.75875,-1.25,0.0,0.0,6.9,1.0,1017.14,67.56,-17.4
2025-03-24 18:05:53.358000+00:00,52.90739645376501,,,,23.812,-0.812,-1.062,23.0,-89.0,-8.25,-27.5,0.014,-0.011,-0.012,-0.36,0.67,9.63,0.09,0.52,-0.16,-0.11,0.15,9.8,1.75875,-1.25,0.0,0.0,6.9,1.0,1017.14,67.56,-17.4
2025-03-24 18:05:54.109000+00:00,52.90739645376501,,,,23.812,-0.812,-1.062,23.0,-89.0,-8.25,-27.5,0.014,-0.011,-0.012,-0.36,0.67,9.63,0.09,0.52,-0.16,-0.11,0.15,9.8,1.75875,-1.25,0.0,0.0,6.9,1.0,1017.14,67.56,-17.4
2025-03-24 18:05:54.544000+00:00,52.90739645376501,,,,23.812,-0.812,-1.062,22.85,-89.0,-8.25,-27.5,0.014,-0.011,-0.012,-0.36,0.67,9.63,0.09,0.52,-0.16,-0.11,0.15,9.8,1.75875,-1.25,0.0,0.0,6.9,1.0,1017.14,67.56,-17.4
2025-03-24 18:05:55.117000+00:00,52.90739645376501,,,,23.812,-0.812,-1.062,23.0,-89.0,-8.25,-27.5,0.014,-0.011,-0.012,-0.36,0.67,9.63,0.09,0.52,-0.16,-0.11,0.15,9.8,1.75875,-1.25,0.0,0.0,6.9,1.0,1017.14,67.56,-17.4
2025-03-24 18:05:55.714000+00:00,52.90739645376501,,,,23.812,-0.812,-1.062,22.85,-89.0,-8.25,-27.5,0.014,-0.011,-0.012,-0.36,0.67,9.63,0.09,0.52,-0.16,-0.11,0.15,9.8,1.75875,-1.25,0.0,0.0,6.9,1.0,1017.14,67.56,-17.4
2025-03-24 18:05:56.133000+00:00,52.90739645376501,,,,23.812,-0.812,-1.062,23.0,-89.0,-8.25,-27.5,0.014,-0.011,-0.012,-0.36,0.67,9.63,0.09,0.52,-0.16,-0.11,0.15,9.8,1.75875,-1.25,0.0,0.0,6.9,1.0,1017.14,67.56,-17.4
2025-03-24 18:05:56.724000+00:00,52.90739645376501,,,,23.812,-0.812,-1.062,22.85,-89.0,-8.25,-27.5,0.014,-0.011,-0.012,-0.36,0.67,9.63,0.09,0.52,-0.16,-0.11,0.15,9.8,1.75875,-1.25,0.0,0.0,6.9,1.0,1017.14,67.56,-17.4
2025-03-24 18:05:57.137000+00:00,52.90739645376501,,,,23.812,-0.812,-1.062,23.0,-89.0,-8.25,-27.5,0.014,-0.011,-0.012,-0.36,0.67,9.63,0.09,0.52,-0.16,-0.11,0.15,9.8,1.75875,-1.25,0.0,0.0,6.9,1.0,1017.14,67.56,-17.4
2025-03-24 18:05:57.724000+00:00,52.90739645376501,,,,23.812,-0.812,-1.062,22.85,-89.0,-8.25,-27.5,0.014,-0.011,-0.012,-0.36,0.67,9.63,0.09,0.52,-0.16,-0.11,0.15,9.8,1.75875,-1.25,0.0,0.0,6.9,1.0,1017.14,67.56,-17.4
2025-03-24 18:05:58.155000+00:00,52.90739645376501,,,,23.812,-0.812,-1.062,23.0,-89.0,-8.25,-27.5,0.014,-0.011,-0.012,-0.36,0.67,9.63,0.09,0.52,-0.16,-0.11,0.15,9.8,1.75875,-1.25,0.0,0.0,6.9,1.0,1017.14,67.56,-17.4
2025-03-24 18:05:58.744000+00:00,52.90739645376501,,,,23.812,-0.812,-1.062,22.85,-89.0,-8.25,-27.5,0.014,-0.011,-0.012,-0.36,0.67,9.63,0.09,0.52,-0.16,-0.11,0.15,9.8,1.75875,-1.25,0.0,0.0,6.9,1.0,1017.14,67.56,-17.4
2025-03-24 18:05:59.162000+00:00,52.90739645376501,,,,23.812,-0.812,-1.062,23.0,-89.0,-8.25,-27.5,0.014,-0.011,-0.012,-0.36,0.67,9.63,0.09,0.52,-0.16,-0.11,0.15,9.8,1.75875,-1.25,0.0,0.0,6.9,1.0,1017.14,67.56,-17.4
2025-03-24 18:05:59.842000+00:00,52.90739645376501,,,,23.812,-0.812,-1.062,22.85,-89.0,-8.25,-27.5,0.014,-0.011,-0.012,-0.36,0.67,9.63,0.09,0.52,-0.16,-0.11,0.15,9.8,1.75875,-1.25,0.0,0.0,6.9,1.0,1017.14,67.56,-17.4
2025-03-24 18:06:00.178000+00:00,52.90739645376501,,,,23.812,-0.812,-1.062,23.0,-89.0,-8.25,-27.5,0.014,-0.011,-0.012,-0.36,0.67,9.63,0.09,0.52,-0.16,-0.11,0.15,9.8,1.75875,-1.25,0.0,0.0,6.9,1.0,1017.14,67.56,-17.4
2025-03-24 18:06:00.988000+00:00,52.90739645376501,,,,23.812,-0.812,-1.062,22.85,-89.0,-8.25,-27.5,0.014,-0.011,-0.012,-0.36,0.67,9.63,0.09,0.52,-0.16,-0.11,0.15,9.8,1.75875,-1.25,0.0,0.0,6.9,1.0,1017.14,67.56,-17.4
2025-03-24 18:06:01.315000+00:00,52.90739645376501,,,,23.812,-0.812,-1.062,23.0,-89.0,-8.25,-27.5,0.014,-0.011,-0.012,-0.36,0.67,9.63,0.09,0.52,-0.16,-0.11,0.15,9.8,1.75875,-1.25,0.0,0.0,6.9,1.0,1017.14,67.56,-17.4
2025-03-24 18:06:02.164000+00:00,52.90739645376501,,,,23.812,-0.812,-1.062,22.85,-89.0,-8.25,-27.5,0.014,-0.011,-0.012,-0.36,0.67,9.63,0.09,0.52,-0.16,-0.11,0.15,9.8,1.75875,-1.25,0.0,0.0,6.9,1.0,1017.14,67.56,-17.4
2025-03-24 18:06:02.438000+00:00,52.90739645376501,,,,23.812,-0.812,-1.062,23.0,-89.0,-8.25,-27.5,0.014,-0.011,-0.012,-0.36,0.67,9.63,0.09,0.52,-0.16,-0.11,0.15,9.8,1.75875,-1.25,0.0,0.0,6.9,1.0,1017.14,67.56,-17.4
2025-03-24 18:06:03.208000+00:00,52.90739645376501,,,,23.812,-0.812,-1.062,23.0,-89.0,-8.25,-27.5,0.014,-0.011,-0.012,-0.36,0.67,9.63,0.09,0.52,-0.16,-0.11,0.15,9.8,1.75875,-1.25,0.0,0.0,6.9,1.0,1017.14,67.56,-17.4
2025-03-24 18:06:03.614000+00:00,52.90739645376501,,,,23.812,-0.812,-1.062,22.85,-89.0,-8.25,-27.5,0.014,-0.011,-0.012,-0.36,0.67,9.63,0.09,0.52,-0.16,-0.11,0.15,9.8,1.75875,-1.25,0.0,0.0,6.9,1.0,1017.14,67.56,-17.4
2025-03-24 18:06:04.208000+00:00,52.90739645376501,,,,23.812,-0.812,-1.062,23.0,-89.0,-8.25,-27.5,0.014,-0.011,-0.012,-0.36,0.67,9.63,0.09,0.52,-0.16,-0.11,0.15,9.8,1.75875,-1.25,0.0,0.0,6.9,1.0,1017.14,67.56,-17.4
2025-03-24 18:06:04.788000+00:00,52.90739645376501,,,,23.812,-0.812,-1.062,22.85,-89.0,-8.25,-27.5,0.014,-0.011,-0.012,-0.36,0.67,9.63,0.09,0.52,-0.16,-0.11,0.15,9.8,1.75875,-1.25,0.0,0.0,6.9,1.0,1017.14,67.56,-17.4
2025-03-24 18:06:05.218000+00:00,52.90739645376501,,,,23.812,-0.812,-1.062,23.0,-89.0,-8.25,-27.5,0.014,-0.011,-0.012,-0.36,0.67,9.63,0.09,0.52,-0.16,-0.11,0.15,9.8,1.75875,-1.25,0.0,0.0,6.9,1.0,1017.14,67.56,-17.4
2025-03-24 18:06:05.788000+00:00,52.90739645376501,,,,23.812,-0.812,-1.062,22.85,-89.0,-8.25,-27.5,0.014,-0.011,-0.012,-0.36,0.67,9.63,0.09,0.52,-0.16,-0.11,0.15,9.8,1.75875,-1.25,0.0,0.0,6.9,1.0,1017.14,67.56,-17.4
2025-03-24 18:06:06.230000+00:00,52.90739645376501,,,,23.812,-0.812,-1.062,23.0,-89.0,-8.25,-27.5,0.014,-0.011,-0.012,-0.36,0.67,9.63,0.09,0.52,-0.16,-0.11,0.15,9.8,1.75875,-1.25,0.0,0.0,6.9,1.0,1017.14,67.56,-17.4
2025-03-24 18:06:06.828000+00:00,52.90739645376501,,,,23.812,-0.812,-1.062,22.85,-89.0,-8.25,-27.5,0.014,-0.011,-0.012,-0.36,0.67,9.63,0.09,0.52,-0.16,-0.11,0.15,9.8,1.75875,-1.25,0.0,0.0,6.9,1.0,1017.14,67.56,-17.4
2025-03-24 18:06:07.247000+00:00,52.90739645376501,,,,23.812,-0.812,-1.062,23.0,-89.0,-8.25,-27.5,0.014,-0.011,-0.012,-0.36,0.67,9.63,0.09,0.52,-0.16,-0.11,0.15,9.8,1.75875,-1.25,0.0,0.0,6.9,1.0,1017.14,67.56,-17.4
2025-03-24 18:06:07.848000+00:00,52.90739645376501,,,,23.812,-0.812,-1.062,22.85,-89.0,-8.25,-27.5,0.014,-0.011,-0.012,-0.36,0.67,9.63,0.09,0.52,-0.16,-0.11,0.15,9.8,1.75875,-1.25,0.0,0.0,6.9,1.0,1017.14,67.56,-17.4
2025-03-24 18:06:08.247000+00:00,52.90739645376501,,,,23.812,-0.812,-1.062,23.0,-89.0,-8.25,-27.5,0.014,-0.011,-0.012,-0.36,0.67,9.63,0.09,0.52,-0.16,-0.11,0.15,9.8,1.75875,-1.25,0.0,0.0,6.9,1.0,1017.14,67.56,-17.4
2025-03-24 18:06:09.271000+00:00,52.90739645376501,,,,23.812,-0.812,-1.062,23.0,-89.0,-8.25,-27.5,0.014,-0.011,-0.012,-0.36,0.67,9.63,0.09,0.52,-0.16,-0.11,0.15,9.8,1.75875,-1.25,0.0,0.0,6.9,1.0,1017.14,67.56,-17.4
2025-03-24 18:06:09.827000+00:00,52.90739645376501,,,,23.812,-0.812,-1.062,22.85,-89.0,-8.25,-27.5,0.014,-0.011,-0.012,-0.36,0.67,9.63,0.09,0.52,-0.16,-0.11,0.15,9.8,1.75875,-1.25,0.0,0.0,6.9,1.0,1017.14,67.56,-17.4
2025-03-24 18:06:10.260000+00:00,52.90739645376501,,,,23.812,-0.812,-1.062,23.0,-89.0,-8.25,-27.5,0.014,-0.011,-0.012,-0.36,0.67,9.63,0.09,0.52,-0.16,-0.11,0.15,9.8,1.75875,-1.25,0.0,0.0,6.9,1.0,1017.14,67.56,-17.4
2025-03-24 18:06:10.847000+00:00,52.90739645376501,,,,23.812,-0.812,-1.062,22.85,-89.0,-8.25,-27.5,0.014,-0.011,-0.012,-0.36,0.67,9.63,0.09,0.52,-0.16,-0.11,0.15,9.8,1.75875,-1.25,0.0,0.0,6.9,1.0,1017.14,67.56,-17.4
2025-03-24 18:06:11.278000+00:00,52.90739645376501,,,,23.812,-0.812,-1.062,23.0,-89.0,-8.25,-27.5,0.014,-0.011,-0.012,-0.36,0.67,9.63,0.09,0.52,-0.16,-0.11,0.15,9.8,1.75875,-1.25,0.0,0.0,6.9,1.0,1017.14,67.56,-17.4
2025-03-24 18:06:11.917000+00:00,52.90739645376501,,,,23.812,-0.812,-1.062,22.85,-89.0,-8.25,-27.5,0.014,-0.011,-0.012,-0.36,0.67,9.63,0.09,0.52,-0.16,-0.11,0.15,9.8,1.75875,-1.25,0.0,0.0,6.9,1.0,1017.14,67.56,-17.4
2025-03-24 18:06:12.287000+00:00,52.90739645376501,,,,23.812,-0.812,-1.062,23.0,-89.0,-8.25,-27.5,0.014,-0.011,-0.012,-0.36,0.67,9.63,0.09,0.52,-0.16,-0.11,0.15,9.8,1.75875,-1.25,0.0,0.0,6.9,1.0,1017.14,67.56,-17.4
2025-03-24 18:06:12.917000+00:00,52.90739645376501,,,,23.812,-0.812,-1.062,22.85,-89.0,-8.25,-27.5,0.014,-0.011,-0.012,-0.36,0.67,9.63,0.09,0.52,-0.16,-0.11,0.15,9.8,1.75875,-1.25,0.0,0.0,6.9,1.0,1017.14,67.56,-17.4
2025-03-24 18:06:13.297000+00:00,52.90739645376501,,,,23.812,-0.812,-1.062,23.0,-89.0,-8.25,-27.5,0.014,-0.011,-0.012,-0.36,0.67,9.63,0.09,0.52,-0.16,-0.11,0.15,9.8,1.75875,-1.25,0.0,0.0,6.9,1.0,1017.14,67.56,-17.4
2025-03-24 18:06:13.907000+00:00,52.90739645376501,,,,23.812,-0.812,-1.062,22.85,-89.0,-8.25,-27.5,0.014,-0.011,-0.012,-0.36,0.67,9.63,0.09,0.52,-0.16,-0.11,0.15,9.8,1.75875,-1.25,0.0,0.0,6.9,1.0,1017.14,67.56,-17.4
2025-03-24 18:06:14.467000+00:00,52.90739645376501,,,,23.812,-0.812,-1.062,23.0,-89.0,-8.25,-27.5,0.014,-0.011,-0.012,-0.36,0.67,9.63,0.09,0.52,-0.16,-0.11,0.15,9.8,1.75875,-1.25,0.0,0.0,6.9,1.0,1017.14,67.56,-17.4
2025-03-24 18:06:15.027000+00:00,52.90739645376501,,,,23.812,-0.812,-1.062,22.85,-89.0,-8.25,-27.5,0.014,-0.011,-0.012,-0.36,0.67,9.63,0.09,0.52,-0.16,-0.11,0.15,9.8,1.75875,-1.25,0.0,0.0,6.9,1.0,1017.14,67.56,-17.4
2025-03-24 18:06:15.476000+00:00,52.90739645376501,,,,23.812,-0.812,-1.062,23.0,-89.0,-8.25,-27.5,0.014,-0.011,-0.012,-0.36,0.67,9.63,0.09,0.52,-0.16,-0.11,0.15,9.8,1.75875,-1.25,0.0,0.0,6.9,1.0,1017.14,67.56,-17.4
2025-03-24 18:06:16.173000+00:00,52.90739645376501,,,,23.812,-0.812,-1.062,22.85,-89.0,-8.25,-27.5,0.014,-0.011,-0.012,-0.36,0.67,9.63,0.09,0.52,-0.16,-0.11,0.15,9.8,1.75875,-1.25,0.0,0.0,6.9,1.0,1017.14,67.56,-17.4
2025-03-24 18:06:16.591000+00:00,52.90739645376501,,,,23.812,-0.812,-1.062,23.0,-89.0,-8.25,-27.5,0.014,-0.011,-0.012,-0.36,0.67,9.63,0.09,0.52,-0.16,-0.11,0.15,9.8,1.75875,-1.25,0.0,0.0,6.9,1.0,1017.14,67.56,-17.4
2025-03-24 18:06:17.224000+00:00,52.90739645376501,,,,23.812,-0.812,-1.062,22.85,-89.0,-8.25,-27.5,0.014,-0.011,-0.012,-0.36,0.67,9.63,0.09,0.52,-0.16,-0.11,0.15,9.8,1.75875,-1.25,0.0,0.0,6.9,1.0,1017.14,67.56,-17.4
2025-03-24 18:06:17.628000+00:00,52.90739645376501,,,,23.812,-0.812,-1.062,23.0,-89.0,-8.25,-27.5,0.014,-0.011,-0.012,-0.36,0.67,9.63,0.09,0.52,-0.16,-0.11,0.15,9.8,1.75875,-1.25,0.0,0.0,6.9,1.0,1017.14,67.56,-17.4
2025-03-24 18:06:18.170000+00:00,52.90739645376501,,,,23.812,-0.812,-1.062,22.85,-89.0,-8.25,-27.5,0.014,-0.011,-0.012,-0.36,0.67,9.63,0.09,0.52,-0.16,-0.11,0.15,9.8,1.75875,-1.25,0.0,0.0,6.9,1.0,1017.14,67.56,-17.4
2025-03-24 18:06:18.567000+00:00,52.90739645376501,,,,23.812,-0.812,-1.062,23.0,-89.0,-8.25,-27.5,0.014,-0.011,-0.012,-0.36,0.67,9.63,0.09,0.52,-0.16,-0.11,0.15,9.8,1.75875,-1.25,0.0,0.0,6.9,1.0,1017.14,67.56,-17.4
2025-03-24 18:06:19.207000+00:00,52.90739645376501,,,,23.812,-0.812,-1.062,22.85,-89.0,-8.25,-27.5,0.014,-0.011,-0.012,-0.36,0.67,9.63,0.09,0.52,-0.16,-0.11,0.15,9.8,1.75875,-1.25,0.0,0.0,6.9,1.0,1017.14,67.56,-17.4
2025-03-24 18:06:19.672000+00:00,52.90739645376501,,,,23.812,-0.812,-1.062,23.0,-89.0,-8.25,-27.5,0.014,-0.011,-0.012,-0.36,0.67,9.63,0.09,0.52,-0.16,-0.11,0.15,9.8,1.75875,-1.25,0.0,0.0,6.9,1.0,1017.14,67.56,-17.4
2025-03-24 18:06:20.377000+00:00,52.90739645376501,,,,23.812,-0.812,-1.062,22.85,-89.0,-8.25,-27.5,0.014,-0.011,-0.012,-0.36,0.67,9.63,0.09,0.52,-0.16,-0.11,0.15,9.8,1.75875,-1.25,0.0,0.0,6.9,1.0,1017.14,67.56,-17.4
2025-03-24 18:06:20.862000+00:00,52.90739645376501,,,,23.812,-0.812,-1.062,23.0,-89.0,-8.25,-27.5,0.014,-0.011,-0.012,-0.36,0.67,9.63,0.09,0.52,-0.16,-0.11,0.15,9.8,1.75875,-1.25,0.0,0.0,6.9,1.0,1017.14,67.56,-17.4
2025-03-24 18:06:21.479000+00:00,52.90739645376501,,,,23.812,-0.812,-1.062,23.0,-89.0,-8.25,-27.5,0.014,-0.011,-0.012,-0.36,0.67,9.63,0.09,0.52,-0.16,-0.11,0.15,9.8,1.75875,-1.25,0.0,0.0,6.9,1.0,1017.14,67.56,-17.4
2025-03-24 18:06:21.943000+00:00,52.90739645376501,,,,23.812,-0.812,-1.062,22.85,-89.0,-8.25,-27.5,0.014,-0.011,-0.012,-0.36,0.67,9.63,0.09,0.52,-0.16,-0.11,0.15,9.8,1.75875,-1.25,0.0,0.0,6.9,1.0,1017.14,67.56,-17.4
2025-03-24 18:06:22.487000+00:00,52.90739645376501,,,,23.812,-0.812,-1.062,23.0,-89.0,-8.25,-27.5,0.014,-0.011,-0.012,-0.36,0.67,9.63,0.09,0.52,-0.16,-0.11,0.15,9.8,1.75875,-1.25,0.0,0.0,6.9,1.0,1017.14,67.56,-17.4
2025-03-24 18:06:22.897000+00:00,52.90739645376501,,,,23.812,-0.812,-1.062,22.85,-89.0,-8.25,-27.5,0.014,-0.011,-0.012,-0.36,0.67,9.63,0.09,0.52,-0.16,-0.11,0.15,9.8,1.75875,-1.25,0.0,0.0,6.9,1.0,1017.14,67.56,-17.4
2025-03-24 18:06:23.488000+00:00,52.90739645376501,,,,23.812,-0.812,-1.062,23.0,-89.0,-8.25,-27.5,0.014,-0.011,-0.012,-0.36,0.67,9.63,0.09,0.52,-0.16,-0.11,0.15,9.8,1.75875,-1.25,0.0,0.0,6.9,1.0,1017.14,67.56,-17.4
2025-03-24 18:06:23.977000+00:00,52.90739645376501,,,,23.812,-0.812,-1.062,22.85,-89.0,-8.25,-27.5,0.014,-0.011,-0.012,-0.36,0.67,9.63,0.09,0.52,-0.16,-0.11,0.15,9.8,1.75875,-1.25,0.0,0.0,6.9,1.0,1017.14,67.56,-17.4
2025-03-24 18:06:24.493000+00:00,52.90739645376501,,,,23.812,-0.812,-1.062,23.0,-89.0,-8.25,-27.5,0.014,-0.011,-0.012,-0.36,0.67,9.63,0.09,0.52,-0.16,-0.11,0.15,9.8,1.75875,-1.25,0.0,0.0,6.9,1.0,1017.14,67.56,-17.4
2025-03-24 18:06:24.946000+00:00,52.90739645376501,,,,23.812,-0.812,-1.062,22.85,-89.0,-8.25,-27.5,0.014,-0.011,-0.012,-0.36,0.67,9.63,0.09,0.52,-0.16,-0.11,0.15,9.8,1.75875,-1.25,0.0,0.0,6.9,1.0,1017.14,67.56,-17.4
2025-03-24 18:06:25.498000+00:00,52.90739645376501,,,,23.812,-0.812,-1.062,23.0,-89.0,-8.25,-27.5,0.014,-0.011,-0.012,-0.36,0.67,9.63,0.09,0.52,-0.16,-0.11,0.15,9.8,1.75875,-1.25,0.0,0.0,6.9,1.0,1017.14,67.56,-17.4
2025-03-24 18:06:25.916000+00:00,52.90739645376501,,,,23.812,-0.812,-1.062,22.85,-89.0,-8.25,-27.5,0.014,-0.011,-0.012,-0.36,0.67,9.63,0.09,0.52,-0.16,-0.11,0.15,9.8,1.75875,-1.25,0.0,0.0,6.9,1.0,1017.14,67.56,-17.4
2025-03-24 18:06:26.514000+00:00,52.90739645376501,,,,23.812,-0.812,-1.062,23.0,-89.0,-8.25,-27.5,0.014,-0.011,-0.012,-0.36,0.67,9.63,0.09,0.52,-0.16,-0.11,0.15,9.8,1.75875,-1.25,0.0,0.0,6.9,1.0,1017.14,67.56,-17.4
2025-03-24 18:06:26.933000+00:00,52.90739645376501,,,,23.812,-0.812,-1.062,22.85,-89.0,-8.25,-27.5,0.014,-0.011,-0.012,-0.36,0.67,9.63,0.09,0.52,-0.16,-0.11,0.15,9.8,1.75875,-1.25,0.0,0.0,6.9,1.0,1017.14,67.56,-17.4
2025-03-24 18:06:27.527000+00:00,52.90739645376501,,,,23.812,-0.812,-1.062,23.0,-89.0,-8.25,-27.5,0.014,-0.011,-0.012,-0.36,0.67,9.63,0.09,0.52,-0.16,-0.11,0.15,9.8,1.75875,-1.25,0.0,0.0,6.9,1.0,1017.14,67.56,-17.4
2025-03-24 18:06:27.986000+00:00,52.90739645376501,,,,23.812,-0.812,-1.062,22.85,-89.0,-8.25,-27.5,0.014,-0.011,-0.012,-0.36,0.67,9.63,0.09,0.52,-0.16,-0.11,0.15,9.8,1.75875,-1.25,0.0,0.0,6.9,1.0,1017.14,67.56,-17.4
2025-03-24 18:06:28.573000+00:00,52.90739645376501,,,,23.812,-0.812,-1.062,23.0,-89.0,-8.25,-27.5,0.014,-0.011,-0.012,-0.36,0.67,9.63,0.09,0.52,-0.16,-0.11,0.15,9.8,1.75875,-1.25,0.0,0.0,6.9,1.0,1017.14,67.56,-17.4
2025-03-24 18:06:29.137000+00:00,52.90739645376501,,,,23.812,-0.812,-1.062,22.85,-89.0,-8.25,-27.5,0.014,-0.011,-0.012,-0.36,0.67,9.63,0.09,0.52,-0.16,-0.11,0.15,9.8,1.75875,-1.25,0.0,0.0,6.9,1.0,1017.14,67.56,-17.4
2025-03-24 18:06:29.537000+00:00,52.90739645376501,,,,23.812,-0.812,-1.062,23.0,-89.0,-8.25,-27.5,0.014,-0.011,-0.012,-0.36,0.67,9.63,0.09,0.52,-0.16,-0.11,0.15,9.8,1.75875,-1.25,0.0,0.0,6.9,1.0,1017.14,67.56,-17.4
2025-03-24 18:06:30.183000+00:00,52.90739645376501,,,,23.812,-0.812,-1.062,22.85,-89.0,-8.25,-27.5,0.014,-0.011,-0.012,-0.36,0.67,9.63,0.09,0.52,-0.16,-0.11,0.15,9.8,1.75875,-1.25,0.0,0.0,6.9,1.0,1017.14,67.56,-17.4
2025-03-24 18:06:30.586000+00:00,52.90739645376501,,,,23.812,-0.812,-1.062,23.0,-89.0,-8.25,-27.5,0.014,-0.011,-0.012,-0.36,0.67,9.63,0.09,0.52,-0.16,-0.11,0.15,9.8,1.75875,-1.25,0.0,0.0,6.9,1.0,1017.14,67.56,-17.4
2025-03-24 18:06:31.216000+00:00,52.90739645376501,,,,23.812,-0.812,-1.062,22.85,-89.0,-8.25,-27.5,0.014,-0.011,-0.012,-0.36,0.67,9.63,0.09,0.52,-0.16,-0.11,0.15,9.8,1.75875,-1.25,0.0,0.0,6.9,1.0,1017.14,67.56,-17.4
2025-03-24 18:05:31.949000+00:00,52.90739645376501,,,,23.812,-0.812,-1.062,22.85,-89.0,-8.25,-27.5,0.014,-0.011,-0.012,-0.36,0.67,9.63,0.09,0.52,-0.16,-0.11,0.15,9.8,1.75875,-1.25,0.0,0.0,6.9,1.0,1017.14,67.56,-17.4
2025-03-24 18:05:33.051000+00:00,52.90739645376501,,,,23.812,-0.812,-1.062,22.85,-96.562,-5.688,-27.75,0.014,-0.011,-0.012,-0.36,0.67,9.63,0.09,0.52,-0.16,-0.11,0.15,9.8,1.75875,-1.25,0.0,0.0,6.9,1.0,1017.14,67.56,-17.4
2025-03-24 18:05:34.165000+00:00,52.90739645376501,,,,23.812,-0.812,-1.062,22.85,-110.562,0.688,-26.875,0.014,-0.011,-0.012,-0.36,0.67,9.63,0.09,0.52,-0.16,-0.11,0.15,9.8,1.75875,-1.25,0.0,0.0,6.9,1.0,1017.14,67.56,-17.4
2025-03-24 18:05:34.968000+00:00,52.90739645376501,,,,23.812,-0.812,-1.062,22.85,-136.5,10.0,-11.062,0.014,-0.011,-0.012,-0.36,0.67,9.63,0.09,0.52,-0.16,-0.11,0.15,9.8,1.75875,-1.25,0.0,0.0,6.9,1.0,1017.14,67.56,-17.4
2025-03-24 18:05:35.979000+00:00,52.90739645376501,,,,23.812,-0.812,-1.062,22.85,-151.25,0.0,2.0,0.014,-0.011,-0.012,-0.36,0.67,9.63,0.09,0.52,-0.16,-0.11,0.15,9.8,1.75875,-1.25,0.0,0.0,6.9,1.0,1017.14,67.56,-17.4
2025-03-24 18:05:36.999000+00:00,52.90739645376501,,,,23.812,-0.812,-1.062,22.85,-127.25,1.25,-25.375,0.014,-0.011,-0.012,-0.36,0.67,9.63,0.09,0.52,-0.16,-0.11,0.15,9.8,1.75875,-1.25,0.0,0.0,6.9,1.0,1017.14,67.56,-17.4
2025-03-24 18:05:38.015000+00:00,52.90739645376501,,,,23.812,-0.812,-1.062,22.85,-95.562,1.5,-36.0,0.014,-0.011,-0.012,-0.36,0.67,9.63,0.09,0.52,-0.16,-0.11,0.15,9.8,1.75875,-1.25,0.0,0.0,6.9,1.0,1017.14,67.56,-17.4
2025-03-24 18:05:39.015000+00:00,52.90739645376501,,,,23.812,-0.812,-1.062,22.85,-88.062,-3.562,-36.875,0.014,-0.011,-0.012,-0.36,0.67,9.63,0.09,0.52,-0.16,-0.11,0.15,9.8,1.75875,-1.25,0.0,0.0,6.9,1.0,1017.14,67.56,-17.4
2025-03-24 18:05:40.029000+00:00,52.90739645376501,,,,23.812,-0.812,-1.062,22.85,-89.75,-10.188,-30.375,0.014,-0.011,-0.012,-0.36,0.67,9.63,0.09,0.52,-0.16,-0.11,0.15,9.8,1.75875,-1.25,0.0,0.0,6.9,1.0,1017.14,67.56,-17.4
2025-03-24 18:05:41.079000+00:00,52.90739645376501,,,,23.812,-0.812,-1.062,22.85,-64.875,-9.562,-24.562,0.014,-0.011,-0.012,-0.36,0.67,9.63,0.09,0.52,-0.16,-0.11,0.15,9.8,1.75875,-1.25,0.0,0.0,6.9,1.0,1017.14,67.56,-17.4
2025-03-24 18:05:42.199000+00:00,52.90739645376501,,,,23.812,-0.812,-1.062,22.85,-87.75,-0.688,-20.0,0.014,-0.011,-0.012,-0.36,0.67,9.63,0.09,0.52,-0.16,-0.11,0.15,9.8,1.75875,-1.25,0.0,0.0,6.9,1.0,1017.14,67.56,-17.4
2025-03-24 18:05:43.338000+00:00,52.90739645376501,,,,23.812,-0.812,-1.062,22.85,-115.688,4.188,3.688,0.014,-0.011,-0.012,-0.36,0.67,9.63,0.09,0.52,-0.16,-0.11,0.15,9.8,1.75875,-1.25,0.0,0.0,6.9,1.0,1017.14,67.56,-17.4
2025-03-24 18:05:44.093000+00:00,52.90739645376501,,,,23.812,-0.812,-1.062,22.85,-121.25,-0.875,5.75,0.014,-0.011,-0.012,-0.36,0.67,9.63,0.09,0.52,-0.16,-0.11,0.15,9.8,1.75875,-1.25,0.0,0.0,6.9,1.0,1017.14,67.56,-17.4
2025-03-24 18:05:45.078000+00:00,52.90739645376501,,,,23.812,-0.812,-1.062,22.85,-100.188,-1.188,-21.0,0.014,-0.011,-0.012,-0.36,0.67,9.63,0.09,0.52,-0.16,-0.11,0.15,9.8,1.75875,-1.25,0.0,0.0,6.9,1.0,1017.14,67.56,-17.4
2025-03-24 18:05:46.088000+00:00,52.90739645376501,,,,23.812,-0.812,-1.062,22.85,-69.562,2.0,-33.562,0.014,-0.011,-0.012,-0.36,0.67,9.63,0.09,0.52,-0.16,-0.11,0.15,9.8,1.75875,-1.25,0.0,0.0,6.9,1.0,1017.14,67.56,-17.4
2025-03-24 18:05:47.139000+00:00,52.90739645376501,,,,23.812,-0.812,-1.062,22.85,-58.75,-2.875,-34.375,0.014,-0.011,-0.012,-0.36,0.67,9.63,0.09,0.52,-0.16,-0.11,0.15,9.8,1.75875,-1.25,0.0,0.0,6.9,1.0,1017.14,67.56,-17.4
2025-03-24 18:05:48.098000+00:00,52.90739645376501,,,,23.812,-0.812,-1.062,22.85,-58.25,-8.062,-29.5,0.014,-0.011,-0.012,-0.36,0.67,9.63,0.09,0.52,-0.16,-0.11,0.15,9.8,1.75875,-1.25,0.0,0.0,6.9,1.0,1017.14,67.56,-17.4
2025-03-24 18:05:49.108000+00:00,52.90739645376501,,,,23.812,-0.812,-1.062,22.85,-67.188,-8.875,-25.5,0.014,-0.011,-0.012,-0.36,0.67,9.63,0.09,0.52,-0.16,-0.11,0.15,9.8,1.75875,-1.25,0.0,0.0,6.9,1.0,1017.14,67.56,-17.4
2025-03-24 18:05:50.118000+00:00,52.90739645376501,,,,23.812,-0.812,-1.062,22.85,-72.875,-6.75,-26.25,0.014,-0.011,-0.012,-0.36,0.67,9.63,0.09,0.52,-0.16,-0.11,0.15,9.8,1.75875,-1.25,0.0,0.0,6.9,1.0,1017.14,67.56,-17.4
2025-03-24 18:05:51.278000+00:00,52.90739645376501,,,,23.812,-0.812,-1.062,22.85,-96.688,0.25,-19.688,0.014,-0.011,-0.012,-0.36,0.67,9.63,0.09,0.52,-0.16,-0.11,0.15,9.8,1.75875,-1.25,0.0,0.0,6.9,1.0,1017.14,67.56,-17.4
2025-03-24 18:05:52.397000+00:00,52.90739645376501,,,,23.812,-0.812,-1.062,22.85,-122.25,4.5,4.0,0.014,-0.011,-0.012,-0.36,0.67,9.63,0.09,0.52,-0.16,-0.11,0.15,9.8,1.75875,-1.25,0.0,0.0,6.9,1.0,1017.14,67.56,-17.4
2025-03-24 18:05:53.408000+00:00,52.90739645376501,,,,23.812,-0.812,-1.062,22.85,-120.5,-6.688,-5.688,0.014,-0.011,-0.012,-0.36,0.67,9.63,0.09,0.52,-0.16,-0.11,0.15,9.8,1.75875,-1.25,0.0,0.0,6.9,1.0,1017.14,67.56,-17.4
2025-03-24 18:05:54.158000+00:00,52.90739645376501,,,,23.812,-0.812,-1.062,22.85,-96.375,-1.188,-24.188,0.014,-0.011,-0.012,-0.36,0.67,9.63,0.09,0.52,-0.16,-0.11,0.15,9.8,1.75875,-1.25,0.0,0.0,6.9,1.0,1017.14,67.56,-17.4
2025-03-24 18:05:55.168000+00:00,52.90739645376501,,,,23.812,-0.812,-1.062,22.85,-84.375,-2.375,-30.375,0.014,-0.011,-0.012,-0.36,0.67,9.63,0.09,0.52,-0.16,-0.11,0.15,9.8,1.75875,-1.25,0.0,0.0,6.9,1.0,1017.14,67.56,-17.4
2025-03-24 18:05:56.178000+00:00,52.90739645376501,,,,23.812,-0.812,-1.062,22.85,-64.562,-5.062,-34.25,0.014,-0.011,-0.012,-0.36,0.67,9.63,0.09,0.52,-0.16,-0.11,0.15,9.8,1.75875,-1.25,0.0,0.0,6.9,1.0,1017.14,67.56,-17.4
2025-03-24 18:05:57.188000+00:00,52.90739645376501,,,,23.812,-0.812,-1.062,22.85,-59.688,-7.875,-31.875,0.014,-0.011,-0.012,-0.36,0.67,9.63,0.09,0.52,-0.16,-0.11,0.15,9.8,1.75875,-1.25,0.0,0.0,6.9,1.0,1017.14,67.56,-17.4
2025-03-24 18:05:58.214000+00:00,52.90739645376501,,,,23.812,-0.812,-1.062,22.85,-66.875,-9.75,-30.062,0.014,-0.011,-0.012,-0.36,0.67,9.63,0.09,0.52,-0.16,-0.11,0.15,9.8,1.75875,-1.25,0.0,0.0,6.9,1.0,1017.14,67.56,-17.4
2025-03-24 18:05:59.208000+00:00,52.90739645376501,,,,23.812,-0.812,-1.062,22.85,-74.188,-7.688,-28.25,0.014,-0.011,-0.012,-0.36,0.67,9.63,0.09,0.52,-0.16,-0.11,0.15,9.8,1.75875,-1.25,0.0,0.0,6.9,1.0,1017.14,67.56,-17.4
2025-03-24 18:06:00.234000+00:00,52.90739645376501,,,,23.812,-0.812,-1.062,22.85,-88.25,-1.562,-24.75,0.014,-0.011,-0.012,-0.36,0.67,9.63,0.09,0.52,-0.16,-0.11,0.15,9.8,1.75875,-1.25,0.0,0.0,6.9,1.0,1017.14,67.56,-17.4
2025-03-24 18:06:01.371000+00:00,52.90739645376501,,,,23.812,-0.812,-1.062,22.85,-115.875,5.5,-4.188,0.014,-0.011,-0.012,-0.36,0.67,9.63,0.09,0.52,-0.16,-0.11,0.15,9.8,1.75875,-1.25,0.0,0.0,6.9,1.0,1017.14,67.56,-17.4
2025-03-24 18:06:02.489000+00:00,52.90739645376501,,,,23.812,-0.812,-1.062,22.85,-129.0,-3.688,5.875,0.014,-0.011,-0.012,-0.36,0.67,9.63,0.09,0.52,-0.16,-0.11,0.15,9.8,1.75875,-1.25,0.0,0.0,6.9,1.0,1017.14,67.56,-17.4
2025-03-24 18:06:03.257000+00:00,52.90739645376501,,,,23.812,-0.812,-1.062,22.85,-108.375,-2.75,-20.062,0.014,-0.011,-0.012,-0.36,0.67,9.63,0.09,0.52,-0.16,-0.11,0.15,9.8,1.75875,-1.25,0.0,0.0,6.9,1.0,1017.14,67.56,-17.4
2025-03-24 18:06:04.258000+00:00,52.90739645376501,,,,23.812,-0.812,-1.062,22.85,-78.375,0.188,-34.188,0.014,-0.011,-0.012,-0.36,0.67,9.63,0.09,0.52,-0.16,-0.11,0.15,9.8,1.75875,-1.25,0.0,0.0,6.9,1.0,1017.14,67.56,-17.4
2025-03-24 18:06:05.268000+00:00,52.90739645376501,,,,23.812,-0.812,-1.062,22.85,-68.25,-1.75,-34.562,0.014,-0.011,-0.012,-0.36,0.67,9.63,0.09,0.52,-0.16,-0.11,0.15,9.8,1.75875,-1.25,0.0,0.0,6.9,1.0,1017.14,67.56,-17.4
2025-03-24 18:06:06.278000+00:00,52.90739645376501,,,,23.812,-0.812,-1.062,22.85,-64.562,-8.188,-33.875,0.014,-0.011,-0.012,-0.36,0.67,9.63,0.09,0.52,-0.16,-0.11,0.15,9.8,1.75875,-1.25,0.0,0.0,6.9,1.0,1017.14,67.56,-17.4
2025-03-24 18:06:07.298000+00:00,52.90739645376501,,,,23.812,-0.812,-1.062,22.85,-74.688,-7.75,-29.188,0.014,-0.011,-0.012,-0.36,0.67,9.63,0.09,0.52,-0.16,-0.11,0.15,9.8,1.75875,-1.25,0.0,0.0,6.9,1.0,1017.14,67.56,-17.4
2025-03-24 18:06:08.304000+00:00,52.90739645376501,,,,23.812,-0.812,-1.062,22.85,-83.688,-4.75,-29.0,0.014,-0.011,-0.012,-0.36,0.67,9.63,0.09,0.52,-0.16,-0.11,0.15,9.8,1.75875,-1.25,0.0,0.0,6.9,1.0,1017.14,67.56,-17.4
2025-03-24 18:06:09.318000+00:00,52.90739645376501,,,,23.812,-0.812,-1.062,22.85,-105.5,3.875,-21.0,0.014,-0.011,-0.012,-0.36,0.67,9.63,0.09,0.52,-0.16,-0.11,0.15,9.8,1.75875,-1.25,0.0,0.0,6.9,1.0,1017.14,67.56,-17.4
2025-03-24 18:06:10.307000+00:00,52.90739645376501,,,,23.812,-0.812,-1.062,22.85,-123.5,7.562,-8.562,0.014,-0.011,-0.012,-0.36,0.67,9.63,0.09,0.52,-0.16,-0.11,0.15,9.8,1.75875,-1.25,0.0,0.0,6.9,1.0,1017.14,67.56,-17.4
2025-03-24 18:06:11.327000+00:00,52.90739645376501,,,,23.812,-0.812,-1.062,22.85,-133.25,-2.562,-0.25,0.014,-0.011,-0.012,-0.36,0.67,9.63,0.09,0.52,-0.16,-0.11,0.15,9.8,1.75875,-1.25,0.0,0.0,6.9,1.0,1017.14,67.56,-17.4
2025-03-24 18:06:12.337000+00:00,52.90739645376501,,,,23.812,-0.812,-1.062,22.85,-114.875,-0.688,-26.688,0.014,-0.011,-0.012,-0.36,0.67,9.63,0.09,0.52,-0.16,-0.11,0.15,9.8,1.75875,-1.25,0.0,0.0,6.9,1.0,1017.14,67.56,-17.4
2025-03-24 18:06:13.497000+00:00,52.90739645376501,,,,23.812,-0.812,-1.062,22.85,-86.188,1.062,-38.062,0.014,-0.011,-0.012,-0.36,0.67,9.63,0.09,0.52,-0.16,-0.11,0.15,9.8,1.75875,-1.25,0.0,0.0,6.9,1.0,1017.14,67.56,-17.4
2025-03-24 18:06:14.517000+00:00,52.90739645376501,,,,23.812,-0.812,-1.062,22.85,-72.5,-2.062,-41.188,0.014,-0.011,-0.012,-0.36,0.67,9.63,0.09,0.52,-0.16,-0.11,0.15,9.8,1.75875,-1.25,0.0,0.0,6.9,1.0,1017.14,67.56,-17.4
2025-03-24 18:06:15.528000+00:00,52.90739645376501,,,,23.812,-0.812,-1.062,22.85,-70.25,-4.875,-41.25,0.014,-0.011,-0.012,-0.36,0.67,9.63,0.09,0.52,-0.16,-0.11,0.15,9.8,1.75875,-1.25,0.0,0.0,6.9,1.0,1017.14,67.56,-17.4
2025-03-24 18:06:16.637000+00:00,52.90739645376501,,,,23.812,-0.812,-1.062,22.85,-75.062,-9.75,-35.688,0.014,-0.011,-0.012,-0.36,0.67,9.63,0.09,0.52,-0.16,-0.11,0.15,9.8,1.75875,-1.25,0.0,0.0,6.9,1.0,1017.14,67.56,-17.4
2025-03-24 18:06:17.677000+00:00,52.90739645376501,,,,23.812,-0.812,-1.062,22.85,-82.562,-6.688,-34.75,0.014,-0.011,-0.012,-0.36,0.67,9.63,0.09,0.52,-0.16,-0.11,0.15,9.8,1.75875,-1.25,0.0,0.0,6.9,1.0,1017.14,67.56,-17.4
2025-03-24 18:06:18.618000+00:00,52.90739645376501,,,,23.812,-0.812,-1.062,22.85,-100.062,1.0,-32.75,0.014,-0.011,-0.012,-0.36,0.67,9.63,0.09,0.52,-0.16,-0.11,0.15,9.8,1.75875,-1.25,0.0,0.0,6.9,1.0,1017.14,67.56,-17.4
2025-03-24 18:06:19.723000+00:00,52.90739645376501,,,,23.812,-0.812,-1.062,22.85,-128.25,10.0,-13.688,0.014,-0.011,-0.012,-0.36,0.67,9.63,0.09,0.52,-0.16,-0.11,0.15,9.8,1.75875,-1.25,0.0,0.0,6.9,1.0,1017.14,67.56,-17.4
2025-03-24 18:06:20.907000+00:00,52.90739645376501,,,,23.812,-0.812,-1.062,22.85,-136.188,7.375,-5.5,0.014,-0.011,-0.012,-0.36,0.67,9.63,0.09,0.52,-0.16,-0.11,0.15,9.8,1.75875,-1.25,0.0,0.0,6.9,1.0,1017.14,67.56,-17.4
2025-03-24 18:06:21.527000+00:00,52.90739645376501,,,,23.812,-0.812,-1.062,22.85,-133.25,-1.5,-17.75,0.014,-0.011,-0.012,-0.36,0.67,9.63,0.09,0.52,-0.16,-0.11,0.15,9.8,1.75875,-1.25,0.0,0.0,6.9,1.0,1017.14,67.56,-17.4
2025-03-24 18:06:22.536000+00:00,52.90739645376501,,,,23.812,-0.812,-1.062,22.85,-102.562,3.75,-39.688,0.014,-0.011,-0.012,-0.36,0.67,9.63,0.09,0.52,-0.16,-0.11,0.15,9.8,1.75875,-1.25,0.0,0.0,6.9,1.0,1017.14,67.56,-17.4
2025-03-24 18:06:23.543000+00:00,52.90739645376501,,,,23.812,-0.812,-1.062,22.85,-80.75,3.0,-45.0,0.014,-0.011,-0.012,-0.36,0.67,9.63,0.09,0.52,-0.16,-0.11,0.15,9.8,1.75875,-1.25,0.0,0.0,6.9,1.0,1017.14,67.56,-17.4
2025-03-24 18:06:24.538000+00:00,52.90739645376501,,,,23.812,-0.812,-1.062,22.85,-75.5,-3.562,-42.75,0.014,-0.011,-0.012,-0.36,0.67,9.63,0.09,0.52,-0.16,-0.11,0.15,9.8,1.75875,-1.25,0.0,0.0,6.9,1.0,1017.14,67.56,-17.4
2025-03-24 18:06:25.547000+00:00,52.90739645376501,,,,23.812,-0.812,-1.062,22.85,-86.375,-6.188,-36.25,0.014,-0.011,-0.012,-0.36,0.67,9.63,0.09,0.52,-0.16,-0.11,0.15,9.8,1.75875,-1.25,0.0,0.0,6.9,1.0,1017.14,67.56,-17.4
2025-03-24 18:06:26.566000+00:00,52.90739645376501,,,,23.812,-0.812,-1.062,22.85,-95.25,-2.25,-37.0,0.014,-0.011,-0.012,-0.36,0.67,9.63,0.09,0.52,-0.16,-0.11,0.15,9.8,1.75875,-1.25,0.0,0.0,6.9,1.0,1017.14,67.56,-17.4
2025-03-24 18:06:27.577000+00:00,52.90739645376501,,,,23.812,-0.812,-1.062,22.85,-128.188,9.688,-22.75,0.014,-0.011,-0.012,-0.36,0.67,9.63,0.09,0.52,-0.16,-0.11,0.15,9.8,1.75875,-1.25,0.0,0.0,6.9,1.0,1017.14,67.56,-17.4
2025-03-24 18:06:28.629000+00:00,52.90739645376501,,,,23.812,-0.812,-1.062,22.85,-145.188,1.375,-6.75,0.014,-0.011,-0.012,-0.36,0.67,9.63,0.09,0.52,-0.16,-0.11,0.15,9.8,1.75875,-1.25,0.0,0.0,6.9,1.0,1017.14,67.56,-17.4
2025-03-24 18:06:29.586000+00:00,52.90739645376501,,,,23.812,-0.812,-1.062,22.85,-116.562,1.375,-36.5,0.014,-0.011,-0.012,-0.36,0.67,9.63,0.09,0.52,-0.16,-0.11,0.15,9.8,1.75875,-1.25,0.0,0.0,6.9,1.0,1017.14,67.56,-17.4
2025-03-24 18:06:30.636000+00:00,52.90739645376501,,,,23.812,-0.812,-1.062,22.85,-86.0,1.062,-44.875,0.014,-0.011,-0.012,-0.36,0.67,9.63,0.09,0.52,-0.16,-0.11,0.15,9.8,1.75875,-1.25,0.0,0.0,6.9,1.0,1017.14,67.56,-17.4
2025-03-24 18:06:31.696000+00:00,52.90739645376501,,,,23.812,-0.812,-1.062,22.85,-86.0,-1.75,-44.25,0.014,-0.011,-0.012,-0.36,0.67,9.63,0.09,0.52,-0.16,-0.11,0.15,9.8,1.75875,-1.25,0.0,0.0,6.9,1.0,1017.14,67.56,-17.4
2025-03-24 18:05:31.999000+00:00,52.90739645376501,,,,23.812,-0.812,-1.062,22.85,-86.0,-1.75,-44.25,0.014,-0.011,-0.012,-0.36,0.67,9.63,0.09,0.52,-0.16,-0.11,0.15,9.8,1.75875,-1.25,0.0,0.0,6.9,1.0,1017.14,67.56,-17.4
2025-03-24 18:05:33.104000+00:00,52.90739645376501,,,,23.812,-0.812,-1.062,22.85,-86.0,-1.75,-44.25,-0.004,-0.006,-0.01,-0.36,0.67,9.63,0.09,0.52,-0.16,-0.11,0.15,9.8,1.75875,-1.25,0.0,0.0,6.9,1.0,1017.14,67.56,-17.4
2025-03-24 18:05:34.219000+00:00,52.90739645376501,,,,23.812,-0.812,-1.062,22.85,-86.0,-1.75,-44.25,-0.011,-0.028,-0.078,-0.36,0.67,9.63,0.09,0.52,-0.16,-0.11,0.15,9.8,1.75875,-1.25,0.0,0.0,6.9,1.0,1017.14,67.56,-17.4
2025-03-24 18:05:35.019000+00:00,52.90739645376501,,,,23.812,-0.812,-1.062,22.85,-86.0,-1.75,-44.25,0.043,0.017,-0.007,-0.36,0.67,9.63,0.09,0.52,-0.16,-0.11,0.15,9.8,1.75875,-1.25,0.0,0.0,6.9,1.0,1017.14,67.56,-17.4
2025-03-24 18:05:36.030000+00:00,52.90739645376501,,,,23.812,-0.812,-1.062,22.85,-86.0,-1.75,-44.25,0.002,0.019,0.1,-0.36,0.67,9.63,0.09,0.52,-0.16,-0.11,0.15,9.8,1.75875,-1.25,0.0,0.0,6.9,1.0,1017.14,67.56,-17.4
2025-03-24 18:05:37.049000+00:00,52.90739645376501,,,,23.812,-0.812,-1.062,22.85,-86.0,-1.75,-44.25,-0.073,-0.013,-0.097,-0.36,0.67,9.63,0.09,0.52,-0.16,-0.11,0.15,9.8,1.75875,-1.25,0.0,0.0,6.9,1.0,1017.14,67.56,-17.4
2025-03-24 18:05:38.069000+00:00,52.90739645376501,,,,23.812,-0.812,-1.062,22.85,-86.0,-1.75,-44.25,-0.006,0.014,-0.051,-0.36,0.67,9.63,0.09,0.52,-0.16,-0.11,0.15,9.8,1.75875,-1.25,0.0,0.0,6.9,1.0,1017.14,67.56,-17.4
2025-03-24 18:05:39.076000+00:00,52.90739645376501,,,,23.812,-0.812,-1.062,22.85,-86.0,-1.75,-44.25,0.026,-0.041,0.003,-0.36,0.67,9.63,0.09,0.52,-0.16,-0.11,0.15,9.8,1.75875,-1.25,0.0,0.0,6.9,1.0,1017.14,67.56,-17.4
2025-03-24 18:05:40.081000+00:00,52.90739645376501,,,,23.812,-0.812,-1.062,22.85,-86.0,-1.75,-44.25,-0.014,-0.012,0.002,-0.36,0.67,9.63,0.09,0.52,-0.16,-0.11,0.15,9.8,1.75875,-1.25,0.0,0.0,6.9,1.0,1017.14,67.56,-17.4
2025-03-24 18:05:41.138000+00:00,52.90739645376501,,,,23.812,-0.812,-1.062,22.85,-86.0,-1.75,-44.25,-0.04,-0.004,-0.02,-0.36,0.67,9.63,0.09,0.52,-0.16,-0.11,0.15,9.8,1.75875,-1.25,0.0,0.0,6.9,1.0,1017.14,67.56,-17.4
2025-03-24 18:05:42.248000+00:00,52.90739645376501,,,,23.812,-0.812,-1.062,22.85,-86.0,-1.75,-44.25,-0.024,-0.016,-0.159,-0.36,0.67,9.63,0.09,0.52,-0.16,-0.11,0.15,9.8,1.75875,-1.25,0.0,0.0,6.9,1.0,1017.14,67.56,-17.4
2025-03-24 18:05:43.389000+00:00,52.90739645376501,,,,23.812,-0.812,-1.062,22.85,-86.0,-1.75,-44.25,0.026,0.036,-0.083,-0.36,0.67,9.63,0.09,0.52,-0.16,-0.11,0.15,9.8,1.75875,-1.25,0.0,0.0,6.9,1.0,1017.14,67.56,-17.4
2025-03-24 18:05:44.139000+00:00,52.90739645376501,,,,23.812,-0.812,-1.062,22.85,-86.0,-1.75,-44.25,0.003,-0.012,0.04,-0.36,0.67,9.63,0.09,0.52,-0.16,-0.11,0.15,9.8,1.75875,-1.25,0.0,0.0,6.9,1.0,1017.14,67.56,-17.4
2025-03-24 18:05:45.128000+00:00,52.90739645376501,,,,23.812,-0.812,-1.062,22.85,-86.0,-1.75,-44.25,-0.049,0.001,-0.049,-0.36,0.67,9.63,0.09,0.52,-0.16,-0.11,0.15,9.8,1.75875,-1.25,0.0,0.0,6.9,1.0,1017.14,67.56,-17.4
2025-03-24 18:05:46.145000+00:00,52.90739645376501,,,,23.812,-0.812,-1.062,22.85,-86.0,-1.75,-44.25,0.003,0.029,-0.002,-0.36,0.67,9.63,0.09,0.52,-0.16,-0.11,0.15,9.8,1.75875,-1.25,0.0,0.0,6.9,1.0,1017.14,67.56,-17.4
2025-03-24 18:05:47.195000+00:00,52.90739645376501,,,,23.812,-0.812,-1.062,22.85,-86.0,-1.75,-44.25,0.011,-0.041,-0.028,-0.36,0.67,9.63,0.09,0.52,-0.16,-0.11,0.15,9.8,1.75875,-1.25,0.0,0.0,6.9,1.0,1017.14,67.56,-17.4
2025-03-24 18:05:48.155000+00:00,52.90739645376501,,,,23.812,-0.812,-1.062,22.85,-86.0,-1.75,-44.25,0.002,-0.001,-0.013,-0.36,0.67,9.63,0.09,0.52,-0.16,-0.11,0.15,9.8,1.75875,-1.25,0.0,0.0,6.9,1.0,1017.14,67.56,-17.4
2025-03-24 18:05:49.159000+00:00,52.90739645376501,,,,23.812,-0.812,-1.062,22.85,-86.0,-1.75,-44.25,0.004,0.02,-0.002,-0.36,0.67,9.63,0.09,0.52,-0.16,-0.11,0.15,9.8,1.75875,-1.25,0.0,0.0,6.9,1.0,1017.14,67.56,-17.4
2025-03-24 18:05:50.168000+00:00,52.90739645376501,,,,23.812,-0.812,-1.062,22.85,-86.0,-1.75,-44.25,0.031,-0.029,0.023,-0.36,0.67,9.63,0.09,0.52,-0.16,-0.11,0.15,9.8,1.75875,-1.25,0.0,0.0,6.9,1.0,1017.14,67.56,-17.4
2025-03-24 18:05:51.328000+00:00,52.90739645376501,,,,23.812,-0.812,-1.062,22.85,-86.0,-1.75,-44.25,-0.01,0.0,0.008,-0.36,0.67,9.63,0.09,0.52,-0.16,-0.11,0.15,9.8,1.75875,-1.25,0.0,0.0,6.9,1.0,1017.14,67.56,-17.4
2025-03-24 18:05:52.455000+00:00,52.90739645376501,,,,23.812,-0.812,-1.062,22.85,-86.0,-1.75,-44.25,-0.03,-0.009,0.049,-0.36,0.67,9.63,0.09,0.52,-0.16,-0.11,0.15,9.8,1.75875,-1.25,0.0,0.0,6.9,1.0,1017.14,67.56,-17.4
2025-03-24 18:05:53.464000+00:00,52.90739645376501,,,,23.812,-0.812,-1.062,22.85,-86.0,-1.75,-44.25,0.06,-0.009,0.104,-0.36,0.67,9.63,0.09,0.52,-0.16,-0.11,0.15,9.8,1.75875,-1.25,0.0,0.0,6.9,1.0,1017.14,67.56,-17.4
2025-03-24 18:05:54.207000+00:00,52.90739645376501,,,,23.812,-0.812,-1.062,22.85,-86.0,-1.75,-44.25,-0.037,-0.014,-0.066,-0.36,0.67,9.63,0.09,0.52,-0.16,-0.11,0.15,9.8,1.75875,-1.25,0.0,0.0,6.9,1.0,1017.14,67.56,-17.4
2025-03-24 18:05:55.227000+00:00,52.90739645376501,,,,23.812,-0.812,-1.062,22.85,-86.0,-1.75,-44.25,-0.012,0.002,0.018,-0.36,0.67,9.63,0.09,0.52,-0.16,-0.11,0.15,9.8,1.75875,-1.25,0.0,0.0,6.9,1.0,1017.14,67.56,-17.4
2025-03-24 18:05:56.238000+00:00,52.90739645376501,,,,23.812,-0.812,-1.062,22.85,-86.0,-1.75,-44.25,-0.018,-0.052,0.009,-0.36,0.67,9.63,0.09,0.52,-0.16,-0.11,0.15,9.8,1.75875,-1.25,0.0,0.0,6.9,1.0,1017.14,67.56,-17.4
2025-03-24 18:05:57.239000+00:00,52.90739645376501,,,,23.812,-0.812,-1.062,22.85,-86.0,-1.75,-44.25,-0.054,-0.039,-0.056,-0.36,0.67,9.63,0.09,0.52,-0.16,-0.11,0.15,9.8,1.75875,-1.25,0.0,0.0,6.9,1.0,1017.14,67.56,-17.4
2025-03-24 18:05:58.271000+00:00,52.90739645376501,,,,23.812,-0.812,-1.062,22.85,-86.0,-1.75,-44.25,0.023,0.017,0.07,-0.36,0.67,9.63,0.09,0.52,-0.16,-0.11,0.15,9.8,1.75875,-1.25,0.0,0.0,6.9,1.0,1017.14,67.56,-17.4
2025-03-24 18:05:59.265000+00:00,52.90739645376501,,,,23.812,-0.812,-1.062,22.85,-86.0,-1.75,-44.25,-0.023,0.0,-0.008,-0.36,0.67,9.63,0.09,0.52,-0.16,-0.11,0.15,9.8,1.75875,-1.25,0.0,0.0,6.9,1.0,1017.14,67.56,-17.4
2025-03-24 18:06:00.295000+00:00,52.90739645376501,,,,23.812,-0.812,-1.062,22.85,-86.0,-1.75,-44.25,0.003,-0.001,0.028,-0.36,0.67,9.63,0.09,0.52,-0.16,-0.11,0.15,9.8,1.75875,-1.25,0.0,0.0,6.9,1.0,1017.14,67.56,-17.4
2025-03-24 18:06:01.418000+00:00,52.90739645376501,,,,23.812,-0.812,-1.062,22.85,-86.0,-1.75,-44.25,0.051,0.016,-0.053,-0.36,0.67,9.63,0.09,0.52,-0.16,-0.11,0.15,9.8,1.75875,-1.25,0.0,0.0,6.9,1.0,1017.14,67.56,-17.4
2025-03-24 18:06:02.537000+00:00,52.90739645376501,,,,23.812,-0.812,-1.062,22.85,-86.0,-1.75,-44.25,-0.013,-0.021,0.017,-0.36,0.67,9.63,0.09,0.52,-0.16,-0.11,0.15,9.8,1.75875,-1.25,0.0,0.0,6.9,1.0,1017.14,67.56,-17.4
2025-03-24 18:06:03.308000+00:00,52.90739645376501,,,,23.812,-0.812,-1.062,22.85,-86.0,-1.75,-44.25,-0.007,-0.016,-0.06,-0.36,0.67,9.63,0.09,0.52,-0.16,-0.11,0.15,9.8,1.75875,-1.25,0.0,0.0,6.9,1.0,1017.14,67.56,-17.4
2025-03-24 18:06:04.308000+00:00,52.90739645376501,,,,23.812,-0.812,-1.062,22.85,-86.0,-1.75,-44.25,0.008,0.009,-0.056,-0.36,0.67,9.63,0.09,0.52,-0.16,-0.11,0.15,9.8,1.75875,-1.25,0.0,0.0,6.9,1.0,1017.14,67.56,-17.4
2025-03-24 18:06:05.325000+00:00,52.90739645376501,,,,23.812,-0.812,-1.062,22.85,-86.0,-1.75,-44.25,-0.008,0.002,-0.007,-0.36,0.67,9.63,0.09,0.52,-0.16,-0.11,0.15,9.8,1.75875,-1.25,0.0,0.0,6.9,1.0,1017.14,67.56,-17.4
2025-03-24 18:06:06.335000+00:00,52.90739645376501,,,,23.812,-0.812,-1.062,22.85,-86.0,-1.75,-44.25,-0.03,-0.014,-0.059,-0.36,0.67,9.63,0.09,0.52,-0.16,-0.11,0.15,9.8,1.75875,-1.25,0.0,0.0,6.9,1.0,1017.14,67.56,-17.4
2025-03-24 18:06:07.348000+00:00,52.90739645376501,,,,23.812,-0.812,-1.062,22.85,-86.0,-1.75,-44.25,-0.001,0.018,-0.001,-0.36,0.67,9.63,0.09,0.52,-0.16,-0.11,0.15,9.8,1.75875,-1.25,0.0,0.0,6.9,1.0,1017.14,67.56,-17.4
2025-03-24 18:06:08.357000+00:00,52.90739645376501,,,,23.812,-0.812,-1.062,22.85,-86.0,-1.75,-44.25,0.062,-0.002,0.06,-0.36,0.67,9.63,0.09,0.52,-0.16,-0.11,0.15,9.8,1.75875,-1.25,0.0,0.0,6.9,1.0,1017.14,67.56,-17.4
2025-03-24 18:06:09.368000+00:00,52.90739645376501,,,,23.812,-0.812,-1.062,22.85,-86.0,-1.75,-44.25,-0.019,-0.001,-0.024,-0.36,0.67,9.63,0.09,0.52,-0.16,-0.11,0.15,9.8,1.75875,-1.25,0.0,0.0,6.9,1.0,1017.14,67.56,-17.4
2025-03-24 18:06:10.375000+00:00,52.90739645376501,,,,23.812,-0.812,-1.062,22.85,-86.0,-1.75,-44.25,0.013,0.04,-0.021,-0.36,0.67,9.63,0.09,0.52,-0.16,-0.11,0.15,9.8,1.75875,-1.25,0.0,0.0,6.9,1.0,1017.14,67.56,-17.4
2025-03-24 18:06:11.384000+00:00,52.90739645376501,,,,23.812,-0.812,-1.062,22.85,-86.0,-1.75,-44.25,-0.001,0.018,0.022,-0.36,0.67,9.63,0.09,0.52,-0.16,-0.11,0.15,9.8,1.75875,-1.25,0.0,0.0,6.9,1.0,1017.14,67.56,-17.4
2025-03-24 18:06:12.387000+00:00,52.90739645376501,,,,23.812,-0.812,-1.062,22.85,-86.0,-1.75,-44.25,-0.026,-0.026,-0.046,-0.36,0.67,9.63,0.09,0.52,-0.16,-0.11,0.15,9.8,1.75875,-1.25,0.0,0.0,6.9,1.0,1017.14,67.56,-17.4
2025-03-24 18:06:13.547000+00:00,52.90739645376501,,,,23.812,-0.812,-1.062,22.85,-86.0,-1.75,-44.25,0.034,-0.011,0.027,-0.36,0.67,9.63,0.09,0.52,-0.16,-0.11,0.15,9.8,1.75875,-1.25,0.0,0.0,6.9,1.0,1017.14,67.56,-17.4
2025-03-24 18:06:14.567000+00:00,52.90739645376501,,,,23.812,-0.812,-1.062,22.85,-86.0,-1.75,-44.25,-0.014,0.02,0.042,-0.36,0.67,9.63,0.09,0.52,-0.16,-0.11,0.15,9.8,1.75875,-1.25,0.0,0.0,6.9,1.0,1017.14,67.56,-17.4
2025-03-24 18:06:15.577000+00:00,52.90739645376501,,,,23.812,-0.812,-1.062,22.85,-86.0,-1.75,-44.25,-0.006,-0.026,-0.052,-0.36,0.67,9.63,0.09,0.52,-0.16,-0.11,0.15,9.8,1.75875,-1.25,0.0,0.0,6.9,1.0,1017.14,67.56,-17.4
2025-03-24 18:06:16.687000+00:00,52.90739645376501,,,,23.812,-0.812,-1.062,22.85,-86.0,-1.75,-44.25,0.01,0.006,-0.001,-0.36,0.67,9.63,0.09,0.52,-0.16,-0.11,0.15,9.8,1.75875,-1.25,0.0,0.0,6.9,1.0,1017.14,67.56,-17.4
2025-03-24 18:06:17.728000+00:00,52.90739645376501,,,,23.812,-0.812,-1.062,22.85,-86.0,-1.75,-44.25,-0.048,-0.021,-0.007,-0.36,0.67,9.63,0.09,0.52,-0.16,-0.11,0.15,9.8,1.75875,-1.25,0.0,0.0,6.9,1.0,1017.14,67.56,-17.4
2025-03-24 18:06:18.668000+00:00,52.90739645376501,,,,23.812,-0.812,-1.062,22.85,-86.0,-1.75,-44.25,-0.006,-0.024,-0.021,-0.36,0.67,9.63,0.09,0.52,-0.16,-0.11,0.15,9.8,1.75875,-1.25,0.0,0.0,6.9,1.0,1017.14,67.56,-17.4
2025-03-24 18:06:19.784000+00:00,52.90739645376501,,,,23.812,-0.812,-1.062,22.85,-86.0,-1.75,-44.25,0.043,0.001,-0.017,-0.36,0.67,9.63,0.09,0.52,-0.16,-0.11,0.15,9.8,1.75875,-1.25,0.0,0.0,6.9,1.0,1017.14,67.56,-17.4
2025-03-24 18:06:20.958000+00:00,52.90739645376501,,,,23.812,-0.812,-1.062,22.85,-86.0,-1.75,-44.25,-0.033,0.028,0.042,-0.36,0.67,9.63,0.09,0.52,-0.16,-0.11,0.15,9.8,1.75875,-1.25,0.0,0.0,6.9,1.0,1017.14,67.56,-17.4
2025-03-24 18:06:21.577000+00:00,52.90739645376501,,,,23.812,-0.812,-1.062,22.85,-86.0,-1.75,-44.25,0.017,-0.024,-0.076,-0.36,0.67,9.63,0.09,0.52,-0.16,-0.11,0.15,9.8,1.75875,-1.25,0.0,0.0,6.9,1.0,1017.14,67.56,-17.4
2025-03-24 18:06:22.587000+00:00,52.90739645376501,,,,23.812,-0.812,-1.062,22.85,-86.0,-1.75,-44.25,0.017,-0.007,0.026,-0.36,0.67,9.63,0.09,0.52,-0.16,-0.11,0.15,9.8,1.75875,-1.25,0.0,0.0,6.9,1.0,1017.14,67.56,-17.4
2025-03-24 18:06:23.603000+00:00,52.90739645376501,,,,23.812,-0.812,-1.062,22.85,-86.0,-1.75,-44.25,-0.042,0.008,-0.018,-0.36,0.67,9.63,0.09,0.52,-0.16,-0.11,0.15,9.8,1.75875,-1.25,0.0,0.0,6.9,1.0,1017.14,67.56,-17.4
2025-03-24 18:06:24.594000+00:00,52.90739645376501,,,,23.812,-0.812,-1.062,22.85,-86.0,-1.75,-44.25,-0.011,-0.04,-0.134,-0.36,0.67,9.63,0.09,0.52,-0.16,-0.11,0.15,9.8,1.75875,-1.25,0.0,0.0,6.9,1.0,1017.14,67.56,-17.4
2025-03-24 18:06:25.608000+00:00,52.90739645376501,,,,23.812,-0.812,-1.062,22.85,-86.0,-1.75,-44.25,0.009,0.043,0.054,-0.36,0.67,9.63,0.09,0.52,-0.16,-0.11,0.15,9.8,1.75875,-1.25,0.0,0.0,6.9,1.0,1017.14,67.56,-17.4
2025-03-24 18:06:26.623000+00:00,52.90739645376501,,,,23.812,-0.812,-1.062,22.85,-86.0,-1.75,-44.25,0.029,-0.019,0.017,-0.36,0.67,9.63,0.09,0.52,-0.16,-0.11,0.15,9.8,1.75875,-1.25,0.0,0.0,6.9,1.0,1017.14,67.56,-17.4
2025-03-24 18:06:27.627000+00:00,52.90739645376501,,,,23.812,-0.812,-1.062,22.85,-86.0,-1.75,-44.25,0.023,-0.018,0.068,-0.36,0.67,9.63,0.09,0.52,-0.16,-0.11,0.15,9.8,1.75875,-1.25,0.0,0.0,6.9,1.0,1017.14,67.56,-17.4
2025-03-24 18:06:28.677000+00:00,52.90739645376501,,,,23.812,-0.812,-1.062,22.85,-86.0,-1.75,-44.25,-0.032,-0.019,0.057,-0.36,0.67,9.63,0.09,0.52,-0.16,-0.11,0.15,9.8,1.75875,-1.25,0.0,0.0,6.9,1.0,1017.14,67.56,-17.4
2025-03-24 18:06:29.637000+00:00,52.90739645376501,,,,23.812,-0.812,-1.062,22.85,-86.0,-1.75,-44.25,-0.016,-0.026,-0.022,-0.36,0.67,9.63,0.09,0.52,-0.16,-0.11,0.15,9.8,1.75875,-1.25,0.0,0.0,6.9,1.0,1017.14,67.56,-17.4
2025-03-24 18:06:30.696000+00:00,52.90739645376501,,,,23.812,-0.812,-1.062,22.85,-86.0,-1.75,-44.25,0.016,0.054,0.062,-0.36,0.67,9.63,0.09,0.52,-0.16,-0.11,0.15,9.8,1.75875,-1.25,0.0,0.0,6.9,1.0,1017.14,67.56,-17.4
2025-03-24 18:06:31.754000+00:00,52.90739645376501,,,,23.812,-0.812,-1.062,22.85,-86.0,-1.75,-44.25,0.016,-0.037,-0.21,-0.36,0.67,9.63,0.09,0.52,-0.16,-0.11,0.15,9.8,1.75875,-1.25,0.0,0.0,6.9,1.0,1017.14,67.56,-17.4
2025-03-24 18:05:32.048000+00:00,52.90739645376501,,,,23.812,-0.812,-1.062,22.85,-86.0,-1.75,-44.25,0.016,-0.037,-0.21,-0.36,0.67,9.63,0.09,0.52,-0.16,-0.11,0.15,9.8,1.75875,-1.25,0.0,0.0,6.9,1.0,1017.14,67.56,-17.4
2025-03-24 18:05:33.149000+00:00,52.90739645376501,,,,23.812,-0.812,-1.062,22.85,-86.0,-1.75,-44.25,0.016,-0.037,-0.21,-0.01,0.67,9.63,0.09,0.52,-0.16,-0.11,0.15,9.8,1.75875,-1.25,0.0,0.0,6.9,1.0,1017.14,67.56,-17.4
2025-03-24 18:05:34.270000+00:00,52.90739645376501,,,,23.812,-0.812,-1.062,22.85,-86.0,-1.75,-44.25,0.016,-0.037,-0.21,-0.36,0.11,9.82,0.09,0.52,-0.16,-0.11,0.15,9.8,1.75875,-1.25,0.0,0.0,6.9,1.0,1017.14,67.56,-17.4
2025-03-24 18:05:35.069000+00:00,52.90739645376501,,,,23.812,-0.812,-1.062,22.85,-86.0,-1.75,-44.25,0.016,-0.037,-0.21,-0.36,0.18,9.3,0.09,0.52,-0.16,-0.11,0.15,9.8,1.75875,-1.25,0.0,0.0,6.9,1.0,1017.14,67.56,-17.4
2025-03-24 18:05:36.079000+00:00,52.90739645376501,,,,23.812,-0.812,-1.062,22.85,-86.0,-1.75,-44.25,0.016,-0.037,-0.21,-0.02,0.49,9.4,0.09,0.52,-0.16,-0.11,0.15,9.8,1.75875,-1.25,0.0,0.0,6.9,1.0,1017.14,67.56,-17.4
2025-03-24 18:05:37.108000+00:00,52.90739645376501,,,,23.812,-0.812,-1.062,22.85,-86.0,-1.75,-44.25,0.016,-0.037,-0.21,0.31,-0.82,9.44,0.09,0.52,-0.16,-0.11,0.15,9.8,1.75875,-1.25,0.0,0.0,6.9,1.0,1017.14,67.56,-17.4
2025-03-24 18:05:38.119000+00:00,52.90739645376501,,,,23.812,-0.812,-1.062,22.85,-86.0,-1.75,-44.25,0.016,-0.037,-0.21,0.05,-0.9,9.3,0.09,0.52,-0.16,-0.11,0.15,9.8,1.75875,-1.25,0.0,0.0,6.9,1.0,1017.14,67.56,-17.4
2025-03-24 18:05:39.129000+00:00,52.90739645376501,,,,23.812,-0.812,-1.062,22.85,-86.0,-1.75,-44.25,0.016,-0.037,-0.21,-0.18,0.69,9.22,0.09,0.52,-0.16,-0.11,0.15,9.8,1.75875,-1.25,0.0,0.0,6.9,1.0,1017.14,67.56,-17.4
2025-03-24 18:05:40.129000+00:00,52.90739645376501,,,,23.812,-0.812,-1.062,22.85,-86.0,-1.75,-44.25,0.016,-0.037,-0.21,0.29,0.08,9.33,0.09,0.52,-0.16,-0.11,0.15,9.8,1.75875,-1.25,0.0,0.0,6.9,1.0,1017.14,67.56,-17.4
2025-03-24 18:05:41.190000+00:00,52.90739645376501,,,,23.812,-0.812,-1.062,22.85,-86.0,-1.75,-44.25,0.016,-0.037,-0.21,-0.56,-0.45,9.3,0.09,0.52,-0.16,-0.11,0.15,9.8,1.75875,-1.25,0.0,0.0,6.9,1.0,1017.14,67.56,-17.4
2025-03-24 18:05:42.298000+00:00,52.90739645376501,,,,23.812,-0.812,-1.062,22.85,-86.0,-1.75,-44.25,0.016,-0.037,-0.21,0.26,-1.17,9.27,0.09,0.52,-0.16,-0.11,0.15,9.8,1.75875,-1.25,0.0,0.0,6.9,1.0,1017.14,67.56,-17.4
2025-03-24 18:05:43.440000+00:00,52.90739645376501,,,,23.812,-0.812,-1.062,22.85,-86.0,-1.75,-44.25,0.016,-0.037,-0.21,-0.44,-0.17,9.51,0.09,0.52,-0.16,-0.11,0.15,9.8,1.75875,-1.25,0.0,0.0,6.9,1.0,1017.14,67.56,-17.4
2025-03-24 18:05:44.190000+00:00,52.90739645376501,,,,23.812,-0.812,-1.062,22.85,-86.0,-1.75,-44.25,0.016,-0.037,-0.21,0.11,1.47,9.34,0.09,0.52,-0.16,-0.11,0.15,9.8,1.75875,-1.25,0.0,0.0,6.9,1.0,1017.14,67.56,-17.4
2025-03-24 18:05:45.178000+00:00,52.90739645376501,,,,23.812,-0.812,-1.062,22.85,-86.0,-1.75,-44.25,0.016,-0.037,-0.21,-0.78,-0.03,9.5,0.09,0.52,-0.16,-0.11,0.15,9.8,1.75875,-1.25,0.0,0.0,6.9,1.0,1017.14,67.56,-17.4
2025-03-24 18:05:46.206000+00:00,52.90739645376501,,,,23.812,-0.812,-1.062,22.85,-86.0,-1.75,-44.25,0.016,-0.037,-0.21,-0.49,-0.52,9.83,0.09,0.52,-0.16,-0.11,0.15,9.8,1.75875,-1.25,0.0,0.0,6.9,1.0,1017.14,67.56,-17.4
2025-03-24 18:05:47.255000+00:00,52.90739645376501,,,,23.812,-0.812,-1.062,22.85,-86.0,-1.75,-44.25,0.016,-0.037,-0.21,0.63,0.27,9.04,0.09,0.52,-0.16,-0.11,0.15,9.8,1.75875,-1.25,0.0,0.0,6.9,1.0,1017.14,67.56,-17.4
2025-03-24 18:05:48.208000+00:00,52.90739645376501,,,,23.812,-0.812,-1.062,22.85,-86.0,-1.75,-44.25,0.016,-0.037,-0.21,-0.39,0.56,9.41,0.09,0.52,-0.16,-0.11,0.15,9.8,1.75875,-1.25,0.0,0.0,6.9,1.0,1017.14,67.56,-17.4
2025-03-24 18:05:49.208000+00:00,52.90739645376501,,,,23.812,-0.812,-1.062,22.85,-86.0,-1.75,-44.25,0.016,-0.037,-0.21,0.26,-0.91,9.75,0.09,0.52,-0.16,-0.11,0.15,9.8,1.75875,-1.25,0.0,0.0,6.9,1.0,1017.14,67.56,-17.4
2025-03-24 18:05:50.228000+00:00,52.90739645376501,,,,23.812,-0.812,-1.062,22.85,-86.0,-1.75,-44.25,0.016,-0.037,-0.21,-0.35,0.11,9.38,0.09,0.52,-0.16,-0.11,0.15,9.8,1.75875,-1.25,0.0,0.0,6.9,1.0,1017.14,67.56,-17.4
2025-03-24 18:05:51.385000+00:00,52.90739645376501,,,,23.812,-0.812,-1.062,22.85,-86.0,-1.75,-44.25,0.016,-0.037,-0.21,-0.27,0.72,9.5,0.09,0.52,-0.16,-0.11,0.15,9.8,1.75875,-1.25,0.0,0.0,6.9,1.0,1017.14,67.56,-17.4
2025-03-24 18:05:52.514000+00:00,52.90739645376501,,,,23.812,-0.812,-1.062,22.85,-86.0,-1.75,-44.25,0.016,-0.037,-0.21,0.25,-0.14,9.07,0.09,0.52,-0.16,-0.11,0.15,9.8,1.75875,-1.25,0.0,0.0,6.9,1.0,1017.14,67.56,-17.4
2025-03-24 18:05:53.525000+00:00,52.90739645376501,,,,23.812,-0.812,-1.062,22.85,-86.0,-1.75,-44.25,0.016,-0.037,-0.21,-0.58,1.13,9.35,0.09,0.52,-0.16,-0.11,0.15,9.8,1.75875,-1.25,0.0,0.0,6.9,1.0,1017.14,67.56,-17.4
2025-03-24 18:05:54.258000+00:00,52.90739645376501,,,,23.812,-0.812,-1.062,22.85,-86.0,-1.75,-44.25,0.016,-0.037,-0.21,-0.61,0.6,9.43,0.09,0.52,-0.16,-0.11,0.15,9.8,1.75875,-1.25,0.0,0.0,6.9,1.0,1017.14,67.56,-17.4
2025-03-24 18:05:55.278000+00:00,52.90739645376501,,,,23.812,-0.812,-1.062,22.85,-86.0,-1.75,-44.25,0.016,-0.037,-0.21,0.08,0.06,9.3,0.09,0.52,-0.16,-0.11,0.15,9.8,1.75875,-1.25,0.0,0.0,6.9,1.0,1017.14,67.56,-17.4
2025-03-24 18:05:56.288000+00:00,52.90739645376501,,,,23.812,-0.812,-1.062,22.85,-86.0,-1.75,-44.25,0.016,-0.037,-0.21,1.97,-0.6,9.77,0.09,0.52,-0.16,-0.11,0.15,9.8,1.75875,-1.25,0.0,0.0,6.9,1.0,1017.14,67.56,-17.4
2025-03-24 18:05:57.287000+00:00,52.90739645376501,,,,23.812,-0.812,-1.062,22.85,-86.0,-1.75,-44.25,0.016,-0.037,-0.21,0.46,-1.05,9.18,0.09,0.52,-0.16,-0.11,0.15,9.8,1.75875,-1.25,0.0,0.0,6.9,1.0,1017.14,67.56,-17.4
2025-03-24 18:05:58.327000+00:00,52.90739645376501,,,,23.812,-0.812,-1.062,22.85,-86.0,-1.75,-44.25,0.016,-0.037,-0.21,0.21,0.32,9.64,0.09,0.52,-0.16,-0.11,0.15,9.8,1.75875,-1.25,0.0,0.0,6.9,1.0,1017.14,67.56,-17.4
2025-03-24 18:05:59.321000+00:00,52.90739645376501,,,,23.812,-0.812,-1.062,22.85,-86.0,-1.75,-44.25,0.016,-0.037,-0.21,-0.15,-0.23,9.52,0.09,0.52,-0.16,-0.11,0.15,9.8,1.75875,-1.25,0.0,0.0,6.9,1.0,1017.14,67.56,-17.4
2025-03-24 18:06:00.353000+00:00,52.90739645376501,,,,23.812,-0.812,-1.062,22.85,-86.0,-1.75,-44.25,0.016,-0.037,-0.21,-0.27,0.2,9.23,0.09,0.52,-0.16,-0.11,0.15,9.8,1.75875,-1.25,0.0,0.0,6.9,1.0,1017.14,67.56,-17.4
2025-03-24 18:06:01.475000+00:00,52.90739645376501,,,,23.812,-0.812,-1.062,22.85,-86.0,-1.75,-44.25,0.016,-0.037,-0.21,0.29,0.22,9.15,0.09,0.52,-0.16,-0.11,0.15,9.8,1.75875,-1.25,0.0,0.0,6.9,1.0,1017.14,67.56,-17.4
2025-03-24 18:06:02.587000+00:00,52.90739645376501,,,,23.812,-0.812,-1.062,22.85,-86.0,-1.75,-44.25,0.016,-0.037,-0.21,0.23,0.67,9.36,0.09,0.52,-0.16,-0.11,0.15,9.8,1.75875,-1.25,0.0,0.0,6.9,1.0,1017.14,67.56,-17.4
2025-03-24 18:06:03.357000+00:00,52.90739645376501,,,,23.812,-0.812,-1.062,22.85,-86.0,-1.75,-44.25,0.016,-0.037,-0.21,0.24,-0.96,9.38,0.09,0.52,-0.16,-0.11,0.15,9.8,1.75875,-1.25,0.0,0.0,6.9,1.0,1017.14,67.56,-17.4
2025-03-24 18:06:04.357000+00:00,52.90739645376501,,,,23.812,-0.812,-1.062,22.85,-86.0,-1.75,-44.25,0.016,-0.037,-0.21,-0.58,-0.13,9.41,0.09,0.52,-0.16,-0.11,0.15,9.8,1.75875,-1.25,0.0,0.0,6.9,1.0,1017.14,67.56,-17.4
2025-03-24 18:06:05.378000+00:00,52.90739645376501,,,,23.812,-0.812,-1.062,22.85,-86.0,-1.75,-44.25,0.016,-0.037,-0.21,-0.34,0.21,9.39,0.09,0.52,-0.16,-0.11,0.15,9.8,1.75875,-1.25,0.0,0.0,6.9,1.0,1017.14,67.56,-17.4
2025-03-24 18:06:06.395000+00:00,52.90739645376501,,,,23.812,-0.812,-1.062,22.85,-86.0,-1.75,-44.25,0.016,-0.037,-0.21,-0.72,0.11,9.59,0.09,0.52,-0.16,-0.11,0.15,9.8,1.75875,-1.25,0.0,0.0,6.9,1.0,1017.14,67.56,-17.4
2025-03-24 18:06:07.398000+00:00,52.90739645376501,,,,23.812,-0.812,-1.062,22.85,-86.0,-1.75,-44.25,0.016,-0.037,-0.21,-0.43,-0.03,9.36,0.09,0.52,-0.16,-0.11,0.15,9.8,1.75875,-1.25,0.0,0.0,6.9,1.0,1017.14,67.56,-17.4
2025-03-24 18:06:08.414000+00:00,52.90739645376501,,,,23.812,-0.812,-1.062,22.85,-86.0,-1.75,-44.25,0.016,-0.037,-0.21,-0.07,0.86,9.67,0.09,0.52,-0.16,-0.11,0.15,9.8,1.75875,-1.25,0.0,0.0,6.9,1.0,1017.14,67.56,-17.4
2025-03-24 18:06:09.417000+00:00,52.90739645376501,,,,23.812,-0.812,-1.062,22.85,-86.0,-1.75,-44.25,0.016,-0.037,-0.21,-0.85,0.79,9.48,0.09,0.52,-0.16,-0.11,0.15,9.8,1.75875,-1.25,0.0,0.0,6.9,1.0,1017.14,67.56,-17.4
2025-03-24 18:06:10.428000+00:00,52.90739645376501,,,,23.812,-0.812,-1.062,22.85,-86.0,-1.75,-44.25,0.016,-0.037,-0.21,-0.19,-0.59,9.74,0.09,0.52,-0.16,-0.11,0.15,9.8,1.75875,-1.25,0.0,0.0,6.9,1.0,1017.14,67.56,-17.4
2025-03-24 18:06:11.444000+00:00,52.90739645376501,,,,23.812,-0.812,-1.062,22.85,-86.0,-1.75,-44.25,0.016,-0.037,-0.21,0.21,0.45,9.37,0.09,0.52,-0.16,-0.11,0.15,9.8,1.75875,-1.25,0.0,0.0,6.9,1.0,1017.14,67.56,-17.4
2025-03-24 18:06:12.439000+00:00,52.90739645376501,,,,23.812,-0.812,-1.062,22.85,-86.0,-1.75,-44.25,0.016,-0.037,-0.21,-0.09,-0.11,9.46,0.09,0.52,-0.16,-0.11,0.15,9.8,1.75875,-1.25,0.0,0.0,6.9,1.0,1017.14,67.56,-17.4
2025-03-24 18:06:13.597000+00:00,52.90739645376501,,,,23.812,-0.812,-1.062,22.85,-86.0,-1.75,-44.25,0.016,-0.037,-0.21,-0.22,-0.46,9.53,0.09,0.52,-0.16,-0.11,0.15,9.8,1.75875,-1.25,0.0,0.0,6.9,1.0,1017.14,67.56,-17.4
2025-03-24 18:06:14.618000+00:00,52.90739645376501,,,,23.812,-0.812,-1.062,22.85,-86.0,-1.75,-44.25,0.016,-0.037,-0.21,0.21,0.0,9.33,0.09,0.52,-0.16,-0.11,0.15,9.8,1.75875,-1.25,0.0,0.0,6.9,1.0,1017.14,67.56,-17.4
2025-03-24 18:06:15.634000+00:00,52.90739645376501,,,,23.812,-0.812,-1.062,22.85,-86.0,-1.75,-44.25,0.016,-0.037,-0.21,-0.05,-0.57,9.31,0.09,0.52,-0.16,-0.11,0.15,9.8,1.75875,-1.25,0.0,0.0,6.9,1.0,1017.14,67.56,-17.4
2025-03-24 18:06:16.736000+00:00,52.90739645376501,,,,23.812,-0.812,-1.062,22.85,-86.0,-1.75,-44.25,0.016,-0.037,-0.21,-0.95,0.24,9.53,0.09,0.52,-0.16,-0.11,0.15,9.8,1.75875,-1.25,0.0,0.0,6.9,1.0,1017.14,67.56,-17.4
2025-03-24 18:06:17.777000+00:00,52.90739645376501,,,,23.812,-0.812,-1.062,22.85,-86.0,-1.75,-44.25,0.016,-0.037,-0.21,-0.42,0.07,9.69,0.09,0.52,-0.16,-0.11,0.15,9.8,1.75875,-1.25,0.0,0.0,6.9,1.0,1017.14,67.56,-17.4
2025-03-24 18:06:18.718000+00:00,52.90739645376501,,,,23.812,-0.812,-1.062,22.85,-86.0,-1.75,-44.25,0.016,-0.037,-0.21,0.14,-0.55,9.33,0.09,0.52,-0.16,-0.11,0.15,9.8,1.75875,-1.25,0.0,0.0,6.9,1.0,1017.14,67.56,-17.4
2025-03-24 18:06:19.837000+00:00,52.90739645376501,,,,23.812,-0.812,-1.062,22.85,-86.0,-1.75,-44.25,0.016,-0.037,-0.21,-0.06,0.56,9.4,0.09,0.52,-0.16,-0.11,0.15,9.8,1.75875,-1.25,0.0,0.0,6.9,1.0,1017.14,67.56,-17.4
2025-03-24 18:06:21.008000+00:00,52.90739645376501,,,,23.812,-0.812,-1.062,22.85,-86.0,-1.75,-44.25,0.016,-0.037,-0.21,-0.07,0.32,9.55,0.09,0.52,-0.16,-0.11,0.15,9.8,1.75875,-1.25,0.0,0.0,6.9,1.0,1017.14,67.56,-17.4
2025-03-24 18:06:21.636000+00:00,52.90739645376501,,,,23.812,-0.812,-1.062,22.85,-86.0,-1.75,-44.25,0.016,-0.037,-0.21,0.1,-0.97,9.26,0.09,0.52,-0.16,-0.11,0.15,9.8,1.75875,-1.25,0.0,0.0,6.9,1.0,1017.14,67.56,-17.4
2025-03-24 18:06:22.637000+00:00,52.90739645376501,,,,23.812,-0.812,-1.062,22.85,-86.0,-1.75,-44.25,0.016,-0.037,-0.21,-0.72,0.62,9.38,0.09,0.52,-0.16,-0.11,0.15,9.8,1.75875,-1.25,0.0,0.0,6.9,1.0,1017.14,67.56,-17.4
2025-03-24 18:06:23.664000+00:00,52.90739645376501,,,,23.812,-0.812,-1.062,22.85,-86.0,-1.75,-44.25,0.016,-0.037,-0.21,-0.16,-0.05,9.4,0.09,0.52,-0.16,-0.11,0.15,9.8,1.75875,-1.25,0.0,0.0,6.9,1.0,1017.14,67.56,-17.4
2025-03-24 18:06:24.652000+00:00,52.90739645376501,,,,23.812,-0.812,-1.062,22.85,-86.0,-1.75,-44.25,0.016,-0.037,-0.21,-0.04,-0.64,9.17,0.09,0.52,-0.16,-0.11,0.15,9.8,1.75875,-1.25,0.0,0.0,6.9,1.0,1017.14,67.56,-17.4
2025-03-24 18:06:25.666000+00:00,52.90739645376501,,,,23.812,-0.812,-1.062,22.85,-86.0,-1.75,-44.25,0.016,-0.037,-0.21,-0.45,0.4,9.55,0.09,0.52,-0.16,-0.11,0.15,9.8,1.75875,-1.25,0.0,0.0,6.9,1.0,1017.14,67.56,-17.4
2025-03-24 18:06:26.676000+00:00,52.90739645376501,,,,23.812,-0.812,-1.062,22.85,-86.0,-1.75,-44.25,0.016,-0.037,-0.21,-0.66,0.76,9.78,0.09,0.52,-0.16,-0.11,0.15,9.8,1.75875,-1.25,0.0,0.0,6.9,1.0,1017.14,67.56,-17.4
2025-03-24 18:06:27.677000+00:00,52.90739645376501,,,,23.812,-0.812,-1.062,22.85,-86.0,-1.75,-44.25,0.016,-0.037,-0.21,0.28,0.27,9.36,0.09,0.52,-0.16,-0.11,0.15,9.8,1.75875,-1.25,0.0,0.0,6.9,1.0,1017.14,67.56,-17.4
2025-03-24 18:06:28.727000+00:00,52.90739645376501,,,,23.812,-0.812,-1.062,22.85,-86.0,-1.75,-44.25,0.016,-0.037,-0.21,-0.13,0.35,9.67,0.09,0.52,-0.16,-0.11,0.15,9.8,1.75875,-1.25,0.0,0.0,6.9,1.0,1017.14,67.56,-17.4
2025-03-24 18:06:29.687000+00:00,52.90739645376501,,,,23.812,-0.812,-1.062,22.85,-86.0,-1.75,-44.25,0.016,-0.037,-0.21,0.19,-0.01,9.55,0.09,0.52,-0.16,-0.11,0.15,9.8,1.75875,-1.25,0.0,0.0,6.9,1.0,1017.14,67.56,-17.4
2025-03-24 18:06:30.746000+00:00,52.90739645376501,,,,23.812,-0.812,-1.062,22.85,-86.0,-1.75,-44.25,0.016,-0.037,-0.21,-0.9,0.23,8.84,0.09,0.52,-0.16,-0.11,0.15,9.8,1.75875,-1.25,0.0,0.0,6.9,1.0,1017.14,67.56,-17.4
2025-03-24 18:06:31.814000+00:00,52.90739645376501,,,,23.812,-0.812,-1.062,22.85,-86.0,-1.75,-44.25,0.016,-0.037,-0.21,0.22,-0.63,9.59,0.09,0.52,-0.16,-0.11,0.15,9.8,1.75875,-1.25,0.0,0.0,6.9,1.0,1017.14,67.56,-17.4
2025-03-24 18:05:33.199000+00:00,52.90739645376501,,,,23.812,-0.812,-1.062,22.85,-86.0,-1.75,-44.25,0.016,-0.037,-0.21,0.22,-0.63,9.59,0.09,0.52,-0.16,-0.11,0.15,9.8,1.75875,-1.25,0.0,0.0,6.9,1.0,1017.14,67.56,-17.4
2025-03-24 18:05:34.319000+00:00,52.90739645376501,,,,23.812,-0.812,-1.062,22.85,-86.0,-1.75,-44.25,0.016,-0.037,-0.21,0.22,-0.63,9.59,-0.25,-0.01,0.02,-0.11,0.15,9.8,1.75875,-1.25,0.0,0.0,6.9,1.0,1017.14,67.56,-17.4
2025-03-24 18:05:35.119000+00:00,52.90739645376501,,,,23.812,-0.812,-1.062,22.85,-86.0,-1.75,-44.25,0.016,-0.037,-0.21,0.22,-0.63,9.59,0.02,0.03,-0.44,-0.11,0.15,9.8,1.75875,-1.25,0.0,0.0,6.9,1.0,1017.14,67.56,-17.4
2025-03-24 18:05:36.136000+00:00,52.90739645376501,,,,23.812,-0.812,-1.062,22.85,-86.0,-1.75,-44.25,0.016,-0.037,-0.21,0.22,-0.63,9.59,0.06,0.36,-0.4,-0.11,0.15,9.8,1.75875,-1.25,0.0,0.0,6.9,1.0,1017.14,67.56,-17.4
2025-03-24 18:05:37.159000+00:00,52.90739645376501,,,,23.812,-0.812,-1.062,22.85,-86.0,-1.75,-44.25,0.016,-0.037,-0.21,0.22,-0.63,9.59,0.41,-0.93,-0.35,-0.11,0.15,9.8,1.75875,-1.25,0.0,0.0,6.9,1.0,1017.14,67.56,-17.4
2025-03-24 18:05:38.170000+00:00,52.90739645376501,,,,23.812,-0.812,-1.062,22.85,-86.0,-1.75,-44.25,0.016,-0.037,-0.21,0.22,-0.63,9.59,0.13,-1.0,-0.5,-0.11,0.15,9.8,1.75875,-1.25,0.0,0.0,6.9,1.0,1017.14,67.56,-17.4
2025-03-24 18:05:39.179000+00:00,52.90739645376501,,,,23.812,-0.812,-1.062,22.85,-86.0,-1.75,-44.25,0.016,-0.037,-0.21,0.22,-0.63,9.59,-0.11,0.56,-0.58,-0.11,0.15,9.8,1.75875,-1.25,0.0,0.0,6.9,1.0,1017.14,67.56,-17.4
2025-03-24 18:05:40.184000+00:00,52.90739645376501,,,,23.812,-0.812,-1.062,22.85,-86.0,-1.75,-44.25,0.016,-0.037,-0.21,0.22,-0.63,9.59,0.38,-0.04,-0.47,-0.11,0.15,9.8,1.75875,-1.25,0.0,0.0,6.9,1.0,1017.14,67.56,-17.4
2025-03-24 18:05:41.240000+00:00,52.90739645376501,,,,23.812,-0.812,-1.062,22.85,-86.0,-1.75,-44.25,0.016,-0.037,-0.21,0.22,-0.63,9.59,-0.5,-0.57,-0.5,-0.11,0.15,9.8,1.75875,-1.25,0.0,0.0,6.9,1.0,1017.14,67.56,-17.4
2025-03-24 18:05:42.349000+00:00,52.90739645376501,,,,23.812,-0.812,-1.062,22.85,-86.0,-1.75,-44.25,0.016,-0.037,-0.21,0.22,-0.63,9.59,0.35,-1.27,-0.53,-0.11,0.15,9.8,1.75875,-1.25,0.0,0.0,6.9,1.0,1017.14,67.56,-17.4
2025-03-24 18:05:43.489000+00:00,52.90739645376501,,,,23.812,-0.812,-1.062,22.85,-86.0,-1.75,-44.25,0.016,-0.037,-0.21,0.22,-0.63,9.59,-0.33,-0.29,-0.28,-0.11,0.15,9.8,1.75875,-1.25,0.0,0.0,6.9,1.0,1017.14,67.56,-17.4
2025-03-24 18:05:44.238000+00:00,52.90739645376501,,,,23.812,-0.812,-1.062,22.85,-86.0,-1.75,-44.25,0.016,-0.037,-0.21,0.22,-0.63,9.59,0.21,1.32,-0.46,-0.11,0.15,9.8,1.75875,-1.25,0.0,0.0,6.9,1.0,1017.14,67.56,-17.4
2025-03-24 18:05:45.230000+00:00,52.90739645376501,,,,23.812,-0.812,-1.062,22.85,-86.0,-1.75,-44.25,0.016,-0.037,-0.21,0.22,-0.63,9.59,-0.64,-0.16,-0.29,-0.11,0.15,9.8,1.75875,-1.25,0.0,0.0,6.9,1.0,1017.14,67.56,-17.4
2025-03-24 18:05:46.258000+00:00,52.90739645376501,,,,23.812,-0.812,-1.062,22.85,-86.0,-1.75,-44.25,0.016,-0.037,-0.21,0.22,-0.63,9.59,-0.36,-0.66,0.02,-0.11,0.15,9.8,1.75875,-1.25,0.0,0.0,6.9,1.0,1017.14,67.56,-17.4
2025-03-24 18:05:47.315000+00:00,52.90739645376501,,,,23.812,-0.812,-1.062,22.85,-86.0,-1.75,-44.25,0.016,-0.037,-0.21,0.22,-0.63,9.59,0.77,0.09,-0.76,-0.11,0.15,9.8,1.75875,-1.25,0.0,0.0,6.9,1.0,1017.14,67.56,-17.4
2025-03-24 18:05:48.265000+00:00,52.90739645376501,,,,23.812,-0.812,-1.062,22.85,-86.0,-1.75,-44.25,0.016,-0.037,-0.21,0.22,-0.63,9.59,-0.22,0.4,-0.38,-0.11,0.15,9.8,1.75875,-1.25,0.0,0.0,6.9,1.0,1017.14,67.56,-17.4
2025-03-24 18:05:49.258000+00:00,52.90739645376501,,,,23.812,-0.812,-1.062,22.85,-86.0,-1.75,-44.25,0.016,-0.037,-0.21,0.22,-0.63,9.59,-0.2,-0.58,-0.69,-0.11,0.15,9.8,1.75875,-1.25,0.0,0.0,6.9,1.0,1017.14,67.56,-17.4
2025-03-24 18:05:50.295000+00:00,52.90739645376501,,,,23.812,-0.812,-1.062,22.85,-86.0,-1.75,-44.25,0.016,-0.037,-0.21,0.22,-0.63,9.59,-0.18,-0.03,-0.42,-0.11,0.15,9.8,1.75875,-1.25,0.0,0.0,6.9,1.0,1017.14,67.56,-17.4
2025-03-24 18:05:51.444000+00:00,52.90739645376501,,,,23.812,-0.812,-1.062,22.85,-86.0,-1.75,-44.25,0.016,-0.037,-0.21,0.22,-0.63,9.59,-0.08,0.57,-0.29,-0.11,0.15,9.8,1.75875,-1.25,0.0,0.0,6.9,1.0,1017.14,67.56,-17.4
2025-03-24 18:05:52.568000+00:00,52.90739645376501,,,,23.812,-0.812,-1.062,22.85,-86.0,-1.75,-44.25,0.016,-0.037,-0.21,0.22,-0.63,9.59,1.42,-1.01,-0.31,-0.11,0.15,9.8,1.75875,-1.25,0.0,0.0,6.9,1.0,1017.14,67.56,-17.4
2025-03-24 18:05:53.585000+00:00,52.90739645376501,,,,23.812,-0.812,-1.062,22.85,-86.0,-1.75,-44.25,0.016,-0.037,-0.21,0.22,-0.63,9.59,-0.45,0.23,-0.51,-0.11,0.15,9.8,1.75875,-1.25,0.0,0.0,6.9,1.0,1017.14,67.56,-17.4
2025-03-24 18:05:54.318000+00:00,52.90739645376501,,,,23.812,-0.812,-1.062,22.85,-86.0,-1.75,-44.25,0.016,-0.037,-0.21,0.22,-0.63,9.59,-0.44,0.45,-0.37,-0.11,0.15,9.8,1.75875,-1.25,0.0,0.0,6.9,1.0,1017.14,67.56,-17.4
2025-03-24 18:05:55.328000+00:00,52.90739645376501,,,,23.812,-0.812,-1.062,22.85,-86.0,-1.75,-44.25,0.016,-0.037,-0.21,0.22,-0.63,9.59,0.25,-0.05,-0.49,-0.11,0.15,9.8,1.75875,-1.25,0.0,0.0,6.9,1.0,1017.14,67.56,-17.4
2025-03-24 18:05:56.339000+00:00,52.90739645376501,,,,23.812,-0.812,-1.062,22.85,-86.0,-1.75,-44.25,0.016,-0.037,-0.21,0.22,-0.63,9.59,0.56,0.06,-0.18,-0.11,0.15,9.8,1.75875,-1.25,0.0,0.0,6.9,1.0,1017.14,67.56,-17.4
2025-03-24 18:05:57.339000+00:00,52.90739645376501,,,,23.812,-0.812,-1.062,22.85,-86.0,-1.75,-44.25,0.016,-0.037,-0.21,0.22,-0.63,9.59,0.21,-1.59,-0.38,-0.11,0.15,9.8,1.75875,-1.25,0.0,0.0,6.9,1.0,1017.14,67.56,-17.4
2025-03-24 18:05:58.389000+00:00,52.90739645376501,,,,23.812,-0.812,-1.062,22.85,-86.0,-1.75,-44.25,0.016,-0.037,-0.21,0.22,-0.63,9.59,0.32,0.2,-0.16,-0.11,0.15,9.8,1.75875,-1.25,0.0,0.0,6.9,1.0,1017.14,67.56,-17.4
2025-03-24 18:05:59.368000+00:00,52.90739645376501,,,,23.812,-0.812,-1.062,22.85,-86.0,-1.75,-44.25,0.016,-0.037,-0.21,0.22,-0.63,9.59,0.28,0.0,-0.49,-0.11,0.15,9.8,1.75875,-1.25,0.0,0.0,6.9,1.0,1017.14,67.56,-17.4
2025-03-24 18:06:00.404000+00:00,52.90739645376501,,,,23.812,-0.812,-1.062,22.85,-86.0,-1.75,-44.25,0.016,-0.037,-0.21,0.22,-0.63,9.59,-0.16,0.06,-0.56,-0.11,0.15,9.8,1.75875,-1.25,0.0,0.0,6.9,1.0,1017.14,67.56,-17.4
2025-03-24 18:06:01.534000+00:00,52.90739645376501,,,,23.812,-0.812,-1.062,22.85,-86.0,-1.75,-44.25,0.016,-0.037,-0.21,0.22,-0.63,9.59,0.41,0.08,-0.65,-0.11,0.15,9.8,1.75875,-1.25,0.0,0.0,6.9,1.0,1017.14,67.56,-17.4
2025-03-24 18:06:02.648000+00:00,52.90739645376501,,,,23.812,-0.812,-1.062,22.85,-86.0,-1.75,-44.25,0.016,-0.037,-0.21,0.22,-0.63,9.59,0.34,0.52,-0.44,-0.11,0.15,9.8,1.75875,-1.25,0.0,0.0,6.9,1.0,1017.14,67.56,-17.4
2025-03-24 18:06:03.408000+00:00,52.90739645376501,,,,23.812,-0.812,-1.062,22.85,-86.0,-1.75,-44.25,0.016,-0.037,-0.21,0.22,-0.63,9.59,0.39,-1.14,-0.42,-0.11,0.15,9.8,1.75875,-1.25,0.0,0.0,6.9,1.0,1017.14,67.56,-17.4
2025-03-24 18:06:04.415000+00:00,52.90739645376501,,,,23.812,-0.812,-1.062,22.85,-86.0,-1.75,-44.25,0.016,-0.037,-0.21,0.22,-0.63,9.59,-0.44,-0.31,-0.38,-0.11,0.15,9.8,1.75875,-1.25,0.0,0.0,6.9,1.0,1017.14,67.56,-17.4
2025-03-24 18:06:05.435000+00:00,52.90739645376501,,,,23.812,-0.812,-1.062,22.85,-86.0,-1.75,-44.25,0.016,-0.037,-0.21,0.22,-0.63,9.59,-0.21,0.03,-0.4,-0.11,0.15,9.8,1.75875,-1.25,0.0,0.0,6.9,1.0,1017.14,67.56,-17.4
2025-03-24 18:06:06.451000+00:00,52.90739645376501,,,,23.812,-0.812,-1.062,22.85,-86.0,-1.75,-44.25,0.016,-0.037,-0.21,0.22,-0.63,9.59,-0.58,-0.05,-0.21,-0.11,0.15,9.8,1.75875,-1.25,0.0,0.0,6.9,1.0,1017.14,67.56,-17.4
2025-03-24 18:06:07.449000+00:00,52.90739645376501,,,,23.812,-0.812,-1.062,22.85,-86.0,-1.75,-44.25,0.016,-0.037,-0.21,0.22,-0.63,9.59,-0.32,-0.19,-0.44,-0.11,0.15,9.8,1.75875,-1.25,0.0,0.0,6.9,1.0,1017.14,67.56,-17.4
2025-03-24 18:06:08.474000+00:00,52.90739645376501,,,,23.812,-0.812,-1.062,22.85,-86.0,-1.75,-44.25,0.016,-0.037,-0.21,0.22,-0.63,9.59,0.05,0.68,-0.13,-0.11,0.15,9.8,1.75875,-1.25,0.0,0.0,6.9,1.0,1017.14,67.56,-17.4
2025-03-24 18:06:09.467000+00:00,52.90739645376501,,,,23.812,-0.812,-1.062,22.85,-86.0,-1.75,-44.25,0.016,-0.037,-0.21,0.22,-0.63,9.59,-0.7,0.61,-0.32,-0.11,0.15,9.8,1.75875,-1.25,0.0,0.0,6.9,1.0,1017.14,67.56,-17.4
2025-03-24 18:06:10.478000+00:00,52.90739645376501,,,,23.812,-0.812,-1.062,22.85,-86.0,-1.75,-44.25,0.016,-0.037,-0.21,0.22,-0.63,9.59,-0.05,-0.76,-0.05,-0.11,0.15,9.8,1.75875,-1.25,0.0,0.0,6.9,1.0,1017.14,67.56,-17.4
2025-03-24 18:06:11.497000+00:00,52.90739645376501,,,,23.812,-0.812,-1.062,22.85,-86.0,-1.75,-44.25,0.016,-0.037,-0.21,0.22,-0.63,9.59,0.33,0.27,-0.42,-0.11,0.15,9.8,1.75875,-1.25,0.0,0.0,6.9,1.0,1017.14,67.56,-17.4
2025-03-24 18:06:12.647000+00:00,52.90739645376501,,,,23.812,-0.812,-1.062,22.85,-86.0,-1.75,-44.25,0.016,-0.037,-0.21,0.22,-0.63,9.59,-0.09,-0.06,-0.29,-0.11,0.15,9.8,1.75875,-1.25,0.0,0.0,6.9,1.0,1017.14,67.56,-17.4
2025-03-24 18:06:13.647000+00:00,52.90739645376501,,,,23.812,-0.812,-1.062,22.85,-86.0,-1.75,-44.25,0.016,-0.037,-0.21,0.22,-0.63,9.59,-0.07,-0.63,-0.26,-0.11,0.15,9.8,1.75875,-1.25,0.0,0.0,6.9,1.0,1017.14,67.56,-17.4
2025-03-24 18:06:14.675000+00:00,52.90739645376501,,,,23.812,-0.812,-1.062,22.85,-86.0,-1.75,-44.25,0.016,-0.037,-0.21,0.22,-0.63,9.59,0.39,-0.07,-0.38,-0.11,0.15,9.8,1.75875,-1.25,0.0,0.0,6.9,1.0,1017.14,67.56,-17.4
2025-03-24 18:06:15.688000+00:00,52.90739645376501,,,,23.812,-0.812,-1.062,22.85,-86.0,-1.75,-44.25,0.016,-0.037,-0.21,0.22,-0.63,9.59,0.08,-0.74,-0.48,-0.11,0.15,9.8,1.75875,-1.25,0.0,0.0,6.9,1.0,1017.14,67.56,-17.4
2025-03-24 18:06:16.788000+00:00,52.90739645376501,,,,23.812,-0.812,-1.062,22.85,-86.0,-1.75,-44.25,0.016,-0.037,-0.21,0.22,-0.63,9.59,-0.79,0.05,-0.26,-0.11,0.15,9.8,1.75875,-1.25,0.0,0.0,6.9,1.0,1017.14,67.56,-17.4
2025-03-24 18:06:17.834000+00:00,52.90739645376501,,,,23.812,-0.812,-1.062,22.85,-86.0,-1.75,-44.25,0.016,-0.037,-0.21,0.22,-0.63,9.59,-0.28,-0.1,-0.11,-0.11,0.15,9.8,1.75875,-1.25,0.0,0.0,6.9,1.0,1017.14,67.56,-17.4
2025-03-24 18:06:18.766000+00:00,52.90739645376501,,,,23.812,-0.812,-1.062,22.85,-86.0,-1.75,-44.25,0.016,-0.037,-0.21,0.22,-0.63,9.59,0.23,-1.04,-0.35,-0.11,0.15,9.8,1.75875,-1.25,0.0,0.0,6.9,1.0,1017.14,67.56,-17.4
2025-03-24 18:06:19.894000+00:00,52.90739645376501,,,,23.812,-0.812,-1.062,22.85,-86.0,-1.75,-44.25,0.016,-0.037,-0.21,0.22,-0.63,9.59,0.1,0.34,-0.39,-0.11,0.15,9.8,1.75875,-1.25,0.0,0.0,6.9,1.0,1017.14,67.56,-17.4
2025-03-24 18:06:21.057000+00:00,52.90739645376501,,,,23.812,-0.812,-1.062,22.85,-86.0,-1.75,-44.25,0.016,-0.037,-0.21,0.22,-0.63,9.59,0.06,0.08,-0.24,-0.11,0.15,9.8,1.75875,-1.25,0.0,0.0,6.9,1.0,1017.14,67.56,-17.4
2025-03-24 18:06:21.687000+00:00,52.90739645376501,,,,23.812,-0.812,-1.062,22.85,-86.0,-1.75,-44.25,0.016,-0.037,-0.21,0.22,-0.63,9.59,0.23,-1.18,-0.54,-0.11,0.15,9.8,1.75875,-1.25,0.0,0.0,6.9,1.0,1017.14,67.56,-17.4
2025-03-24 18:06:22.696000+00:00,52.90739645376501,,,,23.812,-0.812,-1.062,22.85,-86.0,-1.75,-44.25,0.016,-0.037,-0.21,0.22,-0.63,9.59,-0.59,0.39,-0.41,-0.11,0.15,9.8,1.75875,-1.25,0.0,0.0,6.9,1.0,1017.14,67.56,-17.4
2025-03-24 18:06:23.726000+00:00,52.90739645376501,,,,23.812,-0.812,-1.062,22.85,-86.0,-1.75,-44.25,0.016,-0.037,-0.21,0.22,-0.63,9.59,-0.03,-0.27,-0.39,-0.11,0.15,9.8,1.75875,-1.25,0.0,0.0,6.9,1.0,1017.14,67.56,-17.4
2025-03-24 18:06:24.697000+00:00,52.90739645376501,,,,23.812,-0.812,-1.062,22.85,-86.0,-1.75,-44.25,0.016,-0.037,-0.21,0.22,-0.63,9.59,0.08,-0.84,-0.62,-0.11,0.15,9.8,1.75875,-1.25,0.0,0.0,6.9,1.0,1017.14,67.56,-17.4
2025-03-24 18:06:25.717000+00:00,52.90739645376501,,,,23.812,-0.812,-1.062,22.85,-86.0,-1.75,-44.25,0.016,-0.037,-0.21,0.22,-0.63,9.59,-0.32,0.2,-0.25,-0.11,0.15,9.8,1.75875,-1.25,0.0,0.0,6.9,1.0,1017.14,67.56,-17.4
2025-03-24 18:06:26.726000+00:00,52.90739645376501,,,,23.812,-0.812,-1.062,22.85,-86.0,-1.75,-44.25,0.016,-0.037,-0.21,0.22,-0.63,9.59,-0.53,0.55,-0.01,-0.11,0.15,9.8,1.75875,-1.25,0.0,0.0,6.9,1.0,1017.14,67.56,-17.4
2025-03-24 18:06:27.729000+00:00,52.90739645376501,,,,23.812,-0.812,-1.062,22.85,-86.0,-1.75,-44.25,0.016,-0.037,-0.21,0.22,-0.63,9.59,0.41,0.07,-0.43,-0.11,0.15,9.8,1.75875,-1.25,0.0,0.0,6.9,1.0,1017.14,67.56,-17.4
2025-03-24 18:06:28.784000+00:00,52.90739645376501,,,,23.812,-0.812,-1.062,22.85,-86.0,-1.75,-44.25,0.016,-0.037,-0.21,0.22,-0.63,9.59,-0.02,0.15,-0.13,-0.11,0.15,9.8,1.75875,-1.25,0.0,0.0,6.9,1.0,1017.14,67.56,-17.4
2025-03-24 18:06:29.746000+00:00,52.90739645376501,,,,23.812,-0.812,-1.062,22.85,-86.0,-1.75,-44.25,0.016,-0.037,-0.21,0.22,-0.63,9.59,0.34,-0.2,-0.25,-0.11,0.15,9.8,1.75875,-1.25,0.0,0.0,6.9,1.0,1017.14,67.56,-17.4
2025-03-24 18:06:30.796000+00:00,52.90739645376501,,,,23.812,-0.812,-1.062,22.85,-86.0,-1.75,-44.25,0.016,-0.037,-0.21,0.22,-0.63,9.59,-0.75,0.05,-0.95,-0.11,0.15,9.8,1.75875,-1.25,0.0,0.0,6.9,1.0,1017.14,67.56,-17.4
2025-03-24 18:06:31.874000+00:00,52.90739645376501,,,,23.812,-0.812,-1.062,22.85,-86.0,-1.75,-44.25,0.016,-0.037,-0.21,0.22,-0.63,9.59,0.38,-0.82,-0.2,-0.11,0.15,9.8,1.75875,-1.25,0.0,0.0,6.9,1.0,1017.14,67.56,-17.4
2025-03-24 18:05:33.250000+00:00,52.90739645376501,,,,23.812,-0.812,-1.062,22.85,-86.0,-1.75,-44.25,0.016,-0.037,-0.21,0.22,-0.63,9.59,0.38,-0.82,-0.2,-0.11,0.15,9.8,1.75875,-1.25,0.0,0.0,6.9,1.0,1017.14,67.56,-17.4
2025-03-24 18:05:34.370000+00:00,52.90739645376501,,,,23.812,-0.812,-1.062,22.85,-86.0,-1.75,-44.25,0.016,-0.037,-0.21,0.22,-0.63,9.59,0.38,-0.82,-0.2,-0.1,0.12,9.8,1.75875,-1.25,0.0,0.0,6.9,1.0,1017.14,67.56,-17.4
2025-03-24 18:05:35.174000+00:00,52.90739645376501,,,,23.812,-0.812,-1.062,22.85,-86.0,-1.75,-44.25,0.016,-0.037,-0.21,0.22,-0.63,9.59,0.38,-0.82,-0.2,-0.11,0.13,9.8,1.75875,-1.25,0.0,0.0,6.9,1.0,1017.14,67.56,-17.4
2025-03-24 18:05:36.196000+00:00,52.90739645376501,,,,23.812,-0.812,-1.062,22.85,-86.0,-1.75,-44.25,0.016,-0.037,-0.21,0.22,-0.63,9.59,0.38,-0.82,-0.2,-0.08,0.13,9.8,1.75875,-1.25,0.0,0.0,6.9,1.0,1017.14,67.56,-17.4
2025-03-24 18:05:37.209000+00:00,52.90739645376501,,,,23.812,-0.812,-1.062,22.85,-86.0,-1.75,-44.25,0.016,-0.037,-0.21,0.22,-0.63,9.59,0.38,-0.82,-0.2,-0.1,0.11,9.8,1.75875,-1.25,0.0,0.0,6.9,1.0,1017.14,67.56,-17.4
2025-03-24 18:05:38.219000+00:00,52.90739645376501,,,,23.812,-0.812,-1.062,22.85,-86.0,-1.75,-44.25,0.016,-0.037,-0.21,0.22,-0.63,9.59,0.38,-0.82,-0.2,-0.08,0.1,9.8,1.75875,-1.25,0.0,0.0,6.9,1.0,1017.14,67.56,-17.4
2025-03-24 18:05:39.233000+00:00,52.90739645376501,,,,23.812,-0.812,-1.062,22.85,-86.0,-1.75,-44.25,0.016,-0.037,-0.21,0.22,-0.63,9.59,0.38,-0.82,-0.2,-0.07,0.12,9.8,1.75875,-1.25,0.0,0.0,6.9,1.0,1017.14,67.56,-17.4
2025-03-24 18:05:40.228000+00:00,52.90739645376501,,,,23.812,-0.812,-1.062,22.85,-86.0,-1.75,-44.25,0.016,-0.037,-0.21,0.22,-0.63,9.59,0.38,-0.82,-0.2,-0.09,0.12,9.8,1.75875,-1.25,0.0,0.0,6.9,1.0,1017.14,67.56,-17.4
2025-03-24 18:05:41.299000+00:00,52.90739645376501,,,,23.812,-0.812,-1.062,22.85,-86.0,-1.75,-44.25,0.016,-0.037,-0.21,0.22,-0.63,9.59,0.38,-0.82,-0.2,-0.06,0.12,9.8,1.75875,-1.25,0.0,0.0,6.9,1.0,1017.14,67.56,-17.4
2025-03-24 18:05:42.405000+00:00,52.90739645376501,,,,23.812,-0.812,-1.062,22.85,-86.0,-1.75,-44.25,0.016,-0.037,-0.21,0.22,-0.63,9.59,0.38,-0.82,-0.2,-0.09,0.09,9.8,1.75875,-1.25,0.0,0.0,6.9,1.0,1017.14,67.56,-17.4
2025-03-24 18:05:43.545000+00:00,52.90739645376501,,,,23.812,-0.812,-1.062,22.85,-86.0,-1.75,-44.25,0.016,-0.037,-0.21,0.22,-0.63,9.59,0.38,-0.82,-0.2,-0.1,0.11,9.8,1.75875,-1.25,0.0,0.0,6.9,1.0,1017.14,67.56,-17.4
2025-03-24 18:05:44.288000+00:00,52.90739645376501,,,,23.812,-0.812,-1.062,22.85,-86.0,-1.75,-44.25,0.016,-0.037,-0.21,0.22,-0.63,9.59,0.38,-0.82,-0.2,-0.09,0.15,9.8,1.75875,-1.25,0.0,0.0,6.9,1.0,1017.14,67.56,-17.4
2025-03-24 18:05:45.279000+00:00,52.90739645376501,,,,23.812,-0.812,-1.062,22.85,-86.0,-1.75,-44.25,0.016,-0.037,-0.21,0.22,-0.63,9.59,0.38,-0.82,-0.2,-0.13,0.12,9.8,1.75875,-1.25,0.0,0.0,6.9,1.0,1017.14,67.56,-17.4
2025-03-24 18:05:46.310000+00:00,52.90739645376501,,,,23.812,-0.812,-1.062,22.85,-86.0,-1.75,-44.25,0.016,-0.037,-0.21,0.22,-0.63,9.59,0.38,-0.82,-0.2,-0.13,0.14,9.8,1.75875,-1.25,0.0,0.0,6.9,1.0,1017.14,67.56,-17.4
2025-03-24 18:05:47.368000+00:00,52.90739645376501,,,,23.812,-0.812,-1.062,22.85,-86.0,-1.75,-44.25,0.016,-0.037,-0.21,0.22,-0.63,9.59,0.38,-0.82,-0.2,-0.14,0.17,9.8,1.75875,-1.25,0.0,0.0,6.9,1.0,1017.14,67.56,-17.4
2025-03-24 18:05:48.324000+00:00,52.90739645376501,,,,23.812,-0.812,-1.062,22.85,-86.0,-1.75,-44.25,0.016,-0.037,-0.21,0.22,-0.63,9.59,0.38,-0.82,-0.2,-0.17,0.16,9.8,1.75875,-1.25,0.0,0.0,6.9,1.0,1017.14,67.56,-17.4
2025-03-24 18:05:49.318000+00:00,52.90739645376501,,,,23.812,-0.812,-1.062,22.85,-86.0,-1.75,-44.25,0.016,-0.037,-0.21,0.22,-0.63,9.59,0.38,-0.82,-0.2,-0.16,0.13,9.8,1.75875,-1.25,0.0,0.0,6.9,1.0,1017.14,67.56,-17.4
2025-03-24 18:05:50.360000+00:00,52.90739645376501,,,,23.812,-0.812,-1.062,22.85,-86.0,-1.75,-44.25,0.016,-0.037,-0.21,0.22,-0.63,9.59,0.38,-0.82,-0.2,-0.17,0.14,9.8,1.75875,-1.25,0.0,0.0,6.9,1.0,1017.14,67.56,-17.4
2025-03-24 18:05:51.498000+00:00,52.90739645376501,,,,23.812,-0.812,-1.062,22.85,-86.0,-1.75,-44.25,0.016,-0.037,-0.21,0.22,-0.63,9.59,0.38,-0.82,-0.2,-0.19,0.15,9.8,1.75875,-1.25,0.0,0.0,6.9,1.0,1017.14,67.56,-17.4
2025-03-24 18:05:52.625000+00:00,52.90739645376501,,,,23.812,-0.812,-1.062,22.85,-86.0,-1.75,-44.25,0.016,-0.037,-0.21,0.22,-0.63,9.59,0.38,-0.82,-0.2,-0.15,0.12,9.8,1.75875,-1.25,0.0,0.0,6.9,1.0,1017.14,67.56,-17.4
2025-03-24 18:05:53.638000+00:00,52.90739645376501,,,,23.812,-0.812,-1.062,22.85,-86.0,-1.75,-44.25,0.016,-0.037,-0.21,0.22,-0.63,9.59,0.38,-0.82,-0.2,-0.17,0.14,9.8,1.75875,-1.25,0.0,0.0,6.9,1.0,1017.14,67.56,-17.4
2025-03-24 18:05:54.368000+00:00,52.90739645376501,,,,23.812,-0.812,-1.062,22.85,-86.0,-1.75,-44.25,0.016,-0.037,-0.21,0.22,-0.63,9.59,0.38,-0.82,-0.2,-0.17,0.14,9.8,1.75875,-1.25,0.0,0.0,6.9,1.0,1017.14,67.56,-17.4
2025-03-24 18:05:55.385000+00:00,52.90739645376501,,,,23.812,-0.812,-1.062,22.85,-86.0,-1.75,-44.25,0.016,-0.037,-0.21,0.22,-0.63,9.59,0.38,-0.82,-0.2,-0.17,0.12,9.8,1.75875,-1.25,0.0,0.0,6.9,1.0,1017.14,67.56,-17.4
2025-03-24 18:05:56.390000+00:00,52.90739645376501,,,,23.812,-0.812,-1.062,22.85,-86.0,-1.75,-44.25,0.016,-0.037,-0.21,0.22,-0.63,9.59,0.38,-0.82,-0.2,-0.12,0.12,9.8,1.75875,-1.25,0.0,0.0,6.9,1.0,1017.14,67.56,-17.4
2025-03-24 18:05:57.395000+00:00,52.90739645376501,,,,23.812,-0.812,-1.062,22.85,-86.0,-1.75,-44.25,0.016,-0.037,-0.21,0.22,-0.63,9.59,0.38,-0.82,-0.2,-0.13,0.1,9.8,1.75875,-1.25,0.0,0.0,6.9,1.0,1017.14,67.56,-17.4
2025-03-24 18:05:58.438000+00:00,52.90739645376501,,,,23.812,-0.812,-1.062,22.85,-86.0,-1.75,-44.25,0.016,-0.037,-0.21,0.22,-0.63,9.59,0.38,-0.82,-0.2,-0.11,0.12,9.8,1.75875,-1.25,0.0,0.0,6.9,1.0,1017.14,67.56,-17.4
2025-03-24 18:05:59.425000+00:00,52.90739645376501,,,,23.812,-0.812,-1.062,22.85,-86.0,-1.75,-44.25,0.016,-0.037,-0.21,0.22,-0.63,9.59,0.38,-0.82,-0.2,-0.1,0.12,9.8,1.75875,-1.25,0.0,0.0,6.9,1.0,1017.14,67.56,-17.4
2025-03-24 18:06:00.457000+00:00,52.90739645376501,,,,23.812,-0.812,-1.062,22.85,-86.0,-1.75,-44.25,0.016,-0.037,-0.21,0.22,-0.63,9.59,0.38,-0.82,-0.2,-0.11,0.13,9.8,1.75875,-1.25,0.0,0.0,6.9,1.0,1017.14,67.56,-17.4
2025-03-24 18:06:01.577000+00:00,52.90739645376501,,,,23.812,-0.812,-1.062,22.85,-86.0,-1.75,-44.25,0.016,-0.037,-0.21,0.22,-0.63,9.59,0.38,-0.82,-0.2,-0.11,0.13,9.8,1.75875,-1.25,0.0,0.0,6.9,1.0,1017.14,67.56,-17.4
2025-03-24 18:06:02.708000+00:00,52.90739645376501,,,,23.812,-0.812,-1.062,22.85,-86.0,-1.75,-44.25,0.016,-0.037,-0.21,0.22,-0.63,9.59,0.38,-0.82,-0.2,-0.11,0.15,9.8,1.75875,-1.25,0.0,0.0,6.9,1.0,1017.14,67.56,-17.4
2025-03-24 18:06:03.457000+00:00,52.90739645376501,,,,23.812,-0.812,-1.062,22.85,-86.0,-1.75,-44.25,0.016,-0.037,-0.21,0.22,-0.63,9.59,0.38,-0.82,-0.2,-0.15,0.18,9.8,1.75875,-1.25,0.0,0.0,6.9,1.0,1017.14,67.56,-17.4
2025-03-24 18:06:04.467000+00:00,52.90739645376501,,,,23.812,-0.812,-1.062,22.85,-86.0,-1.75,-44.25,0.016,-0.037,-0.21,0.22,-0.63,9.59,0.38,-0.82,-0.2,-0.14,0.18,9.8,1.75875,-1.25,0.0,0.0,6.9,1.0,1017.14,67.56,-17.4
2025-03-24 18:06:05.487000+00:00,52.90739645376501,,,,23.812,-0.812,-1.062,22.85,-86.0,-1.75,-44.25,0.016,-0.037,-0.21,0.22,-0.63,9.59,0.38,-0.82,-0.2,-0.13,0.17,9.8,1.75875,-1.25,0.0,0.0,6.9,1.0,1017.14,67.56,-17.4
2025-03-24 18:06:06.497000+00:00,52.90739645376501,,,,23.812,-0.812,-1.062,22.85,-86.0,-1.75,-44.25,0.016,-0.037,-0.21,0.22,-0.63,9.59,0.38,-0.82,-0.2,-0.13,0.17,9.8,1.75875,-1.25,0.0,0.0,6.9,1.0,1017.14,67.56,-17.4
2025-03-24 18:06:07.498000+00:00,52.90739645376501,,,,23.812,-0.812,-1.062,22.85,-86.0,-1.75,-44.25,0.016,-0.037,-0.21,0.22,-0.63,9.59,0.38,-0.82,-0.2,-0.11,0.15,9.8,1.75875,-1.25,0.0,0.0,6.9,1.0,1017.14,67.56,-17.4
2025-03-24 18:06:08.535000+00:00,52.90739645376501,,,,23.812,-0.812,-1.062,22.85,-86.0,-1.75,-44.25,0.016,-0.037,-0.21,0.22,-0.63,9.59,0.38,-0.82,-0.2,-0.13,0.17,9.8,1.75875,-1.25,0.0,0.0,6.9,1.0,1017.14,67.56,-17.4
2025-03-24 18:06:09.519000+00:00,52.90739645376501,,,,23.812,-0.812,-1.062,22.85,-86.0,-1.75,-44.25,0.016,-0.037,-0.21,0.22,-0.63,9.59,0.38,-0.82,-0.2,-0.15,0.17,9.8,1.75875,-1.25,0.0,0.0,6.9,1.0,1017.14,67.56,-17.4
2025-03-24 18:06:10.532000+00:00,52.90739645376501,,,,23.812,-0.812,-1.062,22.85,-86.0,-1.75,-44.25,0.016,-0.037,-0.21,0.22,-0.63,9.59,0.38,-0.82,-0.2,-0.14,0.17,9.8,1.75875,-1.25,0.0,0.0,6.9,1.0,1017.14,67.56,-17.4
2025-03-24 18:06:11.547000+00:00,52.90739645376501,,,,23.812,-0.812,-1.062,22.85,-86.0,-1.75,-44.25,0.016,-0.037,-0.21,0.22,-0.63,9.59,0.38,-0.82,-0.2,-0.12,0.18,9.8,1.75875,-1.25,0.0,0.0,6.9,1.0,1017.14,67.56,-17.4
2025-03-24 18:06:12.697000+00:00,52.90739645376501,,,,23.812,-0.812,-1.062,22.85,-86.0,-1.75,-44.25,0.016,-0.037,-0.21,0.22,-0.63,9.59,0.38,-0.82,-0.2,-0.14,0.17,9.8,1.75875,-1.25,0.0,0.0,6.9,1.0,1017.14,67.56,-17.4
2025-03-24 18:06:13.697000+00:00,52.90739645376501,,,,23.812,-0.812,-1.062,22.85,-86.0,-1.75,-44.25,0.016,-0.037,-0.21,0.22,-0.63,9.59,0.38,-0.82,-0.2,-0.14,0.17,9.8,1.75875,-1.25,0.0,0.0,6.9,1.0,1017.14,67.56,-17.4
2025-03-24 18:06:14.727000+00:00,52.90739645376501,,,,23.812,-0.812,-1.062,22.85,-86.0,-1.75,-44.25,0.016,-0.037,-0.21,0.22,-0.63,9.59,0.38,-0.82,-0.2,-0.12,0.18,9.8,1.75875,-1.25,0.0,0.0,6.9,1.0,1017.14,67.56,-17.4
2025-03-24 18:06:15.737000+00:00,52.90739645376501,,,,23.812,-0.812,-1.062,22.85,-86.0,-1.75,-44.25,0.016,-0.037,-0.21,0.22,-0.63,9.59,0.38,-0.82,-0.2,-0.14,0.17,9.8,1.75875,-1.25,0.0,0.0,6.9,1.0,1017.14,67.56,-17.4
2025-03-24 18:06:16.838000+00:00,52.90739645376501,,,,23.812,-0.812,-1.062,22.85,-86.0,-1.75,-44.25,0.016,-0.037,-0.21,0.22,-0.63,9.59,0.38,-0.82,-0.2,-0.15,0.18,9.8,1.75875,-1.25,0.0,0.0,6.9,1.0,1017.14,67.56,-17.4
2025-03-24 18:06:17.894000+00:00,52.90739645376501,,,,23.812,-0.812,-1.062,22.85,-86.0,-1.75,-44.25,0.016,-0.037,-0.21,0.22,-0.63,9.59,0.38,-0.82,-0.2,-0.14,0.18,9.8,1.75875,-1.25,0.0,0.0,6.9,1.0,1017.14,67.56,-17.4
2025-03-24 18:06:18.817000+00:00,52.90739645376501,,,,23.812,-0.812,-1.062,22.85,-86.0,-1.75,-44.25,0.016,-0.037,-0.21,0.22,-0.63,9.59,0.38,-0.82,-0.2,-0.15,0.2,9.8,1.75875,-1.25,0.0,0.0,6.9,1.0,1017.14,67.56,-17.4
2025-03-24 18:06:19.954000+00:00,52.90739645376501,,,,23.812,-0.812,-1.062,22.85,-86.0,-1.75,-44.25,0.016,-0.037,-0.21,0.22,-0.63,9.59,0.38,-0.82,-0.2,-0.16,0.22,9.8,1.75875,-1.25,0.0,0.0,6.9,1.0,1017.14,67.56,-17.4
2025-03-24 18:06:21.107000+00:00,52.90739645376501,,,,23.812,-0.812,-1.062,22.85,-86.0,-1.75,-44.25,0.016,-0.037,-0.21,0.22,-0.63,9.59,0.38,-0.82,-0.2,-0.14,0.23,9.8,1.75875,-1.25,0.0,0.0,6.9,1.0,1017.14,67.56,-17.4
2025-03-24 18:06:21.736000+00:00,52.90739645376501,,,,23.812,-0.812,-1.062,22.85,-86.0,-1.75,-44.25,0.016,-0.037,-0.21,0.22,-0.63,9.59,0.38,-0.82,-0.2,-0.13,0.21,9.8,1.75875,-1.25,0.0,0.0,6.9,1.0,1017.14,67.56,-17.4
2025-03-24 18:06:22.746000+00:00,52.90739645376501,,,,23.812,-0.812,-1.062,22.85,-86.0,-1.75,-44.25,0.016,-0.037,-0.21,0.22,-0.63,9.59,0.38,-0.82,-0.2,-0.13,0.22,9.8,1.75875,-1.25,0.0,0.0,6.9,1.0,1017.14,67.56,-17.4
2025-03-24 18:06:23.777000+00:00,52.90739645376501,,,,23.812,-0.812,-1.062,22.85,-86.0,-1.75,-44.25,0.016,-0.037,-0.21,0.22,-0.63,9.59,0.38,-0.82,-0.2,-0.12,0.21,9.8,1.75875,-1.25,0.0,0.0,6.9,1.0,1017.14,67.56,-17.4
2025-03-24 18:06:24.747000+00:00,52.90739645376501,,,,23.812,-0.812,-1.062,22.85,-86.0,-1.75,-44.25,0.016,-0.037,-0.21,0.22,-0.63,9.59,0.38,-0.82,-0.2,-0.12,0.19,9.8,1.75875,-1.25,0.0,0.0,6.9,1.0,1017.14,67.56,-17.4
2025-03-24 18:06:25.766000+00:00,52.90739645376501,,,,23.812,-0.812,-1.062,22.85,-86.0,-1.75,-44.25,0.016,-0.037,-0.21,0.22,-0.63,9.59,0.38,-0.82,-0.2,-0.12,0.2,9.8,1.75875,-1.25,0.0,0.0,6.9,1.0,1017.14,67.56,-17.4
2025-03-24 18:06:26.776000+00:00,52.90739645376501,,,,23.812,-0.812,-1.062,22.85,-86.0,-1.75,-44.25,0.016,-0.037,-0.21,0.22,-0.63,9.59,0.38,-0.82,-0.2,-0.12,0.2,9.8,1.75875,-1.25,0.0,0.0,6.9,1.0,1017.14,67.56,-17.4
2025-03-24 18:06:27.786000+00:00,52.90739645376501,,,,23.812,-0.812,-1.062,22.85,-86.0,-1.75,-44.25,0.016,-0.037,-0.21,0.22,-0.63,9.59,0.38,-0.82,-0.2,-0.13,0.2,9.8,1.75875,-1.25,0.0,0.0,6.9,1.0,1017.14,67.56,-17.4
2025-03-24 18:06:28.840000+00:00,52.90739645376501,,,,23.812,-0.812,-1.062,22.85,-86.0,-1.75,-44.25,0.016,-0.037,-0.21,0.22,-0.63,9.59,0.38,-0.82,-0.2,-0.11,0.2,9.8,1.75875,-1.25,0.0,0.0,6.9,1.0,1017.14,67.56,-17.4
2025-03-24 18:06:29.797000+00:00,52.90739645376501,,,,23.812,-0.812,-1.062,22.85,-86.0,-1.75,-44.25,0.016,-0.037,-0.21,0.22,-0.63,9.59,0.38,-0.82,-0.2,-0.14,0.18,9.8,1.75875,-1.25,0.0,0.0,6.9,1.0,1017.14,67.56,-17.4
2025-03-24 18:06:30.847000+00:00,52.90739645376501,,,,23.812,-0.812,-1.062,22.85,-86.0,-1.75,-44.25,0.016,-0.037,-0.21,0.22,-0.63,9.59,0.38,-0.82,-0.2,-0.14,0.18,9.8,1.75875,-1.25,0.0,0.0,6.9,1.0,1017.14,67.56,-17.4
2025-03-24 18:06:31.933000+00:00,52.90739645376501,,,,23.812,-0.812,-1.062,22.85,-86.0,-1.75,-44.25,0.016,-0.037,-0.21,0.22,-0.63,9.59,0.38,-0.82,-0.2,-0.16,0.18,9.8,1.75875,-1.25,0.0,0.0,6.9,1.0,1017.14,67.56,-17.4
2025-03-24 18:05:33.348000+00:00,52.90739645376501,,,,23.812,-0.812,-1.062,22.85,-86.0,-1.75,-44.25,0.016,-0.037,-0.21,0.22,-0.63,9.59,0.38,-0.82,-0.2,-0.16,0.18,9.8,1.75875,-1.25,0.0,0.0,6.9,1.0,1017.14,67.56,-17.4
2025-03-24 18:05:34.479000+00:00,52.90739645376501,,,,23.812,-0.812,-1.062,22.85,-86.0,-1.75,-44.25,0.016,-0.037,-0.21,0.22,-0.63,9.59,0.38,-0.82,-0.2,-0.16,0.18,9.8,1.76125,-1.25,0.0,0.0,6.9,1.0,1017.14,67.56,-17.4
2025-03-24 18:05:35.592000+00:00,52.90739645376501,,,,23.812,-0.812,-1.062,22.85,-86.0,-1.75,-44.25,0.016,-0.037,-0.21,0.22,-0.63,9.59,0.38,-0.82,-0.2,-0.16,0.18,9.8,1.61,-1.25,0.0,0.0,6.9,1.0,1017.14,67.56,-17.4
2025-03-24 18:05:36.665000+00:00,52.90739645376501,,,,23.812,-0.812,-1.062,22.85,-86.0,-1.75,-44.25,0.016,-0.037,-0.21,0.22,-0.63,9.59,0.38,-0.82,-0.2,-0.16,0.18,9.8,1.49125,-1.25,0.0,0.0,6.9,1.0,1017.14,67.56,-17.4
2025-03-24 18:05:37.729000+00:00,52.90739645376501,,,,23.812,-0.812,-1.062,22.85,-86.0,-1.75,-44.25,0.016,-0.037,-0.21,0.22,-0.63,9.59,0.38,-0.82,-0.2,-0.16,0.18,9.8,1.56,-1.25,0.0,0.0,6.9,1.0,1017.14,67.56,-17.4
2025-03-24 18:05:38.689000+00:00,52.90739645376501,,,,23.812,-0.812,-1.062,22.85,-86.0,-1.75,-44.25,0.016,-0.037,-0.21,0.22,-0.63,9.59,0.38,-0.82,-0.2,-0.16,0.18,9.8,1.76875,-1.25,0.0,0.0,6.9,1.0,1017.14,67.56,-17.4
2025-03-24 18:05:39.328000+00:00,52.90739645376501,,,,23.812,-0.812,-1.062,22.85,-86.0,-1.75,-44.25,0.016,-0.037,-0.21,0.22,-0.63,9.59,0.38,-0.82,-0.2,-0.16,0.18,9.8,1.6475,-1.25,0.0,0.0,6.9,1.0,1017.14,67.56,-17.4
2025-03-24 18:05:40.328000+00:00,52.90739645376501,,,,23.812,-0.812,-1.062,22.85,-86.0,-1.75,-44.25,0.016,-0.037,-0.21,0.22,-0.63,9.59,0.38,-0.82,-0.2,-0.16,0.18,9.8,1.615,-1.25,0.0,0.0,6.9,1.0,1017.14,67.56,-17.4
2025-03-24 18:05:41.415000+00:00,52.90739645376501,,,,23.812,-0.812,-1.062,22.85,-86.0,-1.75,-44.25,0.016,-0.037,-0.21,0.22,-0.63,9.59,0.38,-0.82,-0.2,-0.16,0.18,9.8,1.64125,-1.25,0.0,0.0,6.9,1.0,1017.14,67.56,-17.4
2025-03-24 18:05:42.568000+00:00,52.90739645376501,,,,23.812,-0.812,-1.062,22.85,-86.0,-1.75,-44.25,0.016,-0.037,-0.21,0.22,-0.63,9.59,0.38,-0.82,-0.2,-0.16,0.18,9.8,1.7225000000000001,-1.25,0.0,0.0,6.9,1.0,1017.14,67.56,-17.4
2025-03-24 18:05:43.665000+00:00,52.90739645376501,,,,23.812,-0.812,-1.062,22.85,-86.0,-1.75,-44.25,0.016,-0.037,-0.21,0.22,-0.63,9.59,0.38,-0.82,-0.2,-0.16,0.18,9.8,1.7375,-1.25,0.0,0.0,6.9,1.0,1017.14,67.56,-17.4
2025-03-24 18:05:44.745000+00:00,52.90739645376501,,,,23.812,-0.812,-1.062,22.85,-86.0,-1.75,-44.25,0.016,-0.037,-0.21,0.22,-0.63,9.59,0.38,-0.82,-0.2,-0.16,0.18,9.8,1.57875,-1.25,0.0,0.0,6.9,1.0,1017.14,67.56,-17.4
2025-03-24 18:05:45.379000+00:00,52.90739645376501,,,,23.812,-0.812,-1.062,22.85,-86.0,-1.75,-44.25,0.016,-0.037,-0.21,0.22,-0.63,9.59,0.38,-0.82,-0.2,-0.16,0.18,9.8,1.62625,-1.25,0.0,0.0,6.9,1.0,1017.14,67.56,-17.4
2025-03-24 18:05:46.409000+00:00,52.90739645376501,,,,23.812,-0.812,-1.062,22.85,-86.0,-1.75,-44.25,0.016,-0.037,-0.21,0.22,-0.63,9.59,0.38,-0.82,-0.2,-0.16,0.18,9.8,1.59375,-1.25,0.0,0.0,6.9,1.0,1017.14,67.56,-17.4
2025-03-24 18:05:47.485000+00:00,52.90739645376501,,,,23.812,-0.812,-1.062,22.85,-86.0,-1.75,-44.25,0.016,-0.037,-0.21,0.22,-0.63,9.59,0.38,-0.82,-0.2,-0.16,0.18,9.8,1.6287500000000001,-1.25,0.0,0.0,6.9,1.0,1017.14,67.56,-17.4
2025-03-24 18:05:48.434000+00:00,52.90739645376501,,,,23.812,-0.812,-1.062,22.85,-86.0,-1.75,-44.25,0.016,-0.037,-0.21,0.22,-0.63,9.59,0.38,-0.82,-0.2,-0.16,0.18,9.8,1.4975,-1.25,0.0,0.0,6.9,1.0,1017.14,67.56,-17.4
2025-03-24 18:05:49.418000+00:00,52.90739645376501,,,,23.812,-0.812,-1.062,22.85,-86.0,-1.75,-44.25,0.016,-0.037,-0.21,0.22,-0.63,9.59,0.38,-0.82,-0.2,-0.16,0.18,9.8,1.39375,-1.25,0.0,0.0,6.9,1.0,1017.14,67.56,-17.4
2025-03-24 18:05:50.474000+00:00,52.90739645376501,,,,23.812,-0.812,-1.062,22.85,-86.0,-1.75,-44.25,0.016,-0.037,-0.21,0.22,-0.63,9.59,0.38,-0.82,-0.2,-0.16,0.18,9.8,1.6775,-1.25,0.0,0.0,6.9,1.0,1017.14,67.56,-17.4
2025-03-24 18:05:51.598000+00:00,52.90739645376501,,,,23.812,-0.812,-1.062,22.85,-86.0,-1.75,-44.25,0.016,-0.037,-0.21,0.22,-0.63,9.59,0.38,-0.82,-0.2,-0.16,0.18,9.8,1.76125,-1.25,0.0,0.0,6.9,1.0,1017.14,67.56,-17.4
2025-03-24 18:05:52.728000+00:00,52.90739645376501,,,,23.812,-0.812,-1.062,22.85,-86.0,-1.75,-44.25,0.016,-0.037,-0.21,0.22,-0.63,9.59,0.38,-0.82,-0.2,-0.16,0.18,9.8,1.6175,-1.25,0.0,0.0,6.9,1.0,1017.14,67.56,-17.4
2025-03-24 18:05:53.748000+00:00,52.90739645376501,,,,23.812,-0.812,-1.062,22.85,-86.0,-1.75,-44.25,0.016,-0.037,-0.21,0.22,-0.63,9.59,0.38,-0.82,-0.2,-0.16,0.18,9.8,1.625,-1.25,0.0,0.0,6.9,1.0,1017.14,67.56,-17.4
2025-03-24 18:05:54.894000+00:00,52.90739645376501,,,,23.812,-0.812,-1.062,22.85,-86.0,-1.75,-44.25,0.016,-0.037,-0.21,0.22,-0.63,9.59,0.38,-0.82,-0.2,-0.16,0.18,9.8,1.6775,-1.25,0.0,0.0,6.9,1.0,1017.14,67.56,-17.4
2025-03-24 18:05:55.488000+00:00,52.90739645376501,,,,23.812,-0.812,-1.062,22.85,-86.0,-1.75,-44.25,0.016,-0.037,-0.21,0.22,-0.63,9.59,0.38,-0.82,-0.2,-0.16,0.18,9.8,1.7237500000000001,-1.25,0.0,0.0,6.9,1.0,1017.14,67.56,-17.4
2025-03-24 18:05:56.488000+00:00,52.90739645376501,,,,23.812,-0.812,-1.062,22.85,-86.0,-1.75,-44.25,0.016,-0.037,-0.21,0.22,-0.63,9.59,0.38,-0.82,-0.2,-0.16,0.18,9.8,1.42875,-1.25,0.0,0.0,6.9,1.0,1017.14,67.56,-17.4
2025-03-24 18:05:57.498000+00:00,52.90739645376501,,,,23.812,-0.812,-1.062,22.85,-86.0,-1.75,-44.25,0.016,-0.037,-0.21,0.22,-0.63,9.59,0.38,-0.82,-0.2,-0.16,0.18,9.8,1.67,-1.25,0.0,0.0,6.9,1.0,1017.14,67.56,-17.4
2025-03-24 18:05:58.540000+00:00,52.90739645376501,,,,23.812,-0.812,-1.062,22.85,-86.0,-1.75,-44.25,0.016,-0.037,-0.21,0.22,-0.63,9.59,0.38,-0.82,-0.2,-0.16,0.18,9.8,1.6475,-1.25,0.0,0.0,6.9,1.0,1017.14,67.56,-17.4
2025-03-24 18:05:59.544000+00:00,52.90739645376501,,,,23.812,-0.812,-1.062,22.85,-86.0,-1.75,-44.25,0.016,-0.037,-0.21,0.22,-0.63,9.59,0.38,-0.82,-0.2,-0.16,0.18,9.8,1.58,-1.25,0.0,0.0,6.9,1.0,1017.14,67.56,-17.4
2025-03-24 18:06:00.558000+00:00,52.90739645376501,,,,23.812,-0.812,-1.062,22.85,-86.0,-1.75,-44.25,0.016,-0.037,-0.21,0.22,-0.63,9.59,0.38,-0.82,-0.2,-0.16,0.18,9.8,1.555,-1.25,0.0,0.0,6.9,1.0,1017.14,67.56,-17.4
2025-03-24 18:06:01.677000+00:00,52.90739645376501,,,,23.812,-0.812,-1.062,22.85,-86.0,-1.75,-44.25,0.016,-0.037,-0.21,0.22,-0.63,9.59,0.38,-0.82,-0.2,-0.16,0.18,9.8,1.59125,-1.25,0.0,0.0,6.9,1.0,1017.14,67.56,-17.4
2025-03-24 18:06:02.858000+00:00,52.90739645376501,,,,23.812,-0.812,-1.062,22.85,-86.0,-1.75,-44.25,0.016,-0.037,-0.21,0.22,-0.63,9.59,0.38,-0.82,-0.2,-0.16,0.18,9.8,1.56,-1.25,0.0,0.0,6.9,1.0,1017.14,67.56,-17.4
2025-03-24 18:06:03.888000+00:00,52.90739645376501,,,,23.812,-0.812,-1.062,22.85,-86.0,-1.75,-44.25,0.016,-0.037,-0.21,0.22,-0.63,9.59,0.38,-0.82,-0.2,-0.16,0.18,9.8,1.66375,-1.25,0.0,0.0,6.9,1.0,1017.14,67.56,-17.4
2025-03-24 18:06:04.569000+00:00,52.90739645376501,,,,23.812,-0.812,-1.062,22.85,-86.0,-1.75,-44.25,0.016,-0.037,-0.21,0.22,-0.63,9.59,0.38,-0.82,-0.2,-0.16,0.18,9.8,1.58,-1.25,0.0,0.0,6.9,1.0,1017.14,67.56,-17.4
2025-03-24 18:06:05.588000+00:00,52.90739645376501,,,,23.812,-0.812,-1.062,22.85,-86.0,-1.75,-44.25,0.016,-0.037,-0.21,0.22,-0.63,9.59,0.38,-0.82,-0.2,-0.16,0.18,9.8,1.5975000000000001,-1.25,0.0,0.0,6.9,1.0,1017.14,67.56,-17.4
2025-03-24 18:06:06.614000+00:00,52.90739645376501,,,,23.812,-0.812,-1.062,22.85,-86.0,-1.75,-44.25,0.016,-0.037,-0.21,0.22,-0.63,9.59,0.38,-0.82,-0.2,-0.16,0.18,9.8,1.6125,-1.25,0.0,0.0,6.9,1.0,1017.14,67.56,-17.4
2025-03-24 18:06:07.598000+00:00,52.90739645376501,,,,23.812,-0.812,-1.062,22.85,-86.0,-1.75,-44.25,0.016,-0.037,-0.21,0.22,-0.63,9.59,0.38,-0.82,-0.2,-0.16,0.18,9.8,1.76875,-1.25,0.0,0.0,6.9,1.0,1017.14,67.56,-17.4
2025-03-24 18:06:08.645000+00:00,52.90739645376501,,,,23.812,-0.812,-1.062,22.85,-86.0,-1.75,-44.25,0.016,-0.037,-0.21,0.22,-0.63,9.59,0.38,-0.82,-0.2,-0.16,0.18,9.8,1.5275,-1.25,0.0,0.0,6.9,1.0,1017.14,67.56,-17.4
2025-03-24 18:06:09.627000+00:00,52.90739645376501,,,,23.812,-0.812,-1.062,22.85,-86.0,-1.75,-44.25,0.016,-0.037,-0.21,0.22,-0.63,9.59,0.38,-0.82,-0.2,-0.16,0.18,9.8,1.495,-1.25,0.0,0.0,6.9,1.0,1017.14,67.56,-17.4
2025-03-24 18:06:10.627000+00:00,52.90739645376501,,,,23.812,-0.812,-1.062,22.85,-86.0,-1.75,-44.25,0.016,-0.037,-0.21,0.22,-0.63,9.59,0.38,-0.82,-0.2,-0.16,0.18,9.8,1.6625,-1.25,0.0,0.0,6.9,1.0,1017.14,67.56,-17.4
2025-03-24 18:06:11.658000+00:00,52.90739645376501,,,,23.812,-0.812,-1.062,22.85,-86.0,-1.75,-44.25,0.016,-0.037,-0.21,0.22,-0.63,9.59,0.38,-0.82,-0.2,-0.16,0.18,9.8,1.67375,-1.25,0.0,0.0,6.9,1.0,1017.14,67.56,-17.4
2025-03-24 18:06:12.542000+00:00,52.90739645376501,,,,23.812,-0.812,-1.062,22.85,-86.0,-1.75,-44.25,0.016,-0.037,-0.21,0.22,-0.63,9.59,0.38,-0.82,-0.2,-0.16,0.18,9.8,1.6425,-1.25,0.0,0.0,6.9,1.0,1017.14,67.56,-17.4
2025-03-24 18:06:13.397000+00:00,52.90739645376501,,,,23.812,-0.812,-1.062,22.85,-86.0,-1.75,-44.25,0.016,-0.037,-0.21,0.22,-0.63,9.59,0.38,-0.82,-0.2,-0.16,0.18,9.8,1.52875,-1.25,0.0,0.0,6.9,1.0,1017.14,67.56,-17.4
2025-03-24 18:06:14.308000+00:00,52.90739645376501,,,,23.812,-0.812,-1.062,22.85,-86.0,-1.75,-44.25,0.016,-0.037,-0.21,0.22,-0.63,9.59,0.38,-0.82,-0.2,-0.16,0.18,9.8,1.6725,-1.25,0.0,0.0,6.9,1.0,1017.14,67.56,-17.4
2025-03-24 18:06:15.307000+00:00,52.90739645376501,,,,23.812,-0.812,-1.062,22.85,-86.0,-1.75,-44.25,0.016,-0.037,-0.21,0.22,-0.63,9.59,0.38,-0.82,-0.2,-0.16,0.18,9.8,1.75125,-1.25,0.0,0.0,6.9,1.0,1017.14,67.56,-17.4
2025-03-24 18:06:16.437000+00:00,52.90739645376501,,,,23.812,-0.812,-1.062,22.85,-86.0,-1.75,-44.25,0.016,-0.037,-0.21,0.22,-0.63,9.59,0.38,-0.82,-0.2,-0.16,0.18,9.8,1.64125,-1.25,0.0,0.0,6.9,1.0,1017.14,67.56,-17.4
2025-03-24 18:06:17.477000+00:00,52.90739645376501,,,,23.812,-0.812,-1.062,22.85,-86.0,-1.75,-44.25,0.016,-0.037,-0.21,0.22,-0.63,9.59,0.38,-0.82,-0.2,-0.16,0.18,9.8,1.70125,-1.25,0.0,0.0,6.9,1.0,1017.14,67.56,-17.4
2025-03-24 18:06:18.419000+00:00,52.90739645376501,,,,23.812,-0.812,-1.062,22.85,-86.0,-1.75,-44.25,0.016,-0.037,-0.21,0.22,-0.63,9.59,0.38,-0.82,-0.2,-0.16,0.18,9.8,1.51125,-1.25,0.0,0.0,6.9,1.0,1017.14,67.56,-17.4
2025-03-24 18:06:19.517000+00:00,52.90739645376501,,,,23.812,-0.812,-1.062,22.85,-86.0,-1.75,-44.25,0.016,-0.037,-0.21,0.22,-0.63,9.59,0.38,-0.82,-0.2,-0.16,0.18,9.8,1.63125,-1.25,0.0,0.0,6.9,1.0,1017.14,67.56,-17.4
2025-03-24 18:06:20.706000+00:00,52.90739645376501,,,,23.812,-0.812,-1.062,22.85,-86.0,-1.75,-44.25,0.016,-0.037,-0.21,0.22,-0.63,9.59,0.38,-0.82,-0.2,-0.16,0.18,9.8,1.6225,-1.25,0.0,0.0,6.9,1.0,1017.14,67.56,-17.4
2025-03-24 18:06:21.327000+00:00,52.90739645376501,,,,23.812,-0.812,-1.062,22.85,-86.0,-1.75,-44.25,0.016,-0.037,-0.21,0.22,-0.63,9.59,0.38,-0.82,-0.2,-0.16,0.18,9.8,1.60625,-1.25,0.0,0.0,6.9,1.0,1017.14,67.56,-17.4
2025-03-24 18:06:22.340000+00:00,52.90739645376501,,,,23.812,-0.812,-1.062,22.85,-86.0,-1.75,-44.25,0.016,-0.037,-0.21,0.22,-0.63,9.59,0.38,-0.82,-0.2,-0.16,0.18,9.8,1.4675,-1.25,0.0,0.0,6.9,1.0,1017.14,67.56,-17.4
2025-03-24 18:06:23.339000+00:00,52.90739645376501,,,,23.812,-0.812,-1.062,22.85,-86.0,-1.75,-44.25,0.016,-0.037,-0.21,0.22,-0.63,9.59,0.38,-0.82,-0.2,-0.16,0.18,9.8,1.7775,-1.25,0.0,0.0,6.9,1.0,1017.14,67.56,-17.4
2025-03-24 18:06:24.340000+00:00,52.90739645376501,,,,23.812,-0.812,-1.062,22.85,-86.0,-1.75,-44.25,0.016,-0.037,-0.21,0.22,-0.63,9.59,0.38,-0.82,-0.2,-0.16,0.18,9.8,1.63875,-1.25,0.0,0.0,6.9,1.0,1017.14,67.56,-17.4
2025-03-24 18:06:25.346000+00:00,52.90739645376501,,,,23.812,-0.812,-1.062,22.85,-86.0,-1.75,-44.25,0.016,-0.037,-0.21,0.22,-0.63,9.59,0.38,-0.82,-0.2,-0.16,0.18,9.8,1.50625,-1.25,0.0,0.0,6.9,1.0,1017.14,67.56,-17.4
2025-03-24 18:06:26.352000+00:00,52.90739645376501,,,,23.812,-0.812,-1.062,22.85,-86.0,-1.75,-44.25,0.016,-0.037,-0.21,0.22,-0.63,9.59,0.38,-0.82,-0.2,-0.16,0.18,9.8,1.51125,-1.25,0.0,0.0,6.9,1.0,1017.14,67.56,-17.4
2025-03-24 18:06:27.357000+00:00,52.90739645376501,,,,23.812,-0.812,-1.062,22.85,-86.0,-1.75,-44.25,0.016,-0.037,-0.21,0.22,-0.63,9.59,0.38,-0.82,-0.2,-0.16,0.18,9.8,1.61125,-1.25,0.0,0.0,6.9,1.0,1017.14,67.56,-17.4
2025-03-24 18:06:28.358000+00:00,52.90739645376501,,,,23.812,-0.812,-1.062,22.85,-86.0,-1.75,-44.25,0.016,-0.037,-0.21,0.22,-0.63,9.59,0.38,-0.82,-0.2,-0.16,0.18,9.8,1.49125,-1.25,0.0,0.0,6.9,1.0,1017.14,67.56,-17.4
2025-03-24 18:06:29.390000+00:00,52.90739645376501,,,,23.812,-0.812,-1.062,22.85,-86.0,-1.75,-44.25,0.016,-0.037,-0.21,0.22,-0.63,9.59,0.38,-0.82,-0.2,-0.16,0.18,9.8,1.46625,-1.25,0.0,0.0,6.9,1.0,1017.14,67.56,-17.4
2025-03-24 18:06:30.437000+00:00,52.90739645376501,,,,23.812,-0.812,-1.062,22.85,-86.0,-1.75,-44.25,0.016,-0.037,-0.21,0.22,-0.63,9.59,0.38,-0.82,-0.2,-0.16,0.18,9.8,1.6600000000000001,-1.25,0.0,0.0,6.9,1.0,1017.14,67.56,-17.4
2025-03-24 18:06:31.486000+00:00,52.90739645376501,,,,23.812,-0.812,-1.062,22.85,-86.0,-1.75,-44.25,0.016,-0.037,-0.21,0.22,-0.63,9.59,0.38,-0.82,-0.2,-0.16,0.18,9.8,1.60125,-1.25,0.0,0.0,6.9,1.0,1017.14,67.56,-17.4
2025-03-24 18:05:33.300000+00:00,52.90739645376501,,,,23.812,-0.812,-1.062,22.85,-86.0,-1.75,-44.25,0.016,-0.037,-0.21,0.22,-0.63,9.59,0.38,-0.82,-0.2,-0.16,0.18,9.8,1.60125,-1.25,0.0,0.0,6.9,1.0,1017.14,67.56,-17.4
2025-03-24 18:05:34.419000+00:00,52.90739645376501,,,,23.812,-0.812,-1.062,22.85,-86.0,-1.75,-44.25,0.016,-0.037,-0.21,0.22,-0.63,9.59,0.38,-0.82,-0.2,-0.16,0.18,9.8,1.60125,0.0,0.0,0.0,6.9,1.0,1017.14,67.56,-17.4
2025-03-24 18:05:35.539000+00:00,52.90739645376501,,,,23.812,-0.812,-1.062,22.85,-86.0,-1.75,-44.25,0.016,-0.037,-0.21,0.22,-0.63,9.59,0.38,-0.82,-0.2,-0.16,0.18,9.8,1.60125,0.0,0.0,0.0,6.9,1.0,1017.14,67.56,-17.4
2025-03-24 18:05:36.605000+00:00,52.90739645376501,,,,23.812,-0.812,-1.062,22.85,-86.0,-1.75,-44.25,0.016,-0.037,-0.21,0.22,-0.63,9.59,0.38,-0.82,-0.2,-0.16,0.18,9.8,1.60125,-1.25,0.0,0.0,6.9,1.0,1017.14,67.56,-17.4
2025-03-24 18:05:37.679000+00:00,52.90739645376501,,,,23.812,-0.812,-1.062,22.85,-86.0,-1.75,-44.25,0.016,-0.037,-0.21,0.22,-0.63,9.59,0.38,-0.82,-0.2,-0.16,0.18,9.8,1.60125,0.0,0.0,0.0,6.9,1.0,1017.14,67.56,-17.4
2025-03-24 18:05:38.579000+00:00,52.90739645376501,,,,23.812,-0.812,-1.062,22.85,-86.0,-1.75,-44.25,0.016,-0.037,-0.21,0.22,-0.63,9.59,0.38,-0.82,-0.2,-0.16,0.18,9.8,1.60125,-1.25,0.0,0.0,6.9,1.0,1017.14,67.56,-17.4
2025-03-24 18:05:39.279000+00:00,52.90739645376501,,,,23.812,-0.812,-1.062,22.85,-86.0,-1.75,-44.25,0.016,-0.037,-0.21,0.22,-0.63,9.59,0.38,-0.82,-0.2,-0.16,0.18,9.8,1.60125,-1.25,0.0,0.0,6.9,1.0,1017.14,67.56,-17.4
2025-03-24 18:05:40.279000+00:00,52.90739645376501,,,,23.812,-0.812,-1.062,22.85,-86.0,-1.75,-44.25,0.016,-0.037,-0.21,0.22,-0.63,9.59,0.38,-0.82,-0.2,-0.16,0.18,9.8,1.60125,0.0,0.0,0.0,6.9,1.0,1017.14,67.56,-17.4
2025-03-24 18:05:41.359000+00:00,52.90739645376501,,,,23.812,-0.812,-1.062,22.85,-86.0,-1.75,-44.25,0.016,-0.037,-0.21,0.22,-0.63,9.59,0.38,-0.82,-0.2,-0.16,0.18,9.8,1.60125,0.0,0.0,0.0,6.9,1.0,1017.14,67.56,-17.4
2025-03-24 18:05:42.518000+00:00,52.90739645376501,,,,23.812,-0.812,-1.062,22.85,-86.0,-1.75,-44.25,0.016,-0.037,-0.21,0.22,-0.63,9.59,0.38,-0.82,-0.2,-0.16,0.18,9.8,1.60125,1.25,0.0,0.0,6.9,1.0,1017.14,67.56,-17.4
2025-03-24 18:05:43.606000+00:00,52.90739645376501,,,,23.812,-0.812,-1.062,22.85,-86.0,-1.75,-44.25,0.016,-0.037,-0.21,0.22,-0.63,9.59,0.38,-0.82,-0.2,-0.16,0.18,9.8,1.60125,0.0,0.0,0.0,6.9,1.0,1017.14,67.56,-17.4
2025-03-24 18:05:44.685000+00:00,52.90739645376501,,,,23.812,-0.812,-1.062,22.85,-86.0,-1.75,-44.25,0.016,-0.037,-0.21,0.22,-0.63,9.59,0.38,-0.82,-0.2,-0.16,0.18,9.8,1.60125,0.0,0.0,0.0,6.9,1.0,1017.14,67.56,-17.4
2025-03-24 18:05:45.331000+00:00,52.90739645376501,,,,23.812,-0.812,-1.062,22.85,-86.0,-1.75,-44.25,0.016,-0.037,-0.21,0.22,-0.63,9.59,0.38,-0.82,-0.2,-0.16,0.18,9.8,1.60125,-1.25,0.0,0.0,6.9,1.0,1017.14,67.56,-17.4
2025-03-24 18:05:46.359000+00:00,52.90739645376501,,,,23.812,-0.812,-1.062,22.85,-86.0,-1.75,-44.25,0.016,-0.037,-0.21,0.22,-0.63,9.59,0.38,-0.82,-0.2,-0.16,0.18,9.8,1.60125,0.0,0.0,0.0,6.9,1.0,1017.14,67.56,-17.4
2025-03-24 18:05:47.428000+00:00,52.90739645376501,,,,23.812,-0.812,-1.062,22.85,-86.0,-1.75,-44.25,0.016,-0.037,-0.21,0.22,-0.63,9.59,0.38,-0.82,-0.2,-0.16,0.18,9.8,1.60125,0.0,0.0,0.0,6.9,1.0,1017.14,67.56,-17.4
2025-03-24 18:05:48.380000+00:00,52.90739645376501,,,,23.812,-0.812,-1.062,22.85,-86.0,-1.75,-44.25,0.016,-0.037,-0.21,0.22,-0.63,9.59,0.38,-0.82,-0.2,-0.16,0.18,9.8,1.60125,0.0,0.0,0.0,6.9,1.0,1017.14,67.56,-17.4
2025-03-24 18:05:49.369000+00:00,52.90739645376501,,,,23.812,-0.812,-1.062,22.85,-86.0,-1.75,-44.25,0.016,-0.037,-0.21,0.22,-0.63,9.59,0.38,-0.82,-0.2,-0.16,0.18,9.8,1.60125,1.25,0.0,0.0,6.9,1.0,1017.14,67.56,-17.4
2025-03-24 18:05:50.409000+00:00,52.90739645376501,,,,23.812,-0.812,-1.062,22.85,-86.0,-1.75,-44.25,0.016,-0.037,-0.21,0.22,-0.63,9.59,0.38,-0.82,-0.2,-0.16,0.18,9.8,1.60125,0.0,0.0,0.0,6.9,1.0,1017.14,67.56,-17.4
2025-03-24 18:05:51.548000+00:00,52.90739645376501,,,,23.812,-0.812,-1.062,22.85,-86.0,-1.75,-44.25,0.016,-0.037,-0.21,0.22,-0.63,9.59,0.38,-0.82,-0.2,-0.16,0.18,9.8,1.60125,1.25,0.0,0.0,6.9,1.0,1017.14,67.56,-17.4
2025-03-24 18:05:52.678000+00:00,52.90739645376501,,,,23.812,-0.812,-1.062,22.85,-86.0,-1.75,-44.25,0.016,-0.037,-0.21,0.22,-0.63,9.59,0.38,-0.82,-0.2,-0.16,0.18,9.8,1.60125,0.0,0.0,0.0,6.9,1.0,1017.14,67.56,-17.4
2025-03-24 18:05:53.698000+00:00,52.90739645376501,,,,23.812,-0.812,-1.062,22.85,-86.0,-1.75,-44.25,0.016,-0.037,-0.21,0.22,-0.63,9.59,0.38,-0.82,-0.2,-0.16,0.18,9.8,1.60125,0.0,0.0,0.0,6.9,1.0,1017.14,67.56,-17.4
2025-03-24 18:05:54.838000+00:00,52.90739645376501,,,,23.812,-0.812,-1.062,22.85,-86.0,-1.75,-44.25,0.016,-0.037,-0.21,0.22,-0.63,9.59,0.38,-0.82,-0.2,-0.16,0.18,9.8,1.60125,0.0,0.0,0.0,6.9,1.0,1017.14,67.56,-17.4
2025-03-24 18:05:55.439000+00:00,52.90739645376501,,,,23.812,-0.812,-1.062,22.85,-86.0,-1.75,-44.25,0.016,-0.037,-0.21,0.22,-0.63,9.59,0.38,-0.82,-0.2,-0.16,0.18,9.8,1.60125,-1.25,0.0,0.0,6.9,1.0,1017.14,67.56,-17.4
2025-03-24 18:05:56.438000+00:00,52.90739645376501,,,,23.812,-0.812,-1.062,22.85,-86.0,-1.75,-44.25,0.016,-0.037,-0.21,0.22,-0.63,9.59,0.38,-0.82,-0.2,-0.16,0.18,9.8,1.60125,-1.25,0.0,0.0,6.9,1.0,1017.14,67.56,-17.4
2025-03-24 18:05:57.452000+00:00,52.90739645376501,,,,23.812,-0.812,-1.062,22.85,-86.0,-1.75,-44.25,0.016,-0.037,-0.21,0.22,-0.63,9.59,0.38,-0.82,-0.2,-0.16,0.18,9.8,1.60125,-1.25,0.0,0.0,6.9,1.0,1017.14,67.56,-17.4
2025-03-24 18:05:58.490000+00:00,52.90739645376501,,,,23.812,-0.812,-1.062,22.85,-86.0,-1.75,-44.25,0.016,-0.037,-0.21,0.22,-0.63,9.59,0.38,-0.82,-0.2,-0.16,0.18,9.8,1.60125,1.25,0.0,0.0,6.9,1.0,1017.14,67.56,-17.4
2025-03-24 18:05:59.486000+00:00,52.90739645376501,,,,23.812,-0.812,-1.062,22.85,-86.0,-1.75,-44.25,0.016,-0.037,-0.21,0.22,-0.63,9.59,0.38,-0.82,-0.2,-0.16,0.18,9.8,1.60125,1.25,0.0,0.0,6.9,1.0,1017.14,67.56,-17.4
2025-03-24 18:06:00.509000+00:00,52.90739645376501,,,,23.812,-0.812,-1.062,22.85,-86.0,-1.75,-44.25,0.016,-0.037,-0.21,0.22,-0.63,9.59,0.38,-0.82,-0.2,-0.16,0.18,9.8,1.60125,0.0,0.0,0.0,6.9,1.0,1017.14,67.56,-17.4
2025-03-24 18:06:01.628000+00:00,52.90739645376501,,,,23.812,-0.812,-1.062,22.85,-86.0,-1.75,-44.25,0.016,-0.037,-0.21,0.22,-0.63,9.59,0.38,-0.82,-0.2,-0.16,0.18,9.8,1.60125,0.0,0.0,0.0,6.9,1.0,1017.14,67.56,-17.4
2025-03-24 18:06:02.811000+00:00,52.90739645376501,,,,23.812,-0.812,-1.062,22.85,-86.0,-1.75,-44.25,0.016,-0.037,-0.21,0.22,-0.63,9.59,0.38,-0.82,-0.2,-0.16,0.18,9.8,1.60125,1.25,0.0,0.0,6.9,1.0,1017.14,67.56,-17.4
2025-03-24 18:06:03.834000+00:00,52.90739645376501,,,,23.812,-0.812,-1.062,22.85,-86.0,-1.75,-44.25,0.016,-0.037,-0.21,0.22,-0.63,9.59,0.38,-0.82,-0.2,-0.16,0.18,9.8,1.60125,-1.25,0.0,0.0,6.9,1.0,1017.14,67.56,-17.4
2025-03-24 18:06:04.519000+00:00,52.90739645376501,,,,23.812,-0.812,-1.062,22.85,-86.0,-1.75,-44.25,0.016,-0.037,-0.21,0.22,-0.63,9.59,0.38,-0.82,-0.2,-0.16,0.18,9.8,1.60125,1.25,0.0,0.0,6.9,1.0,1017.14,67.56,-17.4
2025-03-24 18:06:05.538000+00:00,52.90739645376501,,,,23.812,-0.812,-1.062,22.85,-86.0,-1.75,-44.25,0.016,-0.037,-0.21,0.22,-0.63,9.59,0.38,-0.82,-0.2,-0.16,0.18,9.8,1.60125,0.0,0.0,0.0,6.9,1.0,1017.14,67.56,-17.4
2025-03-24 18:06:06.555000+00:00,52.90739645376501,,,,23.812,-0.812,-1.062,22.85,-86.0,-1.75,-44.25,0.016,-0.037,-0.21,0.22,-0.63,9.59,0.38,-0.82,-0.2,-0.16,0.18,9.8,1.60125,0.0,0.0,0.0,6.9,1.0,1017.14,67.56,-17.4
2025-03-24 18:06:07.548000+00:00,52.90739645376501,,,,23.812,-0.812,-1.062,22.85,-86.0,-1.75,-44.25,0.016,-0.037,-0.21,0.22,-0.63,9.59,0.38,-0.82,-0.2,-0.16,0.18,9.8,1.60125,0.0,0.0,0.0,6.9,1.0,1017.14,67.56,-17.4
2025-03-24 18:06:08.588000+00:00,52.90739645376501,,,,23.812,-0.812,-1.062,22.85,-86.0,-1.75,-44.25,0.016,-0.037,-0.21,0.22,-0.63,9.59,0.38,-0.82,-0.2,-0.16,0.18,9.8,1.60125,0.0,0.0,0.0,6.9,1.0,1017.14,67.56,-17.4
2025-03-24 18:06:09.575000+00:00,52.90739645376501,,,,23.812,-0.812,-1.062,22.85,-86.0,-1.75,-44.25,0.016,-0.037,-0.21,0.22,-0.63,9.59,0.38,-0.82,-0.2,-0.16,0.18,9.8,1.60125,1.25,0.0,0.0,6.9,1.0,1017.14,67.56,-17.4
2025-03-24 18:06:10.579000+00:00,52.90739645376501,,,,23.812,-0.812,-1.062,22.85,-86.0,-1.75,-44.25,0.016,-0.037,-0.21,0.22,-0.63,9.59,0.38,-0.82,-0.2,-0.16,0.18,9.8,1.60125,-1.25,0.0,0.0,6.9,1.0,1017.14,67.56,-17.4
2025-03-24 18:06:11.598000+00:00,52.90739645376501,,,,23.812,-0.812,-1.062,22.85,-86.0,-1.75,-44.25,0.016,-0.037,-0.21,0.22,-0.63,9.59,0.38,-0.82,-0.2,-0.16,0.18,9.8,1.60125,-1.25,0.0,0.0,6.9,1.0,1017.14,67.56,-17.4
2025-03-24 18:06:12.489000+00:00,52.90739645376501,,,,23.812,-0.812,-1.062,22.85,-86.0,-1.75,-44.25,0.016,-0.037,-0.21,0.22,-0.63,9.59,0.38,-0.82,-0.2,-0.16,0.18,9.8,1.60125,1.25,0.0,0.0,6.9,1.0,1017.14,67.56,-17.4
2025-03-24 18:06:13.347000+00:00,52.90739645376501,,,,23.812,-0.812,-1.062,22.85,-86.0,-1.75,-44.25,0.016,-0.037,-0.21,0.22,-0.63,9.59,0.38,-0.82,-0.2,-0.16,0.18,9.8,1.60125,1.25,0.0,0.0,6.9,1.0,1017.14,67.56,-17.4
2025-03-24 18:06:14.255000+00:00,52.90739645376501,,,,23.812,-0.812,-1.062,22.85,-86.0,-1.75,-44.25,0.016,-0.037,-0.21,0.22,-0.63,9.59,0.38,-0.82,-0.2,-0.16,0.18,9.8,1.60125,1.25,0.0,0.0,6.9,1.0,1017.14,67.56,-17.4
2025-03-24 18:06:15.262000+00:00,52.90739645376501,,,,23.812,-0.812,-1.062,22.85,-86.0,-1.75,-44.25,0.016,-0.037,-0.21,0.22,-0.63,9.59,0.38,-0.82,-0.2,-0.16,0.18,9.8,1.60125,2.5,0.0,0.0,6.9,1.0,1017.14,67.56,-17.4
2025-03-24 18:06:16.387000+00:00,52.90739645376501,,,,23.812,-0.812,-1.062,22.85,-86.0,-1.75,-44.25,0.016,-0.037,-0.21,0.22,-0.63,9.59,0.38,-0.82,-0.2,-0.16,0.18,9.8,1.60125,-1.25,0.0,0.0,6.9,1.0,1017.14,67.56,-17.4
2025-03-24 18:06:17.427000+00:00,52.90739645376501,,,,23.812,-0.812,-1.062,22.85,-86.0,-1.75,-44.25,0.016,-0.037,-0.21,0.22,-0.63,9.59,0.38,-0.82,-0.2,-0.16,0.18,9.8,1.60125,-1.25,0.0,0.0,6.9,1.0,1017.14,67.56,-17.4
2025-03-24 18:06:18.367000+00:00,52.90739645376501,,,,23.812,-0.812,-1.062,22.85,-86.0,-1.75,-44.25,0.016,-0.037,-0.21,0.22,-0.63,9.59,0.38,-0.82,-0.2,-0.16,0.18,9.8,1.60125,-1.25,0.0,0.0,6.9,1.0,1017.14,67.56,-17.4
2025-03-24 18:06:19.468000+00:00,52.90739645376501,,,,23.812,-0.812,-1.062,22.85,-86.0,-1.75,-44.25,0.016,-0.037,-0.21,0.22,-0.63,9.59,0.38,-0.82,-0.2,-0.16,0.18,9.8,1.60125,0.0,0.0,0.0,6.9,1.0,1017.14,67.56,-17.4
2025-03-24 18:06:20.656000+00:00,52.90739645376501,,,,23.812,-0.812,-1.062,22.85,-86.0,-1.75,-44.25,0.016,-0.037,-0.21,0.22,-0.63,9.59,0.38,-0.82,-0.2,-0.16,0.18,9.8,1.60125,0.0,0.0,0.0,6.9,1.0,1017.14,67.56,-17.4
2025-03-24 18:06:21.281000+00:00,52.90739645376501,,,,23.812,-0.812,-1.062,22.85,-86.0,-1.75,-44.25,0.016,-0.037,-0.21,0.22,-0.63,9.59,0.38,-0.82,-0.2,-0.16,0.18,9.8,1.60125,-2.5,0.0,0.0,6.9,1.0,1017.14,67.56,-17.4
2025-03-24 18:06:22.284000+00:00,52.90739645376501,,,,23.812,-0.812,-1.062,22.85,-86.0,-1.75,-44.25,0.016,-0.037,-0.21,0.22,-0.63,9.59,0.38,-0.82,-0.2,-0.16,0.18,9.8,1.60125,-3.75,0.0,0.0,6.9,1.0,1017.14,67.56,-17.4
2025-03-24 18:06:23.288000+00:00,52.90739645376501,,,,23.812,-0.812,-1.062,22.85,-86.0,-1.75,-44.25,0.016,-0.037,-0.21,0.22,-0.63,9.59,0.38,-0.82,-0.2,-0.16,0.18,9.8,1.60125,-1.25,0.0,0.0,6.9,1.0,1017.14,67.56,-17.4
2025-03-24 18:06:24.292000+00:00,52.90739645376501,,,,23.812,-0.812,-1.062,22.85,-86.0,-1.75,-44.25,0.016,-0.037,-0.21,0.22,-0.63,9.59,0.38,-0.82,-0.2,-0.16,0.18,9.8,1.60125,2.5,0.0,0.0,6.9,1.0,1017.14,67.56,-17.4
2025-03-24 18:06:25.296000+00:00,52.90739645376501,,,,23.812,-0.812,-1.062,22.85,-86.0,-1.75,-44.25,0.016,-0.037,-0.21,0.22,-0.63,9.59,0.38,-0.82,-0.2,-0.16,0.18,9.8,1.60125,1.25,0.0,0.0,6.9,1.0,1017.14,67.56,-17.4
2025-03-24 18:06:26.300000+00:00,52.90739645376501,,,,23.812,-0.812,-1.062,22.85,-86.0,-1.75,-44.25,0.016,-0.037,-0.21,0.22,-0.63,9.59,0.38,-0.82,-0.2,-0.16,0.18,9.8,1.60125,-2.5,0.0,0.0,6.9,1.0,1017.14,67.56,-17.4
2025-03-24 18:06:27.303000+00:00,52.90739645376501,,,,23.812,-0.812,-1.062,22.85,-86.0,-1.75,-44.25,0.016,-0.037,-0.21,0.22,-0.63,9.59,0.38,-0.82,-0.2,-0.16,0.18,9.8,1.60125,0.0,0.0,0.0,6.9,1.0,1017.14,67.56,-17.4
2025-03-24 18:06:28.307000+00:00,52.90739645376501,,,,23.812,-0.812,-1.062,22.85,-86.0,-1.75,-44.25,0.016,-0.037,-0.21,0.22,-0.63,9.59,0.38,-0.82,-0.2,-0.16,0.18,9.8,1.60125,-1.25,0.0,0.0,6.9,1.0,1017.14,67.56,-17.4
2025-03-24 18:06:29.337000+00:00,52.90739645376501,,,,23.812,-0.812,-1.062,22.85,-86.0,-1.75,-44.25,0.016,-0.037,-0.21,0.22,-0.63,9.59,0.38,-0.82,-0.2,-0.16,0.18,9.8,1.60125,2.5,0.0,0.0,6.9,1.0,1017.14,67.56,-17.4
2025-03-24 18:06:30.387000+00:00,52.90739645376501,,,,23.812,-0.812,-1.062,22.85,-86.0,-1.75,-44.25,0.016,-0.037,-0.21,0.22,-0.63,9.59,0.38,-0.82,-0.2,-0.16,0.18,9.8,1.60125,-1.25,0.0,0.0,6.9,1.0,1017.14,67.56,-17.4
2025-03-24 18:06:31.438000+00:00,52.90739645376501,,,,23.812,-0.812,-1.062,22.85,-86.0,-1.75,-44.25,0.016,-0.037,-0.21,0.22,-0.63,9.59,0.38,-0.82,-0.2,-0.16,0.18,9.8,1.60125,0.0,0.0,0.0,6.9,1.0,1017.14,67.56,-17.4
2025-03-24 18:05:33.398000+00:00,52.90739645376501,,,,23.812,-0.812,-1.062,22.85,-86.0,-1.75,-44.25,0.016,-0.037,-0.21,0.22,-0.63,9.59,0.38,-0.82,-0.2,-0.16,0.18,9.8,1.60125,0.0,0.0,0.0,6.9,1.0,1017.14,67.56,-17.4
2025-03-24 18:05:34.529000+00:00,52.90739645376501,,,,23.812,-0.812,-1.062,22.85,-86.0,-1.75,-44.25,0.016,-0.037,-0.21,0.22,-0.63,9.59,0.38,-0.82,-0.2,-0.16,0.18,9.8,1.60125,0.0,0.0,0.0,6.9,1.0,1017.14,67.56,-17.4
2025-03-24 18:05:35.639000+00:00,52.90739645376501,,,,23.812,-0.812,-1.062,22.85,-86.0,-1.75,-44.25,0.016,-0.037,-0.21,0.22,-0.63,9.59,0.38,-0.82,-0.2,-0.16,0.18,9.8,1.60125,0.0,0.0,0.0,6.9,1.0,1017.14,67.56,-17.4
2025-03-24 18:05:36.725000+00:00,52.90739645376501,,,,23.812,-0.812,-1.062,22.85,-86.0,-1.75,-44.25,0.016,-0.037,-0.21,0.22,-0.63,9.59,0.38,-0.82,-0.2,-0.16,0.18,9.8,1.60125,0.0,0.0,0.0,6.9,1.0,1017.14,67.56,-17.4
2025-03-24 18:05:37.779000+00:00,52.90739645376501,,,,23.812,-0.812,-1.062,22.85,-86.0,-1.75,-44.25,0.016,-0.037,-0.21,0.22,-0.63,9.59,0.38,-0.82,-0.2,-0.16,0.18,9.8,1.60125,0.0,0.0,0.0,6.9,1.0,1017.14,67.56,-17.4
2025-03-24 18:05:38.739000+00:00,52.90739645376501,,,,23.812,-0.812,-1.062,22.85,-86.0,-1.75,-44.25,0.016,-0.037,-0.21,0.22,-0.63,9.59,0.38,-0.82,-0.2,-0.16,0.18,9.8,1.60125,0.0,0.0,0.0,6.9,1.0,1017.14,67.56,-17.4
2025-03-24 18:05:39.379000+00:00,52.90739645376501,,,,23.812,-0.812,-1.062,22.85,-86.0,-1.75,-44.25,0.016,-0.037,-0.21,0.22,-0.63,9.59,0.38,-0.82,-0.2,-0.16,0.18,9.8,1.60125,0.0,0.0,0.0,6.9,1.0,1017.14,67.56,-17.4
2025-03-24 18:05:40.378000+00:00,52.90739645376501,,,,23.812,-0.812,-1.062,22.85,-86.0,-1.75,-44.25,0.016,-0.037,-0.21,0.22,-0.63,9.59,0.38,-0.82,-0.2,-0.16,0.18,9.8,1.60125,0.0,0.0,0.0,6.9,1.0,1017.14,67.56,-17.4
2025-03-24 18:05:41.469000+00:00,52.90739645376501,,,,23.812,-0.812,-1.062,22.85,-86.0,-1.75,-44.25,0.016,-0.037,-0.21,0.22,-0.63,9.59,0.38,-0.82,-0.2,-0.16,0.18,9.8,1.60125,0.0,0.0,0.0,6.9,1.0,1017.14,67.56,-17.4
2025-03-24 18:05:42.620000+00:00,52.90739645376501,,,,23.812,-0.812,-1.062,22.85,-86.0,-1.75,-44.25,0.016,-0.037,-0.21,0.22,-0.63,9.59,0.38,-0.82,-0.2,-0.16,0.18,9.8,1.60125,0.0,0.0,0.0,6.9,1.0,1017.14,67.56,-17.4
2025-03-24 18:05:43.729000+00:00,52.90739645376501,,,,23.812,-0.812,-1.062,22.85,-86.0,-1.75,-44.25,0.016,-0.037,-0.21,0.22,-0.63,9.59,0.38,-0.82,-0.2,-0.16,0.18,9.8,1.60125,0.0,0.0,0.0,6.9,1.0,1017.14,67.56,-17.4
2025-03-24 18:05:44.804000+00:00,52.90739645376501,,,,23.812,-0.812,-1.062,22.85,-86.0,-1.75,-44.25,0.016,-0.037,-0.21,0.22,-0.63,9.59,0.38,-0.82,-0.2,-0.16,0.18,9.8,1.60125,0.0,0.0,0.0,6.9,1.0,1017.14,67.56,-17.4
2025-03-24 18:05:45.431000+00:00,52.90739645376501,,,,23.812,-0.812,-1.062,22.85,-86.0,-1.75,-44.25,0.016,-0.037,-0.21,0.22,-0.63,9.59,0.38,-0.82,-0.2,-0.16,0.18,9.8,1.60125,0.0,0.0,0.0,6.9,1.0,1017.14,67.56,-17.4
2025-03-24 18:05:46.460000+00:00,52.90739645376501,,,,23.812,-0.812,-1.062,22.85,-86.0,-1.75,-44.25,0.016,-0.037,-0.21,0.22,-0.63,9.59,0.38,-0.82,-0.2,-0.16,0.18,9.8,1.60125,0.0,0.0,0.0,6.9,1.0,1017.14,67.56,-17.4
2025-03-24 18:05:47.539000+00:00,52.90739645376501,,,,23.812,-0.812,-1.062,22.85,-86.0,-1.75,-44.25,0.016,-0.037,-0.21,0.22,-0.63,9.59,0.38,-0.82,-0.2,-0.16,0.18,9.8,1.60125,0.0,0.0,0.0,6.9,1.0,1017.14,67.56,-17.4
2025-03-24 18:05:48.494000+00:00,52.90739645376501,,,,23.812,-0.812,-1.062,22.85,-86.0,-1.75,-44.25,0.016,-0.037,-0.21,0.22,-0.63,9.59,0.38,-0.82,-0.2,-0.16,0.18,9.8,1.60125,0.0,0.0,0.0,6.9,1.0,1017.14,67.56,-17.4
2025-03-24 18:05:49.468000+00:00,52.90739645376501,,,,23.812,-0.812,-1.062,22.85,-86.0,-1.75,-44.25,0.016,-0.037,-0.21,0.22,-0.63,9.59,0.38,-0.82,-0.2,-0.16,0.18,9.8,1.60125,0.0,0.0,0.0,6.9,1.0,1017.14,67.56,-17.4
2025-03-24 18:05:50.529000+00:00,52.90739645376501,,,,23.812,-0.812,-1.062,22.85,-86.0,-1.75,-44.25,0.016,-0.037,-0.21,0.22,-0.63,9.59,0.38,-0.82,-0.2,-0.16,0.18,9.8,1.60125,0.0,0.0,0.0,6.9,1.0,1017.14,67.56,-17.4
2025-03-24 18:05:51.658000+00:00,52.90739645376501,,,,23.812,-0.812,-1.062,22.85,-86.0,-1.75,-44.25,0.016,-0.037,-0.21,0.22,-0.63,9.59,0.38,-0.82,-0.2,-0.16,0.18,9.8,1.60125,0.0,0.0,0.0,6.9,1.0,1017.14,67.56,-17.4
2025-03-24 18:05:52.778000+00:00,52.90739645376501,,,,23.812,-0.812,-1.062,22.85,-86.0,-1.75,-44.25,0.016,-0.037,-0.21,0.22,-0.63,9.59,0.38,-0.82,-0.2,-0.16,0.18,9.8,1.60125,0.0,0.0,0.0,6.9,1.0,1017.14,67.56,-17.4
2025-03-24 18:05:53.799000+00:00,52.90739645376501,,,,23.812,-0.812,-1.062,22.85,-86.0,-1.75,-44.25,0.016,-0.037,-0.21,0.22,-0.63,9.59,0.38,-0.82,-0.2,-0.16,0.18,9.8,1.60125,0.0,0.0,0.0,6.9,1.0,1017.14,67.56,-17.4
2025-03-24 18:05:54.952000+00:00,52.90739645376501,,,,23.812,-0.812,-1.062,22.85,-86.0,-1.75,-44.25,0.016,-0.037,-0.21,0.22,-0.63,9.59,0.38,-0.82,-0.2,-0.16,0.18,9.8,1.60125,0.0,0.0,0.0,6.9,1.0,1017.14,67.56,-17.4
2025-03-24 18:05:55.544000+00:00,52.90739645376501,,,,23.812,-0.812,-1.062,22.85,-86.0,-1.75,-44.25,0.016,-0.037,-0.21,0.22,-0.63,9.59,0.38,-0.82,-0.2,-0.16,0.18,9.8,1.60125,0.0,0.0,0.0,6.9,1.0,1017.14,67.56,-17.4
2025-03-24 18:05:56.544000+00:00,52.90739645376501,,,,23.812,-0.812,-1.062,22.85,-86.0,-1.75,-44.25,0.016,-0.037,-0.21,0.22,-0.63,9.59,0.38,-0.82,-0.2,-0.16,0.18,9.8,1.60125,0.0,0.0,0.0,6.9,1.0,1017.14,67.56,-17.4
2025-03-24 18:05:57.555000+00:00,52.90739645376501,,,,23.812,-0.812,-1.062,22.85,-86.0,-1.75,-44.25,0.016,-0.037,-0.21,0.22,-0.63,9.59,0.38,-0.82,-0.2,-0.16,0.18,9.8,1.60125,0.0,0.0,0.0,6.9,1.0,1017.14,67.56,-17.4
2025-03-24 18:05:58.592000+00:00,52.90739645376501,,,,23.812,-0.812,-1.062,22.85,-86.0,-1.75,-44.25,0.016,-0.037,-0.21,0.22,-0.63,9.59,0.38,-0.82,-0.2,-0.16,0.18,9.8,1.60125,0.0,0.0,0.0,6.9,1.0,1017.14,67.56,-17.4
2025-03-24 18:05:59.604000+00:00,52.90739645376501,,,,23.812,-0.812,-1.062,22.85,-86.0,-1.75,-44.25,0.016,-0.037,-0.21,0.22,-0.63,9.59,0.38,-0.82,-0.2,-0.16,0.18,9.8,1.60125,0.0,0.0,0.0,6.9,1.0,1017.14,67.56,-17.4
2025-03-24 18:06:00.614000+00:00,52.90739645376501,,,,23.812,-0.812,-1.062,22.85,-86.0,-1.75,-44.25,0.016,-0.037,-0.21,0.22,-0.63,9.59,0.38,-0.82,-0.2,-0.16,0.18,9.8,1.60125,0.0,0.0,0.0,6.9,1.0,1017.14,67.56,-17.4
2025-03-24 18:06:01.737000+00:00,52.90739645376501,,,,23.812,-0.812,-1.062,22.85,-86.0,-1.75,-44.25,0.016,-0.037,-0.21,0.22,-0.63,9.59,0.38,-0.82,-0.2,-0.16,0.18,9.8,1.60125,0.0,0.0,0.0,6.9,1.0,1017.14,67.56,-17.4
2025-03-24 18:06:02.908000+00:00,52.90739645376501,,,,23.812,-0.812,-1.062,22.85,-86.0,-1.75,-44.25,0.016,-0.037,-0.21,0.22,-0.63,9.59,0.38,-0.82,-0.2,-0.16,0.18,9.8,1.60125,0.0,0.0,0.0,6.9,1.0,1017.14,67.56,-17.4
2025-03-24 18:06:03.944000+00:00,52.90739645376501,,,,23.812,-0.812,-1.062,22.85,-86.0,-1.75,-44.25,0.016,-0.037,-0.21,0.22,-0.63,9.59,0.38,-0.82,-0.2,-0.16,0.18,9.8,1.60125,0.0,0.0,0.0,6.9,1.0,1017.14,67.56,-17.4
2025-03-24 18:06:04.624000+00:00,52.90739645376501,,,,23.812,-0.812,-1.062,22.85,-86.0,-1.75,-44.25,0.016,-0.037,-0.21,0.22,-0.63,9.59,0.38,-0.82,-0.2,-0.16,0.18,9.8,1.60125,0.0,0.0,0.0,6.9,1.0,1017.14,67.56,-17.4
2025-03-24 18:06:05.637000+00:00,52.90739645376501,,,,23.812,-0.812,-1.062,22.85,-86.0,-1.75,-44.25,0.016,-0.037,-0.21,0.22,-0.63,9.59,0.38,-0.82,-0.2,-0.16,0.18,9.8,1.60125,0.0,0.0,0.0,6.9,1.0,1017.14,67.56,-17.4
2025-03-24 18:06:06.672000+00:00,52.90739645376501,,,,23.812,-0.812,-1.062,22.85,-86.0,-1.75,-44.25,0.016,-0.037,-0.21,0.22,-0.63,9.59,0.38,-0.82,-0.2,-0.16,0.18,9.8,1.60125,0.0,0.0,0.0,6.9,1.0,1017.14,67.56,-17.4
2025-03-24 18:06:07.648000+00:00,52.90739645376501,,,,23.812,-0.812,-1.062,22.85,-86.0,-1.75,-44.25,0.016,-0.037,-0.21,0.22,-0.63,9.59,0.38,-0.82,-0.2,-0.16,0.18,9.8,1.60125,0.0,0.0,0.0,6.9,1.0,1017.14,67.56,-17.4
2025-03-24 18:06:08.702000+00:00,52.90739645376501,,,,23.812,-0.812,-1.062,22.85,-86.0,-1.75,-44.25,0.016,-0.037,-0.21,0.22,-0.63,9.59,0.38,-0.82,-0.2,-0.16,0.18,9.8,1.60125,0.0,0.0,0.0,6.9,1.0,1017.14,67.56,-17.4
2025-03-24 18:06:09.677000+00:00,52.90739645376501,,,,23.812,-0.812,-1.062,22.85,-86.0,-1.75,-44.25,0.016,-0.037,-0.21,0.22,-0.63,9.59,0.38,-0.82,-0.2,-0.16,0.18,9.8,1.60125,0.0,0.0,0.0,6.9,1.0,1017.14,67.56,-17.4
2025-03-24 18:06:10.683000+00:00,52.90739645376501,,,,23.812,-0.812,-1.062,22.85,-86.0,-1.75,-44.25,0.016,-0.037,-0.21,0.22,-0.63,9.59,0.38,-0.82,-0.2,-0.16,0.18,9.8,1.60125,0.0,0.0,0.0,6.9,1.0,1017.14,67.56,-17.4
2025-03-24 18:06:11.708000+00:00,52.90739645376501,,,,23.812,-0.812,-1.062,22.85,-86.0,-1.75,-44.25,0.016,-0.037,-0.21,0.22,-0.63,9.59,0.38,-0.82,-0.2,-0.16,0.18,9.8,1.60125,0.0,0.0,0.0,6.9,1.0,1017.14,67.56,-17.4
2025-03-24 18:06:12.594000+00:00,52.90739645376501,,,,23.812,-0.812,-1.062,22.85,-86.0,-1.75,-44.25,0.016,-0.037,-0.21,0.22,-0.63,9.59,0.38,-0.82,-0.2,-0.16,0.18,9.8,1.60125,0.0,0.0,0.0,6.9,1.0,1017.14,67.56,-17.4
2025-03-24 18:06:13.447000+00:00,52.90739645376501,,,,23.812,-0.812,-1.062,22.85,-86.0,-1.75,-44.25,0.016,-0.037,-0.21,0.22,-0.63,9.59,0.38,-0.82,-0.2,-0.16,0.18,9.8,1.60125,0.0,0.0,0.0,6.9,1.0,1017.14,67.56,-17.4
2025-03-24 18:06:14.358000+00:00,52.90739645376501,,,,23.812,-0.812,-1.062,22.85,-86.0,-1.75,-44.25,0.016,-0.037,-0.21,0.22,-0.63,9.59,0.38,-0.82,-0.2,-0.16,0.18,9.8,1.60125,0.0,0.0,0.0,6.9,1.0,1017.14,67.56,-17.4
2025-03-24 18:06:15.357000+00:00,52.90739645376501,,,,23.812,-0.812,-1.062,22.85,-86.0,-1.75,-44.25,0.016,-0.037,-0.21,0.22,-0.63,9.59,0.38,-0.82,-0.2,-0.16,0.18,9.8,1.60125,0.0,0.0,0.0,6.9,1.0,1017.14,67.56,-17.4
2025-03-24 18:06:16.486000+00:00,52.90739645376501,,,,23.812,-0.812,-1.062,22.85,-86.0,-1.75,-44.25,0.016,-0.037,-0.21,0.22,-0.63,9.59,0.38,-0.82,-0.2,-0.16,0.18,9.8,1.60125,0.0,0.0,0.0,6.9,1.0,1017.14,67.56,-17.4
2025-03-24 18:06:17.527000+00:00,52.90739645376501,,,,23.812,-0.812,-1.062,22.85,-86.0,-1.75,-44.25,0.016,-0.037,-0.21,0.22,-0.63,9.59,0.38,-0.82,-0.2,-0.16,0.18,9.8,1.60125,0.0,0.0,0.0,6.9,1.0,1017.14,67.56,-17.4
2025-03-24 18:06:18.467000+00:00,52.90739645376501,,,,23.812,-0.812,-1.062,22.85,-86.0,-1.75,-44.25,0.016,-0.037,-0.21,0.22,-0.63,9.59,0.38,-0.82,-0.2,-0.16,0.18,9.8,1.60125,0.0,0.0,0.0,6.9,1.0,1017.14,67.56,-17.4
2025-03-24 18:06:19.569000+00:00,52.90739645376501,,,,23.812,-0.812,-1.062,22.85,-86.0,-1.75,-44.25,0.016,-0.037,-0.21,0.22,-0.63,9.59,0.38,-0.82,-0.2,-0.16,0.18,9.8,1.60125,0.0,0.0,0.0,6.9,1.0,1017.14,67.56,-17.4
2025-03-24 18:06:20.757000+00:00,52.90739645376501,,,,23.812,-0.812,-1.062,22.85,-86.0,-1.75,-44.25,0.016,-0.037,-0.21,0.22,-0.63,9.59,0.38,-0.82,-0.2,-0.16,0.18,9.8,1.60125,0.0,0.0,0.0,6.9,1.0,1017.14,67.56,-17.4
2025-03-24 18:06:21.377000+00:00,52.90739645376501,,,,23.812,-0.812,-1.062,22.85,-86.0,-1.75,-44.25,0.016,-0.037,-0.21,0.22,-0.63,9.59,0.38,-0.82,-0.2,-0.16,0.18,9.8,1.60125,0.0,0.0,0.0,6.9,1.0,1017.14,67.56,-17.4
2025-03-24 18:06:22.387000+00:00,52.90739645376501,,,,23.812,-0.812,-1.062,22.85,-86.0,-1.75,-44.25,0.016,-0.037,-0.21,0.22,-0.63,9.59,0.38,-0.82,-0.2,-0.16,0.18,9.8,1.60125,0.0,0.0,0.0,6.9,1.0,1017.14,67.56,-17.4
2025-03-24 18:06:23.387000+00:00,52.90739645376501,,,,23.812,-0.812,-1.062,22.85,-86.0,-1.75,-44.25,0.016,-0.037,-0.21,0.22,-0.63,9.59,0.38,-0.82,-0.2,-0.16,0.18,9.8,1.60125,0.0,0.0,0.0,6.9,1.0,1017.14,67.56,-17.4
2025-03-24 18:06:24.387000+00:00,52.90739645376501,,,,23.812,-0.812,-1.062,22.85,-86.0,-1.75,-44.25,0.016,-0.037,-0.21,0.22,-0.63,9.59,0.38,-0.82,-0.2,-0.16,0.18,9.8,1.60125,0.0,0.0,0.0,6.9,1.0,1017.14,67.56,-17.4
2025-03-24 18:06:25.397000+00:00,52.90739645376501,,,,23.812,-0.812,-1.062,22.85,-86.0,-1.75,-44.25,0.016,-0.037,-0.21,0.22,-0.63,9.59,0.38,-0.82,-0.2,-0.16,0.18,9.8,1.60125,0.0,0.0,0.0,6.9,1.0,1017.14,67.56,-17.4
2025-03-24 18:06:26.397000+00:00,52.90739645376501,,,,23.812,-0.812,-1.062,22.85,-86.0,-1.75,-44.25,0.016,-0.037,-0.21,0.22,-0.63,9.59,0.38,-0.82,-0.2,-0.16,0.18,9.8,1.60125,0.0,0.0,0.0,6.9,1.0,1017.14,67.56,-17.4
2025-03-24 18:06:27.407000+00:00,52.90739645376501,,,,23.812,-0.812,-1.062,22.85,-86.0,-1.75,-44.25,0.016,-0.037,-0.21,0.22,-0.63,9.59,0.38,-0.82,-0.2,-0.16,0.18,9.8,1.60125,0.0,0.0,0.0,6.9,1.0,1017.14,67.56,-17.4
2025-03-24 18:06:28.408000+00:00,52.90739645376501,,,,23.812,-0.812,-1.062,22.85,-86.0,-1.75,-44.25,0.016,-0.037,-0.21,0.22,-0.63,9.59,0.38,-0.82,-0.2,-0.16,0.18,9.8,1.60125,0.0,0.0,0.0,6.9,1.0,1017.14,67.56,-17.4
2025-03-24 18:06:29.436000+00:00,52.90739645376501,,,,23.812,-0.812,-1.062,22.85,-86.0,-1.75,-44.25,0.016,-0.037,-0.21,0.22,-0.63,9.59,0.38,-0.82,-0.2,-0.16,0.18,9.8,1.60125,0.0,0.0,0.0,6.9,1.0,1017.14,67.56,-17.4
2025-03-24 18:06:30.487000+00:00,52.90739645376501,,,,23.812,-0.812,-1.062,22.85,-86.0,-1.75,-44.25,0.016,-0.037,-0.21,0.22,-0.63,9.59,0.38,-0.82,-0.2,-0.16,0.18,9.8,1.60125,0.0,0.0,0.0,6.9,1.0,1017.14,67.56,-17.4
2025-03-24 18:06:31.538000+00:00,52.90739645376501,,,,23.812,-0.812,-1.062,22.85,-86.0,-1.75,-44.25,0.016,-0.037,-0.21,0.22,-0.63,9.59,0.38,-0.82,-0.2,-0.16,0.18,9.8,1.60125,0.0,0.0,0.0,6.9,1.0,1017.14,67.56,-17.4
2025-03-24 18:05:37.573000+00:00,52.90739645376501,,,,23.812,-0.812,-1.062,22.85,-86.0,-1.75,-44.25,0.016,-0.037,-0.21,0.22,-0.63,9.59,0.38,-0.82,-0.2,-0.16,0.18,9.8,1.60125,0.0,0.0,0.0,6.9,1.0,1017.14,67.56,-17.4
2025-03-24 18:05:42.466000+00:00,52.90739645376501,,,,23.812,-0.812,-1.062,22.85,-86.0,-1.75,-44.25,0.016,-0.037,-0.21,0.22,-0.63,9.59,0.38,-0.82,-0.2,-0.16,0.18,9.8,1.60125,0.0,0.0,0.0,6.9,1.0,1017.14,67.56,-17.4
2025-03-24 18:05:46.983000+00:00,52.90739645376501,,,,23.812,-0.812,-1.062,22.85,-86.0,-1.75,-44.25,0.016,-0.037,-0.21,0.22,-0.63,9.59,0.38,-0.82,-0.2,-0.16,0.18,9.8,1.60125,0.0,0.0,0.0,6.9,1.0,1017.14,67.56,-17.4
2025-03-24 18:05:52.248000+00:00,52.90739645376501,,,,23.812,-0.812,-1.062,22.85,-86.0,-1.75,-44.25,0.016,-0.037,-0.21,0.22,-0.63,9.59,0.38,-0.82,-0.2,-0.16,0.18,9.8,1.60125,0.0,0.0,0.0,6.9,1.0,1017.14,67.56,-17.4
2025-03-24 18:05:57.020000+00:00,52.90739645376501,,,,23.812,-0.812,-1.062,22.85,-86.0,-1.75,-44.25,0.016,-0.037,-0.21,0.22,-0.63,9.59,0.38,-0.82,-0.2,-0.16,0.18,9.8,1.60125,0.0,0.0,0.0,6.9,1.0,1017.14,67.56,-17.4
2025-03-24 18:06:01.984000+00:00,52.90739645376501,,,,23.812,-0.812,-1.062,22.85,-86.0,-1.75,-44.25,0.016,-0.037,-0.21,0.22,-0.63,9.59,0.38,-0.82,-0.2,-0.16,0.18,9.8,1.60125,0.0,0.0,0.0,6.9,1.0,1017.14,67.56,-17.4
2025-03-24 18:06:07.147000+00:00,52.90739645376501,,,,23.812,-0.812,-1.062,22.85,-86.0,-1.75,-44.25,0.016,-0.037,-0.21,0.22,-0.63,9.59,0.38,-0.82,-0.2,-0.16,0.18,9.8,1.60125,0.0,0.0,0.0,6.9,1.0,1017.14,67.56,-17.4
2025-03-24 18:06:12.137000+00:00,52.90739645376501,,,,23.812,-0.812,-1.062,22.85,-86.0,-1.75,-44.25,0.016,-0.037,-0.21,0.22,-0.63,9.59,0.38,-0.82,-0.2,-0.16,0.18,9.8,1.60125,0.0,0.0,0.0,6.9,1.0,1017.14,67.56,-17.4
2025-03-24 18:06:16.985000+00:00,52.90739645376501,,,,23.812,-0.812,-1.062,22.85,-86.0,-1.75,-44.25,0.016,-0.037,-0.21,0.22,-0.63,9.59,0.38,-0.82,-0.2,-0.16,0.18,9.8,1.60125,0.0,0.0,0.0,6.9,1.0,1017.14,67.56,-17.4
2025-03-24 18:06:22.167000+00:00,52.90739645376501,,,,23.812,-0.812,-1.062,22.85,-86.0,-1.75,-44.25,0.016,-0.037,-0.21,0.22,-0.63,9.59,0.38,-0.82,-0.2,-0.16,0.18,9.8,1.60125,0.0,0.0,0.0,6.9,1.0,1017.14,67.56,-17.4
2025-03-24 18:06:27.168000+00:00,52.90739645376501,,,,23.812,-0.812,-1.062,22.85,-86.0,-1.75,-44.25,0.016,-0.037,-0.21,0.22,-0.63,9.59,0.38,-0.82,-0.2,-0.16,0.18,9.8,1.60125,0.0,0.0,0.0,6.9,1.0,1017.14,67.56,-17.4
2025-03-24 18:06:32.037000+00:00,52.90739645376501,,,,23.812,-0.812,-1.062,22.85,-86.0,-1.75,-44.25,0.016,-0.037,-0.21,0.22,-0.63,9.59,0.38,-0.82,-0.2,-0.16,0.18,9.8,1.60125,0.0,0.0,0.0,6.9,1.0,1017.14,67.56,-17.4
2025-03-24 18:05:33.759000+00:00,52.90739645376501,,,,23.812,-0.812,-1.062,22.85,-86.0,-1.75,-44.25,0.016,-0.037,-0.21,0.22,-0.63,9.59,0.38,-0.82,-0.2,-0.16,0.18,9.8,1.60125,0.0,0.0,0.0,6.9,1.0,1017.14,67.56,-17.4
2025-03-24 18:05:35.219000+00:00,52.90739645376501,,,,23.812,-0.812,-1.062,22.85,-86.0,-1.75,-44.25,0.016,-0.037,-0.21,0.22,-0.63,9.59,0.38,-0.82,-0.2,-0.16,0.18,9.8,1.60125,0.0,0.0,0.0,6.9,1.0,1017.14,67.56,-17.4
2025-03-24 18:05:36.257000+00:00,52.90739645376501,,,,23.812,-0.812,-1.062,22.85,-86.0,-1.75,-44.25,0.016,-0.037,-0.21,0.22,-0.63,9.59,0.38,-0.82,-0.2,-0.16,0.18,9.8,1.60125,0.0,0.0,0.0,7.0,1.0,1017.14,67.56,-17.4
2025-03-24 18:05:37.259000+00:00,52.90739645376501,,,,23.812,-0.812,-1.062,22.85,-86.0,-1.75,-44.25,0.016,-0.037,-0.21,0.22,-0.63,9.59,0.38,-0.82,-0.2,-0.16,0.18,9.8,1.60125,0.0,0.0,0.0,7.0,1.0,1017.14,67.56,-17.4
2025-03-24 18:05:38.269000+00:00,52.90739645376501,,,,23.812,-0.812,-1.062,22.85,-86.0,-1.75,-44.25,0.016,-0.037,-0.21,0.22,-0.63,9.59,0.38,-0.82,-0.2,-0.16,0.18,9.8,1.60125,0.0,0.0,0.0,7.0,1.0,1017.14,67.56,-17.4
2025-03-24 18:05:39.498000+00:00,52.90739645376501,,,,23.812,-0.812,-1.062,22.85,-86.0,-1.75,-44.25,0.016,-0.037,-0.21,0.22,-0.63,9.59,0.38,-0.82,-0.2,-0.16,0.18,9.8,1.60125,0.0,0.0,0.0,6.9,1.0,1017.14,67.56,-17.4
2025-03-24 18:05:40.642000+00:00,52.90739645376501,,,,23.812,-0.812,-1.062,22.85,-86.0,-1.75,-44.25,0.016,-0.037,-0.21,0.22,-0.63,9.59,0.38,-0.82,-0.2,-0.16,0.18,9.8,1.60125,0.0,0.0,0.0,6.9,1.0,1017.14,67.56,-17.4
2025-03-24 18:05:41.786000+00:00,52.90739645376501,,,,23.812,-0.812,-1.062,22.85,-86.0,-1.75,-44.25,0.016,-0.037,-0.21,0.22,-0.63,9.59,0.38,-0.82,-0.2,-0.16,0.18,9.8,1.60125,0.0,0.0,0.0,6.9,1.0,1017.14,67.56,-17.4
2025-03-24 18:05:42.931000+00:00,52.90739645376501,,,,23.812,-0.812,-1.062,22.85,-86.0,-1.75,-44.25,0.016,-0.037,-0.21,0.22,-0.63,9.59,0.38,-0.82,-0.2,-0.16,0.18,9.8,1.60125,0.0,0.0,0.0,6.9,1.0,1017.14,67.56,-17.4
2025-03-24 18:05:44.339000+00:00,52.90739645376501,,,,23.812,-0.812,-1.062,22.85,-86.0,-1.75,-44.25,0.016,-0.037,-0.21,0.22,-0.63,9.59,0.38,-0.82,-0.2,-0.16,0.18,9.8,1.60125,0.0,0.0,0.0,6.8,1.0,1017.14,67.56,-17.4
2025-03-24 18:05:45.535000+00:00,52.90739645376501,,,,23.812,-0.812,-1.062,22.85,-86.0,-1.75,-44.25,0.016,-0.037,-0.21,0.22,-0.63,9.59,0.38,-0.82,-0.2,-0.16,0.18,9.8,1.60125,0.0,0.0,0.0,6.8,1.0,1017.14,67.56,-17.4
2025-03-24 18:05:46.559000+00:00,52.90739645376501,,,,23.812,-0.812,-1.062,22.85,-86.0,-1.75,-44.25,0.016,-0.037,-0.21,0.22,-0.63,9.59,0.38,-0.82,-0.2,-0.16,0.18,9.8,1.60125,0.0,0.0,0.0,6.8,1.0,1017.14,67.56,-17.4
2025-03-24 18:05:47.655000+00:00,52.90739645376501,,,,23.812,-0.812,-1.062,22.85,-86.0,-1.75,-44.25,0.016,-0.037,-0.21,0.22,-0.63,9.59,0.38,-0.82,-0.2,-0.16,0.18,9.8,1.60125,0.0,0.0,0.0,6.9,1.0,1017.14,67.56,-17.4
2025-03-24 18:05:48.599000+00:00,52.90739645376501,,,,23.812,-0.812,-1.062,22.85,-86.0,-1.75,-44.25,0.016,-0.037,-0.21,0.22,-0.63,9.59,0.38,-0.82,-0.2,-0.16,0.18,9.8,1.60125,0.0,0.0,0.0,6.9,1.0,1017.14,67.56,-17.4
2025-03-24 18:05:49.701000+00:00,52.90739645376501,,,,23.812,-0.812,-1.062,22.85,-86.0,-1.75,-44.25,0.016,-0.037,-0.21,0.22,-0.63,9.59,0.38,-0.82,-0.2,-0.16,0.18,9.8,1.60125,0.0,0.0,0.0,6.9,1.0,1017.14,67.56,-17.4
2025-03-24 18:05:50.808000+00:00,52.90739645376501,,,,23.812,-0.812,-1.062,22.85,-86.0,-1.75,-44.25,0.016,-0.037,-0.21,0.22,-0.63,9.59,0.38,-0.82,-0.2,-0.16,0.18,9.8,1.60125,0.0,0.0,0.0,7.1,1.0,1017.14,67.56,-17.4
2025-03-24 18:05:51.897000+00:00,52.90739645376501,,,,23.812,-0.812,-1.062,22.85,-86.0,-1.75,-44.25,0.016,-0.037,-0.21,0.22,-0.63,9.59,0.38,-0.82,-0.2,-0.16,0.18,9.8,1.60125,0.0,0.0,0.0,7.1,1.0,1017.14,67.56,-17.4
2025-03-24 18:05:52.941000+00:00,52.90739645376501,,,,23.812,-0.812,-1.062,22.85,-86.0,-1.75,-44.25,0.016,-0.037,-0.21,0.22,-0.63,9.59,0.38,-0.82,-0.2,-0.16,0.18,9.8,1.60125,0.0,0.0,0.0,7.1,1.0,1017.14,67.56,-17.4
2025-03-24 18:05:54.426000+00:00,52.90739645376501,,,,23.812,-0.812,-1.062,22.85,-86.0,-1.75,-44.25,0.016,-0.037,-0.21,0.22,-0.63,9.59,0.38,-0.82,-0.2,-0.16,0.18,9.8,1.60125,0.0,0.0,0.0,7.1,1.0,1017.14,67.56,-17.4
2025-03-24 18:05:55.597000+00:00,52.90739645376501,,,,23.812,-0.812,-1.062,22.85,-86.0,-1.75,-44.25,0.016,-0.037,-0.21,0.22,-0.63,9.59,0.38,-0.82,-0.2,-0.16,0.18,9.8,1.60125,0.0,0.0,0.0,7.1,1.0,1017.14,67.56,-17.4
2025-03-24 18:05:56.604000+00:00,52.90739645376501,,,,23.812,-0.812,-1.062,22.85,-86.0,-1.75,-44.25,0.016,-0.037,-0.21,0.22,-0.63,9.59,0.38,-0.82,-0.2,-0.16,0.18,9.8,1.60125,0.0,0.0,0.0,7.0,1.0,1017.14,67.56,-17.4
2025-03-24 18:05:57.608000+00:00,52.90739645376501,,,,23.812,-0.812,-1.062,22.85,-86.0,-1.75,-44.25,0.016,-0.037,-0.21,0.22,-0.63,9.59,0.38,-0.82,-0.2,-0.16,0.18,9.8,1.60125,0.0,0.0,0.0,7.0,1.0,1017.14,67.56,-17.4
2025-03-24 18:05:58.638000+00:00,52.90739645376501,,,,23.812,-0.812,-1.062,22.85,-86.0,-1.75,-44.25,0.016,-0.037,-0.21,0.22,-0.63,9.59,0.38,-0.82,-0.2,-0.16,0.18,9.8,1.60125,0.0,0.0,0.0,7.0,1.0,1017.14,67.56,-17.4
2025-03-24 18:05:59.727000+00:00,52.90739645376501,,,,23.812,-0.812,-1.062,22.85,-86.0,-1.75,-44.25,0.016,-0.037,-0.21,0.22,-0.63,9.59,0.38,-0.82,-0.2,-0.16,0.18,9.8,1.60125,0.0,0.0,0.0,7.0,1.0,1017.14,67.56,-17.4
2025-03-24 18:06:00.871000+00:00,52.90739645376501,,,,23.812,-0.812,-1.062,22.85,-86.0,-1.75,-44.25,0.016,-0.037,-0.21,0.22,-0.63,9.59,0.38,-0.82,-0.2,-0.16,0.18,9.8,1.60125,0.0,0.0,0.0,7.0,1.0,1017.14,67.56,-17.4
2025-03-24 18:06:02.049000+00:00,52.90739645376501,,,,23.812,-0.812,-1.062,22.85,-86.0,-1.75,-44.25,0.016,-0.037,-0.21,0.22,-0.63,9.59,0.38,-0.82,-0.2,-0.16,0.18,9.8,1.60125,0.0,0.0,0.0,7.0,1.0,1017.14,67.56,-17.4
2025-03-24 18:06:03.508000+00:00,52.90739645376501,,,,23.812,-0.812,-1.062,22.85,-86.0,-1.75,-44.25,0.016,-0.037,-0.21,0.22,-0.63,9.59,0.38,-0.82,-0.2,-0.16,0.18,9.8,1.60125,0.0,0.0,0.0,6.9,1.0,1017.14,67.56,-17.4
2025-03-24 18:06:04.683000+00:00,52.90739645376501,,,,23.812,-0.812,-1.062,22.85,-86.0,-1.75,-44.25,0.016,-0.037,-0.21,0.22,-0.63,9.59,0.38,-0.82,-0.2,-0.16,0.18,9.8,1.60125,0.0,0.0,0.0,6.9,1.0,1017.14,67.56,-17.4
2025-03-24 18:06:05.687000+00:00,52.90739645376501,,,,23.812,-0.812,-1.062,22.85,-86.0,-1.75,-44.25,0.016,-0.037,-0.21,0.22,-0.63,9.59,0.38,-0.82,-0.2,-0.16,0.18,9.8,1.60125,0.0,0.0,0.0,7.0,1.0,1017.14,67.56,-17.4
2025-03-24 18:06:06.724000+00:00,52.90739645376501,,,,23.812,-0.812,-1.062,22.85,-86.0,-1.75,-44.25,0.016,-0.037,-0.21,0.22,-0.63,9.59,0.38,-0.82,-0.2,-0.16,0.18,9.8,1.60125,0.0,0.0,0.0,7.0,1.0,1017.14,67.56,-17.4
2025-03-24 18:06:07.744000+00:00,52.90739645376501,,,,23.812,-0.812,-1.062,22.85,-86.0,-1.75,-44.25,0.016,-0.037,-0.21,0.22,-0.63,9.59,0.38,-0.82,-0.2,-0.16,0.18,9.8,1.60125,0.0,0.0,0.0,7.0,1.0,1017.14,67.56,-17.4
2025-03-24 18:06:09.727000+00:00,52.90739645376501,,,,23.812,-0.812,-1.062,22.85,-86.0,-1.75,-44.25,0.016,-0.037,-0.21,0.22,-0.63,9.59,0.38,-0.82,-0.2,-0.16,0.18,9.8,1.60125,0.0,0.0,0.0,7.1,1.0,1017.14,67.56,-17.4
2025-03-24 18:06:10.744000+00:00,52.90739645376501,,,,23.812,-0.812,-1.062,22.85,-86.0,-1.75,-44.25,0.016,-0.037,-0.21,0.22,-0.63,9.59,0.38,-0.82,-0.2,-0.16,0.18,9.8,1.60125,0.0,0.0,0.0,7.1,1.0,1017.14,67.56,-17.4
2025-03-24 18:06:11.818000+00:00,52.90739645376501,,,,23.812,-0.812,-1.062,22.85,-86.0,-1.75,-44.25,0.016,-0.037,-0.21,0.22,-0.63,9.59,0.38,-0.82,-0.2,-0.16,0.18,9.8,1.60125,0.0,0.0,0.0,7.0,1.0,1017.14,67.56,-17.4
2025-03-24 18:06:12.817000+00:00,52.90739645376501,,,,23.812,-0.812,-1.062,22.85,-86.0,-1.75,-44.25,0.016,-0.037,-0.21,0.22,-0.63,9.59,0.38,-0.82,-0.2,-0.16,0.18,9.8,1.60125,0.0,0.0,0.0,7.0,1.0,1017.14,67.56,-17.4
2025-03-24 18:06:13.807000+00:00,52.90739645376501,,,,23.812,-0.812,-1.062,22.85,-86.0,-1.75,-44.25,0.016,-0.037,-0.21,0.22,-0.63,9.59,0.38,-0.82,-0.2,-0.16,0.18,9.8,1.60125,0.0,0.0,0.0,7.0,1.0,1017.14,67.56,-17.4
2025-03-24 18:06:14.923000+00:00,52.90739645376501,,,,23.812,-0.812,-1.062,22.85,-86.0,-1.75,-44.25,0.016,-0.037,-0.21,0.22,-0.63,9.59,0.38,-0.82,-0.2,-0.16,0.18,9.8,1.60125,0.0,0.0,0.0,7.1,1.0,1017.14,67.56,-17.4
2025-03-24 18:06:16.068000+00:00,52.90739645376501,,,,23.812,-0.812,-1.062,22.85,-86.0,-1.75,-44.25,0.016,-0.037,-0.21,0.22,-0.63,9.59,0.38,-0.82,-0.2,-0.16,0.18,9.8,1.60125,0.0,0.0,0.0,7.1,1.0,1017.14,67.56,-17.4
2025-03-24 18:06:17.121000+00:00,52.90739645376501,,,,23.812,-0.812,-1.062,22.85,-86.0,-1.75,-44.25,0.016,-0.037,-0.21,0.22,-0.63,9.59,0.38,-0.82,-0.2,-0.16,0.18,9.8,1.60125,0.0,0.0,0.0,7.1,1.0,1017.14,67.56,-17.4
2025-03-24 18:06:18.065000+00:00,52.90739645376501,,,,23.812,-0.812,-1.062,22.85,-86.0,-1.75,-44.25,0.016,-0.037,-0.21,0.22,-0.63,9.59,0.38,-0.82,-0.2,-0.16,0.18,9.8,1.60125,0.0,0.0,0.0,7.1,1.0,1017.14,67.56,-17.4
2025-03-24 18:06:19.109000+00:00,52.90739645376501,,,,23.812,-0.812,-1.062,22.85,-86.0,-1.75,-44.25,0.016,-0.037,-0.21,0.22,-0.63,9.59,0.38,-0.82,-0.2,-0.16,0.18,9.8,1.60125,0.0,0.0,0.0,7.1,1.0,1017.14,67.56,-17.4
2025-03-24 18:06:20.254000+00:00,52.90739645376501,,,,23.812,-0.812,-1.062,22.85,-86.0,-1.75,-44.25,0.016,-0.037,-0.21,0.22,-0.63,9.59,0.38,-0.82,-0.2,-0.16,0.18,9.8,1.60125,0.0,0.0,0.0,7.0,1.0,1017.14,67.56,-17.4
2025-03-24 18:06:21.837000+00:00,52.90739645376501,,,,23.812,-0.812,-1.062,22.85,-86.0,-1.75,-44.25,0.016,-0.037,-0.21,0.22,-0.63,9.59,0.38,-0.82,-0.2,-0.16,0.18,9.8,1.60125,0.0,0.0,0.0,7.0,1.0,1017.14,67.56,-17.4
2025-03-24 18:06:22.796000+00:00,52.90739645376501,,,,23.812,-0.812,-1.062,22.85,-86.0,-1.75,-44.25,0.016,-0.037,-0.21,0.22,-0.63,9.59,0.38,-0.82,-0.2,-0.16,0.18,9.8,1.60125,0.0,0.0,0.0,7.0,1.0,1017.14,67.56,-17.4
2025-03-24 18:06:23.877000+00:00,52.90739645376501,,,,23.812,-0.812,-1.062,22.85,-86.0,-1.75,-44.25,0.016,-0.037,-0.21,0.22,-0.63,9.59,0.38,-0.82,-0.2,-0.16,0.18,9.8,1.60125,0.0,0.0,0.0,7.1,1.0,1017.14,67.56,-17.4
2025-03-24 18:06:24.842000+00:00,52.90739645376501,,,,23.812,-0.812,-1.062,22.85,-86.0,-1.75,-44.25,0.016,-0.037,-0.21,0.22,-0.63,9.59,0.38,-0.82,-0.2,-0.16,0.18,9.8,1.60125,0.0,0.0,0.0,7.1,1.0,1017.14,67.56,-17.4
2025-03-24 18:06:25.817000+00:00,52.90739645376501,,,,23.812,-0.812,-1.062,22.85,-86.0,-1.75,-44.25,0.016,-0.037,-0.21,0.22,-0.63,9.59,0.38,-0.82,-0.2,-0.16,0.18,9.8,1.60125,0.0,0.0,0.0,7.1,1.0,1017.14,67.56,-17.4
2025-03-24 18:06:26.827000+00:00,52.90739645376501,,,,23.812,-0.812,-1.062,22.85,-86.0,-1.75,-44.25,0.016,-0.037,-0.21,0.22,-0.63,9.59,0.38,-0.82,-0.2,-0.16,0.18,9.8,1.60125,0.0,0.0,0.0,7.0,1.0,1017.14,67.56,-17.4
2025-03-24 18:06:27.881000+00:00,52.90739645376501,,,,23.812,-0.812,-1.062,22.85,-86.0,-1.75,-44.25,0.016,-0.037,-0.21,0.22,-0.63,9.59,0.38,-0.82,-0.2,-0.16,0.18,9.8,1.60125,0.0,0.0,0.0,7.0,1.0,1017.14,67.56,-17.4
2025-03-24 18:06:29.028000+00:00,52.90739645376501,,,,23.812,-0.812,-1.062,22.85,-86.0,-1.75,-44.25,0.016,-0.037,-0.21,0.22,-0.63,9.59,0.38,-0.82,-0.2,-0.16,0.18,9.8,1.60125,0.0,0.0,0.0,7.0,1.0,1017.14,67.56,-17.4
2025-03-24 18:06:30.073000+00:00,52.90739645376501,,,,23.812,-0.812,-1.062,22.85,-86.0,-1.75,-44.25,0.016,-0.037,-0.21,0.22,-0.63,9.59,0.38,-0.82,-0.2,-0.16,0.18,9.8,1.60125,0.0,0.0,0.0,7.1,1.0,1017.14,67.56,-17.4
2025-03-24 18:06:31.117000+00:00,52.90739645376501,,,,23.812,-0.812,-1.062,22.85,-86.0,-1.75,-44.25,0.016,-0.037,-0.21,0.22,-0.63,9.59,0.38,-0.82,-0.2,-0.16,0.18,9.8,1.60125,0.0,0.0,0.0,7.1,1.0,1017.14,67.56,-17.4
2025-03-24 18:06:32.265000+00:00,52.90739645376501,,,,23.812,-0.812,-1.062,22.85,-86.0,-1.75,-44.25,0.016,-0.037,-0.21,0.22,-0.63,9.59,0.38,-0.82,-0.2,-0.16,0.18,9.8,1.60125,0.0,0.0,0.0,7.1,1.0,1017.14,67.56,-17.4
2025-03-24 18:05:33.809000+00:00,52.90739645376501,,,,23.812,-0.812,-1.062,22.85,-86.0,-1.75,-44.25,0.016,-0.037,-0.21,0.22,-0.63,9.59,0.38,-0.82,-0.2,-0.16,0.18,9.8,1.60125,0.0,0.0,0.0,7.1,1.0,1017.14,67.56,-17.4
2025-03-24 18:05:35.275000+00:00,52.90739645376501,,,,23.812,-0.812,-1.062,22.85,-86.0,-1.75,-44.25,0.016,-0.037,-0.21,0.22,-0.63,9.59,0.38,-0.82,-0.2,-0.16,0.18,9.8,1.60125,0.0,0.0,0.0,7.1,1.0,1017.14,67.56,-17.4
2025-03-24 18:05:36.315000+00:00,52.90739645376501,,,,23.812,-0.812,-1.062,22.85,-86.0,-1.75,-44.25,0.016,-0.037,-0.21,0.22,-0.63,9.59,0.38,-0.82,-0.2,-0.16,0.18,9.8,1.60125,0.0,0.0,0.0,7.1,1.0,1017.14,67.56,-17.4
2025-03-24 18:05:37.309000+00:00,52.90739645376501,,,,23.812,-0.812,-1.062,22.85,-86.0,-1.75,-44.25,0.016,-0.037,-0.21,0.22,-0.63,9.59,0.38,-0.82,-0.2,-0.16,0.18,9.8,1.60125,0.0,0.0,0.0,7.1,1.0,1017.14,67.56,-17.4
2025-03-24 18:05:38.326000+00:00,52.90739645376501,,,,23.812,-0.812,-1.062,22.85,-86.0,-1.75,-44.25,0.016,-0.037,-0.21,0.22,-0.63,9.59,0.38,-0.82,-0.2,-0.16,0.18,9.8,1.60125,0.0,0.0,0.0,7.1,1.0,1017.14,67.56,-17.4
2025-03-24 18:05:39.549000+00:00,52.90739645376501,,,,23.812,-0.812,-1.062,22.85,-86.0,-1.75,-44.25,0.016,-0.037,-0.21,0.22,-0.63,9.59,0.38,-0.82,-0.2,-0.16,0.18,9.8,1.60125,0.0,0.0,0.0,7.1,1.0,1017.14,67.56,-17.4
2025-03-24 18:05:40.688000+00:00,52.90739645376501,,,,23.812,-0.812,-1.062,22.85,-86.0,-1.75,-44.25,0.016,-0.037,-0.21,0.22,-0.63,9.59,0.38,-0.82,-0.2,-0.16,0.18,9.8,1.60125,0.0,0.0,0.0,7.1,1.0,1017.14,67.56,-17.4
2025-03-24 18:05:41.838000+00:00,52.90739645376501,,,,23.812,-0.812,-1.062,22.85,-86.0,-1.75,-44.25,0.016,-0.037,-0.21,0.22,-0.63,9.59,0.38,-0.82,-0.2,-0.16,0.18,9.8,1.60125,0.0,0.0,0.0,7.1,1.0,1017.14,67.56,-17.4
2025-03-24 18:05:42.988000+00:00,52.90739645376501,,,,23.812,-0.812,-1.062,22.85,-86.0,-1.75,-44.25,0.016,-0.037,-0.21,0.22,-0.63,9.59,0.38,-0.82,-0.2,-0.16,0.18,9.8,1.60125,0.0,0.0,0.0,7.1,1.0,1017.14,67.56,-17.4
2025-03-24 18:05:44.389000+00:00,52.90739645376501,,,,23.812,-0.812,-1.062,22.85,-86.0,-1.75,-44.25,0.016,-0.037,-0.21,0.22,-0.63,9.59,0.38,-0.82,-0.2,-0.16,0.18,9.8,1.60125,0.0,0.0,0.0,7.1,1.0,1017.14,67.56,-17.4
2025-03-24 18:05:45.594000+00:00,52.90739645376501,,,,23.812,-0.812,-1.062,22.85,-86.0,-1.75,-44.25,0.016,-0.037,-0.21,0.22,-0.63,9.59,0.38,-0.82,-0.2,-0.16,0.18,9.8,1.60125,0.0,0.0,0.0,7.1,1.0,1017.14,67.56,-17.4
2025-03-24 18:05:46.614000+00:00,52.90739645376501,,,,23.812,-0.812,-1.062,22.85,-86.0,-1.75,-44.25,0.016,-0.037,-0.21,0.22,-0.63,9.59,0.38,-0.82,-0.2,-0.16,0.18,9.8,1.60125,0.0,0.0,0.0,7.1,1.0,1017.14,67.56,-17.4
2025-03-24 18:05:47.714000+00:00,52.90739645376501,,,,23.812,-0.812,-1.062,22.85,-86.0,-1.75,-44.25,0.016,-0.037,-0.21,0.22,-0.63,9.59,0.38,-0.82,-0.2,-0.16,0.18,9.8,1.60125,0.0,0.0,0.0,7.1,1.0,1017.14,67.56,-17.4
2025-03-24 18:05:48.649000+00:00,52.90739645376501,,,,23.812,-0.812,-1.062,22.85,-86.0,-1.75,-44.25,0.016,-0.037,-0.21,0.22,-0.63,9.59,0.38,-0.82,-0.2,-0.16,0.18,9.8,1.60125,0.0,0.0,0.0,7.1,1.0,1017.14,67.56,-17.4
2025-03-24 18:05:49.748000+00:00,52.90739645376501,,,,23.812,-0.812,-1.062,22.85,-86.0,-1.75,-44.25,0.016,-0.037,-0.21,0.22,-0.63,9.59,0.38,-0.82,-0.2,-0.16,0.18,9.8,1.60125,0.0,0.0,0.0,7.1,1.0,1017.14,67.56,-17.4
2025-03-24 18:05:50.868000+00:00,52.90739645376501,,,,23.812,-0.812,-1.062,22.85,-86.0,-1.75,-44.25,0.016,-0.037,-0.21,0.22,-0.63,9.59,0.38,-0.82,-0.2,-0.16,0.18,9.8,1.60125,0.0,0.0,0.0,7.1,1.0,1017.14,67.56,-17.4
2025-03-24 18:05:51.953000+00:00,52.90739645376501,,,,23.812,-0.812,-1.062,22.85,-86.0,-1.75,-44.25,0.016,-0.037,-0.21,0.22,-0.63,9.59,0.38,-0.82,-0.2,-0.16,0.18,9.8,1.60125,0.0,0.0,0.0,7.1,1.0,1017.14,67.56,-17.4
2025-03-24 18:05:52.991000+00:00,52.90739645376501,,,,23.812,-0.812,-1.062,22.85,-86.0,-1.75,-44.25,0.016,-0.037,-0.21,0.22,-0.63,9.59,0.38,-0.82,-0.2,-0.16,0.18,9.8,1.60125,0.0,0.0,0.0,7.1,1.0,1017.14,67.56,-17.4
2025-03-24 18:05:54.484000+00:00,52.90739645376501,,,,23.812,-0.812,-1.062,22.85,-86.0,-1.75,-44.25,0.016,-0.037,-0.21,0.22,-0.63,9.59,0.38,-0.82,-0.2,-0.16,0.18,9.8,1.60125,0.0,0.0,0.0,7.1,1.0,1017.14,67.56,-17.4
2025-03-24 18:05:55.654000+00:00,52.90739645376501,,,,23.812,-0.812,-1.062,22.85,-86.0,-1.75,-44.25,0.016,-0.037,-0.21,0.22,-0.63,9.59,0.38,-0.82,-0.2,-0.16,0.18,9.8,1.60125,0.0,0.0,0.0,7.1,1.0,1017.14,67.56,-17.4
2025-03-24 18:05:56.664000+00:00,52.90739645376501,,,,23.812,-0.812,-1.062,22.85,-86.0,-1.75,-44.25,0.016,-0.037,-0.21,0.22,-0.63,9.59,0.38,-0.82,-0.2,-0.16,0.18,9.8,1.60125,0.0,0.0,0.0,7.1,1.0,1017.14,67.56,-17.4
2025-03-24 18:05:57.664000+00:00,52.90739645376501,,,,23.812,-0.812,-1.062,22.85,-86.0,-1.75,-44.25,0.016,-0.037,-0.21,0.22,-0.63,9.59,0.38,-0.82,-0.2,-0.16,0.18,9.8,1.60125,0.0,0.0,0.0,7.1,1.0,1017.14,67.56,-17.4
2025-03-24 18:05:58.688000+00:00,52.90739645376501,,,,23.812,-0.812,-1.062,22.85,-86.0,-1.75,-44.25,0.016,-0.037,-0.21,0.22,-0.63,9.59,0.38,-0.82,-0.2,-0.16,0.18,9.8,1.60125,0.0,0.0,0.0,7.1,1.0,1017.14,67.56,-17.4
2025-03-24 18:05:59.784000+00:00,52.90739645376501,,,,23.812,-0.812,-1.062,22.85,-86.0,-1.75,-44.25,0.016,-0.037,-0.21,0.22,-0.63,9.59,0.38,-0.82,-0.2,-0.16,0.18,9.8,1.60125,0.0,0.0,0.0,7.1,1.0,1017.14,67.56,-17.4
2025-03-24 18:06:00.936000+00:00,52.90739645376501,,,,23.812,-0.812,-1.062,22.85,-86.0,-1.75,-44.25,0.016,-0.037,-0.21,0.22,-0.63,9.59,0.38,-0.82,-0.2,-0.16,0.18,9.8,1.60125,0.0,0.0,0.0,7.1,1.0,1017.14,67.56,-17.4
2025-03-24 18:06:02.107000+00:00,52.90739645376501,,,,23.812,-0.812,-1.062,22.85,-86.0,-1.75,-44.25,0.016,-0.037,-0.21,0.22,-0.63,9.59,0.38,-0.82,-0.2,-0.16,0.18,9.8,1.60125,0.0,0.0,0.0,7.1,1.0,1017.14,67.56,-17.4
2025-03-24 18:06:03.558000+00:00,52.90739645376501,,,,23.812,-0.812,-1.062,22.85,-86.0,-1.75,-44.25,0.016,-0.037,-0.21,0.22,-0.63,9.59,0.38,-0.82,-0.2,-0.16,0.18,9.8,1.60125,0.0,0.0,0.0,7.1,1.0,1017.14,67.56,-17.4
2025-03-24 18:06:04.737000+00:00,52.90739645376501,,,,23.812,-0.812,-1.062,22.85,-86.0,-1.75,-44.25,0.016,-0.037,-0.21,0.22,-0.63,9.59,0.38,-0.82,-0.2,-0.16,0.18,9.8,1.60125,0.0,0.0,0.0,7.1,1.0,1017.14,67.56,-17.4
2025-03-24 18:06:05.738000+00:00,52.90739645376501,,,,23.812,-0.812,-1.062,22.85,-86.0,-1.75,-44.25,0.016,-0.037,-0.21,0.22,-0.63,9.59,0.38,-0.82,-0.2,-0.16,0.18,9.8,1.60125,0.0,0.0,0.0,7.1,1.0,1017.14,67.56,-17.4
2025-03-24 18:06:06.777000+00:00,52.90739645376501,,,,23.812,-0.812,-1.062,22.85,-86.0,-1.75,-44.25,0.016,-0.037,-0.21,0.22,-0.63,9.59,0.38,-0.82,-0.2,-0.16,0.18,9.8,1.60125,0.0,0.0,0.0,7.1,1.0,1017.14,67.56,-17.4
2025-03-24 18:06:07.797000+00:00,52.90739645376501,,,,23.812,-0.812,-1.062,22.85,-86.0,-1.75,-44.25,0.016,-0.037,-0.21,0.22,-0.63,9.59,0.38,-0.82,-0.2,-0.16,0.18,9.8,1.60125,0.0,0.0,0.0,7.1,1.0,1017.14,67.56,-17.4
2025-03-24 18:06:09.777000+00:00,52.90739645376501,,,,23.812,-0.812,-1.062,22.85,-86.0,-1.75,-44.25,0.016,-0.037,-0.21,0.22,-0.63,9.59,0.38,-0.82,-0.2,-0.16,0.18,9.8,1.60125,0.0,0.0,0.0,7.1,1.0,1017.14,67.56,-17.4
2025-03-24 18:06:10.801000+00:00,52.90739645376501,,,,23.812,-0.812,-1.062,22.85,-86.0,-1.75,-44.25,0.016,-0.037,-0.21,0.22,-0.63,9.59,0.38,-0.82,-0.2,-0.16,0.18,9.8,1.60125,0.0,0.0,0.0,7.1,1.0,1017.14,67.56,-17.4
2025-03-24 18:06:11.867000+00:00,52.90739645376501,,,,23.812,-0.812,-1.062,22.85,-86.0,-1.75,-44.25,0.016,-0.037,-0.21,0.22,-0.63,9.59,0.38,-0.82,-0.2,-0.16,0.18,9.8,1.60125,0.0,0.0,0.0,7.1,1.0,1017.14,67.56,-17.4
2025-03-24 18:06:12.867000+00:00,52.90739645376501,,,,23.812,-0.812,-1.062,22.85,-86.0,-1.75,-44.25,0.016,-0.037,-0.21,0.22,-0.63,9.59,0.38,-0.82,-0.2,-0.16,0.18,9.8,1.60125,0.0,0.0,0.0,7.1,1.0,1017.14,67.56,-17.4
2025-03-24 18:06:13.857000+00:00,52.90739645376501,,,,23.812,-0.812,-1.062,22.85,-86.0,-1.75,-44.25,0.016,-0.037,-0.21,0.22,-0.63,9.59,0.38,-0.82,-0.2,-0.16,0.18,9.8,1.60125,0.0,0.0,0.0,7.1,1.0,1017.14,67.56,-17.4
2025-03-24 18:06:14.981000+00:00,52.90739645376501,,,,23.812,-0.812,-1.062,22.85,-86.0,-1.75,-44.25,0.016,-0.037,-0.21,0.22,-0.63,9.59,0.38,-0.82,-0.2,-0.16,0.18,9.8,1.60125,0.0,0.0,0.0,7.1,1.0,1017.14,67.56,-17.4
2025-03-24 18:06:16.118000+00:00,52.90739645376501,,,,23.812,-0.812,-1.062,22.85,-86.0,-1.75,-44.25,0.016,-0.037,-0.21,0.22,-0.63,9.59,0.38,-0.82,-0.2,-0.16,0.18,9.8,1.60125,0.0,0.0,0.0,7.1,1.0,1017.14,67.56,-17.4
2025-03-24 18:06:17.167000+00:00,52.90739645376501,,,,23.812,-0.812,-1.062,22.85,-86.0,-1.75,-44.25,0.016,-0.037,-0.21,0.22,-0.63,9.59,0.38,-0.82,-0.2,-0.16,0.18,9.8,1.60125,0.0,0.0,0.0,7.1,1.0,1017.14,67.56,-17.4
2025-03-24 18:06:18.116000+00:00,52.90739645376501,,,,23.812,-0.812,-1.062,22.85,-86.0,-1.75,-44.25,0.016,-0.037,-0.21,0.22,-0.63,9.59,0.38,-0.82,-0.2,-0.16,0.18,9.8,1.60125,0.0,0.0,0.0,7.1,1.0,1017.14,67.56,-17.4
2025-03-24 18:06:19.162000+00:00,52.90739645376501,,,,23.812,-0.812,-1.062,22.85,-86.0,-1.75,-44.25,0.016,-0.037,-0.21,0.22,-0.63,9.59,0.38,-0.82,-0.2,-0.16,0.18,9.8,1.60125,0.0,0.0,0.0,7.1,1.0,1017.14,67.56,-17.4
2025-03-24 18:06:20.320000+00:00,52.90739645376501,,,,23.812,-0.812,-1.062,22.85,-86.0,-1.75,-44.25,0.016,-0.037,-0.21,0.22,-0.63,9.59,0.38,-0.82,-0.2,-0.16,0.18,9.8,1.60125,0.0,0.0,0.0,7.1,1.0,1017.14,67.56,-17.4
2025-03-24 18:06:21.887000+00:00,52.90739645376501,,,,23.812,-0.812,-1.062,22.85,-86.0,-1.75,-44.25,0.016,-0.037,-0.21,0.22,-0.63,9.59,0.38,-0.82,-0.2,-0.16,0.18,9.8,1.60125,0.0,0.0,0.0,7.1,1.0,1017.14,67.56,-17.4
2025-03-24 18:06:22.848000+00:00,52.90739645376501,,,,23.812,-0.812,-1.062,22.85,-86.0,-1.75,-44.25,0.016,-0.037,-0.21,0.22,-0.63,9.59,0.38,-0.82,-0.2,-0.16,0.18,9.8,1.60125,0.0,0.0,0.0,7.1,1.0,1017.14,67.56,-17.4
2025-03-24 18:06:23.927000+00:00,52.90739645376501,,,,23.812,-0.812,-1.062,22.85,-86.0,-1.75,-44.25,0.016,-0.037,-0.21,0.22,-0.63,9.59,0.38,-0.82,-0.2,-0.16,0.18,9.8,1.60125,0.0,0.0,0.0,7.1,1.0,1017.14,67.56,-17.4
2025-03-24 18:06:24.887000+00:00,52.90739645376501,,,,23.812,-0.812,-1.062,22.85,-86.0,-1.75,-44.25,0.016,-0.037,-0.21,0.22,-0.63,9.59,0.38,-0.82,-0.2,-0.16,0.18,9.8,1.60125,0.0,0.0,0.0,7.1,1.0,1017.14,67.56,-17.4
2025-03-24 18:06:25.866000+00:00,52.90739645376501,,,,23.812,-0.812,-1.062,22.85,-86.0,-1.75,-44.25,0.016,-0.037,-0.21,0.22,-0.63,9.59,0.38,-0.82,-0.2,-0.16,0.18,9.8,1.60125,0.0,0.0,0.0,7.1,1.0,1017.14,67.56,-17.4
2025-03-24 18:06:26.876000+00:00,52.90739645376501,,,,23.812,-0.812,-1.062,22.85,-86.0,-1.75,-44.25,0.016,-0.037,-0.21,0.22,-0.63,9.59,0.38,-0.82,-0.2,-0.16,0.18,9.8,1.60125,0.0,0.0,0.0,7.1,1.0,1017.14,67.56,-17.4
2025-03-24 18:06:27.933000+00:00,52.90739645376501,,,,23.812,-0.812,-1.062,22.85,-86.0,-1.75,-44.25,0.016,-0.037,-0.21,0.22,-0.63,9.59,0.38,-0.82,-0.2,-0.16,0.18,9.8,1.60125,0.0,0.0,0.0,7.1,1.0,1017.14,67.56,-17.4
2025-03-24 18:06:29.076000+00:00,52.90739645376501,,,,23.812,-0.812,-1.062,22.85,-86.0,-1.75,-44.25,0.016,-0.037,-0.21,0.22,-0.63,9.59,0.38,-0.82,-0.2,-0.16,0.18,9.8,1.60125,0.0,0.0,0.0,7.1,1.0,1017.14,67.56,-17.4
2025-03-24 18:06:30.124000+00:00,52.90739645376501,,,,23.812,-0.812,-1.062,22.85,-86.0,-1.75,-44.25,0.016,-0.037,-0.21,0.22,-0.63,9.59,0.38,-0.82,-0.2,-0.16,0.18,9.8,1.60125,0.0,0.0,0.0,7.1,1.0,1017.14,67.56,-17.4
2025-03-24 18:06:31.167000+00:00,52.90739645376501,,,,23.812,-0.812,-1.062,22.85,-86.0,-1.75,-44.25,0.016,-0.037,-0.21,0.22,-0.63,9.59,0.38,-0.82,-0.2,-0.16,0.18,9.8,1.60125,0.0,0.0,0.0,7.1,1.0,1017.14,67.56,-17.4
2025-03-24 18:06:32.326000+00:00,52.90739645376501,,,,23.812,-0.812,-1.062,22.85,-86.0,-1.75,-44.25,0.016,-0.037,-0.21,0.22,-0.63,9.59,0.38,-0.82,-0.2,-0.16,0.18,9.8,1.60125,0.0,0.0,0.0,7.1,1.0,1017.14,67.56,-17.4
2025-03-24 18:05:33.959000+00:00,52.90739645376501,,,,23.812,-0.812,-1.062,22.85,-86.0,-1.75,-44.25,0.016,-0.037,-0.21,0.22,-0.63,9.59,0.38,-0.82,-0.2,-0.16,0.18,9.8,1.60125,0.0,0.0,0.0,7.1,1.0,1017.14,67.56,-17.4
2025-03-24 18:05:35.439000+00:00,52.90739645376501,,,,23.812,-0.812,-1.062,22.85,-86.0,-1.75,-44.25,0.016,-0.037,-0.21,0.22,-0.63,9.59,0.38,-0.82,-0.2,-0.16,0.18,9.8,1.60125,0.0,0.0,0.0,7.1,1.0,1017.14,67.56,-17.4
2025-03-24 18:05:36.485000+00:00,52.90739645376501,,,,23.812,-0.812,-1.062,22.85,-86.0,-1.75,-44.25,0.016,-0.037,-0.21,0.22,-0.63,9.59,0.38,-0.82,-0.2,-0.16,0.18,9.8,1.60125,0.0,0.0,0.0,7.1,1.0,1017.14,67.56,-17.4
2025-03-24 18:05:37.469000+00:00,52.90739645376501,,,,23.812,-0.812,-1.062,22.85,-86.0,-1.75,-44.25,0.016,-0.037,-0.21,0.22,-0.63,9.59,0.38,-0.82,-0.2,-0.16,0.18,9.8,1.60125,0.0,0.0,0.0,7.1,1.0,1017.14,67.56,-17.4
2025-03-24 18:05:38.483000+00:00,52.90739645376501,,,,23.812,-0.812,-1.062,22.85,-86.0,-1.75,-44.25,0.016,-0.037,-0.21,0.22,-0.63,9.59,0.38,-0.82,-0.2,-0.16,0.18,9.8,1.60125,0.0,0.0,0.0,7.1,1.0,1017.14,67.56,-17.4
2025-03-24 18:05:39.725000+00:00,52.90739645376501,,,,23.812,-0.812,-1.062,22.85,-86.0,-1.75,-44.25,0.016,-0.037,-0.21,0.22,-0.63,9.59,0.38,-0.82,-0.2,-0.16,0.18,9.8,1.60125,0.0,0.0,0.0,7.1,1.0,1017.05,67.56,-17.4
2025-03-24 18:05:40.848000+00:00,52.90739645376501,,,,23.812,-0.812,-1.062,22.85,-86.0,-1.75,-44.25,0.016,-0.037,-0.21,0.22,-0.63,9.59,0.38,-0.82,-0.2,-0.16,0.18,9.8,1.60125,0.0,0.0,0.0,7.1,1.0,1017.05,67.56,-17.4
2025-03-24 18:05:41.988000+00:00,52.90739645376501,,,,23.812,-0.812,-1.062,22.85,-86.0,-1.75,-44.25,0.016,-0.037,-0.21,0.22,-0.63,9.59,0.38,-0.82,-0.2,-0.16,0.18,9.8,1.60125,0.0,0.0,0.0,7.1,1.0,1017.05,67.56,-17.4
2025-03-24 18:05:43.140000+00:00,52.90739645376501,,,,23.812,-0.812,-1.062,22.85,-86.0,-1.75,-44.25,0.016,-0.037,-0.21,0.22,-0.63,9.59,0.38,-0.82,-0.2,-0.16,0.18,9.8,1.60125,0.0,0.0,0.0,7.1,1.0,1017.05,67.56,-17.4
2025-03-24 18:05:44.564000+00:00,52.90739645376501,,,,23.812,-0.812,-1.062,22.85,-86.0,-1.75,-44.25,0.016,-0.037,-0.21,0.22,-0.63,9.59,0.38,-0.82,-0.2,-0.16,0.18,9.8,1.60125,0.0,0.0,0.0,7.1,1.0,1017.05,67.56,-17.4
2025-03-24 18:05:45.775000+00:00,52.90739645376501,,,,23.812,-0.812,-1.062,22.85,-86.0,-1.75,-44.25,0.016,-0.037,-0.21,0.22,-0.63,9.59,0.38,-0.82,-0.2,-0.16,0.18,9.8,1.60125,0.0,0.0,0.0,7.1,1.0,1017.05,67.56,-17.4
2025-03-24 18:05:46.795000+00:00,52.90739645376501,,,,23.812,-0.812,-1.062,22.85,-86.0,-1.75,-44.25,0.016,-0.037,-0.21,0.22,-0.63,9.59,0.38,-0.82,-0.2,-0.16,0.18,9.8,1.60125,0.0,0.0,0.0,7.1,1.0,1017.05,67.56,-17.4
2025-03-24 18:05:47.870000+00:00,52.90739645376501,,,,23.812,-0.812,-1.062,22.85,-86.0,-1.75,-44.25,0.016,-0.037,-0.21,0.22,-0.63,9.59,0.38,-0.82,-0.2,-0.16,0.18,9.8,1.60125,0.0,0.0,0.0,7.1,1.0,1017.05,67.56,-17.4
2025-03-24 18:05:48.804000+00:00,52.90739645376501,,,,23.812,-0.812,-1.062,22.85,-86.0,-1.75,-44.25,0.016,-0.037,-0.21,0.22,-0.63,9.59,0.38,-0.82,-0.2,-0.16,0.18,9.8,1.60125,0.0,0.0,0.0,7.1,1.0,1017.05,67.56,-17.4
2025-03-24 18:05:49.913000+00:00,52.90739645376501,,,,23.812,-0.812,-1.062,22.85,-86.0,-1.75,-44.25,0.016,-0.037,-0.21,0.22,-0.63,9.59,0.38,-0.82,-0.2,-0.16,0.18,9.8,1.60125,0.0,0.0,0.0,7.1,1.0,1017.05,67.56,-17.4
2025-03-24 18:05:51.018000+00:00,52.90739645376501,,,,23.812,-0.812,-1.062,22.85,-86.0,-1.75,-44.25,0.016,-0.037,-0.21,0.22,-0.63,9.59,0.38,-0.82,-0.2,-0.16,0.18,9.8,1.60125,0.0,0.0,0.0,7.1,1.0,1017.05,67.56,-17.4
2025-03-24 18:05:52.097000+00:00,52.90739645376501,,,,23.812,-0.812,-1.062,22.85,-86.0,-1.75,-44.25,0.016,-0.037,-0.21,0.22,-0.63,9.59,0.38,-0.82,-0.2,-0.16,0.18,9.8,1.60125,0.0,0.0,0.0,7.1,1.0,1017.05,67.56,-17.4
2025-03-24 18:05:53.154000+00:00,52.90739645376501,,,,23.812,-0.812,-1.062,22.85,-86.0,-1.75,-44.25,0.016,-0.037,-0.21,0.22,-0.63,9.59,0.38,-0.82,-0.2,-0.16,0.18,9.8,1.60125,0.0,0.0,0.0,7.1,1.0,1017.05,67.56,-17.4
2025-03-24 18:05:54.664000+00:00,52.90739645376501,,,,23.812,-0.812,-1.062,22.85,-86.0,-1.75,-44.25,0.016,-0.037,-0.21,0.22,-0.63,9.59,0.38,-0.82,-0.2,-0.16,0.18,9.8,1.60125,0.0,0.0,0.0,7.1,1.0,1017.05,67.56,-17.4
2025-03-24 18:05:55.818000+00:00,52.90739645376501,,,,23.812,-0.812,-1.062,22.85,-86.0,-1.75,-44.25,0.016,-0.037,-0.21,0.22,-0.63,9.59,0.38,-0.82,-0.2,-0.16,0.18,9.8,1.60125,0.0,0.0,0.0,7.1,1.0,1017.05,67.56,-17.4
2025-03-24 18:05:56.844000+00:00,52.90739645376501,,,,23.812,-0.812,-1.062,22.85,-86.0,-1.75,-44.25,0.016,-0.037,-0.21,0.22,-0.63,9.59,0.38,-0.82,-0.2,-0.16,0.18,9.8,1.60125,0.0,0.0,0.0,7.1,1.0,1017.05,67.56,-17.4
2025-03-24 18:05:57.828000+00:00,52.90739645376501,,,,23.812,-0.812,-1.062,22.85,-86.0,-1.75,-44.25,0.016,-0.037,-0.21,0.22,-0.63,9.59,0.38,-0.82,-0.2,-0.16,0.18,9.8,1.60125,0.0,0.0,0.0,7.1,1.0,1017.05,67.56,-17.4
2025-03-24 18:05:58.854000+00:00,52.90739645376501,,,,23.812,-0.812,-1.062,22.85,-86.0,-1.75,-44.25,0.016,-0.037,-0.21,0.22,-0.63,9.59,0.38,-0.82,-0.2,-0.16,0.18,9.8,1.60125,0.0,0.0,0.0,7.1,1.0,1017.05,67.56,-17.4
2025-03-24 18:05:59.954000+00:00,52.90739645376501,,,,23.812,-0.812,-1.062,22.85,-86.0,-1.75,-44.25,0.016,-0.037,-0.21,0.22,-0.63,9.59,0.38,-0.82,-0.2,-0.16,0.18,9.8,1.60125,0.0,0.0,0.0,7.1,1.0,1017.05,67.56,-17.4
2025-03-24 18:06:01.094000+00:00,52.90739645376501,,,,23.812,-0.812,-1.062,22.85,-86.0,-1.75,-44.25,0.016,-0.037,-0.21,0.22,-0.63,9.59,0.38,-0.82,-0.2,-0.16,0.18,9.8,1.60125,0.0,0.0,0.0,7.1,1.0,1017.05,67.56,-17.4
2025-03-24 18:06:02.268000+00:00,52.90739645376501,,,,23.812,-0.812,-1.062,22.85,-86.0,-1.75,-44.25,0.016,-0.037,-0.21,0.22,-0.63,9.59,0.38,-0.82,-0.2,-0.16,0.18,9.8,1.60125,0.0,0.0,0.0,7.1,1.0,1017.05,67.56,-17.4
2025-03-24 18:06:03.728000+00:00,52.90739645376501,,,,23.812,-0.812,-1.062,22.85,-86.0,-1.75,-44.25,0.016,-0.037,-0.21,0.22,-0.63,9.59,0.38,-0.82,-0.2,-0.16,0.18,9.8,1.60125,0.0,0.0,0.0,7.1,1.0,1017.05,67.56,-17.4
2025-03-24 18:06:04.904000+00:00,52.90739645376501,,,,23.812,-0.812,-1.062,22.85,-86.0,-1.75,-44.25,0.016,-0.037,-0.21,0.22,-0.63,9.59,0.38,-0.82,-0.2,-0.16,0.18,9.8,1.60125,0.0,0.0,0.0,7.1,1.0,1017.05,67.56,-17.4
2025-03-24 18:06:05.888000+00:00,52.90739645376501,,,,23.812,-0.812,-1.062,22.85,-86.0,-1.75,-44.25,0.016,-0.037,-0.21,0.22,-0.63,9.59,0.38,-0.82,-0.2,-0.16,0.18,9.8,1.60125,0.0,0.0,0.0,7.1,1.0,1017.05,67.56,-17.4
2025-03-24 18:06:06.943000+00:00,52.90739645376501,,,,23.812,-0.812,-1.062,22.85,-86.0,-1.75,-44.25,0.016,-0.037,-0.21,0.22,-0.63,9.59,0.38,-0.82,-0.2,-0.16,0.18,9.8,1.60125,0.0,0.0,0.0,7.1,1.0,1017.05,67.56,-17.4
2025-03-24 18:06:07.954000+00:00,52.90739645376501,,,,23.812,-0.812,-1.062,22.85,-86.0,-1.75,-44.25,0.016,-0.037,-0.21,0.22,-0.63,9.59,0.38,-0.82,-0.2,-0.16,0.18,9.8,1.60125,0.0,0.0,0.0,7.1,1.0,1017.05,67.56,-17.4
2025-03-24 18:06:09.927000+00:00,52.90739645376501,,,,23.812,-0.812,-1.062,22.85,-86.0,-1.75,-44.25,0.016,-0.037,-0.21,0.22,-0.63,9.59,0.38,-0.82,-0.2,-0.16,0.18,9.8,1.60125,0.0,0.0,0.0,7.1,1.0,1017.05,67.56,-17.4
2025-03-24 18:06:10.950000+00:00,52.90739645376501,,,,23.812,-0.812,-1.062,22.85,-86.0,-1.75,-44.25,0.016,-0.037,-0.21,0.22,-0.63,9.59,0.38,-0.82,-0.2,-0.16,0.18,9.8,1.60125,0.0,0.0,0.0,7.1,1.0,1017.13,67.56,-17.4
2025-03-24 18:06:12.024000+00:00,52.90739645376501,,,,23.812,-0.812,-1.062,22.85,-86.0,-1.75,-44.25,0.016,-0.037,-0.21,0.22,-0.63,9.59,0.38,-0.82,-0.2,-0.16,0.18,9.8,1.60125,0.0,0.0,0.0,7.1,1.0,1017.13,67.56,-17.4
2025-03-24 18:06:13.027000+00:00,52.90739645376501,,,,23.812,-0.812,-1.062,22.85,-86.0,-1.75,-44.25,0.016,-0.037,-0.21,0.22,-0.63,9.59,0.38,-0.82,-0.2,-0.16,0.18,9.8,1.60125,0.0,0.0,0.0,7.1,1.0,1017.13,67.56,-17.4
2025-03-24 18:06:14.007000+00:00,52.90739645376501,,,,23.812,-0.812,-1.062,22.85,-86.0,-1.75,-44.25,0.016,-0.037,-0.21,0.22,-0.63,9.59,0.38,-0.82,-0.2,-0.16,0.18,9.8,1.60125,0.0,0.0,0.0,7.1,1.0,1017.13,67.56,-17.4
2025-03-24 18:06:15.143000+00:00,52.90739645376501,,,,23.812,-0.812,-1.062,22.85,-86.0,-1.75,-44.25,0.016,-0.037,-0.21,0.22,-0.63,9.59,0.38,-0.82,-0.2,-0.16,0.18,9.8,1.60125,0.0,0.0,0.0,7.1,1.0,1017.13,67.56,-17.4
2025-03-24 18:06:16.286000+00:00,52.90739645376501,,,,23.812,-0.812,-1.062,22.85,-86.0,-1.75,-44.25,0.016,-0.037,-0.21,0.22,-0.63,9.59,0.38,-0.82,-0.2,-0.16,0.18,9.8,1.60125,0.0,0.0,0.0,7.1,1.0,1017.13,67.56,-17.4
2025-03-24 18:06:17.327000+00:00,52.90739645376501,,,,23.812,-0.812,-1.062,22.85,-86.0,-1.75,-44.25,0.016,-0.037,-0.21,0.22,-0.63,9.59,0.38,-0.82,-0.2,-0.16,0.18,9.8,1.60125,0.0,0.0,0.0,7.1,1.0,1017.13,67.56,-17.4
2025-03-24 18:06:18.268000+00:00,52.90739645376501,,,,23.812,-0.812,-1.062,22.85,-86.0,-1.75,-44.25,0.016,-0.037,-0.21,0.22,-0.63,9.59,0.38,-0.82,-0.2,-0.16,0.18,9.8,1.60125,0.0,0.0,0.0,7.1,1.0,1017.13,67.56,-17.4
2025-03-24 18:06:19.313000+00:00,52.90739645376501,,,,23.812,-0.812,-1.062,22.85,-86.0,-1.75,-44.25,0.016,-0.037,-0.21,0.22,-0.63,9.59,0.38,-0.82,-0.2,-0.16,0.18,9.8,1.60125,0.0,0.0,0.0,7.1,1.0,1017.13,67.56,-17.4
2025-03-24 18:06:20.483000+00:00,52.90739645376501,,,,23.812,-0.812,-1.062,22.85,-86.0,-1.75,-44.25,0.016,-0.037,-0.21,0.22,-0.63,9.59,0.38,-0.82,-0.2,-0.16,0.18,9.8,1.60125,0.0,0.0,0.0,7.1,1.0,1017.13,67.56,-17.4
2025-03-24 18:06:22.064000+00:00,52.90739645376501,,,,23.812,-0.812,-1.062,22.85,-86.0,-1.75,-44.25,0.016,-0.037,-0.21,0.22,-0.63,9.59,0.38,-0.82,-0.2,-0.16,0.18,9.8,1.60125,0.0,0.0,0.0,7.1,1.0,1017.13,67.56,-17.4
2025-03-24 18:06:22.997000+00:00,52.90739645376501,,,,23.812,-0.812,-1.062,22.85,-86.0,-1.75,-44.25,0.016,-0.037,-0.21,0.22,-0.63,9.59,0.38,-0.82,-0.2,-0.16,0.18,9.8,1.60125,0.0,0.0,0.0,7.1,1.0,1017.13,67.56,-17.4
2025-03-24 18:06:24.077000+00:00,52.90739645376501,,,,23.812,-0.812,-1.062,22.85,-86.0,-1.75,-44.25,0.016,-0.037,-0.21,0.22,-0.63,9.59,0.38,-0.82,-0.2,-0.16,0.18,9.8,1.60125,0.0,0.0,0.0,7.1,1.0,1017.13,67.56,-17.4
2025-03-24 18:06:25.046000+00:00,52.90739645376501,,,,23.812,-0.812,-1.062,22.85,-86.0,-1.75,-44.25,0.016,-0.037,-0.21,0.22,-0.63,9.59,0.38,-0.82,-0.2,-0.16,0.18,9.8,1.60125,0.0,0.0,0.0,7.1,1.0,1017.13,67.56,-17.4
2025-03-24 18:06:26.016000+00:00,52.90739645376501,,,,23.812,-0.812,-1.062,22.85,-86.0,-1.75,-44.25,0.016,-0.037,-0.21,0.22,-0.63,9.59,0.38,-0.82,-0.2,-0.16,0.18,9.8,1.60125,0.0,0.0,0.0,7.1,1.0,1017.13,67.56,-17.4
2025-03-24 18:06:27.058000+00:00,52.90739645376501,,,,23.812,-0.812,-1.062,22.85,-86.0,-1.75,-44.25,0.016,-0.037,-0.21,0.22,-0.63,9.59,0.38,-0.82,-0.2,-0.16,0.18,9.8,1.60125,0.0,0.0,0.0,7.1,1.0,1017.13,67.56,-17.4
2025-03-24 18:06:28.091000+00:00,52.90739645376501,,,,23.812,-0.812,-1.062,22.85,-86.0,-1.75,-44.25,0.016,-0.037,-0.21,0.22,-0.63,9.59,0.38,-0.82,-0.2,-0.16,0.18,9.8,1.60125,0.0,0.0,0.0,7.1,1.0,1017.13,67.56,-17.4
2025-03-24 18:06:29.238000+00:00,52.90739645376501,,,,23.812,-0.812,-1.062,22.85,-86.0,-1.75,-44.25,0.016,-0.037,-0.21,0.22,-0.63,9.59,0.38,-0.82,-0.2,-0.16,0.18,9.8,1.60125,0.0,0.0,0.0,7.1,1.0,1017.13,67.56,-17.4
2025-03-24 18:06:30.291000+00:00,52.90739645376501,,,,23.812,-0.812,-1.062,22.85,-86.0,-1.75,-44.25,0.016,-0.037,-0.21,0.22,-0.63,9.59,0.38,-0.82,-0.2,-0.16,0.18,9.8,1.60125,0.0,0.0,0.0,7.1,1.0,1017.13,67.56,-17.4
2025-03-24 18:06:31.337000+00:00,52.90739645376501,,,,23.812,-0.812,-1.062,22.85,-86.0,-1.75,-44.25,0.016,-0.037,-0.21,0.22,-0.63,9.59,0.38,-0.82,-0.2,-0.16,0.18,9.8,1.60125,0.0,0.0,0.0,7.1,1.0,1017.13,67.56,-17.4
2025-03-24 18:06:32.476000+00:00,52.90739645376501,,,,23.812,-0.812,-1.062,22.85,-86.0,-1.75,-44.25,0.016,-0.037,-0.21,0.22,-0.63,9.59,0.38,-0.82,-0.2,-0.16,0.18,9.8,1.60125,0.0,0.0,0.0,7.1,1.0,1017.13,67.56,-17.4
2025-03-24 18:05:33.908000+00:00,52.90739645376501,,,,23.812,-0.812,-1.062,22.85,-86.0,-1.75,-44.25,0.016,-0.037,-0.21,0.22,-0.63,9.59,0.38,-0.82,-0.2,-0.16,0.18,9.8,1.60125,0.0,0.0,0.0,7.1,1.0,1017.13,67.56,-17.4
2025-03-24 18:05:35.389000+00:00,52.90739645376501,,,,23.812,-0.812,-1.062,22.85,-86.0,-1.75,-44.25,0.016,-0.037,-0.21,0.22,-0.63,9.59,0.38,-0.82,-0.2,-0.16,0.18,9.8,1.60125,0.0,0.0,0.0,7.1,1.0,1017.13,67.56,-17.4
2025-03-24 18:05:36.425000+00:00,52.90739645376501,,,,23.812,-0.812,-1.062,22.85,-86.0,-1.75,-44.25,0.016,-0.037,-0.21,0.22,-0.63,9.59,0.38,-0.82,-0.2,-0.16,0.18,9.8,1.60125,0.0,0.0,0.0,7.1,1.0,1017.13,67.56,-17.4
2025-03-24 18:05:37.418000+00:00,52.90739645376501,,,,23.812,-0.812,-1.062,22.85,-86.0,-1.75,-44.25,0.016,-0.037,-0.21,0.22,-0.63,9.59,0.38,-0.82,-0.2,-0.16,0.18,9.8,1.60125,0.0,0.0,0.0,7.1,1.0,1017.13,67.56,-17.4
2025-03-24 18:05:38.433000+00:00,52.90739645376501,,,,23.812,-0.812,-1.062,22.85,-86.0,-1.75,-44.25,0.016,-0.037,-0.21,0.22,-0.63,9.59,0.38,-0.82,-0.2,-0.16,0.18,9.8,1.60125,0.0,0.0,0.0,7.1,1.0,1017.13,67.56,-17.4
2025-03-24 18:05:39.665000+00:00,52.90739645376501,,,,23.812,-0.812,-1.062,22.85,-86.0,-1.75,-44.25,0.016,-0.037,-0.21,0.22,-0.63,9.59,0.38,-0.82,-0.2,-0.16,0.18,9.8,1.60125,0.0,0.0,0.0,7.1,1.0,1017.13,67.56,-17.4
2025-03-24 18:05:40.788000+00:00,52.90739645376501,,,,23.812,-0.812,-1.062,22.85,-86.0,-1.75,-44.25,0.016,-0.037,-0.21,0.22,-0.63,9.59,0.38,-0.82,-0.2,-0.16,0.18,9.8,1.60125,0.0,0.0,0.0,7.1,1.0,1017.13,67.6,-17.4
2025-03-24 18:05:41.939000+00:00,52.90739645376501,,,,23.812,-0.812,-1.062,22.85,-86.0,-1.75,-44.25,0.016,-0.037,-0.21,0.22,-0.63,9.59,0.38,-0.82,-0.2,-0.16,0.18,9.8,1.60125,0.0,0.0,0.0,7.1,1.0,1017.13,67.6,-17.4
2025-03-24 18:05:43.089000+00:00,52.90739645376501,,,,23.812,-0.812,-1.062,22.85,-86.0,-1.75,-44.25,0.016,-0.037,-0.21,0.22,-0.63,9.59,0.38,-0.82,-0.2,-0.16,0.18,9.8,1.60125,0.0,0.0,0.0,7.1,1.0,1017.13,67.6,-17.4
2025-03-24 18:05:44.504000+00:00,52.90739645376501,,,,23.812,-0.812,-1.062,22.85,-86.0,-1.75,-44.25,0.016,-0.037,-0.21,0.22,-0.63,9.59,0.38,-0.82,-0.2,-0.16,0.18,9.8,1.60125,0.0,0.0,0.0,7.1,1.0,1017.13,67.6,-17.4
2025-03-24 18:05:45.714000+00:00,52.90739645376501,,,,23.812,-0.812,-1.062,22.85,-86.0,-1.75,-44.25,0.016,-0.037,-0.21,0.22,-0.63,9.59,0.38,-0.82,-0.2,-0.16,0.18,9.8,1.60125,0.0,0.0,0.0,7.1,1.0,1017.13,67.6,-17.4
2025-03-24 18:05:46.735000+00:00,52.90739645376501,,,,23.812,-0.812,-1.062,22.85,-86.0,-1.75,-44.25,0.016,-0.037,-0.21,0.22,-0.63,9.59,0.38,-0.82,-0.2,-0.16,0.18,9.8,1.60125,0.0,0.0,0.0,7.1,1.0,1017.13,67.6,-17.4
2025-03-24 18:05:47.819000+00:00,52.90739645376501,,,,23.812,-0.812,-1.062,22.85,-86.0,-1.75,-44.25,0.016,-0.037,-0.21,0.22,-0.63,9.59,0.38,-0.82,-0.2,-0.16,0.18,9.8,1.60125,0.0,0.0,0.0,7.1,1.0,1017.13,67.6,-17.4
2025-03-24 18:05:48.749000+00:00,52.90739645376501,,,,23.812,-0.812,-1.062,22.85,-86.0,-1.75,-44.25,0.016,-0.037,-0.21,0.22,-0.63,9.59,0.38,-0.82,-0.2,-0.16,0.18,9.8,1.60125,0.0,0.0,0.0,7.1,1.0,1017.13,67.6,-17.4
2025-03-24 18:05:49.858000+00:00,52.90739645376501,,,,23.812,-0.812,-1.062,22.85,-86.0,-1.75,-44.25,0.016,-0.037,-0.21,0.22,-0.63,9.59,0.38,-0.82,-0.2,-0.16,0.18,9.8,1.60125,0.0,0.0,0.0,7.1,1.0,1017.13,67.6,-17.4
2025-03-24 18:05:50.968000+00:00,52.90739645376501,,,,23.812,-0.812,-1.062,22.85,-86.0,-1.75,-44.25,0.016,-0.037,-0.21,0.22,-0.63,9.59,0.38,-0.82,-0.2,-0.16,0.18,9.8,1.60125,0.0,0.0,0.0,7.1,1.0,1017.13,67.6,-17.4
2025-03-24 18:05:52.047000+00:00,52.90739645376501,,,,23.812,-0.812,-1.062,22.85,-86.0,-1.75,-44.25,0.016,-0.037,-0.21,0.22,-0.63,9.59,0.38,-0.82,-0.2,-0.16,0.18,9.8,1.60125,0.0,0.0,0.0,7.1,1.0,1017.13,67.6,-17.4
2025-03-24 18:05:53.097000+00:00,52.90739645376501,,,,23.812,-0.812,-1.062,22.85,-86.0,-1.75,-44.25,0.016,-0.037,-0.21,0.22,-0.63,9.59,0.38,-0.82,-0.2,-0.16,0.18,9.8,1.60125,0.0,0.0,0.0,7.1,1.0,1017.13,67.6,-17.4
2025-03-24 18:05:54.604000+00:00,52.90739645376501,,,,23.812,-0.812,-1.062,22.85,-86.0,-1.75,-44.25,0.016,-0.037,-0.21,0.22,-0.63,9.59,0.38,-0.82,-0.2,-0.16,0.18,9.8,1.60125,0.0,0.0,0.0,7.1,1.0,1017.13,67.6,-17.4
2025-03-24 18:05:55.768000+00:00,52.90739645376501,,,,23.812,-0.812,-1.062,22.85,-86.0,-1.75,-44.25,0.016,-0.037,-0.21,0.22,-0.63,9.59,0.38,-0.82,-0.2,-0.16,0.18,9.8,1.60125,0.0,0.0,0.0,7.1,1.0,1017.13,67.6,-17.4
2025-03-24 18:05:56.784000+00:00,52.90739645376501,,,,23.812,-0.812,-1.062,22.85,-86.0,-1.75,-44.25,0.016,-0.037,-0.21,0.22,-0.63,9.59,0.38,-0.82,-0.2,-0.16,0.18,9.8,1.60125,0.0,0.0,0.0,7.1,1.0,1017.13,67.6,-17.4
2025-03-24 18:05:57.778000+00:00,52.90739645376501,,,,23.812,-0.812,-1.062,22.85,-86.0,-1.75,-44.25,0.016,-0.037,-0.21,0.22,-0.63,9.59,0.38,-0.82,-0.2,-0.16,0.18,9.8,1.60125,0.0,0.0,0.0,7.1,1.0,1017.13,67.6,-17.4
2025-03-24 18:05:58.794000+00:00,52.90739645376501,,,,23.812,-0.812,-1.062,22.85,-86.0,-1.75,-44.25,0.016,-0.037,-0.21,0.22,-0.63,9.59,0.38,-0.82,-0.2,-0.16,0.18,9.8,1.60125,0.0,0.0,0.0,7.1,1.0,1017.13,67.6,-17.4
2025-03-24 18:05:59.895000+00:00,52.90739645376501,,,,23.812,-0.812,-1.062,22.85,-86.0,-1.75,-44.25,0.016,-0.037,-0.21,0.22,-0.63,9.59,0.38,-0.82,-0.2,-0.16,0.18,9.8,1.60125,0.0,0.0,0.0,7.1,1.0,1017.13,67.6,-17.4
2025-03-24 18:06:01.038000+00:00,52.90739645376501,,,,23.812,-0.812,-1.062,22.85,-86.0,-1.75,-44.25,0.016,-0.037,-0.21,0.22,-0.63,9.59,0.38,-0.82,-0.2,-0.16,0.18,9.8,1.60125,0.0,0.0,0.0,7.1,1.0,1017.13,67.6,-17.4
2025-03-24 18:06:02.217000+00:00,52.90739645376501,,,,23.812,-0.812,-1.062,22.85,-86.0,-1.75,-44.25,0.016,-0.037,-0.21,0.22,-0.63,9.59,0.38,-0.82,-0.2,-0.16,0.18,9.8,1.60125,0.0,0.0,0.0,7.1,1.0,1017.13,67.6,-17.4
2025-03-24 18:06:03.671000+00:00,52.90739645376501,,,,23.812,-0.812,-1.062,22.85,-86.0,-1.75,-44.25,0.016,-0.037,-0.21,0.22,-0.63,9.59,0.38,-0.82,-0.2,-0.16,0.18,9.8,1.60125,0.0,0.0,0.0,7.1,1.0,1017.13,67.6,-17.4
2025-03-24 18:06:04.844000+00:00,52.90739645376501,,,,23.812,-0.812,-1.062,22.85,-86.0,-1.75,-44.25,0.016,-0.037,-0.21,0.22,-0.63,9.59,0.38,-0.82,-0.2,-0.16,0.18,9.8,1.60125,0.0,0.0,0.0,7.1,1.0,1017.13,67.6,-17.4
2025-03-24 18:06:05.837000+00:00,52.90739645376501,,,,23.812,-0.812,-1.062,22.85,-86.0,-1.75,-44.25,0.016,-0.037,-0.21,0.22,-0.63,9.59,0.38,-0.82,-0.2,-0.16,0.18,9.8,1.60125,0.0,0.0,0.0,7.1,1.0,1017.13,67.6,-17.4
2025-03-24 18:06:06.884000+00:00,52.90739645376501,,,,23.812,-0.812,-1.062,22.85,-86.0,-1.75,-44.25,0.016,-0.037,-0.21,0.22,-0.63,9.59,0.38,-0.82,-0.2,-0.16,0.18,9.8,1.60125,0.0,0.0,0.0,7.1,1.0,1017.13,67.6,-17.4
2025-03-24 18:06:07.897000+00:00,52.90739645376501,,,,23.812,-0.812,-1.062,22.85,-86.0,-1.75,-44.25,0.016,-0.037,-0.21,0.22,-0.63,9.59,0.38,-0.82,-0.2,-0.16,0.18,9.8,1.60125,0.0,0.0,0.0,7.1,1.0,1017.13,67.6,-17.4
2025-03-24 18:06:09.877000+00:00,52.90739645376501,,,,23.812,-0.812,-1.062,22.85,-86.0,-1.75,-44.25,0.016,-0.037,-0.21,0.22,-0.63,9.59,0.38,-0.82,-0.2,-0.16,0.18,9.8,1.60125,0.0,0.0,0.0,7.1,1.0,1017.13,67.6,-17.4
2025-03-24 18:06:10.898000+00:00,52.90739645376501,,,,23.812,-0.812,-1.062,22.85,-86.0,-1.75,-44.25,0.016,-0.037,-0.21,0.22,-0.63,9.59,0.38,-0.82,-0.2,-0.16,0.18,9.8,1.60125,0.0,0.0,0.0,7.1,1.0,1017.13,67.6,-17.4
2025-03-24 18:06:11.967000+00:00,52.90739645376501,,,,23.812,-0.812,-1.062,22.85,-86.0,-1.75,-44.25,0.016,-0.037,-0.21,0.22,-0.63,9.59,0.38,-0.82,-0.2,-0.16,0.18,9.8,1.60125,0.0,0.0,0.0,7.1,1.0,1017.13,67.6,-17.4
2025-03-24 18:06:12.974000+00:00,52.90739645376501,,,,23.812,-0.812,-1.062,22.85,-86.0,-1.75,-44.25,0.016,-0.037,-0.21,0.22,-0.63,9.59,0.38,-0.82,-0.2,-0.16,0.18,9.8,1.60125,0.0,0.0,0.0,7.1,1.0,1017.13,67.6,-17.4
2025-03-24 18:06:13.957000+00:00,52.90739645376501,,,,23.812,-0.812,-1.062,22.85,-86.0,-1.75,-44.25,0.016,-0.037,-0.21,0.22,-0.63,9.59,0.38,-0.82,-0.2,-0.16,0.18,9.8,1.60125,0.0,0.0,0.0,7.1,1.0,1017.13,67.6,-17.4
2025-03-24 18:06:15.083000+00:00,52.90739645376501,,,,23.812,-0.812,-1.062,22.85,-86.0,-1.75,-44.25,0.016,-0.037,-0.21,0.22,-0.63,9.59,0.38,-0.82,-0.2,-0.16,0.18,9.8,1.60125,0.0,0.0,0.0,7.1,1.0,1017.13,67.6,-17.4
2025-03-24 18:06:16.234000+00:00,52.90739645376501,,,,23.812,-0.812,-1.062,22.85,-86.0,-1.75,-44.25,0.016,-0.037,-0.21,0.22,-0.63,9.59,0.38,-0.82,-0.2,-0.16,0.18,9.8,1.60125,0.0,0.0,0.0,7.1,1.0,1017.13,67.6,-17.4
2025-03-24 18:06:17.282000+00:00,52.90739645376501,,,,23.812,-0.812,-1.062,22.85,-86.0,-1.75,-44.25,0.016,-0.037,-0.21,0.22,-0.63,9.59,0.38,-0.82,-0.2,-0.16,0.18,9.8,1.60125,0.0,0.0,0.0,7.1,1.0,1017.13,67.6,-17.4
2025-03-24 18:06:18.218000+00:00,52.90739645376501,,,,23.812,-0.812,-1.062,22.85,-86.0,-1.75,-44.25,0.016,-0.037,-0.21,0.22,-0.63,9.59,0.38,-0.82,-0.2,-0.16,0.18,9.8,1.60125,0.0,0.0,0.0,7.1,1.0,1017.13,67.6,-17.4
2025-03-24 18:06:19.258000+00:00,52.90739645376501,,,,23.812,-0.812,-1.062,22.85,-86.0,-1.75,-44.25,0.016,-0.037,-0.21,0.22,-0.63,9.59,0.38,-0.82,-0.2,-0.16,0.18,9.8,1.60125,0.0,0.0,0.0,7.1,1.0,1017.13,67.6,-17.4
2025-03-24 18:06:20.427000+00:00,52.90739645376501,,,,23.812,-0.812,-1.062,22.85,-86.0,-1.75,-44.25,0.016,-0.037,-0.21,0.22,-0.63,9.59,0.38,-0.82,-0.2,-0.16,0.18,9.8,1.60125,0.0,0.0,0.0,7.1,1.0,1017.13,67.6,-17.4
2025-03-24 18:06:22.003000+00:00,52.90739645376501,,,,23.812,-0.812,-1.062,22.85,-86.0,-1.75,-44.25,0.016,-0.037,-0.21,0.22,-0.63,9.59,0.38,-0.82,-0.2,-0.16,0.18,9.8,1.60125,0.0,0.0,0.0,7.1,1.0,1017.13,67.6,-17.4
2025-03-24 18:06:22.948000+00:00,52.90739645376501,,,,23.812,-0.812,-1.062,22.85,-86.0,-1.75,-44.25,0.016,-0.037,-0.21,0.22,-0.63,9.59,0.38,-0.82,-0.2,-0.16,0.18,9.8,1.60125,0.0,0.0,0.0,7.1,1.0,1017.13,67.6,-17.4
2025-03-24 18:06:24.027000+00:00,52.90739645376501,,,,23.812,-0.812,-1.062,22.85,-86.0,-1.75,-44.25,0.016,-0.037,-0.21,0.22,-0.63,9.59,0.38,-0.82,-0.2,-0.16,0.18,9.8,1.60125,0.0,0.0,0.0,7.1,1.0,1017.13,67.6,-17.4
2025-03-24 18:06:24.997000+00:00,52.90739645376501,,,,23.812,-0.812,-1.062,22.85,-86.0,-1.75,-44.25,0.016,-0.037,-0.21,0.22,-0.63,9.59,0.38,-0.82,-0.2,-0.16,0.18,9.8,1.60125,0.0,0.0,0.0,7.1,1.0,1017.13,67.6,-17.4
2025-03-24 18:06:25.967000+00:00,52.90739645376501,,,,23.812,-0.812,-1.062,22.85,-86.0,-1.75,-44.25,0.016,-0.037,-0.21,0.22,-0.63,9.59,0.38,-0.82,-0.2,-0.16,0.18,9.8,1.60125,0.0,0.0,0.0,7.1,1.0,1017.13,67.6,-17.4
2025-03-24 18:06:26.997000+00:00,52.90739645376501,,,,23.812,-0.812,-1.062,22.85,-86.0,-1.75,-44.25,0.016,-0.037,-0.21,0.22,-0.63,9.59,0.38,-0.82,-0.2,-0.16,0.18,9.8,1.60125,0.0,0.0,0.0,7.1,1.0,1017.13,67.6,-17.4
2025-03-24 18:06:28.037000+00:00,52.90739645376501,,,,23.812,-0.812,-1.062,22.85,-86.0,-1.75,-44.25,0.016,-0.037,-0.21,0.22,-0.63,9.59,0.38,-0.82,-0.2,-0.16,0.18,9.8,1.60125,0.0,0.0,0.0,7.1,1.0,1017.13,67.6,-17.4
2025-03-24 18:06:29.187000+00:00,52.90739645376501,,,,23.812,-0.812,-1.062,22.85,-86.0,-1.75,-44.25,0.016,-0.037,-0.21,0.22,-0.63,9.59,0.38,-0.82,-0.2,-0.16,0.18,9.8,1.60125,0.0,0.0,0.0,7.1,1.0,1017.13,67.6,-17.4
2025-03-24 18:06:30.233000+00:00,52.90739645376501,,,,23.812,-0.812,-1.062,22.85,-86.0,-1.75,-44.25,0.016,-0.037,-0.21,0.22,-0.63,9.59,0.38,-0.82,-0.2,-0.16,0.18,9.8,1.60125,0.0,0.0,0.0,7.1,1.0,1017.13,67.6,-17.4
2025-03-24 18:06:31.282000+00:00,52.90739645376501,,,,23.812,-0.812,-1.062,22.85,-86.0,-1.75,-44.25,0.016,-0.037,-0.21,0.22,-0.63,9.59,0.38,-0.82,-0.2,-0.16,0.18,9.8,1.60125,0.0,0.0,0.0,7.1,1.0,1017.13,67.6,-17.4
2025-03-24 18:06:32.427000+00:00,52.90739645376501,,,,23.812,-0.812,-1.062,22.85,-86.0,-1.75,-44.25,0.016,-0.037,-0.21,0.22,-0.63,9.59,0.38,-0.82,-0.2,-0.16,0.18,9.8,1.60125,0.0,0.0,0.0,7.1,1.0,1017.13,67.6,-17.4
2025-03-24 18:05:34.008000+00:00,52.90739645376501,,,,23.812,-0.812,-1.062,22.85,-86.0,-1.75,-44.25,0.016,-0.037,-0.21,0.22,-0.63,9.59,0.38,-0.82,-0.2,-0.16,0.18,9.8,1.60125,0.0,0.0,0.0,7.1,1.0,1017.13,67.6,-17.4
2025-03-24 18:05:35.489000+00:00,52.90739645376501,,,,23.812,-0.812,-1.062,22.85,-86.0,-1.75,-44.25,0.016,-0.037,-0.21,0.22,-0.63,9.59,0.38,-0.82,-0.2,-0.16,0.18,9.8,1.60125,0.0,0.0,0.0,7.1,1.0,1017.13,67.6,-17.4
2025-03-24 18:05:36.545000+00:00,52.90739645376501,,,,23.812,-0.812,-1.062,22.85,-86.0,-1.75,-44.25,0.016,-0.037,-0.21,0.22,-0.63,9.59,0.38,-0.82,-0.2,-0.16,0.18,9.8,1.60125,0.0,0.0,0.0,7.1,1.0,1017.13,67.6,-17.4
2025-03-24 18:05:37.518000+00:00,52.90739645376501,,,,23.812,-0.812,-1.062,22.85,-86.0,-1.75,-44.25,0.016,-0.037,-0.21,0.22,-0.63,9.59,0.38,-0.82,-0.2,-0.16,0.18,9.8,1.60125,0.0,0.0,0.0,7.1,1.0,1017.13,67.6,-17.4
2025-03-24 18:05:38.529000+00:00,52.90739645376501,,,,23.812,-0.812,-1.062,22.85,-86.0,-1.75,-44.25,0.016,-0.037,-0.21,0.22,-0.63,9.59,0.38,-0.82,-0.2,-0.16,0.18,9.8,1.60125,0.0,0.0,0.0,7.1,1.0,1017.13,67.6,-17.4
2025-03-24 18:05:39.785000+00:00,52.90739645376501,,,,23.812,-0.812,-1.062,22.85,-86.0,-1.75,-44.25,0.016,-0.037,-0.21,0.22,-0.63,9.59,0.38,-0.82,-0.2,-0.16,0.18,9.8,1.60125,0.0,0.0,0.0,7.1,1.0,1017.13,67.6,-17.13
2025-03-24 18:05:40.905000+00:00,52.90739645376501,,,,23.812,-0.812,-1.062,22.85,-86.0,-1.75,-44.25,0.016,-0.037,-0.21,0.22,-0.63,9.59,0.38,-0.82,-0.2,-0.16,0.18,9.8,1.60125,0.0,0.0,0.0,7.1,1.0,1017.13,67.6,-17.13
2025-03-24 18:05:42.045000+00:00,52.90739645376501,,,,23.812,-0.812,-1.062,22.85,-86.0,-1.75,-44.25,0.016,-0.037,-0.21,0.22,-0.63,9.59,0.38,-0.82,-0.2,-0.16,0.18,9.8,1.60125,0.0,0.0,0.0,7.1,1.0,1017.13,67.6,-17.13
2025-03-24 18:05:43.188000+00:00,52.90739645376501,,,,23.812,-0.812,-1.062,22.85,-86.0,-1.75,-44.25,0.016,-0.037,-0.21,0.22,-0.63,9.59,0.38,-0.82,-0.2,-0.16,0.18,9.8,1.60125,0.0,0.0,0.0,7.1,1.0,1017.13,67.6,-17.13
2025-03-24 18:05:44.625000+00:00,52.90739645376501,,,,23.812,-0.812,-1.062,22.85,-86.0,-1.75,-44.25,0.016,-0.037,-0.21,0.22,-0.63,9.59,0.38,-0.82,-0.2,-0.16,0.18,9.8,1.60125,0.0,0.0,0.0,7.1,1.0,1017.13,67.6,-17.13
2025-03-24 18:05:45.834000+00:00,52.90739645376501,,,,23.812,-0.812,-1.062,22.85,-86.0,-1.75,-44.25,0.016,-0.037,-0.21,0.22,-0.63,9.59,0.38,-0.82,-0.2,-0.16,0.18,9.8,1.60125,0.0,0.0,0.0,7.1,1.0,1017.13,67.6,-17.13
2025-03-24 18:05:46.854000+00:00,52.90739645376501,,,,23.812,-0.812,-1.062,22.85,-86.0,-1.75,-44.25,0.016,-0.037,-0.21,0.22,-0.63,9.59,0.38,-0.82,-0.2,-0.16,0.18,9.8,1.60125,0.0,0.0,0.0,7.1,1.0,1017.13,67.6,-17.13
2025-03-24 18:05:47.918000+00:00,52.90739645376501,,,,23.812,-0.812,-1.062,22.85,-86.0,-1.75,-44.25,0.016,-0.037,-0.21,0.22,-0.63,9.59,0.38,-0.82,-0.2,-0.16,0.18,9.8,1.60125,0.0,0.0,0.0,7.1,1.0,1017.13,67.6,-17.13
2025-03-24 18:05:48.859000+00:00,52.90739645376501,,,,23.812,-0.812,-1.062,22.85,-86.0,-1.75,-44.25,0.016,-0.037,-0.21,0.22,-0.63,9.59,0.38,-0.82,-0.2,-0.16,0.18,9.8,1.60125,0.0,0.0,0.0,7.1,1.0,1017.13,67.6,-17.13
2025-03-24 18:05:49.959000+00:00,52.90739645376501,,,,23.812,-0.812,-1.062,22.85,-86.0,-1.75,-44.25,0.016,-0.037,-0.21,0.22,-0.63,9.59,0.38,-0.82,-0.2,-0.16,0.18,9.8,1.60125,0.0,0.0,0.0,7.1,1.0,1017.13,67.6,-17.13
2025-03-24 18:05:51.067000+00:00,52.90739645376501,,,,23.812,-0.812,-1.062,22.85,-86.0,-1.75,-44.25,0.016,-0.037,-0.21,0.22,-0.63,9.59,0.38,-0.82,-0.2,-0.16,0.18,9.8,1.60125,0.0,0.0,0.0,7.1,1.0,1017.13,67.6,-17.13
2025-03-24 18:05:52.147000+00:00,52.90739645376501,,,,23.812,-0.812,-1.062,22.85,-86.0,-1.75,-44.25,0.016,-0.037,-0.21,0.22,-0.63,9.59,0.38,-0.82,-0.2,-0.16,0.18,9.8,1.60125,0.0,0.0,0.0,7.1,1.0,1017.13,67.6,-17.13
2025-03-24 18:05:53.208000+00:00,52.90739645376501,,,,23.812,-0.812,-1.062,22.85,-86.0,-1.75,-44.25,0.016,-0.037,-0.21,0.22,-0.63,9.59,0.38,-0.82,-0.2,-0.16,0.18,9.8,1.60125,0.0,0.0,0.0,7.1,1.0,1017.13,67.6,-17.13
2025-03-24 18:05:54.724000+00:00,52.90739645376501,,,,23.812,-0.812,-1.062,22.85,-86.0,-1.75,-44.25,0.016,-0.037,-0.21,0.22,-0.63,9.59,0.38,-0.82,-0.2,-0.16,0.18,9.8,1.60125,0.0,0.0,0.0,7.1,1.0,1017.13,67.6,-17.13
2025-03-24 18:05:55.868000+00:00,52.90739645376501,,,,23.812,-0.812,-1.062,22.85,-86.0,-1.75,-44.25,0.016,-0.037,-0.21,0.22,-0.63,9.59,0.38,-0.82,-0.2,-0.16,0.18,9.8,1.60125,0.0,0.0,0.0,7.1,1.0,1017.13,67.6,-17.13
2025-03-24 18:05:56.904000+00:00,52.90739645376501,,,,23.812,-0.812,-1.062,22.85,-86.0,-1.75,-44.25,0.016,-0.037,-0.21,0.22,-0.63,9.59,0.38,-0.82,-0.2,-0.16,0.18,9.8,1.60125,0.0,0.0,0.0,7.1,1.0,1017.13,67.6,-17.13
2025-03-24 18:05:57.878000+00:00,52.90739645376501,,,,23.812,-0.812,-1.062,22.85,-86.0,-1.75,-44.25,0.016,-0.037,-0.21,0.22,-0.63,9.59,0.38,-0.82,-0.2,-0.16,0.18,9.8,1.60125,0.0,0.0,0.0,7.1,1.0,1017.13,67.6,-17.13
2025-03-24 18:05:58.914000+00:00,52.90739645376501,,,,23.812,-0.812,-1.062,22.85,-86.0,-1.75,-44.25,0.016,-0.037,-0.21,0.22,-0.63,9.59,0.38,-0.82,-0.2,-0.16,0.18,9.8,1.60125,0.0,0.0,0.0,7.1,1.0,1017.13,67.6,-17.13
2025-03-24 18:06:00.009000+00:00,52.90739645376501,,,,23.812,-0.812,-1.062,22.85,-86.0,-1.75,-44.25,0.016,-0.037,-0.21,0.22,-0.63,9.59,0.38,-0.82,-0.2,-0.16,0.18,9.8,1.60125,0.0,0.0,0.0,7.1,1.0,1017.13,67.6,-17.13
2025-03-24 18:06:01.148000+00:00,52.90739645376501,,,,23.812,-0.812,-1.062,22.85,-86.0,-1.75,-44.25,0.016,-0.037,-0.21,0.22,-0.63,9.59,0.38,-0.82,-0.2,-0.16,0.18,9.8,1.60125,0.0,0.0,0.0,7.1,1.0,1017.13,67.6,-17.13
2025-03-24 18:06:02.324000+00:00,52.90739645376501,,,,23.812,-0.812,-1.062,22.85,-86.0,-1.75,-44.25,0.016,-0.037,-0.21,0.22,-0.63,9.59,0.38,-0.82,-0.2,-0.16,0.18,9.8,1.60125,0.0,0.0,0.0,7.1,1.0,1017.13,67.6,-17.13
2025-03-24 18:06:03.777000+00:00,52.90739645376501,,,,23.812,-0.812,-1.062,22.85,-86.0,-1.75,-44.25,0.016,-0.037,-0.21,0.22,-0.63,9.59,0.38,-0.82,-0.2,-0.16,0.18,9.8,1.60125,0.0,0.0,0.0,7.1,1.0,1017.13,67.6,-17.13
2025-03-24 18:06:04.964000+00:00,52.90739645376501,,,,23.812,-0.812,-1.062,22.85,-86.0,-1.75,-44.25,0.016,-0.037,-0.21,0.22,-0.63,9.59,0.38,-0.82,-0.2,-0.16,0.18,9.8,1.60125,0.0,0.0,0.0,7.1,1.0,1017.13,67.6,-17.13
2025-03-24 18:06:05.938000+00:00,52.90739645376501,,,,23.812,-0.812,-1.062,22.85,-86.0,-1.75,-44.25,0.016,-0.037,-0.21,0.22,-0.63,9.59,0.38,-0.82,-0.2,-0.16,0.18,9.8,1.60125,0.0,0.0,0.0,7.1,1.0,1017.13,67.6,-17.13
2025-03-24 18:06:07.001000+00:00,52.90739645376501,,,,23.812,-0.812,-1.062,22.85,-86.0,-1.75,-44.25,0.016,-0.037,-0.21,0.22,-0.63,9.59,0.38,-0.82,-0.2,-0.16,0.18,9.8,1.60125,0.0,0.0,0.0,7.1,1.0,1017.13,67.6,-17.13
2025-03-24 18:06:08.013000+00:00,52.90739645376501,,,,23.812,-0.812,-1.062,22.85,-86.0,-1.75,-44.25,0.016,-0.037,-0.21,0.22,-0.63,9.59,0.38,-0.82,-0.2,-0.16,0.18,9.8,1.60125,0.0,0.0,0.0,7.1,1.0,1017.13,67.6,-17.13
2025-03-24 18:06:09.977000+00:00,52.90739645376501,,,,23.812,-0.812,-1.062,22.85,-86.0,-1.75,-44.25,0.016,-0.037,-0.21,0.22,-0.63,9.59,0.38,-0.82,-0.2,-0.16,0.18,9.8,1.60125,0.0,0.0,0.0,7.1,1.0,1017.13,67.6,-17.13
2025-03-24 18:06:11.003000+00:00,52.90739645376501,,,,23.812,-0.812,-1.062,22.85,-86.0,-1.75,-44.25,0.016,-0.037,-0.21,0.22,-0.63,9.59,0.38,-0.82,-0.2,-0.16,0.18,9.8,1.60125,0.0,0.0,0.0,7.1,1.0,1017.13,67.6,-16.83
2025-03-24 18:06:12.084000+00:00,52.90739645376501,,,,23.812,-0.812,-1.062,22.85,-86.0,-1.75,-44.25,0.016,-0.037,-0.21,0.22,-0.63,9.59,0.38,-0.82,-0.2,-0.16,0.18,9.8,1.60125,0.0,0.0,0.0,7.1,1.0,1017.13,67.6,-16.83
2025-03-24 18:06:13.077000+00:00,52.90739645376501,,,,23.812,-0.812,-1.062,22.85,-86.0,-1.75,-44.25,0.016,-0.037,-0.21,0.22,-0.63,9.59,0.38,-0.82,-0.2,-0.16,0.18,9.8,1.60125,0.0,0.0,0.0,7.1,1.0,1017.13,67.6,-16.83
2025-03-24 18:06:14.057000+00:00,52.90739645376501,,,,23.812,-0.812,-1.062,22.85,-86.0,-1.75,-44.25,0.016,-0.037,-0.21,0.22,-0.63,9.59,0.38,-0.82,-0.2,-0.16,0.18,9.8,1.60125,0.0,0.0,0.0,7.1,1.0,1017.13,67.6,-16.83
2025-03-24 18:06:15.187000+00:00,52.90739645376501,,,,23.812,-0.812,-1.062,22.85,-86.0,-1.75,-44.25,0.016,-0.037,-0.21,0.22,-0.63,9.59,0.38,-0.82,-0.2,-0.16,0.18,9.8,1.60125,0.0,0.0,0.0,7.1,1.0,1017.13,67.6,-16.83
2025-03-24 18:06:16.337000+00:00,52.90739645376501,,,,23.812,-0.812,-1.062,22.85,-86.0,-1.75,-44.25,0.016,-0.037,-0.21,0.22,-0.63,9.59,0.38,-0.82,-0.2,-0.16,0.18,9.8,1.60125,0.0,0.0,0.0,7.1,1.0,1017.13,67.6,-16.83
2025-03-24 18:06:17.377000+00:00,52.90739645376501,,,,23.812,-0.812,-1.062,22.85,-86.0,-1.75,-44.25,0.016,-0.037,-0.21,0.22,-0.63,9.59,0.38,-0.82,-0.2,-0.16,0.18,9.8,1.60125,0.0,0.0,0.0,7.1,1.0,1017.13,67.6,-16.83
2025-03-24 18:06:18.317000+00:00,52.90739645376501,,,,23.812,-0.812,-1.062,22.85,-86.0,-1.75,-44.25,0.016,-0.037,-0.21,0.22,-0.63,9.59,0.38,-0.82,-0.2,-0.16,0.18,9.8,1.60125,0.0,0.0,0.0,7.1,1.0,1017.13,67.6,-16.83
2025-03-24 18:06:19.366000+00:00,52.90739645376501,,,,23.812,-0.812,-1.062,22.85,-86.0,-1.75,-44.25,0.016,-0.037,-0.21,0.22,-0.63,9.59,0.38,-0.82,-0.2,-0.16,0.18,9.8,1.60125,0.0,0.0,0.0,7.1,1.0,1017.13,67.6,-16.83
2025-03-24 18:06:20.543000+00:00,52.90739645376501,,,,23.812,-0.812,-1.062,22.85,-86.0,-1.75,-44.25,0.016,-0.037,-0.21,0.22,-0.63,9.59,0.38,-0.82,-0.2,-0.16,0.18,9.8,1.60125,0.0,0.0,0.0,7.1,1.0,1017.13,67.6,-16.83
2025-03-24 18:06:22.118000+00:00,52.90739645376501,,,,23.812,-0.812,-1.062,22.85,-86.0,-1.75,-44.25,0.016,-0.037,-0.21,0.22,-0.63,9.59,0.38,-0.82,-0.2,-0.16,0.18,9.8,1.60125,0.0,0.0,0.0,7.1,1.0,1017.13,67.6,-16.83
2025-03-24 18:06:23.046000+00:00,52.90739645376501,,,,23.812,-0.812,-1.062,22.85,-86.0,-1.75,-44.25,0.016,-0.037,-0.21,0.22,-0.63,9.59,0.38,-0.82,-0.2,-0.16,0.18,9.8,1.60125,0.0,0.0,0.0,7.1,1.0,1017.13,67.6,-16.83
2025-03-24 18:06:24.137000+00:00,52.90739645376501,,,,23.812,-0.812,-1.062,22.85,-86.0,-1.75,-44.25,0.016,-0.037,-0.21,0.22,-0.63,9.59,0.38,-0.82,-0.2,-0.16,0.18,9.8,1.60125,0.0,0.0,0.0,7.1,1.0,1017.13,67.6,-16.83
2025-03-24 18:06:25.098000+00:00,52.90739645376501,,,,23.812,-0.812,-1.062,22.85,-86.0,-1.75,-44.25,0.016,-0.037,-0.21,0.22,-0.63,9.59,0.38,-0.82,-0.2,-0.16,0.18,9.8,1.60125,0.0,0.0,0.0,7.1,1.0,1017.13,67.6,-16.83
2025-03-24 18:06:26.066000+00:00,52.90739645376501,,,,23.812,-0.812,-1.062,22.85,-86.0,-1.75,-44.25,0.016,-0.037,-0.21,0.22,-0.63,9.59,0.38,-0.82,-0.2,-0.16,0.18,9.8,1.60125,0.0,0.0,0.0,7.1,1.0,1017.13,67.6,-16.83
2025-03-24 18:06:27.116000+00:00,52.90739645376501,,,,23.812,-0.812,-1.062,22.85,-86.0,-1.75,-44.25,0.016,-0.037,-0.21,0.22,-0.63,9.59,0.38,-0.82,-0.2,-0.16,0.18,9.8,1.60125,0.0,0.0,0.0,7.1,1.0,1017.13,67.6,-16.83
2025-03-24 18:06:28.143000+00:00,52.90739645376501,,,,23.812,-0.812,-1.062,22.85,-86.0,-1.75,-44.25,0.016,-0.037,-0.21,0.22,-0.63,9.59,0.38,-0.82,-0.2,-0.16,0.18,9.8,1.60125,0.0,0.0,0.0,7.1,1.0,1017.13,67.6,-16.83
2025-03-24 18:06:29.289000+00:00,52.90739645376501,,,,23.812,-0.812,-1.062,22.85,-86.0,-1.75,-44.25,0.016,-0.037,-0.21,0.22,-0.63,9.59,0.38,-0.82,-0.2,-0.16,0.18,9.8,1.60125,0.0,0.0,0.0,7.1,1.0,1017.13,67.6,-16.83
2025-03-24 18:06:30.336000+00:00,52.90739645376501,,,,23.812,-0.812,-1.062,22.85,-86.0,-1.75,-44.25,0.016,-0.037,-0.21,0.22,-0.63,9.59,0.38,-0.82,-0.2,-0.16,0.18,9.8,1.60125,0.0,0.0,0.0,7.1,1.0,1017.13,67.6,-16.83
2025-03-24 18:06:31.387000+00:00,52.90739645376501,,,,23.812,-0.812,-1.062,22.85,-86.0,-1.75,-44.25,0.016,-0.037,-0.21,0.22,-0.63,9.59,0.38,-0.82,-0.2,-0.16,0.18,9.8,1.60125,0.0,0.0,0.0,7.1,1.0,1017.13,67.6,-16.83
2025-03-24 18:06:32.526000+00:00,52.90739645376501,,,,23.812,-0.812,-1.062,22.85,-86.0,-1.75,-44.25,0.016,-0.037,-0.21,0.22,-0.63,9.59,0.38,-0.82,-0.2,-0.16,0.18,9.8,1.60125,0.0,0.0,0.0,7.1,1.0,1017.13,67.6,-16.83
