,rpm_value,rpm_blade_1,rpm_blade_2,rpm_blade_3,orientation_heading,orientation_roll,orientation_pitch,temperature_value,magnetometer_mx,magnetometer_my,magnetometer_mz,gyroscope_gx,gyroscope_gy,gyroscope_gz,accelerometer_ax,accelerometer_ay,accelerometer_az,linear_acceleration_lx,linear_acceleration_ly,linear_acceleration_lz,gravity_grx,gravity_gry,gravity_grz,voltage_value,current_value,power_value,servo_value,speed_value,direction_value,pressure_value,humidity_value,altitude_value
2025-03-24 17:43:18.802000+00:00,24.770774977452522,,,,357.375,-0.312,-0.438,22.88,-72.688,-1.25,-32.688,-0.001,0.012,-0.013,-0.22,0.31,9.56,-0.17,0.22,-0.24,-0.05,0.08,9.8,0.65,-1.25,0.0,0.0,4.2,2.0,1017.15,67.53,-17.79
2025-03-24 17:43:18.855000+00:00,24.5048398065828,,,,357.375,-0.312,-0.438,22.88,-72.688,-1.25,-32.688,-0.001,0.012,-0.013,-0.22,0.31,9.56,-0.17,0.22,-0.24,-0.05,0.08,9.8,0.65,-1.25,0.0,0.0,4.2,2.0,1017.15,67.53,-17.79
2025-03-24 17:43:19.294000+00:00,24.266897811594102,,,,357.375,-0.312,-0.438,22.88,-72.688,-1.25,-32.688,-0.001,0.012,-0.013,-0.22,0.31,9.56,-0.17,0.22,-0.24,-0.05,0.08,9.8,0.65,-1.25,0.0,0.0,4.2,2.0,1017.15,67.53,-17.79
2025-03-24 17:43:21.786000+00:00,24.163763461920908,,,,357.375,-0.312,-0.438,22.88,-72.688,-1.25,-32.688,-0.001,0.012,-0.013,-0.22,0.31,9.56,-0.17,0.22,-0.24,-0.05,0.08,9.8,0.65,-1.25,0.0,0.0,4.2,2.0,1017.15,67.53,-17.79
2025-03-24 17:43:21.836000+00:00,23.40049955219195,,,,357.375,-0.312,-0.438,22.88,-72.688,-1.25,-32.688,-0.001,0.012,-0.013,-0.22,0.31,9.56,-0.17,0.22,-0.24,-0.05,0.08,9.8,0.65,-1.25,0.0,0.0,4.2,2.0,1017.15,67.53,-17.79
2025-03-24 17:43:21.895000+00:00,22.637235642462986,,,,357.375,-0.312,-0.438,22.88,-72.688,-1.25,-32.688,-0.001,0.012,-0.013,-0.22,0.31,9.56,-0.17,0.22,-0.24,-0.05,0.08,9.8,0.65,-1.25,0.0,0.0,4.2,2.0,1017.15,67.53,-17.79
2025-03-24 17:43:24.976000+00:00,22.273920589346666,,,,357.375,-0.312,-0.438,22.88,-72.688,-1.25,-32.688,-0.001,0.012,-0.013,-0.22,0.31,9.56,-0.17,0.22,-0.24,-0.05,0.08,9.8,0.65,-1.25,0.0,0.0,4.2,2.0,1017.15,67.53,-17.79
2025-03-24 17:43:25.417000+00:00,21.910605536230346,,,,357.375,-0.312,-0.438,22.88,-72.688,-1.25,-32.688,-0.001,0.012,-0.013,-0.22,0.31,9.56,-0.17,0.22,-0.24,-0.05,0.08,9.8,0.65,-1.25,0.0,0.0,4.2,2.0,1017.15,67.53,-17.79
2025-03-24 17:43:25.626000+00:00,21.482428499581165,,,,357.375,-0.312,-0.438,22.88,-72.688,-1.25,-32.688,-0.001,0.012,-0.013,-0.22,0.31,9.56,-0.17,0.22,-0.24,-0.05,0.08,9.8,0.65,-1.25,0.0,0.0,4.2,2.0,1017.15,67.53,-17.79
2025-03-24 17:43:28.646000+00:00,20.991784157440186,,,,357.375,-0.312,-0.438,22.88,-72.688,-1.25,-32.688,-0.001,0.012,-0.013,-0.22,0.31,9.56,-0.17,0.22,-0.24,-0.05,0.08,9.8,0.65,-1.25,0.0,0.0,4.2,2.0,1017.15,67.53,-17.79
2025-03-24 17:43:28.697000+00:00,20.72948028298576,,,,357.375,-0.312,-0.438,22.88,-72.688,-1.25,-32.688,-0.001,0.012,-0.013,-0.22,0.31,9.56,-0.17,0.22,-0.24,-0.05,0.08,9.8,0.65,-1.25,0.0,0.0,4.2,2.0,1017.15,67.53,-17.79
2025-03-24 17:43:28.747000+00:00,20.467176408531337,,,,357.375,-0.312,-0.438,22.88,-72.688,-1.25,-32.688,-0.001,0.012,-0.013,-0.22,0.31,9.56,-0.17,0.22,-0.24,-0.05,0.08,9.8,0.65,-1.25,0.0,0.0,4.2,2.0,1017.15,67.53,-17.79
2025-03-24 17:43:28.801000+00:00,20.204872534076912,,,,357.375,-0.312,-0.438,22.88,-72.688,-1.25,-32.688,-0.001,0.012,-0.013,-0.22,0.31,9.56,-0.17,0.22,-0.24,-0.05,0.08,9.8,0.65,-1.25,0.0,0.0,4.2,2.0,1017.15,67.53,-17.79
2025-03-24 17:43:31.918000+00:00,20.170428846575568,,,,357.375,-0.312,-0.438,22.88,-72.688,-1.25,-32.688,-0.001,0.012,-0.013,-0.22,0.31,9.56,-0.17,0.22,-0.24,-0.05,0.08,9.8,0.65,-1.25,0.0,0.0,4.2,2.0,1017.15,67.53,-17.79
2025-03-24 17:43:31.966000+00:00,20.135985159074224,,,,357.375,-0.312,-0.438,22.88,-72.688,-1.25,-32.688,-0.001,0.012,-0.013,-0.22,0.31,9.56,-0.17,0.22,-0.24,-0.05,0.08,9.8,0.65,-1.25,0.0,0.0,4.2,2.0,1017.15,67.53,-17.79
2025-03-24 17:43:32.022000+00:00,20.10154147157288,,,,357.375,-0.312,-0.438,22.88,-72.688,-1.25,-32.688,-0.001,0.012,-0.013,-0.22,0.31,9.56,-0.17,0.22,-0.24,-0.05,0.08,9.8,0.65,-1.25,0.0,0.0,4.2,2.0,1017.15,67.53,-17.79
2025-03-24 17:43:35.582000+00:00,19.949532816784675,,,,357.375,-0.312,-0.438,22.88,-72.688,-1.25,-32.688,-0.001,0.012,-0.013,-0.22,0.31,9.56,-0.17,0.22,-0.24,-0.05,0.08,9.8,0.65,-1.25,0.0,0.0,4.2,2.0,1017.15,67.53,-17.79
2025-03-24 17:43:35.635000+00:00,19.831989590180516,,,,357.375,-0.312,-0.438,22.88,-72.688,-1.25,-32.688,-0.001,0.012,-0.013,-0.22,0.31,9.56,-0.17,0.22,-0.24,-0.05,0.08,9.8,0.65,-1.25,0.0,0.0,4.2,2.0,1017.15,67.53,-17.79
2025-03-24 17:43:35.691000+00:00,19.71444636357635,,,,357.375,-0.312,-0.438,22.88,-72.688,-1.25,-32.688,-0.001,0.012,-0.013,-0.22,0.31,9.56,-0.17,0.22,-0.24,-0.05,0.08,9.8,0.65,-1.25,0.0,0.0,4.2,2.0,1017.15,67.53,-17.79
2025-03-24 17:43:35.751000+00:00,19.596903136972188,,,,357.375,-0.312,-0.438,22.88,-72.688,-1.25,-32.688,-0.001,0.012,-0.013,-0.22,0.31,9.56,-0.17,0.22,-0.24,-0.05,0.08,9.8,0.65,-1.25,0.0,0.0,4.2,2.0,1017.15,67.53,-17.79
2025-03-24 17:43:39.642000+00:00,19.386537469878416,,,,357.375,-0.312,-0.438,22.88,-72.688,-1.25,-32.688,-0.001,0.012,-0.013,-0.22,0.31,9.56,-0.17,0.22,-0.24,-0.05,0.08,9.8,0.65,-1.25,0.0,0.0,4.2,2.0,1017.15,67.53,-17.79
2025-03-24 17:43:40.051000+00:00,19.176171802784644,,,,357.375,-0.312,-0.438,22.88,-72.688,-1.25,-32.688,-0.001,0.012,-0.013,-0.22,0.31,9.56,-0.17,0.22,-0.24,-0.05,0.08,9.8,0.65,-1.25,0.0,0.0,4.2,2.0,1017.15,67.53,-17.79
2025-03-24 17:43:40.111000+00:00,18.965806135690876,,,,357.375,-0.312,-0.438,22.88,-72.688,-1.25,-32.688,-0.001,0.012,-0.013,-0.22,0.31,9.56,-0.17,0.22,-0.24,-0.05,0.08,9.8,0.65,-1.25,0.0,0.0,4.2,2.0,1017.15,67.53,-17.79
2025-03-24 17:43:40.164000+00:00,18.64442702278047,,,,357.375,-0.312,-0.438,22.88,-72.688,-1.25,-32.688,-0.001,0.012,-0.013,-0.22,0.31,9.56,-0.17,0.22,-0.24,-0.05,0.08,9.8,0.65,-1.25,0.0,0.0,4.2,2.0,1017.15,67.53,-17.79
2025-03-24 17:43:42.965000+00:00,18.44258516937851,,,,357.375,-0.312,-0.438,22.88,-72.688,-1.25,-32.688,-0.001,0.012,-0.013,-0.22,0.31,9.56,-0.17,0.22,-0.24,-0.05,0.08,9.8,0.65,-1.25,0.0,0.0,4.2,2.0,1017.15,67.53,-17.79
2025-03-24 17:43:43.015000+00:00,18.24074331597655,,,,357.375,-0.312,-0.438,22.88,-72.688,-1.25,-32.688,-0.001,0.012,-0.013,-0.22,0.31,9.56,-0.17,0.22,-0.24,-0.05,0.08,9.8,0.65,-1.25,0.0,0.0,4.2,2.0,1017.15,67.53,-17.79
2025-03-24 17:43:43.073000+00:00,18.149920303841988,,,,357.375,-0.312,-0.438,22.88,-72.688,-1.25,-32.688,-0.001,0.012,-0.013,-0.22,0.31,9.56,-0.17,0.22,-0.24,-0.05,0.08,9.8,0.65,-1.25,0.0,0.0,4.2,2.0,1017.15,67.53,-17.79
2025-03-24 17:43:43.655000+00:00,18.059097291707424,,,,357.375,-0.312,-0.438,22.88,-72.688,-1.25,-32.688,-0.001,0.012,-0.013,-0.22,0.31,9.56,-0.17,0.22,-0.24,-0.05,0.08,9.8,0.65,-1.25,0.0,0.0,4.2,2.0,1017.15,67.53,-17.79
2025-03-24 17:43:46.076000+00:00,18.09364272623121,,,,357.375,-0.312,-0.438,22.88,-72.688,-1.25,-32.688,-0.001,0.012,-0.013,-0.22,0.31,9.56,-0.17,0.22,-0.24,-0.05,0.08,9.8,0.65,-1.25,0.0,0.0,4.2,2.0,1017.15,67.53,-17.79
2025-03-24 17:43:46.682000+00:00,18.19065546624679,,,,357.375,-0.312,-0.438,22.88,-72.688,-1.25,-32.688,-0.001,0.012,-0.013,-0.22,0.31,9.56,-0.17,0.22,-0.24,-0.05,0.08,9.8,0.65,-1.25,0.0,0.0,4.2,2.0,1017.15,67.53,-17.79
2025-03-24 17:43:46.735000+00:00,18.287668206262364,,,,357.375,-0.312,-0.438,22.88,-72.688,-1.25,-32.688,-0.001,0.012,-0.013,-0.22,0.31,9.56,-0.17,0.22,-0.24,-0.05,0.08,9.8,0.65,-1.25,0.0,0.0,4.2,2.0,1017.15,67.53,-17.79
2025-03-24 17:43:46.835000+00:00,18.384680946277943,,,,357.375,-0.312,-0.438,22.88,-72.688,-1.25,-32.688,-0.001,0.012,-0.013,-0.22,0.31,9.56,-0.17,0.22,-0.24,-0.05,0.08,9.8,0.65,-1.25,0.0,0.0,4.2,2.0,1017.15,67.53,-17.79
2025-03-24 17:43:49.194000+00:00,18.55821744452968,,,,357.375,-0.312,-0.438,22.88,-72.688,-1.25,-32.688,-0.001,0.012,-0.013,-0.22,0.31,9.56,-0.17,0.22,-0.24,-0.05,0.08,9.8,0.65,-1.25,0.0,0.0,4.2,2.0,1017.15,67.53,-17.79
2025-03-24 17:43:49.431000+00:00,18.669268705125333,,,,357.375,-0.312,-0.438,22.88,-72.688,-1.25,-32.688,-0.001,0.012,-0.013,-0.22,0.31,9.56,-0.17,0.22,-0.24,-0.05,0.08,9.8,0.65,-1.25,0.0,0.0,4.2,2.0,1017.15,67.53,-17.79
2025-03-24 17:43:49.873000+00:00,18.780319965720984,,,,357.375,-0.312,-0.438,22.88,-72.688,-1.25,-32.688,-0.001,0.012,-0.013,-0.22,0.31,9.56,-0.17,0.22,-0.24,-0.05,0.08,9.8,0.65,-1.25,0.0,0.0,4.2,2.0,1017.15,67.53,-17.79
2025-03-24 17:43:52.054000+00:00,18.98020133215281,,,,357.375,-0.312,-0.438,22.88,-72.688,-1.25,-32.688,-0.001,0.012,-0.013,-0.22,0.31,9.56,-0.17,0.22,-0.24,-0.05,0.08,9.8,0.65,-1.25,0.0,0.0,4.2,2.0,1017.15,67.53,-17.79
2025-03-24 17:43:52.110000+00:00,19.297647665871494,,,,357.375,-0.312,-0.438,22.88,-72.688,-1.25,-32.688,-0.001,0.012,-0.013,-0.22,0.31,9.56,-0.17,0.22,-0.24,-0.05,0.08,9.8,0.65,-1.25,0.0,0.0,4.2,2.0,1017.15,67.53,-17.79
2025-03-24 17:43:52.154000+00:00,19.615093999590172,,,,357.375,-0.312,-0.438,22.88,-72.688,-1.25,-32.688,-0.001,0.012,-0.013,-0.22,0.31,9.56,-0.17,0.22,-0.24,-0.05,0.08,9.8,0.65,-1.25,0.0,0.0,4.2,2.0,1017.15,67.53,-17.79
2025-03-24 17:43:55.015000+00:00,19.886433530658785,,,,357.375,-0.312,-0.438,22.88,-72.688,-1.25,-32.688,-0.001,0.012,-0.013,-0.22,0.31,9.56,-0.17,0.22,-0.24,-0.05,0.08,9.8,0.65,-1.25,0.0,0.0,4.2,2.0,1017.15,67.53,-17.79
2025-03-24 17:43:55.064000+00:00,20.157773061727404,,,,357.375,-0.312,-0.438,22.88,-72.688,-1.25,-32.688,-0.001,0.012,-0.013,-0.22,0.31,9.56,-0.17,0.22,-0.24,-0.05,0.08,9.8,0.65,-1.25,0.0,0.0,4.2,2.0,1017.15,67.53,-17.79
2025-03-24 17:43:55.115000+00:00,20.521925829316466,,,,357.375,-0.312,-0.438,22.88,-72.688,-1.25,-32.688,-0.001,0.012,-0.013,-0.22,0.31,9.56,-0.17,0.22,-0.24,-0.05,0.08,9.8,0.65,-1.25,0.0,0.0,4.2,2.0,1017.15,67.53,-17.79
2025-03-24 17:43:57.716000+00:00,20.932181857270283,,,,357.375,-0.312,-0.438,22.88,-72.688,-1.25,-32.688,-0.001,0.012,-0.013,-0.22,0.31,9.56,-0.17,0.22,-0.24,-0.05,0.08,9.8,0.65,-1.25,0.0,0.0,4.2,2.0,1017.15,67.53,-17.79
2025-03-24 17:43:57.764000+00:00,21.342437885224104,,,,357.375,-0.312,-0.438,22.88,-72.688,-1.25,-32.688,-0.001,0.012,-0.013,-0.22,0.31,9.56,-0.17,0.22,-0.24,-0.05,0.08,9.8,0.65,-1.25,0.0,0.0,4.2,2.0,1017.15,67.53,-17.79
2025-03-24 17:43:59.988000+00:00,21.706532337493474,,,,357.375,-0.312,-0.438,22.88,-72.688,-1.25,-32.688,-0.001,0.012,-0.013,-0.22,0.31,9.56,-0.17,0.22,-0.24,-0.05,0.08,9.8,0.65,-1.25,0.0,0.0,4.2,2.0,1017.15,67.53,-17.79
2025-03-24 17:44:00.088000+00:00,21.951089530254404,,,,357.375,-0.312,-0.438,22.88,-72.688,-1.25,-32.688,-0.001,0.012,-0.013,-0.22,0.31,9.56,-0.17,0.22,-0.24,-0.05,0.08,9.8,0.65,-1.25,0.0,0.0,4.2,2.0,1017.15,67.53,-17.79
2025-03-24 17:44:00.614000+00:00,22.195646723015336,,,,357.375,-0.312,-0.438,22.88,-72.688,-1.25,-32.688,-0.001,0.012,-0.013,-0.22,0.31,9.56,-0.17,0.22,-0.24,-0.05,0.08,9.8,0.65,-1.25,0.0,0.0,4.2,2.0,1017.15,67.53,-17.79
2025-03-24 17:44:03.064000+00:00,22.39748798868365,,,,357.375,-0.312,-0.438,22.88,-72.688,-1.25,-32.688,-0.001,0.012,-0.013,-0.22,0.31,9.56,-0.17,0.22,-0.24,-0.05,0.08,9.8,0.65,-1.25,0.0,0.0,4.2,2.0,1017.15,67.53,-17.79
2025-03-24 17:44:03.114000+00:00,22.599329254351964,,,,357.375,-0.312,-0.438,22.88,-72.688,-1.25,-32.688,-0.001,0.012,-0.013,-0.22,0.31,9.56,-0.17,0.22,-0.24,-0.05,0.08,9.8,0.65,-1.25,0.0,0.0,4.2,2.0,1017.15,67.53,-17.79
2025-03-24 17:44:03.174000+00:00,22.675802073361933,,,,357.375,-0.312,-0.438,22.88,-72.688,-1.25,-32.688,-0.001,0.012,-0.013,-0.22,0.31,9.56,-0.17,0.22,-0.24,-0.05,0.08,9.8,0.65,-1.25,0.0,0.0,4.2,2.0,1017.15,67.53,-17.79
2025-03-24 17:44:06.113000+00:00,22.675700851853843,,,,357.375,-0.312,-0.438,22.88,-72.688,-1.25,-32.688,-0.001,0.012,-0.013,-0.22,0.31,9.56,-0.17,0.22,-0.24,-0.05,0.08,9.8,0.65,-1.25,0.0,0.0,4.2,2.0,1017.15,67.53,-17.79
2025-03-24 17:44:06.170000+00:00,22.67559963034576,,,,357.375,-0.312,-0.438,22.88,-72.688,-1.25,-32.688,-0.001,0.012,-0.013,-0.22,0.31,9.56,-0.17,0.22,-0.24,-0.05,0.08,9.8,0.65,-1.25,0.0,0.0,4.2,2.0,1017.15,67.53,-17.79
2025-03-24 17:44:06.223000+00:00,22.675498408837676,,,,357.375,-0.312,-0.438,22.88,-72.688,-1.25,-32.688,-0.001,0.012,-0.013,-0.22,0.31,9.56,-0.17,0.22,-0.24,-0.05,0.08,9.8,0.65,-1.25,0.0,0.0,4.2,2.0,1017.15,67.53,-17.79
2025-03-24 17:44:08.963000+00:00,22.675485379706096,,,,357.375,-0.312,-0.438,22.88,-72.688,-1.25,-32.688,-0.001,0.012,-0.013,-0.22,0.31,9.56,-0.17,0.22,-0.24,-0.05,0.08,9.8,0.65,-1.25,0.0,0.0,4.2,2.0,1017.15,67.53,-17.79
2025-03-24 17:44:09.014000+00:00,22.675472350574505,,,,357.375,-0.312,-0.438,22.88,-72.688,-1.25,-32.688,-0.001,0.012,-0.013,-0.22,0.31,9.56,-0.17,0.22,-0.24,-0.05,0.08,9.8,0.65,-1.25,0.0,0.0,4.2,2.0,1017.15,67.53,-17.79
2025-03-24 17:44:09.096000+00:00,22.67545932144292,,,,357.375,-0.312,-0.438,22.88,-72.688,-1.25,-32.688,-0.001,0.012,-0.013,-0.22,0.31,9.56,-0.17,0.22,-0.24,-0.05,0.08,9.8,0.65,-1.25,0.0,0.0,4.2,2.0,1017.15,67.53,-17.79
2025-03-24 17:44:11.801000+00:00,22.629350934059456,,,,357.375,-0.312,-0.438,22.88,-72.688,-1.25,-32.688,-0.001,0.012,-0.013,-0.22,0.31,9.56,-0.17,0.22,-0.24,-0.05,0.08,9.8,0.65,-1.25,0.0,0.0,4.2,2.0,1017.15,67.53,-17.79
2025-03-24 17:44:11.859000+00:00,22.583242546675997,,,,357.375,-0.312,-0.438,22.88,-72.688,-1.25,-32.688,-0.001,0.012,-0.013,-0.22,0.31,9.56,-0.17,0.22,-0.24,-0.05,0.08,9.8,0.65,-1.25,0.0,0.0,4.2,2.0,1017.15,67.53,-17.79
2025-03-24 17:44:11.903000+00:00,22.53713415929253,,,,357.375,-0.312,-0.438,22.88,-72.688,-1.25,-32.688,-0.001,0.012,-0.013,-0.22,0.31,9.56,-0.17,0.22,-0.24,-0.05,0.08,9.8,0.65,-1.25,0.0,0.0,4.2,2.0,1017.15,67.53,-17.79
2025-03-24 17:44:15.055000+00:00,22.537102571095442,,,,357.375,-0.312,-0.438,22.88,-72.688,-1.25,-32.688,-0.001,0.012,-0.013,-0.22,0.31,9.56,-0.17,0.22,-0.24,-0.05,0.08,9.8,0.65,-1.25,0.0,0.0,4.2,2.0,1017.15,67.53,-17.79
2025-03-24 17:44:15.104000+00:00,22.53707098289835,,,,357.375,-0.312,-0.438,22.88,-72.688,-1.25,-32.688,-0.001,0.012,-0.013,-0.22,0.31,9.56,-0.17,0.22,-0.24,-0.05,0.08,9.8,0.65,-1.25,0.0,0.0,4.2,2.0,1017.15,67.53,-17.79
2025-03-24 17:44:15.160000+00:00,22.537039394701253,,,,357.375,-0.312,-0.438,22.88,-72.688,-1.25,-32.688,-0.001,0.012,-0.013,-0.22,0.31,9.56,-0.17,0.22,-0.24,-0.05,0.08,9.8,0.65,-1.25,0.0,0.0,4.2,2.0,1017.15,67.53,-17.79
2025-03-24 17:43:17.876000+00:00,22.537039394701253,,,,357.375,-0.312,-0.438,22.88,-72.688,-1.25,-32.688,-0.001,0.012,-0.013,-0.22,0.31,9.56,-0.17,0.22,-0.24,-0.05,0.08,9.8,0.65,-1.25,0.0,0.0,4.2,2.0,1017.15,67.53,-17.79
2025-03-24 17:43:18.915000+00:00,22.537039394701253,,,,357.312,-0.312,-0.5,22.88,-72.688,-1.25,-32.688,-0.001,0.012,-0.013,-0.22,0.31,9.56,-0.17,0.22,-0.24,-0.05,0.08,9.8,0.65,-1.25,0.0,0.0,4.2,2.0,1017.15,67.53,-17.79
2025-03-24 17:43:19.897000+00:00,22.537039394701253,,,,357.375,-0.438,-0.625,22.88,-72.688,-1.25,-32.688,-0.001,0.012,-0.013,-0.22,0.31,9.56,-0.17,0.22,-0.24,-0.05,0.08,9.8,0.65,-1.25,0.0,0.0,4.2,2.0,1017.15,67.53,-17.79
2025-03-24 17:43:20.907000+00:00,22.537039394701253,,,,357.375,-0.375,-0.5,22.88,-72.688,-1.25,-32.688,-0.001,0.012,-0.013,-0.22,0.31,9.56,-0.17,0.22,-0.24,-0.05,0.08,9.8,0.65,-1.25,0.0,0.0,4.2,2.0,1017.15,67.53,-17.79
2025-03-24 17:43:21.955000+00:00,22.537039394701253,,,,357.375,-0.312,-0.562,22.88,-72.688,-1.25,-32.688,-0.001,0.012,-0.013,-0.22,0.31,9.56,-0.17,0.22,-0.24,-0.05,0.08,9.8,0.65,-1.25,0.0,0.0,4.2,2.0,1017.15,67.53,-17.79
2025-03-24 17:43:22.927000+00:00,22.537039394701253,,,,357.438,-0.25,-0.5,22.88,-72.688,-1.25,-32.688,-0.001,0.012,-0.013,-0.22,0.31,9.56,-0.17,0.22,-0.24,-0.05,0.08,9.8,0.65,-1.25,0.0,0.0,4.2,2.0,1017.15,67.53,-17.79
2025-03-24 17:43:23.937000+00:00,22.537039394701253,,,,357.5,-0.312,-0.625,22.88,-72.688,-1.25,-32.688,-0.001,0.012,-0.013,-0.22,0.31,9.56,-0.17,0.22,-0.24,-0.05,0.08,9.8,0.65,-1.25,0.0,0.0,4.2,2.0,1017.15,67.53,-17.79
2025-03-24 17:43:25.029000+00:00,22.537039394701253,,,,357.5,-0.312,-0.562,22.88,-72.688,-1.25,-32.688,-0.001,0.012,-0.013,-0.22,0.31,9.56,-0.17,0.22,-0.24,-0.05,0.08,9.8,0.65,-1.25,0.0,0.0,4.2,2.0,1017.15,67.53,-17.79
2025-03-24 17:43:26.056000+00:00,22.537039394701253,,,,357.562,-0.375,-0.625,22.88,-72.688,-1.25,-32.688,-0.001,0.012,-0.013,-0.22,0.31,9.56,-0.17,0.22,-0.24,-0.05,0.08,9.8,0.65,-1.25,0.0,0.0,4.2,2.0,1017.15,67.53,-17.79
2025-03-24 17:43:26.975000+00:00,22.537039394701253,,,,357.562,-0.25,-0.562,22.88,-72.688,-1.25,-32.688,-0.001,0.012,-0.013,-0.22,0.31,9.56,-0.17,0.22,-0.24,-0.05,0.08,9.8,0.65,-1.25,0.0,0.0,4.2,2.0,1017.15,67.53,-17.79
2025-03-24 17:43:28.115000+00:00,22.537039394701253,,,,357.438,-0.438,-0.625,22.88,-72.688,-1.25,-32.688,-0.001,0.012,-0.013,-0.22,0.31,9.56,-0.17,0.22,-0.24,-0.05,0.08,9.8,0.65,-1.25,0.0,0.0,4.2,2.0,1017.15,67.53,-17.79
2025-03-24 17:43:29.282000+00:00,22.537039394701253,,,,357.375,-0.5,-0.625,22.88,-72.688,-1.25,-32.688,-0.001,0.012,-0.013,-0.22,0.31,9.56,-0.17,0.22,-0.24,-0.05,0.08,9.8,0.65,-1.25,0.0,0.0,4.2,2.0,1017.15,67.53,-17.79
2025-03-24 17:43:30+00:00,22.537039394701253,,,,357.375,-0.5,-0.625,22.88,-72.688,-1.25,-32.688,-0.001,0.012,-0.013,-0.22,0.31,9.56,-0.17,0.22,-0.24,-0.05,0.08,9.8,0.65,-1.25,0.0,0.0,4.2,2.0,1017.15,67.53,-17.79
2025-03-24 17:43:31.010000+00:00,22.537039394701253,,,,357.375,-0.5,-0.5,22.88,-72.688,-1.25,-32.688,-0.001,0.012,-0.013,-0.22,0.31,9.56,-0.17,0.22,-0.24,-0.05,0.08,9.8,0.65,-1.25,0.0,0.0,4.2,2.0,1017.15,67.53,-17.79
2025-03-24 17:43:32.079000+00:00,22.537039394701253,,,,357.312,-0.438,-0.438,22.88,-72.688,-1.25,-32.688,-0.001,0.012,-0.013,-0.22,0.31,9.56,-0.17,0.22,-0.24,-0.05,0.08,9.8,0.65,-1.25,0.0,0.0,4.2,2.0,1017.15,67.53,-17.79
2025-03-24 17:43:33.029000+00:00,22.537039394701253,,,,357.312,-0.375,-0.312,22.88,-72.688,-1.25,-32.688,-0.001,0.012,-0.013,-0.22,0.31,9.56,-0.17,0.22,-0.24,-0.05,0.08,9.8,0.65,-1.25,0.0,0.0,4.2,2.0,1017.15,67.53,-17.79
2025-03-24 17:43:34.041000+00:00,22.537039394701253,,,,357.375,-0.375,-0.375,22.88,-72.688,-1.25,-32.688,-0.001,0.012,-0.013,-0.22,0.31,9.56,-0.17,0.22,-0.24,-0.05,0.08,9.8,0.65,-1.25,0.0,0.0,4.2,2.0,1017.15,67.53,-17.79
2025-03-24 17:43:35.051000+00:00,22.537039394701253,,,,357.438,-0.312,-0.375,22.88,-72.688,-1.25,-32.688,-0.001,0.012,-0.013,-0.22,0.31,9.56,-0.17,0.22,-0.24,-0.05,0.08,9.8,0.65,-1.25,0.0,0.0,4.2,2.0,1017.15,67.53,-17.79
2025-03-24 17:43:36.171000+00:00,22.537039394701253,,,,357.312,-0.438,-0.438,22.88,-72.688,-1.25,-32.688,-0.001,0.012,-0.013,-0.22,0.31,9.56,-0.17,0.22,-0.24,-0.05,0.08,9.8,0.65,-1.25,0.0,0.0,4.2,2.0,1017.15,67.53,-17.79
2025-03-24 17:43:37.106000+00:00,22.537039394701253,,,,357.312,-0.375,-0.5,22.88,-72.688,-1.25,-32.688,-0.001,0.012,-0.013,-0.22,0.31,9.56,-0.17,0.22,-0.24,-0.05,0.08,9.8,0.65,-1.25,0.0,0.0,4.2,2.0,1017.15,67.53,-17.79
2025-03-24 17:43:38.241000+00:00,22.537039394701253,,,,357.312,-0.312,-0.312,22.88,-72.688,-1.25,-32.688,-0.001,0.012,-0.013,-0.22,0.31,9.56,-0.17,0.22,-0.24,-0.05,0.08,9.8,0.65,-1.25,0.0,0.0,4.2,2.0,1017.15,67.53,-17.79
2025-03-24 17:43:39.092000+00:00,22.537039394701253,,,,357.375,-0.375,-0.438,22.88,-72.688,-1.25,-32.688,-0.001,0.012,-0.013,-0.22,0.31,9.56,-0.17,0.22,-0.24,-0.05,0.08,9.8,0.65,-1.25,0.0,0.0,4.2,2.0,1017.15,67.53,-17.79
2025-03-24 17:43:40.221000+00:00,22.537039394701253,,,,357.375,-0.5,-0.5,22.88,-72.688,-1.25,-32.688,-0.001,0.012,-0.013,-0.22,0.31,9.56,-0.17,0.22,-0.24,-0.05,0.08,9.8,0.65,-1.25,0.0,0.0,4.2,2.0,1017.15,67.53,-17.79
2025-03-24 17:43:41.266000+00:00,22.537039394701253,,,,357.312,-0.438,-0.438,22.88,-72.688,-1.25,-32.688,-0.001,0.012,-0.013,-0.22,0.31,9.56,-0.17,0.22,-0.24,-0.05,0.08,9.8,0.65,-1.25,0.0,0.0,4.2,2.0,1017.15,67.53,-17.79
2025-03-24 17:43:42.285000+00:00,22.537039394701253,,,,357.25,-0.375,-0.438,22.88,-72.688,-1.25,-32.688,-0.001,0.012,-0.013,-0.22,0.31,9.56,-0.17,0.22,-0.24,-0.05,0.08,9.8,0.65,-1.25,0.0,0.0,4.2,2.0,1017.15,67.53,-17.79
2025-03-24 17:43:43.275000+00:00,22.537039394701253,,,,357.188,-0.25,-0.375,22.88,-72.688,-1.25,-32.688,-0.001,0.012,-0.013,-0.22,0.31,9.56,-0.17,0.22,-0.24,-0.05,0.08,9.8,0.65,-1.25,0.0,0.0,4.2,2.0,1017.15,67.53,-17.79
2025-03-24 17:43:44.276000+00:00,22.537039394701253,,,,357.25,-0.25,-0.375,22.88,-72.688,-1.25,-32.688,-0.001,0.012,-0.013,-0.22,0.31,9.56,-0.17,0.22,-0.24,-0.05,0.08,9.8,0.65,-1.25,0.0,0.0,4.2,2.0,1017.15,67.53,-17.79
2025-03-24 17:43:45.294000+00:00,22.537039394701253,,,,357.188,-0.312,-0.375,22.88,-72.688,-1.25,-32.688,-0.001,0.012,-0.013,-0.22,0.31,9.56,-0.17,0.22,-0.24,-0.05,0.08,9.8,0.65,-1.25,0.0,0.0,4.2,2.0,1017.15,67.53,-17.79
2025-03-24 17:43:46.304000+00:00,22.537039394701253,,,,357.25,-0.375,-0.562,22.88,-72.688,-1.25,-32.688,-0.001,0.012,-0.013,-0.22,0.31,9.56,-0.17,0.22,-0.24,-0.05,0.08,9.8,0.65,-1.25,0.0,0.0,4.2,2.0,1017.15,67.53,-17.79
2025-03-24 17:43:47.356000+00:00,22.537039394701253,,,,357.25,-0.562,-0.562,22.88,-72.688,-1.25,-32.688,-0.001,0.012,-0.013,-0.22,0.31,9.56,-0.17,0.22,-0.24,-0.05,0.08,9.8,0.65,-1.25,0.0,0.0,4.2,2.0,1017.15,67.53,-17.79
2025-03-24 17:43:48.357000+00:00,22.537039394701253,,,,357.25,-0.375,-0.562,22.88,-72.688,-1.25,-32.688,-0.001,0.012,-0.013,-0.22,0.31,9.56,-0.17,0.22,-0.24,-0.05,0.08,9.8,0.65,-1.25,0.0,0.0,4.2,2.0,1017.15,67.53,-17.79
2025-03-24 17:43:49.491000+00:00,22.537039394701253,,,,357.188,-0.25,-0.438,22.88,-72.688,-1.25,-32.688,-0.001,0.012,-0.013,-0.22,0.31,9.56,-0.17,0.22,-0.24,-0.05,0.08,9.8,0.65,-1.25,0.0,0.0,4.2,2.0,1017.15,67.53,-17.79
2025-03-24 17:43:50.496000+00:00,22.537039394701253,,,,357.125,-0.25,-0.312,22.88,-72.688,-1.25,-32.688,-0.001,0.012,-0.013,-0.22,0.31,9.56,-0.17,0.22,-0.24,-0.05,0.08,9.8,0.65,-1.25,0.0,0.0,4.2,2.0,1017.15,67.53,-17.79
2025-03-24 17:43:51.615000+00:00,22.537039394701253,,,,357.062,-0.25,-0.375,22.88,-72.688,-1.25,-32.688,-0.001,0.012,-0.013,-0.22,0.31,9.56,-0.17,0.22,-0.24,-0.05,0.08,9.8,0.65,-1.25,0.0,0.0,4.2,2.0,1017.15,67.53,-17.79
2025-03-24 17:43:52.381000+00:00,22.537039394701253,,,,357.062,-0.25,-0.375,22.88,-72.688,-1.25,-32.688,-0.001,0.012,-0.013,-0.22,0.31,9.56,-0.17,0.22,-0.24,-0.05,0.08,9.8,0.65,-1.25,0.0,0.0,4.2,2.0,1017.15,67.53,-17.79
2025-03-24 17:43:53.340000+00:00,22.537039394701253,,,,357.062,-0.25,-0.312,22.88,-72.688,-1.25,-32.688,-0.001,0.012,-0.013,-0.22,0.31,9.56,-0.17,0.22,-0.24,-0.05,0.08,9.8,0.65,-1.25,0.0,0.0,4.2,2.0,1017.15,67.53,-17.79
2025-03-24 17:43:54.325000+00:00,22.537039394701253,,,,357.125,-0.25,-0.375,22.88,-72.688,-1.25,-32.688,-0.001,0.012,-0.013,-0.22,0.31,9.56,-0.17,0.22,-0.24,-0.05,0.08,9.8,0.65,-1.25,0.0,0.0,4.2,2.0,1017.15,67.53,-17.79
2025-03-24 17:43:55.324000+00:00,22.537039394701253,,,,356.938,-0.375,-0.438,22.88,-72.688,-1.25,-32.688,-0.001,0.012,-0.013,-0.22,0.31,9.56,-0.17,0.22,-0.24,-0.05,0.08,9.8,0.65,-1.25,0.0,0.0,4.2,2.0,1017.15,67.53,-17.79
2025-03-24 17:43:56.334000+00:00,22.537039394701253,,,,357.125,-0.375,-0.562,22.88,-72.688,-1.25,-32.688,-0.001,0.012,-0.013,-0.22,0.31,9.56,-0.17,0.22,-0.24,-0.05,0.08,9.8,0.65,-1.25,0.0,0.0,4.2,2.0,1017.15,67.53,-17.79
2025-03-24 17:43:57.334000+00:00,22.537039394701253,,,,357.062,-0.375,-0.625,22.88,-72.688,-1.25,-32.688,-0.001,0.012,-0.013,-0.22,0.31,9.56,-0.17,0.22,-0.24,-0.05,0.08,9.8,0.65,-1.25,0.0,0.0,4.2,2.0,1017.15,67.53,-17.79
2025-03-24 17:43:58.435000+00:00,22.537039394701253,,,,357.0,-0.25,-0.5,22.88,-72.688,-1.25,-32.688,-0.001,0.012,-0.013,-0.22,0.31,9.56,-0.17,0.22,-0.24,-0.05,0.08,9.8,0.65,-1.25,0.0,0.0,4.2,2.0,1017.15,67.53,-17.79
2025-03-24 17:43:59.617000+00:00,22.537039394701253,,,,357.062,-0.125,-0.375,22.88,-72.688,-1.25,-32.688,-0.001,0.012,-0.013,-0.22,0.31,9.56,-0.17,0.22,-0.24,-0.05,0.08,9.8,0.65,-1.25,0.0,0.0,4.2,2.0,1017.15,67.53,-17.79
2025-03-24 17:44:00.663000+00:00,22.537039394701253,,,,357.0,-0.125,-0.312,22.88,-72.688,-1.25,-32.688,-0.001,0.012,-0.013,-0.22,0.31,9.56,-0.17,0.22,-0.24,-0.05,0.08,9.8,0.65,-1.25,0.0,0.0,4.2,2.0,1017.15,67.53,-17.79
2025-03-24 17:44:01.694000+00:00,22.537039394701253,,,,357.0,-0.188,-0.312,22.88,-72.688,-1.25,-32.688,-0.001,0.012,-0.013,-0.22,0.31,9.56,-0.17,0.22,-0.24,-0.05,0.08,9.8,0.65,-1.25,0.0,0.0,4.2,2.0,1017.15,67.53,-17.79
2025-03-24 17:44:02.354000+00:00,22.537039394701253,,,,357.0,-0.312,-0.438,22.88,-72.688,-1.25,-32.688,-0.001,0.012,-0.013,-0.22,0.31,9.56,-0.17,0.22,-0.24,-0.05,0.08,9.8,0.65,-1.25,0.0,0.0,4.2,2.0,1017.15,67.53,-17.79
2025-03-24 17:44:03.374000+00:00,22.537039394701253,,,,357.0,-0.312,-0.438,22.88,-72.688,-1.25,-32.688,-0.001,0.012,-0.013,-0.22,0.31,9.56,-0.17,0.22,-0.24,-0.05,0.08,9.8,0.65,-1.25,0.0,0.0,4.2,2.0,1017.15,67.53,-17.79
2025-03-24 17:44:04.374000+00:00,22.537039394701253,,,,356.938,-0.25,-0.438,22.88,-72.688,-1.25,-32.688,-0.001,0.012,-0.013,-0.22,0.31,9.56,-0.17,0.22,-0.24,-0.05,0.08,9.8,0.65,-1.25,0.0,0.0,4.2,2.0,1017.15,67.53,-17.79
2025-03-24 17:44:05.364000+00:00,22.537039394701253,,,,357.0,-0.375,-0.5,22.88,-72.688,-1.25,-32.688,-0.001,0.012,-0.013,-0.22,0.31,9.56,-0.17,0.22,-0.24,-0.05,0.08,9.8,0.65,-1.25,0.0,0.0,4.2,2.0,1017.15,67.53,-17.79
2025-03-24 17:44:06.475000+00:00,22.537039394701253,,,,357.0,-0.312,-0.375,22.88,-72.688,-1.25,-32.688,-0.001,0.012,-0.013,-0.22,0.31,9.56,-0.17,0.22,-0.24,-0.05,0.08,9.8,0.65,-1.25,0.0,0.0,4.2,2.0,1017.15,67.53,-17.79
2025-03-24 17:44:07.423000+00:00,22.537039394701253,,,,357.0,-0.438,-0.375,22.88,-72.688,-1.25,-32.688,-0.001,0.012,-0.013,-0.22,0.31,9.56,-0.17,0.22,-0.24,-0.05,0.08,9.8,0.65,-1.25,0.0,0.0,4.2,2.0,1017.15,67.53,-17.79
2025-03-24 17:44:08.549000+00:00,22.537039394701253,,,,356.938,-0.375,-0.438,22.88,-72.688,-1.25,-32.688,-0.001,0.012,-0.013,-0.22,0.31,9.56,-0.17,0.22,-0.24,-0.05,0.08,9.8,0.65,-1.25,0.0,0.0,4.2,2.0,1017.15,67.53,-17.79
2025-03-24 17:44:09.390000+00:00,22.537039394701253,,,,357.0,-0.375,-0.438,22.88,-72.688,-1.25,-32.688,-0.001,0.012,-0.013,-0.22,0.31,9.56,-0.17,0.22,-0.24,-0.05,0.08,9.8,0.65,-1.25,0.0,0.0,4.2,2.0,1017.15,67.53,-17.79
2025-03-24 17:44:10.391000+00:00,22.537039394701253,,,,357.0,-0.25,-0.438,22.88,-72.688,-1.25,-32.688,-0.001,0.012,-0.013,-0.22,0.31,9.56,-0.17,0.22,-0.24,-0.05,0.08,9.8,0.65,-1.25,0.0,0.0,4.2,2.0,1017.15,67.53,-17.79
2025-03-24 17:44:11.424000+00:00,22.537039394701253,,,,357.0,-0.25,-0.438,22.88,-72.688,-1.25,-32.688,-0.001,0.012,-0.013,-0.22,0.31,9.56,-0.17,0.22,-0.24,-0.05,0.08,9.8,0.65,-1.25,0.0,0.0,4.2,2.0,1017.15,67.53,-17.79
2025-03-24 17:44:12.479000+00:00,22.537039394701253,,,,357.0,-0.25,-0.562,22.88,-72.688,-1.25,-32.688,-0.001,0.012,-0.013,-0.22,0.31,9.56,-0.17,0.22,-0.24,-0.05,0.08,9.8,0.65,-1.25,0.0,0.0,4.2,2.0,1017.15,67.53,-17.79
2025-03-24 17:44:13.530000+00:00,22.537039394701253,,,,357.0,-0.25,-0.438,22.88,-72.688,-1.25,-32.688,-0.001,0.012,-0.013,-0.22,0.31,9.56,-0.17,0.22,-0.24,-0.05,0.08,9.8,0.65,-1.25,0.0,0.0,4.2,2.0,1017.15,67.53,-17.79
2025-03-24 17:44:14.680000+00:00,22.537039394701253,,,,356.875,-0.375,-0.5,22.88,-72.688,-1.25,-32.688,-0.001,0.012,-0.013,-0.22,0.31,9.56,-0.17,0.22,-0.24,-0.05,0.08,9.8,0.65,-1.25,0.0,0.0,4.2,2.0,1017.15,67.53,-17.79
2025-03-24 17:44:15.704000+00:00,22.537039394701253,,,,356.938,-0.312,-0.438,22.88,-72.688,-1.25,-32.688,-0.001,0.012,-0.013,-0.22,0.31,9.56,-0.17,0.22,-0.24,-0.05,0.08,9.8,0.65,-1.25,0.0,0.0,4.2,2.0,1017.15,67.53,-17.79
2025-03-24 17:44:16.763000+00:00,22.537039394701253,,,,356.875,-0.375,-0.438,22.88,-72.688,-1.25,-32.688,-0.001,0.012,-0.013,-0.22,0.31,9.56,-0.17,0.22,-0.24,-0.05,0.08,9.8,0.65,-1.25,0.0,0.0,4.2,2.0,1017.15,67.53,-17.79
2025-03-24 17:43:17.486000+00:00,22.537039394701253,,,,356.875,-0.375,-0.438,22.88,-72.688,-1.25,-32.688,-0.001,0.012,-0.013,-0.22,0.31,9.56,-0.17,0.22,-0.24,-0.05,0.08,9.8,0.65,-1.25,0.0,0.0,4.2,2.0,1017.15,67.53,-17.79
2025-03-24 17:43:17.930000+00:00,22.537039394701253,,,,356.875,-0.375,-0.438,23.0,-72.688,-1.25,-32.688,-0.001,0.012,-0.013,-0.22,0.31,9.56,-0.17,0.22,-0.24,-0.05,0.08,9.8,0.65,-1.25,0.0,0.0,4.2,2.0,1017.15,67.53,-17.79
2025-03-24 17:43:18.490000+00:00,22.537039394701253,,,,356.875,-0.375,-0.438,22.88,-72.688,-1.25,-32.688,-0.001,0.012,-0.013,-0.22,0.31,9.56,-0.17,0.22,-0.24,-0.05,0.08,9.8,0.65,-1.25,0.0,0.0,4.2,2.0,1017.15,67.53,-17.79
2025-03-24 17:43:18.965000+00:00,22.537039394701253,,,,356.875,-0.375,-0.438,23.0,-72.688,-1.25,-32.688,-0.001,0.012,-0.013,-0.22,0.31,9.56,-0.17,0.22,-0.24,-0.05,0.08,9.8,0.65,-1.25,0.0,0.0,4.2,2.0,1017.15,67.53,-17.79
2025-03-24 17:43:19.602000+00:00,22.537039394701253,,,,356.875,-0.375,-0.438,22.88,-72.688,-1.25,-32.688,-0.001,0.012,-0.013,-0.22,0.31,9.56,-0.17,0.22,-0.24,-0.05,0.08,9.8,0.65,-1.25,0.0,0.0,4.2,2.0,1017.15,67.53,-17.79
2025-03-24 17:43:19.951000+00:00,22.537039394701253,,,,356.875,-0.375,-0.438,23.0,-72.688,-1.25,-32.688,-0.001,0.012,-0.013,-0.22,0.31,9.56,-0.17,0.22,-0.24,-0.05,0.08,9.8,0.65,-1.25,0.0,0.0,4.2,2.0,1017.15,67.53,-17.79
2025-03-24 17:43:20.545000+00:00,22.537039394701253,,,,356.875,-0.375,-0.438,22.88,-72.688,-1.25,-32.688,-0.001,0.012,-0.013,-0.22,0.31,9.56,-0.17,0.22,-0.24,-0.05,0.08,9.8,0.65,-1.25,0.0,0.0,4.2,2.0,1017.15,67.53,-17.79
2025-03-24 17:43:20.961000+00:00,22.537039394701253,,,,356.875,-0.375,-0.438,23.0,-72.688,-1.25,-32.688,-0.001,0.012,-0.013,-0.22,0.31,9.56,-0.17,0.22,-0.24,-0.05,0.08,9.8,0.65,-1.25,0.0,0.0,4.2,2.0,1017.15,67.53,-17.79
2025-03-24 17:43:21.532000+00:00,22.537039394701253,,,,356.875,-0.375,-0.438,22.88,-72.688,-1.25,-32.688,-0.001,0.012,-0.013,-0.22,0.31,9.56,-0.17,0.22,-0.24,-0.05,0.08,9.8,0.65,-1.25,0.0,0.0,4.2,2.0,1017.15,67.53,-17.79
2025-03-24 17:43:22.005000+00:00,22.537039394701253,,,,356.875,-0.375,-0.438,23.0,-72.688,-1.25,-32.688,-0.001,0.012,-0.013,-0.22,0.31,9.56,-0.17,0.22,-0.24,-0.05,0.08,9.8,0.65,-1.25,0.0,0.0,4.2,2.0,1017.15,67.53,-17.79
2025-03-24 17:43:22.566000+00:00,22.537039394701253,,,,356.875,-0.375,-0.438,22.88,-72.688,-1.25,-32.688,-0.001,0.012,-0.013,-0.22,0.31,9.56,-0.17,0.22,-0.24,-0.05,0.08,9.8,0.65,-1.25,0.0,0.0,4.2,2.0,1017.15,67.53,-17.79
2025-03-24 17:43:22.983000+00:00,22.537039394701253,,,,356.875,-0.375,-0.438,23.0,-72.688,-1.25,-32.688,-0.001,0.012,-0.013,-0.22,0.31,9.56,-0.17,0.22,-0.24,-0.05,0.08,9.8,0.65,-1.25,0.0,0.0,4.2,2.0,1017.15,67.53,-17.79
2025-03-24 17:43:23.642000+00:00,22.537039394701253,,,,356.875,-0.375,-0.438,22.88,-72.688,-1.25,-32.688,-0.001,0.012,-0.013,-0.22,0.31,9.56,-0.17,0.22,-0.24,-0.05,0.08,9.8,0.65,-1.25,0.0,0.0,4.2,2.0,1017.15,67.53,-17.79
2025-03-24 17:43:23.986000+00:00,22.537039394701253,,,,356.875,-0.375,-0.438,23.0,-72.688,-1.25,-32.688,-0.001,0.012,-0.013,-0.22,0.31,9.56,-0.17,0.22,-0.24,-0.05,0.08,9.8,0.65,-1.25,0.0,0.0,4.2,2.0,1017.15,67.53,-17.79
2025-03-24 17:43:24.776000+00:00,22.537039394701253,,,,356.875,-0.375,-0.438,22.88,-72.688,-1.25,-32.688,-0.001,0.012,-0.013,-0.22,0.31,9.56,-0.17,0.22,-0.24,-0.05,0.08,9.8,0.65,-1.25,0.0,0.0,4.2,2.0,1017.15,67.53,-17.79
2025-03-24 17:43:25.085000+00:00,22.537039394701253,,,,356.875,-0.375,-0.438,23.0,-72.688,-1.25,-32.688,-0.001,0.012,-0.013,-0.22,0.31,9.56,-0.17,0.22,-0.24,-0.05,0.08,9.8,0.65,-1.25,0.0,0.0,4.2,2.0,1017.15,67.53,-17.79
2025-03-24 17:43:25.842000+00:00,22.537039394701253,,,,356.875,-0.375,-0.438,22.88,-72.688,-1.25,-32.688,-0.001,0.012,-0.013,-0.22,0.31,9.56,-0.17,0.22,-0.24,-0.05,0.08,9.8,0.65,-1.25,0.0,0.0,4.2,2.0,1017.15,67.53,-17.79
2025-03-24 17:43:26.112000+00:00,22.537039394701253,,,,356.875,-0.375,-0.438,23.0,-72.688,-1.25,-32.688,-0.001,0.012,-0.013,-0.22,0.31,9.56,-0.17,0.22,-0.24,-0.05,0.08,9.8,0.65,-1.25,0.0,0.0,4.2,2.0,1017.15,67.53,-17.79
2025-03-24 17:43:26.767000+00:00,22.537039394701253,,,,356.875,-0.375,-0.438,22.88,-72.688,-1.25,-32.688,-0.001,0.012,-0.013,-0.22,0.31,9.56,-0.17,0.22,-0.24,-0.05,0.08,9.8,0.65,-1.25,0.0,0.0,4.2,2.0,1017.15,67.53,-17.79
2025-03-24 17:43:27.026000+00:00,22.537039394701253,,,,356.875,-0.375,-0.438,23.0,-72.688,-1.25,-32.688,-0.001,0.012,-0.013,-0.22,0.31,9.56,-0.17,0.22,-0.24,-0.05,0.08,9.8,0.65,-1.25,0.0,0.0,4.2,2.0,1017.15,67.53,-17.79
2025-03-24 17:43:27.905000+00:00,22.537039394701253,,,,356.875,-0.375,-0.438,22.88,-72.688,-1.25,-32.688,-0.001,0.012,-0.013,-0.22,0.31,9.56,-0.17,0.22,-0.24,-0.05,0.08,9.8,0.65,-1.25,0.0,0.0,4.2,2.0,1017.15,67.53,-17.79
2025-03-24 17:43:28.172000+00:00,22.537039394701253,,,,356.875,-0.375,-0.438,23.0,-72.688,-1.25,-32.688,-0.001,0.012,-0.013,-0.22,0.31,9.56,-0.17,0.22,-0.24,-0.05,0.08,9.8,0.65,-1.25,0.0,0.0,4.2,2.0,1017.15,67.53,-17.79
2025-03-24 17:43:29.061000+00:00,22.537039394701253,,,,356.875,-0.375,-0.438,22.88,-72.688,-1.25,-32.688,-0.001,0.012,-0.013,-0.22,0.31,9.56,-0.17,0.22,-0.24,-0.05,0.08,9.8,0.65,-1.25,0.0,0.0,4.2,2.0,1017.15,67.53,-17.79
2025-03-24 17:43:29.342000+00:00,22.537039394701253,,,,356.875,-0.375,-0.438,23.0,-72.688,-1.25,-32.688,-0.001,0.012,-0.013,-0.22,0.31,9.56,-0.17,0.22,-0.24,-0.05,0.08,9.8,0.65,-1.25,0.0,0.0,4.2,2.0,1017.15,67.53,-17.79
2025-03-24 17:43:30.062000+00:00,22.537039394701253,,,,356.875,-0.375,-0.438,23.0,-72.688,-1.25,-32.688,-0.001,0.012,-0.013,-0.22,0.31,9.56,-0.17,0.22,-0.24,-0.05,0.08,9.8,0.65,-1.25,0.0,0.0,4.2,2.0,1017.15,67.53,-17.79
2025-03-24 17:43:30.488000+00:00,22.537039394701253,,,,356.875,-0.375,-0.438,22.88,-72.688,-1.25,-32.688,-0.001,0.012,-0.013,-0.22,0.31,9.56,-0.17,0.22,-0.24,-0.05,0.08,9.8,0.65,-1.25,0.0,0.0,4.2,2.0,1017.15,67.53,-17.79
2025-03-24 17:43:31.056000+00:00,22.537039394701253,,,,356.875,-0.375,-0.438,23.0,-72.688,-1.25,-32.688,-0.001,0.012,-0.013,-0.22,0.31,9.56,-0.17,0.22,-0.24,-0.05,0.08,9.8,0.65,-1.25,0.0,0.0,4.2,2.0,1017.15,67.53,-17.79
2025-03-24 17:43:31.645000+00:00,22.537039394701253,,,,356.875,-0.375,-0.438,22.88,-72.688,-1.25,-32.688,-0.001,0.012,-0.013,-0.22,0.31,9.56,-0.17,0.22,-0.24,-0.05,0.08,9.8,0.65,-1.25,0.0,0.0,4.2,2.0,1017.15,67.53,-17.79
2025-03-24 17:43:32.135000+00:00,22.537039394701253,,,,356.875,-0.375,-0.438,23.0,-72.688,-1.25,-32.688,-0.001,0.012,-0.013,-0.22,0.31,9.56,-0.17,0.22,-0.24,-0.05,0.08,9.8,0.65,-1.25,0.0,0.0,4.2,2.0,1017.15,67.53,-17.79
2025-03-24 17:43:32.732000+00:00,22.537039394701253,,,,356.875,-0.375,-0.438,22.88,-72.688,-1.25,-32.688,-0.001,0.012,-0.013,-0.22,0.31,9.56,-0.17,0.22,-0.24,-0.05,0.08,9.8,0.65,-1.25,0.0,0.0,4.2,2.0,1017.15,67.53,-17.79
2025-03-24 17:43:33.078000+00:00,22.537039394701253,,,,356.875,-0.375,-0.438,23.0,-72.688,-1.25,-32.688,-0.001,0.012,-0.013,-0.22,0.31,9.56,-0.17,0.22,-0.24,-0.05,0.08,9.8,0.65,-1.25,0.0,0.0,4.2,2.0,1017.15,67.53,-17.79
2025-03-24 17:43:33.662000+00:00,22.537039394701253,,,,356.875,-0.375,-0.438,22.88,-72.688,-1.25,-32.688,-0.001,0.012,-0.013,-0.22,0.31,9.56,-0.17,0.22,-0.24,-0.05,0.08,9.8,0.65,-1.25,0.0,0.0,4.2,2.0,1017.15,67.53,-17.79
2025-03-24 17:43:34.096000+00:00,22.537039394701253,,,,356.875,-0.375,-0.438,23.0,-72.688,-1.25,-32.688,-0.001,0.012,-0.013,-0.22,0.31,9.56,-0.17,0.22,-0.24,-0.05,0.08,9.8,0.65,-1.25,0.0,0.0,4.2,2.0,1017.15,67.53,-17.79
2025-03-24 17:43:34.722000+00:00,22.537039394701253,,,,356.875,-0.375,-0.438,22.88,-72.688,-1.25,-32.688,-0.001,0.012,-0.013,-0.22,0.31,9.56,-0.17,0.22,-0.24,-0.05,0.08,9.8,0.65,-1.25,0.0,0.0,4.2,2.0,1017.15,67.53,-17.79
2025-03-24 17:43:35.106000+00:00,22.537039394701253,,,,356.875,-0.375,-0.438,23.0,-72.688,-1.25,-32.688,-0.001,0.012,-0.013,-0.22,0.31,9.56,-0.17,0.22,-0.24,-0.05,0.08,9.8,0.65,-1.25,0.0,0.0,4.2,2.0,1017.15,67.53,-17.79
2025-03-24 17:43:35.921000+00:00,22.537039394701253,,,,356.875,-0.375,-0.438,22.88,-72.688,-1.25,-32.688,-0.001,0.012,-0.013,-0.22,0.31,9.56,-0.17,0.22,-0.24,-0.05,0.08,9.8,0.65,-1.25,0.0,0.0,4.2,2.0,1017.15,67.53,-17.79
2025-03-24 17:43:36.232000+00:00,22.537039394701253,,,,356.875,-0.375,-0.438,23.0,-72.688,-1.25,-32.688,-0.001,0.012,-0.013,-0.22,0.31,9.56,-0.17,0.22,-0.24,-0.05,0.08,9.8,0.65,-1.25,0.0,0.0,4.2,2.0,1017.15,67.53,-17.79
2025-03-24 17:43:36.891000+00:00,22.537039394701253,,,,356.875,-0.375,-0.438,22.88,-72.688,-1.25,-32.688,-0.001,0.012,-0.013,-0.22,0.31,9.56,-0.17,0.22,-0.24,-0.05,0.08,9.8,0.65,-1.25,0.0,0.0,4.2,2.0,1017.15,67.53,-17.79
2025-03-24 17:43:37.166000+00:00,22.537039394701253,,,,356.875,-0.375,-0.438,23.0,-72.688,-1.25,-32.688,-0.001,0.012,-0.013,-0.22,0.31,9.56,-0.17,0.22,-0.24,-0.05,0.08,9.8,0.65,-1.25,0.0,0.0,4.2,2.0,1017.15,67.53,-17.79
2025-03-24 17:43:38.036000+00:00,22.537039394701253,,,,356.875,-0.375,-0.438,22.88,-72.688,-1.25,-32.688,-0.001,0.012,-0.013,-0.22,0.31,9.56,-0.17,0.22,-0.24,-0.05,0.08,9.8,0.65,-1.25,0.0,0.0,4.2,2.0,1017.15,67.53,-17.79
2025-03-24 17:43:38.302000+00:00,22.537039394701253,,,,356.875,-0.375,-0.438,23.0,-72.688,-1.25,-32.688,-0.001,0.012,-0.013,-0.22,0.31,9.56,-0.17,0.22,-0.24,-0.05,0.08,9.8,0.65,-1.25,0.0,0.0,4.2,2.0,1017.15,67.53,-17.79
2025-03-24 17:43:39.156000+00:00,22.537039394701253,,,,356.875,-0.375,-0.438,23.0,-72.688,-1.25,-32.688,-0.001,0.012,-0.013,-0.22,0.31,9.56,-0.17,0.22,-0.24,-0.05,0.08,9.8,0.65,-1.25,0.0,0.0,4.2,2.0,1017.15,67.53,-17.79
2025-03-24 17:43:39.816000+00:00,22.537039394701253,,,,356.875,-0.375,-0.438,22.88,-72.688,-1.25,-32.688,-0.001,0.012,-0.013,-0.22,0.31,9.56,-0.17,0.22,-0.24,-0.05,0.08,9.8,0.65,-1.25,0.0,0.0,4.2,2.0,1017.15,67.53,-17.79
2025-03-24 17:43:40.282000+00:00,22.537039394701253,,,,356.875,-0.375,-0.438,23.0,-72.688,-1.25,-32.688,-0.001,0.012,-0.013,-0.22,0.31,9.56,-0.17,0.22,-0.24,-0.05,0.08,9.8,0.65,-1.25,0.0,0.0,4.2,2.0,1017.15,67.53,-17.79
2025-03-24 17:43:40.870000+00:00,22.537039394701253,,,,356.875,-0.375,-0.438,22.8,-72.688,-1.25,-32.688,-0.001,0.012,-0.013,-0.22,0.31,9.56,-0.17,0.22,-0.24,-0.05,0.08,9.8,0.65,-1.25,0.0,0.0,4.2,2.0,1017.15,67.53,-17.79
2025-03-24 17:43:41.325000+00:00,22.537039394701253,,,,356.875,-0.375,-0.438,23.0,-72.688,-1.25,-32.688,-0.001,0.012,-0.013,-0.22,0.31,9.56,-0.17,0.22,-0.24,-0.05,0.08,9.8,0.65,-1.25,0.0,0.0,4.2,2.0,1017.15,67.53,-17.79
2025-03-24 17:43:41.821000+00:00,22.537039394701253,,,,356.875,-0.375,-0.438,22.8,-72.688,-1.25,-32.688,-0.001,0.012,-0.013,-0.22,0.31,9.56,-0.17,0.22,-0.24,-0.05,0.08,9.8,0.65,-1.25,0.0,0.0,4.2,2.0,1017.15,67.53,-17.79
2025-03-24 17:43:42.336000+00:00,22.537039394701253,,,,356.875,-0.375,-0.438,23.0,-72.688,-1.25,-32.688,-0.001,0.012,-0.013,-0.22,0.31,9.56,-0.17,0.22,-0.24,-0.05,0.08,9.8,0.65,-1.25,0.0,0.0,4.2,2.0,1017.15,67.53,-17.79
2025-03-24 17:43:42.746000+00:00,22.537039394701253,,,,356.875,-0.375,-0.438,22.8,-72.688,-1.25,-32.688,-0.001,0.012,-0.013,-0.22,0.31,9.56,-0.17,0.22,-0.24,-0.05,0.08,9.8,0.65,-1.25,0.0,0.0,4.2,2.0,1017.15,67.53,-17.79
2025-03-24 17:43:43.332000+00:00,22.537039394701253,,,,356.875,-0.375,-0.438,23.0,-72.688,-1.25,-32.688,-0.001,0.012,-0.013,-0.22,0.31,9.56,-0.17,0.22,-0.24,-0.05,0.08,9.8,0.65,-1.25,0.0,0.0,4.2,2.0,1017.15,67.53,-17.79
2025-03-24 17:43:43.811000+00:00,22.537039394701253,,,,356.875,-0.375,-0.438,22.8,-72.688,-1.25,-32.688,-0.001,0.012,-0.013,-0.22,0.31,9.56,-0.17,0.22,-0.24,-0.05,0.08,9.8,0.65,-1.25,0.0,0.0,4.2,2.0,1017.15,67.53,-17.79
2025-03-24 17:43:44.332000+00:00,22.537039394701253,,,,356.875,-0.375,-0.438,23.0,-72.688,-1.25,-32.688,-0.001,0.012,-0.013,-0.22,0.31,9.56,-0.17,0.22,-0.24,-0.05,0.08,9.8,0.65,-1.25,0.0,0.0,4.2,2.0,1017.15,67.53,-17.79
2025-03-24 17:43:44.771000+00:00,22.537039394701253,,,,356.875,-0.375,-0.438,22.8,-72.688,-1.25,-32.688,-0.001,0.012,-0.013,-0.22,0.31,9.56,-0.17,0.22,-0.24,-0.05,0.08,9.8,0.65,-1.25,0.0,0.0,4.2,2.0,1017.15,67.53,-17.79
2025-03-24 17:43:45.345000+00:00,22.537039394701253,,,,356.875,-0.375,-0.438,23.0,-72.688,-1.25,-32.688,-0.001,0.012,-0.013,-0.22,0.31,9.56,-0.17,0.22,-0.24,-0.05,0.08,9.8,0.65,-1.25,0.0,0.0,4.2,2.0,1017.15,67.53,-17.79
2025-03-24 17:43:45.766000+00:00,22.537039394701253,,,,356.875,-0.375,-0.438,22.8,-72.688,-1.25,-32.688,-0.001,0.012,-0.013,-0.22,0.31,9.56,-0.17,0.22,-0.24,-0.05,0.08,9.8,0.65,-1.25,0.0,0.0,4.2,2.0,1017.15,67.53,-17.79
2025-03-24 17:43:46.359000+00:00,22.537039394701253,,,,356.875,-0.375,-0.438,23.0,-72.688,-1.25,-32.688,-0.001,0.012,-0.013,-0.22,0.31,9.56,-0.17,0.22,-0.24,-0.05,0.08,9.8,0.65,-1.25,0.0,0.0,4.2,2.0,1017.15,67.53,-17.79
2025-03-24 17:43:46.986000+00:00,22.537039394701253,,,,356.875,-0.375,-0.438,22.8,-72.688,-1.25,-32.688,-0.001,0.012,-0.013,-0.22,0.31,9.56,-0.17,0.22,-0.24,-0.05,0.08,9.8,0.65,-1.25,0.0,0.0,4.2,2.0,1017.15,67.53,-17.79
2025-03-24 17:43:47.412000+00:00,22.537039394701253,,,,356.875,-0.375,-0.438,23.0,-72.688,-1.25,-32.688,-0.001,0.012,-0.013,-0.22,0.31,9.56,-0.17,0.22,-0.24,-0.05,0.08,9.8,0.65,-1.25,0.0,0.0,4.2,2.0,1017.15,67.53,-17.79
2025-03-24 17:43:47.961000+00:00,22.537039394701253,,,,356.875,-0.375,-0.438,22.8,-72.688,-1.25,-32.688,-0.001,0.012,-0.013,-0.22,0.31,9.56,-0.17,0.22,-0.24,-0.05,0.08,9.8,0.65,-1.25,0.0,0.0,4.2,2.0,1017.15,67.53,-17.79
2025-03-24 17:43:48.406000+00:00,22.537039394701253,,,,356.875,-0.375,-0.438,23.0,-72.688,-1.25,-32.688,-0.001,0.012,-0.013,-0.22,0.31,9.56,-0.17,0.22,-0.24,-0.05,0.08,9.8,0.65,-1.25,0.0,0.0,4.2,2.0,1017.15,67.53,-17.79
2025-03-24 17:43:48.991000+00:00,22.537039394701253,,,,356.875,-0.375,-0.438,22.8,-72.688,-1.25,-32.688,-0.001,0.012,-0.013,-0.22,0.31,9.56,-0.17,0.22,-0.24,-0.05,0.08,9.8,0.65,-1.25,0.0,0.0,4.2,2.0,1017.15,67.53,-17.79
2025-03-24 17:43:49.552000+00:00,22.537039394701253,,,,356.875,-0.375,-0.438,23.0,-72.688,-1.25,-32.688,-0.001,0.012,-0.013,-0.22,0.31,9.56,-0.17,0.22,-0.24,-0.05,0.08,9.8,0.65,-1.25,0.0,0.0,4.2,2.0,1017.15,67.53,-17.79
2025-03-24 17:43:50.135000+00:00,22.537039394701253,,,,356.875,-0.375,-0.438,22.8,-72.688,-1.25,-32.688,-0.001,0.012,-0.013,-0.22,0.31,9.56,-0.17,0.22,-0.24,-0.05,0.08,9.8,0.65,-1.25,0.0,0.0,4.2,2.0,1017.15,67.53,-17.79
2025-03-24 17:43:50.554000+00:00,22.537039394701253,,,,356.875,-0.375,-0.438,23.0,-72.688,-1.25,-32.688,-0.001,0.012,-0.013,-0.22,0.31,9.56,-0.17,0.22,-0.24,-0.05,0.08,9.8,0.65,-1.25,0.0,0.0,4.2,2.0,1017.15,67.53,-17.79
2025-03-24 17:43:51.404000+00:00,22.537039394701253,,,,356.875,-0.375,-0.438,22.8,-72.688,-1.25,-32.688,-0.001,0.012,-0.013,-0.22,0.31,9.56,-0.17,0.22,-0.24,-0.05,0.08,9.8,0.65,-1.25,0.0,0.0,4.2,2.0,1017.15,67.53,-17.79
2025-03-24 17:43:51.665000+00:00,22.537039394701253,,,,356.875,-0.375,-0.438,23.0,-72.688,-1.25,-32.688,-0.001,0.012,-0.013,-0.22,0.31,9.56,-0.17,0.22,-0.24,-0.05,0.08,9.8,0.65,-1.25,0.0,0.0,4.2,2.0,1017.15,67.53,-17.79
2025-03-24 17:43:52.442000+00:00,22.537039394701253,,,,356.875,-0.375,-0.438,23.0,-72.688,-1.25,-32.688,-0.001,0.012,-0.013,-0.22,0.31,9.56,-0.17,0.22,-0.24,-0.05,0.08,9.8,0.65,-1.25,0.0,0.0,4.2,2.0,1017.15,67.53,-17.79
2025-03-24 17:43:52.905000+00:00,22.537039394701253,,,,356.875,-0.375,-0.438,22.8,-72.688,-1.25,-32.688,-0.001,0.012,-0.013,-0.22,0.31,9.56,-0.17,0.22,-0.24,-0.05,0.08,9.8,0.65,-1.25,0.0,0.0,4.2,2.0,1017.15,67.53,-17.79
2025-03-24 17:43:53.394000+00:00,22.537039394701253,,,,356.875,-0.375,-0.438,23.0,-72.688,-1.25,-32.688,-0.001,0.012,-0.013,-0.22,0.31,9.56,-0.17,0.22,-0.24,-0.05,0.08,9.8,0.65,-1.25,0.0,0.0,4.2,2.0,1017.15,67.53,-17.79
2025-03-24 17:43:53.815000+00:00,22.537039394701253,,,,356.875,-0.375,-0.438,22.8,-72.688,-1.25,-32.688,-0.001,0.012,-0.013,-0.22,0.31,9.56,-0.17,0.22,-0.24,-0.05,0.08,9.8,0.65,-1.25,0.0,0.0,4.2,2.0,1017.15,67.53,-17.79
2025-03-24 17:43:54.375000+00:00,22.537039394701253,,,,356.875,-0.375,-0.438,23.0,-72.688,-1.25,-32.688,-0.001,0.012,-0.013,-0.22,0.31,9.56,-0.17,0.22,-0.24,-0.05,0.08,9.8,0.65,-1.25,0.0,0.0,4.2,2.0,1017.15,67.53,-17.79
2025-03-24 17:43:54.805000+00:00,22.537039394701253,,,,356.875,-0.375,-0.438,22.8,-72.688,-1.25,-32.688,-0.001,0.012,-0.013,-0.22,0.31,9.56,-0.17,0.22,-0.24,-0.05,0.08,9.8,0.65,-1.25,0.0,0.0,4.2,2.0,1017.15,67.53,-17.79
2025-03-24 17:43:55.375000+00:00,22.537039394701253,,,,356.875,-0.375,-0.438,23.0,-72.688,-1.25,-32.688,-0.001,0.012,-0.013,-0.22,0.31,9.56,-0.17,0.22,-0.24,-0.05,0.08,9.8,0.65,-1.25,0.0,0.0,4.2,2.0,1017.15,67.53,-17.79
2025-03-24 17:43:55.802000+00:00,22.537039394701253,,,,356.875,-0.375,-0.438,22.8,-72.688,-1.25,-32.688,-0.001,0.012,-0.013,-0.22,0.31,9.56,-0.17,0.22,-0.24,-0.05,0.08,9.8,0.65,-1.25,0.0,0.0,4.2,2.0,1017.15,67.53,-17.79
2025-03-24 17:43:56.385000+00:00,22.537039394701253,,,,356.875,-0.375,-0.438,23.0,-72.688,-1.25,-32.688,-0.001,0.012,-0.013,-0.22,0.31,9.56,-0.17,0.22,-0.24,-0.05,0.08,9.8,0.65,-1.25,0.0,0.0,4.2,2.0,1017.15,67.53,-17.79
2025-03-24 17:43:56.931000+00:00,22.537039394701253,,,,356.875,-0.375,-0.438,22.8,-72.688,-1.25,-32.688,-0.001,0.012,-0.013,-0.22,0.31,9.56,-0.17,0.22,-0.24,-0.05,0.08,9.8,0.65,-1.25,0.0,0.0,4.2,2.0,1017.15,67.53,-17.79
2025-03-24 17:43:57.385000+00:00,22.537039394701253,,,,356.875,-0.375,-0.438,23.0,-72.688,-1.25,-32.688,-0.001,0.012,-0.013,-0.22,0.31,9.56,-0.17,0.22,-0.24,-0.05,0.08,9.8,0.65,-1.25,0.0,0.0,4.2,2.0,1017.15,67.53,-17.79
2025-03-24 17:43:58.064000+00:00,22.537039394701253,,,,356.875,-0.375,-0.438,22.8,-72.688,-1.25,-32.688,-0.001,0.012,-0.013,-0.22,0.31,9.56,-0.17,0.22,-0.24,-0.05,0.08,9.8,0.65,-1.25,0.0,0.0,4.2,2.0,1017.15,67.53,-17.79
2025-03-24 17:43:58.484000+00:00,22.537039394701253,,,,356.875,-0.375,-0.438,23.0,-72.688,-1.25,-32.688,-0.001,0.012,-0.013,-0.22,0.31,9.56,-0.17,0.22,-0.24,-0.05,0.08,9.8,0.65,-1.25,0.0,0.0,4.2,2.0,1017.15,67.53,-17.79
2025-03-24 17:43:59.214000+00:00,22.537039394701253,,,,356.875,-0.375,-0.438,22.8,-72.688,-1.25,-32.688,-0.001,0.012,-0.013,-0.22,0.31,9.56,-0.17,0.22,-0.24,-0.05,0.08,9.8,0.65,-1.25,0.0,0.0,4.2,2.0,1017.15,67.53,-17.79
2025-03-24 17:43:59.665000+00:00,22.537039394701253,,,,356.875,-0.375,-0.438,23.0,-72.688,-1.25,-32.688,-0.001,0.012,-0.013,-0.22,0.31,9.56,-0.17,0.22,-0.24,-0.05,0.08,9.8,0.65,-1.25,0.0,0.0,4.2,2.0,1017.15,67.53,-17.79
2025-03-24 17:44:00.245000+00:00,22.537039394701253,,,,356.875,-0.375,-0.438,22.8,-72.688,-1.25,-32.688,-0.001,0.012,-0.013,-0.22,0.31,9.56,-0.17,0.22,-0.24,-0.05,0.08,9.8,0.65,-1.25,0.0,0.0,4.2,2.0,1017.15,67.53,-17.79
2025-03-24 17:44:00.715000+00:00,22.537039394701253,,,,356.875,-0.375,-0.438,23.0,-72.688,-1.25,-32.688,-0.001,0.012,-0.013,-0.22,0.31,9.56,-0.17,0.22,-0.24,-0.05,0.08,9.8,0.65,-1.25,0.0,0.0,4.2,2.0,1017.15,67.53,-17.79
2025-03-24 17:44:01.460000+00:00,22.537039394701253,,,,356.875,-0.375,-0.438,22.8,-72.688,-1.25,-32.688,-0.001,0.012,-0.013,-0.22,0.31,9.56,-0.17,0.22,-0.24,-0.05,0.08,9.8,0.65,-1.25,0.0,0.0,4.2,2.0,1017.15,67.53,-17.79
2025-03-24 17:44:01.745000+00:00,22.537039394701253,,,,356.875,-0.375,-0.438,23.0,-72.688,-1.25,-32.688,-0.001,0.012,-0.013,-0.22,0.31,9.56,-0.17,0.22,-0.24,-0.05,0.08,9.8,0.65,-1.25,0.0,0.0,4.2,2.0,1017.15,67.53,-17.79
2025-03-24 17:44:02.404000+00:00,22.537039394701253,,,,356.875,-0.375,-0.438,23.0,-72.688,-1.25,-32.688,-0.001,0.012,-0.013,-0.22,0.31,9.56,-0.17,0.22,-0.24,-0.05,0.08,9.8,0.65,-1.25,0.0,0.0,4.2,2.0,1017.15,67.53,-17.79
2025-03-24 17:44:02.850000+00:00,22.537039394701253,,,,356.875,-0.375,-0.438,22.8,-72.688,-1.25,-32.688,-0.001,0.012,-0.013,-0.22,0.31,9.56,-0.17,0.22,-0.24,-0.05,0.08,9.8,0.65,-1.25,0.0,0.0,4.2,2.0,1017.15,67.53,-17.79
2025-03-24 17:44:03.424000+00:00,22.537039394701253,,,,356.875,-0.375,-0.438,23.0,-72.688,-1.25,-32.688,-0.001,0.012,-0.013,-0.22,0.31,9.56,-0.17,0.22,-0.24,-0.05,0.08,9.8,0.65,-1.25,0.0,0.0,4.2,2.0,1017.15,67.53,-17.79
2025-03-24 17:44:03.860000+00:00,22.537039394701253,,,,356.875,-0.375,-0.438,22.8,-72.688,-1.25,-32.688,-0.001,0.012,-0.013,-0.22,0.31,9.56,-0.17,0.22,-0.24,-0.05,0.08,9.8,0.65,-1.25,0.0,0.0,4.2,2.0,1017.15,67.53,-17.79
2025-03-24 17:44:04.424000+00:00,22.537039394701253,,,,356.875,-0.375,-0.438,23.0,-72.688,-1.25,-32.688,-0.001,0.012,-0.013,-0.22,0.31,9.56,-0.17,0.22,-0.24,-0.05,0.08,9.8,0.65,-1.25,0.0,0.0,4.2,2.0,1017.15,67.53,-17.79
2025-03-24 17:44:04.855000+00:00,22.537039394701253,,,,356.875,-0.375,-0.438,22.8,-72.688,-1.25,-32.688,-0.001,0.012,-0.013,-0.22,0.31,9.56,-0.17,0.22,-0.24,-0.05,0.08,9.8,0.65,-1.25,0.0,0.0,4.2,2.0,1017.15,67.53,-17.79
2025-03-24 17:44:05.414000+00:00,22.537039394701253,,,,356.875,-0.375,-0.438,23.0,-72.688,-1.25,-32.688,-0.001,0.012,-0.013,-0.22,0.31,9.56,-0.17,0.22,-0.24,-0.05,0.08,9.8,0.65,-1.25,0.0,0.0,4.2,2.0,1017.15,67.53,-17.79
2025-03-24 17:44:05.888000+00:00,22.537039394701253,,,,356.875,-0.375,-0.438,22.8,-72.688,-1.25,-32.688,-0.001,0.012,-0.013,-0.22,0.31,9.56,-0.17,0.22,-0.24,-0.05,0.08,9.8,0.65,-1.25,0.0,0.0,4.2,2.0,1017.15,67.53,-17.79
2025-03-24 17:44:06.524000+00:00,22.537039394701253,,,,356.875,-0.375,-0.438,23.0,-72.688,-1.25,-32.688,-0.001,0.012,-0.013,-0.22,0.31,9.56,-0.17,0.22,-0.24,-0.05,0.08,9.8,0.65,-1.25,0.0,0.0,4.2,2.0,1017.15,67.53,-17.79
2025-03-24 17:44:07.040000+00:00,22.537039394701253,,,,356.875,-0.375,-0.438,22.8,-72.688,-1.25,-32.688,-0.001,0.012,-0.013,-0.22,0.31,9.56,-0.17,0.22,-0.24,-0.05,0.08,9.8,0.65,-1.25,0.0,0.0,4.2,2.0,1017.15,67.53,-17.79
2025-03-24 17:44:07.480000+00:00,22.537039394701253,,,,356.875,-0.375,-0.438,23.0,-72.688,-1.25,-32.688,-0.001,0.012,-0.013,-0.22,0.31,9.56,-0.17,0.22,-0.24,-0.05,0.08,9.8,0.65,-1.25,0.0,0.0,4.2,2.0,1017.15,67.53,-17.79
2025-03-24 17:44:08.178000+00:00,22.537039394701253,,,,356.875,-0.375,-0.438,22.8,-72.688,-1.25,-32.688,-0.001,0.012,-0.013,-0.22,0.31,9.56,-0.17,0.22,-0.24,-0.05,0.08,9.8,0.65,-1.25,0.0,0.0,4.2,2.0,1017.15,67.53,-17.79
2025-03-24 17:44:08.607000+00:00,22.537039394701253,,,,356.875,-0.375,-0.438,23.0,-72.688,-1.25,-32.688,-0.001,0.012,-0.013,-0.22,0.31,9.56,-0.17,0.22,-0.24,-0.05,0.08,9.8,0.65,-1.25,0.0,0.0,4.2,2.0,1017.15,67.53,-17.79
2025-03-24 17:44:09.444000+00:00,22.537039394701253,,,,356.875,-0.375,-0.438,23.0,-72.688,-1.25,-32.688,-0.001,0.012,-0.013,-0.22,0.31,9.56,-0.17,0.22,-0.24,-0.05,0.08,9.8,0.65,-1.25,0.0,0.0,4.2,2.0,1017.15,67.53,-17.79
2025-03-24 17:44:09.889000+00:00,22.537039394701253,,,,356.875,-0.375,-0.438,22.8,-72.688,-1.25,-32.688,-0.001,0.012,-0.013,-0.22,0.31,9.56,-0.17,0.22,-0.24,-0.05,0.08,9.8,0.65,-1.25,0.0,0.0,4.2,2.0,1017.15,67.53,-17.79
2025-03-24 17:44:10.450000+00:00,22.537039394701253,,,,356.875,-0.375,-0.438,23.0,-72.688,-1.25,-32.688,-0.001,0.012,-0.013,-0.22,0.31,9.56,-0.17,0.22,-0.24,-0.05,0.08,9.8,0.65,-1.25,0.0,0.0,4.2,2.0,1017.15,67.53,-17.79
2025-03-24 17:44:10.920000+00:00,22.537039394701253,,,,356.875,-0.375,-0.438,22.8,-72.688,-1.25,-32.688,-0.001,0.012,-0.013,-0.22,0.31,9.56,-0.17,0.22,-0.24,-0.05,0.08,9.8,0.65,-1.25,0.0,0.0,4.2,2.0,1017.15,67.53,-17.79
2025-03-24 17:44:11.474000+00:00,22.537039394701253,,,,356.875,-0.375,-0.438,23.0,-72.688,-1.25,-32.688,-0.001,0.012,-0.013,-0.22,0.31,9.56,-0.17,0.22,-0.24,-0.05,0.08,9.8,0.65,-1.25,0.0,0.0,4.2,2.0,1017.15,67.53,-17.79
2025-03-24 17:44:12.070000+00:00,22.537039394701253,,,,356.875,-0.375,-0.438,22.8,-72.688,-1.25,-32.688,-0.001,0.012,-0.013,-0.22,0.31,9.56,-0.17,0.22,-0.24,-0.05,0.08,9.8,0.65,-1.25,0.0,0.0,4.2,2.0,1017.15,67.53,-17.79
2025-03-24 17:44:12.540000+00:00,22.537039394701253,,,,356.875,-0.375,-0.438,23.0,-72.688,-1.25,-32.688,-0.001,0.012,-0.013,-0.22,0.31,9.56,-0.17,0.22,-0.24,-0.05,0.08,9.8,0.65,-1.25,0.0,0.0,4.2,2.0,1017.15,67.53,-17.79
2025-03-24 17:44:13.154000+00:00,22.537039394701253,,,,356.875,-0.375,-0.438,22.8,-72.688,-1.25,-32.688,-0.001,0.012,-0.013,-0.22,0.31,9.56,-0.17,0.22,-0.24,-0.05,0.08,9.8,0.65,-1.25,0.0,0.0,4.2,2.0,1017.15,67.53,-17.79
2025-03-24 17:44:13.586000+00:00,22.537039394701253,,,,356.875,-0.375,-0.438,23.0,-72.688,-1.25,-32.688,-0.001,0.012,-0.013,-0.22,0.31,9.56,-0.17,0.22,-0.24,-0.05,0.08,9.8,0.65,-1.25,0.0,0.0,4.2,2.0,1017.15,67.53,-17.79
2025-03-24 17:44:14.300000+00:00,22.537039394701253,,,,356.875,-0.375,-0.438,22.8,-72.688,-1.25,-32.688,-0.001,0.012,-0.013,-0.22,0.31,9.56,-0.17,0.22,-0.24,-0.05,0.08,9.8,0.65,-1.25,0.0,0.0,4.2,2.0,1017.15,67.53,-17.79
2025-03-24 17:44:14.733000+00:00,22.537039394701253,,,,356.875,-0.375,-0.438,23.0,-72.688,-1.25,-32.688,-0.001,0.012,-0.013,-0.22,0.31,9.56,-0.17,0.22,-0.24,-0.05,0.08,9.8,0.65,-1.25,0.0,0.0,4.2,2.0,1017.15,67.53,-17.79
2025-03-24 17:44:15.347000+00:00,22.537039394701253,,,,356.875,-0.375,-0.438,22.8,-72.688,-1.25,-32.688,-0.001,0.012,-0.013,-0.22,0.31,9.56,-0.17,0.22,-0.24,-0.05,0.08,9.8,0.65,-1.25,0.0,0.0,4.2,2.0,1017.15,67.53,-17.79
2025-03-24 17:44:15.758000+00:00,22.537039394701253,,,,356.875,-0.375,-0.438,23.0,-72.688,-1.25,-32.688,-0.001,0.012,-0.013,-0.22,0.31,9.56,-0.17,0.22,-0.24,-0.05,0.08,9.8,0.65,-1.25,0.0,0.0,4.2,2.0,1017.15,67.53,-17.79
2025-03-24 17:44:16.563000+00:00,22.537039394701253,,,,356.875,-0.375,-0.438,22.8,-72.688,-1.25,-32.688,-0.001,0.012,-0.013,-0.22,0.31,9.56,-0.17,0.22,-0.24,-0.05,0.08,9.8,0.65,-1.25,0.0,0.0,4.2,2.0,1017.15,67.53,-17.79
2025-03-24 17:44:16.813000+00:00,22.537039394701253,,,,356.875,-0.375,-0.438,23.0,-72.688,-1.25,-32.688,-0.001,0.012,-0.013,-0.22,0.31,9.56,-0.17,0.22,-0.24,-0.05,0.08,9.8,0.65,-1.25,0.0,0.0,4.2,2.0,1017.15,67.53,-17.79
2025-03-24 17:43:17.979000+00:00,22.537039394701253,,,,356.875,-0.375,-0.438,23.0,-72.688,-1.25,-32.688,-0.001,0.012,-0.013,-0.22,0.31,9.56,-0.17,0.22,-0.24,-0.05,0.08,9.8,0.65,-1.25,0.0,0.0,4.2,2.0,1017.15,67.53,-17.79
2025-03-24 17:43:19.021000+00:00,22.537039394701253,,,,356.875,-0.375,-0.438,23.0,-123.0,3.188,1.375,-0.001,0.012,-0.013,-0.22,0.31,9.56,-0.17,0.22,-0.24,-0.05,0.08,9.8,0.65,-1.25,0.0,0.0,4.2,2.0,1017.15,67.53,-17.79
2025-03-24 17:43:19.995000+00:00,22.537039394701253,,,,356.875,-0.375,-0.438,23.0,-68.062,-9.875,-28.375,-0.001,0.012,-0.013,-0.22,0.31,9.56,-0.17,0.22,-0.24,-0.05,0.08,9.8,0.65,-1.25,0.0,0.0,4.2,2.0,1017.15,67.53,-17.79
2025-03-24 17:43:21.005000+00:00,22.537039394701253,,,,356.875,-0.375,-0.438,23.0,-73.0,-1.062,-33.688,-0.001,0.012,-0.013,-0.22,0.31,9.56,-0.17,0.22,-0.24,-0.05,0.08,9.8,0.65,-1.25,0.0,0.0,4.2,2.0,1017.15,67.53,-17.79
2025-03-24 17:43:22.055000+00:00,22.537039394701253,,,,356.875,-0.375,-0.438,23.0,-118.062,6.688,-5.062,-0.001,0.012,-0.013,-0.22,0.31,9.56,-0.17,0.22,-0.24,-0.05,0.08,9.8,0.65,-1.25,0.0,0.0,4.2,2.0,1017.15,67.53,-17.79
2025-03-24 17:43:23.036000+00:00,22.537039394701253,,,,356.875,-0.375,-0.438,23.0,-66.75,-11.25,-28.25,-0.001,0.012,-0.013,-0.22,0.31,9.56,-0.17,0.22,-0.24,-0.05,0.08,9.8,0.65,-1.25,0.0,0.0,4.2,2.0,1017.15,67.53,-17.79
2025-03-24 17:43:24.041000+00:00,22.537039394701253,,,,356.875,-0.375,-0.438,23.0,-73.188,-0.75,-33.75,-0.001,0.012,-0.013,-0.22,0.31,9.56,-0.17,0.22,-0.24,-0.05,0.08,9.8,0.65,-1.25,0.0,0.0,4.2,2.0,1017.15,67.53,-17.79
2025-03-24 17:43:25.142000+00:00,22.537039394701253,,,,356.875,-0.375,-0.438,23.0,-125.062,-2.5,0.25,-0.001,0.012,-0.013,-0.22,0.31,9.56,-0.17,0.22,-0.24,-0.05,0.08,9.8,0.65,-1.25,0.0,0.0,4.2,2.0,1017.15,67.53,-17.79
2025-03-24 17:43:26.165000+00:00,22.537039394701253,,,,356.875,-0.375,-0.438,23.0,-75.562,-7.062,-29.688,-0.001,0.012,-0.013,-0.22,0.31,9.56,-0.17,0.22,-0.24,-0.05,0.08,9.8,0.65,-1.25,0.0,0.0,4.2,2.0,1017.15,67.53,-17.79
2025-03-24 17:43:27.083000+00:00,22.537039394701253,,,,356.875,-0.375,-0.438,23.0,-59.25,-4.75,-34.75,-0.001,0.012,-0.013,-0.22,0.31,9.56,-0.17,0.22,-0.24,-0.05,0.08,9.8,0.65,-1.25,0.0,0.0,4.2,2.0,1017.15,67.53,-17.79
2025-03-24 17:43:28.235000+00:00,22.537039394701253,,,,356.875,-0.375,-0.438,23.0,-112.062,-7.062,-15.688,-0.001,0.012,-0.013,-0.22,0.31,9.56,-0.17,0.22,-0.24,-0.05,0.08,9.8,0.65,-1.25,0.0,0.0,4.2,2.0,1017.15,67.53,-17.79
2025-03-24 17:43:29.400000+00:00,22.537039394701253,,,,356.875,-0.375,-0.438,23.0,-94.062,-1.0,-23.562,-0.001,0.012,-0.013,-0.22,0.31,9.56,-0.17,0.22,-0.24,-0.05,0.08,9.8,0.65,-1.25,0.0,0.0,4.2,2.0,1017.15,67.53,-17.79
2025-03-24 17:43:30.112000+00:00,22.537039394701253,,,,356.875,-0.375,-0.438,23.0,-59.062,-12.062,-32.062,-0.001,0.012,-0.013,-0.22,0.31,9.56,-0.17,0.22,-0.24,-0.05,0.08,9.8,0.65,-1.25,0.0,0.0,4.2,2.0,1017.15,67.53,-17.79
2025-03-24 17:43:31.105000+00:00,22.537039394701253,,,,356.875,-0.375,-0.438,23.0,-94.75,-3.75,-27.062,-0.001,0.012,-0.013,-0.22,0.31,9.56,-0.17,0.22,-0.24,-0.05,0.08,9.8,0.65,-1.25,0.0,0.0,4.2,2.0,1017.15,67.53,-17.79
2025-03-24 17:43:32.191000+00:00,22.537039394701253,,,,356.875,-0.375,-0.438,23.0,-111.25,2.875,-13.562,-0.001,0.012,-0.013,-0.22,0.31,9.56,-0.17,0.22,-0.24,-0.05,0.08,9.8,0.65,-1.25,0.0,0.0,4.2,2.0,1017.15,67.53,-17.79
2025-03-24 17:43:33.125000+00:00,22.537039394701253,,,,356.875,-0.375,-0.438,23.0,-65.5,-12.688,-29.25,-0.001,0.012,-0.013,-0.22,0.31,9.56,-0.17,0.22,-0.24,-0.05,0.08,9.8,0.65,-1.25,0.0,0.0,4.2,2.0,1017.15,67.53,-17.79
2025-03-24 17:43:34.152000+00:00,22.537039394701253,,,,356.875,-0.375,-0.438,23.0,-71.062,-2.688,-34.0,-0.001,0.012,-0.013,-0.22,0.31,9.56,-0.17,0.22,-0.24,-0.05,0.08,9.8,0.65,-1.25,0.0,0.0,4.2,2.0,1017.15,67.53,-17.79
2025-03-24 17:43:35.156000+00:00,22.537039394701253,,,,356.875,-0.375,-0.438,23.0,-121.75,-6.875,-6.562,-0.001,0.012,-0.013,-0.22,0.31,9.56,-0.17,0.22,-0.24,-0.05,0.08,9.8,0.65,-1.25,0.0,0.0,4.2,2.0,1017.15,67.53,-17.79
2025-03-24 17:43:36.290000+00:00,22.537039394701253,,,,356.875,-0.375,-0.438,23.0,-93.75,-2.5,-24.188,-0.001,0.012,-0.013,-0.22,0.31,9.56,-0.17,0.22,-0.24,-0.05,0.08,9.8,0.65,-1.25,0.0,0.0,4.2,2.0,1017.15,67.53,-17.79
2025-03-24 17:43:37.231000+00:00,22.537039394701253,,,,356.875,-0.375,-0.438,23.0,-64.0,-12.75,-29.062,-0.001,0.012,-0.013,-0.22,0.31,9.56,-0.17,0.22,-0.24,-0.05,0.08,9.8,0.65,-1.25,0.0,0.0,4.2,2.0,1017.15,67.53,-17.79
2025-03-24 17:43:38.356000+00:00,22.537039394701253,,,,356.875,-0.375,-0.438,23.0,-73.062,-2.688,-33.688,-0.001,0.012,-0.013,-0.22,0.31,9.56,-0.17,0.22,-0.24,-0.05,0.08,9.8,0.65,-1.25,0.0,0.0,4.2,2.0,1017.15,67.53,-17.79
2025-03-24 17:43:39.205000+00:00,22.537039394701253,,,,356.875,-0.375,-0.438,23.0,-120.875,-5.25,-8.75,-0.001,0.012,-0.013,-0.22,0.31,9.56,-0.17,0.22,-0.24,-0.05,0.08,9.8,0.65,-1.25,0.0,0.0,4.2,2.0,1017.15,67.53,-17.79
2025-03-24 17:43:40.341000+00:00,22.537039394701253,,,,356.875,-0.375,-0.438,23.0,-94.75,-2.0,-28.062,-0.001,0.012,-0.013,-0.22,0.31,9.56,-0.17,0.22,-0.24,-0.05,0.08,9.8,0.65,-1.25,0.0,0.0,4.2,2.0,1017.15,67.53,-17.79
2025-03-24 17:43:41.377000+00:00,22.537039394701253,,,,356.875,-0.375,-0.438,23.0,-63.25,-11.688,-33.688,-0.001,0.012,-0.013,-0.22,0.31,9.56,-0.17,0.22,-0.24,-0.05,0.08,9.8,0.65,-1.25,0.0,0.0,4.2,2.0,1017.15,67.53,-17.79
2025-03-24 17:43:42.386000+00:00,22.537039394701253,,,,356.875,-0.375,-0.438,23.0,-88.0,-2.375,-31.0,-0.001,0.012,-0.013,-0.22,0.31,9.56,-0.17,0.22,-0.24,-0.05,0.08,9.8,0.65,-1.25,0.0,0.0,4.2,2.0,1017.15,67.53,-17.79
2025-03-24 17:43:43.385000+00:00,22.537039394701253,,,,356.875,-0.375,-0.438,23.0,-124.062,2.062,-1.0,-0.001,0.012,-0.013,-0.22,0.31,9.56,-0.17,0.22,-0.24,-0.05,0.08,9.8,0.65,-1.25,0.0,0.0,4.2,2.0,1017.15,67.53,-17.79
2025-03-24 17:43:44.391000+00:00,22.537039394701253,,,,356.875,-0.375,-0.438,23.0,-69.688,-10.562,-29.0,-0.001,0.012,-0.013,-0.22,0.31,9.56,-0.17,0.22,-0.24,-0.05,0.08,9.8,0.65,-1.25,0.0,0.0,4.2,2.0,1017.15,67.53,-17.79
2025-03-24 17:43:45.395000+00:00,22.537039394701253,,,,356.875,-0.375,-0.438,23.0,-68.688,-2.5,-34.562,-0.001,0.012,-0.013,-0.22,0.31,9.56,-0.17,0.22,-0.24,-0.05,0.08,9.8,0.65,-1.25,0.0,0.0,4.2,2.0,1017.15,67.53,-17.79
2025-03-24 17:43:46.405000+00:00,22.537039394701253,,,,356.875,-0.375,-0.438,23.0,-125.688,-4.562,0.25,-0.001,0.012,-0.013,-0.22,0.31,9.56,-0.17,0.22,-0.24,-0.05,0.08,9.8,0.65,-1.25,0.0,0.0,4.2,2.0,1017.15,67.53,-17.79
2025-03-24 17:43:47.469000+00:00,22.537039394701253,,,,356.875,-0.375,-0.438,23.0,-74.188,-10.25,-28.688,-0.001,0.012,-0.013,-0.22,0.31,9.56,-0.17,0.22,-0.24,-0.05,0.08,9.8,0.65,-1.25,0.0,0.0,4.2,2.0,1017.15,67.53,-17.79
2025-03-24 17:43:48.461000+00:00,22.537039394701253,,,,356.875,-0.375,-0.438,23.0,-65.0,-3.875,-33.188,-0.001,0.012,-0.013,-0.22,0.31,9.56,-0.17,0.22,-0.24,-0.05,0.08,9.8,0.65,-1.25,0.0,0.0,4.2,2.0,1017.15,67.53,-17.79
2025-03-24 17:43:49.610000+00:00,22.537039394701253,,,,356.875,-0.375,-0.438,23.0,-125.375,0.688,3.562,-0.001,0.012,-0.013,-0.22,0.31,9.56,-0.17,0.22,-0.24,-0.05,0.08,9.8,0.65,-1.25,0.0,0.0,4.2,2.0,1017.15,67.53,-17.79
2025-03-24 17:43:50.614000+00:00,22.537039394701253,,,,356.875,-0.375,-0.438,23.0,-68.688,-11.562,-26.688,-0.001,0.012,-0.013,-0.22,0.31,9.56,-0.17,0.22,-0.24,-0.05,0.08,9.8,0.65,-1.25,0.0,0.0,4.2,2.0,1017.15,67.53,-17.79
2025-03-24 17:43:51.721000+00:00,22.537039394701253,,,,356.875,-0.375,-0.438,23.0,-80.25,-1.375,-31.75,-0.001,0.012,-0.013,-0.22,0.31,9.56,-0.17,0.22,-0.24,-0.05,0.08,9.8,0.65,-1.25,0.0,0.0,4.2,2.0,1017.15,67.53,-17.79
2025-03-24 17:43:52.501000+00:00,22.537039394701253,,,,356.875,-0.375,-0.438,23.0,-112.562,2.688,-9.688,-0.001,0.012,-0.013,-0.22,0.31,9.56,-0.17,0.22,-0.24,-0.05,0.08,9.8,0.65,-1.25,0.0,0.0,4.2,2.0,1017.15,67.53,-17.79
2025-03-24 17:43:53.445000+00:00,22.537039394701253,,,,356.875,-0.375,-0.438,23.0,-61.188,-12.562,-30.375,-0.001,0.012,-0.013,-0.22,0.31,9.56,-0.17,0.22,-0.24,-0.05,0.08,9.8,0.65,-1.25,0.0,0.0,4.2,2.0,1017.15,67.53,-17.79
2025-03-24 17:43:54.425000+00:00,22.537039394701253,,,,356.875,-0.375,-0.438,23.0,-104.375,-4.75,-21.5,-0.001,0.012,-0.013,-0.22,0.31,9.56,-0.17,0.22,-0.24,-0.05,0.08,9.8,0.65,-1.25,0.0,0.0,4.2,2.0,1017.15,67.53,-17.79
2025-03-24 17:43:55.426000+00:00,22.537039394701253,,,,356.875,-0.375,-0.438,23.0,-90.062,-4.5,-24.5,-0.001,0.012,-0.013,-0.22,0.31,9.56,-0.17,0.22,-0.24,-0.05,0.08,9.8,0.65,-1.25,0.0,0.0,4.2,2.0,1017.15,67.53,-17.79
2025-03-24 17:43:56.439000+00:00,22.537039394701253,,,,356.875,-0.375,-0.438,23.0,-58.688,-8.875,-32.75,-0.001,0.012,-0.013,-0.22,0.31,9.56,-0.17,0.22,-0.24,-0.05,0.08,9.8,0.65,-1.25,0.0,0.0,4.2,2.0,1017.15,67.53,-17.79
2025-03-24 17:43:57.441000+00:00,22.537039394701253,,,,356.875,-0.375,-0.438,23.0,-120.062,-3.688,4.062,-0.001,0.012,-0.013,-0.22,0.31,9.56,-0.17,0.22,-0.24,-0.05,0.08,9.8,0.65,-1.25,0.0,0.0,4.2,2.0,1017.15,67.53,-17.79
2025-03-24 17:43:58.534000+00:00,22.537039394701253,,,,356.875,-0.375,-0.438,23.0,-65.688,-8.562,-23.0,-0.001,0.012,-0.013,-0.22,0.31,9.56,-0.17,0.22,-0.24,-0.05,0.08,9.8,0.65,-1.25,0.0,0.0,4.2,2.0,1017.15,67.53,-17.79
2025-03-24 17:43:59.714000+00:00,22.537039394701253,,,,356.875,-0.375,-0.438,23.0,-72.188,-1.062,-28.188,-0.001,0.012,-0.013,-0.22,0.31,9.56,-0.17,0.22,-0.24,-0.05,0.08,9.8,0.65,-1.25,0.0,0.0,4.2,2.0,1017.15,67.53,-17.79
2025-03-24 17:44:00.765000+00:00,22.537039394701253,,,,356.875,-0.375,-0.438,23.0,-112.75,4.688,-0.688,-0.001,0.012,-0.013,-0.22,0.31,9.56,-0.17,0.22,-0.24,-0.05,0.08,9.8,0.65,-1.25,0.0,0.0,4.2,2.0,1017.15,67.53,-17.79
2025-03-24 17:44:01.795000+00:00,22.537039394701253,,,,356.875,-0.375,-0.438,23.0,-58.75,-12.375,-23.188,-0.001,0.012,-0.013,-0.22,0.31,9.56,-0.17,0.22,-0.24,-0.05,0.08,9.8,0.65,-1.25,0.0,0.0,4.2,2.0,1017.15,67.53,-17.79
2025-03-24 17:44:02.454000+00:00,22.537039394701253,,,,356.875,-0.375,-0.438,23.0,-84.688,-1.25,-23.562,-0.001,0.012,-0.013,-0.22,0.31,9.56,-0.17,0.22,-0.24,-0.05,0.08,9.8,0.65,-1.25,0.0,0.0,4.2,2.0,1017.15,67.53,-17.79
2025-03-24 17:44:03.478000+00:00,22.537039394701253,,,,356.875,-0.375,-0.438,23.0,-104.688,3.75,-9.375,-0.001,0.012,-0.013,-0.22,0.31,9.56,-0.17,0.22,-0.24,-0.05,0.08,9.8,0.65,-1.25,0.0,0.0,4.2,2.0,1017.15,67.53,-17.79
2025-03-24 17:44:04.476000+00:00,22.537039394701253,,,,356.875,-0.375,-0.438,23.0,-59.0,-11.562,-26.562,-0.001,0.012,-0.013,-0.22,0.31,9.56,-0.17,0.22,-0.24,-0.05,0.08,9.8,0.65,-1.25,0.0,0.0,4.2,2.0,1017.15,67.53,-17.79
2025-03-24 17:44:05.465000+00:00,22.537039394701253,,,,356.875,-0.375,-0.438,23.0,-85.75,-1.75,-23.5,-0.001,0.012,-0.013,-0.22,0.31,9.56,-0.17,0.22,-0.24,-0.05,0.08,9.8,0.65,-1.25,0.0,0.0,4.2,2.0,1017.15,67.53,-17.79
2025-03-24 17:44:06.574000+00:00,22.537039394701253,,,,356.875,-0.375,-0.438,23.0,-109.688,5.0,-4.562,-0.001,0.012,-0.013,-0.22,0.31,9.56,-0.17,0.22,-0.24,-0.05,0.08,9.8,0.65,-1.25,0.0,0.0,4.2,2.0,1017.15,67.53,-17.79
2025-03-24 17:44:07.540000+00:00,22.537039394701253,,,,356.875,-0.375,-0.438,23.0,-60.75,-11.875,-24.5,-0.001,0.012,-0.013,-0.22,0.31,9.56,-0.17,0.22,-0.24,-0.05,0.08,9.8,0.65,-1.25,0.0,0.0,4.2,2.0,1017.15,67.53,-17.79
2025-03-24 17:44:08.660000+00:00,22.537039394701253,,,,356.875,-0.375,-0.438,23.0,-83.375,-1.5,-25.5,-0.001,0.012,-0.013,-0.22,0.31,9.56,-0.17,0.22,-0.24,-0.05,0.08,9.8,0.65,-1.25,0.0,0.0,4.2,2.0,1017.15,67.53,-17.79
2025-03-24 17:44:09.493000+00:00,22.537039394701253,,,,356.875,-0.375,-0.438,23.0,-99.75,2.0,-13.875,-0.001,0.012,-0.013,-0.22,0.31,9.56,-0.17,0.22,-0.24,-0.05,0.08,9.8,0.65,-1.25,0.0,0.0,4.2,2.0,1017.15,67.53,-17.79
2025-03-24 17:44:10.508000+00:00,22.537039394701253,,,,356.875,-0.375,-0.438,23.0,-56.0,-10.75,-27.0,-0.001,0.012,-0.013,-0.22,0.31,9.56,-0.17,0.22,-0.24,-0.05,0.08,9.8,0.65,-1.25,0.0,0.0,4.2,2.0,1017.15,67.53,-17.79
2025-03-24 17:44:11.530000+00:00,22.537039394701253,,,,356.875,-0.375,-0.438,23.0,-103.188,-5.375,-12.375,-0.001,0.012,-0.013,-0.22,0.31,9.56,-0.17,0.22,-0.24,-0.05,0.08,9.8,0.65,-1.25,0.0,0.0,4.2,2.0,1017.15,67.53,-17.79
2025-03-24 17:44:12.600000+00:00,22.537039394701253,,,,356.875,-0.375,-0.438,23.0,-80.875,-4.688,-22.688,-0.001,0.012,-0.013,-0.22,0.31,9.56,-0.17,0.22,-0.24,-0.05,0.08,9.8,0.65,-1.25,0.0,0.0,4.2,2.0,1017.15,67.53,-17.79
2025-03-24 17:44:13.634000+00:00,22.537039394701253,,,,356.875,-0.375,-0.438,23.0,-55.188,-5.75,-30.5,-0.001,0.012,-0.013,-0.22,0.31,9.56,-0.17,0.22,-0.24,-0.05,0.08,9.8,0.65,-1.25,0.0,0.0,4.2,2.0,1017.15,67.53,-17.79
2025-03-24 17:44:14.788000+00:00,22.537039394701253,,,,356.875,-0.375,-0.438,23.0,-118.562,-7.0,-1.062,-0.001,0.012,-0.013,-0.22,0.31,9.56,-0.17,0.22,-0.24,-0.05,0.08,9.8,0.65,-1.25,0.0,0.0,4.2,2.0,1017.15,67.53,-17.79
2025-03-24 17:44:15.804000+00:00,22.537039394701253,,,,356.875,-0.375,-0.438,23.0,-69.0,-9.875,-23.688,-0.001,0.012,-0.013,-0.22,0.31,9.56,-0.17,0.22,-0.24,-0.05,0.08,9.8,0.65,-1.25,0.0,0.0,4.2,2.0,1017.15,67.53,-17.79
2025-03-24 17:44:16.863000+00:00,22.537039394701253,,,,356.875,-0.375,-0.438,23.0,-62.5,-2.25,-30.375,-0.001,0.012,-0.013,-0.22,0.31,9.56,-0.17,0.22,-0.24,-0.05,0.08,9.8,0.65,-1.25,0.0,0.0,4.2,2.0,1017.15,67.53,-17.79
2025-03-24 17:43:18.030000+00:00,22.537039394701253,,,,356.875,-0.375,-0.438,23.0,-62.5,-2.25,-30.375,-0.001,0.012,-0.013,-0.22,0.31,9.56,-0.17,0.22,-0.24,-0.05,0.08,9.8,0.65,-1.25,0.0,0.0,4.2,2.0,1017.15,67.53,-17.79
2025-03-24 17:43:19.067000+00:00,22.537039394701253,,,,356.875,-0.375,-0.438,23.0,-62.5,-2.25,-30.375,-0.022,0.026,-0.003,-0.22,0.31,9.56,-0.17,0.22,-0.24,-0.05,0.08,9.8,0.65,-1.25,0.0,0.0,4.2,2.0,1017.15,67.53,-17.79
2025-03-24 17:43:20.046000+00:00,22.537039394701253,,,,356.875,-0.375,-0.438,23.0,-62.5,-2.25,-30.375,-0.037,-0.014,-0.056,-0.22,0.31,9.56,-0.17,0.22,-0.24,-0.05,0.08,9.8,0.65,-1.25,0.0,0.0,4.2,2.0,1017.15,67.53,-17.79
2025-03-24 17:43:21.063000+00:00,22.537039394701253,,,,356.875,-0.375,-0.438,23.0,-62.5,-2.25,-30.375,-0.013,-0.018,0.011,-0.22,0.31,9.56,-0.17,0.22,-0.24,-0.05,0.08,9.8,0.65,-1.25,0.0,0.0,4.2,2.0,1017.15,67.53,-17.79
2025-03-24 17:43:22.105000+00:00,22.537039394701253,,,,356.875,-0.375,-0.438,23.0,-62.5,-2.25,-30.375,0.018,0.009,-0.001,-0.22,0.31,9.56,-0.17,0.22,-0.24,-0.05,0.08,9.8,0.65,-1.25,0.0,0.0,4.2,2.0,1017.15,67.53,-17.79
2025-03-24 17:43:23.093000+00:00,22.537039394701253,,,,356.875,-0.375,-0.438,23.0,-62.5,-2.25,-30.375,-0.006,-0.023,-0.018,-0.22,0.31,9.56,-0.17,0.22,-0.24,-0.05,0.08,9.8,0.65,-1.25,0.0,0.0,4.2,2.0,1017.15,67.53,-17.79
2025-03-24 17:43:24.096000+00:00,22.537039394701253,,,,356.875,-0.375,-0.438,23.0,-62.5,-2.25,-30.375,-0.011,-0.001,-0.004,-0.22,0.31,9.56,-0.17,0.22,-0.24,-0.05,0.08,9.8,0.65,-1.25,0.0,0.0,4.2,2.0,1017.15,67.53,-17.79
2025-03-24 17:43:25.203000+00:00,22.537039394701253,,,,356.875,-0.375,-0.438,23.0,-62.5,-2.25,-30.375,0.0,0.002,-0.012,-0.22,0.31,9.56,-0.17,0.22,-0.24,-0.05,0.08,9.8,0.65,-1.25,0.0,0.0,4.2,2.0,1017.15,67.53,-17.79
2025-03-24 17:43:26.223000+00:00,22.537039394701253,,,,356.875,-0.375,-0.438,23.0,-62.5,-2.25,-30.375,0.004,-0.007,0.088,-0.22,0.31,9.56,-0.17,0.22,-0.24,-0.05,0.08,9.8,0.65,-1.25,0.0,0.0,4.2,2.0,1017.15,67.53,-17.79
2025-03-24 17:43:27.142000+00:00,22.537039394701253,,,,356.875,-0.375,-0.438,23.0,-62.5,-2.25,-30.375,-0.012,-0.009,-0.019,-0.22,0.31,9.56,-0.17,0.22,-0.24,-0.05,0.08,9.8,0.65,-1.25,0.0,0.0,4.2,2.0,1017.15,67.53,-17.79
2025-03-24 17:43:28.285000+00:00,22.537039394701253,,,,356.875,-0.375,-0.438,23.0,-62.5,-2.25,-30.375,0.007,-0.009,-0.031,-0.22,0.31,9.56,-0.17,0.22,-0.24,-0.05,0.08,9.8,0.65,-1.25,0.0,0.0,4.2,2.0,1017.15,67.53,-17.79
2025-03-24 17:43:29.449000+00:00,22.537039394701253,,,,356.875,-0.375,-0.438,23.0,-62.5,-2.25,-30.375,-0.011,-0.006,-0.064,-0.22,0.31,9.56,-0.17,0.22,-0.24,-0.05,0.08,9.8,0.65,-1.25,0.0,0.0,4.2,2.0,1017.15,67.53,-17.79
2025-03-24 17:43:30.172000+00:00,22.537039394701253,,,,356.875,-0.375,-0.438,23.0,-62.5,-2.25,-30.375,-0.017,-0.016,-0.016,-0.22,0.31,9.56,-0.17,0.22,-0.24,-0.05,0.08,9.8,0.65,-1.25,0.0,0.0,4.2,2.0,1017.15,67.53,-17.79
2025-03-24 17:43:31.156000+00:00,22.537039394701253,,,,356.875,-0.375,-0.438,23.0,-62.5,-2.25,-30.375,0.006,-0.009,-0.008,-0.22,0.31,9.56,-0.17,0.22,-0.24,-0.05,0.08,9.8,0.65,-1.25,0.0,0.0,4.2,2.0,1017.15,67.53,-17.79
2025-03-24 17:43:32.250000+00:00,22.537039394701253,,,,356.875,-0.375,-0.438,23.0,-62.5,-2.25,-30.375,-0.014,-0.016,0.016,-0.22,0.31,9.56,-0.17,0.22,-0.24,-0.05,0.08,9.8,0.65,-1.25,0.0,0.0,4.2,2.0,1017.15,67.53,-17.79
2025-03-24 17:43:33.175000+00:00,22.537039394701253,,,,356.875,-0.375,-0.438,23.0,-62.5,-2.25,-30.375,-0.016,-0.022,-0.003,-0.22,0.31,9.56,-0.17,0.22,-0.24,-0.05,0.08,9.8,0.65,-1.25,0.0,0.0,4.2,2.0,1017.15,67.53,-17.79
2025-03-24 17:43:34.212000+00:00,22.537039394701253,,,,356.875,-0.375,-0.438,23.0,-62.5,-2.25,-30.375,-0.013,-0.016,-0.019,-0.22,0.31,9.56,-0.17,0.22,-0.24,-0.05,0.08,9.8,0.65,-1.25,0.0,0.0,4.2,2.0,1017.15,67.53,-17.79
2025-03-24 17:43:35.205000+00:00,22.537039394701253,,,,356.875,-0.375,-0.438,23.0,-62.5,-2.25,-30.375,0.007,-0.012,0.016,-0.22,0.31,9.56,-0.17,0.22,-0.24,-0.05,0.08,9.8,0.65,-1.25,0.0,0.0,4.2,2.0,1017.15,67.53,-17.79
2025-03-24 17:43:36.336000+00:00,22.537039394701253,,,,356.875,-0.375,-0.438,23.0,-62.5,-2.25,-30.375,-0.012,-0.002,0.026,-0.22,0.31,9.56,-0.17,0.22,-0.24,-0.05,0.08,9.8,0.65,-1.25,0.0,0.0,4.2,2.0,1017.15,67.53,-17.79
2025-03-24 17:43:37.302000+00:00,22.537039394701253,,,,356.875,-0.375,-0.438,23.0,-62.5,-2.25,-30.375,0.002,0.019,0.011,-0.22,0.31,9.56,-0.17,0.22,-0.24,-0.05,0.08,9.8,0.65,-1.25,0.0,0.0,4.2,2.0,1017.15,67.53,-17.79
2025-03-24 17:43:38.421000+00:00,22.537039394701253,,,,356.875,-0.375,-0.438,23.0,-62.5,-2.25,-30.375,0.011,0.016,0.038,-0.22,0.31,9.56,-0.17,0.22,-0.24,-0.05,0.08,9.8,0.65,-1.25,0.0,0.0,4.2,2.0,1017.15,67.53,-17.79
2025-03-24 17:43:39.262000+00:00,22.537039394701253,,,,356.875,-0.375,-0.438,23.0,-62.5,-2.25,-30.375,-0.023,-0.014,-0.021,-0.22,0.31,9.56,-0.17,0.22,-0.24,-0.05,0.08,9.8,0.65,-1.25,0.0,0.0,4.2,2.0,1017.15,67.53,-17.79
2025-03-24 17:43:40.400000+00:00,22.537039394701253,,,,356.875,-0.375,-0.438,23.0,-62.5,-2.25,-30.375,-0.008,-0.009,0.021,-0.22,0.31,9.56,-0.17,0.22,-0.24,-0.05,0.08,9.8,0.65,-1.25,0.0,0.0,4.2,2.0,1017.15,67.53,-17.79
2025-03-24 17:43:41.426000+00:00,22.537039394701253,,,,356.875,-0.375,-0.438,23.0,-62.5,-2.25,-30.375,-0.011,0.001,-0.001,-0.22,0.31,9.56,-0.17,0.22,-0.24,-0.05,0.08,9.8,0.65,-1.25,0.0,0.0,4.2,2.0,1017.15,67.53,-17.79
2025-03-24 17:43:42.435000+00:00,22.537039394701253,,,,356.875,-0.375,-0.438,23.0,-62.5,-2.25,-30.375,-0.002,-0.016,0.037,-0.22,0.31,9.56,-0.17,0.22,-0.24,-0.05,0.08,9.8,0.65,-1.25,0.0,0.0,4.2,2.0,1017.15,67.53,-17.79
2025-03-24 17:43:43.436000+00:00,22.537039394701253,,,,356.875,-0.375,-0.438,23.0,-62.5,-2.25,-30.375,0.041,0.01,0.012,-0.22,0.31,9.56,-0.17,0.22,-0.24,-0.05,0.08,9.8,0.65,-1.25,0.0,0.0,4.2,2.0,1017.15,67.53,-17.79
2025-03-24 17:43:44.452000+00:00,22.537039394701253,,,,356.875,-0.375,-0.438,23.0,-62.5,-2.25,-30.375,0.003,0.007,-0.011,-0.22,0.31,9.56,-0.17,0.22,-0.24,-0.05,0.08,9.8,0.65,-1.25,0.0,0.0,4.2,2.0,1017.15,67.53,-17.79
2025-03-24 17:43:45.452000+00:00,22.537039394701253,,,,356.875,-0.375,-0.438,23.0,-62.5,-2.25,-30.375,-0.001,0.018,-0.022,-0.22,0.31,9.56,-0.17,0.22,-0.24,-0.05,0.08,9.8,0.65,-1.25,0.0,0.0,4.2,2.0,1017.15,67.53,-17.79
2025-03-24 17:43:46.456000+00:00,22.537039394701253,,,,356.875,-0.375,-0.438,23.0,-62.5,-2.25,-30.375,0.006,-0.002,0.027,-0.22,0.31,9.56,-0.17,0.22,-0.24,-0.05,0.08,9.8,0.65,-1.25,0.0,0.0,4.2,2.0,1017.15,67.53,-17.79
2025-03-24 17:43:47.522000+00:00,22.537039394701253,,,,356.875,-0.375,-0.438,23.0,-62.5,-2.25,-30.375,-0.02,-0.008,0.027,-0.22,0.31,9.56,-0.17,0.22,-0.24,-0.05,0.08,9.8,0.65,-1.25,0.0,0.0,4.2,2.0,1017.15,67.53,-17.79
2025-03-24 17:43:48.522000+00:00,22.537039394701253,,,,356.875,-0.375,-0.438,23.0,-62.5,-2.25,-30.375,0.0,0.031,0.027,-0.22,0.31,9.56,-0.17,0.22,-0.24,-0.05,0.08,9.8,0.65,-1.25,0.0,0.0,4.2,2.0,1017.15,67.53,-17.79
2025-03-24 17:43:49.655000+00:00,22.537039394701253,,,,356.875,-0.375,-0.438,23.0,-62.5,-2.25,-30.375,0.006,-0.031,-0.006,-0.22,0.31,9.56,-0.17,0.22,-0.24,-0.05,0.08,9.8,0.65,-1.25,0.0,0.0,4.2,2.0,1017.15,67.53,-17.79
2025-03-24 17:43:50.664000+00:00,22.537039394701253,,,,356.875,-0.375,-0.438,23.0,-62.5,-2.25,-30.375,0.011,0.004,0.043,-0.22,0.31,9.56,-0.17,0.22,-0.24,-0.05,0.08,9.8,0.65,-1.25,0.0,0.0,4.2,2.0,1017.15,67.53,-17.79
2025-03-24 17:43:51.781000+00:00,22.537039394701253,,,,356.875,-0.375,-0.438,23.0,-62.5,-2.25,-30.375,-0.016,0.012,-0.029,-0.22,0.31,9.56,-0.17,0.22,-0.24,-0.05,0.08,9.8,0.65,-1.25,0.0,0.0,4.2,2.0,1017.15,67.53,-17.79
2025-03-24 17:43:52.558000+00:00,22.537039394701253,,,,356.875,-0.375,-0.438,23.0,-62.5,-2.25,-30.375,-0.011,-0.007,0.007,-0.22,0.31,9.56,-0.17,0.22,-0.24,-0.05,0.08,9.8,0.65,-1.25,0.0,0.0,4.2,2.0,1017.15,67.53,-17.79
2025-03-24 17:43:53.495000+00:00,22.537039394701253,,,,356.875,-0.375,-0.438,23.0,-62.5,-2.25,-30.375,0.004,-0.024,-0.01,-0.22,0.31,9.56,-0.17,0.22,-0.24,-0.05,0.08,9.8,0.65,-1.25,0.0,0.0,4.2,2.0,1017.15,67.53,-17.79
2025-03-24 17:43:54.476000+00:00,22.537039394701253,,,,356.875,-0.375,-0.438,23.0,-62.5,-2.25,-30.375,0.006,0.006,-0.052,-0.22,0.31,9.56,-0.17,0.22,-0.24,-0.05,0.08,9.8,0.65,-1.25,0.0,0.0,4.2,2.0,1017.15,67.53,-17.79
2025-03-24 17:43:55.479000+00:00,22.537039394701253,,,,356.875,-0.375,-0.438,23.0,-62.5,-2.25,-30.375,-0.033,-0.001,-0.014,-0.22,0.31,9.56,-0.17,0.22,-0.24,-0.05,0.08,9.8,0.65,-1.25,0.0,0.0,4.2,2.0,1017.15,67.53,-17.79
2025-03-24 17:43:56.492000+00:00,22.537039394701253,,,,356.875,-0.375,-0.438,23.0,-62.5,-2.25,-30.375,-0.018,0.009,-0.052,-0.22,0.31,9.56,-0.17,0.22,-0.24,-0.05,0.08,9.8,0.65,-1.25,0.0,0.0,4.2,2.0,1017.15,67.53,-17.79
2025-03-24 17:43:57.501000+00:00,22.537039394701253,,,,356.875,-0.375,-0.438,23.0,-62.5,-2.25,-30.375,0.017,0.016,0.038,-0.22,0.31,9.56,-0.17,0.22,-0.24,-0.05,0.08,9.8,0.65,-1.25,0.0,0.0,4.2,2.0,1017.15,67.53,-17.79
2025-03-24 17:43:58.591000+00:00,22.537039394701253,,,,356.875,-0.375,-0.438,23.0,-62.5,-2.25,-30.375,-0.004,-0.009,0.027,-0.22,0.31,9.56,-0.17,0.22,-0.24,-0.05,0.08,9.8,0.65,-1.25,0.0,0.0,4.2,2.0,1017.15,67.53,-17.79
2025-03-24 17:43:59.770000+00:00,22.537039394701253,,,,356.875,-0.375,-0.438,23.0,-62.5,-2.25,-30.375,-0.008,-0.004,0.049,-0.22,0.31,9.56,-0.17,0.22,-0.24,-0.05,0.08,9.8,0.65,-1.25,0.0,0.0,4.2,2.0,1017.15,67.53,-17.79
2025-03-24 17:44:00.820000+00:00,22.537039394701253,,,,356.875,-0.375,-0.438,23.0,-62.5,-2.25,-30.375,0.004,0.012,-0.046,-0.22,0.31,9.56,-0.17,0.22,-0.24,-0.05,0.08,9.8,0.65,-1.25,0.0,0.0,4.2,2.0,1017.15,67.53,-17.79
2025-03-24 17:44:01.850000+00:00,22.537039394701253,,,,356.875,-0.375,-0.438,23.0,-62.5,-2.25,-30.375,0.007,-0.012,-0.001,-0.22,0.31,9.56,-0.17,0.22,-0.24,-0.05,0.08,9.8,0.65,-1.25,0.0,0.0,4.2,2.0,1017.15,67.53,-17.79
2025-03-24 17:44:02.506000+00:00,22.537039394701253,,,,356.875,-0.375,-0.438,23.0,-62.5,-2.25,-30.375,-0.003,-0.003,-0.024,-0.22,0.31,9.56,-0.17,0.22,-0.24,-0.05,0.08,9.8,0.65,-1.25,0.0,0.0,4.2,2.0,1017.15,67.53,-17.79
2025-03-24 17:44:03.525000+00:00,22.537039394701253,,,,356.875,-0.375,-0.438,23.0,-62.5,-2.25,-30.375,-0.006,-0.002,-0.013,-0.22,0.31,9.56,-0.17,0.22,-0.24,-0.05,0.08,9.8,0.65,-1.25,0.0,0.0,4.2,2.0,1017.15,67.53,-17.79
2025-03-24 17:44:04.528000+00:00,22.537039394701253,,,,356.875,-0.375,-0.438,23.0,-62.5,-2.25,-30.375,0.002,-0.008,0.039,-0.22,0.31,9.56,-0.17,0.22,-0.24,-0.05,0.08,9.8,0.65,-1.25,0.0,0.0,4.2,2.0,1017.15,67.53,-17.79
2025-03-24 17:44:05.521000+00:00,22.537039394701253,,,,356.875,-0.375,-0.438,23.0,-62.5,-2.25,-30.375,-0.009,-0.006,-0.034,-0.22,0.31,9.56,-0.17,0.22,-0.24,-0.05,0.08,9.8,0.65,-1.25,0.0,0.0,4.2,2.0,1017.15,67.53,-17.79
2025-03-24 17:44:06.625000+00:00,22.537039394701253,,,,356.875,-0.375,-0.438,23.0,-62.5,-2.25,-30.375,-0.008,-0.026,0.02,-0.22,0.31,9.56,-0.17,0.22,-0.24,-0.05,0.08,9.8,0.65,-1.25,0.0,0.0,4.2,2.0,1017.15,67.53,-17.79
2025-03-24 17:44:07.601000+00:00,22.537039394701253,,,,356.875,-0.375,-0.438,23.0,-62.5,-2.25,-30.375,0.003,-0.006,0.018,-0.22,0.31,9.56,-0.17,0.22,-0.24,-0.05,0.08,9.8,0.65,-1.25,0.0,0.0,4.2,2.0,1017.15,67.53,-17.79
2025-03-24 17:44:08.720000+00:00,22.537039394701253,,,,356.875,-0.375,-0.438,23.0,-62.5,-2.25,-30.375,0.016,0.012,0.021,-0.22,0.31,9.56,-0.17,0.22,-0.24,-0.05,0.08,9.8,0.65,-1.25,0.0,0.0,4.2,2.0,1017.15,67.53,-17.79
2025-03-24 17:44:09.549000+00:00,22.537039394701253,,,,356.875,-0.375,-0.438,23.0,-62.5,-2.25,-30.375,0.004,-0.009,0.017,-0.22,0.31,9.56,-0.17,0.22,-0.24,-0.05,0.08,9.8,0.65,-1.25,0.0,0.0,4.2,2.0,1017.15,67.53,-17.79
2025-03-24 17:44:10.555000+00:00,22.537039394701253,,,,356.875,-0.375,-0.438,23.0,-62.5,-2.25,-30.375,-0.007,-0.014,0.031,-0.22,0.31,9.56,-0.17,0.22,-0.24,-0.05,0.08,9.8,0.65,-1.25,0.0,0.0,4.2,2.0,1017.15,67.53,-17.79
2025-03-24 17:44:11.584000+00:00,22.537039394701253,,,,356.875,-0.375,-0.438,23.0,-62.5,-2.25,-30.375,0.007,0.001,-0.037,-0.22,0.31,9.56,-0.17,0.22,-0.24,-0.05,0.08,9.8,0.65,-1.25,0.0,0.0,4.2,2.0,1017.15,67.53,-17.79
2025-03-24 17:44:12.659000+00:00,22.537039394701253,,,,356.875,-0.375,-0.438,23.0,-62.5,-2.25,-30.375,0.017,0.014,-0.001,-0.22,0.31,9.56,-0.17,0.22,-0.24,-0.05,0.08,9.8,0.65,-1.25,0.0,0.0,4.2,2.0,1017.15,67.53,-17.79
2025-03-24 17:44:13.690000+00:00,22.537039394701253,,,,356.875,-0.375,-0.438,23.0,-62.5,-2.25,-30.375,-0.009,0.007,0.032,-0.22,0.31,9.56,-0.17,0.22,-0.24,-0.05,0.08,9.8,0.65,-1.25,0.0,0.0,4.2,2.0,1017.15,67.53,-17.79
2025-03-24 17:44:14.844000+00:00,22.537039394701253,,,,356.875,-0.375,-0.438,23.0,-62.5,-2.25,-30.375,-0.017,0.002,-0.029,-0.22,0.31,9.56,-0.17,0.22,-0.24,-0.05,0.08,9.8,0.65,-1.25,0.0,0.0,4.2,2.0,1017.15,67.53,-17.79
2025-03-24 17:44:15.855000+00:00,22.537039394701253,,,,356.875,-0.375,-0.438,23.0,-62.5,-2.25,-30.375,-0.009,-0.01,0.036,-0.22,0.31,9.56,-0.17,0.22,-0.24,-0.05,0.08,9.8,0.65,-1.25,0.0,0.0,4.2,2.0,1017.15,67.53,-17.79
2025-03-24 17:44:16.913000+00:00,22.537039394701253,,,,356.875,-0.375,-0.438,23.0,-62.5,-2.25,-30.375,-0.029,-0.016,-0.018,-0.22,0.31,9.56,-0.17,0.22,-0.24,-0.05,0.08,9.8,0.65,-1.25,0.0,0.0,4.2,2.0,1017.15,67.53,-17.79
2025-03-24 17:43:18.077000+00:00,22.537039394701253,,,,356.875,-0.375,-0.438,23.0,-62.5,-2.25,-30.375,-0.029,-0.016,-0.018,-0.22,0.31,9.56,-0.17,0.22,-0.24,-0.05,0.08,9.8,0.65,-1.25,0.0,0.0,4.2,2.0,1017.15,67.53,-17.79
2025-03-24 17:43:19.124000+00:00,22.537039394701253,,,,356.875,-0.375,-0.438,23.0,-62.5,-2.25,-30.375,-0.029,-0.016,-0.018,-0.35,-0.31,9.55,-0.17,0.22,-0.24,-0.05,0.08,9.8,0.65,-1.25,0.0,0.0,4.2,2.0,1017.15,67.53,-17.79
2025-03-24 17:43:20.097000+00:00,22.537039394701253,,,,356.875,-0.375,-0.438,23.0,-62.5,-2.25,-30.375,-0.029,-0.016,-0.018,-0.28,-0.13,9.51,-0.17,0.22,-0.24,-0.05,0.08,9.8,0.65,-1.25,0.0,0.0,4.2,2.0,1017.15,67.53,-17.79
2025-03-24 17:43:21.123000+00:00,22.537039394701253,,,,356.875,-0.375,-0.438,23.0,-62.5,-2.25,-30.375,-0.029,-0.016,-0.018,-0.36,0.0,9.45,-0.17,0.22,-0.24,-0.05,0.08,9.8,0.65,-1.25,0.0,0.0,4.2,2.0,1017.15,67.53,-17.79
2025-03-24 17:43:22.156000+00:00,22.537039394701253,,,,356.875,-0.375,-0.438,23.0,-62.5,-2.25,-30.375,-0.029,-0.016,-0.018,-0.48,0.7,9.53,-0.17,0.22,-0.24,-0.05,0.08,9.8,0.65,-1.25,0.0,0.0,4.2,2.0,1017.15,67.53,-17.79
2025-03-24 17:43:23.146000+00:00,22.537039394701253,,,,356.875,-0.375,-0.438,23.0,-62.5,-2.25,-30.375,-0.029,-0.016,-0.018,0.17,-0.44,9.43,-0.17,0.22,-0.24,-0.05,0.08,9.8,0.65,-1.25,0.0,0.0,4.2,2.0,1017.15,67.53,-17.79
2025-03-24 17:43:24.153000+00:00,22.537039394701253,,,,356.875,-0.375,-0.438,23.0,-62.5,-2.25,-30.375,-0.029,-0.016,-0.018,-0.12,0.25,9.46,-0.17,0.22,-0.24,-0.05,0.08,9.8,0.65,-1.25,0.0,0.0,4.2,2.0,1017.15,67.53,-17.79
2025-03-24 17:43:25.263000+00:00,22.537039394701253,,,,356.875,-0.375,-0.438,23.0,-62.5,-2.25,-30.375,-0.029,-0.016,-0.018,-0.23,0.14,9.42,-0.17,0.22,-0.24,-0.05,0.08,9.8,0.65,-1.25,0.0,0.0,4.2,2.0,1017.15,67.53,-17.79
2025-03-24 17:43:26.282000+00:00,22.537039394701253,,,,356.875,-0.375,-0.438,23.0,-62.5,-2.25,-30.375,-0.029,-0.016,-0.018,0.08,0.29,9.39,-0.17,0.22,-0.24,-0.05,0.08,9.8,0.65,-1.25,0.0,0.0,4.2,2.0,1017.15,67.53,-17.79
2025-03-24 17:43:27.196000+00:00,22.537039394701253,,,,356.875,-0.375,-0.438,23.0,-62.5,-2.25,-30.375,-0.029,-0.016,-0.018,-0.28,-0.34,9.59,-0.17,0.22,-0.24,-0.05,0.08,9.8,0.65,-1.25,0.0,0.0,4.2,2.0,1017.15,67.53,-17.79
2025-03-24 17:43:28.343000+00:00,22.537039394701253,,,,356.875,-0.375,-0.438,23.0,-62.5,-2.25,-30.375,-0.029,-0.016,-0.018,0.03,0.17,9.49,-0.17,0.22,-0.24,-0.05,0.08,9.8,0.65,-1.25,0.0,0.0,4.2,2.0,1017.15,67.53,-17.79
2025-03-24 17:43:29.495000+00:00,22.537039394701253,,,,356.875,-0.375,-0.438,23.0,-62.5,-2.25,-30.375,-0.029,-0.016,-0.018,-0.32,-0.23,9.42,-0.17,0.22,-0.24,-0.05,0.08,9.8,0.65,-1.25,0.0,0.0,4.2,2.0,1017.15,67.53,-17.79
2025-03-24 17:43:30.233000+00:00,22.537039394701253,,,,356.875,-0.375,-0.438,23.0,-62.5,-2.25,-30.375,-0.029,-0.016,-0.018,-0.08,0.11,9.49,-0.17,0.22,-0.24,-0.05,0.08,9.8,0.65,-1.25,0.0,0.0,4.2,2.0,1017.15,67.53,-17.79
2025-03-24 17:43:31.206000+00:00,22.537039394701253,,,,356.875,-0.375,-0.438,23.0,-62.5,-2.25,-30.375,-0.029,-0.016,-0.018,0.0,0.26,9.29,-0.17,0.22,-0.24,-0.05,0.08,9.8,0.65,-1.25,0.0,0.0,4.2,2.0,1017.15,67.53,-17.79
2025-03-24 17:43:32.303000+00:00,22.537039394701253,,,,356.875,-0.375,-0.438,23.0,-62.5,-2.25,-30.375,-0.029,-0.016,-0.018,-0.69,0.6,9.43,-0.17,0.22,-0.24,-0.05,0.08,9.8,0.65,-1.25,0.0,0.0,4.2,2.0,1017.15,67.53,-17.79
2025-03-24 17:43:33.225000+00:00,22.537039394701253,,,,356.875,-0.375,-0.438,23.0,-62.5,-2.25,-30.375,-0.029,-0.016,-0.018,0.01,-0.14,9.3,-0.17,0.22,-0.24,-0.05,0.08,9.8,0.65,-1.25,0.0,0.0,4.2,2.0,1017.15,67.53,-17.79
2025-03-24 17:43:34.265000+00:00,22.537039394701253,,,,356.875,-0.375,-0.438,23.0,-62.5,-2.25,-30.375,-0.029,-0.016,-0.018,-0.34,-0.03,9.4,-0.17,0.22,-0.24,-0.05,0.08,9.8,0.65,-1.25,0.0,0.0,4.2,2.0,1017.15,67.53,-17.79
2025-03-24 17:43:35.256000+00:00,22.537039394701253,,,,356.875,-0.375,-0.438,23.0,-62.5,-2.25,-30.375,-0.029,-0.016,-0.018,-0.16,0.3,9.21,-0.17,0.22,-0.24,-0.05,0.08,9.8,0.65,-1.25,0.0,0.0,4.2,2.0,1017.15,67.53,-17.79
2025-03-24 17:43:36.386000+00:00,22.537039394701253,,,,356.875,-0.375,-0.438,23.0,-62.5,-2.25,-30.375,-0.029,-0.016,-0.018,-0.03,0.19,9.54,-0.17,0.22,-0.24,-0.05,0.08,9.8,0.65,-1.25,0.0,0.0,4.2,2.0,1017.15,67.53,-17.79
2025-03-24 17:43:37.362000+00:00,22.537039394701253,,,,356.875,-0.375,-0.438,23.0,-62.5,-2.25,-30.375,-0.029,-0.016,-0.018,-0.05,0.36,9.39,-0.17,0.22,-0.24,-0.05,0.08,9.8,0.65,-1.25,0.0,0.0,4.2,2.0,1017.15,67.53,-17.79
2025-03-24 17:43:38.472000+00:00,22.537039394701253,,,,356.875,-0.375,-0.438,23.0,-62.5,-2.25,-30.375,-0.029,-0.016,-0.018,-0.11,0.14,9.54,-0.17,0.22,-0.24,-0.05,0.08,9.8,0.65,-1.25,0.0,0.0,4.2,2.0,1017.15,67.53,-17.79
2025-03-24 17:43:39.315000+00:00,22.537039394701253,,,,356.875,-0.375,-0.438,23.0,-62.5,-2.25,-30.375,-0.029,-0.016,-0.018,-0.38,-0.3,9.58,-0.17,0.22,-0.24,-0.05,0.08,9.8,0.65,-1.25,0.0,0.0,4.2,2.0,1017.15,67.53,-17.79
2025-03-24 17:43:40.445000+00:00,22.537039394701253,,,,356.875,-0.375,-0.438,23.0,-62.5,-2.25,-30.375,-0.029,-0.016,-0.018,-0.16,0.22,9.44,-0.17,0.22,-0.24,-0.05,0.08,9.8,0.65,-1.25,0.0,0.0,4.2,2.0,1017.15,67.53,-17.79
2025-03-24 17:43:41.485000+00:00,22.537039394701253,,,,356.875,-0.375,-0.438,23.0,-62.5,-2.25,-30.375,-0.029,-0.016,-0.018,0.11,0.15,9.36,-0.17,0.22,-0.24,-0.05,0.08,9.8,0.65,-1.25,0.0,0.0,4.2,2.0,1017.15,67.53,-17.79
2025-03-24 17:43:42.486000+00:00,22.537039394701253,,,,356.875,-0.375,-0.438,23.0,-62.5,-2.25,-30.375,-0.029,-0.016,-0.018,0.44,0.1,9.34,-0.17,0.22,-0.24,-0.05,0.08,9.8,0.65,-1.25,0.0,0.0,4.2,2.0,1017.15,67.53,-17.79
2025-03-24 17:43:43.485000+00:00,22.537039394701253,,,,356.875,-0.375,-0.438,23.0,-62.5,-2.25,-30.375,-0.029,-0.016,-0.018,-0.26,0.45,9.54,-0.17,0.22,-0.24,-0.05,0.08,9.8,0.65,-1.25,0.0,0.0,4.2,2.0,1017.15,67.53,-17.79
2025-03-24 17:43:44.507000+00:00,22.537039394701253,,,,356.875,-0.375,-0.438,23.0,-62.5,-2.25,-30.375,-0.029,-0.016,-0.018,-0.27,0.24,9.57,-0.17,0.22,-0.24,-0.05,0.08,9.8,0.65,-1.25,0.0,0.0,4.2,2.0,1017.15,67.53,-17.79
2025-03-24 17:43:45.511000+00:00,22.537039394701253,,,,356.875,-0.375,-0.438,23.0,-62.5,-2.25,-30.375,-0.029,-0.016,-0.018,-0.57,0.5,9.38,-0.17,0.22,-0.24,-0.05,0.08,9.8,0.65,-1.25,0.0,0.0,4.2,2.0,1017.15,67.53,-17.79
2025-03-24 17:43:46.510000+00:00,22.537039394701253,,,,356.875,-0.375,-0.438,23.0,-62.5,-2.25,-30.375,-0.029,-0.016,-0.018,-0.65,0.59,9.32,-0.17,0.22,-0.24,-0.05,0.08,9.8,0.65,-1.25,0.0,0.0,4.2,2.0,1017.15,67.53,-17.79
2025-03-24 17:43:47.575000+00:00,22.537039394701253,,,,356.875,-0.375,-0.438,23.0,-62.5,-2.25,-30.375,-0.029,-0.016,-0.018,-0.19,0.03,9.62,-0.17,0.22,-0.24,-0.05,0.08,9.8,0.65,-1.25,0.0,0.0,4.2,2.0,1017.15,67.53,-17.79
2025-03-24 17:43:48.579000+00:00,22.537039394701253,,,,356.875,-0.375,-0.438,23.0,-62.5,-2.25,-30.375,-0.029,-0.016,-0.018,-0.59,0.04,9.59,-0.17,0.22,-0.24,-0.05,0.08,9.8,0.65,-1.25,0.0,0.0,4.2,2.0,1017.15,67.53,-17.79
2025-03-24 17:43:49.706000+00:00,22.537039394701253,,,,356.875,-0.375,-0.438,23.0,-62.5,-2.25,-30.375,-0.029,-0.016,-0.018,-0.24,-0.06,9.62,-0.17,0.22,-0.24,-0.05,0.08,9.8,0.65,-1.25,0.0,0.0,4.2,2.0,1017.15,67.53,-17.79
2025-03-24 17:43:50.715000+00:00,22.537039394701253,,,,356.875,-0.375,-0.438,23.0,-62.5,-2.25,-30.375,-0.029,-0.016,-0.018,0.0,-0.11,9.4,-0.17,0.22,-0.24,-0.05,0.08,9.8,0.65,-1.25,0.0,0.0,4.2,2.0,1017.15,67.53,-17.79
2025-03-24 17:43:51.834000+00:00,22.537039394701253,,,,356.875,-0.375,-0.438,23.0,-62.5,-2.25,-30.375,-0.029,-0.016,-0.018,-0.14,-0.21,9.51,-0.17,0.22,-0.24,-0.05,0.08,9.8,0.65,-1.25,0.0,0.0,4.2,2.0,1017.15,67.53,-17.79
2025-03-24 17:43:52.606000+00:00,22.537039394701253,,,,356.875,-0.375,-0.438,23.0,-62.5,-2.25,-30.375,-0.029,-0.016,-0.018,-0.21,0.09,9.48,-0.17,0.22,-0.24,-0.05,0.08,9.8,0.65,-1.25,0.0,0.0,4.2,2.0,1017.15,67.53,-17.79
2025-03-24 17:43:53.553000+00:00,22.537039394701253,,,,356.875,-0.375,-0.438,23.0,-62.5,-2.25,-30.375,-0.029,-0.016,-0.018,0.24,0.08,9.4,-0.17,0.22,-0.24,-0.05,0.08,9.8,0.65,-1.25,0.0,0.0,4.2,2.0,1017.15,67.53,-17.79
2025-03-24 17:43:54.525000+00:00,22.537039394701253,,,,356.875,-0.375,-0.438,23.0,-62.5,-2.25,-30.375,-0.029,-0.016,-0.018,-0.48,0.43,9.39,-0.17,0.22,-0.24,-0.05,0.08,9.8,0.65,-1.25,0.0,0.0,4.2,2.0,1017.15,67.53,-17.79
2025-03-24 17:43:55.532000+00:00,22.537039394701253,,,,356.875,-0.375,-0.438,23.0,-62.5,-2.25,-30.375,-0.029,-0.016,-0.018,-0.28,-0.24,9.43,-0.17,0.22,-0.24,-0.05,0.08,9.8,0.65,-1.25,0.0,0.0,4.2,2.0,1017.15,67.53,-17.79
2025-03-24 17:43:56.547000+00:00,22.537039394701253,,,,356.875,-0.375,-0.438,23.0,-62.5,-2.25,-30.375,-0.029,-0.016,-0.018,-0.32,0.37,9.29,-0.17,0.22,-0.24,-0.05,0.08,9.8,0.65,-1.25,0.0,0.0,4.2,2.0,1017.15,67.53,-17.79
2025-03-24 17:43:57.556000+00:00,22.537039394701253,,,,356.875,-0.375,-0.438,23.0,-62.5,-2.25,-30.375,-0.029,-0.016,-0.018,-0.32,0.77,9.44,-0.17,0.22,-0.24,-0.05,0.08,9.8,0.65,-1.25,0.0,0.0,4.2,2.0,1017.15,67.53,-17.79
2025-03-24 17:43:58.651000+00:00,22.537039394701253,,,,356.875,-0.375,-0.438,23.0,-62.5,-2.25,-30.375,-0.029,-0.016,-0.018,-0.13,0.75,9.17,-0.17,0.22,-0.24,-0.05,0.08,9.8,0.65,-1.25,0.0,0.0,4.2,2.0,1017.15,67.53,-17.79
2025-03-24 17:43:59.814000+00:00,22.537039394701253,,,,356.875,-0.375,-0.438,23.0,-62.5,-2.25,-30.375,-0.029,-0.016,-0.018,-0.42,-0.13,9.54,-0.17,0.22,-0.24,-0.05,0.08,9.8,0.65,-1.25,0.0,0.0,4.2,2.0,1017.15,67.53,-17.79
2025-03-24 17:44:00.881000+00:00,22.537039394701253,,,,356.875,-0.375,-0.438,23.0,-62.5,-2.25,-30.375,-0.029,-0.016,-0.018,-0.19,0.31,9.36,-0.17,0.22,-0.24,-0.05,0.08,9.8,0.65,-1.25,0.0,0.0,4.2,2.0,1017.15,67.53,-17.79
2025-03-24 17:44:01.907000+00:00,22.537039394701253,,,,356.875,-0.375,-0.438,23.0,-62.5,-2.25,-30.375,-0.029,-0.016,-0.018,-0.04,0.17,9.43,-0.17,0.22,-0.24,-0.05,0.08,9.8,0.65,-1.25,0.0,0.0,4.2,2.0,1017.15,67.53,-17.79
2025-03-24 17:44:02.554000+00:00,22.537039394701253,,,,356.875,-0.375,-0.438,23.0,-62.5,-2.25,-30.375,-0.029,-0.016,-0.018,-0.07,0.28,9.49,-0.17,0.22,-0.24,-0.05,0.08,9.8,0.65,-1.25,0.0,0.0,4.2,2.0,1017.15,67.53,-17.79
2025-03-24 17:44:03.575000+00:00,22.537039394701253,,,,356.875,-0.375,-0.438,23.0,-62.5,-2.25,-30.375,-0.029,-0.016,-0.018,0.05,0.15,9.49,-0.17,0.22,-0.24,-0.05,0.08,9.8,0.65,-1.25,0.0,0.0,4.2,2.0,1017.15,67.53,-17.79
2025-03-24 17:44:04.574000+00:00,22.537039394701253,,,,356.875,-0.375,-0.438,23.0,-62.5,-2.25,-30.375,-0.029,-0.016,-0.018,0.19,0.33,9.42,-0.17,0.22,-0.24,-0.05,0.08,9.8,0.65,-1.25,0.0,0.0,4.2,2.0,1017.15,67.53,-17.79
2025-03-24 17:44:05.575000+00:00,22.537039394701253,,,,356.875,-0.375,-0.438,23.0,-62.5,-2.25,-30.375,-0.029,-0.016,-0.018,-0.11,-0.27,9.39,-0.17,0.22,-0.24,-0.05,0.08,9.8,0.65,-1.25,0.0,0.0,4.2,2.0,1017.15,67.53,-17.79
2025-03-24 17:44:06.677000+00:00,22.537039394701253,,,,356.875,-0.375,-0.438,23.0,-62.5,-2.25,-30.375,-0.029,-0.016,-0.018,-0.15,-0.22,9.29,-0.17,0.22,-0.24,-0.05,0.08,9.8,0.65,-1.25,0.0,0.0,4.2,2.0,1017.15,67.53,-17.79
2025-03-24 17:44:07.661000+00:00,22.537039394701253,,,,356.875,-0.375,-0.438,23.0,-62.5,-2.25,-30.375,-0.029,-0.016,-0.018,0.34,0.02,9.4,-0.17,0.22,-0.24,-0.05,0.08,9.8,0.65,-1.25,0.0,0.0,4.2,2.0,1017.15,67.53,-17.79
2025-03-24 17:44:08.780000+00:00,22.537039394701253,,,,356.875,-0.375,-0.438,23.0,-62.5,-2.25,-30.375,-0.029,-0.016,-0.018,-0.1,0.41,9.38,-0.17,0.22,-0.24,-0.05,0.08,9.8,0.65,-1.25,0.0,0.0,4.2,2.0,1017.15,67.53,-17.79
2025-03-24 17:44:09.594000+00:00,22.537039394701253,,,,356.875,-0.375,-0.438,23.0,-62.5,-2.25,-30.375,-0.029,-0.016,-0.018,-0.07,0.6,9.33,-0.17,0.22,-0.24,-0.05,0.08,9.8,0.65,-1.25,0.0,0.0,4.2,2.0,1017.15,67.53,-17.79
2025-03-24 17:44:10.613000+00:00,22.537039394701253,,,,356.875,-0.375,-0.438,23.0,-62.5,-2.25,-30.375,-0.029,-0.016,-0.018,-0.36,0.22,9.35,-0.17,0.22,-0.24,-0.05,0.08,9.8,0.65,-1.25,0.0,0.0,4.2,2.0,1017.15,67.53,-17.79
2025-03-24 17:44:11.634000+00:00,22.537039394701253,,,,356.875,-0.375,-0.438,23.0,-62.5,-2.25,-30.375,-0.029,-0.016,-0.018,-0.49,-0.12,9.51,-0.17,0.22,-0.24,-0.05,0.08,9.8,0.65,-1.25,0.0,0.0,4.2,2.0,1017.15,67.53,-17.79
2025-03-24 17:44:12.724000+00:00,22.537039394701253,,,,356.875,-0.375,-0.438,23.0,-62.5,-2.25,-30.375,-0.029,-0.016,-0.018,0.0,0.64,9.46,-0.17,0.22,-0.24,-0.05,0.08,9.8,0.65,-1.25,0.0,0.0,4.2,2.0,1017.15,67.53,-17.79
2025-03-24 17:44:13.751000+00:00,22.537039394701253,,,,356.875,-0.375,-0.438,23.0,-62.5,-2.25,-30.375,-0.029,-0.016,-0.018,-0.27,0.43,9.43,-0.17,0.22,-0.24,-0.05,0.08,9.8,0.65,-1.25,0.0,0.0,4.2,2.0,1017.15,67.53,-17.79
2025-03-24 17:44:14.894000+00:00,22.537039394701253,,,,356.875,-0.375,-0.438,23.0,-62.5,-2.25,-30.375,-0.029,-0.016,-0.018,-0.69,0.34,9.47,-0.17,0.22,-0.24,-0.05,0.08,9.8,0.65,-1.25,0.0,0.0,4.2,2.0,1017.15,67.53,-17.79
2025-03-24 17:44:15.903000+00:00,22.537039394701253,,,,356.875,-0.375,-0.438,23.0,-62.5,-2.25,-30.375,-0.029,-0.016,-0.018,0.12,0.05,9.43,-0.17,0.22,-0.24,-0.05,0.08,9.8,0.65,-1.25,0.0,0.0,4.2,2.0,1017.15,67.53,-17.79
2025-03-24 17:44:16.970000+00:00,22.537039394701253,,,,356.875,-0.375,-0.438,23.0,-62.5,-2.25,-30.375,-0.029,-0.016,-0.018,-0.35,-0.29,9.37,-0.17,0.22,-0.24,-0.05,0.08,9.8,0.65,-1.25,0.0,0.0,4.2,2.0,1017.15,67.53,-17.79
2025-03-24 17:44:17.680000+00:00,22.537039394701253,,,,356.875,-0.375,-0.438,23.0,-62.5,-2.25,-30.375,-0.029,-0.016,-0.018,-0.35,0.35,9.6,-0.17,0.22,-0.24,-0.05,0.08,9.8,0.65,-1.25,0.0,0.0,4.2,2.0,1017.15,67.53,-17.79
2025-03-24 17:43:18.126000+00:00,22.537039394701253,,,,356.875,-0.375,-0.438,23.0,-62.5,-2.25,-30.375,-0.029,-0.016,-0.018,-0.35,0.35,9.6,-0.17,0.22,-0.24,-0.05,0.08,9.8,0.65,-1.25,0.0,0.0,4.2,2.0,1017.15,67.53,-17.79
2025-03-24 17:43:19.178000+00:00,22.537039394701253,,,,356.875,-0.375,-0.438,23.0,-62.5,-2.25,-30.375,-0.029,-0.016,-0.018,-0.35,0.35,9.6,-0.29,-0.4,-0.25,-0.05,0.08,9.8,0.65,-1.25,0.0,0.0,4.2,2.0,1017.15,67.53,-17.79
2025-03-24 17:43:20.156000+00:00,22.537039394701253,,,,356.875,-0.375,-0.438,23.0,-62.5,-2.25,-30.375,-0.029,-0.016,-0.018,-0.35,0.35,9.6,-0.21,-0.24,-0.29,-0.05,0.08,9.8,0.65,-1.25,0.0,0.0,4.2,2.0,1017.15,67.53,-17.79
2025-03-24 17:43:21.179000+00:00,22.537039394701253,,,,356.875,-0.375,-0.438,23.0,-62.5,-2.25,-30.375,-0.029,-0.016,-0.018,-0.35,0.35,9.6,-0.3,-0.08,-0.35,-0.05,0.08,9.8,0.65,-1.25,0.0,0.0,4.2,2.0,1017.15,67.53,-17.79
2025-03-24 17:43:22.206000+00:00,22.537039394701253,,,,356.875,-0.375,-0.438,23.0,-62.5,-2.25,-30.375,-0.029,-0.016,-0.018,-0.35,0.35,9.6,-0.42,0.61,-0.27,-0.05,0.08,9.8,0.65,-1.25,0.0,0.0,4.2,2.0,1017.15,67.53,-17.79
2025-03-24 17:43:23.196000+00:00,22.537039394701253,,,,356.875,-0.375,-0.438,23.0,-62.5,-2.25,-30.375,-0.029,-0.016,-0.018,-0.35,0.35,9.6,0.22,-0.53,-0.37,-0.05,0.08,9.8,0.65,-1.25,0.0,0.0,4.2,2.0,1017.15,67.53,-17.79
2025-03-24 17:43:24.206000+00:00,22.537039394701253,,,,356.875,-0.375,-0.438,23.0,-62.5,-2.25,-30.375,-0.029,-0.016,-0.018,-0.35,0.35,9.6,-0.06,0.14,-0.34,-0.05,0.08,9.8,0.65,-1.25,0.0,0.0,4.2,2.0,1017.15,67.53,-17.79
2025-03-24 17:43:25.320000+00:00,22.537039394701253,,,,356.875,-0.375,-0.438,23.0,-62.5,-2.25,-30.375,-0.029,-0.016,-0.018,-0.35,0.35,9.6,-0.17,0.03,-0.37,-0.05,0.08,9.8,0.65,-1.25,0.0,0.0,4.2,2.0,1017.15,67.53,-17.79
2025-03-24 17:43:26.336000+00:00,22.537039394701253,,,,356.875,-0.375,-0.438,23.0,-62.5,-2.25,-30.375,-0.029,-0.016,-0.018,-0.35,0.35,9.6,0.15,0.17,-0.4,-0.05,0.08,9.8,0.65,-1.25,0.0,0.0,4.2,2.0,1017.15,67.53,-17.79
2025-03-24 17:43:27.263000+00:00,22.537039394701253,,,,356.875,-0.375,-0.438,23.0,-62.5,-2.25,-30.375,-0.029,-0.016,-0.018,-0.35,0.35,9.6,-0.23,-0.45,-0.21,-0.05,0.08,9.8,0.65,-1.25,0.0,0.0,4.2,2.0,1017.15,67.53,-17.79
2025-03-24 17:43:28.396000+00:00,22.537039394701253,,,,356.875,-0.375,-0.438,23.0,-62.5,-2.25,-30.375,-0.029,-0.016,-0.018,-0.35,0.35,9.6,0.11,0.06,-0.31,-0.05,0.08,9.8,0.65,-1.25,0.0,0.0,4.2,2.0,1017.15,67.53,-17.79
2025-03-24 17:43:29.545000+00:00,22.537039394701253,,,,356.875,-0.375,-0.438,23.0,-62.5,-2.25,-30.375,-0.029,-0.016,-0.018,-0.35,0.35,9.6,-0.23,-0.34,-0.38,-0.05,0.08,9.8,0.65,-1.25,0.0,0.0,4.2,2.0,1017.15,67.53,-17.79
2025-03-24 17:43:30.285000+00:00,22.537039394701253,,,,356.875,-0.375,-0.438,23.0,-62.5,-2.25,-30.375,-0.029,-0.016,-0.018,-0.35,0.35,9.6,0.01,0.0,-0.31,-0.05,0.08,9.8,0.65,-1.25,0.0,0.0,4.2,2.0,1017.15,67.53,-17.79
2025-03-24 17:43:31.256000+00:00,22.537039394701253,,,,356.875,-0.375,-0.438,23.0,-62.5,-2.25,-30.375,-0.029,-0.016,-0.018,-0.35,0.35,9.6,0.09,0.17,-0.5,-0.05,0.08,9.8,0.65,-1.25,0.0,0.0,4.2,2.0,1017.15,67.53,-17.79
2025-03-24 17:43:32.355000+00:00,22.537039394701253,,,,356.875,-0.375,-0.438,23.0,-62.5,-2.25,-30.375,-0.029,-0.016,-0.018,-0.35,0.35,9.6,-0.6,0.52,-0.37,-0.05,0.08,9.8,0.65,-1.25,0.0,0.0,4.2,2.0,1017.15,67.53,-17.79
2025-03-24 17:43:33.276000+00:00,22.537039394701253,,,,356.875,-0.375,-0.438,23.0,-62.5,-2.25,-30.375,-0.029,-0.016,-0.018,-0.35,0.35,9.6,0.09,-0.2,-0.49,-0.05,0.08,9.8,0.65,-1.25,0.0,0.0,4.2,2.0,1017.15,67.53,-17.79
2025-03-24 17:43:34.322000+00:00,22.537039394701253,,,,356.875,-0.375,-0.438,23.0,-62.5,-2.25,-30.375,-0.029,-0.016,-0.018,-0.35,0.35,9.6,-0.28,-0.1,-0.4,-0.05,0.08,9.8,0.65,-1.25,0.0,0.0,4.2,2.0,1017.15,67.53,-17.79
2025-03-24 17:43:35.305000+00:00,22.537039394701253,,,,356.875,-0.375,-0.438,23.0,-62.5,-2.25,-30.375,-0.029,-0.016,-0.018,-0.35,0.35,9.6,-0.1,0.23,-0.58,-0.05,0.08,9.8,0.65,-1.25,0.0,0.0,4.2,2.0,1017.15,67.53,-17.79
2025-03-24 17:43:36.435000+00:00,22.537039394701253,,,,356.875,-0.375,-0.438,23.0,-62.5,-2.25,-30.375,-0.029,-0.016,-0.018,-0.35,0.35,9.6,0.04,0.11,-0.26,-0.05,0.08,9.8,0.65,-1.25,0.0,0.0,4.2,2.0,1017.15,67.53,-17.79
2025-03-24 17:43:37.423000+00:00,22.537039394701253,,,,356.875,-0.375,-0.438,23.0,-62.5,-2.25,-30.375,-0.029,-0.016,-0.018,-0.35,0.35,9.6,0.02,0.27,-0.41,-0.05,0.08,9.8,0.65,-1.25,0.0,0.0,4.2,2.0,1017.15,67.53,-17.79
2025-03-24 17:43:38.525000+00:00,22.537039394701253,,,,356.875,-0.375,-0.438,23.0,-62.5,-2.25,-30.375,-0.029,-0.016,-0.018,-0.35,0.35,9.6,-0.04,0.07,-0.26,-0.05,0.08,9.8,0.65,-1.25,0.0,0.0,4.2,2.0,1017.15,67.53,-17.79
2025-03-24 17:43:39.366000+00:00,22.537039394701253,,,,356.875,-0.375,-0.438,23.0,-62.5,-2.25,-30.375,-0.029,-0.016,-0.018,-0.35,0.35,9.6,-0.09,-0.04,-0.33,-0.05,0.08,9.8,0.65,-1.25,0.0,0.0,4.2,2.0,1017.15,67.53,-17.79
2025-03-24 17:43:40.654000+00:00,22.537039394701253,,,,356.875,-0.375,-0.438,23.0,-62.5,-2.25,-30.375,-0.029,-0.016,-0.018,-0.35,0.35,9.6,-0.08,0.13,-0.35,-0.05,0.08,9.8,0.65,-1.25,0.0,0.0,4.2,2.0,1017.15,67.53,-17.79
2025-03-24 17:43:41.536000+00:00,22.537039394701253,,,,356.875,-0.375,-0.438,23.0,-62.5,-2.25,-30.375,-0.029,-0.016,-0.018,-0.35,0.35,9.6,0.18,0.08,-0.43,-0.05,0.08,9.8,0.65,-1.25,0.0,0.0,4.2,2.0,1017.15,67.53,-17.79
2025-03-24 17:43:42.535000+00:00,22.537039394701253,,,,356.875,-0.375,-0.438,23.0,-62.5,-2.25,-30.375,-0.029,-0.016,-0.018,-0.35,0.35,9.6,0.51,0.02,-0.45,-0.05,0.08,9.8,0.65,-1.25,0.0,0.0,4.2,2.0,1017.15,67.53,-17.79
2025-03-24 17:43:43.542000+00:00,22.537039394701253,,,,356.875,-0.375,-0.438,23.0,-62.5,-2.25,-30.375,-0.029,-0.016,-0.018,-0.35,0.35,9.6,-0.21,0.38,-0.26,-0.05,0.08,9.8,0.65,-1.25,0.0,0.0,4.2,2.0,1017.15,67.53,-17.79
2025-03-24 17:43:44.566000+00:00,22.537039394701253,,,,356.875,-0.375,-0.438,23.0,-62.5,-2.25,-30.375,-0.029,-0.016,-0.018,-0.35,0.35,9.6,-0.22,0.17,-0.23,-0.05,0.08,9.8,0.65,-1.25,0.0,0.0,4.2,2.0,1017.15,67.53,-17.79
2025-03-24 17:43:45.565000+00:00,22.537039394701253,,,,356.875,-0.375,-0.438,23.0,-62.5,-2.25,-30.375,-0.029,-0.016,-0.018,-0.35,0.35,9.6,-0.51,0.43,-0.42,-0.05,0.08,9.8,0.65,-1.25,0.0,0.0,4.2,2.0,1017.15,67.53,-17.79
2025-03-24 17:43:46.575000+00:00,22.537039394701253,,,,356.875,-0.375,-0.438,23.0,-62.5,-2.25,-30.375,-0.029,-0.016,-0.018,-0.35,0.35,9.6,-0.58,0.49,-0.47,-0.05,0.08,9.8,0.65,-1.25,0.0,0.0,4.2,2.0,1017.15,67.53,-17.79
2025-03-24 17:43:47.632000+00:00,22.537039394701253,,,,356.875,-0.375,-0.438,23.0,-62.5,-2.25,-30.375,-0.029,-0.016,-0.018,-0.35,0.35,9.6,-0.09,-0.06,-0.18,-0.05,0.08,9.8,0.65,-1.25,0.0,0.0,4.2,2.0,1017.15,67.53,-17.79
2025-03-24 17:43:48.626000+00:00,22.537039394701253,,,,356.875,-0.375,-0.438,23.0,-62.5,-2.25,-30.375,-0.029,-0.016,-0.018,-0.35,0.35,9.6,-0.52,-0.05,-0.2,-0.05,0.08,9.8,0.65,-1.25,0.0,0.0,4.2,2.0,1017.15,67.53,-17.79
2025-03-24 17:43:49.761000+00:00,22.537039394701253,,,,356.875,-0.375,-0.438,23.0,-62.5,-2.25,-30.375,-0.029,-0.016,-0.018,-0.35,0.35,9.6,-0.19,-0.14,-0.18,-0.05,0.08,9.8,0.65,-1.25,0.0,0.0,4.2,2.0,1017.15,67.53,-17.79
2025-03-24 17:43:50.766000+00:00,22.537039394701253,,,,356.875,-0.375,-0.438,23.0,-62.5,-2.25,-30.375,-0.029,-0.016,-0.018,-0.35,0.35,9.6,0.04,-0.18,-0.39,-0.05,0.08,9.8,0.65,-1.25,0.0,0.0,4.2,2.0,1017.15,67.53,-17.79
2025-03-24 17:43:51.891000+00:00,22.537039394701253,,,,356.875,-0.375,-0.438,23.0,-62.5,-2.25,-30.375,-0.029,-0.016,-0.018,-0.35,0.35,9.6,-0.09,-0.27,-0.29,-0.05,0.08,9.8,0.65,-1.25,0.0,0.0,4.2,2.0,1017.15,67.53,-17.79
2025-03-24 17:43:52.664000+00:00,22.537039394701253,,,,356.875,-0.375,-0.438,23.0,-62.5,-2.25,-30.375,-0.029,-0.016,-0.018,-0.35,0.35,9.6,-0.16,0.02,-0.32,-0.05,0.08,9.8,0.65,-1.25,0.0,0.0,4.2,2.0,1017.15,67.53,-17.79
2025-03-24 17:43:53.608000+00:00,22.537039394701253,,,,356.875,-0.375,-0.438,23.0,-62.5,-2.25,-30.375,-0.029,-0.016,-0.018,-0.35,0.35,9.6,0.28,0.01,-0.39,-0.05,0.08,9.8,0.65,-1.25,0.0,0.0,4.2,2.0,1017.15,67.53,-17.79
2025-03-24 17:43:54.581000+00:00,22.537039394701253,,,,356.875,-0.375,-0.438,23.0,-62.5,-2.25,-30.375,-0.029,-0.016,-0.018,-0.35,0.35,9.6,-0.44,0.36,-0.4,-0.05,0.08,9.8,0.65,-1.25,0.0,0.0,4.2,2.0,1017.15,67.53,-17.79
2025-03-24 17:43:55.587000+00:00,22.537039394701253,,,,356.875,-0.375,-0.438,23.0,-62.5,-2.25,-30.375,-0.029,-0.016,-0.018,-0.35,0.35,9.6,-0.22,-0.32,-0.37,-0.05,0.08,9.8,0.65,-1.25,0.0,0.0,4.2,2.0,1017.15,67.53,-17.79
2025-03-24 17:43:56.595000+00:00,22.537039394701253,,,,356.875,-0.375,-0.438,23.0,-62.5,-2.25,-30.375,-0.029,-0.016,-0.018,-0.35,0.35,9.6,-0.25,0.26,-0.5,-0.05,0.08,9.8,0.65,-1.25,0.0,0.0,4.2,2.0,1017.15,67.53,-17.79
2025-03-24 17:43:57.605000+00:00,22.537039394701253,,,,356.875,-0.375,-0.438,23.0,-62.5,-2.25,-30.375,-0.029,-0.016,-0.018,-0.35,0.35,9.6,-0.25,0.66,-0.36,-0.05,0.08,9.8,0.65,-1.25,0.0,0.0,4.2,2.0,1017.15,67.53,-17.79
2025-03-24 17:43:58.709000+00:00,22.537039394701253,,,,356.875,-0.375,-0.438,23.0,-62.5,-2.25,-30.375,-0.029,-0.016,-0.018,-0.35,0.35,9.6,-0.09,0.66,-0.63,-0.05,0.08,9.8,0.65,-1.25,0.0,0.0,4.2,2.0,1017.15,67.53,-17.79
2025-03-24 17:43:59.871000+00:00,22.537039394701253,,,,356.875,-0.375,-0.438,23.0,-62.5,-2.25,-30.375,-0.029,-0.016,-0.018,-0.35,0.35,9.6,-0.39,-0.2,-0.25,-0.05,0.08,9.8,0.65,-1.25,0.0,0.0,4.2,2.0,1017.15,67.53,-17.79
2025-03-24 17:44:00.939000+00:00,22.537039394701253,,,,356.875,-0.375,-0.438,23.0,-62.5,-2.25,-30.375,-0.029,-0.016,-0.018,-0.35,0.35,9.6,-0.17,0.25,-0.44,-0.05,0.08,9.8,0.65,-1.25,0.0,0.0,4.2,2.0,1017.15,67.53,-17.79
2025-03-24 17:44:01.961000+00:00,22.537039394701253,,,,356.875,-0.375,-0.438,23.0,-62.5,-2.25,-30.375,-0.029,-0.016,-0.018,-0.35,0.35,9.6,0.0,0.11,-0.37,-0.05,0.08,9.8,0.65,-1.25,0.0,0.0,4.2,2.0,1017.15,67.53,-17.79
2025-03-24 17:44:02.612000+00:00,22.537039394701253,,,,356.875,-0.375,-0.438,23.0,-62.5,-2.25,-30.375,-0.029,-0.016,-0.018,-0.35,0.35,9.6,-0.01,0.2,-0.31,-0.05,0.08,9.8,0.65,-1.25,0.0,0.0,4.2,2.0,1017.15,67.53,-17.79
2025-03-24 17:44:03.624000+00:00,22.537039394701253,,,,356.875,-0.375,-0.438,23.0,-62.5,-2.25,-30.375,-0.029,-0.016,-0.018,-0.35,0.35,9.6,0.0,0.09,-0.39,-0.05,0.08,9.8,0.65,-1.25,0.0,0.0,4.2,2.0,1017.15,67.53,-17.79
2025-03-24 17:44:04.631000+00:00,22.537039394701253,,,,356.875,-0.375,-0.438,23.0,-62.5,-2.25,-30.375,-0.029,-0.016,-0.018,-0.35,0.35,9.6,0.23,0.25,-0.38,-0.05,0.08,9.8,0.65,-1.25,0.0,0.0,4.2,2.0,1017.15,67.53,-17.79
2025-03-24 17:44:05.624000+00:00,22.537039394701253,,,,356.875,-0.375,-0.438,23.0,-62.5,-2.25,-30.375,-0.029,-0.016,-0.018,-0.35,0.35,9.6,-0.04,-0.36,-0.4,-0.05,0.08,9.8,0.65,-1.25,0.0,0.0,4.2,2.0,1017.15,67.53,-17.79
2025-03-24 17:44:06.731000+00:00,22.537039394701253,,,,356.875,-0.375,-0.438,23.0,-62.5,-2.25,-30.375,-0.029,-0.016,-0.018,-0.35,0.35,9.6,-0.09,-0.29,-0.51,-0.05,0.08,9.8,0.65,-1.25,0.0,0.0,4.2,2.0,1017.15,67.53,-17.79
2025-03-24 17:44:07.714000+00:00,22.537039394701253,,,,356.875,-0.375,-0.438,23.0,-62.5,-2.25,-30.375,-0.029,-0.016,-0.018,-0.35,0.35,9.6,0.42,-0.04,-0.4,-0.05,0.08,9.8,0.65,-1.25,0.0,0.0,4.2,2.0,1017.15,67.53,-17.79
2025-03-24 17:44:08.841000+00:00,22.537039394701253,,,,356.875,-0.375,-0.438,23.0,-62.5,-2.25,-30.375,-0.029,-0.016,-0.018,-0.35,0.35,9.6,-0.02,0.32,-0.42,-0.05,0.08,9.8,0.65,-1.25,0.0,0.0,4.2,2.0,1017.15,67.53,-17.79
2025-03-24 17:44:09.650000+00:00,22.537039394701253,,,,356.875,-0.375,-0.438,23.0,-62.5,-2.25,-30.375,-0.029,-0.016,-0.018,-0.35,0.35,9.6,0.0,0.52,-0.46,-0.05,0.08,9.8,0.65,-1.25,0.0,0.0,4.2,2.0,1017.15,67.53,-17.79
2025-03-24 17:44:10.673000+00:00,22.537039394701253,,,,356.875,-0.375,-0.438,23.0,-62.5,-2.25,-30.375,-0.029,-0.016,-0.018,-0.35,0.35,9.6,-0.32,0.13,-0.44,-0.05,0.08,9.8,0.65,-1.25,0.0,0.0,4.2,2.0,1017.15,67.53,-17.79
2025-03-24 17:44:11.684000+00:00,22.537039394701253,,,,356.875,-0.375,-0.438,23.0,-62.5,-2.25,-30.375,-0.029,-0.016,-0.018,-0.35,0.35,9.6,-0.44,-0.2,-0.28,-0.05,0.08,9.8,0.65,-1.25,0.0,0.0,4.2,2.0,1017.15,67.53,-17.79
2025-03-24 17:44:12.781000+00:00,22.537039394701253,,,,356.875,-0.375,-0.438,23.0,-62.5,-2.25,-30.375,-0.029,-0.016,-0.018,-0.35,0.35,9.6,0.03,0.54,-0.34,-0.05,0.08,9.8,0.65,-1.25,0.0,0.0,4.2,2.0,1017.15,67.53,-17.79
2025-03-24 17:44:13.808000+00:00,22.537039394701253,,,,356.875,-0.375,-0.438,23.0,-62.5,-2.25,-30.375,-0.029,-0.016,-0.018,-0.35,0.35,9.6,-0.21,0.35,-0.37,-0.05,0.08,9.8,0.65,-1.25,0.0,0.0,4.2,2.0,1017.15,67.53,-17.79
2025-03-24 17:44:14.953000+00:00,22.537039394701253,,,,356.875,-0.375,-0.438,23.0,-62.5,-2.25,-30.375,-0.029,-0.016,-0.018,-0.35,0.35,9.6,-0.63,0.26,-0.32,-0.05,0.08,9.8,0.65,-1.25,0.0,0.0,4.2,2.0,1017.15,67.53,-17.79
2025-03-24 17:44:15.960000+00:00,22.537039394701253,,,,356.875,-0.375,-0.438,23.0,-62.5,-2.25,-30.375,-0.029,-0.016,-0.018,-0.35,0.35,9.6,0.17,-0.02,-0.36,-0.05,0.08,9.8,0.65,-1.25,0.0,0.0,4.2,2.0,1017.15,67.53,-17.79
2025-03-24 17:44:17.034000+00:00,22.537039394701253,,,,356.875,-0.375,-0.438,23.0,-62.5,-2.25,-30.375,-0.029,-0.016,-0.018,-0.35,0.35,9.6,-0.21,-0.08,-0.23,-0.05,0.08,9.8,0.65,-1.25,0.0,0.0,4.2,2.0,1017.15,67.53,-17.79
2025-03-24 17:44:17.734000+00:00,22.537039394701253,,,,356.875,-0.375,-0.438,23.0,-62.5,-2.25,-30.375,-0.029,-0.016,-0.018,-0.35,0.35,9.6,-0.36,0.16,-0.58,-0.05,0.08,9.8,0.65,-1.25,0.0,0.0,4.2,2.0,1017.15,67.53,-17.79
2025-03-24 17:43:18.177000+00:00,22.537039394701253,,,,356.875,-0.375,-0.438,23.0,-62.5,-2.25,-30.375,-0.029,-0.016,-0.018,-0.35,0.35,9.6,-0.36,0.16,-0.58,-0.05,0.08,9.8,0.65,-1.25,0.0,0.0,4.2,2.0,1017.15,67.53,-17.79
2025-03-24 17:43:19.233000+00:00,22.537039394701253,,,,356.875,-0.375,-0.438,23.0,-62.5,-2.25,-30.375,-0.029,-0.016,-0.018,-0.35,0.35,9.6,-0.36,0.16,-0.58,-0.06,0.09,9.8,0.65,-1.25,0.0,0.0,4.2,2.0,1017.15,67.53,-17.79
2025-03-24 17:43:20.206000+00:00,22.537039394701253,,,,356.875,-0.375,-0.438,23.0,-62.5,-2.25,-30.375,-0.029,-0.016,-0.018,-0.35,0.35,9.6,-0.36,0.16,-0.58,-0.07,0.1,9.8,0.65,-1.25,0.0,0.0,4.2,2.0,1017.15,67.53,-17.79
2025-03-24 17:43:21.226000+00:00,22.537039394701253,,,,356.875,-0.375,-0.438,23.0,-62.5,-2.25,-30.375,-0.029,-0.016,-0.018,-0.35,0.35,9.6,-0.36,0.16,-0.58,-0.06,0.09,9.8,0.65,-1.25,0.0,0.0,4.2,2.0,1017.15,67.53,-17.79
2025-03-24 17:43:22.258000+00:00,22.537039394701253,,,,356.875,-0.375,-0.438,23.0,-62.5,-2.25,-30.375,-0.029,-0.016,-0.018,-0.35,0.35,9.6,-0.36,0.16,-0.58,-0.06,0.09,9.8,0.65,-1.25,0.0,0.0,4.2,2.0,1017.15,67.53,-17.79
2025-03-24 17:43:23.246000+00:00,22.537039394701253,,,,356.875,-0.375,-0.438,23.0,-62.5,-2.25,-30.375,-0.029,-0.016,-0.018,-0.35,0.35,9.6,-0.36,0.16,-0.58,-0.05,0.09,9.8,0.65,-1.25,0.0,0.0,4.2,2.0,1017.15,67.53,-17.79
2025-03-24 17:43:24.257000+00:00,22.537039394701253,,,,356.875,-0.375,-0.438,23.0,-62.5,-2.25,-30.375,-0.029,-0.016,-0.018,-0.35,0.35,9.6,-0.36,0.16,-0.58,-0.06,0.1,9.8,0.65,-1.25,0.0,0.0,4.2,2.0,1017.15,67.53,-17.79
2025-03-24 17:43:25.369000+00:00,22.537039394701253,,,,356.875,-0.375,-0.438,23.0,-62.5,-2.25,-30.375,-0.029,-0.016,-0.018,-0.35,0.35,9.6,-0.36,0.16,-0.58,-0.06,0.1,9.8,0.65,-1.25,0.0,0.0,4.2,2.0,1017.15,67.53,-17.79
2025-03-24 17:43:26.386000+00:00,22.537039394701253,,,,356.875,-0.375,-0.438,23.0,-62.5,-2.25,-30.375,-0.029,-0.016,-0.018,-0.35,0.35,9.6,-0.36,0.16,-0.58,-0.06,0.11,9.8,0.65,-1.25,0.0,0.0,4.2,2.0,1017.15,67.53,-17.79
2025-03-24 17:43:27.317000+00:00,22.537039394701253,,,,356.875,-0.375,-0.438,23.0,-62.5,-2.25,-30.375,-0.029,-0.016,-0.018,-0.35,0.35,9.6,-0.36,0.16,-0.58,-0.05,0.1,9.8,0.65,-1.25,0.0,0.0,4.2,2.0,1017.15,67.53,-17.79
2025-03-24 17:43:28.446000+00:00,22.537039394701253,,,,356.875,-0.375,-0.438,23.0,-62.5,-2.25,-30.375,-0.029,-0.016,-0.018,-0.35,0.35,9.6,-0.36,0.16,-0.58,-0.08,0.1,9.8,0.65,-1.25,0.0,0.0,4.2,2.0,1017.15,67.53,-17.79
2025-03-24 17:43:29.595000+00:00,22.537039394701253,,,,356.875,-0.375,-0.438,23.0,-62.5,-2.25,-30.375,-0.029,-0.016,-0.018,-0.35,0.35,9.6,-0.36,0.16,-0.58,-0.09,0.11,9.8,0.65,-1.25,0.0,0.0,4.2,2.0,1017.15,67.53,-17.79
2025-03-24 17:43:30.337000+00:00,22.537039394701253,,,,356.875,-0.375,-0.438,23.0,-62.5,-2.25,-30.375,-0.029,-0.016,-0.018,-0.35,0.35,9.6,-0.36,0.16,-0.58,-0.09,0.11,9.8,0.65,-1.25,0.0,0.0,4.2,2.0,1017.15,67.53,-17.79
2025-03-24 17:43:31.305000+00:00,22.537039394701253,,,,356.875,-0.375,-0.438,23.0,-62.5,-2.25,-30.375,-0.029,-0.016,-0.018,-0.35,0.35,9.6,-0.36,0.16,-0.58,-0.09,0.09,9.8,0.65,-1.25,0.0,0.0,4.2,2.0,1017.15,67.53,-17.79
2025-03-24 17:43:32.405000+00:00,22.537039394701253,,,,356.875,-0.375,-0.438,23.0,-62.5,-2.25,-30.375,-0.029,-0.016,-0.018,-0.35,0.35,9.6,-0.36,0.16,-0.58,-0.08,0.08,9.8,0.65,-1.25,0.0,0.0,4.2,2.0,1017.15,67.53,-17.79
2025-03-24 17:43:33.332000+00:00,22.537039394701253,,,,356.875,-0.375,-0.438,23.0,-62.5,-2.25,-30.375,-0.029,-0.016,-0.018,-0.35,0.35,9.6,-0.36,0.16,-0.58,-0.07,0.05,9.8,0.65,-1.25,0.0,0.0,4.2,2.0,1017.15,67.53,-17.79
2025-03-24 17:43:34.375000+00:00,22.537039394701253,,,,356.875,-0.375,-0.438,23.0,-62.5,-2.25,-30.375,-0.029,-0.016,-0.018,-0.35,0.35,9.6,-0.36,0.16,-0.58,-0.06,0.07,9.8,0.65,-1.25,0.0,0.0,4.2,2.0,1017.15,67.53,-17.79
2025-03-24 17:43:35.356000+00:00,22.537039394701253,,,,356.875,-0.375,-0.438,23.0,-62.5,-2.25,-30.375,-0.029,-0.016,-0.018,-0.35,0.35,9.6,-0.36,0.16,-0.58,-0.05,0.07,9.8,0.65,-1.25,0.0,0.0,4.2,2.0,1017.15,67.53,-17.79
2025-03-24 17:43:36.486000+00:00,22.537039394701253,,,,356.875,-0.375,-0.438,23.0,-62.5,-2.25,-30.375,-0.029,-0.016,-0.018,-0.35,0.35,9.6,-0.36,0.16,-0.58,-0.07,0.07,9.8,0.65,-1.25,0.0,0.0,4.2,2.0,1017.15,67.53,-17.79
2025-03-24 17:43:37.475000+00:00,22.537039394701253,,,,356.875,-0.375,-0.438,23.0,-62.5,-2.25,-30.375,-0.029,-0.016,-0.018,-0.35,0.35,9.6,-0.36,0.16,-0.58,-0.07,0.09,9.8,0.65,-1.25,0.0,0.0,4.2,2.0,1017.15,67.53,-17.79
2025-03-24 17:43:38.576000+00:00,22.537039394701253,,,,356.875,-0.375,-0.438,23.0,-62.5,-2.25,-30.375,-0.029,-0.016,-0.018,-0.35,0.35,9.6,-0.36,0.16,-0.58,-0.06,0.06,9.8,0.65,-1.25,0.0,0.0,4.2,2.0,1017.15,67.53,-17.79
2025-03-24 17:43:39.422000+00:00,22.537039394701253,,,,356.875,-0.375,-0.438,23.0,-62.5,-2.25,-30.375,-0.029,-0.016,-0.018,-0.35,0.35,9.6,-0.36,0.16,-0.58,-0.06,0.08,9.8,0.65,-1.25,0.0,0.0,4.2,2.0,1017.15,67.53,-17.79
2025-03-24 17:43:40.704000+00:00,22.537039394701253,,,,356.875,-0.375,-0.438,23.0,-62.5,-2.25,-30.375,-0.029,-0.016,-0.018,-0.35,0.35,9.6,-0.36,0.16,-0.58,-0.08,0.09,9.8,0.65,-1.25,0.0,0.0,4.2,2.0,1017.15,67.53,-17.79
2025-03-24 17:43:41.585000+00:00,22.537039394701253,,,,356.875,-0.375,-0.438,23.0,-62.5,-2.25,-30.375,-0.029,-0.016,-0.018,-0.35,0.35,9.6,-0.36,0.16,-0.58,-0.07,0.07,9.8,0.65,-1.25,0.0,0.0,4.2,2.0,1017.15,67.53,-17.79
2025-03-24 17:43:42.584000+00:00,22.537039394701253,,,,356.875,-0.375,-0.438,23.0,-62.5,-2.25,-30.375,-0.029,-0.016,-0.018,-0.35,0.35,9.6,-0.36,0.16,-0.58,-0.06,0.07,9.8,0.65,-1.25,0.0,0.0,4.2,2.0,1017.15,67.53,-17.79
2025-03-24 17:43:43.602000+00:00,22.537039394701253,,,,356.875,-0.375,-0.438,23.0,-62.5,-2.25,-30.375,-0.029,-0.016,-0.018,-0.35,0.35,9.6,-0.36,0.16,-0.58,-0.05,0.06,9.8,0.65,-1.25,0.0,0.0,4.2,2.0,1017.15,67.53,-17.79
2025-03-24 17:43:44.616000+00:00,22.537039394701253,,,,356.875,-0.375,-0.438,23.0,-62.5,-2.25,-30.375,-0.029,-0.016,-0.018,-0.35,0.35,9.6,-0.36,0.16,-0.58,-0.04,0.06,9.8,0.65,-1.25,0.0,0.0,4.2,2.0,1017.15,67.53,-17.79
2025-03-24 17:43:45.615000+00:00,22.537039394701253,,,,356.875,-0.375,-0.438,23.0,-62.5,-2.25,-30.375,-0.029,-0.016,-0.018,-0.35,0.35,9.6,-0.36,0.16,-0.58,-0.06,0.07,9.8,0.65,-1.25,0.0,0.0,4.2,2.0,1017.15,67.53,-17.79
2025-03-24 17:43:46.625000+00:00,22.537039394701253,,,,356.875,-0.375,-0.438,23.0,-62.5,-2.25,-30.375,-0.029,-0.016,-0.018,-0.35,0.35,9.6,-0.36,0.16,-0.58,-0.07,0.09,9.8,0.65,-1.25,0.0,0.0,4.2,2.0,1017.15,67.53,-17.79
2025-03-24 17:43:47.689000+00:00,22.537039394701253,,,,356.875,-0.375,-0.438,23.0,-62.5,-2.25,-30.375,-0.029,-0.016,-0.018,-0.35,0.35,9.6,-0.36,0.16,-0.58,-0.09,0.1,9.8,0.65,-1.25,0.0,0.0,4.2,2.0,1017.15,67.53,-17.79
2025-03-24 17:43:48.682000+00:00,22.537039394701253,,,,356.875,-0.375,-0.438,23.0,-62.5,-2.25,-30.375,-0.029,-0.016,-0.018,-0.35,0.35,9.6,-0.36,0.16,-0.58,-0.07,0.09,9.8,0.65,-1.25,0.0,0.0,4.2,2.0,1017.15,67.53,-17.79
2025-03-24 17:43:49.815000+00:00,22.537039394701253,,,,356.875,-0.375,-0.438,23.0,-62.5,-2.25,-30.375,-0.029,-0.016,-0.018,-0.35,0.35,9.6,-0.36,0.16,-0.58,-0.05,0.08,9.8,0.65,-1.25,0.0,0.0,4.2,2.0,1017.15,67.53,-17.79
2025-03-24 17:43:50.814000+00:00,22.537039394701253,,,,356.875,-0.375,-0.438,23.0,-62.5,-2.25,-30.375,-0.029,-0.016,-0.018,-0.35,0.35,9.6,-0.36,0.16,-0.58,-0.04,0.06,9.8,0.65,-1.25,0.0,0.0,4.2,2.0,1017.15,67.53,-17.79
2025-03-24 17:43:51.952000+00:00,22.537039394701253,,,,356.875,-0.375,-0.438,23.0,-62.5,-2.25,-30.375,-0.029,-0.016,-0.018,-0.35,0.35,9.6,-0.36,0.16,-0.58,-0.04,0.06,9.8,0.65,-1.25,0.0,0.0,4.2,2.0,1017.15,67.53,-17.79
2025-03-24 17:43:52.732000+00:00,22.537039394701253,,,,356.875,-0.375,-0.438,23.0,-62.5,-2.25,-30.375,-0.029,-0.016,-0.018,-0.35,0.35,9.6,-0.36,0.16,-0.58,-0.04,0.07,9.8,0.65,-1.25,0.0,0.0,4.2,2.0,1017.15,67.53,-17.79
2025-03-24 17:43:53.661000+00:00,22.537039394701253,,,,356.875,-0.375,-0.438,23.0,-62.5,-2.25,-30.375,-0.029,-0.016,-0.018,-0.35,0.35,9.6,-0.36,0.16,-0.58,-0.04,0.06,9.8,0.65,-1.25,0.0,0.0,4.2,2.0,1017.15,67.53,-17.79
2025-03-24 17:43:54.642000+00:00,22.537039394701253,,,,356.875,-0.375,-0.438,23.0,-62.5,-2.25,-30.375,-0.029,-0.016,-0.018,-0.35,0.35,9.6,-0.36,0.16,-0.58,-0.04,0.07,9.8,0.65,-1.25,0.0,0.0,4.2,2.0,1017.15,67.53,-17.79
2025-03-24 17:43:55.634000+00:00,22.537039394701253,,,,356.875,-0.375,-0.438,23.0,-62.5,-2.25,-30.375,-0.029,-0.016,-0.018,-0.35,0.35,9.6,-0.36,0.16,-0.58,-0.06,0.08,9.8,0.65,-1.25,0.0,0.0,4.2,2.0,1017.15,67.53,-17.79
2025-03-24 17:43:56.645000+00:00,22.537039394701253,,,,356.875,-0.375,-0.438,23.0,-62.5,-2.25,-30.375,-0.029,-0.016,-0.018,-0.35,0.35,9.6,-0.36,0.16,-0.58,-0.06,0.1,9.8,0.65,-1.25,0.0,0.0,4.2,2.0,1017.15,67.53,-17.79
2025-03-24 17:43:57.661000+00:00,22.537039394701253,,,,356.875,-0.375,-0.438,23.0,-62.5,-2.25,-30.375,-0.029,-0.016,-0.018,-0.35,0.35,9.6,-0.36,0.16,-0.58,-0.07,0.11,9.8,0.65,-1.25,0.0,0.0,4.2,2.0,1017.15,67.53,-17.79
2025-03-24 17:43:58.759000+00:00,22.537039394701253,,,,356.875,-0.375,-0.438,23.0,-62.5,-2.25,-30.375,-0.029,-0.016,-0.018,-0.35,0.35,9.6,-0.36,0.16,-0.58,-0.04,0.08,9.8,0.65,-1.25,0.0,0.0,4.2,2.0,1017.15,67.53,-17.79
2025-03-24 17:43:59.931000+00:00,22.537039394701253,,,,356.875,-0.375,-0.438,23.0,-62.5,-2.25,-30.375,-0.029,-0.016,-0.018,-0.35,0.35,9.6,-0.36,0.16,-0.58,-0.03,0.06,9.8,0.65,-1.25,0.0,0.0,4.2,2.0,1017.15,67.53,-17.79
2025-03-24 17:44:00.984000+00:00,22.537039394701253,,,,356.875,-0.375,-0.438,23.0,-62.5,-2.25,-30.375,-0.029,-0.016,-0.018,-0.35,0.35,9.6,-0.36,0.16,-0.58,-0.02,0.06,9.8,0.65,-1.25,0.0,0.0,4.2,2.0,1017.15,67.53,-17.79
2025-03-24 17:44:02.021000+00:00,22.537039394701253,,,,356.875,-0.375,-0.438,23.0,-62.5,-2.25,-30.375,-0.029,-0.016,-0.018,-0.35,0.35,9.6,-0.36,0.16,-0.58,-0.04,0.06,9.8,0.65,-1.25,0.0,0.0,4.2,2.0,1017.15,67.53,-17.79
2025-03-24 17:44:02.671000+00:00,22.537039394701253,,,,356.875,-0.375,-0.438,23.0,-62.5,-2.25,-30.375,-0.029,-0.016,-0.018,-0.35,0.35,9.6,-0.36,0.16,-0.58,-0.05,0.08,9.8,0.65,-1.25,0.0,0.0,4.2,2.0,1017.15,67.53,-17.79
2025-03-24 17:44:03.681000+00:00,22.537039394701253,,,,356.875,-0.375,-0.438,23.0,-62.5,-2.25,-30.375,-0.029,-0.016,-0.018,-0.35,0.35,9.6,-0.36,0.16,-0.58,-0.05,0.07,9.8,0.65,-1.25,0.0,0.0,4.2,2.0,1017.15,67.53,-17.79
2025-03-24 17:44:04.686000+00:00,22.537039394701253,,,,356.875,-0.375,-0.438,23.0,-62.5,-2.25,-30.375,-0.029,-0.016,-0.018,-0.35,0.35,9.6,-0.36,0.16,-0.58,-0.04,0.07,9.8,0.65,-1.25,0.0,0.0,4.2,2.0,1017.15,67.53,-17.79
2025-03-24 17:44:05.673000+00:00,22.537039394701253,,,,356.875,-0.375,-0.438,23.0,-62.5,-2.25,-30.375,-0.029,-0.016,-0.018,-0.35,0.35,9.6,-0.36,0.16,-0.58,-0.06,0.08,9.8,0.65,-1.25,0.0,0.0,4.2,2.0,1017.15,67.53,-17.79
2025-03-24 17:44:06.791000+00:00,22.537039394701253,,,,356.875,-0.375,-0.438,23.0,-62.5,-2.25,-30.375,-0.029,-0.016,-0.018,-0.35,0.35,9.6,-0.36,0.16,-0.58,-0.05,0.06,9.8,0.65,-1.25,0.0,0.0,4.2,2.0,1017.15,67.53,-17.79
2025-03-24 17:44:07.764000+00:00,22.537039394701253,,,,356.875,-0.375,-0.438,23.0,-62.5,-2.25,-30.375,-0.029,-0.016,-0.018,-0.35,0.35,9.6,-0.36,0.16,-0.58,-0.08,0.07,9.8,0.65,-1.25,0.0,0.0,4.2,2.0,1017.15,67.53,-17.79
2025-03-24 17:44:08.900000+00:00,22.537039394701253,,,,356.875,-0.375,-0.438,23.0,-62.5,-2.25,-30.375,-0.029,-0.016,-0.018,-0.35,0.35,9.6,-0.36,0.16,-0.58,-0.07,0.08,9.8,0.65,-1.25,0.0,0.0,4.2,2.0,1017.15,67.53,-17.79
2025-03-24 17:44:09.711000+00:00,22.537039394701253,,,,356.875,-0.375,-0.438,23.0,-62.5,-2.25,-30.375,-0.029,-0.016,-0.018,-0.35,0.35,9.6,-0.36,0.16,-0.58,-0.06,0.07,9.8,0.65,-1.25,0.0,0.0,4.2,2.0,1017.15,67.53,-17.79
2025-03-24 17:44:10.738000+00:00,22.537039394701253,,,,356.875,-0.375,-0.438,23.0,-62.5,-2.25,-30.375,-0.029,-0.016,-0.018,-0.35,0.35,9.6,-0.36,0.16,-0.58,-0.04,0.08,9.8,0.65,-1.25,0.0,0.0,4.2,2.0,1017.15,67.53,-17.79
2025-03-24 17:44:11.733000+00:00,22.537039394701253,,,,356.875,-0.375,-0.438,23.0,-62.5,-2.25,-30.375,-0.029,-0.016,-0.018,-0.35,0.35,9.6,-0.36,0.16,-0.58,-0.04,0.07,9.8,0.65,-1.25,0.0,0.0,4.2,2.0,1017.15,67.53,-17.79
2025-03-24 17:44:12.841000+00:00,22.537039394701253,,,,356.875,-0.375,-0.438,23.0,-62.5,-2.25,-30.375,-0.029,-0.016,-0.018,-0.35,0.35,9.6,-0.36,0.16,-0.58,-0.04,0.1,9.8,0.65,-1.25,0.0,0.0,4.2,2.0,1017.15,67.53,-17.79
2025-03-24 17:44:13.858000+00:00,22.537039394701253,,,,356.875,-0.375,-0.438,23.0,-62.5,-2.25,-30.375,-0.029,-0.016,-0.018,-0.35,0.35,9.6,-0.36,0.16,-0.58,-0.05,0.08,9.8,0.65,-1.25,0.0,0.0,4.2,2.0,1017.15,67.53,-17.79
2025-03-24 17:44:15.003000+00:00,22.537039394701253,,,,356.875,-0.375,-0.438,23.0,-62.5,-2.25,-30.375,-0.029,-0.016,-0.018,-0.35,0.35,9.6,-0.36,0.16,-0.58,-0.06,0.08,9.8,0.65,-1.25,0.0,0.0,4.2,2.0,1017.15,67.53,-17.79
2025-03-24 17:44:16.017000+00:00,22.537039394701253,,,,356.875,-0.375,-0.438,23.0,-62.5,-2.25,-30.375,-0.029,-0.016,-0.018,-0.35,0.35,9.6,-0.36,0.16,-0.58,-0.05,0.07,9.8,0.65,-1.25,0.0,0.0,4.2,2.0,1017.15,67.53,-17.79
2025-03-24 17:44:17.083000+00:00,22.537039394701253,,,,356.875,-0.375,-0.438,23.0,-62.5,-2.25,-30.375,-0.029,-0.016,-0.018,-0.35,0.35,9.6,-0.36,0.16,-0.58,-0.06,0.07,9.8,0.65,-1.25,0.0,0.0,4.2,2.0,1017.15,67.53,-17.79
2025-03-24 17:44:17.784000+00:00,22.537039394701253,,,,356.875,-0.375,-0.438,23.0,-62.5,-2.25,-30.375,-0.029,-0.016,-0.018,-0.35,0.35,9.6,-0.36,0.16,-0.58,-0.06,0.08,9.8,0.65,-1.25,0.0,0.0,4.2,2.0,1017.15,67.53,-17.79
2025-03-24 17:43:18.277000+00:00,22.537039394701253,,,,356.875,-0.375,-0.438,23.0,-62.5,-2.25,-30.375,-0.029,-0.016,-0.018,-0.35,0.35,9.6,-0.36,0.16,-0.58,-0.06,0.08,9.8,0.65,-1.25,0.0,0.0,4.2,2.0,1017.15,67.53,-17.79
2025-03-24 17:43:19.397000+00:00,22.537039394701253,,,,356.875,-0.375,-0.438,23.0,-62.5,-2.25,-30.375,-0.029,-0.016,-0.018,-0.35,0.35,9.6,-0.36,0.16,-0.58,-0.06,0.08,9.8,0.84,-1.25,0.0,0.0,4.2,2.0,1017.15,67.53,-17.79
2025-03-24 17:43:20.312000+00:00,22.537039394701253,,,,356.875,-0.375,-0.438,23.0,-62.5,-2.25,-30.375,-0.029,-0.016,-0.018,-0.35,0.35,9.6,-0.36,0.16,-0.58,-0.06,0.08,9.8,0.97,-1.25,0.0,0.0,4.2,2.0,1017.15,67.53,-17.79
2025-03-24 17:43:21.326000+00:00,22.537039394701253,,,,356.875,-0.375,-0.438,23.0,-62.5,-2.25,-30.375,-0.029,-0.016,-0.018,-0.35,0.35,9.6,-0.36,0.16,-0.58,-0.06,0.08,9.8,0.7325,-1.25,0.0,0.0,4.2,2.0,1017.15,67.53,-17.79
2025-03-24 17:43:22.363000+00:00,22.537039394701253,,,,356.875,-0.375,-0.438,23.0,-62.5,-2.25,-30.375,-0.029,-0.016,-0.018,-0.35,0.35,9.6,-0.36,0.16,-0.58,-0.06,0.08,9.8,0.9125,-1.25,0.0,0.0,4.2,2.0,1017.15,67.53,-17.79
2025-03-24 17:43:23.346000+00:00,22.537039394701253,,,,356.875,-0.375,-0.438,23.0,-62.5,-2.25,-30.375,-0.029,-0.016,-0.018,-0.35,0.35,9.6,-0.36,0.16,-0.58,-0.06,0.08,9.8,0.9025,-1.25,0.0,0.0,4.2,2.0,1017.15,67.53,-17.79
2025-03-24 17:43:24.356000+00:00,22.537039394701253,,,,356.875,-0.375,-0.438,23.0,-62.5,-2.25,-30.375,-0.029,-0.016,-0.018,-0.35,0.35,9.6,-0.36,0.16,-0.58,-0.06,0.08,9.8,0.775,-1.25,0.0,0.0,4.2,2.0,1017.15,67.53,-17.79
2025-03-24 17:43:25.516000+00:00,22.537039394701253,,,,356.875,-0.375,-0.438,23.0,-62.5,-2.25,-30.375,-0.029,-0.016,-0.018,-0.35,0.35,9.6,-0.36,0.16,-0.58,-0.06,0.08,9.8,0.74875,-1.25,0.0,0.0,4.2,2.0,1017.15,67.53,-17.79
2025-03-24 17:43:26.485000+00:00,22.537039394701253,,,,356.875,-0.375,-0.438,23.0,-62.5,-2.25,-30.375,-0.029,-0.016,-0.018,-0.35,0.35,9.6,-0.36,0.16,-0.58,-0.06,0.08,9.8,0.8475,-1.25,0.0,0.0,4.2,2.0,1017.15,67.53,-17.79
2025-03-24 17:43:27.418000+00:00,22.537039394701253,,,,356.875,-0.375,-0.438,23.0,-62.5,-2.25,-30.375,-0.029,-0.016,-0.018,-0.35,0.35,9.6,-0.36,0.16,-0.58,-0.06,0.08,9.8,0.88875,-1.25,0.0,0.0,4.2,2.0,1017.15,67.53,-17.79
2025-03-24 17:43:28.546000+00:00,22.537039394701253,,,,356.875,-0.375,-0.438,23.0,-62.5,-2.25,-30.375,-0.029,-0.016,-0.018,-0.35,0.35,9.6,-0.36,0.16,-0.58,-0.06,0.08,9.8,0.56625,-1.25,0.0,0.0,4.2,2.0,1017.15,67.53,-17.79
2025-03-24 17:43:29.696000+00:00,22.537039394701253,,,,356.875,-0.375,-0.438,23.0,-62.5,-2.25,-30.375,-0.029,-0.016,-0.018,-0.35,0.35,9.6,-0.36,0.16,-0.58,-0.06,0.08,9.8,0.72,-1.25,0.0,0.0,4.2,2.0,1017.15,67.53,-17.79
2025-03-24 17:43:30.762000+00:00,22.537039394701253,,,,356.875,-0.375,-0.438,23.0,-62.5,-2.25,-30.375,-0.029,-0.016,-0.018,-0.35,0.35,9.6,-0.36,0.16,-0.58,-0.06,0.08,9.8,0.83625,-1.25,0.0,0.0,4.2,2.0,1017.15,67.53,-17.79
2025-03-24 17:43:31.422000+00:00,22.537039394701253,,,,356.875,-0.375,-0.438,23.0,-62.5,-2.25,-30.375,-0.029,-0.016,-0.018,-0.35,0.35,9.6,-0.36,0.16,-0.58,-0.06,0.08,9.8,0.61,-1.25,0.0,0.0,4.2,2.0,1017.15,67.53,-17.79
2025-03-24 17:43:32.516000+00:00,22.537039394701253,,,,356.875,-0.375,-0.438,23.0,-62.5,-2.25,-30.375,-0.029,-0.016,-0.018,-0.35,0.35,9.6,-0.36,0.16,-0.58,-0.06,0.08,9.8,0.76875,-1.25,0.0,0.0,4.2,2.0,1017.15,67.53,-17.79
2025-03-24 17:43:33.446000+00:00,22.537039394701253,,,,356.875,-0.375,-0.438,23.0,-62.5,-2.25,-30.375,-0.029,-0.016,-0.018,-0.35,0.35,9.6,-0.36,0.16,-0.58,-0.06,0.08,9.8,0.8925000000000001,-1.25,0.0,0.0,4.2,2.0,1017.15,67.53,-17.79
2025-03-24 17:43:34.481000+00:00,22.537039394701253,,,,356.875,-0.375,-0.438,23.0,-62.5,-2.25,-30.375,-0.029,-0.016,-0.018,-0.35,0.35,9.6,-0.36,0.16,-0.58,-0.06,0.08,9.8,0.76125,-1.25,0.0,0.0,4.2,2.0,1017.15,67.53,-17.79
2025-03-24 17:43:35.476000+00:00,22.537039394701253,,,,356.875,-0.375,-0.438,23.0,-62.5,-2.25,-30.375,-0.029,-0.016,-0.018,-0.35,0.35,9.6,-0.36,0.16,-0.58,-0.06,0.08,9.8,0.5650000000000001,-1.25,0.0,0.0,4.2,2.0,1017.15,67.53,-17.79
2025-03-24 17:43:36.596000+00:00,22.537039394701253,,,,356.875,-0.375,-0.438,23.0,-62.5,-2.25,-30.375,-0.029,-0.016,-0.018,-0.35,0.35,9.6,-0.36,0.16,-0.58,-0.06,0.08,9.8,0.435,-1.25,0.0,0.0,4.2,2.0,1017.15,67.53,-17.79
2025-03-24 17:43:37.585000+00:00,22.537039394701253,,,,356.875,-0.375,-0.438,23.0,-62.5,-2.25,-30.375,-0.029,-0.016,-0.018,-0.35,0.35,9.6,-0.36,0.16,-0.58,-0.06,0.08,9.8,0.72,-1.25,0.0,0.0,4.2,2.0,1017.15,67.53,-17.79
2025-03-24 17:43:38.687000+00:00,22.537039394701253,,,,356.875,-0.375,-0.438,23.0,-62.5,-2.25,-30.375,-0.029,-0.016,-0.018,-0.35,0.35,9.6,-0.36,0.16,-0.58,-0.06,0.08,9.8,0.76625,-1.25,0.0,0.0,4.2,2.0,1017.15,67.53,-17.79
2025-03-24 17:43:39.534000+00:00,22.537039394701253,,,,356.875,-0.375,-0.438,23.0,-62.5,-2.25,-30.375,-0.029,-0.016,-0.018,-0.35,0.35,9.6,-0.36,0.16,-0.58,-0.06,0.08,9.8,0.58125,-1.25,0.0,0.0,4.2,2.0,1017.15,67.53,-17.79
2025-03-24 17:43:40.555000+00:00,22.537039394701253,,,,356.875,-0.375,-0.438,23.0,-62.5,-2.25,-30.375,-0.029,-0.016,-0.018,-0.35,0.35,9.6,-0.36,0.16,-0.58,-0.06,0.08,9.8,0.6125,-1.25,0.0,0.0,4.2,2.0,1017.15,67.53,-17.79
2025-03-24 17:43:41.166000+00:00,22.537039394701253,,,,356.875,-0.375,-0.438,23.0,-62.5,-2.25,-30.375,-0.029,-0.016,-0.018,-0.35,0.35,9.6,-0.36,0.16,-0.58,-0.06,0.08,9.8,0.7375,-1.25,0.0,0.0,4.2,2.0,1017.15,67.53,-17.79
2025-03-24 17:43:42.181000+00:00,22.537039394701253,,,,356.875,-0.375,-0.438,23.0,-62.5,-2.25,-30.375,-0.029,-0.016,-0.018,-0.35,0.35,9.6,-0.36,0.16,-0.58,-0.06,0.08,9.8,0.58,-1.25,0.0,0.0,4.2,2.0,1017.15,67.53,-17.79
2025-03-24 17:43:43.174000+00:00,22.537039394701253,,,,356.875,-0.375,-0.438,23.0,-62.5,-2.25,-30.375,-0.029,-0.016,-0.018,-0.35,0.35,9.6,-0.36,0.16,-0.58,-0.06,0.08,9.8,0.7937500000000001,-1.25,0.0,0.0,4.2,2.0,1017.15,67.53,-17.79
2025-03-24 17:43:44.180000+00:00,22.537039394701253,,,,356.875,-0.375,-0.438,23.0,-62.5,-2.25,-30.375,-0.029,-0.016,-0.018,-0.35,0.35,9.6,-0.36,0.16,-0.58,-0.06,0.08,9.8,1.0125,-1.25,0.0,0.0,4.2,2.0,1017.15,67.53,-17.79
2025-03-24 17:43:45.185000+00:00,22.537039394701253,,,,356.875,-0.375,-0.438,23.0,-62.5,-2.25,-30.375,-0.029,-0.016,-0.018,-0.35,0.35,9.6,-0.36,0.16,-0.58,-0.06,0.08,9.8,0.93625,-1.25,0.0,0.0,4.2,2.0,1017.15,67.53,-17.79
2025-03-24 17:43:46.185000+00:00,22.537039394701253,,,,356.875,-0.375,-0.438,23.0,-62.5,-2.25,-30.375,-0.029,-0.016,-0.018,-0.35,0.35,9.6,-0.36,0.16,-0.58,-0.06,0.08,9.8,0.855,-1.25,0.0,0.0,4.2,2.0,1017.15,67.53,-17.79
2025-03-24 17:43:47.254000+00:00,22.537039394701253,,,,356.875,-0.375,-0.438,23.0,-62.5,-2.25,-30.375,-0.029,-0.016,-0.018,-0.35,0.35,9.6,-0.36,0.16,-0.58,-0.06,0.08,9.8,0.92125,-1.25,0.0,0.0,4.2,2.0,1017.15,67.53,-17.79
2025-03-24 17:43:48.231000+00:00,22.537039394701253,,,,356.875,-0.375,-0.438,23.0,-62.5,-2.25,-30.375,-0.029,-0.016,-0.018,-0.35,0.35,9.6,-0.36,0.16,-0.58,-0.06,0.08,9.8,1.0,-1.25,0.0,0.0,4.2,2.0,1017.15,67.53,-17.79
2025-03-24 17:43:49.321000+00:00,22.537039394701253,,,,356.875,-0.375,-0.438,23.0,-62.5,-2.25,-30.375,-0.029,-0.016,-0.018,-0.35,0.35,9.6,-0.36,0.16,-0.58,-0.06,0.08,9.8,0.8425,-1.25,0.0,0.0,4.2,2.0,1017.15,67.53,-17.79
2025-03-24 17:43:50.395000+00:00,22.537039394701253,,,,356.875,-0.375,-0.438,23.0,-62.5,-2.25,-30.375,-0.029,-0.016,-0.018,-0.35,0.35,9.6,-0.36,0.16,-0.58,-0.06,0.08,9.8,0.8425,-1.25,0.0,0.0,4.2,2.0,1017.15,67.53,-17.79
2025-03-24 17:43:51.204000+00:00,22.537039394701253,,,,356.875,-0.375,-0.438,23.0,-62.5,-2.25,-30.375,-0.029,-0.016,-0.018,-0.35,0.35,9.6,-0.36,0.16,-0.58,-0.06,0.08,9.8,0.79625,-1.25,0.0,0.0,4.2,2.0,1017.15,67.53,-17.79
2025-03-24 17:43:52.271000+00:00,22.537039394701253,,,,356.875,-0.375,-0.438,23.0,-62.5,-2.25,-30.375,-0.029,-0.016,-0.018,-0.35,0.35,9.6,-0.36,0.16,-0.58,-0.06,0.08,9.8,0.735,-1.25,0.0,0.0,4.2,2.0,1017.15,67.53,-17.79
2025-03-24 17:43:53.225000+00:00,22.537039394701253,,,,356.875,-0.375,-0.438,23.0,-62.5,-2.25,-30.375,-0.029,-0.016,-0.018,-0.35,0.35,9.6,-0.36,0.16,-0.58,-0.06,0.08,9.8,0.89,-1.25,0.0,0.0,4.2,2.0,1017.15,67.53,-17.79
2025-03-24 17:43:54.219000+00:00,22.537039394701253,,,,356.875,-0.375,-0.438,23.0,-62.5,-2.25,-30.375,-0.029,-0.016,-0.018,-0.35,0.35,9.6,-0.36,0.16,-0.58,-0.06,0.08,9.8,0.7075,-1.25,0.0,0.0,4.2,2.0,1017.15,67.53,-17.79
2025-03-24 17:43:55.214000+00:00,22.537039394701253,,,,356.875,-0.375,-0.438,23.0,-62.5,-2.25,-30.375,-0.029,-0.016,-0.018,-0.35,0.35,9.6,-0.36,0.16,-0.58,-0.06,0.08,9.8,0.87625,-1.25,0.0,0.0,4.2,2.0,1017.15,67.53,-17.79
2025-03-24 17:43:56.239000+00:00,22.537039394701253,,,,356.875,-0.375,-0.438,23.0,-62.5,-2.25,-30.375,-0.029,-0.016,-0.018,-0.35,0.35,9.6,-0.36,0.16,-0.58,-0.06,0.08,9.8,0.9400000000000001,-1.25,0.0,0.0,4.2,2.0,1017.15,67.53,-17.79
2025-03-24 17:43:57.230000+00:00,22.537039394701253,,,,356.875,-0.375,-0.438,23.0,-62.5,-2.25,-30.375,-0.029,-0.016,-0.018,-0.35,0.35,9.6,-0.36,0.16,-0.58,-0.06,0.08,9.8,0.94625,-1.25,0.0,0.0,4.2,2.0,1017.15,67.53,-17.79
2025-03-24 17:43:58.334000+00:00,22.537039394701253,,,,356.875,-0.375,-0.438,23.0,-62.5,-2.25,-30.375,-0.029,-0.016,-0.018,-0.35,0.35,9.6,-0.36,0.16,-0.58,-0.06,0.08,9.8,1.025,-1.25,0.0,0.0,4.2,2.0,1017.15,67.53,-17.79
2025-03-24 17:43:59.510000+00:00,22.537039394701253,,,,356.875,-0.375,-0.438,23.0,-62.5,-2.25,-30.375,-0.029,-0.016,-0.018,-0.35,0.35,9.6,-0.36,0.16,-0.58,-0.06,0.08,9.8,0.9712500000000001,-1.25,0.0,0.0,4.2,2.0,1017.15,67.53,-17.79
2025-03-24 17:44:00.505000+00:00,22.537039394701253,,,,356.875,-0.375,-0.438,23.0,-62.5,-2.25,-30.375,-0.029,-0.016,-0.018,-0.35,0.35,9.6,-0.36,0.16,-0.58,-0.06,0.08,9.8,0.775,-1.25,0.0,0.0,4.2,2.0,1017.15,67.53,-17.79
2025-03-24 17:44:01.245000+00:00,22.537039394701253,,,,356.875,-0.375,-0.438,23.0,-62.5,-2.25,-30.375,-0.029,-0.016,-0.018,-0.35,0.35,9.6,-0.36,0.16,-0.58,-0.06,0.08,9.8,0.93125,-1.25,0.0,0.0,4.2,2.0,1017.15,67.53,-17.79
2025-03-24 17:44:02.251000+00:00,22.537039394701253,,,,356.875,-0.375,-0.438,23.0,-62.5,-2.25,-30.375,-0.029,-0.016,-0.018,-0.35,0.35,9.6,-0.36,0.16,-0.58,-0.06,0.08,9.8,0.7725,-1.25,0.0,0.0,4.2,2.0,1017.15,67.53,-17.79
2025-03-24 17:44:03.274000+00:00,22.537039394701253,,,,356.875,-0.375,-0.438,23.0,-62.5,-2.25,-30.375,-0.029,-0.016,-0.018,-0.35,0.35,9.6,-0.36,0.16,-0.58,-0.06,0.08,9.8,0.76125,-1.25,0.0,0.0,4.2,2.0,1017.15,67.53,-17.79
2025-03-24 17:44:04.260000+00:00,22.537039394701253,,,,356.875,-0.375,-0.438,23.0,-62.5,-2.25,-30.375,-0.029,-0.016,-0.018,-0.35,0.35,9.6,-0.36,0.16,-0.58,-0.06,0.08,9.8,0.8525,-1.25,0.0,0.0,4.2,2.0,1017.15,67.53,-17.79
2025-03-24 17:44:05.258000+00:00,22.537039394701253,,,,356.875,-0.375,-0.438,23.0,-62.5,-2.25,-30.375,-0.029,-0.016,-0.018,-0.35,0.35,9.6,-0.36,0.16,-0.58,-0.06,0.08,9.8,0.8250000000000001,-1.25,0.0,0.0,4.2,2.0,1017.15,67.53,-17.79
2025-03-24 17:44:06.323000+00:00,22.537039394701253,,,,356.875,-0.375,-0.438,23.0,-62.5,-2.25,-30.375,-0.029,-0.016,-0.018,-0.35,0.35,9.6,-0.36,0.16,-0.58,-0.06,0.08,9.8,0.89375,-1.25,0.0,0.0,4.2,2.0,1017.15,67.53,-17.79
2025-03-24 17:44:07.304000+00:00,22.537039394701253,,,,356.875,-0.375,-0.438,23.0,-62.5,-2.25,-30.375,-0.029,-0.016,-0.018,-0.35,0.35,9.6,-0.36,0.16,-0.58,-0.06,0.08,9.8,0.9475,-1.25,0.0,0.0,4.2,2.0,1017.15,67.53,-17.79
2025-03-24 17:44:08.444000+00:00,22.537039394701253,,,,356.875,-0.375,-0.438,23.0,-62.5,-2.25,-30.375,-0.029,-0.016,-0.018,-0.35,0.35,9.6,-0.36,0.16,-0.58,-0.06,0.08,9.8,0.7525000000000001,-1.25,0.0,0.0,4.2,2.0,1017.15,67.53,-17.79
2025-03-24 17:44:09.280000+00:00,22.537039394701253,,,,356.875,-0.375,-0.438,23.0,-62.5,-2.25,-30.375,-0.029,-0.016,-0.018,-0.35,0.35,9.6,-0.36,0.16,-0.58,-0.06,0.08,9.8,0.81875,-1.25,0.0,0.0,4.2,2.0,1017.15,67.53,-17.79
2025-03-24 17:44:10.277000+00:00,22.537039394701253,,,,356.875,-0.375,-0.438,23.0,-62.5,-2.25,-30.375,-0.029,-0.016,-0.018,-0.35,0.35,9.6,-0.36,0.16,-0.58,-0.06,0.08,9.8,0.8675,-1.25,0.0,0.0,4.2,2.0,1017.15,67.53,-17.79
2025-03-24 17:44:11.274000+00:00,22.537039394701253,,,,356.875,-0.375,-0.438,23.0,-62.5,-2.25,-30.375,-0.029,-0.016,-0.018,-0.35,0.35,9.6,-0.36,0.16,-0.58,-0.06,0.08,9.8,0.7575000000000001,-1.25,0.0,0.0,4.2,2.0,1017.15,67.53,-17.79
2025-03-24 17:44:12.369000+00:00,22.537039394701253,,,,356.875,-0.375,-0.438,23.0,-62.5,-2.25,-30.375,-0.029,-0.016,-0.018,-0.35,0.35,9.6,-0.36,0.16,-0.58,-0.06,0.08,9.8,0.79125,-1.25,0.0,0.0,4.2,2.0,1017.15,67.53,-17.79
2025-03-24 17:44:13.423000+00:00,22.537039394701253,,,,356.875,-0.375,-0.438,23.0,-62.5,-2.25,-30.375,-0.029,-0.016,-0.018,-0.35,0.35,9.6,-0.36,0.16,-0.58,-0.06,0.08,9.8,0.9,-1.25,0.0,0.0,4.2,2.0,1017.15,67.53,-17.79
2025-03-24 17:44:14.563000+00:00,22.537039394701253,,,,356.875,-0.375,-0.438,23.0,-62.5,-2.25,-30.375,-0.029,-0.016,-0.018,-0.35,0.35,9.6,-0.36,0.16,-0.58,-0.06,0.08,9.8,0.7975,-1.25,0.0,0.0,4.2,2.0,1017.15,67.53,-17.79
2025-03-24 17:44:15.604000+00:00,22.537039394701253,,,,356.875,-0.375,-0.438,23.0,-62.5,-2.25,-30.375,-0.029,-0.016,-0.018,-0.35,0.35,9.6,-0.36,0.16,-0.58,-0.06,0.08,9.8,0.925,-1.25,0.0,0.0,4.2,2.0,1017.15,67.53,-17.79
2025-03-24 17:44:16.305000+00:00,22.537039394701253,,,,356.875,-0.375,-0.438,23.0,-62.5,-2.25,-30.375,-0.029,-0.016,-0.018,-0.35,0.35,9.6,-0.36,0.16,-0.58,-0.06,0.08,9.8,0.9237500000000001,-1.25,0.0,0.0,4.2,2.0,1017.15,67.53,-17.79
2025-03-24 17:44:17.309000+00:00,22.537039394701253,,,,356.875,-0.375,-0.438,23.0,-62.5,-2.25,-30.375,-0.029,-0.016,-0.018,-0.35,0.35,9.6,-0.36,0.16,-0.58,-0.06,0.08,9.8,0.83125,-1.25,0.0,0.0,4.2,2.0,1017.15,67.53,-17.79
2025-03-24 17:43:19.349000+00:00,22.537039394701253,,,,356.875,-0.375,-0.438,23.0,-62.5,-2.25,-30.375,-0.029,-0.016,-0.018,-0.35,0.35,9.6,-0.36,0.16,-0.58,-0.06,0.08,9.8,0.83125,-1.25,0.0,0.0,4.2,2.0,1017.15,67.53,-17.79
2025-03-24 17:43:20.258000+00:00,22.537039394701253,,,,356.875,-0.375,-0.438,23.0,-62.5,-2.25,-30.375,-0.029,-0.016,-0.018,-0.35,0.35,9.6,-0.36,0.16,-0.58,-0.06,0.08,9.8,0.83125,-1.25,0.0,0.0,4.2,2.0,1017.15,67.53,-17.79
2025-03-24 17:43:21.276000+00:00,22.537039394701253,,,,356.875,-0.375,-0.438,23.0,-62.5,-2.25,-30.375,-0.029,-0.016,-0.018,-0.35,0.35,9.6,-0.36,0.16,-0.58,-0.06,0.08,9.8,0.83125,0.0,0.0,0.0,4.2,2.0,1017.15,67.53,-17.79
2025-03-24 17:43:22.307000+00:00,22.537039394701253,,,,356.875,-0.375,-0.438,23.0,-62.5,-2.25,-30.375,-0.029,-0.016,-0.018,-0.35,0.35,9.6,-0.36,0.16,-0.58,-0.06,0.08,9.8,0.83125,1.25,0.0,0.0,4.2,2.0,1017.15,67.53,-17.79
2025-03-24 17:43:23.296000+00:00,22.537039394701253,,,,356.875,-0.375,-0.438,23.0,-62.5,-2.25,-30.375,-0.029,-0.016,-0.018,-0.35,0.35,9.6,-0.36,0.16,-0.58,-0.06,0.08,9.8,0.83125,-1.25,0.0,0.0,4.2,2.0,1017.15,67.53,-17.79
2025-03-24 17:43:24.311000+00:00,22.537039394701253,,,,356.875,-0.375,-0.438,23.0,-62.5,-2.25,-30.375,-0.029,-0.016,-0.018,-0.35,0.35,9.6,-0.36,0.16,-0.58,-0.06,0.08,9.8,0.83125,0.0,0.0,0.0,4.2,2.0,1017.15,67.53,-17.79
2025-03-24 17:43:25.466000+00:00,22.537039394701253,,,,356.875,-0.375,-0.438,23.0,-62.5,-2.25,-30.375,-0.029,-0.016,-0.018,-0.35,0.35,9.6,-0.36,0.16,-0.58,-0.06,0.08,9.8,0.83125,0.0,0.0,0.0,4.2,2.0,1017.15,67.53,-17.79
2025-03-24 17:43:26.441000+00:00,22.537039394701253,,,,356.875,-0.375,-0.438,23.0,-62.5,-2.25,-30.375,-0.029,-0.016,-0.018,-0.35,0.35,9.6,-0.36,0.16,-0.58,-0.06,0.08,9.8,0.83125,1.25,0.0,0.0,4.2,2.0,1017.15,67.53,-17.79
2025-03-24 17:43:27.368000+00:00,22.537039394701253,,,,356.875,-0.375,-0.438,23.0,-62.5,-2.25,-30.375,-0.029,-0.016,-0.018,-0.35,0.35,9.6,-0.36,0.16,-0.58,-0.06,0.08,9.8,0.83125,1.25,0.0,0.0,4.2,2.0,1017.15,67.53,-17.79
2025-03-24 17:43:28.496000+00:00,22.537039394701253,,,,356.875,-0.375,-0.438,23.0,-62.5,-2.25,-30.375,-0.029,-0.016,-0.018,-0.35,0.35,9.6,-0.36,0.16,-0.58,-0.06,0.08,9.8,0.83125,-1.25,0.0,0.0,4.2,2.0,1017.15,67.53,-17.79
2025-03-24 17:43:29.646000+00:00,22.537039394701253,,,,356.875,-0.375,-0.438,23.0,-62.5,-2.25,-30.375,-0.029,-0.016,-0.018,-0.35,0.35,9.6,-0.36,0.16,-0.58,-0.06,0.08,9.8,0.83125,0.0,0.0,0.0,4.2,2.0,1017.15,67.53,-17.79
2025-03-24 17:43:30.706000+00:00,22.537039394701253,,,,356.875,-0.375,-0.438,23.0,-62.5,-2.25,-30.375,-0.029,-0.016,-0.018,-0.35,0.35,9.6,-0.36,0.16,-0.58,-0.06,0.08,9.8,0.83125,-1.25,0.0,0.0,4.2,2.0,1017.15,67.53,-17.79
2025-03-24 17:43:31.362000+00:00,22.537039394701253,,,,356.875,-0.375,-0.438,23.0,-62.5,-2.25,-30.375,-0.029,-0.016,-0.018,-0.35,0.35,9.6,-0.36,0.16,-0.58,-0.06,0.08,9.8,0.83125,0.0,0.0,0.0,4.2,2.0,1017.15,67.53,-17.79
2025-03-24 17:43:32.455000+00:00,22.537039394701253,,,,356.875,-0.375,-0.438,23.0,-62.5,-2.25,-30.375,-0.029,-0.016,-0.018,-0.35,0.35,9.6,-0.36,0.16,-0.58,-0.06,0.08,9.8,0.83125,0.0,0.0,0.0,4.2,2.0,1017.15,67.53,-17.79
2025-03-24 17:43:33.396000+00:00,22.537039394701253,,,,356.875,-0.375,-0.438,23.0,-62.5,-2.25,-30.375,-0.029,-0.016,-0.018,-0.35,0.35,9.6,-0.36,0.16,-0.58,-0.06,0.08,9.8,0.83125,0.0,0.0,0.0,4.2,2.0,1017.15,67.53,-17.79
2025-03-24 17:43:34.426000+00:00,22.537039394701253,,,,356.875,-0.375,-0.438,23.0,-62.5,-2.25,-30.375,-0.029,-0.016,-0.018,-0.35,0.35,9.6,-0.36,0.16,-0.58,-0.06,0.08,9.8,0.83125,0.0,0.0,0.0,4.2,2.0,1017.15,67.53,-17.79
2025-03-24 17:43:35.415000+00:00,22.537039394701253,,,,356.875,-0.375,-0.438,23.0,-62.5,-2.25,-30.375,-0.029,-0.016,-0.018,-0.35,0.35,9.6,-0.36,0.16,-0.58,-0.06,0.08,9.8,0.83125,1.25,0.0,0.0,4.2,2.0,1017.15,67.53,-17.79
2025-03-24 17:43:36.542000+00:00,22.537039394701253,,,,356.875,-0.375,-0.438,23.0,-62.5,-2.25,-30.375,-0.029,-0.016,-0.018,-0.35,0.35,9.6,-0.36,0.16,-0.58,-0.06,0.08,9.8,0.83125,0.0,0.0,0.0,4.2,2.0,1017.15,67.53,-17.79
2025-03-24 17:43:37.533000+00:00,22.537039394701253,,,,356.875,-0.375,-0.438,23.0,-62.5,-2.25,-30.375,-0.029,-0.016,-0.018,-0.35,0.35,9.6,-0.36,0.16,-0.58,-0.06,0.08,9.8,0.83125,-1.25,0.0,0.0,4.2,2.0,1017.15,67.53,-17.79
2025-03-24 17:43:38.629000+00:00,22.537039394701253,,,,356.875,-0.375,-0.438,23.0,-62.5,-2.25,-30.375,-0.029,-0.016,-0.018,-0.35,0.35,9.6,-0.36,0.16,-0.58,-0.06,0.08,9.8,0.83125,1.25,0.0,0.0,4.2,2.0,1017.15,67.53,-17.79
2025-03-24 17:43:39.481000+00:00,22.537039394701253,,,,356.875,-0.375,-0.438,23.0,-62.5,-2.25,-30.375,-0.029,-0.016,-0.018,-0.35,0.35,9.6,-0.36,0.16,-0.58,-0.06,0.08,9.8,0.83125,-1.25,0.0,0.0,4.2,2.0,1017.15,67.53,-17.79
2025-03-24 17:43:40.502000+00:00,22.537039394701253,,,,356.875,-0.375,-0.438,23.0,-62.5,-2.25,-30.375,-0.029,-0.016,-0.018,-0.35,0.35,9.6,-0.36,0.16,-0.58,-0.06,0.08,9.8,0.83125,1.25,0.0,0.0,4.2,2.0,1017.15,67.53,-17.79
2025-03-24 17:43:41.117000+00:00,22.537039394701253,,,,356.875,-0.375,-0.438,23.0,-62.5,-2.25,-30.375,-0.029,-0.016,-0.018,-0.35,0.35,9.6,-0.36,0.16,-0.58,-0.06,0.08,9.8,0.83125,0.0,0.0,0.0,4.2,2.0,1017.15,67.53,-17.79
2025-03-24 17:43:42.120000+00:00,22.537039394701253,,,,356.875,-0.375,-0.438,23.0,-62.5,-2.25,-30.375,-0.029,-0.016,-0.018,-0.35,0.35,9.6,-0.36,0.16,-0.58,-0.06,0.08,9.8,0.83125,0.0,0.0,0.0,4.2,2.0,1017.15,67.53,-17.79
2025-03-24 17:43:43.125000+00:00,22.537039394701253,,,,356.875,-0.375,-0.438,23.0,-62.5,-2.25,-30.375,-0.029,-0.016,-0.018,-0.35,0.35,9.6,-0.36,0.16,-0.58,-0.06,0.08,9.8,0.83125,-1.25,0.0,0.0,4.2,2.0,1017.15,67.53,-17.79
2025-03-24 17:43:44.128000+00:00,22.537039394701253,,,,356.875,-0.375,-0.438,23.0,-62.5,-2.25,-30.375,-0.029,-0.016,-0.018,-0.35,0.35,9.6,-0.36,0.16,-0.58,-0.06,0.08,9.8,0.83125,-2.5,0.0,0.0,4.2,2.0,1017.15,67.53,-17.79
2025-03-24 17:43:45.132000+00:00,22.537039394701253,,,,356.875,-0.375,-0.438,23.0,-62.5,-2.25,-30.375,-0.029,-0.016,-0.018,-0.35,0.35,9.6,-0.36,0.16,-0.58,-0.06,0.08,9.8,0.83125,1.25,0.0,0.0,4.2,2.0,1017.15,67.53,-17.79
2025-03-24 17:43:46.135000+00:00,22.537039394701253,,,,356.875,-0.375,-0.438,23.0,-62.5,-2.25,-30.375,-0.029,-0.016,-0.018,-0.35,0.35,9.6,-0.36,0.16,-0.58,-0.06,0.08,9.8,0.83125,0.0,0.0,0.0,4.2,2.0,1017.15,67.53,-17.79
2025-03-24 17:43:47.195000+00:00,22.537039394701253,,,,356.875,-0.375,-0.438,23.0,-62.5,-2.25,-30.375,-0.029,-0.016,-0.018,-0.35,0.35,9.6,-0.36,0.16,-0.58,-0.06,0.08,9.8,0.83125,-1.25,0.0,0.0,4.2,2.0,1017.15,67.53,-17.79
2025-03-24 17:43:48.175000+00:00,22.537039394701253,,,,356.875,-0.375,-0.438,23.0,-62.5,-2.25,-30.375,-0.029,-0.016,-0.018,-0.35,0.35,9.6,-0.36,0.16,-0.58,-0.06,0.08,9.8,0.83125,-1.25,0.0,0.0,4.2,2.0,1017.15,67.53,-17.79
2025-03-24 17:43:49.254000+00:00,22.537039394701253,,,,356.875,-0.375,-0.438,23.0,-62.5,-2.25,-30.375,-0.029,-0.016,-0.018,-0.35,0.35,9.6,-0.36,0.16,-0.58,-0.06,0.08,9.8,0.83125,-1.25,0.0,0.0,4.2,2.0,1017.15,67.53,-17.79
2025-03-24 17:43:50.346000+00:00,22.537039394701253,,,,356.875,-0.375,-0.438,23.0,-62.5,-2.25,-30.375,-0.029,-0.016,-0.018,-0.35,0.35,9.6,-0.36,0.16,-0.58,-0.06,0.08,9.8,0.83125,-2.5,0.0,0.0,4.2,2.0,1017.15,67.53,-17.79
2025-03-24 17:43:51.154000+00:00,22.537039394701253,,,,356.875,-0.375,-0.438,23.0,-62.5,-2.25,-30.375,-0.029,-0.016,-0.018,-0.35,0.35,9.6,-0.36,0.16,-0.58,-0.06,0.08,9.8,0.83125,-1.25,0.0,0.0,4.2,2.0,1017.15,67.53,-17.79
2025-03-24 17:43:52.210000+00:00,22.537039394701253,,,,356.875,-0.375,-0.438,23.0,-62.5,-2.25,-30.375,-0.029,-0.016,-0.018,-0.35,0.35,9.6,-0.36,0.16,-0.58,-0.06,0.08,9.8,0.83125,0.0,0.0,0.0,4.2,2.0,1017.15,67.53,-17.79
2025-03-24 17:43:53.161000+00:00,22.537039394701253,,,,356.875,-0.375,-0.438,23.0,-62.5,-2.25,-30.375,-0.029,-0.016,-0.018,-0.35,0.35,9.6,-0.36,0.16,-0.58,-0.06,0.08,9.8,0.83125,0.0,0.0,0.0,4.2,2.0,1017.15,67.53,-17.79
2025-03-24 17:43:54.165000+00:00,22.537039394701253,,,,356.875,-0.375,-0.438,23.0,-62.5,-2.25,-30.375,-0.029,-0.016,-0.018,-0.35,0.35,9.6,-0.36,0.16,-0.58,-0.06,0.08,9.8,0.83125,0.0,0.0,0.0,4.2,2.0,1017.15,67.53,-17.79
2025-03-24 17:43:55.168000+00:00,22.537039394701253,,,,356.875,-0.375,-0.438,23.0,-62.5,-2.25,-30.375,-0.029,-0.016,-0.018,-0.35,0.35,9.6,-0.36,0.16,-0.58,-0.06,0.08,9.8,0.83125,0.0,0.0,0.0,4.2,2.0,1017.15,67.53,-17.79
2025-03-24 17:43:56.172000+00:00,22.537039394701253,,,,356.875,-0.375,-0.438,23.0,-62.5,-2.25,-30.375,-0.029,-0.016,-0.018,-0.35,0.35,9.6,-0.36,0.16,-0.58,-0.06,0.08,9.8,0.83125,1.25,0.0,0.0,4.2,2.0,1017.15,67.53,-17.79
2025-03-24 17:43:57.176000+00:00,22.537039394701253,,,,356.875,-0.375,-0.438,23.0,-62.5,-2.25,-30.375,-0.029,-0.016,-0.018,-0.35,0.35,9.6,-0.36,0.16,-0.58,-0.06,0.08,9.8,0.83125,0.0,0.0,0.0,4.2,2.0,1017.15,67.53,-17.79
2025-03-24 17:43:58.281000+00:00,22.537039394701253,,,,356.875,-0.375,-0.438,23.0,-62.5,-2.25,-30.375,-0.029,-0.016,-0.018,-0.35,0.35,9.6,-0.36,0.16,-0.58,-0.06,0.08,9.8,0.83125,0.0,0.0,0.0,4.2,2.0,1017.15,67.53,-17.79
2025-03-24 17:43:59.450000+00:00,22.537039394701253,,,,356.875,-0.375,-0.438,23.0,-62.5,-2.25,-30.375,-0.029,-0.016,-0.018,-0.35,0.35,9.6,-0.36,0.16,-0.58,-0.06,0.08,9.8,0.83125,-1.25,0.0,0.0,4.2,2.0,1017.15,67.53,-17.79
2025-03-24 17:44:00.454000+00:00,22.537039394701253,,,,356.875,-0.375,-0.438,23.0,-62.5,-2.25,-30.375,-0.029,-0.016,-0.018,-0.35,0.35,9.6,-0.36,0.16,-0.58,-0.06,0.08,9.8,0.83125,0.0,0.0,0.0,4.2,2.0,1017.15,67.53,-17.79
2025-03-24 17:44:01.191000+00:00,22.537039394701253,,,,356.875,-0.375,-0.438,23.0,-62.5,-2.25,-30.375,-0.029,-0.016,-0.018,-0.35,0.35,9.6,-0.36,0.16,-0.58,-0.06,0.08,9.8,0.83125,0.0,0.0,0.0,4.2,2.0,1017.15,67.53,-17.79
2025-03-24 17:44:02.195000+00:00,22.537039394701253,,,,356.875,-0.375,-0.438,23.0,-62.5,-2.25,-30.375,-0.029,-0.016,-0.018,-0.35,0.35,9.6,-0.36,0.16,-0.58,-0.06,0.08,9.8,0.83125,0.0,0.0,0.0,4.2,2.0,1017.15,67.53,-17.79
2025-03-24 17:44:03.224000+00:00,22.537039394701253,,,,356.875,-0.375,-0.438,23.0,-62.5,-2.25,-30.375,-0.029,-0.016,-0.018,-0.35,0.35,9.6,-0.36,0.16,-0.58,-0.06,0.08,9.8,0.83125,1.25,0.0,0.0,4.2,2.0,1017.15,67.53,-17.79
2025-03-24 17:44:04.204000+00:00,22.537039394701253,,,,356.875,-0.375,-0.438,23.0,-62.5,-2.25,-30.375,-0.029,-0.016,-0.018,-0.35,0.35,9.6,-0.36,0.16,-0.58,-0.06,0.08,9.8,0.83125,0.0,0.0,0.0,4.2,2.0,1017.15,67.53,-17.79
2025-03-24 17:44:05.205000+00:00,22.537039394701253,,,,356.875,-0.375,-0.438,23.0,-62.5,-2.25,-30.375,-0.029,-0.016,-0.018,-0.35,0.35,9.6,-0.36,0.16,-0.58,-0.06,0.08,9.8,0.83125,-1.25,0.0,0.0,4.2,2.0,1017.15,67.53,-17.79
2025-03-24 17:44:06.274000+00:00,22.537039394701253,,,,356.875,-0.375,-0.438,23.0,-62.5,-2.25,-30.375,-0.029,-0.016,-0.018,-0.35,0.35,9.6,-0.36,0.16,-0.58,-0.06,0.08,9.8,0.83125,-1.25,0.0,0.0,4.2,2.0,1017.15,67.53,-17.79
2025-03-24 17:44:07.255000+00:00,22.537039394701253,,,,356.875,-0.375,-0.438,23.0,-62.5,-2.25,-30.375,-0.029,-0.016,-0.018,-0.35,0.35,9.6,-0.36,0.16,-0.58,-0.06,0.08,9.8,0.83125,1.25,0.0,0.0,4.2,2.0,1017.15,67.53,-17.79
2025-03-24 17:44:08.380000+00:00,22.537039394701253,,,,356.875,-0.375,-0.438,23.0,-62.5,-2.25,-30.375,-0.029,-0.016,-0.018,-0.35,0.35,9.6,-0.36,0.16,-0.58,-0.06,0.08,9.8,0.83125,0.0,0.0,0.0,4.2,2.0,1017.15,67.53,-17.79
2025-03-24 17:44:09.221000+00:00,22.537039394701253,,,,356.875,-0.375,-0.438,23.0,-62.5,-2.25,-30.375,-0.029,-0.016,-0.018,-0.35,0.35,9.6,-0.36,0.16,-0.58,-0.06,0.08,9.8,0.83125,-1.25,0.0,0.0,4.2,2.0,1017.15,67.53,-17.79
2025-03-24 17:44:10.224000+00:00,22.537039394701253,,,,356.875,-0.375,-0.438,23.0,-62.5,-2.25,-30.375,-0.029,-0.016,-0.018,-0.35,0.35,9.6,-0.36,0.16,-0.58,-0.06,0.08,9.8,0.83125,-1.25,0.0,0.0,4.2,2.0,1017.15,67.53,-17.79
2025-03-24 17:44:11.228000+00:00,22.537039394701253,,,,356.875,-0.375,-0.438,23.0,-62.5,-2.25,-30.375,-0.029,-0.016,-0.018,-0.35,0.35,9.6,-0.36,0.16,-0.58,-0.06,0.08,9.8,0.83125,0.0,0.0,0.0,4.2,2.0,1017.15,67.53,-17.79
2025-03-24 17:44:12.300000+00:00,22.537039394701253,,,,356.875,-0.375,-0.438,23.0,-62.5,-2.25,-30.375,-0.029,-0.016,-0.018,-0.35,0.35,9.6,-0.36,0.16,-0.58,-0.06,0.08,9.8,0.83125,0.0,0.0,0.0,4.2,2.0,1017.15,67.53,-17.79
2025-03-24 17:44:13.370000+00:00,22.537039394701253,,,,356.875,-0.375,-0.438,23.0,-62.5,-2.25,-30.375,-0.029,-0.016,-0.018,-0.35,0.35,9.6,-0.36,0.16,-0.58,-0.06,0.08,9.8,0.83125,0.0,0.0,0.0,4.2,2.0,1017.15,67.53,-17.79
2025-03-24 17:44:14.513000+00:00,22.537039394701253,,,,356.875,-0.375,-0.438,23.0,-62.5,-2.25,-30.375,-0.029,-0.016,-0.018,-0.35,0.35,9.6,-0.36,0.16,-0.58,-0.06,0.08,9.8,0.83125,0.0,0.0,0.0,4.2,2.0,1017.15,67.53,-17.79
2025-03-24 17:44:15.553000+00:00,22.537039394701253,,,,356.875,-0.375,-0.438,23.0,-62.5,-2.25,-30.375,-0.029,-0.016,-0.018,-0.35,0.35,9.6,-0.36,0.16,-0.58,-0.06,0.08,9.8,0.83125,-1.25,0.0,0.0,4.2,2.0,1017.15,67.53,-17.79
2025-03-24 17:44:16.246000+00:00,22.537039394701253,,,,356.875,-0.375,-0.438,23.0,-62.5,-2.25,-30.375,-0.029,-0.016,-0.018,-0.35,0.35,9.6,-0.36,0.16,-0.58,-0.06,0.08,9.8,0.83125,0.0,0.0,0.0,4.2,2.0,1017.15,67.53,-17.79
2025-03-24 17:44:17.250000+00:00,22.537039394701253,,,,356.875,-0.375,-0.438,23.0,-62.5,-2.25,-30.375,-0.029,-0.016,-0.018,-0.35,0.35,9.6,-0.36,0.16,-0.58,-0.06,0.08,9.8,0.83125,0.0,0.0,0.0,4.2,2.0,1017.15,67.53,-17.79
2025-03-24 17:43:18.332000+00:00,22.537039394701253,,,,356.875,-0.375,-0.438,23.0,-62.5,-2.25,-30.375,-0.029,-0.016,-0.018,-0.35,0.35,9.6,-0.36,0.16,-0.58,-0.06,0.08,9.8,0.83125,0.0,0.0,0.0,4.2,2.0,1017.15,67.53,-17.79
2025-03-24 17:43:19.447000+00:00,22.537039394701253,,,,356.875,-0.375,-0.438,23.0,-62.5,-2.25,-30.375,-0.029,-0.016,-0.018,-0.35,0.35,9.6,-0.36,0.16,-0.58,-0.06,0.08,9.8,0.83125,0.0,0.0,0.0,4.2,2.0,1017.15,67.53,-17.79
2025-03-24 17:43:20.372000+00:00,22.537039394701253,,,,356.875,-0.375,-0.438,23.0,-62.5,-2.25,-30.375,-0.029,-0.016,-0.018,-0.35,0.35,9.6,-0.36,0.16,-0.58,-0.06,0.08,9.8,0.83125,0.0,0.0,0.0,4.2,2.0,1017.15,67.53,-17.79
2025-03-24 17:43:21.376000+00:00,22.537039394701253,,,,356.875,-0.375,-0.438,23.0,-62.5,-2.25,-30.375,-0.029,-0.016,-0.018,-0.35,0.35,9.6,-0.36,0.16,-0.58,-0.06,0.08,9.8,0.83125,0.0,0.0,0.0,4.2,2.0,1017.15,67.53,-17.79
2025-03-24 17:43:22.416000+00:00,22.537039394701253,,,,356.875,-0.375,-0.438,23.0,-62.5,-2.25,-30.375,-0.029,-0.016,-0.018,-0.35,0.35,9.6,-0.36,0.16,-0.58,-0.06,0.08,9.8,0.83125,0.0,0.0,0.0,4.2,2.0,1017.15,67.53,-17.79
2025-03-24 17:43:23.396000+00:00,22.537039394701253,,,,356.875,-0.375,-0.438,23.0,-62.5,-2.25,-30.375,-0.029,-0.016,-0.018,-0.35,0.35,9.6,-0.36,0.16,-0.58,-0.06,0.08,9.8,0.83125,0.0,0.0,0.0,4.2,2.0,1017.15,67.53,-17.79
2025-03-24 17:43:24.417000+00:00,22.537039394701253,,,,356.875,-0.375,-0.438,23.0,-62.5,-2.25,-30.375,-0.029,-0.016,-0.018,-0.35,0.35,9.6,-0.36,0.16,-0.58,-0.06,0.08,9.8,0.83125,0.0,0.0,0.0,4.2,2.0,1017.15,67.53,-17.79
2025-03-24 17:43:25.572000+00:00,22.537039394701253,,,,356.875,-0.375,-0.438,23.0,-62.5,-2.25,-30.375,-0.029,-0.016,-0.018,-0.35,0.35,9.6,-0.36,0.16,-0.58,-0.06,0.08,9.8,0.83125,0.0,0.0,0.0,4.2,2.0,1017.15,67.53,-17.79
2025-03-24 17:43:26.546000+00:00,22.537039394701253,,,,356.875,-0.375,-0.438,23.0,-62.5,-2.25,-30.375,-0.029,-0.016,-0.018,-0.35,0.35,9.6,-0.36,0.16,-0.58,-0.06,0.08,9.8,0.83125,0.0,0.0,0.0,4.2,2.0,1017.15,67.53,-17.79
2025-03-24 17:43:27.471000+00:00,22.537039394701253,,,,356.875,-0.375,-0.438,23.0,-62.5,-2.25,-30.375,-0.029,-0.016,-0.018,-0.35,0.35,9.6,-0.36,0.16,-0.58,-0.06,0.08,9.8,0.83125,0.0,0.0,0.0,4.2,2.0,1017.15,67.53,-17.79
2025-03-24 17:43:28.595000+00:00,22.537039394701253,,,,356.875,-0.375,-0.438,23.0,-62.5,-2.25,-30.375,-0.029,-0.016,-0.018,-0.35,0.35,9.6,-0.36,0.16,-0.58,-0.06,0.08,9.8,0.83125,0.0,0.0,0.0,4.2,2.0,1017.15,67.53,-17.79
2025-03-24 17:43:29.746000+00:00,22.537039394701253,,,,356.875,-0.375,-0.438,23.0,-62.5,-2.25,-30.375,-0.029,-0.016,-0.018,-0.35,0.35,9.6,-0.36,0.16,-0.58,-0.06,0.08,9.8,0.83125,0.0,0.0,0.0,4.2,2.0,1017.15,67.53,-17.79
2025-03-24 17:43:30.819000+00:00,22.537039394701253,,,,356.875,-0.375,-0.438,23.0,-62.5,-2.25,-30.375,-0.029,-0.016,-0.018,-0.35,0.35,9.6,-0.36,0.16,-0.58,-0.06,0.08,9.8,0.83125,0.0,0.0,0.0,4.2,2.0,1017.15,67.53,-17.79
2025-03-24 17:43:31.479000+00:00,22.537039394701253,,,,356.875,-0.375,-0.438,23.0,-62.5,-2.25,-30.375,-0.029,-0.016,-0.018,-0.35,0.35,9.6,-0.36,0.16,-0.58,-0.06,0.08,9.8,0.83125,0.0,0.0,0.0,4.2,2.0,1017.15,67.53,-17.79
2025-03-24 17:43:32.567000+00:00,22.537039394701253,,,,356.875,-0.375,-0.438,23.0,-62.5,-2.25,-30.375,-0.029,-0.016,-0.018,-0.35,0.35,9.6,-0.36,0.16,-0.58,-0.06,0.08,9.8,0.83125,0.0,0.0,0.0,4.2,2.0,1017.15,67.53,-17.79
2025-03-24 17:43:33.501000+00:00,22.537039394701253,,,,356.875,-0.375,-0.438,23.0,-62.5,-2.25,-30.375,-0.029,-0.016,-0.018,-0.35,0.35,9.6,-0.36,0.16,-0.58,-0.06,0.08,9.8,0.83125,0.0,0.0,0.0,4.2,2.0,1017.15,67.53,-17.79
2025-03-24 17:43:34.551000+00:00,22.537039394701253,,,,356.875,-0.375,-0.438,23.0,-62.5,-2.25,-30.375,-0.029,-0.016,-0.018,-0.35,0.35,9.6,-0.36,0.16,-0.58,-0.06,0.08,9.8,0.83125,0.0,0.0,0.0,4.2,2.0,1017.15,67.53,-17.79
2025-03-24 17:43:35.525000+00:00,22.537039394701253,,,,356.875,-0.375,-0.438,23.0,-62.5,-2.25,-30.375,-0.029,-0.016,-0.018,-0.35,0.35,9.6,-0.36,0.16,-0.58,-0.06,0.08,9.8,0.83125,0.0,0.0,0.0,4.2,2.0,1017.15,67.53,-17.79
2025-03-24 17:43:36.651000+00:00,22.537039394701253,,,,356.875,-0.375,-0.438,23.0,-62.5,-2.25,-30.375,-0.029,-0.016,-0.018,-0.35,0.35,9.6,-0.36,0.16,-0.58,-0.06,0.08,9.8,0.83125,0.0,0.0,0.0,4.2,2.0,1017.15,67.53,-17.79
2025-03-24 17:43:37.641000+00:00,22.537039394701253,,,,356.875,-0.375,-0.438,23.0,-62.5,-2.25,-30.375,-0.029,-0.016,-0.018,-0.35,0.35,9.6,-0.36,0.16,-0.58,-0.06,0.08,9.8,0.83125,0.0,0.0,0.0,4.2,2.0,1017.15,67.53,-17.79
2025-03-24 17:43:38.742000+00:00,22.537039394701253,,,,356.875,-0.375,-0.438,23.0,-62.5,-2.25,-30.375,-0.029,-0.016,-0.018,-0.35,0.35,9.6,-0.36,0.16,-0.58,-0.06,0.08,9.8,0.83125,0.0,0.0,0.0,4.2,2.0,1017.15,67.53,-17.79
2025-03-24 17:43:39.586000+00:00,22.537039394701253,,,,356.875,-0.375,-0.438,23.0,-62.5,-2.25,-30.375,-0.029,-0.016,-0.018,-0.35,0.35,9.6,-0.36,0.16,-0.58,-0.06,0.08,9.8,0.83125,0.0,0.0,0.0,4.2,2.0,1017.15,67.53,-17.79
2025-03-24 17:43:40.604000+00:00,22.537039394701253,,,,356.875,-0.375,-0.438,23.0,-62.5,-2.25,-30.375,-0.029,-0.016,-0.018,-0.35,0.35,9.6,-0.36,0.16,-0.58,-0.06,0.08,9.8,0.83125,0.0,0.0,0.0,4.2,2.0,1017.15,67.53,-17.79
2025-03-24 17:43:41.220000+00:00,22.537039394701253,,,,356.875,-0.375,-0.438,23.0,-62.5,-2.25,-30.375,-0.029,-0.016,-0.018,-0.35,0.35,9.6,-0.36,0.16,-0.58,-0.06,0.08,9.8,0.83125,0.0,0.0,0.0,4.2,2.0,1017.15,67.53,-17.79
2025-03-24 17:43:42.238000+00:00,22.537039394701253,,,,356.875,-0.375,-0.438,23.0,-62.5,-2.25,-30.375,-0.029,-0.016,-0.018,-0.35,0.35,9.6,-0.36,0.16,-0.58,-0.06,0.08,9.8,0.83125,0.0,0.0,0.0,4.2,2.0,1017.15,67.53,-17.79
2025-03-24 17:43:43.225000+00:00,22.537039394701253,,,,356.875,-0.375,-0.438,23.0,-62.5,-2.25,-30.375,-0.029,-0.016,-0.018,-0.35,0.35,9.6,-0.36,0.16,-0.58,-0.06,0.08,9.8,0.83125,0.0,0.0,0.0,4.2,2.0,1017.15,67.53,-17.79
2025-03-24 17:43:44.224000+00:00,22.537039394701253,,,,356.875,-0.375,-0.438,23.0,-62.5,-2.25,-30.375,-0.029,-0.016,-0.018,-0.35,0.35,9.6,-0.36,0.16,-0.58,-0.06,0.08,9.8,0.83125,0.0,0.0,0.0,4.2,2.0,1017.15,67.53,-17.79
2025-03-24 17:43:45.241000+00:00,22.537039394701253,,,,356.875,-0.375,-0.438,23.0,-62.5,-2.25,-30.375,-0.029,-0.016,-0.018,-0.35,0.35,9.6,-0.36,0.16,-0.58,-0.06,0.08,9.8,0.83125,0.0,0.0,0.0,4.2,2.0,1017.15,67.53,-17.79
2025-03-24 17:43:46.245000+00:00,22.537039394701253,,,,356.875,-0.375,-0.438,23.0,-62.5,-2.25,-30.375,-0.029,-0.016,-0.018,-0.35,0.35,9.6,-0.36,0.16,-0.58,-0.06,0.08,9.8,0.83125,0.0,0.0,0.0,4.2,2.0,1017.15,67.53,-17.79
2025-03-24 17:43:47.305000+00:00,22.537039394701253,,,,356.875,-0.375,-0.438,23.0,-62.5,-2.25,-30.375,-0.029,-0.016,-0.018,-0.35,0.35,9.6,-0.36,0.16,-0.58,-0.06,0.08,9.8,0.83125,0.0,0.0,0.0,4.2,2.0,1017.15,67.53,-17.79
2025-03-24 17:43:48.299000+00:00,22.537039394701253,,,,356.875,-0.375,-0.438,23.0,-62.5,-2.25,-30.375,-0.029,-0.016,-0.018,-0.35,0.35,9.6,-0.36,0.16,-0.58,-0.06,0.08,9.8,0.83125,0.0,0.0,0.0,4.2,2.0,1017.15,67.53,-17.79
2025-03-24 17:43:49.377000+00:00,22.537039394701253,,,,356.875,-0.375,-0.438,23.0,-62.5,-2.25,-30.375,-0.029,-0.016,-0.018,-0.35,0.35,9.6,-0.36,0.16,-0.58,-0.06,0.08,9.8,0.83125,0.0,0.0,0.0,4.2,2.0,1017.15,67.53,-17.79
2025-03-24 17:43:50.450000+00:00,22.537039394701253,,,,356.875,-0.375,-0.438,23.0,-62.5,-2.25,-30.375,-0.029,-0.016,-0.018,-0.35,0.35,9.6,-0.36,0.16,-0.58,-0.06,0.08,9.8,0.83125,0.0,0.0,0.0,4.2,2.0,1017.15,67.53,-17.79
2025-03-24 17:43:51.254000+00:00,22.537039394701253,,,,356.875,-0.375,-0.438,23.0,-62.5,-2.25,-30.375,-0.029,-0.016,-0.018,-0.35,0.35,9.6,-0.36,0.16,-0.58,-0.06,0.08,9.8,0.83125,0.0,0.0,0.0,4.2,2.0,1017.15,67.53,-17.79
2025-03-24 17:43:52.325000+00:00,22.537039394701253,,,,356.875,-0.375,-0.438,23.0,-62.5,-2.25,-30.375,-0.029,-0.016,-0.018,-0.35,0.35,9.6,-0.36,0.16,-0.58,-0.06,0.08,9.8,0.83125,0.0,0.0,0.0,4.2,2.0,1017.15,67.53,-17.79
2025-03-24 17:43:53.284000+00:00,22.537039394701253,,,,356.875,-0.375,-0.438,23.0,-62.5,-2.25,-30.375,-0.029,-0.016,-0.018,-0.35,0.35,9.6,-0.36,0.16,-0.58,-0.06,0.08,9.8,0.83125,0.0,0.0,0.0,4.2,2.0,1017.15,67.53,-17.79
2025-03-24 17:43:54.274000+00:00,22.537039394701253,,,,356.875,-0.375,-0.438,23.0,-62.5,-2.25,-30.375,-0.029,-0.016,-0.018,-0.35,0.35,9.6,-0.36,0.16,-0.58,-0.06,0.08,9.8,0.83125,0.0,0.0,0.0,4.2,2.0,1017.15,67.53,-17.79
2025-03-24 17:43:55.264000+00:00,22.537039394701253,,,,356.875,-0.375,-0.438,23.0,-62.5,-2.25,-30.375,-0.029,-0.016,-0.018,-0.35,0.35,9.6,-0.36,0.16,-0.58,-0.06,0.08,9.8,0.83125,0.0,0.0,0.0,4.2,2.0,1017.15,67.53,-17.79
2025-03-24 17:43:56.284000+00:00,22.537039394701253,,,,356.875,-0.375,-0.438,23.0,-62.5,-2.25,-30.375,-0.029,-0.016,-0.018,-0.35,0.35,9.6,-0.36,0.16,-0.58,-0.06,0.08,9.8,0.83125,0.0,0.0,0.0,4.2,2.0,1017.15,67.53,-17.79
2025-03-24 17:43:57.286000+00:00,22.537039394701253,,,,356.875,-0.375,-0.438,23.0,-62.5,-2.25,-30.375,-0.029,-0.016,-0.018,-0.35,0.35,9.6,-0.36,0.16,-0.58,-0.06,0.08,9.8,0.83125,0.0,0.0,0.0,4.2,2.0,1017.15,67.53,-17.79
2025-03-24 17:43:58.385000+00:00,22.537039394701253,,,,356.875,-0.375,-0.438,23.0,-62.5,-2.25,-30.375,-0.029,-0.016,-0.018,-0.35,0.35,9.6,-0.36,0.16,-0.58,-0.06,0.08,9.8,0.83125,0.0,0.0,0.0,4.2,2.0,1017.15,67.53,-17.79
2025-03-24 17:43:59.567000+00:00,22.537039394701253,,,,356.875,-0.375,-0.438,23.0,-62.5,-2.25,-30.375,-0.029,-0.016,-0.018,-0.35,0.35,9.6,-0.36,0.16,-0.58,-0.06,0.08,9.8,0.83125,0.0,0.0,0.0,4.2,2.0,1017.15,67.53,-17.79
2025-03-24 17:44:00.553000+00:00,22.537039394701253,,,,356.875,-0.375,-0.438,23.0,-62.5,-2.25,-30.375,-0.029,-0.016,-0.018,-0.35,0.35,9.6,-0.36,0.16,-0.58,-0.06,0.08,9.8,0.83125,0.0,0.0,0.0,4.2,2.0,1017.15,67.53,-17.79
2025-03-24 17:44:01.300000+00:00,22.537039394701253,,,,356.875,-0.375,-0.438,23.0,-62.5,-2.25,-30.375,-0.029,-0.016,-0.018,-0.35,0.35,9.6,-0.36,0.16,-0.58,-0.06,0.08,9.8,0.83125,0.0,0.0,0.0,4.2,2.0,1017.15,67.53,-17.79
2025-03-24 17:44:02.305000+00:00,22.537039394701253,,,,356.875,-0.375,-0.438,23.0,-62.5,-2.25,-30.375,-0.029,-0.016,-0.018,-0.35,0.35,9.6,-0.36,0.16,-0.58,-0.06,0.08,9.8,0.83125,0.0,0.0,0.0,4.2,2.0,1017.15,67.53,-17.79
2025-03-24 17:44:03.324000+00:00,22.537039394701253,,,,356.875,-0.375,-0.438,23.0,-62.5,-2.25,-30.375,-0.029,-0.016,-0.018,-0.35,0.35,9.6,-0.36,0.16,-0.58,-0.06,0.08,9.8,0.83125,0.0,0.0,0.0,4.2,2.0,1017.15,67.53,-17.79
2025-03-24 17:44:04.320000+00:00,22.537039394701253,,,,356.875,-0.375,-0.438,23.0,-62.5,-2.25,-30.375,-0.029,-0.016,-0.018,-0.35,0.35,9.6,-0.36,0.16,-0.58,-0.06,0.08,9.8,0.83125,0.0,0.0,0.0,4.2,2.0,1017.15,67.53,-17.79
2025-03-24 17:44:05.310000+00:00,22.537039394701253,,,,356.875,-0.375,-0.438,23.0,-62.5,-2.25,-30.375,-0.029,-0.016,-0.018,-0.35,0.35,9.6,-0.36,0.16,-0.58,-0.06,0.08,9.8,0.83125,0.0,0.0,0.0,4.2,2.0,1017.15,67.53,-17.79
2025-03-24 17:44:06.374000+00:00,22.537039394701253,,,,356.875,-0.375,-0.438,23.0,-62.5,-2.25,-30.375,-0.029,-0.016,-0.018,-0.35,0.35,9.6,-0.36,0.16,-0.58,-0.06,0.08,9.8,0.83125,0.0,0.0,0.0,4.2,2.0,1017.15,67.53,-17.79
2025-03-24 17:44:07.361000+00:00,22.537039394701253,,,,356.875,-0.375,-0.438,23.0,-62.5,-2.25,-30.375,-0.029,-0.016,-0.018,-0.35,0.35,9.6,-0.36,0.16,-0.58,-0.06,0.08,9.8,0.83125,0.0,0.0,0.0,4.2,2.0,1017.15,67.53,-17.79
2025-03-24 17:44:08.494000+00:00,22.537039394701253,,,,356.875,-0.375,-0.438,23.0,-62.5,-2.25,-30.375,-0.029,-0.016,-0.018,-0.35,0.35,9.6,-0.36,0.16,-0.58,-0.06,0.08,9.8,0.83125,0.0,0.0,0.0,4.2,2.0,1017.15,67.53,-17.79
2025-03-24 17:44:09.333000+00:00,22.537039394701253,,,,356.875,-0.375,-0.438,23.0,-62.5,-2.25,-30.375,-0.029,-0.016,-0.018,-0.35,0.35,9.6,-0.36,0.16,-0.58,-0.06,0.08,9.8,0.83125,0.0,0.0,0.0,4.2,2.0,1017.15,67.53,-17.79
2025-03-24 17:44:10.333000+00:00,22.537039394701253,,,,356.875,-0.375,-0.438,23.0,-62.5,-2.25,-30.375,-0.029,-0.016,-0.018,-0.35,0.35,9.6,-0.36,0.16,-0.58,-0.06,0.08,9.8,0.83125,0.0,0.0,0.0,4.2,2.0,1017.15,67.53,-17.79
2025-03-24 17:44:11.324000+00:00,22.537039394701253,,,,356.875,-0.375,-0.438,23.0,-62.5,-2.25,-30.375,-0.029,-0.016,-0.018,-0.35,0.35,9.6,-0.36,0.16,-0.58,-0.06,0.08,9.8,0.83125,0.0,0.0,0.0,4.2,2.0,1017.15,67.53,-17.79
2025-03-24 17:44:12.423000+00:00,22.537039394701253,,,,356.875,-0.375,-0.438,23.0,-62.5,-2.25,-30.375,-0.029,-0.016,-0.018,-0.35,0.35,9.6,-0.36,0.16,-0.58,-0.06,0.08,9.8,0.83125,0.0,0.0,0.0,4.2,2.0,1017.15,67.53,-17.79
2025-03-24 17:44:13.474000+00:00,22.537039394701253,,,,356.875,-0.375,-0.438,23.0,-62.5,-2.25,-30.375,-0.029,-0.016,-0.018,-0.35,0.35,9.6,-0.36,0.16,-0.58,-0.06,0.08,9.8,0.83125,0.0,0.0,0.0,4.2,2.0,1017.15,67.53,-17.79
2025-03-24 17:44:14.623000+00:00,22.537039394701253,,,,356.875,-0.375,-0.438,23.0,-62.5,-2.25,-30.375,-0.029,-0.016,-0.018,-0.35,0.35,9.6,-0.36,0.16,-0.58,-0.06,0.08,9.8,0.83125,0.0,0.0,0.0,4.2,2.0,1017.15,67.53,-17.79
2025-03-24 17:44:15.653000+00:00,22.537039394701253,,,,356.875,-0.375,-0.438,23.0,-62.5,-2.25,-30.375,-0.029,-0.016,-0.018,-0.35,0.35,9.6,-0.36,0.16,-0.58,-0.06,0.08,9.8,0.83125,0.0,0.0,0.0,4.2,2.0,1017.15,67.53,-17.79
2025-03-24 17:44:16.353000+00:00,22.537039394701253,,,,356.875,-0.375,-0.438,23.0,-62.5,-2.25,-30.375,-0.029,-0.016,-0.018,-0.35,0.35,9.6,-0.36,0.16,-0.58,-0.06,0.08,9.8,0.83125,0.0,0.0,0.0,4.2,2.0,1017.15,67.53,-17.79
2025-03-24 17:44:17.363000+00:00,22.537039394701253,,,,356.875,-0.375,-0.438,23.0,-62.5,-2.25,-30.375,-0.029,-0.016,-0.018,-0.35,0.35,9.6,-0.36,0.16,-0.58,-0.06,0.08,9.8,0.83125,0.0,0.0,0.0,4.2,2.0,1017.15,67.53,-17.79
2025-03-24 17:43:21.737000+00:00,22.537039394701253,,,,356.875,-0.375,-0.438,23.0,-62.5,-2.25,-30.375,-0.029,-0.016,-0.018,-0.35,0.35,9.6,-0.36,0.16,-0.58,-0.06,0.08,9.8,0.83125,0.0,0.0,0.0,4.2,2.0,1017.15,67.53,-17.79
2025-03-24 17:43:26.596000+00:00,22.537039394701253,,,,356.875,-0.375,-0.438,23.0,-62.5,-2.25,-30.375,-0.029,-0.016,-0.018,-0.35,0.35,9.6,-0.36,0.16,-0.58,-0.06,0.08,9.8,0.83125,0.0,0.0,0.0,4.2,2.0,1017.15,67.53,-17.79
2025-03-24 17:43:31.862000+00:00,22.537039394701253,,,,356.875,-0.375,-0.438,23.0,-62.5,-2.25,-30.375,-0.029,-0.016,-0.018,-0.35,0.35,9.6,-0.36,0.16,-0.58,-0.06,0.08,9.8,0.83125,0.0,0.0,0.0,4.2,2.0,1017.15,67.53,-17.79
2025-03-24 17:43:36.708000+00:00,22.537039394701253,,,,356.875,-0.375,-0.438,23.0,-62.5,-2.25,-30.375,-0.029,-0.016,-0.018,-0.35,0.35,9.6,-0.36,0.16,-0.58,-0.06,0.08,9.8,0.83125,0.0,0.0,0.0,4.2,2.0,1017.15,67.53,-17.79
2025-03-24 17:43:41.645000+00:00,22.537039394701253,,,,356.875,-0.375,-0.438,23.0,-62.5,-2.25,-30.375,-0.029,-0.016,-0.018,-0.35,0.35,9.6,-0.36,0.16,-0.58,-0.06,0.08,9.8,0.83125,0.0,0.0,0.0,4.2,2.0,1017.15,67.53,-17.79
2025-03-24 17:43:46.787000+00:00,22.537039394701253,,,,356.875,-0.375,-0.438,23.0,-62.5,-2.25,-30.375,-0.029,-0.016,-0.018,-0.35,0.35,9.6,-0.36,0.16,-0.58,-0.06,0.08,9.8,0.83125,0.0,0.0,0.0,4.2,2.0,1017.15,67.53,-17.79
2025-03-24 17:43:52.005000+00:00,22.537039394701253,,,,356.875,-0.375,-0.438,23.0,-62.5,-2.25,-30.375,-0.029,-0.016,-0.018,-0.35,0.35,9.6,-0.36,0.16,-0.58,-0.06,0.08,9.8,0.83125,0.0,0.0,0.0,4.2,2.0,1017.15,67.53,-17.79
2025-03-24 17:43:56.702000+00:00,22.537039394701253,,,,356.875,-0.375,-0.438,23.0,-62.5,-2.25,-30.375,-0.029,-0.016,-0.018,-0.35,0.35,9.6,-0.36,0.16,-0.58,-0.06,0.08,9.8,0.83125,0.0,0.0,0.0,4.2,2.0,1017.15,67.53,-17.79
2025-03-24 17:44:02.076000+00:00,22.537039394701253,,,,356.875,-0.375,-0.438,23.0,-62.5,-2.25,-30.375,-0.029,-0.016,-0.018,-0.35,0.35,9.6,-0.36,0.16,-0.58,-0.06,0.08,9.8,0.83125,0.0,0.0,0.0,4.2,2.0,1017.15,67.53,-17.79
2025-03-24 17:44:06.424000+00:00,22.537039394701253,,,,356.875,-0.375,-0.438,23.0,-62.5,-2.25,-30.375,-0.029,-0.016,-0.018,-0.35,0.35,9.6,-0.36,0.16,-0.58,-0.06,0.08,9.8,0.83125,0.0,0.0,0.0,4.2,2.0,1017.15,67.53,-17.79
2025-03-24 17:44:11.373000+00:00,22.537039394701253,,,,356.875,-0.375,-0.438,23.0,-62.5,-2.25,-30.375,-0.029,-0.016,-0.018,-0.35,0.35,9.6,-0.36,0.16,-0.58,-0.06,0.08,9.8,0.83125,0.0,0.0,0.0,4.2,2.0,1017.15,67.53,-17.79
2025-03-24 17:44:16.403000+00:00,22.537039394701253,,,,356.875,-0.375,-0.438,23.0,-62.5,-2.25,-30.375,-0.029,-0.016,-0.018,-0.35,0.35,9.6,-0.36,0.16,-0.58,-0.06,0.08,9.8,0.83125,0.0,0.0,0.0,4.2,2.0,1017.15,67.53,-17.79
2025-03-24 17:43:19.499000+00:00,22.537039394701253,,,,356.875,-0.375,-0.438,23.0,-62.5,-2.25,-30.375,-0.029,-0.016,-0.018,-0.35,0.35,9.6,-0.36,0.16,-0.58,-0.06,0.08,9.8,0.83125,0.0,0.0,0.0,4.2,2.0,1017.15,67.53,-17.79
2025-03-24 17:43:20.432000+00:00,22.537039394701253,,,,356.875,-0.375,-0.438,23.0,-62.5,-2.25,-30.375,-0.029,-0.016,-0.018,-0.35,0.35,9.6,-0.36,0.16,-0.58,-0.06,0.08,9.8,0.83125,0.0,0.0,0.0,4.1,2.0,1017.15,67.53,-17.79
2025-03-24 17:43:21.425000+00:00,22.537039394701253,,,,356.875,-0.375,-0.438,23.0,-62.5,-2.25,-30.375,-0.029,-0.016,-0.018,-0.35,0.35,9.6,-0.36,0.16,-0.58,-0.06,0.08,9.8,0.83125,0.0,0.0,0.0,4.1,2.0,1017.15,67.53,-17.79
2025-03-24 17:43:22.467000+00:00,22.537039394701253,,,,356.875,-0.375,-0.438,23.0,-62.5,-2.25,-30.375,-0.029,-0.016,-0.018,-0.35,0.35,9.6,-0.36,0.16,-0.58,-0.06,0.08,9.8,0.83125,0.0,0.0,0.0,4.1,2.0,1017.15,67.53,-17.79
2025-03-24 17:43:23.525000+00:00,22.537039394701253,,,,356.875,-0.375,-0.438,23.0,-62.5,-2.25,-30.375,-0.029,-0.016,-0.018,-0.35,0.35,9.6,-0.36,0.16,-0.58,-0.06,0.08,9.8,0.83125,0.0,0.0,0.0,4.1,2.0,1017.15,67.53,-17.79
2025-03-24 17:43:24.677000+00:00,22.537039394701253,,,,356.875,-0.375,-0.438,23.0,-62.5,-2.25,-30.375,-0.029,-0.016,-0.018,-0.35,0.35,9.6,-0.36,0.16,-0.58,-0.06,0.08,9.8,0.83125,0.0,0.0,0.0,4.1,2.0,1017.15,67.53,-17.79
2025-03-24 17:43:25.721000+00:00,22.537039394701253,,,,356.875,-0.375,-0.438,23.0,-62.5,-2.25,-30.375,-0.029,-0.016,-0.018,-0.35,0.35,9.6,-0.36,0.16,-0.58,-0.06,0.08,9.8,0.83125,0.0,0.0,0.0,4.1,2.0,1017.15,67.53,-17.79
2025-03-24 17:43:26.665000+00:00,22.537039394701253,,,,356.875,-0.375,-0.438,23.0,-62.5,-2.25,-30.375,-0.029,-0.016,-0.018,-0.35,0.35,9.6,-0.36,0.16,-0.58,-0.06,0.08,9.8,0.83125,0.0,0.0,0.0,4.1,2.0,1017.15,67.53,-17.79
2025-03-24 17:43:27.811000+00:00,22.537039394701253,,,,356.875,-0.375,-0.438,23.0,-62.5,-2.25,-30.375,-0.029,-0.016,-0.018,-0.35,0.35,9.6,-0.36,0.16,-0.58,-0.06,0.08,9.8,0.83125,0.0,0.0,0.0,4.1,2.0,1017.15,67.53,-17.79
2025-03-24 17:43:28.956000+00:00,22.537039394701253,,,,356.875,-0.375,-0.438,23.0,-62.5,-2.25,-30.375,-0.029,-0.016,-0.018,-0.35,0.35,9.6,-0.36,0.16,-0.58,-0.06,0.08,9.8,0.83125,0.0,0.0,0.0,4.1,2.0,1017.15,67.53,-17.79
2025-03-24 17:43:30.387000+00:00,22.537039394701253,,,,356.875,-0.375,-0.438,23.0,-62.5,-2.25,-30.375,-0.029,-0.016,-0.018,-0.35,0.35,9.6,-0.36,0.16,-0.58,-0.06,0.08,9.8,0.83125,0.0,0.0,0.0,4.1,2.0,1017.15,67.53,-17.79
2025-03-24 17:43:31.532000+00:00,22.537039394701253,,,,356.875,-0.375,-0.438,23.0,-62.5,-2.25,-30.375,-0.029,-0.016,-0.018,-0.35,0.35,9.6,-0.36,0.16,-0.58,-0.06,0.08,9.8,0.83125,0.0,0.0,0.0,4.1,2.0,1017.15,67.53,-17.79
2025-03-24 17:43:32.628000+00:00,22.537039394701253,,,,356.875,-0.375,-0.438,23.0,-62.5,-2.25,-30.375,-0.029,-0.016,-0.018,-0.35,0.35,9.6,-0.36,0.16,-0.58,-0.06,0.08,9.8,0.83125,0.0,0.0,0.0,4.1,2.0,1017.15,67.53,-17.79
2025-03-24 17:43:33.558000+00:00,22.537039394701253,,,,356.875,-0.375,-0.438,23.0,-62.5,-2.25,-30.375,-0.029,-0.016,-0.018,-0.35,0.35,9.6,-0.36,0.16,-0.58,-0.06,0.08,9.8,0.83125,0.0,0.0,0.0,4.1,2.0,1017.15,67.53,-17.79
2025-03-24 17:43:34.609000+00:00,22.537039394701253,,,,356.875,-0.375,-0.438,23.0,-62.5,-2.25,-30.375,-0.029,-0.016,-0.018,-0.35,0.35,9.6,-0.36,0.16,-0.58,-0.06,0.08,9.8,0.83125,0.0,0.0,0.0,4.1,2.0,1017.15,67.53,-17.79
2025-03-24 17:43:35.811000+00:00,22.537039394701253,,,,356.875,-0.375,-0.438,23.0,-62.5,-2.25,-30.375,-0.029,-0.016,-0.018,-0.35,0.35,9.6,-0.36,0.16,-0.58,-0.06,0.08,9.8,0.83125,0.0,0.0,0.0,4.1,2.0,1017.15,67.53,-17.79
2025-03-24 17:43:36.785000+00:00,22.537039394701253,,,,356.875,-0.375,-0.438,23.0,-62.5,-2.25,-30.375,-0.029,-0.016,-0.018,-0.35,0.35,9.6,-0.36,0.16,-0.58,-0.06,0.08,9.8,0.83125,0.0,0.0,0.0,4.1,2.0,1017.15,67.53,-17.79
2025-03-24 17:43:37.931000+00:00,22.537039394701253,,,,356.875,-0.375,-0.438,23.0,-62.5,-2.25,-30.375,-0.029,-0.016,-0.018,-0.35,0.35,9.6,-0.36,0.16,-0.58,-0.06,0.08,9.8,0.83125,0.0,0.0,0.0,4.1,2.0,1017.15,67.53,-17.79
2025-03-24 17:43:39.701000+00:00,22.537039394701253,,,,356.875,-0.375,-0.438,23.0,-62.5,-2.25,-30.375,-0.029,-0.016,-0.018,-0.35,0.35,9.6,-0.36,0.16,-0.58,-0.06,0.08,9.8,0.83125,0.0,0.0,0.0,4.1,2.0,1017.15,67.53,-17.79
2025-03-24 17:43:40.756000+00:00,22.537039394701253,,,,356.875,-0.375,-0.438,23.0,-62.5,-2.25,-30.375,-0.029,-0.016,-0.018,-0.35,0.35,9.6,-0.36,0.16,-0.58,-0.06,0.08,9.8,0.83125,0.0,0.0,0.0,4.1,2.0,1017.15,67.53,-17.79
2025-03-24 17:43:41.701000+00:00,22.537039394701253,,,,356.875,-0.375,-0.438,23.0,-62.5,-2.25,-30.375,-0.029,-0.016,-0.018,-0.35,0.35,9.6,-0.36,0.16,-0.58,-0.06,0.08,9.8,0.83125,0.0,0.0,0.0,4.1,2.0,1017.15,67.53,-17.79
2025-03-24 17:43:42.636000+00:00,22.537039394701253,,,,356.875,-0.375,-0.438,23.0,-62.5,-2.25,-30.375,-0.029,-0.016,-0.018,-0.35,0.35,9.6,-0.36,0.16,-0.58,-0.06,0.08,9.8,0.83125,0.0,0.0,0.0,4.1,2.0,1017.15,67.53,-17.79
2025-03-24 17:43:43.705000+00:00,22.537039394701253,,,,356.875,-0.375,-0.438,23.0,-62.5,-2.25,-30.375,-0.029,-0.016,-0.018,-0.35,0.35,9.6,-0.36,0.16,-0.58,-0.06,0.08,9.8,0.83125,0.0,0.0,0.0,4.1,2.0,1017.15,67.53,-17.79
2025-03-24 17:43:44.665000+00:00,22.537039394701253,,,,356.875,-0.375,-0.438,23.0,-62.5,-2.25,-30.375,-0.029,-0.016,-0.018,-0.35,0.35,9.6,-0.36,0.16,-0.58,-0.06,0.08,9.8,0.83125,0.0,0.0,0.0,4.1,2.0,1017.15,67.53,-17.79
2025-03-24 17:43:45.664000+00:00,22.537039394701253,,,,356.875,-0.375,-0.438,23.0,-62.5,-2.25,-30.375,-0.029,-0.016,-0.018,-0.35,0.35,9.6,-0.36,0.16,-0.58,-0.06,0.08,9.8,0.83125,0.0,0.0,0.0,4.1,2.0,1017.15,67.53,-17.79
2025-03-24 17:43:46.885000+00:00,22.537039394701253,,,,356.875,-0.375,-0.438,23.0,-62.5,-2.25,-30.375,-0.029,-0.016,-0.018,-0.35,0.35,9.6,-0.36,0.16,-0.58,-0.06,0.08,9.8,0.83125,0.0,0.0,0.0,4.3,2.0,1017.15,67.53,-17.79
2025-03-24 17:43:47.841000+00:00,22.537039394701253,,,,356.875,-0.375,-0.438,23.0,-62.5,-2.25,-30.375,-0.029,-0.016,-0.018,-0.35,0.35,9.6,-0.36,0.16,-0.58,-0.06,0.08,9.8,0.83125,0.0,0.0,0.0,4.3,2.0,1017.15,67.53,-17.79
2025-03-24 17:43:48.886000+00:00,22.537039394701253,,,,356.875,-0.375,-0.438,23.0,-62.5,-2.25,-30.375,-0.029,-0.016,-0.018,-0.35,0.35,9.6,-0.36,0.16,-0.58,-0.06,0.08,9.8,0.83125,0.0,0.0,0.0,4.3,2.0,1017.15,67.53,-17.79
2025-03-24 17:43:50.033000+00:00,22.537039394701253,,,,356.875,-0.375,-0.438,23.0,-62.5,-2.25,-30.375,-0.029,-0.016,-0.018,-0.35,0.35,9.6,-0.36,0.16,-0.58,-0.06,0.08,9.8,0.83125,0.0,0.0,0.0,4.1,2.0,1017.15,67.53,-17.79
2025-03-24 17:43:51.304000+00:00,22.537039394701253,,,,356.875,-0.375,-0.438,23.0,-62.5,-2.25,-30.375,-0.029,-0.016,-0.018,-0.35,0.35,9.6,-0.36,0.16,-0.58,-0.06,0.08,9.8,0.83125,0.0,0.0,0.0,4.1,2.0,1017.15,67.53,-17.79
2025-03-24 17:43:52.792000+00:00,22.537039394701253,,,,356.875,-0.375,-0.438,23.0,-62.5,-2.25,-30.375,-0.029,-0.016,-0.018,-0.35,0.35,9.6,-0.36,0.16,-0.58,-0.06,0.08,9.8,0.83125,0.0,0.0,0.0,4.1,2.0,1017.15,67.53,-17.79
2025-03-24 17:43:53.720000+00:00,22.537039394701253,,,,356.875,-0.375,-0.438,23.0,-62.5,-2.25,-30.375,-0.029,-0.016,-0.018,-0.35,0.35,9.6,-0.36,0.16,-0.58,-0.06,0.08,9.8,0.83125,0.0,0.0,0.0,4.2,2.0,1017.15,67.53,-17.79
2025-03-24 17:43:54.699000+00:00,22.537039394701253,,,,356.875,-0.375,-0.438,23.0,-62.5,-2.25,-30.375,-0.029,-0.016,-0.018,-0.35,0.35,9.6,-0.36,0.16,-0.58,-0.06,0.08,9.8,0.83125,0.0,0.0,0.0,4.2,2.0,1017.15,67.53,-17.79
2025-03-24 17:43:55.685000+00:00,22.537039394701253,,,,356.875,-0.375,-0.438,23.0,-62.5,-2.25,-30.375,-0.029,-0.016,-0.018,-0.35,0.35,9.6,-0.36,0.16,-0.58,-0.06,0.08,9.8,0.83125,0.0,0.0,0.0,4.1,2.0,1017.15,67.53,-17.79
2025-03-24 17:43:56.816000+00:00,22.537039394701253,,,,356.875,-0.375,-0.438,23.0,-62.5,-2.25,-30.375,-0.029,-0.016,-0.018,-0.35,0.35,9.6,-0.36,0.16,-0.58,-0.06,0.08,9.8,0.83125,0.0,0.0,0.0,4.1,2.0,1017.15,67.53,-17.79
2025-03-24 17:43:57.961000+00:00,22.537039394701253,,,,356.875,-0.375,-0.438,23.0,-62.5,-2.25,-30.375,-0.029,-0.016,-0.018,-0.35,0.35,9.6,-0.36,0.16,-0.58,-0.06,0.08,9.8,0.83125,0.0,0.0,0.0,4.1,2.0,1017.15,67.53,-17.79
2025-03-24 17:43:59.105000+00:00,22.537039394701253,,,,356.875,-0.375,-0.438,23.0,-62.5,-2.25,-30.375,-0.029,-0.016,-0.018,-0.35,0.35,9.6,-0.36,0.16,-0.58,-0.06,0.08,9.8,0.83125,0.0,0.0,0.0,4.1,2.0,1017.15,67.53,-17.79
2025-03-24 17:44:00.150000+00:00,22.537039394701253,,,,356.875,-0.375,-0.438,23.0,-62.5,-2.25,-30.375,-0.029,-0.016,-0.018,-0.35,0.35,9.6,-0.36,0.16,-0.58,-0.06,0.08,9.8,0.83125,0.0,0.0,0.0,4.1,2.0,1017.15,67.53,-17.79
2025-03-24 17:44:01.353000+00:00,22.537039394701253,,,,356.875,-0.375,-0.438,23.0,-62.5,-2.25,-30.375,-0.029,-0.016,-0.018,-0.35,0.35,9.6,-0.36,0.16,-0.58,-0.06,0.08,9.8,0.83125,0.0,0.0,0.0,4.1,2.0,1017.15,67.53,-17.79
2025-03-24 17:44:02.732000+00:00,22.537039394701253,,,,356.875,-0.375,-0.438,23.0,-62.5,-2.25,-30.375,-0.029,-0.016,-0.018,-0.35,0.35,9.6,-0.36,0.16,-0.58,-0.06,0.08,9.8,0.83125,0.0,0.0,0.0,4.1,2.0,1017.15,67.53,-17.79
2025-03-24 17:44:03.742000+00:00,22.537039394701253,,,,356.875,-0.375,-0.438,23.0,-62.5,-2.25,-30.375,-0.029,-0.016,-0.018,-0.35,0.35,9.6,-0.36,0.16,-0.58,-0.06,0.08,9.8,0.83125,0.0,0.0,0.0,4.1,2.0,1017.15,67.53,-17.79
2025-03-24 17:44:04.741000+00:00,22.537039394701253,,,,356.875,-0.375,-0.438,23.0,-62.5,-2.25,-30.375,-0.029,-0.016,-0.018,-0.35,0.35,9.6,-0.36,0.16,-0.58,-0.06,0.08,9.8,0.83125,0.0,0.0,0.0,4.3,2.0,1017.15,67.53,-17.79
2025-03-24 17:44:05.774000+00:00,22.537039394701253,,,,356.875,-0.375,-0.438,23.0,-62.5,-2.25,-30.375,-0.029,-0.016,-0.018,-0.35,0.35,9.6,-0.36,0.16,-0.58,-0.06,0.08,9.8,0.83125,0.0,0.0,0.0,4.3,2.0,1017.15,67.53,-17.79
2025-03-24 17:44:06.918000+00:00,22.537039394701253,,,,356.875,-0.375,-0.438,23.0,-62.5,-2.25,-30.375,-0.029,-0.016,-0.018,-0.35,0.35,9.6,-0.36,0.16,-0.58,-0.06,0.08,9.8,0.83125,0.0,0.0,0.0,4.3,2.0,1017.15,67.53,-17.79
2025-03-24 17:44:08.063000+00:00,22.537039394701253,,,,356.875,-0.375,-0.438,23.0,-62.5,-2.25,-30.375,-0.029,-0.016,-0.018,-0.35,0.35,9.6,-0.36,0.16,-0.58,-0.06,0.08,9.8,0.83125,0.0,0.0,0.0,4.2,2.0,1017.15,67.53,-17.79
2025-03-24 17:44:09.771000+00:00,22.537039394701253,,,,356.875,-0.375,-0.438,23.0,-62.5,-2.25,-30.375,-0.029,-0.016,-0.018,-0.35,0.35,9.6,-0.36,0.16,-0.58,-0.06,0.08,9.8,0.83125,0.0,0.0,0.0,4.2,2.0,1017.15,67.53,-17.79
2025-03-24 17:44:10.802000+00:00,22.537039394701253,,,,356.875,-0.375,-0.438,23.0,-62.5,-2.25,-30.375,-0.029,-0.016,-0.018,-0.35,0.35,9.6,-0.36,0.16,-0.58,-0.06,0.08,9.8,0.83125,0.0,0.0,0.0,4.3,2.0,1017.15,67.53,-17.79
2025-03-24 17:44:11.960000+00:00,22.537039394701253,,,,356.875,-0.375,-0.438,23.0,-62.5,-2.25,-30.375,-0.029,-0.016,-0.018,-0.35,0.35,9.6,-0.36,0.16,-0.58,-0.06,0.08,9.8,0.83125,0.0,0.0,0.0,4.3,2.0,1017.15,67.53,-17.79
2025-03-24 17:44:13.048000+00:00,22.537039394701253,,,,356.875,-0.375,-0.438,23.0,-62.5,-2.25,-30.375,-0.029,-0.016,-0.018,-0.35,0.35,9.6,-0.36,0.16,-0.58,-0.06,0.08,9.8,0.83125,0.0,0.0,0.0,4.3,2.0,1017.15,67.53,-17.79
2025-03-24 17:44:14.194000+00:00,22.537039394701253,,,,356.875,-0.375,-0.438,23.0,-62.5,-2.25,-30.375,-0.029,-0.016,-0.018,-0.35,0.35,9.6,-0.36,0.16,-0.58,-0.06,0.08,9.8,0.83125,0.0,0.0,0.0,4.3,2.0,1017.15,67.53,-17.79
2025-03-24 17:44:15.238000+00:00,22.537039394701253,,,,356.875,-0.375,-0.438,23.0,-62.5,-2.25,-30.375,-0.029,-0.016,-0.018,-0.35,0.35,9.6,-0.36,0.16,-0.58,-0.06,0.08,9.8,0.83125,0.0,0.0,0.0,4.3,2.0,1017.15,67.53,-17.79
2025-03-24 17:44:16.463000+00:00,22.537039394701253,,,,356.875,-0.375,-0.438,23.0,-62.5,-2.25,-30.375,-0.029,-0.016,-0.018,-0.35,0.35,9.6,-0.36,0.16,-0.58,-0.06,0.08,9.8,0.83125,0.0,0.0,0.0,4.3,2.0,1017.15,67.53,-17.79
2025-03-24 17:44:17.889000+00:00,22.537039394701253,,,,356.875,-0.375,-0.438,23.0,-62.5,-2.25,-30.375,-0.029,-0.016,-0.018,-0.35,0.35,9.6,-0.36,0.16,-0.58,-0.06,0.08,9.8,0.83125,0.0,0.0,0.0,4.2,2.0,1017.15,67.53,-17.79
2025-03-24 17:43:19.551000+00:00,22.537039394701253,,,,356.875,-0.375,-0.438,23.0,-62.5,-2.25,-30.375,-0.029,-0.016,-0.018,-0.35,0.35,9.6,-0.36,0.16,-0.58,-0.06,0.08,9.8,0.83125,0.0,0.0,0.0,4.2,2.0,1017.15,67.53,-17.79
2025-03-24 17:43:20.493000+00:00,22.537039394701253,,,,356.875,-0.375,-0.438,23.0,-62.5,-2.25,-30.375,-0.029,-0.016,-0.018,-0.35,0.35,9.6,-0.36,0.16,-0.58,-0.06,0.08,9.8,0.83125,0.0,0.0,0.0,4.2,2.0,1017.15,67.53,-17.79
2025-03-24 17:43:21.476000+00:00,22.537039394701253,,,,356.875,-0.375,-0.438,23.0,-62.5,-2.25,-30.375,-0.029,-0.016,-0.018,-0.35,0.35,9.6,-0.36,0.16,-0.58,-0.06,0.08,9.8,0.83125,0.0,0.0,0.0,4.2,2.0,1017.15,67.53,-17.79
2025-03-24 17:43:22.516000+00:00,22.537039394701253,,,,356.875,-0.375,-0.438,23.0,-62.5,-2.25,-30.375,-0.029,-0.016,-0.018,-0.35,0.35,9.6,-0.36,0.16,-0.58,-0.06,0.08,9.8,0.83125,0.0,0.0,0.0,4.2,2.0,1017.15,67.53,-17.79
2025-03-24 17:43:23.583000+00:00,22.537039394701253,,,,356.875,-0.375,-0.438,23.0,-62.5,-2.25,-30.375,-0.029,-0.016,-0.018,-0.35,0.35,9.6,-0.36,0.16,-0.58,-0.06,0.08,9.8,0.83125,0.0,0.0,0.0,4.2,2.0,1017.15,67.53,-17.79
2025-03-24 17:43:24.732000+00:00,22.537039394701253,,,,356.875,-0.375,-0.438,23.0,-62.5,-2.25,-30.375,-0.029,-0.016,-0.018,-0.35,0.35,9.6,-0.36,0.16,-0.58,-0.06,0.08,9.8,0.83125,0.0,0.0,0.0,4.2,2.0,1017.15,67.53,-17.79
2025-03-24 17:43:25.783000+00:00,22.537039394701253,,,,356.875,-0.375,-0.438,23.0,-62.5,-2.25,-30.375,-0.029,-0.016,-0.018,-0.35,0.35,9.6,-0.36,0.16,-0.58,-0.06,0.08,9.8,0.83125,0.0,0.0,0.0,4.2,2.0,1017.15,67.53,-17.79
2025-03-24 17:43:26.716000+00:00,22.537039394701253,,,,356.875,-0.375,-0.438,23.0,-62.5,-2.25,-30.375,-0.029,-0.016,-0.018,-0.35,0.35,9.6,-0.36,0.16,-0.58,-0.06,0.08,9.8,0.83125,0.0,0.0,0.0,4.2,2.0,1017.15,67.53,-17.79
2025-03-24 17:43:27.861000+00:00,22.537039394701253,,,,356.875,-0.375,-0.438,23.0,-62.5,-2.25,-30.375,-0.029,-0.016,-0.018,-0.35,0.35,9.6,-0.36,0.16,-0.58,-0.06,0.08,9.8,0.83125,0.0,0.0,0.0,4.2,2.0,1017.15,67.53,-17.79
2025-03-24 17:43:29.007000+00:00,22.537039394701253,,,,356.875,-0.375,-0.438,23.0,-62.5,-2.25,-30.375,-0.029,-0.016,-0.018,-0.35,0.35,9.6,-0.36,0.16,-0.58,-0.06,0.08,9.8,0.83125,0.0,0.0,0.0,4.2,2.0,1017.15,67.53,-17.79
2025-03-24 17:43:30.435000+00:00,22.537039394701253,,,,356.875,-0.375,-0.438,23.0,-62.5,-2.25,-30.375,-0.029,-0.016,-0.018,-0.35,0.35,9.6,-0.36,0.16,-0.58,-0.06,0.08,9.8,0.83125,0.0,0.0,0.0,4.2,2.0,1017.15,67.53,-17.79
2025-03-24 17:43:31.585000+00:00,22.537039394701253,,,,356.875,-0.375,-0.438,23.0,-62.5,-2.25,-30.375,-0.029,-0.016,-0.018,-0.35,0.35,9.6,-0.36,0.16,-0.58,-0.06,0.08,9.8,0.83125,0.0,0.0,0.0,4.2,2.0,1017.15,67.53,-17.79
2025-03-24 17:43:32.675000+00:00,22.537039394701253,,,,356.875,-0.375,-0.438,23.0,-62.5,-2.25,-30.375,-0.029,-0.016,-0.018,-0.35,0.35,9.6,-0.36,0.16,-0.58,-0.06,0.08,9.8,0.83125,0.0,0.0,0.0,4.2,2.0,1017.15,67.53,-17.79
2025-03-24 17:43:33.605000+00:00,22.537039394701253,,,,356.875,-0.375,-0.438,23.0,-62.5,-2.25,-30.375,-0.029,-0.016,-0.018,-0.35,0.35,9.6,-0.36,0.16,-0.58,-0.06,0.08,9.8,0.83125,0.0,0.0,0.0,4.2,2.0,1017.15,67.53,-17.79
2025-03-24 17:43:34.662000+00:00,22.537039394701253,,,,356.875,-0.375,-0.438,23.0,-62.5,-2.25,-30.375,-0.029,-0.016,-0.018,-0.35,0.35,9.6,-0.36,0.16,-0.58,-0.06,0.08,9.8,0.83125,0.0,0.0,0.0,4.2,2.0,1017.15,67.53,-17.79
2025-03-24 17:43:35.866000+00:00,22.537039394701253,,,,356.875,-0.375,-0.438,23.0,-62.5,-2.25,-30.375,-0.029,-0.016,-0.018,-0.35,0.35,9.6,-0.36,0.16,-0.58,-0.06,0.08,9.8,0.83125,0.0,0.0,0.0,4.2,2.0,1017.15,67.53,-17.79
2025-03-24 17:43:36.840000+00:00,22.537039394701253,,,,356.875,-0.375,-0.438,23.0,-62.5,-2.25,-30.375,-0.029,-0.016,-0.018,-0.35,0.35,9.6,-0.36,0.16,-0.58,-0.06,0.08,9.8,0.83125,0.0,0.0,0.0,4.2,2.0,1017.15,67.53,-17.79
2025-03-24 17:43:37.991000+00:00,22.537039394701253,,,,356.875,-0.375,-0.438,23.0,-62.5,-2.25,-30.375,-0.029,-0.016,-0.018,-0.35,0.35,9.6,-0.36,0.16,-0.58,-0.06,0.08,9.8,0.83125,0.0,0.0,0.0,4.2,2.0,1017.15,67.53,-17.79
2025-03-24 17:43:39.761000+00:00,22.537039394701253,,,,356.875,-0.375,-0.438,23.0,-62.5,-2.25,-30.375,-0.029,-0.016,-0.018,-0.35,0.35,9.6,-0.36,0.16,-0.58,-0.06,0.08,9.8,0.83125,0.0,0.0,0.0,4.2,2.0,1017.15,67.53,-17.79
2025-03-24 17:43:40.811000+00:00,22.537039394701253,,,,356.875,-0.375,-0.438,23.0,-62.5,-2.25,-30.375,-0.029,-0.016,-0.018,-0.35,0.35,9.6,-0.36,0.16,-0.58,-0.06,0.08,9.8,0.83125,0.0,0.0,0.0,4.2,2.0,1017.15,67.53,-17.79
2025-03-24 17:43:41.761000+00:00,22.537039394701253,,,,356.875,-0.375,-0.438,23.0,-62.5,-2.25,-30.375,-0.029,-0.016,-0.018,-0.35,0.35,9.6,-0.36,0.16,-0.58,-0.06,0.08,9.8,0.83125,0.0,0.0,0.0,4.2,2.0,1017.15,67.53,-17.79
2025-03-24 17:43:42.685000+00:00,22.537039394701253,,,,356.875,-0.375,-0.438,23.0,-62.5,-2.25,-30.375,-0.029,-0.016,-0.018,-0.35,0.35,9.6,-0.36,0.16,-0.58,-0.06,0.08,9.8,0.83125,0.0,0.0,0.0,4.2,2.0,1017.15,67.53,-17.79
2025-03-24 17:43:43.757000+00:00,22.537039394701253,,,,356.875,-0.375,-0.438,23.0,-62.5,-2.25,-30.375,-0.029,-0.016,-0.018,-0.35,0.35,9.6,-0.36,0.16,-0.58,-0.06,0.08,9.8,0.83125,0.0,0.0,0.0,4.2,2.0,1017.15,67.53,-17.79
2025-03-24 17:43:44.715000+00:00,22.537039394701253,,,,356.875,-0.375,-0.438,23.0,-62.5,-2.25,-30.375,-0.029,-0.016,-0.018,-0.35,0.35,9.6,-0.36,0.16,-0.58,-0.06,0.08,9.8,0.83125,0.0,0.0,0.0,4.2,2.0,1017.15,67.53,-17.79
2025-03-24 17:43:45.715000+00:00,22.537039394701253,,,,356.875,-0.375,-0.438,23.0,-62.5,-2.25,-30.375,-0.029,-0.016,-0.018,-0.35,0.35,9.6,-0.36,0.16,-0.58,-0.06,0.08,9.8,0.83125,0.0,0.0,0.0,4.2,2.0,1017.15,67.53,-17.79
2025-03-24 17:43:46.940000+00:00,22.537039394701253,,,,356.875,-0.375,-0.438,23.0,-62.5,-2.25,-30.375,-0.029,-0.016,-0.018,-0.35,0.35,9.6,-0.36,0.16,-0.58,-0.06,0.08,9.8,0.83125,0.0,0.0,0.0,4.2,2.0,1017.15,67.53,-17.79
2025-03-24 17:43:47.902000+00:00,22.537039394701253,,,,356.875,-0.375,-0.438,23.0,-62.5,-2.25,-30.375,-0.029,-0.016,-0.018,-0.35,0.35,9.6,-0.36,0.16,-0.58,-0.06,0.08,9.8,0.83125,0.0,0.0,0.0,4.2,2.0,1017.15,67.53,-17.79
2025-03-24 17:43:48.937000+00:00,22.537039394701253,,,,356.875,-0.375,-0.438,23.0,-62.5,-2.25,-30.375,-0.029,-0.016,-0.018,-0.35,0.35,9.6,-0.36,0.16,-0.58,-0.06,0.08,9.8,0.83125,0.0,0.0,0.0,4.2,2.0,1017.15,67.53,-17.79
2025-03-24 17:43:50.087000+00:00,22.537039394701253,,,,356.875,-0.375,-0.438,23.0,-62.5,-2.25,-30.375,-0.029,-0.016,-0.018,-0.35,0.35,9.6,-0.36,0.16,-0.58,-0.06,0.08,9.8,0.83125,0.0,0.0,0.0,4.2,2.0,1017.15,67.53,-17.79
2025-03-24 17:43:51.354000+00:00,22.537039394701253,,,,356.875,-0.375,-0.438,23.0,-62.5,-2.25,-30.375,-0.029,-0.016,-0.018,-0.35,0.35,9.6,-0.36,0.16,-0.58,-0.06,0.08,9.8,0.83125,0.0,0.0,0.0,4.2,2.0,1017.15,67.53,-17.79
2025-03-24 17:43:52.850000+00:00,22.537039394701253,,,,356.875,-0.375,-0.438,23.0,-62.5,-2.25,-30.375,-0.029,-0.016,-0.018,-0.35,0.35,9.6,-0.36,0.16,-0.58,-0.06,0.08,9.8,0.83125,0.0,0.0,0.0,4.2,2.0,1017.15,67.53,-17.79
2025-03-24 17:43:53.768000+00:00,22.537039394701253,,,,356.875,-0.375,-0.438,23.0,-62.5,-2.25,-30.375,-0.029,-0.016,-0.018,-0.35,0.35,9.6,-0.36,0.16,-0.58,-0.06,0.08,9.8,0.83125,0.0,0.0,0.0,4.2,2.0,1017.15,67.53,-17.79
2025-03-24 17:43:54.750000+00:00,22.537039394701253,,,,356.875,-0.375,-0.438,23.0,-62.5,-2.25,-30.375,-0.029,-0.016,-0.018,-0.35,0.35,9.6,-0.36,0.16,-0.58,-0.06,0.08,9.8,0.83125,0.0,0.0,0.0,4.2,2.0,1017.15,67.53,-17.79
2025-03-24 17:43:55.741000+00:00,22.537039394701253,,,,356.875,-0.375,-0.438,23.0,-62.5,-2.25,-30.375,-0.029,-0.016,-0.018,-0.35,0.35,9.6,-0.36,0.16,-0.58,-0.06,0.08,9.8,0.83125,0.0,0.0,0.0,4.2,2.0,1017.15,67.53,-17.79
2025-03-24 17:43:56.871000+00:00,22.537039394701253,,,,356.875,-0.375,-0.438,23.0,-62.5,-2.25,-30.375,-0.029,-0.016,-0.018,-0.35,0.35,9.6,-0.36,0.16,-0.58,-0.06,0.08,9.8,0.83125,0.0,0.0,0.0,4.2,2.0,1017.15,67.53,-17.79
2025-03-24 17:43:58.015000+00:00,22.537039394701253,,,,356.875,-0.375,-0.438,23.0,-62.5,-2.25,-30.375,-0.029,-0.016,-0.018,-0.35,0.35,9.6,-0.36,0.16,-0.58,-0.06,0.08,9.8,0.83125,0.0,0.0,0.0,4.2,2.0,1017.15,67.53,-17.79
2025-03-24 17:43:59.167000+00:00,22.537039394701253,,,,356.875,-0.375,-0.438,23.0,-62.5,-2.25,-30.375,-0.029,-0.016,-0.018,-0.35,0.35,9.6,-0.36,0.16,-0.58,-0.06,0.08,9.8,0.83125,0.0,0.0,0.0,4.2,2.0,1017.15,67.53,-17.79
2025-03-24 17:44:00.194000+00:00,22.537039394701253,,,,356.875,-0.375,-0.438,23.0,-62.5,-2.25,-30.375,-0.029,-0.016,-0.018,-0.35,0.35,9.6,-0.36,0.16,-0.58,-0.06,0.08,9.8,0.83125,0.0,0.0,0.0,4.2,2.0,1017.15,67.53,-17.79
2025-03-24 17:44:01.405000+00:00,22.537039394701253,,,,356.875,-0.375,-0.438,23.0,-62.5,-2.25,-30.375,-0.029,-0.016,-0.018,-0.35,0.35,9.6,-0.36,0.16,-0.58,-0.06,0.08,9.8,0.83125,0.0,0.0,0.0,4.2,2.0,1017.15,67.53,-17.79
2025-03-24 17:44:02.790000+00:00,22.537039394701253,,,,356.875,-0.375,-0.438,23.0,-62.5,-2.25,-30.375,-0.029,-0.016,-0.018,-0.35,0.35,9.6,-0.36,0.16,-0.58,-0.06,0.08,9.8,0.83125,0.0,0.0,0.0,4.2,2.0,1017.15,67.53,-17.79
2025-03-24 17:44:03.800000+00:00,22.537039394701253,,,,356.875,-0.375,-0.438,23.0,-62.5,-2.25,-30.375,-0.029,-0.016,-0.018,-0.35,0.35,9.6,-0.36,0.16,-0.58,-0.06,0.08,9.8,0.83125,0.0,0.0,0.0,4.2,2.0,1017.15,67.53,-17.79
2025-03-24 17:44:04.794000+00:00,22.537039394701253,,,,356.875,-0.375,-0.438,23.0,-62.5,-2.25,-30.375,-0.029,-0.016,-0.018,-0.35,0.35,9.6,-0.36,0.16,-0.58,-0.06,0.08,9.8,0.83125,0.0,0.0,0.0,4.2,2.0,1017.15,67.53,-17.79
2025-03-24 17:44:05.830000+00:00,22.537039394701253,,,,356.875,-0.375,-0.438,23.0,-62.5,-2.25,-30.375,-0.029,-0.016,-0.018,-0.35,0.35,9.6,-0.36,0.16,-0.58,-0.06,0.08,9.8,0.83125,0.0,0.0,0.0,4.2,2.0,1017.15,67.53,-17.79
2025-03-24 17:44:06.981000+00:00,22.537039394701253,,,,356.875,-0.375,-0.438,23.0,-62.5,-2.25,-30.375,-0.029,-0.016,-0.018,-0.35,0.35,9.6,-0.36,0.16,-0.58,-0.06,0.08,9.8,0.83125,0.0,0.0,0.0,4.2,2.0,1017.15,67.53,-17.79
2025-03-24 17:44:08.126000+00:00,22.537039394701253,,,,356.875,-0.375,-0.438,23.0,-62.5,-2.25,-30.375,-0.029,-0.016,-0.018,-0.35,0.35,9.6,-0.36,0.16,-0.58,-0.06,0.08,9.8,0.83125,0.0,0.0,0.0,4.2,2.0,1017.15,67.53,-17.79
2025-03-24 17:44:09.829000+00:00,22.537039394701253,,,,356.875,-0.375,-0.438,23.0,-62.5,-2.25,-30.375,-0.029,-0.016,-0.018,-0.35,0.35,9.6,-0.36,0.16,-0.58,-0.06,0.08,9.8,0.83125,0.0,0.0,0.0,4.2,2.0,1017.15,67.53,-17.79
2025-03-24 17:44:10.860000+00:00,22.537039394701253,,,,356.875,-0.375,-0.438,23.0,-62.5,-2.25,-30.375,-0.029,-0.016,-0.018,-0.35,0.35,9.6,-0.36,0.16,-0.58,-0.06,0.08,9.8,0.83125,0.0,0.0,0.0,4.2,2.0,1017.15,67.53,-17.79
2025-03-24 17:44:12.014000+00:00,22.537039394701253,,,,356.875,-0.375,-0.438,23.0,-62.5,-2.25,-30.375,-0.029,-0.016,-0.018,-0.35,0.35,9.6,-0.36,0.16,-0.58,-0.06,0.08,9.8,0.83125,0.0,0.0,0.0,4.2,2.0,1017.15,67.53,-17.79
2025-03-24 17:44:13.100000+00:00,22.537039394701253,,,,356.875,-0.375,-0.438,23.0,-62.5,-2.25,-30.375,-0.029,-0.016,-0.018,-0.35,0.35,9.6,-0.36,0.16,-0.58,-0.06,0.08,9.8,0.83125,0.0,0.0,0.0,4.2,2.0,1017.15,67.53,-17.79
2025-03-24 17:44:14.248000+00:00,22.537039394701253,,,,356.875,-0.375,-0.438,23.0,-62.5,-2.25,-30.375,-0.029,-0.016,-0.018,-0.35,0.35,9.6,-0.36,0.16,-0.58,-0.06,0.08,9.8,0.83125,0.0,0.0,0.0,4.2,2.0,1017.15,67.53,-17.79
2025-03-24 17:44:15.290000+00:00,22.537039394701253,,,,356.875,-0.375,-0.438,23.0,-62.5,-2.25,-30.375,-0.029,-0.016,-0.018,-0.35,0.35,9.6,-0.36,0.16,-0.58,-0.06,0.08,9.8,0.83125,0.0,0.0,0.0,4.2,2.0,1017.15,67.53,-17.79
2025-03-24 17:44:16.512000+00:00,22.537039394701253,,,,356.875,-0.375,-0.438,23.0,-62.5,-2.25,-30.375,-0.029,-0.016,-0.018,-0.35,0.35,9.6,-0.36,0.16,-0.58,-0.06,0.08,9.8,0.83125,0.0,0.0,0.0,4.2,2.0,1017.15,67.53,-17.79
2025-03-24 17:44:17.944000+00:00,22.537039394701253,,,,356.875,-0.375,-0.438,23.0,-62.5,-2.25,-30.375,-0.029,-0.016,-0.018,-0.35,0.35,9.6,-0.36,0.16,-0.58,-0.06,0.08,9.8,0.83125,0.0,0.0,0.0,4.2,2.0,1017.15,67.53,-17.79
2025-03-24 17:43:18.596000+00:00,22.537039394701253,,,,356.875,-0.375,-0.438,23.0,-62.5,-2.25,-30.375,-0.029,-0.016,-0.018,-0.35,0.35,9.6,-0.36,0.16,-0.58,-0.06,0.08,9.8,0.83125,0.0,0.0,0.0,4.2,2.0,1017.15,67.53,-17.79
2025-03-24 17:43:19.709000+00:00,22.537039394701253,,,,356.875,-0.375,-0.438,23.0,-62.5,-2.25,-30.375,-0.029,-0.016,-0.018,-0.35,0.35,9.6,-0.36,0.16,-0.58,-0.06,0.08,9.8,0.83125,0.0,0.0,0.0,4.2,2.0,1017.15,67.53,-17.79
2025-03-24 17:43:20.666000+00:00,22.537039394701253,,,,356.875,-0.375,-0.438,23.0,-62.5,-2.25,-30.375,-0.029,-0.016,-0.018,-0.35,0.35,9.6,-0.36,0.16,-0.58,-0.06,0.08,9.8,0.83125,0.0,0.0,0.0,4.2,2.0,1017.15,67.53,-17.79
2025-03-24 17:43:21.625000+00:00,22.537039394701253,,,,356.875,-0.375,-0.438,23.0,-62.5,-2.25,-30.375,-0.029,-0.016,-0.018,-0.35,0.35,9.6,-0.36,0.16,-0.58,-0.06,0.08,9.8,0.83125,0.0,0.0,0.0,4.2,2.0,1017.15,67.53,-17.79
2025-03-24 17:43:22.676000+00:00,22.537039394701253,,,,356.875,-0.375,-0.438,23.0,-62.5,-2.25,-30.375,-0.029,-0.016,-0.018,-0.35,0.35,9.6,-0.36,0.16,-0.58,-0.06,0.08,9.8,0.83125,0.0,0.0,0.0,4.2,2.0,1017.15,67.53,-17.79
2025-03-24 17:43:23.762000+00:00,22.537039394701253,,,,356.875,-0.375,-0.438,23.0,-62.5,-2.25,-30.375,-0.029,-0.016,-0.018,-0.35,0.35,9.6,-0.36,0.16,-0.58,-0.06,0.08,9.8,0.83125,0.0,0.0,0.0,4.2,2.0,1017.15,67.53,-17.79
2025-03-24 17:43:24.875000+00:00,22.537039394701253,,,,356.875,-0.375,-0.438,23.0,-62.5,-2.25,-30.375,-0.029,-0.016,-0.018,-0.35,0.35,9.6,-0.36,0.16,-0.58,-0.06,0.08,9.8,0.83125,0.0,0.0,0.0,4.2,2.0,1017.15,67.53,-17.79
2025-03-24 17:43:25.959000+00:00,22.537039394701253,,,,356.875,-0.375,-0.438,23.0,-62.5,-2.25,-30.375,-0.029,-0.016,-0.018,-0.35,0.35,9.6,-0.36,0.16,-0.58,-0.06,0.08,9.8,0.83125,0.0,0.0,0.0,4.2,2.0,1017.15,67.53,-17.79
2025-03-24 17:43:26.878000+00:00,22.537039394701253,,,,356.875,-0.375,-0.438,23.0,-62.5,-2.25,-30.375,-0.029,-0.016,-0.018,-0.35,0.35,9.6,-0.36,0.16,-0.58,-0.06,0.08,9.8,0.83125,0.0,0.0,0.0,4.2,2.0,1017.15,67.53,-17.79
2025-03-24 17:43:28.016000+00:00,22.537039394701253,,,,356.875,-0.375,-0.438,23.0,-62.5,-2.25,-30.375,-0.029,-0.016,-0.018,-0.35,0.35,9.6,-0.36,0.16,-0.58,-0.06,0.08,9.8,0.83125,0.0,0.0,0.0,4.2,2.0,1017.15,67.53,-17.79
2025-03-24 17:43:29.166000+00:00,22.537039394701253,,,,356.875,-0.375,-0.438,23.0,-62.5,-2.25,-30.375,-0.029,-0.016,-0.018,-0.35,0.35,9.6,-0.36,0.16,-0.58,-0.06,0.08,9.8,0.83125,0.0,0.0,0.0,4.2,2.0,1017.15,67.53,-17.79
2025-03-24 17:43:30.595000+00:00,22.537039394701253,,,,356.875,-0.375,-0.438,23.0,-62.5,-2.25,-30.375,-0.029,-0.016,-0.018,-0.35,0.35,9.6,-0.36,0.16,-0.58,-0.06,0.08,9.8,0.83125,0.0,0.0,0.0,4.2,2.0,1017.15,67.53,-17.79
2025-03-24 17:43:31.752000+00:00,22.537039394701253,,,,356.875,-0.375,-0.438,23.0,-62.5,-2.25,-30.375,-0.029,-0.016,-0.018,-0.35,0.35,9.6,-0.36,0.16,-0.58,-0.06,0.08,9.8,0.83125,0.0,0.0,0.0,4.2,2.0,1017.15,67.53,-17.79
2025-03-24 17:43:32.836000+00:00,22.537039394701253,,,,356.875,-0.375,-0.438,23.0,-62.5,-2.25,-30.375,-0.029,-0.016,-0.018,-0.35,0.35,9.6,-0.36,0.16,-0.58,-0.06,0.08,9.8,0.83125,0.0,0.0,0.0,4.2,2.0,1017.15,67.53,-17.79
2025-03-24 17:43:33.781000+00:00,22.537039394701253,,,,356.875,-0.375,-0.438,23.0,-62.5,-2.25,-30.375,-0.029,-0.016,-0.018,-0.35,0.35,9.6,-0.36,0.16,-0.58,-0.06,0.08,9.8,0.83125,0.0,0.0,0.0,4.2,2.0,1017.15,67.53,-17.79
2025-03-24 17:43:34.836000+00:00,22.537039394701253,,,,356.875,-0.375,-0.438,23.0,-62.5,-2.25,-30.375,-0.029,-0.016,-0.018,-0.35,0.35,9.6,-0.36,0.16,-0.58,-0.06,0.08,9.8,0.83125,0.0,0.0,0.0,4.2,2.0,1017.15,67.53,-17.79
2025-03-24 17:43:36.043000+00:00,22.537039394701253,,,,356.875,-0.375,-0.438,23.0,-62.5,-2.25,-30.375,-0.029,-0.016,-0.018,-0.35,0.35,9.6,-0.36,0.16,-0.58,-0.06,0.08,9.8,0.83125,0.0,0.0,0.0,4.2,2.0,1017.15,67.53,-17.79
2025-03-24 17:43:36.996000+00:00,22.537039394701253,,,,356.875,-0.375,-0.438,23.0,-62.5,-2.25,-30.375,-0.029,-0.016,-0.018,-0.35,0.35,9.6,-0.36,0.16,-0.58,-0.06,0.08,9.8,0.83125,0.0,0.0,0.0,4.2,2.0,1017.15,67.53,-17.79
2025-03-24 17:43:38.139000+00:00,22.537039394701253,,,,356.875,-0.375,-0.438,23.0,-62.5,-2.25,-30.375,-0.029,-0.016,-0.018,-0.35,0.35,9.6,-0.36,0.16,-0.58,-0.06,0.08,9.8,0.83125,0.0,0.0,0.0,4.2,2.0,1017.15,67.53,-17.79
2025-03-24 17:43:39.931000+00:00,22.537039394701253,,,,356.875,-0.375,-0.438,23.0,-62.5,-2.25,-30.375,-0.029,-0.016,-0.018,-0.35,0.35,9.6,-0.36,0.16,-0.58,-0.06,0.08,9.8,0.83125,0.0,0.0,0.0,4.2,2.0,1017.15,67.53,-17.79
2025-03-24 17:43:40.965000+00:00,22.537039394701253,,,,356.875,-0.375,-0.438,23.0,-62.5,-2.25,-30.375,-0.029,-0.016,-0.018,-0.35,0.35,9.6,-0.36,0.16,-0.58,-0.06,0.08,9.8,0.83125,0.0,0.0,0.0,4.2,2.0,1017.19,67.53,-17.79
2025-03-24 17:43:41.930000+00:00,22.537039394701253,,,,356.875,-0.375,-0.438,23.0,-62.5,-2.25,-30.375,-0.029,-0.016,-0.018,-0.35,0.35,9.6,-0.36,0.16,-0.58,-0.06,0.08,9.8,0.83125,0.0,0.0,0.0,4.2,2.0,1017.19,67.53,-17.79
2025-03-24 17:43:42.861000+00:00,22.537039394701253,,,,356.875,-0.375,-0.438,23.0,-62.5,-2.25,-30.375,-0.029,-0.016,-0.018,-0.35,0.35,9.6,-0.36,0.16,-0.58,-0.06,0.08,9.8,0.83125,0.0,0.0,0.0,4.2,2.0,1017.19,67.53,-17.79
2025-03-24 17:43:43.921000+00:00,22.537039394701253,,,,356.875,-0.375,-0.438,23.0,-62.5,-2.25,-30.375,-0.029,-0.016,-0.018,-0.35,0.35,9.6,-0.36,0.16,-0.58,-0.06,0.08,9.8,0.83125,0.0,0.0,0.0,4.2,2.0,1017.19,67.53,-17.79
2025-03-24 17:43:44.886000+00:00,22.537039394701253,,,,356.875,-0.375,-0.438,23.0,-62.5,-2.25,-30.375,-0.029,-0.016,-0.018,-0.35,0.35,9.6,-0.36,0.16,-0.58,-0.06,0.08,9.8,0.83125,0.0,0.0,0.0,4.2,2.0,1017.19,67.53,-17.79
2025-03-24 17:43:45.866000+00:00,22.537039394701253,,,,356.875,-0.375,-0.438,23.0,-62.5,-2.25,-30.375,-0.029,-0.016,-0.018,-0.35,0.35,9.6,-0.36,0.16,-0.58,-0.06,0.08,9.8,0.83125,0.0,0.0,0.0,4.2,2.0,1017.19,67.53,-17.79
2025-03-24 17:43:47.091000+00:00,22.537039394701253,,,,356.875,-0.375,-0.438,23.0,-62.5,-2.25,-30.375,-0.029,-0.016,-0.018,-0.35,0.35,9.6,-0.36,0.16,-0.58,-0.06,0.08,9.8,0.83125,0.0,0.0,0.0,4.2,2.0,1017.19,67.53,-17.79
2025-03-24 17:43:48.075000+00:00,22.537039394701253,,,,356.875,-0.375,-0.438,23.0,-62.5,-2.25,-30.375,-0.029,-0.016,-0.018,-0.35,0.35,9.6,-0.36,0.16,-0.58,-0.06,0.08,9.8,0.83125,0.0,0.0,0.0,4.2,2.0,1017.19,67.53,-17.79
2025-03-24 17:43:49.094000+00:00,22.537039394701253,,,,356.875,-0.375,-0.438,23.0,-62.5,-2.25,-30.375,-0.029,-0.016,-0.018,-0.35,0.35,9.6,-0.36,0.16,-0.58,-0.06,0.08,9.8,0.83125,0.0,0.0,0.0,4.2,2.0,1017.19,67.53,-17.79
2025-03-24 17:43:50.244000+00:00,22.537039394701253,,,,356.875,-0.375,-0.438,23.0,-62.5,-2.25,-30.375,-0.029,-0.016,-0.018,-0.35,0.35,9.6,-0.36,0.16,-0.58,-0.06,0.08,9.8,0.83125,0.0,0.0,0.0,4.2,2.0,1017.19,67.53,-17.79
2025-03-24 17:43:51.514000+00:00,22.537039394701253,,,,356.875,-0.375,-0.438,23.0,-62.5,-2.25,-30.375,-0.029,-0.016,-0.018,-0.35,0.35,9.6,-0.36,0.16,-0.58,-0.06,0.08,9.8,0.83125,0.0,0.0,0.0,4.2,2.0,1017.19,67.53,-17.79
2025-03-24 17:43:53.021000+00:00,22.537039394701253,,,,356.875,-0.375,-0.438,23.0,-62.5,-2.25,-30.375,-0.029,-0.016,-0.018,-0.35,0.35,9.6,-0.36,0.16,-0.58,-0.06,0.08,9.8,0.83125,0.0,0.0,0.0,4.2,2.0,1017.19,67.53,-17.79
2025-03-24 17:43:53.914000+00:00,22.537039394701253,,,,356.875,-0.375,-0.438,23.0,-62.5,-2.25,-30.375,-0.029,-0.016,-0.018,-0.35,0.35,9.6,-0.36,0.16,-0.58,-0.06,0.08,9.8,0.83125,0.0,0.0,0.0,4.2,2.0,1017.19,67.53,-17.79
2025-03-24 17:43:54.910000+00:00,22.537039394701253,,,,356.875,-0.375,-0.438,23.0,-62.5,-2.25,-30.375,-0.029,-0.016,-0.018,-0.35,0.35,9.6,-0.36,0.16,-0.58,-0.06,0.08,9.8,0.83125,0.0,0.0,0.0,4.2,2.0,1017.19,67.53,-17.79
2025-03-24 17:43:55.907000+00:00,22.537039394701253,,,,356.875,-0.375,-0.438,23.0,-62.5,-2.25,-30.375,-0.029,-0.016,-0.018,-0.35,0.35,9.6,-0.36,0.16,-0.58,-0.06,0.08,9.8,0.83125,0.0,0.0,0.0,4.2,2.0,1017.19,67.53,-17.79
2025-03-24 17:43:57.044000+00:00,22.537039394701253,,,,356.875,-0.375,-0.438,23.0,-62.5,-2.25,-30.375,-0.029,-0.016,-0.018,-0.35,0.35,9.6,-0.36,0.16,-0.58,-0.06,0.08,9.8,0.83125,0.0,0.0,0.0,4.2,2.0,1017.19,67.53,-17.79
2025-03-24 17:43:58.170000+00:00,22.537039394701253,,,,356.875,-0.375,-0.438,23.0,-62.5,-2.25,-30.375,-0.029,-0.016,-0.018,-0.35,0.35,9.6,-0.36,0.16,-0.58,-0.06,0.08,9.8,0.83125,0.0,0.0,0.0,4.2,2.0,1017.19,67.53,-17.79
2025-03-24 17:43:59.330000+00:00,22.537039394701253,,,,356.875,-0.375,-0.438,23.0,-62.5,-2.25,-30.375,-0.029,-0.016,-0.018,-0.35,0.35,9.6,-0.36,0.16,-0.58,-0.06,0.08,9.8,0.83125,0.0,0.0,0.0,4.2,2.0,1017.19,67.53,-17.79
2025-03-24 17:44:00.353000+00:00,22.537039394701253,,,,356.875,-0.375,-0.438,23.0,-62.5,-2.25,-30.375,-0.029,-0.016,-0.018,-0.35,0.35,9.6,-0.36,0.16,-0.58,-0.06,0.08,9.8,0.83125,0.0,0.0,0.0,4.2,2.0,1017.19,67.53,-17.79
2025-03-24 17:44:01.576000+00:00,22.537039394701253,,,,356.875,-0.375,-0.438,23.0,-62.5,-2.25,-30.375,-0.029,-0.016,-0.018,-0.35,0.35,9.6,-0.36,0.16,-0.58,-0.06,0.08,9.8,0.83125,0.0,0.0,0.0,4.2,2.0,1017.19,67.53,-17.79
2025-03-24 17:44:02.960000+00:00,22.537039394701253,,,,356.875,-0.375,-0.438,23.0,-62.5,-2.25,-30.375,-0.029,-0.016,-0.018,-0.35,0.35,9.6,-0.36,0.16,-0.58,-0.06,0.08,9.8,0.83125,0.0,0.0,0.0,4.2,2.0,1017.19,67.53,-17.79
2025-03-24 17:44:03.980000+00:00,22.537039394701253,,,,356.875,-0.375,-0.438,23.0,-62.5,-2.25,-30.375,-0.029,-0.016,-0.018,-0.35,0.35,9.6,-0.36,0.16,-0.58,-0.06,0.08,9.8,0.83125,0.0,0.0,0.0,4.2,2.0,1017.19,67.53,-17.79
2025-03-24 17:44:04.960000+00:00,22.537039394701253,,,,356.875,-0.375,-0.438,23.0,-62.5,-2.25,-30.375,-0.029,-0.016,-0.018,-0.35,0.35,9.6,-0.36,0.16,-0.58,-0.06,0.08,9.8,0.83125,0.0,0.0,0.0,4.2,2.0,1017.19,67.53,-17.79
2025-03-24 17:44:05.999000+00:00,22.537039394701253,,,,356.875,-0.375,-0.438,23.0,-62.5,-2.25,-30.375,-0.029,-0.016,-0.018,-0.35,0.35,9.6,-0.36,0.16,-0.58,-0.06,0.08,9.8,0.83125,0.0,0.0,0.0,4.2,2.0,1017.19,67.53,-17.79
2025-03-24 17:44:07.144000+00:00,22.537039394701253,,,,356.875,-0.375,-0.438,23.0,-62.5,-2.25,-30.375,-0.029,-0.016,-0.018,-0.35,0.35,9.6,-0.36,0.16,-0.58,-0.06,0.08,9.8,0.83125,0.0,0.0,0.0,4.2,2.0,1017.19,67.53,-17.79
2025-03-24 17:44:08.274000+00:00,22.537039394701253,,,,356.875,-0.375,-0.438,23.0,-62.5,-2.25,-30.375,-0.029,-0.016,-0.018,-0.35,0.35,9.6,-0.36,0.16,-0.58,-0.06,0.08,9.8,0.83125,0.0,0.0,0.0,4.2,2.0,1017.19,67.53,-17.79
2025-03-24 17:44:10.010000+00:00,22.537039394701253,,,,356.875,-0.375,-0.438,23.0,-62.5,-2.25,-30.375,-0.029,-0.016,-0.018,-0.35,0.35,9.6,-0.36,0.16,-0.58,-0.06,0.08,9.8,0.83125,0.0,0.0,0.0,4.2,2.0,1017.18,67.53,-17.79
2025-03-24 17:44:11.040000+00:00,22.537039394701253,,,,356.875,-0.375,-0.438,23.0,-62.5,-2.25,-30.375,-0.029,-0.016,-0.018,-0.35,0.35,9.6,-0.36,0.16,-0.58,-0.06,0.08,9.8,0.83125,0.0,0.0,0.0,4.2,2.0,1017.18,67.53,-17.79
2025-03-24 17:44:12.179000+00:00,22.537039394701253,,,,356.875,-0.375,-0.438,23.0,-62.5,-2.25,-30.375,-0.029,-0.016,-0.018,-0.35,0.35,9.6,-0.36,0.16,-0.58,-0.06,0.08,9.8,0.83125,0.0,0.0,0.0,4.2,2.0,1017.18,67.53,-17.79
2025-03-24 17:44:13.263000+00:00,22.537039394701253,,,,356.875,-0.375,-0.438,23.0,-62.5,-2.25,-30.375,-0.029,-0.016,-0.018,-0.35,0.35,9.6,-0.36,0.16,-0.58,-0.06,0.08,9.8,0.83125,0.0,0.0,0.0,4.2,2.0,1017.18,67.53,-17.79
2025-03-24 17:44:14.410000+00:00,22.537039394701253,,,,356.875,-0.375,-0.438,23.0,-62.5,-2.25,-30.375,-0.029,-0.016,-0.018,-0.35,0.35,9.6,-0.36,0.16,-0.58,-0.06,0.08,9.8,0.83125,0.0,0.0,0.0,4.2,2.0,1017.18,67.53,-17.79
2025-03-24 17:44:15.453000+00:00,22.537039394701253,,,,356.875,-0.375,-0.438,23.0,-62.5,-2.25,-30.375,-0.029,-0.016,-0.018,-0.35,0.35,9.6,-0.36,0.16,-0.58,-0.06,0.08,9.8,0.83125,0.0,0.0,0.0,4.2,2.0,1017.18,67.53,-17.79
2025-03-24 17:44:16.663000+00:00,22.537039394701253,,,,356.875,-0.375,-0.438,23.0,-62.5,-2.25,-30.375,-0.029,-0.016,-0.018,-0.35,0.35,9.6,-0.36,0.16,-0.58,-0.06,0.08,9.8,0.83125,0.0,0.0,0.0,4.2,2.0,1017.18,67.53,-17.79
2025-03-24 17:44:18.099000+00:00,22.537039394701253,,,,356.875,-0.375,-0.438,23.0,-62.5,-2.25,-30.375,-0.029,-0.016,-0.018,-0.35,0.35,9.6,-0.36,0.16,-0.58,-0.06,0.08,9.8,0.83125,0.0,0.0,0.0,4.2,2.0,1017.18,67.53,-17.79
2025-03-24 17:43:19.659000+00:00,22.537039394701253,,,,356.875,-0.375,-0.438,23.0,-62.5,-2.25,-30.375,-0.029,-0.016,-0.018,-0.35,0.35,9.6,-0.36,0.16,-0.58,-0.06,0.08,9.8,0.83125,0.0,0.0,0.0,4.2,2.0,1017.18,67.53,-17.79
2025-03-24 17:43:20.605000+00:00,22.537039394701253,,,,356.875,-0.375,-0.438,23.0,-62.5,-2.25,-30.375,-0.029,-0.016,-0.018,-0.35,0.35,9.6,-0.36,0.16,-0.58,-0.06,0.08,9.8,0.83125,0.0,0.0,0.0,4.2,2.0,1017.18,67.53,-17.79
2025-03-24 17:43:21.576000+00:00,22.537039394701253,,,,356.875,-0.375,-0.438,23.0,-62.5,-2.25,-30.375,-0.029,-0.016,-0.018,-0.35,0.35,9.6,-0.36,0.16,-0.58,-0.06,0.08,9.8,0.83125,0.0,0.0,0.0,4.2,2.0,1017.18,67.53,-17.79
2025-03-24 17:43:22.622000+00:00,22.537039394701253,,,,356.875,-0.375,-0.438,23.0,-62.5,-2.25,-30.375,-0.029,-0.016,-0.018,-0.35,0.35,9.6,-0.36,0.16,-0.58,-0.06,0.08,9.8,0.83125,0.0,0.0,0.0,4.2,2.0,1017.18,67.53,-17.79
2025-03-24 17:43:23.702000+00:00,22.537039394701253,,,,356.875,-0.375,-0.438,23.0,-62.5,-2.25,-30.375,-0.029,-0.016,-0.018,-0.35,0.35,9.6,-0.36,0.16,-0.58,-0.06,0.08,9.8,0.83125,0.0,0.0,0.0,4.2,2.0,1017.18,67.53,-17.79
2025-03-24 17:43:24.829000+00:00,22.537039394701253,,,,356.875,-0.375,-0.438,23.0,-62.5,-2.25,-30.375,-0.029,-0.016,-0.018,-0.35,0.35,9.6,-0.36,0.16,-0.58,-0.06,0.08,9.8,0.83125,0.0,0.0,0.0,4.2,2.0,1017.18,67.53,-17.79
2025-03-24 17:43:25.902000+00:00,22.537039394701253,,,,356.875,-0.375,-0.438,23.0,-62.5,-2.25,-30.375,-0.029,-0.016,-0.018,-0.35,0.35,9.6,-0.36,0.16,-0.58,-0.06,0.08,9.8,0.83125,0.0,0.0,0.0,4.2,2.0,1017.18,67.53,-17.79
2025-03-24 17:43:26.822000+00:00,22.537039394701253,,,,356.875,-0.375,-0.438,23.0,-62.5,-2.25,-30.375,-0.029,-0.016,-0.018,-0.35,0.35,9.6,-0.36,0.16,-0.58,-0.06,0.08,9.8,0.83125,0.0,0.0,0.0,4.2,2.0,1017.18,67.53,-17.79
2025-03-24 17:43:27.961000+00:00,22.537039394701253,,,,356.875,-0.375,-0.438,23.0,-62.5,-2.25,-30.375,-0.029,-0.016,-0.018,-0.35,0.35,9.6,-0.36,0.16,-0.58,-0.06,0.08,9.8,0.83125,0.0,0.0,0.0,4.2,2.0,1017.18,67.53,-17.79
2025-03-24 17:43:29.120000+00:00,22.537039394701253,,,,356.875,-0.375,-0.438,23.0,-62.5,-2.25,-30.375,-0.029,-0.016,-0.018,-0.35,0.35,9.6,-0.36,0.16,-0.58,-0.06,0.08,9.8,0.83125,0.0,0.0,0.0,4.2,2.0,1017.18,67.53,-17.79
2025-03-24 17:43:30.545000+00:00,22.537039394701253,,,,356.875,-0.375,-0.438,23.0,-62.5,-2.25,-30.375,-0.029,-0.016,-0.018,-0.35,0.35,9.6,-0.36,0.16,-0.58,-0.06,0.08,9.8,0.83125,0.0,0.0,0.0,4.2,2.0,1017.18,67.53,-17.79
2025-03-24 17:43:31.695000+00:00,22.537039394701253,,,,356.875,-0.375,-0.438,23.0,-62.5,-2.25,-30.375,-0.029,-0.016,-0.018,-0.35,0.35,9.6,-0.36,0.16,-0.58,-0.06,0.08,9.8,0.83125,0.0,0.0,0.0,4.2,2.0,1017.18,67.53,-17.79
2025-03-24 17:43:32.789000+00:00,22.537039394701253,,,,356.875,-0.375,-0.438,23.0,-62.5,-2.25,-30.375,-0.029,-0.016,-0.018,-0.35,0.35,9.6,-0.36,0.16,-0.58,-0.06,0.08,9.8,0.83125,0.0,0.0,0.0,4.2,2.0,1017.18,67.53,-17.79
2025-03-24 17:43:33.722000+00:00,22.537039394701253,,,,356.875,-0.375,-0.438,23.0,-62.5,-2.25,-30.375,-0.029,-0.016,-0.018,-0.35,0.35,9.6,-0.36,0.16,-0.58,-0.06,0.08,9.8,0.83125,0.0,0.0,0.0,4.2,2.0,1017.18,67.53,-17.79
2025-03-24 17:43:34.782000+00:00,22.537039394701253,,,,356.875,-0.375,-0.438,23.0,-62.5,-2.25,-30.375,-0.029,-0.016,-0.018,-0.35,0.35,9.6,-0.36,0.16,-0.58,-0.06,0.08,9.8,0.83125,0.0,0.0,0.0,4.2,2.0,1017.18,67.53,-17.79
2025-03-24 17:43:35.983000+00:00,22.537039394701253,,,,356.875,-0.375,-0.438,23.0,-62.5,-2.25,-30.375,-0.029,-0.016,-0.018,-0.35,0.35,9.6,-0.36,0.16,-0.58,-0.06,0.08,9.8,0.83125,0.0,0.0,0.0,4.2,2.0,1017.18,67.53,-17.79
2025-03-24 17:43:36.951000+00:00,22.537039394701253,,,,356.875,-0.375,-0.438,23.0,-62.5,-2.25,-30.375,-0.029,-0.016,-0.018,-0.35,0.35,9.6,-0.36,0.16,-0.58,-0.06,0.08,9.8,0.83125,0.0,0.0,0.0,4.2,2.0,1017.18,67.53,-17.79
2025-03-24 17:43:38.089000+00:00,22.537039394701253,,,,356.875,-0.375,-0.438,23.0,-62.5,-2.25,-30.375,-0.029,-0.016,-0.018,-0.35,0.35,9.6,-0.36,0.16,-0.58,-0.06,0.08,9.8,0.83125,0.0,0.0,0.0,4.2,2.0,1017.18,67.53,-17.79
2025-03-24 17:43:39.871000+00:00,22.537039394701253,,,,356.875,-0.375,-0.438,23.0,-62.5,-2.25,-30.375,-0.029,-0.016,-0.018,-0.35,0.35,9.6,-0.36,0.16,-0.58,-0.06,0.08,9.8,0.83125,0.0,0.0,0.0,4.2,2.0,1017.18,67.53,-17.79
2025-03-24 17:43:40.918000+00:00,22.537039394701253,,,,356.875,-0.375,-0.438,23.0,-62.5,-2.25,-30.375,-0.029,-0.016,-0.018,-0.35,0.35,9.6,-0.36,0.16,-0.58,-0.06,0.08,9.8,0.83125,0.0,0.0,0.0,4.2,2.0,1017.18,67.5,-17.79
2025-03-24 17:43:41.878000+00:00,22.537039394701253,,,,356.875,-0.375,-0.438,23.0,-62.5,-2.25,-30.375,-0.029,-0.016,-0.018,-0.35,0.35,9.6,-0.36,0.16,-0.58,-0.06,0.08,9.8,0.83125,0.0,0.0,0.0,4.2,2.0,1017.18,67.5,-17.79
2025-03-24 17:43:42.801000+00:00,22.537039394701253,,,,356.875,-0.375,-0.438,23.0,-62.5,-2.25,-30.375,-0.029,-0.016,-0.018,-0.35,0.35,9.6,-0.36,0.16,-0.58,-0.06,0.08,9.8,0.83125,0.0,0.0,0.0,4.2,2.0,1017.18,67.5,-17.79
2025-03-24 17:43:43.866000+00:00,22.537039394701253,,,,356.875,-0.375,-0.438,23.0,-62.5,-2.25,-30.375,-0.029,-0.016,-0.018,-0.35,0.35,9.6,-0.36,0.16,-0.58,-0.06,0.08,9.8,0.83125,0.0,0.0,0.0,4.2,2.0,1017.18,67.5,-17.79
2025-03-24 17:43:44.835000+00:00,22.537039394701253,,,,356.875,-0.375,-0.438,23.0,-62.5,-2.25,-30.375,-0.029,-0.016,-0.018,-0.35,0.35,9.6,-0.36,0.16,-0.58,-0.06,0.08,9.8,0.83125,0.0,0.0,0.0,4.2,2.0,1017.18,67.5,-17.79
2025-03-24 17:43:45.816000+00:00,22.537039394701253,,,,356.875,-0.375,-0.438,23.0,-62.5,-2.25,-30.375,-0.029,-0.016,-0.018,-0.35,0.35,9.6,-0.36,0.16,-0.58,-0.06,0.08,9.8,0.83125,0.0,0.0,0.0,4.2,2.0,1017.18,67.5,-17.79
2025-03-24 17:43:47.034000+00:00,22.537039394701253,,,,356.875,-0.375,-0.438,23.0,-62.5,-2.25,-30.375,-0.029,-0.016,-0.018,-0.35,0.35,9.6,-0.36,0.16,-0.58,-0.06,0.08,9.8,0.83125,0.0,0.0,0.0,4.2,2.0,1017.18,67.5,-17.79
2025-03-24 17:43:48.021000+00:00,22.537039394701253,,,,356.875,-0.375,-0.438,23.0,-62.5,-2.25,-30.375,-0.029,-0.016,-0.018,-0.35,0.35,9.6,-0.36,0.16,-0.58,-0.06,0.08,9.8,0.83125,0.0,0.0,0.0,4.2,2.0,1017.18,67.5,-17.79
2025-03-24 17:43:49.049000+00:00,22.537039394701253,,,,356.875,-0.375,-0.438,23.0,-62.5,-2.25,-30.375,-0.029,-0.016,-0.018,-0.35,0.35,9.6,-0.36,0.16,-0.58,-0.06,0.08,9.8,0.83125,0.0,0.0,0.0,4.2,2.0,1017.18,67.5,-17.79
2025-03-24 17:43:50.191000+00:00,22.537039394701253,,,,356.875,-0.375,-0.438,23.0,-62.5,-2.25,-30.375,-0.029,-0.016,-0.018,-0.35,0.35,9.6,-0.36,0.16,-0.58,-0.06,0.08,9.8,0.83125,0.0,0.0,0.0,4.2,2.0,1017.18,67.5,-17.79
2025-03-24 17:43:51.455000+00:00,22.537039394701253,,,,356.875,-0.375,-0.438,23.0,-62.5,-2.25,-30.375,-0.029,-0.016,-0.018,-0.35,0.35,9.6,-0.36,0.16,-0.58,-0.06,0.08,9.8,0.83125,0.0,0.0,0.0,4.2,2.0,1017.18,67.5,-17.79
2025-03-24 17:43:52.960000+00:00,22.537039394701253,,,,356.875,-0.375,-0.438,23.0,-62.5,-2.25,-30.375,-0.029,-0.016,-0.018,-0.35,0.35,9.6,-0.36,0.16,-0.58,-0.06,0.08,9.8,0.83125,0.0,0.0,0.0,4.2,2.0,1017.18,67.5,-17.79
2025-03-24 17:43:53.866000+00:00,22.537039394701253,,,,356.875,-0.375,-0.438,23.0,-62.5,-2.25,-30.375,-0.029,-0.016,-0.018,-0.35,0.35,9.6,-0.36,0.16,-0.58,-0.06,0.08,9.8,0.83125,0.0,0.0,0.0,4.2,2.0,1017.18,67.5,-17.79
2025-03-24 17:43:54.856000+00:00,22.537039394701253,,,,356.875,-0.375,-0.438,23.0,-62.5,-2.25,-30.375,-0.029,-0.016,-0.018,-0.35,0.35,9.6,-0.36,0.16,-0.58,-0.06,0.08,9.8,0.83125,0.0,0.0,0.0,4.2,2.0,1017.18,67.5,-17.79
2025-03-24 17:43:55.857000+00:00,22.537039394701253,,,,356.875,-0.375,-0.438,23.0,-62.5,-2.25,-30.375,-0.029,-0.016,-0.018,-0.35,0.35,9.6,-0.36,0.16,-0.58,-0.06,0.08,9.8,0.83125,0.0,0.0,0.0,4.2,2.0,1017.18,67.5,-17.79
2025-03-24 17:43:56.991000+00:00,22.537039394701253,,,,356.875,-0.375,-0.438,23.0,-62.5,-2.25,-30.375,-0.029,-0.016,-0.018,-0.35,0.35,9.6,-0.36,0.16,-0.58,-0.06,0.08,9.8,0.83125,0.0,0.0,0.0,4.2,2.0,1017.18,67.5,-17.79
2025-03-24 17:43:58.114000+00:00,22.537039394701253,,,,356.875,-0.375,-0.438,23.0,-62.5,-2.25,-30.375,-0.029,-0.016,-0.018,-0.35,0.35,9.6,-0.36,0.16,-0.58,-0.06,0.08,9.8,0.83125,0.0,0.0,0.0,4.2,2.0,1017.18,67.5,-17.79
2025-03-24 17:43:59.271000+00:00,22.537039394701253,,,,356.875,-0.375,-0.438,23.0,-62.5,-2.25,-30.375,-0.029,-0.016,-0.018,-0.35,0.35,9.6,-0.36,0.16,-0.58,-0.06,0.08,9.8,0.83125,0.0,0.0,0.0,4.2,2.0,1017.18,67.5,-17.79
2025-03-24 17:44:00.300000+00:00,22.537039394701253,,,,356.875,-0.375,-0.438,23.0,-62.5,-2.25,-30.375,-0.029,-0.016,-0.018,-0.35,0.35,9.6,-0.36,0.16,-0.58,-0.06,0.08,9.8,0.83125,0.0,0.0,0.0,4.2,2.0,1017.18,67.5,-17.79
2025-03-24 17:44:01.520000+00:00,22.537039394701253,,,,356.875,-0.375,-0.438,23.0,-62.5,-2.25,-30.375,-0.029,-0.016,-0.018,-0.35,0.35,9.6,-0.36,0.16,-0.58,-0.06,0.08,9.8,0.83125,0.0,0.0,0.0,4.2,2.0,1017.18,67.5,-17.79
2025-03-24 17:44:02.906000+00:00,22.537039394701253,,,,356.875,-0.375,-0.438,23.0,-62.5,-2.25,-30.375,-0.029,-0.016,-0.018,-0.35,0.35,9.6,-0.36,0.16,-0.58,-0.06,0.08,9.8,0.83125,0.0,0.0,0.0,4.2,2.0,1017.18,67.5,-17.79
2025-03-24 17:44:03.920000+00:00,22.537039394701253,,,,356.875,-0.375,-0.438,23.0,-62.5,-2.25,-30.375,-0.029,-0.016,-0.018,-0.35,0.35,9.6,-0.36,0.16,-0.58,-0.06,0.08,9.8,0.83125,0.0,0.0,0.0,4.2,2.0,1017.18,67.5,-17.79
2025-03-24 17:44:04.908000+00:00,22.537039394701253,,,,356.875,-0.375,-0.438,23.0,-62.5,-2.25,-30.375,-0.029,-0.016,-0.018,-0.35,0.35,9.6,-0.36,0.16,-0.58,-0.06,0.08,9.8,0.83125,0.0,0.0,0.0,4.2,2.0,1017.18,67.5,-17.79
2025-03-24 17:44:05.939000+00:00,22.537039394701253,,,,356.875,-0.375,-0.438,23.0,-62.5,-2.25,-30.375,-0.029,-0.016,-0.018,-0.35,0.35,9.6,-0.36,0.16,-0.58,-0.06,0.08,9.8,0.83125,0.0,0.0,0.0,4.2,2.0,1017.18,67.5,-17.79
2025-03-24 17:44:07.098000+00:00,22.537039394701253,,,,356.875,-0.375,-0.438,23.0,-62.5,-2.25,-30.375,-0.029,-0.016,-0.018,-0.35,0.35,9.6,-0.36,0.16,-0.58,-0.06,0.08,9.8,0.83125,0.0,0.0,0.0,4.2,2.0,1017.18,67.5,-17.79
2025-03-24 17:44:08.227000+00:00,22.537039394701253,,,,356.875,-0.375,-0.438,23.0,-62.5,-2.25,-30.375,-0.029,-0.016,-0.018,-0.35,0.35,9.6,-0.36,0.16,-0.58,-0.06,0.08,9.8,0.83125,0.0,0.0,0.0,4.2,2.0,1017.18,67.5,-17.79
2025-03-24 17:44:09.949000+00:00,22.537039394701253,,,,356.875,-0.375,-0.438,23.0,-62.5,-2.25,-30.375,-0.029,-0.016,-0.018,-0.35,0.35,9.6,-0.36,0.16,-0.58,-0.06,0.08,9.8,0.83125,0.0,0.0,0.0,4.2,2.0,1017.18,67.5,-17.79
2025-03-24 17:44:10.980000+00:00,22.537039394701253,,,,356.875,-0.375,-0.438,23.0,-62.5,-2.25,-30.375,-0.029,-0.016,-0.018,-0.35,0.35,9.6,-0.36,0.16,-0.58,-0.06,0.08,9.8,0.83125,0.0,0.0,0.0,4.2,2.0,1017.18,67.59,-17.79
2025-03-24 17:44:12.124000+00:00,22.537039394701253,,,,356.875,-0.375,-0.438,23.0,-62.5,-2.25,-30.375,-0.029,-0.016,-0.018,-0.35,0.35,9.6,-0.36,0.16,-0.58,-0.06,0.08,9.8,0.83125,0.0,0.0,0.0,4.2,2.0,1017.18,67.59,-17.79
2025-03-24 17:44:13.213000+00:00,22.537039394701253,,,,356.875,-0.375,-0.438,23.0,-62.5,-2.25,-30.375,-0.029,-0.016,-0.018,-0.35,0.35,9.6,-0.36,0.16,-0.58,-0.06,0.08,9.8,0.83125,0.0,0.0,0.0,4.2,2.0,1017.18,67.59,-17.79
2025-03-24 17:44:14.355000+00:00,22.537039394701253,,,,356.875,-0.375,-0.438,23.0,-62.5,-2.25,-30.375,-0.029,-0.016,-0.018,-0.35,0.35,9.6,-0.36,0.16,-0.58,-0.06,0.08,9.8,0.83125,0.0,0.0,0.0,4.2,2.0,1017.18,67.59,-17.79
2025-03-24 17:44:15.398000+00:00,22.537039394701253,,,,356.875,-0.375,-0.438,23.0,-62.5,-2.25,-30.375,-0.029,-0.016,-0.018,-0.35,0.35,9.6,-0.36,0.16,-0.58,-0.06,0.08,9.8,0.83125,0.0,0.0,0.0,4.2,2.0,1017.18,67.59,-17.79
2025-03-24 17:44:16.614000+00:00,22.537039394701253,,,,356.875,-0.375,-0.438,23.0,-62.5,-2.25,-30.375,-0.029,-0.016,-0.018,-0.35,0.35,9.6,-0.36,0.16,-0.58,-0.06,0.08,9.8,0.83125,0.0,0.0,0.0,4.2,2.0,1017.18,67.59,-17.79
2025-03-24 17:44:18.044000+00:00,22.537039394701253,,,,356.875,-0.375,-0.438,23.0,-62.5,-2.25,-30.375,-0.029,-0.016,-0.018,-0.35,0.35,9.6,-0.36,0.16,-0.58,-0.06,0.08,9.8,0.83125,0.0,0.0,0.0,4.2,2.0,1017.18,67.59,-17.79
2025-03-24 17:43:18.646000+00:00,22.537039394701253,,,,356.875,-0.375,-0.438,23.0,-62.5,-2.25,-30.375,-0.029,-0.016,-0.018,-0.35,0.35,9.6,-0.36,0.16,-0.58,-0.06,0.08,9.8,0.83125,0.0,0.0,0.0,4.2,2.0,1017.18,67.59,-17.79
2025-03-24 17:43:19.763000+00:00,22.537039394701253,,,,356.875,-0.375,-0.438,23.0,-62.5,-2.25,-30.375,-0.029,-0.016,-0.018,-0.35,0.35,9.6,-0.36,0.16,-0.58,-0.06,0.08,9.8,0.83125,0.0,0.0,0.0,4.2,2.0,1017.18,67.59,-17.79
2025-03-24 17:43:20.717000+00:00,22.537039394701253,,,,356.875,-0.375,-0.438,23.0,-62.5,-2.25,-30.375,-0.029,-0.016,-0.018,-0.35,0.35,9.6,-0.36,0.16,-0.58,-0.06,0.08,9.8,0.83125,0.0,0.0,0.0,4.2,2.0,1017.18,67.59,-17.79
2025-03-24 17:43:21.686000+00:00,22.537039394701253,,,,356.875,-0.375,-0.438,23.0,-62.5,-2.25,-30.375,-0.029,-0.016,-0.018,-0.35,0.35,9.6,-0.36,0.16,-0.58,-0.06,0.08,9.8,0.83125,0.0,0.0,0.0,4.2,2.0,1017.18,67.59,-17.79
2025-03-24 17:43:22.726000+00:00,22.537039394701253,,,,356.875,-0.375,-0.438,23.0,-62.5,-2.25,-30.375,-0.029,-0.016,-0.018,-0.35,0.35,9.6,-0.36,0.16,-0.58,-0.06,0.08,9.8,0.83125,0.0,0.0,0.0,4.2,2.0,1017.18,67.59,-17.79
2025-03-24 17:43:23.818000+00:00,22.537039394701253,,,,356.875,-0.375,-0.438,23.0,-62.5,-2.25,-30.375,-0.029,-0.016,-0.018,-0.35,0.35,9.6,-0.36,0.16,-0.58,-0.06,0.08,9.8,0.83125,0.0,0.0,0.0,4.2,2.0,1017.18,67.59,-17.79
2025-03-24 17:43:24.927000+00:00,22.537039394701253,,,,356.875,-0.375,-0.438,23.0,-62.5,-2.25,-30.375,-0.029,-0.016,-0.018,-0.35,0.35,9.6,-0.36,0.16,-0.58,-0.06,0.08,9.8,0.83125,0.0,0.0,0.0,4.2,2.0,1017.18,67.59,-17.79
2025-03-24 17:43:26.007000+00:00,22.537039394701253,,,,356.875,-0.375,-0.438,23.0,-62.5,-2.25,-30.375,-0.029,-0.016,-0.018,-0.35,0.35,9.6,-0.36,0.16,-0.58,-0.06,0.08,9.8,0.83125,0.0,0.0,0.0,4.2,2.0,1017.18,67.59,-17.79
2025-03-24 17:43:26.927000+00:00,22.537039394701253,,,,356.875,-0.375,-0.438,23.0,-62.5,-2.25,-30.375,-0.029,-0.016,-0.018,-0.35,0.35,9.6,-0.36,0.16,-0.58,-0.06,0.08,9.8,0.83125,0.0,0.0,0.0,4.2,2.0,1017.18,67.59,-17.79
2025-03-24 17:43:28.066000+00:00,22.537039394701253,,,,356.875,-0.375,-0.438,23.0,-62.5,-2.25,-30.375,-0.029,-0.016,-0.018,-0.35,0.35,9.6,-0.36,0.16,-0.58,-0.06,0.08,9.8,0.83125,0.0,0.0,0.0,4.2,2.0,1017.18,67.59,-17.79
2025-03-24 17:43:29.225000+00:00,22.537039394701253,,,,356.875,-0.375,-0.438,23.0,-62.5,-2.25,-30.375,-0.029,-0.016,-0.018,-0.35,0.35,9.6,-0.36,0.16,-0.58,-0.06,0.08,9.8,0.83125,0.0,0.0,0.0,4.2,2.0,1017.18,67.59,-17.79
2025-03-24 17:43:30.657000+00:00,22.537039394701253,,,,356.875,-0.375,-0.438,23.0,-62.5,-2.25,-30.375,-0.029,-0.016,-0.018,-0.35,0.35,9.6,-0.36,0.16,-0.58,-0.06,0.08,9.8,0.83125,0.0,0.0,0.0,4.2,2.0,1017.18,67.59,-17.79
2025-03-24 17:43:31.805000+00:00,22.537039394701253,,,,356.875,-0.375,-0.438,23.0,-62.5,-2.25,-30.375,-0.029,-0.016,-0.018,-0.35,0.35,9.6,-0.36,0.16,-0.58,-0.06,0.08,9.8,0.83125,0.0,0.0,0.0,4.2,2.0,1017.18,67.59,-17.79
2025-03-24 17:43:32.891000+00:00,22.537039394701253,,,,356.875,-0.375,-0.438,23.0,-62.5,-2.25,-30.375,-0.029,-0.016,-0.018,-0.35,0.35,9.6,-0.36,0.16,-0.58,-0.06,0.08,9.8,0.83125,0.0,0.0,0.0,4.2,2.0,1017.18,67.59,-17.79
2025-03-24 17:43:33.842000+00:00,22.537039394701253,,,,356.875,-0.375,-0.438,23.0,-62.5,-2.25,-30.375,-0.029,-0.016,-0.018,-0.35,0.35,9.6,-0.36,0.16,-0.58,-0.06,0.08,9.8,0.83125,0.0,0.0,0.0,4.2,2.0,1017.18,67.59,-17.79
2025-03-24 17:43:34.886000+00:00,22.537039394701253,,,,356.875,-0.375,-0.438,23.0,-62.5,-2.25,-30.375,-0.029,-0.016,-0.018,-0.35,0.35,9.6,-0.36,0.16,-0.58,-0.06,0.08,9.8,0.83125,0.0,0.0,0.0,4.2,2.0,1017.18,67.59,-17.79
2025-03-24 17:43:36.102000+00:00,22.537039394701253,,,,356.875,-0.375,-0.438,23.0,-62.5,-2.25,-30.375,-0.029,-0.016,-0.018,-0.35,0.35,9.6,-0.36,0.16,-0.58,-0.06,0.08,9.8,0.83125,0.0,0.0,0.0,4.2,2.0,1017.18,67.59,-17.79
2025-03-24 17:43:37.059000+00:00,22.537039394701253,,,,356.875,-0.375,-0.438,23.0,-62.5,-2.25,-30.375,-0.029,-0.016,-0.018,-0.35,0.35,9.6,-0.36,0.16,-0.58,-0.06,0.08,9.8,0.83125,0.0,0.0,0.0,4.2,2.0,1017.18,67.59,-17.79
2025-03-24 17:43:38.185000+00:00,22.537039394701253,,,,356.875,-0.375,-0.438,23.0,-62.5,-2.25,-30.375,-0.029,-0.016,-0.018,-0.35,0.35,9.6,-0.36,0.16,-0.58,-0.06,0.08,9.8,0.83125,0.0,0.0,0.0,4.2,2.0,1017.18,67.59,-17.79
2025-03-24 17:43:39.991000+00:00,22.537039394701253,,,,356.875,-0.375,-0.438,23.0,-62.5,-2.25,-30.375,-0.029,-0.016,-0.018,-0.35,0.35,9.6,-0.36,0.16,-0.58,-0.06,0.08,9.8,0.83125,0.0,0.0,0.0,4.2,2.0,1017.18,67.59,-17.79
2025-03-24 17:43:41.015000+00:00,22.537039394701253,,,,356.875,-0.375,-0.438,23.0,-62.5,-2.25,-30.375,-0.029,-0.016,-0.018,-0.35,0.35,9.6,-0.36,0.16,-0.58,-0.06,0.08,9.8,0.83125,0.0,0.0,0.0,4.2,2.0,1017.18,67.59,-18.22
2025-03-24 17:43:41.985000+00:00,22.537039394701253,,,,356.875,-0.375,-0.438,23.0,-62.5,-2.25,-30.375,-0.029,-0.016,-0.018,-0.35,0.35,9.6,-0.36,0.16,-0.58,-0.06,0.08,9.8,0.83125,0.0,0.0,0.0,4.2,2.0,1017.18,67.59,-18.22
2025-03-24 17:43:42.915000+00:00,22.537039394701253,,,,356.875,-0.375,-0.438,23.0,-62.5,-2.25,-30.375,-0.029,-0.016,-0.018,-0.35,0.35,9.6,-0.36,0.16,-0.58,-0.06,0.08,9.8,0.83125,0.0,0.0,0.0,4.2,2.0,1017.18,67.59,-18.22
2025-03-24 17:43:43.981000+00:00,22.537039394701253,,,,356.875,-0.375,-0.438,23.0,-62.5,-2.25,-30.375,-0.029,-0.016,-0.018,-0.35,0.35,9.6,-0.36,0.16,-0.58,-0.06,0.08,9.8,0.83125,0.0,0.0,0.0,4.2,2.0,1017.18,67.59,-18.22
2025-03-24 17:43:44.940000+00:00,22.537039394701253,,,,356.875,-0.375,-0.438,23.0,-62.5,-2.25,-30.375,-0.029,-0.016,-0.018,-0.35,0.35,9.6,-0.36,0.16,-0.58,-0.06,0.08,9.8,0.83125,0.0,0.0,0.0,4.2,2.0,1017.18,67.59,-18.22
2025-03-24 17:43:45.916000+00:00,22.537039394701253,,,,356.875,-0.375,-0.438,23.0,-62.5,-2.25,-30.375,-0.029,-0.016,-0.018,-0.35,0.35,9.6,-0.36,0.16,-0.58,-0.06,0.08,9.8,0.83125,0.0,0.0,0.0,4.2,2.0,1017.18,67.59,-18.22
2025-03-24 17:43:47.145000+00:00,22.537039394701253,,,,356.875,-0.375,-0.438,23.0,-62.5,-2.25,-30.375,-0.029,-0.016,-0.018,-0.35,0.35,9.6,-0.36,0.16,-0.58,-0.06,0.08,9.8,0.83125,0.0,0.0,0.0,4.2,2.0,1017.18,67.59,-18.22
2025-03-24 17:43:48.125000+00:00,22.537039394701253,,,,356.875,-0.375,-0.438,23.0,-62.5,-2.25,-30.375,-0.029,-0.016,-0.018,-0.35,0.35,9.6,-0.36,0.16,-0.58,-0.06,0.08,9.8,0.83125,0.0,0.0,0.0,4.2,2.0,1017.18,67.59,-18.22
2025-03-24 17:43:49.145000+00:00,22.537039394701253,,,,356.875,-0.375,-0.438,23.0,-62.5,-2.25,-30.375,-0.029,-0.016,-0.018,-0.35,0.35,9.6,-0.36,0.16,-0.58,-0.06,0.08,9.8,0.83125,0.0,0.0,0.0,4.2,2.0,1017.18,67.59,-18.22
2025-03-24 17:43:50.295000+00:00,22.537039394701253,,,,356.875,-0.375,-0.438,23.0,-62.5,-2.25,-30.375,-0.029,-0.016,-0.018,-0.35,0.35,9.6,-0.36,0.16,-0.58,-0.06,0.08,9.8,0.83125,0.0,0.0,0.0,4.2,2.0,1017.18,67.59,-18.22
2025-03-24 17:43:51.564000+00:00,22.537039394701253,,,,356.875,-0.375,-0.438,23.0,-62.5,-2.25,-30.375,-0.029,-0.016,-0.018,-0.35,0.35,9.6,-0.36,0.16,-0.58,-0.06,0.08,9.8,0.83125,0.0,0.0,0.0,4.2,2.0,1017.18,67.59,-18.22
2025-03-24 17:43:53.075000+00:00,22.537039394701253,,,,356.875,-0.375,-0.438,23.0,-62.5,-2.25,-30.375,-0.029,-0.016,-0.018,-0.35,0.35,9.6,-0.36,0.16,-0.58,-0.06,0.08,9.8,0.83125,0.0,0.0,0.0,4.2,2.0,1017.18,67.59,-18.22
2025-03-24 17:43:53.964000+00:00,22.537039394701253,,,,356.875,-0.375,-0.438,23.0,-62.5,-2.25,-30.375,-0.029,-0.016,-0.018,-0.35,0.35,9.6,-0.36,0.16,-0.58,-0.06,0.08,9.8,0.83125,0.0,0.0,0.0,4.2,2.0,1017.18,67.59,-18.22
2025-03-24 17:43:54.965000+00:00,22.537039394701253,,,,356.875,-0.375,-0.438,23.0,-62.5,-2.25,-30.375,-0.029,-0.016,-0.018,-0.35,0.35,9.6,-0.36,0.16,-0.58,-0.06,0.08,9.8,0.83125,0.0,0.0,0.0,4.2,2.0,1017.18,67.59,-18.22
2025-03-24 17:43:55.954000+00:00,22.537039394701253,,,,356.875,-0.375,-0.438,23.0,-62.5,-2.25,-30.375,-0.029,-0.016,-0.018,-0.35,0.35,9.6,-0.36,0.16,-0.58,-0.06,0.08,9.8,0.83125,0.0,0.0,0.0,4.2,2.0,1017.18,67.59,-18.22
2025-03-24 17:43:57.098000+00:00,22.537039394701253,,,,356.875,-0.375,-0.438,23.0,-62.5,-2.25,-30.375,-0.029,-0.016,-0.018,-0.35,0.35,9.6,-0.36,0.16,-0.58,-0.06,0.08,9.8,0.83125,0.0,0.0,0.0,4.2,2.0,1017.18,67.59,-18.22
2025-03-24 17:43:58.225000+00:00,22.537039394701253,,,,356.875,-0.375,-0.438,23.0,-62.5,-2.25,-30.375,-0.029,-0.016,-0.018,-0.35,0.35,9.6,-0.36,0.16,-0.58,-0.06,0.08,9.8,0.83125,0.0,0.0,0.0,4.2,2.0,1017.18,67.59,-18.22
2025-03-24 17:43:59.390000+00:00,22.537039394701253,,,,356.875,-0.375,-0.438,23.0,-62.5,-2.25,-30.375,-0.029,-0.016,-0.018,-0.35,0.35,9.6,-0.36,0.16,-0.58,-0.06,0.08,9.8,0.83125,0.0,0.0,0.0,4.2,2.0,1017.18,67.59,-18.22
2025-03-24 17:44:00.404000+00:00,22.537039394701253,,,,356.875,-0.375,-0.438,23.0,-62.5,-2.25,-30.375,-0.029,-0.016,-0.018,-0.35,0.35,9.6,-0.36,0.16,-0.58,-0.06,0.08,9.8,0.83125,0.0,0.0,0.0,4.2,2.0,1017.18,67.59,-18.22
2025-03-24 17:44:01.630000+00:00,22.537039394701253,,,,356.875,-0.375,-0.438,23.0,-62.5,-2.25,-30.375,-0.029,-0.016,-0.018,-0.35,0.35,9.6,-0.36,0.16,-0.58,-0.06,0.08,9.8,0.83125,0.0,0.0,0.0,4.2,2.0,1017.18,67.59,-18.22
2025-03-24 17:44:03.013000+00:00,22.537039394701253,,,,356.875,-0.375,-0.438,23.0,-62.5,-2.25,-30.375,-0.029,-0.016,-0.018,-0.35,0.35,9.6,-0.36,0.16,-0.58,-0.06,0.08,9.8,0.83125,0.0,0.0,0.0,4.2,2.0,1017.18,67.59,-18.22
2025-03-24 17:44:04.040000+00:00,22.537039394701253,,,,356.875,-0.375,-0.438,23.0,-62.5,-2.25,-30.375,-0.029,-0.016,-0.018,-0.35,0.35,9.6,-0.36,0.16,-0.58,-0.06,0.08,9.8,0.83125,0.0,0.0,0.0,4.2,2.0,1017.18,67.59,-18.22
2025-03-24 17:44:05.020000+00:00,22.537039394701253,,,,356.875,-0.375,-0.438,23.0,-62.5,-2.25,-30.375,-0.029,-0.016,-0.018,-0.35,0.35,9.6,-0.36,0.16,-0.58,-0.06,0.08,9.8,0.83125,0.0,0.0,0.0,4.2,2.0,1017.18,67.59,-18.22
2025-03-24 17:44:06.054000+00:00,22.537039394701253,,,,356.875,-0.375,-0.438,23.0,-62.5,-2.25,-30.375,-0.029,-0.016,-0.018,-0.35,0.35,9.6,-0.36,0.16,-0.58,-0.06,0.08,9.8,0.83125,0.0,0.0,0.0,4.2,2.0,1017.18,67.59,-18.22
2025-03-24 17:44:07.200000+00:00,22.537039394701253,,,,356.875,-0.375,-0.438,23.0,-62.5,-2.25,-30.375,-0.029,-0.016,-0.018,-0.35,0.35,9.6,-0.36,0.16,-0.58,-0.06,0.08,9.8,0.83125,0.0,0.0,0.0,4.2,2.0,1017.18,67.59,-18.22
2025-03-24 17:44:08.324000+00:00,22.537039394701253,,,,356.875,-0.375,-0.438,23.0,-62.5,-2.25,-30.375,-0.029,-0.016,-0.018,-0.35,0.35,9.6,-0.36,0.16,-0.58,-0.06,0.08,9.8,0.83125,0.0,0.0,0.0,4.2,2.0,1017.18,67.59,-18.22
2025-03-24 17:44:10.069000+00:00,22.537039394701253,,,,356.875,-0.375,-0.438,23.0,-62.5,-2.25,-30.375,-0.029,-0.016,-0.018,-0.35,0.35,9.6,-0.36,0.16,-0.58,-0.06,0.08,9.8,0.83125,0.0,0.0,0.0,4.2,2.0,1017.18,67.59,-18.21
2025-03-24 17:44:11.098000+00:00,22.537039394701253,,,,356.875,-0.375,-0.438,23.0,-62.5,-2.25,-30.375,-0.029,-0.016,-0.018,-0.35,0.35,9.6,-0.36,0.16,-0.58,-0.06,0.08,9.8,0.83125,0.0,0.0,0.0,4.2,2.0,1017.18,67.59,-18.21
2025-03-24 17:44:12.240000+00:00,22.537039394701253,,,,356.875,-0.375,-0.438,23.0,-62.5,-2.25,-30.375,-0.029,-0.016,-0.018,-0.35,0.35,9.6,-0.36,0.16,-0.58,-0.06,0.08,9.8,0.83125,0.0,0.0,0.0,4.2,2.0,1017.18,67.59,-18.21
2025-03-24 17:44:13.314000+00:00,22.537039394701253,,,,356.875,-0.375,-0.438,23.0,-62.5,-2.25,-30.375,-0.029,-0.016,-0.018,-0.35,0.35,9.6,-0.36,0.16,-0.58,-0.06,0.08,9.8,0.83125,0.0,0.0,0.0,4.2,2.0,1017.18,67.59,-18.21
2025-03-24 17:44:14.463000+00:00,22.537039394701253,,,,356.875,-0.375,-0.438,23.0,-62.5,-2.25,-30.375,-0.029,-0.016,-0.018,-0.35,0.35,9.6,-0.36,0.16,-0.58,-0.06,0.08,9.8,0.83125,0.0,0.0,0.0,4.2,2.0,1017.18,67.59,-18.21
2025-03-24 17:44:15.503000+00:00,22.537039394701253,,,,356.875,-0.375,-0.438,23.0,-62.5,-2.25,-30.375,-0.029,-0.016,-0.018,-0.35,0.35,9.6,-0.36,0.16,-0.58,-0.06,0.08,9.8,0.83125,0.0,0.0,0.0,4.2,2.0,1017.18,67.59,-18.21
2025-03-24 17:44:16.713000+00:00,22.537039394701253,,,,356.875,-0.375,-0.438,23.0,-62.5,-2.25,-30.375,-0.029,-0.016,-0.018,-0.35,0.35,9.6,-0.36,0.16,-0.58,-0.06,0.08,9.8,0.83125,0.0,0.0,0.0,4.2,2.0,1017.18,67.59,-18.21
2025-03-24 17:44:18.160000+00:00,22.537039394701253,,,,356.875,-0.375,-0.438,23.0,-62.5,-2.25,-30.375,-0.029,-0.016,-0.018,-0.35,0.35,9.6,-0.36,0.16,-0.58,-0.06,0.08,9.8,0.83125,0.0,0.0,0.0,4.2,2.0,1017.18,67.59,-18.21
