,rpm_value,rpm_blade_1,rpm_blade_2,rpm_blade_3,orientation_heading,orientation_roll,orientation_pitch,temperature_value,magnetometer_mx,magnetometer_my,magnetometer_mz,gyroscope_gx,gyroscope_gy,gyroscope_gz,accelerometer_ax,accelerometer_ay,accelerometer_az,linear_acceleration_lx,linear_acceleration_ly,linear_acceleration_lz,gravity_grx,gravity_gry,gravity_grz,voltage_value,current_value,power_value,servo_value,speed_value,direction_value,pressure_value,humidity_value,altitude_value
2025-03-24 18:04:17.289000+00:00,21.688716140206633,,,,18.562,-0.875,-0.938,22.86,-106.5,5.75,-13.188,0.023,0.007,0.034,0.0,0.5,9.39,0.15,0.34,-0.41,-0.15,0.16,9.8,0.99,1.25,0.0,0.0,6.0,1.0,1017.06,67.54,-17.58
2025-03-24 18:04:17.350000+00:00,22.15616182518258,,,,18.562,-0.875,-0.938,22.86,-106.5,5.75,-13.188,0.023,0.007,0.034,0.0,0.5,9.39,0.15,0.34,-0.41,-0.15,0.16,9.8,0.99,1.25,0.0,0.0,6.0,1.0,1017.06,67.54,-17.58
2025-03-24 18:04:18.716000+00:00,22.91952114287252,,,,18.562,-0.875,-0.938,22.86,-106.5,5.75,-13.188,0.023,0.007,0.034,0.0,0.5,9.39,0.15,0.34,-0.41,-0.15,0.16,9.8,0.99,1.25,0.0,0.0,6.0,1.0,1017.06,67.54,-17.58
2025-03-24 18:04:20.065000+00:00,23.80760944172499,,,,18.562,-0.875,-0.938,22.86,-106.5,5.75,-13.188,0.023,0.007,0.034,0.0,0.5,9.39,0.15,0.34,-0.41,-0.15,0.16,9.8,0.99,1.25,0.0,0.0,6.0,1.0,1017.06,67.54,-17.58
2025-03-24 18:04:21.829000+00:00,24.695679016723965,,,,18.562,-0.875,-0.938,22.86,-106.5,5.75,-13.188,0.023,0.007,0.034,0.0,0.5,9.39,0.15,0.34,-0.41,-0.15,0.16,9.8,0.99,1.25,0.0,0.0,6.0,1.0,1017.06,67.54,-17.58
2025-03-24 18:04:23.067000+00:00,25.583706702338283,,,,18.562,-0.875,-0.938,22.86,-106.5,5.75,-13.188,0.023,0.007,0.034,0.0,0.5,9.39,0.15,0.34,-0.41,-0.15,0.16,9.8,0.99,1.25,0.0,0.0,6.0,1.0,1017.06,67.54,-17.58
2025-03-24 18:04:24.899000+00:00,26.645160058169818,,,,18.562,-0.875,-0.938,22.86,-106.5,5.75,-13.188,0.023,0.007,0.034,0.0,0.5,9.39,0.15,0.34,-0.41,-0.15,0.16,9.8,0.99,1.25,0.0,0.0,6.0,1.0,1017.06,67.54,-17.58
2025-03-24 18:04:24.959000+00:00,27.70661341400135,,,,18.562,-0.875,-0.938,22.86,-106.5,5.75,-13.188,0.023,0.007,0.034,0.0,0.5,9.39,0.15,0.34,-0.41,-0.15,0.16,9.8,0.99,1.25,0.0,0.0,6.0,1.0,1017.06,67.54,-17.58
2025-03-24 18:04:26.170000+00:00,28.767979190392726,,,,18.562,-0.875,-0.938,22.86,-106.5,5.75,-13.188,0.023,0.007,0.034,0.0,0.5,9.39,0.15,0.34,-0.41,-0.15,0.16,9.8,0.99,1.25,0.0,0.0,6.0,1.0,1017.06,67.54,-17.58
2025-03-24 18:04:26.595000+00:00,29.799119495040724,,,,18.562,-0.875,-0.938,22.86,-106.5,5.75,-13.188,0.023,0.007,0.034,0.0,0.5,9.39,0.15,0.34,-0.41,-0.15,0.16,9.8,0.99,1.25,0.0,0.0,6.0,1.0,1017.06,67.54,-17.58
2025-03-24 18:04:27.999000+00:00,30.705542962245403,,,,18.562,-0.875,-0.938,22.86,-106.5,5.75,-13.188,0.023,0.007,0.034,0.0,0.5,9.39,0.15,0.34,-0.41,-0.15,0.16,9.8,0.99,1.25,0.0,0.0,6.0,1.0,1017.06,67.54,-17.58
2025-03-24 18:04:29.780000+00:00,31.501791711573162,,,,18.562,-0.875,-0.938,22.86,-106.5,5.75,-13.188,0.023,0.007,0.034,0.0,0.5,9.39,0.15,0.34,-0.41,-0.15,0.16,9.8,0.99,1.25,0.0,0.0,6.0,1.0,1017.06,67.54,-17.58
2025-03-24 18:04:29.832000+00:00,32.19443032269041,,,,18.562,-0.875,-0.938,22.86,-106.5,5.75,-13.188,0.023,0.007,0.034,0.0,0.5,9.39,0.15,0.34,-0.41,-0.15,0.16,9.8,0.99,1.25,0.0,0.0,6.0,1.0,1017.06,67.54,-17.58
2025-03-24 18:04:31.662000+00:00,32.99730418130929,,,,18.562,-0.875,-0.938,22.86,-106.5,5.75,-13.188,0.023,0.007,0.034,0.0,0.5,9.39,0.15,0.34,-0.41,-0.15,0.16,9.8,0.99,1.25,0.0,0.0,6.0,1.0,1017.06,67.54,-17.58
2025-03-24 18:04:31.712000+00:00,33.80017803992816,,,,18.562,-0.875,-0.938,22.86,-106.5,5.75,-13.188,0.023,0.007,0.034,0.0,0.5,9.39,0.15,0.34,-0.41,-0.15,0.16,9.8,0.99,1.25,0.0,0.0,6.0,1.0,1017.06,67.54,-17.58
2025-03-24 18:04:33.162000+00:00,34.56344364892815,,,,18.562,-0.875,-0.938,22.86,-106.5,5.75,-13.188,0.023,0.007,0.034,0.0,0.5,9.39,0.15,0.34,-0.41,-0.15,0.16,9.8,0.99,1.25,0.0,0.0,6.0,1.0,1017.06,67.54,-17.58
2025-03-24 18:04:34.670000+00:00,35.326646215558505,,,,18.562,-0.875,-0.938,22.86,-106.5,5.75,-13.188,0.023,0.007,0.034,0.0,0.5,9.39,0.15,0.34,-0.41,-0.15,0.16,9.8,0.99,1.25,0.0,0.0,6.0,1.0,1017.06,67.54,-17.58
2025-03-24 18:04:34.722000+00:00,36.08984878218886,,,,18.562,-0.875,-0.938,22.86,-106.5,5.75,-13.188,0.023,0.007,0.034,0.0,0.5,9.39,0.15,0.34,-0.41,-0.15,0.16,9.8,0.99,1.25,0.0,0.0,6.0,1.0,1017.06,67.54,-17.58
2025-03-24 18:04:36.343000+00:00,36.93528881982734,,,,18.562,-0.875,-0.938,22.86,-106.5,5.75,-13.188,0.023,0.007,0.034,0.0,0.5,9.39,0.15,0.34,-0.41,-0.15,0.16,9.8,0.99,1.25,0.0,0.0,6.0,1.0,1017.06,67.54,-17.58
2025-03-24 18:04:37.780000+00:00,37.655733128164606,,,,18.562,-0.875,-0.938,22.86,-106.5,5.75,-13.188,0.023,0.007,0.034,0.0,0.5,9.39,0.15,0.34,-0.41,-0.15,0.16,9.8,0.99,1.25,0.0,0.0,6.0,1.0,1017.06,67.54,-17.58
2025-03-24 18:04:39.284000+00:00,38.076442283244376,,,,18.562,-0.875,-0.938,22.86,-106.5,5.75,-13.188,0.023,0.007,0.034,0.0,0.5,9.39,0.15,0.34,-0.41,-0.15,0.16,9.8,0.99,1.25,0.0,0.0,6.0,1.0,1017.06,67.54,-17.58
2025-03-24 18:04:39.750000+00:00,38.49715143832416,,,,18.562,-0.875,-0.938,22.86,-106.5,5.75,-13.188,0.023,0.007,0.034,0.0,0.5,9.39,0.15,0.34,-0.41,-0.15,0.16,9.8,0.99,1.25,0.0,0.0,6.0,1.0,1017.06,67.54,-17.58
2025-03-24 18:04:41.058000+00:00,38.621944104288445,,,,18.562,-0.875,-0.938,22.86,-106.5,5.75,-13.188,0.023,0.007,0.034,0.0,0.5,9.39,0.15,0.34,-0.41,-0.15,0.16,9.8,0.99,1.25,0.0,0.0,6.0,1.0,1017.06,67.54,-17.58
2025-03-24 18:04:42.412000+00:00,38.621932996875394,,,,18.562,-0.875,-0.938,22.86,-106.5,5.75,-13.188,0.023,0.007,0.034,0.0,0.5,9.39,0.15,0.34,-0.41,-0.15,0.16,9.8,0.99,1.25,0.0,0.0,6.0,1.0,1017.06,67.54,-17.58
2025-03-24 18:04:43.886000+00:00,38.62208851071007,,,,18.562,-0.875,-0.938,22.86,-106.5,5.75,-13.188,0.023,0.007,0.034,0.0,0.5,9.39,0.15,0.34,-0.41,-0.15,0.16,9.8,0.99,1.25,0.0,0.0,6.0,1.0,1017.06,67.54,-17.58
2025-03-24 18:04:45.548000+00:00,38.62220624973732,,,,18.562,-0.875,-0.938,22.86,-106.5,5.75,-13.188,0.023,0.007,0.034,0.0,0.5,9.39,0.15,0.34,-0.41,-0.15,0.16,9.8,0.99,1.25,0.0,0.0,6.0,1.0,1017.06,67.54,-17.58
2025-03-24 18:04:45.992000+00:00,38.622344298137065,,,,18.562,-0.875,-0.938,22.86,-106.5,5.75,-13.188,0.023,0.007,0.034,0.0,0.5,9.39,0.15,0.34,-0.41,-0.15,0.16,9.8,0.99,1.25,0.0,0.0,6.0,1.0,1017.06,67.54,-17.58
2025-03-24 18:04:47.265000+00:00,38.62246933426429,,,,18.562,-0.875,-0.938,22.86,-106.5,5.75,-13.188,0.023,0.007,0.034,0.0,0.5,9.39,0.15,0.34,-0.41,-0.15,0.16,9.8,0.99,1.25,0.0,0.0,6.0,1.0,1017.06,67.54,-17.58
2025-03-24 18:04:47.312000+00:00,38.622681949831666,,,,18.562,-0.875,-0.938,22.86,-106.5,5.75,-13.188,0.023,0.007,0.034,0.0,0.5,9.39,0.15,0.34,-0.41,-0.15,0.16,9.8,0.99,1.25,0.0,0.0,6.0,1.0,1017.06,67.54,-17.58
2025-03-24 18:04:48.782000+00:00,38.62298882886428,,,,18.562,-0.875,-0.938,22.86,-106.5,5.75,-13.188,0.023,0.007,0.034,0.0,0.5,9.39,0.15,0.34,-0.41,-0.15,0.16,9.8,0.99,1.25,0.0,0.0,6.0,1.0,1017.06,67.54,-17.58
2025-03-24 18:04:49.146000+00:00,38.74801254534023,,,,18.562,-0.875,-0.938,22.86,-106.5,5.75,-13.188,0.023,0.007,0.034,0.0,0.5,9.39,0.15,0.34,-0.41,-0.15,0.16,9.8,0.99,1.25,0.0,0.0,6.0,1.0,1017.06,67.54,-17.58
2025-03-24 18:04:50.342000+00:00,39.125880595685864,,,,18.562,-0.875,-0.938,22.86,-106.5,5.75,-13.188,0.023,0.007,0.034,0.0,0.5,9.39,0.15,0.34,-0.41,-0.15,0.16,9.8,0.99,1.25,0.0,0.0,6.0,1.0,1017.06,67.54,-17.58
2025-03-24 18:04:50.398000+00:00,39.5037486460315,,,,18.562,-0.875,-0.938,22.86,-106.5,5.75,-13.188,0.023,0.007,0.034,0.0,0.5,9.39,0.15,0.34,-0.41,-0.15,0.16,9.8,0.99,1.25,0.0,0.0,6.0,1.0,1017.06,67.54,-17.58
2025-03-24 18:04:51.822000+00:00,39.6286531155384,,,,18.562,-0.875,-0.938,22.86,-106.5,5.75,-13.188,0.023,0.007,0.034,0.0,0.5,9.39,0.15,0.34,-0.41,-0.15,0.16,9.8,0.99,1.25,0.0,0.0,6.0,1.0,1017.06,67.54,-17.58
2025-03-24 18:04:53.402000+00:00,39.753434448523855,,,,18.562,-0.875,-0.938,22.86,-106.5,5.75,-13.188,0.023,0.007,0.034,0.0,0.5,9.39,0.15,0.34,-0.41,-0.15,0.16,9.8,0.99,1.25,0.0,0.0,6.0,1.0,1017.06,67.54,-17.58
2025-03-24 18:04:54.860000+00:00,40.0210270880183,,,,18.562,-0.875,-0.938,22.86,-106.5,5.75,-13.188,0.023,0.007,0.034,0.0,0.5,9.39,0.15,0.34,-0.41,-0.15,0.16,9.8,0.99,1.25,0.0,0.0,6.0,1.0,1017.06,67.54,-17.58
2025-03-24 18:04:54.917000+00:00,40.28868276988238,,,,18.562,-0.875,-0.938,22.86,-106.5,5.75,-13.188,0.023,0.007,0.034,0.0,0.5,9.39,0.15,0.34,-0.41,-0.15,0.16,9.8,0.99,1.25,0.0,0.0,6.0,1.0,1017.06,67.54,-17.58
2025-03-24 18:04:56.113000+00:00,40.55637415715325,,,,18.562,-0.875,-0.938,22.86,-106.5,5.75,-13.188,0.023,0.007,0.034,0.0,0.5,9.39,0.15,0.34,-0.41,-0.15,0.16,9.8,0.99,1.25,0.0,0.0,6.0,1.0,1017.06,67.54,-17.58
2025-03-24 18:04:58.042000+00:00,40.55634622826228,,,,18.562,-0.875,-0.938,22.86,-106.5,5.75,-13.188,0.023,0.007,0.034,0.0,0.5,9.39,0.15,0.34,-0.41,-0.15,0.16,9.8,0.99,1.25,0.0,0.0,6.0,1.0,1017.06,67.54,-17.58
2025-03-24 18:04:58.092000+00:00,40.68131402867253,,,,18.562,-0.875,-0.938,22.86,-106.5,5.75,-13.188,0.023,0.007,0.034,0.0,0.5,9.39,0.15,0.34,-0.41,-0.15,0.16,9.8,0.99,1.25,0.0,0.0,6.0,1.0,1017.06,67.54,-17.58
2025-03-24 18:04:59.361000+00:00,40.82405465723532,,,,18.562,-0.875,-0.938,22.86,-106.5,5.75,-13.188,0.023,0.007,0.034,0.0,0.5,9.39,0.15,0.34,-0.41,-0.15,0.16,9.8,0.99,1.25,0.0,0.0,6.0,1.0,1017.06,67.54,-17.58
2025-03-24 18:05:00.898000+00:00,40.824047992311186,,,,18.562,-0.875,-0.938,22.86,-106.5,5.75,-13.188,0.023,0.007,0.034,0.0,0.5,9.39,0.15,0.34,-0.41,-0.15,0.16,9.8,0.99,1.25,0.0,0.0,6.0,1.0,1017.06,67.54,-17.58
2025-03-24 18:05:02.486000+00:00,40.966724077044475,,,,18.562,-0.875,-0.938,22.86,-106.5,5.75,-13.188,0.023,0.007,0.034,0.0,0.5,9.39,0.15,0.34,-0.41,-0.15,0.16,9.8,0.99,1.25,0.0,0.0,6.0,1.0,1017.06,67.54,-17.58
2025-03-24 18:05:02.548000+00:00,41.10947759888475,,,,18.562,-0.875,-0.938,22.86,-106.5,5.75,-13.188,0.023,0.007,0.034,0.0,0.5,9.39,0.15,0.34,-0.41,-0.15,0.16,9.8,0.99,1.25,0.0,0.0,6.0,1.0,1017.06,67.54,-17.58
2025-03-24 18:05:03.502000+00:00,41.25224098296137,,,,18.562,-0.875,-0.938,22.86,-106.5,5.75,-13.188,0.023,0.007,0.034,0.0,0.5,9.39,0.15,0.34,-0.41,-0.15,0.16,9.8,0.99,1.25,0.0,0.0,6.0,1.0,1017.06,67.54,-17.58
2025-03-24 18:05:04.961000+00:00,41.394908056049246,,,,18.562,-0.875,-0.938,22.86,-106.5,5.75,-13.188,0.023,0.007,0.034,0.0,0.5,9.39,0.15,0.34,-0.41,-0.15,0.16,9.8,0.99,1.25,0.0,0.0,6.0,1.0,1017.06,67.54,-17.58
2025-03-24 18:05:06.521000+00:00,41.53763560595765,,,,18.562,-0.875,-0.938,22.86,-106.5,5.75,-13.188,0.023,0.007,0.034,0.0,0.5,9.39,0.15,0.34,-0.41,-0.15,0.16,9.8,0.99,1.25,0.0,0.0,6.0,1.0,1017.06,67.54,-17.58
2025-03-24 18:05:06.575000+00:00,41.680376168138594,,,,18.562,-0.875,-0.938,22.86,-106.5,5.75,-13.188,0.023,0.007,0.034,0.0,0.5,9.39,0.15,0.34,-0.41,-0.15,0.16,9.8,0.99,1.25,0.0,0.0,6.0,1.0,1017.06,67.54,-17.58
2025-03-24 18:05:07.981000+00:00,41.98778535530425,,,,18.562,-0.875,-0.938,22.86,-106.5,5.75,-13.188,0.023,0.007,0.034,0.0,0.5,9.39,0.15,0.34,-0.41,-0.15,0.16,9.8,0.99,1.25,0.0,0.0,6.0,1.0,1017.06,67.54,-17.58
2025-03-24 18:05:08.030000+00:00,42.29510027900466,,,,18.562,-0.875,-0.938,22.86,-106.5,5.75,-13.188,0.023,0.007,0.034,0.0,0.5,9.39,0.15,0.34,-0.41,-0.15,0.16,9.8,0.99,1.25,0.0,0.0,6.0,1.0,1017.06,67.54,-17.58
2025-03-24 18:05:09.207000+00:00,42.437657320962174,,,,18.562,-0.875,-0.938,22.86,-106.5,5.75,-13.188,0.023,0.007,0.034,0.0,0.5,9.39,0.15,0.34,-0.41,-0.15,0.16,9.8,0.99,1.25,0.0,0.0,6.0,1.0,1017.06,67.54,-17.58
2025-03-24 18:05:11.350000+00:00,42.2948153714274,,,,18.562,-0.875,-0.938,22.86,-106.5,5.75,-13.188,0.023,0.007,0.034,0.0,0.5,9.39,0.15,0.34,-0.41,-0.15,0.16,9.8,0.99,1.25,0.0,0.0,6.0,1.0,1017.06,67.54,-17.58
2025-03-24 18:05:12.541000+00:00,42.15200325282785,,,,18.562,-0.875,-0.938,22.86,-106.5,5.75,-13.188,0.023,0.007,0.034,0.0,0.5,9.39,0.15,0.34,-0.41,-0.15,0.16,9.8,0.99,1.25,0.0,0.0,6.0,1.0,1017.06,67.54,-17.58
2025-03-24 18:05:14.062000+00:00,42.027003109257336,,,,18.562,-0.875,-0.938,22.86,-106.5,5.75,-13.188,0.023,0.007,0.034,0.0,0.5,9.39,0.15,0.34,-0.41,-0.15,0.16,9.8,0.99,1.25,0.0,0.0,6.0,1.0,1017.06,67.54,-17.58
2025-03-24 18:05:15.519000+00:00,41.79194600745283,,,,18.562,-0.875,-0.938,22.86,-106.5,5.75,-13.188,0.023,0.007,0.034,0.0,0.5,9.39,0.15,0.34,-0.41,-0.15,0.16,9.8,0.99,1.25,0.0,0.0,6.0,1.0,1017.06,67.54,-17.58
2025-03-24 18:04:17.468000+00:00,41.79194600745283,,,,18.562,-0.875,-0.938,22.86,-106.5,5.75,-13.188,0.023,0.007,0.034,0.0,0.5,9.39,0.15,0.34,-0.41,-0.15,0.16,9.8,0.99,1.25,0.0,0.0,6.0,1.0,1017.06,67.54,-17.58
2025-03-24 18:04:18.319000+00:00,41.79194600745283,,,,18.688,-0.75,-0.875,22.86,-106.5,5.75,-13.188,0.023,0.007,0.034,0.0,0.5,9.39,0.15,0.34,-0.41,-0.15,0.16,9.8,0.99,1.25,0.0,0.0,6.0,1.0,1017.06,67.54,-17.58
2025-03-24 18:04:19.289000+00:00,41.79194600745283,,,,18.688,-0.812,-0.875,22.86,-106.5,5.75,-13.188,0.023,0.007,0.034,0.0,0.5,9.39,0.15,0.34,-0.41,-0.15,0.16,9.8,0.99,1.25,0.0,0.0,6.0,1.0,1017.06,67.54,-17.58
2025-03-24 18:04:20.439000+00:00,41.79194600745283,,,,18.688,-0.812,-0.875,22.86,-106.5,5.75,-13.188,0.023,0.007,0.034,0.0,0.5,9.39,0.15,0.34,-0.41,-0.15,0.16,9.8,0.99,1.25,0.0,0.0,6.0,1.0,1017.06,67.54,-17.58
2025-03-24 18:04:21.156000+00:00,41.79194600745283,,,,18.75,-0.75,-0.875,22.86,-106.5,5.75,-13.188,0.023,0.007,0.034,0.0,0.5,9.39,0.15,0.34,-0.41,-0.15,0.16,9.8,0.99,1.25,0.0,0.0,6.0,1.0,1017.06,67.54,-17.58
2025-03-24 18:04:22.166000+00:00,41.79194600745283,,,,18.688,-0.688,-0.875,22.86,-106.5,5.75,-13.188,0.023,0.007,0.034,0.0,0.5,9.39,0.15,0.34,-0.41,-0.15,0.16,9.8,0.99,1.25,0.0,0.0,6.0,1.0,1017.06,67.54,-17.58
2025-03-24 18:04:23.177000+00:00,41.79194600745283,,,,18.625,-0.75,-0.875,22.86,-106.5,5.75,-13.188,0.023,0.007,0.034,0.0,0.5,9.39,0.15,0.34,-0.41,-0.15,0.16,9.8,0.99,1.25,0.0,0.0,6.0,1.0,1017.06,67.54,-17.58
2025-03-24 18:04:24.187000+00:00,41.79194600745283,,,,18.75,-0.688,-0.938,22.86,-106.5,5.75,-13.188,0.023,0.007,0.034,0.0,0.5,9.39,0.15,0.34,-0.41,-0.15,0.16,9.8,0.99,1.25,0.0,0.0,6.0,1.0,1017.06,67.54,-17.58
2025-03-24 18:04:25.197000+00:00,41.79194600745283,,,,18.938,-0.625,-0.875,22.86,-106.5,5.75,-13.188,0.023,0.007,0.034,0.0,0.5,9.39,0.15,0.34,-0.41,-0.15,0.16,9.8,0.99,1.25,0.0,0.0,6.0,1.0,1017.06,67.54,-17.58
2025-03-24 18:04:26.232000+00:00,41.79194600745283,,,,19.188,-0.625,-0.875,22.86,-106.5,5.75,-13.188,0.023,0.007,0.034,0.0,0.5,9.39,0.15,0.34,-0.41,-0.15,0.16,9.8,0.99,1.25,0.0,0.0,6.0,1.0,1017.06,67.54,-17.58
2025-03-24 18:04:27.323000+00:00,41.79194600745283,,,,19.188,-0.75,-0.938,22.86,-106.5,5.75,-13.188,0.023,0.007,0.034,0.0,0.5,9.39,0.15,0.34,-0.41,-0.15,0.16,9.8,0.99,1.25,0.0,0.0,6.0,1.0,1017.06,67.54,-17.58
2025-03-24 18:04:28.379000+00:00,41.79194600745283,,,,19.125,-0.938,-1.0,22.86,-106.5,5.75,-13.188,0.023,0.007,0.034,0.0,0.5,9.39,0.15,0.34,-0.41,-0.15,0.16,9.8,0.99,1.25,0.0,0.0,6.0,1.0,1017.06,67.54,-17.58
2025-03-24 18:04:29.394000+00:00,41.79194600745283,,,,19.125,-0.875,-0.875,22.86,-106.5,5.75,-13.188,0.023,0.007,0.034,0.0,0.5,9.39,0.15,0.34,-0.41,-0.15,0.16,9.8,0.99,1.25,0.0,0.0,6.0,1.0,1017.06,67.54,-17.58
2025-03-24 18:04:30.559000+00:00,41.79194600745283,,,,19.25,-0.75,-0.812,22.86,-106.5,5.75,-13.188,0.023,0.007,0.034,0.0,0.5,9.39,0.15,0.34,-0.41,-0.15,0.16,9.8,0.99,1.25,0.0,0.0,6.0,1.0,1017.06,67.54,-17.58
2025-03-24 18:04:31.253000+00:00,41.79194600745283,,,,19.438,-0.625,-0.875,22.86,-106.5,5.75,-13.188,0.023,0.007,0.034,0.0,0.5,9.39,0.15,0.34,-0.41,-0.15,0.16,9.8,0.99,1.25,0.0,0.0,6.0,1.0,1017.06,67.54,-17.58
2025-03-24 18:04:32.282000+00:00,41.79194600745283,,,,19.375,-0.75,-0.875,22.86,-106.5,5.75,-13.188,0.023,0.007,0.034,0.0,0.5,9.39,0.15,0.34,-0.41,-0.15,0.16,9.8,0.99,1.25,0.0,0.0,6.0,1.0,1017.06,67.54,-17.58
2025-03-24 18:04:33.273000+00:00,41.79194600745283,,,,19.25,-0.875,-0.812,22.86,-106.5,5.75,-13.188,0.023,0.007,0.034,0.0,0.5,9.39,0.15,0.34,-0.41,-0.15,0.16,9.8,0.99,1.25,0.0,0.0,6.0,1.0,1017.06,67.54,-17.58
2025-03-24 18:04:34.283000+00:00,41.79194600745283,,,,19.312,-0.938,-0.875,22.86,-106.5,5.75,-13.188,0.023,0.007,0.034,0.0,0.5,9.39,0.15,0.34,-0.41,-0.15,0.16,9.8,0.99,1.25,0.0,0.0,6.0,1.0,1017.06,67.54,-17.58
2025-03-24 18:04:35.293000+00:00,41.79194600745283,,,,19.312,-0.938,-0.875,22.86,-106.5,5.75,-13.188,0.023,0.007,0.034,0.0,0.5,9.39,0.15,0.34,-0.41,-0.15,0.16,9.8,0.99,1.25,0.0,0.0,6.0,1.0,1017.06,67.54,-17.58
2025-03-24 18:04:36.392000+00:00,41.79194600745283,,,,19.438,-0.875,-0.875,22.86,-106.5,5.75,-13.188,0.023,0.007,0.034,0.0,0.5,9.39,0.15,0.34,-0.41,-0.15,0.16,9.8,0.99,1.25,0.0,0.0,6.0,1.0,1017.06,67.54,-17.58
2025-03-24 18:04:37.382000+00:00,41.79194600745283,,,,19.5,-0.812,-0.812,22.86,-106.5,5.75,-13.188,0.023,0.007,0.034,0.0,0.5,9.39,0.15,0.34,-0.41,-0.15,0.16,9.8,0.99,1.25,0.0,0.0,6.0,1.0,1017.06,67.54,-17.58
2025-03-24 18:04:38.362000+00:00,41.79194600745283,,,,19.688,-0.688,-0.812,22.86,-106.5,5.75,-13.188,0.023,0.007,0.034,0.0,0.5,9.39,0.15,0.34,-0.41,-0.15,0.16,9.8,0.99,1.25,0.0,0.0,6.0,1.0,1017.06,67.54,-17.58
2025-03-24 18:04:39.344000+00:00,41.79194600745283,,,,19.75,-0.625,-0.812,22.86,-106.5,5.75,-13.188,0.023,0.007,0.034,0.0,0.5,9.39,0.15,0.34,-0.41,-0.15,0.16,9.8,0.99,1.25,0.0,0.0,6.0,1.0,1017.06,67.54,-17.58
2025-03-24 18:04:40.342000+00:00,41.79194600745283,,,,19.812,-0.625,-0.938,22.86,-106.5,5.75,-13.188,0.023,0.007,0.034,0.0,0.5,9.39,0.15,0.34,-0.41,-0.15,0.16,9.8,0.99,1.25,0.0,0.0,6.0,1.0,1017.06,67.54,-17.58
2025-03-24 18:04:41.350000+00:00,41.79194600745283,,,,19.75,-0.812,-0.938,22.86,-106.5,5.75,-13.188,0.023,0.007,0.034,0.0,0.5,9.39,0.15,0.34,-0.41,-0.15,0.16,9.8,0.99,1.25,0.0,0.0,6.0,1.0,1017.06,67.54,-17.58
2025-03-24 18:04:42.360000+00:00,41.79194600745283,,,,19.812,-0.812,-0.938,22.86,-106.5,5.75,-13.188,0.023,0.007,0.034,0.0,0.5,9.39,0.15,0.34,-0.41,-0.15,0.16,9.8,0.99,1.25,0.0,0.0,6.0,1.0,1017.06,67.54,-17.58
2025-03-24 18:04:43.378000+00:00,41.79194600745283,,,,19.875,-0.75,-0.938,22.86,-106.5,5.75,-13.188,0.023,0.007,0.034,0.0,0.5,9.39,0.15,0.34,-0.41,-0.15,0.16,9.8,0.99,1.25,0.0,0.0,6.0,1.0,1017.06,67.54,-17.58
2025-03-24 18:04:44.418000+00:00,41.79194600745283,,,,19.938,-0.812,-0.938,22.86,-106.5,5.75,-13.188,0.023,0.007,0.034,0.0,0.5,9.39,0.15,0.34,-0.41,-0.15,0.16,9.8,0.99,1.25,0.0,0.0,6.0,1.0,1017.06,67.54,-17.58
2025-03-24 18:04:45.606000+00:00,41.79194600745283,,,,19.875,-0.812,-1.062,22.86,-106.5,5.75,-13.188,0.023,0.007,0.034,0.0,0.5,9.39,0.15,0.34,-0.41,-0.15,0.16,9.8,0.99,1.25,0.0,0.0,6.0,1.0,1017.06,67.54,-17.58
2025-03-24 18:04:46.688000+00:00,41.79194600745283,,,,20.0,-0.812,-0.938,22.86,-106.5,5.75,-13.188,0.023,0.007,0.034,0.0,0.5,9.39,0.15,0.34,-0.41,-0.15,0.16,9.8,0.99,1.25,0.0,0.0,6.0,1.0,1017.06,67.54,-17.58
2025-03-24 18:04:47.408000+00:00,41.79194600745283,,,,19.875,-0.812,-1.0,22.86,-106.5,5.75,-13.188,0.023,0.007,0.034,0.0,0.5,9.39,0.15,0.34,-0.41,-0.15,0.16,9.8,0.99,1.25,0.0,0.0,6.0,1.0,1017.06,67.54,-17.58
2025-03-24 18:04:48.419000+00:00,41.79194600745283,,,,19.875,-0.75,-0.938,22.86,-106.5,5.75,-13.188,0.023,0.007,0.034,0.0,0.5,9.39,0.15,0.34,-0.41,-0.15,0.16,9.8,0.99,1.25,0.0,0.0,6.0,1.0,1017.06,67.54,-17.58
2025-03-24 18:04:49.430000+00:00,41.79194600745283,,,,19.938,-0.75,-0.938,22.86,-106.5,5.75,-13.188,0.023,0.007,0.034,0.0,0.5,9.39,0.15,0.34,-0.41,-0.15,0.16,9.8,0.99,1.25,0.0,0.0,6.0,1.0,1017.06,67.54,-17.58
2025-03-24 18:04:50.456000+00:00,41.79194600745283,,,,20.0,-0.688,-0.875,22.86,-106.5,5.75,-13.188,0.023,0.007,0.034,0.0,0.5,9.39,0.15,0.34,-0.41,-0.15,0.16,9.8,0.99,1.25,0.0,0.0,6.0,1.0,1017.06,67.54,-17.58
2025-03-24 18:04:51.450000+00:00,41.79194600745283,,,,20.0,-0.75,-0.875,22.86,-106.5,5.75,-13.188,0.023,0.007,0.034,0.0,0.5,9.39,0.15,0.34,-0.41,-0.15,0.16,9.8,0.99,1.25,0.0,0.0,6.0,1.0,1017.06,67.54,-17.58
2025-03-24 18:04:52.505000+00:00,41.79194600745283,,,,20.125,-0.688,-0.875,22.86,-106.5,5.75,-13.188,0.023,0.007,0.034,0.0,0.5,9.39,0.15,0.34,-0.41,-0.15,0.16,9.8,0.99,1.25,0.0,0.0,6.0,1.0,1017.06,67.54,-17.58
2025-03-24 18:04:53.470000+00:00,41.79194600745283,,,,20.0,-0.75,-0.812,22.86,-106.5,5.75,-13.188,0.023,0.007,0.034,0.0,0.5,9.39,0.15,0.34,-0.41,-0.15,0.16,9.8,0.99,1.25,0.0,0.0,6.0,1.0,1017.06,67.54,-17.58
2025-03-24 18:04:54.483000+00:00,41.79194600745283,,,,20.25,-0.875,-0.812,22.86,-106.5,5.75,-13.188,0.023,0.007,0.034,0.0,0.5,9.39,0.15,0.34,-0.41,-0.15,0.16,9.8,0.99,1.25,0.0,0.0,6.0,1.0,1017.06,67.54,-17.58
2025-03-24 18:04:55.493000+00:00,41.79194600745283,,,,20.438,-0.938,-0.938,22.86,-106.5,5.75,-13.188,0.023,0.007,0.034,0.0,0.5,9.39,0.15,0.34,-0.41,-0.15,0.16,9.8,0.99,1.25,0.0,0.0,6.0,1.0,1017.06,67.54,-17.58
2025-03-24 18:04:56.508000+00:00,41.79194600745283,,,,20.438,-0.875,-0.875,22.86,-106.5,5.75,-13.188,0.023,0.007,0.034,0.0,0.5,9.39,0.15,0.34,-0.41,-0.15,0.16,9.8,0.99,1.25,0.0,0.0,6.0,1.0,1017.06,67.54,-17.58
2025-03-24 18:04:57.670000+00:00,41.79194600745283,,,,20.375,-0.875,-0.812,22.86,-106.5,5.75,-13.188,0.023,0.007,0.034,0.0,0.5,9.39,0.15,0.34,-0.41,-0.15,0.16,9.8,0.99,1.25,0.0,0.0,6.0,1.0,1017.06,67.54,-17.58
2025-03-24 18:04:58.834000+00:00,41.79194600745283,,,,20.5,-0.938,-0.875,22.86,-106.5,5.75,-13.188,0.023,0.007,0.034,0.0,0.5,9.39,0.15,0.34,-0.41,-0.15,0.16,9.8,0.99,1.25,0.0,0.0,6.0,1.0,1017.06,67.54,-17.58
2025-03-24 18:04:59.528000+00:00,41.79194600745283,,,,20.5,-0.875,-0.875,22.86,-106.5,5.75,-13.188,0.023,0.007,0.034,0.0,0.5,9.39,0.15,0.34,-0.41,-0.15,0.16,9.8,0.99,1.25,0.0,0.0,6.0,1.0,1017.06,67.54,-17.58
2025-03-24 18:05:00.539000+00:00,41.79194600745283,,,,20.562,-0.812,-0.875,22.86,-106.5,5.75,-13.188,0.023,0.007,0.034,0.0,0.5,9.39,0.15,0.34,-0.41,-0.15,0.16,9.8,0.99,1.25,0.0,0.0,6.0,1.0,1017.06,67.54,-17.58
2025-03-24 18:05:01.549000+00:00,41.79194600745283,,,,20.625,-0.812,-0.875,22.86,-106.5,5.75,-13.188,0.023,0.007,0.034,0.0,0.5,9.39,0.15,0.34,-0.41,-0.15,0.16,9.8,0.99,1.25,0.0,0.0,6.0,1.0,1017.06,67.54,-17.58
2025-03-24 18:05:02.607000+00:00,41.79194600745283,,,,20.625,-0.812,-0.812,22.86,-106.5,5.75,-13.188,0.023,0.007,0.034,0.0,0.5,9.39,0.15,0.34,-0.41,-0.15,0.16,9.8,0.99,1.25,0.0,0.0,6.0,1.0,1017.06,67.54,-17.58
2025-03-24 18:05:03.569000+00:00,41.79194600745283,,,,20.625,-0.875,-0.812,22.86,-106.5,5.75,-13.188,0.023,0.007,0.034,0.0,0.5,9.39,0.15,0.34,-0.41,-0.15,0.16,9.8,0.99,1.25,0.0,0.0,6.0,1.0,1017.06,67.54,-17.58
2025-03-24 18:05:04.581000+00:00,41.79194600745283,,,,20.688,-0.938,-0.812,22.86,-106.5,5.75,-13.188,0.023,0.007,0.034,0.0,0.5,9.39,0.15,0.34,-0.41,-0.15,0.16,9.8,0.99,1.25,0.0,0.0,6.0,1.0,1017.06,67.54,-17.58
2025-03-24 18:05:05.592000+00:00,41.79194600745283,,,,20.625,-0.938,-0.812,22.86,-106.5,5.75,-13.188,0.023,0.007,0.034,0.0,0.5,9.39,0.15,0.34,-0.41,-0.15,0.16,9.8,0.99,1.25,0.0,0.0,6.0,1.0,1017.06,67.54,-17.58
2025-03-24 18:05:06.631000+00:00,41.79194600745283,,,,20.75,-0.938,-0.875,22.86,-106.5,5.75,-13.188,0.023,0.007,0.034,0.0,0.5,9.39,0.15,0.34,-0.41,-0.15,0.16,9.8,0.99,1.25,0.0,0.0,6.0,1.0,1017.06,67.54,-17.58
2025-03-24 18:05:07.612000+00:00,41.79194600745283,,,,20.875,-1.0,-0.875,22.86,-106.5,5.75,-13.188,0.023,0.007,0.034,0.0,0.5,9.39,0.15,0.34,-0.41,-0.15,0.16,9.8,0.99,1.25,0.0,0.0,6.0,1.0,1017.06,67.54,-17.58
2025-03-24 18:05:08.622000+00:00,41.79194600745283,,,,21.062,-0.812,-0.812,22.86,-106.5,5.75,-13.188,0.023,0.007,0.034,0.0,0.5,9.39,0.15,0.34,-0.41,-0.15,0.16,9.8,0.99,1.25,0.0,0.0,6.0,1.0,1017.06,67.54,-17.58
2025-03-24 18:05:09.633000+00:00,41.79194600745283,,,,21.0,-0.812,-0.875,22.86,-106.5,5.75,-13.188,0.023,0.007,0.034,0.0,0.5,9.39,0.15,0.34,-0.41,-0.15,0.16,9.8,0.99,1.25,0.0,0.0,6.0,1.0,1017.06,67.54,-17.58
2025-03-24 18:05:10.643000+00:00,41.79194600745283,,,,21.062,-0.75,-0.875,22.86,-106.5,5.75,-13.188,0.023,0.007,0.034,0.0,0.5,9.39,0.15,0.34,-0.41,-0.15,0.16,9.8,0.99,1.25,0.0,0.0,6.0,1.0,1017.06,67.54,-17.58
2025-03-24 18:05:11.652000+00:00,41.79194600745283,,,,21.125,-0.75,-0.938,22.86,-106.5,5.75,-13.188,0.023,0.007,0.034,0.0,0.5,9.39,0.15,0.34,-0.41,-0.15,0.16,9.8,0.99,1.25,0.0,0.0,6.0,1.0,1017.06,67.54,-17.58
2025-03-24 18:05:12.661000+00:00,41.79194600745283,,,,21.125,-0.812,-0.938,22.86,-106.5,5.75,-13.188,0.023,0.007,0.034,0.0,0.5,9.39,0.15,0.34,-0.41,-0.15,0.16,9.8,0.99,1.25,0.0,0.0,6.0,1.0,1017.06,67.54,-17.58
2025-03-24 18:05:13.672000+00:00,41.79194600745283,,,,21.062,-0.875,-0.875,22.86,-106.5,5.75,-13.188,0.023,0.007,0.034,0.0,0.5,9.39,0.15,0.34,-0.41,-0.15,0.16,9.8,0.99,1.25,0.0,0.0,6.0,1.0,1017.06,67.54,-17.58
2025-03-24 18:05:14.682000+00:00,41.79194600745283,,,,21.0,-0.875,-0.875,22.86,-106.5,5.75,-13.188,0.023,0.007,0.034,0.0,0.5,9.39,0.15,0.34,-0.41,-0.15,0.16,9.8,0.99,1.25,0.0,0.0,6.0,1.0,1017.06,67.54,-17.58
2025-03-24 18:05:15.693000+00:00,41.79194600745283,,,,21.0,-0.688,-0.812,22.86,-106.5,5.75,-13.188,0.023,0.007,0.034,0.0,0.5,9.39,0.15,0.34,-0.41,-0.15,0.16,9.8,0.99,1.25,0.0,0.0,6.0,1.0,1017.06,67.54,-17.58
2025-03-24 18:04:16.882000+00:00,41.79194600745283,,,,21.0,-0.688,-0.812,22.86,-106.5,5.75,-13.188,0.023,0.007,0.034,0.0,0.5,9.39,0.15,0.34,-0.41,-0.15,0.16,9.8,0.99,1.25,0.0,0.0,6.0,1.0,1017.06,67.54,-17.58
2025-03-24 18:04:17.513000+00:00,41.79194600745283,,,,21.0,-0.688,-0.812,23.0,-106.5,5.75,-13.188,0.023,0.007,0.034,0.0,0.5,9.39,0.15,0.34,-0.41,-0.15,0.16,9.8,0.99,1.25,0.0,0.0,6.0,1.0,1017.06,67.54,-17.58
2025-03-24 18:04:18.118000+00:00,41.79194600745283,,,,21.0,-0.688,-0.812,22.86,-106.5,5.75,-13.188,0.023,0.007,0.034,0.0,0.5,9.39,0.15,0.34,-0.41,-0.15,0.16,9.8,0.99,1.25,0.0,0.0,6.0,1.0,1017.06,67.54,-17.58
2025-03-24 18:04:18.380000+00:00,41.79194600745283,,,,21.0,-0.688,-0.812,23.0,-106.5,5.75,-13.188,0.023,0.007,0.034,0.0,0.5,9.39,0.15,0.34,-0.41,-0.15,0.16,9.8,0.99,1.25,0.0,0.0,6.0,1.0,1017.06,67.54,-17.58
2025-03-24 18:04:19.075000+00:00,41.79194600745283,,,,21.0,-0.688,-0.812,22.86,-106.5,5.75,-13.188,0.023,0.007,0.034,0.0,0.5,9.39,0.15,0.34,-0.41,-0.15,0.16,9.8,0.99,1.25,0.0,0.0,6.0,1.0,1017.06,67.54,-17.58
2025-03-24 18:04:19.345000+00:00,41.79194600745283,,,,21.0,-0.688,-0.812,23.0,-106.5,5.75,-13.188,0.023,0.007,0.034,0.0,0.5,9.39,0.15,0.34,-0.41,-0.15,0.16,9.8,0.99,1.25,0.0,0.0,6.0,1.0,1017.06,67.54,-17.58
2025-03-24 18:04:20.226000+00:00,41.79194600745283,,,,21.0,-0.688,-0.812,22.86,-106.5,5.75,-13.188,0.023,0.007,0.034,0.0,0.5,9.39,0.15,0.34,-0.41,-0.15,0.16,9.8,0.99,1.25,0.0,0.0,6.0,1.0,1017.06,67.54,-17.58
2025-03-24 18:04:20.494000+00:00,41.79194600745283,,,,21.0,-0.688,-0.812,23.0,-106.5,5.75,-13.188,0.023,0.007,0.034,0.0,0.5,9.39,0.15,0.34,-0.41,-0.15,0.16,9.8,0.99,1.25,0.0,0.0,6.0,1.0,1017.06,67.54,-17.58
2025-03-24 18:04:21.205000+00:00,41.79194600745283,,,,21.0,-0.688,-0.812,23.0,-106.5,5.75,-13.188,0.023,0.007,0.034,0.0,0.5,9.39,0.15,0.34,-0.41,-0.15,0.16,9.8,0.99,1.25,0.0,0.0,6.0,1.0,1017.06,67.54,-17.58
2025-03-24 18:04:21.612000+00:00,41.79194600745283,,,,21.0,-0.688,-0.812,22.86,-106.5,5.75,-13.188,0.023,0.007,0.034,0.0,0.5,9.39,0.15,0.34,-0.41,-0.15,0.16,9.8,0.99,1.25,0.0,0.0,6.0,1.0,1017.06,67.54,-17.58
2025-03-24 18:04:22.222000+00:00,41.79194600745283,,,,21.0,-0.688,-0.812,23.0,-106.5,5.75,-13.188,0.023,0.007,0.034,0.0,0.5,9.39,0.15,0.34,-0.41,-0.15,0.16,9.8,0.99,1.25,0.0,0.0,6.0,1.0,1017.06,67.54,-17.58
2025-03-24 18:04:22.633000+00:00,41.79194600745283,,,,21.0,-0.688,-0.812,22.86,-106.5,5.75,-13.188,0.023,0.007,0.034,0.0,0.5,9.39,0.15,0.34,-0.41,-0.15,0.16,9.8,0.99,1.25,0.0,0.0,6.0,1.0,1017.06,67.54,-17.58
2025-03-24 18:04:23.231000+00:00,41.79194600745283,,,,21.0,-0.688,-0.812,23.0,-106.5,5.75,-13.188,0.023,0.007,0.034,0.0,0.5,9.39,0.15,0.34,-0.41,-0.15,0.16,9.8,0.99,1.25,0.0,0.0,6.0,1.0,1017.06,67.54,-17.58
2025-03-24 18:04:23.652000+00:00,41.79194600745283,,,,21.0,-0.688,-0.812,22.86,-106.5,5.75,-13.188,0.023,0.007,0.034,0.0,0.5,9.39,0.15,0.34,-0.41,-0.15,0.16,9.8,0.99,1.25,0.0,0.0,6.0,1.0,1017.06,67.54,-17.58
2025-03-24 18:04:24.246000+00:00,41.79194600745283,,,,21.0,-0.688,-0.812,23.0,-106.5,5.75,-13.188,0.023,0.007,0.034,0.0,0.5,9.39,0.15,0.34,-0.41,-0.15,0.16,9.8,0.99,1.25,0.0,0.0,6.0,1.0,1017.06,67.54,-17.58
2025-03-24 18:04:24.692000+00:00,41.79194600745283,,,,21.0,-0.688,-0.812,22.86,-106.5,5.75,-13.188,0.023,0.007,0.034,0.0,0.5,9.39,0.15,0.34,-0.41,-0.15,0.16,9.8,0.99,1.25,0.0,0.0,6.0,1.0,1017.06,67.54,-17.58
2025-03-24 18:04:25.252000+00:00,41.79194600745283,,,,21.0,-0.688,-0.812,23.0,-106.5,5.75,-13.188,0.023,0.007,0.034,0.0,0.5,9.39,0.15,0.34,-0.41,-0.15,0.16,9.8,0.99,1.25,0.0,0.0,6.0,1.0,1017.06,67.54,-17.58
2025-03-24 18:04:25.769000+00:00,41.79194600745283,,,,21.0,-0.688,-0.812,22.86,-106.5,5.75,-13.188,0.023,0.007,0.034,0.0,0.5,9.39,0.15,0.34,-0.41,-0.15,0.16,9.8,0.99,1.25,0.0,0.0,6.0,1.0,1017.06,67.54,-17.58
2025-03-24 18:04:26.293000+00:00,41.79194600745283,,,,21.0,-0.688,-0.812,23.0,-106.5,5.75,-13.188,0.023,0.007,0.034,0.0,0.5,9.39,0.15,0.34,-0.41,-0.15,0.16,9.8,0.99,1.25,0.0,0.0,6.0,1.0,1017.06,67.54,-17.58
2025-03-24 18:04:26.899000+00:00,41.79194600745283,,,,21.0,-0.688,-0.812,22.86,-106.5,5.75,-13.188,0.023,0.007,0.034,0.0,0.5,9.39,0.15,0.34,-0.41,-0.15,0.16,9.8,0.99,1.25,0.0,0.0,6.0,1.0,1017.06,67.54,-17.58
2025-03-24 18:04:27.374000+00:00,41.79194600745283,,,,21.0,-0.688,-0.812,23.0,-106.5,5.75,-13.188,0.023,0.007,0.034,0.0,0.5,9.39,0.15,0.34,-0.41,-0.15,0.16,9.8,0.99,1.25,0.0,0.0,6.0,1.0,1017.06,67.54,-17.58
2025-03-24 18:04:28.163000+00:00,41.79194600745283,,,,21.0,-0.688,-0.812,22.86,-106.5,5.75,-13.188,0.023,0.007,0.034,0.0,0.5,9.39,0.15,0.34,-0.41,-0.15,0.16,9.8,0.99,1.25,0.0,0.0,6.0,1.0,1017.06,67.54,-17.58
2025-03-24 18:04:28.439000+00:00,41.79194600745283,,,,21.0,-0.688,-0.812,23.0,-106.5,5.75,-13.188,0.023,0.007,0.034,0.0,0.5,9.39,0.15,0.34,-0.41,-0.15,0.16,9.8,0.99,1.25,0.0,0.0,6.0,1.0,1017.06,67.54,-17.58
2025-03-24 18:04:29.184000+00:00,41.79194600745283,,,,21.0,-0.688,-0.812,22.86,-106.5,5.75,-13.188,0.023,0.007,0.034,0.0,0.5,9.39,0.15,0.34,-0.41,-0.15,0.16,9.8,0.99,1.25,0.0,0.0,6.0,1.0,1017.06,67.54,-17.58
2025-03-24 18:04:29.444000+00:00,41.79194600745283,,,,21.0,-0.688,-0.812,23.0,-106.5,5.75,-13.188,0.023,0.007,0.034,0.0,0.5,9.39,0.15,0.34,-0.41,-0.15,0.16,9.8,0.99,1.25,0.0,0.0,6.0,1.0,1017.06,67.54,-17.58
2025-03-24 18:04:30.342000+00:00,41.79194600745283,,,,21.0,-0.688,-0.812,22.86,-106.5,5.75,-13.188,0.023,0.007,0.034,0.0,0.5,9.39,0.15,0.34,-0.41,-0.15,0.16,9.8,0.99,1.25,0.0,0.0,6.0,1.0,1017.06,67.54,-17.58
2025-03-24 18:04:30.620000+00:00,41.79194600745283,,,,21.0,-0.688,-0.812,23.0,-106.5,5.75,-13.188,0.023,0.007,0.034,0.0,0.5,9.39,0.15,0.34,-0.41,-0.15,0.16,9.8,0.99,1.25,0.0,0.0,6.0,1.0,1017.06,67.54,-17.58
2025-03-24 18:04:31.309000+00:00,41.79194600745283,,,,21.0,-0.688,-0.812,23.0,-106.5,5.75,-13.188,0.023,0.007,0.034,0.0,0.5,9.39,0.15,0.34,-0.41,-0.15,0.16,9.8,0.99,1.25,0.0,0.0,6.0,1.0,1017.06,67.54,-17.58
2025-03-24 18:04:31.863000+00:00,41.79194600745283,,,,21.0,-0.688,-0.812,22.86,-106.5,5.75,-13.188,0.023,0.007,0.034,0.0,0.5,9.39,0.15,0.34,-0.41,-0.15,0.16,9.8,0.99,1.25,0.0,0.0,6.0,1.0,1017.06,67.54,-17.58
2025-03-24 18:04:32.332000+00:00,41.79194600745283,,,,21.0,-0.688,-0.812,23.0,-106.5,5.75,-13.188,0.023,0.007,0.034,0.0,0.5,9.39,0.15,0.34,-0.41,-0.15,0.16,9.8,0.99,1.25,0.0,0.0,6.0,1.0,1017.06,67.54,-17.58
2025-03-24 18:04:32.779000+00:00,41.79194600745283,,,,21.0,-0.688,-0.812,22.86,-106.5,5.75,-13.188,0.023,0.007,0.034,0.0,0.5,9.39,0.15,0.34,-0.41,-0.15,0.16,9.8,0.99,1.25,0.0,0.0,6.0,1.0,1017.06,67.54,-17.58
2025-03-24 18:04:33.325000+00:00,41.79194600745283,,,,21.0,-0.688,-0.812,23.0,-106.5,5.75,-13.188,0.023,0.007,0.034,0.0,0.5,9.39,0.15,0.34,-0.41,-0.15,0.16,9.8,0.99,1.25,0.0,0.0,6.0,1.0,1017.06,67.54,-17.58
2025-03-24 18:04:33.779000+00:00,41.79194600745283,,,,21.0,-0.688,-0.812,22.86,-106.5,5.75,-13.188,0.023,0.007,0.034,0.0,0.5,9.39,0.15,0.34,-0.41,-0.15,0.16,9.8,0.99,1.25,0.0,0.0,6.0,1.0,1017.06,67.54,-17.58
2025-03-24 18:04:34.338000+00:00,41.79194600745283,,,,21.0,-0.688,-0.812,23.0,-106.5,5.75,-13.188,0.023,0.007,0.034,0.0,0.5,9.39,0.15,0.34,-0.41,-0.15,0.16,9.8,0.99,1.25,0.0,0.0,6.0,1.0,1017.06,67.54,-17.58
2025-03-24 18:04:34.885000+00:00,41.79194600745283,,,,21.0,-0.688,-0.812,22.86,-106.5,5.75,-13.188,0.023,0.007,0.034,0.0,0.5,9.39,0.15,0.34,-0.41,-0.15,0.16,9.8,0.99,1.25,0.0,0.0,6.0,1.0,1017.06,67.54,-17.58
2025-03-24 18:04:35.346000+00:00,41.79194600745283,,,,21.0,-0.688,-0.812,23.0,-106.5,5.75,-13.188,0.023,0.007,0.034,0.0,0.5,9.39,0.15,0.34,-0.41,-0.15,0.16,9.8,0.99,1.25,0.0,0.0,6.0,1.0,1017.06,67.54,-17.58
2025-03-24 18:04:35.959000+00:00,41.79194600745283,,,,21.0,-0.688,-0.812,22.86,-106.5,5.75,-13.188,0.023,0.007,0.034,0.0,0.5,9.39,0.15,0.34,-0.41,-0.15,0.16,9.8,0.99,1.25,0.0,0.0,6.0,1.0,1017.06,67.54,-17.58
2025-03-24 18:04:36.450000+00:00,41.79194600745283,,,,21.0,-0.688,-0.812,23.0,-106.5,5.75,-13.188,0.023,0.007,0.034,0.0,0.5,9.39,0.15,0.34,-0.41,-0.15,0.16,9.8,0.99,1.25,0.0,0.0,6.0,1.0,1017.06,67.54,-17.58
2025-03-24 18:04:37.183000+00:00,41.79194600745283,,,,21.0,-0.688,-0.812,22.86,-106.5,5.75,-13.188,0.023,0.007,0.034,0.0,0.5,9.39,0.15,0.34,-0.41,-0.15,0.16,9.8,0.99,1.25,0.0,0.0,6.0,1.0,1017.06,67.54,-17.58
2025-03-24 18:04:37.433000+00:00,41.79194600745283,,,,21.0,-0.688,-0.812,23.0,-106.5,5.75,-13.188,0.023,0.007,0.034,0.0,0.5,9.39,0.15,0.34,-0.41,-0.15,0.16,9.8,0.99,1.25,0.0,0.0,6.0,1.0,1017.06,67.54,-17.58
2025-03-24 18:04:38.142000+00:00,41.79194600745283,,,,21.0,-0.688,-0.812,22.86,-106.5,5.75,-13.188,0.023,0.007,0.034,0.0,0.5,9.39,0.15,0.34,-0.41,-0.15,0.16,9.8,0.99,1.25,0.0,0.0,6.0,1.0,1017.06,67.54,-17.58
2025-03-24 18:04:38.412000+00:00,41.79194600745283,,,,21.0,-0.688,-0.812,23.0,-106.5,5.75,-13.188,0.023,0.007,0.034,0.0,0.5,9.39,0.15,0.34,-0.41,-0.15,0.16,9.8,0.99,1.25,0.0,0.0,6.0,1.0,1017.06,67.54,-17.58
2025-03-24 18:04:39.396000+00:00,41.79194600745283,,,,21.0,-0.688,-0.812,23.0,-106.5,5.75,-13.188,0.023,0.007,0.034,0.0,0.5,9.39,0.15,0.34,-0.41,-0.15,0.16,9.8,0.99,1.25,0.0,0.0,6.0,1.0,1017.06,67.54,-17.58
2025-03-24 18:04:39.922000+00:00,41.79194600745283,,,,21.0,-0.688,-0.812,22.86,-106.5,5.75,-13.188,0.023,0.007,0.034,0.0,0.5,9.39,0.15,0.34,-0.41,-0.15,0.16,9.8,0.99,1.25,0.0,0.0,6.0,1.0,1017.06,67.54,-17.58
2025-03-24 18:04:40.399000+00:00,41.79194600745283,,,,21.0,-0.688,-0.812,23.0,-106.5,5.75,-13.188,0.023,0.007,0.034,0.0,0.5,9.39,0.15,0.34,-0.41,-0.15,0.16,9.8,0.99,1.25,0.0,0.0,6.0,1.0,1017.06,67.54,-17.58
2025-03-24 18:04:40.829000+00:00,41.79194600745283,,,,21.0,-0.688,-0.812,22.84,-106.5,5.75,-13.188,0.023,0.007,0.034,0.0,0.5,9.39,0.15,0.34,-0.41,-0.15,0.16,9.8,0.99,1.25,0.0,0.0,6.0,1.0,1017.06,67.54,-17.58
2025-03-24 18:04:41.404000+00:00,41.79194600745283,,,,21.0,-0.688,-0.812,23.0,-106.5,5.75,-13.188,0.023,0.007,0.034,0.0,0.5,9.39,0.15,0.34,-0.41,-0.15,0.16,9.8,0.99,1.25,0.0,0.0,6.0,1.0,1017.06,67.54,-17.58
2025-03-24 18:04:41.888000+00:00,41.79194600745283,,,,21.0,-0.688,-0.812,22.84,-106.5,5.75,-13.188,0.023,0.007,0.034,0.0,0.5,9.39,0.15,0.34,-0.41,-0.15,0.16,9.8,0.99,1.25,0.0,0.0,6.0,1.0,1017.06,67.54,-17.58
2025-03-24 18:04:42.462000+00:00,41.79194600745283,,,,21.0,-0.688,-0.812,23.0,-106.5,5.75,-13.188,0.023,0.007,0.034,0.0,0.5,9.39,0.15,0.34,-0.41,-0.15,0.16,9.8,0.99,1.25,0.0,0.0,6.0,1.0,1017.06,67.54,-17.58
2025-03-24 18:04:43.172000+00:00,41.79194600745283,,,,21.0,-0.688,-0.812,22.84,-106.5,5.75,-13.188,0.023,0.007,0.034,0.0,0.5,9.39,0.15,0.34,-0.41,-0.15,0.16,9.8,0.99,1.25,0.0,0.0,6.0,1.0,1017.06,67.54,-17.58
2025-03-24 18:04:43.432000+00:00,41.79194600745283,,,,21.0,-0.688,-0.812,23.0,-106.5,5.75,-13.188,0.023,0.007,0.034,0.0,0.5,9.39,0.15,0.34,-0.41,-0.15,0.16,9.8,0.99,1.25,0.0,0.0,6.0,1.0,1017.06,67.54,-17.58
2025-03-24 18:04:44.192000+00:00,41.79194600745283,,,,21.0,-0.688,-0.812,22.84,-106.5,5.75,-13.188,0.023,0.007,0.034,0.0,0.5,9.39,0.15,0.34,-0.41,-0.15,0.16,9.8,0.99,1.25,0.0,0.0,6.0,1.0,1017.06,67.54,-17.58
2025-03-24 18:04:44.476000+00:00,41.79194600745283,,,,21.0,-0.688,-0.812,23.0,-106.5,5.75,-13.188,0.023,0.007,0.034,0.0,0.5,9.39,0.15,0.34,-0.41,-0.15,0.16,9.8,0.99,1.25,0.0,0.0,6.0,1.0,1017.06,67.54,-17.58
2025-03-24 18:04:45.328000+00:00,41.79194600745283,,,,21.0,-0.688,-0.812,22.84,-106.5,5.75,-13.188,0.023,0.007,0.034,0.0,0.5,9.39,0.15,0.34,-0.41,-0.15,0.16,9.8,0.99,1.25,0.0,0.0,6.0,1.0,1017.06,67.54,-17.58
2025-03-24 18:04:45.652000+00:00,41.79194600745283,,,,21.0,-0.688,-0.812,23.0,-106.5,5.75,-13.188,0.023,0.007,0.034,0.0,0.5,9.39,0.15,0.34,-0.41,-0.15,0.16,9.8,0.99,1.25,0.0,0.0,6.0,1.0,1017.06,67.54,-17.58
2025-03-24 18:04:46.482000+00:00,41.79194600745283,,,,21.0,-0.688,-0.812,22.84,-106.5,5.75,-13.188,0.023,0.007,0.034,0.0,0.5,9.39,0.15,0.34,-0.41,-0.15,0.16,9.8,0.99,1.25,0.0,0.0,6.0,1.0,1017.06,67.54,-17.58
2025-03-24 18:04:46.739000+00:00,41.79194600745283,,,,21.0,-0.688,-0.812,23.0,-106.5,5.75,-13.188,0.023,0.007,0.034,0.0,0.5,9.39,0.15,0.34,-0.41,-0.15,0.16,9.8,0.99,1.25,0.0,0.0,6.0,1.0,1017.06,67.54,-17.58
2025-03-24 18:04:47.468000+00:00,41.79194600745283,,,,21.0,-0.688,-0.812,23.0,-106.5,5.75,-13.188,0.023,0.007,0.034,0.0,0.5,9.39,0.15,0.34,-0.41,-0.15,0.16,9.8,0.99,1.25,0.0,0.0,6.0,1.0,1017.06,67.54,-17.58
2025-03-24 18:04:47.901000+00:00,41.79194600745283,,,,21.0,-0.688,-0.812,22.84,-106.5,5.75,-13.188,0.023,0.007,0.034,0.0,0.5,9.39,0.15,0.34,-0.41,-0.15,0.16,9.8,0.99,1.25,0.0,0.0,6.0,1.0,1017.06,67.54,-17.58
2025-03-24 18:04:48.471000+00:00,41.79194600745283,,,,21.0,-0.688,-0.812,23.0,-106.5,5.75,-13.188,0.023,0.007,0.034,0.0,0.5,9.39,0.15,0.34,-0.41,-0.15,0.16,9.8,0.99,1.25,0.0,0.0,6.0,1.0,1017.06,67.54,-17.58
2025-03-24 18:04:48.938000+00:00,41.79194600745283,,,,21.0,-0.688,-0.812,22.84,-106.5,5.75,-13.188,0.023,0.007,0.034,0.0,0.5,9.39,0.15,0.34,-0.41,-0.15,0.16,9.8,0.99,1.25,0.0,0.0,6.0,1.0,1017.06,67.54,-17.58
2025-03-24 18:04:49.489000+00:00,41.79194600745283,,,,21.0,-0.688,-0.812,23.0,-106.5,5.75,-13.188,0.023,0.007,0.034,0.0,0.5,9.39,0.15,0.34,-0.41,-0.15,0.16,9.8,0.99,1.25,0.0,0.0,6.0,1.0,1017.06,67.54,-17.58
2025-03-24 18:04:49.942000+00:00,41.79194600745283,,,,21.0,-0.688,-0.812,22.84,-106.5,5.75,-13.188,0.023,0.007,0.034,0.0,0.5,9.39,0.15,0.34,-0.41,-0.15,0.16,9.8,0.99,1.25,0.0,0.0,6.0,1.0,1017.06,67.54,-17.58
2025-03-24 18:04:50.512000+00:00,41.79194600745283,,,,21.0,-0.688,-0.812,23.0,-106.5,5.75,-13.188,0.023,0.007,0.034,0.0,0.5,9.39,0.15,0.34,-0.41,-0.15,0.16,9.8,0.99,1.25,0.0,0.0,6.0,1.0,1017.06,67.54,-17.58
2025-03-24 18:04:50.971000+00:00,41.79194600745283,,,,21.0,-0.688,-0.812,22.84,-106.5,5.75,-13.188,0.023,0.007,0.034,0.0,0.5,9.39,0.15,0.34,-0.41,-0.15,0.16,9.8,0.99,1.25,0.0,0.0,6.0,1.0,1017.06,67.54,-17.58
2025-03-24 18:04:51.508000+00:00,41.79194600745283,,,,21.0,-0.688,-0.812,23.0,-106.5,5.75,-13.188,0.023,0.007,0.034,0.0,0.5,9.39,0.15,0.34,-0.41,-0.15,0.16,9.8,0.99,1.25,0.0,0.0,6.0,1.0,1017.06,67.54,-17.58
2025-03-24 18:04:52.268000+00:00,41.79194600745283,,,,21.0,-0.688,-0.812,22.84,-106.5,5.75,-13.188,0.023,0.007,0.034,0.0,0.5,9.39,0.15,0.34,-0.41,-0.15,0.16,9.8,0.99,1.25,0.0,0.0,6.0,1.0,1017.06,67.54,-17.58
2025-03-24 18:04:52.552000+00:00,41.79194600745283,,,,21.0,-0.688,-0.812,23.0,-106.5,5.75,-13.188,0.023,0.007,0.034,0.0,0.5,9.39,0.15,0.34,-0.41,-0.15,0.16,9.8,0.99,1.25,0.0,0.0,6.0,1.0,1017.06,67.54,-17.58
2025-03-24 18:04:53.203000+00:00,41.79194600745283,,,,21.0,-0.688,-0.812,22.84,-106.5,5.75,-13.188,0.023,0.007,0.034,0.0,0.5,9.39,0.15,0.34,-0.41,-0.15,0.16,9.8,0.99,1.25,0.0,0.0,6.0,1.0,1017.06,67.54,-17.58
2025-03-24 18:04:53.525000+00:00,41.79194600745283,,,,21.0,-0.688,-0.812,23.0,-106.5,5.75,-13.188,0.023,0.007,0.034,0.0,0.5,9.39,0.15,0.34,-0.41,-0.15,0.16,9.8,0.99,1.25,0.0,0.0,6.0,1.0,1017.06,67.54,-17.58
2025-03-24 18:04:54.201000+00:00,41.79194600745283,,,,21.0,-0.688,-0.812,22.84,-106.5,5.75,-13.188,0.023,0.007,0.034,0.0,0.5,9.39,0.15,0.34,-0.41,-0.15,0.16,9.8,0.99,1.25,0.0,0.0,6.0,1.0,1017.06,67.54,-17.58
2025-03-24 18:04:54.538000+00:00,41.79194600745283,,,,21.0,-0.688,-0.812,23.0,-106.5,5.75,-13.188,0.023,0.007,0.034,0.0,0.5,9.39,0.15,0.34,-0.41,-0.15,0.16,9.8,0.99,1.25,0.0,0.0,6.0,1.0,1017.06,67.54,-17.58
2025-03-24 18:04:55.257000+00:00,41.79194600745283,,,,21.0,-0.688,-0.812,22.84,-106.5,5.75,-13.188,0.023,0.007,0.034,0.0,0.5,9.39,0.15,0.34,-0.41,-0.15,0.16,9.8,0.99,1.25,0.0,0.0,6.0,1.0,1017.06,67.54,-17.58
2025-03-24 18:04:55.542000+00:00,41.79194600745283,,,,21.0,-0.688,-0.812,23.0,-106.5,5.75,-13.188,0.023,0.007,0.034,0.0,0.5,9.39,0.15,0.34,-0.41,-0.15,0.16,9.8,0.99,1.25,0.0,0.0,6.0,1.0,1017.06,67.54,-17.58
2025-03-24 18:04:56.291000+00:00,41.79194600745283,,,,21.0,-0.688,-0.812,22.84,-106.5,5.75,-13.188,0.023,0.007,0.034,0.0,0.5,9.39,0.15,0.34,-0.41,-0.15,0.16,9.8,0.99,1.25,0.0,0.0,6.0,1.0,1017.06,67.54,-17.58
2025-03-24 18:04:56.564000+00:00,41.79194600745283,,,,21.0,-0.688,-0.812,23.0,-106.5,5.75,-13.188,0.023,0.007,0.034,0.0,0.5,9.39,0.15,0.34,-0.41,-0.15,0.16,9.8,0.99,1.25,0.0,0.0,6.0,1.0,1017.06,67.54,-17.58
2025-03-24 18:04:57.458000+00:00,41.79194600745283,,,,21.0,-0.688,-0.812,22.84,-106.5,5.75,-13.188,0.023,0.007,0.034,0.0,0.5,9.39,0.15,0.34,-0.41,-0.15,0.16,9.8,0.99,1.25,0.0,0.0,6.0,1.0,1017.06,67.54,-17.58
2025-03-24 18:04:57.721000+00:00,41.79194600745283,,,,21.0,-0.688,-0.812,23.0,-106.5,5.75,-13.188,0.023,0.007,0.034,0.0,0.5,9.39,0.15,0.34,-0.41,-0.15,0.16,9.8,0.99,1.25,0.0,0.0,6.0,1.0,1017.06,67.54,-17.58
2025-03-24 18:04:58.597000+00:00,41.79194600745283,,,,21.0,-0.688,-0.812,22.84,-106.5,5.75,-13.188,0.023,0.007,0.034,0.0,0.5,9.39,0.15,0.34,-0.41,-0.15,0.16,9.8,0.99,1.25,0.0,0.0,6.0,1.0,1017.06,67.54,-17.58
2025-03-24 18:04:58.888000+00:00,41.79194600745283,,,,21.0,-0.688,-0.812,23.0,-106.5,5.75,-13.188,0.023,0.007,0.034,0.0,0.5,9.39,0.15,0.34,-0.41,-0.15,0.16,9.8,0.99,1.25,0.0,0.0,6.0,1.0,1017.06,67.54,-17.58
2025-03-24 18:04:59.581000+00:00,41.79194600745283,,,,21.0,-0.688,-0.812,23.0,-106.5,5.75,-13.188,0.023,0.007,0.034,0.0,0.5,9.39,0.15,0.34,-0.41,-0.15,0.16,9.8,0.99,1.25,0.0,0.0,6.0,1.0,1017.06,67.54,-17.58
2025-03-24 18:05:00+00:00,41.79194600745283,,,,21.0,-0.688,-0.812,22.84,-106.5,5.75,-13.188,0.023,0.007,0.034,0.0,0.5,9.39,0.15,0.34,-0.41,-0.15,0.16,9.8,0.99,1.25,0.0,0.0,6.0,1.0,1017.06,67.54,-17.58
2025-03-24 18:05:00.592000+00:00,41.79194600745283,,,,21.0,-0.688,-0.812,23.0,-106.5,5.75,-13.188,0.023,0.007,0.034,0.0,0.5,9.39,0.15,0.34,-0.41,-0.15,0.16,9.8,0.99,1.25,0.0,0.0,6.0,1.0,1017.06,67.54,-17.58
2025-03-24 18:05:01.061000+00:00,41.79194600745283,,,,21.0,-0.688,-0.812,22.84,-106.5,5.75,-13.188,0.023,0.007,0.034,0.0,0.5,9.39,0.15,0.34,-0.41,-0.15,0.16,9.8,0.99,1.25,0.0,0.0,6.0,1.0,1017.06,67.54,-17.58
2025-03-24 18:05:01.601000+00:00,41.79194600745283,,,,21.0,-0.688,-0.812,23.0,-106.5,5.75,-13.188,0.023,0.007,0.034,0.0,0.5,9.39,0.15,0.34,-0.41,-0.15,0.16,9.8,0.99,1.25,0.0,0.0,6.0,1.0,1017.06,67.54,-17.58
2025-03-24 18:05:02.060000+00:00,41.79194600745283,,,,21.0,-0.688,-0.812,22.84,-106.5,5.75,-13.188,0.023,0.007,0.034,0.0,0.5,9.39,0.15,0.34,-0.41,-0.15,0.16,9.8,0.99,1.25,0.0,0.0,6.0,1.0,1017.06,67.54,-17.58
2025-03-24 18:05:02.660000+00:00,41.79194600745283,,,,21.0,-0.688,-0.812,23.0,-106.5,5.75,-13.188,0.023,0.007,0.034,0.0,0.5,9.39,0.15,0.34,-0.41,-0.15,0.16,9.8,0.99,1.25,0.0,0.0,6.0,1.0,1017.06,67.54,-17.58
2025-03-24 18:05:03.266000+00:00,41.79194600745283,,,,21.0,-0.688,-0.812,22.84,-106.5,5.75,-13.188,0.023,0.007,0.034,0.0,0.5,9.39,0.15,0.34,-0.41,-0.15,0.16,9.8,0.99,1.25,0.0,0.0,6.0,1.0,1017.06,67.54,-17.58
2025-03-24 18:05:03.620000+00:00,41.79194600745283,,,,21.0,-0.688,-0.812,23.0,-106.5,5.75,-13.188,0.023,0.007,0.034,0.0,0.5,9.39,0.15,0.34,-0.41,-0.15,0.16,9.8,0.99,1.25,0.0,0.0,6.0,1.0,1017.06,67.54,-17.58
2025-03-24 18:05:04.037000+00:00,41.79194600745283,,,,21.0,-0.688,-0.812,22.84,-106.5,5.75,-13.188,0.023,0.007,0.034,0.0,0.5,9.39,0.15,0.34,-0.41,-0.15,0.16,9.8,0.99,1.25,0.0,0.0,6.0,1.0,1017.06,67.54,-17.58
2025-03-24 18:05:04.637000+00:00,41.79194600745283,,,,21.0,-0.688,-0.812,23.0,-106.5,5.75,-13.188,0.023,0.007,0.034,0.0,0.5,9.39,0.15,0.34,-0.41,-0.15,0.16,9.8,0.99,1.25,0.0,0.0,6.0,1.0,1017.06,67.54,-17.58
2025-03-24 18:05:05.277000+00:00,41.79194600745283,,,,21.0,-0.688,-0.812,22.84,-106.5,5.75,-13.188,0.023,0.007,0.034,0.0,0.5,9.39,0.15,0.34,-0.41,-0.15,0.16,9.8,0.99,1.25,0.0,0.0,6.0,1.0,1017.06,67.54,-17.58
2025-03-24 18:05:05.640000+00:00,41.79194600745283,,,,21.0,-0.688,-0.812,23.0,-106.5,5.75,-13.188,0.023,0.007,0.034,0.0,0.5,9.39,0.15,0.34,-0.41,-0.15,0.16,9.8,0.99,1.25,0.0,0.0,6.0,1.0,1017.06,67.54,-17.58
2025-03-24 18:05:06.320000+00:00,41.79194600745283,,,,21.0,-0.688,-0.812,22.84,-106.5,5.75,-13.188,0.023,0.007,0.034,0.0,0.5,9.39,0.15,0.34,-0.41,-0.15,0.16,9.8,0.99,1.25,0.0,0.0,6.0,1.0,1017.06,67.54,-17.58
2025-03-24 18:05:06.680000+00:00,41.79194600745283,,,,21.0,-0.688,-0.812,23.0,-106.5,5.75,-13.188,0.023,0.007,0.034,0.0,0.5,9.39,0.15,0.34,-0.41,-0.15,0.16,9.8,0.99,1.25,0.0,0.0,6.0,1.0,1017.06,67.54,-17.58
2025-03-24 18:05:07.333000+00:00,41.79194600745283,,,,21.0,-0.688,-0.812,22.84,-106.5,5.75,-13.188,0.023,0.007,0.034,0.0,0.5,9.39,0.15,0.34,-0.41,-0.15,0.16,9.8,0.99,1.25,0.0,0.0,6.0,1.0,1017.06,67.54,-17.58
2025-03-24 18:05:07.667000+00:00,41.79194600745283,,,,21.0,-0.688,-0.812,23.0,-106.5,5.75,-13.188,0.023,0.007,0.034,0.0,0.5,9.39,0.15,0.34,-0.41,-0.15,0.16,9.8,0.99,1.25,0.0,0.0,6.0,1.0,1017.06,67.54,-17.58
2025-03-24 18:05:08.351000+00:00,41.79194600745283,,,,21.0,-0.688,-0.812,22.84,-106.5,5.75,-13.188,0.023,0.007,0.034,0.0,0.5,9.39,0.15,0.34,-0.41,-0.15,0.16,9.8,0.99,1.25,0.0,0.0,6.0,1.0,1017.06,67.54,-17.58
2025-03-24 18:05:08.676000+00:00,41.79194600745283,,,,21.0,-0.688,-0.812,23.0,-106.5,5.75,-13.188,0.023,0.007,0.034,0.0,0.5,9.39,0.15,0.34,-0.41,-0.15,0.16,9.8,0.99,1.25,0.0,0.0,6.0,1.0,1017.06,67.54,-17.58
2025-03-24 18:05:09.694000+00:00,41.79194600745283,,,,21.0,-0.688,-0.812,23.0,-106.5,5.75,-13.188,0.023,0.007,0.034,0.0,0.5,9.39,0.15,0.34,-0.41,-0.15,0.16,9.8,0.99,1.25,0.0,0.0,6.0,1.0,1017.06,67.54,-17.58
2025-03-24 18:05:10.136000+00:00,41.79194600745283,,,,21.0,-0.688,-0.812,22.84,-106.5,5.75,-13.188,0.023,0.007,0.034,0.0,0.5,9.39,0.15,0.34,-0.41,-0.15,0.16,9.8,0.99,1.25,0.0,0.0,6.0,1.0,1017.06,67.54,-17.58
2025-03-24 18:05:10.698000+00:00,41.79194600745283,,,,21.0,-0.688,-0.812,23.0,-106.5,5.75,-13.188,0.023,0.007,0.034,0.0,0.5,9.39,0.15,0.34,-0.41,-0.15,0.16,9.8,0.99,1.25,0.0,0.0,6.0,1.0,1017.06,67.54,-17.58
2025-03-24 18:05:11.136000+00:00,41.79194600745283,,,,21.0,-0.688,-0.812,22.82,-106.5,5.75,-13.188,0.023,0.007,0.034,0.0,0.5,9.39,0.15,0.34,-0.41,-0.15,0.16,9.8,0.99,1.25,0.0,0.0,6.0,1.0,1017.06,67.54,-17.58
2025-03-24 18:05:11.709000+00:00,41.79194600745283,,,,21.0,-0.688,-0.812,23.0,-106.5,5.75,-13.188,0.023,0.007,0.034,0.0,0.5,9.39,0.15,0.34,-0.41,-0.15,0.16,9.8,0.99,1.25,0.0,0.0,6.0,1.0,1017.06,67.54,-17.58
2025-03-24 18:05:12.130000+00:00,41.79194600745283,,,,21.0,-0.688,-0.812,22.82,-106.5,5.75,-13.188,0.023,0.007,0.034,0.0,0.5,9.39,0.15,0.34,-0.41,-0.15,0.16,9.8,0.99,1.25,0.0,0.0,6.0,1.0,1017.06,67.54,-17.58
2025-03-24 18:05:12.710000+00:00,41.79194600745283,,,,21.0,-0.688,-0.812,23.0,-106.5,5.75,-13.188,0.023,0.007,0.034,0.0,0.5,9.39,0.15,0.34,-0.41,-0.15,0.16,9.8,0.99,1.25,0.0,0.0,6.0,1.0,1017.06,67.54,-17.58
2025-03-24 18:05:13.140000+00:00,41.79194600745283,,,,21.0,-0.688,-0.812,22.82,-106.5,5.75,-13.188,0.023,0.007,0.034,0.0,0.5,9.39,0.15,0.34,-0.41,-0.15,0.16,9.8,0.99,1.25,0.0,0.0,6.0,1.0,1017.06,67.54,-17.58
2025-03-24 18:05:13.731000+00:00,41.79194600745283,,,,21.0,-0.688,-0.812,23.0,-106.5,5.75,-13.188,0.023,0.007,0.034,0.0,0.5,9.39,0.15,0.34,-0.41,-0.15,0.16,9.8,0.99,1.25,0.0,0.0,6.0,1.0,1017.06,67.54,-17.58
2025-03-24 18:05:14.374000+00:00,41.79194600745283,,,,21.0,-0.688,-0.812,22.82,-106.5,5.75,-13.188,0.023,0.007,0.034,0.0,0.5,9.39,0.15,0.34,-0.41,-0.15,0.16,9.8,0.99,1.25,0.0,0.0,6.0,1.0,1017.06,67.54,-17.58
2025-03-24 18:05:14.731000+00:00,41.79194600745283,,,,21.0,-0.688,-0.812,23.0,-106.5,5.75,-13.188,0.023,0.007,0.034,0.0,0.5,9.39,0.15,0.34,-0.41,-0.15,0.16,9.8,0.99,1.25,0.0,0.0,6.0,1.0,1017.06,67.54,-17.58
2025-03-24 18:05:15.156000+00:00,41.79194600745283,,,,21.0,-0.688,-0.812,22.82,-106.5,5.75,-13.188,0.023,0.007,0.034,0.0,0.5,9.39,0.15,0.34,-0.41,-0.15,0.16,9.8,0.99,1.25,0.0,0.0,6.0,1.0,1017.06,67.54,-17.58
2025-03-24 18:05:15.745000+00:00,41.79194600745283,,,,21.0,-0.688,-0.812,23.0,-106.5,5.75,-13.188,0.023,0.007,0.034,0.0,0.5,9.39,0.15,0.34,-0.41,-0.15,0.16,9.8,0.99,1.25,0.0,0.0,6.0,1.0,1017.06,67.54,-17.58
2025-03-24 18:05:16.308000+00:00,41.79194600745283,,,,21.0,-0.688,-0.812,22.82,-106.5,5.75,-13.188,0.023,0.007,0.034,0.0,0.5,9.39,0.15,0.34,-0.41,-0.15,0.16,9.8,0.99,1.25,0.0,0.0,6.0,1.0,1017.06,67.54,-17.58
2025-03-24 18:04:17.569000+00:00,41.79194600745283,,,,21.0,-0.688,-0.812,22.82,-106.5,5.75,-13.188,0.023,0.007,0.034,0.0,0.5,9.39,0.15,0.34,-0.41,-0.15,0.16,9.8,0.99,1.25,0.0,0.0,6.0,1.0,1017.06,67.54,-17.58
2025-03-24 18:04:18.439000+00:00,41.79194600745283,,,,21.0,-0.688,-0.812,22.82,-67.25,-1.5,-36.25,0.023,0.007,0.034,0.0,0.5,9.39,0.15,0.34,-0.41,-0.15,0.16,9.8,0.99,1.25,0.0,0.0,6.0,1.0,1017.06,67.54,-17.58
2025-03-24 18:04:19.393000+00:00,41.79194600745283,,,,21.0,-0.688,-0.812,22.82,-70.688,-8.188,-29.75,0.023,0.007,0.034,0.0,0.5,9.39,0.15,0.34,-0.41,-0.15,0.16,9.8,0.99,1.25,0.0,0.0,6.0,1.0,1017.06,67.54,-17.58
2025-03-24 18:04:20.543000+00:00,41.79194600745283,,,,21.0,-0.688,-0.812,22.82,-122.875,4.5,0.375,0.023,0.007,0.034,0.0,0.5,9.39,0.15,0.34,-0.41,-0.15,0.16,9.8,0.99,1.25,0.0,0.0,6.0,1.0,1017.06,67.54,-17.58
2025-03-24 18:04:21.253000+00:00,41.79194600745283,,,,21.0,-0.688,-0.812,22.82,-70.875,1.562,-38.375,0.023,0.007,0.034,0.0,0.5,9.39,0.15,0.34,-0.41,-0.15,0.16,9.8,0.99,1.25,0.0,0.0,6.0,1.0,1017.06,67.54,-17.58
2025-03-24 18:04:22.277000+00:00,41.79194600745283,,,,21.0,-0.688,-0.812,22.82,-67.5,-9.75,-29.375,0.023,0.007,0.034,0.0,0.5,9.39,0.15,0.34,-0.41,-0.15,0.16,9.8,0.99,1.25,0.0,0.0,6.0,1.0,1017.06,67.54,-17.58
2025-03-24 18:04:23.285000+00:00,41.79194600745283,,,,21.0,-0.688,-0.812,22.82,-121.75,5.5,-1.5,0.023,0.007,0.034,0.0,0.5,9.39,0.15,0.34,-0.41,-0.15,0.16,9.8,0.99,1.25,0.0,0.0,6.0,1.0,1017.06,67.54,-17.58
2025-03-24 18:04:24.308000+00:00,41.79194600745283,,,,21.0,-0.688,-0.812,22.82,-69.562,-0.562,-39.062,0.023,0.007,0.034,0.0,0.5,9.39,0.15,0.34,-0.41,-0.15,0.16,9.8,0.99,1.25,0.0,0.0,6.0,1.0,1017.06,67.54,-17.58
2025-03-24 18:04:25.303000+00:00,41.79194600745283,,,,21.0,-0.688,-0.812,22.82,-71.062,-8.188,-30.062,0.023,0.007,0.034,0.0,0.5,9.39,0.15,0.34,-0.41,-0.15,0.16,9.8,0.99,1.25,0.0,0.0,6.0,1.0,1017.06,67.54,-17.58
2025-03-24 18:04:26.343000+00:00,41.79194600745283,,,,21.0,-0.688,-0.812,22.82,-125.875,0.0,0.75,0.023,0.007,0.034,0.0,0.5,9.39,0.15,0.34,-0.41,-0.15,0.16,9.8,0.99,1.25,0.0,0.0,6.0,1.0,1017.06,67.54,-17.58
2025-03-24 18:04:27.423000+00:00,41.79194600745283,,,,21.0,-0.688,-0.812,22.82,-62.562,-1.75,-38.875,0.023,0.007,0.034,0.0,0.5,9.39,0.15,0.34,-0.41,-0.15,0.16,9.8,0.99,1.25,0.0,0.0,6.0,1.0,1017.06,67.54,-17.58
2025-03-24 18:04:28.499000+00:00,41.79194600745283,,,,21.0,-0.688,-0.812,22.82,-96.375,5.25,-26.688,0.023,0.007,0.034,0.0,0.5,9.39,0.15,0.34,-0.41,-0.15,0.16,9.8,0.99,1.25,0.0,0.0,6.0,1.0,1017.06,67.54,-17.58
2025-03-24 18:04:29.499000+00:00,41.79194600745283,,,,21.0,-0.688,-0.812,22.82,-84.5,6.5,-36.5,0.023,0.007,0.034,0.0,0.5,9.39,0.15,0.34,-0.41,-0.15,0.16,9.8,0.99,1.25,0.0,0.0,6.0,1.0,1017.06,67.54,-17.58
2025-03-24 18:04:30.679000+00:00,41.79194600745283,,,,21.0,-0.688,-0.812,22.82,-70.062,-5.875,-32.5,0.023,0.007,0.034,0.0,0.5,9.39,0.15,0.34,-0.41,-0.15,0.16,9.8,0.99,1.25,0.0,0.0,6.0,1.0,1017.06,67.54,-17.58
2025-03-24 18:04:31.369000+00:00,41.79194600745283,,,,21.0,-0.688,-0.812,22.82,-128.0,0.688,-3.188,0.023,0.007,0.034,0.0,0.5,9.39,0.15,0.34,-0.41,-0.15,0.16,9.8,0.99,1.25,0.0,0.0,6.0,1.0,1017.06,67.54,-17.58
2025-03-24 18:04:32.383000+00:00,41.79194600745283,,,,21.0,-0.688,-0.812,22.82,-60.75,-2.188,-38.562,0.023,0.007,0.034,0.0,0.5,9.39,0.15,0.34,-0.41,-0.15,0.16,9.8,0.99,1.25,0.0,0.0,6.0,1.0,1017.06,67.54,-17.58
2025-03-24 18:04:33.372000+00:00,41.79194600745283,,,,21.0,-0.688,-0.812,22.82,-102.25,7.375,-24.688,0.023,0.007,0.034,0.0,0.5,9.39,0.15,0.34,-0.41,-0.15,0.16,9.8,0.99,1.25,0.0,0.0,6.0,1.0,1017.06,67.54,-17.58
2025-03-24 18:04:34.388000+00:00,41.79194600745283,,,,21.0,-0.688,-0.812,22.82,-85.875,6.875,-36.688,0.023,0.007,0.034,0.0,0.5,9.39,0.15,0.34,-0.41,-0.15,0.16,9.8,0.99,1.25,0.0,0.0,6.0,1.0,1017.06,67.54,-17.58
2025-03-24 18:04:35.392000+00:00,41.79194600745283,,,,21.0,-0.688,-0.812,22.82,-72.375,-2.562,-33.75,0.023,0.007,0.034,0.0,0.5,9.39,0.15,0.34,-0.41,-0.15,0.16,9.8,0.99,1.25,0.0,0.0,6.0,1.0,1017.06,67.54,-17.58
2025-03-24 18:04:36.509000+00:00,41.79194600745283,,,,21.0,-0.688,-0.812,22.82,-124.0,11.5,-4.562,0.023,0.007,0.034,0.0,0.5,9.39,0.15,0.34,-0.41,-0.15,0.16,9.8,0.99,1.25,0.0,0.0,6.0,1.0,1017.06,67.54,-17.58
2025-03-24 18:04:37.489000+00:00,41.79194600745283,,,,21.0,-0.688,-0.812,22.82,-71.688,5.375,-40.25,0.023,0.007,0.034,0.0,0.5,9.39,0.15,0.34,-0.41,-0.15,0.16,9.8,0.99,1.25,0.0,0.0,6.0,1.0,1017.06,67.54,-17.58
2025-03-24 18:04:38.463000+00:00,41.79194600745283,,,,21.0,-0.688,-0.812,22.82,-76.0,-3.062,-32.25,0.023,0.007,0.034,0.0,0.5,9.39,0.15,0.34,-0.41,-0.15,0.16,9.8,0.99,1.25,0.0,0.0,6.0,1.0,1017.06,67.54,-17.58
2025-03-24 18:04:39.442000+00:00,41.79194600745283,,,,21.0,-0.688,-0.812,22.82,-130.75,2.688,-3.0,0.023,0.007,0.034,0.0,0.5,9.39,0.15,0.34,-0.41,-0.15,0.16,9.8,0.99,1.25,0.0,0.0,6.0,1.0,1017.06,67.54,-17.58
2025-03-24 18:04:40.452000+00:00,41.79194600745283,,,,21.0,-0.688,-0.812,22.82,-70.688,-2.688,-28.0,0.023,0.007,0.034,0.0,0.5,9.39,0.15,0.34,-0.41,-0.15,0.16,9.8,0.99,1.25,0.0,0.0,6.0,1.0,1017.06,67.54,-17.58
2025-03-24 18:04:41.458000+00:00,41.79194600745283,,,,21.0,-0.688,-0.812,22.82,-80.875,-6.25,-19.562,0.023,0.007,0.034,0.0,0.5,9.39,0.15,0.34,-0.41,-0.15,0.16,9.8,0.99,1.25,0.0,0.0,6.0,1.0,1017.06,67.54,-17.58
2025-03-24 18:04:42.512000+00:00,41.79194600745283,,,,21.0,-0.688,-0.812,22.82,-131.0,-3.375,9.375,0.023,0.007,0.034,0.0,0.5,9.39,0.15,0.34,-0.41,-0.15,0.16,9.8,0.99,1.25,0.0,0.0,6.0,1.0,1017.06,67.54,-17.58
2025-03-24 18:04:43.485000+00:00,41.79194600745283,,,,21.0,-0.688,-0.812,22.82,-68.062,-3.25,-28.062,0.023,0.007,0.034,0.0,0.5,9.39,0.15,0.34,-0.41,-0.15,0.16,9.8,0.99,1.25,0.0,0.0,6.0,1.0,1017.06,67.54,-17.58
2025-03-24 18:04:44.528000+00:00,41.79194600745283,,,,21.0,-0.688,-0.812,22.82,-82.562,-6.5,-22.188,0.023,0.007,0.034,0.0,0.5,9.39,0.15,0.34,-0.41,-0.15,0.16,9.8,0.99,1.25,0.0,0.0,6.0,1.0,1017.06,67.54,-17.58
2025-03-24 18:04:45.708000+00:00,41.79194600745283,,,,21.0,-0.688,-0.812,22.82,-129.75,-5.5,0.562,0.023,0.007,0.034,0.0,0.5,9.39,0.15,0.34,-0.41,-0.15,0.16,9.8,0.99,1.25,0.0,0.0,6.0,1.0,1017.06,67.54,-17.58
2025-03-24 18:04:46.794000+00:00,41.79194600745283,,,,21.0,-0.688,-0.812,22.82,-68.188,-9.0,-28.25,0.023,0.007,0.034,0.0,0.5,9.39,0.15,0.34,-0.41,-0.15,0.16,9.8,0.99,1.25,0.0,0.0,6.0,1.0,1017.06,67.54,-17.58
2025-03-24 18:04:47.512000+00:00,41.79194600745283,,,,21.0,-0.688,-0.812,22.82,-99.062,-1.062,-20.875,0.023,0.007,0.034,0.0,0.5,9.39,0.15,0.34,-0.41,-0.15,0.16,9.8,0.99,1.25,0.0,0.0,6.0,1.0,1017.06,67.54,-17.58
2025-03-24 18:04:48.522000+00:00,41.79194600745283,,,,21.0,-0.688,-0.812,22.82,-112.688,-2.188,-17.688,0.023,0.007,0.034,0.0,0.5,9.39,0.15,0.34,-0.41,-0.15,0.16,9.8,0.99,1.25,0.0,0.0,6.0,1.0,1017.06,67.54,-17.58
2025-03-24 18:04:49.543000+00:00,41.79194600745283,,,,21.0,-0.688,-0.812,22.82,-70.562,-11.188,-26.562,0.023,0.007,0.034,0.0,0.5,9.39,0.15,0.34,-0.41,-0.15,0.16,9.8,0.99,1.25,0.0,0.0,6.0,1.0,1017.06,67.54,-17.58
2025-03-24 18:04:50.570000+00:00,41.79194600745283,,,,21.0,-0.688,-0.812,22.82,-109.688,2.5,-13.562,0.023,0.007,0.034,0.0,0.5,9.39,0.15,0.34,-0.41,-0.15,0.16,9.8,0.99,1.25,0.0,0.0,6.0,1.0,1017.06,67.54,-17.58
2025-03-24 18:04:51.561000+00:00,41.79194600745283,,,,21.0,-0.688,-0.812,22.82,-104.188,-0.688,-24.562,0.023,0.007,0.034,0.0,0.5,9.39,0.15,0.34,-0.41,-0.15,0.16,9.8,0.99,1.25,0.0,0.0,6.0,1.0,1017.06,67.54,-17.58
2025-03-24 18:04:52.608000+00:00,41.79194600745283,,,,21.0,-0.688,-0.812,22.82,-72.75,-10.562,-26.875,0.023,0.007,0.034,0.0,0.5,9.39,0.15,0.34,-0.41,-0.15,0.16,9.8,0.99,1.25,0.0,0.0,6.0,1.0,1017.06,67.54,-17.58
2025-03-24 18:04:53.576000+00:00,41.79194600745283,,,,21.0,-0.688,-0.812,22.82,-108.0,2.562,-17.25,0.023,0.007,0.034,0.0,0.5,9.39,0.15,0.34,-0.41,-0.15,0.16,9.8,0.99,1.25,0.0,0.0,6.0,1.0,1017.06,67.54,-17.58
2025-03-24 18:04:54.592000+00:00,41.79194600745283,,,,21.0,-0.688,-0.812,22.82,-114.688,-1.875,-19.5,0.023,0.007,0.034,0.0,0.5,9.39,0.15,0.34,-0.41,-0.15,0.16,9.8,0.99,1.25,0.0,0.0,6.0,1.0,1017.06,67.54,-17.58
2025-03-24 18:04:55.596000+00:00,41.79194600745283,,,,21.0,-0.688,-0.812,22.82,-71.688,-9.0,-28.688,0.023,0.007,0.034,0.0,0.5,9.39,0.15,0.34,-0.41,-0.15,0.16,9.8,0.99,1.25,0.0,0.0,6.0,1.0,1017.06,67.54,-17.58
2025-03-24 18:04:56.616000+00:00,41.79194600745283,,,,21.0,-0.688,-0.812,22.82,-99.0,-2.75,-20.688,0.023,0.007,0.034,0.0,0.5,9.39,0.15,0.34,-0.41,-0.15,0.16,9.8,0.99,1.25,0.0,0.0,6.0,1.0,1017.06,67.54,-17.58
2025-03-24 18:04:57.777000+00:00,41.79194600745283,,,,21.0,-0.688,-0.812,22.82,-129.25,-4.562,-8.5,0.023,0.007,0.034,0.0,0.5,9.39,0.15,0.34,-0.41,-0.15,0.16,9.8,0.99,1.25,0.0,0.0,6.0,1.0,1017.06,67.54,-17.58
2025-03-24 18:04:58.941000+00:00,41.79194600745283,,,,21.0,-0.688,-0.812,22.82,-71.688,-7.188,-31.375,0.023,0.007,0.034,0.0,0.5,9.39,0.15,0.34,-0.41,-0.15,0.16,9.8,0.99,1.25,0.0,0.0,6.0,1.0,1017.06,67.54,-17.58
2025-03-24 18:04:59.631000+00:00,41.79194600745283,,,,21.0,-0.688,-0.812,22.82,-92.75,-5.562,-24.5,0.023,0.007,0.034,0.0,0.5,9.39,0.15,0.34,-0.41,-0.15,0.16,9.8,0.99,1.25,0.0,0.0,6.0,1.0,1017.06,67.54,-17.58
2025-03-24 18:05:00.641000+00:00,41.79194600745283,,,,21.0,-0.688,-0.812,22.82,-134.5,-4.375,-1.875,0.023,0.007,0.034,0.0,0.5,9.39,0.15,0.34,-0.41,-0.15,0.16,9.8,0.99,1.25,0.0,0.0,6.0,1.0,1017.06,67.54,-17.58
2025-03-24 18:05:01.660000+00:00,41.79194600745283,,,,21.0,-0.688,-0.812,22.82,-74.688,-6.688,-33.062,0.023,0.007,0.034,0.0,0.5,9.39,0.15,0.34,-0.41,-0.15,0.16,9.8,0.99,1.25,0.0,0.0,6.0,1.0,1017.06,67.54,-17.58
2025-03-24 18:05:02.717000+00:00,41.79194600745283,,,,21.0,-0.688,-0.812,22.82,-85.375,-10.188,-25.188,0.023,0.007,0.034,0.0,0.5,9.39,0.15,0.34,-0.41,-0.15,0.16,9.8,0.99,1.25,0.0,0.0,6.0,1.0,1017.06,67.54,-17.58
2025-03-24 18:05:03.670000+00:00,41.79194600745283,,,,21.0,-0.688,-0.812,22.82,-140.25,0.875,6.062,0.023,0.007,0.034,0.0,0.5,9.39,0.15,0.34,-0.41,-0.15,0.16,9.8,0.99,1.25,0.0,0.0,6.0,1.0,1017.06,67.54,-17.58
2025-03-24 18:05:04.697000+00:00,41.79194600745283,,,,21.0,-0.688,-0.812,22.82,-89.188,-0.688,-31.688,0.023,0.007,0.034,0.0,0.5,9.39,0.15,0.34,-0.41,-0.15,0.16,9.8,0.99,1.25,0.0,0.0,6.0,1.0,1017.06,67.54,-17.58
2025-03-24 18:05:05.696000+00:00,41.79194600745283,,,,21.0,-0.688,-0.812,22.82,-79.688,-13.5,-26.5,0.023,0.007,0.034,0.0,0.5,9.39,0.15,0.34,-0.41,-0.15,0.16,9.8,0.99,1.25,0.0,0.0,6.0,1.0,1017.06,67.54,-17.58
2025-03-24 18:05:06.736000+00:00,41.79194600745283,,,,21.0,-0.688,-0.812,22.82,-119.562,3.0,-12.875,0.023,0.007,0.034,0.0,0.5,9.39,0.15,0.34,-0.41,-0.15,0.16,9.8,0.99,1.25,0.0,0.0,6.0,1.0,1017.06,67.54,-17.58
2025-03-24 18:05:07.719000+00:00,41.79194600745283,,,,21.0,-0.688,-0.812,22.82,-126.0,-7.188,-12.688,0.023,0.007,0.034,0.0,0.5,9.39,0.15,0.34,-0.41,-0.15,0.16,9.8,0.99,1.25,0.0,0.0,6.0,1.0,1017.06,67.54,-17.58
2025-03-24 18:05:08.721000+00:00,41.79194600745283,,,,21.0,-0.688,-0.812,22.82,-74.688,-7.562,-32.25,0.023,0.007,0.034,0.0,0.5,9.39,0.15,0.34,-0.41,-0.15,0.16,9.8,0.99,1.25,0.0,0.0,6.0,1.0,1017.06,67.54,-17.58
2025-03-24 18:05:09.746000+00:00,41.79194600745283,,,,21.0,-0.688,-0.812,22.82,-93.562,-7.562,-26.375,0.023,0.007,0.034,0.0,0.5,9.39,0.15,0.34,-0.41,-0.15,0.16,9.8,0.99,1.25,0.0,0.0,6.0,1.0,1017.06,67.54,-17.58
2025-03-24 18:05:10.749000+00:00,41.79194600745283,,,,21.0,-0.688,-0.812,22.82,-138.0,-4.75,-3.5,0.023,0.007,0.034,0.0,0.5,9.39,0.15,0.34,-0.41,-0.15,0.16,9.8,0.99,1.25,0.0,0.0,6.0,1.0,1017.06,67.54,-17.58
2025-03-24 18:05:11.770000+00:00,41.79194600745283,,,,21.0,-0.688,-0.812,22.82,-76.25,-4.062,-34.375,0.023,0.007,0.034,0.0,0.5,9.39,0.15,0.34,-0.41,-0.15,0.16,9.8,0.99,1.25,0.0,0.0,6.0,1.0,1017.06,67.54,-17.58
2025-03-24 18:05:12.760000+00:00,41.79194600745283,,,,21.0,-0.688,-0.812,22.82,-93.5,-4.75,-27.062,0.023,0.007,0.034,0.0,0.5,9.39,0.15,0.34,-0.41,-0.15,0.16,9.8,0.99,1.25,0.0,0.0,6.0,1.0,1017.06,67.54,-17.58
2025-03-24 18:05:13.791000+00:00,41.79194600745283,,,,21.0,-0.688,-0.812,22.82,-130.75,-2.25,-14.0,0.023,0.007,0.034,0.0,0.5,9.39,0.15,0.34,-0.41,-0.15,0.16,9.8,0.99,1.25,0.0,0.0,6.0,1.0,1017.06,67.54,-17.58
2025-03-24 18:05:14.779000+00:00,41.79194600745283,,,,21.0,-0.688,-0.812,22.82,-79.5,-8.875,-31.375,0.023,0.007,0.034,0.0,0.5,9.39,0.15,0.34,-0.41,-0.15,0.16,9.8,0.99,1.25,0.0,0.0,6.0,1.0,1017.06,67.54,-17.58
2025-03-24 18:05:15.790000+00:00,41.79194600745283,,,,21.0,-0.688,-0.812,22.82,-135.562,6.188,-2.75,0.023,0.007,0.034,0.0,0.5,9.39,0.15,0.34,-0.41,-0.15,0.16,9.8,0.99,1.25,0.0,0.0,6.0,1.0,1017.06,67.54,-17.58
2025-03-24 18:04:17.623000+00:00,41.79194600745283,,,,21.0,-0.688,-0.812,22.82,-135.562,6.188,-2.75,0.023,0.007,0.034,0.0,0.5,9.39,0.15,0.34,-0.41,-0.15,0.16,9.8,0.99,1.25,0.0,0.0,6.0,1.0,1017.06,67.54,-17.58
2025-03-24 18:04:18.498000+00:00,41.79194600745283,,,,21.0,-0.688,-0.812,22.82,-135.562,6.188,-2.75,0.008,-0.014,-0.007,0.0,0.5,9.39,0.15,0.34,-0.41,-0.15,0.16,9.8,0.99,1.25,0.0,0.0,6.0,1.0,1017.06,67.54,-17.58
2025-03-24 18:04:19.444000+00:00,41.79194600745283,,,,21.0,-0.688,-0.812,22.82,-135.562,6.188,-2.75,-0.038,-0.012,0.012,0.0,0.5,9.39,0.15,0.34,-0.41,-0.15,0.16,9.8,0.99,1.25,0.0,0.0,6.0,1.0,1017.06,67.54,-17.58
2025-03-24 18:04:20.600000+00:00,41.79194600745283,,,,21.0,-0.688,-0.812,22.82,-135.562,6.188,-2.75,0.002,0.013,0.014,0.0,0.5,9.39,0.15,0.34,-0.41,-0.15,0.16,9.8,0.99,1.25,0.0,0.0,6.0,1.0,1017.06,67.54,-17.58
2025-03-24 18:04:21.304000+00:00,41.79194600745283,,,,21.0,-0.688,-0.812,22.82,-135.562,6.188,-2.75,0.016,0.006,0.043,0.0,0.5,9.39,0.15,0.34,-0.41,-0.15,0.16,9.8,0.99,1.25,0.0,0.0,6.0,1.0,1017.06,67.54,-17.58
2025-03-24 18:04:22.333000+00:00,41.79194600745283,,,,21.0,-0.688,-0.812,22.82,-135.562,6.188,-2.75,0.017,0.048,0.057,0.0,0.5,9.39,0.15,0.34,-0.41,-0.15,0.16,9.8,0.99,1.25,0.0,0.0,6.0,1.0,1017.06,67.54,-17.58
2025-03-24 18:04:23.339000+00:00,41.79194600745283,,,,21.0,-0.688,-0.812,22.82,-135.562,6.188,-2.75,-0.014,0.041,0.0,0.0,0.5,9.39,0.15,0.34,-0.41,-0.15,0.16,9.8,0.99,1.25,0.0,0.0,6.0,1.0,1017.06,67.54,-17.58
2025-03-24 18:04:24.367000+00:00,41.79194600745283,,,,21.0,-0.688,-0.812,22.82,-135.562,6.188,-2.75,0.019,0.031,0.029,0.0,0.5,9.39,0.15,0.34,-0.41,-0.15,0.16,9.8,0.99,1.25,0.0,0.0,6.0,1.0,1017.06,67.54,-17.58
2025-03-24 18:04:25.353000+00:00,41.79194600745283,,,,21.0,-0.688,-0.812,22.82,-135.562,6.188,-2.75,0.004,0.016,0.011,0.0,0.5,9.39,0.15,0.34,-0.41,-0.15,0.16,9.8,0.99,1.25,0.0,0.0,6.0,1.0,1017.06,67.54,-17.58
2025-03-24 18:04:26.393000+00:00,41.79194600745283,,,,21.0,-0.688,-0.812,22.82,-135.562,6.188,-2.75,-0.032,-0.007,0.019,0.0,0.5,9.39,0.15,0.34,-0.41,-0.15,0.16,9.8,0.99,1.25,0.0,0.0,6.0,1.0,1017.06,67.54,-17.58
2025-03-24 18:04:27.480000+00:00,41.79194600745283,,,,21.0,-0.688,-0.812,22.82,-135.562,6.188,-2.75,0.008,-0.026,0.018,0.0,0.5,9.39,0.15,0.34,-0.41,-0.15,0.16,9.8,0.99,1.25,0.0,0.0,6.0,1.0,1017.06,67.54,-17.58
2025-03-24 18:04:28.560000+00:00,41.79194600745283,,,,21.0,-0.688,-0.812,22.82,-135.562,6.188,-2.75,-0.014,-0.014,-0.053,0.0,0.5,9.39,0.15,0.34,-0.41,-0.15,0.16,9.8,0.99,1.25,0.0,0.0,6.0,1.0,1017.06,67.54,-17.58
2025-03-24 18:04:29.557000+00:00,41.79194600745283,,,,21.0,-0.688,-0.812,22.82,-135.562,6.188,-2.75,-0.006,-0.004,0.047,0.0,0.5,9.39,0.15,0.34,-0.41,-0.15,0.16,9.8,0.99,1.25,0.0,0.0,6.0,1.0,1017.06,67.54,-17.58
2025-03-24 18:04:30.740000+00:00,41.79194600745283,,,,21.0,-0.688,-0.812,22.82,-135.562,6.188,-2.75,0.017,0.008,0.046,0.0,0.5,9.39,0.15,0.34,-0.41,-0.15,0.16,9.8,0.99,1.25,0.0,0.0,6.0,1.0,1017.06,67.54,-17.58
2025-03-24 18:04:31.426000+00:00,41.79194600745283,,,,21.0,-0.688,-0.812,22.82,-135.562,6.188,-2.75,-0.007,0.0,0.067,0.0,0.5,9.39,0.15,0.34,-0.41,-0.15,0.16,9.8,0.99,1.25,0.0,0.0,6.0,1.0,1017.06,67.54,-17.58
2025-03-24 18:04:32.433000+00:00,41.79194600745283,,,,21.0,-0.688,-0.812,22.82,-135.562,6.188,-2.75,0.003,-0.023,-0.061,0.0,0.5,9.39,0.15,0.34,-0.41,-0.15,0.16,9.8,0.99,1.25,0.0,0.0,6.0,1.0,1017.06,67.54,-17.58
2025-03-24 18:04:33.430000+00:00,41.79194600745283,,,,21.0,-0.688,-0.812,22.82,-135.562,6.188,-2.75,-0.004,0.008,-0.009,0.0,0.5,9.39,0.15,0.34,-0.41,-0.15,0.16,9.8,0.99,1.25,0.0,0.0,6.0,1.0,1017.06,67.54,-17.58
2025-03-24 18:04:34.446000+00:00,41.79194600745283,,,,21.0,-0.688,-0.812,22.82,-135.562,6.188,-2.75,0.02,0.004,0.019,0.0,0.5,9.39,0.15,0.34,-0.41,-0.15,0.16,9.8,0.99,1.25,0.0,0.0,6.0,1.0,1017.06,67.54,-17.58
2025-03-24 18:04:35.445000+00:00,41.79194600745283,,,,21.0,-0.688,-0.812,22.82,-135.562,6.188,-2.75,0.008,0.006,0.017,0.0,0.5,9.39,0.15,0.34,-0.41,-0.15,0.16,9.8,0.99,1.25,0.0,0.0,6.0,1.0,1017.06,67.54,-17.58
2025-03-24 18:04:36.570000+00:00,41.79194600745283,,,,21.0,-0.688,-0.812,22.82,-135.562,6.188,-2.75,-0.003,-0.013,-0.039,0.0,0.5,9.39,0.15,0.34,-0.41,-0.15,0.16,9.8,0.99,1.25,0.0,0.0,6.0,1.0,1017.06,67.54,-17.58
2025-03-24 18:04:37.549000+00:00,41.79194600745283,,,,21.0,-0.688,-0.812,22.82,-135.562,6.188,-2.75,0.011,-0.019,0.003,0.0,0.5,9.39,0.15,0.34,-0.41,-0.15,0.16,9.8,0.99,1.25,0.0,0.0,6.0,1.0,1017.06,67.54,-17.58
2025-03-24 18:04:38.513000+00:00,41.79194600745283,,,,21.0,-0.688,-0.812,22.82,-135.562,6.188,-2.75,0.004,0.029,0.04,0.0,0.5,9.39,0.15,0.34,-0.41,-0.15,0.16,9.8,0.99,1.25,0.0,0.0,6.0,1.0,1017.06,67.54,-17.58
2025-03-24 18:04:39.509000+00:00,41.79194600745283,,,,21.0,-0.688,-0.812,22.82,-135.562,6.188,-2.75,-0.004,0.004,0.028,0.0,0.5,9.39,0.15,0.34,-0.41,-0.15,0.16,9.8,0.99,1.25,0.0,0.0,6.0,1.0,1017.06,67.54,-17.58
2025-03-24 18:04:40.519000+00:00,41.79194600745283,,,,21.0,-0.688,-0.812,22.82,-135.562,6.188,-2.75,-0.019,-0.031,0.016,0.0,0.5,9.39,0.15,0.34,-0.41,-0.15,0.16,9.8,0.99,1.25,0.0,0.0,6.0,1.0,1017.06,67.54,-17.58
2025-03-24 18:04:41.512000+00:00,41.79194600745283,,,,21.0,-0.688,-0.812,22.82,-135.562,6.188,-2.75,0.004,-0.019,-0.003,0.0,0.5,9.39,0.15,0.34,-0.41,-0.15,0.16,9.8,0.99,1.25,0.0,0.0,6.0,1.0,1017.06,67.54,-17.58
2025-03-24 18:04:42.569000+00:00,41.79194600745283,,,,21.0,-0.688,-0.812,22.82,-135.562,6.188,-2.75,-0.006,-0.027,0.008,0.0,0.5,9.39,0.15,0.34,-0.41,-0.15,0.16,9.8,0.99,1.25,0.0,0.0,6.0,1.0,1017.06,67.54,-17.58
2025-03-24 18:04:43.532000+00:00,41.79194600745283,,,,21.0,-0.688,-0.812,22.82,-135.562,6.188,-2.75,-0.004,-0.004,0.033,0.0,0.5,9.39,0.15,0.34,-0.41,-0.15,0.16,9.8,0.99,1.25,0.0,0.0,6.0,1.0,1017.06,67.54,-17.58
2025-03-24 18:04:44.581000+00:00,41.79194600745283,,,,21.0,-0.688,-0.812,22.82,-135.562,6.188,-2.75,0.009,-0.013,0.051,0.0,0.5,9.39,0.15,0.34,-0.41,-0.15,0.16,9.8,0.99,1.25,0.0,0.0,6.0,1.0,1017.06,67.54,-17.58
2025-03-24 18:04:45.768000+00:00,41.79194600745283,,,,21.0,-0.688,-0.812,22.82,-135.562,6.188,-2.75,0.002,-0.017,0.058,0.0,0.5,9.39,0.15,0.34,-0.41,-0.15,0.16,9.8,0.99,1.25,0.0,0.0,6.0,1.0,1017.06,67.54,-17.58
2025-03-24 18:04:46.847000+00:00,41.79194600745283,,,,21.0,-0.688,-0.812,22.82,-135.562,6.188,-2.75,0.036,-0.008,0.007,0.0,0.5,9.39,0.15,0.34,-0.41,-0.15,0.16,9.8,0.99,1.25,0.0,0.0,6.0,1.0,1017.06,67.54,-17.58
2025-03-24 18:04:47.562000+00:00,41.79194600745283,,,,21.0,-0.688,-0.812,22.82,-135.562,6.188,-2.75,-0.021,0.002,-0.017,0.0,0.5,9.39,0.15,0.34,-0.41,-0.15,0.16,9.8,0.99,1.25,0.0,0.0,6.0,1.0,1017.06,67.54,-17.58
2025-03-24 18:04:48.572000+00:00,41.79194600745283,,,,21.0,-0.688,-0.812,22.82,-135.562,6.188,-2.75,-0.001,-0.012,-0.011,0.0,0.5,9.39,0.15,0.34,-0.41,-0.15,0.16,9.8,0.99,1.25,0.0,0.0,6.0,1.0,1017.06,67.54,-17.58
2025-03-24 18:04:49.598000+00:00,41.79194600745283,,,,21.0,-0.688,-0.812,22.82,-135.562,6.188,-2.75,-0.011,0.004,0.02,0.0,0.5,9.39,0.15,0.34,-0.41,-0.15,0.16,9.8,0.99,1.25,0.0,0.0,6.0,1.0,1017.06,67.54,-17.58
2025-03-24 18:04:50.628000+00:00,41.79194600745283,,,,21.0,-0.688,-0.812,22.82,-135.562,6.188,-2.75,0.017,0.007,-0.017,0.0,0.5,9.39,0.15,0.34,-0.41,-0.15,0.16,9.8,0.99,1.25,0.0,0.0,6.0,1.0,1017.06,67.54,-17.58
2025-03-24 18:04:51.611000+00:00,41.79194600745283,,,,21.0,-0.688,-0.812,22.82,-135.562,6.188,-2.75,-0.007,-0.01,-0.001,0.0,0.5,9.39,0.15,0.34,-0.41,-0.15,0.16,9.8,0.99,1.25,0.0,0.0,6.0,1.0,1017.06,67.54,-17.58
2025-03-24 18:04:52.671000+00:00,41.79194600745283,,,,21.0,-0.688,-0.812,22.82,-135.562,6.188,-2.75,0.011,0.017,-0.016,0.0,0.5,9.39,0.15,0.34,-0.41,-0.15,0.16,9.8,0.99,1.25,0.0,0.0,6.0,1.0,1017.06,67.54,-17.58
2025-03-24 18:04:53.622000+00:00,41.79194600745283,,,,21.0,-0.688,-0.812,22.82,-135.562,6.188,-2.75,0.043,0.022,-0.033,0.0,0.5,9.39,0.15,0.34,-0.41,-0.15,0.16,9.8,0.99,1.25,0.0,0.0,6.0,1.0,1017.06,67.54,-17.58
2025-03-24 18:04:54.651000+00:00,41.79194600745283,,,,21.0,-0.688,-0.812,22.82,-135.562,6.188,-2.75,0.0,-0.008,-0.054,0.0,0.5,9.39,0.15,0.34,-0.41,-0.15,0.16,9.8,0.99,1.25,0.0,0.0,6.0,1.0,1017.06,67.54,-17.58
2025-03-24 18:04:55.648000+00:00,41.79194600745283,,,,21.0,-0.688,-0.812,22.82,-135.562,6.188,-2.75,-0.008,-0.026,-0.133,0.0,0.5,9.39,0.15,0.34,-0.41,-0.15,0.16,9.8,0.99,1.25,0.0,0.0,6.0,1.0,1017.06,67.54,-17.58
2025-03-24 18:04:56.678000+00:00,41.79194600745283,,,,21.0,-0.688,-0.812,22.82,-135.562,6.188,-2.75,-0.024,-0.029,-0.152,0.0,0.5,9.39,0.15,0.34,-0.41,-0.15,0.16,9.8,0.99,1.25,0.0,0.0,6.0,1.0,1017.06,67.54,-17.58
2025-03-24 18:04:57.834000+00:00,41.79194600745283,,,,21.0,-0.688,-0.812,22.82,-135.562,6.188,-2.75,0.018,-0.018,-0.038,0.0,0.5,9.39,0.15,0.34,-0.41,-0.15,0.16,9.8,0.99,1.25,0.0,0.0,6.0,1.0,1017.06,67.54,-17.58
2025-03-24 18:04:58.991000+00:00,41.79194600745283,,,,21.0,-0.688,-0.812,22.82,-135.562,6.188,-2.75,0.017,-0.01,0.024,0.0,0.5,9.39,0.15,0.34,-0.41,-0.15,0.16,9.8,0.99,1.25,0.0,0.0,6.0,1.0,1017.06,67.54,-17.58
2025-03-24 18:04:59.682000+00:00,41.79194600745283,,,,21.0,-0.688,-0.812,22.82,-135.562,6.188,-2.75,-0.003,-0.017,-0.08,0.0,0.5,9.39,0.15,0.34,-0.41,-0.15,0.16,9.8,0.99,1.25,0.0,0.0,6.0,1.0,1017.06,67.54,-17.58
2025-03-24 18:05:00.691000+00:00,41.79194600745283,,,,21.0,-0.688,-0.812,22.82,-135.562,6.188,-2.75,-0.024,-0.021,-0.01,0.0,0.5,9.39,0.15,0.34,-0.41,-0.15,0.16,9.8,0.99,1.25,0.0,0.0,6.0,1.0,1017.06,67.54,-17.58
2025-03-24 18:05:01.720000+00:00,41.79194600745283,,,,21.0,-0.688,-0.812,22.82,-135.562,6.188,-2.75,-0.023,0.022,-0.037,0.0,0.5,9.39,0.15,0.34,-0.41,-0.15,0.16,9.8,0.99,1.25,0.0,0.0,6.0,1.0,1017.06,67.54,-17.58
2025-03-24 18:05:02.777000+00:00,41.79194600745283,,,,21.0,-0.688,-0.812,22.82,-135.562,6.188,-2.75,-0.01,-0.011,0.003,0.0,0.5,9.39,0.15,0.34,-0.41,-0.15,0.16,9.8,0.99,1.25,0.0,0.0,6.0,1.0,1017.06,67.54,-17.58
2025-03-24 18:05:03.721000+00:00,41.79194600745283,,,,21.0,-0.688,-0.812,22.82,-135.562,6.188,-2.75,-0.002,0.009,0.032,0.0,0.5,9.39,0.15,0.34,-0.41,-0.15,0.16,9.8,0.99,1.25,0.0,0.0,6.0,1.0,1017.06,67.54,-17.58
2025-03-24 18:05:04.753000+00:00,41.79194600745283,,,,21.0,-0.688,-0.812,22.82,-135.562,6.188,-2.75,0.027,-0.002,0.008,0.0,0.5,9.39,0.15,0.34,-0.41,-0.15,0.16,9.8,0.99,1.25,0.0,0.0,6.0,1.0,1017.06,67.54,-17.58
2025-03-24 18:05:05.757000+00:00,41.79194600745283,,,,21.0,-0.688,-0.812,22.82,-135.562,6.188,-2.75,0.017,0.007,-0.026,0.0,0.5,9.39,0.15,0.34,-0.41,-0.15,0.16,9.8,0.99,1.25,0.0,0.0,6.0,1.0,1017.06,67.54,-17.58
2025-03-24 18:05:06.793000+00:00,41.79194600745283,,,,21.0,-0.688,-0.812,22.82,-135.562,6.188,-2.75,-0.004,-0.002,0.003,0.0,0.5,9.39,0.15,0.34,-0.41,-0.15,0.16,9.8,0.99,1.25,0.0,0.0,6.0,1.0,1017.06,67.54,-17.58
2025-03-24 18:05:07.770000+00:00,41.79194600745283,,,,21.0,-0.688,-0.812,22.82,-135.562,6.188,-2.75,-0.002,0.004,-0.006,0.0,0.5,9.39,0.15,0.34,-0.41,-0.15,0.16,9.8,0.99,1.25,0.0,0.0,6.0,1.0,1017.06,67.54,-17.58
2025-03-24 18:05:08.771000+00:00,41.79194600745283,,,,21.0,-0.688,-0.812,22.82,-135.562,6.188,-2.75,0.028,-0.017,0.043,0.0,0.5,9.39,0.15,0.34,-0.41,-0.15,0.16,9.8,0.99,1.25,0.0,0.0,6.0,1.0,1017.06,67.54,-17.58
2025-03-24 18:05:09.802000+00:00,41.79194600745283,,,,21.0,-0.688,-0.812,22.82,-135.562,6.188,-2.75,0.004,-0.002,0.046,0.0,0.5,9.39,0.15,0.34,-0.41,-0.15,0.16,9.8,0.99,1.25,0.0,0.0,6.0,1.0,1017.06,67.54,-17.58
2025-03-24 18:05:10.807000+00:00,41.79194600745283,,,,21.0,-0.688,-0.812,22.82,-135.562,6.188,-2.75,-0.001,-0.006,-0.006,0.0,0.5,9.39,0.15,0.34,-0.41,-0.15,0.16,9.8,0.99,1.25,0.0,0.0,6.0,1.0,1017.06,67.54,-17.58
2025-03-24 18:05:11.821000+00:00,41.79194600745283,,,,21.0,-0.688,-0.812,22.82,-135.562,6.188,-2.75,0.016,-0.001,-0.004,0.0,0.5,9.39,0.15,0.34,-0.41,-0.15,0.16,9.8,0.99,1.25,0.0,0.0,6.0,1.0,1017.06,67.54,-17.58
2025-03-24 18:05:12.811000+00:00,41.79194600745283,,,,21.0,-0.688,-0.812,22.82,-135.562,6.188,-2.75,0.02,-0.006,0.019,0.0,0.5,9.39,0.15,0.34,-0.41,-0.15,0.16,9.8,0.99,1.25,0.0,0.0,6.0,1.0,1017.06,67.54,-17.58
2025-03-24 18:05:13.840000+00:00,41.79194600745283,,,,21.0,-0.688,-0.812,22.82,-135.562,6.188,-2.75,0.0,-0.023,-0.016,0.0,0.5,9.39,0.15,0.34,-0.41,-0.15,0.16,9.8,0.99,1.25,0.0,0.0,6.0,1.0,1017.06,67.54,-17.58
2025-03-24 18:05:14.837000+00:00,41.79194600745283,,,,21.0,-0.688,-0.812,22.82,-135.562,6.188,-2.75,0.033,0.011,-0.006,0.0,0.5,9.39,0.15,0.34,-0.41,-0.15,0.16,9.8,0.99,1.25,0.0,0.0,6.0,1.0,1017.06,67.54,-17.58
2025-03-24 18:05:15.840000+00:00,41.79194600745283,,,,21.0,-0.688,-0.812,22.82,-135.562,6.188,-2.75,-0.01,0.006,0.01,0.0,0.5,9.39,0.15,0.34,-0.41,-0.15,0.16,9.8,0.99,1.25,0.0,0.0,6.0,1.0,1017.06,67.54,-17.58
2025-03-24 18:05:16.860000+00:00,41.79194600745283,,,,21.0,-0.688,-0.812,22.82,-135.562,6.188,-2.75,-0.01,0.006,0.008,0.0,0.5,9.39,0.15,0.34,-0.41,-0.15,0.16,9.8,0.99,1.25,0.0,0.0,6.0,1.0,1017.06,67.54,-17.58
2025-03-24 18:04:17.685000+00:00,41.79194600745283,,,,21.0,-0.688,-0.812,22.82,-135.562,6.188,-2.75,-0.01,0.006,0.008,0.0,0.5,9.39,0.15,0.34,-0.41,-0.15,0.16,9.8,0.99,1.25,0.0,0.0,6.0,1.0,1017.06,67.54,-17.58
2025-03-24 18:04:18.559000+00:00,41.79194600745283,,,,21.0,-0.688,-0.812,22.82,-135.562,6.188,-2.75,-0.01,0.006,0.008,-0.11,-0.23,9.38,0.15,0.34,-0.41,-0.15,0.16,9.8,0.99,1.25,0.0,0.0,6.0,1.0,1017.06,67.54,-17.58
2025-03-24 18:04:19.493000+00:00,41.79194600745283,,,,21.0,-0.688,-0.812,22.82,-135.562,6.188,-2.75,-0.01,0.006,0.008,-0.43,0.27,9.62,0.15,0.34,-0.41,-0.15,0.16,9.8,0.99,1.25,0.0,0.0,6.0,1.0,1017.06,67.54,-17.58
2025-03-24 18:04:20.660000+00:00,41.79194600745283,,,,21.0,-0.688,-0.812,22.82,-135.562,6.188,-2.75,-0.01,0.006,0.008,-1.2,0.17,9.44,0.15,0.34,-0.41,-0.15,0.16,9.8,0.99,1.25,0.0,0.0,6.0,1.0,1017.06,67.54,-17.58
2025-03-24 18:04:21.353000+00:00,41.79194600745283,,,,21.0,-0.688,-0.812,22.82,-135.562,6.188,-2.75,-0.01,0.006,0.008,0.08,0.59,9.24,0.15,0.34,-0.41,-0.15,0.16,9.8,0.99,1.25,0.0,0.0,6.0,1.0,1017.06,67.54,-17.58
2025-03-24 18:04:22.383000+00:00,41.79194600745283,,,,21.0,-0.688,-0.812,22.82,-135.562,6.188,-2.75,-0.01,0.006,0.008,0.11,0.33,9.42,0.15,0.34,-0.41,-0.15,0.16,9.8,0.99,1.25,0.0,0.0,6.0,1.0,1017.06,67.54,-17.58
2025-03-24 18:04:23.397000+00:00,41.79194600745283,,,,21.0,-0.688,-0.812,22.82,-135.562,6.188,-2.75,-0.01,0.006,0.008,-0.61,0.24,9.44,0.15,0.34,-0.41,-0.15,0.16,9.8,0.99,1.25,0.0,0.0,6.0,1.0,1017.06,67.54,-17.58
2025-03-24 18:04:24.417000+00:00,41.79194600745283,,,,21.0,-0.688,-0.812,22.82,-135.562,6.188,-2.75,-0.01,0.006,0.008,-0.9,0.22,9.49,0.15,0.34,-0.41,-0.15,0.16,9.8,0.99,1.25,0.0,0.0,6.0,1.0,1017.06,67.54,-17.58
2025-03-24 18:04:25.408000+00:00,41.79194600745283,,,,21.0,-0.688,-0.812,22.82,-135.562,6.188,-2.75,-0.01,0.006,0.008,0.53,-0.09,9.36,0.15,0.34,-0.41,-0.15,0.16,9.8,0.99,1.25,0.0,0.0,6.0,1.0,1017.06,67.54,-17.58
2025-03-24 18:04:26.444000+00:00,41.79194600745283,,,,21.0,-0.688,-0.812,22.82,-135.562,6.188,-2.75,-0.01,0.006,0.008,0.63,0.05,9.43,0.15,0.34,-0.41,-0.15,0.16,9.8,0.99,1.25,0.0,0.0,6.0,1.0,1017.06,67.54,-17.58
2025-03-24 18:04:27.533000+00:00,41.79194600745283,,,,21.0,-0.688,-0.812,22.82,-135.562,6.188,-2.75,-0.01,0.006,0.008,-0.14,0.73,9.53,0.15,0.34,-0.41,-0.15,0.16,9.8,0.99,1.25,0.0,0.0,6.0,1.0,1017.06,67.54,-17.58
2025-03-24 18:04:28.619000+00:00,41.79194600745283,,,,21.0,-0.688,-0.812,22.82,-135.562,6.188,-2.75,-0.01,0.006,0.008,0.07,-0.37,9.32,0.15,0.34,-0.41,-0.15,0.16,9.8,0.99,1.25,0.0,0.0,6.0,1.0,1017.06,67.54,-17.58
2025-03-24 18:04:29.603000+00:00,41.79194600745283,,,,21.0,-0.688,-0.812,22.82,-135.562,6.188,-2.75,-0.01,0.006,0.008,0.22,0.13,9.46,0.15,0.34,-0.41,-0.15,0.16,9.8,0.99,1.25,0.0,0.0,6.0,1.0,1017.06,67.54,-17.58
2025-03-24 18:04:30.796000+00:00,41.79194600745283,,,,21.0,-0.688,-0.812,22.82,-135.562,6.188,-2.75,-0.01,0.006,0.008,0.64,0.15,9.22,0.15,0.34,-0.41,-0.15,0.16,9.8,0.99,1.25,0.0,0.0,6.0,1.0,1017.06,67.54,-17.58
2025-03-24 18:04:31.489000+00:00,41.79194600745283,,,,21.0,-0.688,-0.812,22.82,-135.562,6.188,-2.75,-0.01,0.006,0.008,-0.34,0.54,9.46,0.15,0.34,-0.41,-0.15,0.16,9.8,0.99,1.25,0.0,0.0,6.0,1.0,1017.06,67.54,-17.58
2025-03-24 18:04:32.489000+00:00,41.79194600745283,,,,21.0,-0.688,-0.812,22.82,-135.562,6.188,-2.75,-0.01,0.006,0.008,-0.29,0.1,9.36,0.15,0.34,-0.41,-0.15,0.16,9.8,0.99,1.25,0.0,0.0,6.0,1.0,1017.06,67.54,-17.58
2025-03-24 18:04:33.490000+00:00,41.79194600745283,,,,21.0,-0.688,-0.812,22.82,-135.562,6.188,-2.75,-0.01,0.006,0.008,0.0,0.08,9.41,0.15,0.34,-0.41,-0.15,0.16,9.8,0.99,1.25,0.0,0.0,6.0,1.0,1017.06,67.54,-17.58
2025-03-24 18:04:34.499000+00:00,41.79194600745283,,,,21.0,-0.688,-0.812,22.82,-135.562,6.188,-2.75,-0.01,0.006,0.008,-0.18,0.76,9.5,0.15,0.34,-0.41,-0.15,0.16,9.8,0.99,1.25,0.0,0.0,6.0,1.0,1017.06,67.54,-17.58
2025-03-24 18:04:35.493000+00:00,41.79194600745283,,,,21.0,-0.688,-0.812,22.82,-135.562,6.188,-2.75,-0.01,0.006,0.008,-1.01,0.37,9.62,0.15,0.34,-0.41,-0.15,0.16,9.8,0.99,1.25,0.0,0.0,6.0,1.0,1017.06,67.54,-17.58
2025-03-24 18:04:36.630000+00:00,41.79194600745283,,,,21.0,-0.688,-0.812,22.82,-135.562,6.188,-2.75,-0.01,0.006,0.008,-0.43,-0.14,9.51,0.15,0.34,-0.41,-0.15,0.16,9.8,0.99,1.25,0.0,0.0,6.0,1.0,1017.06,67.54,-17.58
2025-03-24 18:04:37.610000+00:00,41.79194600745283,,,,21.0,-0.688,-0.812,22.82,-135.562,6.188,-2.75,-0.01,0.006,0.008,-0.56,0.34,9.34,0.15,0.34,-0.41,-0.15,0.16,9.8,0.99,1.25,0.0,0.0,6.0,1.0,1017.06,67.54,-17.58
2025-03-24 18:04:38.563000+00:00,41.79194600745283,,,,21.0,-0.688,-0.812,22.82,-135.562,6.188,-2.75,-0.01,0.006,0.008,0.11,-0.11,9.46,0.15,0.34,-0.41,-0.15,0.16,9.8,0.99,1.25,0.0,0.0,6.0,1.0,1017.06,67.54,-17.58
2025-03-24 18:04:39.569000+00:00,41.79194600745283,,,,21.0,-0.688,-0.812,22.82,-135.562,6.188,-2.75,-0.01,0.006,0.008,0.21,-0.06,9.47,0.15,0.34,-0.41,-0.15,0.16,9.8,0.99,1.25,0.0,0.0,6.0,1.0,1017.06,67.54,-17.58
2025-03-24 18:04:40.577000+00:00,41.79194600745283,,,,21.0,-0.688,-0.812,22.82,-135.562,6.188,-2.75,-0.01,0.006,0.008,0.22,0.11,9.36,0.15,0.34,-0.41,-0.15,0.16,9.8,0.99,1.25,0.0,0.0,6.0,1.0,1017.06,67.54,-17.58
2025-03-24 18:04:41.572000+00:00,41.79194600745283,,,,21.0,-0.688,-0.812,22.82,-135.562,6.188,-2.75,-0.01,0.006,0.008,0.49,-0.01,9.47,0.15,0.34,-0.41,-0.15,0.16,9.8,0.99,1.25,0.0,0.0,6.0,1.0,1017.06,67.54,-17.58
2025-03-24 18:04:42.632000+00:00,41.79194600745283,,,,21.0,-0.688,-0.812,22.82,-135.562,6.188,-2.75,-0.01,0.006,0.008,-0.24,0.45,9.31,0.15,0.34,-0.41,-0.15,0.16,9.8,0.99,1.25,0.0,0.0,6.0,1.0,1017.06,67.54,-17.58
2025-03-24 18:04:43.589000+00:00,41.79194600745283,,,,21.0,-0.688,-0.812,22.82,-135.562,6.188,-2.75,-0.01,0.006,0.008,0.4,0.19,8.97,0.15,0.34,-0.41,-0.15,0.16,9.8,0.99,1.25,0.0,0.0,6.0,1.0,1017.06,67.54,-17.58
2025-03-24 18:04:44.633000+00:00,41.79194600745283,,,,21.0,-0.688,-0.812,22.82,-135.562,6.188,-2.75,-0.01,0.006,0.008,-0.19,0.48,9.28,0.15,0.34,-0.41,-0.15,0.16,9.8,0.99,1.25,0.0,0.0,6.0,1.0,1017.06,67.54,-17.58
2025-03-24 18:04:45.821000+00:00,41.79194600745283,,,,21.0,-0.688,-0.812,22.82,-135.562,6.188,-2.75,-0.01,0.006,0.008,-0.04,0.98,9.38,0.15,0.34,-0.41,-0.15,0.16,9.8,0.99,1.25,0.0,0.0,6.0,1.0,1017.06,67.54,-17.58
2025-03-24 18:04:46.897000+00:00,41.79194600745283,,,,21.0,-0.688,-0.812,22.82,-135.562,6.188,-2.75,-0.01,0.006,0.008,-0.47,0.63,9.45,0.15,0.34,-0.41,-0.15,0.16,9.8,0.99,1.25,0.0,0.0,6.0,1.0,1017.06,67.54,-17.58
2025-03-24 18:04:47.619000+00:00,41.79194600745283,,,,21.0,-0.688,-0.812,22.82,-135.562,6.188,-2.75,-0.01,0.006,0.008,-0.36,1.11,9.39,0.15,0.34,-0.41,-0.15,0.16,9.8,0.99,1.25,0.0,0.0,6.0,1.0,1017.06,67.54,-17.58
2025-03-24 18:04:48.622000+00:00,41.79194600745283,,,,21.0,-0.688,-0.812,22.82,-135.562,6.188,-2.75,-0.01,0.006,0.008,-0.02,0.33,9.38,0.15,0.34,-0.41,-0.15,0.16,9.8,0.99,1.25,0.0,0.0,6.0,1.0,1017.06,67.54,-17.58
2025-03-24 18:04:49.656000+00:00,41.79194600745283,,,,21.0,-0.688,-0.812,22.82,-135.562,6.188,-2.75,-0.01,0.006,0.008,-0.2,0.35,9.45,0.15,0.34,-0.41,-0.15,0.16,9.8,0.99,1.25,0.0,0.0,6.0,1.0,1017.06,67.54,-17.58
2025-03-24 18:04:50.689000+00:00,41.79194600745283,,,,21.0,-0.688,-0.812,22.82,-135.562,6.188,-2.75,-0.01,0.006,0.008,-0.31,0.33,9.42,0.15,0.34,-0.41,-0.15,0.16,9.8,0.99,1.25,0.0,0.0,6.0,1.0,1017.06,67.54,-17.58
2025-03-24 18:04:51.661000+00:00,41.79194600745283,,,,21.0,-0.688,-0.812,22.82,-135.562,6.188,-2.75,-0.01,0.006,0.008,-0.54,0.22,9.47,0.15,0.34,-0.41,-0.15,0.16,9.8,0.99,1.25,0.0,0.0,6.0,1.0,1017.06,67.54,-17.58
2025-03-24 18:04:52.722000+00:00,41.79194600745283,,,,21.0,-0.688,-0.812,22.82,-135.562,6.188,-2.75,-0.01,0.006,0.008,0.0,0.14,9.38,0.15,0.34,-0.41,-0.15,0.16,9.8,0.99,1.25,0.0,0.0,6.0,1.0,1017.06,67.54,-17.58
2025-03-24 18:04:53.681000+00:00,41.79194600745283,,,,21.0,-0.688,-0.812,22.82,-135.562,6.188,-2.75,-0.01,0.006,0.008,-0.56,0.16,9.52,0.15,0.34,-0.41,-0.15,0.16,9.8,0.99,1.25,0.0,0.0,6.0,1.0,1017.06,67.54,-17.58
2025-03-24 18:04:54.701000+00:00,41.79194600745283,,,,21.0,-0.688,-0.812,22.82,-135.562,6.188,-2.75,-0.01,0.006,0.008,-0.78,0.54,9.55,0.15,0.34,-0.41,-0.15,0.16,9.8,0.99,1.25,0.0,0.0,6.0,1.0,1017.06,67.54,-17.58
2025-03-24 18:04:55.708000+00:00,41.79194600745283,,,,21.0,-0.688,-0.812,22.82,-135.562,6.188,-2.75,-0.01,0.006,0.008,-0.75,0.09,9.51,0.15,0.34,-0.41,-0.15,0.16,9.8,0.99,1.25,0.0,0.0,6.0,1.0,1017.06,67.54,-17.58
2025-03-24 18:04:56.738000+00:00,41.79194600745283,,,,21.0,-0.688,-0.812,22.82,-135.562,6.188,-2.75,-0.01,0.006,0.008,0.35,-0.84,9.54,0.15,0.34,-0.41,-0.15,0.16,9.8,0.99,1.25,0.0,0.0,6.0,1.0,1017.06,67.54,-17.58
2025-03-24 18:04:57.888000+00:00,41.79194600745283,,,,21.0,-0.688,-0.812,22.82,-135.562,6.188,-2.75,-0.01,0.006,0.008,-0.02,-0.46,9.47,0.15,0.34,-0.41,-0.15,0.16,9.8,0.99,1.25,0.0,0.0,6.0,1.0,1017.06,67.54,-17.58
2025-03-24 18:04:59.048000+00:00,41.79194600745283,,,,21.0,-0.688,-0.812,22.82,-135.562,6.188,-2.75,-0.01,0.006,0.008,-0.32,0.36,9.22,0.15,0.34,-0.41,-0.15,0.16,9.8,0.99,1.25,0.0,0.0,6.0,1.0,1017.06,67.54,-17.58
2025-03-24 18:04:59.738000+00:00,41.79194600745283,,,,21.0,-0.688,-0.812,22.82,-135.562,6.188,-2.75,-0.01,0.006,0.008,0.04,-0.43,9.47,0.15,0.34,-0.41,-0.15,0.16,9.8,0.99,1.25,0.0,0.0,6.0,1.0,1017.06,67.54,-17.58
2025-03-24 18:05:00.741000+00:00,41.79194600745283,,,,21.0,-0.688,-0.812,22.82,-135.562,6.188,-2.75,-0.01,0.006,0.008,-0.14,0.13,9.48,0.15,0.34,-0.41,-0.15,0.16,9.8,0.99,1.25,0.0,0.0,6.0,1.0,1017.06,67.54,-17.58
2025-03-24 18:05:01.787000+00:00,41.79194600745283,,,,21.0,-0.688,-0.812,22.82,-135.562,6.188,-2.75,-0.01,0.006,0.008,-0.36,0.07,9.45,0.15,0.34,-0.41,-0.15,0.16,9.8,0.99,1.25,0.0,0.0,6.0,1.0,1017.06,67.54,-17.58
2025-03-24 18:05:02.835000+00:00,41.79194600745283,,,,21.0,-0.688,-0.812,22.82,-135.562,6.188,-2.75,-0.01,0.006,0.008,0.03,0.3,9.0,0.15,0.34,-0.41,-0.15,0.16,9.8,0.99,1.25,0.0,0.0,6.0,1.0,1017.06,67.54,-17.58
2025-03-24 18:05:03.775000+00:00,41.79194600745283,,,,21.0,-0.688,-0.812,22.82,-135.562,6.188,-2.75,-0.01,0.006,0.008,0.38,-0.25,9.58,0.15,0.34,-0.41,-0.15,0.16,9.8,0.99,1.25,0.0,0.0,6.0,1.0,1017.06,67.54,-17.58
2025-03-24 18:05:04.801000+00:00,41.79194600745283,,,,21.0,-0.688,-0.812,22.82,-135.562,6.188,-2.75,-0.01,0.006,0.008,-0.06,0.05,9.45,0.15,0.34,-0.41,-0.15,0.16,9.8,0.99,1.25,0.0,0.0,6.0,1.0,1017.06,67.54,-17.58
2025-03-24 18:05:05.820000+00:00,41.79194600745283,,,,21.0,-0.688,-0.812,22.82,-135.562,6.188,-2.75,-0.01,0.006,0.008,0.01,-0.4,9.55,0.15,0.34,-0.41,-0.15,0.16,9.8,0.99,1.25,0.0,0.0,6.0,1.0,1017.06,67.54,-17.58
2025-03-24 18:05:06.848000+00:00,41.79194600745283,,,,21.0,-0.688,-0.812,22.82,-135.562,6.188,-2.75,-0.01,0.006,0.008,0.38,0.0,9.39,0.15,0.34,-0.41,-0.15,0.16,9.8,0.99,1.25,0.0,0.0,6.0,1.0,1017.06,67.54,-17.58
2025-03-24 18:05:07.830000+00:00,41.79194600745283,,,,21.0,-0.688,-0.812,22.82,-135.562,6.188,-2.75,-0.01,0.006,0.008,-0.85,0.54,9.57,0.15,0.34,-0.41,-0.15,0.16,9.8,0.99,1.25,0.0,0.0,6.0,1.0,1017.06,67.54,-17.58
2025-03-24 18:05:08.823000+00:00,41.79194600745283,,,,21.0,-0.688,-0.812,22.82,-135.562,6.188,-2.75,-0.01,0.006,0.008,-0.09,0.8,9.4,0.15,0.34,-0.41,-0.15,0.16,9.8,0.99,1.25,0.0,0.0,6.0,1.0,1017.06,67.54,-17.58
2025-03-24 18:05:09.851000+00:00,41.79194600745283,,,,21.0,-0.688,-0.812,22.82,-135.562,6.188,-2.75,-0.01,0.006,0.008,-0.99,1.01,9.41,0.15,0.34,-0.41,-0.15,0.16,9.8,0.99,1.25,0.0,0.0,6.0,1.0,1017.06,67.54,-17.58
2025-03-24 18:05:10.864000+00:00,41.79194600745283,,,,21.0,-0.688,-0.812,22.82,-135.562,6.188,-2.75,-0.01,0.006,0.008,0.19,0.12,9.45,0.15,0.34,-0.41,-0.15,0.16,9.8,0.99,1.25,0.0,0.0,6.0,1.0,1017.06,67.54,-17.58
2025-03-24 18:05:11.870000+00:00,41.79194600745283,,,,21.0,-0.688,-0.812,22.82,-135.562,6.188,-2.75,-0.01,0.006,0.008,-0.01,0.13,9.28,0.15,0.34,-0.41,-0.15,0.16,9.8,0.99,1.25,0.0,0.0,6.0,1.0,1017.06,67.54,-17.58
2025-03-24 18:05:12.867000+00:00,41.79194600745283,,,,21.0,-0.688,-0.812,22.82,-135.562,6.188,-2.75,-0.01,0.006,0.008,0.21,0.44,9.5,0.15,0.34,-0.41,-0.15,0.16,9.8,0.99,1.25,0.0,0.0,6.0,1.0,1017.06,67.54,-17.58
2025-03-24 18:05:13.890000+00:00,41.79194600745283,,,,21.0,-0.688,-0.812,22.82,-135.562,6.188,-2.75,-0.01,0.006,0.008,0.31,0.14,9.42,0.15,0.34,-0.41,-0.15,0.16,9.8,0.99,1.25,0.0,0.0,6.0,1.0,1017.06,67.54,-17.58
2025-03-24 18:05:14.890000+00:00,41.79194600745283,,,,21.0,-0.688,-0.812,22.82,-135.562,6.188,-2.75,-0.01,0.006,0.008,-0.53,0.15,9.31,0.15,0.34,-0.41,-0.15,0.16,9.8,0.99,1.25,0.0,0.0,6.0,1.0,1017.06,67.54,-17.58
2025-03-24 18:05:15.890000+00:00,41.79194600745283,,,,21.0,-0.688,-0.812,22.82,-135.562,6.188,-2.75,-0.01,0.006,0.008,0.2,-0.14,9.56,0.15,0.34,-0.41,-0.15,0.16,9.8,0.99,1.25,0.0,0.0,6.0,1.0,1017.06,67.54,-17.58
2025-03-24 18:05:16.909000+00:00,41.79194600745283,,,,21.0,-0.688,-0.812,22.82,-135.562,6.188,-2.75,-0.01,0.006,0.008,-0.83,-0.08,9.56,0.15,0.34,-0.41,-0.15,0.16,9.8,0.99,1.25,0.0,0.0,6.0,1.0,1017.06,67.54,-17.58
2025-03-24 18:04:17.740000+00:00,41.79194600745283,,,,21.0,-0.688,-0.812,22.82,-135.562,6.188,-2.75,-0.01,0.006,0.008,-0.83,-0.08,9.56,0.15,0.34,-0.41,-0.15,0.16,9.8,0.99,1.25,0.0,0.0,6.0,1.0,1017.06,67.54,-17.58
2025-03-24 18:04:18.617000+00:00,41.79194600745283,,,,21.0,-0.688,-0.812,22.82,-135.562,6.188,-2.75,-0.01,0.006,0.008,-0.83,-0.08,9.56,0.02,-0.39,-0.41,-0.15,0.16,9.8,0.99,1.25,0.0,0.0,6.0,1.0,1017.06,67.54,-17.58
2025-03-24 18:04:19.543000+00:00,41.79194600745283,,,,21.0,-0.688,-0.812,22.82,-135.562,6.188,-2.75,-0.01,0.006,0.008,-0.83,-0.08,9.56,-0.29,0.11,-0.17,-0.15,0.16,9.8,0.99,1.25,0.0,0.0,6.0,1.0,1017.06,67.54,-17.58
2025-03-24 18:04:20.720000+00:00,41.79194600745283,,,,21.0,-0.688,-0.812,22.82,-135.562,6.188,-2.75,-0.01,0.006,0.008,-0.83,-0.08,9.56,-1.05,0.01,-0.35,-0.15,0.16,9.8,0.99,1.25,0.0,0.0,6.0,1.0,1017.06,67.54,-17.58
2025-03-24 18:04:21.403000+00:00,41.79194600745283,,,,21.0,-0.688,-0.812,22.82,-135.562,6.188,-2.75,-0.01,0.006,0.008,-0.83,-0.08,9.56,0.21,0.43,-0.56,-0.15,0.16,9.8,0.99,1.25,0.0,0.0,6.0,1.0,1017.06,67.54,-17.58
2025-03-24 18:04:22.433000+00:00,41.79194600745283,,,,21.0,-0.688,-0.812,22.82,-135.562,6.188,-2.75,-0.01,0.006,0.008,-0.83,-0.08,9.56,0.24,0.17,-0.37,-0.15,0.16,9.8,0.99,1.25,0.0,0.0,6.0,1.0,1017.06,67.54,-17.58
2025-03-24 18:04:23.447000+00:00,41.79194600745283,,,,21.0,-0.688,-0.812,22.82,-135.562,6.188,-2.75,-0.01,0.006,0.008,-0.83,-0.08,9.56,-0.48,0.09,-0.35,-0.15,0.16,9.8,0.99,1.25,0.0,0.0,6.0,1.0,1017.06,67.54,-17.58
2025-03-24 18:04:24.466000+00:00,41.79194600745283,,,,21.0,-0.688,-0.812,22.82,-135.562,6.188,-2.75,-0.01,0.006,0.008,-0.83,-0.08,9.56,-0.77,0.05,-0.3,-0.15,0.16,9.8,0.99,1.25,0.0,0.0,6.0,1.0,1017.06,67.54,-17.58
2025-03-24 18:04:25.460000+00:00,41.79194600745283,,,,21.0,-0.688,-0.812,22.82,-135.562,6.188,-2.75,-0.01,0.006,0.008,-0.83,-0.08,9.56,0.64,-0.24,-0.43,-0.15,0.16,9.8,0.99,1.25,0.0,0.0,6.0,1.0,1017.06,67.54,-17.58
2025-03-24 18:04:26.493000+00:00,41.79194600745283,,,,21.0,-0.688,-0.812,22.82,-135.562,6.188,-2.75,-0.01,0.006,0.008,-0.83,-0.08,9.56,0.74,-0.09,-0.36,-0.15,0.16,9.8,0.99,1.25,0.0,0.0,6.0,1.0,1017.06,67.54,-17.58
2025-03-24 18:04:27.589000+00:00,41.79194600745283,,,,21.0,-0.688,-0.812,22.82,-135.562,6.188,-2.75,-0.01,0.006,0.008,-0.83,-0.08,9.56,-0.01,0.56,-0.27,-0.15,0.16,9.8,0.99,1.25,0.0,0.0,6.0,1.0,1017.06,67.54,-17.58
2025-03-24 18:04:28.680000+00:00,41.79194600745283,,,,21.0,-0.688,-0.812,22.82,-135.562,6.188,-2.75,-0.01,0.006,0.008,-0.83,-0.08,9.56,0.23,-0.54,-0.48,-0.15,0.16,9.8,0.99,1.25,0.0,0.0,6.0,1.0,1017.06,67.54,-17.58
2025-03-24 18:04:29.660000+00:00,41.79194600745283,,,,21.0,-0.688,-0.812,22.82,-135.562,6.188,-2.75,-0.01,0.006,0.008,-0.83,-0.08,9.56,0.38,-0.02,-0.33,-0.15,0.16,9.8,0.99,1.25,0.0,0.0,6.0,1.0,1017.06,67.54,-17.58
2025-03-24 18:04:30.850000+00:00,41.79194600745283,,,,21.0,-0.688,-0.812,22.82,-135.562,6.188,-2.75,-0.01,0.006,0.008,-0.83,-0.08,9.56,0.76,0.0,-0.57,-0.15,0.16,9.8,0.99,1.25,0.0,0.0,6.0,1.0,1017.06,67.54,-17.58
2025-03-24 18:04:31.542000+00:00,41.79194600745283,,,,21.0,-0.688,-0.812,22.82,-135.562,6.188,-2.75,-0.01,0.006,0.008,-0.83,-0.08,9.56,-0.23,0.38,-0.33,-0.15,0.16,9.8,0.99,1.25,0.0,0.0,6.0,1.0,1017.06,67.54,-17.58
2025-03-24 18:04:32.549000+00:00,41.79194600745283,,,,21.0,-0.688,-0.812,22.82,-135.562,6.188,-2.75,-0.01,0.006,0.008,-0.83,-0.08,9.56,-0.15,-0.05,-0.43,-0.15,0.16,9.8,0.99,1.25,0.0,0.0,6.0,1.0,1017.06,67.54,-17.58
2025-03-24 18:04:33.549000+00:00,41.79194600745283,,,,21.0,-0.688,-0.812,22.82,-135.562,6.188,-2.75,-0.01,0.006,0.008,-0.83,-0.08,9.56,0.16,-0.06,-0.39,-0.15,0.16,9.8,0.99,1.25,0.0,0.0,6.0,1.0,1017.06,67.54,-17.58
2025-03-24 18:04:34.556000+00:00,41.79194600745283,,,,21.0,-0.688,-0.812,22.82,-135.562,6.188,-2.75,-0.01,0.006,0.008,-0.83,-0.08,9.56,-0.02,0.61,-0.29,-0.15,0.16,9.8,0.99,1.25,0.0,0.0,6.0,1.0,1017.06,67.54,-17.58
2025-03-24 18:04:35.545000+00:00,41.79194600745283,,,,21.0,-0.688,-0.812,22.82,-135.562,6.188,-2.75,-0.01,0.006,0.008,-0.83,-0.08,9.56,0.08,0.29,-0.49,-0.15,0.16,9.8,0.99,1.25,0.0,0.0,6.0,1.0,1017.06,67.54,-17.58
2025-03-24 18:04:36.687000+00:00,41.79194600745283,,,,21.0,-0.688,-0.812,22.82,-135.562,6.188,-2.75,-0.01,0.006,0.008,-0.83,-0.08,9.56,-0.27,-0.29,-0.28,-0.15,0.16,9.8,0.99,1.25,0.0,0.0,6.0,1.0,1017.06,67.54,-17.58
2025-03-24 18:04:37.662000+00:00,41.79194600745283,,,,21.0,-0.688,-0.812,22.82,-135.562,6.188,-2.75,-0.01,0.006,0.008,-0.83,-0.08,9.56,-0.41,0.2,-0.46,-0.15,0.16,9.8,0.99,1.25,0.0,0.0,6.0,1.0,1017.06,67.54,-17.58
2025-03-24 18:04:38.620000+00:00,41.79194600745283,,,,21.0,-0.688,-0.812,22.82,-135.562,6.188,-2.75,-0.01,0.006,0.008,-0.83,-0.08,9.56,0.23,-0.25,-0.33,-0.15,0.16,9.8,0.99,1.25,0.0,0.0,6.0,1.0,1017.06,67.54,-17.58
2025-03-24 18:04:39.629000+00:00,41.79194600745283,,,,21.0,-0.688,-0.812,22.82,-135.562,6.188,-2.75,-0.01,0.006,0.008,-0.83,-0.08,9.56,0.32,-0.2,-0.33,-0.15,0.16,9.8,0.99,1.25,0.0,0.0,6.0,1.0,1017.06,67.54,-17.58
2025-03-24 18:04:40.627000+00:00,41.79194600745283,,,,21.0,-0.688,-0.812,22.82,-135.562,6.188,-2.75,-0.01,0.006,0.008,-0.83,-0.08,9.56,0.34,-0.05,-0.43,-0.15,0.16,9.8,0.99,1.25,0.0,0.0,6.0,1.0,1017.06,67.54,-17.58
2025-03-24 18:04:41.622000+00:00,41.79194600745283,,,,21.0,-0.688,-0.812,22.82,-135.562,6.188,-2.75,-0.01,0.006,0.008,-0.83,-0.08,9.56,0.63,-0.17,-0.32,-0.15,0.16,9.8,0.99,1.25,0.0,0.0,6.0,1.0,1017.06,67.54,-17.58
2025-03-24 18:04:42.699000+00:00,41.79194600745283,,,,21.0,-0.688,-0.812,22.82,-135.562,6.188,-2.75,-0.01,0.006,0.008,-0.83,-0.08,9.56,-0.11,0.28,-0.49,-0.15,0.16,9.8,0.99,1.25,0.0,0.0,6.0,1.0,1017.06,67.54,-17.58
2025-03-24 18:04:43.642000+00:00,41.79194600745283,,,,21.0,-0.688,-0.812,22.82,-135.562,6.188,-2.75,-0.01,0.006,0.008,-0.83,-0.08,9.56,0.53,0.02,-0.82,-0.15,0.16,9.8,0.99,1.25,0.0,0.0,6.0,1.0,1017.06,67.54,-17.58
2025-03-24 18:04:44.682000+00:00,41.79194600745283,,,,21.0,-0.688,-0.812,22.82,-135.562,6.188,-2.75,-0.01,0.006,0.008,-0.83,-0.08,9.56,-0.05,0.31,-0.51,-0.15,0.16,9.8,0.99,1.25,0.0,0.0,6.0,1.0,1017.06,67.54,-17.58
2025-03-24 18:04:45.882000+00:00,41.79194600745283,,,,21.0,-0.688,-0.812,22.82,-135.562,6.188,-2.75,-0.01,0.006,0.008,-0.83,-0.08,9.56,0.1,0.79,-0.41,-0.15,0.16,9.8,0.99,1.25,0.0,0.0,6.0,1.0,1017.06,67.54,-17.58
2025-03-24 18:04:46.943000+00:00,41.79194600745283,,,,21.0,-0.688,-0.812,22.82,-135.562,6.188,-2.75,-0.01,0.006,0.008,-0.83,-0.08,9.56,-0.33,0.45,-0.34,-0.15,0.16,9.8,0.99,1.25,0.0,0.0,6.0,1.0,1017.06,67.54,-17.58
2025-03-24 18:04:47.671000+00:00,41.79194600745283,,,,21.0,-0.688,-0.812,22.82,-135.562,6.188,-2.75,-0.01,0.006,0.008,-0.83,-0.08,9.56,-0.22,0.93,-0.41,-0.15,0.16,9.8,0.99,1.25,0.0,0.0,6.0,1.0,1017.06,67.54,-17.58
2025-03-24 18:04:48.678000+00:00,41.79194600745283,,,,21.0,-0.688,-0.812,22.82,-135.562,6.188,-2.75,-0.01,0.006,0.008,-0.83,-0.08,9.56,0.1,0.16,-0.41,-0.15,0.16,9.8,0.99,1.25,0.0,0.0,6.0,1.0,1017.06,67.54,-17.58
2025-03-24 18:04:49.708000+00:00,41.79194600745283,,,,21.0,-0.688,-0.812,22.82,-135.562,6.188,-2.75,-0.01,0.006,0.008,-0.83,-0.08,9.56,-0.06,0.19,-0.35,-0.15,0.16,9.8,0.99,1.25,0.0,0.0,6.0,1.0,1017.06,67.54,-17.58
2025-03-24 18:04:50.749000+00:00,41.79194600745283,,,,21.0,-0.688,-0.812,22.82,-135.562,6.188,-2.75,-0.01,0.006,0.008,-0.83,-0.08,9.56,-0.18,0.18,-0.38,-0.15,0.16,9.8,0.99,1.25,0.0,0.0,6.0,1.0,1017.06,67.54,-17.58
2025-03-24 18:04:51.721000+00:00,41.79194600745283,,,,21.0,-0.688,-0.812,22.82,-135.562,6.188,-2.75,-0.01,0.006,0.008,-0.83,-0.08,9.56,-0.4,0.06,-0.33,-0.15,0.16,9.8,0.99,1.25,0.0,0.0,6.0,1.0,1017.06,67.54,-17.58
2025-03-24 18:04:52.778000+00:00,41.79194600745283,,,,21.0,-0.688,-0.812,22.82,-135.562,6.188,-2.75,-0.01,0.006,0.008,-0.83,-0.08,9.56,0.13,-0.01,-0.41,-0.15,0.16,9.8,0.99,1.25,0.0,0.0,6.0,1.0,1017.06,67.54,-17.58
2025-03-24 18:04:53.735000+00:00,41.79194600745283,,,,21.0,-0.688,-0.812,22.82,-135.562,6.188,-2.75,-0.01,0.006,0.008,-0.83,-0.08,9.56,-0.42,0.01,-0.28,-0.15,0.16,9.8,0.99,1.25,0.0,0.0,6.0,1.0,1017.06,67.54,-17.58
2025-03-24 18:04:54.750000+00:00,41.79194600745283,,,,21.0,-0.688,-0.812,22.82,-135.562,6.188,-2.75,-0.01,0.006,0.008,-0.83,-0.08,9.56,-0.62,0.39,-0.24,-0.15,0.16,9.8,0.99,1.25,0.0,0.0,6.0,1.0,1017.06,67.54,-17.58
2025-03-24 18:04:55.768000+00:00,41.79194600745283,,,,21.0,-0.688,-0.812,22.82,-135.562,6.188,-2.75,-0.01,0.006,0.008,-0.83,-0.08,9.56,-0.58,-0.06,-0.28,-0.15,0.16,9.8,0.99,1.25,0.0,0.0,6.0,1.0,1017.06,67.54,-17.58
2025-03-24 18:04:56.794000+00:00,41.79194600745283,,,,21.0,-0.688,-0.812,22.82,-135.562,6.188,-2.75,-0.01,0.006,0.008,-0.83,-0.08,9.56,0.5,-0.54,-0.47,-0.15,0.16,9.8,0.99,1.25,0.0,0.0,6.0,1.0,1017.06,67.54,-17.58
2025-03-24 18:04:57.940000+00:00,41.79194600745283,,,,21.0,-0.688,-0.812,22.82,-135.562,6.188,-2.75,-0.01,0.006,0.008,-0.83,-0.08,9.56,0.13,-0.6,-0.32,-0.15,0.16,9.8,0.99,1.25,0.0,0.0,6.0,1.0,1017.06,67.54,-17.58
2025-03-24 18:04:59.106000+00:00,41.79194600745283,,,,21.0,-0.688,-0.812,22.82,-135.562,6.188,-2.75,-0.01,0.006,0.008,-0.83,-0.08,9.56,-0.16,0.21,-0.57,-0.15,0.16,9.8,0.99,1.25,0.0,0.0,6.0,1.0,1017.06,67.54,-17.58
2025-03-24 18:04:59.796000+00:00,41.79194600745283,,,,21.0,-0.688,-0.812,22.82,-135.562,6.188,-2.75,-0.01,0.006,0.008,-0.83,-0.08,9.56,0.19,-0.59,-0.32,-0.15,0.16,9.8,0.99,1.25,0.0,0.0,6.0,1.0,1017.06,67.54,-17.58
2025-03-24 18:05:00.796000+00:00,41.79194600745283,,,,21.0,-0.688,-0.812,22.82,-135.562,6.188,-2.75,-0.01,0.006,0.008,-0.83,-0.08,9.56,-0.24,-0.03,-0.42,-0.15,0.16,9.8,0.99,1.25,0.0,0.0,6.0,1.0,1017.06,67.54,-17.58
2025-03-24 18:05:01.841000+00:00,41.79194600745283,,,,21.0,-0.688,-0.812,22.82,-135.562,6.188,-2.75,-0.01,0.006,0.008,-0.83,-0.08,9.56,-0.21,-0.08,-0.34,-0.15,0.16,9.8,0.99,1.25,0.0,0.0,6.0,1.0,1017.06,67.54,-17.58
2025-03-24 18:05:02.885000+00:00,41.79194600745283,,,,21.0,-0.688,-0.812,22.82,-135.562,6.188,-2.75,-0.01,0.006,0.008,-0.83,-0.08,9.56,0.18,0.15,-0.8,-0.15,0.16,9.8,0.99,1.25,0.0,0.0,6.0,1.0,1017.06,67.54,-17.58
2025-03-24 18:05:03.820000+00:00,41.79194600745283,,,,21.0,-0.688,-0.812,22.82,-135.562,6.188,-2.75,-0.01,0.006,0.008,-0.83,-0.08,9.56,0.07,0.35,-0.55,-0.15,0.16,9.8,0.99,1.25,0.0,0.0,6.0,1.0,1017.06,67.54,-17.58
2025-03-24 18:05:04.857000+00:00,41.79194600745283,,,,21.0,-0.688,-0.812,22.82,-135.562,6.188,-2.75,-0.01,0.006,0.008,-0.83,-0.08,9.56,0.1,-0.09,-0.35,-0.15,0.16,9.8,0.99,1.25,0.0,0.0,6.0,1.0,1017.06,67.54,-17.58
2025-03-24 18:05:05.870000+00:00,41.79194600745283,,,,21.0,-0.688,-0.812,22.82,-135.562,6.188,-2.75,-0.01,0.006,0.008,-0.83,-0.08,9.56,0.18,-0.55,-0.25,-0.15,0.16,9.8,0.99,1.25,0.0,0.0,6.0,1.0,1017.06,67.54,-17.58
2025-03-24 18:05:06.907000+00:00,41.79194600745283,,,,21.0,-0.688,-0.812,22.82,-135.562,6.188,-2.75,-0.01,0.006,0.008,-0.83,-0.08,9.56,0.55,-0.16,-0.41,-0.15,0.16,9.8,0.99,1.25,0.0,0.0,6.0,1.0,1017.06,67.54,-17.58
2025-03-24 18:05:07.881000+00:00,41.79194600745283,,,,21.0,-0.688,-0.812,22.82,-135.562,6.188,-2.75,-0.01,0.006,0.008,-0.83,-0.08,9.56,-0.68,0.39,-0.22,-0.15,0.16,9.8,0.99,1.25,0.0,0.0,6.0,1.0,1017.06,67.54,-17.58
2025-03-24 18:05:08.874000+00:00,41.79194600745283,,,,21.0,-0.688,-0.812,22.82,-135.562,6.188,-2.75,-0.01,0.006,0.008,-0.83,-0.08,9.56,0.05,0.65,-0.39,-0.15,0.16,9.8,0.99,1.25,0.0,0.0,6.0,1.0,1017.06,67.54,-17.58
2025-03-24 18:05:09.901000+00:00,41.79194600745283,,,,21.0,-0.688,-0.812,22.82,-135.562,6.188,-2.75,-0.01,0.006,0.008,-0.83,-0.08,9.56,-0.84,0.86,-0.38,-0.15,0.16,9.8,0.99,1.25,0.0,0.0,6.0,1.0,1017.06,67.54,-17.58
2025-03-24 18:05:10.910000+00:00,41.79194600745283,,,,21.0,-0.688,-0.812,22.82,-135.562,6.188,-2.75,-0.01,0.006,0.008,-0.83,-0.08,9.56,0.32,-0.02,-0.35,-0.15,0.16,9.8,0.99,1.25,0.0,0.0,6.0,1.0,1017.06,67.54,-17.58
2025-03-24 18:05:11.921000+00:00,41.79194600745283,,,,21.0,-0.688,-0.812,22.82,-135.562,6.188,-2.75,-0.01,0.006,0.008,-0.83,-0.08,9.56,0.77,0.1,-0.36,-0.15,0.16,9.8,0.99,1.25,0.0,0.0,6.0,1.0,1017.06,67.54,-17.58
2025-03-24 18:05:12.925000+00:00,41.79194600745283,,,,21.0,-0.688,-0.812,22.82,-135.562,6.188,-2.75,-0.01,0.006,0.008,-0.83,-0.08,9.56,0.35,0.27,-0.3,-0.15,0.16,9.8,0.99,1.25,0.0,0.0,6.0,1.0,1017.06,67.54,-17.58
2025-03-24 18:05:13.947000+00:00,41.79194600745283,,,,21.0,-0.688,-0.812,22.82,-135.562,6.188,-2.75,-0.01,0.006,0.008,-0.83,-0.08,9.56,0.46,0.0,-0.38,-0.15,0.16,9.8,0.99,1.25,0.0,0.0,6.0,1.0,1017.06,67.54,-17.58
2025-03-24 18:05:14.941000+00:00,41.79194600745283,,,,21.0,-0.688,-0.812,22.82,-135.562,6.188,-2.75,-0.01,0.006,0.008,-0.83,-0.08,9.56,-0.37,0.0,-0.48,-0.15,0.16,9.8,0.99,1.25,0.0,0.0,6.0,1.0,1017.06,67.54,-17.58
2025-03-24 18:05:15.940000+00:00,41.79194600745283,,,,21.0,-0.688,-0.812,22.82,-135.562,6.188,-2.75,-0.01,0.006,0.008,-0.83,-0.08,9.56,0.32,-0.29,-0.24,-0.15,0.16,9.8,0.99,1.25,0.0,0.0,6.0,1.0,1017.06,67.54,-17.58
2025-03-24 18:05:16.960000+00:00,41.79194600745283,,,,21.0,-0.688,-0.812,22.82,-135.562,6.188,-2.75,-0.01,0.006,0.008,-0.83,-0.08,9.56,-1.04,0.16,-0.23,-0.15,0.16,9.8,0.99,1.25,0.0,0.0,6.0,1.0,1017.06,67.54,-17.58
2025-03-24 18:04:17.796000+00:00,41.79194600745283,,,,21.0,-0.688,-0.812,22.82,-135.562,6.188,-2.75,-0.01,0.006,0.008,-0.83,-0.08,9.56,-1.04,0.16,-0.23,-0.15,0.16,9.8,0.99,1.25,0.0,0.0,6.0,1.0,1017.06,67.54,-17.58
2025-03-24 18:04:18.663000+00:00,41.79194600745283,,,,21.0,-0.688,-0.812,22.82,-135.562,6.188,-2.75,-0.01,0.006,0.008,-0.83,-0.08,9.56,-1.04,0.16,-0.23,-0.13,0.15,9.8,0.99,1.25,0.0,0.0,6.0,1.0,1017.06,67.54,-17.58
2025-03-24 18:04:19.592000+00:00,41.79194600745283,,,,21.0,-0.688,-0.812,22.82,-135.562,6.188,-2.75,-0.01,0.006,0.008,-0.83,-0.08,9.56,-1.04,0.16,-0.23,-0.14,0.15,9.8,0.99,1.25,0.0,0.0,6.0,1.0,1017.06,67.54,-17.58
2025-03-24 18:04:20.780000+00:00,41.79194600745283,,,,21.0,-0.688,-0.812,22.82,-135.562,6.188,-2.75,-0.01,0.006,0.008,-0.83,-0.08,9.56,-1.04,0.16,-0.23,-0.15,0.15,9.8,0.99,1.25,0.0,0.0,6.0,1.0,1017.06,67.54,-17.58
2025-03-24 18:04:21.460000+00:00,41.79194600745283,,,,21.0,-0.688,-0.812,22.82,-135.562,6.188,-2.75,-0.01,0.006,0.008,-0.83,-0.08,9.56,-1.04,0.16,-0.23,-0.13,0.16,9.8,0.99,1.25,0.0,0.0,6.0,1.0,1017.06,67.54,-17.58
2025-03-24 18:04:22.483000+00:00,41.79194600745283,,,,21.0,-0.688,-0.812,22.82,-135.562,6.188,-2.75,-0.01,0.006,0.008,-0.83,-0.08,9.56,-1.04,0.16,-0.23,-0.12,0.15,9.8,0.99,1.25,0.0,0.0,6.0,1.0,1017.06,67.54,-17.58
2025-03-24 18:04:23.493000+00:00,41.79194600745283,,,,21.0,-0.688,-0.812,22.82,-135.562,6.188,-2.75,-0.01,0.006,0.008,-0.83,-0.08,9.56,-1.04,0.16,-0.23,-0.13,0.15,9.8,0.99,1.25,0.0,0.0,6.0,1.0,1017.06,67.54,-17.58
2025-03-24 18:04:24.531000+00:00,41.79194600745283,,,,21.0,-0.688,-0.812,22.82,-135.562,6.188,-2.75,-0.01,0.006,0.008,-0.83,-0.08,9.56,-1.04,0.16,-0.23,-0.12,0.16,9.8,0.99,1.25,0.0,0.0,6.0,1.0,1017.06,67.54,-17.58
2025-03-24 18:04:25.518000+00:00,41.79194600745283,,,,21.0,-0.688,-0.812,22.82,-135.562,6.188,-2.75,-0.01,0.006,0.008,-0.83,-0.08,9.56,-1.04,0.16,-0.23,-0.11,0.15,9.8,0.99,1.25,0.0,0.0,6.0,1.0,1017.06,67.54,-17.58
2025-03-24 18:04:26.543000+00:00,41.79194600745283,,,,21.0,-0.688,-0.812,22.82,-135.562,6.188,-2.75,-0.01,0.006,0.008,-0.83,-0.08,9.56,-1.04,0.16,-0.23,-0.11,0.15,9.8,0.99,1.25,0.0,0.0,6.0,1.0,1017.06,67.54,-17.58
2025-03-24 18:04:27.633000+00:00,41.79194600745283,,,,21.0,-0.688,-0.812,22.82,-135.562,6.188,-2.75,-0.01,0.006,0.008,-0.83,-0.08,9.56,-1.04,0.16,-0.23,-0.13,0.16,9.8,0.99,1.25,0.0,0.0,6.0,1.0,1017.06,67.54,-17.58
2025-03-24 18:04:28.740000+00:00,41.79194600745283,,,,21.0,-0.688,-0.812,22.82,-135.562,6.188,-2.75,-0.01,0.006,0.008,-0.83,-0.08,9.56,-1.04,0.16,-0.23,-0.16,0.17,9.8,0.99,1.25,0.0,0.0,6.0,1.0,1017.06,67.54,-17.58
2025-03-24 18:04:29.720000+00:00,41.79194600745283,,,,21.0,-0.688,-0.812,22.82,-135.562,6.188,-2.75,-0.01,0.006,0.008,-0.83,-0.08,9.56,-1.04,0.16,-0.23,-0.15,0.15,9.8,0.99,1.25,0.0,0.0,6.0,1.0,1017.06,67.54,-17.58
2025-03-24 18:04:30.903000+00:00,41.79194600745283,,,,21.0,-0.688,-0.812,22.82,-135.562,6.188,-2.75,-0.01,0.006,0.008,-0.83,-0.08,9.56,-1.04,0.16,-0.23,-0.12,0.14,9.8,0.99,1.25,0.0,0.0,6.0,1.0,1017.06,67.54,-17.58
2025-03-24 18:04:31.602000+00:00,41.79194600745283,,,,21.0,-0.688,-0.812,22.82,-135.562,6.188,-2.75,-0.01,0.006,0.008,-0.83,-0.08,9.56,-1.04,0.16,-0.23,-0.11,0.15,9.8,0.99,1.25,0.0,0.0,6.0,1.0,1017.06,67.54,-17.58
2025-03-24 18:04:32.610000+00:00,41.79194600745283,,,,21.0,-0.688,-0.812,22.82,-135.562,6.188,-2.75,-0.01,0.006,0.008,-0.83,-0.08,9.56,-1.04,0.16,-0.23,-0.13,0.15,9.8,0.99,1.25,0.0,0.0,6.0,1.0,1017.06,67.54,-17.58
2025-03-24 18:04:33.603000+00:00,41.79194600745283,,,,21.0,-0.688,-0.812,22.82,-135.562,6.188,-2.75,-0.01,0.006,0.008,-0.83,-0.08,9.56,-1.04,0.16,-0.23,-0.15,0.14,9.8,0.99,1.25,0.0,0.0,6.0,1.0,1017.06,67.54,-17.58
2025-03-24 18:04:34.612000+00:00,41.79194600745283,,,,21.0,-0.688,-0.812,22.82,-135.562,6.188,-2.75,-0.01,0.006,0.008,-0.83,-0.08,9.56,-1.04,0.16,-0.23,-0.16,0.15,9.8,0.99,1.25,0.0,0.0,6.0,1.0,1017.06,67.54,-17.58
2025-03-24 18:04:35.592000+00:00,41.79194600745283,,,,21.0,-0.688,-0.812,22.82,-135.562,6.188,-2.75,-0.01,0.006,0.008,-0.83,-0.08,9.56,-1.04,0.16,-0.23,-0.17,0.15,9.8,0.99,1.25,0.0,0.0,6.0,1.0,1017.06,67.54,-17.58
2025-03-24 18:04:36.732000+00:00,41.79194600745283,,,,21.0,-0.688,-0.812,22.82,-135.562,6.188,-2.75,-0.01,0.006,0.008,-0.83,-0.08,9.56,-1.04,0.16,-0.23,-0.15,0.15,9.8,0.99,1.25,0.0,0.0,6.0,1.0,1017.06,67.54,-17.58
2025-03-24 18:04:37.719000+00:00,41.79194600745283,,,,21.0,-0.688,-0.812,22.82,-135.562,6.188,-2.75,-0.01,0.006,0.008,-0.83,-0.08,9.56,-1.04,0.16,-0.23,-0.14,0.15,9.8,0.99,1.25,0.0,0.0,6.0,1.0,1017.06,67.54,-17.58
2025-03-24 18:04:38.673000+00:00,41.79194600745283,,,,21.0,-0.688,-0.812,22.82,-135.562,6.188,-2.75,-0.01,0.006,0.008,-0.83,-0.08,9.56,-1.04,0.16,-0.23,-0.12,0.15,9.8,0.99,1.25,0.0,0.0,6.0,1.0,1017.06,67.54,-17.58
2025-03-24 18:04:39.689000+00:00,41.79194600745283,,,,21.0,-0.688,-0.812,22.82,-135.562,6.188,-2.75,-0.01,0.006,0.008,-0.83,-0.08,9.56,-1.04,0.16,-0.23,-0.11,0.14,9.8,0.99,1.25,0.0,0.0,6.0,1.0,1017.06,67.54,-17.58
2025-03-24 18:04:40.673000+00:00,41.79194600745283,,,,21.0,-0.688,-0.812,22.82,-135.562,6.188,-2.75,-0.01,0.006,0.008,-0.83,-0.08,9.56,-1.04,0.16,-0.23,-0.11,0.16,9.8,0.99,1.25,0.0,0.0,6.0,1.0,1017.06,67.54,-17.58
2025-03-24 18:04:41.673000+00:00,41.79194600745283,,,,21.0,-0.688,-0.812,22.82,-135.562,6.188,-2.75,-0.01,0.006,0.008,-0.83,-0.08,9.56,-1.04,0.16,-0.23,-0.14,0.16,9.8,0.99,1.25,0.0,0.0,6.0,1.0,1017.06,67.54,-17.58
2025-03-24 18:04:42.759000+00:00,41.79194600745283,,,,21.0,-0.688,-0.812,22.82,-135.562,6.188,-2.75,-0.01,0.006,0.008,-0.83,-0.08,9.56,-1.04,0.16,-0.23,-0.13,0.16,9.8,0.99,1.25,0.0,0.0,6.0,1.0,1017.06,67.54,-17.58
2025-03-24 18:04:43.692000+00:00,41.79194600745283,,,,21.0,-0.688,-0.812,22.82,-135.562,6.188,-2.75,-0.01,0.006,0.008,-0.83,-0.08,9.56,-1.04,0.16,-0.23,-0.13,0.16,9.8,0.99,1.25,0.0,0.0,6.0,1.0,1017.06,67.54,-17.58
2025-03-24 18:04:44.736000+00:00,41.79194600745283,,,,21.0,-0.688,-0.812,22.82,-135.562,6.188,-2.75,-0.01,0.006,0.008,-0.83,-0.08,9.56,-1.04,0.16,-0.23,-0.13,0.16,9.8,0.99,1.25,0.0,0.0,6.0,1.0,1017.06,67.54,-17.58
2025-03-24 18:04:45.938000+00:00,41.79194600745283,,,,21.0,-0.688,-0.812,22.82,-135.562,6.188,-2.75,-0.01,0.006,0.008,-0.83,-0.08,9.56,-1.04,0.16,-0.23,-0.14,0.18,9.8,0.99,1.25,0.0,0.0,6.0,1.0,1017.06,67.54,-17.58
2025-03-24 18:04:46.997000+00:00,41.79194600745283,,,,21.0,-0.688,-0.812,22.82,-135.562,6.188,-2.75,-0.01,0.006,0.008,-0.83,-0.08,9.56,-1.04,0.16,-0.23,-0.14,0.17,9.8,0.99,1.25,0.0,0.0,6.0,1.0,1017.06,67.54,-17.58
2025-03-24 18:04:47.729000+00:00,41.79194600745283,,,,21.0,-0.688,-0.812,22.82,-135.562,6.188,-2.75,-0.01,0.006,0.008,-0.83,-0.08,9.56,-1.04,0.16,-0.23,-0.14,0.17,9.8,0.99,1.25,0.0,0.0,6.0,1.0,1017.06,67.54,-17.58
2025-03-24 18:04:48.732000+00:00,41.79194600745283,,,,21.0,-0.688,-0.812,22.82,-135.562,6.188,-2.75,-0.01,0.006,0.008,-0.83,-0.08,9.56,-1.04,0.16,-0.23,-0.13,0.16,9.8,0.99,1.25,0.0,0.0,6.0,1.0,1017.06,67.54,-17.58
2025-03-24 18:04:49.779000+00:00,41.79194600745283,,,,21.0,-0.688,-0.812,22.82,-135.562,6.188,-2.75,-0.01,0.006,0.008,-0.83,-0.08,9.56,-1.04,0.16,-0.23,-0.13,0.16,9.8,0.99,1.25,0.0,0.0,6.0,1.0,1017.06,67.54,-17.58
2025-03-24 18:04:50.801000+00:00,41.79194600745283,,,,21.0,-0.688,-0.812,22.82,-135.562,6.188,-2.75,-0.01,0.006,0.008,-0.83,-0.08,9.56,-1.04,0.16,-0.23,-0.12,0.15,9.8,0.99,1.25,0.0,0.0,6.0,1.0,1017.06,67.54,-17.58
2025-03-24 18:04:51.772000+00:00,41.79194600745283,,,,21.0,-0.688,-0.812,22.82,-135.562,6.188,-2.75,-0.01,0.006,0.008,-0.83,-0.08,9.56,-1.04,0.16,-0.23,-0.13,0.15,9.8,0.99,1.25,0.0,0.0,6.0,1.0,1017.06,67.54,-17.58
2025-03-24 18:04:52.831000+00:00,41.79194600745283,,,,21.0,-0.688,-0.812,22.82,-135.562,6.188,-2.75,-0.01,0.006,0.008,-0.83,-0.08,9.56,-1.04,0.16,-0.23,-0.12,0.15,9.8,0.99,1.25,0.0,0.0,6.0,1.0,1017.06,67.54,-17.58
2025-03-24 18:04:53.782000+00:00,41.79194600745283,,,,21.0,-0.688,-0.812,22.82,-135.562,6.188,-2.75,-0.01,0.006,0.008,-0.83,-0.08,9.56,-1.04,0.16,-0.23,-0.13,0.14,9.8,0.99,1.25,0.0,0.0,6.0,1.0,1017.06,67.54,-17.58
2025-03-24 18:04:54.803000+00:00,41.79194600745283,,,,21.0,-0.688,-0.812,22.82,-135.562,6.188,-2.75,-0.01,0.006,0.008,-0.83,-0.08,9.56,-1.04,0.16,-0.23,-0.16,0.14,9.8,0.99,1.25,0.0,0.0,6.0,1.0,1017.06,67.54,-17.58
2025-03-24 18:04:55.823000+00:00,41.79194600745283,,,,21.0,-0.688,-0.812,22.82,-135.562,6.188,-2.75,-0.01,0.006,0.008,-0.83,-0.08,9.56,-1.04,0.16,-0.23,-0.16,0.16,9.8,0.99,1.25,0.0,0.0,6.0,1.0,1017.06,67.54,-17.58
2025-03-24 18:04:56.848000+00:00,41.79194600745283,,,,21.0,-0.688,-0.812,22.82,-135.562,6.188,-2.75,-0.01,0.006,0.008,-0.83,-0.08,9.56,-1.04,0.16,-0.23,-0.15,0.15,9.8,0.99,1.25,0.0,0.0,6.0,1.0,1017.06,67.54,-17.58
2025-03-24 18:04:57.991000+00:00,41.79194600745283,,,,21.0,-0.688,-0.812,22.82,-135.562,6.188,-2.75,-0.01,0.006,0.008,-0.83,-0.08,9.56,-1.04,0.16,-0.23,-0.15,0.14,9.8,0.99,1.25,0.0,0.0,6.0,1.0,1017.06,67.54,-17.58
2025-03-24 18:04:59.156000+00:00,41.79194600745283,,,,21.0,-0.688,-0.812,22.82,-135.562,6.188,-2.75,-0.01,0.006,0.008,-0.83,-0.08,9.56,-1.04,0.16,-0.23,-0.16,0.15,9.8,0.99,1.25,0.0,0.0,6.0,1.0,1017.06,67.54,-17.58
2025-03-24 18:04:59.841000+00:00,41.79194600745283,,,,21.0,-0.688,-0.812,22.82,-135.562,6.188,-2.75,-0.01,0.006,0.008,-0.83,-0.08,9.56,-1.04,0.16,-0.23,-0.15,0.15,9.8,0.99,1.25,0.0,0.0,6.0,1.0,1017.06,67.54,-17.58
2025-03-24 18:05:00.843000+00:00,41.79194600745283,,,,21.0,-0.688,-0.812,22.82,-135.562,6.188,-2.75,-0.01,0.006,0.008,-0.83,-0.08,9.56,-1.04,0.16,-0.23,-0.14,0.15,9.8,0.99,1.25,0.0,0.0,6.0,1.0,1017.06,67.54,-17.58
2025-03-24 18:05:01.898000+00:00,41.79194600745283,,,,21.0,-0.688,-0.812,22.82,-135.562,6.188,-2.75,-0.01,0.006,0.008,-0.83,-0.08,9.56,-1.04,0.16,-0.23,-0.14,0.15,9.8,0.99,1.25,0.0,0.0,6.0,1.0,1017.06,67.54,-17.58
2025-03-24 18:05:02.936000+00:00,41.79194600745283,,,,21.0,-0.688,-0.812,22.82,-135.562,6.188,-2.75,-0.01,0.006,0.008,-0.83,-0.08,9.56,-1.04,0.16,-0.23,-0.14,0.14,9.8,0.99,1.25,0.0,0.0,6.0,1.0,1017.06,67.54,-17.58
2025-03-24 18:05:03.878000+00:00,41.79194600745283,,,,21.0,-0.688,-0.812,22.82,-135.562,6.188,-2.75,-0.01,0.006,0.008,-0.83,-0.08,9.56,-1.04,0.16,-0.23,-0.15,0.14,9.8,0.99,1.25,0.0,0.0,6.0,1.0,1017.06,67.54,-17.58
2025-03-24 18:05:04.912000+00:00,41.79194600745283,,,,21.0,-0.688,-0.812,22.82,-135.562,6.188,-2.75,-0.01,0.006,0.008,-0.83,-0.08,9.56,-1.04,0.16,-0.23,-0.16,0.14,9.8,0.99,1.25,0.0,0.0,6.0,1.0,1017.06,67.54,-17.58
2025-03-24 18:05:05.925000+00:00,41.79194600745283,,,,21.0,-0.688,-0.812,22.82,-135.562,6.188,-2.75,-0.01,0.006,0.008,-0.83,-0.08,9.56,-1.04,0.16,-0.23,-0.16,0.15,9.8,0.99,1.25,0.0,0.0,6.0,1.0,1017.06,67.54,-17.58
2025-03-24 18:05:06.960000+00:00,41.79194600745283,,,,21.0,-0.688,-0.812,22.82,-135.562,6.188,-2.75,-0.01,0.006,0.008,-0.83,-0.08,9.56,-1.04,0.16,-0.23,-0.16,0.15,9.8,0.99,1.25,0.0,0.0,6.0,1.0,1017.06,67.54,-17.58
2025-03-24 18:05:07.930000+00:00,41.79194600745283,,,,21.0,-0.688,-0.812,22.82,-135.562,6.188,-2.75,-0.01,0.006,0.008,-0.83,-0.08,9.56,-1.04,0.16,-0.23,-0.17,0.15,9.8,0.99,1.25,0.0,0.0,6.0,1.0,1017.06,67.54,-17.58
2025-03-24 18:05:08.925000+00:00,41.79194600745283,,,,21.0,-0.688,-0.812,22.82,-135.562,6.188,-2.75,-0.01,0.006,0.008,-0.83,-0.08,9.56,-1.04,0.16,-0.23,-0.14,0.15,9.8,0.99,1.25,0.0,0.0,6.0,1.0,1017.06,67.54,-17.58
2025-03-24 18:05:09.957000+00:00,41.79194600745283,,,,21.0,-0.688,-0.812,22.82,-135.562,6.188,-2.75,-0.01,0.006,0.008,-0.83,-0.08,9.56,-1.04,0.16,-0.23,-0.14,0.15,9.8,0.99,1.25,0.0,0.0,6.0,1.0,1017.06,67.54,-17.58
2025-03-24 18:05:10.968000+00:00,41.79194600745283,,,,21.0,-0.688,-0.812,22.82,-135.562,6.188,-2.75,-0.01,0.006,0.008,-0.83,-0.08,9.56,-1.04,0.16,-0.23,-0.12,0.15,9.8,0.99,1.25,0.0,0.0,6.0,1.0,1017.06,67.54,-17.58
2025-03-24 18:05:11.971000+00:00,41.79194600745283,,,,21.0,-0.688,-0.812,22.82,-135.562,6.188,-2.75,-0.01,0.006,0.008,-0.83,-0.08,9.56,-1.04,0.16,-0.23,-0.13,0.17,9.8,0.99,1.25,0.0,0.0,6.0,1.0,1017.06,67.54,-17.58
2025-03-24 18:05:12.974000+00:00,41.79194600745283,,,,21.0,-0.688,-0.812,22.82,-135.562,6.188,-2.75,-0.01,0.006,0.008,-0.83,-0.08,9.56,-1.04,0.16,-0.23,-0.14,0.16,9.8,0.99,1.25,0.0,0.0,6.0,1.0,1017.06,67.54,-17.58
2025-03-24 18:05:14.007000+00:00,41.79194600745283,,,,21.0,-0.688,-0.812,22.82,-135.562,6.188,-2.75,-0.01,0.006,0.008,-0.83,-0.08,9.56,-1.04,0.16,-0.23,-0.15,0.15,9.8,0.99,1.25,0.0,0.0,6.0,1.0,1017.06,67.54,-17.58
2025-03-24 18:05:15+00:00,41.79194600745283,,,,21.0,-0.688,-0.812,22.82,-135.562,6.188,-2.75,-0.01,0.006,0.008,-0.83,-0.08,9.56,-1.04,0.16,-0.23,-0.15,0.15,9.8,0.99,1.25,0.0,0.0,6.0,1.0,1017.06,67.54,-17.58
2025-03-24 18:05:15.990000+00:00,41.79194600745283,,,,21.0,-0.688,-0.812,22.82,-135.562,6.188,-2.75,-0.01,0.006,0.008,-0.83,-0.08,9.56,-1.04,0.16,-0.23,-0.12,0.14,9.8,0.99,1.25,0.0,0.0,6.0,1.0,1017.06,67.54,-17.58
2025-03-24 18:05:17.017000+00:00,41.79194600745283,,,,21.0,-0.688,-0.812,22.82,-135.562,6.188,-2.75,-0.01,0.006,0.008,-0.83,-0.08,9.56,-1.04,0.16,-0.23,-0.11,0.12,9.8,0.99,1.25,0.0,0.0,6.0,1.0,1017.06,67.54,-17.58
2025-03-24 18:04:17.899000+00:00,41.79194600745283,,,,21.0,-0.688,-0.812,22.82,-135.562,6.188,-2.75,-0.01,0.006,0.008,-0.83,-0.08,9.56,-1.04,0.16,-0.23,-0.11,0.12,9.8,0.99,1.25,0.0,0.0,6.0,1.0,1017.06,67.54,-17.58
2025-03-24 18:04:18.859000+00:00,41.79194600745283,,,,21.0,-0.688,-0.812,22.82,-135.562,6.188,-2.75,-0.01,0.006,0.008,-0.83,-0.08,9.56,-1.04,0.16,-0.23,-0.11,0.12,9.8,1.3025,1.25,0.0,0.0,6.0,1.0,1017.06,67.54,-17.58
2025-03-24 18:04:19.859000+00:00,41.79194600745283,,,,21.0,-0.688,-0.812,22.82,-135.562,6.188,-2.75,-0.01,0.006,0.008,-0.83,-0.08,9.56,-1.04,0.16,-0.23,-0.11,0.12,9.8,1.31875,1.25,0.0,0.0,6.0,1.0,1017.06,67.54,-17.58
2025-03-24 18:04:20.883000+00:00,41.79194600745283,,,,21.0,-0.688,-0.812,22.82,-135.562,6.188,-2.75,-0.01,0.006,0.008,-0.83,-0.08,9.56,-1.04,0.16,-0.23,-0.11,0.12,9.8,1.4875,1.25,0.0,0.0,6.0,1.0,1017.06,67.54,-17.58
2025-03-24 18:04:21.946000+00:00,41.79194600745283,,,,21.0,-0.688,-0.812,22.82,-135.562,6.188,-2.75,-0.01,0.006,0.008,-0.83,-0.08,9.56,-1.04,0.16,-0.23,-0.11,0.12,9.8,1.27625,1.25,0.0,0.0,6.0,1.0,1017.06,67.54,-17.58
2025-03-24 18:04:22.909000+00:00,41.79194600745283,,,,21.0,-0.688,-0.812,22.82,-135.562,6.188,-2.75,-0.01,0.006,0.008,-0.83,-0.08,9.56,-1.04,0.16,-0.23,-0.11,0.12,9.8,1.3575,1.25,0.0,0.0,6.0,1.0,1017.06,67.54,-17.58
2025-03-24 18:04:23.924000+00:00,41.79194600745283,,,,21.0,-0.688,-0.812,22.82,-135.562,6.188,-2.75,-0.01,0.006,0.008,-0.83,-0.08,9.56,-1.04,0.16,-0.23,-0.11,0.12,9.8,1.3175000000000001,1.25,0.0,0.0,6.0,1.0,1017.06,67.54,-17.58
2025-03-24 18:04:25.078000+00:00,41.79194600745283,,,,21.0,-0.688,-0.812,22.82,-135.562,6.188,-2.75,-0.01,0.006,0.008,-0.83,-0.08,9.56,-1.04,0.16,-0.23,-0.11,0.12,9.8,1.33375,1.25,0.0,0.0,6.0,1.0,1017.06,67.54,-17.58
2025-03-24 18:04:26.033000+00:00,41.79194600745283,,,,21.0,-0.688,-0.812,22.82,-135.562,6.188,-2.75,-0.01,0.006,0.008,-0.83,-0.08,9.56,-1.04,0.16,-0.23,-0.11,0.12,9.8,1.3475,1.25,0.0,0.0,6.0,1.0,1017.06,67.54,-17.58
2025-03-24 18:04:27.163000+00:00,41.79194600745283,,,,21.0,-0.688,-0.812,22.82,-135.562,6.188,-2.75,-0.01,0.006,0.008,-0.83,-0.08,9.56,-1.04,0.16,-0.23,-0.11,0.12,9.8,1.32375,1.25,0.0,0.0,6.0,1.0,1017.06,67.54,-17.58
2025-03-24 18:04:27.883000+00:00,41.79194600745283,,,,21.0,-0.688,-0.812,22.82,-135.562,6.188,-2.75,-0.01,0.006,0.008,-0.83,-0.08,9.56,-1.04,0.16,-0.23,-0.11,0.12,9.8,1.205,1.25,0.0,0.0,6.0,1.0,1017.06,67.54,-17.58
2025-03-24 18:04:28.897000+00:00,41.79194600745283,,,,21.0,-0.688,-0.812,22.82,-135.562,6.188,-2.75,-0.01,0.006,0.008,-0.83,-0.08,9.56,-1.04,0.16,-0.23,-0.11,0.12,9.8,1.3625,1.25,0.0,0.0,6.0,1.0,1017.06,67.54,-17.58
2025-03-24 18:04:29.938000+00:00,41.79194600745283,,,,21.0,-0.688,-0.812,22.82,-135.562,6.188,-2.75,-0.01,0.006,0.008,-0.83,-0.08,9.56,-1.04,0.16,-0.23,-0.11,0.12,9.8,1.245,1.25,0.0,0.0,6.0,1.0,1017.06,67.54,-17.58
2025-03-24 18:04:31.003000+00:00,41.79194600745283,,,,21.0,-0.688,-0.812,22.82,-135.562,6.188,-2.75,-0.01,0.006,0.008,-0.83,-0.08,9.56,-1.04,0.16,-0.23,-0.11,0.12,9.8,1.3062500000000001,1.25,0.0,0.0,6.0,1.0,1017.06,67.54,-17.58
2025-03-24 18:04:32.133000+00:00,41.79194600745283,,,,21.0,-0.688,-0.812,22.82,-135.562,6.188,-2.75,-0.01,0.006,0.008,-0.83,-0.08,9.56,-1.04,0.16,-0.23,-0.11,0.12,9.8,1.29,1.25,0.0,0.0,6.0,1.0,1017.06,67.54,-17.58
2025-03-24 18:04:33.059000+00:00,41.79194600745283,,,,21.0,-0.688,-0.812,22.82,-135.562,6.188,-2.75,-0.01,0.006,0.008,-0.83,-0.08,9.56,-1.04,0.16,-0.23,-0.11,0.12,9.8,1.2225,1.25,0.0,0.0,6.0,1.0,1017.06,67.54,-17.58
2025-03-24 18:04:34.032000+00:00,41.79194600745283,,,,21.0,-0.688,-0.812,22.82,-135.562,6.188,-2.75,-0.01,0.006,0.008,-0.83,-0.08,9.56,-1.04,0.16,-0.23,-0.11,0.12,9.8,1.28,1.25,0.0,0.0,6.0,1.0,1017.06,67.54,-17.58
2025-03-24 18:04:35.158000+00:00,41.79194600745283,,,,21.0,-0.688,-0.812,22.82,-135.562,6.188,-2.75,-0.01,0.006,0.008,-0.83,-0.08,9.56,-1.04,0.16,-0.23,-0.11,0.12,9.8,1.21125,1.25,0.0,0.0,6.0,1.0,1017.06,67.54,-17.58
2025-03-24 18:04:36.242000+00:00,41.79194600745283,,,,21.0,-0.688,-0.812,22.82,-135.562,6.188,-2.75,-0.01,0.006,0.008,-0.83,-0.08,9.56,-1.04,0.16,-0.23,-0.11,0.12,9.8,1.31,1.25,0.0,0.0,6.0,1.0,1017.06,67.54,-17.58
2025-03-24 18:04:36.923000+00:00,41.79194600745283,,,,21.0,-0.688,-0.812,22.82,-135.562,6.188,-2.75,-0.01,0.006,0.008,-0.83,-0.08,9.56,-1.04,0.16,-0.23,-0.11,0.12,9.8,1.11,1.25,0.0,0.0,6.0,1.0,1017.06,67.54,-17.58
2025-03-24 18:04:37.929000+00:00,41.79194600745283,,,,21.0,-0.688,-0.812,22.82,-135.562,6.188,-2.75,-0.01,0.006,0.008,-0.83,-0.08,9.56,-1.04,0.16,-0.23,-0.11,0.12,9.8,1.1225,1.25,0.0,0.0,6.0,1.0,1017.06,67.54,-17.58
2025-03-24 18:04:38.932000+00:00,41.79194600745283,,,,21.0,-0.688,-0.812,22.82,-135.562,6.188,-2.75,-0.01,0.006,0.008,-0.83,-0.08,9.56,-1.04,0.16,-0.23,-0.11,0.12,9.8,1.1225,1.25,0.0,0.0,6.0,1.0,1017.06,67.54,-17.58
2025-03-24 18:04:40.218000+00:00,41.79194600745283,,,,21.0,-0.688,-0.812,22.82,-135.562,6.188,-2.75,-0.01,0.006,0.008,-0.83,-0.08,9.56,-1.04,0.16,-0.23,-0.11,0.12,9.8,1.09375,1.25,0.0,0.0,6.0,1.0,1017.06,67.54,-17.58
2025-03-24 18:04:41.179000+00:00,41.79194600745283,,,,21.0,-0.688,-0.812,22.82,-135.562,6.188,-2.75,-0.01,0.006,0.008,-0.83,-0.08,9.56,-1.04,0.16,-0.23,-0.11,0.12,9.8,1.41625,1.25,0.0,0.0,6.0,1.0,1017.06,67.54,-17.58
2025-03-24 18:04:42.163000+00:00,41.79194600745283,,,,21.0,-0.688,-0.812,22.82,-135.562,6.188,-2.75,-0.01,0.006,0.008,-0.83,-0.08,9.56,-1.04,0.16,-0.23,-0.11,0.12,9.8,1.3587500000000001,1.25,0.0,0.0,6.0,1.0,1017.06,67.54,-17.58
2025-03-24 18:04:42.949000+00:00,41.79194600745283,,,,21.0,-0.688,-0.812,22.82,-135.562,6.188,-2.75,-0.01,0.006,0.008,-0.83,-0.08,9.56,-1.04,0.16,-0.23,-0.11,0.12,9.8,1.3475,1.25,0.0,0.0,6.0,1.0,1017.06,67.54,-17.58
2025-03-24 18:04:43.983000+00:00,41.79194600745283,,,,21.0,-0.688,-0.812,22.82,-135.562,6.188,-2.75,-0.01,0.006,0.008,-0.83,-0.08,9.56,-1.04,0.16,-0.23,-0.11,0.12,9.8,1.3275000000000001,1.25,0.0,0.0,6.0,1.0,1017.06,67.54,-17.58
2025-03-24 18:04:44.963000+00:00,41.79194600745283,,,,21.0,-0.688,-0.812,22.82,-135.562,6.188,-2.75,-0.01,0.006,0.008,-0.83,-0.08,9.56,-1.04,0.16,-0.23,-0.11,0.12,9.8,1.245,1.25,0.0,0.0,6.0,1.0,1017.06,67.54,-17.58
2025-03-24 18:04:46.118000+00:00,41.79194600745283,,,,21.0,-0.688,-0.812,22.82,-135.562,6.188,-2.75,-0.01,0.006,0.008,-0.83,-0.08,9.56,-1.04,0.16,-0.23,-0.11,0.12,9.8,1.4175,1.25,0.0,0.0,6.0,1.0,1017.06,67.54,-17.58
2025-03-24 18:04:47.111000+00:00,41.79194600745283,,,,21.0,-0.688,-0.812,22.82,-135.562,6.188,-2.75,-0.01,0.006,0.008,-0.83,-0.08,9.56,-1.04,0.16,-0.23,-0.11,0.12,9.8,1.37,1.25,0.0,0.0,6.0,1.0,1017.06,67.54,-17.58
2025-03-24 18:04:48.182000+00:00,41.79194600745283,,,,21.0,-0.688,-0.812,22.82,-135.562,6.188,-2.75,-0.01,0.006,0.008,-0.83,-0.08,9.56,-1.04,0.16,-0.23,-0.11,0.12,9.8,1.32875,1.25,0.0,0.0,6.0,1.0,1017.06,67.54,-17.58
2025-03-24 18:04:49.258000+00:00,41.79194600745283,,,,21.0,-0.688,-0.812,22.82,-135.562,6.188,-2.75,-0.01,0.006,0.008,-0.83,-0.08,9.56,-1.04,0.16,-0.23,-0.11,0.12,9.8,1.375,1.25,0.0,0.0,6.0,1.0,1017.06,67.54,-17.58
2025-03-24 18:04:50.238000+00:00,41.79194600745283,,,,21.0,-0.688,-0.812,22.82,-135.562,6.188,-2.75,-0.01,0.006,0.008,-0.83,-0.08,9.56,-1.04,0.16,-0.23,-0.11,0.12,9.8,1.3687500000000001,1.25,0.0,0.0,6.0,1.0,1017.06,67.54,-17.58
2025-03-24 18:04:51.269000+00:00,41.79194600745283,,,,21.0,-0.688,-0.812,22.82,-135.562,6.188,-2.75,-0.01,0.006,0.008,-0.83,-0.08,9.56,-1.04,0.16,-0.23,-0.11,0.12,9.8,1.26125,1.25,0.0,0.0,6.0,1.0,1017.06,67.54,-17.58
2025-03-24 18:04:51.987000+00:00,41.79194600745283,,,,21.0,-0.688,-0.812,22.82,-135.562,6.188,-2.75,-0.01,0.006,0.008,-0.83,-0.08,9.56,-1.04,0.16,-0.23,-0.11,0.12,9.8,1.2475,1.25,0.0,0.0,6.0,1.0,1017.06,67.54,-17.58
2025-03-24 18:04:52.988000+00:00,41.79194600745283,,,,21.0,-0.688,-0.812,22.82,-135.562,6.188,-2.75,-0.01,0.006,0.008,-0.83,-0.08,9.56,-1.04,0.16,-0.23,-0.11,0.12,9.8,1.18625,1.25,0.0,0.0,6.0,1.0,1017.06,67.54,-17.58
2025-03-24 18:04:53.992000+00:00,41.79194600745283,,,,21.0,-0.688,-0.812,22.82,-135.562,6.188,-2.75,-0.01,0.006,0.008,-0.83,-0.08,9.56,-1.04,0.16,-0.23,-0.11,0.12,9.8,1.34625,1.25,0.0,0.0,6.0,1.0,1017.06,67.54,-17.58
2025-03-24 18:04:55.027000+00:00,41.79194600745283,,,,21.0,-0.688,-0.812,22.82,-135.562,6.188,-2.75,-0.01,0.006,0.008,-0.83,-0.08,9.56,-1.04,0.16,-0.23,-0.11,0.12,9.8,1.1275,1.25,0.0,0.0,6.0,1.0,1017.06,67.54,-17.58
2025-03-24 18:04:55.997000+00:00,41.79194600745283,,,,21.0,-0.688,-0.812,22.82,-135.562,6.188,-2.75,-0.01,0.006,0.008,-0.83,-0.08,9.56,-1.04,0.16,-0.23,-0.11,0.12,9.8,1.26,1.25,0.0,0.0,6.0,1.0,1017.06,67.54,-17.58
2025-03-24 18:04:56.996000+00:00,41.79194600745283,,,,21.0,-0.688,-0.812,22.82,-135.562,6.188,-2.75,-0.01,0.006,0.008,-0.83,-0.08,9.56,-1.04,0.16,-0.23,-0.11,0.12,9.8,1.21125,1.25,0.0,0.0,6.0,1.0,1017.06,67.54,-17.58
2025-03-24 18:04:58.193000+00:00,41.79194600745283,,,,21.0,-0.688,-0.812,22.82,-135.562,6.188,-2.75,-0.01,0.006,0.008,-0.83,-0.08,9.56,-1.04,0.16,-0.23,-0.11,0.12,9.8,1.21125,1.25,0.0,0.0,6.0,1.0,1017.06,67.54,-17.58
2025-03-24 18:04:59.262000+00:00,41.79194600745283,,,,21.0,-0.688,-0.812,22.82,-135.562,6.188,-2.75,-0.01,0.006,0.008,-0.83,-0.08,9.56,-1.04,0.16,-0.23,-0.11,0.12,9.8,1.41875,1.25,0.0,0.0,6.0,1.0,1017.06,67.54,-17.58
2025-03-24 18:05:00.293000+00:00,41.79194600745283,,,,21.0,-0.688,-0.812,22.82,-135.562,6.188,-2.75,-0.01,0.006,0.008,-0.83,-0.08,9.56,-1.04,0.16,-0.23,-0.11,0.12,9.8,1.245,1.25,0.0,0.0,6.0,1.0,1017.06,67.54,-17.58
2025-03-24 18:05:01.331000+00:00,41.79194600745283,,,,21.0,-0.688,-0.812,22.82,-135.562,6.188,-2.75,-0.01,0.006,0.008,-0.83,-0.08,9.56,-1.04,0.16,-0.23,-0.11,0.12,9.8,1.4875,1.25,0.0,0.0,6.0,1.0,1017.06,67.54,-17.58
2025-03-24 18:05:02.311000+00:00,41.79194600745283,,,,21.0,-0.688,-0.812,22.82,-135.562,6.188,-2.75,-0.01,0.006,0.008,-0.83,-0.08,9.56,-1.04,0.16,-0.23,-0.11,0.12,9.8,1.27625,1.25,0.0,0.0,6.0,1.0,1017.06,67.54,-17.58
2025-03-24 18:05:03.031000+00:00,41.79194600745283,,,,21.0,-0.688,-0.812,22.82,-135.562,6.188,-2.75,-0.01,0.006,0.008,-0.83,-0.08,9.56,-1.04,0.16,-0.23,-0.11,0.12,9.8,1.27125,1.25,0.0,0.0,6.0,1.0,1017.06,67.54,-17.58
2025-03-24 18:05:04.300000+00:00,41.79194600745283,,,,21.0,-0.688,-0.812,22.82,-135.562,6.188,-2.75,-0.01,0.006,0.008,-0.83,-0.08,9.56,-1.04,0.16,-0.23,-0.11,0.12,9.8,1.38625,1.25,0.0,0.0,6.0,1.0,1017.06,67.54,-17.58
2025-03-24 18:05:05.061000+00:00,41.79194600745283,,,,21.0,-0.688,-0.812,22.82,-135.562,6.188,-2.75,-0.01,0.006,0.008,-0.83,-0.08,9.56,-1.04,0.16,-0.23,-0.11,0.12,9.8,1.31875,1.25,0.0,0.0,6.0,1.0,1017.06,67.54,-17.58
2025-03-24 18:05:06.033000+00:00,41.79194600745283,,,,21.0,-0.688,-0.812,22.82,-135.562,6.188,-2.75,-0.01,0.006,0.008,-0.83,-0.08,9.56,-1.04,0.16,-0.23,-0.11,0.12,9.8,1.2375,1.25,0.0,0.0,6.0,1.0,1017.06,67.54,-17.58
2025-03-24 18:05:07.110000+00:00,41.79194600745283,,,,21.0,-0.688,-0.812,22.82,-135.562,6.188,-2.75,-0.01,0.006,0.008,-0.83,-0.08,9.56,-1.04,0.16,-0.23,-0.11,0.12,9.8,1.4575,1.25,0.0,0.0,6.0,1.0,1017.06,67.54,-17.58
2025-03-24 18:05:08.140000+00:00,41.79194600745283,,,,21.0,-0.688,-0.812,22.82,-135.562,6.188,-2.75,-0.01,0.006,0.008,-0.83,-0.08,9.56,-1.04,0.16,-0.23,-0.11,0.12,9.8,1.32,1.25,0.0,0.0,6.0,1.0,1017.06,67.54,-17.58
2025-03-24 18:05:09.041000+00:00,41.79194600745283,,,,21.0,-0.688,-0.812,22.82,-135.562,6.188,-2.75,-0.01,0.006,0.008,-0.83,-0.08,9.56,-1.04,0.16,-0.23,-0.11,0.12,9.8,1.31,1.25,0.0,0.0,6.0,1.0,1017.06,67.54,-17.58
2025-03-24 18:05:10.411000+00:00,41.79194600745283,,,,21.0,-0.688,-0.812,22.82,-135.562,6.188,-2.75,-0.01,0.006,0.008,-0.83,-0.08,9.56,-1.04,0.16,-0.23,-0.11,0.12,9.8,1.3487500000000001,1.25,0.0,0.0,6.0,1.0,1017.06,67.54,-17.58
2025-03-24 18:05:11.450000+00:00,41.79194600745283,,,,21.0,-0.688,-0.812,22.82,-135.562,6.188,-2.75,-0.01,0.006,0.008,-0.83,-0.08,9.56,-1.04,0.16,-0.23,-0.11,0.12,9.8,1.2025000000000001,1.25,0.0,0.0,6.0,1.0,1017.06,67.54,-17.58
2025-03-24 18:05:12.441000+00:00,41.79194600745283,,,,21.0,-0.688,-0.812,22.82,-135.562,6.188,-2.75,-0.01,0.006,0.008,-0.83,-0.08,9.56,-1.04,0.16,-0.23,-0.11,0.12,9.8,1.24,1.25,0.0,0.0,6.0,1.0,1017.06,67.54,-17.58
2025-03-24 18:05:13.391000+00:00,41.79194600745283,,,,21.0,-0.688,-0.812,22.82,-135.562,6.188,-2.75,-0.01,0.006,0.008,-0.83,-0.08,9.56,-1.04,0.16,-0.23,-0.11,0.12,9.8,1.235,1.25,0.0,0.0,6.0,1.0,1017.06,67.54,-17.58
2025-03-24 18:05:14.161000+00:00,41.79194600745283,,,,21.0,-0.688,-0.812,22.82,-135.562,6.188,-2.75,-0.01,0.006,0.008,-0.83,-0.08,9.56,-1.04,0.16,-0.23,-0.11,0.12,9.8,1.15375,1.25,0.0,0.0,6.0,1.0,1017.06,67.54,-17.58
2025-03-24 18:05:15.420000+00:00,41.79194600745283,,,,21.0,-0.688,-0.812,22.82,-135.562,6.188,-2.75,-0.01,0.006,0.008,-0.83,-0.08,9.56,-1.04,0.16,-0.23,-0.11,0.12,9.8,1.40125,1.25,0.0,0.0,6.0,1.0,1017.06,67.54,-17.58
2025-03-24 18:05:16.090000+00:00,41.79194600745283,,,,21.0,-0.688,-0.812,22.82,-135.562,6.188,-2.75,-0.01,0.006,0.008,-0.83,-0.08,9.56,-1.04,0.16,-0.23,-0.11,0.12,9.8,1.2550000000000001,1.25,0.0,0.0,6.0,1.0,1017.06,67.54,-17.58
2025-03-24 18:05:17.173000+00:00,41.79194600745283,,,,21.0,-0.688,-0.812,22.82,-135.562,6.188,-2.75,-0.01,0.006,0.008,-0.83,-0.08,9.56,-1.04,0.16,-0.23,-0.11,0.12,9.8,1.1087500000000001,1.25,0.0,0.0,6.0,1.0,1017.06,67.54,-17.58
2025-03-24 18:04:17.843000+00:00,41.79194600745283,,,,21.0,-0.688,-0.812,22.82,-135.562,6.188,-2.75,-0.01,0.006,0.008,-0.83,-0.08,9.56,-1.04,0.16,-0.23,-0.11,0.12,9.8,1.1087500000000001,1.25,0.0,0.0,6.0,1.0,1017.06,67.54,-17.58
2025-03-24 18:04:18.803000+00:00,41.79194600745283,,,,21.0,-0.688,-0.812,22.82,-135.562,6.188,-2.75,-0.01,0.006,0.008,-0.83,-0.08,9.56,-1.04,0.16,-0.23,-0.11,0.12,9.8,1.1087500000000001,0.0,0.0,0.0,6.0,1.0,1017.06,67.54,-17.58
2025-03-24 18:04:19.806000+00:00,41.79194600745283,,,,21.0,-0.688,-0.812,22.82,-135.562,6.188,-2.75,-0.01,0.006,0.008,-0.83,-0.08,9.56,-1.04,0.16,-0.23,-0.11,0.12,9.8,1.1087500000000001,1.25,0.0,0.0,6.0,1.0,1017.06,67.54,-17.58
2025-03-24 18:04:20.835000+00:00,41.79194600745283,,,,21.0,-0.688,-0.812,22.82,-135.562,6.188,-2.75,-0.01,0.006,0.008,-0.83,-0.08,9.56,-1.04,0.16,-0.23,-0.11,0.12,9.8,1.1087500000000001,0.0,0.0,0.0,6.0,1.0,1017.06,67.54,-17.58
2025-03-24 18:04:21.890000+00:00,41.79194600745283,,,,21.0,-0.688,-0.812,22.82,-135.562,6.188,-2.75,-0.01,0.006,0.008,-0.83,-0.08,9.56,-1.04,0.16,-0.23,-0.11,0.12,9.8,1.1087500000000001,1.25,0.0,0.0,6.0,1.0,1017.06,67.54,-17.58
2025-03-24 18:04:22.849000+00:00,41.79194600745283,,,,21.0,-0.688,-0.812,22.82,-135.562,6.188,-2.75,-0.01,0.006,0.008,-0.83,-0.08,9.56,-1.04,0.16,-0.23,-0.11,0.12,9.8,1.1087500000000001,0.0,0.0,0.0,6.0,1.0,1017.06,67.54,-17.58
2025-03-24 18:04:23.869000+00:00,41.79194600745283,,,,21.0,-0.688,-0.812,22.82,-135.562,6.188,-2.75,-0.01,0.006,0.008,-0.83,-0.08,9.56,-1.04,0.16,-0.23,-0.11,0.12,9.8,1.1087500000000001,0.0,0.0,0.0,6.0,1.0,1017.06,67.54,-17.58
2025-03-24 18:04:25.018000+00:00,41.79194600745283,,,,21.0,-0.688,-0.812,22.82,-135.562,6.188,-2.75,-0.01,0.006,0.008,-0.83,-0.08,9.56,-1.04,0.16,-0.23,-0.11,0.12,9.8,1.1087500000000001,-1.25,0.0,0.0,6.0,1.0,1017.06,67.54,-17.58
2025-03-24 18:04:25.984000+00:00,41.79194600745283,,,,21.0,-0.688,-0.812,22.82,-135.562,6.188,-2.75,-0.01,0.006,0.008,-0.83,-0.08,9.56,-1.04,0.16,-0.23,-0.11,0.12,9.8,1.1087500000000001,1.25,0.0,0.0,6.0,1.0,1017.06,67.54,-17.58
2025-03-24 18:04:27.108000+00:00,41.79194600745283,,,,21.0,-0.688,-0.812,22.82,-135.562,6.188,-2.75,-0.01,0.006,0.008,-0.83,-0.08,9.56,-1.04,0.16,-0.23,-0.11,0.12,9.8,1.1087500000000001,0.0,0.0,0.0,6.0,1.0,1017.06,67.54,-17.58
2025-03-24 18:04:27.837000+00:00,41.79194600745283,,,,21.0,-0.688,-0.812,22.82,-135.562,6.188,-2.75,-0.01,0.006,0.008,-0.83,-0.08,9.56,-1.04,0.16,-0.23,-0.11,0.12,9.8,1.1087500000000001,0.0,0.0,0.0,6.0,1.0,1017.06,67.54,-17.58
2025-03-24 18:04:28.841000+00:00,41.79194600745283,,,,21.0,-0.688,-0.812,22.82,-135.562,6.188,-2.75,-0.01,0.006,0.008,-0.83,-0.08,9.56,-1.04,0.16,-0.23,-0.11,0.12,9.8,1.1087500000000001,0.0,0.0,0.0,6.0,1.0,1017.06,67.54,-17.58
2025-03-24 18:04:29.883000+00:00,41.79194600745283,,,,21.0,-0.688,-0.812,22.82,-135.562,6.188,-2.75,-0.01,0.006,0.008,-0.83,-0.08,9.56,-1.04,0.16,-0.23,-0.11,0.12,9.8,1.1087500000000001,0.0,0.0,0.0,6.0,1.0,1017.06,67.54,-17.58
2025-03-24 18:04:30.953000+00:00,41.79194600745283,,,,21.0,-0.688,-0.812,22.82,-135.562,6.188,-2.75,-0.01,0.006,0.008,-0.83,-0.08,9.56,-1.04,0.16,-0.23,-0.11,0.12,9.8,1.1087500000000001,1.25,0.0,0.0,6.0,1.0,1017.06,67.54,-17.58
2025-03-24 18:04:32.084000+00:00,41.79194600745283,,,,21.0,-0.688,-0.812,22.82,-135.562,6.188,-2.75,-0.01,0.006,0.008,-0.83,-0.08,9.56,-1.04,0.16,-0.23,-0.11,0.12,9.8,1.1087500000000001,1.25,0.0,0.0,6.0,1.0,1017.06,67.54,-17.58
2025-03-24 18:04:33.002000+00:00,41.79194600745283,,,,21.0,-0.688,-0.812,22.82,-135.562,6.188,-2.75,-0.01,0.006,0.008,-0.83,-0.08,9.56,-1.04,0.16,-0.23,-0.11,0.12,9.8,1.1087500000000001,0.0,0.0,0.0,6.0,1.0,1017.06,67.54,-17.58
2025-03-24 18:04:33.983000+00:00,41.79194600745283,,,,21.0,-0.688,-0.812,22.82,-135.562,6.188,-2.75,-0.01,0.006,0.008,-0.83,-0.08,9.56,-1.04,0.16,-0.23,-0.11,0.12,9.8,1.1087500000000001,-1.25,0.0,0.0,6.0,1.0,1017.06,67.54,-17.58
2025-03-24 18:04:35.099000+00:00,41.79194600745283,,,,21.0,-0.688,-0.812,22.82,-135.562,6.188,-2.75,-0.01,0.006,0.008,-0.83,-0.08,9.56,-1.04,0.16,-0.23,-0.11,0.12,9.8,1.1087500000000001,0.0,0.0,0.0,6.0,1.0,1017.06,67.54,-17.58
2025-03-24 18:04:36.188000+00:00,41.79194600745283,,,,21.0,-0.688,-0.812,22.82,-135.562,6.188,-2.75,-0.01,0.006,0.008,-0.83,-0.08,9.56,-1.04,0.16,-0.23,-0.11,0.12,9.8,1.1087500000000001,1.25,0.0,0.0,6.0,1.0,1017.06,67.54,-17.58
2025-03-24 18:04:36.871000+00:00,41.79194600745283,,,,21.0,-0.688,-0.812,22.82,-135.562,6.188,-2.75,-0.01,0.006,0.008,-0.83,-0.08,9.56,-1.04,0.16,-0.23,-0.11,0.12,9.8,1.1087500000000001,-1.25,0.0,0.0,6.0,1.0,1017.06,67.54,-17.58
2025-03-24 18:04:37.875000+00:00,41.79194600745283,,,,21.0,-0.688,-0.812,22.82,-135.562,6.188,-2.75,-0.01,0.006,0.008,-0.83,-0.08,9.56,-1.04,0.16,-0.23,-0.11,0.12,9.8,1.1087500000000001,1.25,0.0,0.0,6.0,1.0,1017.06,67.54,-17.58
2025-03-24 18:04:38.879000+00:00,41.79194600745283,,,,21.0,-0.688,-0.812,22.82,-135.562,6.188,-2.75,-0.01,0.006,0.008,-0.83,-0.08,9.56,-1.04,0.16,-0.23,-0.11,0.12,9.8,1.1087500000000001,2.5,0.0,0.0,6.0,1.0,1017.06,67.54,-17.58
2025-03-24 18:04:40.158000+00:00,41.79194600745283,,,,21.0,-0.688,-0.812,22.82,-135.562,6.188,-2.75,-0.01,0.006,0.008,-0.83,-0.08,9.56,-1.04,0.16,-0.23,-0.11,0.12,9.8,1.1087500000000001,0.0,0.0,0.0,6.0,1.0,1017.06,67.54,-17.58
2025-03-24 18:04:41.119000+00:00,41.79194600745283,,,,21.0,-0.688,-0.812,22.82,-135.562,6.188,-2.75,-0.01,0.006,0.008,-0.83,-0.08,9.56,-1.04,0.16,-0.23,-0.11,0.12,9.8,1.1087500000000001,-1.25,0.0,0.0,6.0,1.0,1017.06,67.54,-17.58
2025-03-24 18:04:42.112000+00:00,41.79194600745283,,,,21.0,-0.688,-0.812,22.82,-135.562,6.188,-2.75,-0.01,0.006,0.008,-0.83,-0.08,9.56,-1.04,0.16,-0.23,-0.11,0.12,9.8,1.1087500000000001,1.25,0.0,0.0,6.0,1.0,1017.06,67.54,-17.58
2025-03-24 18:04:42.895000+00:00,41.79194600745283,,,,21.0,-0.688,-0.812,22.82,-135.562,6.188,-2.75,-0.01,0.006,0.008,-0.83,-0.08,9.56,-1.04,0.16,-0.23,-0.11,0.12,9.8,1.1087500000000001,-1.25,0.0,0.0,6.0,1.0,1017.06,67.54,-17.58
2025-03-24 18:04:43.938000+00:00,41.79194600745283,,,,21.0,-0.688,-0.812,22.82,-135.562,6.188,-2.75,-0.01,0.006,0.008,-0.83,-0.08,9.56,-1.04,0.16,-0.23,-0.11,0.12,9.8,1.1087500000000001,0.0,0.0,0.0,6.0,1.0,1017.06,67.54,-17.58
2025-03-24 18:04:44.905000+00:00,41.79194600745283,,,,21.0,-0.688,-0.812,22.82,-135.562,6.188,-2.75,-0.01,0.006,0.008,-0.83,-0.08,9.56,-1.04,0.16,-0.23,-0.11,0.12,9.8,1.1087500000000001,1.25,0.0,0.0,6.0,1.0,1017.06,67.54,-17.58
2025-03-24 18:04:46.058000+00:00,41.79194600745283,,,,21.0,-0.688,-0.812,22.82,-135.562,6.188,-2.75,-0.01,0.006,0.008,-0.83,-0.08,9.56,-1.04,0.16,-0.23,-0.11,0.12,9.8,1.1087500000000001,0.0,0.0,0.0,6.0,1.0,1017.06,67.54,-17.58
2025-03-24 18:04:47.059000+00:00,41.79194600745283,,,,21.0,-0.688,-0.812,22.82,-135.562,6.188,-2.75,-0.01,0.006,0.008,-0.83,-0.08,9.56,-1.04,0.16,-0.23,-0.11,0.12,9.8,1.1087500000000001,1.25,0.0,0.0,6.0,1.0,1017.06,67.54,-17.58
2025-03-24 18:04:48.131000+00:00,41.79194600745283,,,,21.0,-0.688,-0.812,22.82,-135.562,6.188,-2.75,-0.01,0.006,0.008,-0.83,-0.08,9.56,-1.04,0.16,-0.23,-0.11,0.12,9.8,1.1087500000000001,1.25,0.0,0.0,6.0,1.0,1017.06,67.54,-17.58
2025-03-24 18:04:49.197000+00:00,41.79194600745283,,,,21.0,-0.688,-0.812,22.82,-135.562,6.188,-2.75,-0.01,0.006,0.008,-0.83,-0.08,9.56,-1.04,0.16,-0.23,-0.11,0.12,9.8,1.1087500000000001,-1.25,0.0,0.0,6.0,1.0,1017.06,67.54,-17.58
2025-03-24 18:04:50.177000+00:00,41.79194600745283,,,,21.0,-0.688,-0.812,22.82,-135.562,6.188,-2.75,-0.01,0.006,0.008,-0.83,-0.08,9.56,-1.04,0.16,-0.23,-0.11,0.12,9.8,1.1087500000000001,0.0,0.0,0.0,6.0,1.0,1017.06,67.54,-17.58
2025-03-24 18:04:51.208000+00:00,41.79194600745283,,,,21.0,-0.688,-0.812,22.82,-135.562,6.188,-2.75,-0.01,0.006,0.008,-0.83,-0.08,9.56,-1.04,0.16,-0.23,-0.11,0.12,9.8,1.1087500000000001,1.25,0.0,0.0,6.0,1.0,1017.06,67.54,-17.58
2025-03-24 18:04:51.928000+00:00,41.79194600745283,,,,21.0,-0.688,-0.812,22.82,-135.562,6.188,-2.75,-0.01,0.006,0.008,-0.83,-0.08,9.56,-1.04,0.16,-0.23,-0.11,0.12,9.8,1.1087500000000001,1.25,0.0,0.0,6.0,1.0,1017.06,67.54,-17.58
2025-03-24 18:04:52.932000+00:00,41.79194600745283,,,,21.0,-0.688,-0.812,22.82,-135.562,6.188,-2.75,-0.01,0.006,0.008,-0.83,-0.08,9.56,-1.04,0.16,-0.23,-0.11,0.12,9.8,1.1087500000000001,0.0,0.0,0.0,6.0,1.0,1017.06,67.54,-17.58
2025-03-24 18:04:53.936000+00:00,41.79194600745283,,,,21.0,-0.688,-0.812,22.82,-135.562,6.188,-2.75,-0.01,0.006,0.008,-0.83,-0.08,9.56,-1.04,0.16,-0.23,-0.11,0.12,9.8,1.1087500000000001,0.0,0.0,0.0,6.0,1.0,1017.06,67.54,-17.58
2025-03-24 18:04:54.974000+00:00,41.79194600745283,,,,21.0,-0.688,-0.812,22.82,-135.562,6.188,-2.75,-0.01,0.006,0.008,-0.83,-0.08,9.56,-1.04,0.16,-0.23,-0.11,0.12,9.8,1.1087500000000001,-1.25,0.0,0.0,6.0,1.0,1017.06,67.54,-17.58
2025-03-24 18:04:55.944000+00:00,41.79194600745283,,,,21.0,-0.688,-0.812,22.82,-135.562,6.188,-2.75,-0.01,0.006,0.008,-0.83,-0.08,9.56,-1.04,0.16,-0.23,-0.11,0.12,9.8,1.1087500000000001,-1.25,0.0,0.0,6.0,1.0,1017.06,67.54,-17.58
2025-03-24 18:04:56.947000+00:00,41.79194600745283,,,,21.0,-0.688,-0.812,22.82,-135.562,6.188,-2.75,-0.01,0.006,0.008,-0.83,-0.08,9.56,-1.04,0.16,-0.23,-0.11,0.12,9.8,1.1087500000000001,1.25,0.0,0.0,6.0,1.0,1017.06,67.54,-17.58
2025-03-24 18:04:58.141000+00:00,41.79194600745283,,,,21.0,-0.688,-0.812,22.82,-135.562,6.188,-2.75,-0.01,0.006,0.008,-0.83,-0.08,9.56,-1.04,0.16,-0.23,-0.11,0.12,9.8,1.1087500000000001,0.0,0.0,0.0,6.0,1.0,1017.06,67.54,-17.58
2025-03-24 18:04:59.209000+00:00,41.79194600745283,,,,21.0,-0.688,-0.812,22.82,-135.562,6.188,-2.75,-0.01,0.006,0.008,-0.83,-0.08,9.56,-1.04,0.16,-0.23,-0.11,0.12,9.8,1.1087500000000001,1.25,0.0,0.0,6.0,1.0,1017.06,67.54,-17.58
2025-03-24 18:05:00.237000+00:00,41.79194600745283,,,,21.0,-0.688,-0.812,22.82,-135.562,6.188,-2.75,-0.01,0.006,0.008,-0.83,-0.08,9.56,-1.04,0.16,-0.23,-0.11,0.12,9.8,1.1087500000000001,0.0,0.0,0.0,6.0,1.0,1017.06,67.54,-17.58
2025-03-24 18:05:01.277000+00:00,41.79194600745283,,,,21.0,-0.688,-0.812,22.82,-135.562,6.188,-2.75,-0.01,0.006,0.008,-0.83,-0.08,9.56,-1.04,0.16,-0.23,-0.11,0.12,9.8,1.1087500000000001,0.0,0.0,0.0,6.0,1.0,1017.06,67.54,-17.58
2025-03-24 18:05:02.262000+00:00,41.79194600745283,,,,21.0,-0.688,-0.812,22.82,-135.562,6.188,-2.75,-0.01,0.006,0.008,-0.83,-0.08,9.56,-1.04,0.16,-0.23,-0.11,0.12,9.8,1.1087500000000001,-1.25,0.0,0.0,6.0,1.0,1017.06,67.54,-17.58
2025-03-24 18:05:02.982000+00:00,41.79194600745283,,,,21.0,-0.688,-0.812,22.82,-135.562,6.188,-2.75,-0.01,0.006,0.008,-0.83,-0.08,9.56,-1.04,0.16,-0.23,-0.11,0.12,9.8,1.1087500000000001,-1.25,0.0,0.0,6.0,1.0,1017.06,67.54,-17.58
2025-03-24 18:05:04.251000+00:00,41.79194600745283,,,,21.0,-0.688,-0.812,22.82,-135.562,6.188,-2.75,-0.01,0.006,0.008,-0.83,-0.08,9.56,-1.04,0.16,-0.23,-0.11,0.12,9.8,1.1087500000000001,0.0,0.0,0.0,6.0,1.0,1017.06,67.54,-17.58
2025-03-24 18:05:05.011000+00:00,41.79194600745283,,,,21.0,-0.688,-0.812,22.82,-135.562,6.188,-2.75,-0.01,0.006,0.008,-0.83,-0.08,9.56,-1.04,0.16,-0.23,-0.11,0.12,9.8,1.1087500000000001,1.25,0.0,0.0,6.0,1.0,1017.06,67.54,-17.58
2025-03-24 18:05:05.980000+00:00,41.79194600745283,,,,21.0,-0.688,-0.812,22.82,-135.562,6.188,-2.75,-0.01,0.006,0.008,-0.83,-0.08,9.56,-1.04,0.16,-0.23,-0.11,0.12,9.8,1.1087500000000001,1.25,0.0,0.0,6.0,1.0,1017.06,67.54,-17.58
2025-03-24 18:05:07.060000+00:00,41.79194600745283,,,,21.0,-0.688,-0.812,22.82,-135.562,6.188,-2.75,-0.01,0.006,0.008,-0.83,-0.08,9.56,-1.04,0.16,-0.23,-0.11,0.12,9.8,1.1087500000000001,2.5,0.0,0.0,6.0,1.0,1017.06,67.54,-17.58
2025-03-24 18:05:08.087000+00:00,41.79194600745283,,,,21.0,-0.688,-0.812,22.82,-135.562,6.188,-2.75,-0.01,0.006,0.008,-0.83,-0.08,9.56,-1.04,0.16,-0.23,-0.11,0.12,9.8,1.1087500000000001,-1.25,0.0,0.0,6.0,1.0,1017.06,67.54,-17.58
2025-03-24 18:05:08.991000+00:00,41.79194600745283,,,,21.0,-0.688,-0.812,22.82,-135.562,6.188,-2.75,-0.01,0.006,0.008,-0.83,-0.08,9.56,-1.04,0.16,-0.23,-0.11,0.12,9.8,1.1087500000000001,0.0,0.0,0.0,6.0,1.0,1017.06,67.54,-17.58
2025-03-24 18:05:10.360000+00:00,41.79194600745283,,,,21.0,-0.688,-0.812,22.82,-135.562,6.188,-2.75,-0.01,0.006,0.008,-0.83,-0.08,9.56,-1.04,0.16,-0.23,-0.11,0.12,9.8,1.1087500000000001,1.25,0.0,0.0,6.0,1.0,1017.06,67.54,-17.58
2025-03-24 18:05:11.406000+00:00,41.79194600745283,,,,21.0,-0.688,-0.812,22.82,-135.562,6.188,-2.75,-0.01,0.006,0.008,-0.83,-0.08,9.56,-1.04,0.16,-0.23,-0.11,0.12,9.8,1.1087500000000001,-1.25,0.0,0.0,6.0,1.0,1017.06,67.54,-17.58
2025-03-24 18:05:12.392000+00:00,41.79194600745283,,,,21.0,-0.688,-0.812,22.82,-135.562,6.188,-2.75,-0.01,0.006,0.008,-0.83,-0.08,9.56,-1.04,0.16,-0.23,-0.11,0.12,9.8,1.1087500000000001,1.25,0.0,0.0,6.0,1.0,1017.06,67.54,-17.58
2025-03-24 18:05:13.341000+00:00,41.79194600745283,,,,21.0,-0.688,-0.812,22.82,-135.562,6.188,-2.75,-0.01,0.006,0.008,-0.83,-0.08,9.56,-1.04,0.16,-0.23,-0.11,0.12,9.8,1.1087500000000001,0.0,0.0,0.0,6.0,1.0,1017.06,67.54,-17.58
2025-03-24 18:05:14.110000+00:00,41.79194600745283,,,,21.0,-0.688,-0.812,22.82,-135.562,6.188,-2.75,-0.01,0.006,0.008,-0.83,-0.08,9.56,-1.04,0.16,-0.23,-0.11,0.12,9.8,1.1087500000000001,0.0,0.0,0.0,6.0,1.0,1017.06,67.54,-17.58
2025-03-24 18:05:15.369000+00:00,41.79194600745283,,,,21.0,-0.688,-0.812,22.82,-135.562,6.188,-2.75,-0.01,0.006,0.008,-0.83,-0.08,9.56,-1.04,0.16,-0.23,-0.11,0.12,9.8,1.1087500000000001,-1.25,0.0,0.0,6.0,1.0,1017.06,67.54,-17.58
2025-03-24 18:05:16.041000+00:00,41.79194600745283,,,,21.0,-0.688,-0.812,22.82,-135.562,6.188,-2.75,-0.01,0.006,0.008,-0.83,-0.08,9.56,-1.04,0.16,-0.23,-0.11,0.12,9.8,1.1087500000000001,0.0,0.0,0.0,6.0,1.0,1017.06,67.54,-17.58
2025-03-24 18:05:17.119000+00:00,41.79194600745283,,,,21.0,-0.688,-0.812,22.82,-135.562,6.188,-2.75,-0.01,0.006,0.008,-0.83,-0.08,9.56,-1.04,0.16,-0.23,-0.11,0.12,9.8,1.1087500000000001,-1.25,0.0,0.0,6.0,1.0,1017.06,67.54,-17.58
2025-03-24 18:04:17.952000+00:00,41.79194600745283,,,,21.0,-0.688,-0.812,22.82,-135.562,6.188,-2.75,-0.01,0.006,0.008,-0.83,-0.08,9.56,-1.04,0.16,-0.23,-0.11,0.12,9.8,1.1087500000000001,-1.25,0.0,0.0,6.0,1.0,1017.06,67.54,-17.58
2025-03-24 18:04:18.913000+00:00,41.79194600745283,,,,21.0,-0.688,-0.812,22.82,-135.562,6.188,-2.75,-0.01,0.006,0.008,-0.83,-0.08,9.56,-1.04,0.16,-0.23,-0.11,0.12,9.8,1.1087500000000001,-1.25,0.0,0.0,6.0,1.0,1017.06,67.54,-17.58
2025-03-24 18:04:19.919000+00:00,41.79194600745283,,,,21.0,-0.688,-0.812,22.82,-135.562,6.188,-2.75,-0.01,0.006,0.008,-0.83,-0.08,9.56,-1.04,0.16,-0.23,-0.11,0.12,9.8,1.1087500000000001,-1.25,0.0,0.0,6.0,1.0,1017.06,67.54,-17.58
2025-03-24 18:04:20.939000+00:00,41.79194600745283,,,,21.0,-0.688,-0.812,22.82,-135.562,6.188,-2.75,-0.01,0.006,0.008,-0.83,-0.08,9.56,-1.04,0.16,-0.23,-0.11,0.12,9.8,1.1087500000000001,-1.25,0.0,0.0,6.0,1.0,1017.06,67.54,-17.58
2025-03-24 18:04:21.998000+00:00,41.79194600745283,,,,21.0,-0.688,-0.812,22.82,-135.562,6.188,-2.75,-0.01,0.006,0.008,-0.83,-0.08,9.56,-1.04,0.16,-0.23,-0.11,0.12,9.8,1.1087500000000001,-1.25,0.0,0.0,6.0,1.0,1017.06,67.54,-17.58
2025-03-24 18:04:22.968000+00:00,41.79194600745283,,,,21.0,-0.688,-0.812,22.82,-135.562,6.188,-2.75,-0.01,0.006,0.008,-0.83,-0.08,9.56,-1.04,0.16,-0.23,-0.11,0.12,9.8,1.1087500000000001,-1.25,0.0,0.0,6.0,1.0,1017.06,67.54,-17.58
2025-03-24 18:04:23.973000+00:00,41.79194600745283,,,,21.0,-0.688,-0.812,22.82,-135.562,6.188,-2.75,-0.01,0.006,0.008,-0.83,-0.08,9.56,-1.04,0.16,-0.23,-0.11,0.12,9.8,1.1087500000000001,-1.25,0.0,0.0,6.0,1.0,1017.06,67.54,-17.58
2025-03-24 18:04:25.132000+00:00,41.79194600745283,,,,21.0,-0.688,-0.812,22.82,-135.562,6.188,-2.75,-0.01,0.006,0.008,-0.83,-0.08,9.56,-1.04,0.16,-0.23,-0.11,0.12,9.8,1.1087500000000001,-1.25,0.0,0.0,6.0,1.0,1017.06,67.54,-17.58
2025-03-24 18:04:26.089000+00:00,41.79194600745283,,,,21.0,-0.688,-0.812,22.82,-135.562,6.188,-2.75,-0.01,0.006,0.008,-0.83,-0.08,9.56,-1.04,0.16,-0.23,-0.11,0.12,9.8,1.1087500000000001,-1.25,0.0,0.0,6.0,1.0,1017.06,67.54,-17.58
2025-03-24 18:04:27.219000+00:00,41.79194600745283,,,,21.0,-0.688,-0.812,22.82,-135.562,6.188,-2.75,-0.01,0.006,0.008,-0.83,-0.08,9.56,-1.04,0.16,-0.23,-0.11,0.12,9.8,1.1087500000000001,-1.25,0.0,0.0,6.0,1.0,1017.06,67.54,-17.58
2025-03-24 18:04:27.939000+00:00,41.79194600745283,,,,21.0,-0.688,-0.812,22.82,-135.562,6.188,-2.75,-0.01,0.006,0.008,-0.83,-0.08,9.56,-1.04,0.16,-0.23,-0.11,0.12,9.8,1.1087500000000001,-1.25,0.0,0.0,6.0,1.0,1017.06,67.54,-17.58
2025-03-24 18:04:28.947000+00:00,41.79194600745283,,,,21.0,-0.688,-0.812,22.82,-135.562,6.188,-2.75,-0.01,0.006,0.008,-0.83,-0.08,9.56,-1.04,0.16,-0.23,-0.11,0.12,9.8,1.1087500000000001,-1.25,0.0,0.0,6.0,1.0,1017.06,67.54,-17.58
2025-03-24 18:04:29.999000+00:00,41.79194600745283,,,,21.0,-0.688,-0.812,22.82,-135.562,6.188,-2.75,-0.01,0.006,0.008,-0.83,-0.08,9.56,-1.04,0.16,-0.23,-0.11,0.12,9.8,1.1087500000000001,-1.25,0.0,0.0,6.0,1.0,1017.06,67.54,-17.58
2025-03-24 18:04:31.059000+00:00,41.79194600745283,,,,21.0,-0.688,-0.812,22.82,-135.562,6.188,-2.75,-0.01,0.006,0.008,-0.83,-0.08,9.56,-1.04,0.16,-0.23,-0.11,0.12,9.8,1.1087500000000001,-1.25,0.0,0.0,6.0,1.0,1017.06,67.54,-17.58
2025-03-24 18:04:32.183000+00:00,41.79194600745283,,,,21.0,-0.688,-0.812,22.82,-135.562,6.188,-2.75,-0.01,0.006,0.008,-0.83,-0.08,9.56,-1.04,0.16,-0.23,-0.11,0.12,9.8,1.1087500000000001,-1.25,0.0,0.0,6.0,1.0,1017.06,67.54,-17.58
2025-03-24 18:04:33.113000+00:00,41.79194600745283,,,,21.0,-0.688,-0.812,22.82,-135.562,6.188,-2.75,-0.01,0.006,0.008,-0.83,-0.08,9.56,-1.04,0.16,-0.23,-0.11,0.12,9.8,1.1087500000000001,-1.25,0.0,0.0,6.0,1.0,1017.06,67.54,-17.58
2025-03-24 18:04:34.089000+00:00,41.79194600745283,,,,21.0,-0.688,-0.812,22.82,-135.562,6.188,-2.75,-0.01,0.006,0.008,-0.83,-0.08,9.56,-1.04,0.16,-0.23,-0.11,0.12,9.8,1.1087500000000001,-1.25,0.0,0.0,6.0,1.0,1017.06,67.54,-17.58
2025-03-24 18:04:35.202000+00:00,41.79194600745283,,,,21.0,-0.688,-0.812,22.82,-135.562,6.188,-2.75,-0.01,0.006,0.008,-0.83,-0.08,9.56,-1.04,0.16,-0.23,-0.11,0.12,9.8,1.1087500000000001,-1.25,0.0,0.0,6.0,1.0,1017.06,67.54,-17.58
2025-03-24 18:04:36.293000+00:00,41.79194600745283,,,,21.0,-0.688,-0.812,22.82,-135.562,6.188,-2.75,-0.01,0.006,0.008,-0.83,-0.08,9.56,-1.04,0.16,-0.23,-0.11,0.12,9.8,1.1087500000000001,-1.25,0.0,0.0,6.0,1.0,1017.06,67.54,-17.58
2025-03-24 18:04:36.973000+00:00,41.79194600745283,,,,21.0,-0.688,-0.812,22.82,-135.562,6.188,-2.75,-0.01,0.006,0.008,-0.83,-0.08,9.56,-1.04,0.16,-0.23,-0.11,0.12,9.8,1.1087500000000001,-1.25,0.0,0.0,6.0,1.0,1017.06,67.54,-17.58
2025-03-24 18:04:37.986000+00:00,41.79194600745283,,,,21.0,-0.688,-0.812,22.82,-135.562,6.188,-2.75,-0.01,0.006,0.008,-0.83,-0.08,9.56,-1.04,0.16,-0.23,-0.11,0.12,9.8,1.1087500000000001,-1.25,0.0,0.0,6.0,1.0,1017.06,67.54,-17.58
2025-03-24 18:04:38.986000+00:00,41.79194600745283,,,,21.0,-0.688,-0.812,22.82,-135.562,6.188,-2.75,-0.01,0.006,0.008,-0.83,-0.08,9.56,-1.04,0.16,-0.23,-0.11,0.12,9.8,1.1087500000000001,-1.25,0.0,0.0,6.0,1.0,1017.06,67.54,-17.58
2025-03-24 18:04:40.273000+00:00,41.79194600745283,,,,21.0,-0.688,-0.812,22.82,-135.562,6.188,-2.75,-0.01,0.006,0.008,-0.83,-0.08,9.56,-1.04,0.16,-0.23,-0.11,0.12,9.8,1.1087500000000001,-1.25,0.0,0.0,6.0,1.0,1017.06,67.54,-17.58
2025-03-24 18:04:41.239000+00:00,41.79194600745283,,,,21.0,-0.688,-0.812,22.82,-135.562,6.188,-2.75,-0.01,0.006,0.008,-0.83,-0.08,9.56,-1.04,0.16,-0.23,-0.11,0.12,9.8,1.1087500000000001,-1.25,0.0,0.0,6.0,1.0,1017.06,67.54,-17.58
2025-03-24 18:04:42.218000+00:00,41.79194600745283,,,,21.0,-0.688,-0.812,22.82,-135.562,6.188,-2.75,-0.01,0.006,0.008,-0.83,-0.08,9.56,-1.04,0.16,-0.23,-0.11,0.12,9.8,1.1087500000000001,-1.25,0.0,0.0,6.0,1.0,1017.06,67.54,-17.58
2025-03-24 18:04:43.009000+00:00,41.79194600745283,,,,21.0,-0.688,-0.812,22.82,-135.562,6.188,-2.75,-0.01,0.006,0.008,-0.83,-0.08,9.56,-1.04,0.16,-0.23,-0.11,0.12,9.8,1.1087500000000001,-1.25,0.0,0.0,6.0,1.0,1017.06,67.54,-17.58
2025-03-24 18:04:44.038000+00:00,41.79194600745283,,,,21.0,-0.688,-0.812,22.82,-135.562,6.188,-2.75,-0.01,0.006,0.008,-0.83,-0.08,9.56,-1.04,0.16,-0.23,-0.11,0.12,9.8,1.1087500000000001,-1.25,0.0,0.0,6.0,1.0,1017.06,67.54,-17.58
2025-03-24 18:04:45.016000+00:00,41.79194600745283,,,,21.0,-0.688,-0.812,22.82,-135.562,6.188,-2.75,-0.01,0.006,0.008,-0.83,-0.08,9.56,-1.04,0.16,-0.23,-0.11,0.12,9.8,1.1087500000000001,-1.25,0.0,0.0,6.0,1.0,1017.06,67.54,-17.58
2025-03-24 18:04:46.178000+00:00,41.79194600745283,,,,21.0,-0.688,-0.812,22.82,-135.562,6.188,-2.75,-0.01,0.006,0.008,-0.83,-0.08,9.56,-1.04,0.16,-0.23,-0.11,0.12,9.8,1.1087500000000001,-1.25,0.0,0.0,6.0,1.0,1017.06,67.54,-17.58
2025-03-24 18:04:47.162000+00:00,41.79194600745283,,,,21.0,-0.688,-0.812,22.82,-135.562,6.188,-2.75,-0.01,0.006,0.008,-0.83,-0.08,9.56,-1.04,0.16,-0.23,-0.11,0.12,9.8,1.1087500000000001,-1.25,0.0,0.0,6.0,1.0,1017.06,67.54,-17.58
2025-03-24 18:04:48.234000+00:00,41.79194600745283,,,,21.0,-0.688,-0.812,22.82,-135.562,6.188,-2.75,-0.01,0.006,0.008,-0.83,-0.08,9.56,-1.04,0.16,-0.23,-0.11,0.12,9.8,1.1087500000000001,-1.25,0.0,0.0,6.0,1.0,1017.06,67.54,-17.58
2025-03-24 18:04:49.312000+00:00,41.79194600745283,,,,21.0,-0.688,-0.812,22.82,-135.562,6.188,-2.75,-0.01,0.006,0.008,-0.83,-0.08,9.56,-1.04,0.16,-0.23,-0.11,0.12,9.8,1.1087500000000001,-1.25,0.0,0.0,6.0,1.0,1017.06,67.54,-17.58
2025-03-24 18:04:50.296000+00:00,41.79194600745283,,,,21.0,-0.688,-0.812,22.82,-135.562,6.188,-2.75,-0.01,0.006,0.008,-0.83,-0.08,9.56,-1.04,0.16,-0.23,-0.11,0.12,9.8,1.1087500000000001,-1.25,0.0,0.0,6.0,1.0,1017.06,67.54,-17.58
2025-03-24 18:04:51.325000+00:00,41.79194600745283,,,,21.0,-0.688,-0.812,22.82,-135.562,6.188,-2.75,-0.01,0.006,0.008,-0.83,-0.08,9.56,-1.04,0.16,-0.23,-0.11,0.12,9.8,1.1087500000000001,-1.25,0.0,0.0,6.0,1.0,1017.06,67.54,-17.58
2025-03-24 18:04:52.041000+00:00,41.79194600745283,,,,21.0,-0.688,-0.812,22.82,-135.562,6.188,-2.75,-0.01,0.006,0.008,-0.83,-0.08,9.56,-1.04,0.16,-0.23,-0.11,0.12,9.8,1.1087500000000001,-1.25,0.0,0.0,6.0,1.0,1017.06,67.54,-17.58
2025-03-24 18:04:53.042000+00:00,41.79194600745283,,,,21.0,-0.688,-0.812,22.82,-135.562,6.188,-2.75,-0.01,0.006,0.008,-0.83,-0.08,9.56,-1.04,0.16,-0.23,-0.11,0.12,9.8,1.1087500000000001,-1.25,0.0,0.0,6.0,1.0,1017.06,67.54,-17.58
2025-03-24 18:04:54.041000+00:00,41.79194600745283,,,,21.0,-0.688,-0.812,22.82,-135.562,6.188,-2.75,-0.01,0.006,0.008,-0.83,-0.08,9.56,-1.04,0.16,-0.23,-0.11,0.12,9.8,1.1087500000000001,-1.25,0.0,0.0,6.0,1.0,1017.06,67.54,-17.58
2025-03-24 18:04:55.081000+00:00,41.79194600745283,,,,21.0,-0.688,-0.812,22.82,-135.562,6.188,-2.75,-0.01,0.006,0.008,-0.83,-0.08,9.56,-1.04,0.16,-0.23,-0.11,0.12,9.8,1.1087500000000001,-1.25,0.0,0.0,6.0,1.0,1017.06,67.54,-17.58
2025-03-24 18:04:56.057000+00:00,41.79194600745283,,,,21.0,-0.688,-0.812,22.82,-135.562,6.188,-2.75,-0.01,0.006,0.008,-0.83,-0.08,9.56,-1.04,0.16,-0.23,-0.11,0.12,9.8,1.1087500000000001,-1.25,0.0,0.0,6.0,1.0,1017.06,67.54,-17.58
2025-03-24 18:04:57.041000+00:00,41.79194600745283,,,,21.0,-0.688,-0.812,22.82,-135.562,6.188,-2.75,-0.01,0.006,0.008,-0.83,-0.08,9.56,-1.04,0.16,-0.23,-0.11,0.12,9.8,1.1087500000000001,-1.25,0.0,0.0,6.0,1.0,1017.06,67.54,-17.58
2025-03-24 18:04:58.242000+00:00,41.79194600745283,,,,21.0,-0.688,-0.812,22.82,-135.562,6.188,-2.75,-0.01,0.006,0.008,-0.83,-0.08,9.56,-1.04,0.16,-0.23,-0.11,0.12,9.8,1.1087500000000001,-1.25,0.0,0.0,6.0,1.0,1017.06,67.54,-17.58
2025-03-24 18:04:59.311000+00:00,41.79194600745283,,,,21.0,-0.688,-0.812,22.82,-135.562,6.188,-2.75,-0.01,0.006,0.008,-0.83,-0.08,9.56,-1.04,0.16,-0.23,-0.11,0.12,9.8,1.1087500000000001,-1.25,0.0,0.0,6.0,1.0,1017.06,67.54,-17.58
2025-03-24 18:05:00.341000+00:00,41.79194600745283,,,,21.0,-0.688,-0.812,22.82,-135.562,6.188,-2.75,-0.01,0.006,0.008,-0.83,-0.08,9.56,-1.04,0.16,-0.23,-0.11,0.12,9.8,1.1087500000000001,-1.25,0.0,0.0,6.0,1.0,1017.06,67.54,-17.58
2025-03-24 18:05:01.387000+00:00,41.79194600745283,,,,21.0,-0.688,-0.812,22.82,-135.562,6.188,-2.75,-0.01,0.006,0.008,-0.83,-0.08,9.56,-1.04,0.16,-0.23,-0.11,0.12,9.8,1.1087500000000001,-1.25,0.0,0.0,6.0,1.0,1017.06,67.54,-17.58
2025-03-24 18:05:02.362000+00:00,41.79194600745283,,,,21.0,-0.688,-0.812,22.82,-135.562,6.188,-2.75,-0.01,0.006,0.008,-0.83,-0.08,9.56,-1.04,0.16,-0.23,-0.11,0.12,9.8,1.1087500000000001,-1.25,0.0,0.0,6.0,1.0,1017.06,67.54,-17.58
2025-03-24 18:05:03.087000+00:00,41.79194600745283,,,,21.0,-0.688,-0.812,22.82,-135.562,6.188,-2.75,-0.01,0.006,0.008,-0.83,-0.08,9.56,-1.04,0.16,-0.23,-0.11,0.12,9.8,1.1087500000000001,-1.25,0.0,0.0,6.0,1.0,1017.06,67.54,-17.58
2025-03-24 18:05:04.350000+00:00,41.79194600745283,,,,21.0,-0.688,-0.812,22.82,-135.562,6.188,-2.75,-0.01,0.006,0.008,-0.83,-0.08,9.56,-1.04,0.16,-0.23,-0.11,0.12,9.8,1.1087500000000001,-1.25,0.0,0.0,6.0,1.0,1017.06,67.54,-17.58
2025-03-24 18:05:05.120000+00:00,41.79194600745283,,,,21.0,-0.688,-0.812,22.82,-135.562,6.188,-2.75,-0.01,0.006,0.008,-0.83,-0.08,9.56,-1.04,0.16,-0.23,-0.11,0.12,9.8,1.1087500000000001,-1.25,0.0,0.0,6.0,1.0,1017.06,67.54,-17.58
2025-03-24 18:05:06.091000+00:00,41.79194600745283,,,,21.0,-0.688,-0.812,22.82,-135.562,6.188,-2.75,-0.01,0.006,0.008,-0.83,-0.08,9.56,-1.04,0.16,-0.23,-0.11,0.12,9.8,1.1087500000000001,-1.25,0.0,0.0,6.0,1.0,1017.06,67.54,-17.58
2025-03-24 18:05:07.161000+00:00,41.79194600745283,,,,21.0,-0.688,-0.812,22.82,-135.562,6.188,-2.75,-0.01,0.006,0.008,-0.83,-0.08,9.56,-1.04,0.16,-0.23,-0.11,0.12,9.8,1.1087500000000001,-1.25,0.0,0.0,6.0,1.0,1017.06,67.54,-17.58
2025-03-24 18:05:08.196000+00:00,41.79194600745283,,,,21.0,-0.688,-0.812,22.82,-135.562,6.188,-2.75,-0.01,0.006,0.008,-0.83,-0.08,9.56,-1.04,0.16,-0.23,-0.11,0.12,9.8,1.1087500000000001,-1.25,0.0,0.0,6.0,1.0,1017.06,67.54,-17.58
2025-03-24 18:05:09.091000+00:00,41.79194600745283,,,,21.0,-0.688,-0.812,22.82,-135.562,6.188,-2.75,-0.01,0.006,0.008,-0.83,-0.08,9.56,-1.04,0.16,-0.23,-0.11,0.12,9.8,1.1087500000000001,-1.25,0.0,0.0,6.0,1.0,1017.06,67.54,-17.58
2025-03-24 18:05:10.461000+00:00,41.79194600745283,,,,21.0,-0.688,-0.812,22.82,-135.562,6.188,-2.75,-0.01,0.006,0.008,-0.83,-0.08,9.56,-1.04,0.16,-0.23,-0.11,0.12,9.8,1.1087500000000001,-1.25,0.0,0.0,6.0,1.0,1017.06,67.54,-17.58
2025-03-24 18:05:11.507000+00:00,41.79194600745283,,,,21.0,-0.688,-0.812,22.82,-135.562,6.188,-2.75,-0.01,0.006,0.008,-0.83,-0.08,9.56,-1.04,0.16,-0.23,-0.11,0.12,9.8,1.1087500000000001,-1.25,0.0,0.0,6.0,1.0,1017.06,67.54,-17.58
2025-03-24 18:05:12.495000+00:00,41.79194600745283,,,,21.0,-0.688,-0.812,22.82,-135.562,6.188,-2.75,-0.01,0.006,0.008,-0.83,-0.08,9.56,-1.04,0.16,-0.23,-0.11,0.12,9.8,1.1087500000000001,-1.25,0.0,0.0,6.0,1.0,1017.06,67.54,-17.58
2025-03-24 18:05:13.440000+00:00,41.79194600745283,,,,21.0,-0.688,-0.812,22.82,-135.562,6.188,-2.75,-0.01,0.006,0.008,-0.83,-0.08,9.56,-1.04,0.16,-0.23,-0.11,0.12,9.8,1.1087500000000001,-1.25,0.0,0.0,6.0,1.0,1017.06,67.54,-17.58
2025-03-24 18:05:14.210000+00:00,41.79194600745283,,,,21.0,-0.688,-0.812,22.82,-135.562,6.188,-2.75,-0.01,0.006,0.008,-0.83,-0.08,9.56,-1.04,0.16,-0.23,-0.11,0.12,9.8,1.1087500000000001,-1.25,0.0,0.0,6.0,1.0,1017.06,67.54,-17.58
2025-03-24 18:05:15.469000+00:00,41.79194600745283,,,,21.0,-0.688,-0.812,22.82,-135.562,6.188,-2.75,-0.01,0.006,0.008,-0.83,-0.08,9.56,-1.04,0.16,-0.23,-0.11,0.12,9.8,1.1087500000000001,-1.25,0.0,0.0,6.0,1.0,1017.06,67.54,-17.58
2025-03-24 18:05:16.140000+00:00,41.79194600745283,,,,21.0,-0.688,-0.812,22.82,-135.562,6.188,-2.75,-0.01,0.006,0.008,-0.83,-0.08,9.56,-1.04,0.16,-0.23,-0.11,0.12,9.8,1.1087500000000001,-1.25,0.0,0.0,6.0,1.0,1017.06,67.54,-17.58
2025-03-24 18:05:17.232000+00:00,41.79194600745283,,,,21.0,-0.688,-0.812,22.82,-135.562,6.188,-2.75,-0.01,0.006,0.008,-0.83,-0.08,9.56,-1.04,0.16,-0.23,-0.11,0.12,9.8,1.1087500000000001,-1.25,0.0,0.0,6.0,1.0,1017.06,67.54,-17.58
2025-03-24 18:04:22.042000+00:00,41.79194600745283,,,,21.0,-0.688,-0.812,22.82,-135.562,6.188,-2.75,-0.01,0.006,0.008,-0.83,-0.08,9.56,-1.04,0.16,-0.23,-0.11,0.12,9.8,1.1087500000000001,-1.25,0.0,0.0,6.0,1.0,1017.06,67.54,-17.58
2025-03-24 18:04:27.273000+00:00,41.79194600745283,,,,21.0,-0.688,-0.812,22.82,-135.562,6.188,-2.75,-0.01,0.006,0.008,-0.83,-0.08,9.56,-1.04,0.16,-0.23,-0.11,0.12,9.8,1.1087500000000001,-1.25,0.0,0.0,6.0,1.0,1017.06,67.54,-17.58
2025-03-24 18:04:32.232000+00:00,41.79194600745283,,,,21.0,-0.688,-0.812,22.82,-135.562,6.188,-2.75,-0.01,0.006,0.008,-0.83,-0.08,9.56,-1.04,0.16,-0.23,-0.11,0.12,9.8,1.1087500000000001,-1.25,0.0,0.0,6.0,1.0,1017.06,67.54,-17.58
2025-03-24 18:04:37.022000+00:00,41.79194600745283,,,,21.0,-0.688,-0.812,22.82,-135.562,6.188,-2.75,-0.01,0.006,0.008,-0.83,-0.08,9.56,-1.04,0.16,-0.23,-0.11,0.12,9.8,1.1087500000000001,-1.25,0.0,0.0,6.0,1.0,1017.06,67.54,-17.58
2025-03-24 18:04:42.273000+00:00,41.79194600745283,,,,21.0,-0.688,-0.812,22.82,-135.562,6.188,-2.75,-0.01,0.006,0.008,-0.83,-0.08,9.56,-1.04,0.16,-0.23,-0.11,0.12,9.8,1.1087500000000001,-1.25,0.0,0.0,6.0,1.0,1017.06,67.54,-17.58
2025-03-24 18:04:47.212000+00:00,41.79194600745283,,,,21.0,-0.688,-0.812,22.82,-135.562,6.188,-2.75,-0.01,0.006,0.008,-0.83,-0.08,9.56,-1.04,0.16,-0.23,-0.11,0.12,9.8,1.1087500000000001,-1.25,0.0,0.0,6.0,1.0,1017.06,67.54,-17.58
2025-03-24 18:04:52.092000+00:00,41.79194600745283,,,,21.0,-0.688,-0.812,22.82,-135.562,6.188,-2.75,-0.01,0.006,0.008,-0.83,-0.08,9.56,-1.04,0.16,-0.23,-0.11,0.12,9.8,1.1087500000000001,-1.25,0.0,0.0,6.0,1.0,1017.06,67.54,-17.58
2025-03-24 18:04:57.091000+00:00,41.79194600745283,,,,21.0,-0.688,-0.812,22.82,-135.562,6.188,-2.75,-0.01,0.006,0.008,-0.83,-0.08,9.56,-1.04,0.16,-0.23,-0.11,0.12,9.8,1.1087500000000001,-1.25,0.0,0.0,6.0,1.0,1017.06,67.54,-17.58
2025-03-24 18:05:02.426000+00:00,41.79194600745283,,,,21.0,-0.688,-0.812,22.82,-135.562,6.188,-2.75,-0.01,0.006,0.008,-0.83,-0.08,9.56,-1.04,0.16,-0.23,-0.11,0.12,9.8,1.1087500000000001,-1.25,0.0,0.0,6.0,1.0,1017.06,67.54,-17.58
2025-03-24 18:05:07.016000+00:00,41.79194600745283,,,,21.0,-0.688,-0.812,22.82,-135.562,6.188,-2.75,-0.01,0.006,0.008,-0.83,-0.08,9.56,-1.04,0.16,-0.23,-0.11,0.12,9.8,1.1087500000000001,-1.25,0.0,0.0,6.0,1.0,1017.06,67.54,-17.58
2025-03-24 18:05:12.341000+00:00,41.79194600745283,,,,21.0,-0.688,-0.812,22.82,-135.562,6.188,-2.75,-0.01,0.006,0.008,-0.83,-0.08,9.56,-1.04,0.16,-0.23,-0.11,0.12,9.8,1.1087500000000001,-1.25,0.0,0.0,6.0,1.0,1017.06,67.54,-17.58
2025-03-24 18:05:17.070000+00:00,41.79194600745283,,,,21.0,-0.688,-0.812,22.82,-135.562,6.188,-2.75,-0.01,0.006,0.008,-0.83,-0.08,9.56,-1.04,0.16,-0.23,-0.11,0.12,9.8,1.1087500000000001,-1.25,0.0,0.0,6.0,1.0,1017.06,67.54,-17.58
2025-03-24 18:04:18.008000+00:00,41.79194600745283,,,,21.0,-0.688,-0.812,22.82,-135.562,6.188,-2.75,-0.01,0.006,0.008,-0.83,-0.08,9.56,-1.04,0.16,-0.23,-0.11,0.12,9.8,1.1087500000000001,-1.25,0.0,0.0,6.0,1.0,1017.06,67.54,-17.58
2025-03-24 18:04:18.969000+00:00,41.79194600745283,,,,21.0,-0.688,-0.812,22.82,-135.562,6.188,-2.75,-0.01,0.006,0.008,-0.83,-0.08,9.56,-1.04,0.16,-0.23,-0.11,0.12,9.8,1.1087500000000001,-1.25,0.0,0.0,6.0,1.0,1017.06,67.54,-17.58
2025-03-24 18:04:20.119000+00:00,41.79194600745283,,,,21.0,-0.688,-0.812,22.82,-135.562,6.188,-2.75,-0.01,0.006,0.008,-0.83,-0.08,9.56,-1.04,0.16,-0.23,-0.11,0.12,9.8,1.1087500000000001,-1.25,0.0,0.0,6.3,1.0,1017.06,67.54,-17.58
2025-03-24 18:04:21.517000+00:00,41.79194600745283,,,,21.0,-0.688,-0.812,22.82,-135.562,6.188,-2.75,-0.01,0.006,0.008,-0.83,-0.08,9.56,-1.04,0.16,-0.23,-0.11,0.12,9.8,1.1087500000000001,-1.25,0.0,0.0,6.3,1.0,1017.06,67.54,-17.58
2025-03-24 18:04:22.534000+00:00,41.79194600745283,,,,21.0,-0.688,-0.812,22.82,-135.562,6.188,-2.75,-0.01,0.006,0.008,-0.83,-0.08,9.56,-1.04,0.16,-0.23,-0.11,0.12,9.8,1.1087500000000001,-1.25,0.0,0.0,6.3,1.0,1017.06,67.54,-17.58
2025-03-24 18:04:23.544000+00:00,41.79194600745283,,,,21.0,-0.688,-0.812,22.82,-135.562,6.188,-2.75,-0.01,0.006,0.008,-0.83,-0.08,9.56,-1.04,0.16,-0.23,-0.11,0.12,9.8,1.1087500000000001,-1.25,0.0,0.0,6.3,1.0,1017.06,67.54,-17.58
2025-03-24 18:04:24.587000+00:00,41.79194600745283,,,,21.0,-0.688,-0.812,22.82,-135.562,6.188,-2.75,-0.01,0.006,0.008,-0.83,-0.08,9.56,-1.04,0.16,-0.23,-0.11,0.12,9.8,1.1087500000000001,-1.25,0.0,0.0,6.3,1.0,1017.06,67.54,-17.58
2025-03-24 18:04:25.651000+00:00,41.79194600745283,,,,21.0,-0.688,-0.812,22.82,-135.562,6.188,-2.75,-0.01,0.006,0.008,-0.83,-0.08,9.56,-1.04,0.16,-0.23,-0.11,0.12,9.8,1.1087500000000001,-1.25,0.0,0.0,6.3,1.0,1017.06,67.54,-17.58
2025-03-24 18:04:26.795000+00:00,41.79194600745283,,,,21.0,-0.688,-0.812,22.82,-135.562,6.188,-2.75,-0.01,0.006,0.008,-0.83,-0.08,9.56,-1.04,0.16,-0.23,-0.11,0.12,9.8,1.1087500000000001,-1.25,0.0,0.0,6.3,1.0,1017.06,67.54,-17.58
2025-03-24 18:04:28.059000+00:00,41.79194600745283,,,,21.0,-0.688,-0.812,22.82,-135.562,6.188,-2.75,-0.01,0.006,0.008,-0.83,-0.08,9.56,-1.04,0.16,-0.23,-0.11,0.12,9.8,1.1087500000000001,-1.25,0.0,0.0,6.3,1.0,1017.06,67.54,-17.58
2025-03-24 18:04:29.087000+00:00,41.79194600745283,,,,21.0,-0.688,-0.812,22.82,-135.562,6.188,-2.75,-0.01,0.006,0.008,-0.83,-0.08,9.56,-1.04,0.16,-0.23,-0.11,0.12,9.8,1.1087500000000001,-1.25,0.0,0.0,6.4,1.0,1017.06,67.54,-17.58
2025-03-24 18:04:30.231000+00:00,41.79194600745283,,,,21.0,-0.688,-0.812,22.82,-135.562,6.188,-2.75,-0.01,0.006,0.008,-0.83,-0.08,9.56,-1.04,0.16,-0.23,-0.11,0.12,9.8,1.1087500000000001,-1.25,0.0,0.0,6.4,1.0,1017.06,67.54,-17.58
2025-03-24 18:04:31.763000+00:00,41.79194600745283,,,,21.0,-0.688,-0.812,22.82,-135.562,6.188,-2.75,-0.01,0.006,0.008,-0.83,-0.08,9.56,-1.04,0.16,-0.23,-0.11,0.12,9.8,1.1087500000000001,-1.25,0.0,0.0,6.4,1.0,1017.06,67.54,-17.58
2025-03-24 18:04:32.663000+00:00,41.79194600745283,,,,21.0,-0.688,-0.812,22.82,-135.562,6.188,-2.75,-0.01,0.006,0.008,-0.83,-0.08,9.56,-1.04,0.16,-0.23,-0.11,0.12,9.8,1.1087500000000001,-1.25,0.0,0.0,6.4,1.0,1017.06,67.54,-17.58
2025-03-24 18:04:33.668000+00:00,41.79194600745283,,,,21.0,-0.688,-0.812,22.82,-135.562,6.188,-2.75,-0.01,0.006,0.008,-0.83,-0.08,9.56,-1.04,0.16,-0.23,-0.11,0.12,9.8,1.1087500000000001,-1.25,0.0,0.0,6.4,1.0,1017.06,67.54,-17.58
2025-03-24 18:04:34.773000+00:00,41.79194600745283,,,,21.0,-0.688,-0.812,22.82,-135.562,6.188,-2.75,-0.01,0.006,0.008,-0.83,-0.08,9.56,-1.04,0.16,-0.23,-0.11,0.12,9.8,1.1087500000000001,-1.25,0.0,0.0,6.4,1.0,1017.06,67.54,-17.58
2025-03-24 18:04:35.853000+00:00,41.79194600745283,,,,21.0,-0.688,-0.812,22.82,-135.562,6.188,-2.75,-0.01,0.006,0.008,-0.83,-0.08,9.56,-1.04,0.16,-0.23,-0.11,0.12,9.8,1.1087500000000001,-1.25,0.0,0.0,6.5,1.0,1017.06,67.54,-17.58
2025-03-24 18:04:37.078000+00:00,41.79194600745283,,,,21.0,-0.688,-0.812,22.82,-135.562,6.188,-2.75,-0.01,0.006,0.008,-0.83,-0.08,9.56,-1.04,0.16,-0.23,-0.11,0.12,9.8,1.1087500000000001,-1.25,0.0,0.0,6.5,1.0,1017.06,67.54,-17.58
2025-03-24 18:04:38.036000+00:00,41.79194600745283,,,,21.0,-0.688,-0.812,22.82,-135.562,6.188,-2.75,-0.01,0.006,0.008,-0.83,-0.08,9.56,-1.04,0.16,-0.23,-0.11,0.12,9.8,1.1087500000000001,-1.25,0.0,0.0,6.4,1.0,1017.06,67.54,-17.58
2025-03-24 18:04:39.809000+00:00,41.79194600745283,,,,21.0,-0.688,-0.812,22.82,-135.562,6.188,-2.75,-0.01,0.006,0.008,-0.83,-0.08,9.56,-1.04,0.16,-0.23,-0.11,0.12,9.8,1.1087500000000001,-1.25,0.0,0.0,6.4,1.0,1017.06,67.54,-17.58
2025-03-24 18:04:40.723000+00:00,41.79194600745283,,,,21.0,-0.688,-0.812,22.82,-135.562,6.188,-2.75,-0.01,0.006,0.008,-0.83,-0.08,9.56,-1.04,0.16,-0.23,-0.11,0.12,9.8,1.1087500000000001,-1.25,0.0,0.0,6.4,1.0,1017.06,67.54,-17.58
2025-03-24 18:04:41.785000+00:00,41.79194600745283,,,,21.0,-0.688,-0.812,22.82,-135.562,6.188,-2.75,-0.01,0.006,0.008,-0.83,-0.08,9.56,-1.04,0.16,-0.23,-0.11,0.12,9.8,1.1087500000000001,-1.25,0.0,0.0,6.3,1.0,1017.06,67.54,-17.58
2025-03-24 18:04:43.068000+00:00,41.79194600745283,,,,21.0,-0.688,-0.812,22.82,-135.562,6.188,-2.75,-0.01,0.006,0.008,-0.83,-0.08,9.56,-1.04,0.16,-0.23,-0.11,0.12,9.8,1.1087500000000001,-1.25,0.0,0.0,6.3,1.0,1017.06,67.54,-17.58
2025-03-24 18:04:44.092000+00:00,41.79194600745283,,,,21.0,-0.688,-0.812,22.82,-135.562,6.188,-2.75,-0.01,0.006,0.008,-0.83,-0.08,9.56,-1.04,0.16,-0.23,-0.11,0.12,9.8,1.1087500000000001,-1.25,0.0,0.0,6.3,1.0,1017.06,67.54,-17.58
2025-03-24 18:04:45.226000+00:00,41.79194600745283,,,,21.0,-0.688,-0.812,22.82,-135.562,6.188,-2.75,-0.01,0.006,0.008,-0.83,-0.08,9.56,-1.04,0.16,-0.23,-0.11,0.12,9.8,1.1087500000000001,-1.25,0.0,0.0,6.3,1.0,1017.06,67.54,-17.58
2025-03-24 18:04:46.371000+00:00,41.79194600745283,,,,21.0,-0.688,-0.812,22.82,-135.562,6.188,-2.75,-0.01,0.006,0.008,-0.83,-0.08,9.56,-1.04,0.16,-0.23,-0.11,0.12,9.8,1.1087500000000001,-1.25,0.0,0.0,6.3,1.0,1017.06,67.54,-17.58
2025-03-24 18:04:47.788000+00:00,41.79194600745283,,,,21.0,-0.688,-0.812,22.82,-135.562,6.188,-2.75,-0.01,0.006,0.008,-0.83,-0.08,9.56,-1.04,0.16,-0.23,-0.11,0.12,9.8,1.1087500000000001,-1.25,0.0,0.0,6.4,1.0,1017.06,67.54,-17.58
2025-03-24 18:04:48.831000+00:00,41.79194600745283,,,,21.0,-0.688,-0.812,22.82,-135.562,6.188,-2.75,-0.01,0.006,0.008,-0.83,-0.08,9.56,-1.04,0.16,-0.23,-0.11,0.12,9.8,1.1087500000000001,-1.25,0.0,0.0,6.4,1.0,1017.06,67.54,-17.58
2025-03-24 18:04:49.832000+00:00,41.79194600745283,,,,21.0,-0.688,-0.812,22.82,-135.562,6.188,-2.75,-0.01,0.006,0.008,-0.83,-0.08,9.56,-1.04,0.16,-0.23,-0.11,0.12,9.8,1.1087500000000001,-1.25,0.0,0.0,6.4,1.0,1017.06,67.54,-17.58
2025-03-24 18:04:50.864000+00:00,41.79194600745283,,,,21.0,-0.688,-0.812,22.82,-135.562,6.188,-2.75,-0.01,0.006,0.008,-0.83,-0.08,9.56,-1.04,0.16,-0.23,-0.11,0.12,9.8,1.1087500000000001,-1.25,0.0,0.0,6.3,1.0,1017.06,67.54,-17.58
2025-03-24 18:04:52.147000+00:00,41.79194600745283,,,,21.0,-0.688,-0.812,22.82,-135.562,6.188,-2.75,-0.01,0.006,0.008,-0.83,-0.08,9.56,-1.04,0.16,-0.23,-0.11,0.12,9.8,1.1087500000000001,-1.25,0.0,0.0,6.3,1.0,1017.06,67.54,-17.58
2025-03-24 18:04:53.097000+00:00,41.79194600745283,,,,21.0,-0.688,-0.812,22.82,-135.562,6.188,-2.75,-0.01,0.006,0.008,-0.83,-0.08,9.56,-1.04,0.16,-0.23,-0.11,0.12,9.8,1.1087500000000001,-1.25,0.0,0.0,6.3,1.0,1017.06,67.54,-17.58
2025-03-24 18:04:54.092000+00:00,41.79194600745283,,,,21.0,-0.688,-0.812,22.82,-135.562,6.188,-2.75,-0.01,0.006,0.008,-0.83,-0.08,9.56,-1.04,0.16,-0.23,-0.11,0.12,9.8,1.1087500000000001,-1.25,0.0,0.0,6.3,1.0,1017.06,67.54,-17.58
2025-03-24 18:04:55.137000+00:00,41.79194600745283,,,,21.0,-0.688,-0.812,22.82,-135.562,6.188,-2.75,-0.01,0.006,0.008,-0.83,-0.08,9.56,-1.04,0.16,-0.23,-0.11,0.12,9.8,1.1087500000000001,-1.25,0.0,0.0,6.3,1.0,1017.06,67.54,-17.58
2025-03-24 18:04:56.195000+00:00,41.79194600745283,,,,21.0,-0.688,-0.812,22.82,-135.562,6.188,-2.75,-0.01,0.006,0.008,-0.83,-0.08,9.56,-1.04,0.16,-0.23,-0.11,0.12,9.8,1.1087500000000001,-1.25,0.0,0.0,6.3,1.0,1017.06,67.54,-17.58
2025-03-24 18:04:57.343000+00:00,41.79194600745283,,,,21.0,-0.688,-0.812,22.82,-135.562,6.188,-2.75,-0.01,0.006,0.008,-0.83,-0.08,9.56,-1.04,0.16,-0.23,-0.11,0.12,9.8,1.1087500000000001,-1.25,0.0,0.0,6.3,1.0,1017.06,67.54,-17.58
2025-03-24 18:04:58.487000+00:00,41.79194600745283,,,,21.0,-0.688,-0.812,22.82,-135.562,6.188,-2.75,-0.01,0.006,0.008,-0.83,-0.08,9.56,-1.04,0.16,-0.23,-0.11,0.12,9.8,1.1087500000000001,-1.25,0.0,0.0,6.3,1.0,1017.06,67.54,-17.58
2025-03-24 18:04:59.893000+00:00,41.79194600745283,,,,21.0,-0.688,-0.812,22.82,-135.562,6.188,-2.75,-0.01,0.006,0.008,-0.83,-0.08,9.56,-1.04,0.16,-0.23,-0.11,0.12,9.8,1.1087500000000001,-1.25,0.0,0.0,6.4,1.0,1017.06,67.54,-17.58
2025-03-24 18:05:00.951000+00:00,41.79194600745283,,,,21.0,-0.688,-0.812,22.82,-135.562,6.188,-2.75,-0.01,0.006,0.008,-0.83,-0.08,9.56,-1.04,0.16,-0.23,-0.11,0.12,9.8,1.1087500000000001,-1.25,0.0,0.0,6.4,1.0,1017.06,67.54,-17.58
2025-03-24 18:05:01.959000+00:00,41.79194600745283,,,,21.0,-0.688,-0.812,22.82,-135.562,6.188,-2.75,-0.01,0.006,0.008,-0.83,-0.08,9.56,-1.04,0.16,-0.23,-0.11,0.12,9.8,1.1087500000000001,-1.25,0.0,0.0,6.4,1.0,1017.06,67.54,-17.58
2025-03-24 18:05:03.146000+00:00,41.79194600745283,,,,21.0,-0.688,-0.812,22.82,-135.562,6.188,-2.75,-0.01,0.006,0.008,-0.83,-0.08,9.56,-1.04,0.16,-0.23,-0.11,0.12,9.8,1.1087500000000001,-1.25,0.0,0.0,6.5,1.0,1017.06,67.54,-17.58
2025-03-24 18:05:03.937000+00:00,41.79194600745283,,,,21.0,-0.688,-0.812,22.82,-135.562,6.188,-2.75,-0.01,0.006,0.008,-0.83,-0.08,9.56,-1.04,0.16,-0.23,-0.11,0.12,9.8,1.1087500000000001,-1.25,0.0,0.0,6.5,1.0,1017.06,67.54,-17.58
2025-03-24 18:05:05.171000+00:00,41.79194600745283,,,,21.0,-0.688,-0.812,22.82,-135.562,6.188,-2.75,-0.01,0.006,0.008,-0.83,-0.08,9.56,-1.04,0.16,-0.23,-0.11,0.12,9.8,1.1087500000000001,-1.25,0.0,0.0,6.5,1.0,1017.06,67.54,-17.58
2025-03-24 18:05:06.225000+00:00,41.79194600745283,,,,21.0,-0.688,-0.812,22.82,-135.562,6.188,-2.75,-0.01,0.006,0.008,-0.83,-0.08,9.56,-1.04,0.16,-0.23,-0.11,0.12,9.8,1.1087500000000001,-1.25,0.0,0.0,6.5,1.0,1017.06,67.54,-17.58
2025-03-24 18:05:07.217000+00:00,41.79194600745283,,,,21.0,-0.688,-0.812,22.82,-135.562,6.188,-2.75,-0.01,0.006,0.008,-0.83,-0.08,9.56,-1.04,0.16,-0.23,-0.11,0.12,9.8,1.1087500000000001,-1.25,0.0,0.0,6.5,1.0,1017.06,67.54,-17.58
2025-03-24 18:05:08.255000+00:00,41.79194600745283,,,,21.0,-0.688,-0.812,22.82,-135.562,6.188,-2.75,-0.01,0.006,0.008,-0.83,-0.08,9.56,-1.04,0.16,-0.23,-0.11,0.12,9.8,1.1087500000000001,-1.25,0.0,0.0,6.4,1.0,1017.06,67.54,-17.58
2025-03-24 18:05:10.018000+00:00,41.79194600745283,,,,21.0,-0.688,-0.812,22.82,-135.562,6.188,-2.75,-0.01,0.006,0.008,-0.83,-0.08,9.56,-1.04,0.16,-0.23,-0.11,0.12,9.8,1.1087500000000001,-1.25,0.0,0.0,6.4,1.0,1017.06,67.54,-17.58
2025-03-24 18:05:11.021000+00:00,41.79194600745283,,,,21.0,-0.688,-0.812,22.82,-135.562,6.188,-2.75,-0.01,0.006,0.008,-0.83,-0.08,9.56,-1.04,0.16,-0.23,-0.11,0.12,9.8,1.1087500000000001,-1.25,0.0,0.0,6.4,1.0,1017.06,67.54,-17.58
2025-03-24 18:05:12.021000+00:00,41.79194600745283,,,,21.0,-0.688,-0.812,22.82,-135.562,6.188,-2.75,-0.01,0.006,0.008,-0.83,-0.08,9.56,-1.04,0.16,-0.23,-0.11,0.12,9.8,1.1087500000000001,-1.25,0.0,0.0,6.4,1.0,1017.06,67.54,-17.58
2025-03-24 18:05:13.037000+00:00,41.79194600745283,,,,21.0,-0.688,-0.812,22.82,-135.562,6.188,-2.75,-0.01,0.006,0.008,-0.83,-0.08,9.56,-1.04,0.16,-0.23,-0.11,0.12,9.8,1.1087500000000001,-1.25,0.0,0.0,6.4,1.0,1017.06,67.54,-17.58
2025-03-24 18:05:14.260000+00:00,41.79194600745283,,,,21.0,-0.688,-0.812,22.82,-135.562,6.188,-2.75,-0.01,0.006,0.008,-0.83,-0.08,9.56,-1.04,0.16,-0.23,-0.11,0.12,9.8,1.1087500000000001,-1.25,0.0,0.0,6.4,1.0,1017.06,67.54,-17.58
2025-03-24 18:05:15.050000+00:00,41.79194600745283,,,,21.0,-0.688,-0.812,22.82,-135.562,6.188,-2.75,-0.01,0.006,0.008,-0.83,-0.08,9.56,-1.04,0.16,-0.23,-0.11,0.12,9.8,1.1087500000000001,-1.25,0.0,0.0,6.4,1.0,1017.06,67.54,-17.58
2025-03-24 18:05:16.190000+00:00,41.79194600745283,,,,21.0,-0.688,-0.812,22.82,-135.562,6.188,-2.75,-0.01,0.006,0.008,-0.83,-0.08,9.56,-1.04,0.16,-0.23,-0.11,0.12,9.8,1.1087500000000001,-1.25,0.0,0.0,6.4,1.0,1017.06,67.54,-17.58
2025-03-24 18:05:17.286000+00:00,41.79194600745283,,,,21.0,-0.688,-0.812,22.82,-135.562,6.188,-2.75,-0.01,0.006,0.008,-0.83,-0.08,9.56,-1.04,0.16,-0.23,-0.11,0.12,9.8,1.1087500000000001,-1.25,0.0,0.0,6.3,1.0,1017.06,67.54,-17.58
2025-03-24 18:04:18.059000+00:00,41.79194600745283,,,,21.0,-0.688,-0.812,22.82,-135.562,6.188,-2.75,-0.01,0.006,0.008,-0.83,-0.08,9.56,-1.04,0.16,-0.23,-0.11,0.12,9.8,1.1087500000000001,-1.25,0.0,0.0,6.3,1.0,1017.06,67.54,-17.58
2025-03-24 18:04:19.024000+00:00,41.79194600745283,,,,21.0,-0.688,-0.812,22.82,-135.562,6.188,-2.75,-0.01,0.006,0.008,-0.83,-0.08,9.56,-1.04,0.16,-0.23,-0.11,0.12,9.8,1.1087500000000001,-1.25,0.0,0.0,6.3,1.0,1017.06,67.54,-17.58
2025-03-24 18:04:20.172000+00:00,41.79194600745283,,,,21.0,-0.688,-0.812,22.82,-135.562,6.188,-2.75,-0.01,0.006,0.008,-0.83,-0.08,9.56,-1.04,0.16,-0.23,-0.11,0.12,9.8,1.1087500000000001,-1.25,0.0,0.0,6.3,1.0,1017.06,67.54,-17.58
2025-03-24 18:04:21.563000+00:00,41.79194600745283,,,,21.0,-0.688,-0.812,22.82,-135.562,6.188,-2.75,-0.01,0.006,0.008,-0.83,-0.08,9.56,-1.04,0.16,-0.23,-0.11,0.12,9.8,1.1087500000000001,-1.25,0.0,0.0,6.3,1.0,1017.06,67.54,-17.58
2025-03-24 18:04:22.584000+00:00,41.79194600745283,,,,21.0,-0.688,-0.812,22.82,-135.562,6.188,-2.75,-0.01,0.006,0.008,-0.83,-0.08,9.56,-1.04,0.16,-0.23,-0.11,0.12,9.8,1.1087500000000001,-1.25,0.0,0.0,6.3,1.0,1017.06,67.54,-17.58
2025-03-24 18:04:23.593000+00:00,41.79194600745283,,,,21.0,-0.688,-0.812,22.82,-135.562,6.188,-2.75,-0.01,0.006,0.008,-0.83,-0.08,9.56,-1.04,0.16,-0.23,-0.11,0.12,9.8,1.1087500000000001,-1.25,0.0,0.0,6.3,1.0,1017.06,67.54,-17.58
2025-03-24 18:04:24.639000+00:00,41.79194600745283,,,,21.0,-0.688,-0.812,22.82,-135.562,6.188,-2.75,-0.01,0.006,0.008,-0.83,-0.08,9.56,-1.04,0.16,-0.23,-0.11,0.12,9.8,1.1087500000000001,-1.25,0.0,0.0,6.3,1.0,1017.06,67.54,-17.58
2025-03-24 18:04:25.709000+00:00,41.79194600745283,,,,21.0,-0.688,-0.812,22.82,-135.562,6.188,-2.75,-0.01,0.006,0.008,-0.83,-0.08,9.56,-1.04,0.16,-0.23,-0.11,0.12,9.8,1.1087500000000001,-1.25,0.0,0.0,6.3,1.0,1017.06,67.54,-17.58
2025-03-24 18:04:26.844000+00:00,41.79194600745283,,,,21.0,-0.688,-0.812,22.82,-135.562,6.188,-2.75,-0.01,0.006,0.008,-0.83,-0.08,9.56,-1.04,0.16,-0.23,-0.11,0.12,9.8,1.1087500000000001,-1.25,0.0,0.0,6.3,1.0,1017.06,67.54,-17.58
2025-03-24 18:04:28.112000+00:00,41.79194600745283,,,,21.0,-0.688,-0.812,22.82,-135.562,6.188,-2.75,-0.01,0.006,0.008,-0.83,-0.08,9.56,-1.04,0.16,-0.23,-0.11,0.12,9.8,1.1087500000000001,-1.25,0.0,0.0,6.3,1.0,1017.06,67.54,-17.58
2025-03-24 18:04:29.136000+00:00,41.79194600745283,,,,21.0,-0.688,-0.812,22.82,-135.562,6.188,-2.75,-0.01,0.006,0.008,-0.83,-0.08,9.56,-1.04,0.16,-0.23,-0.11,0.12,9.8,1.1087500000000001,-1.25,0.0,0.0,6.3,1.0,1017.06,67.54,-17.58
2025-03-24 18:04:30.293000+00:00,41.79194600745283,,,,21.0,-0.688,-0.812,22.82,-135.562,6.188,-2.75,-0.01,0.006,0.008,-0.83,-0.08,9.56,-1.04,0.16,-0.23,-0.11,0.12,9.8,1.1087500000000001,-1.25,0.0,0.0,6.3,1.0,1017.06,67.54,-17.58
2025-03-24 18:04:31.813000+00:00,41.79194600745283,,,,21.0,-0.688,-0.812,22.82,-135.562,6.188,-2.75,-0.01,0.006,0.008,-0.83,-0.08,9.56,-1.04,0.16,-0.23,-0.11,0.12,9.8,1.1087500000000001,-1.25,0.0,0.0,6.3,1.0,1017.06,67.54,-17.58
2025-03-24 18:04:32.719000+00:00,41.79194600745283,,,,21.0,-0.688,-0.812,22.82,-135.562,6.188,-2.75,-0.01,0.006,0.008,-0.83,-0.08,9.56,-1.04,0.16,-0.23,-0.11,0.12,9.8,1.1087500000000001,-1.25,0.0,0.0,6.3,1.0,1017.06,67.54,-17.58
2025-03-24 18:04:33.719000+00:00,41.79194600745283,,,,21.0,-0.688,-0.812,22.82,-135.562,6.188,-2.75,-0.01,0.006,0.008,-0.83,-0.08,9.56,-1.04,0.16,-0.23,-0.11,0.12,9.8,1.1087500000000001,-1.25,0.0,0.0,6.3,1.0,1017.06,67.54,-17.58
2025-03-24 18:04:34.829000+00:00,41.79194600745283,,,,21.0,-0.688,-0.812,22.82,-135.562,6.188,-2.75,-0.01,0.006,0.008,-0.83,-0.08,9.56,-1.04,0.16,-0.23,-0.11,0.12,9.8,1.1087500000000001,-1.25,0.0,0.0,6.3,1.0,1017.06,67.54,-17.58
2025-03-24 18:04:35.906000+00:00,41.79194600745283,,,,21.0,-0.688,-0.812,22.82,-135.562,6.188,-2.75,-0.01,0.006,0.008,-0.83,-0.08,9.56,-1.04,0.16,-0.23,-0.11,0.12,9.8,1.1087500000000001,-1.25,0.0,0.0,6.3,1.0,1017.06,67.54,-17.58
2025-03-24 18:04:37.132000+00:00,41.79194600745283,,,,21.0,-0.688,-0.812,22.82,-135.562,6.188,-2.75,-0.01,0.006,0.008,-0.83,-0.08,9.56,-1.04,0.16,-0.23,-0.11,0.12,9.8,1.1087500000000001,-1.25,0.0,0.0,6.3,1.0,1017.06,67.54,-17.58
2025-03-24 18:04:38.086000+00:00,41.79194600745283,,,,21.0,-0.688,-0.812,22.82,-135.562,6.188,-2.75,-0.01,0.006,0.008,-0.83,-0.08,9.56,-1.04,0.16,-0.23,-0.11,0.12,9.8,1.1087500000000001,-1.25,0.0,0.0,6.3,1.0,1017.06,67.54,-17.58
2025-03-24 18:04:39.869000+00:00,41.79194600745283,,,,21.0,-0.688,-0.812,22.82,-135.562,6.188,-2.75,-0.01,0.006,0.008,-0.83,-0.08,9.56,-1.04,0.16,-0.23,-0.11,0.12,9.8,1.1087500000000001,-1.25,0.0,0.0,6.3,1.0,1017.06,67.54,-17.58
2025-03-24 18:04:40.777000+00:00,41.79194600745283,,,,21.0,-0.688,-0.812,22.82,-135.562,6.188,-2.75,-0.01,0.006,0.008,-0.83,-0.08,9.56,-1.04,0.16,-0.23,-0.11,0.12,9.8,1.1087500000000001,-1.25,0.0,0.0,6.3,1.0,1017.06,67.54,-17.58
2025-03-24 18:04:41.836000+00:00,41.79194600745283,,,,21.0,-0.688,-0.812,22.82,-135.562,6.188,-2.75,-0.01,0.006,0.008,-0.83,-0.08,9.56,-1.04,0.16,-0.23,-0.11,0.12,9.8,1.1087500000000001,-1.25,0.0,0.0,6.3,1.0,1017.06,67.54,-17.58
2025-03-24 18:04:43.122000+00:00,41.79194600745283,,,,21.0,-0.688,-0.812,22.82,-135.562,6.188,-2.75,-0.01,0.006,0.008,-0.83,-0.08,9.56,-1.04,0.16,-0.23,-0.11,0.12,9.8,1.1087500000000001,-1.25,0.0,0.0,6.3,1.0,1017.06,67.54,-17.58
2025-03-24 18:04:44.145000+00:00,41.79194600745283,,,,21.0,-0.688,-0.812,22.82,-135.562,6.188,-2.75,-0.01,0.006,0.008,-0.83,-0.08,9.56,-1.04,0.16,-0.23,-0.11,0.12,9.8,1.1087500000000001,-1.25,0.0,0.0,6.3,1.0,1017.06,67.54,-17.58
2025-03-24 18:04:45.272000+00:00,41.79194600745283,,,,21.0,-0.688,-0.812,22.82,-135.562,6.188,-2.75,-0.01,0.006,0.008,-0.83,-0.08,9.56,-1.04,0.16,-0.23,-0.11,0.12,9.8,1.1087500000000001,-1.25,0.0,0.0,6.3,1.0,1017.06,67.54,-17.58
2025-03-24 18:04:46.427000+00:00,41.79194600745283,,,,21.0,-0.688,-0.812,22.82,-135.562,6.188,-2.75,-0.01,0.006,0.008,-0.83,-0.08,9.56,-1.04,0.16,-0.23,-0.11,0.12,9.8,1.1087500000000001,-1.25,0.0,0.0,6.3,1.0,1017.06,67.54,-17.58
2025-03-24 18:04:47.848000+00:00,41.79194600745283,,,,21.0,-0.688,-0.812,22.82,-135.562,6.188,-2.75,-0.01,0.006,0.008,-0.83,-0.08,9.56,-1.04,0.16,-0.23,-0.11,0.12,9.8,1.1087500000000001,-1.25,0.0,0.0,6.3,1.0,1017.06,67.54,-17.58
2025-03-24 18:04:48.882000+00:00,41.79194600745283,,,,21.0,-0.688,-0.812,22.82,-135.562,6.188,-2.75,-0.01,0.006,0.008,-0.83,-0.08,9.56,-1.04,0.16,-0.23,-0.11,0.12,9.8,1.1087500000000001,-1.25,0.0,0.0,6.3,1.0,1017.06,67.54,-17.58
2025-03-24 18:04:49.892000+00:00,41.79194600745283,,,,21.0,-0.688,-0.812,22.82,-135.562,6.188,-2.75,-0.01,0.006,0.008,-0.83,-0.08,9.56,-1.04,0.16,-0.23,-0.11,0.12,9.8,1.1087500000000001,-1.25,0.0,0.0,6.3,1.0,1017.06,67.54,-17.58
2025-03-24 18:04:50.917000+00:00,41.79194600745283,,,,21.0,-0.688,-0.812,22.82,-135.562,6.188,-2.75,-0.01,0.006,0.008,-0.83,-0.08,9.56,-1.04,0.16,-0.23,-0.11,0.12,9.8,1.1087500000000001,-1.25,0.0,0.0,6.3,1.0,1017.06,67.54,-17.58
2025-03-24 18:04:52.208000+00:00,41.79194600745283,,,,21.0,-0.688,-0.812,22.82,-135.562,6.188,-2.75,-0.01,0.006,0.008,-0.83,-0.08,9.56,-1.04,0.16,-0.23,-0.11,0.12,9.8,1.1087500000000001,-1.25,0.0,0.0,6.3,1.0,1017.06,67.54,-17.58
2025-03-24 18:04:53.151000+00:00,41.79194600745283,,,,21.0,-0.688,-0.812,22.82,-135.562,6.188,-2.75,-0.01,0.006,0.008,-0.83,-0.08,9.56,-1.04,0.16,-0.23,-0.11,0.12,9.8,1.1087500000000001,-1.25,0.0,0.0,6.3,1.0,1017.06,67.54,-17.58
2025-03-24 18:04:54.147000+00:00,41.79194600745283,,,,21.0,-0.688,-0.812,22.82,-135.562,6.188,-2.75,-0.01,0.006,0.008,-0.83,-0.08,9.56,-1.04,0.16,-0.23,-0.11,0.12,9.8,1.1087500000000001,-1.25,0.0,0.0,6.3,1.0,1017.06,67.54,-17.58
2025-03-24 18:04:55.197000+00:00,41.79194600745283,,,,21.0,-0.688,-0.812,22.82,-135.562,6.188,-2.75,-0.01,0.006,0.008,-0.83,-0.08,9.56,-1.04,0.16,-0.23,-0.11,0.12,9.8,1.1087500000000001,-1.25,0.0,0.0,6.3,1.0,1017.06,67.54,-17.58
2025-03-24 18:04:56.241000+00:00,41.79194600745283,,,,21.0,-0.688,-0.812,22.82,-135.562,6.188,-2.75,-0.01,0.006,0.008,-0.83,-0.08,9.56,-1.04,0.16,-0.23,-0.11,0.12,9.8,1.1087500000000001,-1.25,0.0,0.0,6.3,1.0,1017.06,67.54,-17.58
2025-03-24 18:04:57.400000+00:00,41.79194600745283,,,,21.0,-0.688,-0.812,22.82,-135.562,6.188,-2.75,-0.01,0.006,0.008,-0.83,-0.08,9.56,-1.04,0.16,-0.23,-0.11,0.12,9.8,1.1087500000000001,-1.25,0.0,0.0,6.3,1.0,1017.06,67.54,-17.58
2025-03-24 18:04:58.540000+00:00,41.79194600745283,,,,21.0,-0.688,-0.812,22.82,-135.562,6.188,-2.75,-0.01,0.006,0.008,-0.83,-0.08,9.56,-1.04,0.16,-0.23,-0.11,0.12,9.8,1.1087500000000001,-1.25,0.0,0.0,6.3,1.0,1017.06,67.54,-17.58
2025-03-24 18:04:59.941000+00:00,41.79194600745283,,,,21.0,-0.688,-0.812,22.82,-135.562,6.188,-2.75,-0.01,0.006,0.008,-0.83,-0.08,9.56,-1.04,0.16,-0.23,-0.11,0.12,9.8,1.1087500000000001,-1.25,0.0,0.0,6.3,1.0,1017.06,67.54,-17.58
2025-03-24 18:05:01.010000+00:00,41.79194600745283,,,,21.0,-0.688,-0.812,22.82,-135.562,6.188,-2.75,-0.01,0.006,0.008,-0.83,-0.08,9.56,-1.04,0.16,-0.23,-0.11,0.12,9.8,1.1087500000000001,-1.25,0.0,0.0,6.3,1.0,1017.06,67.54,-17.58
2025-03-24 18:05:02.012000+00:00,41.79194600745283,,,,21.0,-0.688,-0.812,22.82,-135.562,6.188,-2.75,-0.01,0.006,0.008,-0.83,-0.08,9.56,-1.04,0.16,-0.23,-0.11,0.12,9.8,1.1087500000000001,-1.25,0.0,0.0,6.3,1.0,1017.06,67.54,-17.58
2025-03-24 18:05:03.207000+00:00,41.79194600745283,,,,21.0,-0.688,-0.812,22.82,-135.562,6.188,-2.75,-0.01,0.006,0.008,-0.83,-0.08,9.56,-1.04,0.16,-0.23,-0.11,0.12,9.8,1.1087500000000001,-1.25,0.0,0.0,6.3,1.0,1017.06,67.54,-17.58
2025-03-24 18:05:03.981000+00:00,41.79194600745283,,,,21.0,-0.688,-0.812,22.82,-135.562,6.188,-2.75,-0.01,0.006,0.008,-0.83,-0.08,9.56,-1.04,0.16,-0.23,-0.11,0.12,9.8,1.1087500000000001,-1.25,0.0,0.0,6.3,1.0,1017.06,67.54,-17.58
2025-03-24 18:05:05.222000+00:00,41.79194600745283,,,,21.0,-0.688,-0.812,22.82,-135.562,6.188,-2.75,-0.01,0.006,0.008,-0.83,-0.08,9.56,-1.04,0.16,-0.23,-0.11,0.12,9.8,1.1087500000000001,-1.25,0.0,0.0,6.3,1.0,1017.06,67.54,-17.58
2025-03-24 18:05:06.271000+00:00,41.79194600745283,,,,21.0,-0.688,-0.812,22.82,-135.562,6.188,-2.75,-0.01,0.006,0.008,-0.83,-0.08,9.56,-1.04,0.16,-0.23,-0.11,0.12,9.8,1.1087500000000001,-1.25,0.0,0.0,6.3,1.0,1017.06,67.54,-17.58
2025-03-24 18:05:07.277000+00:00,41.79194600745283,,,,21.0,-0.688,-0.812,22.82,-135.562,6.188,-2.75,-0.01,0.006,0.008,-0.83,-0.08,9.56,-1.04,0.16,-0.23,-0.11,0.12,9.8,1.1087500000000001,-1.25,0.0,0.0,6.3,1.0,1017.06,67.54,-17.58
2025-03-24 18:05:08.300000+00:00,41.79194600745283,,,,21.0,-0.688,-0.812,22.82,-135.562,6.188,-2.75,-0.01,0.006,0.008,-0.83,-0.08,9.56,-1.04,0.16,-0.23,-0.11,0.12,9.8,1.1087500000000001,-1.25,0.0,0.0,6.3,1.0,1017.06,67.54,-17.58
2025-03-24 18:05:10.076000+00:00,41.79194600745283,,,,21.0,-0.688,-0.812,22.82,-135.562,6.188,-2.75,-0.01,0.006,0.008,-0.83,-0.08,9.56,-1.04,0.16,-0.23,-0.11,0.12,9.8,1.1087500000000001,-1.25,0.0,0.0,6.3,1.0,1017.06,67.54,-17.58
2025-03-24 18:05:11.076000+00:00,41.79194600745283,,,,21.0,-0.688,-0.812,22.82,-135.562,6.188,-2.75,-0.01,0.006,0.008,-0.83,-0.08,9.56,-1.04,0.16,-0.23,-0.11,0.12,9.8,1.1087500000000001,-1.25,0.0,0.0,6.3,1.0,1017.06,67.54,-17.58
2025-03-24 18:05:12.080000+00:00,41.79194600745283,,,,21.0,-0.688,-0.812,22.82,-135.562,6.188,-2.75,-0.01,0.006,0.008,-0.83,-0.08,9.56,-1.04,0.16,-0.23,-0.11,0.12,9.8,1.1087500000000001,-1.25,0.0,0.0,6.3,1.0,1017.06,67.54,-17.58
2025-03-24 18:05:13.090000+00:00,41.79194600745283,,,,21.0,-0.688,-0.812,22.82,-135.562,6.188,-2.75,-0.01,0.006,0.008,-0.83,-0.08,9.56,-1.04,0.16,-0.23,-0.11,0.12,9.8,1.1087500000000001,-1.25,0.0,0.0,6.3,1.0,1017.06,67.54,-17.58
2025-03-24 18:05:14.320000+00:00,41.79194600745283,,,,21.0,-0.688,-0.812,22.82,-135.562,6.188,-2.75,-0.01,0.006,0.008,-0.83,-0.08,9.56,-1.04,0.16,-0.23,-0.11,0.12,9.8,1.1087500000000001,-1.25,0.0,0.0,6.3,1.0,1017.06,67.54,-17.58
2025-03-24 18:05:15.100000+00:00,41.79194600745283,,,,21.0,-0.688,-0.812,22.82,-135.562,6.188,-2.75,-0.01,0.006,0.008,-0.83,-0.08,9.56,-1.04,0.16,-0.23,-0.11,0.12,9.8,1.1087500000000001,-1.25,0.0,0.0,6.3,1.0,1017.06,67.54,-17.58
2025-03-24 18:05:16.249000+00:00,41.79194600745283,,,,21.0,-0.688,-0.812,22.82,-135.562,6.188,-2.75,-0.01,0.006,0.008,-0.83,-0.08,9.56,-1.04,0.16,-0.23,-0.11,0.12,9.8,1.1087500000000001,-1.25,0.0,0.0,6.3,1.0,1017.06,67.54,-17.58
2025-03-24 18:05:17.340000+00:00,41.79194600745283,,,,21.0,-0.688,-0.812,22.82,-135.562,6.188,-2.75,-0.01,0.006,0.008,-0.83,-0.08,9.56,-1.04,0.16,-0.23,-0.11,0.12,9.8,1.1087500000000001,-1.25,0.0,0.0,6.3,1.0,1017.06,67.54,-17.58
2025-03-24 18:04:18.218000+00:00,41.79194600745283,,,,21.0,-0.688,-0.812,22.82,-135.562,6.188,-2.75,-0.01,0.006,0.008,-0.83,-0.08,9.56,-1.04,0.16,-0.23,-0.11,0.12,9.8,1.1087500000000001,-1.25,0.0,0.0,6.3,1.0,1017.06,67.54,-17.58
2025-03-24 18:04:19.183000+00:00,41.79194600745283,,,,21.0,-0.688,-0.812,22.82,-135.562,6.188,-2.75,-0.01,0.006,0.008,-0.83,-0.08,9.56,-1.04,0.16,-0.23,-0.11,0.12,9.8,1.1087500000000001,-1.25,0.0,0.0,6.3,1.0,1017.06,67.54,-17.58
2025-03-24 18:04:20.324000+00:00,41.79194600745283,,,,21.0,-0.688,-0.812,22.82,-135.562,6.188,-2.75,-0.01,0.006,0.008,-0.83,-0.08,9.56,-1.04,0.16,-0.23,-0.11,0.12,9.8,1.1087500000000001,-1.25,0.0,0.0,6.3,1.0,1017.06,67.54,-17.58
2025-03-24 18:04:21.714000+00:00,41.79194600745283,,,,21.0,-0.688,-0.812,22.82,-135.562,6.188,-2.75,-0.01,0.006,0.008,-0.83,-0.08,9.56,-1.04,0.16,-0.23,-0.11,0.12,9.8,1.1087500000000001,-1.25,0.0,0.0,6.3,1.0,1017.06,67.54,-17.58
2025-03-24 18:04:22.739000+00:00,41.79194600745283,,,,21.0,-0.688,-0.812,22.82,-135.562,6.188,-2.75,-0.01,0.006,0.008,-0.83,-0.08,9.56,-1.04,0.16,-0.23,-0.11,0.12,9.8,1.1087500000000001,-1.25,0.0,0.0,6.3,1.0,1017.06,67.54,-17.58
2025-03-24 18:04:23.759000+00:00,41.79194600745283,,,,21.0,-0.688,-0.812,22.82,-135.562,6.188,-2.75,-0.01,0.006,0.008,-0.83,-0.08,9.56,-1.04,0.16,-0.23,-0.11,0.12,9.8,1.1087500000000001,-1.25,0.0,0.0,6.3,1.0,1017.06,67.54,-17.58
2025-03-24 18:04:24.795000+00:00,41.79194600745283,,,,21.0,-0.688,-0.812,22.82,-135.562,6.188,-2.75,-0.01,0.006,0.008,-0.83,-0.08,9.56,-1.04,0.16,-0.23,-0.11,0.12,9.8,1.1087500000000001,-1.25,0.0,0.0,6.3,1.0,1017.06,67.54,-17.58
2025-03-24 18:04:25.873000+00:00,41.79194600745283,,,,21.0,-0.688,-0.812,22.82,-135.562,6.188,-2.75,-0.01,0.006,0.008,-0.83,-0.08,9.56,-1.04,0.16,-0.23,-0.11,0.12,9.8,1.1087500000000001,-1.25,0.0,0.0,6.3,1.0,1017.06,67.54,-17.58
2025-03-24 18:04:27.002000+00:00,41.79194600745283,,,,21.0,-0.688,-0.812,22.82,-135.562,6.188,-2.75,-0.01,0.006,0.008,-0.83,-0.08,9.56,-1.04,0.16,-0.23,-0.11,0.12,9.8,1.1087500000000001,-1.25,0.0,0.0,6.3,1.0,1017.06,67.54,-17.58
2025-03-24 18:04:28.269000+00:00,41.79194600745283,,,,21.0,-0.688,-0.812,22.82,-135.562,6.188,-2.75,-0.01,0.006,0.008,-0.83,-0.08,9.56,-1.04,0.16,-0.23,-0.11,0.12,9.8,1.1087500000000001,-1.25,0.0,0.0,6.3,1.0,1017.06,67.54,-17.58
2025-03-24 18:04:29.282000+00:00,41.79194600745283,,,,21.0,-0.688,-0.812,22.82,-135.562,6.188,-2.75,-0.01,0.006,0.008,-0.83,-0.08,9.56,-1.04,0.16,-0.23,-0.11,0.12,9.8,1.1087500000000001,-1.25,0.0,0.0,6.3,1.0,1017.06,67.54,-17.58
2025-03-24 18:04:30.449000+00:00,41.79194600745283,,,,21.0,-0.688,-0.812,22.82,-135.562,6.188,-2.75,-0.01,0.006,0.008,-0.83,-0.08,9.56,-1.04,0.16,-0.23,-0.11,0.12,9.8,1.1087500000000001,-1.25,0.0,0.0,6.3,1.0,1017.06,67.54,-17.58
2025-03-24 18:04:31.979000+00:00,41.79194600745283,,,,21.0,-0.688,-0.812,22.82,-135.562,6.188,-2.75,-0.01,0.006,0.008,-0.83,-0.08,9.56,-1.04,0.16,-0.23,-0.11,0.12,9.8,1.1087500000000001,-1.25,0.0,0.0,6.3,1.0,1017.06,67.54,-17.58
2025-03-24 18:04:32.899000+00:00,41.79194600745283,,,,21.0,-0.688,-0.812,22.82,-135.562,6.188,-2.75,-0.01,0.006,0.008,-0.83,-0.08,9.56,-1.04,0.16,-0.23,-0.11,0.12,9.8,1.1087500000000001,-1.25,0.0,0.0,6.3,1.0,1017.06,67.54,-17.58
2025-03-24 18:04:33.883000+00:00,41.79194600745283,,,,21.0,-0.688,-0.812,22.82,-135.562,6.188,-2.75,-0.01,0.006,0.008,-0.83,-0.08,9.56,-1.04,0.16,-0.23,-0.11,0.12,9.8,1.1087500000000001,-1.25,0.0,0.0,6.3,1.0,1017.06,67.54,-17.58
2025-03-24 18:04:34.983000+00:00,41.79194600745283,,,,21.0,-0.688,-0.812,22.82,-135.562,6.188,-2.75,-0.01,0.006,0.008,-0.83,-0.08,9.56,-1.04,0.16,-0.23,-0.11,0.12,9.8,1.1087500000000001,-1.25,0.0,0.0,6.3,1.0,1017.06,67.54,-17.58
2025-03-24 18:04:36.074000+00:00,41.79194600745283,,,,21.0,-0.688,-0.812,22.82,-135.562,6.188,-2.75,-0.01,0.006,0.008,-0.83,-0.08,9.56,-1.04,0.16,-0.23,-0.11,0.12,9.8,1.1087500000000001,-1.25,0.0,0.0,6.3,1.0,1017.06,67.54,-17.58
2025-03-24 18:04:37.282000+00:00,41.79194600745283,,,,21.0,-0.688,-0.812,22.82,-135.562,6.188,-2.75,-0.01,0.006,0.008,-0.83,-0.08,9.56,-1.04,0.16,-0.23,-0.11,0.12,9.8,1.1087500000000001,-1.25,0.0,0.0,6.3,1.0,1017.06,67.54,-17.58
2025-03-24 18:04:38.258000+00:00,41.79194600745283,,,,21.0,-0.688,-0.812,22.82,-135.562,6.188,-2.75,-0.01,0.006,0.008,-0.83,-0.08,9.56,-1.04,0.16,-0.23,-0.11,0.12,9.8,1.1087500000000001,-1.25,0.0,0.0,6.3,1.0,1017.06,67.54,-17.58
2025-03-24 18:04:40.038000+00:00,41.79194600745283,,,,21.0,-0.688,-0.812,22.82,-135.562,6.188,-2.75,-0.01,0.006,0.008,-0.83,-0.08,9.56,-1.04,0.16,-0.23,-0.11,0.12,9.8,1.1087500000000001,-1.25,0.0,0.0,6.3,1.0,1017.06,67.54,-17.58
2025-03-24 18:04:40.938000+00:00,41.79194600745283,,,,21.0,-0.688,-0.812,22.82,-135.562,6.188,-2.75,-0.01,0.006,0.008,-0.83,-0.08,9.56,-1.04,0.16,-0.23,-0.11,0.12,9.8,1.1087500000000001,-1.25,0.0,0.0,6.3,1.0,1017.17,67.54,-17.58
2025-03-24 18:04:42.009000+00:00,41.79194600745283,,,,21.0,-0.688,-0.812,22.82,-135.562,6.188,-2.75,-0.01,0.006,0.008,-0.83,-0.08,9.56,-1.04,0.16,-0.23,-0.11,0.12,9.8,1.1087500000000001,-1.25,0.0,0.0,6.3,1.0,1017.17,67.54,-17.58
2025-03-24 18:04:43.277000+00:00,41.79194600745283,,,,21.0,-0.688,-0.812,22.82,-135.562,6.188,-2.75,-0.01,0.006,0.008,-0.83,-0.08,9.56,-1.04,0.16,-0.23,-0.11,0.12,9.8,1.1087500000000001,-1.25,0.0,0.0,6.3,1.0,1017.17,67.54,-17.58
2025-03-24 18:04:44.298000+00:00,41.79194600745283,,,,21.0,-0.688,-0.812,22.82,-135.562,6.188,-2.75,-0.01,0.006,0.008,-0.83,-0.08,9.56,-1.04,0.16,-0.23,-0.11,0.12,9.8,1.1087500000000001,-1.25,0.0,0.0,6.3,1.0,1017.17,67.54,-17.58
2025-03-24 18:04:45.442000+00:00,41.79194600745283,,,,21.0,-0.688,-0.812,22.82,-135.562,6.188,-2.75,-0.01,0.006,0.008,-0.83,-0.08,9.56,-1.04,0.16,-0.23,-0.11,0.12,9.8,1.1087500000000001,-1.25,0.0,0.0,6.3,1.0,1017.17,67.54,-17.58
2025-03-24 18:04:46.582000+00:00,41.79194600745283,,,,21.0,-0.688,-0.812,22.82,-135.562,6.188,-2.75,-0.01,0.006,0.008,-0.83,-0.08,9.56,-1.04,0.16,-0.23,-0.11,0.12,9.8,1.1087500000000001,-1.25,0.0,0.0,6.3,1.0,1017.17,67.54,-17.58
2025-03-24 18:04:48.018000+00:00,41.79194600745283,,,,21.0,-0.688,-0.812,22.82,-135.562,6.188,-2.75,-0.01,0.006,0.008,-0.83,-0.08,9.56,-1.04,0.16,-0.23,-0.11,0.12,9.8,1.1087500000000001,-1.25,0.0,0.0,6.3,1.0,1017.17,67.54,-17.58
2025-03-24 18:04:49.046000+00:00,41.79194600745283,,,,21.0,-0.688,-0.812,22.82,-135.562,6.188,-2.75,-0.01,0.006,0.008,-0.83,-0.08,9.56,-1.04,0.16,-0.23,-0.11,0.12,9.8,1.1087500000000001,-1.25,0.0,0.0,6.3,1.0,1017.17,67.54,-17.58
2025-03-24 18:04:50.068000+00:00,41.79194600745283,,,,21.0,-0.688,-0.812,22.82,-135.562,6.188,-2.75,-0.01,0.006,0.008,-0.83,-0.08,9.56,-1.04,0.16,-0.23,-0.11,0.12,9.8,1.1087500000000001,-1.25,0.0,0.0,6.3,1.0,1017.17,67.54,-17.58
2025-03-24 18:04:51.078000+00:00,41.79194600745283,,,,21.0,-0.688,-0.812,22.82,-135.562,6.188,-2.75,-0.01,0.006,0.008,-0.83,-0.08,9.56,-1.04,0.16,-0.23,-0.11,0.12,9.8,1.1087500000000001,-1.25,0.0,0.0,6.3,1.0,1017.17,67.54,-17.58
2025-03-24 18:04:52.388000+00:00,41.79194600745283,,,,21.0,-0.688,-0.812,22.82,-135.562,6.188,-2.75,-0.01,0.006,0.008,-0.83,-0.08,9.56,-1.04,0.16,-0.23,-0.11,0.12,9.8,1.1087500000000001,-1.25,0.0,0.0,6.3,1.0,1017.17,67.54,-17.58
2025-03-24 18:04:53.301000+00:00,41.79194600745283,,,,21.0,-0.688,-0.812,22.82,-135.562,6.188,-2.75,-0.01,0.006,0.008,-0.83,-0.08,9.56,-1.04,0.16,-0.23,-0.11,0.12,9.8,1.1087500000000001,-1.25,0.0,0.0,6.3,1.0,1017.17,67.54,-17.58
2025-03-24 18:04:54.301000+00:00,41.79194600745283,,,,21.0,-0.688,-0.812,22.82,-135.562,6.188,-2.75,-0.01,0.006,0.008,-0.83,-0.08,9.56,-1.04,0.16,-0.23,-0.11,0.12,9.8,1.1087500000000001,-1.25,0.0,0.0,6.3,1.0,1017.17,67.54,-17.58
2025-03-24 18:04:55.361000+00:00,41.79194600745283,,,,21.0,-0.688,-0.812,22.82,-135.562,6.188,-2.75,-0.01,0.006,0.008,-0.83,-0.08,9.56,-1.04,0.16,-0.23,-0.11,0.12,9.8,1.1087500000000001,-1.25,0.0,0.0,6.3,1.0,1017.17,67.54,-17.58
2025-03-24 18:04:56.395000+00:00,41.79194600745283,,,,21.0,-0.688,-0.812,22.82,-135.562,6.188,-2.75,-0.01,0.006,0.008,-0.83,-0.08,9.56,-1.04,0.16,-0.23,-0.11,0.12,9.8,1.1087500000000001,-1.25,0.0,0.0,6.3,1.0,1017.17,67.54,-17.58
2025-03-24 18:04:57.570000+00:00,41.79194600745283,,,,21.0,-0.688,-0.812,22.82,-135.562,6.188,-2.75,-0.01,0.006,0.008,-0.83,-0.08,9.56,-1.04,0.16,-0.23,-0.11,0.12,9.8,1.1087500000000001,-1.25,0.0,0.0,6.3,1.0,1017.17,67.54,-17.58
2025-03-24 18:04:58.717000+00:00,41.79194600745283,,,,21.0,-0.688,-0.812,22.82,-135.562,6.188,-2.75,-0.01,0.006,0.008,-0.83,-0.08,9.56,-1.04,0.16,-0.23,-0.11,0.12,9.8,1.1087500000000001,-1.25,0.0,0.0,6.3,1.0,1017.17,67.54,-17.58
2025-03-24 18:05:00.117000+00:00,41.79194600745283,,,,21.0,-0.688,-0.812,22.82,-135.562,6.188,-2.75,-0.01,0.006,0.008,-0.83,-0.08,9.56,-1.04,0.16,-0.23,-0.11,0.12,9.8,1.1087500000000001,-1.25,0.0,0.0,6.3,1.0,1017.17,67.54,-17.58
2025-03-24 18:05:01.161000+00:00,41.79194600745283,,,,21.0,-0.688,-0.812,22.82,-135.562,6.188,-2.75,-0.01,0.006,0.008,-0.83,-0.08,9.56,-1.04,0.16,-0.23,-0.11,0.12,9.8,1.1087500000000001,-1.25,0.0,0.0,6.3,1.0,1017.17,67.54,-17.58
2025-03-24 18:05:02.160000+00:00,41.79194600745283,,,,21.0,-0.688,-0.812,22.82,-135.562,6.188,-2.75,-0.01,0.006,0.008,-0.83,-0.08,9.56,-1.04,0.16,-0.23,-0.11,0.12,9.8,1.1087500000000001,-1.25,0.0,0.0,6.3,1.0,1017.17,67.54,-17.58
2025-03-24 18:05:03.371000+00:00,41.79194600745283,,,,21.0,-0.688,-0.812,22.82,-135.562,6.188,-2.75,-0.01,0.006,0.008,-0.83,-0.08,9.56,-1.04,0.16,-0.23,-0.11,0.12,9.8,1.1087500000000001,-1.25,0.0,0.0,6.3,1.0,1017.17,67.54,-17.58
2025-03-24 18:05:04.152000+00:00,41.79194600745283,,,,21.0,-0.688,-0.812,22.82,-135.562,6.188,-2.75,-0.01,0.006,0.008,-0.83,-0.08,9.56,-1.04,0.16,-0.23,-0.11,0.12,9.8,1.1087500000000001,-1.25,0.0,0.0,6.3,1.0,1017.17,67.54,-17.58
2025-03-24 18:05:05.381000+00:00,41.79194600745283,,,,21.0,-0.688,-0.812,22.82,-135.562,6.188,-2.75,-0.01,0.006,0.008,-0.83,-0.08,9.56,-1.04,0.16,-0.23,-0.11,0.12,9.8,1.1087500000000001,-1.25,0.0,0.0,6.3,1.0,1017.17,67.54,-17.58
2025-03-24 18:05:06.423000+00:00,41.79194600745283,,,,21.0,-0.688,-0.812,22.82,-135.562,6.188,-2.75,-0.01,0.006,0.008,-0.83,-0.08,9.56,-1.04,0.16,-0.23,-0.11,0.12,9.8,1.1087500000000001,-1.25,0.0,0.0,6.3,1.0,1017.17,67.54,-17.58
2025-03-24 18:05:07.437000+00:00,41.79194600745283,,,,21.0,-0.688,-0.812,22.82,-135.562,6.188,-2.75,-0.01,0.006,0.008,-0.83,-0.08,9.56,-1.04,0.16,-0.23,-0.11,0.12,9.8,1.1087500000000001,-1.25,0.0,0.0,6.3,1.0,1017.17,67.54,-17.58
2025-03-24 18:05:08.452000+00:00,41.79194600745283,,,,21.0,-0.688,-0.812,22.82,-135.562,6.188,-2.75,-0.01,0.006,0.008,-0.83,-0.08,9.56,-1.04,0.16,-0.23,-0.11,0.12,9.8,1.1087500000000001,-1.25,0.0,0.0,6.3,1.0,1017.17,67.54,-17.58
2025-03-24 18:05:10.256000+00:00,41.79194600745283,,,,21.0,-0.688,-0.812,22.82,-135.562,6.188,-2.75,-0.01,0.006,0.008,-0.83,-0.08,9.56,-1.04,0.16,-0.23,-0.11,0.12,9.8,1.1087500000000001,-1.25,0.0,0.0,6.3,1.0,1017.14,67.54,-17.58
2025-03-24 18:05:11.249000+00:00,41.79194600745283,,,,21.0,-0.688,-0.812,22.82,-135.562,6.188,-2.75,-0.01,0.006,0.008,-0.83,-0.08,9.56,-1.04,0.16,-0.23,-0.11,0.12,9.8,1.1087500000000001,-1.25,0.0,0.0,6.3,1.0,1017.14,67.54,-17.58
2025-03-24 18:05:12.240000+00:00,41.79194600745283,,,,21.0,-0.688,-0.812,22.82,-135.562,6.188,-2.75,-0.01,0.006,0.008,-0.83,-0.08,9.56,-1.04,0.16,-0.23,-0.11,0.12,9.8,1.1087500000000001,-1.25,0.0,0.0,6.3,1.0,1017.14,67.54,-17.58
2025-03-24 18:05:13.240000+00:00,41.79194600745283,,,,21.0,-0.688,-0.812,22.82,-135.562,6.188,-2.75,-0.01,0.006,0.008,-0.83,-0.08,9.56,-1.04,0.16,-0.23,-0.11,0.12,9.8,1.1087500000000001,-1.25,0.0,0.0,6.3,1.0,1017.14,67.54,-17.58
2025-03-24 18:05:14.480000+00:00,41.79194600745283,,,,21.0,-0.688,-0.812,22.82,-135.562,6.188,-2.75,-0.01,0.006,0.008,-0.83,-0.08,9.56,-1.04,0.16,-0.23,-0.11,0.12,9.8,1.1087500000000001,-1.25,0.0,0.0,6.3,1.0,1017.14,67.54,-17.58
2025-03-24 18:05:15.266000+00:00,41.79194600745283,,,,21.0,-0.688,-0.812,22.82,-135.562,6.188,-2.75,-0.01,0.006,0.008,-0.83,-0.08,9.56,-1.04,0.16,-0.23,-0.11,0.12,9.8,1.1087500000000001,-1.25,0.0,0.0,6.3,1.0,1017.14,67.54,-17.58
2025-03-24 18:05:16.410000+00:00,41.79194600745283,,,,21.0,-0.688,-0.812,22.82,-135.562,6.188,-2.75,-0.01,0.006,0.008,-0.83,-0.08,9.56,-1.04,0.16,-0.23,-0.11,0.12,9.8,1.1087500000000001,-1.25,0.0,0.0,6.3,1.0,1017.14,67.54,-17.58
2025-03-24 18:05:17.491000+00:00,41.79194600745283,,,,21.0,-0.688,-0.812,22.82,-135.562,6.188,-2.75,-0.01,0.006,0.008,-0.83,-0.08,9.56,-1.04,0.16,-0.23,-0.11,0.12,9.8,1.1087500000000001,-1.25,0.0,0.0,6.3,1.0,1017.14,67.54,-17.58
2025-03-24 18:04:18.163000+00:00,41.79194600745283,,,,21.0,-0.688,-0.812,22.82,-135.562,6.188,-2.75,-0.01,0.006,0.008,-0.83,-0.08,9.56,-1.04,0.16,-0.23,-0.11,0.12,9.8,1.1087500000000001,-1.25,0.0,0.0,6.3,1.0,1017.14,67.54,-17.58
2025-03-24 18:04:19.130000+00:00,41.79194600745283,,,,21.0,-0.688,-0.812,22.82,-135.562,6.188,-2.75,-0.01,0.006,0.008,-0.83,-0.08,9.56,-1.04,0.16,-0.23,-0.11,0.12,9.8,1.1087500000000001,-1.25,0.0,0.0,6.3,1.0,1017.14,67.54,-17.58
2025-03-24 18:04:20.274000+00:00,41.79194600745283,,,,21.0,-0.688,-0.812,22.82,-135.562,6.188,-2.75,-0.01,0.006,0.008,-0.83,-0.08,9.56,-1.04,0.16,-0.23,-0.11,0.12,9.8,1.1087500000000001,-1.25,0.0,0.0,6.3,1.0,1017.14,67.54,-17.58
2025-03-24 18:04:21.663000+00:00,41.79194600745283,,,,21.0,-0.688,-0.812,22.82,-135.562,6.188,-2.75,-0.01,0.006,0.008,-0.83,-0.08,9.56,-1.04,0.16,-0.23,-0.11,0.12,9.8,1.1087500000000001,-1.25,0.0,0.0,6.3,1.0,1017.14,67.54,-17.58
2025-03-24 18:04:22.683000+00:00,41.79194600745283,,,,21.0,-0.688,-0.812,22.82,-135.562,6.188,-2.75,-0.01,0.006,0.008,-0.83,-0.08,9.56,-1.04,0.16,-0.23,-0.11,0.12,9.8,1.1087500000000001,-1.25,0.0,0.0,6.3,1.0,1017.14,67.54,-17.58
2025-03-24 18:04:23.703000+00:00,41.79194600745283,,,,21.0,-0.688,-0.812,22.82,-135.562,6.188,-2.75,-0.01,0.006,0.008,-0.83,-0.08,9.56,-1.04,0.16,-0.23,-0.11,0.12,9.8,1.1087500000000001,-1.25,0.0,0.0,6.3,1.0,1017.14,67.54,-17.58
2025-03-24 18:04:24.743000+00:00,41.79194600745283,,,,21.0,-0.688,-0.812,22.82,-135.562,6.188,-2.75,-0.01,0.006,0.008,-0.83,-0.08,9.56,-1.04,0.16,-0.23,-0.11,0.12,9.8,1.1087500000000001,-1.25,0.0,0.0,6.3,1.0,1017.14,67.54,-17.58
2025-03-24 18:04:25.825000+00:00,41.79194600745283,,,,21.0,-0.688,-0.812,22.82,-135.562,6.188,-2.75,-0.01,0.006,0.008,-0.83,-0.08,9.56,-1.04,0.16,-0.23,-0.11,0.12,9.8,1.1087500000000001,-1.25,0.0,0.0,6.3,1.0,1017.14,67.54,-17.58
2025-03-24 18:04:26.956000+00:00,41.79194600745283,,,,21.0,-0.688,-0.812,22.82,-135.562,6.188,-2.75,-0.01,0.006,0.008,-0.83,-0.08,9.56,-1.04,0.16,-0.23,-0.11,0.12,9.8,1.1087500000000001,-1.25,0.0,0.0,6.3,1.0,1017.14,67.54,-17.58
2025-03-24 18:04:28.212000+00:00,41.79194600745283,,,,21.0,-0.688,-0.812,22.82,-135.562,6.188,-2.75,-0.01,0.006,0.008,-0.83,-0.08,9.56,-1.04,0.16,-0.23,-0.11,0.12,9.8,1.1087500000000001,-1.25,0.0,0.0,6.3,1.0,1017.14,67.54,-17.58
2025-03-24 18:04:29.232000+00:00,41.79194600745283,,,,21.0,-0.688,-0.812,22.82,-135.562,6.188,-2.75,-0.01,0.006,0.008,-0.83,-0.08,9.56,-1.04,0.16,-0.23,-0.11,0.12,9.8,1.1087500000000001,-1.25,0.0,0.0,6.3,1.0,1017.14,67.54,-17.58
2025-03-24 18:04:30.393000+00:00,41.79194600745283,,,,21.0,-0.688,-0.812,22.82,-135.562,6.188,-2.75,-0.01,0.006,0.008,-0.83,-0.08,9.56,-1.04,0.16,-0.23,-0.11,0.12,9.8,1.1087500000000001,-1.25,0.0,0.0,6.3,1.0,1017.14,67.54,-17.58
2025-03-24 18:04:31.929000+00:00,41.79194600745283,,,,21.0,-0.688,-0.812,22.82,-135.562,6.188,-2.75,-0.01,0.006,0.008,-0.83,-0.08,9.56,-1.04,0.16,-0.23,-0.11,0.12,9.8,1.1087500000000001,-1.25,0.0,0.0,6.3,1.0,1017.14,67.54,-17.58
2025-03-24 18:04:32.839000+00:00,41.79194600745283,,,,21.0,-0.688,-0.812,22.82,-135.562,6.188,-2.75,-0.01,0.006,0.008,-0.83,-0.08,9.56,-1.04,0.16,-0.23,-0.11,0.12,9.8,1.1087500000000001,-1.25,0.0,0.0,6.3,1.0,1017.14,67.54,-17.58
2025-03-24 18:04:33.835000+00:00,41.79194600745283,,,,21.0,-0.688,-0.812,22.82,-135.562,6.188,-2.75,-0.01,0.006,0.008,-0.83,-0.08,9.56,-1.04,0.16,-0.23,-0.11,0.12,9.8,1.1087500000000001,-1.25,0.0,0.0,6.3,1.0,1017.14,67.54,-17.58
2025-03-24 18:04:34.933000+00:00,41.79194600745283,,,,21.0,-0.688,-0.812,22.82,-135.562,6.188,-2.75,-0.01,0.006,0.008,-0.83,-0.08,9.56,-1.04,0.16,-0.23,-0.11,0.12,9.8,1.1087500000000001,-1.25,0.0,0.0,6.3,1.0,1017.14,67.54,-17.58
2025-03-24 18:04:36.019000+00:00,41.79194600745283,,,,21.0,-0.688,-0.812,22.82,-135.562,6.188,-2.75,-0.01,0.006,0.008,-0.83,-0.08,9.56,-1.04,0.16,-0.23,-0.11,0.12,9.8,1.1087500000000001,-1.25,0.0,0.0,6.3,1.0,1017.14,67.54,-17.58
2025-03-24 18:04:37.232000+00:00,41.79194600745283,,,,21.0,-0.688,-0.812,22.82,-135.562,6.188,-2.75,-0.01,0.006,0.008,-0.83,-0.08,9.56,-1.04,0.16,-0.23,-0.11,0.12,9.8,1.1087500000000001,-1.25,0.0,0.0,6.3,1.0,1017.14,67.54,-17.58
2025-03-24 18:04:38.199000+00:00,41.79194600745283,,,,21.0,-0.688,-0.812,22.82,-135.562,6.188,-2.75,-0.01,0.006,0.008,-0.83,-0.08,9.56,-1.04,0.16,-0.23,-0.11,0.12,9.8,1.1087500000000001,-1.25,0.0,0.0,6.3,1.0,1017.14,67.54,-17.58
2025-03-24 18:04:39.978000+00:00,41.79194600745283,,,,21.0,-0.688,-0.812,22.82,-135.562,6.188,-2.75,-0.01,0.006,0.008,-0.83,-0.08,9.56,-1.04,0.16,-0.23,-0.11,0.12,9.8,1.1087500000000001,-1.25,0.0,0.0,6.3,1.0,1017.14,67.54,-17.58
2025-03-24 18:04:40.883000+00:00,41.79194600745283,,,,21.0,-0.688,-0.812,22.82,-135.562,6.188,-2.75,-0.01,0.006,0.008,-0.83,-0.08,9.56,-1.04,0.16,-0.23,-0.11,0.12,9.8,1.1087500000000001,-1.25,0.0,0.0,6.3,1.0,1017.14,67.49,-17.58
2025-03-24 18:04:41.949000+00:00,41.79194600745283,,,,21.0,-0.688,-0.812,22.82,-135.562,6.188,-2.75,-0.01,0.006,0.008,-0.83,-0.08,9.56,-1.04,0.16,-0.23,-0.11,0.12,9.8,1.1087500000000001,-1.25,0.0,0.0,6.3,1.0,1017.14,67.49,-17.58
2025-03-24 18:04:43.227000+00:00,41.79194600745283,,,,21.0,-0.688,-0.812,22.82,-135.562,6.188,-2.75,-0.01,0.006,0.008,-0.83,-0.08,9.56,-1.04,0.16,-0.23,-0.11,0.12,9.8,1.1087500000000001,-1.25,0.0,0.0,6.3,1.0,1017.14,67.49,-17.58
2025-03-24 18:04:44.243000+00:00,41.79194600745283,,,,21.0,-0.688,-0.812,22.82,-135.562,6.188,-2.75,-0.01,0.006,0.008,-0.83,-0.08,9.56,-1.04,0.16,-0.23,-0.11,0.12,9.8,1.1087500000000001,-1.25,0.0,0.0,6.3,1.0,1017.14,67.49,-17.58
2025-03-24 18:04:45.388000+00:00,41.79194600745283,,,,21.0,-0.688,-0.812,22.82,-135.562,6.188,-2.75,-0.01,0.006,0.008,-0.83,-0.08,9.56,-1.04,0.16,-0.23,-0.11,0.12,9.8,1.1087500000000001,-1.25,0.0,0.0,6.3,1.0,1017.14,67.49,-17.58
2025-03-24 18:04:46.532000+00:00,41.79194600745283,,,,21.0,-0.688,-0.812,22.82,-135.562,6.188,-2.75,-0.01,0.006,0.008,-0.83,-0.08,9.56,-1.04,0.16,-0.23,-0.11,0.12,9.8,1.1087500000000001,-1.25,0.0,0.0,6.3,1.0,1017.14,67.49,-17.58
2025-03-24 18:04:47.958000+00:00,41.79194600745283,,,,21.0,-0.688,-0.812,22.82,-135.562,6.188,-2.75,-0.01,0.006,0.008,-0.83,-0.08,9.56,-1.04,0.16,-0.23,-0.11,0.12,9.8,1.1087500000000001,-1.25,0.0,0.0,6.3,1.0,1017.14,67.49,-17.58
2025-03-24 18:04:48.995000+00:00,41.79194600745283,,,,21.0,-0.688,-0.812,22.82,-135.562,6.188,-2.75,-0.01,0.006,0.008,-0.83,-0.08,9.56,-1.04,0.16,-0.23,-0.11,0.12,9.8,1.1087500000000001,-1.25,0.0,0.0,6.3,1.0,1017.14,67.49,-17.58
2025-03-24 18:04:50.009000+00:00,41.79194600745283,,,,21.0,-0.688,-0.812,22.82,-135.562,6.188,-2.75,-0.01,0.006,0.008,-0.83,-0.08,9.56,-1.04,0.16,-0.23,-0.11,0.12,9.8,1.1087500000000001,-1.25,0.0,0.0,6.3,1.0,1017.14,67.49,-17.58
2025-03-24 18:04:51.021000+00:00,41.79194600745283,,,,21.0,-0.688,-0.812,22.82,-135.562,6.188,-2.75,-0.01,0.006,0.008,-0.83,-0.08,9.56,-1.04,0.16,-0.23,-0.11,0.12,9.8,1.1087500000000001,-1.25,0.0,0.0,6.3,1.0,1017.14,67.49,-17.58
2025-03-24 18:04:52.321000+00:00,41.79194600745283,,,,21.0,-0.688,-0.812,22.82,-135.562,6.188,-2.75,-0.01,0.006,0.008,-0.83,-0.08,9.56,-1.04,0.16,-0.23,-0.11,0.12,9.8,1.1087500000000001,-1.25,0.0,0.0,6.3,1.0,1017.14,67.49,-17.58
2025-03-24 18:04:53.251000+00:00,41.79194600745283,,,,21.0,-0.688,-0.812,22.82,-135.562,6.188,-2.75,-0.01,0.006,0.008,-0.83,-0.08,9.56,-1.04,0.16,-0.23,-0.11,0.12,9.8,1.1087500000000001,-1.25,0.0,0.0,6.3,1.0,1017.14,67.49,-17.58
2025-03-24 18:04:54.251000+00:00,41.79194600745283,,,,21.0,-0.688,-0.812,22.82,-135.562,6.188,-2.75,-0.01,0.006,0.008,-0.83,-0.08,9.56,-1.04,0.16,-0.23,-0.11,0.12,9.8,1.1087500000000001,-1.25,0.0,0.0,6.3,1.0,1017.14,67.49,-17.58
2025-03-24 18:04:55.317000+00:00,41.79194600745283,,,,21.0,-0.688,-0.812,22.82,-135.562,6.188,-2.75,-0.01,0.006,0.008,-0.83,-0.08,9.56,-1.04,0.16,-0.23,-0.11,0.12,9.8,1.1087500000000001,-1.25,0.0,0.0,6.3,1.0,1017.14,67.49,-17.58
2025-03-24 18:04:56.341000+00:00,41.79194600745283,,,,21.0,-0.688,-0.812,22.82,-135.562,6.188,-2.75,-0.01,0.006,0.008,-0.83,-0.08,9.56,-1.04,0.16,-0.23,-0.11,0.12,9.8,1.1087500000000001,-1.25,0.0,0.0,6.3,1.0,1017.14,67.49,-17.58
2025-03-24 18:04:57.517000+00:00,41.79194600745283,,,,21.0,-0.688,-0.812,22.82,-135.562,6.188,-2.75,-0.01,0.006,0.008,-0.83,-0.08,9.56,-1.04,0.16,-0.23,-0.11,0.12,9.8,1.1087500000000001,-1.25,0.0,0.0,6.3,1.0,1017.14,67.49,-17.58
2025-03-24 18:04:58.657000+00:00,41.79194600745283,,,,21.0,-0.688,-0.812,22.82,-135.562,6.188,-2.75,-0.01,0.006,0.008,-0.83,-0.08,9.56,-1.04,0.16,-0.23,-0.11,0.12,9.8,1.1087500000000001,-1.25,0.0,0.0,6.3,1.0,1017.14,67.49,-17.58
2025-03-24 18:05:00.057000+00:00,41.79194600745283,,,,21.0,-0.688,-0.812,22.82,-135.562,6.188,-2.75,-0.01,0.006,0.008,-0.83,-0.08,9.56,-1.04,0.16,-0.23,-0.11,0.12,9.8,1.1087500000000001,-1.25,0.0,0.0,6.3,1.0,1017.14,67.49,-17.58
2025-03-24 18:05:01.112000+00:00,41.79194600745283,,,,21.0,-0.688,-0.812,22.82,-135.562,6.188,-2.75,-0.01,0.006,0.008,-0.83,-0.08,9.56,-1.04,0.16,-0.23,-0.11,0.12,9.8,1.1087500000000001,-1.25,0.0,0.0,6.3,1.0,1017.14,67.49,-17.58
2025-03-24 18:05:02.110000+00:00,41.79194600745283,,,,21.0,-0.688,-0.812,22.82,-135.562,6.188,-2.75,-0.01,0.006,0.008,-0.83,-0.08,9.56,-1.04,0.16,-0.23,-0.11,0.12,9.8,1.1087500000000001,-1.25,0.0,0.0,6.3,1.0,1017.14,67.49,-17.58
2025-03-24 18:05:03.322000+00:00,41.79194600745283,,,,21.0,-0.688,-0.812,22.82,-135.562,6.188,-2.75,-0.01,0.006,0.008,-0.83,-0.08,9.56,-1.04,0.16,-0.23,-0.11,0.12,9.8,1.1087500000000001,-1.25,0.0,0.0,6.3,1.0,1017.14,67.49,-17.58
2025-03-24 18:05:04.100000+00:00,41.79194600745283,,,,21.0,-0.688,-0.812,22.82,-135.562,6.188,-2.75,-0.01,0.006,0.008,-0.83,-0.08,9.56,-1.04,0.16,-0.23,-0.11,0.12,9.8,1.1087500000000001,-1.25,0.0,0.0,6.3,1.0,1017.14,67.49,-17.58
2025-03-24 18:05:05.333000+00:00,41.79194600745283,,,,21.0,-0.688,-0.812,22.82,-135.562,6.188,-2.75,-0.01,0.006,0.008,-0.83,-0.08,9.56,-1.04,0.16,-0.23,-0.11,0.12,9.8,1.1087500000000001,-1.25,0.0,0.0,6.3,1.0,1017.14,67.49,-17.58
2025-03-24 18:05:06.375000+00:00,41.79194600745283,,,,21.0,-0.688,-0.812,22.82,-135.562,6.188,-2.75,-0.01,0.006,0.008,-0.83,-0.08,9.56,-1.04,0.16,-0.23,-0.11,0.12,9.8,1.1087500000000001,-1.25,0.0,0.0,6.3,1.0,1017.14,67.49,-17.58
2025-03-24 18:05:07.383000+00:00,41.79194600745283,,,,21.0,-0.688,-0.812,22.82,-135.562,6.188,-2.75,-0.01,0.006,0.008,-0.83,-0.08,9.56,-1.04,0.16,-0.23,-0.11,0.12,9.8,1.1087500000000001,-1.25,0.0,0.0,6.3,1.0,1017.14,67.49,-17.58
2025-03-24 18:05:08.401000+00:00,41.79194600745283,,,,21.0,-0.688,-0.812,22.82,-135.562,6.188,-2.75,-0.01,0.006,0.008,-0.83,-0.08,9.56,-1.04,0.16,-0.23,-0.11,0.12,9.8,1.1087500000000001,-1.25,0.0,0.0,6.3,1.0,1017.14,67.49,-17.58
2025-03-24 18:05:10.196000+00:00,41.79194600745283,,,,21.0,-0.688,-0.812,22.82,-135.562,6.188,-2.75,-0.01,0.006,0.008,-0.83,-0.08,9.56,-1.04,0.16,-0.23,-0.11,0.12,9.8,1.1087500000000001,-1.25,0.0,0.0,6.3,1.0,1017.14,67.56,-17.58
2025-03-24 18:05:11.196000+00:00,41.79194600745283,,,,21.0,-0.688,-0.812,22.82,-135.562,6.188,-2.75,-0.01,0.006,0.008,-0.83,-0.08,9.56,-1.04,0.16,-0.23,-0.11,0.12,9.8,1.1087500000000001,-1.25,0.0,0.0,6.3,1.0,1017.14,67.56,-17.58
2025-03-24 18:05:12.186000+00:00,41.79194600745283,,,,21.0,-0.688,-0.812,22.82,-135.562,6.188,-2.75,-0.01,0.006,0.008,-0.83,-0.08,9.56,-1.04,0.16,-0.23,-0.11,0.12,9.8,1.1087500000000001,-1.25,0.0,0.0,6.3,1.0,1017.14,67.56,-17.58
2025-03-24 18:05:13.192000+00:00,41.79194600745283,,,,21.0,-0.688,-0.812,22.82,-135.562,6.188,-2.75,-0.01,0.006,0.008,-0.83,-0.08,9.56,-1.04,0.16,-0.23,-0.11,0.12,9.8,1.1087500000000001,-1.25,0.0,0.0,6.3,1.0,1017.14,67.56,-17.58
2025-03-24 18:05:14.419000+00:00,41.79194600745283,,,,21.0,-0.688,-0.812,22.82,-135.562,6.188,-2.75,-0.01,0.006,0.008,-0.83,-0.08,9.56,-1.04,0.16,-0.23,-0.11,0.12,9.8,1.1087500000000001,-1.25,0.0,0.0,6.3,1.0,1017.14,67.56,-17.58
2025-03-24 18:05:15.210000+00:00,41.79194600745283,,,,21.0,-0.688,-0.812,22.82,-135.562,6.188,-2.75,-0.01,0.006,0.008,-0.83,-0.08,9.56,-1.04,0.16,-0.23,-0.11,0.12,9.8,1.1087500000000001,-1.25,0.0,0.0,6.3,1.0,1017.14,67.56,-17.58
2025-03-24 18:05:16.359000+00:00,41.79194600745283,,,,21.0,-0.688,-0.812,22.82,-135.562,6.188,-2.75,-0.01,0.006,0.008,-0.83,-0.08,9.56,-1.04,0.16,-0.23,-0.11,0.12,9.8,1.1087500000000001,-1.25,0.0,0.0,6.3,1.0,1017.14,67.56,-17.58
2025-03-24 18:05:17.440000+00:00,41.79194600745283,,,,21.0,-0.688,-0.812,22.82,-135.562,6.188,-2.75,-0.01,0.006,0.008,-0.83,-0.08,9.56,-1.04,0.16,-0.23,-0.11,0.12,9.8,1.1087500000000001,-1.25,0.0,0.0,6.3,1.0,1017.14,67.56,-17.58
2025-03-24 18:04:18.263000+00:00,41.79194600745283,,,,21.0,-0.688,-0.812,22.82,-135.562,6.188,-2.75,-0.01,0.006,0.008,-0.83,-0.08,9.56,-1.04,0.16,-0.23,-0.11,0.12,9.8,1.1087500000000001,-1.25,0.0,0.0,6.3,1.0,1017.14,67.56,-17.58
2025-03-24 18:04:19.233000+00:00,41.79194600745283,,,,21.0,-0.688,-0.812,22.82,-135.562,6.188,-2.75,-0.01,0.006,0.008,-0.83,-0.08,9.56,-1.04,0.16,-0.23,-0.11,0.12,9.8,1.1087500000000001,-1.25,0.0,0.0,6.3,1.0,1017.14,67.56,-17.58
2025-03-24 18:04:20.379000+00:00,41.79194600745283,,,,21.0,-0.688,-0.812,22.82,-135.562,6.188,-2.75,-0.01,0.006,0.008,-0.83,-0.08,9.56,-1.04,0.16,-0.23,-0.11,0.12,9.8,1.1087500000000001,-1.25,0.0,0.0,6.3,1.0,1017.14,67.56,-17.58
2025-03-24 18:04:21.769000+00:00,41.79194600745283,,,,21.0,-0.688,-0.812,22.82,-135.562,6.188,-2.75,-0.01,0.006,0.008,-0.83,-0.08,9.56,-1.04,0.16,-0.23,-0.11,0.12,9.8,1.1087500000000001,-1.25,0.0,0.0,6.3,1.0,1017.14,67.56,-17.58
2025-03-24 18:04:22.795000+00:00,41.79194600745283,,,,21.0,-0.688,-0.812,22.82,-135.562,6.188,-2.75,-0.01,0.006,0.008,-0.83,-0.08,9.56,-1.04,0.16,-0.23,-0.11,0.12,9.8,1.1087500000000001,-1.25,0.0,0.0,6.3,1.0,1017.14,67.56,-17.58
2025-03-24 18:04:23.813000+00:00,41.79194600745283,,,,21.0,-0.688,-0.812,22.82,-135.562,6.188,-2.75,-0.01,0.006,0.008,-0.83,-0.08,9.56,-1.04,0.16,-0.23,-0.11,0.12,9.8,1.1087500000000001,-1.25,0.0,0.0,6.3,1.0,1017.14,67.56,-17.58
2025-03-24 18:04:24.845000+00:00,41.79194600745283,,,,21.0,-0.688,-0.812,22.82,-135.562,6.188,-2.75,-0.01,0.006,0.008,-0.83,-0.08,9.56,-1.04,0.16,-0.23,-0.11,0.12,9.8,1.1087500000000001,-1.25,0.0,0.0,6.3,1.0,1017.14,67.56,-17.58
2025-03-24 18:04:25.929000+00:00,41.79194600745283,,,,21.0,-0.688,-0.812,22.82,-135.562,6.188,-2.75,-0.01,0.006,0.008,-0.83,-0.08,9.56,-1.04,0.16,-0.23,-0.11,0.12,9.8,1.1087500000000001,-1.25,0.0,0.0,6.3,1.0,1017.14,67.56,-17.58
2025-03-24 18:04:27.053000+00:00,41.79194600745283,,,,21.0,-0.688,-0.812,22.82,-135.562,6.188,-2.75,-0.01,0.006,0.008,-0.83,-0.08,9.56,-1.04,0.16,-0.23,-0.11,0.12,9.8,1.1087500000000001,-1.25,0.0,0.0,6.3,1.0,1017.14,67.56,-17.58
2025-03-24 18:04:28.323000+00:00,41.79194600745283,,,,21.0,-0.688,-0.812,22.82,-135.562,6.188,-2.75,-0.01,0.006,0.008,-0.83,-0.08,9.56,-1.04,0.16,-0.23,-0.11,0.12,9.8,1.1087500000000001,-1.25,0.0,0.0,6.3,1.0,1017.14,67.56,-17.58
2025-03-24 18:04:29.339000+00:00,41.79194600745283,,,,21.0,-0.688,-0.812,22.82,-135.562,6.188,-2.75,-0.01,0.006,0.008,-0.83,-0.08,9.56,-1.04,0.16,-0.23,-0.11,0.12,9.8,1.1087500000000001,-1.25,0.0,0.0,6.3,1.0,1017.14,67.56,-17.58
2025-03-24 18:04:30.507000+00:00,41.79194600745283,,,,21.0,-0.688,-0.812,22.82,-135.562,6.188,-2.75,-0.01,0.006,0.008,-0.83,-0.08,9.56,-1.04,0.16,-0.23,-0.11,0.12,9.8,1.1087500000000001,-1.25,0.0,0.0,6.3,1.0,1017.14,67.56,-17.58
2025-03-24 18:04:32.032000+00:00,41.79194600745283,,,,21.0,-0.688,-0.812,22.82,-135.562,6.188,-2.75,-0.01,0.006,0.008,-0.83,-0.08,9.56,-1.04,0.16,-0.23,-0.11,0.12,9.8,1.1087500000000001,-1.25,0.0,0.0,6.3,1.0,1017.14,67.56,-17.58
2025-03-24 18:04:32.955000+00:00,41.79194600745283,,,,21.0,-0.688,-0.812,22.82,-135.562,6.188,-2.75,-0.01,0.006,0.008,-0.83,-0.08,9.56,-1.04,0.16,-0.23,-0.11,0.12,9.8,1.1087500000000001,-1.25,0.0,0.0,6.3,1.0,1017.14,67.56,-17.58
2025-03-24 18:04:33.933000+00:00,41.79194600745283,,,,21.0,-0.688,-0.812,22.82,-135.562,6.188,-2.75,-0.01,0.006,0.008,-0.83,-0.08,9.56,-1.04,0.16,-0.23,-0.11,0.12,9.8,1.1087500000000001,-1.25,0.0,0.0,6.3,1.0,1017.14,67.56,-17.58
2025-03-24 18:04:35.039000+00:00,41.79194600745283,,,,21.0,-0.688,-0.812,22.82,-135.562,6.188,-2.75,-0.01,0.006,0.008,-0.83,-0.08,9.56,-1.04,0.16,-0.23,-0.11,0.12,9.8,1.1087500000000001,-1.25,0.0,0.0,6.3,1.0,1017.14,67.56,-17.58
2025-03-24 18:04:36.129000+00:00,41.79194600745283,,,,21.0,-0.688,-0.812,22.82,-135.562,6.188,-2.75,-0.01,0.006,0.008,-0.83,-0.08,9.56,-1.04,0.16,-0.23,-0.11,0.12,9.8,1.1087500000000001,-1.25,0.0,0.0,6.3,1.0,1017.14,67.56,-17.58
2025-03-24 18:04:37.332000+00:00,41.79194600745283,,,,21.0,-0.688,-0.812,22.82,-135.562,6.188,-2.75,-0.01,0.006,0.008,-0.83,-0.08,9.56,-1.04,0.16,-0.23,-0.11,0.12,9.8,1.1087500000000001,-1.25,0.0,0.0,6.3,1.0,1017.14,67.56,-17.58
2025-03-24 18:04:38.315000+00:00,41.79194600745283,,,,21.0,-0.688,-0.812,22.82,-135.562,6.188,-2.75,-0.01,0.006,0.008,-0.83,-0.08,9.56,-1.04,0.16,-0.23,-0.11,0.12,9.8,1.1087500000000001,-1.25,0.0,0.0,6.3,1.0,1017.14,67.56,-17.58
2025-03-24 18:04:40.098000+00:00,41.79194600745283,,,,21.0,-0.688,-0.812,22.82,-135.562,6.188,-2.75,-0.01,0.006,0.008,-0.83,-0.08,9.56,-1.04,0.16,-0.23,-0.11,0.12,9.8,1.1087500000000001,-1.25,0.0,0.0,6.3,1.0,1017.14,67.56,-17.28
2025-03-24 18:04:40.999000+00:00,41.79194600745283,,,,21.0,-0.688,-0.812,22.82,-135.562,6.188,-2.75,-0.01,0.006,0.008,-0.83,-0.08,9.56,-1.04,0.16,-0.23,-0.11,0.12,9.8,1.1087500000000001,-1.25,0.0,0.0,6.3,1.0,1017.14,67.56,-17.28
2025-03-24 18:04:42.062000+00:00,41.79194600745283,,,,21.0,-0.688,-0.812,22.82,-135.562,6.188,-2.75,-0.01,0.006,0.008,-0.83,-0.08,9.56,-1.04,0.16,-0.23,-0.11,0.12,9.8,1.1087500000000001,-1.25,0.0,0.0,6.3,1.0,1017.14,67.56,-17.28
2025-03-24 18:04:43.323000+00:00,41.79194600745283,,,,21.0,-0.688,-0.812,22.82,-135.562,6.188,-2.75,-0.01,0.006,0.008,-0.83,-0.08,9.56,-1.04,0.16,-0.23,-0.11,0.12,9.8,1.1087500000000001,-1.25,0.0,0.0,6.3,1.0,1017.14,67.56,-17.28
2025-03-24 18:04:44.358000+00:00,41.79194600745283,,,,21.0,-0.688,-0.812,22.82,-135.562,6.188,-2.75,-0.01,0.006,0.008,-0.83,-0.08,9.56,-1.04,0.16,-0.23,-0.11,0.12,9.8,1.1087500000000001,-1.25,0.0,0.0,6.3,1.0,1017.14,67.56,-17.28
2025-03-24 18:04:45.491000+00:00,41.79194600745283,,,,21.0,-0.688,-0.812,22.82,-135.562,6.188,-2.75,-0.01,0.006,0.008,-0.83,-0.08,9.56,-1.04,0.16,-0.23,-0.11,0.12,9.8,1.1087500000000001,-1.25,0.0,0.0,6.3,1.0,1017.14,67.56,-17.28
2025-03-24 18:04:46.633000+00:00,41.79194600745283,,,,21.0,-0.688,-0.812,22.82,-135.562,6.188,-2.75,-0.01,0.006,0.008,-0.83,-0.08,9.56,-1.04,0.16,-0.23,-0.11,0.12,9.8,1.1087500000000001,-1.25,0.0,0.0,6.3,1.0,1017.14,67.56,-17.28
2025-03-24 18:04:48.079000+00:00,41.79194600745283,,,,21.0,-0.688,-0.812,22.82,-135.562,6.188,-2.75,-0.01,0.006,0.008,-0.83,-0.08,9.56,-1.04,0.16,-0.23,-0.11,0.12,9.8,1.1087500000000001,-1.25,0.0,0.0,6.3,1.0,1017.14,67.56,-17.28
2025-03-24 18:04:49.095000+00:00,41.79194600745283,,,,21.0,-0.688,-0.812,22.82,-135.562,6.188,-2.75,-0.01,0.006,0.008,-0.83,-0.08,9.56,-1.04,0.16,-0.23,-0.11,0.12,9.8,1.1087500000000001,-1.25,0.0,0.0,6.3,1.0,1017.14,67.56,-17.28
2025-03-24 18:04:50.125000+00:00,41.79194600745283,,,,21.0,-0.688,-0.812,22.82,-135.562,6.188,-2.75,-0.01,0.006,0.008,-0.83,-0.08,9.56,-1.04,0.16,-0.23,-0.11,0.12,9.8,1.1087500000000001,-1.25,0.0,0.0,6.3,1.0,1017.14,67.56,-17.28
2025-03-24 18:04:51.148000+00:00,41.79194600745283,,,,21.0,-0.688,-0.812,22.82,-135.562,6.188,-2.75,-0.01,0.006,0.008,-0.83,-0.08,9.56,-1.04,0.16,-0.23,-0.11,0.12,9.8,1.1087500000000001,-1.25,0.0,0.0,6.3,1.0,1017.14,67.56,-17.28
2025-03-24 18:04:52.448000+00:00,41.79194600745283,,,,21.0,-0.688,-0.812,22.82,-135.562,6.188,-2.75,-0.01,0.006,0.008,-0.83,-0.08,9.56,-1.04,0.16,-0.23,-0.11,0.12,9.8,1.1087500000000001,-1.25,0.0,0.0,6.3,1.0,1017.14,67.56,-17.28
2025-03-24 18:04:53.351000+00:00,41.79194600745283,,,,21.0,-0.688,-0.812,22.82,-135.562,6.188,-2.75,-0.01,0.006,0.008,-0.83,-0.08,9.56,-1.04,0.16,-0.23,-0.11,0.12,9.8,1.1087500000000001,-1.25,0.0,0.0,6.3,1.0,1017.14,67.56,-17.28
2025-03-24 18:04:54.351000+00:00,41.79194600745283,,,,21.0,-0.688,-0.812,22.82,-135.562,6.188,-2.75,-0.01,0.006,0.008,-0.83,-0.08,9.56,-1.04,0.16,-0.23,-0.11,0.12,9.8,1.1087500000000001,-1.25,0.0,0.0,6.3,1.0,1017.14,67.56,-17.28
2025-03-24 18:04:55.417000+00:00,41.79194600745283,,,,21.0,-0.688,-0.812,22.82,-135.562,6.188,-2.75,-0.01,0.006,0.008,-0.83,-0.08,9.56,-1.04,0.16,-0.23,-0.11,0.12,9.8,1.1087500000000001,-1.25,0.0,0.0,6.3,1.0,1017.14,67.56,-17.28
2025-03-24 18:04:56.448000+00:00,41.79194600745283,,,,21.0,-0.688,-0.812,22.82,-135.562,6.188,-2.75,-0.01,0.006,0.008,-0.83,-0.08,9.56,-1.04,0.16,-0.23,-0.11,0.12,9.8,1.1087500000000001,-1.25,0.0,0.0,6.3,1.0,1017.14,67.56,-17.28
2025-03-24 18:04:57.621000+00:00,41.79194600745283,,,,21.0,-0.688,-0.812,22.82,-135.562,6.188,-2.75,-0.01,0.006,0.008,-0.83,-0.08,9.56,-1.04,0.16,-0.23,-0.11,0.12,9.8,1.1087500000000001,-1.25,0.0,0.0,6.3,1.0,1017.14,67.56,-17.28
2025-03-24 18:04:58.777000+00:00,41.79194600745283,,,,21.0,-0.688,-0.812,22.82,-135.562,6.188,-2.75,-0.01,0.006,0.008,-0.83,-0.08,9.56,-1.04,0.16,-0.23,-0.11,0.12,9.8,1.1087500000000001,-1.25,0.0,0.0,6.3,1.0,1017.14,67.56,-17.28
2025-03-24 18:05:00.177000+00:00,41.79194600745283,,,,21.0,-0.688,-0.812,22.82,-135.562,6.188,-2.75,-0.01,0.006,0.008,-0.83,-0.08,9.56,-1.04,0.16,-0.23,-0.11,0.12,9.8,1.1087500000000001,-1.25,0.0,0.0,6.3,1.0,1017.14,67.56,-17.28
2025-03-24 18:05:01.217000+00:00,41.79194600745283,,,,21.0,-0.688,-0.812,22.82,-135.562,6.188,-2.75,-0.01,0.006,0.008,-0.83,-0.08,9.56,-1.04,0.16,-0.23,-0.11,0.12,9.8,1.1087500000000001,-1.25,0.0,0.0,6.3,1.0,1017.14,67.56,-17.28
2025-03-24 18:05:02.211000+00:00,41.79194600745283,,,,21.0,-0.688,-0.812,22.82,-135.562,6.188,-2.75,-0.01,0.006,0.008,-0.83,-0.08,9.56,-1.04,0.16,-0.23,-0.11,0.12,9.8,1.1087500000000001,-1.25,0.0,0.0,6.3,1.0,1017.14,67.56,-17.28
2025-03-24 18:05:03.427000+00:00,41.79194600745283,,,,21.0,-0.688,-0.812,22.82,-135.562,6.188,-2.75,-0.01,0.006,0.008,-0.83,-0.08,9.56,-1.04,0.16,-0.23,-0.11,0.12,9.8,1.1087500000000001,-1.25,0.0,0.0,6.3,1.0,1017.14,67.56,-17.28
2025-03-24 18:05:04.200000+00:00,41.79194600745283,,,,21.0,-0.688,-0.812,22.82,-135.562,6.188,-2.75,-0.01,0.006,0.008,-0.83,-0.08,9.56,-1.04,0.16,-0.23,-0.11,0.12,9.8,1.1087500000000001,-1.25,0.0,0.0,6.3,1.0,1017.14,67.56,-17.28
2025-03-24 18:05:05.436000+00:00,41.79194600745283,,,,21.0,-0.688,-0.812,22.82,-135.562,6.188,-2.75,-0.01,0.006,0.008,-0.83,-0.08,9.56,-1.04,0.16,-0.23,-0.11,0.12,9.8,1.1087500000000001,-1.25,0.0,0.0,6.3,1.0,1017.14,67.56,-17.28
2025-03-24 18:05:06.470000+00:00,41.79194600745283,,,,21.0,-0.688,-0.812,22.82,-135.562,6.188,-2.75,-0.01,0.006,0.008,-0.83,-0.08,9.56,-1.04,0.16,-0.23,-0.11,0.12,9.8,1.1087500000000001,-1.25,0.0,0.0,6.3,1.0,1017.14,67.56,-17.28
2025-03-24 18:05:07.491000+00:00,41.79194600745283,,,,21.0,-0.688,-0.812,22.82,-135.562,6.188,-2.75,-0.01,0.006,0.008,-0.83,-0.08,9.56,-1.04,0.16,-0.23,-0.11,0.12,9.8,1.1087500000000001,-1.25,0.0,0.0,6.3,1.0,1017.14,67.56,-17.28
2025-03-24 18:05:08.501000+00:00,41.79194600745283,,,,21.0,-0.688,-0.812,22.82,-135.562,6.188,-2.75,-0.01,0.006,0.008,-0.83,-0.08,9.56,-1.04,0.16,-0.23,-0.11,0.12,9.8,1.1087500000000001,-1.25,0.0,0.0,6.3,1.0,1017.14,67.56,-17.28
2025-03-24 18:05:10.311000+00:00,41.79194600745283,,,,21.0,-0.688,-0.812,22.82,-135.562,6.188,-2.75,-0.01,0.006,0.008,-0.83,-0.08,9.56,-1.04,0.16,-0.23,-0.11,0.12,9.8,1.1087500000000001,-1.25,0.0,0.0,6.3,1.0,1017.14,67.56,-17.4
2025-03-24 18:05:11.300000+00:00,41.79194600745283,,,,21.0,-0.688,-0.812,22.82,-135.562,6.188,-2.75,-0.01,0.006,0.008,-0.83,-0.08,9.56,-1.04,0.16,-0.23,-0.11,0.12,9.8,1.1087500000000001,-1.25,0.0,0.0,6.3,1.0,1017.14,67.56,-17.4
2025-03-24 18:05:12.290000+00:00,41.79194600745283,,,,21.0,-0.688,-0.812,22.82,-135.562,6.188,-2.75,-0.01,0.006,0.008,-0.83,-0.08,9.56,-1.04,0.16,-0.23,-0.11,0.12,9.8,1.1087500000000001,-1.25,0.0,0.0,6.3,1.0,1017.14,67.56,-17.4
2025-03-24 18:05:13.289000+00:00,41.79194600745283,,,,21.0,-0.688,-0.812,22.82,-135.562,6.188,-2.75,-0.01,0.006,0.008,-0.83,-0.08,9.56,-1.04,0.16,-0.23,-0.11,0.12,9.8,1.1087500000000001,-1.25,0.0,0.0,6.3,1.0,1017.14,67.56,-17.4
2025-03-24 18:05:14.530000+00:00,41.79194600745283,,,,21.0,-0.688,-0.812,22.82,-135.562,6.188,-2.75,-0.01,0.006,0.008,-0.83,-0.08,9.56,-1.04,0.16,-0.23,-0.11,0.12,9.8,1.1087500000000001,-1.25,0.0,0.0,6.3,1.0,1017.14,67.56,-17.4
2025-03-24 18:05:15.319000+00:00,41.79194600745283,,,,21.0,-0.688,-0.812,22.82,-135.562,6.188,-2.75,-0.01,0.006,0.008,-0.83,-0.08,9.56,-1.04,0.16,-0.23,-0.11,0.12,9.8,1.1087500000000001,-1.25,0.0,0.0,6.3,1.0,1017.14,67.56,-17.4
2025-03-24 18:05:16.460000+00:00,41.79194600745283,,,,21.0,-0.688,-0.812,22.82,-135.562,6.188,-2.75,-0.01,0.006,0.008,-0.83,-0.08,9.56,-1.04,0.16,-0.23,-0.11,0.12,9.8,1.1087500000000001,-1.25,0.0,0.0,6.3,1.0,1017.14,67.56,-17.4
2025-03-24 18:05:17.540000+00:00,41.79194600745283,,,,21.0,-0.688,-0.812,22.82,-135.562,6.188,-2.75,-0.01,0.006,0.008,-0.83,-0.08,9.56,-1.04,0.16,-0.23,-0.11,0.12,9.8,1.1087500000000001,-1.25,0.0,0.0,6.3,1.0,1017.14,67.56,-17.4
