,rpm_value,rpm_blade_1,rpm_blade_2,rpm_blade_3,orientation_heading,orientation_roll,orientation_pitch,temperature_value,magnetometer_mx,magnetometer_my,magnetometer_mz,gyroscope_gx,gyroscope_gy,gyroscope_gz,accelerometer_ax,accelerometer_ay,accelerometer_az,linear_acceleration_lx,linear_acceleration_ly,linear_acceleration_lz,gravity_grx,gravity_gry,gravity_grz,voltage_value,current_value,power_value,servo_value,speed_value,direction_value,pressure_value,humidity_value,altitude_value
2025-03-24 17:47:13.158000+00:00,,,,,359.688,0.5,0.5,23.0,-74.188,-2.875,-24.688,0.002,0.016,-0.08,-0.59,0.19,9.39,-0.05,0.26,-0.4,0.08,-0.07,9.8,0.06,0.0,0.0,0.0,0.0,5.0,1017.2,66.7,-18.35
2025-03-24 17:47:14.168000+00:00,,,,,359.625,0.438,0.438,23.0,-74.188,-2.875,-24.688,0.002,0.016,-0.08,-0.59,0.19,9.39,-0.05,0.26,-0.4,0.08,-0.07,9.8,0.06,0.0,0.0,0.0,0.0,5.0,1017.2,66.7,-18.35
2025-03-24 17:47:15.181000+00:00,,,,,359.688,0.438,0.562,23.0,-74.188,-2.875,-24.688,0.002,0.016,-0.08,-0.59,0.19,9.39,-0.05,0.26,-0.4,0.08,-0.07,9.8,0.06,0.0,0.0,0.0,0.0,5.0,1017.2,66.7,-18.35
2025-03-24 17:47:16.265000+00:00,,,,,359.562,0.438,0.562,23.0,-74.188,-2.875,-24.688,0.002,0.016,-0.08,-0.59,0.19,9.39,-0.05,0.26,-0.4,0.08,-0.07,9.8,0.06,0.0,0.0,0.0,0.0,5.0,1017.2,66.7,-18.35
2025-03-24 17:47:17.285000+00:00,,,,,359.625,0.375,0.625,23.0,-74.188,-2.875,-24.688,0.002,0.016,-0.08,-0.59,0.19,9.39,-0.05,0.26,-0.4,0.08,-0.07,9.8,0.06,0.0,0.0,0.0,0.0,5.0,1017.2,66.7,-18.35
2025-03-24 17:47:18.415000+00:00,,,,,359.625,0.5,0.75,23.0,-74.188,-2.875,-24.688,0.002,0.016,-0.08,-0.59,0.19,9.39,-0.05,0.26,-0.4,0.08,-0.07,9.8,0.06,0.0,0.0,0.0,0.0,5.0,1017.2,66.7,-18.35
2025-03-24 17:47:19.212000+00:00,,,,,359.625,0.5,0.812,23.0,-74.188,-2.875,-24.688,0.002,0.016,-0.08,-0.59,0.19,9.39,-0.05,0.26,-0.4,0.08,-0.07,9.8,0.06,0.0,0.0,0.0,0.0,5.0,1017.2,66.7,-18.35
2025-03-24 17:47:20.222000+00:00,,,,,359.625,0.375,0.875,23.0,-74.188,-2.875,-24.688,0.002,0.016,-0.08,-0.59,0.19,9.39,-0.05,0.26,-0.4,0.08,-0.07,9.8,0.06,0.0,0.0,0.0,0.0,5.0,1017.2,66.7,-18.35
2025-03-24 17:47:21.233000+00:00,,,,,359.625,0.312,0.688,23.0,-74.188,-2.875,-24.688,0.002,0.016,-0.08,-0.59,0.19,9.39,-0.05,0.26,-0.4,0.08,-0.07,9.8,0.06,0.0,0.0,0.0,0.0,5.0,1017.2,66.7,-18.35
2025-03-24 17:47:22.244000+00:00,,,,,359.625,0.188,0.688,23.0,-74.188,-2.875,-24.688,0.002,0.016,-0.08,-0.59,0.19,9.39,-0.05,0.26,-0.4,0.08,-0.07,9.8,0.06,0.0,0.0,0.0,0.0,5.0,1017.2,66.7,-18.35
2025-03-24 17:47:23.251000+00:00,,,,,359.625,0.312,0.812,23.0,-74.188,-2.875,-24.688,0.002,0.016,-0.08,-0.59,0.19,9.39,-0.05,0.26,-0.4,0.08,-0.07,9.8,0.06,0.0,0.0,0.0,0.0,5.0,1017.2,66.7,-18.35
2025-03-24 17:47:24.258000+00:00,,,,,359.688,0.5,0.938,23.0,-74.188,-2.875,-24.688,0.002,0.016,-0.08,-0.59,0.19,9.39,-0.05,0.26,-0.4,0.08,-0.07,9.8,0.06,0.0,0.0,0.0,0.0,5.0,1017.2,66.7,-18.35
2025-03-24 17:47:25.301000+00:00,,,,,359.625,0.375,0.938,23.0,-74.188,-2.875,-24.688,0.002,0.016,-0.08,-0.59,0.19,9.39,-0.05,0.26,-0.4,0.08,-0.07,9.8,0.06,0.0,0.0,0.0,0.0,5.0,1017.2,66.7,-18.35
2025-03-24 17:47:26.276000+00:00,,,,,359.562,0.562,1.062,23.0,-74.188,-2.875,-24.688,0.002,0.016,-0.08,-0.59,0.19,9.39,-0.05,0.26,-0.4,0.08,-0.07,9.8,0.06,0.0,0.0,0.0,0.0,5.0,1017.2,66.7,-18.35
2025-03-24 17:47:27.287000+00:00,,,,,359.5,0.438,1.125,23.0,-74.188,-2.875,-24.688,0.002,0.016,-0.08,-0.59,0.19,9.39,-0.05,0.26,-0.4,0.08,-0.07,9.8,0.06,0.0,0.0,0.0,0.0,5.0,1017.2,66.7,-18.35
2025-03-24 17:47:28.357000+00:00,,,,,359.438,0.5,1.25,23.0,-74.188,-2.875,-24.688,0.002,0.016,-0.08,-0.59,0.19,9.39,-0.05,0.26,-0.4,0.08,-0.07,9.8,0.06,0.0,0.0,0.0,0.0,5.0,1017.2,66.7,-18.35
2025-03-24 17:47:29.474000+00:00,,,,,359.438,0.625,1.25,23.0,-74.188,-2.875,-24.688,0.002,0.016,-0.08,-0.59,0.19,9.39,-0.05,0.26,-0.4,0.08,-0.07,9.8,0.06,0.0,0.0,0.0,0.0,5.0,1017.2,66.7,-18.35
2025-03-24 17:47:30.313000+00:00,,,,,359.438,0.75,1.25,23.0,-74.188,-2.875,-24.688,0.002,0.016,-0.08,-0.59,0.19,9.39,-0.05,0.26,-0.4,0.08,-0.07,9.8,0.06,0.0,0.0,0.0,0.0,5.0,1017.2,66.7,-18.35
2025-03-24 17:47:31.601000+00:00,,,,,359.375,0.875,1.375,23.0,-74.188,-2.875,-24.688,0.002,0.016,-0.08,-0.59,0.19,9.39,-0.05,0.26,-0.4,0.08,-0.07,9.8,0.06,0.0,0.0,0.0,0.0,5.0,1017.2,66.7,-18.35
2025-03-24 17:47:32.335000+00:00,,,,,359.438,1.125,1.562,23.0,-74.188,-2.875,-24.688,0.002,0.016,-0.08,-0.59,0.19,9.39,-0.05,0.26,-0.4,0.08,-0.07,9.8,0.06,0.0,0.0,0.0,0.0,5.0,1017.2,66.7,-18.35
2025-03-24 17:47:33.346000+00:00,,,,,359.312,0.938,1.375,23.0,-74.188,-2.875,-24.688,0.002,0.016,-0.08,-0.59,0.19,9.39,-0.05,0.26,-0.4,0.08,-0.07,9.8,0.06,0.0,0.0,0.0,0.0,5.0,1017.2,66.7,-18.35
2025-03-24 17:47:34.359000+00:00,,,,,359.375,1.188,1.5,23.0,-74.188,-2.875,-24.688,0.002,0.016,-0.08,-0.59,0.19,9.39,-0.05,0.26,-0.4,0.08,-0.07,9.8,0.06,0.0,0.0,0.0,0.0,5.0,1017.2,66.7,-18.35
2025-03-24 17:47:35.535000+00:00,,,,,359.125,1.312,1.562,23.0,-74.188,-2.875,-24.688,0.002,0.016,-0.08,-0.59,0.19,9.39,-0.05,0.26,-0.4,0.08,-0.07,9.8,0.06,0.0,0.0,0.0,0.0,5.0,1017.2,66.7,-18.35
2025-03-24 17:47:36.536000+00:00,,,,,359.188,1.375,1.75,23.0,-74.188,-2.875,-24.688,0.002,0.016,-0.08,-0.59,0.19,9.39,-0.05,0.26,-0.4,0.08,-0.07,9.8,0.06,0.0,0.0,0.0,0.0,5.0,1017.2,66.7,-18.35
2025-03-24 17:47:37.534000+00:00,,,,,359.25,1.25,1.562,23.0,-74.188,-2.875,-24.688,0.002,0.016,-0.08,-0.59,0.19,9.39,-0.05,0.26,-0.4,0.08,-0.07,9.8,0.06,0.0,0.0,0.0,0.0,5.0,1017.2,66.7,-18.35
2025-03-24 17:47:38.534000+00:00,,,,,359.125,1.125,1.5,23.0,-74.188,-2.875,-24.688,0.002,0.016,-0.08,-0.59,0.19,9.39,-0.05,0.26,-0.4,0.08,-0.07,9.8,0.06,0.0,0.0,0.0,0.0,5.0,1017.2,66.7,-18.35
2025-03-24 17:47:39.543000+00:00,,,,,359.188,1.25,1.625,23.0,-74.188,-2.875,-24.688,0.002,0.016,-0.08,-0.59,0.19,9.39,-0.05,0.26,-0.4,0.08,-0.07,9.8,0.06,0.0,0.0,0.0,0.0,5.0,1017.2,66.7,-18.35
2025-03-24 17:47:40.534000+00:00,,,,,359.125,1.25,1.562,23.0,-74.188,-2.875,-24.688,0.002,0.016,-0.08,-0.59,0.19,9.39,-0.05,0.26,-0.4,0.08,-0.07,9.8,0.06,0.0,0.0,0.0,0.0,5.0,1017.2,66.7,-18.35
2025-03-24 17:47:41.550000+00:00,,,,,359.188,1.188,1.5,23.0,-74.188,-2.875,-24.688,0.002,0.016,-0.08,-0.59,0.19,9.39,-0.05,0.26,-0.4,0.08,-0.07,9.8,0.06,0.0,0.0,0.0,0.0,5.0,1017.2,66.7,-18.35
2025-03-24 17:47:42.544000+00:00,,,,,359.125,0.875,1.312,23.0,-74.188,-2.875,-24.688,0.002,0.016,-0.08,-0.59,0.19,9.39,-0.05,0.26,-0.4,0.08,-0.07,9.8,0.06,0.0,0.0,0.0,0.0,5.0,1017.2,66.7,-18.35
2025-03-24 17:47:43.553000+00:00,,,,,359.188,0.562,1.125,23.0,-74.188,-2.875,-24.688,0.002,0.016,-0.08,-0.59,0.19,9.39,-0.05,0.26,-0.4,0.08,-0.07,9.8,0.06,0.0,0.0,0.0,0.0,5.0,1017.2,66.7,-18.35
2025-03-24 17:47:44.553000+00:00,,,,,359.125,0.5,1.188,23.0,-74.188,-2.875,-24.688,0.002,0.016,-0.08,-0.59,0.19,9.39,-0.05,0.26,-0.4,0.08,-0.07,9.8,0.06,0.0,0.0,0.0,0.0,5.0,1017.2,66.7,-18.35
2025-03-24 17:47:45.650000+00:00,,,,,359.0,0.438,1.25,23.0,-74.188,-2.875,-24.688,0.002,0.016,-0.08,-0.59,0.19,9.39,-0.05,0.26,-0.4,0.08,-0.07,9.8,0.06,0.0,0.0,0.0,0.0,5.0,1017.2,66.7,-18.35
2025-03-24 17:47:46.663000+00:00,,,,,359.0,0.5,1.125,23.0,-74.188,-2.875,-24.688,0.002,0.016,-0.08,-0.59,0.19,9.39,-0.05,0.26,-0.4,0.08,-0.07,9.8,0.06,0.0,0.0,0.0,0.0,5.0,1017.2,66.7,-18.35
2025-03-24 17:47:47.708000+00:00,,,,,359.062,0.438,1.188,23.0,-74.188,-2.875,-24.688,0.002,0.016,-0.08,-0.59,0.19,9.39,-0.05,0.26,-0.4,0.08,-0.07,9.8,0.06,0.0,0.0,0.0,0.0,5.0,1017.2,66.7,-18.35
2025-03-24 17:47:48.737000+00:00,,,,,359.0,0.125,1.0,23.0,-74.188,-2.875,-24.688,0.002,0.016,-0.08,-0.59,0.19,9.39,-0.05,0.26,-0.4,0.08,-0.07,9.8,0.06,0.0,0.0,0.0,0.0,5.0,1017.2,66.7,-18.35
2025-03-24 17:47:49.793000+00:00,,,,,359.0,0.25,1.062,23.0,-74.188,-2.875,-24.688,0.002,0.016,-0.08,-0.59,0.19,9.39,-0.05,0.26,-0.4,0.08,-0.07,9.8,0.06,0.0,0.0,0.0,0.0,5.0,1017.2,66.7,-18.35
2025-03-24 17:47:50.832000+00:00,,,,,359.0,0.438,1.125,23.0,-74.188,-2.875,-24.688,0.002,0.016,-0.08,-0.59,0.19,9.39,-0.05,0.26,-0.4,0.08,-0.07,9.8,0.06,0.0,0.0,0.0,0.0,5.0,1017.2,66.7,-18.35
2025-03-24 17:47:51.903000+00:00,,,,,358.938,0.25,0.812,23.0,-74.188,-2.875,-24.688,0.002,0.016,-0.08,-0.59,0.19,9.39,-0.05,0.26,-0.4,0.08,-0.07,9.8,0.06,0.0,0.0,0.0,0.0,5.0,1017.2,66.7,-18.35
2025-03-24 17:47:52.582000+00:00,,,,,358.75,0.312,0.875,23.0,-74.188,-2.875,-24.688,0.002,0.016,-0.08,-0.59,0.19,9.39,-0.05,0.26,-0.4,0.08,-0.07,9.8,0.06,0.0,0.0,0.0,0.0,5.0,1017.2,66.7,-18.35
2025-03-24 17:47:53.592000+00:00,,,,,358.812,0.438,0.938,23.0,-74.188,-2.875,-24.688,0.002,0.016,-0.08,-0.59,0.19,9.39,-0.05,0.26,-0.4,0.08,-0.07,9.8,0.06,0.0,0.0,0.0,0.0,5.0,1017.2,66.7,-18.35
2025-03-24 17:47:54.592000+00:00,,,,,358.938,0.625,1.062,23.0,-74.188,-2.875,-24.688,0.002,0.016,-0.08,-0.59,0.19,9.39,-0.05,0.26,-0.4,0.08,-0.07,9.8,0.06,0.0,0.0,0.0,0.0,5.0,1017.2,66.7,-18.35
2025-03-24 17:47:55.599000+00:00,,,,,358.688,0.75,1.125,23.0,-74.188,-2.875,-24.688,0.002,0.016,-0.08,-0.59,0.19,9.39,-0.05,0.26,-0.4,0.08,-0.07,9.8,0.06,0.0,0.0,0.0,0.0,5.0,1017.2,66.7,-18.35
2025-03-24 17:47:56.593000+00:00,,,,,358.75,0.812,1.188,23.0,-74.188,-2.875,-24.688,0.002,0.016,-0.08,-0.59,0.19,9.39,-0.05,0.26,-0.4,0.08,-0.07,9.8,0.06,0.0,0.0,0.0,0.0,5.0,1017.2,66.7,-18.35
2025-03-24 17:47:57.703000+00:00,,,,,358.625,0.438,0.875,23.0,-74.188,-2.875,-24.688,0.002,0.016,-0.08,-0.59,0.19,9.39,-0.05,0.26,-0.4,0.08,-0.07,9.8,0.06,0.0,0.0,0.0,0.0,5.0,1017.2,66.7,-18.35
2025-03-24 17:47:58.769000+00:00,,,,,358.625,0.562,1.0,23.0,-74.188,-2.875,-24.688,0.002,0.016,-0.08,-0.59,0.19,9.39,-0.05,0.26,-0.4,0.08,-0.07,9.8,0.06,0.0,0.0,0.0,0.0,5.0,1017.2,66.7,-18.35
2025-03-24 17:47:59.803000+00:00,,,,,358.688,0.5,0.938,23.0,-74.188,-2.875,-24.688,0.002,0.016,-0.08,-0.59,0.19,9.39,-0.05,0.26,-0.4,0.08,-0.07,9.8,0.06,0.0,0.0,0.0,0.0,5.0,1017.2,66.7,-18.35
2025-03-24 17:48:00.922000+00:00,,,,,358.625,0.625,1.062,23.0,-74.188,-2.875,-24.688,0.002,0.016,-0.08,-0.59,0.19,9.39,-0.05,0.26,-0.4,0.08,-0.07,9.8,0.06,0.0,0.0,0.0,0.0,5.0,1017.2,66.7,-18.35
2025-03-24 17:48:01.619000+00:00,,,,,358.625,0.688,1.062,23.0,-74.188,-2.875,-24.688,0.002,0.016,-0.08,-0.59,0.19,9.39,-0.05,0.26,-0.4,0.08,-0.07,9.8,0.06,0.0,0.0,0.0,0.0,5.0,1017.2,66.7,-18.35
2025-03-24 17:48:02.634000+00:00,,,,,358.562,0.688,1.125,23.0,-74.188,-2.875,-24.688,0.002,0.016,-0.08,-0.59,0.19,9.39,-0.05,0.26,-0.4,0.08,-0.07,9.8,0.06,0.0,0.0,0.0,0.0,5.0,1017.2,66.7,-18.35
2025-03-24 17:48:03.627000+00:00,,,,,358.562,0.812,1.312,23.0,-74.188,-2.875,-24.688,0.002,0.016,-0.08,-0.59,0.19,9.39,-0.05,0.26,-0.4,0.08,-0.07,9.8,0.06,0.0,0.0,0.0,0.0,5.0,1017.2,66.7,-18.35
2025-03-24 17:48:04.635000+00:00,,,,,358.562,0.875,1.375,23.0,-74.188,-2.875,-24.688,0.002,0.016,-0.08,-0.59,0.19,9.39,-0.05,0.26,-0.4,0.08,-0.07,9.8,0.06,0.0,0.0,0.0,0.0,5.0,1017.2,66.7,-18.35
2025-03-24 17:48:05.647000+00:00,,,,,358.562,0.938,1.438,23.0,-74.188,-2.875,-24.688,0.002,0.016,-0.08,-0.59,0.19,9.39,-0.05,0.26,-0.4,0.08,-0.07,9.8,0.06,0.0,0.0,0.0,0.0,5.0,1017.2,66.7,-18.35
2025-03-24 17:48:06.657000+00:00,,,,,358.5,1.062,1.375,23.0,-74.188,-2.875,-24.688,0.002,0.016,-0.08,-0.59,0.19,9.39,-0.05,0.26,-0.4,0.08,-0.07,9.8,0.06,0.0,0.0,0.0,0.0,5.0,1017.2,66.7,-18.35
2025-03-24 17:48:07.668000+00:00,,,,,358.5,1.125,1.438,23.0,-74.188,-2.875,-24.688,0.002,0.016,-0.08,-0.59,0.19,9.39,-0.05,0.26,-0.4,0.08,-0.07,9.8,0.06,0.0,0.0,0.0,0.0,5.0,1017.2,66.7,-18.35
2025-03-24 17:48:08.675000+00:00,,,,,358.562,1.25,1.562,23.0,-74.188,-2.875,-24.688,0.002,0.016,-0.08,-0.59,0.19,9.39,-0.05,0.26,-0.4,0.08,-0.07,9.8,0.06,0.0,0.0,0.0,0.0,5.0,1017.2,66.7,-18.35
2025-03-24 17:48:09.997000+00:00,,,,,358.5,1.25,1.625,23.0,-74.188,-2.875,-24.688,0.002,0.016,-0.08,-0.59,0.19,9.39,-0.05,0.26,-0.4,0.08,-0.07,9.8,0.06,0.0,0.0,0.0,0.0,5.0,1017.2,66.7,-18.35
2025-03-24 17:48:10.690000+00:00,,,,,358.438,1.188,1.625,23.0,-74.188,-2.875,-24.688,0.002,0.016,-0.08,-0.59,0.19,9.39,-0.05,0.26,-0.4,0.08,-0.07,9.8,0.06,0.0,0.0,0.0,0.0,5.0,1017.2,66.7,-18.35
2025-03-24 17:48:11.701000+00:00,,,,,358.5,1.312,1.75,23.0,-74.188,-2.875,-24.688,0.002,0.016,-0.08,-0.59,0.19,9.39,-0.05,0.26,-0.4,0.08,-0.07,9.8,0.06,0.0,0.0,0.0,0.0,5.0,1017.2,66.7,-18.35
2025-03-24 17:48:12.711000+00:00,,,,,358.5,1.25,1.812,23.0,-74.188,-2.875,-24.688,0.002,0.016,-0.08,-0.59,0.19,9.39,-0.05,0.26,-0.4,0.08,-0.07,9.8,0.06,0.0,0.0,0.0,0.0,5.0,1017.2,66.7,-18.35
2025-03-24 17:47:13.212000+00:00,,,,,358.5,1.25,1.812,23.0,-74.188,-2.875,-24.688,0.002,0.016,-0.08,-0.59,0.19,9.39,-0.05,0.26,-0.4,0.08,-0.07,9.8,0.06,0.0,0.0,0.0,0.0,5.0,1017.2,66.7,-18.35
2025-03-24 17:47:13.845000+00:00,,,,,358.5,1.25,1.812,23.2,-74.188,-2.875,-24.688,0.002,0.016,-0.08,-0.59,0.19,9.39,-0.05,0.26,-0.4,0.08,-0.07,9.8,0.06,0.0,0.0,0.0,0.0,5.0,1017.2,66.7,-18.35
2025-03-24 17:47:14.220000+00:00,,,,,358.5,1.25,1.812,23.0,-74.188,-2.875,-24.688,0.002,0.016,-0.08,-0.59,0.19,9.39,-0.05,0.26,-0.4,0.08,-0.07,9.8,0.06,0.0,0.0,0.0,0.0,5.0,1017.2,66.7,-18.35
2025-03-24 17:47:14.979000+00:00,,,,,358.5,1.25,1.812,23.2,-74.188,-2.875,-24.688,0.002,0.016,-0.08,-0.59,0.19,9.39,-0.05,0.26,-0.4,0.08,-0.07,9.8,0.06,0.0,0.0,0.0,0.0,5.0,1017.2,66.7,-18.35
2025-03-24 17:47:15.234000+00:00,,,,,358.5,1.25,1.812,23.0,-74.188,-2.875,-24.688,0.002,0.016,-0.08,-0.59,0.19,9.39,-0.05,0.26,-0.4,0.08,-0.07,9.8,0.06,0.0,0.0,0.0,0.0,5.0,1017.2,66.7,-18.35
2025-03-24 17:47:16.046000+00:00,,,,,358.5,1.25,1.812,23.2,-74.188,-2.875,-24.688,0.002,0.016,-0.08,-0.59,0.19,9.39,-0.05,0.26,-0.4,0.08,-0.07,9.8,0.06,0.0,0.0,0.0,0.0,5.0,1017.2,66.7,-18.35
2025-03-24 17:47:16.322000+00:00,,,,,358.5,1.25,1.812,23.0,-74.188,-2.875,-24.688,0.002,0.016,-0.08,-0.59,0.19,9.39,-0.05,0.26,-0.4,0.08,-0.07,9.8,0.06,0.0,0.0,0.0,0.0,5.0,1017.2,66.7,-18.35
2025-03-24 17:47:17.071000+00:00,,,,,358.5,1.25,1.812,23.2,-74.188,-2.875,-24.688,0.002,0.016,-0.08,-0.59,0.19,9.39,-0.05,0.26,-0.4,0.08,-0.07,9.8,0.06,0.0,0.0,0.0,0.0,5.0,1017.2,66.7,-18.35
2025-03-24 17:47:17.342000+00:00,,,,,358.5,1.25,1.812,23.0,-74.188,-2.875,-24.688,0.002,0.016,-0.08,-0.59,0.19,9.39,-0.05,0.26,-0.4,0.08,-0.07,9.8,0.06,0.0,0.0,0.0,0.0,5.0,1017.2,66.7,-18.35
2025-03-24 17:47:18.214000+00:00,,,,,358.5,1.25,1.812,23.2,-74.188,-2.875,-24.688,0.002,0.016,-0.08,-0.59,0.19,9.39,-0.05,0.26,-0.4,0.08,-0.07,9.8,0.06,0.0,0.0,0.0,0.0,5.0,1017.2,66.7,-18.35
2025-03-24 17:47:18.466000+00:00,,,,,358.5,1.25,1.812,23.0,-74.188,-2.875,-24.688,0.002,0.016,-0.08,-0.59,0.19,9.39,-0.05,0.26,-0.4,0.08,-0.07,9.8,0.06,0.0,0.0,0.0,0.0,5.0,1017.2,66.7,-18.35
2025-03-24 17:47:19.272000+00:00,,,,,358.5,1.25,1.812,23.0,-74.188,-2.875,-24.688,0.002,0.016,-0.08,-0.59,0.19,9.39,-0.05,0.26,-0.4,0.08,-0.07,9.8,0.06,0.0,0.0,0.0,0.0,5.0,1017.2,66.7,-18.35
2025-03-24 17:47:19.701000+00:00,,,,,358.5,1.25,1.812,23.2,-74.188,-2.875,-24.688,0.002,0.016,-0.08,-0.59,0.19,9.39,-0.05,0.26,-0.4,0.08,-0.07,9.8,0.06,0.0,0.0,0.0,0.0,5.0,1017.2,66.7,-18.35
2025-03-24 17:47:20.275000+00:00,,,,,358.5,1.25,1.812,23.0,-74.188,-2.875,-24.688,0.002,0.016,-0.08,-0.59,0.19,9.39,-0.05,0.26,-0.4,0.08,-0.07,9.8,0.06,0.0,0.0,0.0,0.0,5.0,1017.2,66.7,-18.35
2025-03-24 17:47:20.905000+00:00,,,,,358.5,1.25,1.812,23.2,-74.188,-2.875,-24.688,0.002,0.016,-0.08,-0.59,0.19,9.39,-0.05,0.26,-0.4,0.08,-0.07,9.8,0.06,0.0,0.0,0.0,0.0,5.0,1017.2,66.7,-18.35
2025-03-24 17:47:21.285000+00:00,,,,,358.5,1.25,1.812,23.0,-74.188,-2.875,-24.688,0.002,0.016,-0.08,-0.59,0.19,9.39,-0.05,0.26,-0.4,0.08,-0.07,9.8,0.06,0.0,0.0,0.0,0.0,5.0,1017.2,66.7,-18.35
2025-03-24 17:47:21.851000+00:00,,,,,358.5,1.25,1.812,23.2,-74.188,-2.875,-24.688,0.002,0.016,-0.08,-0.59,0.19,9.39,-0.05,0.26,-0.4,0.08,-0.07,9.8,0.06,0.0,0.0,0.0,0.0,5.0,1017.2,66.7,-18.35
2025-03-24 17:47:22.296000+00:00,,,,,358.5,1.25,1.812,23.0,-74.188,-2.875,-24.688,0.002,0.016,-0.08,-0.59,0.19,9.39,-0.05,0.26,-0.4,0.08,-0.07,9.8,0.06,0.0,0.0,0.0,0.0,5.0,1017.2,66.7,-18.35
2025-03-24 17:47:22.891000+00:00,,,,,358.5,1.25,1.812,23.2,-74.188,-2.875,-24.688,0.002,0.016,-0.08,-0.59,0.19,9.39,-0.05,0.26,-0.4,0.08,-0.07,9.8,0.06,0.0,0.0,0.0,0.0,5.0,1017.2,66.7,-18.35
2025-03-24 17:47:23.305000+00:00,,,,,358.5,1.25,1.812,23.0,-74.188,-2.875,-24.688,0.002,0.016,-0.08,-0.59,0.19,9.39,-0.05,0.26,-0.4,0.08,-0.07,9.8,0.06,0.0,0.0,0.0,0.0,5.0,1017.2,66.7,-18.35
2025-03-24 17:47:23.921000+00:00,,,,,358.5,1.25,1.812,23.2,-74.188,-2.875,-24.688,0.002,0.016,-0.08,-0.59,0.19,9.39,-0.05,0.26,-0.4,0.08,-0.07,9.8,0.06,0.0,0.0,0.0,0.0,5.0,1017.2,66.7,-18.35
2025-03-24 17:47:24.312000+00:00,,,,,358.5,1.25,1.812,23.0,-74.188,-2.875,-24.688,0.002,0.016,-0.08,-0.59,0.19,9.39,-0.05,0.26,-0.4,0.08,-0.07,9.8,0.06,0.0,0.0,0.0,0.0,5.0,1017.2,66.7,-18.35
2025-03-24 17:47:24.894000+00:00,,,,,358.5,1.25,1.812,23.2,-74.188,-2.875,-24.688,0.002,0.016,-0.08,-0.59,0.19,9.39,-0.05,0.26,-0.4,0.08,-0.07,9.8,0.06,0.0,0.0,0.0,0.0,5.0,1017.2,66.7,-18.35
2025-03-24 17:47:25.362000+00:00,,,,,358.5,1.25,1.812,23.0,-74.188,-2.875,-24.688,0.002,0.016,-0.08,-0.59,0.19,9.39,-0.05,0.26,-0.4,0.08,-0.07,9.8,0.06,0.0,0.0,0.0,0.0,5.0,1017.2,66.7,-18.35
2025-03-24 17:47:25.971000+00:00,,,,,358.5,1.25,1.812,23.2,-74.188,-2.875,-24.688,0.002,0.016,-0.08,-0.59,0.19,9.39,-0.05,0.26,-0.4,0.08,-0.07,9.8,0.06,0.0,0.0,0.0,0.0,5.0,1017.2,66.7,-18.35
2025-03-24 17:47:26.326000+00:00,,,,,358.5,1.25,1.812,23.0,-74.188,-2.875,-24.688,0.002,0.016,-0.08,-0.59,0.19,9.39,-0.05,0.26,-0.4,0.08,-0.07,9.8,0.06,0.0,0.0,0.0,0.0,5.0,1017.2,66.7,-18.35
2025-03-24 17:47:26.975000+00:00,,,,,358.5,1.25,1.812,23.2,-74.188,-2.875,-24.688,0.002,0.016,-0.08,-0.59,0.19,9.39,-0.05,0.26,-0.4,0.08,-0.07,9.8,0.06,0.0,0.0,0.0,0.0,5.0,1017.2,66.7,-18.35
2025-03-24 17:47:27.342000+00:00,,,,,358.5,1.25,1.812,23.0,-74.188,-2.875,-24.688,0.002,0.016,-0.08,-0.59,0.19,9.39,-0.05,0.26,-0.4,0.08,-0.07,9.8,0.06,0.0,0.0,0.0,0.0,5.0,1017.2,66.7,-18.35
2025-03-24 17:47:28.144000+00:00,,,,,358.5,1.25,1.812,23.2,-74.188,-2.875,-24.688,0.002,0.016,-0.08,-0.59,0.19,9.39,-0.05,0.26,-0.4,0.08,-0.07,9.8,0.06,0.0,0.0,0.0,0.0,5.0,1017.2,66.7,-18.35
2025-03-24 17:47:28.404000+00:00,,,,,358.5,1.25,1.812,23.0,-74.188,-2.875,-24.688,0.002,0.016,-0.08,-0.59,0.19,9.39,-0.05,0.26,-0.4,0.08,-0.07,9.8,0.06,0.0,0.0,0.0,0.0,5.0,1017.2,66.7,-18.35
2025-03-24 17:47:29.279000+00:00,,,,,358.5,1.25,1.812,23.2,-74.188,-2.875,-24.688,0.002,0.016,-0.08,-0.59,0.19,9.39,-0.05,0.26,-0.4,0.08,-0.07,9.8,0.06,0.0,0.0,0.0,0.0,5.0,1017.2,66.7,-18.35
2025-03-24 17:47:29.526000+00:00,,,,,358.5,1.25,1.812,23.0,-74.188,-2.875,-24.688,0.002,0.016,-0.08,-0.59,0.19,9.39,-0.05,0.26,-0.4,0.08,-0.07,9.8,0.06,0.0,0.0,0.0,0.0,5.0,1017.2,66.7,-18.35
2025-03-24 17:47:30.365000+00:00,,,,,358.5,1.25,1.812,23.0,-74.188,-2.875,-24.688,0.002,0.016,-0.08,-0.59,0.19,9.39,-0.05,0.26,-0.4,0.08,-0.07,9.8,0.06,0.0,0.0,0.0,0.0,5.0,1017.2,66.7,-18.35
2025-03-24 17:47:30.784000+00:00,,,,,358.5,1.25,1.812,23.2,-74.188,-2.875,-24.688,0.002,0.016,-0.08,-0.59,0.19,9.39,-0.05,0.26,-0.4,0.08,-0.07,9.8,0.06,0.0,0.0,0.0,0.0,5.0,1017.2,66.7,-18.35
2025-03-24 17:47:31.375000+00:00,,,,,358.5,1.25,1.812,23.2,-74.188,-2.875,-24.688,0.002,0.016,-0.08,-0.59,0.19,9.39,-0.05,0.26,-0.4,0.08,-0.07,9.8,0.06,0.0,0.0,0.0,0.0,5.0,1017.2,66.7,-18.35
2025-03-24 17:47:31.654000+00:00,,,,,358.5,1.25,1.812,23.0,-74.188,-2.875,-24.688,0.002,0.016,-0.08,-0.59,0.19,9.39,-0.05,0.26,-0.4,0.08,-0.07,9.8,0.06,0.0,0.0,0.0,0.0,5.0,1017.2,66.7,-18.35
2025-03-24 17:47:32.395000+00:00,,,,,358.5,1.25,1.812,23.0,-74.188,-2.875,-24.688,0.002,0.016,-0.08,-0.59,0.19,9.39,-0.05,0.26,-0.4,0.08,-0.07,9.8,0.06,0.0,0.0,0.0,0.0,5.0,1017.2,66.7,-18.35
2025-03-24 17:47:32.984000+00:00,,,,,358.5,1.25,1.812,23.2,-74.188,-2.875,-24.688,0.002,0.016,-0.08,-0.59,0.19,9.39,-0.05,0.26,-0.4,0.08,-0.07,9.8,0.06,0.0,0.0,0.0,0.0,5.0,1017.2,66.7,-18.35
2025-03-24 17:47:33.394000+00:00,,,,,358.5,1.25,1.812,23.0,-74.188,-2.875,-24.688,0.002,0.016,-0.08,-0.59,0.19,9.39,-0.05,0.26,-0.4,0.08,-0.07,9.8,0.06,0.0,0.0,0.0,0.0,5.0,1017.2,66.7,-18.35
2025-03-24 17:47:33.990000+00:00,,,,,358.5,1.25,1.812,23.2,-74.188,-2.875,-24.688,0.002,0.016,-0.08,-0.59,0.19,9.39,-0.05,0.26,-0.4,0.08,-0.07,9.8,0.06,0.0,0.0,0.0,0.0,5.0,1017.2,66.7,-18.35
2025-03-24 17:47:34.415000+00:00,,,,,358.5,1.25,1.812,23.0,-74.188,-2.875,-24.688,0.002,0.016,-0.08,-0.59,0.19,9.39,-0.05,0.26,-0.4,0.08,-0.07,9.8,0.06,0.0,0.0,0.0,0.0,5.0,1017.2,66.7,-18.35
2025-03-24 17:47:35.014000+00:00,,,,,358.5,1.25,1.812,23.2,-74.188,-2.875,-24.688,0.002,0.016,-0.08,-0.59,0.19,9.39,-0.05,0.26,-0.4,0.08,-0.07,9.8,0.06,0.0,0.0,0.0,0.0,5.0,1017.2,66.7,-18.35
2025-03-24 17:47:35.591000+00:00,,,,,358.5,1.25,1.812,23.0,-74.188,-2.875,-24.688,0.002,0.016,-0.08,-0.59,0.19,9.39,-0.05,0.26,-0.4,0.08,-0.07,9.8,0.06,0.0,0.0,0.0,0.0,5.0,1017.2,66.7,-18.35
2025-03-24 17:47:36+00:00,,,,,358.5,1.25,1.812,23.2,-74.188,-2.875,-24.688,0.002,0.016,-0.08,-0.59,0.19,9.39,-0.05,0.26,-0.4,0.08,-0.07,9.8,0.06,0.0,0.0,0.0,0.0,5.0,1017.2,66.7,-18.35
2025-03-24 17:47:36.584000+00:00,,,,,358.5,1.25,1.812,23.0,-74.188,-2.875,-24.688,0.002,0.016,-0.08,-0.59,0.19,9.39,-0.05,0.26,-0.4,0.08,-0.07,9.8,0.06,0.0,0.0,0.0,0.0,5.0,1017.2,66.7,-18.35
2025-03-24 17:47:37.004000+00:00,,,,,358.5,1.25,1.812,23.2,-74.188,-2.875,-24.688,0.002,0.016,-0.08,-0.59,0.19,9.39,-0.05,0.26,-0.4,0.08,-0.07,9.8,0.06,0.0,0.0,0.0,0.0,5.0,1017.2,66.7,-18.35
2025-03-24 17:47:37.585000+00:00,,,,,358.5,1.25,1.812,23.0,-74.188,-2.875,-24.688,0.002,0.016,-0.08,-0.59,0.19,9.39,-0.05,0.26,-0.4,0.08,-0.07,9.8,0.06,0.0,0.0,0.0,0.0,5.0,1017.2,66.7,-18.35
2025-03-24 17:47:38.160000+00:00,,,,,358.5,1.25,1.812,23.2,-74.188,-2.875,-24.688,0.002,0.016,-0.08,-0.59,0.19,9.39,-0.05,0.26,-0.4,0.08,-0.07,9.8,0.06,0.0,0.0,0.0,0.0,5.0,1017.2,66.7,-18.35
2025-03-24 17:47:38.591000+00:00,,,,,358.5,1.25,1.812,23.0,-74.188,-2.875,-24.688,0.002,0.016,-0.08,-0.59,0.19,9.39,-0.05,0.26,-0.4,0.08,-0.07,9.8,0.06,0.0,0.0,0.0,0.0,5.0,1017.2,66.7,-18.35
2025-03-24 17:47:39.599000+00:00,,,,,358.5,1.25,1.812,23.0,-74.188,-2.875,-24.688,0.002,0.016,-0.08,-0.59,0.19,9.39,-0.05,0.26,-0.4,0.08,-0.07,9.8,0.06,0.0,0.0,0.0,0.0,5.0,1017.2,66.7,-18.35
2025-03-24 17:47:40.050000+00:00,,,,,358.5,1.25,1.812,23.2,-74.188,-2.875,-24.688,0.002,0.016,-0.08,-0.59,0.19,9.39,-0.05,0.26,-0.4,0.08,-0.07,9.8,0.06,0.0,0.0,0.0,0.0,5.0,1017.2,66.7,-18.35
2025-03-24 17:47:40.585000+00:00,,,,,358.5,1.25,1.812,23.0,-74.188,-2.875,-24.688,0.002,0.016,-0.08,-0.59,0.19,9.39,-0.05,0.26,-0.4,0.08,-0.07,9.8,0.06,0.0,0.0,0.0,0.0,5.0,1017.2,66.7,-18.35
2025-03-24 17:47:41.006000+00:00,,,,,358.5,1.25,1.812,23.24,-74.188,-2.875,-24.688,0.002,0.016,-0.08,-0.59,0.19,9.39,-0.05,0.26,-0.4,0.08,-0.07,9.8,0.06,0.0,0.0,0.0,0.0,5.0,1017.2,66.7,-18.35
2025-03-24 17:47:41.611000+00:00,,,,,358.5,1.25,1.812,23.0,-74.188,-2.875,-24.688,0.002,0.016,-0.08,-0.59,0.19,9.39,-0.05,0.26,-0.4,0.08,-0.07,9.8,0.06,0.0,0.0,0.0,0.0,5.0,1017.2,66.7,-18.35
2025-03-24 17:47:42.060000+00:00,,,,,358.5,1.25,1.812,23.24,-74.188,-2.875,-24.688,0.002,0.016,-0.08,-0.59,0.19,9.39,-0.05,0.26,-0.4,0.08,-0.07,9.8,0.06,0.0,0.0,0.0,0.0,5.0,1017.2,66.7,-18.35
2025-03-24 17:47:42.601000+00:00,,,,,358.5,1.25,1.812,23.0,-74.188,-2.875,-24.688,0.002,0.016,-0.08,-0.59,0.19,9.39,-0.05,0.26,-0.4,0.08,-0.07,9.8,0.06,0.0,0.0,0.0,0.0,5.0,1017.2,66.7,-18.35
2025-03-24 17:47:43.044000+00:00,,,,,358.5,1.25,1.812,23.24,-74.188,-2.875,-24.688,0.002,0.016,-0.08,-0.59,0.19,9.39,-0.05,0.26,-0.4,0.08,-0.07,9.8,0.06,0.0,0.0,0.0,0.0,5.0,1017.2,66.7,-18.35
2025-03-24 17:47:43.610000+00:00,,,,,358.5,1.25,1.812,23.0,-74.188,-2.875,-24.688,0.002,0.016,-0.08,-0.59,0.19,9.39,-0.05,0.26,-0.4,0.08,-0.07,9.8,0.06,0.0,0.0,0.0,0.0,5.0,1017.2,66.7,-18.35
2025-03-24 17:47:44.189000+00:00,,,,,358.5,1.25,1.812,23.24,-74.188,-2.875,-24.688,0.002,0.016,-0.08,-0.59,0.19,9.39,-0.05,0.26,-0.4,0.08,-0.07,9.8,0.06,0.0,0.0,0.0,0.0,5.0,1017.2,66.7,-18.35
2025-03-24 17:47:44.604000+00:00,,,,,358.5,1.25,1.812,23.0,-74.188,-2.875,-24.688,0.002,0.016,-0.08,-0.59,0.19,9.39,-0.05,0.26,-0.4,0.08,-0.07,9.8,0.06,0.0,0.0,0.0,0.0,5.0,1017.2,66.7,-18.35
2025-03-24 17:47:45.234000+00:00,,,,,358.5,1.25,1.812,23.24,-74.188,-2.875,-24.688,0.002,0.016,-0.08,-0.59,0.19,9.39,-0.05,0.26,-0.4,0.08,-0.07,9.8,0.06,0.0,0.0,0.0,0.0,5.0,1017.2,66.7,-18.35
2025-03-24 17:47:45.710000+00:00,,,,,358.5,1.25,1.812,23.0,-74.188,-2.875,-24.688,0.002,0.016,-0.08,-0.59,0.19,9.39,-0.05,0.26,-0.4,0.08,-0.07,9.8,0.06,0.0,0.0,0.0,0.0,5.0,1017.2,66.7,-18.35
2025-03-24 17:47:46.289000+00:00,,,,,358.5,1.25,1.812,23.24,-74.188,-2.875,-24.688,0.002,0.016,-0.08,-0.59,0.19,9.39,-0.05,0.26,-0.4,0.08,-0.07,9.8,0.06,0.0,0.0,0.0,0.0,5.0,1017.2,66.7,-18.35
2025-03-24 17:47:46.719000+00:00,,,,,358.5,1.25,1.812,23.0,-74.188,-2.875,-24.688,0.002,0.016,-0.08,-0.59,0.19,9.39,-0.05,0.26,-0.4,0.08,-0.07,9.8,0.06,0.0,0.0,0.0,0.0,5.0,1017.2,66.7,-18.35
2025-03-24 17:47:47.327000+00:00,,,,,358.5,1.25,1.812,23.24,-74.188,-2.875,-24.688,0.002,0.016,-0.08,-0.59,0.19,9.39,-0.05,0.26,-0.4,0.08,-0.07,9.8,0.06,0.0,0.0,0.0,0.0,5.0,1017.2,66.7,-18.35
2025-03-24 17:47:47.758000+00:00,,,,,358.5,1.25,1.812,23.0,-74.188,-2.875,-24.688,0.002,0.016,-0.08,-0.59,0.19,9.39,-0.05,0.26,-0.4,0.08,-0.07,9.8,0.06,0.0,0.0,0.0,0.0,5.0,1017.2,66.7,-18.35
2025-03-24 17:47:48.375000+00:00,,,,,358.5,1.25,1.812,23.24,-74.188,-2.875,-24.688,0.002,0.016,-0.08,-0.59,0.19,9.39,-0.05,0.26,-0.4,0.08,-0.07,9.8,0.06,0.0,0.0,0.0,0.0,5.0,1017.2,66.7,-18.35
2025-03-24 17:47:48.790000+00:00,,,,,358.5,1.25,1.812,23.0,-74.188,-2.875,-24.688,0.002,0.016,-0.08,-0.59,0.19,9.39,-0.05,0.26,-0.4,0.08,-0.07,9.8,0.06,0.0,0.0,0.0,0.0,5.0,1017.2,66.7,-18.35
2025-03-24 17:47:49.409000+00:00,,,,,358.5,1.25,1.812,23.24,-74.188,-2.875,-24.688,0.002,0.016,-0.08,-0.59,0.19,9.39,-0.05,0.26,-0.4,0.08,-0.07,9.8,0.06,0.0,0.0,0.0,0.0,5.0,1017.2,66.7,-18.35
2025-03-24 17:47:49.860000+00:00,,,,,358.5,1.25,1.812,23.0,-74.188,-2.875,-24.688,0.002,0.016,-0.08,-0.59,0.19,9.39,-0.05,0.26,-0.4,0.08,-0.07,9.8,0.06,0.0,0.0,0.0,0.0,5.0,1017.2,66.7,-18.35
2025-03-24 17:47:50.458000+00:00,,,,,358.5,1.25,1.812,23.24,-74.188,-2.875,-24.688,0.002,0.016,-0.08,-0.59,0.19,9.39,-0.05,0.26,-0.4,0.08,-0.07,9.8,0.06,0.0,0.0,0.0,0.0,5.0,1017.2,66.7,-18.35
2025-03-24 17:47:50.884000+00:00,,,,,358.5,1.25,1.812,23.0,-74.188,-2.875,-24.688,0.002,0.016,-0.08,-0.59,0.19,9.39,-0.05,0.26,-0.4,0.08,-0.07,9.8,0.06,0.0,0.0,0.0,0.0,5.0,1017.2,66.7,-18.35
2025-03-24 17:47:51.683000+00:00,,,,,358.5,1.25,1.812,23.24,-74.188,-2.875,-24.688,0.002,0.016,-0.08,-0.59,0.19,9.39,-0.05,0.26,-0.4,0.08,-0.07,9.8,0.06,0.0,0.0,0.0,0.0,5.0,1017.2,66.7,-18.35
2025-03-24 17:47:51.954000+00:00,,,,,358.5,1.25,1.812,23.0,-74.188,-2.875,-24.688,0.002,0.016,-0.08,-0.59,0.19,9.39,-0.05,0.26,-0.4,0.08,-0.07,9.8,0.06,0.0,0.0,0.0,0.0,5.0,1017.2,66.7,-18.35
2025-03-24 17:47:52.633000+00:00,,,,,358.5,1.25,1.812,23.0,-74.188,-2.875,-24.688,0.002,0.016,-0.08,-0.59,0.19,9.39,-0.05,0.26,-0.4,0.08,-0.07,9.8,0.06,0.0,0.0,0.0,0.0,5.0,1017.2,66.7,-18.35
2025-03-24 17:47:53.054000+00:00,,,,,358.5,1.25,1.812,23.24,-74.188,-2.875,-24.688,0.002,0.016,-0.08,-0.59,0.19,9.39,-0.05,0.26,-0.4,0.08,-0.07,9.8,0.06,0.0,0.0,0.0,0.0,5.0,1017.2,66.7,-18.35
2025-03-24 17:47:53.644000+00:00,,,,,358.5,1.25,1.812,23.0,-74.188,-2.875,-24.688,0.002,0.016,-0.08,-0.59,0.19,9.39,-0.05,0.26,-0.4,0.08,-0.07,9.8,0.06,0.0,0.0,0.0,0.0,5.0,1017.2,66.7,-18.35
2025-03-24 17:47:54.069000+00:00,,,,,358.5,1.25,1.812,23.24,-74.188,-2.875,-24.688,0.002,0.016,-0.08,-0.59,0.19,9.39,-0.05,0.26,-0.4,0.08,-0.07,9.8,0.06,0.0,0.0,0.0,0.0,5.0,1017.2,66.7,-18.35
2025-03-24 17:47:54.643000+00:00,,,,,358.5,1.25,1.812,23.0,-74.188,-2.875,-24.688,0.002,0.016,-0.08,-0.59,0.19,9.39,-0.05,0.26,-0.4,0.08,-0.07,9.8,0.06,0.0,0.0,0.0,0.0,5.0,1017.2,66.7,-18.35
2025-03-24 17:47:55.064000+00:00,,,,,358.5,1.25,1.812,23.24,-74.188,-2.875,-24.688,0.002,0.016,-0.08,-0.59,0.19,9.39,-0.05,0.26,-0.4,0.08,-0.07,9.8,0.06,0.0,0.0,0.0,0.0,5.0,1017.2,66.7,-18.35
2025-03-24 17:47:55.654000+00:00,,,,,358.5,1.25,1.812,23.0,-74.188,-2.875,-24.688,0.002,0.016,-0.08,-0.59,0.19,9.39,-0.05,0.26,-0.4,0.08,-0.07,9.8,0.06,0.0,0.0,0.0,0.0,5.0,1017.2,66.7,-18.35
2025-03-24 17:47:56.193000+00:00,,,,,358.5,1.25,1.812,23.24,-74.188,-2.875,-24.688,0.002,0.016,-0.08,-0.59,0.19,9.39,-0.05,0.26,-0.4,0.08,-0.07,9.8,0.06,0.0,0.0,0.0,0.0,5.0,1017.2,66.7,-18.35
2025-03-24 17:47:56.643000+00:00,,,,,358.5,1.25,1.812,23.0,-74.188,-2.875,-24.688,0.002,0.016,-0.08,-0.59,0.19,9.39,-0.05,0.26,-0.4,0.08,-0.07,9.8,0.06,0.0,0.0,0.0,0.0,5.0,1017.2,66.7,-18.35
2025-03-24 17:47:57.330000+00:00,,,,,358.5,1.25,1.812,23.24,-74.188,-2.875,-24.688,0.002,0.016,-0.08,-0.59,0.19,9.39,-0.05,0.26,-0.4,0.08,-0.07,9.8,0.06,0.0,0.0,0.0,0.0,5.0,1017.2,66.7,-18.35
2025-03-24 17:47:57.754000+00:00,,,,,358.5,1.25,1.812,23.0,-74.188,-2.875,-24.688,0.002,0.016,-0.08,-0.59,0.19,9.39,-0.05,0.26,-0.4,0.08,-0.07,9.8,0.06,0.0,0.0,0.0,0.0,5.0,1017.2,66.7,-18.35
2025-03-24 17:47:58.389000+00:00,,,,,358.5,1.25,1.812,23.24,-74.188,-2.875,-24.688,0.002,0.016,-0.08,-0.59,0.19,9.39,-0.05,0.26,-0.4,0.08,-0.07,9.8,0.06,0.0,0.0,0.0,0.0,5.0,1017.2,66.7,-18.35
2025-03-24 17:47:58.822000+00:00,,,,,358.5,1.25,1.812,23.0,-74.188,-2.875,-24.688,0.002,0.016,-0.08,-0.59,0.19,9.39,-0.05,0.26,-0.4,0.08,-0.07,9.8,0.06,0.0,0.0,0.0,0.0,5.0,1017.2,66.7,-18.35
2025-03-24 17:47:59.434000+00:00,,,,,358.5,1.25,1.812,23.24,-74.188,-2.875,-24.688,0.002,0.016,-0.08,-0.59,0.19,9.39,-0.05,0.26,-0.4,0.08,-0.07,9.8,0.06,0.0,0.0,0.0,0.0,5.0,1017.2,66.7,-18.35
2025-03-24 17:47:59.852000+00:00,,,,,358.5,1.25,1.812,23.0,-74.188,-2.875,-24.688,0.002,0.016,-0.08,-0.59,0.19,9.39,-0.05,0.26,-0.4,0.08,-0.07,9.8,0.06,0.0,0.0,0.0,0.0,5.0,1017.2,66.7,-18.35
2025-03-24 17:48:00.713000+00:00,,,,,358.5,1.25,1.812,23.24,-74.188,-2.875,-24.688,0.002,0.016,-0.08,-0.59,0.19,9.39,-0.05,0.26,-0.4,0.08,-0.07,9.8,0.06,0.0,0.0,0.0,0.0,5.0,1017.2,66.7,-18.35
2025-03-24 17:48:00.973000+00:00,,,,,358.5,1.25,1.812,23.0,-74.188,-2.875,-24.688,0.002,0.016,-0.08,-0.59,0.19,9.39,-0.05,0.26,-0.4,0.08,-0.07,9.8,0.06,0.0,0.0,0.0,0.0,5.0,1017.2,66.7,-18.35
2025-03-24 17:48:01.674000+00:00,,,,,358.5,1.25,1.812,23.0,-74.188,-2.875,-24.688,0.002,0.016,-0.08,-0.59,0.19,9.39,-0.05,0.26,-0.4,0.08,-0.07,9.8,0.06,0.0,0.0,0.0,0.0,5.0,1017.2,66.7,-18.35
2025-03-24 17:48:01.983000+00:00,,,,,358.5,1.25,1.812,23.24,-74.188,-2.875,-24.688,0.002,0.016,-0.08,-0.59,0.19,9.39,-0.05,0.26,-0.4,0.08,-0.07,9.8,0.06,0.0,0.0,0.0,0.0,5.0,1017.2,66.7,-18.35
2025-03-24 17:48:02.684000+00:00,,,,,358.5,1.25,1.812,23.0,-74.188,-2.875,-24.688,0.002,0.016,-0.08,-0.59,0.19,9.39,-0.05,0.26,-0.4,0.08,-0.07,9.8,0.06,0.0,0.0,0.0,0.0,5.0,1017.2,66.7,-18.35
2025-03-24 17:48:03.117000+00:00,,,,,358.5,1.25,1.812,23.24,-74.188,-2.875,-24.688,0.002,0.016,-0.08,-0.59,0.19,9.39,-0.05,0.26,-0.4,0.08,-0.07,9.8,0.06,0.0,0.0,0.0,0.0,5.0,1017.2,66.7,-18.35
2025-03-24 17:48:03.673000+00:00,,,,,358.5,1.25,1.812,23.0,-74.188,-2.875,-24.688,0.002,0.016,-0.08,-0.59,0.19,9.39,-0.05,0.26,-0.4,0.08,-0.07,9.8,0.06,0.0,0.0,0.0,0.0,5.0,1017.2,66.7,-18.35
2025-03-24 17:48:04.082000+00:00,,,,,358.5,1.25,1.812,23.24,-74.188,-2.875,-24.688,0.002,0.016,-0.08,-0.59,0.19,9.39,-0.05,0.26,-0.4,0.08,-0.07,9.8,0.06,0.0,0.0,0.0,0.0,5.0,1017.2,66.7,-18.35
2025-03-24 17:48:04.687000+00:00,,,,,358.5,1.25,1.812,23.0,-74.188,-2.875,-24.688,0.002,0.016,-0.08,-0.59,0.19,9.39,-0.05,0.26,-0.4,0.08,-0.07,9.8,0.06,0.0,0.0,0.0,0.0,5.0,1017.2,66.7,-18.35
2025-03-24 17:48:05.172000+00:00,,,,,358.5,1.25,1.812,23.24,-74.188,-2.875,-24.688,0.002,0.016,-0.08,-0.59,0.19,9.39,-0.05,0.26,-0.4,0.08,-0.07,9.8,0.06,0.0,0.0,0.0,0.0,5.0,1017.2,66.7,-18.35
2025-03-24 17:48:05.692000+00:00,,,,,358.5,1.25,1.812,23.0,-74.188,-2.875,-24.688,0.002,0.016,-0.08,-0.59,0.19,9.39,-0.05,0.26,-0.4,0.08,-0.07,9.8,0.06,0.0,0.0,0.0,0.0,5.0,1017.2,66.7,-18.35
2025-03-24 17:48:06.123000+00:00,,,,,358.5,1.25,1.812,23.24,-74.188,-2.875,-24.688,0.002,0.016,-0.08,-0.59,0.19,9.39,-0.05,0.26,-0.4,0.08,-0.07,9.8,0.06,0.0,0.0,0.0,0.0,5.0,1017.2,66.7,-18.35
2025-03-24 17:48:06.710000+00:00,,,,,358.5,1.25,1.812,23.0,-74.188,-2.875,-24.688,0.002,0.016,-0.08,-0.59,0.19,9.39,-0.05,0.26,-0.4,0.08,-0.07,9.8,0.06,0.0,0.0,0.0,0.0,5.0,1017.2,66.7,-18.35
2025-03-24 17:48:07.133000+00:00,,,,,358.5,1.25,1.812,23.24,-74.188,-2.875,-24.688,0.002,0.016,-0.08,-0.59,0.19,9.39,-0.05,0.26,-0.4,0.08,-0.07,9.8,0.06,0.0,0.0,0.0,0.0,5.0,1017.2,66.7,-18.35
2025-03-24 17:48:07.722000+00:00,,,,,358.5,1.25,1.812,23.0,-74.188,-2.875,-24.688,0.002,0.016,-0.08,-0.59,0.19,9.39,-0.05,0.26,-0.4,0.08,-0.07,9.8,0.06,0.0,0.0,0.0,0.0,5.0,1017.2,66.7,-18.35
2025-03-24 17:48:08.198000+00:00,,,,,358.5,1.25,1.812,23.24,-74.188,-2.875,-24.688,0.002,0.016,-0.08,-0.59,0.19,9.39,-0.05,0.26,-0.4,0.08,-0.07,9.8,0.06,0.0,0.0,0.0,0.0,5.0,1017.2,66.7,-18.35
2025-03-24 17:48:08.729000+00:00,,,,,358.5,1.25,1.812,23.0,-74.188,-2.875,-24.688,0.002,0.016,-0.08,-0.59,0.19,9.39,-0.05,0.26,-0.4,0.08,-0.07,9.8,0.06,0.0,0.0,0.0,0.0,5.0,1017.2,66.7,-18.35
2025-03-24 17:48:09.778000+00:00,,,,,358.5,1.25,1.812,23.24,-74.188,-2.875,-24.688,0.002,0.016,-0.08,-0.59,0.19,9.39,-0.05,0.26,-0.4,0.08,-0.07,9.8,0.06,0.0,0.0,0.0,0.0,5.0,1017.2,66.7,-18.35
2025-03-24 17:48:10.043000+00:00,,,,,358.5,1.25,1.812,23.0,-74.188,-2.875,-24.688,0.002,0.016,-0.08,-0.59,0.19,9.39,-0.05,0.26,-0.4,0.08,-0.07,9.8,0.06,0.0,0.0,0.0,0.0,5.0,1017.2,66.7,-18.35
2025-03-24 17:48:10.741000+00:00,,,,,358.5,1.25,1.812,23.0,-74.188,-2.875,-24.688,0.002,0.016,-0.08,-0.59,0.19,9.39,-0.05,0.26,-0.4,0.08,-0.07,9.8,0.06,0.0,0.0,0.0,0.0,5.0,1017.2,66.7,-18.35
2025-03-24 17:48:11.162000+00:00,,,,,358.5,1.25,1.812,23.26,-74.188,-2.875,-24.688,0.002,0.016,-0.08,-0.59,0.19,9.39,-0.05,0.26,-0.4,0.08,-0.07,9.8,0.06,0.0,0.0,0.0,0.0,5.0,1017.2,66.7,-18.35
2025-03-24 17:48:11.752000+00:00,,,,,358.5,1.25,1.812,23.0,-74.188,-2.875,-24.688,0.002,0.016,-0.08,-0.59,0.19,9.39,-0.05,0.26,-0.4,0.08,-0.07,9.8,0.06,0.0,0.0,0.0,0.0,5.0,1017.2,66.7,-18.35
2025-03-24 17:48:12.172000+00:00,,,,,358.5,1.25,1.812,23.26,-74.188,-2.875,-24.688,0.002,0.016,-0.08,-0.59,0.19,9.39,-0.05,0.26,-0.4,0.08,-0.07,9.8,0.06,0.0,0.0,0.0,0.0,5.0,1017.2,66.7,-18.35
2025-03-24 17:48:12.762000+00:00,,,,,358.5,1.25,1.812,23.0,-74.188,-2.875,-24.688,0.002,0.016,-0.08,-0.59,0.19,9.39,-0.05,0.26,-0.4,0.08,-0.07,9.8,0.06,0.0,0.0,0.0,0.0,5.0,1017.2,66.7,-18.35
2025-03-24 17:47:13.272000+00:00,,,,,358.5,1.25,1.812,23.0,-74.188,-2.875,-24.688,0.002,0.016,-0.08,-0.59,0.19,9.39,-0.05,0.26,-0.4,0.08,-0.07,9.8,0.06,0.0,0.0,0.0,0.0,5.0,1017.2,66.7,-18.35
2025-03-24 17:47:14.265000+00:00,,,,,358.5,1.25,1.812,23.0,-73.75,-2.875,-24.688,0.002,0.016,-0.08,-0.59,0.19,9.39,-0.05,0.26,-0.4,0.08,-0.07,9.8,0.06,0.0,0.0,0.0,0.0,5.0,1017.2,66.7,-18.35
2025-03-24 17:47:15.285000+00:00,,,,,358.5,1.25,1.812,23.0,-74.188,-2.562,-25.375,0.002,0.016,-0.08,-0.59,0.19,9.39,-0.05,0.26,-0.4,0.08,-0.07,9.8,0.06,0.0,0.0,0.0,0.0,5.0,1017.2,66.7,-18.35
2025-03-24 17:47:16.376000+00:00,,,,,358.5,1.25,1.812,23.0,-73.375,-2.875,-25.0,0.002,0.016,-0.08,-0.59,0.19,9.39,-0.05,0.26,-0.4,0.08,-0.07,9.8,0.06,0.0,0.0,0.0,0.0,5.0,1017.2,66.7,-18.35
2025-03-24 17:47:17.395000+00:00,,,,,358.5,1.25,1.812,23.0,-74.188,-2.188,-23.875,0.002,0.016,-0.08,-0.59,0.19,9.39,-0.05,0.26,-0.4,0.08,-0.07,9.8,0.06,0.0,0.0,0.0,0.0,5.0,1017.2,66.7,-18.35
2025-03-24 17:47:18.515000+00:00,,,,,358.5,1.25,1.812,23.0,-74.062,-2.188,-23.75,0.002,0.016,-0.08,-0.59,0.19,9.39,-0.05,0.26,-0.4,0.08,-0.07,9.8,0.06,0.0,0.0,0.0,0.0,5.0,1017.2,66.7,-18.35
2025-03-24 17:47:19.325000+00:00,,,,,358.5,1.25,1.812,23.0,-74.5,-2.5,-23.375,0.002,0.016,-0.08,-0.59,0.19,9.39,-0.05,0.26,-0.4,0.08,-0.07,9.8,0.06,0.0,0.0,0.0,0.0,5.0,1017.2,66.7,-18.35
2025-03-24 17:47:20.331000+00:00,,,,,358.5,1.25,1.812,23.0,-73.688,-2.062,-23.875,0.002,0.016,-0.08,-0.59,0.19,9.39,-0.05,0.26,-0.4,0.08,-0.07,9.8,0.06,0.0,0.0,0.0,0.0,5.0,1017.2,66.7,-18.35
2025-03-24 17:47:21.335000+00:00,,,,,358.5,1.25,1.812,23.0,-73.688,-2.75,-23.875,0.002,0.016,-0.08,-0.59,0.19,9.39,-0.05,0.26,-0.4,0.08,-0.07,9.8,0.06,0.0,0.0,0.0,0.0,5.0,1017.2,66.7,-18.35
2025-03-24 17:47:22.345000+00:00,,,,,358.5,1.25,1.812,23.0,-73.688,-2.75,-25.375,0.002,0.016,-0.08,-0.59,0.19,9.39,-0.05,0.26,-0.4,0.08,-0.07,9.8,0.06,0.0,0.0,0.0,0.0,5.0,1017.2,66.7,-18.35
2025-03-24 17:47:23.354000+00:00,,,,,358.5,1.25,1.812,23.0,-73.188,-2.188,-25.0,0.002,0.016,-0.08,-0.59,0.19,9.39,-0.05,0.26,-0.4,0.08,-0.07,9.8,0.06,0.0,0.0,0.0,0.0,5.0,1017.2,66.7,-18.35
2025-03-24 17:47:24.365000+00:00,,,,,358.5,1.25,1.812,23.0,-73.688,-2.5,-24.562,0.002,0.016,-0.08,-0.59,0.19,9.39,-0.05,0.26,-0.4,0.08,-0.07,9.8,0.06,0.0,0.0,0.0,0.0,5.0,1017.2,66.7,-18.35
2025-03-24 17:47:25.421000+00:00,,,,,358.5,1.25,1.812,23.0,-72.5,-2.062,-25.0,0.002,0.016,-0.08,-0.59,0.19,9.39,-0.05,0.26,-0.4,0.08,-0.07,9.8,0.06,0.0,0.0,0.0,0.0,5.0,1017.2,66.7,-18.35
2025-03-24 17:47:26.381000+00:00,,,,,358.5,1.25,1.812,23.0,-74.0,-2.062,-25.375,0.002,0.016,-0.08,-0.59,0.19,9.39,-0.05,0.26,-0.4,0.08,-0.07,9.8,0.06,0.0,0.0,0.0,0.0,5.0,1017.2,66.7,-18.35
2025-03-24 17:47:27.401000+00:00,,,,,358.5,1.25,1.812,23.0,-74.375,-2.875,-24.25,0.002,0.016,-0.08,-0.59,0.19,9.39,-0.05,0.26,-0.4,0.08,-0.07,9.8,0.06,0.0,0.0,0.0,0.0,5.0,1017.2,66.7,-18.35
2025-03-24 17:47:28.465000+00:00,,,,,358.5,1.25,1.812,23.0,-74.375,-2.875,-24.562,0.002,0.016,-0.08,-0.59,0.19,9.39,-0.05,0.26,-0.4,0.08,-0.07,9.8,0.06,0.0,0.0,0.0,0.0,5.0,1017.2,66.7,-18.35
2025-03-24 17:47:29.574000+00:00,,,,,358.5,1.25,1.812,23.0,-74.375,-3.688,-24.562,0.002,0.016,-0.08,-0.59,0.19,9.39,-0.05,0.26,-0.4,0.08,-0.07,9.8,0.06,0.0,0.0,0.0,0.0,5.0,1017.2,66.7,-18.35
2025-03-24 17:47:30.414000+00:00,,,,,358.5,1.25,1.812,23.0,-73.562,-2.875,-25.375,0.002,0.016,-0.08,-0.59,0.19,9.39,-0.05,0.26,-0.4,0.08,-0.07,9.8,0.06,0.0,0.0,0.0,0.0,5.0,1017.2,66.7,-18.35
2025-03-24 17:47:31.711000+00:00,,,,,358.5,1.25,1.812,23.0,-74.0,-2.5,-24.562,0.002,0.016,-0.08,-0.59,0.19,9.39,-0.05,0.26,-0.4,0.08,-0.07,9.8,0.06,0.0,0.0,0.0,0.0,5.0,1017.2,66.7,-18.35
2025-03-24 17:47:32.444000+00:00,,,,,358.5,1.25,1.812,23.0,-73.562,-2.062,-24.188,0.002,0.016,-0.08,-0.59,0.19,9.39,-0.05,0.26,-0.4,0.08,-0.07,9.8,0.06,0.0,0.0,0.0,0.0,5.0,1017.2,66.7,-18.35
2025-03-24 17:47:33.444000+00:00,,,,,358.5,1.25,1.812,23.0,-72.875,-2.062,-24.188,0.002,0.016,-0.08,-0.59,0.19,9.39,-0.05,0.26,-0.4,0.08,-0.07,9.8,0.06,0.0,0.0,0.0,0.0,5.0,1017.2,66.7,-18.35
2025-03-24 17:47:34.469000+00:00,,,,,358.5,1.25,1.812,23.0,-73.5,-2.75,-24.5,0.002,0.016,-0.08,-0.59,0.19,9.39,-0.05,0.26,-0.4,0.08,-0.07,9.8,0.06,0.0,0.0,0.0,0.0,5.0,1017.2,66.7,-18.35
2025-03-24 17:47:35.649000+00:00,,,,,358.5,1.25,1.812,23.0,-73.062,-2.75,-24.25,0.002,0.016,-0.08,-0.59,0.19,9.39,-0.05,0.26,-0.4,0.08,-0.07,9.8,0.06,0.0,0.0,0.0,0.0,5.0,1017.2,66.7,-18.35
2025-03-24 17:47:36.639000+00:00,,,,,358.5,1.25,1.812,23.0,-73.5,-2.5,-24.5,0.002,0.016,-0.08,-0.59,0.19,9.39,-0.05,0.26,-0.4,0.08,-0.07,9.8,0.06,0.0,0.0,0.0,0.0,5.0,1017.2,66.7,-18.35
2025-03-24 17:47:37.634000+00:00,,,,,358.5,1.25,1.812,23.0,-73.5,-2.75,-24.5,0.002,0.016,-0.08,-0.59,0.19,9.39,-0.05,0.26,-0.4,0.08,-0.07,9.8,0.06,0.0,0.0,0.0,0.0,5.0,1017.2,66.7,-18.35
2025-03-24 17:47:38.650000+00:00,,,,,358.5,1.25,1.812,23.0,-73.5,-3.188,-24.5,0.002,0.016,-0.08,-0.59,0.19,9.39,-0.05,0.26,-0.4,0.08,-0.07,9.8,0.06,0.0,0.0,0.0,0.0,5.0,1017.2,66.7,-18.35
2025-03-24 17:47:39.649000+00:00,,,,,358.5,1.25,1.812,23.0,-73.062,-2.375,-25.25,0.002,0.016,-0.08,-0.59,0.19,9.39,-0.05,0.26,-0.4,0.08,-0.07,9.8,0.06,0.0,0.0,0.0,0.0,5.0,1017.2,66.7,-18.35
2025-03-24 17:47:40.638000+00:00,,,,,358.5,1.25,1.812,23.0,-73.062,-3.562,-23.688,0.002,0.016,-0.08,-0.59,0.19,9.39,-0.05,0.26,-0.4,0.08,-0.07,9.8,0.06,0.0,0.0,0.0,0.0,5.0,1017.2,66.7,-18.35
2025-03-24 17:47:41.663000+00:00,,,,,358.5,1.25,1.812,23.0,-73.5,-2.75,-24.5,0.002,0.016,-0.08,-0.59,0.19,9.39,-0.05,0.26,-0.4,0.08,-0.07,9.8,0.06,0.0,0.0,0.0,0.0,5.0,1017.2,66.7,-18.35
2025-03-24 17:47:42.654000+00:00,,,,,358.5,1.25,1.812,23.0,-73.0,-2.5,-24.875,0.002,0.016,-0.08,-0.59,0.19,9.39,-0.05,0.26,-0.4,0.08,-0.07,9.8,0.06,0.0,0.0,0.0,0.0,5.0,1017.2,66.7,-18.35
2025-03-24 17:47:43.668000+00:00,,,,,358.5,1.25,1.812,23.0,-73.062,-3.188,-24.875,0.002,0.016,-0.08,-0.59,0.19,9.39,-0.05,0.26,-0.4,0.08,-0.07,9.8,0.06,0.0,0.0,0.0,0.0,5.0,1017.2,66.7,-18.35
2025-03-24 17:47:44.656000+00:00,,,,,358.5,1.25,1.812,23.0,-73.5,-3.188,-25.25,0.002,0.016,-0.08,-0.59,0.19,9.39,-0.05,0.26,-0.4,0.08,-0.07,9.8,0.06,0.0,0.0,0.0,0.0,5.0,1017.2,66.7,-18.35
2025-03-24 17:47:45.770000+00:00,,,,,358.5,1.25,1.812,23.0,-73.688,-3.375,-25.375,0.002,0.016,-0.08,-0.59,0.19,9.39,-0.05,0.26,-0.4,0.08,-0.07,9.8,0.06,0.0,0.0,0.0,0.0,5.0,1017.2,66.7,-18.35
2025-03-24 17:47:46.767000+00:00,,,,,358.5,1.25,1.812,23.0,-74.0,-3.0,-25.375,0.002,0.016,-0.08,-0.59,0.19,9.39,-0.05,0.26,-0.4,0.08,-0.07,9.8,0.06,0.0,0.0,0.0,0.0,5.0,1017.2,66.7,-18.35
2025-03-24 17:47:47.810000+00:00,,,,,358.5,1.25,1.812,23.0,-73.688,-3.375,-25.75,0.002,0.016,-0.08,-0.59,0.19,9.39,-0.05,0.26,-0.4,0.08,-0.07,9.8,0.06,0.0,0.0,0.0,0.0,5.0,1017.2,66.7,-18.35
2025-03-24 17:47:48.850000+00:00,,,,,358.5,1.25,1.812,23.0,-74.0,-3.375,-25.0,0.002,0.016,-0.08,-0.59,0.19,9.39,-0.05,0.26,-0.4,0.08,-0.07,9.8,0.06,0.0,0.0,0.0,0.0,5.0,1017.2,66.7,-18.35
2025-03-24 17:47:49.917000+00:00,,,,,358.5,1.25,1.812,23.0,-74.0,-3.0,-24.188,0.002,0.016,-0.08,-0.59,0.19,9.39,-0.05,0.26,-0.4,0.08,-0.07,9.8,0.06,0.0,0.0,0.0,0.0,5.0,1017.2,66.7,-18.35
2025-03-24 17:47:50.933000+00:00,,,,,358.5,1.25,1.812,23.0,-74.0,-2.562,-24.188,0.002,0.016,-0.08,-0.59,0.19,9.39,-0.05,0.26,-0.4,0.08,-0.07,9.8,0.06,0.0,0.0,0.0,0.0,5.0,1017.2,66.7,-18.35
2025-03-24 17:47:52.003000+00:00,,,,,358.5,1.25,1.812,23.0,-74.375,-2.25,-25.25,0.002,0.016,-0.08,-0.59,0.19,9.39,-0.05,0.26,-0.4,0.08,-0.07,9.8,0.06,0.0,0.0,0.0,0.0,5.0,1017.2,66.7,-18.35
2025-03-24 17:47:52.683000+00:00,,,,,358.5,1.25,1.812,23.0,-73.875,-3.375,-26.062,0.002,0.016,-0.08,-0.59,0.19,9.39,-0.05,0.26,-0.4,0.08,-0.07,9.8,0.06,0.0,0.0,0.0,0.0,5.0,1017.2,66.7,-18.35
2025-03-24 17:47:53.692000+00:00,,,,,358.5,1.25,1.812,23.0,-74.25,-3.0,-24.5,0.002,0.016,-0.08,-0.59,0.19,9.39,-0.05,0.26,-0.4,0.08,-0.07,9.8,0.06,0.0,0.0,0.0,0.0,5.0,1017.2,66.7,-18.35
2025-03-24 17:47:54.693000+00:00,,,,,358.5,1.25,1.812,23.0,-73.875,-3.0,-25.25,0.002,0.016,-0.08,-0.59,0.19,9.39,-0.05,0.26,-0.4,0.08,-0.07,9.8,0.06,0.0,0.0,0.0,0.0,5.0,1017.2,66.7,-18.35
2025-03-24 17:47:55.709000+00:00,,,,,358.5,1.25,1.812,23.0,-74.688,-2.562,-24.5,0.002,0.016,-0.08,-0.59,0.19,9.39,-0.05,0.26,-0.4,0.08,-0.07,9.8,0.06,0.0,0.0,0.0,0.0,5.0,1017.2,66.7,-18.35
2025-03-24 17:47:56.693000+00:00,,,,,358.5,1.25,1.812,23.0,-73.875,-3.0,-24.875,0.002,0.016,-0.08,-0.59,0.19,9.39,-0.05,0.26,-0.4,0.08,-0.07,9.8,0.06,0.0,0.0,0.0,0.0,5.0,1017.2,66.7,-18.35
2025-03-24 17:47:57.802000+00:00,,,,,358.5,1.25,1.812,23.0,-73.562,-2.688,-24.188,0.002,0.016,-0.08,-0.59,0.19,9.39,-0.05,0.26,-0.4,0.08,-0.07,9.8,0.06,0.0,0.0,0.0,0.0,5.0,1017.2,66.7,-18.35
2025-03-24 17:47:58.873000+00:00,,,,,358.5,1.25,1.812,23.0,-73.562,-3.0,-25.25,0.002,0.016,-0.08,-0.59,0.19,9.39,-0.05,0.26,-0.4,0.08,-0.07,9.8,0.06,0.0,0.0,0.0,0.0,5.0,1017.2,66.7,-18.35
2025-03-24 17:47:59.903000+00:00,,,,,358.5,1.25,1.812,23.0,-73.875,-1.5,-25.25,0.002,0.016,-0.08,-0.59,0.19,9.39,-0.05,0.26,-0.4,0.08,-0.07,9.8,0.06,0.0,0.0,0.0,0.0,5.0,1017.2,66.7,-18.35
2025-03-24 17:48:01.026000+00:00,,,,,358.5,1.25,1.812,23.0,-74.562,-2.875,-24.75,0.002,0.016,-0.08,-0.59,0.19,9.39,-0.05,0.26,-0.4,0.08,-0.07,9.8,0.06,0.0,0.0,0.0,0.0,5.0,1017.2,66.7,-18.35
2025-03-24 17:48:01.723000+00:00,,,,,358.5,1.25,1.812,23.0,-74.188,-2.688,-24.75,0.002,0.016,-0.08,-0.59,0.19,9.39,-0.05,0.26,-0.4,0.08,-0.07,9.8,0.06,0.0,0.0,0.0,0.0,5.0,1017.2,66.7,-18.35
2025-03-24 17:48:02.739000+00:00,,,,,358.5,1.25,1.812,23.0,-74.188,-2.25,-23.562,0.002,0.016,-0.08,-0.59,0.19,9.39,-0.05,0.26,-0.4,0.08,-0.07,9.8,0.06,0.0,0.0,0.0,0.0,5.0,1017.2,66.7,-18.35
2025-03-24 17:48:03.723000+00:00,,,,,358.5,1.25,1.812,23.0,-74.5,-1.562,-25.188,0.002,0.016,-0.08,-0.59,0.19,9.39,-0.05,0.26,-0.4,0.08,-0.07,9.8,0.06,0.0,0.0,0.0,0.0,5.0,1017.2,66.7,-18.35
2025-03-24 17:48:04.732000+00:00,,,,,358.5,1.25,1.812,23.0,-73.375,-3.0,-25.188,0.002,0.016,-0.08,-0.59,0.19,9.39,-0.05,0.26,-0.4,0.08,-0.07,9.8,0.06,0.0,0.0,0.0,0.0,5.0,1017.2,66.7,-18.35
2025-03-24 17:48:05.752000+00:00,,,,,358.5,1.25,1.812,23.0,-73.688,-3.0,-24.375,0.002,0.016,-0.08,-0.59,0.19,9.39,-0.05,0.26,-0.4,0.08,-0.07,9.8,0.06,0.0,0.0,0.0,0.0,5.0,1017.2,66.7,-18.35
2025-03-24 17:48:06.763000+00:00,,,,,358.5,1.25,1.812,23.0,-73.688,-2.562,-25.562,0.002,0.016,-0.08,-0.59,0.19,9.39,-0.05,0.26,-0.4,0.08,-0.07,9.8,0.06,0.0,0.0,0.0,0.0,5.0,1017.2,66.7,-18.35
2025-03-24 17:48:07.779000+00:00,,,,,358.5,1.25,1.812,23.0,-74.5,-2.562,-24.75,0.002,0.016,-0.08,-0.59,0.19,9.39,-0.05,0.26,-0.4,0.08,-0.07,9.8,0.06,0.0,0.0,0.0,0.0,5.0,1017.2,66.7,-18.35
2025-03-24 17:48:08.782000+00:00,,,,,358.5,1.25,1.812,23.0,-75.5,-3.0,-25.562,0.002,0.016,-0.08,-0.59,0.19,9.39,-0.05,0.26,-0.4,0.08,-0.07,9.8,0.06,0.0,0.0,0.0,0.0,5.0,1017.2,66.7,-18.35
2025-03-24 17:48:10.103000+00:00,,,,,358.5,1.25,1.812,23.0,-73.25,-2.562,-24.0,0.002,0.016,-0.08,-0.59,0.19,9.39,-0.05,0.26,-0.4,0.08,-0.07,9.8,0.06,0.0,0.0,0.0,0.0,5.0,1017.2,66.7,-18.35
2025-03-24 17:48:10.791000+00:00,,,,,358.5,1.25,1.812,23.0,-74.688,-2.25,-25.562,0.002,0.016,-0.08,-0.59,0.19,9.39,-0.05,0.26,-0.4,0.08,-0.07,9.8,0.06,0.0,0.0,0.0,0.0,5.0,1017.2,66.7,-18.35
2025-03-24 17:48:11.802000+00:00,,,,,358.5,1.25,1.812,23.0,-74.0,-2.562,-24.375,0.002,0.016,-0.08,-0.59,0.19,9.39,-0.05,0.26,-0.4,0.08,-0.07,9.8,0.06,0.0,0.0,0.0,0.0,5.0,1017.2,66.7,-18.35
2025-03-24 17:48:12.822000+00:00,,,,,358.5,1.25,1.812,23.0,-73.25,-3.0,-24.688,0.002,0.016,-0.08,-0.59,0.19,9.39,-0.05,0.26,-0.4,0.08,-0.07,9.8,0.06,0.0,0.0,0.0,0.0,5.0,1017.2,66.7,-18.35
2025-03-24 17:47:13.329000+00:00,,,,,358.5,1.25,1.812,23.0,-73.25,-3.0,-24.688,0.002,0.016,-0.08,-0.59,0.19,9.39,-0.05,0.26,-0.4,0.08,-0.07,9.8,0.06,0.0,0.0,0.0,0.0,5.0,1017.2,66.7,-18.35
2025-03-24 17:47:14.322000+00:00,,,,,358.5,1.25,1.812,23.0,-73.25,-3.0,-24.688,-0.001,-0.019,0.031,-0.59,0.19,9.39,-0.05,0.26,-0.4,0.08,-0.07,9.8,0.06,0.0,0.0,0.0,0.0,5.0,1017.2,66.7,-18.35
2025-03-24 17:47:15.335000+00:00,,,,,358.5,1.25,1.812,23.0,-73.25,-3.0,-24.688,0.017,0.011,0.023,-0.59,0.19,9.39,-0.05,0.26,-0.4,0.08,-0.07,9.8,0.06,0.0,0.0,0.0,0.0,5.0,1017.2,66.7,-18.35
2025-03-24 17:47:16.431000+00:00,,,,,358.5,1.25,1.812,23.0,-73.25,-3.0,-24.688,-0.038,-0.012,-0.056,-0.59,0.19,9.39,-0.05,0.26,-0.4,0.08,-0.07,9.8,0.06,0.0,0.0,0.0,0.0,5.0,1017.2,66.7,-18.35
2025-03-24 17:47:17.449000+00:00,,,,,358.5,1.25,1.812,23.0,-73.25,-3.0,-24.688,0.003,-0.012,-0.028,-0.59,0.19,9.39,-0.05,0.26,-0.4,0.08,-0.07,9.8,0.06,0.0,0.0,0.0,0.0,5.0,1017.2,66.7,-18.35
2025-03-24 17:47:18.572000+00:00,,,,,358.5,1.25,1.812,23.0,-73.25,-3.0,-24.688,0.01,-0.011,-0.037,-0.59,0.19,9.39,-0.05,0.26,-0.4,0.08,-0.07,9.8,0.06,0.0,0.0,0.0,0.0,5.0,1017.2,66.7,-18.35
2025-03-24 17:47:19.382000+00:00,,,,,358.5,1.25,1.812,23.0,-73.25,-3.0,-24.688,0.013,0.016,0.077,-0.59,0.19,9.39,-0.05,0.26,-0.4,0.08,-0.07,9.8,0.06,0.0,0.0,0.0,0.0,5.0,1017.2,66.7,-18.35
2025-03-24 17:47:20.385000+00:00,,,,,358.5,1.25,1.812,23.0,-73.25,-3.0,-24.688,0.004,0.001,-0.014,-0.59,0.19,9.39,-0.05,0.26,-0.4,0.08,-0.07,9.8,0.06,0.0,0.0,0.0,0.0,5.0,1017.2,66.7,-18.35
2025-03-24 17:47:21.392000+00:00,,,,,358.5,1.25,1.812,23.0,-73.25,-3.0,-24.688,0.017,0.0,-0.024,-0.59,0.19,9.39,-0.05,0.26,-0.4,0.08,-0.07,9.8,0.06,0.0,0.0,0.0,0.0,5.0,1017.2,66.7,-18.35
2025-03-24 17:47:22.396000+00:00,,,,,358.5,1.25,1.812,23.0,-73.25,-3.0,-24.688,0.002,-0.007,0.01,-0.59,0.19,9.39,-0.05,0.26,-0.4,0.08,-0.07,9.8,0.06,0.0,0.0,0.0,0.0,5.0,1017.2,66.7,-18.35
2025-03-24 17:47:23.405000+00:00,,,,,358.5,1.25,1.812,23.0,-73.25,-3.0,-24.688,0.023,0.002,0.093,-0.59,0.19,9.39,-0.05,0.26,-0.4,0.08,-0.07,9.8,0.06,0.0,0.0,0.0,0.0,5.0,1017.2,66.7,-18.35
2025-03-24 17:47:24.432000+00:00,,,,,358.5,1.25,1.812,23.0,-73.25,-3.0,-24.688,0.008,-0.011,0.024,-0.59,0.19,9.39,-0.05,0.26,-0.4,0.08,-0.07,9.8,0.06,0.0,0.0,0.0,0.0,5.0,1017.2,66.7,-18.35
2025-03-24 17:47:25.481000+00:00,,,,,358.5,1.25,1.812,23.0,-73.25,-3.0,-24.688,-0.007,0.013,0.002,-0.59,0.19,9.39,-0.05,0.26,-0.4,0.08,-0.07,9.8,0.06,0.0,0.0,0.0,0.0,5.0,1017.2,66.7,-18.35
2025-03-24 17:47:26.441000+00:00,,,,,358.5,1.25,1.812,23.0,-73.25,-3.0,-24.688,-0.01,-0.004,0.027,-0.59,0.19,9.39,-0.05,0.26,-0.4,0.08,-0.07,9.8,0.06,0.0,0.0,0.0,0.0,5.0,1017.2,66.7,-18.35
2025-03-24 17:47:27.458000+00:00,,,,,358.5,1.25,1.812,23.0,-73.25,-3.0,-24.688,0.0,-0.022,0.058,-0.59,0.19,9.39,-0.05,0.26,-0.4,0.08,-0.07,9.8,0.06,0.0,0.0,0.0,0.0,5.0,1017.2,66.7,-18.35
2025-03-24 17:47:28.522000+00:00,,,,,358.5,1.25,1.812,23.0,-73.25,-3.0,-24.688,0.018,-0.009,-0.021,-0.59,0.19,9.39,-0.05,0.26,-0.4,0.08,-0.07,9.8,0.06,0.0,0.0,0.0,0.0,5.0,1017.2,66.7,-18.35
2025-03-24 17:47:29.624000+00:00,,,,,358.5,1.25,1.812,23.0,-73.25,-3.0,-24.688,-0.023,-0.002,-0.04,-0.59,0.19,9.39,-0.05,0.26,-0.4,0.08,-0.07,9.8,0.06,0.0,0.0,0.0,0.0,5.0,1017.2,66.7,-18.35
2025-03-24 17:47:30.465000+00:00,,,,,358.5,1.25,1.812,23.0,-73.25,-3.0,-24.688,-0.002,0.001,0.028,-0.59,0.19,9.39,-0.05,0.26,-0.4,0.08,-0.07,9.8,0.06,0.0,0.0,0.0,0.0,5.0,1017.2,66.7,-18.35
2025-03-24 17:47:31.766000+00:00,,,,,358.5,1.25,1.812,23.0,-73.25,-3.0,-24.688,-0.038,0.009,0.001,-0.59,0.19,9.39,-0.05,0.26,-0.4,0.08,-0.07,9.8,0.06,0.0,0.0,0.0,0.0,5.0,1017.2,66.7,-18.35
2025-03-24 17:47:32.501000+00:00,,,,,358.5,1.25,1.812,23.0,-73.25,-3.0,-24.688,-0.007,-0.018,0.039,-0.59,0.19,9.39,-0.05,0.26,-0.4,0.08,-0.07,9.8,0.06,0.0,0.0,0.0,0.0,5.0,1017.2,66.7,-18.35
2025-03-24 17:47:33.494000+00:00,,,,,358.5,1.25,1.812,23.0,-73.25,-3.0,-24.688,0.036,-0.01,0.012,-0.59,0.19,9.39,-0.05,0.26,-0.4,0.08,-0.07,9.8,0.06,0.0,0.0,0.0,0.0,5.0,1017.2,66.7,-18.35
2025-03-24 17:47:34.520000+00:00,,,,,358.5,1.25,1.812,23.0,-73.25,-3.0,-24.688,-0.029,-0.016,-0.019,-0.59,0.19,9.39,-0.05,0.26,-0.4,0.08,-0.07,9.8,0.06,0.0,0.0,0.0,0.0,5.0,1017.2,66.7,-18.35
2025-03-24 17:47:35.695000+00:00,,,,,358.5,1.25,1.812,23.0,-73.25,-3.0,-24.688,-0.026,0.002,-0.024,-0.59,0.19,9.39,-0.05,0.26,-0.4,0.08,-0.07,9.8,0.06,0.0,0.0,0.0,0.0,5.0,1017.2,66.7,-18.35
2025-03-24 17:47:36.684000+00:00,,,,,358.5,1.25,1.812,23.0,-73.25,-3.0,-24.688,0.012,0.016,-0.012,-0.59,0.19,9.39,-0.05,0.26,-0.4,0.08,-0.07,9.8,0.06,0.0,0.0,0.0,0.0,5.0,1017.2,66.7,-18.35
2025-03-24 17:47:37.689000+00:00,,,,,358.5,1.25,1.812,23.0,-73.25,-3.0,-24.688,0.006,0.027,0.019,-0.59,0.19,9.39,-0.05,0.26,-0.4,0.08,-0.07,9.8,0.06,0.0,0.0,0.0,0.0,5.0,1017.2,66.7,-18.35
2025-03-24 17:47:38.708000+00:00,,,,,358.5,1.25,1.812,23.0,-73.25,-3.0,-24.688,-0.004,-0.011,-0.007,-0.59,0.19,9.39,-0.05,0.26,-0.4,0.08,-0.07,9.8,0.06,0.0,0.0,0.0,0.0,5.0,1017.2,66.7,-18.35
2025-03-24 17:47:39.711000+00:00,,,,,358.5,1.25,1.812,23.0,-73.25,-3.0,-24.688,-0.011,-0.032,-0.01,-0.59,0.19,9.39,-0.05,0.26,-0.4,0.08,-0.07,9.8,0.06,0.0,0.0,0.0,0.0,5.0,1017.2,66.7,-18.35
2025-03-24 17:47:40.684000+00:00,,,,,358.5,1.25,1.812,23.0,-73.25,-3.0,-24.688,0.001,0.001,-0.03,-0.59,0.19,9.39,-0.05,0.26,-0.4,0.08,-0.07,9.8,0.06,0.0,0.0,0.0,0.0,5.0,1017.2,66.7,-18.35
2025-03-24 17:47:41.721000+00:00,,,,,358.5,1.25,1.812,23.0,-73.25,-3.0,-24.688,-0.016,-0.017,0.017,-0.59,0.19,9.39,-0.05,0.26,-0.4,0.08,-0.07,9.8,0.06,0.0,0.0,0.0,0.0,5.0,1017.2,66.7,-18.35
2025-03-24 17:47:42.711000+00:00,,,,,358.5,1.25,1.812,23.0,-73.25,-3.0,-24.688,0.001,-0.007,-0.007,-0.59,0.19,9.39,-0.05,0.26,-0.4,0.08,-0.07,9.8,0.06,0.0,0.0,0.0,0.0,5.0,1017.2,66.7,-18.35
2025-03-24 17:47:43.721000+00:00,,,,,358.5,1.25,1.812,23.0,-73.25,-3.0,-24.688,0.037,-0.017,0.007,-0.59,0.19,9.39,-0.05,0.26,-0.4,0.08,-0.07,9.8,0.06,0.0,0.0,0.0,0.0,5.0,1017.2,66.7,-18.35
2025-03-24 17:47:44.704000+00:00,,,,,358.5,1.25,1.812,23.0,-73.25,-3.0,-24.688,-0.004,0.009,0.009,-0.59,0.19,9.39,-0.05,0.26,-0.4,0.08,-0.07,9.8,0.06,0.0,0.0,0.0,0.0,5.0,1017.2,66.7,-18.35
2025-03-24 17:47:45.830000+00:00,,,,,358.5,1.25,1.812,23.0,-73.25,-3.0,-24.688,-0.002,-0.013,-0.029,-0.59,0.19,9.39,-0.05,0.26,-0.4,0.08,-0.07,9.8,0.06,0.0,0.0,0.0,0.0,5.0,1017.2,66.7,-18.35
2025-03-24 17:47:46.814000+00:00,,,,,358.5,1.25,1.812,23.0,-73.25,-3.0,-24.688,0.003,-0.01,0.038,-0.59,0.19,9.39,-0.05,0.26,-0.4,0.08,-0.07,9.8,0.06,0.0,0.0,0.0,0.0,5.0,1017.2,66.7,-18.35
2025-03-24 17:47:47.868000+00:00,,,,,358.5,1.25,1.812,23.0,-73.25,-3.0,-24.688,0.007,0.012,-0.016,-0.59,0.19,9.39,-0.05,0.26,-0.4,0.08,-0.07,9.8,0.06,0.0,0.0,0.0,0.0,5.0,1017.2,66.7,-18.35
2025-03-24 17:47:48.908000+00:00,,,,,358.5,1.25,1.812,23.0,-73.25,-3.0,-24.688,-0.011,-0.04,0.012,-0.59,0.19,9.39,-0.05,0.26,-0.4,0.08,-0.07,9.8,0.06,0.0,0.0,0.0,0.0,5.0,1017.2,66.7,-18.35
2025-03-24 17:47:49.967000+00:00,,,,,358.5,1.25,1.812,23.0,-73.25,-3.0,-24.688,-0.026,0.008,0.067,-0.59,0.19,9.39,-0.05,0.26,-0.4,0.08,-0.07,9.8,0.06,0.0,0.0,0.0,0.0,5.0,1017.2,66.7,-18.35
2025-03-24 17:47:50.990000+00:00,,,,,358.5,1.25,1.812,23.0,-73.25,-3.0,-24.688,-0.006,-0.016,0.022,-0.59,0.19,9.39,-0.05,0.26,-0.4,0.08,-0.07,9.8,0.06,0.0,0.0,0.0,0.0,5.0,1017.2,66.7,-18.35
2025-03-24 17:47:52.066000+00:00,,,,,358.5,1.25,1.812,23.0,-73.25,-3.0,-24.688,-0.01,0.002,0.058,-0.59,0.19,9.39,-0.05,0.26,-0.4,0.08,-0.07,9.8,0.06,0.0,0.0,0.0,0.0,5.0,1017.2,66.7,-18.35
2025-03-24 17:47:52.734000+00:00,,,,,358.5,1.25,1.812,23.0,-73.25,-3.0,-24.688,-0.002,-0.003,0.101,-0.59,0.19,9.39,-0.05,0.26,-0.4,0.08,-0.07,9.8,0.06,0.0,0.0,0.0,0.0,5.0,1017.2,66.7,-18.35
2025-03-24 17:47:53.744000+00:00,,,,,358.5,1.25,1.812,23.0,-73.25,-3.0,-24.688,0.007,0.006,0.047,-0.59,0.19,9.39,-0.05,0.26,-0.4,0.08,-0.07,9.8,0.06,0.0,0.0,0.0,0.0,5.0,1017.2,66.7,-18.35
2025-03-24 17:47:54.743000+00:00,,,,,358.5,1.25,1.812,23.0,-73.25,-3.0,-24.688,-0.006,-0.002,-0.006,-0.59,0.19,9.39,-0.05,0.26,-0.4,0.08,-0.07,9.8,0.06,0.0,0.0,0.0,0.0,5.0,1017.2,66.7,-18.35
2025-03-24 17:47:55.763000+00:00,,,,,358.5,1.25,1.812,23.0,-73.25,-3.0,-24.688,0.021,0.008,0.036,-0.59,0.19,9.39,-0.05,0.26,-0.4,0.08,-0.07,9.8,0.06,0.0,0.0,0.0,0.0,5.0,1017.2,66.7,-18.35
2025-03-24 17:47:56.750000+00:00,,,,,358.5,1.25,1.812,23.0,-73.25,-3.0,-24.688,0.008,-0.013,0.02,-0.59,0.19,9.39,-0.05,0.26,-0.4,0.08,-0.07,9.8,0.06,0.0,0.0,0.0,0.0,5.0,1017.2,66.7,-18.35
2025-03-24 17:47:57.853000+00:00,,,,,358.5,1.25,1.812,23.0,-73.25,-3.0,-24.688,0.019,0.018,0.053,-0.59,0.19,9.39,-0.05,0.26,-0.4,0.08,-0.07,9.8,0.06,0.0,0.0,0.0,0.0,5.0,1017.2,66.7,-18.35
2025-03-24 17:47:58.923000+00:00,,,,,358.5,1.25,1.812,23.0,-73.25,-3.0,-24.688,-0.027,-0.011,-0.024,-0.59,0.19,9.39,-0.05,0.26,-0.4,0.08,-0.07,9.8,0.06,0.0,0.0,0.0,0.0,5.0,1017.2,66.7,-18.35
2025-03-24 17:47:59.960000+00:00,,,,,358.5,1.25,1.812,23.0,-73.25,-3.0,-24.688,-0.002,-0.014,0.068,-0.59,0.19,9.39,-0.05,0.26,-0.4,0.08,-0.07,9.8,0.06,0.0,0.0,0.0,0.0,5.0,1017.2,66.7,-18.35
2025-03-24 17:48:01.080000+00:00,,,,,358.5,1.25,1.812,23.0,-73.25,-3.0,-24.688,-0.006,-0.017,-0.019,-0.59,0.19,9.39,-0.05,0.26,-0.4,0.08,-0.07,9.8,0.06,0.0,0.0,0.0,0.0,5.0,1017.2,66.7,-18.35
2025-03-24 17:48:01.773000+00:00,,,,,358.5,1.25,1.812,23.0,-73.25,-3.0,-24.688,-0.003,-0.001,-0.03,-0.59,0.19,9.39,-0.05,0.26,-0.4,0.08,-0.07,9.8,0.06,0.0,0.0,0.0,0.0,5.0,1017.2,66.7,-18.35
2025-03-24 17:48:02.793000+00:00,,,,,358.5,1.25,1.812,23.0,-73.25,-3.0,-24.688,0.007,0.0,0.071,-0.59,0.19,9.39,-0.05,0.26,-0.4,0.08,-0.07,9.8,0.06,0.0,0.0,0.0,0.0,5.0,1017.2,66.7,-18.35
2025-03-24 17:48:03.773000+00:00,,,,,358.5,1.25,1.812,23.0,-73.25,-3.0,-24.688,0.019,0.0,0.086,-0.59,0.19,9.39,-0.05,0.26,-0.4,0.08,-0.07,9.8,0.06,0.0,0.0,0.0,0.0,5.0,1017.2,66.7,-18.35
2025-03-24 17:48:04.783000+00:00,,,,,358.5,1.25,1.812,23.0,-73.25,-3.0,-24.688,0.004,0.024,-0.063,-0.59,0.19,9.39,-0.05,0.26,-0.4,0.08,-0.07,9.8,0.06,0.0,0.0,0.0,0.0,5.0,1017.2,66.7,-18.35
2025-03-24 17:48:05.809000+00:00,,,,,358.5,1.25,1.812,23.0,-73.25,-3.0,-24.688,-0.004,0.013,0.024,-0.59,0.19,9.39,-0.05,0.26,-0.4,0.08,-0.07,9.8,0.06,0.0,0.0,0.0,0.0,5.0,1017.2,66.7,-18.35
2025-03-24 17:48:06.818000+00:00,,,,,358.5,1.25,1.812,23.0,-73.25,-3.0,-24.688,-0.018,0.009,-0.006,-0.59,0.19,9.39,-0.05,0.26,-0.4,0.08,-0.07,9.8,0.06,0.0,0.0,0.0,0.0,5.0,1017.2,66.7,-18.35
2025-03-24 17:48:07.833000+00:00,,,,,358.5,1.25,1.812,23.0,-73.25,-3.0,-24.688,0.0,-0.011,-0.028,-0.59,0.19,9.39,-0.05,0.26,-0.4,0.08,-0.07,9.8,0.06,0.0,0.0,0.0,0.0,5.0,1017.2,66.7,-18.35
2025-03-24 17:48:08.839000+00:00,,,,,358.5,1.25,1.812,23.0,-73.25,-3.0,-24.688,-0.017,0.038,-0.019,-0.59,0.19,9.39,-0.05,0.26,-0.4,0.08,-0.07,9.8,0.06,0.0,0.0,0.0,0.0,5.0,1017.2,66.7,-18.35
2025-03-24 17:48:10.159000+00:00,,,,,358.5,1.25,1.812,23.0,-73.25,-3.0,-24.688,-0.002,0.008,0.038,-0.59,0.19,9.39,-0.05,0.26,-0.4,0.08,-0.07,9.8,0.06,0.0,0.0,0.0,0.0,5.0,1017.2,66.7,-18.35
2025-03-24 17:48:10.842000+00:00,,,,,358.5,1.25,1.812,23.0,-73.25,-3.0,-24.688,-0.003,-0.001,-0.031,-0.59,0.19,9.39,-0.05,0.26,-0.4,0.08,-0.07,9.8,0.06,0.0,0.0,0.0,0.0,5.0,1017.2,66.7,-18.35
2025-03-24 17:48:11.852000+00:00,,,,,358.5,1.25,1.812,23.0,-73.25,-3.0,-24.688,-0.038,-0.008,0.004,-0.59,0.19,9.39,-0.05,0.26,-0.4,0.08,-0.07,9.8,0.06,0.0,0.0,0.0,0.0,5.0,1017.2,66.7,-18.35
2025-03-24 17:48:12.882000+00:00,,,,,358.5,1.25,1.812,23.0,-73.25,-3.0,-24.688,-0.009,0.003,0.023,-0.59,0.19,9.39,-0.05,0.26,-0.4,0.08,-0.07,9.8,0.06,0.0,0.0,0.0,0.0,5.0,1017.2,66.7,-18.35
2025-03-24 17:47:13.375000+00:00,,,,,358.5,1.25,1.812,23.0,-73.25,-3.0,-24.688,-0.009,0.003,0.023,-0.59,0.19,9.39,-0.05,0.26,-0.4,0.08,-0.07,9.8,0.06,0.0,0.0,0.0,0.0,5.0,1017.2,66.7,-18.35
2025-03-24 17:47:14.377000+00:00,,,,,358.5,1.25,1.812,23.0,-73.25,-3.0,-24.688,-0.009,0.003,0.023,0.02,0.19,9.39,-0.05,0.26,-0.4,0.08,-0.07,9.8,0.06,0.0,0.0,0.0,0.0,5.0,1017.2,66.7,-18.35
2025-03-24 17:47:15.390000+00:00,,,,,358.5,1.25,1.812,23.0,-73.25,-3.0,-24.688,-0.009,0.003,0.023,-0.39,0.14,9.94,-0.05,0.26,-0.4,0.08,-0.07,9.8,0.06,0.0,0.0,0.0,0.0,5.0,1017.2,66.7,-18.35
2025-03-24 17:47:16.491000+00:00,,,,,358.5,1.25,1.812,23.0,-73.25,-3.0,-24.688,-0.009,0.003,0.023,-0.81,0.93,9.22,-0.05,0.26,-0.4,0.08,-0.07,9.8,0.06,0.0,0.0,0.0,0.0,5.0,1017.2,66.7,-18.35
2025-03-24 17:47:17.505000+00:00,,,,,358.5,1.25,1.812,23.0,-73.25,-3.0,-24.688,-0.009,0.003,0.023,-0.63,0.01,10.19,-0.05,0.26,-0.4,0.08,-0.07,9.8,0.06,0.0,0.0,0.0,0.0,5.0,1017.2,66.7,-18.35
2025-03-24 17:47:18.630000+00:00,,,,,358.5,1.25,1.812,23.0,-73.25,-3.0,-24.688,-0.009,0.003,0.023,-0.93,0.22,9.25,-0.05,0.26,-0.4,0.08,-0.07,9.8,0.06,0.0,0.0,0.0,0.0,5.0,1017.2,66.7,-18.35
2025-03-24 17:47:19.440000+00:00,,,,,358.5,1.25,1.812,23.0,-73.25,-3.0,-24.688,-0.009,0.003,0.023,-0.82,-0.09,9.33,-0.05,0.26,-0.4,0.08,-0.07,9.8,0.06,0.0,0.0,0.0,0.0,5.0,1017.2,66.7,-18.35
2025-03-24 17:47:20.442000+00:00,,,,,358.5,1.25,1.812,23.0,-73.25,-3.0,-24.688,-0.009,0.003,0.023,-0.76,0.63,8.54,-0.05,0.26,-0.4,0.08,-0.07,9.8,0.06,0.0,0.0,0.0,0.0,5.0,1017.2,66.7,-18.35
2025-03-24 17:47:21.445000+00:00,,,,,358.5,1.25,1.812,23.0,-73.25,-3.0,-24.688,-0.009,0.003,0.023,-0.45,0.19,8.93,-0.05,0.26,-0.4,0.08,-0.07,9.8,0.06,0.0,0.0,0.0,0.0,5.0,1017.2,66.7,-18.35
2025-03-24 17:47:22.452000+00:00,,,,,358.5,1.25,1.812,23.0,-73.25,-3.0,-24.688,-0.009,0.003,0.023,0.79,0.31,9.31,-0.05,0.26,-0.4,0.08,-0.07,9.8,0.06,0.0,0.0,0.0,0.0,5.0,1017.2,66.7,-18.35
2025-03-24 17:47:23.455000+00:00,,,,,358.5,1.25,1.812,23.0,-73.25,-3.0,-24.688,-0.009,0.003,0.023,-0.47,0.46,9.99,-0.05,0.26,-0.4,0.08,-0.07,9.8,0.06,0.0,0.0,0.0,0.0,5.0,1017.2,66.7,-18.35
2025-03-24 17:47:24.489000+00:00,,,,,358.5,1.25,1.812,23.0,-73.25,-3.0,-24.688,-0.009,0.003,0.023,-1.13,-0.32,10.01,-0.05,0.26,-0.4,0.08,-0.07,9.8,0.06,0.0,0.0,0.0,0.0,5.0,1017.2,66.7,-18.35
2025-03-24 17:47:25.536000+00:00,,,,,358.5,1.25,1.812,23.0,-73.25,-3.0,-24.688,-0.009,0.003,0.023,-0.48,0.06,9.86,-0.05,0.26,-0.4,0.08,-0.07,9.8,0.06,0.0,0.0,0.0,0.0,5.0,1017.2,66.7,-18.35
2025-03-24 17:47:26.497000+00:00,,,,,358.5,1.25,1.812,23.0,-73.25,-3.0,-24.688,-0.009,0.003,0.023,-0.03,-0.38,9.46,-0.05,0.26,-0.4,0.08,-0.07,9.8,0.06,0.0,0.0,0.0,0.0,5.0,1017.2,66.7,-18.35
2025-03-24 17:47:27.505000+00:00,,,,,358.5,1.25,1.812,23.0,-73.25,-3.0,-24.688,-0.009,0.003,0.023,-0.05,0.25,9.72,-0.05,0.26,-0.4,0.08,-0.07,9.8,0.06,0.0,0.0,0.0,0.0,5.0,1017.2,66.7,-18.35
2025-03-24 17:47:28.579000+00:00,,,,,358.5,1.25,1.812,23.0,-73.25,-3.0,-24.688,-0.009,0.003,0.023,-0.12,-0.2,9.61,-0.05,0.26,-0.4,0.08,-0.07,9.8,0.06,0.0,0.0,0.0,0.0,5.0,1017.2,66.7,-18.35
2025-03-24 17:47:29.680000+00:00,,,,,358.5,1.25,1.812,23.0,-73.25,-3.0,-24.688,-0.009,0.003,0.023,-0.24,-0.61,9.54,-0.05,0.26,-0.4,0.08,-0.07,9.8,0.06,0.0,0.0,0.0,0.0,5.0,1017.2,66.7,-18.35
2025-03-24 17:47:30.514000+00:00,,,,,358.5,1.25,1.812,23.0,-73.25,-3.0,-24.688,-0.009,0.003,0.023,-0.26,0.05,9.84,-0.05,0.26,-0.4,0.08,-0.07,9.8,0.06,0.0,0.0,0.0,0.0,5.0,1017.2,66.7,-18.35
2025-03-24 17:47:31.824000+00:00,,,,,358.5,1.25,1.812,23.0,-73.25,-3.0,-24.688,-0.009,0.003,0.023,-0.39,0.27,9.6,-0.05,0.26,-0.4,0.08,-0.07,9.8,0.06,0.0,0.0,0.0,0.0,5.0,1017.2,66.7,-18.35
2025-03-24 17:47:32.554000+00:00,,,,,358.5,1.25,1.812,23.0,-73.25,-3.0,-24.688,-0.009,0.003,0.023,-0.2,0.01,9.19,-0.05,0.26,-0.4,0.08,-0.07,9.8,0.06,0.0,0.0,0.0,0.0,5.0,1017.2,66.7,-18.35
2025-03-24 17:47:33.544000+00:00,,,,,358.5,1.25,1.812,23.0,-73.25,-3.0,-24.688,-0.009,0.003,0.023,-1.16,0.74,9.87,-0.05,0.26,-0.4,0.08,-0.07,9.8,0.06,0.0,0.0,0.0,0.0,5.0,1017.2,66.7,-18.35
2025-03-24 17:47:34.740000+00:00,,,,,358.5,1.25,1.812,23.0,-73.25,-3.0,-24.688,-0.009,0.003,0.023,-0.53,0.17,9.38,-0.05,0.26,-0.4,0.08,-0.07,9.8,0.06,0.0,0.0,0.0,0.0,5.0,1017.2,66.7,-18.35
2025-03-24 17:47:35.745000+00:00,,,,,358.5,1.25,1.812,23.0,-73.25,-3.0,-24.688,-0.009,0.003,0.023,-0.36,0.14,9.11,-0.05,0.26,-0.4,0.08,-0.07,9.8,0.06,0.0,0.0,0.0,0.0,5.0,1017.2,66.7,-18.35
2025-03-24 17:47:36.735000+00:00,,,,,358.5,1.25,1.812,23.0,-73.25,-3.0,-24.688,-0.009,0.003,0.023,-0.24,-0.16,9.7,-0.05,0.26,-0.4,0.08,-0.07,9.8,0.06,0.0,0.0,0.0,0.0,5.0,1017.2,66.7,-18.35
2025-03-24 17:47:37.741000+00:00,,,,,358.5,1.25,1.812,23.0,-73.25,-3.0,-24.688,-0.009,0.003,0.023,-1.12,0.41,9.29,-0.05,0.26,-0.4,0.08,-0.07,9.8,0.06,0.0,0.0,0.0,0.0,5.0,1017.2,66.7,-18.35
2025-03-24 17:47:38.754000+00:00,,,,,358.5,1.25,1.812,23.0,-73.25,-3.0,-24.688,-0.009,0.003,0.023,-0.49,0.24,9.35,-0.05,0.26,-0.4,0.08,-0.07,9.8,0.06,0.0,0.0,0.0,0.0,5.0,1017.2,66.7,-18.35
2025-03-24 17:47:39.771000+00:00,,,,,358.5,1.25,1.812,23.0,-73.25,-3.0,-24.688,-0.009,0.003,0.023,-1.06,-0.39,9.64,-0.05,0.26,-0.4,0.08,-0.07,9.8,0.06,0.0,0.0,0.0,0.0,5.0,1017.2,66.7,-18.35
2025-03-24 17:47:40.733000+00:00,,,,,358.5,1.25,1.812,23.0,-73.25,-3.0,-24.688,-0.009,0.003,0.023,-0.06,0.08,9.74,-0.05,0.26,-0.4,0.08,-0.07,9.8,0.06,0.0,0.0,0.0,0.0,5.0,1017.2,66.7,-18.35
2025-03-24 17:47:41.779000+00:00,,,,,358.5,1.25,1.812,23.0,-73.25,-3.0,-24.688,-0.009,0.003,0.023,-0.65,-0.09,9.9,-0.05,0.26,-0.4,0.08,-0.07,9.8,0.06,0.0,0.0,0.0,0.0,5.0,1017.2,66.7,-18.35
2025-03-24 17:47:42.771000+00:00,,,,,358.5,1.25,1.812,23.0,-73.25,-3.0,-24.688,-0.009,0.003,0.023,0.24,0.02,8.97,-0.05,0.26,-0.4,0.08,-0.07,9.8,0.06,0.0,0.0,0.0,0.0,5.0,1017.2,66.7,-18.35
2025-03-24 17:47:43.778000+00:00,,,,,358.5,1.25,1.812,23.0,-73.25,-3.0,-24.688,-0.009,0.003,0.023,-0.56,0.03,9.75,-0.05,0.26,-0.4,0.08,-0.07,9.8,0.06,0.0,0.0,0.0,0.0,5.0,1017.2,66.7,-18.35
2025-03-24 17:47:44.754000+00:00,,,,,358.5,1.25,1.812,23.0,-73.25,-3.0,-24.688,-0.009,0.003,0.023,-0.28,0.47,9.4,-0.05,0.26,-0.4,0.08,-0.07,9.8,0.06,0.0,0.0,0.0,0.0,5.0,1017.2,66.7,-18.35
2025-03-24 17:47:45.884000+00:00,,,,,358.5,1.25,1.812,23.0,-73.25,-3.0,-24.688,-0.009,0.003,0.023,-0.06,-0.39,10.42,-0.05,0.26,-0.4,0.08,-0.07,9.8,0.06,0.0,0.0,0.0,0.0,5.0,1017.2,66.7,-18.35
2025-03-24 17:47:46.870000+00:00,,,,,358.5,1.25,1.812,23.0,-73.25,-3.0,-24.688,-0.009,0.003,0.023,-0.69,0.57,9.44,-0.05,0.26,-0.4,0.08,-0.07,9.8,0.06,0.0,0.0,0.0,0.0,5.0,1017.2,66.7,-18.35
2025-03-24 17:47:47.921000+00:00,,,,,358.5,1.25,1.812,23.0,-73.25,-3.0,-24.688,-0.009,0.003,0.023,-0.22,-0.06,9.46,-0.05,0.26,-0.4,0.08,-0.07,9.8,0.06,0.0,0.0,0.0,0.0,5.0,1017.2,66.7,-18.35
2025-03-24 17:47:48.953000+00:00,,,,,358.5,1.25,1.812,23.0,-73.25,-3.0,-24.688,-0.009,0.003,0.023,-0.22,0.27,9.78,-0.05,0.26,-0.4,0.08,-0.07,9.8,0.06,0.0,0.0,0.0,0.0,5.0,1017.2,66.7,-18.35
2025-03-24 17:47:50.013000+00:00,,,,,358.5,1.25,1.812,23.0,-73.25,-3.0,-24.688,-0.009,0.003,0.023,-0.18,0.16,9.45,-0.05,0.26,-0.4,0.08,-0.07,9.8,0.06,0.0,0.0,0.0,0.0,5.0,1017.2,66.7,-18.35
2025-03-24 17:47:51.045000+00:00,,,,,358.5,1.25,1.812,23.0,-73.25,-3.0,-24.688,-0.009,0.003,0.023,-1.35,0.46,9.61,-0.05,0.26,-0.4,0.08,-0.07,9.8,0.06,0.0,0.0,0.0,0.0,5.0,1017.2,66.7,-18.35
2025-03-24 17:47:52.123000+00:00,,,,,358.5,1.25,1.812,23.0,-73.25,-3.0,-24.688,-0.009,0.003,0.023,-0.39,-0.33,9.5,-0.05,0.26,-0.4,0.08,-0.07,9.8,0.06,0.0,0.0,0.0,0.0,5.0,1017.2,66.7,-18.35
2025-03-24 17:47:52.783000+00:00,,,,,358.5,1.25,1.812,23.0,-73.25,-3.0,-24.688,-0.009,0.003,0.023,-0.84,0.16,9.57,-0.05,0.26,-0.4,0.08,-0.07,9.8,0.06,0.0,0.0,0.0,0.0,5.0,1017.2,66.7,-18.35
2025-03-24 17:47:53.800000+00:00,,,,,358.5,1.25,1.812,23.0,-73.25,-3.0,-24.688,-0.009,0.003,0.023,-0.41,0.11,9.41,-0.05,0.26,-0.4,0.08,-0.07,9.8,0.06,0.0,0.0,0.0,0.0,5.0,1017.2,66.7,-18.35
2025-03-24 17:47:54.800000+00:00,,,,,358.5,1.25,1.812,23.0,-73.25,-3.0,-24.688,-0.009,0.003,0.023,-0.4,0.05,9.95,-0.05,0.26,-0.4,0.08,-0.07,9.8,0.06,0.0,0.0,0.0,0.0,5.0,1017.2,66.7,-18.35
2025-03-24 17:47:55.820000+00:00,,,,,358.5,1.25,1.812,23.0,-73.25,-3.0,-24.688,-0.009,0.003,0.023,-0.11,0.12,9.3,-0.05,0.26,-0.4,0.08,-0.07,9.8,0.06,0.0,0.0,0.0,0.0,5.0,1017.2,66.7,-18.35
2025-03-24 17:47:56.803000+00:00,,,,,358.5,1.25,1.812,23.0,-73.25,-3.0,-24.688,-0.009,0.003,0.023,-0.04,0.38,8.83,-0.05,0.26,-0.4,0.08,-0.07,9.8,0.06,0.0,0.0,0.0,0.0,5.0,1017.2,66.7,-18.35
2025-03-24 17:47:57.903000+00:00,,,,,358.5,1.25,1.812,23.0,-73.25,-3.0,-24.688,-0.009,0.003,0.023,-0.35,0.22,9.43,-0.05,0.26,-0.4,0.08,-0.07,9.8,0.06,0.0,0.0,0.0,0.0,5.0,1017.2,66.7,-18.35
2025-03-24 17:47:58.973000+00:00,,,,,358.5,1.25,1.812,23.0,-73.25,-3.0,-24.688,-0.009,0.003,0.023,-0.02,0.66,9.72,-0.05,0.26,-0.4,0.08,-0.07,9.8,0.06,0.0,0.0,0.0,0.0,5.0,1017.2,66.7,-18.35
2025-03-24 17:48:00.014000+00:00,,,,,358.5,1.25,1.812,23.0,-73.25,-3.0,-24.688,-0.009,0.003,0.023,-0.29,-0.03,9.48,-0.05,0.26,-0.4,0.08,-0.07,9.8,0.06,0.0,0.0,0.0,0.0,5.0,1017.2,66.7,-18.35
2025-03-24 17:48:01.137000+00:00,,,,,358.5,1.25,1.812,23.0,-73.25,-3.0,-24.688,-0.009,0.003,0.023,-0.61,0.27,9.57,-0.05,0.26,-0.4,0.08,-0.07,9.8,0.06,0.0,0.0,0.0,0.0,5.0,1017.2,66.7,-18.35
2025-03-24 17:48:01.823000+00:00,,,,,358.5,1.25,1.812,23.0,-73.25,-3.0,-24.688,-0.009,0.003,0.023,-0.39,0.46,9.54,-0.05,0.26,-0.4,0.08,-0.07,9.8,0.06,0.0,0.0,0.0,0.0,5.0,1017.2,66.7,-18.35
2025-03-24 17:48:02.852000+00:00,,,,,358.5,1.25,1.812,23.0,-73.25,-3.0,-24.688,-0.009,0.003,0.023,0.14,0.48,9.92,-0.05,0.26,-0.4,0.08,-0.07,9.8,0.06,0.0,0.0,0.0,0.0,5.0,1017.2,66.7,-18.35
2025-03-24 17:48:03.830000+00:00,,,,,358.5,1.25,1.812,23.0,-73.25,-3.0,-24.688,-0.009,0.003,0.023,-0.11,0.08,9.66,-0.05,0.26,-0.4,0.08,-0.07,9.8,0.06,0.0,0.0,0.0,0.0,5.0,1017.2,66.7,-18.35
2025-03-24 17:48:04.833000+00:00,,,,,358.5,1.25,1.812,23.0,-73.25,-3.0,-24.688,-0.009,0.003,0.023,-0.94,-0.17,9.47,-0.05,0.26,-0.4,0.08,-0.07,9.8,0.06,0.0,0.0,0.0,0.0,5.0,1017.2,66.7,-18.35
2025-03-24 17:48:05.870000+00:00,,,,,358.5,1.25,1.812,23.0,-73.25,-3.0,-24.688,-0.009,0.003,0.023,-0.63,-0.09,9.5,-0.05,0.26,-0.4,0.08,-0.07,9.8,0.06,0.0,0.0,0.0,0.0,5.0,1017.2,66.7,-18.35
2025-03-24 17:48:06.863000+00:00,,,,,358.5,1.25,1.812,23.0,-73.25,-3.0,-24.688,-0.009,0.003,0.023,-1.14,1.14,9.24,-0.05,0.26,-0.4,0.08,-0.07,9.8,0.06,0.0,0.0,0.0,0.0,5.0,1017.2,66.7,-18.35
2025-03-24 17:48:07.882000+00:00,,,,,358.5,1.25,1.812,23.0,-73.25,-3.0,-24.688,-0.009,0.003,0.023,-0.66,0.28,9.8,-0.05,0.26,-0.4,0.08,-0.07,9.8,0.06,0.0,0.0,0.0,0.0,5.0,1017.2,66.7,-18.35
2025-03-24 17:48:08.893000+00:00,,,,,358.5,1.25,1.812,23.0,-73.25,-3.0,-24.688,-0.009,0.003,0.023,-0.48,0.51,8.96,-0.05,0.26,-0.4,0.08,-0.07,9.8,0.06,0.0,0.0,0.0,0.0,5.0,1017.2,66.7,-18.35
2025-03-24 17:48:10.212000+00:00,,,,,358.5,1.25,1.812,23.0,-73.25,-3.0,-24.688,-0.009,0.003,0.023,-0.78,0.5,9.52,-0.05,0.26,-0.4,0.08,-0.07,9.8,0.06,0.0,0.0,0.0,0.0,5.0,1017.2,66.7,-18.35
2025-03-24 17:48:10.892000+00:00,,,,,358.5,1.25,1.812,23.0,-73.25,-3.0,-24.688,-0.009,0.003,0.023,-0.77,0.06,9.09,-0.05,0.26,-0.4,0.08,-0.07,9.8,0.06,0.0,0.0,0.0,0.0,5.0,1017.2,66.7,-18.35
2025-03-24 17:48:11.913000+00:00,,,,,358.5,1.25,1.812,23.0,-73.25,-3.0,-24.688,-0.009,0.003,0.023,-0.54,-0.13,9.61,-0.05,0.26,-0.4,0.08,-0.07,9.8,0.06,0.0,0.0,0.0,0.0,5.0,1017.2,66.7,-18.35
2025-03-24 17:48:12.949000+00:00,,,,,358.5,1.25,1.812,23.0,-73.25,-3.0,-24.688,-0.009,0.003,0.023,-0.72,0.52,9.56,-0.05,0.26,-0.4,0.08,-0.07,9.8,0.06,0.0,0.0,0.0,0.0,5.0,1017.2,66.7,-18.35
2025-03-24 17:47:14.425000+00:00,,,,,358.5,1.25,1.812,23.0,-73.25,-3.0,-24.688,-0.009,0.003,0.023,-0.72,0.52,9.56,-0.05,0.26,-0.4,0.08,-0.07,9.8,0.06,0.0,0.0,0.0,0.0,5.0,1017.2,66.7,-18.35
2025-03-24 17:47:15.442000+00:00,,,,,358.5,1.25,1.812,23.0,-73.25,-3.0,-24.688,-0.009,0.003,0.023,-0.72,0.52,9.56,-0.47,0.23,0.13,0.08,-0.07,9.8,0.06,0.0,0.0,0.0,0.0,5.0,1017.2,66.7,-18.35
2025-03-24 17:47:16.547000+00:00,,,,,358.5,1.25,1.812,23.0,-73.25,-3.0,-24.688,-0.009,0.003,0.023,-0.72,0.52,9.56,-0.9,1.04,-0.58,0.08,-0.07,9.8,0.06,0.0,0.0,0.0,0.0,5.0,1017.2,66.7,-18.35
2025-03-24 17:47:17.560000+00:00,,,,,358.5,1.25,1.812,23.0,-73.25,-3.0,-24.688,-0.009,0.003,0.023,-0.72,0.52,9.56,-0.7,0.12,0.39,0.08,-0.07,9.8,0.06,0.0,0.0,0.0,0.0,5.0,1017.2,66.7,-18.35
2025-03-24 17:47:18.680000+00:00,,,,,358.5,1.25,1.812,23.0,-73.25,-3.0,-24.688,-0.009,0.003,0.023,-0.72,0.52,9.56,-1.02,0.35,-0.54,0.08,-0.07,9.8,0.06,0.0,0.0,0.0,0.0,5.0,1017.2,66.7,-18.35
2025-03-24 17:47:19.486000+00:00,,,,,358.5,1.25,1.812,23.0,-73.25,-3.0,-24.688,-0.009,0.003,0.023,-0.72,0.52,9.56,-0.92,0.04,-0.47,0.08,-0.07,9.8,0.06,0.0,0.0,0.0,0.0,5.0,1017.2,66.7,-18.35
2025-03-24 17:47:20.502000+00:00,,,,,358.5,1.25,1.812,23.0,-73.25,-3.0,-24.688,-0.009,0.003,0.023,-0.72,0.52,9.56,-0.83,0.79,-1.25,0.08,-0.07,9.8,0.06,0.0,0.0,0.0,0.0,5.0,1017.2,66.7,-18.35
2025-03-24 17:47:21.495000+00:00,,,,,358.5,1.25,1.812,23.0,-73.25,-3.0,-24.688,-0.009,0.003,0.023,-0.72,0.52,9.56,-0.51,0.31,-0.87,0.08,-0.07,9.8,0.06,0.0,0.0,0.0,0.0,5.0,1017.2,66.7,-18.35
2025-03-24 17:47:22.506000+00:00,,,,,358.5,1.25,1.812,23.0,-73.25,-3.0,-24.688,-0.009,0.003,0.023,-0.72,0.52,9.56,0.75,0.44,-0.49,0.08,-0.07,9.8,0.06,0.0,0.0,0.0,0.0,5.0,1017.2,66.7,-18.35
2025-03-24 17:47:23.505000+00:00,,,,,358.5,1.25,1.812,23.0,-73.25,-3.0,-24.688,-0.009,0.003,0.023,-0.72,0.52,9.56,-0.53,0.61,0.18,0.08,-0.07,9.8,0.06,0.0,0.0,0.0,0.0,5.0,1017.2,66.7,-18.35
2025-03-24 17:47:24.535000+00:00,,,,,358.5,1.25,1.812,23.0,-73.25,-3.0,-24.688,-0.009,0.003,0.023,-0.72,0.52,9.56,-1.22,-0.15,0.21,0.08,-0.07,9.8,0.06,0.0,0.0,0.0,0.0,5.0,1017.2,66.7,-18.35
2025-03-24 17:47:25.590000+00:00,,,,,358.5,1.25,1.812,23.0,-73.25,-3.0,-24.688,-0.009,0.003,0.023,-0.72,0.52,9.56,-0.55,0.22,0.06,0.08,-0.07,9.8,0.06,0.0,0.0,0.0,0.0,5.0,1017.2,66.7,-18.35
2025-03-24 17:47:26.544000+00:00,,,,,358.5,1.25,1.812,23.0,-73.25,-3.0,-24.688,-0.009,0.003,0.023,-0.72,0.52,9.56,-0.13,-0.19,-0.34,0.08,-0.07,9.8,0.06,0.0,0.0,0.0,0.0,5.0,1017.2,66.7,-18.35
2025-03-24 17:47:27.554000+00:00,,,,,358.5,1.25,1.812,23.0,-73.25,-3.0,-24.688,-0.009,0.003,0.023,-0.72,0.52,9.56,-0.13,0.45,-0.08,0.08,-0.07,9.8,0.06,0.0,0.0,0.0,0.0,5.0,1017.2,66.7,-18.35
2025-03-24 17:47:28.624000+00:00,,,,,358.5,1.25,1.812,23.0,-73.25,-3.0,-24.688,-0.009,0.003,0.023,-0.72,0.52,9.56,-0.21,0.01,-0.18,0.08,-0.07,9.8,0.06,0.0,0.0,0.0,0.0,5.0,1017.2,66.7,-18.35
2025-03-24 17:47:29.725000+00:00,,,,,358.5,1.25,1.812,23.0,-73.25,-3.0,-24.688,-0.009,0.003,0.023,-0.72,0.52,9.56,-0.35,-0.39,-0.26,0.08,-0.07,9.8,0.06,0.0,0.0,0.0,0.0,5.0,1017.2,66.7,-18.35
2025-03-24 17:47:30.572000+00:00,,,,,358.5,1.25,1.812,23.0,-73.25,-3.0,-24.688,-0.009,0.003,0.023,-0.72,0.52,9.56,-0.4,0.27,0.03,0.08,-0.07,9.8,0.06,0.0,0.0,0.0,0.0,5.0,1017.2,66.7,-18.35
2025-03-24 17:47:31.881000+00:00,,,,,358.5,1.25,1.812,23.0,-73.25,-3.0,-24.688,-0.009,0.003,0.023,-0.72,0.52,9.56,-0.55,0.51,-0.19,0.08,-0.07,9.8,0.06,0.0,0.0,0.0,0.0,5.0,1017.2,66.7,-18.35
2025-03-24 17:47:32.611000+00:00,,,,,358.5,1.25,1.812,23.0,-73.25,-3.0,-24.688,-0.009,0.003,0.023,-0.72,0.52,9.56,-0.4,0.28,-0.6,0.08,-0.07,9.8,0.06,0.0,0.0,0.0,0.0,5.0,1017.2,66.7,-18.35
2025-03-24 17:47:33.594000+00:00,,,,,358.5,1.25,1.812,23.0,-73.25,-3.0,-24.688,-0.009,0.003,0.023,-0.72,0.52,9.56,-1.33,0.98,0.07,0.08,-0.07,9.8,0.06,0.0,0.0,0.0,0.0,5.0,1017.2,66.7,-18.35
2025-03-24 17:47:34.801000+00:00,,,,,358.5,1.25,1.812,23.0,-73.25,-3.0,-24.688,-0.009,0.003,0.023,-0.72,0.52,9.56,-0.73,0.43,-0.42,0.08,-0.07,9.8,0.06,0.0,0.0,0.0,0.0,5.0,1017.2,66.7,-18.35
2025-03-24 17:47:35.800000+00:00,,,,,358.5,1.25,1.812,23.0,-73.25,-3.0,-24.688,-0.009,0.003,0.023,-0.72,0.52,9.56,-0.59,0.42,-0.68,0.08,-0.07,9.8,0.06,0.0,0.0,0.0,0.0,5.0,1017.2,66.7,-18.35
2025-03-24 17:47:36.791000+00:00,,,,,358.5,1.25,1.812,23.0,-73.25,-3.0,-24.688,-0.009,0.003,0.023,-0.72,0.52,9.56,-0.47,0.13,-0.09,0.08,-0.07,9.8,0.06,0.0,0.0,0.0,0.0,5.0,1017.2,66.7,-18.35
2025-03-24 17:47:37.795000+00:00,,,,,358.5,1.25,1.812,23.0,-73.25,-3.0,-24.688,-0.009,0.003,0.023,-0.72,0.52,9.56,-1.33,0.68,-0.5,0.08,-0.07,9.8,0.06,0.0,0.0,0.0,0.0,5.0,1017.2,66.7,-18.35
2025-03-24 17:47:38.811000+00:00,,,,,358.5,1.25,1.812,23.0,-73.25,-3.0,-24.688,-0.009,0.003,0.023,-0.72,0.52,9.56,-0.69,0.51,-0.44,0.08,-0.07,9.8,0.06,0.0,0.0,0.0,0.0,5.0,1017.2,66.7,-18.35
2025-03-24 17:47:39.831000+00:00,,,,,358.5,1.25,1.812,23.0,-73.25,-3.0,-24.688,-0.009,0.003,0.023,-0.72,0.52,9.56,-0.25,-0.46,0.08,0.08,-0.07,9.8,0.06,0.0,0.0,0.0,0.0,5.0,1017.2,66.7,-18.35
2025-03-24 17:47:40.783000+00:00,,,,,358.5,1.25,1.812,23.0,-73.25,-3.0,-24.688,-0.009,0.003,0.023,-0.72,0.52,9.56,-0.28,0.34,-0.05,0.08,-0.07,9.8,0.06,0.0,0.0,0.0,0.0,5.0,1017.2,66.7,-18.35
2025-03-24 17:47:41.834000+00:00,,,,,358.5,1.25,1.812,23.0,-73.25,-3.0,-24.688,-0.009,0.003,0.023,-0.72,0.52,9.56,-0.85,0.16,0.1,0.08,-0.07,9.8,0.06,0.0,0.0,0.0,0.0,5.0,1017.2,66.7,-18.35
2025-03-24 17:47:42.834000+00:00,,,,,358.5,1.25,1.812,23.0,-73.25,-3.0,-24.688,-0.009,0.003,0.023,-0.72,0.52,9.56,0.09,0.25,-0.82,0.08,-0.07,9.8,0.06,0.0,0.0,0.0,0.0,5.0,1017.2,66.7,-18.35
2025-03-24 17:47:43.823000+00:00,,,,,358.5,1.25,1.812,23.0,-73.25,-3.0,-24.688,-0.009,0.003,0.023,-0.72,0.52,9.56,-0.67,0.23,-0.05,0.08,-0.07,9.8,0.06,0.0,0.0,0.0,0.0,5.0,1017.2,66.7,-18.35
2025-03-24 17:47:44.808000+00:00,,,,,358.5,1.25,1.812,23.0,-73.25,-3.0,-24.688,-0.009,0.003,0.023,-0.72,0.52,9.56,-0.38,0.68,-0.39,0.08,-0.07,9.8,0.06,0.0,0.0,0.0,0.0,5.0,1017.2,66.7,-18.35
2025-03-24 17:47:45.940000+00:00,,,,,358.5,1.25,1.812,23.0,-73.25,-3.0,-24.688,-0.009,0.003,0.023,-0.72,0.52,9.56,-0.14,-0.17,0.62,0.08,-0.07,9.8,0.06,0.0,0.0,0.0,0.0,5.0,1017.2,66.7,-18.35
2025-03-24 17:47:46.927000+00:00,,,,,358.5,1.25,1.812,23.0,-73.25,-3.0,-24.688,-0.009,0.003,0.023,-0.72,0.52,9.56,-0.78,0.77,-0.36,0.08,-0.07,9.8,0.06,0.0,0.0,0.0,0.0,5.0,1017.2,66.7,-18.35
2025-03-24 17:47:47.974000+00:00,,,,,358.5,1.25,1.812,23.0,-73.25,-3.0,-24.688,-0.009,0.003,0.023,-0.72,0.52,9.56,-0.3,0.14,-0.34,0.08,-0.07,9.8,0.06,0.0,0.0,0.0,0.0,5.0,1017.2,66.7,-18.35
2025-03-24 17:47:49.010000+00:00,,,,,358.5,1.25,1.812,23.0,-73.25,-3.0,-24.688,-0.009,0.003,0.023,-0.72,0.52,9.56,-0.25,0.44,-0.01,0.08,-0.07,9.8,0.06,0.0,0.0,0.0,0.0,5.0,1017.2,66.7,-18.35
2025-03-24 17:47:50.071000+00:00,,,,,358.5,1.25,1.812,23.0,-73.25,-3.0,-24.688,-0.009,0.003,0.023,-0.72,0.52,9.56,-0.23,0.35,-0.35,0.08,-0.07,9.8,0.06,0.0,0.0,0.0,0.0,5.0,1017.2,66.7,-18.35
2025-03-24 17:47:51.100000+00:00,,,,,358.5,1.25,1.812,23.0,-73.25,-3.0,-24.688,-0.009,0.003,0.023,-0.72,0.52,9.56,-1.42,0.66,-0.18,0.08,-0.07,9.8,0.06,0.0,0.0,0.0,0.0,5.0,1017.2,66.7,-18.35
2025-03-24 17:47:52.173000+00:00,,,,,358.5,1.25,1.812,23.0,-73.25,-3.0,-24.688,-0.009,0.003,0.023,-0.72,0.52,9.56,-0.44,-0.19,-0.3,0.08,-0.07,9.8,0.06,0.0,0.0,0.0,0.0,5.0,1017.2,66.7,-18.35
2025-03-24 17:47:52.834000+00:00,,,,,358.5,1.25,1.812,23.0,-73.25,-3.0,-24.688,-0.009,0.003,0.023,-0.72,0.52,9.56,-0.9,0.32,-0.23,0.08,-0.07,9.8,0.06,0.0,0.0,0.0,0.0,5.0,1017.2,66.7,-18.35
2025-03-24 17:47:53.856000+00:00,,,,,358.5,1.25,1.812,23.0,-73.25,-3.0,-24.688,-0.009,0.003,0.023,-0.72,0.52,9.56,-0.49,0.28,-0.39,0.08,-0.07,9.8,0.06,0.0,0.0,0.0,0.0,5.0,1017.2,66.7,-18.35
2025-03-24 17:47:54.859000+00:00,,,,,358.5,1.25,1.812,23.0,-73.25,-3.0,-24.688,-0.009,0.003,0.023,-0.72,0.52,9.56,-0.52,0.24,0.15,0.08,-0.07,9.8,0.06,0.0,0.0,0.0,0.0,5.0,1017.2,66.7,-18.35
2025-03-24 17:47:55.878000+00:00,,,,,358.5,1.25,1.812,23.0,-73.25,-3.0,-24.688,-0.009,0.003,0.023,-0.72,0.52,9.56,-0.25,0.32,-0.49,0.08,-0.07,9.8,0.06,0.0,0.0,0.0,0.0,5.0,1017.2,66.7,-18.35
2025-03-24 17:47:56.857000+00:00,,,,,358.5,1.25,1.812,23.0,-73.25,-3.0,-24.688,-0.009,0.003,0.023,-0.72,0.52,9.56,-0.18,0.58,-0.96,0.08,-0.07,9.8,0.06,0.0,0.0,0.0,0.0,5.0,1017.2,66.7,-18.35
2025-03-24 17:47:57.953000+00:00,,,,,358.5,1.25,1.812,23.0,-73.25,-3.0,-24.688,-0.009,0.003,0.023,-0.72,0.52,9.56,-0.43,0.38,-0.36,0.08,-0.07,9.8,0.06,0.0,0.0,0.0,0.0,5.0,1017.2,66.7,-18.35
2025-03-24 17:47:59.023000+00:00,,,,,358.5,1.25,1.812,23.0,-73.25,-3.0,-24.688,-0.009,0.003,0.023,-0.72,0.52,9.56,0.0,0.71,-0.68,0.08,-0.07,9.8,0.06,0.0,0.0,0.0,0.0,5.0,1017.2,66.7,-18.35
2025-03-24 17:48:00.063000+00:00,,,,,358.5,1.25,1.812,23.0,-73.25,-3.0,-24.688,-0.009,0.003,0.023,-0.72,0.52,9.56,-0.02,0.18,-0.23,0.08,-0.07,9.8,0.06,0.0,0.0,0.0,0.0,5.0,1017.2,66.7,-18.35
2025-03-24 17:48:01.190000+00:00,,,,,358.5,1.25,1.812,23.0,-73.25,-3.0,-24.688,-0.009,0.003,0.023,-0.72,0.52,9.56,-0.27,0.0,-0.28,0.08,-0.07,9.8,0.06,0.0,0.0,0.0,0.0,5.0,1017.2,66.7,-18.35
2025-03-24 17:48:02.199000+00:00,,,,,358.5,1.25,1.812,23.0,-73.25,-3.0,-24.688,-0.009,0.003,0.023,-0.72,0.52,9.56,-0.52,0.65,-0.26,0.08,-0.07,9.8,0.06,0.0,0.0,0.0,0.0,5.0,1017.2,66.7,-18.35
2025-03-24 17:48:02.902000+00:00,,,,,358.5,1.25,1.812,23.0,-73.25,-3.0,-24.688,-0.009,0.003,0.023,-0.72,0.52,9.56,0.01,0.68,0.12,0.08,-0.07,9.8,0.06,0.0,0.0,0.0,0.0,5.0,1017.2,66.7,-18.35
2025-03-24 17:48:03.888000+00:00,,,,,358.5,1.25,1.812,23.0,-73.25,-3.0,-24.688,-0.009,0.003,0.023,-0.72,0.52,9.56,-0.25,0.31,-0.13,0.08,-0.07,9.8,0.06,0.0,0.0,0.0,0.0,5.0,1017.2,66.7,-18.35
2025-03-24 17:48:04.890000+00:00,,,,,358.5,1.25,1.812,23.0,-73.25,-3.0,-24.688,-0.009,0.003,0.023,-0.72,0.52,9.56,-1.09,0.06,-0.32,0.08,-0.07,9.8,0.06,0.0,0.0,0.0,0.0,5.0,1017.2,66.7,-18.35
2025-03-24 17:48:05.922000+00:00,,,,,358.5,1.25,1.812,23.0,-73.25,-3.0,-24.688,-0.009,0.003,0.023,-0.72,0.52,9.56,-0.8,0.15,-0.29,0.08,-0.07,9.8,0.06,0.0,0.0,0.0,0.0,5.0,1017.2,66.7,-18.35
2025-03-24 17:48:06.921000+00:00,,,,,358.5,1.25,1.812,23.0,-73.25,-3.0,-24.688,-0.009,0.003,0.023,-0.72,0.52,9.56,-1.32,1.39,-0.56,0.08,-0.07,9.8,0.06,0.0,0.0,0.0,0.0,5.0,1017.2,66.7,-18.35
2025-03-24 17:48:07.939000+00:00,,,,,358.5,1.25,1.812,23.0,-73.25,-3.0,-24.688,-0.009,0.003,0.023,-0.72,0.52,9.56,-0.86,0.53,0.0,0.08,-0.07,9.8,0.06,0.0,0.0,0.0,0.0,5.0,1017.2,66.7,-18.35
2025-03-24 17:48:08.949000+00:00,,,,,358.5,1.25,1.812,23.0,-73.25,-3.0,-24.688,-0.009,0.003,0.023,-0.72,0.52,9.56,-1.24,0.41,0.0,0.08,-0.07,9.8,0.06,0.0,0.0,0.0,0.0,5.0,1017.2,66.7,-18.35
2025-03-24 17:48:10.262000+00:00,,,,,358.5,1.25,1.812,23.0,-73.25,-3.0,-24.688,-0.009,0.003,0.023,-0.72,0.52,9.56,-1.0,0.78,-0.27,0.08,-0.07,9.8,0.06,0.0,0.0,0.0,0.0,5.0,1017.2,66.7,-18.35
2025-03-24 17:48:10.952000+00:00,,,,,358.5,1.25,1.812,23.0,-73.25,-3.0,-24.688,-0.009,0.003,0.023,-0.72,0.52,9.56,-0.98,0.35,-0.7,0.08,-0.07,9.8,0.06,0.0,0.0,0.0,0.0,5.0,1017.2,66.7,-18.35
2025-03-24 17:48:11.962000+00:00,,,,,358.5,1.25,1.812,23.0,-73.25,-3.0,-24.688,-0.009,0.003,0.023,-0.72,0.52,9.56,-0.77,0.17,-0.17,0.08,-0.07,9.8,0.06,0.0,0.0,0.0,0.0,5.0,1017.2,66.7,-18.35
2025-03-24 17:48:13.002000+00:00,,,,,358.5,1.25,1.812,23.0,-73.25,-3.0,-24.688,-0.009,0.003,0.023,-0.72,0.52,9.56,-0.94,0.84,-0.23,0.08,-0.07,9.8,0.06,0.0,0.0,0.0,0.0,5.0,1017.2,66.7,-18.35
2025-03-24 17:47:14.482000+00:00,,,,,358.5,1.25,1.812,23.0,-73.25,-3.0,-24.688,-0.009,0.003,0.023,-0.72,0.52,9.56,-0.94,0.84,-0.23,0.08,-0.07,9.8,0.06,0.0,0.0,0.0,0.0,5.0,1017.2,66.7,-18.35
2025-03-24 17:47:15.496000+00:00,,,,,358.5,1.25,1.812,23.0,-73.25,-3.0,-24.688,-0.009,0.003,0.023,-0.72,0.52,9.56,-0.94,0.84,-0.23,0.08,-0.09,9.8,0.06,0.0,0.0,0.0,0.0,5.0,1017.2,66.7,-18.35
2025-03-24 17:47:16.594000+00:00,,,,,358.5,1.25,1.812,23.0,-73.25,-3.0,-24.688,-0.009,0.003,0.023,-0.72,0.52,9.56,-0.94,0.84,-0.23,0.08,-0.1,9.8,0.06,0.0,0.0,0.0,0.0,5.0,1017.2,66.7,-18.35
2025-03-24 17:47:17.612000+00:00,,,,,358.5,1.25,1.812,23.0,-73.25,-3.0,-24.688,-0.009,0.003,0.023,-0.72,0.52,9.56,-0.94,0.84,-0.23,0.07,-0.1,9.8,0.06,0.0,0.0,0.0,0.0,5.0,1017.2,66.7,-18.35
2025-03-24 17:47:18.725000+00:00,,,,,358.5,1.25,1.812,23.0,-73.25,-3.0,-24.688,-0.009,0.003,0.023,-0.72,0.52,9.56,-0.94,0.84,-0.23,0.09,-0.13,9.8,0.06,0.0,0.0,0.0,0.0,5.0,1017.2,66.7,-18.35
2025-03-24 17:47:19.535000+00:00,,,,,358.5,1.25,1.812,23.0,-73.25,-3.0,-24.688,-0.009,0.003,0.023,-0.72,0.52,9.56,-0.94,0.84,-0.23,0.09,-0.14,9.8,0.06,0.0,0.0,0.0,0.0,5.0,1017.2,66.7,-18.35
2025-03-24 17:47:20.555000+00:00,,,,,358.5,1.25,1.812,23.0,-73.25,-3.0,-24.688,-0.009,0.003,0.023,-0.72,0.52,9.56,-0.94,0.84,-0.23,0.07,-0.15,9.8,0.06,0.0,0.0,0.0,0.0,5.0,1017.2,66.7,-18.35
2025-03-24 17:47:21.546000+00:00,,,,,358.5,1.25,1.812,23.0,-73.25,-3.0,-24.688,-0.009,0.003,0.023,-0.72,0.52,9.56,-0.94,0.84,-0.23,0.06,-0.11,9.8,0.06,0.0,0.0,0.0,0.0,5.0,1017.2,66.7,-18.35
2025-03-24 17:47:22.555000+00:00,,,,,358.5,1.25,1.812,23.0,-73.25,-3.0,-24.688,-0.009,0.003,0.023,-0.72,0.52,9.56,-0.94,0.84,-0.23,0.04,-0.12,9.8,0.06,0.0,0.0,0.0,0.0,5.0,1017.2,66.7,-18.35
2025-03-24 17:47:23.566000+00:00,,,,,358.5,1.25,1.812,23.0,-73.25,-3.0,-24.688,-0.009,0.003,0.023,-0.72,0.52,9.56,-0.94,0.84,-0.23,0.06,-0.14,9.8,0.06,0.0,0.0,0.0,0.0,5.0,1017.2,66.7,-18.35
2025-03-24 17:47:24.588000+00:00,,,,,358.5,1.25,1.812,23.0,-73.25,-3.0,-24.688,-0.009,0.003,0.023,-0.72,0.52,9.56,-0.94,0.84,-0.23,0.08,-0.16,9.8,0.06,0.0,0.0,0.0,0.0,5.0,1017.2,66.7,-18.35
2025-03-24 17:47:25.648000+00:00,,,,,358.5,1.25,1.812,23.0,-73.25,-3.0,-24.688,-0.009,0.003,0.023,-0.72,0.52,9.56,-0.94,0.84,-0.23,0.06,-0.16,9.8,0.06,0.0,0.0,0.0,0.0,5.0,1017.2,66.7,-18.35
2025-03-24 17:47:26.602000+00:00,,,,,358.5,1.25,1.812,23.0,-73.25,-3.0,-24.688,-0.009,0.003,0.023,-0.72,0.52,9.56,-0.94,0.84,-0.23,0.09,-0.19,9.8,0.06,0.0,0.0,0.0,0.0,5.0,1017.2,66.7,-18.35
2025-03-24 17:47:27.605000+00:00,,,,,358.5,1.25,1.812,23.0,-73.25,-3.0,-24.688,-0.009,0.003,0.023,-0.72,0.52,9.56,-0.94,0.84,-0.23,0.08,-0.19,9.8,0.06,0.0,0.0,0.0,0.0,5.0,1017.2,66.7,-18.35
2025-03-24 17:47:28.681000+00:00,,,,,358.5,1.25,1.812,23.0,-73.25,-3.0,-24.688,-0.009,0.003,0.023,-0.72,0.52,9.56,-0.94,0.84,-0.23,0.08,-0.21,9.8,0.06,0.0,0.0,0.0,0.0,5.0,1017.2,66.7,-18.35
2025-03-24 17:47:29.774000+00:00,,,,,358.5,1.25,1.812,23.0,-73.25,-3.0,-24.688,-0.009,0.003,0.023,-0.72,0.52,9.56,-0.94,0.84,-0.23,0.11,-0.22,9.8,0.06,0.0,0.0,0.0,0.0,5.0,1017.2,66.7,-18.35
2025-03-24 17:47:30.631000+00:00,,,,,358.5,1.25,1.812,23.0,-73.25,-3.0,-24.688,-0.009,0.003,0.023,-0.72,0.52,9.56,-0.94,0.84,-0.23,0.13,-0.22,9.8,0.06,0.0,0.0,0.0,0.0,5.0,1017.2,66.7,-18.35
2025-03-24 17:47:31.935000+00:00,,,,,358.5,1.25,1.812,23.0,-73.25,-3.0,-24.688,-0.009,0.003,0.023,-0.72,0.52,9.56,-0.94,0.84,-0.23,0.15,-0.24,9.8,0.06,0.0,0.0,0.0,0.0,5.0,1017.2,66.7,-18.35
2025-03-24 17:47:32.670000+00:00,,,,,358.5,1.25,1.812,23.0,-73.25,-3.0,-24.688,-0.009,0.003,0.023,-0.72,0.52,9.56,-0.94,0.84,-0.23,0.19,-0.26,9.8,0.06,0.0,0.0,0.0,0.0,5.0,1017.2,66.7,-18.35
2025-03-24 17:47:33.651000+00:00,,,,,358.5,1.25,1.812,23.0,-73.25,-3.0,-24.688,-0.009,0.003,0.023,-0.72,0.52,9.56,-0.94,0.84,-0.23,0.16,-0.23,9.8,0.06,0.0,0.0,0.0,0.0,5.0,1017.2,66.7,-18.35
2025-03-24 17:47:34.862000+00:00,,,,,358.5,1.25,1.812,23.0,-73.25,-3.0,-24.688,-0.009,0.003,0.023,-0.72,0.52,9.56,-0.94,0.84,-0.23,0.2,-0.26,9.8,0.06,0.0,0.0,0.0,0.0,5.0,1017.2,66.7,-18.35
2025-03-24 17:47:35.844000+00:00,,,,,358.5,1.25,1.812,23.0,-73.25,-3.0,-24.688,-0.009,0.003,0.023,-0.72,0.52,9.56,-0.94,0.84,-0.23,0.22,-0.27,9.8,0.06,0.0,0.0,0.0,0.0,5.0,1017.2,66.7,-18.35
2025-03-24 17:47:36.846000+00:00,,,,,358.5,1.25,1.812,23.0,-73.25,-3.0,-24.688,-0.009,0.003,0.023,-0.72,0.52,9.56,-0.94,0.84,-0.23,0.23,-0.3,9.79,0.06,0.0,0.0,0.0,0.0,5.0,1017.2,66.7,-18.35
2025-03-24 17:47:37.844000+00:00,,,,,358.5,1.25,1.812,23.0,-73.25,-3.0,-24.688,-0.009,0.003,0.023,-0.72,0.52,9.56,-0.94,0.84,-0.23,0.21,-0.27,9.8,0.06,0.0,0.0,0.0,0.0,5.0,1017.2,66.7,-18.35
2025-03-24 17:47:38.867000+00:00,,,,,358.5,1.25,1.812,23.0,-73.25,-3.0,-24.688,-0.009,0.003,0.023,-0.72,0.52,9.56,-0.94,0.84,-0.23,0.19,-0.26,9.8,0.06,0.0,0.0,0.0,0.0,5.0,1017.2,66.7,-18.35
2025-03-24 17:47:39.888000+00:00,,,,,358.5,1.25,1.812,23.0,-73.25,-3.0,-24.688,-0.009,0.003,0.023,-0.72,0.52,9.56,-0.94,0.84,-0.23,0.22,-0.27,9.8,0.06,0.0,0.0,0.0,0.0,5.0,1017.2,66.7,-18.35
2025-03-24 17:47:40.833000+00:00,,,,,358.5,1.25,1.812,23.0,-73.25,-3.0,-24.688,-0.009,0.003,0.023,-0.72,0.52,9.56,-0.94,0.84,-0.23,0.21,-0.26,9.8,0.06,0.0,0.0,0.0,0.0,5.0,1017.2,66.7,-18.35
2025-03-24 17:47:41.890000+00:00,,,,,358.5,1.25,1.812,23.0,-73.25,-3.0,-24.688,-0.009,0.003,0.023,-0.72,0.52,9.56,-0.94,0.84,-0.23,0.2,-0.26,9.8,0.06,0.0,0.0,0.0,0.0,5.0,1017.2,66.7,-18.35
2025-03-24 17:47:42.884000+00:00,,,,,358.5,1.25,1.812,23.0,-73.25,-3.0,-24.688,-0.009,0.003,0.023,-0.72,0.52,9.56,-0.94,0.84,-0.23,0.15,-0.23,9.8,0.06,0.0,0.0,0.0,0.0,5.0,1017.2,66.7,-18.35
2025-03-24 17:47:43.880000+00:00,,,,,358.5,1.25,1.812,23.0,-73.25,-3.0,-24.688,-0.009,0.003,0.023,-0.72,0.52,9.56,-0.94,0.84,-0.23,0.1,-0.19,9.8,0.06,0.0,0.0,0.0,0.0,5.0,1017.2,66.7,-18.35
2025-03-24 17:47:44.860000+00:00,,,,,358.5,1.25,1.812,23.0,-73.25,-3.0,-24.688,-0.009,0.003,0.023,-0.72,0.52,9.56,-0.94,0.84,-0.23,0.09,-0.21,9.8,0.06,0.0,0.0,0.0,0.0,5.0,1017.2,66.7,-18.35
2025-03-24 17:47:45.993000+00:00,,,,,358.5,1.25,1.812,23.0,-73.25,-3.0,-24.688,-0.009,0.003,0.023,-0.72,0.52,9.56,-0.94,0.84,-0.23,0.08,-0.21,9.8,0.06,0.0,0.0,0.0,0.0,5.0,1017.2,66.7,-18.35
2025-03-24 17:47:46.980000+00:00,,,,,358.5,1.25,1.812,23.0,-73.25,-3.0,-24.688,-0.009,0.003,0.023,-0.72,0.52,9.56,-0.94,0.84,-0.23,0.07,-0.19,9.8,0.06,0.0,0.0,0.0,0.0,5.0,1017.2,66.7,-18.35
2025-03-24 17:47:48.023000+00:00,,,,,358.5,1.25,1.812,23.0,-73.25,-3.0,-24.688,-0.009,0.003,0.023,-0.72,0.52,9.56,-0.94,0.84,-0.23,0.08,-0.2,9.8,0.06,0.0,0.0,0.0,0.0,5.0,1017.2,66.7,-18.35
2025-03-24 17:47:49.066000+00:00,,,,,358.5,1.25,1.812,23.0,-73.25,-3.0,-24.688,-0.009,0.003,0.023,-0.72,0.52,9.56,-0.94,0.84,-0.23,0.03,-0.17,9.8,0.06,0.0,0.0,0.0,0.0,5.0,1017.2,66.7,-18.35
2025-03-24 17:47:50.124000+00:00,,,,,358.5,1.25,1.812,23.0,-73.25,-3.0,-24.688,-0.009,0.003,0.023,-0.72,0.52,9.56,-0.94,0.84,-0.23,0.05,-0.18,9.8,0.06,0.0,0.0,0.0,0.0,5.0,1017.2,66.7,-18.35
2025-03-24 17:47:51.154000+00:00,,,,,358.5,1.25,1.812,23.0,-73.25,-3.0,-24.688,-0.009,0.003,0.023,-0.72,0.52,9.56,-0.94,0.84,-0.23,0.07,-0.19,9.8,0.06,0.0,0.0,0.0,0.0,5.0,1017.2,66.7,-18.35
2025-03-24 17:47:52.227000+00:00,,,,,358.5,1.25,1.812,23.0,-73.25,-3.0,-24.688,-0.009,0.003,0.023,-0.72,0.52,9.56,-0.94,0.84,-0.23,0.05,-0.14,9.8,0.06,0.0,0.0,0.0,0.0,5.0,1017.2,66.7,-18.35
2025-03-24 17:47:52.900000+00:00,,,,,358.5,1.25,1.812,23.0,-73.25,-3.0,-24.688,-0.009,0.003,0.023,-0.72,0.52,9.56,-0.94,0.84,-0.23,0.05,-0.15,9.8,0.06,0.0,0.0,0.0,0.0,5.0,1017.2,66.7,-18.35
2025-03-24 17:47:53.903000+00:00,,,,,358.5,1.25,1.812,23.0,-73.25,-3.0,-24.688,-0.009,0.003,0.023,-0.72,0.52,9.56,-0.94,0.84,-0.23,0.07,-0.17,9.8,0.06,0.0,0.0,0.0,0.0,5.0,1017.2,66.7,-18.35
2025-03-24 17:47:54.913000+00:00,,,,,358.5,1.25,1.812,23.0,-73.25,-3.0,-24.688,-0.009,0.003,0.023,-0.72,0.52,9.56,-0.94,0.84,-0.23,0.11,-0.18,9.8,0.06,0.0,0.0,0.0,0.0,5.0,1017.2,66.7,-18.35
2025-03-24 17:47:55.923000+00:00,,,,,358.5,1.25,1.812,23.0,-73.25,-3.0,-24.688,-0.009,0.003,0.023,-0.72,0.52,9.56,-0.94,0.84,-0.23,0.13,-0.19,9.8,0.06,0.0,0.0,0.0,0.0,5.0,1017.2,66.7,-18.35
2025-03-24 17:47:56.903000+00:00,,,,,358.5,1.25,1.812,23.0,-73.25,-3.0,-24.688,-0.009,0.003,0.023,-0.72,0.52,9.56,-0.94,0.84,-0.23,0.14,-0.2,9.8,0.06,0.0,0.0,0.0,0.0,5.0,1017.2,66.7,-18.35
2025-03-24 17:47:58.003000+00:00,,,,,358.5,1.25,1.812,23.0,-73.25,-3.0,-24.688,-0.009,0.003,0.023,-0.72,0.52,9.56,-0.94,0.84,-0.23,0.08,-0.15,9.8,0.06,0.0,0.0,0.0,0.0,5.0,1017.2,66.7,-18.35
2025-03-24 17:47:59.080000+00:00,,,,,358.5,1.25,1.812,23.0,-73.25,-3.0,-24.688,-0.009,0.003,0.023,-0.72,0.52,9.56,-0.94,0.84,-0.23,0.1,-0.17,9.8,0.06,0.0,0.0,0.0,0.0,5.0,1017.2,66.7,-18.35
2025-03-24 17:48:00.120000+00:00,,,,,358.5,1.25,1.812,23.0,-73.25,-3.0,-24.688,-0.009,0.003,0.023,-0.72,0.52,9.56,-0.94,0.84,-0.23,0.09,-0.16,9.8,0.06,0.0,0.0,0.0,0.0,5.0,1017.2,66.7,-18.35
2025-03-24 17:48:01.243000+00:00,,,,,358.5,1.25,1.812,23.0,-73.25,-3.0,-24.688,-0.009,0.003,0.023,-0.72,0.52,9.56,-0.94,0.84,-0.23,0.11,-0.18,9.8,0.06,0.0,0.0,0.0,0.0,5.0,1017.2,66.7,-18.35
2025-03-24 17:48:02.250000+00:00,,,,,358.5,1.25,1.812,23.0,-73.25,-3.0,-24.688,-0.009,0.003,0.023,-0.72,0.52,9.56,-0.94,0.84,-0.23,0.12,-0.18,9.8,0.06,0.0,0.0,0.0,0.0,5.0,1017.2,66.7,-18.35
2025-03-24 17:48:02.960000+00:00,,,,,358.5,1.25,1.812,23.0,-73.25,-3.0,-24.688,-0.009,0.003,0.023,-0.72,0.52,9.56,-0.94,0.84,-0.23,0.12,-0.19,9.8,0.06,0.0,0.0,0.0,0.0,5.0,1017.2,66.7,-18.35
2025-03-24 17:48:03.932000+00:00,,,,,358.5,1.25,1.812,23.0,-73.25,-3.0,-24.688,-0.009,0.003,0.023,-0.72,0.52,9.56,-0.94,0.84,-0.23,0.14,-0.22,9.8,0.06,0.0,0.0,0.0,0.0,5.0,1017.2,66.7,-18.35
2025-03-24 17:48:04.942000+00:00,,,,,358.5,1.25,1.812,23.0,-73.25,-3.0,-24.688,-0.009,0.003,0.023,-0.72,0.52,9.56,-0.94,0.84,-0.23,0.15,-0.24,9.8,0.06,0.0,0.0,0.0,0.0,5.0,1017.2,66.7,-18.35
2025-03-24 17:48:05.972000+00:00,,,,,358.5,1.25,1.812,23.0,-73.25,-3.0,-24.688,-0.009,0.003,0.023,-0.72,0.52,9.56,-0.94,0.84,-0.23,0.16,-0.24,9.8,0.06,0.0,0.0,0.0,0.0,5.0,1017.2,66.7,-18.35
2025-03-24 17:48:06.972000+00:00,,,,,358.5,1.25,1.812,23.0,-73.25,-3.0,-24.688,-0.009,0.003,0.023,-0.72,0.52,9.56,-0.94,0.84,-0.23,0.18,-0.24,9.8,0.06,0.0,0.0,0.0,0.0,5.0,1017.2,66.7,-18.35
2025-03-24 17:48:07.998000+00:00,,,,,358.5,1.25,1.812,23.0,-73.25,-3.0,-24.688,-0.009,0.003,0.023,-0.72,0.52,9.56,-0.94,0.84,-0.23,0.2,-0.25,9.8,0.06,0.0,0.0,0.0,0.0,5.0,1017.2,66.7,-18.35
2025-03-24 17:48:09.004000+00:00,,,,,358.5,1.25,1.812,23.0,-73.25,-3.0,-24.688,-0.009,0.003,0.023,-0.72,0.52,9.56,-0.94,0.84,-0.23,0.21,-0.27,9.8,0.06,0.0,0.0,0.0,0.0,5.0,1017.2,66.7,-18.35
2025-03-24 17:48:10.312000+00:00,,,,,358.5,1.25,1.812,23.0,-73.25,-3.0,-24.688,-0.009,0.003,0.023,-0.72,0.52,9.56,-0.94,0.84,-0.23,0.22,-0.28,9.8,0.06,0.0,0.0,0.0,0.0,5.0,1017.2,66.7,-18.35
2025-03-24 17:48:11.009000+00:00,,,,,358.5,1.25,1.812,23.0,-73.25,-3.0,-24.688,-0.009,0.003,0.023,-0.72,0.52,9.56,-0.94,0.84,-0.23,0.21,-0.28,9.8,0.06,0.0,0.0,0.0,0.0,5.0,1017.2,66.7,-18.35
2025-03-24 17:48:12.012000+00:00,,,,,358.5,1.25,1.812,23.0,-73.25,-3.0,-24.688,-0.009,0.003,0.023,-0.72,0.52,9.56,-0.94,0.84,-0.23,0.23,-0.3,9.79,0.06,0.0,0.0,0.0,0.0,5.0,1017.2,66.7,-18.35
2025-03-24 17:48:13.052000+00:00,,,,,358.5,1.25,1.812,23.0,-73.25,-3.0,-24.688,-0.009,0.003,0.023,-0.72,0.52,9.56,-0.94,0.84,-0.23,0.22,-0.31,9.79,0.06,0.0,0.0,0.0,0.0,5.0,1017.2,66.7,-18.35
2025-03-24 17:47:14.591000+00:00,,,,,358.5,1.25,1.812,23.0,-73.25,-3.0,-24.688,-0.009,0.003,0.023,-0.72,0.52,9.56,-0.94,0.84,-0.23,0.22,-0.31,9.79,0.06,0.0,0.0,0.0,0.0,5.0,1017.2,66.7,-18.35
2025-03-24 17:47:15.660000+00:00,,,,,358.5,1.25,1.812,23.0,-73.25,-3.0,-24.688,-0.009,0.003,0.023,-0.72,0.52,9.56,-0.94,0.84,-0.23,0.22,-0.31,9.79,0.0825,0.0,0.0,0.0,0.0,5.0,1017.2,66.7,-18.35
2025-03-24 17:47:16.701000+00:00,,,,,358.5,1.25,1.812,23.0,-73.25,-3.0,-24.688,-0.009,0.003,0.023,-0.72,0.52,9.56,-0.94,0.84,-0.23,0.22,-0.31,9.79,0.07625,0.0,0.0,0.0,0.0,5.0,1017.2,66.7,-18.35
2025-03-24 17:47:17.727000+00:00,,,,,358.5,1.25,1.812,23.0,-73.25,-3.0,-24.688,-0.009,0.003,0.023,-0.72,0.52,9.56,-0.94,0.84,-0.23,0.22,-0.31,9.79,0.125,0.0,0.0,0.0,0.0,5.0,1017.2,66.7,-18.35
2025-03-24 17:47:18.840000+00:00,,,,,358.5,1.25,1.812,23.0,-73.25,-3.0,-24.688,-0.009,0.003,0.023,-0.72,0.52,9.56,-0.94,0.84,-0.23,0.22,-0.31,9.79,0.15625,0.0,0.0,0.0,0.0,5.0,1017.2,66.7,-18.35
2025-03-24 17:47:19.964000+00:00,,,,,358.5,1.25,1.812,23.0,-73.25,-3.0,-24.688,-0.009,0.003,0.023,-0.72,0.52,9.56,-0.94,0.84,-0.23,0.22,-0.31,9.79,0.14250000000000002,0.0,0.0,0.0,0.0,5.0,1017.2,66.7,-18.35
2025-03-24 17:47:20.704000+00:00,,,,,358.5,1.25,1.812,23.0,-73.25,-3.0,-24.688,-0.009,0.003,0.023,-0.72,0.52,9.56,-0.94,0.84,-0.23,0.22,-0.31,9.79,0.14875,0.0,0.0,0.0,0.0,5.0,1017.2,66.7,-18.35
2025-03-24 17:47:21.645000+00:00,,,,,358.5,1.25,1.812,23.0,-73.25,-3.0,-24.688,-0.009,0.003,0.023,-0.72,0.52,9.56,-0.94,0.84,-0.23,0.22,-0.31,9.79,0.00125,0.0,0.0,0.0,0.0,5.0,1017.2,66.7,-18.35
2025-03-24 17:47:22.655000+00:00,,,,,358.5,1.25,1.812,23.0,-73.25,-3.0,-24.688,-0.009,0.003,0.023,-0.72,0.52,9.56,-0.94,0.84,-0.23,0.22,-0.31,9.79,0.05625,0.0,0.0,0.0,0.0,5.0,1017.2,66.7,-18.35
2025-03-24 17:47:23.680000+00:00,,,,,358.5,1.25,1.812,23.0,-73.25,-3.0,-24.688,-0.009,0.003,0.023,-0.72,0.52,9.56,-0.94,0.84,-0.23,0.22,-0.31,9.79,0.075,0.0,0.0,0.0,0.0,5.0,1017.2,66.7,-18.35
2025-03-24 17:47:24.696000+00:00,,,,,358.5,1.25,1.812,23.0,-73.25,-3.0,-24.688,-0.009,0.003,0.023,-0.72,0.52,9.56,-0.94,0.84,-0.23,0.22,-0.31,9.79,0.08625000000000001,0.0,0.0,0.0,0.0,5.0,1017.2,66.7,-18.35
2025-03-24 17:47:25.761000+00:00,,,,,358.5,1.25,1.812,23.0,-73.25,-3.0,-24.688,-0.009,0.003,0.023,-0.72,0.52,9.56,-0.94,0.84,-0.23,0.22,-0.31,9.79,0.15875,0.0,0.0,0.0,0.0,5.0,1017.2,66.7,-18.35
2025-03-24 17:47:26.704000+00:00,,,,,358.5,1.25,1.812,23.0,-73.25,-3.0,-24.688,-0.009,0.003,0.023,-0.72,0.52,9.56,-0.94,0.84,-0.23,0.22,-0.31,9.79,0.1775,0.0,0.0,0.0,0.0,5.0,1017.2,66.7,-18.35
2025-03-24 17:47:27.705000+00:00,,,,,358.5,1.25,1.812,23.0,-73.25,-3.0,-24.688,-0.009,0.003,0.023,-0.72,0.52,9.56,-0.94,0.84,-0.23,0.22,-0.31,9.79,0.13125,0.0,0.0,0.0,0.0,5.0,1017.2,66.7,-18.35
2025-03-24 17:47:28.794000+00:00,,,,,358.5,1.25,1.812,23.0,-73.25,-3.0,-24.688,-0.009,0.003,0.023,-0.72,0.52,9.56,-0.94,0.84,-0.23,0.22,-0.31,9.79,0.0,0.0,0.0,0.0,0.0,5.0,1017.2,66.7,-18.35
2025-03-24 17:47:29.875000+00:00,,,,,358.5,1.25,1.812,23.0,-73.25,-3.0,-24.688,-0.009,0.003,0.023,-0.72,0.52,9.56,-0.94,0.84,-0.23,0.22,-0.31,9.79,0.0,0.0,0.0,0.0,0.0,5.0,1017.2,66.7,-18.35
2025-03-24 17:47:31.035000+00:00,,,,,358.5,1.25,1.812,23.0,-73.25,-3.0,-24.688,-0.009,0.003,0.023,-0.72,0.52,9.56,-0.94,0.84,-0.23,0.22,-0.31,9.79,0.00125,0.0,0.0,0.0,0.0,5.0,1017.2,66.7,-18.35
2025-03-24 17:47:32.048000+00:00,,,,,358.5,1.25,1.812,23.0,-73.25,-3.0,-24.688,-0.009,0.003,0.023,-0.72,0.52,9.56,-0.94,0.84,-0.23,0.22,-0.31,9.79,0.01375,0.0,0.0,0.0,0.0,5.0,1017.2,66.7,-18.35
2025-03-24 17:47:32.774000+00:00,,,,,358.5,1.25,1.812,23.0,-73.25,-3.0,-24.688,-0.009,0.003,0.023,-0.72,0.52,9.56,-0.94,0.84,-0.23,0.22,-0.31,9.79,0.09125,0.0,0.0,0.0,0.0,5.0,1017.2,66.7,-18.35
2025-03-24 17:47:33.760000+00:00,,,,,358.5,1.25,1.812,23.0,-73.25,-3.0,-24.688,-0.009,0.003,0.023,-0.72,0.52,9.56,-0.94,0.84,-0.23,0.22,-0.31,9.79,0.1675,0.0,0.0,0.0,0.0,5.0,1017.2,66.7,-18.35
2025-03-24 17:47:34.624000+00:00,,,,,358.5,1.25,1.812,23.0,-73.25,-3.0,-24.688,-0.009,0.003,0.023,-0.72,0.52,9.56,-0.94,0.84,-0.23,0.22,-0.31,9.79,0.11375,0.0,0.0,0.0,0.0,5.0,1017.2,66.7,-18.35
2025-03-24 17:47:35.421000+00:00,,,,,358.5,1.25,1.812,23.0,-73.25,-3.0,-24.688,-0.009,0.003,0.023,-0.72,0.52,9.56,-0.94,0.84,-0.23,0.22,-0.31,9.79,0.1325,0.0,0.0,0.0,0.0,5.0,1017.2,66.7,-18.35
2025-03-24 17:47:36.427000+00:00,,,,,358.5,1.25,1.812,23.0,-73.25,-3.0,-24.688,-0.009,0.003,0.023,-0.72,0.52,9.56,-0.94,0.84,-0.23,0.22,-0.31,9.79,0.00125,0.0,0.0,0.0,0.0,5.0,1017.2,66.7,-18.35
2025-03-24 17:47:37.425000+00:00,,,,,358.5,1.25,1.812,23.0,-73.25,-3.0,-24.688,-0.009,0.003,0.023,-0.72,0.52,9.56,-0.94,0.84,-0.23,0.22,-0.31,9.79,0.015,0.0,0.0,0.0,0.0,5.0,1017.2,66.7,-18.35
2025-03-24 17:47:38.427000+00:00,,,,,358.5,1.25,1.812,23.0,-73.25,-3.0,-24.688,-0.009,0.003,0.023,-0.72,0.52,9.56,-0.94,0.84,-0.23,0.22,-0.31,9.79,0.03125,0.0,0.0,0.0,0.0,5.0,1017.2,66.7,-18.35
2025-03-24 17:47:39.448000+00:00,,,,,358.5,1.25,1.812,23.0,-73.25,-3.0,-24.688,-0.009,0.003,0.023,-0.72,0.52,9.56,-0.94,0.84,-0.23,0.22,-0.31,9.79,0.07375,0.0,0.0,0.0,0.0,5.0,1017.2,66.7,-18.35
2025-03-24 17:47:40.433000+00:00,,,,,358.5,1.25,1.812,23.0,-73.25,-3.0,-24.688,-0.009,0.003,0.023,-0.72,0.52,9.56,-0.94,0.84,-0.23,0.22,-0.31,9.79,0.13375,0.0,0.0,0.0,0.0,5.0,1017.2,66.7,-18.35
2025-03-24 17:47:41.443000+00:00,,,,,358.5,1.25,1.812,23.0,-73.25,-3.0,-24.688,-0.009,0.003,0.023,-0.72,0.52,9.56,-0.94,0.84,-0.23,0.22,-0.31,9.79,0.13625,0.0,0.0,0.0,0.0,5.0,1017.2,66.7,-18.35
2025-03-24 17:47:42.446000+00:00,,,,,358.5,1.25,1.812,23.0,-73.25,-3.0,-24.688,-0.009,0.003,0.023,-0.72,0.52,9.56,-0.94,0.84,-0.23,0.22,-0.31,9.79,0.12875,0.0,0.0,0.0,0.0,5.0,1017.2,66.7,-18.35
2025-03-24 17:47:43.444000+00:00,,,,,358.5,1.25,1.812,23.0,-73.25,-3.0,-24.688,-0.009,0.003,0.023,-0.72,0.52,9.56,-0.94,0.84,-0.23,0.22,-0.31,9.79,0.14,0.0,0.0,0.0,0.0,5.0,1017.2,66.7,-18.35
2025-03-24 17:47:44.454000+00:00,,,,,358.5,1.25,1.812,23.0,-73.25,-3.0,-24.688,-0.009,0.003,0.023,-0.72,0.52,9.56,-0.94,0.84,-0.23,0.22,-0.31,9.79,0.16625,0.0,0.0,0.0,0.0,5.0,1017.2,66.7,-18.35
2025-03-24 17:47:45.543000+00:00,,,,,358.5,1.25,1.812,23.0,-73.25,-3.0,-24.688,-0.009,0.003,0.023,-0.72,0.52,9.56,-0.94,0.84,-0.23,0.22,-0.31,9.79,0.14,0.0,0.0,0.0,0.0,5.0,1017.2,66.7,-18.35
2025-03-24 17:47:46.563000+00:00,,,,,358.5,1.25,1.812,23.0,-73.25,-3.0,-24.688,-0.009,0.003,0.023,-0.72,0.52,9.56,-0.94,0.84,-0.23,0.22,-0.31,9.79,0.10625,0.0,0.0,0.0,0.0,5.0,1017.2,66.7,-18.35
2025-03-24 17:47:47.593000+00:00,,,,,358.5,1.25,1.812,23.0,-73.25,-3.0,-24.688,-0.009,0.003,0.023,-0.72,0.52,9.56,-0.94,0.84,-0.23,0.22,-0.31,9.79,0.14250000000000002,0.0,0.0,0.0,0.0,5.0,1017.2,66.7,-18.35
2025-03-24 17:47:48.624000+00:00,,,,,358.5,1.25,1.812,23.0,-73.25,-3.0,-24.688,-0.009,0.003,0.023,-0.72,0.52,9.56,-0.94,0.84,-0.23,0.22,-0.31,9.79,0.00125,0.0,0.0,0.0,0.0,5.0,1017.2,66.7,-18.35
2025-03-24 17:47:49.679000+00:00,,,,,358.5,1.25,1.812,23.0,-73.25,-3.0,-24.688,-0.009,0.003,0.023,-0.72,0.52,9.56,-0.94,0.84,-0.23,0.22,-0.31,9.79,0.03,0.0,0.0,0.0,0.0,5.0,1017.2,66.7,-18.35
2025-03-24 17:47:50.713000+00:00,,,,,358.5,1.25,1.812,23.0,-73.25,-3.0,-24.688,-0.009,0.003,0.023,-0.72,0.52,9.56,-0.94,0.84,-0.23,0.22,-0.31,9.79,0.0475,0.0,0.0,0.0,0.0,5.0,1017.2,66.7,-18.35
2025-03-24 17:47:51.476000+00:00,,,,,358.5,1.25,1.812,23.0,-73.25,-3.0,-24.688,-0.009,0.003,0.023,-0.72,0.52,9.56,-0.94,0.84,-0.23,0.22,-0.31,9.79,0.065,0.0,0.0,0.0,0.0,5.0,1017.2,66.7,-18.35
2025-03-24 17:47:52.486000+00:00,,,,,358.5,1.25,1.812,23.0,-73.25,-3.0,-24.688,-0.009,0.003,0.023,-0.72,0.52,9.56,-0.94,0.84,-0.23,0.22,-0.31,9.79,0.16375,0.0,0.0,0.0,0.0,5.0,1017.2,66.7,-18.35
2025-03-24 17:47:53.485000+00:00,,,,,358.5,1.25,1.812,23.0,-73.25,-3.0,-24.688,-0.009,0.003,0.023,-0.72,0.52,9.56,-0.94,0.84,-0.23,0.22,-0.31,9.79,0.02125,0.0,0.0,0.0,0.0,5.0,1017.2,66.7,-18.35
2025-03-24 17:47:54.494000+00:00,,,,,358.5,1.25,1.812,23.0,-73.25,-3.0,-24.688,-0.009,0.003,0.023,-0.72,0.52,9.56,-0.94,0.84,-0.23,0.22,-0.31,9.79,0.0225,0.0,0.0,0.0,0.0,5.0,1017.2,66.7,-18.35
2025-03-24 17:47:55.495000+00:00,,,,,358.5,1.25,1.812,23.0,-73.25,-3.0,-24.688,-0.009,0.003,0.023,-0.72,0.52,9.56,-0.94,0.84,-0.23,0.22,-0.31,9.79,0.0475,0.0,0.0,0.0,0.0,5.0,1017.2,66.7,-18.35
2025-03-24 17:47:56.499000+00:00,,,,,358.5,1.25,1.812,23.0,-73.25,-3.0,-24.688,-0.009,0.003,0.023,-0.72,0.52,9.56,-0.94,0.84,-0.23,0.22,-0.31,9.79,0.10875,0.0,0.0,0.0,0.0,5.0,1017.2,66.7,-18.35
2025-03-24 17:47:57.603000+00:00,,,,,358.5,1.25,1.812,23.0,-73.25,-3.0,-24.688,-0.009,0.003,0.023,-0.72,0.52,9.56,-0.94,0.84,-0.23,0.22,-0.31,9.79,0.10875,0.0,0.0,0.0,0.0,5.0,1017.2,66.7,-18.35
2025-03-24 17:47:58.653000+00:00,,,,,358.5,1.25,1.812,23.0,-73.25,-3.0,-24.688,-0.009,0.003,0.023,-0.72,0.52,9.56,-0.94,0.84,-0.23,0.22,-0.31,9.79,0.1325,0.0,0.0,0.0,0.0,5.0,1017.2,66.7,-18.35
2025-03-24 17:47:59.703000+00:00,,,,,358.5,1.25,1.812,23.0,-73.25,-3.0,-24.688,-0.009,0.003,0.023,-0.72,0.52,9.56,-0.94,0.84,-0.23,0.22,-0.31,9.79,0.13625,0.0,0.0,0.0,0.0,5.0,1017.2,66.7,-18.35
2025-03-24 17:48:00.516000+00:00,,,,,358.5,1.25,1.812,23.0,-73.25,-3.0,-24.688,-0.009,0.003,0.023,-0.72,0.52,9.56,-0.94,0.84,-0.23,0.22,-0.31,9.79,0.14,0.0,0.0,0.0,0.0,5.0,1017.2,66.7,-18.35
2025-03-24 17:48:01.517000+00:00,,,,,358.5,1.25,1.812,23.0,-73.25,-3.0,-24.688,-0.009,0.003,0.023,-0.72,0.52,9.56,-0.94,0.84,-0.23,0.22,-0.31,9.79,0.14625,0.0,0.0,0.0,0.0,5.0,1017.2,66.7,-18.35
2025-03-24 17:48:02.526000+00:00,,,,,358.5,1.25,1.812,23.0,-73.25,-3.0,-24.688,-0.009,0.003,0.023,-0.72,0.52,9.56,-0.94,0.84,-0.23,0.22,-0.31,9.79,0.0,0.0,0.0,0.0,0.0,5.0,1017.2,66.7,-18.35
2025-03-24 17:48:03.523000+00:00,,,,,358.5,1.25,1.812,23.0,-73.25,-3.0,-24.688,-0.009,0.003,0.023,-0.72,0.52,9.56,-0.94,0.84,-0.23,0.22,-0.31,9.79,0.0,0.0,0.0,0.0,0.0,5.0,1017.2,66.7,-18.35
2025-03-24 17:48:04.526000+00:00,,,,,358.5,1.25,1.812,23.0,-73.25,-3.0,-24.688,-0.009,0.003,0.023,-0.72,0.52,9.56,-0.94,0.84,-0.23,0.22,-0.31,9.79,0.01875,0.0,0.0,0.0,0.0,5.0,1017.2,66.7,-18.35
2025-03-24 17:48:05.533000+00:00,,,,,358.5,1.25,1.812,23.0,-73.25,-3.0,-24.688,-0.009,0.003,0.023,-0.72,0.52,9.56,-0.94,0.84,-0.23,0.22,-0.31,9.79,0.18875,0.0,0.0,0.0,0.0,5.0,1017.2,66.7,-18.35
2025-03-24 17:48:06.532000+00:00,,,,,358.5,1.25,1.812,23.0,-73.25,-3.0,-24.688,-0.009,0.003,0.023,-0.72,0.52,9.56,-0.94,0.84,-0.23,0.22,-0.31,9.79,0.13,0.0,0.0,0.0,0.0,5.0,1017.2,66.7,-18.35
2025-03-24 17:48:07.542000+00:00,,,,,358.5,1.25,1.812,23.0,-73.25,-3.0,-24.688,-0.009,0.003,0.023,-0.72,0.52,9.56,-0.94,0.84,-0.23,0.22,-0.31,9.79,0.0,0.0,0.0,0.0,0.0,5.0,1017.2,66.7,-18.35
2025-03-24 17:48:08.542000+00:00,,,,,358.5,1.25,1.812,23.0,-73.25,-3.0,-24.688,-0.009,0.003,0.023,-0.72,0.52,9.56,-0.94,0.84,-0.23,0.22,-0.31,9.79,0.00875,0.0,0.0,0.0,0.0,5.0,1017.2,66.7,-18.35
2025-03-24 17:48:09.557000+00:00,,,,,358.5,1.25,1.812,23.0,-73.25,-3.0,-24.688,-0.009,0.003,0.023,-0.72,0.52,9.56,-0.94,0.84,-0.23,0.22,-0.31,9.79,0.06375,0.0,0.0,0.0,0.0,5.0,1017.2,66.7,-18.35
2025-03-24 17:48:10.559000+00:00,,,,,358.5,1.25,1.812,23.0,-73.25,-3.0,-24.688,-0.009,0.003,0.023,-0.72,0.52,9.56,-0.94,0.84,-0.23,0.22,-0.31,9.79,0.06,0.0,0.0,0.0,0.0,5.0,1017.2,66.7,-18.35
2025-03-24 17:48:11.559000+00:00,,,,,358.5,1.25,1.812,23.0,-73.25,-3.0,-24.688,-0.009,0.003,0.023,-0.72,0.52,9.56,-0.94,0.84,-0.23,0.22,-0.31,9.79,0.055,0.0,0.0,0.0,0.0,5.0,1017.2,66.7,-18.35
2025-03-24 17:48:12.556000+00:00,,,,,358.5,1.25,1.812,23.0,-73.25,-3.0,-24.688,-0.009,0.003,0.023,-0.72,0.52,9.56,-0.94,0.84,-0.23,0.22,-0.31,9.79,0.11625,0.0,0.0,0.0,0.0,5.0,1017.2,66.7,-18.35
2025-03-24 17:48:13.561000+00:00,,,,,358.5,1.25,1.812,23.0,-73.25,-3.0,-24.688,-0.009,0.003,0.023,-0.72,0.52,9.56,-0.94,0.84,-0.23,0.22,-0.31,9.79,0.15375,0.0,0.0,0.0,0.0,5.0,1017.2,66.7,-18.35
2025-03-24 17:47:14.537000+00:00,,,,,358.5,1.25,1.812,23.0,-73.25,-3.0,-24.688,-0.009,0.003,0.023,-0.72,0.52,9.56,-0.94,0.84,-0.23,0.22,-0.31,9.79,0.15375,0.0,0.0,0.0,0.0,5.0,1017.2,66.7,-18.35
2025-03-24 17:47:15.606000+00:00,,,,,358.5,1.25,1.812,23.0,-73.25,-3.0,-24.688,-0.009,0.003,0.023,-0.72,0.52,9.56,-0.94,0.84,-0.23,0.22,-0.31,9.79,0.15375,0.0,0.0,0.0,0.0,5.0,1017.2,66.7,-18.35
2025-03-24 17:47:16.646000+00:00,,,,,358.5,1.25,1.812,23.0,-73.25,-3.0,-24.688,-0.009,0.003,0.023,-0.72,0.52,9.56,-0.94,0.84,-0.23,0.22,-0.31,9.79,0.15375,0.0,0.0,0.0,0.0,5.0,1017.2,66.7,-18.35
2025-03-24 17:47:17.673000+00:00,,,,,358.5,1.25,1.812,23.0,-73.25,-3.0,-24.688,-0.009,0.003,0.023,-0.72,0.52,9.56,-0.94,0.84,-0.23,0.22,-0.31,9.79,0.15375,0.0,0.0,0.0,0.0,5.0,1017.2,66.7,-18.35
2025-03-24 17:47:18.782000+00:00,,,,,358.5,1.25,1.812,23.0,-73.25,-3.0,-24.688,-0.009,0.003,0.023,-0.72,0.52,9.56,-0.94,0.84,-0.23,0.22,-0.31,9.79,0.15375,0.0,0.0,0.0,0.0,5.0,1017.2,66.7,-18.35
2025-03-24 17:47:19.915000+00:00,,,,,358.5,1.25,1.812,23.0,-73.25,-3.0,-24.688,-0.009,0.003,0.023,-0.72,0.52,9.56,-0.94,0.84,-0.23,0.22,-0.31,9.79,0.15375,0.0,0.0,0.0,0.0,5.0,1017.2,66.7,-18.35
2025-03-24 17:47:20.656000+00:00,,,,,358.5,1.25,1.812,23.0,-73.25,-3.0,-24.688,-0.009,0.003,0.023,-0.72,0.52,9.56,-0.94,0.84,-0.23,0.22,-0.31,9.79,0.15375,0.0,0.0,0.0,0.0,5.0,1017.2,66.7,-18.35
2025-03-24 17:47:21.594000+00:00,,,,,358.5,1.25,1.812,23.0,-73.25,-3.0,-24.688,-0.009,0.003,0.023,-0.72,0.52,9.56,-0.94,0.84,-0.23,0.22,-0.31,9.79,0.15375,0.0,0.0,0.0,0.0,5.0,1017.2,66.7,-18.35
2025-03-24 17:47:22.604000+00:00,,,,,358.5,1.25,1.812,23.0,-73.25,-3.0,-24.688,-0.009,0.003,0.023,-0.72,0.52,9.56,-0.94,0.84,-0.23,0.22,-0.31,9.79,0.15375,0.0,0.0,0.0,0.0,5.0,1017.2,66.7,-18.35
2025-03-24 17:47:23.624000+00:00,,,,,358.5,1.25,1.812,23.0,-73.25,-3.0,-24.688,-0.009,0.003,0.023,-0.72,0.52,9.56,-0.94,0.84,-0.23,0.22,-0.31,9.79,0.15375,0.0,0.0,0.0,0.0,5.0,1017.2,66.7,-18.35
2025-03-24 17:47:24.643000+00:00,,,,,358.5,1.25,1.812,23.0,-73.25,-3.0,-24.688,-0.009,0.003,0.023,-0.72,0.52,9.56,-0.94,0.84,-0.23,0.22,-0.31,9.79,0.15375,1.25,0.0,0.0,0.0,5.0,1017.2,66.7,-18.35
2025-03-24 17:47:25.698000+00:00,,,,,358.5,1.25,1.812,23.0,-73.25,-3.0,-24.688,-0.009,0.003,0.023,-0.72,0.52,9.56,-0.94,0.84,-0.23,0.22,-0.31,9.79,0.15375,-1.25,0.0,0.0,0.0,5.0,1017.2,66.7,-18.35
2025-03-24 17:47:26.655000+00:00,,,,,358.5,1.25,1.812,23.0,-73.25,-3.0,-24.688,-0.009,0.003,0.023,-0.72,0.52,9.56,-0.94,0.84,-0.23,0.22,-0.31,9.79,0.15375,0.0,0.0,0.0,0.0,5.0,1017.2,66.7,-18.35
2025-03-24 17:47:27.655000+00:00,,,,,358.5,1.25,1.812,23.0,-73.25,-3.0,-24.688,-0.009,0.003,0.023,-0.72,0.52,9.56,-0.94,0.84,-0.23,0.22,-0.31,9.79,0.15375,0.0,0.0,0.0,0.0,5.0,1017.2,66.7,-18.35
2025-03-24 17:47:28.734000+00:00,,,,,358.5,1.25,1.812,23.0,-73.25,-3.0,-24.688,-0.009,0.003,0.023,-0.72,0.52,9.56,-0.94,0.84,-0.23,0.22,-0.31,9.79,0.15375,0.0,0.0,0.0,0.0,5.0,1017.2,66.7,-18.35
2025-03-24 17:47:29.825000+00:00,,,,,358.5,1.25,1.812,23.0,-73.25,-3.0,-24.688,-0.009,0.003,0.023,-0.72,0.52,9.56,-0.94,0.84,-0.23,0.22,-0.31,9.79,0.15375,1.25,0.0,0.0,0.0,5.0,1017.2,66.7,-18.35
2025-03-24 17:47:30.984000+00:00,,,,,358.5,1.25,1.812,23.0,-73.25,-3.0,-24.688,-0.009,0.003,0.023,-0.72,0.52,9.56,-0.94,0.84,-0.23,0.22,-0.31,9.79,0.15375,0.0,0.0,0.0,0.0,5.0,1017.2,66.7,-18.35
2025-03-24 17:47:31.990000+00:00,,,,,358.5,1.25,1.812,23.0,-73.25,-3.0,-24.688,-0.009,0.003,0.023,-0.72,0.52,9.56,-0.94,0.84,-0.23,0.22,-0.31,9.79,0.15375,0.0,0.0,0.0,0.0,5.0,1017.2,66.7,-18.35
2025-03-24 17:47:32.725000+00:00,,,,,358.5,1.25,1.812,23.0,-73.25,-3.0,-24.688,-0.009,0.003,0.023,-0.72,0.52,9.56,-0.94,0.84,-0.23,0.22,-0.31,9.79,0.15375,0.0,0.0,0.0,0.0,5.0,1017.2,66.7,-18.35
2025-03-24 17:47:33.710000+00:00,,,,,358.5,1.25,1.812,23.0,-73.25,-3.0,-24.688,-0.009,0.003,0.023,-0.72,0.52,9.56,-0.94,0.84,-0.23,0.22,-0.31,9.79,0.15375,-1.25,0.0,0.0,0.0,5.0,1017.2,66.7,-18.35
2025-03-24 17:47:34.577000+00:00,,,,,358.5,1.25,1.812,23.0,-73.25,-3.0,-24.688,-0.009,0.003,0.023,-0.72,0.52,9.56,-0.94,0.84,-0.23,0.22,-0.31,9.79,0.15375,-2.5,0.0,0.0,0.0,5.0,1017.2,66.7,-18.35
2025-03-24 17:47:35.367000+00:00,,,,,358.5,1.25,1.812,23.0,-73.25,-3.0,-24.688,-0.009,0.003,0.023,-0.72,0.52,9.56,-0.94,0.84,-0.23,0.22,-0.31,9.79,0.15375,0.0,0.0,0.0,0.0,5.0,1017.2,66.7,-18.35
2025-03-24 17:47:36.371000+00:00,,,,,358.5,1.25,1.812,23.0,-73.25,-3.0,-24.688,-0.009,0.003,0.023,-0.72,0.52,9.56,-0.94,0.84,-0.23,0.22,-0.31,9.79,0.15375,-1.25,0.0,0.0,0.0,5.0,1017.2,66.7,-18.35
2025-03-24 17:47:37.375000+00:00,,,,,358.5,1.25,1.812,23.0,-73.25,-3.0,-24.688,-0.009,0.003,0.023,-0.72,0.52,9.56,-0.94,0.84,-0.23,0.22,-0.31,9.79,0.15375,0.0,0.0,0.0,0.0,5.0,1017.2,66.7,-18.35
2025-03-24 17:47:38.378000+00:00,,,,,358.5,1.25,1.812,23.0,-73.25,-3.0,-24.688,-0.009,0.003,0.023,-0.72,0.52,9.56,-0.94,0.84,-0.23,0.22,-0.31,9.79,0.15375,0.0,0.0,0.0,0.0,5.0,1017.2,66.7,-18.35
2025-03-24 17:47:39.382000+00:00,,,,,358.5,1.25,1.812,23.0,-73.25,-3.0,-24.688,-0.009,0.003,0.023,-0.72,0.52,9.56,-0.94,0.84,-0.23,0.22,-0.31,9.79,0.15375,0.0,0.0,0.0,0.0,5.0,1017.2,66.7,-18.35
2025-03-24 17:47:40.386000+00:00,,,,,358.5,1.25,1.812,23.0,-73.25,-3.0,-24.688,-0.009,0.003,0.023,-0.72,0.52,9.56,-0.94,0.84,-0.23,0.22,-0.31,9.79,0.15375,0.0,0.0,0.0,0.0,5.0,1017.2,66.7,-18.35
2025-03-24 17:47:41.389000+00:00,,,,,358.5,1.25,1.812,23.0,-73.25,-3.0,-24.688,-0.009,0.003,0.023,-0.72,0.52,9.56,-0.94,0.84,-0.23,0.22,-0.31,9.79,0.15375,0.0,0.0,0.0,0.0,5.0,1017.2,66.7,-18.35
2025-03-24 17:47:42.393000+00:00,,,,,358.5,1.25,1.812,23.0,-73.25,-3.0,-24.688,-0.009,0.003,0.023,-0.72,0.52,9.56,-0.94,0.84,-0.23,0.22,-0.31,9.79,0.15375,1.25,0.0,0.0,0.0,5.0,1017.2,66.7,-18.35
2025-03-24 17:47:43.397000+00:00,,,,,358.5,1.25,1.812,23.0,-73.25,-3.0,-24.688,-0.009,0.003,0.023,-0.72,0.52,9.56,-0.94,0.84,-0.23,0.22,-0.31,9.79,0.15375,0.0,0.0,0.0,0.0,5.0,1017.2,66.7,-18.35
2025-03-24 17:47:44.407000+00:00,,,,,358.5,1.25,1.812,23.0,-73.25,-3.0,-24.688,-0.009,0.003,0.023,-0.72,0.52,9.56,-0.94,0.84,-0.23,0.22,-0.31,9.79,0.15375,0.0,0.0,0.0,0.0,5.0,1017.2,66.7,-18.35
2025-03-24 17:47:45.493000+00:00,,,,,358.5,1.25,1.812,23.0,-73.25,-3.0,-24.688,-0.009,0.003,0.023,-0.72,0.52,9.56,-0.94,0.84,-0.23,0.22,-0.31,9.79,0.15375,1.25,0.0,0.0,0.0,5.0,1017.2,66.7,-18.35
2025-03-24 17:47:46.503000+00:00,,,,,358.5,1.25,1.812,23.0,-73.25,-3.0,-24.688,-0.009,0.003,0.023,-0.72,0.52,9.56,-0.94,0.84,-0.23,0.22,-0.31,9.79,0.15375,0.0,0.0,0.0,0.0,5.0,1017.2,66.7,-18.35
2025-03-24 17:47:47.542000+00:00,,,,,358.5,1.25,1.812,23.0,-73.25,-3.0,-24.688,-0.009,0.003,0.023,-0.72,0.52,9.56,-0.94,0.84,-0.23,0.22,-0.31,9.79,0.15375,-1.25,0.0,0.0,0.0,5.0,1017.2,66.7,-18.35
2025-03-24 17:47:48.573000+00:00,,,,,358.5,1.25,1.812,23.0,-73.25,-3.0,-24.688,-0.009,0.003,0.023,-0.72,0.52,9.56,-0.94,0.84,-0.23,0.22,-0.31,9.79,0.15375,0.0,0.0,0.0,0.0,5.0,1017.2,66.7,-18.35
2025-03-24 17:47:49.623000+00:00,,,,,358.5,1.25,1.812,23.0,-73.25,-3.0,-24.688,-0.009,0.003,0.023,-0.72,0.52,9.56,-0.94,0.84,-0.23,0.22,-0.31,9.79,0.15375,0.0,0.0,0.0,0.0,5.0,1017.2,66.7,-18.35
2025-03-24 17:47:50.664000+00:00,,,,,358.5,1.25,1.812,23.0,-73.25,-3.0,-24.688,-0.009,0.003,0.023,-0.72,0.52,9.56,-0.94,0.84,-0.23,0.22,-0.31,9.79,0.15375,0.0,0.0,0.0,0.0,5.0,1017.2,66.7,-18.35
2025-03-24 17:47:51.426000+00:00,,,,,358.5,1.25,1.812,23.0,-73.25,-3.0,-24.688,-0.009,0.003,0.023,-0.72,0.52,9.56,-0.94,0.84,-0.23,0.22,-0.31,9.79,0.15375,0.0,0.0,0.0,0.0,5.0,1017.2,66.7,-18.35
2025-03-24 17:47:52.432000+00:00,,,,,358.5,1.25,1.812,23.0,-73.25,-3.0,-24.688,-0.009,0.003,0.023,-0.72,0.52,9.56,-0.94,0.84,-0.23,0.22,-0.31,9.79,0.15375,0.0,0.0,0.0,0.0,5.0,1017.2,66.7,-18.35
2025-03-24 17:47:53.435000+00:00,,,,,358.5,1.25,1.812,23.0,-73.25,-3.0,-24.688,-0.009,0.003,0.023,-0.72,0.52,9.56,-0.94,0.84,-0.23,0.22,-0.31,9.79,0.15375,0.0,0.0,0.0,0.0,5.0,1017.2,66.7,-18.35
2025-03-24 17:47:54.439000+00:00,,,,,358.5,1.25,1.812,23.0,-73.25,-3.0,-24.688,-0.009,0.003,0.023,-0.72,0.52,9.56,-0.94,0.84,-0.23,0.22,-0.31,9.79,0.15375,1.25,0.0,0.0,0.0,5.0,1017.2,66.7,-18.35
2025-03-24 17:47:55.443000+00:00,,,,,358.5,1.25,1.812,23.0,-73.25,-3.0,-24.688,-0.009,0.003,0.023,-0.72,0.52,9.56,-0.94,0.84,-0.23,0.22,-0.31,9.79,0.15375,0.0,0.0,0.0,0.0,5.0,1017.2,66.7,-18.35
2025-03-24 17:47:56.446000+00:00,,,,,358.5,1.25,1.812,23.0,-73.25,-3.0,-24.688,-0.009,0.003,0.023,-0.72,0.52,9.56,-0.94,0.84,-0.23,0.22,-0.31,9.79,0.15375,0.0,0.0,0.0,0.0,5.0,1017.2,66.7,-18.35
2025-03-24 17:47:57.549000+00:00,,,,,358.5,1.25,1.812,23.0,-73.25,-3.0,-24.688,-0.009,0.003,0.023,-0.72,0.52,9.56,-0.94,0.84,-0.23,0.22,-0.31,9.79,0.15375,0.0,0.0,0.0,0.0,5.0,1017.2,66.7,-18.35
2025-03-24 17:47:58.603000+00:00,,,,,358.5,1.25,1.812,23.0,-73.25,-3.0,-24.688,-0.009,0.003,0.023,-0.72,0.52,9.56,-0.94,0.84,-0.23,0.22,-0.31,9.79,0.15375,0.0,0.0,0.0,0.0,5.0,1017.2,66.7,-18.35
2025-03-24 17:47:59.649000+00:00,,,,,358.5,1.25,1.812,23.0,-73.25,-3.0,-24.688,-0.009,0.003,0.023,-0.72,0.52,9.56,-0.94,0.84,-0.23,0.22,-0.31,9.79,0.15375,-1.25,0.0,0.0,0.0,5.0,1017.2,66.7,-18.35
2025-03-24 17:48:00.461000+00:00,,,,,358.5,1.25,1.812,23.0,-73.25,-3.0,-24.688,-0.009,0.003,0.023,-0.72,0.52,9.56,-0.94,0.84,-0.23,0.22,-0.31,9.79,0.15375,0.0,0.0,0.0,0.0,5.0,1017.2,66.7,-18.35
2025-03-24 17:48:01.465000+00:00,,,,,358.5,1.25,1.812,23.0,-73.25,-3.0,-24.688,-0.009,0.003,0.023,-0.72,0.52,9.56,-0.94,0.84,-0.23,0.22,-0.31,9.79,0.15375,0.0,0.0,0.0,0.0,5.0,1017.2,66.7,-18.35
2025-03-24 17:48:02.469000+00:00,,,,,358.5,1.25,1.812,23.0,-73.25,-3.0,-24.688,-0.009,0.003,0.023,-0.72,0.52,9.56,-0.94,0.84,-0.23,0.22,-0.31,9.79,0.15375,0.0,0.0,0.0,0.0,5.0,1017.2,66.7,-18.35
2025-03-24 17:48:03.472000+00:00,,,,,358.5,1.25,1.812,23.0,-73.25,-3.0,-24.688,-0.009,0.003,0.023,-0.72,0.52,9.56,-0.94,0.84,-0.23,0.22,-0.31,9.79,0.15375,-1.25,0.0,0.0,0.0,5.0,1017.2,66.7,-18.35
2025-03-24 17:48:04.476000+00:00,,,,,358.5,1.25,1.812,23.0,-73.25,-3.0,-24.688,-0.009,0.003,0.023,-0.72,0.52,9.56,-0.94,0.84,-0.23,0.22,-0.31,9.79,0.15375,1.25,0.0,0.0,0.0,5.0,1017.2,66.7,-18.35
2025-03-24 17:48:05.481000+00:00,,,,,358.5,1.25,1.812,23.0,-73.25,-3.0,-24.688,-0.009,0.003,0.023,-0.72,0.52,9.56,-0.94,0.84,-0.23,0.22,-0.31,9.79,0.15375,0.0,0.0,0.0,0.0,5.0,1017.2,66.7,-18.35
2025-03-24 17:48:06.485000+00:00,,,,,358.5,1.25,1.812,23.0,-73.25,-3.0,-24.688,-0.009,0.003,0.023,-0.72,0.52,9.56,-0.94,0.84,-0.23,0.22,-0.31,9.79,0.15375,0.0,0.0,0.0,0.0,5.0,1017.2,66.7,-18.35
2025-03-24 17:48:07.488000+00:00,,,,,358.5,1.25,1.812,23.0,-73.25,-3.0,-24.688,-0.009,0.003,0.023,-0.72,0.52,9.56,-0.94,0.84,-0.23,0.22,-0.31,9.79,0.15375,0.0,0.0,0.0,0.0,5.0,1017.2,66.7,-18.35
2025-03-24 17:48:08.492000+00:00,,,,,358.5,1.25,1.812,23.0,-73.25,-3.0,-24.688,-0.009,0.003,0.023,-0.72,0.52,9.56,-0.94,0.84,-0.23,0.22,-0.31,9.79,0.15375,0.0,0.0,0.0,0.0,5.0,1017.2,66.7,-18.35
2025-03-24 17:48:09.495000+00:00,,,,,358.5,1.25,1.812,23.0,-73.25,-3.0,-24.688,-0.009,0.003,0.023,-0.72,0.52,9.56,-0.94,0.84,-0.23,0.22,-0.31,9.79,0.15375,-1.25,0.0,0.0,0.0,5.0,1017.2,66.7,-18.35
2025-03-24 17:48:10.499000+00:00,,,,,358.5,1.25,1.812,23.0,-73.25,-3.0,-24.688,-0.009,0.003,0.023,-0.72,0.52,9.56,-0.94,0.84,-0.23,0.22,-0.31,9.79,0.15375,0.0,0.0,0.0,0.0,5.0,1017.2,66.7,-18.35
2025-03-24 17:48:11.503000+00:00,,,,,358.5,1.25,1.812,23.0,-73.25,-3.0,-24.688,-0.009,0.003,0.023,-0.72,0.52,9.56,-0.94,0.84,-0.23,0.22,-0.31,9.79,0.15375,0.0,0.0,0.0,0.0,5.0,1017.2,66.7,-18.35
2025-03-24 17:48:12.506000+00:00,,,,,358.5,1.25,1.812,23.0,-73.25,-3.0,-24.688,-0.009,0.003,0.023,-0.72,0.52,9.56,-0.94,0.84,-0.23,0.22,-0.31,9.79,0.15375,0.0,0.0,0.0,0.0,5.0,1017.2,66.7,-18.35
2025-03-24 17:48:13.511000+00:00,,,,,358.5,1.25,1.812,23.0,-73.25,-3.0,-24.688,-0.009,0.003,0.023,-0.72,0.52,9.56,-0.94,0.84,-0.23,0.22,-0.31,9.79,0.15375,0.0,0.0,0.0,0.0,5.0,1017.2,66.7,-18.35
2025-03-24 17:47:14.651000+00:00,,,,,358.5,1.25,1.812,23.0,-73.25,-3.0,-24.688,-0.009,0.003,0.023,-0.72,0.52,9.56,-0.94,0.84,-0.23,0.22,-0.31,9.79,0.15375,0.0,0.0,0.0,0.0,5.0,1017.2,66.7,-18.35
2025-03-24 17:47:15.705000+00:00,,,,,358.5,1.25,1.812,23.0,-73.25,-3.0,-24.688,-0.009,0.003,0.023,-0.72,0.52,9.56,-0.94,0.84,-0.23,0.22,-0.31,9.79,0.15375,0.0,0.0,0.0,0.0,5.0,1017.2,66.7,-18.35
2025-03-24 17:47:16.759000+00:00,,,,,358.5,1.25,1.812,23.0,-73.25,-3.0,-24.688,-0.009,0.003,0.023,-0.72,0.52,9.56,-0.94,0.84,-0.23,0.22,-0.31,9.79,0.15375,0.0,0.0,0.0,0.0,5.0,1017.2,66.7,-18.35
2025-03-24 17:47:17.781000+00:00,,,,,358.5,1.25,1.812,23.0,-73.25,-3.0,-24.688,-0.009,0.003,0.023,-0.72,0.52,9.56,-0.94,0.84,-0.23,0.22,-0.31,9.79,0.15375,0.0,0.0,0.0,0.0,5.0,1017.2,66.7,-18.35
2025-03-24 17:47:18.891000+00:00,,,,,358.5,1.25,1.812,23.0,-73.25,-3.0,-24.688,-0.009,0.003,0.023,-0.72,0.52,9.56,-0.94,0.84,-0.23,0.22,-0.31,9.79,0.15375,0.0,0.0,0.0,0.0,5.0,1017.2,66.7,-18.35
2025-03-24 17:47:20.021000+00:00,,,,,358.5,1.25,1.812,23.0,-73.25,-3.0,-24.688,-0.009,0.003,0.023,-0.72,0.52,9.56,-0.94,0.84,-0.23,0.22,-0.31,9.79,0.15375,0.0,0.0,0.0,0.0,5.0,1017.2,66.7,-18.35
2025-03-24 17:47:20.754000+00:00,,,,,358.5,1.25,1.812,23.0,-73.25,-3.0,-24.688,-0.009,0.003,0.023,-0.72,0.52,9.56,-0.94,0.84,-0.23,0.22,-0.31,9.79,0.15375,0.0,0.0,0.0,0.0,5.0,1017.2,66.7,-18.35
2025-03-24 17:47:21.700000+00:00,,,,,358.5,1.25,1.812,23.0,-73.25,-3.0,-24.688,-0.009,0.003,0.023,-0.72,0.52,9.56,-0.94,0.84,-0.23,0.22,-0.31,9.79,0.15375,0.0,0.0,0.0,0.0,5.0,1017.2,66.7,-18.35
2025-03-24 17:47:22.711000+00:00,,,,,358.5,1.25,1.812,23.0,-73.25,-3.0,-24.688,-0.009,0.003,0.023,-0.72,0.52,9.56,-0.94,0.84,-0.23,0.22,-0.31,9.79,0.15375,0.0,0.0,0.0,0.0,5.0,1017.2,66.7,-18.35
2025-03-24 17:47:23.745000+00:00,,,,,358.5,1.25,1.812,23.0,-73.25,-3.0,-24.688,-0.009,0.003,0.023,-0.72,0.52,9.56,-0.94,0.84,-0.23,0.22,-0.31,9.79,0.15375,0.0,0.0,0.0,0.0,5.0,1017.2,66.7,-18.35
2025-03-24 17:47:24.744000+00:00,,,,,358.5,1.25,1.812,23.0,-73.25,-3.0,-24.688,-0.009,0.003,0.023,-0.72,0.52,9.56,-0.94,0.84,-0.23,0.22,-0.31,9.79,0.15375,0.0,0.0,0.0,0.0,5.0,1017.2,66.7,-18.35
2025-03-24 17:47:25.815000+00:00,,,,,358.5,1.25,1.812,23.0,-73.25,-3.0,-24.688,-0.009,0.003,0.023,-0.72,0.52,9.56,-0.94,0.84,-0.23,0.22,-0.31,9.79,0.15375,0.0,0.0,0.0,0.0,5.0,1017.2,66.7,-18.35
2025-03-24 17:47:26.757000+00:00,,,,,358.5,1.25,1.812,23.0,-73.25,-3.0,-24.688,-0.009,0.003,0.023,-0.72,0.52,9.56,-0.94,0.84,-0.23,0.22,-0.31,9.79,0.15375,0.0,0.0,0.0,0.0,5.0,1017.2,66.7,-18.35
2025-03-24 17:47:27.755000+00:00,,,,,358.5,1.25,1.812,23.0,-73.25,-3.0,-24.688,-0.009,0.003,0.023,-0.72,0.52,9.56,-0.94,0.84,-0.23,0.22,-0.31,9.79,0.15375,0.0,0.0,0.0,0.0,5.0,1017.2,66.7,-18.35
2025-03-24 17:47:28.851000+00:00,,,,,358.5,1.25,1.812,23.0,-73.25,-3.0,-24.688,-0.009,0.003,0.023,-0.72,0.52,9.56,-0.94,0.84,-0.23,0.22,-0.31,9.79,0.15375,0.0,0.0,0.0,0.0,5.0,1017.2,66.7,-18.35
2025-03-24 17:47:29.925000+00:00,,,,,358.5,1.25,1.812,23.0,-73.25,-3.0,-24.688,-0.009,0.003,0.023,-0.72,0.52,9.56,-0.94,0.84,-0.23,0.22,-0.31,9.79,0.15375,0.0,0.0,0.0,0.0,5.0,1017.2,66.7,-18.35
2025-03-24 17:47:31.089000+00:00,,,,,358.5,1.25,1.812,23.0,-73.25,-3.0,-24.688,-0.009,0.003,0.023,-0.72,0.52,9.56,-0.94,0.84,-0.23,0.22,-0.31,9.79,0.15375,0.0,0.0,0.0,0.0,5.0,1017.2,66.7,-18.35
2025-03-24 17:47:32.094000+00:00,,,,,358.5,1.25,1.812,23.0,-73.25,-3.0,-24.688,-0.009,0.003,0.023,-0.72,0.52,9.56,-0.94,0.84,-0.23,0.22,-0.31,9.79,0.15375,0.0,0.0,0.0,0.0,5.0,1017.2,66.7,-18.35
2025-03-24 17:47:32.823000+00:00,,,,,358.5,1.25,1.812,23.0,-73.25,-3.0,-24.688,-0.009,0.003,0.023,-0.72,0.52,9.56,-0.94,0.84,-0.23,0.22,-0.31,9.79,0.15375,0.0,0.0,0.0,0.0,5.0,1017.2,66.7,-18.35
2025-03-24 17:47:33.821000+00:00,,,,,358.5,1.25,1.812,23.0,-73.25,-3.0,-24.688,-0.009,0.003,0.023,-0.72,0.52,9.56,-0.94,0.84,-0.23,0.22,-0.31,9.79,0.15375,0.0,0.0,0.0,0.0,5.0,1017.2,66.7,-18.35
2025-03-24 17:47:34.680000+00:00,,,,,358.5,1.25,1.812,23.0,-73.25,-3.0,-24.688,-0.009,0.003,0.023,-0.72,0.52,9.56,-0.94,0.84,-0.23,0.22,-0.31,9.79,0.15375,0.0,0.0,0.0,0.0,5.0,1017.2,66.7,-18.35
2025-03-24 17:47:35.480000+00:00,,,,,358.5,1.25,1.812,23.0,-73.25,-3.0,-24.688,-0.009,0.003,0.023,-0.72,0.52,9.56,-0.94,0.84,-0.23,0.22,-0.31,9.79,0.15375,0.0,0.0,0.0,0.0,5.0,1017.2,66.7,-18.35
2025-03-24 17:47:36.480000+00:00,,,,,358.5,1.25,1.812,23.0,-73.25,-3.0,-24.688,-0.009,0.003,0.023,-0.72,0.52,9.56,-0.94,0.84,-0.23,0.22,-0.31,9.79,0.15375,0.0,0.0,0.0,0.0,5.0,1017.2,66.7,-18.35
2025-03-24 17:47:37.480000+00:00,,,,,358.5,1.25,1.812,23.0,-73.25,-3.0,-24.688,-0.009,0.003,0.023,-0.72,0.52,9.56,-0.94,0.84,-0.23,0.22,-0.31,9.79,0.15375,0.0,0.0,0.0,0.0,5.0,1017.2,66.7,-18.35
2025-03-24 17:47:38.480000+00:00,,,,,358.5,1.25,1.812,23.0,-73.25,-3.0,-24.688,-0.009,0.003,0.023,-0.72,0.52,9.56,-0.94,0.84,-0.23,0.22,-0.31,9.79,0.15375,0.0,0.0,0.0,0.0,5.0,1017.2,66.7,-18.35
2025-03-24 17:47:39.494000+00:00,,,,,358.5,1.25,1.812,23.0,-73.25,-3.0,-24.688,-0.009,0.003,0.023,-0.72,0.52,9.56,-0.94,0.84,-0.23,0.22,-0.31,9.79,0.15375,0.0,0.0,0.0,0.0,5.0,1017.2,66.7,-18.35
2025-03-24 17:47:40.483000+00:00,,,,,358.5,1.25,1.812,23.0,-73.25,-3.0,-24.688,-0.009,0.003,0.023,-0.72,0.52,9.56,-0.94,0.84,-0.23,0.22,-0.31,9.79,0.15375,0.0,0.0,0.0,0.0,5.0,1017.2,66.7,-18.35
2025-03-24 17:47:41.493000+00:00,,,,,358.5,1.25,1.812,23.0,-73.25,-3.0,-24.688,-0.009,0.003,0.023,-0.72,0.52,9.56,-0.94,0.84,-0.23,0.22,-0.31,9.79,0.15375,0.0,0.0,0.0,0.0,5.0,1017.2,66.7,-18.35
2025-03-24 17:47:42.493000+00:00,,,,,358.5,1.25,1.812,23.0,-73.25,-3.0,-24.688,-0.009,0.003,0.023,-0.72,0.52,9.56,-0.94,0.84,-0.23,0.22,-0.31,9.79,0.15375,0.0,0.0,0.0,0.0,5.0,1017.2,66.7,-18.35
2025-03-24 17:47:43.503000+00:00,,,,,358.5,1.25,1.812,23.0,-73.25,-3.0,-24.688,-0.009,0.003,0.023,-0.72,0.52,9.56,-0.94,0.84,-0.23,0.22,-0.31,9.79,0.15375,0.0,0.0,0.0,0.0,5.0,1017.2,66.7,-18.35
2025-03-24 17:47:44.503000+00:00,,,,,358.5,1.25,1.812,23.0,-73.25,-3.0,-24.688,-0.009,0.003,0.023,-0.72,0.52,9.56,-0.94,0.84,-0.23,0.22,-0.31,9.79,0.15375,0.0,0.0,0.0,0.0,5.0,1017.2,66.7,-18.35
2025-03-24 17:47:45.594000+00:00,,,,,358.5,1.25,1.812,23.0,-73.25,-3.0,-24.688,-0.009,0.003,0.023,-0.72,0.52,9.56,-0.94,0.84,-0.23,0.22,-0.31,9.79,0.15375,0.0,0.0,0.0,0.0,5.0,1017.2,66.7,-18.35
2025-03-24 17:47:46.613000+00:00,,,,,358.5,1.25,1.812,23.0,-73.25,-3.0,-24.688,-0.009,0.003,0.023,-0.72,0.52,9.56,-0.94,0.84,-0.23,0.22,-0.31,9.79,0.15375,0.0,0.0,0.0,0.0,5.0,1017.2,66.7,-18.35
2025-03-24 17:47:47.650000+00:00,,,,,358.5,1.25,1.812,23.0,-73.25,-3.0,-24.688,-0.009,0.003,0.023,-0.72,0.52,9.56,-0.94,0.84,-0.23,0.22,-0.31,9.79,0.15375,0.0,0.0,0.0,0.0,5.0,1017.2,66.7,-18.35
2025-03-24 17:47:48.679000+00:00,,,,,358.5,1.25,1.812,23.0,-73.25,-3.0,-24.688,-0.009,0.003,0.023,-0.72,0.52,9.56,-0.94,0.84,-0.23,0.22,-0.31,9.79,0.15375,0.0,0.0,0.0,0.0,5.0,1017.2,66.7,-18.35
2025-03-24 17:47:49.740000+00:00,,,,,358.5,1.25,1.812,23.0,-73.25,-3.0,-24.688,-0.009,0.003,0.023,-0.72,0.52,9.56,-0.94,0.84,-0.23,0.22,-0.31,9.79,0.15375,0.0,0.0,0.0,0.0,5.0,1017.2,66.7,-18.35
2025-03-24 17:47:50.773000+00:00,,,,,358.5,1.25,1.812,23.0,-73.25,-3.0,-24.688,-0.009,0.003,0.023,-0.72,0.52,9.56,-0.94,0.84,-0.23,0.22,-0.31,9.79,0.15375,0.0,0.0,0.0,0.0,5.0,1017.2,66.7,-18.35
2025-03-24 17:47:51.523000+00:00,,,,,358.5,1.25,1.812,23.0,-73.25,-3.0,-24.688,-0.009,0.003,0.023,-0.72,0.52,9.56,-0.94,0.84,-0.23,0.22,-0.31,9.79,0.15375,0.0,0.0,0.0,0.0,5.0,1017.2,66.7,-18.35
2025-03-24 17:47:52.533000+00:00,,,,,358.5,1.25,1.812,23.0,-73.25,-3.0,-24.688,-0.009,0.003,0.023,-0.72,0.52,9.56,-0.94,0.84,-0.23,0.22,-0.31,9.79,0.15375,0.0,0.0,0.0,0.0,5.0,1017.2,66.7,-18.35
2025-03-24 17:47:53.539000+00:00,,,,,358.5,1.25,1.812,23.0,-73.25,-3.0,-24.688,-0.009,0.003,0.023,-0.72,0.52,9.56,-0.94,0.84,-0.23,0.22,-0.31,9.79,0.15375,0.0,0.0,0.0,0.0,5.0,1017.2,66.7,-18.35
2025-03-24 17:47:54.543000+00:00,,,,,358.5,1.25,1.812,23.0,-73.25,-3.0,-24.688,-0.009,0.003,0.023,-0.72,0.52,9.56,-0.94,0.84,-0.23,0.22,-0.31,9.79,0.15375,0.0,0.0,0.0,0.0,5.0,1017.2,66.7,-18.35
2025-03-24 17:47:55.543000+00:00,,,,,358.5,1.25,1.812,23.0,-73.25,-3.0,-24.688,-0.009,0.003,0.023,-0.72,0.52,9.56,-0.94,0.84,-0.23,0.22,-0.31,9.79,0.15375,0.0,0.0,0.0,0.0,5.0,1017.2,66.7,-18.35
2025-03-24 17:47:56.543000+00:00,,,,,358.5,1.25,1.812,23.0,-73.25,-3.0,-24.688,-0.009,0.003,0.023,-0.72,0.52,9.56,-0.94,0.84,-0.23,0.22,-0.31,9.79,0.15375,0.0,0.0,0.0,0.0,5.0,1017.2,66.7,-18.35
2025-03-24 17:47:57.653000+00:00,,,,,358.5,1.25,1.812,23.0,-73.25,-3.0,-24.688,-0.009,0.003,0.023,-0.72,0.52,9.56,-0.94,0.84,-0.23,0.22,-0.31,9.79,0.15375,0.0,0.0,0.0,0.0,5.0,1017.2,66.7,-18.35
2025-03-24 17:47:58.709000+00:00,,,,,358.5,1.25,1.812,23.0,-73.25,-3.0,-24.688,-0.009,0.003,0.023,-0.72,0.52,9.56,-0.94,0.84,-0.23,0.22,-0.31,9.79,0.15375,0.0,0.0,0.0,0.0,5.0,1017.2,66.7,-18.35
2025-03-24 17:47:59.753000+00:00,,,,,358.5,1.25,1.812,23.0,-73.25,-3.0,-24.688,-0.009,0.003,0.023,-0.72,0.52,9.56,-0.94,0.84,-0.23,0.22,-0.31,9.79,0.15375,0.0,0.0,0.0,0.0,5.0,1017.2,66.7,-18.35
2025-03-24 17:48:00.566000+00:00,,,,,358.5,1.25,1.812,23.0,-73.25,-3.0,-24.688,-0.009,0.003,0.023,-0.72,0.52,9.56,-0.94,0.84,-0.23,0.22,-0.31,9.79,0.15375,0.0,0.0,0.0,0.0,5.0,1017.2,66.7,-18.35
2025-03-24 17:48:01.564000+00:00,,,,,358.5,1.25,1.812,23.0,-73.25,-3.0,-24.688,-0.009,0.003,0.023,-0.72,0.52,9.56,-0.94,0.84,-0.23,0.22,-0.31,9.79,0.15375,0.0,0.0,0.0,0.0,5.0,1017.2,66.7,-18.35
2025-03-24 17:48:02.579000+00:00,,,,,358.5,1.25,1.812,23.0,-73.25,-3.0,-24.688,-0.009,0.003,0.023,-0.72,0.52,9.56,-0.94,0.84,-0.23,0.22,-0.31,9.79,0.15375,0.0,0.0,0.0,0.0,5.0,1017.2,66.7,-18.35
2025-03-24 17:48:03.573000+00:00,,,,,358.5,1.25,1.812,23.0,-73.25,-3.0,-24.688,-0.009,0.003,0.023,-0.72,0.52,9.56,-0.94,0.84,-0.23,0.22,-0.31,9.79,0.15375,0.0,0.0,0.0,0.0,5.0,1017.2,66.7,-18.35
2025-03-24 17:48:04.572000+00:00,,,,,358.5,1.25,1.812,23.0,-73.25,-3.0,-24.688,-0.009,0.003,0.023,-0.72,0.52,9.56,-0.94,0.84,-0.23,0.22,-0.31,9.79,0.15375,0.0,0.0,0.0,0.0,5.0,1017.2,66.7,-18.35
2025-03-24 17:48:05.588000+00:00,,,,,358.5,1.25,1.812,23.0,-73.25,-3.0,-24.688,-0.009,0.003,0.023,-0.72,0.52,9.56,-0.94,0.84,-0.23,0.22,-0.31,9.79,0.15375,0.0,0.0,0.0,0.0,5.0,1017.2,66.7,-18.35
2025-03-24 17:48:06.584000+00:00,,,,,358.5,1.25,1.812,23.0,-73.25,-3.0,-24.688,-0.009,0.003,0.023,-0.72,0.52,9.56,-0.94,0.84,-0.23,0.22,-0.31,9.79,0.15375,0.0,0.0,0.0,0.0,5.0,1017.2,66.7,-18.35
2025-03-24 17:48:07.593000+00:00,,,,,358.5,1.25,1.812,23.0,-73.25,-3.0,-24.688,-0.009,0.003,0.023,-0.72,0.52,9.56,-0.94,0.84,-0.23,0.22,-0.31,9.79,0.15375,0.0,0.0,0.0,0.0,5.0,1017.2,66.7,-18.35
2025-03-24 17:48:08.592000+00:00,,,,,358.5,1.25,1.812,23.0,-73.25,-3.0,-24.688,-0.009,0.003,0.023,-0.72,0.52,9.56,-0.94,0.84,-0.23,0.22,-0.31,9.79,0.15375,0.0,0.0,0.0,0.0,5.0,1017.2,66.7,-18.35
2025-03-24 17:48:09.609000+00:00,,,,,358.5,1.25,1.812,23.0,-73.25,-3.0,-24.688,-0.009,0.003,0.023,-0.72,0.52,9.56,-0.94,0.84,-0.23,0.22,-0.31,9.79,0.15375,0.0,0.0,0.0,0.0,5.0,1017.2,66.7,-18.35
2025-03-24 17:48:10.613000+00:00,,,,,358.5,1.25,1.812,23.0,-73.25,-3.0,-24.688,-0.009,0.003,0.023,-0.72,0.52,9.56,-0.94,0.84,-0.23,0.22,-0.31,9.79,0.15375,0.0,0.0,0.0,0.0,5.0,1017.2,66.7,-18.35
2025-03-24 17:48:11.619000+00:00,,,,,358.5,1.25,1.812,23.0,-73.25,-3.0,-24.688,-0.009,0.003,0.023,-0.72,0.52,9.56,-0.94,0.84,-0.23,0.22,-0.31,9.79,0.15375,0.0,0.0,0.0,0.0,5.0,1017.2,66.7,-18.35
2025-03-24 17:48:12.611000+00:00,,,,,358.5,1.25,1.812,23.0,-73.25,-3.0,-24.688,-0.009,0.003,0.023,-0.72,0.52,9.56,-0.94,0.84,-0.23,0.22,-0.31,9.79,0.15375,0.0,0.0,0.0,0.0,5.0,1017.2,66.7,-18.35
2025-03-24 17:48:13.611000+00:00,,,,,358.5,1.25,1.812,23.0,-73.25,-3.0,-24.688,-0.009,0.003,0.023,-0.72,0.52,9.56,-0.94,0.84,-0.23,0.22,-0.31,9.79,0.15375,0.0,0.0,0.0,0.0,5.0,1017.2,66.7,-18.35
2025-03-24 17:47:15.553000+00:00,,,,,358.5,1.25,1.812,23.0,-73.25,-3.0,-24.688,-0.009,0.003,0.023,-0.72,0.52,9.56,-0.94,0.84,-0.23,0.22,-0.31,9.79,0.15375,0.0,0.0,0.0,0.0,5.0,1017.2,66.7,-18.35
2025-03-24 17:47:20.605000+00:00,,,,,358.5,1.25,1.812,23.0,-73.25,-3.0,-24.688,-0.009,0.003,0.023,-0.72,0.52,9.56,-0.94,0.84,-0.23,0.22,-0.31,9.79,0.15375,0.0,0.0,0.0,0.0,5.0,1017.2,66.7,-18.35
2025-03-24 17:47:25.248000+00:00,,,,,358.5,1.25,1.812,23.0,-73.25,-3.0,-24.688,-0.009,0.003,0.023,-0.72,0.52,9.56,-0.94,0.84,-0.23,0.22,-0.31,9.79,0.15375,0.0,0.0,0.0,0.0,5.0,1017.2,66.7,-18.35
2025-03-24 17:47:30.249000+00:00,,,,,358.5,1.25,1.812,23.0,-73.25,-3.0,-24.688,-0.009,0.003,0.023,-0.72,0.52,9.56,-0.94,0.84,-0.23,0.22,-0.31,9.79,0.15375,0.0,0.0,0.0,0.0,5.0,1017.2,66.7,-18.35
2025-03-24 17:47:35.249000+00:00,,,,,358.5,1.25,1.812,23.0,-73.25,-3.0,-24.688,-0.009,0.003,0.023,-0.72,0.52,9.56,-0.94,0.84,-0.23,0.22,-0.31,9.79,0.15375,0.0,0.0,0.0,0.0,5.0,1017.2,66.7,-18.35
2025-03-24 17:47:40.268000+00:00,,,,,358.5,1.25,1.812,23.0,-73.25,-3.0,-24.688,-0.009,0.003,0.023,-0.72,0.52,9.56,-0.94,0.84,-0.23,0.22,-0.31,9.79,0.15375,0.0,0.0,0.0,0.0,5.0,1017.2,66.7,-18.35
2025-03-24 17:47:45.445000+00:00,,,,,358.5,1.25,1.812,23.0,-73.25,-3.0,-24.688,-0.009,0.003,0.023,-0.72,0.52,9.56,-0.94,0.84,-0.23,0.22,-0.31,9.79,0.15375,0.0,0.0,0.0,0.0,5.0,1017.2,66.7,-18.35
2025-03-24 17:47:50.249000+00:00,,,,,358.5,1.25,1.812,23.0,-73.25,-3.0,-24.688,-0.009,0.003,0.023,-0.72,0.52,9.56,-0.94,0.84,-0.23,0.22,-0.31,9.79,0.15375,0.0,0.0,0.0,0.0,5.0,1017.2,66.7,-18.35
2025-03-24 17:47:55.295000+00:00,,,,,358.5,1.25,1.812,23.0,-73.25,-3.0,-24.688,-0.009,0.003,0.023,-0.72,0.52,9.56,-0.94,0.84,-0.23,0.22,-0.31,9.79,0.15375,0.0,0.0,0.0,0.0,5.0,1017.2,66.7,-18.35
2025-03-24 17:48:00.250000+00:00,,,,,358.5,1.25,1.812,23.0,-73.25,-3.0,-24.688,-0.009,0.003,0.023,-0.72,0.52,9.56,-0.94,0.84,-0.23,0.22,-0.31,9.79,0.15375,0.0,0.0,0.0,0.0,5.0,1017.2,66.7,-18.35
2025-03-24 17:48:05.373000+00:00,,,,,358.5,1.25,1.812,23.0,-73.25,-3.0,-24.688,-0.009,0.003,0.023,-0.72,0.52,9.56,-0.94,0.84,-0.23,0.22,-0.31,9.79,0.15375,0.0,0.0,0.0,0.0,5.0,1017.2,66.7,-18.35
2025-03-24 17:48:10.368000+00:00,,,,,358.5,1.25,1.812,23.0,-73.25,-3.0,-24.688,-0.009,0.003,0.023,-0.72,0.52,9.56,-0.94,0.84,-0.23,0.22,-0.31,9.79,0.15375,0.0,0.0,0.0,0.0,5.0,1017.2,66.7,-18.35
2025-03-24 17:47:14.874000+00:00,,,,,358.5,1.25,1.812,23.0,-73.25,-3.0,-24.688,-0.009,0.003,0.023,-0.72,0.52,9.56,-0.94,0.84,-0.23,0.22,-0.31,9.79,0.15375,0.0,0.0,0.0,0.0,5.0,1017.2,66.7,-18.35
2025-03-24 17:47:15.922000+00:00,,,,,358.5,1.25,1.812,23.0,-73.25,-3.0,-24.688,-0.009,0.003,0.023,-0.72,0.52,9.56,-0.94,0.84,-0.23,0.22,-0.31,9.79,0.15375,0.0,0.0,0.0,0.0,5.0,1017.2,66.7,-18.35
2025-03-24 17:47:16.967000+00:00,,,,,358.5,1.25,1.812,23.0,-73.25,-3.0,-24.688,-0.009,0.003,0.023,-0.72,0.52,9.56,-0.94,0.84,-0.23,0.22,-0.31,9.79,0.15375,0.0,0.0,0.0,0.0,5.0,1017.2,66.7,-18.35
2025-03-24 17:47:18.111000+00:00,,,,,358.5,1.25,1.812,23.0,-73.25,-3.0,-24.688,-0.009,0.003,0.023,-0.72,0.52,9.56,-0.94,0.84,-0.23,0.22,-0.31,9.79,0.15375,0.0,0.0,0.0,0.0,5.0,1017.2,66.7,-18.35
2025-03-24 17:47:19.585000+00:00,,,,,358.5,1.25,1.812,23.0,-73.25,-3.0,-24.688,-0.009,0.003,0.023,-0.72,0.52,9.56,-0.94,0.84,-0.23,0.22,-0.31,9.79,0.15375,0.0,0.0,0.0,0.0,5.0,1017.2,66.7,-18.35
2025-03-24 17:47:20.805000+00:00,,,,,358.5,1.25,1.812,23.0,-73.25,-3.0,-24.688,-0.009,0.003,0.023,-0.72,0.52,9.56,-0.94,0.84,-0.23,0.22,-0.31,9.79,0.15375,0.0,0.0,0.0,0.0,5.0,1017.2,66.7,-18.35
2025-03-24 17:47:21.745000+00:00,,,,,358.5,1.25,1.812,23.0,-73.25,-3.0,-24.688,-0.009,0.003,0.023,-0.72,0.52,9.56,-0.94,0.84,-0.23,0.22,-0.31,9.79,0.15375,0.0,0.0,0.0,0.0,5.0,1017.2,66.7,-18.35
2025-03-24 17:47:22.771000+00:00,,,,,358.5,1.25,1.812,23.0,-73.25,-3.0,-24.688,-0.009,0.003,0.023,-0.72,0.52,9.56,-0.94,0.84,-0.23,0.22,-0.31,9.79,0.15375,0.0,0.0,0.0,0.0,5.0,1017.2,66.7,-18.35
2025-03-24 17:47:23.801000+00:00,,,,,358.5,1.25,1.812,23.0,-73.25,-3.0,-24.688,-0.009,0.003,0.023,-0.72,0.52,9.56,-0.94,0.84,-0.23,0.22,-0.31,9.79,0.15375,0.0,0.0,0.0,0.0,5.0,1017.2,66.7,-18.35
2025-03-24 17:47:24.795000+00:00,,,,,358.5,1.25,1.812,23.0,-73.25,-3.0,-24.688,-0.009,0.003,0.023,-0.72,0.52,9.56,-0.94,0.84,-0.23,0.22,-0.31,9.79,0.15375,0.0,0.0,0.0,0.0,5.0,1017.2,66.7,-18.35
2025-03-24 17:47:25.864000+00:00,,,,,358.5,1.25,1.812,23.0,-73.25,-3.0,-24.688,-0.009,0.003,0.023,-0.72,0.52,9.56,-0.94,0.84,-0.23,0.22,-0.31,9.79,0.15375,0.0,0.0,0.0,0.0,5.0,1017.2,66.7,-18.35
2025-03-24 17:47:26.875000+00:00,,,,,358.5,1.25,1.812,23.0,-73.25,-3.0,-24.688,-0.009,0.003,0.023,-0.72,0.52,9.56,-0.94,0.84,-0.23,0.22,-0.31,9.79,0.15375,0.0,0.0,0.0,0.0,5.0,1017.2,66.7,-18.35
2025-03-24 17:47:28.028000+00:00,,,,,358.5,1.25,1.812,23.0,-73.25,-3.0,-24.688,-0.009,0.003,0.023,-0.72,0.52,9.56,-0.94,0.84,-0.23,0.22,-0.31,9.79,0.15375,0.0,0.0,0.0,0.0,5.0,1017.2,66.7,-18.35
2025-03-24 17:47:29.172000+00:00,,,,,358.5,1.25,1.812,23.0,-73.25,-3.0,-24.688,-0.009,0.003,0.023,-0.72,0.52,9.56,-0.94,0.84,-0.23,0.22,-0.31,9.79,0.15375,0.0,0.0,0.0,0.0,5.0,1017.2,66.7,-18.35
2025-03-24 17:47:30.690000+00:00,,,,,358.5,1.25,1.812,23.0,-73.25,-3.0,-24.688,-0.009,0.003,0.023,-0.72,0.52,9.56,-0.94,0.84,-0.23,0.22,-0.31,9.79,0.15375,0.0,0.0,0.0,0.0,5.0,1017.2,66.7,-18.35
2025-03-24 17:47:31.266000+00:00,,,,,358.5,1.25,1.812,23.0,-73.25,-3.0,-24.688,-0.009,0.003,0.023,-0.72,0.52,9.56,-0.94,0.84,-0.23,0.22,-0.31,9.79,0.15375,0.0,0.0,0.0,0.0,5.0,1017.2,66.7,-18.35
2025-03-24 17:47:32.875000+00:00,,,,,358.5,1.25,1.812,23.0,-73.25,-3.0,-24.688,-0.009,0.003,0.023,-0.72,0.52,9.56,-0.94,0.84,-0.23,0.22,-0.31,9.79,0.15375,0.0,0.0,0.0,0.0,5.0,1017.2,66.7,-18.35
2025-03-24 17:47:33.881000+00:00,,,,,358.5,1.25,1.812,23.0,-73.25,-3.0,-24.688,-0.009,0.003,0.023,-0.72,0.52,9.56,-0.94,0.84,-0.23,0.22,-0.31,9.79,0.15375,0.0,0.0,0.0,0.0,5.0,1017.2,66.7,-18.35
2025-03-24 17:47:34.918000+00:00,,,,,358.5,1.25,1.812,23.0,-73.25,-3.0,-24.688,-0.009,0.003,0.023,-0.72,0.52,9.56,-0.94,0.84,-0.23,0.22,-0.31,9.79,0.15375,0.0,0.0,0.0,0.0,5.0,1017.2,66.7,-18.35
2025-03-24 17:47:35.894000+00:00,,,,,358.5,1.25,1.812,23.0,-73.25,-3.0,-24.688,-0.009,0.003,0.023,-0.72,0.52,9.56,-0.94,0.84,-0.23,0.22,-0.31,9.79,0.15375,0.0,0.0,0.0,0.0,5.0,1017.2,66.7,-18.35
2025-03-24 17:47:36.906000+00:00,,,,,358.5,1.25,1.812,23.0,-73.25,-3.0,-24.688,-0.009,0.003,0.023,-0.72,0.52,9.56,-0.94,0.84,-0.23,0.22,-0.31,9.79,0.15375,0.0,0.0,0.0,0.0,5.0,1017.2,66.7,-18.35
2025-03-24 17:47:38.050000+00:00,,,,,358.5,1.25,1.812,23.0,-73.25,-3.0,-24.688,-0.009,0.003,0.023,-0.72,0.52,9.56,-0.94,0.84,-0.23,0.22,-0.31,9.79,0.15375,0.0,0.0,0.0,0.0,5.0,1017.2,66.7,-18.35
2025-03-24 17:47:39.943000+00:00,,,,,358.5,1.25,1.812,23.0,-73.25,-3.0,-24.688,-0.009,0.003,0.023,-0.72,0.52,9.56,-0.94,0.84,-0.23,0.22,-0.31,9.79,0.15375,0.0,0.0,0.0,0.0,5.0,1017.2,66.7,-18.35
2025-03-24 17:47:40.893000+00:00,,,,,358.5,1.25,1.812,23.0,-73.25,-3.0,-24.688,-0.009,0.003,0.023,-0.72,0.52,9.56,-0.94,0.84,-0.23,0.22,-0.31,9.79,0.15375,0.0,0.0,0.0,0.0,5.0,1017.2,66.7,-18.35
2025-03-24 17:47:41.950000+00:00,,,,,358.5,1.25,1.812,23.0,-73.25,-3.0,-24.688,-0.009,0.003,0.023,-0.72,0.52,9.56,-0.94,0.84,-0.23,0.22,-0.31,9.79,0.15375,0.0,0.0,0.0,0.0,5.0,1017.2,66.7,-18.35
2025-03-24 17:47:42.933000+00:00,,,,,358.5,1.25,1.812,23.0,-73.25,-3.0,-24.688,-0.009,0.003,0.023,-0.72,0.52,9.56,-0.94,0.84,-0.23,0.22,-0.31,9.79,0.15375,0.0,0.0,0.0,0.0,5.0,1017.2,66.7,-18.35
2025-03-24 17:47:44.080000+00:00,,,,,358.5,1.25,1.812,23.0,-73.25,-3.0,-24.688,-0.009,0.003,0.023,-0.72,0.52,9.56,-0.94,0.84,-0.23,0.22,-0.31,9.79,0.15375,0.0,0.0,0.0,0.0,5.0,1017.2,66.7,-18.35
2025-03-24 17:47:45.126000+00:00,,,,,358.5,1.25,1.812,23.0,-73.25,-3.0,-24.688,-0.009,0.003,0.023,-0.72,0.52,9.56,-0.94,0.84,-0.23,0.22,-0.31,9.79,0.15375,0.0,0.0,0.0,0.0,5.0,1017.2,66.7,-18.35
2025-03-24 17:47:46.170000+00:00,,,,,358.5,1.25,1.812,23.0,-73.25,-3.0,-24.688,-0.009,0.003,0.023,-0.72,0.52,9.56,-0.94,0.84,-0.23,0.22,-0.31,9.79,0.15375,0.0,0.0,0.0,0.0,5.0,1017.2,66.7,-18.35
2025-03-24 17:47:47.214000+00:00,,,,,358.5,1.25,1.812,23.0,-73.25,-3.0,-24.688,-0.009,0.003,0.023,-0.72,0.52,9.56,-0.94,0.84,-0.23,0.22,-0.31,9.79,0.15375,0.0,0.0,0.0,0.0,5.0,1017.2,66.7,-18.35
2025-03-24 17:47:48.259000+00:00,,,,,358.5,1.25,1.812,23.0,-73.25,-3.0,-24.688,-0.009,0.003,0.023,-0.72,0.52,9.56,-0.94,0.84,-0.23,0.22,-0.31,9.79,0.15375,0.0,0.0,0.0,0.0,5.0,1017.2,66.7,-18.35
2025-03-24 17:47:49.304000+00:00,,,,,358.5,1.25,1.812,23.0,-73.25,-3.0,-24.688,-0.009,0.003,0.023,-0.72,0.52,9.56,-0.94,0.84,-0.23,0.22,-0.31,9.79,0.15375,0.0,0.0,0.0,0.0,5.0,1017.2,66.7,-18.35
2025-03-24 17:47:50.348000+00:00,,,,,358.5,1.25,1.812,23.0,-73.25,-3.0,-24.688,-0.009,0.003,0.023,-0.72,0.52,9.56,-0.94,0.84,-0.23,0.22,-0.31,9.79,0.15375,0.0,0.0,0.0,0.0,5.0,1017.2,66.7,-18.35
2025-03-24 17:47:51.573000+00:00,,,,,358.5,1.25,1.812,23.0,-73.25,-3.0,-24.688,-0.009,0.003,0.023,-0.72,0.52,9.56,-0.94,0.84,-0.23,0.22,-0.31,9.79,0.15375,0.0,0.0,0.0,0.0,5.0,1017.2,66.7,-18.35
2025-03-24 17:47:52.958000+00:00,,,,,358.5,1.25,1.812,23.0,-73.25,-3.0,-24.688,-0.009,0.003,0.023,-0.72,0.52,9.56,-0.94,0.84,-0.23,0.22,-0.31,9.79,0.15375,0.0,0.0,0.0,0.0,5.0,1017.2,66.7,-18.35
2025-03-24 17:47:53.959000+00:00,,,,,358.5,1.25,1.812,23.0,-73.25,-3.0,-24.688,-0.009,0.003,0.023,-0.72,0.52,9.56,-0.94,0.84,-0.23,0.22,-0.31,9.79,0.15375,0.0,0.0,0.0,0.0,5.0,1017.2,66.7,-18.35
2025-03-24 17:47:54.964000+00:00,,,,,358.5,1.25,1.812,23.0,-73.25,-3.0,-24.688,-0.009,0.003,0.023,-0.72,0.52,9.56,-0.94,0.84,-0.23,0.22,-0.31,9.79,0.15375,0.0,0.0,0.0,0.0,5.0,1017.2,66.7,-18.35
2025-03-24 17:47:56.082000+00:00,,,,,358.5,1.25,1.812,23.0,-73.25,-3.0,-24.688,-0.009,0.003,0.023,-0.72,0.52,9.56,-0.94,0.84,-0.23,0.22,-0.31,9.79,0.15375,0.0,0.0,0.0,0.0,5.0,1017.2,66.7,-18.35
2025-03-24 17:47:57.227000+00:00,,,,,358.5,1.25,1.812,23.0,-73.25,-3.0,-24.688,-0.009,0.003,0.023,-0.72,0.52,9.56,-0.94,0.84,-0.23,0.22,-0.31,9.79,0.15375,0.0,0.0,0.0,0.0,5.0,1017.2,66.7,-18.35
2025-03-24 17:47:58.271000+00:00,,,,,358.5,1.25,1.812,23.0,-73.25,-3.0,-24.688,-0.009,0.003,0.023,-0.72,0.52,9.56,-0.94,0.84,-0.23,0.22,-0.31,9.79,0.15375,0.0,0.0,0.0,0.0,5.0,1017.2,66.7,-18.35
2025-03-24 17:47:59.320000+00:00,,,,,358.5,1.25,1.812,23.0,-73.25,-3.0,-24.688,-0.009,0.003,0.023,-0.72,0.52,9.56,-0.94,0.84,-0.23,0.22,-0.31,9.79,0.15375,0.0,0.0,0.0,0.0,5.0,1017.2,66.7,-18.35
2025-03-24 17:48:00.613000+00:00,,,,,358.5,1.25,1.812,23.0,-73.25,-3.0,-24.688,-0.009,0.003,0.023,-0.72,0.52,9.56,-0.94,0.84,-0.23,0.22,-0.31,9.79,0.15375,0.0,0.0,0.0,0.0,5.0,1017.2,66.7,-18.35
2025-03-24 17:48:01.883000+00:00,,,,,358.5,1.25,1.812,23.0,-73.25,-3.0,-24.688,-0.009,0.003,0.023,-0.72,0.52,9.56,-0.94,0.84,-0.23,0.22,-0.31,9.79,0.15375,0.0,0.0,0.0,0.0,5.0,1017.2,66.7,-18.35
2025-03-24 17:48:03.015000+00:00,,,,,358.5,1.25,1.812,23.0,-73.25,-3.0,-24.688,-0.009,0.003,0.023,-0.72,0.52,9.56,-0.94,0.84,-0.23,0.22,-0.31,9.79,0.15375,0.0,0.0,0.0,0.0,5.0,1017.2,66.7,-18.35
2025-03-24 17:48:03.983000+00:00,,,,,358.5,1.25,1.812,23.0,-73.25,-3.0,-24.688,-0.009,0.003,0.023,-0.72,0.52,9.56,-0.94,0.84,-0.23,0.22,-0.31,9.79,0.15375,0.0,0.0,0.0,0.0,5.0,1017.2,66.7,-18.35
2025-03-24 17:48:05.060000+00:00,,,,,358.5,1.25,1.812,23.0,-73.25,-3.0,-24.688,-0.009,0.003,0.023,-0.72,0.52,9.56,-0.94,0.84,-0.23,0.22,-0.31,9.79,0.15375,0.0,0.0,0.0,0.0,5.0,1017.2,66.7,-18.35
2025-03-24 17:48:06.022000+00:00,,,,,358.5,1.25,1.812,23.0,-73.25,-3.0,-24.688,-0.009,0.003,0.023,-0.72,0.52,9.56,-0.94,0.84,-0.23,0.22,-0.31,9.79,0.15375,0.0,0.0,0.0,0.0,5.0,1017.2,66.7,-18.35
2025-03-24 17:48:07.024000+00:00,,,,,358.5,1.25,1.812,23.0,-73.25,-3.0,-24.688,-0.009,0.003,0.023,-0.72,0.52,9.56,-0.94,0.84,-0.23,0.22,-0.31,9.79,0.15375,0.0,0.0,0.0,0.0,5.0,1017.2,66.7,-18.35
2025-03-24 17:48:08.095000+00:00,,,,,358.5,1.25,1.812,23.0,-73.25,-3.0,-24.688,-0.009,0.003,0.023,-0.72,0.52,9.56,-0.94,0.84,-0.23,0.22,-0.31,9.79,0.15375,0.0,0.0,0.0,0.0,5.0,1017.2,66.7,-18.35
2025-03-24 17:48:09.668000+00:00,,,,,358.5,1.25,1.812,23.0,-73.25,-3.0,-24.688,-0.009,0.003,0.023,-0.72,0.52,9.56,-0.94,0.84,-0.23,0.22,-0.31,9.79,0.15375,0.0,0.0,0.0,0.0,5.0,1017.2,66.7,-18.35
2025-03-24 17:48:11.062000+00:00,,,,,358.5,1.25,1.812,23.0,-73.25,-3.0,-24.688,-0.009,0.003,0.023,-0.72,0.52,9.56,-0.94,0.84,-0.23,0.22,-0.31,9.79,0.15375,0.0,0.0,0.0,0.0,5.0,1017.2,66.7,-18.35
2025-03-24 17:48:12.062000+00:00,,,,,358.5,1.25,1.812,23.0,-73.25,-3.0,-24.688,-0.009,0.003,0.023,-0.72,0.52,9.56,-0.94,0.84,-0.23,0.22,-0.31,9.79,0.15375,0.0,0.0,0.0,0.0,5.0,1017.2,66.7,-18.35
2025-03-24 17:48:13.102000+00:00,,,,,358.5,1.25,1.812,23.0,-73.25,-3.0,-24.688,-0.009,0.003,0.023,-0.72,0.52,9.56,-0.94,0.84,-0.23,0.22,-0.31,9.79,0.15375,0.0,0.0,0.0,0.0,5.0,1017.2,66.7,-18.35
2025-03-24 17:47:14.927000+00:00,,,,,358.5,1.25,1.812,23.0,-73.25,-3.0,-24.688,-0.009,0.003,0.023,-0.72,0.52,9.56,-0.94,0.84,-0.23,0.22,-0.31,9.79,0.15375,0.0,0.0,0.0,0.0,5.0,1017.2,66.7,-18.35
2025-03-24 17:47:15.994000+00:00,,,,,358.5,1.25,1.812,23.0,-73.25,-3.0,-24.688,-0.009,0.003,0.023,-0.72,0.52,9.56,-0.94,0.84,-0.23,0.22,-0.31,9.79,0.15375,0.0,0.0,0.0,0.0,5.0,1017.2,66.7,-18.35
2025-03-24 17:47:17.020000+00:00,,,,,358.5,1.25,1.812,23.0,-73.25,-3.0,-24.688,-0.009,0.003,0.023,-0.72,0.52,9.56,-0.94,0.84,-0.23,0.22,-0.31,9.79,0.15375,0.0,0.0,0.0,0.0,5.0,1017.2,66.7,-18.35
2025-03-24 17:47:18.167000+00:00,,,,,358.5,1.25,1.812,23.0,-73.25,-3.0,-24.688,-0.009,0.003,0.023,-0.72,0.52,9.56,-0.94,0.84,-0.23,0.22,-0.31,9.79,0.15375,0.0,0.0,0.0,0.0,5.0,1017.2,66.7,-18.35
2025-03-24 17:47:19.642000+00:00,,,,,358.5,1.25,1.812,23.0,-73.25,-3.0,-24.688,-0.009,0.003,0.023,-0.72,0.52,9.56,-0.94,0.84,-0.23,0.22,-0.31,9.79,0.15375,0.0,0.0,0.0,0.0,5.0,1017.2,66.7,-18.35
2025-03-24 17:47:20.854000+00:00,,,,,358.5,1.25,1.812,23.0,-73.25,-3.0,-24.688,-0.009,0.003,0.023,-0.72,0.52,9.56,-0.94,0.84,-0.23,0.22,-0.31,9.79,0.15375,0.0,0.0,0.0,0.0,5.0,1017.2,66.7,-18.35
2025-03-24 17:47:21.794000+00:00,,,,,358.5,1.25,1.812,23.0,-73.25,-3.0,-24.688,-0.009,0.003,0.023,-0.72,0.52,9.56,-0.94,0.84,-0.23,0.22,-0.31,9.79,0.15375,0.0,0.0,0.0,0.0,5.0,1017.2,66.7,-18.35
2025-03-24 17:47:22.835000+00:00,,,,,358.5,1.25,1.812,23.0,-73.25,-3.0,-24.688,-0.009,0.003,0.023,-0.72,0.52,9.56,-0.94,0.84,-0.23,0.22,-0.31,9.79,0.15375,0.0,0.0,0.0,0.0,5.0,1017.2,66.7,-18.35
2025-03-24 17:47:23.861000+00:00,,,,,358.5,1.25,1.812,23.0,-73.25,-3.0,-24.688,-0.009,0.003,0.023,-0.72,0.52,9.56,-0.94,0.84,-0.23,0.22,-0.31,9.79,0.15375,0.0,0.0,0.0,0.0,5.0,1017.2,66.7,-18.35
2025-03-24 17:47:24.849000+00:00,,,,,358.5,1.25,1.812,23.0,-73.25,-3.0,-24.688,-0.009,0.003,0.023,-0.72,0.52,9.56,-0.94,0.84,-0.23,0.22,-0.31,9.79,0.15375,0.0,0.0,0.0,0.0,5.0,1017.2,66.7,-18.35
2025-03-24 17:47:25.915000+00:00,,,,,358.5,1.25,1.812,23.0,-73.25,-3.0,-24.688,-0.009,0.003,0.023,-0.72,0.52,9.56,-0.94,0.84,-0.23,0.22,-0.31,9.79,0.15375,0.0,0.0,0.0,0.0,5.0,1017.2,66.7,-18.35
2025-03-24 17:47:26.926000+00:00,,,,,358.5,1.25,1.812,23.0,-73.25,-3.0,-24.688,-0.009,0.003,0.023,-0.72,0.52,9.56,-0.94,0.84,-0.23,0.22,-0.31,9.79,0.15375,0.0,0.0,0.0,0.0,5.0,1017.2,66.7,-18.35
2025-03-24 17:47:28.093000+00:00,,,,,358.5,1.25,1.812,23.0,-73.25,-3.0,-24.688,-0.009,0.003,0.023,-0.72,0.52,9.56,-0.94,0.84,-0.23,0.22,-0.31,9.79,0.15375,0.0,0.0,0.0,0.0,5.0,1017.2,66.7,-18.35
2025-03-24 17:47:29.225000+00:00,,,,,358.5,1.25,1.812,23.0,-73.25,-3.0,-24.688,-0.009,0.003,0.023,-0.72,0.52,9.56,-0.94,0.84,-0.23,0.22,-0.31,9.79,0.15375,0.0,0.0,0.0,0.0,5.0,1017.2,66.7,-18.35
2025-03-24 17:47:30.734000+00:00,,,,,358.5,1.25,1.812,23.0,-73.25,-3.0,-24.688,-0.009,0.003,0.023,-0.72,0.52,9.56,-0.94,0.84,-0.23,0.22,-0.31,9.79,0.15375,0.0,0.0,0.0,0.0,5.0,1017.2,66.7,-18.35
2025-03-24 17:47:31.321000+00:00,,,,,358.5,1.25,1.812,23.0,-73.25,-3.0,-24.688,-0.009,0.003,0.023,-0.72,0.52,9.56,-0.94,0.84,-0.23,0.22,-0.31,9.79,0.15375,0.0,0.0,0.0,0.0,5.0,1017.2,66.7,-18.35
2025-03-24 17:47:32.930000+00:00,,,,,358.5,1.25,1.812,23.0,-73.25,-3.0,-24.688,-0.009,0.003,0.023,-0.72,0.52,9.56,-0.94,0.84,-0.23,0.22,-0.31,9.79,0.15375,0.0,0.0,0.0,0.0,5.0,1017.2,66.7,-18.35
2025-03-24 17:47:33.935000+00:00,,,,,358.5,1.25,1.812,23.0,-73.25,-3.0,-24.688,-0.009,0.003,0.023,-0.72,0.52,9.56,-0.94,0.84,-0.23,0.22,-0.31,9.79,0.15375,0.0,0.0,0.0,0.0,5.0,1017.2,66.7,-18.35
2025-03-24 17:47:34.964000+00:00,,,,,358.5,1.25,1.812,23.0,-73.25,-3.0,-24.688,-0.009,0.003,0.023,-0.72,0.52,9.56,-0.94,0.84,-0.23,0.22,-0.31,9.79,0.15375,0.0,0.0,0.0,0.0,5.0,1017.2,66.7,-18.35
2025-03-24 17:47:35.944000+00:00,,,,,358.5,1.25,1.812,23.0,-73.25,-3.0,-24.688,-0.009,0.003,0.023,-0.72,0.52,9.56,-0.94,0.84,-0.23,0.22,-0.31,9.79,0.15375,0.0,0.0,0.0,0.0,5.0,1017.2,66.7,-18.35
2025-03-24 17:47:36.954000+00:00,,,,,358.5,1.25,1.812,23.0,-73.25,-3.0,-24.688,-0.009,0.003,0.023,-0.72,0.52,9.56,-0.94,0.84,-0.23,0.22,-0.31,9.79,0.15375,0.0,0.0,0.0,0.0,5.0,1017.2,66.7,-18.35
2025-03-24 17:47:38.108000+00:00,,,,,358.5,1.25,1.812,23.0,-73.25,-3.0,-24.688,-0.009,0.003,0.023,-0.72,0.52,9.56,-0.94,0.84,-0.23,0.22,-0.31,9.79,0.15375,0.0,0.0,0.0,0.0,5.0,1017.2,66.7,-18.35
2025-03-24 17:47:39.994000+00:00,,,,,358.5,1.25,1.812,23.0,-73.25,-3.0,-24.688,-0.009,0.003,0.023,-0.72,0.52,9.56,-0.94,0.84,-0.23,0.22,-0.31,9.79,0.15375,0.0,0.0,0.0,0.0,5.0,1017.2,66.7,-18.35
2025-03-24 17:47:40.951000+00:00,,,,,358.5,1.25,1.812,23.0,-73.25,-3.0,-24.688,-0.009,0.003,0.023,-0.72,0.52,9.56,-0.94,0.84,-0.23,0.22,-0.31,9.79,0.15375,0.0,0.0,0.0,0.0,5.0,1017.2,66.7,-18.35
2025-03-24 17:47:42.008000+00:00,,,,,358.5,1.25,1.812,23.0,-73.25,-3.0,-24.688,-0.009,0.003,0.023,-0.72,0.52,9.56,-0.94,0.84,-0.23,0.22,-0.31,9.79,0.15375,0.0,0.0,0.0,0.0,5.0,1017.2,66.7,-18.35
2025-03-24 17:47:42.990000+00:00,,,,,358.5,1.25,1.812,23.0,-73.25,-3.0,-24.688,-0.009,0.003,0.023,-0.72,0.52,9.56,-0.94,0.84,-0.23,0.22,-0.31,9.79,0.15375,0.0,0.0,0.0,0.0,5.0,1017.2,66.7,-18.35
2025-03-24 17:47:44.134000+00:00,,,,,358.5,1.25,1.812,23.0,-73.25,-3.0,-24.688,-0.009,0.003,0.023,-0.72,0.52,9.56,-0.94,0.84,-0.23,0.22,-0.31,9.79,0.15375,0.0,0.0,0.0,0.0,5.0,1017.2,66.7,-18.35
2025-03-24 17:47:45.186000+00:00,,,,,358.5,1.25,1.812,23.0,-73.25,-3.0,-24.688,-0.009,0.003,0.023,-0.72,0.52,9.56,-0.94,0.84,-0.23,0.22,-0.31,9.79,0.15375,0.0,0.0,0.0,0.0,5.0,1017.2,66.7,-18.35
2025-03-24 17:47:46.230000+00:00,,,,,358.5,1.25,1.812,23.0,-73.25,-3.0,-24.688,-0.009,0.003,0.023,-0.72,0.52,9.56,-0.94,0.84,-0.23,0.22,-0.31,9.79,0.15375,0.0,0.0,0.0,0.0,5.0,1017.2,66.7,-18.35
2025-03-24 17:47:47.270000+00:00,,,,,358.5,1.25,1.812,23.0,-73.25,-3.0,-24.688,-0.009,0.003,0.023,-0.72,0.52,9.56,-0.94,0.84,-0.23,0.22,-0.31,9.79,0.15375,0.0,0.0,0.0,0.0,5.0,1017.2,66.7,-18.35
2025-03-24 17:47:48.324000+00:00,,,,,358.5,1.25,1.812,23.0,-73.25,-3.0,-24.688,-0.009,0.003,0.023,-0.72,0.52,9.56,-0.94,0.84,-0.23,0.22,-0.31,9.79,0.15375,0.0,0.0,0.0,0.0,5.0,1017.2,66.7,-18.35
2025-03-24 17:47:49.359000+00:00,,,,,358.5,1.25,1.812,23.0,-73.25,-3.0,-24.688,-0.009,0.003,0.023,-0.72,0.52,9.56,-0.94,0.84,-0.23,0.22,-0.31,9.79,0.15375,0.0,0.0,0.0,0.0,5.0,1017.2,66.7,-18.35
2025-03-24 17:47:50.400000+00:00,,,,,358.5,1.25,1.812,23.0,-73.25,-3.0,-24.688,-0.009,0.003,0.023,-0.72,0.52,9.56,-0.94,0.84,-0.23,0.22,-0.31,9.79,0.15375,0.0,0.0,0.0,0.0,5.0,1017.2,66.7,-18.35
2025-03-24 17:47:51.629000+00:00,,,,,358.5,1.25,1.812,23.0,-73.25,-3.0,-24.688,-0.009,0.003,0.023,-0.72,0.52,9.56,-0.94,0.84,-0.23,0.22,-0.31,9.79,0.15375,0.0,0.0,0.0,0.0,5.0,1017.2,66.7,-18.35
2025-03-24 17:47:53.008000+00:00,,,,,358.5,1.25,1.812,23.0,-73.25,-3.0,-24.688,-0.009,0.003,0.023,-0.72,0.52,9.56,-0.94,0.84,-0.23,0.22,-0.31,9.79,0.15375,0.0,0.0,0.0,0.0,5.0,1017.2,66.7,-18.35
2025-03-24 17:47:54.013000+00:00,,,,,358.5,1.25,1.812,23.0,-73.25,-3.0,-24.688,-0.009,0.003,0.023,-0.72,0.52,9.56,-0.94,0.84,-0.23,0.22,-0.31,9.79,0.15375,0.0,0.0,0.0,0.0,5.0,1017.2,66.7,-18.35
2025-03-24 17:47:55.018000+00:00,,,,,358.5,1.25,1.812,23.0,-73.25,-3.0,-24.688,-0.009,0.003,0.023,-0.72,0.52,9.56,-0.94,0.84,-0.23,0.22,-0.31,9.79,0.15375,0.0,0.0,0.0,0.0,5.0,1017.2,66.7,-18.35
2025-03-24 17:47:56.139000+00:00,,,,,358.5,1.25,1.812,23.0,-73.25,-3.0,-24.688,-0.009,0.003,0.023,-0.72,0.52,9.56,-0.94,0.84,-0.23,0.22,-0.31,9.79,0.15375,0.0,0.0,0.0,0.0,5.0,1017.2,66.7,-18.35
2025-03-24 17:47:57.278000+00:00,,,,,358.5,1.25,1.812,23.0,-73.25,-3.0,-24.688,-0.009,0.003,0.023,-0.72,0.52,9.56,-0.94,0.84,-0.23,0.22,-0.31,9.79,0.15375,0.0,0.0,0.0,0.0,5.0,1017.2,66.7,-18.35
2025-03-24 17:47:58.330000+00:00,,,,,358.5,1.25,1.812,23.0,-73.25,-3.0,-24.688,-0.009,0.003,0.023,-0.72,0.52,9.56,-0.94,0.84,-0.23,0.22,-0.31,9.79,0.15375,0.0,0.0,0.0,0.0,5.0,1017.2,66.7,-18.35
2025-03-24 17:47:59.381000+00:00,,,,,358.5,1.25,1.812,23.0,-73.25,-3.0,-24.688,-0.009,0.003,0.023,-0.72,0.52,9.56,-0.94,0.84,-0.23,0.22,-0.31,9.79,0.15375,0.0,0.0,0.0,0.0,5.0,1017.2,66.7,-18.35
2025-03-24 17:48:00.662000+00:00,,,,,358.5,1.25,1.812,23.0,-73.25,-3.0,-24.688,-0.009,0.003,0.023,-0.72,0.52,9.56,-0.94,0.84,-0.23,0.22,-0.31,9.79,0.15375,0.0,0.0,0.0,0.0,5.0,1017.2,66.7,-18.35
2025-03-24 17:48:01.933000+00:00,,,,,358.5,1.25,1.812,23.0,-73.25,-3.0,-24.688,-0.009,0.003,0.023,-0.72,0.52,9.56,-0.94,0.84,-0.23,0.22,-0.31,9.79,0.15375,0.0,0.0,0.0,0.0,5.0,1017.2,66.7,-18.35
2025-03-24 17:48:03.067000+00:00,,,,,358.5,1.25,1.812,23.0,-73.25,-3.0,-24.688,-0.009,0.003,0.023,-0.72,0.52,9.56,-0.94,0.84,-0.23,0.22,-0.31,9.79,0.15375,0.0,0.0,0.0,0.0,5.0,1017.2,66.7,-18.35
2025-03-24 17:48:04.033000+00:00,,,,,358.5,1.25,1.812,23.0,-73.25,-3.0,-24.688,-0.009,0.003,0.023,-0.72,0.52,9.56,-0.94,0.84,-0.23,0.22,-0.31,9.79,0.15375,0.0,0.0,0.0,0.0,5.0,1017.2,66.7,-18.35
2025-03-24 17:48:05.119000+00:00,,,,,358.5,1.25,1.812,23.0,-73.25,-3.0,-24.688,-0.009,0.003,0.023,-0.72,0.52,9.56,-0.94,0.84,-0.23,0.22,-0.31,9.79,0.15375,0.0,0.0,0.0,0.0,5.0,1017.2,66.7,-18.35
2025-03-24 17:48:06.076000+00:00,,,,,358.5,1.25,1.812,23.0,-73.25,-3.0,-24.688,-0.009,0.003,0.023,-0.72,0.52,9.56,-0.94,0.84,-0.23,0.22,-0.31,9.79,0.15375,0.0,0.0,0.0,0.0,5.0,1017.2,66.7,-18.35
2025-03-24 17:48:07.079000+00:00,,,,,358.5,1.25,1.812,23.0,-73.25,-3.0,-24.688,-0.009,0.003,0.023,-0.72,0.52,9.56,-0.94,0.84,-0.23,0.22,-0.31,9.79,0.15375,0.0,0.0,0.0,0.0,5.0,1017.2,66.7,-18.35
2025-03-24 17:48:08.147000+00:00,,,,,358.5,1.25,1.812,23.0,-73.25,-3.0,-24.688,-0.009,0.003,0.023,-0.72,0.52,9.56,-0.94,0.84,-0.23,0.22,-0.31,9.79,0.15375,0.0,0.0,0.0,0.0,5.0,1017.2,66.7,-18.35
2025-03-24 17:48:09.722000+00:00,,,,,358.5,1.25,1.812,23.0,-73.25,-3.0,-24.688,-0.009,0.003,0.023,-0.72,0.52,9.56,-0.94,0.84,-0.23,0.22,-0.31,9.79,0.15375,0.0,0.0,0.0,0.0,5.0,1017.2,66.7,-18.35
2025-03-24 17:48:11.112000+00:00,,,,,358.5,1.25,1.812,23.0,-73.25,-3.0,-24.688,-0.009,0.003,0.023,-0.72,0.52,9.56,-0.94,0.84,-0.23,0.22,-0.31,9.79,0.15375,0.0,0.0,0.0,0.0,5.0,1017.2,66.7,-18.35
2025-03-24 17:48:12.121000+00:00,,,,,358.5,1.25,1.812,23.0,-73.25,-3.0,-24.688,-0.009,0.003,0.023,-0.72,0.52,9.56,-0.94,0.84,-0.23,0.22,-0.31,9.79,0.15375,0.0,0.0,0.0,0.0,5.0,1017.2,66.7,-18.35
2025-03-24 17:48:13.151000+00:00,,,,,358.5,1.25,1.812,23.0,-73.25,-3.0,-24.688,-0.009,0.003,0.023,-0.72,0.52,9.56,-0.94,0.84,-0.23,0.22,-0.31,9.79,0.15375,0.0,0.0,0.0,0.0,5.0,1017.2,66.7,-18.35
2025-03-24 17:47:15.075000+00:00,,,,,358.5,1.25,1.812,23.0,-73.25,-3.0,-24.688,-0.009,0.003,0.023,-0.72,0.52,9.56,-0.94,0.84,-0.23,0.22,-0.31,9.79,0.15375,0.0,0.0,0.0,0.0,5.0,1017.2,66.7,-18.35
2025-03-24 17:47:16.161000+00:00,,,,,358.5,1.25,1.812,23.0,-73.25,-3.0,-24.688,-0.009,0.003,0.023,-0.72,0.52,9.56,-0.94,0.84,-0.23,0.22,-0.31,9.79,0.15375,0.0,0.0,0.0,0.0,5.0,1017.2,66.7,-18.35
2025-03-24 17:47:17.181000+00:00,,,,,358.5,1.25,1.812,23.0,-73.25,-3.0,-24.688,-0.009,0.003,0.023,-0.72,0.52,9.56,-0.94,0.84,-0.23,0.22,-0.31,9.79,0.15375,0.0,0.0,0.0,0.0,5.0,1017.2,66.7,-18.35
2025-03-24 17:47:18.315000+00:00,,,,,358.5,1.25,1.812,23.0,-73.25,-3.0,-24.688,-0.009,0.003,0.023,-0.72,0.52,9.56,-0.94,0.84,-0.23,0.22,-0.31,9.79,0.15375,0.0,0.0,0.0,0.0,5.0,1017.2,66.7,-18.35
2025-03-24 17:47:19.811000+00:00,,,,,358.5,1.25,1.812,23.0,-73.25,-3.0,-24.688,-0.009,0.003,0.023,-0.72,0.52,9.56,-0.94,0.84,-0.23,0.22,-0.31,9.79,0.15375,0.0,0.0,0.0,0.0,5.0,1017.2,66.7,-18.35
2025-03-24 17:47:21.004000+00:00,,,,,358.5,1.25,1.812,23.0,-73.25,-3.0,-24.688,-0.009,0.003,0.023,-0.72,0.52,9.56,-0.94,0.84,-0.23,0.22,-0.31,9.79,0.15375,0.0,0.0,0.0,0.0,5.0,1017.2,66.7,-18.35
2025-03-24 17:47:21.981000+00:00,,,,,358.5,1.25,1.812,23.0,-73.25,-3.0,-24.688,-0.009,0.003,0.023,-0.72,0.52,9.56,-0.94,0.84,-0.23,0.22,-0.31,9.79,0.15375,0.0,0.0,0.0,0.0,5.0,1017.2,66.7,-18.35
2025-03-24 17:47:23.011000+00:00,,,,,358.5,1.25,1.812,23.0,-73.25,-3.0,-24.688,-0.009,0.003,0.023,-0.72,0.52,9.56,-0.94,0.84,-0.23,0.22,-0.31,9.79,0.15375,0.0,0.0,0.0,0.0,5.0,1017.2,66.7,-18.35
2025-03-24 17:47:24.025000+00:00,,,,,358.5,1.25,1.812,23.0,-73.25,-3.0,-24.688,-0.009,0.003,0.023,-0.72,0.52,9.56,-0.94,0.84,-0.23,0.22,-0.31,9.79,0.15375,0.0,0.0,0.0,0.0,5.0,1017.2,66.7,-18.35
2025-03-24 17:47:25.005000+00:00,,,,,358.5,1.25,1.812,23.0,-73.25,-3.0,-24.688,-0.009,0.003,0.023,-0.72,0.52,9.56,-0.94,0.84,-0.23,0.22,-0.31,9.79,0.15375,0.0,0.0,0.0,0.0,5.0,1017.2,66.7,-18.35
2025-03-24 17:47:26.075000+00:00,,,,,358.5,1.25,1.812,23.0,-73.25,-3.0,-24.688,-0.009,0.003,0.023,-0.72,0.52,9.56,-0.94,0.84,-0.23,0.22,-0.31,9.79,0.15375,0.0,0.0,0.0,0.0,5.0,1017.2,66.7,-18.35
2025-03-24 17:47:27.081000+00:00,,,,,358.5,1.25,1.812,23.0,-73.25,-3.0,-24.688,-0.009,0.003,0.023,-0.72,0.52,9.56,-0.94,0.84,-0.23,0.22,-0.31,9.79,0.15375,0.0,0.0,0.0,0.0,5.0,1017.2,66.7,-18.35
2025-03-24 17:47:28.244000+00:00,,,,,358.5,1.25,1.812,23.0,-73.25,-3.0,-24.688,-0.009,0.003,0.023,-0.72,0.52,9.56,-0.94,0.84,-0.23,0.22,-0.31,9.79,0.15375,0.0,0.0,0.0,0.0,5.0,1017.2,66.7,-18.35
2025-03-24 17:47:29.374000+00:00,,,,,358.5,1.25,1.812,23.0,-73.25,-3.0,-24.688,-0.009,0.003,0.023,-0.72,0.52,9.56,-0.94,0.84,-0.23,0.22,-0.31,9.79,0.15375,0.0,0.0,0.0,0.0,5.0,1017.2,66.7,-18.35
2025-03-24 17:47:30.885000+00:00,,,,,358.5,1.25,1.812,23.0,-73.25,-3.0,-24.688,-0.009,0.003,0.023,-0.72,0.52,9.56,-0.94,0.84,-0.23,0.22,-0.31,9.79,0.15375,0.0,0.0,0.0,0.0,5.0,1017.2,66.7,-18.35
2025-03-24 17:47:31.480000+00:00,,,,,358.5,1.25,1.812,23.0,-73.25,-3.0,-24.688,-0.009,0.003,0.023,-0.72,0.52,9.56,-0.94,0.84,-0.23,0.22,-0.31,9.79,0.15375,0.0,0.0,0.0,0.0,5.0,1017.2,66.7,-18.35
2025-03-24 17:47:33.090000+00:00,,,,,358.5,1.25,1.812,23.0,-73.25,-3.0,-24.688,-0.009,0.003,0.023,-0.72,0.52,9.56,-0.94,0.84,-0.23,0.22,-0.31,9.79,0.15375,0.0,0.0,0.0,0.0,5.0,1017.2,66.7,-18.35
2025-03-24 17:47:34.104000+00:00,,,,,358.5,1.25,1.812,23.0,-73.25,-3.0,-24.688,-0.009,0.003,0.023,-0.72,0.52,9.56,-0.94,0.84,-0.23,0.22,-0.31,9.79,0.15375,0.0,0.0,0.0,0.0,5.0,1017.2,66.7,-18.35
2025-03-24 17:47:35.131000+00:00,,,,,358.5,1.25,1.812,23.0,-73.25,-3.0,-24.688,-0.009,0.003,0.023,-0.72,0.52,9.56,-0.94,0.84,-0.23,0.22,-0.31,9.79,0.15375,0.0,0.0,0.0,0.0,5.0,1017.2,66.7,-18.35
2025-03-24 17:47:36.110000+00:00,,,,,358.5,1.25,1.812,23.0,-73.25,-3.0,-24.688,-0.009,0.003,0.023,-0.72,0.52,9.56,-0.94,0.84,-0.23,0.22,-0.31,9.79,0.15375,0.0,0.0,0.0,0.0,5.0,1017.2,66.7,-18.35
2025-03-24 17:47:37.113000+00:00,,,,,358.5,1.25,1.812,23.0,-73.25,-3.0,-24.688,-0.009,0.003,0.023,-0.72,0.52,9.56,-0.94,0.84,-0.23,0.22,-0.31,9.79,0.15375,0.0,0.0,0.0,0.0,5.0,1017.2,66.7,-18.35
2025-03-24 17:47:38.276000+00:00,,,,,358.5,1.25,1.812,23.0,-73.25,-3.0,-24.688,-0.009,0.003,0.023,-0.72,0.52,9.56,-0.94,0.84,-0.23,0.22,-0.31,9.79,0.15375,0.0,0.0,0.0,0.0,5.0,1017.2,66.7,-18.35
2025-03-24 17:47:40.160000+00:00,,,,,358.5,1.25,1.812,23.0,-73.25,-3.0,-24.688,-0.009,0.003,0.023,-0.72,0.52,9.56,-0.94,0.84,-0.23,0.22,-0.31,9.79,0.15375,0.0,0.0,0.0,0.0,5.0,1017.24,66.7,-18.35
2025-03-24 17:47:41.110000+00:00,,,,,358.5,1.25,1.812,23.0,-73.25,-3.0,-24.688,-0.009,0.003,0.023,-0.72,0.52,9.56,-0.94,0.84,-0.23,0.22,-0.31,9.79,0.15375,0.0,0.0,0.0,0.0,5.0,1017.24,66.7,-18.35
2025-03-24 17:47:42.170000+00:00,,,,,358.5,1.25,1.812,23.0,-73.25,-3.0,-24.688,-0.009,0.003,0.023,-0.72,0.52,9.56,-0.94,0.84,-0.23,0.22,-0.31,9.79,0.15375,0.0,0.0,0.0,0.0,5.0,1017.24,66.7,-18.35
2025-03-24 17:47:43.154000+00:00,,,,,358.5,1.25,1.812,23.0,-73.25,-3.0,-24.688,-0.009,0.003,0.023,-0.72,0.52,9.56,-0.94,0.84,-0.23,0.22,-0.31,9.79,0.15375,0.0,0.0,0.0,0.0,5.0,1017.24,66.7,-18.35
2025-03-24 17:47:44.308000+00:00,,,,,358.5,1.25,1.812,23.0,-73.25,-3.0,-24.688,-0.009,0.003,0.023,-0.72,0.52,9.56,-0.94,0.84,-0.23,0.22,-0.31,9.79,0.15375,0.0,0.0,0.0,0.0,5.0,1017.24,66.7,-18.35
2025-03-24 17:47:45.339000+00:00,,,,,358.5,1.25,1.812,23.0,-73.25,-3.0,-24.688,-0.009,0.003,0.023,-0.72,0.52,9.56,-0.94,0.84,-0.23,0.22,-0.31,9.79,0.15375,0.0,0.0,0.0,0.0,5.0,1017.24,66.7,-18.35
2025-03-24 17:47:46.393000+00:00,,,,,358.5,1.25,1.812,23.0,-73.25,-3.0,-24.688,-0.009,0.003,0.023,-0.72,0.52,9.56,-0.94,0.84,-0.23,0.22,-0.31,9.79,0.15375,0.0,0.0,0.0,0.0,5.0,1017.24,66.7,-18.35
2025-03-24 17:47:47.429000+00:00,,,,,358.5,1.25,1.812,23.0,-73.25,-3.0,-24.688,-0.009,0.003,0.023,-0.72,0.52,9.56,-0.94,0.84,-0.23,0.22,-0.31,9.79,0.15375,0.0,0.0,0.0,0.0,5.0,1017.24,66.7,-18.35
2025-03-24 17:47:48.473000+00:00,,,,,358.5,1.25,1.812,23.0,-73.25,-3.0,-24.688,-0.009,0.003,0.023,-0.72,0.52,9.56,-0.94,0.84,-0.23,0.22,-0.31,9.79,0.15375,0.0,0.0,0.0,0.0,5.0,1017.24,66.7,-18.35
2025-03-24 17:47:49.523000+00:00,,,,,358.5,1.25,1.812,23.0,-73.25,-3.0,-24.688,-0.009,0.003,0.023,-0.72,0.52,9.56,-0.94,0.84,-0.23,0.22,-0.31,9.79,0.15375,0.0,0.0,0.0,0.0,5.0,1017.24,66.7,-18.35
2025-03-24 17:47:50.559000+00:00,,,,,358.5,1.25,1.812,23.0,-73.25,-3.0,-24.688,-0.009,0.003,0.023,-0.72,0.52,9.56,-0.94,0.84,-0.23,0.22,-0.31,9.79,0.15375,0.0,0.0,0.0,0.0,5.0,1017.24,66.7,-18.35
2025-03-24 17:47:51.799000+00:00,,,,,358.5,1.25,1.812,23.0,-73.25,-3.0,-24.688,-0.009,0.003,0.023,-0.72,0.52,9.56,-0.94,0.84,-0.23,0.22,-0.31,9.79,0.15375,0.0,0.0,0.0,0.0,5.0,1017.24,66.7,-18.35
2025-03-24 17:47:53.174000+00:00,,,,,358.5,1.25,1.812,23.0,-73.25,-3.0,-24.688,-0.009,0.003,0.023,-0.72,0.52,9.56,-0.94,0.84,-0.23,0.22,-0.31,9.79,0.15375,0.0,0.0,0.0,0.0,5.0,1017.24,66.7,-18.35
2025-03-24 17:47:54.183000+00:00,,,,,358.5,1.25,1.812,23.0,-73.25,-3.0,-24.688,-0.009,0.003,0.023,-0.72,0.52,9.56,-0.94,0.84,-0.23,0.22,-0.31,9.79,0.15375,0.0,0.0,0.0,0.0,5.0,1017.24,66.7,-18.35
2025-03-24 17:47:55.179000+00:00,,,,,358.5,1.25,1.812,23.0,-73.25,-3.0,-24.688,-0.009,0.003,0.023,-0.72,0.52,9.56,-0.94,0.84,-0.23,0.22,-0.31,9.79,0.15375,0.0,0.0,0.0,0.0,5.0,1017.24,66.7,-18.35
2025-03-24 17:47:56.293000+00:00,,,,,358.5,1.25,1.812,23.0,-73.25,-3.0,-24.688,-0.009,0.003,0.023,-0.72,0.52,9.56,-0.94,0.84,-0.23,0.22,-0.31,9.79,0.15375,0.0,0.0,0.0,0.0,5.0,1017.24,66.7,-18.35
2025-03-24 17:47:57.443000+00:00,,,,,358.5,1.25,1.812,23.0,-73.25,-3.0,-24.688,-0.009,0.003,0.023,-0.72,0.52,9.56,-0.94,0.84,-0.23,0.22,-0.31,9.79,0.15375,0.0,0.0,0.0,0.0,5.0,1017.24,66.7,-18.35
2025-03-24 17:47:58.492000+00:00,,,,,358.5,1.25,1.812,23.0,-73.25,-3.0,-24.688,-0.009,0.003,0.023,-0.72,0.52,9.56,-0.94,0.84,-0.23,0.22,-0.31,9.79,0.15375,0.0,0.0,0.0,0.0,5.0,1017.24,66.7,-18.35
2025-03-24 17:47:59.547000+00:00,,,,,358.5,1.25,1.812,23.0,-73.25,-3.0,-24.688,-0.009,0.003,0.023,-0.72,0.52,9.56,-0.94,0.84,-0.23,0.22,-0.31,9.79,0.15375,0.0,0.0,0.0,0.0,5.0,1017.24,66.7,-18.35
2025-03-24 17:48:00.812000+00:00,,,,,358.5,1.25,1.812,23.0,-73.25,-3.0,-24.688,-0.009,0.003,0.023,-0.72,0.52,9.56,-0.94,0.84,-0.23,0.22,-0.31,9.79,0.15375,0.0,0.0,0.0,0.0,5.0,1017.24,66.7,-18.35
2025-03-24 17:48:02.089000+00:00,,,,,358.5,1.25,1.812,23.0,-73.25,-3.0,-24.688,-0.009,0.003,0.023,-0.72,0.52,9.56,-0.94,0.84,-0.23,0.22,-0.31,9.79,0.15375,0.0,0.0,0.0,0.0,5.0,1017.24,66.7,-18.35
2025-03-24 17:48:03.229000+00:00,,,,,358.5,1.25,1.812,23.0,-73.25,-3.0,-24.688,-0.009,0.003,0.023,-0.72,0.52,9.56,-0.94,0.84,-0.23,0.22,-0.31,9.79,0.15375,0.0,0.0,0.0,0.0,5.0,1017.24,66.7,-18.35
2025-03-24 17:48:04.183000+00:00,,,,,358.5,1.25,1.812,23.0,-73.25,-3.0,-24.688,-0.009,0.003,0.023,-0.72,0.52,9.56,-0.94,0.84,-0.23,0.22,-0.31,9.79,0.15375,0.0,0.0,0.0,0.0,5.0,1017.24,66.7,-18.35
2025-03-24 17:48:05.272000+00:00,,,,,358.5,1.25,1.812,23.0,-73.25,-3.0,-24.688,-0.009,0.003,0.023,-0.72,0.52,9.56,-0.94,0.84,-0.23,0.22,-0.31,9.79,0.15375,0.0,0.0,0.0,0.0,5.0,1017.24,66.7,-18.35
2025-03-24 17:48:06.238000+00:00,,,,,358.5,1.25,1.812,23.0,-73.25,-3.0,-24.688,-0.009,0.003,0.023,-0.72,0.52,9.56,-0.94,0.84,-0.23,0.22,-0.31,9.79,0.15375,0.0,0.0,0.0,0.0,5.0,1017.24,66.7,-18.35
2025-03-24 17:48:07.238000+00:00,,,,,358.5,1.25,1.812,23.0,-73.25,-3.0,-24.688,-0.009,0.003,0.023,-0.72,0.52,9.56,-0.94,0.84,-0.23,0.22,-0.31,9.79,0.15375,0.0,0.0,0.0,0.0,5.0,1017.24,66.7,-18.35
2025-03-24 17:48:08.316000+00:00,,,,,358.5,1.25,1.812,23.0,-73.25,-3.0,-24.688,-0.009,0.003,0.023,-0.72,0.52,9.56,-0.94,0.84,-0.23,0.22,-0.31,9.79,0.15375,0.0,0.0,0.0,0.0,5.0,1017.24,66.7,-18.35
2025-03-24 17:48:09.888000+00:00,,,,,358.5,1.25,1.812,23.0,-73.25,-3.0,-24.688,-0.009,0.003,0.023,-0.72,0.52,9.56,-0.94,0.84,-0.23,0.22,-0.31,9.79,0.15375,0.0,0.0,0.0,0.0,5.0,1017.23,66.7,-18.35
2025-03-24 17:48:11.262000+00:00,,,,,358.5,1.25,1.812,23.0,-73.25,-3.0,-24.688,-0.009,0.003,0.023,-0.72,0.52,9.56,-0.94,0.84,-0.23,0.22,-0.31,9.79,0.15375,0.0,0.0,0.0,0.0,5.0,1017.23,66.7,-18.35
2025-03-24 17:48:12.272000+00:00,,,,,358.5,1.25,1.812,23.0,-73.25,-3.0,-24.688,-0.009,0.003,0.023,-0.72,0.52,9.56,-0.94,0.84,-0.23,0.22,-0.31,9.79,0.15375,0.0,0.0,0.0,0.0,5.0,1017.23,66.7,-18.35
2025-03-24 17:48:13.301000+00:00,,,,,358.5,1.25,1.812,23.0,-73.25,-3.0,-24.688,-0.009,0.003,0.023,-0.72,0.52,9.56,-0.94,0.84,-0.23,0.22,-0.31,9.79,0.15375,0.0,0.0,0.0,0.0,5.0,1017.23,66.7,-18.35
2025-03-24 17:47:15.030000+00:00,,,,,358.5,1.25,1.812,23.0,-73.25,-3.0,-24.688,-0.009,0.003,0.023,-0.72,0.52,9.56,-0.94,0.84,-0.23,0.22,-0.31,9.79,0.15375,0.0,0.0,0.0,0.0,5.0,1017.23,66.7,-18.35
2025-03-24 17:47:16.101000+00:00,,,,,358.5,1.25,1.812,23.0,-73.25,-3.0,-24.688,-0.009,0.003,0.023,-0.72,0.52,9.56,-0.94,0.84,-0.23,0.22,-0.31,9.79,0.15375,0.0,0.0,0.0,0.0,5.0,1017.23,66.7,-18.35
2025-03-24 17:47:17.125000+00:00,,,,,358.5,1.25,1.812,23.0,-73.25,-3.0,-24.688,-0.009,0.003,0.023,-0.72,0.52,9.56,-0.94,0.84,-0.23,0.22,-0.31,9.79,0.15375,0.0,0.0,0.0,0.0,5.0,1017.23,66.7,-18.35
2025-03-24 17:47:18.265000+00:00,,,,,358.5,1.25,1.812,23.0,-73.25,-3.0,-24.688,-0.009,0.003,0.023,-0.72,0.52,9.56,-0.94,0.84,-0.23,0.22,-0.31,9.79,0.15375,0.0,0.0,0.0,0.0,5.0,1017.23,66.7,-18.35
2025-03-24 17:47:19.757000+00:00,,,,,358.5,1.25,1.812,23.0,-73.25,-3.0,-24.688,-0.009,0.003,0.023,-0.72,0.52,9.56,-0.94,0.84,-0.23,0.22,-0.31,9.79,0.15375,0.0,0.0,0.0,0.0,5.0,1017.23,66.7,-18.35
2025-03-24 17:47:20.955000+00:00,,,,,358.5,1.25,1.812,23.0,-73.25,-3.0,-24.688,-0.009,0.003,0.023,-0.72,0.52,9.56,-0.94,0.84,-0.23,0.22,-0.31,9.79,0.15375,0.0,0.0,0.0,0.0,5.0,1017.23,66.7,-18.35
2025-03-24 17:47:21.921000+00:00,,,,,358.5,1.25,1.812,23.0,-73.25,-3.0,-24.688,-0.009,0.003,0.023,-0.72,0.52,9.56,-0.94,0.84,-0.23,0.22,-0.31,9.79,0.15375,0.0,0.0,0.0,0.0,5.0,1017.23,66.7,-18.35
2025-03-24 17:47:22.952000+00:00,,,,,358.5,1.25,1.812,23.0,-73.25,-3.0,-24.688,-0.009,0.003,0.023,-0.72,0.52,9.56,-0.94,0.84,-0.23,0.22,-0.31,9.79,0.15375,0.0,0.0,0.0,0.0,5.0,1017.23,66.7,-18.35
2025-03-24 17:47:23.979000+00:00,,,,,358.5,1.25,1.812,23.0,-73.25,-3.0,-24.688,-0.009,0.003,0.023,-0.72,0.52,9.56,-0.94,0.84,-0.23,0.22,-0.31,9.79,0.15375,0.0,0.0,0.0,0.0,5.0,1017.23,66.7,-18.35
2025-03-24 17:47:24.951000+00:00,,,,,358.5,1.25,1.812,23.0,-73.25,-3.0,-24.688,-0.009,0.003,0.023,-0.72,0.52,9.56,-0.94,0.84,-0.23,0.22,-0.31,9.79,0.15375,0.0,0.0,0.0,0.0,5.0,1017.23,66.7,-18.35
2025-03-24 17:47:26.025000+00:00,,,,,358.5,1.25,1.812,23.0,-73.25,-3.0,-24.688,-0.009,0.003,0.023,-0.72,0.52,9.56,-0.94,0.84,-0.23,0.22,-0.31,9.79,0.15375,0.0,0.0,0.0,0.0,5.0,1017.23,66.7,-18.35
2025-03-24 17:47:27.026000+00:00,,,,,358.5,1.25,1.812,23.0,-73.25,-3.0,-24.688,-0.009,0.003,0.023,-0.72,0.52,9.56,-0.94,0.84,-0.23,0.22,-0.31,9.79,0.15375,0.0,0.0,0.0,0.0,5.0,1017.23,66.7,-18.35
2025-03-24 17:47:28.194000+00:00,,,,,358.5,1.25,1.812,23.0,-73.25,-3.0,-24.688,-0.009,0.003,0.023,-0.72,0.52,9.56,-0.94,0.84,-0.23,0.22,-0.31,9.79,0.15375,0.0,0.0,0.0,0.0,5.0,1017.23,66.7,-18.35
2025-03-24 17:47:29.324000+00:00,,,,,358.5,1.25,1.812,23.0,-73.25,-3.0,-24.688,-0.009,0.003,0.023,-0.72,0.52,9.56,-0.94,0.84,-0.23,0.22,-0.31,9.79,0.15375,0.0,0.0,0.0,0.0,5.0,1017.23,66.7,-18.35
2025-03-24 17:47:30.834000+00:00,,,,,358.5,1.25,1.812,23.0,-73.25,-3.0,-24.688,-0.009,0.003,0.023,-0.72,0.52,9.56,-0.94,0.84,-0.23,0.22,-0.31,9.79,0.15375,0.0,0.0,0.0,0.0,5.0,1017.23,66.7,-18.35
2025-03-24 17:47:31.424000+00:00,,,,,358.5,1.25,1.812,23.0,-73.25,-3.0,-24.688,-0.009,0.003,0.023,-0.72,0.52,9.56,-0.94,0.84,-0.23,0.22,-0.31,9.79,0.15375,0.0,0.0,0.0,0.0,5.0,1017.23,66.7,-18.35
2025-03-24 17:47:33.034000+00:00,,,,,358.5,1.25,1.812,23.0,-73.25,-3.0,-24.688,-0.009,0.003,0.023,-0.72,0.52,9.56,-0.94,0.84,-0.23,0.22,-0.31,9.79,0.15375,0.0,0.0,0.0,0.0,5.0,1017.23,66.7,-18.35
2025-03-24 17:47:34.051000+00:00,,,,,358.5,1.25,1.812,23.0,-73.25,-3.0,-24.688,-0.009,0.003,0.023,-0.72,0.52,9.56,-0.94,0.84,-0.23,0.22,-0.31,9.79,0.15375,0.0,0.0,0.0,0.0,5.0,1017.23,66.7,-18.35
2025-03-24 17:47:35.070000+00:00,,,,,358.5,1.25,1.812,23.0,-73.25,-3.0,-24.688,-0.009,0.003,0.023,-0.72,0.52,9.56,-0.94,0.84,-0.23,0.22,-0.31,9.79,0.15375,0.0,0.0,0.0,0.0,5.0,1017.23,66.7,-18.35
2025-03-24 17:47:36.054000+00:00,,,,,358.5,1.25,1.812,23.0,-73.25,-3.0,-24.688,-0.009,0.003,0.023,-0.72,0.52,9.56,-0.94,0.84,-0.23,0.22,-0.31,9.79,0.15375,0.0,0.0,0.0,0.0,5.0,1017.23,66.7,-18.35
2025-03-24 17:47:37.060000+00:00,,,,,358.5,1.25,1.812,23.0,-73.25,-3.0,-24.688,-0.009,0.003,0.023,-0.72,0.52,9.56,-0.94,0.84,-0.23,0.22,-0.31,9.79,0.15375,0.0,0.0,0.0,0.0,5.0,1017.23,66.7,-18.35
2025-03-24 17:47:38.220000+00:00,,,,,358.5,1.25,1.812,23.0,-73.25,-3.0,-24.688,-0.009,0.003,0.023,-0.72,0.52,9.56,-0.94,0.84,-0.23,0.22,-0.31,9.79,0.15375,0.0,0.0,0.0,0.0,5.0,1017.23,66.7,-18.35
2025-03-24 17:47:40.108000+00:00,,,,,358.5,1.25,1.812,23.0,-73.25,-3.0,-24.688,-0.009,0.003,0.023,-0.72,0.52,9.56,-0.94,0.84,-0.23,0.22,-0.31,9.79,0.15375,0.0,0.0,0.0,0.0,5.0,1017.23,66.7,-18.35
2025-03-24 17:47:41.054000+00:00,,,,,358.5,1.25,1.812,23.0,-73.25,-3.0,-24.688,-0.009,0.003,0.023,-0.72,0.52,9.56,-0.94,0.84,-0.23,0.22,-0.31,9.79,0.15375,0.0,0.0,0.0,0.0,5.0,1017.23,66.34,-18.35
2025-03-24 17:47:42.113000+00:00,,,,,358.5,1.25,1.812,23.0,-73.25,-3.0,-24.688,-0.009,0.003,0.023,-0.72,0.52,9.56,-0.94,0.84,-0.23,0.22,-0.31,9.79,0.15375,0.0,0.0,0.0,0.0,5.0,1017.23,66.34,-18.35
2025-03-24 17:47:43.100000+00:00,,,,,358.5,1.25,1.812,23.0,-73.25,-3.0,-24.688,-0.009,0.003,0.023,-0.72,0.52,9.56,-0.94,0.84,-0.23,0.22,-0.31,9.79,0.15375,0.0,0.0,0.0,0.0,5.0,1017.23,66.34,-18.35
2025-03-24 17:47:44.250000+00:00,,,,,358.5,1.25,1.812,23.0,-73.25,-3.0,-24.688,-0.009,0.003,0.023,-0.72,0.52,9.56,-0.94,0.84,-0.23,0.22,-0.31,9.79,0.15375,0.0,0.0,0.0,0.0,5.0,1017.23,66.34,-18.35
2025-03-24 17:47:45.284000+00:00,,,,,358.5,1.25,1.812,23.0,-73.25,-3.0,-24.688,-0.009,0.003,0.023,-0.72,0.52,9.56,-0.94,0.84,-0.23,0.22,-0.31,9.79,0.15375,0.0,0.0,0.0,0.0,5.0,1017.23,66.34,-18.35
2025-03-24 17:47:46.348000+00:00,,,,,358.5,1.25,1.812,23.0,-73.25,-3.0,-24.688,-0.009,0.003,0.023,-0.72,0.52,9.56,-0.94,0.84,-0.23,0.22,-0.31,9.79,0.15375,0.0,0.0,0.0,0.0,5.0,1017.23,66.34,-18.35
2025-03-24 17:47:47.374000+00:00,,,,,358.5,1.25,1.812,23.0,-73.25,-3.0,-24.688,-0.009,0.003,0.023,-0.72,0.52,9.56,-0.94,0.84,-0.23,0.22,-0.31,9.79,0.15375,0.0,0.0,0.0,0.0,5.0,1017.23,66.34,-18.35
2025-03-24 17:47:48.424000+00:00,,,,,358.5,1.25,1.812,23.0,-73.25,-3.0,-24.688,-0.009,0.003,0.023,-0.72,0.52,9.56,-0.94,0.84,-0.23,0.22,-0.31,9.79,0.15375,0.0,0.0,0.0,0.0,5.0,1017.23,66.34,-18.35
2025-03-24 17:47:49.469000+00:00,,,,,358.5,1.25,1.812,23.0,-73.25,-3.0,-24.688,-0.009,0.003,0.023,-0.72,0.52,9.56,-0.94,0.84,-0.23,0.22,-0.31,9.79,0.15375,0.0,0.0,0.0,0.0,5.0,1017.23,66.34,-18.35
2025-03-24 17:47:50.504000+00:00,,,,,358.5,1.25,1.812,23.0,-73.25,-3.0,-24.688,-0.009,0.003,0.023,-0.72,0.52,9.56,-0.94,0.84,-0.23,0.22,-0.31,9.79,0.15375,0.0,0.0,0.0,0.0,5.0,1017.23,66.34,-18.35
2025-03-24 17:47:51.739000+00:00,,,,,358.5,1.25,1.812,23.0,-73.25,-3.0,-24.688,-0.009,0.003,0.023,-0.72,0.52,9.56,-0.94,0.84,-0.23,0.22,-0.31,9.79,0.15375,0.0,0.0,0.0,0.0,5.0,1017.23,66.34,-18.35
2025-03-24 17:47:53.119000+00:00,,,,,358.5,1.25,1.812,23.0,-73.25,-3.0,-24.688,-0.009,0.003,0.023,-0.72,0.52,9.56,-0.94,0.84,-0.23,0.22,-0.31,9.79,0.15375,0.0,0.0,0.0,0.0,5.0,1017.23,66.34,-18.35
2025-03-24 17:47:54.129000+00:00,,,,,358.5,1.25,1.812,23.0,-73.25,-3.0,-24.688,-0.009,0.003,0.023,-0.72,0.52,9.56,-0.94,0.84,-0.23,0.22,-0.31,9.79,0.15375,0.0,0.0,0.0,0.0,5.0,1017.23,66.34,-18.35
2025-03-24 17:47:55.120000+00:00,,,,,358.5,1.25,1.812,23.0,-73.25,-3.0,-24.688,-0.009,0.003,0.023,-0.72,0.52,9.56,-0.94,0.84,-0.23,0.22,-0.31,9.79,0.15375,0.0,0.0,0.0,0.0,5.0,1017.23,66.34,-18.35
2025-03-24 17:47:56.243000+00:00,,,,,358.5,1.25,1.812,23.0,-73.25,-3.0,-24.688,-0.009,0.003,0.023,-0.72,0.52,9.56,-0.94,0.84,-0.23,0.22,-0.31,9.79,0.15375,0.0,0.0,0.0,0.0,5.0,1017.23,66.34,-18.35
2025-03-24 17:47:57.388000+00:00,,,,,358.5,1.25,1.812,23.0,-73.25,-3.0,-24.688,-0.009,0.003,0.023,-0.72,0.52,9.56,-0.94,0.84,-0.23,0.22,-0.31,9.79,0.15375,0.0,0.0,0.0,0.0,5.0,1017.23,66.34,-18.35
2025-03-24 17:47:58.448000+00:00,,,,,358.5,1.25,1.812,23.0,-73.25,-3.0,-24.688,-0.009,0.003,0.023,-0.72,0.52,9.56,-0.94,0.84,-0.23,0.22,-0.31,9.79,0.15375,0.0,0.0,0.0,0.0,5.0,1017.23,66.34,-18.35
2025-03-24 17:47:59.489000+00:00,,,,,358.5,1.25,1.812,23.0,-73.25,-3.0,-24.688,-0.009,0.003,0.023,-0.72,0.52,9.56,-0.94,0.84,-0.23,0.22,-0.31,9.79,0.15375,0.0,0.0,0.0,0.0,5.0,1017.23,66.34,-18.35
2025-03-24 17:48:00.762000+00:00,,,,,358.5,1.25,1.812,23.0,-73.25,-3.0,-24.688,-0.009,0.003,0.023,-0.72,0.52,9.56,-0.94,0.84,-0.23,0.22,-0.31,9.79,0.15375,0.0,0.0,0.0,0.0,5.0,1017.23,66.34,-18.35
2025-03-24 17:48:02.035000+00:00,,,,,358.5,1.25,1.812,23.0,-73.25,-3.0,-24.688,-0.009,0.003,0.023,-0.72,0.52,9.56,-0.94,0.84,-0.23,0.22,-0.31,9.79,0.15375,0.0,0.0,0.0,0.0,5.0,1017.23,66.34,-18.35
2025-03-24 17:48:03.168000+00:00,,,,,358.5,1.25,1.812,23.0,-73.25,-3.0,-24.688,-0.009,0.003,0.023,-0.72,0.52,9.56,-0.94,0.84,-0.23,0.22,-0.31,9.79,0.15375,0.0,0.0,0.0,0.0,5.0,1017.23,66.34,-18.35
2025-03-24 17:48:04.133000+00:00,,,,,358.5,1.25,1.812,23.0,-73.25,-3.0,-24.688,-0.009,0.003,0.023,-0.72,0.52,9.56,-0.94,0.84,-0.23,0.22,-0.31,9.79,0.15375,0.0,0.0,0.0,0.0,5.0,1017.23,66.34,-18.35
2025-03-24 17:48:05.225000+00:00,,,,,358.5,1.25,1.812,23.0,-73.25,-3.0,-24.688,-0.009,0.003,0.023,-0.72,0.52,9.56,-0.94,0.84,-0.23,0.22,-0.31,9.79,0.15375,0.0,0.0,0.0,0.0,5.0,1017.23,66.34,-18.35
2025-03-24 17:48:06.179000+00:00,,,,,358.5,1.25,1.812,23.0,-73.25,-3.0,-24.688,-0.009,0.003,0.023,-0.72,0.52,9.56,-0.94,0.84,-0.23,0.22,-0.31,9.79,0.15375,0.0,0.0,0.0,0.0,5.0,1017.23,66.34,-18.35
2025-03-24 17:48:07.183000+00:00,,,,,358.5,1.25,1.812,23.0,-73.25,-3.0,-24.688,-0.009,0.003,0.023,-0.72,0.52,9.56,-0.94,0.84,-0.23,0.22,-0.31,9.79,0.15375,0.0,0.0,0.0,0.0,5.0,1017.23,66.34,-18.35
2025-03-24 17:48:08.259000+00:00,,,,,358.5,1.25,1.812,23.0,-73.25,-3.0,-24.688,-0.009,0.003,0.023,-0.72,0.52,9.56,-0.94,0.84,-0.23,0.22,-0.31,9.79,0.15375,0.0,0.0,0.0,0.0,5.0,1017.23,66.34,-18.35
2025-03-24 17:48:09.833000+00:00,,,,,358.5,1.25,1.812,23.0,-73.25,-3.0,-24.688,-0.009,0.003,0.023,-0.72,0.52,9.56,-0.94,0.84,-0.23,0.22,-0.31,9.79,0.15375,0.0,0.0,0.0,0.0,5.0,1017.23,66.34,-18.35
2025-03-24 17:48:11.211000+00:00,,,,,358.5,1.25,1.812,23.0,-73.25,-3.0,-24.688,-0.009,0.003,0.023,-0.72,0.52,9.56,-0.94,0.84,-0.23,0.22,-0.31,9.79,0.15375,0.0,0.0,0.0,0.0,5.0,1017.23,66.26,-18.35
2025-03-24 17:48:12.222000+00:00,,,,,358.5,1.25,1.812,23.0,-73.25,-3.0,-24.688,-0.009,0.003,0.023,-0.72,0.52,9.56,-0.94,0.84,-0.23,0.22,-0.31,9.79,0.15375,0.0,0.0,0.0,0.0,5.0,1017.23,66.26,-18.35
2025-03-24 17:48:13.251000+00:00,,,,,358.5,1.25,1.812,23.0,-73.25,-3.0,-24.688,-0.009,0.003,0.023,-0.72,0.52,9.56,-0.94,0.84,-0.23,0.22,-0.31,9.79,0.15375,0.0,0.0,0.0,0.0,5.0,1017.23,66.26,-18.35
2025-03-24 17:47:15.126000+00:00,,,,,358.5,1.25,1.812,23.0,-73.25,-3.0,-24.688,-0.009,0.003,0.023,-0.72,0.52,9.56,-0.94,0.84,-0.23,0.22,-0.31,9.79,0.15375,0.0,0.0,0.0,0.0,5.0,1017.23,66.26,-18.35
2025-03-24 17:47:16.215000+00:00,,,,,358.5,1.25,1.812,23.0,-73.25,-3.0,-24.688,-0.009,0.003,0.023,-0.72,0.52,9.56,-0.94,0.84,-0.23,0.22,-0.31,9.79,0.15375,0.0,0.0,0.0,0.0,5.0,1017.23,66.26,-18.35
2025-03-24 17:47:17.235000+00:00,,,,,358.5,1.25,1.812,23.0,-73.25,-3.0,-24.688,-0.009,0.003,0.023,-0.72,0.52,9.56,-0.94,0.84,-0.23,0.22,-0.31,9.79,0.15375,0.0,0.0,0.0,0.0,5.0,1017.23,66.26,-18.35
2025-03-24 17:47:18.365000+00:00,,,,,358.5,1.25,1.812,23.0,-73.25,-3.0,-24.688,-0.009,0.003,0.023,-0.72,0.52,9.56,-0.94,0.84,-0.23,0.22,-0.31,9.79,0.15375,0.0,0.0,0.0,0.0,5.0,1017.23,66.26,-18.35
2025-03-24 17:47:19.867000+00:00,,,,,358.5,1.25,1.812,23.0,-73.25,-3.0,-24.688,-0.009,0.003,0.023,-0.72,0.52,9.56,-0.94,0.84,-0.23,0.22,-0.31,9.79,0.15375,0.0,0.0,0.0,0.0,5.0,1017.23,66.26,-18.35
2025-03-24 17:47:21.062000+00:00,,,,,358.5,1.25,1.812,23.0,-73.25,-3.0,-24.688,-0.009,0.003,0.023,-0.72,0.52,9.56,-0.94,0.84,-0.23,0.22,-0.31,9.79,0.15375,0.0,0.0,0.0,0.0,5.0,1017.23,66.26,-18.35
2025-03-24 17:47:22.035000+00:00,,,,,358.5,1.25,1.812,23.0,-73.25,-3.0,-24.688,-0.009,0.003,0.023,-0.72,0.52,9.56,-0.94,0.84,-0.23,0.22,-0.31,9.79,0.15375,0.0,0.0,0.0,0.0,5.0,1017.23,66.26,-18.35
2025-03-24 17:47:23.065000+00:00,,,,,358.5,1.25,1.812,23.0,-73.25,-3.0,-24.688,-0.009,0.003,0.023,-0.72,0.52,9.56,-0.94,0.84,-0.23,0.22,-0.31,9.79,0.15375,0.0,0.0,0.0,0.0,5.0,1017.23,66.26,-18.35
2025-03-24 17:47:24.074000+00:00,,,,,358.5,1.25,1.812,23.0,-73.25,-3.0,-24.688,-0.009,0.003,0.023,-0.72,0.52,9.56,-0.94,0.84,-0.23,0.22,-0.31,9.79,0.15375,0.0,0.0,0.0,0.0,5.0,1017.23,66.26,-18.35
2025-03-24 17:47:25.064000+00:00,,,,,358.5,1.25,1.812,23.0,-73.25,-3.0,-24.688,-0.009,0.003,0.023,-0.72,0.52,9.56,-0.94,0.84,-0.23,0.22,-0.31,9.79,0.15375,0.0,0.0,0.0,0.0,5.0,1017.23,66.26,-18.35
2025-03-24 17:47:26.125000+00:00,,,,,358.5,1.25,1.812,23.0,-73.25,-3.0,-24.688,-0.009,0.003,0.023,-0.72,0.52,9.56,-0.94,0.84,-0.23,0.22,-0.31,9.79,0.15375,0.0,0.0,0.0,0.0,5.0,1017.23,66.26,-18.35
2025-03-24 17:47:27.134000+00:00,,,,,358.5,1.25,1.812,23.0,-73.25,-3.0,-24.688,-0.009,0.003,0.023,-0.72,0.52,9.56,-0.94,0.84,-0.23,0.22,-0.31,9.79,0.15375,0.0,0.0,0.0,0.0,5.0,1017.23,66.26,-18.35
2025-03-24 17:47:28.301000+00:00,,,,,358.5,1.25,1.812,23.0,-73.25,-3.0,-24.688,-0.009,0.003,0.023,-0.72,0.52,9.56,-0.94,0.84,-0.23,0.22,-0.31,9.79,0.15375,0.0,0.0,0.0,0.0,5.0,1017.23,66.26,-18.35
2025-03-24 17:47:29.424000+00:00,,,,,358.5,1.25,1.812,23.0,-73.25,-3.0,-24.688,-0.009,0.003,0.023,-0.72,0.52,9.56,-0.94,0.84,-0.23,0.22,-0.31,9.79,0.15375,0.0,0.0,0.0,0.0,5.0,1017.23,66.26,-18.35
2025-03-24 17:47:30.934000+00:00,,,,,358.5,1.25,1.812,23.0,-73.25,-3.0,-24.688,-0.009,0.003,0.023,-0.72,0.52,9.56,-0.94,0.84,-0.23,0.22,-0.31,9.79,0.15375,0.0,0.0,0.0,0.0,5.0,1017.23,66.26,-18.35
2025-03-24 17:47:31.540000+00:00,,,,,358.5,1.25,1.812,23.0,-73.25,-3.0,-24.688,-0.009,0.003,0.023,-0.72,0.52,9.56,-0.94,0.84,-0.23,0.22,-0.31,9.79,0.15375,0.0,0.0,0.0,0.0,5.0,1017.23,66.26,-18.35
2025-03-24 17:47:33.146000+00:00,,,,,358.5,1.25,1.812,23.0,-73.25,-3.0,-24.688,-0.009,0.003,0.023,-0.72,0.52,9.56,-0.94,0.84,-0.23,0.22,-0.31,9.79,0.15375,0.0,0.0,0.0,0.0,5.0,1017.23,66.26,-18.35
2025-03-24 17:47:34.160000+00:00,,,,,358.5,1.25,1.812,23.0,-73.25,-3.0,-24.688,-0.009,0.003,0.023,-0.72,0.52,9.56,-0.94,0.84,-0.23,0.22,-0.31,9.79,0.15375,0.0,0.0,0.0,0.0,5.0,1017.23,66.26,-18.35
2025-03-24 17:47:35.188000+00:00,,,,,358.5,1.25,1.812,23.0,-73.25,-3.0,-24.688,-0.009,0.003,0.023,-0.72,0.52,9.56,-0.94,0.84,-0.23,0.22,-0.31,9.79,0.15375,0.0,0.0,0.0,0.0,5.0,1017.23,66.26,-18.35
2025-03-24 17:47:36.171000+00:00,,,,,358.5,1.25,1.812,23.0,-73.25,-3.0,-24.688,-0.009,0.003,0.023,-0.72,0.52,9.56,-0.94,0.84,-0.23,0.22,-0.31,9.79,0.15375,0.0,0.0,0.0,0.0,5.0,1017.23,66.26,-18.35
2025-03-24 17:47:37.165000+00:00,,,,,358.5,1.25,1.812,23.0,-73.25,-3.0,-24.688,-0.009,0.003,0.023,-0.72,0.52,9.56,-0.94,0.84,-0.23,0.22,-0.31,9.79,0.15375,0.0,0.0,0.0,0.0,5.0,1017.23,66.26,-18.35
2025-03-24 17:47:38.324000+00:00,,,,,358.5,1.25,1.812,23.0,-73.25,-3.0,-24.688,-0.009,0.003,0.023,-0.72,0.52,9.56,-0.94,0.84,-0.23,0.22,-0.31,9.79,0.15375,0.0,0.0,0.0,0.0,5.0,1017.23,66.26,-18.35
2025-03-24 17:47:40.218000+00:00,,,,,358.5,1.25,1.812,23.0,-73.25,-3.0,-24.688,-0.009,0.003,0.023,-0.72,0.52,9.56,-0.94,0.84,-0.23,0.22,-0.31,9.79,0.15375,0.0,0.0,0.0,0.0,5.0,1017.23,66.26,-18.58
2025-03-24 17:47:41.170000+00:00,,,,,358.5,1.25,1.812,23.0,-73.25,-3.0,-24.688,-0.009,0.003,0.023,-0.72,0.52,9.56,-0.94,0.84,-0.23,0.22,-0.31,9.79,0.15375,0.0,0.0,0.0,0.0,5.0,1017.23,66.26,-18.58
2025-03-24 17:47:42.230000+00:00,,,,,358.5,1.25,1.812,23.0,-73.25,-3.0,-24.688,-0.009,0.003,0.023,-0.72,0.52,9.56,-0.94,0.84,-0.23,0.22,-0.31,9.79,0.15375,0.0,0.0,0.0,0.0,5.0,1017.23,66.26,-18.58
2025-03-24 17:47:43.210000+00:00,,,,,358.5,1.25,1.812,23.0,-73.25,-3.0,-24.688,-0.009,0.003,0.023,-0.72,0.52,9.56,-0.94,0.84,-0.23,0.22,-0.31,9.79,0.15375,0.0,0.0,0.0,0.0,5.0,1017.23,66.26,-18.58
2025-03-24 17:47:44.354000+00:00,,,,,358.5,1.25,1.812,23.0,-73.25,-3.0,-24.688,-0.009,0.003,0.023,-0.72,0.52,9.56,-0.94,0.84,-0.23,0.22,-0.31,9.79,0.15375,0.0,0.0,0.0,0.0,5.0,1017.23,66.26,-18.58
2025-03-24 17:47:45.389000+00:00,,,,,358.5,1.25,1.812,23.0,-73.25,-3.0,-24.688,-0.009,0.003,0.023,-0.72,0.52,9.56,-0.94,0.84,-0.23,0.22,-0.31,9.79,0.15375,0.0,0.0,0.0,0.0,5.0,1017.23,66.26,-18.58
2025-03-24 17:47:46.450000+00:00,,,,,358.5,1.25,1.812,23.0,-73.25,-3.0,-24.688,-0.009,0.003,0.023,-0.72,0.52,9.56,-0.94,0.84,-0.23,0.22,-0.31,9.79,0.15375,0.0,0.0,0.0,0.0,5.0,1017.23,66.26,-18.58
2025-03-24 17:47:47.489000+00:00,,,,,358.5,1.25,1.812,23.0,-73.25,-3.0,-24.688,-0.009,0.003,0.023,-0.72,0.52,9.56,-0.94,0.84,-0.23,0.22,-0.31,9.79,0.15375,0.0,0.0,0.0,0.0,5.0,1017.23,66.26,-18.58
2025-03-24 17:47:48.523000+00:00,,,,,358.5,1.25,1.812,23.0,-73.25,-3.0,-24.688,-0.009,0.003,0.023,-0.72,0.52,9.56,-0.94,0.84,-0.23,0.22,-0.31,9.79,0.15375,0.0,0.0,0.0,0.0,5.0,1017.23,66.26,-18.58
2025-03-24 17:47:49.573000+00:00,,,,,358.5,1.25,1.812,23.0,-73.25,-3.0,-24.688,-0.009,0.003,0.023,-0.72,0.52,9.56,-0.94,0.84,-0.23,0.22,-0.31,9.79,0.15375,0.0,0.0,0.0,0.0,5.0,1017.23,66.26,-18.58
2025-03-24 17:47:50.613000+00:00,,,,,358.5,1.25,1.812,23.0,-73.25,-3.0,-24.688,-0.009,0.003,0.023,-0.72,0.52,9.56,-0.94,0.84,-0.23,0.22,-0.31,9.79,0.15375,0.0,0.0,0.0,0.0,5.0,1017.23,66.26,-18.58
2025-03-24 17:47:51.853000+00:00,,,,,358.5,1.25,1.812,23.0,-73.25,-3.0,-24.688,-0.009,0.003,0.023,-0.72,0.52,9.56,-0.94,0.84,-0.23,0.22,-0.31,9.79,0.15375,0.0,0.0,0.0,0.0,5.0,1017.23,66.26,-18.58
2025-03-24 17:47:53.229000+00:00,,,,,358.5,1.25,1.812,23.0,-73.25,-3.0,-24.688,-0.009,0.003,0.023,-0.72,0.52,9.56,-0.94,0.84,-0.23,0.22,-0.31,9.79,0.15375,0.0,0.0,0.0,0.0,5.0,1017.23,66.26,-18.58
2025-03-24 17:47:54.239000+00:00,,,,,358.5,1.25,1.812,23.0,-73.25,-3.0,-24.688,-0.009,0.003,0.023,-0.72,0.52,9.56,-0.94,0.84,-0.23,0.22,-0.31,9.79,0.15375,0.0,0.0,0.0,0.0,5.0,1017.23,66.26,-18.58
2025-03-24 17:47:55.239000+00:00,,,,,358.5,1.25,1.812,23.0,-73.25,-3.0,-24.688,-0.009,0.003,0.023,-0.72,0.52,9.56,-0.94,0.84,-0.23,0.22,-0.31,9.79,0.15375,0.0,0.0,0.0,0.0,5.0,1017.23,66.26,-18.58
2025-03-24 17:47:56.343000+00:00,,,,,358.5,1.25,1.812,23.0,-73.25,-3.0,-24.688,-0.009,0.003,0.023,-0.72,0.52,9.56,-0.94,0.84,-0.23,0.22,-0.31,9.79,0.15375,0.0,0.0,0.0,0.0,5.0,1017.23,66.26,-18.58
2025-03-24 17:47:57.493000+00:00,,,,,358.5,1.25,1.812,23.0,-73.25,-3.0,-24.688,-0.009,0.003,0.023,-0.72,0.52,9.56,-0.94,0.84,-0.23,0.22,-0.31,9.79,0.15375,0.0,0.0,0.0,0.0,5.0,1017.23,66.26,-18.58
2025-03-24 17:47:58.549000+00:00,,,,,358.5,1.25,1.812,23.0,-73.25,-3.0,-24.688,-0.009,0.003,0.023,-0.72,0.52,9.56,-0.94,0.84,-0.23,0.22,-0.31,9.79,0.15375,0.0,0.0,0.0,0.0,5.0,1017.23,66.26,-18.58
2025-03-24 17:47:59.597000+00:00,,,,,358.5,1.25,1.812,23.0,-73.25,-3.0,-24.688,-0.009,0.003,0.023,-0.72,0.52,9.56,-0.94,0.84,-0.23,0.22,-0.31,9.79,0.15375,0.0,0.0,0.0,0.0,5.0,1017.23,66.26,-18.58
2025-03-24 17:48:00.872000+00:00,,,,,358.5,1.25,1.812,23.0,-73.25,-3.0,-24.688,-0.009,0.003,0.023,-0.72,0.52,9.56,-0.94,0.84,-0.23,0.22,-0.31,9.79,0.15375,0.0,0.0,0.0,0.0,5.0,1017.23,66.26,-18.58
2025-03-24 17:48:02.143000+00:00,,,,,358.5,1.25,1.812,23.0,-73.25,-3.0,-24.688,-0.009,0.003,0.023,-0.72,0.52,9.56,-0.94,0.84,-0.23,0.22,-0.31,9.79,0.15375,0.0,0.0,0.0,0.0,5.0,1017.23,66.26,-18.58
2025-03-24 17:48:03.288000+00:00,,,,,358.5,1.25,1.812,23.0,-73.25,-3.0,-24.688,-0.009,0.003,0.023,-0.72,0.52,9.56,-0.94,0.84,-0.23,0.22,-0.31,9.79,0.15375,0.0,0.0,0.0,0.0,5.0,1017.23,66.26,-18.58
2025-03-24 17:48:04.239000+00:00,,,,,358.5,1.25,1.812,23.0,-73.25,-3.0,-24.688,-0.009,0.003,0.023,-0.72,0.52,9.56,-0.94,0.84,-0.23,0.22,-0.31,9.79,0.15375,0.0,0.0,0.0,0.0,5.0,1017.23,66.26,-18.58
2025-03-24 17:48:05.323000+00:00,,,,,358.5,1.25,1.812,23.0,-73.25,-3.0,-24.688,-0.009,0.003,0.023,-0.72,0.52,9.56,-0.94,0.84,-0.23,0.22,-0.31,9.79,0.15375,0.0,0.0,0.0,0.0,5.0,1017.23,66.26,-18.58
2025-03-24 17:48:06.299000+00:00,,,,,358.5,1.25,1.812,23.0,-73.25,-3.0,-24.688,-0.009,0.003,0.023,-0.72,0.52,9.56,-0.94,0.84,-0.23,0.22,-0.31,9.79,0.15375,0.0,0.0,0.0,0.0,5.0,1017.23,66.26,-18.58
2025-03-24 17:48:07.294000+00:00,,,,,358.5,1.25,1.812,23.0,-73.25,-3.0,-24.688,-0.009,0.003,0.023,-0.72,0.52,9.56,-0.94,0.84,-0.23,0.22,-0.31,9.79,0.15375,0.0,0.0,0.0,0.0,5.0,1017.23,66.26,-18.58
2025-03-24 17:48:08.369000+00:00,,,,,358.5,1.25,1.812,23.0,-73.25,-3.0,-24.688,-0.009,0.003,0.023,-0.72,0.52,9.56,-0.94,0.84,-0.23,0.22,-0.31,9.79,0.15375,0.0,0.0,0.0,0.0,5.0,1017.23,66.26,-18.58
2025-03-24 17:48:09.945000+00:00,,,,,358.5,1.25,1.812,23.0,-73.25,-3.0,-24.688,-0.009,0.003,0.023,-0.72,0.52,9.56,-0.94,0.84,-0.23,0.22,-0.31,9.79,0.15375,0.0,0.0,0.0,0.0,5.0,1017.23,66.26,-18.5
2025-03-24 17:48:11.312000+00:00,,,,,358.5,1.25,1.812,23.0,-73.25,-3.0,-24.688,-0.009,0.003,0.023,-0.72,0.52,9.56,-0.94,0.84,-0.23,0.22,-0.31,9.79,0.15375,0.0,0.0,0.0,0.0,5.0,1017.23,66.26,-18.5
2025-03-24 17:48:12.322000+00:00,,,,,358.5,1.25,1.812,23.0,-73.25,-3.0,-24.688,-0.009,0.003,0.023,-0.72,0.52,9.56,-0.94,0.84,-0.23,0.22,-0.31,9.79,0.15375,0.0,0.0,0.0,0.0,5.0,1017.23,66.26,-18.5
2025-03-24 17:48:13.352000+00:00,,,,,358.5,1.25,1.812,23.0,-73.25,-3.0,-24.688,-0.009,0.003,0.023,-0.72,0.52,9.56,-0.94,0.84,-0.23,0.22,-0.31,9.79,0.15375,0.0,0.0,0.0,0.0,5.0,1017.23,66.26,-18.5
