,rpm_value,rpm_blade_1,rpm_blade_2,rpm_blade_3,orientation_heading,orientation_roll,orientation_pitch,temperature_value,magnetometer_mx,magnetometer_my,magnetometer_mz,gyroscope_gx,gyroscope_gy,gyroscope_gz,accelerometer_ax,accelerometer_ay,accelerometer_az,linear_acceleration_lx,linear_acceleration_ly,linear_acceleration_lz,gravity_grx,gravity_gry,gravity_grz,voltage_value,current_value,power_value,servo_value,speed_value,direction_value,pressure_value,humidity_value,altitude_value
2025-03-24 17:57:02.833000+00:00,,,,,1.688,-1.812,-0.812,24.0,-94.188,-2.875,-19.188,-0.011,-0.017,-0.029,0.0,0.08,9.42,0.31,0.03,-0.28,-0.3,0.14,9.8,0.12,0.0,0.0,0.0,4.7,3.0,1017.17,66.51,-18.11
2025-03-24 17:57:03.843000+00:00,,,,,1.688,-1.75,-0.812,24.0,-94.188,-2.875,-19.188,-0.011,-0.017,-0.029,0.0,0.08,9.42,0.31,0.03,-0.28,-0.3,0.14,9.8,0.12,0.0,0.0,0.0,4.7,3.0,1017.17,66.51,-18.11
2025-03-24 17:57:04.854000+00:00,,,,,1.688,-1.75,-0.812,24.0,-94.188,-2.875,-19.188,-0.011,-0.017,-0.029,0.0,0.08,9.42,0.31,0.03,-0.28,-0.3,0.14,9.8,0.12,0.0,0.0,0.0,4.7,3.0,1017.17,66.51,-18.11
2025-03-24 17:57:05.861000+00:00,,,,,1.688,-1.75,-0.938,24.0,-94.188,-2.875,-19.188,-0.011,-0.017,-0.029,0.0,0.08,9.42,0.31,0.03,-0.28,-0.3,0.14,9.8,0.12,0.0,0.0,0.0,4.7,3.0,1017.17,66.51,-18.11
2025-03-24 17:57:06.870000+00:00,,,,,1.75,-1.75,-0.875,24.0,-94.188,-2.875,-19.188,-0.011,-0.017,-0.029,0.0,0.08,9.42,0.31,0.03,-0.28,-0.3,0.14,9.8,0.12,0.0,0.0,0.0,4.7,3.0,1017.17,66.51,-18.11
2025-03-24 17:57:07.949000+00:00,,,,,1.812,-1.75,-0.812,24.0,-94.188,-2.875,-19.188,-0.011,-0.017,-0.029,0.0,0.08,9.42,0.31,0.03,-0.28,-0.3,0.14,9.8,0.12,0.0,0.0,0.0,4.7,3.0,1017.17,66.51,-18.11
2025-03-24 17:57:08.887000+00:00,,,,,1.812,-1.812,-0.812,24.0,-94.188,-2.875,-19.188,-0.011,-0.017,-0.029,0.0,0.08,9.42,0.31,0.03,-0.28,-0.3,0.14,9.8,0.12,0.0,0.0,0.0,4.7,3.0,1017.17,66.51,-18.11
2025-03-24 17:57:09.898000+00:00,,,,,1.875,-1.812,-0.812,24.0,-94.188,-2.875,-19.188,-0.011,-0.017,-0.029,0.0,0.08,9.42,0.31,0.03,-0.28,-0.3,0.14,9.8,0.12,0.0,0.0,0.0,4.7,3.0,1017.17,66.51,-18.11
2025-03-24 17:57:10.908000+00:00,,,,,1.875,-1.812,-0.875,24.0,-94.188,-2.875,-19.188,-0.011,-0.017,-0.029,0.0,0.08,9.42,0.31,0.03,-0.28,-0.3,0.14,9.8,0.12,0.0,0.0,0.0,4.7,3.0,1017.17,66.51,-18.11
2025-03-24 17:57:11.916000+00:00,,,,,2.0,-1.812,-0.875,24.0,-94.188,-2.875,-19.188,-0.011,-0.017,-0.029,0.0,0.08,9.42,0.31,0.03,-0.28,-0.3,0.14,9.8,0.12,0.0,0.0,0.0,4.7,3.0,1017.17,66.51,-18.11
2025-03-24 17:57:12.926000+00:00,,,,,2.0,-1.75,-0.875,24.0,-94.188,-2.875,-19.188,-0.011,-0.017,-0.029,0.0,0.08,9.42,0.31,0.03,-0.28,-0.3,0.14,9.8,0.12,0.0,0.0,0.0,4.7,3.0,1017.17,66.51,-18.11
2025-03-24 17:57:13.937000+00:00,,,,,2.062,-1.688,-0.875,24.0,-94.188,-2.875,-19.188,-0.011,-0.017,-0.029,0.0,0.08,9.42,0.31,0.03,-0.28,-0.3,0.14,9.8,0.12,0.0,0.0,0.0,4.7,3.0,1017.17,66.51,-18.11
2025-03-24 17:57:15.029000+00:00,,,,,2.125,-1.75,-0.812,24.0,-94.188,-2.875,-19.188,-0.011,-0.017,-0.029,0.0,0.08,9.42,0.31,0.03,-0.28,-0.3,0.14,9.8,0.12,0.0,0.0,0.0,4.7,3.0,1017.17,66.51,-18.11
2025-03-24 17:57:16.071000+00:00,,,,,2.125,-1.75,-0.812,24.0,-94.188,-2.875,-19.188,-0.011,-0.017,-0.029,0.0,0.08,9.42,0.31,0.03,-0.28,-0.3,0.14,9.8,0.12,0.0,0.0,0.0,4.7,3.0,1017.17,66.51,-18.11
2025-03-24 17:57:17.296000+00:00,,,,,2.125,-1.688,-0.75,24.0,-94.188,-2.875,-19.188,-0.011,-0.017,-0.029,0.0,0.08,9.42,0.31,0.03,-0.28,-0.3,0.14,9.8,0.12,0.0,0.0,0.0,4.7,3.0,1017.17,66.51,-18.11
2025-03-24 17:57:17.978000+00:00,,,,,2.25,-1.75,-0.812,24.0,-94.188,-2.875,-19.188,-0.011,-0.017,-0.029,0.0,0.08,9.42,0.31,0.03,-0.28,-0.3,0.14,9.8,0.12,0.0,0.0,0.0,4.7,3.0,1017.17,66.51,-18.11
2025-03-24 17:57:18.988000+00:00,,,,,2.25,-1.812,-0.875,24.0,-94.188,-2.875,-19.188,-0.011,-0.017,-0.029,0.0,0.08,9.42,0.31,0.03,-0.28,-0.3,0.14,9.8,0.12,0.0,0.0,0.0,4.7,3.0,1017.17,66.51,-18.11
2025-03-24 17:57:19.999000+00:00,,,,,2.312,-1.812,-0.875,24.0,-94.188,-2.875,-19.188,-0.011,-0.017,-0.029,0.0,0.08,9.42,0.31,0.03,-0.28,-0.3,0.14,9.8,0.12,0.0,0.0,0.0,4.7,3.0,1017.17,66.51,-18.11
2025-03-24 17:57:21.010000+00:00,,,,,2.375,-1.875,-0.938,24.0,-94.188,-2.875,-19.188,-0.011,-0.017,-0.029,0.0,0.08,9.42,0.31,0.03,-0.28,-0.3,0.14,9.8,0.12,0.0,0.0,0.0,4.7,3.0,1017.17,66.51,-18.11
2025-03-24 17:57:22.017000+00:00,,,,,2.5,-1.938,-0.875,24.0,-94.188,-2.875,-19.188,-0.011,-0.017,-0.029,0.0,0.08,9.42,0.31,0.03,-0.28,-0.3,0.14,9.8,0.12,0.0,0.0,0.0,4.7,3.0,1017.17,66.51,-18.11
2025-03-24 17:57:23.025000+00:00,,,,,2.438,-1.938,-0.938,24.0,-94.188,-2.875,-19.188,-0.011,-0.017,-0.029,0.0,0.08,9.42,0.31,0.03,-0.28,-0.3,0.14,9.8,0.12,0.0,0.0,0.0,4.7,3.0,1017.17,66.51,-18.11
2025-03-24 17:57:24.033000+00:00,,,,,2.5,-1.938,-0.875,24.0,-94.188,-2.875,-19.188,-0.011,-0.017,-0.029,0.0,0.08,9.42,0.31,0.03,-0.28,-0.3,0.14,9.8,0.12,0.0,0.0,0.0,4.7,3.0,1017.17,66.51,-18.11
2025-03-24 17:57:25.043000+00:00,,,,,2.562,-1.875,-0.875,24.0,-94.188,-2.875,-19.188,-0.011,-0.017,-0.029,0.0,0.08,9.42,0.31,0.03,-0.28,-0.3,0.14,9.8,0.12,0.0,0.0,0.0,4.7,3.0,1017.17,66.51,-18.11
2025-03-24 17:57:26.054000+00:00,,,,,2.5,-2.0,-0.875,24.0,-94.188,-2.875,-19.188,-0.011,-0.017,-0.029,0.0,0.08,9.42,0.31,0.03,-0.28,-0.3,0.14,9.8,0.12,0.0,0.0,0.0,4.7,3.0,1017.17,66.51,-18.11
2025-03-24 17:57:27.118000+00:00,,,,,2.625,-1.938,-0.875,24.0,-94.188,-2.875,-19.188,-0.011,-0.017,-0.029,0.0,0.08,9.42,0.31,0.03,-0.28,-0.3,0.14,9.8,0.12,0.0,0.0,0.0,4.7,3.0,1017.17,66.51,-18.11
2025-03-24 17:57:28.199000+00:00,,,,,2.562,-1.875,-0.875,24.0,-94.188,-2.875,-19.188,-0.011,-0.017,-0.029,0.0,0.08,9.42,0.31,0.03,-0.28,-0.3,0.14,9.8,0.12,0.0,0.0,0.0,4.7,3.0,1017.17,66.51,-18.11
2025-03-24 17:57:29.349000+00:00,,,,,2.625,-1.875,-0.812,24.0,-94.188,-2.875,-19.188,-0.011,-0.017,-0.029,0.0,0.08,9.42,0.31,0.03,-0.28,-0.3,0.14,9.8,0.12,0.0,0.0,0.0,4.7,3.0,1017.17,66.51,-18.11
2025-03-24 17:57:30.094000+00:00,,,,,2.688,-1.875,-0.875,24.0,-94.188,-2.875,-19.188,-0.011,-0.017,-0.029,0.0,0.08,9.42,0.31,0.03,-0.28,-0.3,0.14,9.8,0.12,0.0,0.0,0.0,4.7,3.0,1017.17,66.51,-18.11
2025-03-24 17:57:31.104000+00:00,,,,,2.688,-1.875,-0.938,24.0,-94.188,-2.875,-19.188,-0.011,-0.017,-0.029,0.0,0.08,9.42,0.31,0.03,-0.28,-0.3,0.14,9.8,0.12,0.0,0.0,0.0,4.7,3.0,1017.17,66.51,-18.11
2025-03-24 17:57:32.115000+00:00,,,,,2.688,-1.875,-0.938,24.0,-94.188,-2.875,-19.188,-0.011,-0.017,-0.029,0.0,0.08,9.42,0.31,0.03,-0.28,-0.3,0.14,9.8,0.12,0.0,0.0,0.0,4.7,3.0,1017.17,66.51,-18.11
2025-03-24 17:57:33.133000+00:00,,,,,2.812,-1.875,-1.0,24.0,-94.188,-2.875,-19.188,-0.011,-0.017,-0.029,0.0,0.08,9.42,0.31,0.03,-0.28,-0.3,0.14,9.8,0.12,0.0,0.0,0.0,4.7,3.0,1017.17,66.51,-18.11
2025-03-24 17:57:34.131000+00:00,,,,,2.875,-1.938,-0.875,24.0,-94.188,-2.875,-19.188,-0.011,-0.017,-0.029,0.0,0.08,9.42,0.31,0.03,-0.28,-0.3,0.14,9.8,0.12,0.0,0.0,0.0,4.7,3.0,1017.17,66.51,-18.11
2025-03-24 17:57:35.140000+00:00,,,,,2.875,-1.938,-0.938,24.0,-94.188,-2.875,-19.188,-0.011,-0.017,-0.029,0.0,0.08,9.42,0.31,0.03,-0.28,-0.3,0.14,9.8,0.12,0.0,0.0,0.0,4.7,3.0,1017.17,66.51,-18.11
2025-03-24 17:57:36.198000+00:00,,,,,2.938,-1.938,-0.938,24.0,-94.188,-2.875,-19.188,-0.011,-0.017,-0.029,0.0,0.08,9.42,0.31,0.03,-0.28,-0.3,0.14,9.8,0.12,0.0,0.0,0.0,4.7,3.0,1017.17,66.51,-18.11
2025-03-24 17:57:37.343000+00:00,,,,,2.938,-1.875,-0.875,24.0,-94.188,-2.875,-19.188,-0.011,-0.017,-0.029,0.0,0.08,9.42,0.31,0.03,-0.28,-0.3,0.14,9.8,0.12,0.0,0.0,0.0,4.7,3.0,1017.17,66.51,-18.11
2025-03-24 17:57:38.171000+00:00,,,,,3.062,-1.875,-0.938,24.0,-94.188,-2.875,-19.188,-0.011,-0.017,-0.029,0.0,0.08,9.42,0.31,0.03,-0.28,-0.3,0.14,9.8,0.12,0.0,0.0,0.0,4.7,3.0,1017.17,66.51,-18.11
2025-03-24 17:57:39.180000+00:00,,,,,3.062,-1.875,-0.875,24.0,-94.188,-2.875,-19.188,-0.011,-0.017,-0.029,0.0,0.08,9.42,0.31,0.03,-0.28,-0.3,0.14,9.8,0.12,0.0,0.0,0.0,4.7,3.0,1017.17,66.51,-18.11
2025-03-24 17:57:40.191000+00:00,,,,,3.125,-1.812,-0.875,24.0,-94.188,-2.875,-19.188,-0.011,-0.017,-0.029,0.0,0.08,9.42,0.31,0.03,-0.28,-0.3,0.14,9.8,0.12,0.0,0.0,0.0,4.7,3.0,1017.17,66.51,-18.11
2025-03-24 17:57:41.202000+00:00,,,,,3.188,-1.812,-0.938,24.0,-94.188,-2.875,-19.188,-0.011,-0.017,-0.029,0.0,0.08,9.42,0.31,0.03,-0.28,-0.3,0.14,9.8,0.12,0.0,0.0,0.0,4.7,3.0,1017.17,66.51,-18.11
2025-03-24 17:57:42.328000+00:00,,,,,3.188,-1.812,-0.875,24.0,-94.188,-2.875,-19.188,-0.011,-0.017,-0.029,0.0,0.08,9.42,0.31,0.03,-0.28,-0.3,0.14,9.8,0.12,0.0,0.0,0.0,4.7,3.0,1017.17,66.51,-18.11
2025-03-24 17:57:43.462000+00:00,,,,,3.25,-1.875,-0.938,24.0,-94.188,-2.875,-19.188,-0.011,-0.017,-0.029,0.0,0.08,9.42,0.31,0.03,-0.28,-0.3,0.14,9.8,0.12,0.0,0.0,0.0,4.7,3.0,1017.17,66.51,-18.11
2025-03-24 17:57:44.534000+00:00,,,,,3.25,-1.875,-0.938,24.0,-94.188,-2.875,-19.188,-0.011,-0.017,-0.029,0.0,0.08,9.42,0.31,0.03,-0.28,-0.3,0.14,9.8,0.12,0.0,0.0,0.0,4.7,3.0,1017.17,66.51,-18.11
2025-03-24 17:57:45.241000+00:00,,,,,3.375,-1.812,-0.938,24.0,-94.188,-2.875,-19.188,-0.011,-0.017,-0.029,0.0,0.08,9.42,0.31,0.03,-0.28,-0.3,0.14,9.8,0.12,0.0,0.0,0.0,4.7,3.0,1017.17,66.51,-18.11
2025-03-24 17:57:46.253000+00:00,,,,,3.438,-1.75,-0.875,24.0,-94.188,-2.875,-19.188,-0.011,-0.017,-0.029,0.0,0.08,9.42,0.31,0.03,-0.28,-0.3,0.14,9.8,0.12,0.0,0.0,0.0,4.7,3.0,1017.17,66.51,-18.11
2025-03-24 17:57:47.263000+00:00,,,,,3.438,-1.812,-0.812,24.0,-94.188,-2.875,-19.188,-0.011,-0.017,-0.029,0.0,0.08,9.42,0.31,0.03,-0.28,-0.3,0.14,9.8,0.12,0.0,0.0,0.0,4.7,3.0,1017.17,66.51,-18.11
2025-03-24 17:57:48.274000+00:00,,,,,3.5,-1.812,-0.812,24.0,-94.188,-2.875,-19.188,-0.011,-0.017,-0.029,0.0,0.08,9.42,0.31,0.03,-0.28,-0.3,0.14,9.8,0.12,0.0,0.0,0.0,4.7,3.0,1017.17,66.51,-18.11
2025-03-24 17:57:49.282000+00:00,,,,,3.562,-1.812,-0.812,24.0,-94.188,-2.875,-19.188,-0.011,-0.017,-0.029,0.0,0.08,9.42,0.31,0.03,-0.28,-0.3,0.14,9.8,0.12,0.0,0.0,0.0,4.7,3.0,1017.17,66.51,-18.11
2025-03-24 17:57:50.290000+00:00,,,,,3.625,-1.812,-0.875,24.0,-94.188,-2.875,-19.188,-0.011,-0.017,-0.029,0.0,0.08,9.42,0.31,0.03,-0.28,-0.3,0.14,9.8,0.12,0.0,0.0,0.0,4.7,3.0,1017.17,66.51,-18.11
2025-03-24 17:57:51.301000+00:00,,,,,3.688,-1.875,-0.875,24.0,-94.188,-2.875,-19.188,-0.011,-0.017,-0.029,0.0,0.08,9.42,0.31,0.03,-0.28,-0.3,0.14,9.8,0.12,0.0,0.0,0.0,4.7,3.0,1017.17,66.51,-18.11
2025-03-24 17:57:52.427000+00:00,,,,,3.625,-1.812,-0.938,24.0,-94.188,-2.875,-19.188,-0.011,-0.017,-0.029,0.0,0.08,9.42,0.31,0.03,-0.28,-0.3,0.14,9.8,0.12,0.0,0.0,0.0,4.7,3.0,1017.17,66.51,-18.11
2025-03-24 17:57:53.794000+00:00,,,,,3.75,-1.938,-0.812,24.0,-94.188,-2.875,-19.188,-0.011,-0.017,-0.029,0.0,0.08,9.42,0.31,0.03,-0.28,-0.3,0.14,9.8,0.12,0.0,0.0,0.0,4.7,3.0,1017.17,66.51,-18.11
2025-03-24 17:57:54.483000+00:00,,,,,3.75,-1.938,-0.688,24.0,-94.188,-2.875,-19.188,-0.011,-0.017,-0.029,0.0,0.08,9.42,0.31,0.03,-0.28,-0.3,0.14,9.8,0.12,0.0,0.0,0.0,4.7,3.0,1017.17,66.51,-18.11
2025-03-24 17:57:55.476000+00:00,,,,,3.812,-1.875,-0.75,24.0,-94.188,-2.875,-19.188,-0.011,-0.017,-0.029,0.0,0.08,9.42,0.31,0.03,-0.28,-0.3,0.14,9.8,0.12,0.0,0.0,0.0,4.7,3.0,1017.17,66.51,-18.11
2025-03-24 17:57:56.491000+00:00,,,,,3.875,-1.875,-0.812,24.0,-94.188,-2.875,-19.188,-0.011,-0.017,-0.029,0.0,0.08,9.42,0.31,0.03,-0.28,-0.3,0.14,9.8,0.12,0.0,0.0,0.0,4.7,3.0,1017.17,66.51,-18.11
2025-03-24 17:57:57.495000+00:00,,,,,3.938,-1.938,-0.75,24.0,-94.188,-2.875,-19.188,-0.011,-0.017,-0.029,0.0,0.08,9.42,0.31,0.03,-0.28,-0.3,0.14,9.8,0.12,0.0,0.0,0.0,4.7,3.0,1017.17,66.51,-18.11
2025-03-24 17:57:58.487000+00:00,,,,,3.938,-2.0,-0.75,24.0,-94.188,-2.875,-19.188,-0.011,-0.017,-0.029,0.0,0.08,9.42,0.31,0.03,-0.28,-0.3,0.14,9.8,0.12,0.0,0.0,0.0,4.7,3.0,1017.17,66.51,-18.11
2025-03-24 17:57:59.502000+00:00,,,,,4.0,-1.875,-0.875,24.0,-94.188,-2.875,-19.188,-0.011,-0.017,-0.029,0.0,0.08,9.42,0.31,0.03,-0.28,-0.3,0.14,9.8,0.12,0.0,0.0,0.0,4.7,3.0,1017.17,66.51,-18.11
2025-03-24 17:58:00.495000+00:00,,,,,4.062,-1.875,-0.875,24.0,-94.188,-2.875,-19.188,-0.011,-0.017,-0.029,0.0,0.08,9.42,0.31,0.03,-0.28,-0.3,0.14,9.8,0.12,0.0,0.0,0.0,4.7,3.0,1017.17,66.51,-18.11
2025-03-24 17:58:01.506000+00:00,,,,,4.125,-1.875,-0.875,24.0,-94.188,-2.875,-19.188,-0.011,-0.017,-0.029,0.0,0.08,9.42,0.31,0.03,-0.28,-0.3,0.14,9.8,0.12,0.0,0.0,0.0,4.7,3.0,1017.17,66.51,-18.11
2025-03-24 17:57:02.881000+00:00,,,,,4.125,-1.875,-0.875,24.0,-94.188,-2.875,-19.188,-0.011,-0.017,-0.029,0.0,0.08,9.42,0.31,0.03,-0.28,-0.3,0.14,9.8,0.12,0.0,0.0,0.0,4.7,3.0,1017.17,66.51,-18.11
2025-03-24 17:57:03.330000+00:00,,,,,4.125,-1.875,-0.875,23.08,-94.188,-2.875,-19.188,-0.011,-0.017,-0.029,0.0,0.08,9.42,0.31,0.03,-0.28,-0.3,0.14,9.8,0.12,0.0,0.0,0.0,4.7,3.0,1017.17,66.51,-18.11
2025-03-24 17:57:03.891000+00:00,,,,,4.125,-1.875,-0.875,24.0,-94.188,-2.875,-19.188,-0.011,-0.017,-0.029,0.0,0.08,9.42,0.31,0.03,-0.28,-0.3,0.14,9.8,0.12,0.0,0.0,0.0,4.7,3.0,1017.17,66.51,-18.11
2025-03-24 17:57:04.476000+00:00,,,,,4.125,-1.875,-0.875,23.08,-94.188,-2.875,-19.188,-0.011,-0.017,-0.029,0.0,0.08,9.42,0.31,0.03,-0.28,-0.3,0.14,9.8,0.12,0.0,0.0,0.0,4.7,3.0,1017.17,66.51,-18.11
2025-03-24 17:57:04.902000+00:00,,,,,4.125,-1.875,-0.875,24.0,-94.188,-2.875,-19.188,-0.011,-0.017,-0.029,0.0,0.08,9.42,0.31,0.03,-0.28,-0.3,0.14,9.8,0.12,0.0,0.0,0.0,4.7,3.0,1017.17,66.51,-18.11
2025-03-24 17:57:05.510000+00:00,,,,,4.125,-1.875,-0.875,23.08,-94.188,-2.875,-19.188,-0.011,-0.017,-0.029,0.0,0.08,9.42,0.31,0.03,-0.28,-0.3,0.14,9.8,0.12,0.0,0.0,0.0,4.7,3.0,1017.17,66.51,-18.11
2025-03-24 17:57:05.916000+00:00,,,,,4.125,-1.875,-0.875,24.0,-94.188,-2.875,-19.188,-0.011,-0.017,-0.029,0.0,0.08,9.42,0.31,0.03,-0.28,-0.3,0.14,9.8,0.12,0.0,0.0,0.0,4.7,3.0,1017.17,66.51,-18.11
2025-03-24 17:57:06.606000+00:00,,,,,4.125,-1.875,-0.875,23.08,-94.188,-2.875,-19.188,-0.011,-0.017,-0.029,0.0,0.08,9.42,0.31,0.03,-0.28,-0.3,0.14,9.8,0.12,0.0,0.0,0.0,4.7,3.0,1017.17,66.51,-18.11
2025-03-24 17:57:06.927000+00:00,,,,,4.125,-1.875,-0.875,24.0,-94.188,-2.875,-19.188,-0.011,-0.017,-0.029,0.0,0.08,9.42,0.31,0.03,-0.28,-0.3,0.14,9.8,0.12,0.0,0.0,0.0,4.7,3.0,1017.17,66.51,-18.11
2025-03-24 17:57:07.741000+00:00,,,,,4.125,-1.875,-0.875,23.08,-94.188,-2.875,-19.188,-0.011,-0.017,-0.029,0.0,0.08,9.42,0.31,0.03,-0.28,-0.3,0.14,9.8,0.12,0.0,0.0,0.0,4.7,3.0,1017.17,66.51,-18.11
2025-03-24 17:57:08+00:00,,,,,4.125,-1.875,-0.875,24.0,-94.188,-2.875,-19.188,-0.011,-0.017,-0.029,0.0,0.08,9.42,0.31,0.03,-0.28,-0.3,0.14,9.8,0.12,0.0,0.0,0.0,4.7,3.0,1017.17,66.51,-18.11
2025-03-24 17:57:08.945000+00:00,,,,,4.125,-1.875,-0.875,24.0,-94.188,-2.875,-19.188,-0.011,-0.017,-0.029,0.0,0.08,9.42,0.31,0.03,-0.28,-0.3,0.14,9.8,0.12,0.0,0.0,0.0,4.7,3.0,1017.17,66.51,-18.11
2025-03-24 17:57:09.350000+00:00,,,,,4.125,-1.875,-0.875,23.08,-94.188,-2.875,-19.188,-0.011,-0.017,-0.029,0.0,0.08,9.42,0.31,0.03,-0.28,-0.3,0.14,9.8,0.12,0.0,0.0,0.0,4.7,3.0,1017.17,66.51,-18.11
2025-03-24 17:57:09.954000+00:00,,,,,4.125,-1.875,-0.875,24.0,-94.188,-2.875,-19.188,-0.011,-0.017,-0.029,0.0,0.08,9.42,0.31,0.03,-0.28,-0.3,0.14,9.8,0.12,0.0,0.0,0.0,4.7,3.0,1017.17,66.51,-18.11
2025-03-24 17:57:10.371000+00:00,,,,,4.125,-1.875,-0.875,23.08,-94.188,-2.875,-19.188,-0.011,-0.017,-0.029,0.0,0.08,9.42,0.31,0.03,-0.28,-0.3,0.14,9.8,0.12,0.0,0.0,0.0,4.7,3.0,1017.17,66.51,-18.11
2025-03-24 17:57:10.966000+00:00,,,,,4.125,-1.875,-0.875,24.0,-94.188,-2.875,-19.188,-0.011,-0.017,-0.029,0.0,0.08,9.42,0.31,0.03,-0.28,-0.3,0.14,9.8,0.12,0.0,0.0,0.0,4.7,3.0,1017.17,66.51,-18.11
2025-03-24 17:57:11.576000+00:00,,,,,4.125,-1.875,-0.875,23.08,-94.188,-2.875,-19.188,-0.011,-0.017,-0.029,0.0,0.08,9.42,0.31,0.03,-0.28,-0.3,0.14,9.8,0.12,0.0,0.0,0.0,4.7,3.0,1017.17,66.51,-18.11
2025-03-24 17:57:11.971000+00:00,,,,,4.125,-1.875,-0.875,24.0,-94.188,-2.875,-19.188,-0.011,-0.017,-0.029,0.0,0.08,9.42,0.31,0.03,-0.28,-0.3,0.14,9.8,0.12,0.0,0.0,0.0,4.7,3.0,1017.17,66.51,-18.11
2025-03-24 17:57:12.580000+00:00,,,,,4.125,-1.875,-0.875,23.08,-94.188,-2.875,-19.188,-0.011,-0.017,-0.029,0.0,0.08,9.42,0.31,0.03,-0.28,-0.3,0.14,9.8,0.12,0.0,0.0,0.0,4.7,3.0,1017.17,66.51,-18.11
2025-03-24 17:57:12.981000+00:00,,,,,4.125,-1.875,-0.875,24.0,-94.188,-2.875,-19.188,-0.011,-0.017,-0.029,0.0,0.08,9.42,0.31,0.03,-0.28,-0.3,0.14,9.8,0.12,0.0,0.0,0.0,4.7,3.0,1017.17,66.51,-18.11
2025-03-24 17:57:13.669000+00:00,,,,,4.125,-1.875,-0.875,23.08,-94.188,-2.875,-19.188,-0.011,-0.017,-0.029,0.0,0.08,9.42,0.31,0.03,-0.28,-0.3,0.14,9.8,0.12,0.0,0.0,0.0,4.7,3.0,1017.17,66.51,-18.11
2025-03-24 17:57:13.992000+00:00,,,,,4.125,-1.875,-0.875,24.0,-94.188,-2.875,-19.188,-0.011,-0.017,-0.029,0.0,0.08,9.42,0.31,0.03,-0.28,-0.3,0.14,9.8,0.12,0.0,0.0,0.0,4.7,3.0,1017.17,66.51,-18.11
2025-03-24 17:57:14.810000+00:00,,,,,4.125,-1.875,-0.875,23.08,-94.188,-2.875,-19.188,-0.011,-0.017,-0.029,0.0,0.08,9.42,0.31,0.03,-0.28,-0.3,0.14,9.8,0.12,0.0,0.0,0.0,4.7,3.0,1017.17,66.51,-18.11
2025-03-24 17:57:15.087000+00:00,,,,,4.125,-1.875,-0.875,24.0,-94.188,-2.875,-19.188,-0.011,-0.017,-0.029,0.0,0.08,9.42,0.31,0.03,-0.28,-0.3,0.14,9.8,0.12,0.0,0.0,0.0,4.7,3.0,1017.17,66.51,-18.11
2025-03-24 17:57:15.856000+00:00,,,,,4.125,-1.875,-0.875,23.08,-94.188,-2.875,-19.188,-0.011,-0.017,-0.029,0.0,0.08,9.42,0.31,0.03,-0.28,-0.3,0.14,9.8,0.12,0.0,0.0,0.0,4.7,3.0,1017.17,66.51,-18.11
2025-03-24 17:57:16.124000+00:00,,,,,4.125,-1.875,-0.875,24.0,-94.188,-2.875,-19.188,-0.011,-0.017,-0.029,0.0,0.08,9.42,0.31,0.03,-0.28,-0.3,0.14,9.8,0.12,0.0,0.0,0.0,4.7,3.0,1017.17,66.51,-18.11
2025-03-24 17:57:17.010000+00:00,,,,,4.125,-1.875,-0.875,23.08,-94.188,-2.875,-19.188,-0.011,-0.017,-0.029,0.0,0.08,9.42,0.31,0.03,-0.28,-0.3,0.14,9.8,0.12,0.0,0.0,0.0,4.7,3.0,1017.17,66.51,-18.11
2025-03-24 17:57:17.355000+00:00,,,,,4.125,-1.875,-0.875,23.0,-94.188,-2.875,-19.188,-0.011,-0.017,-0.029,0.0,0.08,9.42,0.31,0.03,-0.28,-0.3,0.14,9.8,0.12,0.0,0.0,0.0,4.7,3.0,1017.17,66.51,-18.11
2025-03-24 17:57:18.036000+00:00,,,,,4.125,-1.875,-0.875,23.0,-94.188,-2.875,-19.188,-0.011,-0.017,-0.029,0.0,0.08,9.42,0.31,0.03,-0.28,-0.3,0.14,9.8,0.12,0.0,0.0,0.0,4.7,3.0,1017.17,66.51,-18.11
2025-03-24 17:57:18.494000+00:00,,,,,4.125,-1.875,-0.875,23.08,-94.188,-2.875,-19.188,-0.011,-0.017,-0.029,0.0,0.08,9.42,0.31,0.03,-0.28,-0.3,0.14,9.8,0.12,0.0,0.0,0.0,4.7,3.0,1017.17,66.51,-18.11
2025-03-24 17:57:19.043000+00:00,,,,,4.125,-1.875,-0.875,23.0,-94.188,-2.875,-19.188,-0.011,-0.017,-0.029,0.0,0.08,9.42,0.31,0.03,-0.28,-0.3,0.14,9.8,0.12,0.0,0.0,0.0,4.7,3.0,1017.17,66.51,-18.11
2025-03-24 17:57:19.466000+00:00,,,,,4.125,-1.875,-0.875,23.08,-94.188,-2.875,-19.188,-0.011,-0.017,-0.029,0.0,0.08,9.42,0.31,0.03,-0.28,-0.3,0.14,9.8,0.12,0.0,0.0,0.0,4.7,3.0,1017.17,66.51,-18.11
2025-03-24 17:57:20.054000+00:00,,,,,4.125,-1.875,-0.875,23.0,-94.188,-2.875,-19.188,-0.011,-0.017,-0.029,0.0,0.08,9.42,0.31,0.03,-0.28,-0.3,0.14,9.8,0.12,0.0,0.0,0.0,4.7,3.0,1017.17,66.51,-18.11
2025-03-24 17:57:20.619000+00:00,,,,,4.125,-1.875,-0.875,23.08,-94.188,-2.875,-19.188,-0.011,-0.017,-0.029,0.0,0.08,9.42,0.31,0.03,-0.28,-0.3,0.14,9.8,0.12,0.0,0.0,0.0,4.7,3.0,1017.17,66.51,-18.11
2025-03-24 17:57:21.064000+00:00,,,,,4.125,-1.875,-0.875,23.0,-94.188,-2.875,-19.188,-0.011,-0.017,-0.029,0.0,0.08,9.42,0.31,0.03,-0.28,-0.3,0.14,9.8,0.12,0.0,0.0,0.0,4.7,3.0,1017.17,66.51,-18.11
2025-03-24 17:57:21.641000+00:00,,,,,4.125,-1.875,-0.875,23.08,-94.188,-2.875,-19.188,-0.011,-0.017,-0.029,0.0,0.08,9.42,0.31,0.03,-0.28,-0.3,0.14,9.8,0.12,0.0,0.0,0.0,4.7,3.0,1017.17,66.51,-18.11
2025-03-24 17:57:22.068000+00:00,,,,,4.125,-1.875,-0.875,24.0,-94.188,-2.875,-19.188,-0.011,-0.017,-0.029,0.0,0.08,9.42,0.31,0.03,-0.28,-0.3,0.14,9.8,0.12,0.0,0.0,0.0,4.7,3.0,1017.17,66.51,-18.11
2025-03-24 17:57:22.651000+00:00,,,,,4.125,-1.875,-0.875,23.08,-94.188,-2.875,-19.188,-0.011,-0.017,-0.029,0.0,0.08,9.42,0.31,0.03,-0.28,-0.3,0.14,9.8,0.12,0.0,0.0,0.0,4.7,3.0,1017.17,66.51,-18.11
2025-03-24 17:57:23.079000+00:00,,,,,4.125,-1.875,-0.875,24.0,-94.188,-2.875,-19.188,-0.011,-0.017,-0.029,0.0,0.08,9.42,0.31,0.03,-0.28,-0.3,0.14,9.8,0.12,0.0,0.0,0.0,4.7,3.0,1017.17,66.51,-18.11
2025-03-24 17:57:23.669000+00:00,,,,,4.125,-1.875,-0.875,23.08,-94.188,-2.875,-19.188,-0.011,-0.017,-0.029,0.0,0.08,9.42,0.31,0.03,-0.28,-0.3,0.14,9.8,0.12,0.0,0.0,0.0,4.7,3.0,1017.17,66.51,-18.11
2025-03-24 17:57:24.085000+00:00,,,,,4.125,-1.875,-0.875,23.0,-94.188,-2.875,-19.188,-0.011,-0.017,-0.029,0.0,0.08,9.42,0.31,0.03,-0.28,-0.3,0.14,9.8,0.12,0.0,0.0,0.0,4.7,3.0,1017.17,66.51,-18.11
2025-03-24 17:57:24.629000+00:00,,,,,4.125,-1.875,-0.875,23.08,-94.188,-2.875,-19.188,-0.011,-0.017,-0.029,0.0,0.08,9.42,0.31,0.03,-0.28,-0.3,0.14,9.8,0.12,0.0,0.0,0.0,4.7,3.0,1017.17,66.51,-18.11
2025-03-24 17:57:25.098000+00:00,,,,,4.125,-1.875,-0.875,23.0,-94.188,-2.875,-19.188,-0.011,-0.017,-0.029,0.0,0.08,9.42,0.31,0.03,-0.28,-0.3,0.14,9.8,0.12,0.0,0.0,0.0,4.7,3.0,1017.17,66.51,-18.11
2025-03-24 17:57:25.793000+00:00,,,,,4.125,-1.875,-0.875,23.08,-94.188,-2.875,-19.188,-0.011,-0.017,-0.029,0.0,0.08,9.42,0.31,0.03,-0.28,-0.3,0.14,9.8,0.12,0.0,0.0,0.0,4.7,3.0,1017.17,66.51,-18.11
2025-03-24 17:57:26.109000+00:00,,,,,4.125,-1.875,-0.875,23.0,-94.188,-2.875,-19.188,-0.011,-0.017,-0.029,0.0,0.08,9.42,0.31,0.03,-0.28,-0.3,0.14,9.8,0.12,0.0,0.0,0.0,4.7,3.0,1017.17,66.51,-18.11
2025-03-24 17:57:26.836000+00:00,,,,,4.125,-1.875,-0.875,23.08,-94.188,-2.875,-19.188,-0.011,-0.017,-0.029,0.0,0.08,9.42,0.31,0.03,-0.28,-0.3,0.14,9.8,0.12,0.0,0.0,0.0,4.7,3.0,1017.17,66.51,-18.11
2025-03-24 17:57:27.169000+00:00,,,,,4.125,-1.875,-0.875,23.0,-94.188,-2.875,-19.188,-0.011,-0.017,-0.029,0.0,0.08,9.42,0.31,0.03,-0.28,-0.3,0.14,9.8,0.12,0.0,0.0,0.0,4.7,3.0,1017.17,66.51,-18.11
2025-03-24 17:57:27.985000+00:00,,,,,4.125,-1.875,-0.875,23.08,-94.188,-2.875,-19.188,-0.011,-0.017,-0.029,0.0,0.08,9.42,0.31,0.03,-0.28,-0.3,0.14,9.8,0.12,0.0,0.0,0.0,4.7,3.0,1017.17,66.51,-18.11
2025-03-24 17:57:28.249000+00:00,,,,,4.125,-1.875,-0.875,23.0,-94.188,-2.875,-19.188,-0.011,-0.017,-0.029,0.0,0.08,9.42,0.31,0.03,-0.28,-0.3,0.14,9.8,0.12,0.0,0.0,0.0,4.7,3.0,1017.17,66.51,-18.11
2025-03-24 17:57:29.131000+00:00,,,,,4.125,-1.875,-0.875,23.08,-94.188,-2.875,-19.188,-0.011,-0.017,-0.029,0.0,0.08,9.42,0.31,0.03,-0.28,-0.3,0.14,9.8,0.12,0.0,0.0,0.0,4.7,3.0,1017.17,66.51,-18.11
2025-03-24 17:57:29.416000+00:00,,,,,4.125,-1.875,-0.875,23.0,-94.188,-2.875,-19.188,-0.011,-0.017,-0.029,0.0,0.08,9.42,0.31,0.03,-0.28,-0.3,0.14,9.8,0.12,0.0,0.0,0.0,4.7,3.0,1017.17,66.51,-18.11
2025-03-24 17:57:30.151000+00:00,,,,,4.125,-1.875,-0.875,23.0,-94.188,-2.875,-19.188,-0.011,-0.017,-0.029,0.0,0.08,9.42,0.31,0.03,-0.28,-0.3,0.14,9.8,0.12,0.0,0.0,0.0,4.7,3.0,1017.17,66.51,-18.11
2025-03-24 17:57:30.585000+00:00,,,,,4.125,-1.875,-0.875,23.08,-94.188,-2.875,-19.188,-0.011,-0.017,-0.029,0.0,0.08,9.42,0.31,0.03,-0.28,-0.3,0.14,9.8,0.12,0.0,0.0,0.0,4.7,3.0,1017.17,66.51,-18.11
2025-03-24 17:57:31.151000+00:00,,,,,4.125,-1.875,-0.875,23.0,-94.188,-2.875,-19.188,-0.011,-0.017,-0.029,0.0,0.08,9.42,0.31,0.03,-0.28,-0.3,0.14,9.8,0.12,0.0,0.0,0.0,4.7,3.0,1017.17,66.51,-18.11
2025-03-24 17:57:31.745000+00:00,,,,,4.125,-1.875,-0.875,23.08,-94.188,-2.875,-19.188,-0.011,-0.017,-0.029,0.0,0.08,9.42,0.31,0.03,-0.28,-0.3,0.14,9.8,0.12,0.0,0.0,0.0,4.7,3.0,1017.17,66.51,-18.11
2025-03-24 17:57:32.168000+00:00,,,,,4.125,-1.875,-0.875,23.0,-94.188,-2.875,-19.188,-0.011,-0.017,-0.029,0.0,0.08,9.42,0.31,0.03,-0.28,-0.3,0.14,9.8,0.12,0.0,0.0,0.0,4.7,3.0,1017.17,66.51,-18.11
2025-03-24 17:57:32.785000+00:00,,,,,4.125,-1.875,-0.875,23.08,-94.188,-2.875,-19.188,-0.011,-0.017,-0.029,0.0,0.08,9.42,0.31,0.03,-0.28,-0.3,0.14,9.8,0.12,0.0,0.0,0.0,4.7,3.0,1017.17,66.51,-18.11
2025-03-24 17:57:33.179000+00:00,,,,,4.125,-1.875,-0.875,23.0,-94.188,-2.875,-19.188,-0.011,-0.017,-0.029,0.0,0.08,9.42,0.31,0.03,-0.28,-0.3,0.14,9.8,0.12,0.0,0.0,0.0,4.7,3.0,1017.17,66.51,-18.11
2025-03-24 17:57:33.785000+00:00,,,,,4.125,-1.875,-0.875,23.08,-94.188,-2.875,-19.188,-0.011,-0.017,-0.029,0.0,0.08,9.42,0.31,0.03,-0.28,-0.3,0.14,9.8,0.12,0.0,0.0,0.0,4.7,3.0,1017.17,66.51,-18.11
2025-03-24 17:57:34.183000+00:00,,,,,4.125,-1.875,-0.875,23.0,-94.188,-2.875,-19.188,-0.011,-0.017,-0.029,0.0,0.08,9.42,0.31,0.03,-0.28,-0.3,0.14,9.8,0.12,0.0,0.0,0.0,4.7,3.0,1017.17,66.51,-18.11
2025-03-24 17:57:34.852000+00:00,,,,,4.125,-1.875,-0.875,23.08,-94.188,-2.875,-19.188,-0.011,-0.017,-0.029,0.0,0.08,9.42,0.31,0.03,-0.28,-0.3,0.14,9.8,0.12,0.0,0.0,0.0,4.7,3.0,1017.17,66.51,-18.11
2025-03-24 17:57:35.192000+00:00,,,,,4.125,-1.875,-0.875,23.0,-94.188,-2.875,-19.188,-0.011,-0.017,-0.029,0.0,0.08,9.42,0.31,0.03,-0.28,-0.3,0.14,9.8,0.12,0.0,0.0,0.0,4.7,3.0,1017.17,66.51,-18.11
2025-03-24 17:57:35.990000+00:00,,,,,4.125,-1.875,-0.875,23.08,-94.188,-2.875,-19.188,-0.011,-0.017,-0.029,0.0,0.08,9.42,0.31,0.03,-0.28,-0.3,0.14,9.8,0.12,0.0,0.0,0.0,4.7,3.0,1017.17,66.51,-18.11
2025-03-24 17:57:36.250000+00:00,,,,,4.125,-1.875,-0.875,23.0,-94.188,-2.875,-19.188,-0.011,-0.017,-0.029,0.0,0.08,9.42,0.31,0.03,-0.28,-0.3,0.14,9.8,0.12,0.0,0.0,0.0,4.7,3.0,1017.17,66.51,-18.11
2025-03-24 17:57:37.134000+00:00,,,,,4.125,-1.875,-0.875,23.08,-94.188,-2.875,-19.188,-0.011,-0.017,-0.029,0.0,0.08,9.42,0.31,0.03,-0.28,-0.3,0.14,9.8,0.12,0.0,0.0,0.0,4.7,3.0,1017.17,66.51,-18.11
2025-03-24 17:57:37.396000+00:00,,,,,4.125,-1.875,-0.875,23.0,-94.188,-2.875,-19.188,-0.011,-0.017,-0.029,0.0,0.08,9.42,0.31,0.03,-0.28,-0.3,0.14,9.8,0.12,0.0,0.0,0.0,4.7,3.0,1017.17,66.51,-18.11
2025-03-24 17:57:38.228000+00:00,,,,,4.125,-1.875,-0.875,23.0,-94.188,-2.875,-19.188,-0.011,-0.017,-0.029,0.0,0.08,9.42,0.31,0.03,-0.28,-0.3,0.14,9.8,0.12,0.0,0.0,0.0,4.7,3.0,1017.17,66.51,-18.11
2025-03-24 17:57:38.665000+00:00,,,,,4.125,-1.875,-0.875,23.08,-94.188,-2.875,-19.188,-0.011,-0.017,-0.029,0.0,0.08,9.42,0.31,0.03,-0.28,-0.3,0.14,9.8,0.12,0.0,0.0,0.0,4.7,3.0,1017.17,66.51,-18.11
2025-03-24 17:57:39.235000+00:00,,,,,4.125,-1.875,-0.875,23.0,-94.188,-2.875,-19.188,-0.011,-0.017,-0.029,0.0,0.08,9.42,0.31,0.03,-0.28,-0.3,0.14,9.8,0.12,0.0,0.0,0.0,4.7,3.0,1017.17,66.51,-18.11
2025-03-24 17:57:39.845000+00:00,,,,,4.125,-1.875,-0.875,23.08,-94.188,-2.875,-19.188,-0.011,-0.017,-0.029,0.0,0.08,9.42,0.31,0.03,-0.28,-0.3,0.14,9.8,0.12,0.0,0.0,0.0,4.7,3.0,1017.17,66.51,-18.11
2025-03-24 17:57:40.245000+00:00,,,,,4.125,-1.875,-0.875,23.0,-94.188,-2.875,-19.188,-0.011,-0.017,-0.029,0.0,0.08,9.42,0.31,0.03,-0.28,-0.3,0.14,9.8,0.12,0.0,0.0,0.0,4.7,3.0,1017.17,66.51,-18.11
2025-03-24 17:57:40.969000+00:00,,,,,4.125,-1.875,-0.875,23.07,-94.188,-2.875,-19.188,-0.011,-0.017,-0.029,0.0,0.08,9.42,0.31,0.03,-0.28,-0.3,0.14,9.8,0.12,0.0,0.0,0.0,4.7,3.0,1017.17,66.51,-18.11
2025-03-24 17:57:41.247000+00:00,,,,,4.125,-1.875,-0.875,23.0,-94.188,-2.875,-19.188,-0.011,-0.017,-0.029,0.0,0.08,9.42,0.31,0.03,-0.28,-0.3,0.14,9.8,0.12,0.0,0.0,0.0,4.7,3.0,1017.17,66.51,-18.11
2025-03-24 17:57:42.128000+00:00,,,,,4.125,-1.875,-0.875,23.07,-94.188,-2.875,-19.188,-0.011,-0.017,-0.029,0.0,0.08,9.42,0.31,0.03,-0.28,-0.3,0.14,9.8,0.12,0.0,0.0,0.0,4.7,3.0,1017.17,66.51,-18.11
2025-03-24 17:57:42.379000+00:00,,,,,4.125,-1.875,-0.875,23.0,-94.188,-2.875,-19.188,-0.011,-0.017,-0.029,0.0,0.08,9.42,0.31,0.03,-0.28,-0.3,0.14,9.8,0.12,0.0,0.0,0.0,4.7,3.0,1017.17,66.51,-18.11
2025-03-24 17:57:43.258000+00:00,,,,,4.125,-1.875,-0.875,23.07,-94.188,-2.875,-19.188,-0.011,-0.017,-0.029,0.0,0.08,9.42,0.31,0.03,-0.28,-0.3,0.14,9.8,0.12,0.0,0.0,0.0,4.7,3.0,1017.17,66.51,-18.11
2025-03-24 17:57:43.515000+00:00,,,,,4.125,-1.875,-0.875,23.0,-94.188,-2.875,-19.188,-0.011,-0.017,-0.029,0.0,0.08,9.42,0.31,0.03,-0.28,-0.3,0.14,9.8,0.12,0.0,0.0,0.0,4.7,3.0,1017.17,66.51,-18.11
2025-03-24 17:57:44.312000+00:00,,,,,4.125,-1.875,-0.875,23.07,-94.188,-2.875,-19.188,-0.011,-0.017,-0.029,0.0,0.08,9.42,0.31,0.03,-0.28,-0.3,0.14,9.8,0.12,0.0,0.0,0.0,4.7,3.0,1017.17,66.51,-18.11
2025-03-24 17:57:44.595000+00:00,,,,,4.125,-1.875,-0.875,23.0,-94.188,-2.875,-19.188,-0.011,-0.017,-0.029,0.0,0.08,9.42,0.31,0.03,-0.28,-0.3,0.14,9.8,0.12,0.0,0.0,0.0,4.7,3.0,1017.17,66.51,-18.11
2025-03-24 17:57:45.287000+00:00,,,,,4.125,-1.875,-0.875,23.0,-94.188,-2.875,-19.188,-0.011,-0.017,-0.029,0.0,0.08,9.42,0.31,0.03,-0.28,-0.3,0.14,9.8,0.12,0.0,0.0,0.0,4.7,3.0,1017.17,66.51,-18.11
2025-03-24 17:57:45.904000+00:00,,,,,4.125,-1.875,-0.875,23.07,-94.188,-2.875,-19.188,-0.011,-0.017,-0.029,0.0,0.08,9.42,0.31,0.03,-0.28,-0.3,0.14,9.8,0.12,0.0,0.0,0.0,4.7,3.0,1017.17,66.51,-18.11
2025-03-24 17:57:46.308000+00:00,,,,,4.125,-1.875,-0.875,23.0,-94.188,-2.875,-19.188,-0.011,-0.017,-0.029,0.0,0.08,9.42,0.31,0.03,-0.28,-0.3,0.14,9.8,0.12,0.0,0.0,0.0,4.7,3.0,1017.17,66.51,-18.11
2025-03-24 17:57:46.923000+00:00,,,,,4.125,-1.875,-0.875,23.07,-94.188,-2.875,-19.188,-0.011,-0.017,-0.029,0.0,0.08,9.42,0.31,0.03,-0.28,-0.3,0.14,9.8,0.12,0.0,0.0,0.0,4.7,3.0,1017.17,66.51,-18.11
2025-03-24 17:57:47.308000+00:00,,,,,4.125,-1.875,-0.875,23.0,-94.188,-2.875,-19.188,-0.011,-0.017,-0.029,0.0,0.08,9.42,0.31,0.03,-0.28,-0.3,0.14,9.8,0.12,0.0,0.0,0.0,4.7,3.0,1017.17,66.51,-18.11
2025-03-24 17:57:47.908000+00:00,,,,,4.125,-1.875,-0.875,23.07,-94.188,-2.875,-19.188,-0.011,-0.017,-0.029,0.0,0.08,9.42,0.31,0.03,-0.28,-0.3,0.14,9.8,0.12,0.0,0.0,0.0,4.7,3.0,1017.17,66.51,-18.11
2025-03-24 17:57:48.328000+00:00,,,,,4.125,-1.875,-0.875,23.0,-94.188,-2.875,-19.188,-0.011,-0.017,-0.029,0.0,0.08,9.42,0.31,0.03,-0.28,-0.3,0.14,9.8,0.12,0.0,0.0,0.0,4.7,3.0,1017.17,66.51,-18.11
2025-03-24 17:57:48.898000+00:00,,,,,4.125,-1.875,-0.875,23.07,-94.188,-2.875,-19.188,-0.011,-0.017,-0.029,0.0,0.08,9.42,0.31,0.03,-0.28,-0.3,0.14,9.8,0.12,0.0,0.0,0.0,4.7,3.0,1017.17,66.51,-18.11
2025-03-24 17:57:49.345000+00:00,,,,,4.125,-1.875,-0.875,23.0,-94.188,-2.875,-19.188,-0.011,-0.017,-0.029,0.0,0.08,9.42,0.31,0.03,-0.28,-0.3,0.14,9.8,0.12,0.0,0.0,0.0,4.7,3.0,1017.17,66.51,-18.11
2025-03-24 17:57:50.044000+00:00,,,,,4.125,-1.875,-0.875,23.07,-94.188,-2.875,-19.188,-0.011,-0.017,-0.029,0.0,0.08,9.42,0.31,0.03,-0.28,-0.3,0.14,9.8,0.12,0.0,0.0,0.0,4.7,3.0,1017.17,66.51,-18.11
2025-03-24 17:57:50.339000+00:00,,,,,4.125,-1.875,-0.875,23.0,-94.188,-2.875,-19.188,-0.011,-0.017,-0.029,0.0,0.08,9.42,0.31,0.03,-0.28,-0.3,0.14,9.8,0.12,0.0,0.0,0.0,4.7,3.0,1017.17,66.51,-18.11
2025-03-24 17:57:51.078000+00:00,,,,,4.125,-1.875,-0.875,23.07,-94.188,-2.875,-19.188,-0.011,-0.017,-0.029,0.0,0.08,9.42,0.31,0.03,-0.28,-0.3,0.14,9.8,0.12,0.0,0.0,0.0,4.7,3.0,1017.17,66.51,-18.11
2025-03-24 17:57:51.359000+00:00,,,,,4.125,-1.875,-0.875,23.0,-94.188,-2.875,-19.188,-0.011,-0.017,-0.029,0.0,0.08,9.42,0.31,0.03,-0.28,-0.3,0.14,9.8,0.12,0.0,0.0,0.0,4.7,3.0,1017.17,66.51,-18.11
2025-03-24 17:57:52.217000+00:00,,,,,4.125,-1.875,-0.875,23.07,-94.188,-2.875,-19.188,-0.011,-0.017,-0.029,0.0,0.08,9.42,0.31,0.03,-0.28,-0.3,0.14,9.8,0.12,0.0,0.0,0.0,4.7,3.0,1017.17,66.51,-18.11
2025-03-24 17:57:52.478000+00:00,,,,,4.125,-1.875,-0.875,23.0,-94.188,-2.875,-19.188,-0.011,-0.017,-0.029,0.0,0.08,9.42,0.31,0.03,-0.28,-0.3,0.14,9.8,0.12,0.0,0.0,0.0,4.7,3.0,1017.17,66.51,-18.11
2025-03-24 17:57:53.378000+00:00,,,,,4.125,-1.875,-0.875,23.07,-94.188,-2.875,-19.188,-0.011,-0.017,-0.029,0.0,0.08,9.42,0.31,0.03,-0.28,-0.3,0.14,9.8,0.12,0.0,0.0,0.0,4.7,3.0,1017.17,66.51,-18.11
2025-03-24 17:57:53.854000+00:00,,,,,4.125,-1.875,-0.875,23.0,-94.188,-2.875,-19.188,-0.011,-0.017,-0.029,0.0,0.08,9.42,0.31,0.03,-0.28,-0.3,0.14,9.8,0.12,0.0,0.0,0.0,4.7,3.0,1017.17,66.51,-18.11
2025-03-24 17:57:54.542000+00:00,,,,,4.125,-1.875,-0.875,23.0,-94.188,-2.875,-19.188,-0.011,-0.017,-0.029,0.0,0.08,9.42,0.31,0.03,-0.28,-0.3,0.14,9.8,0.12,0.0,0.0,0.0,4.7,3.0,1017.17,66.51,-18.11
2025-03-24 17:57:54.976000+00:00,,,,,4.125,-1.875,-0.875,23.07,-94.188,-2.875,-19.188,-0.011,-0.017,-0.029,0.0,0.08,9.42,0.31,0.03,-0.28,-0.3,0.14,9.8,0.12,0.0,0.0,0.0,4.7,3.0,1017.17,66.51,-18.11
2025-03-24 17:57:55.534000+00:00,,,,,4.125,-1.875,-0.875,23.0,-94.188,-2.875,-19.188,-0.011,-0.017,-0.029,0.0,0.08,9.42,0.31,0.03,-0.28,-0.3,0.14,9.8,0.12,0.0,0.0,0.0,4.7,3.0,1017.17,66.51,-18.11
2025-03-24 17:57:55.946000+00:00,,,,,4.125,-1.875,-0.875,23.07,-94.188,-2.875,-19.188,-0.011,-0.017,-0.029,0.0,0.08,9.42,0.31,0.03,-0.28,-0.3,0.14,9.8,0.12,0.0,0.0,0.0,4.7,3.0,1017.17,66.51,-18.11
2025-03-24 17:57:56.536000+00:00,,,,,4.125,-1.875,-0.875,23.0,-94.188,-2.875,-19.188,-0.011,-0.017,-0.029,0.0,0.08,9.42,0.31,0.03,-0.28,-0.3,0.14,9.8,0.12,0.0,0.0,0.0,4.7,3.0,1017.17,66.51,-18.11
2025-03-24 17:57:56.986000+00:00,,,,,4.125,-1.875,-0.875,23.07,-94.188,-2.875,-19.188,-0.011,-0.017,-0.029,0.0,0.08,9.42,0.31,0.03,-0.28,-0.3,0.14,9.8,0.12,0.0,0.0,0.0,4.7,3.0,1017.17,66.51,-18.11
2025-03-24 17:57:57.546000+00:00,,,,,4.125,-1.875,-0.875,24.0,-94.188,-2.875,-19.188,-0.011,-0.017,-0.029,0.0,0.08,9.42,0.31,0.03,-0.28,-0.3,0.14,9.8,0.12,0.0,0.0,0.0,4.7,3.0,1017.17,66.51,-18.11
2025-03-24 17:57:57.952000+00:00,,,,,4.125,-1.875,-0.875,23.07,-94.188,-2.875,-19.188,-0.011,-0.017,-0.029,0.0,0.08,9.42,0.31,0.03,-0.28,-0.3,0.14,9.8,0.12,0.0,0.0,0.0,4.7,3.0,1017.17,66.51,-18.11
2025-03-24 17:57:58.538000+00:00,,,,,4.125,-1.875,-0.875,23.0,-94.188,-2.875,-19.188,-0.011,-0.017,-0.029,0.0,0.08,9.42,0.31,0.03,-0.28,-0.3,0.14,9.8,0.12,0.0,0.0,0.0,4.7,3.0,1017.17,66.51,-18.11
2025-03-24 17:57:58.956000+00:00,,,,,4.125,-1.875,-0.875,23.07,-94.188,-2.875,-19.188,-0.011,-0.017,-0.029,0.0,0.08,9.42,0.31,0.03,-0.28,-0.3,0.14,9.8,0.12,0.0,0.0,0.0,4.7,3.0,1017.17,66.51,-18.11
2025-03-24 17:57:59.557000+00:00,,,,,4.125,-1.875,-0.875,23.0,-94.188,-2.875,-19.188,-0.011,-0.017,-0.029,0.0,0.08,9.42,0.31,0.03,-0.28,-0.3,0.14,9.8,0.12,0.0,0.0,0.0,4.7,3.0,1017.17,66.51,-18.11
2025-03-24 17:57:59.993000+00:00,,,,,4.125,-1.875,-0.875,23.07,-94.188,-2.875,-19.188,-0.011,-0.017,-0.029,0.0,0.08,9.42,0.31,0.03,-0.28,-0.3,0.14,9.8,0.12,0.0,0.0,0.0,4.7,3.0,1017.17,66.51,-18.11
2025-03-24 17:58:00.545000+00:00,,,,,4.125,-1.875,-0.875,23.0,-94.188,-2.875,-19.188,-0.011,-0.017,-0.029,0.0,0.08,9.42,0.31,0.03,-0.28,-0.3,0.14,9.8,0.12,0.0,0.0,0.0,4.7,3.0,1017.17,66.51,-18.11
2025-03-24 17:58:00.992000+00:00,,,,,4.125,-1.875,-0.875,23.07,-94.188,-2.875,-19.188,-0.011,-0.017,-0.029,0.0,0.08,9.42,0.31,0.03,-0.28,-0.3,0.14,9.8,0.12,0.0,0.0,0.0,4.7,3.0,1017.17,66.51,-18.11
2025-03-24 17:58:01.555000+00:00,,,,,4.125,-1.875,-0.875,23.0,-94.188,-2.875,-19.188,-0.011,-0.017,-0.029,0.0,0.08,9.42,0.31,0.03,-0.28,-0.3,0.14,9.8,0.12,0.0,0.0,0.0,4.7,3.0,1017.17,66.51,-18.11
2025-03-24 17:58:02.145000+00:00,,,,,4.125,-1.875,-0.875,23.07,-94.188,-2.875,-19.188,-0.011,-0.017,-0.029,0.0,0.08,9.42,0.31,0.03,-0.28,-0.3,0.14,9.8,0.12,0.0,0.0,0.0,4.7,3.0,1017.17,66.51,-18.11
2025-03-24 17:57:02.930000+00:00,,,,,4.125,-1.875,-0.875,23.07,-94.188,-2.875,-19.188,-0.011,-0.017,-0.029,0.0,0.08,9.42,0.31,0.03,-0.28,-0.3,0.14,9.8,0.12,0.0,0.0,0.0,4.7,3.0,1017.17,66.51,-18.11
2025-03-24 17:57:03.943000+00:00,,,,,4.125,-1.875,-0.875,23.07,-94.188,-3.25,-19.5,-0.011,-0.017,-0.029,0.0,0.08,9.42,0.31,0.03,-0.28,-0.3,0.14,9.8,0.12,0.0,0.0,0.0,4.7,3.0,1017.17,66.51,-18.11
2025-03-24 17:57:04.954000+00:00,,,,,4.125,-1.875,-0.875,23.07,-94.188,-2.188,-18.688,-0.011,-0.017,-0.029,0.0,0.08,9.42,0.31,0.03,-0.28,-0.3,0.14,9.8,0.12,0.0,0.0,0.0,4.7,3.0,1017.17,66.51,-18.11
2025-03-24 17:57:05.970000+00:00,,,,,4.125,-1.875,-0.875,23.07,-95.25,-2.875,-18.0,-0.011,-0.017,-0.029,0.0,0.08,9.42,0.31,0.03,-0.28,-0.3,0.14,9.8,0.12,0.0,0.0,0.0,4.7,3.0,1017.17,66.51,-18.11
2025-03-24 17:57:06.992000+00:00,,,,,4.125,-1.875,-0.875,23.07,-93.375,-2.875,-18.688,-0.011,-0.017,-0.029,0.0,0.08,9.42,0.31,0.03,-0.28,-0.3,0.14,9.8,0.12,0.0,0.0,0.0,4.7,3.0,1017.17,66.51,-18.11
2025-03-24 17:57:08.050000+00:00,,,,,4.125,-1.875,-0.875,23.07,-93.75,-3.25,-18.688,-0.011,-0.017,-0.029,0.0,0.08,9.42,0.31,0.03,-0.28,-0.3,0.14,9.8,0.12,0.0,0.0,0.0,4.7,3.0,1017.17,66.51,-18.11
2025-03-24 17:57:08.990000+00:00,,,,,4.125,-1.875,-0.875,23.07,-93.75,-3.25,-18.688,-0.011,-0.017,-0.029,0.0,0.08,9.42,0.31,0.03,-0.28,-0.3,0.14,9.8,0.12,0.0,0.0,0.0,4.7,3.0,1017.17,66.51,-18.11
2025-03-24 17:57:10+00:00,,,,,4.125,-1.875,-0.875,23.07,-93.75,-2.875,-17.562,-0.011,-0.017,-0.029,0.0,0.08,9.42,0.31,0.03,-0.28,-0.3,0.14,9.8,0.12,0.0,0.0,0.0,4.7,3.0,1017.17,66.51,-18.11
2025-03-24 17:57:11.026000+00:00,,,,,4.125,-1.875,-0.875,23.07,-93.75,-2.562,-19.875,-0.011,-0.017,-0.029,0.0,0.08,9.42,0.31,0.03,-0.28,-0.3,0.14,9.8,0.12,0.0,0.0,0.0,4.7,3.0,1017.17,66.51,-18.11
2025-03-24 17:57:12.020000+00:00,,,,,4.125,-1.875,-0.875,23.07,-94.5,-3.688,-19.5,-0.011,-0.017,-0.029,0.0,0.08,9.42,0.31,0.03,-0.28,-0.3,0.14,9.8,0.12,0.0,0.0,0.0,4.7,3.0,1017.17,66.51,-18.11
2025-03-24 17:57:13.030000+00:00,,,,,4.125,-1.875,-0.875,23.07,-93.75,-2.875,-19.062,-0.011,-0.017,-0.029,0.0,0.08,9.42,0.31,0.03,-0.28,-0.3,0.14,9.8,0.12,0.0,0.0,0.0,4.7,3.0,1017.17,66.51,-18.11
2025-03-24 17:57:14.040000+00:00,,,,,4.125,-1.875,-0.875,23.07,-94.188,-3.25,-18.375,-0.011,-0.017,-0.029,0.0,0.08,9.42,0.31,0.03,-0.28,-0.3,0.14,9.8,0.12,0.0,0.0,0.0,4.7,3.0,1017.17,66.51,-18.11
2025-03-24 17:57:15.141000+00:00,,,,,4.125,-1.875,-0.875,23.07,-93.75,-2.188,-19.5,-0.011,-0.017,-0.029,0.0,0.08,9.42,0.31,0.03,-0.28,-0.3,0.14,9.8,0.12,0.0,0.0,0.0,4.7,3.0,1017.17,66.51,-18.11
2025-03-24 17:57:16.175000+00:00,,,,,4.125,-1.875,-0.875,23.07,-94.5,-2.875,-18.0,-0.011,-0.017,-0.029,0.0,0.08,9.42,0.31,0.03,-0.28,-0.3,0.14,9.8,0.12,0.0,0.0,0.0,4.7,3.0,1017.17,66.51,-18.11
2025-03-24 17:57:17.415000+00:00,,,,,4.125,-1.875,-0.875,23.07,-93.375,-1.875,-18.688,-0.011,-0.017,-0.029,0.0,0.08,9.42,0.31,0.03,-0.28,-0.3,0.14,9.8,0.12,0.0,0.0,0.0,4.7,3.0,1017.17,66.51,-18.11
2025-03-24 17:57:18.100000+00:00,,,,,4.125,-1.875,-0.875,23.07,-94.188,-2.562,-18.688,-0.011,-0.017,-0.029,0.0,0.08,9.42,0.31,0.03,-0.28,-0.3,0.14,9.8,0.12,0.0,0.0,0.0,4.7,3.0,1017.17,66.51,-18.11
2025-03-24 17:57:19.089000+00:00,,,,,4.125,-1.875,-0.875,23.07,-94.5,-3.25,-19.75,-0.011,-0.017,-0.029,0.0,0.08,9.42,0.31,0.03,-0.28,-0.3,0.14,9.8,0.12,0.0,0.0,0.0,4.7,3.0,1017.17,66.51,-18.11
2025-03-24 17:57:20.098000+00:00,,,,,4.125,-1.875,-0.875,23.07,-93.75,-1.875,-18.562,-0.011,-0.017,-0.029,0.0,0.08,9.42,0.31,0.03,-0.28,-0.3,0.14,9.8,0.12,0.0,0.0,0.0,4.7,3.0,1017.17,66.51,-18.11
2025-03-24 17:57:21.109000+00:00,,,,,4.125,-1.875,-0.875,23.07,-93.375,-2.5,-19.062,-0.011,-0.017,-0.029,0.0,0.08,9.42,0.31,0.03,-0.28,-0.3,0.14,9.8,0.12,0.0,0.0,0.0,4.7,3.0,1017.17,66.51,-18.11
2025-03-24 17:57:22.119000+00:00,,,,,4.125,-1.875,-0.875,23.07,-93.375,-2.875,-18.375,-0.011,-0.017,-0.029,0.0,0.08,9.42,0.31,0.03,-0.28,-0.3,0.14,9.8,0.12,0.0,0.0,0.0,4.7,3.0,1017.17,66.51,-18.11
2025-03-24 17:57:23.129000+00:00,,,,,4.125,-1.875,-0.875,23.07,-94.5,-2.875,-18.688,-0.011,-0.017,-0.029,0.0,0.08,9.42,0.31,0.03,-0.28,-0.3,0.14,9.8,0.12,0.0,0.0,0.0,4.7,3.0,1017.17,66.51,-18.11
2025-03-24 17:57:24.133000+00:00,,,,,4.125,-1.875,-0.875,23.07,-92.688,-2.875,-19.5,-0.011,-0.017,-0.029,0.0,0.08,9.42,0.31,0.03,-0.28,-0.3,0.14,9.8,0.12,0.0,0.0,0.0,4.7,3.0,1017.17,66.51,-18.11
2025-03-24 17:57:25.149000+00:00,,,,,4.125,-1.875,-0.875,23.07,-94.188,-2.875,-19.5,-0.011,-0.017,-0.029,0.0,0.08,9.42,0.31,0.03,-0.28,-0.3,0.14,9.8,0.12,0.0,0.0,0.0,4.7,3.0,1017.17,66.51,-18.11
2025-03-24 17:57:26.159000+00:00,,,,,4.125,-1.875,-0.875,23.07,-93.0,-2.562,-19.062,-0.011,-0.017,-0.029,0.0,0.08,9.42,0.31,0.03,-0.28,-0.3,0.14,9.8,0.12,0.0,0.0,0.0,4.7,3.0,1017.17,66.51,-18.11
2025-03-24 17:57:27.219000+00:00,,,,,4.125,-1.875,-0.875,23.07,-93.375,-2.188,-19.062,-0.011,-0.017,-0.029,0.0,0.08,9.42,0.31,0.03,-0.28,-0.3,0.14,9.8,0.12,0.0,0.0,0.0,4.7,3.0,1017.17,66.51,-18.11
2025-03-24 17:57:28.299000+00:00,,,,,4.125,-1.875,-0.875,23.07,-93.688,-2.875,-18.688,-0.011,-0.017,-0.029,0.0,0.08,9.42,0.31,0.03,-0.28,-0.3,0.14,9.8,0.12,0.0,0.0,0.0,4.7,3.0,1017.17,66.51,-18.11
2025-03-24 17:57:29.475000+00:00,,,,,4.125,-1.875,-0.875,23.07,-93.375,-2.5,-19.062,-0.011,-0.017,-0.029,0.0,0.08,9.42,0.31,0.03,-0.28,-0.3,0.14,9.8,0.12,0.0,0.0,0.0,4.7,3.0,1017.17,66.51,-18.11
2025-03-24 17:57:30.204000+00:00,,,,,4.125,-1.875,-0.875,23.07,-94.188,-1.875,-18.375,-0.011,-0.017,-0.029,0.0,0.08,9.42,0.31,0.03,-0.28,-0.3,0.14,9.8,0.12,0.0,0.0,0.0,4.7,3.0,1017.17,66.51,-18.11
2025-03-24 17:57:31.198000+00:00,,,,,4.125,-1.875,-0.875,23.07,-93.25,-2.562,-18.688,-0.011,-0.017,-0.029,0.0,0.08,9.42,0.31,0.03,-0.28,-0.3,0.14,9.8,0.12,0.0,0.0,0.0,4.7,3.0,1017.17,66.51,-18.11
2025-03-24 17:57:32.225000+00:00,,,,,4.125,-1.875,-0.875,23.07,-93.688,-3.25,-19.5,-0.011,-0.017,-0.029,0.0,0.08,9.42,0.31,0.03,-0.28,-0.3,0.14,9.8,0.12,0.0,0.0,0.0,4.7,3.0,1017.17,66.51,-18.11
2025-03-24 17:57:33.229000+00:00,,,,,4.125,-1.875,-0.875,23.07,-93.25,-2.875,-18.688,-0.011,-0.017,-0.029,0.0,0.08,9.42,0.31,0.03,-0.28,-0.3,0.14,9.8,0.12,0.0,0.0,0.0,4.7,3.0,1017.17,66.51,-18.11
2025-03-24 17:57:34.228000+00:00,,,,,4.125,-1.875,-0.875,23.07,-92.875,-2.875,-18.688,-0.011,-0.017,-0.029,0.0,0.08,9.42,0.31,0.03,-0.28,-0.3,0.14,9.8,0.12,0.0,0.0,0.0,4.7,3.0,1017.17,66.51,-18.11
2025-03-24 17:57:35.243000+00:00,,,,,4.125,-1.875,-0.875,23.07,-94.375,-2.875,-19.062,-0.011,-0.017,-0.029,0.0,0.08,9.42,0.31,0.03,-0.28,-0.3,0.14,9.8,0.12,0.0,0.0,0.0,4.7,3.0,1017.17,66.51,-18.11
2025-03-24 17:57:36.298000+00:00,,,,,4.125,-1.875,-0.875,23.07,-94.062,-2.562,-18.688,-0.011,-0.017,-0.029,0.0,0.08,9.42,0.31,0.03,-0.28,-0.3,0.14,9.8,0.12,0.0,0.0,0.0,4.7,3.0,1017.17,66.51,-18.11
2025-03-24 17:57:37.454000+00:00,,,,,4.125,-1.875,-0.875,23.07,-93.688,-3.25,-18.375,-0.011,-0.017,-0.029,0.0,0.08,9.42,0.31,0.03,-0.28,-0.3,0.14,9.8,0.12,0.0,0.0,0.0,4.7,3.0,1017.17,66.51,-18.11
2025-03-24 17:57:38.335000+00:00,,,,,4.125,-1.875,-0.875,23.07,-94.0,-2.875,-19.062,-0.011,-0.017,-0.029,0.0,0.08,9.42,0.31,0.03,-0.28,-0.3,0.14,9.8,0.12,0.0,0.0,0.0,4.7,3.0,1017.17,66.51,-18.11
2025-03-24 17:57:39.295000+00:00,,,,,4.125,-1.875,-0.875,23.07,-93.688,-2.188,-20.562,-0.011,-0.017,-0.029,0.0,0.08,9.42,0.31,0.03,-0.28,-0.3,0.14,9.8,0.12,0.0,0.0,0.0,4.7,3.0,1017.17,66.51,-18.11
2025-03-24 17:57:40.304000+00:00,,,,,4.125,-1.875,-0.875,23.07,-94.062,-2.562,-19.0,-0.011,-0.017,-0.029,0.0,0.08,9.42,0.31,0.03,-0.28,-0.3,0.14,9.8,0.12,0.0,0.0,0.0,4.7,3.0,1017.17,66.51,-18.11
2025-03-24 17:57:41.297000+00:00,,,,,4.125,-1.875,-0.875,23.07,-93.688,-2.5,-18.188,-0.011,-0.017,-0.029,0.0,0.08,9.42,0.31,0.03,-0.28,-0.3,0.14,9.8,0.12,0.0,0.0,0.0,4.7,3.0,1017.17,66.51,-18.11
2025-03-24 17:57:42.428000+00:00,,,,,4.125,-1.875,-0.875,23.07,-93.688,-3.688,-18.688,-0.011,-0.017,-0.029,0.0,0.08,9.42,0.31,0.03,-0.28,-0.3,0.14,9.8,0.12,0.0,0.0,0.0,4.7,3.0,1017.17,66.51,-18.11
2025-03-24 17:57:43.575000+00:00,,,,,4.125,-1.875,-0.875,23.07,-94.062,-2.875,-18.188,-0.011,-0.017,-0.029,0.0,0.08,9.42,0.31,0.03,-0.28,-0.3,0.14,9.8,0.12,0.0,0.0,0.0,4.7,3.0,1017.17,66.51,-18.11
2025-03-24 17:57:44.647000+00:00,,,,,4.125,-1.875,-0.875,23.07,-94.062,-3.25,-19.375,-0.011,-0.017,-0.029,0.0,0.08,9.42,0.31,0.03,-0.28,-0.3,0.14,9.8,0.12,0.0,0.0,0.0,4.7,3.0,1017.17,66.51,-18.11
2025-03-24 17:57:45.338000+00:00,,,,,4.125,-1.875,-0.875,23.07,-93.688,-2.875,-20.188,-0.011,-0.017,-0.029,0.0,0.08,9.42,0.31,0.03,-0.28,-0.3,0.14,9.8,0.12,0.0,0.0,0.0,4.7,3.0,1017.17,66.51,-18.11
2025-03-24 17:57:46.358000+00:00,,,,,4.125,-1.875,-0.875,23.07,-93.688,-3.25,-19.0,-0.011,-0.017,-0.029,0.0,0.08,9.42,0.31,0.03,-0.28,-0.3,0.14,9.8,0.12,0.0,0.0,0.0,4.7,3.0,1017.17,66.51,-18.11
2025-03-24 17:57:47.364000+00:00,,,,,4.125,-1.875,-0.875,23.07,-93.25,-2.875,-19.0,-0.011,-0.017,-0.029,0.0,0.08,9.42,0.31,0.03,-0.28,-0.3,0.14,9.8,0.12,0.0,0.0,0.0,4.7,3.0,1017.17,66.51,-18.11
2025-03-24 17:57:48.377000+00:00,,,,,4.125,-1.875,-0.875,23.07,-94.062,-2.875,-19.375,-0.011,-0.017,-0.029,0.0,0.08,9.42,0.31,0.03,-0.28,-0.3,0.14,9.8,0.12,0.0,0.0,0.0,4.7,3.0,1017.17,66.51,-18.11
2025-03-24 17:57:49.404000+00:00,,,,,4.125,-1.875,-0.875,23.07,-93.25,-2.562,-19.375,-0.011,-0.017,-0.029,0.0,0.08,9.42,0.31,0.03,-0.28,-0.3,0.14,9.8,0.12,0.0,0.0,0.0,4.7,3.0,1017.17,66.51,-18.11
2025-03-24 17:57:50.394000+00:00,,,,,4.125,-1.875,-0.875,23.07,-93.688,-3.688,-19.375,-0.011,-0.017,-0.029,0.0,0.08,9.42,0.31,0.03,-0.28,-0.3,0.14,9.8,0.12,0.0,0.0,0.0,4.7,3.0,1017.17,66.51,-18.11
2025-03-24 17:57:51.418000+00:00,,,,,4.125,-1.875,-0.875,23.07,-94.062,-2.562,-18.688,-0.011,-0.017,-0.029,0.0,0.08,9.42,0.31,0.03,-0.28,-0.3,0.14,9.8,0.12,0.0,0.0,0.0,4.7,3.0,1017.17,66.51,-18.11
2025-03-24 17:57:52.534000+00:00,,,,,4.125,-1.875,-0.875,23.07,-93.688,-2.562,-19.0,-0.011,-0.017,-0.029,0.0,0.08,9.42,0.31,0.03,-0.28,-0.3,0.14,9.8,0.12,0.0,0.0,0.0,4.7,3.0,1017.17,66.51,-18.11
2025-03-24 17:57:53.907000+00:00,,,,,4.125,-1.875,-0.875,23.07,-93.688,-3.688,-19.75,-0.011,-0.017,-0.029,0.0,0.08,9.42,0.31,0.03,-0.28,-0.3,0.14,9.8,0.12,0.0,0.0,0.0,4.7,3.0,1017.17,66.51,-18.11
2025-03-24 17:57:54.587000+00:00,,,,,4.125,-1.875,-0.875,23.07,-93.188,-2.562,-19.75,-0.011,-0.017,-0.029,0.0,0.08,9.42,0.31,0.03,-0.28,-0.3,0.14,9.8,0.12,0.0,0.0,0.0,4.7,3.0,1017.17,66.51,-18.11
2025-03-24 17:57:55.586000+00:00,,,,,4.125,-1.875,-0.875,23.07,-93.562,-2.562,-18.25,-0.011,-0.017,-0.029,0.0,0.08,9.42,0.31,0.03,-0.28,-0.3,0.14,9.8,0.12,0.0,0.0,0.0,4.7,3.0,1017.17,66.51,-18.11
2025-03-24 17:57:56.586000+00:00,,,,,4.125,-1.875,-0.875,23.07,-93.562,-2.562,-19.375,-0.011,-0.017,-0.029,0.0,0.08,9.42,0.31,0.03,-0.28,-0.3,0.14,9.8,0.12,0.0,0.0,0.0,4.7,3.0,1017.17,66.51,-18.11
2025-03-24 17:57:57.597000+00:00,,,,,4.125,-1.875,-0.875,23.07,-94.0,-2.875,-20.188,-0.011,-0.017,-0.029,0.0,0.08,9.42,0.31,0.03,-0.28,-0.3,0.14,9.8,0.12,0.0,0.0,0.0,4.7,3.0,1017.17,66.51,-18.11
2025-03-24 17:57:58.586000+00:00,,,,,4.125,-1.875,-0.875,23.07,-92.5,-2.875,-18.688,-0.011,-0.017,-0.029,0.0,0.08,9.42,0.31,0.03,-0.28,-0.3,0.14,9.8,0.12,0.0,0.0,0.0,4.7,3.0,1017.17,66.51,-18.11
2025-03-24 17:57:59.607000+00:00,,,,,4.125,-1.875,-0.875,23.07,-94.25,-2.875,-19.0,-0.011,-0.017,-0.029,0.0,0.08,9.42,0.31,0.03,-0.28,-0.3,0.14,9.8,0.12,0.0,0.0,0.0,4.7,3.0,1017.17,66.51,-18.11
2025-03-24 17:58:00.595000+00:00,,,,,4.125,-1.875,-0.875,23.07,-93.562,-2.562,-20.188,-0.011,-0.017,-0.029,0.0,0.08,9.42,0.31,0.03,-0.28,-0.3,0.14,9.8,0.12,0.0,0.0,0.0,4.7,3.0,1017.17,66.51,-18.11
2025-03-24 17:58:01.606000+00:00,,,,,4.125,-1.875,-0.875,23.07,-94.0,-2.875,-19.0,-0.011,-0.017,-0.029,0.0,0.08,9.42,0.31,0.03,-0.28,-0.3,0.14,9.8,0.12,0.0,0.0,0.0,4.7,3.0,1017.17,66.51,-18.11
2025-03-24 17:57:02.986000+00:00,,,,,4.125,-1.875,-0.875,23.07,-94.0,-2.875,-19.0,-0.011,-0.017,-0.029,0.0,0.08,9.42,0.31,0.03,-0.28,-0.3,0.14,9.8,0.12,0.0,0.0,0.0,4.7,3.0,1017.17,66.51,-18.11
2025-03-24 17:57:03.998000+00:00,,,,,4.125,-1.875,-0.875,23.07,-94.0,-2.875,-19.0,-0.006,-0.008,0.007,0.0,0.08,9.42,0.31,0.03,-0.28,-0.3,0.14,9.8,0.12,0.0,0.0,0.0,4.7,3.0,1017.17,66.51,-18.11
2025-03-24 17:57:05.006000+00:00,,,,,4.125,-1.875,-0.875,23.07,-94.0,-2.875,-19.0,-0.001,0.0,-0.018,0.0,0.08,9.42,0.31,0.03,-0.28,-0.3,0.14,9.8,0.12,0.0,0.0,0.0,4.7,3.0,1017.17,66.51,-18.11
2025-03-24 17:57:06.023000+00:00,,,,,4.125,-1.875,-0.875,23.07,-94.0,-2.875,-19.0,-0.022,-0.002,-0.043,0.0,0.08,9.42,0.31,0.03,-0.28,-0.3,0.14,9.8,0.12,0.0,0.0,0.0,4.7,3.0,1017.17,66.51,-18.11
2025-03-24 17:57:07.040000+00:00,,,,,4.125,-1.875,-0.875,23.07,-94.0,-2.875,-19.0,-0.021,-0.016,0.041,0.0,0.08,9.42,0.31,0.03,-0.28,-0.3,0.14,9.8,0.12,0.0,0.0,0.0,4.7,3.0,1017.17,66.51,-18.11
2025-03-24 17:57:08.100000+00:00,,,,,4.125,-1.875,-0.875,23.07,-94.0,-2.875,-19.0,0.001,0.004,-0.014,0.0,0.08,9.42,0.31,0.03,-0.28,-0.3,0.14,9.8,0.12,0.0,0.0,0.0,4.7,3.0,1017.17,66.51,-18.11
2025-03-24 17:57:09.040000+00:00,,,,,4.125,-1.875,-0.875,23.07,-94.0,-2.875,-19.0,0.001,0.003,0.019,0.0,0.08,9.42,0.31,0.03,-0.28,-0.3,0.14,9.8,0.12,0.0,0.0,0.0,4.7,3.0,1017.17,66.51,-18.11
2025-03-24 17:57:10.050000+00:00,,,,,4.125,-1.875,-0.875,23.07,-94.0,-2.875,-19.0,-0.027,0.018,0.043,0.0,0.08,9.42,0.31,0.03,-0.28,-0.3,0.14,9.8,0.12,0.0,0.0,0.0,4.7,3.0,1017.17,66.51,-18.11
2025-03-24 17:57:11.087000+00:00,,,,,4.125,-1.875,-0.875,23.07,-94.0,-2.875,-19.0,0.013,-0.004,-0.01,0.0,0.08,9.42,0.31,0.03,-0.28,-0.3,0.14,9.8,0.12,0.0,0.0,0.0,4.7,3.0,1017.17,66.51,-18.11
2025-03-24 17:57:12.071000+00:00,,,,,4.125,-1.875,-0.875,23.07,-94.0,-2.875,-19.0,0.001,-0.021,0.022,0.0,0.08,9.42,0.31,0.03,-0.28,-0.3,0.14,9.8,0.12,0.0,0.0,0.0,4.7,3.0,1017.17,66.51,-18.11
2025-03-24 17:57:13.083000+00:00,,,,,4.125,-1.875,-0.875,23.07,-94.0,-2.875,-19.0,0.011,-0.008,-0.002,0.0,0.08,9.42,0.31,0.03,-0.28,-0.3,0.14,9.8,0.12,0.0,0.0,0.0,4.7,3.0,1017.17,66.51,-18.11
2025-03-24 17:57:14.091000+00:00,,,,,4.125,-1.875,-0.875,23.07,-94.0,-2.875,-19.0,0.009,0.01,0.047,0.0,0.08,9.42,0.31,0.03,-0.28,-0.3,0.14,9.8,0.12,0.0,0.0,0.0,4.7,3.0,1017.17,66.51,-18.11
2025-03-24 17:57:15.191000+00:00,,,,,4.125,-1.875,-0.875,23.07,-94.0,-2.875,-19.0,-0.009,0.006,-0.012,0.0,0.08,9.42,0.31,0.03,-0.28,-0.3,0.14,9.8,0.12,0.0,0.0,0.0,4.7,3.0,1017.17,66.51,-18.11
2025-03-24 17:57:16.237000+00:00,,,,,4.125,-1.875,-0.875,23.07,-94.0,-2.875,-19.0,-0.012,-0.018,-0.014,0.0,0.08,9.42,0.31,0.03,-0.28,-0.3,0.14,9.8,0.12,0.0,0.0,0.0,4.7,3.0,1017.17,66.51,-18.11
2025-03-24 17:57:17.476000+00:00,,,,,4.125,-1.875,-0.875,23.07,-94.0,-2.875,-19.0,-0.009,-0.02,-0.018,0.0,0.08,9.42,0.31,0.03,-0.28,-0.3,0.14,9.8,0.12,0.0,0.0,0.0,4.7,3.0,1017.17,66.51,-18.11
2025-03-24 17:57:18.159000+00:00,,,,,4.125,-1.875,-0.875,23.07,-94.0,-2.875,-19.0,0.011,0.019,0.047,0.0,0.08,9.42,0.31,0.03,-0.28,-0.3,0.14,9.8,0.12,0.0,0.0,0.0,4.7,3.0,1017.17,66.51,-18.11
2025-03-24 17:57:19.140000+00:00,,,,,4.125,-1.875,-0.875,23.07,-94.0,-2.875,-19.0,-0.002,-0.008,0.036,0.0,0.08,9.42,0.31,0.03,-0.28,-0.3,0.14,9.8,0.12,0.0,0.0,0.0,4.7,3.0,1017.17,66.51,-18.11
2025-03-24 17:57:20.156000+00:00,,,,,4.125,-1.875,-0.875,23.07,-94.0,-2.875,-19.0,-0.017,-0.007,-0.012,0.0,0.08,9.42,0.31,0.03,-0.28,-0.3,0.14,9.8,0.12,0.0,0.0,0.0,4.7,3.0,1017.17,66.51,-18.11
2025-03-24 17:57:21.160000+00:00,,,,,4.125,-1.875,-0.875,23.07,-94.0,-2.875,-19.0,0.001,-0.02,-0.029,0.0,0.08,9.42,0.31,0.03,-0.28,-0.3,0.14,9.8,0.12,0.0,0.0,0.0,4.7,3.0,1017.17,66.51,-18.11
2025-03-24 17:57:22.169000+00:00,,,,,4.125,-1.875,-0.875,23.07,-94.0,-2.875,-19.0,0.003,-0.011,0.027,0.0,0.08,9.42,0.31,0.03,-0.28,-0.3,0.14,9.8,0.12,0.0,0.0,0.0,4.7,3.0,1017.17,66.51,-18.11
2025-03-24 17:57:23.179000+00:00,,,,,4.125,-1.875,-0.875,23.07,-94.0,-2.875,-19.0,-0.002,-0.006,0.029,0.0,0.08,9.42,0.31,0.03,-0.28,-0.3,0.14,9.8,0.12,0.0,0.0,0.0,4.7,3.0,1017.17,66.51,-18.11
2025-03-24 17:57:24.178000+00:00,,,,,4.125,-1.875,-0.875,23.07,-94.0,-2.875,-19.0,0.002,0.0,-0.029,0.0,0.08,9.42,0.31,0.03,-0.28,-0.3,0.14,9.8,0.12,0.0,0.0,0.0,4.7,3.0,1017.17,66.51,-18.11
2025-03-24 17:57:25.199000+00:00,,,,,4.125,-1.875,-0.875,23.07,-94.0,-2.875,-19.0,-0.018,-0.004,0.018,0.0,0.08,9.42,0.31,0.03,-0.28,-0.3,0.14,9.8,0.12,0.0,0.0,0.0,4.7,3.0,1017.17,66.51,-18.11
2025-03-24 17:57:26.214000+00:00,,,,,4.125,-1.875,-0.875,23.07,-94.0,-2.875,-19.0,-0.011,0.004,-0.017,0.0,0.08,9.42,0.31,0.03,-0.28,-0.3,0.14,9.8,0.12,0.0,0.0,0.0,4.7,3.0,1017.17,66.51,-18.11
2025-03-24 17:57:27.269000+00:00,,,,,4.125,-1.875,-0.875,23.07,-94.0,-2.875,-19.0,-0.008,-0.009,-0.016,0.0,0.08,9.42,0.31,0.03,-0.28,-0.3,0.14,9.8,0.12,0.0,0.0,0.0,4.7,3.0,1017.17,66.51,-18.11
2025-03-24 17:57:28.349000+00:00,,,,,4.125,-1.875,-0.875,23.07,-94.0,-2.875,-19.0,-0.008,-0.001,0.017,0.0,0.08,9.42,0.31,0.03,-0.28,-0.3,0.14,9.8,0.12,0.0,0.0,0.0,4.7,3.0,1017.17,66.51,-18.11
2025-03-24 17:57:29.536000+00:00,,,,,4.125,-1.875,-0.875,23.07,-94.0,-2.875,-19.0,-0.003,0.016,-0.01,0.0,0.08,9.42,0.31,0.03,-0.28,-0.3,0.14,9.8,0.12,0.0,0.0,0.0,4.7,3.0,1017.17,66.51,-18.11
2025-03-24 17:57:30.257000+00:00,,,,,4.125,-1.875,-0.875,23.07,-94.0,-2.875,-19.0,0.004,0.017,-0.012,0.0,0.08,9.42,0.31,0.03,-0.28,-0.3,0.14,9.8,0.12,0.0,0.0,0.0,4.7,3.0,1017.17,66.51,-18.11
2025-03-24 17:57:31.248000+00:00,,,,,4.125,-1.875,-0.875,23.07,-94.0,-2.875,-19.0,-0.003,-0.001,0.0,0.0,0.08,9.42,0.31,0.03,-0.28,-0.3,0.14,9.8,0.12,0.0,0.0,0.0,4.7,3.0,1017.17,66.51,-18.11
2025-03-24 17:57:32.285000+00:00,,,,,4.125,-1.875,-0.875,23.07,-94.0,-2.875,-19.0,0.012,-0.013,-0.021,0.0,0.08,9.42,0.31,0.03,-0.28,-0.3,0.14,9.8,0.12,0.0,0.0,0.0,4.7,3.0,1017.17,66.51,-18.11
2025-03-24 17:57:33.285000+00:00,,,,,4.125,-1.875,-0.875,23.07,-94.0,-2.875,-19.0,-0.028,0.002,-0.019,0.0,0.08,9.42,0.31,0.03,-0.28,-0.3,0.14,9.8,0.12,0.0,0.0,0.0,4.7,3.0,1017.17,66.51,-18.11
2025-03-24 17:57:34.279000+00:00,,,,,4.125,-1.875,-0.875,23.07,-94.0,-2.875,-19.0,-0.001,-0.006,-0.011,0.0,0.08,9.42,0.31,0.03,-0.28,-0.3,0.14,9.8,0.12,0.0,0.0,0.0,4.7,3.0,1017.17,66.51,-18.11
2025-03-24 17:57:35.288000+00:00,,,,,4.125,-1.875,-0.875,23.07,-94.0,-2.875,-19.0,0.019,-0.002,0.024,0.0,0.08,9.42,0.31,0.03,-0.28,-0.3,0.14,9.8,0.12,0.0,0.0,0.0,4.7,3.0,1017.17,66.51,-18.11
2025-03-24 17:57:36.350000+00:00,,,,,4.125,-1.875,-0.875,23.07,-94.0,-2.875,-19.0,-0.004,-0.004,-0.018,0.0,0.08,9.42,0.31,0.03,-0.28,-0.3,0.14,9.8,0.12,0.0,0.0,0.0,4.7,3.0,1017.17,66.51,-18.11
2025-03-24 17:57:37.515000+00:00,,,,,4.125,-1.875,-0.875,23.07,-94.0,-2.875,-19.0,0.0,-0.009,-0.017,0.0,0.08,9.42,0.31,0.03,-0.28,-0.3,0.14,9.8,0.12,0.0,0.0,0.0,4.7,3.0,1017.17,66.51,-18.11
2025-03-24 17:57:38.396000+00:00,,,,,4.125,-1.875,-0.875,23.07,-94.0,-2.875,-19.0,-0.018,-0.004,-0.034,0.0,0.08,9.42,0.31,0.03,-0.28,-0.3,0.14,9.8,0.12,0.0,0.0,0.0,4.7,3.0,1017.17,66.51,-18.11
2025-03-24 17:57:39.352000+00:00,,,,,4.125,-1.875,-0.875,23.07,-94.0,-2.875,-19.0,-0.003,-0.007,-0.01,0.0,0.08,9.42,0.31,0.03,-0.28,-0.3,0.14,9.8,0.12,0.0,0.0,0.0,4.7,3.0,1017.17,66.51,-18.11
2025-03-24 17:57:40.349000+00:00,,,,,4.125,-1.875,-0.875,23.07,-94.0,-2.875,-19.0,-0.004,0.008,0.053,0.0,0.08,9.42,0.31,0.03,-0.28,-0.3,0.14,9.8,0.12,0.0,0.0,0.0,4.7,3.0,1017.17,66.51,-18.11
2025-03-24 17:57:41.347000+00:00,,,,,4.125,-1.875,-0.875,23.07,-94.0,-2.875,-19.0,-0.004,0.009,-0.017,0.0,0.08,9.42,0.31,0.03,-0.28,-0.3,0.14,9.8,0.12,0.0,0.0,0.0,4.7,3.0,1017.17,66.51,-18.11
2025-03-24 17:57:42.480000+00:00,,,,,4.125,-1.875,-0.875,23.07,-94.0,-2.875,-19.0,-0.008,0.012,-0.002,0.0,0.08,9.42,0.31,0.03,-0.28,-0.3,0.14,9.8,0.12,0.0,0.0,0.0,4.7,3.0,1017.17,66.51,-18.11
2025-03-24 17:57:43.627000+00:00,,,,,4.125,-1.875,-0.875,23.07,-94.0,-2.875,-19.0,-0.013,-0.001,0.008,0.0,0.08,9.42,0.31,0.03,-0.28,-0.3,0.14,9.8,0.12,0.0,0.0,0.0,4.7,3.0,1017.17,66.51,-18.11
2025-03-24 17:57:44.699000+00:00,,,,,4.125,-1.875,-0.875,23.07,-94.0,-2.875,-19.0,-0.002,-0.013,0.001,0.0,0.08,9.42,0.31,0.03,-0.28,-0.3,0.14,9.8,0.12,0.0,0.0,0.0,4.7,3.0,1017.17,66.51,-18.11
2025-03-24 17:57:45.395000+00:00,,,,,4.125,-1.875,-0.875,23.07,-94.0,-2.875,-19.0,0.013,0.001,0.006,0.0,0.08,9.42,0.31,0.03,-0.28,-0.3,0.14,9.8,0.12,0.0,0.0,0.0,4.7,3.0,1017.17,66.51,-18.11
2025-03-24 17:57:46.415000+00:00,,,,,4.125,-1.875,-0.875,23.07,-94.0,-2.875,-19.0,-0.003,-0.016,-0.017,0.0,0.08,9.42,0.31,0.03,-0.28,-0.3,0.14,9.8,0.12,0.0,0.0,0.0,4.7,3.0,1017.17,66.51,-18.11
2025-03-24 17:57:47.425000+00:00,,,,,4.125,-1.875,-0.875,23.07,-94.0,-2.875,-19.0,0.01,0.002,-0.001,0.0,0.08,9.42,0.31,0.03,-0.28,-0.3,0.14,9.8,0.12,0.0,0.0,0.0,4.7,3.0,1017.17,66.51,-18.11
2025-03-24 17:57:48.428000+00:00,,,,,4.125,-1.875,-0.875,23.07,-94.0,-2.875,-19.0,-0.004,0.011,-0.008,0.0,0.08,9.42,0.31,0.03,-0.28,-0.3,0.14,9.8,0.12,0.0,0.0,0.0,4.7,3.0,1017.17,66.51,-18.11
2025-03-24 17:57:49.465000+00:00,,,,,4.125,-1.875,-0.875,23.07,-94.0,-2.875,-19.0,-0.011,0.009,-0.048,0.0,0.08,9.42,0.31,0.03,-0.28,-0.3,0.14,9.8,0.12,0.0,0.0,0.0,4.7,3.0,1017.17,66.51,-18.11
2025-03-24 17:57:50.455000+00:00,,,,,4.125,-1.875,-0.875,23.07,-94.0,-2.875,-19.0,-0.001,-0.002,-0.058,0.0,0.08,9.42,0.31,0.03,-0.28,-0.3,0.14,9.8,0.12,0.0,0.0,0.0,4.7,3.0,1017.17,66.51,-18.11
2025-03-24 17:57:51.474000+00:00,,,,,4.125,-1.875,-0.875,23.07,-94.0,-2.875,-19.0,-0.002,0.0,-0.013,0.0,0.08,9.42,0.31,0.03,-0.28,-0.3,0.14,9.8,0.12,0.0,0.0,0.0,4.7,3.0,1017.17,66.51,-18.11
2025-03-24 17:57:52.744000+00:00,,,,,4.125,-1.875,-0.875,23.07,-94.0,-2.875,-19.0,0.004,0.016,0.009,0.0,0.08,9.42,0.31,0.03,-0.28,-0.3,0.14,9.8,0.12,0.0,0.0,0.0,4.7,3.0,1017.17,66.51,-18.11
2025-03-24 17:57:53.957000+00:00,,,,,4.125,-1.875,-0.875,23.07,-94.0,-2.875,-19.0,-0.004,-0.001,-0.003,0.0,0.08,9.42,0.31,0.03,-0.28,-0.3,0.14,9.8,0.12,0.0,0.0,0.0,4.7,3.0,1017.17,66.51,-18.11
2025-03-24 17:57:54.637000+00:00,,,,,4.125,-1.875,-0.875,23.07,-94.0,-2.875,-19.0,-0.011,-0.01,0.018,0.0,0.08,9.42,0.31,0.03,-0.28,-0.3,0.14,9.8,0.12,0.0,0.0,0.0,4.7,3.0,1017.17,66.51,-18.11
2025-03-24 17:57:55.643000+00:00,,,,,4.125,-1.875,-0.875,23.07,-94.0,-2.875,-19.0,0.007,-0.012,-0.044,0.0,0.08,9.42,0.31,0.03,-0.28,-0.3,0.14,9.8,0.12,0.0,0.0,0.0,4.7,3.0,1017.17,66.51,-18.11
2025-03-24 17:57:56.645000+00:00,,,,,4.125,-1.875,-0.875,23.07,-94.0,-2.875,-19.0,-0.018,-0.013,-0.012,0.0,0.08,9.42,0.31,0.03,-0.28,-0.3,0.14,9.8,0.12,0.0,0.0,0.0,4.7,3.0,1017.17,66.51,-18.11
2025-03-24 17:57:57.646000+00:00,,,,,4.125,-1.875,-0.875,23.07,-94.0,-2.875,-19.0,0.002,0.013,0.047,0.0,0.08,9.42,0.31,0.03,-0.28,-0.3,0.14,9.8,0.12,0.0,0.0,0.0,4.7,3.0,1017.17,66.51,-18.11
2025-03-24 17:57:58.642000+00:00,,,,,4.125,-1.875,-0.875,23.07,-94.0,-2.875,-19.0,0.01,-0.004,-0.022,0.0,0.08,9.42,0.31,0.03,-0.28,-0.3,0.14,9.8,0.12,0.0,0.0,0.0,4.7,3.0,1017.17,66.51,-18.11
2025-03-24 17:57:59.657000+00:00,,,,,4.125,-1.875,-0.875,23.07,-94.0,-2.875,-19.0,-0.013,-0.008,0.016,0.0,0.08,9.42,0.31,0.03,-0.28,-0.3,0.14,9.8,0.12,0.0,0.0,0.0,4.7,3.0,1017.17,66.51,-18.11
2025-03-24 17:58:00.645000+00:00,,,,,4.125,-1.875,-0.875,23.07,-94.0,-2.875,-19.0,0.002,-0.016,-0.009,0.0,0.08,9.42,0.31,0.03,-0.28,-0.3,0.14,9.8,0.12,0.0,0.0,0.0,4.7,3.0,1017.17,66.51,-18.11
2025-03-24 17:58:01.656000+00:00,,,,,4.125,-1.875,-0.875,23.07,-94.0,-2.875,-19.0,0.0,0.004,0.003,0.0,0.08,9.42,0.31,0.03,-0.28,-0.3,0.14,9.8,0.12,0.0,0.0,0.0,4.7,3.0,1017.17,66.51,-18.11
2025-03-24 17:58:02.696000+00:00,,,,,4.125,-1.875,-0.875,23.07,-94.0,-2.875,-19.0,-0.024,0.003,-0.003,0.0,0.08,9.42,0.31,0.03,-0.28,-0.3,0.14,9.8,0.12,0.0,0.0,0.0,4.7,3.0,1017.17,66.51,-18.11
2025-03-24 17:57:03.047000+00:00,,,,,4.125,-1.875,-0.875,23.07,-94.0,-2.875,-19.0,-0.024,0.003,-0.003,0.0,0.08,9.42,0.31,0.03,-0.28,-0.3,0.14,9.8,0.12,0.0,0.0,0.0,4.7,3.0,1017.17,66.51,-18.11
2025-03-24 17:57:04.057000+00:00,,,,,4.125,-1.875,-0.875,23.07,-94.0,-2.875,-19.0,-0.024,0.003,-0.003,-0.19,0.18,9.51,0.31,0.03,-0.28,-0.3,0.14,9.8,0.12,0.0,0.0,0.0,4.7,3.0,1017.17,66.51,-18.11
2025-03-24 17:57:05.066000+00:00,,,,,4.125,-1.875,-0.875,23.07,-94.0,-2.875,-19.0,-0.024,0.003,-0.003,-0.52,0.11,9.44,0.31,0.03,-0.28,-0.3,0.14,9.8,0.12,0.0,0.0,0.0,4.7,3.0,1017.17,66.51,-18.11
2025-03-24 17:57:06.075000+00:00,,,,,4.125,-1.875,-0.875,23.07,-94.0,-2.875,-19.0,-0.024,0.003,-0.003,-0.41,-0.1,9.53,0.31,0.03,-0.28,-0.3,0.14,9.8,0.12,0.0,0.0,0.0,4.7,3.0,1017.17,66.51,-18.11
2025-03-24 17:57:07.097000+00:00,,,,,4.125,-1.875,-0.875,23.07,-94.0,-2.875,-19.0,-0.024,0.003,-0.003,-0.09,0.41,9.35,0.31,0.03,-0.28,-0.3,0.14,9.8,0.12,0.0,0.0,0.0,4.7,3.0,1017.17,66.51,-18.11
2025-03-24 17:57:08.153000+00:00,,,,,4.125,-1.875,-0.875,23.07,-94.0,-2.875,-19.0,-0.024,0.003,-0.003,-0.7,-0.15,9.35,0.31,0.03,-0.28,-0.3,0.14,9.8,0.12,0.0,0.0,0.0,4.7,3.0,1017.17,66.51,-18.11
2025-03-24 17:57:09.100000+00:00,,,,,4.125,-1.875,-0.875,23.07,-94.0,-2.875,-19.0,-0.024,0.003,-0.003,-0.18,0.29,9.46,0.31,0.03,-0.28,-0.3,0.14,9.8,0.12,0.0,0.0,0.0,4.7,3.0,1017.17,66.51,-18.11
2025-03-24 17:57:10.099000+00:00,,,,,4.125,-1.875,-0.875,23.07,-94.0,-2.875,-19.0,-0.024,0.003,-0.003,-0.16,-0.1,9.42,0.31,0.03,-0.28,-0.3,0.14,9.8,0.12,0.0,0.0,0.0,4.7,3.0,1017.17,66.51,-18.11
2025-03-24 17:57:11.142000+00:00,,,,,4.125,-1.875,-0.875,23.07,-94.0,-2.875,-19.0,-0.024,0.003,-0.003,-0.61,0.33,9.51,0.31,0.03,-0.28,-0.3,0.14,9.8,0.12,0.0,0.0,0.0,4.7,3.0,1017.17,66.51,-18.11
2025-03-24 17:57:12.119000+00:00,,,,,4.125,-1.875,-0.875,23.07,-94.0,-2.875,-19.0,-0.024,0.003,-0.003,-0.25,0.17,9.5,0.31,0.03,-0.28,-0.3,0.14,9.8,0.12,0.0,0.0,0.0,4.7,3.0,1017.17,66.51,-18.11
2025-03-24 17:57:13.134000+00:00,,,,,4.125,-1.875,-0.875,23.07,-94.0,-2.875,-19.0,-0.024,0.003,-0.003,0.13,-0.02,9.55,0.31,0.03,-0.28,-0.3,0.14,9.8,0.12,0.0,0.0,0.0,4.7,3.0,1017.17,66.51,-18.11
2025-03-24 17:57:14.146000+00:00,,,,,4.125,-1.875,-0.875,23.07,-94.0,-2.875,-19.0,-0.024,0.003,-0.003,-0.84,0.62,9.42,0.31,0.03,-0.28,-0.3,0.14,9.8,0.12,0.0,0.0,0.0,4.7,3.0,1017.17,66.51,-18.11
2025-03-24 17:57:15.246000+00:00,,,,,4.125,-1.875,-0.875,23.07,-94.0,-2.875,-19.0,-0.024,0.003,-0.003,-0.31,-0.43,9.47,0.31,0.03,-0.28,-0.3,0.14,9.8,0.12,0.0,0.0,0.0,4.7,3.0,1017.17,66.51,-18.11
2025-03-24 17:57:16.297000+00:00,,,,,4.125,-1.875,-0.875,23.07,-94.0,-2.875,-19.0,-0.024,0.003,-0.003,-0.44,0.23,9.47,0.31,0.03,-0.28,-0.3,0.14,9.8,0.12,0.0,0.0,0.0,4.7,3.0,1017.17,66.51,-18.11
2025-03-24 17:57:17.536000+00:00,,,,,4.125,-1.875,-0.875,23.07,-94.0,-2.875,-19.0,-0.024,0.003,-0.003,-0.22,0.01,9.41,0.31,0.03,-0.28,-0.3,0.14,9.8,0.12,0.0,0.0,0.0,4.7,3.0,1017.17,66.51,-18.11
2025-03-24 17:57:18.209000+00:00,,,,,4.125,-1.875,-0.875,23.07,-94.0,-2.875,-19.0,-0.024,0.003,-0.003,-0.71,0.62,9.47,0.31,0.03,-0.28,-0.3,0.14,9.8,0.12,0.0,0.0,0.0,4.7,3.0,1017.17,66.51,-18.11
2025-03-24 17:57:19.189000+00:00,,,,,4.125,-1.875,-0.875,23.07,-94.0,-2.875,-19.0,-0.024,0.003,-0.003,-0.68,0.34,9.34,0.31,0.03,-0.28,-0.3,0.14,9.8,0.12,0.0,0.0,0.0,4.7,3.0,1017.17,66.51,-18.11
2025-03-24 17:57:20.214000+00:00,,,,,4.125,-1.875,-0.875,23.07,-94.0,-2.875,-19.0,-0.024,0.003,-0.003,-0.18,0.22,9.23,0.31,0.03,-0.28,-0.3,0.14,9.8,0.12,0.0,0.0,0.0,4.7,3.0,1017.17,66.51,-18.11
2025-03-24 17:57:21.210000+00:00,,,,,4.125,-1.875,-0.875,23.07,-94.0,-2.875,-19.0,-0.024,0.003,-0.003,-0.44,0.2,9.39,0.31,0.03,-0.28,-0.3,0.14,9.8,0.12,0.0,0.0,0.0,4.7,3.0,1017.17,66.51,-18.11
2025-03-24 17:57:22.219000+00:00,,,,,4.125,-1.875,-0.875,23.07,-94.0,-2.875,-19.0,-0.024,0.003,-0.003,-0.04,0.11,9.39,0.31,0.03,-0.28,-0.3,0.14,9.8,0.12,0.0,0.0,0.0,4.7,3.0,1017.17,66.51,-18.11
2025-03-24 17:57:23.233000+00:00,,,,,4.125,-1.875,-0.875,23.07,-94.0,-2.875,-19.0,-0.024,0.003,-0.003,-0.24,0.33,9.43,0.31,0.03,-0.28,-0.3,0.14,9.8,0.12,0.0,0.0,0.0,4.7,3.0,1017.17,66.51,-18.11
2025-03-24 17:57:24.229000+00:00,,,,,4.125,-1.875,-0.875,23.07,-94.0,-2.875,-19.0,-0.024,0.003,-0.003,-0.28,-0.03,9.35,0.31,0.03,-0.28,-0.3,0.14,9.8,0.12,0.0,0.0,0.0,4.7,3.0,1017.17,66.51,-18.11
2025-03-24 17:57:25.256000+00:00,,,,,4.125,-1.875,-0.875,23.07,-94.0,-2.875,-19.0,-0.024,0.003,-0.003,-0.2,0.02,9.39,0.31,0.03,-0.28,-0.3,0.14,9.8,0.12,0.0,0.0,0.0,4.7,3.0,1017.17,66.51,-18.11
2025-03-24 17:57:26.259000+00:00,,,,,4.125,-1.875,-0.875,23.07,-94.0,-2.875,-19.0,-0.024,0.003,-0.003,-0.41,-0.11,9.5,0.31,0.03,-0.28,-0.3,0.14,9.8,0.12,0.0,0.0,0.0,4.7,3.0,1017.17,66.51,-18.11
2025-03-24 17:57:27.323000+00:00,,,,,4.125,-1.875,-0.875,23.07,-94.0,-2.875,-19.0,-0.024,0.003,-0.003,-0.26,0.19,9.52,0.31,0.03,-0.28,-0.3,0.14,9.8,0.12,0.0,0.0,0.0,4.7,3.0,1017.17,66.51,-18.11
2025-03-24 17:57:28.405000+00:00,,,,,4.125,-1.875,-0.875,23.07,-94.0,-2.875,-19.0,-0.024,0.003,-0.003,-0.1,0.02,9.54,0.31,0.03,-0.28,-0.3,0.14,9.8,0.12,0.0,0.0,0.0,4.7,3.0,1017.17,66.51,-18.11
2025-03-24 17:57:29.595000+00:00,,,,,4.125,-1.875,-0.875,23.07,-94.0,-2.875,-19.0,-0.024,0.003,-0.003,-0.57,-0.12,9.36,0.31,0.03,-0.28,-0.3,0.14,9.8,0.12,0.0,0.0,0.0,4.7,3.0,1017.17,66.51,-18.11
2025-03-24 17:57:30.310000+00:00,,,,,4.125,-1.875,-0.875,23.07,-94.0,-2.875,-19.0,-0.024,0.003,-0.003,-0.36,0.09,9.48,0.31,0.03,-0.28,-0.3,0.14,9.8,0.12,0.0,0.0,0.0,4.7,3.0,1017.17,66.51,-18.11
2025-03-24 17:57:31.298000+00:00,,,,,4.125,-1.875,-0.875,23.07,-94.0,-2.875,-19.0,-0.024,0.003,-0.003,-0.67,0.0,9.46,0.31,0.03,-0.28,-0.3,0.14,9.8,0.12,0.0,0.0,0.0,4.7,3.0,1017.17,66.51,-18.11
2025-03-24 17:57:32.339000+00:00,,,,,4.125,-1.875,-0.875,23.07,-94.0,-2.875,-19.0,-0.024,0.003,-0.003,-0.18,0.5,9.44,0.31,0.03,-0.28,-0.3,0.14,9.8,0.12,0.0,0.0,0.0,4.7,3.0,1017.17,66.51,-18.11
2025-03-24 17:57:33.345000+00:00,,,,,4.125,-1.875,-0.875,23.07,-94.0,-2.875,-19.0,-0.024,0.003,-0.003,-0.25,0.01,9.47,0.31,0.03,-0.28,-0.3,0.14,9.8,0.12,0.0,0.0,0.0,4.7,3.0,1017.17,66.51,-18.11
2025-03-24 17:57:34.334000+00:00,,,,,4.125,-1.875,-0.875,23.07,-94.0,-2.875,-19.0,-0.024,0.003,-0.003,-0.36,0.38,9.44,0.31,0.03,-0.28,-0.3,0.14,9.8,0.12,0.0,0.0,0.0,4.7,3.0,1017.17,66.51,-18.11
2025-03-24 17:57:35.354000+00:00,,,,,4.125,-1.875,-0.875,23.07,-94.0,-2.875,-19.0,-0.024,0.003,-0.003,-0.7,0.25,9.4,0.31,0.03,-0.28,-0.3,0.14,9.8,0.12,0.0,0.0,0.0,4.7,3.0,1017.17,66.51,-18.11
2025-03-24 17:57:36.401000+00:00,,,,,4.125,-1.875,-0.875,23.07,-94.0,-2.875,-19.0,-0.024,0.003,-0.003,-0.6,0.09,9.44,0.31,0.03,-0.28,-0.3,0.14,9.8,0.12,0.0,0.0,0.0,4.7,3.0,1017.17,66.51,-18.11
2025-03-24 17:57:37.575000+00:00,,,,,4.125,-1.875,-0.875,23.07,-94.0,-2.875,-19.0,-0.024,0.003,-0.003,-0.16,-0.41,9.56,0.31,0.03,-0.28,-0.3,0.14,9.8,0.12,0.0,0.0,0.0,4.7,3.0,1017.17,66.51,-18.11
2025-03-24 17:57:38.455000+00:00,,,,,4.125,-1.875,-0.875,23.07,-94.0,-2.875,-19.0,-0.024,0.003,-0.003,-0.37,-0.28,9.38,0.31,0.03,-0.28,-0.3,0.14,9.8,0.12,0.0,0.0,0.0,4.7,3.0,1017.17,66.51,-18.11
2025-03-24 17:57:39.397000+00:00,,,,,4.125,-1.875,-0.875,23.07,-94.0,-2.875,-19.0,-0.024,0.003,-0.003,-0.2,0.19,9.6,0.31,0.03,-0.28,-0.3,0.14,9.8,0.12,0.0,0.0,0.0,4.7,3.0,1017.17,66.51,-18.11
2025-03-24 17:57:40.405000+00:00,,,,,4.125,-1.875,-0.875,23.07,-94.0,-2.875,-19.0,-0.024,0.003,-0.003,-0.45,0.28,9.54,0.31,0.03,-0.28,-0.3,0.14,9.8,0.12,0.0,0.0,0.0,4.7,3.0,1017.17,66.51,-18.11
2025-03-24 17:57:41.398000+00:00,,,,,4.125,-1.875,-0.875,23.07,-94.0,-2.875,-19.0,-0.024,0.003,-0.003,-0.43,0.29,9.4,0.31,0.03,-0.28,-0.3,0.14,9.8,0.12,0.0,0.0,0.0,4.7,3.0,1017.17,66.51,-18.11
2025-03-24 17:57:42.528000+00:00,,,,,4.125,-1.875,-0.875,23.07,-94.0,-2.875,-19.0,-0.024,0.003,-0.003,-0.8,0.04,9.42,0.31,0.03,-0.28,-0.3,0.14,9.8,0.12,0.0,0.0,0.0,4.7,3.0,1017.17,66.51,-18.11
2025-03-24 17:57:43.679000+00:00,,,,,4.125,-1.875,-0.875,23.07,-94.0,-2.875,-19.0,-0.024,0.003,-0.003,-0.38,0.32,9.49,0.31,0.03,-0.28,-0.3,0.14,9.8,0.12,0.0,0.0,0.0,4.7,3.0,1017.17,66.51,-18.11
2025-03-24 17:57:44.755000+00:00,,,,,4.125,-1.875,-0.875,23.07,-94.0,-2.875,-19.0,-0.024,0.003,-0.003,-0.53,0.12,9.4,0.31,0.03,-0.28,-0.3,0.14,9.8,0.12,0.0,0.0,0.0,4.7,3.0,1017.17,66.51,-18.11
2025-03-24 17:57:45.455000+00:00,,,,,4.125,-1.875,-0.875,23.07,-94.0,-2.875,-19.0,-0.024,0.003,-0.003,-0.65,0.61,9.4,0.31,0.03,-0.28,-0.3,0.14,9.8,0.12,0.0,0.0,0.0,4.7,3.0,1017.17,66.51,-18.11
2025-03-24 17:57:46.472000+00:00,,,,,4.125,-1.875,-0.875,23.07,-94.0,-2.875,-19.0,-0.024,0.003,-0.003,-0.3,0.27,9.39,0.31,0.03,-0.28,-0.3,0.14,9.8,0.12,0.0,0.0,0.0,4.7,3.0,1017.17,66.51,-18.11
2025-03-24 17:57:47.485000+00:00,,,,,4.125,-1.875,-0.875,23.07,-94.0,-2.875,-19.0,-0.024,0.003,-0.003,-0.16,0.26,9.49,0.31,0.03,-0.28,-0.3,0.14,9.8,0.12,0.0,0.0,0.0,4.7,3.0,1017.17,66.51,-18.11
2025-03-24 17:57:48.478000+00:00,,,,,4.125,-1.875,-0.875,23.07,-94.0,-2.875,-19.0,-0.024,0.003,-0.003,-0.67,0.43,9.39,0.31,0.03,-0.28,-0.3,0.14,9.8,0.12,0.0,0.0,0.0,4.7,3.0,1017.17,66.51,-18.11
2025-03-24 17:57:49.525000+00:00,,,,,4.125,-1.875,-0.875,23.07,-94.0,-2.875,-19.0,-0.024,0.003,-0.003,-0.51,-0.26,9.43,0.31,0.03,-0.28,-0.3,0.14,9.8,0.12,0.0,0.0,0.0,4.7,3.0,1017.17,66.51,-18.11
2025-03-24 17:57:50.507000+00:00,,,,,4.125,-1.875,-0.875,23.07,-94.0,-2.875,-19.0,-0.024,0.003,-0.003,-0.29,-0.22,9.39,0.31,0.03,-0.28,-0.3,0.14,9.8,0.12,0.0,0.0,0.0,4.7,3.0,1017.17,66.51,-18.11
2025-03-24 17:57:51.528000+00:00,,,,,4.125,-1.875,-0.875,23.07,-94.0,-2.875,-19.0,-0.024,0.003,-0.003,-0.64,-0.22,9.47,0.31,0.03,-0.28,-0.3,0.14,9.8,0.12,0.0,0.0,0.0,4.7,3.0,1017.17,66.51,-18.11
2025-03-24 17:57:52.804000+00:00,,,,,4.125,-1.875,-0.875,23.07,-94.0,-2.875,-19.0,-0.024,0.003,-0.003,-0.28,0.29,9.38,0.31,0.03,-0.28,-0.3,0.14,9.8,0.12,0.0,0.0,0.0,4.7,3.0,1017.17,66.51,-18.11
2025-03-24 17:57:54.014000+00:00,,,,,4.125,-1.875,-0.875,23.07,-94.0,-2.875,-19.0,-0.024,0.003,-0.003,-0.17,0.25,9.56,0.31,0.03,-0.28,-0.3,0.14,9.8,0.12,0.0,0.0,0.0,4.7,3.0,1017.17,66.51,-18.11
2025-03-24 17:57:54.694000+00:00,,,,,4.125,-1.875,-0.875,23.07,-94.0,-2.875,-19.0,-0.024,0.003,-0.003,-0.74,0.21,9.48,0.31,0.03,-0.28,-0.3,0.14,9.8,0.12,0.0,0.0,0.0,4.7,3.0,1017.17,66.51,-18.11
2025-03-24 17:57:55.701000+00:00,,,,,4.125,-1.875,-0.875,23.07,-94.0,-2.875,-19.0,-0.024,0.003,-0.003,-0.23,0.01,9.57,0.31,0.03,-0.28,-0.3,0.14,9.8,0.12,0.0,0.0,0.0,4.7,3.0,1017.17,66.51,-18.11
2025-03-24 17:57:56.703000+00:00,,,,,4.125,-1.875,-0.875,23.07,-94.0,-2.875,-19.0,-0.024,0.003,-0.003,-0.09,-0.14,9.44,0.31,0.03,-0.28,-0.3,0.14,9.8,0.12,0.0,0.0,0.0,4.7,3.0,1017.17,66.51,-18.11
2025-03-24 17:57:57.697000+00:00,,,,,4.125,-1.875,-0.875,23.07,-94.0,-2.875,-19.0,-0.024,0.003,-0.003,-0.84,-0.04,9.45,0.31,0.03,-0.28,-0.3,0.14,9.8,0.12,0.0,0.0,0.0,4.7,3.0,1017.17,66.51,-18.11
2025-03-24 17:57:58.696000+00:00,,,,,4.125,-1.875,-0.875,23.07,-94.0,-2.875,-19.0,-0.024,0.003,-0.003,-0.52,-0.17,9.48,0.31,0.03,-0.28,-0.3,0.14,9.8,0.12,0.0,0.0,0.0,4.7,3.0,1017.17,66.51,-18.11
2025-03-24 17:57:59.705000+00:00,,,,,4.125,-1.875,-0.875,23.07,-94.0,-2.875,-19.0,-0.024,0.003,-0.003,-0.18,0.15,9.33,0.31,0.03,-0.28,-0.3,0.14,9.8,0.12,0.0,0.0,0.0,4.7,3.0,1017.17,66.51,-18.11
2025-03-24 17:58:00.696000+00:00,,,,,4.125,-1.875,-0.875,23.07,-94.0,-2.875,-19.0,-0.024,0.003,-0.003,-0.32,-0.07,9.5,0.31,0.03,-0.28,-0.3,0.14,9.8,0.12,0.0,0.0,0.0,4.7,3.0,1017.17,66.51,-18.11
2025-03-24 17:58:01.706000+00:00,,,,,4.125,-1.875,-0.875,23.07,-94.0,-2.875,-19.0,-0.024,0.003,-0.003,-0.39,0.16,9.39,0.31,0.03,-0.28,-0.3,0.14,9.8,0.12,0.0,0.0,0.0,4.7,3.0,1017.17,66.51,-18.11
2025-03-24 17:58:02.751000+00:00,,,,,4.125,-1.875,-0.875,23.07,-94.0,-2.875,-19.0,-0.024,0.003,-0.003,-0.39,0.07,9.46,0.31,0.03,-0.28,-0.3,0.14,9.8,0.12,0.0,0.0,0.0,4.7,3.0,1017.17,66.51,-18.11
2025-03-24 17:57:03.107000+00:00,,,,,4.125,-1.875,-0.875,23.07,-94.0,-2.875,-19.0,-0.024,0.003,-0.003,-0.39,0.07,9.46,0.31,0.03,-0.28,-0.3,0.14,9.8,0.12,0.0,0.0,0.0,4.7,3.0,1017.17,66.51,-18.11
2025-03-24 17:57:04.117000+00:00,,,,,4.125,-1.875,-0.875,23.07,-94.0,-2.875,-19.0,-0.024,0.003,-0.003,-0.39,0.07,9.46,0.11,0.03,-0.28,-0.3,0.14,9.8,0.12,0.0,0.0,0.0,4.7,3.0,1017.17,66.51,-18.11
2025-03-24 17:57:05.124000+00:00,,,,,4.125,-1.875,-0.875,23.07,-94.0,-2.875,-19.0,-0.024,0.003,-0.003,-0.39,0.07,9.46,-0.21,-0.03,-0.35,-0.3,0.14,9.8,0.12,0.0,0.0,0.0,4.7,3.0,1017.17,66.51,-18.11
2025-03-24 17:57:06.133000+00:00,,,,,4.125,-1.875,-0.875,23.07,-94.0,-2.875,-19.0,-0.024,0.003,-0.003,-0.39,0.07,9.46,-0.11,-0.26,-0.26,-0.3,0.14,9.8,0.12,0.0,0.0,0.0,4.7,3.0,1017.17,66.51,-18.11
2025-03-24 17:57:07.157000+00:00,,,,,4.125,-1.875,-0.875,23.07,-94.0,-2.875,-19.0,-0.024,0.003,-0.003,-0.39,0.07,9.46,0.2,0.26,-0.44,-0.3,0.14,9.8,0.12,0.0,0.0,0.0,4.7,3.0,1017.17,66.51,-18.11
2025-03-24 17:57:08.200000+00:00,,,,,4.125,-1.875,-0.875,23.07,-94.0,-2.875,-19.0,-0.024,0.003,-0.003,-0.39,0.07,9.46,-0.39,-0.3,-0.44,-0.3,0.14,9.8,0.12,0.0,0.0,0.0,4.7,3.0,1017.17,66.51,-18.11
2025-03-24 17:57:09.150000+00:00,,,,,4.125,-1.875,-0.875,23.07,-94.0,-2.875,-19.0,-0.024,0.003,-0.003,-0.39,0.07,9.46,0.07,0.26,-0.37,-0.3,0.14,9.8,0.12,0.0,0.0,0.0,4.7,3.0,1017.17,66.51,-18.11
2025-03-24 17:57:10.149000+00:00,,,,,4.125,-1.875,-0.875,23.07,-94.0,-2.875,-19.0,-0.024,0.003,-0.003,-0.39,0.07,9.46,0.0,-0.25,-0.41,-0.3,0.14,9.8,0.12,0.0,0.0,0.0,4.7,3.0,1017.17,66.51,-18.11
2025-03-24 17:57:11.190000+00:00,,,,,4.125,-1.875,-0.875,23.07,-94.0,-2.875,-19.0,-0.024,0.003,-0.003,-0.39,0.07,9.46,-0.29,0.18,-0.28,-0.3,0.14,9.8,0.12,0.0,0.0,0.0,4.7,3.0,1017.17,66.51,-18.11
2025-03-24 17:57:12.170000+00:00,,,,,4.125,-1.875,-0.875,23.07,-94.0,-2.875,-19.0,-0.024,0.003,-0.003,-0.39,0.07,9.46,0.06,0.01,-0.3,-0.3,0.14,9.8,0.12,0.0,0.0,0.0,4.7,3.0,1017.17,66.51,-18.11
2025-03-24 17:57:13.179000+00:00,,,,,4.125,-1.875,-0.875,23.07,-94.0,-2.875,-19.0,-0.024,0.003,-0.003,-0.39,0.07,9.46,0.43,-0.18,-0.24,-0.3,0.14,9.8,0.12,0.0,0.0,0.0,4.7,3.0,1017.17,66.51,-18.11
2025-03-24 17:57:14.206000+00:00,,,,,4.125,-1.875,-0.875,23.07,-94.0,-2.875,-19.0,-0.024,0.003,-0.003,-0.39,0.07,9.46,-0.54,0.47,-0.37,-0.3,0.14,9.8,0.12,0.0,0.0,0.0,4.7,3.0,1017.17,66.51,-18.11
2025-03-24 17:57:15.306000+00:00,,,,,4.125,-1.875,-0.875,23.07,-94.0,-2.875,-19.0,-0.024,0.003,-0.003,-0.39,0.07,9.46,0.0,-0.57,-0.32,-0.3,0.14,9.8,0.12,0.0,0.0,0.0,4.7,3.0,1017.17,66.51,-18.11
2025-03-24 17:57:16.356000+00:00,,,,,4.125,-1.875,-0.875,23.07,-94.0,-2.875,-19.0,-0.024,0.003,-0.003,-0.39,0.07,9.46,-0.13,0.09,-0.32,-0.3,0.14,9.8,0.12,0.0,0.0,0.0,4.7,3.0,1017.17,66.51,-18.11
2025-03-24 17:57:17.598000+00:00,,,,,4.125,-1.875,-0.875,23.07,-94.0,-2.875,-19.0,-0.024,0.003,-0.003,-0.39,0.07,9.46,0.07,-0.12,-0.38,-0.3,0.14,9.8,0.12,0.0,0.0,0.0,4.7,3.0,1017.17,66.51,-18.11
2025-03-24 17:57:18.276000+00:00,,,,,4.125,-1.875,-0.875,23.07,-94.0,-2.875,-19.0,-0.024,0.003,-0.003,-0.39,0.07,9.46,-0.4,0.47,-0.32,-0.3,0.14,9.8,0.12,0.0,0.0,0.0,4.7,3.0,1017.17,66.51,-18.11
2025-03-24 17:57:19.246000+00:00,,,,,4.125,-1.875,-0.875,23.07,-94.0,-2.875,-19.0,-0.024,0.003,-0.003,-0.39,0.07,9.46,-0.36,0.19,-0.45,-0.3,0.14,9.8,0.12,0.0,0.0,0.0,4.7,3.0,1017.17,66.51,-18.11
2025-03-24 17:57:20.269000+00:00,,,,,4.125,-1.875,-0.875,23.07,-94.0,-2.875,-19.0,-0.024,0.003,-0.003,-0.39,0.07,9.46,0.13,0.06,-0.56,-0.3,0.14,9.8,0.12,0.0,0.0,0.0,4.7,3.0,1017.17,66.51,-18.11
2025-03-24 17:57:21.270000+00:00,,,,,4.125,-1.875,-0.875,23.07,-94.0,-2.875,-19.0,-0.024,0.003,-0.003,-0.39,0.07,9.46,-0.1,0.03,-0.4,-0.3,0.14,9.8,0.12,0.0,0.0,0.0,4.7,3.0,1017.17,66.51,-18.11
2025-03-24 17:57:22.273000+00:00,,,,,4.125,-1.875,-0.875,23.07,-94.0,-2.875,-19.0,-0.024,0.003,-0.003,-0.39,0.07,9.46,0.28,-0.04,-0.4,-0.3,0.14,9.8,0.12,0.0,0.0,0.0,4.7,3.0,1017.17,66.51,-18.11
2025-03-24 17:57:23.279000+00:00,,,,,4.125,-1.875,-0.875,23.07,-94.0,-2.875,-19.0,-0.024,0.003,-0.003,-0.39,0.07,9.46,0.03,0.16,-0.38,-0.3,0.14,9.8,0.12,0.0,0.0,0.0,4.7,3.0,1017.17,66.51,-18.11
2025-03-24 17:57:24.279000+00:00,,,,,4.125,-1.875,-0.875,23.07,-94.0,-2.875,-19.0,-0.024,0.003,-0.003,-0.39,0.07,9.46,0.2,-0.1,-0.42,-0.3,0.14,9.8,0.12,0.0,0.0,0.0,4.7,3.0,1017.17,66.51,-18.11
2025-03-24 17:57:25.316000+00:00,,,,,4.125,-1.875,-0.875,23.07,-94.0,-2.875,-19.0,-0.024,0.003,-0.003,-0.39,0.07,9.46,0.25,-0.02,-0.39,-0.3,0.14,9.8,0.12,0.0,0.0,0.0,4.7,3.0,1017.17,66.51,-18.11
2025-03-24 17:57:26.313000+00:00,,,,,4.125,-1.875,-0.875,23.07,-94.0,-2.875,-19.0,-0.024,0.003,-0.003,-0.39,0.07,9.46,-0.46,-0.17,-0.28,-0.3,0.14,9.8,0.12,0.0,0.0,0.0,4.7,3.0,1017.17,66.51,-18.11
2025-03-24 17:57:27.369000+00:00,,,,,4.125,-1.875,-0.875,23.07,-94.0,-2.875,-19.0,-0.024,0.003,-0.003,-0.39,0.07,9.46,0.07,0.04,-0.27,-0.3,0.14,9.8,0.12,0.0,0.0,0.0,4.7,3.0,1017.17,66.51,-18.11
2025-03-24 17:57:28.466000+00:00,,,,,4.125,-1.875,-0.875,23.07,-94.0,-2.875,-19.0,-0.024,0.003,-0.003,-0.39,0.07,9.46,0.22,-0.13,-0.25,-0.3,0.14,9.8,0.12,0.0,0.0,0.0,4.7,3.0,1017.17,66.51,-18.11
2025-03-24 17:57:29.652000+00:00,,,,,4.125,-1.875,-0.875,23.07,-94.0,-2.875,-19.0,-0.024,0.003,-0.003,-0.39,0.07,9.46,-0.25,-0.27,-0.43,-0.3,0.14,9.8,0.12,0.0,0.0,0.0,4.7,3.0,1017.17,66.51,-18.11
2025-03-24 17:57:30.365000+00:00,,,,,4.125,-1.875,-0.875,23.07,-94.0,-2.875,-19.0,-0.024,0.003,-0.003,-0.39,0.07,9.46,-0.03,-0.06,-0.31,-0.3,0.14,9.8,0.12,0.0,0.0,0.0,4.7,3.0,1017.17,66.51,-18.11
2025-03-24 17:57:31.348000+00:00,,,,,4.125,-1.875,-0.875,23.07,-94.0,-2.875,-19.0,-0.024,0.003,-0.003,-0.39,0.07,9.46,-0.35,-0.17,-0.33,-0.3,0.14,9.8,0.12,0.0,0.0,0.0,4.7,3.0,1017.17,66.51,-18.11
2025-03-24 17:57:32.389000+00:00,,,,,4.125,-1.875,-0.875,23.07,-94.0,-2.875,-19.0,-0.024,0.003,-0.003,-0.39,0.07,9.46,0.13,0.33,-0.35,-0.3,0.14,9.8,0.12,0.0,0.0,0.0,4.7,3.0,1017.17,66.51,-18.11
2025-03-24 17:57:33.398000+00:00,,,,,4.125,-1.875,-0.875,23.07,-94.0,-2.875,-19.0,-0.024,0.003,-0.003,-0.39,0.07,9.46,0.07,-0.15,-0.32,-0.3,0.14,9.8,0.12,0.0,0.0,0.0,4.7,3.0,1017.17,66.51,-18.11
2025-03-24 17:57:34.379000+00:00,,,,,4.125,-1.875,-0.875,23.07,-94.0,-2.875,-19.0,-0.024,0.003,-0.003,-0.39,0.07,9.46,-0.03,0.23,-0.35,-0.3,0.14,9.8,0.12,0.0,0.0,0.0,4.7,3.0,1017.17,66.51,-18.11
2025-03-24 17:57:35.399000+00:00,,,,,4.125,-1.875,-0.875,23.07,-94.0,-2.875,-19.0,-0.024,0.003,-0.003,-0.39,0.07,9.46,-0.36,0.09,-0.39,-0.3,0.14,9.8,0.12,0.0,0.0,0.0,4.7,3.0,1017.17,66.51,-18.11
2025-03-24 17:57:36.448000+00:00,,,,,4.125,-1.875,-0.875,23.07,-94.0,-2.875,-19.0,-0.024,0.003,-0.003,-0.39,0.07,9.46,-0.26,-0.07,-0.35,-0.3,0.14,9.8,0.12,0.0,0.0,0.0,4.7,3.0,1017.17,66.51,-18.11
2025-03-24 17:57:37.635000+00:00,,,,,4.125,-1.875,-0.875,23.07,-94.0,-2.875,-19.0,-0.024,0.003,-0.003,-0.39,0.07,9.46,0.16,-0.57,-0.23,-0.3,0.14,9.8,0.12,0.0,0.0,0.0,4.7,3.0,1017.17,66.51,-18.11
2025-03-24 17:57:38.508000+00:00,,,,,4.125,-1.875,-0.875,23.07,-94.0,-2.875,-19.0,-0.024,0.003,-0.003,-0.39,0.07,9.46,-0.15,-0.57,-0.37,-0.3,0.14,9.8,0.12,0.0,0.0,0.0,4.7,3.0,1017.17,66.51,-18.11
2025-03-24 17:57:39.449000+00:00,,,,,4.125,-1.875,-0.875,23.07,-94.0,-2.875,-19.0,-0.024,0.003,-0.003,-0.39,0.07,9.46,0.34,0.31,-0.44,-0.3,0.14,9.8,0.12,0.0,0.0,0.0,4.7,3.0,1017.17,66.51,-18.11
2025-03-24 17:57:40.465000+00:00,,,,,4.125,-1.875,-0.875,23.07,-94.0,-2.875,-19.0,-0.024,0.003,-0.003,-0.39,0.07,9.46,-0.19,0.28,-0.42,-0.3,0.14,9.8,0.12,0.0,0.0,0.0,4.7,3.0,1017.17,66.51,-18.11
2025-03-24 17:57:41.455000+00:00,,,,,4.125,-1.875,-0.875,23.07,-94.0,-2.875,-19.0,-0.024,0.003,-0.003,-0.39,0.07,9.46,-0.22,0.06,-0.35,-0.3,0.14,9.8,0.12,0.0,0.0,0.0,4.7,3.0,1017.17,66.51,-18.11
2025-03-24 17:57:42.577000+00:00,,,,,4.125,-1.875,-0.875,23.07,-94.0,-2.875,-19.0,-0.024,0.003,-0.003,-0.39,0.07,9.46,-0.19,-0.12,-0.4,-0.3,0.14,9.8,0.12,0.0,0.0,0.0,4.7,3.0,1017.17,66.51,-18.11
2025-03-24 17:57:43.728000+00:00,,,,,4.125,-1.875,-0.875,23.07,-94.0,-2.875,-19.0,-0.024,0.003,-0.003,-0.39,0.07,9.46,-0.06,0.15,-0.3,-0.3,0.14,9.8,0.12,0.0,0.0,0.0,4.7,3.0,1017.17,66.51,-18.11
2025-03-24 17:57:44.815000+00:00,,,,,4.125,-1.875,-0.875,23.07,-94.0,-2.875,-19.0,-0.024,0.003,-0.003,-0.39,0.07,9.46,-0.21,-0.03,-0.39,-0.3,0.14,9.8,0.12,0.0,0.0,0.0,4.7,3.0,1017.17,66.51,-18.11
2025-03-24 17:57:45.515000+00:00,,,,,4.125,-1.875,-0.875,23.07,-94.0,-2.875,-19.0,-0.024,0.003,-0.003,-0.39,0.07,9.46,-0.16,0.34,-0.45,-0.3,0.14,9.8,0.12,0.0,0.0,0.0,4.7,3.0,1017.17,66.51,-18.11
2025-03-24 17:57:46.525000+00:00,,,,,4.125,-1.875,-0.875,23.07,-94.0,-2.875,-19.0,-0.024,0.003,-0.003,-0.39,0.07,9.46,0.2,0.04,-0.3,-0.3,0.14,9.8,0.12,0.0,0.0,0.0,4.7,3.0,1017.17,66.51,-18.11
2025-03-24 17:57:47.545000+00:00,,,,,4.125,-1.875,-0.875,23.07,-94.0,-2.875,-19.0,-0.024,0.003,-0.003,-0.39,0.07,9.46,0.26,-0.1,-0.35,-0.3,0.14,9.8,0.12,0.0,0.0,0.0,4.7,3.0,1017.17,66.51,-18.11
2025-03-24 17:57:48.534000+00:00,,,,,4.125,-1.875,-0.875,23.07,-94.0,-2.875,-19.0,-0.024,0.003,-0.003,-0.39,0.07,9.46,-0.34,0.28,-0.41,-0.3,0.14,9.8,0.12,0.0,0.0,0.0,4.7,3.0,1017.17,66.51,-18.11
2025-03-24 17:57:49.579000+00:00,,,,,4.125,-1.875,-0.875,23.07,-94.0,-2.875,-19.0,-0.024,0.003,-0.003,-0.39,0.07,9.46,-0.19,-0.4,-0.36,-0.3,0.14,9.8,0.12,0.0,0.0,0.0,4.7,3.0,1017.17,66.51,-18.11
2025-03-24 17:57:50.565000+00:00,,,,,4.125,-1.875,-0.875,23.07,-94.0,-2.875,-19.0,-0.024,0.003,-0.003,-0.39,0.07,9.46,0.02,-0.38,-0.41,-0.3,0.14,9.8,0.12,0.0,0.0,0.0,4.7,3.0,1017.17,66.51,-18.11
2025-03-24 17:57:51.595000+00:00,,,,,4.125,-1.875,-0.875,23.07,-94.0,-2.875,-19.0,-0.024,0.003,-0.003,-0.39,0.07,9.46,-0.31,-0.38,-0.32,-0.3,0.14,9.8,0.12,0.0,0.0,0.0,4.7,3.0,1017.17,66.51,-18.11
2025-03-24 17:57:52.858000+00:00,,,,,4.125,-1.875,-0.875,23.07,-94.0,-2.875,-19.0,-0.024,0.003,-0.003,-0.39,0.07,9.46,-0.18,0.34,-0.45,-0.3,0.14,9.8,0.12,0.0,0.0,0.0,4.7,3.0,1017.17,66.51,-18.11
2025-03-24 17:57:54.074000+00:00,,,,,4.125,-1.875,-0.875,23.07,-94.0,-2.875,-19.0,-0.024,0.003,-0.003,-0.39,0.07,9.46,0.16,0.11,-0.23,-0.3,0.14,9.8,0.12,0.0,0.0,0.0,4.7,3.0,1017.17,66.51,-18.11
2025-03-24 17:57:54.754000+00:00,,,,,4.125,-1.875,-0.875,23.07,-94.0,-2.875,-19.0,-0.024,0.003,-0.003,-0.39,0.07,9.46,-0.4,0.08,-0.31,-0.3,0.14,9.8,0.12,0.0,0.0,0.0,4.7,3.0,1017.17,66.51,-18.11
2025-03-24 17:57:55.747000+00:00,,,,,4.125,-1.875,-0.875,23.07,-94.0,-2.875,-19.0,-0.024,0.003,-0.003,-0.39,0.07,9.46,0.09,-0.11,-0.22,-0.3,0.14,9.8,0.12,0.0,0.0,0.0,4.7,3.0,1017.17,66.51,-18.11
2025-03-24 17:57:56.763000+00:00,,,,,4.125,-1.875,-0.875,23.07,-94.0,-2.875,-19.0,-0.024,0.003,-0.003,-0.39,0.07,9.46,0.22,-0.28,-0.35,-0.3,0.14,9.8,0.12,0.0,0.0,0.0,4.7,3.0,1017.17,66.51,-18.11
2025-03-24 17:57:57.748000+00:00,,,,,4.125,-1.875,-0.875,23.07,-94.0,-2.875,-19.0,-0.024,0.003,-0.003,-0.39,0.07,9.46,-0.5,-0.17,-0.34,-0.3,0.14,9.8,0.12,0.0,0.0,0.0,4.7,3.0,1017.17,66.51,-18.11
2025-03-24 17:57:58.746000+00:00,,,,,4.125,-1.875,-0.875,23.07,-94.0,-2.875,-19.0,-0.024,0.003,-0.003,-0.39,0.07,9.46,-0.17,-0.3,-0.31,-0.3,0.14,9.8,0.12,0.0,0.0,0.0,4.7,3.0,1017.17,66.51,-18.11
2025-03-24 17:57:59.765000+00:00,,,,,4.125,-1.875,-0.875,23.07,-94.0,-2.875,-19.0,-0.024,0.003,-0.003,-0.39,0.07,9.46,0.14,0.0,-0.46,-0.3,0.14,9.8,0.12,0.0,0.0,0.0,4.7,3.0,1017.17,66.51,-18.11
2025-03-24 17:58:00.745000+00:00,,,,,4.125,-1.875,-0.875,23.07,-94.0,-2.875,-19.0,-0.024,0.003,-0.003,-0.39,0.07,9.46,0.0,-0.22,-0.29,-0.3,0.14,9.8,0.12,0.0,0.0,0.0,4.7,3.0,1017.17,66.51,-18.11
2025-03-24 17:58:01.755000+00:00,,,,,4.125,-1.875,-0.875,23.07,-94.0,-2.875,-19.0,-0.024,0.003,-0.003,-0.39,0.07,9.46,-0.07,0.01,-0.4,-0.3,0.14,9.8,0.12,0.0,0.0,0.0,4.7,3.0,1017.17,66.51,-18.11
2025-03-24 17:58:02.807000+00:00,,,,,4.125,-1.875,-0.875,23.07,-94.0,-2.875,-19.0,-0.024,0.003,-0.003,-0.39,0.07,9.46,-0.36,-0.25,-0.37,-0.3,0.14,9.8,0.12,0.0,0.0,0.0,4.7,3.0,1017.17,66.51,-18.11
2025-03-24 17:57:04.170000+00:00,,,,,4.125,-1.875,-0.875,23.07,-94.0,-2.875,-19.0,-0.024,0.003,-0.003,-0.39,0.07,9.46,-0.36,-0.25,-0.37,-0.3,0.14,9.8,0.12,0.0,0.0,0.0,4.7,3.0,1017.17,66.51,-18.11
2025-03-24 17:57:05.170000+00:00,,,,,4.125,-1.875,-0.875,23.07,-94.0,-2.875,-19.0,-0.024,0.003,-0.003,-0.39,0.07,9.46,-0.36,-0.25,-0.37,-0.3,0.14,9.8,0.12,0.0,0.0,0.0,4.7,3.0,1017.17,66.51,-18.11
2025-03-24 17:57:06.187000+00:00,,,,,4.125,-1.875,-0.875,23.07,-94.0,-2.875,-19.0,-0.024,0.003,-0.003,-0.39,0.07,9.46,-0.36,-0.25,-0.37,-0.3,0.16,9.8,0.12,0.0,0.0,0.0,4.7,3.0,1017.17,66.51,-18.11
2025-03-24 17:57:07.217000+00:00,,,,,4.125,-1.875,-0.875,23.07,-94.0,-2.875,-19.0,-0.024,0.003,-0.003,-0.39,0.07,9.46,-0.36,-0.25,-0.37,-0.3,0.15,9.8,0.12,0.0,0.0,0.0,4.7,3.0,1017.17,66.51,-18.11
2025-03-24 17:57:08.253000+00:00,,,,,4.125,-1.875,-0.875,23.07,-94.0,-2.875,-19.0,-0.024,0.003,-0.003,-0.39,0.07,9.46,-0.36,-0.25,-0.37,-0.3,0.14,9.8,0.12,0.0,0.0,0.0,4.7,3.0,1017.17,66.51,-18.11
2025-03-24 17:57:09.200000+00:00,,,,,4.125,-1.875,-0.875,23.07,-94.0,-2.875,-19.0,-0.024,0.003,-0.003,-0.39,0.07,9.46,-0.36,-0.25,-0.37,-0.31,0.14,9.8,0.12,0.0,0.0,0.0,4.7,3.0,1017.17,66.51,-18.11
2025-03-24 17:57:10.200000+00:00,,,,,4.125,-1.875,-0.875,23.07,-94.0,-2.875,-19.0,-0.024,0.003,-0.003,-0.39,0.07,9.46,-0.36,-0.25,-0.37,-0.32,0.14,9.8,0.12,0.0,0.0,0.0,4.7,3.0,1017.17,66.51,-18.11
2025-03-24 17:57:11.249000+00:00,,,,,4.125,-1.875,-0.875,23.07,-94.0,-2.875,-19.0,-0.024,0.003,-0.003,-0.39,0.07,9.46,-0.36,-0.25,-0.37,-0.31,0.15,9.8,0.12,0.0,0.0,0.0,4.7,3.0,1017.17,66.51,-18.11
2025-03-24 17:57:12.220000+00:00,,,,,4.125,-1.875,-0.875,23.07,-94.0,-2.875,-19.0,-0.024,0.003,-0.003,-0.39,0.07,9.46,-0.36,-0.25,-0.37,-0.31,0.15,9.8,0.12,0.0,0.0,0.0,4.7,3.0,1017.17,66.51,-18.11
2025-03-24 17:57:13.230000+00:00,,,,,4.125,-1.875,-0.875,23.07,-94.0,-2.875,-19.0,-0.024,0.003,-0.003,-0.39,0.07,9.46,-0.36,-0.25,-0.37,-0.29,0.15,9.8,0.12,0.0,0.0,0.0,4.7,3.0,1017.17,66.51,-18.11
2025-03-24 17:57:14.267000+00:00,,,,,4.125,-1.875,-0.875,23.07,-94.0,-2.875,-19.0,-0.024,0.003,-0.003,-0.39,0.07,9.46,-0.36,-0.25,-0.37,-0.29,0.15,9.8,0.12,0.0,0.0,0.0,4.7,3.0,1017.17,66.51,-18.11
2025-03-24 17:57:15.366000+00:00,,,,,4.125,-1.875,-0.875,23.07,-94.0,-2.875,-19.0,-0.024,0.003,-0.003,-0.39,0.07,9.46,-0.36,-0.25,-0.37,-0.3,0.14,9.8,0.12,0.0,0.0,0.0,4.7,3.0,1017.17,66.51,-18.11
2025-03-24 17:57:16.414000+00:00,,,,,4.125,-1.875,-0.875,23.07,-94.0,-2.875,-19.0,-0.024,0.003,-0.003,-0.39,0.07,9.46,-0.36,-0.25,-0.37,-0.3,0.14,9.8,0.12,0.0,0.0,0.0,4.7,3.0,1017.17,66.51,-18.11
2025-03-24 17:57:17.652000+00:00,,,,,4.125,-1.875,-0.875,23.07,-94.0,-2.875,-19.0,-0.024,0.003,-0.003,-0.39,0.07,9.46,-0.36,-0.25,-0.37,-0.29,0.13,9.8,0.12,0.0,0.0,0.0,4.7,3.0,1017.17,66.51,-18.11
2025-03-24 17:57:18.336000+00:00,,,,,4.125,-1.875,-0.875,23.07,-94.0,-2.875,-19.0,-0.024,0.003,-0.003,-0.39,0.07,9.46,-0.36,-0.25,-0.37,-0.3,0.14,9.8,0.12,0.0,0.0,0.0,4.7,3.0,1017.17,66.51,-18.11
2025-03-24 17:57:19.305000+00:00,,,,,4.125,-1.875,-0.875,23.07,-94.0,-2.875,-19.0,-0.024,0.003,-0.003,-0.39,0.07,9.46,-0.36,-0.25,-0.37,-0.31,0.15,9.8,0.12,0.0,0.0,0.0,4.7,3.0,1017.17,66.51,-18.11
2025-03-24 17:57:20.320000+00:00,,,,,4.125,-1.875,-0.875,23.07,-94.0,-2.875,-19.0,-0.024,0.003,-0.003,-0.39,0.07,9.46,-0.36,-0.25,-0.37,-0.32,0.15,9.8,0.12,0.0,0.0,0.0,4.7,3.0,1017.17,66.51,-18.11
2025-03-24 17:57:21.319000+00:00,,,,,4.125,-1.875,-0.875,23.07,-94.0,-2.875,-19.0,-0.024,0.003,-0.003,-0.39,0.07,9.46,-0.36,-0.25,-0.37,-0.33,0.16,9.79,0.12,0.0,0.0,0.0,4.7,3.0,1017.17,66.51,-18.11
2025-03-24 17:57:22.319000+00:00,,,,,4.125,-1.875,-0.875,23.07,-94.0,-2.875,-19.0,-0.024,0.003,-0.003,-0.39,0.07,9.46,-0.36,-0.25,-0.37,-0.33,0.16,9.79,0.12,0.0,0.0,0.0,4.7,3.0,1017.17,66.51,-18.11
2025-03-24 17:57:23.344000+00:00,,,,,4.125,-1.875,-0.875,23.07,-94.0,-2.875,-19.0,-0.024,0.003,-0.003,-0.39,0.07,9.46,-0.36,-0.25,-0.37,-0.33,0.16,9.79,0.12,0.0,0.0,0.0,4.7,3.0,1017.17,66.51,-18.11
2025-03-24 17:57:24.329000+00:00,,,,,4.125,-1.875,-0.875,23.07,-94.0,-2.875,-19.0,-0.024,0.003,-0.003,-0.39,0.07,9.46,-0.36,-0.25,-0.37,-0.33,0.15,9.79,0.12,0.0,0.0,0.0,4.7,3.0,1017.17,66.51,-18.11
2025-03-24 17:57:25.376000+00:00,,,,,4.125,-1.875,-0.875,23.07,-94.0,-2.875,-19.0,-0.024,0.003,-0.003,-0.39,0.07,9.46,-0.36,-0.25,-0.37,-0.32,0.15,9.8,0.12,0.0,0.0,0.0,4.7,3.0,1017.17,66.51,-18.11
2025-03-24 17:57:26.359000+00:00,,,,,4.125,-1.875,-0.875,23.07,-94.0,-2.875,-19.0,-0.024,0.003,-0.003,-0.39,0.07,9.46,-0.36,-0.25,-0.37,-0.34,0.15,9.79,0.12,0.0,0.0,0.0,4.7,3.0,1017.17,66.51,-18.11
2025-03-24 17:57:27.425000+00:00,,,,,4.125,-1.875,-0.875,23.07,-94.0,-2.875,-19.0,-0.024,0.003,-0.003,-0.39,0.07,9.46,-0.36,-0.25,-0.37,-0.33,0.14,9.79,0.12,0.0,0.0,0.0,4.7,3.0,1017.17,66.51,-18.11
2025-03-24 17:57:28.525000+00:00,,,,,4.125,-1.875,-0.875,23.07,-94.0,-2.875,-19.0,-0.024,0.003,-0.003,-0.39,0.07,9.46,-0.36,-0.25,-0.37,-0.33,0.15,9.79,0.12,0.0,0.0,0.0,4.7,3.0,1017.17,66.51,-18.11
2025-03-24 17:57:29.706000+00:00,,,,,4.125,-1.875,-0.875,23.07,-94.0,-2.875,-19.0,-0.024,0.003,-0.003,-0.39,0.07,9.46,-0.36,-0.25,-0.37,-0.32,0.14,9.8,0.12,0.0,0.0,0.0,4.7,3.0,1017.17,66.51,-18.11
2025-03-24 17:57:30.416000+00:00,,,,,4.125,-1.875,-0.875,23.07,-94.0,-2.875,-19.0,-0.024,0.003,-0.003,-0.39,0.07,9.46,-0.36,-0.25,-0.37,-0.32,0.15,9.79,0.12,0.0,0.0,0.0,4.7,3.0,1017.17,66.51,-18.11
2025-03-24 17:57:31.415000+00:00,,,,,4.125,-1.875,-0.875,23.07,-94.0,-2.875,-19.0,-0.024,0.003,-0.003,-0.39,0.07,9.46,-0.36,-0.25,-0.37,-0.32,0.16,9.79,0.12,0.0,0.0,0.0,4.7,3.0,1017.17,66.51,-18.11
2025-03-24 17:57:32.445000+00:00,,,,,4.125,-1.875,-0.875,23.07,-94.0,-2.875,-19.0,-0.024,0.003,-0.003,-0.39,0.07,9.46,-0.36,-0.25,-0.37,-0.32,0.17,9.79,0.12,0.0,0.0,0.0,4.7,3.0,1017.17,66.51,-18.11
2025-03-24 17:57:33.455000+00:00,,,,,4.125,-1.875,-0.875,23.07,-94.0,-2.875,-19.0,-0.024,0.003,-0.003,-0.39,0.07,9.46,-0.36,-0.25,-0.37,-0.33,0.17,9.79,0.12,0.0,0.0,0.0,4.7,3.0,1017.17,66.51,-18.11
2025-03-24 17:57:34.433000+00:00,,,,,4.125,-1.875,-0.875,23.07,-94.0,-2.875,-19.0,-0.024,0.003,-0.003,-0.39,0.07,9.46,-0.36,-0.25,-0.37,-0.33,0.15,9.79,0.12,0.0,0.0,0.0,4.7,3.0,1017.17,66.51,-18.11
2025-03-24 17:57:35.449000+00:00,,,,,4.125,-1.875,-0.875,23.07,-94.0,-2.875,-19.0,-0.024,0.003,-0.003,-0.39,0.07,9.46,-0.36,-0.25,-0.37,-0.34,0.16,9.79,0.12,0.0,0.0,0.0,4.7,3.0,1017.17,66.51,-18.11
2025-03-24 17:57:36.513000+00:00,,,,,4.125,-1.875,-0.875,23.07,-94.0,-2.875,-19.0,-0.024,0.003,-0.003,-0.39,0.07,9.46,-0.36,-0.25,-0.37,-0.33,0.16,9.79,0.12,0.0,0.0,0.0,4.7,3.0,1017.17,66.51,-18.11
2025-03-24 17:57:37.696000+00:00,,,,,4.125,-1.875,-0.875,23.07,-94.0,-2.875,-19.0,-0.024,0.003,-0.003,-0.39,0.07,9.46,-0.36,-0.25,-0.37,-0.32,0.15,9.8,0.12,0.0,0.0,0.0,4.7,3.0,1017.17,66.51,-18.11
2025-03-24 17:57:38.559000+00:00,,,,,4.125,-1.875,-0.875,23.07,-94.0,-2.875,-19.0,-0.024,0.003,-0.003,-0.39,0.07,9.46,-0.36,-0.25,-0.37,-0.33,0.16,9.79,0.12,0.0,0.0,0.0,4.7,3.0,1017.17,66.51,-18.11
2025-03-24 17:57:39.501000+00:00,,,,,4.125,-1.875,-0.875,23.07,-94.0,-2.875,-19.0,-0.024,0.003,-0.003,-0.39,0.07,9.46,-0.36,-0.25,-0.37,-0.32,0.15,9.79,0.12,0.0,0.0,0.0,4.7,3.0,1017.17,66.51,-18.11
2025-03-24 17:57:40.522000+00:00,,,,,4.125,-1.875,-0.875,23.07,-94.0,-2.875,-19.0,-0.024,0.003,-0.003,-0.39,0.07,9.46,-0.36,-0.25,-0.37,-0.31,0.16,9.8,0.12,0.0,0.0,0.0,4.7,3.0,1017.17,66.51,-18.11
2025-03-24 17:57:41.508000+00:00,,,,,4.125,-1.875,-0.875,23.07,-94.0,-2.875,-19.0,-0.024,0.003,-0.003,-0.39,0.07,9.46,-0.36,-0.25,-0.37,-0.31,0.16,9.8,0.12,0.0,0.0,0.0,4.7,3.0,1017.17,66.51,-18.11
2025-03-24 17:57:42.628000+00:00,,,,,4.125,-1.875,-0.875,23.07,-94.0,-2.875,-19.0,-0.024,0.003,-0.003,-0.39,0.07,9.46,-0.36,-0.25,-0.37,-0.32,0.16,9.8,0.12,0.0,0.0,0.0,4.7,3.0,1017.17,66.51,-18.11
2025-03-24 17:57:43.780000+00:00,,,,,4.125,-1.875,-0.875,23.07,-94.0,-2.875,-19.0,-0.024,0.003,-0.003,-0.39,0.07,9.46,-0.36,-0.25,-0.37,-0.32,0.16,9.79,0.12,0.0,0.0,0.0,4.7,3.0,1017.17,66.51,-18.11
2025-03-24 17:57:44.875000+00:00,,,,,4.125,-1.875,-0.875,23.07,-94.0,-2.875,-19.0,-0.024,0.003,-0.003,-0.39,0.07,9.46,-0.36,-0.25,-0.37,-0.32,0.16,9.79,0.12,0.0,0.0,0.0,4.7,3.0,1017.17,66.51,-18.11
2025-03-24 17:57:45.568000+00:00,,,,,4.125,-1.875,-0.875,23.07,-94.0,-2.875,-19.0,-0.024,0.003,-0.003,-0.39,0.07,9.46,-0.36,-0.25,-0.37,-0.31,0.16,9.8,0.12,0.0,0.0,0.0,4.7,3.0,1017.17,66.51,-18.11
2025-03-24 17:57:46.579000+00:00,,,,,4.125,-1.875,-0.875,23.07,-94.0,-2.875,-19.0,-0.024,0.003,-0.003,-0.39,0.07,9.46,-0.36,-0.25,-0.37,-0.3,0.15,9.8,0.12,0.0,0.0,0.0,4.7,3.0,1017.17,66.51,-18.11
2025-03-24 17:57:47.605000+00:00,,,,,4.125,-1.875,-0.875,23.07,-94.0,-2.875,-19.0,-0.024,0.003,-0.003,-0.39,0.07,9.46,-0.36,-0.25,-0.37,-0.31,0.14,9.8,0.12,0.0,0.0,0.0,4.7,3.0,1017.17,66.51,-18.11
2025-03-24 17:57:48.594000+00:00,,,,,4.125,-1.875,-0.875,23.07,-94.0,-2.875,-19.0,-0.024,0.003,-0.003,-0.39,0.07,9.46,-0.36,-0.25,-0.37,-0.32,0.14,9.8,0.12,0.0,0.0,0.0,4.7,3.0,1017.17,66.51,-18.11
2025-03-24 17:57:49.629000+00:00,,,,,4.125,-1.875,-0.875,23.07,-94.0,-2.875,-19.0,-0.024,0.003,-0.003,-0.39,0.07,9.46,-0.36,-0.25,-0.37,-0.31,0.13,9.8,0.12,0.0,0.0,0.0,4.7,3.0,1017.17,66.51,-18.11
2025-03-24 17:57:50.622000+00:00,,,,,4.125,-1.875,-0.875,23.07,-94.0,-2.875,-19.0,-0.024,0.003,-0.003,-0.39,0.07,9.46,-0.36,-0.25,-0.37,-0.31,0.15,9.8,0.12,0.0,0.0,0.0,4.7,3.0,1017.17,66.51,-18.11
2025-03-24 17:57:51.807000+00:00,,,,,4.125,-1.875,-0.875,23.07,-94.0,-2.875,-19.0,-0.024,0.003,-0.003,-0.39,0.07,9.46,-0.36,-0.25,-0.37,-0.32,0.15,9.8,0.12,0.0,0.0,0.0,4.7,3.0,1017.17,66.51,-18.11
2025-03-24 17:57:52.908000+00:00,,,,,4.125,-1.875,-0.875,23.07,-94.0,-2.875,-19.0,-0.024,0.003,-0.003,-0.39,0.07,9.46,-0.36,-0.25,-0.37,-0.32,0.17,9.79,0.12,0.0,0.0,0.0,4.7,3.0,1017.17,66.51,-18.11
2025-03-24 17:57:54.131000+00:00,,,,,4.125,-1.875,-0.875,23.07,-94.0,-2.875,-19.0,-0.024,0.003,-0.003,-0.39,0.07,9.46,-0.36,-0.25,-0.37,-0.33,0.14,9.79,0.12,0.0,0.0,0.0,4.7,3.0,1017.17,66.51,-18.11
2025-03-24 17:57:54.813000+00:00,,,,,4.125,-1.875,-0.875,23.07,-94.0,-2.875,-19.0,-0.024,0.003,-0.003,-0.39,0.07,9.46,-0.36,-0.25,-0.37,-0.33,0.12,9.79,0.12,0.0,0.0,0.0,4.7,3.0,1017.17,66.51,-18.11
2025-03-24 17:57:55.797000+00:00,,,,,4.125,-1.875,-0.875,23.07,-94.0,-2.875,-19.0,-0.024,0.003,-0.003,-0.39,0.07,9.46,-0.36,-0.25,-0.37,-0.33,0.13,9.8,0.12,0.0,0.0,0.0,4.7,3.0,1017.17,66.51,-18.11
2025-03-24 17:57:56.823000+00:00,,,,,4.125,-1.875,-0.875,23.07,-94.0,-2.875,-19.0,-0.024,0.003,-0.003,-0.39,0.07,9.46,-0.36,-0.25,-0.37,-0.32,0.13,9.8,0.12,0.0,0.0,0.0,4.7,3.0,1017.17,66.51,-18.11
2025-03-24 17:57:57.796000+00:00,,,,,4.125,-1.875,-0.875,23.07,-94.0,-2.875,-19.0,-0.024,0.003,-0.003,-0.39,0.07,9.46,-0.36,-0.25,-0.37,-0.33,0.13,9.8,0.12,0.0,0.0,0.0,4.7,3.0,1017.17,66.51,-18.11
2025-03-24 17:57:58.801000+00:00,,,,,4.125,-1.875,-0.875,23.07,-94.0,-2.875,-19.0,-0.024,0.003,-0.003,-0.39,0.07,9.46,-0.36,-0.25,-0.37,-0.34,0.13,9.79,0.12,0.0,0.0,0.0,4.7,3.0,1017.17,66.51,-18.11
2025-03-24 17:57:59.815000+00:00,,,,,4.125,-1.875,-0.875,23.07,-94.0,-2.875,-19.0,-0.024,0.003,-0.003,-0.39,0.07,9.46,-0.36,-0.25,-0.37,-0.32,0.15,9.8,0.12,0.0,0.0,0.0,4.7,3.0,1017.17,66.51,-18.11
2025-03-24 17:58:00.795000+00:00,,,,,4.125,-1.875,-0.875,23.07,-94.0,-2.875,-19.0,-0.024,0.003,-0.003,-0.39,0.07,9.46,-0.36,-0.25,-0.37,-0.31,0.15,9.8,0.12,0.0,0.0,0.0,4.7,3.0,1017.17,66.51,-18.11
2025-03-24 17:58:01.805000+00:00,,,,,4.125,-1.875,-0.875,23.07,-94.0,-2.875,-19.0,-0.024,0.003,-0.003,-0.39,0.07,9.46,-0.36,-0.25,-0.37,-0.32,0.15,9.8,0.12,0.0,0.0,0.0,4.7,3.0,1017.17,66.51,-18.11
2025-03-24 17:58:02.856000+00:00,,,,,4.125,-1.875,-0.875,23.07,-94.0,-2.875,-19.0,-0.024,0.003,-0.003,-0.39,0.07,9.46,-0.36,-0.25,-0.37,-0.31,0.14,9.8,0.12,0.0,0.0,0.0,4.7,3.0,1017.17,66.51,-18.11
2025-03-24 17:57:03.607000+00:00,,,,,4.125,-1.875,-0.875,23.07,-94.0,-2.875,-19.0,-0.024,0.003,-0.003,-0.39,0.07,9.46,-0.36,-0.25,-0.37,-0.31,0.14,9.8,0.12,0.0,0.0,0.0,4.7,3.0,1017.17,66.51,-18.11
2025-03-24 17:57:04.270000+00:00,,,,,4.125,-1.875,-0.875,23.07,-94.0,-2.875,-19.0,-0.024,0.003,-0.003,-0.39,0.07,9.46,-0.36,-0.25,-0.37,-0.31,0.14,9.8,0.145,0.0,0.0,0.0,4.7,3.0,1017.17,66.51,-18.11
2025-03-24 17:57:05.286000+00:00,,,,,4.125,-1.875,-0.875,23.07,-94.0,-2.875,-19.0,-0.024,0.003,-0.003,-0.39,0.07,9.46,-0.36,-0.25,-0.37,-0.31,0.14,9.8,0.0,0.0,0.0,0.0,4.7,3.0,1017.17,66.51,-18.11
2025-03-24 17:57:06.300000+00:00,,,,,4.125,-1.875,-0.875,23.07,-94.0,-2.875,-19.0,-0.024,0.003,-0.003,-0.39,0.07,9.46,-0.36,-0.25,-0.37,-0.31,0.14,9.8,0.04125,0.0,0.0,0.0,4.7,3.0,1017.17,66.51,-18.11
2025-03-24 17:57:07.381000+00:00,,,,,4.125,-1.875,-0.875,23.07,-94.0,-2.875,-19.0,-0.024,0.003,-0.003,-0.39,0.07,9.46,-0.36,-0.25,-0.37,-0.31,0.14,9.8,0.02875,0.0,0.0,0.0,4.7,3.0,1017.17,66.51,-18.11
2025-03-24 17:57:08.350000+00:00,,,,,4.125,-1.875,-0.875,23.07,-94.0,-2.875,-19.0,-0.024,0.003,-0.003,-0.39,0.07,9.46,-0.36,-0.25,-0.37,-0.31,0.14,9.8,0.06875,0.0,0.0,0.0,4.7,3.0,1017.17,66.51,-18.11
2025-03-24 17:57:09.605000+00:00,,,,,4.125,-1.875,-0.875,23.07,-94.0,-2.875,-19.0,-0.024,0.003,-0.003,-0.39,0.07,9.46,-0.36,-0.25,-0.37,-0.31,0.14,9.8,0.11,0.0,0.0,0.0,4.7,3.0,1017.17,66.51,-18.11
2025-03-24 17:57:10.650000+00:00,,,,,4.125,-1.875,-0.875,23.07,-94.0,-2.875,-19.0,-0.024,0.003,-0.003,-0.39,0.07,9.46,-0.36,-0.25,-0.37,-0.31,0.14,9.8,0.165,0.0,0.0,0.0,4.7,3.0,1017.17,66.51,-18.11
2025-03-24 17:57:11.359000+00:00,,,,,4.125,-1.875,-0.875,23.07,-94.0,-2.875,-19.0,-0.024,0.003,-0.003,-0.39,0.07,9.46,-0.36,-0.25,-0.37,-0.31,0.14,9.8,0.1575,0.0,0.0,0.0,4.7,3.0,1017.17,66.51,-18.11
2025-03-24 17:57:12.370000+00:00,,,,,4.125,-1.875,-0.875,23.07,-94.0,-2.875,-19.0,-0.024,0.003,-0.003,-0.39,0.07,9.46,-0.36,-0.25,-0.37,-0.31,0.14,9.8,0.12625,0.0,0.0,0.0,4.7,3.0,1017.17,66.51,-18.11
2025-03-24 17:57:13.350000+00:00,,,,,4.125,-1.875,-0.875,23.07,-94.0,-2.875,-19.0,-0.024,0.003,-0.003,-0.39,0.07,9.46,-0.36,-0.25,-0.37,-0.31,0.14,9.8,0.0,0.0,0.0,0.0,4.7,3.0,1017.17,66.51,-18.11
2025-03-24 17:57:14.379000+00:00,,,,,4.125,-1.875,-0.875,23.07,-94.0,-2.875,-19.0,-0.024,0.003,-0.003,-0.39,0.07,9.46,-0.36,-0.25,-0.37,-0.31,0.14,9.8,0.0,0.0,0.0,0.0,4.7,3.0,1017.17,66.51,-18.11
2025-03-24 17:57:15.482000+00:00,,,,,4.125,-1.875,-0.875,23.07,-94.0,-2.875,-19.0,-0.024,0.003,-0.003,-0.39,0.07,9.46,-0.36,-0.25,-0.37,-0.31,0.14,9.8,0.05,0.0,0.0,0.0,4.7,3.0,1017.17,66.51,-18.11
2025-03-24 17:57:16.516000+00:00,,,,,4.125,-1.875,-0.875,23.07,-94.0,-2.875,-19.0,-0.024,0.003,-0.003,-0.39,0.07,9.46,-0.36,-0.25,-0.37,-0.31,0.14,9.8,0.11375,0.0,0.0,0.0,4.7,3.0,1017.17,66.51,-18.11
2025-03-24 17:57:17.764000+00:00,,,,,4.125,-1.875,-0.875,23.07,-94.0,-2.875,-19.0,-0.024,0.003,-0.003,-0.39,0.07,9.46,-0.36,-0.25,-0.37,-0.31,0.14,9.8,0.08625000000000001,0.0,0.0,0.0,4.7,3.0,1017.17,66.51,-18.11
2025-03-24 17:57:18.740000+00:00,,,,,4.125,-1.875,-0.875,23.07,-94.0,-2.875,-19.0,-0.024,0.003,-0.003,-0.39,0.07,9.46,-0.36,-0.25,-0.37,-0.31,0.14,9.8,0.1325,0.0,0.0,0.0,4.7,3.0,1017.17,66.51,-18.11
2025-03-24 17:57:19.755000+00:00,,,,,4.125,-1.875,-0.875,23.07,-94.0,-2.875,-19.0,-0.024,0.003,-0.003,-0.39,0.07,9.46,-0.36,-0.25,-0.37,-0.31,0.14,9.8,0.13375,0.0,0.0,0.0,4.7,3.0,1017.17,66.51,-18.11
2025-03-24 17:57:20.419000+00:00,,,,,4.125,-1.875,-0.875,23.07,-94.0,-2.875,-19.0,-0.024,0.003,-0.003,-0.39,0.07,9.46,-0.36,-0.25,-0.37,-0.31,0.14,9.8,0.145,0.0,0.0,0.0,4.7,3.0,1017.17,66.51,-18.11
2025-03-24 17:57:21.443000+00:00,,,,,4.125,-1.875,-0.875,23.07,-94.0,-2.875,-19.0,-0.024,0.003,-0.003,-0.39,0.07,9.46,-0.36,-0.25,-0.37,-0.31,0.14,9.8,0.18875,0.0,0.0,0.0,4.7,3.0,1017.17,66.51,-18.11
2025-03-24 17:57:22.435000+00:00,,,,,4.125,-1.875,-0.875,23.07,-94.0,-2.875,-19.0,-0.024,0.003,-0.003,-0.39,0.07,9.46,-0.36,-0.25,-0.37,-0.31,0.14,9.8,0.08125,0.0,0.0,0.0,4.7,3.0,1017.17,66.51,-18.11
2025-03-24 17:57:23.445000+00:00,,,,,4.125,-1.875,-0.875,23.07,-94.0,-2.875,-19.0,-0.024,0.003,-0.003,-0.39,0.07,9.46,-0.36,-0.25,-0.37,-0.31,0.14,9.8,0.08750000000000001,0.0,0.0,0.0,4.7,3.0,1017.17,66.51,-18.11
2025-03-24 17:57:24.429000+00:00,,,,,4.125,-1.875,-0.875,23.07,-94.0,-2.875,-19.0,-0.024,0.003,-0.003,-0.39,0.07,9.46,-0.36,-0.25,-0.37,-0.31,0.14,9.8,0.13875,0.0,0.0,0.0,4.7,3.0,1017.17,66.51,-18.11
2025-03-24 17:57:25.485000+00:00,,,,,4.125,-1.875,-0.875,23.07,-94.0,-2.875,-19.0,-0.024,0.003,-0.003,-0.39,0.07,9.46,-0.36,-0.25,-0.37,-0.31,0.14,9.8,0.16625,0.0,0.0,0.0,4.7,3.0,1017.17,66.51,-18.11
2025-03-24 17:57:26.459000+00:00,,,,,4.125,-1.875,-0.875,23.07,-94.0,-2.875,-19.0,-0.024,0.003,-0.003,-0.39,0.07,9.46,-0.36,-0.25,-0.37,-0.31,0.14,9.8,0.14875,0.0,0.0,0.0,4.7,3.0,1017.17,66.51,-18.11
2025-03-24 17:57:27.529000+00:00,,,,,4.125,-1.875,-0.875,23.07,-94.0,-2.875,-19.0,-0.024,0.003,-0.003,-0.39,0.07,9.46,-0.36,-0.25,-0.37,-0.31,0.14,9.8,0.0,0.0,0.0,0.0,4.7,3.0,1017.17,66.51,-18.11
2025-03-24 17:57:28.629000+00:00,,,,,4.125,-1.875,-0.875,23.07,-94.0,-2.875,-19.0,-0.024,0.003,-0.003,-0.39,0.07,9.46,-0.36,-0.25,-0.37,-0.31,0.14,9.8,0.01875,0.0,0.0,0.0,4.7,3.0,1017.17,66.51,-18.11
2025-03-24 17:57:29.825000+00:00,,,,,4.125,-1.875,-0.875,23.07,-94.0,-2.875,-19.0,-0.024,0.003,-0.003,-0.39,0.07,9.46,-0.36,-0.25,-0.37,-0.31,0.14,9.8,0.08,0.0,0.0,0.0,4.7,3.0,1017.17,66.51,-18.11
2025-03-24 17:57:30.843000+00:00,,,,,4.125,-1.875,-0.875,23.07,-94.0,-2.875,-19.0,-0.024,0.003,-0.003,-0.39,0.07,9.46,-0.36,-0.25,-0.37,-0.31,0.14,9.8,0.10125,0.0,0.0,0.0,4.7,3.0,1017.17,66.51,-18.11
2025-03-24 17:57:31.525000+00:00,,,,,4.125,-1.875,-0.875,23.07,-94.0,-2.875,-19.0,-0.024,0.003,-0.003,-0.39,0.07,9.46,-0.36,-0.25,-0.37,-0.31,0.14,9.8,0.12125,0.0,0.0,0.0,4.7,3.0,1017.17,66.51,-18.11
2025-03-24 17:57:32.559000+00:00,,,,,4.125,-1.875,-0.875,23.07,-94.0,-2.875,-19.0,-0.024,0.003,-0.003,-0.39,0.07,9.46,-0.36,-0.25,-0.37,-0.31,0.14,9.8,0.14625,0.0,0.0,0.0,4.7,3.0,1017.17,66.51,-18.11
2025-03-24 17:57:33.559000+00:00,,,,,4.125,-1.875,-0.875,23.07,-94.0,-2.875,-19.0,-0.024,0.003,-0.003,-0.39,0.07,9.46,-0.36,-0.25,-0.37,-0.31,0.14,9.8,0.12375,0.0,0.0,0.0,4.7,3.0,1017.17,66.51,-18.11
2025-03-24 17:57:34.545000+00:00,,,,,4.125,-1.875,-0.875,23.07,-94.0,-2.875,-19.0,-0.024,0.003,-0.003,-0.39,0.07,9.46,-0.36,-0.25,-0.37,-0.31,0.14,9.8,0.1625,0.0,0.0,0.0,4.7,3.0,1017.17,66.51,-18.11
2025-03-24 17:57:35.548000+00:00,,,,,4.125,-1.875,-0.875,23.07,-94.0,-2.875,-19.0,-0.024,0.003,-0.003,-0.39,0.07,9.46,-0.36,-0.25,-0.37,-0.31,0.14,9.8,0.00125,0.0,0.0,0.0,4.7,3.0,1017.17,66.51,-18.11
2025-03-24 17:57:36.609000+00:00,,,,,4.125,-1.875,-0.875,23.07,-94.0,-2.875,-19.0,-0.024,0.003,-0.003,-0.39,0.07,9.46,-0.36,-0.25,-0.37,-0.31,0.14,9.8,0.025,0.0,0.0,0.0,4.7,3.0,1017.17,66.51,-18.11
2025-03-24 17:57:37.805000+00:00,,,,,4.125,-1.875,-0.875,23.07,-94.0,-2.875,-19.0,-0.024,0.003,-0.003,-0.39,0.07,9.46,-0.36,-0.25,-0.37,-0.31,0.14,9.8,0.0,0.0,0.0,0.0,4.7,3.0,1017.17,66.51,-18.11
2025-03-24 17:57:38.965000+00:00,,,,,4.125,-1.875,-0.875,23.07,-94.0,-2.875,-19.0,-0.024,0.003,-0.003,-0.39,0.07,9.46,-0.36,-0.25,-0.37,-0.31,0.14,9.8,0.0,0.0,0.0,0.0,4.7,3.0,1017.17,66.51,-18.11
2025-03-24 17:57:39.602000+00:00,,,,,4.125,-1.875,-0.875,23.07,-94.0,-2.875,-19.0,-0.024,0.003,-0.003,-0.39,0.07,9.46,-0.36,-0.25,-0.37,-0.31,0.14,9.8,0.02625,0.0,0.0,0.0,4.7,3.0,1017.17,66.51,-18.11
2025-03-24 17:57:40.631000+00:00,,,,,4.125,-1.875,-0.875,23.07,-94.0,-2.875,-19.0,-0.024,0.003,-0.003,-0.39,0.07,9.46,-0.36,-0.25,-0.37,-0.31,0.14,9.8,0.05625,0.0,0.0,0.0,4.7,3.0,1017.17,66.51,-18.11
2025-03-24 17:57:41.608000+00:00,,,,,4.125,-1.875,-0.875,23.07,-94.0,-2.875,-19.0,-0.024,0.003,-0.003,-0.39,0.07,9.46,-0.36,-0.25,-0.37,-0.31,0.14,9.8,0.0725,0.0,0.0,0.0,4.7,3.0,1017.17,66.51,-18.11
2025-03-24 17:57:42.735000+00:00,,,,,4.125,-1.875,-0.875,23.07,-94.0,-2.875,-19.0,-0.024,0.003,-0.003,-0.39,0.07,9.46,-0.36,-0.25,-0.37,-0.31,0.14,9.8,0.08,0.0,0.0,0.0,4.7,3.0,1017.17,66.51,-18.11
2025-03-24 17:57:43.878000+00:00,,,,,4.125,-1.875,-0.875,23.07,-94.0,-2.875,-19.0,-0.024,0.003,-0.003,-0.39,0.07,9.46,-0.36,-0.25,-0.37,-0.31,0.14,9.8,0.08750000000000001,0.0,0.0,0.0,4.7,3.0,1017.17,66.51,-18.11
2025-03-24 17:57:44.994000+00:00,,,,,4.125,-1.875,-0.875,23.07,-94.0,-2.875,-19.0,-0.024,0.003,-0.003,-0.39,0.07,9.46,-0.36,-0.25,-0.37,-0.31,0.14,9.8,0.16375,0.0,0.0,0.0,4.7,3.0,1017.17,66.51,-18.11
2025-03-24 17:57:45.678000+00:00,,,,,4.125,-1.875,-0.875,23.07,-94.0,-2.875,-19.0,-0.024,0.003,-0.003,-0.39,0.07,9.46,-0.36,-0.25,-0.37,-0.31,0.14,9.8,0.1825,0.0,0.0,0.0,4.7,3.0,1017.17,66.51,-18.11
2025-03-24 17:57:46.687000+00:00,,,,,4.125,-1.875,-0.875,23.07,-94.0,-2.875,-19.0,-0.024,0.003,-0.003,-0.39,0.07,9.46,-0.36,-0.25,-0.37,-0.31,0.14,9.8,0.11875000000000001,0.0,0.0,0.0,4.7,3.0,1017.17,66.51,-18.11
2025-03-24 17:57:47.707000+00:00,,,,,4.125,-1.875,-0.875,23.07,-94.0,-2.875,-19.0,-0.024,0.003,-0.003,-0.39,0.07,9.46,-0.36,-0.25,-0.37,-0.31,0.14,9.8,0.0,0.0,0.0,0.0,4.7,3.0,1017.17,66.51,-18.11
2025-03-24 17:57:48.697000+00:00,,,,,4.125,-1.875,-0.875,23.07,-94.0,-2.875,-19.0,-0.024,0.003,-0.003,-0.39,0.07,9.46,-0.36,-0.25,-0.37,-0.31,0.14,9.8,0.0,0.0,0.0,0.0,4.7,3.0,1017.17,66.51,-18.11
2025-03-24 17:57:49.727000+00:00,,,,,4.125,-1.875,-0.875,23.07,-94.0,-2.875,-19.0,-0.024,0.003,-0.003,-0.39,0.07,9.46,-0.36,-0.25,-0.37,-0.31,0.14,9.8,0.1375,0.0,0.0,0.0,4.7,3.0,1017.17,66.51,-18.11
2025-03-24 17:57:50.718000+00:00,,,,,4.125,-1.875,-0.875,23.07,-94.0,-2.875,-19.0,-0.024,0.003,-0.003,-0.39,0.07,9.46,-0.36,-0.25,-0.37,-0.31,0.14,9.8,0.18,0.0,0.0,0.0,4.7,3.0,1017.17,66.51,-18.11
2025-03-24 17:57:51.698000+00:00,,,,,4.125,-1.875,-0.875,23.07,-94.0,-2.875,-19.0,-0.024,0.003,-0.003,-0.39,0.07,9.46,-0.36,-0.25,-0.37,-0.31,0.14,9.8,0.1875,0.0,0.0,0.0,4.7,3.0,1017.17,66.51,-18.11
2025-03-24 17:57:52.640000+00:00,,,,,4.125,-1.875,-0.875,23.07,-94.0,-2.875,-19.0,-0.024,0.003,-0.003,-0.39,0.07,9.46,-0.36,-0.25,-0.37,-0.31,0.14,9.8,0.12125,0.0,0.0,0.0,4.7,3.0,1017.17,66.51,-18.11
2025-03-24 17:57:53.669000+00:00,,,,,4.125,-1.875,-0.875,23.07,-94.0,-2.875,-19.0,-0.024,0.003,-0.003,-0.39,0.07,9.46,-0.36,-0.25,-0.37,-0.31,0.14,9.8,0.1075,0.0,0.0,0.0,4.7,3.0,1017.17,66.51,-18.11
2025-03-24 17:57:54.380000+00:00,,,,,4.125,-1.875,-0.875,23.07,-94.0,-2.875,-19.0,-0.024,0.003,-0.003,-0.39,0.07,9.46,-0.36,-0.25,-0.37,-0.31,0.14,9.8,0.1375,0.0,0.0,0.0,4.7,3.0,1017.17,66.51,-18.11
2025-03-24 17:57:55.378000+00:00,,,,,4.125,-1.875,-0.875,23.07,-94.0,-2.875,-19.0,-0.024,0.003,-0.003,-0.39,0.07,9.46,-0.36,-0.25,-0.37,-0.31,0.14,9.8,0.145,0.0,0.0,0.0,4.7,3.0,1017.17,66.51,-18.11
2025-03-24 17:57:56.389000+00:00,,,,,4.125,-1.875,-0.875,23.07,-94.0,-2.875,-19.0,-0.024,0.003,-0.003,-0.39,0.07,9.46,-0.36,-0.25,-0.37,-0.31,0.14,9.8,0.14875,0.0,0.0,0.0,4.7,3.0,1017.17,66.51,-18.11
2025-03-24 17:57:57.395000+00:00,,,,,4.125,-1.875,-0.875,23.07,-94.0,-2.875,-19.0,-0.024,0.003,-0.003,-0.39,0.07,9.46,-0.36,-0.25,-0.37,-0.31,0.14,9.8,0.135,0.0,0.0,0.0,4.7,3.0,1017.17,66.51,-18.11
2025-03-24 17:57:58.390000+00:00,,,,,4.125,-1.875,-0.875,23.07,-94.0,-2.875,-19.0,-0.024,0.003,-0.003,-0.39,0.07,9.46,-0.36,-0.25,-0.37,-0.31,0.14,9.8,0.1375,0.0,0.0,0.0,4.7,3.0,1017.17,66.51,-18.11
2025-03-24 17:57:59.400000+00:00,,,,,4.125,-1.875,-0.875,23.07,-94.0,-2.875,-19.0,-0.024,0.003,-0.003,-0.39,0.07,9.46,-0.36,-0.25,-0.37,-0.31,0.14,9.8,0.14,0.0,0.0,0.0,4.7,3.0,1017.17,66.51,-18.11
2025-03-24 17:58:00.397000+00:00,,,,,4.125,-1.875,-0.875,23.07,-94.0,-2.875,-19.0,-0.024,0.003,-0.003,-0.39,0.07,9.46,-0.36,-0.25,-0.37,-0.31,0.14,9.8,0.16,0.0,0.0,0.0,4.7,3.0,1017.17,66.51,-18.11
2025-03-24 17:58:01.407000+00:00,,,,,4.125,-1.875,-0.875,23.07,-94.0,-2.875,-19.0,-0.024,0.003,-0.003,-0.39,0.07,9.46,-0.36,-0.25,-0.37,-0.31,0.14,9.8,0.0125,0.0,0.0,0.0,4.7,3.0,1017.17,66.51,-18.11
2025-03-24 17:58:02.415000+00:00,,,,,4.125,-1.875,-0.875,23.07,-94.0,-2.875,-19.0,-0.024,0.003,-0.003,-0.39,0.07,9.46,-0.36,-0.25,-0.37,-0.31,0.14,9.8,0.155,0.0,0.0,0.0,4.7,3.0,1017.17,66.51,-18.11
2025-03-24 17:57:03.550000+00:00,,,,,4.125,-1.875,-0.875,23.07,-94.0,-2.875,-19.0,-0.024,0.003,-0.003,-0.39,0.07,9.46,-0.36,-0.25,-0.37,-0.31,0.14,9.8,0.155,0.0,0.0,0.0,4.7,3.0,1017.17,66.51,-18.11
2025-03-24 17:57:04.221000+00:00,,,,,4.125,-1.875,-0.875,23.07,-94.0,-2.875,-19.0,-0.024,0.003,-0.003,-0.39,0.07,9.46,-0.36,-0.25,-0.37,-0.31,0.14,9.8,0.155,0.0,0.0,0.0,4.7,3.0,1017.17,66.51,-18.11
2025-03-24 17:57:05.221000+00:00,,,,,4.125,-1.875,-0.875,23.07,-94.0,-2.875,-19.0,-0.024,0.003,-0.003,-0.39,0.07,9.46,-0.36,-0.25,-0.37,-0.31,0.14,9.8,0.155,0.0,0.0,0.0,4.7,3.0,1017.17,66.51,-18.11
2025-03-24 17:57:06.248000+00:00,,,,,4.125,-1.875,-0.875,23.07,-94.0,-2.875,-19.0,-0.024,0.003,-0.003,-0.39,0.07,9.46,-0.36,-0.25,-0.37,-0.31,0.14,9.8,0.155,0.0,0.0,0.0,4.7,3.0,1017.17,66.51,-18.11
2025-03-24 17:57:07.330000+00:00,,,,,4.125,-1.875,-0.875,23.07,-94.0,-2.875,-19.0,-0.024,0.003,-0.003,-0.39,0.07,9.46,-0.36,-0.25,-0.37,-0.31,0.14,9.8,0.155,0.0,0.0,0.0,4.7,3.0,1017.17,66.51,-18.11
2025-03-24 17:57:08.301000+00:00,,,,,4.125,-1.875,-0.875,23.07,-94.0,-2.875,-19.0,-0.024,0.003,-0.003,-0.39,0.07,9.46,-0.36,-0.25,-0.37,-0.31,0.14,9.8,0.155,-1.25,0.0,0.0,4.7,3.0,1017.17,66.51,-18.11
2025-03-24 17:57:09.550000+00:00,,,,,4.125,-1.875,-0.875,23.07,-94.0,-2.875,-19.0,-0.024,0.003,-0.003,-0.39,0.07,9.46,-0.36,-0.25,-0.37,-0.31,0.14,9.8,0.155,0.0,0.0,0.0,4.7,3.0,1017.17,66.51,-18.11
2025-03-24 17:57:10.591000+00:00,,,,,4.125,-1.875,-0.875,23.07,-94.0,-2.875,-19.0,-0.024,0.003,-0.003,-0.39,0.07,9.46,-0.36,-0.25,-0.37,-0.31,0.14,9.8,0.155,-1.25,0.0,0.0,4.7,3.0,1017.17,66.51,-18.11
2025-03-24 17:57:11.299000+00:00,,,,,4.125,-1.875,-0.875,23.07,-94.0,-2.875,-19.0,-0.024,0.003,-0.003,-0.39,0.07,9.46,-0.36,-0.25,-0.37,-0.31,0.14,9.8,0.155,0.0,0.0,0.0,4.7,3.0,1017.17,66.51,-18.11
2025-03-24 17:57:12.320000+00:00,,,,,4.125,-1.875,-0.875,23.07,-94.0,-2.875,-19.0,-0.024,0.003,-0.003,-0.39,0.07,9.46,-0.36,-0.25,-0.37,-0.31,0.14,9.8,0.155,1.25,0.0,0.0,4.7,3.0,1017.17,66.51,-18.11
2025-03-24 17:57:13.290000+00:00,,,,,4.125,-1.875,-0.875,23.07,-94.0,-2.875,-19.0,-0.024,0.003,-0.003,-0.39,0.07,9.46,-0.36,-0.25,-0.37,-0.31,0.14,9.8,0.155,1.25,0.0,0.0,4.7,3.0,1017.17,66.51,-18.11
2025-03-24 17:57:14.327000+00:00,,,,,4.125,-1.875,-0.875,23.07,-94.0,-2.875,-19.0,-0.024,0.003,-0.003,-0.39,0.07,9.46,-0.36,-0.25,-0.37,-0.31,0.14,9.8,0.155,0.0,0.0,0.0,4.7,3.0,1017.17,66.51,-18.11
2025-03-24 17:57:15.427000+00:00,,,,,4.125,-1.875,-0.875,23.07,-94.0,-2.875,-19.0,-0.024,0.003,-0.003,-0.39,0.07,9.46,-0.36,-0.25,-0.37,-0.31,0.14,9.8,0.155,0.0,0.0,0.0,4.7,3.0,1017.17,66.51,-18.11
2025-03-24 17:57:16.460000+00:00,,,,,4.125,-1.875,-0.875,23.07,-94.0,-2.875,-19.0,-0.024,0.003,-0.003,-0.39,0.07,9.46,-0.36,-0.25,-0.37,-0.31,0.14,9.8,0.155,1.25,0.0,0.0,4.7,3.0,1017.17,66.51,-18.11
2025-03-24 17:57:17.707000+00:00,,,,,4.125,-1.875,-0.875,23.07,-94.0,-2.875,-19.0,-0.024,0.003,-0.003,-0.39,0.07,9.46,-0.36,-0.25,-0.37,-0.31,0.14,9.8,0.155,0.0,0.0,0.0,4.7,3.0,1017.17,66.51,-18.11
2025-03-24 17:57:18.690000+00:00,,,,,4.125,-1.875,-0.875,23.07,-94.0,-2.875,-19.0,-0.024,0.003,-0.003,-0.39,0.07,9.46,-0.36,-0.25,-0.37,-0.31,0.14,9.8,0.155,-1.25,0.0,0.0,4.7,3.0,1017.17,66.51,-18.11
2025-03-24 17:57:19.690000+00:00,,,,,4.125,-1.875,-0.875,23.07,-94.0,-2.875,-19.0,-0.024,0.003,-0.003,-0.39,0.07,9.46,-0.36,-0.25,-0.37,-0.31,0.14,9.8,0.155,0.0,0.0,0.0,4.7,3.0,1017.17,66.51,-18.11
2025-03-24 17:57:20.370000+00:00,,,,,4.125,-1.875,-0.875,23.07,-94.0,-2.875,-19.0,-0.024,0.003,-0.003,-0.39,0.07,9.46,-0.36,-0.25,-0.37,-0.31,0.14,9.8,0.155,0.0,0.0,0.0,4.7,3.0,1017.17,66.51,-18.11
2025-03-24 17:57:21.379000+00:00,,,,,4.125,-1.875,-0.875,23.07,-94.0,-2.875,-19.0,-0.024,0.003,-0.003,-0.39,0.07,9.46,-0.36,-0.25,-0.37,-0.31,0.14,9.8,0.155,0.0,0.0,0.0,4.7,3.0,1017.17,66.51,-18.11
2025-03-24 17:57:22.376000+00:00,,,,,4.125,-1.875,-0.875,23.07,-94.0,-2.875,-19.0,-0.024,0.003,-0.003,-0.39,0.07,9.46,-0.36,-0.25,-0.37,-0.31,0.14,9.8,0.155,0.0,0.0,0.0,4.7,3.0,1017.17,66.51,-18.11
2025-03-24 17:57:23.392000+00:00,,,,,4.125,-1.875,-0.875,23.07,-94.0,-2.875,-19.0,-0.024,0.003,-0.003,-0.39,0.07,9.46,-0.36,-0.25,-0.37,-0.31,0.14,9.8,0.155,0.0,0.0,0.0,4.7,3.0,1017.17,66.51,-18.11
2025-03-24 17:57:24.381000+00:00,,,,,4.125,-1.875,-0.875,23.07,-94.0,-2.875,-19.0,-0.024,0.003,-0.003,-0.39,0.07,9.46,-0.36,-0.25,-0.37,-0.31,0.14,9.8,0.155,0.0,0.0,0.0,4.7,3.0,1017.17,66.51,-18.11
2025-03-24 17:57:25.431000+00:00,,,,,4.125,-1.875,-0.875,23.07,-94.0,-2.875,-19.0,-0.024,0.003,-0.003,-0.39,0.07,9.46,-0.36,-0.25,-0.37,-0.31,0.14,9.8,0.155,-1.25,0.0,0.0,4.7,3.0,1017.17,66.51,-18.11
2025-03-24 17:57:26.410000+00:00,,,,,4.125,-1.875,-0.875,23.07,-94.0,-2.875,-19.0,-0.024,0.003,-0.003,-0.39,0.07,9.46,-0.36,-0.25,-0.37,-0.31,0.14,9.8,0.155,1.25,0.0,0.0,4.7,3.0,1017.17,66.51,-18.11
2025-03-24 17:57:27.482000+00:00,,,,,4.125,-1.875,-0.875,23.07,-94.0,-2.875,-19.0,-0.024,0.003,-0.003,-0.39,0.07,9.46,-0.36,-0.25,-0.37,-0.31,0.14,9.8,0.155,0.0,0.0,0.0,4.7,3.0,1017.17,66.51,-18.11
2025-03-24 17:57:28.584000+00:00,,,,,4.125,-1.875,-0.875,23.07,-94.0,-2.875,-19.0,-0.024,0.003,-0.003,-0.39,0.07,9.46,-0.36,-0.25,-0.37,-0.31,0.14,9.8,0.155,2.5,0.0,0.0,4.7,3.0,1017.17,66.51,-18.11
2025-03-24 17:57:29.767000+00:00,,,,,4.125,-1.875,-0.875,23.07,-94.0,-2.875,-19.0,-0.024,0.003,-0.003,-0.39,0.07,9.46,-0.36,-0.25,-0.37,-0.31,0.14,9.8,0.155,-1.25,0.0,0.0,4.7,3.0,1017.17,66.51,-18.11
2025-03-24 17:57:30.791000+00:00,,,,,4.125,-1.875,-0.875,23.07,-94.0,-2.875,-19.0,-0.024,0.003,-0.003,-0.39,0.07,9.46,-0.36,-0.25,-0.37,-0.31,0.14,9.8,0.155,-1.25,0.0,0.0,4.7,3.0,1017.17,66.51,-18.11
2025-03-24 17:57:31.468000+00:00,,,,,4.125,-1.875,-0.875,23.07,-94.0,-2.875,-19.0,-0.024,0.003,-0.003,-0.39,0.07,9.46,-0.36,-0.25,-0.37,-0.31,0.14,9.8,0.155,0.0,0.0,0.0,4.7,3.0,1017.17,66.51,-18.11
2025-03-24 17:57:32.506000+00:00,,,,,4.125,-1.875,-0.875,23.07,-94.0,-2.875,-19.0,-0.024,0.003,-0.003,-0.39,0.07,9.46,-0.36,-0.25,-0.37,-0.31,0.14,9.8,0.155,1.25,0.0,0.0,4.7,3.0,1017.17,66.51,-18.11
2025-03-24 17:57:33.512000+00:00,,,,,4.125,-1.875,-0.875,23.07,-94.0,-2.875,-19.0,-0.024,0.003,-0.003,-0.39,0.07,9.46,-0.36,-0.25,-0.37,-0.31,0.14,9.8,0.155,0.0,0.0,0.0,4.7,3.0,1017.17,66.51,-18.11
2025-03-24 17:57:34.486000+00:00,,,,,4.125,-1.875,-0.875,23.07,-94.0,-2.875,-19.0,-0.024,0.003,-0.003,-0.39,0.07,9.46,-0.36,-0.25,-0.37,-0.31,0.14,9.8,0.155,-1.25,0.0,0.0,4.7,3.0,1017.17,66.51,-18.11
2025-03-24 17:57:35.498000+00:00,,,,,4.125,-1.875,-0.875,23.07,-94.0,-2.875,-19.0,-0.024,0.003,-0.003,-0.39,0.07,9.46,-0.36,-0.25,-0.37,-0.31,0.14,9.8,0.155,0.0,0.0,0.0,4.7,3.0,1017.17,66.51,-18.11
2025-03-24 17:57:36.561000+00:00,,,,,4.125,-1.875,-0.875,23.07,-94.0,-2.875,-19.0,-0.024,0.003,-0.003,-0.39,0.07,9.46,-0.36,-0.25,-0.37,-0.31,0.14,9.8,0.155,-1.25,0.0,0.0,4.7,3.0,1017.17,66.51,-18.11
2025-03-24 17:57:37.750000+00:00,,,,,4.125,-1.875,-0.875,23.07,-94.0,-2.875,-19.0,-0.024,0.003,-0.003,-0.39,0.07,9.46,-0.36,-0.25,-0.37,-0.31,0.14,9.8,0.155,0.0,0.0,0.0,4.7,3.0,1017.17,66.51,-18.11
2025-03-24 17:57:38.904000+00:00,,,,,4.125,-1.875,-0.875,23.07,-94.0,-2.875,-19.0,-0.024,0.003,-0.003,-0.39,0.07,9.46,-0.36,-0.25,-0.37,-0.31,0.14,9.8,0.155,1.25,0.0,0.0,4.7,3.0,1017.17,66.51,-18.11
2025-03-24 17:57:39.548000+00:00,,,,,4.125,-1.875,-0.875,23.07,-94.0,-2.875,-19.0,-0.024,0.003,-0.003,-0.39,0.07,9.46,-0.36,-0.25,-0.37,-0.31,0.14,9.8,0.155,0.0,0.0,0.0,4.7,3.0,1017.17,66.51,-18.11
2025-03-24 17:57:40.575000+00:00,,,,,4.125,-1.875,-0.875,23.07,-94.0,-2.875,-19.0,-0.024,0.003,-0.003,-0.39,0.07,9.46,-0.36,-0.25,-0.37,-0.31,0.14,9.8,0.155,0.0,0.0,0.0,4.7,3.0,1017.17,66.51,-18.11
2025-03-24 17:57:41.557000+00:00,,,,,4.125,-1.875,-0.875,23.07,-94.0,-2.875,-19.0,-0.024,0.003,-0.003,-0.39,0.07,9.46,-0.36,-0.25,-0.37,-0.31,0.14,9.8,0.155,0.0,0.0,0.0,4.7,3.0,1017.17,66.51,-18.11
2025-03-24 17:57:42.680000+00:00,,,,,4.125,-1.875,-0.875,23.07,-94.0,-2.875,-19.0,-0.024,0.003,-0.003,-0.39,0.07,9.46,-0.36,-0.25,-0.37,-0.31,0.14,9.8,0.155,-1.25,0.0,0.0,4.7,3.0,1017.17,66.51,-18.11
2025-03-24 17:57:43.828000+00:00,,,,,4.125,-1.875,-0.875,23.07,-94.0,-2.875,-19.0,-0.024,0.003,-0.003,-0.39,0.07,9.46,-0.36,-0.25,-0.37,-0.31,0.14,9.8,0.155,0.0,0.0,0.0,4.7,3.0,1017.17,66.51,-18.11
2025-03-24 17:57:44.935000+00:00,,,,,4.125,-1.875,-0.875,23.07,-94.0,-2.875,-19.0,-0.024,0.003,-0.003,-0.39,0.07,9.46,-0.36,-0.25,-0.37,-0.31,0.14,9.8,0.155,-1.25,0.0,0.0,4.7,3.0,1017.17,66.51,-18.11
2025-03-24 17:57:45.624000+00:00,,,,,4.125,-1.875,-0.875,23.07,-94.0,-2.875,-19.0,-0.024,0.003,-0.003,-0.39,0.07,9.46,-0.36,-0.25,-0.37,-0.31,0.14,9.8,0.155,0.0,0.0,0.0,4.7,3.0,1017.17,66.51,-18.11
2025-03-24 17:57:46.628000+00:00,,,,,4.125,-1.875,-0.875,23.07,-94.0,-2.875,-19.0,-0.024,0.003,-0.003,-0.39,0.07,9.46,-0.36,-0.25,-0.37,-0.31,0.14,9.8,0.155,0.0,0.0,0.0,4.7,3.0,1017.17,66.51,-18.11
2025-03-24 17:57:47.658000+00:00,,,,,4.125,-1.875,-0.875,23.07,-94.0,-2.875,-19.0,-0.024,0.003,-0.003,-0.39,0.07,9.46,-0.36,-0.25,-0.37,-0.31,0.14,9.8,0.155,0.0,0.0,0.0,4.7,3.0,1017.17,66.51,-18.11
2025-03-24 17:57:48.651000+00:00,,,,,4.125,-1.875,-0.875,23.07,-94.0,-2.875,-19.0,-0.024,0.003,-0.003,-0.39,0.07,9.46,-0.36,-0.25,-0.37,-0.31,0.14,9.8,0.155,-1.25,0.0,0.0,4.7,3.0,1017.17,66.51,-18.11
2025-03-24 17:57:49.678000+00:00,,,,,4.125,-1.875,-0.875,23.07,-94.0,-2.875,-19.0,-0.024,0.003,-0.003,-0.39,0.07,9.46,-0.36,-0.25,-0.37,-0.31,0.14,9.8,0.155,1.25,0.0,0.0,4.7,3.0,1017.17,66.51,-18.11
2025-03-24 17:57:50.668000+00:00,,,,,4.125,-1.875,-0.875,23.07,-94.0,-2.875,-19.0,-0.024,0.003,-0.003,-0.39,0.07,9.46,-0.36,-0.25,-0.37,-0.31,0.14,9.8,0.155,-1.25,0.0,0.0,4.7,3.0,1017.17,66.51,-18.11
2025-03-24 17:57:51.650000+00:00,,,,,4.125,-1.875,-0.875,23.07,-94.0,-2.875,-19.0,-0.024,0.003,-0.003,-0.39,0.07,9.46,-0.36,-0.25,-0.37,-0.31,0.14,9.8,0.155,-1.25,0.0,0.0,4.7,3.0,1017.17,66.51,-18.11
2025-03-24 17:57:52.591000+00:00,,,,,4.125,-1.875,-0.875,23.07,-94.0,-2.875,-19.0,-0.024,0.003,-0.003,-0.39,0.07,9.46,-0.36,-0.25,-0.37,-0.31,0.14,9.8,0.155,0.0,0.0,0.0,4.7,3.0,1017.17,66.51,-18.11
2025-03-24 17:57:53.613000+00:00,,,,,4.125,-1.875,-0.875,23.07,-94.0,-2.875,-19.0,-0.024,0.003,-0.003,-0.39,0.07,9.46,-0.36,-0.25,-0.37,-0.31,0.14,9.8,0.155,0.0,0.0,0.0,4.7,3.0,1017.17,66.51,-18.11
2025-03-24 17:57:54.325000+00:00,,,,,4.125,-1.875,-0.875,23.07,-94.0,-2.875,-19.0,-0.024,0.003,-0.003,-0.39,0.07,9.46,-0.36,-0.25,-0.37,-0.31,0.14,9.8,0.155,0.0,0.0,0.0,4.7,3.0,1017.17,66.51,-18.11
2025-03-24 17:57:55.329000+00:00,,,,,4.125,-1.875,-0.875,23.07,-94.0,-2.875,-19.0,-0.024,0.003,-0.003,-0.39,0.07,9.46,-0.36,-0.25,-0.37,-0.31,0.14,9.8,0.155,0.0,0.0,0.0,4.7,3.0,1017.17,66.51,-18.11
2025-03-24 17:57:56.333000+00:00,,,,,4.125,-1.875,-0.875,23.07,-94.0,-2.875,-19.0,-0.024,0.003,-0.003,-0.39,0.07,9.46,-0.36,-0.25,-0.37,-0.31,0.14,9.8,0.155,0.0,0.0,0.0,4.7,3.0,1017.17,66.51,-18.11
2025-03-24 17:57:57.341000+00:00,,,,,4.125,-1.875,-0.875,23.07,-94.0,-2.875,-19.0,-0.024,0.003,-0.003,-0.39,0.07,9.46,-0.36,-0.25,-0.37,-0.31,0.14,9.8,0.155,2.5,0.0,0.0,4.7,3.0,1017.17,66.51,-18.11
2025-03-24 17:57:58.341000+00:00,,,,,4.125,-1.875,-0.875,23.07,-94.0,-2.875,-19.0,-0.024,0.003,-0.003,-0.39,0.07,9.46,-0.36,-0.25,-0.37,-0.31,0.14,9.8,0.155,-1.25,0.0,0.0,4.7,3.0,1017.17,66.51,-18.11
2025-03-24 17:57:59.345000+00:00,,,,,4.125,-1.875,-0.875,23.07,-94.0,-2.875,-19.0,-0.024,0.003,-0.003,-0.39,0.07,9.46,-0.36,-0.25,-0.37,-0.31,0.14,9.8,0.155,0.0,0.0,0.0,4.7,3.0,1017.17,66.51,-18.11
2025-03-24 17:58:00.348000+00:00,,,,,4.125,-1.875,-0.875,23.07,-94.0,-2.875,-19.0,-0.024,0.003,-0.003,-0.39,0.07,9.46,-0.36,-0.25,-0.37,-0.31,0.14,9.8,0.155,1.25,0.0,0.0,4.7,3.0,1017.17,66.51,-18.11
2025-03-24 17:58:01.354000+00:00,,,,,4.125,-1.875,-0.875,23.07,-94.0,-2.875,-19.0,-0.024,0.003,-0.003,-0.39,0.07,9.46,-0.36,-0.25,-0.37,-0.31,0.14,9.8,0.155,0.0,0.0,0.0,4.7,3.0,1017.17,66.51,-18.11
2025-03-24 17:58:02.357000+00:00,,,,,4.125,-1.875,-0.875,23.07,-94.0,-2.875,-19.0,-0.024,0.003,-0.003,-0.39,0.07,9.46,-0.36,-0.25,-0.37,-0.31,0.14,9.8,0.155,-2.5,0.0,0.0,4.7,3.0,1017.17,66.51,-18.11
2025-03-24 17:57:03.664000+00:00,,,,,4.125,-1.875,-0.875,23.07,-94.0,-2.875,-19.0,-0.024,0.003,-0.003,-0.39,0.07,9.46,-0.36,-0.25,-0.37,-0.31,0.14,9.8,0.155,-2.5,0.0,0.0,4.7,3.0,1017.17,66.51,-18.11
2025-03-24 17:57:04.325000+00:00,,,,,4.125,-1.875,-0.875,23.07,-94.0,-2.875,-19.0,-0.024,0.003,-0.003,-0.39,0.07,9.46,-0.36,-0.25,-0.37,-0.31,0.14,9.8,0.155,-2.5,0.0,0.0,4.7,3.0,1017.17,66.51,-18.11
2025-03-24 17:57:05.340000+00:00,,,,,4.125,-1.875,-0.875,23.07,-94.0,-2.875,-19.0,-0.024,0.003,-0.003,-0.39,0.07,9.46,-0.36,-0.25,-0.37,-0.31,0.14,9.8,0.155,-2.5,0.0,0.0,4.7,3.0,1017.17,66.51,-18.11
2025-03-24 17:57:06.350000+00:00,,,,,4.125,-1.875,-0.875,23.07,-94.0,-2.875,-19.0,-0.024,0.003,-0.003,-0.39,0.07,9.46,-0.36,-0.25,-0.37,-0.31,0.14,9.8,0.155,-2.5,0.0,0.0,4.7,3.0,1017.17,66.51,-18.11
2025-03-24 17:57:07.429000+00:00,,,,,4.125,-1.875,-0.875,23.07,-94.0,-2.875,-19.0,-0.024,0.003,-0.003,-0.39,0.07,9.46,-0.36,-0.25,-0.37,-0.31,0.14,9.8,0.155,-2.5,0.0,0.0,4.7,3.0,1017.17,66.51,-18.11
2025-03-24 17:57:08.400000+00:00,,,,,4.125,-1.875,-0.875,23.07,-94.0,-2.875,-19.0,-0.024,0.003,-0.003,-0.39,0.07,9.46,-0.36,-0.25,-0.37,-0.31,0.14,9.8,0.155,-2.5,0.0,0.0,4.7,3.0,1017.17,66.51,-18.11
2025-03-24 17:57:09.660000+00:00,,,,,4.125,-1.875,-0.875,23.07,-94.0,-2.875,-19.0,-0.024,0.003,-0.003,-0.39,0.07,9.46,-0.36,-0.25,-0.37,-0.31,0.14,9.8,0.155,-2.5,0.0,0.0,4.7,3.0,1017.17,66.51,-18.11
2025-03-24 17:57:10.700000+00:00,,,,,4.125,-1.875,-0.875,23.07,-94.0,-2.875,-19.0,-0.024,0.003,-0.003,-0.39,0.07,9.46,-0.36,-0.25,-0.37,-0.31,0.14,9.8,0.155,-2.5,0.0,0.0,4.7,3.0,1017.17,66.51,-18.11
2025-03-24 17:57:11.416000+00:00,,,,,4.125,-1.875,-0.875,23.07,-94.0,-2.875,-19.0,-0.024,0.003,-0.003,-0.39,0.07,9.46,-0.36,-0.25,-0.37,-0.31,0.14,9.8,0.155,-2.5,0.0,0.0,4.7,3.0,1017.17,66.51,-18.11
2025-03-24 17:57:12.419000+00:00,,,,,4.125,-1.875,-0.875,23.07,-94.0,-2.875,-19.0,-0.024,0.003,-0.003,-0.39,0.07,9.46,-0.36,-0.25,-0.37,-0.31,0.14,9.8,0.155,-2.5,0.0,0.0,4.7,3.0,1017.17,66.51,-18.11
2025-03-24 17:57:13.399000+00:00,,,,,4.125,-1.875,-0.875,23.07,-94.0,-2.875,-19.0,-0.024,0.003,-0.003,-0.39,0.07,9.46,-0.36,-0.25,-0.37,-0.31,0.14,9.8,0.155,-2.5,0.0,0.0,4.7,3.0,1017.17,66.51,-18.11
2025-03-24 17:57:14.430000+00:00,,,,,4.125,-1.875,-0.875,23.07,-94.0,-2.875,-19.0,-0.024,0.003,-0.003,-0.39,0.07,9.46,-0.36,-0.25,-0.37,-0.31,0.14,9.8,0.155,-2.5,0.0,0.0,4.7,3.0,1017.17,66.51,-18.11
2025-03-24 17:57:15.536000+00:00,,,,,4.125,-1.875,-0.875,23.07,-94.0,-2.875,-19.0,-0.024,0.003,-0.003,-0.39,0.07,9.46,-0.36,-0.25,-0.37,-0.31,0.14,9.8,0.155,-2.5,0.0,0.0,4.7,3.0,1017.17,66.51,-18.11
2025-03-24 17:57:16.570000+00:00,,,,,4.125,-1.875,-0.875,23.07,-94.0,-2.875,-19.0,-0.024,0.003,-0.003,-0.39,0.07,9.46,-0.36,-0.25,-0.37,-0.31,0.14,9.8,0.155,-2.5,0.0,0.0,4.7,3.0,1017.17,66.51,-18.11
2025-03-24 17:57:17.813000+00:00,,,,,4.125,-1.875,-0.875,23.07,-94.0,-2.875,-19.0,-0.024,0.003,-0.003,-0.39,0.07,9.46,-0.36,-0.25,-0.37,-0.31,0.14,9.8,0.155,-2.5,0.0,0.0,4.7,3.0,1017.17,66.51,-18.11
2025-03-24 17:57:18.796000+00:00,,,,,4.125,-1.875,-0.875,23.07,-94.0,-2.875,-19.0,-0.024,0.003,-0.003,-0.39,0.07,9.46,-0.36,-0.25,-0.37,-0.31,0.14,9.8,0.155,-2.5,0.0,0.0,4.7,3.0,1017.17,66.51,-18.11
2025-03-24 17:57:19.809000+00:00,,,,,4.125,-1.875,-0.875,23.07,-94.0,-2.875,-19.0,-0.024,0.003,-0.003,-0.39,0.07,9.46,-0.36,-0.25,-0.37,-0.31,0.14,9.8,0.155,-2.5,0.0,0.0,4.7,3.0,1017.17,66.51,-18.11
2025-03-24 17:57:20.470000+00:00,,,,,4.125,-1.875,-0.875,23.07,-94.0,-2.875,-19.0,-0.024,0.003,-0.003,-0.39,0.07,9.46,-0.36,-0.25,-0.37,-0.31,0.14,9.8,0.155,-2.5,0.0,0.0,4.7,3.0,1017.17,66.51,-18.11
2025-03-24 17:57:21.491000+00:00,,,,,4.125,-1.875,-0.875,23.07,-94.0,-2.875,-19.0,-0.024,0.003,-0.003,-0.39,0.07,9.46,-0.36,-0.25,-0.37,-0.31,0.14,9.8,0.155,-2.5,0.0,0.0,4.7,3.0,1017.17,66.51,-18.11
2025-03-24 17:57:22.489000+00:00,,,,,4.125,-1.875,-0.875,23.07,-94.0,-2.875,-19.0,-0.024,0.003,-0.003,-0.39,0.07,9.46,-0.36,-0.25,-0.37,-0.31,0.14,9.8,0.155,-2.5,0.0,0.0,4.7,3.0,1017.17,66.51,-18.11
2025-03-24 17:57:23.505000+00:00,,,,,4.125,-1.875,-0.875,23.07,-94.0,-2.875,-19.0,-0.024,0.003,-0.003,-0.39,0.07,9.46,-0.36,-0.25,-0.37,-0.31,0.14,9.8,0.155,-2.5,0.0,0.0,4.7,3.0,1017.17,66.51,-18.11
2025-03-24 17:57:24.480000+00:00,,,,,4.125,-1.875,-0.875,23.07,-94.0,-2.875,-19.0,-0.024,0.003,-0.003,-0.39,0.07,9.46,-0.36,-0.25,-0.37,-0.31,0.14,9.8,0.155,-2.5,0.0,0.0,4.7,3.0,1017.17,66.51,-18.11
2025-03-24 17:57:25.539000+00:00,,,,,4.125,-1.875,-0.875,23.07,-94.0,-2.875,-19.0,-0.024,0.003,-0.003,-0.39,0.07,9.46,-0.36,-0.25,-0.37,-0.31,0.14,9.8,0.155,-2.5,0.0,0.0,4.7,3.0,1017.17,66.51,-18.11
2025-03-24 17:57:26.515000+00:00,,,,,4.125,-1.875,-0.875,23.07,-94.0,-2.875,-19.0,-0.024,0.003,-0.003,-0.39,0.07,9.46,-0.36,-0.25,-0.37,-0.31,0.14,9.8,0.155,-2.5,0.0,0.0,4.7,3.0,1017.17,66.51,-18.11
2025-03-24 17:57:27.579000+00:00,,,,,4.125,-1.875,-0.875,23.07,-94.0,-2.875,-19.0,-0.024,0.003,-0.003,-0.39,0.07,9.46,-0.36,-0.25,-0.37,-0.31,0.14,9.8,0.155,-2.5,0.0,0.0,4.7,3.0,1017.17,66.51,-18.11
2025-03-24 17:57:28.680000+00:00,,,,,4.125,-1.875,-0.875,23.07,-94.0,-2.875,-19.0,-0.024,0.003,-0.003,-0.39,0.07,9.46,-0.36,-0.25,-0.37,-0.31,0.14,9.8,0.155,-2.5,0.0,0.0,4.7,3.0,1017.17,66.51,-18.11
2025-03-24 17:57:29.885000+00:00,,,,,4.125,-1.875,-0.875,23.07,-94.0,-2.875,-19.0,-0.024,0.003,-0.003,-0.39,0.07,9.46,-0.36,-0.25,-0.37,-0.31,0.14,9.8,0.155,-2.5,0.0,0.0,4.7,3.0,1017.17,66.51,-18.11
2025-03-24 17:57:30.888000+00:00,,,,,4.125,-1.875,-0.875,23.07,-94.0,-2.875,-19.0,-0.024,0.003,-0.003,-0.39,0.07,9.46,-0.36,-0.25,-0.37,-0.31,0.14,9.8,0.155,-2.5,0.0,0.0,4.7,3.0,1017.17,66.51,-18.11
2025-03-24 17:57:31.584000+00:00,,,,,4.125,-1.875,-0.875,23.07,-94.0,-2.875,-19.0,-0.024,0.003,-0.003,-0.39,0.07,9.46,-0.36,-0.25,-0.37,-0.31,0.14,9.8,0.155,-2.5,0.0,0.0,4.7,3.0,1017.17,66.51,-18.11
2025-03-24 17:57:32.608000+00:00,,,,,4.125,-1.875,-0.875,23.07,-94.0,-2.875,-19.0,-0.024,0.003,-0.003,-0.39,0.07,9.46,-0.36,-0.25,-0.37,-0.31,0.14,9.8,0.155,-2.5,0.0,0.0,4.7,3.0,1017.17,66.51,-18.11
2025-03-24 17:57:33.608000+00:00,,,,,4.125,-1.875,-0.875,23.07,-94.0,-2.875,-19.0,-0.024,0.003,-0.003,-0.39,0.07,9.46,-0.36,-0.25,-0.37,-0.31,0.14,9.8,0.155,-2.5,0.0,0.0,4.7,3.0,1017.17,66.51,-18.11
2025-03-24 17:57:34.603000+00:00,,,,,4.125,-1.875,-0.875,23.07,-94.0,-2.875,-19.0,-0.024,0.003,-0.003,-0.39,0.07,9.46,-0.36,-0.25,-0.37,-0.31,0.14,9.8,0.155,-2.5,0.0,0.0,4.7,3.0,1017.17,66.51,-18.11
2025-03-24 17:57:35.600000+00:00,,,,,4.125,-1.875,-0.875,23.07,-94.0,-2.875,-19.0,-0.024,0.003,-0.003,-0.39,0.07,9.46,-0.36,-0.25,-0.37,-0.31,0.14,9.8,0.155,-2.5,0.0,0.0,4.7,3.0,1017.17,66.51,-18.11
2025-03-24 17:57:36.662000+00:00,,,,,4.125,-1.875,-0.875,23.07,-94.0,-2.875,-19.0,-0.024,0.003,-0.003,-0.39,0.07,9.46,-0.36,-0.25,-0.37,-0.31,0.14,9.8,0.155,-2.5,0.0,0.0,4.7,3.0,1017.17,66.51,-18.11
2025-03-24 17:57:37.863000+00:00,,,,,4.125,-1.875,-0.875,23.07,-94.0,-2.875,-19.0,-0.024,0.003,-0.003,-0.39,0.07,9.46,-0.36,-0.25,-0.37,-0.31,0.14,9.8,0.155,-2.5,0.0,0.0,4.7,3.0,1017.17,66.51,-18.11
2025-03-24 17:57:39.025000+00:00,,,,,4.125,-1.875,-0.875,23.07,-94.0,-2.875,-19.0,-0.024,0.003,-0.003,-0.39,0.07,9.46,-0.36,-0.25,-0.37,-0.31,0.14,9.8,0.155,-2.5,0.0,0.0,4.7,3.0,1017.17,66.51,-18.11
2025-03-24 17:57:39.648000+00:00,,,,,4.125,-1.875,-0.875,23.07,-94.0,-2.875,-19.0,-0.024,0.003,-0.003,-0.39,0.07,9.46,-0.36,-0.25,-0.37,-0.31,0.14,9.8,0.155,-2.5,0.0,0.0,4.7,3.0,1017.17,66.51,-18.11
2025-03-24 17:57:40.684000+00:00,,,,,4.125,-1.875,-0.875,23.07,-94.0,-2.875,-19.0,-0.024,0.003,-0.003,-0.39,0.07,9.46,-0.36,-0.25,-0.37,-0.31,0.14,9.8,0.155,-2.5,0.0,0.0,4.7,3.0,1017.17,66.51,-18.11
2025-03-24 17:57:41.659000+00:00,,,,,4.125,-1.875,-0.875,23.07,-94.0,-2.875,-19.0,-0.024,0.003,-0.003,-0.39,0.07,9.46,-0.36,-0.25,-0.37,-0.31,0.14,9.8,0.155,-2.5,0.0,0.0,4.7,3.0,1017.17,66.51,-18.11
2025-03-24 17:57:42.794000+00:00,,,,,4.125,-1.875,-0.875,23.07,-94.0,-2.875,-19.0,-0.024,0.003,-0.003,-0.39,0.07,9.46,-0.36,-0.25,-0.37,-0.31,0.14,9.8,0.155,-2.5,0.0,0.0,4.7,3.0,1017.17,66.51,-18.11
2025-03-24 17:57:43.928000+00:00,,,,,4.125,-1.875,-0.875,23.07,-94.0,-2.875,-19.0,-0.024,0.003,-0.003,-0.39,0.07,9.46,-0.36,-0.25,-0.37,-0.31,0.14,9.8,0.155,-2.5,0.0,0.0,4.7,3.0,1017.17,66.51,-18.11
2025-03-24 17:57:45.054000+00:00,,,,,4.125,-1.875,-0.875,23.07,-94.0,-2.875,-19.0,-0.024,0.003,-0.003,-0.39,0.07,9.46,-0.36,-0.25,-0.37,-0.31,0.14,9.8,0.155,-2.5,0.0,0.0,4.7,3.0,1017.17,66.51,-18.11
2025-03-24 17:57:45.728000+00:00,,,,,4.125,-1.875,-0.875,23.07,-94.0,-2.875,-19.0,-0.024,0.003,-0.003,-0.39,0.07,9.46,-0.36,-0.25,-0.37,-0.31,0.14,9.8,0.155,-2.5,0.0,0.0,4.7,3.0,1017.17,66.51,-18.11
2025-03-24 17:57:46.744000+00:00,,,,,4.125,-1.875,-0.875,23.07,-94.0,-2.875,-19.0,-0.024,0.003,-0.003,-0.39,0.07,9.46,-0.36,-0.25,-0.37,-0.31,0.14,9.8,0.155,-2.5,0.0,0.0,4.7,3.0,1017.17,66.51,-18.11
2025-03-24 17:57:47.758000+00:00,,,,,4.125,-1.875,-0.875,23.07,-94.0,-2.875,-19.0,-0.024,0.003,-0.003,-0.39,0.07,9.46,-0.36,-0.25,-0.37,-0.31,0.14,9.8,0.155,-2.5,0.0,0.0,4.7,3.0,1017.17,66.51,-18.11
2025-03-24 17:57:48.748000+00:00,,,,,4.125,-1.875,-0.875,23.07,-94.0,-2.875,-19.0,-0.024,0.003,-0.003,-0.39,0.07,9.46,-0.36,-0.25,-0.37,-0.31,0.14,9.8,0.155,-2.5,0.0,0.0,4.7,3.0,1017.17,66.51,-18.11
2025-03-24 17:57:49.778000+00:00,,,,,4.125,-1.875,-0.875,23.07,-94.0,-2.875,-19.0,-0.024,0.003,-0.003,-0.39,0.07,9.46,-0.36,-0.25,-0.37,-0.31,0.14,9.8,0.155,-2.5,0.0,0.0,4.7,3.0,1017.17,66.51,-18.11
2025-03-24 17:57:50.767000+00:00,,,,,4.125,-1.875,-0.875,23.07,-94.0,-2.875,-19.0,-0.024,0.003,-0.003,-0.39,0.07,9.46,-0.36,-0.25,-0.37,-0.31,0.14,9.8,0.155,-2.5,0.0,0.0,4.7,3.0,1017.17,66.51,-18.11
2025-03-24 17:57:51.754000+00:00,,,,,4.125,-1.875,-0.875,23.07,-94.0,-2.875,-19.0,-0.024,0.003,-0.003,-0.39,0.07,9.46,-0.36,-0.25,-0.37,-0.31,0.14,9.8,0.155,-2.5,0.0,0.0,4.7,3.0,1017.17,66.51,-18.11
2025-03-24 17:57:52.689000+00:00,,,,,4.125,-1.875,-0.875,23.07,-94.0,-2.875,-19.0,-0.024,0.003,-0.003,-0.39,0.07,9.46,-0.36,-0.25,-0.37,-0.31,0.14,9.8,0.155,-2.5,0.0,0.0,4.7,3.0,1017.17,66.51,-18.11
2025-03-24 17:57:53.733000+00:00,,,,,4.125,-1.875,-0.875,23.07,-94.0,-2.875,-19.0,-0.024,0.003,-0.003,-0.39,0.07,9.46,-0.36,-0.25,-0.37,-0.31,0.14,9.8,0.155,-2.5,0.0,0.0,4.7,3.0,1017.17,66.51,-18.11
2025-03-24 17:57:54.427000+00:00,,,,,4.125,-1.875,-0.875,23.07,-94.0,-2.875,-19.0,-0.024,0.003,-0.003,-0.39,0.07,9.46,-0.36,-0.25,-0.37,-0.31,0.14,9.8,0.155,-2.5,0.0,0.0,4.7,3.0,1017.17,66.51,-18.11
2025-03-24 17:57:55.426000+00:00,,,,,4.125,-1.875,-0.875,23.07,-94.0,-2.875,-19.0,-0.024,0.003,-0.003,-0.39,0.07,9.46,-0.36,-0.25,-0.37,-0.31,0.14,9.8,0.155,-2.5,0.0,0.0,4.7,3.0,1017.17,66.51,-18.11
2025-03-24 17:57:56.437000+00:00,,,,,4.125,-1.875,-0.875,23.07,-94.0,-2.875,-19.0,-0.024,0.003,-0.003,-0.39,0.07,9.46,-0.36,-0.25,-0.37,-0.31,0.14,9.8,0.155,-2.5,0.0,0.0,4.7,3.0,1017.17,66.51,-18.11
2025-03-24 17:57:57.446000+00:00,,,,,4.125,-1.875,-0.875,23.07,-94.0,-2.875,-19.0,-0.024,0.003,-0.003,-0.39,0.07,9.46,-0.36,-0.25,-0.37,-0.31,0.14,9.8,0.155,-2.5,0.0,0.0,4.7,3.0,1017.17,66.51,-18.11
2025-03-24 17:57:58.436000+00:00,,,,,4.125,-1.875,-0.875,23.07,-94.0,-2.875,-19.0,-0.024,0.003,-0.003,-0.39,0.07,9.46,-0.36,-0.25,-0.37,-0.31,0.14,9.8,0.155,-2.5,0.0,0.0,4.7,3.0,1017.17,66.51,-18.11
2025-03-24 17:57:59.445000+00:00,,,,,4.125,-1.875,-0.875,23.07,-94.0,-2.875,-19.0,-0.024,0.003,-0.003,-0.39,0.07,9.46,-0.36,-0.25,-0.37,-0.31,0.14,9.8,0.155,-2.5,0.0,0.0,4.7,3.0,1017.17,66.51,-18.11
2025-03-24 17:58:00.445000+00:00,,,,,4.125,-1.875,-0.875,23.07,-94.0,-2.875,-19.0,-0.024,0.003,-0.003,-0.39,0.07,9.46,-0.36,-0.25,-0.37,-0.31,0.14,9.8,0.155,-2.5,0.0,0.0,4.7,3.0,1017.17,66.51,-18.11
2025-03-24 17:58:01.456000+00:00,,,,,4.125,-1.875,-0.875,23.07,-94.0,-2.875,-19.0,-0.024,0.003,-0.003,-0.39,0.07,9.46,-0.36,-0.25,-0.37,-0.31,0.14,9.8,0.155,-2.5,0.0,0.0,4.7,3.0,1017.17,66.51,-18.11
2025-03-24 17:58:02.465000+00:00,,,,,4.125,-1.875,-0.875,23.07,-94.0,-2.875,-19.0,-0.024,0.003,-0.003,-0.39,0.07,9.46,-0.36,-0.25,-0.37,-0.31,0.14,9.8,0.155,-2.5,0.0,0.0,4.7,3.0,1017.17,66.51,-18.11
2025-03-24 17:57:07.277000+00:00,,,,,4.125,-1.875,-0.875,23.07,-94.0,-2.875,-19.0,-0.024,0.003,-0.003,-0.39,0.07,9.46,-0.36,-0.25,-0.37,-0.31,0.14,9.8,0.155,-2.5,0.0,0.0,4.7,3.0,1017.17,66.51,-18.11
2025-03-24 17:57:12.270000+00:00,,,,,4.125,-1.875,-0.875,23.07,-94.0,-2.875,-19.0,-0.024,0.003,-0.003,-0.39,0.07,9.46,-0.36,-0.25,-0.37,-0.31,0.14,9.8,0.155,-2.5,0.0,0.0,4.7,3.0,1017.17,66.51,-18.11
2025-03-24 17:57:17.235000+00:00,,,,,4.125,-1.875,-0.875,23.07,-94.0,-2.875,-19.0,-0.024,0.003,-0.003,-0.39,0.07,9.46,-0.36,-0.25,-0.37,-0.31,0.14,9.8,0.155,-2.5,0.0,0.0,4.7,3.0,1017.17,66.51,-18.11
2025-03-24 17:57:21.958000+00:00,,,,,4.125,-1.875,-0.875,23.07,-94.0,-2.875,-19.0,-0.024,0.003,-0.003,-0.39,0.07,9.46,-0.36,-0.25,-0.37,-0.31,0.14,9.8,0.155,-2.5,0.0,0.0,4.7,3.0,1017.17,66.51,-18.11
2025-03-24 17:57:27.065000+00:00,,,,,4.125,-1.875,-0.875,23.07,-94.0,-2.875,-19.0,-0.024,0.003,-0.003,-0.39,0.07,9.46,-0.36,-0.25,-0.37,-0.31,0.14,9.8,0.155,-2.5,0.0,0.0,4.7,3.0,1017.17,66.51,-18.11
2025-03-24 17:57:31.965000+00:00,,,,,4.125,-1.875,-0.875,23.07,-94.0,-2.875,-19.0,-0.024,0.003,-0.003,-0.39,0.07,9.46,-0.36,-0.25,-0.37,-0.31,0.14,9.8,0.155,-2.5,0.0,0.0,4.7,3.0,1017.17,66.51,-18.11
2025-03-24 17:57:36.959000+00:00,,,,,4.125,-1.875,-0.875,23.07,-94.0,-2.875,-19.0,-0.024,0.003,-0.003,-0.39,0.07,9.46,-0.36,-0.25,-0.37,-0.31,0.14,9.8,0.155,-2.5,0.0,0.0,4.7,3.0,1017.17,66.51,-18.11
2025-03-24 17:57:41.960000+00:00,,,,,4.125,-1.875,-0.875,23.07,-94.0,-2.875,-19.0,-0.024,0.003,-0.003,-0.39,0.07,9.46,-0.36,-0.25,-0.37,-0.31,0.14,9.8,0.155,-2.5,0.0,0.0,4.7,3.0,1017.17,66.51,-18.11
2025-03-24 17:57:47.117000+00:00,,,,,4.125,-1.875,-0.875,23.07,-94.0,-2.875,-19.0,-0.024,0.003,-0.003,-0.39,0.07,9.46,-0.36,-0.25,-0.37,-0.31,0.14,9.8,0.155,-2.5,0.0,0.0,4.7,3.0,1017.17,66.51,-18.11
2025-03-24 17:57:51.960000+00:00,,,,,4.125,-1.875,-0.875,23.07,-94.0,-2.875,-19.0,-0.024,0.003,-0.003,-0.39,0.07,9.46,-0.36,-0.25,-0.37,-0.31,0.14,9.8,0.155,-2.5,0.0,0.0,4.7,3.0,1017.17,66.51,-18.11
2025-03-24 17:57:57.195000+00:00,,,,,4.125,-1.875,-0.875,23.07,-94.0,-2.875,-19.0,-0.024,0.003,-0.003,-0.39,0.07,9.46,-0.36,-0.25,-0.37,-0.31,0.14,9.8,0.155,-2.5,0.0,0.0,4.7,3.0,1017.17,66.51,-18.11
2025-03-24 17:58:01.960000+00:00,,,,,4.125,-1.875,-0.875,23.07,-94.0,-2.875,-19.0,-0.024,0.003,-0.003,-0.39,0.07,9.46,-0.36,-0.25,-0.37,-0.31,0.14,9.8,0.155,-2.5,0.0,0.0,4.7,3.0,1017.17,66.51,-18.11
2025-03-24 17:57:04.371000+00:00,,,,,4.125,-1.875,-0.875,23.07,-94.0,-2.875,-19.0,-0.024,0.003,-0.003,-0.39,0.07,9.46,-0.36,-0.25,-0.37,-0.31,0.14,9.8,0.155,-2.5,0.0,0.0,4.7,3.0,1017.17,66.51,-18.11
2025-03-24 17:57:05.396000+00:00,,,,,4.125,-1.875,-0.875,23.07,-94.0,-2.875,-19.0,-0.024,0.003,-0.003,-0.39,0.07,9.46,-0.36,-0.25,-0.37,-0.31,0.14,9.8,0.155,-2.5,0.0,0.0,4.8,3.0,1017.17,66.51,-18.11
2025-03-24 17:57:06.494000+00:00,,,,,4.125,-1.875,-0.875,23.07,-94.0,-2.875,-19.0,-0.024,0.003,-0.003,-0.39,0.07,9.46,-0.36,-0.25,-0.37,-0.31,0.14,9.8,0.155,-2.5,0.0,0.0,4.8,3.0,1017.17,66.51,-18.11
2025-03-24 17:57:07.639000+00:00,,,,,4.125,-1.875,-0.875,23.07,-94.0,-2.875,-19.0,-0.024,0.003,-0.003,-0.39,0.07,9.46,-0.36,-0.25,-0.37,-0.31,0.14,9.8,0.155,-2.5,0.0,0.0,4.8,3.0,1017.17,66.51,-18.11
2025-03-24 17:57:09.252000+00:00,,,,,4.125,-1.875,-0.875,23.07,-94.0,-2.875,-19.0,-0.024,0.003,-0.003,-0.39,0.07,9.46,-0.36,-0.25,-0.37,-0.31,0.14,9.8,0.155,-2.5,0.0,0.0,4.9,3.0,1017.17,66.51,-18.11
2025-03-24 17:57:10.257000+00:00,,,,,4.125,-1.875,-0.875,23.07,-94.0,-2.875,-19.0,-0.024,0.003,-0.003,-0.39,0.07,9.46,-0.36,-0.25,-0.37,-0.31,0.14,9.8,0.155,-2.5,0.0,0.0,4.9,3.0,1017.17,66.51,-18.11
2025-03-24 17:57:11.470000+00:00,,,,,4.125,-1.875,-0.875,23.07,-94.0,-2.875,-19.0,-0.024,0.003,-0.003,-0.39,0.07,9.46,-0.36,-0.25,-0.37,-0.31,0.14,9.8,0.155,-2.5,0.0,0.0,5.0,3.0,1017.17,66.51,-18.11
2025-03-24 17:57:12.480000+00:00,,,,,4.125,-1.875,-0.875,23.07,-94.0,-2.875,-19.0,-0.024,0.003,-0.003,-0.39,0.07,9.46,-0.36,-0.25,-0.37,-0.31,0.14,9.8,0.155,-2.5,0.0,0.0,5.0,3.0,1017.17,66.51,-18.11
2025-03-24 17:57:13.562000+00:00,,,,,4.125,-1.875,-0.875,23.07,-94.0,-2.875,-19.0,-0.024,0.003,-0.003,-0.39,0.07,9.46,-0.36,-0.25,-0.37,-0.31,0.14,9.8,0.155,-2.5,0.0,0.0,5.0,3.0,1017.17,66.51,-18.11
2025-03-24 17:57:14.707000+00:00,,,,,4.125,-1.875,-0.875,23.07,-94.0,-2.875,-19.0,-0.024,0.003,-0.003,-0.39,0.07,9.46,-0.36,-0.25,-0.37,-0.31,0.14,9.8,0.155,-2.5,0.0,0.0,4.9,3.0,1017.17,66.51,-18.11
2025-03-24 17:57:15.752000+00:00,,,,,4.125,-1.875,-0.875,23.07,-94.0,-2.875,-19.0,-0.024,0.003,-0.003,-0.39,0.07,9.46,-0.36,-0.25,-0.37,-0.31,0.14,9.8,0.155,-2.5,0.0,0.0,4.9,3.0,1017.17,66.51,-18.11
2025-03-24 17:57:16.903000+00:00,,,,,4.125,-1.875,-0.875,23.07,-94.0,-2.875,-19.0,-0.024,0.003,-0.003,-0.39,0.07,9.46,-0.36,-0.25,-0.37,-0.31,0.14,9.8,0.155,-2.5,0.0,0.0,4.7,3.0,1017.17,66.51,-18.11
2025-03-24 17:57:18.390000+00:00,,,,,4.125,-1.875,-0.875,23.07,-94.0,-2.875,-19.0,-0.024,0.003,-0.003,-0.39,0.07,9.46,-0.36,-0.25,-0.37,-0.31,0.14,9.8,0.155,-2.5,0.0,0.0,4.7,3.0,1017.17,66.51,-18.11
2025-03-24 17:57:19.362000+00:00,,,,,4.125,-1.875,-0.875,23.07,-94.0,-2.875,-19.0,-0.024,0.003,-0.003,-0.39,0.07,9.46,-0.36,-0.25,-0.37,-0.31,0.14,9.8,0.155,-2.5,0.0,0.0,4.7,3.0,1017.17,66.51,-18.11
2025-03-24 17:57:20.523000+00:00,,,,,4.125,-1.875,-0.875,23.07,-94.0,-2.875,-19.0,-0.024,0.003,-0.003,-0.39,0.07,9.46,-0.36,-0.25,-0.37,-0.31,0.14,9.8,0.155,-2.5,0.0,0.0,4.8,3.0,1017.17,66.51,-18.11
2025-03-24 17:57:21.540000+00:00,,,,,4.125,-1.875,-0.875,23.07,-94.0,-2.875,-19.0,-0.024,0.003,-0.003,-0.39,0.07,9.46,-0.36,-0.25,-0.37,-0.31,0.14,9.8,0.155,-2.5,0.0,0.0,4.8,3.0,1017.17,66.51,-18.11
2025-03-24 17:57:22.540000+00:00,,,,,4.125,-1.875,-0.875,23.07,-94.0,-2.875,-19.0,-0.024,0.003,-0.003,-0.39,0.07,9.46,-0.36,-0.25,-0.37,-0.31,0.14,9.8,0.155,-2.5,0.0,0.0,4.8,3.0,1017.17,66.51,-18.11
2025-03-24 17:57:23.565000+00:00,,,,,4.125,-1.875,-0.875,23.07,-94.0,-2.875,-19.0,-0.024,0.003,-0.003,-0.39,0.07,9.46,-0.36,-0.25,-0.37,-0.31,0.14,9.8,0.155,-2.5,0.0,0.0,4.8,3.0,1017.17,66.51,-18.11
2025-03-24 17:57:24.533000+00:00,,,,,4.125,-1.875,-0.875,23.07,-94.0,-2.875,-19.0,-0.024,0.003,-0.003,-0.39,0.07,9.46,-0.36,-0.25,-0.37,-0.31,0.14,9.8,0.155,-2.5,0.0,0.0,4.8,3.0,1017.17,66.51,-18.11
2025-03-24 17:57:25.678000+00:00,,,,,4.125,-1.875,-0.875,23.07,-94.0,-2.875,-19.0,-0.024,0.003,-0.003,-0.39,0.07,9.46,-0.36,-0.25,-0.37,-0.31,0.14,9.8,0.155,-2.5,0.0,0.0,4.8,3.0,1017.17,66.51,-18.11
2025-03-24 17:57:26.722000+00:00,,,,,4.125,-1.875,-0.875,23.07,-94.0,-2.875,-19.0,-0.024,0.003,-0.003,-0.39,0.07,9.46,-0.36,-0.25,-0.37,-0.31,0.14,9.8,0.155,-2.5,0.0,0.0,5.0,3.0,1017.17,66.51,-18.11
2025-03-24 17:57:27.866000+00:00,,,,,4.125,-1.875,-0.875,23.07,-94.0,-2.875,-19.0,-0.024,0.003,-0.003,-0.39,0.07,9.46,-0.36,-0.25,-0.37,-0.31,0.14,9.8,0.155,-2.5,0.0,0.0,5.0,3.0,1017.17,66.51,-18.11
2025-03-24 17:57:29.020000+00:00,,,,,4.125,-1.875,-0.875,23.07,-94.0,-2.875,-19.0,-0.024,0.003,-0.003,-0.39,0.07,9.46,-0.36,-0.25,-0.37,-0.31,0.14,9.8,0.155,-2.5,0.0,0.0,4.8,3.0,1017.17,66.51,-18.11
2025-03-24 17:57:30.476000+00:00,,,,,4.125,-1.875,-0.875,23.07,-94.0,-2.875,-19.0,-0.024,0.003,-0.003,-0.39,0.07,9.46,-0.36,-0.25,-0.37,-0.31,0.14,9.8,0.155,-2.5,0.0,0.0,4.8,3.0,1017.17,66.51,-18.11
2025-03-24 17:57:31.640000+00:00,,,,,4.125,-1.875,-0.875,23.07,-94.0,-2.875,-19.0,-0.024,0.003,-0.003,-0.39,0.07,9.46,-0.36,-0.25,-0.37,-0.31,0.14,9.8,0.155,-2.5,0.0,0.0,4.8,3.0,1017.17,66.51,-18.11
2025-03-24 17:57:32.665000+00:00,,,,,4.125,-1.875,-0.875,23.07,-94.0,-2.875,-19.0,-0.024,0.003,-0.003,-0.39,0.07,9.46,-0.36,-0.25,-0.37,-0.31,0.14,9.8,0.155,-2.5,0.0,0.0,4.7,3.0,1017.17,66.51,-18.11
2025-03-24 17:57:33.664000+00:00,,,,,4.125,-1.875,-0.875,23.07,-94.0,-2.875,-19.0,-0.024,0.003,-0.003,-0.39,0.07,9.46,-0.36,-0.25,-0.37,-0.31,0.14,9.8,0.155,-2.5,0.0,0.0,4.7,3.0,1017.17,66.51,-18.11
2025-03-24 17:57:34.742000+00:00,,,,,4.125,-1.875,-0.875,23.07,-94.0,-2.875,-19.0,-0.024,0.003,-0.003,-0.39,0.07,9.46,-0.36,-0.25,-0.37,-0.31,0.14,9.8,0.155,-2.5,0.0,0.0,4.7,3.0,1017.17,66.51,-18.11
2025-03-24 17:57:35.887000+00:00,,,,,4.125,-1.875,-0.875,23.07,-94.0,-2.875,-19.0,-0.024,0.003,-0.003,-0.39,0.07,9.46,-0.36,-0.25,-0.37,-0.31,0.14,9.8,0.155,-2.5,0.0,0.0,4.7,3.0,1017.17,66.51,-18.11
2025-03-24 17:57:37.031000+00:00,,,,,4.125,-1.875,-0.875,23.07,-94.0,-2.875,-19.0,-0.024,0.003,-0.003,-0.39,0.07,9.46,-0.36,-0.25,-0.37,-0.31,0.14,9.8,0.155,-2.5,0.0,0.0,4.7,3.0,1017.17,66.51,-18.11
2025-03-24 17:57:38.282000+00:00,,,,,4.125,-1.875,-0.875,23.07,-94.0,-2.875,-19.0,-0.024,0.003,-0.003,-0.39,0.07,9.46,-0.36,-0.25,-0.37,-0.31,0.14,9.8,0.155,-2.5,0.0,0.0,4.8,3.0,1017.17,66.51,-18.11
2025-03-24 17:57:39.725000+00:00,,,,,4.125,-1.875,-0.875,23.07,-94.0,-2.875,-19.0,-0.024,0.003,-0.003,-0.39,0.07,9.46,-0.36,-0.25,-0.37,-0.31,0.14,9.8,0.155,-2.5,0.0,0.0,4.8,3.0,1017.17,66.51,-18.11
2025-03-24 17:57:40.871000+00:00,,,,,4.125,-1.875,-0.875,23.07,-94.0,-2.875,-19.0,-0.024,0.003,-0.003,-0.39,0.07,9.46,-0.36,-0.25,-0.37,-0.31,0.14,9.8,0.155,-2.5,0.0,0.0,4.8,3.0,1017.17,66.51,-18.11
2025-03-24 17:57:42.015000+00:00,,,,,4.125,-1.875,-0.875,23.07,-94.0,-2.875,-19.0,-0.024,0.003,-0.003,-0.39,0.07,9.46,-0.36,-0.25,-0.37,-0.31,0.14,9.8,0.155,-2.5,0.0,0.0,4.7,3.0,1017.17,66.51,-18.11
2025-03-24 17:57:43.159000+00:00,,,,,4.125,-1.875,-0.875,23.07,-94.0,-2.875,-19.0,-0.024,0.003,-0.003,-0.39,0.07,9.46,-0.36,-0.25,-0.37,-0.31,0.14,9.8,0.155,-2.5,0.0,0.0,4.7,3.0,1017.17,66.51,-18.11
2025-03-24 17:57:44.204000+00:00,,,,,4.125,-1.875,-0.875,23.07,-94.0,-2.875,-19.0,-0.024,0.003,-0.003,-0.39,0.07,9.46,-0.36,-0.25,-0.37,-0.31,0.14,9.8,0.155,-2.5,0.0,0.0,4.9,3.0,1017.17,66.51,-18.11
2025-03-24 17:57:45.784000+00:00,,,,,4.125,-1.875,-0.875,23.07,-94.0,-2.875,-19.0,-0.024,0.003,-0.003,-0.39,0.07,9.46,-0.36,-0.25,-0.37,-0.31,0.14,9.8,0.155,-2.5,0.0,0.0,4.9,3.0,1017.17,66.51,-18.11
2025-03-24 17:57:46.804000+00:00,,,,,4.125,-1.875,-0.875,23.07,-94.0,-2.875,-19.0,-0.024,0.003,-0.003,-0.39,0.07,9.46,-0.36,-0.25,-0.37,-0.31,0.14,9.8,0.155,-2.5,0.0,0.0,4.9,3.0,1017.17,66.51,-18.11
2025-03-24 17:57:47.809000+00:00,,,,,4.125,-1.875,-0.875,23.07,-94.0,-2.875,-19.0,-0.024,0.003,-0.003,-0.39,0.07,9.46,-0.36,-0.25,-0.37,-0.31,0.14,9.8,0.155,-2.5,0.0,0.0,4.8,3.0,1017.17,66.51,-18.11
2025-03-24 17:57:48.797000+00:00,,,,,4.125,-1.875,-0.875,23.07,-94.0,-2.875,-19.0,-0.024,0.003,-0.003,-0.39,0.07,9.46,-0.36,-0.25,-0.37,-0.31,0.14,9.8,0.155,-2.5,0.0,0.0,4.8,3.0,1017.17,66.51,-18.11
2025-03-24 17:57:49.933000+00:00,,,,,4.125,-1.875,-0.875,23.07,-94.0,-2.875,-19.0,-0.024,0.003,-0.003,-0.39,0.07,9.46,-0.36,-0.25,-0.37,-0.31,0.14,9.8,0.155,-2.5,0.0,0.0,4.9,3.0,1017.17,66.51,-18.11
2025-03-24 17:57:50.977000+00:00,,,,,4.125,-1.875,-0.875,23.07,-94.0,-2.875,-19.0,-0.024,0.003,-0.003,-0.39,0.07,9.46,-0.36,-0.25,-0.37,-0.31,0.14,9.8,0.155,-2.5,0.0,0.0,4.9,3.0,1017.17,66.51,-18.11
2025-03-24 17:57:52.122000+00:00,,,,,4.125,-1.875,-0.875,23.07,-94.0,-2.875,-19.0,-0.024,0.003,-0.003,-0.39,0.07,9.46,-0.36,-0.25,-0.37,-0.31,0.14,9.8,0.155,-2.5,0.0,0.0,4.9,3.0,1017.17,66.51,-18.11
2025-03-24 17:57:53.266000+00:00,,,,,4.125,-1.875,-0.875,23.07,-94.0,-2.875,-19.0,-0.024,0.003,-0.003,-0.39,0.07,9.46,-0.36,-0.25,-0.37,-0.31,0.14,9.8,0.155,-2.5,0.0,0.0,5.0,3.0,1017.17,66.51,-18.11
2025-03-24 17:57:54.874000+00:00,,,,,4.125,-1.875,-0.875,23.07,-94.0,-2.875,-19.0,-0.024,0.003,-0.003,-0.39,0.07,9.46,-0.36,-0.25,-0.37,-0.31,0.14,9.8,0.155,-2.5,0.0,0.0,5.0,3.0,1017.17,66.51,-18.11
2025-03-24 17:57:55.846000+00:00,,,,,4.125,-1.875,-0.875,23.07,-94.0,-2.875,-19.0,-0.024,0.003,-0.003,-0.39,0.07,9.46,-0.36,-0.25,-0.37,-0.31,0.14,9.8,0.155,-2.5,0.0,0.0,5.0,3.0,1017.17,66.51,-18.11
2025-03-24 17:57:56.884000+00:00,,,,,4.125,-1.875,-0.875,23.07,-94.0,-2.875,-19.0,-0.024,0.003,-0.003,-0.39,0.07,9.46,-0.36,-0.25,-0.37,-0.31,0.14,9.8,0.155,-2.5,0.0,0.0,4.9,3.0,1017.17,66.51,-18.11
2025-03-24 17:57:57.846000+00:00,,,,,4.125,-1.875,-0.875,23.07,-94.0,-2.875,-19.0,-0.024,0.003,-0.003,-0.39,0.07,9.46,-0.36,-0.25,-0.37,-0.31,0.14,9.8,0.155,-2.5,0.0,0.0,4.9,3.0,1017.17,66.51,-18.11
2025-03-24 17:57:58.846000+00:00,,,,,4.125,-1.875,-0.875,23.07,-94.0,-2.875,-19.0,-0.024,0.003,-0.003,-0.39,0.07,9.46,-0.36,-0.25,-0.37,-0.31,0.14,9.8,0.155,-2.5,0.0,0.0,4.9,3.0,1017.17,66.51,-18.11
2025-03-24 17:57:59.873000+00:00,,,,,4.125,-1.875,-0.875,23.07,-94.0,-2.875,-19.0,-0.024,0.003,-0.003,-0.39,0.07,9.46,-0.36,-0.25,-0.37,-0.31,0.14,9.8,0.155,-2.5,0.0,0.0,4.9,3.0,1017.17,66.51,-18.11
2025-03-24 17:58:00.889000+00:00,,,,,4.125,-1.875,-0.875,23.07,-94.0,-2.875,-19.0,-0.024,0.003,-0.003,-0.39,0.07,9.46,-0.36,-0.25,-0.37,-0.31,0.14,9.8,0.155,-2.5,0.0,0.0,4.9,3.0,1017.17,66.51,-18.11
2025-03-24 17:58:02.042000+00:00,,,,,4.125,-1.875,-0.875,23.07,-94.0,-2.875,-19.0,-0.024,0.003,-0.003,-0.39,0.07,9.46,-0.36,-0.25,-0.37,-0.31,0.14,9.8,0.155,-2.5,0.0,0.0,4.7,3.0,1017.17,66.51,-18.11
2025-03-24 17:58:03.190000+00:00,,,,,4.125,-1.875,-0.875,23.07,-94.0,-2.875,-19.0,-0.024,0.003,-0.003,-0.39,0.07,9.46,-0.36,-0.25,-0.37,-0.31,0.14,9.8,0.155,-2.5,0.0,0.0,4.7,3.0,1017.17,66.51,-18.11
2025-03-24 17:57:04.419000+00:00,,,,,4.125,-1.875,-0.875,23.07,-94.0,-2.875,-19.0,-0.024,0.003,-0.003,-0.39,0.07,9.46,-0.36,-0.25,-0.37,-0.31,0.14,9.8,0.155,-2.5,0.0,0.0,4.7,3.0,1017.17,66.51,-18.11
2025-03-24 17:57:05.454000+00:00,,,,,4.125,-1.875,-0.875,23.07,-94.0,-2.875,-19.0,-0.024,0.003,-0.003,-0.39,0.07,9.46,-0.36,-0.25,-0.37,-0.31,0.14,9.8,0.155,-2.5,0.0,0.0,4.7,3.0,1017.17,66.51,-18.11
2025-03-24 17:57:06.547000+00:00,,,,,4.125,-1.875,-0.875,23.07,-94.0,-2.875,-19.0,-0.024,0.003,-0.003,-0.39,0.07,9.46,-0.36,-0.25,-0.37,-0.31,0.14,9.8,0.155,-2.5,0.0,0.0,4.7,3.0,1017.17,66.51,-18.11
2025-03-24 17:57:07.691000+00:00,,,,,4.125,-1.875,-0.875,23.07,-94.0,-2.875,-19.0,-0.024,0.003,-0.003,-0.39,0.07,9.46,-0.36,-0.25,-0.37,-0.31,0.14,9.8,0.155,-2.5,0.0,0.0,4.7,3.0,1017.17,66.51,-18.11
2025-03-24 17:57:09.300000+00:00,,,,,4.125,-1.875,-0.875,23.07,-94.0,-2.875,-19.0,-0.024,0.003,-0.003,-0.39,0.07,9.46,-0.36,-0.25,-0.37,-0.31,0.14,9.8,0.155,-2.5,0.0,0.0,4.7,3.0,1017.17,66.51,-18.11
2025-03-24 17:57:10.316000+00:00,,,,,4.125,-1.875,-0.875,23.07,-94.0,-2.875,-19.0,-0.024,0.003,-0.003,-0.39,0.07,9.46,-0.36,-0.25,-0.37,-0.31,0.14,9.8,0.155,-2.5,0.0,0.0,4.7,3.0,1017.17,66.51,-18.11
2025-03-24 17:57:11.520000+00:00,,,,,4.125,-1.875,-0.875,23.07,-94.0,-2.875,-19.0,-0.024,0.003,-0.003,-0.39,0.07,9.46,-0.36,-0.25,-0.37,-0.31,0.14,9.8,0.155,-2.5,0.0,0.0,4.7,3.0,1017.17,66.51,-18.11
2025-03-24 17:57:12.530000+00:00,,,,,4.125,-1.875,-0.875,23.07,-94.0,-2.875,-19.0,-0.024,0.003,-0.003,-0.39,0.07,9.46,-0.36,-0.25,-0.37,-0.31,0.14,9.8,0.155,-2.5,0.0,0.0,4.7,3.0,1017.17,66.51,-18.11
2025-03-24 17:57:13.620000+00:00,,,,,4.125,-1.875,-0.875,23.07,-94.0,-2.875,-19.0,-0.024,0.003,-0.003,-0.39,0.07,9.46,-0.36,-0.25,-0.37,-0.31,0.14,9.8,0.155,-2.5,0.0,0.0,4.7,3.0,1017.17,66.51,-18.11
2025-03-24 17:57:14.760000+00:00,,,,,4.125,-1.875,-0.875,23.07,-94.0,-2.875,-19.0,-0.024,0.003,-0.003,-0.39,0.07,9.46,-0.36,-0.25,-0.37,-0.31,0.14,9.8,0.155,-2.5,0.0,0.0,4.7,3.0,1017.17,66.51,-18.11
2025-03-24 17:57:15.802000+00:00,,,,,4.125,-1.875,-0.875,23.07,-94.0,-2.875,-19.0,-0.024,0.003,-0.003,-0.39,0.07,9.46,-0.36,-0.25,-0.37,-0.31,0.14,9.8,0.155,-2.5,0.0,0.0,4.7,3.0,1017.17,66.51,-18.11
2025-03-24 17:57:16.958000+00:00,,,,,4.125,-1.875,-0.875,23.07,-94.0,-2.875,-19.0,-0.024,0.003,-0.003,-0.39,0.07,9.46,-0.36,-0.25,-0.37,-0.31,0.14,9.8,0.155,-2.5,0.0,0.0,4.7,3.0,1017.17,66.51,-18.11
2025-03-24 17:57:18.439000+00:00,,,,,4.125,-1.875,-0.875,23.07,-94.0,-2.875,-19.0,-0.024,0.003,-0.003,-0.39,0.07,9.46,-0.36,-0.25,-0.37,-0.31,0.14,9.8,0.155,-2.5,0.0,0.0,4.7,3.0,1017.17,66.51,-18.11
2025-03-24 17:57:19.410000+00:00,,,,,4.125,-1.875,-0.875,23.07,-94.0,-2.875,-19.0,-0.024,0.003,-0.003,-0.39,0.07,9.46,-0.36,-0.25,-0.37,-0.31,0.14,9.8,0.155,-2.5,0.0,0.0,4.7,3.0,1017.17,66.51,-18.11
2025-03-24 17:57:20.570000+00:00,,,,,4.125,-1.875,-0.875,23.07,-94.0,-2.875,-19.0,-0.024,0.003,-0.003,-0.39,0.07,9.46,-0.36,-0.25,-0.37,-0.31,0.14,9.8,0.155,-2.5,0.0,0.0,4.7,3.0,1017.17,66.51,-18.11
2025-03-24 17:57:21.590000+00:00,,,,,4.125,-1.875,-0.875,23.07,-94.0,-2.875,-19.0,-0.024,0.003,-0.003,-0.39,0.07,9.46,-0.36,-0.25,-0.37,-0.31,0.14,9.8,0.155,-2.5,0.0,0.0,4.7,3.0,1017.17,66.51,-18.11
2025-03-24 17:57:22.596000+00:00,,,,,4.125,-1.875,-0.875,23.07,-94.0,-2.875,-19.0,-0.024,0.003,-0.003,-0.39,0.07,9.46,-0.36,-0.25,-0.37,-0.31,0.14,9.8,0.155,-2.5,0.0,0.0,4.7,3.0,1017.17,66.51,-18.11
2025-03-24 17:57:23.620000+00:00,,,,,4.125,-1.875,-0.875,23.07,-94.0,-2.875,-19.0,-0.024,0.003,-0.003,-0.39,0.07,9.46,-0.36,-0.25,-0.37,-0.31,0.14,9.8,0.155,-2.5,0.0,0.0,4.7,3.0,1017.17,66.51,-18.11
2025-03-24 17:57:24.580000+00:00,,,,,4.125,-1.875,-0.875,23.07,-94.0,-2.875,-19.0,-0.024,0.003,-0.003,-0.39,0.07,9.46,-0.36,-0.25,-0.37,-0.31,0.14,9.8,0.155,-2.5,0.0,0.0,4.7,3.0,1017.17,66.51,-18.11
2025-03-24 17:57:25.736000+00:00,,,,,4.125,-1.875,-0.875,23.07,-94.0,-2.875,-19.0,-0.024,0.003,-0.003,-0.39,0.07,9.46,-0.36,-0.25,-0.37,-0.31,0.14,9.8,0.155,-2.5,0.0,0.0,4.7,3.0,1017.17,66.51,-18.11
2025-03-24 17:57:26.777000+00:00,,,,,4.125,-1.875,-0.875,23.07,-94.0,-2.875,-19.0,-0.024,0.003,-0.003,-0.39,0.07,9.46,-0.36,-0.25,-0.37,-0.31,0.14,9.8,0.155,-2.5,0.0,0.0,4.7,3.0,1017.17,66.51,-18.11
2025-03-24 17:57:27.934000+00:00,,,,,4.125,-1.875,-0.875,23.07,-94.0,-2.875,-19.0,-0.024,0.003,-0.003,-0.39,0.07,9.46,-0.36,-0.25,-0.37,-0.31,0.14,9.8,0.155,-2.5,0.0,0.0,4.7,3.0,1017.17,66.51,-18.11
2025-03-24 17:57:29.076000+00:00,,,,,4.125,-1.875,-0.875,23.07,-94.0,-2.875,-19.0,-0.024,0.003,-0.003,-0.39,0.07,9.46,-0.36,-0.25,-0.37,-0.31,0.14,9.8,0.155,-2.5,0.0,0.0,4.7,3.0,1017.17,66.51,-18.11
2025-03-24 17:57:30.529000+00:00,,,,,4.125,-1.875,-0.875,23.07,-94.0,-2.875,-19.0,-0.024,0.003,-0.003,-0.39,0.07,9.46,-0.36,-0.25,-0.37,-0.31,0.14,9.8,0.155,-2.5,0.0,0.0,4.7,3.0,1017.17,66.51,-18.11
2025-03-24 17:57:31.689000+00:00,,,,,4.125,-1.875,-0.875,23.07,-94.0,-2.875,-19.0,-0.024,0.003,-0.003,-0.39,0.07,9.46,-0.36,-0.25,-0.37,-0.31,0.14,9.8,0.155,-2.5,0.0,0.0,4.7,3.0,1017.17,66.51,-18.11
2025-03-24 17:57:32.725000+00:00,,,,,4.125,-1.875,-0.875,23.07,-94.0,-2.875,-19.0,-0.024,0.003,-0.003,-0.39,0.07,9.46,-0.36,-0.25,-0.37,-0.31,0.14,9.8,0.155,-2.5,0.0,0.0,4.7,3.0,1017.17,66.51,-18.11
2025-03-24 17:57:33.724000+00:00,,,,,4.125,-1.875,-0.875,23.07,-94.0,-2.875,-19.0,-0.024,0.003,-0.003,-0.39,0.07,9.46,-0.36,-0.25,-0.37,-0.31,0.14,9.8,0.155,-2.5,0.0,0.0,4.7,3.0,1017.17,66.51,-18.11
2025-03-24 17:57:34.796000+00:00,,,,,4.125,-1.875,-0.875,23.07,-94.0,-2.875,-19.0,-0.024,0.003,-0.003,-0.39,0.07,9.46,-0.36,-0.25,-0.37,-0.31,0.14,9.8,0.155,-2.5,0.0,0.0,4.7,3.0,1017.17,66.51,-18.11
2025-03-24 17:57:35.939000+00:00,,,,,4.125,-1.875,-0.875,23.07,-94.0,-2.875,-19.0,-0.024,0.003,-0.003,-0.39,0.07,9.46,-0.36,-0.25,-0.37,-0.31,0.14,9.8,0.155,-2.5,0.0,0.0,4.7,3.0,1017.17,66.51,-18.11
2025-03-24 17:57:37.079000+00:00,,,,,4.125,-1.875,-0.875,23.07,-94.0,-2.875,-19.0,-0.024,0.003,-0.003,-0.39,0.07,9.46,-0.36,-0.25,-0.37,-0.31,0.14,9.8,0.155,-2.5,0.0,0.0,4.7,3.0,1017.17,66.51,-18.11
2025-03-24 17:57:38.610000+00:00,,,,,4.125,-1.875,-0.875,23.07,-94.0,-2.875,-19.0,-0.024,0.003,-0.003,-0.39,0.07,9.46,-0.36,-0.25,-0.37,-0.31,0.14,9.8,0.155,-2.5,0.0,0.0,4.7,3.0,1017.17,66.51,-18.11
2025-03-24 17:57:39.785000+00:00,,,,,4.125,-1.875,-0.875,23.07,-94.0,-2.875,-19.0,-0.024,0.003,-0.003,-0.39,0.07,9.46,-0.36,-0.25,-0.37,-0.31,0.14,9.8,0.155,-2.5,0.0,0.0,4.7,3.0,1017.17,66.51,-18.11
2025-03-24 17:57:40.922000+00:00,,,,,4.125,-1.875,-0.875,23.07,-94.0,-2.875,-19.0,-0.024,0.003,-0.003,-0.39,0.07,9.46,-0.36,-0.25,-0.37,-0.31,0.14,9.8,0.155,-2.5,0.0,0.0,4.7,3.0,1017.17,66.51,-18.11
2025-03-24 17:57:42.068000+00:00,,,,,4.125,-1.875,-0.875,23.07,-94.0,-2.875,-19.0,-0.024,0.003,-0.003,-0.39,0.07,9.46,-0.36,-0.25,-0.37,-0.31,0.14,9.8,0.155,-2.5,0.0,0.0,4.7,3.0,1017.17,66.51,-18.11
2025-03-24 17:57:43.212000+00:00,,,,,4.125,-1.875,-0.875,23.07,-94.0,-2.875,-19.0,-0.024,0.003,-0.003,-0.39,0.07,9.46,-0.36,-0.25,-0.37,-0.31,0.14,9.8,0.155,-2.5,0.0,0.0,4.7,3.0,1017.17,66.51,-18.11
2025-03-24 17:57:44.261000+00:00,,,,,4.125,-1.875,-0.875,23.07,-94.0,-2.875,-19.0,-0.024,0.003,-0.003,-0.39,0.07,9.46,-0.36,-0.25,-0.37,-0.31,0.14,9.8,0.155,-2.5,0.0,0.0,4.7,3.0,1017.17,66.51,-18.11
2025-03-24 17:57:45.844000+00:00,,,,,4.125,-1.875,-0.875,23.07,-94.0,-2.875,-19.0,-0.024,0.003,-0.003,-0.39,0.07,9.46,-0.36,-0.25,-0.37,-0.31,0.14,9.8,0.155,-2.5,0.0,0.0,4.7,3.0,1017.17,66.51,-18.11
2025-03-24 17:57:46.864000+00:00,,,,,4.125,-1.875,-0.875,23.07,-94.0,-2.875,-19.0,-0.024,0.003,-0.003,-0.39,0.07,9.46,-0.36,-0.25,-0.37,-0.31,0.14,9.8,0.155,-2.5,0.0,0.0,4.7,3.0,1017.17,66.51,-18.11
2025-03-24 17:57:47.858000+00:00,,,,,4.125,-1.875,-0.875,23.07,-94.0,-2.875,-19.0,-0.024,0.003,-0.003,-0.39,0.07,9.46,-0.36,-0.25,-0.37,-0.31,0.14,9.8,0.155,-2.5,0.0,0.0,4.7,3.0,1017.17,66.51,-18.11
2025-03-24 17:57:48.852000+00:00,,,,,4.125,-1.875,-0.875,23.07,-94.0,-2.875,-19.0,-0.024,0.003,-0.003,-0.39,0.07,9.46,-0.36,-0.25,-0.37,-0.31,0.14,9.8,0.155,-2.5,0.0,0.0,4.7,3.0,1017.17,66.51,-18.11
2025-03-24 17:57:49.983000+00:00,,,,,4.125,-1.875,-0.875,23.07,-94.0,-2.875,-19.0,-0.024,0.003,-0.003,-0.39,0.07,9.46,-0.36,-0.25,-0.37,-0.31,0.14,9.8,0.155,-2.5,0.0,0.0,4.7,3.0,1017.17,66.51,-18.11
2025-03-24 17:57:51.031000+00:00,,,,,4.125,-1.875,-0.875,23.07,-94.0,-2.875,-19.0,-0.024,0.003,-0.003,-0.39,0.07,9.46,-0.36,-0.25,-0.37,-0.31,0.14,9.8,0.155,-2.5,0.0,0.0,4.7,3.0,1017.17,66.51,-18.11
2025-03-24 17:57:52.171000+00:00,,,,,4.125,-1.875,-0.875,23.07,-94.0,-2.875,-19.0,-0.024,0.003,-0.003,-0.39,0.07,9.46,-0.36,-0.25,-0.37,-0.31,0.14,9.8,0.155,-2.5,0.0,0.0,4.7,3.0,1017.17,66.51,-18.11
2025-03-24 17:57:53.319000+00:00,,,,,4.125,-1.875,-0.875,23.07,-94.0,-2.875,-19.0,-0.024,0.003,-0.003,-0.39,0.07,9.46,-0.36,-0.25,-0.37,-0.31,0.14,9.8,0.155,-2.5,0.0,0.0,4.7,3.0,1017.17,66.51,-18.11
2025-03-24 17:57:54.927000+00:00,,,,,4.125,-1.875,-0.875,23.07,-94.0,-2.875,-19.0,-0.024,0.003,-0.003,-0.39,0.07,9.46,-0.36,-0.25,-0.37,-0.31,0.14,9.8,0.155,-2.5,0.0,0.0,4.7,3.0,1017.17,66.51,-18.11
2025-03-24 17:57:55.897000+00:00,,,,,4.125,-1.875,-0.875,23.07,-94.0,-2.875,-19.0,-0.024,0.003,-0.003,-0.39,0.07,9.46,-0.36,-0.25,-0.37,-0.31,0.14,9.8,0.155,-2.5,0.0,0.0,4.7,3.0,1017.17,66.51,-18.11
2025-03-24 17:57:56.935000+00:00,,,,,4.125,-1.875,-0.875,23.07,-94.0,-2.875,-19.0,-0.024,0.003,-0.003,-0.39,0.07,9.46,-0.36,-0.25,-0.37,-0.31,0.14,9.8,0.155,-2.5,0.0,0.0,4.7,3.0,1017.17,66.51,-18.11
2025-03-24 17:57:57.896000+00:00,,,,,4.125,-1.875,-0.875,23.07,-94.0,-2.875,-19.0,-0.024,0.003,-0.003,-0.39,0.07,9.46,-0.36,-0.25,-0.37,-0.31,0.14,9.8,0.155,-2.5,0.0,0.0,4.7,3.0,1017.17,66.51,-18.11
2025-03-24 17:57:58.902000+00:00,,,,,4.125,-1.875,-0.875,23.07,-94.0,-2.875,-19.0,-0.024,0.003,-0.003,-0.39,0.07,9.46,-0.36,-0.25,-0.37,-0.31,0.14,9.8,0.155,-2.5,0.0,0.0,4.7,3.0,1017.17,66.51,-18.11
2025-03-24 17:57:59.932000+00:00,,,,,4.125,-1.875,-0.875,23.07,-94.0,-2.875,-19.0,-0.024,0.003,-0.003,-0.39,0.07,9.46,-0.36,-0.25,-0.37,-0.31,0.14,9.8,0.155,-2.5,0.0,0.0,4.7,3.0,1017.17,66.51,-18.11
2025-03-24 17:58:00.940000+00:00,,,,,4.125,-1.875,-0.875,23.07,-94.0,-2.875,-19.0,-0.024,0.003,-0.003,-0.39,0.07,9.46,-0.36,-0.25,-0.37,-0.31,0.14,9.8,0.155,-2.5,0.0,0.0,4.7,3.0,1017.17,66.51,-18.11
2025-03-24 17:58:02.095000+00:00,,,,,4.125,-1.875,-0.875,23.07,-94.0,-2.875,-19.0,-0.024,0.003,-0.003,-0.39,0.07,9.46,-0.36,-0.25,-0.37,-0.31,0.14,9.8,0.155,-2.5,0.0,0.0,4.7,3.0,1017.17,66.51,-18.11
2025-03-24 17:58:03.243000+00:00,,,,,4.125,-1.875,-0.875,23.07,-94.0,-2.875,-19.0,-0.024,0.003,-0.003,-0.39,0.07,9.46,-0.36,-0.25,-0.37,-0.31,0.14,9.8,0.155,-2.5,0.0,0.0,4.7,3.0,1017.17,66.51,-18.11
2025-03-24 17:57:04.590000+00:00,,,,,4.125,-1.875,-0.875,23.07,-94.0,-2.875,-19.0,-0.024,0.003,-0.003,-0.39,0.07,9.46,-0.36,-0.25,-0.37,-0.31,0.14,9.8,0.155,-2.5,0.0,0.0,4.7,3.0,1017.17,66.51,-18.11
2025-03-24 17:57:05.622000+00:00,,,,,4.125,-1.875,-0.875,23.07,-94.0,-2.875,-19.0,-0.024,0.003,-0.003,-0.39,0.07,9.46,-0.36,-0.25,-0.37,-0.31,0.14,9.8,0.155,-2.5,0.0,0.0,4.7,3.0,1017.17,66.51,-18.11
2025-03-24 17:57:06.716000+00:00,,,,,4.125,-1.875,-0.875,23.07,-94.0,-2.875,-19.0,-0.024,0.003,-0.003,-0.39,0.07,9.46,-0.36,-0.25,-0.37,-0.31,0.14,9.8,0.155,-2.5,0.0,0.0,4.7,3.0,1017.17,66.51,-18.11
2025-03-24 17:57:07.840000+00:00,,,,,4.125,-1.875,-0.875,23.07,-94.0,-2.875,-19.0,-0.024,0.003,-0.003,-0.39,0.07,9.46,-0.36,-0.25,-0.37,-0.31,0.14,9.8,0.155,-2.5,0.0,0.0,4.7,3.0,1017.17,66.51,-18.11
2025-03-24 17:57:09.450000+00:00,,,,,4.125,-1.875,-0.875,23.07,-94.0,-2.875,-19.0,-0.024,0.003,-0.003,-0.39,0.07,9.46,-0.36,-0.25,-0.37,-0.31,0.14,9.8,0.155,-2.5,0.0,0.0,4.7,3.0,1017.17,66.51,-18.11
2025-03-24 17:57:10.486000+00:00,,,,,4.125,-1.875,-0.875,23.07,-94.0,-2.875,-19.0,-0.024,0.003,-0.003,-0.39,0.07,9.46,-0.36,-0.25,-0.37,-0.31,0.14,9.8,0.155,-2.5,0.0,0.0,4.7,3.0,1017.13,66.51,-18.11
2025-03-24 17:57:11.693000+00:00,,,,,4.125,-1.875,-0.875,23.07,-94.0,-2.875,-19.0,-0.024,0.003,-0.003,-0.39,0.07,9.46,-0.36,-0.25,-0.37,-0.31,0.14,9.8,0.155,-2.5,0.0,0.0,4.7,3.0,1017.13,66.51,-18.11
2025-03-24 17:57:12.681000+00:00,,,,,4.125,-1.875,-0.875,23.07,-94.0,-2.875,-19.0,-0.024,0.003,-0.003,-0.39,0.07,9.46,-0.36,-0.25,-0.37,-0.31,0.14,9.8,0.155,-2.5,0.0,0.0,4.7,3.0,1017.13,66.51,-18.11
2025-03-24 17:57:13.781000+00:00,,,,,4.125,-1.875,-0.875,23.07,-94.0,-2.875,-19.0,-0.024,0.003,-0.003,-0.39,0.07,9.46,-0.36,-0.25,-0.37,-0.31,0.14,9.8,0.155,-2.5,0.0,0.0,4.7,3.0,1017.13,66.51,-18.11
2025-03-24 17:57:14.919000+00:00,,,,,4.125,-1.875,-0.875,23.07,-94.0,-2.875,-19.0,-0.024,0.003,-0.003,-0.39,0.07,9.46,-0.36,-0.25,-0.37,-0.31,0.14,9.8,0.155,-2.5,0.0,0.0,4.7,3.0,1017.13,66.51,-18.11
2025-03-24 17:57:15.973000+00:00,,,,,4.125,-1.875,-0.875,23.07,-94.0,-2.875,-19.0,-0.024,0.003,-0.003,-0.39,0.07,9.46,-0.36,-0.25,-0.37,-0.31,0.14,9.8,0.155,-2.5,0.0,0.0,4.7,3.0,1017.13,66.51,-18.11
2025-03-24 17:57:17.109000+00:00,,,,,4.125,-1.875,-0.875,23.07,-94.0,-2.875,-19.0,-0.024,0.003,-0.003,-0.39,0.07,9.46,-0.36,-0.25,-0.37,-0.31,0.14,9.8,0.155,-2.5,0.0,0.0,4.7,3.0,1017.13,66.51,-18.11
2025-03-24 17:57:18.591000+00:00,,,,,4.125,-1.875,-0.875,23.07,-94.0,-2.875,-19.0,-0.024,0.003,-0.003,-0.39,0.07,9.46,-0.36,-0.25,-0.37,-0.31,0.14,9.8,0.155,-2.5,0.0,0.0,4.7,3.0,1017.13,66.51,-18.11
2025-03-24 17:57:19.586000+00:00,,,,,4.125,-1.875,-0.875,23.07,-94.0,-2.875,-19.0,-0.024,0.003,-0.003,-0.39,0.07,9.46,-0.36,-0.25,-0.37,-0.31,0.14,9.8,0.155,-2.5,0.0,0.0,4.7,3.0,1017.13,66.51,-18.11
2025-03-24 17:57:20.720000+00:00,,,,,4.125,-1.875,-0.875,23.07,-94.0,-2.875,-19.0,-0.024,0.003,-0.003,-0.39,0.07,9.46,-0.36,-0.25,-0.37,-0.31,0.14,9.8,0.155,-2.5,0.0,0.0,4.7,3.0,1017.13,66.51,-18.11
2025-03-24 17:57:21.755000+00:00,,,,,4.125,-1.875,-0.875,23.07,-94.0,-2.875,-19.0,-0.024,0.003,-0.003,-0.39,0.07,9.46,-0.36,-0.25,-0.37,-0.31,0.14,9.8,0.155,-2.5,0.0,0.0,4.7,3.0,1017.13,66.51,-18.11
2025-03-24 17:57:22.765000+00:00,,,,,4.125,-1.875,-0.875,23.07,-94.0,-2.875,-19.0,-0.024,0.003,-0.003,-0.39,0.07,9.46,-0.36,-0.25,-0.37,-0.31,0.14,9.8,0.155,-2.5,0.0,0.0,4.7,3.0,1017.13,66.51,-18.11
2025-03-24 17:57:23.774000+00:00,,,,,4.125,-1.875,-0.875,23.07,-94.0,-2.875,-19.0,-0.024,0.003,-0.003,-0.39,0.07,9.46,-0.36,-0.25,-0.37,-0.31,0.14,9.8,0.155,-2.5,0.0,0.0,4.7,3.0,1017.13,66.51,-18.11
2025-03-24 17:57:24.729000+00:00,,,,,4.125,-1.875,-0.875,23.07,-94.0,-2.875,-19.0,-0.024,0.003,-0.003,-0.39,0.07,9.46,-0.36,-0.25,-0.37,-0.31,0.14,9.8,0.155,-2.5,0.0,0.0,4.7,3.0,1017.13,66.51,-18.11
2025-03-24 17:57:25.893000+00:00,,,,,4.125,-1.875,-0.875,23.07,-94.0,-2.875,-19.0,-0.024,0.003,-0.003,-0.39,0.07,9.46,-0.36,-0.25,-0.37,-0.31,0.14,9.8,0.155,-2.5,0.0,0.0,4.7,3.0,1017.13,66.51,-18.11
2025-03-24 17:57:26.951000+00:00,,,,,4.125,-1.875,-0.875,23.07,-94.0,-2.875,-19.0,-0.024,0.003,-0.003,-0.39,0.07,9.46,-0.36,-0.25,-0.37,-0.31,0.14,9.8,0.155,-2.5,0.0,0.0,4.7,3.0,1017.13,66.51,-18.11
2025-03-24 17:57:28.099000+00:00,,,,,4.125,-1.875,-0.875,23.07,-94.0,-2.875,-19.0,-0.024,0.003,-0.003,-0.39,0.07,9.46,-0.36,-0.25,-0.37,-0.31,0.14,9.8,0.155,-2.5,0.0,0.0,4.7,3.0,1017.13,66.51,-18.11
2025-03-24 17:57:29.242000+00:00,,,,,4.125,-1.875,-0.875,23.07,-94.0,-2.875,-19.0,-0.024,0.003,-0.003,-0.39,0.07,9.46,-0.36,-0.25,-0.37,-0.31,0.14,9.8,0.155,-2.5,0.0,0.0,4.7,3.0,1017.13,66.51,-18.11
2025-03-24 17:57:30.689000+00:00,,,,,4.125,-1.875,-0.875,23.07,-94.0,-2.875,-19.0,-0.024,0.003,-0.003,-0.39,0.07,9.46,-0.36,-0.25,-0.37,-0.31,0.14,9.8,0.155,-2.5,0.0,0.0,4.7,3.0,1017.13,66.51,-18.11
2025-03-24 17:57:31.859000+00:00,,,,,4.125,-1.875,-0.875,23.07,-94.0,-2.875,-19.0,-0.024,0.003,-0.003,-0.39,0.07,9.46,-0.36,-0.25,-0.37,-0.31,0.14,9.8,0.155,-2.5,0.0,0.0,4.7,3.0,1017.13,66.51,-18.11
2025-03-24 17:57:32.904000+00:00,,,,,4.125,-1.875,-0.875,23.07,-94.0,-2.875,-19.0,-0.024,0.003,-0.003,-0.39,0.07,9.46,-0.36,-0.25,-0.37,-0.31,0.14,9.8,0.155,-2.5,0.0,0.0,4.7,3.0,1017.13,66.51,-18.11
2025-03-24 17:57:33.889000+00:00,,,,,4.125,-1.875,-0.875,23.07,-94.0,-2.875,-19.0,-0.024,0.003,-0.003,-0.39,0.07,9.46,-0.36,-0.25,-0.37,-0.31,0.14,9.8,0.155,-2.5,0.0,0.0,4.7,3.0,1017.13,66.51,-18.11
2025-03-24 17:57:34.948000+00:00,,,,,4.125,-1.875,-0.875,23.07,-94.0,-2.875,-19.0,-0.024,0.003,-0.003,-0.39,0.07,9.46,-0.36,-0.25,-0.37,-0.31,0.14,9.8,0.155,-2.5,0.0,0.0,4.7,3.0,1017.13,66.51,-18.11
2025-03-24 17:57:36.095000+00:00,,,,,4.125,-1.875,-0.875,23.07,-94.0,-2.875,-19.0,-0.024,0.003,-0.003,-0.39,0.07,9.46,-0.36,-0.25,-0.37,-0.31,0.14,9.8,0.155,-2.5,0.0,0.0,4.7,3.0,1017.13,66.51,-18.11
2025-03-24 17:57:37.238000+00:00,,,,,4.125,-1.875,-0.875,23.07,-94.0,-2.875,-19.0,-0.024,0.003,-0.003,-0.39,0.07,9.46,-0.36,-0.25,-0.37,-0.31,0.14,9.8,0.155,-2.5,0.0,0.0,4.7,3.0,1017.13,66.51,-18.11
2025-03-24 17:57:38.785000+00:00,,,,,4.125,-1.875,-0.875,23.07,-94.0,-2.875,-19.0,-0.024,0.003,-0.003,-0.39,0.07,9.46,-0.36,-0.25,-0.37,-0.31,0.14,9.8,0.155,-2.5,0.0,0.0,4.7,3.0,1017.13,66.51,-18.11
2025-03-24 17:57:39.964000+00:00,,,,,4.125,-1.875,-0.875,23.07,-94.0,-2.875,-19.0,-0.024,0.003,-0.003,-0.39,0.07,9.46,-0.36,-0.25,-0.37,-0.31,0.14,9.8,0.155,-2.5,0.0,0.0,4.7,3.0,1017.06,66.51,-18.11
2025-03-24 17:57:41.082000+00:00,,,,,4.125,-1.875,-0.875,23.07,-94.0,-2.875,-19.0,-0.024,0.003,-0.003,-0.39,0.07,9.46,-0.36,-0.25,-0.37,-0.31,0.14,9.8,0.155,-2.5,0.0,0.0,4.7,3.0,1017.06,66.51,-18.11
2025-03-24 17:57:42.229000+00:00,,,,,4.125,-1.875,-0.875,23.07,-94.0,-2.875,-19.0,-0.024,0.003,-0.003,-0.39,0.07,9.46,-0.36,-0.25,-0.37,-0.31,0.14,9.8,0.155,-2.5,0.0,0.0,4.7,3.0,1017.06,66.51,-18.11
2025-03-24 17:57:43.358000+00:00,,,,,4.125,-1.875,-0.875,23.07,-94.0,-2.875,-19.0,-0.024,0.003,-0.003,-0.39,0.07,9.46,-0.36,-0.25,-0.37,-0.31,0.14,9.8,0.155,-2.5,0.0,0.0,4.7,3.0,1017.06,66.51,-18.11
2025-03-24 17:57:44.415000+00:00,,,,,4.125,-1.875,-0.875,23.07,-94.0,-2.875,-19.0,-0.024,0.003,-0.003,-0.39,0.07,9.46,-0.36,-0.25,-0.37,-0.31,0.14,9.8,0.155,-2.5,0.0,0.0,4.7,3.0,1017.06,66.51,-18.11
2025-03-24 17:57:46.024000+00:00,,,,,4.125,-1.875,-0.875,23.07,-94.0,-2.875,-19.0,-0.024,0.003,-0.003,-0.39,0.07,9.46,-0.36,-0.25,-0.37,-0.31,0.14,9.8,0.155,-2.5,0.0,0.0,4.7,3.0,1017.06,66.51,-18.11
2025-03-24 17:57:47.018000+00:00,,,,,4.125,-1.875,-0.875,23.07,-94.0,-2.875,-19.0,-0.024,0.003,-0.003,-0.39,0.07,9.46,-0.36,-0.25,-0.37,-0.31,0.14,9.8,0.155,-2.5,0.0,0.0,4.7,3.0,1017.06,66.51,-18.11
2025-03-24 17:57:48.013000+00:00,,,,,4.125,-1.875,-0.875,23.07,-94.0,-2.875,-19.0,-0.024,0.003,-0.003,-0.39,0.07,9.46,-0.36,-0.25,-0.37,-0.31,0.14,9.8,0.155,-2.5,0.0,0.0,4.7,3.0,1017.06,66.51,-18.11
2025-03-24 17:57:48.998000+00:00,,,,,4.125,-1.875,-0.875,23.07,-94.0,-2.875,-19.0,-0.024,0.003,-0.003,-0.39,0.07,9.46,-0.36,-0.25,-0.37,-0.31,0.14,9.8,0.155,-2.5,0.0,0.0,4.7,3.0,1017.06,66.51,-18.11
2025-03-24 17:57:50.158000+00:00,,,,,4.125,-1.875,-0.875,23.07,-94.0,-2.875,-19.0,-0.024,0.003,-0.003,-0.39,0.07,9.46,-0.36,-0.25,-0.37,-0.31,0.14,9.8,0.155,-2.5,0.0,0.0,4.7,3.0,1017.06,66.51,-18.11
2025-03-24 17:57:51.178000+00:00,,,,,4.125,-1.875,-0.875,23.07,-94.0,-2.875,-19.0,-0.024,0.003,-0.003,-0.39,0.07,9.46,-0.36,-0.25,-0.37,-0.31,0.14,9.8,0.155,-2.5,0.0,0.0,4.7,3.0,1017.06,66.51,-18.11
2025-03-24 17:57:52.327000+00:00,,,,,4.125,-1.875,-0.875,23.07,-94.0,-2.875,-19.0,-0.024,0.003,-0.003,-0.39,0.07,9.46,-0.36,-0.25,-0.37,-0.31,0.14,9.8,0.155,-2.5,0.0,0.0,4.7,3.0,1017.06,66.51,-18.11
2025-03-24 17:57:53.493000+00:00,,,,,4.125,-1.875,-0.875,23.07,-94.0,-2.875,-19.0,-0.024,0.003,-0.003,-0.39,0.07,9.46,-0.36,-0.25,-0.37,-0.31,0.14,9.8,0.155,-2.5,0.0,0.0,4.7,3.0,1017.06,66.51,-18.11
2025-03-24 17:57:55.081000+00:00,,,,,4.125,-1.875,-0.875,23.07,-94.0,-2.875,-19.0,-0.024,0.003,-0.003,-0.39,0.07,9.46,-0.36,-0.25,-0.37,-0.31,0.14,9.8,0.155,-2.5,0.0,0.0,4.7,3.0,1017.06,66.51,-18.11
2025-03-24 17:57:56.057000+00:00,,,,,4.125,-1.875,-0.875,23.07,-94.0,-2.875,-19.0,-0.024,0.003,-0.003,-0.39,0.07,9.46,-0.36,-0.25,-0.37,-0.31,0.14,9.8,0.155,-2.5,0.0,0.0,4.7,3.0,1017.06,66.51,-18.11
2025-03-24 17:57:57.092000+00:00,,,,,4.125,-1.875,-0.875,23.07,-94.0,-2.875,-19.0,-0.024,0.003,-0.003,-0.39,0.07,9.46,-0.36,-0.25,-0.37,-0.31,0.14,9.8,0.155,-2.5,0.0,0.0,4.7,3.0,1017.06,66.51,-18.11
2025-03-24 17:57:58.062000+00:00,,,,,4.125,-1.875,-0.875,23.07,-94.0,-2.875,-19.0,-0.024,0.003,-0.003,-0.39,0.07,9.46,-0.36,-0.25,-0.37,-0.31,0.14,9.8,0.155,-2.5,0.0,0.0,4.7,3.0,1017.06,66.51,-18.11
2025-03-24 17:57:59.061000+00:00,,,,,4.125,-1.875,-0.875,23.07,-94.0,-2.875,-19.0,-0.024,0.003,-0.003,-0.39,0.07,9.46,-0.36,-0.25,-0.37,-0.31,0.14,9.8,0.155,-2.5,0.0,0.0,4.7,3.0,1017.06,66.51,-18.11
2025-03-24 17:58:00.095000+00:00,,,,,4.125,-1.875,-0.875,23.07,-94.0,-2.875,-19.0,-0.024,0.003,-0.003,-0.39,0.07,9.46,-0.36,-0.25,-0.37,-0.31,0.14,9.8,0.155,-2.5,0.0,0.0,4.7,3.0,1017.06,66.51,-18.11
2025-03-24 17:58:01.096000+00:00,,,,,4.125,-1.875,-0.875,23.07,-94.0,-2.875,-19.0,-0.024,0.003,-0.003,-0.39,0.07,9.46,-0.36,-0.25,-0.37,-0.31,0.14,9.8,0.155,-2.5,0.0,0.0,4.7,3.0,1017.06,66.51,-18.11
2025-03-24 17:58:02.245000+00:00,,,,,4.125,-1.875,-0.875,23.07,-94.0,-2.875,-19.0,-0.024,0.003,-0.003,-0.39,0.07,9.46,-0.36,-0.25,-0.37,-0.31,0.14,9.8,0.155,-2.5,0.0,0.0,4.7,3.0,1017.06,66.51,-18.11
2025-03-24 17:58:03.403000+00:00,,,,,4.125,-1.875,-0.875,23.07,-94.0,-2.875,-19.0,-0.024,0.003,-0.003,-0.39,0.07,9.46,-0.36,-0.25,-0.37,-0.31,0.14,9.8,0.155,-2.5,0.0,0.0,4.7,3.0,1017.06,66.51,-18.11
2025-03-24 17:57:04.536000+00:00,,,,,4.125,-1.875,-0.875,23.07,-94.0,-2.875,-19.0,-0.024,0.003,-0.003,-0.39,0.07,9.46,-0.36,-0.25,-0.37,-0.31,0.14,9.8,0.155,-2.5,0.0,0.0,4.7,3.0,1017.06,66.51,-18.11
2025-03-24 17:57:05.566000+00:00,,,,,4.125,-1.875,-0.875,23.07,-94.0,-2.875,-19.0,-0.024,0.003,-0.003,-0.39,0.07,9.46,-0.36,-0.25,-0.37,-0.31,0.14,9.8,0.155,-2.5,0.0,0.0,4.7,3.0,1017.06,66.51,-18.11
2025-03-24 17:57:06.661000+00:00,,,,,4.125,-1.875,-0.875,23.07,-94.0,-2.875,-19.0,-0.024,0.003,-0.003,-0.39,0.07,9.46,-0.36,-0.25,-0.37,-0.31,0.14,9.8,0.155,-2.5,0.0,0.0,4.7,3.0,1017.06,66.51,-18.11
2025-03-24 17:57:07.789000+00:00,,,,,4.125,-1.875,-0.875,23.07,-94.0,-2.875,-19.0,-0.024,0.003,-0.003,-0.39,0.07,9.46,-0.36,-0.25,-0.37,-0.31,0.14,9.8,0.155,-2.5,0.0,0.0,4.7,3.0,1017.06,66.51,-18.11
2025-03-24 17:57:09.400000+00:00,,,,,4.125,-1.875,-0.875,23.07,-94.0,-2.875,-19.0,-0.024,0.003,-0.003,-0.39,0.07,9.46,-0.36,-0.25,-0.37,-0.31,0.14,9.8,0.155,-2.5,0.0,0.0,4.7,3.0,1017.06,66.51,-18.11
2025-03-24 17:57:10.426000+00:00,,,,,4.125,-1.875,-0.875,23.07,-94.0,-2.875,-19.0,-0.024,0.003,-0.003,-0.39,0.07,9.46,-0.36,-0.25,-0.37,-0.31,0.14,9.8,0.155,-2.5,0.0,0.0,4.7,3.0,1017.06,66.65,-18.11
2025-03-24 17:57:11.636000+00:00,,,,,4.125,-1.875,-0.875,23.07,-94.0,-2.875,-19.0,-0.024,0.003,-0.003,-0.39,0.07,9.46,-0.36,-0.25,-0.37,-0.31,0.14,9.8,0.155,-2.5,0.0,0.0,4.7,3.0,1017.06,66.65,-18.11
2025-03-24 17:57:12.630000+00:00,,,,,4.125,-1.875,-0.875,23.07,-94.0,-2.875,-19.0,-0.024,0.003,-0.003,-0.39,0.07,9.46,-0.36,-0.25,-0.37,-0.31,0.14,9.8,0.155,-2.5,0.0,0.0,4.7,3.0,1017.06,66.65,-18.11
2025-03-24 17:57:13.726000+00:00,,,,,4.125,-1.875,-0.875,23.07,-94.0,-2.875,-19.0,-0.024,0.003,-0.003,-0.39,0.07,9.46,-0.36,-0.25,-0.37,-0.31,0.14,9.8,0.155,-2.5,0.0,0.0,4.7,3.0,1017.06,66.65,-18.11
2025-03-24 17:57:14.866000+00:00,,,,,4.125,-1.875,-0.875,23.07,-94.0,-2.875,-19.0,-0.024,0.003,-0.003,-0.39,0.07,9.46,-0.36,-0.25,-0.37,-0.31,0.14,9.8,0.155,-2.5,0.0,0.0,4.7,3.0,1017.06,66.65,-18.11
2025-03-24 17:57:15.916000+00:00,,,,,4.125,-1.875,-0.875,23.07,-94.0,-2.875,-19.0,-0.024,0.003,-0.003,-0.39,0.07,9.46,-0.36,-0.25,-0.37,-0.31,0.14,9.8,0.155,-2.5,0.0,0.0,4.7,3.0,1017.06,66.65,-18.11
2025-03-24 17:57:17.065000+00:00,,,,,4.125,-1.875,-0.875,23.07,-94.0,-2.875,-19.0,-0.024,0.003,-0.003,-0.39,0.07,9.46,-0.36,-0.25,-0.37,-0.31,0.14,9.8,0.155,-2.5,0.0,0.0,4.7,3.0,1017.06,66.65,-18.11
2025-03-24 17:57:18.540000+00:00,,,,,4.125,-1.875,-0.875,23.07,-94.0,-2.875,-19.0,-0.024,0.003,-0.003,-0.39,0.07,9.46,-0.36,-0.25,-0.37,-0.31,0.14,9.8,0.155,-2.5,0.0,0.0,4.7,3.0,1017.06,66.65,-18.11
2025-03-24 17:57:19.526000+00:00,,,,,4.125,-1.875,-0.875,23.07,-94.0,-2.875,-19.0,-0.024,0.003,-0.003,-0.39,0.07,9.46,-0.36,-0.25,-0.37,-0.31,0.14,9.8,0.155,-2.5,0.0,0.0,4.7,3.0,1017.06,66.65,-18.11
2025-03-24 17:57:20.671000+00:00,,,,,4.125,-1.875,-0.875,23.07,-94.0,-2.875,-19.0,-0.024,0.003,-0.003,-0.39,0.07,9.46,-0.36,-0.25,-0.37,-0.31,0.14,9.8,0.155,-2.5,0.0,0.0,4.7,3.0,1017.06,66.65,-18.11
2025-03-24 17:57:21.695000+00:00,,,,,4.125,-1.875,-0.875,23.07,-94.0,-2.875,-19.0,-0.024,0.003,-0.003,-0.39,0.07,9.46,-0.36,-0.25,-0.37,-0.31,0.14,9.8,0.155,-2.5,0.0,0.0,4.7,3.0,1017.06,66.65,-18.11
2025-03-24 17:57:22.705000+00:00,,,,,4.125,-1.875,-0.875,23.07,-94.0,-2.875,-19.0,-0.024,0.003,-0.003,-0.39,0.07,9.46,-0.36,-0.25,-0.37,-0.31,0.14,9.8,0.155,-2.5,0.0,0.0,4.7,3.0,1017.06,66.65,-18.11
2025-03-24 17:57:23.720000+00:00,,,,,4.125,-1.875,-0.875,23.07,-94.0,-2.875,-19.0,-0.024,0.003,-0.003,-0.39,0.07,9.46,-0.36,-0.25,-0.37,-0.31,0.14,9.8,0.155,-2.5,0.0,0.0,4.7,3.0,1017.06,66.65,-18.11
2025-03-24 17:57:24.681000+00:00,,,,,4.125,-1.875,-0.875,23.07,-94.0,-2.875,-19.0,-0.024,0.003,-0.003,-0.39,0.07,9.46,-0.36,-0.25,-0.37,-0.31,0.14,9.8,0.155,-2.5,0.0,0.0,4.7,3.0,1017.06,66.65,-18.11
2025-03-24 17:57:25.841000+00:00,,,,,4.125,-1.875,-0.875,23.07,-94.0,-2.875,-19.0,-0.024,0.003,-0.003,-0.39,0.07,9.46,-0.36,-0.25,-0.37,-0.31,0.14,9.8,0.155,-2.5,0.0,0.0,4.7,3.0,1017.06,66.65,-18.11
2025-03-24 17:57:26.897000+00:00,,,,,4.125,-1.875,-0.875,23.07,-94.0,-2.875,-19.0,-0.024,0.003,-0.003,-0.39,0.07,9.46,-0.36,-0.25,-0.37,-0.31,0.14,9.8,0.155,-2.5,0.0,0.0,4.7,3.0,1017.06,66.65,-18.11
2025-03-24 17:57:28.046000+00:00,,,,,4.125,-1.875,-0.875,23.07,-94.0,-2.875,-19.0,-0.024,0.003,-0.003,-0.39,0.07,9.46,-0.36,-0.25,-0.37,-0.31,0.14,9.8,0.155,-2.5,0.0,0.0,4.7,3.0,1017.06,66.65,-18.11
2025-03-24 17:57:29.185000+00:00,,,,,4.125,-1.875,-0.875,23.07,-94.0,-2.875,-19.0,-0.024,0.003,-0.003,-0.39,0.07,9.46,-0.36,-0.25,-0.37,-0.31,0.14,9.8,0.155,-2.5,0.0,0.0,4.7,3.0,1017.06,66.65,-18.11
2025-03-24 17:57:30.640000+00:00,,,,,4.125,-1.875,-0.875,23.07,-94.0,-2.875,-19.0,-0.024,0.003,-0.003,-0.39,0.07,9.46,-0.36,-0.25,-0.37,-0.31,0.14,9.8,0.155,-2.5,0.0,0.0,4.7,3.0,1017.06,66.65,-18.11
2025-03-24 17:57:31.805000+00:00,,,,,4.125,-1.875,-0.875,23.07,-94.0,-2.875,-19.0,-0.024,0.003,-0.003,-0.39,0.07,9.46,-0.36,-0.25,-0.37,-0.31,0.14,9.8,0.155,-2.5,0.0,0.0,4.7,3.0,1017.06,66.65,-18.11
2025-03-24 17:57:32.845000+00:00,,,,,4.125,-1.875,-0.875,23.07,-94.0,-2.875,-19.0,-0.024,0.003,-0.003,-0.39,0.07,9.46,-0.36,-0.25,-0.37,-0.31,0.14,9.8,0.155,-2.5,0.0,0.0,4.7,3.0,1017.06,66.65,-18.11
2025-03-24 17:57:33.842000+00:00,,,,,4.125,-1.875,-0.875,23.07,-94.0,-2.875,-19.0,-0.024,0.003,-0.003,-0.39,0.07,9.46,-0.36,-0.25,-0.37,-0.31,0.14,9.8,0.155,-2.5,0.0,0.0,4.7,3.0,1017.06,66.65,-18.11
2025-03-24 17:57:34.900000+00:00,,,,,4.125,-1.875,-0.875,23.07,-94.0,-2.875,-19.0,-0.024,0.003,-0.003,-0.39,0.07,9.46,-0.36,-0.25,-0.37,-0.31,0.14,9.8,0.155,-2.5,0.0,0.0,4.7,3.0,1017.06,66.65,-18.11
2025-03-24 17:57:36.039000+00:00,,,,,4.125,-1.875,-0.875,23.07,-94.0,-2.875,-19.0,-0.024,0.003,-0.003,-0.39,0.07,9.46,-0.36,-0.25,-0.37,-0.31,0.14,9.8,0.155,-2.5,0.0,0.0,4.7,3.0,1017.06,66.65,-18.11
2025-03-24 17:57:37.191000+00:00,,,,,4.125,-1.875,-0.875,23.07,-94.0,-2.875,-19.0,-0.024,0.003,-0.003,-0.39,0.07,9.46,-0.36,-0.25,-0.37,-0.31,0.14,9.8,0.155,-2.5,0.0,0.0,4.7,3.0,1017.06,66.65,-18.11
2025-03-24 17:57:38.724000+00:00,,,,,4.125,-1.875,-0.875,23.07,-94.0,-2.875,-19.0,-0.024,0.003,-0.003,-0.39,0.07,9.46,-0.36,-0.25,-0.37,-0.31,0.14,9.8,0.155,-2.5,0.0,0.0,4.7,3.0,1017.06,66.65,-18.11
2025-03-24 17:57:39.904000+00:00,,,,,4.125,-1.875,-0.875,23.07,-94.0,-2.875,-19.0,-0.024,0.003,-0.003,-0.39,0.07,9.46,-0.36,-0.25,-0.37,-0.31,0.14,9.8,0.155,-2.5,0.0,0.0,4.7,3.0,1017.06,66.75,-18.11
2025-03-24 17:57:41.024000+00:00,,,,,4.125,-1.875,-0.875,23.07,-94.0,-2.875,-19.0,-0.024,0.003,-0.003,-0.39,0.07,9.46,-0.36,-0.25,-0.37,-0.31,0.14,9.8,0.155,-2.5,0.0,0.0,4.7,3.0,1017.06,66.75,-18.11
2025-03-24 17:57:42.178000+00:00,,,,,4.125,-1.875,-0.875,23.07,-94.0,-2.875,-19.0,-0.024,0.003,-0.003,-0.39,0.07,9.46,-0.36,-0.25,-0.37,-0.31,0.14,9.8,0.155,-2.5,0.0,0.0,4.7,3.0,1017.06,66.75,-18.11
2025-03-24 17:57:43.310000+00:00,,,,,4.125,-1.875,-0.875,23.07,-94.0,-2.875,-19.0,-0.024,0.003,-0.003,-0.39,0.07,9.46,-0.36,-0.25,-0.37,-0.31,0.14,9.8,0.155,-2.5,0.0,0.0,4.7,3.0,1017.06,66.75,-18.11
2025-03-24 17:57:44.361000+00:00,,,,,4.125,-1.875,-0.875,23.07,-94.0,-2.875,-19.0,-0.024,0.003,-0.003,-0.39,0.07,9.46,-0.36,-0.25,-0.37,-0.31,0.14,9.8,0.155,-2.5,0.0,0.0,4.7,3.0,1017.06,66.75,-18.11
2025-03-24 17:57:45.964000+00:00,,,,,4.125,-1.875,-0.875,23.07,-94.0,-2.875,-19.0,-0.024,0.003,-0.003,-0.39,0.07,9.46,-0.36,-0.25,-0.37,-0.31,0.14,9.8,0.155,-2.5,0.0,0.0,4.7,3.0,1017.06,66.75,-18.11
2025-03-24 17:57:46.970000+00:00,,,,,4.125,-1.875,-0.875,23.07,-94.0,-2.875,-19.0,-0.024,0.003,-0.003,-0.39,0.07,9.46,-0.36,-0.25,-0.37,-0.31,0.14,9.8,0.155,-2.5,0.0,0.0,4.7,3.0,1017.06,66.75,-18.11
2025-03-24 17:57:47.957000+00:00,,,,,4.125,-1.875,-0.875,23.07,-94.0,-2.875,-19.0,-0.024,0.003,-0.003,-0.39,0.07,9.46,-0.36,-0.25,-0.37,-0.31,0.14,9.8,0.155,-2.5,0.0,0.0,4.7,3.0,1017.06,66.75,-18.11
2025-03-24 17:57:48.948000+00:00,,,,,4.125,-1.875,-0.875,23.07,-94.0,-2.875,-19.0,-0.024,0.003,-0.003,-0.39,0.07,9.46,-0.36,-0.25,-0.37,-0.31,0.14,9.8,0.155,-2.5,0.0,0.0,4.7,3.0,1017.06,66.75,-18.11
2025-03-24 17:57:50.103000+00:00,,,,,4.125,-1.875,-0.875,23.07,-94.0,-2.875,-19.0,-0.024,0.003,-0.003,-0.39,0.07,9.46,-0.36,-0.25,-0.37,-0.31,0.14,9.8,0.155,-2.5,0.0,0.0,4.7,3.0,1017.06,66.75,-18.11
2025-03-24 17:57:51.127000+00:00,,,,,4.125,-1.875,-0.875,23.07,-94.0,-2.875,-19.0,-0.024,0.003,-0.003,-0.39,0.07,9.46,-0.36,-0.25,-0.37,-0.31,0.14,9.8,0.155,-2.5,0.0,0.0,4.7,3.0,1017.06,66.75,-18.11
2025-03-24 17:57:52.273000+00:00,,,,,4.125,-1.875,-0.875,23.07,-94.0,-2.875,-19.0,-0.024,0.003,-0.003,-0.39,0.07,9.46,-0.36,-0.25,-0.37,-0.31,0.14,9.8,0.155,-2.5,0.0,0.0,4.7,3.0,1017.06,66.75,-18.11
2025-03-24 17:57:53.434000+00:00,,,,,4.125,-1.875,-0.875,23.07,-94.0,-2.875,-19.0,-0.024,0.003,-0.003,-0.39,0.07,9.46,-0.36,-0.25,-0.37,-0.31,0.14,9.8,0.155,-2.5,0.0,0.0,4.7,3.0,1017.06,66.75,-18.11
2025-03-24 17:57:55.027000+00:00,,,,,4.125,-1.875,-0.875,23.07,-94.0,-2.875,-19.0,-0.024,0.003,-0.003,-0.39,0.07,9.46,-0.36,-0.25,-0.37,-0.31,0.14,9.8,0.155,-2.5,0.0,0.0,4.7,3.0,1017.06,66.75,-18.11
2025-03-24 17:57:55.997000+00:00,,,,,4.125,-1.875,-0.875,23.07,-94.0,-2.875,-19.0,-0.024,0.003,-0.003,-0.39,0.07,9.46,-0.36,-0.25,-0.37,-0.31,0.14,9.8,0.155,-2.5,0.0,0.0,4.7,3.0,1017.06,66.75,-18.11
2025-03-24 17:57:57.036000+00:00,,,,,4.125,-1.875,-0.875,23.07,-94.0,-2.875,-19.0,-0.024,0.003,-0.003,-0.39,0.07,9.46,-0.36,-0.25,-0.37,-0.31,0.14,9.8,0.155,-2.5,0.0,0.0,4.7,3.0,1017.06,66.75,-18.11
2025-03-24 17:57:58.005000+00:00,,,,,4.125,-1.875,-0.875,23.07,-94.0,-2.875,-19.0,-0.024,0.003,-0.003,-0.39,0.07,9.46,-0.36,-0.25,-0.37,-0.31,0.14,9.8,0.155,-2.5,0.0,0.0,4.7,3.0,1017.06,66.75,-18.11
2025-03-24 17:57:59.005000+00:00,,,,,4.125,-1.875,-0.875,23.07,-94.0,-2.875,-19.0,-0.024,0.003,-0.003,-0.39,0.07,9.46,-0.36,-0.25,-0.37,-0.31,0.14,9.8,0.155,-2.5,0.0,0.0,4.7,3.0,1017.06,66.75,-18.11
2025-03-24 17:58:00.045000+00:00,,,,,4.125,-1.875,-0.875,23.07,-94.0,-2.875,-19.0,-0.024,0.003,-0.003,-0.39,0.07,9.46,-0.36,-0.25,-0.37,-0.31,0.14,9.8,0.155,-2.5,0.0,0.0,4.7,3.0,1017.06,66.75,-18.11
2025-03-24 17:58:01.045000+00:00,,,,,4.125,-1.875,-0.875,23.07,-94.0,-2.875,-19.0,-0.024,0.003,-0.003,-0.39,0.07,9.46,-0.36,-0.25,-0.37,-0.31,0.14,9.8,0.155,-2.5,0.0,0.0,4.7,3.0,1017.06,66.75,-18.11
2025-03-24 17:58:02.195000+00:00,,,,,4.125,-1.875,-0.875,23.07,-94.0,-2.875,-19.0,-0.024,0.003,-0.003,-0.39,0.07,9.46,-0.36,-0.25,-0.37,-0.31,0.14,9.8,0.155,-2.5,0.0,0.0,4.7,3.0,1017.06,66.75,-18.11
2025-03-24 17:58:03.345000+00:00,,,,,4.125,-1.875,-0.875,23.07,-94.0,-2.875,-19.0,-0.024,0.003,-0.003,-0.39,0.07,9.46,-0.36,-0.25,-0.37,-0.31,0.14,9.8,0.155,-2.5,0.0,0.0,4.7,3.0,1017.06,66.75,-18.11
2025-03-24 17:57:04.650000+00:00,,,,,4.125,-1.875,-0.875,23.07,-94.0,-2.875,-19.0,-0.024,0.003,-0.003,-0.39,0.07,9.46,-0.36,-0.25,-0.37,-0.31,0.14,9.8,0.155,-2.5,0.0,0.0,4.7,3.0,1017.06,66.75,-18.11
2025-03-24 17:57:05.670000+00:00,,,,,4.125,-1.875,-0.875,23.07,-94.0,-2.875,-19.0,-0.024,0.003,-0.003,-0.39,0.07,9.46,-0.36,-0.25,-0.37,-0.31,0.14,9.8,0.155,-2.5,0.0,0.0,4.7,3.0,1017.06,66.75,-18.11
2025-03-24 17:57:06.769000+00:00,,,,,4.125,-1.875,-0.875,23.07,-94.0,-2.875,-19.0,-0.024,0.003,-0.003,-0.39,0.07,9.46,-0.36,-0.25,-0.37,-0.31,0.14,9.8,0.155,-2.5,0.0,0.0,4.7,3.0,1017.06,66.75,-18.11
2025-03-24 17:57:07.900000+00:00,,,,,4.125,-1.875,-0.875,23.07,-94.0,-2.875,-19.0,-0.024,0.003,-0.003,-0.39,0.07,9.46,-0.36,-0.25,-0.37,-0.31,0.14,9.8,0.155,-2.5,0.0,0.0,4.7,3.0,1017.06,66.75,-18.11
2025-03-24 17:57:09.501000+00:00,,,,,4.125,-1.875,-0.875,23.07,-94.0,-2.875,-19.0,-0.024,0.003,-0.003,-0.39,0.07,9.46,-0.36,-0.25,-0.37,-0.31,0.14,9.8,0.155,-2.5,0.0,0.0,4.7,3.0,1017.06,66.75,-18.11
2025-03-24 17:57:10.540000+00:00,,,,,4.125,-1.875,-0.875,23.07,-94.0,-2.875,-19.0,-0.024,0.003,-0.003,-0.39,0.07,9.46,-0.36,-0.25,-0.37,-0.31,0.14,9.8,0.155,-2.5,0.0,0.0,4.7,3.0,1017.06,66.75,-17.65
2025-03-24 17:57:11.744000+00:00,,,,,4.125,-1.875,-0.875,23.07,-94.0,-2.875,-19.0,-0.024,0.003,-0.003,-0.39,0.07,9.46,-0.36,-0.25,-0.37,-0.31,0.14,9.8,0.155,-2.5,0.0,0.0,4.7,3.0,1017.06,66.75,-17.65
2025-03-24 17:57:12.735000+00:00,,,,,4.125,-1.875,-0.875,23.07,-94.0,-2.875,-19.0,-0.024,0.003,-0.003,-0.39,0.07,9.46,-0.36,-0.25,-0.37,-0.31,0.14,9.8,0.155,-2.5,0.0,0.0,4.7,3.0,1017.06,66.75,-17.65
2025-03-24 17:57:13.839000+00:00,,,,,4.125,-1.875,-0.875,23.07,-94.0,-2.875,-19.0,-0.024,0.003,-0.003,-0.39,0.07,9.46,-0.36,-0.25,-0.37,-0.31,0.14,9.8,0.155,-2.5,0.0,0.0,4.7,3.0,1017.06,66.75,-17.65
2025-03-24 17:57:14.978000+00:00,,,,,4.125,-1.875,-0.875,23.07,-94.0,-2.875,-19.0,-0.024,0.003,-0.003,-0.39,0.07,9.46,-0.36,-0.25,-0.37,-0.31,0.14,9.8,0.155,-2.5,0.0,0.0,4.7,3.0,1017.06,66.75,-17.65
2025-03-24 17:57:16.020000+00:00,,,,,4.125,-1.875,-0.875,23.07,-94.0,-2.875,-19.0,-0.024,0.003,-0.003,-0.39,0.07,9.46,-0.36,-0.25,-0.37,-0.31,0.14,9.8,0.155,-2.5,0.0,0.0,4.7,3.0,1017.06,66.75,-17.65
2025-03-24 17:57:17.175000+00:00,,,,,4.125,-1.875,-0.875,23.07,-94.0,-2.875,-19.0,-0.024,0.003,-0.003,-0.39,0.07,9.46,-0.36,-0.25,-0.37,-0.31,0.14,9.8,0.155,-2.5,0.0,0.0,4.7,3.0,1017.06,66.75,-17.65
2025-03-24 17:57:18.640000+00:00,,,,,4.125,-1.875,-0.875,23.07,-94.0,-2.875,-19.0,-0.024,0.003,-0.003,-0.39,0.07,9.46,-0.36,-0.25,-0.37,-0.31,0.14,9.8,0.155,-2.5,0.0,0.0,4.7,3.0,1017.06,66.75,-17.65
2025-03-24 17:57:19.641000+00:00,,,,,4.125,-1.875,-0.875,23.07,-94.0,-2.875,-19.0,-0.024,0.003,-0.003,-0.39,0.07,9.46,-0.36,-0.25,-0.37,-0.31,0.14,9.8,0.155,-2.5,0.0,0.0,4.7,3.0,1017.06,66.75,-17.65
2025-03-24 17:57:20.770000+00:00,,,,,4.125,-1.875,-0.875,23.07,-94.0,-2.875,-19.0,-0.024,0.003,-0.003,-0.39,0.07,9.46,-0.36,-0.25,-0.37,-0.31,0.14,9.8,0.155,-2.5,0.0,0.0,4.7,3.0,1017.06,66.75,-17.65
2025-03-24 17:57:21.815000+00:00,,,,,4.125,-1.875,-0.875,23.07,-94.0,-2.875,-19.0,-0.024,0.003,-0.003,-0.39,0.07,9.46,-0.36,-0.25,-0.37,-0.31,0.14,9.8,0.155,-2.5,0.0,0.0,4.7,3.0,1017.06,66.75,-17.65
2025-03-24 17:57:22.826000+00:00,,,,,4.125,-1.875,-0.875,23.07,-94.0,-2.875,-19.0,-0.024,0.003,-0.003,-0.39,0.07,9.46,-0.36,-0.25,-0.37,-0.31,0.14,9.8,0.155,-2.5,0.0,0.0,4.7,3.0,1017.06,66.75,-17.65
2025-03-24 17:57:23.829000+00:00,,,,,4.125,-1.875,-0.875,23.07,-94.0,-2.875,-19.0,-0.024,0.003,-0.003,-0.39,0.07,9.46,-0.36,-0.25,-0.37,-0.31,0.14,9.8,0.155,-2.5,0.0,0.0,4.7,3.0,1017.06,66.75,-17.65
2025-03-24 17:57:24.780000+00:00,,,,,4.125,-1.875,-0.875,23.07,-94.0,-2.875,-19.0,-0.024,0.003,-0.003,-0.39,0.07,9.46,-0.36,-0.25,-0.37,-0.31,0.14,9.8,0.155,-2.5,0.0,0.0,4.7,3.0,1017.06,66.75,-17.65
2025-03-24 17:57:25.939000+00:00,,,,,4.125,-1.875,-0.875,23.07,-94.0,-2.875,-19.0,-0.024,0.003,-0.003,-0.39,0.07,9.46,-0.36,-0.25,-0.37,-0.31,0.14,9.8,0.155,-2.5,0.0,0.0,4.7,3.0,1017.06,66.75,-17.65
2025-03-24 17:57:27.006000+00:00,,,,,4.125,-1.875,-0.875,23.07,-94.0,-2.875,-19.0,-0.024,0.003,-0.003,-0.39,0.07,9.46,-0.36,-0.25,-0.37,-0.31,0.14,9.8,0.155,-2.5,0.0,0.0,4.7,3.0,1017.06,66.75,-17.65
2025-03-24 17:57:28.149000+00:00,,,,,4.125,-1.875,-0.875,23.07,-94.0,-2.875,-19.0,-0.024,0.003,-0.003,-0.39,0.07,9.46,-0.36,-0.25,-0.37,-0.31,0.14,9.8,0.155,-2.5,0.0,0.0,4.7,3.0,1017.06,66.75,-17.65
2025-03-24 17:57:29.299000+00:00,,,,,4.125,-1.875,-0.875,23.07,-94.0,-2.875,-19.0,-0.024,0.003,-0.003,-0.39,0.07,9.46,-0.36,-0.25,-0.37,-0.31,0.14,9.8,0.155,-2.5,0.0,0.0,4.7,3.0,1017.06,66.75,-17.65
2025-03-24 17:57:30.739000+00:00,,,,,4.125,-1.875,-0.875,23.07,-94.0,-2.875,-19.0,-0.024,0.003,-0.003,-0.39,0.07,9.46,-0.36,-0.25,-0.37,-0.31,0.14,9.8,0.155,-2.5,0.0,0.0,4.7,3.0,1017.06,66.75,-17.65
2025-03-24 17:57:31.908000+00:00,,,,,4.125,-1.875,-0.875,23.07,-94.0,-2.875,-19.0,-0.024,0.003,-0.003,-0.39,0.07,9.46,-0.36,-0.25,-0.37,-0.31,0.14,9.8,0.155,-2.5,0.0,0.0,4.7,3.0,1017.06,66.75,-17.65
2025-03-24 17:57:32.966000+00:00,,,,,4.125,-1.875,-0.875,23.07,-94.0,-2.875,-19.0,-0.024,0.003,-0.003,-0.39,0.07,9.46,-0.36,-0.25,-0.37,-0.31,0.14,9.8,0.155,-2.5,0.0,0.0,4.7,3.0,1017.06,66.75,-17.65
2025-03-24 17:57:33.939000+00:00,,,,,4.125,-1.875,-0.875,23.07,-94.0,-2.875,-19.0,-0.024,0.003,-0.003,-0.39,0.07,9.46,-0.36,-0.25,-0.37,-0.31,0.14,9.8,0.155,-2.5,0.0,0.0,4.7,3.0,1017.06,66.75,-17.65
2025-03-24 17:57:35.004000+00:00,,,,,4.125,-1.875,-0.875,23.07,-94.0,-2.875,-19.0,-0.024,0.003,-0.003,-0.39,0.07,9.46,-0.36,-0.25,-0.37,-0.31,0.14,9.8,0.155,-2.5,0.0,0.0,4.7,3.0,1017.06,66.75,-17.65
2025-03-24 17:57:36.149000+00:00,,,,,4.125,-1.875,-0.875,23.07,-94.0,-2.875,-19.0,-0.024,0.003,-0.003,-0.39,0.07,9.46,-0.36,-0.25,-0.37,-0.31,0.14,9.8,0.155,-2.5,0.0,0.0,4.7,3.0,1017.06,66.75,-17.65
2025-03-24 17:57:37.288000+00:00,,,,,4.125,-1.875,-0.875,23.07,-94.0,-2.875,-19.0,-0.024,0.003,-0.003,-0.39,0.07,9.46,-0.36,-0.25,-0.37,-0.31,0.14,9.8,0.155,-2.5,0.0,0.0,4.7,3.0,1017.06,66.75,-17.65
2025-03-24 17:57:38.845000+00:00,,,,,4.125,-1.875,-0.875,23.07,-94.0,-2.875,-19.0,-0.024,0.003,-0.003,-0.39,0.07,9.46,-0.36,-0.25,-0.37,-0.31,0.14,9.8,0.155,-2.5,0.0,0.0,4.7,3.0,1017.06,66.75,-17.65
2025-03-24 17:57:40.024000+00:00,,,,,4.125,-1.875,-0.875,23.07,-94.0,-2.875,-19.0,-0.024,0.003,-0.003,-0.39,0.07,9.46,-0.36,-0.25,-0.37,-0.31,0.14,9.8,0.155,-2.5,0.0,0.0,4.7,3.0,1017.06,66.75,-16.88
2025-03-24 17:57:41.128000+00:00,,,,,4.125,-1.875,-0.875,23.07,-94.0,-2.875,-19.0,-0.024,0.003,-0.003,-0.39,0.07,9.46,-0.36,-0.25,-0.37,-0.31,0.14,9.8,0.155,-2.5,0.0,0.0,4.7,3.0,1017.06,66.75,-16.88
2025-03-24 17:57:42.277000+00:00,,,,,4.125,-1.875,-0.875,23.07,-94.0,-2.875,-19.0,-0.024,0.003,-0.003,-0.39,0.07,9.46,-0.36,-0.25,-0.37,-0.31,0.14,9.8,0.155,-2.5,0.0,0.0,4.7,3.0,1017.06,66.75,-16.88
2025-03-24 17:57:43.408000+00:00,,,,,4.125,-1.875,-0.875,23.07,-94.0,-2.875,-19.0,-0.024,0.003,-0.003,-0.39,0.07,9.46,-0.36,-0.25,-0.37,-0.31,0.14,9.8,0.155,-2.5,0.0,0.0,4.7,3.0,1017.06,66.75,-16.88
2025-03-24 17:57:44.475000+00:00,,,,,4.125,-1.875,-0.875,23.07,-94.0,-2.875,-19.0,-0.024,0.003,-0.003,-0.39,0.07,9.46,-0.36,-0.25,-0.37,-0.31,0.14,9.8,0.155,-2.5,0.0,0.0,4.7,3.0,1017.06,66.75,-16.88
2025-03-24 17:57:46.084000+00:00,,,,,4.125,-1.875,-0.875,23.07,-94.0,-2.875,-19.0,-0.024,0.003,-0.003,-0.39,0.07,9.46,-0.36,-0.25,-0.37,-0.31,0.14,9.8,0.155,-2.5,0.0,0.0,4.7,3.0,1017.06,66.75,-16.88
2025-03-24 17:57:47.069000+00:00,,,,,4.125,-1.875,-0.875,23.07,-94.0,-2.875,-19.0,-0.024,0.003,-0.003,-0.39,0.07,9.46,-0.36,-0.25,-0.37,-0.31,0.14,9.8,0.155,-2.5,0.0,0.0,4.7,3.0,1017.06,66.75,-16.88
2025-03-24 17:57:48.074000+00:00,,,,,4.125,-1.875,-0.875,23.07,-94.0,-2.875,-19.0,-0.024,0.003,-0.003,-0.39,0.07,9.46,-0.36,-0.25,-0.37,-0.31,0.14,9.8,0.155,-2.5,0.0,0.0,4.7,3.0,1017.06,66.75,-16.88
2025-03-24 17:57:49.048000+00:00,,,,,4.125,-1.875,-0.875,23.07,-94.0,-2.875,-19.0,-0.024,0.003,-0.003,-0.39,0.07,9.46,-0.36,-0.25,-0.37,-0.31,0.14,9.8,0.155,-2.5,0.0,0.0,4.7,3.0,1017.06,66.75,-16.88
2025-03-24 17:57:50.209000+00:00,,,,,4.125,-1.875,-0.875,23.07,-94.0,-2.875,-19.0,-0.024,0.003,-0.003,-0.39,0.07,9.46,-0.36,-0.25,-0.37,-0.31,0.14,9.8,0.155,-2.5,0.0,0.0,4.7,3.0,1017.06,66.75,-16.88
2025-03-24 17:57:51.226000+00:00,,,,,4.125,-1.875,-0.875,23.07,-94.0,-2.875,-19.0,-0.024,0.003,-0.003,-0.39,0.07,9.46,-0.36,-0.25,-0.37,-0.31,0.14,9.8,0.155,-2.5,0.0,0.0,4.7,3.0,1017.06,66.75,-16.88
2025-03-24 17:57:52.377000+00:00,,,,,4.125,-1.875,-0.875,23.07,-94.0,-2.875,-19.0,-0.024,0.003,-0.003,-0.39,0.07,9.46,-0.36,-0.25,-0.37,-0.31,0.14,9.8,0.155,-2.5,0.0,0.0,4.7,3.0,1017.06,66.75,-16.88
2025-03-24 17:57:53.554000+00:00,,,,,4.125,-1.875,-0.875,23.07,-94.0,-2.875,-19.0,-0.024,0.003,-0.003,-0.39,0.07,9.46,-0.36,-0.25,-0.37,-0.31,0.14,9.8,0.155,-2.5,0.0,0.0,4.7,3.0,1017.06,66.75,-16.88
2025-03-24 17:57:55.126000+00:00,,,,,4.125,-1.875,-0.875,23.07,-94.0,-2.875,-19.0,-0.024,0.003,-0.003,-0.39,0.07,9.46,-0.36,-0.25,-0.37,-0.31,0.14,9.8,0.155,-2.5,0.0,0.0,4.7,3.0,1017.06,66.75,-16.88
2025-03-24 17:57:56.112000+00:00,,,,,4.125,-1.875,-0.875,23.07,-94.0,-2.875,-19.0,-0.024,0.003,-0.003,-0.39,0.07,9.46,-0.36,-0.25,-0.37,-0.31,0.14,9.8,0.155,-2.5,0.0,0.0,4.7,3.0,1017.06,66.75,-16.88
2025-03-24 17:57:57.146000+00:00,,,,,4.125,-1.875,-0.875,23.07,-94.0,-2.875,-19.0,-0.024,0.003,-0.003,-0.39,0.07,9.46,-0.36,-0.25,-0.37,-0.31,0.14,9.8,0.155,-2.5,0.0,0.0,4.7,3.0,1017.06,66.75,-16.88
2025-03-24 17:57:58.119000+00:00,,,,,4.125,-1.875,-0.875,23.07,-94.0,-2.875,-19.0,-0.024,0.003,-0.003,-0.39,0.07,9.46,-0.36,-0.25,-0.37,-0.31,0.14,9.8,0.155,-2.5,0.0,0.0,4.7,3.0,1017.06,66.75,-16.88
2025-03-24 17:57:59.119000+00:00,,,,,4.125,-1.875,-0.875,23.07,-94.0,-2.875,-19.0,-0.024,0.003,-0.003,-0.39,0.07,9.46,-0.36,-0.25,-0.37,-0.31,0.14,9.8,0.155,-2.5,0.0,0.0,4.7,3.0,1017.06,66.75,-16.88
2025-03-24 17:58:00.145000+00:00,,,,,4.125,-1.875,-0.875,23.07,-94.0,-2.875,-19.0,-0.024,0.003,-0.003,-0.39,0.07,9.46,-0.36,-0.25,-0.37,-0.31,0.14,9.8,0.155,-2.5,0.0,0.0,4.7,3.0,1017.06,66.75,-16.88
2025-03-24 17:58:01.146000+00:00,,,,,4.125,-1.875,-0.875,23.07,-94.0,-2.875,-19.0,-0.024,0.003,-0.003,-0.39,0.07,9.46,-0.36,-0.25,-0.37,-0.31,0.14,9.8,0.155,-2.5,0.0,0.0,4.7,3.0,1017.06,66.75,-16.88
2025-03-24 17:58:02.298000+00:00,,,,,4.125,-1.875,-0.875,23.07,-94.0,-2.875,-19.0,-0.024,0.003,-0.003,-0.39,0.07,9.46,-0.36,-0.25,-0.37,-0.31,0.14,9.8,0.155,-2.5,0.0,0.0,4.7,3.0,1017.06,66.75,-16.88
2025-03-24 17:58:03.458000+00:00,,,,,4.125,-1.875,-0.875,23.07,-94.0,-2.875,-19.0,-0.024,0.003,-0.003,-0.39,0.07,9.46,-0.36,-0.25,-0.37,-0.31,0.14,9.8,0.155,-2.5,0.0,0.0,4.7,3.0,1017.06,66.75,-16.88
