,rpm_value,rpm_blade_1,rpm_blade_2,rpm_blade_3,orientation_heading,orientation_roll,orientation_pitch,temperature_value,magnetometer_mx,magnetometer_my,magnetometer_mz,gyroscope_gx,gyroscope_gy,gyroscope_gz,accelerometer_ax,accelerometer_ay,accelerometer_az,linear_acceleration_lx,linear_acceleration_ly,linear_acceleration_lz,gravity_grx,gravity_gry,gravity_grz,voltage_value,current_value,power_value,servo_value,speed_value,direction_value,pressure_value,humidity_value,altitude_value
2025-03-24 17:49:48.631000+00:00,,,,,356.938,-0.938,0.0,23.26,-74.062,-3.25,-23.75,-0.019,0.007,-0.046,-0.79,-0.73,9.55,-0.63,-0.72,-0.25,-0.16,0.0,9.8,0.04,1.25,0.0,0.0,0.0,5.0,1017.18,66.18,-18.27
2025-03-24 17:49:49.642000+00:00,,,,,356.812,-0.875,0.0,23.26,-74.062,-3.25,-23.75,-0.019,0.007,-0.046,-0.79,-0.73,9.55,-0.63,-0.72,-0.25,-0.16,0.0,9.8,0.04,1.25,0.0,0.0,0.0,5.0,1017.18,66.18,-18.27
2025-03-24 17:49:50.653000+00:00,,,,,356.875,-1.0,-0.062,23.26,-74.062,-3.25,-23.75,-0.019,0.007,-0.046,-0.79,-0.73,9.55,-0.63,-0.72,-0.25,-0.16,0.0,9.8,0.04,1.25,0.0,0.0,0.0,5.0,1017.18,66.18,-18.27
2025-03-24 17:49:51.661000+00:00,,,,,356.75,-1.0,0.0,23.26,-74.062,-3.25,-23.75,-0.019,0.007,-0.046,-0.79,-0.73,9.55,-0.63,-0.72,-0.25,-0.16,0.0,9.8,0.04,1.25,0.0,0.0,0.0,5.0,1017.18,66.18,-18.27
2025-03-24 17:49:52.671000+00:00,,,,,356.875,-1.0,0.0,23.26,-74.062,-3.25,-23.75,-0.019,0.007,-0.046,-0.79,-0.73,9.55,-0.63,-0.72,-0.25,-0.16,0.0,9.8,0.04,1.25,0.0,0.0,0.0,5.0,1017.18,66.18,-18.27
2025-03-24 17:49:53.682000+00:00,,,,,356.812,-0.938,0.125,23.26,-74.062,-3.25,-23.75,-0.019,0.007,-0.046,-0.79,-0.73,9.55,-0.63,-0.72,-0.25,-0.16,0.0,9.8,0.04,1.25,0.0,0.0,0.0,5.0,1017.18,66.18,-18.27
2025-03-24 17:49:54.692000+00:00,,,,,356.75,-0.938,0.0,23.26,-74.062,-3.25,-23.75,-0.019,0.007,-0.046,-0.79,-0.73,9.55,-0.63,-0.72,-0.25,-0.16,0.0,9.8,0.04,1.25,0.0,0.0,0.0,5.0,1017.18,66.18,-18.27
2025-03-24 17:49:55.703000+00:00,,,,,356.812,-0.875,0.062,23.26,-74.062,-3.25,-23.75,-0.019,0.007,-0.046,-0.79,-0.73,9.55,-0.63,-0.72,-0.25,-0.16,0.0,9.8,0.04,1.25,0.0,0.0,0.0,5.0,1017.18,66.18,-18.27
2025-03-24 17:49:56.784000+00:00,,,,,356.688,-0.875,0.125,23.26,-74.062,-3.25,-23.75,-0.019,0.007,-0.046,-0.79,-0.73,9.55,-0.63,-0.72,-0.25,-0.16,0.0,9.8,0.04,1.25,0.0,0.0,0.0,5.0,1017.18,66.18,-18.27
2025-03-24 17:49:57.910000+00:00,,,,,356.688,-0.812,0.062,23.26,-74.062,-3.25,-23.75,-0.019,0.007,-0.046,-0.79,-0.73,9.55,-0.63,-0.72,-0.25,-0.16,0.0,9.8,0.04,1.25,0.0,0.0,0.0,5.0,1017.18,66.18,-18.27
2025-03-24 17:49:58.960000+00:00,,,,,356.625,-0.938,0.0,23.26,-74.062,-3.25,-23.75,-0.019,0.007,-0.046,-0.79,-0.73,9.55,-0.63,-0.72,-0.25,-0.16,0.0,9.8,0.04,1.25,0.0,0.0,0.0,5.0,1017.18,66.18,-18.27
2025-03-24 17:49:59.740000+00:00,,,,,356.688,-1.0,0.0,23.26,-74.062,-3.25,-23.75,-0.019,0.007,-0.046,-0.79,-0.73,9.55,-0.63,-0.72,-0.25,-0.16,0.0,9.8,0.04,1.25,0.0,0.0,0.0,5.0,1017.18,66.18,-18.27
2025-03-24 17:50:00.751000+00:00,,,,,356.625,-1.0,-0.062,23.26,-74.062,-3.25,-23.75,-0.019,0.007,-0.046,-0.79,-0.73,9.55,-0.63,-0.72,-0.25,-0.16,0.0,9.8,0.04,1.25,0.0,0.0,0.0,5.0,1017.18,66.18,-18.27
2025-03-24 17:50:01.759000+00:00,,,,,356.625,-1.0,-0.062,23.26,-74.062,-3.25,-23.75,-0.019,0.007,-0.046,-0.79,-0.73,9.55,-0.63,-0.72,-0.25,-0.16,0.0,9.8,0.04,1.25,0.0,0.0,0.0,5.0,1017.18,66.18,-18.27
2025-03-24 17:50:02.768000+00:00,,,,,356.5,-1.062,-0.188,23.26,-74.062,-3.25,-23.75,-0.019,0.007,-0.046,-0.79,-0.73,9.55,-0.63,-0.72,-0.25,-0.16,0.0,9.8,0.04,1.25,0.0,0.0,0.0,5.0,1017.18,66.18,-18.27
2025-03-24 17:50:03.775000+00:00,,,,,356.438,-0.938,-0.062,23.26,-74.062,-3.25,-23.75,-0.019,0.007,-0.046,-0.79,-0.73,9.55,-0.63,-0.72,-0.25,-0.16,0.0,9.8,0.04,1.25,0.0,0.0,0.0,5.0,1017.18,66.18,-18.27
2025-03-24 17:50:04.786000+00:00,,,,,356.438,-0.812,0.0,23.26,-74.062,-3.25,-23.75,-0.019,0.007,-0.046,-0.79,-0.73,9.55,-0.63,-0.72,-0.25,-0.16,0.0,9.8,0.04,1.25,0.0,0.0,0.0,5.0,1017.18,66.18,-18.27
2025-03-24 17:50:05.796000+00:00,,,,,356.438,-0.938,-0.125,23.26,-74.062,-3.25,-23.75,-0.019,0.007,-0.046,-0.79,-0.73,9.55,-0.63,-0.72,-0.25,-0.16,0.0,9.8,0.04,1.25,0.0,0.0,0.0,5.0,1017.18,66.18,-18.27
2025-03-24 17:50:06.807000+00:00,,,,,356.375,-0.938,0.0,23.26,-74.062,-3.25,-23.75,-0.019,0.007,-0.046,-0.79,-0.73,9.55,-0.63,-0.72,-0.25,-0.16,0.0,9.8,0.04,1.25,0.0,0.0,0.0,5.0,1017.18,66.18,-18.27
2025-03-24 17:50:07.976000+00:00,,,,,356.438,-0.938,0.0,23.26,-74.062,-3.25,-23.75,-0.019,0.007,-0.046,-0.79,-0.73,9.55,-0.63,-0.72,-0.25,-0.16,0.0,9.8,0.04,1.25,0.0,0.0,0.0,5.0,1017.18,66.18,-18.27
2025-03-24 17:50:08.826000+00:00,,,,,356.312,-0.812,0.125,23.26,-74.062,-3.25,-23.75,-0.019,0.007,-0.046,-0.79,-0.73,9.55,-0.63,-0.72,-0.25,-0.16,0.0,9.8,0.04,1.25,0.0,0.0,0.0,5.0,1017.18,66.18,-18.27
2025-03-24 17:50:09.837000+00:00,,,,,356.375,-0.812,0.062,23.26,-74.062,-3.25,-23.75,-0.019,0.007,-0.046,-0.79,-0.73,9.55,-0.63,-0.72,-0.25,-0.16,0.0,9.8,0.04,1.25,0.0,0.0,0.0,5.0,1017.18,66.18,-18.27
2025-03-24 17:50:10.847000+00:00,,,,,356.375,-0.812,0.062,23.26,-74.062,-3.25,-23.75,-0.019,0.007,-0.046,-0.79,-0.73,9.55,-0.63,-0.72,-0.25,-0.16,0.0,9.8,0.04,1.25,0.0,0.0,0.0,5.0,1017.18,66.18,-18.27
2025-03-24 17:50:11.858000+00:00,,,,,356.375,-0.938,0.0,23.26,-74.062,-3.25,-23.75,-0.019,0.007,-0.046,-0.79,-0.73,9.55,-0.63,-0.72,-0.25,-0.16,0.0,9.8,0.04,1.25,0.0,0.0,0.0,5.0,1017.18,66.18,-18.27
2025-03-24 17:50:12.866000+00:00,,,,,356.312,-0.938,0.0,23.26,-74.062,-3.25,-23.75,-0.019,0.007,-0.046,-0.79,-0.73,9.55,-0.63,-0.72,-0.25,-0.16,0.0,9.8,0.04,1.25,0.0,0.0,0.0,5.0,1017.18,66.18,-18.27
2025-03-24 17:50:13.877000+00:00,,,,,356.25,-0.812,0.062,23.26,-74.062,-3.25,-23.75,-0.019,0.007,-0.046,-0.79,-0.73,9.55,-0.63,-0.72,-0.25,-0.16,0.0,9.8,0.04,1.25,0.0,0.0,0.0,5.0,1017.18,66.18,-18.27
2025-03-24 17:50:14.993000+00:00,,,,,356.375,-1.062,-0.125,23.26,-74.062,-3.25,-23.75,-0.019,0.007,-0.046,-0.79,-0.73,9.55,-0.63,-0.72,-0.25,-0.16,0.0,9.8,0.04,1.25,0.0,0.0,0.0,5.0,1017.18,66.18,-18.27
2025-03-24 17:50:16.153000+00:00,,,,,356.312,-1.125,-0.188,23.26,-74.062,-3.25,-23.75,-0.019,0.007,-0.046,-0.79,-0.73,9.55,-0.63,-0.72,-0.25,-0.16,0.0,9.8,0.04,1.25,0.0,0.0,0.0,5.0,1017.18,66.18,-18.27
2025-03-24 17:50:16.909000+00:00,,,,,356.25,-1.125,-0.188,23.26,-74.062,-3.25,-23.75,-0.019,0.007,-0.046,-0.79,-0.73,9.55,-0.63,-0.72,-0.25,-0.16,0.0,9.8,0.04,1.25,0.0,0.0,0.0,5.0,1017.18,66.18,-18.27
2025-03-24 17:50:17.917000+00:00,,,,,356.25,-1.0,0.0,23.26,-74.062,-3.25,-23.75,-0.019,0.007,-0.046,-0.79,-0.73,9.55,-0.63,-0.72,-0.25,-0.16,0.0,9.8,0.04,1.25,0.0,0.0,0.0,5.0,1017.18,66.18,-18.27
2025-03-24 17:50:18.929000+00:00,,,,,356.25,-0.938,0.0,23.26,-74.062,-3.25,-23.75,-0.019,0.007,-0.046,-0.79,-0.73,9.55,-0.63,-0.72,-0.25,-0.16,0.0,9.8,0.04,1.25,0.0,0.0,0.0,5.0,1017.18,66.18,-18.27
2025-03-24 17:50:19.939000+00:00,,,,,356.188,-1.25,-0.188,23.26,-74.062,-3.25,-23.75,-0.019,0.007,-0.046,-0.79,-0.73,9.55,-0.63,-0.72,-0.25,-0.16,0.0,9.8,0.04,1.25,0.0,0.0,0.0,5.0,1017.18,66.18,-18.27
2025-03-24 17:50:20.948000+00:00,,,,,356.125,-1.312,-0.375,23.26,-74.062,-3.25,-23.75,-0.019,0.007,-0.046,-0.79,-0.73,9.55,-0.63,-0.72,-0.25,-0.16,0.0,9.8,0.04,1.25,0.0,0.0,0.0,5.0,1017.18,66.18,-18.27
2025-03-24 17:50:21.959000+00:00,,,,,356.125,-1.188,-0.312,23.26,-74.062,-3.25,-23.75,-0.019,0.007,-0.046,-0.79,-0.73,9.55,-0.63,-0.72,-0.25,-0.16,0.0,9.8,0.04,1.25,0.0,0.0,0.0,5.0,1017.18,66.18,-18.27
2025-03-24 17:50:23.042000+00:00,,,,,356.125,-1.188,-0.312,23.26,-74.062,-3.25,-23.75,-0.019,0.007,-0.046,-0.79,-0.73,9.55,-0.63,-0.72,-0.25,-0.16,0.0,9.8,0.04,1.25,0.0,0.0,0.0,5.0,1017.18,66.18,-18.27
2025-03-24 17:50:24.162000+00:00,,,,,356.125,-1.312,-0.312,23.26,-74.062,-3.25,-23.75,-0.019,0.007,-0.046,-0.79,-0.73,9.55,-0.63,-0.72,-0.25,-0.16,0.0,9.8,0.04,1.25,0.0,0.0,0.0,5.0,1017.18,66.18,-18.27
2025-03-24 17:50:25.138000+00:00,,,,,356.062,-1.188,-0.312,23.26,-74.062,-3.25,-23.75,-0.019,0.007,-0.046,-0.79,-0.73,9.55,-0.63,-0.72,-0.25,-0.16,0.0,9.8,0.04,1.25,0.0,0.0,0.0,5.0,1017.18,66.18,-18.27
2025-03-24 17:50:26.266000+00:00,,,,,356.062,-1.25,-0.312,23.26,-74.062,-3.25,-23.75,-0.019,0.007,-0.046,-0.79,-0.73,9.55,-0.63,-0.72,-0.25,-0.16,0.0,9.8,0.04,1.25,0.0,0.0,0.0,5.0,1017.18,66.18,-18.27
2025-03-24 17:50:27.315000+00:00,,,,,356.0,-1.312,-0.312,23.26,-74.062,-3.25,-23.75,-0.019,0.007,-0.046,-0.79,-0.73,9.55,-0.63,-0.72,-0.25,-0.16,0.0,9.8,0.04,1.25,0.0,0.0,0.0,5.0,1017.18,66.18,-18.27
2025-03-24 17:50:28.021000+00:00,,,,,356.0,-1.25,-0.25,23.26,-74.062,-3.25,-23.75,-0.019,0.007,-0.046,-0.79,-0.73,9.55,-0.63,-0.72,-0.25,-0.16,0.0,9.8,0.04,1.25,0.0,0.0,0.0,5.0,1017.18,66.18,-18.27
2025-03-24 17:50:29.035000+00:00,,,,,355.938,-1.25,-0.25,23.26,-74.062,-3.25,-23.75,-0.019,0.007,-0.046,-0.79,-0.73,9.55,-0.63,-0.72,-0.25,-0.16,0.0,9.8,0.04,1.25,0.0,0.0,0.0,5.0,1017.18,66.18,-18.27
2025-03-24 17:50:30.195000+00:00,,,,,355.938,-1.188,-0.25,23.26,-74.062,-3.25,-23.75,-0.019,0.007,-0.046,-0.79,-0.73,9.55,-0.63,-0.72,-0.25,-0.16,0.0,9.8,0.04,1.25,0.0,0.0,0.0,5.0,1017.18,66.18,-18.27
2025-03-24 17:50:31.202000+00:00,,,,,355.938,-1.312,-0.188,23.26,-74.062,-3.25,-23.75,-0.019,0.007,-0.046,-0.79,-0.73,9.55,-0.63,-0.72,-0.25,-0.16,0.0,9.8,0.04,1.25,0.0,0.0,0.0,5.0,1017.18,66.18,-18.27
2025-03-24 17:50:32.223000+00:00,,,,,356.0,-1.312,-0.188,23.26,-74.062,-3.25,-23.75,-0.019,0.007,-0.046,-0.79,-0.73,9.55,-0.63,-0.72,-0.25,-0.16,0.0,9.8,0.04,1.25,0.0,0.0,0.0,5.0,1017.18,66.18,-18.27
2025-03-24 17:50:33.228000+00:00,,,,,355.875,-1.312,-0.25,23.26,-74.062,-3.25,-23.75,-0.019,0.007,-0.046,-0.79,-0.73,9.55,-0.63,-0.72,-0.25,-0.16,0.0,9.8,0.04,1.25,0.0,0.0,0.0,5.0,1017.18,66.18,-18.27
2025-03-24 17:50:34.358000+00:00,,,,,355.875,-1.312,-0.25,23.26,-74.062,-3.25,-23.75,-0.019,0.007,-0.046,-0.79,-0.73,9.55,-0.63,-0.72,-0.25,-0.16,0.0,9.8,0.04,1.25,0.0,0.0,0.0,5.0,1017.18,66.18,-18.27
2025-03-24 17:50:35.296000+00:00,,,,,355.812,-1.25,-0.25,23.26,-74.062,-3.25,-23.75,-0.019,0.007,-0.046,-0.79,-0.73,9.55,-0.63,-0.72,-0.25,-0.16,0.0,9.8,0.04,1.25,0.0,0.0,0.0,5.0,1017.18,66.18,-18.27
2025-03-24 17:50:36.458000+00:00,,,,,355.75,-1.188,-0.188,23.26,-74.062,-3.25,-23.75,-0.019,0.007,-0.046,-0.79,-0.73,9.55,-0.63,-0.72,-0.25,-0.16,0.0,9.8,0.04,1.25,0.0,0.0,0.0,5.0,1017.18,66.18,-18.27
2025-03-24 17:50:37.577000+00:00,,,,,355.75,-1.25,-0.188,23.26,-74.062,-3.25,-23.75,-0.019,0.007,-0.046,-0.79,-0.73,9.55,-0.63,-0.72,-0.25,-0.16,0.0,9.8,0.04,1.25,0.0,0.0,0.0,5.0,1017.18,66.18,-18.27
2025-03-24 17:50:38.237000+00:00,,,,,355.75,-1.312,-0.25,23.26,-74.062,-3.25,-23.75,-0.019,0.007,-0.046,-0.79,-0.73,9.55,-0.63,-0.72,-0.25,-0.16,0.0,9.8,0.04,1.25,0.0,0.0,0.0,5.0,1017.18,66.18,-18.27
2025-03-24 17:50:39.221000+00:00,,,,,355.75,-1.312,-0.25,23.26,-74.062,-3.25,-23.75,-0.019,0.007,-0.046,-0.79,-0.73,9.55,-0.63,-0.72,-0.25,-0.16,0.0,9.8,0.04,1.25,0.0,0.0,0.0,5.0,1017.18,66.18,-18.27
2025-03-24 17:50:40.247000+00:00,,,,,355.688,-1.312,-0.312,23.26,-74.062,-3.25,-23.75,-0.019,0.007,-0.046,-0.79,-0.73,9.55,-0.63,-0.72,-0.25,-0.16,0.0,9.8,0.04,1.25,0.0,0.0,0.0,5.0,1017.18,66.18,-18.27
2025-03-24 17:50:41.291000+00:00,,,,,355.688,-1.25,-0.25,23.26,-74.062,-3.25,-23.75,-0.019,0.007,-0.046,-0.79,-0.73,9.55,-0.63,-0.72,-0.25,-0.16,0.0,9.8,0.04,1.25,0.0,0.0,0.0,5.0,1017.18,66.18,-18.27
2025-03-24 17:50:42.451000+00:00,,,,,355.562,-1.125,-0.25,23.26,-74.062,-3.25,-23.75,-0.019,0.007,-0.046,-0.79,-0.73,9.55,-0.63,-0.72,-0.25,-0.16,0.0,9.8,0.04,1.25,0.0,0.0,0.0,5.0,1017.18,66.18,-18.27
2025-03-24 17:50:43.571000+00:00,,,,,355.562,-1.125,-0.188,23.26,-74.062,-3.25,-23.75,-0.019,0.007,-0.046,-0.79,-0.73,9.55,-0.63,-0.72,-0.25,-0.16,0.0,9.8,0.04,1.25,0.0,0.0,0.0,5.0,1017.18,66.18,-18.27
2025-03-24 17:50:44.266000+00:00,,,,,355.5,-1.25,-0.25,23.26,-74.062,-3.25,-23.75,-0.019,0.007,-0.046,-0.79,-0.73,9.55,-0.63,-0.72,-0.25,-0.16,0.0,9.8,0.04,1.25,0.0,0.0,0.0,5.0,1017.18,66.18,-18.27
2025-03-24 17:50:45.240000+00:00,,,,,355.562,-1.188,-0.312,23.26,-74.062,-3.25,-23.75,-0.019,0.007,-0.046,-0.79,-0.73,9.55,-0.63,-0.72,-0.25,-0.16,0.0,9.8,0.04,1.25,0.0,0.0,0.0,5.0,1017.18,66.18,-18.27
2025-03-24 17:50:46.251000+00:00,,,,,355.562,-1.25,-0.25,23.26,-74.062,-3.25,-23.75,-0.019,0.007,-0.046,-0.79,-0.73,9.55,-0.63,-0.72,-0.25,-0.16,0.0,9.8,0.04,1.25,0.0,0.0,0.0,5.0,1017.18,66.18,-18.27
2025-03-24 17:50:47.270000+00:00,,,,,355.5,-1.062,-0.125,23.26,-74.062,-3.25,-23.75,-0.019,0.007,-0.046,-0.79,-0.73,9.55,-0.63,-0.72,-0.25,-0.16,0.0,9.8,0.04,1.25,0.0,0.0,0.0,5.0,1017.18,66.18,-18.27
2025-03-24 17:49:48.100000+00:00,,,,,355.5,-1.062,-0.125,23.26,-74.062,-3.25,-23.75,-0.019,0.007,-0.046,-0.79,-0.73,9.55,-0.63,-0.72,-0.25,-0.16,0.0,9.8,0.04,1.25,0.0,0.0,0.0,5.0,1017.18,66.18,-18.27
2025-03-24 17:49:48.686000+00:00,,,,,355.5,-1.062,-0.125,23.0,-74.062,-3.25,-23.75,-0.019,0.007,-0.046,-0.79,-0.73,9.55,-0.63,-0.72,-0.25,-0.16,0.0,9.8,0.04,1.25,0.0,0.0,0.0,5.0,1017.18,66.18,-18.27
2025-03-24 17:49:49.275000+00:00,,,,,355.5,-1.062,-0.125,23.26,-74.062,-3.25,-23.75,-0.019,0.007,-0.046,-0.79,-0.73,9.55,-0.63,-0.72,-0.25,-0.16,0.0,9.8,0.04,1.25,0.0,0.0,0.0,5.0,1017.18,66.18,-18.27
2025-03-24 17:49:49.700000+00:00,,,,,355.5,-1.062,-0.125,23.0,-74.062,-3.25,-23.75,-0.019,0.007,-0.046,-0.79,-0.73,9.55,-0.63,-0.72,-0.25,-0.16,0.0,9.8,0.04,1.25,0.0,0.0,0.0,5.0,1017.18,66.18,-18.27
2025-03-24 17:49:50.315000+00:00,,,,,355.5,-1.062,-0.125,23.26,-74.062,-3.25,-23.75,-0.019,0.007,-0.046,-0.79,-0.73,9.55,-0.63,-0.72,-0.25,-0.16,0.0,9.8,0.04,1.25,0.0,0.0,0.0,5.0,1017.18,66.18,-18.27
2025-03-24 17:49:50.712000+00:00,,,,,355.5,-1.062,-0.125,23.0,-74.062,-3.25,-23.75,-0.019,0.007,-0.046,-0.79,-0.73,9.55,-0.63,-0.72,-0.25,-0.16,0.0,9.8,0.04,1.25,0.0,0.0,0.0,5.0,1017.18,66.18,-18.27
2025-03-24 17:49:51.286000+00:00,,,,,355.5,-1.062,-0.125,23.26,-74.062,-3.25,-23.75,-0.019,0.007,-0.046,-0.79,-0.73,9.55,-0.63,-0.72,-0.25,-0.16,0.0,9.8,0.04,1.25,0.0,0.0,0.0,5.0,1017.18,66.18,-18.27
2025-03-24 17:49:51.720000+00:00,,,,,355.5,-1.062,-0.125,23.0,-74.062,-3.25,-23.75,-0.019,0.007,-0.046,-0.79,-0.73,9.55,-0.63,-0.72,-0.25,-0.16,0.0,9.8,0.04,1.25,0.0,0.0,0.0,5.0,1017.18,66.18,-18.27
2025-03-24 17:49:52.311000+00:00,,,,,355.5,-1.062,-0.125,23.26,-74.062,-3.25,-23.75,-0.019,0.007,-0.046,-0.79,-0.73,9.55,-0.63,-0.72,-0.25,-0.16,0.0,9.8,0.04,1.25,0.0,0.0,0.0,5.0,1017.18,66.18,-18.27
2025-03-24 17:49:52.726000+00:00,,,,,355.5,-1.062,-0.125,23.0,-74.062,-3.25,-23.75,-0.019,0.007,-0.046,-0.79,-0.73,9.55,-0.63,-0.72,-0.25,-0.16,0.0,9.8,0.04,1.25,0.0,0.0,0.0,5.0,1017.18,66.18,-18.27
2025-03-24 17:49:53.315000+00:00,,,,,355.5,-1.062,-0.125,23.26,-74.062,-3.25,-23.75,-0.019,0.007,-0.046,-0.79,-0.73,9.55,-0.63,-0.72,-0.25,-0.16,0.0,9.8,0.04,1.25,0.0,0.0,0.0,5.0,1017.18,66.18,-18.27
2025-03-24 17:49:53.742000+00:00,,,,,355.5,-1.062,-0.125,23.0,-74.062,-3.25,-23.75,-0.019,0.007,-0.046,-0.79,-0.73,9.55,-0.63,-0.72,-0.25,-0.16,0.0,9.8,0.04,1.25,0.0,0.0,0.0,5.0,1017.18,66.18,-18.27
2025-03-24 17:49:54.464000+00:00,,,,,355.5,-1.062,-0.125,23.26,-74.062,-3.25,-23.75,-0.019,0.007,-0.046,-0.79,-0.73,9.55,-0.63,-0.72,-0.25,-0.16,0.0,9.8,0.04,1.25,0.0,0.0,0.0,5.0,1017.18,66.18,-18.27
2025-03-24 17:49:54.745000+00:00,,,,,355.5,-1.062,-0.125,23.0,-74.062,-3.25,-23.75,-0.019,0.007,-0.046,-0.79,-0.73,9.55,-0.63,-0.72,-0.25,-0.16,0.0,9.8,0.04,1.25,0.0,0.0,0.0,5.0,1017.18,66.18,-18.27
2025-03-24 17:49:55.415000+00:00,,,,,355.5,-1.062,-0.125,23.26,-74.062,-3.25,-23.75,-0.019,0.007,-0.046,-0.79,-0.73,9.55,-0.63,-0.72,-0.25,-0.16,0.0,9.8,0.04,1.25,0.0,0.0,0.0,5.0,1017.18,66.18,-18.27
2025-03-24 17:49:55.762000+00:00,,,,,355.5,-1.062,-0.125,23.0,-74.062,-3.25,-23.75,-0.019,0.007,-0.046,-0.79,-0.73,9.55,-0.63,-0.72,-0.25,-0.16,0.0,9.8,0.04,1.25,0.0,0.0,0.0,5.0,1017.18,66.18,-18.27
2025-03-24 17:49:56.571000+00:00,,,,,355.5,-1.062,-0.125,23.26,-74.062,-3.25,-23.75,-0.019,0.007,-0.046,-0.79,-0.73,9.55,-0.63,-0.72,-0.25,-0.16,0.0,9.8,0.04,1.25,0.0,0.0,0.0,5.0,1017.18,66.18,-18.27
2025-03-24 17:49:56.841000+00:00,,,,,355.5,-1.062,-0.125,23.0,-74.062,-3.25,-23.75,-0.019,0.007,-0.046,-0.79,-0.73,9.55,-0.63,-0.72,-0.25,-0.16,0.0,9.8,0.04,1.25,0.0,0.0,0.0,5.0,1017.18,66.18,-18.27
2025-03-24 17:49:57.708000+00:00,,,,,355.5,-1.062,-0.125,23.26,-74.062,-3.25,-23.75,-0.019,0.007,-0.046,-0.79,-0.73,9.55,-0.63,-0.72,-0.25,-0.16,0.0,9.8,0.04,1.25,0.0,0.0,0.0,5.0,1017.18,66.18,-18.27
2025-03-24 17:49:57.964000+00:00,,,,,355.5,-1.062,-0.125,23.0,-74.062,-3.25,-23.75,-0.019,0.007,-0.046,-0.79,-0.73,9.55,-0.63,-0.72,-0.25,-0.16,0.0,9.8,0.04,1.25,0.0,0.0,0.0,5.0,1017.18,66.18,-18.27
2025-03-24 17:49:58.754000+00:00,,,,,355.5,-1.062,-0.125,23.26,-74.062,-3.25,-23.75,-0.019,0.007,-0.046,-0.79,-0.73,9.55,-0.63,-0.72,-0.25,-0.16,0.0,9.8,0.04,1.25,0.0,0.0,0.0,5.0,1017.18,66.18,-18.27
2025-03-24 17:49:59.021000+00:00,,,,,355.5,-1.062,-0.125,23.0,-74.062,-3.25,-23.75,-0.019,0.007,-0.046,-0.79,-0.73,9.55,-0.63,-0.72,-0.25,-0.16,0.0,9.8,0.04,1.25,0.0,0.0,0.0,5.0,1017.18,66.18,-18.27
2025-03-24 17:49:59.804000+00:00,,,,,355.5,-1.062,-0.125,23.0,-74.062,-3.25,-23.75,-0.019,0.007,-0.046,-0.79,-0.73,9.55,-0.63,-0.72,-0.25,-0.16,0.0,9.8,0.04,1.25,0.0,0.0,0.0,5.0,1017.18,66.18,-18.27
2025-03-24 17:50:00.251000+00:00,,,,,355.5,-1.062,-0.125,23.26,-74.062,-3.25,-23.75,-0.019,0.007,-0.046,-0.79,-0.73,9.55,-0.63,-0.72,-0.25,-0.16,0.0,9.8,0.04,1.25,0.0,0.0,0.0,5.0,1017.18,66.18,-18.27
2025-03-24 17:50:00.811000+00:00,,,,,355.5,-1.062,-0.125,23.0,-74.062,-3.25,-23.75,-0.019,0.007,-0.046,-0.79,-0.73,9.55,-0.63,-0.72,-0.25,-0.16,0.0,9.8,0.04,1.25,0.0,0.0,0.0,5.0,1017.18,66.18,-18.27
2025-03-24 17:50:01.380000+00:00,,,,,355.5,-1.062,-0.125,23.26,-74.062,-3.25,-23.75,-0.019,0.007,-0.046,-0.79,-0.73,9.55,-0.63,-0.72,-0.25,-0.16,0.0,9.8,0.04,1.25,0.0,0.0,0.0,5.0,1017.18,66.18,-18.27
2025-03-24 17:50:01.814000+00:00,,,,,355.5,-1.062,-0.125,23.0,-74.062,-3.25,-23.75,-0.019,0.007,-0.046,-0.79,-0.73,9.55,-0.63,-0.72,-0.25,-0.16,0.0,9.8,0.04,1.25,0.0,0.0,0.0,5.0,1017.18,66.18,-18.27
2025-03-24 17:50:02.400000+00:00,,,,,355.5,-1.062,-0.125,23.26,-74.062,-3.25,-23.75,-0.019,0.007,-0.046,-0.79,-0.73,9.55,-0.63,-0.72,-0.25,-0.16,0.0,9.8,0.04,1.25,0.0,0.0,0.0,5.0,1017.18,66.18,-18.27
2025-03-24 17:50:02.817000+00:00,,,,,355.5,-1.062,-0.125,23.0,-74.062,-3.25,-23.75,-0.019,0.007,-0.046,-0.79,-0.73,9.55,-0.63,-0.72,-0.25,-0.16,0.0,9.8,0.04,1.25,0.0,0.0,0.0,5.0,1017.18,66.18,-18.27
2025-03-24 17:50:03.394000+00:00,,,,,355.5,-1.062,-0.125,23.26,-74.062,-3.25,-23.75,-0.019,0.007,-0.046,-0.79,-0.73,9.55,-0.63,-0.72,-0.25,-0.16,0.0,9.8,0.04,1.25,0.0,0.0,0.0,5.0,1017.18,66.18,-18.27
2025-03-24 17:50:03.834000+00:00,,,,,355.5,-1.062,-0.125,23.0,-74.062,-3.25,-23.75,-0.019,0.007,-0.046,-0.79,-0.73,9.55,-0.63,-0.72,-0.25,-0.16,0.0,9.8,0.04,1.25,0.0,0.0,0.0,5.0,1017.18,66.18,-18.27
2025-03-24 17:50:04.415000+00:00,,,,,355.5,-1.062,-0.125,23.26,-74.062,-3.25,-23.75,-0.019,0.007,-0.046,-0.79,-0.73,9.55,-0.63,-0.72,-0.25,-0.16,0.0,9.8,0.04,1.25,0.0,0.0,0.0,5.0,1017.18,66.18,-18.27
2025-03-24 17:50:04.840000+00:00,,,,,355.5,-1.062,-0.125,23.0,-74.062,-3.25,-23.75,-0.019,0.007,-0.046,-0.79,-0.73,9.55,-0.63,-0.72,-0.25,-0.16,0.0,9.8,0.04,1.25,0.0,0.0,0.0,5.0,1017.18,66.18,-18.27
2025-03-24 17:50:05.540000+00:00,,,,,355.5,-1.062,-0.125,23.26,-74.062,-3.25,-23.75,-0.019,0.007,-0.046,-0.79,-0.73,9.55,-0.63,-0.72,-0.25,-0.16,0.0,9.8,0.04,1.25,0.0,0.0,0.0,5.0,1017.18,66.18,-18.27
2025-03-24 17:50:05.851000+00:00,,,,,355.5,-1.062,-0.125,23.0,-74.062,-3.25,-23.75,-0.019,0.007,-0.046,-0.79,-0.73,9.55,-0.63,-0.72,-0.25,-0.16,0.0,9.8,0.04,1.25,0.0,0.0,0.0,5.0,1017.18,66.18,-18.27
2025-03-24 17:50:06.580000+00:00,,,,,355.5,-1.062,-0.125,23.26,-74.062,-3.25,-23.75,-0.019,0.007,-0.046,-0.79,-0.73,9.55,-0.63,-0.72,-0.25,-0.16,0.0,9.8,0.04,1.25,0.0,0.0,0.0,5.0,1017.18,66.18,-18.27
2025-03-24 17:50:06.860000+00:00,,,,,355.5,-1.062,-0.125,23.0,-74.062,-3.25,-23.75,-0.019,0.007,-0.046,-0.79,-0.73,9.55,-0.63,-0.72,-0.25,-0.16,0.0,9.8,0.04,1.25,0.0,0.0,0.0,5.0,1017.18,66.18,-18.27
2025-03-24 17:50:07.730000+00:00,,,,,355.5,-1.062,-0.125,23.26,-74.062,-3.25,-23.75,-0.019,0.007,-0.046,-0.79,-0.73,9.55,-0.63,-0.72,-0.25,-0.16,0.0,9.8,0.04,1.25,0.0,0.0,0.0,5.0,1017.18,66.18,-18.27
2025-03-24 17:50:08.030000+00:00,,,,,355.5,-1.062,-0.125,23.0,-74.062,-3.25,-23.75,-0.019,0.007,-0.046,-0.79,-0.73,9.55,-0.63,-0.72,-0.25,-0.16,0.0,9.8,0.04,1.25,0.0,0.0,0.0,5.0,1017.18,66.18,-18.27
2025-03-24 17:50:08.890000+00:00,,,,,355.5,-1.062,-0.125,23.0,-74.062,-3.25,-23.75,-0.019,0.007,-0.046,-0.79,-0.73,9.55,-0.63,-0.72,-0.25,-0.16,0.0,9.8,0.04,1.25,0.0,0.0,0.0,5.0,1017.18,66.18,-18.27
2025-03-24 17:50:09.520000+00:00,,,,,355.5,-1.062,-0.125,23.26,-74.062,-3.25,-23.75,-0.019,0.007,-0.046,-0.79,-0.73,9.55,-0.63,-0.72,-0.25,-0.16,0.0,9.8,0.04,1.25,0.0,0.0,0.0,5.0,1017.18,66.18,-18.27
2025-03-24 17:50:09.890000+00:00,,,,,355.5,-1.062,-0.125,23.0,-74.062,-3.25,-23.75,-0.019,0.007,-0.046,-0.79,-0.73,9.55,-0.63,-0.72,-0.25,-0.16,0.0,9.8,0.04,1.25,0.0,0.0,0.0,5.0,1017.18,66.18,-18.27
2025-03-24 17:50:10.518000+00:00,,,,,355.5,-1.062,-0.125,23.26,-74.062,-3.25,-23.75,-0.019,0.007,-0.046,-0.79,-0.73,9.55,-0.63,-0.72,-0.25,-0.16,0.0,9.8,0.04,1.25,0.0,0.0,0.0,5.0,1017.18,66.18,-18.27
2025-03-24 17:50:10.903000+00:00,,,,,355.5,-1.062,-0.125,23.0,-74.062,-3.25,-23.75,-0.019,0.007,-0.046,-0.79,-0.73,9.55,-0.63,-0.72,-0.25,-0.16,0.0,9.8,0.04,1.25,0.0,0.0,0.0,5.0,1017.18,66.18,-18.27
2025-03-24 17:50:11.569000+00:00,,,,,355.5,-1.062,-0.125,23.26,-74.062,-3.25,-23.75,-0.019,0.007,-0.046,-0.79,-0.73,9.55,-0.63,-0.72,-0.25,-0.16,0.0,9.8,0.04,1.25,0.0,0.0,0.0,5.0,1017.18,66.18,-18.27
2025-03-24 17:50:11.910000+00:00,,,,,355.5,-1.062,-0.125,23.0,-74.062,-3.25,-23.75,-0.019,0.007,-0.046,-0.79,-0.73,9.55,-0.63,-0.72,-0.25,-0.16,0.0,9.8,0.04,1.25,0.0,0.0,0.0,5.0,1017.18,66.18,-18.27
2025-03-24 17:50:12.494000+00:00,,,,,355.5,-1.062,-0.125,23.26,-74.062,-3.25,-23.75,-0.019,0.007,-0.046,-0.79,-0.73,9.55,-0.63,-0.72,-0.25,-0.16,0.0,9.8,0.04,1.25,0.0,0.0,0.0,5.0,1017.18,66.18,-18.27
2025-03-24 17:50:12.920000+00:00,,,,,355.5,-1.062,-0.125,23.0,-74.062,-3.25,-23.75,-0.019,0.007,-0.046,-0.79,-0.73,9.55,-0.63,-0.72,-0.25,-0.16,0.0,9.8,0.04,1.25,0.0,0.0,0.0,5.0,1017.18,66.18,-18.27
2025-03-24 17:50:13.643000+00:00,,,,,355.5,-1.062,-0.125,23.26,-74.062,-3.25,-23.75,-0.019,0.007,-0.046,-0.79,-0.73,9.55,-0.63,-0.72,-0.25,-0.16,0.0,9.8,0.04,1.25,0.0,0.0,0.0,5.0,1017.18,66.18,-18.27
2025-03-24 17:50:13.926000+00:00,,,,,355.5,-1.062,-0.125,23.0,-74.062,-3.25,-23.75,-0.019,0.007,-0.046,-0.79,-0.73,9.55,-0.63,-0.72,-0.25,-0.16,0.0,9.8,0.04,1.25,0.0,0.0,0.0,5.0,1017.18,66.18,-18.27
2025-03-24 17:50:14.795000+00:00,,,,,355.5,-1.062,-0.125,23.26,-74.062,-3.25,-23.75,-0.019,0.007,-0.046,-0.79,-0.73,9.55,-0.63,-0.72,-0.25,-0.16,0.0,9.8,0.04,1.25,0.0,0.0,0.0,5.0,1017.18,66.18,-18.27
2025-03-24 17:50:15.044000+00:00,,,,,355.5,-1.062,-0.125,23.0,-74.062,-3.25,-23.75,-0.019,0.007,-0.046,-0.79,-0.73,9.55,-0.63,-0.72,-0.25,-0.16,0.0,9.8,0.04,1.25,0.0,0.0,0.0,5.0,1017.18,66.18,-18.27
2025-03-24 17:50:15.957000+00:00,,,,,355.5,-1.062,-0.125,23.26,-74.062,-3.25,-23.75,-0.019,0.007,-0.046,-0.79,-0.73,9.55,-0.63,-0.72,-0.25,-0.16,0.0,9.8,0.04,1.25,0.0,0.0,0.0,5.0,1017.18,66.18,-18.27
2025-03-24 17:50:16.210000+00:00,,,,,355.5,-1.062,-0.125,23.0,-74.062,-3.25,-23.75,-0.019,0.007,-0.046,-0.79,-0.73,9.55,-0.63,-0.72,-0.25,-0.16,0.0,9.8,0.04,1.25,0.0,0.0,0.0,5.0,1017.18,66.18,-18.27
2025-03-24 17:50:16.963000+00:00,,,,,355.5,-1.062,-0.125,23.0,-74.062,-3.25,-23.75,-0.019,0.007,-0.046,-0.79,-0.73,9.55,-0.63,-0.72,-0.25,-0.16,0.0,9.8,0.04,1.25,0.0,0.0,0.0,5.0,1017.18,66.18,-18.27
2025-03-24 17:50:17.569000+00:00,,,,,355.5,-1.062,-0.125,23.26,-74.062,-3.25,-23.75,-0.019,0.007,-0.046,-0.79,-0.73,9.55,-0.63,-0.72,-0.25,-0.16,0.0,9.8,0.04,1.25,0.0,0.0,0.0,5.0,1017.18,66.18,-18.27
2025-03-24 17:50:17.976000+00:00,,,,,355.5,-1.062,-0.125,23.0,-74.062,-3.25,-23.75,-0.019,0.007,-0.046,-0.79,-0.73,9.55,-0.63,-0.72,-0.25,-0.16,0.0,9.8,0.04,1.25,0.0,0.0,0.0,5.0,1017.18,66.18,-18.27
2025-03-24 17:50:18.549000+00:00,,,,,355.5,-1.062,-0.125,23.26,-74.062,-3.25,-23.75,-0.019,0.007,-0.046,-0.79,-0.73,9.55,-0.63,-0.72,-0.25,-0.16,0.0,9.8,0.04,1.25,0.0,0.0,0.0,5.0,1017.18,66.18,-18.27
2025-03-24 17:50:18.982000+00:00,,,,,355.5,-1.062,-0.125,23.0,-74.062,-3.25,-23.75,-0.019,0.007,-0.046,-0.79,-0.73,9.55,-0.63,-0.72,-0.25,-0.16,0.0,9.8,0.04,1.25,0.0,0.0,0.0,5.0,1017.18,66.18,-18.27
2025-03-24 17:50:19.579000+00:00,,,,,355.5,-1.062,-0.125,23.26,-74.062,-3.25,-23.75,-0.019,0.007,-0.046,-0.79,-0.73,9.55,-0.63,-0.72,-0.25,-0.16,0.0,9.8,0.04,1.25,0.0,0.0,0.0,5.0,1017.18,66.18,-18.27
2025-03-24 17:50:19.996000+00:00,,,,,355.5,-1.062,-0.125,23.0,-74.062,-3.25,-23.75,-0.019,0.007,-0.046,-0.79,-0.73,9.55,-0.63,-0.72,-0.25,-0.16,0.0,9.8,0.04,1.25,0.0,0.0,0.0,5.0,1017.18,66.18,-18.27
2025-03-24 17:50:20.617000+00:00,,,,,355.5,-1.062,-0.125,23.26,-74.062,-3.25,-23.75,-0.019,0.007,-0.046,-0.79,-0.73,9.55,-0.63,-0.72,-0.25,-0.16,0.0,9.8,0.04,1.25,0.0,0.0,0.0,5.0,1017.18,66.18,-18.27
2025-03-24 17:50:20.994000+00:00,,,,,355.5,-1.062,-0.125,23.0,-74.062,-3.25,-23.75,-0.019,0.007,-0.046,-0.79,-0.73,9.55,-0.63,-0.72,-0.25,-0.16,0.0,9.8,0.04,1.25,0.0,0.0,0.0,5.0,1017.18,66.18,-18.27
2025-03-24 17:50:21.689000+00:00,,,,,355.5,-1.062,-0.125,23.26,-74.062,-3.25,-23.75,-0.019,0.007,-0.046,-0.79,-0.73,9.55,-0.63,-0.72,-0.25,-0.16,0.0,9.8,0.04,1.25,0.0,0.0,0.0,5.0,1017.18,66.18,-18.27
2025-03-24 17:50:22.013000+00:00,,,,,355.5,-1.062,-0.125,23.0,-74.062,-3.25,-23.75,-0.019,0.007,-0.046,-0.79,-0.73,9.55,-0.63,-0.72,-0.25,-0.16,0.0,9.8,0.04,1.25,0.0,0.0,0.0,5.0,1017.18,66.18,-18.27
2025-03-24 17:50:22.833000+00:00,,,,,355.5,-1.062,-0.125,23.26,-74.062,-3.25,-23.75,-0.019,0.007,-0.046,-0.79,-0.73,9.55,-0.63,-0.72,-0.25,-0.16,0.0,9.8,0.04,1.25,0.0,0.0,0.0,5.0,1017.18,66.18,-18.27
2025-03-24 17:50:23.093000+00:00,,,,,355.5,-1.062,-0.125,23.0,-74.062,-3.25,-23.75,-0.019,0.007,-0.046,-0.79,-0.73,9.55,-0.63,-0.72,-0.25,-0.16,0.0,9.8,0.04,1.25,0.0,0.0,0.0,5.0,1017.18,66.18,-18.27
2025-03-24 17:50:23.963000+00:00,,,,,355.5,-1.062,-0.125,23.26,-74.062,-3.25,-23.75,-0.019,0.007,-0.046,-0.79,-0.73,9.55,-0.63,-0.72,-0.25,-0.16,0.0,9.8,0.04,1.25,0.0,0.0,0.0,5.0,1017.18,66.18,-18.27
2025-03-24 17:50:24.213000+00:00,,,,,355.5,-1.062,-0.125,23.0,-74.062,-3.25,-23.75,-0.019,0.007,-0.046,-0.79,-0.73,9.55,-0.63,-0.72,-0.25,-0.16,0.0,9.8,0.04,1.25,0.0,0.0,0.0,5.0,1017.18,66.18,-18.27
2025-03-24 17:50:24.909000+00:00,,,,,355.5,-1.062,-0.125,23.26,-74.062,-3.25,-23.75,-0.019,0.007,-0.046,-0.79,-0.73,9.55,-0.63,-0.72,-0.25,-0.16,0.0,9.8,0.04,1.25,0.0,0.0,0.0,5.0,1017.18,66.18,-18.27
2025-03-24 17:50:25.191000+00:00,,,,,355.5,-1.062,-0.125,23.0,-74.062,-3.25,-23.75,-0.019,0.007,-0.046,-0.79,-0.73,9.55,-0.63,-0.72,-0.25,-0.16,0.0,9.8,0.04,1.25,0.0,0.0,0.0,5.0,1017.18,66.18,-18.27
2025-03-24 17:50:26.052000+00:00,,,,,355.5,-1.062,-0.125,23.26,-74.062,-3.25,-23.75,-0.019,0.007,-0.046,-0.79,-0.73,9.55,-0.63,-0.72,-0.25,-0.16,0.0,9.8,0.04,1.25,0.0,0.0,0.0,5.0,1017.18,66.18,-18.27
2025-03-24 17:50:26.325000+00:00,,,,,355.5,-1.062,-0.125,23.0,-74.062,-3.25,-23.75,-0.019,0.007,-0.046,-0.79,-0.73,9.55,-0.63,-0.72,-0.25,-0.16,0.0,9.8,0.04,1.25,0.0,0.0,0.0,5.0,1017.18,66.18,-18.27
2025-03-24 17:50:27.093000+00:00,,,,,355.5,-1.062,-0.125,23.26,-74.062,-3.25,-23.75,-0.019,0.007,-0.046,-0.79,-0.73,9.55,-0.63,-0.72,-0.25,-0.16,0.0,9.8,0.04,1.25,0.0,0.0,0.0,5.0,1017.18,66.18,-18.27
2025-03-24 17:50:27.367000+00:00,,,,,355.5,-1.062,-0.125,23.0,-74.062,-3.25,-23.75,-0.019,0.007,-0.046,-0.79,-0.73,9.55,-0.63,-0.72,-0.25,-0.16,0.0,9.8,0.04,1.25,0.0,0.0,0.0,5.0,1017.18,66.18,-18.27
2025-03-24 17:50:28.083000+00:00,,,,,355.5,-1.062,-0.125,23.0,-74.062,-3.25,-23.75,-0.019,0.007,-0.046,-0.79,-0.73,9.55,-0.63,-0.72,-0.25,-0.16,0.0,9.8,0.04,1.25,0.0,0.0,0.0,5.0,1017.18,66.18,-18.27
2025-03-24 17:50:28.678000+00:00,,,,,355.5,-1.062,-0.125,23.26,-74.062,-3.25,-23.75,-0.019,0.007,-0.046,-0.79,-0.73,9.55,-0.63,-0.72,-0.25,-0.16,0.0,9.8,0.04,1.25,0.0,0.0,0.0,5.0,1017.18,66.18,-18.27
2025-03-24 17:50:29.089000+00:00,,,,,355.5,-1.062,-0.125,23.0,-74.062,-3.25,-23.75,-0.019,0.007,-0.046,-0.79,-0.73,9.55,-0.63,-0.72,-0.25,-0.16,0.0,9.8,0.04,1.25,0.0,0.0,0.0,5.0,1017.18,66.18,-18.27
2025-03-24 17:50:29.703000+00:00,,,,,355.5,-1.062,-0.125,23.26,-74.062,-3.25,-23.75,-0.019,0.007,-0.046,-0.79,-0.73,9.55,-0.63,-0.72,-0.25,-0.16,0.0,9.8,0.04,1.25,0.0,0.0,0.0,5.0,1017.18,66.18,-18.27
2025-03-24 17:50:30.242000+00:00,,,,,355.5,-1.062,-0.125,23.0,-74.062,-3.25,-23.75,-0.019,0.007,-0.046,-0.79,-0.73,9.55,-0.63,-0.72,-0.25,-0.16,0.0,9.8,0.04,1.25,0.0,0.0,0.0,5.0,1017.18,66.18,-18.27
2025-03-24 17:50:30.736000+00:00,,,,,355.5,-1.062,-0.125,23.26,-74.062,-3.25,-23.75,-0.019,0.007,-0.046,-0.79,-0.73,9.55,-0.63,-0.72,-0.25,-0.16,0.0,9.8,0.04,1.25,0.0,0.0,0.0,5.0,1017.18,66.18,-18.27
2025-03-24 17:50:31.254000+00:00,,,,,355.5,-1.062,-0.125,23.0,-74.062,-3.25,-23.75,-0.019,0.007,-0.046,-0.79,-0.73,9.55,-0.63,-0.72,-0.25,-0.16,0.0,9.8,0.04,1.25,0.0,0.0,0.0,5.0,1017.18,66.18,-18.27
2025-03-24 17:50:31.692000+00:00,,,,,355.5,-1.062,-0.125,23.26,-74.062,-3.25,-23.75,-0.019,0.007,-0.046,-0.79,-0.73,9.55,-0.63,-0.72,-0.25,-0.16,0.0,9.8,0.04,1.25,0.0,0.0,0.0,5.0,1017.18,66.18,-18.27
2025-03-24 17:50:32.277000+00:00,,,,,355.5,-1.062,-0.125,23.0,-74.062,-3.25,-23.75,-0.019,0.007,-0.046,-0.79,-0.73,9.55,-0.63,-0.72,-0.25,-0.16,0.0,9.8,0.04,1.25,0.0,0.0,0.0,5.0,1017.18,66.18,-18.27
2025-03-24 17:50:32.818000+00:00,,,,,355.5,-1.062,-0.125,23.26,-74.062,-3.25,-23.75,-0.019,0.007,-0.046,-0.79,-0.73,9.55,-0.63,-0.72,-0.25,-0.16,0.0,9.8,0.04,1.25,0.0,0.0,0.0,5.0,1017.18,66.18,-18.27
2025-03-24 17:50:33.283000+00:00,,,,,355.5,-1.062,-0.125,23.0,-74.062,-3.25,-23.75,-0.019,0.007,-0.046,-0.79,-0.73,9.55,-0.63,-0.72,-0.25,-0.16,0.0,9.8,0.04,1.25,0.0,0.0,0.0,5.0,1017.18,66.18,-18.27
2025-03-24 17:50:33.976000+00:00,,,,,355.5,-1.062,-0.125,23.26,-74.062,-3.25,-23.75,-0.019,0.007,-0.046,-0.79,-0.73,9.55,-0.63,-0.72,-0.25,-0.16,0.0,9.8,0.04,1.25,0.0,0.0,0.0,5.0,1017.18,66.18,-18.27
2025-03-24 17:50:34.419000+00:00,,,,,355.5,-1.062,-0.125,23.0,-74.062,-3.25,-23.75,-0.019,0.007,-0.046,-0.79,-0.73,9.55,-0.63,-0.72,-0.25,-0.16,0.0,9.8,0.04,1.25,0.0,0.0,0.0,5.0,1017.18,66.18,-18.27
2025-03-24 17:50:34.918000+00:00,,,,,355.5,-1.062,-0.125,23.26,-74.062,-3.25,-23.75,-0.019,0.007,-0.046,-0.79,-0.73,9.55,-0.63,-0.72,-0.25,-0.16,0.0,9.8,0.04,1.25,0.0,0.0,0.0,5.0,1017.18,66.18,-18.27
2025-03-24 17:50:35.348000+00:00,,,,,355.5,-1.062,-0.125,23.0,-74.062,-3.25,-23.75,-0.019,0.007,-0.046,-0.79,-0.73,9.55,-0.63,-0.72,-0.25,-0.16,0.0,9.8,0.04,1.25,0.0,0.0,0.0,5.0,1017.18,66.18,-18.27
2025-03-24 17:50:36.057000+00:00,,,,,355.5,-1.062,-0.125,23.26,-74.062,-3.25,-23.75,-0.019,0.007,-0.046,-0.79,-0.73,9.55,-0.63,-0.72,-0.25,-0.16,0.0,9.8,0.04,1.25,0.0,0.0,0.0,5.0,1017.18,66.18,-18.27
2025-03-24 17:50:36.511000+00:00,,,,,355.5,-1.062,-0.125,23.0,-74.062,-3.25,-23.75,-0.019,0.007,-0.046,-0.79,-0.73,9.55,-0.63,-0.72,-0.25,-0.16,0.0,9.8,0.04,1.25,0.0,0.0,0.0,5.0,1017.18,66.18,-18.27
2025-03-24 17:50:37.361000+00:00,,,,,355.5,-1.062,-0.125,23.26,-74.062,-3.25,-23.75,-0.019,0.007,-0.046,-0.79,-0.73,9.55,-0.63,-0.72,-0.25,-0.16,0.0,9.8,0.04,1.25,0.0,0.0,0.0,5.0,1017.18,66.18,-18.27
2025-03-24 17:50:37.639000+00:00,,,,,355.5,-1.062,-0.125,23.0,-74.062,-3.25,-23.75,-0.019,0.007,-0.046,-0.79,-0.73,9.55,-0.63,-0.72,-0.25,-0.16,0.0,9.8,0.04,1.25,0.0,0.0,0.0,5.0,1017.18,66.18,-18.27
2025-03-24 17:50:38.293000+00:00,,,,,355.5,-1.062,-0.125,23.0,-74.062,-3.25,-23.75,-0.019,0.007,-0.046,-0.79,-0.73,9.55,-0.63,-0.72,-0.25,-0.16,0.0,9.8,0.04,1.25,0.0,0.0,0.0,5.0,1017.18,66.18,-18.27
2025-03-24 17:50:38.727000+00:00,,,,,355.5,-1.062,-0.125,23.26,-74.062,-3.25,-23.75,-0.019,0.007,-0.046,-0.79,-0.73,9.55,-0.63,-0.72,-0.25,-0.16,0.0,9.8,0.04,1.25,0.0,0.0,0.0,5.0,1017.18,66.18,-18.27
2025-03-24 17:50:39.271000+00:00,,,,,355.5,-1.062,-0.125,23.0,-74.062,-3.25,-23.75,-0.019,0.007,-0.046,-0.79,-0.73,9.55,-0.63,-0.72,-0.25,-0.16,0.0,9.8,0.04,1.25,0.0,0.0,0.0,5.0,1017.18,66.18,-18.27
2025-03-24 17:50:39.786000+00:00,,,,,355.5,-1.062,-0.125,23.26,-74.062,-3.25,-23.75,-0.019,0.007,-0.046,-0.79,-0.73,9.55,-0.63,-0.72,-0.25,-0.16,0.0,9.8,0.04,1.25,0.0,0.0,0.0,5.0,1017.18,66.18,-18.27
2025-03-24 17:50:40.302000+00:00,,,,,355.5,-1.062,-0.125,23.0,-74.062,-3.25,-23.75,-0.019,0.007,-0.046,-0.79,-0.73,9.55,-0.63,-0.72,-0.25,-0.16,0.0,9.8,0.04,1.25,0.0,0.0,0.0,5.0,1017.18,66.18,-18.27
2025-03-24 17:50:40.931000+00:00,,,,,355.5,-1.062,-0.125,23.22,-74.062,-3.25,-23.75,-0.019,0.007,-0.046,-0.79,-0.73,9.55,-0.63,-0.72,-0.25,-0.16,0.0,9.8,0.04,1.25,0.0,0.0,0.0,5.0,1017.18,66.18,-18.27
2025-03-24 17:50:41.343000+00:00,,,,,355.5,-1.062,-0.125,23.0,-74.062,-3.25,-23.75,-0.019,0.007,-0.046,-0.79,-0.73,9.55,-0.63,-0.72,-0.25,-0.16,0.0,9.8,0.04,1.25,0.0,0.0,0.0,5.0,1017.18,66.18,-18.27
2025-03-24 17:50:42.081000+00:00,,,,,355.5,-1.062,-0.125,23.22,-74.062,-3.25,-23.75,-0.019,0.007,-0.046,-0.79,-0.73,9.55,-0.63,-0.72,-0.25,-0.16,0.0,9.8,0.04,1.25,0.0,0.0,0.0,5.0,1017.18,66.18,-18.27
2025-03-24 17:50:42.505000+00:00,,,,,355.5,-1.062,-0.125,23.0,-74.062,-3.25,-23.75,-0.019,0.007,-0.046,-0.79,-0.73,9.55,-0.63,-0.72,-0.25,-0.16,0.0,9.8,0.04,1.25,0.0,0.0,0.0,5.0,1017.18,66.18,-18.27
2025-03-24 17:50:43.351000+00:00,,,,,355.5,-1.062,-0.125,23.22,-74.062,-3.25,-23.75,-0.019,0.007,-0.046,-0.79,-0.73,9.55,-0.63,-0.72,-0.25,-0.16,0.0,9.8,0.04,1.25,0.0,0.0,0.0,5.0,1017.18,66.18,-18.27
2025-03-24 17:50:43.621000+00:00,,,,,355.5,-1.062,-0.125,23.0,-74.062,-3.25,-23.75,-0.019,0.007,-0.046,-0.79,-0.73,9.55,-0.63,-0.72,-0.25,-0.16,0.0,9.8,0.04,1.25,0.0,0.0,0.0,5.0,1017.18,66.18,-18.27
2025-03-24 17:50:44.321000+00:00,,,,,355.5,-1.062,-0.125,23.0,-74.062,-3.25,-23.75,-0.019,0.007,-0.046,-0.79,-0.73,9.55,-0.63,-0.72,-0.25,-0.16,0.0,9.8,0.04,1.25,0.0,0.0,0.0,5.0,1017.18,66.18,-18.27
2025-03-24 17:50:44.770000+00:00,,,,,355.5,-1.062,-0.125,23.22,-74.062,-3.25,-23.75,-0.019,0.007,-0.046,-0.79,-0.73,9.55,-0.63,-0.72,-0.25,-0.16,0.0,9.8,0.04,1.25,0.0,0.0,0.0,5.0,1017.18,66.18,-18.27
2025-03-24 17:50:45.290000+00:00,,,,,355.5,-1.062,-0.125,23.0,-74.062,-3.25,-23.75,-0.019,0.007,-0.046,-0.79,-0.73,9.55,-0.63,-0.72,-0.25,-0.16,0.0,9.8,0.04,1.25,0.0,0.0,0.0,5.0,1017.18,66.18,-18.27
2025-03-24 17:50:45.741000+00:00,,,,,355.5,-1.062,-0.125,23.22,-74.062,-3.25,-23.75,-0.019,0.007,-0.046,-0.79,-0.73,9.55,-0.63,-0.72,-0.25,-0.16,0.0,9.8,0.04,1.25,0.0,0.0,0.0,5.0,1017.18,66.18,-18.27
2025-03-24 17:50:46.300000+00:00,,,,,355.5,-1.062,-0.125,23.0,-74.062,-3.25,-23.75,-0.019,0.007,-0.046,-0.79,-0.73,9.55,-0.63,-0.72,-0.25,-0.16,0.0,9.8,0.04,1.25,0.0,0.0,0.0,5.0,1017.18,66.18,-18.27
2025-03-24 17:50:46.747000+00:00,,,,,355.5,-1.062,-0.125,23.22,-74.062,-3.25,-23.75,-0.019,0.007,-0.046,-0.79,-0.73,9.55,-0.63,-0.72,-0.25,-0.16,0.0,9.8,0.04,1.25,0.0,0.0,0.0,5.0,1017.18,66.18,-18.27
2025-03-24 17:50:47.321000+00:00,,,,,355.5,-1.062,-0.125,23.0,-74.062,-3.25,-23.75,-0.019,0.007,-0.046,-0.79,-0.73,9.55,-0.63,-0.72,-0.25,-0.16,0.0,9.8,0.04,1.25,0.0,0.0,0.0,5.0,1017.18,66.18,-18.27
2025-03-24 17:50:47.815000+00:00,,,,,355.5,-1.062,-0.125,23.22,-74.062,-3.25,-23.75,-0.019,0.007,-0.046,-0.79,-0.73,9.55,-0.63,-0.72,-0.25,-0.16,0.0,9.8,0.04,1.25,0.0,0.0,0.0,5.0,1017.18,66.18,-18.27
2025-03-24 17:49:48.736000+00:00,,,,,355.5,-1.062,-0.125,23.22,-74.062,-3.25,-23.75,-0.019,0.007,-0.046,-0.79,-0.73,9.55,-0.63,-0.72,-0.25,-0.16,0.0,9.8,0.04,1.25,0.0,0.0,0.0,5.0,1017.18,66.18,-18.27
2025-03-24 17:49:49.745000+00:00,,,,,355.5,-1.062,-0.125,23.22,-74.5,-3.25,-24.188,-0.019,0.007,-0.046,-0.79,-0.73,9.55,-0.63,-0.72,-0.25,-0.16,0.0,9.8,0.04,1.25,0.0,0.0,0.0,5.0,1017.18,66.18,-18.27
2025-03-24 17:49:50.765000+00:00,,,,,355.5,-1.062,-0.125,23.22,-74.688,-3.25,-25.25,-0.019,0.007,-0.046,-0.79,-0.73,9.55,-0.63,-0.72,-0.25,-0.16,0.0,9.8,0.04,1.25,0.0,0.0,0.0,5.0,1017.18,66.18,-18.27
2025-03-24 17:49:51.769000+00:00,,,,,355.5,-1.062,-0.125,23.22,-74.375,-2.5,-25.375,-0.019,0.007,-0.046,-0.79,-0.73,9.55,-0.63,-0.72,-0.25,-0.16,0.0,9.8,0.04,1.25,0.0,0.0,0.0,5.0,1017.18,66.18,-18.27
2025-03-24 17:49:52.780000+00:00,,,,,355.5,-1.062,-0.125,23.22,-74.688,-2.188,-24.562,-0.019,0.007,-0.046,-0.79,-0.73,9.55,-0.63,-0.72,-0.25,-0.16,0.0,9.8,0.04,1.25,0.0,0.0,0.0,5.0,1017.18,66.18,-18.27
2025-03-24 17:49:53.794000+00:00,,,,,355.5,-1.062,-0.125,23.22,-72.875,-3.688,-25.0,-0.019,0.007,-0.046,-0.79,-0.73,9.55,-0.63,-0.72,-0.25,-0.16,0.0,9.8,0.04,1.25,0.0,0.0,0.0,5.0,1017.18,66.18,-18.27
2025-03-24 17:49:54.799000+00:00,,,,,355.5,-1.062,-0.125,23.22,-73.688,-3.25,-25.0,-0.019,0.007,-0.046,-0.79,-0.73,9.55,-0.63,-0.72,-0.25,-0.16,0.0,9.8,0.04,1.25,0.0,0.0,0.0,5.0,1017.18,66.18,-18.27
2025-03-24 17:49:55.816000+00:00,,,,,355.5,-1.062,-0.125,23.22,-74.0,-2.875,-25.375,-0.019,0.007,-0.046,-0.79,-0.73,9.55,-0.63,-0.72,-0.25,-0.16,0.0,9.8,0.04,1.25,0.0,0.0,0.0,5.0,1017.18,66.18,-18.27
2025-03-24 17:49:56.900000+00:00,,,,,355.5,-1.062,-0.125,23.22,-75.0,-3.0,-24.562,-0.019,0.007,-0.046,-0.79,-0.73,9.55,-0.63,-0.72,-0.25,-0.16,0.0,9.8,0.04,1.25,0.0,0.0,0.0,5.0,1017.18,66.18,-18.27
2025-03-24 17:49:58.020000+00:00,,,,,355.5,-1.062,-0.125,23.22,-73.875,-3.25,-25.375,-0.019,0.007,-0.046,-0.79,-0.73,9.55,-0.63,-0.72,-0.25,-0.16,0.0,9.8,0.04,1.25,0.0,0.0,0.0,5.0,1017.18,66.18,-18.27
2025-03-24 17:49:59.080000+00:00,,,,,355.5,-1.062,-0.125,23.22,-73.875,-2.188,-25.375,-0.019,0.007,-0.046,-0.79,-0.73,9.55,-0.63,-0.72,-0.25,-0.16,0.0,9.8,0.04,1.25,0.0,0.0,0.0,5.0,1017.18,66.18,-18.27
2025-03-24 17:49:59.860000+00:00,,,,,355.5,-1.062,-0.125,23.22,-74.25,-3.0,-25.0,-0.019,0.007,-0.046,-0.79,-0.73,9.55,-0.63,-0.72,-0.25,-0.16,0.0,9.8,0.04,1.25,0.0,0.0,0.0,5.0,1017.18,66.18,-18.27
2025-03-24 17:50:00.864000+00:00,,,,,355.5,-1.062,-0.125,23.22,-74.188,-3.0,-25.688,-0.019,0.007,-0.046,-0.79,-0.73,9.55,-0.63,-0.72,-0.25,-0.16,0.0,9.8,0.04,1.25,0.0,0.0,0.0,5.0,1017.18,66.18,-18.27
2025-03-24 17:50:01.864000+00:00,,,,,355.5,-1.062,-0.125,23.22,-73.5,-2.25,-25.688,-0.019,0.007,-0.046,-0.79,-0.73,9.55,-0.63,-0.72,-0.25,-0.16,0.0,9.8,0.04,1.25,0.0,0.0,0.0,5.0,1017.18,66.18,-18.27
2025-03-24 17:50:02.864000+00:00,,,,,355.5,-1.062,-0.125,23.22,-73.5,-2.562,-24.062,-0.019,0.007,-0.046,-0.79,-0.73,9.55,-0.63,-0.72,-0.25,-0.16,0.0,9.8,0.04,1.25,0.0,0.0,0.0,5.0,1017.18,66.18,-18.27
2025-03-24 17:50:03.890000+00:00,,,,,355.5,-1.062,-0.125,23.22,-73.75,-3.375,-24.5,-0.019,0.007,-0.046,-0.79,-0.73,9.55,-0.63,-0.72,-0.25,-0.16,0.0,9.8,0.04,1.25,0.0,0.0,0.0,5.0,1017.18,66.18,-18.27
2025-03-24 17:50:04.895000+00:00,,,,,355.5,-1.062,-0.125,23.22,-73.75,-2.562,-24.5,-0.019,0.007,-0.046,-0.79,-0.73,9.55,-0.63,-0.72,-0.25,-0.16,0.0,9.8,0.04,1.25,0.0,0.0,0.0,5.0,1017.18,66.18,-18.27
2025-03-24 17:50:05.910000+00:00,,,,,355.5,-1.062,-0.125,23.22,-74.188,-3.75,-24.5,-0.019,0.007,-0.046,-0.79,-0.73,9.55,-0.63,-0.72,-0.25,-0.16,0.0,9.8,0.04,1.25,0.0,0.0,0.0,5.0,1017.18,66.18,-18.27
2025-03-24 17:50:06.920000+00:00,,,,,355.5,-1.062,-0.125,23.22,-74.188,-2.25,-24.875,-0.019,0.007,-0.046,-0.79,-0.73,9.55,-0.63,-0.72,-0.25,-0.16,0.0,9.8,0.04,1.25,0.0,0.0,0.0,5.0,1017.18,66.18,-18.27
2025-03-24 17:50:08.089000+00:00,,,,,355.5,-1.062,-0.125,23.22,-73.75,-3.0,-24.062,-0.019,0.007,-0.046,-0.79,-0.73,9.55,-0.63,-0.72,-0.25,-0.16,0.0,9.8,0.04,1.25,0.0,0.0,0.0,5.0,1017.18,66.18,-18.27
2025-03-24 17:50:08.944000+00:00,,,,,355.5,-1.062,-0.125,23.22,-74.188,-2.562,-24.75,-0.019,0.007,-0.046,-0.79,-0.73,9.55,-0.63,-0.72,-0.25,-0.16,0.0,9.8,0.04,1.25,0.0,0.0,0.0,5.0,1017.18,66.18,-18.27
2025-03-24 17:50:09.944000+00:00,,,,,355.5,-1.062,-0.125,23.22,-73.688,-3.375,-24.75,-0.019,0.007,-0.046,-0.79,-0.73,9.55,-0.63,-0.72,-0.25,-0.16,0.0,9.8,0.04,1.25,0.0,0.0,0.0,5.0,1017.18,66.18,-18.27
2025-03-24 17:50:10.952000+00:00,,,,,355.5,-1.062,-0.125,23.22,-74.062,-2.562,-24.75,-0.019,0.007,-0.046,-0.79,-0.73,9.55,-0.63,-0.72,-0.25,-0.16,0.0,9.8,0.04,1.25,0.0,0.0,0.0,5.0,1017.18,66.18,-18.27
2025-03-24 17:50:11.979000+00:00,,,,,355.5,-1.062,-0.125,23.22,-73.375,-3.375,-24.75,-0.019,0.007,-0.046,-0.79,-0.73,9.55,-0.63,-0.72,-0.25,-0.16,0.0,9.8,0.04,1.25,0.0,0.0,0.0,5.0,1017.18,66.18,-18.27
2025-03-24 17:50:12.973000+00:00,,,,,355.5,-1.062,-0.125,23.22,-74.0,-3.375,-24.375,-0.019,0.007,-0.046,-0.79,-0.73,9.55,-0.63,-0.72,-0.25,-0.16,0.0,9.8,0.04,1.25,0.0,0.0,0.0,5.0,1017.18,66.18,-18.27
2025-03-24 17:50:13.973000+00:00,,,,,355.5,-1.062,-0.125,23.22,-73.562,-3.375,-24.0,-0.019,0.007,-0.046,-0.79,-0.73,9.55,-0.63,-0.72,-0.25,-0.16,0.0,9.8,0.04,1.25,0.0,0.0,0.0,5.0,1017.18,66.18,-18.27
2025-03-24 17:50:15.094000+00:00,,,,,355.5,-1.062,-0.125,23.22,-74.0,-3.062,-25.188,-0.019,0.007,-0.046,-0.79,-0.73,9.55,-0.63,-0.72,-0.25,-0.16,0.0,9.8,0.04,1.25,0.0,0.0,0.0,5.0,1017.18,66.18,-18.27
2025-03-24 17:50:16.268000+00:00,,,,,355.5,-1.062,-0.125,23.22,-74.0,-3.875,-24.75,-0.019,0.007,-0.046,-0.79,-0.73,9.55,-0.63,-0.72,-0.25,-0.16,0.0,9.8,0.04,1.25,0.0,0.0,0.0,5.0,1017.18,66.18,-18.27
2025-03-24 17:50:17.012000+00:00,,,,,355.5,-1.062,-0.125,23.22,-74.0,-2.688,-24.375,-0.019,0.007,-0.046,-0.79,-0.73,9.55,-0.63,-0.72,-0.25,-0.16,0.0,9.8,0.04,1.25,0.0,0.0,0.0,5.0,1017.18,66.18,-18.27
2025-03-24 17:50:18.022000+00:00,,,,,355.5,-1.062,-0.125,23.22,-72.875,-3.062,-24.375,-0.019,0.007,-0.046,-0.79,-0.73,9.55,-0.63,-0.72,-0.25,-0.16,0.0,9.8,0.04,1.25,0.0,0.0,0.0,5.0,1017.18,66.18,-18.27
2025-03-24 17:50:19.032000+00:00,,,,,355.5,-1.062,-0.125,23.22,-73.5,-3.062,-24.375,-0.019,0.007,-0.046,-0.79,-0.73,9.55,-0.63,-0.72,-0.25,-0.16,0.0,9.8,0.04,1.25,0.0,0.0,0.0,5.0,1017.18,66.18,-18.27
2025-03-24 17:50:20.042000+00:00,,,,,355.5,-1.062,-0.125,23.22,-73.188,-3.062,-25.0,-0.019,0.007,-0.046,-0.79,-0.73,9.55,-0.63,-0.72,-0.25,-0.16,0.0,9.8,0.04,1.25,0.0,0.0,0.0,5.0,1017.18,66.18,-18.27
2025-03-24 17:50:21.052000+00:00,,,,,355.5,-1.062,-0.125,23.22,-73.5,-3.062,-25.875,-0.019,0.007,-0.046,-0.79,-0.73,9.55,-0.63,-0.72,-0.25,-0.16,0.0,9.8,0.04,1.25,0.0,0.0,0.0,5.0,1017.18,66.18,-18.27
2025-03-24 17:50:22.063000+00:00,,,,,355.5,-1.062,-0.125,23.22,-74.562,-2.688,-24.688,-0.019,0.007,-0.046,-0.79,-0.73,9.55,-0.63,-0.72,-0.25,-0.16,0.0,9.8,0.04,1.25,0.0,0.0,0.0,5.0,1017.18,66.18,-18.27
2025-03-24 17:50:23.152000+00:00,,,,,355.5,-1.062,-0.125,23.22,-73.375,-3.875,-24.25,-0.019,0.007,-0.046,-0.79,-0.73,9.55,-0.63,-0.72,-0.25,-0.16,0.0,9.8,0.04,1.25,0.0,0.0,0.0,5.0,1017.18,66.18,-18.27
2025-03-24 17:50:24.262000+00:00,,,,,355.5,-1.062,-0.125,23.22,-73.375,-3.188,-24.25,-0.019,0.007,-0.046,-0.79,-0.73,9.55,-0.63,-0.72,-0.25,-0.16,0.0,9.8,0.04,1.25,0.0,0.0,0.0,5.0,1017.18,66.18,-18.27
2025-03-24 17:50:25.242000+00:00,,,,,355.5,-1.062,-0.125,23.22,-73.75,-2.75,-25.062,-0.019,0.007,-0.046,-0.79,-0.73,9.55,-0.63,-0.72,-0.25,-0.16,0.0,9.8,0.04,1.25,0.0,0.0,0.0,5.0,1017.18,66.18,-18.27
2025-03-24 17:50:26.372000+00:00,,,,,355.5,-1.062,-0.125,23.22,-72.688,-3.562,-25.0,-0.019,0.007,-0.046,-0.79,-0.73,9.55,-0.63,-0.72,-0.25,-0.16,0.0,9.8,0.04,1.25,0.0,0.0,0.0,5.0,1017.18,66.18,-18.27
2025-03-24 17:50:27.412000+00:00,,,,,355.5,-1.062,-0.125,23.22,-73.0,-2.5,-25.5,-0.019,0.007,-0.046,-0.79,-0.73,9.55,-0.63,-0.72,-0.25,-0.16,0.0,9.8,0.04,1.25,0.0,0.0,0.0,5.0,1017.18,66.18,-18.27
2025-03-24 17:50:28.132000+00:00,,,,,355.5,-1.062,-0.125,23.22,-73.062,-3.188,-25.5,-0.019,0.007,-0.046,-0.79,-0.73,9.55,-0.63,-0.72,-0.25,-0.16,0.0,9.8,0.04,1.25,0.0,0.0,0.0,5.0,1017.18,66.18,-18.27
2025-03-24 17:50:29.301000+00:00,,,,,355.5,-1.062,-0.125,23.22,-73.688,-4.0,-24.188,-0.019,0.007,-0.046,-0.79,-0.73,9.55,-0.63,-0.72,-0.25,-0.16,0.0,9.8,0.04,1.25,0.0,0.0,0.0,5.0,1017.18,66.18,-18.27
2025-03-24 17:50:30.291000+00:00,,,,,355.5,-1.062,-0.125,23.22,-73.688,-2.75,-25.0,-0.019,0.007,-0.046,-0.79,-0.73,9.55,-0.63,-0.72,-0.25,-0.16,0.0,9.8,0.04,1.25,0.0,0.0,0.0,5.0,1017.18,66.18,-18.27
2025-03-24 17:50:31.308000+00:00,,,,,355.5,-1.062,-0.125,23.22,-73.75,-2.75,-25.0,-0.019,0.007,-0.046,-0.79,-0.73,9.55,-0.63,-0.72,-0.25,-0.16,0.0,9.8,0.04,1.25,0.0,0.0,0.0,5.0,1017.18,66.18,-18.27
2025-03-24 17:50:32.328000+00:00,,,,,355.5,-1.062,-0.125,23.22,-73.688,-3.188,-26.5,-0.019,0.007,-0.046,-0.79,-0.73,9.55,-0.63,-0.72,-0.25,-0.16,0.0,9.8,0.04,1.25,0.0,0.0,0.0,5.0,1017.18,66.18,-18.27
2025-03-24 17:50:33.342000+00:00,,,,,355.5,-1.062,-0.125,23.22,-72.562,-3.188,-23.375,-0.019,0.007,-0.046,-0.79,-0.73,9.55,-0.63,-0.72,-0.25,-0.16,0.0,9.8,0.04,1.25,0.0,0.0,0.0,5.0,1017.18,66.18,-18.27
2025-03-24 17:50:34.472000+00:00,,,,,355.5,-1.062,-0.125,23.22,-72.562,-2.188,-24.188,-0.019,0.007,-0.046,-0.79,-0.73,9.55,-0.63,-0.72,-0.25,-0.16,0.0,9.8,0.04,1.25,0.0,0.0,0.0,5.0,1017.18,66.18,-18.27
2025-03-24 17:50:35.408000+00:00,,,,,355.5,-1.062,-0.125,23.22,-74.0,-3.188,-25.375,-0.019,0.007,-0.046,-0.79,-0.73,9.55,-0.63,-0.72,-0.25,-0.16,0.0,9.8,0.04,1.25,0.0,0.0,0.0,5.0,1017.18,66.18,-18.27
2025-03-24 17:50:36.567000+00:00,,,,,355.5,-1.062,-0.125,23.22,-72.875,-3.688,-25.375,-0.019,0.007,-0.046,-0.79,-0.73,9.55,-0.63,-0.72,-0.25,-0.16,0.0,9.8,0.04,1.25,0.0,0.0,0.0,5.0,1017.18,66.18,-18.27
2025-03-24 17:50:37.697000+00:00,,,,,355.5,-1.062,-0.125,23.22,-73.25,-3.25,-24.562,-0.019,0.007,-0.046,-0.79,-0.73,9.55,-0.63,-0.72,-0.25,-0.16,0.0,9.8,0.04,1.25,0.0,0.0,0.0,5.0,1017.18,66.18,-18.27
2025-03-24 17:50:38.341000+00:00,,,,,355.5,-1.062,-0.125,23.22,-73.875,-3.25,-24.75,-0.019,0.007,-0.046,-0.79,-0.73,9.55,-0.63,-0.72,-0.25,-0.16,0.0,9.8,0.04,1.25,0.0,0.0,0.0,5.0,1017.18,66.18,-18.27
2025-03-24 17:50:39.328000+00:00,,,,,355.5,-1.062,-0.125,23.22,-72.875,-2.25,-25.375,-0.019,0.007,-0.046,-0.79,-0.73,9.55,-0.63,-0.72,-0.25,-0.16,0.0,9.8,0.04,1.25,0.0,0.0,0.0,5.0,1017.18,66.18,-18.27
2025-03-24 17:50:40.351000+00:00,,,,,355.5,-1.062,-0.125,23.22,-73.188,-3.25,-23.25,-0.019,0.007,-0.046,-0.79,-0.73,9.55,-0.63,-0.72,-0.25,-0.16,0.0,9.8,0.04,1.25,0.0,0.0,0.0,5.0,1017.18,66.18,-18.27
2025-03-24 17:50:41.392000+00:00,,,,,355.5,-1.062,-0.125,23.22,-73.188,-3.25,-24.5,-0.019,0.007,-0.046,-0.79,-0.73,9.55,-0.63,-0.72,-0.25,-0.16,0.0,9.8,0.04,1.25,0.0,0.0,0.0,5.0,1017.18,66.18,-18.27
2025-03-24 17:50:42.551000+00:00,,,,,355.5,-1.062,-0.125,23.22,-72.5,-4.062,-24.75,-0.019,0.007,-0.046,-0.79,-0.73,9.55,-0.63,-0.72,-0.25,-0.16,0.0,9.8,0.04,1.25,0.0,0.0,0.0,5.0,1017.18,66.18,-18.27
2025-03-24 17:50:43.677000+00:00,,,,,355.5,-1.062,-0.125,23.22,-72.75,-3.25,-24.75,-0.019,0.007,-0.046,-0.79,-0.73,9.55,-0.63,-0.72,-0.25,-0.16,0.0,9.8,0.04,1.25,0.0,0.0,0.0,5.0,1017.18,66.18,-18.27
2025-03-24 17:50:44.371000+00:00,,,,,355.5,-1.062,-0.125,23.22,-73.062,-2.875,-24.5,-0.019,0.007,-0.046,-0.79,-0.73,9.55,-0.63,-0.72,-0.25,-0.16,0.0,9.8,0.04,1.25,0.0,0.0,0.0,5.0,1017.18,66.18,-18.27
2025-03-24 17:50:45.341000+00:00,,,,,355.5,-1.062,-0.125,23.22,-73.062,-3.375,-23.688,-0.019,0.007,-0.046,-0.79,-0.73,9.55,-0.63,-0.72,-0.25,-0.16,0.0,9.8,0.04,1.25,0.0,0.0,0.0,5.0,1017.18,66.18,-18.27
2025-03-24 17:50:46.351000+00:00,,,,,355.5,-1.062,-0.125,23.22,-74.062,-2.5,-23.875,-0.019,0.007,-0.046,-0.79,-0.73,9.55,-0.63,-0.72,-0.25,-0.16,0.0,9.8,0.04,1.25,0.0,0.0,0.0,5.0,1017.18,66.18,-18.27
2025-03-24 17:50:47.371000+00:00,,,,,355.5,-1.062,-0.125,23.22,-74.75,-3.25,-25.5,-0.019,0.007,-0.046,-0.79,-0.73,9.55,-0.63,-0.72,-0.25,-0.16,0.0,9.8,0.04,1.25,0.0,0.0,0.0,5.0,1017.18,66.18,-18.27
2025-03-24 17:49:48.802000+00:00,,,,,355.5,-1.062,-0.125,23.22,-74.75,-3.25,-25.5,-0.019,0.007,-0.046,-0.79,-0.73,9.55,-0.63,-0.72,-0.25,-0.16,0.0,9.8,0.04,1.25,0.0,0.0,0.0,5.0,1017.18,66.18,-18.27
2025-03-24 17:49:49.812000+00:00,,,,,355.5,-1.062,-0.125,23.22,-74.75,-3.25,-25.5,0.012,0.003,0.068,-0.79,-0.73,9.55,-0.63,-0.72,-0.25,-0.16,0.0,9.8,0.04,1.25,0.0,0.0,0.0,5.0,1017.18,66.18,-18.27
2025-03-24 17:49:50.814000+00:00,,,,,355.5,-1.062,-0.125,23.22,-74.75,-3.25,-25.5,0.013,-0.033,0.026,-0.79,-0.73,9.55,-0.63,-0.72,-0.25,-0.16,0.0,9.8,0.04,1.25,0.0,0.0,0.0,5.0,1017.18,66.18,-18.27
2025-03-24 17:49:51.815000+00:00,,,,,355.5,-1.062,-0.125,23.22,-74.75,-3.25,-25.5,0.002,0.009,-0.008,-0.79,-0.73,9.55,-0.63,-0.72,-0.25,-0.16,0.0,9.8,0.04,1.25,0.0,0.0,0.0,5.0,1017.18,66.18,-18.27
2025-03-24 17:49:52.825000+00:00,,,,,355.5,-1.062,-0.125,23.22,-74.75,-3.25,-25.5,-0.02,-0.019,0.004,-0.79,-0.73,9.55,-0.63,-0.72,-0.25,-0.16,0.0,9.8,0.04,1.25,0.0,0.0,0.0,5.0,1017.18,66.18,-18.27
2025-03-24 17:49:53.851000+00:00,,,,,355.5,-1.062,-0.125,23.22,-74.75,-3.25,-25.5,-0.007,-0.001,0.009,-0.79,-0.73,9.55,-0.63,-0.72,-0.25,-0.16,0.0,9.8,0.04,1.25,0.0,0.0,0.0,5.0,1017.18,66.18,-18.27
2025-03-24 17:49:54.844000+00:00,,,,,355.5,-1.062,-0.125,23.22,-74.75,-3.25,-25.5,0.007,0.01,0.002,-0.79,-0.73,9.55,-0.63,-0.72,-0.25,-0.16,0.0,9.8,0.04,1.25,0.0,0.0,0.0,5.0,1017.18,66.18,-18.27
2025-03-24 17:49:55.866000+00:00,,,,,355.5,-1.062,-0.125,23.22,-74.75,-3.25,-25.5,-0.029,-0.011,0.069,-0.79,-0.73,9.55,-0.63,-0.72,-0.25,-0.16,0.0,9.8,0.04,1.25,0.0,0.0,0.0,5.0,1017.18,66.18,-18.27
2025-03-24 17:49:56.961000+00:00,,,,,355.5,-1.062,-0.125,23.22,-74.75,-3.25,-25.5,-0.018,0.012,-0.076,-0.79,-0.73,9.55,-0.63,-0.72,-0.25,-0.16,0.0,9.8,0.04,1.25,0.0,0.0,0.0,5.0,1017.18,66.18,-18.27
2025-03-24 17:49:58.080000+00:00,,,,,355.5,-1.062,-0.125,23.22,-74.75,-3.25,-25.5,0.0,0.012,-0.039,-0.79,-0.73,9.55,-0.63,-0.72,-0.25,-0.16,0.0,9.8,0.04,1.25,0.0,0.0,0.0,5.0,1017.18,66.18,-18.27
2025-03-24 17:49:59.140000+00:00,,,,,355.5,-1.062,-0.125,23.22,-74.75,-3.25,-25.5,0.011,0.001,0.007,-0.79,-0.73,9.55,-0.63,-0.72,-0.25,-0.16,0.0,9.8,0.04,1.25,0.0,0.0,0.0,5.0,1017.18,66.18,-18.27
2025-03-24 17:49:59.920000+00:00,,,,,355.5,-1.062,-0.125,23.22,-74.75,-3.25,-25.5,-0.006,-0.027,-0.024,-0.79,-0.73,9.55,-0.63,-0.72,-0.25,-0.16,0.0,9.8,0.04,1.25,0.0,0.0,0.0,5.0,1017.18,66.18,-18.27
2025-03-24 17:50:00.913000+00:00,,,,,355.5,-1.062,-0.125,23.22,-74.75,-3.25,-25.5,-0.006,-0.006,0.008,-0.79,-0.73,9.55,-0.63,-0.72,-0.25,-0.16,0.0,9.8,0.04,1.25,0.0,0.0,0.0,5.0,1017.18,66.18,-18.27
2025-03-24 17:50:01.918000+00:00,,,,,355.5,-1.062,-0.125,23.22,-74.75,-3.25,-25.5,0.006,0.012,-0.01,-0.79,-0.73,9.55,-0.63,-0.72,-0.25,-0.16,0.0,9.8,0.04,1.25,0.0,0.0,0.0,5.0,1017.18,66.18,-18.27
2025-03-24 17:50:02.921000+00:00,,,,,355.5,-1.062,-0.125,23.22,-74.75,-3.25,-25.5,-0.006,0.0,-0.06,-0.79,-0.73,9.55,-0.63,-0.72,-0.25,-0.16,0.0,9.8,0.04,1.25,0.0,0.0,0.0,5.0,1017.18,66.18,-18.27
2025-03-24 17:50:03.950000+00:00,,,,,355.5,-1.062,-0.125,23.22,-74.75,-3.25,-25.5,-0.009,0.012,-0.011,-0.79,-0.73,9.55,-0.63,-0.72,-0.25,-0.16,0.0,9.8,0.04,1.25,0.0,0.0,0.0,5.0,1017.18,66.18,-18.27
2025-03-24 17:50:04.950000+00:00,,,,,355.5,-1.062,-0.125,23.22,-74.75,-3.25,-25.5,-0.018,0.016,0.067,-0.79,-0.73,9.55,-0.63,-0.72,-0.25,-0.16,0.0,9.8,0.04,1.25,0.0,0.0,0.0,5.0,1017.18,66.18,-18.27
2025-03-24 17:50:05.971000+00:00,,,,,355.5,-1.062,-0.125,23.22,-74.75,-3.25,-25.5,0.001,0.003,0.009,-0.79,-0.73,9.55,-0.63,-0.72,-0.25,-0.16,0.0,9.8,0.04,1.25,0.0,0.0,0.0,5.0,1017.18,66.18,-18.27
2025-03-24 17:50:06.974000+00:00,,,,,355.5,-1.062,-0.125,23.22,-74.75,-3.25,-25.5,-0.004,0.01,0.0,-0.79,-0.73,9.55,-0.63,-0.72,-0.25,-0.16,0.0,9.8,0.04,1.25,0.0,0.0,0.0,5.0,1017.18,66.18,-18.27
2025-03-24 17:50:08.144000+00:00,,,,,355.5,-1.062,-0.125,23.22,-74.75,-3.25,-25.5,0.002,-0.019,-0.004,-0.79,-0.73,9.55,-0.63,-0.72,-0.25,-0.16,0.0,9.8,0.04,1.25,0.0,0.0,0.0,5.0,1017.18,66.18,-18.27
2025-03-24 17:50:08.999000+00:00,,,,,355.5,-1.062,-0.125,23.22,-74.75,-3.25,-25.5,0.017,-0.019,-0.001,-0.79,-0.73,9.55,-0.63,-0.72,-0.25,-0.16,0.0,9.8,0.04,1.25,0.0,0.0,0.0,5.0,1017.18,66.18,-18.27
2025-03-24 17:50:09.993000+00:00,,,,,355.5,-1.062,-0.125,23.22,-74.75,-3.25,-25.5,0.01,-0.018,-0.014,-0.79,-0.73,9.55,-0.63,-0.72,-0.25,-0.16,0.0,9.8,0.04,1.25,0.0,0.0,0.0,5.0,1017.18,66.18,-18.27
2025-03-24 17:50:11.014000+00:00,,,,,355.5,-1.062,-0.125,23.22,-74.75,-3.25,-25.5,0.012,0.002,0.02,-0.79,-0.73,9.55,-0.63,-0.72,-0.25,-0.16,0.0,9.8,0.04,1.25,0.0,0.0,0.0,5.0,1017.18,66.18,-18.27
2025-03-24 17:50:12.038000+00:00,,,,,355.5,-1.062,-0.125,23.22,-74.75,-3.25,-25.5,-0.009,-0.009,-0.018,-0.79,-0.73,9.55,-0.63,-0.72,-0.25,-0.16,0.0,9.8,0.04,1.25,0.0,0.0,0.0,5.0,1017.18,66.18,-18.27
2025-03-24 17:50:13.024000+00:00,,,,,355.5,-1.062,-0.125,23.22,-74.75,-3.25,-25.5,0.007,0.001,-0.018,-0.79,-0.73,9.55,-0.63,-0.72,-0.25,-0.16,0.0,9.8,0.04,1.25,0.0,0.0,0.0,5.0,1017.18,66.18,-18.27
2025-03-24 17:50:14.030000+00:00,,,,,355.5,-1.062,-0.125,23.22,-74.75,-3.25,-25.5,-0.019,-0.003,-0.053,-0.79,-0.73,9.55,-0.63,-0.72,-0.25,-0.16,0.0,9.8,0.04,1.25,0.0,0.0,0.0,5.0,1017.18,66.18,-18.27
2025-03-24 17:50:15.153000+00:00,,,,,355.5,-1.062,-0.125,23.22,-74.75,-3.25,-25.5,-0.009,0.001,0.008,-0.79,-0.73,9.55,-0.63,-0.72,-0.25,-0.16,0.0,9.8,0.04,1.25,0.0,0.0,0.0,5.0,1017.18,66.18,-18.27
2025-03-24 17:50:16.330000+00:00,,,,,355.5,-1.062,-0.125,23.22,-74.75,-3.25,-25.5,-0.012,0.011,-0.018,-0.79,-0.73,9.55,-0.63,-0.72,-0.25,-0.16,0.0,9.8,0.04,1.25,0.0,0.0,0.0,5.0,1017.18,66.18,-18.27
2025-03-24 17:50:17.069000+00:00,,,,,355.5,-1.062,-0.125,23.22,-74.75,-3.25,-25.5,0.011,0.023,0.049,-0.79,-0.73,9.55,-0.63,-0.72,-0.25,-0.16,0.0,9.8,0.04,1.25,0.0,0.0,0.0,5.0,1017.18,66.18,-18.27
2025-03-24 17:50:18.073000+00:00,,,,,355.5,-1.062,-0.125,23.22,-74.75,-3.25,-25.5,-0.013,-0.014,-0.002,-0.79,-0.73,9.55,-0.63,-0.72,-0.25,-0.16,0.0,9.8,0.04,1.25,0.0,0.0,0.0,5.0,1017.18,66.18,-18.27
2025-03-24 17:50:19.090000+00:00,,,,,355.5,-1.062,-0.125,23.22,-74.75,-3.25,-25.5,0.004,0.007,0.003,-0.79,-0.73,9.55,-0.63,-0.72,-0.25,-0.16,0.0,9.8,0.04,1.25,0.0,0.0,0.0,5.0,1017.18,66.18,-18.27
2025-03-24 17:50:20.093000+00:00,,,,,355.5,-1.062,-0.125,23.22,-74.75,-3.25,-25.5,0.009,0.001,-0.009,-0.79,-0.73,9.55,-0.63,-0.72,-0.25,-0.16,0.0,9.8,0.04,1.25,0.0,0.0,0.0,5.0,1017.18,66.18,-18.27
2025-03-24 17:50:21.103000+00:00,,,,,355.5,-1.062,-0.125,23.22,-74.75,-3.25,-25.5,-0.019,0.003,0.008,-0.79,-0.73,9.55,-0.63,-0.72,-0.25,-0.16,0.0,9.8,0.04,1.25,0.0,0.0,0.0,5.0,1017.18,66.18,-18.27
2025-03-24 17:50:22.112000+00:00,,,,,355.5,-1.062,-0.125,23.22,-74.75,-3.25,-25.5,0.001,-0.007,-0.028,-0.79,-0.73,9.55,-0.63,-0.72,-0.25,-0.16,0.0,9.8,0.04,1.25,0.0,0.0,0.0,5.0,1017.18,66.18,-18.27
2025-03-24 17:50:23.203000+00:00,,,,,355.5,-1.062,-0.125,23.22,-74.75,-3.25,-25.5,0.01,0.0,0.019,-0.79,-0.73,9.55,-0.63,-0.72,-0.25,-0.16,0.0,9.8,0.04,1.25,0.0,0.0,0.0,5.0,1017.18,66.18,-18.27
2025-03-24 17:50:24.319000+00:00,,,,,355.5,-1.062,-0.125,23.22,-74.75,-3.25,-25.5,-0.019,0.001,0.027,-0.79,-0.73,9.55,-0.63,-0.72,-0.25,-0.16,0.0,9.8,0.04,1.25,0.0,0.0,0.0,5.0,1017.18,66.18,-18.27
2025-03-24 17:50:25.302000+00:00,,,,,355.5,-1.062,-0.125,23.22,-74.75,-3.25,-25.5,-0.006,-0.008,0.027,-0.79,-0.73,9.55,-0.63,-0.72,-0.25,-0.16,0.0,9.8,0.04,1.25,0.0,0.0,0.0,5.0,1017.18,66.18,-18.27
2025-03-24 17:50:26.429000+00:00,,,,,355.5,-1.062,-0.125,23.22,-74.75,-3.25,-25.5,0.003,0.003,0.012,-0.79,-0.73,9.55,-0.63,-0.72,-0.25,-0.16,0.0,9.8,0.04,1.25,0.0,0.0,0.0,5.0,1017.18,66.18,-18.27
2025-03-24 17:50:27.470000+00:00,,,,,355.5,-1.062,-0.125,23.22,-74.75,-3.25,-25.5,0.009,0.014,0.006,-0.79,-0.73,9.55,-0.63,-0.72,-0.25,-0.16,0.0,9.8,0.04,1.25,0.0,0.0,0.0,5.0,1017.18,66.18,-18.27
2025-03-24 17:50:28.182000+00:00,,,,,355.5,-1.062,-0.125,23.22,-74.75,-3.25,-25.5,0.01,-0.019,-0.009,-0.79,-0.73,9.55,-0.63,-0.72,-0.25,-0.16,0.0,9.8,0.04,1.25,0.0,0.0,0.0,5.0,1017.18,66.18,-18.27
2025-03-24 17:50:29.359000+00:00,,,,,355.5,-1.062,-0.125,23.22,-74.75,-3.25,-25.5,-0.002,-0.017,0.004,-0.79,-0.73,9.55,-0.63,-0.72,-0.25,-0.16,0.0,9.8,0.04,1.25,0.0,0.0,0.0,5.0,1017.18,66.18,-18.27
2025-03-24 17:50:30.342000+00:00,,,,,355.5,-1.062,-0.125,23.22,-74.75,-3.25,-25.5,0.009,-0.017,-0.043,-0.79,-0.73,9.55,-0.63,-0.72,-0.25,-0.16,0.0,9.8,0.04,1.25,0.0,0.0,0.0,5.0,1017.18,66.18,-18.27
2025-03-24 17:50:31.361000+00:00,,,,,355.5,-1.062,-0.125,23.22,-74.75,-3.25,-25.5,-0.004,0.003,-0.007,-0.79,-0.73,9.55,-0.63,-0.72,-0.25,-0.16,0.0,9.8,0.04,1.25,0.0,0.0,0.0,5.0,1017.18,66.18,-18.27
2025-03-24 17:50:32.381000+00:00,,,,,355.5,-1.062,-0.125,23.22,-74.75,-3.25,-25.5,-0.017,0.02,0.021,-0.79,-0.73,9.55,-0.63,-0.72,-0.25,-0.16,0.0,9.8,0.04,1.25,0.0,0.0,0.0,5.0,1017.18,66.18,-18.27
2025-03-24 17:50:33.391000+00:00,,,,,355.5,-1.062,-0.125,23.22,-74.75,-3.25,-25.5,-0.002,-0.002,-0.013,-0.79,-0.73,9.55,-0.63,-0.72,-0.25,-0.16,0.0,9.8,0.04,1.25,0.0,0.0,0.0,5.0,1017.18,66.18,-18.27
2025-03-24 17:50:34.529000+00:00,,,,,355.5,-1.062,-0.125,23.22,-74.75,-3.25,-25.5,-0.012,0.019,-0.019,-0.79,-0.73,9.55,-0.63,-0.72,-0.25,-0.16,0.0,9.8,0.04,1.25,0.0,0.0,0.0,5.0,1017.18,66.18,-18.27
2025-03-24 17:50:35.461000+00:00,,,,,355.5,-1.062,-0.125,23.22,-74.75,-3.25,-25.5,0.002,-0.002,0.021,-0.79,-0.73,9.55,-0.63,-0.72,-0.25,-0.16,0.0,9.8,0.04,1.25,0.0,0.0,0.0,5.0,1017.18,66.18,-18.27
2025-03-24 17:50:36.628000+00:00,,,,,355.5,-1.062,-0.125,23.22,-74.75,-3.25,-25.5,-0.014,0.023,0.003,-0.79,-0.73,9.55,-0.63,-0.72,-0.25,-0.16,0.0,9.8,0.04,1.25,0.0,0.0,0.0,5.0,1017.18,66.18,-18.27
2025-03-24 17:50:37.754000+00:00,,,,,355.5,-1.062,-0.125,23.22,-74.75,-3.25,-25.5,-0.003,0.006,0.023,-0.79,-0.73,9.55,-0.63,-0.72,-0.25,-0.16,0.0,9.8,0.04,1.25,0.0,0.0,0.0,5.0,1017.18,66.18,-18.27
2025-03-24 17:50:38.398000+00:00,,,,,355.5,-1.062,-0.125,23.22,-74.75,-3.25,-25.5,0.006,-0.026,-0.003,-0.79,-0.73,9.55,-0.63,-0.72,-0.25,-0.16,0.0,9.8,0.04,1.25,0.0,0.0,0.0,5.0,1017.18,66.18,-18.27
2025-03-24 17:50:39.383000+00:00,,,,,355.5,-1.062,-0.125,23.22,-74.75,-3.25,-25.5,0.006,-0.017,-0.002,-0.79,-0.73,9.55,-0.63,-0.72,-0.25,-0.16,0.0,9.8,0.04,1.25,0.0,0.0,0.0,5.0,1017.18,66.18,-18.27
2025-03-24 17:50:40.408000+00:00,,,,,355.5,-1.062,-0.125,23.22,-74.75,-3.25,-25.5,0.008,0.002,-0.003,-0.79,-0.73,9.55,-0.63,-0.72,-0.25,-0.16,0.0,9.8,0.04,1.25,0.0,0.0,0.0,5.0,1017.18,66.18,-18.27
2025-03-24 17:50:41.446000+00:00,,,,,355.5,-1.062,-0.125,23.22,-74.75,-3.25,-25.5,-0.019,0.016,-0.01,-0.79,-0.73,9.55,-0.63,-0.72,-0.25,-0.16,0.0,9.8,0.04,1.25,0.0,0.0,0.0,5.0,1017.18,66.18,-18.27
2025-03-24 17:50:42.609000+00:00,,,,,355.5,-1.062,-0.125,23.22,-74.75,-3.25,-25.5,-0.013,-0.021,-0.038,-0.79,-0.73,9.55,-0.63,-0.72,-0.25,-0.16,0.0,9.8,0.04,1.25,0.0,0.0,0.0,5.0,1017.18,66.18,-18.27
2025-03-24 17:50:43.730000+00:00,,,,,355.5,-1.062,-0.125,23.22,-74.75,-3.25,-25.5,0.011,-0.022,0.034,-0.79,-0.73,9.55,-0.63,-0.72,-0.25,-0.16,0.0,9.8,0.04,1.25,0.0,0.0,0.0,5.0,1017.18,66.18,-18.27
2025-03-24 17:50:44.428000+00:00,,,,,355.5,-1.062,-0.125,23.22,-74.75,-3.25,-25.5,0.019,-0.004,0.037,-0.79,-0.73,9.55,-0.63,-0.72,-0.25,-0.16,0.0,9.8,0.04,1.25,0.0,0.0,0.0,5.0,1017.18,66.18,-18.27
2025-03-24 17:50:45.392000+00:00,,,,,355.5,-1.062,-0.125,23.22,-74.75,-3.25,-25.5,-0.002,-0.002,-0.012,-0.79,-0.73,9.55,-0.63,-0.72,-0.25,-0.16,0.0,9.8,0.04,1.25,0.0,0.0,0.0,5.0,1017.18,66.18,-18.27
2025-03-24 17:50:46.401000+00:00,,,,,355.5,-1.062,-0.125,23.22,-74.75,-3.25,-25.5,0.006,-0.019,0.006,-0.79,-0.73,9.55,-0.63,-0.72,-0.25,-0.16,0.0,9.8,0.04,1.25,0.0,0.0,0.0,5.0,1017.18,66.18,-18.27
2025-03-24 17:50:47.421000+00:00,,,,,355.5,-1.062,-0.125,23.22,-74.75,-3.25,-25.5,-0.003,0.017,0.013,-0.79,-0.73,9.55,-0.63,-0.72,-0.25,-0.16,0.0,9.8,0.04,1.25,0.0,0.0,0.0,5.0,1017.18,66.18,-18.27
2025-03-24 17:49:48.862000+00:00,,,,,355.5,-1.062,-0.125,23.22,-74.75,-3.25,-25.5,-0.003,0.017,0.013,-0.79,-0.73,9.55,-0.63,-0.72,-0.25,-0.16,0.0,9.8,0.04,1.25,0.0,0.0,0.0,5.0,1017.18,66.18,-18.27
2025-03-24 17:49:49.872000+00:00,,,,,355.5,-1.062,-0.125,23.22,-74.75,-3.25,-25.5,-0.003,0.017,0.013,-0.16,0.35,9.55,-0.63,-0.72,-0.25,-0.16,0.0,9.8,0.04,1.25,0.0,0.0,0.0,5.0,1017.18,66.18,-18.27
2025-03-24 17:49:50.865000+00:00,,,,,355.5,-1.062,-0.125,23.22,-74.75,-3.25,-25.5,-0.003,0.017,0.013,-0.13,0.06,9.52,-0.63,-0.72,-0.25,-0.16,0.0,9.8,0.04,1.25,0.0,0.0,0.0,5.0,1017.18,66.18,-18.27
2025-03-24 17:49:51.865000+00:00,,,,,355.5,-1.062,-0.125,23.22,-74.75,-3.25,-25.5,-0.003,0.017,0.013,-0.25,0.44,9.27,-0.63,-0.72,-0.25,-0.16,0.0,9.8,0.04,1.25,0.0,0.0,0.0,5.0,1017.18,66.18,-18.27
2025-03-24 17:49:52.875000+00:00,,,,,355.5,-1.062,-0.125,23.22,-74.75,-3.25,-25.5,-0.003,0.017,0.013,-0.32,0.44,9.45,-0.63,-0.72,-0.25,-0.16,0.0,9.8,0.04,1.25,0.0,0.0,0.0,5.0,1017.18,66.18,-18.27
2025-03-24 17:49:53.910000+00:00,,,,,355.5,-1.062,-0.125,23.22,-74.75,-3.25,-25.5,-0.003,0.017,0.013,-0.81,0.21,9.21,-0.63,-0.72,-0.25,-0.16,0.0,9.8,0.04,1.25,0.0,0.0,0.0,5.0,1017.18,66.18,-18.27
2025-03-24 17:49:54.901000+00:00,,,,,355.5,-1.062,-0.125,23.22,-74.75,-3.25,-25.5,-0.003,0.017,0.013,-0.11,0.47,9.48,-0.63,-0.72,-0.25,-0.16,0.0,9.8,0.04,1.25,0.0,0.0,0.0,5.0,1017.18,66.18,-18.27
2025-03-24 17:49:55.914000+00:00,,,,,355.5,-1.062,-0.125,23.22,-74.75,-3.25,-25.5,-0.003,0.017,0.013,-0.8,0.23,9.38,-0.63,-0.72,-0.25,-0.16,0.0,9.8,0.04,1.25,0.0,0.0,0.0,5.0,1017.18,66.18,-18.27
2025-03-24 17:49:57.021000+00:00,,,,,355.5,-1.062,-0.125,23.22,-74.75,-3.25,-25.5,-0.003,0.017,0.013,-0.74,0.3,9.32,-0.63,-0.72,-0.25,-0.16,0.0,9.8,0.04,1.25,0.0,0.0,0.0,5.0,1017.18,66.18,-18.27
2025-03-24 17:49:58.124000+00:00,,,,,355.5,-1.062,-0.125,23.22,-74.75,-3.25,-25.5,-0.003,0.017,0.013,-0.43,0.64,9.31,-0.63,-0.72,-0.25,-0.16,0.0,9.8,0.04,1.25,0.0,0.0,0.0,5.0,1017.18,66.18,-18.27
2025-03-24 17:49:59.201000+00:00,,,,,355.5,-1.062,-0.125,23.22,-74.75,-3.25,-25.5,-0.003,0.017,0.013,-0.53,0.26,9.53,-0.63,-0.72,-0.25,-0.16,0.0,9.8,0.04,1.25,0.0,0.0,0.0,5.0,1017.18,66.18,-18.27
2025-03-24 17:49:59.981000+00:00,,,,,355.5,-1.062,-0.125,23.22,-74.75,-3.25,-25.5,-0.003,0.017,0.013,0.18,-0.05,9.49,-0.63,-0.72,-0.25,-0.16,0.0,9.8,0.04,1.25,0.0,0.0,0.0,5.0,1017.18,66.18,-18.27
2025-03-24 17:50:00.963000+00:00,,,,,355.5,-1.062,-0.125,23.22,-74.75,-3.25,-25.5,-0.003,0.017,0.013,0.16,0.21,9.23,-0.63,-0.72,-0.25,-0.16,0.0,9.8,0.04,1.25,0.0,0.0,0.0,5.0,1017.18,66.18,-18.27
2025-03-24 17:50:01.971000+00:00,,,,,355.5,-1.062,-0.125,23.22,-74.75,-3.25,-25.5,-0.003,0.017,0.013,-0.45,-0.03,9.58,-0.63,-0.72,-0.25,-0.16,0.0,9.8,0.04,1.25,0.0,0.0,0.0,5.0,1017.18,66.18,-18.27
2025-03-24 17:50:02.974000+00:00,,,,,355.5,-1.062,-0.125,23.22,-74.75,-3.25,-25.5,-0.003,0.017,0.013,-0.43,-0.02,9.64,-0.63,-0.72,-0.25,-0.16,0.0,9.8,0.04,1.25,0.0,0.0,0.0,5.0,1017.18,66.18,-18.27
2025-03-24 17:50:04.008000+00:00,,,,,355.5,-1.062,-0.125,23.22,-74.75,-3.25,-25.5,-0.003,0.017,0.013,-0.68,-0.05,9.33,-0.63,-0.72,-0.25,-0.16,0.0,9.8,0.04,1.25,0.0,0.0,0.0,5.0,1017.18,66.18,-18.27
2025-03-24 17:50:05.011000+00:00,,,,,355.5,-1.062,-0.125,23.22,-74.75,-3.25,-25.5,-0.003,0.017,0.013,-0.23,0.06,9.29,-0.63,-0.72,-0.25,-0.16,0.0,9.8,0.04,1.25,0.0,0.0,0.0,5.0,1017.18,66.18,-18.27
2025-03-24 17:50:06.030000+00:00,,,,,355.5,-1.062,-0.125,23.22,-74.75,-3.25,-25.5,-0.003,0.017,0.013,-0.54,0.68,9.55,-0.63,-0.72,-0.25,-0.16,0.0,9.8,0.04,1.25,0.0,0.0,0.0,5.0,1017.18,66.18,-18.27
2025-03-24 17:50:07.025000+00:00,,,,,355.5,-1.062,-0.125,23.22,-74.75,-3.25,-25.5,-0.003,0.017,0.013,-0.15,0.12,9.08,-0.63,-0.72,-0.25,-0.16,0.0,9.8,0.04,1.25,0.0,0.0,0.0,5.0,1017.18,66.18,-18.27
2025-03-24 17:50:08.194000+00:00,,,,,355.5,-1.062,-0.125,23.22,-74.75,-3.25,-25.5,-0.003,0.017,0.013,-0.05,-0.52,9.43,-0.63,-0.72,-0.25,-0.16,0.0,9.8,0.04,1.25,0.0,0.0,0.0,5.0,1017.18,66.18,-18.27
2025-03-24 17:50:09.050000+00:00,,,,,355.5,-1.062,-0.125,23.22,-74.75,-3.25,-25.5,-0.003,0.017,0.013,-0.1,0.14,9.53,-0.63,-0.72,-0.25,-0.16,0.0,9.8,0.04,1.25,0.0,0.0,0.0,5.0,1017.18,66.18,-18.27
2025-03-24 17:50:10.050000+00:00,,,,,355.5,-1.062,-0.125,23.22,-74.75,-3.25,-25.5,-0.003,0.017,0.013,-0.39,0.8,9.06,-0.63,-0.72,-0.25,-0.16,0.0,9.8,0.04,1.25,0.0,0.0,0.0,5.0,1017.18,66.18,-18.27
2025-03-24 17:50:11.063000+00:00,,,,,355.5,-1.062,-0.125,23.22,-74.75,-3.25,-25.5,-0.003,0.017,0.013,-0.56,-0.08,9.44,-0.63,-0.72,-0.25,-0.16,0.0,9.8,0.04,1.25,0.0,0.0,0.0,5.0,1017.18,66.18,-18.27
2025-03-24 17:50:12.084000+00:00,,,,,355.5,-1.062,-0.125,23.22,-74.75,-3.25,-25.5,-0.003,0.017,0.013,0.1,-0.11,9.62,-0.63,-0.72,-0.25,-0.16,0.0,9.8,0.04,1.25,0.0,0.0,0.0,5.0,1017.18,66.18,-18.27
2025-03-24 17:50:13.077000+00:00,,,,,355.5,-1.062,-0.125,23.22,-74.75,-3.25,-25.5,-0.003,0.017,0.013,-0.35,-0.19,9.58,-0.63,-0.72,-0.25,-0.16,0.0,9.8,0.04,1.25,0.0,0.0,0.0,5.0,1017.18,66.18,-18.27
2025-03-24 17:50:14.090000+00:00,,,,,355.5,-1.062,-0.125,23.22,-74.75,-3.25,-25.5,-0.003,0.017,0.013,0.0,-0.02,9.46,-0.63,-0.72,-0.25,-0.16,0.0,9.8,0.04,1.25,0.0,0.0,0.0,5.0,1017.18,66.18,-18.27
2025-03-24 17:50:15.210000+00:00,,,,,355.5,-1.062,-0.125,23.22,-74.75,-3.25,-25.5,-0.003,0.017,0.013,-0.15,-0.41,9.45,-0.63,-0.72,-0.25,-0.16,0.0,9.8,0.04,1.25,0.0,0.0,0.0,5.0,1017.18,66.18,-18.27
2025-03-24 17:50:16.388000+00:00,,,,,355.5,-1.062,-0.125,23.22,-74.75,-3.25,-25.5,-0.003,0.017,0.013,-0.45,0.26,9.27,-0.63,-0.72,-0.25,-0.16,0.0,9.8,0.04,1.25,0.0,0.0,0.0,5.0,1017.18,66.18,-18.27
2025-03-24 17:50:17.122000+00:00,,,,,355.5,-1.062,-0.125,23.22,-74.75,-3.25,-25.5,-0.003,0.017,0.013,-1.31,1.03,9.16,-0.63,-0.72,-0.25,-0.16,0.0,9.8,0.04,1.25,0.0,0.0,0.0,5.0,1017.18,66.18,-18.27
2025-03-24 17:50:18.122000+00:00,,,,,355.5,-1.062,-0.125,23.22,-74.75,-3.25,-25.5,-0.003,0.017,0.013,-0.7,0.27,9.1,-0.63,-0.72,-0.25,-0.16,0.0,9.8,0.04,1.25,0.0,0.0,0.0,5.0,1017.18,66.18,-18.27
2025-03-24 17:50:19.150000+00:00,,,,,355.5,-1.062,-0.125,23.22,-74.75,-3.25,-25.5,-0.003,0.017,0.013,-0.64,0.17,9.71,-0.63,-0.72,-0.25,-0.16,0.0,9.8,0.04,1.25,0.0,0.0,0.0,5.0,1017.18,66.18,-18.27
2025-03-24 17:50:20.144000+00:00,,,,,355.5,-1.062,-0.125,23.22,-74.75,-3.25,-25.5,-0.003,0.017,0.013,-0.72,0.14,9.44,-0.63,-0.72,-0.25,-0.16,0.0,9.8,0.04,1.25,0.0,0.0,0.0,5.0,1017.18,66.18,-18.27
2025-03-24 17:50:21.153000+00:00,,,,,355.5,-1.062,-0.125,23.22,-74.75,-3.25,-25.5,-0.003,0.017,0.013,-0.11,0.46,9.56,-0.63,-0.72,-0.25,-0.16,0.0,9.8,0.04,1.25,0.0,0.0,0.0,5.0,1017.18,66.18,-18.27
2025-03-24 17:50:22.163000+00:00,,,,,355.5,-1.062,-0.125,23.22,-74.75,-3.25,-25.5,-0.003,0.017,0.013,-0.27,0.18,9.38,-0.63,-0.72,-0.25,-0.16,0.0,9.8,0.04,1.25,0.0,0.0,0.0,5.0,1017.18,66.18,-18.27
2025-03-24 17:50:23.254000+00:00,,,,,355.5,-1.062,-0.125,23.22,-74.75,-3.25,-25.5,-0.003,0.017,0.013,0.11,0.37,9.29,-0.63,-0.72,-0.25,-0.16,0.0,9.8,0.04,1.25,0.0,0.0,0.0,5.0,1017.18,66.18,-18.27
2025-03-24 17:50:24.377000+00:00,,,,,355.5,-1.062,-0.125,23.22,-74.75,-3.25,-25.5,-0.003,0.017,0.013,-0.56,-0.03,9.47,-0.63,-0.72,-0.25,-0.16,0.0,9.8,0.04,1.25,0.0,0.0,0.0,5.0,1017.18,66.18,-18.27
2025-03-24 17:50:25.359000+00:00,,,,,355.5,-1.062,-0.125,23.22,-74.75,-3.25,-25.5,-0.003,0.017,0.013,0.06,-0.14,9.91,-0.63,-0.72,-0.25,-0.16,0.0,9.8,0.04,1.25,0.0,0.0,0.0,5.0,1017.18,66.18,-18.27
2025-03-24 17:50:26.489000+00:00,,,,,355.5,-1.062,-0.125,23.22,-74.75,-3.25,-25.5,-0.003,0.017,0.013,-0.89,-0.26,9.7,-0.63,-0.72,-0.25,-0.16,0.0,9.8,0.04,1.25,0.0,0.0,0.0,5.0,1017.18,66.18,-18.27
2025-03-24 17:50:27.527000+00:00,,,,,355.5,-1.062,-0.125,23.22,-74.75,-3.25,-25.5,-0.003,0.017,0.013,-0.88,0.01,9.63,-0.63,-0.72,-0.25,-0.16,0.0,9.8,0.04,1.25,0.0,0.0,0.0,5.0,1017.18,66.18,-18.27
2025-03-24 17:50:28.231000+00:00,,,,,355.5,-1.062,-0.125,23.22,-74.75,-3.25,-25.5,-0.003,0.017,0.013,-0.74,0.03,9.59,-0.63,-0.72,-0.25,-0.16,0.0,9.8,0.04,1.25,0.0,0.0,0.0,5.0,1017.18,66.18,-18.27
2025-03-24 17:50:29.418000+00:00,,,,,355.5,-1.062,-0.125,23.22,-74.75,-3.25,-25.5,-0.003,0.017,0.013,0.15,0.29,9.27,-0.63,-0.72,-0.25,-0.16,0.0,9.8,0.04,1.25,0.0,0.0,0.0,5.0,1017.18,66.18,-18.27
2025-03-24 17:50:30.399000+00:00,,,,,355.5,-1.062,-0.125,23.22,-74.75,-3.25,-25.5,-0.003,0.017,0.013,0.23,0.22,9.62,-0.63,-0.72,-0.25,-0.16,0.0,9.8,0.04,1.25,0.0,0.0,0.0,5.0,1017.18,66.18,-18.27
2025-03-24 17:50:31.412000+00:00,,,,,355.5,-1.062,-0.125,23.22,-74.75,-3.25,-25.5,-0.003,0.017,0.013,0.04,-0.05,9.55,-0.63,-0.72,-0.25,-0.16,0.0,9.8,0.04,1.25,0.0,0.0,0.0,5.0,1017.18,66.18,-18.27
2025-03-24 17:50:32.433000+00:00,,,,,355.5,-1.062,-0.125,23.22,-74.75,-3.25,-25.5,-0.003,0.017,0.013,-0.31,-0.3,9.57,-0.63,-0.72,-0.25,-0.16,0.0,9.8,0.04,1.25,0.0,0.0,0.0,5.0,1017.18,66.18,-18.27
2025-03-24 17:50:33.448000+00:00,,,,,355.5,-1.062,-0.125,23.22,-74.75,-3.25,-25.5,-0.003,0.017,0.013,-0.42,0.19,9.63,-0.63,-0.72,-0.25,-0.16,0.0,9.8,0.04,1.25,0.0,0.0,0.0,5.0,1017.18,66.18,-18.27
2025-03-24 17:50:34.589000+00:00,,,,,355.5,-1.062,-0.125,23.22,-74.75,-3.25,-25.5,-0.003,0.017,0.013,-0.41,0.27,9.42,-0.63,-0.72,-0.25,-0.16,0.0,9.8,0.04,1.25,0.0,0.0,0.0,5.0,1017.18,66.18,-18.27
2025-03-24 17:50:35.518000+00:00,,,,,355.5,-1.062,-0.125,23.22,-74.75,-3.25,-25.5,-0.003,0.017,0.013,0.21,-0.12,9.51,-0.63,-0.72,-0.25,-0.16,0.0,9.8,0.04,1.25,0.0,0.0,0.0,5.0,1017.18,66.18,-18.27
2025-03-24 17:50:36.688000+00:00,,,,,355.5,-1.062,-0.125,23.22,-74.75,-3.25,-25.5,-0.003,0.017,0.013,-0.07,-0.05,9.42,-0.63,-0.72,-0.25,-0.16,0.0,9.8,0.04,1.25,0.0,0.0,0.0,5.0,1017.18,66.18,-18.27
2025-03-24 17:50:37.804000+00:00,,,,,355.5,-1.062,-0.125,23.22,-74.75,-3.25,-25.5,-0.003,0.017,0.013,-0.34,0.59,9.32,-0.63,-0.72,-0.25,-0.16,0.0,9.8,0.04,1.25,0.0,0.0,0.0,5.0,1017.18,66.18,-18.27
2025-03-24 17:50:38.458000+00:00,,,,,355.5,-1.062,-0.125,23.22,-74.75,-3.25,-25.5,-0.003,0.017,0.013,-0.17,0.27,9.45,-0.63,-0.72,-0.25,-0.16,0.0,9.8,0.04,1.25,0.0,0.0,0.0,5.0,1017.18,66.18,-18.27
2025-03-24 17:50:39.438000+00:00,,,,,355.5,-1.062,-0.125,23.22,-74.75,-3.25,-25.5,-0.003,0.017,0.013,0.21,0.28,9.45,-0.63,-0.72,-0.25,-0.16,0.0,9.8,0.04,1.25,0.0,0.0,0.0,5.0,1017.18,66.18,-18.27
2025-03-24 17:50:40.461000+00:00,,,,,355.5,-1.062,-0.125,23.22,-74.75,-3.25,-25.5,-0.003,0.017,0.013,-0.76,0.42,9.52,-0.63,-0.72,-0.25,-0.16,0.0,9.8,0.04,1.25,0.0,0.0,0.0,5.0,1017.18,66.18,-18.27
2025-03-24 17:50:41.498000+00:00,,,,,355.5,-1.062,-0.125,23.22,-74.75,-3.25,-25.5,-0.003,0.017,0.013,-0.64,0.07,9.49,-0.63,-0.72,-0.25,-0.16,0.0,9.8,0.04,1.25,0.0,0.0,0.0,5.0,1017.18,66.18,-18.27
2025-03-24 17:50:42.668000+00:00,,,,,355.5,-1.062,-0.125,23.22,-74.75,-3.25,-25.5,-0.003,0.017,0.013,-0.42,0.12,9.25,-0.63,-0.72,-0.25,-0.16,0.0,9.8,0.04,1.25,0.0,0.0,0.0,5.0,1017.18,66.18,-18.27
2025-03-24 17:50:43.781000+00:00,,,,,355.5,-1.062,-0.125,23.22,-74.75,-3.25,-25.5,-0.003,0.017,0.013,-0.14,0.57,9.16,-0.63,-0.72,-0.25,-0.16,0.0,9.8,0.04,1.25,0.0,0.0,0.0,5.0,1017.18,66.18,-18.27
2025-03-24 17:50:44.488000+00:00,,,,,355.5,-1.062,-0.125,23.22,-74.75,-3.25,-25.5,-0.003,0.017,0.013,-0.21,0.0,9.74,-0.63,-0.72,-0.25,-0.16,0.0,9.8,0.04,1.25,0.0,0.0,0.0,5.0,1017.18,66.18,-18.27
2025-03-24 17:50:45.442000+00:00,,,,,355.5,-1.062,-0.125,23.22,-74.75,-3.25,-25.5,-0.003,0.017,0.013,-0.18,0.09,9.61,-0.63,-0.72,-0.25,-0.16,0.0,9.8,0.04,1.25,0.0,0.0,0.0,5.0,1017.18,66.18,-18.27
2025-03-24 17:50:46.452000+00:00,,,,,355.5,-1.062,-0.125,23.22,-74.75,-3.25,-25.5,-0.003,0.017,0.013,-0.36,0.26,9.67,-0.63,-0.72,-0.25,-0.16,0.0,9.8,0.04,1.25,0.0,0.0,0.0,5.0,1017.18,66.18,-18.27
2025-03-24 17:50:47.471000+00:00,,,,,355.5,-1.062,-0.125,23.22,-74.75,-3.25,-25.5,-0.003,0.017,0.013,-0.4,0.57,9.42,-0.63,-0.72,-0.25,-0.16,0.0,9.8,0.04,1.25,0.0,0.0,0.0,5.0,1017.18,66.18,-18.27
2025-03-24 17:50:48.477000+00:00,,,,,355.5,-1.062,-0.125,23.22,-74.75,-3.25,-25.5,-0.003,0.017,0.013,-0.4,0.44,9.49,-0.63,-0.72,-0.25,-0.16,0.0,9.8,0.04,1.25,0.0,0.0,0.0,5.0,1017.18,66.18,-18.27
2025-03-24 17:49:48.917000+00:00,,,,,355.5,-1.062,-0.125,23.22,-74.75,-3.25,-25.5,-0.003,0.017,0.013,-0.4,0.44,9.49,-0.63,-0.72,-0.25,-0.16,0.0,9.8,0.04,1.25,0.0,0.0,0.0,5.0,1017.18,66.18,-18.27
2025-03-24 17:49:49.927000+00:00,,,,,355.5,-1.062,-0.125,23.22,-74.75,-3.25,-25.5,-0.003,0.017,0.013,-0.4,0.44,9.49,0.0,0.35,-0.24,-0.16,0.0,9.8,0.04,1.25,0.0,0.0,0.0,5.0,1017.18,66.18,-18.27
2025-03-24 17:49:50.914000+00:00,,,,,355.5,-1.062,-0.125,23.22,-74.75,-3.25,-25.5,-0.003,0.017,0.013,-0.4,0.44,9.49,0.04,0.05,-0.27,-0.16,0.0,9.8,0.04,1.25,0.0,0.0,0.0,5.0,1017.18,66.18,-18.27
2025-03-24 17:49:51.914000+00:00,,,,,355.5,-1.062,-0.125,23.22,-74.75,-3.25,-25.5,-0.003,0.017,0.013,-0.4,0.44,9.49,-0.08,0.44,-0.52,-0.16,0.0,9.8,0.04,1.25,0.0,0.0,0.0,5.0,1017.18,66.18,-18.27
2025-03-24 17:49:52.925000+00:00,,,,,355.5,-1.062,-0.125,23.22,-74.75,-3.25,-25.5,-0.003,0.017,0.013,-0.4,0.44,9.49,-0.14,0.44,-0.35,-0.16,0.0,9.8,0.04,1.25,0.0,0.0,0.0,5.0,1017.18,66.18,-18.27
2025-03-24 17:49:53.965000+00:00,,,,,355.5,-1.062,-0.125,23.22,-74.75,-3.25,-25.5,-0.003,0.017,0.013,-0.4,0.44,9.49,-0.64,0.23,-0.59,-0.16,0.0,9.8,0.04,1.25,0.0,0.0,0.0,5.0,1017.18,66.18,-18.27
2025-03-24 17:49:54.959000+00:00,,,,,355.5,-1.062,-0.125,23.22,-74.75,-3.25,-25.5,-0.003,0.017,0.013,-0.4,0.44,9.49,0.05,0.47,-0.32,-0.16,0.0,9.8,0.04,1.25,0.0,0.0,0.0,5.0,1017.18,66.18,-18.27
2025-03-24 17:49:55.965000+00:00,,,,,355.5,-1.062,-0.125,23.22,-74.75,-3.25,-25.5,-0.003,0.017,0.013,-0.4,0.44,9.49,-0.65,0.25,-0.42,-0.16,0.0,9.8,0.04,1.25,0.0,0.0,0.0,5.0,1017.18,66.18,-18.27
2025-03-24 17:49:57.079000+00:00,,,,,355.5,-1.062,-0.125,23.22,-74.75,-3.25,-25.5,-0.003,0.017,0.013,-0.4,0.44,9.49,-0.59,0.32,-0.48,-0.16,0.0,9.8,0.04,1.25,0.0,0.0,0.0,5.0,1017.18,66.18,-18.27
2025-03-24 17:49:58.184000+00:00,,,,,355.5,-1.062,-0.125,23.22,-74.75,-3.25,-25.5,-0.003,0.017,0.013,-0.4,0.44,9.49,-0.28,0.65,-0.49,-0.16,0.0,9.8,0.04,1.25,0.0,0.0,0.0,5.0,1017.18,66.18,-18.27
2025-03-24 17:49:59.261000+00:00,,,,,355.5,-1.062,-0.125,23.22,-74.75,-3.25,-25.5,-0.003,0.017,0.013,-0.4,0.44,9.49,-0.36,0.26,-0.26,-0.16,0.0,9.8,0.04,1.25,0.0,0.0,0.0,5.0,1017.18,66.18,-18.27
2025-03-24 17:50:00.035000+00:00,,,,,355.5,-1.062,-0.125,23.22,-74.75,-3.25,-25.5,-0.003,0.017,0.013,-0.4,0.44,9.49,0.35,-0.05,-0.31,-0.16,0.0,9.8,0.04,1.25,0.0,0.0,0.0,5.0,1017.18,66.18,-18.27
2025-03-24 17:50:01.014000+00:00,,,,,355.5,-1.062,-0.125,23.22,-74.75,-3.25,-25.5,-0.003,0.017,0.013,-0.4,0.44,9.49,0.33,0.19,-0.57,-0.16,0.0,9.8,0.04,1.25,0.0,0.0,0.0,5.0,1017.18,66.18,-18.27
2025-03-24 17:50:02.031000+00:00,,,,,355.5,-1.062,-0.125,23.22,-74.75,-3.25,-25.5,-0.003,0.017,0.013,-0.4,0.44,9.49,-0.03,-0.14,-0.81,-0.16,0.0,9.8,0.04,1.25,0.0,0.0,0.0,5.0,1017.18,66.18,-18.27
2025-03-24 17:50:03.035000+00:00,,,,,355.5,-1.062,-0.125,23.22,-74.75,-3.25,-25.5,-0.003,0.017,0.013,-0.4,0.44,9.49,-0.25,-0.06,-0.16,-0.16,0.0,9.8,0.04,1.25,0.0,0.0,0.0,5.0,1017.18,66.18,-18.27
2025-03-24 17:50:04.058000+00:00,,,,,355.5,-1.062,-0.125,23.22,-74.75,-3.25,-25.5,-0.003,0.017,0.013,-0.4,0.44,9.49,-0.52,-0.07,-0.47,-0.16,0.0,9.8,0.04,1.25,0.0,0.0,0.0,5.0,1017.18,66.18,-18.27
2025-03-24 17:50:05.071000+00:00,,,,,355.5,-1.062,-0.125,23.22,-74.75,-3.25,-25.5,-0.003,0.017,0.013,-0.4,0.44,9.49,-0.09,0.06,-0.5,-0.16,0.0,9.8,0.04,1.25,0.0,0.0,0.0,5.0,1017.18,66.18,-18.27
2025-03-24 17:50:06.084000+00:00,,,,,355.5,-1.062,-0.125,23.22,-74.75,-3.25,-25.5,-0.003,0.017,0.013,-0.4,0.44,9.49,-0.37,0.66,-0.24,-0.16,0.0,9.8,0.04,1.25,0.0,0.0,0.0,5.0,1017.18,66.18,-18.27
2025-03-24 17:50:07.074000+00:00,,,,,355.5,-1.062,-0.125,23.22,-74.75,-3.25,-25.5,-0.003,0.017,0.013,-0.4,0.44,9.49,0.0,0.12,-0.72,-0.16,0.0,9.8,0.04,1.25,0.0,0.0,0.0,5.0,1017.18,66.18,-18.27
2025-03-24 17:50:08.250000+00:00,,,,,355.5,-1.062,-0.125,23.22,-74.75,-3.25,-25.5,-0.003,0.017,0.013,-0.4,0.44,9.49,0.1,-0.52,-0.36,-0.16,0.0,9.8,0.04,1.25,0.0,0.0,0.0,5.0,1017.18,66.18,-18.27
2025-03-24 17:50:09.104000+00:00,,,,,355.5,-1.062,-0.125,23.22,-74.75,-3.25,-25.5,-0.003,0.017,0.013,-0.4,0.44,9.49,0.03,0.17,-0.27,-0.16,0.0,9.8,0.04,1.25,0.0,0.0,0.0,5.0,1017.18,66.18,-18.27
2025-03-24 17:50:10.103000+00:00,,,,,355.5,-1.062,-0.125,23.22,-74.75,-3.25,-25.5,-0.003,0.017,0.013,-0.4,0.44,9.49,-0.25,0.82,-0.73,-0.16,0.0,9.8,0.04,1.25,0.0,0.0,0.0,5.0,1017.18,66.18,-18.27
2025-03-24 17:50:11.120000+00:00,,,,,355.5,-1.062,-0.125,23.22,-74.75,-3.25,-25.5,-0.003,0.017,0.013,-0.4,0.44,9.49,-0.41,-0.06,-0.36,-0.16,0.0,9.8,0.04,1.25,0.0,0.0,0.0,5.0,1017.18,66.18,-18.27
2025-03-24 17:50:12.133000+00:00,,,,,355.5,-1.062,-0.125,23.22,-74.75,-3.25,-25.5,-0.003,0.017,0.013,-0.4,0.44,9.49,0.26,-0.11,-0.18,-0.16,0.0,9.8,0.04,1.25,0.0,0.0,0.0,5.0,1017.18,66.18,-18.27
2025-03-24 17:50:13.123000+00:00,,,,,355.5,-1.062,-0.125,23.22,-74.75,-3.25,-25.5,-0.003,0.017,0.013,-0.4,0.44,9.49,-0.19,-0.19,-0.21,-0.16,0.0,9.8,0.04,1.25,0.0,0.0,0.0,5.0,1017.18,66.18,-18.27
2025-03-24 17:50:14.144000+00:00,,,,,355.5,-1.062,-0.125,23.22,-74.75,-3.25,-25.5,-0.003,0.017,0.013,-0.4,0.44,9.49,0.14,0.0,-0.34,-0.16,0.0,9.8,0.04,1.25,0.0,0.0,0.0,5.0,1017.18,66.18,-18.27
2025-03-24 17:50:15.268000+00:00,,,,,355.5,-1.062,-0.125,23.22,-74.75,-3.25,-25.5,-0.003,0.017,0.013,-0.4,0.44,9.49,0.02,-0.44,-0.35,-0.16,0.0,9.8,0.04,1.25,0.0,0.0,0.0,5.0,1017.18,66.18,-18.27
2025-03-24 17:50:16.433000+00:00,,,,,355.5,-1.062,-0.125,23.22,-74.75,-3.25,-25.5,-0.003,0.017,0.013,-0.4,0.44,9.49,-0.26,0.23,-0.52,-0.16,0.0,9.8,0.04,1.25,0.0,0.0,0.0,5.0,1017.18,66.18,-18.27
2025-03-24 17:50:17.173000+00:00,,,,,355.5,-1.062,-0.125,23.22,-74.75,-3.25,-25.5,-0.003,0.017,0.013,-0.4,0.44,9.49,-1.11,0.99,-0.64,-0.16,0.0,9.8,0.04,1.25,0.0,0.0,0.0,5.0,1017.18,66.18,-18.27
2025-03-24 17:50:18.173000+00:00,,,,,355.5,-1.062,-0.125,23.22,-74.75,-3.25,-25.5,-0.003,0.017,0.013,-0.4,0.44,9.49,-0.52,0.26,-0.7,-0.16,0.0,9.8,0.04,1.25,0.0,0.0,0.0,5.0,1017.18,66.18,-18.27
2025-03-24 17:50:19.207000+00:00,,,,,355.5,-1.062,-0.125,23.22,-74.75,-3.25,-25.5,-0.003,0.017,0.013,-0.4,0.44,9.49,-0.47,0.17,-0.09,-0.16,0.0,9.8,0.04,1.25,0.0,0.0,0.0,5.0,1017.18,66.18,-18.27
2025-03-24 17:50:20.193000+00:00,,,,,355.5,-1.062,-0.125,23.22,-74.75,-3.25,-25.5,-0.003,0.017,0.013,-0.4,0.44,9.49,-0.51,0.1,-0.36,-0.16,0.0,9.8,0.04,1.25,0.0,0.0,0.0,5.0,1017.18,66.18,-18.27
2025-03-24 17:50:21.203000+00:00,,,,,355.5,-1.062,-0.125,23.22,-74.75,-3.25,-25.5,-0.003,0.017,0.013,-0.4,0.44,9.49,0.11,0.39,-0.23,-0.16,0.0,9.8,0.04,1.25,0.0,0.0,0.0,5.0,1017.18,66.18,-18.27
2025-03-24 17:50:22.217000+00:00,,,,,355.5,-1.062,-0.125,23.22,-74.75,-3.25,-25.5,-0.003,0.017,0.013,-0.4,0.44,9.49,-0.06,0.11,-0.41,-0.16,0.0,9.8,0.04,1.25,0.0,0.0,0.0,5.0,1017.18,66.18,-18.27
2025-03-24 17:50:23.309000+00:00,,,,,355.5,-1.062,-0.125,23.22,-74.75,-3.25,-25.5,-0.003,0.017,0.013,-0.4,0.44,9.49,0.31,0.31,-0.5,-0.16,0.0,9.8,0.04,1.25,0.0,0.0,0.0,5.0,1017.18,66.18,-18.27
2025-03-24 17:50:24.424000+00:00,,,,,355.5,-1.062,-0.125,23.22,-74.75,-3.25,-25.5,-0.003,0.017,0.013,-0.4,0.44,9.49,-0.33,-0.09,-0.33,-0.16,0.0,9.8,0.04,1.25,0.0,0.0,0.0,5.0,1017.18,66.18,-18.27
2025-03-24 17:50:25.419000+00:00,,,,,355.5,-1.062,-0.125,23.22,-74.75,-3.25,-25.5,-0.003,0.017,0.013,-0.4,0.44,9.49,0.27,-0.19,0.11,-0.16,0.0,9.8,0.04,1.25,0.0,0.0,0.0,5.0,1017.18,66.18,-18.27
2025-03-24 17:50:26.549000+00:00,,,,,355.5,-1.062,-0.125,23.22,-74.75,-3.25,-25.5,-0.003,0.017,0.013,-0.4,0.44,9.49,-0.67,-0.31,-0.1,-0.16,0.0,9.8,0.04,1.25,0.0,0.0,0.0,5.0,1017.18,66.18,-18.27
2025-03-24 17:50:27.579000+00:00,,,,,355.5,-1.062,-0.125,23.22,-74.75,-3.25,-25.5,-0.003,0.017,0.013,-0.4,0.44,9.49,-0.65,-0.04,-0.16,-0.16,0.0,9.8,0.04,1.25,0.0,0.0,0.0,5.0,1017.18,66.18,-18.27
2025-03-24 17:50:28.282000+00:00,,,,,355.5,-1.062,-0.125,23.22,-74.75,-3.25,-25.5,-0.003,0.017,0.013,-0.4,0.44,9.49,-0.51,0.0,-0.2,-0.16,0.0,9.8,0.04,1.25,0.0,0.0,0.0,5.0,1017.18,66.18,-18.27
2025-03-24 17:50:29.479000+00:00,,,,,355.5,-1.062,-0.125,23.22,-74.75,-3.25,-25.5,-0.003,0.017,0.013,-0.4,0.44,9.49,0.37,0.24,-0.52,-0.16,0.0,9.8,0.04,1.25,0.0,0.0,0.0,5.0,1017.18,66.18,-18.27
2025-03-24 17:50:30.451000+00:00,,,,,355.5,-1.062,-0.125,23.22,-74.75,-3.25,-25.5,-0.003,0.017,0.013,-0.4,0.44,9.49,0.44,0.17,-0.17,-0.16,0.0,9.8,0.04,1.25,0.0,0.0,0.0,5.0,1017.18,66.18,-18.27
2025-03-24 17:50:31.468000+00:00,,,,,355.5,-1.062,-0.125,23.22,-74.75,-3.25,-25.5,-0.003,0.017,0.013,-0.4,0.44,9.49,0.26,-0.09,-0.24,-0.16,0.0,9.8,0.04,1.25,0.0,0.0,0.0,5.0,1017.18,66.18,-18.27
2025-03-24 17:50:32.489000+00:00,,,,,355.5,-1.062,-0.125,23.22,-74.75,-3.25,-25.5,-0.003,0.017,0.013,-0.4,0.44,9.49,-0.08,-0.34,-0.22,-0.16,0.0,9.8,0.04,1.25,0.0,0.0,0.0,5.0,1017.18,66.18,-18.27
2025-03-24 17:50:33.501000+00:00,,,,,355.5,-1.062,-0.125,23.22,-74.75,-3.25,-25.5,-0.003,0.017,0.013,-0.4,0.44,9.49,-0.19,0.14,-0.16,-0.16,0.0,9.8,0.04,1.25,0.0,0.0,0.0,5.0,1017.18,66.18,-18.27
2025-03-24 17:50:34.645000+00:00,,,,,355.5,-1.062,-0.125,23.22,-74.75,-3.25,-25.5,-0.003,0.017,0.013,-0.4,0.44,9.49,-0.18,0.22,-0.38,-0.16,0.0,9.8,0.04,1.25,0.0,0.0,0.0,5.0,1017.18,66.18,-18.27
2025-03-24 17:50:35.575000+00:00,,,,,355.5,-1.062,-0.125,23.22,-74.75,-3.25,-25.5,-0.003,0.017,0.013,-0.4,0.44,9.49,0.42,-0.17,-0.28,-0.16,0.0,9.8,0.04,1.25,0.0,0.0,0.0,5.0,1017.18,66.18,-18.27
2025-03-24 17:50:36.746000+00:00,,,,,355.5,-1.062,-0.125,23.22,-74.75,-3.25,-25.5,-0.003,0.017,0.013,-0.4,0.44,9.49,0.13,-0.08,-0.38,-0.16,0.0,9.8,0.04,1.25,0.0,0.0,0.0,5.0,1017.18,66.18,-18.27
2025-03-24 17:50:37.852000+00:00,,,,,355.5,-1.062,-0.125,23.22,-74.75,-3.25,-25.5,-0.003,0.017,0.013,-0.4,0.44,9.49,-0.12,0.55,-0.48,-0.16,0.0,9.8,0.04,1.25,0.0,0.0,0.0,5.0,1017.18,66.18,-18.27
2025-03-24 17:50:38.514000+00:00,,,,,355.5,-1.062,-0.125,23.22,-74.75,-3.25,-25.5,-0.003,0.017,0.013,-0.4,0.44,9.49,0.05,0.22,-0.34,-0.16,0.0,9.8,0.04,1.25,0.0,0.0,0.0,5.0,1017.18,66.18,-18.27
2025-03-24 17:50:39.498000+00:00,,,,,355.5,-1.062,-0.125,23.22,-74.75,-3.25,-25.5,-0.003,0.017,0.013,-0.4,0.44,9.49,0.43,0.23,-0.35,-0.16,0.0,9.8,0.04,1.25,0.0,0.0,0.0,5.0,1017.18,66.18,-18.27
2025-03-24 17:50:40.511000+00:00,,,,,355.5,-1.062,-0.125,23.22,-74.75,-3.25,-25.5,-0.003,0.017,0.013,-0.4,0.44,9.49,-0.53,0.36,-0.27,-0.16,0.0,9.8,0.04,1.25,0.0,0.0,0.0,5.0,1017.18,66.18,-18.27
2025-03-24 17:50:41.558000+00:00,,,,,355.5,-1.062,-0.125,23.22,-74.75,-3.25,-25.5,-0.003,0.017,0.013,-0.4,0.44,9.49,-0.41,0.02,-0.3,-0.16,0.0,9.8,0.04,1.25,0.0,0.0,0.0,5.0,1017.18,66.18,-18.27
2025-03-24 17:50:42.721000+00:00,,,,,355.5,-1.062,-0.125,23.22,-74.75,-3.25,-25.5,-0.003,0.017,0.013,-0.4,0.44,9.49,-0.23,0.08,-0.55,-0.16,0.0,9.8,0.04,1.25,0.0,0.0,0.0,5.0,1017.18,66.18,-18.27
2025-03-24 17:50:43.832000+00:00,,,,,355.5,-1.062,-0.125,23.22,-74.75,-3.25,-25.5,-0.003,0.017,0.013,-0.4,0.44,9.49,0.05,0.53,-0.63,-0.16,0.0,9.8,0.04,1.25,0.0,0.0,0.0,5.0,1017.18,66.18,-18.27
2025-03-24 17:50:44.542000+00:00,,,,,355.5,-1.062,-0.125,23.22,-74.75,-3.25,-25.5,-0.003,0.017,0.013,-0.4,0.44,9.49,0.0,-0.05,-0.05,-0.16,0.0,9.8,0.04,1.25,0.0,0.0,0.0,5.0,1017.18,66.18,-18.27
2025-03-24 17:50:45.492000+00:00,,,,,355.5,-1.062,-0.125,23.22,-74.75,-3.25,-25.5,-0.003,0.017,0.013,-0.4,0.44,9.49,0.01,0.03,-0.18,-0.16,0.0,9.8,0.04,1.25,0.0,0.0,0.0,5.0,1017.18,66.18,-18.27
2025-03-24 17:50:46.510000+00:00,,,,,355.5,-1.062,-0.125,23.22,-74.75,-3.25,-25.5,-0.003,0.017,0.013,-0.4,0.44,9.49,-0.14,0.21,-0.13,-0.16,0.0,9.8,0.04,1.25,0.0,0.0,0.0,5.0,1017.18,66.18,-18.27
2025-03-24 17:50:47.522000+00:00,,,,,355.5,-1.062,-0.125,23.22,-74.75,-3.25,-25.5,-0.003,0.017,0.013,-0.4,0.44,9.49,-0.21,0.54,-0.38,-0.16,0.0,9.8,0.04,1.25,0.0,0.0,0.0,5.0,1017.18,66.18,-18.27
2025-03-24 17:50:48.538000+00:00,,,,,355.5,-1.062,-0.125,23.22,-74.75,-3.25,-25.5,-0.003,0.017,0.013,-0.4,0.44,9.49,-0.33,0.38,-0.31,-0.16,0.0,9.8,0.04,1.25,0.0,0.0,0.0,5.0,1017.18,66.18,-18.27
2025-03-24 17:49:48.965000+00:00,,,,,355.5,-1.062,-0.125,23.22,-74.75,-3.25,-25.5,-0.003,0.017,0.013,-0.4,0.44,9.49,-0.33,0.38,-0.31,-0.16,0.0,9.8,0.04,1.25,0.0,0.0,0.0,5.0,1017.18,66.18,-18.27
2025-03-24 17:49:49.982000+00:00,,,,,355.5,-1.062,-0.125,23.22,-74.75,-3.25,-25.5,-0.003,0.017,0.013,-0.4,0.44,9.49,-0.33,0.38,-0.31,-0.15,0.0,9.8,0.04,1.25,0.0,0.0,0.0,5.0,1017.18,66.18,-18.27
2025-03-24 17:49:50.964000+00:00,,,,,355.5,-1.062,-0.125,23.22,-74.75,-3.25,-25.5,-0.003,0.017,0.013,-0.4,0.44,9.49,-0.33,0.38,-0.31,-0.17,0.01,9.8,0.04,1.25,0.0,0.0,0.0,5.0,1017.18,66.18,-18.27
2025-03-24 17:49:51.965000+00:00,,,,,355.5,-1.062,-0.125,23.22,-74.75,-3.25,-25.5,-0.003,0.017,0.013,-0.4,0.44,9.49,-0.33,0.38,-0.31,-0.17,0.0,9.8,0.04,1.25,0.0,0.0,0.0,5.0,1017.18,66.18,-18.27
2025-03-24 17:49:52.975000+00:00,,,,,355.5,-1.062,-0.125,23.22,-74.75,-3.25,-25.5,-0.003,0.017,0.013,-0.4,0.44,9.49,-0.33,0.38,-0.31,-0.17,0.0,9.8,0.04,1.25,0.0,0.0,0.0,5.0,1017.18,66.18,-18.27
2025-03-24 17:49:54.015000+00:00,,,,,355.5,-1.062,-0.125,23.22,-74.75,-3.25,-25.5,-0.003,0.017,0.013,-0.4,0.44,9.49,-0.33,0.38,-0.31,-0.16,-0.02,9.8,0.04,1.25,0.0,0.0,0.0,5.0,1017.18,66.18,-18.27
2025-03-24 17:49:55.015000+00:00,,,,,355.5,-1.062,-0.125,23.22,-74.75,-3.25,-25.5,-0.003,0.017,0.013,-0.4,0.44,9.49,-0.33,0.38,-0.31,-0.16,0.0,9.8,0.04,1.25,0.0,0.0,0.0,5.0,1017.18,66.18,-18.27
2025-03-24 17:49:56.014000+00:00,,,,,355.5,-1.062,-0.125,23.22,-74.75,-3.25,-25.5,-0.003,0.017,0.013,-0.4,0.44,9.49,-0.33,0.38,-0.31,-0.15,-0.02,9.8,0.04,1.25,0.0,0.0,0.0,5.0,1017.18,66.18,-18.27
2025-03-24 17:49:57.124000+00:00,,,,,355.5,-1.062,-0.125,23.22,-74.75,-3.25,-25.5,-0.003,0.017,0.013,-0.4,0.44,9.49,-0.33,0.38,-0.31,-0.15,-0.02,9.8,0.04,1.25,0.0,0.0,0.0,5.0,1017.18,66.18,-18.27
2025-03-24 17:49:58.235000+00:00,,,,,355.5,-1.062,-0.125,23.22,-74.75,-3.25,-25.5,-0.003,0.017,0.013,-0.4,0.44,9.49,-0.33,0.38,-0.31,-0.14,-0.01,9.8,0.04,1.25,0.0,0.0,0.0,5.0,1017.18,66.18,-18.27
2025-03-24 17:49:59.314000+00:00,,,,,355.5,-1.062,-0.125,23.22,-74.75,-3.25,-25.5,-0.003,0.017,0.013,-0.4,0.44,9.49,-0.33,0.38,-0.31,-0.16,0.0,9.8,0.04,1.25,0.0,0.0,0.0,5.0,1017.18,66.18,-18.27
2025-03-24 17:50:00.091000+00:00,,,,,355.5,-1.062,-0.125,23.22,-74.75,-3.25,-25.5,-0.003,0.017,0.013,-0.4,0.44,9.49,-0.33,0.38,-0.31,-0.16,0.0,9.8,0.04,1.25,0.0,0.0,0.0,5.0,1017.18,66.18,-18.27
2025-03-24 17:50:01.064000+00:00,,,,,355.5,-1.062,-0.125,23.22,-74.75,-3.25,-25.5,-0.003,0.017,0.013,-0.4,0.44,9.49,-0.33,0.38,-0.31,-0.17,0.01,9.8,0.04,1.25,0.0,0.0,0.0,5.0,1017.18,66.18,-18.27
2025-03-24 17:50:02.091000+00:00,,,,,355.5,-1.062,-0.125,23.22,-74.75,-3.25,-25.5,-0.003,0.017,0.013,-0.4,0.44,9.49,-0.33,0.38,-0.31,-0.17,0.01,9.8,0.04,1.25,0.0,0.0,0.0,5.0,1017.18,66.18,-18.27
2025-03-24 17:50:03.085000+00:00,,,,,355.5,-1.062,-0.125,23.22,-74.75,-3.25,-25.5,-0.003,0.017,0.013,-0.4,0.44,9.49,-0.33,0.38,-0.31,-0.18,0.03,9.8,0.04,1.25,0.0,0.0,0.0,5.0,1017.18,66.18,-18.27
2025-03-24 17:50:04.111000+00:00,,,,,355.5,-1.062,-0.125,23.22,-74.75,-3.25,-25.5,-0.003,0.017,0.013,-0.4,0.44,9.49,-0.33,0.38,-0.31,-0.16,0.02,9.8,0.04,1.25,0.0,0.0,0.0,5.0,1017.18,66.18,-18.27
2025-03-24 17:50:05.130000+00:00,,,,,355.5,-1.062,-0.125,23.22,-74.75,-3.25,-25.5,-0.003,0.017,0.013,-0.4,0.44,9.49,-0.33,0.38,-0.31,-0.14,0.0,9.8,0.04,1.25,0.0,0.0,0.0,5.0,1017.18,66.18,-18.27
2025-03-24 17:50:06.140000+00:00,,,,,355.5,-1.062,-0.125,23.22,-74.75,-3.25,-25.5,-0.003,0.017,0.013,-0.4,0.44,9.49,-0.33,0.38,-0.31,-0.17,0.02,9.8,0.04,1.25,0.0,0.0,0.0,5.0,1017.18,66.18,-18.27
2025-03-24 17:50:07.124000+00:00,,,,,355.5,-1.062,-0.125,23.22,-74.75,-3.25,-25.5,-0.003,0.017,0.013,-0.4,0.44,9.49,-0.33,0.38,-0.31,-0.16,0.0,9.8,0.04,1.25,0.0,0.0,0.0,5.0,1017.18,66.18,-18.27
2025-03-24 17:50:08.304000+00:00,,,,,355.5,-1.062,-0.125,23.22,-74.75,-3.25,-25.5,-0.003,0.017,0.013,-0.4,0.44,9.49,-0.33,0.38,-0.31,-0.15,0.0,9.8,0.04,1.25,0.0,0.0,0.0,5.0,1017.18,66.18,-18.27
2025-03-24 17:50:09.160000+00:00,,,,,355.5,-1.062,-0.125,23.22,-74.75,-3.25,-25.5,-0.003,0.017,0.013,-0.4,0.44,9.49,-0.33,0.38,-0.31,-0.14,-0.02,9.8,0.04,1.25,0.0,0.0,0.0,5.0,1017.18,66.18,-18.27
2025-03-24 17:50:10.155000+00:00,,,,,355.5,-1.062,-0.125,23.22,-74.75,-3.25,-25.5,-0.003,0.017,0.013,-0.4,0.44,9.49,-0.33,0.38,-0.31,-0.14,-0.01,9.8,0.04,1.25,0.0,0.0,0.0,5.0,1017.18,66.18,-18.27
2025-03-24 17:50:11.177000+00:00,,,,,355.5,-1.062,-0.125,23.22,-74.75,-3.25,-25.5,-0.003,0.017,0.013,-0.4,0.44,9.49,-0.33,0.38,-0.31,-0.14,-0.01,9.8,0.04,1.25,0.0,0.0,0.0,5.0,1017.18,66.18,-18.27
2025-03-24 17:50:12.184000+00:00,,,,,355.5,-1.062,-0.125,23.22,-74.75,-3.25,-25.5,-0.003,0.017,0.013,-0.4,0.44,9.49,-0.33,0.38,-0.31,-0.16,0.0,9.8,0.04,1.25,0.0,0.0,0.0,5.0,1017.18,66.18,-18.27
2025-03-24 17:50:13.180000+00:00,,,,,355.5,-1.062,-0.125,23.22,-74.75,-3.25,-25.5,-0.003,0.017,0.013,-0.4,0.44,9.49,-0.33,0.38,-0.31,-0.16,0.0,9.8,0.04,1.25,0.0,0.0,0.0,5.0,1017.18,66.18,-18.27
2025-03-24 17:50:14.200000+00:00,,,,,355.5,-1.062,-0.125,23.22,-74.75,-3.25,-25.5,-0.003,0.017,0.013,-0.4,0.44,9.49,-0.33,0.38,-0.31,-0.14,-0.01,9.8,0.04,1.25,0.0,0.0,0.0,5.0,1017.18,66.18,-18.27
2025-03-24 17:50:15.313000+00:00,,,,,355.5,-1.062,-0.125,23.22,-74.75,-3.25,-25.5,-0.003,0.017,0.013,-0.4,0.44,9.49,-0.33,0.38,-0.31,-0.18,0.02,9.8,0.04,1.25,0.0,0.0,0.0,5.0,1017.18,66.18,-18.27
2025-03-24 17:50:16.484000+00:00,,,,,355.5,-1.062,-0.125,23.22,-74.75,-3.25,-25.5,-0.003,0.017,0.013,-0.4,0.44,9.49,-0.33,0.38,-0.31,-0.19,0.03,9.8,0.04,1.25,0.0,0.0,0.0,5.0,1017.18,66.18,-18.27
2025-03-24 17:50:17.230000+00:00,,,,,355.5,-1.062,-0.125,23.22,-74.75,-3.25,-25.5,-0.003,0.017,0.013,-0.4,0.44,9.49,-0.33,0.38,-0.31,-0.19,0.03,9.8,0.04,1.25,0.0,0.0,0.0,5.0,1017.18,66.18,-18.27
2025-03-24 17:50:18.223000+00:00,,,,,355.5,-1.062,-0.125,23.22,-74.75,-3.25,-25.5,-0.003,0.017,0.013,-0.4,0.44,9.49,-0.33,0.38,-0.31,-0.17,0.0,9.8,0.04,1.25,0.0,0.0,0.0,5.0,1017.18,66.18,-18.27
2025-03-24 17:50:19.257000+00:00,,,,,355.5,-1.062,-0.125,23.22,-74.75,-3.25,-25.5,-0.003,0.017,0.013,-0.4,0.44,9.49,-0.33,0.38,-0.31,-0.16,0.0,9.8,0.04,1.25,0.0,0.0,0.0,5.0,1017.18,66.18,-18.27
2025-03-24 17:50:20.244000+00:00,,,,,355.5,-1.062,-0.125,23.22,-74.75,-3.25,-25.5,-0.003,0.017,0.013,-0.4,0.44,9.49,-0.33,0.38,-0.31,-0.21,0.04,9.8,0.04,1.25,0.0,0.0,0.0,5.0,1017.18,66.18,-18.27
2025-03-24 17:50:21.253000+00:00,,,,,355.5,-1.062,-0.125,23.22,-74.75,-3.25,-25.5,-0.003,0.017,0.013,-0.4,0.44,9.49,-0.33,0.38,-0.31,-0.22,0.06,9.8,0.04,1.25,0.0,0.0,0.0,5.0,1017.18,66.18,-18.27
2025-03-24 17:50:22.266000+00:00,,,,,355.5,-1.062,-0.125,23.22,-74.75,-3.25,-25.5,-0.003,0.017,0.013,-0.4,0.44,9.49,-0.33,0.38,-0.31,-0.2,0.06,9.8,0.04,1.25,0.0,0.0,0.0,5.0,1017.18,66.18,-18.27
2025-03-24 17:50:23.367000+00:00,,,,,355.5,-1.062,-0.125,23.22,-74.75,-3.25,-25.5,-0.003,0.017,0.013,-0.4,0.44,9.49,-0.33,0.38,-0.31,-0.2,0.05,9.8,0.04,1.25,0.0,0.0,0.0,5.0,1017.18,66.18,-18.27
2025-03-24 17:50:24.473000+00:00,,,,,355.5,-1.062,-0.125,23.22,-74.75,-3.25,-25.5,-0.003,0.017,0.013,-0.4,0.44,9.49,-0.33,0.38,-0.31,-0.22,0.05,9.8,0.04,1.25,0.0,0.0,0.0,5.0,1017.18,66.18,-18.27
2025-03-24 17:50:25.479000+00:00,,,,,355.5,-1.062,-0.125,23.22,-74.75,-3.25,-25.5,-0.003,0.017,0.013,-0.4,0.44,9.49,-0.33,0.38,-0.31,-0.21,0.05,9.8,0.04,1.25,0.0,0.0,0.0,5.0,1017.18,66.18,-18.27
2025-03-24 17:50:26.609000+00:00,,,,,355.5,-1.062,-0.125,23.22,-74.75,-3.25,-25.5,-0.003,0.017,0.013,-0.4,0.44,9.49,-0.33,0.38,-0.31,-0.21,0.05,9.8,0.04,1.25,0.0,0.0,0.0,5.0,1017.18,66.18,-18.27
2025-03-24 17:50:27.639000+00:00,,,,,355.5,-1.062,-0.125,23.22,-74.75,-3.25,-25.5,-0.003,0.017,0.013,-0.4,0.44,9.49,-0.33,0.38,-0.31,-0.23,0.05,9.8,0.04,1.25,0.0,0.0,0.0,5.0,1017.18,66.18,-18.27
2025-03-24 17:50:28.497000+00:00,,,,,355.5,-1.062,-0.125,23.22,-74.75,-3.25,-25.5,-0.003,0.017,0.013,-0.4,0.44,9.49,-0.33,0.38,-0.31,-0.22,0.04,9.8,0.04,1.25,0.0,0.0,0.0,5.0,1017.18,66.18,-18.27
2025-03-24 17:50:29.539000+00:00,,,,,355.5,-1.062,-0.125,23.22,-74.75,-3.25,-25.5,-0.003,0.017,0.013,-0.4,0.44,9.49,-0.33,0.38,-0.31,-0.21,0.04,9.8,0.04,1.25,0.0,0.0,0.0,5.0,1017.18,66.18,-18.27
2025-03-24 17:50:30.509000+00:00,,,,,355.5,-1.062,-0.125,23.22,-74.75,-3.25,-25.5,-0.003,0.017,0.013,-0.4,0.44,9.49,-0.33,0.38,-0.31,-0.2,0.04,9.8,0.04,1.25,0.0,0.0,0.0,5.0,1017.18,66.18,-18.27
2025-03-24 17:50:31.529000+00:00,,,,,355.5,-1.062,-0.125,23.22,-74.75,-3.25,-25.5,-0.003,0.017,0.013,-0.4,0.44,9.49,-0.33,0.38,-0.31,-0.22,0.04,9.8,0.04,1.25,0.0,0.0,0.0,5.0,1017.18,66.18,-18.27
2025-03-24 17:50:32.549000+00:00,,,,,355.5,-1.062,-0.125,23.22,-74.75,-3.25,-25.5,-0.003,0.017,0.013,-0.4,0.44,9.49,-0.33,0.38,-0.31,-0.23,0.04,9.8,0.04,1.25,0.0,0.0,0.0,5.0,1017.18,66.18,-18.27
2025-03-24 17:50:33.552000+00:00,,,,,355.5,-1.062,-0.125,23.22,-74.75,-3.25,-25.5,-0.003,0.017,0.013,-0.4,0.44,9.49,-0.33,0.38,-0.31,-0.23,0.04,9.8,0.04,1.25,0.0,0.0,0.0,5.0,1017.18,66.18,-18.27
2025-03-24 17:50:34.692000+00:00,,,,,355.5,-1.062,-0.125,23.22,-74.75,-3.25,-25.5,-0.003,0.017,0.013,-0.4,0.44,9.49,-0.33,0.38,-0.31,-0.22,0.04,9.8,0.04,1.25,0.0,0.0,0.0,5.0,1017.18,66.18,-18.27
2025-03-24 17:50:35.628000+00:00,,,,,355.5,-1.062,-0.125,23.22,-74.75,-3.25,-25.5,-0.003,0.017,0.013,-0.4,0.44,9.49,-0.33,0.38,-0.31,-0.21,0.04,9.8,0.04,1.25,0.0,0.0,0.0,5.0,1017.18,66.18,-18.27
2025-03-24 17:50:36.792000+00:00,,,,,355.5,-1.062,-0.125,23.22,-74.75,-3.25,-25.5,-0.003,0.017,0.013,-0.4,0.44,9.49,-0.33,0.38,-0.31,-0.21,0.03,9.8,0.04,1.25,0.0,0.0,0.0,5.0,1017.18,66.18,-18.27
2025-03-24 17:50:37.901000+00:00,,,,,355.5,-1.062,-0.125,23.22,-74.75,-3.25,-25.5,-0.003,0.017,0.013,-0.4,0.44,9.49,-0.33,0.38,-0.31,-0.22,0.03,9.8,0.04,1.25,0.0,0.0,0.0,5.0,1017.18,66.18,-18.27
2025-03-24 17:50:38.561000+00:00,,,,,355.5,-1.062,-0.125,23.22,-74.75,-3.25,-25.5,-0.003,0.017,0.013,-0.4,0.44,9.49,-0.33,0.38,-0.31,-0.23,0.05,9.8,0.04,1.25,0.0,0.0,0.0,5.0,1017.18,66.18,-18.27
2025-03-24 17:50:39.559000+00:00,,,,,355.5,-1.062,-0.125,23.22,-74.75,-3.25,-25.5,-0.003,0.017,0.013,-0.4,0.44,9.49,-0.33,0.38,-0.31,-0.22,0.05,9.8,0.04,1.25,0.0,0.0,0.0,5.0,1017.18,66.18,-18.27
2025-03-24 17:50:40.561000+00:00,,,,,355.5,-1.062,-0.125,23.22,-74.75,-3.25,-25.5,-0.003,0.017,0.013,-0.4,0.44,9.49,-0.33,0.38,-0.31,-0.22,0.06,9.8,0.04,1.25,0.0,0.0,0.0,5.0,1017.18,66.18,-18.27
2025-03-24 17:50:41.618000+00:00,,,,,355.5,-1.062,-0.125,23.22,-74.75,-3.25,-25.5,-0.003,0.017,0.013,-0.4,0.44,9.49,-0.33,0.38,-0.31,-0.22,0.05,9.8,0.04,1.25,0.0,0.0,0.0,5.0,1017.18,66.18,-18.27
2025-03-24 17:50:42.771000+00:00,,,,,355.5,-1.062,-0.125,23.22,-74.75,-3.25,-25.5,-0.003,0.017,0.013,-0.4,0.44,9.49,-0.33,0.38,-0.31,-0.19,0.04,9.8,0.04,1.25,0.0,0.0,0.0,5.0,1017.18,66.18,-18.27
2025-03-24 17:50:43.891000+00:00,,,,,355.5,-1.062,-0.125,23.22,-74.75,-3.25,-25.5,-0.003,0.017,0.013,-0.4,0.44,9.49,-0.33,0.38,-0.31,-0.2,0.04,9.8,0.04,1.25,0.0,0.0,0.0,5.0,1017.18,66.18,-18.27
2025-03-24 17:50:44.592000+00:00,,,,,355.5,-1.062,-0.125,23.22,-74.75,-3.25,-25.5,-0.003,0.017,0.013,-0.4,0.44,9.49,-0.33,0.38,-0.31,-0.21,0.05,9.8,0.04,1.25,0.0,0.0,0.0,5.0,1017.18,66.18,-18.27
2025-03-24 17:50:45.544000+00:00,,,,,355.5,-1.062,-0.125,23.22,-74.75,-3.25,-25.5,-0.003,0.017,0.013,-0.4,0.44,9.49,-0.33,0.38,-0.31,-0.2,0.05,9.8,0.04,1.25,0.0,0.0,0.0,5.0,1017.18,66.18,-18.27
2025-03-24 17:50:46.570000+00:00,,,,,355.5,-1.062,-0.125,23.22,-74.75,-3.25,-25.5,-0.003,0.017,0.013,-0.4,0.44,9.49,-0.33,0.38,-0.31,-0.21,0.04,9.8,0.04,1.25,0.0,0.0,0.0,5.0,1017.18,66.18,-18.27
2025-03-24 17:50:47.580000+00:00,,,,,355.5,-1.062,-0.125,23.22,-74.75,-3.25,-25.5,-0.003,0.017,0.013,-0.4,0.44,9.49,-0.33,0.38,-0.31,-0.18,0.02,9.8,0.04,1.25,0.0,0.0,0.0,5.0,1017.18,66.18,-18.27
2025-03-24 17:50:48.591000+00:00,,,,,355.5,-1.062,-0.125,23.22,-74.75,-3.25,-25.5,-0.003,0.017,0.013,-0.4,0.44,9.49,-0.33,0.38,-0.31,-0.22,0.05,9.8,0.04,1.25,0.0,0.0,0.0,5.0,1017.18,66.18,-18.27
2025-03-24 17:49:49.066000+00:00,,,,,355.5,-1.062,-0.125,23.22,-74.75,-3.25,-25.5,-0.003,0.017,0.013,-0.4,0.44,9.49,-0.33,0.38,-0.31,-0.22,0.05,9.8,0.04,1.25,0.0,0.0,0.0,5.0,1017.18,66.18,-18.27
2025-03-24 17:49:50.089000+00:00,,,,,355.5,-1.062,-0.125,23.22,-74.75,-3.25,-25.5,-0.003,0.017,0.013,-0.4,0.44,9.49,-0.33,0.38,-0.31,-0.22,0.05,9.8,0.14125000000000001,1.25,0.0,0.0,0.0,5.0,1017.18,66.18,-18.27
2025-03-24 17:49:51.075000+00:00,,,,,355.5,-1.062,-0.125,23.22,-74.75,-3.25,-25.5,-0.003,0.017,0.013,-0.4,0.44,9.49,-0.33,0.38,-0.31,-0.22,0.05,9.8,0.04875,1.25,0.0,0.0,0.0,5.0,1017.18,66.18,-18.27
2025-03-24 17:49:52.085000+00:00,,,,,355.5,-1.062,-0.125,23.22,-74.75,-3.25,-25.5,-0.003,0.017,0.013,-0.4,0.44,9.49,-0.33,0.38,-0.31,-0.22,0.05,9.8,0.0075,1.25,0.0,0.0,0.0,5.0,1017.18,66.18,-18.27
2025-03-24 17:49:53.091000+00:00,,,,,355.5,-1.062,-0.125,23.22,-74.75,-3.25,-25.5,-0.003,0.017,0.013,-0.4,0.44,9.49,-0.33,0.38,-0.31,-0.22,0.05,9.8,0.00875,1.25,0.0,0.0,0.0,5.0,1017.18,66.18,-18.27
2025-03-24 17:49:54.114000+00:00,,,,,355.5,-1.062,-0.125,23.22,-74.75,-3.25,-25.5,-0.003,0.017,0.013,-0.4,0.44,9.49,-0.33,0.38,-0.31,-0.22,0.05,9.8,0.0325,1.25,0.0,0.0,0.0,5.0,1017.18,66.18,-18.27
2025-03-24 17:49:55.115000+00:00,,,,,355.5,-1.062,-0.125,23.22,-74.75,-3.25,-25.5,-0.003,0.017,0.013,-0.4,0.44,9.49,-0.33,0.38,-0.31,-0.22,0.05,9.8,0.115,1.25,0.0,0.0,0.0,5.0,1017.18,66.18,-18.27
2025-03-24 17:49:56.114000+00:00,,,,,355.5,-1.062,-0.125,23.22,-74.75,-3.25,-25.5,-0.003,0.017,0.013,-0.4,0.44,9.49,-0.33,0.38,-0.31,-0.22,0.05,9.8,0.09875,1.25,0.0,0.0,0.0,5.0,1017.18,66.18,-18.27
2025-03-24 17:49:57.226000+00:00,,,,,355.5,-1.062,-0.125,23.22,-74.75,-3.25,-25.5,-0.003,0.017,0.013,-0.4,0.44,9.49,-0.33,0.38,-0.31,-0.22,0.05,9.8,0.1075,1.25,0.0,0.0,0.0,5.0,1017.18,66.18,-18.27
2025-03-24 17:49:58.348000+00:00,,,,,355.5,-1.062,-0.125,23.22,-74.75,-3.25,-25.5,-0.003,0.017,0.013,-0.4,0.44,9.49,-0.33,0.38,-0.31,-0.22,0.05,9.8,0.1475,1.25,0.0,0.0,0.0,5.0,1017.18,66.18,-18.27
2025-03-24 17:49:59.413000+00:00,,,,,355.5,-1.062,-0.125,23.22,-74.75,-3.25,-25.5,-0.003,0.017,0.013,-0.4,0.44,9.49,-0.33,0.38,-0.31,-0.22,0.05,9.8,0.14625,1.25,0.0,0.0,0.0,5.0,1017.18,66.18,-18.27
2025-03-24 17:50:00.515000+00:00,,,,,355.5,-1.062,-0.125,23.22,-74.75,-3.25,-25.5,-0.003,0.017,0.013,-0.4,0.44,9.49,-0.33,0.38,-0.31,-0.22,0.05,9.8,0.13375,1.25,0.0,0.0,0.0,5.0,1017.18,66.18,-18.27
2025-03-24 17:50:01.178000+00:00,,,,,355.5,-1.062,-0.125,23.22,-74.75,-3.25,-25.5,-0.003,0.017,0.013,-0.4,0.44,9.49,-0.33,0.38,-0.31,-0.22,0.05,9.8,0.10875,1.25,0.0,0.0,0.0,5.0,1017.18,66.18,-18.27
2025-03-24 17:50:02.197000+00:00,,,,,355.5,-1.062,-0.125,23.22,-74.75,-3.25,-25.5,-0.003,0.017,0.013,-0.4,0.44,9.49,-0.33,0.38,-0.31,-0.22,0.05,9.8,0.0,1.25,0.0,0.0,0.0,5.0,1017.18,66.18,-18.27
2025-03-24 17:50:03.193000+00:00,,,,,355.5,-1.062,-0.125,23.22,-74.75,-3.25,-25.5,-0.003,0.017,0.013,-0.4,0.44,9.49,-0.33,0.38,-0.31,-0.22,0.05,9.8,0.01375,1.25,0.0,0.0,0.0,5.0,1017.18,66.18,-18.27
2025-03-24 17:50:04.218000+00:00,,,,,355.5,-1.062,-0.125,23.22,-74.75,-3.25,-25.5,-0.003,0.017,0.013,-0.4,0.44,9.49,-0.33,0.38,-0.31,-0.22,0.05,9.8,0.0375,1.25,0.0,0.0,0.0,5.0,1017.18,66.18,-18.27
2025-03-24 17:50:05.240000+00:00,,,,,355.5,-1.062,-0.125,23.22,-74.75,-3.25,-25.5,-0.003,0.017,0.013,-0.4,0.44,9.49,-0.33,0.38,-0.31,-0.22,0.05,9.8,0.02375,1.25,0.0,0.0,0.0,5.0,1017.18,66.18,-18.27
2025-03-24 17:50:06.260000+00:00,,,,,355.5,-1.062,-0.125,23.22,-74.75,-3.25,-25.5,-0.003,0.017,0.013,-0.4,0.44,9.49,-0.33,0.38,-0.31,-0.22,0.05,9.8,0.07875,1.25,0.0,0.0,0.0,5.0,1017.18,66.18,-18.27
2025-03-24 17:50:07.230000+00:00,,,,,355.5,-1.062,-0.125,23.22,-74.75,-3.25,-25.5,-0.003,0.017,0.013,-0.4,0.44,9.49,-0.33,0.38,-0.31,-0.22,0.05,9.8,0.1225,1.25,0.0,0.0,0.0,5.0,1017.18,66.18,-18.27
2025-03-24 17:50:08.403000+00:00,,,,,355.5,-1.062,-0.125,23.22,-74.75,-3.25,-25.5,-0.003,0.017,0.013,-0.4,0.44,9.49,-0.33,0.38,-0.31,-0.22,0.05,9.8,0.1275,1.25,0.0,0.0,0.0,5.0,1017.18,66.18,-18.27
2025-03-24 17:50:09.279000+00:00,,,,,355.5,-1.062,-0.125,23.22,-74.75,-3.25,-25.5,-0.003,0.017,0.013,-0.4,0.44,9.49,-0.33,0.38,-0.31,-0.22,0.05,9.8,0.10125,1.25,0.0,0.0,0.0,5.0,1017.18,66.18,-18.27
2025-03-24 17:50:10.254000+00:00,,,,,355.5,-1.062,-0.125,23.22,-74.75,-3.25,-25.5,-0.003,0.017,0.013,-0.4,0.44,9.49,-0.33,0.38,-0.31,-0.22,0.05,9.8,0.0,1.25,0.0,0.0,0.0,5.0,1017.18,66.18,-18.27
2025-03-24 17:50:11.277000+00:00,,,,,355.5,-1.062,-0.125,23.22,-74.75,-3.25,-25.5,-0.003,0.017,0.013,-0.4,0.44,9.49,-0.33,0.38,-0.31,-0.22,0.05,9.8,0.00625,1.25,0.0,0.0,0.0,5.0,1017.18,66.18,-18.27
2025-03-24 17:50:12.293000+00:00,,,,,355.5,-1.062,-0.125,23.22,-74.75,-3.25,-25.5,-0.003,0.017,0.013,-0.4,0.44,9.49,-0.33,0.38,-0.31,-0.22,0.05,9.8,0.0625,1.25,0.0,0.0,0.0,5.0,1017.18,66.18,-18.27
2025-03-24 17:50:13.296000+00:00,,,,,355.5,-1.062,-0.125,23.22,-74.75,-3.25,-25.5,-0.003,0.017,0.013,-0.4,0.44,9.49,-0.33,0.38,-0.31,-0.22,0.05,9.8,0.08750000000000001,1.25,0.0,0.0,0.0,5.0,1017.18,66.18,-18.27
2025-03-24 17:50:14.303000+00:00,,,,,355.5,-1.062,-0.125,23.22,-74.75,-3.25,-25.5,-0.003,0.017,0.013,-0.4,0.44,9.49,-0.33,0.38,-0.31,-0.22,0.05,9.8,0.08,1.25,0.0,0.0,0.0,5.0,1017.18,66.18,-18.27
2025-03-24 17:50:15.414000+00:00,,,,,355.5,-1.062,-0.125,23.22,-74.75,-3.25,-25.5,-0.003,0.017,0.013,-0.4,0.44,9.49,-0.33,0.38,-0.31,-0.22,0.05,9.8,0.10875,1.25,0.0,0.0,0.0,5.0,1017.18,66.18,-18.27
2025-03-24 17:50:16.583000+00:00,,,,,355.5,-1.062,-0.125,23.22,-74.75,-3.25,-25.5,-0.003,0.017,0.013,-0.4,0.44,9.49,-0.33,0.38,-0.31,-0.22,0.05,9.8,0.16375,1.25,0.0,0.0,0.0,5.0,1017.18,66.18,-18.27
2025-03-24 17:50:17.338000+00:00,,,,,355.5,-1.062,-0.125,23.22,-74.75,-3.25,-25.5,-0.003,0.017,0.013,-0.4,0.44,9.49,-0.33,0.38,-0.31,-0.22,0.05,9.8,0.13125,1.25,0.0,0.0,0.0,5.0,1017.18,66.18,-18.27
2025-03-24 17:50:18.322000+00:00,,,,,355.5,-1.062,-0.125,23.22,-74.75,-3.25,-25.5,-0.003,0.017,0.013,-0.4,0.44,9.49,-0.33,0.38,-0.31,-0.22,0.05,9.8,0.12625,1.25,0.0,0.0,0.0,5.0,1017.18,66.18,-18.27
2025-03-24 17:50:19.353000+00:00,,,,,355.5,-1.062,-0.125,23.22,-74.75,-3.25,-25.5,-0.003,0.017,0.013,-0.4,0.44,9.49,-0.33,0.38,-0.31,-0.22,0.05,9.8,0.0025,1.25,0.0,0.0,0.0,5.0,1017.18,66.18,-18.27
2025-03-24 17:50:20.343000+00:00,,,,,355.5,-1.062,-0.125,23.22,-74.75,-3.25,-25.5,-0.003,0.017,0.013,-0.4,0.44,9.49,-0.33,0.38,-0.31,-0.22,0.05,9.8,0.03875,1.25,0.0,0.0,0.0,5.0,1017.18,66.18,-18.27
2025-03-24 17:50:21.362000+00:00,,,,,355.5,-1.062,-0.125,23.22,-74.75,-3.25,-25.5,-0.003,0.017,0.013,-0.4,0.44,9.49,-0.33,0.38,-0.31,-0.22,0.05,9.8,0.01,1.25,0.0,0.0,0.0,5.0,1017.18,66.18,-18.27
2025-03-24 17:50:22.368000+00:00,,,,,355.5,-1.062,-0.125,23.22,-74.75,-3.25,-25.5,-0.003,0.017,0.013,-0.4,0.44,9.49,-0.33,0.38,-0.31,-0.22,0.05,9.8,0.01,1.25,0.0,0.0,0.0,5.0,1017.18,66.18,-18.27
2025-03-24 17:50:23.466000+00:00,,,,,355.5,-1.062,-0.125,23.22,-74.75,-3.25,-25.5,-0.003,0.017,0.013,-0.4,0.44,9.49,-0.33,0.38,-0.31,-0.22,0.05,9.8,0.04875,1.25,0.0,0.0,0.0,5.0,1017.18,66.18,-18.27
2025-03-24 17:50:24.579000+00:00,,,,,355.5,-1.062,-0.125,23.22,-74.75,-3.25,-25.5,-0.003,0.017,0.013,-0.4,0.44,9.49,-0.33,0.38,-0.31,-0.22,0.05,9.8,0.11125,1.25,0.0,0.0,0.0,5.0,1017.18,66.18,-18.27
2025-03-24 17:50:25.584000+00:00,,,,,355.5,-1.062,-0.125,23.22,-74.75,-3.25,-25.5,-0.003,0.017,0.013,-0.4,0.44,9.49,-0.33,0.38,-0.31,-0.22,0.05,9.8,0.09125,1.25,0.0,0.0,0.0,5.0,1017.18,66.18,-18.27
2025-03-24 17:50:26.728000+00:00,,,,,355.5,-1.062,-0.125,23.22,-74.75,-3.25,-25.5,-0.003,0.017,0.013,-0.4,0.44,9.49,-0.33,0.38,-0.31,-0.22,0.05,9.8,0.08875,1.25,0.0,0.0,0.0,5.0,1017.18,66.18,-18.27
2025-03-24 17:50:27.755000+00:00,,,,,355.5,-1.062,-0.125,23.22,-74.75,-3.25,-25.5,-0.003,0.017,0.013,-0.4,0.44,9.49,-0.33,0.38,-0.31,-0.22,0.05,9.8,0.17375000000000002,1.25,0.0,0.0,0.0,5.0,1017.18,66.18,-18.27
2025-03-24 17:50:28.396000+00:00,,,,,355.5,-1.062,-0.125,23.22,-74.75,-3.25,-25.5,-0.003,0.017,0.013,-0.4,0.44,9.49,-0.33,0.38,-0.31,-0.22,0.05,9.8,0.12375,1.25,0.0,0.0,0.0,5.0,1017.18,66.18,-18.27
2025-03-24 17:50:29.199000+00:00,,,,,355.5,-1.062,-0.125,23.22,-74.75,-3.25,-25.5,-0.003,0.017,0.013,-0.4,0.44,9.49,-0.33,0.38,-0.31,-0.22,0.05,9.8,0.04,1.25,0.0,0.0,0.0,5.0,1017.18,66.18,-18.27
2025-03-24 17:50:30.092000+00:00,,,,,355.5,-1.062,-0.125,23.22,-74.75,-3.25,-25.5,-0.003,0.017,0.013,-0.4,0.44,9.49,-0.33,0.38,-0.31,-0.22,0.05,9.8,0.0975,1.25,0.0,0.0,0.0,5.0,1017.18,66.18,-18.27
2025-03-24 17:50:31.099000+00:00,,,,,355.5,-1.062,-0.125,23.22,-74.75,-3.25,-25.5,-0.003,0.017,0.013,-0.4,0.44,9.49,-0.33,0.38,-0.31,-0.22,0.05,9.8,0.0775,1.25,0.0,0.0,0.0,5.0,1017.18,66.18,-18.27
2025-03-24 17:50:32.102000+00:00,,,,,355.5,-1.062,-0.125,23.22,-74.75,-3.25,-25.5,-0.003,0.017,0.013,-0.4,0.44,9.49,-0.33,0.38,-0.31,-0.22,0.05,9.8,0.16125,1.25,0.0,0.0,0.0,5.0,1017.18,66.18,-18.27
2025-03-24 17:50:33.111000+00:00,,,,,355.5,-1.062,-0.125,23.22,-74.75,-3.25,-25.5,-0.003,0.017,0.013,-0.4,0.44,9.49,-0.33,0.38,-0.31,-0.22,0.05,9.8,0.17,1.25,0.0,0.0,0.0,5.0,1017.18,66.18,-18.27
2025-03-24 17:50:34.252000+00:00,,,,,355.5,-1.062,-0.125,23.22,-74.75,-3.25,-25.5,-0.003,0.017,0.013,-0.4,0.44,9.49,-0.33,0.38,-0.31,-0.22,0.05,9.8,0.00125,1.25,0.0,0.0,0.0,5.0,1017.18,66.18,-18.27
2025-03-24 17:50:35.192000+00:00,,,,,355.5,-1.062,-0.125,23.22,-74.75,-3.25,-25.5,-0.003,0.017,0.013,-0.4,0.44,9.49,-0.33,0.38,-0.31,-0.22,0.05,9.8,0.0,1.25,0.0,0.0,0.0,5.0,1017.18,66.18,-18.27
2025-03-24 17:50:36.337000+00:00,,,,,355.5,-1.062,-0.125,23.22,-74.75,-3.25,-25.5,-0.003,0.017,0.013,-0.4,0.44,9.49,-0.33,0.38,-0.31,-0.22,0.05,9.8,0.00125,1.25,0.0,0.0,0.0,5.0,1017.18,66.18,-18.27
2025-03-24 17:50:37.133000+00:00,,,,,355.5,-1.062,-0.125,23.22,-74.75,-3.25,-25.5,-0.003,0.017,0.013,-0.4,0.44,9.49,-0.33,0.38,-0.31,-0.22,0.05,9.8,0.03875,1.25,0.0,0.0,0.0,5.0,1017.18,66.18,-18.27
2025-03-24 17:50:38.127000+00:00,,,,,355.5,-1.062,-0.125,23.22,-74.75,-3.25,-25.5,-0.003,0.017,0.013,-0.4,0.44,9.49,-0.33,0.38,-0.31,-0.22,0.05,9.8,0.0375,1.25,0.0,0.0,0.0,5.0,1017.18,66.18,-18.27
2025-03-24 17:50:39.124000+00:00,,,,,355.5,-1.062,-0.125,23.22,-74.75,-3.25,-25.5,-0.003,0.017,0.013,-0.4,0.44,9.49,-0.33,0.38,-0.31,-0.22,0.05,9.8,0.043750000000000004,1.25,0.0,0.0,0.0,5.0,1017.18,66.18,-18.27
2025-03-24 17:50:40.130000+00:00,,,,,355.5,-1.062,-0.125,23.22,-74.75,-3.25,-25.5,-0.003,0.017,0.013,-0.4,0.44,9.49,-0.33,0.38,-0.31,-0.22,0.05,9.8,0.09,1.25,0.0,0.0,0.0,5.0,1017.18,66.18,-18.27
2025-03-24 17:50:41.191000+00:00,,,,,355.5,-1.062,-0.125,23.22,-74.75,-3.25,-25.5,-0.003,0.017,0.013,-0.4,0.44,9.49,-0.33,0.38,-0.31,-0.22,0.05,9.8,0.14,1.25,0.0,0.0,0.0,5.0,1017.18,66.18,-18.27
2025-03-24 17:50:42.356000+00:00,,,,,355.5,-1.062,-0.125,23.22,-74.75,-3.25,-25.5,-0.003,0.017,0.013,-0.4,0.44,9.49,-0.33,0.38,-0.31,-0.22,0.05,9.8,0.14875,1.25,0.0,0.0,0.0,5.0,1017.18,66.18,-18.27
2025-03-24 17:50:43.152000+00:00,,,,,355.5,-1.062,-0.125,23.22,-74.75,-3.25,-25.5,-0.003,0.017,0.013,-0.4,0.44,9.49,-0.33,0.38,-0.31,-0.22,0.05,9.8,0.10625,1.25,0.0,0.0,0.0,5.0,1017.18,66.18,-18.27
2025-03-24 17:50:44.148000+00:00,,,,,355.5,-1.062,-0.125,23.22,-74.75,-3.25,-25.5,-0.003,0.017,0.013,-0.4,0.44,9.49,-0.33,0.38,-0.31,-0.22,0.05,9.8,0.13125,1.25,0.0,0.0,0.0,5.0,1017.18,66.18,-18.27
2025-03-24 17:50:45.145000+00:00,,,,,355.5,-1.062,-0.125,23.22,-74.75,-3.25,-25.5,-0.003,0.017,0.013,-0.4,0.44,9.49,-0.33,0.38,-0.31,-0.22,0.05,9.8,0.1825,1.25,0.0,0.0,0.0,5.0,1017.18,66.18,-18.27
2025-03-24 17:50:46.151000+00:00,,,,,355.5,-1.062,-0.125,23.22,-74.75,-3.25,-25.5,-0.003,0.017,0.013,-0.4,0.44,9.49,-0.33,0.38,-0.31,-0.22,0.05,9.8,0.14125000000000001,1.25,0.0,0.0,0.0,5.0,1017.18,66.18,-18.27
2025-03-24 17:50:47.161000+00:00,,,,,355.5,-1.062,-0.125,23.22,-74.75,-3.25,-25.5,-0.003,0.017,0.013,-0.4,0.44,9.49,-0.33,0.38,-0.31,-0.22,0.05,9.8,0.105,1.25,0.0,0.0,0.0,5.0,1017.18,66.18,-18.27
2025-03-24 17:50:48.161000+00:00,,,,,355.5,-1.062,-0.125,23.22,-74.75,-3.25,-25.5,-0.003,0.017,0.013,-0.4,0.44,9.49,-0.33,0.38,-0.31,-0.22,0.05,9.8,0.0,1.25,0.0,0.0,0.0,5.0,1017.18,66.18,-18.27
2025-03-24 17:49:50.040000+00:00,,,,,355.5,-1.062,-0.125,23.22,-74.75,-3.25,-25.5,-0.003,0.017,0.013,-0.4,0.44,9.49,-0.33,0.38,-0.31,-0.22,0.05,9.8,0.0,1.25,0.0,0.0,0.0,5.0,1017.18,66.18,-18.27
2025-03-24 17:49:51.025000+00:00,,,,,355.5,-1.062,-0.125,23.22,-74.75,-3.25,-25.5,-0.003,0.017,0.013,-0.4,0.44,9.49,-0.33,0.38,-0.31,-0.22,0.05,9.8,0.0,0.0,0.0,0.0,0.0,5.0,1017.18,66.18,-18.27
2025-03-24 17:49:52.032000+00:00,,,,,355.5,-1.062,-0.125,23.22,-74.75,-3.25,-25.5,-0.003,0.017,0.013,-0.4,0.44,9.49,-0.33,0.38,-0.31,-0.22,0.05,9.8,0.0,0.0,0.0,0.0,0.0,5.0,1017.18,66.18,-18.27
2025-03-24 17:49:53.035000+00:00,,,,,355.5,-1.062,-0.125,23.22,-74.75,-3.25,-25.5,-0.003,0.017,0.013,-0.4,0.44,9.49,-0.33,0.38,-0.31,-0.22,0.05,9.8,0.0,0.0,0.0,0.0,0.0,5.0,1017.18,66.18,-18.27
2025-03-24 17:49:54.065000+00:00,,,,,355.5,-1.062,-0.125,23.22,-74.75,-3.25,-25.5,-0.003,0.017,0.013,-0.4,0.44,9.49,-0.33,0.38,-0.31,-0.22,0.05,9.8,0.0,0.0,0.0,0.0,0.0,5.0,1017.18,66.18,-18.27
2025-03-24 17:49:55.066000+00:00,,,,,355.5,-1.062,-0.125,23.22,-74.75,-3.25,-25.5,-0.003,0.017,0.013,-0.4,0.44,9.49,-0.33,0.38,-0.31,-0.22,0.05,9.8,0.0,-1.25,0.0,0.0,0.0,5.0,1017.18,66.18,-18.27
2025-03-24 17:49:56.065000+00:00,,,,,355.5,-1.062,-0.125,23.22,-74.75,-3.25,-25.5,-0.003,0.017,0.013,-0.4,0.44,9.49,-0.33,0.38,-0.31,-0.22,0.05,9.8,0.0,0.0,0.0,0.0,0.0,5.0,1017.18,66.18,-18.27
2025-03-24 17:49:57.175000+00:00,,,,,355.5,-1.062,-0.125,23.22,-74.75,-3.25,-25.5,-0.003,0.017,0.013,-0.4,0.44,9.49,-0.33,0.38,-0.31,-0.22,0.05,9.8,0.0,-1.25,0.0,0.0,0.0,5.0,1017.18,66.18,-18.27
2025-03-24 17:49:58.292000+00:00,,,,,355.5,-1.062,-0.125,23.22,-74.75,-3.25,-25.5,-0.003,0.017,0.013,-0.4,0.44,9.49,-0.33,0.38,-0.31,-0.22,0.05,9.8,0.0,0.0,0.0,0.0,0.0,5.0,1017.18,66.18,-18.27
2025-03-24 17:49:59.365000+00:00,,,,,355.5,-1.062,-0.125,23.22,-74.75,-3.25,-25.5,-0.003,0.017,0.013,-0.4,0.44,9.49,-0.33,0.38,-0.31,-0.22,0.05,9.8,0.0,1.25,0.0,0.0,0.0,5.0,1017.18,66.18,-18.27
2025-03-24 17:50:00.464000+00:00,,,,,355.5,-1.062,-0.125,23.22,-74.75,-3.25,-25.5,-0.003,0.017,0.013,-0.4,0.44,9.49,-0.33,0.38,-0.31,-0.22,0.05,9.8,0.0,0.0,0.0,0.0,0.0,5.0,1017.18,66.18,-18.27
2025-03-24 17:50:01.122000+00:00,,,,,355.5,-1.062,-0.125,23.22,-74.75,-3.25,-25.5,-0.003,0.017,0.013,-0.4,0.44,9.49,-0.33,0.38,-0.31,-0.22,0.05,9.8,0.0,0.0,0.0,0.0,0.0,5.0,1017.18,66.18,-18.27
2025-03-24 17:50:02.144000+00:00,,,,,355.5,-1.062,-0.125,23.22,-74.75,-3.25,-25.5,-0.003,0.017,0.013,-0.4,0.44,9.49,-0.33,0.38,-0.31,-0.22,0.05,9.8,0.0,0.0,0.0,0.0,0.0,5.0,1017.18,66.18,-18.27
2025-03-24 17:50:03.144000+00:00,,,,,355.5,-1.062,-0.125,23.22,-74.75,-3.25,-25.5,-0.003,0.017,0.013,-0.4,0.44,9.49,-0.33,0.38,-0.31,-0.22,0.05,9.8,0.0,1.25,0.0,0.0,0.0,5.0,1017.18,66.18,-18.27
2025-03-24 17:50:04.164000+00:00,,,,,355.5,-1.062,-0.125,23.22,-74.75,-3.25,-25.5,-0.003,0.017,0.013,-0.4,0.44,9.49,-0.33,0.38,-0.31,-0.22,0.05,9.8,0.0,-1.25,0.0,0.0,0.0,5.0,1017.18,66.18,-18.27
2025-03-24 17:50:05.184000+00:00,,,,,355.5,-1.062,-0.125,23.22,-74.75,-3.25,-25.5,-0.003,0.017,0.013,-0.4,0.44,9.49,-0.33,0.38,-0.31,-0.22,0.05,9.8,0.0,-1.25,0.0,0.0,0.0,5.0,1017.18,66.18,-18.27
2025-03-24 17:50:06.201000+00:00,,,,,355.5,-1.062,-0.125,23.22,-74.75,-3.25,-25.5,-0.003,0.017,0.013,-0.4,0.44,9.49,-0.33,0.38,-0.31,-0.22,0.05,9.8,0.0,1.25,0.0,0.0,0.0,5.0,1017.18,66.18,-18.27
2025-03-24 17:50:07.174000+00:00,,,,,355.5,-1.062,-0.125,23.22,-74.75,-3.25,-25.5,-0.003,0.017,0.013,-0.4,0.44,9.49,-0.33,0.38,-0.31,-0.22,0.05,9.8,0.0,0.0,0.0,0.0,0.0,5.0,1017.18,66.18,-18.27
2025-03-24 17:50:08.359000+00:00,,,,,355.5,-1.062,-0.125,23.22,-74.75,-3.25,-25.5,-0.003,0.017,0.013,-0.4,0.44,9.49,-0.33,0.38,-0.31,-0.22,0.05,9.8,0.0,0.0,0.0,0.0,0.0,5.0,1017.18,66.18,-18.27
2025-03-24 17:50:09.215000+00:00,,,,,355.5,-1.062,-0.125,23.22,-74.75,-3.25,-25.5,-0.003,0.017,0.013,-0.4,0.44,9.49,-0.33,0.38,-0.31,-0.22,0.05,9.8,0.0,0.0,0.0,0.0,0.0,5.0,1017.18,66.18,-18.27
2025-03-24 17:50:10.204000+00:00,,,,,355.5,-1.062,-0.125,23.22,-74.75,-3.25,-25.5,-0.003,0.017,0.013,-0.4,0.44,9.49,-0.33,0.38,-0.31,-0.22,0.05,9.8,0.0,-1.25,0.0,0.0,0.0,5.0,1017.18,66.18,-18.27
2025-03-24 17:50:11.224000+00:00,,,,,355.5,-1.062,-0.125,23.22,-74.75,-3.25,-25.5,-0.003,0.017,0.013,-0.4,0.44,9.49,-0.33,0.38,-0.31,-0.22,0.05,9.8,0.0,2.5,0.0,0.0,0.0,5.0,1017.18,66.18,-18.27
2025-03-24 17:50:12.241000+00:00,,,,,355.5,-1.062,-0.125,23.22,-74.75,-3.25,-25.5,-0.003,0.017,0.013,-0.4,0.44,9.49,-0.33,0.38,-0.31,-0.22,0.05,9.8,0.0,-1.25,0.0,0.0,0.0,5.0,1017.18,66.18,-18.27
2025-03-24 17:50:13.241000+00:00,,,,,355.5,-1.062,-0.125,23.22,-74.75,-3.25,-25.5,-0.003,0.017,0.013,-0.4,0.44,9.49,-0.33,0.38,-0.31,-0.22,0.05,9.8,0.0,-1.25,0.0,0.0,0.0,5.0,1017.18,66.18,-18.27
2025-03-24 17:50:14.253000+00:00,,,,,355.5,-1.062,-0.125,23.22,-74.75,-3.25,-25.5,-0.003,0.017,0.013,-0.4,0.44,9.49,-0.33,0.38,-0.31,-0.22,0.05,9.8,0.0,-1.25,0.0,0.0,0.0,5.0,1017.18,66.18,-18.27
2025-03-24 17:50:15.364000+00:00,,,,,355.5,-1.062,-0.125,23.22,-74.75,-3.25,-25.5,-0.003,0.017,0.013,-0.4,0.44,9.49,-0.33,0.38,-0.31,-0.22,0.05,9.8,0.0,0.0,0.0,0.0,0.0,5.0,1017.18,66.18,-18.27
2025-03-24 17:50:16.533000+00:00,,,,,355.5,-1.062,-0.125,23.22,-74.75,-3.25,-25.5,-0.003,0.017,0.013,-0.4,0.44,9.49,-0.33,0.38,-0.31,-0.22,0.05,9.8,0.0,0.0,0.0,0.0,0.0,5.0,1017.18,66.18,-18.27
2025-03-24 17:50:17.285000+00:00,,,,,355.5,-1.062,-0.125,23.22,-74.75,-3.25,-25.5,-0.003,0.017,0.013,-0.4,0.44,9.49,-0.33,0.38,-0.31,-0.22,0.05,9.8,0.0,0.0,0.0,0.0,0.0,5.0,1017.18,66.18,-18.27
2025-03-24 17:50:18.273000+00:00,,,,,355.5,-1.062,-0.125,23.22,-74.75,-3.25,-25.5,-0.003,0.017,0.013,-0.4,0.44,9.49,-0.33,0.38,-0.31,-0.22,0.05,9.8,0.0,0.0,0.0,0.0,0.0,5.0,1017.18,66.18,-18.27
2025-03-24 17:50:19.303000+00:00,,,,,355.5,-1.062,-0.125,23.22,-74.75,-3.25,-25.5,-0.003,0.017,0.013,-0.4,0.44,9.49,-0.33,0.38,-0.31,-0.22,0.05,9.8,0.0,0.0,0.0,0.0,0.0,5.0,1017.18,66.18,-18.27
2025-03-24 17:50:20.292000+00:00,,,,,355.5,-1.062,-0.125,23.22,-74.75,-3.25,-25.5,-0.003,0.017,0.013,-0.4,0.44,9.49,-0.33,0.38,-0.31,-0.22,0.05,9.8,0.0,0.0,0.0,0.0,0.0,5.0,1017.18,66.18,-18.27
2025-03-24 17:50:21.311000+00:00,,,,,355.5,-1.062,-0.125,23.22,-74.75,-3.25,-25.5,-0.003,0.017,0.013,-0.4,0.44,9.49,-0.33,0.38,-0.31,-0.22,0.05,9.8,0.0,0.0,0.0,0.0,0.0,5.0,1017.18,66.18,-18.27
2025-03-24 17:50:22.315000+00:00,,,,,355.5,-1.062,-0.125,23.22,-74.75,-3.25,-25.5,-0.003,0.017,0.013,-0.4,0.44,9.49,-0.33,0.38,-0.31,-0.22,0.05,9.8,0.0,0.0,0.0,0.0,0.0,5.0,1017.18,66.18,-18.27
2025-03-24 17:50:23.417000+00:00,,,,,355.5,-1.062,-0.125,23.22,-74.75,-3.25,-25.5,-0.003,0.017,0.013,-0.4,0.44,9.49,-0.33,0.38,-0.31,-0.22,0.05,9.8,0.0,0.0,0.0,0.0,0.0,5.0,1017.18,66.18,-18.27
2025-03-24 17:50:24.524000+00:00,,,,,355.5,-1.062,-0.125,23.22,-74.75,-3.25,-25.5,-0.003,0.017,0.013,-0.4,0.44,9.49,-0.33,0.38,-0.31,-0.22,0.05,9.8,0.0,-1.25,0.0,0.0,0.0,5.0,1017.18,66.18,-18.27
2025-03-24 17:50:25.538000+00:00,,,,,355.5,-1.062,-0.125,23.22,-74.75,-3.25,-25.5,-0.003,0.017,0.013,-0.4,0.44,9.49,-0.33,0.38,-0.31,-0.22,0.05,9.8,0.0,-1.25,0.0,0.0,0.0,5.0,1017.18,66.18,-18.27
2025-03-24 17:50:26.670000+00:00,,,,,355.5,-1.062,-0.125,23.22,-74.75,-3.25,-25.5,-0.003,0.017,0.013,-0.4,0.44,9.49,-0.33,0.38,-0.31,-0.22,0.05,9.8,0.0,0.0,0.0,0.0,0.0,5.0,1017.18,66.18,-18.27
2025-03-24 17:50:27.700000+00:00,,,,,355.5,-1.062,-0.125,23.22,-74.75,-3.25,-25.5,-0.003,0.017,0.013,-0.4,0.44,9.49,-0.33,0.38,-0.31,-0.22,0.05,9.8,0.0,0.0,0.0,0.0,0.0,5.0,1017.18,66.18,-18.27
2025-03-24 17:50:28.339000+00:00,,,,,355.5,-1.062,-0.125,23.22,-74.75,-3.25,-25.5,-0.003,0.017,0.013,-0.4,0.44,9.49,-0.33,0.38,-0.31,-0.22,0.05,9.8,0.0,0.0,0.0,0.0,0.0,5.0,1017.18,66.18,-18.27
2025-03-24 17:50:29.143000+00:00,,,,,355.5,-1.062,-0.125,23.22,-74.75,-3.25,-25.5,-0.003,0.017,0.013,-0.4,0.44,9.49,-0.33,0.38,-0.31,-0.22,0.05,9.8,0.0,0.0,0.0,0.0,0.0,5.0,1017.18,66.18,-18.27
2025-03-24 17:50:30.040000+00:00,,,,,355.5,-1.062,-0.125,23.22,-74.75,-3.25,-25.5,-0.003,0.017,0.013,-0.4,0.44,9.49,-0.33,0.38,-0.31,-0.22,0.05,9.8,0.0,0.0,0.0,0.0,0.0,5.0,1017.18,66.18,-18.27
2025-03-24 17:50:31.044000+00:00,,,,,355.5,-1.062,-0.125,23.22,-74.75,-3.25,-25.5,-0.003,0.017,0.013,-0.4,0.44,9.49,-0.33,0.38,-0.31,-0.22,0.05,9.8,0.0,0.0,0.0,0.0,0.0,5.0,1017.18,66.18,-18.27
2025-03-24 17:50:32.048000+00:00,,,,,355.5,-1.062,-0.125,23.22,-74.75,-3.25,-25.5,-0.003,0.017,0.013,-0.4,0.44,9.49,-0.33,0.38,-0.31,-0.22,0.05,9.8,0.0,-1.25,0.0,0.0,0.0,5.0,1017.18,66.18,-18.27
2025-03-24 17:50:33.057000+00:00,,,,,355.5,-1.062,-0.125,23.22,-74.75,-3.25,-25.5,-0.003,0.017,0.013,-0.4,0.44,9.49,-0.33,0.38,-0.31,-0.22,0.05,9.8,0.0,-1.25,0.0,0.0,0.0,5.0,1017.18,66.18,-18.27
2025-03-24 17:50:34.198000+00:00,,,,,355.5,-1.062,-0.125,23.22,-74.75,-3.25,-25.5,-0.003,0.017,0.013,-0.4,0.44,9.49,-0.33,0.38,-0.31,-0.22,0.05,9.8,0.0,0.0,0.0,0.0,0.0,5.0,1017.18,66.18,-18.27
2025-03-24 17:50:35.142000+00:00,,,,,355.5,-1.062,-0.125,23.22,-74.75,-3.25,-25.5,-0.003,0.017,0.013,-0.4,0.44,9.49,-0.33,0.38,-0.31,-0.22,0.05,9.8,0.0,-1.25,0.0,0.0,0.0,5.0,1017.18,66.18,-18.27
2025-03-24 17:50:36.282000+00:00,,,,,355.5,-1.062,-0.125,23.22,-74.75,-3.25,-25.5,-0.003,0.017,0.013,-0.4,0.44,9.49,-0.33,0.38,-0.31,-0.22,0.05,9.8,0.0,1.25,0.0,0.0,0.0,5.0,1017.18,66.18,-18.27
2025-03-24 17:50:37.067000+00:00,,,,,355.5,-1.062,-0.125,23.22,-74.75,-3.25,-25.5,-0.003,0.017,0.013,-0.4,0.44,9.49,-0.33,0.38,-0.31,-0.22,0.05,9.8,0.0,1.25,0.0,0.0,0.0,5.0,1017.18,66.18,-18.27
2025-03-24 17:50:38.070000+00:00,,,,,355.5,-1.062,-0.125,23.22,-74.75,-3.25,-25.5,-0.003,0.017,0.013,-0.4,0.44,9.49,-0.33,0.38,-0.31,-0.22,0.05,9.8,0.0,1.25,0.0,0.0,0.0,5.0,1017.18,66.18,-18.27
2025-03-24 17:50:39.074000+00:00,,,,,355.5,-1.062,-0.125,23.22,-74.75,-3.25,-25.5,-0.003,0.017,0.013,-0.4,0.44,9.49,-0.33,0.38,-0.31,-0.22,0.05,9.8,0.0,-1.25,0.0,0.0,0.0,5.0,1017.18,66.18,-18.27
2025-03-24 17:50:40.077000+00:00,,,,,355.5,-1.062,-0.125,23.22,-74.75,-3.25,-25.5,-0.003,0.017,0.013,-0.4,0.44,9.49,-0.33,0.38,-0.31,-0.22,0.05,9.8,0.0,-1.25,0.0,0.0,0.0,5.0,1017.18,66.18,-18.27
2025-03-24 17:50:41.137000+00:00,,,,,355.5,-1.062,-0.125,23.22,-74.75,-3.25,-25.5,-0.003,0.017,0.013,-0.4,0.44,9.49,-0.33,0.38,-0.31,-0.22,0.05,9.8,0.0,0.0,0.0,0.0,0.0,5.0,1017.18,66.18,-18.27
2025-03-24 17:50:42.297000+00:00,,,,,355.5,-1.062,-0.125,23.22,-74.75,-3.25,-25.5,-0.003,0.017,0.013,-0.4,0.44,9.49,-0.33,0.38,-0.31,-0.22,0.05,9.8,0.0,-1.25,0.0,0.0,0.0,5.0,1017.18,66.18,-18.27
2025-03-24 17:50:43.088000+00:00,,,,,355.5,-1.062,-0.125,23.22,-74.75,-3.25,-25.5,-0.003,0.017,0.013,-0.4,0.44,9.49,-0.33,0.38,-0.31,-0.22,0.05,9.8,0.0,0.0,0.0,0.0,0.0,5.0,1017.18,66.18,-18.27
2025-03-24 17:50:44.092000+00:00,,,,,355.5,-1.062,-0.125,23.22,-74.75,-3.25,-25.5,-0.003,0.017,0.013,-0.4,0.44,9.49,-0.33,0.38,-0.31,-0.22,0.05,9.8,0.0,0.0,0.0,0.0,0.0,5.0,1017.18,66.18,-18.27
2025-03-24 17:50:45.096000+00:00,,,,,355.5,-1.062,-0.125,23.22,-74.75,-3.25,-25.5,-0.003,0.017,0.013,-0.4,0.44,9.49,-0.33,0.38,-0.31,-0.22,0.05,9.8,0.0,0.0,0.0,0.0,0.0,5.0,1017.18,66.18,-18.27
2025-03-24 17:50:46.100000+00:00,,,,,355.5,-1.062,-0.125,23.22,-74.75,-3.25,-25.5,-0.003,0.017,0.013,-0.4,0.44,9.49,-0.33,0.38,-0.31,-0.22,0.05,9.8,0.0,0.0,0.0,0.0,0.0,5.0,1017.18,66.18,-18.27
2025-03-24 17:50:47.106000+00:00,,,,,355.5,-1.062,-0.125,23.22,-74.75,-3.25,-25.5,-0.003,0.017,0.013,-0.4,0.44,9.49,-0.33,0.38,-0.31,-0.22,0.05,9.8,0.0,0.0,0.0,0.0,0.0,5.0,1017.18,66.18,-18.27
2025-03-24 17:50:48.107000+00:00,,,,,355.5,-1.062,-0.125,23.22,-74.75,-3.25,-25.5,-0.003,0.017,0.013,-0.4,0.44,9.49,-0.33,0.38,-0.31,-0.22,0.05,9.8,0.0,0.0,0.0,0.0,0.0,5.0,1017.18,66.18,-18.27
2025-03-24 17:49:49.117000+00:00,,,,,355.5,-1.062,-0.125,23.22,-74.75,-3.25,-25.5,-0.003,0.017,0.013,-0.4,0.44,9.49,-0.33,0.38,-0.31,-0.22,0.05,9.8,0.0,0.0,0.0,0.0,0.0,5.0,1017.18,66.18,-18.27
2025-03-24 17:49:50.137000+00:00,,,,,355.5,-1.062,-0.125,23.22,-74.75,-3.25,-25.5,-0.003,0.017,0.013,-0.4,0.44,9.49,-0.33,0.38,-0.31,-0.22,0.05,9.8,0.0,0.0,0.0,0.0,0.0,5.0,1017.18,66.18,-18.27
2025-03-24 17:49:51.126000+00:00,,,,,355.5,-1.062,-0.125,23.22,-74.75,-3.25,-25.5,-0.003,0.017,0.013,-0.4,0.44,9.49,-0.33,0.38,-0.31,-0.22,0.05,9.8,0.0,0.0,0.0,0.0,0.0,5.0,1017.18,66.18,-18.27
2025-03-24 17:49:52.134000+00:00,,,,,355.5,-1.062,-0.125,23.22,-74.75,-3.25,-25.5,-0.003,0.017,0.013,-0.4,0.44,9.49,-0.33,0.38,-0.31,-0.22,0.05,9.8,0.0,0.0,0.0,0.0,0.0,5.0,1017.18,66.18,-18.27
2025-03-24 17:49:53.144000+00:00,,,,,355.5,-1.062,-0.125,23.22,-74.75,-3.25,-25.5,-0.003,0.017,0.013,-0.4,0.44,9.49,-0.33,0.38,-0.31,-0.22,0.05,9.8,0.0,0.0,0.0,0.0,0.0,5.0,1017.18,66.18,-18.27
2025-03-24 17:49:54.165000+00:00,,,,,355.5,-1.062,-0.125,23.22,-74.75,-3.25,-25.5,-0.003,0.017,0.013,-0.4,0.44,9.49,-0.33,0.38,-0.31,-0.22,0.05,9.8,0.0,0.0,0.0,0.0,0.0,5.0,1017.18,66.18,-18.27
2025-03-24 17:49:55.174000+00:00,,,,,355.5,-1.062,-0.125,23.22,-74.75,-3.25,-25.5,-0.003,0.017,0.013,-0.4,0.44,9.49,-0.33,0.38,-0.31,-0.22,0.05,9.8,0.0,0.0,0.0,0.0,0.0,5.0,1017.18,66.18,-18.27
2025-03-24 17:49:56.165000+00:00,,,,,355.5,-1.062,-0.125,23.22,-74.75,-3.25,-25.5,-0.003,0.017,0.013,-0.4,0.44,9.49,-0.33,0.38,-0.31,-0.22,0.05,9.8,0.0,0.0,0.0,0.0,0.0,5.0,1017.18,66.18,-18.27
2025-03-24 17:49:57.275000+00:00,,,,,355.5,-1.062,-0.125,23.22,-74.75,-3.25,-25.5,-0.003,0.017,0.013,-0.4,0.44,9.49,-0.33,0.38,-0.31,-0.22,0.05,9.8,0.0,0.0,0.0,0.0,0.0,5.0,1017.18,66.18,-18.27
2025-03-24 17:49:58.394000+00:00,,,,,355.5,-1.062,-0.125,23.22,-74.75,-3.25,-25.5,-0.003,0.017,0.013,-0.4,0.44,9.49,-0.33,0.38,-0.31,-0.22,0.05,9.8,0.0,0.0,0.0,0.0,0.0,5.0,1017.18,66.18,-18.27
2025-03-24 17:49:59.464000+00:00,,,,,355.5,-1.062,-0.125,23.22,-74.75,-3.25,-25.5,-0.003,0.017,0.013,-0.4,0.44,9.49,-0.33,0.38,-0.31,-0.22,0.05,9.8,0.0,0.0,0.0,0.0,0.0,5.0,1017.18,66.18,-18.27
2025-03-24 17:50:00.570000+00:00,,,,,355.5,-1.062,-0.125,23.22,-74.75,-3.25,-25.5,-0.003,0.017,0.013,-0.4,0.44,9.49,-0.33,0.38,-0.31,-0.22,0.05,9.8,0.0,0.0,0.0,0.0,0.0,5.0,1017.18,66.18,-18.27
2025-03-24 17:50:01.228000+00:00,,,,,355.5,-1.062,-0.125,23.22,-74.75,-3.25,-25.5,-0.003,0.017,0.013,-0.4,0.44,9.49,-0.33,0.38,-0.31,-0.22,0.05,9.8,0.0,0.0,0.0,0.0,0.0,5.0,1017.18,66.18,-18.27
2025-03-24 17:50:02.244000+00:00,,,,,355.5,-1.062,-0.125,23.22,-74.75,-3.25,-25.5,-0.003,0.017,0.013,-0.4,0.44,9.49,-0.33,0.38,-0.31,-0.22,0.05,9.8,0.0,0.0,0.0,0.0,0.0,5.0,1017.18,66.18,-18.27
2025-03-24 17:50:03.244000+00:00,,,,,355.5,-1.062,-0.125,23.22,-74.75,-3.25,-25.5,-0.003,0.017,0.013,-0.4,0.44,9.49,-0.33,0.38,-0.31,-0.22,0.05,9.8,0.0,0.0,0.0,0.0,0.0,5.0,1017.18,66.18,-18.27
2025-03-24 17:50:04.264000+00:00,,,,,355.5,-1.062,-0.125,23.22,-74.75,-3.25,-25.5,-0.003,0.017,0.013,-0.4,0.44,9.49,-0.33,0.38,-0.31,-0.22,0.05,9.8,0.0,0.0,0.0,0.0,0.0,5.0,1017.18,66.18,-18.27
2025-03-24 17:50:05.294000+00:00,,,,,355.5,-1.062,-0.125,23.22,-74.75,-3.25,-25.5,-0.003,0.017,0.013,-0.4,0.44,9.49,-0.33,0.38,-0.31,-0.22,0.05,9.8,0.0,0.0,0.0,0.0,0.0,5.0,1017.18,66.18,-18.27
2025-03-24 17:50:06.320000+00:00,,,,,355.5,-1.062,-0.125,23.22,-74.75,-3.25,-25.5,-0.003,0.017,0.013,-0.4,0.44,9.49,-0.33,0.38,-0.31,-0.22,0.05,9.8,0.0,0.0,0.0,0.0,0.0,5.0,1017.18,66.18,-18.27
2025-03-24 17:50:07.289000+00:00,,,,,355.5,-1.062,-0.125,23.22,-74.75,-3.25,-25.5,-0.003,0.017,0.013,-0.4,0.44,9.49,-0.33,0.38,-0.31,-0.22,0.05,9.8,0.0,0.0,0.0,0.0,0.0,5.0,1017.18,66.18,-18.27
2025-03-24 17:50:08.454000+00:00,,,,,355.5,-1.062,-0.125,23.22,-74.75,-3.25,-25.5,-0.003,0.017,0.013,-0.4,0.44,9.49,-0.33,0.38,-0.31,-0.22,0.05,9.8,0.0,0.0,0.0,0.0,0.0,5.0,1017.18,66.18,-18.27
2025-03-24 17:50:09.339000+00:00,,,,,355.5,-1.062,-0.125,23.22,-74.75,-3.25,-25.5,-0.003,0.017,0.013,-0.4,0.44,9.49,-0.33,0.38,-0.31,-0.22,0.05,9.8,0.0,0.0,0.0,0.0,0.0,5.0,1017.18,66.18,-18.27
2025-03-24 17:50:10.303000+00:00,,,,,355.5,-1.062,-0.125,23.22,-74.75,-3.25,-25.5,-0.003,0.017,0.013,-0.4,0.44,9.49,-0.33,0.38,-0.31,-0.22,0.05,9.8,0.0,0.0,0.0,0.0,0.0,5.0,1017.18,66.18,-18.27
2025-03-24 17:50:11.323000+00:00,,,,,355.5,-1.062,-0.125,23.22,-74.75,-3.25,-25.5,-0.003,0.017,0.013,-0.4,0.44,9.49,-0.33,0.38,-0.31,-0.22,0.05,9.8,0.0,0.0,0.0,0.0,0.0,5.0,1017.18,66.18,-18.27
2025-03-24 17:50:12.344000+00:00,,,,,355.5,-1.062,-0.125,23.22,-74.75,-3.25,-25.5,-0.003,0.017,0.013,-0.4,0.44,9.49,-0.33,0.38,-0.31,-0.22,0.05,9.8,0.0,0.0,0.0,0.0,0.0,5.0,1017.18,66.18,-18.27
2025-03-24 17:50:13.349000+00:00,,,,,355.5,-1.062,-0.125,23.22,-74.75,-3.25,-25.5,-0.003,0.017,0.013,-0.4,0.44,9.49,-0.33,0.38,-0.31,-0.22,0.05,9.8,0.0,0.0,0.0,0.0,0.0,5.0,1017.18,66.18,-18.27
2025-03-24 17:50:14.356000+00:00,,,,,355.5,-1.062,-0.125,23.22,-74.75,-3.25,-25.5,-0.003,0.017,0.013,-0.4,0.44,9.49,-0.33,0.38,-0.31,-0.22,0.05,9.8,0.0,0.0,0.0,0.0,0.0,5.0,1017.18,66.18,-18.27
2025-03-24 17:50:15.462000+00:00,,,,,355.5,-1.062,-0.125,23.22,-74.75,-3.25,-25.5,-0.003,0.017,0.013,-0.4,0.44,9.49,-0.33,0.38,-0.31,-0.22,0.05,9.8,0.0,0.0,0.0,0.0,0.0,5.0,1017.18,66.18,-18.27
2025-03-24 17:50:16.639000+00:00,,,,,355.5,-1.062,-0.125,23.22,-74.75,-3.25,-25.5,-0.003,0.017,0.013,-0.4,0.44,9.49,-0.33,0.38,-0.31,-0.22,0.05,9.8,0.0,0.0,0.0,0.0,0.0,5.0,1017.18,66.18,-18.27
2025-03-24 17:50:17.399000+00:00,,,,,355.5,-1.062,-0.125,23.22,-74.75,-3.25,-25.5,-0.003,0.017,0.013,-0.4,0.44,9.49,-0.33,0.38,-0.31,-0.22,0.05,9.8,0.0,0.0,0.0,0.0,0.0,5.0,1017.18,66.18,-18.27
2025-03-24 17:50:18.385000+00:00,,,,,355.5,-1.062,-0.125,23.22,-74.75,-3.25,-25.5,-0.003,0.017,0.013,-0.4,0.44,9.49,-0.33,0.38,-0.31,-0.22,0.05,9.8,0.0,0.0,0.0,0.0,0.0,5.0,1017.18,66.18,-18.27
2025-03-24 17:50:19.407000+00:00,,,,,355.5,-1.062,-0.125,23.22,-74.75,-3.25,-25.5,-0.003,0.017,0.013,-0.4,0.44,9.49,-0.33,0.38,-0.31,-0.22,0.05,9.8,0.0,0.0,0.0,0.0,0.0,5.0,1017.18,66.18,-18.27
2025-03-24 17:50:20.399000+00:00,,,,,355.5,-1.062,-0.125,23.22,-74.75,-3.25,-25.5,-0.003,0.017,0.013,-0.4,0.44,9.49,-0.33,0.38,-0.31,-0.22,0.05,9.8,0.0,0.0,0.0,0.0,0.0,5.0,1017.18,66.18,-18.27
2025-03-24 17:50:21.413000+00:00,,,,,355.5,-1.062,-0.125,23.22,-74.75,-3.25,-25.5,-0.003,0.017,0.013,-0.4,0.44,9.49,-0.33,0.38,-0.31,-0.22,0.05,9.8,0.0,0.0,0.0,0.0,0.0,5.0,1017.18,66.18,-18.27
2025-03-24 17:50:22.429000+00:00,,,,,355.5,-1.062,-0.125,23.22,-74.75,-3.25,-25.5,-0.003,0.017,0.013,-0.4,0.44,9.49,-0.33,0.38,-0.31,-0.22,0.05,9.8,0.0,0.0,0.0,0.0,0.0,5.0,1017.18,66.18,-18.27
2025-03-24 17:50:23.512000+00:00,,,,,355.5,-1.062,-0.125,23.22,-74.75,-3.25,-25.5,-0.003,0.017,0.013,-0.4,0.44,9.49,-0.33,0.38,-0.31,-0.22,0.05,9.8,0.0,0.0,0.0,0.0,0.0,5.0,1017.18,66.18,-18.27
2025-03-24 17:50:24.632000+00:00,,,,,355.5,-1.062,-0.125,23.22,-74.75,-3.25,-25.5,-0.003,0.017,0.013,-0.4,0.44,9.49,-0.33,0.38,-0.31,-0.22,0.05,9.8,0.0,0.0,0.0,0.0,0.0,5.0,1017.18,66.18,-18.27
2025-03-24 17:50:25.633000+00:00,,,,,355.5,-1.062,-0.125,23.22,-74.75,-3.25,-25.5,-0.003,0.017,0.013,-0.4,0.44,9.49,-0.33,0.38,-0.31,-0.22,0.05,9.8,0.0,0.0,0.0,0.0,0.0,5.0,1017.18,66.18,-18.27
2025-03-24 17:50:26.784000+00:00,,,,,355.5,-1.062,-0.125,23.22,-74.75,-3.25,-25.5,-0.003,0.017,0.013,-0.4,0.44,9.49,-0.33,0.38,-0.31,-0.22,0.05,9.8,0.0,0.0,0.0,0.0,0.0,5.0,1017.18,66.18,-18.27
2025-03-24 17:50:27.802000+00:00,,,,,355.5,-1.062,-0.125,23.22,-74.75,-3.25,-25.5,-0.003,0.017,0.013,-0.4,0.44,9.49,-0.33,0.38,-0.31,-0.22,0.05,9.8,0.0,0.0,0.0,0.0,0.0,5.0,1017.18,66.18,-18.27
2025-03-24 17:50:28.447000+00:00,,,,,355.5,-1.062,-0.125,23.22,-74.75,-3.25,-25.5,-0.003,0.017,0.013,-0.4,0.44,9.49,-0.33,0.38,-0.31,-0.22,0.05,9.8,0.0,0.0,0.0,0.0,0.0,5.0,1017.18,66.18,-18.27
2025-03-24 17:50:29.251000+00:00,,,,,355.5,-1.062,-0.125,23.22,-74.75,-3.25,-25.5,-0.003,0.017,0.013,-0.4,0.44,9.49,-0.33,0.38,-0.31,-0.22,0.05,9.8,0.0,0.0,0.0,0.0,0.0,5.0,1017.18,66.18,-18.27
2025-03-24 17:50:30.142000+00:00,,,,,355.5,-1.062,-0.125,23.22,-74.75,-3.25,-25.5,-0.003,0.017,0.013,-0.4,0.44,9.49,-0.33,0.38,-0.31,-0.22,0.05,9.8,0.0,0.0,0.0,0.0,0.0,5.0,1017.18,66.18,-18.27
2025-03-24 17:50:31.151000+00:00,,,,,355.5,-1.062,-0.125,23.22,-74.75,-3.25,-25.5,-0.003,0.017,0.013,-0.4,0.44,9.49,-0.33,0.38,-0.31,-0.22,0.05,9.8,0.0,0.0,0.0,0.0,0.0,5.0,1017.18,66.18,-18.27
2025-03-24 17:50:32.168000+00:00,,,,,355.5,-1.062,-0.125,23.22,-74.75,-3.25,-25.5,-0.003,0.017,0.013,-0.4,0.44,9.49,-0.33,0.38,-0.31,-0.22,0.05,9.8,0.0,0.0,0.0,0.0,0.0,5.0,1017.18,66.18,-18.27
2025-03-24 17:50:33.167000+00:00,,,,,355.5,-1.062,-0.125,23.22,-74.75,-3.25,-25.5,-0.003,0.017,0.013,-0.4,0.44,9.49,-0.33,0.38,-0.31,-0.22,0.05,9.8,0.0,0.0,0.0,0.0,0.0,5.0,1017.18,66.18,-18.27
2025-03-24 17:50:34.302000+00:00,,,,,355.5,-1.062,-0.125,23.22,-74.75,-3.25,-25.5,-0.003,0.017,0.013,-0.4,0.44,9.49,-0.33,0.38,-0.31,-0.22,0.05,9.8,0.0,0.0,0.0,0.0,0.0,5.0,1017.18,66.18,-18.27
2025-03-24 17:50:35.243000+00:00,,,,,355.5,-1.062,-0.125,23.22,-74.75,-3.25,-25.5,-0.003,0.017,0.013,-0.4,0.44,9.49,-0.33,0.38,-0.31,-0.22,0.05,9.8,0.0,0.0,0.0,0.0,0.0,5.0,1017.18,66.18,-18.27
2025-03-24 17:50:36.398000+00:00,,,,,355.5,-1.062,-0.125,23.22,-74.75,-3.25,-25.5,-0.003,0.017,0.013,-0.4,0.44,9.49,-0.33,0.38,-0.31,-0.22,0.05,9.8,0.0,0.0,0.0,0.0,0.0,5.0,1017.18,66.18,-18.27
2025-03-24 17:50:37.187000+00:00,,,,,355.5,-1.062,-0.125,23.22,-74.75,-3.25,-25.5,-0.003,0.017,0.013,-0.4,0.44,9.49,-0.33,0.38,-0.31,-0.22,0.05,9.8,0.0,0.0,0.0,0.0,0.0,5.0,1017.18,66.18,-18.27
2025-03-24 17:50:38.180000+00:00,,,,,355.5,-1.062,-0.125,23.22,-74.75,-3.25,-25.5,-0.003,0.017,0.013,-0.4,0.44,9.49,-0.33,0.38,-0.31,-0.22,0.05,9.8,0.0,0.0,0.0,0.0,0.0,5.0,1017.18,66.18,-18.27
2025-03-24 17:50:39.171000+00:00,,,,,355.5,-1.062,-0.125,23.22,-74.75,-3.25,-25.5,-0.003,0.017,0.013,-0.4,0.44,9.49,-0.33,0.38,-0.31,-0.22,0.05,9.8,0.0,0.0,0.0,0.0,0.0,5.0,1017.18,66.18,-18.27
2025-03-24 17:50:40.187000+00:00,,,,,355.5,-1.062,-0.125,23.22,-74.75,-3.25,-25.5,-0.003,0.017,0.013,-0.4,0.44,9.49,-0.33,0.38,-0.31,-0.22,0.05,9.8,0.0,0.0,0.0,0.0,0.0,5.0,1017.18,66.18,-18.27
2025-03-24 17:50:41.241000+00:00,,,,,355.5,-1.062,-0.125,23.22,-74.75,-3.25,-25.5,-0.003,0.017,0.013,-0.4,0.44,9.49,-0.33,0.38,-0.31,-0.22,0.05,9.8,0.0,0.0,0.0,0.0,0.0,5.0,1017.18,66.18,-18.27
2025-03-24 17:50:42.404000+00:00,,,,,355.5,-1.062,-0.125,23.22,-74.75,-3.25,-25.5,-0.003,0.017,0.013,-0.4,0.44,9.49,-0.33,0.38,-0.31,-0.22,0.05,9.8,0.0,0.0,0.0,0.0,0.0,5.0,1017.18,66.18,-18.27
2025-03-24 17:50:43.201000+00:00,,,,,355.5,-1.062,-0.125,23.22,-74.75,-3.25,-25.5,-0.003,0.017,0.013,-0.4,0.44,9.49,-0.33,0.38,-0.31,-0.22,0.05,9.8,0.0,0.0,0.0,0.0,0.0,5.0,1017.18,66.18,-18.27
2025-03-24 17:50:44.201000+00:00,,,,,355.5,-1.062,-0.125,23.22,-74.75,-3.25,-25.5,-0.003,0.017,0.013,-0.4,0.44,9.49,-0.33,0.38,-0.31,-0.22,0.05,9.8,0.0,0.0,0.0,0.0,0.0,5.0,1017.18,66.18,-18.27
2025-03-24 17:50:45.197000+00:00,,,,,355.5,-1.062,-0.125,23.22,-74.75,-3.25,-25.5,-0.003,0.017,0.013,-0.4,0.44,9.49,-0.33,0.38,-0.31,-0.22,0.05,9.8,0.0,0.0,0.0,0.0,0.0,5.0,1017.18,66.18,-18.27
2025-03-24 17:50:46.201000+00:00,,,,,355.5,-1.062,-0.125,23.22,-74.75,-3.25,-25.5,-0.003,0.017,0.013,-0.4,0.44,9.49,-0.33,0.38,-0.31,-0.22,0.05,9.8,0.0,0.0,0.0,0.0,0.0,5.0,1017.18,66.18,-18.27
2025-03-24 17:50:47.211000+00:00,,,,,355.5,-1.062,-0.125,23.22,-74.75,-3.25,-25.5,-0.003,0.017,0.013,-0.4,0.44,9.49,-0.33,0.38,-0.31,-0.22,0.05,9.8,0.0,0.0,0.0,0.0,0.0,5.0,1017.18,66.18,-18.27
2025-03-24 17:50:48.210000+00:00,,,,,355.5,-1.062,-0.125,23.22,-74.75,-3.25,-25.5,-0.003,0.017,0.013,-0.4,0.44,9.49,-0.33,0.38,-0.31,-0.22,0.05,9.8,0.0,0.0,0.0,0.0,0.0,5.0,1017.18,66.18,-18.27
2025-03-24 17:49:50.527000+00:00,,,,,355.5,-1.062,-0.125,23.22,-74.75,-3.25,-25.5,-0.003,0.017,0.013,-0.4,0.44,9.49,-0.33,0.38,-0.31,-0.22,0.05,9.8,0.0,0.0,0.0,0.0,0.0,5.0,1017.18,66.18,-18.27
2025-03-24 17:49:55.256000+00:00,,,,,355.5,-1.062,-0.125,23.22,-74.75,-3.25,-25.5,-0.003,0.017,0.013,-0.4,0.44,9.49,-0.33,0.38,-0.31,-0.22,0.05,9.8,0.0,0.0,0.0,0.0,0.0,5.0,1017.18,66.18,-18.27
2025-03-24 17:50:00.624000+00:00,,,,,355.5,-1.062,-0.125,23.22,-74.75,-3.25,-25.5,-0.003,0.017,0.013,-0.4,0.44,9.49,-0.33,0.38,-0.31,-0.22,0.05,9.8,0.0,0.0,0.0,0.0,0.0,5.0,1017.18,66.18,-18.27
2025-03-24 17:50:05.350000+00:00,,,,,355.5,-1.062,-0.125,23.22,-74.75,-3.25,-25.5,-0.003,0.017,0.013,-0.4,0.44,9.49,-0.33,0.38,-0.31,-0.22,0.05,9.8,0.0,0.0,0.0,0.0,0.0,5.0,1017.18,66.18,-18.27
2025-03-24 17:50:10.354000+00:00,,,,,355.5,-1.062,-0.125,23.22,-74.75,-3.25,-25.5,-0.003,0.017,0.013,-0.4,0.44,9.49,-0.33,0.38,-0.31,-0.22,0.05,9.8,0.0,0.0,0.0,0.0,0.0,5.0,1017.18,66.18,-18.27
2025-03-24 17:50:15.520000+00:00,,,,,355.5,-1.062,-0.125,23.22,-74.75,-3.25,-25.5,-0.003,0.017,0.013,-0.4,0.44,9.49,-0.33,0.38,-0.31,-0.22,0.05,9.8,0.0,0.0,0.0,0.0,0.0,5.0,1017.18,66.18,-18.27
2025-03-24 17:50:20.452000+00:00,,,,,355.5,-1.062,-0.125,23.22,-74.75,-3.25,-25.5,-0.003,0.017,0.013,-0.4,0.44,9.49,-0.33,0.38,-0.31,-0.22,0.05,9.8,0.0,0.0,0.0,0.0,0.0,5.0,1017.18,66.18,-18.27
2025-03-24 17:50:25.689000+00:00,,,,,355.5,-1.062,-0.125,23.22,-74.75,-3.25,-25.5,-0.003,0.017,0.013,-0.4,0.44,9.49,-0.33,0.38,-0.31,-0.22,0.05,9.8,0.0,0.0,0.0,0.0,0.0,5.0,1017.18,66.18,-18.27
2025-03-24 17:50:30.570000+00:00,,,,,355.5,-1.062,-0.125,23.22,-74.75,-3.25,-25.5,-0.003,0.017,0.013,-0.4,0.44,9.49,-0.33,0.38,-0.31,-0.22,0.05,9.8,0.0,0.0,0.0,0.0,0.0,5.0,1017.18,66.18,-18.27
2025-03-24 17:50:35.689000+00:00,,,,,355.5,-1.062,-0.125,23.22,-74.75,-3.25,-25.5,-0.003,0.017,0.013,-0.4,0.44,9.49,-0.33,0.38,-0.31,-0.22,0.05,9.8,0.0,0.0,0.0,0.0,0.0,5.0,1017.18,66.18,-18.27
2025-03-24 17:50:40.619000+00:00,,,,,355.5,-1.062,-0.125,23.22,-74.75,-3.25,-25.5,-0.003,0.017,0.013,-0.4,0.44,9.49,-0.33,0.38,-0.31,-0.22,0.05,9.8,0.0,0.0,0.0,0.0,0.0,5.0,1017.18,66.18,-18.27
2025-03-24 17:50:45.591000+00:00,,,,,355.5,-1.062,-0.125,23.22,-74.75,-3.25,-25.5,-0.003,0.017,0.013,-0.4,0.44,9.49,-0.33,0.38,-0.31,-0.22,0.05,9.8,0.0,0.0,0.0,0.0,0.0,5.0,1017.18,66.18,-18.27
2025-03-24 17:49:50.201000+00:00,,,,,355.5,-1.062,-0.125,23.22,-74.75,-3.25,-25.5,-0.003,0.017,0.013,-0.4,0.44,9.49,-0.33,0.38,-0.31,-0.22,0.05,9.8,0.0,0.0,0.0,0.0,0.0,5.0,1017.18,66.18,-18.27
2025-03-24 17:49:51.175000+00:00,,,,,355.5,-1.062,-0.125,23.22,-74.75,-3.25,-25.5,-0.003,0.017,0.013,-0.4,0.44,9.49,-0.33,0.38,-0.31,-0.22,0.05,9.8,0.0,0.0,0.0,0.0,0.0,5.0,1017.18,66.18,-18.27
2025-03-24 17:49:52.191000+00:00,,,,,355.5,-1.062,-0.125,23.22,-74.75,-3.25,-25.5,-0.003,0.017,0.013,-0.4,0.44,9.49,-0.33,0.38,-0.31,-0.22,0.05,9.8,0.0,0.0,0.0,0.0,0.0,5.0,1017.18,66.18,-18.27
2025-03-24 17:49:53.216000+00:00,,,,,355.5,-1.062,-0.125,23.22,-74.75,-3.25,-25.5,-0.003,0.017,0.013,-0.4,0.44,9.49,-0.33,0.38,-0.31,-0.22,0.05,9.8,0.0,0.0,0.0,0.0,0.0,5.0,1017.18,66.18,-18.27
2025-03-24 17:49:54.361000+00:00,,,,,355.5,-1.062,-0.125,23.22,-74.75,-3.25,-25.5,-0.003,0.017,0.013,-0.4,0.44,9.49,-0.33,0.38,-0.31,-0.22,0.05,9.8,0.0,0.0,0.0,0.0,0.0,5.0,1017.18,66.18,-18.27
2025-03-24 17:49:55.309000+00:00,,,,,355.5,-1.062,-0.125,23.22,-74.75,-3.25,-25.5,-0.003,0.017,0.013,-0.4,0.44,9.49,-0.33,0.38,-0.31,-0.22,0.05,9.8,0.0,0.0,0.0,0.0,0.0,5.0,1017.18,66.18,-18.27
2025-03-24 17:49:56.449000+00:00,,,,,355.5,-1.062,-0.125,23.22,-74.75,-3.25,-25.5,-0.003,0.017,0.013,-0.4,0.44,9.49,-0.33,0.38,-0.31,-0.22,0.05,9.8,0.0,0.0,0.0,0.0,0.0,5.0,1017.18,66.18,-18.27
2025-03-24 17:49:57.593000+00:00,,,,,355.5,-1.062,-0.125,23.22,-74.75,-3.25,-25.5,-0.003,0.017,0.013,-0.4,0.44,9.49,-0.33,0.38,-0.31,-0.22,0.05,9.8,0.0,0.0,0.0,0.0,0.0,5.0,1017.18,66.18,-18.27
2025-03-24 17:49:58.639000+00:00,,,,,355.5,-1.062,-0.125,23.22,-74.75,-3.25,-25.5,-0.003,0.017,0.013,-0.4,0.44,9.49,-0.33,0.38,-0.31,-0.22,0.05,9.8,0.0,0.0,0.0,0.0,0.0,5.0,1017.18,66.18,-18.27
2025-03-24 17:50:00.145000+00:00,,,,,355.5,-1.062,-0.125,23.22,-74.75,-3.25,-25.5,-0.003,0.017,0.013,-0.4,0.44,9.49,-0.33,0.38,-0.31,-0.22,0.05,9.8,0.0,0.0,0.0,0.0,0.0,5.0,1017.18,66.18,-18.27
2025-03-24 17:50:01.275000+00:00,,,,,355.5,-1.062,-0.125,23.22,-74.75,-3.25,-25.5,-0.003,0.017,0.013,-0.4,0.44,9.49,-0.33,0.38,-0.31,-0.22,0.05,9.8,0.0,0.0,0.0,0.0,0.0,5.0,1017.18,66.18,-18.27
2025-03-24 17:50:02.294000+00:00,,,,,355.5,-1.062,-0.125,23.22,-74.75,-3.25,-25.5,-0.003,0.017,0.013,-0.4,0.44,9.49,-0.33,0.38,-0.31,-0.22,0.05,9.8,0.0,0.0,0.0,0.0,0.0,5.0,1017.18,66.18,-18.27
2025-03-24 17:50:03.294000+00:00,,,,,355.5,-1.062,-0.125,23.22,-74.75,-3.25,-25.5,-0.003,0.017,0.013,-0.4,0.44,9.49,-0.33,0.38,-0.31,-0.22,0.05,9.8,0.0,0.0,0.0,0.0,0.0,5.0,1017.18,66.18,-18.27
2025-03-24 17:50:04.314000+00:00,,,,,355.5,-1.062,-0.125,23.22,-74.75,-3.25,-25.5,-0.003,0.017,0.013,-0.4,0.44,9.49,-0.33,0.38,-0.31,-0.22,0.05,9.8,0.0,0.0,0.0,0.0,0.0,5.0,1017.18,66.18,-18.27
2025-03-24 17:50:05.421000+00:00,,,,,355.5,-1.062,-0.125,23.22,-74.75,-3.25,-25.5,-0.003,0.017,0.013,-0.4,0.44,9.49,-0.33,0.38,-0.31,-0.22,0.05,9.8,0.0,0.0,0.0,0.0,0.0,5.0,1017.18,66.18,-18.27
2025-03-24 17:50:06.465000+00:00,,,,,355.5,-1.062,-0.125,23.22,-74.75,-3.25,-25.5,-0.003,0.017,0.013,-0.4,0.44,9.49,-0.33,0.38,-0.31,-0.22,0.05,9.8,0.0,0.0,0.0,0.0,0.0,5.0,1017.18,66.18,-18.27
2025-03-24 17:50:07.609000+00:00,,,,,355.5,-1.062,-0.125,23.22,-74.75,-3.25,-25.5,-0.003,0.017,0.013,-0.4,0.44,9.49,-0.33,0.38,-0.31,-0.22,0.05,9.8,0.0,0.0,0.0,0.0,0.0,5.0,1017.18,66.18,-18.27
2025-03-24 17:50:09.401000+00:00,,,,,355.5,-1.062,-0.125,23.22,-74.75,-3.25,-25.5,-0.003,0.017,0.013,-0.4,0.44,9.49,-0.33,0.38,-0.31,-0.22,0.05,9.8,0.0,0.0,0.0,0.0,0.0,5.0,1017.18,66.18,-18.27
2025-03-24 17:50:10.404000+00:00,,,,,355.5,-1.062,-0.125,23.22,-74.75,-3.25,-25.5,-0.003,0.017,0.013,-0.4,0.44,9.49,-0.33,0.38,-0.31,-0.22,0.05,9.8,0.0,0.0,0.0,0.0,0.0,5.0,1017.18,66.18,-18.27
2025-03-24 17:50:11.453000+00:00,,,,,355.5,-1.062,-0.125,23.22,-74.75,-3.25,-25.5,-0.003,0.017,0.013,-0.4,0.44,9.49,-0.33,0.38,-0.31,-0.22,0.05,9.8,0.0,0.0,0.0,0.0,0.0,5.0,1017.18,66.18,-18.27
2025-03-24 17:50:12.397000+00:00,,,,,355.5,-1.062,-0.125,23.22,-74.75,-3.25,-25.5,-0.003,0.017,0.013,-0.4,0.44,9.49,-0.33,0.38,-0.31,-0.22,0.05,9.8,0.0,0.0,0.0,0.0,0.0,5.0,1017.18,66.18,-18.27
2025-03-24 17:50:13.540000+00:00,,,,,355.5,-1.062,-0.125,23.22,-74.75,-3.25,-25.5,-0.003,0.017,0.013,-0.4,0.44,9.49,-0.33,0.38,-0.31,-0.22,0.05,9.8,0.0,0.0,0.0,0.0,0.0,5.0,1017.18,66.18,-18.27
2025-03-24 17:50:14.685000+00:00,,,,,355.5,-1.062,-0.125,23.22,-74.75,-3.25,-25.5,-0.003,0.017,0.013,-0.4,0.44,9.49,-0.33,0.38,-0.31,-0.22,0.05,9.8,0.0,0.0,0.0,0.0,0.0,5.0,1017.18,66.18,-18.27
2025-03-24 17:50:15.835000+00:00,,,,,355.5,-1.062,-0.125,23.22,-74.75,-3.25,-25.5,-0.003,0.017,0.013,-0.4,0.44,9.49,-0.33,0.38,-0.31,-0.22,0.05,9.8,0.0,0.0,0.0,0.0,0.0,5.0,1017.18,66.18,-18.27
2025-03-24 17:50:17.454000+00:00,,,,,355.5,-1.062,-0.125,23.22,-74.75,-3.25,-25.5,-0.003,0.017,0.013,-0.4,0.44,9.49,-0.33,0.38,-0.31,-0.22,0.05,9.8,0.0,0.0,0.0,0.0,0.0,5.0,1017.18,66.18,-18.27
2025-03-24 17:50:18.433000+00:00,,,,,355.5,-1.062,-0.125,23.22,-74.75,-3.25,-25.5,-0.003,0.017,0.013,-0.4,0.44,9.49,-0.33,0.38,-0.31,-0.22,0.05,9.8,0.0,0.0,0.0,0.0,0.0,5.0,1017.18,66.18,-18.27
2025-03-24 17:50:19.459000+00:00,,,,,355.5,-1.062,-0.125,23.22,-74.75,-3.25,-25.5,-0.003,0.017,0.013,-0.4,0.44,9.49,-0.33,0.38,-0.31,-0.22,0.05,9.8,0.0,0.0,0.0,0.0,0.0,5.0,1017.18,66.18,-18.27
2025-03-24 17:50:20.504000+00:00,,,,,355.5,-1.062,-0.125,23.22,-74.75,-3.25,-25.5,-0.003,0.017,0.013,-0.4,0.44,9.49,-0.33,0.38,-0.31,-0.22,0.05,9.8,0.0,0.0,0.0,0.0,0.0,5.0,1017.18,66.18,-18.27
2025-03-24 17:50:21.568000+00:00,,,,,355.5,-1.062,-0.125,23.22,-74.75,-3.25,-25.5,-0.003,0.017,0.013,-0.4,0.44,9.49,-0.33,0.38,-0.31,-0.22,0.05,9.8,0.0,0.0,0.0,0.0,0.0,5.0,1017.18,66.18,-18.27
2025-03-24 17:50:22.713000+00:00,,,,,355.5,-1.062,-0.125,23.22,-74.75,-3.25,-25.5,-0.003,0.017,0.013,-0.4,0.44,9.49,-0.33,0.38,-0.31,-0.22,0.05,9.8,0.0,0.0,0.0,0.0,0.0,5.0,1017.18,66.18,-18.27
2025-03-24 17:50:23.857000+00:00,,,,,355.5,-1.062,-0.125,23.22,-74.75,-3.25,-25.5,-0.003,0.017,0.013,-0.4,0.44,9.49,-0.33,0.38,-0.31,-0.22,0.05,9.8,0.0,0.0,0.0,0.0,0.0,5.0,1017.18,66.18,-18.27
2025-03-24 17:50:24.801000+00:00,,,,,355.5,-1.062,-0.125,23.22,-74.75,-3.25,-25.5,-0.003,0.017,0.013,-0.4,0.44,9.49,-0.33,0.38,-0.31,-0.22,0.05,9.8,0.0,0.0,0.0,0.0,0.0,5.0,1017.18,66.18,-18.27
2025-03-24 17:50:25.946000+00:00,,,,,355.5,-1.062,-0.125,23.22,-74.75,-3.25,-25.5,-0.003,0.017,0.013,-0.4,0.44,9.49,-0.33,0.38,-0.31,-0.22,0.05,9.8,0.0,0.0,0.0,0.0,0.0,5.0,1017.18,66.18,-18.27
2025-03-24 17:50:26.990000+00:00,,,,,355.5,-1.062,-0.125,23.22,-74.75,-3.25,-25.5,-0.003,0.017,0.013,-0.4,0.44,9.49,-0.33,0.38,-0.31,-0.22,0.05,9.8,0.0,0.0,0.0,0.0,0.0,5.0,1017.18,66.18,-18.27
2025-03-24 17:50:28.559000+00:00,,,,,355.5,-1.062,-0.125,23.22,-74.75,-3.25,-25.5,-0.003,0.017,0.013,-0.4,0.44,9.49,-0.33,0.38,-0.31,-0.22,0.05,9.8,0.0,0.0,0.0,0.0,0.0,5.0,1017.18,66.18,-18.27
2025-03-24 17:50:29.592000+00:00,,,,,355.5,-1.062,-0.125,23.22,-74.75,-3.25,-25.5,-0.003,0.017,0.013,-0.4,0.44,9.49,-0.33,0.38,-0.31,-0.22,0.05,9.8,0.0,0.0,0.0,0.0,0.0,5.0,1017.18,66.18,-18.27
2025-03-24 17:50:30.628000+00:00,,,,,355.5,-1.062,-0.125,23.22,-74.75,-3.25,-25.5,-0.003,0.017,0.013,-0.4,0.44,9.49,-0.33,0.38,-0.31,-0.22,0.05,9.8,0.0,0.0,0.0,0.0,0.0,5.0,1017.18,66.18,-18.27
2025-03-24 17:50:31.588000+00:00,,,,,355.5,-1.062,-0.125,23.22,-74.75,-3.25,-25.5,-0.003,0.017,0.013,-0.4,0.44,9.49,-0.33,0.38,-0.31,-0.22,0.05,9.8,0.0,0.0,0.0,0.0,0.0,5.0,1017.18,66.18,-18.27
2025-03-24 17:50:32.716000+00:00,,,,,355.5,-1.062,-0.125,23.22,-74.75,-3.25,-25.5,-0.003,0.017,0.013,-0.4,0.44,9.49,-0.33,0.38,-0.31,-0.22,0.05,9.8,0.0,0.0,0.0,0.0,0.0,5.0,1017.18,66.18,-18.27
2025-03-24 17:50:33.860000+00:00,,,,,355.5,-1.062,-0.125,23.22,-74.75,-3.25,-25.5,-0.003,0.017,0.013,-0.4,0.44,9.49,-0.33,0.38,-0.31,-0.22,0.05,9.8,0.0,0.0,0.0,0.0,0.0,5.0,1017.18,66.18,-18.27
2025-03-24 17:50:34.804000+00:00,,,,,355.5,-1.062,-0.125,23.22,-74.75,-3.25,-25.5,-0.003,0.017,0.013,-0.4,0.44,9.49,-0.33,0.38,-0.31,-0.22,0.05,9.8,0.0,0.0,0.0,0.0,0.0,5.0,1017.18,66.18,-18.27
2025-03-24 17:50:35.949000+00:00,,,,,355.5,-1.062,-0.125,23.22,-74.75,-3.25,-25.5,-0.003,0.017,0.013,-0.4,0.44,9.49,-0.33,0.38,-0.31,-0.22,0.05,9.8,0.0,0.0,0.0,0.0,0.0,5.0,1017.18,66.18,-18.27
2025-03-24 17:50:37.247000+00:00,,,,,355.5,-1.062,-0.125,23.22,-74.75,-3.25,-25.5,-0.003,0.017,0.013,-0.4,0.44,9.49,-0.33,0.38,-0.31,-0.22,0.05,9.8,0.0,0.0,0.0,0.0,0.0,5.0,1017.18,66.18,-18.27
2025-03-24 17:50:38.612000+00:00,,,,,355.5,-1.062,-0.125,23.22,-74.75,-3.25,-25.5,-0.003,0.017,0.013,-0.4,0.44,9.49,-0.33,0.38,-0.31,-0.22,0.05,9.8,0.0,0.0,0.0,0.0,0.0,5.0,1017.18,66.18,-18.27
2025-03-24 17:50:39.683000+00:00,,,,,355.5,-1.062,-0.125,23.22,-74.75,-3.25,-25.5,-0.003,0.017,0.013,-0.4,0.44,9.49,-0.33,0.38,-0.31,-0.22,0.05,9.8,0.0,0.0,0.0,0.0,0.0,5.0,1017.18,66.18,-18.27
2025-03-24 17:50:40.827000+00:00,,,,,355.5,-1.062,-0.125,23.22,-74.75,-3.25,-25.5,-0.003,0.017,0.013,-0.4,0.44,9.49,-0.33,0.38,-0.31,-0.22,0.05,9.8,0.0,0.0,0.0,0.0,0.0,5.0,1017.18,66.18,-18.27
2025-03-24 17:50:41.972000+00:00,,,,,355.5,-1.062,-0.125,23.22,-74.75,-3.25,-25.5,-0.003,0.017,0.013,-0.4,0.44,9.49,-0.33,0.38,-0.31,-0.22,0.05,9.8,0.0,0.0,0.0,0.0,0.0,5.0,1017.18,66.18,-18.27
2025-03-24 17:50:43.251000+00:00,,,,,355.5,-1.062,-0.125,23.22,-74.75,-3.25,-25.5,-0.003,0.017,0.013,-0.4,0.44,9.49,-0.33,0.38,-0.31,-0.22,0.05,9.8,0.0,0.0,0.0,0.0,0.0,5.0,1017.18,66.18,-18.27
2025-03-24 17:50:44.649000+00:00,,,,,355.5,-1.062,-0.125,23.22,-74.75,-3.25,-25.5,-0.003,0.017,0.013,-0.4,0.44,9.49,-0.33,0.38,-0.31,-0.22,0.05,9.8,0.0,0.0,0.0,0.0,0.0,5.0,1017.18,66.18,-18.27
2025-03-24 17:50:45.641000+00:00,,,,,355.5,-1.062,-0.125,23.22,-74.75,-3.25,-25.5,-0.003,0.017,0.013,-0.4,0.44,9.49,-0.33,0.38,-0.31,-0.22,0.05,9.8,0.0,0.0,0.0,0.0,0.0,5.0,1017.18,66.18,-18.27
2025-03-24 17:50:46.621000+00:00,,,,,355.5,-1.062,-0.125,23.22,-74.75,-3.25,-25.5,-0.003,0.017,0.013,-0.4,0.44,9.49,-0.33,0.38,-0.31,-0.22,0.05,9.8,0.0,0.0,0.0,0.0,0.0,5.0,1017.18,66.18,-18.27
2025-03-24 17:50:47.700000+00:00,,,,,355.5,-1.062,-0.125,23.22,-74.75,-3.25,-25.5,-0.003,0.017,0.013,-0.4,0.44,9.49,-0.33,0.38,-0.31,-0.22,0.05,9.8,0.0,0.0,0.0,0.0,0.0,5.0,1017.18,66.18,-18.27
2025-03-24 17:50:48.849000+00:00,,,,,355.5,-1.062,-0.125,23.22,-74.75,-3.25,-25.5,-0.003,0.017,0.013,-0.4,0.44,9.49,-0.33,0.38,-0.31,-0.22,0.05,9.8,0.0,0.0,0.0,0.0,0.0,5.0,1017.18,66.18,-18.27
2025-03-24 17:49:50.262000+00:00,,,,,355.5,-1.062,-0.125,23.22,-74.75,-3.25,-25.5,-0.003,0.017,0.013,-0.4,0.44,9.49,-0.33,0.38,-0.31,-0.22,0.05,9.8,0.0,0.0,0.0,0.0,0.0,5.0,1017.18,66.18,-18.27
2025-03-24 17:49:51.231000+00:00,,,,,355.5,-1.062,-0.125,23.22,-74.75,-3.25,-25.5,-0.003,0.017,0.013,-0.4,0.44,9.49,-0.33,0.38,-0.31,-0.22,0.05,9.8,0.0,0.0,0.0,0.0,0.0,5.0,1017.18,66.18,-18.27
2025-03-24 17:49:52.251000+00:00,,,,,355.5,-1.062,-0.125,23.22,-74.75,-3.25,-25.5,-0.003,0.017,0.013,-0.4,0.44,9.49,-0.33,0.38,-0.31,-0.22,0.05,9.8,0.0,0.0,0.0,0.0,0.0,5.0,1017.18,66.18,-18.27
2025-03-24 17:49:53.268000+00:00,,,,,355.5,-1.062,-0.125,23.22,-74.75,-3.25,-25.5,-0.003,0.017,0.013,-0.4,0.44,9.49,-0.33,0.38,-0.31,-0.22,0.05,9.8,0.0,0.0,0.0,0.0,0.0,5.0,1017.18,66.18,-18.27
2025-03-24 17:49:54.416000+00:00,,,,,355.5,-1.062,-0.125,23.22,-74.75,-3.25,-25.5,-0.003,0.017,0.013,-0.4,0.44,9.49,-0.33,0.38,-0.31,-0.22,0.05,9.8,0.0,0.0,0.0,0.0,0.0,5.0,1017.18,66.18,-18.27
2025-03-24 17:49:55.361000+00:00,,,,,355.5,-1.062,-0.125,23.22,-74.75,-3.25,-25.5,-0.003,0.017,0.013,-0.4,0.44,9.49,-0.33,0.38,-0.31,-0.22,0.05,9.8,0.0,0.0,0.0,0.0,0.0,5.0,1017.18,66.18,-18.27
2025-03-24 17:49:56.508000+00:00,,,,,355.5,-1.062,-0.125,23.22,-74.75,-3.25,-25.5,-0.003,0.017,0.013,-0.4,0.44,9.49,-0.33,0.38,-0.31,-0.22,0.05,9.8,0.0,0.0,0.0,0.0,0.0,5.0,1017.18,66.18,-18.27
2025-03-24 17:49:57.656000+00:00,,,,,355.5,-1.062,-0.125,23.22,-74.75,-3.25,-25.5,-0.003,0.017,0.013,-0.4,0.44,9.49,-0.33,0.38,-0.31,-0.22,0.05,9.8,0.0,0.0,0.0,0.0,0.0,5.0,1017.18,66.18,-18.27
2025-03-24 17:49:58.696000+00:00,,,,,355.5,-1.062,-0.125,23.22,-74.75,-3.25,-25.5,-0.003,0.017,0.013,-0.4,0.44,9.49,-0.33,0.38,-0.31,-0.22,0.05,9.8,0.0,0.0,0.0,0.0,0.0,5.0,1017.18,66.18,-18.27
2025-03-24 17:50:00.194000+00:00,,,,,355.5,-1.062,-0.125,23.22,-74.75,-3.25,-25.5,-0.003,0.017,0.013,-0.4,0.44,9.49,-0.33,0.38,-0.31,-0.22,0.05,9.8,0.0,0.0,0.0,0.0,0.0,5.0,1017.18,66.18,-18.27
2025-03-24 17:50:01.328000+00:00,,,,,355.5,-1.062,-0.125,23.22,-74.75,-3.25,-25.5,-0.003,0.017,0.013,-0.4,0.44,9.49,-0.33,0.38,-0.31,-0.22,0.05,9.8,0.0,0.0,0.0,0.0,0.0,5.0,1017.18,66.18,-18.27
2025-03-24 17:50:02.344000+00:00,,,,,355.5,-1.062,-0.125,23.22,-74.75,-3.25,-25.5,-0.003,0.017,0.013,-0.4,0.44,9.49,-0.33,0.38,-0.31,-0.22,0.05,9.8,0.0,0.0,0.0,0.0,0.0,5.0,1017.18,66.18,-18.27
2025-03-24 17:50:03.344000+00:00,,,,,355.5,-1.062,-0.125,23.22,-74.75,-3.25,-25.5,-0.003,0.017,0.013,-0.4,0.44,9.49,-0.33,0.38,-0.31,-0.22,0.05,9.8,0.0,0.0,0.0,0.0,0.0,5.0,1017.18,66.18,-18.27
2025-03-24 17:50:04.364000+00:00,,,,,355.5,-1.062,-0.125,23.22,-74.75,-3.25,-25.5,-0.003,0.017,0.013,-0.4,0.44,9.49,-0.33,0.38,-0.31,-0.22,0.05,9.8,0.0,0.0,0.0,0.0,0.0,5.0,1017.18,66.18,-18.27
2025-03-24 17:50:05.480000+00:00,,,,,355.5,-1.062,-0.125,23.22,-74.75,-3.25,-25.5,-0.003,0.017,0.013,-0.4,0.44,9.49,-0.33,0.38,-0.31,-0.22,0.05,9.8,0.0,0.0,0.0,0.0,0.0,5.0,1017.18,66.18,-18.27
2025-03-24 17:50:06.521000+00:00,,,,,355.5,-1.062,-0.125,23.22,-74.75,-3.25,-25.5,-0.003,0.017,0.013,-0.4,0.44,9.49,-0.33,0.38,-0.31,-0.22,0.05,9.8,0.0,0.0,0.0,0.0,0.0,5.0,1017.18,66.18,-18.27
2025-03-24 17:50:07.677000+00:00,,,,,355.5,-1.062,-0.125,23.22,-74.75,-3.25,-25.5,-0.003,0.017,0.013,-0.4,0.44,9.49,-0.33,0.38,-0.31,-0.22,0.05,9.8,0.0,0.0,0.0,0.0,0.0,5.0,1017.18,66.18,-18.27
2025-03-24 17:50:09.460000+00:00,,,,,355.5,-1.062,-0.125,23.22,-74.75,-3.25,-25.5,-0.003,0.017,0.013,-0.4,0.44,9.49,-0.33,0.38,-0.31,-0.22,0.05,9.8,0.0,0.0,0.0,0.0,0.0,5.0,1017.18,66.18,-18.27
2025-03-24 17:50:10.459000+00:00,,,,,355.5,-1.062,-0.125,23.22,-74.75,-3.25,-25.5,-0.003,0.017,0.013,-0.4,0.44,9.49,-0.33,0.38,-0.31,-0.22,0.05,9.8,0.0,0.0,0.0,0.0,0.0,5.0,1017.18,66.18,-18.27
2025-03-24 17:50:11.510000+00:00,,,,,355.5,-1.062,-0.125,23.22,-74.75,-3.25,-25.5,-0.003,0.017,0.013,-0.4,0.44,9.49,-0.33,0.38,-0.31,-0.22,0.05,9.8,0.0,0.0,0.0,0.0,0.0,5.0,1017.18,66.18,-18.27
2025-03-24 17:50:12.444000+00:00,,,,,355.5,-1.062,-0.125,23.22,-74.75,-3.25,-25.5,-0.003,0.017,0.013,-0.4,0.44,9.49,-0.33,0.38,-0.31,-0.22,0.05,9.8,0.0,0.0,0.0,0.0,0.0,5.0,1017.18,66.18,-18.27
2025-03-24 17:50:13.593000+00:00,,,,,355.5,-1.062,-0.125,23.22,-74.75,-3.25,-25.5,-0.003,0.017,0.013,-0.4,0.44,9.49,-0.33,0.38,-0.31,-0.22,0.05,9.8,0.0,0.0,0.0,0.0,0.0,5.0,1017.18,66.18,-18.27
2025-03-24 17:50:14.739000+00:00,,,,,355.5,-1.062,-0.125,23.22,-74.75,-3.25,-25.5,-0.003,0.017,0.013,-0.4,0.44,9.49,-0.33,0.38,-0.31,-0.22,0.05,9.8,0.0,0.0,0.0,0.0,0.0,5.0,1017.18,66.18,-18.27
2025-03-24 17:50:15.902000+00:00,,,,,355.5,-1.062,-0.125,23.22,-74.75,-3.25,-25.5,-0.003,0.017,0.013,-0.4,0.44,9.49,-0.33,0.38,-0.31,-0.22,0.05,9.8,0.0,0.0,0.0,0.0,0.0,5.0,1017.18,66.18,-18.27
2025-03-24 17:50:17.509000+00:00,,,,,355.5,-1.062,-0.125,23.22,-74.75,-3.25,-25.5,-0.003,0.017,0.013,-0.4,0.44,9.49,-0.33,0.38,-0.31,-0.22,0.05,9.8,0.0,0.0,0.0,0.0,0.0,5.0,1017.18,66.18,-18.27
2025-03-24 17:50:18.489000+00:00,,,,,355.5,-1.062,-0.125,23.22,-74.75,-3.25,-25.5,-0.003,0.017,0.013,-0.4,0.44,9.49,-0.33,0.38,-0.31,-0.22,0.05,9.8,0.0,0.0,0.0,0.0,0.0,5.0,1017.18,66.18,-18.27
2025-03-24 17:50:19.518000+00:00,,,,,355.5,-1.062,-0.125,23.22,-74.75,-3.25,-25.5,-0.003,0.017,0.013,-0.4,0.44,9.49,-0.33,0.38,-0.31,-0.22,0.05,9.8,0.0,0.0,0.0,0.0,0.0,5.0,1017.18,66.18,-18.27
2025-03-24 17:50:20.558000+00:00,,,,,355.5,-1.062,-0.125,23.22,-74.75,-3.25,-25.5,-0.003,0.017,0.013,-0.4,0.44,9.49,-0.33,0.38,-0.31,-0.22,0.05,9.8,0.0,0.0,0.0,0.0,0.0,5.0,1017.18,66.18,-18.27
2025-03-24 17:50:21.629000+00:00,,,,,355.5,-1.062,-0.125,23.22,-74.75,-3.25,-25.5,-0.003,0.017,0.013,-0.4,0.44,9.49,-0.33,0.38,-0.31,-0.22,0.05,9.8,0.0,0.0,0.0,0.0,0.0,5.0,1017.18,66.18,-18.27
2025-03-24 17:50:22.779000+00:00,,,,,355.5,-1.062,-0.125,23.22,-74.75,-3.25,-25.5,-0.003,0.017,0.013,-0.4,0.44,9.49,-0.33,0.38,-0.31,-0.22,0.05,9.8,0.0,0.0,0.0,0.0,0.0,5.0,1017.18,66.18,-18.27
2025-03-24 17:50:23.916000+00:00,,,,,355.5,-1.062,-0.125,23.22,-74.75,-3.25,-25.5,-0.003,0.017,0.013,-0.4,0.44,9.49,-0.33,0.38,-0.31,-0.22,0.05,9.8,0.0,0.0,0.0,0.0,0.0,5.0,1017.18,66.18,-18.27
2025-03-24 17:50:24.853000+00:00,,,,,355.5,-1.062,-0.125,23.22,-74.75,-3.25,-25.5,-0.003,0.017,0.013,-0.4,0.44,9.49,-0.33,0.38,-0.31,-0.22,0.05,9.8,0.0,0.0,0.0,0.0,0.0,5.0,1017.18,66.18,-18.27
2025-03-24 17:50:26.004000+00:00,,,,,355.5,-1.062,-0.125,23.22,-74.75,-3.25,-25.5,-0.003,0.017,0.013,-0.4,0.44,9.49,-0.33,0.38,-0.31,-0.22,0.05,9.8,0.0,0.0,0.0,0.0,0.0,5.0,1017.18,66.18,-18.27
2025-03-24 17:50:27.043000+00:00,,,,,355.5,-1.062,-0.125,23.22,-74.75,-3.25,-25.5,-0.003,0.017,0.013,-0.4,0.44,9.49,-0.33,0.38,-0.31,-0.22,0.05,9.8,0.0,0.0,0.0,0.0,0.0,5.0,1017.18,66.18,-18.27
2025-03-24 17:50:28.618000+00:00,,,,,355.5,-1.062,-0.125,23.22,-74.75,-3.25,-25.5,-0.003,0.017,0.013,-0.4,0.44,9.49,-0.33,0.38,-0.31,-0.22,0.05,9.8,0.0,0.0,0.0,0.0,0.0,5.0,1017.18,66.18,-18.27
2025-03-24 17:50:29.648000+00:00,,,,,355.5,-1.062,-0.125,23.22,-74.75,-3.25,-25.5,-0.003,0.017,0.013,-0.4,0.44,9.49,-0.33,0.38,-0.31,-0.22,0.05,9.8,0.0,0.0,0.0,0.0,0.0,5.0,1017.18,66.18,-18.27
2025-03-24 17:50:30.686000+00:00,,,,,355.5,-1.062,-0.125,23.22,-74.75,-3.25,-25.5,-0.003,0.017,0.013,-0.4,0.44,9.49,-0.33,0.38,-0.31,-0.22,0.05,9.8,0.0,0.0,0.0,0.0,0.0,5.0,1017.18,66.18,-18.27
2025-03-24 17:50:31.643000+00:00,,,,,355.5,-1.062,-0.125,23.22,-74.75,-3.25,-25.5,-0.003,0.017,0.013,-0.4,0.44,9.49,-0.33,0.38,-0.31,-0.22,0.05,9.8,0.0,0.0,0.0,0.0,0.0,5.0,1017.18,66.18,-18.27
2025-03-24 17:50:32.761000+00:00,,,,,355.5,-1.062,-0.125,23.22,-74.75,-3.25,-25.5,-0.003,0.017,0.013,-0.4,0.44,9.49,-0.33,0.38,-0.31,-0.22,0.05,9.8,0.0,0.0,0.0,0.0,0.0,5.0,1017.18,66.18,-18.27
2025-03-24 17:50:33.926000+00:00,,,,,355.5,-1.062,-0.125,23.22,-74.75,-3.25,-25.5,-0.003,0.017,0.013,-0.4,0.44,9.49,-0.33,0.38,-0.31,-0.22,0.05,9.8,0.0,0.0,0.0,0.0,0.0,5.0,1017.18,66.18,-18.27
2025-03-24 17:50:34.858000+00:00,,,,,355.5,-1.062,-0.125,23.22,-74.75,-3.25,-25.5,-0.003,0.017,0.013,-0.4,0.44,9.49,-0.33,0.38,-0.31,-0.22,0.05,9.8,0.0,0.0,0.0,0.0,0.0,5.0,1017.18,66.18,-18.27
2025-03-24 17:50:36.004000+00:00,,,,,355.5,-1.062,-0.125,23.22,-74.75,-3.25,-25.5,-0.003,0.017,0.013,-0.4,0.44,9.49,-0.33,0.38,-0.31,-0.22,0.05,9.8,0.0,0.0,0.0,0.0,0.0,5.0,1017.18,66.18,-18.27
2025-03-24 17:50:37.307000+00:00,,,,,355.5,-1.062,-0.125,23.22,-74.75,-3.25,-25.5,-0.003,0.017,0.013,-0.4,0.44,9.49,-0.33,0.38,-0.31,-0.22,0.05,9.8,0.0,0.0,0.0,0.0,0.0,5.0,1017.18,66.18,-18.27
2025-03-24 17:50:38.667000+00:00,,,,,355.5,-1.062,-0.125,23.22,-74.75,-3.25,-25.5,-0.003,0.017,0.013,-0.4,0.44,9.49,-0.33,0.38,-0.31,-0.22,0.05,9.8,0.0,0.0,0.0,0.0,0.0,5.0,1017.18,66.18,-18.27
2025-03-24 17:50:39.731000+00:00,,,,,355.5,-1.062,-0.125,23.22,-74.75,-3.25,-25.5,-0.003,0.017,0.013,-0.4,0.44,9.49,-0.33,0.38,-0.31,-0.22,0.05,9.8,0.0,0.0,0.0,0.0,0.0,5.0,1017.18,66.18,-18.27
2025-03-24 17:50:40.881000+00:00,,,,,355.5,-1.062,-0.125,23.22,-74.75,-3.25,-25.5,-0.003,0.017,0.013,-0.4,0.44,9.49,-0.33,0.38,-0.31,-0.22,0.05,9.8,0.0,0.0,0.0,0.0,0.0,5.0,1017.18,66.18,-18.27
2025-03-24 17:50:42.035000+00:00,,,,,355.5,-1.062,-0.125,23.22,-74.75,-3.25,-25.5,-0.003,0.017,0.013,-0.4,0.44,9.49,-0.33,0.38,-0.31,-0.22,0.05,9.8,0.0,0.0,0.0,0.0,0.0,5.0,1017.18,66.18,-18.27
2025-03-24 17:50:43.301000+00:00,,,,,355.5,-1.062,-0.125,23.22,-74.75,-3.25,-25.5,-0.003,0.017,0.013,-0.4,0.44,9.49,-0.33,0.38,-0.31,-0.22,0.05,9.8,0.0,0.0,0.0,0.0,0.0,5.0,1017.18,66.18,-18.27
2025-03-24 17:50:44.707000+00:00,,,,,355.5,-1.062,-0.125,23.22,-74.75,-3.25,-25.5,-0.003,0.017,0.013,-0.4,0.44,9.49,-0.33,0.38,-0.31,-0.22,0.05,9.8,0.0,0.0,0.0,0.0,0.0,5.0,1017.18,66.18,-18.27
2025-03-24 17:50:45.691000+00:00,,,,,355.5,-1.062,-0.125,23.22,-74.75,-3.25,-25.5,-0.003,0.017,0.013,-0.4,0.44,9.49,-0.33,0.38,-0.31,-0.22,0.05,9.8,0.0,0.0,0.0,0.0,0.0,5.0,1017.18,66.18,-18.27
2025-03-24 17:50:46.687000+00:00,,,,,355.5,-1.062,-0.125,23.22,-74.75,-3.25,-25.5,-0.003,0.017,0.013,-0.4,0.44,9.49,-0.33,0.38,-0.31,-0.22,0.05,9.8,0.0,0.0,0.0,0.0,0.0,5.0,1017.18,66.18,-18.27
2025-03-24 17:50:47.757000+00:00,,,,,355.5,-1.062,-0.125,23.22,-74.75,-3.25,-25.5,-0.003,0.017,0.013,-0.4,0.44,9.49,-0.33,0.38,-0.31,-0.22,0.05,9.8,0.0,0.0,0.0,0.0,0.0,5.0,1017.18,66.18,-18.27
2025-03-24 17:50:48.912000+00:00,,,,,355.5,-1.062,-0.125,23.22,-74.75,-3.25,-25.5,-0.003,0.017,0.013,-0.4,0.44,9.49,-0.33,0.38,-0.31,-0.22,0.05,9.8,0.0,0.0,0.0,0.0,0.0,5.0,1017.18,66.18,-18.27
2025-03-24 17:49:49.375000+00:00,,,,,355.5,-1.062,-0.125,23.22,-74.75,-3.25,-25.5,-0.003,0.017,0.013,-0.4,0.44,9.49,-0.33,0.38,-0.31,-0.22,0.05,9.8,0.0,0.0,0.0,0.0,0.0,5.0,1017.18,66.18,-18.27
2025-03-24 17:49:50.415000+00:00,,,,,355.5,-1.062,-0.125,23.22,-74.75,-3.25,-25.5,-0.003,0.017,0.013,-0.4,0.44,9.49,-0.33,0.38,-0.31,-0.22,0.05,9.8,0.0,0.0,0.0,0.0,0.0,5.0,1017.18,66.18,-18.27
2025-03-24 17:49:51.401000+00:00,,,,,355.5,-1.062,-0.125,23.22,-74.75,-3.25,-25.5,-0.003,0.017,0.013,-0.4,0.44,9.49,-0.33,0.38,-0.31,-0.22,0.05,9.8,0.0,0.0,0.0,0.0,0.0,5.0,1017.18,66.18,-18.27
2025-03-24 17:49:52.425000+00:00,,,,,355.5,-1.062,-0.125,23.22,-74.75,-3.25,-25.5,-0.003,0.017,0.013,-0.4,0.44,9.49,-0.33,0.38,-0.31,-0.22,0.05,9.8,0.0,0.0,0.0,0.0,0.0,5.0,1017.18,66.18,-18.27
2025-03-24 17:49:53.414000+00:00,,,,,355.5,-1.062,-0.125,23.22,-74.75,-3.25,-25.5,-0.003,0.017,0.013,-0.4,0.44,9.49,-0.33,0.38,-0.31,-0.22,0.05,9.8,0.0,0.0,0.0,0.0,0.0,5.0,1017.18,66.18,-18.27
2025-03-24 17:49:54.564000+00:00,,,,,355.5,-1.062,-0.125,23.22,-74.75,-3.25,-25.5,-0.003,0.017,0.013,-0.4,0.44,9.49,-0.33,0.38,-0.31,-0.22,0.05,9.8,0.0,0.0,0.0,0.0,0.0,5.0,1017.18,66.18,-18.27
2025-03-24 17:49:55.521000+00:00,,,,,355.5,-1.062,-0.125,23.22,-74.75,-3.25,-25.5,-0.003,0.017,0.013,-0.4,0.44,9.49,-0.33,0.38,-0.31,-0.22,0.05,9.8,0.0,0.0,0.0,0.0,0.0,5.0,1017.18,66.18,-18.27
2025-03-24 17:49:56.676000+00:00,,,,,355.5,-1.062,-0.125,23.22,-74.75,-3.25,-25.5,-0.003,0.017,0.013,-0.4,0.44,9.49,-0.33,0.38,-0.31,-0.22,0.05,9.8,0.0,0.0,0.0,0.0,0.0,5.0,1017.18,66.18,-18.27
2025-03-24 17:49:57.809000+00:00,,,,,355.5,-1.062,-0.125,23.22,-74.75,-3.25,-25.5,-0.003,0.017,0.013,-0.4,0.44,9.49,-0.33,0.38,-0.31,-0.22,0.05,9.8,0.0,0.0,0.0,0.0,0.0,5.0,1017.18,66.18,-18.27
2025-03-24 17:49:58.854000+00:00,,,,,355.5,-1.062,-0.125,23.22,-74.75,-3.25,-25.5,-0.003,0.017,0.013,-0.4,0.44,9.49,-0.33,0.38,-0.31,-0.22,0.05,9.8,0.0,0.0,0.0,0.0,0.0,5.0,1017.18,66.18,-18.27
2025-03-24 17:50:00.367000+00:00,,,,,355.5,-1.062,-0.125,23.22,-74.75,-3.25,-25.5,-0.003,0.017,0.013,-0.4,0.44,9.49,-0.33,0.38,-0.31,-0.22,0.05,9.8,0.0,0.0,0.0,0.0,0.0,5.0,1017.18,66.18,-18.27
2025-03-24 17:50:01.484000+00:00,,,,,355.5,-1.062,-0.125,23.22,-74.75,-3.25,-25.5,-0.003,0.017,0.013,-0.4,0.44,9.49,-0.33,0.38,-0.31,-0.22,0.05,9.8,0.0,0.0,0.0,0.0,0.0,5.0,1017.18,66.18,-18.27
2025-03-24 17:50:02.520000+00:00,,,,,355.5,-1.062,-0.125,23.22,-74.75,-3.25,-25.5,-0.003,0.017,0.013,-0.4,0.44,9.49,-0.33,0.38,-0.31,-0.22,0.05,9.8,0.0,0.0,0.0,0.0,0.0,5.0,1017.18,66.18,-18.27
2025-03-24 17:50:03.494000+00:00,,,,,355.5,-1.062,-0.125,23.22,-74.75,-3.25,-25.5,-0.003,0.017,0.013,-0.4,0.44,9.49,-0.33,0.38,-0.31,-0.22,0.05,9.8,0.0,0.0,0.0,0.0,0.0,5.0,1017.18,66.18,-18.27
2025-03-24 17:50:04.528000+00:00,,,,,355.5,-1.062,-0.125,23.22,-74.75,-3.25,-25.5,-0.003,0.017,0.013,-0.4,0.44,9.49,-0.33,0.38,-0.31,-0.22,0.05,9.8,0.0,0.0,0.0,0.0,0.0,5.0,1017.18,66.18,-18.27
2025-03-24 17:50:05.660000+00:00,,,,,355.5,-1.062,-0.125,23.22,-74.75,-3.25,-25.5,-0.003,0.017,0.013,-0.4,0.44,9.49,-0.33,0.38,-0.31,-0.22,0.05,9.8,0.0,0.0,0.0,0.0,0.0,5.0,1017.18,66.18,-18.27
2025-03-24 17:50:06.698000+00:00,,,,,355.5,-1.062,-0.125,23.22,-74.75,-3.25,-25.5,-0.003,0.017,0.013,-0.4,0.44,9.49,-0.33,0.38,-0.31,-0.22,0.05,9.8,0.0,0.0,0.0,0.0,0.0,5.0,1017.18,66.18,-18.27
2025-03-24 17:50:07.850000+00:00,,,,,355.5,-1.062,-0.125,23.22,-74.75,-3.25,-25.5,-0.003,0.017,0.013,-0.4,0.44,9.49,-0.33,0.38,-0.31,-0.22,0.05,9.8,0.0,0.0,0.0,0.0,0.0,5.0,1017.18,66.18,-18.27
2025-03-24 17:50:09.640000+00:00,,,,,355.5,-1.062,-0.125,23.22,-74.75,-3.25,-25.5,-0.003,0.017,0.013,-0.4,0.44,9.49,-0.33,0.38,-0.31,-0.22,0.05,9.8,0.0,0.0,0.0,0.0,0.0,5.0,1017.18,66.18,-18.27
2025-03-24 17:50:10.629000+00:00,,,,,355.5,-1.062,-0.125,23.22,-74.75,-3.25,-25.5,-0.003,0.017,0.013,-0.4,0.44,9.49,-0.33,0.38,-0.31,-0.22,0.05,9.8,0.0,0.0,0.0,0.0,0.0,5.0,1017.22,66.18,-18.27
2025-03-24 17:50:11.689000+00:00,,,,,355.5,-1.062,-0.125,23.22,-74.75,-3.25,-25.5,-0.003,0.017,0.013,-0.4,0.44,9.49,-0.33,0.38,-0.31,-0.22,0.05,9.8,0.0,0.0,0.0,0.0,0.0,5.0,1017.22,66.18,-18.27
2025-03-24 17:50:12.619000+00:00,,,,,355.5,-1.062,-0.125,23.22,-74.75,-3.25,-25.5,-0.003,0.017,0.013,-0.4,0.44,9.49,-0.33,0.38,-0.31,-0.22,0.05,9.8,0.0,0.0,0.0,0.0,0.0,5.0,1017.22,66.18,-18.27
2025-03-24 17:50:13.747000+00:00,,,,,355.5,-1.062,-0.125,23.22,-74.75,-3.25,-25.5,-0.003,0.017,0.013,-0.4,0.44,9.49,-0.33,0.38,-0.31,-0.22,0.05,9.8,0.0,0.0,0.0,0.0,0.0,5.0,1017.22,66.18,-18.27
2025-03-24 17:50:14.892000+00:00,,,,,355.5,-1.062,-0.125,23.22,-74.75,-3.25,-25.5,-0.003,0.017,0.013,-0.4,0.44,9.49,-0.33,0.38,-0.31,-0.22,0.05,9.8,0.0,0.0,0.0,0.0,0.0,5.0,1017.22,66.18,-18.27
2025-03-24 17:50:16.052000+00:00,,,,,355.5,-1.062,-0.125,23.22,-74.75,-3.25,-25.5,-0.003,0.017,0.013,-0.4,0.44,9.49,-0.33,0.38,-0.31,-0.22,0.05,9.8,0.0,0.0,0.0,0.0,0.0,5.0,1017.22,66.18,-18.27
2025-03-24 17:50:17.689000+00:00,,,,,355.5,-1.062,-0.125,23.22,-74.75,-3.25,-25.5,-0.003,0.017,0.013,-0.4,0.44,9.49,-0.33,0.38,-0.31,-0.22,0.05,9.8,0.0,0.0,0.0,0.0,0.0,5.0,1017.22,66.18,-18.27
2025-03-24 17:50:18.669000+00:00,,,,,355.5,-1.062,-0.125,23.22,-74.75,-3.25,-25.5,-0.003,0.017,0.013,-0.4,0.44,9.49,-0.33,0.38,-0.31,-0.22,0.05,9.8,0.0,0.0,0.0,0.0,0.0,5.0,1017.22,66.18,-18.27
2025-03-24 17:50:19.699000+00:00,,,,,355.5,-1.062,-0.125,23.22,-74.75,-3.25,-25.5,-0.003,0.017,0.013,-0.4,0.44,9.49,-0.33,0.38,-0.31,-0.22,0.05,9.8,0.0,0.0,0.0,0.0,0.0,5.0,1017.22,66.18,-18.27
2025-03-24 17:50:20.729000+00:00,,,,,355.5,-1.062,-0.125,23.22,-74.75,-3.25,-25.5,-0.003,0.017,0.013,-0.4,0.44,9.49,-0.33,0.38,-0.31,-0.22,0.05,9.8,0.0,0.0,0.0,0.0,0.0,5.0,1017.22,66.18,-18.27
2025-03-24 17:50:21.804000+00:00,,,,,355.5,-1.062,-0.125,23.22,-74.75,-3.25,-25.5,-0.003,0.017,0.013,-0.4,0.44,9.49,-0.33,0.38,-0.31,-0.22,0.05,9.8,0.0,0.0,0.0,0.0,0.0,5.0,1017.22,66.18,-18.27
2025-03-24 17:50:22.939000+00:00,,,,,355.5,-1.062,-0.125,23.22,-74.75,-3.25,-25.5,-0.003,0.017,0.013,-0.4,0.44,9.49,-0.33,0.38,-0.31,-0.22,0.05,9.8,0.0,0.0,0.0,0.0,0.0,5.0,1017.22,66.18,-18.27
2025-03-24 17:50:24.063000+00:00,,,,,355.5,-1.062,-0.125,23.22,-74.75,-3.25,-25.5,-0.003,0.017,0.013,-0.4,0.44,9.49,-0.33,0.38,-0.31,-0.22,0.05,9.8,0.0,0.0,0.0,0.0,0.0,5.0,1017.22,66.18,-18.27
2025-03-24 17:50:25.029000+00:00,,,,,355.5,-1.062,-0.125,23.22,-74.75,-3.25,-25.5,-0.003,0.017,0.013,-0.4,0.44,9.49,-0.33,0.38,-0.31,-0.22,0.05,9.8,0.0,0.0,0.0,0.0,0.0,5.0,1017.22,66.18,-18.27
2025-03-24 17:50:26.162000+00:00,,,,,355.5,-1.062,-0.125,23.22,-74.75,-3.25,-25.5,-0.003,0.017,0.013,-0.4,0.44,9.49,-0.33,0.38,-0.31,-0.22,0.05,9.8,0.0,0.0,0.0,0.0,0.0,5.0,1017.22,66.18,-18.27
2025-03-24 17:50:27.198000+00:00,,,,,355.5,-1.062,-0.125,23.22,-74.75,-3.25,-25.5,-0.003,0.017,0.013,-0.4,0.44,9.49,-0.33,0.38,-0.31,-0.22,0.05,9.8,0.0,0.0,0.0,0.0,0.0,5.0,1017.22,66.18,-18.27
2025-03-24 17:50:28.794000+00:00,,,,,355.5,-1.062,-0.125,23.22,-74.75,-3.25,-25.5,-0.003,0.017,0.013,-0.4,0.44,9.49,-0.33,0.38,-0.31,-0.22,0.05,9.8,0.0,0.0,0.0,0.0,0.0,5.0,1017.22,66.18,-18.27
2025-03-24 17:50:29.808000+00:00,,,,,355.5,-1.062,-0.125,23.22,-74.75,-3.25,-25.5,-0.003,0.017,0.013,-0.4,0.44,9.49,-0.33,0.38,-0.31,-0.22,0.05,9.8,0.0,0.0,0.0,0.0,0.0,5.0,1017.22,66.18,-18.27
2025-03-24 17:50:30.831000+00:00,,,,,355.5,-1.062,-0.125,23.22,-74.75,-3.25,-25.5,-0.003,0.017,0.013,-0.4,0.44,9.49,-0.33,0.38,-0.31,-0.22,0.05,9.8,0.0,0.0,0.0,0.0,0.0,5.0,1017.22,66.18,-18.27
2025-03-24 17:50:31.803000+00:00,,,,,355.5,-1.062,-0.125,23.22,-74.75,-3.25,-25.5,-0.003,0.017,0.013,-0.4,0.44,9.49,-0.33,0.38,-0.31,-0.22,0.05,9.8,0.0,0.0,0.0,0.0,0.0,5.0,1017.22,66.18,-18.27
2025-03-24 17:50:32.938000+00:00,,,,,355.5,-1.062,-0.125,23.22,-74.75,-3.25,-25.5,-0.003,0.017,0.013,-0.4,0.44,9.49,-0.33,0.38,-0.31,-0.22,0.05,9.8,0.0,0.0,0.0,0.0,0.0,5.0,1017.22,66.18,-18.27
2025-03-24 17:50:34.087000+00:00,,,,,355.5,-1.062,-0.125,23.22,-74.75,-3.25,-25.5,-0.003,0.017,0.013,-0.4,0.44,9.49,-0.33,0.38,-0.31,-0.22,0.05,9.8,0.0,0.0,0.0,0.0,0.0,5.0,1017.22,66.18,-18.27
2025-03-24 17:50:35.027000+00:00,,,,,355.5,-1.062,-0.125,23.22,-74.75,-3.25,-25.5,-0.003,0.017,0.013,-0.4,0.44,9.49,-0.33,0.38,-0.31,-0.22,0.05,9.8,0.0,0.0,0.0,0.0,0.0,5.0,1017.22,66.18,-18.27
2025-03-24 17:50:36.167000+00:00,,,,,355.5,-1.062,-0.125,23.22,-74.75,-3.25,-25.5,-0.003,0.017,0.013,-0.4,0.44,9.49,-0.33,0.38,-0.31,-0.22,0.05,9.8,0.0,0.0,0.0,0.0,0.0,5.0,1017.22,66.18,-18.27
2025-03-24 17:50:37.467000+00:00,,,,,355.5,-1.062,-0.125,23.22,-74.75,-3.25,-25.5,-0.003,0.017,0.013,-0.4,0.44,9.49,-0.33,0.38,-0.31,-0.22,0.05,9.8,0.0,0.0,0.0,0.0,0.0,5.0,1017.22,66.18,-18.27
2025-03-24 17:50:38.838000+00:00,,,,,355.5,-1.062,-0.125,23.22,-74.75,-3.25,-25.5,-0.003,0.017,0.013,-0.4,0.44,9.49,-0.33,0.38,-0.31,-0.22,0.05,9.8,0.0,0.0,0.0,0.0,0.0,5.0,1017.22,66.18,-18.27
2025-03-24 17:50:39.897000+00:00,,,,,355.5,-1.062,-0.125,23.22,-74.75,-3.25,-25.5,-0.003,0.017,0.013,-0.4,0.44,9.49,-0.33,0.38,-0.31,-0.22,0.05,9.8,0.0,0.0,0.0,0.0,0.0,5.0,1017.2,66.18,-18.27
2025-03-24 17:50:41.031000+00:00,,,,,355.5,-1.062,-0.125,23.22,-74.75,-3.25,-25.5,-0.003,0.017,0.013,-0.4,0.44,9.49,-0.33,0.38,-0.31,-0.22,0.05,9.8,0.0,0.0,0.0,0.0,0.0,5.0,1017.2,66.18,-18.27
2025-03-24 17:50:42.191000+00:00,,,,,355.5,-1.062,-0.125,23.22,-74.75,-3.25,-25.5,-0.003,0.017,0.013,-0.4,0.44,9.49,-0.33,0.38,-0.31,-0.22,0.05,9.8,0.0,0.0,0.0,0.0,0.0,5.0,1017.2,66.18,-18.27
2025-03-24 17:50:43.465000+00:00,,,,,355.5,-1.062,-0.125,23.22,-74.75,-3.25,-25.5,-0.003,0.017,0.013,-0.4,0.44,9.49,-0.33,0.38,-0.31,-0.22,0.05,9.8,0.0,0.0,0.0,0.0,0.0,5.0,1017.2,66.18,-18.27
2025-03-24 17:50:44.887000+00:00,,,,,355.5,-1.062,-0.125,23.22,-74.75,-3.25,-25.5,-0.003,0.017,0.013,-0.4,0.44,9.49,-0.33,0.38,-0.31,-0.22,0.05,9.8,0.0,0.0,0.0,0.0,0.0,5.0,1017.2,66.18,-18.27
2025-03-24 17:50:45.842000+00:00,,,,,355.5,-1.062,-0.125,23.22,-74.75,-3.25,-25.5,-0.003,0.017,0.013,-0.4,0.44,9.49,-0.33,0.38,-0.31,-0.22,0.05,9.8,0.0,0.0,0.0,0.0,0.0,5.0,1017.2,66.18,-18.27
2025-03-24 17:50:46.861000+00:00,,,,,355.5,-1.062,-0.125,23.22,-74.75,-3.25,-25.5,-0.003,0.017,0.013,-0.4,0.44,9.49,-0.33,0.38,-0.31,-0.22,0.05,9.8,0.0,0.0,0.0,0.0,0.0,5.0,1017.2,66.18,-18.27
2025-03-24 17:50:47.917000+00:00,,,,,355.5,-1.062,-0.125,23.22,-74.75,-3.25,-25.5,-0.003,0.017,0.013,-0.4,0.44,9.49,-0.33,0.38,-0.31,-0.22,0.05,9.8,0.0,0.0,0.0,0.0,0.0,5.0,1017.2,66.18,-18.27
2025-03-24 17:50:49.070000+00:00,,,,,355.5,-1.062,-0.125,23.22,-74.75,-3.25,-25.5,-0.003,0.017,0.013,-0.4,0.44,9.49,-0.33,0.38,-0.31,-0.22,0.05,9.8,0.0,0.0,0.0,0.0,0.0,5.0,1017.2,66.18,-18.27
2025-03-24 17:49:50.365000+00:00,,,,,355.5,-1.062,-0.125,23.22,-74.75,-3.25,-25.5,-0.003,0.017,0.013,-0.4,0.44,9.49,-0.33,0.38,-0.31,-0.22,0.05,9.8,0.0,0.0,0.0,0.0,0.0,5.0,1017.2,66.18,-18.27
2025-03-24 17:49:51.341000+00:00,,,,,355.5,-1.062,-0.125,23.22,-74.75,-3.25,-25.5,-0.003,0.017,0.013,-0.4,0.44,9.49,-0.33,0.38,-0.31,-0.22,0.05,9.8,0.0,0.0,0.0,0.0,0.0,5.0,1017.2,66.18,-18.27
2025-03-24 17:49:52.372000+00:00,,,,,355.5,-1.062,-0.125,23.22,-74.75,-3.25,-25.5,-0.003,0.017,0.013,-0.4,0.44,9.49,-0.33,0.38,-0.31,-0.22,0.05,9.8,0.0,0.0,0.0,0.0,0.0,5.0,1017.2,66.18,-18.27
2025-03-24 17:49:53.366000+00:00,,,,,355.5,-1.062,-0.125,23.22,-74.75,-3.25,-25.5,-0.003,0.017,0.013,-0.4,0.44,9.49,-0.33,0.38,-0.31,-0.22,0.05,9.8,0.0,0.0,0.0,0.0,0.0,5.0,1017.2,66.18,-18.27
2025-03-24 17:49:54.516000+00:00,,,,,355.5,-1.062,-0.125,23.22,-74.75,-3.25,-25.5,-0.003,0.017,0.013,-0.4,0.44,9.49,-0.33,0.38,-0.31,-0.22,0.05,9.8,0.0,0.0,0.0,0.0,0.0,5.0,1017.2,66.18,-18.27
2025-03-24 17:49:55.464000+00:00,,,,,355.5,-1.062,-0.125,23.22,-74.75,-3.25,-25.5,-0.003,0.017,0.013,-0.4,0.44,9.49,-0.33,0.38,-0.31,-0.22,0.05,9.8,0.0,0.0,0.0,0.0,0.0,5.0,1017.2,66.18,-18.27
2025-03-24 17:49:56.627000+00:00,,,,,355.5,-1.062,-0.125,23.22,-74.75,-3.25,-25.5,-0.003,0.017,0.013,-0.4,0.44,9.49,-0.33,0.38,-0.31,-0.22,0.05,9.8,0.0,0.0,0.0,0.0,0.0,5.0,1017.2,66.18,-18.27
2025-03-24 17:49:57.754000+00:00,,,,,355.5,-1.062,-0.125,23.22,-74.75,-3.25,-25.5,-0.003,0.017,0.013,-0.4,0.44,9.49,-0.33,0.38,-0.31,-0.22,0.05,9.8,0.0,0.0,0.0,0.0,0.0,5.0,1017.2,66.18,-18.27
2025-03-24 17:49:58.804000+00:00,,,,,355.5,-1.062,-0.125,23.22,-74.75,-3.25,-25.5,-0.003,0.017,0.013,-0.4,0.44,9.49,-0.33,0.38,-0.31,-0.22,0.05,9.8,0.0,0.0,0.0,0.0,0.0,5.0,1017.2,66.18,-18.27
2025-03-24 17:50:00.310000+00:00,,,,,355.5,-1.062,-0.125,23.22,-74.75,-3.25,-25.5,-0.003,0.017,0.013,-0.4,0.44,9.49,-0.33,0.38,-0.31,-0.22,0.05,9.8,0.0,0.0,0.0,0.0,0.0,5.0,1017.2,66.18,-18.27
2025-03-24 17:50:01.433000+00:00,,,,,355.5,-1.062,-0.125,23.22,-74.75,-3.25,-25.5,-0.003,0.017,0.013,-0.4,0.44,9.49,-0.33,0.38,-0.31,-0.22,0.05,9.8,0.0,0.0,0.0,0.0,0.0,5.0,1017.2,66.18,-18.27
2025-03-24 17:50:02.461000+00:00,,,,,355.5,-1.062,-0.125,23.22,-74.75,-3.25,-25.5,-0.003,0.017,0.013,-0.4,0.44,9.49,-0.33,0.38,-0.31,-0.22,0.05,9.8,0.0,0.0,0.0,0.0,0.0,5.0,1017.2,66.18,-18.27
2025-03-24 17:50:03.447000+00:00,,,,,355.5,-1.062,-0.125,23.22,-74.75,-3.25,-25.5,-0.003,0.017,0.013,-0.4,0.44,9.49,-0.33,0.38,-0.31,-0.22,0.05,9.8,0.0,0.0,0.0,0.0,0.0,5.0,1017.2,66.18,-18.27
2025-03-24 17:50:04.470000+00:00,,,,,355.5,-1.062,-0.125,23.22,-74.75,-3.25,-25.5,-0.003,0.017,0.013,-0.4,0.44,9.49,-0.33,0.38,-0.31,-0.22,0.05,9.8,0.0,0.0,0.0,0.0,0.0,5.0,1017.2,66.18,-18.27
2025-03-24 17:50:05.600000+00:00,,,,,355.5,-1.062,-0.125,23.22,-74.75,-3.25,-25.5,-0.003,0.017,0.013,-0.4,0.44,9.49,-0.33,0.38,-0.31,-0.22,0.05,9.8,0.0,0.0,0.0,0.0,0.0,5.0,1017.2,66.18,-18.27
2025-03-24 17:50:06.640000+00:00,,,,,355.5,-1.062,-0.125,23.22,-74.75,-3.25,-25.5,-0.003,0.017,0.013,-0.4,0.44,9.49,-0.33,0.38,-0.31,-0.22,0.05,9.8,0.0,0.0,0.0,0.0,0.0,5.0,1017.2,66.18,-18.27
2025-03-24 17:50:07.794000+00:00,,,,,355.5,-1.062,-0.125,23.22,-74.75,-3.25,-25.5,-0.003,0.017,0.013,-0.4,0.44,9.49,-0.33,0.38,-0.31,-0.22,0.05,9.8,0.0,0.0,0.0,0.0,0.0,5.0,1017.2,66.18,-18.27
2025-03-24 17:50:09.580000+00:00,,,,,355.5,-1.062,-0.125,23.22,-74.75,-3.25,-25.5,-0.003,0.017,0.013,-0.4,0.44,9.49,-0.33,0.38,-0.31,-0.22,0.05,9.8,0.0,0.0,0.0,0.0,0.0,5.0,1017.2,66.18,-18.27
2025-03-24 17:50:10.569000+00:00,,,,,355.5,-1.062,-0.125,23.22,-74.75,-3.25,-25.5,-0.003,0.017,0.013,-0.4,0.44,9.49,-0.33,0.38,-0.31,-0.22,0.05,9.8,0.0,0.0,0.0,0.0,0.0,5.0,1017.2,66.12,-18.27
2025-03-24 17:50:11.629000+00:00,,,,,355.5,-1.062,-0.125,23.22,-74.75,-3.25,-25.5,-0.003,0.017,0.013,-0.4,0.44,9.49,-0.33,0.38,-0.31,-0.22,0.05,9.8,0.0,0.0,0.0,0.0,0.0,5.0,1017.2,66.12,-18.27
2025-03-24 17:50:12.559000+00:00,,,,,355.5,-1.062,-0.125,23.22,-74.75,-3.25,-25.5,-0.003,0.017,0.013,-0.4,0.44,9.49,-0.33,0.38,-0.31,-0.22,0.05,9.8,0.0,0.0,0.0,0.0,0.0,5.0,1017.2,66.12,-18.27
2025-03-24 17:50:13.696000+00:00,,,,,355.5,-1.062,-0.125,23.22,-74.75,-3.25,-25.5,-0.003,0.017,0.013,-0.4,0.44,9.49,-0.33,0.38,-0.31,-0.22,0.05,9.8,0.0,0.0,0.0,0.0,0.0,5.0,1017.2,66.12,-18.27
2025-03-24 17:50:14.848000+00:00,,,,,355.5,-1.062,-0.125,23.22,-74.75,-3.25,-25.5,-0.003,0.017,0.013,-0.4,0.44,9.49,-0.33,0.38,-0.31,-0.22,0.05,9.8,0.0,0.0,0.0,0.0,0.0,5.0,1017.2,66.12,-18.27
2025-03-24 17:50:16.007000+00:00,,,,,355.5,-1.062,-0.125,23.22,-74.75,-3.25,-25.5,-0.003,0.017,0.013,-0.4,0.44,9.49,-0.33,0.38,-0.31,-0.22,0.05,9.8,0.0,0.0,0.0,0.0,0.0,5.0,1017.2,66.12,-18.27
2025-03-24 17:50:17.629000+00:00,,,,,355.5,-1.062,-0.125,23.22,-74.75,-3.25,-25.5,-0.003,0.017,0.013,-0.4,0.44,9.49,-0.33,0.38,-0.31,-0.22,0.05,9.8,0.0,0.0,0.0,0.0,0.0,5.0,1017.2,66.12,-18.27
2025-03-24 17:50:18.609000+00:00,,,,,355.5,-1.062,-0.125,23.22,-74.75,-3.25,-25.5,-0.003,0.017,0.013,-0.4,0.44,9.49,-0.33,0.38,-0.31,-0.22,0.05,9.8,0.0,0.0,0.0,0.0,0.0,5.0,1017.2,66.12,-18.27
2025-03-24 17:50:19.638000+00:00,,,,,355.5,-1.062,-0.125,23.22,-74.75,-3.25,-25.5,-0.003,0.017,0.013,-0.4,0.44,9.49,-0.33,0.38,-0.31,-0.22,0.05,9.8,0.0,0.0,0.0,0.0,0.0,5.0,1017.2,66.12,-18.27
2025-03-24 17:50:20.669000+00:00,,,,,355.5,-1.062,-0.125,23.22,-74.75,-3.25,-25.5,-0.003,0.017,0.013,-0.4,0.44,9.49,-0.33,0.38,-0.31,-0.22,0.05,9.8,0.0,0.0,0.0,0.0,0.0,5.0,1017.2,66.12,-18.27
2025-03-24 17:50:21.748000+00:00,,,,,355.5,-1.062,-0.125,23.22,-74.75,-3.25,-25.5,-0.003,0.017,0.013,-0.4,0.44,9.49,-0.33,0.38,-0.31,-0.22,0.05,9.8,0.0,0.0,0.0,0.0,0.0,5.0,1017.2,66.12,-18.27
2025-03-24 17:50:22.883000+00:00,,,,,355.5,-1.062,-0.125,23.22,-74.75,-3.25,-25.5,-0.003,0.017,0.013,-0.4,0.44,9.49,-0.33,0.38,-0.31,-0.22,0.05,9.8,0.0,0.0,0.0,0.0,0.0,5.0,1017.2,66.12,-18.27
2025-03-24 17:50:24.012000+00:00,,,,,355.5,-1.062,-0.125,23.22,-74.75,-3.25,-25.5,-0.003,0.017,0.013,-0.4,0.44,9.49,-0.33,0.38,-0.31,-0.22,0.05,9.8,0.0,0.0,0.0,0.0,0.0,5.0,1017.2,66.12,-18.27
2025-03-24 17:50:24.969000+00:00,,,,,355.5,-1.062,-0.125,23.22,-74.75,-3.25,-25.5,-0.003,0.017,0.013,-0.4,0.44,9.49,-0.33,0.38,-0.31,-0.22,0.05,9.8,0.0,0.0,0.0,0.0,0.0,5.0,1017.2,66.12,-18.27
2025-03-24 17:50:26.108000+00:00,,,,,355.5,-1.062,-0.125,23.22,-74.75,-3.25,-25.5,-0.003,0.017,0.013,-0.4,0.44,9.49,-0.33,0.38,-0.31,-0.22,0.05,9.8,0.0,0.0,0.0,0.0,0.0,5.0,1017.2,66.12,-18.27
2025-03-24 17:50:27.143000+00:00,,,,,355.5,-1.062,-0.125,23.22,-74.75,-3.25,-25.5,-0.003,0.017,0.013,-0.4,0.44,9.49,-0.33,0.38,-0.31,-0.22,0.05,9.8,0.0,0.0,0.0,0.0,0.0,5.0,1017.2,66.12,-18.27
2025-03-24 17:50:28.738000+00:00,,,,,355.5,-1.062,-0.125,23.22,-74.75,-3.25,-25.5,-0.003,0.017,0.013,-0.4,0.44,9.49,-0.33,0.38,-0.31,-0.22,0.05,9.8,0.0,0.0,0.0,0.0,0.0,5.0,1017.2,66.12,-18.27
2025-03-24 17:50:29.752000+00:00,,,,,355.5,-1.062,-0.125,23.22,-74.75,-3.25,-25.5,-0.003,0.017,0.013,-0.4,0.44,9.49,-0.33,0.38,-0.31,-0.22,0.05,9.8,0.0,0.0,0.0,0.0,0.0,5.0,1017.2,66.12,-18.27
2025-03-24 17:50:30.785000+00:00,,,,,355.5,-1.062,-0.125,23.22,-74.75,-3.25,-25.5,-0.003,0.017,0.013,-0.4,0.44,9.49,-0.33,0.38,-0.31,-0.22,0.05,9.8,0.0,0.0,0.0,0.0,0.0,5.0,1017.2,66.12,-18.27
2025-03-24 17:50:31.748000+00:00,,,,,355.5,-1.062,-0.125,23.22,-74.75,-3.25,-25.5,-0.003,0.017,0.013,-0.4,0.44,9.49,-0.33,0.38,-0.31,-0.22,0.05,9.8,0.0,0.0,0.0,0.0,0.0,5.0,1017.2,66.12,-18.27
2025-03-24 17:50:32.878000+00:00,,,,,355.5,-1.062,-0.125,23.22,-74.75,-3.25,-25.5,-0.003,0.017,0.013,-0.4,0.44,9.49,-0.33,0.38,-0.31,-0.22,0.05,9.8,0.0,0.0,0.0,0.0,0.0,5.0,1017.2,66.12,-18.27
2025-03-24 17:50:34.028000+00:00,,,,,355.5,-1.062,-0.125,23.22,-74.75,-3.25,-25.5,-0.003,0.017,0.013,-0.4,0.44,9.49,-0.33,0.38,-0.31,-0.22,0.05,9.8,0.0,0.0,0.0,0.0,0.0,5.0,1017.2,66.12,-18.27
2025-03-24 17:50:34.974000+00:00,,,,,355.5,-1.062,-0.125,23.22,-74.75,-3.25,-25.5,-0.003,0.017,0.013,-0.4,0.44,9.49,-0.33,0.38,-0.31,-0.22,0.05,9.8,0.0,0.0,0.0,0.0,0.0,5.0,1017.2,66.12,-18.27
2025-03-24 17:50:36.111000+00:00,,,,,355.5,-1.062,-0.125,23.22,-74.75,-3.25,-25.5,-0.003,0.017,0.013,-0.4,0.44,9.49,-0.33,0.38,-0.31,-0.22,0.05,9.8,0.0,0.0,0.0,0.0,0.0,5.0,1017.2,66.12,-18.27
2025-03-24 17:50:37.412000+00:00,,,,,355.5,-1.062,-0.125,23.22,-74.75,-3.25,-25.5,-0.003,0.017,0.013,-0.4,0.44,9.49,-0.33,0.38,-0.31,-0.22,0.05,9.8,0.0,0.0,0.0,0.0,0.0,5.0,1017.2,66.12,-18.27
2025-03-24 17:50:38.783000+00:00,,,,,355.5,-1.062,-0.125,23.22,-74.75,-3.25,-25.5,-0.003,0.017,0.013,-0.4,0.44,9.49,-0.33,0.38,-0.31,-0.22,0.05,9.8,0.0,0.0,0.0,0.0,0.0,5.0,1017.2,66.12,-18.27
2025-03-24 17:50:39.837000+00:00,,,,,355.5,-1.062,-0.125,23.22,-74.75,-3.25,-25.5,-0.003,0.017,0.013,-0.4,0.44,9.49,-0.33,0.38,-0.31,-0.22,0.05,9.8,0.0,0.0,0.0,0.0,0.0,5.0,1017.2,66.11,-18.27
2025-03-24 17:50:40.981000+00:00,,,,,355.5,-1.062,-0.125,23.22,-74.75,-3.25,-25.5,-0.003,0.017,0.013,-0.4,0.44,9.49,-0.33,0.38,-0.31,-0.22,0.05,9.8,0.0,0.0,0.0,0.0,0.0,5.0,1017.2,66.11,-18.27
2025-03-24 17:50:42.141000+00:00,,,,,355.5,-1.062,-0.125,23.22,-74.75,-3.25,-25.5,-0.003,0.017,0.013,-0.4,0.44,9.49,-0.33,0.38,-0.31,-0.22,0.05,9.8,0.0,0.0,0.0,0.0,0.0,5.0,1017.2,66.11,-18.27
2025-03-24 17:50:43.407000+00:00,,,,,355.5,-1.062,-0.125,23.22,-74.75,-3.25,-25.5,-0.003,0.017,0.013,-0.4,0.44,9.49,-0.33,0.38,-0.31,-0.22,0.05,9.8,0.0,0.0,0.0,0.0,0.0,5.0,1017.2,66.11,-18.27
2025-03-24 17:50:44.826000+00:00,,,,,355.5,-1.062,-0.125,23.22,-74.75,-3.25,-25.5,-0.003,0.017,0.013,-0.4,0.44,9.49,-0.33,0.38,-0.31,-0.22,0.05,9.8,0.0,0.0,0.0,0.0,0.0,5.0,1017.2,66.11,-18.27
2025-03-24 17:50:45.790000+00:00,,,,,355.5,-1.062,-0.125,23.22,-74.75,-3.25,-25.5,-0.003,0.017,0.013,-0.4,0.44,9.49,-0.33,0.38,-0.31,-0.22,0.05,9.8,0.0,0.0,0.0,0.0,0.0,5.0,1017.2,66.11,-18.27
2025-03-24 17:50:46.807000+00:00,,,,,355.5,-1.062,-0.125,23.22,-74.75,-3.25,-25.5,-0.003,0.017,0.013,-0.4,0.44,9.49,-0.33,0.38,-0.31,-0.22,0.05,9.8,0.0,0.0,0.0,0.0,0.0,5.0,1017.2,66.11,-18.27
2025-03-24 17:50:47.860000+00:00,,,,,355.5,-1.062,-0.125,23.22,-74.75,-3.25,-25.5,-0.003,0.017,0.013,-0.4,0.44,9.49,-0.33,0.38,-0.31,-0.22,0.05,9.8,0.0,0.0,0.0,0.0,0.0,5.0,1017.2,66.11,-18.27
2025-03-24 17:50:49.021000+00:00,,,,,355.5,-1.062,-0.125,23.22,-74.75,-3.25,-25.5,-0.003,0.017,0.013,-0.4,0.44,9.49,-0.33,0.38,-0.31,-0.22,0.05,9.8,0.0,0.0,0.0,0.0,0.0,5.0,1017.2,66.11,-18.27
2025-03-24 17:49:49.431000+00:00,,,,,355.5,-1.062,-0.125,23.22,-74.75,-3.25,-25.5,-0.003,0.017,0.013,-0.4,0.44,9.49,-0.33,0.38,-0.31,-0.22,0.05,9.8,0.0,0.0,0.0,0.0,0.0,5.0,1017.2,66.11,-18.27
2025-03-24 17:49:50.471000+00:00,,,,,355.5,-1.062,-0.125,23.22,-74.75,-3.25,-25.5,-0.003,0.017,0.013,-0.4,0.44,9.49,-0.33,0.38,-0.31,-0.22,0.05,9.8,0.0,0.0,0.0,0.0,0.0,5.0,1017.2,66.11,-18.27
2025-03-24 17:49:51.461000+00:00,,,,,355.5,-1.062,-0.125,23.22,-74.75,-3.25,-25.5,-0.003,0.017,0.013,-0.4,0.44,9.49,-0.33,0.38,-0.31,-0.22,0.05,9.8,0.0,0.0,0.0,0.0,0.0,5.0,1017.2,66.11,-18.27
2025-03-24 17:49:52.481000+00:00,,,,,355.5,-1.062,-0.125,23.22,-74.75,-3.25,-25.5,-0.003,0.017,0.013,-0.4,0.44,9.49,-0.33,0.38,-0.31,-0.22,0.05,9.8,0.0,0.0,0.0,0.0,0.0,5.0,1017.2,66.11,-18.27
2025-03-24 17:49:53.465000+00:00,,,,,355.5,-1.062,-0.125,23.22,-74.75,-3.25,-25.5,-0.003,0.017,0.013,-0.4,0.44,9.49,-0.33,0.38,-0.31,-0.22,0.05,9.8,0.0,0.0,0.0,0.0,0.0,5.0,1017.2,66.11,-18.27
2025-03-24 17:49:54.616000+00:00,,,,,355.5,-1.062,-0.125,23.22,-74.75,-3.25,-25.5,-0.003,0.017,0.013,-0.4,0.44,9.49,-0.33,0.38,-0.31,-0.22,0.05,9.8,0.0,0.0,0.0,0.0,0.0,5.0,1017.2,66.11,-18.27
2025-03-24 17:49:55.576000+00:00,,,,,355.5,-1.062,-0.125,23.22,-74.75,-3.25,-25.5,-0.003,0.017,0.013,-0.4,0.44,9.49,-0.33,0.38,-0.31,-0.22,0.05,9.8,0.0,0.0,0.0,0.0,0.0,5.0,1017.2,66.11,-18.27
2025-03-24 17:49:56.734000+00:00,,,,,355.5,-1.062,-0.125,23.22,-74.75,-3.25,-25.5,-0.003,0.017,0.013,-0.4,0.44,9.49,-0.33,0.38,-0.31,-0.22,0.05,9.8,0.0,0.0,0.0,0.0,0.0,5.0,1017.2,66.11,-18.27
2025-03-24 17:49:57.854000+00:00,,,,,355.5,-1.062,-0.125,23.22,-74.75,-3.25,-25.5,-0.003,0.017,0.013,-0.4,0.44,9.49,-0.33,0.38,-0.31,-0.22,0.05,9.8,0.0,0.0,0.0,0.0,0.0,5.0,1017.2,66.11,-18.27
2025-03-24 17:49:58.904000+00:00,,,,,355.5,-1.062,-0.125,23.22,-74.75,-3.25,-25.5,-0.003,0.017,0.013,-0.4,0.44,9.49,-0.33,0.38,-0.31,-0.22,0.05,9.8,0.0,0.0,0.0,0.0,0.0,5.0,1017.2,66.11,-18.27
2025-03-24 17:50:00.417000+00:00,,,,,355.5,-1.062,-0.125,23.22,-74.75,-3.25,-25.5,-0.003,0.017,0.013,-0.4,0.44,9.49,-0.33,0.38,-0.31,-0.22,0.05,9.8,0.0,0.0,0.0,0.0,0.0,5.0,1017.2,66.11,-18.27
2025-03-24 17:50:01.534000+00:00,,,,,355.5,-1.062,-0.125,23.22,-74.75,-3.25,-25.5,-0.003,0.017,0.013,-0.4,0.44,9.49,-0.33,0.38,-0.31,-0.22,0.05,9.8,0.0,0.0,0.0,0.0,0.0,5.0,1017.2,66.11,-18.27
2025-03-24 17:50:02.580000+00:00,,,,,355.5,-1.062,-0.125,23.22,-74.75,-3.25,-25.5,-0.003,0.017,0.013,-0.4,0.44,9.49,-0.33,0.38,-0.31,-0.22,0.05,9.8,0.0,0.0,0.0,0.0,0.0,5.0,1017.2,66.11,-18.27
2025-03-24 17:50:03.544000+00:00,,,,,355.5,-1.062,-0.125,23.22,-74.75,-3.25,-25.5,-0.003,0.017,0.013,-0.4,0.44,9.49,-0.33,0.38,-0.31,-0.22,0.05,9.8,0.0,0.0,0.0,0.0,0.0,5.0,1017.2,66.11,-18.27
2025-03-24 17:50:04.578000+00:00,,,,,355.5,-1.062,-0.125,23.22,-74.75,-3.25,-25.5,-0.003,0.017,0.013,-0.4,0.44,9.49,-0.33,0.38,-0.31,-0.22,0.05,9.8,0.0,0.0,0.0,0.0,0.0,5.0,1017.2,66.11,-18.27
2025-03-24 17:50:05.723000+00:00,,,,,355.5,-1.062,-0.125,23.22,-74.75,-3.25,-25.5,-0.003,0.017,0.013,-0.4,0.44,9.49,-0.33,0.38,-0.31,-0.22,0.05,9.8,0.0,0.0,0.0,0.0,0.0,5.0,1017.2,66.11,-18.27
2025-03-24 17:50:06.743000+00:00,,,,,355.5,-1.062,-0.125,23.22,-74.75,-3.25,-25.5,-0.003,0.017,0.013,-0.4,0.44,9.49,-0.33,0.38,-0.31,-0.22,0.05,9.8,0.0,0.0,0.0,0.0,0.0,5.0,1017.2,66.11,-18.27
2025-03-24 17:50:07.919000+00:00,,,,,355.5,-1.062,-0.125,23.22,-74.75,-3.25,-25.5,-0.003,0.017,0.013,-0.4,0.44,9.49,-0.33,0.38,-0.31,-0.22,0.05,9.8,0.0,0.0,0.0,0.0,0.0,5.0,1017.2,66.11,-18.27
2025-03-24 17:50:09.700000+00:00,,,,,355.5,-1.062,-0.125,23.22,-74.75,-3.25,-25.5,-0.003,0.017,0.013,-0.4,0.44,9.49,-0.33,0.38,-0.31,-0.22,0.05,9.8,0.0,0.0,0.0,0.0,0.0,5.0,1017.2,66.11,-18.27
2025-03-24 17:50:10.684000+00:00,,,,,355.5,-1.062,-0.125,23.22,-74.75,-3.25,-25.5,-0.003,0.017,0.013,-0.4,0.44,9.49,-0.33,0.38,-0.31,-0.22,0.05,9.8,0.0,0.0,0.0,0.0,0.0,5.0,1017.2,66.11,-18.53
2025-03-24 17:50:11.745000+00:00,,,,,355.5,-1.062,-0.125,23.22,-74.75,-3.25,-25.5,-0.003,0.017,0.013,-0.4,0.44,9.49,-0.33,0.38,-0.31,-0.22,0.05,9.8,0.0,0.0,0.0,0.0,0.0,5.0,1017.2,66.11,-18.53
2025-03-24 17:50:12.679000+00:00,,,,,355.5,-1.062,-0.125,23.22,-74.75,-3.25,-25.5,-0.003,0.017,0.013,-0.4,0.44,9.49,-0.33,0.38,-0.31,-0.22,0.05,9.8,0.0,0.0,0.0,0.0,0.0,5.0,1017.2,66.11,-18.53
2025-03-24 17:50:13.793000+00:00,,,,,355.5,-1.062,-0.125,23.22,-74.75,-3.25,-25.5,-0.003,0.017,0.013,-0.4,0.44,9.49,-0.33,0.38,-0.31,-0.22,0.05,9.8,0.0,0.0,0.0,0.0,0.0,5.0,1017.2,66.11,-18.53
2025-03-24 17:50:14.942000+00:00,,,,,355.5,-1.062,-0.125,23.22,-74.75,-3.25,-25.5,-0.003,0.017,0.013,-0.4,0.44,9.49,-0.33,0.38,-0.31,-0.22,0.05,9.8,0.0,0.0,0.0,0.0,0.0,5.0,1017.2,66.11,-18.53
2025-03-24 17:50:16.103000+00:00,,,,,355.5,-1.062,-0.125,23.22,-74.75,-3.25,-25.5,-0.003,0.017,0.013,-0.4,0.44,9.49,-0.33,0.38,-0.31,-0.22,0.05,9.8,0.0,0.0,0.0,0.0,0.0,5.0,1017.2,66.11,-18.53
2025-03-24 17:50:17.747000+00:00,,,,,355.5,-1.062,-0.125,23.22,-74.75,-3.25,-25.5,-0.003,0.017,0.013,-0.4,0.44,9.49,-0.33,0.38,-0.31,-0.22,0.05,9.8,0.0,0.0,0.0,0.0,0.0,5.0,1017.2,66.11,-18.53
2025-03-24 17:50:18.729000+00:00,,,,,355.5,-1.062,-0.125,23.22,-74.75,-3.25,-25.5,-0.003,0.017,0.013,-0.4,0.44,9.49,-0.33,0.38,-0.31,-0.22,0.05,9.8,0.0,0.0,0.0,0.0,0.0,5.0,1017.2,66.11,-18.53
2025-03-24 17:50:19.758000+00:00,,,,,355.5,-1.062,-0.125,23.22,-74.75,-3.25,-25.5,-0.003,0.017,0.013,-0.4,0.44,9.49,-0.33,0.38,-0.31,-0.22,0.05,9.8,0.0,0.0,0.0,0.0,0.0,5.0,1017.2,66.11,-18.53
2025-03-24 17:50:20.789000+00:00,,,,,355.5,-1.062,-0.125,23.22,-74.75,-3.25,-25.5,-0.003,0.017,0.013,-0.4,0.44,9.49,-0.33,0.38,-0.31,-0.22,0.05,9.8,0.0,0.0,0.0,0.0,0.0,5.0,1017.2,66.11,-18.53
2025-03-24 17:50:21.852000+00:00,,,,,355.5,-1.062,-0.125,23.22,-74.75,-3.25,-25.5,-0.003,0.017,0.013,-0.4,0.44,9.49,-0.33,0.38,-0.31,-0.22,0.05,9.8,0.0,0.0,0.0,0.0,0.0,5.0,1017.2,66.11,-18.53
2025-03-24 17:50:22.992000+00:00,,,,,355.5,-1.062,-0.125,23.22,-74.75,-3.25,-25.5,-0.003,0.017,0.013,-0.4,0.44,9.49,-0.33,0.38,-0.31,-0.22,0.05,9.8,0.0,0.0,0.0,0.0,0.0,5.0,1017.2,66.11,-18.53
2025-03-24 17:50:24.112000+00:00,,,,,355.5,-1.062,-0.125,23.22,-74.75,-3.25,-25.5,-0.003,0.017,0.013,-0.4,0.44,9.49,-0.33,0.38,-0.31,-0.22,0.05,9.8,0.0,0.0,0.0,0.0,0.0,5.0,1017.2,66.11,-18.53
2025-03-24 17:50:25.082000+00:00,,,,,355.5,-1.062,-0.125,23.22,-74.75,-3.25,-25.5,-0.003,0.017,0.013,-0.4,0.44,9.49,-0.33,0.38,-0.31,-0.22,0.05,9.8,0.0,0.0,0.0,0.0,0.0,5.0,1017.2,66.11,-18.53
2025-03-24 17:50:26.212000+00:00,,,,,355.5,-1.062,-0.125,23.22,-74.75,-3.25,-25.5,-0.003,0.017,0.013,-0.4,0.44,9.49,-0.33,0.38,-0.31,-0.22,0.05,9.8,0.0,0.0,0.0,0.0,0.0,5.0,1017.2,66.11,-18.53
2025-03-24 17:50:27.258000+00:00,,,,,355.5,-1.062,-0.125,23.22,-74.75,-3.25,-25.5,-0.003,0.017,0.013,-0.4,0.44,9.49,-0.33,0.38,-0.31,-0.22,0.05,9.8,0.0,0.0,0.0,0.0,0.0,5.0,1017.2,66.11,-18.53
2025-03-24 17:50:28.844000+00:00,,,,,355.5,-1.062,-0.125,23.22,-74.75,-3.25,-25.5,-0.003,0.017,0.013,-0.4,0.44,9.49,-0.33,0.38,-0.31,-0.22,0.05,9.8,0.0,0.0,0.0,0.0,0.0,5.0,1017.2,66.11,-18.53
2025-03-24 17:50:29.868000+00:00,,,,,355.5,-1.062,-0.125,23.22,-74.75,-3.25,-25.5,-0.003,0.017,0.013,-0.4,0.44,9.49,-0.33,0.38,-0.31,-0.22,0.05,9.8,0.0,0.0,0.0,0.0,0.0,5.0,1017.2,66.11,-18.53
2025-03-24 17:50:30.881000+00:00,,,,,355.5,-1.062,-0.125,23.22,-74.75,-3.25,-25.5,-0.003,0.017,0.013,-0.4,0.44,9.49,-0.33,0.38,-0.31,-0.22,0.05,9.8,0.0,0.0,0.0,0.0,0.0,5.0,1017.2,66.11,-18.53
2025-03-24 17:50:31.853000+00:00,,,,,355.5,-1.062,-0.125,23.22,-74.75,-3.25,-25.5,-0.003,0.017,0.013,-0.4,0.44,9.49,-0.33,0.38,-0.31,-0.22,0.05,9.8,0.0,0.0,0.0,0.0,0.0,5.0,1017.2,66.11,-18.53
2025-03-24 17:50:33.002000+00:00,,,,,355.5,-1.062,-0.125,23.22,-74.75,-3.25,-25.5,-0.003,0.017,0.013,-0.4,0.44,9.49,-0.33,0.38,-0.31,-0.22,0.05,9.8,0.0,0.0,0.0,0.0,0.0,5.0,1017.2,66.11,-18.53
2025-03-24 17:50:34.141000+00:00,,,,,355.5,-1.062,-0.125,23.22,-74.75,-3.25,-25.5,-0.003,0.017,0.013,-0.4,0.44,9.49,-0.33,0.38,-0.31,-0.22,0.05,9.8,0.0,0.0,0.0,0.0,0.0,5.0,1017.2,66.11,-18.53
2025-03-24 17:50:35.087000+00:00,,,,,355.5,-1.062,-0.125,23.22,-74.75,-3.25,-25.5,-0.003,0.017,0.013,-0.4,0.44,9.49,-0.33,0.38,-0.31,-0.22,0.05,9.8,0.0,0.0,0.0,0.0,0.0,5.0,1017.2,66.11,-18.53
2025-03-24 17:50:36.228000+00:00,,,,,355.5,-1.062,-0.125,23.22,-74.75,-3.25,-25.5,-0.003,0.017,0.013,-0.4,0.44,9.49,-0.33,0.38,-0.31,-0.22,0.05,9.8,0.0,0.0,0.0,0.0,0.0,5.0,1017.2,66.11,-18.53
2025-03-24 17:50:37.522000+00:00,,,,,355.5,-1.062,-0.125,23.22,-74.75,-3.25,-25.5,-0.003,0.017,0.013,-0.4,0.44,9.49,-0.33,0.38,-0.31,-0.22,0.05,9.8,0.0,0.0,0.0,0.0,0.0,5.0,1017.2,66.11,-18.53
2025-03-24 17:50:38.892000+00:00,,,,,355.5,-1.062,-0.125,23.22,-74.75,-3.25,-25.5,-0.003,0.017,0.013,-0.4,0.44,9.49,-0.33,0.38,-0.31,-0.22,0.05,9.8,0.0,0.0,0.0,0.0,0.0,5.0,1017.2,66.11,-18.53
2025-03-24 17:50:39.955000+00:00,,,,,355.5,-1.062,-0.125,23.22,-74.75,-3.25,-25.5,-0.003,0.017,0.013,-0.4,0.44,9.49,-0.33,0.38,-0.31,-0.22,0.05,9.8,0.0,0.0,0.0,0.0,0.0,5.0,1017.2,66.11,-18.13
2025-03-24 17:50:41.081000+00:00,,,,,355.5,-1.062,-0.125,23.22,-74.75,-3.25,-25.5,-0.003,0.017,0.013,-0.4,0.44,9.49,-0.33,0.38,-0.31,-0.22,0.05,9.8,0.0,0.0,0.0,0.0,0.0,5.0,1017.2,66.11,-18.13
2025-03-24 17:50:42.240000+00:00,,,,,355.5,-1.062,-0.125,23.22,-74.75,-3.25,-25.5,-0.003,0.017,0.013,-0.4,0.44,9.49,-0.33,0.38,-0.31,-0.22,0.05,9.8,0.0,0.0,0.0,0.0,0.0,5.0,1017.2,66.11,-18.13
2025-03-24 17:50:43.511000+00:00,,,,,355.5,-1.062,-0.125,23.22,-74.75,-3.25,-25.5,-0.003,0.017,0.013,-0.4,0.44,9.49,-0.33,0.38,-0.31,-0.22,0.05,9.8,0.0,0.0,0.0,0.0,0.0,5.0,1017.2,66.11,-18.13
2025-03-24 17:50:44.952000+00:00,,,,,355.5,-1.062,-0.125,23.22,-74.75,-3.25,-25.5,-0.003,0.017,0.013,-0.4,0.44,9.49,-0.33,0.38,-0.31,-0.22,0.05,9.8,0.0,0.0,0.0,0.0,0.0,5.0,1017.2,66.11,-18.13
2025-03-24 17:50:45.890000+00:00,,,,,355.5,-1.062,-0.125,23.22,-74.75,-3.25,-25.5,-0.003,0.017,0.013,-0.4,0.44,9.49,-0.33,0.38,-0.31,-0.22,0.05,9.8,0.0,0.0,0.0,0.0,0.0,5.0,1017.2,66.11,-18.13
2025-03-24 17:50:46.920000+00:00,,,,,355.5,-1.062,-0.125,23.22,-74.75,-3.25,-25.5,-0.003,0.017,0.013,-0.4,0.44,9.49,-0.33,0.38,-0.31,-0.22,0.05,9.8,0.0,0.0,0.0,0.0,0.0,5.0,1017.2,66.11,-18.13
2025-03-24 17:50:47.977000+00:00,,,,,355.5,-1.062,-0.125,23.22,-74.75,-3.25,-25.5,-0.003,0.017,0.013,-0.4,0.44,9.49,-0.33,0.38,-0.31,-0.22,0.05,9.8,0.0,0.0,0.0,0.0,0.0,5.0,1017.2,66.11,-18.13
2025-03-24 17:50:49.120000+00:00,,,,,355.5,-1.062,-0.125,23.22,-74.75,-3.25,-25.5,-0.003,0.017,0.013,-0.4,0.44,9.49,-0.33,0.38,-0.31,-0.22,0.05,9.8,0.0,0.0,0.0,0.0,0.0,5.0,1017.2,66.11,-18.13
